captured_date,market,market_name,chart,period_suffix,rank,image_url,video_url,primary_name,secondary_name,release_date,metric_value,raw_text
2026-09-19,global,Global,top_videos_weekly,,1,https://i.ytimg.com/vi/FyS5dAywkEo/mqdefault.jpg,https://www.youtube.com/watch?v=FyS5dAywkEo,SaWaDiKa (Official Music Video),LISA,,,SaWaDiKa (Official Music Video) LISA
2026-09-19,global,Global,top_videos_weekly,,2,https://i.ytimg.com/vi/fcnDmrtj6Sk/mqdefault.jpg,https://www.youtube.com/watch?v=fcnDmrtj6Sk,Dai Dai,Shakira / Burna Boy,,,Dai Dai Shakira & Burna Boy
2026-09-19,global,Global,top_videos_weekly,,3,https://i.ytimg.com/vi/sf02ugzPFE4/mqdefault.jpg,https://www.youtube.com/watch?v=sf02ugzPFE4,CLICK,JISOO,"9月 3, 2026",30988340,"3 New CLICK JISOO 9月 3, 2026 - 1 30,988,340"
2026-09-19,global,Global,top_videos_weekly,,4,https://i.ytimg.com/vi/JqFzhcWo3EU/mqdefault.jpg,https://www.youtube.com/watch?v=JqFzhcWo3EU,"Yeshanagula (From ""The Paradise"") (Telugu)",Jangi Reddy / Singer Prabha / 希厄姆·卡莎拉 / Anirudh Ravichander,,,"Yeshanagula (From ""The Paradise"") (Telugu) Jangi Reddy , Singer Prabha , 希厄姆·卡莎拉 & Anirudh Ravichander"
2026-09-19,global,Global,top_videos_weekly,,5,https://i.ytimg.com/vi/vSA7yMrTETg/mqdefault.jpg,https://www.youtube.com/watch?v=vSA7yMrTETg,Xamdam Sobirov - Peshta / Хамдам Собиров - Пешта / Video Klip,Xamdam Sobirov,,,Xamdam Sobirov - Peshta / Хамдам Собиров - Пешта / Video Klip Xamdam Sobirov
2026-09-19,global,Global,top_videos_weekly,,6,https://i.ytimg.com/vi/xvT1jH8B9AM/mqdefault.jpg,https://www.youtube.com/watch?v=xvT1jH8B9AM,KALYANI (Remix),ARJN / KDS / FIFTY4 / 舒蕾亞·戈沙爾,,,"KALYANI (Remix) ARJN , KDS , FIFTY4 & 舒蕾亞·戈沙爾"
2026-09-19,global,Global,top_videos_weekly,,7,https://i.ytimg.com/vi/s2HYl12gmOY/mqdefault.jpg,https://www.youtube.com/watch?v=s2HYl12gmOY,Parvati,Sadhu Tiwari,,,Parvati Sadhu Tiwari
2026-09-19,global,Global,top_videos_weekly,,8,https://i.ytimg.com/vi/yebNIHKAC4A/mqdefault.jpg,https://www.youtube.com/watch?v=yebNIHKAC4A,Golden,HUNTR/X / EJAE / AUDREY NUNA / REI AMI / KPop Demon Hunters Cast,,,"Golden HUNTR/X , EJAE , AUDREY NUNA , REI AMI & KPop Demon Hunters Cast"
2026-09-19,global,Global,top_videos_weekly,,9,https://i.ytimg.com/vi/A_RV2H2F9jw/mqdefault.jpg,https://www.youtube.com/watch?v=A_RV2H2F9jw,Basinga Balaalu,Srinidhi Nerella / Kalyan Keys / Swamy Naresh,,,"Basinga Balaalu Srinidhi Nerella , Kalyan Keys & Swamy Naresh"
2026-09-19,global,Global,top_videos_weekly,,10,https://i.ytimg.com/vi/is8UDe2PhKQ/mqdefault.jpg,https://www.youtube.com/watch?v=is8UDe2PhKQ,KATSEYE (캣츠아이) 'Hootie Frutti' Official MV,KATSEYE,,,KATSEYE (캣츠아이) 'Hootie Frutti' Official MV KATSEYE
2026-09-19,global,Global,top_videos_weekly,,11,https://i.ytimg.com/vi/u9BdaJTWeiw/mqdefault.jpg,https://www.youtube.com/watch?v=u9BdaJTWeiw,Barbaadi,Shilpi Raj,,,Barbaadi Shilpi Raj
2026-09-19,global,Global,top_videos_weekly,,12,https://i.ytimg.com/vi/YyepU5ztLf4/mqdefault.jpg,https://www.youtube.com/watch?v=YyepU5ztLf4,Shararat,Madhubanti Bagchi / 雅斯文·桑德拉斯 / 沙赫瓦特·薩赫迪夫,,,"Shararat Madhubanti Bagchi , 雅斯文·桑德拉斯 & 沙赫瓦特·薩赫迪夫"
2026-09-19,global,Global,top_videos_weekly,,13,https://i.ytimg.com/vi/6rvUyBiBtik/mqdefault.jpg,https://www.youtube.com/watch?v=6rvUyBiBtik,Tera Mera Rishta,Sayeed Quadri / Mustafa Zahid / Pritam,,,"Tera Mera Rishta Sayeed Quadri , Mustafa Zahid & Pritam"
2026-09-19,global,Global,top_videos_weekly,,14,https://i.ytimg.com/vi/fRIhCiUVaKs/mqdefault.jpg,https://www.youtube.com/watch?v=fRIhCiUVaKs,BbY WOW (Visualizer),Judeline / rusowsky,,,BbY WOW (Visualizer) Judeline & rusowsky
2026-09-19,global,Global,top_videos_weekly,,15,https://i.ytimg.com/vi/3DcoC8p9az8/mqdefault.jpg,https://www.youtube.com/watch?v=3DcoC8p9az8,Training Season (Live),Dua Lipa,,,Training Season (Live) Dua Lipa
2026-09-19,global,Global,top_videos_weekly,,16,https://i.ytimg.com/vi/ebZj_nrmH-c/mqdefault.jpg,https://www.youtube.com/watch?v=ebZj_nrmH-c,Barsaat,Banjaare / Roni,,,Barsaat Banjaare & Roni
2026-09-19,global,Global,top_videos_weekly,,17,https://i.ytimg.com/vi/5Y3a06rJjoU/mqdefault.jpg,https://www.youtube.com/watch?v=5Y3a06rJjoU,Garee2a Awy (Live),TUL8TE,,,Garee2a Awy (Live) TUL8TE
2026-09-19,global,Global,top_videos_weekly,,18,https://i.ytimg.com/vi/kwwdY1bp-Ck/mqdefault.jpg,https://www.youtube.com/watch?v=kwwdY1bp-Ck,Todo Lo Fue,Lenin Ramirez,,,Todo Lo Fue Lenin Ramirez
2026-09-19,global,Global,top_videos_weekly,,19,https://i.ytimg.com/vi/69L-nKRY3ac/mqdefault.jpg,https://www.youtube.com/watch?v=69L-nKRY3ac,Sebebi Yar,Blok3,,,Sebebi Yar Blok3
2026-09-19,global,Global,top_videos_weekly,,20,https://i.ytimg.com/vi/m7k9UMcHbr0/mqdefault.jpg,https://www.youtube.com/watch?v=m7k9UMcHbr0,"KATSEYE (캣츠아이) ""Animal"" Official MV",KATSEYE,,,"KATSEYE (캣츠아이) ""Animal"" Official MV KATSEYE"
2026-09-19,global,Global,top_videos_weekly,,21,https://i.ytimg.com/vi/8F2s8ivKXNY/mqdefault.jpg,https://www.youtube.com/watch?v=8F2s8ivKXNY,Life Goes On,Oliver Tree,,,Life Goes On Oliver Tree
2026-09-19,global,Global,top_videos_weekly,,22,https://i.ytimg.com/vi/q2IMrkhSjSA/mqdefault.jpg,https://www.youtube.com/watch?v=q2IMrkhSjSA,ÇOK GÜZEL GÜLÜYORSUN,Blok3 / Poizi,,,ÇOK GÜZEL GÜLÜYORSUN Blok3 & Poizi
2026-09-19,global,Global,top_videos_weekly,,23,https://i.ytimg.com/vi/QCZZwZQ4qNs/mqdefault.jpg,https://www.youtube.com/watch?v=QCZZwZQ4qNs,Si Antes Te Hubiera Conocido,KAROL G,,,Si Antes Te Hubiera Conocido KAROL G
2026-09-19,global,Global,top_videos_weekly,,24,https://i.ytimg.com/vi/jR3rWCBeO6M/mqdefault.jpg,https://www.youtube.com/watch?v=jR3rWCBeO6M,"Radhimaa [From ""Think Indie""]",Asma Teji / Sai Abhyankkar / Vivek / Nargis Teji,,,"Radhimaa [From ""Think Indie""] Asma Teji , Sai Abhyankkar , Vivek & Nargis Teji"
2026-09-19,global,Global,top_videos_weekly,,25,https://i.ytimg.com/vi/A7ShtPRP2Mc/mqdefault.jpg,https://www.youtube.com/watch?v=A7ShtPRP2Mc,Kayıp Kalp,Blok3,,,Kayıp Kalp Blok3
2026-09-19,global,Global,top_videos_weekly,,26,https://i.ytimg.com/vi/vutbVGewIcg/mqdefault.jpg,https://www.youtube.com/watch?v=vutbVGewIcg,Las Mas Bonitas Son P*tas,Anuel AA,,,Las Mas Bonitas Son P*tas Anuel AA
2026-09-19,global,Global,top_videos_weekly,,27,https://i.ytimg.com/vi/QnQnz9G2LNw/mqdefault.jpg,https://www.youtube.com/watch?v=QnQnz9G2LNw,MALLEPOOLA PALLAKI (Song) | Ravi Teja | GV Prakash | Dappu Srinu | Shiva Nirvana | Irumudi,Sunkara Anjaneyulu / Yugabharathi / G.V. Prakash Kumar / Velmurugan,,,"MALLEPOOLA PALLAKI (Song) | Ravi Teja | GV Prakash | Dappu Srinu | Shiva Nirvana | Irumudi Sunkara Anjaneyulu , Yugabharathi , G.V. Prakash Kumar & Velmurugan"
2026-09-19,global,Global,top_videos_weekly,,28,https://i.ytimg.com/vi/OQac93ARgQE/mqdefault.jpg,https://www.youtube.com/watch?v=OQac93ARgQE,Nano,Saint Levant / TUL8TE,,,Nano Saint Levant & TUL8TE
2026-09-19,global,Global,top_videos_weekly,,29,https://i.ytimg.com/vi/z5y8Clp_TdE/mqdefault.jpg,https://www.youtube.com/watch?v=z5y8Clp_TdE,KALYANI (Remix),舒蕾亞·戈沙爾 / ARJN / FIFTY4 / KDS,,,"KALYANI (Remix) 舒蕾亞·戈沙爾 , ARJN , FIFTY4 & KDS"
2026-09-19,global,Global,top_videos_weekly,,30,https://i.ytimg.com/vi/RO75uUZiAw0/mqdefault.jpg,https://www.youtube.com/watch?v=RO75uUZiAw0,Teh Hijau,圖魯斯,"6月 29, 2026",8716532,"30 5 Teh Hijau 圖魯斯 6月 29, 2026 35 9 8,716,532"
2026-09-19,global,Global,top_videos_weekly,,31,https://i.ytimg.com/vi/bP8ATWCvqzw/mqdefault.jpg,https://www.youtube.com/watch?v=bP8ATWCvqzw,Arz Kiya Hai,Anuv Jain,,,Arz Kiya Hai Anuv Jain
2026-09-19,global,Global,top_videos_weekly,,32,https://i.ytimg.com/vi/aWpw-Ynl0Yc/mqdefault.jpg,https://www.youtube.com/watch?v=aWpw-Ynl0Yc,Bass Persuades,Miley Cyrus,,,Bass Persuades Miley Cyrus
2026-09-19,global,Global,top_videos_weekly,,33,https://i.ytimg.com/vi/cL0KKSPjZf8/mqdefault.jpg,https://www.youtube.com/watch?v=cL0KKSPjZf8,Boom Shaka,KR$NA / Dhanda Nyoliwala,,,Boom Shaka KR$NA & Dhanda Nyoliwala
2026-09-19,global,Global,top_videos_weekly,,34,https://i.ytimg.com/vi/F2m4HPLvj-4/mqdefault.jpg,https://www.youtube.com/watch?v=F2m4HPLvj-4,Jaiye Sajana,雅斯文·桑德拉斯 / 施廷德·薩爾塔 / 沙赫瓦特·薩赫迪夫,,,"Jaiye Sajana 雅斯文·桑德拉斯 , 施廷德·薩爾塔 & 沙赫瓦特·薩赫迪夫"
2026-09-19,global,Global,top_videos_weekly,,35,https://i.ytimg.com/vi/9bZkp7q19f0/mqdefault.jpg,https://www.youtube.com/watch?v=9bZkp7q19f0,Gangnam Style,PSY,,,Gangnam Style PSY
2026-09-19,global,Global,top_videos_weekly,,36,https://i.ytimg.com/vi/-FBwd9cWJoQ/mqdefault.jpg,https://www.youtube.com/watch?v=-FBwd9cWJoQ,Kırgınım,Blok3,"6月 4, 2026",8147307,"36 6 Kırgınım Blok3 6月 4, 2026 42 14 8,147,307"
2026-09-19,global,Global,top_videos_weekly,,37,https://i.ytimg.com/vi/2yreX_ZCfgM/mqdefault.jpg,https://www.youtube.com/watch?v=2yreX_ZCfgM,Peão Todo Tatuado,Mariana Fagundes / jeninho,,,Peão Todo Tatuado Mariana Fagundes & jeninho
2026-09-19,global,Global,top_videos_weekly,,38,https://i.ytimg.com/vi/aRNfSqsgrgE/mqdefault.jpg,https://www.youtube.com/watch?v=aRNfSqsgrgE,Sheesha,Mitta Ror / Swara Verma,,,Sheesha Mitta Ror & Swara Verma
2026-09-19,global,Global,top_videos_weekly,,39,https://i.ytimg.com/vi/oafxkMv4xnc/mqdefault.jpg,https://www.youtube.com/watch?v=oafxkMv4xnc,Bairan,Banjaare,"2月 13, 2026",8082756,"39 12 Bairan Banjaare 2月 13, 2026 27 27 8,082,756"
2026-09-19,global,Global,top_videos_weekly,,40,https://i.ytimg.com/vi/27C4pfRsf9g/mqdefault.jpg,https://www.youtube.com/watch?v=27C4pfRsf9g,ICONIC BY MISTAKE,LE SSERAFIM / ILLIT / KATSEYE,,,"ICONIC BY MISTAKE LE SSERAFIM , ILLIT & KATSEYE"
2026-09-19,global,Global,top_videos_weekly,,41,https://i.ytimg.com/vi/b68HETiNO98/mqdefault.jpg,https://www.youtube.com/watch?v=b68HETiNO98,Pavazha Malli,Sai Abhyankkar / Shruti Haasan,,,Pavazha Malli Sai Abhyankkar & Shruti Haasan
2026-09-19,global,Global,top_videos_weekly,,42,https://i.ytimg.com/vi/bMhDJ0S0OBA/mqdefault.jpg,https://www.youtube.com/watch?v=bMhDJ0S0OBA,It's Me,ILLIT,"4月 30, 2026",7531058,"42 6 It's Me ILLIT 4月 30, 2026 48 19 7,531,058"
2026-09-19,global,Global,top_videos_weekly,,43,https://i.ytimg.com/vi/ko70cExuzZM/mqdefault.jpg,https://www.youtube.com/watch?v=ko70cExuzZM,The Fate of Ophelia,Taylor Swift,,,The Fate of Ophelia Taylor Swift
2026-09-19,global,Global,top_videos_weekly,,44,https://i.ytimg.com/vi/ZvXN0TcZLfQ/mqdefault.jpg,https://www.youtube.com/watch?v=ZvXN0TcZLfQ,Fortuner,Raj Mawar / Ruchika Jangid,,,Fortuner Raj Mawar & Ruchika Jangid
2026-09-19,global,Global,top_videos_weekly,,45,https://i.ytimg.com/vi/asG7cwxi1sA/mqdefault.jpg,https://www.youtube.com/watch?v=asG7cwxi1sA,Saiyaara,舒蕾亞·戈沙爾 / Arslan Nizami / Irshad Kamil,,,"Saiyaara 舒蕾亞·戈沙爾 , Arslan Nizami & Irshad Kamil"
2026-09-19,global,Global,top_videos_weekly,,46,https://i.ytimg.com/vi/-1SgFHqxjlw/mqdefault.jpg,https://www.youtube.com/watch?v=-1SgFHqxjlw,SxyCip - Love All Day (Official Music Video),SxyCip,,,SxyCip - Love All Day (Official Music Video) SxyCip
2026-09-19,global,Global,top_videos_weekly,,47,https://i.ytimg.com/vi/5qm8PH4xAss/mqdefault.jpg,https://www.youtube.com/watch?v=5qm8PH4xAss,In Da Club,50 Cent,,,In Da Club 50 Cent
2026-09-19,global,Global,top_videos_weekly,,48,https://i.ytimg.com/vi/SQ4jZ-EAL88/mqdefault.jpg,https://www.youtube.com/watch?v=SQ4jZ-EAL88,Vaaroon Forever (Official Video) | Mirzapur The Movie | Shreya Ghoshal | Romy | Anand B | Ginny D,阿南德·巴斯卡爾,,,Vaaroon Forever (Official Video) | Mirzapur The Movie | Shreya Ghoshal | Romy | Anand B | Ginny D 阿南德·巴斯卡爾
2026-09-19,global,Global,top_videos_weekly,,49,https://i.ytimg.com/vi/23cipSExADA/mqdefault.jpg,https://www.youtube.com/watch?v=23cipSExADA,เพราะพี่รักจริง,หนึ่ง บีเคแบนด์,,,เพราะพี่รักจริง หนึ่ง บีเคแบนด์
2026-09-19,global,Global,top_videos_weekly,,50,https://i.ytimg.com/vi/EtTf6f3Ydak/mqdefault.jpg,https://www.youtube.com/watch?v=EtTf6f3Ydak,Irumudi Kattu,Ananthu / Shiva Nirvana / G.V. Prakash Kumar / Kalyan Chakravarthy Tripuraneni,,,"Irumudi Kattu Ananthu , Shiva Nirvana , G.V. Prakash Kumar & Kalyan Chakravarthy Tripuraneni"
2026-09-19,global,Global,top_videos_weekly,,51,https://i.ytimg.com/vi/0pg0raFMNIU/mqdefault.jpg,https://www.youtube.com/watch?v=0pg0raFMNIU,Toz Pembe,manifest,,,Toz Pembe manifest
2026-09-19,global,Global,top_videos_weekly,,52,https://www.youtube.com/s/charts/images/top_videos.png,,52 目前無資料,,"1月 1, 1970",6470191,"52 52 目前無資料 1月 1, 1970 - 4 6,470,191"
2026-09-19,global,Global,top_videos_weekly,,53,https://i.ytimg.com/vi/jWh-7JGuxTo/mqdefault.jpg,https://www.youtube.com/watch?v=jWh-7JGuxTo,Ara Beni,荷黛絲·阿奇高茲,,,Ara Beni 荷黛絲·阿奇高茲
2026-09-19,global,Global,top_videos_weekly,,54,https://i.ytimg.com/vi/Md7kqHsWWs4/mqdefault.jpg,https://www.youtube.com/watch?v=Md7kqHsWWs4,Six Seven,Laurinha Costa / SoundMusic Original / Dj Cabello / Dj Tchouzen,,,"Six Seven Laurinha Costa , SoundMusic Original , Dj Cabello & Dj Tchouzen"
2026-09-19,global,Global,top_videos_weekly,,55,https://i.ytimg.com/vi/7w7LUaLpM4E/mqdefault.jpg,https://www.youtube.com/watch?v=7w7LUaLpM4E,MALLEPOOLA PALLAKI 8K VIDEO | RAVI TEJA | GV PRAKASH | DAPPU SRINU | IRUMUDI | AYYAPPA SONG,Sunkara Anjaneyulu / Yugabharathi / G.V. Prakash Kumar / Velmurugan,,,"MALLEPOOLA PALLAKI 8K VIDEO | RAVI TEJA | GV PRAKASH | DAPPU SRINU | IRUMUDI | AYYAPPA SONG Sunkara Anjaneyulu , Yugabharathi , G.V. Prakash Kumar & Velmurugan"
2026-09-19,global,Global,top_videos_weekly,,56,https://i.ytimg.com/vi/cRgrrrdqbLM/mqdefault.jpg,https://www.youtube.com/watch?v=cRgrrrdqbLM,Afeem,Vicky Vox / Shilpi Raj / 克瑟利·拉爾·亞達夫 / Krishna Bedardi,,,"Afeem Vicky Vox , Shilpi Raj , 克瑟利·拉爾·亞達夫 & Krishna Bedardi"
2026-09-19,global,Global,top_videos_weekly,,57,https://i.ytimg.com/vi/2gXNDr_6FcE/mqdefault.jpg,https://www.youtube.com/watch?v=2gXNDr_6FcE,Irumudi Kattu,Ananthu / Shiva Nirvana / G.V. Prakash Kumar / Kalyan Chakravarthy Tripuraneni,,,"Irumudi Kattu Ananthu , Shiva Nirvana , G.V. Prakash Kumar & Kalyan Chakravarthy Tripuraneni"
2026-09-19,global,Global,top_videos_weekly,,58,https://i.ytimg.com/vi/s466YCiHfKw/mqdefault.jpg,https://www.youtube.com/watch?v=s466YCiHfKw,FALLEN ANGEL (Official Video),JENNIE,,,FALLEN ANGEL (Official Video) JENNIE
2026-09-19,global,Global,top_videos_weekly,,59,https://i.ytimg.com/vi/I_46tPHvVOw/mqdefault.jpg,https://www.youtube.com/watch?v=I_46tPHvVOw,DICHAVATE,Ya Ice Dilan / Rey Tony / Helabusador / JipMusic Global / dj honda,,,"DICHAVATE Ya Ice Dilan , Rey Tony , Helabusador , JipMusic Global & dj honda"
2026-09-19,global,Global,top_videos_weekly,,60,https://i.ytimg.com/vi/-q_S27LbNKU/mqdefault.jpg,https://www.youtube.com/watch?v=-q_S27LbNKU,BAD,ATEEZ,"6月 25, 2026",6062238,"60 7 BAD ATEEZ 6月 25, 2026 67 11 6,062,238"
2026-09-19,global,Global,top_videos_weekly,,61,https://i.ytimg.com/vi/TX-1dI8t6WM/mqdefault.jpg,https://www.youtube.com/watch?v=TX-1dI8t6WM,AMOR,Emmanuel Cortes,,,AMOR Emmanuel Cortes
2026-09-19,global,Global,top_videos_weekly,,62,https://i.ytimg.com/vi/-0RUAQAMUac/mqdefault.jpg,https://www.youtube.com/watch?v=-0RUAQAMUac,تباعاً تباعاً,Sherine,,,تباعاً تباعاً Sherine
2026-09-19,global,Global,top_videos_weekly,,63,https://i.ytimg.com/vi/lY2yjAdbvdQ/mqdefault.jpg,https://www.youtube.com/watch?v=lY2yjAdbvdQ,Treat You Better,Shawn Mendes,,,Treat You Better Shawn Mendes
2026-09-19,global,Global,top_videos_weekly,,64,https://i.ytimg.com/vi/Si9kWKnJKxE/mqdefault.jpg,https://www.youtube.com/watch?v=Si9kWKnJKxE,ZOMBIE,LAZARO,"5月 21, 2026",5916432,"64 6 ZOMBIE LAZARO 5月 21, 2026 70 16 5,916,432"
2026-09-19,global,Global,top_videos_weekly,,65,https://i.ytimg.com/vi/WT-wrwlN144/mqdefault.jpg,https://www.youtube.com/watch?v=WT-wrwlN144,YAALALO YAALALO Lyrical | Irumudi | Ravi Teja | GV Prakash | Hesham | Shiva Nirvana,Hesham Abdul Wahab / Sadhika K R / Balaji Venugopal / G.V. Prakash Kumar,,,"YAALALO YAALALO Lyrical | Irumudi | Ravi Teja | GV Prakash | Hesham | Shiva Nirvana Hesham Abdul Wahab , Sadhika K R , Balaji Venugopal & G.V. Prakash Kumar"
2026-09-19,global,Global,top_videos_weekly,,66,https://i.ytimg.com/vi/7VsejGzcJmM/mqdefault.jpg,https://www.youtube.com/watch?v=7VsejGzcJmM,Alaakaa Loova,Sai Abhyankkar,,,Alaakaa Loova Sai Abhyankkar
2026-09-19,global,Global,top_videos_weekly,,67,https://i.ytimg.com/vi/1IKsJiMLGu0/mqdefault.jpg,https://www.youtube.com/watch?v=1IKsJiMLGu0,"Samjho Na (From ""The Vvaan"")",Tanishk Bagchi / 馬諾伊·蒙塔舍 / Jubin Nautiyal / Suvarna Tiwari,,,"Samjho Na (From ""The Vvaan"") Tanishk Bagchi , 馬諾伊·蒙塔舍 , Jubin Nautiyal & Suvarna Tiwari"
2026-09-19,global,Global,top_videos_weekly,,68,https://i.ytimg.com/vi/I-5e_J3LWS8/mqdefault.jpg,https://www.youtube.com/watch?v=I-5e_J3LWS8,AH HA,Cardi B,"8月 27, 2026",5592758,"68 17 AH HA Cardi B 8月 27, 2026 51 2 5,592,758"
2026-09-19,global,Global,top_videos_weekly,,69,https://i.ytimg.com/vi/GYfdWiAnshE/mqdefault.jpg,https://www.youtube.com/watch?v=GYfdWiAnshE,"Neno Butterfly Full Video Song 4K | Vishwanath and Sons | Suriya, Mamitha Baiju | G.V. Prakash Kumar",Sublahshini / G.V. Prakash Kumar,,,"Neno Butterfly Full Video Song 4K | Vishwanath and Sons | Suriya, Mamitha Baiju | G.V. Prakash Kumar Sublahshini & G.V. Prakash Kumar"
2026-09-19,global,Global,top_videos_weekly,,70,https://i.ytimg.com/vi/dTWEFx3DeM8/mqdefault.jpg,https://www.youtube.com/watch?v=dTWEFx3DeM8,Anor,Mirjalol Nematov,,,Anor Mirjalol Nematov
2026-09-19,global,Global,top_videos_weekly,,71,https://i.ytimg.com/vi/BZ4UzthYTss/mqdefault.jpg,https://www.youtube.com/watch?v=BZ4UzthYTss,This & That,Stray Kids,,,This & That Stray Kids
2026-09-19,global,Global,top_videos_weekly,,72,https://i.ytimg.com/vi/kG0z7hwY3as/mqdefault.jpg,https://www.youtube.com/watch?v=kG0z7hwY3as,Debut,KATSEYE,"7月 2, 2024",5367846,"72 8 Debut KATSEYE 7月 2, 2024 80 17 5,367,846"
2026-09-19,global,Global,top_videos_weekly,,73,https://i.ytimg.com/vi/rHpAXvqDzYY/mqdefault.jpg,https://www.youtube.com/watch?v=rHpAXvqDzYY,CAPCANA COCOA,Anuel AA / Blessd,,,CAPCANA COCOA Anuel AA & Blessd
2026-09-19,global,Global,top_videos_weekly,,74,https://i.ytimg.com/vi/6Db-cEgbmC4/mqdefault.jpg,https://www.youtube.com/watch?v=6Db-cEgbmC4,Mi Chico,Jason Derulo,,,Mi Chico Jason Derulo
2026-09-19,global,Global,top_videos_weekly,,75,https://i.ytimg.com/vi/PkMKJEkE8Mo/mqdefault.jpg,https://www.youtube.com/watch?v=PkMKJEkE8Mo,Gnarly,KATSEYE,"5月 5, 2025",5243891,"75 16 Gnarly KATSEYE 5月 5, 2025 91 10 5,243,891"
2026-09-19,global,Global,top_videos_weekly,,76,https://i.ytimg.com/vi/yjOJYBE_GuA/mqdefault.jpg,https://www.youtube.com/watch?v=yjOJYBE_GuA,Estoy Pa' Ti,Brytiago,,,Estoy Pa' Ti Brytiago
2026-09-19,global,Global,top_videos_weekly,,77,https://i.ytimg.com/vi/_gyultVTesk/mqdefault.jpg,https://www.youtube.com/watch?v=_gyultVTesk,2.0,防彈少年團,"4月 1, 2026",5169325,"77 77 2.0 防彈少年團 4月 1, 2026 - 20 5,169,325"
2026-09-19,global,Global,top_videos_weekly,,78,https://i.ytimg.com/vi/LGWUmNnZ7WY/mqdefault.jpg,https://www.youtube.com/watch?v=LGWUmNnZ7WY,POR SI MAÑANA NO ESTOY,Omar Courtz,,,POR SI MAÑANA NO ESTOY Omar Courtz
2026-09-19,global,Global,top_videos_weekly,,79,https://i.ytimg.com/vi/qpIdoaaPa6U/mqdefault.jpg,https://www.youtube.com/watch?v=qpIdoaaPa6U,Jeene Laga Hoon (Lyrical),薩辛-吉格爾,,,Jeene Laga Hoon (Lyrical) 薩辛-吉格爾
2026-09-19,global,Global,top_videos_weekly,,80,https://i.ytimg.com/vi/s3a4OQR-10M/mqdefault.jpg,https://www.youtube.com/watch?v=s3a4OQR-10M,Loser,Tame Impala,,,Loser Tame Impala
2026-09-19,global,Global,top_videos_weekly,,81,https://i.ytimg.com/vi/OFAbwbh_RSQ/mqdefault.jpg,https://www.youtube.com/watch?v=OFAbwbh_RSQ,Sebebi Yar,Blok3,,,Sebebi Yar Blok3
2026-09-19,global,Global,top_videos_weekly,,82,https://i.ytimg.com/vi/vTvGobaqo9E/mqdefault.jpg,https://www.youtube.com/watch?v=vTvGobaqo9E,Polvo Rosita - (Video Oficial) - Lenin Ramirez - DEL Records 2024,DEL Records,,2024,Polvo Rosita - (Video Oficial) - Lenin Ramirez - DEL Records 2024 DEL Records
2026-09-19,global,Global,top_videos_weekly,,83,https://i.ytimg.com/vi/1iBDh00xMQw/mqdefault.jpg,https://www.youtube.com/watch?v=1iBDh00xMQw,Rupya Dekh Ke Bora Me,Tuntun Yadav,,,Rupya Dekh Ke Bora Me Tuntun Yadav
2026-09-19,global,Global,top_videos_weekly,,84,https://i.ytimg.com/vi/4F2jDMgioqk/mqdefault.jpg,https://www.youtube.com/watch?v=4F2jDMgioqk,"Saanson Ko (From ""Zid"")",Toshi Sabri / Arijit Singh,,,"Saanson Ko (From ""Zid"") Toshi Sabri & Arijit Singh"
2026-09-19,global,Global,top_videos_weekly,,85,https://i.ytimg.com/vi/aKGCXYX7jN8/mqdefault.jpg,https://www.youtube.com/watch?v=aKGCXYX7jN8,CRUSH!,CRUSH,"7月 30, 2026",4926204,"85 85 CRUSH! CRUSH 7月 30, 2026 - 4 4,926,204"
2026-09-19,global,Global,top_videos_weekly,,86,https://i.ytimg.com/vi/5RT6QMKJTjQ/mqdefault.jpg,https://www.youtube.com/watch?v=5RT6QMKJTjQ,Ishq Sufiyana,Kamal Khan,,,Ishq Sufiyana Kamal Khan
2026-09-19,global,Global,top_videos_weekly,,87,https://i.ytimg.com/vi/kXKhNI4DLHM/mqdefault.jpg,https://www.youtube.com/watch?v=kXKhNI4DLHM,Hileli,manifest / 艾達佩肯,,,Hileli manifest & 艾達佩肯
2026-09-19,global,Global,top_videos_weekly,,88,https://i.ytimg.com/vi/9dV6Hl2u3vM/mqdefault.jpg,https://www.youtube.com/watch?v=9dV6Hl2u3vM,Neno Butterfly,Sublahshini / G.V. Prakash Kumar,,,Neno Butterfly Sublahshini & G.V. Prakash Kumar
2026-09-19,global,Global,top_videos_weekly,,89,https://i.ytimg.com/vi/UH21OnJwxZE/mqdefault.jpg,https://www.youtube.com/watch?v=UH21OnJwxZE,PHƯƠNG MỸ CHI x DTAP | 'THIÊN ĐƯỜNG VỚI NGƯỜI THƯƠNG' | OFFICIAL MUSIC VIDEO,Phương Mỹ Chi,,,PHƯƠNG MỸ CHI x DTAP | 'THIÊN ĐƯỜNG VỚI NGƯỜI THƯƠNG' | OFFICIAL MUSIC VIDEO Phương Mỹ Chi
2026-09-19,global,Global,top_videos_weekly,,90,https://i.ytimg.com/vi/pCPYb7KPoUc/mqdefault.jpg,https://www.youtube.com/watch?v=pCPYb7KPoUc,Doma,Jósean Log,"10月 14, 2017",4862628,"90 7 Doma Jósean Log 10月 14, 2017 97 11 4,862,628"
2026-09-19,global,Global,top_videos_weekly,,91,https://i.ytimg.com/vi/boKJ5XDs_mY/mqdefault.jpg,https://www.youtube.com/watch?v=boKJ5XDs_mY,LƯU NIÊN,Jack - J97,,,LƯU NIÊN Jack - J97
2026-09-19,global,Global,top_videos_weekly,,92,https://i.ytimg.com/vi/MT-4Bk1Lw8g/mqdefault.jpg,https://www.youtube.com/watch?v=MT-4Bk1Lw8g,Bloody Paradise,ENHYPEN,,,Bloody Paradise ENHYPEN
2026-09-19,global,Global,top_videos_weekly,,93,https://i.ytimg.com/vi/rC-kbRanJQ0/mqdefault.jpg,https://www.youtube.com/watch?v=rC-kbRanJQ0,UDI UDI,Hruday / Sarkar / Aneesh,,,"UDI UDI Hruday , Sarkar & Aneesh"
2026-09-19,global,Global,top_videos_weekly,,94,https://i.ytimg.com/vi/0EY9cEoXLCM/mqdefault.jpg,https://www.youtube.com/watch?v=0EY9cEoXLCM,Dandy Hats,El Rabbanito,,,Dandy Hats El Rabbanito
2026-09-19,global,Global,top_videos_weekly,,95,https://i.ytimg.com/vi/getnHpYUxoM/mqdefault.jpg,https://www.youtube.com/watch?v=getnHpYUxoM,MASKARA / مسكرة,Saint Levant / Mohammed Assaf,,,MASKARA / مسكرة Saint Levant & Mohammed Assaf
2026-09-19,global,Global,top_videos_weekly,,96,https://i.ytimg.com/vi/Y0pdQU87dc8/mqdefault.jpg,https://www.youtube.com/watch?v=Y0pdQU87dc8,(Everything I Do) I Do It For You,Bryan Adams,,,(Everything I Do) I Do It For You Bryan Adams
2026-09-19,global,Global,top_videos_weekly,,97,https://i.ytimg.com/vi/C1LN4cWjMl0/mqdefault.jpg,https://www.youtube.com/watch?v=C1LN4cWjMl0,Pattampoochi,Sublahshini / G.V. Prakash Kumar,,,Pattampoochi Sublahshini & G.V. Prakash Kumar
2026-09-19,global,Global,top_videos_weekly,,98,https://i.ytimg.com/vi/uOrhBw3N3NM/mqdefault.jpg,https://www.youtube.com/watch?v=uOrhBw3N3NM,80 Lakh,D Naveen / Shiva Choudhary / Sweta Chauhan / Kala Dighal,,,"80 Lakh D Naveen , Shiva Choudhary , Sweta Chauhan & Kala Dighal"
2026-09-19,global,Global,top_videos_weekly,,99,https://i.ytimg.com/vi/xCkf2L7gFnI/mqdefault.jpg,https://www.youtube.com/watch?v=xCkf2L7gFnI,De Lejitos (Remix),Jay Wheeler / Omar Courtz,,,De Lejitos (Remix) Jay Wheeler & Omar Courtz
2026-09-19,global,Global,top_videos_weekly,,100,https://i.ytimg.com/vi/tPaSYnNKMas/mqdefault.jpg,https://www.youtube.com/watch?v=tPaSYnNKMas,RIKI,Neton Vega,"8月 7, 2026",4556424,"100 22 RIKI Neton Vega 8月 7, 2026 78 3 4,556,424"
2026-09-19,tw,Taiwan,top_videos_weekly,,1,https://i.ytimg.com/vi/FyS5dAywkEo/mqdefault.jpg,https://www.youtube.com/watch?v=FyS5dAywkEo,SaWaDiKa (Official Music Video),LISA,,,SaWaDiKa (Official Music Video) LISA
2026-09-19,tw,Taiwan,top_videos_weekly,,2,https://i.ytimg.com/vi/sf02ugzPFE4/mqdefault.jpg,https://www.youtube.com/watch?v=sf02ugzPFE4,CLICK,JISOO,"9月 3, 2026",830814,"2 New CLICK JISOO 9月 3, 2026 - 1 830,814"
2026-09-19,tw,Taiwan,top_videos_weekly,,3,https://i.ytimg.com/vi/YacpC7sUXMM/mqdefault.jpg,https://www.youtube.com/watch?v=YacpC7sUXMM,甲乙丙丁Strangers (伴奏),李佳薇,,,甲乙丙丁Strangers (伴奏) 李佳薇
2026-09-19,tw,Taiwan,top_videos_weekly,,4,https://i.ytimg.com/vi/0xlNP3tKfa4/mqdefault.jpg,https://www.youtube.com/watch?v=0xlNP3tKfa4,觀自在 (Remix),Marz23,,,觀自在 (Remix) Marz23
2026-09-19,tw,Taiwan,top_videos_weekly,,5,https://i.ytimg.com/vi/jeRu6h4XbUU/mqdefault.jpg,https://www.youtube.com/watch?v=jeRu6h4XbUU,幸福在歌唱,A-Lin,"12月 26, 2025",299436,"5 ● 幸福在歌唱 A-Lin 12月 26, 2025 5 21 299,436"
2026-09-19,tw,Taiwan,top_videos_weekly,,6,https://i.ytimg.com/vi/i5YRIjxyJP8/mqdefault.jpg,https://www.youtube.com/watch?v=i5YRIjxyJP8,太陽與地球,盧廣仲,"9月 16, 2025",296486,"6 ● 太陽與地球 盧廣仲 9月 16, 2025 6 21 296,486"
2026-09-19,tw,Taiwan,top_videos_weekly,,7,https://i.ytimg.com/vi/PTaXHjz6okQ/mqdefault.jpg,https://www.youtube.com/watch?v=PTaXHjz6okQ,老朋友,黃奇斌,"8月 28, 2026",280710,"7 6 老朋友 黃奇斌 8月 28, 2026 1 2 280,710"
2026-09-19,tw,Taiwan,top_videos_weekly,,8,https://i.ytimg.com/vi/-q_S27LbNKU/mqdefault.jpg,https://www.youtube.com/watch?v=-q_S27LbNKU,BAD,ATEEZ,"6月 25, 2026",269248,"8 5 BAD ATEEZ 6月 25, 2026 13 11 269,248"
2026-09-19,tw,Taiwan,top_videos_weekly,,9,https://i.ytimg.com/vi/3rB3n_XR23o/mqdefault.jpg,https://www.youtube.com/watch?v=3rB3n_XR23o,我不該動情,老闆,"7月 1, 2026",260493,"9 5 我不該動情 老板 7月 1, 2026 14 10 260,493"
2026-09-19,tw,Taiwan,top_videos_weekly,,10,https://i.ytimg.com/vi/mpNKrWUhcy8/mqdefault.jpg,https://www.youtube.com/watch?v=mpNKrWUhcy8,不愛就不愛,艾薇,"12月 18, 2024",256911,"10 ● 不愛就不愛 艾薇 12月 18, 2024 10 21 256,911"
2026-09-19,tw,Taiwan,top_videos_weekly,,11,https://i.ytimg.com/vi/dRSZhZT6r-Y/mqdefault.jpg,https://www.youtube.com/watch?v=dRSZhZT6r-Y,沒有人像我,宇宙人,"7月 2, 2026",254707,"11 3 沒有人像我 宇宙人 7月 2, 2026 8 10 254,707"
2026-09-19,tw,Taiwan,top_videos_weekly,,12,https://i.ytimg.com/vi/8eOs7Zd-690/mqdefault.jpg,https://www.youtube.com/watch?v=8eOs7Zd-690,鹹酸苦汫 (電影《網紅老爸》片尾曲),王識賢 / 麋先生,,,鹹酸苦汫 (電影《網紅老爸》片尾曲) 王識賢 & 麋先生
2026-09-19,tw,Taiwan,top_videos_weekly,,13,https://i.ytimg.com/vi/p13tH7Etlzc/mqdefault.jpg,https://www.youtube.com/watch?v=p13tH7Etlzc,離開我的依賴,王艷薇,"2月 17, 2020",243231,"13 3 離開我的依賴 王艷薇 2月 17, 2020 16 19 243,231"
2026-09-19,tw,Taiwan,top_videos_weekly,,14,https://i.ytimg.com/vi/X06y7ZuT7_Y/mqdefault.jpg,https://www.youtube.com/watch?v=X06y7ZuT7_Y,必巡,曾瑋中,"6月 27, 2022",234687,"14 3 必巡 曾瑋中 6月 27, 2022 17 21 234,687"
2026-09-19,tw,Taiwan,top_videos_weekly,,15,https://i.ytimg.com/vi/7mDDM0eBWR0/mqdefault.jpg,https://www.youtube.com/watch?v=7mDDM0eBWR0,소연 (SOYEON) '퇴사할게여 (Narr. 기안84)' Official Music Video,i-dle (아이들),,,소연 (SOYEON) '퇴사할게여 (Narr. 기안84)' Official Music Video i-dle (아이들)
2026-09-19,tw,Taiwan,top_videos_weekly,,16,https://i.ytimg.com/vi/Qe8fa4b5xNU/mqdefault.jpg,https://www.youtube.com/watch?v=Qe8fa4b5xNU,Good Goodbye,HWASA,,,Good Goodbye HWASA
2026-09-19,tw,Taiwan,top_videos_weekly,,17,https://i.ytimg.com/vi/376utoTabMI/mqdefault.jpg,https://www.youtube.com/watch?v=376utoTabMI,看著我的眼睛說,張遠 / 姚曉棠,,,看着我的眼睛说 张远 & 姚晓棠
2026-09-19,tw,Taiwan,top_videos_weekly,,18,https://i.ytimg.com/vi/osyH9yWWygA/mqdefault.jpg,https://www.youtube.com/watch?v=osyH9yWWygA,All For You,周興哲,"7月 16, 2026",220854,"18 7 All For You 周興哲 7月 16, 2026 11 8 220,854"
2026-09-19,tw,Taiwan,top_videos_weekly,,19,https://i.ytimg.com/vi/7xYekUcLRs4/mqdefault.jpg,https://www.youtube.com/watch?v=7xYekUcLRs4,Libera Me From Hell - Mori Calliope x Elizabeth Rose Bloodflame // GURREN LAGANN (Cover),Mori Calliope,,,Libera Me From Hell - Mori Calliope x Elizabeth Rose Bloodflame // GURREN LAGANN (Cover) Mori Calliope
2026-09-19,tw,Taiwan,top_videos_weekly,,20,https://i.ytimg.com/vi/kCA93dLzKP4/mqdefault.jpg,https://www.youtube.com/watch?v=kCA93dLzKP4,一個人,A-Lin,"6月 11, 2026",199551,"20 7 一個人 A-Lin 6月 11, 2026 27 13 199,551"
2026-09-19,tw,Taiwan,top_videos_weekly,,21,https://i.ytimg.com/vi/oAwzFFEYm38/mqdefault.jpg,https://www.youtube.com/watch?v=oAwzFFEYm38,Skibidi,Girls' Generation-HRS,,,Skibidi Girls' Generation-HRS
2026-09-19,tw,Taiwan,top_videos_weekly,,22,https://i.ytimg.com/vi/7H1ObJvb7Hc/mqdefault.jpg,https://www.youtube.com/watch?v=7H1ObJvb7Hc,【純享版】張碧晨侯明昊老友重逢卻唱盡痛心！演繹李佳薇新歌《甲乙丙丁》 深情對唱層層遞進 將遺憾與不捨唱到極致 #天賜的聲音7 EP11 20260821,天賜的聲音,,20260821,【纯享版】张碧晨侯明昊老友重逢却唱尽痛心！演绎李佳薇新歌《甲乙丙丁》 深情对唱层层递进 将遗憾与不舍唱到极致 #天赐的声音7 EP11 20260821 天赐的声音
2026-09-19,tw,Taiwan,top_videos_weekly,,23,https://i.ytimg.com/vi/83C3TZ4Zm_o/mqdefault.jpg,https://www.youtube.com/watch?v=83C3TZ4Zm_o,LEMONADE,aespa,"5月 28, 2026",183158,"23 1 LEMONADE aespa 5月 28, 2026 22 15 183,158"
2026-09-19,tw,Taiwan,top_videos_weekly,,24,https://i.ytimg.com/vi/eB-IK2wPWzw/mqdefault.jpg,https://www.youtube.com/watch?v=eB-IK2wPWzw,BAD,ATEEZ,"8月 1, 2026",180851,"24 7 BAD ATEEZ 8月 1, 2026 31 5 180,851"
2026-09-19,tw,Taiwan,top_videos_weekly,,25,https://i.ytimg.com/vi/yebNIHKAC4A/mqdefault.jpg,https://www.youtube.com/watch?v=yebNIHKAC4A,Golden,HUNTR/X / EJAE / AUDREY NUNA / REI AMI / KPop Demon Hunters Cast,,,"Golden HUNTR/X , EJAE , AUDREY NUNA , REI AMI & KPop Demon Hunters Cast"
2026-09-19,tw,Taiwan,top_videos_weekly,,26,https://i.ytimg.com/vi/L8ZnXgbyUuc/mqdefault.jpg,https://www.youtube.com/watch?v=L8ZnXgbyUuc,BIGBANG - ‘BiiiG’ M/V,BIGBANG,,,BIGBANG - ‘BiiiG’ M/V BIGBANG
2026-09-19,tw,Taiwan,top_videos_weekly,,27,https://i.ytimg.com/vi/bMhDJ0S0OBA/mqdefault.jpg,https://www.youtube.com/watch?v=bMhDJ0S0OBA,It's Me,ILLIT,"4月 30, 2026",174764,"27 2 It's Me ILLIT 4月 30, 2026 25 20 174,764"
2026-09-19,tw,Taiwan,top_videos_weekly,,28,https://i.ytimg.com/vi/9cS2wv6AfHk/mqdefault.jpg,https://www.youtube.com/watch?v=9cS2wv6AfHk,I LIKE IT,BABYMONSTER,,,I LIKE IT BABYMONSTER
2026-09-19,tw,Taiwan,top_videos_weekly,,29,https://i.ytimg.com/vi/naoGk-Zjc1s/mqdefault.jpg,https://www.youtube.com/watch?v=naoGk-Zjc1s,SUGAR HONEY ICE TEA,BABYMONSTER,,,SUGAR HONEY ICE TEA BABYMONSTER
2026-09-19,tw,Taiwan,top_videos_weekly,,30,https://i.ytimg.com/vi/x3eqqoZPV_E/mqdefault.jpg,https://www.youtube.com/watch?v=x3eqqoZPV_E,춤 (CHOOM),BABYMONSTER,,,춤 (CHOOM) BABYMONSTER
2026-09-19,tw,Taiwan,top_videos_weekly,,31,https://i.ytimg.com/vi/s466YCiHfKw/mqdefault.jpg,https://www.youtube.com/watch?v=s466YCiHfKw,FALLEN ANGEL (Official Video),JENNIE,,,FALLEN ANGEL (Official Video) JENNIE
2026-09-19,tw,Taiwan,top_videos_weekly,,32,https://i.ytimg.com/vi/WkWkGrcyCzw/mqdefault.jpg,https://www.youtube.com/watch?v=WkWkGrcyCzw,洪佩瑜 Pei-Yu Hung〈再見的時候 Till We Meet Again〉Official Music Video - 電影《陽光女子合唱團》再見版主題曲,何樂音樂 PQP MUSIC,,,洪佩瑜 Pei-Yu Hung〈再見的時候 Till We Meet Again〉Official Music Video - 電影《陽光女子合唱團》再見版主題曲 何樂音樂 PQP MUSIC
2026-09-19,tw,Taiwan,top_videos_weekly,,33,https://i.ytimg.com/vi/IWB0xk9lR88/mqdefault.jpg,https://www.youtube.com/watch?v=IWB0xk9lR88,左轉燈 (1000 Times+1),派偉俊,,1000,左轉燈 (1000 Times+1) 派偉俊
2026-09-19,tw,Taiwan,top_videos_weekly,,34,https://i.ytimg.com/vi/xsBQtngzcSs/mqdefault.jpg,https://www.youtube.com/watch?v=xsBQtngzcSs,螺旋 - RASEN,9Lana,,,螺旋 - RASEN 9Lana
2026-09-19,tw,Taiwan,top_videos_weekly,,35,https://i.ytimg.com/vi/zlAjS20q9pE/mqdefault.jpg,https://www.youtube.com/watch?v=zlAjS20q9pE,空心 (Live),黃霄雲 / 劉端端,,,空心 (Live) 黃霄雲 & 刘端端
2026-09-19,tw,Taiwan,top_videos_weekly,,36,https://i.ytimg.com/vi/sQDBYHhCvps/mqdefault.jpg,https://www.youtube.com/watch?v=sQDBYHhCvps,綿綿無絕期,黃奇斌,"7月 10, 2026",129896,"36 7 綿綿無絕期 黃奇斌 7月 10, 2026 29 9 129,896"
2026-09-19,tw,Taiwan,top_videos_weekly,,37,https://i.ytimg.com/vi/e68F6n0pIqs/mqdefault.jpg,https://www.youtube.com/watch?v=e68F6n0pIqs,黃明志 Ft. Khusugtun【不可分割】(Official Music Video),黃明志,,,黃明志 Ft. Khusugtun【不可分割】(Official Music Video) 黃明志
2026-09-19,tw,Taiwan,top_videos_weekly,,38,https://i.ytimg.com/vi/gN7RBHyXNFk/mqdefault.jpg,https://www.youtube.com/watch?v=gN7RBHyXNFk,別戀,派偉俊,"8月 10, 2026",120588,"38 17 別戀 派偉俊 8月 10, 2026 21 5 120,588"
2026-09-19,tw,Taiwan,top_videos_weekly,,39,https://i.ytimg.com/vi/_G3Nu8q9Z9s/mqdefault.jpg,https://www.youtube.com/watch?v=_G3Nu8q9Z9s,嘉賓,張遠,"6月 12, 2026",119782,"39 ● 嘉宾 张远 6月 12, 2026 39 9 119,782"
2026-09-19,tw,Taiwan,top_videos_weekly,,40,https://i.ytimg.com/vi/3DcoC8p9az8/mqdefault.jpg,https://www.youtube.com/watch?v=3DcoC8p9az8,Training Season (Live),Dua Lipa,,,Training Season (Live) Dua Lipa
2026-09-19,tw,Taiwan,top_videos_weekly,,41,https://i.ytimg.com/vi/_cTAlxWtmS4/mqdefault.jpg,https://www.youtube.com/watch?v=_cTAlxWtmS4,如果我很平庸,陳華,"6月 5, 2026",110746,"41 4 如果我很平庸 陳華 6月 5, 2026 45 14 110,746"
2026-09-19,tw,Taiwan,top_videos_weekly,,42,https://i.ytimg.com/vi/FB5-rPa5wBA/mqdefault.jpg,https://www.youtube.com/watch?v=FB5-rPa5wBA,玻璃,Gareth.T,"5月 20, 2026",109681,"42 12 玻璃 Gareth.T 5月 20, 2026 54 16 109,681"
2026-09-19,tw,Taiwan,top_videos_weekly,,43,https://i.ytimg.com/vi/ZIvWrKYdMQE/mqdefault.jpg,https://www.youtube.com/watch?v=ZIvWrKYdMQE,浪人的…,張震嶽,"5月 13, 2025",109269,"43 ● 浪人的… 張震嶽 5月 13, 2025 43 11 109,269"
2026-09-19,tw,Taiwan,top_videos_weekly,,44,https://i.ytimg.com/vi/yd_uG3TtREs/mqdefault.jpg,https://www.youtube.com/watch?v=yd_uG3TtREs,PSYCHO,BABYMONSTER,,,PSYCHO BABYMONSTER
2026-09-19,tw,Taiwan,top_videos_weekly,,45,https://i.ytimg.com/vi/GWO5pqEy-X0/mqdefault.jpg,https://www.youtube.com/watch?v=GWO5pqEy-X0,陪你到這,陳華,"4月 17, 2026",106224,"45 8 陪你到這 陳華 4月 17, 2026 37 21 106,224"
2026-09-19,tw,Taiwan,top_videos_weekly,,46,https://i.ytimg.com/vi/BFAuO-mrhcA/mqdefault.jpg,https://www.youtube.com/watch?v=BFAuO-mrhcA,有你有我,玖壹壹,"6月 16, 2026",104137,"46 5 有你有我 玖壹壹 6月 16, 2026 41 13 104,137"
2026-09-19,tw,Taiwan,top_videos_weekly,,47,https://i.ytimg.com/vi/IwxkGdhkAGU/mqdefault.jpg,https://www.youtube.com/watch?v=IwxkGdhkAGU,Soft Lipa - 給我一點時間 Official Music Video,蛋堡,,,Soft Lipa - 給我一點時間 Official Music Video 蛋堡
2026-09-19,tw,Taiwan,top_videos_weekly,,48,https://i.ytimg.com/vi/GnSaLQTrvt0/mqdefault.jpg,https://www.youtube.com/watch?v=GnSaLQTrvt0,Good Goodbye,HWASA,,,Good Goodbye HWASA
2026-09-19,tw,Taiwan,top_videos_weekly,,49,https://i.ytimg.com/vi/xXZwZ0DolJc/mqdefault.jpg,https://www.youtube.com/watch?v=xXZwZ0DolJc,MOON,BABYMONSTER,,,MOON BABYMONSTER
2026-09-19,tw,Taiwan,top_videos_weekly,,50,https://i.ytimg.com/vi/F7sGJVUrkjQ/mqdefault.jpg,https://www.youtube.com/watch?v=F7sGJVUrkjQ,RUDE!,Hearts2Hearts,,,RUDE! Hearts2Hearts
2026-09-19,tw,Taiwan,top_videos_weekly,,51,https://i.ytimg.com/vi/tkwD6DLp62k/mqdefault.jpg,https://www.youtube.com/watch?v=tkwD6DLp62k,我甘願重新愛過,玖壹壹,"5月 20, 2026",98029,"51 1 我甘願重新愛過 玖壹壹 5月 20, 2026 50 17 98,029"
2026-09-19,tw,Taiwan,top_videos_weekly,,52,https://i.ytimg.com/vi/0Vri50xDo7U/mqdefault.jpg,https://www.youtube.com/watch?v=0Vri50xDo7U,汪蘇瀧 Silence Wang x 莫文蔚 Karen Mok［陰天］明日世界 Official Stage Video,汪蘇瀧,,,汪苏泷 Silence Wang x 莫文蔚 Karen Mok［阴天］明日世界 Official Stage Video 汪蘇瀧
2026-09-19,tw,Taiwan,top_videos_weekly,,53,https://i.ytimg.com/vi/ccviI2q9HTE/mqdefault.jpg,https://www.youtube.com/watch?v=ccviI2q9HTE,【影視劇ost】劉宇寧 | 她《早春晴朗》電視劇欒念人物曲&片頭曲 The Early Spring OST #井柏然 #孫千 #lyrics #早春晴朗,劇好聽,,,【影視劇ost】劉宇寧 | 她《早春晴朗》電視劇欒念人物曲&片頭曲 The Early Spring OST #井柏然 #孫千 #lyrics #早春晴朗 剧好听
2026-09-19,tw,Taiwan,top_videos_weekly,,54,https://i.ytimg.com/vi/iTNwVheLpj8/mqdefault.jpg,https://www.youtube.com/watch?v=iTNwVheLpj8,好きでいて - Suki de Ite,Ado,,,好きでいて - Suki de Ite Ado
2026-09-19,tw,Taiwan,top_videos_weekly,,55,https://i.ytimg.com/vi/MzupyjOkhdE/mqdefault.jpg,https://www.youtube.com/watch?v=MzupyjOkhdE,語音鈴聲,韋德WADE / 齊翔 XIANG,,,語音鈴聲 韋德WADE & 齊翔 XIANG
2026-09-19,tw,Taiwan,top_videos_weekly,,56,https://i.ytimg.com/vi/qjKuHtrHkLg/mqdefault.jpg,https://www.youtube.com/watch?v=qjKuHtrHkLg,重逢,林琇琪,"8月 5, 2026",87913,"56 1 重逢 林琇琪 8月 5, 2026 55 5 87,913"
2026-09-19,tw,Taiwan,top_videos_weekly,,57,https://i.ytimg.com/vi/mcJB9H0Nvbc/mqdefault.jpg,https://www.youtube.com/watch?v=mcJB9H0Nvbc,繞路,A-Lin,"4月 29, 2026",81877,"57 12 繞路 A-Lin 4月 29, 2026 69 18 81,877"
2026-09-19,tw,Taiwan,top_videos_weekly,,58,https://i.ytimg.com/vi/oec9R5ypf-o/mqdefault.jpg,https://www.youtube.com/watch?v=oec9R5ypf-o,雨愛,楊丞琳,"10月 29, 2010",81685,"58 New 雨愛 楊丞琳 10月 29, 2010 - 1 81,685"
2026-09-19,tw,Taiwan,top_videos_weekly,,59,https://i.ytimg.com/vi/uIWypArI73w/mqdefault.jpg,https://www.youtube.com/watch?v=uIWypArI73w,不能說的秘密,周杰倫,"6月 11, 2013",80305,"59 2 不能說的秘密 周杰倫 6月 11, 2013 61 2 80,305"
2026-09-19,tw,Taiwan,top_videos_weekly,,60,https://i.ytimg.com/vi/av8RjbM3aQ0/mqdefault.jpg,https://www.youtube.com/watch?v=av8RjbM3aQ0,愛 請問怎麼走,A-Lin,"11月 23, 2012",79063,"60 26 愛 請問怎麼走 A-Lin 11月 23, 2012 86 5 79,063"
2026-09-19,tw,Taiwan,top_videos_weekly,,61,https://i.ytimg.com/vi/_Xi_bJS_9wc/mqdefault.jpg,https://www.youtube.com/watch?v=_Xi_bJS_9wc,假如當初,李發發,"7月 13, 2026",79007,"61 34 假如當初 李发发 7月 13, 2026 95 3 79,007"
2026-09-19,tw,Taiwan,top_videos_weekly,,62,https://i.ytimg.com/vi/CnTz9B7JEW0/mqdefault.jpg,https://www.youtube.com/watch?v=CnTz9B7JEW0,Juice Boy 《等雨停》Official Music Video,Juice Boy,,,Juice Boy 《等雨停》Official Music Video Juice Boy
2026-09-19,tw,Taiwan,top_videos_weekly,,63,https://i.ytimg.com/vi/1jKnI_ib8c8/mqdefault.jpg,https://www.youtube.com/watch?v=1jKnI_ib8c8,Motto,ITZY,"5月 18, 2026",76793,"63 4 Motto ITZY 5月 18, 2026 67 5 76,793"
2026-09-19,tw,Taiwan,top_videos_weekly,,64,https://i.ytimg.com/vi/rl-MHMlueW0/mqdefault.jpg,https://www.youtube.com/watch?v=rl-MHMlueW0,偶像包袱,理想混蛋 Bestards,,,偶像包袱 理想混蛋 Bestards
2026-09-19,tw,Taiwan,top_videos_weekly,,65,https://i.ytimg.com/vi/0Wfy_RPv6y0/mqdefault.jpg,https://www.youtube.com/watch?v=0Wfy_RPv6y0,理想混蛋 Bestards × 高爾宣 OSN【一樣會愛上你 Ten Thousand Times Over】Official Music Video,理想混蛋 Bestards,,,理想混蛋 Bestards × 高爾宣 OSN【一樣會愛上你 Ten Thousand Times Over】Official Music Video 理想混蛋 Bestards
2026-09-19,tw,Taiwan,top_videos_weekly,,66,https://i.ytimg.com/vi/lHjqIe9XMCE/mqdefault.jpg,https://www.youtube.com/watch?v=lHjqIe9XMCE,李婷雪 - 你不該權衡利弊『你不該權衡利弊 衡量我的真心，畢竟我從未對你有過虛情假意。』【高音質HD|動態歌詞Lyrics】♫,4K Music Make,,,李婷雪 - 你不該權衡利弊『你不該權衡利弊 衡量我的真心，畢竟我從未對你有過虛情假意。』【高音質HD|動態歌詞Lyrics】♫ 4K Music Make
2026-09-19,tw,Taiwan,top_videos_weekly,,67,https://i.ytimg.com/vi/yjVe33q_NxE/mqdefault.jpg,https://www.youtube.com/watch?v=yjVe33q_NxE,李佳薇 《甲乙丙丁》臺語版 [Cover by 林吟蔚 Yinwei Lin] Full Official Version,林吟蔚,,,李佳薇 《甲乙丙丁》台語版 [Cover by 林吟蔚 Yinwei Lin] Full Official Version 林吟蔚
2026-09-19,tw,Taiwan,top_videos_weekly,,68,https://i.ytimg.com/vi/Jf-0DeVIBl8/mqdefault.jpg,https://www.youtube.com/watch?v=Jf-0DeVIBl8,情話摻沙,翁立友(WENG LI YOU),,,情話摻沙 翁立友(WENG LI YOU)
2026-09-19,tw,Taiwan,top_videos_weekly,,69,https://i.ytimg.com/vi/WbNC7Kxmzqk/mqdefault.jpg,https://www.youtube.com/watch?v=WbNC7Kxmzqk,艾薇Ivy〈請你停一停 Let me go〉Official Music Video,艾薇,,,艾薇Ivy〈請你停一停 Let me go〉Official Music Video 艾薇
2026-09-19,tw,Taiwan,top_videos_weekly,,70,https://i.ytimg.com/vi/_IT83Y_HcAw/mqdefault.jpg,https://www.youtube.com/watch?v=_IT83Y_HcAw,Less than a Lover,JENNIE,,,Less than a Lover JENNIE
2026-09-19,tw,Taiwan,top_videos_weekly,,71,https://i.ytimg.com/vi/6Ycn9qZK09I/mqdefault.jpg,https://www.youtube.com/watch?v=6Ycn9qZK09I,Heavy Serenade,NMIXX,,,Heavy Serenade NMIXX
2026-09-19,tw,Taiwan,top_videos_weekly,,72,https://i.ytimg.com/vi/MvfbHsG4b0A/mqdefault.jpg,https://www.youtube.com/watch?v=MvfbHsG4b0A,我是如此相信｜抒情R&B｜深情對唱｜原來愛如此的動聽,格雷樂團-Grey,,,我是如此相信｜抒情R&B｜深情對唱｜原來愛如此的動聽 格雷乐团-Grey
2026-09-19,tw,Taiwan,top_videos_weekly,,73,https://i.ytimg.com/vi/PIgH3PeeY6g/mqdefault.jpg,https://www.youtube.com/watch?v=PIgH3PeeY6g,你咁擱愛我,林琇琪 / 沈建豪,"7月 16, 2026",70023,"73 1 你咁擱愛我 林琇琪 & 沈建豪 7月 16, 2026 72 8 70,023"
2026-09-19,tw,Taiwan,top_videos_weekly,,74,https://i.ytimg.com/vi/l1UOPIr76CA/mqdefault.jpg,https://www.youtube.com/watch?v=l1UOPIr76CA,DECO*27 - 洗脳 feat. 初音ミク,DECO*27,,,DECO*27 - 洗脳 feat. 初音ミク DECO*27
2026-09-19,tw,Taiwan,top_videos_weekly,,75,https://i.ytimg.com/vi/XngCtwrzDM4/mqdefault.jpg,https://www.youtube.com/watch?v=XngCtwrzDM4,[COVER] 정한 - 晩餐歌 (만찬가) (원곡 : tuki.),Seventeen,,,[COVER] 정한 - 晩餐歌 (만찬가) (원곡 : tuki.) Seventeen
2026-09-19,tw,Taiwan,top_videos_weekly,,76,https://i.ytimg.com/vi/UwuAPyOImoI/mqdefault.jpg,https://www.youtube.com/watch?v=UwuAPyOImoI,"TAEYANG - 눈,코,입 (EYES, NOSE, LIPS) M/V",太陽,,,"TAEYANG - 눈,코,입 (EYES, NOSE, LIPS) M/V 太陽"
2026-09-19,tw,Taiwan,top_videos_weekly,,77,https://i.ytimg.com/vi/fcnDmrtj6Sk/mqdefault.jpg,https://www.youtube.com/watch?v=fcnDmrtj6Sk,Dai Dai,Shakira / Burna Boy,,,Dai Dai Shakira & Burna Boy
2026-09-19,tw,Taiwan,top_videos_weekly,,78,https://i.ytimg.com/vi/15dxI9BPxa4/mqdefault.jpg,https://www.youtube.com/watch?v=15dxI9BPxa4,最後一頁 (Live),王赫野 / 姚曉棠,,,最后一页 (Live) 王赫野 & 姚晓棠
2026-09-19,tw,Taiwan,top_videos_weekly,,79,https://i.ytimg.com/vi/BZ4UzthYTss/mqdefault.jpg,https://www.youtube.com/watch?v=BZ4UzthYTss,This & That,Stray Kids,,,This & That Stray Kids
2026-09-19,tw,Taiwan,top_videos_weekly,,80,https://i.ytimg.com/vi/82-jTNka3uc/mqdefault.jpg,https://www.youtube.com/watch?v=82-jTNka3uc,hate that i made you love me,Ariana Grande,,,hate that i made you love me Ariana Grande
2026-09-19,tw,Taiwan,top_videos_weekly,,81,https://i.ytimg.com/vi/GDsyUtdS1YM/mqdefault.jpg,https://www.youtube.com/watch?v=GDsyUtdS1YM,我不難過,孫燕姿,"7月 20, 2017",61840,"81 81 我不難過 孫燕姿 7月 20, 2017 - 2 61,840"
2026-09-19,tw,Taiwan,top_videos_weekly,,82,https://i.ytimg.com/vi/_gyultVTesk/mqdefault.jpg,https://www.youtube.com/watch?v=_gyultVTesk,2.0,防彈少年團,"4月 1, 2026",61571,"82 82 2.0 防彈少年團 4月 1, 2026 - 17 61,571"
2026-09-19,tw,Taiwan,top_videos_weekly,,83,https://i.ytimg.com/vi/JU0e83SmTJ4/mqdefault.jpg,https://www.youtube.com/watch?v=JU0e83SmTJ4,海嶼你,馬也Crabbit,"5月 15, 2026",60737,"83 83 海嶼你 马也Crabbit 5月 15, 2026 - 6 60,737"
2026-09-19,tw,Taiwan,top_videos_weekly,,84,https://i.ytimg.com/vi/6lN51mwvuA8/mqdefault.jpg,https://www.youtube.com/watch?v=6lN51mwvuA8,Gg Ez,M.Sasuke,"5月 30, 2026",59658,"84 7 Gg Ez M.Sasuke 5月 30, 2026 77 10 59,658"
2026-09-19,tw,Taiwan,top_videos_weekly,,85,https://i.ytimg.com/vi/3YxaaGgTQYM/mqdefault.jpg,https://www.youtube.com/watch?v=3YxaaGgTQYM,Bring Me To Life,Evanescence,,,Bring Me To Life Evanescence
2026-09-19,tw,Taiwan,top_videos_weekly,,86,https://i.ytimg.com/vi/Oq7Uq0cRIT0/mqdefault.jpg,https://www.youtube.com/watch?v=Oq7Uq0cRIT0,. Simi and Chapchap,,,,. Simi and Chapchap
2026-09-19,tw,Taiwan,top_videos_weekly,,87,https://i.ytimg.com/vi/HYjWKX8tAy4/mqdefault.jpg,https://www.youtube.com/watch?v=HYjWKX8tAy4,你就是我無可替代 (Live),,,831,你就是我無可替代 (Live) 831
2026-09-19,tw,Taiwan,top_videos_weekly,,88,https://i.ytimg.com/vi/omRez5-bIpY/mqdefault.jpg,https://www.youtube.com/watch?v=omRez5-bIpY,沒有人像我一樣,宇宙人,"6月 23, 2026",56911,"88 8 沒有人像我一樣 宇宙人 6月 23, 2026 80 10 56,911"
2026-09-19,tw,Taiwan,top_videos_weekly,,89,https://i.ytimg.com/vi/EDqib7BNE-M/mqdefault.jpg,https://www.youtube.com/watch?v=EDqib7BNE-M,Cosmos People 宇宙人 [ Dear You ] Official Music Video,宇宙人,,,Cosmos People 宇宙人 [ Dear You ] Official Music Video 宇宙人
2026-09-19,tw,Taiwan,top_videos_weekly,,90,https://i.ytimg.com/vi/aRiVUVNUhIs/mqdefault.jpg,https://www.youtube.com/watch?v=aRiVUVNUhIs,なんもねえ - Nannmonee,Wasureranneyo,,,なんもねえ - Nannmonee Wasureranneyo
2026-09-19,tw,Taiwan,top_videos_weekly,,91,https://i.ytimg.com/vi/46h0LvDHgIs/mqdefault.jpg,https://www.youtube.com/watch?v=46h0LvDHgIs,SUN KISS,TUIDE,"8月 24, 2026",56026,"91 6 SUN KISS TUIDE 8月 24, 2026 85 3 56,026"
2026-09-19,tw,Taiwan,top_videos_weekly,,92,https://i.ytimg.com/vi/Gnn4GRSzRXI/mqdefault.jpg,https://www.youtube.com/watch?v=Gnn4GRSzRXI,BOOMPALA,LE SSERAFIM,,,BOOMPALA LE SSERAFIM
2026-09-19,tw,Taiwan,top_videos_weekly,,93,https://i.ytimg.com/vi/8yQpPbM1vNo/mqdefault.jpg,https://www.youtube.com/watch?v=8yQpPbM1vNo,超人,王貳浪,"11月 7, 2022",55064,"93 93 超人 王貳浪 11月 7, 2022 - 7 55,064"
2026-09-19,tw,Taiwan,top_videos_weekly,,94,https://i.ytimg.com/vi/kXYiU_JCYtU/mqdefault.jpg,https://www.youtube.com/watch?v=kXYiU_JCYtU,Numb,Linkin Park,,,Numb Linkin Park
2026-09-19,tw,Taiwan,top_videos_weekly,,95,https://i.ytimg.com/vi/JJhlRIN90YY/mqdefault.jpg,https://www.youtube.com/watch?v=JJhlRIN90YY,愛情限時批,萬芳,"5月 20, 2012",54194,"95 95 愛情限時批 萬芳 5月 20, 2012 - 3 54,194"
2026-09-19,tw,Taiwan,top_videos_weekly,,96,https://i.ytimg.com/vi/lp-EO5I60KA/mqdefault.jpg,https://www.youtube.com/watch?v=lp-EO5I60KA,Thinking out Loud,Ed Sheeran,,,Thinking out Loud Ed Sheeran
2026-09-19,tw,Taiwan,top_videos_weekly,,97,https://i.ytimg.com/vi/NPqtL1dtrlA/mqdefault.jpg,https://www.youtube.com/watch?v=NPqtL1dtrlA,Love Options(연애의 조건),BESTIE,,,Love Options(연애의 조건) BESTIE
2026-09-19,tw,Taiwan,top_videos_weekly,,98,https://i.ytimg.com/vi/s6T4DXRKYHM/mqdefault.jpg,https://www.youtube.com/watch?v=s6T4DXRKYHM,明天會更好,蔡琴 / 王夢麟 / 金智娟 / 段鍾潭 / 王芷蕾 / 李珮菁 / 陳淑樺 / 王慶榮 / 鄭怡 / 齊豫 / 蘇芮 / 林慧萍 / 洪榮宏 / 費玉清 / 江蕙 / 黃鶯鶯 / 潘越雲 / 楊林 / 余天 / 李建復 / 甄妮 / 周侯勳,,,"明天會更好 蔡琴 , 王夢麟 , 金智娟 , 段鍾潭 , 王芷蕾 , 李珮菁 , 陳淑樺 , 王慶榮 , 鄭怡 , 齊豫 , 蘇芮 , 林慧萍 , 洪榮宏 , 費玉清 , 江蕙 , 黃鶯鶯 , 潘越雲 , 楊林 , 余天 , 李建復 , 甄妮 & 周侯勳"
2026-09-19,tw,Taiwan,top_videos_weekly,,99,https://i.ytimg.com/vi/B5u8JiGVI_k/mqdefault.jpg,https://www.youtube.com/watch?v=B5u8JiGVI_k,BIGBANG - ‘BiiiG’ DANCE PRACTICE,BIGBANG,,,BIGBANG - ‘BiiiG’ DANCE PRACTICE BIGBANG
2026-09-19,tw,Taiwan,top_videos_weekly,,100,https://i.ytimg.com/vi/SyAeCc0kXPI/mqdefault.jpg,https://www.youtube.com/watch?v=SyAeCc0kXPI,Heard About Her,FadingLoveSongs,,,Heard About Her FadingLoveSongs
2026-09-19,jp,Japan,top_videos_weekly,,1,https://i.ytimg.com/vi/FyS5dAywkEo/mqdefault.jpg,https://www.youtube.com/watch?v=FyS5dAywkEo,SaWaDiKa (Official Music Video),LISA,,,SaWaDiKa (Official Music Video) LISA
2026-09-19,jp,Japan,top_videos_weekly,,2,https://i.ytimg.com/vi/_tsGqSV1hy8/mqdefault.jpg,https://www.youtube.com/watch?v=_tsGqSV1hy8,"ACEes【P・A・R・A・D・O・X（嵐）】Arena Tour 2026 ""V"" より",ジュニアCHANNEL,,2026,"ACEes【P・A・R・A・D・O・X（嵐）】Arena Tour 2026 ""V"" より ジュニアCHANNEL"
2026-09-19,jp,Japan,top_videos_weekly,,3,https://i.ytimg.com/vi/bQBiZ5N-juo/mqdefault.jpg,https://www.youtube.com/watch?v=bQBiZ5N-juo,時空超えてユニバース - Toki Koete Universe,M!LK,,,時空超えてユニバース - Toki Koete Universe M!LK
2026-09-19,jp,Japan,top_videos_weekly,,4,https://i.ytimg.com/vi/y1obzZVKw_o/mqdefault.jpg,https://www.youtube.com/watch?v=y1obzZVKw_o,LEE JISOO / MISMATCH -Music Video-,HANA official,,,LEE JISOO / MISMATCH -Music Video- HANA official
2026-09-19,jp,Japan,top_videos_weekly,,5,https://i.ytimg.com/vi/sf02ugzPFE4/mqdefault.jpg,https://www.youtube.com/watch?v=sf02ugzPFE4,CLICK,JISOO,"9月 3, 2026",1792747,"5 New CLICK JISOO 9月 3, 2026 - 1 1,792,747"
2026-09-19,jp,Japan,top_videos_weekly,,6,https://i.ytimg.com/vi/ZVUxJsPfoX8/mqdefault.jpg,https://www.youtube.com/watch?v=ZVUxJsPfoX8,好きすぎて滅！,M!LK,"10月 27, 2025",1658623,"6 1 好きすぎて滅！ M!LK 10月 27, 2025 7 46 1,658,623"
2026-09-19,jp,Japan,top_videos_weekly,,7,https://i.ytimg.com/vi/KsHKaP50FBE/mqdefault.jpg,https://www.youtube.com/watch?v=KsHKaP50FBE,Yes! 東京,EBiDAN Ebisu Gakuen Boys Club,,,Yes! 東京 EBiDAN Ebisu Gakuen Boys Club
2026-09-19,jp,Japan,top_videos_weekly,,8,https://i.ytimg.com/vi/bMhDJ0S0OBA/mqdefault.jpg,https://www.youtube.com/watch?v=bMhDJ0S0OBA,It's Me,ILLIT,"4月 30, 2026",1586338,"8 ● It's Me ILLIT 4月 30, 2026 8 19 1,586,338"
2026-09-19,jp,Japan,top_videos_weekly,,9,https://i.ytimg.com/vi/dePs7UPp6GQ/mqdefault.jpg,https://www.youtube.com/watch?v=dePs7UPp6GQ,Brand New,Mrs. GREEN APPLE,,,Brand New Mrs. GREEN APPLE
2026-09-19,jp,Japan,top_videos_weekly,,10,https://i.ytimg.com/vi/GlsmJsqXfcI/mqdefault.jpg,https://www.youtube.com/watch?v=GlsmJsqXfcI,Yes! 東京,EBiDAN Ebisu Gakuen Boys Club,,,Yes! 東京 EBiDAN Ebisu Gakuen Boys Club
2026-09-19,jp,Japan,top_videos_weekly,,11,https://i.ytimg.com/vi/tpFDnOnOdSQ/mqdefault.jpg,https://www.youtube.com/watch?v=tpFDnOnOdSQ,爆裂愛してる,M!LK,"2月 18, 2026",1554358,"11 2 爆裂愛してる M!LK 2月 18, 2026 13 30 1,554,358"
2026-09-19,jp,Japan,top_videos_weekly,,12,https://i.ytimg.com/vi/YM_YU8HVpWM/mqdefault.jpg,https://www.youtube.com/watch?v=YM_YU8HVpWM,エアロピクルス,KomeAnime,,,エアロピクルス KomeAnime
2026-09-19,jp,Japan,top_videos_weekly,,13,https://i.ytimg.com/vi/37X8VVly1y8/mqdefault.jpg,https://www.youtube.com/watch?v=37X8VVly1y8,エアロピクルス,KomeAnime,,,エアロピクルス KomeAnime
2026-09-19,jp,Japan,top_videos_weekly,,14,https://i.ytimg.com/vi/3lOsboT-IWU/mqdefault.jpg,https://www.youtube.com/watch?v=3lOsboT-IWU,マイオンリー,SixTONES,"7月 17, 2026",1260755,"14 5 マイオンリー SixTONES 7月 17, 2026 19 8 1,260,755"
2026-09-19,jp,Japan,top_videos_weekly,,15,https://i.ytimg.com/vi/7VqCdhFGE78/mqdefault.jpg,https://www.youtube.com/watch?v=7VqCdhFGE78,罪と罰と雨とキス (佐野勇鬥&吉田仁人),M!LK,,,罪と罰と雨とキス (佐野勇斗&吉田仁人) M!LK
2026-09-19,jp,Japan,top_videos_weekly,,16,https://i.ytimg.com/vi/sBAv1wx4ghE/mqdefault.jpg,https://www.youtube.com/watch?v=sBAv1wx4ghE,見知らぬ糸 - Unknown Thread,SPITZ,,,見知らぬ糸 - Unknown Thread SPITZ
2026-09-19,jp,Japan,top_videos_weekly,,17,https://i.ytimg.com/vi/DHts_OiIwVc/mqdefault.jpg,https://www.youtube.com/watch?v=DHts_OiIwVc,Snow Man '奇跡' Animated Music Video,Snow Man,,,Snow Man '奇跡' Animated Music Video Snow Man
2026-09-19,jp,Japan,top_videos_weekly,,18,https://i.ytimg.com/vi/ikFaEAlO5N0/mqdefault.jpg,https://www.youtube.com/watch?v=ikFaEAlO5N0,"戀、はじめました。 - Koi, Hajimemashita.",=LOVE,,,"恋、はじめました。 - Koi, Hajimemashita. =LOVE"
2026-09-19,jp,Japan,top_videos_weekly,,19,https://i.ytimg.com/vi/57V50MOYeno/mqdefault.jpg,https://www.youtube.com/watch?v=57V50MOYeno,Never Fade Love (Live),KEY TO LIT,,,Never Fade Love (Live) KEY TO LIT
2026-09-19,jp,Japan,top_videos_weekly,,20,https://i.ytimg.com/vi/HHv5RZpvbV4/mqdefault.jpg,https://www.youtube.com/watch?v=HHv5RZpvbV4,show time...,Snow Man,,,show time... Snow Man
2026-09-19,jp,Japan,top_videos_weekly,,21,https://i.ytimg.com/vi/2I25AFSBm2g/mqdefault.jpg,https://www.youtube.com/watch?v=2I25AFSBm2g,夜の踴り子,魚韻,"9月 26, 2015",965989,"21 3 夜の踊り子 魚韻 9月 26, 2015 24 22 965,989"
2026-09-19,jp,Japan,top_videos_weekly,,22,https://i.ytimg.com/vi/LmZD-TU96q4/mqdefault.jpg,https://www.youtube.com/watch?v=LmZD-TU96q4,IRIS OUT,米津玄師,"9月 15, 2025",955573,"22 1 IRIS OUT 米津玄師 9月 15, 2025 23 52 955,573"
2026-09-19,jp,Japan,top_videos_weekly,,23,https://i.ytimg.com/vi/49xuoRZiLZ4/mqdefault.jpg,https://www.youtube.com/watch?v=49xuoRZiLZ4,エアロピクルス,KomeAnime,,,エアロピクルス KomeAnime
2026-09-19,jp,Japan,top_videos_weekly,,24,https://i.ytimg.com/vi/3C0EOqt7sqA/mqdefault.jpg,https://www.youtube.com/watch?v=3C0EOqt7sqA,You!Joy!Parade!,M!LK,,,You!Joy!Parade! M!LK
2026-09-19,jp,Japan,top_videos_weekly,,25,https://i.ytimg.com/vi/EUCRNhQlKYc/mqdefault.jpg,https://www.youtube.com/watch?v=EUCRNhQlKYc,灰色 - Gray,Motoki Ohmori,,,灰色 - Gray Motoki Ohmori
2026-09-19,jp,Japan,top_videos_weekly,,26,https://i.ytimg.com/vi/aRiVUVNUhIs/mqdefault.jpg,https://www.youtube.com/watch?v=aRiVUVNUhIs,なんもねえ - Nannmonee,Wasureranneyo,,,なんもねえ - Nannmonee Wasureranneyo
2026-09-19,jp,Japan,top_videos_weekly,,27,https://i.ytimg.com/vi/Lz24PqZkF2s/mqdefault.jpg,https://www.youtube.com/watch?v=Lz24PqZkF2s,HOT LIMIT,T.M.Revolution,,,HOT LIMIT T.M.Revolution
2026-09-19,jp,Japan,top_videos_weekly,,28,https://i.ytimg.com/vi/_p8DUwxfXIQ/mqdefault.jpg,https://www.youtube.com/watch?v=_p8DUwxfXIQ,「アイドルになった日」ジュニア 夏祭り 2026 より,ジュニアCHANNEL,,2026,「アイドルになった日」ジュニア 夏祭り 2026 より ジュニアCHANNEL
2026-09-19,jp,Japan,top_videos_weekly,,29,https://i.ytimg.com/vi/l1UOPIr76CA/mqdefault.jpg,https://www.youtube.com/watch?v=l1UOPIr76CA,DECO*27 - 洗脳 feat. 初音ミク,DECO*27,,,DECO*27 - 洗脳 feat. 初音ミク DECO*27
2026-09-19,jp,Japan,top_videos_weekly,,30,https://i.ytimg.com/vi/a2GujJZfXpg/mqdefault.jpg,https://www.youtube.com/watch?v=a2GujJZfXpg,スパークル - Sparkle,RADWIMPS,,,スパークル - Sparkle RADWIMPS
2026-09-19,jp,Japan,top_videos_weekly,,31,https://i.ytimg.com/vi/YjPMupS1Lg4/mqdefault.jpg,https://www.youtube.com/watch?v=YjPMupS1Lg4,烏,米津玄師,"6月 18, 2026",755942,"31 3 烏 米津玄師 6月 18, 2026 28 13 755,942"
2026-09-19,jp,Japan,top_videos_weekly,,32,https://i.ytimg.com/vi/Zlvi1XhyPSk/mqdefault.jpg,https://www.youtube.com/watch?v=Zlvi1XhyPSk,So Honey,King & Prince,,,So Honey King & Prince
2026-09-19,jp,Japan,top_videos_weekly,,33,https://i.ytimg.com/vi/MePfySTuk_E/mqdefault.jpg,https://www.youtube.com/watch?v=MePfySTuk_E,なにわ男子 - Moonlit [なにわ男子 LIVE TOUR 2026 「ND⁵」],Naniwa Danshi,,2026,なにわ男子 - Moonlit [なにわ男子 LIVE TOUR 2026 「ND⁵」] Naniwa Danshi
2026-09-19,jp,Japan,top_videos_weekly,,34,https://i.ytimg.com/vi/v4kWR_REDEU/mqdefault.jpg,https://www.youtube.com/watch?v=v4kWR_REDEU,分かっちゃいないね,花隈千冬 / monet,,,分かっちゃいないね 花隈千冬 & monet
2026-09-19,jp,Japan,top_videos_weekly,,35,https://i.ytimg.com/vi/K3LE1pHbz0M/mqdefault.jpg,https://www.youtube.com/watch?v=K3LE1pHbz0M,BE:FIRST / Missing -from TBS系「CDTVライブ！ライブ！」-,BE:FIRST,,,BE:FIRST / Missing -from TBS系「CDTVライブ！ライブ！」- BE:FIRST
2026-09-19,jp,Japan,top_videos_weekly,,36,https://i.ytimg.com/vi/1DzBKtD3JzI/mqdefault.jpg,https://www.youtube.com/watch?v=1DzBKtD3JzI,Five,嵐,"3月 5, 2026",642097,"36 1 Five 嵐 3月 5, 2026 37 28 642,097"
2026-09-19,jp,Japan,top_videos_weekly,,37,https://i.ytimg.com/vi/MjeiIal1ZR0/mqdefault.jpg,https://www.youtube.com/watch?v=MjeiIal1ZR0,lulu.,Mrs. GREEN APPLE,,,lulu. Mrs. GREEN APPLE
2026-09-19,jp,Japan,top_videos_weekly,,38,https://i.ytimg.com/vi/2sKrO1oFQHg/mqdefault.jpg,https://www.youtube.com/watch?v=2sKrO1oFQHg,Yes! 東京 (Instrumental),EBiDAN Ebisu Gakuen Boys Club,,,Yes! 東京 (Instrumental) EBiDAN Ebisu Gakuen Boys Club
2026-09-19,jp,Japan,top_videos_weekly,,39,https://i.ytimg.com/vi/Y6kCZTIkQw4/mqdefault.jpg,https://www.youtube.com/watch?v=Y6kCZTIkQw4,チラチLOVE,M!LK,"7月 3, 2026",616552,"39 6 チラチLOVE M!LK 7月 3, 2026 33 10 616,552"
2026-09-19,jp,Japan,top_videos_weekly,,40,https://i.ytimg.com/vi/7xYekUcLRs4/mqdefault.jpg,https://www.youtube.com/watch?v=7xYekUcLRs4,Libera Me From Hell - Mori Calliope x Elizabeth Rose Bloodflame // GURREN LAGANN (Cover),Mori Calliope,,,Libera Me From Hell - Mori Calliope x Elizabeth Rose Bloodflame // GURREN LAGANN (Cover) Mori Calliope
2026-09-19,jp,Japan,top_videos_weekly,,41,https://i.ytimg.com/vi/gNg2Qw5R-Q4/mqdefault.jpg,https://www.youtube.com/watch?v=gNg2Qw5R-Q4,セレナーデ - Serenade,natori,,,セレナーデ - Serenade natori
2026-09-19,jp,Japan,top_videos_weekly,,42,https://i.ytimg.com/vi/lOpdrEgmYzY/mqdefault.jpg,https://www.youtube.com/watch?v=lOpdrEgmYzY,It's Me,ILLIT,"5月 6, 2026",594496,"42 1 It's Me ILLIT 5月 6, 2026 43 15 594,496"
2026-09-19,jp,Japan,top_videos_weekly,,43,https://i.ytimg.com/vi/kcXKLaLNqww/mqdefault.jpg,https://www.youtube.com/watch?v=kcXKLaLNqww,しおざきわんだーらんど,M!LK,,,しおざきわんだーらんど M!LK
2026-09-19,jp,Japan,top_videos_weekly,,44,https://i.ytimg.com/vi/hUEj3J4xHPU/mqdefault.jpg,https://www.youtube.com/watch?v=hUEj3J4xHPU,Do As Infinity - 陽のあたる坂道 / THE FIRST TAKE,THE FIRST TAKE,,,Do As Infinity - 陽のあたる坂道 / THE FIRST TAKE THE FIRST TAKE
2026-09-19,jp,Japan,top_videos_weekly,,45,https://i.ytimg.com/vi/fEiWFS9hoNM/mqdefault.jpg,https://www.youtube.com/watch?v=fEiWFS9hoNM,ONE N’ ONLY／ “Samba de Night Fever” Dance Performance Video,ONE N' ONLY,,,ONE N’ ONLY／ “Samba de Night Fever” Dance Performance Video ONE N' ONLY
2026-09-19,jp,Japan,top_videos_weekly,,46,https://i.ytimg.com/vi/ru6i9lo4zBE/mqdefault.jpg,https://www.youtube.com/watch?v=ru6i9lo4zBE,ブルーアンバー - Blue Amber,back number,,,ブルーアンバー - Blue Amber back number
2026-09-19,jp,Japan,top_videos_weekly,,47,https://i.ytimg.com/vi/e4M8z1xGTw0/mqdefault.jpg,https://www.youtube.com/watch?v=e4M8z1xGTw0,アイドルパワー (Live),M!LK,,,アイドルパワー (Live) M!LK
2026-09-19,jp,Japan,top_videos_weekly,,48,https://i.ytimg.com/vi/LM875jeR-PM/mqdefault.jpg,https://www.youtube.com/watch?v=LM875jeR-PM,It's Me,ILLIT,"5月 7, 2026",524169,"48 4 It's Me ILLIT 5月 7, 2026 52 17 524,169"
2026-09-19,jp,Japan,top_videos_weekly,,49,https://i.ytimg.com/vi/mgFUz_c4ToM/mqdefault.jpg,https://www.youtube.com/watch?v=mgFUz_c4ToM,日向坂46『イチャイチャ蟲』MUSIC VIDEO,日向坂46,,,日向坂46『イチャイチャ虫』MUSIC VIDEO 日向坂46
2026-09-19,jp,Japan,top_videos_weekly,,50,https://i.ytimg.com/vi/OHAjc-ayhus/mqdefault.jpg,https://www.youtube.com/watch?v=OHAjc-ayhus,あぶく,YORUSHIKA,"4月 24, 2026",518044,"50 3 あぶく YORUSHIKA 4月 24, 2026 53 20 518,044"
2026-09-19,jp,Japan,top_videos_weekly,,51,https://i.ytimg.com/vi/hktq9iC-K7Y/mqdefault.jpg,https://www.youtube.com/watch?v=hktq9iC-K7Y,マカロニえんぴつ - ルート16 / THE FIRST TAKE,THE FIRST TAKE,,,マカロニえんぴつ - ルート16 / THE FIRST TAKE THE FIRST TAKE
2026-09-19,jp,Japan,top_videos_weekly,,52,https://i.ytimg.com/vi/F-NcvXY8_vU/mqdefault.jpg,https://www.youtube.com/watch?v=F-NcvXY8_vU,&TEAM 'Mark on Me' Official MV,&TEAM,,,&TEAM 'Mark on Me' Official MV &TEAM
2026-09-19,jp,Japan,top_videos_weekly,,53,https://i.ytimg.com/vi/TzH5BsJj81Y/mqdefault.jpg,https://www.youtube.com/watch?v=TzH5BsJj81Y,アクマバライ - Exorcist,Something's off with my Vocaloid,,,アクマバライ - Exorcist Something's off with my Vocaloid
2026-09-19,jp,Japan,top_videos_weekly,,54,https://i.ytimg.com/vi/h-TPXFw_q0I/mqdefault.jpg,https://www.youtube.com/watch?v=h-TPXFw_q0I,グッタイム - Good Time,Snow Man,,,グッタイム - Good Time Snow Man
2026-09-19,jp,Japan,top_videos_weekly,,55,https://i.ytimg.com/vi/BDUItFbK_U4/mqdefault.jpg,https://www.youtube.com/watch?v=BDUItFbK_U4,彼方,FictionJunction,,,彼方 FictionJunction
2026-09-19,jp,Japan,top_videos_weekly,,56,https://i.ytimg.com/vi/iTNwVheLpj8/mqdefault.jpg,https://www.youtube.com/watch?v=iTNwVheLpj8,好きでいて - Suki de Ite,Ado,,,好きでいて - Suki de Ite Ado
2026-09-19,jp,Japan,top_videos_weekly,,57,https://i.ytimg.com/vi/qFhspt7zsXg/mqdefault.jpg,https://www.youtube.com/watch?v=qFhspt7zsXg,BUGS LIFE,Number_i,,,BUGS LIFE Number_i
2026-09-19,jp,Japan,top_videos_weekly,,58,https://i.ytimg.com/vi/-q_S27LbNKU/mqdefault.jpg,https://www.youtube.com/watch?v=-q_S27LbNKU,BAD,ATEEZ,"6月 25, 2026",460518,"58 5 BAD ATEEZ 6月 25, 2026 63 9 460,518"
2026-09-19,jp,Japan,top_videos_weekly,,59,https://i.ytimg.com/vi/y07T1sYiPVY/mqdefault.jpg,https://www.youtube.com/watch?v=y07T1sYiPVY,爆裂愛してる - Bakuretsu Aishiteru,M!LK,,,爆裂愛してる - Bakuretsu Aishiteru M!LK
2026-09-19,jp,Japan,top_videos_weekly,,60,https://i.ytimg.com/vi/l2jvIuTp534/mqdefault.jpg,https://www.youtube.com/watch?v=l2jvIuTp534,夜鷹,米津玄師,"7月 15, 2026",445801,"60 4 夜鷹 米津玄師 7月 15, 2026 56 9 445,801"
2026-09-19,jp,Japan,top_videos_weekly,,61,https://i.ytimg.com/vi/I_6m6_Ylyd8/mqdefault.jpg,https://www.youtube.com/watch?v=I_6m6_Ylyd8,Missing,BE:FIRST,,,Missing BE:FIRST
2026-09-19,jp,Japan,top_videos_weekly,,62,https://i.ytimg.com/vi/Vd2ZvQZNX2g/mqdefault.jpg,https://www.youtube.com/watch?v=Vd2ZvQZNX2g,マリーゴールド - Marigold (Anniversary Movie),愛繆,,,マリーゴールド - Marigold (Anniversary Movie) 愛繆
2026-09-19,jp,Japan,top_videos_weekly,,63,https://i.ytimg.com/vi/dEEd9HHEQE0/mqdefault.jpg,https://www.youtube.com/watch?v=dEEd9HHEQE0,真・運命,M!LK,"6月 17, 2026",424705,"63 47 真・運命 M!LK 6月 17, 2026 16 13 424,705"
2026-09-19,jp,Japan,top_videos_weekly,,64,https://i.ytimg.com/vi/PmkN1iH4Ci4/mqdefault.jpg,https://www.youtube.com/watch?v=PmkN1iH4Ci4,GO GHOST,King Gnu,,,GO GHOST King Gnu
2026-09-19,jp,Japan,top_videos_weekly,,65,https://i.ytimg.com/vi/pbZrLrYQ6mo/mqdefault.jpg,https://www.youtube.com/watch?v=pbZrLrYQ6mo,天國,Mrs. GREEN APPLE,,,天国 Mrs. GREEN APPLE
2026-09-19,jp,Japan,top_videos_weekly,,66,https://i.ytimg.com/vi/2QEiMAsjGxw/mqdefault.jpg,https://www.youtube.com/watch?v=2QEiMAsjGxw,三浦大知 (Daichi Miura) / オリジナルフェイク -Music Video-,三浦大知,,,三浦大知 (Daichi Miura) / オリジナルフェイク -Music Video- 三浦大知
2026-09-19,jp,Japan,top_videos_weekly,,67,https://i.ytimg.com/vi/_56xLKRcVYM/mqdefault.jpg,https://www.youtube.com/watch?v=_56xLKRcVYM,BEYOOOOONDS「灰toダイヤモンド」YOKOOOOOHAMA ARENA Live Edit.,BEYOOOOONDS,,,BEYOOOOONDS「灰toダイヤモンド」YOKOOOOOHAMA ARENA Live Edit. BEYOOOOONDS
2026-09-19,jp,Japan,top_videos_weekly,,68,https://www.youtube.com/s/charts/images/top_videos.png,,10 目前無資料,,"1月 1, 1970",396562,"68 10 目前無資料 1月 1, 1970 58 4 396,562"
2026-09-19,jp,Japan,top_videos_weekly,,69,https://i.ytimg.com/vi/T24rF_x0TmQ/mqdefault.jpg,https://www.youtube.com/watch?v=T24rF_x0TmQ,ヤラララ,AnythingBecomeMoe,,,ヤラララ AnythingBecomeMoe
2026-09-19,jp,Japan,top_videos_weekly,,70,https://i.ytimg.com/vi/nRsTHcp3EwI/mqdefault.jpg,https://www.youtube.com/watch?v=nRsTHcp3EwI,アイドルライフメガパック - IDOL LiFE MEGA PACK,iLiFE!,,,アイドルライフメガパック - IDOL LiFE MEGA PACK iLiFE!
2026-09-19,jp,Japan,top_videos_weekly,,71,https://i.ytimg.com/vi/75MEFldsJKc/mqdefault.jpg,https://www.youtube.com/watch?v=75MEFldsJKc,KO1KEYZ,KO1KEYZ,"8月 16, 2026",379400,"71 39 KO1KEYZ KO1KEYZ 8月 16, 2026 32 4 379,400"
2026-09-19,jp,Japan,top_videos_weekly,,72,https://i.ytimg.com/vi/TtAgxS48tyg/mqdefault.jpg,https://www.youtube.com/watch?v=TtAgxS48tyg,クエスチョン - Question,meiyo,,,クエスチョン - Question meiyo
2026-09-19,jp,Japan,top_videos_weekly,,73,https://i.ytimg.com/vi/oAwzFFEYm38/mqdefault.jpg,https://www.youtube.com/watch?v=oAwzFFEYm38,Skibidi,Girls' Generation-HRS,,,Skibidi Girls' Generation-HRS
2026-09-19,jp,Japan,top_videos_weekly,,74,https://i.ytimg.com/vi/QwptBhqOYJQ/mqdefault.jpg,https://www.youtube.com/watch?v=QwptBhqOYJQ,BPM,Kvi Baba,"8月 29, 2026",369894,"74 38 BPM Kvi Baba 8月 29, 2026 36 2 369,894"
2026-09-19,jp,Japan,top_videos_weekly,,75,https://i.ytimg.com/vi/oWRCXGvcU9s/mqdefault.jpg,https://www.youtube.com/watch?v=oWRCXGvcU9s,愛くださいませ,NOT EQUAL ME,,,愛くださいませ NOT EQUAL ME
2026-09-19,jp,Japan,top_videos_weekly,,76,https://i.ytimg.com/vi/G4lqzvRpwVY/mqdefault.jpg,https://www.youtube.com/watch?v=G4lqzvRpwVY,グッタイム - Good Time,Snow Man,,,グッタイム - Good Time Snow Man
2026-09-19,jp,Japan,top_videos_weekly,,77,https://i.ytimg.com/vi/6lN51mwvuA8/mqdefault.jpg,https://www.youtube.com/watch?v=6lN51mwvuA8,Gg Ez,M.Sasuke,"5月 30, 2026",363284,"77 2 Gg Ez M.Sasuke 5月 30, 2026 75 6 363,284"
2026-09-19,jp,Japan,top_videos_weekly,,78,https://i.ytimg.com/vi/9NJI7cLZ2Qg/mqdefault.jpg,https://www.youtube.com/watch?v=9NJI7cLZ2Qg,風と町,Mrs. GREEN APPLE,,,風と町 Mrs. GREEN APPLE
2026-09-19,jp,Japan,top_videos_weekly,,79,https://i.ytimg.com/vi/OuxJ2yZKvtU/mqdefault.jpg,https://www.youtube.com/watch?v=OuxJ2yZKvtU,TWS - OVERDRIVE / THE FIRST TAKE,THE FIRST TAKE,,,TWS - OVERDRIVE / THE FIRST TAKE THE FIRST TAKE
2026-09-19,jp,Japan,top_videos_weekly,,80,https://i.ytimg.com/vi/eB-IK2wPWzw/mqdefault.jpg,https://www.youtube.com/watch?v=eB-IK2wPWzw,BAD,ATEEZ,"8月 1, 2026",350616,"80 9 BAD ATEEZ 8月 1, 2026 89 2 350,616"
2026-09-19,jp,Japan,top_videos_weekly,,81,https://i.ytimg.com/vi/TfvYFX06Mes/mqdefault.jpg,https://www.youtube.com/watch?v=TfvYFX06Mes,真夜中のZOO (Live),ACEes,,,真夜中のZOO (Live) ACEes
2026-09-19,jp,Japan,top_videos_weekly,,82,https://www.youtube.com/s/charts/images/top_videos.png,,9 目前無資料,,"1月 1, 1970",343298,"82 9 目前無資料 1月 1, 1970 91 2 343,298"
2026-09-19,jp,Japan,top_videos_weekly,,83,https://i.ytimg.com/vi/0beWrfj7AvE/mqdefault.jpg,https://www.youtube.com/watch?v=0beWrfj7AvE,ガチ夢中！ - GACHI MUCHU！,超特急,,,ガチ夢中！ - GACHI MUCHU！ 超特急
2026-09-19,jp,Japan,top_videos_weekly,,84,https://i.ytimg.com/vi/VQmdUnlNnds/mqdefault.jpg,https://www.youtube.com/watch?v=VQmdUnlNnds,キュートなキューたい,CUTIE STREET,,,キュートなキューたい CUTIE STREET
2026-09-19,jp,Japan,top_videos_weekly,,85,https://i.ytimg.com/vi/PPdh1w79wvU/mqdefault.jpg,https://www.youtube.com/watch?v=PPdh1w79wvU,「好きだよ。〜100回の後悔〜（18th ver.）」【Special Movie】,聲納口袋,,100,「好きだよ。〜100回の後悔〜（18th ver.）」【Special Movie】 聲納口袋
2026-09-19,jp,Japan,top_videos_weekly,,86,https://i.ytimg.com/vi/OxzdMNTJXmg/mqdefault.jpg,https://www.youtube.com/watch?v=OxzdMNTJXmg,Novelbright - Walking with you [Official Music Video],Novelbright,,,Novelbright - Walking with you [Official Music Video] Novelbright
2026-09-19,jp,Japan,top_videos_weekly,,87,https://i.ytimg.com/vi/-H4bB6hxeEs/mqdefault.jpg,https://www.youtube.com/watch?v=-H4bB6hxeEs,きゃぴ (Kyapi),Houshou Marine,,,きゃぴ (Kyapi) Houshou Marine
2026-09-19,jp,Japan,top_videos_weekly,,88,https://i.ytimg.com/vi/lmYusdmVg28/mqdefault.jpg,https://www.youtube.com/watch?v=lmYusdmVg28,Dance Forever,SixTONES,,,Dance Forever SixTONES
2026-09-19,jp,Japan,top_videos_weekly,,89,https://i.ytimg.com/vi/qf4kjBYR3O0/mqdefault.jpg,https://www.youtube.com/watch?v=qf4kjBYR3O0,星野源 - 好き [Official Video],星野源 Gen Hoshino,,,星野源 - 好き [Official Video] 星野源 Gen Hoshino
2026-09-19,jp,Japan,top_videos_weekly,,90,https://i.ytimg.com/vi/H4SaBZ4-Brw/mqdefault.jpg,https://www.youtube.com/watch?v=H4SaBZ4-Brw,板野友美／ふいに (Music Video),板野友美,,,板野友美／ふいに (Music Video) 板野友美
2026-09-19,jp,Japan,top_videos_weekly,,91,https://i.ytimg.com/vi/8_fvXRL9VEY/mqdefault.jpg,https://www.youtube.com/watch?v=8_fvXRL9VEY,スターダスト - Stardust,Official髭男dism,,,スターダスト - Stardust Official髭男dism
2026-09-19,jp,Japan,top_videos_weekly,,92,https://i.ytimg.com/vi/Jjojd47bu-s/mqdefault.jpg,https://www.youtube.com/watch?v=Jjojd47bu-s,ケセラセラ - CEREMONY (Live),Mrs. GREEN APPLE,,,ケセラセラ - CEREMONY (Live) Mrs. GREEN APPLE
2026-09-19,jp,Japan,top_videos_weekly,,93,https://i.ytimg.com/vi/QzNd53mcPLU/mqdefault.jpg,https://www.youtube.com/watch?v=QzNd53mcPLU,日向坂46『風にキンモクセイ』MUSIC VIDEO,日向坂46,,,日向坂46『風にキンモクセイ』MUSIC VIDEO 日向坂46
2026-09-19,jp,Japan,top_videos_weekly,,94,https://i.ytimg.com/vi/1kclvH2oBBA/mqdefault.jpg,https://www.youtube.com/watch?v=1kclvH2oBBA,【MV】トマト／ASOBI同盟,ASOBI Doumei,,,【MV】トマト／ASOBI同盟 ASOBI Doumei
2026-09-19,jp,Japan,top_videos_weekly,,95,https://i.ytimg.com/vi/wp_4AThBtCA/mqdefault.jpg,https://www.youtube.com/watch?v=wp_4AThBtCA,鬼事 - ONIGOTO,Kento Nakajima,,,鬼事 - ONIGOTO Kento Nakajima
2026-09-19,jp,Japan,top_videos_weekly,,96,https://i.ytimg.com/vi/83C3TZ4Zm_o/mqdefault.jpg,https://www.youtube.com/watch?v=83C3TZ4Zm_o,LEMONADE,aespa,"5月 28, 2026",304714,"96 4 LEMONADE aespa 5月 28, 2026 92 15 304,714"
2026-09-19,jp,Japan,top_videos_weekly,,97,https://i.ytimg.com/vi/OhtxrbPqusg/mqdefault.jpg,https://www.youtube.com/watch?v=OhtxrbPqusg,乃木坂46 6期生 - 全力ラップタイム / Live at CENTRAL26,THE FIRST TAKE,,,乃木坂46 6期生 - 全力ラップタイム / Live at CENTRAL26 THE FIRST TAKE
2026-09-19,jp,Japan,top_videos_weekly,,98,https://i.ytimg.com/vi/-WIyGsIMIr0/mqdefault.jpg,https://www.youtube.com/watch?v=-WIyGsIMIr0,BPM,Kvi Baba,"7月 1, 2026",293542,"98 98 BPM Kvi Baba 7月 1, 2026 - 6 293,542"
2026-09-19,jp,Japan,top_videos_weekly,,99,https://i.ytimg.com/vi/MT-4Bk1Lw8g/mqdefault.jpg,https://www.youtube.com/watch?v=MT-4Bk1Lw8g,Bloody Paradise,ENHYPEN,,,Bloody Paradise ENHYPEN
2026-09-19,jp,Japan,top_videos_weekly,,100,https://i.ytimg.com/vi/Lp7Tt2x_wDY/mqdefault.jpg,https://www.youtube.com/watch?v=Lp7Tt2x_wDY,【MV】LiMiT STRiKER! / iLiFE!【EWC × REJECT テーマソング】,iLiFE!,,,【MV】LiMiT STRiKER! / iLiFE!【EWC × REJECT テーマソング】 iLiFE!
2026-09-19,kr,South Korea,top_videos_weekly,,1,https://i.ytimg.com/vi/FyS5dAywkEo/mqdefault.jpg,https://www.youtube.com/watch?v=FyS5dAywkEo,SaWaDiKa (Official Music Video),LISA,,,SaWaDiKa (Official Music Video) LISA
2026-09-19,kr,South Korea,top_videos_weekly,,2,https://i.ytimg.com/vi/7mDDM0eBWR0/mqdefault.jpg,https://www.youtube.com/watch?v=7mDDM0eBWR0,소연 (SOYEON) '퇴사할게여 (Narr. 기안84)' Official Music Video,i-dle (아이들),,,소연 (SOYEON) '퇴사할게여 (Narr. 기안84)' Official Music Video i-dle (아이들)
2026-09-19,kr,South Korea,top_videos_weekly,,3,https://i.ytimg.com/vi/sf02ugzPFE4/mqdefault.jpg,https://www.youtube.com/watch?v=sf02ugzPFE4,CLICK,JISOO,"9月 3, 2026",1965624,"3 New CLICK JISOO 9月 3, 2026 - 1 1,965,624"
2026-09-19,kr,South Korea,top_videos_weekly,,4,https://i.ytimg.com/vi/oAwzFFEYm38/mqdefault.jpg,https://www.youtube.com/watch?v=oAwzFFEYm38,Skibidi,Girls' Generation-HRS,,,Skibidi Girls' Generation-HRS
2026-09-19,kr,South Korea,top_videos_weekly,,5,https://i.ytimg.com/vi/GxChUrrY4bc/mqdefault.jpg,https://www.youtube.com/watch?v=GxChUrrY4bc,꿈꾸던 어른이 되었나요?,머무르,,,꿈꾸던 어른이 되었나요? 머무르
2026-09-19,kr,South Korea,top_videos_weekly,,6,https://i.ytimg.com/vi/d6rrtRhN9YM/mqdefault.jpg,https://www.youtube.com/watch?v=d6rrtRhN9YM,임영웅 '또또' Official M/V,任英雄,,,임영웅 '또또' Official M/V 任英雄
2026-09-19,kr,South Korea,top_videos_weekly,,7,https://i.ytimg.com/vi/-q_S27LbNKU/mqdefault.jpg,https://www.youtube.com/watch?v=-q_S27LbNKU,BAD,ATEEZ,"6月 25, 2026",659810,"7 1 BAD ATEEZ 6月 25, 2026 6 11 659,810"
2026-09-19,kr,South Korea,top_videos_weekly,,8,https://i.ytimg.com/vi/qZlu2j2SiBA/mqdefault.jpg,https://www.youtube.com/watch?v=qZlu2j2SiBA,Pretty Girl,RESCENE,,,Pretty Girl RESCENE
2026-09-19,kr,South Korea,top_videos_weekly,,9,https://i.ytimg.com/vi/Jxgbfc89hNI/mqdefault.jpg,https://www.youtube.com/watch?v=Jxgbfc89hNI,Suddenly,I.O.I,"5月 19, 2026",560137,"9 2 Suddenly I.O.I 5月 19, 2026 11 17 560,137"
2026-09-19,kr,South Korea,top_videos_weekly,,10,https://i.ytimg.com/vi/9XttLI0oH0I/mqdefault.jpg,https://www.youtube.com/watch?v=9XttLI0oH0I,LOVE ATTACK,RESCENE,,,LOVE ATTACK RESCENE
2026-09-19,kr,South Korea,top_videos_weekly,,11,https://i.ytimg.com/vi/L8ZnXgbyUuc/mqdefault.jpg,https://www.youtube.com/watch?v=L8ZnXgbyUuc,BIGBANG - ‘BiiiG’ M/V,BIGBANG,,,BIGBANG - ‘BiiiG’ M/V BIGBANG
2026-09-19,kr,South Korea,top_videos_weekly,,12,https://i.ytimg.com/vi/XPUOHpkRAxg/mqdefault.jpg,https://www.youtube.com/watch?v=XPUOHpkRAxg,마음의 숲,조선힙합,"4月 9, 2026",460748,"12 2 마음의 숲 조선힙합 4月 9, 2026 14 16 460,748"
2026-09-19,kr,South Korea,top_videos_weekly,,13,https://i.ytimg.com/vi/ZbO9PBdFRdc/mqdefault.jpg,https://www.youtube.com/watch?v=ZbO9PBdFRdc,Deja Vu,RESCENE,"7月 2, 2025",443713,"13 ● Deja Vu RESCENE 7月 2, 2025 13 17 443,713"
2026-09-19,kr,South Korea,top_videos_weekly,,14,https://i.ytimg.com/vi/bMhDJ0S0OBA/mqdefault.jpg,https://www.youtube.com/watch?v=bMhDJ0S0OBA,It's Me,ILLIT,"4月 30, 2026",403368,"14 3 It's Me ILLIT 4月 30, 2026 17 20 403,368"
2026-09-19,kr,South Korea,top_videos_weekly,,15,https://i.ytimg.com/vi/6KckN5hZl80/mqdefault.jpg,https://www.youtube.com/watch?v=6KckN5hZl80,[MV] Lim Young Woong(임영웅) _ ToTo(또또),Lim Young Woong,,,[MV] Lim Young Woong(임영웅) _ ToTo(또또) Lim Young Woong
2026-09-19,kr,South Korea,top_videos_weekly,,16,https://i.ytimg.com/vi/1rAos7HClwI/mqdefault.jpg,https://www.youtube.com/watch?v=1rAos7HClwI,"RYUJIN “REDRED” @ ITZY The 5th Fan Meeting “ALL IN, MIDZY”",ITZY,,,"RYUJIN “REDRED” @ ITZY The 5th Fan Meeting “ALL IN, MIDZY” ITZY"
2026-09-19,kr,South Korea,top_videos_weekly,,17,https://i.ytimg.com/vi/oHFQ6aKTAMw/mqdefault.jpg,https://www.youtube.com/watch?v=oHFQ6aKTAMw,P1Harmony (피원하모니) INTAK (인탁) -‘Hip Song’ (비) LIVE CLIP @2026 FAN MEETING [P1uspace H : Horror Haven],P1Harmony,,2026,P1Harmony (피원하모니) INTAK (인탁) -‘Hip Song’ (비) LIVE CLIP @2026 FAN MEETING [P1uspace H : Horror Haven] P1Harmony
2026-09-19,kr,South Korea,top_videos_weekly,,18,https://i.ytimg.com/vi/s466YCiHfKw/mqdefault.jpg,https://www.youtube.com/watch?v=s466YCiHfKw,FALLEN ANGEL (Official Video),JENNIE,,,FALLEN ANGEL (Official Video) JENNIE
2026-09-19,kr,South Korea,top_videos_weekly,,19,https://i.ytimg.com/vi/83C3TZ4Zm_o/mqdefault.jpg,https://www.youtube.com/watch?v=83C3TZ4Zm_o,LEMONADE,aespa,"5月 28, 2026",360687,"19 2 LEMONADE aespa 5月 28, 2026 21 15 360,687"
2026-09-19,kr,South Korea,top_videos_weekly,,20,https://i.ytimg.com/vi/-gOa-0HMP3U/mqdefault.jpg,https://www.youtube.com/watch?v=-gOa-0HMP3U,나에게로의 초대(2026),ASHATREE / LEE YEEUN,,2026,나에게로의 초대(2026) ASHATREE & LEE YEEUN
2026-09-19,kr,South Korea,top_videos_weekly,,21,https://i.ytimg.com/vi/Qe8fa4b5xNU/mqdefault.jpg,https://www.youtube.com/watch?v=Qe8fa4b5xNU,Good Goodbye,HWASA,,,Good Goodbye HWASA
2026-09-19,kr,South Korea,top_videos_weekly,,22,https://i.ytimg.com/vi/B5u8JiGVI_k/mqdefault.jpg,https://www.youtube.com/watch?v=B5u8JiGVI_k,BIGBANG - ‘BiiiG’ DANCE PRACTICE,BIGBANG,,,BIGBANG - ‘BiiiG’ DANCE PRACTICE BIGBANG
2026-09-19,kr,South Korea,top_videos_weekly,,23,https://i.ytimg.com/vi/F7sGJVUrkjQ/mqdefault.jpg,https://www.youtube.com/watch?v=F7sGJVUrkjQ,RUDE!,Hearts2Hearts,,,RUDE! Hearts2Hearts
2026-09-19,kr,South Korea,top_videos_weekly,,24,https://i.ytimg.com/vi/yebNIHKAC4A/mqdefault.jpg,https://www.youtube.com/watch?v=yebNIHKAC4A,Golden,HUNTR/X / EJAE / AUDREY NUNA / REI AMI / KPop Demon Hunters Cast,,,"Golden HUNTR/X , EJAE , AUDREY NUNA , REI AMI & KPop Demon Hunters Cast"
2026-09-19,kr,South Korea,top_videos_weekly,,25,https://i.ytimg.com/vi/UsbRoaH6y-Q/mqdefault.jpg,https://www.youtube.com/watch?v=UsbRoaH6y-Q,Pop Off Pop Off,KiiiKiii,,,Pop Off Pop Off KiiiKiii
2026-09-19,kr,South Korea,top_videos_weekly,,26,https://i.ytimg.com/vi/H0GbvPY_Yl8/mqdefault.jpg,https://www.youtube.com/watch?v=H0GbvPY_Yl8,만찬가,TAEYEON,"6月 29, 2026",278250,"26 8 만찬가 TAEYEON 6月 29, 2026 34 11 278,250"
2026-09-19,kr,South Korea,top_videos_weekly,,27,https://i.ytimg.com/vi/46h0LvDHgIs/mqdefault.jpg,https://www.youtube.com/watch?v=46h0LvDHgIs,SUN KISS,TUIDE,"8月 24, 2026",268905,"27 22 SUN KISS TUIDE 8月 24, 2026 5 3 268,905"
2026-09-19,kr,South Korea,top_videos_weekly,,28,https://i.ytimg.com/vi/sLk8zWUuYTA/mqdefault.jpg,https://www.youtube.com/watch?v=sLk8zWUuYTA,Vitamin ME,fromis_9,,,Vitamin ME fromis_9
2026-09-19,kr,South Korea,top_videos_weekly,,29,https://i.ytimg.com/vi/eB-IK2wPWzw/mqdefault.jpg,https://www.youtube.com/watch?v=eB-IK2wPWzw,BAD,ATEEZ,"8月 1, 2026",249882,"29 7 BAD ATEEZ 8月 1, 2026 36 6 249,882"
2026-09-19,kr,South Korea,top_videos_weekly,,30,https://i.ytimg.com/vi/QqqrJle7dRA/mqdefault.jpg,https://www.youtube.com/watch?v=QqqrJle7dRA,MAGIC,MONSTA X,"9月 3, 2026",247901,"30 New MAGIC MONSTA X 9月 3, 2026 - 1 247,901"
2026-09-19,kr,South Korea,top_videos_weekly,,31,https://i.ytimg.com/vi/h0KIWaUEIgQ/mqdefault.jpg,https://www.youtube.com/watch?v=h0KIWaUEIgQ,사랑하게 될 거야,HANRORO,,,사랑하게 될 거야 HANRORO
2026-09-19,kr,South Korea,top_videos_weekly,,32,https://i.ytimg.com/vi/GnSaLQTrvt0/mqdefault.jpg,https://www.youtube.com/watch?v=GnSaLQTrvt0,Good Goodbye,HWASA,,,Good Goodbye HWASA
2026-09-19,kr,South Korea,top_videos_weekly,,33,https://i.ytimg.com/vi/gNUMxMuxH20/mqdefault.jpg,https://www.youtube.com/watch?v=gNUMxMuxH20,Hearts2Hearts 하츠투하츠 'Moonride' MV,Hearts2Hearts,,,Hearts2Hearts 하츠투하츠 'Moonride' MV Hearts2Hearts
2026-09-19,kr,South Korea,top_videos_weekly,,34,https://i.ytimg.com/vi/UsjsYMo3O1Q/mqdefault.jpg,https://www.youtube.com/watch?v=UsjsYMo3O1Q,Brain Rot,Tokyo Manaka,,,Brain Rot Tokyo Manaka
2026-09-19,kr,South Korea,top_videos_weekly,,35,https://i.ytimg.com/vi/5hL7uPsISY0/mqdefault.jpg,https://www.youtube.com/watch?v=5hL7uPsISY0,그냥 해,조선힙합,"6月 16, 2026",215852,"35 4 그냥 해 조선힙합 6月 16, 2026 39 12 215,852"
2026-09-19,kr,South Korea,top_videos_weekly,,36,https://i.ytimg.com/vi/TzH5BsJj81Y/mqdefault.jpg,https://www.youtube.com/watch?v=TzH5BsJj81Y,アクマバライ - Exorcist,Something's off with my Vocaloid,,,アクマバライ - Exorcist Something's off with my Vocaloid
2026-09-19,kr,South Korea,top_videos_weekly,,37,https://i.ytimg.com/vi/07cb8UQnwtE/mqdefault.jpg,https://www.youtube.com/watch?v=07cb8UQnwtE,Bish Bash Bosh,미미,,,Bish Bash Bosh 미미
2026-09-19,kr,South Korea,top_videos_weekly,,38,https://i.ytimg.com/vi/D54StAZFUrc/mqdefault.jpg,https://www.youtube.com/watch?v=D54StAZFUrc,Paradise of Rumors,AKMU,,,Paradise of Rumors AKMU
2026-09-19,kr,South Korea,top_videos_weekly,,39,https://i.ytimg.com/vi/U6BDbXIah-Y/mqdefault.jpg,https://www.youtube.com/watch?v=U6BDbXIah-Y,REDRED,CORTIS,"4月 20, 2026",190583,"39 5 REDRED CORTIS 4月 20, 2026 44 21 190,583"
2026-09-19,kr,South Korea,top_videos_weekly,,40,https://i.ytimg.com/vi/dB8QCac8FSM/mqdefault.jpg,https://www.youtube.com/watch?v=dB8QCac8FSM,將棋一番！ - Shogi Ichiban！,Yukopi,,,将棋一番！ - Shogi Ichiban！ Yukopi
2026-09-19,kr,South Korea,top_videos_weekly,,41,https://i.ytimg.com/vi/OOvyHpNmGD8/mqdefault.jpg,https://www.youtube.com/watch?v=OOvyHpNmGD8,소연 (SOYEON) - 퇴사할게여 (Narr. 기안84)｜야외녹음실｜Beyond the Studio｜LIVE,1theK Live - 원더케이 라이브,,,소연 (SOYEON) - 퇴사할게여 (Narr. 기안84)｜야외녹음실｜Beyond the Studio｜LIVE 1theK Live - 원더케이 라이브
2026-09-19,kr,South Korea,top_videos_weekly,,42,https://i.ytimg.com/vi/iDx9Hu3lQbA/mqdefault.jpg,https://www.youtube.com/watch?v=iDx9Hu3lQbA,Sunpop Fever,Been,,,Sunpop Fever Been
2026-09-19,kr,South Korea,top_videos_weekly,,43,https://i.ytimg.com/vi/FhNugHNh72s/mqdefault.jpg,https://www.youtube.com/watch?v=FhNugHNh72s,국악딴따라 - 살아보니 그렇더라 (Official MV),국악딴따라,,,국악딴따라 - 살아보니 그렇더라 (Official MV) 국악딴따라
2026-09-19,kr,South Korea,top_videos_weekly,,44,https://i.ytimg.com/vi/6lN51mwvuA8/mqdefault.jpg,https://www.youtube.com/watch?v=6lN51mwvuA8,Gg Ez,M.Sasuke,"5月 30, 2026",180667,"44 1 Gg Ez M.Sasuke 5月 30, 2026 45 11 180,667"
2026-09-19,kr,South Korea,top_videos_weekly,,45,https://i.ytimg.com/vi/hpfCp3CSWQo/mqdefault.jpg,https://www.youtube.com/watch?v=hpfCp3CSWQo,나 밖에 모르는 바보,황영웅,"9月 3, 2026",178335,"45 New 나 밖에 모르는 바보 황영웅 9月 3, 2026 - 1 178,335"
2026-09-19,kr,South Korea,top_videos_weekly,,46,https://i.ytimg.com/vi/l1UOPIr76CA/mqdefault.jpg,https://www.youtube.com/watch?v=l1UOPIr76CA,DECO*27 - 洗脳 feat. 初音ミク,DECO*27,,,DECO*27 - 洗脳 feat. 初音ミク DECO*27
2026-09-19,kr,South Korea,top_videos_weekly,,47,https://i.ytimg.com/vi/1jKnI_ib8c8/mqdefault.jpg,https://www.youtube.com/watch?v=1jKnI_ib8c8,Motto,ITZY,"5月 18, 2026",174023,"47 7 Motto ITZY 5月 18, 2026 54 4 174,023"
2026-09-19,kr,South Korea,top_videos_weekly,,48,https://i.ytimg.com/vi/Gk8F8waA0tM/mqdefault.jpg,https://www.youtube.com/watch?v=Gk8F8waA0tM,Happy Me (2026 ver.),Ha Yea Song,,2026,Happy Me (2026 ver.) Ha Yea Song
2026-09-19,kr,South Korea,top_videos_weekly,,49,https://i.ytimg.com/vi/T24rF_x0TmQ/mqdefault.jpg,https://www.youtube.com/watch?v=T24rF_x0TmQ,ヤラララ,AnythingBecomeMoe,,,ヤラララ AnythingBecomeMoe
2026-09-19,kr,South Korea,top_videos_weekly,,50,https://i.ytimg.com/vi/8Cm-7oCq9HA/mqdefault.jpg,https://www.youtube.com/watch?v=8Cm-7oCq9HA,PPPP,TAK,"9月 17, 2025",159239,"50 50 PPPP TAK 9月 17, 2025 - 36 159,239"
2026-09-19,kr,South Korea,top_videos_weekly,,51,https://i.ytimg.com/vi/XngCtwrzDM4/mqdefault.jpg,https://www.youtube.com/watch?v=XngCtwrzDM4,[COVER] 정한 - 晩餐歌 (만찬가) (원곡 : tuki.),Seventeen,,,[COVER] 정한 - 晩餐歌 (만찬가) (원곡 : tuki.) Seventeen
2026-09-19,kr,South Korea,top_videos_weekly,,52,https://i.ytimg.com/vi/Oq7Uq0cRIT0/mqdefault.jpg,https://www.youtube.com/watch?v=Oq7Uq0cRIT0,. Simi and Chapchap,,,,. Simi and Chapchap
2026-09-19,kr,South Korea,top_videos_weekly,,53,https://i.ytimg.com/vi/YRNKslU8cxU/mqdefault.jpg,https://www.youtube.com/watch?v=YRNKslU8cxU,조선힙합 '난 행복해질 거야' Official MV,조선힙합,,,조선힙합 '난 행복해질 거야' Official MV 조선힙합
2026-09-19,kr,South Korea,top_videos_weekly,,54,https://i.ytimg.com/vi/kPa7bsKwL-c/mqdefault.jpg,https://www.youtube.com/watch?v=kPa7bsKwL-c,Die With A Smile,Lady Gaga / Bruno Mars,,,Die With A Smile Lady Gaga & Bruno Mars
2026-09-19,kr,South Korea,top_videos_weekly,,55,https://i.ytimg.com/vi/gW5rI8NGSxE/mqdefault.jpg,https://www.youtube.com/watch?v=gW5rI8NGSxE,Parallel Night,서영주 of 너드커넥션,,,Parallel Night 서영주 of 너드커넥션
2026-09-19,kr,South Korea,top_videos_weekly,,56,https://i.ytimg.com/vi/7xYekUcLRs4/mqdefault.jpg,https://www.youtube.com/watch?v=7xYekUcLRs4,Libera Me From Hell - Mori Calliope x Elizabeth Rose Bloodflame // GURREN LAGANN (Cover),Mori Calliope,,,Libera Me From Hell - Mori Calliope x Elizabeth Rose Bloodflame // GURREN LAGANN (Cover) Mori Calliope
2026-09-19,kr,South Korea,top_videos_weekly,,57,https://i.ytimg.com/vi/PxmKaXqeK2s/mqdefault.jpg,https://www.youtube.com/watch?v=PxmKaXqeK2s,너의 차선,조선힙합,"5月 21, 2026",149665,"57 8 너의 차선 조선힙합 5月 21, 2026 65 11 149,665"
2026-09-19,kr,South Korea,top_videos_weekly,,58,https://i.ytimg.com/vi/NPqtL1dtrlA/mqdefault.jpg,https://www.youtube.com/watch?v=NPqtL1dtrlA,Love Options(연애의 조건),BESTIE,,,Love Options(연애의 조건) BESTIE
2026-09-19,kr,South Korea,top_videos_weekly,,59,https://i.ytimg.com/vi/DUMUAz96l3w/mqdefault.jpg,https://www.youtube.com/watch?v=DUMUAz96l3w,어른인 척 하는 중,머무르,"8月 11, 2026",148428,"59 New 어른인 척 하는 중 머무르 8月 11, 2026 - 1 148,428"
2026-09-19,kr,South Korea,top_videos_weekly,,60,https://i.ytimg.com/vi/7LjFAoWvsbE/mqdefault.jpg,https://www.youtube.com/watch?v=7LjFAoWvsbE,Walking with you,滑川康男,,,Walking with you 滑川康男
2026-09-19,kr,South Korea,top_videos_weekly,,61,https://i.ytimg.com/vi/Hsb_SKYVsdU/mqdefault.jpg,https://www.youtube.com/watch?v=Hsb_SKYVsdU,mill - '안개 속 등불 (Light in the Mist)' Music Video,mill,,,mill - '안개 속 등불 (Light in the Mist)' Music Video mill
2026-09-19,kr,South Korea,top_videos_weekly,,62,https://i.ytimg.com/vi/_gyultVTesk/mqdefault.jpg,https://www.youtube.com/watch?v=_gyultVTesk,2.0,防彈少年團,"4月 1, 2026",145783,"62 29 2.0 防彈少年團 4月 1, 2026 91 16 145,783"
2026-09-19,kr,South Korea,top_videos_weekly,,63,https://i.ytimg.com/vi/MC6-82GRK5I/mqdefault.jpg,https://www.youtube.com/watch?v=MC6-82GRK5I,Bloom,RESCENE,"11月 25, 2025",143363,"63 13 Bloom RESCENE 11月 25, 2025 76 10 143,363"
2026-09-19,kr,South Korea,top_videos_weekly,,64,https://i.ytimg.com/vi/chl0R8C4NJ8/mqdefault.jpg,https://www.youtube.com/watch?v=chl0R8C4NJ8,Hearts2Hearts 하츠투하츠 'ICONIC HEART' MV,Hearts2Hearts,,,Hearts2Hearts 하츠투하츠 'ICONIC HEART' MV Hearts2Hearts
2026-09-19,kr,South Korea,top_videos_weekly,,65,https://i.ytimg.com/vi/O2979d3lauA/mqdefault.jpg,https://www.youtube.com/watch?v=O2979d3lauA,"L’Amour, Les Baguettes, Paris",Stella Jang,,,"L’Amour, Les Baguettes, Paris Stella Jang"
2026-09-19,kr,South Korea,top_videos_weekly,,66,https://i.ytimg.com/vi/YTeFLKMnwjg/mqdefault.jpg,https://www.youtube.com/watch?v=YTeFLKMnwjg,Speed of Summer,WINTER,,,Speed of Summer WINTER
2026-09-19,kr,South Korea,top_videos_weekly,,67,https://i.ytimg.com/vi/3b4men4nFMA/mqdefault.jpg,https://www.youtube.com/watch?v=3b4men4nFMA,그냥 그러려니 해,조선힙합,"8月 6, 2026",132721,"67 14 그냥 그러려니 해 조선힙합 8月 6, 2026 81 4 132,721"
2026-09-19,kr,South Korea,top_videos_weekly,,68,https://i.ytimg.com/vi/6Ycn9qZK09I/mqdefault.jpg,https://www.youtube.com/watch?v=6Ycn9qZK09I,Heavy Serenade,NMIXX,,,Heavy Serenade NMIXX
2026-09-19,kr,South Korea,top_videos_weekly,,69,https://i.ytimg.com/vi/Um-qIkb1v40/mqdefault.jpg,https://www.youtube.com/watch?v=Um-qIkb1v40,Question&Answer (Art. songseoul) - Anonymous Artists (어나니머스 아티스트),Anonymous Artists (어나니머스 아티스트),,,Question&Answer (Art. songseoul) - Anonymous Artists (어나니머스 아티스트) Anonymous Artists (어나니머스 아티스트)
2026-09-19,kr,South Korea,top_videos_weekly,,70,https://i.ytimg.com/vi/9Jph8lIgYEE/mqdefault.jpg,https://www.youtube.com/watch?v=9Jph8lIgYEE,B THE HOOD (비더후드) ‘JADED’ Lyric Video,B THE HOOD,,,B THE HOOD (비더후드) ‘JADED’ Lyric Video B THE HOOD
2026-09-19,kr,South Korea,top_videos_weekly,,71,https://i.ytimg.com/vi/2ips2mM7Zqw/mqdefault.jpg,https://www.youtube.com/watch?v=2ips2mM7Zqw,뱅뱅뱅,BIGBANG,"6月 1, 2015",130814,"71 71 뱅뱅뱅 BIGBANG 6月 1, 2015 - 40 130,814"
2026-09-19,kr,South Korea,top_videos_weekly,,72,https://i.ytimg.com/vi/aUFt0O_BtdI/mqdefault.jpg,https://www.youtube.com/watch?v=aUFt0O_BtdI,Dancing In Love,박지현,,,Dancing In Love 박지현
2026-09-19,kr,South Korea,top_videos_weekly,,73,https://i.ytimg.com/vi/8R2UTnAbfTg/mqdefault.jpg,https://www.youtube.com/watch?v=8R2UTnAbfTg,늙은 사랑,조선힙합,"5月 15, 2026",128964,"73 10 늙은 사랑 조선힙합 5月 15, 2026 83 9 128,964"
2026-09-19,kr,South Korea,top_videos_weekly,,74,https://i.ytimg.com/vi/XKZIQlqVjjk/mqdefault.jpg,https://www.youtube.com/watch?v=XKZIQlqVjjk,승인해주세요 지니님!,카사네 테토 / Una Otomachi,,,승인해주세요 지니님! 카사네 테토 & Una Otomachi
2026-09-19,kr,South Korea,top_videos_weekly,,75,https://i.ytimg.com/vi/B8JJ8RNM-60/mqdefault.jpg,https://www.youtube.com/watch?v=B8JJ8RNM-60,Pinball,RESCENE,"9月 21, 2024",127144,"75 2 Pinball RESCENE 9月 21, 2024 73 7 127,144"
2026-09-19,kr,South Korea,top_videos_weekly,,76,https://i.ytimg.com/vi/naoGk-Zjc1s/mqdefault.jpg,https://www.youtube.com/watch?v=naoGk-Zjc1s,SUGAR HONEY ICE TEA,BABYMONSTER,,,SUGAR HONEY ICE TEA BABYMONSTER
2026-09-19,kr,South Korea,top_videos_weekly,,77,https://i.ytimg.com/vi/1cKc1rkZwf8/mqdefault.jpg,https://www.youtube.com/watch?v=1cKc1rkZwf8,It's Art,PSY,"2月 7, 2011",126206,"77 12 It's Art PSY 2月 7, 2011 89 12 126,206"
2026-09-19,kr,South Korea,top_videos_weekly,,78,https://i.ytimg.com/vi/hrkELy64_zA/mqdefault.jpg,https://www.youtube.com/watch?v=hrkELy64_zA,Please Summer!,臉紅的思春期,,,Please Summer! 臉紅的思春期
2026-09-19,kr,South Korea,top_videos_weekly,,79,https://i.ytimg.com/vi/Zb1sZ16uWBk/mqdefault.jpg,https://www.youtube.com/watch?v=Zb1sZ16uWBk,long for you,Hyunjin / Stray Kids,,,long for you Hyunjin & Stray Kids
2026-09-19,kr,South Korea,top_videos_weekly,,80,https://i.ytimg.com/vi/x3eqqoZPV_E/mqdefault.jpg,https://www.youtube.com/watch?v=x3eqqoZPV_E,춤 (CHOOM),BABYMONSTER,,,춤 (CHOOM) BABYMONSTER
2026-09-19,kr,South Korea,top_videos_weekly,,81,https://i.ytimg.com/vi/6flyAoHp-Wo/mqdefault.jpg,https://www.youtube.com/watch?v=6flyAoHp-Wo,노브레인 - '아메리카노' Official MV,無腦,,,노브레인 - '아메리카노' Official MV 無腦
2026-09-19,kr,South Korea,top_videos_weekly,,82,https://i.ytimg.com/vi/-H4bB6hxeEs/mqdefault.jpg,https://www.youtube.com/watch?v=-H4bB6hxeEs,きゃぴ (Kyapi),Houshou Marine,,,きゃぴ (Kyapi) Houshou Marine
2026-09-19,kr,South Korea,top_videos_weekly,,83,https://i.ytimg.com/vi/1VqxWNwgf5Q/mqdefault.jpg,https://www.youtube.com/watch?v=1VqxWNwgf5Q,Lemon Tang,Hearts2Hearts,,,Lemon Tang Hearts2Hearts
2026-09-19,kr,South Korea,top_videos_weekly,,84,https://i.ytimg.com/vi/MT-4Bk1Lw8g/mqdefault.jpg,https://www.youtube.com/watch?v=MT-4Bk1Lw8g,Bloody Paradise,ENHYPEN,,,Bloody Paradise ENHYPEN
2026-09-19,kr,South Korea,top_videos_weekly,,85,https://i.ytimg.com/vi/9cS2wv6AfHk/mqdefault.jpg,https://www.youtube.com/watch?v=9cS2wv6AfHk,I LIKE IT,BABYMONSTER,,,I LIKE IT BABYMONSTER
2026-09-19,kr,South Korea,top_videos_weekly,,86,https://i.ytimg.com/vi/RaTCjhIS4AY/mqdefault.jpg,https://www.youtube.com/watch?v=RaTCjhIS4AY,A Letter For You,Kim Na-young,,,A Letter For You Kim Na-young
2026-09-19,kr,South Korea,top_videos_weekly,,87,https://i.ytimg.com/vi/Gnn4GRSzRXI/mqdefault.jpg,https://www.youtube.com/watch?v=Gnn4GRSzRXI,BOOMPALA,LE SSERAFIM,,,BOOMPALA LE SSERAFIM
2026-09-19,kr,South Korea,top_videos_weekly,,88,https://i.ytimg.com/vi/-lwj47dDrNU/mqdefault.jpg,https://www.youtube.com/watch?v=-lwj47dDrNU,"CHAERYEONG “Full Moon” @ ITZY The 5th Fan Meeting “ALL IN, MIDZY”",ITZY,,,"CHAERYEONG “Full Moon” @ ITZY The 5th Fan Meeting “ALL IN, MIDZY” ITZY"
2026-09-19,kr,South Korea,top_videos_weekly,,89,https://i.ytimg.com/vi/Tp4GDTcN2iI/mqdefault.jpg,https://www.youtube.com/watch?v=Tp4GDTcN2iI,[성시경 노래] 72. 이별여행 (With.원미연) l Sung Si Kyung Music,成始璄,,,[성시경 노래] 72. 이별여행 (With.원미연) l Sung Si Kyung Music 成始璄
2026-09-19,kr,South Korea,top_videos_weekly,,90,https://i.ytimg.com/vi/64VZUNTmGQM/mqdefault.jpg,https://www.youtube.com/watch?v=64VZUNTmGQM,You And I,2NE1,"9月 5, 2010",111516,"90 New You And I 2NE1 9月 5, 2010 - 1 111,516"
2026-09-19,kr,South Korea,top_videos_weekly,,91,https://i.ytimg.com/vi/Er-pKc2dvLY/mqdefault.jpg,https://www.youtube.com/watch?v=Er-pKc2dvLY,Toko Toko,최유리,"8月 27, 2026",109788,"91 69 Toko Toko 최유리 8月 27, 2026 22 2 109,788"
2026-09-19,kr,South Korea,top_videos_weekly,,92,https://i.ytimg.com/vi/aRiVUVNUhIs/mqdefault.jpg,https://www.youtube.com/watch?v=aRiVUVNUhIs,なんもねえ - Nannmonee,Wasureranneyo,,,なんもねえ - Nannmonee Wasureranneyo
2026-09-19,kr,South Korea,top_videos_weekly,,93,https://i.ytimg.com/vi/2GipUJttGQc/mqdefault.jpg,https://www.youtube.com/watch?v=2GipUJttGQc,박재범 (Jay Park) - 'DADDY' Official Audio,樸載範,,,박재범 (Jay Park) - 'DADDY' Official Audio 朴載範
2026-09-19,kr,South Korea,top_videos_weekly,,94,https://i.ytimg.com/vi/WNl67k6StWY/mqdefault.jpg,https://www.youtube.com/watch?v=WNl67k6StWY,LOVE ATTACK,RESCENE,,,LOVE ATTACK RESCENE
2026-09-19,kr,South Korea,top_videos_weekly,,95,https://i.ytimg.com/vi/JSFG-IE8n_c/mqdefault.jpg,https://www.youtube.com/watch?v=JSFG-IE8n_c,like JENNIE,JENNIE,,,like JENNIE JENNIE
2026-09-19,kr,South Korea,top_videos_weekly,,96,https://i.ytimg.com/vi/rAVP4PVft5M/mqdefault.jpg,https://www.youtube.com/watch?v=rAVP4PVft5M,감사,김용빈,"3月 13, 2025",104055,"96 96 감사 김용빈 3月 13, 2025 - 20 104,055"
2026-09-19,kr,South Korea,top_videos_weekly,,97,https://i.ytimg.com/vi/pHciG9_2xXM/mqdefault.jpg,https://www.youtube.com/watch?v=pHciG9_2xXM,"Meet my GRLS, TUIDE",HYBE LABELS,,,"Meet my GRLS, TUIDE HYBE LABELS"
2026-09-19,kr,South Korea,top_videos_weekly,,98,https://i.ytimg.com/vi/PGLxl22E8ZI/mqdefault.jpg,https://www.youtube.com/watch?v=PGLxl22E8ZI,전우와 지킨 나라,무명트롯,"4月 30, 2026",101093,"98 98 전우와 지킨 나라 무명트롯 4月 30, 2026 - 5 101,093"
2026-09-19,kr,South Korea,top_videos_weekly,,99,https://i.ytimg.com/vi/Yyfv2R97dHA/mqdefault.jpg,https://www.youtube.com/watch?v=Yyfv2R97dHA,남유정(NamYouJoung) '초대 (feat.이민혁 (HUTA))' Performance Video | Official,유랄라Youlalla,,,남유정(NamYouJoung) '초대 (feat.이민혁 (HUTA))' Performance Video | Official 유랄라Youlalla
2026-09-19,kr,South Korea,top_videos_weekly,,100,https://i.ytimg.com/vi/XFkzRNyygfk/mqdefault.jpg,https://www.youtube.com/watch?v=XFkzRNyygfk,Creep,電臺司令,"7月 18, 2008",100172,"100 100 Creep 電台司令 7月 18, 2008 - 17 100,172"
2026-09-19,vn,Vietnam,top_videos_weekly,,1,https://i.ytimg.com/vi/boKJ5XDs_mY/mqdefault.jpg,https://www.youtube.com/watch?v=boKJ5XDs_mY,LƯU NIÊN,Jack - J97,,,LƯU NIÊN Jack - J97
2026-09-19,vn,Vietnam,top_videos_weekly,,2,https://i.ytimg.com/vi/UH21OnJwxZE/mqdefault.jpg,https://www.youtube.com/watch?v=UH21OnJwxZE,PHƯƠNG MỸ CHI x DTAP | 'THIÊN ĐƯỜNG VỚI NGƯỜI THƯƠNG' | OFFICIAL MUSIC VIDEO,Phương Mỹ Chi,,,PHƯƠNG MỸ CHI x DTAP | 'THIÊN ĐƯỜNG VỚI NGƯỜI THƯƠNG' | OFFICIAL MUSIC VIDEO Phương Mỹ Chi
2026-09-19,vn,Vietnam,top_videos_weekly,,3,https://i.ytimg.com/vi/vLa5jvCJMGk/mqdefault.jpg,https://www.youtube.com/watch?v=vLa5jvCJMGk,JACK - J97 | NGƯỜI DƯNG | Album TAM THÁI TỬ - Track No.2,Jack - J97,,,JACK - J97 | NGƯỜI DƯNG | Album TAM THÁI TỬ - Track No.2 Jack - J97
2026-09-19,vn,Vietnam,top_videos_weekly,,4,https://i.ytimg.com/vi/4jjOH2FR6-E/mqdefault.jpg,https://www.youtube.com/watch?v=4jjOH2FR6-E,xương rồng (intro),Dangrangto / DONAL,,,xương rồng (intro) Dangrangto & DONAL
2026-09-19,vn,Vietnam,top_videos_weekly,,5,https://i.ytimg.com/vi/Rb3hfEPyJxQ/mqdefault.jpg,https://www.youtube.com/watch?v=Rb3hfEPyJxQ,SECRET,"TINH HÀ ""SAY HI"" / Quang Hùng MasterD / CODYNAMVO / CONGB / Wren Evans",,,"SECRET TINH HÀ ""SAY HI"" , Quang Hùng MasterD , CODYNAMVO , CONGB & Wren Evans"
2026-09-19,vn,Vietnam,top_videos_weekly,,6,https://i.ytimg.com/vi/XqLsUne19Gs/mqdefault.jpg,https://www.youtube.com/watch?v=XqLsUne19Gs,LAVIEM,"Quang Hùng MasterD / TINH HÀ ""SAY HI"" / CAPTAIN BOY / Pháp Kiều / COOLKID / Danny Chung",,,"LAVIEM Quang Hùng MasterD , TINH HÀ ""SAY HI"" , CAPTAIN BOY , Pháp Kiều , COOLKID & Danny Chung"
2026-09-19,vn,Vietnam,top_videos_weekly,,7,https://i.ytimg.com/vi/QCr4Wf_eJHo/mqdefault.jpg,https://www.youtube.com/watch?v=QCr4Wf_eJHo,Đến Khi Nào,Yanbi,,,Đến Khi Nào Yanbi
2026-09-19,vn,Vietnam,top_videos_weekly,,8,https://i.ytimg.com/vi/FyS5dAywkEo/mqdefault.jpg,https://www.youtube.com/watch?v=FyS5dAywkEo,SaWaDiKa (Official Music Video),LISA,,,SaWaDiKa (Official Music Video) LISA
2026-09-19,vn,Vietnam,top_videos_weekly,,9,https://i.ytimg.com/vi/cwlToxaWuL8/mqdefault.jpg,https://www.youtube.com/watch?v=cwlToxaWuL8,MRT,"TINH HÀ ""SAY HI"" / XUÂN ĐỊNH KY / buitruonglinh / CAPTAIN BOY / HYO",,,"MRT TINH HÀ ""SAY HI"" , XUÂN ĐỊNH KY , buitruonglinh , CAPTAIN BOY & HYO"
2026-09-19,vn,Vietnam,top_videos_weekly,,10,https://i.ytimg.com/vi/heMYSOZoT3c/mqdefault.jpg,https://www.youtube.com/watch?v=heMYSOZoT3c,dự báo thời tiết hôm nay mưa,ST.319 Entertainment,,319,dự báo thời tiết hôm nay mưa ST.319 Entertainment
2026-09-19,vn,Vietnam,top_videos_weekly,,11,https://i.ytimg.com/vi/l4Pkem30Q60/mqdefault.jpg,https://www.youtube.com/watch?v=l4Pkem30Q60,Kẻ Say Tình (Live),Quoc Thien,,,Kẻ Say Tình (Live) Quoc Thien
2026-09-19,vn,Vietnam,top_videos_weekly,,12,https://i.ytimg.com/vi/sf02ugzPFE4/mqdefault.jpg,https://www.youtube.com/watch?v=sf02ugzPFE4,CLICK,JISOO,"9月 3, 2026",1402391,"12 New CLICK JISOO 9月 3, 2026 - 1 1,402,391"
2026-09-19,vn,Vietnam,top_videos_weekly,,13,https://i.ytimg.com/vi/qM9woZ4i36Q/mqdefault.jpg,https://www.youtube.com/watch?v=qM9woZ4i36Q,ANH YÊU EM (我愛你),Jack - J97,,,ANH YÊU EM (我爱你) Jack - J97
2026-09-19,vn,Vietnam,top_videos_weekly,,14,https://i.ytimg.com/vi/FNbT75NoaAI/mqdefault.jpg,https://www.youtube.com/watch?v=FNbT75NoaAI,JACK - J97 | HOA TRONG ĐÁ | Official Music Video - Album TAM THÁI TỬ - Track No.1,Jack - J97,,,JACK - J97 | HOA TRONG ĐÁ | Official Music Video - Album TAM THÁI TỬ - Track No.1 Jack - J97
2026-09-19,vn,Vietnam,top_videos_weekly,,15,https://i.ytimg.com/vi/8sVtL0o-v7U/mqdefault.jpg,https://www.youtube.com/watch?v=8sVtL0o-v7U,Người Im Lặng Gặp Người Hay Nói,HIEUTHUHAI,,,Người Im Lặng Gặp Người Hay Nói HIEUTHUHAI
2026-09-19,vn,Vietnam,top_videos_weekly,,16,https://i.ytimg.com/vi/9eL4Scy4-Ys/mqdefault.jpg,https://www.youtube.com/watch?v=9eL4Scy4-Ys,"Ác Mộng Đẹp - Đạt G | Chapter 3: Đẹp | Album ""Ác Mộng Đẹp""",DatG Music,,,"Ác Mộng Đẹp - Đạt G | Chapter 3: Đẹp | Album ""Ác Mộng Đẹp"" DatG Music"
2026-09-19,vn,Vietnam,top_videos_weekly,,17,https://i.ytimg.com/vi/wnwwK_FCWAM/mqdefault.jpg,https://www.youtube.com/watch?v=wnwwK_FCWAM,"5 THÁNG - Wren Evans, WEAN, Ali Hoàng Dương, Jaysonlei, SOFTSERVEBOY | TINH HÀ SAY HI [PERFORMANCE]",Vie Channel - MUSIC,,,"5 THÁNG - Wren Evans, WEAN, Ali Hoàng Dương, Jaysonlei, SOFTSERVEBOY | TINH HÀ SAY HI [PERFORMANCE] Vie Channel - MUSIC"
2026-09-19,vn,Vietnam,top_videos_weekly,,18,https://i.ytimg.com/vi/qbek-A-CJJU/mqdefault.jpg,https://www.youtube.com/watch?v=qbek-A-CJJU,GIÁ NHƯ ANH LÀ EM - LỆ QUYÊN | OFFICIAL MUSIC VIDEO,麗娟,,,GIÁ NHƯ ANH LÀ EM - LỆ QUYÊN | OFFICIAL MUSIC VIDEO 麗娟
2026-09-19,vn,Vietnam,top_videos_weekly,,19,https://i.ytimg.com/vi/l_uzEREOKfo/mqdefault.jpg,https://www.youtube.com/watch?v=l_uzEREOKfo,THẾ GIỚI CỦA ANH,Dương Domic / buitruonglinh / CONGB / WEAN / Vận Toàn,,,"THẾ GIỚI CỦA ANH Dương Domic , buitruonglinh , CONGB , WEAN & Vận Toàn"
2026-09-19,vn,Vietnam,top_videos_weekly,,20,https://i.ytimg.com/vi/S2uRy0Gi20I/mqdefault.jpg,https://www.youtube.com/watch?v=S2uRy0Gi20I,GIẬN HỜN ĐỂ ĐƯỢC YÊU - ANH BA TRỨNG - BOLERO - SÁNG TÁC MỚI NGHE CỰC ÊM TAI,Anh Ba Trứng,,,GIẬN HỜN ĐỂ ĐƯỢC YÊU - ANH BA TRỨNG - BOLERO - SÁNG TÁC MỚI NGHE CỰC ÊM TAI Anh Ba Trứng
2026-09-19,vn,Vietnam,top_videos_weekly,,21,https://i.ytimg.com/vi/xxe5d9QJav4/mqdefault.jpg,https://www.youtube.com/watch?v=xxe5d9QJav4,Sandwich & Story,EmceeDan / MONO,,,Sandwich & Story EmceeDan & MONO
2026-09-19,vn,Vietnam,top_videos_weekly,,22,https://i.ytimg.com/vi/ByMb8XWE8zg/mqdefault.jpg,https://www.youtube.com/watch?v=ByMb8XWE8zg,Ngân Hàng Nỗi Nhớ,DatG Music,,,Ngân Hàng Nỗi Nhớ DatG Music
2026-09-19,vn,Vietnam,top_videos_weekly,,23,https://i.ytimg.com/vi/6uVJqD2hSGQ/mqdefault.jpg,https://www.youtube.com/watch?v=6uVJqD2hSGQ,07. Em - Binz (feat. SOOBIN) | Gặp Lại Album,Binz,,,07. Em - Binz (feat. SOOBIN) | Gặp Lại Album Binz
2026-09-19,vn,Vietnam,top_videos_weekly,,24,https://i.ytimg.com/vi/jM6UrE3Bxw4/mqdefault.jpg,https://www.youtube.com/watch?v=jM6UrE3Bxw4,Tự Do Như Cơn Gió,Xanh,,,Tự Do Như Cơn Gió Xanh
2026-09-19,vn,Vietnam,top_videos_weekly,,25,https://i.ytimg.com/vi/xJ1uMrL9Rwo/mqdefault.jpg,https://www.youtube.com/watch?v=xJ1uMrL9Rwo,Ngồi Nghe Em Khóc,DatG Music,,,Ngồi Nghe Em Khóc DatG Music
2026-09-19,vn,Vietnam,top_videos_weekly,,26,https://i.ytimg.com/vi/8-bKjcADU18/mqdefault.jpg,https://www.youtube.com/watch?v=8-bKjcADU18,MƯA VỘI PHÓNG,Wren Evans / Ali Hoàng Dương / CODY Nam Võ / HYO / 2Pillz,,,"MƯA VỘI PHÓNG Wren Evans , Ali Hoàng Dương , CODY Nam Võ , HYO & 2Pillz"
2026-09-19,vn,Vietnam,top_videos_weekly,,27,https://i.ytimg.com/vi/uUQG8sk7cLs/mqdefault.jpg,https://www.youtube.com/watch?v=uUQG8sk7cLs,Kẻ Say Tình 2,Quốc Thiên,,,Kẻ Say Tình 2 Quốc Thiên
2026-09-19,vn,Vietnam,top_videos_weekly,,28,https://i.ytimg.com/vi/T7ksmtaVeOk/mqdefault.jpg,https://www.youtube.com/watch?v=T7ksmtaVeOk,In Love,JustaTee / Low G,,,In Love JustaTee & Low G
2026-09-19,vn,Vietnam,top_videos_weekly,,29,https://i.ytimg.com/vi/YbLEl4PFyPM/mqdefault.jpg,https://www.youtube.com/watch?v=YbLEl4PFyPM,Để Anh Lương Thiện (HuyPT Remix),An Clock / Meme Media,,,Để Anh Lương Thiện (HuyPT Remix) An Clock & Meme Media
2026-09-19,vn,Vietnam,top_videos_weekly,,30,https://i.ytimg.com/vi/dTZGuJACBWg/mqdefault.jpg,https://www.youtube.com/watch?v=dTZGuJACBWg,"gái tây gốc Việt | Nicole Nguyễn ft Tommy Tèo, Billy100 | OFFICIAL MV",Grammy Music Vietnam,,100,"gái tây gốc Việt | Nicole Nguyễn ft Tommy Tèo, Billy100 | OFFICIAL MV Grammy Music Vietnam"
2026-09-19,vn,Vietnam,top_videos_weekly,,31,https://i.ytimg.com/vi/HedP3E7ljhk/mqdefault.jpg,https://www.youtube.com/watch?v=HedP3E7ljhk,Xin Đừng Rời Xa Anh (Truzg Remix) | Lê Gia Bảo | Nhạc Hot Trend TikTok 2026,Lê Gia Bảo,,2026,Xin Đừng Rời Xa Anh (Truzg Remix) | Lê Gia Bảo | Nhạc Hot Trend TikTok 2026 Lê Gia Bảo
2026-09-19,vn,Vietnam,top_videos_weekly,,32,https://i.ytimg.com/vi/sPQXOA6pzOg/mqdefault.jpg,https://www.youtube.com/watch?v=sPQXOA6pzOg,Ngày Rời Chuyến Bay,Minh Huy / Pinny,,,Ngày Rời Chuyến Bay Minh Huy & Pinny
2026-09-19,vn,Vietnam,top_videos_weekly,,33,https://i.ytimg.com/vi/RM-LMRqL5zE/mqdefault.jpg,https://www.youtube.com/watch?v=RM-LMRqL5zE,Gián Đáng Iu Hongg?,Lâm Thằn Lằn / The New Gene,,,Gián Đáng Iu Hongg? Lâm Thằn Lằn & The New Gene
2026-09-19,vn,Vietnam,top_videos_weekly,,34,https://i.ytimg.com/vi/hzUG1erf3Yw/mqdefault.jpg,https://www.youtube.com/watch?v=hzUG1erf3Yw,Xin Đừng Rời Xa Anh (Beat),Lê Gia Bảo,,,Xin Đừng Rời Xa Anh (Beat) Lê Gia Bảo
2026-09-19,vn,Vietnam,top_videos_weekly,,35,https://i.ytimg.com/vi/RarQCMLLIOg/mqdefault.jpg,https://www.youtube.com/watch?v=RarQCMLLIOg,She Neva Knows (REMIX),CM1X,,,She Neva Knows (REMIX) CM1X
2026-09-19,vn,Vietnam,top_videos_weekly,,36,https://i.ytimg.com/vi/XpY62G82-HI/mqdefault.jpg,https://www.youtube.com/watch?v=XpY62G82-HI,Thương Lấy Phận Mình (Remix),Thái Học,,,Thương Lấy Phận Mình (Remix) Thái Học
2026-09-19,vn,Vietnam,top_videos_weekly,,37,https://i.ytimg.com/vi/bZZn2B11b_c/mqdefault.jpg,https://www.youtube.com/watch?v=bZZn2B11b_c,Thanh Tân,VƯƠNG BÌNH / Thùy Chi,,,Thanh Tân VƯƠNG BÌNH & Thùy Chi
2026-09-19,vn,Vietnam,top_videos_weekly,,38,https://i.ytimg.com/vi/om6Qessps1c/mqdefault.jpg,https://www.youtube.com/watch?v=om6Qessps1c,50 CUỘC GỌI NHỠ,COOLKID / Quang Hùng MasterD / CODYNAMVO / Jaysonlei,,,"50 CUỘC GỌI NHỠ COOLKID , Quang Hùng MasterD , CODYNAMVO & Jaysonlei"
2026-09-19,vn,Vietnam,top_videos_weekly,,39,https://i.ytimg.com/vi/X-GCJwz4PnY/mqdefault.jpg,https://www.youtube.com/watch?v=X-GCJwz4PnY,Buồn Thì Cứ Khóc Đi,Lynk Lee,,,Buồn Thì Cứ Khóc Đi Lynk Lee
2026-09-19,vn,Vietnam,top_videos_weekly,,40,https://i.ytimg.com/vi/s76BtB81Oms/mqdefault.jpg,https://www.youtube.com/watch?v=s76BtB81Oms,ĐỚN ĐAU VÔ CÙNG,DatKaa,,,ĐỚN ĐAU VÔ CÙNG DatKaa
2026-09-19,vn,Vietnam,top_videos_weekly,,41,https://i.ytimg.com/vi/Udc6MAAZT30/mqdefault.jpg,https://www.youtube.com/watch?v=Udc6MAAZT30,Từng Là Của Nhau,Bảo Anh / Táo,,,Từng Là Của Nhau Bảo Anh & Táo
2026-09-19,vn,Vietnam,top_videos_weekly,,42,https://i.ytimg.com/vi/3DcoC8p9az8/mqdefault.jpg,https://www.youtube.com/watch?v=3DcoC8p9az8,Training Season (Live),Dua Lipa,,,Training Season (Live) Dua Lipa
2026-09-19,vn,Vietnam,top_videos_weekly,,43,https://i.ytimg.com/vi/k7YJHCR9JBE/mqdefault.jpg,https://www.youtube.com/watch?v=k7YJHCR9JBE,50 Năm Về Sau,Đặng Thanh Tuyền,,,50 Năm Về Sau Đặng Thanh Tuyền
2026-09-19,vn,Vietnam,top_videos_weekly,,44,https://i.ytimg.com/vi/s466YCiHfKw/mqdefault.jpg,https://www.youtube.com/watch?v=s466YCiHfKw,FALLEN ANGEL (Official Video),JENNIE,,,FALLEN ANGEL (Official Video) JENNIE
2026-09-19,vn,Vietnam,top_videos_weekly,,45,https://i.ytimg.com/vi/O5nlyrBH3FQ/mqdefault.jpg,https://www.youtube.com/watch?v=O5nlyrBH3FQ,CILU (Cuz I Luv U) - JGKiD (Da LAB) x MPaKK (Da LAB) (Official MV),Da LAB,,,CILU (Cuz I Luv U) - JGKiD (Da LAB) x MPaKK (Da LAB) (Official MV) Da LAB
2026-09-19,vn,Vietnam,top_videos_weekly,,46,https://i.ytimg.com/vi/j8U06veqxdU/mqdefault.jpg,https://www.youtube.com/watch?v=j8U06veqxdU,Sóng Gió,ICM / Jack - J97,,,Sóng Gió ICM & Jack - J97
2026-09-19,vn,Vietnam,top_videos_weekly,,47,https://i.ytimg.com/vi/ss3NJ7uopjc/mqdefault.jpg,https://www.youtube.com/watch?v=ss3NJ7uopjc,Liệu Giờ,2T,"4月 14, 2019",453307,"47 31 Liệu Giờ 2T 4月 14, 2019 78 3 453,307"
2026-09-19,vn,Vietnam,top_videos_weekly,,48,https://i.ytimg.com/vi/kV3famkRaA4/mqdefault.jpg,https://www.youtube.com/watch?v=kV3famkRaA4,Tâm Sự Tuổi 30,Trịnh Thăng Bình,,,Tâm Sự Tuổi 30 Trịnh Thăng Bình
2026-09-19,vn,Vietnam,top_videos_weekly,,49,https://i.ytimg.com/vi/fdFRy9zBdMo/mqdefault.jpg,https://www.youtube.com/watch?v=fdFRy9zBdMo,Kẻ Say Tình 2 (Live),Quoc Thien,,,Kẻ Say Tình 2 (Live) Quoc Thien
2026-09-19,vn,Vietnam,top_videos_weekly,,50,https://i.ytimg.com/vi/Bhg-Gw953b0/mqdefault.jpg,https://www.youtube.com/watch?v=Bhg-Gw953b0,Jack | Hoa Hải Đường | Official Music Video,Jack - J97,,,Jack | Hoa Hải Đường | Official Music Video Jack - J97
2026-09-19,vn,Vietnam,top_videos_weekly,,51,https://i.ytimg.com/vi/csgufUMzsGc/mqdefault.jpg,https://www.youtube.com/watch?v=csgufUMzsGc,"KHẮP CHỐN THIÊN HÀ - ĐẠI NGHĨA, THUẬN NGUYỄN, ĐÔNG HÙNG, OSAD, HÀ AN HUY | ATVNCG 2026",YEAH1 MUSIC,,2026,"KHẮP CHỐN THIÊN HÀ - ĐẠI NGHĨA, THUẬN NGUYỄN, ĐÔNG HÙNG, OSAD, HÀ AN HUY | ATVNCG 2026 YEAH1 MUSIC"
2026-09-19,vn,Vietnam,top_videos_weekly,,52,https://i.ytimg.com/vi/fcnDmrtj6Sk/mqdefault.jpg,https://www.youtube.com/watch?v=fcnDmrtj6Sk,Dai Dai,Shakira / Burna Boy,,,Dai Dai Shakira & Burna Boy
2026-09-19,vn,Vietnam,top_videos_weekly,,53,https://i.ytimg.com/vi/yszxOH4e5eA/mqdefault.jpg,https://www.youtube.com/watch?v=yszxOH4e5eA,Mối Duyên Vàng,Võ Thu Hà / Tuấn Cry,,,Mối Duyên Vàng Võ Thu Hà & Tuấn Cry
2026-09-19,vn,Vietnam,top_videos_weekly,,54,https://i.ytimg.com/vi/kj7FXhECpSw/mqdefault.jpg,https://www.youtube.com/watch?v=kj7FXhECpSw,Ngược Lối Yêu,Vicky Nhung,,,Ngược Lối Yêu Vicky Nhung
2026-09-19,vn,Vietnam,top_videos_weekly,,55,https://i.ytimg.com/vi/qQtoYQ9TQto/mqdefault.jpg,https://www.youtube.com/watch?v=qQtoYQ9TQto,Đến Khi Nào,克越,"9月 10, 2014",385218,"55 12 Đến Khi Nào 克越 9月 10, 2014 67 2 385,218"
2026-09-19,vn,Vietnam,top_videos_weekly,,56,https://i.ytimg.com/vi/XwshmJV-DHg/mqdefault.jpg,https://www.youtube.com/watch?v=XwshmJV-DHg,"Quang Hùng MasterD - 'SECRET' (ft. Cody Nam Võ, Wren Evans, CONGB) / TINH HÀ SAY HI",Quang Hùng MasterD,,,"Quang Hùng MasterD - 'SECRET' (ft. Cody Nam Võ, Wren Evans, CONGB) / TINH HÀ SAY HI Quang Hùng MasterD"
2026-09-19,vn,Vietnam,top_videos_weekly,,57,https://i.ytimg.com/vi/SA35ldy92s0/mqdefault.jpg,https://www.youtube.com/watch?v=SA35ldy92s0,Chiều Hôm Ấy,JayKii,,,Chiều Hôm Ấy JayKii
2026-09-19,vn,Vietnam,top_videos_weekly,,58,https://i.ytimg.com/vi/ZQsXySoECfo/mqdefault.jpg,https://www.youtube.com/watch?v=ZQsXySoECfo,IM ĐỢI NGƯỜI ANH THƯƠNG,Wren Evans / CAPTAIN BOY / IVAN / Thể Thiên,,,"IM ĐỢI NGƯỜI ANH THƯƠNG Wren Evans , CAPTAIN BOY , IVAN & Thể Thiên"
2026-09-19,vn,Vietnam,top_videos_weekly,,59,https://i.ytimg.com/vi/qz-uJ-xX8K8/mqdefault.jpg,https://www.youtube.com/watch?v=qz-uJ-xX8K8,LK Hãy Quên Nhau & Ngày Buồn,Ngoc Chau / Mai Quốc Huy,,,LK Hãy Quên Nhau & Ngày Buồn Ngoc Chau & Mai Quốc Huy
2026-09-19,vn,Vietnam,top_videos_weekly,,60,https://i.ytimg.com/vi/pMUgdBS6tCA/mqdefault.jpg,https://www.youtube.com/watch?v=pMUgdBS6tCA,Ở Hai Đầu Nỗi Nhớ,Minh Vuong M4U / Le Thuy,,,Ở Hai Đầu Nỗi Nhớ Minh Vuong M4U & Le Thuy
2026-09-19,vn,Vietnam,top_videos_weekly,,61,https://i.ytimg.com/vi/NJuNJ8Xs_00/mqdefault.jpg,https://www.youtube.com/watch?v=NJuNJ8Xs_00,Nhà Tôi Có Treo Một Lá Cờ,DTAP,,,Nhà Tôi Có Treo Một Lá Cờ DTAP
2026-09-19,vn,Vietnam,top_videos_weekly,,62,https://i.ytimg.com/vi/i724lraI93s/mqdefault.jpg,https://www.youtube.com/watch?v=i724lraI93s,Bốn Chữ Lắm,Trúc Nhân,,,Bốn Chữ Lắm Trúc Nhân
2026-09-19,vn,Vietnam,top_videos_weekly,,63,https://i.ytimg.com/vi/x_QbJMJ8dbQ/mqdefault.jpg,https://www.youtube.com/watch?v=x_QbJMJ8dbQ,Đêm Nghe Hát Đò Đưa Nhớ Bác (Live),Bùi Lê Mận,,,Đêm Nghe Hát Đò Đưa Nhớ Bác (Live) Bùi Lê Mận
2026-09-19,vn,Vietnam,top_videos_weekly,,64,https://i.ytimg.com/vi/_OeDb2xHitE/mqdefault.jpg,https://www.youtube.com/watch?v=_OeDb2xHitE,"BUỒN THÌ CỨ KHÓC ĐI - WILL, IT'S CHARLES., K.O | Anh Trai Vượt Ngàn Chông Gai 2026",YEAH1 MUSIC,,2026,"BUỒN THÌ CỨ KHÓC ĐI - WILL, IT'S CHARLES., K.O | Anh Trai Vượt Ngàn Chông Gai 2026 YEAH1 MUSIC"
2026-09-19,vn,Vietnam,top_videos_weekly,,65,https://i.ytimg.com/vi/5qqUYmJZc6Q/mqdefault.jpg,https://www.youtube.com/watch?v=5qqUYmJZc6Q,Thương Thầm Cô Lái Đò (Remix),Tiến võ,,,Thương Thầm Cô Lái Đò (Remix) Tiến võ
2026-09-19,vn,Vietnam,top_videos_weekly,,66,https://i.ytimg.com/vi/YQMGNggcinA/mqdefault.jpg,https://www.youtube.com/watch?v=YQMGNggcinA,Đại Khải Hoàn,The Flob,,,Đại Khải Hoàn The Flob
2026-09-19,vn,Vietnam,top_videos_weekly,,67,https://i.ytimg.com/vi/-d3q5qYU7uY/mqdefault.jpg,https://www.youtube.com/watch?v=-d3q5qYU7uY,CÔ ĐƠN ANH CŨNG VUI,Thể Thiên / WEAN / KIMLONG / Xuân Định K.Y / DILLAN,,,"CÔ ĐƠN ANH CŨNG VUI Thể Thiên , WEAN , KIMLONG , Xuân Định K.Y & DILLAN"
2026-09-19,vn,Vietnam,top_videos_weekly,,68,https://i.ytimg.com/vi/WL11bwvAYWI/mqdefault.jpg,https://www.youtube.com/watch?v=WL11bwvAYWI,Ngày Mai Người Ta Lấy Chồng,Thành Đạt,,,Ngày Mai Người Ta Lấy Chồng Thành Đạt
2026-09-19,vn,Vietnam,top_videos_weekly,,69,https://i.ytimg.com/vi/uuTT21tabiw/mqdefault.jpg,https://www.youtube.com/watch?v=uuTT21tabiw,MỘNG DUYÊN,Quang Hùng MasterD / JSOL / Sơn.K / Song Luân / Emil Vergo,,,"MỘNG DUYÊN Quang Hùng MasterD , JSOL , Sơn.K , Song Luân & Emil Vergo"
2026-09-19,vn,Vietnam,top_videos_weekly,,70,https://i.ytimg.com/vi/42m7T272u8I/mqdefault.jpg,https://www.youtube.com/watch?v=42m7T272u8I,Giọng hát liêu trai đầy cảm xúc với Lá Thư Đô Thị - Thúy Hà (MV),Giọng Ca Để Đời,,,Giọng hát liêu trai đầy cảm xúc với Lá Thư Đô Thị - Thúy Hà (MV) Giọng Ca Để Đời
2026-09-19,vn,Vietnam,top_videos_weekly,,71,https://i.ytimg.com/vi/eHwesHMnr2o/mqdefault.jpg,https://www.youtube.com/watch?v=eHwesHMnr2o,vùng vẫy,Dangrangto / ZEXZEX / DONAL,,,"vùng vẫy Dangrangto , ZEXZEX & DONAL"
2026-09-19,vn,Vietnam,top_videos_weekly,,72,https://i.ytimg.com/vi/QxXYWMIQAcQ/mqdefault.jpg,https://www.youtube.com/watch?v=QxXYWMIQAcQ,Dangrangto - 'để dành cho em' (Visualizer),Dangrangto,,,Dangrangto - 'để dành cho em' (Visualizer) Dangrangto
2026-09-19,vn,Vietnam,top_videos_weekly,,73,https://i.ytimg.com/vi/i12AaqC1PXg/mqdefault.jpg,https://www.youtube.com/watch?v=i12AaqC1PXg,tết tình,"TINH HÀ ""SAY HI"" / DANG HONG HAI / DILLAN / Jaysonlei / Sơn.K",,,"tết tình TINH HÀ ""SAY HI"" , DANG HONG HAI , DILLAN , Jaysonlei & Sơn.K"
2026-09-19,vn,Vietnam,top_videos_weekly,,74,https://i.ytimg.com/vi/CoSc0Qqd5L0/mqdefault.jpg,https://www.youtube.com/watch?v=CoSc0Qqd5L0,Nhức Tiềm Thức,YEAH1 MUSIC,,,Nhức Tiềm Thức YEAH1 MUSIC
2026-09-19,vn,Vietnam,top_videos_weekly,,75,https://i.ytimg.com/vi/30g86GTdRpM/mqdefault.jpg,https://www.youtube.com/watch?v=30g86GTdRpM,"XUÂN THÌ - TÙNG MINT, HOÀNG TÔN, ĐÔNG HÙNG | Anh Trai Vượt Ngàn Chông Gai 2026",YEAH1 MUSIC,,2026,"XUÂN THÌ - TÙNG MINT, HOÀNG TÔN, ĐÔNG HÙNG | Anh Trai Vượt Ngàn Chông Gai 2026 YEAH1 MUSIC"
2026-09-19,vn,Vietnam,top_videos_weekly,,76,https://i.ytimg.com/vi/4npRiky2Ukg/mqdefault.jpg,https://www.youtube.com/watch?v=4npRiky2Ukg,PHƯƠNG MỸ CHI x DTAP | THỬ LÒNG QUÂN TỬ (ft. RHYDER) | OFFICIAL VISUALIZER,Phương Mỹ Chi,,,PHƯƠNG MỸ CHI x DTAP | THỬ LÒNG QUÂN TỬ (ft. RHYDER) | OFFICIAL VISUALIZER Phương Mỹ Chi
2026-09-19,vn,Vietnam,top_videos_weekly,,77,https://i.ytimg.com/vi/rDpJfmBI9xQ/mqdefault.jpg,https://www.youtube.com/watch?v=rDpJfmBI9xQ,W/n - a b c d x y z n m a s a d (song 24) | 3107,W/N,,3107,W/n - a b c d x y z n m a s a d (song 24) | 3107 W/N
2026-09-19,vn,Vietnam,top_videos_weekly,,78,https://i.ytimg.com/vi/h0FBMWgPCsg/mqdefault.jpg,https://www.youtube.com/watch?v=h0FBMWgPCsg,CHÚ CHÓ ..SAO ĐỎ - ĐÀO NGUYỄN ÁNH | COMEDY MUSIC VIDEO,Đào Nguyễn Ánh,,,CHÚ CHÓ ..SAO ĐỎ - ĐÀO NGUYỄN ÁNH | COMEDY MUSIC VIDEO Đào Nguyễn Ánh
2026-09-19,vn,Vietnam,top_videos_weekly,,79,https://i.ytimg.com/vi/kXUjz4xQKRo/mqdefault.jpg,https://www.youtube.com/watch?v=kXUjz4xQKRo,PHƯƠNG MỸ CHI x DTAP | CHỌN MẶT GỬI VÀNG (ft. DOUBLE2T) | OFFICIAL VISUALIZER,Phương Mỹ Chi,,,PHƯƠNG MỸ CHI x DTAP | CHỌN MẶT GỬI VÀNG (ft. DOUBLE2T) | OFFICIAL VISUALIZER Phương Mỹ Chi
2026-09-19,vn,Vietnam,top_videos_weekly,,80,https://i.ytimg.com/vi/ApXoWvfEYVU/mqdefault.jpg,https://www.youtube.com/watch?v=ApXoWvfEYVU,Sunflower,Post Malone / Swae Lee,,,Sunflower Post Malone & Swae Lee
2026-09-19,vn,Vietnam,top_videos_weekly,,81,https://i.ytimg.com/vi/2lE8ZDYpAgk/mqdefault.jpg,https://www.youtube.com/watch?v=2lE8ZDYpAgk,MV Chung Một Bến Đò | Vũ Duy Long & Diễm Trang ( màn song ca cực chất của 2 ca sĩ Miệt Vườn,Vũ Duy Long,,,MV Chung Một Bến Đò | Vũ Duy Long & Diễm Trang ( màn song ca cực chất của 2 ca sĩ Miệt Vườn ) Vũ Duy Long
2026-09-19,vn,Vietnam,top_videos_weekly,,82,https://i.ytimg.com/vi/ERffoKZzKnU/mqdefault.jpg,https://www.youtube.com/watch?v=ERffoKZzKnU,"Từ Khi Có Em - Song Ca - Cha Cha Cha – Rumba | Nhạc Trữ Tình Sôi Động, Ngọt Ngào | Chú Mười Ba",Chú Mười Ba,,,"Từ Khi Có Em - Song Ca - Cha Cha Cha – Rumba | Nhạc Trữ Tình Sôi Động, Ngọt Ngào | Chú Mười Ba Chú Mười Ba"
2026-09-19,vn,Vietnam,top_videos_weekly,,83,https://i.ytimg.com/vi/NPqtL1dtrlA/mqdefault.jpg,https://www.youtube.com/watch?v=NPqtL1dtrlA,Love Options(연애의 조건),BESTIE,,,Love Options(연애의 조건) BESTIE
2026-09-19,vn,Vietnam,top_videos_weekly,,84,https://i.ytimg.com/vi/SlQR9iu09bQ/mqdefault.jpg,https://www.youtube.com/watch?v=SlQR9iu09bQ,Come My Way,山松 / Tyga,,,Come My Way 山松 & Tyga
2026-09-19,vn,Vietnam,top_videos_weekly,,85,https://i.ytimg.com/vi/O5iDDoD4ZGw/mqdefault.jpg,https://www.youtube.com/watch?v=O5iDDoD4ZGw,Đáng Ra Anh Không Nên,DatG Music / B Ray,,,Đáng Ra Anh Không Nên DatG Music & B Ray
2026-09-19,vn,Vietnam,top_videos_weekly,,86,https://i.ytimg.com/vi/mpduH7v8Zhg/mqdefault.jpg,https://www.youtube.com/watch?v=mpduH7v8Zhg,"NHỎ XÍU NHỎ XIU - THƠM (Da LAB), JUN PHẠM, HUỲNH LẬP, IT'S CHARLES., HỒ ĐÔNG QUAN | ATVNCG 2026",YEAH1 MUSIC,,2026,"NHỎ XÍU NHỎ XIU - THƠM (Da LAB), JUN PHẠM, HUỲNH LẬP, IT'S CHARLES., HỒ ĐÔNG QUAN | ATVNCG 2026 YEAH1 MUSIC"
2026-09-19,vn,Vietnam,top_videos_weekly,,87,https://i.ytimg.com/vi/TjZ18Rg0f9Q/mqdefault.jpg,https://www.youtube.com/watch?v=TjZ18Rg0f9Q,Tội Cho Cô Gái Đó,克越,,,Tội Cho Cô Gái Đó 克越
2026-09-19,vn,Vietnam,top_videos_weekly,,88,https://i.ytimg.com/vi/qaVjA4a9O7w/mqdefault.jpg,https://www.youtube.com/watch?v=qaVjA4a9O7w,Thịnh Vượng Việt Nam Sáng Ngời,buitruonglinh,,,Thịnh Vượng Việt Nam Sáng Ngời buitruonglinh
2026-09-19,vn,Vietnam,top_videos_weekly,,89,https://i.ytimg.com/vi/PF3exV7ck7s/mqdefault.jpg,https://www.youtube.com/watch?v=PF3exV7ck7s,"Gửi em, người bất tử | Ân Ngờ FT. Mỹ Mỹ (Official MV) [Mini Album 0 Ngờ]",Ân ngờ,,,"Gửi em, người bất tử | Ân Ngờ FT. Mỹ Mỹ (Official MV) [Mini Album 0 Ngờ] Ân ngờ"
2026-09-19,vn,Vietnam,top_videos_weekly,,90,https://i.ytimg.com/vi/pJ9nx8oL5jk/mqdefault.jpg,https://www.youtube.com/watch?v=pJ9nx8oL5jk,XOAY VÒNG,HURRYKNG / JSOL / VƯƠNG BÌNH / CONGB,,,"XOAY VÒNG HURRYKNG , JSOL , VƯƠNG BÌNH & CONGB"
2026-09-19,vn,Vietnam,top_videos_weekly,,91,https://i.ytimg.com/vi/LLevpbFNNNE/mqdefault.jpg,https://www.youtube.com/watch?v=LLevpbFNNNE,Phong Sương Tình - Jee Trần x Tâm N - Qua Bao Lớp Phong Sương Hot Tiktok | Music Video,Jee Trần,,,Phong Sương Tình - Jee Trần x Tâm N - Qua Bao Lớp Phong Sương Hot Tiktok | Music Video Jee Trần
2026-09-19,vn,Vietnam,top_videos_weekly,,92,https://i.ytimg.com/vi/9bdCgrrBUWE/mqdefault.jpg,https://www.youtube.com/watch?v=9bdCgrrBUWE,THIỆP HỒNG CHUNG TÊN l ÚT NHỊ MINO x HÀO JK | OFFICIAL MV | Thuyền Theo Lái Gái Phải Theo Chồng.,Út Nhị Mino Official,,,THIỆP HỒNG CHUNG TÊN l ÚT NHỊ MINO x HÀO JK | OFFICIAL MV | Thuyền Theo Lái Gái Phải Theo Chồng. Út Nhị Mino Official
2026-09-19,vn,Vietnam,top_videos_weekly,,93,https://i.ytimg.com/vi/68u69yATSD8/mqdefault.jpg,https://www.youtube.com/watch?v=68u69yATSD8,THỦY CHUNG (Remix),Thương Võ / ACV,,,THỦY CHUNG (Remix) Thương Võ & ACV
2026-09-19,vn,Vietnam,top_videos_weekly,,94,https://i.ytimg.com/vi/flmgEV92Z_A/mqdefault.jpg,https://www.youtube.com/watch?v=flmgEV92Z_A,Thiệp Hồng Anh Viết Tên Em,Lê Sang,,,Thiệp Hồng Anh Viết Tên Em Lê Sang
2026-09-19,vn,Vietnam,top_videos_weekly,,95,https://i.ytimg.com/vi/AefrQO6YpG8/mqdefault.jpg,https://www.youtube.com/watch?v=AefrQO6YpG8,Hai Mùa Mưa - Bản Phối Mới Rumba Giọng Ca AI Lạ Mà Hay Cảm Xúc,BOLERO Đèn Mờ,,,Hai Mùa Mưa - Bản Phối Mới Rumba Giọng Ca AI Lạ Mà Hay Cảm Xúc BOLERO Đèn Mờ
2026-09-19,vn,Vietnam,top_videos_weekly,,96,https://i.ytimg.com/vi/U6BDbXIah-Y/mqdefault.jpg,https://www.youtube.com/watch?v=U6BDbXIah-Y,REDRED,CORTIS,"4月 20, 2026",238279,"96 96 REDRED CORTIS 4月 20, 2026 - 15 238,279"
2026-09-19,vn,Vietnam,top_videos_weekly,,97,https://i.ytimg.com/vi/DfEJGoZM9c0/mqdefault.jpg,https://www.youtube.com/watch?v=DfEJGoZM9c0,Thôi Nín Đi Em,Thành Đạt,,,Thôi Nín Đi Em Thành Đạt
2026-09-19,vn,Vietnam,top_videos_weekly,,98,https://i.ytimg.com/vi/K6rrVCFGAE8/mqdefault.jpg,https://www.youtube.com/watch?v=K6rrVCFGAE8,LAVIEM,"Quang Hùng MasterD / TINH HÀ ""SAY HI"" / CAPTAIN BOY / Pháp Kiều / COOLKID / Danny Chung",,,"LAVIEM Quang Hùng MasterD , TINH HÀ ""SAY HI"" , CAPTAIN BOY , Pháp Kiều , COOLKID & Danny Chung"
2026-09-19,vn,Vietnam,top_videos_weekly,,99,https://i.ytimg.com/vi/ADKCs7KeoHA/mqdefault.jpg,https://www.youtube.com/watch?v=ADKCs7KeoHA,CHẲNG CẦN BÌNH YÊN,Hà An Huy,,,' CHẲNG CẦN BÌNH YÊN | Hà An Huy
2026-09-19,vn,Vietnam,top_videos_weekly,,100,https://i.ytimg.com/vi/p1twmDbv3yA/mqdefault.jpg,https://www.youtube.com/watch?v=p1twmDbv3yA,LK Sao Không Thấy Anh Về / Nén Hương Yêu,如瓊 / 長武,,,LK Sao Không Thấy Anh Về / Nén Hương Yêu 如瓊 & 長武
2026-09-19,th,Thailand,top_videos_weekly,,1,https://i.ytimg.com/vi/FyS5dAywkEo/mqdefault.jpg,https://www.youtube.com/watch?v=FyS5dAywkEo,SaWaDiKa (Official Music Video),LISA,,,SaWaDiKa (Official Music Video) LISA
2026-09-19,th,Thailand,top_videos_weekly,,2,https://i.ytimg.com/vi/23cipSExADA/mqdefault.jpg,https://www.youtube.com/watch?v=23cipSExADA,เพราะพี่รักจริง,หนึ่ง บีเคแบนด์,,,เพราะพี่รักจริง หนึ่ง บีเคแบนด์
2026-09-19,th,Thailand,top_videos_weekly,,3,https://i.ytimg.com/vi/RrWFlqoWIHY/mqdefault.jpg,https://www.youtube.com/watch?v=RrWFlqoWIHY,ไม่รักดีกว่า,Z9,"8月 19, 2026",4214212,"3 1 ไม่รักดีกว่า Z9 8月 19, 2026 2 4 4,214,212"
2026-09-19,th,Thailand,top_videos_weekly,,4,https://i.ytimg.com/vi/C40oligg6xE/mqdefault.jpg,https://www.youtube.com/watch?v=C40oligg6xE,นาฬิกาทราย (sign),BOWKYLION,,,นาฬิกาทราย (sign) BOWKYLION
2026-09-19,th,Thailand,top_videos_weekly,,5,https://i.ytimg.com/vi/zMciAtU4miE/mqdefault.jpg,https://www.youtube.com/watch?v=zMciAtU4miE,บ่มีสิทธิ์ - ธีร์ ทีเร็กซ์ x หยุด สาละวัน : เซิ้ง|Music 【Official MV】,SERNG MUSiC OFFICIAL,,,บ่มีสิทธิ์ - ธีร์ ทีเร็กซ์ x หยุด สาละวัน : เซิ้ง|Music 【Official MV】 SERNG MUSiC OFFICIAL
2026-09-19,th,Thailand,top_videos_weekly,,6,https://i.ytimg.com/vi/HTjkVCSsKv8/mqdefault.jpg,https://www.youtube.com/watch?v=HTjkVCSsKv8,เมื่อไหร่จะมี (มีใจให้กัน),BLVCKHEART,,,เมื่อไหร่จะมี (มีใจให้กัน) BLVCKHEART
2026-09-19,th,Thailand,top_videos_weekly,,7,https://i.ytimg.com/vi/E-xqEPPyciw/mqdefault.jpg,https://www.youtube.com/watch?v=E-xqEPPyciw,ทิ้งกันไม่ได้หรอก,JSPKK / แจ๊ส สปุ๊กนิค ปาปิยอง กุ๊กกุ๊ก,,,ทิ้งกันไม่ได้หรอก JSPKK & แจ๊ส สปุ๊กนิค ปาปิยอง กุ๊กกุ๊ก
2026-09-19,th,Thailand,top_videos_weekly,,8,https://i.ytimg.com/vi/5ySwsjh7SLQ/mqdefault.jpg,https://www.youtube.com/watch?v=5ySwsjh7SLQ,ขึ้นใจ (3am call),Mirrr,,,ขึ้นใจ (3am call) Mirrr
2026-09-19,th,Thailand,top_videos_weekly,,9,https://i.ytimg.com/vi/sf02ugzPFE4/mqdefault.jpg,https://www.youtube.com/watch?v=sf02ugzPFE4,CLICK,JISOO,"9月 3, 2026",2021637,"9 New CLICK JISOO 9月 3, 2026 - 1 2,021,637"
2026-09-19,th,Thailand,top_videos_weekly,,10,https://i.ytimg.com/vi/vmqE5G5YsW4/mqdefault.jpg,https://www.youtube.com/watch?v=vmqE5G5YsW4,ขึ้นใจ (3am call),Mirrr,,,ขึ้นใจ (3am call) Mirrr
2026-09-19,th,Thailand,top_videos_weekly,,11,https://i.ytimg.com/vi/UZKZclgeRTg/mqdefault.jpg,https://www.youtube.com/watch?v=UZKZclgeRTg,พอได้เสียว - ดิด คิตตี้ | Official MV,ดิด คิตตี้,,,พอได้เสียว - ดิด คิตตี้ | Official MV ดิด คิตตี้
2026-09-19,th,Thailand,top_videos_weekly,,12,https://i.ytimg.com/vi/TiJn3_IY9Kk/mqdefault.jpg,https://www.youtube.com/watch?v=TiJn3_IY9Kk,นาฬิกาทราย (sign) (SPECIAL VERSION),BOWKYLION,,,นาฬิกาทราย (sign) (SPECIAL VERSION) BOWKYLION
2026-09-19,th,Thailand,top_videos_weekly,,13,https://i.ytimg.com/vi/70oRsDKJWiY/mqdefault.jpg,https://www.youtube.com/watch?v=70oRsDKJWiY,ฟ้าสีครามกับความเป็นจริง,BOVINI,,,ฟ้าสีครามกับความเป็นจริง BOVINI
2026-09-19,th,Thailand,top_videos_weekly,,14,https://i.ytimg.com/vi/JeHnrF61J80/mqdefault.jpg,https://www.youtube.com/watch?v=JeHnrF61J80,ถอนคำสาบาน,อะตอม ตาปีมิวสิคกรุ๊ป,,,ถอนคำสาบาน อะตอม ตาปีมิวสิคกรุ๊ป
2026-09-19,th,Thailand,top_videos_weekly,,15,https://i.ytimg.com/vi/wcvuL6-lGhI/mqdefault.jpg,https://www.youtube.com/watch?v=wcvuL6-lGhI,PORZAX - เธอทีละสองฉันทีละคน,PORZAX,,,PORZAX - เธอทีละสองฉันทีละคน PORZAX
2026-09-19,th,Thailand,top_videos_weekly,,16,https://i.ytimg.com/vi/vxHVQtJj2uQ/mqdefault.jpg,https://www.youtube.com/watch?v=vxHVQtJj2uQ,สาธุ,ASIA7,"11月 25, 2025",1458218,"16 ● สาธุ ASIA7 11月 25, 2025 16 21 1,458,218"
2026-09-19,th,Thailand,top_videos_weekly,,17,https://i.ytimg.com/vi/Rw65C6qP6us/mqdefault.jpg,https://www.youtube.com/watch?v=Rw65C6qP6us,ละหมาดอารมณ์ (Reproduced 2025),Maleehuana,,2025,ละหมาดอารมณ์ (Reproduced 2025) Maleehuana
2026-09-19,th,Thailand,top_videos_weekly,,18,https://i.ytimg.com/vi/D8T1EpbICsc/mqdefault.jpg,https://www.youtube.com/watch?v=D8T1EpbICsc,จิ้งจก ตุ๊กแก อึ่งอ่าง,เพ้นท์ คอนเน่,,,จิ้งจก ตุ๊กแก อึ่งอ่าง เพ้นท์ คอนเน่
2026-09-19,th,Thailand,top_videos_weekly,,19,https://i.ytimg.com/vi/HSJzqueYOxw/mqdefault.jpg,https://www.youtube.com/watch?v=HSJzqueYOxw,4EVE - เหงา...เข้าใจ | THE TEST OF TIME 2000 [ Official Video Song,XOXO ENTERTAINMENT,,2000,4EVE - เหงา...เข้าใจ | THE TEST OF TIME 2000 [ Official Video Song ] XOXO ENTERTAINMENT
2026-09-19,th,Thailand,top_videos_weekly,,20,https://i.ytimg.com/vi/34wnf8276O4/mqdefault.jpg,https://www.youtube.com/watch?v=34wnf8276O4,ภวังค์จิต,ปราง ปรางทิพย์,,,ภวังค์จิต ปราง ปรางทิพย์
2026-09-19,th,Thailand,top_videos_weekly,,21,https://i.ytimg.com/vi/j7GbNWS7XUQ/mqdefault.jpg,https://www.youtube.com/watch?v=j7GbNWS7XUQ,Rain Zone,Maiyarap,,,Rain Zone Maiyarap
2026-09-19,th,Thailand,top_videos_weekly,,22,https://i.ytimg.com/vi/KwIW4E7b59I/mqdefault.jpg,https://www.youtube.com/watch?v=KwIW4E7b59I,กลางมหาสมุทร - เล็ก รัชเมศฐ์「Official MV」,Lek Ratchamet,,,กลางมหาสมุทร - เล็ก รัชเมศฐ์「Official MV」 Lek Ratchamet
2026-09-19,th,Thailand,top_videos_weekly,,23,https://i.ytimg.com/vi/n8TTxoiigzo/mqdefault.jpg,https://www.youtube.com/watch?v=n8TTxoiigzo,ฟ้าสีครามกับความเป็นจริง - BOVINI x P-HOT「Another Version」,Genierock,,,ฟ้าสีครามกับความเป็นจริง - BOVINI x P-HOT「Another Version」 Genierock
2026-09-19,th,Thailand,top_videos_weekly,,24,https://i.ytimg.com/vi/hBK29bbOLS4/mqdefault.jpg,https://www.youtube.com/watch?v=hBK29bbOLS4,แก้บน,ก้านตอง ทุ่งเงิน,,,แก้บน ก้านตอง ทุ่งเงิน
2026-09-19,th,Thailand,top_videos_weekly,,25,https://i.ytimg.com/vi/_X4p4oPlGLU/mqdefault.jpg,https://www.youtube.com/watch?v=_X4p4oPlGLU,ขี้แง (Boys Don't Cry),PROXIE,,,ขี้แง (Boys Don't Cry) PROXIE
2026-09-19,th,Thailand,top_videos_weekly,,26,https://i.ytimg.com/vi/JbpfEQXuXc4/mqdefault.jpg,https://www.youtube.com/watch?v=JbpfEQXuXc4,เต้ยสั่งลา,ธีร์ ทีเร็กซ์ OFFICIAL,,,เต้ยสั่งลา ธีร์ ทีเร็กซ์ OFFICIAL
2026-09-19,th,Thailand,top_videos_weekly,,27,https://i.ytimg.com/vi/Q5SEFSLTYMc/mqdefault.jpg,https://www.youtube.com/watch?v=Q5SEFSLTYMc,จำบ่เป็น,ธีร์ ทีเร็กซ์ OFFICIAL,,,จำบ่เป็น ธีร์ ทีเร็กซ์ OFFICIAL
2026-09-19,th,Thailand,top_videos_weekly,,28,https://i.ytimg.com/vi/_4Pns0KNxzk/mqdefault.jpg,https://www.youtube.com/watch?v=_4Pns0KNxzk,หม้อหุงข้าว,JOEY PHUWASIT,,,หม้อหุงข้าว JOEY PHUWASIT
2026-09-19,th,Thailand,top_videos_weekly,,29,https://i.ytimg.com/vi/Ndh4rP1F6g8/mqdefault.jpg,https://www.youtube.com/watch?v=Ndh4rP1F6g8,ความคิดถึงที่เต็มไปด้วยน้ำตา,โชเล่ย์ ชคัทพล,,,ความคิดถึงที่เต็มไปด้วยน้ำตา โชเล่ย์ ชคัทพล
2026-09-19,th,Thailand,top_videos_weekly,,30,https://i.ytimg.com/vi/LUE3AxSEff8/mqdefault.jpg,https://www.youtube.com/watch?v=LUE3AxSEff8,บ้านเธอบ้านฉัน,เบิ้ล ยุทธพล,,,บ้านเธอบ้านฉัน เบิ้ล ยุทธพล
2026-09-19,th,Thailand,top_videos_weekly,,31,https://i.ytimg.com/vi/0iXj7Zkb3Ik/mqdefault.jpg,https://www.youtube.com/watch?v=0iXj7Zkb3Ik,แคนฮ้างนางฟ้า,กู่แคน,,,แคนฮ้างนางฟ้า กู่แคน
2026-09-19,th,Thailand,top_videos_weekly,,32,https://i.ytimg.com/vi/1OMZrYHIim8/mqdefault.jpg,https://www.youtube.com/watch?v=1OMZrYHIim8,รักให้เธอได้รู้ (Proof.),PUN,,,รักให้เธอได้รู้ (Proof.) PUN
2026-09-19,th,Thailand,top_videos_weekly,,33,https://i.ytimg.com/vi/yTxEWswuPPg/mqdefault.jpg,https://www.youtube.com/watch?v=yTxEWswuPPg,ไม่มีใครรู้ตัวเรา,UNHEARD MUSIC,,,ไม่มีใครรู้ตัวเรา UNHEARD MUSIC
2026-09-19,th,Thailand,top_videos_weekly,,34,https://i.ytimg.com/vi/-YByeE5aVc0/mqdefault.jpg,https://www.youtube.com/watch?v=-YByeE5aVc0,ได้แค่เดินมาส่ง (The Last Walk),GAVIN:D,,,ได้แค่เดินมาส่ง (The Last Walk) GAVIN:D
2026-09-19,th,Thailand,top_videos_weekly,,35,https://i.ytimg.com/vi/_x-Q6OBCh9o/mqdefault.jpg,https://www.youtube.com/watch?v=_x-Q6OBCh9o,คะนึงนิตย์ - ปราง ปรางทิพย์ [Official MV],ปราง ปรางทิพย์,,,คะนึงนิตย์ - ปราง ปรางทิพย์ [Official MV] ปราง ปรางทิพย์
2026-09-19,th,Thailand,top_videos_weekly,,36,https://i.ytimg.com/vi/I_xP8FhO2Zo/mqdefault.jpg,https://www.youtube.com/watch?v=I_xP8FhO2Zo,คิดถึงเรื้อรัง,manutsawee,,,คิดถึงเรื้อรัง manutsawee
2026-09-19,th,Thailand,top_videos_weekly,,37,https://i.ytimg.com/vi/7ob-uFHQkuU/mqdefault.jpg,https://www.youtube.com/watch?v=7ob-uFHQkuU,ก่อนโลกทั้งใบมันพัง,Mr'พระจันทร์,,,ก่อนโลกทั้งใบมันพัง Mr'พระจันทร์
2026-09-19,th,Thailand,top_videos_weekly,,38,https://i.ytimg.com/vi/99jJP3DgdBQ/mqdefault.jpg,https://www.youtube.com/watch?v=99jJP3DgdBQ,ขอแค่นี้ (Forever n ever),PUN,,,ขอแค่นี้ (Forever n ever) PUN
2026-09-19,th,Thailand,top_videos_weekly,,39,https://i.ytimg.com/vi/AyfZesBO4Vk/mqdefault.jpg,https://www.youtube.com/watch?v=AyfZesBO4Vk,ไม่มีวันไหนที่ไม่คิดถึง (starlost.),PURPEECH,,,ไม่มีวันไหนที่ไม่คิดถึง (starlost.) PURPEECH
2026-09-19,th,Thailand,top_videos_weekly,,40,https://i.ytimg.com/vi/6Azf6nHLSAk/mqdefault.jpg,https://www.youtube.com/watch?v=6Azf6nHLSAk,ฝันพ้อ - ไหมไทย หัวใจศิลป์【NEW VERSION】,埋代•話摘星,,,ฝันพ้อ - ไหมไทย หัวใจศิลป์【NEW VERSION】 埋代•話摘星
2026-09-19,th,Thailand,top_videos_weekly,,41,https://i.ytimg.com/vi/G2JFOEFmnnI/mqdefault.jpg,https://www.youtube.com/watch?v=G2JFOEFmnnI,คืนจันทร์,Loso,"11月 6, 2014",849674,"41 1 คืนจันทร์ Loso 11月 6, 2014 42 17 849,674"
2026-09-19,th,Thailand,top_videos_weekly,,42,https://i.ytimg.com/vi/HZQyJHpo-ag/mqdefault.jpg,https://www.youtube.com/watch?v=HZQyJHpo-ag,Lhob Mai Dai Chuay Hai Luem,普提蓬·阿薩拉塔納功 / Ink Waruntorn,,,Lhob Mai Dai Chuay Hai Luem 普提蓬·阿薩拉塔納功 & Ink Waruntorn
2026-09-19,th,Thailand,top_videos_weekly,,43,https://i.ytimg.com/vi/Gy-MZjiFv2M/mqdefault.jpg,https://www.youtube.com/watch?v=Gy-MZjiFv2M,ดอกกระเจียวบาน,Kong Huayrai,,,ดอกกระเจียวบาน Kong Huayrai
2026-09-19,th,Thailand,top_videos_weekly,,44,https://i.ytimg.com/vi/O90WsctfY4Y/mqdefault.jpg,https://www.youtube.com/watch?v=O90WsctfY4Y,Sunset in Pattaya,YOUNGOHM,,,Sunset in Pattaya YOUNGOHM
2026-09-19,th,Thailand,top_videos_weekly,,45,https://i.ytimg.com/vi/hbcGx4MGUMg/mqdefault.jpg,https://www.youtube.com/watch?v=hbcGx4MGUMg,Rockstar,LISA,"6月 27, 2024",780573,"45 New Rockstar LISA 6月 27, 2024 - 1 780,573"
2026-09-19,th,Thailand,top_videos_weekly,,46,https://i.ytimg.com/vi/WE3in6xs1iw/mqdefault.jpg,https://www.youtube.com/watch?v=WE3in6xs1iw,อ่วยคืน,ธีร์ ทีเร็กซ์ OFFICIAL,,,อ่วยคืน ธีร์ ทีเร็กซ์ OFFICIAL
2026-09-19,th,Thailand,top_videos_weekly,,47,https://i.ytimg.com/vi/QaPxz1I2nto/mqdefault.jpg,https://www.youtube.com/watch?v=QaPxz1I2nto,หลุมอากาศ,Palmy,"6月 17, 2026",750411,"47 4 หลุมอากาศ Palmy 6月 17, 2026 51 12 750,411"
2026-09-19,th,Thailand,top_videos_weekly,,48,https://i.ytimg.com/vi/H2AbuWvYDXk/mqdefault.jpg,https://www.youtube.com/watch?v=H2AbuWvYDXk,สิลืมเขาแล้วล่ะ,Nek Narurpol,,,สิลืมเขาแล้วล่ะ Nek Narurpol
2026-09-19,th,Thailand,top_videos_weekly,,49,https://i.ytimg.com/vi/FbrH6dDPERI/mqdefault.jpg,https://www.youtube.com/watch?v=FbrH6dDPERI,ดาวตก,WANYAi,"10月 1, 2025",723701,"49 49 ดาวตก WANYAi 10月 1, 2025 - 19 723,701"
2026-09-19,th,Thailand,top_videos_weekly,,50,https://i.ytimg.com/vi/HKBifVrELZI/mqdefault.jpg,https://www.youtube.com/watch?v=HKBifVrELZI,ไม่คิดนอกใจ,Loso,,,ไม่คิดนอกใจ Loso
2026-09-19,th,Thailand,top_videos_weekly,,51,https://i.ytimg.com/vi/ETL8RLZrvek/mqdefault.jpg,https://www.youtube.com/watch?v=ETL8RLZrvek,P6ICK X SURIYA MQT - 1 OF 1 Remix [Official Music Video],P6ICK / SURIYA MQT,,,P6ICK X SURIYA MQT - 1 OF 1 Remix [Official Music Video] P6ICK & SURIYA MQT
2026-09-19,th,Thailand,top_videos_weekly,,52,https://i.ytimg.com/vi/UK66Ng4CgKc/mqdefault.jpg,https://www.youtube.com/watch?v=UK66Ng4CgKc,มิติที่ศูนย์ - จิ๋ว สกุณชัย Ft.เล็ก รัชเมศฐ์ [Official MV],จิ๋ว สกุณชัย,,,มิติที่ศูนย์ - จิ๋ว สกุณชัย Ft.เล็ก รัชเมศฐ์ [Official MV] จิ๋ว สกุณชัย
2026-09-19,th,Thailand,top_videos_weekly,,53,https://i.ytimg.com/vi/j1qw79H4eHU/mqdefault.jpg,https://www.youtube.com/watch?v=j1qw79H4eHU,สายไป,9tokyo,"5月 24, 2025",654535,"53 2 สายไป 9tokyo 5月 24, 2025 55 8 654,535"
2026-09-19,th,Thailand,top_videos_weekly,,54,https://i.ytimg.com/vi/3DcoC8p9az8/mqdefault.jpg,https://www.youtube.com/watch?v=3DcoC8p9az8,Training Season (Live),Dua Lipa,,,Training Season (Live) Dua Lipa
2026-09-19,th,Thailand,top_videos_weekly,,55,https://i.ytimg.com/vi/2uo4JYyty64/mqdefault.jpg,https://www.youtube.com/watch?v=2uo4JYyty64,ALLY x JOEY PHUWASIT - Die With A Smile [LIVE SESSION],411ent,,411,ALLY x JOEY PHUWASIT - Die With A Smile [LIVE SESSION] 411ent
2026-09-19,th,Thailand,top_videos_weekly,,56,https://i.ytimg.com/vi/IGnWPokSEis/mqdefault.jpg,https://www.youtube.com/watch?v=IGnWPokSEis,บุษบา,เมนทอล,"7月 27, 2024",612465,"56 56 บุษบา เมนทอล 7月 27, 2024 - 2 612,465"
2026-09-19,th,Thailand,top_videos_weekly,,57,https://i.ytimg.com/vi/P8SgCNmM7Z8/mqdefault.jpg,https://www.youtube.com/watch?v=P8SgCNmM7Z8,เด็กมูกล่อ,พ็อก บิ๊กอายส์ / บอล วงกลม,,,เด็กมูกล่อ พ็อก บิ๊กอายส์ & บอล วงกลม
2026-09-19,th,Thailand,top_videos_weekly,,58,https://i.ytimg.com/vi/Ng_4m5A-3XQ/mqdefault.jpg,https://www.youtube.com/watch?v=Ng_4m5A-3XQ,เมื่อถูกค้นพบ (Finally She Found.),FREEHAND,,,เมื่อถูกค้นพบ (Finally She Found.) FREEHAND
2026-09-19,th,Thailand,top_videos_weekly,,59,https://i.ytimg.com/vi/98LzldwNu4I/mqdefault.jpg,https://www.youtube.com/watch?v=98LzldwNu4I,สิทธิ์ของเจ้า,埋代•話摘星,,,สิทธิ์ของเจ้า 埋代•話摘星
2026-09-19,th,Thailand,top_videos_weekly,,60,https://i.ytimg.com/vi/PDjM4kMKZoo/mqdefault.jpg,https://www.youtube.com/watch?v=PDjM4kMKZoo,เมื่อไหร่จะบอก,The Parkinson / ETC.,,,เมื่อไหร่จะบอก The Parkinson & ETC.
2026-09-19,th,Thailand,top_videos_weekly,,61,https://i.ytimg.com/vi/DXvtelMvUy8/mqdefault.jpg,https://www.youtube.com/watch?v=DXvtelMvUy8,ทำใจไม่ได้,Z9,"4月 29, 2026",581511,"61 8 ทำใจไม่ได้ Z9 4月 29, 2026 53 19 581,511"
2026-09-19,th,Thailand,top_videos_weekly,,62,https://i.ytimg.com/vi/QFpsBK0F0js/mqdefault.jpg,https://www.youtube.com/watch?v=QFpsBK0F0js,สมดุลรัก (Balance),SEA.,,,สมดุลรัก (Balance) SEA.
2026-09-19,th,Thailand,top_videos_weekly,,63,https://i.ytimg.com/vi/Q2kvk64qFgg/mqdefault.jpg,https://www.youtube.com/watch?v=Q2kvk64qFgg,FON,YOUNGGU,"7月 31, 2026",573709,"63 26 FON YOUNGGU 7月 31, 2026 89 2 573,709"
2026-09-19,th,Thailand,top_videos_weekly,,64,https://i.ytimg.com/vi/w6M2ZwjFgAg/mqdefault.jpg,https://www.youtube.com/watch?v=w6M2ZwjFgAg,ปริญญาไก่ตี,เม้ก อภิสิทธิ์,,,ปริญญาไก่ตี เม้ก อภิสิทธิ์
2026-09-19,th,Thailand,top_videos_weekly,,65,https://i.ytimg.com/vi/ulsXRXwk3Iw/mqdefault.jpg,https://www.youtube.com/watch?v=ulsXRXwk3Iw,ขอตายในอ้อมกอดเธอ,賽桑・蘇品麥,,,ขอตายในอ้อมกอดเธอ 賽桑・蘇品麥
2026-09-19,th,Thailand,top_videos_weekly,,66,https://i.ytimg.com/vi/OJxnyWlVx40/mqdefault.jpg,https://www.youtube.com/watch?v=OJxnyWlVx40,นักแสดงตบตา (Remix),ize so cold. / PORZAX / MaxMillor,,,"นักแสดงตบตา (Remix) ize so cold. , PORZAX & MaxMillor"
2026-09-19,th,Thailand,top_videos_weekly,,67,https://i.ytimg.com/vi/_Z0gDZv1Kag/mqdefault.jpg,https://www.youtube.com/watch?v=_Z0gDZv1Kag,ILLSLICK X DIAMOND - Ride [Official Music Video],DIAMOND MQT,,,ILLSLICK X DIAMOND - Ride [Official Music Video] DIAMOND MQT
2026-09-19,th,Thailand,top_videos_weekly,,68,https://i.ytimg.com/vi/w7StB3MhFm4/mqdefault.jpg,https://www.youtube.com/watch?v=w7StB3MhFm4,PROXIE x SAUCE BKK - ขี้แง (Boys Don't Cry) | Another Session,PROXIE,,,PROXIE x SAUCE BKK - ขี้แง (Boys Don't Cry) | Another Session PROXIE
2026-09-19,th,Thailand,top_videos_weekly,,69,https://i.ytimg.com/vi/grrF03UISJ0/mqdefault.jpg,https://www.youtube.com/watch?v=grrF03UISJ0,ขอให้เธอมีสุข,หนึ่ง บีเคแบนด์,,,ขอให้เธอมีสุข หนึ่ง บีเคแบนด์
2026-09-19,th,Thailand,top_videos_weekly,,70,https://i.ytimg.com/vi/s466YCiHfKw/mqdefault.jpg,https://www.youtube.com/watch?v=s466YCiHfKw,FALLEN ANGEL (Official Video),JENNIE,,,FALLEN ANGEL (Official Video) JENNIE
2026-09-19,th,Thailand,top_videos_weekly,,71,https://i.ytimg.com/vi/OW9faXovWto/mqdefault.jpg,https://www.youtube.com/watch?v=OW9faXovWto,สาหัส,Loso,"7月 22, 2016",495798,"71 6 สาหัส Loso 7月 22, 2016 65 11 495,798"
2026-09-19,th,Thailand,top_videos_weekly,,72,https://i.ytimg.com/vi/-q_S27LbNKU/mqdefault.jpg,https://www.youtube.com/watch?v=-q_S27LbNKU,BAD,ATEEZ,"6月 25, 2026",484892,"72 13 BAD ATEEZ 6月 25, 2026 85 10 484,892"
2026-09-19,th,Thailand,top_videos_weekly,,73,https://i.ytimg.com/vi/Q9MsKajCU3M/mqdefault.jpg,https://www.youtube.com/watch?v=Q9MsKajCU3M,อมพระมาพูด,賽桑・蘇品麥,,,อมพระมาพูด 賽桑・蘇品麥
2026-09-19,th,Thailand,top_videos_weekly,,74,https://i.ytimg.com/vi/JZdPgnt7CaM/mqdefault.jpg,https://www.youtube.com/watch?v=JZdPgnt7CaM,ก่อนจะเล่าเรื่องกู,ดาม่วน Music,,,ก่อนจะเล่าเรื่องกู ดาม่วน Music
2026-09-19,th,Thailand,top_videos_weekly,,75,https://i.ytimg.com/vi/DiNyIYOHvUE/mqdefault.jpg,https://www.youtube.com/watch?v=DiNyIYOHvUE,คนขี่หลังควาย (Remix),Djpaoremix / ILLSLICK,,,คนขี่หลังควาย (Remix) Djpaoremix & ILLSLICK
2026-09-19,th,Thailand,top_videos_weekly,,76,https://i.ytimg.com/vi/idE6--da118/mqdefault.jpg,https://www.youtube.com/watch?v=idE6--da118,อวยพรย้อนจำเป็น,YOUD SALAVAN,,,อวยพรย้อนจำเป็น YOUD SALAVAN
2026-09-19,th,Thailand,top_videos_weekly,,77,https://i.ytimg.com/vi/r5mCC9s6O-U/mqdefault.jpg,https://www.youtube.com/watch?v=r5mCC9s6O-U,พระจันทร์ที่ไม่เต็มดวง,KLEAR,,,พระจันทร์ที่ไม่เต็มดวง KLEAR
2026-09-19,th,Thailand,top_videos_weekly,,78,https://i.ytimg.com/vi/O4-3pewcDEY/mqdefault.jpg,https://www.youtube.com/watch?v=O4-3pewcDEY,สิทธิ์ของเธอ,Asanee & Wasan,,,สิทธิ์ของเธอ Asanee & Wasan
2026-09-19,th,Thailand,top_videos_weekly,,79,https://i.ytimg.com/vi/TvFBrkkSVJg/mqdefault.jpg,https://www.youtube.com/watch?v=TvFBrkkSVJg,อารมณ์สีเทา,SARAN / SEA.,,,อารมณ์สีเทา SARAN & SEA.
2026-09-19,th,Thailand,top_videos_weekly,,80,https://i.ytimg.com/vi/82-jTNka3uc/mqdefault.jpg,https://www.youtube.com/watch?v=82-jTNka3uc,hate that i made you love me,Ariana Grande,,,hate that i made you love me Ariana Grande
2026-09-19,th,Thailand,top_videos_weekly,,81,https://i.ytimg.com/vi/VTIqFKUc0kQ/mqdefault.jpg,https://www.youtube.com/watch?v=VTIqFKUc0kQ,TATTOO COLOUR - คาราโอเกะ | Karaoke [Music Video],SMALLROOM,,,TATTOO COLOUR - คาราโอเกะ | Karaoke [Music Video] SMALLROOM
2026-09-19,th,Thailand,top_videos_weekly,,82,https://i.ytimg.com/vi/mMKwM_FYBOo/mqdefault.jpg,https://www.youtube.com/watch?v=mMKwM_FYBOo,ซาโยนาระ,Mild,"9月 9, 2015",430375,"82 82 ซาโยนาระ Mild 9月 9, 2015 - 6 430,375"
2026-09-19,th,Thailand,top_videos_weekly,,83,https://i.ytimg.com/vi/l7r3nPuO-wc/mqdefault.jpg,https://www.youtube.com/watch?v=l7r3nPuO-wc,ดีแต่ปาก,So Cool,,,ดีแต่ปาก So Cool
2026-09-19,th,Thailand,top_videos_weekly,,84,https://i.ytimg.com/vi/IWCCEwIFtuo/mqdefault.jpg,https://www.youtube.com/watch?v=IWCCEwIFtuo,บุญผลาบ่ฮอด,อ้ายแมน ภิสิทธิ์พงษ์,,,บุญผลาบ่ฮอด อ้ายแมน ภิสิทธิ์พงษ์
2026-09-19,th,Thailand,top_videos_weekly,,85,https://i.ytimg.com/vi/zECdjYo5nH8/mqdefault.jpg,https://www.youtube.com/watch?v=zECdjYo5nH8,ถ้าอ้ายบ่ฮัก,ก้านตอง ทุ่งเงิน,,,ถ้าอ้ายบ่ฮัก ก้านตอง ทุ่งเงิน
2026-09-19,th,Thailand,top_videos_weekly,,86,https://i.ytimg.com/vi/BcOlMcpvYRI/mqdefault.jpg,https://www.youtube.com/watch?v=BcOlMcpvYRI,เหงา คิดถึง รอ,賽桑・蘇品麥,,,เหงา คิดถึง รอ 賽桑・蘇品麥
2026-09-19,th,Thailand,top_videos_weekly,,87,https://i.ytimg.com/vi/Q3bFaJVLlb0/mqdefault.jpg,https://www.youtube.com/watch?v=Q3bFaJVLlb0,ဤသို့ပြုရ,Theinkpan Htun,,,ဤသို့ပြုရ Theinkpan Htun
2026-09-19,th,Thailand,top_videos_weekly,,88,https://i.ytimg.com/vi/igP0cOlGmDA/mqdefault.jpg,https://www.youtube.com/watch?v=igP0cOlGmDA,โทรมาที่เบอร์นี้ (Phone Number),BLVCKHEART,,,โทรมาที่เบอร์นี้ (Phone Number) BLVCKHEART
2026-09-19,th,Thailand,top_videos_weekly,,89,https://i.ytimg.com/vi/Xn_LEDFMdX8/mqdefault.jpg,https://www.youtube.com/watch?v=Xn_LEDFMdX8,Baddie,IRONBOY,"6月 18, 2026",393136,"89 6 Baddie IRONBOY 6月 18, 2026 83 12 393,136"
2026-09-19,th,Thailand,top_videos_weekly,,90,https://i.ytimg.com/vi/-NSwe-XikGI/mqdefault.jpg,https://www.youtube.com/watch?v=-NSwe-XikGI,คืนสิทธิ์,บุ๊ค ศุภกาญจน์,,,คืนสิทธิ์ บุ๊ค ศุภกาญจน์
2026-09-19,th,Thailand,top_videos_weekly,,91,https://i.ytimg.com/vi/SoZiE-M4h4Y/mqdefault.jpg,https://www.youtube.com/watch?v=SoZiE-M4h4Y,คนสุดท้าย,Asanee & Wasan,,,คนสุดท้าย Asanee & Wasan
2026-09-19,th,Thailand,top_videos_weekly,,92,https://i.ytimg.com/vi/oHM9OV3gpNw/mqdefault.jpg,https://www.youtube.com/watch?v=oHM9OV3gpNw,อุษาสาง,เจนจิรา เฉียงเอก,,,อุษาสาง เจนจิรา เฉียงเอก
2026-09-19,th,Thailand,top_videos_weekly,,93,https://i.ytimg.com/vi/nNvPtGewa_k/mqdefault.jpg,https://www.youtube.com/watch?v=nNvPtGewa_k,ความรักทำให้คนตาบอด,Bodyslam,,,ความรักทำให้คนตาบอด Bodyslam
2026-09-19,th,Thailand,top_videos_weekly,,94,https://i.ytimg.com/vi/lWhygAYsPrc/mqdefault.jpg,https://www.youtube.com/watch?v=lWhygAYsPrc,ใจฉันตามเธอไป,YOUNGOHM,,,ใจฉันตามเธอไป YOUNGOHM
2026-09-19,th,Thailand,top_videos_weekly,,95,https://i.ytimg.com/vi/HszBljiurkE/mqdefault.jpg,https://www.youtube.com/watch?v=HszBljiurkE,สำมะเรเทเมา,YOUNGOHM,,,สำมะเรเทเมา YOUNGOHM
2026-09-19,th,Thailand,top_videos_weekly,,96,https://i.ytimg.com/vi/DWJkFq9lZ_8/mqdefault.jpg,https://www.youtube.com/watch?v=DWJkFq9lZ_8,Mai Yom Tad Jai,賽桑・蘇品麥,,,Mai Yom Tad Jai 賽桑・蘇品麥
2026-09-19,th,Thailand,top_videos_weekly,,97,https://i.ytimg.com/vi/8wxTE5Ewmmo/mqdefault.jpg,https://www.youtube.com/watch?v=8wxTE5Ewmmo,ขอบคุณตัวเอง - ดาม่วน Music (Official Audio) | เพลงกำลังใจ สำหรับคนสู้ชีวิต,ดาม่วน Music,,,ขอบคุณตัวเอง - ดาม่วน Music (Official Audio) | เพลงกำลังใจ สำหรับคนสู้ชีวิต ดาม่วน Music
2026-09-19,th,Thailand,top_videos_weekly,,98,https://i.ytimg.com/vi/x1yYLrWJwkk/mqdefault.jpg,https://www.youtube.com/watch?v=x1yYLrWJwkk,เมื่อถูกค้นพบ (Finally She Found.),FREEHAND,,,เมื่อถูกค้นพบ (Finally She Found.) FREEHAND
2026-09-19,th,Thailand,top_videos_weekly,,99,https://i.ytimg.com/vi/BodGHhotjzQ/mqdefault.jpg,https://www.youtube.com/watch?v=BodGHhotjzQ,บ่คือแล้วเนาะ,PLAI KANOKPORN,,,บ่คือแล้วเนาะ PLAI KANOKPORN
2026-09-19,th,Thailand,top_videos_weekly,,100,https://i.ytimg.com/vi/fYWuA3RCVWc/mqdefault.jpg,https://www.youtube.com/watch?v=fYWuA3RCVWc,ยำละแง๊น(Remix),Am Seatwo / Ball Seatwo,,,ยำละแง๊น(Remix) Am Seatwo & Ball Seatwo
2026-09-19,id,Indonesia,top_videos_weekly,,1,https://i.ytimg.com/vi/FyS5dAywkEo/mqdefault.jpg,https://www.youtube.com/watch?v=FyS5dAywkEo,SaWaDiKa (Official Music Video),LISA,,,SaWaDiKa (Official Music Video) LISA
2026-09-19,id,Indonesia,top_videos_weekly,,2,https://i.ytimg.com/vi/RO75uUZiAw0/mqdefault.jpg,https://www.youtube.com/watch?v=RO75uUZiAw0,Teh Hijau,圖魯斯,"6月 29, 2026",7402939,"2 1 Teh Hijau 圖魯斯 6月 29, 2026 1 10 7,402,939"
2026-09-19,id,Indonesia,top_videos_weekly,,3,https://i.ytimg.com/vi/Nskf70DMR60/mqdefault.jpg,https://www.youtube.com/watch?v=Nskf70DMR60,Sesi Potret,eńau,,,Sesi Potret eńau
2026-09-19,id,Indonesia,top_videos_weekly,,4,https://i.ytimg.com/vi/awWKxGftWh4/mqdefault.jpg,https://www.youtube.com/watch?v=awWKxGftWh4,Dunia Yang Nanti,Raim Laode,,,Dunia Yang Nanti Raim Laode
2026-09-19,id,Indonesia,top_videos_weekly,,5,https://i.ytimg.com/vi/K-7olbaOelg/mqdefault.jpg,https://www.youtube.com/watch?v=K-7olbaOelg,MMG (My Mine Gueh),Naykilla,,,MMG (My Mine Gueh) Naykilla
2026-09-19,id,Indonesia,top_videos_weekly,,6,https://i.ytimg.com/vi/0SbnqsQInqE/mqdefault.jpg,https://www.youtube.com/watch?v=0SbnqsQInqE,MUTIARA,Ipank / Kintani,,,MUTIARA Ipank & Kintani
2026-09-19,id,Indonesia,top_videos_weekly,,7,https://i.ytimg.com/vi/F0d8JJUNkqo/mqdefault.jpg,https://www.youtube.com/watch?v=F0d8JJUNkqo,Tabola Bale,SILET OPEN UP / Jacson Zeran / Juan Reza / Diva Aurel,,,"Tabola Bale SILET OPEN UP , Jacson Zeran , Juan Reza & Diva Aurel"
2026-09-19,id,Indonesia,top_videos_weekly,,8,https://i.ytimg.com/vi/M7oZR-MTEZs/mqdefault.jpg,https://www.youtube.com/watch?v=M7oZR-MTEZs,Iqro',Raim Laode,,,Iqro' Raim Laode
2026-09-19,id,Indonesia,top_videos_weekly,,9,https://i.ytimg.com/vi/38_bAaFI41w/mqdefault.jpg,https://www.youtube.com/watch?v=38_bAaFI41w,Don't Force Your Longing,Ifan Seventeen,,,Don't Force Your Longing Ifan Seventeen
2026-09-19,id,Indonesia,top_videos_weekly,,10,https://i.ytimg.com/vi/sf02ugzPFE4/mqdefault.jpg,https://www.youtube.com/watch?v=sf02ugzPFE4,CLICK,JISOO,"9月 3, 2026",2009946,"10 New CLICK JISOO 9月 3, 2026 - 1 2,009,946"
2026-09-19,id,Indonesia,top_videos_weekly,,11,https://i.ytimg.com/vi/3DcoC8p9az8/mqdefault.jpg,https://www.youtube.com/watch?v=3DcoC8p9az8,Training Season (Live),Dua Lipa,,,Training Season (Live) Dua Lipa
2026-09-19,id,Indonesia,top_videos_weekly,,12,https://i.ytimg.com/vi/WZYUSaHlGlk/mqdefault.jpg,https://www.youtube.com/watch?v=WZYUSaHlGlk,NEGORO ANGIN,Denny Caknan,,,NEGORO ANGIN Denny Caknan
2026-09-19,id,Indonesia,top_videos_weekly,,13,https://i.ytimg.com/vi/OQNu-iB2tE8/mqdefault.jpg,https://www.youtube.com/watch?v=OQNu-iB2tE8,Titik Nadir,Kahitna / Monita Tahalea,,,Titik Nadir Kahitna & Monita Tahalea
2026-09-19,id,Indonesia,top_videos_weekly,,14,https://i.ytimg.com/vi/2uJut6USftQ/mqdefault.jpg,https://www.youtube.com/watch?v=2uJut6USftQ,Jatuh Suka,圖魯斯,"3月 2, 2022",1577171,"14 2 Jatuh Suka 圖魯斯 3月 2, 2022 12 44 1,577,171"
2026-09-19,id,Indonesia,top_videos_weekly,,15,https://i.ytimg.com/vi/OT5msu-dap8/mqdefault.jpg,https://www.youtube.com/watch?v=OT5msu-dap8,Shape Of My Heart,Backstreet Boys,,,Shape Of My Heart Backstreet Boys
2026-09-19,id,Indonesia,top_videos_weekly,,16,https://i.ytimg.com/vi/yrvVKSdwVIA/mqdefault.jpg,https://www.youtube.com/watch?v=yrvVKSdwVIA,Kangen,Dewa 19,"7月 13, 2018",1556346,"16 16 Kangen Dewa 19 7月 13, 2018 - 56 1,556,346"
2026-09-19,id,Indonesia,top_videos_weekly,,17,https://i.ytimg.com/vi/0nLrGYnJPyM/mqdefault.jpg,https://www.youtube.com/watch?v=0nLrGYnJPyM,2001x,Adrian Khalif,,2001,2001x Adrian Khalif
2026-09-19,id,Indonesia,top_videos_weekly,,18,https://i.ytimg.com/vi/qQDaxjLReck/mqdefault.jpg,https://www.youtube.com/watch?v=qQDaxjLReck,Ini Abadi,Perunggu,,,Ini Abadi Perunggu
2026-09-19,id,Indonesia,top_videos_weekly,,19,https://i.ytimg.com/vi/0VOhIR3bnXY/mqdefault.jpg,https://www.youtube.com/watch?v=0VOhIR3bnXY,ORANG BARU LEBE GACOR,Ecko Show / Juan Reza / CHESYLINO,,,"ORANG BARU LEBE GACOR Ecko Show , Juan Reza & CHESYLINO"
2026-09-19,id,Indonesia,top_videos_weekly,,20,https://i.ytimg.com/vi/SeSAwqq_Kpo/mqdefault.jpg,https://www.youtube.com/watch?v=SeSAwqq_Kpo,Kita Lewati Berdua,Overnight,,,Kita Lewati Berdua Overnight
2026-09-19,id,Indonesia,top_videos_weekly,,21,https://i.ytimg.com/vi/HgRsmSyy_Fw/mqdefault.jpg,https://www.youtube.com/watch?v=HgRsmSyy_Fw,PEARL,Difarina Indra / Fendik Adella,,,PEARL Difarina Indra & Fendik Adella
2026-09-19,id,Indonesia,top_videos_weekly,,22,https://i.ytimg.com/vi/yIPX-FNJ9qk/mqdefault.jpg,https://www.youtube.com/watch?v=yIPX-FNJ9qk,Sedia Aku Sebelum Hujan,Idgitaf,,,Sedia Aku Sebelum Hujan Idgitaf
2026-09-19,id,Indonesia,top_videos_weekly,,23,https://i.ytimg.com/vi/zyLmavBAY7k/mqdefault.jpg,https://www.youtube.com/watch?v=zyLmavBAY7k,Teh Hijau,圖魯斯,"7月 10, 2026",1330071,"23 3 Teh Hijau 圖魯斯 7月 10, 2026 26 9 1,330,071"
2026-09-19,id,Indonesia,top_videos_weekly,,24,https://i.ytimg.com/vi/w8pjAV8u2OE/mqdefault.jpg,https://www.youtube.com/watch?v=w8pjAV8u2OE,Tarot,.Feast,"11月 15, 2024",1313201,"24 3 Tarot .Feast 11月 15, 2024 21 55 1,313,201"
2026-09-19,id,Indonesia,top_videos_weekly,,25,https://i.ytimg.com/vi/cmICctnAWCY/mqdefault.jpg,https://www.youtube.com/watch?v=cmICctnAWCY,kota ini tak sama tanpamu,Nadhif Basalamah,,,kota ini tak sama tanpamu Nadhif Basalamah
2026-09-19,id,Indonesia,top_videos_weekly,,26,https://i.ytimg.com/vi/tAbHxboRGoU/mqdefault.jpg,https://www.youtube.com/watch?v=tAbHxboRGoU,AMBON MANISE,Toton Caribo,,,AMBON MANISE Toton Caribo
2026-09-19,id,Indonesia,top_videos_weekly,,27,https://i.ytimg.com/vi/OErndIcI8gE/mqdefault.jpg,https://www.youtube.com/watch?v=OErndIcI8gE,Alamak,Rizky Febian / Adrian Khalif,,,Alamak Rizky Febian & Adrian Khalif
2026-09-19,id,Indonesia,top_videos_weekly,,28,https://i.ytimg.com/vi/o25_Tn8BnFM/mqdefault.jpg,https://www.youtube.com/watch?v=o25_Tn8BnFM,Anugerah Terindah,Andmesh,,,Anugerah Terindah Andmesh
2026-09-19,id,Indonesia,top_videos_weekly,,29,https://i.ytimg.com/vi/fcY8YudZe1c/mqdefault.jpg,https://www.youtube.com/watch?v=fcY8YudZe1c,Menteri Durmagati,KAJAWI,,,Menteri Durmagati KAJAWI
2026-09-19,id,Indonesia,top_videos_weekly,,30,https://i.ytimg.com/vi/P44FdpFcdF4/mqdefault.jpg,https://www.youtube.com/watch?v=P44FdpFcdF4,Panas Pela,Fresly Nikijuluw,,,Panas Pela Fresly Nikijuluw
2026-09-19,id,Indonesia,top_videos_weekly,,31,https://i.ytimg.com/vi/_e9xhF69kFs/mqdefault.jpg,https://www.youtube.com/watch?v=_e9xhF69kFs,Negoro Angin,Silvy Kumalasari,,,Negoro Angin Silvy Kumalasari
2026-09-19,id,Indonesia,top_videos_weekly,,32,https://i.ytimg.com/vi/75aBKInkybs/mqdefault.jpg,https://www.youtube.com/watch?v=75aBKInkybs,Tentang Rindu,Virzha,,,Tentang Rindu Virzha
2026-09-19,id,Indonesia,top_videos_weekly,,33,https://i.ytimg.com/vi/fLdVq8n-KQg/mqdefault.jpg,https://www.youtube.com/watch?v=fLdVq8n-KQg,Astaga Bercanda,Akbar Chalay / Mingse,,,Astaga Bercanda Akbar Chalay & Mingse
2026-09-19,id,Indonesia,top_videos_weekly,,34,https://i.ytimg.com/vi/o0tVo09Rjyw/mqdefault.jpg,https://www.youtube.com/watch?v=o0tVo09Rjyw,Salah Apa,Ipank,"2月 8, 2026",1063049,"34 11 Salah Apa Ipank 2月 8, 2026 45 14 1,063,049"
2026-09-19,id,Indonesia,top_videos_weekly,,35,https://i.ytimg.com/vi/hEFAeAPLbfk/mqdefault.jpg,https://www.youtube.com/watch?v=hEFAeAPLbfk,What If I Call,Alex Crichton,,,What If I Call Alex Crichton
2026-09-19,id,Indonesia,top_videos_weekly,,36,https://i.ytimg.com/vi/NOiQfCVjAsQ/mqdefault.jpg,https://www.youtube.com/watch?v=NOiQfCVjAsQ,MUTIARA (Live),Laila Ayu / Irwan D'Academy / SIMPATIK MUSIC,,,"MUTIARA (Live) Laila Ayu , Irwan D'Academy & SIMPATIK MUSIC"
2026-09-19,id,Indonesia,top_videos_weekly,,37,https://i.ytimg.com/vi/7WNlDmUN-mc/mqdefault.jpg,https://www.youtube.com/watch?v=7WNlDmUN-mc,Percuma,Mahalini,,,Percuma Mahalini
2026-09-19,id,Indonesia,top_videos_weekly,,38,https://i.ytimg.com/vi/fJSkCNcKqZw/mqdefault.jpg,https://www.youtube.com/watch?v=fJSkCNcKqZw,DIRANTAI DIGELANGI RINDU - LAILA AYU FT IRWAN KRISDIYANTO - SIMPATIK MUSIC,Simpatik Music,,,DIRANTAI DIGELANGI RINDU - LAILA AYU FT IRWAN KRISDIYANTO - SIMPATIK MUSIC Simpatik Music
2026-09-19,id,Indonesia,top_videos_weekly,,39,https://i.ytimg.com/vi/cUnYmncAvP4/mqdefault.jpg,https://www.youtube.com/watch?v=cUnYmncAvP4,33x,Perunggu,"3月 10, 2022",1001608,"39 ● 33x Perunggu 3月 10, 2022 39 46 1,001,608"
2026-09-19,id,Indonesia,top_videos_weekly,,40,https://i.ytimg.com/vi/lY2yjAdbvdQ/mqdefault.jpg,https://www.youtube.com/watch?v=lY2yjAdbvdQ,Treat You Better,Shawn Mendes,,,Treat You Better Shawn Mendes
2026-09-19,id,Indonesia,top_videos_weekly,,41,https://i.ytimg.com/vi/XY9JR07il_U/mqdefault.jpg,https://www.youtube.com/watch?v=XY9JR07il_U,Keong Racun,Ajeng Febria,,,Keong Racun Ajeng Febria
2026-09-19,id,Indonesia,top_videos_weekly,,42,https://i.ytimg.com/vi/V6cQ4LyvOgg/mqdefault.jpg,https://www.youtube.com/watch?v=V6cQ4LyvOgg,1000X,Ghea Indrawari,,1000,1000X Ghea Indrawari
2026-09-19,id,Indonesia,top_videos_weekly,,43,https://i.ytimg.com/vi/qa-HkDhWh1U/mqdefault.jpg,https://www.youtube.com/watch?v=qa-HkDhWh1U,Wafiq Azizah feat. Putri Agni (Duo Barbar) - EDAN TURUN | Pargoy Ambyar,Akhtar Music,,,Wafiq Azizah feat. Putri Agni (Duo Barbar) - EDAN TURUN | Pargoy Ambyar Akhtar Music
2026-09-19,id,Indonesia,top_videos_weekly,,44,https://i.ytimg.com/vi/uGxaFiHD7PI/mqdefault.jpg,https://www.youtube.com/watch?v=uGxaFiHD7PI,Menari-nari,Raim Laode,,,Menari-nari Raim Laode
2026-09-19,id,Indonesia,top_videos_weekly,,45,https://i.ytimg.com/vi/L1vlvEfFQlg/mqdefault.jpg,https://www.youtube.com/watch?v=L1vlvEfFQlg,SALAH APA,Laila Ayu / Irwan Krisdiyanto / Simpatik Music,,,"SALAH APA Laila Ayu , Irwan Krisdiyanto & Simpatik Music"
2026-09-19,id,Indonesia,top_videos_weekly,,46,https://i.ytimg.com/vi/__Pb1fO2H2A/mqdefault.jpg,https://www.youtube.com/watch?v=__Pb1fO2H2A,Kita Lewati Berdua,overnight,,,Kita Lewati Berdua overnight
2026-09-19,id,Indonesia,top_videos_weekly,,47,https://i.ytimg.com/vi/cQLbKBu9vlY/mqdefault.jpg,https://www.youtube.com/watch?v=cQLbKBu9vlY,Bukan Ku Tak Sudi,Iklim,,,Bukan Ku Tak Sudi Iklim
2026-09-19,id,Indonesia,top_videos_weekly,,48,https://i.ytimg.com/vi/jmvX6XyvCy0/mqdefault.jpg,https://www.youtube.com/watch?v=jmvX6XyvCy0,Bersenja Gurau,Raim Laode,,,Bersenja Gurau Raim Laode
2026-09-19,id,Indonesia,top_videos_weekly,,49,https://i.ytimg.com/vi/grp6FCnioMM/mqdefault.jpg,https://www.youtube.com/watch?v=grp6FCnioMM,kota ini tak sama tanpamu,Nadhif Basalamah,,,kota ini tak sama tanpamu Nadhif Basalamah
2026-09-19,id,Indonesia,top_videos_weekly,,50,https://i.ytimg.com/vi/IqaQjRGt8i0/mqdefault.jpg,https://www.youtube.com/watch?v=IqaQjRGt8i0,Laut Kidul,Yeni Inka,,,Laut Kidul Yeni Inka
2026-09-19,id,Indonesia,top_videos_weekly,,51,https://i.ytimg.com/vi/C8D16CYoFo8/mqdefault.jpg,https://www.youtube.com/watch?v=C8D16CYoFo8,Dirantai Digelangi Rindu,Yeni Inka,,,Dirantai Digelangi Rindu Yeni Inka
2026-09-19,id,Indonesia,top_videos_weekly,,52,https://i.ytimg.com/vi/qCfP5xrcTSU/mqdefault.jpg,https://www.youtube.com/watch?v=qCfP5xrcTSU,Mutiara (Ska Reggae Version),Maulana Ardiansyah,,,Mutiara (Ska Reggae Version) Maulana Ardiansyah
2026-09-19,id,Indonesia,top_videos_weekly,,53,https://i.ytimg.com/vi/NRGDT2UUlsk/mqdefault.jpg,https://www.youtube.com/watch?v=NRGDT2UUlsk,Jatuh Suka,圖魯斯,"9月 28, 2025",835336,"53 3 Jatuh Suka 圖魯斯 9月 28, 2025 50 11 835,336"
2026-09-19,id,Indonesia,top_videos_weekly,,54,https://i.ytimg.com/vi/lCIX4hd_geU/mqdefault.jpg,https://www.youtube.com/watch?v=lCIX4hd_geU,LAUT KIDUL (Live),Denny Caknan,,,LAUT KIDUL (Live) Denny Caknan
2026-09-19,id,Indonesia,top_videos_weekly,,55,https://i.ytimg.com/vi/m_2GEsOIzmc/mqdefault.jpg,https://www.youtube.com/watch?v=m_2GEsOIzmc,Bounce & Pa Bkb,Vian DTM,,,Bounce & Pa Bkb Vian DTM
2026-09-19,id,Indonesia,top_videos_weekly,,56,https://i.ytimg.com/vi/uf721kddxuM/mqdefault.jpg,https://www.youtube.com/watch?v=uf721kddxuM,2001x,Adrian Khalif,,2001,2001x Adrian Khalif
2026-09-19,id,Indonesia,top_videos_weekly,,57,https://i.ytimg.com/vi/WhEUZrB2Osc/mqdefault.jpg,https://www.youtube.com/watch?v=WhEUZrB2Osc,Pamungkas - Berapa Kali Kita Akan Saling Memaafkan (Official Lyrics Video),Pamungkas,,,Pamungkas - Berapa Kali Kita Akan Saling Memaafkan (Official Lyrics Video) Pamungkas
2026-09-19,id,Indonesia,top_videos_weekly,,58,https://i.ytimg.com/vi/ThGYCL1zERU/mqdefault.jpg,https://www.youtube.com/watch?v=ThGYCL1zERU,Raci Kuah,Fresly Nikijuluw,,,Raci Kuah Fresly Nikijuluw
2026-09-19,id,Indonesia,top_videos_weekly,,59,https://i.ytimg.com/vi/1WeCPL58Ijg/mqdefault.jpg,https://www.youtube.com/watch?v=1WeCPL58Ijg,ANGEL 2 (Live),Ajeng Febria,,,ANGEL 2 (Live) Ajeng Febria
2026-09-19,id,Indonesia,top_videos_weekly,,60,https://i.ytimg.com/vi/-1SgFHqxjlw/mqdefault.jpg,https://www.youtube.com/watch?v=-1SgFHqxjlw,SxyCip - Love All Day (Official Music Video),SxyCip,,,SxyCip - Love All Day (Official Music Video) SxyCip
2026-09-19,id,Indonesia,top_videos_weekly,,61,https://i.ytimg.com/vi/chl0R8C4NJ8/mqdefault.jpg,https://www.youtube.com/watch?v=chl0R8C4NJ8,Hearts2Hearts 하츠투하츠 'ICONIC HEART' MV,Hearts2Hearts,,,Hearts2Hearts 하츠투하츠 'ICONIC HEART' MV Hearts2Hearts
2026-09-19,id,Indonesia,top_videos_weekly,,62,https://i.ytimg.com/vi/R5PyKEgKYUE/mqdefault.jpg,https://www.youtube.com/watch?v=R5PyKEgKYUE,Jambu Alas,Della Monica,,,Jambu Alas Della Monica
2026-09-19,id,Indonesia,top_videos_weekly,,63,https://i.ytimg.com/vi/Ghhhp_3xBxw/mqdefault.jpg,https://www.youtube.com/watch?v=Ghhhp_3xBxw,Perceraian Lara,Fendik Adella / Difarina Indra Adella,,,Perceraian Lara Fendik Adella & Difarina Indra Adella
2026-09-19,id,Indonesia,top_videos_weekly,,64,https://i.ytimg.com/vi/s466YCiHfKw/mqdefault.jpg,https://www.youtube.com/watch?v=s466YCiHfKw,FALLEN ANGEL (Official Video),JENNIE,,,FALLEN ANGEL (Official Video) JENNIE
2026-09-19,id,Indonesia,top_videos_weekly,,65,https://i.ytimg.com/vi/QGZ1tR-xMLo/mqdefault.jpg,https://www.youtube.com/watch?v=QGZ1tR-xMLo,Titik Nadir,Kahitna / Monita Tahalea,,,Titik Nadir Kahitna & Monita Tahalea
2026-09-19,id,Indonesia,top_videos_weekly,,66,https://i.ytimg.com/vi/O2CFycaEc8A/mqdefault.jpg,https://www.youtube.com/watch?v=O2CFycaEc8A,Jomblo,Riyanti Darlia / Bandung Music,,,Jomblo Riyanti Darlia & Bandung Music
2026-09-19,id,Indonesia,top_videos_weekly,,67,https://i.ytimg.com/vi/GTCMLqt6Slg/mqdefault.jpg,https://www.youtube.com/watch?v=GTCMLqt6Slg,ONCOM GONDRONG || LIVE ADE ASTRID X GERENGSENG TEAM,Ade Astrid,,,ONCOM GONDRONG || LIVE ADE ASTRID X GERENGSENG TEAM Ade Astrid
2026-09-19,id,Indonesia,top_videos_weekly,,68,https://i.ytimg.com/vi/a9_ID88euhc/mqdefault.jpg,https://www.youtube.com/watch?v=a9_ID88euhc,Seharusnya Aku,Elsa Pitaloka,,,Seharusnya Aku Elsa Pitaloka
2026-09-19,id,Indonesia,top_videos_weekly,,69,https://i.ytimg.com/vi/gNUMxMuxH20/mqdefault.jpg,https://www.youtube.com/watch?v=gNUMxMuxH20,Hearts2Hearts 하츠투하츠 'Moonride' MV,Hearts2Hearts,,,Hearts2Hearts 하츠투하츠 'Moonride' MV Hearts2Hearts
2026-09-19,id,Indonesia,top_videos_weekly,,70,https://i.ytimg.com/vi/5aXjNhFdSwQ/mqdefault.jpg,https://www.youtube.com/watch?v=5aXjNhFdSwQ,NEGORO ANGIN,Niken Salindry,,,NEGORO ANGIN Niken Salindry
2026-09-19,id,Indonesia,top_videos_weekly,,71,https://i.ytimg.com/vi/wPb_miODtDI/mqdefault.jpg,https://www.youtube.com/watch?v=wPb_miODtDI,Astaga Bercanda,Akbar Chalay / Mingse,,,Astaga Bercanda Akbar Chalay & Mingse
2026-09-19,id,Indonesia,top_videos_weekly,,72,https://i.ytimg.com/vi/nYLaeQ0_TjY/mqdefault.jpg,https://www.youtube.com/watch?v=nYLaeQ0_TjY,Mencari Alasan,Exists,,,Mencari Alasan Exists
2026-09-19,id,Indonesia,top_videos_weekly,,73,https://i.ytimg.com/vi/qoq8B8ThgEM/mqdefault.jpg,https://www.youtube.com/watch?v=qoq8B8ThgEM,Tujh Mein Rab Dikhta Hai,Roopkumar Rathod,,,Tujh Mein Rab Dikhta Hai Roopkumar Rathod
2026-09-19,id,Indonesia,top_videos_weekly,,74,https://i.ytimg.com/vi/7NNiL6hffRs/mqdefault.jpg,https://www.youtube.com/watch?v=7NNiL6hffRs,Frans Ft. Fauzana - Panek Diawak Kayo Diurang (Official Music Video),Frans,,,Frans Ft. Fauzana - Panek Diawak Kayo Diurang (Official Music Video) Frans
2026-09-19,id,Indonesia,top_videos_weekly,,75,https://i.ytimg.com/vi/euCqAq6BRa4/mqdefault.jpg,https://www.youtube.com/watch?v=euCqAq6BRa4,Let Me Love You,DJ Snake,,,Let Me Love You DJ Snake
2026-09-19,id,Indonesia,top_videos_weekly,,76,https://i.ytimg.com/vi/JEtqqmW1G8o/mqdefault.jpg,https://www.youtube.com/watch?v=JEtqqmW1G8o,Warok Ponorogo,KAJAWI,,,Warok Ponorogo KAJAWI
2026-09-19,id,Indonesia,top_videos_weekly,,77,https://i.ytimg.com/vi/f11AZg7Xw40/mqdefault.jpg,https://www.youtube.com/watch?v=f11AZg7Xw40,Kisah Tanpa Dirimu,Anggis Devaki,,,Kisah Tanpa Dirimu Anggis Devaki
2026-09-19,id,Indonesia,top_videos_weekly,,78,https://i.ytimg.com/vi/QY1yLnapeT0/mqdefault.jpg,https://www.youtube.com/watch?v=QY1yLnapeT0,Mutiara,Ajeng Febria,,,Mutiara Ajeng Febria
2026-09-19,id,Indonesia,top_videos_weekly,,79,https://i.ytimg.com/vi/ew3lh7_DAeU/mqdefault.jpg,https://www.youtube.com/watch?v=ew3lh7_DAeU,"Andai Aku Bisa - Tulus, Erwin Gutawa Orchestra, Hasna Mufida (Virtual Collaboration)",Erwin Gutawa,,,"Andai Aku Bisa - Tulus, Erwin Gutawa Orchestra, Hasna Mufida (Virtual Collaboration) Erwin Gutawa"
2026-09-19,id,Indonesia,top_videos_weekly,,80,https://i.ytimg.com/vi/QCE3_GuF5qA/mqdefault.jpg,https://www.youtube.com/watch?v=QCE3_GuF5qA,Denok,Silvy Kumalasari,,,Denok Silvy Kumalasari
2026-09-19,id,Indonesia,top_videos_weekly,,81,https://i.ytimg.com/vi/24ESSt8sRm0/mqdefault.jpg,https://www.youtube.com/watch?v=24ESSt8sRm0,Dirantai Digelangi Rindu,Happy Asmara / Royal Music,,,Dirantai Digelangi Rindu Happy Asmara & Royal Music
2026-09-19,id,Indonesia,top_videos_weekly,,82,https://i.ytimg.com/vi/KKBaooynVzg/mqdefault.jpg,https://www.youtube.com/watch?v=KKBaooynVzg,PERCUMA,Anggis Devaki / Betrand Putra Onsu,,,PERCUMA Anggis Devaki & Betrand Putra Onsu
2026-09-19,id,Indonesia,top_videos_weekly,,83,https://i.ytimg.com/vi/1VqxWNwgf5Q/mqdefault.jpg,https://www.youtube.com/watch?v=1VqxWNwgf5Q,Lemon Tang,Hearts2Hearts,,,Lemon Tang Hearts2Hearts
2026-09-19,id,Indonesia,top_videos_weekly,,84,https://i.ytimg.com/vi/vf3zFvcKQkw/mqdefault.jpg,https://www.youtube.com/watch?v=vf3zFvcKQkw,Heaven,Bryan Adams,,,Heaven Bryan Adams
2026-09-19,id,Indonesia,top_videos_weekly,,85,https://i.ytimg.com/vi/dcEyID3okrM/mqdefault.jpg,https://www.youtube.com/watch?v=dcEyID3okrM,Dirantai Digelangi Rindu,Exists,,,Dirantai Digelangi Rindu Exists
2026-09-19,id,Indonesia,top_videos_weekly,,86,https://i.ytimg.com/vi/rMpJ3LEYdOA/mqdefault.jpg,https://www.youtube.com/watch?v=rMpJ3LEYdOA,Tangkap Basah,Vendetta rap,,,Tangkap Basah Vendetta rap
2026-09-19,id,Indonesia,top_videos_weekly,,87,https://i.ytimg.com/vi/7e0M4svc_JU/mqdefault.jpg,https://www.youtube.com/watch?v=7e0M4svc_JU,Mimpi Manis,Ayu Cantika / Cantika Davinca / Keyziah Cantika,,,"Mimpi Manis Ayu Cantika , Cantika Davinca & Keyziah Cantika"
2026-09-19,id,Indonesia,top_videos_weekly,,88,https://i.ytimg.com/vi/oQUrfGMaE7k/mqdefault.jpg,https://www.youtube.com/watch?v=oQUrfGMaE7k,Haruskah Aku Mati,Arief,,,Haruskah Aku Mati Arief
2026-09-19,id,Indonesia,top_videos_weekly,,89,https://i.ytimg.com/vi/PqTRMsd8uRQ/mqdefault.jpg,https://www.youtube.com/watch?v=PqTRMsd8uRQ,Aku Harus Pergi,Ari Lesmana / Whisnu Santika,,,Aku Harus Pergi Ari Lesmana & Whisnu Santika
2026-09-19,id,Indonesia,top_videos_weekly,,90,https://i.ytimg.com/vi/b0ZBBjViV8Y/mqdefault.jpg,https://www.youtube.com/watch?v=b0ZBBjViV8Y,Separuh Aku,Peterpan,,,Separuh Aku Peterpan
2026-09-19,id,Indonesia,top_videos_weekly,,91,https://i.ytimg.com/vi/OpQFFLBMEPI/mqdefault.jpg,https://www.youtube.com/watch?v=OpQFFLBMEPI,Just Give Me A Reason,P!nk,,,Just Give Me A Reason P!nk
2026-09-19,id,Indonesia,top_videos_weekly,,92,https://i.ytimg.com/vi/e-ORhEE9VVg/mqdefault.jpg,https://www.youtube.com/watch?v=e-ORhEE9VVg,Blank Space,Taylor Swift,,,Blank Space Taylor Swift
2026-09-19,id,Indonesia,top_videos_weekly,,93,https://i.ytimg.com/vi/vJDa6DMfx4c/mqdefault.jpg,https://www.youtube.com/watch?v=vJDa6DMfx4c,Percuma,Vendetta rap,,,Percuma Vendetta rap
2026-09-19,id,Indonesia,top_videos_weekly,,94,https://i.ytimg.com/vi/Y0pdQU87dc8/mqdefault.jpg,https://www.youtube.com/watch?v=Y0pdQU87dc8,(Everything I Do) I Do It For You,Bryan Adams,,,(Everything I Do) I Do It For You Bryan Adams
2026-09-19,id,Indonesia,top_videos_weekly,,95,https://i.ytimg.com/vi/YxCVr6umEtE/mqdefault.jpg,https://www.youtube.com/watch?v=YxCVr6umEtE,Denok (Live),Difarina Indra Adella,,,Denok (Live) Difarina Indra Adella
2026-09-19,id,Indonesia,top_videos_weekly,,96,https://i.ytimg.com/vi/-0KcQ5qhiX8/mqdefault.jpg,https://www.youtube.com/watch?v=-0KcQ5qhiX8,Wasap Mamen (Sped Up),DJiamputh,,,Wasap Mamen (Sped Up) DJiamputh
2026-09-19,id,Indonesia,top_videos_weekly,,97,https://i.ytimg.com/vi/-q_S27LbNKU/mqdefault.jpg,https://www.youtube.com/watch?v=-q_S27LbNKU,BAD,ATEEZ,"6月 25, 2026",476237,"97 97 BAD ATEEZ 6月 25, 2026 - 2 476,237"
2026-09-19,id,Indonesia,top_videos_weekly,,98,https://i.ytimg.com/vi/FcejdBgc_58/mqdefault.jpg,https://www.youtube.com/watch?v=FcejdBgc_58,Terpukau (Video Clip),Astrid,,,Terpukau (Video Clip) Astrid
2026-09-19,id,Indonesia,top_videos_weekly,,99,https://i.ytimg.com/vi/SVNA0nGBiZY/mqdefault.jpg,https://www.youtube.com/watch?v=SVNA0nGBiZY,Penyangkalan,For Revenge,,,Penyangkalan For Revenge
2026-09-19,id,Indonesia,top_videos_weekly,,100,https://i.ytimg.com/vi/R-DKGaY1xqo/mqdefault.jpg,https://www.youtube.com/watch?v=R-DKGaY1xqo,ASSALAMUALAIKA Versi Tiga Bahasa,Wangi Inema,,,ASSALAMUALAIKA Versi Tiga Bahasa Wangi Inema
2026-09-19,in,India,top_videos_weekly,,1,https://i.ytimg.com/vi/FyS5dAywkEo/mqdefault.jpg,https://www.youtube.com/watch?v=FyS5dAywkEo,SaWaDiKa (Official Music Video),LISA,,,SaWaDiKa (Official Music Video) LISA
2026-09-19,in,India,top_videos_weekly,,2,https://i.ytimg.com/vi/JqFzhcWo3EU/mqdefault.jpg,https://www.youtube.com/watch?v=JqFzhcWo3EU,"Yeshanagula (From ""The Paradise"") (Telugu)",Jangi Reddy / Singer Prabha / 希厄姆·卡莎拉 / Anirudh Ravichander,,,"Yeshanagula (From ""The Paradise"") (Telugu) Jangi Reddy , Singer Prabha , 希厄姆·卡莎拉 & Anirudh Ravichander"
2026-09-19,in,India,top_videos_weekly,,3,https://i.ytimg.com/vi/s2HYl12gmOY/mqdefault.jpg,https://www.youtube.com/watch?v=s2HYl12gmOY,Parvati,Sadhu Tiwari,,,Parvati Sadhu Tiwari
2026-09-19,in,India,top_videos_weekly,,4,https://i.ytimg.com/vi/xvT1jH8B9AM/mqdefault.jpg,https://www.youtube.com/watch?v=xvT1jH8B9AM,KALYANI (Remix),ARJN / KDS / FIFTY4 / 舒蕾亞·戈沙爾,,,"KALYANI (Remix) ARJN , KDS , FIFTY4 & 舒蕾亞·戈沙爾"
2026-09-19,in,India,top_videos_weekly,,5,https://i.ytimg.com/vi/A_RV2H2F9jw/mqdefault.jpg,https://www.youtube.com/watch?v=A_RV2H2F9jw,Basinga Balaalu,Srinidhi Nerella / Kalyan Keys / Swamy Naresh,,,"Basinga Balaalu Srinidhi Nerella , Kalyan Keys & Swamy Naresh"
2026-09-19,in,India,top_videos_weekly,,6,https://i.ytimg.com/vi/u9BdaJTWeiw/mqdefault.jpg,https://www.youtube.com/watch?v=u9BdaJTWeiw,Barbaadi,Shilpi Raj,,,Barbaadi Shilpi Raj
2026-09-19,in,India,top_videos_weekly,,7,https://i.ytimg.com/vi/YyepU5ztLf4/mqdefault.jpg,https://www.youtube.com/watch?v=YyepU5ztLf4,Shararat,Madhubanti Bagchi / 雅斯文·桑德拉斯 / 沙赫瓦特·薩赫迪夫,,,"Shararat Madhubanti Bagchi , 雅斯文·桑德拉斯 & 沙赫瓦特·薩赫迪夫"
2026-09-19,in,India,top_videos_weekly,,8,https://i.ytimg.com/vi/ebZj_nrmH-c/mqdefault.jpg,https://www.youtube.com/watch?v=ebZj_nrmH-c,Barsaat,Banjaare / Roni,,,Barsaat Banjaare & Roni
2026-09-19,in,India,top_videos_weekly,,9,https://i.ytimg.com/vi/6rvUyBiBtik/mqdefault.jpg,https://www.youtube.com/watch?v=6rvUyBiBtik,Tera Mera Rishta,Sayeed Quadri / Mustafa Zahid / Pritam,,,"Tera Mera Rishta Sayeed Quadri , Mustafa Zahid & Pritam"
2026-09-19,in,India,top_videos_weekly,,10,https://i.ytimg.com/vi/QnQnz9G2LNw/mqdefault.jpg,https://www.youtube.com/watch?v=QnQnz9G2LNw,MALLEPOOLA PALLAKI (Song) | Ravi Teja | GV Prakash | Dappu Srinu | Shiva Nirvana | Irumudi,Sunkara Anjaneyulu / Yugabharathi / G.V. Prakash Kumar / Velmurugan,,,"MALLEPOOLA PALLAKI (Song) | Ravi Teja | GV Prakash | Dappu Srinu | Shiva Nirvana | Irumudi Sunkara Anjaneyulu , Yugabharathi , G.V. Prakash Kumar & Velmurugan"
2026-09-19,in,India,top_videos_weekly,,11,https://i.ytimg.com/vi/jR3rWCBeO6M/mqdefault.jpg,https://www.youtube.com/watch?v=jR3rWCBeO6M,"Radhimaa [From ""Think Indie""]",Asma Teji / Sai Abhyankkar / Vivek / Nargis Teji,,,"Radhimaa [From ""Think Indie""] Asma Teji , Sai Abhyankkar , Vivek & Nargis Teji"
2026-09-19,in,India,top_videos_weekly,,12,https://i.ytimg.com/vi/ZvXN0TcZLfQ/mqdefault.jpg,https://www.youtube.com/watch?v=ZvXN0TcZLfQ,Fortuner,Raj Mawar / Ruchika Jangid,,,Fortuner Raj Mawar & Ruchika Jangid
2026-09-19,in,India,top_videos_weekly,,13,https://i.ytimg.com/vi/cL0KKSPjZf8/mqdefault.jpg,https://www.youtube.com/watch?v=cL0KKSPjZf8,Boom Shaka,KR$NA / Dhanda Nyoliwala,,,Boom Shaka KR$NA & Dhanda Nyoliwala
2026-09-19,in,India,top_videos_weekly,,14,https://i.ytimg.com/vi/z5y8Clp_TdE/mqdefault.jpg,https://www.youtube.com/watch?v=z5y8Clp_TdE,KALYANI (Remix),舒蕾亞·戈沙爾 / ARJN / FIFTY4 / KDS,,,"KALYANI (Remix) 舒蕾亞·戈沙爾 , ARJN , FIFTY4 & KDS"
2026-09-19,in,India,top_videos_weekly,,15,https://i.ytimg.com/vi/b68HETiNO98/mqdefault.jpg,https://www.youtube.com/watch?v=b68HETiNO98,Pavazha Malli,Sai Abhyankkar / Shruti Haasan,,,Pavazha Malli Sai Abhyankkar & Shruti Haasan
2026-09-19,in,India,top_videos_weekly,,16,https://i.ytimg.com/vi/F2m4HPLvj-4/mqdefault.jpg,https://www.youtube.com/watch?v=F2m4HPLvj-4,Jaiye Sajana,雅斯文·桑德拉斯 / 施廷德·薩爾塔 / 沙赫瓦特·薩赫迪夫,,,"Jaiye Sajana 雅斯文·桑德拉斯 , 施廷德·薩爾塔 & 沙赫瓦特·薩赫迪夫"
2026-09-19,in,India,top_videos_weekly,,17,https://i.ytimg.com/vi/aRNfSqsgrgE/mqdefault.jpg,https://www.youtube.com/watch?v=aRNfSqsgrgE,Sheesha,Mitta Ror / Swara Verma,,,Sheesha Mitta Ror & Swara Verma
2026-09-19,in,India,top_videos_weekly,,18,https://i.ytimg.com/vi/EtTf6f3Ydak/mqdefault.jpg,https://www.youtube.com/watch?v=EtTf6f3Ydak,Irumudi Kattu,Ananthu / Shiva Nirvana / G.V. Prakash Kumar / Kalyan Chakravarthy Tripuraneni,,,"Irumudi Kattu Ananthu , Shiva Nirvana , G.V. Prakash Kumar & Kalyan Chakravarthy Tripuraneni"
2026-09-19,in,India,top_videos_weekly,,19,https://i.ytimg.com/vi/oafxkMv4xnc/mqdefault.jpg,https://www.youtube.com/watch?v=oafxkMv4xnc,Bairan,Banjaare,"2月 13, 2026",6775015,"19 4 Bairan Banjaare 2月 13, 2026 15 27 6,775,015"
2026-09-19,in,India,top_videos_weekly,,20,https://i.ytimg.com/vi/bP8ATWCvqzw/mqdefault.jpg,https://www.youtube.com/watch?v=bP8ATWCvqzw,Arz Kiya Hai,Anuv Jain,,,Arz Kiya Hai Anuv Jain
2026-09-19,in,India,top_videos_weekly,,21,https://i.ytimg.com/vi/7w7LUaLpM4E/mqdefault.jpg,https://www.youtube.com/watch?v=7w7LUaLpM4E,MALLEPOOLA PALLAKI 8K VIDEO | RAVI TEJA | GV PRAKASH | DAPPU SRINU | IRUMUDI | AYYAPPA SONG,Sunkara Anjaneyulu / Yugabharathi / G.V. Prakash Kumar / Velmurugan,,,"MALLEPOOLA PALLAKI 8K VIDEO | RAVI TEJA | GV PRAKASH | DAPPU SRINU | IRUMUDI | AYYAPPA SONG Sunkara Anjaneyulu , Yugabharathi , G.V. Prakash Kumar & Velmurugan"
2026-09-19,in,India,top_videos_weekly,,22,https://i.ytimg.com/vi/GVizJ_jpUnw/mqdefault.jpg,https://www.youtube.com/watch?v=GVizJ_jpUnw,Gehra Hua,Arijit Singh / Armaan Khan / 沙赫瓦特·薩赫迪夫 / Irshad Kamil,,,"Gehra Hua Arijit Singh , Armaan Khan , 沙赫瓦特·薩赫迪夫 & Irshad Kamil"
2026-09-19,in,India,top_videos_weekly,,23,https://i.ytimg.com/vi/2gXNDr_6FcE/mqdefault.jpg,https://www.youtube.com/watch?v=2gXNDr_6FcE,Irumudi Kattu,Ananthu / Shiva Nirvana / G.V. Prakash Kumar / Kalyan Chakravarthy Tripuraneni,,,"Irumudi Kattu Ananthu , Shiva Nirvana , G.V. Prakash Kumar & Kalyan Chakravarthy Tripuraneni"
2026-09-19,in,India,top_videos_weekly,,24,https://i.ytimg.com/vi/SQ4jZ-EAL88/mqdefault.jpg,https://www.youtube.com/watch?v=SQ4jZ-EAL88,Vaaroon Forever (Official Video) | Mirzapur The Movie | Shreya Ghoshal | Romy | Anand B | Ginny D,阿南德·巴斯卡爾,,,Vaaroon Forever (Official Video) | Mirzapur The Movie | Shreya Ghoshal | Romy | Anand B | Ginny D 阿南德·巴斯卡爾
2026-09-19,in,India,top_videos_weekly,,25,https://i.ytimg.com/vi/cRgrrrdqbLM/mqdefault.jpg,https://www.youtube.com/watch?v=cRgrrrdqbLM,Afeem,Vicky Vox / Shilpi Raj / 克瑟利·拉爾·亞達夫 / Krishna Bedardi,,,"Afeem Vicky Vox , Shilpi Raj , 克瑟利·拉爾·亞達夫 & Krishna Bedardi"
2026-09-19,in,India,top_videos_weekly,,26,https://i.ytimg.com/vi/WT-wrwlN144/mqdefault.jpg,https://www.youtube.com/watch?v=WT-wrwlN144,YAALALO YAALALO Lyrical | Irumudi | Ravi Teja | GV Prakash | Hesham | Shiva Nirvana,Hesham Abdul Wahab / Sadhika K R / Balaji Venugopal / G.V. Prakash Kumar,,,"YAALALO YAALALO Lyrical | Irumudi | Ravi Teja | GV Prakash | Hesham | Shiva Nirvana Hesham Abdul Wahab , Sadhika K R , Balaji Venugopal & G.V. Prakash Kumar"
2026-09-19,in,India,top_videos_weekly,,27,https://i.ytimg.com/vi/iAtoZar5W58/mqdefault.jpg,https://www.youtube.com/watch?v=iAtoZar5W58,Aaya Sher,Jangi Reddy / Arjun Chandy / 安尼魯德・瑞維奇德 / Kasarla Shyam,,,"Aaya Sher Jangi Reddy , Arjun Chandy , 安尼魯德・瑞維奇德 & Kasarla Shyam"
2026-09-19,in,India,top_videos_weekly,,28,https://i.ytimg.com/vi/GYfdWiAnshE/mqdefault.jpg,https://www.youtube.com/watch?v=GYfdWiAnshE,"Neno Butterfly Full Video Song 4K | Vishwanath and Sons | Suriya, Mamitha Baiju | G.V. Prakash Kumar",Sublahshini / G.V. Prakash Kumar,,,"Neno Butterfly Full Video Song 4K | Vishwanath and Sons | Suriya, Mamitha Baiju | G.V. Prakash Kumar Sublahshini & G.V. Prakash Kumar"
2026-09-19,in,India,top_videos_weekly,,29,https://i.ytimg.com/vi/7VsejGzcJmM/mqdefault.jpg,https://www.youtube.com/watch?v=7VsejGzcJmM,Alaakaa Loova,Sai Abhyankkar,,,Alaakaa Loova Sai Abhyankkar
2026-09-19,in,India,top_videos_weekly,,30,https://i.ytimg.com/vi/1iBDh00xMQw/mqdefault.jpg,https://www.youtube.com/watch?v=1iBDh00xMQw,Rupya Dekh Ke Bora Me,Tuntun Yadav,,,Rupya Dekh Ke Bora Me Tuntun Yadav
2026-09-19,in,India,top_videos_weekly,,31,https://i.ytimg.com/vi/5GCfYLguTIs/mqdefault.jpg,https://www.youtube.com/watch?v=5GCfYLguTIs,Boyfriend,Karan Aujla,,,Boyfriend Karan Aujla
2026-09-19,in,India,top_videos_weekly,,32,https://i.ytimg.com/vi/asG7cwxi1sA/mqdefault.jpg,https://www.youtube.com/watch?v=asG7cwxi1sA,Saiyaara,舒蕾亞·戈沙爾 / Arslan Nizami / Irshad Kamil,,,"Saiyaara 舒蕾亞·戈沙爾 , Arslan Nizami & Irshad Kamil"
2026-09-19,in,India,top_videos_weekly,,33,https://i.ytimg.com/vi/9dV6Hl2u3vM/mqdefault.jpg,https://www.youtube.com/watch?v=9dV6Hl2u3vM,Neno Butterfly,Sublahshini / G.V. Prakash Kumar,,,Neno Butterfly Sublahshini & G.V. Prakash Kumar
2026-09-19,in,India,top_videos_weekly,,34,https://i.ytimg.com/vi/1IKsJiMLGu0/mqdefault.jpg,https://www.youtube.com/watch?v=1IKsJiMLGu0,"Samjho Na (From ""The Vvaan"")",Tanishk Bagchi / 馬諾伊·蒙塔舍 / Jubin Nautiyal / Suvarna Tiwari,,,"Samjho Na (From ""The Vvaan"") Tanishk Bagchi , 馬諾伊·蒙塔舍 , Jubin Nautiyal & Suvarna Tiwari"
2026-09-19,in,India,top_videos_weekly,,35,https://i.ytimg.com/vi/uOrhBw3N3NM/mqdefault.jpg,https://www.youtube.com/watch?v=uOrhBw3N3NM,80 Lakh,D Naveen / Shiva Choudhary / Sweta Chauhan / Kala Dighal,,,"80 Lakh D Naveen , Shiva Choudhary , Sweta Chauhan & Kala Dighal"
2026-09-19,in,India,top_videos_weekly,,36,https://i.ytimg.com/vi/GX9x62kFsVU/mqdefault.jpg,https://www.youtube.com/watch?v=GX9x62kFsVU,Gehra Hua,Arijit Singh / Armaan Khan / 沙赫瓦特·薩赫迪夫 / Irshad Kamil,,,"Gehra Hua Arijit Singh , Armaan Khan , 沙赫瓦特·薩赫迪夫 & Irshad Kamil"
2026-09-19,in,India,top_videos_weekly,,37,https://i.ytimg.com/vi/Oyw1Eo21q5k/mqdefault.jpg,https://www.youtube.com/watch?v=Oyw1Eo21q5k,Kabze,Bintu Pabra / Shiva Choudhary,,,Kabze Bintu Pabra & Shiva Choudhary
2026-09-19,in,India,top_videos_weekly,,38,https://i.ytimg.com/vi/AsdEIaw9Wks/mqdefault.jpg,https://www.youtube.com/watch?v=AsdEIaw9Wks,Mithe Tere Bol Pari,Masoom Sharma,,,Mithe Tere Bol Pari Masoom Sharma
2026-09-19,in,India,top_videos_weekly,,39,https://i.ytimg.com/vi/BlYyNh0Yh08/mqdefault.jpg,https://www.youtube.com/watch?v=BlYyNh0Yh08,Radha Kaise Na Jale,Asha Bhosle / Udit Narayan,,,Radha Kaise Na Jale Asha Bhosle & Udit Narayan
2026-09-19,in,India,top_videos_weekly,,40,https://i.ytimg.com/vi/qpIdoaaPa6U/mqdefault.jpg,https://www.youtube.com/watch?v=qpIdoaaPa6U,Jeene Laga Hoon (Lyrical),薩辛-吉格爾,,,Jeene Laga Hoon (Lyrical) 薩辛-吉格爾
2026-09-19,in,India,top_videos_weekly,,41,https://i.ytimg.com/vi/ZcO4s0UU4Uk/mqdefault.jpg,https://www.youtube.com/watch?v=ZcO4s0UU4Uk,Kamar DJ Pe,Manish Sonipat Aala / Bali Sharma / Vampire,,,"Kamar DJ Pe Manish Sonipat Aala , Bali Sharma & Vampire"
2026-09-19,in,India,top_videos_weekly,,42,https://i.ytimg.com/vi/EEZ8fbzhEfQ/mqdefault.jpg,https://www.youtube.com/watch?v=EEZ8fbzhEfQ,Irumudi Kattu,Ananthu / Shiva Nirvana / G.V. Prakash Kumar / Kalyan Chakravarthy Tripuraneni,,,"Irumudi Kattu Ananthu , Shiva Nirvana , G.V. Prakash Kumar & Kalyan Chakravarthy Tripuraneni"
2026-09-19,in,India,top_videos_weekly,,43,https://i.ytimg.com/vi/5RT6QMKJTjQ/mqdefault.jpg,https://www.youtube.com/watch?v=5RT6QMKJTjQ,Ishq Sufiyana,Kamal Khan,,,Ishq Sufiyana Kamal Khan
2026-09-19,in,India,top_videos_weekly,,44,https://i.ytimg.com/vi/BSu3eNpupq8/mqdefault.jpg,https://www.youtube.com/watch?v=BSu3eNpupq8,Aavagaman,Sadhu Tiwari,,,Aavagaman Sadhu Tiwari
2026-09-19,in,India,top_videos_weekly,,45,https://i.ytimg.com/vi/a9Hxkc9YxGE/mqdefault.jpg,https://www.youtube.com/watch?v=a9Hxkc9YxGE,"Bulleya (From ""Sultan"")",Papon / 維沙爾·謝卡爾,,,"Bulleya (From ""Sultan"") Papon & 維沙爾·謝卡爾"
2026-09-19,in,India,top_videos_weekly,,46,https://i.ytimg.com/vi/C1LN4cWjMl0/mqdefault.jpg,https://www.youtube.com/watch?v=C1LN4cWjMl0,Pattampoochi,Sublahshini / G.V. Prakash Kumar,,,Pattampoochi Sublahshini & G.V. Prakash Kumar
2026-09-19,in,India,top_videos_weekly,,47,https://i.ytimg.com/vi/yrjDEU9F1bw/mqdefault.jpg,https://www.youtube.com/watch?v=yrjDEU9F1bw,Bairi,Virat / Pradeep Solanki / Heena,,,"Bairi Virat , Pradeep Solanki & Heena"
2026-09-19,in,India,top_videos_weekly,,48,https://i.ytimg.com/vi/rC-kbRanJQ0/mqdefault.jpg,https://www.youtube.com/watch?v=rC-kbRanJQ0,UDI UDI,Hruday / Sarkar / Aneesh,,,"UDI UDI Hruday , Sarkar & Aneesh"
2026-09-19,in,India,top_videos_weekly,,49,https://i.ytimg.com/vi/E7ergOnpO1Q/mqdefault.jpg,https://www.youtube.com/watch?v=E7ergOnpO1Q,Not Guilty,Dhanda Nyoliwala,,,Not Guilty Dhanda Nyoliwala
2026-09-19,in,India,top_videos_weekly,,50,https://i.ytimg.com/vi/v5jVX0QYwQo/mqdefault.jpg,https://www.youtube.com/watch?v=v5jVX0QYwQo,Shararat,Madhubanti Bagchi / 雅斯文·桑德拉斯 / 沙赫瓦特·薩赫迪夫,,,"Shararat Madhubanti Bagchi , 雅斯文·桑德拉斯 & 沙赫瓦特·薩赫迪夫"
2026-09-19,in,India,top_videos_weekly,,51,https://i.ytimg.com/vi/X1twu3ztkPU/mqdefault.jpg,https://www.youtube.com/watch?v=X1twu3ztkPU,Bum Baa Diga Diga - Music Video | DC | Lokesh | Sun Pictures | Anirudh | Arun Matheswaran,Heisenberg / Ritesh G Rao / Anirudh Ravichander / Asura,,,"Bum Baa Diga Diga - Music Video | DC | Lokesh | Sun Pictures | Anirudh | Arun Matheswaran Heisenberg , Ritesh G Rao , Anirudh Ravichander & Asura"
2026-09-19,in,India,top_videos_weekly,,52,https://i.ytimg.com/vi/0NFxcNheoLc/mqdefault.jpg,https://www.youtube.com/watch?v=0NFxcNheoLc,Banjaara,穆罕默德·伊爾凡,,,Banjaara 穆罕默德·伊爾凡
2026-09-19,in,India,top_videos_weekly,,53,https://i.ytimg.com/vi/ahc8zhtzQSk/mqdefault.jpg,https://www.youtube.com/watch?v=ahc8zhtzQSk,Lahanga Se Mahanga,Shivani Singh / Pawan Singh,,,Lahanga Se Mahanga Shivani Singh & Pawan Singh
2026-09-19,in,India,top_videos_weekly,,54,https://i.ytimg.com/vi/sf02ugzPFE4/mqdefault.jpg,https://www.youtube.com/watch?v=sf02ugzPFE4,CLICK,JISOO,"9月 3, 2026",3366064,"54 New CLICK JISOO 9月 3, 2026 - 1 3,366,064"
2026-09-19,in,India,top_videos_weekly,,55,https://i.ytimg.com/vi/4F2jDMgioqk/mqdefault.jpg,https://www.youtube.com/watch?v=4F2jDMgioqk,"Saanson Ko (From ""Zid"")",Toshi Sabri / Arijit Singh,,,"Saanson Ko (From ""Zid"") Toshi Sabri & Arijit Singh"
2026-09-19,in,India,top_videos_weekly,,56,https://i.ytimg.com/vi/WTjZxav7naU/mqdefault.jpg,https://www.youtube.com/watch?v=WTjZxav7naU,Soja Zara,Deepu / 馬諾伊·蒙塔舍 / 阿迪蒂·保羅,,,"Soja Zara Deepu , 馬諾伊·蒙塔舍 & 阿迪蒂·保羅"
2026-09-19,in,India,top_videos_weekly,,57,https://i.ytimg.com/vi/VwTBkTuzBGw/mqdefault.jpg,https://www.youtube.com/watch?v=VwTBkTuzBGw,Tatvdarshi,Harry Lather / Masoom Sharma / Thinker,,,"Tatvdarshi Harry Lather , Masoom Sharma & Thinker"
2026-09-19,in,India,top_videos_weekly,,58,https://i.ytimg.com/vi/kWh6fgcreyw/mqdefault.jpg,https://www.youtube.com/watch?v=kWh6fgcreyw,Dhanda Nyoliwala - Do Numbari (Official Video) | Mirzapur The Movie | In Cinemas 4 Sep 2026,Dhanda Nyoliwala,,2026,Dhanda Nyoliwala - Do Numbari (Official Video) | Mirzapur The Movie | In Cinemas 4 Sep 2026 Dhanda Nyoliwala
2026-09-19,in,India,top_videos_weekly,,59,https://i.ytimg.com/vi/8mj1GFxja34/mqdefault.jpg,https://www.youtube.com/watch?v=8mj1GFxja34,Rooth Kar Hum,Roopkumar Rathod / Sabri Brothers / 薩吉—瓦吉,,,"Rooth Kar Hum Roopkumar Rathod , Sabri Brothers & 薩吉—瓦吉"
2026-09-19,in,India,top_videos_weekly,,60,https://i.ytimg.com/vi/LX2zshAgECQ/mqdefault.jpg,https://www.youtube.com/watch?v=LX2zshAgECQ,Aankhon Se Tune 2.0,Dev Negi / Palak Muchhal / Kumar Sanu / Alka Yagnik,,,"Aankhon Se Tune 2.0 Dev Negi , Palak Muchhal , Kumar Sanu & Alka Yagnik"
2026-09-19,in,India,top_videos_weekly,,61,https://i.ytimg.com/vi/PwTcikeQ8Wg/mqdefault.jpg,https://www.youtube.com/watch?v=PwTcikeQ8Wg,Parvati (Lyrical) | Jab Zid Pe Aa Gayi Parvati | Hanuman Ansh | Sadhu Tiwari | Shiv Parvati Song,Times Music,,,Parvati (Lyrical) | Jab Zid Pe Aa Gayi Parvati | Hanuman Ansh | Sadhu Tiwari | Shiv Parvati Song Times Music
2026-09-19,in,India,top_videos_weekly,,62,https://i.ytimg.com/vi/6JaeasJw-QI/mqdefault.jpg,https://www.youtube.com/watch?v=6JaeasJw-QI,Thalapathy Kacheri,Jayanth Maadhur / Anirudh Ravichander / Arun Kaundinya / Nazeeruddin / Srinivasa Mouli,,,"Thalapathy Kacheri Jayanth Maadhur , Anirudh Ravichander , Arun Kaundinya , Nazeeruddin & Srinivasa Mouli"
2026-09-19,in,India,top_videos_weekly,,63,https://i.ytimg.com/vi/P-gPYtr2cGU/mqdefault.jpg,https://www.youtube.com/watch?v=P-gPYtr2cGU,Seethakoka,Ahmed Khan Durani (AKD),,,Seethakoka Ahmed Khan Durani (AKD)
2026-09-19,in,India,top_videos_weekly,,64,https://i.ytimg.com/vi/sAloiE9-OIA/mqdefault.jpg,https://www.youtube.com/watch?v=sAloiE9-OIA,Dhara Kamar Raja Ji,Neelkamal Singh,,,Dhara Kamar Raja Ji Neelkamal Singh
2026-09-19,in,India,top_videos_weekly,,65,https://i.ytimg.com/vi/Q7ZMrWQmJbQ/mqdefault.jpg,https://www.youtube.com/watch?v=Q7ZMrWQmJbQ,Katto Gilehri,達雷爾·馬哈帝,,,Katto Gilehri 達雷爾·馬哈帝
2026-09-19,in,India,top_videos_weekly,,66,https://i.ytimg.com/vi/49x5rfxmv4E/mqdefault.jpg,https://www.youtube.com/watch?v=49x5rfxmv4E,Karuppa Kooda Va,Sai Abhyankkar / V·M·馬哈林加姆,,,Karuppa Kooda Va Sai Abhyankkar & V·M·馬哈林加姆
2026-09-19,in,India,top_videos_weekly,,67,https://i.ytimg.com/vi/9hYyZu2KcxQ/mqdefault.jpg,https://www.youtube.com/watch?v=9hYyZu2KcxQ,Pagle Bana Delu,Pramod Premi / Vicky Vox / Ravi Yadav,,,"Pagle Bana Delu Pramod Premi , Vicky Vox & Ravi Yadav"
2026-09-19,in,India,top_videos_weekly,,68,https://i.ytimg.com/vi/_ijaEtNzZgw/mqdefault.jpg,https://www.youtube.com/watch?v=_ijaEtNzZgw,Maruti,Dhanda Nyoliwala / Ron Likhari / Miki Malang,,,"Maruti Dhanda Nyoliwala , Ron Likhari & Miki Malang"
2026-09-19,in,India,top_videos_weekly,,69,https://i.ytimg.com/vi/msjA3KVNH7g/mqdefault.jpg,https://www.youtube.com/watch?v=msjA3KVNH7g,Asalayavale - Video Song | Khalifa | Prithviraj Sukumaran|Malvika Sharma | Jakes Bejoy x Sid Sriram,傑克斯·貝喬 / Muthu / Mohammed Maqbool Mansoor / 席德·斯里拉姆,,,"Asalayavale - Video Song | Khalifa | Prithviraj Sukumaran|Malvika Sharma | Jakes Bejoy x Sid Sriram 傑克斯·貝喬 , Muthu , Mohammed Maqbool Mansoor & 席德·斯里拉姆"
2026-09-19,in,India,top_videos_weekly,,70,https://i.ytimg.com/vi/5tWg08zV-tI/mqdefault.jpg,https://www.youtube.com/watch?v=5tWg08zV-tI,Court Me Goli (Official Video) Ankit Baliyan | Fiza Choudhary | New Haryanvi Songs Haryanavi 2025,Gulshan Music,,2025,Court Me Goli (Official Video) Ankit Baliyan | Fiza Choudhary | New Haryanvi Songs Haryanavi 2025 Gulshan Music
2026-09-19,in,India,top_videos_weekly,,71,https://i.ytimg.com/vi/VOZEBZKd2Pc/mqdefault.jpg,https://www.youtube.com/watch?v=VOZEBZKd2Pc,Beech Bajaria,Sapna Awasthi,,,Beech Bajaria Sapna Awasthi
2026-09-19,in,India,top_videos_weekly,,72,https://i.ytimg.com/vi/Nd3PmNWqpPQ/mqdefault.jpg,https://www.youtube.com/watch?v=Nd3PmNWqpPQ,टूट जाई पलंग राजा जी,克瑟利·拉爾·亞達夫 / Indu Sonali,,,टूट जाई पलंग राजा जी 克瑟利·拉爾·亞達夫 & Indu Sonali
2026-09-19,in,India,top_videos_weekly,,73,https://i.ytimg.com/vi/NWK7dWsBlKo/mqdefault.jpg,https://www.youtube.com/watch?v=NWK7dWsBlKo,Shamiyana,Shilpi Raj / Pawan Singh / Priyanshu Singh,,,"Shamiyana Shilpi Raj , Pawan Singh & Priyanshu Singh"
2026-09-19,in,India,top_videos_weekly,,74,https://i.ytimg.com/vi/2vYyHb34upc/mqdefault.jpg,https://www.youtube.com/watch?v=2vYyHb34upc,Case Teri Rani Ladegi,Khesari Lal Yadav / Shrishti Bharti,,,Case Teri Rani Ladegi Khesari Lal Yadav & Shrishti Bharti
2026-09-19,in,India,top_videos_weekly,,75,https://i.ytimg.com/vi/6zDfwVSvyEk/mqdefault.jpg,https://www.youtube.com/watch?v=6zDfwVSvyEk,Hellallallo,Rakshita Suresh / A. R. Rahman / Varadaraj Chikkaballapura,,,"Hellallallo Rakshita Suresh , A. R. Rahman & Varadaraj Chikkaballapura"
2026-09-19,in,India,top_videos_weekly,,76,https://i.ytimg.com/vi/cEuvTa6Ej44/mqdefault.jpg,https://www.youtube.com/watch?v=cEuvTa6Ej44,Majanua Ha Mafiya,Shilpi Raj / Golu Raja,,,Majanua Ha Mafiya Shilpi Raj & Golu Raja
2026-09-19,in,India,top_videos_weekly,,77,https://i.ytimg.com/vi/-1SgFHqxjlw/mqdefault.jpg,https://www.youtube.com/watch?v=-1SgFHqxjlw,SxyCip - Love All Day (Official Music Video),SxyCip,,,SxyCip - Love All Day (Official Music Video) SxyCip
2026-09-19,in,India,top_videos_weekly,,78,https://i.ytimg.com/vi/DHFifMM9Rqw/mqdefault.jpg,https://www.youtube.com/watch?v=DHFifMM9Rqw,Yaalalo Yaalalo,Hesham Abdul Wahab / Sadhika K R / G.V. Prakash Kumar / Anantha Sriram,,,"Yaalalo Yaalalo Hesham Abdul Wahab , Sadhika K R , G.V. Prakash Kumar & Anantha Sriram"
2026-09-19,in,India,top_videos_weekly,,79,https://i.ytimg.com/vi/alX-ld96FpI/mqdefault.jpg,https://www.youtube.com/watch?v=alX-ld96FpI,Jadugarni,Riyaazi / Sintaa,,,Jadugarni Riyaazi & Sintaa
2026-09-19,in,India,top_videos_weekly,,80,https://i.ytimg.com/vi/Bm9lLpmPM0A/mqdefault.jpg,https://www.youtube.com/watch?v=Bm9lLpmPM0A,Pattampoochi,Sublahshini / G.V. Prakash Kumar,,,Pattampoochi Sublahshini & G.V. Prakash Kumar
2026-09-19,in,India,top_videos_weekly,,81,https://i.ytimg.com/vi/1OAjeECW90E/mqdefault.jpg,https://www.youtube.com/watch?v=1OAjeECW90E,Russian Bandana,Dhanda Nyoliwala,,,Russian Bandana Dhanda Nyoliwala
2026-09-19,in,India,top_videos_weekly,,82,https://i.ytimg.com/vi/xeBxduHmQ-s/mqdefault.jpg,https://www.youtube.com/watch?v=xeBxduHmQ-s,Filmy,Manisha Sharma / Masoom Sharma,,,Filmy Manisha Sharma & Masoom Sharma
2026-09-19,in,India,top_videos_weekly,,83,https://i.ytimg.com/vi/Uvtz4-h00VI/mqdefault.jpg,https://www.youtube.com/watch?v=Uvtz4-h00VI,Jai Hanuman,Rishi Pathak / Shreyas Dharmadhikari,,,Jai Hanuman Rishi Pathak & Shreyas Dharmadhikari
2026-09-19,in,India,top_videos_weekly,,84,https://i.ytimg.com/vi/DS-raAyMxl4/mqdefault.jpg,https://www.youtube.com/watch?v=DS-raAyMxl4,Sanam Re - Instrumental,sandeep thakur / Tejas Vinchurkar,,,Sanam Re - Instrumental sandeep thakur & Tejas Vinchurkar
2026-09-19,in,India,top_videos_weekly,,85,https://i.ytimg.com/vi/FCRb4kjnRx4/mqdefault.jpg,https://www.youtube.com/watch?v=FCRb4kjnRx4,Chhathi Maiya - The VVAAN | Sidharth Malhotra & Tamannaah | Vishal Mishra | Kaushal K | Chinni P,Kaushal Kishore / Kalpana,,,Chhathi Maiya - The VVAAN | Sidharth Malhotra & Tamannaah | Vishal Mishra | Kaushal K | Chinni P Kaushal Kishore & Kalpana
2026-09-19,in,India,top_videos_weekly,,86,https://i.ytimg.com/vi/3j7bhOvW6jw/mqdefault.jpg,https://www.youtube.com/watch?v=3j7bhOvW6jw,LOW FADE,Mxrci / Karan Aujla,,,LOW FADE Mxrci & Karan Aujla
2026-09-19,in,India,top_videos_weekly,,87,https://i.ytimg.com/vi/m6Y8xEfyXTs/mqdefault.jpg,https://www.youtube.com/watch?v=m6Y8xEfyXTs,Main Yahaan Hoon,Udit Narayan,,,Main Yahaan Hoon Udit Narayan
2026-09-19,in,India,top_videos_weekly,,88,https://i.ytimg.com/vi/OxXKDGO-MYQ/mqdefault.jpg,https://www.youtube.com/watch?v=OxXKDGO-MYQ,LAAVAN,Jasmine Sandlas / Mofusion,,,LAAVAN Jasmine Sandlas & Mofusion
2026-09-19,in,India,top_videos_weekly,,89,https://i.ytimg.com/vi/FGTv9-oQhIg/mqdefault.jpg,https://www.youtube.com/watch?v=FGTv9-oQhIg,Thodi Der,舒蕾亞·戈沙爾 / Kumaar / 法爾汗・賽義德,,,"Thodi Der 舒蕾亞·戈沙爾 , Kumaar & 法爾汗・賽義德"
2026-09-19,in,India,top_videos_weekly,,90,https://i.ytimg.com/vi/lZ2PhyBF3GQ/mqdefault.jpg,https://www.youtube.com/watch?v=lZ2PhyBF3GQ,Dil To Pagal Hai,Udit Narayan / 拉塔・曼蓋施卡,,,Dil To Pagal Hai Udit Narayan & 拉塔・曼蓋施卡
2026-09-19,in,India,top_videos_weekly,,91,https://i.ytimg.com/vi/nKqCu4mWEW4/mqdefault.jpg,https://www.youtube.com/watch?v=nKqCu4mWEW4,Nachiab Hathiyar Se,Prince Shaan Dubey / Pyarelal / Shubham Raj (SBR) / Anjali Raj,,,"Nachiab Hathiyar Se Prince Shaan Dubey , Pyarelal , Shubham Raj (SBR) & Anjali Raj"
2026-09-19,in,India,top_videos_weekly,,92,https://i.ytimg.com/vi/BukHiHrbFpA/mqdefault.jpg,https://www.youtube.com/watch?v=BukHiHrbFpA,Mujhse Shaadi Karogi,蘇努・尼甘 / Udit Narayan / 桑妮蒂·喬寒,,,"Mujhse Shaadi Karogi 蘇努・尼甘 , Udit Narayan & 桑妮蒂·喬寒"
2026-09-19,in,India,top_videos_weekly,,93,https://i.ytimg.com/vi/FhhA5purigQ/mqdefault.jpg,https://www.youtube.com/watch?v=FhhA5purigQ,Magale - Music Video | Baththa | Vijay Sethupathi | @SaiAbhyankkar | Balaji Tharaneetharan,Think Music India,,,Magale - Music Video | Baththa | Vijay Sethupathi | @SaiAbhyankkar | Balaji Tharaneetharan Think Music India
2026-09-19,in,India,top_videos_weekly,,94,https://i.ytimg.com/vi/NhWaRfiqeCs/mqdefault.jpg,https://www.youtube.com/watch?v=NhWaRfiqeCs,Irumudi Kattu,Ananthu / Shiva Nirvana / G.V. Prakash Kumar / Kalyan Chakravarthy Tripuraneni,,,"Irumudi Kattu Ananthu , Shiva Nirvana , G.V. Prakash Kumar & Kalyan Chakravarthy Tripuraneni"
2026-09-19,in,India,top_videos_weekly,,95,https://i.ytimg.com/vi/v_L-bAB1kUA/mqdefault.jpg,https://www.youtube.com/watch?v=v_L-bAB1kUA,Dilnashin Dilnashin,KK,,,Dilnashin Dilnashin KK
2026-09-19,in,India,top_videos_weekly,,96,https://i.ytimg.com/vi/undhkaMMenU/mqdefault.jpg,https://www.youtube.com/watch?v=undhkaMMenU,Sambavakaari,Saindhavi / 肖恩·羅爾丹 / Mohan Rajan,,,"Sambavakaari Saindhavi , 肖恩·羅爾丹 & Mohan Rajan"
2026-09-19,in,India,top_videos_weekly,,97,https://i.ytimg.com/vi/69-yupf0pAY/mqdefault.jpg,https://www.youtube.com/watch?v=69-yupf0pAY,Knife Brows,Dhanda Nyoliwala,,,Knife Brows Dhanda Nyoliwala
2026-09-19,in,India,top_videos_weekly,,98,https://i.ytimg.com/vi/FPoDwu3odT8/mqdefault.jpg,https://www.youtube.com/watch?v=FPoDwu3odT8,O Sanam,Akhil Sachdeva,,,O Sanam Akhil Sachdeva
2026-09-19,in,India,top_videos_weekly,,99,https://i.ytimg.com/vi/l71aOtTJ1gE/mqdefault.jpg,https://www.youtube.com/watch?v=l71aOtTJ1gE,Tiranga,B Praak,"5月 14, 2024",2213454,"99 32 Tiranga B Praak 5月 14, 2024 67 8 2,213,454"
2026-09-19,in,India,top_videos_weekly,,100,https://i.ytimg.com/vi/yLkoFnC8DI8/mqdefault.jpg,https://www.youtube.com/watch?v=yLkoFnC8DI8,Aa Fariyale,Abhishek Gupta / Pramod Premi Yadav,,,Aa Fariyale Abhishek Gupta & Pramod Premi Yadav
2026-09-19,sg,Singapore,top_videos_weekly,,1,https://i.ytimg.com/vi/FyS5dAywkEo/mqdefault.jpg,https://www.youtube.com/watch?v=FyS5dAywkEo,SaWaDiKa (Official Music Video),LISA,,,SaWaDiKa (Official Music Video) LISA
2026-09-19,sg,Singapore,top_videos_weekly,,2,https://i.ytimg.com/vi/sf02ugzPFE4/mqdefault.jpg,https://www.youtube.com/watch?v=sf02ugzPFE4,CLICK,JISOO,"9月 3, 2026",215831,"2 New CLICK JISOO 9月 3, 2026 - 1 215,831"
2026-09-19,sg,Singapore,top_videos_weekly,,3,https://i.ytimg.com/vi/fcnDmrtj6Sk/mqdefault.jpg,https://www.youtube.com/watch?v=fcnDmrtj6Sk,Dai Dai,Shakira / Burna Boy,,,Dai Dai Shakira & Burna Boy
2026-09-19,sg,Singapore,top_videos_weekly,,4,https://i.ytimg.com/vi/jR3rWCBeO6M/mqdefault.jpg,https://www.youtube.com/watch?v=jR3rWCBeO6M,"Radhimaa [From ""Think Indie""]",Asma Teji / Sai Abhyankkar / Vivek / Nargis Teji,,,"Radhimaa [From ""Think Indie""] Asma Teji , Sai Abhyankkar , Vivek & Nargis Teji"
2026-09-19,sg,Singapore,top_videos_weekly,,5,https://i.ytimg.com/vi/376utoTabMI/mqdefault.jpg,https://www.youtube.com/watch?v=376utoTabMI,看著我的眼睛說,張遠 / 姚曉棠,,,看着我的眼睛说 张远 & 姚晓棠
2026-09-19,sg,Singapore,top_videos_weekly,,6,https://i.ytimg.com/vi/Q3bFaJVLlb0/mqdefault.jpg,https://www.youtube.com/watch?v=Q3bFaJVLlb0,ဤသို့ပြုရ,Theinkpan Htun,,,ဤသို့ပြုရ Theinkpan Htun
2026-09-19,sg,Singapore,top_videos_weekly,,7,https://i.ytimg.com/vi/3DcoC8p9az8/mqdefault.jpg,https://www.youtube.com/watch?v=3DcoC8p9az8,Training Season (Live),Dua Lipa,,,Training Season (Live) Dua Lipa
2026-09-19,sg,Singapore,top_videos_weekly,,8,https://i.ytimg.com/vi/oAwzFFEYm38/mqdefault.jpg,https://www.youtube.com/watch?v=oAwzFFEYm38,Skibidi,Girls' Generation-HRS,,,Skibidi Girls' Generation-HRS
2026-09-19,sg,Singapore,top_videos_weekly,,9,https://i.ytimg.com/vi/yebNIHKAC4A/mqdefault.jpg,https://www.youtube.com/watch?v=yebNIHKAC4A,Golden,HUNTR/X / EJAE / AUDREY NUNA / REI AMI / KPop Demon Hunters Cast,,,"Golden HUNTR/X , EJAE , AUDREY NUNA , REI AMI & KPop Demon Hunters Cast"
2026-09-19,sg,Singapore,top_videos_weekly,,10,https://i.ytimg.com/vi/N0KfiOTSpxs/mqdefault.jpg,https://www.youtube.com/watch?v=N0KfiOTSpxs,"Kalyana Virundhu (From ""Dorothy"")",安東尼·達桑 / 普里亞·傑森 / Ilaiyaraaja / Yugendran Vasudevan,,,"Kalyana Virundhu (From ""Dorothy"") 安東尼·達桑 , 普里亞·傑森 , Ilaiyaraaja & Yugendran Vasudevan"
2026-09-19,sg,Singapore,top_videos_weekly,,11,https://i.ytimg.com/vi/s466YCiHfKw/mqdefault.jpg,https://www.youtube.com/watch?v=s466YCiHfKw,FALLEN ANGEL (Official Video),JENNIE,,,FALLEN ANGEL (Official Video) JENNIE
2026-09-19,sg,Singapore,top_videos_weekly,,12,https://i.ytimg.com/vi/7H1ObJvb7Hc/mqdefault.jpg,https://www.youtube.com/watch?v=7H1ObJvb7Hc,【純享版】張碧晨侯明昊老友重逢卻唱盡痛心！演繹李佳薇新歌《甲乙丙丁》 深情對唱層層遞進 將遺憾與不捨唱到極致 #天賜的聲音7 EP11 20260821,天賜的聲音,,20260821,【纯享版】张碧晨侯明昊老友重逢却唱尽痛心！演绎李佳薇新歌《甲乙丙丁》 深情对唱层层递进 将遗憾与不舍唱到极致 #天赐的声音7 EP11 20260821 天赐的声音
2026-09-19,sg,Singapore,top_videos_weekly,,13,https://i.ytimg.com/vi/is8UDe2PhKQ/mqdefault.jpg,https://www.youtube.com/watch?v=is8UDe2PhKQ,KATSEYE (캣츠아이) 'Hootie Frutti' Official MV,KATSEYE,,,KATSEYE (캣츠아이) 'Hootie Frutti' Official MV KATSEYE
2026-09-19,sg,Singapore,top_videos_weekly,,14,https://i.ytimg.com/vi/xvT1jH8B9AM/mqdefault.jpg,https://www.youtube.com/watch?v=xvT1jH8B9AM,KALYANI (Remix),ARJN / KDS / FIFTY4 / 舒蕾亞·戈沙爾,,,"KALYANI (Remix) ARJN , KDS , FIFTY4 & 舒蕾亞·戈沙爾"
2026-09-19,sg,Singapore,top_videos_weekly,,15,https://i.ytimg.com/vi/-q_S27LbNKU/mqdefault.jpg,https://www.youtube.com/watch?v=-q_S27LbNKU,BAD,ATEEZ,"6月 25, 2026",33259,"15 1 BAD ATEEZ 6月 25, 2026 16 11 33,259"
2026-09-19,sg,Singapore,top_videos_weekly,,16,https://i.ytimg.com/vi/m7k9UMcHbr0/mqdefault.jpg,https://www.youtube.com/watch?v=m7k9UMcHbr0,"KATSEYE (캣츠아이) ""Animal"" Official MV",KATSEYE,,,"KATSEYE (캣츠아이) ""Animal"" Official MV KATSEYE"
2026-09-19,sg,Singapore,top_videos_weekly,,17,https://i.ytimg.com/vi/JqFzhcWo3EU/mqdefault.jpg,https://www.youtube.com/watch?v=JqFzhcWo3EU,"Yeshanagula (From ""The Paradise"") (Telugu)",Jangi Reddy / Singer Prabha / 希厄姆·卡莎拉 / Anirudh Ravichander,,,"Yeshanagula (From ""The Paradise"") (Telugu) Jangi Reddy , Singer Prabha , 希厄姆·卡莎拉 & Anirudh Ravichander"
2026-09-19,sg,Singapore,top_videos_weekly,,18,https://i.ytimg.com/vi/L8ZnXgbyUuc/mqdefault.jpg,https://www.youtube.com/watch?v=L8ZnXgbyUuc,BIGBANG - ‘BiiiG’ M/V,BIGBANG,,,BIGBANG - ‘BiiiG’ M/V BIGBANG
2026-09-19,sg,Singapore,top_videos_weekly,,19,https://i.ytimg.com/vi/YacpC7sUXMM/mqdefault.jpg,https://www.youtube.com/watch?v=YacpC7sUXMM,甲乙丙丁Strangers (伴奏),李佳薇,,,甲乙丙丁Strangers (伴奏) 李佳薇
2026-09-19,sg,Singapore,top_videos_weekly,,20,https://i.ytimg.com/vi/7VsejGzcJmM/mqdefault.jpg,https://www.youtube.com/watch?v=7VsejGzcJmM,Alaakaa Loova,Sai Abhyankkar,,,Alaakaa Loova Sai Abhyankkar
2026-09-19,sg,Singapore,top_videos_weekly,,21,https://i.ytimg.com/vi/rs0gQ-3hbPQ/mqdefault.jpg,https://www.youtube.com/watch?v=rs0gQ-3hbPQ,"Muthumani (From ""Dorothy"")",Shweta Mohan / Ilaiyaraaja,,,"Muthumani (From ""Dorothy"") Shweta Mohan & Ilaiyaraaja"
2026-09-19,sg,Singapore,top_videos_weekly,,22,https://i.ytimg.com/vi/b68HETiNO98/mqdefault.jpg,https://www.youtube.com/watch?v=b68HETiNO98,Pavazha Malli,Sai Abhyankkar / Shruti Haasan,,,Pavazha Malli Sai Abhyankkar & Shruti Haasan
2026-09-19,sg,Singapore,top_videos_weekly,,23,https://i.ytimg.com/vi/C1LN4cWjMl0/mqdefault.jpg,https://www.youtube.com/watch?v=C1LN4cWjMl0,Pattampoochi,Sublahshini / G.V. Prakash Kumar,,,Pattampoochi Sublahshini & G.V. Prakash Kumar
2026-09-19,sg,Singapore,top_videos_weekly,,24,https://i.ytimg.com/vi/ko70cExuzZM/mqdefault.jpg,https://www.youtube.com/watch?v=ko70cExuzZM,The Fate of Ophelia,Taylor Swift,,,The Fate of Ophelia Taylor Swift
2026-09-19,sg,Singapore,top_videos_weekly,,25,https://i.ytimg.com/vi/e68F6n0pIqs/mqdefault.jpg,https://www.youtube.com/watch?v=e68F6n0pIqs,黃明志 Ft. Khusugtun【不可分割】(Official Music Video),黃明志,,,黃明志 Ft. Khusugtun【不可分割】(Official Music Video) 黃明志
2026-09-19,sg,Singapore,top_videos_weekly,,26,https://i.ytimg.com/vi/iNMvUYjaieA/mqdefault.jpg,https://www.youtube.com/watch?v=iNMvUYjaieA,EVAN (에반) 'Death of Me' Official MV,HYBE LABELS,,,EVAN (에반) 'Death of Me' Official MV HYBE LABELS
2026-09-19,sg,Singapore,top_videos_weekly,,27,https://i.ytimg.com/vi/82-jTNka3uc/mqdefault.jpg,https://www.youtube.com/watch?v=82-jTNka3uc,hate that i made you love me,Ariana Grande,,,hate that i made you love me Ariana Grande
2026-09-19,sg,Singapore,top_videos_weekly,,28,https://i.ytimg.com/vi/7xYekUcLRs4/mqdefault.jpg,https://www.youtube.com/watch?v=7xYekUcLRs4,Libera Me From Hell - Mori Calliope x Elizabeth Rose Bloodflame // GURREN LAGANN (Cover),Mori Calliope,,,Libera Me From Hell - Mori Calliope x Elizabeth Rose Bloodflame // GURREN LAGANN (Cover) Mori Calliope
2026-09-19,sg,Singapore,top_videos_weekly,,29,https://i.ytimg.com/vi/7mDDM0eBWR0/mqdefault.jpg,https://www.youtube.com/watch?v=7mDDM0eBWR0,소연 (SOYEON) '퇴사할게여 (Narr. 기안84)' Official Music Video,i-dle (아이들),,,소연 (SOYEON) '퇴사할게여 (Narr. 기안84)' Official Music Video i-dle (아이들)
2026-09-19,sg,Singapore,top_videos_weekly,,30,https://i.ytimg.com/vi/MT-4Bk1Lw8g/mqdefault.jpg,https://www.youtube.com/watch?v=MT-4Bk1Lw8g,Bloody Paradise,ENHYPEN,,,Bloody Paradise ENHYPEN
2026-09-19,sg,Singapore,top_videos_weekly,,31,https://i.ytimg.com/vi/aWpw-Ynl0Yc/mqdefault.jpg,https://www.youtube.com/watch?v=aWpw-Ynl0Yc,Bass Persuades,Miley Cyrus,,,Bass Persuades Miley Cyrus
2026-09-19,sg,Singapore,top_videos_weekly,,32,https://i.ytimg.com/vi/bMhDJ0S0OBA/mqdefault.jpg,https://www.youtube.com/watch?v=bMhDJ0S0OBA,It's Me,ILLIT,"4月 30, 2026",20584,"32 ● It's Me ILLIT 4月 30, 2026 32 20 20,584"
2026-09-19,sg,Singapore,top_videos_weekly,,33,https://i.ytimg.com/vi/Aze7zTyIRtk/mqdefault.jpg,https://www.youtube.com/watch?v=Aze7zTyIRtk,Aura 10/10,Hiphop Tamizha,,,Aura 10/10 Hiphop Tamizha
2026-09-19,sg,Singapore,top_videos_weekly,,34,https://i.ytimg.com/vi/_G3Nu8q9Z9s/mqdefault.jpg,https://www.youtube.com/watch?v=_G3Nu8q9Z9s,嘉賓,張遠,"6月 12, 2026",20177,"34 8 嘉宾 张远 6月 12, 2026 26 9 20,177"
2026-09-19,sg,Singapore,top_videos_weekly,,35,https://i.ytimg.com/vi/15dxI9BPxa4/mqdefault.jpg,https://www.youtube.com/watch?v=15dxI9BPxa4,最後一頁 (Live),王赫野 / 姚曉棠,,,最后一页 (Live) 王赫野 & 姚晓棠
2026-09-19,sg,Singapore,top_videos_weekly,,36,https://i.ytimg.com/vi/Qe8fa4b5xNU/mqdefault.jpg,https://www.youtube.com/watch?v=Qe8fa4b5xNU,Good Goodbye,HWASA,,,Good Goodbye HWASA
2026-09-19,sg,Singapore,top_videos_weekly,,37,https://i.ytimg.com/vi/zlAjS20q9pE/mqdefault.jpg,https://www.youtube.com/watch?v=zlAjS20q9pE,空心 (Live),黃霄雲 / 劉端端,,,空心 (Live) 黃霄雲 & 刘端端
2026-09-19,sg,Singapore,top_videos_weekly,,38,https://i.ytimg.com/vi/3rB3n_XR23o/mqdefault.jpg,https://www.youtube.com/watch?v=3rB3n_XR23o,我不該動情,老闆,"7月 1, 2026",18050,"38 ● 我不該動情 老板 7月 1, 2026 38 7 18,050"
2026-09-19,sg,Singapore,top_videos_weekly,,39,https://i.ytimg.com/vi/27C4pfRsf9g/mqdefault.jpg,https://www.youtube.com/watch?v=27C4pfRsf9g,ICONIC BY MISTAKE,LE SSERAFIM / ILLIT / KATSEYE,,,"ICONIC BY MISTAKE LE SSERAFIM , ILLIT & KATSEYE"
2026-09-19,sg,Singapore,top_videos_weekly,,40,https://i.ytimg.com/vi/x3eqqoZPV_E/mqdefault.jpg,https://www.youtube.com/watch?v=x3eqqoZPV_E,춤 (CHOOM),BABYMONSTER,,,춤 (CHOOM) BABYMONSTER
2026-09-19,sg,Singapore,top_videos_weekly,,41,https://i.ytimg.com/vi/8eOs7Zd-690/mqdefault.jpg,https://www.youtube.com/watch?v=8eOs7Zd-690,鹹酸苦汫 (電影《網紅老爸》片尾曲),王識賢 / 麋先生,,,鹹酸苦汫 (電影《網紅老爸》片尾曲) 王識賢 & 麋先生
2026-09-19,sg,Singapore,top_videos_weekly,,42,https://i.ytimg.com/vi/0ijm2Xui5N8/mqdefault.jpg,https://www.youtube.com/watch?v=0ijm2Xui5N8,Ain't In LA,ADÉLA,,,Ain't In LA ADÉLA
2026-09-19,sg,Singapore,top_videos_weekly,,43,https://i.ytimg.com/vi/RO75uUZiAw0/mqdefault.jpg,https://www.youtube.com/watch?v=RO75uUZiAw0,Teh Hijau,圖魯斯,"6月 29, 2026",17596,"43 4 Teh Hijau 圖魯斯 6月 29, 2026 39 9 17,596"
2026-09-19,sg,Singapore,top_videos_weekly,,44,https://i.ytimg.com/vi/FhhA5purigQ/mqdefault.jpg,https://www.youtube.com/watch?v=FhhA5purigQ,Magale - Music Video | Baththa | Vijay Sethupathi | @SaiAbhyankkar | Balaji Tharaneetharan,Think Music India,,,Magale - Music Video | Baththa | Vijay Sethupathi | @SaiAbhyankkar | Balaji Tharaneetharan Think Music India
2026-09-19,sg,Singapore,top_videos_weekly,,45,https://i.ytimg.com/vi/s3a4OQR-10M/mqdefault.jpg,https://www.youtube.com/watch?v=s3a4OQR-10M,Loser,Tame Impala,,,Loser Tame Impala
2026-09-19,sg,Singapore,top_videos_weekly,,46,https://i.ytimg.com/vi/49x5rfxmv4E/mqdefault.jpg,https://www.youtube.com/watch?v=49x5rfxmv4E,Karuppa Kooda Va,Sai Abhyankkar / V·M·馬哈林加姆,,,Karuppa Kooda Va Sai Abhyankkar & V·M·馬哈林加姆
2026-09-19,sg,Singapore,top_videos_weekly,,47,https://i.ytimg.com/vi/83C3TZ4Zm_o/mqdefault.jpg,https://www.youtube.com/watch?v=83C3TZ4Zm_o,LEMONADE,aespa,"5月 28, 2026",16641,"47 5 LEMONADE aespa 5月 28, 2026 42 15 16,641"
2026-09-19,sg,Singapore,top_videos_weekly,,48,https://i.ytimg.com/vi/eB-IK2wPWzw/mqdefault.jpg,https://www.youtube.com/watch?v=eB-IK2wPWzw,BAD,ATEEZ,"8月 1, 2026",16486,"48 1 BAD ATEEZ 8月 1, 2026 47 5 16,486"
2026-09-19,sg,Singapore,top_videos_weekly,,49,https://i.ytimg.com/vi/OT5msu-dap8/mqdefault.jpg,https://www.youtube.com/watch?v=OT5msu-dap8,Shape Of My Heart,Backstreet Boys,,,Shape Of My Heart Backstreet Boys
2026-09-19,sg,Singapore,top_videos_weekly,,50,https://i.ytimg.com/vi/naoGk-Zjc1s/mqdefault.jpg,https://www.youtube.com/watch?v=naoGk-Zjc1s,SUGAR HONEY ICE TEA,BABYMONSTER,,,SUGAR HONEY ICE TEA BABYMONSTER
2026-09-19,sg,Singapore,top_videos_weekly,,51,https://i.ytimg.com/vi/0Vri50xDo7U/mqdefault.jpg,https://www.youtube.com/watch?v=0Vri50xDo7U,汪蘇瀧 Silence Wang x 莫文蔚 Karen Mok［陰天］明日世界 Official Stage Video,汪蘇瀧,,,汪苏泷 Silence Wang x 莫文蔚 Karen Mok［阴天］明日世界 Official Stage Video 汪蘇瀧
2026-09-19,sg,Singapore,top_videos_weekly,,52,https://i.ytimg.com/vi/j5BSH0Op5H8/mqdefault.jpg,https://www.youtube.com/watch?v=j5BSH0Op5H8,Giants,NDPeeps / Weish / Iman Fandi,,,"Giants NDPeeps , Weish & Iman Fandi"
2026-09-19,sg,Singapore,top_videos_weekly,,53,https://i.ytimg.com/vi/X1twu3ztkPU/mqdefault.jpg,https://www.youtube.com/watch?v=X1twu3ztkPU,Bum Baa Diga Diga - Music Video | DC | Lokesh | Sun Pictures | Anirudh | Arun Matheswaran,Heisenberg / Ritesh G Rao / Anirudh Ravichander / Asura,,,"Bum Baa Diga Diga - Music Video | DC | Lokesh | Sun Pictures | Anirudh | Arun Matheswaran Heisenberg , Ritesh G Rao , Anirudh Ravichander & Asura"
2026-09-19,sg,Singapore,top_videos_weekly,,54,https://i.ytimg.com/vi/K-7olbaOelg/mqdefault.jpg,https://www.youtube.com/watch?v=K-7olbaOelg,MMG (My Mine Gueh),Naykilla,,,MMG (My Mine Gueh) Naykilla
2026-09-19,sg,Singapore,top_videos_weekly,,55,https://i.ytimg.com/vi/9cS2wv6AfHk/mqdefault.jpg,https://www.youtube.com/watch?v=9cS2wv6AfHk,I LIKE IT,BABYMONSTER,,,I LIKE IT BABYMONSTER
2026-09-19,sg,Singapore,top_videos_weekly,,56,https://i.ytimg.com/vi/_Vp-jCG7gno/mqdefault.jpg,https://www.youtube.com/watch?v=_Vp-jCG7gno,God Mode,Sai Abhyankkar / Gana Muthu / Vishnu Edavan,,,"God Mode Sai Abhyankkar , Gana Muthu & Vishnu Edavan"
2026-09-19,sg,Singapore,top_videos_weekly,,57,https://i.ytimg.com/vi/6JaeasJw-QI/mqdefault.jpg,https://www.youtube.com/watch?v=6JaeasJw-QI,Thalapathy Kacheri,Jayanth Maadhur / Anirudh Ravichander / Arun Kaundinya / Nazeeruddin / Srinivasa Mouli,,,"Thalapathy Kacheri Jayanth Maadhur , Anirudh Ravichander , Arun Kaundinya , Nazeeruddin & Srinivasa Mouli"
2026-09-19,sg,Singapore,top_videos_weekly,,58,https://i.ytimg.com/vi/BZ4UzthYTss/mqdefault.jpg,https://www.youtube.com/watch?v=BZ4UzthYTss,This & That,Stray Kids,,,This & That Stray Kids
2026-09-19,sg,Singapore,top_videos_weekly,,59,https://i.ytimg.com/vi/_IT83Y_HcAw/mqdefault.jpg,https://www.youtube.com/watch?v=_IT83Y_HcAw,Less than a Lover,JENNIE,,,Less than a Lover JENNIE
2026-09-19,sg,Singapore,top_videos_weekly,,60,https://i.ytimg.com/vi/v1t4MTqdfyI/mqdefault.jpg,https://www.youtube.com/watch?v=v1t4MTqdfyI,hate that i made you love me,Ariana Grande,,,hate that i made you love me Ariana Grande
2026-09-19,sg,Singapore,top_videos_weekly,,61,https://i.ytimg.com/vi/JSFG-IE8n_c/mqdefault.jpg,https://www.youtube.com/watch?v=JSFG-IE8n_c,like JENNIE,JENNIE,,,like JENNIE JENNIE
2026-09-19,sg,Singapore,top_videos_weekly,,62,https://i.ytimg.com/vi/3sB4Iv_tM7U/mqdefault.jpg,https://www.youtube.com/watch?v=3sB4Iv_tM7U,Nicole Kidman,ADÉLA,,,Nicole Kidman ADÉLA
2026-09-19,sg,Singapore,top_videos_weekly,,63,https://i.ytimg.com/vi/undhkaMMenU/mqdefault.jpg,https://www.youtube.com/watch?v=undhkaMMenU,Sambavakaari,Saindhavi / 肖恩·羅爾丹 / Mohan Rajan,,,"Sambavakaari Saindhavi , 肖恩·羅爾丹 & Mohan Rajan"
2026-09-19,sg,Singapore,top_videos_weekly,,64,https://i.ytimg.com/vi/GaMS0F0_xMI/mqdefault.jpg,https://www.youtube.com/watch?v=GaMS0F0_xMI,You'll Be Okay,NDPeeps / 楚晴,,,You'll Be Okay NDPeeps & 楚晴
2026-09-19,sg,Singapore,top_videos_weekly,,65,https://i.ytimg.com/vi/OpQFFLBMEPI/mqdefault.jpg,https://www.youtube.com/watch?v=OpQFFLBMEPI,Just Give Me A Reason,P!nk,,,Just Give Me A Reason P!nk
2026-09-19,sg,Singapore,top_videos_weekly,,66,https://i.ytimg.com/vi/46h0LvDHgIs/mqdefault.jpg,https://www.youtube.com/watch?v=46h0LvDHgIs,SUN KISS,TUIDE,"8月 24, 2026",12280,"66 1 SUN KISS TUIDE 8月 24, 2026 65 3 12,280"
2026-09-19,sg,Singapore,top_videos_weekly,,67,https://i.ytimg.com/vi/bXlpxL__YoE/mqdefault.jpg,https://www.youtube.com/watch?v=bXlpxL__YoE,HEAVEN (Live from Governor's Ball 2026),JENNIE,,2026,HEAVEN (Live from Governor's Ball 2026) JENNIE
2026-09-19,sg,Singapore,top_videos_weekly,,68,https://i.ytimg.com/vi/Zi_XLOBDo_Y/mqdefault.jpg,https://www.youtube.com/watch?v=Zi_XLOBDo_Y,Billie Jean,Michael Jackson,,,Billie Jean Michael Jackson
2026-09-19,sg,Singapore,top_videos_weekly,,69,https://i.ytimg.com/vi/z5y8Clp_TdE/mqdefault.jpg,https://www.youtube.com/watch?v=z5y8Clp_TdE,KALYANI (Remix),舒蕾亞·戈沙爾 / ARJN / FIFTY4 / KDS,,,"KALYANI (Remix) 舒蕾亞·戈沙爾 , ARJN , FIFTY4 & KDS"
2026-09-19,sg,Singapore,top_videos_weekly,,70,https://i.ytimg.com/vi/MvfbHsG4b0A/mqdefault.jpg,https://www.youtube.com/watch?v=MvfbHsG4b0A,我是如此相信｜抒情R&B｜深情對唱｜原來愛如此的動聽,格雷樂團-Grey,,,我是如此相信｜抒情R&B｜深情對唱｜原來愛如此的動聽 格雷乐团-Grey
2026-09-19,sg,Singapore,top_videos_weekly,,71,https://i.ytimg.com/vi/6Db-cEgbmC4/mqdefault.jpg,https://www.youtube.com/watch?v=6Db-cEgbmC4,Mi Chico,Jason Derulo,,,Mi Chico Jason Derulo
2026-09-19,sg,Singapore,top_videos_weekly,,72,https://i.ytimg.com/vi/A14bHx6l5CA/mqdefault.jpg,https://www.youtube.com/watch?v=A14bHx6l5CA,Keralanaadu | I-POPSTAR | EP 11 | Priya Jerson | Vijay Narain,Saregama Tamil,,,Keralanaadu | I-POPSTAR | EP 11 | Priya Jerson | Vijay Narain Saregama Tamil
2026-09-19,sg,Singapore,top_videos_weekly,,73,https://i.ytimg.com/vi/MzCbEdtNbJ0/mqdefault.jpg,https://www.youtube.com/watch?v=MzCbEdtNbJ0,HARU HARU(하루하루),BIGBANG,,,HARU HARU(하루하루) BIGBANG
2026-09-19,sg,Singapore,top_videos_weekly,,74,https://i.ytimg.com/vi/xXZwZ0DolJc/mqdefault.jpg,https://www.youtube.com/watch?v=xXZwZ0DolJc,MOON,BABYMONSTER,,,MOON BABYMONSTER
2026-09-19,sg,Singapore,top_videos_weekly,,75,https://i.ytimg.com/vi/invZIgVL2wo/mqdefault.jpg,https://www.youtube.com/watch?v=invZIgVL2wo,Joy.,RAYE / Amma / Absolutely,,,"Joy. RAYE , Amma & Absolutely"
2026-09-19,sg,Singapore,top_videos_weekly,,76,https://i.ytimg.com/vi/QxWoYkrgpJE/mqdefault.jpg,https://www.youtube.com/watch?v=QxWoYkrgpJE,Nallaru po,Tippu / Sai Abhyankkar,,,Nallaru po Tippu & Sai Abhyankkar
2026-09-19,sg,Singapore,top_videos_weekly,,77,https://i.ytimg.com/vi/DIUiPohDYOs/mqdefault.jpg,https://www.youtube.com/watch?v=DIUiPohDYOs,"otakotak, AH BENG GOR GOR, Shelhiel, Mulan Theory - CIVIC OR MYVI",Mulan Theory,,,"otakotak, AH BENG GOR GOR, Shelhiel, Mulan Theory - CIVIC OR MYVI Mulan Theory"
2026-09-19,sg,Singapore,top_videos_weekly,,78,https://i.ytimg.com/vi/kCA93dLzKP4/mqdefault.jpg,https://www.youtube.com/watch?v=kCA93dLzKP4,一個人,A-Lin,"6月 11, 2026",10732,"78 20 一個人 A-Lin 6月 11, 2026 98 4 10,732"
2026-09-19,sg,Singapore,top_videos_weekly,,79,https://i.ytimg.com/vi/GnSaLQTrvt0/mqdefault.jpg,https://www.youtube.com/watch?v=GnSaLQTrvt0,Good Goodbye,HWASA,,,Good Goodbye HWASA
2026-09-19,sg,Singapore,top_videos_weekly,,80,https://i.ytimg.com/vi/jeRu6h4XbUU/mqdefault.jpg,https://www.youtube.com/watch?v=jeRu6h4XbUU,幸福在歌唱,A-Lin,"12月 26, 2025",10621,"80 17 幸福在歌唱 A-Lin 12月 26, 2025 63 5 10,621"
2026-09-19,sg,Singapore,top_videos_weekly,,81,https://i.ytimg.com/vi/Bm9lLpmPM0A/mqdefault.jpg,https://www.youtube.com/watch?v=Bm9lLpmPM0A,Pattampoochi,Sublahshini / G.V. Prakash Kumar,,,Pattampoochi Sublahshini & G.V. Prakash Kumar
2026-09-19,sg,Singapore,top_videos_weekly,,82,https://i.ytimg.com/vi/oRdxUFDoQe0/mqdefault.jpg,https://www.youtube.com/watch?v=oRdxUFDoQe0,Beat It,Michael Jackson,,,Beat It Michael Jackson
2026-09-19,sg,Singapore,top_videos_weekly,,83,https://i.ytimg.com/vi/UwuAPyOImoI/mqdefault.jpg,https://www.youtube.com/watch?v=UwuAPyOImoI,"TAEYANG - 눈,코,입 (EYES, NOSE, LIPS) M/V",太陽,,,"TAEYANG - 눈,코,입 (EYES, NOSE, LIPS) M/V 太陽"
2026-09-19,sg,Singapore,top_videos_weekly,,84,https://i.ytimg.com/vi/Rt9tW3cMLhI/mqdefault.jpg,https://www.youtube.com/watch?v=Rt9tW3cMLhI,stupid song,Olivia Rodrigo,,,stupid song Olivia Rodrigo
2026-09-19,sg,Singapore,top_videos_weekly,,85,https://i.ytimg.com/vi/GEk4jHwfFTA/mqdefault.jpg,https://www.youtube.com/watch?v=GEk4jHwfFTA,NORMAL,防彈少年團,"7月 18, 2026",<10K,"85 14 NORMAL 防彈少年團 7月 18, 2026 99 8 <10K"
2026-09-19,sg,Singapore,top_videos_weekly,,86,https://i.ytimg.com/vi/EYDgu1KjlgQ/mqdefault.jpg,https://www.youtube.com/watch?v=EYDgu1KjlgQ,【獨家LIVE】張遠終於釋懷了！和陳冰演繹新歌《可以不是你》 #天賜的聲音5 EP8 20240614,天賜的聲音,,20240614,【独家LIVE】张远终于释怀了！和陈冰演绎新歌《可以不是你》 #天赐的声音5 EP8 20240614 天赐的声音
2026-09-19,sg,Singapore,top_videos_weekly,,87,https://i.ytimg.com/vi/T3E9Wjbq44E/mqdefault.jpg,https://www.youtube.com/watch?v=T3E9Wjbq44E,Stereo Hearts (feat. Adam Levine),體育課英雄樂團,,,Stereo Hearts (feat. Adam Levine) 體育課英雄樂團
2026-09-19,sg,Singapore,top_videos_weekly,,88,https://i.ytimg.com/vi/AStAgQLeBeo/mqdefault.jpg,https://www.youtube.com/watch?v=AStAgQLeBeo,Minnale,P Unnikrishnan|Harini,,,Minnale P Unnikrishnan|Harini
2026-09-19,sg,Singapore,top_videos_weekly,,89,https://i.ytimg.com/vi/2GRP1rkE4O0/mqdefault.jpg,https://www.youtube.com/watch?v=2GRP1rkE4O0,BIGBANG - BLUE M/V,BIGBANG,,,BIGBANG - BLUE M/V BIGBANG
2026-09-19,sg,Singapore,top_videos_weekly,,90,https://i.ytimg.com/vi/B402rKl4bUg/mqdefault.jpg,https://www.youtube.com/watch?v=B402rKl4bUg,the cure,Olivia Rodrigo,,,the cure Olivia Rodrigo
2026-09-19,sg,Singapore,top_videos_weekly,,91,https://i.ytimg.com/vi/fLdVq8n-KQg/mqdefault.jpg,https://www.youtube.com/watch?v=fLdVq8n-KQg,Astaga Bercanda,Akbar Chalay / Mingse,,,Astaga Bercanda Akbar Chalay & Mingse
2026-09-19,sg,Singapore,top_videos_weekly,,92,https://i.ytimg.com/vi/Gnn4GRSzRXI/mqdefault.jpg,https://www.youtube.com/watch?v=Gnn4GRSzRXI,BOOMPALA,LE SSERAFIM,,,BOOMPALA LE SSERAFIM
2026-09-19,sg,Singapore,top_videos_weekly,,93,https://i.ytimg.com/vi/B5u8JiGVI_k/mqdefault.jpg,https://www.youtube.com/watch?v=B5u8JiGVI_k,BIGBANG - ‘BiiiG’ DANCE PRACTICE,BIGBANG,,,BIGBANG - ‘BiiiG’ DANCE PRACTICE BIGBANG
2026-09-19,sg,Singapore,top_videos_weekly,,94,https://i.ytimg.com/vi/D4n2TiAlT7U/mqdefault.jpg,https://www.youtube.com/watch?v=D4n2TiAlT7U,Animal (Live From The Tonight Show With Jimmy Fallon),KATSEYE,,,Animal (Live From The Tonight Show With Jimmy Fallon) KATSEYE
2026-09-19,sg,Singapore,top_videos_weekly,,95,https://i.ytimg.com/vi/t-7z2iKmVPY/mqdefault.jpg,https://www.youtube.com/watch?v=t-7z2iKmVPY,【獨家LIVE】張碧晨“猛拽”王赫野衣領 將《捨得》中“愛裡的痴纏與掙扎”演繹得淋漓盡致 #天賜的聲音6 EP3 20250502,天賜的聲音,,20250502,【独家LIVE】张碧晨“猛拽”王赫野衣领 将《舍得》中“爱里的痴缠与挣扎”演绎得淋漓尽致 #天赐的声音6 EP3 20250502 天赐的声音
2026-09-19,sg,Singapore,top_videos_weekly,,96,https://i.ytimg.com/vi/09839DpTctU/mqdefault.jpg,https://www.youtube.com/watch?v=09839DpTctU,Hotel California (Live),Eagles,,,Hotel California (Live) Eagles
2026-09-19,sg,Singapore,top_videos_weekly,,97,https://i.ytimg.com/vi/78wrful9cVU/mqdefault.jpg,https://www.youtube.com/watch?v=78wrful9cVU,drop dead,Olivia Rodrigo,,,drop dead Olivia Rodrigo
2026-09-19,sg,Singapore,top_videos_weekly,,98,https://i.ytimg.com/vi/y_sILJY8wus/mqdefault.jpg,https://www.youtube.com/watch?v=y_sILJY8wus,我不難過 (Live),Nana Ou-Yang / 劉雨昕 XIN LIU,,,我不难过 (Live) Nana Ou-Yang & 劉雨昕 XIN LIU
2026-09-19,sg,Singapore,top_videos_weekly,,99,https://i.ytimg.com/vi/aSugSGCC12I/mqdefault.jpg,https://www.youtube.com/watch?v=aSugSGCC12I,Manchild,Sabrina Carpenter,,,Manchild Sabrina Carpenter
2026-09-19,sg,Singapore,top_videos_weekly,,100,https://i.ytimg.com/vi/drSzrllCX4U/mqdefault.jpg,https://www.youtube.com/watch?v=drSzrllCX4U,當你｜抒情R&B｜深情對唱｜好喜歡你知不知道,格雷樂團-Grey,,,当你｜抒情R&B｜深情对唱｜好喜欢你知不知道 格雷乐团-Grey
2026-09-19,my,Malaysia,top_videos_weekly,,1,https://i.ytimg.com/vi/FyS5dAywkEo/mqdefault.jpg,https://www.youtube.com/watch?v=FyS5dAywkEo,SaWaDiKa (Official Music Video),LISA,,,SaWaDiKa (Official Music Video) LISA
2026-09-19,my,Malaysia,top_videos_weekly,,2,https://i.ytimg.com/vi/RO75uUZiAw0/mqdefault.jpg,https://www.youtube.com/watch?v=RO75uUZiAw0,Teh Hijau,圖魯斯,"6月 29, 2026",1105231,"2 1 Teh Hijau 圖魯斯 6月 29, 2026 1 9 1,105,231"
2026-09-19,my,Malaysia,top_videos_weekly,,3,https://i.ytimg.com/vi/sf02ugzPFE4/mqdefault.jpg,https://www.youtube.com/watch?v=sf02ugzPFE4,CLICK,JISOO,"9月 3, 2026",753806,"3 New CLICK JISOO 9月 3, 2026 - 1 753,806"
2026-09-19,my,Malaysia,top_videos_weekly,,4,https://i.ytimg.com/vi/cDee7SZwtbk/mqdefault.jpg,https://www.youtube.com/watch?v=cDee7SZwtbk,Adek Saye Abe Sore,Adek Saye Abe Sore,,,Adek Saye Abe Sore Adek Saye Abe Sore
2026-09-19,my,Malaysia,top_videos_weekly,,5,https://i.ytimg.com/vi/3DcoC8p9az8/mqdefault.jpg,https://www.youtube.com/watch?v=3DcoC8p9az8,Training Season (Live),Dua Lipa,,,Training Season (Live) Dua Lipa
2026-09-19,my,Malaysia,top_videos_weekly,,6,https://i.ytimg.com/vi/acDzcefJoCs/mqdefault.jpg,https://www.youtube.com/watch?v=acDzcefJoCs,Dari Bawah,EzHaRHaNzE,,,Dari Bawah EzHaRHaNzE
2026-09-19,my,Malaysia,top_videos_weekly,,7,https://i.ytimg.com/vi/K-7olbaOelg/mqdefault.jpg,https://www.youtube.com/watch?v=K-7olbaOelg,MMG (My Mine Gueh),Naykilla,,,MMG (My Mine Gueh) Naykilla
2026-09-19,my,Malaysia,top_videos_weekly,,8,https://i.ytimg.com/vi/GTzi2Y1gX2c/mqdefault.jpg,https://www.youtube.com/watch?v=GTzi2Y1gX2c,Sayang Orang Sama,Sayang Orang Sama,,,Sayang Orang Sama Sayang Orang Sama
2026-09-19,my,Malaysia,top_videos_weekly,,9,https://i.ytimg.com/vi/7qnjiZ_jJuU/mqdefault.jpg,https://www.youtube.com/watch?v=7qnjiZ_jJuU,Dalam Diam,Mojack Hafiz / Zynakal / Zamir Harith / Bel Janni,,,"Dalam Diam Mojack Hafiz , Zynakal , Zamir Harith & Bel Janni"
2026-09-19,my,Malaysia,top_videos_weekly,,10,https://i.ytimg.com/vi/fcnDmrtj6Sk/mqdefault.jpg,https://www.youtube.com/watch?v=fcnDmrtj6Sk,Dai Dai,Shakira / Burna Boy,,,Dai Dai Shakira & Burna Boy
2026-09-19,my,Malaysia,top_videos_weekly,,11,https://i.ytimg.com/vi/yebNIHKAC4A/mqdefault.jpg,https://www.youtube.com/watch?v=yebNIHKAC4A,Golden,HUNTR/X / EJAE / AUDREY NUNA / REI AMI / KPop Demon Hunters Cast,,,"Golden HUNTR/X , EJAE , AUDREY NUNA , REI AMI & KPop Demon Hunters Cast"
2026-09-19,my,Malaysia,top_videos_weekly,,12,https://i.ytimg.com/vi/kvzCTmwnI-A/mqdefault.jpg,https://www.youtube.com/watch?v=kvzCTmwnI-A,Tiwikarma,K.O.I,"9月 18, 2024",311325,"12 6 Tiwikarma K.O.I 9月 18, 2024 6 6 311,325"
2026-09-19,my,Malaysia,top_videos_weekly,,13,https://i.ytimg.com/vi/jR3rWCBeO6M/mqdefault.jpg,https://www.youtube.com/watch?v=jR3rWCBeO6M,"Radhimaa [From ""Think Indie""]",Asma Teji / Sai Abhyankkar / Vivek / Nargis Teji,,,"Radhimaa [From ""Think Indie""] Asma Teji , Sai Abhyankkar , Vivek & Nargis Teji"
2026-09-19,my,Malaysia,top_videos_weekly,,14,https://i.ytimg.com/vi/T48XTvKkdf8/mqdefault.jpg,https://www.youtube.com/watch?v=T48XTvKkdf8,Ku Yang Berjuang,Danial Kifli,,,Ku Yang Berjuang Danial Kifli
2026-09-19,my,Malaysia,top_videos_weekly,,15,https://i.ytimg.com/vi/fLdVq8n-KQg/mqdefault.jpg,https://www.youtube.com/watch?v=fLdVq8n-KQg,Astaga Bercanda,Akbar Chalay / Mingse,,,Astaga Bercanda Akbar Chalay & Mingse
2026-09-19,my,Malaysia,top_videos_weekly,,16,https://i.ytimg.com/vi/kPa7bsKwL-c/mqdefault.jpg,https://www.youtube.com/watch?v=kPa7bsKwL-c,Die With A Smile,Lady Gaga / Bruno Mars,,,Die With A Smile Lady Gaga & Bruno Mars
2026-09-19,my,Malaysia,top_videos_weekly,,17,https://i.ytimg.com/vi/kuFKiCS29Zo/mqdefault.jpg,https://www.youtube.com/watch?v=kuFKiCS29Zo,Exist - Janji Padamu,Along Exists,,,Exist - Janji Padamu Along Exists
2026-09-19,my,Malaysia,top_videos_weekly,,18,https://i.ytimg.com/vi/s8oCK-O2Nhw/mqdefault.jpg,https://www.youtube.com/watch?v=s8oCK-O2Nhw,Jung Jung Inai,Iman Troye / XO House / Asslahierah,,,"Jung Jung Inai Iman Troye , XO House & Asslahierah"
2026-09-19,my,Malaysia,top_videos_weekly,,19,https://i.ytimg.com/vi/YJnbL_AkLF0/mqdefault.jpg,https://www.youtube.com/watch?v=YJnbL_AkLF0,Menjaga Jodoh Orang Lain (Official Lyric Video),Ara Johari,,,Menjaga Jodoh Orang Lain (Official Lyric Video) Ara Johari
2026-09-19,my,Malaysia,top_videos_weekly,,20,https://i.ytimg.com/vi/SEiUqNmtIy8/mqdefault.jpg,https://www.youtube.com/watch?v=SEiUqNmtIy8,MERAMPAU - ALEX WAN ( OFFICIAL MUSIC VIDEO,Twin Tone Production Sdn Bhd,,,MERAMPAU - ALEX WAN ( OFFICIAL MUSIC VIDEO ) Twin Tone Production Sdn Bhd
2026-09-19,my,Malaysia,top_videos_weekly,,21,https://i.ytimg.com/vi/0VOhIR3bnXY/mqdefault.jpg,https://www.youtube.com/watch?v=0VOhIR3bnXY,ORANG BARU LEBE GACOR,Ecko Show / Juan Reza / CHESYLINO,,,"ORANG BARU LEBE GACOR Ecko Show , Juan Reza & CHESYLINO"
2026-09-19,my,Malaysia,top_videos_weekly,,22,https://i.ytimg.com/vi/SeSAwqq_Kpo/mqdefault.jpg,https://www.youtube.com/watch?v=SeSAwqq_Kpo,Kita Lewati Berdua,Overnight,,,Kita Lewati Berdua Overnight
2026-09-19,my,Malaysia,top_videos_weekly,,23,https://i.ytimg.com/vi/7VsejGzcJmM/mqdefault.jpg,https://www.youtube.com/watch?v=7VsejGzcJmM,Alaakaa Loova,Sai Abhyankkar,,,Alaakaa Loova Sai Abhyankkar
2026-09-19,my,Malaysia,top_videos_weekly,,24,https://i.ytimg.com/vi/s5stGs1ktQc/mqdefault.jpg,https://www.youtube.com/watch?v=s5stGs1ktQc,Romantis (Official Music Video),Spring,,,Romantis (Official Music Video) Spring
2026-09-19,my,Malaysia,top_videos_weekly,,25,https://i.ytimg.com/vi/-q_S27LbNKU/mqdefault.jpg,https://www.youtube.com/watch?v=-q_S27LbNKU,BAD,ATEEZ,"6月 25, 2026",214072,"25 2 BAD ATEEZ 6月 25, 2026 27 11 214,072"
2026-09-19,my,Malaysia,top_videos_weekly,,26,https://i.ytimg.com/vi/IWYt2NKAldE/mqdefault.jpg,https://www.youtube.com/watch?v=IWYt2NKAldE,Ayah Ibu 2.0,Harry / Mizan,,,Ayah Ibu 2.0 Harry & Mizan
2026-09-19,my,Malaysia,top_videos_weekly,,27,https://i.ytimg.com/vi/yvsLPs7l6bY/mqdefault.jpg,https://www.youtube.com/watch?v=yvsLPs7l6bY,Meligai Pengerindu,Igu Anthony,,,Meligai Pengerindu Igu Anthony
2026-09-19,my,Malaysia,top_videos_weekly,,28,https://i.ytimg.com/vi/awWKxGftWh4/mqdefault.jpg,https://www.youtube.com/watch?v=awWKxGftWh4,Dunia Yang Nanti,Raim Laode,,,Dunia Yang Nanti Raim Laode
2026-09-19,my,Malaysia,top_videos_weekly,,29,https://i.ytimg.com/vi/q_VCud5ZQSM/mqdefault.jpg,https://www.youtube.com/watch?v=q_VCud5ZQSM,Bungai Pinang | Rickie Andrewson ( OFFICIAL MV,Assapai Entertainment,,,Bungai Pinang | Rickie Andrewson ( OFFICIAL MV ) Assapai Entertainment
2026-09-19,my,Malaysia,top_videos_weekly,,30,https://i.ytimg.com/vi/lY2yjAdbvdQ/mqdefault.jpg,https://www.youtube.com/watch?v=lY2yjAdbvdQ,Treat You Better,Shawn Mendes,,,Treat You Better Shawn Mendes
2026-09-19,my,Malaysia,top_videos_weekly,,31,https://i.ytimg.com/vi/zyLmavBAY7k/mqdefault.jpg,https://www.youtube.com/watch?v=zyLmavBAY7k,Teh Hijau,圖魯斯,"7月 10, 2026",195215,"31 3 Teh Hijau 圖魯斯 7月 10, 2026 34 5 195,215"
2026-09-19,my,Malaysia,top_videos_weekly,,32,https://i.ytimg.com/vi/cmICctnAWCY/mqdefault.jpg,https://www.youtube.com/watch?v=cmICctnAWCY,kota ini tak sama tanpamu,Nadhif Basalamah,,,kota ini tak sama tanpamu Nadhif Basalamah
2026-09-19,my,Malaysia,top_videos_weekly,,33,https://i.ytimg.com/vi/ko70cExuzZM/mqdefault.jpg,https://www.youtube.com/watch?v=ko70cExuzZM,The Fate of Ophelia,Taylor Swift,,,The Fate of Ophelia Taylor Swift
2026-09-19,my,Malaysia,top_videos_weekly,,34,https://i.ytimg.com/vi/DFUrWwEJ93A/mqdefault.jpg,https://www.youtube.com/watch?v=DFUrWwEJ93A,Andai Dapat Ku Undur Masa,AXL,,,Andai Dapat Ku Undur Masa AXL
2026-09-19,my,Malaysia,top_videos_weekly,,35,https://i.ytimg.com/vi/s466YCiHfKw/mqdefault.jpg,https://www.youtube.com/watch?v=s466YCiHfKw,FALLEN ANGEL (Official Video),JENNIE,,,FALLEN ANGEL (Official Video) JENNIE
2026-09-19,my,Malaysia,top_videos_weekly,,36,https://i.ytimg.com/vi/m3h0gf_MaJs/mqdefault.jpg,https://www.youtube.com/watch?v=m3h0gf_MaJs,Romancinta,MOJO,"10月 13, 2013",187183,"36 5 Romancinta MOJO 10月 13, 2013 41 21 187,183"
2026-09-19,my,Malaysia,top_videos_weekly,,37,https://i.ytimg.com/vi/M7oZR-MTEZs/mqdefault.jpg,https://www.youtube.com/watch?v=M7oZR-MTEZs,Iqro',Raim Laode,,,Iqro' Raim Laode
2026-09-19,my,Malaysia,top_videos_weekly,,38,https://i.ytimg.com/vi/oIDeGj83us8/mqdefault.jpg,https://www.youtube.com/watch?v=oIDeGj83us8,MALAYSIA,法依扎爾·塔基爾,,,MALAYSIA 法依扎爾·塔基爾
2026-09-19,my,Malaysia,top_videos_weekly,,39,https://i.ytimg.com/vi/xvT1jH8B9AM/mqdefault.jpg,https://www.youtube.com/watch?v=xvT1jH8B9AM,KALYANI (Remix),ARJN / KDS / FIFTY4 / 舒蕾亞·戈沙爾,,,"KALYANI (Remix) ARJN , KDS , FIFTY4 & 舒蕾亞·戈沙爾"
2026-09-19,my,Malaysia,top_videos_weekly,,40,https://i.ytimg.com/vi/38_bAaFI41w/mqdefault.jpg,https://www.youtube.com/watch?v=38_bAaFI41w,Don't Force Your Longing,Ifan Seventeen,,,Don't Force Your Longing Ifan Seventeen
2026-09-19,my,Malaysia,top_videos_weekly,,41,https://i.ytimg.com/vi/b68HETiNO98/mqdefault.jpg,https://www.youtube.com/watch?v=b68HETiNO98,Pavazha Malli,Sai Abhyankkar / Shruti Haasan,,,Pavazha Malli Sai Abhyankkar & Shruti Haasan
2026-09-19,my,Malaysia,top_videos_weekly,,42,https://i.ytimg.com/vi/qlFuXWRRsxU/mqdefault.jpg,https://www.youtube.com/watch?v=qlFuXWRRsxU,Jodoh Lebaran,Aisha Retno,,,Jodoh Lebaran Aisha Retno
2026-09-19,my,Malaysia,top_videos_weekly,,43,https://i.ytimg.com/vi/ALbmGuC9i58/mqdefault.jpg,https://www.youtube.com/watch?v=ALbmGuC9i58,Exists - Mengintai Dari Tirai Kamar,Along Exists,,,Exists - Mengintai Dari Tirai Kamar Along Exists
2026-09-19,my,Malaysia,top_videos_weekly,,44,https://i.ytimg.com/vi/B452TVVco2Q/mqdefault.jpg,https://www.youtube.com/watch?v=B452TVVco2Q,Great Expectation,SIENNA SPIRO,,,Great Expectation SIENNA SPIRO
2026-09-19,my,Malaysia,top_videos_weekly,,45,https://i.ytimg.com/vi/Aze7zTyIRtk/mqdefault.jpg,https://www.youtube.com/watch?v=Aze7zTyIRtk,Aura 10/10,Hiphop Tamizha,,,Aura 10/10 Hiphop Tamizha
2026-09-19,my,Malaysia,top_videos_weekly,,46,https://i.ytimg.com/vi/x6E_Qj30EZI/mqdefault.jpg,https://www.youtube.com/watch?v=x6E_Qj30EZI,Aishiteru,Zivilia,,,Aishiteru Zivilia
2026-09-19,my,Malaysia,top_videos_weekly,,47,https://i.ytimg.com/vi/zjxO40VrMZA/mqdefault.jpg,https://www.youtube.com/watch?v=zjxO40VrMZA,Jiwa Yang Mengalah,Bellestrelle,,,Jiwa Yang Mengalah Bellestrelle
2026-09-19,my,Malaysia,top_videos_weekly,,48,https://i.ytimg.com/vi/N2q8_schirM/mqdefault.jpg,https://www.youtube.com/watch?v=N2q8_schirM,Demi Sekeping Kertas,Latipah,,,Demi Sekeping Kertas Latipah
2026-09-19,my,Malaysia,top_videos_weekly,,49,https://i.ytimg.com/vi/VR7PK3FPE1Q/mqdefault.jpg,https://www.youtube.com/watch?v=VR7PK3FPE1Q,Jemu,梅,"2月 14, 2021",153203,"49 ● Jemu 梅 2月 14, 2021 49 7 153,203"
2026-09-19,my,Malaysia,top_videos_weekly,,50,https://i.ytimg.com/vi/lY5V4hSLWY8/mqdefault.jpg,https://www.youtube.com/watch?v=lY5V4hSLWY8,Risk It All,Bruno Mars,,,Risk It All Bruno Mars
2026-09-19,my,Malaysia,top_videos_weekly,,51,https://i.ytimg.com/vi/OT5msu-dap8/mqdefault.jpg,https://www.youtube.com/watch?v=OT5msu-dap8,Shape Of My Heart,Backstreet Boys,,,Shape Of My Heart Backstreet Boys
2026-09-19,my,Malaysia,top_videos_weekly,,52,https://i.ytimg.com/vi/yCUx43XjHPM/mqdefault.jpg,https://www.youtube.com/watch?v=yCUx43XjHPM,Gerimis Derita,Haqiem Rusli & Zamani,,,Gerimis Derita Haqiem Rusli & Zamani
2026-09-19,my,Malaysia,top_videos_weekly,,53,https://i.ytimg.com/vi/2cvUiFW6pto/mqdefault.jpg,https://www.youtube.com/watch?v=2cvUiFW6pto,Radja - Takkan Melupakanmu,Radja,,,Radja - Takkan Melupakanmu Radja
2026-09-19,my,Malaysia,top_videos_weekly,,54,https://i.ytimg.com/vi/dAevFxbfqkU/mqdefault.jpg,https://www.youtube.com/watch?v=dAevFxbfqkU,Gadis Manis Kalimantan,Syahriadi / Mala Agatha,,,Gadis Manis Kalimantan Syahriadi & Mala Agatha
2026-09-19,my,Malaysia,top_videos_weekly,,55,https://i.ytimg.com/vi/82-jTNka3uc/mqdefault.jpg,https://www.youtube.com/watch?v=82-jTNka3uc,hate that i made you love me,Ariana Grande,,,hate that i made you love me Ariana Grande
2026-09-19,my,Malaysia,top_videos_weekly,,56,https://i.ytimg.com/vi/s_w6P5aWVgc/mqdefault.jpg,https://www.youtube.com/watch?v=s_w6P5aWVgc,Punca,Sofazr SecondPlan,,,Punca Sofazr SecondPlan
2026-09-19,my,Malaysia,top_videos_weekly,,57,https://i.ytimg.com/vi/OpQFFLBMEPI/mqdefault.jpg,https://www.youtube.com/watch?v=OpQFFLBMEPI,Just Give Me A Reason,P!nk,,,Just Give Me A Reason P!nk
2026-09-19,my,Malaysia,top_videos_weekly,,58,https://i.ytimg.com/vi/C1LN4cWjMl0/mqdefault.jpg,https://www.youtube.com/watch?v=C1LN4cWjMl0,Pattampoochi,Sublahshini / G.V. Prakash Kumar,,,Pattampoochi Sublahshini & G.V. Prakash Kumar
2026-09-19,my,Malaysia,top_videos_weekly,,59,https://i.ytimg.com/vi/BHwcpWwnEls/mqdefault.jpg,https://www.youtube.com/watch?v=BHwcpWwnEls,Cuba Jadi Aku,Nadeera,,,Cuba Jadi Aku Nadeera
2026-09-19,my,Malaysia,top_videos_weekly,,60,https://i.ytimg.com/vi/Nskf70DMR60/mqdefault.jpg,https://www.youtube.com/watch?v=Nskf70DMR60,Sesi Potret,eńau,,,Sesi Potret eńau
2026-09-19,my,Malaysia,top_videos_weekly,,61,https://i.ytimg.com/vi/WHJs833pzIE/mqdefault.jpg,https://www.youtube.com/watch?v=WHJs833pzIE,Lagi Syantik (Live at SRN Ini Dangdut S02),茜蒂·巴德里雅,,,Lagi Syantik (Live at SRN Ini Dangdut S02) 茜蒂·巴德里雅
2026-09-19,my,Malaysia,top_videos_weekly,,62,https://i.ytimg.com/vi/376utoTabMI/mqdefault.jpg,https://www.youtube.com/watch?v=376utoTabMI,看著我的眼睛說,張遠 / 姚曉棠,,,看着我的眼睛说 张远 & 姚晓棠
2026-09-19,my,Malaysia,top_videos_weekly,,63,https://i.ytimg.com/vi/oAwzFFEYm38/mqdefault.jpg,https://www.youtube.com/watch?v=oAwzFFEYm38,Skibidi,Girls' Generation-HRS,,,Skibidi Girls' Generation-HRS
2026-09-19,my,Malaysia,top_videos_weekly,,64,https://i.ytimg.com/vi/Q3bFaJVLlb0/mqdefault.jpg,https://www.youtube.com/watch?v=Q3bFaJVLlb0,ဤသို့ပြုရ,Theinkpan Htun,,,ဤသို့ပြုရ Theinkpan Htun
2026-09-19,my,Malaysia,top_videos_weekly,,65,https://i.ytimg.com/vi/fMiH9F7O9eM/mqdefault.jpg,https://www.youtube.com/watch?v=fMiH9F7O9eM,Tak Adil,Aisha Retno,,,Tak Adil Aisha Retno
2026-09-19,my,Malaysia,top_videos_weekly,,66,https://i.ytimg.com/vi/0SbnqsQInqE/mqdefault.jpg,https://www.youtube.com/watch?v=0SbnqsQInqE,MUTIARA,Ipank / Kintani,,,MUTIARA Ipank & Kintani
2026-09-19,my,Malaysia,top_videos_weekly,,67,https://i.ytimg.com/vi/__Pb1fO2H2A/mqdefault.jpg,https://www.youtube.com/watch?v=__Pb1fO2H2A,Kita Lewati Berdua,overnight,,,Kita Lewati Berdua overnight
2026-09-19,my,Malaysia,top_videos_weekly,,68,https://i.ytimg.com/vi/DIUiPohDYOs/mqdefault.jpg,https://www.youtube.com/watch?v=DIUiPohDYOs,"otakotak, AH BENG GOR GOR, Shelhiel, Mulan Theory - CIVIC OR MYVI",Mulan Theory,,,"otakotak, AH BENG GOR GOR, Shelhiel, Mulan Theory - CIVIC OR MYVI Mulan Theory"
2026-09-19,my,Malaysia,top_videos_weekly,,69,https://i.ytimg.com/vi/Xq1OAd0UqZc/mqdefault.jpg,https://www.youtube.com/watch?v=Xq1OAd0UqZc,Memorindu,Arghpiez / Edrie Hashim,,,Memorindu Arghpiez & Edrie Hashim
2026-09-19,my,Malaysia,top_videos_weekly,,70,https://i.ytimg.com/vi/m7k9UMcHbr0/mqdefault.jpg,https://www.youtube.com/watch?v=m7k9UMcHbr0,"KATSEYE (캣츠아이) ""Animal"" Official MV",KATSEYE,,,"KATSEYE (캣츠아이) ""Animal"" Official MV KATSEYE"
2026-09-19,my,Malaysia,top_videos_weekly,,71,https://i.ytimg.com/vi/MT-4Bk1Lw8g/mqdefault.jpg,https://www.youtube.com/watch?v=MT-4Bk1Lw8g,Bloody Paradise,ENHYPEN,,,Bloody Paradise ENHYPEN
2026-09-19,my,Malaysia,top_videos_weekly,,72,https://i.ytimg.com/vi/7WNlDmUN-mc/mqdefault.jpg,https://www.youtube.com/watch?v=7WNlDmUN-mc,Percuma,Mahalini,,,Percuma Mahalini
2026-09-19,my,Malaysia,top_videos_weekly,,73,https://i.ytimg.com/vi/AK66nMGhoek/mqdefault.jpg,https://www.youtube.com/watch?v=AK66nMGhoek,ST12 - P.U.S.P.A | Official Music Video,Setia Band,,,ST12 - P.U.S.P.A | Official Music Video Setia Band
2026-09-19,my,Malaysia,top_videos_weekly,,74,https://i.ytimg.com/vi/is8UDe2PhKQ/mqdefault.jpg,https://www.youtube.com/watch?v=is8UDe2PhKQ,KATSEYE (캣츠아이) 'Hootie Frutti' Official MV,KATSEYE,,,KATSEYE (캣츠아이) 'Hootie Frutti' Official MV KATSEYE
2026-09-19,my,Malaysia,top_videos_weekly,,75,https://i.ytimg.com/vi/-sRB7kIJ2uw/mqdefault.jpg,https://www.youtube.com/watch?v=-sRB7kIJ2uw,Aku Diam Aku Tahu,Andak_13Ai,,,Aku Diam Aku Tahu Andak_13Ai
2026-09-19,my,Malaysia,top_videos_weekly,,76,https://i.ytimg.com/vi/bMhDJ0S0OBA/mqdefault.jpg,https://www.youtube.com/watch?v=bMhDJ0S0OBA,It's Me,ILLIT,"4月 30, 2026",104046,"76 7 It's Me ILLIT 4月 30, 2026 83 17 104,046"
2026-09-19,my,Malaysia,top_videos_weekly,,77,https://i.ytimg.com/vi/EUapGKnq_tk/mqdefault.jpg,https://www.youtube.com/watch?v=EUapGKnq_tk,Kasih Orang Muda,飛輪海,,,Kasih Orang Muda 飛輪海
2026-09-19,my,Malaysia,top_videos_weekly,,78,https://i.ytimg.com/vi/eB-IK2wPWzw/mqdefault.jpg,https://www.youtube.com/watch?v=eB-IK2wPWzw,BAD,ATEEZ,"8月 1, 2026",103428,"78 22 BAD ATEEZ 8月 1, 2026 100 2 103,428"
2026-09-19,my,Malaysia,top_videos_weekly,,79,https://i.ytimg.com/vi/L8ZnXgbyUuc/mqdefault.jpg,https://www.youtube.com/watch?v=L8ZnXgbyUuc,BIGBANG - ‘BiiiG’ M/V,BIGBANG,,,BIGBANG - ‘BiiiG’ M/V BIGBANG
2026-09-19,my,Malaysia,top_videos_weekly,,80,https://i.ytimg.com/vi/fwK7ggA3-bU/mqdefault.jpg,https://www.youtube.com/watch?v=fwK7ggA3-bU,One More Night,Maroon 5,,,One More Night Maroon 5
2026-09-19,my,Malaysia,top_videos_weekly,,81,https://i.ytimg.com/vi/v1t4MTqdfyI/mqdefault.jpg,https://www.youtube.com/watch?v=v1t4MTqdfyI,hate that i made you love me,Ariana Grande,,,hate that i made you love me Ariana Grande
2026-09-19,my,Malaysia,top_videos_weekly,,82,https://i.ytimg.com/vi/k_V8Xfkhd_Y/mqdefault.jpg,https://www.youtube.com/watch?v=k_V8Xfkhd_Y,Tersingkap Kini Rahsia Tersembunyi,Kulit,,,Tersingkap Kini Rahsia Tersembunyi Kulit
2026-09-19,my,Malaysia,top_videos_weekly,,83,https://i.ytimg.com/vi/YacpC7sUXMM/mqdefault.jpg,https://www.youtube.com/watch?v=YacpC7sUXMM,甲乙丙丁Strangers (伴奏),李佳薇,,,甲乙丙丁Strangers (伴奏) 李佳薇
2026-09-19,my,Malaysia,top_videos_weekly,,84,https://i.ytimg.com/vi/238X2xUGxRM/mqdefault.jpg,https://www.youtube.com/watch?v=238X2xUGxRM,Katy Perry - The One That Got Away (Lyrics),Tearbluee,,,Katy Perry - The One That Got Away (Lyrics) Tearbluee
2026-09-19,my,Malaysia,top_videos_weekly,,85,https://i.ytimg.com/vi/ConUwSndl6Y/mqdefault.jpg,https://www.youtube.com/watch?v=ConUwSndl6Y,Cinta Mati,Apau Qhaliff,,,Cinta Mati Apau Qhaliff
2026-09-19,my,Malaysia,top_videos_weekly,,86,https://i.ytimg.com/vi/prmmCg5bKxA/mqdefault.jpg,https://www.youtube.com/watch?v=prmmCg5bKxA,Eenie Meenie,Sean Kingston / Justin Bieber,,,Eenie Meenie Sean Kingston & Justin Bieber
2026-09-19,my,Malaysia,top_videos_weekly,,87,https://i.ytimg.com/vi/x3eqqoZPV_E/mqdefault.jpg,https://www.youtube.com/watch?v=x3eqqoZPV_E,춤 (CHOOM),BABYMONSTER,,,춤 (CHOOM) BABYMONSTER
2026-09-19,my,Malaysia,top_videos_weekly,,88,https://i.ytimg.com/vi/MrTz5xjmso4/mqdefault.jpg,https://www.youtube.com/watch?v=MrTz5xjmso4,Beautiful Girls,Sean Kingston,,,Beautiful Girls Sean Kingston
2026-09-19,my,Malaysia,top_videos_weekly,,89,https://i.ytimg.com/vi/6JaeasJw-QI/mqdefault.jpg,https://www.youtube.com/watch?v=6JaeasJw-QI,Thalapathy Kacheri,Jayanth Maadhur / Anirudh Ravichander / Arun Kaundinya / Nazeeruddin / Srinivasa Mouli,,,"Thalapathy Kacheri Jayanth Maadhur , Anirudh Ravichander , Arun Kaundinya , Nazeeruddin & Srinivasa Mouli"
2026-09-19,my,Malaysia,top_videos_weekly,,90,https://i.ytimg.com/vi/QxWoYkrgpJE/mqdefault.jpg,https://www.youtube.com/watch?v=QxWoYkrgpJE,Nallaru po,Tippu / Sai Abhyankkar,,,Nallaru po Tippu & Sai Abhyankkar
2026-09-19,my,Malaysia,top_videos_weekly,,91,https://i.ytimg.com/vi/ba-XAIskH_g/mqdefault.jpg,https://www.youtube.com/watch?v=ba-XAIskH_g,Lantas,Juicy Luicy,,,Lantas Juicy Luicy
2026-09-19,my,Malaysia,top_videos_weekly,,92,https://i.ytimg.com/vi/XFkzRNyygfk/mqdefault.jpg,https://www.youtube.com/watch?v=XFkzRNyygfk,Creep,電臺司令,"7月 18, 2008",93292,"92 92 Creep 電台司令 7月 18, 2008 - 6 93,292"
2026-09-19,my,Malaysia,top_videos_weekly,,93,https://i.ytimg.com/vi/49x5rfxmv4E/mqdefault.jpg,https://www.youtube.com/watch?v=49x5rfxmv4E,Karuppa Kooda Va,Sai Abhyankkar / V·M·馬哈林加姆,,,Karuppa Kooda Va Sai Abhyankkar & V·M·馬哈林加姆
2026-09-19,my,Malaysia,top_videos_weekly,,94,https://i.ytimg.com/vi/igALsfpS4BA/mqdefault.jpg,https://www.youtube.com/watch?v=igALsfpS4BA,Bunga,Exists,"9月 8, 2020",92206,"94 94 Bunga Exists 9月 8, 2020 - 4 92,206"
2026-09-19,my,Malaysia,top_videos_weekly,,95,https://i.ytimg.com/vi/nYLaeQ0_TjY/mqdefault.jpg,https://www.youtube.com/watch?v=nYLaeQ0_TjY,Mencari Alasan,Exists,,,Mencari Alasan Exists
2026-09-19,my,Malaysia,top_videos_weekly,,96,https://i.ytimg.com/vi/dGcGbF4ex5o/mqdefault.jpg,https://www.youtube.com/watch?v=dGcGbF4ex5o,Dan...,Sheila on 7,,,Dan... Sheila on 7
2026-09-19,my,Malaysia,top_videos_weekly,,97,https://i.ytimg.com/vi/YaEG2aWJnZ8/mqdefault.jpg,https://www.youtube.com/watch?v=YaEG2aWJnZ8,Unstoppable (Live),Sia,,,Unstoppable (Live) Sia
2026-09-19,my,Malaysia,top_videos_weekly,,98,https://i.ytimg.com/vi/FB5-rPa5wBA/mqdefault.jpg,https://www.youtube.com/watch?v=FB5-rPa5wBA,玻璃,Gareth.T,"5月 20, 2026",91896,"98 98 玻璃 Gareth.T 5月 20, 2026 - 12 91,896"
2026-09-19,my,Malaysia,top_videos_weekly,,99,https://i.ytimg.com/vi/60ItHLz5WEA/mqdefault.jpg,https://www.youtube.com/watch?v=60ItHLz5WEA,Faded,Alan Walker,,,Faded Alan Walker
2026-09-19,my,Malaysia,top_videos_weekly,,100,https://i.ytimg.com/vi/hbJbma5Pr4A/mqdefault.jpg,https://www.youtube.com/watch?v=hbJbma5Pr4A,Masih Terserlah Ayumu,Exists,,,Masih Terserlah Ayumu Exists