captured_date,market,market_name,chart,period_suffix,rank,image_url,primary_name,secondary_name,release_date,metric_value,raw_text
2026-08-09,global,Global,top_videos_weekly,,1,https://i.ytimg.com/vi/fcnDmrtj6Sk/mqdefault.jpg,Dai Dai Shakira & Burna Boy,,,,Dai Dai Shakira & Burna Boy
2026-08-09,global,Global,top_videos_weekly,,2,https://i.ytimg.com/vi/u9BdaJTWeiw/mqdefault.jpg,Barbaadi Shilpi Raj,,,,Barbaadi Shilpi Raj
2026-08-09,global,Global,top_videos_weekly,,3,https://i.ytimg.com/vi/yebNIHKAC4A/mqdefault.jpg,"Golden HUNTR/X , EJAE , AUDREY NUNA , REI AMI & KPop Demon Hunters Cast",,,,"Golden HUNTR/X , EJAE , AUDREY NUNA , REI AMI & KPop Demon Hunters Cast"
2026-08-09,global,Global,top_videos_weekly,,4,https://i.ytimg.com/vi/pRpeEdMmmQ0/mqdefault.jpg,Waka Waka Shakira,,,,Waka Waka Shakira
2026-08-09,global,Global,top_videos_weekly,,5,https://i.ytimg.com/vi/8F2s8ivKXNY/mqdefault.jpg,Life Goes On Oliver Tree,,,,Life Goes On Oliver Tree
2026-08-09,global,Global,top_videos_weekly,,6,https://i.ytimg.com/vi/_IT83Y_HcAw/mqdefault.jpg,Less than a Lover JENNIE,,,,Less than a Lover JENNIE
2026-08-09,global,Global,top_videos_weekly,,7,https://i.ytimg.com/vi/YyepU5ztLf4/mqdefault.jpg,"Shararat Madhubanti Bagchi , 雅斯文·桑德拉斯 & 沙赫瓦特·薩赫迪夫",,,,"Shararat Madhubanti Bagchi , 雅斯文·桑德拉斯 & 沙赫瓦特·薩赫迪夫"
2026-08-09,global,Global,top_videos_weekly,,8,https://i.ytimg.com/vi/kwwdY1bp-Ck/mqdefault.jpg,Todo Lo Fue Lenin Ramírez,,,,Todo Lo Fue Lenin Ramírez
2026-08-09,global,Global,top_videos_weekly,,9,https://i.ytimg.com/vi/A_RV2H2F9jw/mqdefault.jpg,"Basinga Balaalu Srinidhi Nerella , Kalyan Keys & Swamy Naresh",,,,"Basinga Balaalu Srinidhi Nerella , Kalyan Keys & Swamy Naresh"
2026-08-09,global,Global,top_videos_weekly,,10,https://i.ytimg.com/vi/27C4pfRsf9g/mqdefault.jpg,"ICONIC BY MISTAKE LE SSERAFIM , ILLIT & KATSEYE",,,,"ICONIC BY MISTAKE LE SSERAFIM , ILLIT & KATSEYE"
2026-08-09,global,Global,top_videos_weekly,,11,https://i.ytimg.com/vi/OQac93ARgQE/mqdefault.jpg,Nano Saint Levant & TUL8TE,,,,Nano Saint Levant & TUL8TE
2026-08-09,global,Global,top_videos_weekly,,12,https://i.ytimg.com/vi/ApXoWvfEYVU/mqdefault.jpg,Sunflower Post Malone & Swae Lee,,,,Sunflower Post Malone & Swae Lee
2026-08-09,global,Global,top_videos_weekly,,13,https://i.ytimg.com/vi/69L-nKRY3ac/mqdefault.jpg,Sebebi Yar Blok3,,,,Sebebi Yar Blok3
2026-08-09,global,Global,top_videos_weekly,,14,https://i.ytimg.com/vi/F2m4HPLvj-4/mqdefault.jpg,"Jaiye Sajana 雅斯文·桑德拉斯 , 施廷德·薩爾塔 & 沙赫瓦特·薩赫迪夫",,,,"Jaiye Sajana 雅斯文·桑德拉斯 , 施廷德·薩爾塔 & 沙赫瓦特·薩赫迪夫"
2026-08-09,global,Global,top_videos_weekly,,15,https://i.ytimg.com/vi/LX2zshAgECQ/mqdefault.jpg,"Aankhon Se Tune 2.0 Dev Negi , Palak Muchhal , Kumar Sanu & Alka Yagnik",,,,"Aankhon Se Tune 2.0 Dev Negi , Palak Muchhal , Kumar Sanu & Alka Yagnik"
2026-08-09,global,Global,top_videos_weekly,,16,https://i.ytimg.com/vi/7SsmyjVF1Oo/mqdefault.jpg,Ya Borracho Herencia De Grandes,,,,Ya Borracho Herencia De Grandes
2026-08-09,global,Global,top_videos_weekly,,17,https://i.ytimg.com/vi/oRdxUFDoQe0/mqdefault.jpg,Beat It Michael Jackson,,,,Beat It Michael Jackson
2026-08-09,global,Global,top_videos_weekly,,18,https://i.ytimg.com/vi/bP8ATWCvqzw/mqdefault.jpg,Arz Kiya Hai Anuv Jain,,,,Arz Kiya Hai Anuv Jain
2026-08-09,global,Global,top_videos_weekly,,19,https://i.ytimg.com/vi/b68HETiNO98/mqdefault.jpg,Pavazha Malli Sai Abhyankkar & Shruti Haasan,,,,Pavazha Malli Sai Abhyankkar & Shruti Haasan
2026-08-09,global,Global,top_videos_weekly,,20,https://i.ytimg.com/vi/ZvXN0TcZLfQ/mqdefault.jpg,Fortuner Raj Mawar & Ruchika Jangid,,,,Fortuner Raj Mawar & Ruchika Jangid
2026-08-09,global,Global,top_videos_weekly,,21,https://i.ytimg.com/vi/aRNfSqsgrgE/mqdefault.jpg,Sheesha Mitta Ror & Swara Verma,,,,Sheesha Mitta Ror & Swara Verma
2026-08-09,global,Global,top_videos_weekly,,22,https://i.ytimg.com/vi/dTWEFx3DeM8/mqdefault.jpg,Anor Mirjalol Nematov,,,,Anor Mirjalol Nematov
2026-08-09,global,Global,top_videos_weekly,,23,https://i.ytimg.com/vi/bMhDJ0S0OBA/mqdefault.jpg,2 It's Me ILLIT,,"4月 30, 2026",7267914,"23 2 It's Me ILLIT 4月 30, 2026 25 13 7,267,914"
2026-08-09,global,Global,top_videos_weekly,,24,https://i.ytimg.com/vi/oafxkMv4xnc/mqdefault.jpg,2 Bairan Banjaare,,"2月 13, 2026",7254451,"24 2 Bairan Banjaare 2月 13, 2026 22 21 7,254,451"
2026-08-09,global,Global,top_videos_weekly,,25,https://i.ytimg.com/vi/DUT5rEU6pqM/mqdefault.jpg,Hips Don't Lie Shakira,,,,Hips Don't Lie Shakira
2026-08-09,global,Global,top_videos_weekly,,26,https://i.ytimg.com/vi/q2IMrkhSjSA/mqdefault.jpg,ÇOK GÜZEL GÜLÜYORSUN Blok3 & Poizi,,,,ÇOK GÜZEL GÜLÜYORSUN Blok3 & Poizi
2026-08-09,global,Global,top_videos_weekly,,27,https://i.ytimg.com/vi/vrY1THC_NQE/mqdefault.jpg,Champions iShowSpeed,,,,Champions iShowSpeed
2026-08-09,global,Global,top_videos_weekly,,28,https://i.ytimg.com/vi/cL0KKSPjZf8/mqdefault.jpg,Boom Shaka KR$NA & Dhanda Nyoliwala,,,,Boom Shaka KR$NA & Dhanda Nyoliwala
2026-08-09,global,Global,top_videos_weekly,,29,https://i.ytimg.com/vi/vutbVGewIcg/mqdefault.jpg,Las Mas Bonitas Son P*tas Anuel AA,,,,Las Mas Bonitas Son P*tas Anuel AA
2026-08-09,global,Global,top_videos_weekly,,30,https://i.ytimg.com/vi/-0RUAQAMUac/mqdefault.jpg,تباعاً تباعاً Sherine,,,,تباعاً تباعاً Sherine
2026-08-09,global,Global,top_videos_weekly,,31,https://i.ytimg.com/vi/2yreX_ZCfgM/mqdefault.jpg,Peão Todo Tatuado Mariana Fagundes & jeninho,,,,Peão Todo Tatuado Mariana Fagundes & jeninho
2026-08-09,global,Global,top_videos_weekly,,32,https://i.ytimg.com/vi/I_46tPHvVOw/mqdefault.jpg,"DICHAVATE Ya Ice Dilan , Rey Tony , Helabusador , JipMusic Global & dj honda",,,,"DICHAVATE Ya Ice Dilan , Rey Tony , Helabusador , JipMusic Global & dj honda"
2026-08-09,global,Global,top_videos_weekly,,33,https://i.ytimg.com/vi/asG7cwxi1sA/mqdefault.jpg,"Saiyaara 舒蕾亞·戈沙爾 , Arslan Nizami & Irshad Kamil",,,,"Saiyaara 舒蕾亞·戈沙爾 , Arslan Nizami & Irshad Kamil"
2026-08-09,global,Global,top_videos_weekly,,34,https://i.ytimg.com/vi/ko70cExuzZM/mqdefault.jpg,The Fate of Ophelia Taylor Swift,,,,The Fate of Ophelia Taylor Swift
2026-08-09,global,Global,top_videos_weekly,,35,https://i.ytimg.com/vi/BX0lKSa_PTk/mqdefault.jpg,Miss You Oliver Tree & Robin Schulz,,,,Miss You Oliver Tree & Robin Schulz
2026-08-09,global,Global,top_videos_weekly,,36,https://i.ytimg.com/vi/v5jVX0QYwQo/mqdefault.jpg,"Shararat Madhubanti Bagchi , 雅斯文·桑德拉斯 & 沙赫瓦特·薩赫迪夫",,,,"Shararat Madhubanti Bagchi , 雅斯文·桑德拉斯 & 沙赫瓦特·薩赫迪夫"
2026-08-09,global,Global,top_videos_weekly,,37,https://i.ytimg.com/vi/jWh-7JGuxTo/mqdefault.jpg,Ara Beni 荷黛絲·阿奇高茲,,,,Ara Beni 荷黛絲·阿奇高茲
2026-08-09,global,Global,top_videos_weekly,,38,https://i.ytimg.com/vi/Si9kWKnJKxE/mqdefault.jpg,2 ZOMBIE LAZARO,,"5月 21, 2026",6301021,"38 2 ZOMBIE LAZARO 5月 21, 2026 40 10 6,301,021"
2026-08-09,global,Global,top_videos_weekly,,39,https://i.ytimg.com/vi/-FBwd9cWJoQ/mqdefault.jpg,18 Kırgınım Blok3,,"6月 4, 2026",6300510,"39 18 Kırgınım Blok3 6月 4, 2026 57 8 6,300,510"
2026-08-09,global,Global,top_videos_weekly,,40,https://i.ytimg.com/vi/kXKhNI4DLHM/mqdefault.jpg,Hileli manifest & 艾達佩肯,,,,Hileli manifest & 艾達佩肯
2026-08-09,global,Global,top_videos_weekly,,41,https://i.ytimg.com/vi/NVLgkXylEuQ/mqdefault.jpg,"Cuando No Era Cantante (Remix) El Bogueto , Anuel AA , Fuerza Regida & Yung Beef",,,,"Cuando No Era Cantante (Remix) El Bogueto , Anuel AA , Fuerza Regida & Yung Beef"
2026-08-09,global,Global,top_videos_weekly,,42,https://i.ytimg.com/vi/Iz-nC59AIWc/mqdefault.jpg,UNA BABY EN SANTIAGO Lil Naay,,,,UNA BABY EN SANTIAGO Lil Naay
2026-08-09,global,Global,top_videos_weekly,,43,https://i.ytimg.com/vi/h_D3VFfhvs4/mqdefault.jpg,Smooth Criminal Michael Jackson,,,,Smooth Criminal Michael Jackson
2026-08-09,global,Global,top_videos_weekly,,44,https://i.ytimg.com/vi/SOJpE1KMUbo/mqdefault.jpg,Raindance 戴夫 & Tems,,,,Raindance 戴夫 & Tems
2026-08-09,global,Global,top_videos_weekly,,45,https://i.ytimg.com/vi/0pg0raFMNIU/mqdefault.jpg,Toz Pembe manifest,,,,Toz Pembe manifest
2026-08-09,global,Global,top_videos_weekly,,46,https://i.ytimg.com/vi/TX-1dI8t6WM/mqdefault.jpg,AMOR Emmanuel Cortes,,,,AMOR Emmanuel Cortes
2026-08-09,global,Global,top_videos_weekly,,47,https://i.ytimg.com/vi/GVizJ_jpUnw/mqdefault.jpg,"Gehra Hua Arijit Singh , Armaan Khan , 沙赫瓦特·薩赫迪夫 & Irshad Kamil",,,,"Gehra Hua Arijit Singh , Armaan Khan , 沙赫瓦特·薩赫迪夫 & Irshad Kamil"
2026-08-09,global,Global,top_videos_weekly,,48,https://i.ytimg.com/vi/6Db-cEgbmC4/mqdefault.jpg,"Mi Chico Jason Derulo , Melody & Dj Goja",,,,"Mi Chico Jason Derulo , Melody & Dj Goja"
2026-08-09,global,Global,top_videos_weekly,,49,https://i.ytimg.com/vi/-q_S27LbNKU/mqdefault.jpg,3 BAD ATEEZ,,"6月 25, 2026",5700668,"49 3 BAD ATEEZ 6月 25, 2026 46 5 5,700,668"
2026-08-09,global,Global,top_videos_weekly,,50,https://i.ytimg.com/vi/OMOGaugKpzs/mqdefault.jpg,Every Breath You Take The Police,,,,Every Breath You Take The Police
2026-08-09,global,Global,top_videos_weekly,,51,https://i.ytimg.com/vi/A7ShtPRP2Mc/mqdefault.jpg,Kayıp Kalp Blok3,,,,Kayıp Kalp Blok3
2026-08-09,global,Global,top_videos_weekly,,52,https://i.ytimg.com/vi/OPf0YbXqDm0/mqdefault.jpg,Uptown Funk Mark Ronson,,,,Uptown Funk Mark Ronson
2026-08-09,global,Global,top_videos_weekly,,53,https://i.ytimg.com/vi/16nZ6K7sim4/mqdefault.jpg,Y Que Fue? 唐·明嘉羅,,,,Y Que Fue? 唐·明嘉羅
2026-08-09,global,Global,top_videos_weekly,,54,https://i.ytimg.com/vi/gJAbDSse5WM/mqdefault.jpg,Tìm Em Hngle & Bảo Anh,,,,Tìm Em Hngle & Bảo Anh
2026-08-09,global,Global,top_videos_weekly,,55,https://i.ytimg.com/vi/djV11Xbc914/mqdefault.jpg,55 Take On Me a,ha,"1月 6, 2010",5248025,"55 55 Take On Me a-ha 1月 6, 2010 - 31 5,248,025"
2026-08-09,global,Global,top_videos_weekly,,56,https://i.ytimg.com/vi/0GnA8VYOfko/mqdefault.jpg,"Gut Genug KITSCHKRIEG , Blumengarten & 希琳·大衛",,,,"Gut Genug KITSCHKRIEG , Blumengarten & 希琳·大衛"
2026-08-09,global,Global,top_videos_weekly,,57,https://i.ytimg.com/vi/RBumgq5yVrA/mqdefault.jpg,Let Her Go Passenger,,,,Let Her Go Passenger
2026-08-09,global,Global,top_videos_weekly,,58,https://i.ytimg.com/vi/2rA2K0gwjoo/mqdefault.jpg,"ICONIC BY MISTAKE ILLIT , LE SSERAFIM & KATSEYE",,,,"ICONIC BY MISTAKE ILLIT , LE SSERAFIM & KATSEYE"
2026-08-09,global,Global,top_videos_weekly,,59,https://i.ytimg.com/vi/_Pk6xfju3l0/mqdefault.jpg,"ILLIT (아일릿) 'I Got Your Back (Feat. JISOO, MOMOKA of HANA)' Official MV ILLIT",,,,"ILLIT (아일릿) 'I Got Your Back (Feat. JISOO, MOMOKA of HANA)' Official MV ILLIT"
2026-08-09,global,Global,top_videos_weekly,,60,https://i.ytimg.com/vi/GEk4jHwfFTA/mqdefault.jpg,NORMAL 防彈少年團,,"7月 18, 2026",4824672,"60 New NORMAL 防彈少年團 7月 18, 2026 - 1 4,824,672"
2026-08-09,global,Global,top_videos_weekly,,61,https://i.ytimg.com/vi/82-jTNka3uc/mqdefault.jpg,hate that i made you love me Ariana Grande,,,,hate that i made you love me Ariana Grande
2026-08-09,global,Global,top_videos_weekly,,62,https://i.ytimg.com/vi/QHdajZktFEU/mqdefault.jpg,Bangles Sanju Rathod & G,SPXRK,,,Bangles Sanju Rathod & G-SPXRK
2026-08-09,global,Global,top_videos_weekly,,63,https://i.ytimg.com/vi/fPO76Jlnz6c/mqdefault.jpg,Gangsta's Paradise 小阿提斯・里昂・艾維,,,,Gangsta's Paradise 小阿提斯・里昂・艾維
2026-08-09,global,Global,top_videos_weekly,,64,https://i.ytimg.com/vi/rC-kbRanJQ0/mqdefault.jpg,"UDI UDI Hruday , Sarkar & Aneesh",,,,"UDI UDI Hruday , Sarkar & Aneesh"
2026-08-09,global,Global,top_videos_weekly,,65,https://i.ytimg.com/vi/ZcO4s0UU4Uk/mqdefault.jpg,"Kamar DJ Pe Manish Sonipat Aala , Bali Sharma & Vampire",,,,"Kamar DJ Pe Manish Sonipat Aala , Bali Sharma & Vampire"
2026-08-09,global,Global,top_videos_weekly,,66,https://i.ytimg.com/vi/NJ1NIIdHhXs/mqdefault.jpg,Bum Bum Bole Shaan & 阿米爾·罕,,,,Bum Bum Bole Shaan & 阿米爾·罕
2026-08-09,global,Global,top_videos_weekly,,67,https://i.ytimg.com/vi/lcOxhH8N3Bo/mqdefault.jpg,Total Eclipse of the Heart Bonnie Tyler,,,,Total Eclipse of the Heart Bonnie Tyler
2026-08-09,global,Global,top_videos_weekly,,68,https://i.ytimg.com/vi/hPZcZpNn3KY/mqdefault.jpg,Rana Ji 2.0 Ila Arun & Alka Yagnik,,,,Rana Ji 2.0 Ila Arun & Alka Yagnik
2026-08-09,global,Global,top_videos_weekly,,69,https://i.ytimg.com/vi/gdZLi9oWNZg/mqdefault.jpg,3 Dynamite 防彈少年團,,"8月 20, 2020",4554930,"69 3 Dynamite 防彈少年團 8月 20, 2020 72 54 4,554,930"
2026-08-09,global,Global,top_videos_weekly,,70,https://i.ytimg.com/vi/_qo2W3BcsiA/mqdefault.jpg,"Cuida do Pet Mc Willian , Mc Iguinho CT , Oldilla & Aaron Modesto",,,,"Cuida do Pet Mc Willian , Mc Iguinho CT , Oldilla & Aaron Modesto"
2026-08-09,global,Global,top_videos_weekly,,71,https://i.ytimg.com/vi/-gZylSjWtPo/mqdefault.jpg,Nach Nagin Jaisan Raushan Rohi & Khushi Kakkar,,,,Nach Nagin Jaisan Raushan Rohi & Khushi Kakkar
2026-08-09,global,Global,top_videos_weekly,,72,https://i.ytimg.com/vi/6zDfwVSvyEk/mqdefault.jpg,"Hellallallo Rakshita Suresh , A. R. Rahman & Varadaraj Chikkaballapura",,,,"Hellallallo Rakshita Suresh , A. R. Rahman & Varadaraj Chikkaballapura"
2026-08-09,global,Global,top_videos_weekly,,73,https://i.ytimg.com/vi/w2C6RhQBYlg/mqdefault.jpg,"No Me Conoce (Remix) Jhay Cortez , J·巴爾文 & 壞痞兔",,,,"No Me Conoce (Remix) Jhay Cortez , J·巴爾文 & 壞痞兔"
2026-08-09,global,Global,top_videos_weekly,,74,https://i.ytimg.com/vi/qN4ooNx77u0/mqdefault.jpg,Sign of the Times Harry Styles,,,,Sign of the Times Harry Styles
2026-08-09,global,Global,top_videos_weekly,,75,https://i.ytimg.com/vi/RO75uUZiAw0/mqdefault.jpg,12 Teh Hijau 圖魯斯,,"6月 29, 2026",4300712,"75 12 Teh Hijau 圖魯斯 6月 29, 2026 87 3 4,300,712"
2026-08-09,global,Global,top_videos_weekly,,76,https://i.ytimg.com/vi/2Vv-BfVoq4g/mqdefault.jpg,Perfect Ed Sheeran,,,,Perfect Ed Sheeran
2026-08-09,global,Global,top_videos_weekly,,77,https://i.ytimg.com/vi/AZuZzXvBesk/mqdefault.jpg,"আমের আঁচার Liyaz Md , Manashi Basak , Acoustic Dipankar , Anna Das & Ujjal Barman",,,,"আমের আঁচার Liyaz Md , Manashi Basak , Acoustic Dipankar , Anna Das & Ujjal Barman"
2026-08-09,global,Global,top_videos_weekly,,78,https://i.ytimg.com/vi/Ys7-6_t7OEQ/mqdefault.jpg,Beauty And A Beat Justin Bieber,,,,Beauty And A Beat Justin Bieber
2026-08-09,global,Global,top_videos_weekly,,79,https://i.ytimg.com/vi/xCkf2L7gFnI/mqdefault.jpg,De Lejitos (Remix) Jay Wheeler & Omar Courtz,,,,De Lejitos (Remix) Jay Wheeler & Omar Courtz
2026-08-09,global,Global,top_videos_weekly,,80,https://i.ytimg.com/vi/PkMKJEkE8Mo/mqdefault.jpg,4 Gnarly KATSEYE,,"5月 5, 2025",4122096,"80 4 Gnarly KATSEYE 5月 5, 2025 76 4 4,122,096"
2026-08-09,global,Global,top_videos_weekly,,81,https://i.ytimg.com/vi/jodJzaVZfj8/mqdefault.jpg,Pilé Mauvais Djo,,,,Pilé Mauvais Djo
2026-08-09,global,Global,top_videos_weekly,,82,https://i.ytimg.com/vi/jZGpkLElSu8/mqdefault.jpg,TQG KAROL G & Shakira,,,,TQG KAROL G & Shakira
2026-08-09,global,Global,top_videos_weekly,,83,https://i.ytimg.com/vi/LGWUmNnZ7WY/mqdefault.jpg,POR SI MAÑANA NO ESTOY Omar Courtz,,,,POR SI MAÑANA NO ESTOY Omar Courtz
2026-08-09,global,Global,top_videos_weekly,,84,https://i.ytimg.com/vi/9udS0mpi1L4/mqdefault.jpg,Udaarian 施廷德·薩爾塔,,,,Udaarian 施廷德·薩爾塔
2026-08-09,global,Global,top_videos_weekly,,85,https://i.ytimg.com/vi/GEucCNFsr84/mqdefault.jpg,6 يا حلو 亞當,,"7月 11, 2025",4065320,"85 6 يا حلو 亞當 7月 11, 2025 91 3 4,065,320"
2026-08-09,global,Global,top_videos_weekly,,86,https://i.ytimg.com/vi/_gyultVTesk/mqdefault.jpg,20 2.0 防彈少年團,,"4月 1, 2026",3997939,"86 20 2.0 防彈少年團 4月 1, 2026 66 18 3,997,939"
2026-08-09,global,Global,top_videos_weekly,,87,https://i.ytimg.com/vi/lg2i_HOIrfQ/mqdefault.jpg,Cha,cha ippocik & senur,,,Cha-cha ippocik & senur
2026-08-09,global,Global,top_videos_weekly,,88,https://i.ytimg.com/vi/9dV6Hl2u3vM/mqdefault.jpg,Neno Butterfly Sublahshini & G.V. Prakash Kumar,,,,Neno Butterfly Sublahshini & G.V. Prakash Kumar
2026-08-09,global,Global,top_videos_weekly,,89,https://i.ytimg.com/vi/pCPYb7KPoUc/mqdefault.jpg,4 Doma Jósean Log,,"10月 14, 2017",3961797,"89 4 Doma Jósean Log 10月 14, 2017 85 5 3,961,797"
2026-08-09,global,Global,top_videos_weekly,,90,https://i.ytimg.com/vi/rYEDA3JcQqw/mqdefault.jpg,Rolling in the Deep Adele,,,,Rolling in the Deep Adele
2026-08-09,global,Global,top_videos_weekly,,91,https://i.ytimg.com/vi/NqpnbSFprB4/mqdefault.jpg,Hurt Oliver Tree,,,,Hurt Oliver Tree
2026-08-09,global,Global,top_videos_weekly,,92,https://i.ytimg.com/vi/kG0z7hwY3as/mqdefault.jpg,92 Debut KATSEYE,,"7月 2, 2024",3907622,"92 92 Debut KATSEYE 7月 2, 2024 - 11 3,907,622"
2026-08-09,global,Global,top_videos_weekly,,93,https://i.ytimg.com/vi/wnJ6LuUFpMo/mqdefault.jpg,Mi Gente (Official Video) J. Balvin & Willy William & Lylloo,,,,Mi Gente (Official Video) J. Balvin & Willy William & Lylloo
2026-08-09,global,Global,top_videos_weekly,,94,https://i.ytimg.com/vi/Y0pdQU87dc8/mqdefault.jpg,(Everything I Do) I Do It For You Bryan Adams,,,,(Everything I Do) I Do It For You Bryan Adams
2026-08-09,global,Global,top_videos_weekly,,95,https://i.ytimg.com/vi/HL9VoQ-er_U/mqdefault.jpg,no tiene sentido Beéle,,,,no tiene sentido Beéle
2026-08-09,global,Global,top_videos_weekly,,96,https://i.ytimg.com/vi/TJAfLE39ZZ8/mqdefault.jpg,Back To Black Amy Winehouse,,,,Back To Black Amy Winehouse
2026-08-09,global,Global,top_videos_weekly,,97,https://i.ytimg.com/vi/5gwy0gcjIkI/mqdefault.jpg,Tere Sang Yaara 馬諾伊·蒙塔舍 & 阿蒂夫·阿斯拉姆,,,,Tere Sang Yaara 馬諾伊·蒙塔舍 & 阿蒂夫·阿斯拉姆
2026-08-09,global,Global,top_videos_weekly,,98,https://i.ytimg.com/vi/hTWKbfoikeg/mqdefault.jpg,Smells Like Teen Spirit Nirvana,,,,Smells Like Teen Spirit Nirvana
2026-08-09,global,Global,top_videos_weekly,,99,https://i.ytimg.com/vi/Oyw1Eo21q5k/mqdefault.jpg,Kabze Bintu Pabra & Shiva Choudhary,,,,Kabze Bintu Pabra & Shiva Choudhary
2026-08-09,global,Global,top_videos_weekly,,100,https://i.ytimg.com/vi/kTXilT_KbUM/mqdefault.jpg,TUM JO AAYE Rahat Fateh Ali Khan & Tulsi Kumar,,,,TUM JO AAYE Rahat Fateh Ali Khan & Tulsi Kumar
2026-08-09,tw,Taiwan,top_videos_weekly,,1,https://i.ytimg.com/vi/_IT83Y_HcAw/mqdefault.jpg,Less than a Lover JENNIE,,,,Less than a Lover JENNIE
2026-08-09,tw,Taiwan,top_videos_weekly,,2,https://i.ytimg.com/vi/i5YRIjxyJP8/mqdefault.jpg,2 太陽與地球 盧廣仲,,"9月 16, 2025",296120,"2 2 太陽與地球 盧廣仲 9月 16, 2025 4 15 296,120"
2026-08-09,tw,Taiwan,top_videos_weekly,,3,https://i.ytimg.com/vi/Qe8fa4b5xNU/mqdefault.jpg,Good Goodbye HWASA,,,,Good Goodbye HWASA
2026-08-09,tw,Taiwan,top_videos_weekly,,4,https://i.ytimg.com/vi/-q_S27LbNKU/mqdefault.jpg,3 BAD ATEEZ,,"6月 25, 2026",260282,"4 3 BAD ATEEZ 6月 25, 2026 7 5 260,282"
2026-08-09,tw,Taiwan,top_videos_weekly,,5,https://i.ytimg.com/vi/dRSZhZT6r-Y/mqdefault.jpg,3 沒有人像我 宇宙人,,"7月 2, 2026",254902,"5 3 沒有人像我 宇宙人 7月 2, 2026 2 4 254,902"
2026-08-09,tw,Taiwan,top_videos_weekly,,6,https://i.ytimg.com/vi/mpNKrWUhcy8/mqdefault.jpg,1 不愛就不愛 艾薇,,"12月 18, 2024",251489,"6 1 不愛就不愛 艾薇 12月 18, 2024 5 15 251,489"
2026-08-09,tw,Taiwan,top_videos_weekly,,7,https://i.ytimg.com/vi/GnSaLQTrvt0/mqdefault.jpg,Good Goodbye HWASA,,,,Good Goodbye HWASA
2026-08-09,tw,Taiwan,top_videos_weekly,,8,https://i.ytimg.com/vi/OkTlYjO6SNY/mqdefault.jpg,過了幾天 DIOR 大穎 & 郭家瑋,,,,過了幾天 DIOR 大穎 & 郭家瑋
2026-08-09,tw,Taiwan,top_videos_weekly,,9,https://i.ytimg.com/vi/yebNIHKAC4A/mqdefault.jpg,"Golden HUNTR/X , EJAE , AUDREY NUNA , REI AMI & KPop Demon Hunters Cast",,,,"Golden HUNTR/X , EJAE , AUDREY NUNA , REI AMI & KPop Demon Hunters Cast"
2026-08-09,tw,Taiwan,top_videos_weekly,,10,https://i.ytimg.com/vi/_G3Nu8q9Z9s/mqdefault.jpg,10 嘉宾 张远,,"6月 12, 2026",219140,"10 10 嘉宾 张远 6月 12, 2026 20 3 219,140"
2026-08-09,tw,Taiwan,top_videos_weekly,,11,https://i.ytimg.com/vi/X06y7ZuT7_Y/mqdefault.jpg,1 必巡 曾瑋中,,"6月 27, 2022",218318,"11 1 必巡 曾瑋中 6月 27, 2022 12 15 218,318"
2026-08-09,tw,Taiwan,top_videos_weekly,,12,https://i.ytimg.com/vi/inxzQt78lOk/mqdefault.jpg,KISS N TELL aespa,,,,KISS N TELL aespa
2026-08-09,tw,Taiwan,top_videos_weekly,,13,https://i.ytimg.com/vi/bMhDJ0S0OBA/mqdefault.jpg,3 It's Me ILLIT,,"4月 30, 2026",206213,"13 3 It's Me ILLIT 4月 30, 2026 10 14 206,213"
2026-08-09,tw,Taiwan,top_videos_weekly,,14,https://i.ytimg.com/vi/jeRu6h4XbUU/mqdefault.jpg,5 幸福在歌唱 A,Lin,"12月 26, 2025",199816,"14 5 幸福在歌唱 A-Lin 12月 26, 2025 9 15 199,816"
2026-08-09,tw,Taiwan,top_videos_weekly,,15,https://i.ytimg.com/vi/83C3TZ4Zm_o/mqdefault.jpg,2 LEMONADE aespa,,"5月 28, 2026",192903,"15 2 LEMONADE aespa 5月 28, 2026 13 9 192,903"
2026-08-09,tw,Taiwan,top_videos_weekly,,16,https://i.ytimg.com/vi/x3eqqoZPV_E/mqdefault.jpg,춤 (CHOOM) BABYMONSTER,,,,춤 (CHOOM) BABYMONSTER
2026-08-09,tw,Taiwan,top_videos_weekly,,17,https://i.ytimg.com/vi/376utoTabMI/mqdefault.jpg,看着我的眼睛说 张远 & 姚晓棠,,,,看着我的眼睛说 张远 & 姚晓棠
2026-08-09,tw,Taiwan,top_videos_weekly,,18,https://i.ytimg.com/vi/TT8vf1qi2uM/mqdefault.jpg,Dai dai Shakira & 伯納男孩,,,,Dai dai Shakira & 伯納男孩
2026-08-09,tw,Taiwan,top_videos_weekly,,19,https://i.ytimg.com/vi/naoGk-Zjc1s/mqdefault.jpg,SUGAR HONEY ICE TEA BABYMONSTER,,,,SUGAR HONEY ICE TEA BABYMONSTER
2026-08-09,tw,Taiwan,top_videos_weekly,,20,https://i.ytimg.com/vi/9cS2wv6AfHk/mqdefault.jpg,I LIKE IT BABYMONSTER,,,,I LIKE IT BABYMONSTER
2026-08-09,tw,Taiwan,top_videos_weekly,,21,https://i.ytimg.com/vi/3rB3n_XR23o/mqdefault.jpg,4 我不該動情 老板,,"7月 1, 2026",141175,"21 4 我不該動情 老板 7月 1, 2026 25 4 141,175"
2026-08-09,tw,Taiwan,top_videos_weekly,,22,https://i.ytimg.com/vi/fcnDmrtj6Sk/mqdefault.jpg,Dai Dai Shakira & Burna Boy,,,,Dai Dai Shakira & Burna Boy
2026-08-09,tw,Taiwan,top_videos_weekly,,23,https://i.ytimg.com/vi/osyH9yWWygA/mqdefault.jpg,1 All For You 周興哲,,"7月 16, 2026",132367,"23 1 All For You 周興哲 7月 16, 2026 24 2 132,367"
2026-08-09,tw,Taiwan,top_videos_weekly,,24,https://i.ytimg.com/vi/yd_uG3TtREs/mqdefault.jpg,PSYCHO BABYMONSTER,,,,PSYCHO BABYMONSTER
2026-08-09,tw,Taiwan,top_videos_weekly,,25,https://i.ytimg.com/vi/sQDBYHhCvps/mqdefault.jpg,11 綿綿無絕期 黃奇斌,,"7月 10, 2026",122050,"25 11 綿綿無絕期 黃奇斌 7月 10, 2026 14 3 122,050"
2026-08-09,tw,Taiwan,top_videos_weekly,,26,https://i.ytimg.com/vi/kCA93dLzKP4/mqdefault.jpg,4 一個人 A,Lin,"6月 11, 2026",121502,"26 4 一個人 A-Lin 6月 11, 2026 30 7 121,502"
2026-08-09,tw,Taiwan,top_videos_weekly,,27,https://i.ytimg.com/vi/IWB0xk9lR88/mqdefault.jpg,左轉燈 (,Times+1) 派偉俊,,1000,左轉燈 (1000 Times+1) 派偉俊
2026-08-09,tw,Taiwan,top_videos_weekly,,28,https://i.ytimg.com/vi/hm7Qw3yKclg/mqdefault.jpg,還是錯過他 王晴,,"7月 9, 2023",119818,"28 New 還是錯過他 王晴 7月 9, 2023 - 1 119,818"
2026-08-09,tw,Taiwan,top_videos_weekly,,29,https://i.ytimg.com/vi/ZIvWrKYdMQE/mqdefault.jpg,4 浪人的… 張震嶽,,"5月 13, 2025",105820,"29 4 浪人的… 張震嶽 5月 13, 2025 33 5 105,820"
2026-08-09,tw,Taiwan,top_videos_weekly,,30,https://i.ytimg.com/vi/Ys7-6_t7OEQ/mqdefault.jpg,Beauty And A Beat Justin Bieber,,,,Beauty And A Beat Justin Bieber
2026-08-09,tw,Taiwan,top_videos_weekly,,31,https://i.ytimg.com/vi/omRez5-bIpY/mqdefault.jpg,● 沒有人像我一樣 宇宙人,,"6月 23, 2026",102473,"31 ● 沒有人像我一樣 宇宙人 6月 23, 2026 31 5 102,473"
2026-08-09,tw,Taiwan,top_videos_weekly,,32,https://i.ytimg.com/vi/pRpeEdMmmQ0/mqdefault.jpg,Waka Waka Shakira,,,,Waka Waka Shakira
2026-08-09,tw,Taiwan,top_videos_weekly,,33,https://i.ytimg.com/vi/F7sGJVUrkjQ/mqdefault.jpg,RUDE! Hearts2Hearts,,,,RUDE! Hearts2Hearts
2026-08-09,tw,Taiwan,top_videos_weekly,,34,https://i.ytimg.com/vi/_Pk6xfju3l0/mqdefault.jpg,"ILLIT (아일릿) 'I Got Your Back (Feat. JISOO, MOMOKA of HANA)' Official MV ILLIT",,,,"ILLIT (아일릿) 'I Got Your Back (Feat. JISOO, MOMOKA of HANA)' Official MV ILLIT"
2026-08-09,tw,Taiwan,top_videos_weekly,,35,https://i.ytimg.com/vi/rfh1LtWmSC0/mqdefault.jpg,Super Daddy 玖壹壹,,"7月 27, 2026",95063,"35 New Super Daddy 玖壹壹 7月 27, 2026 - 1 95,063"
2026-08-09,tw,Taiwan,top_videos_weekly,,36,https://i.ytimg.com/vi/FB5-rPa5wBA/mqdefault.jpg,● 玻璃 Gareth.T,,"5月 20, 2026",93192,"36 ● 玻璃 Gareth.T 5月 20, 2026 36 10 93,192"
2026-08-09,tw,Taiwan,top_videos_weekly,,37,https://i.ytimg.com/vi/tkwD6DLp62k/mqdefault.jpg,2 我甘願重新愛過 玖壹壹,,"5月 20, 2026",91771,"37 2 我甘願重新愛過 玖壹壹 5月 20, 2026 39 11 91,771"
2026-08-09,tw,Taiwan,top_videos_weekly,,38,https://i.ytimg.com/vi/GEk4jHwfFTA/mqdefault.jpg,NORMAL 防彈少年團,,"7月 18, 2026",87123,"38 New NORMAL 防彈少年團 7月 18, 2026 - 1 87,123"
2026-08-09,tw,Taiwan,top_videos_weekly,,39,https://i.ytimg.com/vi/8F2s8ivKXNY/mqdefault.jpg,Life Goes On Oliver Tree,,,,Life Goes On Oliver Tree
2026-08-09,tw,Taiwan,top_videos_weekly,,40,https://i.ytimg.com/vi/_cTAlxWtmS4/mqdefault.jpg,2 如果我很平庸 陳華,,"6月 5, 2026",85421,"40 2 如果我很平庸 陳華 6月 5, 2026 38 8 85,421"
2026-08-09,tw,Taiwan,top_videos_weekly,,41,https://i.ytimg.com/vi/nEpF6ISYdM0/mqdefault.jpg,Why You Gonna Lie SKRpresents 陶山音樂,,,,Why You Gonna Lie SKRpresents 陶山音樂
2026-08-09,tw,Taiwan,top_videos_weekly,,42,https://i.ytimg.com/vi/kffacxfA7G4/mqdefault.jpg,Baby Justin Bieber,,,,Baby Justin Bieber
2026-08-09,tw,Taiwan,top_videos_weekly,,43,https://i.ytimg.com/vi/olODk6jhMhM/mqdefault.jpg,1 一個人想著一個人 曾沛慈,,"2月 17, 2013",82056,"43 1 一個人想著一個人 曾沛慈 2月 17, 2013 44 15 82,056"
2026-08-09,tw,Taiwan,top_videos_weekly,,44,https://i.ytimg.com/vi/QJa8TKXNavc/mqdefault.jpg,ChecK 孝琳,,"7月 22, 2026",79201,"44 New ChecK 孝琳 7月 22, 2026 - 1 79,201"
2026-08-09,tw,Taiwan,top_videos_weekly,,45,https://i.ytimg.com/vi/983bBbJx0Mk/mqdefault.jpg,"Soda Pop Saja Boys , Andrew Choi , Neckwav , Danny Chung , KEVIN WOO , samUIL Lee & KPop Demon Hunters Cast",,,,"Soda Pop Saja Boys , Andrew Choi , Neckwav , Danny Chung , KEVIN WOO , samUIL Lee & KPop Demon Hunters Cast"
2026-08-09,tw,Taiwan,top_videos_weekly,,46,https://i.ytimg.com/vi/GWO5pqEy-X0/mqdefault.jpg,5 陪你到這 陳華,,"4月 17, 2026",78306,"46 5 陪你到這 陳華 4月 17, 2026 41 15 78,306"
2026-08-09,tw,Taiwan,top_videos_weekly,,47,https://i.ytimg.com/vi/nLmLdA7u6w8/mqdefault.jpg,47 善後 马师傅,,"8月 2, 2025",78164,"47 47 善後 马师傅 8月 2, 2025 - 8 78,164"
2026-08-09,tw,Taiwan,top_videos_weekly,,48,https://i.ytimg.com/vi/ZZAi1l2tnEQ/mqdefault.jpg,48 過了幾天 郭家瑋,,"11月 21, 2024",77752,"48 48 過了幾天 郭家瑋 11月 21, 2024 - 2 77,752"
2026-08-09,tw,Taiwan,top_videos_weekly,,49,https://i.ytimg.com/vi/vEEpj8fTKwY/mqdefault.jpg,愛你但說不出口 Karencici,,,,愛你但說不出口 Karencici
2026-08-09,tw,Taiwan,top_videos_weekly,,50,https://i.ytimg.com/vi/Lz24PqZkF2s/mqdefault.jpg,HOT LIMIT T.M.Revolution,,,,HOT LIMIT T.M.Revolution
2026-08-09,tw,Taiwan,top_videos_weekly,,51,https://i.ytimg.com/vi/U6BDbXIah-Y/mqdefault.jpg,1 REDRED CORTIS,,"4月 20, 2026",73559,"51 1 REDRED CORTIS 4月 20, 2026 50 15 73,559"
2026-08-09,tw,Taiwan,top_videos_weekly,,52,https://i.ytimg.com/vi/BFAuO-mrhcA/mqdefault.jpg,10 有你有我 玖壹壹,,"6月 16, 2026",73050,"52 10 有你有我 玖壹壹 6月 16, 2026 42 7 73,050"
2026-08-09,tw,Taiwan,top_videos_weekly,,53,https://i.ytimg.com/vi/27C4pfRsf9g/mqdefault.jpg,"ICONIC BY MISTAKE LE SSERAFIM , ILLIT & KATSEYE",,,,"ICONIC BY MISTAKE LE SSERAFIM , ILLIT & KATSEYE"
2026-08-09,tw,Taiwan,top_videos_weekly,,54,https://i.ytimg.com/vi/zcGdKK_cQbE/mqdefault.jpg,Bad Apple!! but it's hololive Nerissa Ravencroft,,,,Bad Apple!! but it's hololive Nerissa Ravencroft
2026-08-09,tw,Taiwan,top_videos_weekly,,55,https://i.ytimg.com/vi/XJBCq-zUaF4/mqdefault.jpg,4 作陣彼一暝 阿吉仔,,"9月 23, 2016",68091,"55 4 作陣彼一暝 阿吉仔 9月 23, 2016 59 2 68,091"
2026-08-09,tw,Taiwan,top_videos_weekly,,56,https://i.ytimg.com/vi/IL4kqODLXDc/mqdefault.jpg,27 命運 雲汐,,"3月 19, 2024",67633,"56 27 命運 雲汐 3月 19, 2024 83 3 67,633"
2026-08-09,tw,Taiwan,top_videos_weekly,,57,https://i.ytimg.com/vi/NlqO1zHbRgw/mqdefault.jpg,22 踮起腳尖愛 晨悠CHENYO,,"8月 23, 2018",67349,"57 22 踮起腳尖愛 晨悠CHENYO 8月 23, 2018 35 4 67,349"
2026-08-09,tw,Taiwan,top_videos_weekly,,58,https://i.ytimg.com/vi/0GnA8VYOfko/mqdefault.jpg,"Gut Genug KITSCHKRIEG , Blumengarten & 希琳·大衛",,,,"Gut Genug KITSCHKRIEG , Blumengarten & 希琳·大衛"
2026-08-09,tw,Taiwan,top_videos_weekly,,59,https://i.ytimg.com/vi/6Ycn9qZK09I/mqdefault.jpg,Heavy Serenade NMIXX,,,,Heavy Serenade NMIXX
2026-08-09,tw,Taiwan,top_videos_weekly,,60,https://i.ytimg.com/vi/ApXoWvfEYVU/mqdefault.jpg,Sunflower Post Malone & Swae Lee,,,,Sunflower Post Malone & Swae Lee
2026-08-09,tw,Taiwan,top_videos_weekly,,61,https://i.ytimg.com/vi/ROpp1Kga2Dk/mqdefault.jpg,情結 YueYue,,"6月 20, 2025",63813,"61 New 情結 YueYue 6月 20, 2025 - 1 63,813"
2026-08-09,tw,Taiwan,top_videos_weekly,,62,https://i.ytimg.com/vi/tt_JXfBIiBM/mqdefault.jpg,8 搬家 張震嶽,,"6月 10, 2026",63205,"62 8 搬家 張震嶽 6月 10, 2026 54 7 63,205"
2026-08-09,tw,Taiwan,top_videos_weekly,,63,https://i.ytimg.com/vi/iJHmw94xtT4/mqdefault.jpg,Ye Xin Jia (Live) Rainie Yang & 黄霄雲,,,,Ye Xin Jia (Live) Rainie Yang & 黄霄雲
2026-08-09,tw,Taiwan,top_videos_weekly,,64,https://i.ytimg.com/vi/T24rF_x0TmQ/mqdefault.jpg,ヤラララ AnythingBecomeMoe,,,,ヤラララ AnythingBecomeMoe
2026-08-09,tw,Taiwan,top_videos_weekly,,65,https://i.ytimg.com/vi/lVjGxpH2tT0/mqdefault.jpg,2 講袂出喙的情話 許富凱,,"3月 31, 2026",61806,"65 2 講袂出喙的情話 許富凱 3月 31, 2026 63 15 61,806"
2026-08-09,tw,Taiwan,top_videos_weekly,,66,https://i.ytimg.com/vi/82-jTNka3uc/mqdefault.jpg,hate that i made you love me Ariana Grande,,,,hate that i made you love me Ariana Grande
2026-08-09,tw,Taiwan,top_videos_weekly,,67,https://i.ytimg.com/vi/QeKzfNfQEU8/mqdefault.jpg,第八大洋 陳華,,"7月 17, 2026",59509,"67 New 第八大洋 陳華 7月 17, 2026 - 1 59,509"
2026-08-09,tw,Taiwan,top_videos_weekly,,68,https://i.ytimg.com/vi/gJueqw1DPVs/mqdefault.jpg,1 請你保重 施文彬,,"12月 19, 2013",59458,"68 1 請你保重 施文彬 12月 19, 2013 67 4 59,458"
2026-08-09,tw,Taiwan,top_videos_weekly,,69,https://i.ytimg.com/vi/6lN51mwvuA8/mqdefault.jpg,5 Gg Ez M.Sasuke,,"5月 30, 2026",58724,"69 5 Gg Ez M.Sasuke 5月 30, 2026 64 4 58,724"
2026-08-09,tw,Taiwan,top_videos_weekly,,70,https://i.ytimg.com/vi/JU0e83SmTJ4/mqdefault.jpg,70 海嶼你 马也Crabbit,,"5月 15, 2026",58451,"70 70 海嶼你 马也Crabbit 5月 15, 2026 - 4 58,451"
2026-08-09,tw,Taiwan,top_videos_weekly,,71,https://i.ytimg.com/vi/QU9c0053UAU/mqdefault.jpg,Seven Jung Kook,,"7月 13, 2023",58216,"71 New Seven Jung Kook 7月 13, 2023 - 1 58,216"
2026-08-09,tw,Taiwan,top_videos_weekly,,72,https://i.ytimg.com/vi/FFjDEkZg-54/mqdefault.jpg,Gimme Dat Love (G)I,DLE,,,Gimme Dat Love (G)I-DLE
2026-08-09,tw,Taiwan,top_videos_weekly,,73,https://i.ytimg.com/vi/PIgH3PeeY6g/mqdefault.jpg,30 你咁擱愛我 林琇琪 & 沈建豪,,"7月 16, 2026",57126,"73 30 你咁擱愛我 林琇琪 & 沈建豪 7月 16, 2026 43 2 57,126"
2026-08-09,tw,Taiwan,top_videos_weekly,,74,https://i.ytimg.com/vi/C0ZEqCOygEY/mqdefault.jpg,只能到這裡 魚翔Yu Xiang,,,,只能到這裡 魚翔Yu Xiang
2026-08-09,tw,Taiwan,top_videos_weekly,,75,https://i.ytimg.com/vi/Gnn4GRSzRXI/mqdefault.jpg,BOOMPALA LE SSERAFIM,,,,BOOMPALA LE SSERAFIM
2026-08-09,tw,Taiwan,top_videos_weekly,,76,https://i.ytimg.com/vi/c6I9oVZII3g/mqdefault.jpg,借問愛情 陳思安,,"10月 4, 2016",56562,"76 New 借問愛情 陳思安 10月 4, 2016 - 1 56,562"
2026-08-09,tw,Taiwan,top_videos_weekly,,77,https://i.ytimg.com/vi/av8RjbM3aQ0/mqdefault.jpg,愛 請問怎麼走 愛貝克思 avex taiwan,,,,愛 請問怎麼走 愛貝克思 avex taiwan
2026-08-09,tw,Taiwan,top_videos_weekly,,78,https://i.ytimg.com/vi/4kXmfMMBx6g/mqdefault.jpg,第三惑星 tuki.,,"7月 23, 2026",56469,"78 New 第三惑星 tuki. 7月 23, 2026 - 1 56,469"
2026-08-09,tw,Taiwan,top_videos_weekly,,79,https://i.ytimg.com/vi/mcJB9H0Nvbc/mqdefault.jpg,8 繞路 A,Lin,"4月 29, 2026",56196,"79 8 繞路 A-Lin 4月 29, 2026 71 14 56,196"
2026-08-09,tw,Taiwan,top_videos_weekly,,80,https://i.ytimg.com/vi/Jf-0DeVIBl8/mqdefault.jpg,情話摻沙 翁立友(WENG LI YOU),,,,情話摻沙 翁立友(WENG LI YOU)
2026-08-09,tw,Taiwan,top_videos_weekly,,81,https://i.ytimg.com/vi/TmJ6iMvNfm0/mqdefault.jpg,14 為愛痴狂 金志文,,"6月 13, 2026",55407,"81 14 為愛痴狂 金志文 6月 13, 2026 95 2 55,407"
2026-08-09,tw,Taiwan,top_videos_weekly,,82,https://i.ytimg.com/vi/wIgduzASI6A/mqdefault.jpg,12 I Do 周杰倫,,"4月 1, 2026",55339,"82 12 I Do 周杰倫 4月 1, 2026 70 15 55,339"
2026-08-09,tw,Taiwan,top_videos_weekly,,83,https://i.ytimg.com/vi/gdZLi9oWNZg/mqdefault.jpg,Dynamite 防彈少年團,,"8月 20, 2020",54395,"83 New Dynamite 防彈少年團 8月 20, 2020 - 1 54,395"
2026-08-09,tw,Taiwan,top_videos_weekly,,84,https://i.ytimg.com/vi/_gyultVTesk/mqdefault.jpg,10 2.0 防彈少年團,,"4月 1, 2026",53630,"84 10 2.0 防彈少年團 4月 1, 2026 74 15 53,630"
2026-08-09,tw,Taiwan,top_videos_weekly,,85,https://i.ytimg.com/vi/Zi_XLOBDo_Y/mqdefault.jpg,Billie Jean Michael Jackson,,,,Billie Jean Michael Jackson
2026-08-09,tw,Taiwan,top_videos_weekly,,86,https://i.ytimg.com/vi/oRdxUFDoQe0/mqdefault.jpg,Beat It Michael Jackson,,,,Beat It Michael Jackson
2026-08-09,tw,Taiwan,top_videos_weekly,,87,https://i.ytimg.com/vi/QJO3ROT-A4E/mqdefault.jpg,What Makes You Beautiful One Direction,,,,What Makes You Beautiful One Direction
2026-08-09,tw,Taiwan,top_videos_weekly,,88,https://i.ytimg.com/vi/XIKz-AyYPCw/mqdefault.jpg,APT. (Live) ROSÉ & PSY,,,,APT. (Live) ROSÉ & PSY
2026-08-09,tw,Taiwan,top_videos_weekly,,89,https://i.ytimg.com/vi/nku5zFMZAdU/mqdefault.jpg,夢醒時分 陳淑樺,,"11月 17, 2013",52483,"89 New 夢醒時分 陳淑樺 11月 17, 2013 - 1 52,483"
2026-08-09,tw,Taiwan,top_videos_weekly,,90,https://i.ytimg.com/vi/ItSKahBISg0/mqdefault.jpg,7 캐치 캐치 YENA,,"3月 11, 2026",52415,"90 7 캐치 캐치 YENA 3月 11, 2026 97 15 52,415"
2026-08-09,tw,Taiwan,top_videos_weekly,,91,https://i.ytimg.com/vi/PXnhdl_URro/mqdefault.jpg,空心 光澤,,"9月 10, 2023",52200,"91 New 空心 光澤 9月 10, 2023 - 1 52,200"
2026-08-09,tw,Taiwan,top_videos_weekly,,92,https://i.ytimg.com/vi/SyAeCc0kXPI/mqdefault.jpg,Heard About Her FadingLoveSongs,,,,Heard About Her FadingLoveSongs
2026-08-09,tw,Taiwan,top_videos_weekly,,93,https://i.ytimg.com/vi/lOpdrEgmYzY/mqdefault.jpg,17 It's Me ILLIT,,"5月 6, 2026",51817,"93 17 It's Me ILLIT 5月 6, 2026 76 7 51,817"
2026-08-09,tw,Taiwan,top_videos_weekly,,94,https://i.ytimg.com/vi/rD2IXdpwmkc/mqdefault.jpg,12 租购 薛之謙,,"3月 20, 2025",51319,"94 12 租购 薛之謙 3月 20, 2025 82 4 51,319"
2026-08-09,tw,Taiwan,top_videos_weekly,,95,https://i.ytimg.com/vi/_VCU94B_Oig/mqdefault.jpg,95 再見 張震嶽,,"5月 28, 2012",50607,"95 95 再見 張震嶽 5月 28, 2012 - 3 50,607"
2026-08-09,tw,Taiwan,top_videos_weekly,,96,https://i.ytimg.com/vi/WJ_7K6LBets/mqdefault.jpg,31 做一個惜情軟心的人 蕭煌奇,,"7月 22, 2025",49850,"96 31 做一個惜情軟心的人 蕭煌奇 7月 22, 2025 65 5 49,850"
2026-08-09,tw,Taiwan,top_videos_weekly,,97,https://i.ytimg.com/vi/NOiyDlWl534/mqdefault.jpg,Catch Catch YENA,,,,Catch Catch YENA
2026-08-09,tw,Taiwan,top_videos_weekly,,98,https://i.ytimg.com/vi/fWNaR-rxAic/mqdefault.jpg,Call Me Maybe Carly Rae Jepsen,,,,Call Me Maybe Carly Rae Jepsen
2026-08-09,tw,Taiwan,top_videos_weekly,,99,https://i.ytimg.com/vi/Zb1sZ16uWBk/mqdefault.jpg,long for you Hyunjin & Stray Kids,,,,long for you Hyunjin & Stray Kids
2026-08-09,tw,Taiwan,top_videos_weekly,,100,https://i.ytimg.com/vi/x-SVAkOGfNY/mqdefault.jpg,都是你 PG One,,"4月 20, 2021",49257,"100 New 都是你 PG One 4月 20, 2021 - 1 49,257"
2026-08-09,jp,Japan,top_videos_weekly,,1,https://i.ytimg.com/vi/JofSrfFV4Kw/mqdefault.jpg,グッタイム (Live) Snow Man,,,,グッタイム (Live) Snow Man
2026-08-09,jp,Japan,top_videos_weekly,,2,https://i.ytimg.com/vi/Lz24PqZkF2s/mqdefault.jpg,HOT LIMIT T.M.Revolution,,,,HOT LIMIT T.M.Revolution
2026-08-09,jp,Japan,top_videos_weekly,,3,https://i.ytimg.com/vi/ZVUxJsPfoX8/mqdefault.jpg,● 好きすぎて滅！ M!LK,,"10月 27, 2025",1854697,"3 ● 好きすぎて滅！ M!LK 10月 27, 2025 3 40 1,854,697"
2026-08-09,jp,Japan,top_videos_weekly,,4,https://i.ytimg.com/vi/tpFDnOnOdSQ/mqdefault.jpg,● 爆裂愛してる M!LK,,"2月 18, 2026",1789412,"4 ● 爆裂愛してる M!LK 2月 18, 2026 4 24 1,789,412"
2026-08-09,jp,Japan,top_videos_weekly,,5,https://i.ytimg.com/vi/3C0EOqt7sqA/mqdefault.jpg,You!Joy!Parade! M!LK,,,,You!Joy!Parade! M!LK
2026-08-09,jp,Japan,top_videos_weekly,,6,https://i.ytimg.com/vi/bMhDJ0S0OBA/mqdefault.jpg,1 It's Me ILLIT,,"4月 30, 2026",1641967,"6 1 It's Me ILLIT 4月 30, 2026 7 13 1,641,967"
2026-08-09,jp,Japan,top_videos_weekly,,7,https://i.ytimg.com/vi/TfvYFX06Mes/mqdefault.jpg,真夜中のZOO (Live) ACEes,,,,真夜中のZOO (Live) ACEes
2026-08-09,jp,Japan,top_videos_weekly,,8,https://i.ytimg.com/vi/2I25AFSBm2g/mqdefault.jpg,3 夜の踊り子 魚韻,,"9月 26, 2015",1559019,"8 3 夜の踊り子 魚韻 9月 26, 2015 5 16 1,559,019"
2026-08-09,jp,Japan,top_videos_weekly,,9,https://i.ytimg.com/vi/KsHKaP50FBE/mqdefault.jpg,Yes! 東京 EBiDAN Ebisu Gakuen Boys Club,,,,Yes! 東京 EBiDAN Ebisu Gakuen Boys Club
2026-08-09,jp,Japan,top_videos_weekly,,10,https://i.ytimg.com/vi/YjPMupS1Lg4/mqdefault.jpg,1 烏 米津玄師,,"6月 18, 2026",1132155,"10 1 烏 米津玄師 6月 18, 2026 11 7 1,132,155"
2026-08-09,jp,Japan,top_videos_weekly,,11,https://i.ytimg.com/vi/e4M8z1xGTw0/mqdefault.jpg,アイドルパワー (Live) M!LK,,,,アイドルパワー (Live) M!LK
2026-08-09,jp,Japan,top_videos_weekly,,12,https://i.ytimg.com/vi/YM_YU8HVpWM/mqdefault.jpg,エアロピクルス KomeAnime,,,,エアロピクルス KomeAnime
2026-08-09,jp,Japan,top_videos_weekly,,13,https://i.ytimg.com/vi/vBmU5v2EyxM/mqdefault.jpg,HOT LIMIT T.M.Revolution,,,,HOT LIMIT T.M.Revolution
2026-08-09,jp,Japan,top_videos_weekly,,14,https://i.ytimg.com/vi/uWKFyDPajeo/mqdefault.jpg,"モエチャッカファイア ヒューゴ , 狛野真斗 , ライト & セヴェリアン",,,,"モエチャッカファイア ヒューゴ , 狛野真斗 , ライト & セヴェリアン"
2026-08-09,jp,Japan,top_videos_weekly,,15,https://i.ytimg.com/vi/3lOsboT-IWU/mqdefault.jpg,マイオンリー,My Only SixTONES,,,マイオンリー - My Only SixTONES
2026-08-09,jp,Japan,top_videos_weekly,,16,https://i.ytimg.com/vi/qFhspt7zsXg/mqdefault.jpg,BUGS LIFE Number_i,,,,BUGS LIFE Number_i
2026-08-09,jp,Japan,top_videos_weekly,,17,https://i.ytimg.com/vi/kcXKLaLNqww/mqdefault.jpg,しおざきわんだーらんど M!LK,,,,しおざきわんだーらんど M!LK
2026-08-09,jp,Japan,top_videos_weekly,,18,https://i.ytimg.com/vi/_Pk6xfju3l0/mqdefault.jpg,"ILLIT (아일릿) 'I Got Your Back (Feat. JISOO, MOMOKA of HANA)' Official MV ILLIT",,,,"ILLIT (아일릿) 'I Got Your Back (Feat. JISOO, MOMOKA of HANA)' Official MV ILLIT"
2026-08-09,jp,Japan,top_videos_weekly,,19,https://i.ytimg.com/vi/ufc54RdoitM/mqdefault.jpg,カリスマックス Snow Man,,,,カリスマックス Snow Man
2026-08-09,jp,Japan,top_videos_weekly,,20,https://i.ytimg.com/vi/l2jvIuTp534/mqdefault.jpg,11 夜鷹 米津玄師,,"7月 15, 2026",790500,"20 11 夜鷹 米津玄師 7月 15, 2026 9 3 790,500"
2026-08-09,jp,Japan,top_videos_weekly,,21,https://i.ytimg.com/vi/T24rF_x0TmQ/mqdefault.jpg,ヤラララ AnythingBecomeMoe,,,,ヤラララ AnythingBecomeMoe
2026-08-09,jp,Japan,top_videos_weekly,,22,https://i.ytimg.com/vi/Rgfo28qzFe8/mqdefault.jpg,THUNDERBIRD (Live) T.M.Revolution,,,,THUNDERBIRD (Live) T.M.Revolution
2026-08-09,jp,Japan,top_videos_weekly,,23,https://i.ytimg.com/vi/LmZD-TU96q4/mqdefault.jpg,2 IRIS OUT 米津玄師,,"9月 15, 2025",764137,"23 2 IRIS OUT 米津玄師 9月 15, 2025 21 46 764,137"
2026-08-09,jp,Japan,top_videos_weekly,,24,https://i.ytimg.com/vi/inxzQt78lOk/mqdefault.jpg,KISS N TELL aespa,,,,KISS N TELL aespa
2026-08-09,jp,Japan,top_videos_weekly,,25,https://i.ytimg.com/vi/I_6m6_Ylyd8/mqdefault.jpg,Missing BE:FIRST,,,,Missing BE:FIRST
2026-08-09,jp,Japan,top_videos_weekly,,26,https://i.ytimg.com/vi/Y6kCZTIkQw4/mqdefault.jpg,4 チラチLOVE M!LK,,"7月 3, 2026",683795,"26 4 チラチLOVE M!LK 7月 3, 2026 22 4 683,795"
2026-08-09,jp,Japan,top_videos_weekly,,27,https://i.ytimg.com/vi/TtAgxS48tyg/mqdefault.jpg,クエスチョン,Question meiyo,,,クエスチョン - Question meiyo
2026-08-09,jp,Japan,top_videos_weekly,,28,https://i.ytimg.com/vi/49xuoRZiLZ4/mqdefault.jpg,エアロピクルス KomeAnime,,,,エアロピクルス KomeAnime
2026-08-09,jp,Japan,top_videos_weekly,,29,https://i.ytimg.com/vi/fcnDmrtj6Sk/mqdefault.jpg,Dai Dai Shakira & Burna Boy,,,,Dai Dai Shakira & Burna Boy
2026-08-09,jp,Japan,top_videos_weekly,,30,https://i.ytimg.com/vi/gNg2Qw5R-Q4/mqdefault.jpg,セレナーデ,Serenade natori,,,セレナーデ - Serenade natori
2026-08-09,jp,Japan,top_videos_weekly,,31,https://i.ytimg.com/vi/-tKVN2mAKRI/mqdefault.jpg,打上花火,Fireworks DAOKO & 米津玄師,,,打上花火 - Fireworks DAOKO & 米津玄師
2026-08-09,jp,Japan,top_videos_weekly,,32,https://i.ytimg.com/vi/1DzBKtD3JzI/mqdefault.jpg,7 Five 嵐,,"3月 5, 2026",613688,"32 7 Five 嵐 3月 5, 2026 25 22 613,688"
2026-08-09,jp,Japan,top_videos_weekly,,33,https://i.ytimg.com/vi/pm3KrQ-HOZQ/mqdefault.jpg,好きすぎて滅 (Live) M!LK,,,,好きすぎて滅 (Live) M!LK
2026-08-09,jp,Japan,top_videos_weekly,,34,https://i.ytimg.com/vi/OHAjc-ayhus/mqdefault.jpg,3 あぶく YORUSHIKA,,"4月 24, 2026",587188,"34 3 あぶく YORUSHIKA 4月 24, 2026 37 14 587,188"
2026-08-09,jp,Japan,top_videos_weekly,,35,https://i.ytimg.com/vi/dEEd9HHEQE0/mqdefault.jpg,8 真・運命 M!LK,,"6月 17, 2026",580713,"35 8 真・運命 M!LK 6月 17, 2026 27 7 580,713"
2026-08-09,jp,Japan,top_videos_weekly,,36,https://i.ytimg.com/vi/MjeiIal1ZR0/mqdefault.jpg,lulu. Mrs. GREEN APPLE,,,,lulu. Mrs. GREEN APPLE
2026-08-09,jp,Japan,top_videos_weekly,,37,https://i.ytimg.com/vi/zz2a9Q2Wru0/mqdefault.jpg,6 AIZO King Gnu,,"1月 16, 2026",554497,"37 6 AIZO King Gnu 1月 16, 2026 43 28 554,497"
2026-08-09,jp,Japan,top_videos_weekly,,38,https://i.ytimg.com/vi/LM875jeR-PM/mqdefault.jpg,4 It's Me ILLIT,,"5月 7, 2026",551523,"38 4 It's Me ILLIT 5月 7, 2026 34 11 551,523"
2026-08-09,jp,Japan,top_videos_weekly,,39,https://i.ytimg.com/vi/nrGLxAWIUJo/mqdefault.jpg,BLOODY BULLET Juice=Juice,,,,BLOODY BULLET Juice=Juice
2026-08-09,jp,Japan,top_videos_weekly,,40,https://i.ytimg.com/vi/eAFzQwArpFM/mqdefault.jpg,Error,♡ CUTIE STREET,,404,Error404♡ CUTIE STREET
2026-08-09,jp,Japan,top_videos_weekly,,41,https://i.ytimg.com/vi/ViFHruS6oO8/mqdefault.jpg,おつかれSUMMER Halcali,,,,おつかれSUMMER Halcali
2026-08-09,jp,Japan,top_videos_weekly,,42,https://i.ytimg.com/vi/y40QhM40oR8/mqdefault.jpg,「告白 放克猴寶貝,,"7月 23, 2026",499275,"42 New 「告白 放克猴寶貝 7月 23, 2026 - 1 499,275"
2026-08-09,jp,Japan,top_videos_weekly,,43,https://i.ytimg.com/vi/nxLLYYgITzc/mqdefault.jpg,7 消えない花火 timelesz,,"6月 25, 2026",494337,"43 7 消えない花火 timelesz 6月 25, 2026 50 6 494,337"
2026-08-09,jp,Japan,top_videos_weekly,,44,https://i.ytimg.com/vi/VQmdUnlNnds/mqdefault.jpg,キュートなキューたい CUTIE STREET,,,,キュートなキューたい CUTIE STREET
2026-08-09,jp,Japan,top_videos_weekly,,45,https://i.ytimg.com/vi/lmYusdmVg28/mqdefault.jpg,Dance Forever SixTONES,,,,Dance Forever SixTONES
2026-08-09,jp,Japan,top_videos_weekly,,46,https://i.ytimg.com/vi/oWRCXGvcU9s/mqdefault.jpg,愛くださいませ NOT EQUAL ME,,,,愛くださいませ NOT EQUAL ME
2026-08-09,jp,Japan,top_videos_weekly,,47,https://i.ytimg.com/vi/sPLqsLsooJY/mqdefault.jpg,JANE DOE 米津玄師 & 宇多田光,,,,JANE DOE 米津玄師 & 宇多田光
2026-08-09,jp,Japan,top_videos_weekly,,48,https://i.ytimg.com/vi/_IT83Y_HcAw/mqdefault.jpg,Less than a Lover JENNIE,,,,Less than a Lover JENNIE
2026-08-09,jp,Japan,top_videos_weekly,,49,https://i.ytimg.com/vi/SfjSTlEHCSg/mqdefault.jpg,OBF Joe Rikiichi,,,,OBF Joe Rikiichi
2026-08-09,jp,Japan,top_videos_weekly,,50,https://i.ytimg.com/vi/wuGmYXkbASk/mqdefault.jpg,DEAR MY LOVER Hey! Say! JUMP,,,,DEAR MY LOVER Hey! Say! JUMP
2026-08-09,jp,Japan,top_videos_weekly,,51,https://i.ytimg.com/vi/IQN7mEwkFpQ/mqdefault.jpg,センセーション FRUITS ZIPPER,,,,センセーション FRUITS ZIPPER
2026-08-09,jp,Japan,top_videos_weekly,,52,https://i.ytimg.com/vi/lOpdrEgmYzY/mqdefault.jpg,8 It's Me ILLIT,,"5月 6, 2026",451301,"52 8 It's Me ILLIT 5月 6, 2026 44 9 451,301"
2026-08-09,jp,Japan,top_videos_weekly,,53,https://i.ytimg.com/vi/v4kWR_REDEU/mqdefault.jpg,分かっちゃいないね 花隈千冬 & monet,,,,分かっちゃいないね 花隈千冬 & monet
2026-08-09,jp,Japan,top_videos_weekly,,54,https://i.ytimg.com/vi/EXxaBXKjl6Q/mqdefault.jpg,HANABI Mr.Children,,,,HANABI Mr.Children
2026-08-09,jp,Japan,top_videos_weekly,,55,https://i.ytimg.com/vi/AuxeE6T5cZo/mqdefault.jpg,17 GOODKUN テセサク,,"7月 7, 2026",432640,"55 17 GOODKUN テセサク 7月 7, 2026 38 2 432,640"
2026-08-09,jp,Japan,top_videos_weekly,,56,https://i.ytimg.com/vi/gY-7i-T76o0/mqdefault.jpg,かげろう,Kagerou Vaundy,,,かげろう - Kagerou Vaundy
2026-08-09,jp,Japan,top_videos_weekly,,57,https://i.ytimg.com/vi/83C3TZ4Zm_o/mqdefault.jpg,4 LEMONADE aespa,,"5月 28, 2026",430387,"57 4 LEMONADE aespa 5月 28, 2026 53 9 430,387"
2026-08-09,jp,Japan,top_videos_weekly,,58,https://i.ytimg.com/vi/m34DPnRUfMU/mqdefault.jpg,青と夏 Mrs. GREEN APPLE,,,,青と夏 Mrs. GREEN APPLE
2026-08-09,jp,Japan,top_videos_weekly,,59,https://i.ytimg.com/vi/iqGHxcTPRfI/mqdefault.jpg,2 花火 aiko,,"2月 25, 2020",425359,"59 2 花火 aiko 2月 25, 2020 57 34 425,359"
2026-08-09,jp,Japan,top_videos_weekly,,60,https://i.ytimg.com/vi/-VKIqrvVOpo/mqdefault.jpg,ただ君に晴れ,Just a Sunny Day for You YORUSHIKA,,,ただ君に晴れ - Just a Sunny Day for You YORUSHIKA
2026-08-09,jp,Japan,top_videos_weekly,,61,https://i.ytimg.com/vi/dy90tA3TT1c/mqdefault.jpg,3 怪物 YOASOBI,,"1月 13, 2021",415410,"61 3 怪物 YOASOBI 1月 13, 2021 58 59 415,410"
2026-08-09,jp,Japan,top_videos_weekly,,62,https://i.ytimg.com/vi/-q_S27LbNKU/mqdefault.jpg,4 BAD ATEEZ,,"6月 25, 2026",409329,"62 4 BAD ATEEZ 6月 25, 2026 66 3 409,329"
2026-08-09,jp,Japan,top_videos_weekly,,63,https://i.ytimg.com/vi/oRdxUFDoQe0/mqdefault.jpg,Beat It Michael Jackson,,,,Beat It Michael Jackson
2026-08-09,jp,Japan,top_videos_weekly,,64,https://i.ytimg.com/vi/lYWFDKop744/mqdefault.jpg,しおざきわんだーらんど (塩﨑太智),Shiozaki Wonderland (Daichi Shiozaki) M!LK,,,しおざきわんだーらんど (塩﨑太智) - Shiozaki Wonderland (Daichi Shiozaki) M!LK
2026-08-09,jp,Japan,top_videos_weekly,,65,https://i.ytimg.com/vi/zcGdKK_cQbE/mqdefault.jpg,Bad Apple!! but it's hololive Nerissa Ravencroft,,,,Bad Apple!! but it's hololive Nerissa Ravencroft
2026-08-09,jp,Japan,top_videos_weekly,,66,https://i.ytimg.com/vi/4FOSHKro21k/mqdefault.jpg,きゃわぽっぴんどぅ iLiFE!,,,,きゃわぽっぴんどぅ iLiFE!
2026-08-09,jp,Japan,top_videos_weekly,,67,https://i.ytimg.com/vi/hmTET9uBh8A/mqdefault.jpg,未完成婚姻論 Dannie May,,,,未完成婚姻論 Dannie May
2026-08-09,jp,Japan,top_videos_weekly,,68,https://i.ytimg.com/vi/fRQtDjiRtI8/mqdefault.jpg,Secret Base,Kimi Ga Kureta Mono ZONE,,,Secret Base - Kimi Ga Kureta Mono ZONE
2026-08-09,jp,Japan,top_videos_weekly,,69,https://i.ytimg.com/vi/2vH0BXmgnlo/mqdefault.jpg,6 SUMMER SONG YUI,,"7月 23, 2023",315890,"69 6 SUMMER SONG YUI 7月 23, 2023 75 17 315,890"
2026-08-09,jp,Japan,top_videos_weekly,,70,https://i.ytimg.com/vi/9NJI7cLZ2Qg/mqdefault.jpg,風と町 Mrs. GREEN APPLE,,,,風と町 Mrs. GREEN APPLE
2026-08-09,jp,Japan,top_videos_weekly,,71,https://i.ytimg.com/vi/1ogGQW0lJSc/mqdefault.jpg,是非に及ばず (Live) 乃木坂46,,,,是非に及ばず (Live) 乃木坂46
2026-08-09,jp,Japan,top_videos_weekly,,72,https://i.ytimg.com/vi/pG__5f53GOw/mqdefault.jpg,君が眩しいから僕は星が見えない SIX LOUNGE,,,,君が眩しいから僕は星が見えない SIX LOUNGE
2026-08-09,jp,Japan,top_videos_weekly,,73,https://i.ytimg.com/vi/zbSQaKFjyXI/mqdefault.jpg,Drivin' My Life STARGLOW,,,,Drivin' My Life STARGLOW
2026-08-09,jp,Japan,top_videos_weekly,,74,https://i.ytimg.com/vi/XSkpuDseenY/mqdefault.jpg,13 さよならエレジー 菅田將暉,,"2月 6, 2018",303035,"74 13 さよならエレジー 菅田將暉 2月 6, 2018 87 65 303,035"
2026-08-09,jp,Japan,top_videos_weekly,,75,https://i.ytimg.com/vi/8dQrHdBAnhI/mqdefault.jpg,ReDreaming Angel 妄想エンジェル,,,,ReDreaming Angel 妄想エンジェル
2026-08-09,jp,Japan,top_videos_weekly,,76,https://i.ytimg.com/vi/pRpeEdMmmQ0/mqdefault.jpg,Waka Waka Shakira,,,,Waka Waka Shakira
2026-08-09,jp,Japan,top_videos_weekly,,77,https://i.ytimg.com/vi/xoBdZngf5Hs/mqdefault.jpg,6 Bad Girl HANA,,"3月 27, 2026",295119,"77 6 Bad Girl HANA 3月 27, 2026 83 18 295,119"
2026-08-09,jp,Japan,top_videos_weekly,,78,https://i.ytimg.com/vi/wZlv3qDPfjk/mqdefault.jpg,モエチャッカファイア,有點冷淡的鯊魚娘 issey,,,モエチャッカファイア - 有點冷淡的鯊魚娘 issey
2026-08-09,jp,Japan,top_videos_weekly,,79,https://i.ytimg.com/vi/GEk4jHwfFTA/mqdefault.jpg,NORMAL 防彈少年團,,"7月 18, 2026",287633,"79 New NORMAL 防彈少年團 7月 18, 2026 - 1 287,633"
2026-08-09,jp,Japan,top_videos_weekly,,80,https://i.ytimg.com/vi/Xz5tOyOafVc/mqdefault.jpg,どこまでも ～How Far I'll Go～ 屋比久知奈,,,,どこまでも ～How Far I'll Go～ 屋比久知奈
2026-08-09,jp,Japan,top_videos_weekly,,81,https://i.ytimg.com/vi/-WIyGsIMIr0/mqdefault.jpg,17 BPM Kvi Baba,,"7月 1, 2026",286710,"81 17 BPM Kvi Baba 7月 1, 2026 64 5 286,710"
2026-08-09,jp,Japan,top_videos_weekly,,82,https://i.ytimg.com/vi/ARj1adoUoEU/mqdefault.jpg,9 飛ぶ時 Vaundy,,"5月 30, 2026",277158,"82 9 飛ぶ時 Vaundy 5月 30, 2026 91 9 277,158"
2026-08-09,jp,Japan,top_videos_weekly,,83,https://i.ytimg.com/vi/rIlafJkuStk/mqdefault.jpg,5 会いにKiTE! iLiFE!,,"6月 27, 2026",274699,"83 5 会いにKiTE! iLiFE! 6月 27, 2026 78 5 274,699"
2026-08-09,jp,Japan,top_videos_weekly,,84,https://i.ytimg.com/vi/35dPYp1-nQo/mqdefault.jpg,So Honey King & Prince,,,,So Honey King & Prince
2026-08-09,jp,Japan,top_videos_weekly,,85,https://i.ytimg.com/vi/IPBXepn5jTA/mqdefault.jpg,若者のすべて(Wakamono No Subete) 富士纖維樂團,,,,若者のすべて(Wakamono No Subete) 富士纖維樂團
2026-08-09,jp,Japan,top_videos_weekly,,86,https://i.ytimg.com/vi/9cS2wv6AfHk/mqdefault.jpg,I LIKE IT BABYMONSTER,,,,I LIKE IT BABYMONSTER
2026-08-09,jp,Japan,top_videos_weekly,,87,https://i.ytimg.com/vi/Gnn4GRSzRXI/mqdefault.jpg,BOOMPALA LE SSERAFIM,,,,BOOMPALA LE SSERAFIM
2026-08-09,jp,Japan,top_videos_weekly,,88,https://i.ytimg.com/vi/9lVPAWLWtWc/mqdefault.jpg,花に亡霊,Ghost in a Flower YORUSHIKA,,,花に亡霊 - Ghost in a Flower YORUSHIKA
2026-08-09,jp,Japan,top_videos_weekly,,89,https://i.ytimg.com/vi/uy_BaRBJIzQ/mqdefault.jpg,わたがし back number,,,,わたがし back number
2026-08-09,jp,Japan,top_videos_weekly,,90,https://i.ytimg.com/vi/0beWrfj7AvE/mqdefault.jpg,ガチ夢中！,GACHI MUCHU！ 超特急,,,ガチ夢中！ - GACHI MUCHU！ 超特急
2026-08-09,jp,Japan,top_videos_weekly,,91,https://i.ytimg.com/vi/8F2s8ivKXNY/mqdefault.jpg,Life Goes On Oliver Tree,,,,Life Goes On Oliver Tree
2026-08-09,jp,Japan,top_videos_weekly,,92,https://i.ytimg.com/vi/Zi_XLOBDo_Y/mqdefault.jpg,Billie Jean Michael Jackson,,,,Billie Jean Michael Jackson
2026-08-09,jp,Japan,top_videos_weekly,,93,https://i.ytimg.com/vi/_gyultVTesk/mqdefault.jpg,11 2.0 防彈少年團,,"4月 1, 2026",254770,"93 11 2.0 防彈少年團 4月 1, 2026 82 18 254,770"
2026-08-09,jp,Japan,top_videos_weekly,,94,https://i.ytimg.com/vi/VEiBxLwfU3E/mqdefault.jpg,94 オドロウゼ！ Snow Man,,"2月 23, 2026",254444,"94 94 オドロウゼ！ Snow Man 2月 23, 2026 - 16 254,444"
2026-08-09,jp,Japan,top_videos_weekly,,95,https://i.ytimg.com/vi/ivV2QPOYxSo/mqdefault.jpg,なつまつり Jitterin' Jinn,,,,なつまつり Jitterin' Jinn
2026-08-09,jp,Japan,top_videos_weekly,,96,https://i.ytimg.com/vi/aPqijlZlCVg/mqdefault.jpg,いちご Got it,Strawberry Got it WEDNESDAY CAMPANELLA,,,いちご Got it - Strawberry Got it WEDNESDAY CAMPANELLA
2026-08-09,jp,Japan,top_videos_weekly,,97,https://i.ytimg.com/vi/OSeSYGiDf9w/mqdefault.jpg,うそつきマカロン,Liar Macaron bouinboushokup,,,うそつきマカロン - Liar Macaron bouinboushokup
2026-08-09,jp,Japan,top_videos_weekly,,98,https://i.ytimg.com/vi/naoGk-Zjc1s/mqdefault.jpg,SUGAR HONEY ICE TEA BABYMONSTER,,,,SUGAR HONEY ICE TEA BABYMONSTER
2026-08-09,jp,Japan,top_videos_weekly,,99,https://i.ytimg.com/vi/66T4PgpJDn8/mqdefault.jpg,クラクラ☆クライマックス (Live) Juice=Juice,,,,クラクラ☆クライマックス (Live) Juice=Juice
2026-08-09,jp,Japan,top_videos_weekly,,100,https://i.ytimg.com/vi/x3eqqoZPV_E/mqdefault.jpg,춤 (CHOOM) BABYMONSTER,,,,춤 (CHOOM) BABYMONSTER
2026-08-09,kr,South Korea,top_videos_weekly,,1,https://i.ytimg.com/vi/_IT83Y_HcAw/mqdefault.jpg,Less than a Lover JENNIE,,,,Less than a Lover JENNIE
2026-08-09,kr,South Korea,top_videos_weekly,,2,https://i.ytimg.com/vi/Jxgbfc89hNI/mqdefault.jpg,1 Suddenly I.O.I,,"5月 19, 2026",534828,"2 1 Suddenly I.O.I 5月 19, 2026 3 11 534,828"
2026-08-09,kr,South Korea,top_videos_weekly,,3,https://i.ytimg.com/vi/-q_S27LbNKU/mqdefault.jpg,1 BAD ATEEZ,,"6月 25, 2026",514308,"3 1 BAD ATEEZ 6月 25, 2026 4 5 514,308"
2026-08-09,kr,South Korea,top_videos_weekly,,4,https://i.ytimg.com/vi/9XttLI0oH0I/mqdefault.jpg,LOVE ATTACK RESCENE,,,,LOVE ATTACK RESCENE
2026-08-09,kr,South Korea,top_videos_weekly,,5,https://i.ytimg.com/vi/bMhDJ0S0OBA/mqdefault.jpg,1 It's Me ILLIT,,"4月 30, 2026",493430,"5 1 It's Me ILLIT 4月 30, 2026 6 14 493,430"
2026-08-09,kr,South Korea,top_videos_weekly,,6,https://i.ytimg.com/vi/GnSaLQTrvt0/mqdefault.jpg,Good Goodbye HWASA,,,,Good Goodbye HWASA
2026-08-09,kr,South Korea,top_videos_weekly,,7,https://i.ytimg.com/vi/sLk8zWUuYTA/mqdefault.jpg,Vitamin ME fromis_9,,,,Vitamin ME fromis_9
2026-08-09,kr,South Korea,top_videos_weekly,,8,https://i.ytimg.com/vi/uh_DpK2xFiE/mqdefault.jpg,Mi,cheo Mi cheo Picheolin,,,Mi-cheo Mi-cheo Picheolin
2026-08-09,kr,South Korea,top_videos_weekly,,9,https://i.ytimg.com/vi/qZlu2j2SiBA/mqdefault.jpg,Pretty Girl RESCENE,,,,Pretty Girl RESCENE
2026-08-09,kr,South Korea,top_videos_weekly,,10,https://i.ytimg.com/vi/7LjFAoWvsbE/mqdefault.jpg,Walking with you 滑川康男,,,,Walking with you 滑川康男
2026-08-09,kr,South Korea,top_videos_weekly,,11,https://i.ytimg.com/vi/83C3TZ4Zm_o/mqdefault.jpg,2 LEMONADE aespa,,"5月 28, 2026",355353,"11 2 LEMONADE aespa 5月 28, 2026 9 9 355,353"
2026-08-09,kr,South Korea,top_videos_weekly,,12,https://i.ytimg.com/vi/ZbO9PBdFRdc/mqdefault.jpg,3 Deja Vu RESCENE,,"7月 2, 2025",315535,"12 3 Deja Vu RESCENE 7月 2, 2025 15 11 315,535"
2026-08-09,kr,South Korea,top_videos_weekly,,13,https://i.ytimg.com/vi/sFK89gemgKM/mqdefault.jpg,Eternal Moment 任英雄,,,,Eternal Moment 任英雄
2026-08-09,kr,South Korea,top_videos_weekly,,14,https://i.ytimg.com/vi/Qe8fa4b5xNU/mqdefault.jpg,Good Goodbye HWASA,,,,Good Goodbye HWASA
2026-08-09,kr,South Korea,top_videos_weekly,,15,https://i.ytimg.com/vi/D54StAZFUrc/mqdefault.jpg,Paradise of Rumors AKMU,,,,Paradise of Rumors AKMU
2026-08-09,kr,South Korea,top_videos_weekly,,16,https://i.ytimg.com/vi/XPUOHpkRAxg/mqdefault.jpg,3 마음의 숲 조선힙합,,"4月 9, 2026",279419,"16 3 마음의 숲 조선힙합 4月 9, 2026 19 10 279,419"
2026-08-09,kr,South Korea,top_videos_weekly,,17,https://i.ytimg.com/vi/inxzQt78lOk/mqdefault.jpg,KISS N TELL aespa,,,,KISS N TELL aespa
2026-08-09,kr,South Korea,top_videos_weekly,,18,https://i.ytimg.com/vi/QJa8TKXNavc/mqdefault.jpg,24 ChecK 孝琳,,"7月 22, 2026",274626,"18 24 ChecK 孝琳 7月 22, 2026 42 2 274,626"
2026-08-09,kr,South Korea,top_videos_weekly,,19,https://i.ytimg.com/vi/F7sGJVUrkjQ/mqdefault.jpg,RUDE! Hearts2Hearts,,,,RUDE! Hearts2Hearts
2026-08-09,kr,South Korea,top_videos_weekly,,20,https://i.ytimg.com/vi/Ot1wUyuE3Vo/mqdefault.jpg,Kids Return idntt,,,,Kids Return idntt
2026-08-09,kr,South Korea,top_videos_weekly,,21,https://i.ytimg.com/vi/H0GbvPY_Yl8/mqdefault.jpg,5 만찬가 TAEYEON,,"6月 29, 2026",254255,"21 5 만찬가 TAEYEON 6月 29, 2026 16 5 254,255"
2026-08-09,kr,South Korea,top_videos_weekly,,22,https://i.ytimg.com/vi/T24rF_x0TmQ/mqdefault.jpg,ヤラララ AnythingBecomeMoe,,,,ヤラララ AnythingBecomeMoe
2026-08-09,kr,South Korea,top_videos_weekly,,23,https://i.ytimg.com/vi/yebNIHKAC4A/mqdefault.jpg,"Golden HUNTR/X , EJAE , AUDREY NUNA , REI AMI & KPop Demon Hunters Cast",,,,"Golden HUNTR/X , EJAE , AUDREY NUNA , REI AMI & KPop Demon Hunters Cast"
2026-08-09,kr,South Korea,top_videos_weekly,,24,https://i.ytimg.com/vi/h0KIWaUEIgQ/mqdefault.jpg,사랑하게 될 거야 HANRORO,,,,사랑하게 될 거야 HANRORO
2026-08-09,kr,South Korea,top_videos_weekly,,25,https://i.ytimg.com/vi/BgPBgTEvi08/mqdefault.jpg,ニャニャニャチュニャ TAK,,"7月 26, 2026",222804,"25 New ニャニャニャチュニャ TAK 7月 26, 2026 - 1 222,804"
2026-08-09,kr,South Korea,top_videos_weekly,,26,https://i.ytimg.com/vi/AtA2V44z0nU/mqdefault.jpg,Paradise ~ I need you ~ cosmosy,,,,Paradise ~ I need you ~ cosmosy
2026-08-09,kr,South Korea,top_videos_weekly,,27,https://i.ytimg.com/vi/30hZXHeB85U/mqdefault.jpg,5 ULSSIGU 任英雄,,"9月 14, 2025",217454,"27 5 ULSSIGU 任英雄 9月 14, 2025 32 46 217,454"
2026-08-09,kr,South Korea,top_videos_weekly,,28,https://i.ytimg.com/vi/kV1wN-xWd3E/mqdefault.jpg,When We DISCO 선미 (SUNMI) & 朴軫永,,,,When We DISCO 선미 (SUNMI) & 朴軫永
2026-08-09,kr,South Korea,top_videos_weekly,,29,https://i.ytimg.com/vi/_Pk6xfju3l0/mqdefault.jpg,"ILLIT (아일릿) 'I Got Your Back (Feat. JISOO, MOMOKA of HANA)' Official MV ILLIT",,,,"ILLIT (아일릿) 'I Got Your Back (Feat. JISOO, MOMOKA of HANA)' Official MV ILLIT"
2026-08-09,kr,South Korea,top_videos_weekly,,30,https://i.ytimg.com/vi/U6BDbXIah-Y/mqdefault.jpg,7 REDRED CORTIS,,"4月 20, 2026",209583,"30 7 REDRED CORTIS 4月 20, 2026 23 15 209,583"
2026-08-09,kr,South Korea,top_videos_weekly,,31,https://i.ytimg.com/vi/hrkELy64_zA/mqdefault.jpg,Please Summer! 볼빨간사춘기 BOL4,,,,Please Summer! 볼빨간사춘기 BOL4
2026-08-09,kr,South Korea,top_videos_weekly,,32,https://i.ytimg.com/vi/5hL7uPsISY0/mqdefault.jpg,6 그냥 해 조선힙합,,"6月 16, 2026",204126,"32 6 그냥 해 조선힙합 6月 16, 2026 38 6 204,126"
2026-08-09,kr,South Korea,top_videos_weekly,,33,https://i.ytimg.com/vi/4sOVtBDPTwM/mqdefault.jpg,2 ULLSIGU 任英雄,,"9月 25, 2025",199620,"33 2 ULLSIGU 任英雄 9月 25, 2025 31 44 199,620"
2026-08-09,kr,South Korea,top_videos_weekly,,34,https://i.ytimg.com/vi/vYq_Xzj8HUM/mqdefault.jpg,5 Hit 'Em MEOVV,,"6月 11, 2026",199201,"34 5 Hit 'Em MEOVV 6月 11, 2026 39 6 199,201"
2026-08-09,kr,South Korea,top_videos_weekly,,35,https://i.ytimg.com/vi/6lN51mwvuA8/mqdefault.jpg,5 Gg Ez M.Sasuke,,"5月 30, 2026",197400,"35 5 Gg Ez M.Sasuke 5月 30, 2026 40 5 197,400"
2026-08-09,kr,South Korea,top_videos_weekly,,36,https://i.ytimg.com/vi/8Cm-7oCq9HA/mqdefault.jpg,9 PPPP TAK,,"9月 17, 2025",181863,"36 9 PPPP TAK 9月 17, 2025 45 33 181,863"
2026-08-09,kr,South Korea,top_videos_weekly,,37,https://i.ytimg.com/vi/XKZIQlqVjjk/mqdefault.jpg,승인해주세요 지니님! 카사네 테토 & Una Otomachi,,,,승인해주세요 지니님! 카사네 테토 & Una Otomachi
2026-08-09,kr,South Korea,top_videos_weekly,,38,https://i.ytimg.com/vi/XIKz-AyYPCw/mqdefault.jpg,APT. (Live) ROSÉ & PSY,,,,APT. (Live) ROSÉ & PSY
2026-08-09,kr,South Korea,top_videos_weekly,,39,https://i.ytimg.com/vi/4L_YopHT3Gg/mqdefault.jpg,돌아보지 마세요 Lim Young,woong,,,돌아보지 마세요 Lim Young-woong
2026-08-09,kr,South Korea,top_videos_weekly,,40,https://i.ytimg.com/vi/Zb1sZ16uWBk/mqdefault.jpg,long for you Hyunjin & Stray Kids,,,,long for you Hyunjin & Stray Kids
2026-08-09,kr,South Korea,top_videos_weekly,,41,https://i.ytimg.com/vi/YcxhmHEykPg/mqdefault.jpg,Execution Clap TRAP CHICK,,,,Execution Clap TRAP CHICK
2026-08-09,kr,South Korea,top_videos_weekly,,42,https://i.ytimg.com/vi/1VqxWNwgf5Q/mqdefault.jpg,Lemon Tang Hearts2Hearts,,,,Lemon Tang Hearts2Hearts
2026-08-09,kr,South Korea,top_videos_weekly,,43,https://i.ytimg.com/vi/PuWwh0w4z7c/mqdefault.jpg,Stagefright 8TURN,,,,Stagefright 8TURN
2026-08-09,kr,South Korea,top_videos_weekly,,44,https://i.ytimg.com/vi/ylTuLv9iDmY/mqdefault.jpg,A SONG FOR US Lim Young,woong,,,A SONG FOR US Lim Young-woong
2026-08-09,kr,South Korea,top_videos_weekly,,45,https://i.ytimg.com/vi/VDdLF1YubI0/mqdefault.jpg,プロポーズ,Propose natori,,,プロポーズ - Propose natori
2026-08-09,kr,South Korea,top_videos_weekly,,46,https://i.ytimg.com/vi/UsjsYMo3O1Q/mqdefault.jpg,Brain Rot Tokyo Manaka,,,,Brain Rot Tokyo Manaka
2026-08-09,kr,South Korea,top_videos_weekly,,47,https://i.ytimg.com/vi/QucgeRwuA5Q/mqdefault.jpg,Apple Juice choyy,,,,Apple Juice choyy
2026-08-09,kr,South Korea,top_videos_weekly,,48,https://i.ytimg.com/vi/yEHkBifsHPY/mqdefault.jpg,48 그댈 위한 멜로디 任英雄,,"11月 18, 2025",154831,"48 48 그댈 위한 멜로디 任英雄 11月 18, 2025 - 32 154,831"
2026-08-09,kr,South Korea,top_videos_weekly,,49,https://i.ytimg.com/vi/oMK1cYhIVwg/mqdefault.jpg,28 NAPAL BAJI PSY,,"7月 5, 2026",148744,"49 28 NAPAL BAJI PSY 7月 5, 2026 21 4 148,744"
2026-08-09,kr,South Korea,top_videos_weekly,,50,https://i.ytimg.com/vi/W9SBhNLTDVw/mqdefault.jpg,Shut The Door Young K,,,,Shut The Door Young K
2026-08-09,kr,South Korea,top_videos_weekly,,51,https://i.ytimg.com/vi/ApXoWvfEYVU/mqdefault.jpg,Sunflower Post Malone & Swae Lee,,,,Sunflower Post Malone & Swae Lee
2026-08-09,kr,South Korea,top_videos_weekly,,52,https://i.ytimg.com/vi/NOiyDlWl534/mqdefault.jpg,Catch Catch YENA,,,,Catch Catch YENA
2026-08-09,kr,South Korea,top_videos_weekly,,53,https://i.ytimg.com/vi/kbNdx0yqbZE/mqdefault.jpg,5 モニタリング DECO*27,,"11月 22, 2024",132311,"53 5 モニタリング DECO*27 11月 22, 2024 58 34 132,311"
2026-08-09,kr,South Korea,top_videos_weekly,,54,https://i.ytimg.com/vi/KVkHH2rm_Ys/mqdefault.jpg,여우야 成始璄,,"7月 27, 2026",127510,"54 New 여우야 成始璄 7月 27, 2026 - 1 127,510"
2026-08-09,kr,South Korea,top_videos_weekly,,55,https://i.ytimg.com/vi/6Ycn9qZK09I/mqdefault.jpg,Heavy Serenade NMIXX,,,,Heavy Serenade NMIXX
2026-08-09,kr,South Korea,top_videos_weekly,,56,https://i.ytimg.com/vi/4U5IFkYRryM/mqdefault.jpg,Please Summer! 1theK Live,원더케이 라이브,,,Please Summer! 1theK Live - 원더케이 라이브
2026-08-09,kr,South Korea,top_videos_weekly,,57,https://i.ytimg.com/vi/fcnDmrtj6Sk/mqdefault.jpg,Dai Dai Shakira & Burna Boy,,,,Dai Dai Shakira & Burna Boy
2026-08-09,kr,South Korea,top_videos_weekly,,58,https://i.ytimg.com/vi/SNn_H_Q2moo/mqdefault.jpg,"기쁨, 슬픔, 아름다운 마음 樂童音樂家",,,,"기쁨, 슬픔, 아름다운 마음 樂童音樂家"
2026-08-09,kr,South Korea,top_videos_weekly,,59,https://i.ytimg.com/vi/1cKc1rkZwf8/mqdefault.jpg,11 It's Art PSY,,"2月 7, 2011",113340,"59 11 It's Art PSY 2月 7, 2011 70 6 113,340"
2026-08-09,kr,South Korea,top_videos_weekly,,60,https://i.ytimg.com/vi/9bZkp7q19f0/mqdefault.jpg,Gangnam Style PSY,,,,Gangnam Style PSY
2026-08-09,kr,South Korea,top_videos_weekly,,61,https://i.ytimg.com/vi/Gnn4GRSzRXI/mqdefault.jpg,BOOMPALA LE SSERAFIM,,,,BOOMPALA LE SSERAFIM
2026-08-09,kr,South Korea,top_videos_weekly,,62,https://i.ytimg.com/vi/LM875jeR-PM/mqdefault.jpg,5 It's Me ILLIT,,"5月 7, 2026",104000,"62 5 It's Me ILLIT 5月 7, 2026 57 12 104,000"
2026-08-09,kr,South Korea,top_videos_weekly,,63,https://i.ytimg.com/vi/x3eqqoZPV_E/mqdefault.jpg,춤 (CHOOM) BABYMONSTER,,,,춤 (CHOOM) BABYMONSTER
2026-08-09,kr,South Korea,top_videos_weekly,,64,https://i.ytimg.com/vi/HhurvenKjo0/mqdefault.jpg,"Don’t Leave Me, Don’t Leave Me 朴軫永",,,,"Don’t Leave Me, Don’t Leave Me 朴軫永"
2026-08-09,kr,South Korea,top_videos_weekly,,65,https://i.ytimg.com/vi/GEk4jHwfFTA/mqdefault.jpg,NORMAL 防彈少年團,,"7月 18, 2026",100203,"65 New NORMAL 防彈少年團 7月 18, 2026 - 1 100,203"
2026-08-09,kr,South Korea,top_videos_weekly,,66,https://i.ytimg.com/vi/vrY1THC_NQE/mqdefault.jpg,Champions iShowSpeed,,,,Champions iShowSpeed
2026-08-09,kr,South Korea,top_videos_weekly,,67,https://i.ytimg.com/vi/PxmKaXqeK2s/mqdefault.jpg,12 너의 차선 조선힙합,,"5月 21, 2026",97589,"67 12 너의 차선 조선힙합 5月 21, 2026 79 5 97,589"
2026-08-09,kr,South Korea,top_videos_weekly,,68,https://i.ytimg.com/vi/_ShB5lqFOBs/mqdefault.jpg,Genie Magic FIFTY FIFTY,,,,Genie Magic FIFTY FIFTY
2026-08-09,kr,South Korea,top_videos_weekly,,69,https://i.ytimg.com/vi/_KUgWZQEinE/mqdefault.jpg,41 사고쳤어요 V.O.S,,"7月 19, 2026",96800,"69 41 사고쳤어요 V.O.S 7月 19, 2026 28 2 96,800"
2026-08-09,kr,South Korea,top_videos_weekly,,70,https://i.ytimg.com/vi/RgKAFK5djSk/mqdefault.jpg,See You Again Wiz Khalifa,,,,See You Again Wiz Khalifa
2026-08-09,kr,South Korea,top_videos_weekly,,71,https://i.ytimg.com/vi/ViFHruS6oO8/mqdefault.jpg,おつかれSUMMER Halcali,,,,おつかれSUMMER Halcali
2026-08-09,kr,South Korea,top_videos_weekly,,72,https://i.ytimg.com/vi/8F2s8ivKXNY/mqdefault.jpg,Life Goes On Oliver Tree,,,,Life Goes On Oliver Tree
2026-08-09,kr,South Korea,top_videos_weekly,,73,https://i.ytimg.com/vi/w_c-iRTVs2Q/mqdefault.jpg,Paradise ~ I need you ~ cosmosy,,,,Paradise ~ I need you ~ cosmosy
2026-08-09,kr,South Korea,top_videos_weekly,,74,https://i.ytimg.com/vi/vecSVX1QYbQ/mqdefault.jpg,사랑을 했다 (LOVE SCENARIO) iKON,,,,사랑을 했다 (LOVE SCENARIO) iKON
2026-08-09,kr,South Korea,top_videos_weekly,,75,https://i.ytimg.com/vi/t1HNEwJni6A/mqdefault.jpg,Honestly Without You Anonymous Artists (어나니머스 아티스트) & kenessi,,,,Honestly Without You Anonymous Artists (어나니머스 아티스트) & kenessi
2026-08-09,kr,South Korea,top_videos_weekly,,76,https://i.ytimg.com/vi/GxChUrrY4bc/mqdefault.jpg,꿈꾸던 어른이 되었나요? 머무르,,,,꿈꾸던 어른이 되었나요? 머무르
2026-08-09,kr,South Korea,top_videos_weekly,,77,https://i.ytimg.com/vi/p67W66bny94/mqdefault.jpg,BAD (Speed Down Ver.) ATEEZ,,,,BAD (Speed Down Ver.) ATEEZ
2026-08-09,kr,South Korea,top_videos_weekly,,78,https://i.ytimg.com/vi/8R2UTnAbfTg/mqdefault.jpg,12 늙은 사랑 조선힙합,,"5月 15, 2026",87119,"78 12 늙은 사랑 조선힙합 5月 15, 2026 90 5 87,119"
2026-08-09,kr,South Korea,top_videos_weekly,,79,https://i.ytimg.com/vi/gRbP-o0q2mY/mqdefault.jpg,I loved you too much to just laugh it off doyouka,,,,I loved you too much to just laugh it off doyouka
2026-08-09,kr,South Korea,top_videos_weekly,,80,https://i.ytimg.com/vi/gdZLi9oWNZg/mqdefault.jpg,80 Dynamite 防彈少年團,,"8月 20, 2020",87016,"80 80 Dynamite 防彈少年團 8月 20, 2020 - 55 87,016"
2026-08-09,kr,South Korea,top_videos_weekly,,81,https://i.ytimg.com/vi/pNi9PjmbUrI/mqdefault.jpg,Let Me Love My Youth HANRORO,,,,Let Me Love My Youth HANRORO
2026-08-09,kr,South Korea,top_videos_weekly,,82,https://i.ytimg.com/vi/naoGk-Zjc1s/mqdefault.jpg,SUGAR HONEY ICE TEA BABYMONSTER,,,,SUGAR HONEY ICE TEA BABYMONSTER
2026-08-09,kr,South Korea,top_videos_weekly,,83,https://i.ytimg.com/vi/bOZDY278zNk/mqdefault.jpg,ChecK 孝琳,,"7月 27, 2026",85130,"83 New ChecK 孝琳 7月 27, 2026 - 1 85,130"
2026-08-09,kr,South Korea,top_videos_weekly,,84,https://i.ytimg.com/vi/VVO05mYGFY8/mqdefault.jpg,2 만찬가 TAEYEON,,"6月 29, 2026",84968,"84 2 만찬가 TAEYEON 6月 29, 2026 82 5 84,968"
2026-08-09,kr,South Korea,top_videos_weekly,,85,https://i.ytimg.com/vi/OHAjc-ayhus/mqdefault.jpg,1 あぶく YORUSHIKA,,"4月 24, 2026",84607,"85 1 あぶく YORUSHIKA 4月 24, 2026 84 14 84,607"
2026-08-09,kr,South Korea,top_videos_weekly,,86,https://i.ytimg.com/vi/e6CGI5JOZ7g/mqdefault.jpg,Now Only Trust Me (Live) 任英雄,,,,Now Only Trust Me (Live) 任英雄
2026-08-09,kr,South Korea,top_videos_weekly,,87,https://i.ytimg.com/vi/MC6-82GRK5I/mqdefault.jpg,1 Bloom RESCENE,,"11月 25, 2025",82387,"87 1 Bloom RESCENE 11月 25, 2025 88 4 82,387"
2026-08-09,kr,South Korea,top_videos_weekly,,88,https://i.ytimg.com/vi/Lz24PqZkF2s/mqdefault.jpg,HOT LIMIT T.M.Revolution,,,,HOT LIMIT T.M.Revolution
2026-08-09,kr,South Korea,top_videos_weekly,,89,https://i.ytimg.com/vi/Xq7rBVZeIeE/mqdefault.jpg,안할걸 Anonymous Artists (어나니머스 아티스트) & 곽동현 Kwak Dong Hyun,,,,안할걸 Anonymous Artists (어나니머스 아티스트) & 곽동현 Kwak Dong Hyun
2026-08-09,kr,South Korea,top_videos_weekly,,90,https://i.ytimg.com/vi/a9NDoFxm_1w/mqdefault.jpg,22 It's Me ILLIT,,"5月 8, 2026",78907,"90 22 It's Me ILLIT 5月 8, 2026 68 7 78,907"
2026-08-09,kr,South Korea,top_videos_weekly,,91,https://i.ytimg.com/vi/YaEG2aWJnZ8/mqdefault.jpg,Unstoppable (Live) Sia,,,,Unstoppable (Live) Sia
2026-08-09,kr,South Korea,top_videos_weekly,,92,https://i.ytimg.com/vi/9cS2wv6AfHk/mqdefault.jpg,I LIKE IT BABYMONSTER,,,,I LIKE IT BABYMONSTER
2026-08-09,kr,South Korea,top_videos_weekly,,93,https://i.ytimg.com/vi/5N6V8F8E-jc/mqdefault.jpg,Ordinary Love 朴經,,,,Ordinary Love 朴經
2026-08-09,kr,South Korea,top_videos_weekly,,94,https://i.ytimg.com/vi/xsxaYT6gi-Q/mqdefault.jpg,HAWWAH (夏渦) dodree,,,,HAWWAH (夏渦) dodree
2026-08-09,kr,South Korea,top_videos_weekly,,95,https://i.ytimg.com/vi/E0ZHXVp_wUE/mqdefault.jpg,95 Alone SISTAR,,"4月 11, 2012",75452,"95 95 Alone SISTAR 4月 11, 2012 - 3 75,452"
2026-08-09,kr,South Korea,top_videos_weekly,,96,https://i.ytimg.com/vi/XFkzRNyygfk/mqdefault.jpg,96 Creep 電台司令,,"7月 18, 2008",75372,"96 96 Creep 電台司令 7月 18, 2008 - 16 75,372"
2026-08-09,kr,South Korea,top_videos_weekly,,97,https://i.ytimg.com/vi/Zi_XLOBDo_Y/mqdefault.jpg,Billie Jean Michael Jackson,,,,Billie Jean Michael Jackson
2026-08-09,kr,South Korea,top_videos_weekly,,98,https://i.ytimg.com/vi/ReGhyeGsQsU/mqdefault.jpg,98 마음이라는 우물 조선힙합,,"6月 11, 2026",74557,"98 98 마음이라는 우물 조선힙합 6月 11, 2026 - 2 74,557"
2026-08-09,kr,South Korea,top_videos_weekly,,99,https://i.ytimg.com/vi/SKcY_32uv_I/mqdefault.jpg,계세요 (Live) YOUNGTAK,,,,계세요 (Live) YOUNGTAK
2026-08-09,kr,South Korea,top_videos_weekly,,100,https://i.ytimg.com/vi/B8JJ8RNM-60/mqdefault.jpg,3 Pinball RESCENE,,"9月 21, 2024",74185,"100 3 Pinball RESCENE 9月 21, 2024 97 3 74,185"
2026-08-09,vn,Vietnam,top_videos_weekly,,1,https://i.ytimg.com/vi/gJAbDSse5WM/mqdefault.jpg,Tìm Em Hngle & Bảo Anh,,,,Tìm Em Hngle & Bảo Anh
2026-08-09,vn,Vietnam,top_videos_weekly,,2,https://i.ytimg.com/vi/4jjOH2FR6-E/mqdefault.jpg,xương rồng (intro) Dangrangto & Donal,,,,xương rồng (intro) Dangrangto & Donal
2026-08-09,vn,Vietnam,top_videos_weekly,,3,https://i.ytimg.com/vi/uuTT21tabiw/mqdefault.jpg,"MỘNG DUYÊN Quang Hùng MasterD , JSOL , Sơn.K , Song Luân & Emil Vergo",,,,"MỘNG DUYÊN Quang Hùng MasterD , JSOL , Sơn.K , Song Luân & Emil Vergo"
2026-08-09,vn,Vietnam,top_videos_weekly,,4,https://i.ytimg.com/vi/heMYSOZoT3c/mqdefault.jpg,dự báo thời tiết hôm nay mưa ST.,Entertainment,,319,dự báo thời tiết hôm nay mưa ST.319 Entertainment
2026-08-09,vn,Vietnam,top_videos_weekly,,5,https://i.ytimg.com/vi/l_uzEREOKfo/mqdefault.jpg,"THẾ GIỚI CỦA ANH Dương Domic , buitruonglinh , CONGB , WEAN & Vận Toàn",,,,"THẾ GIỚI CỦA ANH Dương Domic , buitruonglinh , CONGB , WEAN & Vận Toàn"
2026-08-09,vn,Vietnam,top_videos_weekly,,6,https://i.ytimg.com/vi/9UcQ7ddVjoc/mqdefault.jpg,Không Buông Hngle & Ari,,,,Không Buông Hngle & Ari
2026-08-09,vn,Vietnam,top_videos_weekly,,7,https://i.ytimg.com/vi/LIKOvbJ-DZg/mqdefault.jpg,vết thương Fishy,,,,vết thương Fishy
2026-08-09,vn,Vietnam,top_videos_weekly,,8,https://i.ytimg.com/vi/lK_KgArI2NA/mqdefault.jpg,"LET ME GO Da LAB , Vương Anh Tú , Hoàng Rob , Hoàng Dũng & Cheng",,,,"LET ME GO Da LAB , Vương Anh Tú , Hoàng Rob , Hoàng Dũng & Cheng"
2026-08-09,vn,Vietnam,top_videos_weekly,,9,https://i.ytimg.com/vi/8-bKjcADU18/mqdefault.jpg,"MƯA VỘI PHÓNG Wren Evans , Ali Hoàng Dương , CODY Nam Võ , HYO & 2Pillz",,,,"MƯA VỘI PHÓNG Wren Evans , Ali Hoàng Dương , CODY Nam Võ , HYO & 2Pillz"
2026-08-09,vn,Vietnam,top_videos_weekly,,10,https://i.ytimg.com/vi/sPQXOA6pzOg/mqdefault.jpg,Ngày Rời Chuyến Bay Minh Huy & Pinny,,,,Ngày Rời Chuyến Bay Minh Huy & Pinny
2026-08-09,vn,Vietnam,top_videos_weekly,,11,https://i.ytimg.com/vi/l4Pkem30Q60/mqdefault.jpg,Kẻ Say Tình (Live) Quoc Thien,,,,Kẻ Say Tình (Live) Quoc Thien
2026-08-09,vn,Vietnam,top_videos_weekly,,12,https://i.ytimg.com/vi/8sVtL0o-v7U/mqdefault.jpg,Người Im Lặng Gặp Người Hay Nói HIEUTHUHAI,,,,Người Im Lặng Gặp Người Hay Nói HIEUTHUHAI
2026-08-09,vn,Vietnam,top_videos_weekly,,13,https://i.ytimg.com/vi/2ghfD8YQfi4/mqdefault.jpg,"XA (Live) Anh Trai Vượt Ngàn Chông Gai , K.O , 14 Casper & Đông Hùng",,,,"XA (Live) Anh Trai Vượt Ngàn Chông Gai , K.O , 14 Casper & Đông Hùng"
2026-08-09,vn,Vietnam,top_videos_weekly,,14,https://i.ytimg.com/vi/tyM46ksZTI4/mqdefault.jpg,"NỢ EM CẢ BẦU TRỜI Da LAB , Hoàng Tôn , OSAD , Hồ Đông Quan & Hà An Huy",,,,"NỢ EM CẢ BẦU TRỜI Da LAB , Hoàng Tôn , OSAD , Hồ Đông Quan & Hà An Huy"
2026-08-09,vn,Vietnam,top_videos_weekly,,15,https://i.ytimg.com/vi/sZrIbpwjTwk/mqdefault.jpg,ẾCH NGOÀI ĐÁY GIẾNG Vie Channel,MUSIC,,,ẾCH NGOÀI ĐÁY GIẾNG Vie Channel - MUSIC
2026-08-09,vn,Vietnam,top_videos_weekly,,16,https://i.ytimg.com/vi/6uVJqD2hSGQ/mqdefault.jpg,6 Em Binz,,"5月 24, 2026",905246,"16 6 Em Binz 5月 24, 2026 10 10 905,246"
2026-08-09,vn,Vietnam,top_videos_weekly,,17,https://i.ytimg.com/vi/xD8Xchuxq8g/mqdefault.jpg,Mãi Mãi Không Phải Anh Thanh Binh,,,,Mãi Mãi Không Phải Anh Thanh Binh
2026-08-09,vn,Vietnam,top_videos_weekly,,18,https://i.ytimg.com/vi/fcnDmrtj6Sk/mqdefault.jpg,Dai Dai Shakira & Burna Boy,,,,Dai Dai Shakira & Burna Boy
2026-08-09,vn,Vietnam,top_videos_weekly,,19,https://i.ytimg.com/vi/RarQCMLLIOg/mqdefault.jpg,She Neva Knows (REMIX) CM1X,,,,She Neva Knows (REMIX) CM1X
2026-08-09,vn,Vietnam,top_videos_weekly,,20,https://i.ytimg.com/vi/om6Qessps1c/mqdefault.jpg,"CUỘC GỌI NHỠ COOLKID , Quang Hùng MasterD , CODYNAMVO & Jaysonlei",,,,"50 CUỘC GỌI NHỠ COOLKID , Quang Hùng MasterD , CODYNAMVO & Jaysonlei"
2026-08-09,vn,Vietnam,top_videos_weekly,,21,https://i.ytimg.com/vi/_IT83Y_HcAw/mqdefault.jpg,Less than a Lover JENNIE,,,,Less than a Lover JENNIE
2026-08-09,vn,Vietnam,top_videos_weekly,,22,https://i.ytimg.com/vi/jM6UrE3Bxw4/mqdefault.jpg,Tự Do Như Cơn Gió Xanh,,,,Tự Do Như Cơn Gió Xanh
2026-08-09,vn,Vietnam,top_videos_weekly,,23,https://i.ytimg.com/vi/Udc6MAAZT30/mqdefault.jpg,Từng Là Của Nhau Bảo Anh & Táo,,,,Từng Là Của Nhau Bảo Anh & Táo
2026-08-09,vn,Vietnam,top_videos_weekly,,24,https://i.ytimg.com/vi/T7ksmtaVeOk/mqdefault.jpg,In Love JustaTee & Low G,,,,In Love JustaTee & Low G
2026-08-09,vn,Vietnam,top_videos_weekly,,25,https://i.ytimg.com/vi/uUQG8sk7cLs/mqdefault.jpg,Kẻ Say Tình 2 Quoc Thien,,,,Kẻ Say Tình 2 Quoc Thien
2026-08-09,vn,Vietnam,top_videos_weekly,,26,https://i.ytimg.com/vi/xJ1uMrL9Rwo/mqdefault.jpg,Ngồi Nghe Em Khóc DatG Music,,,,Ngồi Nghe Em Khóc DatG Music
2026-08-09,vn,Vietnam,top_videos_weekly,,27,https://i.ytimg.com/vi/4sthoR6eTB4/mqdefault.jpg,"MẤT LA BÀN (Live) Pháp Kiều , Thể Thiên , VƯƠNG BÌNH , Hồng Hải Đăng & TorySax",,,,"MẤT LA BÀN (Live) Pháp Kiều , Thể Thiên , VƯƠNG BÌNH , Hồng Hải Đăng & TorySax"
2026-08-09,vn,Vietnam,top_videos_weekly,,28,https://i.ytimg.com/vi/ZQsXySoECfo/mqdefault.jpg,"IM ĐỢI NGƯỜI ANH THƯƠNG Wren Evans , CAPTAIN BOY , IVAN & Thể Thiên",,,,"IM ĐỢI NGƯỜI ANH THƯƠNG Wren Evans , CAPTAIN BOY , IVAN & Thể Thiên"
2026-08-09,vn,Vietnam,top_videos_weekly,,29,https://i.ytimg.com/vi/leJb3VhQCrg/mqdefault.jpg,6 id,W/n,"7月 31, 2023",617800,"29 6 id 072019 W/n 7月 31, 2023 23 3 617,800"
2026-08-09,vn,Vietnam,top_videos_weekly,,30,https://i.ytimg.com/vi/9jxfFE16QW8/mqdefault.jpg,Người Im Lặng Gặp Người Hay Nói HIEUTHUHAI,,,,Người Im Lặng Gặp Người Hay Nói HIEUTHUHAI
2026-08-09,vn,Vietnam,top_videos_weekly,,31,https://i.ytimg.com/vi/XpY62G82-HI/mqdefault.jpg,Thương Lấy Phận Mình (Remix) Thái Học,,,,Thương Lấy Phận Mình (Remix) Thái Học
2026-08-09,vn,Vietnam,top_videos_weekly,,32,https://i.ytimg.com/vi/05S2uf37ufc/mqdefault.jpg,Địa Ngục Trần Gian (Remix) Phạm Kỳ,,,,Địa Ngục Trần Gian (Remix) Phạm Kỳ
2026-08-09,vn,Vietnam,top_videos_weekly,,33,https://i.ytimg.com/vi/tN1TZAuL4P8/mqdefault.jpg,13 Thu Cuối T先生,,"3月 24, 2013",502735,"33 13 Thu Cuối T先生 3月 24, 2013 46 13 502,735"
2026-08-09,vn,Vietnam,top_videos_weekly,,34,https://i.ytimg.com/vi/s76BtB81Oms/mqdefault.jpg,ĐỚN ĐAU VÔ CÙNG DatKaa,,,,ĐỚN ĐAU VÔ CÙNG DatKaa
2026-08-09,vn,Vietnam,top_videos_weekly,,35,https://i.ytimg.com/vi/DcCISK3sCYg/mqdefault.jpg,Có em Madihu & Low G,,,,Có em Madihu & Low G
2026-08-09,vn,Vietnam,top_videos_weekly,,36,https://i.ytimg.com/vi/iFoLKvdqXk8/mqdefault.jpg,Sau Cơn Mưa COOLKID & RHYDER,,,,Sau Cơn Mưa COOLKID & RHYDER
2026-08-09,vn,Vietnam,top_videos_weekly,,37,https://i.ytimg.com/vi/wH4DDx5-aWo/mqdefault.jpg,"QUÁ KHỨ CÒN LẠI GÌ (Live) Anh Trai Vượt Ngàn Chông Gai , Trinh Thang Binh , Đinh Mạnh Ninh , Will",& Charles Huỳnh,,365,"QUÁ KHỨ CÒN LẠI GÌ (Live) Anh Trai Vượt Ngàn Chông Gai , Trinh Thang Binh , Đinh Mạnh Ninh , Will 365 & Charles Huỳnh"
2026-08-09,vn,Vietnam,top_videos_weekly,,38,https://i.ytimg.com/vi/fdFRy9zBdMo/mqdefault.jpg,Kẻ Say Tình 2 (Live) Quoc Thien,,,,Kẻ Say Tình 2 (Live) Quoc Thien
2026-08-09,vn,Vietnam,top_videos_weekly,,39,https://i.ytimg.com/vi/SsBvmklAty4/mqdefault.jpg,Anh Này Là Của Tui (Remix) MIỀN TÂY REMIX,,,,Anh Này Là Của Tui (Remix) MIỀN TÂY REMIX
2026-08-09,vn,Vietnam,top_videos_weekly,,40,https://i.ytimg.com/vi/9bdCgrrBUWE/mqdefault.jpg,Thiệp Hồng Chung Tên Út Nhị Mino,,,,Thiệp Hồng Chung Tên Út Nhị Mino
2026-08-09,vn,Vietnam,top_videos_weekly,,41,https://i.ytimg.com/vi/Ztrj8UIDMQY/mqdefault.jpg,Bánh Mì Không DatG Music & Du Uyên,,,,Bánh Mì Không DatG Music & Du Uyên
2026-08-09,vn,Vietnam,top_videos_weekly,,42,https://i.ytimg.com/vi/bZZn2B11b_c/mqdefault.jpg,Thanh Tân VƯƠNG BÌNH & Thùy Chi,,,,Thanh Tân VƯƠNG BÌNH & Thùy Chi
2026-08-09,vn,Vietnam,top_videos_weekly,,43,https://i.ytimg.com/vi/8F2s8ivKXNY/mqdefault.jpg,Life Goes On Oliver Tree,,,,Life Goes On Oliver Tree
2026-08-09,vn,Vietnam,top_videos_weekly,,44,https://www.youtube.com/s/charts/images/top_videos.png,9 目前無資料,,"1月 1, 1970",431911,"44 9 目前無資料 1月 1, 1970 53 7 431,911"
2026-08-09,vn,Vietnam,top_videos_weekly,,45,https://i.ytimg.com/vi/5qqUYmJZc6Q/mqdefault.jpg,Thương Thầm Cô Lái Đò (Remix) Tiến võ,,,,Thương Thầm Cô Lái Đò (Remix) Tiến võ
2026-08-09,vn,Vietnam,top_videos_weekly,,46,https://i.ytimg.com/vi/L4dSipbZj8A/mqdefault.jpg,Mắt Môi Tay Chân RPT MCK,,,,Mắt Môi Tay Chân RPT MCK
2026-08-09,vn,Vietnam,top_videos_weekly,,47,https://i.ytimg.com/vi/4x-achAXjRs/mqdefault.jpg,"NHONG NHONG NHONG (Live) Anh Trai Vượt Ngàn Chông Gai , Thái Lê Minh Hiếu , Huỳnh Lập & Thai VG",,,,"NHONG NHONG NHONG (Live) Anh Trai Vượt Ngàn Chông Gai , Thái Lê Minh Hiếu , Huỳnh Lập & Thai VG"
2026-08-09,vn,Vietnam,top_videos_weekly,,48,https://i.ytimg.com/vi/L5qZI5dfiws/mqdefault.jpg,CHỊ ĐẠI GẪY CÁNH 2 Dao Nguyen Anh,,,,CHỊ ĐẠI GẪY CÁNH 2 Dao Nguyen Anh
2026-08-09,vn,Vietnam,top_videos_weekly,,49,https://i.ytimg.com/vi/5d0lbdl58ME/mqdefault.jpg,Mình Là Người Yêu Cũ Beta Music & Khả Hiệp,,,,Mình Là Người Yêu Cũ Beta Music & Khả Hiệp
2026-08-09,vn,Vietnam,top_videos_weekly,,50,https://i.ytimg.com/vi/Bb5Qb7ziIig/mqdefault.jpg,10 dạo này Obito,,"12月 24, 2025",416249,"50 10 dạo này Obito 12月 24, 2025 40 9 416,249"
2026-08-09,vn,Vietnam,top_videos_weekly,,51,https://i.ytimg.com/vi/CoSc0Qqd5L0/mqdefault.jpg,Nhức Tiềm Thức YEAH1 MUSIC,,,,Nhức Tiềm Thức YEAH1 MUSIC
2026-08-09,vn,Vietnam,top_videos_weekly,,52,https://www.youtube.com/s/charts/images/top_videos.png,8 目前無資料,,"1月 1, 1970",390456,"52 8 目前無資料 1月 1, 1970 44 7 390,456"
2026-08-09,vn,Vietnam,top_videos_weekly,,53,https://i.ytimg.com/vi/jiGPS1laaPI/mqdefault.jpg,"ANH NÀY LÀ CỦA TUI Pinky Vanh , Hoa vũ & HChun",,,,"ANH NÀY LÀ CỦA TUI Pinky Vanh , Hoa vũ & HChun"
2026-08-09,vn,Vietnam,top_videos_weekly,,54,https://i.ytimg.com/vi/-d3q5qYU7uY/mqdefault.jpg,"CÔ ĐƠN ANH CŨNG VUI Thể Thiên , WEAN , KIMLONG , Xuân Định K.Y & DILLAN",,,,"CÔ ĐƠN ANH CŨNG VUI Thể Thiên , WEAN , KIMLONG , Xuân Định K.Y & DILLAN"
2026-08-09,vn,Vietnam,top_videos_weekly,,55,https://i.ytimg.com/vi/mp5njDAH97w/mqdefault.jpg,MOVE ON YEAH1 MUSIC,,,,MOVE ON YEAH1 MUSIC
2026-08-09,vn,Vietnam,top_videos_weekly,,56,https://i.ytimg.com/vi/CD_BFGQkIgY/mqdefault.jpg,SỰ ƯU TIÊN CỦA EM Kiều Chi,,,,SỰ ƯU TIÊN CỦA EM Kiều Chi
2026-08-09,vn,Vietnam,top_videos_weekly,,57,https://i.ytimg.com/vi/qGGXX1FvJNQ/mqdefault.jpg,EM GÁI QUÊ Dương Nghi Đình,,,,EM GÁI QUÊ Dương Nghi Đình
2026-08-09,vn,Vietnam,top_videos_weekly,,58,https://i.ytimg.com/vi/6iW3bZuKO-k/mqdefault.jpg,Tìm Em Hngle & Bảo Anh,,,,Tìm Em Hngle & Bảo Anh
2026-08-09,vn,Vietnam,top_videos_weekly,,59,https://i.ytimg.com/vi/ZcHOghdE1kw/mqdefault.jpg,Hết Yêu HIEUTHUHAI,,,,Hết Yêu HIEUTHUHAI
2026-08-09,vn,Vietnam,top_videos_weekly,,60,https://i.ytimg.com/vi/JRi0DHAIlcw/mqdefault.jpg,Em Của Mùa Euro,LEG Vanh Leg,,,Em Của Mùa Euro - LEG Vanh Leg
2026-08-09,vn,Vietnam,top_videos_weekly,,61,https://i.ytimg.com/vi/r0uH9lOqPZI/mqdefault.jpg,Bên Ấy Em Có Ai Rồi 周凱峰,,,,Bên Ấy Em Có Ai Rồi 周凱峰
2026-08-09,vn,Vietnam,top_videos_weekly,,62,https://i.ytimg.com/vi/n7nt4ixOwmo/mqdefault.jpg,6 Baby RPT MCK,,"6月 17, 2026",342350,"62 6 Baby RPT MCK 6月 17, 2026 56 7 342,350"
2026-08-09,vn,Vietnam,top_videos_weekly,,63,https://i.ytimg.com/vi/kj7FXhECpSw/mqdefault.jpg,NGƯỢC LỐI YÊU (LIVE STAGE),VICKY NHUNG x CHU THÚY QUỲNH LIVE AT PHÒNG TRÀ BẾN THÀNH Vicky Nhung,,,NGƯỢC LỐI YÊU (LIVE STAGE) - VICKY NHUNG x CHU THÚY QUỲNH | LIVE AT PHÒNG TRÀ BẾN THÀNH Vicky Nhung
2026-08-09,vn,Vietnam,top_videos_weekly,,64,https://i.ytimg.com/vi/eHwesHMnr2o/mqdefault.jpg,"vùng vẫy Dangrangto , ZEXZEX & Donal",,,,"vùng vẫy Dangrangto , ZEXZEX & Donal"
2026-08-09,vn,Vietnam,top_videos_weekly,,65,https://i.ytimg.com/vi/oEz4ToZoHms/mqdefault.jpg,NGƯỜI BẠN THẦN KỲ Dao Nguyen Anh,,,,NGƯỜI BẠN THẦN KỲ Dao Nguyen Anh
2026-08-09,vn,Vietnam,top_videos_weekly,,66,https://i.ytimg.com/vi/68u69yATSD8/mqdefault.jpg,THỦY CHUNG (Remix) Thương Võ & ACV,,,,THỦY CHUNG (Remix) Thương Võ & ACV
2026-08-09,vn,Vietnam,top_videos_weekly,,67,https://i.ytimg.com/vi/O5iDDoD4ZGw/mqdefault.jpg,Đáng Ra Anh Không Nên DatG Music & B Ray,,,,Đáng Ra Anh Không Nên DatG Music & B Ray
2026-08-09,vn,Vietnam,top_videos_weekly,,68,https://i.ytimg.com/vi/vrY1THC_NQE/mqdefault.jpg,Champions iShowSpeed,,,,Champions iShowSpeed
2026-08-09,vn,Vietnam,top_videos_weekly,,69,https://www.youtube.com/s/charts/images/top_videos.png,12 目前無資料,,"1月 1, 1970",311956,"69 12 目前無資料 1月 1, 1970 57 7 311,956"
2026-08-09,vn,Vietnam,top_videos_weekly,,70,https://i.ytimg.com/vi/LetDNcvopbg/mqdefault.jpg,"Có công mài ""Sắc"" Ngô Lan Hương",,,,"Có công mài ""Sắc"" Ngô Lan Hương"
2026-08-09,vn,Vietnam,top_videos_weekly,,71,https://i.ytimg.com/vi/pLHSPrJUx4s/mqdefault.jpg,Thương Lắm Thầy Cô Ơi Phan Hiếu Kiên,,,,Thương Lắm Thầy Cô Ơi Phan Hiếu Kiên
2026-08-09,vn,Vietnam,top_videos_weekly,,72,https://i.ytimg.com/vi/6b_mrWQCztY/mqdefault.jpg,Tình Ta Biển Bạc Đồng Xanh Ngoc Lee,,,,Tình Ta Biển Bạc Đồng Xanh Ngoc Lee
2026-08-09,vn,Vietnam,top_videos_weekly,,73,https://i.ytimg.com/vi/Mbq8aqVH9pQ/mqdefault.jpg,SAU NÀY EM CƯỚI AI RỒI Thái Học,,,,SAU NÀY EM CƯỚI AI RỒI Thái Học
2026-08-09,vn,Vietnam,top_videos_weekly,,74,https://i.ytimg.com/vi/yuuWdm5tBD0/mqdefault.jpg,Come My Way (softer version) 山松,,,,Come My Way (softer version) 山松
2026-08-09,vn,Vietnam,top_videos_weekly,,75,https://i.ytimg.com/vi/xnIIoan7ft8/mqdefault.jpg,Một Nửa Sự Thật 24k.Right,,,,Một Nửa Sự Thật 24k.Right
2026-08-09,vn,Vietnam,top_videos_weekly,,76,https://i.ytimg.com/vi/iBofPilCD_E/mqdefault.jpg,THIỆP HỒNG SAI TÊN Nguyễn Thành Đạt,,,,THIỆP HỒNG SAI TÊN Nguyễn Thành Đạt
2026-08-09,vn,Vietnam,top_videos_weekly,,77,https://i.ytimg.com/vi/pJ9nx8oL5jk/mqdefault.jpg,"XOAY VÒNG HURRYKNG , JSOL , VƯƠNG BÌNH & CONGB",,,,"XOAY VÒNG HURRYKNG , JSOL , VƯƠNG BÌNH & CONGB"
2026-08-09,vn,Vietnam,top_videos_weekly,,78,https://i.ytimg.com/vi/SlQR9iu09bQ/mqdefault.jpg,Come My Way 山松 & Tyga,,,,Come My Way 山松 & Tyga
2026-08-09,vn,Vietnam,top_videos_weekly,,79,https://i.ytimg.com/vi/ovwFJb1IXoI/mqdefault.jpg,Chữ Vấn Chữ Vương (Live) Ca Sĩ Giấu Mặt,,,,Chữ Vấn Chữ Vương (Live) Ca Sĩ Giấu Mặt
2026-08-09,vn,Vietnam,top_videos_weekly,,80,https://i.ytimg.com/vi/Y5VoCfbB6As/mqdefault.jpg,Váy Cưới Kai Đinh & ERIK,,,,Váy Cưới Kai Đinh & ERIK
2026-08-09,vn,Vietnam,top_videos_weekly,,81,https://i.ytimg.com/vi/ADKCs7KeoHA/mqdefault.jpg,' CHẲNG CẦN BÌNH YÊN,Hà An Huy,,,' CHẲNG CẦN BÌNH YÊN | Hà An Huy
2026-08-09,vn,Vietnam,top_videos_weekly,,82,https://i.ytimg.com/vi/redFrGBZoJY/mqdefault.jpg,Sinh Ra Đã Là Thứ Đối Lập Nhau Da LAB,,,,Sinh Ra Đã Là Thứ Đối Lập Nhau Da LAB
2026-08-09,vn,Vietnam,top_videos_weekly,,83,https://i.ytimg.com/vi/pRpeEdMmmQ0/mqdefault.jpg,Waka Waka Shakira,,,,Waka Waka Shakira
2026-08-09,vn,Vietnam,top_videos_weekly,,84,https://i.ytimg.com/vi/wENlR8rFjLk/mqdefault.jpg,Dạt Vào Tim Em YEAH1 MUSIC,,,,Dạt Vào Tim Em YEAH1 MUSIC
2026-08-09,vn,Vietnam,top_videos_weekly,,85,https://i.ytimg.com/vi/pMUgdBS6tCA/mqdefault.jpg,Ở Hai Đầu Nỗi Nhớ Minh Vuong M4U & Le Thuy,,,,Ở Hai Đầu Nỗi Nhớ Minh Vuong M4U & Le Thuy
2026-08-09,vn,Vietnam,top_videos_weekly,,86,https://i.ytimg.com/vi/h7eqzU4sa10/mqdefault.jpg,Một Người Đi Như Hoa,,,,Một Người Đi Như Hoa
2026-08-09,vn,Vietnam,top_videos_weekly,,87,https://i.ytimg.com/vi/_diK8nN3w9k/mqdefault.jpg,Không Buông / Sài Gòn Tôi Mưa / Nắng có mang em về Hayho,,,,Không Buông / Sài Gòn Tôi Mưa / Nắng có mang em về Hayho
2026-08-09,vn,Vietnam,top_videos_weekly,,88,https://i.ytimg.com/vi/VH3mWd28Ndg/mqdefault.jpg,Em Mới Là Người Yêu Anh 黄毓敏,,,,Em Mới Là Người Yêu Anh 黄毓敏
2026-08-09,vn,Vietnam,top_videos_weekly,,89,https://i.ytimg.com/vi/x_QbJMJ8dbQ/mqdefault.jpg,Đêm Nghe Hát Đò Đưa Nhớ Bác (Live) Bùi Lê Mận,,,,Đêm Nghe Hát Đò Đưa Nhớ Bác (Live) Bùi Lê Mận
2026-08-09,vn,Vietnam,top_videos_weekly,,90,https://i.ytimg.com/vi/3gOINvQo7Qc/mqdefault.jpg,Tag Khỉ Yung Ni99,,,,Tag Khỉ Yung Ni99
2026-08-09,vn,Vietnam,top_videos_weekly,,91,https://i.ytimg.com/vi/p1twmDbv3yA/mqdefault.jpg,LK Sao Không Thấy Anh Về / Nén Hương Yêu 如瓊 & 長武,,,,LK Sao Không Thấy Anh Về / Nén Hương Yêu 如瓊 & 長武
2026-08-09,vn,Vietnam,top_videos_weekly,,92,https://i.ytimg.com/vi/bnj1xUDkpBk/mqdefault.jpg,Giấc Mộng Ca Sĩ Vanh Leg,,,,Giấc Mộng Ca Sĩ Vanh Leg
2026-08-09,vn,Vietnam,top_videos_weekly,,93,https://i.ytimg.com/vi/Lky60WNXOro/mqdefault.jpg,"Rain In 7 Lil Shady , OgeNus , N’Small & Zenky",,,,"Rain In 7 Lil Shady , OgeNus , N’Small & Zenky"
2026-08-09,vn,Vietnam,top_videos_weekly,,94,https://i.ytimg.com/vi/NqpnbSFprB4/mqdefault.jpg,Hurt Oliver Tree,,,,Hurt Oliver Tree
2026-08-09,vn,Vietnam,top_videos_weekly,,95,https://i.ytimg.com/vi/9IWNmqHW43I/mqdefault.jpg,Ngày Này Năm Ấy Việt Anh,,,,Ngày Này Năm Ấy Việt Anh
2026-08-09,vn,Vietnam,top_videos_weekly,,96,https://i.ytimg.com/vi/nJ3B7xZ1eLo/mqdefault.jpg,Đến Đây Bên Anh Dangrangto,,,,Đến Đây Bên Anh Dangrangto
2026-08-09,vn,Vietnam,top_videos_weekly,,97,https://i.ytimg.com/vi/NPWJVZbrKm0/mqdefault.jpg,"IU LÀ ĐÂY 西恩 , Muộii & Anfang",,,,"IU LÀ ĐÂY 西恩 , Muộii & Anfang"
2026-08-09,vn,Vietnam,top_videos_weekly,,98,https://i.ytimg.com/vi/KO0CbNNvd14/mqdefault.jpg,Chờ Bao Lâu Út Nhị Mino,,,,Chờ Bao Lâu Út Nhị Mino
2026-08-09,vn,Vietnam,top_videos_weekly,,99,https://i.ytimg.com/vi/XLbOWqjmj4Q/mqdefault.jpg,Động Thăng Thiên Vanh Leg,,,,Động Thăng Thiên Vanh Leg
2026-08-09,vn,Vietnam,top_videos_weekly,,100,https://i.ytimg.com/vi/8bwYFZezgRs/mqdefault.jpg,MỘNG DUYÊN Quang Hùng MasterD,,,,MỘNG DUYÊN Quang Hùng MasterD
2026-08-09,th,Thailand,top_videos_weekly,,1,https://i.ytimg.com/vi/C40oligg6xE/mqdefault.jpg,นาฬิกาทราย (sign) BOWKYLION,,,,นาฬิกาทราย (sign) BOWKYLION
2026-08-09,th,Thailand,top_videos_weekly,,2,https://i.ytimg.com/vi/Hc4OrO4LRWw/mqdefault.jpg,กลัวว่าฉันจะไม่เสียใจ PURPEECH,,,,กลัวว่าฉันจะไม่เสียใจ PURPEECH
2026-08-09,th,Thailand,top_videos_weekly,,3,https://i.ytimg.com/vi/HTjkVCSsKv8/mqdefault.jpg,เมื่อไหร่จะมี (มีใจให้กัน) BLVCKHEART,,,,เมื่อไหร่จะมี (มีใจให้กัน) BLVCKHEART
2026-08-09,th,Thailand,top_videos_weekly,,4,https://i.ytimg.com/vi/L051YSpEEYU/mqdefault.jpg,ที่คั่นหนังสือ (Sometimes) BOWKYLION,,,,ที่คั่นหนังสือ (Sometimes) BOWKYLION
2026-08-09,th,Thailand,top_videos_weekly,,5,https://i.ytimg.com/vi/0iXj7Zkb3Ik/mqdefault.jpg,แคนฮ้างนางฟ้า กู่แคน,,,,แคนฮ้างนางฟ้า กู่แคน
2026-08-09,th,Thailand,top_videos_weekly,,6,https://i.ytimg.com/vi/_X4p4oPlGLU/mqdefault.jpg,ขี้แง (Boys Don't Cry) PROXIE,,,,ขี้แง (Boys Don't Cry) PROXIE
2026-08-09,th,Thailand,top_videos_weekly,,7,https://i.ytimg.com/vi/vxHVQtJj2uQ/mqdefault.jpg,1 สาธุ ASIA7,,"11月 25, 2025",1352446,"7 1 สาธุ ASIA7 11月 25, 2025 6 15 1,352,446"
2026-08-09,th,Thailand,top_videos_weekly,,8,https://i.ytimg.com/vi/j7GbNWS7XUQ/mqdefault.jpg,Rain Zone Maiyarap,,,,Rain Zone Maiyarap
2026-08-09,th,Thailand,top_videos_weekly,,9,https://i.ytimg.com/vi/70oRsDKJWiY/mqdefault.jpg,ฟ้าสีครามกับความเป็นจริง BOVINI,,,,ฟ้าสีครามกับความเป็นจริง BOVINI
2026-08-09,th,Thailand,top_videos_weekly,,10,https://i.ytimg.com/vi/hBK29bbOLS4/mqdefault.jpg,แก้บน ก้านตอง ทุ่งเงิน,,,,แก้บน ก้านตอง ทุ่งเงิน
2026-08-09,th,Thailand,top_videos_weekly,,11,https://i.ytimg.com/vi/D8T1EpbICsc/mqdefault.jpg,จิ้งจก ตุ๊กแก อึ่งอ่าง เพ้นท์ คอนเน่,,,,จิ้งจก ตุ๊กแก อึ่งอ่าง เพ้นท์ คอนเน่
2026-08-09,th,Thailand,top_videos_weekly,,12,https://i.ytimg.com/vi/JbpfEQXuXc4/mqdefault.jpg,เต้ยสั่งลา ธีร์ ทีเร็กซ์ OFFICIAL,,,,เต้ยสั่งลา ธีร์ ทีเร็กซ์ OFFICIAL
2026-08-09,th,Thailand,top_videos_weekly,,13,https://i.ytimg.com/vi/Ndh4rP1F6g8/mqdefault.jpg,ความคิดถึงที่เต็มไปด้วยน้ำตา โชเล่ย์ ชคัทพล,,,,ความคิดถึงที่เต็มไปด้วยน้ำตา โชเล่ย์ ชคัทพล
2026-08-09,th,Thailand,top_videos_weekly,,14,https://i.ytimg.com/vi/yTxEWswuPPg/mqdefault.jpg,ไม่มีใครรู้ตัวเรา UNHEARD MUSIC,,,,ไม่มีใครรู้ตัวเรา UNHEARD MUSIC
2026-08-09,th,Thailand,top_videos_weekly,,15,https://i.ytimg.com/vi/-YByeE5aVc0/mqdefault.jpg,ได้แค่เดินมาส่ง (The Last Walk) Gavin D,,,,ได้แค่เดินมาส่ง (The Last Walk) Gavin D
2026-08-09,th,Thailand,top_videos_weekly,,16,https://i.ytimg.com/vi/_4Pns0KNxzk/mqdefault.jpg,หม้อหุงข้าว โจอี้ ภูวศิษฐ์,,,,หม้อหุงข้าว โจอี้ ภูวศิษฐ์
2026-08-09,th,Thailand,top_videos_weekly,,17,https://i.ytimg.com/vi/7ob-uFHQkuU/mqdefault.jpg,ก่อนโลกทั้งใบมันพัง Mr'พระจันทร์,,,,ก่อนโลกทั้งใบมันพัง Mr'พระจันทร์
2026-08-09,th,Thailand,top_videos_weekly,,18,https://i.ytimg.com/vi/Gy-MZjiFv2M/mqdefault.jpg,ดอกกระเจียวบาน Kong Huayrai,,,,ดอกกระเจียวบาน Kong Huayrai
2026-08-09,th,Thailand,top_videos_weekly,,19,https://i.ytimg.com/vi/OW9faXovWto/mqdefault.jpg,5 สาหัส Loso,,"7月 22, 2016",864862,"19 5 สาหัส Loso 7月 22, 2016 24 5 864,862"
2026-08-09,th,Thailand,top_videos_weekly,,20,https://i.ytimg.com/vi/G2JFOEFmnnI/mqdefault.jpg,8 คืนจันทร์ Loso,,"11月 6, 2014",863819,"20 8 คืนจันทร์ Loso 11月 6, 2014 28 11 863,819"
2026-08-09,th,Thailand,top_videos_weekly,,21,https://i.ytimg.com/vi/ypuzo5V2gQI/mqdefault.jpg,ลูกสบายดี Kong Huayrai & ฐา ขนิษ,,,,ลูกสบายดี Kong Huayrai & ฐา ขนิษ
2026-08-09,th,Thailand,top_videos_weekly,,22,https://i.ytimg.com/vi/P8SgCNmM7Z8/mqdefault.jpg,เด็กมูกล่อ พ็อก บิ๊กอายส์ & บอล วงกลม,,,,เด็กมูกล่อ พ็อก บิ๊กอายส์ & บอล วงกลม
2026-08-09,th,Thailand,top_videos_weekly,,23,https://i.ytimg.com/vi/23cipSExADA/mqdefault.jpg,เพราะพี่รักจริง หนึ่ง บีเคแบนด์,,,,เพราะพี่รักจริง หนึ่ง บีเคแบนด์
2026-08-09,th,Thailand,top_videos_weekly,,24,https://i.ytimg.com/vi/I_xP8FhO2Zo/mqdefault.jpg,คิดถึงเรื้อรัง manutsawee,,,,คิดถึงเรื้อรัง manutsawee
2026-08-09,th,Thailand,top_videos_weekly,,25,https://i.ytimg.com/vi/Letk-EylsKM/mqdefault.jpg,ดอกไม้กับหัวใจ I,Zax,,,ดอกไม้กับหัวใจ I-Zax
2026-08-09,th,Thailand,top_videos_weekly,,26,https://i.ytimg.com/vi/5_yI8UQaHnU/mqdefault.jpg,ผมมีหัวใจจริงๆ (For The Girl...) T!NE,,,,ผมมีหัวใจจริงๆ (For The Girl...) T!NE
2026-08-09,th,Thailand,top_videos_weekly,,27,https://i.ytimg.com/vi/xhqHSRwKw3Q/mqdefault.jpg,เหลือใจให้ฉันบ้างไหม MUNMUSIC,,,,เหลือใจให้ฉันบ้างไหม MUNMUSIC
2026-08-09,th,Thailand,top_videos_weekly,,28,https://i.ytimg.com/vi/-q_S27LbNKU/mqdefault.jpg,6 BAD ATEEZ,,"6月 25, 2026",764625,"28 6 BAD ATEEZ 6月 25, 2026 22 4 764,625"
2026-08-09,th,Thailand,top_videos_weekly,,29,https://i.ytimg.com/vi/Ng_4m5A-3XQ/mqdefault.jpg,เมื่อถูกค้นพบ (Finally She Found.) FREEHAND,,,,เมื่อถูกค้นพบ (Finally She Found.) FREEHAND
2026-08-09,th,Thailand,top_videos_weekly,,30,https://i.ytimg.com/vi/QaPxz1I2nto/mqdefault.jpg,7 หลุมอากาศ Palmy,,"6月 17, 2026",758512,"30 7 หลุมอากาศ Palmy 6月 17, 2026 37 6 758,512"
2026-08-09,th,Thailand,top_videos_weekly,,31,https://i.ytimg.com/vi/O90WsctfY4Y/mqdefault.jpg,Sunset in Pattaya YOUNGOHM,,,,Sunset in Pattaya YOUNGOHM
2026-08-09,th,Thailand,top_videos_weekly,,32,https://i.ytimg.com/vi/FbrH6dDPERI/mqdefault.jpg,3 ดาวตก WANYAi,,"10月 1, 2025",743681,"32 3 ดาวตก WANYAi 10月 1, 2025 35 15 743,681"
2026-08-09,th,Thailand,top_videos_weekly,,33,https://i.ytimg.com/vi/_IT83Y_HcAw/mqdefault.jpg,Less than a Lover JENNIE,,,,Less than a Lover JENNIE
2026-08-09,th,Thailand,top_videos_weekly,,34,https://i.ytimg.com/vi/1OMZrYHIim8/mqdefault.jpg,รักให้เธอได้รู้ (Proof.) PUN,,,,รักให้เธอได้รู้ (Proof.) PUN
2026-08-09,th,Thailand,top_videos_weekly,,35,https://i.ytimg.com/vi/IWCCEwIFtuo/mqdefault.jpg,บุญผลาบ่ฮอด อ้ายแมน ภิสิทธิ์พงษ์,,,,บุญผลาบ่ฮอด อ้ายแมน ภิสิทธิ์พงษ์
2026-08-09,th,Thailand,top_videos_weekly,,36,https://i.ytimg.com/vi/c31LQOCmLVU/mqdefault.jpg,7 อะไรก็ยอม Loso,,"10月 21, 2014",720315,"36 7 อะไรก็ยอม Loso 10月 21, 2014 43 12 720,315"
2026-08-09,th,Thailand,top_videos_weekly,,37,https://i.ytimg.com/vi/owqFcCEyEvI/mqdefault.jpg,Best Thing ILLSLICK,,,,Best Thing ILLSLICK
2026-08-09,th,Thailand,top_videos_weekly,,38,https://i.ytimg.com/vi/nOIKmWe-KEc/mqdefault.jpg,กลัวความเสียใจ SARAN,,,,กลัวความเสียใจ SARAN
2026-08-09,th,Thailand,top_videos_weekly,,39,https://i.ytimg.com/vi/Xn_LEDFMdX8/mqdefault.jpg,12 Baddie IRONBOY,,"6月 18, 2026",680402,"39 12 Baddie IRONBOY 6月 18, 2026 27 6 680,402"
2026-08-09,th,Thailand,top_videos_weekly,,40,https://i.ytimg.com/vi/8zsY7HiM25o/mqdefault.jpg,ลามปาม (circus) BOWKYLION,,,,ลามปาม (circus) BOWKYLION
2026-08-09,th,Thailand,top_videos_weekly,,41,https://i.ytimg.com/vi/TrNx67Hmd-0/mqdefault.jpg,รู้ตัวอีกที SEXSKI,,,,รู้ตัวอีกที SEXSKI
2026-08-09,th,Thailand,top_videos_weekly,,42,https://i.ytimg.com/vi/98LzldwNu4I/mqdefault.jpg,สิทธิ์ของเจ้า 埋代•話摘星,,,,สิทธิ์ของเจ้า 埋代•話摘星
2026-08-09,th,Thailand,top_videos_weekly,,43,https://i.ytimg.com/vi/HZQyJHpo-ag/mqdefault.jpg,Lhob Mai Dai Chuay Hai Luem 普提蓬·阿薩拉塔納功 & Ink Waruntorn,,,,Lhob Mai Dai Chuay Hai Luem 普提蓬·阿薩拉塔納功 & Ink Waruntorn
2026-08-09,th,Thailand,top_videos_weekly,,44,https://i.ytimg.com/vi/WE3in6xs1iw/mqdefault.jpg,อ่วยคืน ธีร์ ทีเร็กซ์ OFFICIAL,,,,อ่วยคืน ธีร์ ทีเร็กซ์ OFFICIAL
2026-08-09,th,Thailand,top_videos_weekly,,45,https://i.ytimg.com/vi/ulsXRXwk3Iw/mqdefault.jpg,ขอตายในอ้อมกอดเธอ 賽桑・蘇品麥,,,,ขอตายในอ้อมกอดเธอ 賽桑・蘇品麥
2026-08-09,th,Thailand,top_videos_weekly,,46,https://i.ytimg.com/vi/82-jTNka3uc/mqdefault.jpg,hate that i made you love me Ariana Grande,,,,hate that i made you love me Ariana Grande
2026-08-09,th,Thailand,top_videos_weekly,,47,https://i.ytimg.com/vi/99jJP3DgdBQ/mqdefault.jpg,ขอแค่นี้ (Forever n ever) PUN,,,,ขอแค่นี้ (Forever n ever) PUN
2026-08-09,th,Thailand,top_videos_weekly,,48,https://i.ytimg.com/vi/w6M2ZwjFgAg/mqdefault.jpg,ปริญญาไก่ตี เม้ก อภิสิทธิ์,,,,ปริญญาไก่ตี เม้ก อภิสิทธิ์
2026-08-09,th,Thailand,top_videos_weekly,,49,https://i.ytimg.com/vi/3RKsjHKvONc/mqdefault.jpg,เธอทิ้งฉันไว้ KRK,,,,เธอทิ้งฉันไว้ KRK
2026-08-09,th,Thailand,top_videos_weekly,,50,https://i.ytimg.com/vi/eeZQG86uhc8/mqdefault.jpg,ความลับในใจ สิบล้อ,,,,ความลับในใจ สิบล้อ
2026-08-09,th,Thailand,top_videos_weekly,,51,https://i.ytimg.com/vi/MFc3AmH011c/mqdefault.jpg,กลับบ้าน (HOMESICK) Kong Huayrai,,,,กลับบ้าน (HOMESICK) Kong Huayrai
2026-08-09,th,Thailand,top_videos_weekly,,52,https://i.ytimg.com/vi/wTHXvw_uEeI/mqdefault.jpg,Sing Tee Chan Pen Ebola,,,,Sing Tee Chan Pen Ebola
2026-08-09,th,Thailand,top_videos_weekly,,53,https://i.ytimg.com/vi/JhwD08bjfus/mqdefault.jpg,เอิ้นเธอว่าความฮัก แอ้ม ชลธิชา,,,,เอิ้นเธอว่าความฮัก แอ้ม ชลธิชา
2026-08-09,th,Thailand,top_videos_weekly,,54,https://i.ytimg.com/vi/Q9MsKajCU3M/mqdefault.jpg,อมพระมาพูด 賽桑・蘇品麥,,,,อมพระมาพูด 賽桑・蘇品麥
2026-08-09,th,Thailand,top_videos_weekly,,55,https://i.ytimg.com/vi/wXT_qYQl2vQ/mqdefault.jpg,วาสนาหมาหย่ำรถ TAR TORJORWOR,,,,วาสนาหมาหย่ำรถ TAR TORJORWOR
2026-08-09,th,Thailand,top_videos_weekly,,56,https://i.ytimg.com/vi/HKBifVrELZI/mqdefault.jpg,ไม่คิดนอกใจ Loso,,,,ไม่คิดนอกใจ Loso
2026-08-09,th,Thailand,top_videos_weekly,,57,https://i.ytimg.com/vi/ApXoWvfEYVU/mqdefault.jpg,Sunflower Post Malone & Swae Lee,,,,Sunflower Post Malone & Swae Lee
2026-08-09,th,Thailand,top_videos_weekly,,58,https://i.ytimg.com/vi/Ey8eZmb7BvU/mqdefault.jpg,ทางหินแห่ Kong Huayrai,,,,ทางหินแห่ Kong Huayrai
2026-08-09,th,Thailand,top_videos_weekly,,59,https://i.ytimg.com/vi/5ySwsjh7SLQ/mqdefault.jpg,ขึ้นใจ (3am call) Mirrr,,,,ขึ้นใจ (3am call) Mirrr
2026-08-09,th,Thailand,top_videos_weekly,,60,https://i.ytimg.com/vi/6JbqGuX3yOo/mqdefault.jpg,ไม่ได้ลืมแค่ไม่ได้เจอ (Live) guncharlie & PURPEECH,,,,ไม่ได้ลืมแค่ไม่ได้เจอ (Live) guncharlie & PURPEECH
2026-08-09,th,Thailand,top_videos_weekly,,61,https://i.ytimg.com/vi/grrF03UISJ0/mqdefault.jpg,ขอให้เธอมีสุข หนึ่ง บีเคแบนด์,,,,ขอให้เธอมีสุข หนึ่ง บีเคแบนด์
2026-08-09,th,Thailand,top_videos_weekly,,62,https://i.ytimg.com/vi/AyfZesBO4Vk/mqdefault.jpg,ไม่มีวันไหนที่ไม่คิดถึง (starlost.) PURPEECH,,,,ไม่มีวันไหนที่ไม่คิดถึง (starlost.) PURPEECH
2026-08-09,th,Thailand,top_videos_weekly,,63,https://i.ytimg.com/vi/-YOiOhpTb3A/mqdefault.jpg,5 STORY P6ICK,,"4月 6, 2026",475414,"63 5 STORY P6ICK 4月 6, 2026 58 15 475,414"
2026-08-09,th,Thailand,top_videos_weekly,,64,https://i.ytimg.com/vi/PJ1D_jdZiso/mqdefault.jpg,1 คนถูกของ เมนทอล,,"3月 12, 2026",445190,"64 1 คนถูกของ เมนทอล 3月 12, 2026 63 15 445,190"
2026-08-09,th,Thailand,top_videos_weekly,,65,https://i.ytimg.com/vi/34wnf8276O4/mqdefault.jpg,ภวังค์จิต ปราง ปรางทิพย์,,,,ภวังค์จิต ปราง ปรางทิพย์
2026-08-09,th,Thailand,top_videos_weekly,,66,https://i.ytimg.com/vi/n8DUuWNF39Y/mqdefault.jpg,หม้อหุงข้าว โจอี้ ภูวศิษฐ์,,,,หม้อหุงข้าว โจอี้ ภูวศิษฐ์
2026-08-09,th,Thailand,top_videos_weekly,,67,https://i.ytimg.com/vi/MInvZyjoN-Q/mqdefault.jpg,See You Somewhere (LIVE) 普提蓬·阿薩拉塔納功 & PURPEECH,,,,See You Somewhere (LIVE) 普提蓬·阿薩拉塔納功 & PURPEECH
2026-08-09,th,Thailand,top_videos_weekly,,68,https://i.ytimg.com/vi/XPzjSdLsUeI/mqdefault.jpg,My Sunshine ILLSLICK,,,,My Sunshine ILLSLICK
2026-08-09,th,Thailand,top_videos_weekly,,69,https://i.ytimg.com/vi/OKDmWASsZ-0/mqdefault.jpg,DMMA JustmineNika,,,,DMMA JustmineNika
2026-08-09,th,Thailand,top_videos_weekly,,70,https://i.ytimg.com/vi/NziqtvQ4aV4/mqdefault.jpg,เมืองหลวงใจร้าย นิว พงศกร,,,,เมืองหลวงใจร้าย นิว พงศกร
2026-08-09,th,Thailand,top_videos_weekly,,71,https://i.ytimg.com/vi/8F2s8ivKXNY/mqdefault.jpg,Life Goes On Oliver Tree,,,,Life Goes On Oliver Tree
2026-08-09,th,Thailand,top_videos_weekly,,72,https://i.ytimg.com/vi/DXvtelMvUy8/mqdefault.jpg,6 ทำใจไม่ได้ Z9,,"4月 29, 2026",405144,"72 6 ทำใจไม่ได้ Z9 4月 29, 2026 66 13 405,144"
2026-08-09,th,Thailand,top_videos_weekly,,73,https://i.ytimg.com/vi/x1yYLrWJwkk/mqdefault.jpg,เมื่อถูกค้นพบ (Finally She Found.) FREEHAND,,,,เมื่อถูกค้นพบ (Finally She Found.) FREEHAND
2026-08-09,th,Thailand,top_videos_weekly,,74,https://i.ytimg.com/vi/A_7lb9qjwGQ/mqdefault.jpg,ครองโลก Yungtarr,,,,ครองโลก Yungtarr
2026-08-09,th,Thailand,top_videos_weekly,,75,https://i.ytimg.com/vi/Ub6uvqmCfZo/mqdefault.jpg,ชีวิตไม่เคยง่ายเลยสักวัน Troy AxenRay,,,,ชีวิตไม่เคยง่ายเลยสักวัน Troy AxenRay
2026-08-09,th,Thailand,top_videos_weekly,,76,https://i.ytimg.com/vi/j1qw79H4eHU/mqdefault.jpg,8 สายไป 9tokyo,,"5月 24, 2025",394604,"76 8 สายไป 9tokyo 5月 24, 2025 84 2 394,604"
2026-08-09,th,Thailand,top_videos_weekly,,77,https://i.ytimg.com/vi/RXZ5X_LGX9Q/mqdefault.jpg,4 ใจสั่งมา Loso,,"11月 13, 2014",393593,"77 4 ใจสั่งมา Loso 11月 13, 2014 81 5 393,593"
2026-08-09,th,Thailand,top_videos_weekly,,78,https://i.ytimg.com/vi/v1t4MTqdfyI/mqdefault.jpg,hate that i made you love me Ariana Grande,,,,hate that i made you love me Ariana Grande
2026-08-09,th,Thailand,top_videos_weekly,,79,https://i.ytimg.com/vi/BcOlMcpvYRI/mqdefault.jpg,เหงา คิดถึง รอ 賽桑・蘇品麥,,,,เหงา คิดถึง รอ 賽桑・蘇品麥
2026-08-09,th,Thailand,top_videos_weekly,,80,https://i.ytimg.com/vi/qi2YSC_WcE8/mqdefault.jpg,ทางหินแห่ Kong Huayrai,,,,ทางหินแห่ Kong Huayrai
2026-08-09,th,Thailand,top_videos_weekly,,81,https://i.ytimg.com/vi/JcEeQh4Ov4M/mqdefault.jpg,รักให้เธอได้รู้ (Proof.) PUN,,,,รักให้เธอได้รู้ (Proof.) PUN
2026-08-09,th,Thailand,top_videos_weekly,,82,https://i.ytimg.com/vi/19A-4ktRX_Q/mqdefault.jpg,ซามสิพ้อ Vieng Naruemon & 蒙肯·根坤,,,,ซามสิพ้อ Vieng Naruemon & 蒙肯·根坤
2026-08-09,th,Thailand,top_videos_weekly,,83,https://i.ytimg.com/vi/nNvPtGewa_k/mqdefault.jpg,ความรักทำให้คนตาบอด Bodyslam,,,,ความรักทำให้คนตาบอด Bodyslam
2026-08-09,th,Thailand,top_videos_weekly,,84,https://i.ytimg.com/vi/9k0XHEkaEyM/mqdefault.jpg,Boon Kao (My old merit) Kong Huayrai,,,,Boon Kao (My old merit) Kong Huayrai
2026-08-09,th,Thailand,top_videos_weekly,,85,https://i.ytimg.com/vi/qFs5GirC05c/mqdefault.jpg,ตัวสำรอง Bedroom Audio,,,,ตัวสำรอง Bedroom Audio
2026-08-09,th,Thailand,top_videos_weekly,,86,https://i.ytimg.com/vi/nvwV381FQ80/mqdefault.jpg,ส่วนผสมลับ ( Secret ingredient ) Jh4y,,,,ส่วนผสมลับ ( Secret ingredient ) Jh4y
2026-08-09,th,Thailand,top_videos_weekly,,87,https://i.ytimg.com/vi/fYWuA3RCVWc/mqdefault.jpg,ยำละแง๊น(Remix) Am Seatwo & Ball Seatwo,,,,ยำละแง๊น(Remix) Am Seatwo & Ball Seatwo
2026-08-09,th,Thailand,top_videos_weekly,,88,https://i.ytimg.com/vi/JeHnrF61J80/mqdefault.jpg,ถอนคำสาบาน อะตอม ตาปีมิวสิคกรุ๊ป,,,,ถอนคำสาบาน อะตอม ตาปีมิวสิคกรุ๊ป
2026-08-09,th,Thailand,top_videos_weekly,,89,https://i.ytimg.com/vi/ejBg3-4kAFo/mqdefault.jpg,เอาที่บายใจ บ่าววี,,,,เอาที่บายใจ บ่าววี
2026-08-09,th,Thailand,top_videos_weekly,,90,https://i.ytimg.com/vi/5UqInlWu6Zg/mqdefault.jpg,ขาดความอบอุ่น genie records & FREEHAND,,,,ขาดความอบอุ่น genie records & FREEHAND
2026-08-09,th,Thailand,top_videos_weekly,,91,https://i.ytimg.com/vi/PLJ0C7w4ka8/mqdefault.jpg,ความคิดถึงที่เต็มไปด้วยน้ำตา โชเล่ย์ ชคัทพล & NOT'TOY,,,,ความคิดถึงที่เต็มไปด้วยน้ำตา โชเล่ย์ ชคัทพล & NOT'TOY
2026-08-09,th,Thailand,top_videos_weekly,,92,https://i.ytimg.com/vi/9GO1eNMxfzI/mqdefault.jpg,92 เคยรัก 9tokyo,,"6月 19, 2025",330471,"92 92 เคยรัก 9tokyo 6月 19, 2025 - 2 330,471"
2026-08-09,th,Thailand,top_videos_weekly,,93,https://i.ytimg.com/vi/fMvLGNEvlZk/mqdefault.jpg,เธอแค่ผ่านมา ณ Na Naruechaphon,,,,เธอแค่ผ่านมา ณ Na Naruechaphon
2026-08-09,th,Thailand,top_videos_weekly,,94,https://i.ytimg.com/vi/bvkIb4Pq5zA/mqdefault.jpg,ที่รัก (เธอ) Ake Surachet,,,,ที่รัก (เธอ) Ake Surachet
2026-08-09,th,Thailand,top_videos_weekly,,95,https://i.ytimg.com/vi/xHHLnoI-904/mqdefault.jpg,คนไปไม่รู้ คนอยู่ไม่ไหวแล้ว โชเล่ย์ ชคัทพล,,,,คนไปไม่รู้ คนอยู่ไม่ไหวแล้ว โชเล่ย์ ชคัทพล
2026-08-09,th,Thailand,top_videos_weekly,,96,https://i.ytimg.com/vi/NBw1jF342vw/mqdefault.jpg,ปฏิเสธไม่ไหว Lipta,,,,ปฏิเสธไม่ไหว Lipta
2026-08-09,th,Thailand,top_videos_weekly,,97,https://i.ytimg.com/vi/3wB76xlxUEU/mqdefault.jpg,ไปอยู่ที่ไหนมา Lipta,,,,ไปอยู่ที่ไหนมา Lipta
2026-08-09,th,Thailand,top_videos_weekly,,98,https://i.ytimg.com/vi/O4K2scQxioM/mqdefault.jpg,หมดชีวิต(ฉันให้เธอ) Zeal & Buachompoo Ford,,,,หมดชีวิต(ฉันให้เธอ) Zeal & Buachompoo Ford
2026-08-09,th,Thailand,top_videos_weekly,,99,https://i.ytimg.com/vi/6Ejga4kJUts/mqdefault.jpg,Zombie The Cranberries,,,,Zombie The Cranberries
2026-08-09,th,Thailand,top_videos_weekly,,100,https://i.ytimg.com/vi/0S04w0AI-Ec/mqdefault.jpg,Miss Call genie Season & GOODMOOD,,,,Miss Call genie Season & GOODMOOD
2026-08-09,id,Indonesia,top_videos_weekly,,1,https://i.ytimg.com/vi/RO75uUZiAw0/mqdefault.jpg,1 Teh Hijau 圖魯斯,,"6月 29, 2026",3619334,"1 1 Teh Hijau 圖魯斯 6月 29, 2026 2 4 3,619,334"
2026-08-09,id,Indonesia,top_videos_weekly,,2,https://i.ytimg.com/vi/Nskf70DMR60/mqdefault.jpg,Sesi Potret eńau,,,,Sesi Potret eńau
2026-08-09,id,Indonesia,top_videos_weekly,,3,https://i.ytimg.com/vi/K-7olbaOelg/mqdefault.jpg,MMG (My Mine Gueh) Naykilla,,,,MMG (My Mine Gueh) Naykilla
2026-08-09,id,Indonesia,top_videos_weekly,,4,https://i.ytimg.com/vi/38_bAaFI41w/mqdefault.jpg,Don't Force Your Longing Ifan Seventeen,,,,Don't Force Your Longing Ifan Seventeen
2026-08-09,id,Indonesia,top_videos_weekly,,5,https://i.ytimg.com/vi/F0d8JJUNkqo/mqdefault.jpg,"Tabola Bale SILET OPEN UP , Jacson Zeran , Juan Reza & Diva Aurel",,,,"Tabola Bale SILET OPEN UP , Jacson Zeran , Juan Reza & Diva Aurel"
2026-08-09,id,Indonesia,top_videos_weekly,,6,https://i.ytimg.com/vi/awWKxGftWh4/mqdefault.jpg,Dunia Yang Nanti Raim Laode,,,,Dunia Yang Nanti Raim Laode
2026-08-09,id,Indonesia,top_videos_weekly,,7,https://i.ytimg.com/vi/0SbnqsQInqE/mqdefault.jpg,MUTIARA Ipank & Kintani,,,,MUTIARA Ipank & Kintani
2026-08-09,id,Indonesia,top_videos_weekly,,8,https://i.ytimg.com/vi/2uJut6USftQ/mqdefault.jpg,● Jatuh Suka 圖魯斯,,"3月 2, 2022",1645443,"8 ● Jatuh Suka 圖魯斯 3月 2, 2022 8 38 1,645,443"
2026-08-09,id,Indonesia,top_videos_weekly,,9,https://i.ytimg.com/vi/WZYUSaHlGlk/mqdefault.jpg,NEGORO ANGIN Denny Caknan,,,,NEGORO ANGIN Denny Caknan
2026-08-09,id,Indonesia,top_videos_weekly,,10,https://i.ytimg.com/vi/M7oZR-MTEZs/mqdefault.jpg,Iqro' Raim Laode,,,,Iqro' Raim Laode
2026-08-09,id,Indonesia,top_videos_weekly,,11,https://i.ytimg.com/vi/0VOhIR3bnXY/mqdefault.jpg,"ORANG BARU LEBE GACOR Ecko Show , Juan Reza & CHESYLINO",,,,"ORANG BARU LEBE GACOR Ecko Show , Juan Reza & CHESYLINO"
2026-08-09,id,Indonesia,top_videos_weekly,,12,https://i.ytimg.com/vi/qQDaxjLReck/mqdefault.jpg,Ini Abadi Perunggu,,,,Ini Abadi Perunggu
2026-08-09,id,Indonesia,top_videos_weekly,,13,https://i.ytimg.com/vi/OT5msu-dap8/mqdefault.jpg,Shape Of My Heart Backstreet Boys,,,,Shape Of My Heart Backstreet Boys
2026-08-09,id,Indonesia,top_videos_weekly,,14,https://i.ytimg.com/vi/wPb_miODtDI/mqdefault.jpg,Astaga Bercanda Akbar Chalay & Mingse,,,,Astaga Bercanda Akbar Chalay & Mingse
2026-08-09,id,Indonesia,top_videos_weekly,,15,https://i.ytimg.com/vi/yIPX-FNJ9qk/mqdefault.jpg,Sedia Aku Sebelum Hujan Idgitaf,,,,Sedia Aku Sebelum Hujan Idgitaf
2026-08-09,id,Indonesia,top_videos_weekly,,16,https://i.ytimg.com/vi/OQNu-iB2tE8/mqdefault.jpg,Titik Nadir Kahitna & Monita Tahalea,,,,Titik Nadir Kahitna & Monita Tahalea
2026-08-09,id,Indonesia,top_videos_weekly,,17,https://i.ytimg.com/vi/OErndIcI8gE/mqdefault.jpg,Alamak Rizky Febian & Adrian Khalif,,,,Alamak Rizky Febian & Adrian Khalif
2026-08-09,id,Indonesia,top_videos_weekly,,18,https://i.ytimg.com/vi/7SqNVv98e8Q/mqdefault.jpg,Kita usahakan rumah itu Sal Priadi,,,,Kita usahakan rumah itu Sal Priadi
2026-08-09,id,Indonesia,top_videos_weekly,,19,https://i.ytimg.com/vi/MW9BbTJrMig/mqdefault.jpg,Sia Sia Mengharap Cintamu Els Warouw,,,,Sia Sia Mengharap Cintamu Els Warouw
2026-08-09,id,Indonesia,top_videos_weekly,,20,https://i.ytimg.com/vi/_IT83Y_HcAw/mqdefault.jpg,Less than a Lover JENNIE,,,,Less than a Lover JENNIE
2026-08-09,id,Indonesia,top_videos_weekly,,21,https://i.ytimg.com/vi/_e9xhF69kFs/mqdefault.jpg,Negoro Angin Silvy Kumalasari,,,,Negoro Angin Silvy Kumalasari
2026-08-09,id,Indonesia,top_videos_weekly,,22,https://i.ytimg.com/vi/grp6FCnioMM/mqdefault.jpg,kota ini tak sama tanpamu Nadhif Basalamah,,,,kota ini tak sama tanpamu Nadhif Basalamah
2026-08-09,id,Indonesia,top_videos_weekly,,23,https://i.ytimg.com/vi/cUnYmncAvP4/mqdefault.jpg,1 33x Perunggu,,"3月 10, 2022",1060332,"23 1 33x Perunggu 3月 10, 2022 22 40 1,060,332"
2026-08-09,id,Indonesia,top_videos_weekly,,24,https://i.ytimg.com/vi/V6cQ4LyvOgg/mqdefault.jpg,0X Ghea Indrawari,,,,1000X Ghea Indrawari
2026-08-09,id,Indonesia,top_videos_weekly,,25,https://i.ytimg.com/vi/qa-HkDhWh1U/mqdefault.jpg,Edan Turun Wafiq Azizah,,,,Edan Turun Wafiq Azizah
2026-08-09,id,Indonesia,top_videos_weekly,,26,https://i.ytimg.com/vi/cmICctnAWCY/mqdefault.jpg,kota ini tak sama tanpamu Nadhif Basalamah,,,,kota ini tak sama tanpamu Nadhif Basalamah
2026-08-09,id,Indonesia,top_videos_weekly,,27,https://i.ytimg.com/vi/jmvX6XyvCy0/mqdefault.jpg,Bersenja Gurau Raim Laode,,,,Bersenja Gurau Raim Laode
2026-08-09,id,Indonesia,top_videos_weekly,,28,https://i.ytimg.com/vi/tAbHxboRGoU/mqdefault.jpg,AMBON MANISE Toton Caribo,,,,AMBON MANISE Toton Caribo
2026-08-09,id,Indonesia,top_videos_weekly,,29,https://i.ytimg.com/vi/EngPsM8VnzM/mqdefault.jpg,"Kicau Mania Ndarboy Genk , Banditoz Yaow 86 & BoyCord",,,,"Kicau Mania Ndarboy Genk , Banditoz Yaow 86 & BoyCord"
2026-08-09,id,Indonesia,top_videos_weekly,,30,https://i.ytimg.com/vi/NRGDT2UUlsk/mqdefault.jpg,● Jatuh Suka 圖魯斯,,"9月 28, 2025",887197,"30 ● Jatuh Suka 圖魯斯 9月 28, 2025 30 5 887,197"
2026-08-09,id,Indonesia,top_videos_weekly,,31,https://i.ytimg.com/vi/cQLbKBu9vlY/mqdefault.jpg,Bukan Ku Tak Sudi Iklim,,,,Bukan Ku Tak Sudi Iklim
2026-08-09,id,Indonesia,top_videos_weekly,,32,https://i.ytimg.com/vi/fcnDmrtj6Sk/mqdefault.jpg,Dai Dai Shakira & Burna Boy,,,,Dai Dai Shakira & Burna Boy
2026-08-09,id,Indonesia,top_videos_weekly,,33,https://i.ytimg.com/vi/uf721kddxuM/mqdefault.jpg,1x Adrian Khalif,,,,2001x Adrian Khalif
2026-08-09,id,Indonesia,top_videos_weekly,,34,https://i.ytimg.com/vi/k0ubS6BhHu4/mqdefault.jpg,"Garam & Madu Tenxi , Jemsii & Naykilla",,,,"Garam & Madu Tenxi , Jemsii & Naykilla"
2026-08-09,id,Indonesia,top_videos_weekly,,35,https://i.ytimg.com/vi/NOiQfCVjAsQ/mqdefault.jpg,"MUTIARA (Live) Laila Ayu , Irwan D'Academy & SIMPATIK MUSIC",,,,"MUTIARA (Live) Laila Ayu , Irwan D'Academy & SIMPATIK MUSIC"
2026-08-09,id,Indonesia,top_videos_weekly,,36,https://i.ytimg.com/vi/lY2yjAdbvdQ/mqdefault.jpg,Treat You Better Shawn Mendes,,,,Treat You Better Shawn Mendes
2026-08-09,id,Indonesia,top_videos_weekly,,37,https://i.ytimg.com/vi/o0tVo09Rjyw/mqdefault.jpg,5 Salah Apa Ipank,,"2月 8, 2026",755224,"37 5 Salah Apa Ipank 2月 8, 2026 32 8 755,224"
2026-08-09,id,Indonesia,top_videos_weekly,,38,https://i.ytimg.com/vi/m_2GEsOIzmc/mqdefault.jpg,Bounce & Pa Bkb Vian DTM,,,,Bounce & Pa Bkb Vian DTM
2026-08-09,id,Indonesia,top_videos_weekly,,39,https://i.ytimg.com/vi/1WeCPL58Ijg/mqdefault.jpg,ANGEL 2 (Live) Ajeng Febria,,,,ANGEL 2 (Live) Ajeng Febria
2026-08-09,id,Indonesia,top_videos_weekly,,40,https://i.ytimg.com/vi/yODOga1B1u8/mqdefault.jpg,RINDU SERINDU RINDUNYA Decky Ryan,,,,RINDU SERINDU RINDUNYA Decky Ryan
2026-08-09,id,Indonesia,top_videos_weekly,,41,https://i.ytimg.com/vi/1VqxWNwgf5Q/mqdefault.jpg,Lemon Tang Hearts2Hearts,,,,Lemon Tang Hearts2Hearts
2026-08-09,id,Indonesia,top_videos_weekly,,42,https://i.ytimg.com/vi/lv8faRQ7Ve8/mqdefault.jpg,TABOLA BALE ADAGIO Sekolah Musik,,,,TABOLA BALE ADAGIO Sekolah Musik
2026-08-09,id,Indonesia,top_videos_weekly,,43,https://i.ytimg.com/vi/4VVvXjmRk6g/mqdefault.jpg,BODY PATA PATA Faris Adam,,,,BODY PATA PATA Faris Adam
2026-08-09,id,Indonesia,top_videos_weekly,,44,https://i.ytimg.com/vi/PqTRMsd8uRQ/mqdefault.jpg,Aku Harus Pergi Whisnu Santika,,,,Aku Harus Pergi Whisnu Santika
2026-08-09,id,Indonesia,top_videos_weekly,,45,https://i.ytimg.com/vi/vDSUmX2zOGk/mqdefault.jpg,"Kasih Aba Aba Naykilla , Tenxi & Jemsii",,,,"Kasih Aba Aba Naykilla , Tenxi & Jemsii"
2026-08-09,id,Indonesia,top_videos_weekly,,46,https://i.ytimg.com/vi/lCIX4hd_geU/mqdefault.jpg,LAUT KIDUL (Live) Denny Caknan,,,,LAUT KIDUL (Live) Denny Caknan
2026-08-09,id,Indonesia,top_videos_weekly,,47,https://i.ytimg.com/vi/Gvn8-id8U0o/mqdefault.jpg,Raiso Ngapusi 2 Tekomlaku,,,,Raiso Ngapusi 2 Tekomlaku
2026-08-09,id,Indonesia,top_videos_weekly,,48,https://i.ytimg.com/vi/yebNIHKAC4A/mqdefault.jpg,"Golden HUNTR/X , EJAE , AUDREY NUNA , REI AMI & KPop Demon Hunters Cast",,,,"Golden HUNTR/X , EJAE , AUDREY NUNA , REI AMI & KPop Demon Hunters Cast"
2026-08-09,id,Indonesia,top_videos_weekly,,49,https://i.ytimg.com/vi/YV0Fhjp1ugQ/mqdefault.jpg,Bahagia Lagi Piche Kota,,,,Bahagia Lagi Piche Kota
2026-08-09,id,Indonesia,top_videos_weekly,,50,https://i.ytimg.com/vi/WhEUZrB2Osc/mqdefault.jpg,Berapa Kali Kita Akan Saling Memaafkan Pamungkas,,,,Berapa Kali Kita Akan Saling Memaafkan Pamungkas
2026-08-09,id,Indonesia,top_videos_weekly,,51,https://i.ytimg.com/vi/QGZ1tR-xMLo/mqdefault.jpg,Titik Nadir Kahitna & Monita Tahalea,,,,Titik Nadir Kahitna & Monita Tahalea
2026-08-09,id,Indonesia,top_videos_weekly,,52,https://i.ytimg.com/vi/ThGYCL1zERU/mqdefault.jpg,Raci Kuah Fresly Nikijuluw,,,,Raci Kuah Fresly Nikijuluw
2026-08-09,id,Indonesia,top_videos_weekly,,53,https://i.ytimg.com/vi/R5PyKEgKYUE/mqdefault.jpg,Jambu Alas Della Monica,,,,Jambu Alas Della Monica
2026-08-09,id,Indonesia,top_videos_weekly,,54,https://i.ytimg.com/vi/XY9JR07il_U/mqdefault.jpg,Keong Racun Ajeng Febria,,,,Keong Racun Ajeng Febria
2026-08-09,id,Indonesia,top_videos_weekly,,55,https://i.ytimg.com/vi/9WHWkEJLKJM/mqdefault.jpg,IQRO' Raim Laode,,,,IQRO' Raim Laode
2026-08-09,id,Indonesia,top_videos_weekly,,56,https://i.ytimg.com/vi/D-VytLhH-KE/mqdefault.jpg,● Bersamamu Jaz,,"6月 9, 2023",595313,"56 ● Bersamamu Jaz 6月 9, 2023 56 44 595,313"
2026-08-09,id,Indonesia,top_videos_weekly,,57,https://i.ytimg.com/vi/INwWgtkL3Cg/mqdefault.jpg,Jangan Pernah Berubah ST 12,,,,Jangan Pernah Berubah ST 12
2026-08-09,id,Indonesia,top_videos_weekly,,58,https://i.ytimg.com/vi/uX7sposDAzc/mqdefault.jpg,Ngga Dulu Akbar Chalay,,,,Ngga Dulu Akbar Chalay
2026-08-09,id,Indonesia,top_videos_weekly,,59,https://i.ytimg.com/vi/Soa3XwY-x08/mqdefault.jpg,7 SO ASU Naykilla,,"5月 12, 2026",582216,"59 7 SO ASU Naykilla 5月 12, 2026 66 2 582,216"
2026-08-09,id,Indonesia,top_videos_weekly,,60,https://i.ytimg.com/vi/R-DKGaY1xqo/mqdefault.jpg,ASSALAMUALAIKA Versi Tiga Bahasa Wangi Inema,,,,ASSALAMUALAIKA Versi Tiga Bahasa Wangi Inema
2026-08-09,id,Indonesia,top_videos_weekly,,61,https://i.ytimg.com/vi/FcejdBgc_58/mqdefault.jpg,Terpukau (Video Clip) Astrid,,,,Terpukau (Video Clip) Astrid
2026-08-09,id,Indonesia,top_videos_weekly,,62,https://i.ytimg.com/vi/FdRc9JTjTLs/mqdefault.jpg,Menari Diatas Luka 戴基·萊恩,,,,Menari Diatas Luka 戴基·萊恩
2026-08-09,id,Indonesia,top_videos_weekly,,63,https://i.ytimg.com/vi/UCDI0rblZQs/mqdefault.jpg,rollerblade no na,,,,rollerblade no na
2026-08-09,id,Indonesia,top_videos_weekly,,64,https://i.ytimg.com/vi/4oB6BjcHJec/mqdefault.jpg,Bebaskan Diriku Mario G Klau,,,,Bebaskan Diriku Mario G Klau
2026-08-09,id,Indonesia,top_videos_weekly,,65,https://i.ytimg.com/vi/UhLByWDlQLk/mqdefault.jpg,Gerimis Mengundang 戴基·萊恩,,,,Gerimis Mengundang 戴基·萊恩
2026-08-09,id,Indonesia,top_videos_weekly,,66,https://i.ytimg.com/vi/tg1-lsWb5IE/mqdefault.jpg,Eling Ae Arya Galih,,,,Eling Ae Arya Galih
2026-08-09,id,Indonesia,top_videos_weekly,,67,https://i.ytimg.com/vi/-ktlIHSOOmk/mqdefault.jpg,AKU DAH LUPA MikkyZia & F4dli,,,,AKU DAH LUPA MikkyZia & F4dli
2026-08-09,id,Indonesia,top_videos_weekly,,68,https://i.ytimg.com/vi/MjnfbHsIz0c/mqdefault.jpg,Semua Tak Sama Padi,,,,Semua Tak Sama Padi
2026-08-09,id,Indonesia,top_videos_weekly,,69,https://i.ytimg.com/vi/mEGAeUoU53Y/mqdefault.jpg,Satu Rasa Cinta Els Warouw,,,,Satu Rasa Cinta Els Warouw
2026-08-09,id,Indonesia,top_videos_weekly,,70,https://i.ytimg.com/vi/8F2s8ivKXNY/mqdefault.jpg,Life Goes On Oliver Tree,,,,Life Goes On Oliver Tree
2026-08-09,id,Indonesia,top_videos_weekly,,71,https://i.ytimg.com/vi/OqsM5kQYjTc/mqdefault.jpg,Lebih Indah Adera,,,,Lebih Indah Adera
2026-08-09,id,Indonesia,top_videos_weekly,,72,https://i.ytimg.com/vi/uGxaFiHD7PI/mqdefault.jpg,Menari,nari Raim Laode,,,Menari-nari Raim Laode
2026-08-09,id,Indonesia,top_videos_weekly,,73,https://i.ytimg.com/vi/RswcnKZmnbk/mqdefault.jpg,Sudah Tahu Tuhan Kita Berbeda eńau,,,,Sudah Tahu Tuhan Kita Berbeda eńau
2026-08-09,id,Indonesia,top_videos_weekly,,74,https://i.ytimg.com/vi/rgSzJixLwG8/mqdefault.jpg,Rahasia Hati Element,,,,Rahasia Hati Element
2026-08-09,id,Indonesia,top_videos_weekly,,75,https://i.ytimg.com/vi/vf3zFvcKQkw/mqdefault.jpg,Heaven Bryan Adams,,,,Heaven Bryan Adams
2026-08-09,id,Indonesia,top_videos_weekly,,76,https://i.ytimg.com/vi/nYLaeQ0_TjY/mqdefault.jpg,Mencari Alasan Exists,,,,Mencari Alasan Exists
2026-08-09,id,Indonesia,top_videos_weekly,,77,https://i.ytimg.com/vi/zyLmavBAY7k/mqdefault.jpg,40 Teh Hijau 圖魯斯,,"7月 10, 2026",462153,"77 40 Teh Hijau 圖魯斯 7月 10, 2026 37 3 462,153"
2026-08-09,id,Indonesia,top_videos_weekly,,78,https://i.ytimg.com/vi/1gRZjdf02bo/mqdefault.jpg,Tanpo Hubungan La Tasya,,,,Tanpo Hubungan La Tasya
2026-08-09,id,Indonesia,top_videos_weekly,,79,https://i.ytimg.com/vi/qZIQAk-BUEc/mqdefault.jpg,Melukis Senja Budi Doremi,,,,Melukis Senja Budi Doremi
2026-08-09,id,Indonesia,top_videos_weekly,,80,https://i.ytimg.com/vi/5aXjNhFdSwQ/mqdefault.jpg,NEGORO ANGIN Niken Salindry,,,,NEGORO ANGIN Niken Salindry
2026-08-09,id,Indonesia,top_videos_weekly,,81,https://i.ytimg.com/vi/KzbrDZwLwv0/mqdefault.jpg,Kehadiranmu Vagetoz,,,,Kehadiranmu Vagetoz
2026-08-09,id,Indonesia,top_videos_weekly,,82,https://i.ytimg.com/vi/HgRsmSyy_Fw/mqdefault.jpg,PEARL Difarina Indra & Fendik Adella,,,,PEARL Difarina Indra & Fendik Adella
2026-08-09,id,Indonesia,top_videos_weekly,,83,https://i.ytimg.com/vi/QCE3_GuF5qA/mqdefault.jpg,Denok Silvy Kumalasari,,,,Denok Silvy Kumalasari
2026-08-09,id,Indonesia,top_videos_weekly,,84,https://i.ytimg.com/vi/yxa21u33lXQ/mqdefault.jpg,Lembaran baru 黛西·藍娜莎莉,,,,Lembaran baru 黛西·藍娜莎莉
2026-08-09,id,Indonesia,top_videos_weekly,,85,https://i.ytimg.com/vi/KijIOBYbAfo/mqdefault.jpg,Kari Cerito Mufly Key,,,,Kari Cerito Mufly Key
2026-08-09,id,Indonesia,top_videos_weekly,,86,https://i.ytimg.com/vi/6-_8gXbJPDw/mqdefault.jpg,HATI YANG LUKA Dilla Novera,,,,HATI YANG LUKA Dilla Novera
2026-08-09,id,Indonesia,top_videos_weekly,,87,https://i.ytimg.com/vi/QdgjTzoSFpM/mqdefault.jpg,rollerblade no na,,,,rollerblade no na
2026-08-09,id,Indonesia,top_videos_weekly,,88,https://i.ytimg.com/vi/BcqxLCWn-CE/mqdefault.jpg,I Like Me Better Lauv,,,,I Like Me Better Lauv
2026-08-09,id,Indonesia,top_videos_weekly,,89,https://i.ytimg.com/vi/3eT464L1YRA/mqdefault.jpg,Heaven Bryan Adams,,,,Heaven Bryan Adams
2026-08-09,id,Indonesia,top_videos_weekly,,90,https://i.ytimg.com/vi/Y0pdQU87dc8/mqdefault.jpg,(Everything I Do) I Do It For You Bryan Adams,,,,(Everything I Do) I Do It For You Bryan Adams
2026-08-09,id,Indonesia,top_videos_weekly,,91,https://i.ytimg.com/vi/78wrful9cVU/mqdefault.jpg,Drop Dead Olivia Rodrigo,,,,Drop Dead Olivia Rodrigo
2026-08-09,id,Indonesia,top_videos_weekly,,92,https://i.ytimg.com/vi/inxzQt78lOk/mqdefault.jpg,KISS N TELL aespa,,,,KISS N TELL aespa
2026-08-09,id,Indonesia,top_videos_weekly,,93,https://i.ytimg.com/vi/zt4NeGqnCOk/mqdefault.jpg,Jadi Kekasihku Saja (Official Music Video) Keisya Levronka,,,,Jadi Kekasihku Saja (Official Music Video) Keisya Levronka
2026-08-09,id,Indonesia,top_videos_weekly,,94,https://i.ytimg.com/vi/C2AFd1PLsF8/mqdefault.jpg,"Berdansalah, Karir Ini Tak Ada Artinya Hindia",,,,"Berdansalah, Karir Ini Tak Ada Artinya Hindia"
2026-08-09,id,Indonesia,top_videos_weekly,,95,https://i.ytimg.com/vi/vJDa6DMfx4c/mqdefault.jpg,Percuma Vendetta rap,,,,Percuma Vendetta rap
2026-08-09,id,Indonesia,top_videos_weekly,,96,https://i.ytimg.com/vi/jStNaVCW838/mqdefault.jpg,Sempurna Andra & the Backbone,,,,Sempurna Andra & the Backbone
2026-08-09,id,Indonesia,top_videos_weekly,,97,https://i.ytimg.com/vi/1lrFsXkT_rM/mqdefault.jpg,Sailor Song Gigi Perez,,,,Sailor Song Gigi Perez
2026-08-09,id,Indonesia,top_videos_weekly,,98,https://i.ytimg.com/vi/vOySsiH08wo/mqdefault.jpg,Jangan Salahkan Siapa Dilla Novera,,,,Jangan Salahkan Siapa Dilla Novera
2026-08-09,id,Indonesia,top_videos_weekly,,99,https://i.ytimg.com/vi/XFkzRNyygfk/mqdefault.jpg,Creep 電台司令,,"7月 18, 2008",397726,"99 New Creep 電台司令 7月 18, 2008 - 1 397,726"
2026-08-09,id,Indonesia,top_videos_weekly,,100,https://i.ytimg.com/vi/ojRzrlJpLME/mqdefault.jpg,Istana Bintang Setia Band,,,,Istana Bintang Setia Band
2026-08-09,in,India,top_videos_weekly,,1,https://i.ytimg.com/vi/u9BdaJTWeiw/mqdefault.jpg,Barbaadi Shilpi Raj,,,,Barbaadi Shilpi Raj
2026-08-09,in,India,top_videos_weekly,,2,https://i.ytimg.com/vi/YyepU5ztLf4/mqdefault.jpg,"Shararat Madhubanti Bagchi , 雅斯文·桑德拉斯 & 沙赫瓦特·薩赫迪夫",,,,"Shararat Madhubanti Bagchi , 雅斯文·桑德拉斯 & 沙赫瓦特·薩赫迪夫"
2026-08-09,in,India,top_videos_weekly,,3,https://i.ytimg.com/vi/A_RV2H2F9jw/mqdefault.jpg,"Basinga Balaalu Srinidhi Nerella , Kalyan Keys & Swamy Naresh",,,,"Basinga Balaalu Srinidhi Nerella , Kalyan Keys & Swamy Naresh"
2026-08-09,in,India,top_videos_weekly,,4,https://i.ytimg.com/vi/ZvXN0TcZLfQ/mqdefault.jpg,Fortuner Raj Mawar & Ruchika Jangid,,,,Fortuner Raj Mawar & Ruchika Jangid
2026-08-09,in,India,top_videos_weekly,,5,https://i.ytimg.com/vi/F2m4HPLvj-4/mqdefault.jpg,"Jaiye Sajana 雅斯文·桑德拉斯 , 施廷德·薩爾塔 & 沙赫瓦特·薩赫迪夫",,,,"Jaiye Sajana 雅斯文·桑德拉斯 , 施廷德·薩爾塔 & 沙赫瓦特·薩赫迪夫"
2026-08-09,in,India,top_videos_weekly,,6,https://i.ytimg.com/vi/LX2zshAgECQ/mqdefault.jpg,"Aankhon Se Tune 2.0 Dev Negi , Palak Muchhal , Kumar Sanu & Alka Yagnik",,,,"Aankhon Se Tune 2.0 Dev Negi , Palak Muchhal , Kumar Sanu & Alka Yagnik"
2026-08-09,in,India,top_videos_weekly,,7,https://i.ytimg.com/vi/b68HETiNO98/mqdefault.jpg,Pavazha Malli Sai Abhyankkar & Shruti Haasan,,,,Pavazha Malli Sai Abhyankkar & Shruti Haasan
2026-08-09,in,India,top_videos_weekly,,8,https://i.ytimg.com/vi/aRNfSqsgrgE/mqdefault.jpg,Sheesha Mitta Ror & Swara Verma,,,,Sheesha Mitta Ror & Swara Verma
2026-08-09,in,India,top_videos_weekly,,9,https://i.ytimg.com/vi/cL0KKSPjZf8/mqdefault.jpg,Boom Shaka KR$NA & Dhanda Nyoliwala,,,,Boom Shaka KR$NA & Dhanda Nyoliwala
2026-08-09,in,India,top_videos_weekly,,10,https://i.ytimg.com/vi/oafxkMv4xnc/mqdefault.jpg,1 Bairan Banjaare,,"2月 13, 2026",5978600,"10 1 Bairan Banjaare 2月 13, 2026 9 21 5,978,600"
2026-08-09,in,India,top_videos_weekly,,11,https://i.ytimg.com/vi/bP8ATWCvqzw/mqdefault.jpg,Arz Kiya Hai Anuv Jain,,,,Arz Kiya Hai Anuv Jain
2026-08-09,in,India,top_videos_weekly,,12,https://i.ytimg.com/vi/v5jVX0QYwQo/mqdefault.jpg,"Shararat Madhubanti Bagchi , 雅斯文·桑德拉斯 & 沙赫瓦特·薩赫迪夫",,,,"Shararat Madhubanti Bagchi , 雅斯文·桑德拉斯 & 沙赫瓦特·薩赫迪夫"
2026-08-09,in,India,top_videos_weekly,,13,https://i.ytimg.com/vi/GVizJ_jpUnw/mqdefault.jpg,"Gehra Hua Arijit Singh , Armaan Khan , 沙赫瓦特·薩赫迪夫 & Irshad Kamil",,,,"Gehra Hua Arijit Singh , Armaan Khan , 沙赫瓦特·薩赫迪夫 & Irshad Kamil"
2026-08-09,in,India,top_videos_weekly,,14,https://i.ytimg.com/vi/ZcO4s0UU4Uk/mqdefault.jpg,"Kamar DJ Pe Manish Sonipat Aala , Bali Sharma & Vampire",,,,"Kamar DJ Pe Manish Sonipat Aala , Bali Sharma & Vampire"
2026-08-09,in,India,top_videos_weekly,,15,https://i.ytimg.com/vi/asG7cwxi1sA/mqdefault.jpg,"Saiyaara 舒蕾亞·戈沙爾 , Arslan Nizami & Irshad Kamil",,,,"Saiyaara 舒蕾亞·戈沙爾 , Arslan Nizami & Irshad Kamil"
2026-08-09,in,India,top_videos_weekly,,16,https://i.ytimg.com/vi/GX9x62kFsVU/mqdefault.jpg,"Gehra Hua Arijit Singh , Armaan Khan , 沙赫瓦特·薩赫迪夫 & Irshad Kamil",,,,"Gehra Hua Arijit Singh , Armaan Khan , 沙赫瓦特·薩赫迪夫 & Irshad Kamil"
2026-08-09,in,India,top_videos_weekly,,17,https://i.ytimg.com/vi/QHdajZktFEU/mqdefault.jpg,Bangles Sanju Rathod & G,SPXRK,,,Bangles Sanju Rathod & G-SPXRK
2026-08-09,in,India,top_videos_weekly,,18,https://i.ytimg.com/vi/iAtoZar5W58/mqdefault.jpg,"Aaya Sher Jangi Reddy , Arjun Chandy , 安尼魯德・瑞維奇德 & Kasarla Shyam",,,,"Aaya Sher Jangi Reddy , Arjun Chandy , 安尼魯德・瑞維奇德 & Kasarla Shyam"
2026-08-09,in,India,top_videos_weekly,,19,https://i.ytimg.com/vi/6zDfwVSvyEk/mqdefault.jpg,"Hellallallo Rakshita Suresh , A. R. Rahman & Varadaraj Chikkaballapura",,,,"Hellallallo Rakshita Suresh , A. R. Rahman & Varadaraj Chikkaballapura"
2026-08-09,in,India,top_videos_weekly,,20,https://i.ytimg.com/vi/fcnDmrtj6Sk/mqdefault.jpg,Dai Dai Shakira & Burna Boy,,,,Dai Dai Shakira & Burna Boy
2026-08-09,in,India,top_videos_weekly,,21,https://i.ytimg.com/vi/jZEA2mMwL1k/mqdefault.jpg,Mutta Kalakki Ken Karunaas,,,,Mutta Kalakki Ken Karunaas
2026-08-09,in,India,top_videos_weekly,,22,https://i.ytimg.com/vi/-gZylSjWtPo/mqdefault.jpg,Nach Nagin Jaisan Raushan Rohi & Khushi Kakkar,,,,Nach Nagin Jaisan Raushan Rohi & Khushi Kakkar
2026-08-09,in,India,top_videos_weekly,,23,https://i.ytimg.com/vi/Oyw1Eo21q5k/mqdefault.jpg,Kabze Bintu Pabra & Shiva Choudhary,,,,Kabze Bintu Pabra & Shiva Choudhary
2026-08-09,in,India,top_videos_weekly,,24,https://i.ytimg.com/vi/NJ1NIIdHhXs/mqdefault.jpg,Bum Bum Bole Shaan & 阿米爾·罕,,,,Bum Bum Bole Shaan & 阿米爾·罕
2026-08-09,in,India,top_videos_weekly,,25,https://i.ytimg.com/vi/9dV6Hl2u3vM/mqdefault.jpg,Neno Butterfly Sublahshini & G.V. Prakash Kumar,,,,Neno Butterfly Sublahshini & G.V. Prakash Kumar
2026-08-09,in,India,top_videos_weekly,,26,https://i.ytimg.com/vi/yrjDEU9F1bw/mqdefault.jpg,"Bairi Virat , Pradeep Solanki & Heena",,,,"Bairi Virat , Pradeep Solanki & Heena"
2026-08-09,in,India,top_videos_weekly,,27,https://i.ytimg.com/vi/rC-kbRanJQ0/mqdefault.jpg,"UDI UDI Hruday , Sarkar & Aneesh",,,,"UDI UDI Hruday , Sarkar & Aneesh"
2026-08-09,in,India,top_videos_weekly,,28,https://i.ytimg.com/vi/AsdEIaw9Wks/mqdefault.jpg,Mithe Tere Bol Pari Masoom Sharma,,,,Mithe Tere Bol Pari Masoom Sharma
2026-08-09,in,India,top_videos_weekly,,29,https://i.ytimg.com/vi/5GCfYLguTIs/mqdefault.jpg,Boyfriend Karan Aujla,,,,Boyfriend Karan Aujla
2026-08-09,in,India,top_videos_weekly,,30,https://i.ytimg.com/vi/hPZcZpNn3KY/mqdefault.jpg,Rana Ji 2.0 Ila Arun & Alka Yagnik,,,,Rana Ji 2.0 Ila Arun & Alka Yagnik
2026-08-09,in,India,top_videos_weekly,,31,https://i.ytimg.com/vi/JUhcNNwha7w/mqdefault.jpg,कमर में दागी Khesari Lal Yadav & Shilpi Raj,,,,कमर में दागी Khesari Lal Yadav & Shilpi Raj
2026-08-09,in,India,top_videos_weekly,,32,https://i.ytimg.com/vi/9udS0mpi1L4/mqdefault.jpg,Udaarian 施廷德·薩爾塔,,,,Udaarian 施廷德·薩爾塔
2026-08-09,in,India,top_videos_weekly,,33,https://i.ytimg.com/vi/uOrhBw3N3NM/mqdefault.jpg,"Lakh D Naveen , Shiva Choudhary , Sweta Chauhan & Kala Dighal",,,,"80 Lakh D Naveen , Shiva Choudhary , Sweta Chauhan & Kala Dighal"
2026-08-09,in,India,top_videos_weekly,,34,https://i.ytimg.com/vi/49x5rfxmv4E/mqdefault.jpg,Karuppa Kooda Va Sai Abhyankkar & V·M·馬哈林加姆,,,,Karuppa Kooda Va Sai Abhyankkar & V·M·馬哈林加姆
2026-08-09,in,India,top_videos_weekly,,35,https://i.ytimg.com/vi/Aze7zTyIRtk/mqdefault.jpg,Aura 10/10 Hiphop Tamizha,,,,Aura 10/10 Hiphop Tamizha
2026-08-09,in,India,top_videos_weekly,,36,https://i.ytimg.com/vi/E7ergOnpO1Q/mqdefault.jpg,Not Guilty Dhanda Nyoliwala,,,,Not Guilty Dhanda Nyoliwala
2026-08-09,in,India,top_videos_weekly,,37,https://i.ytimg.com/vi/2vYyHb34upc/mqdefault.jpg,Case Teri Rani Ladegi Khesari Lal Yadav & Shrishti Bharti,,,,Case Teri Rani Ladegi Khesari Lal Yadav & Shrishti Bharti
2026-08-09,in,India,top_videos_weekly,,38,https://i.ytimg.com/vi/KgpnfT5bgLY/mqdefault.jpg,"Thalapathy Kacheri Anirudh Ravichander , Vijay & Arivu",,,,"Thalapathy Kacheri Anirudh Ravichander , Vijay & Arivu"
2026-08-09,in,India,top_videos_weekly,,39,https://i.ytimg.com/vi/9OF_cF48mjA/mqdefault.jpg,Raavana Mavandaa Vivek & Anirudh Ravichander,,,,Raavana Mavandaa Vivek & Anirudh Ravichander
2026-08-09,in,India,top_videos_weekly,,40,https://i.ytimg.com/vi/nDjloeIB3Pc/mqdefault.jpg,"Sitaare Arijit Singh , 阿米塔布·巴塔查亞 & White Noise Collectives",,,,"Sitaare Arijit Singh , 阿米塔布·巴塔查亞 & White Noise Collectives"
2026-08-09,in,India,top_videos_weekly,,41,https://i.ytimg.com/vi/GG1_DsScm6U/mqdefault.jpg,"Vaari Jaavan 喬奧蒂·諾倫 , Reble , 沙赫瓦特·薩赫迪夫 & 雅斯文·桑德拉斯",,,,"Vaari Jaavan 喬奧蒂·諾倫 , Reble , 沙赫瓦特·薩赫迪夫 & 雅斯文·桑德拉斯"
2026-08-09,in,India,top_videos_weekly,,42,https://i.ytimg.com/vi/bzb5wE2Co20/mqdefault.jpg,Sadiya Sarkawa Raja Ji Neelkamal Singh,,,,Sadiya Sarkawa Raja Ji Neelkamal Singh
2026-08-09,in,India,top_videos_weekly,,43,https://i.ytimg.com/vi/5gwy0gcjIkI/mqdefault.jpg,Tere Sang Yaara 馬諾伊·蒙塔舍 & 阿蒂夫·阿斯拉姆,,,,Tere Sang Yaara 馬諾伊·蒙塔舍 & 阿蒂夫·阿斯拉姆
2026-08-09,in,India,top_videos_weekly,,44,https://i.ytimg.com/vi/0NFxcNheoLc/mqdefault.jpg,Banjaara 穆罕默德·伊爾凡,,,,Banjaara 穆罕默德·伊爾凡
2026-08-09,in,India,top_videos_weekly,,45,https://i.ytimg.com/vi/6rF-r_rYo9o/mqdefault.jpg,दिल्ली के पुलिस Raushan Rohi & Shrishti Bharti,,,,दिल्ली के पुलिस Raushan Rohi & Shrishti Bharti
2026-08-09,in,India,top_videos_weekly,,46,https://i.ytimg.com/vi/alX-ld96FpI/mqdefault.jpg,Jadugarni Riyaazi & Sintaa,,,,Jadugarni Riyaazi & Sintaa
2026-08-09,in,India,top_videos_weekly,,47,https://i.ytimg.com/vi/8mj1GFxja34/mqdefault.jpg,"Rooth Kar Hum Roopkumar Rathod , Sabri Brothers & 薩吉—瓦吉",,,,"Rooth Kar Hum Roopkumar Rathod , Sabri Brothers & 薩吉—瓦吉"
2026-08-09,in,India,top_videos_weekly,,48,https://i.ytimg.com/vi/dx4Teh-nv3A/mqdefault.jpg,Namo Namo 阿米特·特里維迪,,,,Namo Namo 阿米特·特里維迪
2026-08-09,in,India,top_videos_weekly,,49,https://i.ytimg.com/vi/ri1Ar5nEq4s/mqdefault.jpg,"Aaj Ki Raat Madhubanti Bagchi , Divya Kumar & Sachin",Jigar,,,"Aaj Ki Raat Madhubanti Bagchi , Divya Kumar & Sachin-Jigar"
2026-08-09,in,India,top_videos_weekly,,50,https://i.ytimg.com/vi/Q7ZMrWQmJbQ/mqdefault.jpg,Katto Gilehri 達雷爾·馬哈帝,,,,Katto Gilehri 達雷爾·馬哈帝
2026-08-09,in,India,top_videos_weekly,,51,https://i.ytimg.com/vi/9hYyZu2KcxQ/mqdefault.jpg,"Pagle Bana Delu Pramod Premi , Vicky Vox & Ravi Yadav",,,,"Pagle Bana Delu Pramod Premi , Vicky Vox & Ravi Yadav"
2026-08-09,in,India,top_videos_weekly,,52,https://i.ytimg.com/vi/ocRzt5NvI7A/mqdefault.jpg,Ganga Ke Kinare Bunny & Sagar,,,,Ganga Ke Kinare Bunny & Sagar
2026-08-09,in,India,top_videos_weekly,,53,https://i.ytimg.com/vi/rfza9kCybEs/mqdefault.jpg,The Wedding Song Suriya,,,,The Wedding Song Suriya
2026-08-09,in,India,top_videos_weekly,,54,https://i.ytimg.com/vi/A5pSnIwbpaM/mqdefault.jpg,Saiyaara 莫赫·克 & 塔爾蘭姆·馬利克,,,,Saiyaara 莫赫·克 & 塔爾蘭姆·馬利克
2026-08-09,in,India,top_videos_weekly,,55,https://i.ytimg.com/vi/GPEVNbeU6MU/mqdefault.jpg,Aayega Maza Ab Barsaat Ka 阿爾卡·雅格尼克 & Babul Supriyo,,,,Aayega Maza Ab Barsaat Ka 阿爾卡·雅格尼克 & Babul Supriyo
2026-08-09,in,India,top_videos_weekly,,56,https://i.ytimg.com/vi/2EcEqkzhft0/mqdefault.jpg,Tujhse Bichhad Kar Znda Hain Anuradha Paudwal,,,,Tujhse Bichhad Kar Znda Hain Anuradha Paudwal
2026-08-09,in,India,top_videos_weekly,,57,https://i.ytimg.com/vi/I9tX-lFUTrw/mqdefault.jpg,Yeh Awarapan Arijit Singh,,,,Yeh Awarapan Arijit Singh
2026-08-09,in,India,top_videos_weekly,,58,https://i.ytimg.com/vi/dhPyrMvc_oo/mqdefault.jpg,Dunali Raja Ji Tuntun Yadav,,,,Dunali Raja Ji Tuntun Yadav
2026-08-09,in,India,top_videos_weekly,,59,https://i.ytimg.com/vi/mlb5yBGTTRI/mqdefault.jpg,"Narak B Praak , Jaani & Jyotica Tangri",,,,"Narak B Praak , Jaani & Jyotica Tangri"
2026-08-09,in,India,top_videos_weekly,,60,https://i.ytimg.com/vi/DXQlLGpureI/mqdefault.jpg,Pistol Balam Ki Digiya Music,,,,Pistol Balam Ki Digiya Music
2026-08-09,in,India,top_videos_weekly,,61,https://i.ytimg.com/vi/VOZEBZKd2Pc/mqdefault.jpg,Beech Bajaria Sapna Awasthi,,,,Beech Bajaria Sapna Awasthi
2026-08-09,in,India,top_videos_weekly,,62,https://i.ytimg.com/vi/sdXPt-lgbE0/mqdefault.jpg,"Chamiki Ken Karunaas , Bhaskarabhatla & G.V. Prakash Kumar",,,,"Chamiki Ken Karunaas , Bhaskarabhatla & G.V. Prakash Kumar"
2026-08-09,in,India,top_videos_weekly,,63,https://i.ytimg.com/vi/J_d_Q3pTYcc/mqdefault.jpg,Chunnari Chunnari,"Let’s Go! Anu Malik , Akshay & IP , IP Singh , Jonita Gandhi , Asees Kaur , Sudhir Yaduvanshi & Anuradha Sriram",,,"Chunnari Chunnari - Let’s Go! Anu Malik , Akshay & IP , IP Singh , Jonita Gandhi , Asees Kaur , Sudhir Yaduvanshi & Anuradha Sriram"
2026-08-09,in,India,top_videos_weekly,,64,https://i.ytimg.com/vi/Bm9lLpmPM0A/mqdefault.jpg,Pattampoochi Sublahshini & G.V. Prakash Kumar,,,,Pattampoochi Sublahshini & G.V. Prakash Kumar
2026-08-09,in,India,top_videos_weekly,,65,https://i.ytimg.com/vi/coQ95u7w_18/mqdefault.jpg,Galat Baat Hai 奈蒂·莫漢 & 傑韋德·阿里,,,,Galat Baat Hai 奈蒂·莫漢 & 傑韋德·阿里
2026-08-09,in,India,top_videos_weekly,,66,https://i.ytimg.com/vi/bUk1YcCPfpQ/mqdefault.jpg,Zigane Shevv & Dhanda Nyoliwala,,,,Zigane Shevv & Dhanda Nyoliwala
2026-08-09,in,India,top_videos_weekly,,67,https://i.ytimg.com/vi/3j7bhOvW6jw/mqdefault.jpg,LOW FADE Mxrci & Karan Aujla,,,,LOW FADE Mxrci & Karan Aujla
2026-08-09,in,India,top_videos_weekly,,68,https://i.ytimg.com/vi/nKqCu4mWEW4/mqdefault.jpg,"Nachiab Hathiyar Se Laxmikant–Pyarelal , Prince Shaan Dubey , Shubham Raj & Anjali Raj",,,,"Nachiab Hathiyar Se Laxmikant–Pyarelal , Prince Shaan Dubey , Shubham Raj & Anjali Raj"
2026-08-09,in,India,top_videos_weekly,,69,https://i.ytimg.com/vi/7VsejGzcJmM/mqdefault.jpg,Alaakaa Loova Sai Abhyankkar,,,,Alaakaa Loova Sai Abhyankkar
2026-08-09,in,India,top_videos_weekly,,70,https://i.ytimg.com/vi/V1oczq_8L0E/mqdefault.jpg,"Ishq Mubarak 安基特·蒂瓦里 , 馬諾伊·蒙塔舍 , VDJ Fly , Arijit Singh & Dj Gaurav",,,,"Ishq Mubarak 安基特·蒂瓦里 , 馬諾伊·蒙塔舍 , VDJ Fly , Arijit Singh & Dj Gaurav"
2026-08-09,in,India,top_videos_weekly,,71,https://i.ytimg.com/vi/0RxUcKE13ZI/mqdefault.jpg,"Bandhu 2.0 卡維塔·塞斯 , 內拉吉·舒里德 , Irshad Kamil & Pritam",,,,"Bandhu 2.0 卡維塔·塞斯 , 內拉吉·舒里德 , Irshad Kamil & Pritam"
2026-08-09,in,India,top_videos_weekly,,72,https://i.ytimg.com/vi/4Y9RzwXKEWM/mqdefault.jpg,Main Ishq Uska 巴伯爾·蘇普里奧 & 阿爾卡·雅格尼克,,,,Main Ishq Uska 巴伯爾·蘇普里奧 & 阿爾卡·雅格尼克
2026-08-09,in,India,top_videos_weekly,,73,https://i.ytimg.com/vi/OxXKDGO-MYQ/mqdefault.jpg,LAAVAN Jasmine Sandlas & Mofusion,,,,LAAVAN Jasmine Sandlas & Mofusion
2026-08-09,in,India,top_videos_weekly,,74,https://i.ytimg.com/vi/kzTWRX9Dhrg/mqdefault.jpg,"Chalte Chalte Manohar Shetty , Udbhav Ojha , Shweta Pandit , Sonali Bhatawdekar , Preetha Mazumdar & Ishaan",,,,"Chalte Chalte Manohar Shetty , Udbhav Ojha , Shweta Pandit , Sonali Bhatawdekar , Preetha Mazumdar & Ishaan"
2026-08-09,in,India,top_videos_weekly,,75,https://i.ytimg.com/vi/3QhajVg6SjE/mqdefault.jpg,"Tu Hi Haqeeqat Sayeed Quadri , 伊爾尚·阿什拉夫 , Shadab Faridi & 傑韋德·阿里",,,,"Tu Hi Haqeeqat Sayeed Quadri , 伊爾尚·阿什拉夫 , Shadab Faridi & 傑韋德·阿里"
2026-08-09,in,India,top_videos_weekly,,76,https://i.ytimg.com/vi/a3Ue-LN5B9U/mqdefault.jpg,Aasa Kooda Sai Abhyankkar & Sai Smriti,,,,Aasa Kooda Sai Abhyankkar & Sai Smriti
2026-08-09,in,India,top_videos_weekly,,77,https://i.ytimg.com/vi/FGTv9-oQhIg/mqdefault.jpg,"Thodi Der 舒蕾亞·戈沙爾 , Kumaar & 法爾汗・賽義德",,,,"Thodi Der 舒蕾亞·戈沙爾 , Kumaar & 法爾汗・賽義德"
2026-08-09,in,India,top_videos_weekly,,78,https://i.ytimg.com/vi/yM5APO87aNU/mqdefault.jpg,Jackpot Gur Sidhu & Cheema Y,,,,Jackpot Gur Sidhu & Cheema Y
2026-08-09,in,India,top_videos_weekly,,79,https://i.ytimg.com/vi/BukHiHrbFpA/mqdefault.jpg,"Mujhse Shaadi Karogi 蘇努・尼甘 , Udit Narayan & 桑妮蒂·喬寒",,,,"Mujhse Shaadi Karogi 蘇努・尼甘 , Udit Narayan & 桑妮蒂·喬寒"
2026-08-09,in,India,top_videos_weekly,,80,https://i.ytimg.com/vi/_IT83Y_HcAw/mqdefault.jpg,Less than a Lover JENNIE,,,,Less than a Lover JENNIE
2026-08-09,in,India,top_videos_weekly,,81,https://i.ytimg.com/vi/ilNt2bikxDI/mqdefault.jpg,Jo Tum Mere Ho Anuv Jain,,,,Jo Tum Mere Ho Anuv Jain
2026-08-09,in,India,top_videos_weekly,,82,https://i.ytimg.com/vi/RyzPweJKJ9M/mqdefault.jpg,Chikiri Chikiri 莫赫·克,,,,Chikiri Chikiri 莫赫·克
2026-08-09,in,India,top_videos_weekly,,83,https://i.ytimg.com/vi/IAONd2d_PDU/mqdefault.jpg,"JAAN SE GUZARTE HAIN Khan Saab , 沙赫瓦特·薩赫迪夫 & Nusrat Fateh Ali Khan",,,,"JAAN SE GUZARTE HAIN Khan Saab , 沙赫瓦特·薩赫迪夫 & Nusrat Fateh Ali Khan"
2026-08-09,in,India,top_videos_weekly,,84,https://i.ytimg.com/vi/5Eqb_-j3FDA/mqdefault.jpg,Pasoori Shae Gill & 阿里·塞,,,,Pasoori Shae Gill & 阿里·塞
2026-08-09,in,India,top_videos_weekly,,85,https://i.ytimg.com/vi/W1y8blwMLxY/mqdefault.jpg,Barbaad Jubin Nautiyal,,,,Barbaad Jubin Nautiyal
2026-08-09,in,India,top_videos_weekly,,86,https://i.ytimg.com/vi/AZuZzXvBesk/mqdefault.jpg,"আমের আঁচার Liyaz Md , Manashi Basak , Acoustic Dipankar , Anna Das & Ujjal Barman",,,,"আমের আঁচার Liyaz Md , Manashi Basak , Acoustic Dipankar , Anna Das & Ujjal Barman"
2026-08-09,in,India,top_videos_weekly,,87,https://i.ytimg.com/vi/HP2zqQsrsyg/mqdefault.jpg,Mann Mera Gajendra Verma,,,,Mann Mera Gajendra Verma
2026-08-09,in,India,top_videos_weekly,,88,https://i.ytimg.com/vi/Fd19_8DpOGg/mqdefault.jpg,"TERI JAWANI BADI MAST MAST HAI 安諾帕馬·德什潘德 , Iqbal Afzal Sabri & 薩吉—瓦吉",,,,"TERI JAWANI BADI MAST MAST HAI 安諾帕馬·德什潘德 , Iqbal Afzal Sabri & 薩吉—瓦吉"
2026-08-09,in,India,top_videos_weekly,,89,https://i.ytimg.com/vi/undhkaMMenU/mqdefault.jpg,"Sambavakaari Saindhavi , 肖恩·羅爾丹 & Mohan Rajan",,,,"Sambavakaari Saindhavi , 肖恩·羅爾丹 & Mohan Rajan"
2026-08-09,in,India,top_videos_weekly,,90,https://i.ytimg.com/vi/DBC2461TQbQ/mqdefault.jpg,Choli Ke Saman Aashish Yadav & Khushi Kakkar,,,,Choli Ke Saman Aashish Yadav & Khushi Kakkar
2026-08-09,in,India,top_videos_weekly,,91,https://i.ytimg.com/vi/ca-hzALjrcY/mqdefault.jpg,"Dil Diyan Gallan Happy Raikoti , 賈丁得·沙阿 & B Praak",,,,"Dil Diyan Gallan Happy Raikoti , 賈丁得·沙阿 & B Praak"
2026-08-09,in,India,top_videos_weekly,,92,https://i.ytimg.com/vi/FPoDwu3odT8/mqdefault.jpg,O Sanam Akhil Sachdeva,,,,O Sanam Akhil Sachdeva
2026-08-09,in,India,top_videos_weekly,,93,https://i.ytimg.com/vi/vWOn08GEg7Y/mqdefault.jpg,Ji Laage Se Babya Mai Raj Mawar,,,,Ji Laage Se Babya Mai Raj Mawar
2026-08-09,in,India,top_videos_weekly,,94,https://i.ytimg.com/vi/sEdzSmULtjk/mqdefault.jpg,Dole Da Kamariya Shivani Singh & Arvind Akela Kallu,,,,Dole Da Kamariya Shivani Singh & Arvind Akela Kallu
2026-08-09,in,India,top_videos_weekly,,95,https://i.ytimg.com/vi/bC7RmYYMqTw/mqdefault.jpg,"Pairon Mein Bandhan Hai Udbhav , Manohar Shetty , Shweta Pandit , Sonali Bhatawdekar , Ishaan & Preetha Mazumdar",,,,"Pairon Mein Bandhan Hai Udbhav , Manohar Shetty , Shweta Pandit , Sonali Bhatawdekar , Ishaan & Preetha Mazumdar"
2026-08-09,in,India,top_videos_weekly,,96,https://i.ytimg.com/vi/vnlk8V-q0oU/mqdefault.jpg,JHALAK DIKHLA JA 希梅什·雷希漢米亞 & Sameer,,,,JHALAK DIKHLA JA 希梅什·雷希漢米亞 & Sameer
2026-08-09,in,India,top_videos_weekly,,97,https://i.ytimg.com/vi/M5OCLifZK1w/mqdefault.jpg,"Aarzu Madhurxo , Noor & Khan",,,,"Aarzu Madhurxo , Noor & Khan"
2026-08-09,in,India,top_videos_weekly,,98,https://i.ytimg.com/vi/l71aOtTJ1gE/mqdefault.jpg,98 Tiranga B Praak,,"5月 14, 2024",1800688,"98 98 Tiranga B Praak 5月 14, 2024 - 2 1,800,688"
2026-08-09,in,India,top_videos_weekly,,99,https://i.ytimg.com/vi/_Vp-jCG7gno/mqdefault.jpg,"God Mode Sai Abhyankkar , Gana Muthu & Vishnu Edavan",,,,"God Mode Sai Abhyankkar , Gana Muthu & Vishnu Edavan"
2026-08-09,in,India,top_videos_weekly,,100,https://i.ytimg.com/vi/zaFGQEIcetM/mqdefault.jpg,Majboor Sheheryar Rehan & Zoha Waseem,,,,Majboor Sheheryar Rehan & Zoha Waseem
2026-08-09,sg,Singapore,top_videos_weekly,,1,https://i.ytimg.com/vi/_IT83Y_HcAw/mqdefault.jpg,Less than a Lover JENNIE,,,,Less than a Lover JENNIE
2026-08-09,sg,Singapore,top_videos_weekly,,2,https://i.ytimg.com/vi/fcnDmrtj6Sk/mqdefault.jpg,Dai Dai Shakira & Burna Boy,,,,Dai Dai Shakira & Burna Boy
2026-08-09,sg,Singapore,top_videos_weekly,,3,https://i.ytimg.com/vi/j5BSH0Op5H8/mqdefault.jpg,"Giants NDPeeps , Weish & Iman Fandi",,,,"Giants NDPeeps , Weish & Iman Fandi"
2026-08-09,sg,Singapore,top_videos_weekly,,4,https://i.ytimg.com/vi/IpCYJ5VH0FU/mqdefault.jpg,"Sparkle Dru Chen , NDPeeps & Gareth Fernandez",,,,"Sparkle Dru Chen , NDPeeps & Gareth Fernandez"
2026-08-09,sg,Singapore,top_videos_weekly,,5,https://i.ytimg.com/vi/GaMS0F0_xMI/mqdefault.jpg,You'll Be Okay NDPeeps & 楚晴,,,,You'll Be Okay NDPeeps & 楚晴
2026-08-09,sg,Singapore,top_videos_weekly,,6,https://i.ytimg.com/vi/376utoTabMI/mqdefault.jpg,看着我的眼睛说 张远 & 姚晓棠,,,,看着我的眼睛说 张远 & 姚晓棠
2026-08-09,sg,Singapore,top_videos_weekly,,7,https://i.ytimg.com/vi/yebNIHKAC4A/mqdefault.jpg,"Golden HUNTR/X , EJAE , AUDREY NUNA , REI AMI & KPop Demon Hunters Cast",,,,"Golden HUNTR/X , EJAE , AUDREY NUNA , REI AMI & KPop Demon Hunters Cast"
2026-08-09,sg,Singapore,top_videos_weekly,,8,https://i.ytimg.com/vi/_G3Nu8q9Z9s/mqdefault.jpg,7 嘉宾 张远,,"6月 12, 2026",35601,"8 7 嘉宾 张远 6月 12, 2026 15 3 35,601"
2026-08-09,sg,Singapore,top_videos_weekly,,9,https://i.ytimg.com/vi/inxzQt78lOk/mqdefault.jpg,KISS N TELL aespa,,,,KISS N TELL aespa
2026-08-09,sg,Singapore,top_videos_weekly,,10,https://i.ytimg.com/vi/-q_S27LbNKU/mqdefault.jpg,1 BAD ATEEZ,,"6月 25, 2026",31306,"10 1 BAD ATEEZ 6月 25, 2026 11 5 31,306"
2026-08-09,sg,Singapore,top_videos_weekly,,11,https://i.ytimg.com/vi/OkTlYjO6SNY/mqdefault.jpg,過了幾天 DIOR 大穎 & 郭家瑋,,,,過了幾天 DIOR 大穎 & 郭家瑋
2026-08-09,sg,Singapore,top_videos_weekly,,12,https://i.ytimg.com/vi/_Pk6xfju3l0/mqdefault.jpg,"ILLIT (아일릿) 'I Got Your Back (Feat. JISOO, MOMOKA of HANA)' Official MV ILLIT",,,,"ILLIT (아일릿) 'I Got Your Back (Feat. JISOO, MOMOKA of HANA)' Official MV ILLIT"
2026-08-09,sg,Singapore,top_videos_weekly,,13,https://i.ytimg.com/vi/b68HETiNO98/mqdefault.jpg,Pavazha Malli Sai Abhyankkar & Shruti Haasan,,,,Pavazha Malli Sai Abhyankkar & Shruti Haasan
2026-08-09,sg,Singapore,top_videos_weekly,,14,https://i.ytimg.com/vi/vrY1THC_NQE/mqdefault.jpg,Champions iShowSpeed,,,,Champions iShowSpeed
2026-08-09,sg,Singapore,top_videos_weekly,,15,https://i.ytimg.com/vi/82-jTNka3uc/mqdefault.jpg,hate that i made you love me Ariana Grande,,,,hate that i made you love me Ariana Grande
2026-08-09,sg,Singapore,top_videos_weekly,,16,https://i.ytimg.com/vi/whstRV9jrjM/mqdefault.jpg,"Here We Are NDPeeps , 陳潔儀 , The Island Voices & 查利·利姆",,,,"Here We Are NDPeeps , 陳潔儀 , The Island Voices & 查利·利姆"
2026-08-09,sg,Singapore,top_videos_weekly,,17,https://i.ytimg.com/vi/gJAbDSse5WM/mqdefault.jpg,Tìm Em Hngle & Bảo Anh,,,,Tìm Em Hngle & Bảo Anh
2026-08-09,sg,Singapore,top_videos_weekly,,18,https://i.ytimg.com/vi/rfza9kCybEs/mqdefault.jpg,The Wedding Song Suriya,,,,The Wedding Song Suriya
2026-08-09,sg,Singapore,top_videos_weekly,,19,https://i.ytimg.com/vi/ko70cExuzZM/mqdefault.jpg,The Fate of Ophelia Taylor Swift,,,,The Fate of Ophelia Taylor Swift
2026-08-09,sg,Singapore,top_videos_weekly,,20,https://i.ytimg.com/vi/GnSaLQTrvt0/mqdefault.jpg,Good Goodbye HWASA,,,,Good Goodbye HWASA
2026-08-09,sg,Singapore,top_videos_weekly,,21,https://i.ytimg.com/vi/Qe8fa4b5xNU/mqdefault.jpg,Good Goodbye HWASA,,,,Good Goodbye HWASA
2026-08-09,sg,Singapore,top_videos_weekly,,22,https://i.ytimg.com/vi/27C4pfRsf9g/mqdefault.jpg,"ICONIC BY MISTAKE LE SSERAFIM , ILLIT & KATSEYE",,,,"ICONIC BY MISTAKE LE SSERAFIM , ILLIT & KATSEYE"
2026-08-09,sg,Singapore,top_videos_weekly,,23,https://i.ytimg.com/vi/Aze7zTyIRtk/mqdefault.jpg,Aura 10/10 Hiphop Tamizha,,,,Aura 10/10 Hiphop Tamizha
2026-08-09,sg,Singapore,top_videos_weekly,,24,https://i.ytimg.com/vi/GEk4jHwfFTA/mqdefault.jpg,29 NORMAL 防彈少年團,,"7月 18, 2026",22038,"24 29 NORMAL 防彈少年團 7月 18, 2026 53 2 22,038"
2026-08-09,sg,Singapore,top_videos_weekly,,25,https://i.ytimg.com/vi/ApXoWvfEYVU/mqdefault.jpg,Sunflower Post Malone & Swae Lee,,,,Sunflower Post Malone & Swae Lee
2026-08-09,sg,Singapore,top_videos_weekly,,26,https://i.ytimg.com/vi/8MG--WuNW1Y/mqdefault.jpg,如果可以 韋禮安,,"11月 6, 2021",20584,"26 New 如果可以 韋禮安 11月 6, 2021 - 1 20,584"
2026-08-09,sg,Singapore,top_videos_weekly,,27,https://i.ytimg.com/vi/9OF_cF48mjA/mqdefault.jpg,Raavana Mavandaa Vivek & Anirudh Ravichander,,,,Raavana Mavandaa Vivek & Anirudh Ravichander
2026-08-09,sg,Singapore,top_videos_weekly,,28,https://i.ytimg.com/vi/bMhDJ0S0OBA/mqdefault.jpg,5 It's Me ILLIT,,"4月 30, 2026",18656,"28 5 It's Me ILLIT 4月 30, 2026 23 14 18,656"
2026-08-09,sg,Singapore,top_videos_weekly,,29,https://i.ytimg.com/vi/7VsejGzcJmM/mqdefault.jpg,Alaakaa Loova Sai Abhyankkar,,,,Alaakaa Loova Sai Abhyankkar
2026-08-09,sg,Singapore,top_videos_weekly,,30,https://i.ytimg.com/vi/K-7olbaOelg/mqdefault.jpg,MMG (My Mine Gueh) Naykilla,,,,MMG (My Mine Gueh) Naykilla
2026-08-09,sg,Singapore,top_videos_weekly,,31,https://i.ytimg.com/vi/x3eqqoZPV_E/mqdefault.jpg,춤 (CHOOM) BABYMONSTER,,,,춤 (CHOOM) BABYMONSTER
2026-08-09,sg,Singapore,top_videos_weekly,,32,https://i.ytimg.com/vi/49x5rfxmv4E/mqdefault.jpg,Karuppa Kooda Va Sai Abhyankkar & V·M·馬哈林加姆,,,,Karuppa Kooda Va Sai Abhyankkar & V·M·馬哈林加姆
2026-08-09,sg,Singapore,top_videos_weekly,,33,https://i.ytimg.com/vi/83C3TZ4Zm_o/mqdefault.jpg,6 LEMONADE aespa,,"5月 28, 2026",16292,"33 6 LEMONADE aespa 5月 28, 2026 27 9 16,292"
2026-08-09,sg,Singapore,top_videos_weekly,,34,https://i.ytimg.com/vi/ShZ978fBl6Y/mqdefault.jpg,You Are The Reason Calum Scott,,,,You Are The Reason Calum Scott
2026-08-09,sg,Singapore,top_videos_weekly,,35,https://i.ytimg.com/vi/983bBbJx0Mk/mqdefault.jpg,"Soda Pop Saja Boys , Andrew Choi , Neckwav , Danny Chung , KEVIN WOO , samUIL Lee & KPop Demon Hunters Cast",,,,"Soda Pop Saja Boys , Andrew Choi , Neckwav , Danny Chung , KEVIN WOO , samUIL Lee & KPop Demon Hunters Cast"
2026-08-09,sg,Singapore,top_videos_weekly,,36,https://i.ytimg.com/vi/OT5msu-dap8/mqdefault.jpg,Shape Of My Heart Backstreet Boys,,,,Shape Of My Heart Backstreet Boys
2026-08-09,sg,Singapore,top_videos_weekly,,37,https://i.ytimg.com/vi/Oextk-If8HQ/mqdefault.jpg,Somewhere Only We Know Keane,,,,Somewhere Only We Know Keane
2026-08-09,sg,Singapore,top_videos_weekly,,38,https://i.ytimg.com/vi/KgpnfT5bgLY/mqdefault.jpg,"Thalapathy Kacheri Anirudh Ravichander , Vijay & Arivu",,,,"Thalapathy Kacheri Anirudh Ravichander , Vijay & Arivu"
2026-08-09,sg,Singapore,top_videos_weekly,,39,https://i.ytimg.com/vi/0GnA8VYOfko/mqdefault.jpg,"Gut Genug KITSCHKRIEG , Blumengarten & 希琳·大衛",,,,"Gut Genug KITSCHKRIEG , Blumengarten & 希琳·大衛"
2026-08-09,sg,Singapore,top_videos_weekly,,40,https://i.ytimg.com/vi/BcqxLCWn-CE/mqdefault.jpg,I Like Me Better Lauv,,,,I Like Me Better Lauv
2026-08-09,sg,Singapore,top_videos_weekly,,41,https://i.ytimg.com/vi/15dxI9BPxa4/mqdefault.jpg,最后一页 (Live) 王赫野 & 姚晓棠,,,,最后一页 (Live) 王赫野 & 姚晓棠
2026-08-09,sg,Singapore,top_videos_weekly,,42,https://i.ytimg.com/vi/9cS2wv6AfHk/mqdefault.jpg,I LIKE IT BABYMONSTER,,,,I LIKE IT BABYMONSTER
2026-08-09,sg,Singapore,top_videos_weekly,,43,https://i.ytimg.com/vi/nLmLdA7u6w8/mqdefault.jpg,3 善後 马师傅,,"8月 2, 2025",13820,"43 3 善後 马师傅 8月 2, 2025 46 11 13,820"
2026-08-09,sg,Singapore,top_videos_weekly,,44,https://i.ytimg.com/vi/jZEA2mMwL1k/mqdefault.jpg,Mutta Kalakki Ken Karunaas,,,,Mutta Kalakki Ken Karunaas
2026-08-09,sg,Singapore,top_videos_weekly,,45,https://i.ytimg.com/vi/4Bsc2uI_LsM/mqdefault.jpg,"Oorum Blood Sai Abhyankkar , Paal Dabba , Deepthi Suresh & Bebhumika",,,,"Oorum Blood Sai Abhyankkar , Paal Dabba , Deepthi Suresh & Bebhumika"
2026-08-09,sg,Singapore,top_videos_weekly,,46,https://i.ytimg.com/vi/2rA2K0gwjoo/mqdefault.jpg,"ICONIC BY MISTAKE ILLIT , LE SSERAFIM & KATSEYE",,,,"ICONIC BY MISTAKE ILLIT , LE SSERAFIM & KATSEYE"
2026-08-09,sg,Singapore,top_videos_weekly,,47,https://i.ytimg.com/vi/_Vp-jCG7gno/mqdefault.jpg,"God Mode Sai Abhyankkar , Gana Muthu & Vishnu Edavan",,,,"God Mode Sai Abhyankkar , Gana Muthu & Vishnu Edavan"
2026-08-09,sg,Singapore,top_videos_weekly,,48,https://i.ytimg.com/vi/naoGk-Zjc1s/mqdefault.jpg,SUGAR HONEY ICE TEA BABYMONSTER,,,,SUGAR HONEY ICE TEA BABYMONSTER
2026-08-09,sg,Singapore,top_videos_weekly,,49,https://i.ytimg.com/vi/8F2s8ivKXNY/mqdefault.jpg,Life Goes On Oliver Tree,,,,Life Goes On Oliver Tree
2026-08-09,sg,Singapore,top_videos_weekly,,50,https://i.ytimg.com/vi/Bm9lLpmPM0A/mqdefault.jpg,Pattampoochi Sublahshini & G.V. Prakash Kumar,,,,Pattampoochi Sublahshini & G.V. Prakash Kumar
2026-08-09,sg,Singapore,top_videos_weekly,,51,https://i.ytimg.com/vi/v1t4MTqdfyI/mqdefault.jpg,hate that i made you love me Ariana Grande,,,,hate that i made you love me Ariana Grande
2026-08-09,sg,Singapore,top_videos_weekly,,52,https://i.ytimg.com/vi/RO75uUZiAw0/mqdefault.jpg,9 Teh Hijau 圖魯斯,,"6月 29, 2026",12592,"52 9 Teh Hijau 圖魯斯 6月 29, 2026 61 3 12,592"
2026-08-09,sg,Singapore,top_videos_weekly,,53,https://i.ytimg.com/vi/4jjOH2FR6-E/mqdefault.jpg,xương rồng (intro) Dangrangto & Donal,,,,xương rồng (intro) Dangrangto & Donal
2026-08-09,sg,Singapore,top_videos_weekly,,54,https://i.ytimg.com/vi/7io1L4AkXjU/mqdefault.jpg,從前說 小阿七,,"2月 6, 2023",12512,"54 New 從前說 小阿七 2月 6, 2023 - 1 12,512"
2026-08-09,sg,Singapore,top_videos_weekly,,55,https://i.ytimg.com/vi/Zi_XLOBDo_Y/mqdefault.jpg,Billie Jean Michael Jackson,,,,Billie Jean Michael Jackson
2026-08-09,sg,Singapore,top_videos_weekly,,56,https://i.ytimg.com/vi/FM7MFYoylVs/mqdefault.jpg,Something Just Like This 老菸槍雙人組 & 酷玩樂團,,,,Something Just Like This 老菸槍雙人組 & 酷玩樂團
2026-08-09,sg,Singapore,top_videos_weekly,,57,https://i.ytimg.com/vi/ip8o5hDFLhI/mqdefault.jpg,Oru Pere Varalaaru 維沙爾·米什拉 & Sri Krishna,,,,Oru Pere Varalaaru 維沙爾·米什拉 & Sri Krishna
2026-08-09,sg,Singapore,top_videos_weekly,,58,https://i.ytimg.com/vi/DUT5rEU6pqM/mqdefault.jpg,Hips Don't Lie Shakira,,,,Hips Don't Lie Shakira
2026-08-09,sg,Singapore,top_videos_weekly,,59,https://i.ytimg.com/vi/hm7Qw3yKclg/mqdefault.jpg,27 還是錯過他 王晴,,"7月 9, 2023",11329,"59 27 還是錯過他 王晴 7月 9, 2023 86 2 11,329"
2026-08-09,sg,Singapore,top_videos_weekly,,60,https://i.ytimg.com/vi/_gyultVTesk/mqdefault.jpg,12 2.0 防彈少年團,,"4月 1, 2026",11299,"60 12 2.0 防彈少年團 4月 1, 2026 48 15 11,299"
2026-08-09,sg,Singapore,top_videos_weekly,,61,https://i.ytimg.com/vi/3rB3n_XR23o/mqdefault.jpg,我不該動情 老板,,"7月 1, 2026",11292,"61 New 我不該動情 老板 7月 1, 2026 - 1 11,292"
2026-08-09,sg,Singapore,top_videos_weekly,,62,https://i.ytimg.com/vi/Ys7-6_t7OEQ/mqdefault.jpg,Beauty And A Beat Justin Bieber,,,,Beauty And A Beat Justin Bieber
2026-08-09,sg,Singapore,top_videos_weekly,,63,https://i.ytimg.com/vi/oRdxUFDoQe0/mqdefault.jpg,Beat It Michael Jackson,,,,Beat It Michael Jackson
2026-08-09,sg,Singapore,top_videos_weekly,,64,https://i.ytimg.com/vi/OpQFFLBMEPI/mqdefault.jpg,Just Give Me A Reason P!nk,,,,Just Give Me A Reason P!nk
2026-08-09,sg,Singapore,top_videos_weekly,,65,https://i.ytimg.com/vi/6Db-cEgbmC4/mqdefault.jpg,"Mi Chico Jason Derulo , Melody & Dj Goja",,,,"Mi Chico Jason Derulo , Melody & Dj Goja"
2026-08-09,sg,Singapore,top_videos_weekly,,66,https://i.ytimg.com/vi/0yW7w8F2TVA/mqdefault.jpg,Say You Won't Let Go James Arthur,,,,Say You Won't Let Go James Arthur
2026-08-09,sg,Singapore,top_videos_weekly,,67,https://i.ytimg.com/vi/OMOGaugKpzs/mqdefault.jpg,Every Breath You Take The Police,,,,Every Breath You Take The Police
2026-08-09,sg,Singapore,top_videos_weekly,,68,https://i.ytimg.com/vi/78wrful9cVU/mqdefault.jpg,Drop Dead Olivia Rodrigo,,,,Drop Dead Olivia Rodrigo
2026-08-09,sg,Singapore,top_videos_weekly,,69,https://i.ytimg.com/vi/gdZLi9oWNZg/mqdefault.jpg,Dynamite 防彈少年團,,"8月 20, 2020",10365,"69 New Dynamite 防彈少年團 8月 20, 2020 - 1 10,365"
2026-08-09,sg,Singapore,top_videos_weekly,,70,https://i.ytimg.com/vi/zcGdKK_cQbE/mqdefault.jpg,Bad Apple!! but it's hololive Nerissa Ravencroft,,,,Bad Apple!! but it's hololive Nerissa Ravencroft
2026-08-09,sg,Singapore,top_videos_weekly,,71,https://i.ytimg.com/vi/mLFhTFiX0uM/mqdefault.jpg,說好的幸福呢 周杰倫,,"3月 18, 2013",10140,"71 New 說好的幸福呢 周杰倫 3月 18, 2013 - 1 10,140"
2026-08-09,sg,Singapore,top_videos_weekly,,72,https://i.ytimg.com/vi/iJHmw94xtT4/mqdefault.jpg,Ye Xin Jia (Live) Rainie Yang & 黄霄雲,,,,Ye Xin Jia (Live) Rainie Yang & 黄霄雲
2026-08-09,sg,Singapore,top_videos_weekly,,73,https://i.ytimg.com/vi/osyH9yWWygA/mqdefault.jpg,45 All For You 周興哲,28 2 <10K,"7月 16, 2026",,"73 45 All For You 周興哲 7月 16, 2026 28 2 <10K"
2026-08-09,sg,Singapore,top_videos_weekly,,74,https://i.ytimg.com/vi/y_sILJY8wus/mqdefault.jpg,我不难过 (Live) Nana Ou,Yang & 劉雨昕 XIN LIU,,,我不难过 (Live) Nana Ou-Yang & 劉雨昕 XIN LIU
2026-08-09,sg,Singapore,top_videos_weekly,,75,https://i.ytimg.com/vi/QJa8TKXNavc/mqdefault.jpg,ChecK 孝琳,<10K,"7月 22, 2026",,"75 New ChecK 孝琳 7月 22, 2026 - 1 <10K"
2026-08-09,sg,Singapore,top_videos_weekly,,76,https://i.ytimg.com/vi/U6BDbXIah-Y/mqdefault.jpg,6 REDRED CORTIS,70 15 <10K,"4月 20, 2026",,"76 6 REDRED CORTIS 4月 20, 2026 70 15 <10K"
2026-08-09,sg,Singapore,top_videos_weekly,,77,https://i.ytimg.com/vi/Nskf70DMR60/mqdefault.jpg,Sesi Potret eńau,,,,Sesi Potret eńau
2026-08-09,sg,Singapore,top_videos_weekly,,78,https://i.ytimg.com/vi/undhkaMMenU/mqdefault.jpg,"Sambavakaari Saindhavi , 肖恩·羅爾丹 & Mohan Rajan",,,,"Sambavakaari Saindhavi , 肖恩·羅爾丹 & Mohan Rajan"
2026-08-09,sg,Singapore,top_videos_weekly,,79,https://i.ytimg.com/vi/16nZ6K7sim4/mqdefault.jpg,Y Que Fue? 唐·明嘉羅,,,,Y Que Fue? 唐·明嘉羅
2026-08-09,sg,Singapore,top_videos_weekly,,80,https://i.ytimg.com/vi/Gnn4GRSzRXI/mqdefault.jpg,BOOMPALA LE SSERAFIM,,,,BOOMPALA LE SSERAFIM
2026-08-09,sg,Singapore,top_videos_weekly,,81,https://i.ytimg.com/vi/Rt9tW3cMLhI/mqdefault.jpg,stupid song Olivia Rodrigo,,,,stupid song Olivia Rodrigo
2026-08-09,sg,Singapore,top_videos_weekly,,82,https://i.ytimg.com/vi/SrD36rogSjc/mqdefault.jpg,過火 張信哲,<10K,"2月 7, 2018",,"82 New 過火 張信哲 2月 7, 2018 - 1 <10K"
2026-08-09,sg,Singapore,top_videos_weekly,,83,https://i.ytimg.com/vi/hu_qjwqTUmg/mqdefault.jpg,Karuppa Kooda Va Sai Abhyankkar & V·M·馬哈林加姆,,,,Karuppa Kooda Va Sai Abhyankkar & V·M·馬哈林加姆
2026-08-09,sg,Singapore,top_videos_weekly,,84,https://i.ytimg.com/vi/U2waT9TxPU0/mqdefault.jpg,10 Low Flo Rida,94 3 <10K,"10月 26, 2009",,"84 10 Low Flo Rida 10月 26, 2009 94 3 <10K"
2026-08-09,sg,Singapore,top_videos_weekly,,85,https://i.ytimg.com/vi/3YxaaGgTQYM/mqdefault.jpg,Bring Me To Life Evanescence,,,,Bring Me To Life Evanescence
2026-08-09,sg,Singapore,top_videos_weekly,,86,https://i.ytimg.com/vi/7JJfJgyHYwU/mqdefault.jpg,Me and My Broken Heart Rixton,,,,Me and My Broken Heart Rixton
2026-08-09,sg,Singapore,top_videos_weekly,,87,https://i.ytimg.com/vi/d88V78UDUlo/mqdefault.jpg,"Thangame Thangame Thaman S , D Dheeraj & Vivek",,,,"Thangame Thangame Thaman S , D Dheeraj & Vivek"
2026-08-09,sg,Singapore,top_videos_weekly,,88,https://i.ytimg.com/vi/6Ejga4kJUts/mqdefault.jpg,Zombie The Cranberries,,,,Zombie The Cranberries
2026-08-09,sg,Singapore,top_videos_weekly,,89,https://i.ytimg.com/vi/b4iVv91Z6lY/mqdefault.jpg,5 SWIM BTS,84 15 <10K,"3月 19, 2026",,"89 5 SWIM BTS 3月 19, 2026 84 15 <10K"
2026-08-09,sg,Singapore,top_videos_weekly,,90,https://i.ytimg.com/vi/7NrQei36fJk/mqdefault.jpg,If I Let You Go Westlife,,,,If I Let You Go Westlife
2026-08-09,sg,Singapore,top_videos_weekly,,91,https://i.ytimg.com/vi/0ijm2Xui5N8/mqdefault.jpg,Ain't In LA ADÉLA,,,,Ain't In LA ADÉLA
2026-08-09,sg,Singapore,top_videos_weekly,,92,https://i.ytimg.com/vi/lpPccyGOPOU/mqdefault.jpg,她已不再是那個女孩 DIOR 大穎,,,,她已不再是那個女孩 DIOR 大穎
2026-08-09,sg,Singapore,top_videos_weekly,,93,https://i.ytimg.com/vi/lMorVhR-AWM/mqdefault.jpg,အစားထို Bunny Phyoe,,,,အစားထို Bunny Phyoe
2026-08-09,sg,Singapore,top_videos_weekly,,94,https://i.ytimg.com/vi/C40oligg6xE/mqdefault.jpg,นาฬิกาทราย (sign) BOWKYLION,,,,นาฬิกาทราย (sign) BOWKYLION
2026-08-09,sg,Singapore,top_videos_weekly,,95,https://i.ytimg.com/vi/P4jcBiXIvOo/mqdefault.jpg,MOKADA WENNE (SOSA Diss) Kevin Smokio & Adeesha Beats,,,,MOKADA WENNE (SOSA Diss) Kevin Smokio & Adeesha Beats
2026-08-09,sg,Singapore,top_videos_weekly,,96,https://i.ytimg.com/vi/JU0e83SmTJ4/mqdefault.jpg,海嶼你 马也Crabbit,<10K,"5月 15, 2026",,"96 New 海嶼你 马也Crabbit 5月 15, 2026 - 1 <10K"
2026-08-09,sg,Singapore,top_videos_weekly,,97,https://i.ytimg.com/vi/AcgSbxgk73g/mqdefault.jpg,Evolution Of NDP Songs MICappella,,,,Evolution Of NDP Songs MICappella
2026-08-09,sg,Singapore,top_videos_weekly,,98,https://i.ytimg.com/vi/5vFAHdF5fxc/mqdefault.jpg,7 妥協 en王翊恩,91 2 <10K,"4月 26, 2024",,"98 7 妥協 en王翊恩 4月 26, 2024 91 2 <10K"
2026-08-09,sg,Singapore,top_videos_weekly,,99,https://i.ytimg.com/vi/S_E2EHVxNAE/mqdefault.jpg,Right Here Waiting Richard Marx,,,,Right Here Waiting Richard Marx
2026-08-09,sg,Singapore,top_videos_weekly,,100,https://i.ytimg.com/vi/41ZY18JqI2A/mqdefault.jpg,"Hips Don’t Lie (Anniversary Version) Shakira , Ed Sheeran & Beéle",,,,"Hips Don’t Lie (Anniversary Version) Shakira , Ed Sheeran & Beéle"
2026-08-09,my,Malaysia,top_videos_weekly,,1,https://i.ytimg.com/vi/cDee7SZwtbk/mqdefault.jpg,Adek Saye Abe Sore Adek Saye Abe Sore,,,,Adek Saye Abe Sore Adek Saye Abe Sore
2026-08-09,my,Malaysia,top_videos_weekly,,2,https://i.ytimg.com/vi/fcnDmrtj6Sk/mqdefault.jpg,Dai Dai Shakira & Burna Boy,,,,Dai Dai Shakira & Burna Boy
2026-08-09,my,Malaysia,top_videos_weekly,,3,https://i.ytimg.com/vi/RO75uUZiAw0/mqdefault.jpg,4 Teh Hijau 圖魯斯,,"6月 29, 2026",608630,"3 4 Teh Hijau 圖魯斯 6月 29, 2026 7 3 608,630"
2026-08-09,my,Malaysia,top_videos_weekly,,4,https://i.ytimg.com/vi/zjxO40VrMZA/mqdefault.jpg,Jiwa Yang Mengalah Bellestrelle,,,,Jiwa Yang Mengalah Bellestrelle
2026-08-09,my,Malaysia,top_videos_weekly,,5,https://i.ytimg.com/vi/acDzcefJoCs/mqdefault.jpg,Dari Bawah EzHaRHaNzE,,,,Dari Bawah EzHaRHaNzE
2026-08-09,my,Malaysia,top_videos_weekly,,6,https://i.ytimg.com/vi/GTzi2Y1gX2c/mqdefault.jpg,Sayang Orang Sama Sayang Orang Sama,,,,Sayang Orang Sama Sayang Orang Sama
2026-08-09,my,Malaysia,top_videos_weekly,,7,https://i.ytimg.com/vi/K-7olbaOelg/mqdefault.jpg,MMG (My Mine Gueh) Naykilla,,,,MMG (My Mine Gueh) Naykilla
2026-08-09,my,Malaysia,top_videos_weekly,,8,https://i.ytimg.com/vi/7qnjiZ_jJuU/mqdefault.jpg,"Dalam Diam Mojack Hafiz , Zynakal , Zamir Harith & Bel",,,,"Dalam Diam Mojack Hafiz , Zynakal , Zamir Harith & Bel"
2026-08-09,my,Malaysia,top_videos_weekly,,9,https://i.ytimg.com/vi/_IT83Y_HcAw/mqdefault.jpg,Less than a Lover JENNIE,,,,Less than a Lover JENNIE
2026-08-09,my,Malaysia,top_videos_weekly,,10,https://i.ytimg.com/vi/F0d8JJUNkqo/mqdefault.jpg,"Tabola Bale SILET OPEN UP , Jacson Zeran , Juan Reza & Diva Aurel",,,,"Tabola Bale SILET OPEN UP , Jacson Zeran , Juan Reza & Diva Aurel"
2026-08-09,my,Malaysia,top_videos_weekly,,11,https://i.ytimg.com/vi/yebNIHKAC4A/mqdefault.jpg,"Golden HUNTR/X , EJAE , AUDREY NUNA , REI AMI & KPop Demon Hunters Cast",,,,"Golden HUNTR/X , EJAE , AUDREY NUNA , REI AMI & KPop Demon Hunters Cast"
2026-08-09,my,Malaysia,top_videos_weekly,,12,https://i.ytimg.com/vi/YJnbL_AkLF0/mqdefault.jpg,Menjaga Jodoh Orang Lain (Official Lyric Video) Ara Johari,,,,Menjaga Jodoh Orang Lain (Official Lyric Video) Ara Johari
2026-08-09,my,Malaysia,top_videos_weekly,,13,https://i.ytimg.com/vi/__Pb1fO2H2A/mqdefault.jpg,Kita Lewati Berdua overnight,,,,Kita Lewati Berdua overnight
2026-08-09,my,Malaysia,top_videos_weekly,,14,https://i.ytimg.com/vi/dVfGz3acWqQ/mqdefault.jpg,Mahligai Syahdu Hattan,,,,Mahligai Syahdu Hattan
2026-08-09,my,Malaysia,top_videos_weekly,,15,https://i.ytimg.com/vi/5leRG9yTTKI/mqdefault.jpg,Percaya Padaku Ungu,,,,Percaya Padaku Ungu
2026-08-09,my,Malaysia,top_videos_weekly,,16,https://i.ytimg.com/vi/0VOhIR3bnXY/mqdefault.jpg,"ORANG BARU LEBE GACOR Ecko Show , Juan Reza & CHESYLINO",,,,"ORANG BARU LEBE GACOR Ecko Show , Juan Reza & CHESYLINO"
2026-08-09,my,Malaysia,top_videos_weekly,,17,https://i.ytimg.com/vi/T48XTvKkdf8/mqdefault.jpg,Ku Yang Berjuang Danial Kifli,,,,Ku Yang Berjuang Danial Kifli
2026-08-09,my,Malaysia,top_videos_weekly,,18,https://i.ytimg.com/vi/g-0SbLyIcg8/mqdefault.jpg,Bawaku Pergi 齊薩恩·拉薩克 & Kaka Azraff,,,,Bawaku Pergi 齊薩恩·拉薩克 & Kaka Azraff
2026-08-09,my,Malaysia,top_videos_weekly,,19,https://i.ytimg.com/vi/J8LbC2cvoxA/mqdefault.jpg,Harapalsu Arghpiez,,,,Harapalsu Arghpiez
2026-08-09,my,Malaysia,top_videos_weekly,,20,https://i.ytimg.com/vi/qJBDfEDGkl0/mqdefault.jpg,Bintang Budak Kacamata,,,,Bintang Budak Kacamata
2026-08-09,my,Malaysia,top_videos_weekly,,21,https://i.ytimg.com/vi/9tZPmSv6DTs/mqdefault.jpg,Aku Yang Tersakiti Judika,,,,Aku Yang Tersakiti Judika
2026-08-09,my,Malaysia,top_videos_weekly,,22,https://i.ytimg.com/vi/s5stGs1ktQc/mqdefault.jpg,Romantis (Official Music Video) Spring,,,,Romantis (Official Music Video) Spring
2026-08-09,my,Malaysia,top_videos_weekly,,23,https://i.ytimg.com/vi/N2q8_schirM/mqdefault.jpg,Demi Sekeping Kertas Latipah,,,,Demi Sekeping Kertas Latipah
2026-08-09,my,Malaysia,top_videos_weekly,,24,https://i.ytimg.com/vi/yvsLPs7l6bY/mqdefault.jpg,Meligai Pengerindu Igu Anthony,,,,Meligai Pengerindu Igu Anthony
2026-08-09,my,Malaysia,top_videos_weekly,,25,https://i.ytimg.com/vi/uo94JrbCebA/mqdefault.jpg,Sanggup Aku Gwen,,,,Sanggup Aku Gwen
2026-08-09,my,Malaysia,top_videos_weekly,,26,https://i.ytimg.com/vi/wPb_miODtDI/mqdefault.jpg,Astaga Bercanda Akbar Chalay & Mingse,,,,Astaga Bercanda Akbar Chalay & Mingse
2026-08-09,my,Malaysia,top_videos_weekly,,27,https://i.ytimg.com/vi/qlFuXWRRsxU/mqdefault.jpg,Jodoh Lebaran Aisha Retno,,,,Jodoh Lebaran Aisha Retno
2026-08-09,my,Malaysia,top_videos_weekly,,28,https://i.ytimg.com/vi/m3h0gf_MaJs/mqdefault.jpg,8 Romancinta Mojo,,"10月 13, 2013",179705,"28 8 Romancinta Mojo 10月 13, 2013 36 15 179,705"
2026-08-09,my,Malaysia,top_videos_weekly,,29,https://i.ytimg.com/vi/y3Xsnjl2NZU/mqdefault.jpg,Sakit Iamneeta,,"8月 14, 2016",178071,"29 New Sakit Iamneeta 8月 14, 2016 - 1 178,071"
2026-08-09,my,Malaysia,top_videos_weekly,,30,https://i.ytimg.com/vi/s_w6P5aWVgc/mqdefault.jpg,Punca Sofazr SecondPlan,,,,Punca Sofazr SecondPlan
2026-08-09,my,Malaysia,top_videos_weekly,,31,https://i.ytimg.com/vi/38_bAaFI41w/mqdefault.jpg,Don't Force Your Longing Ifan Seventeen,,,,Don't Force Your Longing Ifan Seventeen
2026-08-09,my,Malaysia,top_videos_weekly,,32,https://i.ytimg.com/vi/82-jTNka3uc/mqdefault.jpg,hate that i made you love me Ariana Grande,,,,hate that i made you love me Ariana Grande
2026-08-09,my,Malaysia,top_videos_weekly,,33,https://i.ytimg.com/vi/INwWgtkL3Cg/mqdefault.jpg,Jangan Pernah Berubah ST 12,,,,Jangan Pernah Berubah ST 12
2026-08-09,my,Malaysia,top_videos_weekly,,34,https://i.ytimg.com/vi/yblOTl_XVII/mqdefault.jpg,P Ramlee Saloma Alpha,,,,P Ramlee Saloma Alpha
2026-08-09,my,Malaysia,top_videos_weekly,,35,https://i.ytimg.com/vi/-q_S27LbNKU/mqdefault.jpg,4 BAD ATEEZ,,"6月 25, 2026",166085,"35 4 BAD ATEEZ 6月 25, 2026 31 5 166,085"
2026-08-09,my,Malaysia,top_videos_weekly,,36,https://i.ytimg.com/vi/Aze7zTyIRtk/mqdefault.jpg,Aura 10/10 Hiphop Tamizha,,,,Aura 10/10 Hiphop Tamizha
2026-08-09,my,Malaysia,top_videos_weekly,,37,https://i.ytimg.com/vi/awWKxGftWh4/mqdefault.jpg,Dunia Yang Nanti Raim Laode,,,,Dunia Yang Nanti Raim Laode
2026-08-09,my,Malaysia,top_videos_weekly,,38,https://i.ytimg.com/vi/b68HETiNO98/mqdefault.jpg,Pavazha Malli Sai Abhyankkar & Shruti Haasan,,,,Pavazha Malli Sai Abhyankkar & Shruti Haasan
2026-08-09,my,Malaysia,top_videos_weekly,,39,https://i.ytimg.com/vi/vrY1THC_NQE/mqdefault.jpg,Champions iShowSpeed,,,,Champions iShowSpeed
2026-08-09,my,Malaysia,top_videos_weekly,,40,https://i.ytimg.com/vi/8F2s8ivKXNY/mqdefault.jpg,Life Goes On Oliver Tree,,,,Life Goes On Oliver Tree
2026-08-09,my,Malaysia,top_videos_weekly,,41,https://i.ytimg.com/vi/ko70cExuzZM/mqdefault.jpg,The Fate of Ophelia Taylor Swift,,,,The Fate of Ophelia Taylor Swift
2026-08-09,my,Malaysia,top_videos_weekly,,42,https://i.ytimg.com/vi/8yl0BUvnsfY/mqdefault.jpg,Mekar Di Jiwa X,Ray,,,Mekar Di Jiwa X-Ray
2026-08-09,my,Malaysia,top_videos_weekly,,43,https://i.ytimg.com/vi/ConUwSndl6Y/mqdefault.jpg,Cinta Mati Apau Qhaliff,,,,Cinta Mati Apau Qhaliff
2026-08-09,my,Malaysia,top_videos_weekly,,44,https://i.ytimg.com/vi/lY5V4hSLWY8/mqdefault.jpg,Risk It All Bruno Mars,,,,Risk It All Bruno Mars
2026-08-09,my,Malaysia,top_videos_weekly,,45,https://i.ytimg.com/vi/Ck-Bi-Uw_io/mqdefault.jpg,Sedetik Lebih KRU Music,,,,Sedetik Lebih KRU Music
2026-08-09,my,Malaysia,top_videos_weekly,,46,https://i.ytimg.com/vi/E06Rs0JxRGw/mqdefault.jpg,Cak Cak Cekuk Wani Kayrie,,,,Cak Cak Cekuk Wani Kayrie
2026-08-09,my,Malaysia,top_videos_weekly,,47,https://i.ytimg.com/vi/M7oZR-MTEZs/mqdefault.jpg,Iqro' Raim Laode,,,,Iqro' Raim Laode
2026-08-09,my,Malaysia,top_videos_weekly,,48,https://i.ytimg.com/vi/dAevFxbfqkU/mqdefault.jpg,Gadis Manis Kalimantan Syahriyadi,,,,Gadis Manis Kalimantan Syahriyadi
2026-08-09,my,Malaysia,top_videos_weekly,,49,https://i.ytimg.com/vi/x6E_Qj30EZI/mqdefault.jpg,Aishiteru Zivilia,,,,Aishiteru Zivilia
2026-08-09,my,Malaysia,top_videos_weekly,,50,https://i.ytimg.com/vi/grp6FCnioMM/mqdefault.jpg,kota ini tak sama tanpamu Nadhif Basalamah,,,,kota ini tak sama tanpamu Nadhif Basalamah
2026-08-09,my,Malaysia,top_videos_weekly,,51,https://i.ytimg.com/vi/OT5msu-dap8/mqdefault.jpg,Shape Of My Heart Backstreet Boys,,,,Shape Of My Heart Backstreet Boys
2026-08-09,my,Malaysia,top_videos_weekly,,52,https://i.ytimg.com/vi/7JJfJgyHYwU/mqdefault.jpg,Me and My Broken Heart Rixton,,,,Me and My Broken Heart Rixton
2026-08-09,my,Malaysia,top_videos_weekly,,53,https://i.ytimg.com/vi/ApXoWvfEYVU/mqdefault.jpg,Sunflower Post Malone & Swae Lee,,,,Sunflower Post Malone & Swae Lee
2026-08-09,my,Malaysia,top_videos_weekly,,54,https://i.ytimg.com/vi/asx7eoaLpbo/mqdefault.jpg,Aca Aca Nehi Nehi Dadido,,,,Aca Aca Nehi Nehi Dadido
2026-08-09,my,Malaysia,top_videos_weekly,,55,https://i.ytimg.com/vi/vDSUmX2zOGk/mqdefault.jpg,"Kasih Aba Aba Naykilla , Tenxi & Jemsii",,,,"Kasih Aba Aba Naykilla , Tenxi & Jemsii"
2026-08-09,my,Malaysia,top_videos_weekly,,56,https://i.ytimg.com/vi/uX7sposDAzc/mqdefault.jpg,Ngga Dulu Akbar Chalay,,,,Ngga Dulu Akbar Chalay
2026-08-09,my,Malaysia,top_videos_weekly,,57,https://i.ytimg.com/vi/qXzn-HHT4D4/mqdefault.jpg,Butakah Cinta Spring,,,,Butakah Cinta Spring
2026-08-09,my,Malaysia,top_videos_weekly,,58,https://i.ytimg.com/vi/iSvkroCvfWU/mqdefault.jpg,Persada Cintaku Spring,,,,Persada Cintaku Spring
2026-08-09,my,Malaysia,top_videos_weekly,,59,https://i.ytimg.com/vi/A_OJzo1LUMI/mqdefault.jpg,Menunggumu Peterpan,,,,Menunggumu Peterpan
2026-08-09,my,Malaysia,top_videos_weekly,,60,https://i.ytimg.com/vi/FcOctsNXyjk/mqdefault.jpg,Cinta Luar Biasa Andmesh,,,,Cinta Luar Biasa Andmesh
2026-08-09,my,Malaysia,top_videos_weekly,,61,https://i.ytimg.com/vi/0db5IV8ODz8/mqdefault.jpg,Terasing Naim Daniel & Iman Troye,,,,Terasing Naim Daniel & Iman Troye
2026-08-09,my,Malaysia,top_videos_weekly,,62,https://i.ytimg.com/vi/n7etn4zNXS8/mqdefault.jpg,Luahan Hati Lan & Kristal,,,,Luahan Hati Lan & Kristal
2026-08-09,my,Malaysia,top_videos_weekly,,63,https://i.ytimg.com/vi/UCDI0rblZQs/mqdefault.jpg,rollerblade no na,,,,rollerblade no na
2026-08-09,my,Malaysia,top_videos_weekly,,64,https://i.ytimg.com/vi/27C4pfRsf9g/mqdefault.jpg,"ICONIC BY MISTAKE LE SSERAFIM , ILLIT & KATSEYE",,,,"ICONIC BY MISTAKE LE SSERAFIM , ILLIT & KATSEYE"
2026-08-09,my,Malaysia,top_videos_weekly,,65,https://i.ytimg.com/vi/OErndIcI8gE/mqdefault.jpg,Alamak Rizky Febian & Adrian Khalif,,,,Alamak Rizky Febian & Adrian Khalif
2026-08-09,my,Malaysia,top_videos_weekly,,66,https://i.ytimg.com/vi/Qe8fa4b5xNU/mqdefault.jpg,Good Goodbye HWASA,,,,Good Goodbye HWASA
2026-08-09,my,Malaysia,top_videos_weekly,,67,https://i.ytimg.com/vi/CnF6B2UJ3YA/mqdefault.jpg,Bourgenvilla (Official Music Video) Spring,,,,Bourgenvilla (Official Music Video) Spring
2026-08-09,my,Malaysia,top_videos_weekly,,68,https://i.ytimg.com/vi/BcqxLCWn-CE/mqdefault.jpg,I Like Me Better Lauv,,,,I Like Me Better Lauv
2026-08-09,my,Malaysia,top_videos_weekly,,69,https://i.ytimg.com/vi/_G3Nu8q9Z9s/mqdefault.jpg,嘉宾 张远,,"6月 12, 2026",106038,"69 New 嘉宾 张远 6月 12, 2026 - 1 106,038"
2026-08-09,my,Malaysia,top_videos_weekly,,70,https://i.ytimg.com/vi/9OF_cF48mjA/mqdefault.jpg,Raavana Mavandaa Vivek & Anirudh Ravichander,,,,Raavana Mavandaa Vivek & Anirudh Ravichander
2026-08-09,my,Malaysia,top_videos_weekly,,71,https://i.ytimg.com/vi/inxzQt78lOk/mqdefault.jpg,KISS N TELL aespa,,,,KISS N TELL aespa
2026-08-09,my,Malaysia,top_videos_weekly,,72,https://i.ytimg.com/vi/x3eqqoZPV_E/mqdefault.jpg,춤 (CHOOM) BABYMONSTER,,,,춤 (CHOOM) BABYMONSTER
2026-08-09,my,Malaysia,top_videos_weekly,,73,https://i.ytimg.com/vi/s6H6ffS6zJI/mqdefault.jpg,Nanti Kita Seperti Ini Batas Senja,,,,Nanti Kita Seperti Ini Batas Senja
2026-08-09,my,Malaysia,top_videos_weekly,,74,https://i.ytimg.com/vi/OkTlYjO6SNY/mqdefault.jpg,過了幾天 DIOR 大穎 & 郭家瑋,,,,過了幾天 DIOR 大穎 & 郭家瑋
2026-08-09,my,Malaysia,top_videos_weekly,,75,https://i.ytimg.com/vi/qgy7vEje5-w/mqdefault.jpg,Secret Love Song Little Mix,,,,Secret Love Song Little Mix
2026-08-09,my,Malaysia,top_videos_weekly,,76,https://i.ytimg.com/vi/v1t4MTqdfyI/mqdefault.jpg,hate that i made you love me Ariana Grande,,,,hate that i made you love me Ariana Grande
2026-08-09,my,Malaysia,top_videos_weekly,,77,https://i.ytimg.com/vi/49x5rfxmv4E/mqdefault.jpg,Karuppa Kooda Va Sai Abhyankkar & V·M·馬哈林加姆,,,,Karuppa Kooda Va Sai Abhyankkar & V·M·馬哈林加姆
2026-08-09,my,Malaysia,top_videos_weekly,,78,https://i.ytimg.com/vi/7f6_OWxNhlo/mqdefault.jpg,Haru Biru Alpha & Daiyan Trisha,,,,Haru Biru Alpha & Daiyan Trisha
2026-08-09,my,Malaysia,top_videos_weekly,,79,https://i.ytimg.com/vi/Z4DKAy7Biq8/mqdefault.jpg,Pecinta Wanita Irwansyah,,,,Pecinta Wanita Irwansyah
2026-08-09,my,Malaysia,top_videos_weekly,,80,https://i.ytimg.com/vi/3-M48wrUySc/mqdefault.jpg,Masih Mencintainya Papinka,,,,Masih Mencintainya Papinka
2026-08-09,my,Malaysia,top_videos_weekly,,81,https://i.ytimg.com/vi/ba-XAIskH_g/mqdefault.jpg,Lantas Juicy Luicy,,,,Lantas Juicy Luicy
2026-08-09,my,Malaysia,top_videos_weekly,,82,https://i.ytimg.com/vi/FB5-rPa5wBA/mqdefault.jpg,18 玻璃 Gareth.T,,"5月 20, 2026",97769,"82 18 玻璃 Gareth.T 5月 20, 2026 64 10 97,769"
2026-08-09,my,Malaysia,top_videos_weekly,,83,https://i.ytimg.com/vi/-sRB7kIJ2uw/mqdefault.jpg,Aku Diam Aku Tahu Andak_13Ai,,,,Aku Diam Aku Tahu Andak_13Ai
2026-08-09,my,Malaysia,top_videos_weekly,,84,https://i.ytimg.com/vi/bMhDJ0S0OBA/mqdefault.jpg,18 It's Me ILLIT,,"4月 30, 2026",96257,"84 18 It's Me ILLIT 4月 30, 2026 66 13 96,257"
2026-08-09,my,Malaysia,top_videos_weekly,,85,https://i.ytimg.com/vi/prmmCg5bKxA/mqdefault.jpg,Eenie Meenie Sean Kingston & Justin Bieber,,,,Eenie Meenie Sean Kingston & Justin Bieber
2026-08-09,my,Malaysia,top_videos_weekly,,86,https://i.ytimg.com/vi/OpQFFLBMEPI/mqdefault.jpg,Just Give Me A Reason P!nk,,,,Just Give Me A Reason P!nk
2026-08-09,my,Malaysia,top_videos_weekly,,87,https://i.ytimg.com/vi/Q9D_5C0Xhd8/mqdefault.jpg,Kaban Sampai Mati Watt Rock,,,,Kaban Sampai Mati Watt Rock
2026-08-09,my,Malaysia,top_videos_weekly,,88,https://i.ytimg.com/vi/CsFPjgErUB4/mqdefault.jpg,Melepaskanmu Sakura Band,,,,Melepaskanmu Sakura Band
2026-08-09,my,Malaysia,top_videos_weekly,,89,https://i.ytimg.com/vi/_Pk6xfju3l0/mqdefault.jpg,"ILLIT (아일릿) 'I Got Your Back (Feat. JISOO, MOMOKA of HANA)' Official MV ILLIT",,,,"ILLIT (아일릿) 'I Got Your Back (Feat. JISOO, MOMOKA of HANA)' Official MV ILLIT"
2026-08-09,my,Malaysia,top_videos_weekly,,90,https://i.ytimg.com/vi/0yW7w8F2TVA/mqdefault.jpg,Say You Won't Let Go James Arthur,,,,Say You Won't Let Go James Arthur
2026-08-09,my,Malaysia,top_videos_weekly,,91,https://i.ytimg.com/vi/_Vp-jCG7gno/mqdefault.jpg,"God Mode Sai Abhyankkar , Gana Muthu & Vishnu Edavan",,,,"God Mode Sai Abhyankkar , Gana Muthu & Vishnu Edavan"
2026-08-09,my,Malaysia,top_videos_weekly,,92,https://i.ytimg.com/vi/0GnA8VYOfko/mqdefault.jpg,"Gut Genug KITSCHKRIEG , Blumengarten & 希琳·大衛",,,,"Gut Genug KITSCHKRIEG , Blumengarten & 希琳·大衛"
2026-08-09,my,Malaysia,top_videos_weekly,,93,https://i.ytimg.com/vi/wsLIw7YeD6g/mqdefault.jpg,Jiwa Yang Mengalah Bellestrelle ft Harry Azrul,,,,Jiwa Yang Mengalah Bellestrelle ft Harry Azrul
2026-08-09,my,Malaysia,top_videos_weekly,,94,https://i.ytimg.com/vi/QdgjTzoSFpM/mqdefault.jpg,rollerblade no na,,,,rollerblade no na
2026-08-09,my,Malaysia,top_videos_weekly,,95,https://i.ytimg.com/vi/VFhqvz8ssJo/mqdefault.jpg,Disaat Aku Mencintaimu Dadali,,,,Disaat Aku Mencintaimu Dadali
2026-08-09,my,Malaysia,top_videos_weekly,,96,https://i.ytimg.com/vi/XFkzRNyygfk/mqdefault.jpg,4 Creep 電台司令,,"7月 18, 2008",85824,"96 4 Creep 電台司令 7月 18, 2008 92 5 85,824"
2026-08-09,my,Malaysia,top_videos_weekly,,97,https://i.ytimg.com/vi/wn05Kgt73HA/mqdefault.jpg,Bunga Maaf The Lantis,,,,Bunga Maaf The Lantis
2026-08-09,my,Malaysia,top_videos_weekly,,98,https://i.ytimg.com/vi/RzqGJ-xo8u8/mqdefault.jpg,Penat Tapi Kena Kuat Duka Malam,,,,Penat Tapi Kena Kuat Duka Malam
2026-08-09,my,Malaysia,top_videos_weekly,,99,https://i.ytimg.com/vi/3YxaaGgTQYM/mqdefault.jpg,Bring Me To Life Evanescence,,,,Bring Me To Life Evanescence
2026-08-09,my,Malaysia,top_videos_weekly,,100,https://i.ytimg.com/vi/6vRuV-gR9jI/mqdefault.jpg,Sayang Orang Sama Sayang Orang Sama,,,,Sayang Orang Sama Sayang Orang Sama