captured_date,market,market_name,chart,period_suffix,rank,image_url,primary_name,secondary_name,release_date,metric_value,raw_text
2026-09-07,global,Global,top_videos_daily,,1,https://i.ytimg.com/vi/FyS5dAywkEo/mqdefault.jpg,SaWaDiKa (Official Music Video),LISA,,,SaWaDiKa (Official Music Video) LISA
2026-09-07,global,Global,top_videos_daily,,2,https://i.ytimg.com/vi/fcnDmrtj6Sk/mqdefault.jpg,Dai Dai,Shakira / Burna Boy,,,Dai Dai Shakira & Burna Boy
2026-09-07,global,Global,top_videos_daily,,3,https://i.ytimg.com/vi/JqFzhcWo3EU/mqdefault.jpg,Yeshanagula | The Paradise | Nani | Keerthy Suresh | Anirudh Ravichander | Srikanth Odela,Saregama Telugu,,,Yeshanagula | The Paradise | Nani | Keerthy Suresh | Anirudh Ravichander | Srikanth Odela Saregama Telugu
2026-09-07,global,Global,top_videos_daily,,4,https://i.ytimg.com/vi/xvT1jH8B9AM/mqdefault.jpg,KALYANI (Remix),ARJN / KDS / FIFTY4 / 舒蕾亞·戈沙爾,,,"KALYANI (Remix) ARJN , KDS , FIFTY4 & 舒蕾亞·戈沙爾"
2026-09-07,global,Global,top_videos_daily,,5,https://i.ytimg.com/vi/vSA7yMrTETg/mqdefault.jpg,Xamdam Sobirov - Peshta / Хамдам Собиров - Пешта / Video Klip,Xamdam Sobirov,,,Xamdam Sobirov - Peshta / Хамдам Собиров - Пешта / Video Klip Xamdam Sobirov
2026-09-07,global,Global,top_videos_daily,,6,https://i.ytimg.com/vi/1IKsJiMLGu0/mqdefault.jpg,"Samjho Na - THE VVAAN | Sidharth Malhotra & Tamannaah | Jubin Nautiyal, Tanishk B, Suvarna, Manoj M",Zee Music Company,,,"Samjho Na - THE VVAAN | Sidharth Malhotra & Tamannaah | Jubin Nautiyal, Tanishk B, Suvarna, Manoj M Zee Music Company"
2026-09-07,global,Global,top_videos_daily,,7,https://i.ytimg.com/vi/yebNIHKAC4A/mqdefault.jpg,Golden,HUNTR/X / EJAE / AUDREY NUNA / REI AMI / KPop Demon Hunters Cast,,,"Golden HUNTR/X , EJAE , AUDREY NUNA , REI AMI & KPop Demon Hunters Cast"
2026-09-07,global,Global,top_videos_daily,,8,https://i.ytimg.com/vi/zUGvCrqR6HI/mqdefault.jpg,NAA PUSHDE - Neha Kakkar | Akanksha Chaudhary & Yogesh Rawat | Harsh Nussi | Anshul Garg,Desi Music Factory,,,NAA PUSHDE - Neha Kakkar | Akanksha Chaudhary & Yogesh Rawat | Harsh Nussi | Anshul Garg Desi Music Factory
2026-09-07,global,Global,top_videos_daily,,9,https://i.ytimg.com/vi/s2HYl12gmOY/mqdefault.jpg,Parvati,Sadhu Tiwari,,,Parvati Sadhu Tiwari
2026-09-07,global,Global,top_videos_daily,,10,https://i.ytimg.com/vi/YyepU5ztLf4/mqdefault.jpg,Shararat,Madhubanti Bagchi / 雅斯文·桑德拉斯 / 沙赫瓦特·薩赫迪夫,,,"Shararat Madhubanti Bagchi , 雅斯文·桑德拉斯 & 沙赫瓦特·薩赫迪夫"
2026-09-07,global,Global,top_videos_daily,,11,https://i.ytimg.com/vi/u9BdaJTWeiw/mqdefault.jpg,Barbaadi,Shilpi Raj,,,Barbaadi Shilpi Raj
2026-09-07,global,Global,top_videos_daily,,12,https://i.ytimg.com/vi/ApXoWvfEYVU/mqdefault.jpg,Sunflower,Post Malone / Swae Lee,,,Sunflower Post Malone & Swae Lee
2026-09-07,global,Global,top_videos_daily,,13,https://i.ytimg.com/vi/is8UDe2PhKQ/mqdefault.jpg,KATSEYE (캣츠아이) 'Hootie Frutti' Official MV,KATSEYE,,,KATSEYE (캣츠아이) 'Hootie Frutti' Official MV KATSEYE
2026-09-07,global,Global,top_videos_daily,,14,https://i.ytimg.com/vi/A_RV2H2F9jw/mqdefault.jpg,Basinga Balaalu,Srinidhi Nerella / Kalyan Keys / Swamy Naresh,,,"Basinga Balaalu Srinidhi Nerella , Kalyan Keys & Swamy Naresh"
2026-09-07,global,Global,top_videos_daily,,15,https://i.ytimg.com/vi/ekr2nIex040/mqdefault.jpg,APT.,ROSÉ / Bruno Mars,,,APT. ROSÉ & Bruno Mars
2026-09-07,global,Global,top_videos_daily,,16,https://i.ytimg.com/vi/6rvUyBiBtik/mqdefault.jpg,Tera Mera Rishta,Sayeed Quadri / Mustafa Zahid / Pritam,,,"Tera Mera Rishta Sayeed Quadri , Mustafa Zahid & Pritam"
2026-09-07,global,Global,top_videos_daily,,17,https://i.ytimg.com/vi/ebZj_nrmH-c/mqdefault.jpg,Barsaat,Banjaare / Roni,,,Barsaat Banjaare & Roni
2026-09-07,global,Global,top_videos_daily,,18,https://i.ytimg.com/vi/3DcoC8p9az8/mqdefault.jpg,Training Season (Live),Dua Lipa,,,Training Season (Live) Dua Lipa
2026-09-07,global,Global,top_videos_daily,,19,https://i.ytimg.com/vi/kwwdY1bp-Ck/mqdefault.jpg,Todo Lo Fue - (Video Oficial) - Lenin Ramirez - DEL Records 2026,DEL Records,,2026,Todo Lo Fue - (Video Oficial) - Lenin Ramirez - DEL Records 2026 DEL Records
2026-09-07,global,Global,top_videos_daily,,20,https://i.ytimg.com/vi/jR3rWCBeO6M/mqdefault.jpg,@SaiAbhyankkar - Radhimaa (Music Video) | Bhagyashri Borse | Vivek | Thejo Bharathwaj | Think Indie,Think Music India,,,@SaiAbhyankkar - Radhimaa (Music Video) | Bhagyashri Borse | Vivek | Thejo Bharathwaj | Think Indie Think Music India
2026-09-07,global,Global,top_videos_daily,,21,https://i.ytimg.com/vi/8F2s8ivKXNY/mqdefault.jpg,Life Goes On,Oliver Tree,,,Life Goes On Oliver Tree
2026-09-07,global,Global,top_videos_daily,,22,https://i.ytimg.com/vi/m7k9UMcHbr0/mqdefault.jpg,"KATSEYE (캣츠아이) ""Animal"" Official MV",KATSEYE,,,"KATSEYE (캣츠아이) ""Animal"" Official MV KATSEYE"
2026-09-07,global,Global,top_videos_daily,,23,https://i.ytimg.com/vi/fRIhCiUVaKs/mqdefault.jpg,BbY WOW (Visualizer),Judeline / rusowsky,,,BbY WOW (Visualizer) Judeline & rusowsky
2026-09-07,global,Global,top_videos_daily,,24,https://i.ytimg.com/vi/RO75uUZiAw0/mqdefault.jpg,Teh Hijau,圖魯斯,"6月 29, 2026",2078989,"24 3 Teh Hijau 圖魯斯 6月 29, 2026 27 62 2,078,989"
2026-09-07,global,Global,top_videos_daily,,25,https://i.ytimg.com/vi/5Y3a06rJjoU/mqdefault.jpg,Garee2a Awy (Live),TUL8TE,,,Garee2a Awy (Live) TUL8TE
2026-09-07,global,Global,top_videos_daily,,26,https://i.ytimg.com/vi/QnQnz9G2LNw/mqdefault.jpg,MALLEPOOLA PALLAKI (Song) | Ravi Teja | GV Prakash | Dappu Srinu | Shiva Nirvana | Irumudi,T-Series Telugu,,,MALLEPOOLA PALLAKI (Song) | Ravi Teja | GV Prakash | Dappu Srinu | Shiva Nirvana | Irumudi T-Series Telugu
2026-09-07,global,Global,top_videos_daily,,27,https://i.ytimg.com/vi/69L-nKRY3ac/mqdefault.jpg,Sebebi Yar,Blok3,,,Sebebi Yar Blok3
2026-09-07,global,Global,top_videos_daily,,28,https://i.ytimg.com/vi/QCZZwZQ4qNs/mqdefault.jpg,Si Antes Te Hubiera Conocido,KAROL G,,,Si Antes Te Hubiera Conocido KAROL G
2026-09-07,global,Global,top_videos_daily,,29,https://i.ytimg.com/vi/aWpw-Ynl0Yc/mqdefault.jpg,Bass Persuades,Miley Cyrus,,,Bass Persuades Miley Cyrus
2026-09-07,global,Global,top_videos_daily,,30,https://i.ytimg.com/vi/e-1zjovjWiA/mqdefault.jpg,Dil | Coke Studio Nu.WAV | Afusic x Zoha Waseem x Ali Soomro,Coke Studio Pakistan,,,Dil | Coke Studio Nu.WAV | Afusic x Zoha Waseem x Ali Soomro Coke Studio Pakistan
2026-09-07,global,Global,top_videos_daily,,31,https://i.ytimg.com/vi/aRNfSqsgrgE/mqdefault.jpg,Sheesha,Mitta Ror / Swara Verma,,,Sheesha Mitta Ror & Swara Verma
2026-09-07,global,Global,top_videos_daily,,32,https://i.ytimg.com/vi/q2IMrkhSjSA/mqdefault.jpg,ÇOK GÜZEL GÜLÜYORSUN,Blok3 / Poizi,,,ÇOK GÜZEL GÜLÜYORSUN Blok3 & Poizi
2026-09-07,global,Global,top_videos_daily,,33,https://i.ytimg.com/vi/b68HETiNO98/mqdefault.jpg,Pavazha Malli,Sai Abhyankkar / Shruti Haasan,,,Pavazha Malli Sai Abhyankkar & Shruti Haasan
2026-09-07,global,Global,top_videos_daily,,34,https://i.ytimg.com/vi/9bZkp7q19f0/mqdefault.jpg,Gangnam Style,PSY,,,Gangnam Style PSY
2026-09-07,global,Global,top_videos_daily,,35,https://i.ytimg.com/vi/bP8ATWCvqzw/mqdefault.jpg,Arz Kiya Hai,Anuv Jain,,,Arz Kiya Hai Anuv Jain
2026-09-07,global,Global,top_videos_daily,,36,https://i.ytimg.com/vi/cL0KKSPjZf8/mqdefault.jpg,Boom Shaka,KR$NA / Dhanda Nyoliwala,,,Boom Shaka KR$NA & Dhanda Nyoliwala
2026-09-07,global,Global,top_videos_daily,,37,https://i.ytimg.com/vi/vutbVGewIcg/mqdefault.jpg,Las Mas Bonitas Son P*tas,Anuel AA,,,Las Mas Bonitas Son P*tas Anuel AA
2026-09-07,global,Global,top_videos_daily,,38,https://i.ytimg.com/vi/F2m4HPLvj-4/mqdefault.jpg,Jaiye Sajana,雅斯文·桑德拉斯 / 施廷德·薩爾塔 / 沙赫瓦特·薩赫迪夫,,,"Jaiye Sajana 雅斯文·桑德拉斯 , 施廷德·薩爾塔 & 沙赫瓦特·薩赫迪夫"
2026-09-07,global,Global,top_videos_daily,,39,https://i.ytimg.com/vi/ZvXN0TcZLfQ/mqdefault.jpg,Fortuner,Raj Mawar / Ruchika Jangid,,,Fortuner Raj Mawar & Ruchika Jangid
2026-09-07,global,Global,top_videos_daily,,40,https://i.ytimg.com/vi/s466YCiHfKw/mqdefault.jpg,FALLEN ANGEL (Official Video),JENNIE,,,FALLEN ANGEL (Official Video) JENNIE
2026-09-07,global,Global,top_videos_daily,,41,https://i.ytimg.com/vi/bMhDJ0S0OBA/mqdefault.jpg,It's Me,ILLIT,"4月 30, 2026",1639816,"41 17 It's Me ILLIT 4月 30, 2026 58 129 1,639,816"
2026-09-07,global,Global,top_videos_daily,,42,https://i.ytimg.com/vi/oafxkMv4xnc/mqdefault.jpg,Bairan,Banjaare,"2月 13, 2026",1637284,"42 1 Bairan Banjaare 2月 13, 2026 41 184 1,637,284"
2026-09-07,global,Global,top_videos_daily,,43,https://i.ytimg.com/vi/23cipSExADA/mqdefault.jpg,เพราะพี่รักจริง,หนึ่ง บีเคแบนด์,,,เพราะพี่รักจริง หนึ่ง บีเคแบนด์
2026-09-07,global,Global,top_videos_daily,,44,https://i.ytimg.com/vi/27C4pfRsf9g/mqdefault.jpg,ICONIC BY MISTAKE,LE SSERAFIM / ILLIT / KATSEYE,,,"ICONIC BY MISTAKE LE SSERAFIM , ILLIT & KATSEYE"
2026-09-07,global,Global,top_videos_daily,,45,https://i.ytimg.com/vi/-1SgFHqxjlw/mqdefault.jpg,SxyCip - Love All Day (Official Music Video),SxyCip,,,SxyCip - Love All Day (Official Music Video) SxyCip
2026-09-07,global,Global,top_videos_daily,,46,https://i.ytimg.com/vi/A7ShtPRP2Mc/mqdefault.jpg,Kayıp Kalp,Blok3,,,Kayıp Kalp Blok3
2026-09-07,global,Global,top_videos_daily,,47,https://i.ytimg.com/vi/pydbc3i_c5s/mqdefault.jpg,"Ram Ji Ki Sena Video Song |Mahakavya Shri Ramayan Katha | Farhad B| Anjali Arora, Dev Sharma|25 Sept",Divo Music Hindi,,,"Ram Ji Ki Sena Video Song |Mahakavya Shri Ramayan Katha | Farhad B| Anjali Arora, Dev Sharma|25 Sept Divo Music Hindi"
2026-09-07,global,Global,top_videos_daily,,48,https://i.ytimg.com/vi/6z1U-kJ3xJE/mqdefault.jpg,Chunnari Chunnari,安巴希·巴塔查裡亞 / Anuradha Sriram,,,Chunnari Chunnari 安巴希·巴塔查里亞 & Anuradha Sriram
2026-09-07,global,Global,top_videos_daily,,49,https://i.ytimg.com/vi/IxX_QHay02M/mqdefault.jpg,W&W - OIIA OIIA (Spinning Cat),W&W,,,W&W - OIIA OIIA (Spinning Cat) W&W
2026-09-07,global,Global,top_videos_daily,,50,https://i.ytimg.com/vi/OQac93ARgQE/mqdefault.jpg,Nano,Saint Levant / TUL8TE,,,Nano Saint Levant & TUL8TE
2026-09-07,global,Global,top_videos_daily,,51,https://i.ytimg.com/vi/z5y8Clp_TdE/mqdefault.jpg,KALYANI (Remix),舒蕾亞·戈沙爾 / ARJN / FIFTY4 / KDS,,,"KALYANI (Remix) 舒蕾亞·戈沙爾 , ARJN , FIFTY4 & KDS"
2026-09-07,global,Global,top_videos_daily,,52,https://i.ytimg.com/vi/1zZQa0-QQIA/mqdefault.jpg,"NEXZ(넥스지) ""SAUCIN'"" M/V",JYP Entertainment,,,"NEXZ(넥스지) ""SAUCIN'"" M/V JYP Entertainment"
2026-09-07,global,Global,top_videos_daily,,53,https://i.ytimg.com/vi/cRgrrrdqbLM/mqdefault.jpg,अफीम (Official Video) #Khesari Lal Yadav | Kangana Sharma | #Shilpi Raj | Afeem | New #Bhojpuri Song,Wave Music,,,अफीम (Official Video) #Khesari Lal Yadav | Kangana Sharma | #Shilpi Raj | Afeem | New #Bhojpuri Song Wave Music
2026-09-07,global,Global,top_videos_daily,,54,https://i.ytimg.com/vi/_NlOIjOByUg/mqdefault.jpg,LIL NAAY - PERRA (VIDEO OFICIAL),Lil Naay,,,LIL NAAY - PERRA (VIDEO OFICIAL) Lil Naay
2026-09-07,global,Global,top_videos_daily,,55,https://i.ytimg.com/vi/kNm3qlmKn5o/mqdefault.jpg,سلّم عالكل,艾希·艾爾·哈勒尼,,,سلّم عالكل 艾希·艾爾·哈勒尼
2026-09-07,global,Global,top_videos_daily,,56,https://i.ytimg.com/vi/aQXq3ndLkHs/mqdefault.jpg,Still (Official Video),KAROL G / Bruno Mars,,,Still (Official Video) KAROL G & Bruno Mars
2026-09-07,global,Global,top_videos_daily,,57,https://i.ytimg.com/vi/5qm8PH4xAss/mqdefault.jpg,In Da Club,50 Cent,,,In Da Club 50 Cent
2026-09-07,global,Global,top_videos_daily,,58,https://i.ytimg.com/vi/EtTf6f3Ydak/mqdefault.jpg,Irumudi Kattu,G.V. Prakash Kumar / Shiva Nirvana / Kalyan Chakravarthy Tripuraneni / Ananthu,,,"Irumudi Kattu G.V. Prakash Kumar , Shiva Nirvana , Kalyan Chakravarthy Tripuraneni & Ananthu"
2026-09-07,global,Global,top_videos_daily,,59,https://i.ytimg.com/vi/8PeU6AVPQVg/mqdefault.jpg,Bad Times Deep House,Imael Angel,,,Bad Times Deep House Imael Angel
2026-09-07,global,Global,top_videos_daily,,60,https://i.ytimg.com/vi/7w7LUaLpM4E/mqdefault.jpg,MALLEPOOLA PALLAKI 8K VIDEO | RAVI TEJA | GV PRAKASH | DAPPU SRINU | IRUMUDI | AYYAPPA SONG,T-Series,,,MALLEPOOLA PALLAKI 8K VIDEO | RAVI TEJA | GV PRAKASH | DAPPU SRINU | IRUMUDI | AYYAPPA SONG T-Series
2026-09-07,global,Global,top_videos_daily,,61,https://i.ytimg.com/vi/7VsejGzcJmM/mqdefault.jpg,Alaakaa Loova,Sai Abhyankkar,,,Alaakaa Loova Sai Abhyankkar
2026-09-07,global,Global,top_videos_daily,,62,https://i.ytimg.com/vi/2gXNDr_6FcE/mqdefault.jpg,Irumudi Kattu,Shiva Nirvana / G.V. Prakash Kumar / Kalyan Chakravarthy Tripuraneni / Ananthu,,,"Irumudi Kattu Shiva Nirvana , G.V. Prakash Kumar , Kalyan Chakravarthy Tripuraneni & Ananthu"
2026-09-07,global,Global,top_videos_daily,,63,https://i.ytimg.com/vi/Md7kqHsWWs4/mqdefault.jpg,Six Seven,Laurinha Costa / SoundMusic Original / Dj Cabello / Dj Tchouzen,,,"Six Seven Laurinha Costa , SoundMusic Original , Dj Cabello & Dj Tchouzen"
2026-09-07,global,Global,top_videos_daily,,64,https://i.ytimg.com/vi/DV6LV6qWCdk/mqdefault.jpg,Barsaat Mein Aaya (Official Video) - Mr Dutt | Tanu Rawat | New Haryanvi Songs 2026,Nuravi Productions Haryanvi,,2026,Barsaat Mein Aaya (Official Video) - Mr Dutt | Tanu Rawat | New Haryanvi Songs 2026 Nuravi Productions Haryanvi
2026-09-07,global,Global,top_videos_daily,,65,https://i.ytimg.com/vi/GK4T3TuetPU/mqdefault.jpg,New Song 2026 | New Hindi Song | Meri Sajaa Bana | Yash | Tamannaah Bhatia | New Song,Gaurav Mali,,2026,New Song 2026 | New Hindi Song | Meri Sajaa Bana | Yash | Tamannaah Bhatia | New Song Gaurav Mali
2026-09-07,global,Global,top_videos_daily,,66,https://i.ytimg.com/vi/lb-msCNgqLs/mqdefault.jpg,Adam - Jamalo (Official Music Video) | أدم - جمالو,亞當,,,Adam - Jamalo (Official Music Video) | أدم - جمالو 亞當
2026-09-07,global,Global,top_videos_daily,,67,https://i.ytimg.com/vi/qzHtkTsz0-k/mqdefault.jpg,Jatt flex - Baaz Brar ( Official Video) Sudesh Kumari - Beatcop - Vicky Dhaliwal - New Punjabi Song,Baaz Brar,,,Jatt flex - Baaz Brar ( Official Video) Sudesh Kumari - Beatcop - Vicky Dhaliwal - New Punjabi Song Baaz Brar
2026-09-07,global,Global,top_videos_daily,,68,https://i.ytimg.com/vi/WT-wrwlN144/mqdefault.jpg,YAALALO YAALALO Lyrical | Irumudi | Ravi Teja | GV Prakash | Hesham | Shiva Nirvana,Hesham Abdul Wahab / Sadhika K R / Balaji Venugopal / G.V. Prakash Kumar,,,"YAALALO YAALALO Lyrical | Irumudi | Ravi Teja | GV Prakash | Hesham | Shiva Nirvana Hesham Abdul Wahab , Sadhika K R , Balaji Venugopal & G.V. Prakash Kumar"
2026-09-07,global,Global,top_videos_daily,,69,https://i.ytimg.com/vi/dTWEFx3DeM8/mqdefault.jpg,Anor,Mirjalol Nematov,,,Anor Mirjalol Nematov
2026-09-07,global,Global,top_videos_daily,,70,https://i.ytimg.com/vi/fLexgOxsZu0/mqdefault.jpg,The Lazy Song,Bruno Mars,,,The Lazy Song Bruno Mars
2026-09-07,global,Global,top_videos_daily,,71,https://i.ytimg.com/vi/0pg0raFMNIU/mqdefault.jpg,Toz Pembe,manifest,,,Toz Pembe manifest
2026-09-07,global,Global,top_videos_daily,,72,https://i.ytimg.com/vi/jWh-7JGuxTo/mqdefault.jpg,Ara Beni,荷黛絲·阿奇高茲,,,Ara Beni 荷黛絲·阿奇高茲
2026-09-07,global,Global,top_videos_daily,,73,https://i.ytimg.com/vi/9dV6Hl2u3vM/mqdefault.jpg,Neno Butterfly,Sublahshini / G.V. Prakash Kumar,,,Neno Butterfly Sublahshini & G.V. Prakash Kumar
2026-09-07,global,Global,top_videos_daily,,74,https://i.ytimg.com/vi/tXzg2ZA-9Us/mqdefault.jpg,Perdóname,La Factoria,,,Perdóname La Factoria
2026-09-07,global,Global,top_videos_daily,,75,https://i.ytimg.com/vi/I_46tPHvVOw/mqdefault.jpg,DICHAVATE,Ya Ice Dilan / Rey Tony / Helabusador / JipMusic Global / dj honda,,,"DICHAVATE Ya Ice Dilan , Rey Tony , Helabusador , JipMusic Global & dj honda"
2026-09-07,global,Global,top_videos_daily,,76,https://i.ytimg.com/vi/7x5Apnkx6ec/mqdefault.jpg,TUNEXX 'BLUE MODE' MV,TUNEXX,,,TUNEXX 'BLUE MODE' MV TUNEXX
2026-09-07,global,Global,top_videos_daily,,77,https://i.ytimg.com/vi/qpIdoaaPa6U/mqdefault.jpg,Jeene Laga Hoon (Lyrical),薩辛-吉格爾,,,Jeene Laga Hoon (Lyrical) 薩辛-吉格爾
2026-09-07,global,Global,top_videos_daily,,78,https://i.ytimg.com/vi/TX-1dI8t6WM/mqdefault.jpg,AMOR,Emmanuel Cortes,,,AMOR Emmanuel Cortes
2026-09-07,global,Global,top_videos_daily,,79,https://i.ytimg.com/vi/Elp1SHhSQ9M/mqdefault.jpg,Tus Mentiras,Moy Bobadilla / Grupo Firme / Hernan Sepulveda / Max Peraza,,,"Tus Mentiras Moy Bobadilla , Grupo Firme , Hernan Sepulveda & Max Peraza"
2026-09-07,global,Global,top_videos_daily,,80,https://i.ytimg.com/vi/-q_S27LbNKU/mqdefault.jpg,BAD,ATEEZ,"6月 25, 2026",1089268,"80 6 BAD ATEEZ 6月 25, 2026 86 66 1,089,268"
2026-09-07,global,Global,top_videos_daily,,81,https://i.ytimg.com/vi/boKJ5XDs_mY/mqdefault.jpg,JACK - J97 | LƯU NIÊN | Album TAM THÁI TỬ - Track No.4,J97,,,JACK - J97 | LƯU NIÊN | Album TAM THÁI TỬ - Track No.4 J97
2026-09-07,global,Global,top_videos_daily,,82,https://i.ytimg.com/vi/bL_bU1L79Ww/mqdefault.jpg,Chandi Ki Daal Par,薩爾曼·汗 / 阿爾卡·雅格尼克,,,Chandi Ki Daal Par 薩爾曼·汗 & 阿爾卡·雅格尼克
2026-09-07,global,Global,top_videos_daily,,83,https://i.ytimg.com/vi/UH21OnJwxZE/mqdefault.jpg,PHƯƠNG MỸ CHI x DTAP | 'THIÊN ĐƯỜNG VỚI NGƯỜI THƯƠNG' | OFFICIAL MUSIC VIDEO,Phương Mỹ Chi,,,PHƯƠNG MỸ CHI x DTAP | 'THIÊN ĐƯỜNG VỚI NGƯỜI THƯƠNG' | OFFICIAL MUSIC VIDEO Phương Mỹ Chi
2026-09-07,global,Global,top_videos_daily,,84,https://i.ytimg.com/vi/GYfdWiAnshE/mqdefault.jpg,"Neno Butterfly Full Video Song 4K | Vishwanath and Sons | Suriya, Mamitha Baiju | G.V. Prakash Kumar",Sublahshini / G.V. Prakash Kumar,,,"Neno Butterfly Full Video Song 4K | Vishwanath and Sons | Suriya, Mamitha Baiju | G.V. Prakash Kumar Sublahshini & G.V. Prakash Kumar"
2026-09-07,global,Global,top_videos_daily,,85,https://i.ytimg.com/vi/BlYyNh0Yh08/mqdefault.jpg,Radha Kaise Na Jale,Asha Bhosle / Udit Narayan,,,Radha Kaise Na Jale Asha Bhosle & Udit Narayan
2026-09-07,global,Global,top_videos_daily,,86,https://i.ytimg.com/vi/C1LN4cWjMl0/mqdefault.jpg,Pattampoochi,Sublahshini / G.V. Prakash Kumar,,,Pattampoochi Sublahshini & G.V. Prakash Kumar
2026-09-07,global,Global,top_videos_daily,,87,https://i.ytimg.com/vi/I-5e_J3LWS8/mqdefault.jpg,AH HA,Cardi B,"8月 27, 2026",1046040,"87 17 AH HA Cardi B 8月 27, 2026 70 9 1,046,040"
2026-09-07,global,Global,top_videos_daily,,88,https://i.ytimg.com/vi/bno35yeBw88/mqdefault.jpg,"Pablo, @simonemendesoficial - Suor Pingado - O FEAT DO ANO (Vídeo Oficial)",Pablo,,,"Pablo, @simonemendesoficial - Suor Pingado - O FEAT DO ANO (Vídeo Oficial) Pablo"
2026-09-07,global,Global,top_videos_daily,,89,https://i.ytimg.com/vi/4RNR4hy_LYY/mqdefault.jpg,"🔥De De | Jail Star Raushan Rohi, Srishti Bharti | Ft. Queen Shalini- New Bhojpuri Song 2026",T-Series Hamaar Bhojpuri,,2026,"🔥De De | Jail Star Raushan Rohi, Srishti Bharti | Ft. Queen Shalini- New Bhojpuri Song 2026 🔥 T-Series Hamaar Bhojpuri"
2026-09-07,global,Global,top_videos_daily,,90,https://i.ytimg.com/vi/-0RUAQAMUac/mqdefault.jpg,تباعاً تباعاً,Sherine,,,تباعاً تباعاً Sherine
2026-09-07,global,Global,top_videos_daily,,91,https://i.ytimg.com/vi/kG0z7hwY3as/mqdefault.jpg,Debut,KATSEYE,"7月 2, 2024",1028137,"91 91 Debut KATSEYE 7月 2, 2024 - 36 1,028,137"
2026-09-07,global,Global,top_videos_daily,,92,https://i.ytimg.com/vi/rC-kbRanJQ0/mqdefault.jpg,UDI UDI,Hruday / Sarkar / Aneesh,,,"UDI UDI Hruday , Sarkar & Aneesh"
2026-09-07,global,Global,top_videos_daily,,93,https://i.ytimg.com/vi/09839DpTctU/mqdefault.jpg,Hotel California (Live),Eagles,,,Hotel California (Live) Eagles
2026-09-07,global,Global,top_videos_daily,,94,https://i.ytimg.com/vi/s3a4OQR-10M/mqdefault.jpg,Loser,Tame Impala,,,Loser Tame Impala
2026-09-07,global,Global,top_videos_daily,,95,https://i.ytimg.com/vi/5RT6QMKJTjQ/mqdefault.jpg,Ishq Sufiyana,Kamal Khan,,,Ishq Sufiyana Kamal Khan
2026-09-07,global,Global,top_videos_daily,,96,https://i.ytimg.com/vi/Si9kWKnJKxE/mqdefault.jpg,ZOMBIE,LAZARO,"5月 21, 2026",1013417,"96 96 ZOMBIE LAZARO 5月 21, 2026 - 101 1,013,417"
2026-09-07,global,Global,top_videos_daily,,97,https://i.ytimg.com/vi/XceJdWL9a9E/mqdefault.jpg,"Nee Parichayam Video Song | TORTOISE | Raj Tarun, Amrutha Chowdary | Anup Rubens",Lahari Music,,,"Nee Parichayam Video Song | TORTOISE | Raj Tarun, Amrutha Chowdary | Anup Rubens Lahari Music"
2026-09-07,global,Global,top_videos_daily,,98,https://i.ytimg.com/vi/BZ4UzthYTss/mqdefault.jpg,This & That,Stray Kids,,,This & That Stray Kids
2026-09-07,global,Global,top_videos_daily,,99,https://i.ytimg.com/vi/_gyultVTesk/mqdefault.jpg,2.0,防彈少年團,"4月 1, 2026",1001854,"99 3 2.0 防彈少年團 4月 1, 2026 96 133 1,001,854"
2026-09-07,global,Global,top_videos_daily,,100,https://i.ytimg.com/vi/PkMKJEkE8Mo/mqdefault.jpg,Gnarly,KATSEYE,"5月 5, 2025",998016,"100 100 Gnarly KATSEYE 5月 5, 2025 - 23 998,016"
2026-09-07,tw,Taiwan,top_videos_daily,,1,https://i.ytimg.com/vi/FyS5dAywkEo/mqdefault.jpg,SaWaDiKa (Official Music Video),LISA,,,SaWaDiKa (Official Music Video) LISA
2026-09-07,tw,Taiwan,top_videos_daily,,2,https://i.ytimg.com/vi/0xlNP3tKfa4/mqdefault.jpg,Avalokiteśvara (Remix),Marz23,,,Avalokiteśvara (Remix) Marz23
2026-09-07,tw,Taiwan,top_videos_daily,,3,https://i.ytimg.com/vi/o5EdYwk8k9o/mqdefault.jpg,[MV]GENBLUE幻藍小熊 ’夜市王 Night Market Queen‘ MV,GENBLUE 幻藍小熊,,,[MV]GENBLUE幻藍小熊 ’夜市王 Night Market Queen‘ MV GENBLUE 幻藍小熊
2026-09-07,tw,Taiwan,top_videos_daily,,4,https://i.ytimg.com/vi/YacpC7sUXMM/mqdefault.jpg,甲乙丙丁 (你我怎麼兩清伴奏),李佳薇,,,甲乙丙丁 (你我怎麼兩清伴奏) 李佳薇
2026-09-07,tw,Taiwan,top_videos_daily,,5,https://i.ytimg.com/vi/8eOs7Zd-690/mqdefault.jpg,麋先生 聖皓 MIXER Sheng Hao feat. 王識賢 Shih Hsien Wang [ 鹹酸苦汫 Tastes of Life ] Official Music Video,麋先生MIXER,,,麋先生 聖皓 MIXER Sheng Hao feat. 王識賢 Shih Hsien Wang [ 鹹酸苦汫 Tastes of Life ] Official Music Video 麋先生MIXER
2026-09-07,tw,Taiwan,top_videos_daily,,6,https://i.ytimg.com/vi/PTaXHjz6okQ/mqdefault.jpg,老朋友,黃奇斌,"8月 28, 2026",72327,"6 ● 老朋友 黃奇斌 8月 28, 2026 6 9 72,327"
2026-09-07,tw,Taiwan,top_videos_daily,,7,https://i.ytimg.com/vi/PHSx-B0msUk/mqdefault.jpg,Bii畢書盡 feat. 鼓鼓 呂思緯 GBOYSWAG - '比就比就比 BJBJB' Official Music Video,畢書盡,,,Bii畢書盡 feat. 鼓鼓 呂思緯 GBOYSWAG - '比就比就比 BJBJB' Official Music Video 畢書盡
2026-09-07,tw,Taiwan,top_videos_daily,,8,https://i.ytimg.com/vi/jeRu6h4XbUU/mqdefault.jpg,幸福在歌唱,A-Lin,"12月 26, 2025",62644,"8 8 幸福在歌唱 A-Lin 12月 26, 2025 16 133 62,644"
2026-09-07,tw,Taiwan,top_videos_daily,,9,https://i.ytimg.com/vi/mpNKrWUhcy8/mqdefault.jpg,不愛就不愛,艾薇,"12月 18, 2024",60526,"9 2 不愛就不愛 艾薇 12月 18, 2024 11 133 60,526"
2026-09-07,tw,Taiwan,top_videos_daily,,10,https://i.ytimg.com/vi/-q_S27LbNKU/mqdefault.jpg,BAD,ATEEZ,"6月 25, 2026",58316,"10 11 BAD ATEEZ 6月 25, 2026 21 72 58,316"
2026-09-07,tw,Taiwan,top_videos_daily,,11,https://i.ytimg.com/vi/dRSZhZT6r-Y/mqdefault.jpg,沒有人像我,宇宙人,"7月 2, 2026",57173,"11 1 沒有人像我 宇宙人 7月 2, 2026 10 63 57,173"
2026-09-07,tw,Taiwan,top_videos_daily,,12,https://i.ytimg.com/vi/3rB3n_XR23o/mqdefault.jpg,我不該動情,老闆,"7月 1, 2026",56646,"12 3 我不該動情 老板 7月 1, 2026 9 63 56,646"
2026-09-07,tw,Taiwan,top_videos_daily,,13,https://i.ytimg.com/vi/X06y7ZuT7_Y/mqdefault.jpg,必巡,曾瑋中,"6月 27, 2022",56598,"13 1 必巡 曾瑋中 6月 27, 2022 12 133 56,598"
2026-09-07,tw,Taiwan,top_videos_daily,,14,https://i.ytimg.com/vi/p13tH7Etlzc/mqdefault.jpg,離開我的依賴,王艷薇,"2月 17, 2020",56029,"14 ● 離開我的依賴 王艷薇 2月 17, 2020 14 116 56,029"
2026-09-07,tw,Taiwan,top_videos_daily,,15,https://i.ytimg.com/vi/osyH9yWWygA/mqdefault.jpg,All For You,周興哲,"7月 16, 2026",54884,"15 3 All For You 周興哲 7月 16, 2026 18 51 54,884"
2026-09-07,tw,Taiwan,top_videos_daily,,16,https://i.ytimg.com/vi/CnTz9B7JEW0/mqdefault.jpg,Juice Boy 《等雨停》Official Music Video,Juice Boy,,,Juice Boy 《等雨停》Official Music Video Juice Boy
2026-09-07,tw,Taiwan,top_videos_daily,,17,https://i.ytimg.com/vi/Qe8fa4b5xNU/mqdefault.jpg,Good Goodbye,HWASA,,,Good Goodbye HWASA
2026-09-07,tw,Taiwan,top_videos_daily,,18,https://i.ytimg.com/vi/yebNIHKAC4A/mqdefault.jpg,Golden,HUNTR/X / EJAE / AUDREY NUNA / REI AMI / KPop Demon Hunters Cast,,,"Golden HUNTR/X , EJAE , AUDREY NUNA , REI AMI & KPop Demon Hunters Cast"
2026-09-07,tw,Taiwan,top_videos_daily,,19,https://i.ytimg.com/vi/bMhDJ0S0OBA/mqdefault.jpg,It's Me,ILLIT,"4月 30, 2026",49305,"19 11 It's Me ILLIT 4月 30, 2026 30 129 49,305"
2026-09-07,tw,Taiwan,top_videos_daily,,20,https://i.ytimg.com/vi/83C3TZ4Zm_o/mqdefault.jpg,LEMONADE,aespa,"5月 28, 2026",49208,"20 4 LEMONADE aespa 5月 28, 2026 24 100 49,208"
2026-09-07,tw,Taiwan,top_videos_daily,,21,https://i.ytimg.com/vi/L8ZnXgbyUuc/mqdefault.jpg,BIGBANG - ‘BiiiG’ M/V,BIGBANG,,,BIGBANG - ‘BiiiG’ M/V BIGBANG
2026-09-07,tw,Taiwan,top_videos_daily,,22,https://i.ytimg.com/vi/naoGk-Zjc1s/mqdefault.jpg,SUGAR HONEY ICE TEA,BABYMONSTER,,,SUGAR HONEY ICE TEA BABYMONSTER
2026-09-07,tw,Taiwan,top_videos_daily,,23,https://i.ytimg.com/vi/7H1ObJvb7Hc/mqdefault.jpg,【純享版】張碧晨侯明昊老友重逢卻唱盡痛心！演繹李佳薇新歌《甲乙丙丁》 深情對唱層層遞進 將遺憾與不捨唱到極致 #天賜的聲音7 EP11 20260821,天賜的聲音,,20260821,【纯享版】张碧晨侯明昊老友重逢却唱尽痛心！演绎李佳薇新歌《甲乙丙丁》 深情对唱层层递进 将遗憾与不舍唱到极致 #天赐的声音7 EP11 20260821 天赐的声音
2026-09-07,tw,Taiwan,top_videos_daily,,24,https://i.ytimg.com/vi/s466YCiHfKw/mqdefault.jpg,FALLEN ANGEL (Official Video),JENNIE,,,FALLEN ANGEL (Official Video) JENNIE
2026-09-07,tw,Taiwan,top_videos_daily,,25,https://i.ytimg.com/vi/i5YRIjxyJP8/mqdefault.jpg,太陽與地球,盧廣仲,"9月 16, 2025",46162,"25 17 太陽與地球 盧廣仲 9月 16, 2025 8 133 46,162"
2026-09-07,tw,Taiwan,top_videos_daily,,26,https://i.ytimg.com/vi/9cS2wv6AfHk/mqdefault.jpg,I LIKE IT,BABYMONSTER,,,I LIKE IT BABYMONSTER
2026-09-07,tw,Taiwan,top_videos_daily,,27,https://i.ytimg.com/vi/376utoTabMI/mqdefault.jpg,看著我的眼睛說,張遠 / 姚曉棠,,,看着我的眼睛说 张远 & 姚晓棠
2026-09-07,tw,Taiwan,top_videos_daily,,28,https://i.ytimg.com/vi/eB-IK2wPWzw/mqdefault.jpg,ATEEZ(에이티즈) - 'BAD' Performance Stage (@The Kelly Clarkson Show),ATEEZ,,,ATEEZ(에이티즈) - 'BAD' Performance Stage (@The Kelly Clarkson Show) ATEEZ
2026-09-07,tw,Taiwan,top_videos_daily,,29,https://i.ytimg.com/vi/_FJCv4my4eI/mqdefault.jpg,[Performance Video]GENBLUE幻藍小熊 ‘夜市王 Night Market Queen’ Performance Video,GENBLUE 幻藍小熊,,,[Performance Video]GENBLUE幻藍小熊 ‘夜市王 Night Market Queen’ Performance Video GENBLUE 幻藍小熊
2026-09-07,tw,Taiwan,top_videos_daily,,30,https://i.ytimg.com/vi/x3eqqoZPV_E/mqdefault.jpg,춤 (CHOOM),BABYMONSTER,,,춤 (CHOOM) BABYMONSTER
2026-09-07,tw,Taiwan,top_videos_daily,,31,https://i.ytimg.com/vi/_lGnRQHv0DU/mqdefault.jpg,草屯囝仔 Caotun Boyz - 按呢敢閣有意義 Does It Still Matter (Official Music Video),草屯囝仔 Caotun Boyz,,,草屯囝仔 Caotun Boyz - 按呢敢閣有意義 Does It Still Matter (Official Music Video) 草屯囝仔 Caotun Boyz
2026-09-07,tw,Taiwan,top_videos_daily,,32,https://i.ytimg.com/vi/rl-MHMlueW0/mqdefault.jpg,理想混蛋 Bestards【偶像包袱 I'd-DO-it-aLL】Official Music Video,理想混蛋 Bestards,,,理想混蛋 Bestards【偶像包袱 I'd-DO-it-aLL】Official Music Video 理想混蛋 Bestards
2026-09-07,tw,Taiwan,top_videos_daily,,33,https://i.ytimg.com/vi/2v1YURVY_rA/mqdefault.jpg,【純享版】黃霄雲劉端端二搭再唱情歌！《側臉》唱出愛而不得的遺憾 兩人聲線故事感拉滿 #天賜的聲音7 EP12 20260904,天賜的聲音,,20260904,【纯享版】黄霄雲刘端端二搭再唱情歌！《侧脸》唱出爱而不得的遗憾 两人声线故事感拉满 #天赐的声音7 EP12 20260904 天赐的声音
2026-09-07,tw,Taiwan,top_videos_daily,,34,https://i.ytimg.com/vi/15cnAQTqUdE/mqdefault.jpg,光良 Michael《天使 Angel》官方 Official 完整版 MV,光良,,,光良 Michael《天使 Angel》官方 Official 完整版 MV 光良
2026-09-07,tw,Taiwan,top_videos_daily,,35,https://i.ytimg.com/vi/WkWkGrcyCzw/mqdefault.jpg,洪佩瑜 Pei-Yu Hung〈再見的時候 Till We Meet Again〉Official Music Video - 電影《陽光女子合唱團》再見版主題曲,何樂音樂 PQP MUSIC,,,洪佩瑜 Pei-Yu Hung〈再見的時候 Till We Meet Again〉Official Music Video - 電影《陽光女子合唱團》再見版主題曲 何樂音樂 PQP MUSIC
2026-09-07,tw,Taiwan,top_videos_daily,,36,https://i.ytimg.com/vi/kCA93dLzKP4/mqdefault.jpg,一個人,A-Lin,"6月 11, 2026",36909,"36 17 一個人 A-Lin 6月 11, 2026 19 86 36,909"
2026-09-07,tw,Taiwan,top_videos_daily,,37,https://i.ytimg.com/vi/YkUevc0SDa8/mqdefault.jpg,【MV首播】陳隨意 - 陳桑 (官方完整版MV) HD【三立八點檔『針線緣』片頭曲,豪記唱片 HCM Music,,,【MV首播】陳隨意 - 陳桑 (官方完整版MV) HD【三立八點檔『針線緣』片頭曲 】 豪記唱片 HCM Music
2026-09-07,tw,Taiwan,top_videos_daily,,38,https://i.ytimg.com/vi/l1UOPIr76CA/mqdefault.jpg,DECO*27 - 洗脳 feat. 初音ミク,DECO*27,,,DECO*27 - 洗脳 feat. 初音ミク DECO*27
2026-09-07,tw,Taiwan,top_videos_daily,,39,https://i.ytimg.com/vi/cOr-TUxo8Kw/mqdefault.jpg,夏空メドレー：Tell Your World × ただ風を追いかけて / 初音ミク＆ロビン【崩壊：スターレイル】,Artistrie / 初音未來,,,夏空メドレー：Tell Your World × ただ風を追いかけて / 初音ミク＆ロビン【崩壊：スターレイル】 Artistrie & 初音未來
2026-09-07,tw,Taiwan,top_videos_daily,,40,https://i.ytimg.com/vi/Xe7admnJYK8/mqdefault.jpg,Unreal (LIZ Solo),IVE,,,Unreal (LIZ Solo) IVE
2026-09-07,tw,Taiwan,top_videos_daily,,41,https://i.ytimg.com/vi/zlAjS20q9pE/mqdefault.jpg,空心 (Live),黃霄雲 / 劉端端,,,空心 (Live) 黃霄雲 & 刘端端
2026-09-07,tw,Taiwan,top_videos_daily,,42,https://i.ytimg.com/vi/xsBQtngzcSs/mqdefault.jpg,螺旋 - RASEN,9Lana,,,螺旋 - RASEN 9Lana
2026-09-07,tw,Taiwan,top_videos_daily,,43,https://i.ytimg.com/vi/JxBYZQreiUs/mqdefault.jpg,I Know That,陳勢安,"9月 4, 2026",29980,"43 New I Know That 陳勢安 9月 4, 2026 - 1 29,980"
2026-09-07,tw,Taiwan,top_videos_daily,,44,https://i.ytimg.com/vi/yd_uG3TtREs/mqdefault.jpg,PSYCHO,BABYMONSTER,,,PSYCHO BABYMONSTER
2026-09-07,tw,Taiwan,top_videos_daily,,45,https://i.ytimg.com/vi/IWB0xk9lR88/mqdefault.jpg,左轉燈 (1000 Times+1),派偉俊,,1000,左轉燈 (1000 Times+1) 派偉俊
2026-09-07,tw,Taiwan,top_videos_daily,,46,https://i.ytimg.com/vi/_G3Nu8q9Z9s/mqdefault.jpg,嘉賓,張遠,"6月 12, 2026",27805,"46 6 嘉宾 张远 6月 12, 2026 40 58 27,805"
2026-09-07,tw,Taiwan,top_videos_daily,,47,https://i.ytimg.com/vi/V_PDo4_K8OI/mqdefault.jpg,青春コンプレックス / MyGO!!!!! cover ver.,MyGO!!!!!,,,青春コンプレックス / MyGO!!!!! cover ver. MyGO!!!!!
2026-09-07,tw,Taiwan,top_videos_daily,,48,https://i.ytimg.com/vi/gN7RBHyXNFk/mqdefault.jpg,別戀,派偉俊,"8月 10, 2026",27423,"48 13 別戀 派偉俊 8月 10, 2026 35 27 27,423"
2026-09-07,tw,Taiwan,top_videos_daily,,49,https://i.ytimg.com/vi/IwxkGdhkAGU/mqdefault.jpg,Soft Lipa - 給我一點時間 Official Music Video,蛋堡,,,Soft Lipa - 給我一點時間 Official Music Video 蛋堡
2026-09-07,tw,Taiwan,top_videos_daily,,50,https://i.ytimg.com/vi/xXZwZ0DolJc/mqdefault.jpg,MOON,BABYMONSTER,,,MOON BABYMONSTER
2026-09-07,tw,Taiwan,top_videos_daily,,51,https://i.ytimg.com/vi/ApXoWvfEYVU/mqdefault.jpg,Sunflower,Post Malone / Swae Lee,,,Sunflower Post Malone & Swae Lee
2026-09-07,tw,Taiwan,top_videos_daily,,52,https://i.ytimg.com/vi/yjVe33q_NxE/mqdefault.jpg,李佳薇 《甲乙丙丁》臺語版 [Cover by 林吟蔚 Yinwei Lin] Full Official Version,林吟蔚,,,李佳薇 《甲乙丙丁》台語版 [Cover by 林吟蔚 Yinwei Lin] Full Official Version 林吟蔚
2026-09-07,tw,Taiwan,top_videos_daily,,53,https://i.ytimg.com/vi/GnSaLQTrvt0/mqdefault.jpg,Good Goodbye,HWASA,,,Good Goodbye HWASA
2026-09-07,tw,Taiwan,top_videos_daily,,54,https://i.ytimg.com/vi/xzd24Ik62E0/mqdefault.jpg,I Got Your Back,ILLIT / HANA,,,I Got Your Back ILLIT & HANA
2026-09-07,tw,Taiwan,top_videos_daily,,55,https://i.ytimg.com/vi/sQDBYHhCvps/mqdefault.jpg,綿綿無絕期,黃奇斌,"7月 10, 2026",25126,"55 11 綿綿無絕期 黃奇斌 7月 10, 2026 44 58 25,126"
2026-09-07,tw,Taiwan,top_videos_daily,,56,https://i.ytimg.com/vi/FB5-rPa5wBA/mqdefault.jpg,玻璃,Gareth.T,"5月 20, 2026",24601,"56 2 玻璃 Gareth.T 5月 20, 2026 54 108 24,601"
2026-09-07,tw,Taiwan,top_videos_daily,,57,https://i.ytimg.com/vi/Oq7Uq0cRIT0/mqdefault.jpg,. Simi and Chapchap,,,,. Simi and Chapchap
2026-09-07,tw,Taiwan,top_videos_daily,,58,https://i.ytimg.com/vi/3DcoC8p9az8/mqdefault.jpg,Training Season (Live),Dua Lipa,,,Training Season (Live) Dua Lipa
2026-09-07,tw,Taiwan,top_videos_daily,,59,https://i.ytimg.com/vi/ZIvWrKYdMQE/mqdefault.jpg,浪人的…,張震嶽,"5月 13, 2025",24143,"59 12 浪人的… 張震嶽 5月 13, 2025 47 76 24,143"
2026-09-07,tw,Taiwan,top_videos_daily,,60,https://i.ytimg.com/vi/2ips2mM7Zqw/mqdefault.jpg,뱅뱅뱅,BIGBANG,"6月 1, 2015",24129,"60 60 뱅뱅뱅 BIGBANG 6月 1, 2015 - 9 24,129"
2026-09-07,tw,Taiwan,top_videos_daily,,61,https://i.ytimg.com/vi/BFAuO-mrhcA/mqdefault.jpg,有你有我,玖壹壹,"6月 16, 2026",24009,"61 13 有你有我 玖壹壹 6月 16, 2026 48 81 24,009"
2026-09-07,tw,Taiwan,top_videos_daily,,62,https://i.ytimg.com/vi/_cTAlxWtmS4/mqdefault.jpg,如果我很平庸,陳華,"6月 5, 2026",23221,"62 21 如果我很平庸 陳華 6月 5, 2026 41 92 23,221"
2026-09-07,tw,Taiwan,top_videos_daily,,63,https://i.ytimg.com/vi/--rTmGtUFhI/mqdefault.jpg,NO GOOD,XG,"9月 3, 2026",23094,"63 27 NO GOOD XG 9月 3, 2026 36 3 23,094"
2026-09-07,tw,Taiwan,top_videos_daily,,64,https://i.ytimg.com/vi/3YxaaGgTQYM/mqdefault.jpg,Bring Me To Life,Evanescence,,,Bring Me To Life Evanescence
2026-09-07,tw,Taiwan,top_videos_daily,,65,https://i.ytimg.com/vi/tkwD6DLp62k/mqdefault.jpg,我甘願重新愛過,玖壹壹,"5月 20, 2026",21740,"65 16 我甘願重新愛過 玖壹壹 5月 20, 2026 49 109 21,740"
2026-09-07,tw,Taiwan,top_videos_daily,,66,https://i.ytimg.com/vi/GWO5pqEy-X0/mqdefault.jpg,陳華Hua Chen【陪你到這 I’ll Go This Far】Official MV,陳華,,,陳華Hua Chen【陪你到這 I’ll Go This Far】Official MV 陳華
2026-09-07,tw,Taiwan,top_videos_daily,,67,https://i.ytimg.com/vi/0Vri50xDo7U/mqdefault.jpg,汪蘇瀧 Silence Wang x 莫文蔚 Karen Mok［陰天］明日世界 Official Stage Video,汪蘇瀧,,,汪苏泷 Silence Wang x 莫文蔚 Karen Mok［阴天］明日世界 Official Stage Video 汪蘇瀧
2026-09-07,tw,Taiwan,top_videos_daily,,68,https://i.ytimg.com/vi/WEM6tuqPyLg/mqdefault.jpg,丁噹 Della Ding【為人間 For Humanity】Official Music Video｜星雲大師紀錄片主題曲｜@dellading6946,佛光山梵唄讚頌團-如是我聞,,6946,丁噹 Della Ding【為人間 For Humanity】Official Music Video｜星雲大師紀錄片主題曲｜@dellading6946 佛光山梵唄讚頌團-如是我聞
2026-09-07,tw,Taiwan,top_videos_daily,,69,https://i.ytimg.com/vi/Sv2hV3j2WWg/mqdefault.jpg,周興哲Eric Chou《殼》- HBO原創影集《來！金來號！》片尾曲 Official Music Video,周興哲,,,周興哲Eric Chou《殼》- HBO原創影集《來！金來號！》片尾曲 Official Music Video 周興哲
2026-09-07,tw,Taiwan,top_videos_daily,,70,https://i.ytimg.com/vi/fcnDmrtj6Sk/mqdefault.jpg,Dai Dai,Shakira / Burna Boy,,,Dai Dai Shakira & Burna Boy
2026-09-07,tw,Taiwan,top_videos_daily,,71,https://i.ytimg.com/vi/Cm2ue6JYauY/mqdefault.jpg,【純享版】姚曉棠金髮造型驚豔登場！與歐陽娜娜同臺演繹《讀心術》雙人舞臺氛圍感拉滿 #天賜的聲音7 EP12 20260904,天賜的聲音,,20260904,【纯享版】姚晓棠金发造型惊艳登场！与欧阳娜娜同台演绎《读心术》双人舞台氛围感拉满 #天赐的声音7 EP12 20260904 天赐的声音
2026-09-07,tw,Taiwan,top_videos_daily,,72,https://i.ytimg.com/vi/MzupyjOkhdE/mqdefault.jpg,韋德WADE ＆齊翔XIANG【語音鈴聲】Official Music Video,韋德WADE,,,韋德WADE ＆齊翔XIANG【語音鈴聲】Official Music Video 韋德WADE
2026-09-07,tw,Taiwan,top_videos_daily,,73,https://i.ytimg.com/vi/0Wfy_RPv6y0/mqdefault.jpg,理想混蛋 Bestards × 高爾宣 OSN【一樣會愛上你 Ten Thousand Times Over】Official Music Video,理想混蛋 Bestards,,,理想混蛋 Bestards × 高爾宣 OSN【一樣會愛上你 Ten Thousand Times Over】Official Music Video 理想混蛋 Bestards
2026-09-07,tw,Taiwan,top_videos_daily,,74,https://i.ytimg.com/vi/Vd2ZvQZNX2g/mqdefault.jpg,マリーゴールド - Marigold (Anniversary Movie),愛繆,,,マリーゴールド - Marigold (Anniversary Movie) 愛繆
2026-09-07,tw,Taiwan,top_videos_daily,,75,https://i.ytimg.com/vi/29YfAvn3QXo/mqdefault.jpg,鼓鼓 呂思緯 GBOYSWAG [ 警戒線 The Red Line ] Official Music Video,鼓鼓 呂思緯,,,鼓鼓 呂思緯 GBOYSWAG [ 警戒線 The Red Line ] Official Music Video 鼓鼓 呂思緯
2026-09-07,tw,Taiwan,top_videos_daily,,76,https://i.ytimg.com/vi/qjKuHtrHkLg/mqdefault.jpg,重逢,林琇琪,"8月 5, 2026",19417,"76 12 重逢 林琇琪 8月 5, 2026 64 31 19,417"
2026-09-07,tw,Taiwan,top_videos_daily,,77,https://i.ytimg.com/vi/ZiB4uEU85Dc/mqdefault.jpg,【LIVE】Lester Lam 藍奕持 - 和每天講再見,寰亞音樂 Media Asia Music Official Channel,,,【LIVE】Lester Lam 藍奕持 - 和每天講再見 寰亞音樂 Media Asia Music Official Channel
2026-09-07,tw,Taiwan,top_videos_daily,,78,https://i.ytimg.com/vi/ccviI2q9HTE/mqdefault.jpg,【影視劇ost】劉宇寧 | 她《早春晴朗》電視劇欒念人物曲&片頭曲 The Early Spring OST #井柏然 #孫千 #lyrics #早春晴朗,劇好聽,,,【影視劇ost】劉宇寧 | 她《早春晴朗》電視劇欒念人物曲&片頭曲 The Early Spring OST #井柏然 #孫千 #lyrics #早春晴朗 剧好听
2026-09-07,tw,Taiwan,top_videos_daily,,79,https://i.ytimg.com/vi/DEiHTt6TGOg/mqdefault.jpg,春風 x 潤少 x 970 x DJ CK搖擺叔叔 《刺到整身軀》Official Music Video,潤少,,970,春風 x 潤少 x 970 x DJ CK搖擺叔叔 《刺到整身軀》Official Music Video 潤少
2026-09-07,tw,Taiwan,top_videos_daily,,80,https://i.ytimg.com/vi/_IT83Y_HcAw/mqdefault.jpg,Less than a Lover,JENNIE,,,Less than a Lover JENNIE
2026-09-07,tw,Taiwan,top_videos_daily,,81,https://i.ytimg.com/vi/XngCtwrzDM4/mqdefault.jpg,[COVER] 정한 - 晩餐歌 (만찬가) (원곡 : tuki.),Seventeen,,,[COVER] 정한 - 晩餐歌 (만찬가) (원곡 : tuki.) Seventeen
2026-09-07,tw,Taiwan,top_videos_daily,,82,https://i.ytimg.com/vi/U6BDbXIah-Y/mqdefault.jpg,REDRED,CORTIS,"4月 20, 2026",18456,"82 6 REDRED CORTIS 4月 20, 2026 88 123 18,456"
2026-09-07,tw,Taiwan,top_videos_daily,,83,https://i.ytimg.com/vi/MvfbHsG4b0A/mqdefault.jpg,我是如此相信｜抒情R&B｜深情對唱｜原來愛如此的動聽,格雷樂團-Grey,,,我是如此相信｜抒情R&B｜深情對唱｜原來愛如此的動聽 格雷乐团-Grey
2026-09-07,tw,Taiwan,top_videos_daily,,84,https://i.ytimg.com/vi/av8RjbM3aQ0/mqdefault.jpg,愛 請問怎麼走,A-Lin,"11月 23, 2012",17331,"84 12 愛 請問怎麼走 A-Lin 11月 23, 2012 72 27 17,331"
2026-09-07,tw,Taiwan,top_videos_daily,,85,https://i.ytimg.com/vi/PXnhdl_URro/mqdefault.jpg,空心,光澤,"9月 10, 2023",17207,"85 8 空心 光澤 9月 10, 2023 77 12 17,207"
2026-09-07,tw,Taiwan,top_videos_daily,,86,https://i.ytimg.com/vi/UdnSKw0wI8I/mqdefault.jpg,玖壹壹(洋蔥)-痴情的男子漢 ft UnderLover(睿兒),玖壹壹,,,玖壹壹(洋蔥)-癡情的男子漢 ft UnderLover(睿兒) 玖壹壹
2026-09-07,tw,Taiwan,top_videos_daily,,87,https://i.ytimg.com/vi/oec9R5ypf-o/mqdefault.jpg,雨愛,楊丞琳,"10月 29, 2010",17016,"87 87 雨愛 楊丞琳 10月 29, 2010 - 3 17,016"
2026-09-07,tw,Taiwan,top_videos_daily,,88,https://i.ytimg.com/vi/lHjqIe9XMCE/mqdefault.jpg,李婷雪 - 你不該權衡利弊『你不該權衡利弊 衡量我的真心，畢竟我從未對你有過虛情假意。』【高音質HD|動態歌詞Lyrics】♫,4K Music Make,,,李婷雪 - 你不該權衡利弊『你不該權衡利弊 衡量我的真心，畢竟我從未對你有過虛情假意。』【高音質HD|動態歌詞Lyrics】♫ 4K Music Make
2026-09-07,tw,Taiwan,top_videos_daily,,89,https://i.ytimg.com/vi/1jKnI_ib8c8/mqdefault.jpg,Motto,ITZY,"5月 18, 2026",16617,"89 14 Motto ITZY 5月 18, 2026 75 25 16,617"
2026-09-07,tw,Taiwan,top_videos_daily,,90,https://i.ytimg.com/vi/UwuAPyOImoI/mqdefault.jpg,"TAEYANG - 눈,코,입 (EYES, NOSE, LIPS) M/V",太陽,,,"TAEYANG - 눈,코,입 (EYES, NOSE, LIPS) M/V 太陽"
2026-09-07,tw,Taiwan,top_videos_daily,,91,https://i.ytimg.com/vi/Fr9kkQ6db0A/mqdefault.jpg,【純享版】張碧晨餘佳運把痛唱進《我恨我愛你》！愛與恨反覆拉扯兩種聲線越聽越扎心 #天賜的聲音7 EP12 20260904,天賜的聲音,,20260904,【纯享版】张碧晨余佳运把痛唱进《我恨我爱你》！爱与恨反复拉扯两种声线越听越扎心 #天赐的声音7 EP12 20260904 天赐的声音
2026-09-07,tw,Taiwan,top_videos_daily,,92,https://i.ytimg.com/vi/Gnn4GRSzRXI/mqdefault.jpg,BOOMPALA,LE SSERAFIM,,,BOOMPALA LE SSERAFIM
2026-09-07,tw,Taiwan,top_videos_daily,,93,https://i.ytimg.com/vi/SrILObMMKIM/mqdefault.jpg,【周傳雄】《出賣》一個全場大合唱,周傳雄,,,【周傳雄】《出賣》一個全場大合唱 周傳雄
2026-09-07,tw,Taiwan,top_videos_daily,,94,https://i.ytimg.com/vi/Jf-0DeVIBl8/mqdefault.jpg,情話摻沙,翁立友(WENG LI YOU),,,情話摻沙 翁立友(WENG LI YOU)
2026-09-07,tw,Taiwan,top_videos_daily,,95,https://i.ytimg.com/vi/mcJB9H0Nvbc/mqdefault.jpg,繞路,A-Lin,"4月 29, 2026",15770,"95 29 繞路 A-Lin 4月 29, 2026 66 119 15,770"
2026-09-07,tw,Taiwan,top_videos_daily,,96,https://i.ytimg.com/vi/6Ycn9qZK09I/mqdefault.jpg,Heavy Serenade,NMIXX,,,Heavy Serenade NMIXX
2026-09-07,tw,Taiwan,top_videos_daily,,97,https://i.ytimg.com/vi/_Xi_bJS_9wc/mqdefault.jpg,假如當初,李發發,"7月 13, 2026",15512,"97 13 假如當初 李发发 7月 13, 2026 84 12 15,512"
2026-09-07,tw,Taiwan,top_videos_daily,,98,https://i.ytimg.com/vi/82-jTNka3uc/mqdefault.jpg,hate that i made you love me,Ariana Grande,,,hate that i made you love me Ariana Grande
2026-09-07,tw,Taiwan,top_videos_daily,,99,https://i.ytimg.com/vi/uIWypArI73w/mqdefault.jpg,不能說的秘密,周杰倫,"6月 11, 2013",15352,"99 38 不能說的秘密 周杰倫 6月 11, 2013 61 10 15,352"
2026-09-07,tw,Taiwan,top_videos_daily,,100,https://i.ytimg.com/vi/PIgH3PeeY6g/mqdefault.jpg,你咁擱愛我,林琇琪 / 沈建豪,"7月 16, 2026",15067,"100 17 你咁擱愛我 林琇琪 & 沈建豪 7月 16, 2026 83 50 15,067"
2026-09-07,jp,Japan,top_videos_daily,,1,https://i.ytimg.com/vi/FyS5dAywkEo/mqdefault.jpg,SaWaDiKa (Official Music Video),LISA,,,SaWaDiKa (Official Music Video) LISA
2026-09-07,jp,Japan,top_videos_daily,,2,https://i.ytimg.com/vi/ZVUxJsPfoX8/mqdefault.jpg,好きすぎて滅！,M!LK,"10月 27, 2025",454933,"2 4 好きすぎて滅！ M!LK 10月 27, 2025 6 314 454,933"
2026-09-07,jp,Japan,top_videos_daily,,3,https://i.ytimg.com/vi/dePs7UPp6GQ/mqdefault.jpg,Brand New,Mrs. GREEN APPLE,,,Brand New Mrs. GREEN APPLE
2026-09-07,jp,Japan,top_videos_daily,,4,https://i.ytimg.com/vi/bMhDJ0S0OBA/mqdefault.jpg,It's Me,ILLIT,"4月 30, 2026",431029,"4 4 It's Me ILLIT 4月 30, 2026 8 129 431,029"
2026-09-07,jp,Japan,top_videos_daily,,5,https://i.ytimg.com/vi/57V50MOYeno/mqdefault.jpg,KEY TO LIT【Never Fade Love】Arena Tour 2026 NEO CLASSICSより,ジュニアCHANNEL,,2026,KEY TO LIT【Never Fade Love】Arena Tour 2026 NEO CLASSICSより ジュニアCHANNEL
2026-09-07,jp,Japan,top_videos_daily,,6,https://i.ytimg.com/vi/YM_YU8HVpWM/mqdefault.jpg,エアロピクルス,KomeAnime,,,エアロピクルス KomeAnime
2026-09-07,jp,Japan,top_videos_daily,,7,https://i.ytimg.com/vi/tpFDnOnOdSQ/mqdefault.jpg,爆裂愛してる,M!LK,"2月 18, 2026",394669,"7 3 爆裂愛してる M!LK 2月 18, 2026 10 195 394,669"
2026-09-07,jp,Japan,top_videos_daily,,8,https://i.ytimg.com/vi/lMa6lrXUSSo/mqdefault.jpg,抜錨 - ナナホシ管絃楽団 / 町田ちま(Cover),Machita Chima,,,抜錨 - ナナホシ管弦楽団 / 町田ちま(Cover) Machita Chima
2026-09-07,jp,Japan,top_videos_daily,,9,https://i.ytimg.com/vi/l1UOPIr76CA/mqdefault.jpg,DECO*27 - 洗脳 feat. 初音ミク,DECO*27,,,DECO*27 - 洗脳 feat. 初音ミク DECO*27
2026-09-07,jp,Japan,top_videos_daily,,10,https://i.ytimg.com/vi/KsHKaP50FBE/mqdefault.jpg,Yes! 東京,EBiDAN Ebisu Gakuen Boys Club,,,Yes! 東京 EBiDAN Ebisu Gakuen Boys Club
2026-09-07,jp,Japan,top_videos_daily,,11,https://i.ytimg.com/vi/xzd24Ik62E0/mqdefault.jpg,I Got Your Back,ILLIT / HANA,,,I Got Your Back ILLIT & HANA
2026-09-07,jp,Japan,top_videos_daily,,12,https://i.ytimg.com/vi/GlsmJsqXfcI/mqdefault.jpg,Yes! 東京,EBiDAN Ebisu Gakuen Boys Club,,,Yes! 東京 EBiDAN Ebisu Gakuen Boys Club
2026-09-07,jp,Japan,top_videos_daily,,13,https://i.ytimg.com/vi/3C0EOqt7sqA/mqdefault.jpg,You!Joy!Parade!,M!LK,,,You!Joy!Parade! M!LK
2026-09-07,jp,Japan,top_videos_daily,,14,https://i.ytimg.com/vi/7VqCdhFGE78/mqdefault.jpg,罪と罰と雨とキス (佐野勇鬥&吉田仁人),M!LK,,,罪と罰と雨とキス (佐野勇斗&吉田仁人) M!LK
2026-09-07,jp,Japan,top_videos_daily,,15,https://i.ytimg.com/vi/3lOsboT-IWU/mqdefault.jpg,マイオンリー,SixTONES,"7月 17, 2026",300725,"15 3 マイオンリー SixTONES 7月 17, 2026 18 51 300,725"
2026-09-07,jp,Japan,top_videos_daily,,16,https://i.ytimg.com/vi/sBAv1wx4ghE/mqdefault.jpg,見知らぬ糸 - Unknown Thread,SPITZ,,,見知らぬ糸 - Unknown Thread SPITZ
2026-09-07,jp,Japan,top_videos_daily,,17,https://i.ytimg.com/vi/HHv5RZpvbV4/mqdefault.jpg,show time...,Snow Man,,,show time... Snow Man
2026-09-07,jp,Japan,top_videos_daily,,18,https://i.ytimg.com/vi/49xuoRZiLZ4/mqdefault.jpg,エアロピクルス,KomeAnime,,,エアロピクルス KomeAnime
2026-09-07,jp,Japan,top_videos_daily,,19,https://i.ytimg.com/vi/2I25AFSBm2g/mqdefault.jpg,夜の踴り子,魚韻,"9月 26, 2015",282979,"19 6 夜の踊り子 魚韻 9月 26, 2015 25 147 282,979"
2026-09-07,jp,Japan,top_videos_daily,,20,https://i.ytimg.com/vi/_tsGqSV1hy8/mqdefault.jpg,P・A・R・A・D・O・X,嵐,"9月 5, 2026",257322,"20 New P・A・R・A・D・O・X 嵐 9月 5, 2026 - 1 257,322"
2026-09-07,jp,Japan,top_videos_daily,,21,https://i.ytimg.com/vi/LmZD-TU96q4/mqdefault.jpg,IRIS OUT,米津玄師,"9月 15, 2025",249117,"21 ● IRIS OUT 米津玄師 9月 15, 2025 21 356 249,117"
2026-09-07,jp,Japan,top_videos_daily,,22,https://i.ytimg.com/vi/Lz24PqZkF2s/mqdefault.jpg,HOT LIMIT,T.M.Revolution,,,HOT LIMIT T.M.Revolution
2026-09-07,jp,Japan,top_videos_daily,,23,https://i.ytimg.com/vi/ikFaEAlO5N0/mqdefault.jpg,＝LOVE（イコールラブ）/ 21st Single『戀、はじめました。』【MV full】,＝LOVE（イコールラブ）公式チャンネル,,,＝LOVE（イコールラブ）/ 21st Single『恋、はじめました。』【MV full】 ＝LOVE（イコールラブ）公式チャンネル
2026-09-07,jp,Japan,top_videos_daily,,24,https://i.ytimg.com/vi/_somX8OX1hU/mqdefault.jpg,【MV】盛れ！ミ・アモーレ/Juice=Juice xハラミちゃんスペシャルコラボ,Haramichan,,,【MV】盛れ！ミ・アモーレ/Juice=Juice xハラミちゃんスペシャルコラボ Haramichan
2026-09-07,jp,Japan,top_videos_daily,,25,https://i.ytimg.com/vi/aRiVUVNUhIs/mqdefault.jpg,なんもねえ - Nannmonee,Wasureranneyo,,,なんもねえ - Nannmonee Wasureranneyo
2026-09-07,jp,Japan,top_videos_daily,,26,https://i.ytimg.com/vi/Vd2ZvQZNX2g/mqdefault.jpg,マリーゴールド - Marigold (Anniversary Movie),愛繆,,,マリーゴールド - Marigold (Anniversary Movie) 愛繆
2026-09-07,jp,Japan,top_videos_daily,,27,https://i.ytimg.com/vi/EUCRNhQlKYc/mqdefault.jpg,Motoki Ohmori -「灰色」Official MV,大森元貴 / Motoki Ohmori,,,Motoki Ohmori -「灰色」Official MV 大森元貴 / Motoki Ohmori
2026-09-07,jp,Japan,top_videos_daily,,28,https://i.ytimg.com/vi/--rTmGtUFhI/mqdefault.jpg,NO GOOD,XG,"9月 3, 2026",207235,"28 15 NO GOOD XG 9月 3, 2026 13 3 207,235"
2026-09-07,jp,Japan,top_videos_daily,,29,https://i.ytimg.com/vi/YjPMupS1Lg4/mqdefault.jpg,烏,米津玄師,"6月 18, 2026",194939,"29 2 烏 米津玄師 6月 18, 2026 31 80 194,939"
2026-09-07,jp,Japan,top_videos_daily,,30,https://i.ytimg.com/vi/a2GujJZfXpg/mqdefault.jpg,スパークル - Sparkle,RADWIMPS,,,スパークル - Sparkle RADWIMPS
2026-09-07,jp,Japan,top_videos_daily,,31,https://i.ytimg.com/vi/MePfySTuk_E/mqdefault.jpg,なにわ男子 - Moonlit [なにわ男子 LIVE TOUR 2026 「ND⁵」],Naniwa Danshi,,2026,なにわ男子 - Moonlit [なにわ男子 LIVE TOUR 2026 「ND⁵」] Naniwa Danshi
2026-09-07,jp,Japan,top_videos_daily,,32,https://i.ytimg.com/vi/hUEj3J4xHPU/mqdefault.jpg,Do As Infinity - 陽のあたる坂道 / THE FIRST TAKE,THE FIRST TAKE,,,Do As Infinity - 陽のあたる坂道 / THE FIRST TAKE THE FIRST TAKE
2026-09-07,jp,Japan,top_videos_daily,,33,https://i.ytimg.com/vi/MjeiIal1ZR0/mqdefault.jpg,lulu.,Mrs. GREEN APPLE,,,lulu. Mrs. GREEN APPLE
2026-09-07,jp,Japan,top_videos_daily,,34,https://i.ytimg.com/vi/mgFUz_c4ToM/mqdefault.jpg,日向坂46『イチャイチャ蟲』MUSIC VIDEO,日向坂46,,,日向坂46『イチャイチャ虫』MUSIC VIDEO 日向坂46
2026-09-07,jp,Japan,top_videos_daily,,35,https://i.ytimg.com/vi/kcXKLaLNqww/mqdefault.jpg,しおざきわんだーらんど,M!LK,,,しおざきわんだーらんど M!LK
2026-09-07,jp,Japan,top_videos_daily,,36,https://i.ytimg.com/vi/1DzBKtD3JzI/mqdefault.jpg,Five,嵐,"3月 5, 2026",160579,"36 1 Five 嵐 3月 5, 2026 35 184 160,579"
2026-09-07,jp,Japan,top_videos_daily,,37,https://i.ytimg.com/vi/lOpdrEgmYzY/mqdefault.jpg,It's Me,ILLIT,"5月 6, 2026",159403,"37 5 It's Me ILLIT 5月 6, 2026 42 88 159,403"
2026-09-07,jp,Japan,top_videos_daily,,38,https://i.ytimg.com/vi/v4kWR_REDEU/mqdefault.jpg,分かっちゃいないね,花隈千冬 / monet,,,分かっちゃいないね 花隈千冬 & monet
2026-09-07,jp,Japan,top_videos_daily,,39,https://i.ytimg.com/vi/4R9Cze8c55g/mqdefault.jpg,ティラリラ☆スターチューン - Tira-Lira Star Tune,Yumeminana,,,ティラリラ☆スターチューン - Tira-Lira Star Tune Yumeminana
2026-09-07,jp,Japan,top_videos_daily,,40,https://i.ytimg.com/vi/LM875jeR-PM/mqdefault.jpg,It's Me,ILLIT,"5月 7, 2026",147593,"40 16 It's Me ILLIT 5月 7, 2026 56 105 147,593"
2026-09-07,jp,Japan,top_videos_daily,,41,https://i.ytimg.com/vi/Y6kCZTIkQw4/mqdefault.jpg,チラチLOVE,M!LK,"7月 3, 2026",146283,"41 3 チラチLOVE M!LK 7月 3, 2026 38 65 146,283"
2026-09-07,jp,Japan,top_videos_daily,,42,https://i.ytimg.com/vi/gNg2Qw5R-Q4/mqdefault.jpg,セレナーデ - Serenade,natori,,,セレナーデ - Serenade natori
2026-09-07,jp,Japan,top_videos_daily,,43,https://i.ytimg.com/vi/2sKrO1oFQHg/mqdefault.jpg,Yes! 東京 (Instrumental),EBiDAN Ebisu Gakuen Boys Club,,,Yes! 東京 (Instrumental) EBiDAN Ebisu Gakuen Boys Club
2026-09-07,jp,Japan,top_videos_daily,,44,https://i.ytimg.com/vi/QwptBhqOYJQ/mqdefault.jpg,BPM,Kvi Baba,"8月 29, 2026",141116,"44 4 BPM Kvi Baba 8月 29, 2026 48 7 141,116"
2026-09-07,jp,Japan,top_videos_daily,,45,https://i.ytimg.com/vi/vBmU5v2EyxM/mqdefault.jpg,HOT LIMIT,T.M.Revolution,,,HOT LIMIT T.M.Revolution
2026-09-07,jp,Japan,top_videos_daily,,46,https://i.ytimg.com/vi/fEiWFS9hoNM/mqdefault.jpg,ONE N’ ONLY／ “Samba de Night Fever” Dance Performance Video,ONE N' ONLY,,,ONE N’ ONLY／ “Samba de Night Fever” Dance Performance Video ONE N' ONLY
2026-09-07,jp,Japan,top_videos_daily,,47,https://i.ytimg.com/vi/ru6i9lo4zBE/mqdefault.jpg,ブルーアンバー - Blue Amber,back number,,,ブルーアンバー - Blue Amber back number
2026-09-07,jp,Japan,top_videos_daily,,48,https://i.ytimg.com/vi/7RVcTY38otU/mqdefault.jpg,【なにしてるんだろう】うさぎラップ (ソロver.)歌いました【おまけ付き】,Ryoji Takarabe財部亮治,,,【なにしてるんだろう】うさぎラップ (ソロver.)歌いました【おまけ付き】 Ryoji Takarabe財部亮治
2026-09-07,jp,Japan,top_videos_daily,,49,https://i.ytimg.com/vi/TzH5BsJj81Y/mqdefault.jpg,"アクマバライ feat. 雨衣, Gemini, ミク / “Exorcist” ft. Ui, Gemini (TTS), Miku",うちのボカロは様子がおかしい,,,"アクマバライ feat. 雨衣, Gemini, ミク / “Exorcist” ft. Ui, Gemini (TTS), Miku うちのボカロは様子がおかしい"
2026-09-07,jp,Japan,top_videos_daily,,50,https://i.ytimg.com/vi/cOr-TUxo8Kw/mqdefault.jpg,夏空メドレー：Tell Your World × ただ風を追いかけて / 初音ミク＆ロビン【崩壊：スターレイル】,Artistrie / 初音未來,,,夏空メドレー：Tell Your World × ただ風を追いかけて / 初音ミク＆ロビン【崩壊：スターレイル】 Artistrie & 初音未來
2026-09-07,jp,Japan,top_videos_daily,,51,https://i.ytimg.com/vi/OHAjc-ayhus/mqdefault.jpg,あぶく,YORUSHIKA,"4月 24, 2026",123920,"51 7 あぶく YORUSHIKA 4月 24, 2026 44 135 123,920"
2026-09-07,jp,Japan,top_videos_daily,,52,https://i.ytimg.com/vi/y07T1sYiPVY/mqdefault.jpg,爆裂愛してる - Bakuretsu Aishiteru,M!LK,,,爆裂愛してる - Bakuretsu Aishiteru M!LK
2026-09-07,jp,Japan,top_videos_daily,,53,https://i.ytimg.com/vi/e4M8z1xGTw0/mqdefault.jpg,アイドルパワー (Live),M!LK,,,アイドルパワー (Live) M!LK
2026-09-07,jp,Japan,top_videos_daily,,54,https://i.ytimg.com/vi/IPBXepn5jTA/mqdefault.jpg,若者のすべて(Wakamono No Subete),富士纖維樂團,,,若者のすべて(Wakamono No Subete) 富士纖維樂團
2026-09-07,jp,Japan,top_videos_daily,,55,https://i.ytimg.com/vi/h-TPXFw_q0I/mqdefault.jpg,グッタイム - Good Time,Snow Man,,,グッタイム - Good Time Snow Man
2026-09-07,jp,Japan,top_videos_daily,,56,https://i.ytimg.com/vi/BDUItFbK_U4/mqdefault.jpg,FictionJunction 「彼方」(『劇場版 魔法少女まどか☆マギカ 〈ワルプルギスの廻天〉』主題歌) Music Video,FictionJunction Official YouTube Channel,,,FictionJunction 「彼方」(『劇場版 魔法少女まどか☆マギカ 〈ワルプルギスの廻天〉』主題歌) Music Video FictionJunction Official YouTube Channel
2026-09-07,jp,Japan,top_videos_daily,,57,https://i.ytimg.com/vi/JUO5JdodZ_I/mqdefault.jpg,天體観測 / 甲斐田晴 (cover) 【歌ってみた】,Kaida Haru,,,天体観測 / 甲斐田晴 (cover) 【歌ってみた】 Kaida Haru
2026-09-07,jp,Japan,top_videos_daily,,58,https://i.ytimg.com/vi/l4UVSptRXEM/mqdefault.jpg,One Heart,ATARASHII GAKKO!,,,One Heart ATARASHII GAKKO!
2026-09-07,jp,Japan,top_videos_daily,,59,https://i.ytimg.com/vi/0g76elVK2jo/mqdefault.jpg,【MV】FRUITS ZIPPER『秘密のアティチュード』,KAWAII LAB.,,,【MV】FRUITS ZIPPER『秘密のアティチュード』 KAWAII LAB.
2026-09-07,jp,Japan,top_videos_daily,,60,https://i.ytimg.com/vi/ldGYlQ83ndI/mqdefault.jpg,come again - m-flo (Cover) / ファム・ファタル&渚トラウト #FFFF,ファム・ファタル - (f)EMME FATALE,,,come again - m-flo (Cover) / ファム・ファタル&渚トラウト #FFFF ファム・ファタル - (f)EMME FATALE
2026-09-07,jp,Japan,top_videos_daily,,61,https://i.ytimg.com/vi/dEEd9HHEQE0/mqdefault.jpg,真・運命,M!LK,"6月 17, 2026",111664,"61 8 真・運命 M!LK 6月 17, 2026 53 81 111,664"
2026-09-07,jp,Japan,top_videos_daily,,62,https://i.ytimg.com/vi/qFhspt7zsXg/mqdefault.jpg,BUGS LIFE,Number_i,,,BUGS LIFE Number_i
2026-09-07,jp,Japan,top_videos_daily,,63,https://i.ytimg.com/vi/l2jvIuTp534/mqdefault.jpg,夜鷹,米津玄師,"7月 15, 2026",107334,"63 8 夜鷹 米津玄師 7月 15, 2026 55 53 107,334"
2026-09-07,jp,Japan,top_videos_daily,,64,https://i.ytimg.com/vi/I_6m6_Ylyd8/mqdefault.jpg,Missing,BE:FIRST,,,Missing BE:FIRST
2026-09-07,jp,Japan,top_videos_daily,,65,https://i.ytimg.com/vi/T24rF_x0TmQ/mqdefault.jpg,ヤラララ,AnythingBecomeMoe,,,ヤラララ AnythingBecomeMoe
2026-09-07,jp,Japan,top_videos_daily,,66,https://i.ytimg.com/vi/TtAgxS48tyg/mqdefault.jpg,クエスチョン - Question,meiyo,,,クエスチョン - Question meiyo
2026-09-07,jp,Japan,top_videos_daily,,67,https://i.ytimg.com/vi/V81fRKV4D2g/mqdefault.jpg,戀、はじめました。,=LOVE,"8月 17, 2026",102901,"67 7 恋、はじめました。 =LOVE 8月 17, 2026 74 3 102,901"
2026-09-07,jp,Japan,top_videos_daily,,68,https://i.ytimg.com/vi/PmkN1iH4Ci4/mqdefault.jpg,GO GHOST,King Gnu,,,GO GHOST King Gnu
2026-09-07,jp,Japan,top_videos_daily,,69,https://i.ytimg.com/vi/WKCkRz5ULhg/mqdefault.jpg,アイドルパワー,M!LK,"8月 14, 2026",101032,"69 10 アイドルパワー M!LK 8月 14, 2026 59 23 101,032"
2026-09-07,jp,Japan,top_videos_daily,,70,https://i.ytimg.com/vi/-q_S27LbNKU/mqdefault.jpg,BAD,ATEEZ,"6月 25, 2026",100869,"70 ● BAD ATEEZ 6月 25, 2026 70 60 100,869"
2026-09-07,jp,Japan,top_videos_daily,,71,https://i.ytimg.com/vi/nRsTHcp3EwI/mqdefault.jpg,【MV】アイドルライフメガパック / iLiFE!【コール動畫】,iLiFE!,,,【MV】アイドルライフメガパック / iLiFE!【コール動画】 iLiFE!
2026-09-07,jp,Japan,top_videos_daily,,72,https://i.ytimg.com/vi/NWB6qMqX0Zs/mqdefault.jpg,禮賛 - むちっ(from LIVE 「禮賛と武道館」),Raisan,,,礼賛 - むちっ(from LIVE 「礼賛と武道館」) Raisan
2026-09-07,jp,Japan,top_videos_daily,,73,https://i.ytimg.com/vi/-H4bB6hxeEs/mqdefault.jpg,きゃぴ (Kyapi),Houshou Marine,,,きゃぴ (Kyapi) Houshou Marine
2026-09-07,jp,Japan,top_videos_daily,,74,https://i.ytimg.com/vi/pbZrLrYQ6mo/mqdefault.jpg,天國,Mrs. GREEN APPLE,,,天国 Mrs. GREEN APPLE
2026-09-07,jp,Japan,top_videos_daily,,75,https://i.ytimg.com/vi/UeZGVygmcrk/mqdefault.jpg,Shooting Star,CUTIE STREET,,,Shooting Star CUTIE STREET
2026-09-07,jp,Japan,top_videos_daily,,76,https://i.ytimg.com/vi/G4lqzvRpwVY/mqdefault.jpg,グッタイム - Good Time,Snow Man,,,グッタイム - Good Time Snow Man
2026-09-07,jp,Japan,top_videos_daily,,77,https://i.ytimg.com/vi/thG2yPzlyDM/mqdefault.jpg,東京ディズニーシー - カム・ジョイン・ザ・ジュビリー（東京ディズニーシー25週年“スパークリング・ジュビリー”テーマソング）,Tokyo DisneySea,,,東京ディズニーシー - カム・ジョイン・ザ・ジュビリー（東京ディズニーシー25周年“スパークリング・ジュビリー”テーマソング） Tokyo DisneySea
2026-09-07,jp,Japan,top_videos_daily,,78,https://i.ytimg.com/vi/6lN51mwvuA8/mqdefault.jpg,Gg Ez,M.Sasuke,"5月 30, 2026",92666,"78 4 Gg Ez M.Sasuke 5月 30, 2026 82 49 92,666"
2026-09-07,jp,Japan,top_videos_daily,,79,https://i.ytimg.com/vi/9NJI7cLZ2Qg/mqdefault.jpg,風と町,Mrs. GREEN APPLE,,,風と町 Mrs. GREEN APPLE
2026-09-07,jp,Japan,top_videos_daily,,80,https://i.ytimg.com/vi/VQmdUnlNnds/mqdefault.jpg,キュートなキューたい,CUTIE STREET,,,キュートなキューたい CUTIE STREET
2026-09-07,jp,Japan,top_videos_daily,,81,https://i.ytimg.com/vi/oWRCXGvcU9s/mqdefault.jpg,愛くださいませ,NOT EQUAL ME,,,愛くださいませ NOT EQUAL ME
2026-09-07,jp,Japan,top_videos_daily,,82,https://i.ytimg.com/vi/75MEFldsJKc/mqdefault.jpg,KO1KEYZ(コイキーズ)｜ 'KO1KEYZ' Official MV,KO1KEYZ,,,KO1KEYZ(コイキーズ)｜ 'KO1KEYZ' Official MV KO1KEYZ
2026-09-07,jp,Japan,top_videos_daily,,83,https://i.ytimg.com/vi/uVDCsvYaeGw/mqdefault.jpg,春に舞う - Haru Ni Mau,Ado,,,春に舞う - Haru Ni Mau Ado
2026-09-07,jp,Japan,top_videos_daily,,84,https://i.ytimg.com/vi/e3ArQ6xgpfs/mqdefault.jpg,爆裂愛してる / いずれ菖蒲か杜若【歌ってみた】,AYAKAKI,,,爆裂愛してる / いずれ菖蒲か杜若【歌ってみた】 AYAKAKI
2026-09-07,jp,Japan,top_videos_daily,,85,https://i.ytimg.com/vi/H4SaBZ4-Brw/mqdefault.jpg,板野友美／ふいに (Music Video),板野友美,,,板野友美／ふいに (Music Video) 板野友美
2026-09-07,jp,Japan,top_videos_daily,,86,https://i.ytimg.com/vi/qf4kjBYR3O0/mqdefault.jpg,星野源 - 好き [Official Video],星野源 Gen Hoshino,,,星野源 - 好き [Official Video] 星野源 Gen Hoshino
2026-09-07,jp,Japan,top_videos_daily,,87,https://i.ytimg.com/vi/F-bM95KIfQM/mqdefault.jpg,【伯方の塩】「は・か・た・の・しお！」を本気で歌って踴ってみたらクセが強すぎたw,REALPIECE,,,【伯方の塩】「は・か・た・の・しお！」を本気で歌って踊ってみたらクセが強すぎたw REALPIECE
2026-09-07,jp,Japan,top_videos_daily,,88,https://i.ytimg.com/vi/xiQJV76YUv0/mqdefault.jpg,「救命病棟24時」 再動記念 第二弾「三日月」,DREAMS COME TRUE,,,「救命病棟24時」 再動記念 第二弾「三日月」 DREAMS COME TRUE
2026-09-07,jp,Japan,top_videos_daily,,89,https://i.ytimg.com/vi/TfvYFX06Mes/mqdefault.jpg,真夜中のZOO (Live),ACEes,,,真夜中のZOO (Live) ACEes
2026-09-07,jp,Japan,top_videos_daily,,90,https://i.ytimg.com/vi/pZB0ZQJUXGI/mqdefault.jpg,【imase】風になれるはず（Music Video）,imase,,,【imase】風になれるはず（Music Video） imase
2026-09-07,jp,Japan,top_videos_daily,,91,https://i.ytimg.com/vi/Jjojd47bu-s/mqdefault.jpg,ケセラセラ - CEREMONY (Live),Mrs. GREEN APPLE,,,ケセラセラ - CEREMONY (Live) Mrs. GREEN APPLE
2026-09-07,jp,Japan,top_videos_daily,,92,https://i.ytimg.com/vi/eB-IK2wPWzw/mqdefault.jpg,ATEEZ(에이티즈) - 'BAD' Performance Stage (@The Kelly Clarkson Show),ATEEZ,,,ATEEZ(에이티즈) - 'BAD' Performance Stage (@The Kelly Clarkson Show) ATEEZ
2026-09-07,jp,Japan,top_videos_daily,,93,https://i.ytimg.com/vi/Oq7Uq0cRIT0/mqdefault.jpg,. Simi and Chapchap,,,,. Simi and Chapchap
2026-09-07,jp,Japan,top_videos_daily,,94,https://i.ytimg.com/vi/2QEiMAsjGxw/mqdefault.jpg,三浦大知 (Daichi Miura) / オリジナルフェイク -Music Video-,三浦大知,,,三浦大知 (Daichi Miura) / オリジナルフェイク -Music Video- 三浦大知
2026-09-07,jp,Japan,top_videos_daily,,95,https://i.ytimg.com/vi/0beWrfj7AvE/mqdefault.jpg,ガチ夢中！ - GACHI MUCHU！,超特急,,,ガチ夢中！ - GACHI MUCHU！ 超特急
2026-09-07,jp,Japan,top_videos_daily,,96,https://i.ytimg.com/vi/3Cb8xhXfxKs/mqdefault.jpg,Zoo,Shakira,"2月 2, 2026",81502,"96 96 Zoo Shakira 2月 2, 2026 - 117 81,502"
2026-09-07,jp,Japan,top_videos_daily,,97,https://i.ytimg.com/vi/xwHpcs8H9Yw/mqdefault.jpg,Division All Stars「HYPSTER」Music Video,Channelヒプノシスマイク,,,Division All Stars「HYPSTER」Music Video Channelヒプノシスマイク
2026-09-07,jp,Japan,top_videos_daily,,98,https://i.ytimg.com/vi/83C3TZ4Zm_o/mqdefault.jpg,LEMONADE,aespa,"5月 28, 2026",79775,"98 7 LEMONADE aespa 5月 28, 2026 91 95 79,775"
2026-09-07,jp,Japan,top_videos_daily,,99,https://i.ytimg.com/vi/uSDtkV3PXSA/mqdefault.jpg,GUM&DROP / 星街すいせい (official),Suisei Channel,,,GUM&DROP / 星街すいせい (official) Suisei Channel
2026-09-07,jp,Japan,top_videos_daily,,100,https://i.ytimg.com/vi/wymZugD0pXw/mqdefault.jpg,【デビュー20週年SP企畫】「Garden」May J.×優裡×川崎鷹也,May J.,,,【デビュー20周年SP企画】「Garden」May J.×優里×川崎鷹也 May J.
2026-09-07,kr,South Korea,top_videos_daily,,1,https://i.ytimg.com/vi/FyS5dAywkEo/mqdefault.jpg,SaWaDiKa (Official Music Video),LISA,,,SaWaDiKa (Official Music Video) LISA
2026-09-07,kr,South Korea,top_videos_daily,,2,https://i.ytimg.com/vi/GxChUrrY4bc/mqdefault.jpg,꿈꾸던 어른이 되었나요?,머무르,,,꿈꾸던 어른이 되었나요? 머무르
2026-09-07,kr,South Korea,top_videos_daily,,3,https://i.ytimg.com/vi/buPhYiIXMTM/mqdefault.jpg,"Mrs. GREEN APPLE - 푸름과여름 [青と夏] 🎵""저 가수입니다🎤"" by강남 (with. ENHYPEN 제이)",滑川康男,,,"Mrs. GREEN APPLE - 푸름과여름 [青と夏] 🎵""저 가수입니다🎤"" by강남 (with. ENHYPEN 제이) 滑川康男"
2026-09-07,kr,South Korea,top_videos_daily,,4,https://i.ytimg.com/vi/xzd24Ik62E0/mqdefault.jpg,I Got Your Back,ILLIT / HANA,,,I Got Your Back ILLIT & HANA
2026-09-07,kr,South Korea,top_videos_daily,,5,https://i.ytimg.com/vi/qZlu2j2SiBA/mqdefault.jpg,Pretty Girl,RESCENE,,,Pretty Girl RESCENE
2026-09-07,kr,South Korea,top_videos_daily,,6,https://i.ytimg.com/vi/-q_S27LbNKU/mqdefault.jpg,BAD,ATEEZ,"6月 25, 2026",152627,"6 6 BAD ATEEZ 6月 25, 2026 12 72 152,627"
2026-09-07,kr,South Korea,top_videos_daily,,7,https://i.ytimg.com/vi/Jxgbfc89hNI/mqdefault.jpg,Suddenly,I.O.I,"5月 19, 2026",148924,"7 1 Suddenly I.O.I 5月 19, 2026 6 110 148,924"
2026-09-07,kr,South Korea,top_videos_daily,,8,https://i.ytimg.com/vi/9XttLI0oH0I/mqdefault.jpg,LOVE ATTACK,RESCENE,,,LOVE ATTACK RESCENE
2026-09-07,kr,South Korea,top_videos_daily,,9,https://i.ytimg.com/vi/L8ZnXgbyUuc/mqdefault.jpg,BIGBANG - ‘BiiiG’ M/V,BIGBANG,,,BIGBANG - ‘BiiiG’ M/V BIGBANG
2026-09-07,kr,South Korea,top_videos_daily,,10,https://i.ytimg.com/vi/-gOa-0HMP3U/mqdefault.jpg,"[신곡M/V] 나에게로의 초대(2026)-아샤트리,이예은 Come to me(2026)-ASHATREE,LEE YEEUN (원곡:정경화)",ASHATREE,,2026,"[신곡M/V] 나에게로의 초대(2026)-아샤트리,이예은 Come to me(2026)-ASHATREE,LEE YEEUN (원곡:정경화) ASHATREE"
2026-09-07,kr,South Korea,top_videos_daily,,11,https://i.ytimg.com/vi/1rAos7HClwI/mqdefault.jpg,"RYUJIN “REDRED” @ ITZY The 5th Fan Meeting “ALL IN, MIDZY”",ITZY,,,"RYUJIN “REDRED” @ ITZY The 5th Fan Meeting “ALL IN, MIDZY” ITZY"
2026-09-07,kr,South Korea,top_videos_daily,,12,https://i.ytimg.com/vi/bMhDJ0S0OBA/mqdefault.jpg,It's Me,ILLIT,"4月 30, 2026",116128,"12 11 It's Me ILLIT 4月 30, 2026 23 129 116,128"
2026-09-07,kr,South Korea,top_videos_daily,,13,https://i.ytimg.com/vi/oHFQ6aKTAMw/mqdefault.jpg,P1Harmony (피원하모니) INTAK (인탁) -‘Hip Song’ (비) LIVE CLIP @2026 FAN MEETING [P1uspace H : Horror Haven],P1Harmony,,2026,P1Harmony (피원하모니) INTAK (인탁) -‘Hip Song’ (비) LIVE CLIP @2026 FAN MEETING [P1uspace H : Horror Haven] P1Harmony
2026-09-07,kr,South Korea,top_videos_daily,,14,https://i.ytimg.com/vi/ZbO9PBdFRdc/mqdefault.jpg,Deja Vu,RESCENE,"7月 2, 2025",105994,"14 1 Deja Vu RESCENE 7月 2, 2025 15 115 105,994"
2026-09-07,kr,South Korea,top_videos_daily,,15,https://i.ytimg.com/vi/s466YCiHfKw/mqdefault.jpg,FALLEN ANGEL (Official Video),JENNIE,,,FALLEN ANGEL (Official Video) JENNIE
2026-09-07,kr,South Korea,top_videos_daily,,16,https://i.ytimg.com/vi/83C3TZ4Zm_o/mqdefault.jpg,LEMONADE,aespa,"5月 28, 2026",98818,"16 2 LEMONADE aespa 5月 28, 2026 18 100 98,818"
2026-09-07,kr,South Korea,top_videos_daily,,17,https://i.ytimg.com/vi/XPUOHpkRAxg/mqdefault.jpg,마음의 숲,조선힙합,"4月 9, 2026",97936,"17 5 마음의 숲 조선힙합 4月 9, 2026 22 109 97,936"
2026-09-07,kr,South Korea,top_videos_daily,,18,https://i.ytimg.com/vi/B5u8JiGVI_k/mqdefault.jpg,BIGBANG - ‘BiiiG’ DANCE PRACTICE,BIGBANG,,,BIGBANG - ‘BiiiG’ DANCE PRACTICE BIGBANG
2026-09-07,kr,South Korea,top_videos_daily,,19,https://i.ytimg.com/vi/l1UOPIr76CA/mqdefault.jpg,DECO*27 - 洗脳 feat. 初音ミク,DECO*27,,,DECO*27 - 洗脳 feat. 初音ミク DECO*27
2026-09-07,kr,South Korea,top_videos_daily,,20,https://i.ytimg.com/vi/Xe7admnJYK8/mqdefault.jpg,Unreal (LIZ Solo),IVE,,,Unreal (LIZ Solo) IVE
2026-09-07,kr,South Korea,top_videos_daily,,21,https://i.ytimg.com/vi/Qe8fa4b5xNU/mqdefault.jpg,Good Goodbye,HWASA,,,Good Goodbye HWASA
2026-09-07,kr,South Korea,top_videos_daily,,22,https://i.ytimg.com/vi/yebNIHKAC4A/mqdefault.jpg,Golden,HUNTR/X / EJAE / AUDREY NUNA / REI AMI / KPop Demon Hunters Cast,,,"Golden HUNTR/X , EJAE , AUDREY NUNA , REI AMI & KPop Demon Hunters Cast"
2026-09-07,kr,South Korea,top_videos_daily,,23,https://i.ytimg.com/vi/ih3M4WaXSY0/mqdefault.jpg,Batsubyou (Weigh Anchor / 抜錨)┃Raon cover,Raon,,,Batsubyou (Weigh Anchor / 抜錨)┃Raon cover Raon
2026-09-07,kr,South Korea,top_videos_daily,,24,https://i.ytimg.com/vi/UsbRoaH6y-Q/mqdefault.jpg,Pop Off Pop Off,KiiiKiii,,,Pop Off Pop Off KiiiKiii
2026-09-07,kr,South Korea,top_videos_daily,,25,https://i.ytimg.com/vi/F7sGJVUrkjQ/mqdefault.jpg,RUDE!,Hearts2Hearts,,,RUDE! Hearts2Hearts
2026-09-07,kr,South Korea,top_videos_daily,,26,https://i.ytimg.com/vi/Gk8F8waA0tM/mqdefault.jpg,송하예 '행복한 나를 (2026ver.)' Official MV,하예일기장,,2026,송하예 '행복한 나를 (2026ver.)' Official MV 하예일기장
2026-09-07,kr,South Korea,top_videos_daily,,27,https://i.ytimg.com/vi/07cb8UQnwtE/mqdefault.jpg,MIMI 미미 'Bish Bash Bosh'｜On the Spot｜온더스팟,1theK Originals - 원더케이 오리지널,,,MIMI 미미 'Bish Bash Bosh'｜On the Spot｜온더스팟 1theK Originals - 원더케이 오리지널
2026-09-07,kr,South Korea,top_videos_daily,,28,https://i.ytimg.com/vi/ts7-qWkpKYA/mqdefault.jpg,CHUNG HA 청하 | Digital Single [México] Music Video,CHUNG HA 청하,,,CHUNG HA 청하 | Digital Single [México] Music Video CHUNG HA 청하
2026-09-07,kr,South Korea,top_videos_daily,,29,https://i.ytimg.com/vi/eB-IK2wPWzw/mqdefault.jpg,ATEEZ(에이티즈) - 'BAD' Performance Stage (@The Kelly Clarkson Show),ATEEZ,,,ATEEZ(에이티즈) - 'BAD' Performance Stage (@The Kelly Clarkson Show) ATEEZ
2026-09-07,kr,South Korea,top_videos_daily,,30,https://i.ytimg.com/vi/cC66L4givYg/mqdefault.jpg,"Love is like spring rain, Breakup is like winter rain",임현정,,,"Love is like spring rain, Breakup is like winter rain 임현정"
2026-09-07,kr,South Korea,top_videos_daily,,31,https://i.ytimg.com/vi/H0GbvPY_Yl8/mqdefault.jpg,만찬가,TAEYEON,"6月 29, 2026",65805,"31 3 만찬가 TAEYEON 6月 29, 2026 34 62 65,805"
2026-09-07,kr,South Korea,top_videos_daily,,32,https://i.ytimg.com/vi/Oq7Uq0cRIT0/mqdefault.jpg,. Simi and Chapchap,,,,. Simi and Chapchap
2026-09-07,kr,South Korea,top_videos_daily,,33,https://i.ytimg.com/vi/46h0LvDHgIs/mqdefault.jpg,TUIDE (튜이드) ‘SUN KISS’ Official MV,HYBE LABELS,,,TUIDE (튜이드) ‘SUN KISS’ Official MV HYBE LABELS
2026-09-07,kr,South Korea,top_videos_daily,,34,https://i.ytimg.com/vi/h8CN6Hm8QNM/mqdefault.jpg,전상근(Jeon Sang Keun) -행복하지 말아요 (원곡: 엠씨더맥스(M.C the MAX))(DK(디셈버) ver.),全尚根,,,전상근(Jeon Sang Keun) -행복하지 말아요 (원곡: 엠씨더맥스(M.C the MAX))(DK(디셈버) ver.) 全尚根
2026-09-07,kr,South Korea,top_videos_daily,,35,https://i.ytimg.com/vi/TzH5BsJj81Y/mqdefault.jpg,"アクマバライ feat. 雨衣, Gemini, ミク / “Exorcist” ft. Ui, Gemini (TTS), Miku",うちのボカロは様子がおかしい,,,"アクマバライ feat. 雨衣, Gemini, ミク / “Exorcist” ft. Ui, Gemini (TTS), Miku うちのボカロは様子がおかしい"
2026-09-07,kr,South Korea,top_videos_daily,,36,https://i.ytimg.com/vi/_2eH8PvM8UA/mqdefault.jpg,[MV] NINA(니나) _ Why (Korean Ver.),NINA,,,[MV] NINA(니나) _ Why (Korean Ver.) NINA
2026-09-07,kr,South Korea,top_videos_daily,,37,https://i.ytimg.com/vi/UsjsYMo3O1Q/mqdefault.jpg,Brain Rot,Tokyo Manaka,,,Brain Rot Tokyo Manaka
2026-09-07,kr,South Korea,top_videos_daily,,38,https://i.ytimg.com/vi/D54StAZFUrc/mqdefault.jpg,Paradise of Rumors,AKMU,,,Paradise of Rumors AKMU
2026-09-07,kr,South Korea,top_videos_daily,,39,https://i.ytimg.com/vi/h0KIWaUEIgQ/mqdefault.jpg,사랑하게 될 거야,HANRORO,,,사랑하게 될 거야 HANRORO
2026-09-07,kr,South Korea,top_videos_daily,,40,https://i.ytimg.com/vi/sLk8zWUuYTA/mqdefault.jpg,Vitamin ME,fromis_9,,,Vitamin ME fromis_9
2026-09-07,kr,South Korea,top_videos_daily,,41,https://i.ytimg.com/vi/GnSaLQTrvt0/mqdefault.jpg,Good Goodbye,HWASA,,,Good Goodbye HWASA
2026-09-07,kr,South Korea,top_videos_daily,,42,https://i.ytimg.com/vi/5hL7uPsISY0/mqdefault.jpg,그냥 해,조선힙합,"6月 16, 2026",53943,"42 5 그냥 해 조선힙합 6月 16, 2026 37 81 53,943"
2026-09-07,kr,South Korea,top_videos_daily,,43,https://i.ytimg.com/vi/U6BDbXIah-Y/mqdefault.jpg,REDRED,CORTIS,"4月 20, 2026",52165,"43 3 REDRED CORTIS 4月 20, 2026 46 139 52,165"
2026-09-07,kr,South Korea,top_videos_daily,,44,https://i.ytimg.com/vi/cOr-TUxo8Kw/mqdefault.jpg,夏空メドレー：Tell Your World × ただ風を追いかけて / 初音ミク＆ロビン【崩壊：スターレイル】,Artistrie / 初音未來,,,夏空メドレー：Tell Your World × ただ風を追いかけて / 初音ミク＆ロビン【崩壊：スターレイル】 Artistrie & 初音未來
2026-09-07,kr,South Korea,top_videos_daily,,45,https://i.ytimg.com/vi/dB8QCac8FSM/mqdefault.jpg,將棋一番！ - Shogi Ichiban！,Yukopi,,,将棋一番！ - Shogi Ichiban！ Yukopi
2026-09-07,kr,South Korea,top_videos_daily,,46,https://i.ytimg.com/vi/LsJ9vFGphp4/mqdefault.jpg,경서 - '별이 떨어질 때 (Stardust)' Official MV,경서,,,경서 - '별이 떨어질 때 (Stardust)' Official MV 경서
2026-09-07,kr,South Korea,top_videos_daily,,47,https://i.ytimg.com/vi/6lN51mwvuA8/mqdefault.jpg,Gg Ez,M.Sasuke,"5月 30, 2026",48417,"47 2 Gg Ez M.Sasuke 5月 30, 2026 49 72 48,417"
2026-09-07,kr,South Korea,top_videos_daily,,48,https://i.ytimg.com/vi/XngCtwrzDM4/mqdefault.jpg,[COVER] 정한 - 晩餐歌 (만찬가) (원곡 : tuki.),Seventeen,,,[COVER] 정한 - 晩餐歌 (만찬가) (원곡 : tuki.) Seventeen
2026-09-07,kr,South Korea,top_videos_daily,,49,https://i.ytimg.com/vi/9Jph8lIgYEE/mqdefault.jpg,B THE HOOD (비더후드) ‘JADED’ Lyric Video,B THE HOOD,,,B THE HOOD (비더후드) ‘JADED’ Lyric Video B THE HOOD
2026-09-07,kr,South Korea,top_videos_daily,,50,https://i.ytimg.com/vi/FhNugHNh72s/mqdefault.jpg,살아보니 그렇더라,국악딴따라,"7月 17, 2026",44478,"50 6 살아보니 그렇더라 국악딴따라 7月 17, 2026 44 2 44,478"
2026-09-07,kr,South Korea,top_videos_daily,,51,https://i.ytimg.com/vi/T24rF_x0TmQ/mqdefault.jpg,ヤラララ,AnythingBecomeMoe,,,ヤラララ AnythingBecomeMoe
2026-09-07,kr,South Korea,top_videos_daily,,52,https://i.ytimg.com/vi/Um-qIkb1v40/mqdefault.jpg,Question&Answer (Art. songseoul) - Anonymous Artists (어나니머스 아티스트),Anonymous Artists (어나니머스 아티스트),,,Question&Answer (Art. songseoul) - Anonymous Artists (어나니머스 아티스트) Anonymous Artists (어나니머스 아티스트)
2026-09-07,kr,South Korea,top_videos_daily,,53,https://i.ytimg.com/vi/pOYMXYg0y0o/mqdefault.jpg,[M/V] 소수빈 (So Soo Bin) - 괜찮다고 말해줄 걸 그랬어,소수빈 / So Soo Bin,,,[M/V] 소수빈 (So Soo Bin) - 괜찮다고 말해줄 걸 그랬어 소수빈 / So Soo Bin
2026-09-07,kr,South Korea,top_videos_daily,,54,https://i.ytimg.com/vi/nwoSIltpMXQ/mqdefault.jpg,[MV] PARK EUN BIN(박은빈) _ DREAMS COME TRUE,PARK EUN BIN,,,[MV] PARK EUN BIN(박은빈) _ DREAMS COME TRUE PARK EUN BIN
2026-09-07,kr,South Korea,top_videos_daily,,55,https://i.ytimg.com/vi/pOmJ65UnPEY/mqdefault.jpg,PLAVE 'Flame (feat. milet)' M/V,PLAVE,,,PLAVE 'Flame (feat. milet)' M/V PLAVE
2026-09-07,kr,South Korea,top_videos_daily,,56,https://i.ytimg.com/vi/6flyAoHp-Wo/mqdefault.jpg,노브레인 - '아메리카노' Official MV,無腦,,,노브레인 - '아메리카노' Official MV 無腦
2026-09-07,kr,South Korea,top_videos_daily,,57,https://i.ytimg.com/vi/hpfCp3CSWQo/mqdefault.jpg,나 밖에 모르는 바보,황영웅,"9月 3, 2026",40419,"57 22 나 밖에 모르는 바보 황영웅 9月 3, 2026 35 3 40,419"
2026-09-07,kr,South Korea,top_videos_daily,,58,https://i.ytimg.com/vi/iDx9Hu3lQbA/mqdefault.jpg,Sunpop Fever,Been,,,Sunpop Fever Been
2026-09-07,kr,South Korea,top_videos_daily,,59,https://i.ytimg.com/vi/2ips2mM7Zqw/mqdefault.jpg,뱅뱅뱅,BIGBANG,"6月 1, 2015",37866,"59 59 뱅뱅뱅 BIGBANG 6月 1, 2015 - 111 37,866"
2026-09-07,kr,South Korea,top_videos_daily,,60,https://i.ytimg.com/vi/chl0R8C4NJ8/mqdefault.jpg,Hearts2Hearts 하츠투하츠 'ICONIC HEART' MV,Hearts2Hearts,,,Hearts2Hearts 하츠투하츠 'ICONIC HEART' MV Hearts2Hearts
2026-09-07,kr,South Korea,top_videos_daily,,61,https://i.ytimg.com/vi/kPa7bsKwL-c/mqdefault.jpg,Die With A Smile,Lady Gaga / Bruno Mars,,,Die With A Smile Lady Gaga & Bruno Mars
2026-09-07,kr,South Korea,top_videos_daily,,62,https://i.ytimg.com/vi/PxmKaXqeK2s/mqdefault.jpg,너의 차선,조선힙합,"5月 21, 2026",36936,"62 3 너의 차선 조선힙합 5月 21, 2026 59 73 36,936"
2026-09-07,kr,South Korea,top_videos_daily,,63,https://i.ytimg.com/vi/YTeFLKMnwjg/mqdefault.jpg,[Special Clip] 윈터 (WINTER) - 여름의 속도 (Speed of Summer) | 딩고뮤직 | dingo Music,딩고 뮤직 / dingo music,,,[Special Clip] 윈터 (WINTER) - 여름의 속도 (Speed of Summer) | 딩고뮤직 | dingo Music 딩고 뮤직 / dingo music
2026-09-07,kr,South Korea,top_videos_daily,,64,https://i.ytimg.com/vi/naoGk-Zjc1s/mqdefault.jpg,SUGAR HONEY ICE TEA,BABYMONSTER,,,SUGAR HONEY ICE TEA BABYMONSTER
2026-09-07,kr,South Korea,top_videos_daily,,65,https://i.ytimg.com/vi/7LjFAoWvsbE/mqdefault.jpg,Walking with you,滑川康男,,,Walking with you 滑川康男
2026-09-07,kr,South Korea,top_videos_daily,,66,https://i.ytimg.com/vi/Gnn4GRSzRXI/mqdefault.jpg,BOOMPALA,LE SSERAFIM,,,BOOMPALA LE SSERAFIM
2026-09-07,kr,South Korea,top_videos_daily,,67,https://i.ytimg.com/vi/xqvdj0Fl_MY/mqdefault.jpg,To Me,Rainbow,"4月 8, 2011",33740,"67 9 To Me Rainbow 4月 8, 2011 76 2 33,740"
2026-09-07,kr,South Korea,top_videos_daily,,68,https://i.ytimg.com/vi/1jKnI_ib8c8/mqdefault.jpg,Motto,ITZY,"5月 18, 2026",33191,"68 13 Motto ITZY 5月 18, 2026 55 20 33,191"
2026-09-07,kr,South Korea,top_videos_daily,,69,https://i.ytimg.com/vi/_gyultVTesk/mqdefault.jpg,2.0,防彈少年團,"4月 1, 2026",33071,"69 5 2.0 防彈少年團 4月 1, 2026 74 97 33,071"
2026-09-07,kr,South Korea,top_videos_daily,,70,https://i.ytimg.com/vi/1VqxWNwgf5Q/mqdefault.jpg,Lemon Tang,Hearts2Hearts,,,Lemon Tang Hearts2Hearts
2026-09-07,kr,South Korea,top_videos_daily,,71,https://i.ytimg.com/vi/aUFt0O_BtdI/mqdefault.jpg,Dancing In Love,박지현,,,Dancing In Love 박지현
2026-09-07,kr,South Korea,top_videos_daily,,72,https://i.ytimg.com/vi/hrkELy64_zA/mqdefault.jpg,Please Summer!,臉紅的思春期,,,Please Summer! 臉紅的思春期
2026-09-07,kr,South Korea,top_videos_daily,,73,https://i.ytimg.com/vi/-H4bB6hxeEs/mqdefault.jpg,きゃぴ (Kyapi),Houshou Marine,,,きゃぴ (Kyapi) Houshou Marine
2026-09-07,kr,South Korea,top_videos_daily,,74,https://i.ytimg.com/vi/Zb1sZ16uWBk/mqdefault.jpg,long for you,Hyunjin / Stray Kids,,,long for you Hyunjin & Stray Kids
2026-09-07,kr,South Korea,top_videos_daily,,75,https://i.ytimg.com/vi/DUMUAz96l3w/mqdefault.jpg,어른인 척 하는 중,머무르,"8月 11, 2026",31940,"75 5 어른인 척 하는 중 머무르 8月 11, 2026 70 4 31,940"
2026-09-07,kr,South Korea,top_videos_daily,,76,https://i.ytimg.com/vi/XKZIQlqVjjk/mqdefault.jpg,승인해주세요 지니님!,카사네 테토 / Una Otomachi,,,승인해주세요 지니님! 카사네 테토 & Una Otomachi
2026-09-07,kr,South Korea,top_videos_daily,,77,https://i.ytimg.com/vi/3jBGgw3BfpM/mqdefault.jpg,Hump Back - '친애하는 소년이여 (拝啟、少年よ)'ㅣCovered by UmYull,UmYull,,,Hump Back - '친애하는 소년이여 (拝啓、少年よ)'ㅣCovered by UmYull UmYull
2026-09-07,kr,South Korea,top_videos_daily,,78,https://i.ytimg.com/vi/6Ycn9qZK09I/mqdefault.jpg,Heavy Serenade,NMIXX,,,Heavy Serenade NMIXX
2026-09-07,kr,South Korea,top_videos_daily,,79,https://i.ytimg.com/vi/RKhsHGfrFmY/mqdefault.jpg,삐딱하게,G-Dragon,"9月 4, 2013",31636,"79 79 삐딱하게 G-Dragon 9月 4, 2013 - 64 31,636"
2026-09-07,kr,South Korea,top_videos_daily,,80,https://i.ytimg.com/vi/1cKc1rkZwf8/mqdefault.jpg,It's Art,PSY,"2月 7, 2011",31341,"80 4 It's Art PSY 2月 7, 2011 84 79 31,341"
2026-09-07,kr,South Korea,top_videos_daily,,81,https://i.ytimg.com/vi/YRNKslU8cxU/mqdefault.jpg,조선힙합 '난 행복해질 거야' Official MV,조선힙합,,,조선힙합 '난 행복해질 거야' Official MV 조선힙합
2026-09-07,kr,South Korea,top_videos_daily,,82,https://i.ytimg.com/vi/NPqtL1dtrlA/mqdefault.jpg,Love Options(연애의 조건),BESTIE,,,Love Options(연애의 조건) BESTIE
2026-09-07,kr,South Korea,top_videos_daily,,83,https://i.ytimg.com/vi/j8ehMCt_6Rk/mqdefault.jpg,안원잘부 | 리브가 부른 라이크 원이 리센느·리브 | AI,RESCENE,,,안원잘부 | 리브가 부른 라이크 원이 리센느·리브 | AI RESCENE
2026-09-07,kr,South Korea,top_videos_daily,,84,https://i.ytimg.com/vi/vecSVX1QYbQ/mqdefault.jpg,사랑을 했다 (LOVE SCENARIO),iKON,,,사랑을 했다 (LOVE SCENARIO) iKON
2026-09-07,kr,South Korea,top_videos_daily,,85,https://i.ytimg.com/vi/x3eqqoZPV_E/mqdefault.jpg,춤 (CHOOM),BABYMONSTER,,,춤 (CHOOM) BABYMONSTER
2026-09-07,kr,South Korea,top_videos_daily,,86,https://i.ytimg.com/vi/JSFG-IE8n_c/mqdefault.jpg,like JENNIE,JENNIE,,,like JENNIE JENNIE
2026-09-07,kr,South Korea,top_videos_daily,,87,https://i.ytimg.com/vi/8R2UTnAbfTg/mqdefault.jpg,늙은 사랑,조선힙합,"5月 15, 2026",29913,"87 15 늙은 사랑 조선힙합 5月 15, 2026 72 60 29,913"
2026-09-07,kr,South Korea,top_videos_daily,,88,https://i.ytimg.com/vi/3b4men4nFMA/mqdefault.jpg,그냥 그러려니 해,조선힙합,"8月 6, 2026",29901,"88 20 그냥 그러려니 해 조선힙합 8月 6, 2026 68 25 29,901"
2026-09-07,kr,South Korea,top_videos_daily,,89,https://i.ytimg.com/vi/B8JJ8RNM-60/mqdefault.jpg,Pinball,RESCENE,"9月 21, 2024",29866,"89 10 Pinball RESCENE 9月 21, 2024 79 41 29,866"
2026-09-07,kr,South Korea,top_videos_daily,,90,https://i.ytimg.com/vi/wHCbE4cggyc/mqdefault.jpg,"Tiger JK, 윤미래 (yoonmirae) - 'Let Me Love You' Official M/V",Feel Ghood Music [필굿뮤직],,,"Tiger JK, 윤미래 (yoonmirae) - 'Let Me Love You' Official M/V Feel Ghood Music [필굿뮤직]"
2026-09-07,kr,South Korea,top_videos_daily,,91,https://i.ytimg.com/vi/Er-pKc2dvLY/mqdefault.jpg,최유리 - Toko Toko [Official Video],최유리 Choi Yu Ree,,,최유리 - Toko Toko [Official Video] 최유리 Choi Yu Ree
2026-09-07,kr,South Korea,top_videos_daily,,92,https://i.ytimg.com/vi/7jApii8KQPo/mqdefault.jpg,DIMO REX (디모렉스) - 'DON'T FORGET MY NAME' M/V,DIMO REX,,,DIMO REX (디모렉스) - 'DON'T FORGET MY NAME' M/V DIMO REX
2026-09-07,kr,South Korea,top_videos_daily,,93,https://i.ytimg.com/vi/9cS2wv6AfHk/mqdefault.jpg,I LIKE IT,BABYMONSTER,,,I LIKE IT BABYMONSTER
2026-09-07,kr,South Korea,top_videos_daily,,94,https://i.ytimg.com/vi/aRiVUVNUhIs/mqdefault.jpg,なんもねえ - Nannmonee,Wasureranneyo,,,なんもねえ - Nannmonee Wasureranneyo
2026-09-07,kr,South Korea,top_videos_daily,,95,https://i.ytimg.com/vi/MC6-82GRK5I/mqdefault.jpg,Bloom,RESCENE,"11月 25, 2025",27466,"95 15 Bloom RESCENE 11月 25, 2025 80 61 27,466"
2026-09-07,kr,South Korea,top_videos_daily,,96,https://i.ytimg.com/vi/gW5rI8NGSxE/mqdefault.jpg,Parallel Night,서영주 of 너드커넥션,,,Parallel Night 서영주 of 너드커넥션
2026-09-07,kr,South Korea,top_videos_daily,,97,https://i.ytimg.com/vi/-lwj47dDrNU/mqdefault.jpg,"CHAERYEONG “Full Moon” @ ITZY The 5th Fan Meeting “ALL IN, MIDZY”",ITZY,,,"CHAERYEONG “Full Moon” @ ITZY The 5th Fan Meeting “ALL IN, MIDZY” ITZY"
2026-09-07,kr,South Korea,top_videos_daily,,98,https://i.ytimg.com/vi/Yyfv2R97dHA/mqdefault.jpg,남유정(NamYouJoung) '초대 (feat.이민혁 (HUTA))' Performance Video | Official,유랄라Youlalla,,,남유정(NamYouJoung) '초대 (feat.이민혁 (HUTA))' Performance Video | Official 유랄라Youlalla
2026-09-07,kr,South Korea,top_videos_daily,,99,https://i.ytimg.com/vi/9kaCAbIXuyg/mqdefault.jpg,"G-DRAGON - '무제(無題) (Untitled, 2014)' M/V",G-Dragon,,2014,"G-DRAGON - '무제(無題) (Untitled, 2014)' M/V G-Dragon"
2026-09-07,kr,South Korea,top_videos_daily,,100,https://i.ytimg.com/vi/pHciG9_2xXM/mqdefault.jpg,"Meet my GRLS, TUIDE",HYBE LABELS,,,"Meet my GRLS, TUIDE HYBE LABELS"
2026-09-07,vn,Vietnam,top_videos_daily,,1,https://i.ytimg.com/vi/boKJ5XDs_mY/mqdefault.jpg,JACK - J97 | LƯU NIÊN | Album TAM THÁI TỬ - Track No.4,J97,,,JACK - J97 | LƯU NIÊN | Album TAM THÁI TỬ - Track No.4 J97
2026-09-07,vn,Vietnam,top_videos_daily,,2,https://i.ytimg.com/vi/UH21OnJwxZE/mqdefault.jpg,PHƯƠNG MỸ CHI x DTAP | 'THIÊN ĐƯỜNG VỚI NGƯỜI THƯƠNG' | OFFICIAL MUSIC VIDEO,Phương Mỹ Chi,,,PHƯƠNG MỸ CHI x DTAP | 'THIÊN ĐƯỜNG VỚI NGƯỜI THƯƠNG' | OFFICIAL MUSIC VIDEO Phương Mỹ Chi
2026-09-07,vn,Vietnam,top_videos_daily,,3,https://i.ytimg.com/vi/vLa5jvCJMGk/mqdefault.jpg,JACK - J97 | NGƯỜI DƯNG | Album TAM THÁI TỬ - Track No.2,Jack - J97,,,JACK - J97 | NGƯỜI DƯNG | Album TAM THÁI TỬ - Track No.2 Jack - J97
2026-09-07,vn,Vietnam,top_videos_daily,,4,https://i.ytimg.com/vi/FyS5dAywkEo/mqdefault.jpg,SaWaDiKa (Official Music Video),LISA,,,SaWaDiKa (Official Music Video) LISA
2026-09-07,vn,Vietnam,top_videos_daily,,5,https://i.ytimg.com/vi/Rb3hfEPyJxQ/mqdefault.jpg,SECRET,"TINH HÀ ""SAY HI"" / Quang Hùng MasterD / CODYNAMVO / CONGB / Wren Evans",,,"SECRET TINH HÀ ""SAY HI"" , Quang Hùng MasterD , CODYNAMVO , CONGB & Wren Evans"
2026-09-07,vn,Vietnam,top_videos_daily,,6,https://i.ytimg.com/vi/4jjOH2FR6-E/mqdefault.jpg,xương rồng (intro),Dangrangto / DONAL,,,xương rồng (intro) Dangrangto & DONAL
2026-09-07,vn,Vietnam,top_videos_daily,,7,https://i.ytimg.com/vi/QCr4Wf_eJHo/mqdefault.jpg,Đến Khi Nào,Yanbi,,,Đến Khi Nào Yanbi
2026-09-07,vn,Vietnam,top_videos_daily,,8,https://i.ytimg.com/vi/cwlToxaWuL8/mqdefault.jpg,MRT,"TINH HÀ ""SAY HI"" / XUÂN ĐỊNH KY / buitruonglinh / CAPTAIN BOY / HYO",,,"MRT TINH HÀ ""SAY HI"" , XUÂN ĐỊNH KY , buitruonglinh , CAPTAIN BOY & HYO"
2026-09-07,vn,Vietnam,top_videos_daily,,9,https://i.ytimg.com/vi/zoirAG6tmxw/mqdefault.jpg,JACK - J97 | NẾU PHẢI GIỮ CHO EM | Official Music Video - Album TAM THÁI TỬ - Track No.5,Jack - J97,,,JACK - J97 | NẾU PHẢI GIỮ CHO EM | Official Music Video - Album TAM THÁI TỬ - Track No.5 Jack - J97
2026-09-07,vn,Vietnam,top_videos_daily,,10,https://i.ytimg.com/vi/0Lj1FnJkoWg/mqdefault.jpg,JACK - J97 | HÀO HOA | Official Music Video - Album TAM THÁI TỬ - Track No.8,Jack - J97,,,JACK - J97 | HÀO HOA | Official Music Video - Album TAM THÁI TỬ - Track No.8 Jack - J97
2026-09-07,vn,Vietnam,top_videos_daily,,11,https://i.ytimg.com/vi/S2uRy0Gi20I/mqdefault.jpg,GIẬN HỜN ĐỂ ĐƯỢC YÊU - ANH BA TRỨNG - BOLERO - SÁNG TÁC MỚI NGHE CỰC ÊM TAI,Anh Ba Trứng,,,GIẬN HỜN ĐỂ ĐƯỢC YÊU - ANH BA TRỨNG - BOLERO - SÁNG TÁC MỚI NGHE CỰC ÊM TAI Anh Ba Trứng
2026-09-07,vn,Vietnam,top_videos_daily,,12,https://i.ytimg.com/vi/qM9woZ4i36Q/mqdefault.jpg,JACK - J97 | ANH YÊU EM (我愛你) | Album TAM THÁI TỬ - Track No.3,Jack - J97,,,JACK - J97 | ANH YÊU EM (我爱你) | Album TAM THÁI TỬ - Track No.3 Jack - J97
2026-09-07,vn,Vietnam,top_videos_daily,,13,https://i.ytimg.com/vi/PKTqqnWEybA/mqdefault.jpg,JACK - J97 | MỖI LẦN NHỚ EM LÀ MỘT NGÀY MƯA | Album TAM THÁI TỬ - Track No.6,Jack - J97,,,JACK - J97 | MỖI LẦN NHỚ EM LÀ MỘT NGÀY MƯA | Album TAM THÁI TỬ - Track No.6 Jack - J97
2026-09-07,vn,Vietnam,top_videos_daily,,14,https://i.ytimg.com/vi/FNbT75NoaAI/mqdefault.jpg,JACK - J97 | HOA TRONG ĐÁ | Official Music Video - Album TAM THÁI TỬ - Track No.1,J97,,,JACK - J97 | HOA TRONG ĐÁ | Official Music Video - Album TAM THÁI TỬ - Track No.1 J97
2026-09-07,vn,Vietnam,top_videos_daily,,15,https://i.ytimg.com/vi/l4Pkem30Q60/mqdefault.jpg,Kẻ Say Tình (Live),Quoc Thien,,,Kẻ Say Tình (Live) Quoc Thien
2026-09-07,vn,Vietnam,top_videos_daily,,16,https://i.ytimg.com/vi/gR7-IH4K6DE/mqdefault.jpg,JACK - J97 | NÁT TAN CÕI LÒNG | Album TAM THÁI TỬ - Track No.7,Jack - J97,,,JACK - J97 | NÁT TAN CÕI LÒNG | Album TAM THÁI TỬ - Track No.7 Jack - J97
2026-09-07,vn,Vietnam,top_videos_daily,,17,https://i.ytimg.com/vi/8sVtL0o-v7U/mqdefault.jpg,Người Im Lặng Gặp Người Hay Nói,HIEUTHUHAI,,,Người Im Lặng Gặp Người Hay Nói HIEUTHUHAI
2026-09-07,vn,Vietnam,top_videos_daily,,18,https://i.ytimg.com/vi/hE1JBFKSlVQ/mqdefault.jpg,Anh Trương Nội Thất Remix (Bản Hot TikTok) - AM FANTASY ♫ Anh Trương Nội Thất Chuyên Sản Xuất Remix,AM FANTASY,,,Anh Trương Nội Thất Remix (Bản Hot TikTok) - AM FANTASY ♫ Anh Trương Nội Thất Chuyên Sản Xuất Remix AM FANTASY
2026-09-07,vn,Vietnam,top_videos_daily,,19,https://i.ytimg.com/vi/9eL4Scy4-Ys/mqdefault.jpg,"Ác Mộng Đẹp - Đạt G | Chapter 3: Đẹp | Album ""Ác Mộng Đẹp""",DatG Music,,,"Ác Mộng Đẹp - Đạt G | Chapter 3: Đẹp | Album ""Ác Mộng Đẹp"" DatG Music"
2026-09-07,vn,Vietnam,top_videos_daily,,20,https://i.ytimg.com/vi/0ohZ4Eslwf8/mqdefault.jpg,JACK - J97 | THÌ RA MÌNH ĐÃ YÊU NHAU XONG RỒI | Album TAM THÁI TỬ - Track No.9,Jack - J97,,,JACK - J97 | THÌ RA MÌNH ĐÃ YÊU NHAU XONG RỒI | Album TAM THÁI TỬ - Track No.9 Jack - J97
2026-09-07,vn,Vietnam,top_videos_daily,,21,https://i.ytimg.com/vi/gaUV-_utYU4/mqdefault.jpg,HÀNH TRANG GIÃ TỪ - CÔNG TUẤN Giọng Ca Độc Lạ NGHE LÀ NGHIỆN,Công Tuấn,,,HÀNH TRANG GIÃ TỪ - CÔNG TUẤN Giọng Ca Độc Lạ NGHE LÀ NGHIỆN Công Tuấn
2026-09-07,vn,Vietnam,top_videos_daily,,22,https://i.ytimg.com/vi/-b5i8iB0lSY/mqdefault.jpg,Những Người Hùng Không Tên - Du Thiên | Sáng Tác: Thành Đô|Ca Khúc Hưởng Ứng Chiến Dịch 500 Ngày Đêm,Du Thiên,,500,Những Người Hùng Không Tên - Du Thiên | Sáng Tác: Thành Đô|Ca Khúc Hưởng Ứng Chiến Dịch 500 Ngày Đêm Du Thiên
2026-09-07,vn,Vietnam,top_videos_daily,,23,https://i.ytimg.com/vi/l_uzEREOKfo/mqdefault.jpg,THẾ GIỚI CỦA ANH,Dương Domic / buitruonglinh / CONGB / WEAN / Vận Toàn,,,"THẾ GIỚI CỦA ANH Dương Domic , buitruonglinh , CONGB , WEAN & Vận Toàn"
2026-09-07,vn,Vietnam,top_videos_daily,,24,https://i.ytimg.com/vi/qbek-A-CJJU/mqdefault.jpg,GIÁ NHƯ ANH LÀ EM - LỆ QUYÊN | OFFICIAL MUSIC VIDEO,麗娟,,,GIÁ NHƯ ANH LÀ EM - LỆ QUYÊN | OFFICIAL MUSIC VIDEO 麗娟
2026-09-07,vn,Vietnam,top_videos_daily,,25,https://i.ytimg.com/vi/RM-LMRqL5zE/mqdefault.jpg,Gián Đáng Iu Hongg?,Lâm Thằn Lằn / The New Gene,,,Gián Đáng Iu Hongg? Lâm Thằn Lằn & The New Gene
2026-09-07,vn,Vietnam,top_videos_daily,,26,https://i.ytimg.com/vi/xxe5d9QJav4/mqdefault.jpg,Sandwich & Story,EmceeDan / MONO,,,Sandwich & Story EmceeDan & MONO
2026-09-07,vn,Vietnam,top_videos_daily,,27,https://i.ytimg.com/vi/jM6UrE3Bxw4/mqdefault.jpg,Tự Do Như Cơn Gió,Xanh,,,Tự Do Như Cơn Gió Xanh
2026-09-07,vn,Vietnam,top_videos_daily,,28,https://i.ytimg.com/vi/dTZGuJACBWg/mqdefault.jpg,"gái tây gốc Việt | Nicole Nguyễn ft Tommy Tèo, Billy100 | OFFICIAL MV",Grammy Music Vietnam,,100,"gái tây gốc Việt | Nicole Nguyễn ft Tommy Tèo, Billy100 | OFFICIAL MV Grammy Music Vietnam"
2026-09-07,vn,Vietnam,top_videos_daily,,29,https://i.ytimg.com/vi/HedP3E7ljhk/mqdefault.jpg,Xin Đừng Rời Xa Anh (Truzg Remix) | Lê Gia Bảo | Nhạc Hot Trend TikTok 2026,Lê Gia Bảo,,2026,Xin Đừng Rời Xa Anh (Truzg Remix) | Lê Gia Bảo | Nhạc Hot Trend TikTok 2026 Lê Gia Bảo
2026-09-07,vn,Vietnam,top_videos_daily,,30,https://i.ytimg.com/vi/sPQXOA6pzOg/mqdefault.jpg,Ngày Rời Chuyến Bay,Minh Huy / Pinny,,,Ngày Rời Chuyến Bay Minh Huy & Pinny
2026-09-07,vn,Vietnam,top_videos_daily,,31,https://i.ytimg.com/vi/uUQG8sk7cLs/mqdefault.jpg,Kẻ Say Tình 2,Quốc Thiên,,,Kẻ Say Tình 2 Quốc Thiên
2026-09-07,vn,Vietnam,top_videos_daily,,32,https://i.ytimg.com/vi/6uVJqD2hSGQ/mqdefault.jpg,07. Em - Binz (feat. SOOBIN) | Gặp Lại Album,Binz,,,07. Em - Binz (feat. SOOBIN) | Gặp Lại Album Binz
2026-09-07,vn,Vietnam,top_videos_daily,,33,https://i.ytimg.com/vi/9VLQYN_ZhIM/mqdefault.jpg,Xin Đừng Rời Xa Anh (Remix Viral TikTok) - Lê Gia Bảo | Xin đừng rời xa anh đừng để lệ hoen mi anh,Lê Gia Bảo,,,Xin Đừng Rời Xa Anh (Remix Viral TikTok) - Lê Gia Bảo | Xin đừng rời xa anh đừng để lệ hoen mi anh Lê Gia Bảo
2026-09-07,vn,Vietnam,top_videos_daily,,34,https://i.ytimg.com/vi/xJ1uMrL9Rwo/mqdefault.jpg,Ngồi Nghe Em Khóc,DatG Music,,,Ngồi Nghe Em Khóc DatG Music
2026-09-07,vn,Vietnam,top_videos_daily,,35,https://i.ytimg.com/vi/sT3VIlMe2zo/mqdefault.jpg,SQUEEZY,OURBIRTHDAY,,,SQUEEZY OURBIRTHDAY
2026-09-07,vn,Vietnam,top_videos_daily,,36,https://i.ytimg.com/vi/XpY62G82-HI/mqdefault.jpg,Thương Lấy Phận Mình (Remix),Thái Học,,,Thương Lấy Phận Mình (Remix) Thái Học
2026-09-07,vn,Vietnam,top_videos_daily,,37,https://i.ytimg.com/vi/T7ksmtaVeOk/mqdefault.jpg,In Love,JustaTee / Low G,,,In Love JustaTee & Low G
2026-09-07,vn,Vietnam,top_videos_daily,,38,https://i.ytimg.com/vi/s466YCiHfKw/mqdefault.jpg,FALLEN ANGEL (Official Video),JENNIE,,,FALLEN ANGEL (Official Video) JENNIE
2026-09-07,vn,Vietnam,top_videos_daily,,39,https://i.ytimg.com/vi/hzUG1erf3Yw/mqdefault.jpg,Xin Đừng Rời Xa Anh (Beat),Lê Gia Bảo,,,Xin Đừng Rời Xa Anh (Beat) Lê Gia Bảo
2026-09-07,vn,Vietnam,top_videos_daily,,40,https://i.ytimg.com/vi/8-bKjcADU18/mqdefault.jpg,MƯA VỘI PHÓNG,Wren Evans / Ali Hoàng Dương / CODY Nam Võ / HYO / 2Pillz,,,"MƯA VỘI PHÓNG Wren Evans , Ali Hoàng Dương , CODY Nam Võ , HYO & 2Pillz"
2026-09-07,vn,Vietnam,top_videos_daily,,41,https://i.ytimg.com/vi/bZZn2B11b_c/mqdefault.jpg,Thanh Tân,VƯƠNG BÌNH / Thùy Chi,,,Thanh Tân VƯƠNG BÌNH & Thùy Chi
2026-09-07,vn,Vietnam,top_videos_daily,,42,https://i.ytimg.com/vi/fcnDmrtj6Sk/mqdefault.jpg,Dai Dai,Shakira / Burna Boy,,,Dai Dai Shakira & Burna Boy
2026-09-07,vn,Vietnam,top_videos_daily,,43,https://i.ytimg.com/vi/X-GCJwz4PnY/mqdefault.jpg,Buồn Thì Cứ Khóc Đi,Lynk Lee,,,Buồn Thì Cứ Khóc Đi Lynk Lee
2026-09-07,vn,Vietnam,top_videos_daily,,44,https://i.ytimg.com/vi/f4pdkPVkFi8/mqdefault.jpg,JACK - J97 | HƯỚNG DƯƠNG BẤT TỨC | Album TAM THÁI TỬ - Track No.10,Jack - J97,,,JACK - J97 | HƯỚNG DƯƠNG BẤT TỨC | Album TAM THÁI TỬ - Track No.10 Jack - J97
2026-09-07,vn,Vietnam,top_videos_daily,,45,https://i.ytimg.com/vi/s76BtB81Oms/mqdefault.jpg,ĐỚN ĐAU VÔ CÙNG,DatKaa,,,ĐỚN ĐAU VÔ CÙNG DatKaa
2026-09-07,vn,Vietnam,top_videos_daily,,46,https://i.ytimg.com/vi/om6Qessps1c/mqdefault.jpg,50 CUỘC GỌI NHỠ,COOLKID / Quang Hùng MasterD / CODYNAMVO / Jaysonlei,,,"50 CUỘC GỌI NHỠ COOLKID , Quang Hùng MasterD , CODYNAMVO & Jaysonlei"
2026-09-07,vn,Vietnam,top_videos_daily,,47,https://i.ytimg.com/vi/csgufUMzsGc/mqdefault.jpg,"KHẮP CHỐN THIÊN HÀ - ĐẠI NGHĨA, THUẬN NGUYỄN, ĐÔNG HÙNG, OSAD, HÀ AN HUY | ATVNCG 2026",YEAH1 MUSIC,,2026,"KHẮP CHỐN THIÊN HÀ - ĐẠI NGHĨA, THUẬN NGUYỄN, ĐÔNG HÙNG, OSAD, HÀ AN HUY | ATVNCG 2026 YEAH1 MUSIC"
2026-09-07,vn,Vietnam,top_videos_daily,,48,https://i.ytimg.com/vi/Bhg-Gw953b0/mqdefault.jpg,Jack | Hoa Hải Đường | Official Music Video,Jack - J97,,,Jack | Hoa Hải Đường | Official Music Video Jack - J97
2026-09-07,vn,Vietnam,top_videos_daily,,49,https://i.ytimg.com/vi/O5nlyrBH3FQ/mqdefault.jpg,CILU (Cuz I Luv U) - JGKiD (Da LAB) x MPaKK (Da LAB) (Official MV),Da LAB,,,CILU (Cuz I Luv U) - JGKiD (Da LAB) x MPaKK (Da LAB) (Official MV) Da LAB
2026-09-07,vn,Vietnam,top_videos_daily,,50,https://i.ytimg.com/vi/Mpx2czQtz1Y/mqdefault.jpg,Trăm Năm Chỉ Một Người – Một Đời Chỉ Yêu Một Người | Hoàng K Official,Hoàng K Official,,,Trăm Năm Chỉ Một Người – Một Đời Chỉ Yêu Một Người | Hoàng K Official Hoàng K Official
2026-09-07,vn,Vietnam,top_videos_daily,,51,https://i.ytimg.com/vi/j8U06veqxdU/mqdefault.jpg,Sóng Gió,ICM / Jack - J97,,,Sóng Gió ICM & Jack - J97
2026-09-07,vn,Vietnam,top_videos_daily,,52,https://i.ytimg.com/vi/k7YJHCR9JBE/mqdefault.jpg,50 Năm Về Sau,Đặng Thanh Tuyền,,,50 Năm Về Sau Đặng Thanh Tuyền
2026-09-07,vn,Vietnam,top_videos_daily,,53,https://i.ytimg.com/vi/ERffoKZzKnU/mqdefault.jpg,"Từ Khi Có Em - Song Ca - Cha Cha Cha – Rumba | Nhạc Trữ Tình Sôi Động, Ngọt Ngào | Chú Mười Ba",Chú Mười Ba,,,"Từ Khi Có Em - Song Ca - Cha Cha Cha – Rumba | Nhạc Trữ Tình Sôi Động, Ngọt Ngào | Chú Mười Ba Chú Mười Ba"
2026-09-07,vn,Vietnam,top_videos_daily,,54,https://i.ytimg.com/vi/kV3famkRaA4/mqdefault.jpg,Tâm Sự Tuổi 30,Trịnh Thăng Bình,,,Tâm Sự Tuổi 30 Trịnh Thăng Bình
2026-09-07,vn,Vietnam,top_videos_daily,,55,https://i.ytimg.com/vi/ByMb8XWE8zg/mqdefault.jpg,Ngân Hàng Nỗi Nhớ,DatG Music,,,Ngân Hàng Nỗi Nhớ DatG Music
2026-09-07,vn,Vietnam,top_videos_daily,,56,https://i.ytimg.com/vi/NJuNJ8Xs_00/mqdefault.jpg,Nhà Tôi Có Treo Một Lá Cờ,DTAP,,,Nhà Tôi Có Treo Một Lá Cờ DTAP
2026-09-07,vn,Vietnam,top_videos_daily,,57,https://i.ytimg.com/vi/SA35ldy92s0/mqdefault.jpg,Chiều Hôm Ấy,JayKii,,,Chiều Hôm Ấy JayKii
2026-09-07,vn,Vietnam,top_videos_daily,,58,https://i.ytimg.com/vi/XwshmJV-DHg/mqdefault.jpg,"Quang Hùng MasterD - 'SECRET' (ft. Cody Nam Võ, Wren Evans, CONGB) / TINH HÀ SAY HI",Quang Hùng MasterD,,,"Quang Hùng MasterD - 'SECRET' (ft. Cody Nam Võ, Wren Evans, CONGB) / TINH HÀ SAY HI Quang Hùng MasterD"
2026-09-07,vn,Vietnam,top_videos_daily,,59,https://i.ytimg.com/vi/i724lraI93s/mqdefault.jpg,Bốn Chữ Lắm,Trúc Nhân,,,Bốn Chữ Lắm Trúc Nhân
2026-09-07,vn,Vietnam,top_videos_daily,,60,https://i.ytimg.com/vi/fdFRy9zBdMo/mqdefault.jpg,Kẻ Say Tình 2 (Live),Quoc Thien,,,Kẻ Say Tình 2 (Live) Quoc Thien
2026-09-07,vn,Vietnam,top_videos_daily,,61,https://i.ytimg.com/vi/3DcoC8p9az8/mqdefault.jpg,Training Season (Live),Dua Lipa,,,Training Season (Live) Dua Lipa
2026-09-07,vn,Vietnam,top_videos_daily,,62,https://i.ytimg.com/vi/X2krTwm5piE/mqdefault.jpg,SQUEEZY,OURBIRTHDAY,,,SQUEEZY OURBIRTHDAY
2026-09-07,vn,Vietnam,top_videos_daily,,63,https://i.ytimg.com/vi/h0FBMWgPCsg/mqdefault.jpg,CHÚ CHÓ SAO ĐỎ - ĐÀO NGUYỄN ÁNH | COMEDY MUSIC VIDEO,Dao Nguyen Anh,,,CHÚ CHÓ SAO ĐỎ - ĐÀO NGUYỄN ÁNH | COMEDY MUSIC VIDEO Dao Nguyen Anh
2026-09-07,vn,Vietnam,top_videos_daily,,64,https://i.ytimg.com/vi/ss3NJ7uopjc/mqdefault.jpg,Liệu Giờ,2T,"4月 14, 2019",84798,"64 8 Liệu Giờ 2T 4月 14, 2019 72 16 84,798"
2026-09-07,vn,Vietnam,top_videos_daily,,65,https://i.ytimg.com/vi/yszxOH4e5eA/mqdefault.jpg,Mối Duyên Vàng,Võ Thu Hà / Tuấn Cry,,,Mối Duyên Vàng Võ Thu Hà & Tuấn Cry
2026-09-07,vn,Vietnam,top_videos_daily,,66,https://i.ytimg.com/vi/0OW-i7zdIBo/mqdefault.jpg,Tình Xưa Nghĩa Cũ (Remake Version) - NDMT | Nhạc Hoa Lời Việt,NDMT,,,Tình Xưa Nghĩa Cũ (Remake Version) - NDMT | Nhạc Hoa Lời Việt NDMT
2026-09-07,vn,Vietnam,top_videos_daily,,67,https://i.ytimg.com/vi/_OeDb2xHitE/mqdefault.jpg,"BUỒN THÌ CỨ KHÓC ĐI - WILL, IT'S CHARLES., K.O | Anh Trai Vượt Ngàn Chông Gai 2026",YEAH1 MUSIC,,2026,"BUỒN THÌ CỨ KHÓC ĐI - WILL, IT'S CHARLES., K.O | Anh Trai Vượt Ngàn Chông Gai 2026 YEAH1 MUSIC"
2026-09-07,vn,Vietnam,top_videos_daily,,68,https://i.ytimg.com/vi/30g86GTdRpM/mqdefault.jpg,"XUÂN THÌ - TÙNG MINT, HOÀNG TÔN, ĐÔNG HÙNG | Anh Trai Vượt Ngàn Chông Gai 2026",YEAH1 MUSIC,,2026,"XUÂN THÌ - TÙNG MINT, HOÀNG TÔN, ĐÔNG HÙNG | Anh Trai Vượt Ngàn Chông Gai 2026 YEAH1 MUSIC"
2026-09-07,vn,Vietnam,top_videos_daily,,69,https://i.ytimg.com/vi/pOmJ65UnPEY/mqdefault.jpg,PLAVE 'Flame (feat. milet)' M/V,PLAVE,,,PLAVE 'Flame (feat. milet)' M/V PLAVE
2026-09-07,vn,Vietnam,top_videos_daily,,70,https://i.ytimg.com/vi/qQtoYQ9TQto/mqdefault.jpg,Đến Khi Nào,克越,"9月 10, 2014",77022,"70 7 Đến Khi Nào 克越 9月 10, 2014 63 9 77,022"
2026-09-07,vn,Vietnam,top_videos_daily,,71,https://i.ytimg.com/vi/ZQsXySoECfo/mqdefault.jpg,IM ĐỢI NGƯỜI ANH THƯƠNG,Wren Evans / CAPTAIN BOY / IVAN / Thể Thiên,,,"IM ĐỢI NGƯỜI ANH THƯƠNG Wren Evans , CAPTAIN BOY , IVAN & Thể Thiên"
2026-09-07,vn,Vietnam,top_videos_daily,,72,https://i.ytimg.com/vi/kj7FXhECpSw/mqdefault.jpg,NGƯỢC LỐI YÊU (LIVE STAGE) - VICKY NHUNG x CHU THÚY QUỲNH | LIVE AT PHÒNG TRÀ BẾN THÀNH,Vicky Nhung,,,NGƯỢC LỐI YÊU (LIVE STAGE) - VICKY NHUNG x CHU THÚY QUỲNH | LIVE AT PHÒNG TRÀ BẾN THÀNH Vicky Nhung
2026-09-07,vn,Vietnam,top_videos_daily,,73,https://i.ytimg.com/vi/Jf6CvipSC0M/mqdefault.jpg,MƯA RƠI BÊN THỀM - Bản Nhạc Buồn Tâm Trạng - Nhạc AI 420,Nhạc AI 420,,420,MƯA RƠI BÊN THỀM - Bản Nhạc Buồn Tâm Trạng - Nhạc AI 420 Nhạc AI 420
2026-09-07,vn,Vietnam,top_videos_daily,,74,https://i.ytimg.com/vi/x_QbJMJ8dbQ/mqdefault.jpg,Đêm Nghe Hát Đò Đưa Nhớ Bác (Live),Bùi Lê Mận,,,Đêm Nghe Hát Đò Đưa Nhớ Bác (Live) Bùi Lê Mận
2026-09-07,vn,Vietnam,top_videos_daily,,75,https://i.ytimg.com/vi/Qbg8Gc_q9N0/mqdefault.jpg,Biết Em Có Còn Thương,Anh Ba Trứng,,,Biết Em Có Còn Thương Anh Ba Trứng
2026-09-07,vn,Vietnam,top_videos_daily,,76,https://i.ytimg.com/vi/HhwjCZUS2Zw/mqdefault.jpg,ĐẾN KHI NÀO (Chill Out Version) - YANBI COVER x KHẮC VIỆT | Đến Khi Nào Mặt Trời Ngừng Chiếu...,Khoảng Trời Âm Nhạc,,,ĐẾN KHI NÀO (Chill Out Version) - YANBI COVER x KHẮC VIỆT | Đến Khi Nào Mặt Trời Ngừng Chiếu... Khoảng Trời Âm Nhạc
2026-09-07,vn,Vietnam,top_videos_daily,,77,https://i.ytimg.com/vi/bL5IuLDBuDQ/mqdefault.jpg,JACK - J97 | TAM THÁI TỬ | Album TAM THÁI TỬ - Track No.11,Jack - J97,,,JACK - J97 | TAM THÁI TỬ | Album TAM THÁI TỬ - Track No.11 Jack - J97
2026-09-07,vn,Vietnam,top_videos_daily,,78,https://i.ytimg.com/vi/5qqUYmJZc6Q/mqdefault.jpg,Thương Thầm Cô Lái Đò (Remix),Tiến võ,,,Thương Thầm Cô Lái Đò (Remix) Tiến võ
2026-09-07,vn,Vietnam,top_videos_daily,,79,https://i.ytimg.com/vi/pMUgdBS6tCA/mqdefault.jpg,Ở Hai Đầu Nỗi Nhớ,Minh Vuong M4U / Le Thuy,,,Ở Hai Đầu Nỗi Nhớ Minh Vuong M4U & Le Thuy
2026-09-07,vn,Vietnam,top_videos_daily,,80,https://www.youtube.com/s/charts/images/top_videos.png,1 目前無資料,,"1月 1, 1970",65928,"80 1 目前無資料 1月 1, 1970 79 2 65,928"
2026-09-07,vn,Vietnam,top_videos_daily,,81,https://i.ytimg.com/vi/eN2Fp5nxguY/mqdefault.jpg,Để cho anh cưa,Phúc Du,,,Để cho anh cưa Phúc Du
2026-09-07,vn,Vietnam,top_videos_daily,,82,https://i.ytimg.com/vi/4npRiky2Ukg/mqdefault.jpg,PHƯƠNG MỸ CHI x DTAP | THỬ LÒNG QUÂN TỬ (ft. RHYDER) | OFFICIAL VISUALIZER,Phương Mỹ Chi,,,PHƯƠNG MỸ CHI x DTAP | THỬ LÒNG QUÂN TỬ (ft. RHYDER) | OFFICIAL VISUALIZER Phương Mỹ Chi
2026-09-07,vn,Vietnam,top_videos_daily,,83,https://i.ytimg.com/vi/mpduH7v8Zhg/mqdefault.jpg,"NHỎ XÍU NHỎ XIU - THƠM (Da LAB), JUN PHẠM, HUỲNH LẬP, IT'S CHARLES., HỒ ĐÔNG QUAN | ATVNCG 2026",YEAH1 MUSIC,,2026,"NHỎ XÍU NHỎ XIU - THƠM (Da LAB), JUN PHẠM, HUỲNH LẬP, IT'S CHARLES., HỒ ĐÔNG QUAN | ATVNCG 2026 YEAH1 MUSIC"
2026-09-07,vn,Vietnam,top_videos_daily,,84,https://i.ytimg.com/vi/25o0PtxwNR4/mqdefault.jpg,Kỷ Niệm Nào Buồn | Ca Khúc Nhạc Trữ Tình Bolero Dạt Dào Cảm Xúc Thấu Tim Người Nghe | Thanh Hiền,Thanh Thanh Hiền,,,Kỷ Niệm Nào Buồn | Ca Khúc Nhạc Trữ Tình Bolero Dạt Dào Cảm Xúc Thấu Tim Người Nghe | Thanh Hiền Thanh Thanh Hiền
2026-09-07,vn,Vietnam,top_videos_daily,,85,https://i.ytimg.com/vi/uuTT21tabiw/mqdefault.jpg,MỘNG DUYÊN,Quang Hùng MasterD / JSOL / Sơn.K / Song Luân / Emil Vergo,,,"MỘNG DUYÊN Quang Hùng MasterD , JSOL , Sơn.K , Song Luân & Emil Vergo"
2026-09-07,vn,Vietnam,top_videos_daily,,86,https://i.ytimg.com/vi/EhW8a82kHlQ/mqdefault.jpg,Hmmm,Thịnh Suy,"9月 4, 2026",62300,"86 New Hmmm Thịnh Suy 9月 4, 2026 - 1 62,300"
2026-09-07,vn,Vietnam,top_videos_daily,,87,https://i.ytimg.com/vi/8F2s8ivKXNY/mqdefault.jpg,Life Goes On,Oliver Tree,,,Life Goes On Oliver Tree
2026-09-07,vn,Vietnam,top_videos_daily,,88,https://i.ytimg.com/vi/9bdCgrrBUWE/mqdefault.jpg,Thiệp Hồng Chung Tên,Út Nhị Mino,,,Thiệp Hồng Chung Tên Út Nhị Mino
2026-09-07,vn,Vietnam,top_videos_daily,,89,https://i.ytimg.com/vi/CD_BFGQkIgY/mqdefault.jpg,SỰ ƯU TIÊN CỦA EM,Kiều Chi,,,SỰ ƯU TIÊN CỦA EM Kiều Chi
2026-09-07,vn,Vietnam,top_videos_daily,,90,https://i.ytimg.com/vi/XLbOWqjmj4Q/mqdefault.jpg,Động Thăng Thiên,Vanh Leg,,,Động Thăng Thiên Vanh Leg
2026-09-07,vn,Vietnam,top_videos_daily,,91,https://i.ytimg.com/vi/redFrGBZoJY/mqdefault.jpg,Sinh Ra Đã Là Thứ Đối Lập Nhau,Da LAB,,,Sinh Ra Đã Là Thứ Đối Lập Nhau Da LAB
2026-09-07,vn,Vietnam,top_videos_daily,,92,https://i.ytimg.com/vi/ekr2nIex040/mqdefault.jpg,APT.,ROSÉ / Bruno Mars,,,APT. ROSÉ & Bruno Mars
2026-09-07,vn,Vietnam,top_videos_daily,,93,https://i.ytimg.com/vi/rDpJfmBI9xQ/mqdefault.jpg,W/n - a b c d x y z n m a s a d (song 24) | 3107,W/N,,3107,W/n - a b c d x y z n m a s a d (song 24) | 3107 W/N
2026-09-07,vn,Vietnam,top_videos_daily,,94,https://i.ytimg.com/vi/kXUjz4xQKRo/mqdefault.jpg,PHƯƠNG MỸ CHI x DTAP | CHỌN MẶT GỬI VÀNG (ft. DOUBLE2T) | OFFICIAL VISUALIZER,Phương Mỹ Chi,,,PHƯƠNG MỸ CHI x DTAP | CHỌN MẶT GỬI VÀNG (ft. DOUBLE2T) | OFFICIAL VISUALIZER Phương Mỹ Chi
2026-09-07,vn,Vietnam,top_videos_daily,,95,https://i.ytimg.com/vi/FxphZp-LydQ/mqdefault.jpg,Chuyến Tàu Hoàng Hôn - Lâm Nguyệt Ánh | Giọng hát thổn thức triệu trái tim,Lâm Nguyệt Ánh,,,Chuyến Tàu Hoàng Hôn - Lâm Nguyệt Ánh | Giọng hát thổn thức triệu trái tim Lâm Nguyệt Ánh
2026-09-07,vn,Vietnam,top_videos_daily,,96,https://i.ytimg.com/vi/bnj1xUDkpBk/mqdefault.jpg,Giấc Mộng Ca Sĩ,Vanh Leg,,,Giấc Mộng Ca Sĩ Vanh Leg
2026-09-07,vn,Vietnam,top_videos_daily,,97,https://i.ytimg.com/vi/ApXoWvfEYVU/mqdefault.jpg,Sunflower,Post Malone / Swae Lee,,,Sunflower Post Malone & Swae Lee
2026-09-07,vn,Vietnam,top_videos_daily,,98,https://i.ytimg.com/vi/-d3q5qYU7uY/mqdefault.jpg,CÔ ĐƠN ANH CŨNG VUI,Thể Thiên / WEAN / KIMLONG / Xuân Định K.Y / DILLAN,,,"CÔ ĐƠN ANH CŨNG VUI Thể Thiên , WEAN , KIMLONG , Xuân Định K.Y & DILLAN"
2026-09-07,vn,Vietnam,top_videos_daily,,99,https://i.ytimg.com/vi/uSCkU_iP6yo/mqdefault.jpg,NHẪN CỎ CHO EM - GIỌNG CA KHIẾN TRIỆU KHÁN GIẢ LƯU LUYẾN ► Trúc Linh BOLERO (Official MV 4K),Trúc Linh,,,NHẪN CỎ CHO EM - GIỌNG CA KHIẾN TRIỆU KHÁN GIẢ LƯU LUYẾN ► Trúc Linh BOLERO (Official MV 4K) Trúc Linh
2026-09-07,vn,Vietnam,top_videos_daily,,100,https://i.ytimg.com/vi/54NzSOCB_wM/mqdefault.jpg,TÍNH PHÍ CUỘC TÌNH - MD ACOUSTIC x THIÊN TÚ |Anh Muốn Vá Cả Bầu Trời Nhưng Chẳng Thể Vá Được Tình Em,MD ACOUSTIC,,,TÍNH PHÍ CUỘC TÌNH - MD ACOUSTIC x THIÊN TÚ |Anh Muốn Vá Cả Bầu Trời Nhưng Chẳng Thể Vá Được Tình Em MD ACOUSTIC
2026-09-07,th,Thailand,top_videos_daily,,1,https://i.ytimg.com/vi/FyS5dAywkEo/mqdefault.jpg,SaWaDiKa (Official Music Video),LISA,,,SaWaDiKa (Official Music Video) LISA
2026-09-07,th,Thailand,top_videos_daily,,2,https://i.ytimg.com/vi/23cipSExADA/mqdefault.jpg,เพราะพี่รักจริง,หนึ่ง บีเคแบนด์,,,เพราะพี่รักจริง หนึ่ง บีเคแบนด์
2026-09-07,th,Thailand,top_videos_daily,,3,https://i.ytimg.com/vi/RrWFlqoWIHY/mqdefault.jpg,ไม่รักดีกว่า,Z9,"8月 19, 2026",907696,"3 ● ไม่รักดีกว่า Z9 8月 19, 2026 3 18 907,696"
2026-09-07,th,Thailand,top_videos_daily,,4,https://i.ytimg.com/vi/XMIQl182If4/mqdefault.jpg,มีตังค์หมุน,YONIA,,,มีตังค์หมุน YONIA
2026-09-07,th,Thailand,top_videos_daily,,5,https://i.ytimg.com/vi/C40oligg6xE/mqdefault.jpg,นาฬิกาทราย (sign),BOWKYLION,,,นาฬิกาทราย (sign) BOWKYLION
2026-09-07,th,Thailand,top_videos_daily,,6,https://i.ytimg.com/vi/zMciAtU4miE/mqdefault.jpg,บ่มีสิทธิ์ - ธีร์ ทีเร็กซ์ x หยุด สาละวัน : เซิ้ง|Music 【Official MV】,SERNG MUSiC OFFICIAL,,,บ่มีสิทธิ์ - ธีร์ ทีเร็กซ์ x หยุด สาละวัน : เซิ้ง|Music 【Official MV】 SERNG MUSiC OFFICIAL
2026-09-07,th,Thailand,top_videos_daily,,7,https://i.ytimg.com/vi/E-xqEPPyciw/mqdefault.jpg,ทิ้งกันไม่ได้หรอก,JSPKK / แจ๊ส สปุ๊กนิค ปาปิยอง กุ๊กกุ๊ก,,,ทิ้งกันไม่ได้หรอก JSPKK & แจ๊ส สปุ๊กนิค ปาปิยอง กุ๊กกุ๊ก
2026-09-07,th,Thailand,top_videos_daily,,8,https://i.ytimg.com/vi/HTjkVCSsKv8/mqdefault.jpg,เมื่อไหร่จะมี (มีใจให้กัน),BLVCKHEART,,,เมื่อไหร่จะมี (มีใจให้กัน) BLVCKHEART
2026-09-07,th,Thailand,top_videos_daily,,9,https://i.ytimg.com/vi/5ySwsjh7SLQ/mqdefault.jpg,Keun Jai (3am call),Mirrr,,,Keun Jai (3am call) Mirrr
2026-09-07,th,Thailand,top_videos_daily,,10,https://i.ytimg.com/vi/L051YSpEEYU/mqdefault.jpg,ที่คั่นหนังสือ (Sometimes),BOWKYLION,,,ที่คั่นหนังสือ (Sometimes) BOWKYLION
2026-09-07,th,Thailand,top_videos_daily,,11,https://i.ytimg.com/vi/vmqE5G5YsW4/mqdefault.jpg,Keun Jai (3am call),Mirrr,,,Keun Jai (3am call) Mirrr
2026-09-07,th,Thailand,top_videos_daily,,12,https://i.ytimg.com/vi/UZKZclgeRTg/mqdefault.jpg,พอได้เสียว - ดิด คิตตี้ | Official MV,ดิด คิตตี้,,,พอได้เสียว - ดิด คิตตี้ | Official MV ดิด คิตตี้
2026-09-07,th,Thailand,top_videos_daily,,13,https://i.ytimg.com/vi/TiJn3_IY9Kk/mqdefault.jpg,นาฬิกาทราย (sign) (SPECIAL VERSION),BOWKYLION,,,นาฬิกาทราย (sign) (SPECIAL VERSION) BOWKYLION
2026-09-07,th,Thailand,top_videos_daily,,14,https://i.ytimg.com/vi/70oRsDKJWiY/mqdefault.jpg,ฟ้าสีครามกับความเป็นจริง,BOVINI,,,ฟ้าสีครามกับความเป็นจริง BOVINI
2026-09-07,th,Thailand,top_videos_daily,,15,https://i.ytimg.com/vi/D8T1EpbICsc/mqdefault.jpg,จิ้งจก ตุ๊กแก อึ่งอ่าง,เพ้นท์ คอนเน่,,,จิ้งจก ตุ๊กแก อึ่งอ่าง เพ้นท์ คอนเน่
2026-09-07,th,Thailand,top_videos_daily,,16,https://i.ytimg.com/vi/vxHVQtJj2uQ/mqdefault.jpg,สาธุ,ASIA7,"11月 25, 2025",339641,"16 ● สาธุ ASIA7 11月 25, 2025 16 133 339,641"
2026-09-07,th,Thailand,top_videos_daily,,17,https://i.ytimg.com/vi/wcvuL6-lGhI/mqdefault.jpg,PORZAX - เธอทีละสองฉันทีละคน,PORZAX,,,PORZAX - เธอทีละสองฉันทีละคน PORZAX
2026-09-07,th,Thailand,top_videos_daily,,18,https://i.ytimg.com/vi/34wnf8276O4/mqdefault.jpg,ภวังค์จิต,ปราง ปรางทิพย์,,,ภวังค์จิต ปราง ปรางทิพย์
2026-09-07,th,Thailand,top_videos_daily,,19,https://i.ytimg.com/vi/HSJzqueYOxw/mqdefault.jpg,4EVE - เหงา...เข้าใจ | THE TEST OF TIME 2000 [ Official Video Song,XOXO ENTERTAINMENT,,2000,4EVE - เหงา...เข้าใจ | THE TEST OF TIME 2000 [ Official Video Song ] XOXO ENTERTAINMENT
2026-09-07,th,Thailand,top_videos_daily,,20,https://i.ytimg.com/vi/hBK29bbOLS4/mqdefault.jpg,แก้บน,ก้านตอง ทุ่งเงิน,,,แก้บน ก้านตอง ทุ่งเงิน
2026-09-07,th,Thailand,top_videos_daily,,21,https://i.ytimg.com/vi/j7GbNWS7XUQ/mqdefault.jpg,Rain Zone,Maiyarap,,,Rain Zone Maiyarap
2026-09-07,th,Thailand,top_videos_daily,,22,https://i.ytimg.com/vi/JbpfEQXuXc4/mqdefault.jpg,เต้ยสั่งลา,ธีร์ ทีเร็กซ์ OFFICIAL,,,เต้ยสั่งลา ธีร์ ทีเร็กซ์ OFFICIAL
2026-09-07,th,Thailand,top_videos_daily,,23,https://i.ytimg.com/vi/JeHnrF61J80/mqdefault.jpg,ถอนคำสาบาน,อะตอม ตาปีมิวสิคกรุ๊ป,,,ถอนคำสาบาน อะตอม ตาปีมิวสิคกรุ๊ป
2026-09-07,th,Thailand,top_videos_daily,,24,https://i.ytimg.com/vi/KwIW4E7b59I/mqdefault.jpg,กลางมหาสมุทร - เล็ก รัชเมศฐ์「Official MV」,Lek Ratchamet,,,กลางมหาสมุทร - เล็ก รัชเมศฐ์「Official MV」 Lek Ratchamet
2026-09-07,th,Thailand,top_videos_daily,,25,https://i.ytimg.com/vi/_X4p4oPlGLU/mqdefault.jpg,ขี้แง (Boys Don't Cry),PROXIE,,,ขี้แง (Boys Don't Cry) PROXIE
2026-09-07,th,Thailand,top_videos_daily,,26,https://i.ytimg.com/vi/0iXj7Zkb3Ik/mqdefault.jpg,แคนฮ้างนางฟ้า,กู่แคน,,,แคนฮ้างนางฟ้า กู่แคน
2026-09-07,th,Thailand,top_videos_daily,,27,https://i.ytimg.com/vi/hbcGx4MGUMg/mqdefault.jpg,Rockstar,LISA,"6月 27, 2024",242903,"27 16 Rockstar LISA 6月 27, 2024 11 2 242,903"
2026-09-07,th,Thailand,top_videos_daily,,28,https://i.ytimg.com/vi/_4Pns0KNxzk/mqdefault.jpg,หม้อหุงข้าว,JOEY PHUWASIT,,,หม้อหุงข้าว JOEY PHUWASIT
2026-09-07,th,Thailand,top_videos_daily,,29,https://i.ytimg.com/vi/Q5SEFSLTYMc/mqdefault.jpg,จำบ่เป็น,ธีร์ ทีเร็กซ์ OFFICIAL,,,จำบ่เป็น ธีร์ ทีเร็กซ์ OFFICIAL
2026-09-07,th,Thailand,top_videos_daily,,30,https://i.ytimg.com/vi/Ndh4rP1F6g8/mqdefault.jpg,ความคิดถึงที่เต็มไปด้วยน้ำตา,โชเล่ย์ ชคัทพล,,,ความคิดถึงที่เต็มไปด้วยน้ำตา โชเล่ย์ ชคัทพล
2026-09-07,th,Thailand,top_videos_daily,,31,https://i.ytimg.com/vi/n8TTxoiigzo/mqdefault.jpg,ฟ้าสีครามกับความเป็นจริง - BOVINI x P-HOT「Another Version」,Genierock,,,ฟ้าสีครามกับความเป็นจริง - BOVINI x P-HOT「Another Version」 Genierock
2026-09-07,th,Thailand,top_videos_daily,,32,https://i.ytimg.com/vi/6Azf6nHLSAk/mqdefault.jpg,ฝันพ้อ - ไหมไทย หัวใจศิลป์【NEW VERSION】,埋代•話摘星,,,ฝันพ้อ - ไหมไทย หัวใจศิลป์【NEW VERSION】 埋代•話摘星
2026-09-07,th,Thailand,top_videos_daily,,33,https://i.ytimg.com/vi/K17s_M2JWvk/mqdefault.jpg,MAIYARAP feat. SEXSKI - วนวาย ;( | Official MV,MAIYARAP,,,MAIYARAP feat. SEXSKI - วนวาย ;( | Official MV MAIYARAP
2026-09-07,th,Thailand,top_videos_daily,,34,https://i.ytimg.com/vi/yTxEWswuPPg/mqdefault.jpg,ไม่มีใครรู้ตัวเรา,UNHEARD MUSIC,,,ไม่มีใครรู้ตัวเรา UNHEARD MUSIC
2026-09-07,th,Thailand,top_videos_daily,,35,https://i.ytimg.com/vi/1OMZrYHIim8/mqdefault.jpg,รักให้เธอได้รู้ (Proof.),PUN,,,รักให้เธอได้รู้ (Proof.) PUN
2026-09-07,th,Thailand,top_videos_daily,,36,https://i.ytimg.com/vi/-YByeE5aVc0/mqdefault.jpg,ได้แค่เดินมาส่ง (The Last Walk),GAVIN:D,,,ได้แค่เดินมาส่ง (The Last Walk) GAVIN:D
2026-09-07,th,Thailand,top_videos_daily,,37,https://i.ytimg.com/vi/I_xP8FhO2Zo/mqdefault.jpg,คิดถึงเรื้อรัง,manutsawee,,,คิดถึงเรื้อรัง manutsawee
2026-09-07,th,Thailand,top_videos_daily,,38,https://i.ytimg.com/vi/7ob-uFHQkuU/mqdefault.jpg,ก่อนโลกทั้งใบมันพัง,Mr'พระจันทร์,,,ก่อนโลกทั้งใบมันพัง Mr'พระจันทร์
2026-09-07,th,Thailand,top_videos_daily,,39,https://i.ytimg.com/vi/_x-Q6OBCh9o/mqdefault.jpg,คะนึงนิตย์ - ปราง ปรางทิพย์ [Official MV],ปราง ปรางทิพย์,,,คะนึงนิตย์ - ปราง ปรางทิพย์ [Official MV] ปราง ปรางทิพย์
2026-09-07,th,Thailand,top_videos_daily,,40,https://i.ytimg.com/vi/G2JFOEFmnnI/mqdefault.jpg,คืนจันทร์,Loso,"11月 6, 2014",200692,"40 6 คืนจันทร์ Loso 11月 6, 2014 46 114 200,692"
2026-09-07,th,Thailand,top_videos_daily,,41,https://i.ytimg.com/vi/Gy-MZjiFv2M/mqdefault.jpg,ดอกกระเจียวบาน,Kong Huayrai,,,ดอกกระเจียวบาน Kong Huayrai
2026-09-07,th,Thailand,top_videos_daily,,42,https://i.ytimg.com/vi/99jJP3DgdBQ/mqdefault.jpg,ขอแค่นี้ (Forever n ever),PUN,,,ขอแค่นี้ (Forever n ever) PUN
2026-09-07,th,Thailand,top_videos_daily,,43,https://i.ytimg.com/vi/AyfZesBO4Vk/mqdefault.jpg,ไม่มีวันไหนที่ไม่คิดถึง (starlost.),PURPEECH,,,ไม่มีวันไหนที่ไม่คิดถึง (starlost.) PURPEECH
2026-09-07,th,Thailand,top_videos_daily,,44,https://i.ytimg.com/vi/O90WsctfY4Y/mqdefault.jpg,Sunset in Pattaya,YOUNGOHM,,,Sunset in Pattaya YOUNGOHM
2026-09-07,th,Thailand,top_videos_daily,,45,https://i.ytimg.com/vi/H2AbuWvYDXk/mqdefault.jpg,สิลืมเขาแล้วล่ะ,Nek Narurpol,,,สิลืมเขาแล้วล่ะ Nek Narurpol
2026-09-07,th,Thailand,top_videos_daily,,46,https://i.ytimg.com/vi/HZQyJHpo-ag/mqdefault.jpg,Lhob Mai Dai Chuay Hai Luem,普提蓬·阿薩拉塔納功 / Ink Waruntorn,,,Lhob Mai Dai Chuay Hai Luem 普提蓬·阿薩拉塔納功 & Ink Waruntorn
2026-09-07,th,Thailand,top_videos_daily,,47,https://i.ytimg.com/vi/WE3in6xs1iw/mqdefault.jpg,อ่วยคืน,ธีร์ ทีเร็กซ์ OFFICIAL,,,อ่วยคืน ธีร์ ทีเร็กซ์ OFFICIAL
2026-09-07,th,Thailand,top_videos_daily,,48,https://i.ytimg.com/vi/2uo4JYyty64/mqdefault.jpg,ALLY x JOEY PHUWASIT - Die With A Smile [LIVE SESSION],411ent,,411,ALLY x JOEY PHUWASIT - Die With A Smile [LIVE SESSION] 411ent
2026-09-07,th,Thailand,top_videos_daily,,49,https://i.ytimg.com/vi/FbrH6dDPERI/mqdefault.jpg,ดาวตก,WANYAi,"10月 1, 2025",170969,"49 49 ดาวตก WANYAi 10月 1, 2025 - 123 170,969"
2026-09-07,th,Thailand,top_videos_daily,,50,https://i.ytimg.com/vi/HKBifVrELZI/mqdefault.jpg,ไม่คิดนอกใจ,Loso,,,ไม่คิดนอกใจ Loso
2026-09-07,th,Thailand,top_videos_daily,,51,https://i.ytimg.com/vi/s466YCiHfKw/mqdefault.jpg,FALLEN ANGEL (Official Video),JENNIE,,,FALLEN ANGEL (Official Video) JENNIE
2026-09-07,th,Thailand,top_videos_daily,,52,https://i.ytimg.com/vi/WMP2N4U-VtM/mqdefault.jpg,ติดลมบน - ทิดแอม 提德·安 (Tí dé · Ān) บังเอิญ | Music【OFFICIAL MV】#ทิดแอม #บังเอิญมิวสิค,บังเอิญ มิวสิค,,,ติดลมบน - ทิดแอม 提德·安 (Tí dé · Ān) บังเอิญ | Music【OFFICIAL MV】#ทิดแอม #บังเอิญมิวสิค บังเอิญ มิวสิค
2026-09-07,th,Thailand,top_videos_daily,,53,https://i.ytimg.com/vi/QaPxz1I2nto/mqdefault.jpg,หลุมอากาศ,Palmy,"6月 17, 2026",153403,"53 ● หลุมอากาศ Palmy 6月 17, 2026 53 81 153,403"
2026-09-07,th,Thailand,top_videos_daily,,54,https://i.ytimg.com/vi/UK66Ng4CgKc/mqdefault.jpg,มิติที่ศูนย์ - จิ๋ว สกุณชัย Ft.เล็ก รัชเมศฐ์ [Official MV],จิ๋ว สกุณชัย,,,มิติที่ศูนย์ - จิ๋ว สกุณชัย Ft.เล็ก รัชเมศฐ์ [Official MV] จิ๋ว สกุณชัย
2026-09-07,th,Thailand,top_videos_daily,,55,https://i.ytimg.com/vi/j8PxMdoAbug/mqdefault.jpg,Nene Royal Never-Before-Seen AGT Footage from Judges' Callbacks (Full Performance),Sunny and The Black Pack,,,Nene Royal Never-Before-Seen AGT Footage from Judges' Callbacks (Full Performance) Sunny and The Black Pack
2026-09-07,th,Thailand,top_videos_daily,,56,https://i.ytimg.com/vi/j1qw79H4eHU/mqdefault.jpg,สายไป,9tokyo,"5月 24, 2025",142593,"56 ● สายไป 9tokyo 5月 24, 2025 56 50 142,593"
2026-09-07,th,Thailand,top_videos_daily,,57,https://i.ytimg.com/vi/ETL8RLZrvek/mqdefault.jpg,P6ICK X SURIYA MQT - 1 OF 1 Remix [Official Music Video],P6ICK / SURIYA MQT,,,P6ICK X SURIYA MQT - 1 OF 1 Remix [Official Music Video] P6ICK & SURIYA MQT
2026-09-07,th,Thailand,top_videos_daily,,58,https://i.ytimg.com/vi/39OfQCr09u8/mqdefault.jpg,ให้บุญนำพา,埋代•話摘星,,,ให้บุญนำพา 埋代•話摘星
2026-09-07,th,Thailand,top_videos_daily,,59,https://i.ytimg.com/vi/98LzldwNu4I/mqdefault.jpg,สิทธิ์ของเจ้า,埋代•話摘星,,,สิทธิ์ของเจ้า 埋代•話摘星
2026-09-07,th,Thailand,top_videos_daily,,60,https://i.ytimg.com/vi/w6M2ZwjFgAg/mqdefault.jpg,ปริญญาไก่ตี,เม้ก อภิสิทธิ์,,,ปริญญาไก่ตี เม้ก อภิสิทธิ์
2026-09-07,th,Thailand,top_videos_daily,,61,https://i.ytimg.com/vi/QFpsBK0F0js/mqdefault.jpg,สมดุลรัก (Balance),SEA.,,,สมดุลรัก (Balance) SEA.
2026-09-07,th,Thailand,top_videos_daily,,62,https://i.ytimg.com/vi/LUE3AxSEff8/mqdefault.jpg,บ้านเธอบ้านฉัน - เบิ้ล ยุทธพล [Official MV],คิม คฑายุทธ,,,บ้านเธอบ้านฉัน - เบิ้ล ยุทธพล [Official MV] คิม คฑายุทธ
2026-09-07,th,Thailand,top_videos_daily,,63,https://i.ytimg.com/vi/Ng_4m5A-3XQ/mqdefault.jpg,เมื่อถูกค้นพบ (Finally She Found.),FREEHAND,,,เมื่อถูกค้นพบ (Finally She Found.) FREEHAND
2026-09-07,th,Thailand,top_videos_daily,,64,https://i.ytimg.com/vi/YSnzYqtlDYQ/mqdefault.jpg,เขาดีหลายอ้ายยอมเลว,เคย์ ต้นน้ำชี,,,เขาดีหลายอ้ายยอมเลว เคย์ ต้นน้ำชี
2026-09-07,th,Thailand,top_videos_daily,,65,https://i.ytimg.com/vi/Q9MsKajCU3M/mqdefault.jpg,อมพระมาพูด,賽桑・蘇品麥,,,อมพระมาพูด 賽桑・蘇品麥
2026-09-07,th,Thailand,top_videos_daily,,66,https://i.ytimg.com/vi/3DcoC8p9az8/mqdefault.jpg,Training Season (Live),Dua Lipa,,,Training Season (Live) Dua Lipa
2026-09-07,th,Thailand,top_videos_daily,,67,https://i.ytimg.com/vi/ulsXRXwk3Iw/mqdefault.jpg,ขอตายในอ้อมกอดเธอ,賽桑・蘇品麥,,,ขอตายในอ้อมกอดเธอ 賽桑・蘇品麥
2026-09-07,th,Thailand,top_videos_daily,,68,https://i.ytimg.com/vi/P8SgCNmM7Z8/mqdefault.jpg,เด็กมูกล่อ,พ็อก บิ๊กอายส์ / บอล วงกลม,,,เด็กมูกล่อ พ็อก บิ๊กอายส์ & บอล วงกลม
2026-09-07,th,Thailand,top_videos_daily,,69,https://i.ytimg.com/vi/w7StB3MhFm4/mqdefault.jpg,PROXIE x SAUCE BKK - ขี้แง (Boys Don't Cry) | Another Session,PROXIE,,,PROXIE x SAUCE BKK - ขี้แง (Boys Don't Cry) | Another Session PROXIE
2026-09-07,th,Thailand,top_videos_daily,,70,https://i.ytimg.com/vi/D47wrx9EurU/mqdefault.jpg,GAVIN:D x Nap the Nap - นิรันดร์ [IN MY ROOM SESSION],GAVIN:D,,,GAVIN:D x Nap the Nap - นิรันดร์ [IN MY ROOM SESSION] GAVIN:D
2026-09-07,th,Thailand,top_videos_daily,,71,https://i.ytimg.com/vi/DiNyIYOHvUE/mqdefault.jpg,คนขี่หลังควาย (Remix),Djpaoremix / ILLSLICK,,,คนขี่หลังควาย (Remix) Djpaoremix & ILLSLICK
2026-09-07,th,Thailand,top_videos_daily,,72,https://i.ytimg.com/vi/OW9faXovWto/mqdefault.jpg,สาหัส,Loso,"7月 22, 2016",118033,"72 8 สาหัส Loso 7月 22, 2016 80 73 118,033"
2026-09-07,th,Thailand,top_videos_daily,,73,https://i.ytimg.com/vi/DXvtelMvUy8/mqdefault.jpg,ทำใจไม่ได้,Z9,"4月 29, 2026",117533,"73 6 ทำใจไม่ได้ Z9 4月 29, 2026 67 126 117,533"
2026-09-07,th,Thailand,top_videos_daily,,74,https://i.ytimg.com/vi/Q2kvk64qFgg/mqdefault.jpg,FON,YOUNGGU,"7月 31, 2026",117162,"74 2 FON YOUNGGU 7月 31, 2026 72 9 117,162"
2026-09-07,th,Thailand,top_videos_daily,,75,https://i.ytimg.com/vi/grrF03UISJ0/mqdefault.jpg,ขอให้เธอมีสุข,หนึ่ง บีเคแบนด์,,,ขอให้เธอมีสุข หนึ่ง บีเคแบนด์
2026-09-07,th,Thailand,top_videos_daily,,76,https://i.ytimg.com/vi/I8PeN_wEs3w/mqdefault.jpg,คนกระจอก,บุ๊ค ศุภกาญจน์,,,คนกระจอก บุ๊ค ศุภกาญจน์
2026-09-07,th,Thailand,top_videos_daily,,77,https://i.ytimg.com/vi/OJxnyWlVx40/mqdefault.jpg,นักแสดงตบตา,MaxMillor,,,นักแสดงตบตา MaxMillor
2026-09-07,th,Thailand,top_videos_daily,,78,https://i.ytimg.com/vi/iAX50p6eAnk/mqdefault.jpg,ZENTYARB - คถชห ft. Sexski (Official Music Video),ZENTYARB,,,ZENTYARB - คถชห ft. Sexski (Official Music Video) ZENTYARB
2026-09-07,th,Thailand,top_videos_daily,,79,https://i.ytimg.com/vi/IWCCEwIFtuo/mqdefault.jpg,บุญผลาบ่ฮอด,อ้ายแมน ภิสิทธิ์พงษ์,,,บุญผลาบ่ฮอด อ้ายแมน ภิสิทธิ์พงษ์
2026-09-07,th,Thailand,top_videos_daily,,80,https://i.ytimg.com/vi/82-jTNka3uc/mqdefault.jpg,hate that i made you love me,Ariana Grande,,,hate that i made you love me Ariana Grande
2026-09-07,th,Thailand,top_videos_daily,,81,https://i.ytimg.com/vi/r5mCC9s6O-U/mqdefault.jpg,พระจันทร์ที่ไม่เต็มดวง - KLEAR「Official MV」,Genierock,,,พระจันทร์ที่ไม่เต็มดวง - KLEAR「Official MV」 Genierock
2026-09-07,th,Thailand,top_videos_daily,,82,https://i.ytimg.com/vi/FMX98ROVRCE/mqdefault.jpg,Dream,LISA,"8月 13, 2025",99555,"82 22 Dream LISA 8月 13, 2025 60 2 99,555"
2026-09-07,th,Thailand,top_videos_daily,,83,https://i.ytimg.com/vi/BcOlMcpvYRI/mqdefault.jpg,เหงา คิดถึง รอ,賽桑・蘇品麥,,,เหงา คิดถึง รอ 賽桑・蘇品麥
2026-09-07,th,Thailand,top_videos_daily,,84,https://i.ytimg.com/vi/mMKwM_FYBOo/mqdefault.jpg,ซาโยนาระ,Mild,"9月 9, 2015",98258,"84 84 ซาโยนาระ Mild 9月 9, 2015 - 45 98,258"
2026-09-07,th,Thailand,top_videos_daily,,85,https://i.ytimg.com/vi/uzofjpRpu6Y/mqdefault.jpg,PERSES 'Free Wifi' feat. ฮาย อาภาพร - OFFICIAL MV,gnest_official,,,PERSES 'Free Wifi' feat. ฮาย อาภาพร - OFFICIAL MV gnest_official
2026-09-07,th,Thailand,top_videos_daily,,86,https://i.ytimg.com/vi/-q_S27LbNKU/mqdefault.jpg,BAD,ATEEZ,"6月 25, 2026",96677,"86 1 BAD ATEEZ 6月 25, 2026 87 64 96,677"
2026-09-07,th,Thailand,top_videos_daily,,87,https://i.ytimg.com/vi/5wuMypdRRjI/mqdefault.jpg,เพราะพี่รักจริง,หนึ่ง บีเคแบนด์,,,เพราะพี่รักจริง หนึ่ง บีเคแบนด์
2026-09-07,th,Thailand,top_videos_daily,,88,https://i.ytimg.com/vi/DWJkFq9lZ_8/mqdefault.jpg,Mai Yom Tad Jai,賽桑・蘇品麥,,,Mai Yom Tad Jai 賽桑・蘇品麥
2026-09-07,th,Thailand,top_videos_daily,,89,https://i.ytimg.com/vi/zECdjYo5nH8/mqdefault.jpg,ถ้าอ้ายบ่ฮัก,ก้านตอง ทุ่งเงิน,,,ถ้าอ้ายบ่ฮัก ก้านตอง ทุ่งเงิน
2026-09-07,th,Thailand,top_videos_daily,,90,https://i.ytimg.com/vi/l7r3nPuO-wc/mqdefault.jpg,ดีแต่ปาก,So Cool,,,ดีแต่ปาก So Cool
2026-09-07,th,Thailand,top_videos_daily,,91,https://i.ytimg.com/vi/TvFBrkkSVJg/mqdefault.jpg,อารมณ์สีเทา,SARAN / SEA.,,,อารมณ์สีเทา SARAN & SEA.
2026-09-07,th,Thailand,top_videos_daily,,92,https://i.ytimg.com/vi/idE6--da118/mqdefault.jpg,อวยพรย้อนจำเป็น,YOUD SALAVAN,,,อวยพรย้อนจำเป็น YOUD SALAVAN
2026-09-07,th,Thailand,top_videos_daily,,93,https://i.ytimg.com/vi/lWhygAYsPrc/mqdefault.jpg,ใจฉันตามเธอไป,YOUNGOHM,,,ใจฉันตามเธอไป YOUNGOHM
2026-09-07,th,Thailand,top_videos_daily,,94,https://i.ytimg.com/vi/BodGHhotjzQ/mqdefault.jpg,บ่คือแล้วเนาะ - ปลาย กนกพร【OFFICIAL MV】,GRAMMY GOLD OFFICIAL,,,บ่คือแล้วเนาะ - ปลาย กนกพร【OFFICIAL MV】 GRAMMY GOLD OFFICIAL
2026-09-07,th,Thailand,top_videos_daily,,95,https://i.ytimg.com/vi/fYWuA3RCVWc/mqdefault.jpg,ยำละแง๊น(Remix),Am Seatwo / Ball Seatwo,,,ยำละแง๊น(Remix) Am Seatwo & Ball Seatwo
2026-09-07,th,Thailand,top_videos_daily,,96,https://i.ytimg.com/vi/nNvPtGewa_k/mqdefault.jpg,ความรักทำให้คนตาบอด,Bodyslam,,,ความรักทำให้คนตาบอด Bodyslam
2026-09-07,th,Thailand,top_videos_daily,,97,https://i.ytimg.com/vi/AS9ufKuQIVs/mqdefault.jpg,เขามัทรี,เอ็กซ์ ศุภกฤต,,,เขามัทรี เอ็กซ์ ศุภกฤต
2026-09-07,th,Thailand,top_videos_daily,,98,https://i.ytimg.com/vi/pxGM_TOgHuM/mqdefault.jpg,MOONLIT FLOOR,LISA,,,MOONLIT FLOOR LISA
2026-09-07,th,Thailand,top_videos_daily,,99,https://i.ytimg.com/vi/Xn_LEDFMdX8/mqdefault.jpg,Baddie,IRONBOY,"6月 18, 2026",88162,"99 1 Baddie IRONBOY 6月 18, 2026 98 79 88,162"
2026-09-07,th,Thailand,top_videos_daily,,100,https://i.ytimg.com/vi/u8crkVuo07g/mqdefault.jpg,ฮู้สึกง่าย - น้ำแข็ง ทิพวรรณ【OFFICIAL MV】,น้ำแข็ง ทิพวรรณ,,,ฮู้สึกง่าย - น้ำแข็ง ทิพวรรณ【OFFICIAL MV】 น้ำแข็ง ทิพวรรณ
2026-09-07,id,Indonesia,top_videos_daily,,1,https://i.ytimg.com/vi/FyS5dAywkEo/mqdefault.jpg,SaWaDiKa (Official Music Video),LISA,,,SaWaDiKa (Official Music Video) LISA
2026-09-07,id,Indonesia,top_videos_daily,,2,https://i.ytimg.com/vi/RO75uUZiAw0/mqdefault.jpg,Teh Hijau,圖魯斯,"6月 29, 2026",1772264,"2 ● Teh Hijau 圖魯斯 6月 29, 2026 2 64 1,772,264"
2026-09-07,id,Indonesia,top_videos_daily,,3,https://i.ytimg.com/vi/Nskf70DMR60/mqdefault.jpg,Sesi Potret,eńau,,,Sesi Potret eńau
2026-09-07,id,Indonesia,top_videos_daily,,4,https://i.ytimg.com/vi/9oItuvvo8H0/mqdefault.jpg,"for Revenge, YB, Tepe - Museum Duka (Official Music Video)",for Revenge,,,"for Revenge, YB, Tepe - Museum Duka (Official Music Video) for Revenge"
2026-09-07,id,Indonesia,top_videos_daily,,5,https://i.ytimg.com/vi/awWKxGftWh4/mqdefault.jpg,Dunia Yang Nanti,Raim Laode,,,Dunia Yang Nanti Raim Laode
2026-09-07,id,Indonesia,top_videos_daily,,6,https://i.ytimg.com/vi/K-7olbaOelg/mqdefault.jpg,MMG (My Mine Gueh),Naykilla,,,MMG (My Mine Gueh) Naykilla
2026-09-07,id,Indonesia,top_videos_daily,,7,https://i.ytimg.com/vi/F0d8JJUNkqo/mqdefault.jpg,Tabola Bale,SILET OPEN UP / Jacson Zeran / Juan Reza / Diva Aurel,,,"Tabola Bale SILET OPEN UP , Jacson Zeran , Juan Reza & Diva Aurel"
2026-09-07,id,Indonesia,top_videos_daily,,8,https://i.ytimg.com/vi/0SbnqsQInqE/mqdefault.jpg,MUTIARA,Ipank / Kintani,,,MUTIARA Ipank & Kintani
2026-09-07,id,Indonesia,top_videos_daily,,9,https://i.ytimg.com/vi/M7oZR-MTEZs/mqdefault.jpg,Iqro',Raim Laode,,,Iqro' Raim Laode
2026-09-07,id,Indonesia,top_videos_daily,,10,https://i.ytimg.com/vi/38_bAaFI41w/mqdefault.jpg,Don't Force Your Longing,Ifan Seventeen,,,Don't Force Your Longing Ifan Seventeen
2026-09-07,id,Indonesia,top_videos_daily,,11,https://i.ytimg.com/vi/WZYUSaHlGlk/mqdefault.jpg,NEGORO ANGIN,Denny Caknan,,,NEGORO ANGIN Denny Caknan
2026-09-07,id,Indonesia,top_videos_daily,,12,https://i.ytimg.com/vi/3DcoC8p9az8/mqdefault.jpg,Training Season (Live),Dua Lipa,,,Training Season (Live) Dua Lipa
2026-09-07,id,Indonesia,top_videos_daily,,13,https://i.ytimg.com/vi/0nLrGYnJPyM/mqdefault.jpg,2001x,Adrian Khalif,,2001,2001x Adrian Khalif
2026-09-07,id,Indonesia,top_videos_daily,,14,https://i.ytimg.com/vi/2uJut6USftQ/mqdefault.jpg,Jatuh Suka,圖魯斯,"3月 2, 2022",369473,"14 ● Jatuh Suka 圖魯斯 3月 2, 2022 14 264 369,473"
2026-09-07,id,Indonesia,top_videos_daily,,15,https://i.ytimg.com/vi/OQNu-iB2tE8/mqdefault.jpg,Titik Nadir,Kahitna / Monita Tahalea,,,Titik Nadir Kahitna & Monita Tahalea
2026-09-07,id,Indonesia,top_videos_daily,,16,https://i.ytimg.com/vi/yrvVKSdwVIA/mqdefault.jpg,Kangen,Dewa 19,"7月 13, 2018",351588,"16 16 Kangen Dewa 19 7月 13, 2018 - 370 351,588"
2026-09-07,id,Indonesia,top_videos_daily,,17,https://i.ytimg.com/vi/0VOhIR3bnXY/mqdefault.jpg,ORANG BARU LEBE GACOR,Ecko Show / Juan Reza / CHESYLINO,,,"ORANG BARU LEBE GACOR Ecko Show , Juan Reza & CHESYLINO"
2026-09-07,id,Indonesia,top_videos_daily,,18,https://i.ytimg.com/vi/OT5msu-dap8/mqdefault.jpg,Shape Of My Heart,Backstreet Boys,,,Shape Of My Heart Backstreet Boys
2026-09-07,id,Indonesia,top_videos_daily,,19,https://i.ytimg.com/vi/yIPX-FNJ9qk/mqdefault.jpg,Sedia Aku Sebelum Hujan,Idgitaf,,,Sedia Aku Sebelum Hujan Idgitaf
2026-09-07,id,Indonesia,top_videos_daily,,20,https://i.ytimg.com/vi/fcY8YudZe1c/mqdefault.jpg,Menteri Durmagati,KAJAWI,,,Menteri Durmagati KAJAWI
2026-09-07,id,Indonesia,top_videos_daily,,21,https://i.ytimg.com/vi/tAbHxboRGoU/mqdefault.jpg,AMBON MANISE,Toton Caribo,,,AMBON MANISE Toton Caribo
2026-09-07,id,Indonesia,top_videos_daily,,22,https://i.ytimg.com/vi/_e9xhF69kFs/mqdefault.jpg,Negoro Angin,Silvy Kumalasari,,,Negoro Angin Silvy Kumalasari
2026-09-07,id,Indonesia,top_videos_daily,,23,https://i.ytimg.com/vi/nxJDXA-Snl0/mqdefault.jpg,Perihnya Cintamu,Gustrian Geno,,,Perihnya Cintamu Gustrian Geno
2026-09-07,id,Indonesia,top_videos_daily,,24,https://i.ytimg.com/vi/HgRsmSyy_Fw/mqdefault.jpg,PEARL,Difarina Indra / Fendik Adella,,,PEARL Difarina Indra & Fendik Adella
2026-09-07,id,Indonesia,top_videos_daily,,25,https://i.ytimg.com/vi/o25_Tn8BnFM/mqdefault.jpg,Anugerah Terindah,Andmesh,,,Anugerah Terindah Andmesh
2026-09-07,id,Indonesia,top_videos_daily,,26,https://i.ytimg.com/vi/OErndIcI8gE/mqdefault.jpg,Alamak,Rizky Febian / Adrian Khalif,,,Alamak Rizky Febian & Adrian Khalif
2026-09-07,id,Indonesia,top_videos_daily,,27,https://i.ytimg.com/vi/w8pjAV8u2OE/mqdefault.jpg,Tarot,.Feast,"11月 15, 2024",295731,"27 27 Tarot .Feast 11月 15, 2024 - 374 295,731"
2026-09-07,id,Indonesia,top_videos_daily,,28,https://i.ytimg.com/vi/qQDaxjLReck/mqdefault.jpg,Ini Abadi,Perunggu,,,Ini Abadi Perunggu
2026-09-07,id,Indonesia,top_videos_daily,,29,https://i.ytimg.com/vi/cmICctnAWCY/mqdefault.jpg,kota ini tak sama tanpamu,Nadhif Basalamah,,,kota ini tak sama tanpamu Nadhif Basalamah
2026-09-07,id,Indonesia,top_videos_daily,,30,https://i.ytimg.com/vi/zyLmavBAY7k/mqdefault.jpg,Teh Hijau,圖魯斯,"7月 10, 2026",286266,"30 12 Teh Hijau 圖魯斯 7月 10, 2026 18 54 286,266"
2026-09-07,id,Indonesia,top_videos_daily,,31,https://i.ytimg.com/vi/P44FdpFcdF4/mqdefault.jpg,Panas Pela,Fresly Nikijuluw,,,Panas Pela Fresly Nikijuluw
2026-09-07,id,Indonesia,top_videos_daily,,32,https://i.ytimg.com/vi/SeSAwqq_Kpo/mqdefault.jpg,Kita Lewati Berdua,Overnight,,,Kita Lewati Berdua Overnight
2026-09-07,id,Indonesia,top_videos_daily,,33,https://i.ytimg.com/vi/fLdVq8n-KQg/mqdefault.jpg,Astaga Bercanda,Akbar Chalay / Mingse,,,Astaga Bercanda Akbar Chalay & Mingse
2026-09-07,id,Indonesia,top_videos_daily,,34,https://i.ytimg.com/vi/NOiQfCVjAsQ/mqdefault.jpg,MUTIARA (Live),Laila Ayu / Irwan D'Academy / SIMPATIK MUSIC,,,"MUTIARA (Live) Laila Ayu , Irwan D'Academy & SIMPATIK MUSIC"
2026-09-07,id,Indonesia,top_videos_daily,,35,https://i.ytimg.com/vi/o0tVo09Rjyw/mqdefault.jpg,Salah Apa,Ipank,"2月 8, 2026",240949,"35 3 Salah Apa Ipank 2月 8, 2026 32 92 240,949"
2026-09-07,id,Indonesia,top_videos_daily,,36,https://i.ytimg.com/vi/75aBKInkybs/mqdefault.jpg,Tentang Rindu,Virzha,,,Tentang Rindu Virzha
2026-09-07,id,Indonesia,top_videos_daily,,37,https://i.ytimg.com/vi/9Hrq97AdO7Q/mqdefault.jpg,Rembulan Malam,Arief,,,Rembulan Malam Arief
2026-09-07,id,Indonesia,top_videos_daily,,38,https://i.ytimg.com/vi/XY9JR07il_U/mqdefault.jpg,Keong Racun,Ajeng Febria,,,Keong Racun Ajeng Febria
2026-09-07,id,Indonesia,top_videos_daily,,39,https://i.ytimg.com/vi/IqaQjRGt8i0/mqdefault.jpg,Laut Kidul,Yeni Inka,,,Laut Kidul Yeni Inka
2026-09-07,id,Indonesia,top_videos_daily,,40,https://i.ytimg.com/vi/qa-HkDhWh1U/mqdefault.jpg,Edan Turun,Wafiq Azizah,,,Edan Turun Wafiq Azizah
2026-09-07,id,Indonesia,top_videos_daily,,41,https://i.ytimg.com/vi/ulGz_10_HAE/mqdefault.jpg,Gerhana Dalam Cinta,Arief,,,Gerhana Dalam Cinta Arief
2026-09-07,id,Indonesia,top_videos_daily,,42,https://i.ytimg.com/vi/sT3VIlMe2zo/mqdefault.jpg,SQUEEZY,OURBIRTHDAY,,,SQUEEZY OURBIRTHDAY
2026-09-07,id,Indonesia,top_videos_daily,,43,https://i.ytimg.com/vi/C8D16CYoFo8/mqdefault.jpg,Dirantai Digelangi Rindu,Yeni Inka,,,Dirantai Digelangi Rindu Yeni Inka
2026-09-07,id,Indonesia,top_videos_daily,,44,https://i.ytimg.com/vi/V6cQ4LyvOgg/mqdefault.jpg,1000X,Ghea Indrawari,,1000,1000X Ghea Indrawari
2026-09-07,id,Indonesia,top_videos_daily,,45,https://i.ytimg.com/vi/lY2yjAdbvdQ/mqdefault.jpg,Treat You Better,Shawn Mendes,,,Treat You Better Shawn Mendes
2026-09-07,id,Indonesia,top_videos_daily,,46,https://i.ytimg.com/vi/m_2GEsOIzmc/mqdefault.jpg,Bounce & Pa Bkb,Vian DTM,,,Bounce & Pa Bkb Vian DTM
2026-09-07,id,Indonesia,top_videos_daily,,47,https://i.ytimg.com/vi/L1vlvEfFQlg/mqdefault.jpg,SALAH APA - LAILA AYU FT IRWAN KRISDIYANTO - LIVE PT STGI PANDAAN - SIMPATIK MUSIC,SIMPATIK MUSIC OFFICIAL,,,SALAH APA - LAILA AYU FT IRWAN KRISDIYANTO - LIVE PT STGI PANDAAN - SIMPATIK MUSIC SIMPATIK MUSIC OFFICIAL
2026-09-07,id,Indonesia,top_videos_daily,,48,https://i.ytimg.com/vi/cUnYmncAvP4/mqdefault.jpg,33x,Perunggu,"3月 10, 2022",205925,"48 48 33x Perunggu 3月 10, 2022 - 316 205,925"
2026-09-07,id,Indonesia,top_videos_daily,,49,https://i.ytimg.com/vi/__Pb1fO2H2A/mqdefault.jpg,Kita Lewati Berdua,overnight,,,Kita Lewati Berdua overnight
2026-09-07,id,Indonesia,top_videos_daily,,50,https://i.ytimg.com/vi/qCfP5xrcTSU/mqdefault.jpg,MAULANA ARDIANSYAH - MUTIARA (Ska Reggae Version) | Adakah kenyamanan di hatimu,Maulana Ardiansyah,,,MAULANA ARDIANSYAH - MUTIARA (Ska Reggae Version) | Adakah kenyamanan di hatimu Maulana Ardiansyah
2026-09-07,id,Indonesia,top_videos_daily,,51,https://i.ytimg.com/vi/7WNlDmUN-mc/mqdefault.jpg,MAHALINI - PERCUMA (OFFICIAL MUSIC VIDEO),HITS Records,,,MAHALINI - PERCUMA (OFFICIAL MUSIC VIDEO) HITS Records
2026-09-07,id,Indonesia,top_videos_daily,,52,https://i.ytimg.com/vi/s466YCiHfKw/mqdefault.jpg,FALLEN ANGEL (Official Video),JENNIE,,,FALLEN ANGEL (Official Video) JENNIE
2026-09-07,id,Indonesia,top_videos_daily,,53,https://i.ytimg.com/vi/hEFAeAPLbfk/mqdefault.jpg,What If I Call,Alex Crichton,,,What If I Call Alex Crichton
2026-09-07,id,Indonesia,top_videos_daily,,54,https://i.ytimg.com/vi/lCIX4hd_geU/mqdefault.jpg,LAUT KIDUL (Live),Denny Caknan,,,LAUT KIDUL (Live) Denny Caknan
2026-09-07,id,Indonesia,top_videos_daily,,55,https://i.ytimg.com/vi/1WeCPL58Ijg/mqdefault.jpg,ANGEL 2 (Live),Ajeng Febria,,,ANGEL 2 (Live) Ajeng Febria
2026-09-07,id,Indonesia,top_videos_daily,,56,https://i.ytimg.com/vi/uGxaFiHD7PI/mqdefault.jpg,Menari-nari,Raim Laode,,,Menari-nari Raim Laode
2026-09-07,id,Indonesia,top_videos_daily,,57,https://i.ytimg.com/vi/GTCMLqt6Slg/mqdefault.jpg,ONCOM GONDRONG || LIVE ADE ASTRID X GERENGSENG TEAM,Ade Astrid,,,ONCOM GONDRONG || LIVE ADE ASTRID X GERENGSENG TEAM Ade Astrid
2026-09-07,id,Indonesia,top_videos_daily,,58,https://i.ytimg.com/vi/O2CFycaEc8A/mqdefault.jpg,Jomblo,Riyanti Darlia / Bandung Music,,,Jomblo Riyanti Darlia & Bandung Music
2026-09-07,id,Indonesia,top_videos_daily,,59,https://i.ytimg.com/vi/fJSkCNcKqZw/mqdefault.jpg,DIRANTAI DIGELANGI RINDU - LAILA AYU FT IRWAN KRISDIYANTO - SIMPATIK MUSIC,Simpatik Music,,,DIRANTAI DIGELANGI RINDU - LAILA AYU FT IRWAN KRISDIYANTO - SIMPATIK MUSIC Simpatik Music
2026-09-07,id,Indonesia,top_videos_daily,,60,https://i.ytimg.com/vi/chl0R8C4NJ8/mqdefault.jpg,Hearts2Hearts 하츠투하츠 'ICONIC HEART' MV,Hearts2Hearts,,,Hearts2Hearts 하츠투하츠 'ICONIC HEART' MV Hearts2Hearts
2026-09-07,id,Indonesia,top_videos_daily,,61,https://i.ytimg.com/vi/R5PyKEgKYUE/mqdefault.jpg,Jambu Alas,Della Monica,,,Jambu Alas Della Monica
2026-09-07,id,Indonesia,top_videos_daily,,62,https://i.ytimg.com/vi/ThGYCL1zERU/mqdefault.jpg,Raci Kuah,Fresly Nikijuluw,,,Raci Kuah Fresly Nikijuluw
2026-09-07,id,Indonesia,top_videos_daily,,63,https://i.ytimg.com/vi/1rlFmpRxdE4/mqdefault.jpg,DJ BAK SERUMPUN SUMPAH JANJI BERDUA | MIMPI MANIS REMIX FULL BASS VIRAL TIKTOK TERBARU 2026,DJ Alkenzi,,2026,DJ BAK SERUMPUN SUMPAH JANJI BERDUA | MIMPI MANIS REMIX FULL BASS VIRAL TIKTOK TERBARU 2026 DJ Alkenzi
2026-09-07,id,Indonesia,top_videos_daily,,64,https://i.ytimg.com/vi/NRGDT2UUlsk/mqdefault.jpg,Jatuh Suka,圖魯斯,"9月 28, 2025",175753,"64 22 Jatuh Suka 圖魯斯 9月 28, 2025 42 76 175,753"
2026-09-07,id,Indonesia,top_videos_daily,,65,https://i.ytimg.com/vi/-1SgFHqxjlw/mqdefault.jpg,SxyCip - Love All Day (Official Music Video),SxyCip,,,SxyCip - Love All Day (Official Music Video) SxyCip
2026-09-07,id,Indonesia,top_videos_daily,,66,https://i.ytimg.com/vi/a9_ID88euhc/mqdefault.jpg,Seharusnya Aku,Elsa Pitaloka,,,Seharusnya Aku Elsa Pitaloka
2026-09-07,id,Indonesia,top_videos_daily,,67,https://i.ytimg.com/vi/uf721kddxuM/mqdefault.jpg,2001x,Adrian Khalif,,2001,2001x Adrian Khalif
2026-09-07,id,Indonesia,top_videos_daily,,68,https://i.ytimg.com/vi/BID_PrLFgng/mqdefault.jpg,"Ajeng Febria - HELIKOPTER TURUN KE PADANG, IDOL IDOL- Lila lali lali Lala (OFC Music Live) Santara",Santara Indonesia,,,"Ajeng Febria - HELIKOPTER TURUN KE PADANG, IDOL IDOL- Lila lali lali Lala (OFC Music Live) Santara Santara Indonesia"
2026-09-07,id,Indonesia,top_videos_daily,,69,https://i.ytimg.com/vi/Ghhhp_3xBxw/mqdefault.jpg,Perceraian Lara,Fendik Adella / Difarina Indra Adella,,,Perceraian Lara Fendik Adella & Difarina Indra Adella
2026-09-07,id,Indonesia,top_videos_daily,,70,https://i.ytimg.com/vi/wPb_miODtDI/mqdefault.jpg,Astaga Bercanda,Akbar Chalay / Mingse,,,Astaga Bercanda Akbar Chalay & Mingse
2026-09-07,id,Indonesia,top_videos_daily,,71,https://i.ytimg.com/vi/5aXjNhFdSwQ/mqdefault.jpg,NEGORO ANGIN,Niken Salindry,,,NEGORO ANGIN Niken Salindry
2026-09-07,id,Indonesia,top_videos_daily,,72,https://i.ytimg.com/vi/WhEUZrB2Osc/mqdefault.jpg,Berapa Kali Kita Akan Saling Memaafkan,Pamungkas,,,Berapa Kali Kita Akan Saling Memaafkan Pamungkas
2026-09-07,id,Indonesia,top_videos_daily,,73,https://i.ytimg.com/vi/nYLaeQ0_TjY/mqdefault.jpg,Mencari Alasan,Exists,,,Mencari Alasan Exists
2026-09-07,id,Indonesia,top_videos_daily,,74,https://i.ytimg.com/vi/FcOctsNXyjk/mqdefault.jpg,Cinta Luar Biasa,Andmesh,,,Cinta Luar Biasa Andmesh
2026-09-07,id,Indonesia,top_videos_daily,,75,https://i.ytimg.com/vi/QGZ1tR-xMLo/mqdefault.jpg,Titik Nadir,Kahitna / Monita Tahalea,,,Titik Nadir Kahitna & Monita Tahalea
2026-09-07,id,Indonesia,top_videos_daily,,76,https://i.ytimg.com/vi/7NNiL6hffRs/mqdefault.jpg,Frans Ft. Fauzana - Panek Diawak Kayo Diurang (Official Music Video),Frans,,,Frans Ft. Fauzana - Panek Diawak Kayo Diurang (Official Music Video) Frans
2026-09-07,id,Indonesia,top_videos_daily,,77,https://i.ytimg.com/vi/qoq8B8ThgEM/mqdefault.jpg,Tujh Mein Rab Dikhta Hai,Roopkumar Rathod,,,Tujh Mein Rab Dikhta Hai Roopkumar Rathod
2026-09-07,id,Indonesia,top_videos_daily,,78,https://i.ytimg.com/vi/QY1yLnapeT0/mqdefault.jpg,Mutiara,Ajeng Febria,,,Mutiara Ajeng Febria
2026-09-07,id,Indonesia,top_videos_daily,,79,https://i.ytimg.com/vi/oQUrfGMaE7k/mqdefault.jpg,Haruskah Aku Mati,Arief,,,Haruskah Aku Mati Arief
2026-09-07,id,Indonesia,top_videos_daily,,80,https://i.ytimg.com/vi/ANokIrn82Ko/mqdefault.jpg,Yeni Inka ft. Yesa Oktavia - NGAMEN 88 (Official Music Yi Production),Yeni Inka,,,Yeni Inka ft. Yesa Oktavia - NGAMEN 88 (Official Music Yi Production) Yeni Inka
2026-09-07,id,Indonesia,top_videos_daily,,81,https://i.ytimg.com/vi/1VqxWNwgf5Q/mqdefault.jpg,Lemon Tang,Hearts2Hearts,,,Lemon Tang Hearts2Hearts
2026-09-07,id,Indonesia,top_videos_daily,,82,https://i.ytimg.com/vi/QCE3_GuF5qA/mqdefault.jpg,Denok,Silvy Kumalasari,,,Denok Silvy Kumalasari
2026-09-07,id,Indonesia,top_videos_daily,,83,https://i.ytimg.com/vi/NynuOnKbFHE/mqdefault.jpg,AUTO BAPER MERINDING! 🥀 Gaun Merah - Sonia | Syariva Solo Cover Aransemen Bang Brokey,Bang Brokey,,,AUTO BAPER MERINDING! 🥀 Gaun Merah - Sonia | Syariva Solo Cover Aransemen Bang Brokey Bang Brokey
2026-09-07,id,Indonesia,top_videos_daily,,84,https://i.ytimg.com/vi/JEtqqmW1G8o/mqdefault.jpg,Warok Ponorogo,KAJAWI,,,Warok Ponorogo KAJAWI
2026-09-07,id,Indonesia,top_videos_daily,,85,https://i.ytimg.com/vi/24ESSt8sRm0/mqdefault.jpg,HAPPY ASMARA - DIRANTAI DIGELANGI RINDU ( Official Live Video Royal Music,RC Music,,,HAPPY ASMARA - DIRANTAI DIGELANGI RINDU ( Official Live Video Royal Music ) RC Music
2026-09-07,id,Indonesia,top_videos_daily,,86,https://i.ytimg.com/vi/ew3lh7_DAeU/mqdefault.jpg,"Andai Aku Bisa - Tulus, Erwin Gutawa Orchestra, Hasna Mufida (Virtual Collaboration)",Erwin Gutawa,,,"Andai Aku Bisa - Tulus, Erwin Gutawa Orchestra, Hasna Mufida (Virtual Collaboration) Erwin Gutawa"
2026-09-07,id,Indonesia,top_videos_daily,,87,https://i.ytimg.com/vi/7e0M4svc_JU/mqdefault.jpg,"TRIO CANTIKA (Ayu Cantika, Cantika Davinca, Keyziah Cantika) - MIMPI MANIS | Mahesa Music",MAHESA Official,,,"TRIO CANTIKA (Ayu Cantika, Cantika Davinca, Keyziah Cantika) - MIMPI MANIS | Mahesa Music MAHESA Official"
2026-09-07,id,Indonesia,top_videos_daily,,88,https://i.ytimg.com/vi/Fi3hlmiYosE/mqdefault.jpg,SALAH APA - MAULANA ARDIANSYAH (Ska Reggae Version) | Salah apa yang tak kumaafkan,Maulana Ardiansyah,,,SALAH APA - MAULANA ARDIANSYAH (Ska Reggae Version) | Salah apa yang tak kumaafkan Maulana Ardiansyah
2026-09-07,id,Indonesia,top_videos_daily,,89,https://i.ytimg.com/vi/ApXoWvfEYVU/mqdefault.jpg,Sunflower,Post Malone / Swae Lee,,,Sunflower Post Malone & Swae Lee
2026-09-07,id,Indonesia,top_videos_daily,,90,https://i.ytimg.com/vi/KKBaooynVzg/mqdefault.jpg,PERCUMA,Anggis Devaki / Betrand Putra Onsu,,,PERCUMA Anggis Devaki & Betrand Putra Onsu
2026-09-07,id,Indonesia,top_videos_daily,,91,https://i.ytimg.com/vi/N7-oPpP7Dg0/mqdefault.jpg,Ngamen 88 - Dike Sabrina ft. Agel Jowo (Official Live Music),Dangdut Everywhere,,,Ngamen 88 - Dike Sabrina ft. Agel Jowo (Official Live Music) Dangdut Everywhere
2026-09-07,id,Indonesia,top_videos_daily,,92,https://i.ytimg.com/vi/A5E1oEWjEHs/mqdefault.jpg,HAPPY ASMARA FT ZIO SANDI - RAISO NGAPUSI 2 ( Official Live Video Royal Music,Happy Asmara / Royal Music,,,HAPPY ASMARA FT ZIO SANDI - RAISO NGAPUSI 2 ( Official Live Video Royal Music ) Happy Asmara & Royal Music
2026-09-07,id,Indonesia,top_videos_daily,,93,https://i.ytimg.com/vi/dcEyID3okrM/mqdefault.jpg,Dirantai Digelangi Rindu,Exists,,,Dirantai Digelangi Rindu Exists
2026-09-07,id,Indonesia,top_videos_daily,,94,https://i.ytimg.com/vi/SVNA0nGBiZY/mqdefault.jpg,Penyangkalan,For Revenge,,,Penyangkalan For Revenge
2026-09-07,id,Indonesia,top_videos_daily,,95,https://i.ytimg.com/vi/fcnDmrtj6Sk/mqdefault.jpg,Dai Dai,Shakira / Burna Boy,,,Dai Dai Shakira & Burna Boy
2026-09-07,id,Indonesia,top_videos_daily,,96,https://i.ytimg.com/vi/Bgt9g1q-xj0/mqdefault.jpg,Cinta Sejati,Bunga Citra Lestari,,,Cinta Sejati Bunga Citra Lestari
2026-09-07,id,Indonesia,top_videos_daily,,97,https://i.ytimg.com/vi/YxCVr6umEtE/mqdefault.jpg,Denok (Live),Difarina Indra Adella,,,Denok (Live) Difarina Indra Adella
2026-09-07,id,Indonesia,top_videos_daily,,98,https://i.ytimg.com/vi/vJDa6DMfx4c/mqdefault.jpg,Percuma,Vendetta rap,,,Percuma Vendetta rap
2026-09-07,id,Indonesia,top_videos_daily,,99,https://i.ytimg.com/vi/rgSzJixLwG8/mqdefault.jpg,Rahasia Hati,Element,,,Rahasia Hati Element
2026-09-07,id,Indonesia,top_videos_daily,,100,https://i.ytimg.com/vi/mu7xGVu2EAg/mqdefault.jpg,APAKAH ITU CINTA - Ipank | Cover by ALOtone | Lagu Slow Rock Melayu Viral,Alotone,,,APAKAH ITU CINTA - Ipank | Cover by ALOtone | Lagu Slow Rock Melayu Viral Alotone
2026-09-07,in,India,top_videos_daily,,1,https://i.ytimg.com/vi/FyS5dAywkEo/mqdefault.jpg,SaWaDiKa (Official Music Video),LISA,,,SaWaDiKa (Official Music Video) LISA
2026-09-07,in,India,top_videos_daily,,2,https://i.ytimg.com/vi/JqFzhcWo3EU/mqdefault.jpg,Yeshanagula | The Paradise | Nani | Keerthy Suresh | Anirudh Ravichander | Srikanth Odela,Saregama Telugu,,,Yeshanagula | The Paradise | Nani | Keerthy Suresh | Anirudh Ravichander | Srikanth Odela Saregama Telugu
2026-09-07,in,India,top_videos_daily,,3,https://i.ytimg.com/vi/xvT1jH8B9AM/mqdefault.jpg,KALYANI (Remix),ARJN / KDS / FIFTY4 / 舒蕾亞·戈沙爾,,,"KALYANI (Remix) ARJN , KDS , FIFTY4 & 舒蕾亞·戈沙爾"
2026-09-07,in,India,top_videos_daily,,4,https://i.ytimg.com/vi/1IKsJiMLGu0/mqdefault.jpg,"Samjho Na - THE VVAAN | Sidharth Malhotra & Tamannaah | Jubin Nautiyal, Tanishk B, Suvarna, Manoj M",Zee Music Company,,,"Samjho Na - THE VVAAN | Sidharth Malhotra & Tamannaah | Jubin Nautiyal, Tanishk B, Suvarna, Manoj M Zee Music Company"
2026-09-07,in,India,top_videos_daily,,5,https://i.ytimg.com/vi/s2HYl12gmOY/mqdefault.jpg,Parvati,Sadhu Tiwari,,,Parvati Sadhu Tiwari
2026-09-07,in,India,top_videos_daily,,6,https://i.ytimg.com/vi/u9BdaJTWeiw/mqdefault.jpg,Barbaadi,Shilpi Raj,,,Barbaadi Shilpi Raj
2026-09-07,in,India,top_videos_daily,,7,https://i.ytimg.com/vi/A_RV2H2F9jw/mqdefault.jpg,Basinga Balaalu,Srinidhi Nerella / Kalyan Keys / Swamy Naresh,,,"Basinga Balaalu Srinidhi Nerella , Kalyan Keys & Swamy Naresh"
2026-09-07,in,India,top_videos_daily,,8,https://i.ytimg.com/vi/zUGvCrqR6HI/mqdefault.jpg,NAA PUSHDE - Neha Kakkar | Akanksha Chaudhary & Yogesh Rawat | Harsh Nussi | Anshul Garg,Desi Music Factory,,,NAA PUSHDE - Neha Kakkar | Akanksha Chaudhary & Yogesh Rawat | Harsh Nussi | Anshul Garg Desi Music Factory
2026-09-07,in,India,top_videos_daily,,9,https://i.ytimg.com/vi/YyepU5ztLf4/mqdefault.jpg,Shararat,Madhubanti Bagchi / 雅斯文·桑德拉斯 / 沙赫瓦特·薩赫迪夫,,,"Shararat Madhubanti Bagchi , 雅斯文·桑德拉斯 & 沙赫瓦特·薩赫迪夫"
2026-09-07,in,India,top_videos_daily,,10,https://i.ytimg.com/vi/ebZj_nrmH-c/mqdefault.jpg,Barsaat,Banjaare / Roni,,,Barsaat Banjaare & Roni
2026-09-07,in,India,top_videos_daily,,11,https://i.ytimg.com/vi/QnQnz9G2LNw/mqdefault.jpg,MALLEPOOLA PALLAKI (Song) | Ravi Teja | GV Prakash | Dappu Srinu | Shiva Nirvana | Irumudi,T-Series Telugu,,,MALLEPOOLA PALLAKI (Song) | Ravi Teja | GV Prakash | Dappu Srinu | Shiva Nirvana | Irumudi T-Series Telugu
2026-09-07,in,India,top_videos_daily,,12,https://i.ytimg.com/vi/jR3rWCBeO6M/mqdefault.jpg,@SaiAbhyankkar - Radhimaa (Music Video) | Bhagyashri Borse | Vivek | Thejo Bharathwaj | Think Indie,Think Music India,,,@SaiAbhyankkar - Radhimaa (Music Video) | Bhagyashri Borse | Vivek | Thejo Bharathwaj | Think Indie Think Music India
2026-09-07,in,India,top_videos_daily,,13,https://i.ytimg.com/vi/6rvUyBiBtik/mqdefault.jpg,Tera Mera Rishta,Sayeed Quadri / Mustafa Zahid / Pritam,,,"Tera Mera Rishta Sayeed Quadri , Mustafa Zahid & Pritam"
2026-09-07,in,India,top_videos_daily,,14,https://i.ytimg.com/vi/ZvXN0TcZLfQ/mqdefault.jpg,Fortuner,Raj Mawar / Ruchika Jangid,,,Fortuner Raj Mawar & Ruchika Jangid
2026-09-07,in,India,top_videos_daily,,15,https://i.ytimg.com/vi/pydbc3i_c5s/mqdefault.jpg,"Ram Ji Ki Sena Video Song |Mahakavya Shri Ramayan Katha | Farhad B| Anjali Arora, Dev Sharma|25 Sept",Divo Music Hindi,,,"Ram Ji Ki Sena Video Song |Mahakavya Shri Ramayan Katha | Farhad B| Anjali Arora, Dev Sharma|25 Sept Divo Music Hindi"
2026-09-07,in,India,top_videos_daily,,16,https://i.ytimg.com/vi/b68HETiNO98/mqdefault.jpg,Pavazha Malli,Sai Abhyankkar / Shruti Haasan,,,Pavazha Malli Sai Abhyankkar & Shruti Haasan
2026-09-07,in,India,top_videos_daily,,17,https://i.ytimg.com/vi/aRNfSqsgrgE/mqdefault.jpg,Sheesha,Mitta Ror / Swara Verma,,,Sheesha Mitta Ror & Swara Verma
2026-09-07,in,India,top_videos_daily,,18,https://i.ytimg.com/vi/cL0KKSPjZf8/mqdefault.jpg,Boom Shaka,KR$NA / Dhanda Nyoliwala,,,Boom Shaka KR$NA & Dhanda Nyoliwala
2026-09-07,in,India,top_videos_daily,,19,https://i.ytimg.com/vi/kNm3qlmKn5o/mqdefault.jpg,سلّم عالكل,艾希·艾爾·哈勒尼,,,سلّم عالكل 艾希·艾爾·哈勒尼
2026-09-07,in,India,top_videos_daily,,20,https://i.ytimg.com/vi/F2m4HPLvj-4/mqdefault.jpg,Jaiye Sajana,雅斯文·桑德拉斯 / 施廷德·薩爾塔 / 沙赫瓦特·薩赫迪夫,,,"Jaiye Sajana 雅斯文·桑德拉斯 , 施廷德·薩爾塔 & 沙赫瓦特·薩赫迪夫"
2026-09-07,in,India,top_videos_daily,,21,https://i.ytimg.com/vi/oafxkMv4xnc/mqdefault.jpg,Bairan,Banjaare,"2月 13, 2026",1369332,"21 4 Bairan Banjaare 2月 13, 2026 25 185 1,369,332"
2026-09-07,in,India,top_videos_daily,,22,https://i.ytimg.com/vi/cRgrrrdqbLM/mqdefault.jpg,अफीम (Official Video) #Khesari Lal Yadav | Kangana Sharma | #Shilpi Raj | Afeem | New #Bhojpuri Song,Wave Music,,,अफीम (Official Video) #Khesari Lal Yadav | Kangana Sharma | #Shilpi Raj | Afeem | New #Bhojpuri Song Wave Music
2026-09-07,in,India,top_videos_daily,,23,https://i.ytimg.com/vi/EtTf6f3Ydak/mqdefault.jpg,Irumudi Kattu,G.V. Prakash Kumar / Shiva Nirvana / Kalyan Chakravarthy Tripuraneni / Ananthu,,,"Irumudi Kattu G.V. Prakash Kumar , Shiva Nirvana , Kalyan Chakravarthy Tripuraneni & Ananthu"
2026-09-07,in,India,top_videos_daily,,24,https://i.ytimg.com/vi/6z1U-kJ3xJE/mqdefault.jpg,Chunnari Chunnari,安巴希·巴塔查裡亞 / Anuradha Sriram,,,Chunnari Chunnari 安巴希·巴塔查里亞 & Anuradha Sriram
2026-09-07,in,India,top_videos_daily,,25,https://i.ytimg.com/vi/z5y8Clp_TdE/mqdefault.jpg,KALYANI (Remix),舒蕾亞·戈沙爾 / ARJN / FIFTY4 / KDS,,,"KALYANI (Remix) 舒蕾亞·戈沙爾 , ARJN , FIFTY4 & KDS"
2026-09-07,in,India,top_videos_daily,,26,https://i.ytimg.com/vi/bP8ATWCvqzw/mqdefault.jpg,Arz Kiya Hai,Anuv Jain,,,Arz Kiya Hai Anuv Jain
2026-09-07,in,India,top_videos_daily,,27,https://i.ytimg.com/vi/DV6LV6qWCdk/mqdefault.jpg,Barsaat Mein Aaya (Official Video) - Mr Dutt | Tanu Rawat | New Haryanvi Songs 2026,Nuravi Productions Haryanvi,,2026,Barsaat Mein Aaya (Official Video) - Mr Dutt | Tanu Rawat | New Haryanvi Songs 2026 Nuravi Productions Haryanvi
2026-09-07,in,India,top_videos_daily,,28,https://i.ytimg.com/vi/2gXNDr_6FcE/mqdefault.jpg,Irumudi Kattu,Shiva Nirvana / G.V. Prakash Kumar / Kalyan Chakravarthy Tripuraneni / Ananthu,,,"Irumudi Kattu Shiva Nirvana , G.V. Prakash Kumar , Kalyan Chakravarthy Tripuraneni & Ananthu"
2026-09-07,in,India,top_videos_daily,,29,https://i.ytimg.com/vi/7w7LUaLpM4E/mqdefault.jpg,MALLEPOOLA PALLAKI 8K VIDEO | RAVI TEJA | GV PRAKASH | DAPPU SRINU | IRUMUDI | AYYAPPA SONG,T-Series,,,MALLEPOOLA PALLAKI 8K VIDEO | RAVI TEJA | GV PRAKASH | DAPPU SRINU | IRUMUDI | AYYAPPA SONG T-Series
2026-09-07,in,India,top_videos_daily,,30,https://i.ytimg.com/vi/iAtoZar5W58/mqdefault.jpg,Aaya Sher,Jangi Reddy / Arjun Chandy / 安尼魯德・瑞維奇德 / Kasarla Shyam,,,"Aaya Sher Jangi Reddy , Arjun Chandy , 安尼魯德・瑞維奇德 & Kasarla Shyam"
2026-09-07,in,India,top_videos_daily,,31,https://i.ytimg.com/vi/qzHtkTsz0-k/mqdefault.jpg,Jatt flex - Baaz Brar ( Official Video) Sudesh Kumari - Beatcop - Vicky Dhaliwal - New Punjabi Song,Baaz Brar,,,Jatt flex - Baaz Brar ( Official Video) Sudesh Kumari - Beatcop - Vicky Dhaliwal - New Punjabi Song Baaz Brar
2026-09-07,in,India,top_videos_daily,,32,https://i.ytimg.com/vi/WT-wrwlN144/mqdefault.jpg,YAALALO YAALALO Lyrical | Irumudi | Ravi Teja | GV Prakash | Hesham | Shiva Nirvana,Hesham Abdul Wahab / Sadhika K R / Balaji Venugopal / G.V. Prakash Kumar,,,"YAALALO YAALALO Lyrical | Irumudi | Ravi Teja | GV Prakash | Hesham | Shiva Nirvana Hesham Abdul Wahab , Sadhika K R , Balaji Venugopal & G.V. Prakash Kumar"
2026-09-07,in,India,top_videos_daily,,33,https://i.ytimg.com/vi/GVizJ_jpUnw/mqdefault.jpg,Gehra Hua,Arijit Singh / Armaan Khan / 沙赫瓦特·薩赫迪夫 / Irshad Kamil,,,"Gehra Hua Arijit Singh , Armaan Khan , 沙赫瓦特·薩赫迪夫 & Irshad Kamil"
2026-09-07,in,India,top_videos_daily,,34,https://i.ytimg.com/vi/7VsejGzcJmM/mqdefault.jpg,Alaakaa Loova,Sai Abhyankkar,,,Alaakaa Loova Sai Abhyankkar
2026-09-07,in,India,top_videos_daily,,35,https://i.ytimg.com/vi/9dV6Hl2u3vM/mqdefault.jpg,Neno Butterfly,Sublahshini / G.V. Prakash Kumar,,,Neno Butterfly Sublahshini & G.V. Prakash Kumar
2026-09-07,in,India,top_videos_daily,,36,https://i.ytimg.com/vi/bL_bU1L79Ww/mqdefault.jpg,Chandi Ki Daal Par,薩爾曼·汗 / 阿爾卡·雅格尼克,,,Chandi Ki Daal Par 薩爾曼·汗 & 阿爾卡·雅格尼克
2026-09-07,in,India,top_videos_daily,,37,https://i.ytimg.com/vi/QcQpqWhTBCE/mqdefault.jpg,Chikni Chameli,Shreya Ghoshal,,,Chikni Chameli Shreya Ghoshal
2026-09-07,in,India,top_videos_daily,,38,https://i.ytimg.com/vi/4RNR4hy_LYY/mqdefault.jpg,"🔥De De | Jail Star Raushan Rohi, Srishti Bharti | Ft. Queen Shalini- New Bhojpuri Song 2026",T-Series Hamaar Bhojpuri,,2026,"🔥De De | Jail Star Raushan Rohi, Srishti Bharti | Ft. Queen Shalini- New Bhojpuri Song 2026 🔥 T-Series Hamaar Bhojpuri"
2026-09-07,in,India,top_videos_daily,,39,https://i.ytimg.com/vi/GYfdWiAnshE/mqdefault.jpg,"Neno Butterfly Full Video Song 4K | Vishwanath and Sons | Suriya, Mamitha Baiju | G.V. Prakash Kumar",Sublahshini / G.V. Prakash Kumar,,,"Neno Butterfly Full Video Song 4K | Vishwanath and Sons | Suriya, Mamitha Baiju | G.V. Prakash Kumar Sublahshini & G.V. Prakash Kumar"
2026-09-07,in,India,top_videos_daily,,40,https://i.ytimg.com/vi/XceJdWL9a9E/mqdefault.jpg,"Nee Parichayam Video Song | TORTOISE | Raj Tarun, Amrutha Chowdary | Anup Rubens",Lahari Music,,,"Nee Parichayam Video Song | TORTOISE | Raj Tarun, Amrutha Chowdary | Anup Rubens Lahari Music"
2026-09-07,in,India,top_videos_daily,,41,https://i.ytimg.com/vi/5GCfYLguTIs/mqdefault.jpg,Boyfriend,Karan Aujla,,,Boyfriend Karan Aujla
2026-09-07,in,India,top_videos_daily,,42,https://i.ytimg.com/vi/BlYyNh0Yh08/mqdefault.jpg,Radha Kaise Na Jale,Asha Bhosle / Udit Narayan,,,Radha Kaise Na Jale Asha Bhosle & Udit Narayan
2026-09-07,in,India,top_videos_daily,,43,https://i.ytimg.com/vi/asG7cwxi1sA/mqdefault.jpg,Saiyaara,舒蕾亞·戈沙爾 / Arslan Nizami / Irshad Kamil,,,"Saiyaara 舒蕾亞·戈沙爾 , Arslan Nizami & Irshad Kamil"
2026-09-07,in,India,top_videos_daily,,44,https://i.ytimg.com/vi/1iBDh00xMQw/mqdefault.jpg,Rupya Dekh Ke Bora Me,Tuntun Yadav,,,Rupya Dekh Ke Bora Me Tuntun Yadav
2026-09-07,in,India,top_videos_daily,,45,https://i.ytimg.com/vi/GX9x62kFsVU/mqdefault.jpg,Gehra Hua,Arijit Singh / Armaan Khan / 沙赫瓦特·薩赫迪夫 / Irshad Kamil,,,"Gehra Hua Arijit Singh , Armaan Khan , 沙赫瓦特·薩赫迪夫 & Irshad Kamil"
2026-09-07,in,India,top_videos_daily,,46,https://i.ytimg.com/vi/8QV9RCjt9N8/mqdefault.jpg,Mach Gaya Shor Sari Nagri Re,Kishore Kumar / Lata Mangeshkar,,,Mach Gaya Shor Sari Nagri Re Kishore Kumar & Lata Mangeshkar
2026-09-07,in,India,top_videos_daily,,47,https://i.ytimg.com/vi/cQM55aOrZCg/mqdefault.jpg,Raja Ji Ke Dilwa,Pawan Singh / Shivani Singh,,,Raja Ji Ke Dilwa Pawan Singh & Shivani Singh
2026-09-07,in,India,top_videos_daily,,48,https://i.ytimg.com/vi/fpg20KzJpPI/mqdefault.jpg,Yes No (Official Video) Jevi Singh | Harry Barry | Guri Mangat | Latest Punjabi Songs 2026,Golden Records,,2026,Yes No (Official Video) Jevi Singh | Harry Barry | Guri Mangat | Latest Punjabi Songs 2026 | Golden Records
2026-09-07,in,India,top_videos_daily,,49,https://i.ytimg.com/vi/Oyw1Eo21q5k/mqdefault.jpg,Kabze,Bintu Pabra / Shiva Choudhary,,,Kabze Bintu Pabra & Shiva Choudhary
2026-09-07,in,India,top_videos_daily,,50,https://i.ytimg.com/vi/qpIdoaaPa6U/mqdefault.jpg,Jeene Laga Hoon (Lyrical),薩辛-吉格爾,,,Jeene Laga Hoon (Lyrical) 薩辛-吉格爾
2026-09-07,in,India,top_videos_daily,,51,https://i.ytimg.com/vi/rjfxLq3OQ0w/mqdefault.jpg,Zid,Shaarib Toshi / 桑妮蒂·喬寒,,,Zid Shaarib Toshi & 桑妮蒂·喬寒
2026-09-07,in,India,top_videos_daily,,52,https://i.ytimg.com/vi/EEZ8fbzhEfQ/mqdefault.jpg,Irumudi Kattu,Shiva Nirvana / G.V. Prakash Kumar / Kalyan Chakravarthy Tripuraneni / Ananthu,,,"Irumudi Kattu Shiva Nirvana , G.V. Prakash Kumar , Kalyan Chakravarthy Tripuraneni & Ananthu"
2026-09-07,in,India,top_videos_daily,,53,https://i.ytimg.com/vi/Nwyl48gFZQk/mqdefault.jpg,#Video - #Khesari Lal Yadav | फुलौना 2 | #Khushi Kakkar | Fulauna 2 | Samita Giri | #Bhojpuri Song,West Bhojpuri,,,#Video - #Khesari Lal Yadav | फुलौना 2 | #Khushi Kakkar | Fulauna 2 | Samita Giri | #Bhojpuri Song West Bhojpuri
2026-09-07,in,India,top_videos_daily,,54,https://i.ytimg.com/vi/uOrhBw3N3NM/mqdefault.jpg,80 Lakh,D Naveen / Shiva Choudhary / Sweta Chauhan / Kala Dighal,,,"80 Lakh D Naveen , Shiva Choudhary , Sweta Chauhan & Kala Dighal"
2026-09-07,in,India,top_videos_daily,,55,https://i.ytimg.com/vi/C1LN4cWjMl0/mqdefault.jpg,Pattampoochi,Sublahshini / G.V. Prakash Kumar,,,Pattampoochi Sublahshini & G.V. Prakash Kumar
2026-09-07,in,India,top_videos_daily,,56,https://i.ytimg.com/vi/GK4T3TuetPU/mqdefault.jpg,New Song 2026 | New Hindi Song | Meri Sajaa Bana | Yash | Tamannaah Bhatia | New Song,Gaurav Mali,,2026,New Song 2026 | New Hindi Song | Meri Sajaa Bana | Yash | Tamannaah Bhatia | New Song Gaurav Mali
2026-09-07,in,India,top_videos_daily,,57,https://i.ytimg.com/vi/PYxlTBssgAU/mqdefault.jpg,"Ram Lakhan (Official Video) Masoom Sharma | Rohit Lamba, Lakshay Kaushik | New Haryanvi Song 2026",Kiara Records,,2026,"Ram Lakhan (Official Video) Masoom Sharma | Rohit Lamba, Lakshay Kaushik | New Haryanvi Song 2026 Kiara Records"
2026-09-07,in,India,top_videos_daily,,58,https://i.ytimg.com/vi/5RT6QMKJTjQ/mqdefault.jpg,Ishq Sufiyana,Kamal Khan,,,Ishq Sufiyana Kamal Khan
2026-09-07,in,India,top_videos_daily,,59,https://i.ytimg.com/vi/rC-kbRanJQ0/mqdefault.jpg,UDI UDI,Hruday / Sarkar / Aneesh,,,"UDI UDI Hruday , Sarkar & Aneesh"
2026-09-07,in,India,top_videos_daily,,60,https://i.ytimg.com/vi/pIDq50mQvtI/mqdefault.jpg,High Stakes - I'm Game (Malayalam) | Dulquer Salmaan | Jakes Bejoy ft. Brodha V,Zee Music South,,,High Stakes - I'm Game (Malayalam) | Dulquer Salmaan | Jakes Bejoy ft. Brodha V Zee Music South
2026-09-07,in,India,top_videos_daily,,61,https://i.ytimg.com/vi/SQ4jZ-EAL88/mqdefault.jpg,Vaaroon Forever (Official Video) | Mirzapur The Movie | Shreya Ghoshal | Romy | Anand B | Ginny D,阿南德·巴斯卡爾,,,Vaaroon Forever (Official Video) | Mirzapur The Movie | Shreya Ghoshal | Romy | Anand B | Ginny D 阿南德·巴斯卡爾
2026-09-07,in,India,top_videos_daily,,62,https://i.ytimg.com/vi/MyVe_U7CNtI/mqdefault.jpg,PEELE PEELE (Official Music Video) Amzy Walia ft. Mika Singh,Amzy Walia / 米卡·辛格,,,PEELE PEELE (Official Music Video) Amzy Walia ft. Mika Singh Amzy Walia & 米卡·辛格
2026-09-07,in,India,top_videos_daily,,63,https://i.ytimg.com/vi/s9Sb9Y3KiTY/mqdefault.jpg,Parchoon - Simar Dorraha [Official Music Video] BOP Music | Latest Punjabi Song,BOP Music,,,Parchoon - Simar Dorraha [Official Music Video] BOP Music | Latest Punjabi Song BOP Music
2026-09-07,in,India,top_videos_daily,,64,https://i.ytimg.com/vi/icFdaDRVHGE/mqdefault.jpg,Do Gallan - Gurnam Bhullar (Official Music Video) Desi Crew - K Million Music - Punjabi Song,K Million Music,,,Do Gallan - Gurnam Bhullar (Official Music Video) Desi Crew - K Million Music - Punjabi Song K Million Music
2026-09-07,in,India,top_videos_daily,,65,https://i.ytimg.com/vi/H9ySOP8PYEI/mqdefault.jpg,Go Go Govinda (Reprise),Shabbir Ahmed / 舒蕾亞·戈沙爾 / 希梅什·雷希漢米亞 / 阿曼·特里克,,,"Go Go Govinda (Reprise) Shabbir Ahmed , 舒蕾亞·戈沙爾 , 希梅什·雷希漢米亞 & 阿曼·特里克"
2026-09-07,in,India,top_videos_daily,,66,https://i.ytimg.com/vi/BSu3eNpupq8/mqdefault.jpg,Aavagaman,Sadhu Tiwari,,,Aavagaman Sadhu Tiwari
2026-09-07,in,India,top_videos_daily,,67,https://i.ytimg.com/vi/WTjZxav7naU/mqdefault.jpg,Soja Zara,Deepu / 馬諾伊·蒙塔舍 / 阿迪蒂·保羅,,,"Soja Zara Deepu , 馬諾伊·蒙塔舍 & 阿迪蒂·保羅"
2026-09-07,in,India,top_videos_daily,,68,https://i.ytimg.com/vi/ZcO4s0UU4Uk/mqdefault.jpg,Kamar DJ Pe,Manish Sonipat Aala / Bali Sharma / Vampire,,,"Kamar DJ Pe Manish Sonipat Aala , Bali Sharma & Vampire"
2026-09-07,in,India,top_videos_daily,,69,https://i.ytimg.com/vi/v5jVX0QYwQo/mqdefault.jpg,Shararat,Madhubanti Bagchi / 雅斯文·桑德拉斯 / 沙赫瓦特·薩赫迪夫,,,"Shararat Madhubanti Bagchi , 雅斯文·桑德拉斯 & 沙赫瓦特·薩赫迪夫"
2026-09-07,in,India,top_videos_daily,,70,https://i.ytimg.com/vi/6JaeasJw-QI/mqdefault.jpg,Thalapathy Kacheri,Jayanth Maadhur / Anirudh Ravichander / Arun Kaundinya / Nazeeruddin / Srinivasa Mouli,,,"Thalapathy Kacheri Jayanth Maadhur , Anirudh Ravichander , Arun Kaundinya , Nazeeruddin & Srinivasa Mouli"
2026-09-07,in,India,top_videos_daily,,71,https://i.ytimg.com/vi/QHdajZktFEU/mqdefault.jpg,Bangles,Sanju Rathod / G-SPXRK,,,Bangles Sanju Rathod & G-SPXRK
2026-09-07,in,India,top_videos_daily,,72,https://i.ytimg.com/vi/49x5rfxmv4E/mqdefault.jpg,Karuppa Kooda Va,Sai Abhyankkar / V·M·馬哈林加姆,,,Karuppa Kooda Va Sai Abhyankkar & V·M·馬哈林加姆
2026-09-07,in,India,top_videos_daily,,73,https://i.ytimg.com/vi/a9Hxkc9YxGE/mqdefault.jpg,"Bulleya (From ""Sultan"")",Papon / 維沙爾·謝卡爾,,,"Bulleya (From ""Sultan"") Papon & 維沙爾·謝卡爾"
2026-09-07,in,India,top_videos_daily,,74,https://i.ytimg.com/vi/1eIsHDzbZtI/mqdefault.jpg,Dhanda Nyoliwala - Gaddafi (Official Music Video),Dhanda Nyoliwala,,,Dhanda Nyoliwala - Gaddafi (Official Music Video) Dhanda Nyoliwala
2026-09-07,in,India,top_videos_daily,,75,https://i.ytimg.com/vi/ahc8zhtzQSk/mqdefault.jpg,Lahanga Se Mahanga,Shivani Singh / Pawan Singh,,,Lahanga Se Mahanga Shivani Singh & Pawan Singh
2026-09-07,in,India,top_videos_daily,,76,https://i.ytimg.com/vi/X1twu3ztkPU/mqdefault.jpg,Bum Baa Diga Diga - Music Video | DC | Lokesh | Sun Pictures | Anirudh | Arun Matheswaran,Heisenberg / Ritesh G Rao / Anirudh Ravichander / Asura,,,"Bum Baa Diga Diga - Music Video | DC | Lokesh | Sun Pictures | Anirudh | Arun Matheswaran Heisenberg , Ritesh G Rao , Anirudh Ravichander & Asura"
2026-09-07,in,India,top_videos_daily,,77,https://i.ytimg.com/vi/ohHzxAsavU8/mqdefault.jpg,"Nattiyaan (Official Video) Husan | Isha Sharma, Karm Waraich | New Punjabi Song 2026 | Prime Records",Prime Records,,2026,"Nattiyaan (Official Video) Husan | Isha Sharma, Karm Waraich | New Punjabi Song 2026 | Prime Records Prime Records"
2026-09-07,in,India,top_videos_daily,,78,https://i.ytimg.com/vi/VwTBkTuzBGw/mqdefault.jpg,TATVDARSHI (Full Song) Masoom Sharma | Harry Lather | Thinker | New Haryanvi Song 2026,Masoom Sharma,,2026,TATVDARSHI (Full Song) Masoom Sharma | Harry Lather | Thinker | New Haryanvi Song 2026 Masoom Sharma
2026-09-07,in,India,top_videos_daily,,79,https://i.ytimg.com/vi/8LZgzAZ2lpQ/mqdefault.jpg,Abhi Toh Party Shuru Hui Hai,巴德夏 / 安絲·吉爾,,,Abhi Toh Party Shuru Hui Hai 巴德夏 & 安絲·吉爾
2026-09-07,in,India,top_videos_daily,,80,https://i.ytimg.com/vi/msjA3KVNH7g/mqdefault.jpg,Asalayavale - Video Song | Khalifa | Prithviraj Sukumaran|Malvika Sharma | Jakes Bejoy x Sid Sriram,傑克斯·貝喬 / Mohammed Maqbool Mansoor / Muthu / 席德·斯里拉姆,,,"Asalayavale - Video Song | Khalifa | Prithviraj Sukumaran|Malvika Sharma | Jakes Bejoy x Sid Sriram 傑克斯·貝喬 , Mohammed Maqbool Mansoor , Muthu & 席德·斯里拉姆"
2026-09-07,in,India,top_videos_daily,,81,https://i.ytimg.com/vi/-IA0iosvF7M/mqdefault.jpg,Ghaduliyo (Drill) | Purva Mantri ft. Hariom Gadhavi | Official music video | New Song 2026,Purva Mantri,,2026,Ghaduliyo (Drill) | Purva Mantri ft. Hariom Gadhavi | Official music video | New Song 2026 Purva Mantri
2026-09-07,in,India,top_videos_daily,,82,https://i.ytimg.com/vi/w4nmEMHFMlo/mqdefault.jpg,Puttamalli Song | Anna from Mexico | Daali Dhananjaya | Reeshma | Sanjith Hegde | Vasuki Vaibhav,Anand Audio,,,Puttamalli Song | Anna from Mexico | Daali Dhananjaya | Reeshma | Sanjith Hegde | Vasuki Vaibhav Anand Audio
2026-09-07,in,India,top_videos_daily,,83,https://i.ytimg.com/vi/DtFSdu_0LRk/mqdefault.jpg,Waqt,維沙爾·米什拉 / Kaushal Kishore,,,Waqt 維沙爾·米什拉 & Kaushal Kishore
2026-09-07,in,India,top_videos_daily,,84,https://i.ytimg.com/vi/Z-lffA4Po8E/mqdefault.jpg,가위바위보(AR) (ROCK PAPER SCISSORS(AR)),스텔라 (Stella),,,가위바위보(AR) (ROCK PAPER SCISSORS(AR)) 스텔라 (Stella)
2026-09-07,in,India,top_videos_daily,,85,https://i.ytimg.com/vi/Dl3g954da4g/mqdefault.jpg,Rasiyo Rupalo House Edit | Purva | Shravan Mantri (Official Visualizer Video),Purva Mantri / Shravan Mantri,,,Rasiyo Rupalo House Edit | Purva | Shravan Mantri (Official Visualizer Video) Purva Mantri & Shravan Mantri
2026-09-07,in,India,top_videos_daily,,86,https://i.ytimg.com/vi/9hYyZu2KcxQ/mqdefault.jpg,Pagle Bana Delu,Pramod Premi / Vicky Vox / Ravi Yadav,,,"Pagle Bana Delu Pramod Premi , Vicky Vox & Ravi Yadav"
2026-09-07,in,India,top_videos_daily,,87,https://i.ytimg.com/vi/LX2zshAgECQ/mqdefault.jpg,Aankhon Se Tune 2.0,Dev Negi / Palak Muchhal / Kumar Sanu / Alka Yagnik,,,"Aankhon Se Tune 2.0 Dev Negi , Palak Muchhal , Kumar Sanu & Alka Yagnik"
2026-09-07,in,India,top_videos_daily,,88,https://i.ytimg.com/vi/Nd3PmNWqpPQ/mqdefault.jpg,टूट जाई पलंग राजा जी,克瑟利·拉爾·亞達夫 / Indu Sonali,,,टूट जाई पलंग राजा जी 克瑟利·拉爾·亞達夫 & Indu Sonali
2026-09-07,in,India,top_videos_daily,,89,https://i.ytimg.com/vi/5tWg08zV-tI/mqdefault.jpg,Court Me Goli (Official Video) Ankit Baliyan | Fiza Choudhary | New Haryanvi Songs Haryanavi 2025,Gulshan Music,,2025,Court Me Goli (Official Video) Ankit Baliyan | Fiza Choudhary | New Haryanvi Songs Haryanavi 2025 Gulshan Music
2026-09-07,in,India,top_videos_daily,,90,https://i.ytimg.com/vi/Bm9lLpmPM0A/mqdefault.jpg,Pattampoochi,Sublahshini / G.V. Prakash Kumar,,,Pattampoochi Sublahshini & G.V. Prakash Kumar
2026-09-07,in,India,top_videos_daily,,91,https://i.ytimg.com/vi/K1EMbrmsKVY/mqdefault.jpg,"Yavanakathayil Video Song | Bethlehem Kudumba Unit Version | Nivin Pauly, MamithaBaiju | Ouseppachan",Sony Music Malayalam,,,"Yavanakathayil Video Song | Bethlehem Kudumba Unit Version | Nivin Pauly, MamithaBaiju | Ouseppachan Sony Music Malayalam"
2026-09-07,in,India,top_videos_daily,,92,https://i.ytimg.com/vi/CKuPryQLqAU/mqdefault.jpg,"Pyar Aala Case - Rahul Puthi, Moni Rajput, Feat. Monika Bhainger | New Haryanvi Video Song 2026",T-SERIES HARYANVI,,2026,"Pyar Aala Case - Rahul Puthi, Moni Rajput, Feat. Monika Bhainger | New Haryanvi Video Song 2026 T-SERIES HARYANVI"
2026-09-07,in,India,top_videos_daily,,93,https://i.ytimg.com/vi/P-gPYtr2cGU/mqdefault.jpg,Seethakoka,Ahmed Khan Durani (AKD),,,Seethakoka Ahmed Khan Durani (AKD)
2026-09-07,in,India,top_videos_daily,,94,https://i.ytimg.com/vi/sAloiE9-OIA/mqdefault.jpg,Dhara Kamar Raja Ji,Neelkamal Singh,,,Dhara Kamar Raja Ji Neelkamal Singh
2026-09-07,in,India,top_videos_daily,,95,https://i.ytimg.com/vi/-1SgFHqxjlw/mqdefault.jpg,SxyCip - Love All Day (Official Music Video),SxyCip,,,SxyCip - Love All Day (Official Music Video) SxyCip
2026-09-07,in,India,top_videos_daily,,96,https://i.ytimg.com/vi/4F2jDMgioqk/mqdefault.jpg,"Saanson Ko (From ""Zid"")",Toshi Sabri / Arijit Singh,,,"Saanson Ko (From ""Zid"") Toshi Sabri & Arijit Singh"
2026-09-07,in,India,top_videos_daily,,97,https://i.ytimg.com/vi/6zDfwVSvyEk/mqdefault.jpg,Hellallallo,Rakshita Suresh / A. R. Rahman / Varadaraj Chikkaballapura,,,"Hellallallo Rakshita Suresh , A. R. Rahman & Varadaraj Chikkaballapura"
2026-09-07,in,India,top_videos_daily,,98,https://i.ytimg.com/vi/5Rmd7FU7fNM/mqdefault.jpg,Govinda Re Gopala - Hamal De Dhamal | Marathi Dahi Handi (Govinda) Songs | Laxmikant Berde,Everest Marathi,,,Govinda Re Gopala - Hamal De Dhamal | Marathi Dahi Handi (Govinda) Songs | Laxmikant Berde Everest Marathi
2026-09-07,in,India,top_videos_daily,,99,https://i.ytimg.com/vi/DS-raAyMxl4/mqdefault.jpg,Sanam Re - Instrumental,sandeep thakur / Tejas Vinchurkar,,,Sanam Re - Instrumental sandeep thakur & Tejas Vinchurkar
2026-09-07,in,India,top_videos_daily,,100,https://i.ytimg.com/vi/VOZEBZKd2Pc/mqdefault.jpg,Beech Bajaria,Sapna Awasthi,,,Beech Bajaria Sapna Awasthi
2026-09-07,sg,Singapore,top_videos_daily,,1,https://i.ytimg.com/vi/FyS5dAywkEo/mqdefault.jpg,SaWaDiKa (Official Music Video),LISA,,,SaWaDiKa (Official Music Video) LISA
2026-09-07,sg,Singapore,top_videos_daily,,2,https://i.ytimg.com/vi/m7k9UMcHbr0/mqdefault.jpg,"KATSEYE (캣츠아이) ""Animal"" Official MV",KATSEYE,,,"KATSEYE (캣츠아이) ""Animal"" Official MV KATSEYE"
2026-09-07,sg,Singapore,top_videos_daily,,3,https://i.ytimg.com/vi/fcnDmrtj6Sk/mqdefault.jpg,Dai Dai,Shakira / Burna Boy,,,Dai Dai Shakira & Burna Boy
2026-09-07,sg,Singapore,top_videos_daily,,4,https://i.ytimg.com/vi/jR3rWCBeO6M/mqdefault.jpg,@SaiAbhyankkar - Radhimaa (Music Video) | Bhagyashri Borse | Vivek | Thejo Bharathwaj | Think Indie,Think Music India,,,@SaiAbhyankkar - Radhimaa (Music Video) | Bhagyashri Borse | Vivek | Thejo Bharathwaj | Think Indie Think Music India
2026-09-07,sg,Singapore,top_videos_daily,,5,https://i.ytimg.com/vi/xvT1jH8B9AM/mqdefault.jpg,KALYANI (Remix),ARJN / KDS / FIFTY4 / 舒蕾亞·戈沙爾,,,"KALYANI (Remix) ARJN , KDS , FIFTY4 & 舒蕾亞·戈沙爾"
2026-09-07,sg,Singapore,top_videos_daily,,6,https://i.ytimg.com/vi/s466YCiHfKw/mqdefault.jpg,FALLEN ANGEL (Official Video),JENNIE,,,FALLEN ANGEL (Official Video) JENNIE
2026-09-07,sg,Singapore,top_videos_daily,,7,https://i.ytimg.com/vi/yebNIHKAC4A/mqdefault.jpg,Golden,HUNTR/X / EJAE / AUDREY NUNA / REI AMI / KPop Demon Hunters Cast,,,"Golden HUNTR/X , EJAE , AUDREY NUNA , REI AMI & KPop Demon Hunters Cast"
2026-09-07,sg,Singapore,top_videos_daily,,8,https://i.ytimg.com/vi/N0KfiOTSpxs/mqdefault.jpg,"Kalyana Virundhu (From ""Dorothy"")",安東尼·達桑 / 普里亞·傑森 / Ilaiyaraaja / Yugendran Vasudevan,,,"Kalyana Virundhu (From ""Dorothy"") 安東尼·達桑 , 普里亞·傑森 , Ilaiyaraaja & Yugendran Vasudevan"
2026-09-07,sg,Singapore,top_videos_daily,,9,https://i.ytimg.com/vi/Q3bFaJVLlb0/mqdefault.jpg,ဤသို့ပြုရ,Theinkpan Htun,,,ဤသို့ပြုရ Theinkpan Htun
2026-09-07,sg,Singapore,top_videos_daily,,10,https://i.ytimg.com/vi/is8UDe2PhKQ/mqdefault.jpg,KATSEYE (캣츠아이) 'Hootie Frutti' Official MV,KATSEYE,,,KATSEYE (캣츠아이) 'Hootie Frutti' Official MV KATSEYE
2026-09-07,sg,Singapore,top_videos_daily,,11,https://i.ytimg.com/vi/376utoTabMI/mqdefault.jpg,看著我的眼睛說,張遠 / 姚曉棠,,,看着我的眼睛说 张远 & 姚晓棠
2026-09-07,sg,Singapore,top_videos_daily,,12,https://i.ytimg.com/vi/rs0gQ-3hbPQ/mqdefault.jpg,Muthumani Music Video - DOROTHY | Maestro Ilaiyaraaja | Karthik Subbaraj,Sony Music South,,,Muthumani Music Video - DOROTHY | Maestro Ilaiyaraaja | Karthik Subbaraj Sony Music South
2026-09-07,sg,Singapore,top_videos_daily,,13,https://i.ytimg.com/vi/3DcoC8p9az8/mqdefault.jpg,Training Season (Live),Dua Lipa,,,Training Season (Live) Dua Lipa
2026-09-07,sg,Singapore,top_videos_daily,,14,https://i.ytimg.com/vi/7H1ObJvb7Hc/mqdefault.jpg,【純享版】張碧晨侯明昊老友重逢卻唱盡痛心！演繹李佳薇新歌《甲乙丙丁》 深情對唱層層遞進 將遺憾與不捨唱到極致 #天賜的聲音7 EP11 20260821,天賜的聲音,,20260821,【纯享版】张碧晨侯明昊老友重逢却唱尽痛心！演绎李佳薇新歌《甲乙丙丁》 深情对唱层层递进 将遗憾与不舍唱到极致 #天赐的声音7 EP11 20260821 天赐的声音
2026-09-07,sg,Singapore,top_videos_daily,,15,https://i.ytimg.com/vi/L8ZnXgbyUuc/mqdefault.jpg,BIGBANG - ‘BiiiG’ M/V,BIGBANG,,,BIGBANG - ‘BiiiG’ M/V BIGBANG
2026-09-07,sg,Singapore,top_videos_daily,,16,https://i.ytimg.com/vi/C1LN4cWjMl0/mqdefault.jpg,Pattampoochi,Sublahshini / G.V. Prakash Kumar,,,Pattampoochi Sublahshini & G.V. Prakash Kumar
2026-09-07,sg,Singapore,top_videos_daily,,17,https://i.ytimg.com/vi/JqFzhcWo3EU/mqdefault.jpg,Yeshanagula | The Paradise | Nani | Keerthy Suresh | Anirudh Ravichander | Srikanth Odela,Saregama Telugu,,,Yeshanagula | The Paradise | Nani | Keerthy Suresh | Anirudh Ravichander | Srikanth Odela Saregama Telugu
2026-09-07,sg,Singapore,top_videos_daily,,18,https://i.ytimg.com/vi/aQXq3ndLkHs/mqdefault.jpg,Still (Official Video),KAROL G / Bruno Mars,,,Still (Official Video) KAROL G & Bruno Mars
2026-09-07,sg,Singapore,top_videos_daily,,19,https://i.ytimg.com/vi/b68HETiNO98/mqdefault.jpg,Pavazha Malli,Sai Abhyankkar / Shruti Haasan,,,Pavazha Malli Sai Abhyankkar & Shruti Haasan
2026-09-07,sg,Singapore,top_videos_daily,,20,https://i.ytimg.com/vi/7VsejGzcJmM/mqdefault.jpg,Alaakaa Loova,Sai Abhyankkar,,,Alaakaa Loova Sai Abhyankkar
2026-09-07,sg,Singapore,top_videos_daily,,21,https://i.ytimg.com/vi/Cm2ue6JYauY/mqdefault.jpg,【純享版】姚曉棠金髮造型驚豔登場！與歐陽娜娜同臺演繹《讀心術》雙人舞臺氛圍感拉滿 #天賜的聲音7 EP12 20260904,天賜的聲音,,20260904,【纯享版】姚晓棠金发造型惊艳登场！与欧阳娜娜同台演绎《读心术》双人舞台氛围感拉满 #天赐的声音7 EP12 20260904 天赐的声音
2026-09-07,sg,Singapore,top_videos_daily,,22,https://i.ytimg.com/vi/-q_S27LbNKU/mqdefault.jpg,BAD,ATEEZ,"6月 25, 2026",<10K,"22 3 BAD ATEEZ 6月 25, 2026 25 72 <10K"
2026-09-07,sg,Singapore,top_videos_daily,,23,https://i.ytimg.com/vi/2v1YURVY_rA/mqdefault.jpg,【純享版】黃霄雲劉端端二搭再唱情歌！《側臉》唱出愛而不得的遺憾 兩人聲線故事感拉滿 #天賜的聲音7 EP12 20260904,天賜的聲音,,20260904,【纯享版】黄霄雲刘端端二搭再唱情歌！《侧脸》唱出爱而不得的遗憾 两人声线故事感拉满 #天赐的声音7 EP12 20260904 天赐的声音
2026-09-07,sg,Singapore,top_videos_daily,,24,https://i.ytimg.com/vi/aWpw-Ynl0Yc/mqdefault.jpg,Bass Persuades,Miley Cyrus,,,Bass Persuades Miley Cyrus
2026-09-07,sg,Singapore,top_videos_daily,,25,https://i.ytimg.com/vi/5i73lHN4Bpw/mqdefault.jpg,Madras Talkies PC 23 - Title Teaser Video | Mani Ratnam | A.R.Rahman | Vijay Sethupathi |Sai Pallavi,Sony Music South,,,Madras Talkies PC 23 - Title Teaser Video | Mani Ratnam | A.R.Rahman | Vijay Sethupathi |Sai Pallavi Sony Music South
2026-09-07,sg,Singapore,top_videos_daily,,26,https://i.ytimg.com/vi/ko70cExuzZM/mqdefault.jpg,The Fate of Ophelia,Taylor Swift,,,The Fate of Ophelia Taylor Swift
2026-09-07,sg,Singapore,top_videos_daily,,27,https://i.ytimg.com/vi/YacpC7sUXMM/mqdefault.jpg,甲乙丙丁 (你我怎麼兩清伴奏),李佳薇,,,甲乙丙丁 (你我怎麼兩清伴奏) 李佳薇
2026-09-07,sg,Singapore,top_videos_daily,,28,https://i.ytimg.com/vi/cOr-TUxo8Kw/mqdefault.jpg,夏空メドレー：Tell Your World × ただ風を追いかけて / 初音ミク＆ロビン【崩壊：スターレイル】,Artistrie / 初音未來,,,夏空メドレー：Tell Your World × ただ風を追いかけて / 初音ミク＆ロビン【崩壊：スターレイル】 Artistrie & 初音未來
2026-09-07,sg,Singapore,top_videos_daily,,29,https://i.ytimg.com/vi/Aze7zTyIRtk/mqdefault.jpg,Aura 10/10,Hiphop Tamizha,,,Aura 10/10 Hiphop Tamizha
2026-09-07,sg,Singapore,top_videos_daily,,30,https://i.ytimg.com/vi/--rTmGtUFhI/mqdefault.jpg,NO GOOD,XG,"9月 3, 2026",<10K,"30 1 NO GOOD XG 9月 3, 2026 31 3 <10K"
2026-09-07,sg,Singapore,top_videos_daily,,31,https://i.ytimg.com/vi/82-jTNka3uc/mqdefault.jpg,hate that i made you love me,Ariana Grande,,,hate that i made you love me Ariana Grande
2026-09-07,sg,Singapore,top_videos_daily,,32,https://i.ytimg.com/vi/bMhDJ0S0OBA/mqdefault.jpg,It's Me,ILLIT,"4月 30, 2026",129,"32 2 It's Me ILLIT 4月 30, 2026 34 129 <10K"
2026-09-07,sg,Singapore,top_videos_daily,,33,https://i.ytimg.com/vi/AYWBYaWcse0/mqdefault.jpg,Iman Fandi - IT IS (Official Music Video),Iman Fandi,,,Iman Fandi - IT IS (Official Music Video) Iman Fandi
2026-09-07,sg,Singapore,top_videos_daily,,34,https://i.ytimg.com/vi/s3a4OQR-10M/mqdefault.jpg,Loser,Tame Impala,,,Loser Tame Impala
2026-09-07,sg,Singapore,top_videos_daily,,35,https://i.ytimg.com/vi/Qe8fa4b5xNU/mqdefault.jpg,Good Goodbye,HWASA,,,Good Goodbye HWASA
2026-09-07,sg,Singapore,top_videos_daily,,36,https://i.ytimg.com/vi/8eOs7Zd-690/mqdefault.jpg,麋先生 聖皓 MIXER Sheng Hao feat. 王識賢 Shih Hsien Wang [ 鹹酸苦汫 Tastes of Life ] Official Music Video,麋先生MIXER,,,麋先生 聖皓 MIXER Sheng Hao feat. 王識賢 Shih Hsien Wang [ 鹹酸苦汫 Tastes of Life ] Official Music Video 麋先生MIXER
2026-09-07,sg,Singapore,top_videos_daily,,37,https://i.ytimg.com/vi/zlAjS20q9pE/mqdefault.jpg,空心 (Live),黃霄雲 / 劉端端,,,空心 (Live) 黃霄雲 & 刘端端
2026-09-07,sg,Singapore,top_videos_daily,,38,https://i.ytimg.com/vi/49x5rfxmv4E/mqdefault.jpg,Karuppa Kooda Va,Sai Abhyankkar / V·M·馬哈林加姆,,,Karuppa Kooda Va Sai Abhyankkar & V·M·馬哈林加姆
2026-09-07,sg,Singapore,top_videos_daily,,39,https://i.ytimg.com/vi/j5BSH0Op5H8/mqdefault.jpg,Giants,NDPeeps / Weish / Iman Fandi,,,"Giants NDPeeps , Weish & Iman Fandi"
2026-09-07,sg,Singapore,top_videos_daily,,40,https://i.ytimg.com/vi/x3eqqoZPV_E/mqdefault.jpg,춤 (CHOOM),BABYMONSTER,,,춤 (CHOOM) BABYMONSTER
2026-09-07,sg,Singapore,top_videos_daily,,41,https://i.ytimg.com/vi/983bBbJx0Mk/mqdefault.jpg,Soda Pop,Saja Boys / Andrew Choi / Neckwav / Danny Chung / KEVIN WOO / samUIL Lee / KPop Demon Hunters Cast,,,"Soda Pop Saja Boys , Andrew Choi , Neckwav , Danny Chung , KEVIN WOO , samUIL Lee & KPop Demon Hunters Cast"
2026-09-07,sg,Singapore,top_videos_daily,,42,https://i.ytimg.com/vi/27C4pfRsf9g/mqdefault.jpg,ICONIC BY MISTAKE,LE SSERAFIM / ILLIT / KATSEYE,,,"ICONIC BY MISTAKE LE SSERAFIM , ILLIT & KATSEYE"
2026-09-07,sg,Singapore,top_videos_daily,,43,https://i.ytimg.com/vi/15dxI9BPxa4/mqdefault.jpg,最後一頁 (Live),王赫野 / 姚曉棠,,,最后一页 (Live) 王赫野 & 姚晓棠
2026-09-07,sg,Singapore,top_videos_daily,,44,https://i.ytimg.com/vi/l1UOPIr76CA/mqdefault.jpg,DECO*27 - 洗脳 feat. 初音ミク,DECO*27,,,DECO*27 - 洗脳 feat. 初音ミク DECO*27
2026-09-07,sg,Singapore,top_videos_daily,,45,https://i.ytimg.com/vi/_G3Nu8q9Z9s/mqdefault.jpg,嘉賓,張遠,"6月 12, 2026",<10K,"45 8 嘉宾 张远 6月 12, 2026 37 60 <10K"
2026-09-07,sg,Singapore,top_videos_daily,,46,https://i.ytimg.com/vi/naoGk-Zjc1s/mqdefault.jpg,SUGAR HONEY ICE TEA,BABYMONSTER,,,SUGAR HONEY ICE TEA BABYMONSTER
2026-09-07,sg,Singapore,top_videos_daily,,47,https://i.ytimg.com/vi/83C3TZ4Zm_o/mqdefault.jpg,LEMONADE,aespa,"5月 28, 2026",100,"47 4 LEMONADE aespa 5月 28, 2026 43 100 <10K"
2026-09-07,sg,Singapore,top_videos_daily,,48,https://i.ytimg.com/vi/6JaeasJw-QI/mqdefault.jpg,Thalapathy Kacheri,Jayanth Maadhur / Anirudh Ravichander / Arun Kaundinya / Nazeeruddin / Srinivasa Mouli,,,"Thalapathy Kacheri Jayanth Maadhur , Anirudh Ravichander , Arun Kaundinya , Nazeeruddin & Srinivasa Mouli"
2026-09-07,sg,Singapore,top_videos_daily,,49,https://i.ytimg.com/vi/e68F6n0pIqs/mqdefault.jpg,黃明志 Ft. Khusugtun【不可分割】(Official Music Video),黃明志,,,黃明志 Ft. Khusugtun【不可分割】(Official Music Video) 黃明志
2026-09-07,sg,Singapore,top_videos_daily,,50,https://i.ytimg.com/vi/eB-IK2wPWzw/mqdefault.jpg,ATEEZ(에이티즈) - 'BAD' Performance Stage (@The Kelly Clarkson Show),ATEEZ,,,ATEEZ(에이티즈) - 'BAD' Performance Stage (@The Kelly Clarkson Show) ATEEZ
2026-09-07,sg,Singapore,top_videos_daily,,51,https://i.ytimg.com/vi/_Vp-jCG7gno/mqdefault.jpg,God Mode,Sai Abhyankkar / Gana Muthu / Vishnu Edavan,,,"God Mode Sai Abhyankkar , Gana Muthu & Vishnu Edavan"
2026-09-07,sg,Singapore,top_videos_daily,,52,https://i.ytimg.com/vi/JSFG-IE8n_c/mqdefault.jpg,like JENNIE,JENNIE,,,like JENNIE JENNIE
2026-09-07,sg,Singapore,top_videos_daily,,53,https://i.ytimg.com/vi/0ijm2Xui5N8/mqdefault.jpg,Ain't In LA,ADÉLA,,,Ain't In LA ADÉLA
2026-09-07,sg,Singapore,top_videos_daily,,54,https://i.ytimg.com/vi/Fr9kkQ6db0A/mqdefault.jpg,【純享版】張碧晨餘佳運把痛唱進《我恨我愛你》！愛與恨反覆拉扯兩種聲線越聽越扎心 #天賜的聲音7 EP12 20260904,天賜的聲音,,20260904,【纯享版】张碧晨余佳运把痛唱进《我恨我爱你》！爱与恨反复拉扯两种声线越听越扎心 #天赐的声音7 EP12 20260904 天赐的声音
2026-09-07,sg,Singapore,top_videos_daily,,55,https://i.ytimg.com/vi/bXlpxL__YoE/mqdefault.jpg,JENNIE - HEAVEN (Live from Governor’s Ball 2026),JENNIE,,2026,JENNIE - HEAVEN (Live from Governor’s Ball 2026) JENNIE
2026-09-07,sg,Singapore,top_videos_daily,,56,https://i.ytimg.com/vi/GaMS0F0_xMI/mqdefault.jpg,You'll Be Okay,NDPeeps / 楚晴,,,You'll Be Okay NDPeeps & 楚晴
2026-09-07,sg,Singapore,top_videos_daily,,57,https://i.ytimg.com/vi/_IT83Y_HcAw/mqdefault.jpg,Less than a Lover,JENNIE,,,Less than a Lover JENNIE
2026-09-07,sg,Singapore,top_videos_daily,,58,https://i.ytimg.com/vi/3rB3n_XR23o/mqdefault.jpg,我不該動情,老闆,"7月 1, 2026",<10K,"58 12 我不該動情 老板 7月 1, 2026 46 47 <10K"
2026-09-07,sg,Singapore,top_videos_daily,,59,https://i.ytimg.com/vi/K-7olbaOelg/mqdefault.jpg,MMG (My Mine Gueh),Naykilla,,,MMG (My Mine Gueh) Naykilla
2026-09-07,sg,Singapore,top_videos_daily,,60,https://i.ytimg.com/vi/RO75uUZiAw0/mqdefault.jpg,Teh Hijau,圖魯斯,"6月 29, 2026",<10K,"60 15 Teh Hijau 圖魯斯 6月 29, 2026 45 63 <10K"
2026-09-07,sg,Singapore,top_videos_daily,,61,https://i.ytimg.com/vi/0Vri50xDo7U/mqdefault.jpg,汪蘇瀧 Silence Wang x 莫文蔚 Karen Mok［陰天］明日世界 Official Stage Video,汪蘇瀧,,,汪苏泷 Silence Wang x 莫文蔚 Karen Mok［阴天］明日世界 Official Stage Video 汪蘇瀧
2026-09-07,sg,Singapore,top_videos_daily,,62,https://i.ytimg.com/vi/BZ4UzthYTss/mqdefault.jpg,This & That,Stray Kids,,,This & That Stray Kids
2026-09-07,sg,Singapore,top_videos_daily,,63,https://i.ytimg.com/vi/2A87rCYlOA8/mqdefault.jpg,INVINCIBLE,ONE OR EIGHT,,,INVINCIBLE ONE OR EIGHT
2026-09-07,sg,Singapore,top_videos_daily,,64,https://i.ytimg.com/vi/X1twu3ztkPU/mqdefault.jpg,Bum Baa Diga Diga - Music Video | DC | Lokesh | Sun Pictures | Anirudh | Arun Matheswaran,Heisenberg / Ritesh G Rao / Anirudh Ravichander / Asura,,,"Bum Baa Diga Diga - Music Video | DC | Lokesh | Sun Pictures | Anirudh | Arun Matheswaran Heisenberg , Ritesh G Rao , Anirudh Ravichander & Asura"
2026-09-07,sg,Singapore,top_videos_daily,,65,https://i.ytimg.com/vi/undhkaMMenU/mqdefault.jpg,Sambavakaari,Saindhavi / 肖恩·羅爾丹 / Mohan Rajan,,,"Sambavakaari Saindhavi , 肖恩·羅爾丹 & Mohan Rajan"
2026-09-07,sg,Singapore,top_videos_daily,,66,https://i.ytimg.com/vi/9cS2wv6AfHk/mqdefault.jpg,I LIKE IT,BABYMONSTER,,,I LIKE IT BABYMONSTER
2026-09-07,sg,Singapore,top_videos_daily,,67,https://i.ytimg.com/vi/Xe7admnJYK8/mqdefault.jpg,Unreal (LIZ Solo),IVE,,,Unreal (LIZ Solo) IVE
2026-09-07,sg,Singapore,top_videos_daily,,68,https://i.ytimg.com/vi/2ips2mM7Zqw/mqdefault.jpg,뱅뱅뱅,BIGBANG,"6月 1, 2015",<10K,"68 1 뱅뱅뱅 BIGBANG 6月 1, 2015 67 11 <10K"
2026-09-07,sg,Singapore,top_videos_daily,,69,https://i.ytimg.com/vi/hbcGx4MGUMg/mqdefault.jpg,Rockstar,LISA,"6月 27, 2024",<10K,"69 49 Rockstar LISA 6月 27, 2024 20 2 <10K"
2026-09-07,sg,Singapore,top_videos_daily,,70,https://i.ytimg.com/vi/A14bHx6l5CA/mqdefault.jpg,Keralanaadu | I-POPSTAR | EP 11 | Priya Jerson | Vijay Narain,Saregama Tamil,,,Keralanaadu | I-POPSTAR | EP 11 | Priya Jerson | Vijay Narain Saregama Tamil
2026-09-07,sg,Singapore,top_videos_daily,,71,https://i.ytimg.com/vi/Bm9lLpmPM0A/mqdefault.jpg,Pattampoochi,Sublahshini / G.V. Prakash Kumar,,,Pattampoochi Sublahshini & G.V. Prakash Kumar
2026-09-07,sg,Singapore,top_videos_daily,,72,https://i.ytimg.com/vi/__JgR79AqR8/mqdefault.jpg,【純享版】李佳薇莊心妍深情合唱《失憶》！高辨識度嗓音相互碰撞 把愛情裡的痛唱到極致 #天賜的聲音7 EP12 20260904,天賜的聲音,,20260904,【纯享版】李佳薇庄心妍深情合唱《失忆》！高辨识度嗓音相互碰撞 把爱情里的痛唱到极致 #天赐的声音7 EP12 20260904 天赐的声音
2026-09-07,sg,Singapore,top_videos_daily,,73,https://i.ytimg.com/vi/v1t4MTqdfyI/mqdefault.jpg,hate that i made you love me,Ariana Grande,,,hate that i made you love me Ariana Grande
2026-09-07,sg,Singapore,top_videos_daily,,74,https://i.ytimg.com/vi/D4n2TiAlT7U/mqdefault.jpg,Animal (Live From The Tonight Show With Jimmy Fallon),KATSEYE,,,Animal (Live From The Tonight Show With Jimmy Fallon) KATSEYE
2026-09-07,sg,Singapore,top_videos_daily,,75,https://i.ytimg.com/vi/Oq7Uq0cRIT0/mqdefault.jpg,. Simi and Chapchap,,,,. Simi and Chapchap
2026-09-07,sg,Singapore,top_videos_daily,,76,https://i.ytimg.com/vi/DXpOdsFrFhE/mqdefault.jpg,OTTAM - MUSIC VIDEO | ASAL KOLAAR | MASS APPEAL | prod.by URBAN THOZHA,Asal Kolaar,,,OTTAM - MUSIC VIDEO | ASAL KOLAAR | MASS APPEAL | prod.by URBAN THOZHA Asal Kolaar
2026-09-07,sg,Singapore,top_videos_daily,,77,https://i.ytimg.com/vi/MvfbHsG4b0A/mqdefault.jpg,我是如此相信｜抒情R&B｜深情對唱｜原來愛如此的動聽,格雷樂團-Grey,,,我是如此相信｜抒情R&B｜深情對唱｜原來愛如此的動聽 格雷乐团-Grey
2026-09-07,sg,Singapore,top_videos_daily,,78,https://i.ytimg.com/vi/AStAgQLeBeo/mqdefault.jpg,Minnale,P Unnikrishnan|Harini,,,Minnale P Unnikrishnan|Harini
2026-09-07,sg,Singapore,top_videos_daily,,79,https://i.ytimg.com/vi/QxWoYkrgpJE/mqdefault.jpg,Nallaru po,Tippu / Sai Abhyankkar,,,Nallaru po Tippu & Sai Abhyankkar
2026-09-07,sg,Singapore,top_videos_daily,,80,https://i.ytimg.com/vi/8F2s8ivKXNY/mqdefault.jpg,Life Goes On,Oliver Tree,,,Life Goes On Oliver Tree
2026-09-07,sg,Singapore,top_videos_daily,,81,https://i.ytimg.com/vi/MT-4Bk1Lw8g/mqdefault.jpg,Bloody Paradise,ENHYPEN,,,Bloody Paradise ENHYPEN
2026-09-07,sg,Singapore,top_videos_daily,,82,https://i.ytimg.com/vi/6Db-cEgbmC4/mqdefault.jpg,Mi Chico,Jason Derulo,,,Mi Chico Jason Derulo
2026-09-07,sg,Singapore,top_videos_daily,,83,https://i.ytimg.com/vi/B5u8JiGVI_k/mqdefault.jpg,BIGBANG - ‘BiiiG’ DANCE PRACTICE,BIGBANG,,,BIGBANG - ‘BiiiG’ DANCE PRACTICE BIGBANG
2026-09-07,sg,Singapore,top_videos_daily,,84,https://i.ytimg.com/vi/ts7-qWkpKYA/mqdefault.jpg,CHUNG HA 청하 | Digital Single [México] Music Video,CHUNG HA 청하,,,CHUNG HA 청하 | Digital Single [México] Music Video CHUNG HA 청하
2026-09-07,sg,Singapore,top_videos_daily,,85,https://i.ytimg.com/vi/DIUiPohDYOs/mqdefault.jpg,"otakotak, AH BENG GOR GOR, Shelhiel, Mulan Theory - CIVIC OR MYVI",Mulan Theory,,,"otakotak, AH BENG GOR GOR, Shelhiel, Mulan Theory - CIVIC OR MYVI Mulan Theory"
2026-09-07,sg,Singapore,top_videos_daily,,86,https://i.ytimg.com/vi/Zi_XLOBDo_Y/mqdefault.jpg,Billie Jean,Michael Jackson,,,Billie Jean Michael Jackson
2026-09-07,sg,Singapore,top_videos_daily,,87,https://i.ytimg.com/vi/xzd24Ik62E0/mqdefault.jpg,I Got Your Back,ILLIT / HANA,,,I Got Your Back ILLIT & HANA
2026-09-07,sg,Singapore,top_videos_daily,,88,https://i.ytimg.com/vi/GnSaLQTrvt0/mqdefault.jpg,Good Goodbye,HWASA,,,Good Goodbye HWASA
2026-09-07,sg,Singapore,top_videos_daily,,89,https://i.ytimg.com/vi/xXZwZ0DolJc/mqdefault.jpg,MOON,BABYMONSTER,,,MOON BABYMONSTER
2026-09-07,sg,Singapore,top_videos_daily,,90,https://i.ytimg.com/vi/oRdxUFDoQe0/mqdefault.jpg,Beat It,Michael Jackson,,,Beat It Michael Jackson
2026-09-07,sg,Singapore,top_videos_daily,,91,https://i.ytimg.com/vi/Ys7-6_t7OEQ/mqdefault.jpg,Beauty And A Beat,Justin Bieber,,,Beauty And A Beat Justin Bieber
2026-09-07,sg,Singapore,top_videos_daily,,92,https://i.ytimg.com/vi/GEk4jHwfFTA/mqdefault.jpg,NORMAL,防彈少年團,"7月 18, 2026",<10K,"92 4 NORMAL 防彈少年團 7月 18, 2026 96 43 <10K"
2026-09-07,sg,Singapore,top_videos_daily,,93,https://i.ytimg.com/vi/UezrC5nNQxE/mqdefault.jpg,Tell Me When You've Had Enough,伊凡塞斯,,,Tell Me When You've Had Enough 伊凡塞斯
2026-09-07,sg,Singapore,top_videos_daily,,94,https://i.ytimg.com/vi/mVdKu8rih78/mqdefault.jpg,i think of you the most,yung kai,,,i think of you the most yung kai
2026-09-07,sg,Singapore,top_videos_daily,,95,https://i.ytimg.com/vi/MzCbEdtNbJ0/mqdefault.jpg,HARU HARU(하루하루),BIGBANG,,,HARU HARU(하루하루) BIGBANG
2026-09-07,sg,Singapore,top_videos_daily,,96,https://i.ytimg.com/vi/Gep0IzKTcFI/mqdefault.jpg,Enna Solla Pogirai (Slowed and Reverbed),Shankar Mahadevan / Harish S Raman,,,Enna Solla Pogirai (Slowed and Reverbed) Shankar Mahadevan & Harish S Raman
2026-09-07,sg,Singapore,top_videos_daily,,97,https://i.ytimg.com/vi/BpY-IfGQL4s/mqdefault.jpg,முதல் கனவே,"Bombay Jayashri, Harish Raghavendra, O.s. Arun",,,"முதல் கனவே Bombay Jayashri, Harish Raghavendra, O.s. Arun"
2026-09-07,sg,Singapore,top_videos_daily,,98,https://i.ytimg.com/vi/hu_qjwqTUmg/mqdefault.jpg,Karuppa Kooda Va,Sai Abhyankkar / V·M·馬哈林加姆,,,Karuppa Kooda Va Sai Abhyankkar & V·M·馬哈林加姆
2026-09-07,sg,Singapore,top_videos_daily,,99,https://i.ytimg.com/vi/Gnn4GRSzRXI/mqdefault.jpg,BOOMPALA,LE SSERAFIM,,,BOOMPALA LE SSERAFIM
2026-09-07,sg,Singapore,top_videos_daily,,100,https://i.ytimg.com/vi/46h0LvDHgIs/mqdefault.jpg,TUIDE (튜이드) ‘SUN KISS’ Official MV,HYBE LABELS,,,TUIDE (튜이드) ‘SUN KISS’ Official MV HYBE LABELS
2026-09-07,my,Malaysia,top_videos_daily,,1,https://i.ytimg.com/vi/FyS5dAywkEo/mqdefault.jpg,SaWaDiKa (Official Music Video),LISA,,,SaWaDiKa (Official Music Video) LISA
2026-09-07,my,Malaysia,top_videos_daily,,2,https://i.ytimg.com/vi/RO75uUZiAw0/mqdefault.jpg,Teh Hijau,圖魯斯,"6月 29, 2026",260810,"2 ● Teh Hijau 圖魯斯 6月 29, 2026 2 62 260,810"
2026-09-07,my,Malaysia,top_videos_daily,,3,https://i.ytimg.com/vi/cDee7SZwtbk/mqdefault.jpg,Adek Saye Abe Sore,Adek Saye Abe Sore,,,Adek Saye Abe Sore Adek Saye Abe Sore
2026-09-07,my,Malaysia,top_videos_daily,,4,https://i.ytimg.com/vi/acDzcefJoCs/mqdefault.jpg,Dari Bawah,EzHaRHaNzE,,,Dari Bawah EzHaRHaNzE
2026-09-07,my,Malaysia,top_videos_daily,,5,https://i.ytimg.com/vi/K-7olbaOelg/mqdefault.jpg,MMG (My Mine Gueh),Naykilla,,,MMG (My Mine Gueh) Naykilla
2026-09-07,my,Malaysia,top_videos_daily,,6,https://i.ytimg.com/vi/3DcoC8p9az8/mqdefault.jpg,Training Season (Live),Dua Lipa,,,Training Season (Live) Dua Lipa
2026-09-07,my,Malaysia,top_videos_daily,,7,https://i.ytimg.com/vi/GTzi2Y1gX2c/mqdefault.jpg,Sayang Orang Sama,Sayang Orang Sama,,,Sayang Orang Sama Sayang Orang Sama
2026-09-07,my,Malaysia,top_videos_daily,,8,https://i.ytimg.com/vi/fcnDmrtj6Sk/mqdefault.jpg,Dai Dai,Shakira / Burna Boy,,,Dai Dai Shakira & Burna Boy
2026-09-07,my,Malaysia,top_videos_daily,,9,https://i.ytimg.com/vi/7qnjiZ_jJuU/mqdefault.jpg,Dalam Diam,Mojack Hafiz / Zynakal / Zamir Harith / Bel Janni,,,"Dalam Diam Mojack Hafiz , Zynakal , Zamir Harith & Bel Janni"
2026-09-07,my,Malaysia,top_videos_daily,,10,https://i.ytimg.com/vi/kvzCTmwnI-A/mqdefault.jpg,Tiwikarma,K.O.I,"9月 18, 2024",80637,"10 1 Tiwikarma K.O.I 9月 18, 2024 9 24 80,637"
2026-09-07,my,Malaysia,top_videos_daily,,11,https://i.ytimg.com/vi/yebNIHKAC4A/mqdefault.jpg,Golden,HUNTR/X / EJAE / AUDREY NUNA / REI AMI / KPop Demon Hunters Cast,,,"Golden HUNTR/X , EJAE , AUDREY NUNA , REI AMI & KPop Demon Hunters Cast"
2026-09-07,my,Malaysia,top_videos_daily,,12,https://i.ytimg.com/vi/jR3rWCBeO6M/mqdefault.jpg,@SaiAbhyankkar - Radhimaa (Music Video) | Bhagyashri Borse | Vivek | Thejo Bharathwaj | Think Indie,Think Music India,,,@SaiAbhyankkar - Radhimaa (Music Video) | Bhagyashri Borse | Vivek | Thejo Bharathwaj | Think Indie Think Music India
2026-09-07,my,Malaysia,top_videos_daily,,13,https://i.ytimg.com/vi/s8oCK-O2Nhw/mqdefault.jpg,"Iman Troye, Asslahierah & XO House - Jung Jung Inai (Official Visualizer)",Iman Troye,,,"Iman Troye, Asslahierah & XO House - Jung Jung Inai (Official Visualizer) Iman Troye"
2026-09-07,my,Malaysia,top_videos_daily,,14,https://i.ytimg.com/vi/ApXoWvfEYVU/mqdefault.jpg,Sunflower,Post Malone / Swae Lee,,,Sunflower Post Malone & Swae Lee
2026-09-07,my,Malaysia,top_videos_daily,,15,https://i.ytimg.com/vi/SEiUqNmtIy8/mqdefault.jpg,MERAMPAU - ALEX WAN ( OFFICIAL MUSIC VIDEO,Twin Tone Production Sdn Bhd,,,MERAMPAU - ALEX WAN ( OFFICIAL MUSIC VIDEO ) Twin Tone Production Sdn Bhd
2026-09-07,my,Malaysia,top_videos_daily,,16,https://i.ytimg.com/vi/fLdVq8n-KQg/mqdefault.jpg,Astaga Bercanda,Akbar Chalay / Mingse,,,Astaga Bercanda Akbar Chalay & Mingse
2026-09-07,my,Malaysia,top_videos_daily,,17,https://i.ytimg.com/vi/xvT1jH8B9AM/mqdefault.jpg,KALYANI (Remix),ARJN / KDS / FIFTY4 / 舒蕾亞·戈沙爾,,,"KALYANI (Remix) ARJN , KDS , FIFTY4 & 舒蕾亞·戈沙爾"
2026-09-07,my,Malaysia,top_videos_daily,,18,https://i.ytimg.com/vi/T48XTvKkdf8/mqdefault.jpg,Ku Yang Berjuang,Danial Kifli,,,Ku Yang Berjuang Danial Kifli
2026-09-07,my,Malaysia,top_videos_daily,,19,https://i.ytimg.com/vi/7VsejGzcJmM/mqdefault.jpg,Alaakaa Loova,Sai Abhyankkar,,,Alaakaa Loova Sai Abhyankkar
2026-09-07,my,Malaysia,top_videos_daily,,20,https://i.ytimg.com/vi/CroPUdZJPj0/mqdefault.jpg,柔曼的情懷眼眸，藏在哪裡等候。請欣賞好聽的粵語歌曲「煙波行舟」 | 歌詞來自鏡像先生的詩集 #歌曲 #詩歌 #鏡像世界 #鏡像 #音樂 #鏡像歌曲 #禪意詩詞 #哲理 #禪心詩人,鏡像 JINGXIANG,,,柔曼的情懷眼眸，藏在哪裡等候。請欣賞好聽的粵語歌曲「煙波行舟」 | 歌詞來自鏡像先生的詩集 #歌曲 #詩歌 #鏡像世界 #鏡像 #音樂 #鏡像歌曲 #禪意詩詞 #哲理 #禪心詩人 鏡像 JINGXIANG
2026-09-07,my,Malaysia,top_videos_daily,,21,https://i.ytimg.com/vi/0VOhIR3bnXY/mqdefault.jpg,ORANG BARU LEBE GACOR,Ecko Show / Juan Reza / CHESYLINO,,,"ORANG BARU LEBE GACOR Ecko Show , Juan Reza & CHESYLINO"
2026-09-07,my,Malaysia,top_videos_daily,,22,https://i.ytimg.com/vi/s466YCiHfKw/mqdefault.jpg,FALLEN ANGEL (Official Video),JENNIE,,,FALLEN ANGEL (Official Video) JENNIE
2026-09-07,my,Malaysia,top_videos_daily,,23,https://i.ytimg.com/vi/YJnbL_AkLF0/mqdefault.jpg,Menjaga Jodoh Orang Lain (Official Lyric Video),Ara Johari,,,Menjaga Jodoh Orang Lain (Official Lyric Video) Ara Johari
2026-09-07,my,Malaysia,top_videos_daily,,24,https://i.ytimg.com/vi/ekr2nIex040/mqdefault.jpg,APT.,ROSÉ / Bruno Mars,,,APT. ROSÉ & Bruno Mars
2026-09-07,my,Malaysia,top_videos_daily,,25,https://i.ytimg.com/vi/yvsLPs7l6bY/mqdefault.jpg,Meligai Pengerindu,Igu Anthony,,,Meligai Pengerindu Igu Anthony
2026-09-07,my,Malaysia,top_videos_daily,,26,https://i.ytimg.com/vi/SeSAwqq_Kpo/mqdefault.jpg,Kita Lewati Berdua,Overnight,,,Kita Lewati Berdua Overnight
2026-09-07,my,Malaysia,top_videos_daily,,27,https://i.ytimg.com/vi/q_VCud5ZQSM/mqdefault.jpg,Bungai Pinang | Rickie Andrewson ( OFFICIAL MV,Assapai Entertainment,,,Bungai Pinang | Rickie Andrewson ( OFFICIAL MV ) Assapai Entertainment
2026-09-07,my,Malaysia,top_videos_daily,,28,https://i.ytimg.com/vi/b68HETiNO98/mqdefault.jpg,Pavazha Malli,Sai Abhyankkar / Shruti Haasan,,,Pavazha Malli Sai Abhyankkar & Shruti Haasan
2026-09-07,my,Malaysia,top_videos_daily,,29,https://i.ytimg.com/vi/s5stGs1ktQc/mqdefault.jpg,Romantis (Official Music Video),Spring,,,Romantis (Official Music Video) Spring
2026-09-07,my,Malaysia,top_videos_daily,,30,https://i.ytimg.com/vi/IWYt2NKAldE/mqdefault.jpg,Mizan & Apak Kapak - Ayah Ibu 2.0 (Official Music Video),Padu Records,,,Mizan & Apak Kapak - Ayah Ibu 2.0 (Official Music Video) Padu Records
2026-09-07,my,Malaysia,top_videos_daily,,31,https://i.ytimg.com/vi/awWKxGftWh4/mqdefault.jpg,Dunia Yang Nanti,Raim Laode,,,Dunia Yang Nanti Raim Laode
2026-09-07,my,Malaysia,top_videos_daily,,32,https://i.ytimg.com/vi/kuFKiCS29Zo/mqdefault.jpg,Exist - Janji Padamu,Along Exists,,,Exist - Janji Padamu Along Exists
2026-09-07,my,Malaysia,top_videos_daily,,33,https://i.ytimg.com/vi/Aze7zTyIRtk/mqdefault.jpg,Aura 10/10,Hiphop Tamizha,,,Aura 10/10 Hiphop Tamizha
2026-09-07,my,Malaysia,top_videos_daily,,34,https://i.ytimg.com/vi/DFUrWwEJ93A/mqdefault.jpg,Andai Dapat Ku Undur Masa,AXL,,,Andai Dapat Ku Undur Masa AXL
2026-09-07,my,Malaysia,top_videos_daily,,35,https://i.ytimg.com/vi/qlFuXWRRsxU/mqdefault.jpg,Jodoh Lebaran,Aisha Retno,,,Jodoh Lebaran Aisha Retno
2026-09-07,my,Malaysia,top_videos_daily,,36,https://i.ytimg.com/vi/-q_S27LbNKU/mqdefault.jpg,BAD,ATEEZ,"6月 25, 2026",42638,"36 4 BAD ATEEZ 6月 25, 2026 32 70 42,638"
2026-09-07,my,Malaysia,top_videos_daily,,37,https://i.ytimg.com/vi/ko70cExuzZM/mqdefault.jpg,The Fate of Ophelia,Taylor Swift,,,The Fate of Ophelia Taylor Swift
2026-09-07,my,Malaysia,top_videos_daily,,38,https://i.ytimg.com/vi/x6E_Qj30EZI/mqdefault.jpg,Aishiteru,Zivilia,,,Aishiteru Zivilia
2026-09-07,my,Malaysia,top_videos_daily,,39,https://i.ytimg.com/vi/cmICctnAWCY/mqdefault.jpg,kota ini tak sama tanpamu,Nadhif Basalamah,,,kota ini tak sama tanpamu Nadhif Basalamah
2026-09-07,my,Malaysia,top_videos_daily,,40,https://i.ytimg.com/vi/M7oZR-MTEZs/mqdefault.jpg,Iqro',Raim Laode,,,Iqro' Raim Laode
2026-09-07,my,Malaysia,top_videos_daily,,41,https://i.ytimg.com/vi/FcOctsNXyjk/mqdefault.jpg,Cinta Luar Biasa,Andmesh,,,Cinta Luar Biasa Andmesh
2026-09-07,my,Malaysia,top_videos_daily,,42,https://i.ytimg.com/vi/VR7PK3FPE1Q/mqdefault.jpg,Jemu,梅,"2月 14, 2021",38698,"42 2 Jemu 梅 2月 14, 2021 40 39 38,698"
2026-09-07,my,Malaysia,top_videos_daily,,43,https://i.ytimg.com/vi/38_bAaFI41w/mqdefault.jpg,Don't Force Your Longing,Ifan Seventeen,,,Don't Force Your Longing Ifan Seventeen
2026-09-07,my,Malaysia,top_videos_daily,,44,https://i.ytimg.com/vi/zyLmavBAY7k/mqdefault.jpg,Teh Hijau,圖魯斯,"7月 10, 2026",37639,"44 17 Teh Hijau 圖魯斯 7月 10, 2026 27 34 37,639"
2026-09-07,my,Malaysia,top_videos_daily,,45,https://i.ytimg.com/vi/C1LN4cWjMl0/mqdefault.jpg,Pattampoochi,Sublahshini / G.V. Prakash Kumar,,,Pattampoochi Sublahshini & G.V. Prakash Kumar
2026-09-07,my,Malaysia,top_videos_daily,,46,https://i.ytimg.com/vi/oIDeGj83us8/mqdefault.jpg,MALAYSIA,法依扎爾·塔基爾,,,MALAYSIA 法依扎爾·塔基爾
2026-09-07,my,Malaysia,top_videos_daily,,47,https://i.ytimg.com/vi/zjxO40VrMZA/mqdefault.jpg,Jiwa Yang Mengalah,Bellestrelle,,,Jiwa Yang Mengalah Bellestrelle
2026-09-07,my,Malaysia,top_videos_daily,,48,https://i.ytimg.com/vi/N2q8_schirM/mqdefault.jpg,Demi Sekeping Kertas,Latipah,,,Demi Sekeping Kertas Latipah
2026-09-07,my,Malaysia,top_videos_daily,,49,https://i.ytimg.com/vi/yIPX-FNJ9qk/mqdefault.jpg,Sedia Aku Sebelum Hujan,Idgitaf,,,Sedia Aku Sebelum Hujan Idgitaf
2026-09-07,my,Malaysia,top_videos_daily,,50,https://i.ytimg.com/vi/lY5V4hSLWY8/mqdefault.jpg,Risk It All,Bruno Mars,,,Risk It All Bruno Mars
2026-09-07,my,Malaysia,top_videos_daily,,51,https://i.ytimg.com/vi/5UvKjk8zmhI/mqdefault.jpg,Mimpi,K-Clique,"7月 10, 2019",32709,"51 51 Mimpi K-Clique 7月 10, 2019 - 3 32,709"
2026-09-07,my,Malaysia,top_videos_daily,,52,https://i.ytimg.com/vi/dAevFxbfqkU/mqdefault.jpg,Gadis Manis Kalimantan,Syahriadi,,,Gadis Manis Kalimantan Syahriadi
2026-09-07,my,Malaysia,top_videos_daily,,53,https://i.ytimg.com/vi/B452TVVco2Q/mqdefault.jpg,Great Expectation,SIENNA SPIRO,,,Great Expectation SIENNA SPIRO
2026-09-07,my,Malaysia,top_videos_daily,,54,https://i.ytimg.com/vi/8F2s8ivKXNY/mqdefault.jpg,Life Goes On,Oliver Tree,,,Life Goes On Oliver Tree
2026-09-07,my,Malaysia,top_videos_daily,,55,https://i.ytimg.com/vi/aQXq3ndLkHs/mqdefault.jpg,Still (Official Video),KAROL G / Bruno Mars,,,Still (Official Video) KAROL G & Bruno Mars
2026-09-07,my,Malaysia,top_videos_daily,,56,https://i.ytimg.com/vi/s_w6P5aWVgc/mqdefault.jpg,Punca,Sofazr SecondPlan,,,Punca Sofazr SecondPlan
2026-09-07,my,Malaysia,top_videos_daily,,57,https://i.ytimg.com/vi/1rlFmpRxdE4/mqdefault.jpg,DJ BAK SERUMPUN SUMPAH JANJI BERDUA | MIMPI MANIS REMIX FULL BASS VIRAL TIKTOK TERBARU 2026,DJ Alkenzi,,2026,DJ BAK SERUMPUN SUMPAH JANJI BERDUA | MIMPI MANIS REMIX FULL BASS VIRAL TIKTOK TERBARU 2026 DJ Alkenzi
2026-09-07,my,Malaysia,top_videos_daily,,58,https://i.ytimg.com/vi/82-jTNka3uc/mqdefault.jpg,hate that i made you love me,Ariana Grande,,,hate that i made you love me Ariana Grande
2026-09-07,my,Malaysia,top_videos_daily,,59,https://i.ytimg.com/vi/OT5msu-dap8/mqdefault.jpg,Shape Of My Heart,Backstreet Boys,,,Shape Of My Heart Backstreet Boys
2026-09-07,my,Malaysia,top_videos_daily,,60,https://i.ytimg.com/vi/9Hrq97AdO7Q/mqdefault.jpg,Rembulan Malam,Arief,,,Rembulan Malam Arief
2026-09-07,my,Malaysia,top_videos_daily,,61,https://i.ytimg.com/vi/OpQFFLBMEPI/mqdefault.jpg,Just Give Me A Reason,P!nk,,,Just Give Me A Reason P!nk
2026-09-07,my,Malaysia,top_videos_daily,,62,https://i.ytimg.com/vi/2cvUiFW6pto/mqdefault.jpg,Radja - Takkan Melupakanmu,Radja,,,Radja - Takkan Melupakanmu Radja
2026-09-07,my,Malaysia,top_videos_daily,,63,https://i.ytimg.com/vi/yCUx43XjHPM/mqdefault.jpg,Haqiem Rusli & Zamani - Gerimis Derita (Official Music Video),FMC Music,,,Haqiem Rusli & Zamani - Gerimis Derita (Official Music Video) FMC Music
2026-09-07,my,Malaysia,top_videos_daily,,64,https://i.ytimg.com/vi/Nskf70DMR60/mqdefault.jpg,Sesi Potret,eńau,,,Sesi Potret eńau
2026-09-07,my,Malaysia,top_videos_daily,,65,https://i.ytimg.com/vi/DIUiPohDYOs/mqdefault.jpg,"otakotak, AH BENG GOR GOR, Shelhiel, Mulan Theory - CIVIC OR MYVI",Mulan Theory,,,"otakotak, AH BENG GOR GOR, Shelhiel, Mulan Theory - CIVIC OR MYVI Mulan Theory"
2026-09-07,my,Malaysia,top_videos_daily,,66,https://i.ytimg.com/vi/__Pb1fO2H2A/mqdefault.jpg,Kita Lewati Berdua,overnight,,,Kita Lewati Berdua overnight
2026-09-07,my,Malaysia,top_videos_daily,,67,https://i.ytimg.com/vi/m7k9UMcHbr0/mqdefault.jpg,"KATSEYE (캣츠아이) ""Animal"" Official MV",KATSEYE,,,"KATSEYE (캣츠아이) ""Animal"" Official MV KATSEYE"
2026-09-07,my,Malaysia,top_videos_daily,,68,https://i.ytimg.com/vi/BHwcpWwnEls/mqdefault.jpg,Cuba Jadi Aku,Nadeera,,,Cuba Jadi Aku Nadeera
2026-09-07,my,Malaysia,top_videos_daily,,69,https://i.ytimg.com/vi/6JaeasJw-QI/mqdefault.jpg,Thalapathy Kacheri,Jayanth Maadhur / Anirudh Ravichander / Arun Kaundinya / Nazeeruddin / Srinivasa Mouli,,,"Thalapathy Kacheri Jayanth Maadhur , Anirudh Ravichander , Arun Kaundinya , Nazeeruddin & Srinivasa Mouli"
2026-09-07,my,Malaysia,top_videos_daily,,70,https://i.ytimg.com/vi/0SbnqsQInqE/mqdefault.jpg,MUTIARA,Ipank / Kintani,,,MUTIARA Ipank & Kintani
2026-09-07,my,Malaysia,top_videos_daily,,71,https://i.ytimg.com/vi/is8UDe2PhKQ/mqdefault.jpg,KATSEYE (캣츠아이) 'Hootie Frutti' Official MV,KATSEYE,,,KATSEYE (캣츠아이) 'Hootie Frutti' Official MV KATSEYE
2026-09-07,my,Malaysia,top_videos_daily,,72,https://i.ytimg.com/vi/Xq1OAd0UqZc/mqdefault.jpg,Memorindu - Arghpiez ft. Edrie Hashim (Official Music Video),Rhunut Music,,,Memorindu - Arghpiez ft. Edrie Hashim (Official Music Video) Rhunut Music
2026-09-07,my,Malaysia,top_videos_daily,,73,https://i.ytimg.com/vi/Q9D_5C0Xhd8/mqdefault.jpg,Kaban Sampai Mati,Watt Rock,,,Kaban Sampai Mati Watt Rock
2026-09-07,my,Malaysia,top_videos_daily,,74,https://i.ytimg.com/vi/nYLaeQ0_TjY/mqdefault.jpg,Mencari Alasan,Exists,,,Mencari Alasan Exists
2026-09-07,my,Malaysia,top_videos_daily,,75,https://i.ytimg.com/vi/fMiH9F7O9eM/mqdefault.jpg,Tak Adil,Aisha Retno,,,Tak Adil Aisha Retno
2026-09-07,my,Malaysia,top_videos_daily,,76,https://i.ytimg.com/vi/Q3bFaJVLlb0/mqdefault.jpg,ဤသို့ပြုရ,Theinkpan Htun,,,ဤသို့ပြုရ Theinkpan Htun
2026-09-07,my,Malaysia,top_videos_daily,,77,https://i.ytimg.com/vi/JNSKvJg9nrg/mqdefault.jpg,Sofaz - Dan Bila Esok (Official Video Lirik),Lirik Masterpiece,,,Sofaz - Dan Bila Esok (Official Video Lirik) Lirik Masterpiece
2026-09-07,my,Malaysia,top_videos_daily,,78,https://i.ytimg.com/vi/L8ZnXgbyUuc/mqdefault.jpg,BIGBANG - ‘BiiiG’ M/V,BIGBANG,,,BIGBANG - ‘BiiiG’ M/V BIGBANG
2026-09-07,my,Malaysia,top_videos_daily,,79,https://i.ytimg.com/vi/9bZkp7q19f0/mqdefault.jpg,Gangnam Style,PSY,,,Gangnam Style PSY
2026-09-07,my,Malaysia,top_videos_daily,,80,https://i.ytimg.com/vi/49x5rfxmv4E/mqdefault.jpg,Karuppa Kooda Va,Sai Abhyankkar / V·M·馬哈林加姆,,,Karuppa Kooda Va Sai Abhyankkar & V·M·馬哈林加姆
2026-09-07,my,Malaysia,top_videos_daily,,81,https://i.ytimg.com/vi/bMhDJ0S0OBA/mqdefault.jpg,It's Me,ILLIT,"4月 30, 2026",24201,"81 3 It's Me ILLIT 4月 30, 2026 78 113 24,201"
2026-09-07,my,Malaysia,top_videos_daily,,82,https://i.ytimg.com/vi/k_V8Xfkhd_Y/mqdefault.jpg,Tersingkap Kini Rahsia Tersembunyi,Kulit,,,Tersingkap Kini Rahsia Tersembunyi Kulit
2026-09-07,my,Malaysia,top_videos_daily,,83,https://i.ytimg.com/vi/AK66nMGhoek/mqdefault.jpg,ST12 - P.U.S.P.A | Official Music Video,Setia Band,,,ST12 - P.U.S.P.A | Official Music Video Setia Band
2026-09-07,my,Malaysia,top_videos_daily,,84,https://i.ytimg.com/vi/PHSx-B0msUk/mqdefault.jpg,Bii畢書盡 feat. 鼓鼓 呂思緯 GBOYSWAG - '比就比就比 BJBJB' Official Music Video,畢書盡,,,Bii畢書盡 feat. 鼓鼓 呂思緯 GBOYSWAG - '比就比就比 BJBJB' Official Music Video 畢書盡
2026-09-07,my,Malaysia,top_videos_daily,,85,https://i.ytimg.com/vi/Bm9lLpmPM0A/mqdefault.jpg,Pattampoochi,Sublahshini / G.V. Prakash Kumar,,,Pattampoochi Sublahshini & G.V. Prakash Kumar
2026-09-07,my,Malaysia,top_videos_daily,,86,https://i.ytimg.com/vi/eB-IK2wPWzw/mqdefault.jpg,ATEEZ(에이티즈) - 'BAD' Performance Stage (@The Kelly Clarkson Show),ATEEZ,,,ATEEZ(에이티즈) - 'BAD' Performance Stage (@The Kelly Clarkson Show) ATEEZ
2026-09-07,my,Malaysia,top_videos_daily,,87,https://i.ytimg.com/vi/_Vp-jCG7gno/mqdefault.jpg,God Mode,Sai Abhyankkar / Gana Muthu / Vishnu Edavan,,,"God Mode Sai Abhyankkar , Gana Muthu & Vishnu Edavan"
2026-09-07,my,Malaysia,top_videos_daily,,88,https://i.ytimg.com/vi/-sRB7kIJ2uw/mqdefault.jpg,Aku Diam Aku Tahu,Andak_13Ai,,,Aku Diam Aku Tahu Andak_13Ai
2026-09-07,my,Malaysia,top_videos_daily,,89,https://i.ytimg.com/vi/QxWoYkrgpJE/mqdefault.jpg,Nallaru po,Tippu / Sai Abhyankkar,,,Nallaru po Tippu & Sai Abhyankkar
2026-09-07,my,Malaysia,top_videos_daily,,90,https://i.ytimg.com/vi/v1t4MTqdfyI/mqdefault.jpg,hate that i made you love me,Ariana Grande,,,hate that i made you love me Ariana Grande
2026-09-07,my,Malaysia,top_videos_daily,,91,https://i.ytimg.com/vi/qoq8B8ThgEM/mqdefault.jpg,Tujh Mein Rab Dikhta Hai,Roopkumar Rathod,,,Tujh Mein Rab Dikhta Hai Roopkumar Rathod
2026-09-07,my,Malaysia,top_videos_daily,,92,https://i.ytimg.com/vi/bz63pYKCS7w/mqdefault.jpg,Khalifah - Siapa Laia (Official Lyric Video),Khalifah,,,Khalifah - Siapa Laia (Official Lyric Video) Khalifah
2026-09-07,my,Malaysia,top_videos_daily,,93,https://i.ytimg.com/vi/fwK7ggA3-bU/mqdefault.jpg,One More Night,Maroon 5,,,One More Night Maroon 5
2026-09-07,my,Malaysia,top_videos_daily,,94,https://i.ytimg.com/vi/mapIOhPtifo/mqdefault.jpg,Sejiwa,Spring,"8月 2, 2020",21823,"94 6 Sejiwa Spring 8月 2, 2020 88 91 21,823"
2026-09-07,my,Malaysia,top_videos_daily,,95,https://i.ytimg.com/vi/VNuzL5GTK1g/mqdefault.jpg,Menanti janji,Ronnie Hussien,,,Menanti janji Ronnie Hussien
2026-09-07,my,Malaysia,top_videos_daily,,96,https://i.ytimg.com/vi/x3eqqoZPV_E/mqdefault.jpg,춤 (CHOOM),BABYMONSTER,,,춤 (CHOOM) BABYMONSTER
2026-09-07,my,Malaysia,top_videos_daily,,97,https://i.ytimg.com/vi/EO0l4P4ROmM/mqdefault.jpg,Hyper Act. - Bukan Untukku (Video Lirik),RUSA MUSIC SINGAPORE,,,Hyper Act. - Bukan Untukku (Video Lirik) RUSA MUSIC SINGAPORE
2026-09-07,my,Malaysia,top_videos_daily,,98,https://i.ytimg.com/vi/ConUwSndl6Y/mqdefault.jpg,Cinta Mati,Apau Qhaliff,,,Cinta Mati Apau Qhaliff
2026-09-07,my,Malaysia,top_videos_daily,,99,https://i.ytimg.com/vi/7H1ObJvb7Hc/mqdefault.jpg,【純享版】張碧晨侯明昊老友重逢卻唱盡痛心！演繹李佳薇新歌《甲乙丙丁》 深情對唱層層遞進 將遺憾與不捨唱到極致 #天賜的聲音7 EP11 20260821,天賜的聲音,,20260821,【纯享版】张碧晨侯明昊老友重逢却唱尽痛心！演绎李佳薇新歌《甲乙丙丁》 深情对唱层层递进 将遗憾与不舍唱到极致 #天赐的声音7 EP11 20260821 天赐的声音
2026-09-07,my,Malaysia,top_videos_daily,,100,https://i.ytimg.com/vi/e68F6n0pIqs/mqdefault.jpg,黃明志 Ft. Khusugtun【不可分割】(Official Music Video),黃明志,,,黃明志 Ft. Khusugtun【不可分割】(Official Music Video) 黃明志