captured_date,market,market_name,chart,period_suffix,rank,image_url,primary_name,secondary_name,release_date,metric_value,raw_text
2026-08-24,global,Global,top_videos_daily,,1,https://i.ytimg.com/vi/fcnDmrtj6Sk/mqdefault.jpg,Dai Dai,Shakira / Burna Boy,,,Dai Dai Shakira & Burna Boy
2026-08-24,global,Global,top_videos_daily,,2,https://i.ytimg.com/vi/xvT1jH8B9AM/mqdefault.jpg,KALYANI (Remix),ARJN / KDS / FIFTY4 / 舒蕾亞·戈沙爾,,,"KALYANI (Remix) ARJN , KDS , FIFTY4 & 舒蕾亞·戈沙爾"
2026-08-24,global,Global,top_videos_daily,,3,https://i.ytimg.com/vi/is8UDe2PhKQ/mqdefault.jpg,KATSEYE (캣츠아이) 'Hootie Frutti' Official MV,KATSEYE,,,KATSEYE (캣츠아이) 'Hootie Frutti' Official MV KATSEYE
2026-08-24,global,Global,top_videos_daily,,4,https://i.ytimg.com/vi/vSA7yMrTETg/mqdefault.jpg,Xamdam Sobirov - Peshta / Хамдам Собиров - Пешта / Video Klip,Xamdam Sobirov,,,Xamdam Sobirov - Peshta / Хамдам Собиров - Пешта / Video Klip Xamdam Sobirov
2026-08-24,global,Global,top_videos_daily,,5,https://i.ytimg.com/vi/MT-4Bk1Lw8g/mqdefault.jpg,ENHYPEN (엔하이픈) 'Bloody Paradise' Official MV,HYBE LABELS,,,ENHYPEN (엔하이픈) 'Bloody Paradise' Official MV HYBE LABELS
2026-08-24,global,Global,top_videos_daily,,6,https://i.ytimg.com/vi/6rvUyBiBtik/mqdefault.jpg,Tera Mera Rishta,Sayeed Quadri / Mustafa Zahid / Pritam,,,"Tera Mera Rishta Sayeed Quadri , Mustafa Zahid & Pritam"
2026-08-24,global,Global,top_videos_daily,,7,https://i.ytimg.com/vi/yebNIHKAC4A/mqdefault.jpg,Golden,HUNTR/X / EJAE / AUDREY NUNA / REI AMI / KPop Demon Hunters Cast,,,"Golden HUNTR/X , EJAE , AUDREY NUNA , REI AMI & KPop Demon Hunters Cast"
2026-08-24,global,Global,top_videos_daily,,8,https://i.ytimg.com/vi/ApXoWvfEYVU/mqdefault.jpg,Sunflower,Post Malone / Swae Lee,,,Sunflower Post Malone & Swae Lee
2026-08-24,global,Global,top_videos_daily,,9,https://i.ytimg.com/vi/A_RV2H2F9jw/mqdefault.jpg,Basinga Balaalu,Srinidhi Nerella / Kalyan Keys / Swamy Naresh,,,"Basinga Balaalu Srinidhi Nerella , Kalyan Keys & Swamy Naresh"
2026-08-24,global,Global,top_videos_daily,,10,https://i.ytimg.com/vi/YyepU5ztLf4/mqdefault.jpg,Shararat,Madhubanti Bagchi / 雅斯文·桑德拉斯 / 沙赫瓦特·薩赫迪夫,,,"Shararat Madhubanti Bagchi , 雅斯文·桑德拉斯 & 沙赫瓦特·薩赫迪夫"
2026-08-24,global,Global,top_videos_daily,,11,https://i.ytimg.com/vi/kwwdY1bp-Ck/mqdefault.jpg,Todo Lo Fue - (Video Oficial) - Lenin Ramirez - DEL Records 2026,DEL Records,,2026,Todo Lo Fue - (Video Oficial) - Lenin Ramirez - DEL Records 2026 DEL Records
2026-08-24,global,Global,top_videos_daily,,12,https://i.ytimg.com/vi/8F2s8ivKXNY/mqdefault.jpg,Life Goes On,Oliver Tree,,,Life Goes On Oliver Tree
2026-08-24,global,Global,top_videos_daily,,13,https://i.ytimg.com/vi/u9BdaJTWeiw/mqdefault.jpg,Barbaadi,Shilpi Raj,,,Barbaadi Shilpi Raj
2026-08-24,global,Global,top_videos_daily,,14,https://i.ytimg.com/vi/m7k9UMcHbr0/mqdefault.jpg,"KATSEYE (캣츠아이) ""Animal"" Official MV",KATSEYE,,,"KATSEYE (캣츠아이) ""Animal"" Official MV KATSEYE"
2026-08-24,global,Global,top_videos_daily,,15,https://i.ytimg.com/vi/23cipSExADA/mqdefault.jpg,เพราะพี่รักจริง,หนึ่ง บีเคแบนด์,,,เพราะพี่รักจริง หนึ่ง บีเคแบนด์
2026-08-24,global,Global,top_videos_daily,,16,https://i.ytimg.com/vi/ebZj_nrmH-c/mqdefault.jpg,Barsaat,Banjaare / Roni,,,Barsaat Banjaare & Roni
2026-08-24,global,Global,top_videos_daily,,17,https://i.ytimg.com/vi/L8ZnXgbyUuc/mqdefault.jpg,BIGBANG - ‘BiiiG’ M/V,BIGBANG,,,BIGBANG - ‘BiiiG’ M/V BIGBANG
2026-08-24,global,Global,top_videos_daily,,18,https://i.ytimg.com/vi/69L-nKRY3ac/mqdefault.jpg,Sebebi Yar,Blok3,,,Sebebi Yar Blok3
2026-08-24,global,Global,top_videos_daily,,19,https://i.ytimg.com/vi/F2m4HPLvj-4/mqdefault.jpg,Jaiye Sajana,雅斯文·桑德拉斯 / 施廷德·薩爾塔 / 沙赫瓦特·薩赫迪夫,,,"Jaiye Sajana 雅斯文·桑德拉斯 , 施廷德·薩爾塔 & 沙赫瓦特·薩赫迪夫"
2026-08-24,global,Global,top_videos_daily,,20,https://i.ytimg.com/vi/bP8ATWCvqzw/mqdefault.jpg,Arz Kiya Hai,Anuv Jain,,,Arz Kiya Hai Anuv Jain
2026-08-24,global,Global,top_videos_daily,,21,https://i.ytimg.com/vi/2yreX_ZCfgM/mqdefault.jpg,Peão Todo Tatuado,Mariana Fagundes / jeninho,,,Peão Todo Tatuado Mariana Fagundes & jeninho
2026-08-24,global,Global,top_videos_daily,,22,https://i.ytimg.com/vi/UH21OnJwxZE/mqdefault.jpg,PHƯƠNG MỸ CHI x DTAP | 'THIÊN ĐƯỜNG VỚI NGƯỜI THƯƠNG' | OFFICIAL MUSIC VIDEO,Phương Mỹ Chi,,,PHƯƠNG MỸ CHI x DTAP | 'THIÊN ĐƯỜNG VỚI NGƯỜI THƯƠNG' | OFFICIAL MUSIC VIDEO Phương Mỹ Chi
2026-08-24,global,Global,top_videos_daily,,23,https://i.ytimg.com/vi/b68HETiNO98/mqdefault.jpg,Pavazha Malli,Sai Abhyankkar / Shruti Haasan,,,Pavazha Malli Sai Abhyankkar & Shruti Haasan
2026-08-24,global,Global,top_videos_daily,,24,https://i.ytimg.com/vi/OQac93ARgQE/mqdefault.jpg,Nano,Saint Levant / TUL8TE,,,Nano Saint Levant & TUL8TE
2026-08-24,global,Global,top_videos_daily,,25,https://i.ytimg.com/vi/oafxkMv4xnc/mqdefault.jpg,Bairan,Banjaare,"2月 13, 2026",1522663,"25 1 Bairan Banjaare 2月 13, 2026 24 170 1,522,663"
2026-08-24,global,Global,top_videos_daily,,26,https://i.ytimg.com/vi/vutbVGewIcg/mqdefault.jpg,Las Mas Bonitas Son P*tas,Anuel AA,,,Las Mas Bonitas Son P*tas Anuel AA
2026-08-24,global,Global,top_videos_daily,,27,https://i.ytimg.com/vi/aRNfSqsgrgE/mqdefault.jpg,Sheesha,Mitta Ror / Swara Verma,,,Sheesha Mitta Ror & Swara Verma
2026-08-24,global,Global,top_videos_daily,,28,https://i.ytimg.com/vi/27C4pfRsf9g/mqdefault.jpg,ICONIC BY MISTAKE,LE SSERAFIM / ILLIT / KATSEYE,,,"ICONIC BY MISTAKE LE SSERAFIM , ILLIT & KATSEYE"
2026-08-24,global,Global,top_videos_daily,,29,https://i.ytimg.com/vi/5Y3a06rJjoU/mqdefault.jpg,Garee2a Awy (Live),TUL8TE,,,Garee2a Awy (Live) TUL8TE
2026-08-24,global,Global,top_videos_daily,,30,https://i.ytimg.com/vi/cL0KKSPjZf8/mqdefault.jpg,Boom Shaka,KR$NA / Dhanda Nyoliwala,,,Boom Shaka KR$NA & Dhanda Nyoliwala
2026-08-24,global,Global,top_videos_daily,,31,https://i.ytimg.com/vi/q2IMrkhSjSA/mqdefault.jpg,ÇOK GÜZEL GÜLÜYORSUN,Blok3 / Poizi,,,ÇOK GÜZEL GÜLÜYORSUN Blok3 & Poizi
2026-08-24,global,Global,top_videos_daily,,32,https://i.ytimg.com/vi/2gXNDr_6FcE/mqdefault.jpg,Irumudi Kattu,Shiva Nirvana / G.V. Prakash Kumar / Kalyan Chakravarthy Tripuraneni / Ananthu,,,"Irumudi Kattu Shiva Nirvana , G.V. Prakash Kumar , Kalyan Chakravarthy Tripuraneni & Ananthu"
2026-08-24,global,Global,top_videos_daily,,33,https://i.ytimg.com/vi/RO75uUZiAw0/mqdefault.jpg,Teh Hijau,圖魯斯,"6月 29, 2026",1379506,"33 1 Teh Hijau 圖魯斯 6月 29, 2026 34 48 1,379,506"
2026-08-24,global,Global,top_videos_daily,,34,https://i.ytimg.com/vi/bMhDJ0S0OBA/mqdefault.jpg,It's Me,ILLIT,"4月 30, 2026",1375662,"34 1 It's Me ILLIT 4月 30, 2026 35 115 1,375,662"
2026-08-24,global,Global,top_videos_daily,,35,https://i.ytimg.com/vi/QnQnz9G2LNw/mqdefault.jpg,MALLEPOOLA PALLAKI (Song) | Ravi Teja | GV Prakash | Dappu Srinu | Shiva Nirvana | Irumudi,T-Series Telugu,,,MALLEPOOLA PALLAKI (Song) | Ravi Teja | GV Prakash | Dappu Srinu | Shiva Nirvana | Irumudi T-Series Telugu
2026-08-24,global,Global,top_videos_daily,,36,https://i.ytimg.com/vi/9dV6Hl2u3vM/mqdefault.jpg,Neno Butterfly,Sublahshini / G.V. Prakash Kumar,,,Neno Butterfly Sublahshini & G.V. Prakash Kumar
2026-08-24,global,Global,top_videos_daily,,37,https://i.ytimg.com/vi/dTWEFx3DeM8/mqdefault.jpg,Anor,Mirjalol Nematov,,,Anor Mirjalol Nematov
2026-08-24,global,Global,top_videos_daily,,38,https://i.ytimg.com/vi/asG7cwxi1sA/mqdefault.jpg,Saiyaara,舒蕾亞·戈沙爾 / Arslan Nizami / Irshad Kamil,,,"Saiyaara 舒蕾亞·戈沙爾 , Arslan Nizami & Irshad Kamil"
2026-08-24,global,Global,top_videos_daily,,39,https://i.ytimg.com/vi/_NlOIjOByUg/mqdefault.jpg,LIL NAAY - PERRA (VIDEO OFICIAL),Lil Naay,,,LIL NAAY - PERRA (VIDEO OFICIAL) Lil Naay
2026-08-24,global,Global,top_videos_daily,,40,https://i.ytimg.com/vi/5GCfYLguTIs/mqdefault.jpg,Boyfriend,Karan Aujla,,,Boyfriend Karan Aujla
2026-08-24,global,Global,top_videos_daily,,41,https://i.ytimg.com/vi/GVizJ_jpUnw/mqdefault.jpg,Gehra Hua,Arijit Singh / Armaan Khan / 沙赫瓦特·薩赫迪夫 / Irshad Kamil,,,"Gehra Hua Arijit Singh , Armaan Khan , 沙赫瓦特·薩赫迪夫 & Irshad Kamil"
2026-08-24,global,Global,top_videos_daily,,42,https://i.ytimg.com/vi/ko70cExuzZM/mqdefault.jpg,The Fate of Ophelia,Taylor Swift,,,The Fate of Ophelia Taylor Swift
2026-08-24,global,Global,top_videos_daily,,43,https://i.ytimg.com/vi/-FBwd9cWJoQ/mqdefault.jpg,Kırgınım,Blok3,"6月 4, 2026",1178742,"43 6 Kırgınım Blok3 6月 4, 2026 37 75 1,178,742"
2026-08-24,global,Global,top_videos_daily,,44,https://i.ytimg.com/vi/7SsmyjVF1Oo/mqdefault.jpg,Ya Borracho,Herencia De Grandes,,,Ya Borracho Herencia De Grandes
2026-08-24,global,Global,top_videos_daily,,45,https://i.ytimg.com/vi/oRdxUFDoQe0/mqdefault.jpg,Beat It,Michael Jackson,,,Beat It Michael Jackson
2026-08-24,global,Global,top_videos_daily,,46,https://i.ytimg.com/vi/7KpwlP7SFnw/mqdefault.jpg,"Allah Kare Dil Na Lagey Kisise (From ""Andaaz"")",蘇努・尼甘 / 阿爾卡·雅格尼克,,,"Allah Kare Dil Na Lagey Kisise (From ""Andaaz"") 蘇努・尼甘 & 阿爾卡·雅格尼克"
2026-08-24,global,Global,top_videos_daily,,47,https://i.ytimg.com/vi/A7ShtPRP2Mc/mqdefault.jpg,Kayıp Kalp,Blok3,,,Kayıp Kalp Blok3
2026-08-24,global,Global,top_videos_daily,,48,https://i.ytimg.com/vi/TX-1dI8t6WM/mqdefault.jpg,AMOR,Emmanuel Cortes,,,AMOR Emmanuel Cortes
2026-08-24,global,Global,top_videos_daily,,49,https://i.ytimg.com/vi/Iz-nC59AIWc/mqdefault.jpg,UNA BABY EN SANTIAGO,Lil Naay,,,UNA BABY EN SANTIAGO Lil Naay
2026-08-24,global,Global,top_videos_daily,,50,https://i.ytimg.com/vi/BZ4UzthYTss/mqdefault.jpg,This & That,Stray Kids,,,This & That Stray Kids
2026-08-24,global,Global,top_videos_daily,,51,https://i.ytimg.com/vi/RrWFlqoWIHY/mqdefault.jpg,Z9 - ไม่รักดีกว่า (Official Music Video),Z9,,,Z9 - ไม่รักดีกว่า (Official Music Video) Z9
2026-08-24,global,Global,top_videos_daily,,52,https://i.ytimg.com/vi/-0RUAQAMUac/mqdefault.jpg,تباعاً تباعاً,Sherine,,,تباعاً تباعاً Sherine
2026-08-24,global,Global,top_videos_daily,,53,https://i.ytimg.com/vi/-q_S27LbNKU/mqdefault.jpg,BAD,ATEEZ,"6月 25, 2026",1082837,"53 ● BAD ATEEZ 6月 25, 2026 53 52 1,082,837"
2026-08-24,global,Global,top_videos_daily,,54,https://i.ytimg.com/vi/0pg0raFMNIU/mqdefault.jpg,Toz Pembe,manifest,,,Toz Pembe manifest
2026-08-24,global,Global,top_videos_daily,,55,https://i.ytimg.com/vi/I_46tPHvVOw/mqdefault.jpg,DICHAVATE,Ya Ice Dilan / Rey Tony / Helabusador / JipMusic Global / dj honda,,,"DICHAVATE Ya Ice Dilan , Rey Tony , Helabusador , JipMusic Global & dj honda"
2026-08-24,global,Global,top_videos_daily,,56,https://i.ytimg.com/vi/Bm9lLpmPM0A/mqdefault.jpg,Pattampoochi,Sublahshini / G.V. Prakash Kumar,,,Pattampoochi Sublahshini & G.V. Prakash Kumar
2026-08-24,global,Global,top_videos_daily,,57,https://i.ytimg.com/vi/Md7kqHsWWs4/mqdefault.jpg,Six Seven,Laurinha Costa / SoundMusic Original / Dj Cabello / Dj Tchouzen,,,"Six Seven Laurinha Costa , SoundMusic Original , Dj Cabello & Dj Tchouzen"
2026-08-24,global,Global,top_videos_daily,,58,https://i.ytimg.com/vi/yjOJYBE_GuA/mqdefault.jpg,Estoy Pa' Ti,Brytiago,,,Estoy Pa' Ti Brytiago
2026-08-24,global,Global,top_videos_daily,,59,https://i.ytimg.com/vi/jWh-7JGuxTo/mqdefault.jpg,Ara Beni,荷黛絲·阿奇高茲,,,Ara Beni 荷黛絲·阿奇高茲
2026-08-24,global,Global,top_videos_daily,,60,https://i.ytimg.com/vi/Si9kWKnJKxE/mqdefault.jpg,ZOMBIE,LAZARO,"5月 21, 2026",980269,"60 4 ZOMBIE LAZARO 5月 21, 2026 64 90 980,269"
2026-08-24,global,Global,top_videos_daily,,61,https://i.ytimg.com/vi/09839DpTctU/mqdefault.jpg,Hotel California (Live),Eagles,,,Hotel California (Live) Eagles
2026-08-24,global,Global,top_videos_daily,,62,https://i.ytimg.com/vi/Elp1SHhSQ9M/mqdefault.jpg,Tus Mentiras,Moy Bobadilla / Grupo Firme / Hernan Sepulveda / Max Peraza,,,"Tus Mentiras Moy Bobadilla , Grupo Firme , Hernan Sepulveda & Max Peraza"
2026-08-24,global,Global,top_videos_daily,,63,https://i.ytimg.com/vi/vTvGobaqo9E/mqdefault.jpg,Polvo Rosita - (Video Oficial) - Lenin Ramirez - DEL Records 2024,DEL Records,,2024,Polvo Rosita - (Video Oficial) - Lenin Ramirez - DEL Records 2024 DEL Records
2026-08-24,global,Global,top_videos_daily,,64,https://i.ytimg.com/vi/znlFu_lemsU/mqdefault.jpg,Family Affair,Mary J. Blige,,,Family Affair Mary J. Blige
2026-08-24,global,Global,top_videos_daily,,65,https://i.ytimg.com/vi/7VsejGzcJmM/mqdefault.jpg,Alaakaa Loova,Sai Abhyankkar,,,Alaakaa Loova Sai Abhyankkar
2026-08-24,global,Global,top_videos_daily,,66,https://i.ytimg.com/vi/z5y8Clp_TdE/mqdefault.jpg,KALYANI (Remix),舒蕾亞·戈沙爾 / ARJN / FIFTY4 / KDS,,,"KALYANI (Remix) 舒蕾亞·戈沙爾 , ARJN , FIFTY4 & KDS"
2026-08-24,global,Global,top_videos_daily,,67,https://i.ytimg.com/vi/fPO76Jlnz6c/mqdefault.jpg,Gangsta's Paradise,小阿提斯・里昂・艾維,,,Gangsta's Paradise 小阿提斯・里昂・艾維
2026-08-24,global,Global,top_videos_daily,,68,https://i.ytimg.com/vi/5gwy0gcjIkI/mqdefault.jpg,Tere Sang Yaara,馬諾伊·蒙塔舍 / 阿蒂夫·阿斯拉姆,,,Tere Sang Yaara 馬諾伊·蒙塔舍 & 阿蒂夫·阿斯拉姆
2026-08-24,global,Global,top_videos_daily,,69,https://i.ytimg.com/vi/6Db-cEgbmC4/mqdefault.jpg,Mi Chico,Jason Derulo,,,Mi Chico Jason Derulo
2026-08-24,global,Global,top_videos_daily,,70,https://i.ytimg.com/vi/uOrhBw3N3NM/mqdefault.jpg,80 Lakh,D Naveen / Shiva Choudhary / Sweta Chauhan / Kala Dighal,,,"80 Lakh D Naveen , Shiva Choudhary , Sweta Chauhan & Kala Dighal"
2026-08-24,global,Global,top_videos_daily,,71,https://i.ytimg.com/vi/qN4ooNx77u0/mqdefault.jpg,Sign of the Times,Harry Styles,,,Sign of the Times Harry Styles
2026-08-24,global,Global,top_videos_daily,,72,https://i.ytimg.com/vi/_qo2W3BcsiA/mqdefault.jpg,Cuida do Pet,MC Willian / Oldilla / Mc Iguinho Ct / Aaron Modesto,,,"Cuida do Pet MC Willian , Oldilla , Mc Iguinho Ct & Aaron Modesto"
2026-08-24,global,Global,top_videos_daily,,73,https://i.ytimg.com/vi/Nskf70DMR60/mqdefault.jpg,Sesi Potret,eńau,,,Sesi Potret eńau
2026-08-24,global,Global,top_videos_daily,,74,https://i.ytimg.com/vi/K-7olbaOelg/mqdefault.jpg,MMG (My Mine Gueh),Naykilla,,,MMG (My Mine Gueh) Naykilla
2026-08-24,global,Global,top_videos_daily,,75,https://i.ytimg.com/vi/rC-kbRanJQ0/mqdefault.jpg,UDI UDI,Hruday / Sarkar / Aneesh,,,"UDI UDI Hruday , Sarkar & Aneesh"
2026-08-24,global,Global,top_videos_daily,,76,https://i.ytimg.com/vi/kXKhNI4DLHM/mqdefault.jpg,Hileli,manifest / 艾達佩肯,,,Hileli manifest & 艾達佩肯
2026-08-24,global,Global,top_videos_daily,,77,https://i.ytimg.com/vi/C40oligg6xE/mqdefault.jpg,นาฬิกาทราย (sign),BOWKYLION,,,นาฬิกาทราย (sign) BOWKYLION
2026-08-24,global,Global,top_videos_daily,,78,https://i.ytimg.com/vi/PkMKJEkE8Mo/mqdefault.jpg,Gnarly,KATSEYE,"5月 5, 2025",810700,"78 7 Gnarly KATSEYE 5月 5, 2025 85 21 810,700"
2026-08-24,global,Global,top_videos_daily,,79,https://i.ytimg.com/vi/kG0z7hwY3as/mqdefault.jpg,Debut,KATSEYE,"7月 2, 2024",807920,"79 8 Debut KATSEYE 7月 2, 2024 87 30 807,920"
2026-08-24,global,Global,top_videos_daily,,80,https://i.ytimg.com/vi/_NX9_GeYWJY/mqdefault.jpg,VIDEO | गोली चोली पर चलतौ - Rajeev Yadav - Khushi Kakkar - Goli Choli Par Chaltau - Magahi Song 2026,Bhojpuri Ganna Hits - Apex,,2026,VIDEO | गोली चोली पर चलतौ - Rajeev Yadav - Khushi Kakkar - Goli Choli Par Chaltau - Magahi Song 2026 Bhojpuri Ganna Hits - Apex
2026-08-24,global,Global,top_videos_daily,,81,https://i.ytimg.com/vi/anhQ3fC1_hY/mqdefault.jpg,Be My Friend (The Verity Band),Horror Skunx,,,Be My Friend (The Verity Band) Horror Skunx
2026-08-24,global,Global,top_videos_daily,,82,https://i.ytimg.com/vi/awWKxGftWh4/mqdefault.jpg,Dunia Yang Nanti,Raim Laode,,,Dunia Yang Nanti Raim Laode
2026-08-24,global,Global,top_videos_daily,,83,https://i.ytimg.com/vi/8SYPKQMW_2Q/mqdefault.jpg,Tum Ho Toh,維沙爾·米什拉 / Hansika Pareek / Raj Shekhar,,,"Tum Ho Toh 維沙爾·米什拉 , Hansika Pareek & Raj Shekhar"
2026-08-24,global,Global,top_videos_daily,,84,https://i.ytimg.com/vi/ZcO4s0UU4Uk/mqdefault.jpg,Kamar DJ Pe,Manish Sonipat Aala / Bali Sharma / Vampire,,,"Kamar DJ Pe Manish Sonipat Aala , Bali Sharma & Vampire"
2026-08-24,global,Global,top_videos_daily,,85,https://i.ytimg.com/vi/LX2zshAgECQ/mqdefault.jpg,Aankhon Se Tune 2.0,Dev Negi / Palak Muchhal / Kumar Sanu / Alka Yagnik,,,"Aankhon Se Tune 2.0 Dev Negi , Palak Muchhal , Kumar Sanu & Alka Yagnik"
2026-08-24,global,Global,top_videos_daily,,86,https://i.ytimg.com/vi/3DcoC8p9az8/mqdefault.jpg,Training Season (Live),Dua Lipa,,,Training Season (Live) Dua Lipa
2026-08-24,global,Global,top_videos_daily,,87,https://i.ytimg.com/vi/QHdajZktFEU/mqdefault.jpg,Bangles,Sanju Rathod / G-SPXRK,,,Bangles Sanju Rathod & G-SPXRK
2026-08-24,global,Global,top_videos_daily,,88,https://i.ytimg.com/vi/X1twu3ztkPU/mqdefault.jpg,Bum Baa Diga Diga - Music Video | DC | Lokesh | Sun Pictures | Anirudh | Arun Matheswaran,Heisenberg / Ritesh G Rao / Anirudh Ravichander / Asura,,,"Bum Baa Diga Diga - Music Video | DC | Lokesh | Sun Pictures | Anirudh | Arun Matheswaran Heisenberg , Ritesh G Rao , Anirudh Ravichander & Asura"
2026-08-24,global,Global,top_videos_daily,,89,https://i.ytimg.com/vi/J6Q8LEsgqQY/mqdefault.jpg,"Aaj Kehna Zaroori Hai (From ""Andaaz"")",Udit Narayan / 阿爾卡·雅格尼克,,,"Aaj Kehna Zaroori Hai (From ""Andaaz"") Udit Narayan & 阿爾卡·雅格尼克"
2026-08-24,global,Global,top_videos_daily,,90,https://i.ytimg.com/vi/82-jTNka3uc/mqdefault.jpg,hate that i made you love me,Ariana Grande,,,hate that i made you love me Ariana Grande
2026-08-24,global,Global,top_videos_daily,,91,https://i.ytimg.com/vi/49x5rfxmv4E/mqdefault.jpg,Karuppa Kooda Va,Sai Abhyankkar / V·M·馬哈林加姆,,,Karuppa Kooda Va Sai Abhyankkar & V·M·馬哈林加姆
2026-08-24,global,Global,top_videos_daily,,92,https://i.ytimg.com/vi/PT2_F-1esPk/mqdefault.jpg,Closer,The Chainsmokers,,,Closer The Chainsmokers
2026-08-24,global,Global,top_videos_daily,,93,https://i.ytimg.com/vi/hejXc_FSYb8/mqdefault.jpg,Tere Bin,Rahat Fateh Ali Khan / 阿西斯·凱爾 / 坦尼許・巴格奇,,,"Tere Bin Rahat Fateh Ali Khan , 阿西斯·凱爾 & 坦尼許・巴格奇"
2026-08-24,global,Global,top_videos_daily,,94,https://i.ytimg.com/vi/zcq7khV_jDQ/mqdefault.jpg,Si Te Pudiera Mentir,Calibre 50,,,Si Te Pudiera Mentir Calibre 50
2026-08-24,global,Global,top_videos_daily,,95,https://i.ytimg.com/vi/xCkf2L7gFnI/mqdefault.jpg,De Lejitos (Remix),Jay Wheeler / Omar Courtz,,,De Lejitos (Remix) Jay Wheeler & Omar Courtz
2026-08-24,global,Global,top_videos_daily,,96,https://i.ytimg.com/vi/v5jVX0QYwQo/mqdefault.jpg,Shararat,Madhubanti Bagchi / 雅斯文·桑德拉斯 / 沙赫瓦特·薩赫迪夫,,,"Shararat Madhubanti Bagchi , 雅斯文·桑德拉斯 & 沙赫瓦特·薩赫迪夫"
2026-08-24,global,Global,top_videos_daily,,97,https://i.ytimg.com/vi/ZsN_0_6yEXk/mqdefault.jpg,Gosta De Rua (Ao Vivo),Felipe e Rodrigo,,,Gosta De Rua (Ao Vivo) Felipe e Rodrigo
2026-08-24,global,Global,top_videos_daily,,98,https://i.ytimg.com/vi/k2C5TjS2sh4/mqdefault.jpg,It Must Have Been Love,Roxette,,,It Must Have Been Love Roxette
2026-08-24,global,Global,top_videos_daily,,99,https://i.ytimg.com/vi/LGWUmNnZ7WY/mqdefault.jpg,POR SI MAÑANA NO ESTOY,Omar Courtz,,,POR SI MAÑANA NO ESTOY Omar Courtz
2026-08-24,global,Global,top_videos_daily,,100,https://i.ytimg.com/vi/Oyw1Eo21q5k/mqdefault.jpg,Kabze,Bintu Pabra / Shiva Choudhary,,,Kabze Bintu Pabra & Shiva Choudhary
2026-08-24,tw,Taiwan,top_videos_daily,,1,https://i.ytimg.com/vi/L8ZnXgbyUuc/mqdefault.jpg,BIGBANG - ‘BiiiG’ M/V,BIGBANG,,,BIGBANG - ‘BiiiG’ M/V BIGBANG
2026-08-24,tw,Taiwan,top_videos_daily,,2,https://i.ytimg.com/vi/7H1ObJvb7Hc/mqdefault.jpg,【純享版】張碧晨侯明昊老友重逢卻唱盡痛心！演繹李佳薇新歌《甲乙丙丁》 深情對唱層層遞進 將遺憾與不捨唱到極致 #天賜的聲音7 EP11 20260821,天賜的聲音,,20260821,【纯享版】张碧晨侯明昊老友重逢却唱尽痛心！演绎李佳薇新歌《甲乙丙丁》 深情对唱层层递进 将遗憾与不舍唱到极致 #天赐的声音7 EP11 20260821 天赐的声音
2026-08-24,tw,Taiwan,top_videos_daily,,3,https://i.ytimg.com/vi/YacpC7sUXMM/mqdefault.jpg,甲乙丙丁 (你我怎麼兩清伴奏),李佳薇,,,甲乙丙丁 (你我怎麼兩清伴奏) 李佳薇
2026-08-24,tw,Taiwan,top_videos_daily,,4,https://i.ytimg.com/vi/jeRu6h4XbUU/mqdefault.jpg,幸福在歌唱,A-Lin,"12月 26, 2025",69848,"4 ● 幸福在歌唱 A-Lin 12月 26, 2025 4 119 69,848"
2026-08-24,tw,Taiwan,top_videos_daily,,5,https://i.ytimg.com/vi/mpNKrWUhcy8/mqdefault.jpg,不愛就不愛,艾薇,"12月 18, 2024",62896,"5 2 不愛就不愛 艾薇 12月 18, 2024 3 119 62,896"
2026-08-24,tw,Taiwan,top_videos_daily,,6,https://i.ytimg.com/vi/osyH9yWWygA/mqdefault.jpg,All For You,周興哲,"7月 16, 2026",59136,"6 ● All For You 周興哲 7月 16, 2026 6 37 59,136"
2026-08-24,tw,Taiwan,top_videos_daily,,7,https://i.ytimg.com/vi/i5YRIjxyJP8/mqdefault.jpg,太陽與地球,盧廣仲,"9月 16, 2025",56961,"7 2 太陽與地球 盧廣仲 9月 16, 2025 5 119 56,961"
2026-08-24,tw,Taiwan,top_videos_daily,,8,https://i.ytimg.com/vi/dRSZhZT6r-Y/mqdefault.jpg,沒有人像我,宇宙人,"7月 2, 2026",55609,"8 1 沒有人像我 宇宙人 7月 2, 2026 7 49 55,609"
2026-08-24,tw,Taiwan,top_videos_daily,,9,https://i.ytimg.com/vi/-q_S27LbNKU/mqdefault.jpg,BAD,ATEEZ,"6月 25, 2026",53331,"9 ● BAD ATEEZ 6月 25, 2026 9 58 53,331"
2026-08-24,tw,Taiwan,top_videos_daily,,10,https://i.ytimg.com/vi/Qe8fa4b5xNU/mqdefault.jpg,Good Goodbye,HWASA,,,Good Goodbye HWASA
2026-08-24,tw,Taiwan,top_videos_daily,,11,https://i.ytimg.com/vi/p13tH7Etlzc/mqdefault.jpg,離開我的依賴,王艷薇,"2月 17, 2020",48782,"11 1 離開我的依賴 王艷薇 2月 17, 2020 10 102 48,782"
2026-08-24,tw,Taiwan,top_videos_daily,,12,https://i.ytimg.com/vi/yebNIHKAC4A/mqdefault.jpg,Golden,HUNTR/X / EJAE / AUDREY NUNA / REI AMI / KPop Demon Hunters Cast,,,"Golden HUNTR/X , EJAE , AUDREY NUNA , REI AMI & KPop Demon Hunters Cast"
2026-08-24,tw,Taiwan,top_videos_daily,,13,https://i.ytimg.com/vi/X06y7ZuT7_Y/mqdefault.jpg,必巡,曾瑋中,"6月 27, 2022",44978,"13 2 必巡 曾瑋中 6月 27, 2022 11 119 44,978"
2026-08-24,tw,Taiwan,top_videos_daily,,14,https://i.ytimg.com/vi/83C3TZ4Zm_o/mqdefault.jpg,LEMONADE,aespa,"5月 28, 2026",43618,"14 2 LEMONADE aespa 5月 28, 2026 12 86 43,618"
2026-08-24,tw,Taiwan,top_videos_daily,,15,https://i.ytimg.com/vi/bMhDJ0S0OBA/mqdefault.jpg,It's Me,ILLIT,"4月 30, 2026",40780,"15 2 It's Me ILLIT 4月 30, 2026 17 115 40,780"
2026-08-24,tw,Taiwan,top_videos_daily,,16,https://i.ytimg.com/vi/0Wfy_RPv6y0/mqdefault.jpg,理想混蛋 Bestards × 高爾宣 OSN【一樣會愛上你 Ten Thousand Times Over】Official Music Video,理想混蛋 Bestards,,,理想混蛋 Bestards × 高爾宣 OSN【一樣會愛上你 Ten Thousand Times Over】Official Music Video 理想混蛋 Bestards
2026-08-24,tw,Taiwan,top_videos_daily,,17,https://i.ytimg.com/vi/376utoTabMI/mqdefault.jpg,看著我的眼睛說,張遠 / 姚曉棠,,,看着我的眼睛说 张远 & 姚晓棠
2026-08-24,tw,Taiwan,top_videos_daily,,18,https://i.ytimg.com/vi/x3eqqoZPV_E/mqdefault.jpg,춤 (CHOOM),BABYMONSTER,,,춤 (CHOOM) BABYMONSTER
2026-08-24,tw,Taiwan,top_videos_daily,,19,https://i.ytimg.com/vi/3rB3n_XR23o/mqdefault.jpg,我不該動情,老闆,"7月 1, 2026",38332,"19 6 我不該動情 老板 7月 1, 2026 13 49 38,332"
2026-08-24,tw,Taiwan,top_videos_daily,,20,https://i.ytimg.com/vi/9cS2wv6AfHk/mqdefault.jpg,I LIKE IT,BABYMONSTER,,,I LIKE IT BABYMONSTER
2026-08-24,tw,Taiwan,top_videos_daily,,21,https://i.ytimg.com/vi/_G3Nu8q9Z9s/mqdefault.jpg,嘉賓,張遠,"6月 12, 2026",35049,"21 5 嘉宾 张远 6月 12, 2026 16 44 35,049"
2026-08-24,tw,Taiwan,top_videos_daily,,22,https://i.ytimg.com/vi/MT-4Bk1Lw8g/mqdefault.jpg,ENHYPEN (엔하이픈) 'Bloody Paradise' Official MV,HYBE LABELS,,,ENHYPEN (엔하이픈) 'Bloody Paradise' Official MV HYBE LABELS
2026-08-24,tw,Taiwan,top_videos_daily,,23,https://i.ytimg.com/vi/IwxkGdhkAGU/mqdefault.jpg,Soft Lipa - 給我一點時間 Official Music Video,蛋堡,,,Soft Lipa - 給我一點時間 Official Music Video 蛋堡
2026-08-24,tw,Taiwan,top_videos_daily,,24,https://i.ytimg.com/vi/Gms1sdNwoC0/mqdefault.jpg,【純享版】黃子弘凡姚曉棠三搭《櫻花草》甜到“犯規”！甜嗓搭配輕快旋律 青春感直接溢出屏幕#天賜的聲音7 EP11 20260821,天賜的聲音,,20260821,【纯享版】黄子弘凡姚晓棠三搭《樱花草》甜到“犯规”！甜嗓搭配轻快旋律 青春感直接溢出屏幕#天赐的声音7 EP11 20260821 天赐的声音
2026-08-24,tw,Taiwan,top_videos_daily,,25,https://i.ytimg.com/vi/naoGk-Zjc1s/mqdefault.jpg,SUGAR HONEY ICE TEA,BABYMONSTER,,,SUGAR HONEY ICE TEA BABYMONSTER
2026-08-24,tw,Taiwan,top_videos_daily,,26,https://i.ytimg.com/vi/MzupyjOkhdE/mqdefault.jpg,韋德WADE ＆齊翔XIANG【語音鈴聲】Official Music Video,韋德WADE,,,韋德WADE ＆齊翔XIANG【語音鈴聲】Official Music Video 韋德WADE
2026-08-24,tw,Taiwan,top_videos_daily,,27,https://i.ytimg.com/vi/yd_uG3TtREs/mqdefault.jpg,PSYCHO,BABYMONSTER,,,PSYCHO BABYMONSTER
2026-08-24,tw,Taiwan,top_videos_daily,,28,https://i.ytimg.com/vi/kCA93dLzKP4/mqdefault.jpg,一個人,A-Lin,"6月 11, 2026",27359,"28 7 一個人 A-Lin 6月 11, 2026 21 72 27,359"
2026-08-24,tw,Taiwan,top_videos_daily,,29,https://i.ytimg.com/vi/eB-IK2wPWzw/mqdefault.jpg,ATEEZ(에이티즈) - 'BAD' Performance Stage (@The Kelly Clarkson Show),ATEEZ,,,ATEEZ(에이티즈) - 'BAD' Performance Stage (@The Kelly Clarkson Show) ATEEZ
2026-08-24,tw,Taiwan,top_videos_daily,,30,https://i.ytimg.com/vi/xXZwZ0DolJc/mqdefault.jpg,MOON,BABYMONSTER,,,MOON BABYMONSTER
2026-08-24,tw,Taiwan,top_videos_daily,,31,https://i.ytimg.com/vi/WkWkGrcyCzw/mqdefault.jpg,洪佩瑜 Pei-Yu Hung〈再見的時候 Till We Meet Again〉Official Music Video - 電影《陽光女子合唱團》再見版主題曲,何樂音樂 PQP MUSIC,,,洪佩瑜 Pei-Yu Hung〈再見的時候 Till We Meet Again〉Official Music Video - 電影《陽光女子合唱團》再見版主題曲 何樂音樂 PQP MUSIC
2026-08-24,tw,Taiwan,top_videos_daily,,32,https://i.ytimg.com/vi/gN7RBHyXNFk/mqdefault.jpg,別戀,派偉俊,"8月 10, 2026",23518,"32 7 別戀 派偉俊 8月 10, 2026 25 13 23,518"
2026-08-24,tw,Taiwan,top_videos_daily,,33,https://i.ytimg.com/vi/IWB0xk9lR88/mqdefault.jpg,左轉燈 (1000 Times+1),派偉俊,,1000,左轉燈 (1000 Times+1) 派偉俊
2026-08-24,tw,Taiwan,top_videos_daily,,34,https://i.ytimg.com/vi/ApXoWvfEYVU/mqdefault.jpg,Sunflower,Post Malone / Swae Lee,,,Sunflower Post Malone & Swae Lee
2026-08-24,tw,Taiwan,top_videos_daily,,35,https://i.ytimg.com/vi/sQDBYHhCvps/mqdefault.jpg,綿綿無絕期,黃奇斌,"7月 10, 2026",22199,"35 ● 綿綿無絕期 黃奇斌 7月 10, 2026 35 44 22,199"
2026-08-24,tw,Taiwan,top_videos_daily,,36,https://i.ytimg.com/vi/F7sGJVUrkjQ/mqdefault.jpg,RUDE!,Hearts2Hearts,,,RUDE! Hearts2Hearts
2026-08-24,tw,Taiwan,top_videos_daily,,37,https://i.ytimg.com/vi/ZIvWrKYdMQE/mqdefault.jpg,浪人的…,張震嶽,"5月 13, 2025",21921,"37 1 浪人的… 張震嶽 5月 13, 2025 36 62 21,921"
2026-08-24,tw,Taiwan,top_videos_daily,,38,https://i.ytimg.com/vi/zlAjS20q9pE/mqdefault.jpg,空心 (Live),黃霄雲 / 劉端端,,,空心 (Live) 黃霄雲 & 刘端端
2026-08-24,tw,Taiwan,top_videos_daily,,39,https://i.ytimg.com/vi/FB5-rPa5wBA/mqdefault.jpg,玻璃,Gareth.T,"5月 20, 2026",21016,"39 5 玻璃 Gareth.T 5月 20, 2026 34 94 21,016"
2026-08-24,tw,Taiwan,top_videos_daily,,40,https://i.ytimg.com/vi/tkwD6DLp62k/mqdefault.jpg,我甘願重新愛過,玖壹壹,"5月 20, 2026",20967,"40 1 我甘願重新愛過 玖壹壹 5月 20, 2026 39 95 20,967"
2026-08-24,tw,Taiwan,top_videos_daily,,41,https://i.ytimg.com/vi/GnSaLQTrvt0/mqdefault.jpg,Good Goodbye,HWASA,,,Good Goodbye HWASA
2026-08-24,tw,Taiwan,top_videos_daily,,42,https://i.ytimg.com/vi/OtPApd6Qb8g/mqdefault.jpg,PIZZALI x 玖壹壹 洋蔥【愛情長跑】Official Music Video,PIZZALI,,,PIZZALI x 玖壹壹 洋蔥【愛情長跑】Official Music Video PIZZALI
2026-08-24,tw,Taiwan,top_videos_daily,,43,https://i.ytimg.com/vi/GWO5pqEy-X0/mqdefault.jpg,陪你到這,陳華,"4月 17, 2026",19837,"43 10 陪你到這 陳華 4月 17, 2026 33 119 19,837"
2026-08-24,tw,Taiwan,top_videos_daily,,44,https://i.ytimg.com/vi/qjKuHtrHkLg/mqdefault.jpg,重逢,林琇琪,"8月 5, 2026",19489,"44 ● 重逢 林琇琪 8月 5, 2026 44 17 19,489"
2026-08-24,tw,Taiwan,top_videos_daily,,45,https://i.ytimg.com/vi/AHTRfucwJSE/mqdefault.jpg,魔神,美秀集團,"8月 20, 2026",18951,"45 17 魔神 美秀集團 8月 20, 2026 28 3 18,951"
2026-08-24,tw,Taiwan,top_videos_daily,,46,https://i.ytimg.com/vi/LI9sYQ6Col0/mqdefault.jpg,:首播::《漂》2026 全國高中生大合唱 Music Video （官方正式 4K 版）,王風箏,,2026,:首播::《漂》2026 全國高中生大合唱 Music Video （官方正式 4K 版） 王風箏
2026-08-24,tw,Taiwan,top_videos_daily,,47,https://i.ytimg.com/vi/2ips2mM7Zqw/mqdefault.jpg,뱅뱅뱅,BIGBANG,"6月 1, 2015",18460,"47 2 뱅뱅뱅 BIGBANG 6月 1, 2015 45 8 18,460"
2026-08-24,tw,Taiwan,top_videos_daily,,48,https://i.ytimg.com/vi/vEEpj8fTKwY/mqdefault.jpg,愛你但說不出口,Karencici,,,愛你但說不出口 Karencici
2026-08-24,tw,Taiwan,top_videos_daily,,49,https://i.ytimg.com/vi/Ys7-6_t7OEQ/mqdefault.jpg,Beauty And A Beat,Justin Bieber,,,Beauty And A Beat Justin Bieber
2026-08-24,tw,Taiwan,top_videos_daily,,50,https://i.ytimg.com/vi/fcnDmrtj6Sk/mqdefault.jpg,Dai Dai,Shakira / Burna Boy,,,Dai Dai Shakira & Burna Boy
2026-08-24,tw,Taiwan,top_videos_daily,,51,https://i.ytimg.com/vi/diPncrkJkPI/mqdefault.jpg,一往情深,林琇琪,"8月 10, 2026",17181,"51 10 一往情深 林琇琪 8月 10, 2026 41 12 17,181"
2026-08-24,tw,Taiwan,top_videos_daily,,52,https://i.ytimg.com/vi/_cTAlxWtmS4/mqdefault.jpg,如果我很平庸,陳華,"6月 5, 2026",16863,"52 12 如果我很平庸 陳華 6月 5, 2026 40 78 16,863"
2026-08-24,tw,Taiwan,top_videos_daily,,53,https://i.ytimg.com/vi/6lN51mwvuA8/mqdefault.jpg,Gg Ez,M.Sasuke,"5月 30, 2026",16559,"53 3 Gg Ez M.Sasuke 5月 30, 2026 50 51 16,559"
2026-08-24,tw,Taiwan,top_videos_daily,,54,https://i.ytimg.com/vi/kELXLkU08aY/mqdefault.jpg,草屯囝仔 Caotun Boyz - 想你的形影 When I Miss you (Official Music Video),草屯囝仔|臭屁嬰仔,,,草屯囝仔 Caotun Boyz - 想你的形影 When I Miss you (Official Music Video) 草屯囝仔|臭屁嬰仔
2026-08-24,tw,Taiwan,top_videos_daily,,55,https://i.ytimg.com/vi/cnxn0hhShxM/mqdefault.jpg,"Cosmos People 宇宙人 [ 像狗一樣 Chase, Stop, Lie Down ] Special Video | 影集《欠妳的那場婚禮》插曲",宇宙人,,,"Cosmos People 宇宙人 [ 像狗一樣 Chase, Stop, Lie Down ] Special Video | 影集《欠妳的那場婚禮》插曲 宇宙人"
2026-08-24,tw,Taiwan,top_videos_daily,,56,https://i.ytimg.com/vi/6Ycn9qZK09I/mqdefault.jpg,Heavy Serenade,NMIXX,,,Heavy Serenade NMIXX
2026-08-24,tw,Taiwan,top_videos_daily,,57,https://i.ytimg.com/vi/BFAuO-mrhcA/mqdefault.jpg,有你有我,玖壹壹,"6月 16, 2026",15319,"57 6 有你有我 玖壹壹 6月 16, 2026 63 67 15,319"
2026-08-24,tw,Taiwan,top_videos_daily,,58,https://i.ytimg.com/vi/vaidTAWrF7k/mqdefault.jpg,用情太深,謝金晶 / 吳俊宏,"6月 24, 2026",15297,"58 4 用情太深 謝金晶 & 吳俊宏 6月 24, 2026 54 11 15,297"
2026-08-24,tw,Taiwan,top_videos_daily,,59,https://i.ytimg.com/vi/PIgH3PeeY6g/mqdefault.jpg,你咁擱愛我,林琇琪 / 沈建豪,"7月 16, 2026",15020,"59 4 你咁擱愛我 林琇琪 & 沈建豪 7月 16, 2026 55 36 15,020"
2026-08-24,tw,Taiwan,top_videos_daily,,60,https://i.ytimg.com/vi/_IT83Y_HcAw/mqdefault.jpg,Less than a Lover,JENNIE,,,Less than a Lover JENNIE
2026-08-24,tw,Taiwan,top_videos_daily,,61,https://i.ytimg.com/vi/BZ4UzthYTss/mqdefault.jpg,This & That,Stray Kids,,,This & That Stray Kids
2026-08-24,tw,Taiwan,top_videos_daily,,62,https://i.ytimg.com/vi/SH9yExKE8bI/mqdefault.jpg,弦外之音 - 捨不得又沒資格 (男女合唱版）『想放棄又難割捨，想靠近又沒資格。』【動態歌詞MV】,HOT MUSIC,,,弦外之音 - 舍不得又没资格 (男女合唱版）『想放弃又难割舍，想靠近又没资格。』【动态歌词MV】 HOT MUSIC
2026-08-24,tw,Taiwan,top_videos_daily,,63,https://i.ytimg.com/vi/U6BDbXIah-Y/mqdefault.jpg,REDRED,CORTIS,"4月 20, 2026",13964,"63 1 REDRED CORTIS 4月 20, 2026 64 110 13,964"
2026-08-24,tw,Taiwan,top_videos_daily,,64,https://i.ytimg.com/vi/NOiyDlWl534/mqdefault.jpg,Catch Catch,YENA,,,Catch Catch YENA
2026-08-24,tw,Taiwan,top_videos_daily,,65,https://i.ytimg.com/vi/wIgduzASI6A/mqdefault.jpg,I Do,周杰倫,"4月 1, 2026",13580,"65 13 I Do 周杰倫 4月 1, 2026 78 107 13,580"
2026-08-24,tw,Taiwan,top_videos_daily,,66,https://i.ytimg.com/vi/1ucixlONluM/mqdefault.jpg,玖壹壹(Nine one one) - 逆風（傳說對決 GCS 2026 主題曲）Against the Wind 官方MV首播,玖壹壹,,2026,玖壹壹(Nine one one) - 逆風（傳說對決 GCS 2026 主題曲）Against the Wind 官方MV首播 玖壹壹
2026-08-24,tw,Taiwan,top_videos_daily,,67,https://i.ytimg.com/vi/bWwLsc8dRjY/mqdefault.jpg,蔡旻佑 Evan Yo〈快樂有時有 Cloudy〉Official MV,蔡旻佑,,,蔡旻佑 Evan Yo〈快樂有時有 Cloudy〉Official MV 蔡旻佑
2026-08-24,tw,Taiwan,top_videos_daily,,68,https://i.ytimg.com/vi/PXnhdl_URro/mqdefault.jpg,空心,光澤,"9月 10, 2023",13256,"68 3 空心 光澤 9月 10, 2023 65 4 13,256"
2026-08-24,tw,Taiwan,top_videos_daily,,69,https://i.ytimg.com/vi/rD2IXdpwmkc/mqdefault.jpg,租購,薛之謙,"3月 20, 2025",13165,"69 3 租购 薛之謙 3月 20, 2025 66 40 13,165"
2026-08-24,tw,Taiwan,top_videos_daily,,70,https://i.ytimg.com/vi/8F2s8ivKXNY/mqdefault.jpg,Life Goes On,Oliver Tree,,,Life Goes On Oliver Tree
2026-08-24,tw,Taiwan,top_videos_daily,,71,https://i.ytimg.com/vi/NHuYmJO2jE8/mqdefault.jpg,降落傘,Sabrina 胡恂舞,"8月 17, 2026",12966,"71 10 降落傘 Sabrina 胡恂舞 8月 17, 2026 61 6 12,966"
2026-08-24,tw,Taiwan,top_videos_daily,,72,https://i.ytimg.com/vi/mcJB9H0Nvbc/mqdefault.jpg,繞路,A-Lin,"4月 29, 2026",12866,"72 4 繞路 A-Lin 4月 29, 2026 68 105 12,866"
2026-08-24,tw,Taiwan,top_videos_daily,,73,https://i.ytimg.com/vi/zqEcZngO90E/mqdefault.jpg,C.Holly X DJ SODA -【花心大蘿蔔】Official Music Video,C.Holly,,,C.Holly X DJ SODA -【花心大蘿蔔】Official Music Video C.Holly
2026-08-24,tw,Taiwan,top_videos_daily,,74,https://i.ytimg.com/vi/15dxI9BPxa4/mqdefault.jpg,最後一頁 (Live),王赫野 / 姚曉棠,,,最后一页 (Live) 王赫野 & 姚晓棠
2026-08-24,tw,Taiwan,top_videos_daily,,75,https://i.ytimg.com/vi/9_3VDth0HOM/mqdefault.jpg,千里共明月,沈建豪 / 陳淑萍,"5月 28, 2026",12366,"75 3 千里共明月 沈建豪 & 陳淑萍 5月 28, 2026 72 12 12,366"
2026-08-24,tw,Taiwan,top_videos_daily,,76,https://i.ytimg.com/vi/iqEr3P78fz8/mqdefault.jpg,水平線,back number,"8月 17, 2020",12218,"76 New 水平線 back number 8月 17, 2020 - 1 12,218"
2026-08-24,tw,Taiwan,top_videos_daily,,77,https://i.ytimg.com/vi/SII-S-zCg-c/mqdefault.jpg,高嶺の花子さん,back number,,,高嶺の花子さん back number
2026-08-24,tw,Taiwan,top_videos_daily,,78,https://i.ytimg.com/vi/Tg076GY2a-Q/mqdefault.jpg,Setsuna Hanabi,TOMORROW X TOGETHER,,,Setsuna Hanabi TOMORROW X TOGETHER
2026-08-24,tw,Taiwan,top_videos_daily,,79,https://i.ytimg.com/vi/Gnn4GRSzRXI/mqdefault.jpg,BOOMPALA,LE SSERAFIM,,,BOOMPALA LE SSERAFIM
2026-08-24,tw,Taiwan,top_videos_daily,,80,https://i.ytimg.com/vi/TT8vf1qi2uM/mqdefault.jpg,Dai Dai (Spanish Version),Shakira / 伯納男孩,,,Dai Dai (Spanish Version) Shakira & 伯納男孩
2026-08-24,tw,Taiwan,top_videos_daily,,81,https://i.ytimg.com/vi/c6EKsyFmWmQ/mqdefault.jpg,en - 愛錯『我從來沒想過我會這樣做，從來沒愛過所以愛錯。』【4k無損|動態歌詞 Lyrics】,Aurora music,,,en - 爱错『我从来没想过我会这样做，从来没爱过所以爱错。』【4k无损|动态歌词 Lyrics】 Aurora music
2026-08-24,tw,Taiwan,top_videos_daily,,82,https://i.ytimg.com/vi/4kjb6DMjZQo/mqdefault.jpg,王靖雯 - 揉碎夜的光「是我不小心揉碎了夜的光 還是你引力太強我失去方向 」【動態歌詞/PinyinLyrics】♪,ORT Music,,,王靖雯 - 揉碎夜的光「是我不小心揉碎了夜的光 還是你引力太強我失去方向 」【動態歌詞/PinyinLyrics】♪ ORT Music
2026-08-24,tw,Taiwan,top_videos_daily,,83,https://i.ytimg.com/vi/IKtjzy0uDkQ/mqdefault.jpg,シャルル / MyGO!!!!! cover ver.,MyGO!!!!!,,,シャルル / MyGO!!!!! cover ver. MyGO!!!!!
2026-08-24,tw,Taiwan,top_videos_daily,,84,https://i.ytimg.com/vi/mbsVuwRpZ8c/mqdefault.jpg,冬天過袂去,葉諾帆 / 陳淑萍,"5月 31, 2026",11659,"84 4 冬天過袂去 葉諾帆 & 陳淑萍 5月 31, 2026 80 8 11,659"
2026-08-24,tw,Taiwan,top_videos_daily,,85,https://i.ytimg.com/vi/Jf-0DeVIBl8/mqdefault.jpg,情話摻沙,翁立友(WENG LI YOU),,,情話摻沙 翁立友(WENG LI YOU)
2026-08-24,tw,Taiwan,top_videos_daily,,86,https://i.ytimg.com/vi/_Xi_bJS_9wc/mqdefault.jpg,假如當初,李發發,"7月 13, 2026",11505,"86 New 假如當初 李发发 7月 13, 2026 - 1 11,505"
2026-08-24,tw,Taiwan,top_videos_daily,,87,https://i.ytimg.com/vi/ybfWYpYhTQQ/mqdefault.jpg,魚仔 (He-R) - 電視劇<花甲男孩轉大人>主題曲,盧廣仲,,,魚仔 (He-R) - 電視劇<花甲男孩轉大人>主題曲 盧廣仲
2026-08-24,tw,Taiwan,top_videos_daily,,88,https://i.ytimg.com/vi/82-jTNka3uc/mqdefault.jpg,hate that i made you love me,Ariana Grande,,,hate that i made you love me Ariana Grande
2026-08-24,tw,Taiwan,top_videos_daily,,89,https://i.ytimg.com/vi/omRez5-bIpY/mqdefault.jpg,沒有人像我一樣,宇宙人,"6月 23, 2026",11207,"89 2 沒有人像我一樣 宇宙人 6月 23, 2026 87 56 11,207"
2026-08-24,tw,Taiwan,top_videos_daily,,90,https://i.ytimg.com/vi/is8UDe2PhKQ/mqdefault.jpg,KATSEYE (캣츠아이) 'Hootie Frutti' Official MV,KATSEYE,,,KATSEYE (캣츠아이) 'Hootie Frutti' Official MV KATSEYE
2026-08-24,tw,Taiwan,top_videos_daily,,91,https://i.ytimg.com/vi/T8y_RsF4TSw/mqdefault.jpg,ハッピーエンド,back number,,,ハッピーエンド back number
2026-08-24,tw,Taiwan,top_videos_daily,,92,https://i.ytimg.com/vi/inxzQt78lOk/mqdefault.jpg,KISS N TELL,aespa,,,KISS N TELL aespa
2026-08-24,tw,Taiwan,top_videos_daily,,93,https://i.ytimg.com/vi/bESGLojNYSo/mqdefault.jpg,Poker Face (Official Music Video),Lady Gaga,,,Poker Face (Official Music Video) Lady Gaga
2026-08-24,tw,Taiwan,top_videos_daily,,94,https://i.ytimg.com/vi/V9kJcgh5zGQ/mqdefault.jpg,Nyxx./歪歪超 - 雨是神的煙花 (說唱版)『雨是神明的煙花，我為誰在等啊，等到滿身溼透吧，也捨不得回家。』【動態歌詞MV】,EHP Music Channel,,,Nyxx./歪歪超 - 雨是神的煙花 (說唱版)『雨是神明的煙花，我為誰在等啊，等到滿身溼透吧，也捨不得回家。』【動態歌詞MV】 EHP Music Channel
2026-08-24,tw,Taiwan,top_videos_daily,,95,https://i.ytimg.com/vi/av8RjbM3aQ0/mqdefault.jpg,愛 請問怎麼走,A-Lin,"11月 23, 2012",10649,"95 95 愛 請問怎麼走 A-Lin 11月 23, 2012 - 17 10,649"
2026-08-24,tw,Taiwan,top_videos_daily,,96,https://i.ytimg.com/vi/ItSKahBISg0/mqdefault.jpg,캐치 캐치,YENA,"3月 11, 2026",10592,"96 2 캐치 캐치 YENA 3月 11, 2026 98 74 10,592"
2026-08-24,tw,Taiwan,top_videos_daily,,97,https://i.ytimg.com/vi/27C4pfRsf9g/mqdefault.jpg,ICONIC BY MISTAKE,LE SSERAFIM / ILLIT / KATSEYE,,,"ICONIC BY MISTAKE LE SSERAFIM , ILLIT & KATSEYE"
2026-08-24,tw,Taiwan,top_videos_daily,,98,https://i.ytimg.com/vi/X9-AVYHvcdc/mqdefault.jpg,伊是阮老爸,賴銘偉,"1月 2, 2017",10540,"98 98 伊是阮老爸 賴銘偉 1月 2, 2017 - 12 10,540"
2026-08-24,tw,Taiwan,top_videos_daily,,99,https://i.ytimg.com/vi/-t66PUIRppU/mqdefault.jpg,心相逢,龍千玉 / 楊哲,"1月 12, 2026",10439,"99 ● 心相逢 龍千玉 & 楊哲 1月 12, 2026 99 13 10,439"
2026-08-24,tw,Taiwan,top_videos_daily,,100,https://i.ytimg.com/vi/aRiVUVNUhIs/mqdefault.jpg,なんもねえ - Nannmonee,Wasureranneyo,,,なんもねえ - Nannmonee Wasureranneyo
2026-08-24,jp,Japan,top_videos_daily,,1,https://i.ytimg.com/vi/qay6r3hHOFo/mqdefault.jpg,B&ZAI【EMPIRE(Snow Man)】LIVE 2026 Summer Beatより,ジュニアCHANNEL,,2026,B&ZAI【EMPIRE(Snow Man)】LIVE 2026 Summer Beatより ジュニアCHANNEL
2026-08-24,jp,Japan,top_videos_daily,,2,https://i.ytimg.com/vi/MT-4Bk1Lw8g/mqdefault.jpg,ENHYPEN (엔하이픈) 'Bloody Paradise' Official MV,HYBE LABELS,,,ENHYPEN (엔하이픈) 'Bloody Paradise' Official MV HYBE LABELS
2026-08-24,jp,Japan,top_videos_daily,,3,https://i.ytimg.com/vi/ZVUxJsPfoX8/mqdefault.jpg,好きすぎて滅！,M!LK,"10月 27, 2025",381773,"3 1 好きすぎて滅！ M!LK 10月 27, 2025 4 300 381,773"
2026-08-24,jp,Japan,top_videos_daily,,4,https://i.ytimg.com/vi/KsHKaP50FBE/mqdefault.jpg,Yes! 東京 (Instrumental),EBiDAN Ebisu Gakuen Boys Club,,,Yes! 東京 (Instrumental) EBiDAN Ebisu Gakuen Boys Club
2026-08-24,jp,Japan,top_videos_daily,,5,https://i.ytimg.com/vi/bMhDJ0S0OBA/mqdefault.jpg,It's Me,ILLIT,"4月 30, 2026",360301,"5 2 It's Me ILLIT 4月 30, 2026 3 115 360,301"
2026-08-24,jp,Japan,top_videos_daily,,6,https://i.ytimg.com/vi/sBAv1wx4ghE/mqdefault.jpg,スピッツ / 見知らぬ糸 Spitz / Unknown Thread,spitzclips,,,スピッツ / 見知らぬ糸 Spitz / Unknown Thread spitzclips
2026-08-24,jp,Japan,top_videos_daily,,7,https://i.ytimg.com/vi/tpFDnOnOdSQ/mqdefault.jpg,爆裂愛してる,M!LK,"2月 18, 2026",334911,"7 1 爆裂愛してる M!LK 2月 18, 2026 6 186 334,911"
2026-08-24,jp,Japan,top_videos_daily,,8,https://i.ytimg.com/vi/dePs7UPp6GQ/mqdefault.jpg,Brand New,Mrs. GREEN APPLE,,,Brand New Mrs. GREEN APPLE
2026-08-24,jp,Japan,top_videos_daily,,9,https://i.ytimg.com/vi/7VqCdhFGE78/mqdefault.jpg,罪と罰と雨とキス (佐野勇鬥&吉田仁人),M!LK,,,罪と罰と雨とキス (佐野勇斗&吉田仁人) M!LK
2026-08-24,jp,Japan,top_videos_daily,,10,https://i.ytimg.com/vi/Lp7Tt2x_wDY/mqdefault.jpg,【MV】LiMiT STRiKER! / iLiFE!【EWC × REJECT テーマソング】,iLiFE!,,,【MV】LiMiT STRiKER! / iLiFE!【EWC × REJECT テーマソング】 iLiFE!
2026-08-24,jp,Japan,top_videos_daily,,11,https://i.ytimg.com/vi/2I25AFSBm2g/mqdefault.jpg,夜の踴り子,魚韻,"9月 26, 2015",281108,"11 1 夜の踊り子 魚韻 9月 26, 2015 10 133 281,108"
2026-08-24,jp,Japan,top_videos_daily,,12,https://i.ytimg.com/vi/YM_YU8HVpWM/mqdefault.jpg,エアロピクルス,KomeAnime,,,エアロピクルス KomeAnime
2026-08-24,jp,Japan,top_videos_daily,,13,https://i.ytimg.com/vi/GlsmJsqXfcI/mqdefault.jpg,Yes! 東京,EBiDAN Ebisu Gakuen Boys Club,,,Yes! 東京 EBiDAN Ebisu Gakuen Boys Club
2026-08-24,jp,Japan,top_videos_daily,,14,https://i.ytimg.com/vi/Lz24PqZkF2s/mqdefault.jpg,HOT LIMIT,T.M.Revolution,,,HOT LIMIT T.M.Revolution
2026-08-24,jp,Japan,top_videos_daily,,15,https://i.ytimg.com/vi/3C0EOqt7sqA/mqdefault.jpg,You!Joy!Parade!,M!LK,,,You!Joy!Parade! M!LK
2026-08-24,jp,Japan,top_videos_daily,,16,https://i.ytimg.com/vi/L8ZnXgbyUuc/mqdefault.jpg,BIGBANG - ‘BiiiG’ M/V,BIGBANG,,,BIGBANG - ‘BiiiG’ M/V BIGBANG
2026-08-24,jp,Japan,top_videos_daily,,17,https://i.ytimg.com/vi/aRiVUVNUhIs/mqdefault.jpg,なんもねえ - Nannmonee,Wasureranneyo,,,なんもねえ - Nannmonee Wasureranneyo
2026-08-24,jp,Japan,top_videos_daily,,18,https://i.ytimg.com/vi/nRsTHcp3EwI/mqdefault.jpg,【MV】アイドルライフメガパック / iLiFE!【コール動畫】,iLiFE!,,,【MV】アイドルライフメガパック / iLiFE!【コール動画】 iLiFE!
2026-08-24,jp,Japan,top_videos_daily,,19,https://i.ytimg.com/vi/ufc54RdoitM/mqdefault.jpg,カリスマックス,Snow Man,,,カリスマックス Snow Man
2026-08-24,jp,Japan,top_videos_daily,,20,https://i.ytimg.com/vi/49xuoRZiLZ4/mqdefault.jpg,エアロピクルス,KomeAnime,,,エアロピクルス KomeAnime
2026-08-24,jp,Japan,top_videos_daily,,21,https://i.ytimg.com/vi/75MEFldsJKc/mqdefault.jpg,KO1KEYZ(コイキーズ)｜ 'KO1KEYZ' Official MV,KO1KEYZ,,,KO1KEYZ(コイキーズ)｜ 'KO1KEYZ' Official MV KO1KEYZ
2026-08-24,jp,Japan,top_videos_daily,,22,https://i.ytimg.com/vi/3lOsboT-IWU/mqdefault.jpg,マイオンリー,SixTONES,"7月 17, 2026",179061,"22 8 マイオンリー SixTONES 7月 17, 2026 30 37 179,061"
2026-08-24,jp,Japan,top_videos_daily,,23,https://i.ytimg.com/vi/oNJw0TE4oOY/mqdefault.jpg,THE SPELLBOUND × BOOM BOOM SATELLITES - KICK IT OUT / THE FIRST TAKE,THE FIRST TAKE,,,THE SPELLBOUND × BOOM BOOM SATELLITES - KICK IT OUT / THE FIRST TAKE THE FIRST TAKE
2026-08-24,jp,Japan,top_videos_daily,,24,https://i.ytimg.com/vi/YjPMupS1Lg4/mqdefault.jpg,烏,米津玄師,"6月 18, 2026",171234,"24 3 烏 米津玄師 6月 18, 2026 21 66 171,234"
2026-08-24,jp,Japan,top_videos_daily,,25,https://i.ytimg.com/vi/h-TPXFw_q0I/mqdefault.jpg,グッタイム - Good Time,Snow Man,,,グッタイム - Good Time Snow Man
2026-08-24,jp,Japan,top_videos_daily,,26,https://i.ytimg.com/vi/LmZD-TU96q4/mqdefault.jpg,IRIS OUT,米津玄師,"9月 15, 2025",156882,"26 3 IRIS OUT 米津玄師 9月 15, 2025 23 342 156,882"
2026-08-24,jp,Japan,top_videos_daily,,27,https://i.ytimg.com/vi/G4lqzvRpwVY/mqdefault.jpg,グッタイム - Good Time,Snow Man,,,グッタイム - Good Time Snow Man
2026-08-24,jp,Japan,top_videos_daily,,28,https://i.ytimg.com/vi/uPXWMbG33UE/mqdefault.jpg,踴らなきゃ損 - Odoranakya sonn,Travis Japan,,,踊らなきゃ損 - Odoranakya sonn Travis Japan
2026-08-24,jp,Japan,top_videos_daily,,29,https://i.ytimg.com/vi/e4M8z1xGTw0/mqdefault.jpg,アイドルパワー (Live),M!LK,,,アイドルパワー (Live) M!LK
2026-08-24,jp,Japan,top_videos_daily,,30,https://i.ytimg.com/vi/Y6kCZTIkQw4/mqdefault.jpg,チラチLOVE,M!LK,"7月 3, 2026",140193,"30 4 チラチLOVE M!LK 7月 3, 2026 26 51 140,193"
2026-08-24,jp,Japan,top_videos_daily,,31,https://i.ytimg.com/vi/kcXKLaLNqww/mqdefault.jpg,しおざきわんだーらんど,M!LK,,,しおざきわんだーらんど M!LK
2026-08-24,jp,Japan,top_videos_daily,,32,https://i.ytimg.com/vi/vBmU5v2EyxM/mqdefault.jpg,HOT LIMIT,T.M.Revolution,,,HOT LIMIT T.M.Revolution
2026-08-24,jp,Japan,top_videos_daily,,33,https://i.ytimg.com/vi/lOpdrEgmYzY/mqdefault.jpg,It's Me,ILLIT,"5月 6, 2026",129312,"33 3 It's Me ILLIT 5月 6, 2026 36 74 129,312"
2026-08-24,jp,Japan,top_videos_daily,,34,https://i.ytimg.com/vi/dEEd9HHEQE0/mqdefault.jpg,真・運命,M!LK,"6月 17, 2026",128342,"34 1 真・運命 M!LK 6月 17, 2026 35 67 128,342"
2026-08-24,jp,Japan,top_videos_daily,,35,https://i.ytimg.com/vi/pbZrLrYQ6mo/mqdefault.jpg,天國,Mrs. GREEN APPLE,,,天国 Mrs. GREEN APPLE
2026-08-24,jp,Japan,top_videos_daily,,36,https://i.ytimg.com/vi/UQecj-5Tiqw/mqdefault.jpg,楽音 - mosi mosi? LEESOL (KiiiKiii) Remix / THE FIRST TAKE,THE FIRST TAKE,,,楽音 - mosi mosi? LEESOL (KiiiKiii) Remix / THE FIRST TAKE THE FIRST TAKE
2026-08-24,jp,Japan,top_videos_daily,,37,https://i.ytimg.com/vi/gNg2Qw5R-Q4/mqdefault.jpg,セレナーデ - Serenade,natori,,,セレナーデ - Serenade natori
2026-08-24,jp,Japan,top_videos_daily,,38,https://i.ytimg.com/vi/1DzBKtD3JzI/mqdefault.jpg,Five,嵐,"3月 5, 2026",122449,"38 1 Five 嵐 3月 5, 2026 37 171 122,449"
2026-08-24,jp,Japan,top_videos_daily,,39,https://i.ytimg.com/vi/WKCkRz5ULhg/mqdefault.jpg,アイドルパワー,M!LK,"8月 14, 2026",121923,"39 14 アイドルパワー M!LK 8月 14, 2026 25 9 121,923"
2026-08-24,jp,Japan,top_videos_daily,,40,https://i.ytimg.com/vi/qf4kjBYR3O0/mqdefault.jpg,星野源 - 好き [Official Video],星野源 Gen Hoshino,,,星野源 - 好き [Official Video] 星野源 Gen Hoshino
2026-08-24,jp,Japan,top_videos_daily,,41,https://i.ytimg.com/vi/Tg076GY2a-Q/mqdefault.jpg,Setsuna Hanabi,TOMORROW X TOGETHER,,,Setsuna Hanabi TOMORROW X TOGETHER
2026-08-24,jp,Japan,top_videos_daily,,42,https://i.ytimg.com/vi/MjeiIal1ZR0/mqdefault.jpg,lulu.,Mrs. GREEN APPLE,,,lulu. Mrs. GREEN APPLE
2026-08-24,jp,Japan,top_videos_daily,,43,https://i.ytimg.com/vi/v4kWR_REDEU/mqdefault.jpg,分かっちゃいないね,花隈千冬 / monet,,,分かっちゃいないね 花隈千冬 & monet
2026-08-24,jp,Japan,top_videos_daily,,44,https://i.ytimg.com/vi/2sML88RhhUM/mqdefault.jpg,BE:FIRST / Missing -from 日本テレビ系「夜の音 -TOKYO MIDNIGHT MUSIC-」,BE:FIRST Official,,,BE:FIRST / Missing -from 日本テレビ系「夜の音 -TOKYO MIDNIGHT MUSIC-」 BE:FIRST Official
2026-08-24,jp,Japan,top_videos_daily,,45,https://i.ytimg.com/vi/pm3KrQ-HOZQ/mqdefault.jpg,好きすぎて滅 (Live),M!LK,,,好きすぎて滅 (Live) M!LK
2026-08-24,jp,Japan,top_videos_daily,,46,https://i.ytimg.com/vi/qFhspt7zsXg/mqdefault.jpg,BUGS LIFE,Number_i,,,BUGS LIFE Number_i
2026-08-24,jp,Japan,top_videos_daily,,47,https://i.ytimg.com/vi/l2jvIuTp534/mqdefault.jpg,夜鷹,米津玄師,"7月 15, 2026",106120,"47 5 夜鷹 米津玄師 7月 15, 2026 42 39 106,120"
2026-08-24,jp,Japan,top_videos_daily,,48,https://i.ytimg.com/vi/zz2a9Q2Wru0/mqdefault.jpg,AIZO,King Gnu,"1月 16, 2026",101331,"48 3 AIZO King Gnu 1月 16, 2026 45 214 101,331"
2026-08-24,jp,Japan,top_videos_daily,,49,https://i.ytimg.com/vi/T24rF_x0TmQ/mqdefault.jpg,ヤラララ,AnythingBecomeMoe,,,ヤラララ AnythingBecomeMoe
2026-08-24,jp,Japan,top_videos_daily,,50,https://i.ytimg.com/vi/OHAjc-ayhus/mqdefault.jpg,あぶく,YORUSHIKA,"4月 24, 2026",99660,"50 3 あぶく YORUSHIKA 4月 24, 2026 47 121 99,660"
2026-08-24,jp,Japan,top_videos_daily,,51,https://i.ytimg.com/vi/LM875jeR-PM/mqdefault.jpg,It's Me,ILLIT,"5月 7, 2026",98460,"51 2 It's Me ILLIT 5月 7, 2026 49 91 98,460"
2026-08-24,jp,Japan,top_videos_daily,,52,https://i.ytimg.com/vi/2sKrO1oFQHg/mqdefault.jpg,Yes! 東京 (Instrumental),EBiDAN Ebisu Gakuen Boys Club,,,Yes! 東京 (Instrumental) EBiDAN Ebisu Gakuen Boys Club
2026-08-24,jp,Japan,top_videos_daily,,53,https://i.ytimg.com/vi/NOuDYw_84XQ/mqdefault.jpg,Time is money,TAKARA,,,Time is money TAKARA
2026-08-24,jp,Japan,top_videos_daily,,54,https://i.ytimg.com/vi/I_6m6_Ylyd8/mqdefault.jpg,Missing,BE:FIRST,,,Missing BE:FIRST
2026-08-24,jp,Japan,top_videos_daily,,55,https://i.ytimg.com/vi/-q_S27LbNKU/mqdefault.jpg,BAD,ATEEZ,"6月 25, 2026",93260,"55 4 BAD ATEEZ 6月 25, 2026 59 46 93,260"
2026-08-24,jp,Japan,top_videos_daily,,56,https://i.ytimg.com/vi/H8BEhVmxc4U/mqdefault.jpg,KITERETSU FIRE (Live),ジュニアCHANNEL,,,KITERETSU FIRE (Live) ジュニアCHANNEL
2026-08-24,jp,Japan,top_videos_daily,,57,https://i.ytimg.com/vi/PmkN1iH4Ci4/mqdefault.jpg,GO GHOST,King Gnu,,,GO GHOST King Gnu
2026-08-24,jp,Japan,top_videos_daily,,58,https://i.ytimg.com/vi/TtAgxS48tyg/mqdefault.jpg,クエスチョン - Question,meiyo,,,クエスチョン - Question meiyo
2026-08-24,jp,Japan,top_videos_daily,,59,https://i.ytimg.com/vi/fEiWFS9hoNM/mqdefault.jpg,ONE N’ ONLY／ “Samba de Night Fever” Dance Performance Video,ONE N' ONLY,,,ONE N’ ONLY／ “Samba de Night Fever” Dance Performance Video ONE N' ONLY
2026-08-24,jp,Japan,top_videos_daily,,60,https://i.ytimg.com/vi/6lN51mwvuA8/mqdefault.jpg,Gg Ez,M.Sasuke,"5月 30, 2026",84529,"60 3 Gg Ez M.Sasuke 5月 30, 2026 57 35 84,529"
2026-08-24,jp,Japan,top_videos_daily,,61,https://i.ytimg.com/vi/ETlnovAKfIE/mqdefault.jpg,ガチ夢中！ - GACHI MUCHU!,超特急,,,ガチ夢中！ - GACHI MUCHU! 超特急
2026-08-24,jp,Japan,top_videos_daily,,62,https://i.ytimg.com/vi/8KweglZRZYs/mqdefault.jpg,Antenna,Mrs. GREEN APPLE,,,Antenna Mrs. GREEN APPLE
2026-08-24,jp,Japan,top_videos_daily,,63,https://i.ytimg.com/vi/83C3TZ4Zm_o/mqdefault.jpg,LEMONADE,aespa,"5月 28, 2026",82269,"63 1 LEMONADE aespa 5月 28, 2026 62 86 82,269"
2026-08-24,jp,Japan,top_videos_daily,,64,https://i.ytimg.com/vi/VQmdUnlNnds/mqdefault.jpg,キュートなキューたい,CUTIE STREET,,,キュートなキューたい CUTIE STREET
2026-08-24,jp,Japan,top_videos_daily,,65,https://i.ytimg.com/vi/IPBXepn5jTA/mqdefault.jpg,若者のすべて(Wakamono No Subete),富士纖維樂團,,,若者のすべて(Wakamono No Subete) 富士纖維樂團
2026-08-24,jp,Japan,top_videos_daily,,66,https://i.ytimg.com/vi/AuxeE6T5cZo/mqdefault.jpg,GOODKUN,Tesesaku,,,GOODKUN Tesesaku
2026-08-24,jp,Japan,top_videos_daily,,67,https://i.ytimg.com/vi/_Pk6xfju3l0/mqdefault.jpg,I Got Your Back (Korean Ver.),ILLIT,,,I Got Your Back (Korean Ver.) ILLIT
2026-08-24,jp,Japan,top_videos_daily,,68,https://i.ytimg.com/vi/4IKHox-DKrM/mqdefault.jpg,モンストロ - Monstruo,Ado,,,モンストロ - Monstruo Ado
2026-08-24,jp,Japan,top_videos_daily,,69,https://i.ytimg.com/vi/oWRCXGvcU9s/mqdefault.jpg,愛くださいませ,NOT EQUAL ME,,,愛くださいませ NOT EQUAL ME
2026-08-24,jp,Japan,top_videos_daily,,70,https://i.ytimg.com/vi/0beWrfj7AvE/mqdefault.jpg,ガチ夢中！ - GACHI MUCHU！,超特急,,,ガチ夢中！ - GACHI MUCHU！ 超特急
2026-08-24,jp,Japan,top_videos_daily,,71,https://i.ytimg.com/vi/k8M5KXBxWWY/mqdefault.jpg,高畑充希 - 令和Lady戀愛賛歌【Lyric Video】,高畑充希,,,高畑充希 - 令和Lady恋愛賛歌【Lyric Video】 高畑充希
2026-08-24,jp,Japan,top_videos_daily,,72,https://i.ytimg.com/vi/hmTET9uBh8A/mqdefault.jpg,未完成婚姻論,Dannie May,,,未完成婚姻論 Dannie May
2026-08-24,jp,Japan,top_videos_daily,,73,https://i.ytimg.com/vi/9NJI7cLZ2Qg/mqdefault.jpg,風と町,Mrs. GREEN APPLE,,,風と町 Mrs. GREEN APPLE
2026-08-24,jp,Japan,top_videos_daily,,74,https://i.ytimg.com/vi/3Cb8xhXfxKs/mqdefault.jpg,Zoo,Shakira,"2月 2, 2026",71070,"74 23 Zoo Shakira 2月 2, 2026 97 115 71,070"
2026-08-24,jp,Japan,top_videos_daily,,75,https://i.ytimg.com/vi/lsHy8vRpnAM/mqdefault.jpg,クスシキ,Mrs. GREEN APPLE,,,クスシキ Mrs. GREEN APPLE
2026-08-24,jp,Japan,top_videos_daily,,76,https://i.ytimg.com/vi/JofSrfFV4Kw/mqdefault.jpg,グッタイム (Live),Snow Man,,,グッタイム (Live) Snow Man
2026-08-24,jp,Japan,top_videos_daily,,77,https://i.ytimg.com/vi/BZ4UzthYTss/mqdefault.jpg,This & That,Stray Kids,,,This & That Stray Kids
2026-08-24,jp,Japan,top_videos_daily,,78,https://i.ytimg.com/vi/ViFHruS6oO8/mqdefault.jpg,おつかれSUMMER,halcali,,,おつかれSUMMER halcali
2026-08-24,jp,Japan,top_videos_daily,,79,https://i.ytimg.com/vi/fEA9DPfN_TQ/mqdefault.jpg,愛 罠 Get U - I Wanna Get U,VOLTACTION,,,愛 罠 Get U - I Wanna Get U VOLTACTION
2026-08-24,jp,Japan,top_videos_daily,,80,https://i.ytimg.com/vi/IQN7mEwkFpQ/mqdefault.jpg,センセーション,FRUITS ZIPPER,,,センセーション FRUITS ZIPPER
2026-08-24,jp,Japan,top_videos_daily,,81,https://i.ytimg.com/vi/fcnDmrtj6Sk/mqdefault.jpg,Dai Dai,Shakira / Burna Boy,,,Dai Dai Shakira & Burna Boy
2026-08-24,jp,Japan,top_videos_daily,,82,https://i.ytimg.com/vi/4FOSHKro21k/mqdefault.jpg,きゃわぽっぴんどぅ,iLiFE!,,,きゃわぽっぴんどぅ iLiFE!
2026-08-24,jp,Japan,top_videos_daily,,83,https://i.ytimg.com/vi/A6k3CEYqrZM/mqdefault.jpg,SUPER EIGHT - オモイダマ / THE FIRST TAKE,THE FIRST TAKE,,,SUPER EIGHT - オモイダマ / THE FIRST TAKE THE FIRST TAKE
2026-08-24,jp,Japan,top_videos_daily,,84,https://i.ytimg.com/vi/TfvYFX06Mes/mqdefault.jpg,真夜中のZOO (Live),ACEes,,,真夜中のZOO (Live) ACEes
2026-08-24,jp,Japan,top_videos_daily,,85,https://i.ytimg.com/vi/oRdxUFDoQe0/mqdefault.jpg,Beat It,Michael Jackson,,,Beat It Michael Jackson
2026-08-24,jp,Japan,top_videos_daily,,86,https://i.ytimg.com/vi/Cg89mp26AD4/mqdefault.jpg,IMP. – PINKY.になろうよ！2026 (Performance Video),IMP.,,2026,IMP. – PINKY.になろうよ！2026 (Performance Video) IMP.
2026-08-24,jp,Japan,top_videos_daily,,87,https://i.ytimg.com/vi/Jjojd47bu-s/mqdefault.jpg,ケセラセラ - CEREMONY (Live),Mrs. GREEN APPLE,,,ケセラセラ - CEREMONY (Live) Mrs. GREEN APPLE
2026-08-24,jp,Japan,top_videos_daily,,88,https://i.ytimg.com/vi/Gnn4GRSzRXI/mqdefault.jpg,BOOMPALA,LE SSERAFIM,,,BOOMPALA LE SSERAFIM
2026-08-24,jp,Japan,top_videos_daily,,89,https://i.ytimg.com/vi/XqXfHBSoAVQ/mqdefault.jpg,雪だるまつくろう（From『アナと雪の女王』）,神田沙也加 / 稲葉菜月 / 諸星堇,,,"雪だるまつくろう（From『アナと雪の女王』） 神田沙也加 , 稲葉菜月 & 諸星堇"
2026-08-24,jp,Japan,top_videos_daily,,90,https://i.ytimg.com/vi/w2x1f762EHk/mqdefault.jpg,時間よ止まれ - Jikanyo Tomare,Crazy Ken Band,,,時間よ止まれ - Jikanyo Tomare Crazy Ken Band
2026-08-24,jp,Japan,top_videos_daily,,91,https://i.ytimg.com/vi/-H4bB6hxeEs/mqdefault.jpg,きゃぴ (Kyapi),Houshou Marine,,,きゃぴ (Kyapi) Houshou Marine
2026-08-24,jp,Japan,top_videos_daily,,92,https://i.ytimg.com/vi/gXNbJEYuoSw/mqdefault.jpg,BRUCE WAYNE,BE:FIRST,,,BRUCE WAYNE BE:FIRST
2026-08-24,jp,Japan,top_videos_daily,,93,https://i.ytimg.com/vi/IzDxtnR60Rc/mqdefault.jpg,【MV】Creepy Nuts - Running Wheel,Creepy Nuts,,,【MV】Creepy Nuts - Running Wheel Creepy Nuts
2026-08-24,jp,Japan,top_videos_daily,,94,https://i.ytimg.com/vi/SfjSTlEHCSg/mqdefault.jpg,OBF,Joe Rikiichi,,,OBF Joe Rikiichi
2026-08-24,jp,Japan,top_videos_daily,,95,https://i.ytimg.com/vi/9cS2wv6AfHk/mqdefault.jpg,I LIKE IT,BABYMONSTER,,,I LIKE IT BABYMONSTER
2026-08-24,jp,Japan,top_videos_daily,,96,https://i.ytimg.com/vi/lmYusdmVg28/mqdefault.jpg,Dance Forever,SixTONES,,,Dance Forever SixTONES
2026-08-24,jp,Japan,top_videos_daily,,97,https://i.ytimg.com/vi/FQmSbVixyzY/mqdefault.jpg,VOLTACTION - 【Performance Video】Seven Days,VOLTACTION,,,VOLTACTION - 【Performance Video】Seven Days VOLTACTION
2026-08-24,jp,Japan,top_videos_daily,,98,https://i.ytimg.com/vi/hS0lTGFKXpc/mqdefault.jpg,Vaundy STUDIO LIVE ＂かげろう＂(夏の高校野球応援ソング/「熱闘甲子園」テーマソング),Vaundy,,,Vaundy STUDIO LIVE ＂かげろう＂(夏の高校野球応援ソング/「熱闘甲子園」テーマソング) Vaundy
2026-08-24,jp,Japan,top_videos_daily,,99,https://i.ytimg.com/vi/ARj1adoUoEU/mqdefault.jpg,飛ぶ時,Vaundy,"5月 30, 2026",55619,"99 4 飛ぶ時 Vaundy 5月 30, 2026 95 74 55,619"
2026-08-24,jp,Japan,top_videos_daily,,100,https://i.ytimg.com/vi/Pdjff9L2ZUQ/mqdefault.jpg,Setsuna Hanabi,TOMORROW X TOGETHER,,,Setsuna Hanabi TOMORROW X TOGETHER
2026-08-24,kr,South Korea,top_videos_daily,,1,https://i.ytimg.com/vi/L8ZnXgbyUuc/mqdefault.jpg,BIGBANG - ‘BiiiG’ M/V,BIGBANG,,,BIGBANG - ‘BiiiG’ M/V BIGBANG
2026-08-24,kr,South Korea,top_videos_daily,,2,https://i.ytimg.com/vi/wHCbE4cggyc/mqdefault.jpg,"Tiger JK, 윤미래 (yoonmirae) - 'Let Me Love You' Official M/V",Feel Ghood Music [필굿뮤직],,,"Tiger JK, 윤미래 (yoonmirae) - 'Let Me Love You' Official M/V Feel Ghood Music [필굿뮤직]"
2026-08-24,kr,South Korea,top_videos_daily,,3,https://i.ytimg.com/vi/MT-4Bk1Lw8g/mqdefault.jpg,ENHYPEN (엔하이픈) 'Bloody Paradise' Official MV,HYBE LABELS,,,ENHYPEN (엔하이픈) 'Bloody Paradise' Official MV HYBE LABELS
2026-08-24,kr,South Korea,top_videos_daily,,4,https://i.ytimg.com/vi/GxChUrrY4bc/mqdefault.jpg,꿈꾸던 어른이 되었나요?,머무르,,,꿈꾸던 어른이 되었나요? 머무르
2026-08-24,kr,South Korea,top_videos_daily,,5,https://i.ytimg.com/vi/qZlu2j2SiBA/mqdefault.jpg,Pretty Girl,RESCENE,,,Pretty Girl RESCENE
2026-08-24,kr,South Korea,top_videos_daily,,6,https://i.ytimg.com/vi/9XttLI0oH0I/mqdefault.jpg,LOVE ATTACK,RESCENE,,,LOVE ATTACK RESCENE
2026-08-24,kr,South Korea,top_videos_daily,,7,https://i.ytimg.com/vi/Jxgbfc89hNI/mqdefault.jpg,Suddenly,I.O.I,"5月 19, 2026",132435,"7 2 Suddenly I.O.I 5月 19, 2026 5 96 132,435"
2026-08-24,kr,South Korea,top_videos_daily,,8,https://i.ytimg.com/vi/-q_S27LbNKU/mqdefault.jpg,BAD,ATEEZ,"6月 25, 2026",117138,"8 1 BAD ATEEZ 6月 25, 2026 7 58 117,138"
2026-08-24,kr,South Korea,top_videos_daily,,9,https://i.ytimg.com/vi/bMhDJ0S0OBA/mqdefault.jpg,It's Me,ILLIT,"4月 30, 2026",99132,"9 ● It's Me ILLIT 4月 30, 2026 9 115 99,132"
2026-08-24,kr,South Korea,top_videos_daily,,10,https://i.ytimg.com/vi/83C3TZ4Zm_o/mqdefault.jpg,LEMONADE,aespa,"5月 28, 2026",85367,"10 ● LEMONADE aespa 5月 28, 2026 10 86 85,367"
2026-08-24,kr,South Korea,top_videos_daily,,11,https://i.ytimg.com/vi/ZbO9PBdFRdc/mqdefault.jpg,Deja Vu,RESCENE,"7月 2, 2025",85004,"11 3 Deja Vu RESCENE 7月 2, 2025 8 101 85,004"
2026-08-24,kr,South Korea,top_videos_daily,,12,https://i.ytimg.com/vi/ApXoWvfEYVU/mqdefault.jpg,Sunflower,Post Malone / Swae Lee,,,Sunflower Post Malone & Swae Lee
2026-08-24,kr,South Korea,top_videos_daily,,13,https://i.ytimg.com/vi/1rAos7HClwI/mqdefault.jpg,"RYUJIN “REDRED” @ ITZY The 5th Fan Meeting “ALL IN, MIDZY”",ITZY,,,"RYUJIN “REDRED” @ ITZY The 5th Fan Meeting “ALL IN, MIDZY” ITZY"
2026-08-24,kr,South Korea,top_videos_daily,,14,https://i.ytimg.com/vi/Qe8fa4b5xNU/mqdefault.jpg,Good Goodbye,HWASA,,,Good Goodbye HWASA
2026-08-24,kr,South Korea,top_videos_daily,,15,https://i.ytimg.com/vi/sFK89gemgKM/mqdefault.jpg,Eternal Moment,任英雄,,,Eternal Moment 任英雄
2026-08-24,kr,South Korea,top_videos_daily,,16,https://i.ytimg.com/vi/4L_YopHT3Gg/mqdefault.jpg,돌아보지 마세요,Lim Young-woong,,,돌아보지 마세요 Lim Young-woong
2026-08-24,kr,South Korea,top_videos_daily,,17,https://i.ytimg.com/vi/F7sGJVUrkjQ/mqdefault.jpg,RUDE!,Hearts2Hearts,,,RUDE! Hearts2Hearts
2026-08-24,kr,South Korea,top_videos_daily,,18,https://i.ytimg.com/vi/XPUOHpkRAxg/mqdefault.jpg,마음의 숲,조선힙합,"4月 9, 2026",63224,"18 5 마음의 숲 조선힙합 4月 9, 2026 13 95 63,224"
2026-08-24,kr,South Korea,top_videos_daily,,19,https://i.ytimg.com/vi/UsbRoaH6y-Q/mqdefault.jpg,Pop Off Pop Off,KiiiKiii,,,Pop Off Pop Off KiiiKiii
2026-08-24,kr,South Korea,top_videos_daily,,20,https://i.ytimg.com/vi/ylTuLv9iDmY/mqdefault.jpg,A SONG FOR US,Lim Young-woong,,,A SONG FOR US Lim Young-woong
2026-08-24,kr,South Korea,top_videos_daily,,21,https://i.ytimg.com/vi/ci2FiiplZbw/mqdefault.jpg,[MV] TAK - ‘未完成なサヨナラ’ feat. みきまりあ,TAK / DORIDORI,,,[MV] TAK - ‘未完成なサヨナラ’ feat. みきまりあ TAK / DORIDORI
2026-08-24,kr,South Korea,top_videos_daily,,22,https://i.ytimg.com/vi/5Ss8Hv7jf_Q/mqdefault.jpg,[MV] IHWAK(조성확) _ I PROMISE YOU THAT SEVEN KINDS(너에게 약속하는 7가지) (Feat. KYURI(규리)),IHWAK,,,[MV] IHWAK(조성확) _ I PROMISE YOU THAT SEVEN KINDS(너에게 약속하는 7가지) (Feat. KYURI(규리)) IHWAK
2026-08-24,kr,South Korea,top_videos_daily,,23,https://i.ytimg.com/vi/sLk8zWUuYTA/mqdefault.jpg,Vitamin ME,fromis_9,,,Vitamin ME fromis_9
2026-08-24,kr,South Korea,top_videos_daily,,24,https://i.ytimg.com/vi/D54StAZFUrc/mqdefault.jpg,Paradise of Rumors,AKMU,,,Paradise of Rumors AKMU
2026-08-24,kr,South Korea,top_videos_daily,,25,https://i.ytimg.com/vi/OLqJYMDcIFs/mqdefault.jpg,[LIVE] 내일의 밤하늘 초계반 + Henceforth / Cover by Hebi,Hebi,,,[LIVE] 내일의 밤하늘 초계반 + Henceforth / Cover by Hebi Hebi
2026-08-24,kr,South Korea,top_videos_daily,,26,https://i.ytimg.com/vi/yebNIHKAC4A/mqdefault.jpg,Golden,HUNTR/X / EJAE / AUDREY NUNA / REI AMI / KPop Demon Hunters Cast,,,"Golden HUNTR/X , EJAE , AUDREY NUNA , REI AMI & KPop Demon Hunters Cast"
2026-08-24,kr,South Korea,top_videos_daily,,27,https://i.ytimg.com/vi/30hZXHeB85U/mqdefault.jpg,ULSSIGU,任英雄,"9月 14, 2025",48515,"27 4 ULSSIGU 任英雄 9月 14, 2025 23 341 48,515"
2026-08-24,kr,South Korea,top_videos_daily,,28,https://i.ytimg.com/vi/6lN51mwvuA8/mqdefault.jpg,Gg Ez,M.Sasuke,"5月 30, 2026",47564,"28 3 Gg Ez M.Sasuke 5月 30, 2026 31 58 47,564"
2026-08-24,kr,South Korea,top_videos_daily,,29,https://i.ytimg.com/vi/h0KIWaUEIgQ/mqdefault.jpg,사랑하게 될 거야,HANRORO,,,사랑하게 될 거야 HANRORO
2026-08-24,kr,South Korea,top_videos_daily,,30,https://i.ytimg.com/vi/H0GbvPY_Yl8/mqdefault.jpg,만찬가,TAEYEON,"6月 29, 2026",45399,"30 6 만찬가 TAEYEON 6月 29, 2026 24 48 45,399"
2026-08-24,kr,South Korea,top_videos_daily,,31,https://i.ytimg.com/vi/CvLwwA0EXjA/mqdefault.jpg,[MV] Punch(펀치) _ Still Missing You(가끔 네가 너무 그리워),PUNCH,,,[MV] Punch(펀치) _ Still Missing You(가끔 네가 너무 그리워) PUNCH
2026-08-24,kr,South Korea,top_videos_daily,,32,https://i.ytimg.com/vi/U6BDbXIah-Y/mqdefault.jpg,REDRED,CORTIS,"4月 20, 2026",44323,"32 1 REDRED CORTIS 4月 20, 2026 33 125 44,323"
2026-08-24,kr,South Korea,top_videos_daily,,33,https://i.ytimg.com/vi/1grGukKKg3w/mqdefault.jpg,뱀파이어 ヴァンパイア (DECO*27) / mill cover 2026 ver.,mill,,2026,뱀파이어 ヴァンパイア (DECO*27) / mill cover 2026 ver. mill
2026-08-24,kr,South Korea,top_videos_daily,,34,https://i.ytimg.com/vi/GnSaLQTrvt0/mqdefault.jpg,Good Goodbye,HWASA,,,Good Goodbye HWASA
2026-08-24,kr,South Korea,top_videos_daily,,35,https://i.ytimg.com/vi/dB8QCac8FSM/mqdefault.jpg,將棋一番！ - Shogi Ichiban！,Yukopi,,,将棋一番！ - Shogi Ichiban！ Yukopi
2026-08-24,kr,South Korea,top_videos_daily,,36,https://i.ytimg.com/vi/07cb8UQnwtE/mqdefault.jpg,MIMI 미미 'Bish Bash Bosh'｜On the Spot｜온더스팟,1theK Originals - 원더케이 오리지널,,,MIMI 미미 'Bish Bash Bosh'｜On the Spot｜온더스팟 1theK Originals - 원더케이 오리지널
2026-08-24,kr,South Korea,top_videos_daily,,37,https://i.ytimg.com/vi/pHciG9_2xXM/mqdefault.jpg,"Meet my GRLS, TUIDE",HYBE LABELS,,,"Meet my GRLS, TUIDE HYBE LABELS"
2026-08-24,kr,South Korea,top_videos_daily,,38,https://i.ytimg.com/vi/UsjsYMo3O1Q/mqdefault.jpg,Brain Rot,Tokyo Manaka,,,Brain Rot Tokyo Manaka
2026-08-24,kr,South Korea,top_videos_daily,,39,https://i.ytimg.com/vi/4sOVtBDPTwM/mqdefault.jpg,ULLSIGU,任英雄,"9月 25, 2025",40149,"39 7 ULLSIGU 任英雄 9月 25, 2025 32 324 40,149"
2026-08-24,kr,South Korea,top_videos_daily,,40,https://i.ytimg.com/vi/yEHkBifsHPY/mqdefault.jpg,그댈 위한 멜로디,任英雄,"11月 18, 2025",39446,"40 3 그댈 위한 멜로디 任英雄 11月 18, 2025 37 249 39,446"
2026-08-24,kr,South Korea,top_videos_daily,,41,https://i.ytimg.com/vi/sa51xggTMZs/mqdefault.jpg,Animal (Live From The Today Show/2026),KATSEYE,,2026,Animal (Live From The Today Show/2026) KATSEYE
2026-08-24,kr,South Korea,top_videos_daily,,42,https://i.ytimg.com/vi/CsrN8hcXCqY/mqdefault.jpg,[MV] WAVE CALL(웨이브 콜) _ SORRY(미안),WAVE CALL,,,[MV] WAVE CALL(웨이브 콜) _ SORRY(미안) WAVE CALL
2026-08-24,kr,South Korea,top_videos_daily,,43,https://i.ytimg.com/vi/NOiyDlWl534/mqdefault.jpg,Catch Catch,YENA,,,Catch Catch YENA
2026-08-24,kr,South Korea,top_videos_daily,,44,https://i.ytimg.com/vi/ewk5MPptBIs/mqdefault.jpg,Wild Flower,Lim Young-woong,,,Wild Flower Lim Young-woong
2026-08-24,kr,South Korea,top_videos_daily,,45,https://i.ytimg.com/vi/h-3V0FwPzes/mqdefault.jpg,SUNSHINE,Rainbow,,,SUNSHINE Rainbow
2026-08-24,kr,South Korea,top_videos_daily,,46,https://i.ytimg.com/vi/gvWgrlcwK54/mqdefault.jpg,예감 (豫感),水晶男孩,"5月 22, 2019",37264,"46 7 예감 (豫感) 水晶男孩 5月 22, 2019 39 2 37,264"
2026-08-24,kr,South Korea,top_videos_daily,,47,https://i.ytimg.com/vi/chl0R8C4NJ8/mqdefault.jpg,Hearts2Hearts 하츠투하츠 'ICONIC HEART' MV,Hearts2Hearts,,,Hearts2Hearts 하츠투하츠 'ICONIC HEART' MV Hearts2Hearts
2026-08-24,kr,South Korea,top_videos_daily,,48,https://i.ytimg.com/vi/-lwj47dDrNU/mqdefault.jpg,"CHAERYEONG “Full Moon” @ ITZY The 5th Fan Meeting “ALL IN, MIDZY”",ITZY,,,"CHAERYEONG “Full Moon” @ ITZY The 5th Fan Meeting “ALL IN, MIDZY” ITZY"
2026-08-24,kr,South Korea,top_videos_daily,,49,https://i.ytimg.com/vi/5hL7uPsISY0/mqdefault.jpg,그냥 해,조선힙합,"6月 16, 2026",35881,"49 8 그냥 해 조선힙합 6月 16, 2026 41 67 35,881"
2026-08-24,kr,South Korea,top_videos_daily,,50,https://i.ytimg.com/vi/vYq_Xzj8HUM/mqdefault.jpg,Hit 'Em,MEOVV,"6月 11, 2026",35049,"50 3 Hit 'Em MEOVV 6月 11, 2026 53 57 35,049"
2026-08-24,kr,South Korea,top_videos_daily,,51,https://i.ytimg.com/vi/T24rF_x0TmQ/mqdefault.jpg,ヤラララ,AnythingBecomeMoe,,,ヤラララ AnythingBecomeMoe
2026-08-24,kr,South Korea,top_videos_daily,,52,https://i.ytimg.com/vi/Us5aTWQaDyI/mqdefault.jpg,Achilles,NOWZ (나우즈),,,Achilles NOWZ (나우즈)
2026-08-24,kr,South Korea,top_videos_daily,,53,https://i.ytimg.com/vi/6Ycn9qZK09I/mqdefault.jpg,Heavy Serenade,NMIXX,,,Heavy Serenade NMIXX
2026-08-24,kr,South Korea,top_videos_daily,,54,https://i.ytimg.com/vi/OdFKpPV4VlE/mqdefault.jpg,황영웅 팬 정모_빗속에서,황영웅 Tv,,,황영웅 팬 정모_빗속에서 황영웅 Tv
2026-08-24,kr,South Korea,top_videos_daily,,55,https://i.ytimg.com/vi/1VqxWNwgf5Q/mqdefault.jpg,Lemon Tang,Hearts2Hearts,,,Lemon Tang Hearts2Hearts
2026-08-24,kr,South Korea,top_videos_daily,,56,https://i.ytimg.com/vi/XKZIQlqVjjk/mqdefault.jpg,승인해주세요 지니님!,카사네 테토 / Una Otomachi,,,승인해주세요 지니님! 카사네 테토 & Una Otomachi
2026-08-24,kr,South Korea,top_videos_daily,,57,https://i.ytimg.com/vi/f5W2rZ1FdBQ/mqdefault.jpg,OURBIRTHDAY “SQUEEZY” M/V,JYP Entertainment,,,OURBIRTHDAY “SQUEEZY” M/V JYP Entertainment
2026-08-24,kr,South Korea,top_videos_daily,,58,https://i.ytimg.com/vi/Imb4p6lLahQ/mqdefault.jpg,이찬원 '나의 오랜 여행' Live Clip [2026 이찬원 콘서트 '찬가 : 찬란한 하루'],李燦元,,2026,이찬원 '나의 오랜 여행' Live Clip [2026 이찬원 콘서트 '찬가 : 찬란한 하루'] 李燦元
2026-08-24,kr,South Korea,top_videos_daily,,59,https://i.ytimg.com/vi/7LjFAoWvsbE/mqdefault.jpg,Walking with you,滑川康男,,,Walking with you 滑川康男
2026-08-24,kr,South Korea,top_videos_daily,,60,https://i.ytimg.com/vi/hrkELy64_zA/mqdefault.jpg,Please Summer!,臉紅的思春期,,,Please Summer! 臉紅的思春期
2026-08-24,kr,South Korea,top_videos_daily,,61,https://i.ytimg.com/vi/eB-IK2wPWzw/mqdefault.jpg,ATEEZ(에이티즈) - 'BAD' Performance Stage (@The Kelly Clarkson Show),ATEEZ,,,ATEEZ(에이티즈) - 'BAD' Performance Stage (@The Kelly Clarkson Show) ATEEZ
2026-08-24,kr,South Korea,top_videos_daily,,62,https://i.ytimg.com/vi/zhHB4dZTChw/mqdefault.jpg,404 (New Era),KiiiKiii,,404,404 (New Era) KiiiKiii
2026-08-24,kr,South Korea,top_videos_daily,,63,https://i.ytimg.com/vi/RKhsHGfrFmY/mqdefault.jpg,삐딱하게,G-Dragon,"9月 4, 2013",28350,"63 5 삐딱하게 G-Dragon 9月 4, 2013 68 63 28,350"
2026-08-24,kr,South Korea,top_videos_daily,,64,https://i.ytimg.com/vi/3vF1UEjpmpo/mqdefault.jpg,인싸들만 안다는 '그 노래',장재훈,,,인싸들만 안다는 '그 노래' 장재훈
2026-08-24,kr,South Korea,top_videos_daily,,65,https://i.ytimg.com/vi/BPjkepatFRI/mqdefault.jpg,황영웅 팬 정모_모르리,황영웅,,,황영웅 팬 정모_모르리 황영웅
2026-08-24,kr,South Korea,top_videos_daily,,66,https://i.ytimg.com/vi/AJluE9pTg6o/mqdefault.jpg,실리카겔 (Silica Gel) - Manphasickzuck [M/V],Silica Gel 실리카겔,,,실리카겔 (Silica Gel) - Manphasickzuck [M/V] Silica Gel 실리카겔
2026-08-24,kr,South Korea,top_videos_daily,,67,https://i.ytimg.com/vi/1cKc1rkZwf8/mqdefault.jpg,It's Art,PSY,"2月 7, 2011",27390,"67 3 It's Art PSY 2月 7, 2011 64 67 27,390"
2026-08-24,kr,South Korea,top_videos_daily,,68,https://i.ytimg.com/vi/SNn_H_Q2moo/mqdefault.jpg,"기쁨, 슬픔, 아름다운 마음",樂童音樂家,,,"기쁨, 슬픔, 아름다운 마음 樂童音樂家"
2026-08-24,kr,South Korea,top_videos_daily,,69,https://i.ytimg.com/vi/PxmKaXqeK2s/mqdefault.jpg,너의 차선,조선힙합,"5月 21, 2026",26401,"69 6 너의 차선 조선힙합 5月 21, 2026 63 59 26,401"
2026-08-24,kr,South Korea,top_videos_daily,,70,https://i.ytimg.com/vi/eN5mG_yMDiM/mqdefault.jpg,Still Life,BIGBANG,,,Still Life BIGBANG
2026-08-24,kr,South Korea,top_videos_daily,,71,https://i.ytimg.com/vi/ntLoF0LnAwY/mqdefault.jpg,BOYNEXTDOOR (보이넥스트도어) 'Boom Boom Boom' Official MV,HYBE LABELS,,,BOYNEXTDOOR (보이넥스트도어) 'Boom Boom Boom' Official MV HYBE LABELS
2026-08-24,kr,South Korea,top_videos_daily,,72,https://i.ytimg.com/vi/is8UDe2PhKQ/mqdefault.jpg,KATSEYE (캣츠아이) 'Hootie Frutti' Official MV,KATSEYE,,,KATSEYE (캣츠아이) 'Hootie Frutti' Official MV KATSEYE
2026-08-24,kr,South Korea,top_videos_daily,,73,https://i.ytimg.com/vi/2uhFdKPes9k/mqdefault.jpg,ローリンガール (Rollin Girl)┃Raon cover,Raon,,,ローリンガール (Rollin Girl)┃Raon cover Raon
2026-08-24,kr,South Korea,top_videos_daily,,74,https://i.ytimg.com/vi/C0co7EyYxRU/mqdefault.jpg,Roy Kim - Creep (Radiohead Cover),로이킴 Roy Kim,,,Roy Kim - Creep (Radiohead Cover) 로이킴 Roy Kim
2026-08-24,kr,South Korea,top_videos_daily,,75,https://i.ytimg.com/vi/vecSVX1QYbQ/mqdefault.jpg,사랑을 했다 (LOVE SCENARIO),iKON,,,사랑을 했다 (LOVE SCENARIO) iKON
2026-08-24,kr,South Korea,top_videos_daily,,76,https://i.ytimg.com/vi/9kaCAbIXuyg/mqdefault.jpg,"G-DRAGON - '무제(無題) (Untitled, 2014)' M/V",G-Dragon,,2014,"G-DRAGON - '무제(無題) (Untitled, 2014)' M/V G-Dragon"
2026-08-24,kr,South Korea,top_videos_daily,,77,https://i.ytimg.com/vi/Gnn4GRSzRXI/mqdefault.jpg,BOOMPALA,LE SSERAFIM,,,BOOMPALA LE SSERAFIM
2026-08-24,kr,South Korea,top_videos_daily,,78,https://i.ytimg.com/vi/x3eqqoZPV_E/mqdefault.jpg,춤 (CHOOM),BABYMONSTER,,,춤 (CHOOM) BABYMONSTER
2026-08-24,kr,South Korea,top_videos_daily,,79,https://i.ytimg.com/vi/4p3nTwTboK4/mqdefault.jpg,"[COVER] PLAVE(플레이브) 'Golden' (원곡 : HUNTR/X, EJAE, AUDREY NUNA, REI AMI, KPop Demon Hunters Cast)",PLAVE,,,"[COVER] PLAVE(플레이브) 'Golden' (원곡 : HUNTR/X, EJAE, AUDREY NUNA, REI AMI, KPop Demon Hunters Cast) PLAVE"
2026-08-24,kr,South Korea,top_videos_daily,,80,https://i.ytimg.com/vi/NZP153MUpHY/mqdefault.jpg,Surfin' Boy,Red Velvet,,,Surfin' Boy Red Velvet
2026-08-24,kr,South Korea,top_videos_daily,,81,https://i.ytimg.com/vi/B8JJ8RNM-60/mqdefault.jpg,Pinball,RESCENE,"9月 21, 2024",22715,"81 2 Pinball RESCENE 9月 21, 2024 83 27 22,715"
2026-08-24,kr,South Korea,top_videos_daily,,82,https://i.ytimg.com/vi/VVO05mYGFY8/mqdefault.jpg,만찬가,TAEYEON,"6月 29, 2026",21930,"82 6 만찬가 TAEYEON 6月 29, 2026 88 46 21,930"
2026-08-24,kr,South Korea,top_videos_daily,,83,https://i.ytimg.com/vi/9jTo6hTZmiQ/mqdefault.jpg,BIGBANG - 우리 사랑하지 말아요(LET'S NOT FALL IN LOVE) M/V,BIGBANG,,,BIGBANG - 우리 사랑하지 말아요(LET'S NOT FALL IN LOVE) M/V BIGBANG
2026-08-24,kr,South Korea,top_videos_daily,,84,https://i.ytimg.com/vi/9cS2wv6AfHk/mqdefault.jpg,I LIKE IT,BABYMONSTER,,,I LIKE IT BABYMONSTER
2026-08-24,kr,South Korea,top_videos_daily,,85,https://i.ytimg.com/vi/MC6-82GRK5I/mqdefault.jpg,Bloom,RESCENE,"11月 25, 2025",21436,"85 6 Bloom RESCENE 11月 25, 2025 91 47 21,436"
2026-08-24,kr,South Korea,top_videos_daily,,86,https://i.ytimg.com/vi/_IT83Y_HcAw/mqdefault.jpg,Less than a Lover,JENNIE,,,Less than a Lover JENNIE
2026-08-24,kr,South Korea,top_videos_daily,,87,https://i.ytimg.com/vi/3b4men4nFMA/mqdefault.jpg,그냥 그러려니 해,조선힙합,"8月 6, 2026",20796,"87 5 그냥 그러려니 해 조선힙합 8月 6, 2026 82 12 20,796"
2026-08-24,kr,South Korea,top_videos_daily,,88,https://i.ytimg.com/vi/ba7YbGO2aq4/mqdefault.jpg,numb numb,TAK,"5月 20, 2026",20757,"88 8 numb numb TAK 5月 20, 2026 96 70 20,757"
2026-08-24,kr,South Korea,top_videos_daily,,89,https://i.ytimg.com/vi/R9miRFaYbWo/mqdefault.jpg,Candy Pink Magic Hole Flip Phone,KiiiKiii,,,Candy Pink Magic Hole Flip Phone KiiiKiii
2026-08-24,kr,South Korea,top_videos_daily,,90,https://i.ytimg.com/vi/Zb1sZ16uWBk/mqdefault.jpg,long for you,Hyunjin / Stray Kids,,,long for you Hyunjin & Stray Kids
2026-08-24,kr,South Korea,top_videos_daily,,91,https://i.ytimg.com/vi/8R2UTnAbfTg/mqdefault.jpg,늙은 사랑,조선힙합,"5月 15, 2026",19718,"91 7 늙은 사랑 조선힙합 5月 15, 2026 84 46 19,718"
2026-08-24,kr,South Korea,top_videos_daily,,92,https://i.ytimg.com/vi/qXFuut_cU-g/mqdefault.jpg,[MV] ABM - LIVE QNA BAR (YouTube Music Weekend 12.0),AnythingBecomeMoe,,,[MV] ABM - LIVE QNA BAR (YouTube Music Weekend 12.0) AnythingBecomeMoe
2026-08-24,kr,South Korea,top_videos_daily,,93,https://i.ytimg.com/vi/LmG1rPr5nbw/mqdefault.jpg,사랑은 봄비처럼...이별은 겨울비처럼…,임현정,,,사랑은 봄비처럼...이별은 겨울비처럼… 임현정
2026-08-24,kr,South Korea,top_videos_daily,,94,https://i.ytimg.com/vi/K5H-GvnNz2Y/mqdefault.jpg,Mr. Chu,Apink,"3月 30, 2014",19209,"94 5 Mr. Chu Apink 3月 30, 2014 89 93 19,209"
2026-08-24,kr,South Korea,top_videos_daily,,95,https://i.ytimg.com/vi/IpFX2vq8HKw/mqdefault.jpg,yung kai - blue (official music video),yung kai,,,yung kai - blue (official music video) yung kai
2026-08-24,kr,South Korea,top_videos_daily,,96,https://i.ytimg.com/vi/MBNQgq56egk/mqdefault.jpg,맨정신,BIGBANG,"6月 30, 2015",19044,"96 96 맨정신 BIGBANG 6月 30, 2015 - 146 19,044"
2026-08-24,kr,South Korea,top_videos_daily,,97,https://i.ytimg.com/vi/pTD9Jysi3_g/mqdefault.jpg,빈차 (Home Is Far Away) ft. OH HYUK,Epik High,,,빈차 (Home Is Far Away) ft. OH HYUK Epik High
2026-08-24,kr,South Korea,top_videos_daily,,98,https://i.ytimg.com/vi/e6CGI5JOZ7g/mqdefault.jpg,Now Only Trust Me (Live),任英雄,,,Now Only Trust Me (Live) 任英雄
2026-08-24,kr,South Korea,top_videos_daily,,99,https://i.ytimg.com/vi/8WqEp8nbgPg/mqdefault.jpg,저녁 하늘,李藝真,"10月 31, 2012",18369,"99 12 저녁 하늘 李藝真 10月 31, 2012 87 38 18,369"
2026-08-24,kr,South Korea,top_videos_daily,,100,https://i.ytimg.com/vi/gW5rI8NGSxE/mqdefault.jpg,Parallel Night,서영주 of 너드커넥션,,,Parallel Night 서영주 of 너드커넥션
2026-08-24,vn,Vietnam,top_videos_daily,,1,https://i.ytimg.com/vi/UH21OnJwxZE/mqdefault.jpg,PHƯƠNG MỸ CHI x DTAP | 'THIÊN ĐƯỜNG VỚI NGƯỜI THƯƠNG' | OFFICIAL MUSIC VIDEO,Phương Mỹ Chi,,,PHƯƠNG MỸ CHI x DTAP | 'THIÊN ĐƯỜNG VỚI NGƯỜI THƯƠNG' | OFFICIAL MUSIC VIDEO Phương Mỹ Chi
2026-08-24,vn,Vietnam,top_videos_daily,,2,https://i.ytimg.com/vi/Rb3hfEPyJxQ/mqdefault.jpg,SECRET,"Wren Evans / CODY NAM VÕ / Quang Hùng MasterD / ANH TRAI ""SAY HI"" / CONGB",,,"SECRET Wren Evans , CODY NAM VÕ , Quang Hùng MasterD , ANH TRAI ""SAY HI"" & CONGB"
2026-08-24,vn,Vietnam,top_videos_daily,,3,https://i.ytimg.com/vi/4jjOH2FR6-E/mqdefault.jpg,xương rồng (intro),Dangrangto / DONAL,,,xương rồng (intro) Dangrangto & DONAL
2026-08-24,vn,Vietnam,top_videos_daily,,4,https://i.ytimg.com/vi/9UcQ7ddVjoc/mqdefault.jpg,Không Buông,Hngle / Ari,,,Không Buông Hngle & Ari
2026-08-24,vn,Vietnam,top_videos_daily,,5,https://i.ytimg.com/vi/heMYSOZoT3c/mqdefault.jpg,dự báo thời tiết hôm nay mưa,ST.319 Entertainment,,319,dự báo thời tiết hôm nay mưa ST.319 Entertainment
2026-08-24,vn,Vietnam,top_videos_daily,,6,https://i.ytimg.com/vi/l4Pkem30Q60/mqdefault.jpg,Kẻ Say Tình (Live),Quoc Thien,,,Kẻ Say Tình (Live) Quoc Thien
2026-08-24,vn,Vietnam,top_videos_daily,,7,https://i.ytimg.com/vi/8sVtL0o-v7U/mqdefault.jpg,Người Im Lặng Gặp Người Hay Nói,HIEUTHUHAI,,,Người Im Lặng Gặp Người Hay Nói HIEUTHUHAI
2026-08-24,vn,Vietnam,top_videos_daily,,8,https://i.ytimg.com/vi/l_uzEREOKfo/mqdefault.jpg,THẾ GIỚI CỦA ANH,Dương Domic / buitruonglinh / CONGB / WEAN / Vận Toàn,,,"THẾ GIỚI CỦA ANH Dương Domic , buitruonglinh , CONGB , WEAN & Vận Toàn"
2026-08-24,vn,Vietnam,top_videos_daily,,9,https://i.ytimg.com/vi/qbek-A-CJJU/mqdefault.jpg,GIÁ NHƯ ANH LÀ EM - LỆ QUYÊN | OFFICIAL MUSIC VIDEO,麗娟,,,GIÁ NHƯ ANH LÀ EM - LỆ QUYÊN | OFFICIAL MUSIC VIDEO 麗娟
2026-08-24,vn,Vietnam,top_videos_daily,,10,https://i.ytimg.com/vi/RM-LMRqL5zE/mqdefault.jpg,Gián Đáng Iu Hongg?,Lâm Thằn Lằn / The New Gene,,,Gián Đáng Iu Hongg? Lâm Thằn Lằn & The New Gene
2026-08-24,vn,Vietnam,top_videos_daily,,11,https://i.ytimg.com/vi/dTZGuJACBWg/mqdefault.jpg,"gái tây gốc Việt | Nicole Nguyễn ft Tommy Tèo, Billy100 | OFFICIAL MV",Grammy Music Vietnam,,100,"gái tây gốc Việt | Nicole Nguyễn ft Tommy Tèo, Billy100 | OFFICIAL MV Grammy Music Vietnam"
2026-08-24,vn,Vietnam,top_videos_daily,,12,https://i.ytimg.com/vi/jM6UrE3Bxw4/mqdefault.jpg,Tự Do Như Cơn Gió,Xanh,,,Tự Do Như Cơn Gió Xanh
2026-08-24,vn,Vietnam,top_videos_daily,,13,https://i.ytimg.com/vi/sPQXOA6pzOg/mqdefault.jpg,Ngày Rời Chuyến Bay,Minh Huy / Pinny,,,Ngày Rời Chuyến Bay Minh Huy & Pinny
2026-08-24,vn,Vietnam,top_videos_daily,,14,https://i.ytimg.com/vi/6uVJqD2hSGQ/mqdefault.jpg,07. Em - Binz (feat. SOOBIN) | Gặp Lại Album,Binz,,,07. Em - Binz (feat. SOOBIN) | Gặp Lại Album Binz
2026-08-24,vn,Vietnam,top_videos_daily,,15,https://i.ytimg.com/vi/dfmqjLS6nys/mqdefault.jpg,EM CƯỚI AI RỒI ( Rumba Nhạc Sống 2026 ) Oanh Tạ | Đò Đưa Em Qua Bến Sông Theo Chồng Sang Ngang,Oanh Tạ Nhạc Sống,,2026,EM CƯỚI AI RỒI ( Rumba Nhạc Sống 2026 ) Oanh Tạ | Đò Đưa Em Qua Bến Sông Theo Chồng Sang Ngang Oanh Tạ Nhạc Sống
2026-08-24,vn,Vietnam,top_videos_daily,,16,https://i.ytimg.com/vi/fcnDmrtj6Sk/mqdefault.jpg,Dai Dai,Shakira / Burna Boy,,,Dai Dai Shakira & Burna Boy
2026-08-24,vn,Vietnam,top_videos_daily,,17,https://i.ytimg.com/vi/8-bKjcADU18/mqdefault.jpg,MƯA VỘI PHÓNG,Wren Evans / Ali Hoàng Dương / CODY Nam Võ / HYO / 2Pillz,,,"MƯA VỘI PHÓNG Wren Evans , Ali Hoàng Dương , CODY Nam Võ , HYO & 2Pillz"
2026-08-24,vn,Vietnam,top_videos_daily,,18,https://i.ytimg.com/vi/uUQG8sk7cLs/mqdefault.jpg,Kẻ Say Tình 2,Quốc Thiên,,,Kẻ Say Tình 2 Quốc Thiên
2026-08-24,vn,Vietnam,top_videos_daily,,19,https://i.ytimg.com/vi/XpY62G82-HI/mqdefault.jpg,Thương Lấy Phận Mình (Remix),Thái Học,,,Thương Lấy Phận Mình (Remix) Thái Học
2026-08-24,vn,Vietnam,top_videos_daily,,20,https://i.ytimg.com/vi/XwshmJV-DHg/mqdefault.jpg,"Quang Hùng MasterD - 'SECRET' (ft. Cody Nam Võ, Wren Evans, CONGB) / TINH HÀ SAY HI",Quang Hùng MasterD,,,"Quang Hùng MasterD - 'SECRET' (ft. Cody Nam Võ, Wren Evans, CONGB) / TINH HÀ SAY HI Quang Hùng MasterD"
2026-08-24,vn,Vietnam,top_videos_daily,,21,https://i.ytimg.com/vi/HedP3E7ljhk/mqdefault.jpg,Xin Đừng Rời Xa Anh (Truzg Remix) | Lê Gia Bảo | Nhạc Hot Trend TikTok 2026,Lê Gia Bảo,,2026,Xin Đừng Rời Xa Anh (Truzg Remix) | Lê Gia Bảo | Nhạc Hot Trend TikTok 2026 Lê Gia Bảo
2026-08-24,vn,Vietnam,top_videos_daily,,22,https://i.ytimg.com/vi/bZZn2B11b_c/mqdefault.jpg,Thanh Tân,VƯƠNG BÌNH / Thùy Chi,,,Thanh Tân VƯƠNG BÌNH & Thùy Chi
2026-08-24,vn,Vietnam,top_videos_daily,,23,https://i.ytimg.com/vi/L8ZnXgbyUuc/mqdefault.jpg,BIGBANG - ‘BiiiG’ M/V,BIGBANG,,,BIGBANG - ‘BiiiG’ M/V BIGBANG
2026-08-24,vn,Vietnam,top_videos_daily,,24,https://i.ytimg.com/vi/om6Qessps1c/mqdefault.jpg,50 CUỘC GỌI NHỠ,COOLKID / Quang Hùng MasterD / CODYNAMVO / Jaysonlei,,,"50 CUỘC GỌI NHỠ COOLKID , Quang Hùng MasterD , CODYNAMVO & Jaysonlei"
2026-08-24,vn,Vietnam,top_videos_daily,,25,https://i.ytimg.com/vi/O5nlyrBH3FQ/mqdefault.jpg,CILU (Cuz I Luv U) - JGKiD (Da LAB) x MPaKK (Da LAB) (Official MV),Da LAB,,,CILU (Cuz I Luv U) - JGKiD (Da LAB) x MPaKK (Da LAB) (Official MV) Da LAB
2026-08-24,vn,Vietnam,top_videos_daily,,26,https://i.ytimg.com/vi/T7ksmtaVeOk/mqdefault.jpg,In Love,JustaTee / Low G,,,In Love JustaTee & Low G
2026-08-24,vn,Vietnam,top_videos_daily,,27,https://i.ytimg.com/vi/yszxOH4e5eA/mqdefault.jpg,Mối Duyên Vàng,Võ Thu Hà / Tuấn Cry,,,Mối Duyên Vàng Võ Thu Hà & Tuấn Cry
2026-08-24,vn,Vietnam,top_videos_daily,,28,https://i.ytimg.com/vi/k7YJHCR9JBE/mqdefault.jpg,50 Năm Về Sau,Đặng Thanh Tuyền,,,50 Năm Về Sau Đặng Thanh Tuyền
2026-08-24,vn,Vietnam,top_videos_daily,,29,https://i.ytimg.com/vi/Udc6MAAZT30/mqdefault.jpg,Từng Là Của Nhau,Bảo Anh / Táo,,,Từng Là Của Nhau Bảo Anh & Táo
2026-08-24,vn,Vietnam,top_videos_daily,,30,https://i.ytimg.com/vi/sS3mfC9vDz4/mqdefault.jpg,Lê Bảo Bình - Đâu Phải Bên Nhau Là Yêu | Không Suy Album (Official MV),Lê Bảo Bình,,,Lê Bảo Bình - Đâu Phải Bên Nhau Là Yêu | Không Suy Album (Official MV) Lê Bảo Bình
2026-08-24,vn,Vietnam,top_videos_daily,,31,https://i.ytimg.com/vi/05S2uf37ufc/mqdefault.jpg,Địa Ngục Trần Gian (Remix),Phạm Kỳ,,,Địa Ngục Trần Gian (Remix) Phạm Kỳ
2026-08-24,vn,Vietnam,top_videos_daily,,32,https://i.ytimg.com/vi/hzUG1erf3Yw/mqdefault.jpg,Xin Đừng Rời Xa Anh (Beat),Lê Gia Bảo,,,Xin Đừng Rời Xa Anh (Beat) Lê Gia Bảo
2026-08-24,vn,Vietnam,top_videos_daily,,33,https://i.ytimg.com/vi/fTXd-DpN3AI/mqdefault.jpg,Bông Hoa Đẹp Nhất,Quân A.P,,,Bông Hoa Đẹp Nhất Quân A.P
2026-08-24,vn,Vietnam,top_videos_daily,,34,https://i.ytimg.com/vi/apqe_u3VJQ4/mqdefault.jpg,TIA - Ai Đưa Em Về | Official M/V | Ft. Lê Thiện Hiếu (Low Cortisol Song),蒂亞·海伊·趙,,,TIA - Ai Đưa Em Về | Official M/V | Ft. Lê Thiện Hiếu (Low Cortisol Song) 蒂亞·海伊·趙
2026-08-24,vn,Vietnam,top_videos_daily,,35,https://i.ytimg.com/vi/LetDNcvopbg/mqdefault.jpg,"Có công mài ""Sắc""",Ngô Lan Hương,,,"Có công mài ""Sắc"" Ngô Lan Hương"
2026-08-24,vn,Vietnam,top_videos_daily,,36,https://i.ytimg.com/vi/SsBvmklAty4/mqdefault.jpg,Anh Này Là Của Tui (Remix),MIỀN TÂY REMIX,,,Anh Này Là Của Tui (Remix) MIỀN TÂY REMIX
2026-08-24,vn,Vietnam,top_videos_daily,,37,https://i.ytimg.com/vi/s76BtB81Oms/mqdefault.jpg,ĐỚN ĐAU VÔ CÙNG,DatKaa,,,ĐỚN ĐAU VÔ CÙNG DatKaa
2026-08-24,vn,Vietnam,top_videos_daily,,38,https://i.ytimg.com/vi/fdFRy9zBdMo/mqdefault.jpg,Kẻ Say Tình 2 (Live),Quoc Thien,,,Kẻ Say Tình 2 (Live) Quoc Thien
2026-08-24,vn,Vietnam,top_videos_daily,,39,https://i.ytimg.com/vi/PF3exV7ck7s/mqdefault.jpg,"Gửi em, người bất tử | Ân Ngờ FT. Mỹ Mỹ (Official MV) [Mini Album 0 Ngờ]",Ân ngờ,,,"Gửi em, người bất tử | Ân Ngờ FT. Mỹ Mỹ (Official MV) [Mini Album 0 Ngờ] Ân ngờ"
2026-08-24,vn,Vietnam,top_videos_daily,,40,https://i.ytimg.com/vi/kV3famkRaA4/mqdefault.jpg,Tâm Sự Tuổi 30,Trịnh Thăng Bình,,,Tâm Sự Tuổi 30 Trịnh Thăng Bình
2026-08-24,vn,Vietnam,top_videos_daily,,41,https://i.ytimg.com/vi/yebNIHKAC4A/mqdefault.jpg,Golden,HUNTR/X / EJAE / AUDREY NUNA / REI AMI / KPop Demon Hunters Cast,,,"Golden HUNTR/X , EJAE , AUDREY NUNA , REI AMI & KPop Demon Hunters Cast"
2026-08-24,vn,Vietnam,top_videos_daily,,42,https://i.ytimg.com/vi/2fiuAcxkJVw/mqdefault.jpg,Bông Đào Là Em - Nguyễn Huỳnh Như | Bé Mai Vy ft Nguyễn Huỳnh Như | Thần Đồng Âm Nhạc,Bé Mai Vy,,,Bông Đào Là Em - Nguyễn Huỳnh Như | Bé Mai Vy ft Nguyễn Huỳnh Như | Thần Đồng Âm Nhạc Bé Mai Vy
2026-08-24,vn,Vietnam,top_videos_daily,,43,https://i.ytimg.com/vi/eoJecvGMR6E/mqdefault.jpg,Đau Để Trưởng Thành,Only C,,,Đau Để Trưởng Thành Only C
2026-08-24,vn,Vietnam,top_videos_daily,,44,https://i.ytimg.com/vi/abzCO3X2Mxw/mqdefault.jpg,"NGƯỜI VỀ NƠI ĐÂU - HOÀNG TÔN, THỎ (Da LAB), THƠM (Da LAB), Lê Xuân Tiền | Tiết mục nhóm ATVNCG 2026",YEAH1 MUSIC,,2026,"NGƯỜI VỀ NƠI ĐÂU - HOÀNG TÔN, THỎ (Da LAB), THƠM (Da LAB), Lê Xuân Tiền | Tiết mục nhóm ATVNCG 2026 YEAH1 MUSIC"
2026-08-24,vn,Vietnam,top_videos_daily,,45,https://i.ytimg.com/vi/uuTT21tabiw/mqdefault.jpg,MỘNG DUYÊN,Quang Hùng MasterD / JSOL / Sơn.K / Song Luân / Emil Vergo,,,"MỘNG DUYÊN Quang Hùng MasterD , JSOL , Sơn.K , Song Luân & Emil Vergo"
2026-08-24,vn,Vietnam,top_videos_daily,,46,https://i.ytimg.com/vi/pLHSPrJUx4s/mqdefault.jpg,Thương Lắm Thầy Cô Ơi,Bé Phan Hiếu Kiên,,,Thương Lắm Thầy Cô Ơi Bé Phan Hiếu Kiên
2026-08-24,vn,Vietnam,top_videos_daily,,47,https://i.ytimg.com/vi/5qqUYmJZc6Q/mqdefault.jpg,Thương Thầm Cô Lái Đò (Remix),Tiến võ,,,Thương Thầm Cô Lái Đò (Remix) Tiến võ
2026-08-24,vn,Vietnam,top_videos_daily,,48,https://i.ytimg.com/vi/SA35ldy92s0/mqdefault.jpg,Chiều Hôm Ấy,JayKii,,,Chiều Hôm Ấy JayKii
2026-08-24,vn,Vietnam,top_videos_daily,,49,https://i.ytimg.com/vi/8F2s8ivKXNY/mqdefault.jpg,Life Goes On,Oliver Tree,,,Life Goes On Oliver Tree
2026-08-24,vn,Vietnam,top_videos_daily,,50,https://i.ytimg.com/vi/hjYOanJelUs/mqdefault.jpg,Vạn Sự Như Ý,Trúc Nhân,,,Vạn Sự Như Ý Trúc Nhân
2026-08-24,vn,Vietnam,top_videos_daily,,51,https://i.ytimg.com/vi/CoSc0Qqd5L0/mqdefault.jpg,Nhức Tiềm Thức,YEAH1 MUSIC,,,Nhức Tiềm Thức YEAH1 MUSIC
2026-08-24,vn,Vietnam,top_videos_daily,,52,https://i.ytimg.com/vi/xJ1uMrL9Rwo/mqdefault.jpg,Ngồi Nghe Em Khóc,DatG Music,,,Ngồi Nghe Em Khóc DatG Music
2026-08-24,vn,Vietnam,top_videos_daily,,53,https://i.ytimg.com/vi/jiGPS1laaPI/mqdefault.jpg,ANH NÀY LÀ CỦA TUI,Pinky Vanh / Hoa vũ / HChun,,,"ANH NÀY LÀ CỦA TUI Pinky Vanh , Hoa vũ & HChun"
2026-08-24,vn,Vietnam,top_videos_daily,,54,https://i.ytimg.com/vi/9bdCgrrBUWE/mqdefault.jpg,Thiệp Hồng Chung Tên,Út Nhị Mino,,,Thiệp Hồng Chung Tên Út Nhị Mino
2026-08-24,vn,Vietnam,top_videos_daily,,55,https://i.ytimg.com/vi/MT-4Bk1Lw8g/mqdefault.jpg,ENHYPEN (엔하이픈) 'Bloody Paradise' Official MV,HYBE LABELS,,,ENHYPEN (엔하이픈) 'Bloody Paradise' Official MV HYBE LABELS
2026-08-24,vn,Vietnam,top_videos_daily,,56,https://i.ytimg.com/vi/kj7FXhECpSw/mqdefault.jpg,NGƯỢC LỐI YÊU (LIVE STAGE) - VICKY NHUNG x CHU THÚY QUỲNH | LIVE AT PHÒNG TRÀ BẾN THÀNH,Vicky Nhung,,,NGƯỢC LỐI YÊU (LIVE STAGE) - VICKY NHUNG x CHU THÚY QUỲNH | LIVE AT PHÒNG TRÀ BẾN THÀNH Vicky Nhung
2026-08-24,vn,Vietnam,top_videos_daily,,57,https://i.ytimg.com/vi/ZQsXySoECfo/mqdefault.jpg,IM ĐỢI NGƯỜI ANH THƯƠNG,Wren Evans / CAPTAIN BOY / IVAN / Thể Thiên,,,"IM ĐỢI NGƯỜI ANH THƯƠNG Wren Evans , CAPTAIN BOY , IVAN & Thể Thiên"
2026-08-24,vn,Vietnam,top_videos_daily,,58,https://i.ytimg.com/vi/ApXoWvfEYVU/mqdefault.jpg,Sunflower,Post Malone / Swae Lee,,,Sunflower Post Malone & Swae Lee
2026-08-24,vn,Vietnam,top_videos_daily,,59,https://i.ytimg.com/vi/FSeGrBw5eFA/mqdefault.jpg,Thất Tình,Trịnh Đình Quang,,,Thất Tình Trịnh Đình Quang
2026-08-24,vn,Vietnam,top_videos_daily,,60,https://i.ytimg.com/vi/fp_wLMZwkH8/mqdefault.jpg,Lá Ngọc Cành Vàng,Kiều Anh,,,Lá Ngọc Cành Vàng Kiều Anh
2026-08-24,vn,Vietnam,top_videos_daily,,61,https://i.ytimg.com/vi/bnj1xUDkpBk/mqdefault.jpg,Giấc Mộng Ca Sĩ,Vanh Leg,,,Giấc Mộng Ca Sĩ Vanh Leg
2026-08-24,vn,Vietnam,top_videos_daily,,62,https://i.ytimg.com/vi/Ah3HTra6VVs/mqdefault.jpg,"TAN BIẾN - ĐINH MẠNH NINH, WILL, DUY KHÁNH, TOKI THÀNH THỎ | Tiết mục nhóm ATVNCG 2026",YEAH1 MUSIC,,2026,"TAN BIẾN - ĐINH MẠNH NINH, WILL, DUY KHÁNH, TOKI THÀNH THỎ | Tiết mục nhóm ATVNCG 2026 YEAH1 MUSIC"
2026-08-24,vn,Vietnam,top_videos_daily,,63,https://i.ytimg.com/vi/xdNNSA2mE20/mqdefault.jpg,Gián Đáng Iu Hong Remix - Lâm Thằn Lằn x The New Gene x AM Remix - Nếu Mà Em Biến Thành Con Gián,DJ AM OFFICIAL,,,Gián Đáng Iu Hong Remix - Lâm Thằn Lằn x The New Gene x AM Remix - Nếu Mà Em Biến Thành Con Gián DJ AM OFFICIAL
2026-08-24,vn,Vietnam,top_videos_daily,,64,https://i.ytimg.com/vi/fI8ztcnQ7LY/mqdefault.jpg,Bản Ballad Lãng Mạn Day Dứt | KHÚC TÌNH CA CỦA GÃ SI TÌNH | Mạnh Bibo Ft. Light T (Official MV),Mạnh Bibo,,,Bản Ballad Lãng Mạn Day Dứt | KHÚC TÌNH CA CỦA GÃ SI TÌNH | Mạnh Bibo Ft. Light T (Official MV) Mạnh Bibo
2026-08-24,vn,Vietnam,top_videos_daily,,65,https://i.ytimg.com/vi/RIdpgcd86Bg/mqdefault.jpg,Truy Mộng Nhân - Nhạc Hoa Lời Việt - Cover - Steven Beat,Steven Beat,,,Truy Mộng Nhân - Nhạc Hoa Lời Việt - Cover - Steven Beat Steven Beat
2026-08-24,vn,Vietnam,top_videos_daily,,66,https://i.ytimg.com/vi/GQ4F9k4USfA/mqdefault.jpg,Nước Mắt Em Lau Bằng Tình Yêu Mới,Da LAB / 發仙,,,Nước Mắt Em Lau Bằng Tình Yêu Mới Da LAB & 發仙
2026-08-24,vn,Vietnam,top_videos_daily,,67,https://i.ytimg.com/vi/CD_BFGQkIgY/mqdefault.jpg,SỰ ƯU TIÊN CỦA EM,Kiều Chi,,,SỰ ƯU TIÊN CỦA EM Kiều Chi
2026-08-24,vn,Vietnam,top_videos_daily,,68,https://i.ytimg.com/vi/L5qZI5dfiws/mqdefault.jpg,CHỊ ĐẠI GẪY CÁNH 2,Dao Nguyen Anh,,,CHỊ ĐẠI GẪY CÁNH 2 Dao Nguyen Anh
2026-08-24,vn,Vietnam,top_videos_daily,,69,https://i.ytimg.com/vi/XLbOWqjmj4Q/mqdefault.jpg,Động Thăng Thiên,Vanh Leg,,,Động Thăng Thiên Vanh Leg
2026-08-24,vn,Vietnam,top_videos_daily,,70,https://i.ytimg.com/vi/redFrGBZoJY/mqdefault.jpg,Sinh Ra Đã Là Thứ Đối Lập Nhau,Da LAB,,,Sinh Ra Đã Là Thứ Đối Lập Nhau Da LAB
2026-08-24,vn,Vietnam,top_videos_daily,,71,https://i.ytimg.com/vi/Ztrj8UIDMQY/mqdefault.jpg,Bánh Mì Không,DatG Music / Du Uyên,,,Bánh Mì Không DatG Music & Du Uyên
2026-08-24,vn,Vietnam,top_videos_daily,,72,https://i.ytimg.com/vi/Ce8_CVSDwvk/mqdefault.jpg,LAMOON - CHIẾU | Official Music Video | STARRING ĐỖ NHẬT HOÀNG | from EP: Gửi H,LAMOON,,,LAMOON - CHIẾU | Official Music Video | STARRING ĐỖ NHẬT HOÀNG | from EP: Gửi H LAMOON
2026-08-24,vn,Vietnam,top_videos_daily,,73,https://i.ytimg.com/vi/i724lraI93s/mqdefault.jpg,Bốn Chữ Lắm,Trúc Nhân,,,Bốn Chữ Lắm Trúc Nhân
2026-08-24,vn,Vietnam,top_videos_daily,,74,https://i.ytimg.com/vi/lUoOQ2_Smgc/mqdefault.jpg,[Nhạc chế] - TUỔI THƠ TÔI | Hậu Hoàng,Hau Hoang,,,[Nhạc chế] - TUỔI THƠ TÔI | Hậu Hoàng Hau Hoang
2026-08-24,vn,Vietnam,top_videos_daily,,75,https://i.ytimg.com/vi/VH3mWd28Ndg/mqdefault.jpg,Em Mới Là Người Yêu Anh,黃毓敏,,,Em Mới Là Người Yêu Anh 黄毓敏
2026-08-24,vn,Vietnam,top_videos_daily,,76,https://i.ytimg.com/vi/i12AaqC1PXg/mqdefault.jpg,"tết tình - Jaysonlei, DANG HONG HAI, DILLAN, Sơn.K | TINH HÀ SAY HI [PERFORMANCE]",Vie Channel - MUSIC,,,"tết tình - Jaysonlei, DANG HONG HAI, DILLAN, Sơn.K | TINH HÀ SAY HI [PERFORMANCE] Vie Channel - MUSIC"
2026-08-24,vn,Vietnam,top_videos_daily,,77,https://i.ytimg.com/vi/Sre_hB6d5zA/mqdefault.jpg,Đừng Nói Xa Nhau Karaoke Tone Nam ( Cm ) Nhạc Sống 2026 Siêu Hay | Trọng Hiếu,Hiếu Organ,,2026,Đừng Nói Xa Nhau Karaoke Tone Nam ( Cm ) Nhạc Sống 2026 Siêu Hay | Trọng Hiếu Hiếu Organ
2026-08-24,vn,Vietnam,top_videos_daily,,78,https://i.ytimg.com/vi/7iG_k6-iCGA/mqdefault.jpg,"W/n - SSD ft. (267, Nguyenn, PAR SG)",W/N,,267,"W/n - SSD ft. (267, Nguyenn, PAR SG) W/N"
2026-08-24,vn,Vietnam,top_videos_daily,,79,https://i.ytimg.com/vi/is8UDe2PhKQ/mqdefault.jpg,KATSEYE (캣츠아이) 'Hootie Frutti' Official MV,KATSEYE,,,KATSEYE (캣츠아이) 'Hootie Frutti' Official MV KATSEYE
2026-08-24,vn,Vietnam,top_videos_daily,,80,https://i.ytimg.com/vi/6iW3bZuKO-k/mqdefault.jpg,Tìm Em,Hngle,"6月 29, 2026",50259,"80 3 Tìm Em Hngle 6月 29, 2026 77 45 50,259"
2026-08-24,vn,Vietnam,top_videos_daily,,81,https://i.ytimg.com/vi/MzCbEdtNbJ0/mqdefault.jpg,HARU HARU(하루하루),BIGBANG,,,HARU HARU(하루하루) BIGBANG
2026-08-24,vn,Vietnam,top_videos_daily,,82,https://i.ytimg.com/vi/VE0eLQUESVU/mqdefault.jpg,Làm Người Lạ Đi Anh,Thùy Hương,,,Làm Người Lạ Đi Anh Thùy Hương
2026-08-24,vn,Vietnam,top_videos_daily,,83,https://i.ytimg.com/vi/ss3NJ7uopjc/mqdefault.jpg,Liệu Giờ,2T,"4月 14, 2019",49874,"83 11 Liệu Giờ 2T 4月 14, 2019 94 2 49,874"
2026-08-24,vn,Vietnam,top_videos_daily,,84,https://i.ytimg.com/vi/A7oq-7pxzEA/mqdefault.jpg,Mãi Chẳng Thuộc Về Nhau,Bozitt,,,Mãi Chẳng Thuộc Về Nhau Bozitt
2026-08-24,vn,Vietnam,top_videos_daily,,85,https://i.ytimg.com/vi/DfEJGoZM9c0/mqdefault.jpg,Thôi Nín Đi Em,Thành Đạt,,,Thôi Nín Đi Em Thành Đạt
2026-08-24,vn,Vietnam,top_videos_daily,,86,https://i.ytimg.com/vi/Y5VoCfbB6As/mqdefault.jpg,Váy Cưới,Kai Đinh / ERIK,,,Váy Cưới Kai Đinh & ERIK
2026-08-24,vn,Vietnam,top_videos_daily,,87,https://i.ytimg.com/vi/OUw6BywHH7A/mqdefault.jpg,Tân Cổ Song Ca TÌNH ĐẦU DANG DỠ - HỒNG MÃNH ft TÔ TẤN LOAN | Ca Cổ Hơi Dài Hiện Đại Hay Nhất,Hồng Mảnh Official,,,Tân Cổ Song Ca TÌNH ĐẦU DANG DỠ - HỒNG MÃNH ft TÔ TẤN LOAN | Ca Cổ Hơi Dài Hiện Đại Hay Nhất Hồng Mảnh Official
2026-08-24,vn,Vietnam,top_videos_daily,,88,https://i.ytimg.com/vi/SlQR9iu09bQ/mqdefault.jpg,Come My Way,山松 / Tyga,,,Come My Way 山松 & Tyga
2026-08-24,vn,Vietnam,top_videos_daily,,89,https://i.ytimg.com/vi/qz-uJ-xX8K8/mqdefault.jpg,LK Hãy Quên Nhau & Ngày Buồn,Ngoc Chau / Mai Quốc Huy,,,LK Hãy Quên Nhau & Ngày Buồn Ngoc Chau & Mai Quốc Huy
2026-08-24,vn,Vietnam,top_videos_daily,,90,https://i.ytimg.com/vi/ADKCs7KeoHA/mqdefault.jpg,CHẲNG CẦN BÌNH YÊN,Hà An Huy,,,' CHẲNG CẦN BÌNH YÊN | Hà An Huy
2026-08-24,vn,Vietnam,top_videos_daily,,91,https://i.ytimg.com/vi/NPWJVZbrKm0/mqdefault.jpg,IU LÀ ĐÂY,西恩 / Muộii / Anfang,,,"IU LÀ ĐÂY 西恩 , Muộii & Anfang"
2026-08-24,vn,Vietnam,top_videos_daily,,92,https://i.ytimg.com/vi/K601I5gP0_I/mqdefault.jpg,Từ em mà ra,Lil Zpoet,,,Từ em mà ra Lil Zpoet
2026-08-24,vn,Vietnam,top_videos_daily,,93,https://i.ytimg.com/vi/eHwesHMnr2o/mqdefault.jpg,vùng vẫy,Dangrangto / ZEXZEX / DONAL,,,"vùng vẫy Dangrangto , ZEXZEX & DONAL"
2026-08-24,vn,Vietnam,top_videos_daily,,94,https://i.ytimg.com/vi/pMUgdBS6tCA/mqdefault.jpg,Ở Hai Đầu Nỗi Nhớ,Minh Vuong M4U / Le Thuy,,,Ở Hai Đầu Nỗi Nhớ Minh Vuong M4U & Le Thuy
2026-08-24,vn,Vietnam,top_videos_daily,,95,https://i.ytimg.com/vi/mp5njDAH97w/mqdefault.jpg,MOVE ON,YEAH1 MUSIC,,,MOVE ON YEAH1 MUSIC
2026-08-24,vn,Vietnam,top_videos_daily,,96,https://i.ytimg.com/vi/cUmpJ2zwfVU/mqdefault.jpg,Suýt Nữa Thì...,Andiez,,,Suýt Nữa Thì... Andiez
2026-08-24,vn,Vietnam,top_videos_daily,,97,https://i.ytimg.com/vi/lK_KgArI2NA/mqdefault.jpg,LET ME GO,Da LAB / Vương Anh Tú / Hoàng Rob / Hoàng Dũng / Cheng,,,"LET ME GO Da LAB , Vương Anh Tú , Hoàng Rob , Hoàng Dũng & Cheng"
2026-08-24,vn,Vietnam,top_videos_daily,,98,https://i.ytimg.com/vi/tyM46ksZTI4/mqdefault.jpg,NỢ EM CẢ BẦU TRỜI,Da LAB / Hoàng Tôn / OSAD / Hồ Đông Quan / Hà An Huy,,,"NỢ EM CẢ BẦU TRỜI Da LAB , Hoàng Tôn , OSAD , Hồ Đông Quan & Hà An Huy"
2026-08-24,vn,Vietnam,top_videos_daily,,99,https://i.ytimg.com/vi/2p89byK07mY/mqdefault.jpg,"CHIM SÁO NGÀY XƯA - ĐẠI NGHĨA, NGUYỄN VĂN CHUNG, THANH DUY, BB TRẦN | Tiết mục nhóm ATVNCG 2026",YEAH1 MUSIC,,2026,"CHIM SÁO NGÀY XƯA - ĐẠI NGHĨA, NGUYỄN VĂN CHUNG, THANH DUY, BB TRẦN | Tiết mục nhóm ATVNCG 2026 YEAH1 MUSIC"
2026-08-24,vn,Vietnam,top_videos_daily,,100,https://i.ytimg.com/vi/Ln3wYRP80fk/mqdefault.jpg,Rất Lâu Rồi Mới Khóc (ACV Chillout) - Quốc Thiên | Ca Sĩ Giấu Mặt Cover ♫ Chiều nay mưa giông ở đâu,ACV Chillout,,,Rất Lâu Rồi Mới Khóc (ACV Chillout) - Quốc Thiên | Ca Sĩ Giấu Mặt Cover ♫ Chiều nay mưa giông ở đâu ACV Chillout
2026-08-24,th,Thailand,top_videos_daily,,1,https://i.ytimg.com/vi/23cipSExADA/mqdefault.jpg,เพราะพี่รักจริง,หนึ่ง บีเคแบนด์,,,เพราะพี่รักจริง หนึ่ง บีเคแบนด์
2026-08-24,th,Thailand,top_videos_daily,,2,https://i.ytimg.com/vi/RrWFlqoWIHY/mqdefault.jpg,Z9 - ไม่รักดีกว่า (Official Music Video),Z9,,,Z9 - ไม่รักดีกว่า (Official Music Video) Z9
2026-08-24,th,Thailand,top_videos_daily,,3,https://i.ytimg.com/vi/C40oligg6xE/mqdefault.jpg,นาฬิกาทราย (sign),BOWKYLION,,,นาฬิกาทราย (sign) BOWKYLION
2026-08-24,th,Thailand,top_videos_daily,,4,https://i.ytimg.com/vi/TiJn3_IY9Kk/mqdefault.jpg,นาฬิกาทราย (sign) (SPECIAL VERSION),BOWKYLION,,,นาฬิกาทราย (sign) (SPECIAL VERSION) BOWKYLION
2026-08-24,th,Thailand,top_videos_daily,,5,https://i.ytimg.com/vi/zMciAtU4miE/mqdefault.jpg,บ่มีสิทธิ์ - ธีร์ ทีเร็กซ์ x หยุด สาละวัน : เซิ้ง|Music 【Official MV】,SERNG MUSiC OFFICIAL,,,บ่มีสิทธิ์ - ธีร์ ทีเร็กซ์ x หยุด สาละวัน : เซิ้ง|Music 【Official MV】 SERNG MUSiC OFFICIAL
2026-08-24,th,Thailand,top_videos_daily,,6,https://i.ytimg.com/vi/HTjkVCSsKv8/mqdefault.jpg,เมื่อไหร่จะมี (มีใจให้กัน),BLVCKHEART,,,เมื่อไหร่จะมี (มีใจให้กัน) BLVCKHEART
2026-08-24,th,Thailand,top_videos_daily,,7,https://i.ytimg.com/vi/E-xqEPPyciw/mqdefault.jpg,ทิ้งกันไม่ได้หรอก - แจ๊ส สปุ๊กนิค ปาปิยอง กุ๊กกุ๊ก [JSPKK] ft.เกมส์ สุจิตรา | Official MV,JSPKK,,,ทิ้งกันไม่ได้หรอก - แจ๊ส สปุ๊กนิค ปาปิยอง กุ๊กกุ๊ก [JSPKK] ft.เกมส์ สุจิตรา | Official MV JSPKK
2026-08-24,th,Thailand,top_videos_daily,,8,https://i.ytimg.com/vi/5ySwsjh7SLQ/mqdefault.jpg,Keun Jai (3am call),Mirrr,,,Keun Jai (3am call) Mirrr
2026-08-24,th,Thailand,top_videos_daily,,9,https://i.ytimg.com/vi/Hc4OrO4LRWw/mqdefault.jpg,กลัวว่าฉันจะไม่เสียใจ,PURPEECH,,,กลัวว่าฉันจะไม่เสียใจ PURPEECH
2026-08-24,th,Thailand,top_videos_daily,,10,https://i.ytimg.com/vi/34wnf8276O4/mqdefault.jpg,ภวังค์จิต,ปราง ปรางทิพย์,,,ภวังค์จิต ปราง ปรางทิพย์
2026-08-24,th,Thailand,top_videos_daily,,11,https://i.ytimg.com/vi/D8T1EpbICsc/mqdefault.jpg,จิ้งจก ตุ๊กแก อึ่งอ่าง,เพ้นท์ คอนเน่,,,จิ้งจก ตุ๊กแก อึ่งอ่าง เพ้นท์ คอนเน่
2026-08-24,th,Thailand,top_videos_daily,,12,https://i.ytimg.com/vi/UZKZclgeRTg/mqdefault.jpg,พอได้เสียว - ดิด คิตตี้ | Official MV,ดิด คิตตี้,,,พอได้เสียว - ดิด คิตตี้ | Official MV ดิด คิตตี้
2026-08-24,th,Thailand,top_videos_daily,,13,https://i.ytimg.com/vi/vxHVQtJj2uQ/mqdefault.jpg,สาธุ,ASIA7,"11月 25, 2025",306671,"13 1 สาธุ ASIA7 11月 25, 2025 12 119 306,671"
2026-08-24,th,Thailand,top_videos_daily,,14,https://i.ytimg.com/vi/_x-Q6OBCh9o/mqdefault.jpg,คะนึงนิตย์ - ปราง ปรางทิพย์ [Official MV],MACHg,,,คะนึงนิตย์ - ปราง ปรางทิพย์ [Official MV] MACHg
2026-08-24,th,Thailand,top_videos_daily,,15,https://i.ytimg.com/vi/_X4p4oPlGLU/mqdefault.jpg,ขี้แง (Boys Don't Cry),PROXIE,,,ขี้แง (Boys Don't Cry) PROXIE
2026-08-24,th,Thailand,top_videos_daily,,16,https://i.ytimg.com/vi/I_xP8FhO2Zo/mqdefault.jpg,คิดถึงเรื้อรัง,manutsawee,,,คิดถึงเรื้อรัง manutsawee
2026-08-24,th,Thailand,top_videos_daily,,17,https://i.ytimg.com/vi/ypuzo5V2gQI/mqdefault.jpg,ลูกสบายดี,Kong Huayrai / ฐา ขนิษ,,,ลูกสบายดี Kong Huayrai & ฐา ขนิษ
2026-08-24,th,Thailand,top_videos_daily,,18,https://i.ytimg.com/vi/_4Pns0KNxzk/mqdefault.jpg,หม้อหุงข้าว,JOEY PHUWASIT,,,หม้อหุงข้าว JOEY PHUWASIT
2026-08-24,th,Thailand,top_videos_daily,,19,https://i.ytimg.com/vi/j7GbNWS7XUQ/mqdefault.jpg,Rain Zone,Maiyarap,,,Rain Zone Maiyarap
2026-08-24,th,Thailand,top_videos_daily,,20,https://i.ytimg.com/vi/70oRsDKJWiY/mqdefault.jpg,ฟ้าสีครามกับความเป็นจริง,BOVINI,,,ฟ้าสีครามกับความเป็นจริง BOVINI
2026-08-24,th,Thailand,top_videos_daily,,21,https://i.ytimg.com/vi/wcvuL6-lGhI/mqdefault.jpg,PORZAX - เธอทีละสองฉันทีละคน,PORZAX,,,PORZAX - เธอทีละสองฉันทีละคน PORZAX
2026-08-24,th,Thailand,top_videos_daily,,22,https://i.ytimg.com/vi/hBK29bbOLS4/mqdefault.jpg,แก้บน,ก้านตอง ทุ่งเงิน,,,แก้บน ก้านตอง ทุ่งเงิน
2026-08-24,th,Thailand,top_videos_daily,,23,https://i.ytimg.com/vi/JbpfEQXuXc4/mqdefault.jpg,เต้ยสั่งลา,ธีร์ ทีเร็กซ์ OFFICIAL,,,เต้ยสั่งลา ธีร์ ทีเร็กซ์ OFFICIAL
2026-08-24,th,Thailand,top_videos_daily,,24,https://i.ytimg.com/vi/1OMZrYHIim8/mqdefault.jpg,รักให้เธอได้รู้ (Proof.),PUN,,,รักให้เธอได้รู้ (Proof.) PUN
2026-08-24,th,Thailand,top_videos_daily,,25,https://i.ytimg.com/vi/JeHnrF61J80/mqdefault.jpg,ถอนคำสาบาน,อะตอม ตาปีมิวสิคกรุ๊ป,,,ถอนคำสาบาน อะตอม ตาปีมิวสิคกรุ๊ป
2026-08-24,th,Thailand,top_videos_daily,,26,https://i.ytimg.com/vi/vmqE5G5YsW4/mqdefault.jpg,Keun Jai (3am call),Mirrr,,,Keun Jai (3am call) Mirrr
2026-08-24,th,Thailand,top_videos_daily,,27,https://i.ytimg.com/vi/-YByeE5aVc0/mqdefault.jpg,ได้แค่เดินมาส่ง (The Last Walk),GAVIN:D,,,ได้แค่เดินมาส่ง (The Last Walk) GAVIN:D
2026-08-24,th,Thailand,top_videos_daily,,28,https://i.ytimg.com/vi/Ndh4rP1F6g8/mqdefault.jpg,ความคิดถึงที่เต็มไปด้วยน้ำตา,โชเล่ย์ ชคัทพล,,,ความคิดถึงที่เต็มไปด้วยน้ำตา โชเล่ย์ ชคัทพล
2026-08-24,th,Thailand,top_videos_daily,,29,https://i.ytimg.com/vi/6qWq0KEvbYA/mqdefault.jpg,ถ้าเธอพร้อมที่จะรัก - หนึ่ง บีเคแบนด์ [OFFICIAL MV],หนึ่ง บีเคแบนด์,,,ถ้าเธอพร้อมที่จะรัก - หนึ่ง บีเคแบนด์ [OFFICIAL MV] หนึ่ง บีเคแบนด์
2026-08-24,th,Thailand,top_videos_daily,,30,https://i.ytimg.com/vi/ApXoWvfEYVU/mqdefault.jpg,Sunflower,Post Malone / Swae Lee,,,Sunflower Post Malone & Swae Lee
2026-08-24,th,Thailand,top_videos_daily,,31,https://i.ytimg.com/vi/H2AbuWvYDXk/mqdefault.jpg,สิลืมเขาแล้วล่ะ,Nek Narurpol,,,สิลืมเขาแล้วล่ะ Nek Narurpol
2026-08-24,th,Thailand,top_videos_daily,,32,https://i.ytimg.com/vi/0iXj7Zkb3Ik/mqdefault.jpg,แคนฮ้างนางฟ้า,กู่แคน,,,แคนฮ้างนางฟ้า กู่แคน
2026-08-24,th,Thailand,top_videos_daily,,33,https://i.ytimg.com/vi/yTxEWswuPPg/mqdefault.jpg,ไม่มีใครรู้ตัวเรา,UNHEARD MUSIC,,,ไม่มีใครรู้ตัวเรา UNHEARD MUSIC
2026-08-24,th,Thailand,top_videos_daily,,34,https://i.ytimg.com/vi/7ob-uFHQkuU/mqdefault.jpg,ก่อนโลกทั้งใบมันพัง,Mr'พระจันทร์,,,ก่อนโลกทั้งใบมันพัง Mr'พระจันทร์
2026-08-24,th,Thailand,top_videos_daily,,35,https://i.ytimg.com/vi/wXT_qYQl2vQ/mqdefault.jpg,วาสนาหมาหย่ำรถ,TAR TORJORWOR,,,วาสนาหมาหย่ำรถ TAR TORJORWOR
2026-08-24,th,Thailand,top_videos_daily,,36,https://i.ytimg.com/vi/99jJP3DgdBQ/mqdefault.jpg,ขอแค่นี้ (Forever n ever),PUN,,,ขอแค่นี้ (Forever n ever) PUN
2026-08-24,th,Thailand,top_videos_daily,,37,https://i.ytimg.com/vi/QaPxz1I2nto/mqdefault.jpg,หลุมอากาศ,Palmy,"6月 17, 2026",177151,"37 2 หลุมอากาศ Palmy 6月 17, 2026 35 67 177,151"
2026-08-24,th,Thailand,top_videos_daily,,38,https://i.ytimg.com/vi/TNbSP0VfFWQ/mqdefault.jpg,คนไม่เอาถ่าน,大屁股樂團,,,คนไม่เอาถ่าน 大屁股樂團
2026-08-24,th,Thailand,top_videos_daily,,39,https://i.ytimg.com/vi/WE3in6xs1iw/mqdefault.jpg,อ่วยคืน,ธีร์ ทีเร็กซ์ OFFICIAL,,,อ่วยคืน ธีร์ ทีเร็กซ์ OFFICIAL
2026-08-24,th,Thailand,top_videos_daily,,40,https://i.ytimg.com/vi/YSnzYqtlDYQ/mqdefault.jpg,เขาดีหลายอ้ายยอมเลว,เคย์ ต้นน้ำชี,,,เขาดีหลายอ้ายยอมเลว เคย์ ต้นน้ำชี
2026-08-24,th,Thailand,top_videos_daily,,41,https://i.ytimg.com/vi/HKBifVrELZI/mqdefault.jpg,ไม่คิดนอกใจ,Loso,,,ไม่คิดนอกใจ Loso
2026-08-24,th,Thailand,top_videos_daily,,42,https://i.ytimg.com/vi/G2JFOEFmnnI/mqdefault.jpg,คืนจันทร์,Loso,"11月 6, 2014",161636,"42 10 คืนจันทร์ Loso 11月 6, 2014 52 100 161,636"
2026-08-24,th,Thailand,top_videos_daily,,43,https://i.ytimg.com/vi/Gy-MZjiFv2M/mqdefault.jpg,ดอกกระเจียวบาน,Kong Huayrai,,,ดอกกระเจียวบาน Kong Huayrai
2026-08-24,th,Thailand,top_videos_daily,,44,https://i.ytimg.com/vi/HZQyJHpo-ag/mqdefault.jpg,Lhob Mai Dai Chuay Hai Luem,普提蓬·阿薩拉塔納功 / Ink Waruntorn,,,Lhob Mai Dai Chuay Hai Luem 普提蓬·阿薩拉塔納功 & Ink Waruntorn
2026-08-24,th,Thailand,top_videos_daily,,45,https://i.ytimg.com/vi/DXvtelMvUy8/mqdefault.jpg,ทำใจไม่ได้,Z9,"4月 29, 2026",159603,"45 6 ทำใจไม่ได้ Z9 4月 29, 2026 39 112 159,603"
2026-08-24,th,Thailand,top_videos_daily,,46,https://i.ytimg.com/vi/HSJzqueYOxw/mqdefault.jpg,4EVE - เหงา...เข้าใจ | THE TEST OF TIME 2000 [ Official Video Song,XOXO ENTERTAINMENT,,2000,4EVE - เหงา...เข้าใจ | THE TEST OF TIME 2000 [ Official Video Song ] XOXO ENTERTAINMENT
2026-08-24,th,Thailand,top_videos_daily,,47,https://i.ytimg.com/vi/xhqHSRwKw3Q/mqdefault.jpg,เหลือใจให้ฉันบ้างไหม,MUNMUSIC,,,เหลือใจให้ฉันบ้างไหม MUNMUSIC
2026-08-24,th,Thailand,top_videos_daily,,48,https://i.ytimg.com/vi/FbrH6dDPERI/mqdefault.jpg,ดาวตก,WANYAi,"10月 1, 2025",153945,"48 ● ดาวตก WANYAi 10月 1, 2025 48 115 153,945"
2026-08-24,th,Thailand,top_videos_daily,,49,https://i.ytimg.com/vi/O90WsctfY4Y/mqdefault.jpg,Sunset in Pattaya,YOUNGOHM,,,Sunset in Pattaya YOUNGOHM
2026-08-24,th,Thailand,top_videos_daily,,50,https://i.ytimg.com/vi/j1qw79H4eHU/mqdefault.jpg,สายไป,9tokyo,"5月 24, 2025",146595,"50 3 สายไป 9tokyo 5月 24, 2025 47 36 146,595"
2026-08-24,th,Thailand,top_videos_daily,,51,https://i.ytimg.com/vi/5_yI8UQaHnU/mqdefault.jpg,ผมมีหัวใจจริงๆ (For The Girl...),T!NE,,,ผมมีหัวใจจริงๆ (For The Girl...) T!NE
2026-08-24,th,Thailand,top_videos_daily,,52,https://i.ytimg.com/vi/P8SgCNmM7Z8/mqdefault.jpg,เด็กมูกล่อ,พ็อก บิ๊กอายส์ / บอล วงกลม,,,เด็กมูกล่อ พ็อก บิ๊กอายส์ & บอล วงกลม
2026-08-24,th,Thailand,top_videos_daily,,53,https://i.ytimg.com/vi/tIGNjVfvKtI/mqdefault.jpg,NAY x TangBadVoice - ‘ยกมือขึ้น’ Another Version,gnest_official,,,NAY x TangBadVoice - ‘ยกมือขึ้น’ Another Version gnest_official
2026-08-24,th,Thailand,top_videos_daily,,54,https://i.ytimg.com/vi/ulsXRXwk3Iw/mqdefault.jpg,ขอตายในอ้อมกอดเธอ,賽桑・蘇品麥,,,ขอตายในอ้อมกอดเธอ 賽桑・蘇品麥
2026-08-24,th,Thailand,top_videos_daily,,55,https://i.ytimg.com/vi/bH3vMDK_Hn0/mqdefault.jpg,CURSE (รักใครไม่เป็น),Z9,,,CURSE (รักใครไม่เป็น) Z9
2026-08-24,th,Thailand,top_videos_daily,,56,https://i.ytimg.com/vi/qGOdhkd9hdw/mqdefault.jpg,ใจเป็นนาย กายเป็นบ่าว - เล็ก รัชเมศฐ์「Official MV」,Lek Ratchamet,,,ใจเป็นนาย กายเป็นบ่าว - เล็ก รัชเมศฐ์「Official MV」 Lek Ratchamet
2026-08-24,th,Thailand,top_videos_daily,,57,https://i.ytimg.com/vi/OW9faXovWto/mqdefault.jpg,สาหัส,Loso,"7月 22, 2016",124057,"57 10 สาหัส Loso 7月 22, 2016 67 59 124,057"
2026-08-24,th,Thailand,top_videos_daily,,58,https://i.ytimg.com/vi/grrF03UISJ0/mqdefault.jpg,ขอให้เธอมีสุข,หนึ่ง บีเคแบนด์,,,ขอให้เธอมีสุข หนึ่ง บีเคแบนด์
2026-08-24,th,Thailand,top_videos_daily,,59,https://i.ytimg.com/vi/AZ_t9iAJRDw/mqdefault.jpg,ดึงดัน,COCKTAIL / Tuk Siriporn,,,ดึงดัน COCKTAIL & Tuk Siriporn
2026-08-24,th,Thailand,top_videos_daily,,60,https://i.ytimg.com/vi/Q5SEFSLTYMc/mqdefault.jpg,จำบ่เป็น,ธีร์ ทีเร็กซ์ OFFICIAL,,,จำบ่เป็น ธีร์ ทีเร็กซ์ OFFICIAL
2026-08-24,th,Thailand,top_videos_daily,,61,https://i.ytimg.com/vi/MT-4Bk1Lw8g/mqdefault.jpg,ENHYPEN (엔하이픈) 'Bloody Paradise' Official MV,HYBE LABELS,,,ENHYPEN (엔하이픈) 'Bloody Paradise' Official MV HYBE LABELS
2026-08-24,th,Thailand,top_videos_daily,,62,https://i.ytimg.com/vi/w6M2ZwjFgAg/mqdefault.jpg,ปริญญาไก่ตี,เม้ก อภิสิทธิ์,,,ปริญญาไก่ตี เม้ก อภิสิทธิ์
2026-08-24,th,Thailand,top_videos_daily,,63,https://i.ytimg.com/vi/IWCCEwIFtuo/mqdefault.jpg,บุญผลาบ่ฮอด,อ้ายแมน ภิสิทธิ์พงษ์,,,บุญผลาบ่ฮอด อ้ายแมน ภิสิทธิ์พงษ์
2026-08-24,th,Thailand,top_videos_daily,,64,https://i.ytimg.com/vi/AyfZesBO4Vk/mqdefault.jpg,ไม่มีวันไหนที่ไม่คิดถึง (starlost.),PURPEECH,,,ไม่มีวันไหนที่ไม่คิดถึง (starlost.) PURPEECH
2026-08-24,th,Thailand,top_videos_daily,,65,https://i.ytimg.com/vi/98LzldwNu4I/mqdefault.jpg,สิทธิ์ของเจ้า,埋代•話摘星,,,สิทธิ์ของเจ้า 埋代•話摘星
2026-08-24,th,Thailand,top_videos_daily,,66,https://i.ytimg.com/vi/6JbqGuX3yOo/mqdefault.jpg,ไม่ได้ลืมแค่ไม่ได้เจอ (Live),guncharlie / PURPEECH,,,ไม่ได้ลืมแค่ไม่ได้เจอ (Live) guncharlie & PURPEECH
2026-08-24,th,Thailand,top_videos_daily,,67,https://i.ytimg.com/vi/UK66Ng4CgKc/mqdefault.jpg,มิติที่ศูนย์ - จิ๋ว สกุณชัย Ft.เล็ก รัชเมศฐ์ [Official MV],จิ๋ว สกุณชัย,,,มิติที่ศูนย์ - จิ๋ว สกุณชัย Ft.เล็ก รัชเมศฐ์ [Official MV] จิ๋ว สกุณชัย
2026-08-24,th,Thailand,top_videos_daily,,68,https://i.ytimg.com/vi/DiNyIYOHvUE/mqdefault.jpg,คนขี่หลังควาย (Remix),Djpaoremix / ILLSLICK,,,คนขี่หลังควาย (Remix) Djpaoremix & ILLSLICK
2026-08-24,th,Thailand,top_videos_daily,,69,https://i.ytimg.com/vi/QFpsBK0F0js/mqdefault.jpg,สมดุลรัก (Balance),SEA.,,,สมดุลรัก (Balance) SEA.
2026-08-24,th,Thailand,top_videos_daily,,70,https://i.ytimg.com/vi/KgX3Gr6oAi8/mqdefault.jpg,คำเดียวง่าย ๆ,Z9,,,คำเดียวง่าย ๆ Z9
2026-08-24,th,Thailand,top_videos_daily,,71,https://i.ytimg.com/vi/QRECXclc_Qs/mqdefault.jpg,หายใจแล้วไปต่อ,Labanoon / NUM KALA,,,หายใจแล้วไปต่อ Labanoon & NUM KALA
2026-08-24,th,Thailand,top_videos_daily,,72,https://i.ytimg.com/vi/Ng_4m5A-3XQ/mqdefault.jpg,เมื่อถูกค้นพบ (Finally She Found.),FREEHAND,,,เมื่อถูกค้นพบ (Finally She Found.) FREEHAND
2026-08-24,th,Thailand,top_videos_daily,,73,https://i.ytimg.com/vi/Xn_LEDFMdX8/mqdefault.jpg,Baddie,IRONBOY,"6月 18, 2026",102428,"73 1 Baddie IRONBOY 6月 18, 2026 72 65 102,428"
2026-08-24,th,Thailand,top_videos_daily,,74,https://i.ytimg.com/vi/zECdjYo5nH8/mqdefault.jpg,ถ้าอ้ายบ่ฮัก,ก้านตอง ทุ่งเงิน,,,ถ้าอ้ายบ่ฮัก ก้านตอง ทุ่งเงิน
2026-08-24,th,Thailand,top_videos_daily,,75,https://i.ytimg.com/vi/Q9MsKajCU3M/mqdefault.jpg,อมพระมาพูด,賽桑・蘇品麥,,,อมพระมาพูด 賽桑・蘇品麥
2026-08-24,th,Thailand,top_videos_daily,,76,https://i.ytimg.com/vi/82-jTNka3uc/mqdefault.jpg,hate that i made you love me,Ariana Grande,,,hate that i made you love me Ariana Grande
2026-08-24,th,Thailand,top_videos_daily,,77,https://i.ytimg.com/vi/a1wW0AjQCI8/mqdefault.jpg,นะหน้าทอง,โจอี้ ภูวศิษฐ์,,,นะหน้าทอง โจอี้ ภูวศิษฐ์
2026-08-24,th,Thailand,top_videos_daily,,78,https://i.ytimg.com/vi/-q_S27LbNKU/mqdefault.jpg,BAD,ATEEZ,"6月 25, 2026",91725,"78 2 BAD ATEEZ 6月 25, 2026 80 50 91,725"
2026-08-24,th,Thailand,top_videos_daily,,79,https://i.ytimg.com/vi/ih3Ftx3rboQ/mqdefault.jpg,ชาวนากับงูเห่า,Fly,,,ชาวนากับงูเห่า Fly
2026-08-24,th,Thailand,top_videos_daily,,80,https://i.ytimg.com/vi/Ub6uvqmCfZo/mqdefault.jpg,ชีวิตไม่เคยง่ายเลยสักวัน,Troy AxenRay,,,ชีวิตไม่เคยง่ายเลยสักวัน Troy AxenRay
2026-08-24,th,Thailand,top_videos_daily,,81,https://i.ytimg.com/vi/-YOiOhpTb3A/mqdefault.jpg,STORY,P6ICK,"4月 6, 2026",90250,"81 2 STORY P6ICK 4月 6, 2026 83 119 90,250"
2026-08-24,th,Thailand,top_videos_daily,,82,https://i.ytimg.com/vi/NziqtvQ4aV4/mqdefault.jpg,เมืองหลวงใจร้าย,นิว พงศกร,,,เมืองหลวงใจร้าย นิว พงศกร
2026-08-24,th,Thailand,top_videos_daily,,83,https://i.ytimg.com/vi/MOHlQqJ7sCk/mqdefault.jpg,บทสรุปสุดท้าย,Z9,,,บทสรุปสุดท้าย Z9
2026-08-24,th,Thailand,top_videos_daily,,84,https://i.ytimg.com/vi/CEkx56iXCso/mqdefault.jpg,BLVCKHEART - ได้โปรดอยู่ตรงนี้ (Upside Down) feat. PUN (Official Music Video),BLVCKHEART,,,BLVCKHEART - ได้โปรดอยู่ตรงนี้ (Upside Down) feat. PUN (Official Music Video) BLVCKHEART
2026-08-24,th,Thailand,top_videos_daily,,85,https://i.ytimg.com/vi/x1yYLrWJwkk/mqdefault.jpg,เมื่อถูกค้นพบ (Finally She Found.),FREEHAND,,,เมื่อถูกค้นพบ (Finally She Found.) FREEHAND
2026-08-24,th,Thailand,top_videos_daily,,86,https://i.ytimg.com/vi/KwIW4E7b59I/mqdefault.jpg,กลางมหาสมุทร - เล็ก รัชเมศฐ์「Official MV」,Lek Ratchamet,,,กลางมหาสมุทร - เล็ก รัชเมศฐ์「Official MV」 Lek Ratchamet
2026-08-24,th,Thailand,top_videos_daily,,87,https://i.ytimg.com/vi/nNvPtGewa_k/mqdefault.jpg,ความรักทำให้คนตาบอด,Bodyslam,,,ความรักทำให้คนตาบอด Bodyslam
2026-08-24,th,Thailand,top_videos_daily,,88,https://i.ytimg.com/vi/tDF_7PgHc70/mqdefault.jpg,ที่ที่ปลอดภัย,Yes'sir days,,,ที่ที่ปลอดภัย Yes'sir days
2026-08-24,th,Thailand,top_videos_daily,,89,https://i.ytimg.com/vi/9k0XHEkaEyM/mqdefault.jpg,Boon Kao (My old merit),Kong Huayrai,,,Boon Kao (My old merit) Kong Huayrai
2026-08-24,th,Thailand,top_videos_daily,,90,https://i.ytimg.com/vi/jDe3UUFawqs/mqdefault.jpg,คิดถึง,Bodyslam,"3月 28, 2015",81826,"90 New คิดถึง Bodyslam 3月 28, 2015 - 1 81,826"
2026-08-24,th,Thailand,top_videos_daily,,91,https://i.ytimg.com/vi/19A-4ktRX_Q/mqdefault.jpg,ซามสิพ้อ,Vieng Naruemon / 蒙肯·根坤,,,ซามสิพ้อ Vieng Naruemon & 蒙肯·根坤
2026-08-24,th,Thailand,top_videos_daily,,92,https://i.ytimg.com/vi/1jjESCd-NGQ/mqdefault.jpg,สำนึก - คณะเอวีรูม (Live session) | Original : มาลีฮวนน่า 4K,พ็อก บิ๊กอายส์ / โดม วงริสแบนด์,,,สำนึก - คณะเอวีรูม (Live session) | Original : มาลีฮวนน่า 4K พ็อก บิ๊กอายส์ & โดม วงริสแบนด์
2026-08-24,th,Thailand,top_videos_daily,,93,https://i.ytimg.com/vi/rPZIiRQNXjk/mqdefault.jpg,oasis ft. D Gerrard - atom chanakan [OFFICIAL MV],OfficialWhiteMusic,,,oasis ft. D Gerrard - atom chanakan [OFFICIAL MV] OfficialWhiteMusic
2026-08-24,th,Thailand,top_videos_daily,,94,https://i.ytimg.com/vi/DWJkFq9lZ_8/mqdefault.jpg,Mai Yom Tad Jai,賽桑・蘇品麥,,,Mai Yom Tad Jai 賽桑・蘇品麥
2026-08-24,th,Thailand,top_videos_daily,,95,https://i.ytimg.com/vi/ejBg3-4kAFo/mqdefault.jpg,เอาที่บายใจ,บ่าววี,,,เอาที่บายใจ บ่าววี
2026-08-24,th,Thailand,top_videos_daily,,96,https://i.ytimg.com/vi/qi2YSC_WcE8/mqdefault.jpg,ทางหินแห่,Kong Huayrai,,,ทางหินแห่ Kong Huayrai
2026-08-24,th,Thailand,top_videos_daily,,97,https://i.ytimg.com/vi/qFs5GirC05c/mqdefault.jpg,ตัวสำรอง,Bedroom Audio,,,ตัวสำรอง Bedroom Audio
2026-08-24,th,Thailand,top_videos_daily,,98,https://i.ytimg.com/vi/f6Gw5fMSnyo/mqdefault.jpg,จนแต่กู,LONG,"5月 9, 2025",75786,"98 98 จนแต่กู LONG 5月 9, 2025 - 2 75,786"
2026-08-24,th,Thailand,top_videos_daily,,99,https://i.ytimg.com/vi/RyHxgSXzNRo/mqdefault.jpg,ฝากเบิ่งแนเด้อ,Earnkwan Warunya,,,ฝากเบิ่งแนเด้อ Earnkwan Warunya
2026-08-24,th,Thailand,top_videos_daily,,100,https://i.ytimg.com/vi/9GO1eNMxfzI/mqdefault.jpg,เคยรัก,9tokyo,"6月 19, 2025",74729,"100 100 เคยรัก 9tokyo 6月 19, 2025 - 27 74,729"
2026-08-24,id,Indonesia,top_videos_daily,,1,https://i.ytimg.com/vi/RO75uUZiAw0/mqdefault.jpg,Teh Hijau,圖魯斯,"6月 29, 2026",1117653,"1 ● Teh Hijau 圖魯斯 6月 29, 2026 1 50 1,117,653"
2026-08-24,id,Indonesia,top_videos_daily,,2,https://i.ytimg.com/vi/Nskf70DMR60/mqdefault.jpg,Sesi Potret,eńau,,,Sesi Potret eńau
2026-08-24,id,Indonesia,top_videos_daily,,3,https://i.ytimg.com/vi/awWKxGftWh4/mqdefault.jpg,Dunia Yang Nanti,Raim Laode,,,Dunia Yang Nanti Raim Laode
2026-08-24,id,Indonesia,top_videos_daily,,4,https://i.ytimg.com/vi/K-7olbaOelg/mqdefault.jpg,MMG (My Mine Gueh),Naykilla,,,MMG (My Mine Gueh) Naykilla
2026-08-24,id,Indonesia,top_videos_daily,,5,https://i.ytimg.com/vi/F0d8JJUNkqo/mqdefault.jpg,Tabola Bale,SILET OPEN UP / Jacson Zeran / Juan Reza / Diva Aurel,,,"Tabola Bale SILET OPEN UP , Jacson Zeran , Juan Reza & Diva Aurel"
2026-08-24,id,Indonesia,top_videos_daily,,6,https://i.ytimg.com/vi/0SbnqsQInqE/mqdefault.jpg,MUTIARA,Ipank / Kintani,,,MUTIARA Ipank & Kintani
2026-08-24,id,Indonesia,top_videos_daily,,7,https://i.ytimg.com/vi/M7oZR-MTEZs/mqdefault.jpg,Iqro',Raim Laode,,,Iqro' Raim Laode
2026-08-24,id,Indonesia,top_videos_daily,,8,https://i.ytimg.com/vi/38_bAaFI41w/mqdefault.jpg,Don't Force Your Longing,Ifan Seventeen,,,Don't Force Your Longing Ifan Seventeen
2026-08-24,id,Indonesia,top_videos_daily,,9,https://i.ytimg.com/vi/MT-4Bk1Lw8g/mqdefault.jpg,ENHYPEN (엔하이픈) 'Bloody Paradise' Official MV,HYBE LABELS,,,ENHYPEN (엔하이픈) 'Bloody Paradise' Official MV HYBE LABELS
2026-08-24,id,Indonesia,top_videos_daily,,10,https://i.ytimg.com/vi/OQNu-iB2tE8/mqdefault.jpg,Titik Nadir,Kahitna / Monita Tahalea,,,Titik Nadir Kahitna & Monita Tahalea
2026-08-24,id,Indonesia,top_videos_daily,,11,https://i.ytimg.com/vi/2uJut6USftQ/mqdefault.jpg,Jatuh Suka,圖魯斯,"3月 2, 2022",370674,"11 1 Jatuh Suka 圖魯斯 3月 2, 2022 10 250 370,674"
2026-08-24,id,Indonesia,top_videos_daily,,12,https://i.ytimg.com/vi/0VOhIR3bnXY/mqdefault.jpg,ORANG BARU LEBE GACOR,Ecko Show / Juan Reza / CHESYLINO,,,"ORANG BARU LEBE GACOR Ecko Show , Juan Reza & CHESYLINO"
2026-08-24,id,Indonesia,top_videos_daily,,13,https://i.ytimg.com/vi/WZYUSaHlGlk/mqdefault.jpg,NEGORO ANGIN,Denny Caknan,,,NEGORO ANGIN Denny Caknan
2026-08-24,id,Indonesia,top_videos_daily,,14,https://i.ytimg.com/vi/qQDaxjLReck/mqdefault.jpg,Ini Abadi,Perunggu,,,Ini Abadi Perunggu
2026-08-24,id,Indonesia,top_videos_daily,,15,https://i.ytimg.com/vi/OT5msu-dap8/mqdefault.jpg,Shape Of My Heart,Backstreet Boys,,,Shape Of My Heart Backstreet Boys
2026-08-24,id,Indonesia,top_videos_daily,,16,https://i.ytimg.com/vi/yIPX-FNJ9qk/mqdefault.jpg,Sedia Aku Sebelum Hujan,Idgitaf,,,Sedia Aku Sebelum Hujan Idgitaf
2026-08-24,id,Indonesia,top_videos_daily,,17,https://i.ytimg.com/vi/tAbHxboRGoU/mqdefault.jpg,AMBON MANISE,Toton Caribo,,,AMBON MANISE Toton Caribo
2026-08-24,id,Indonesia,top_videos_daily,,18,https://i.ytimg.com/vi/OErndIcI8gE/mqdefault.jpg,Alamak,Rizky Febian / Adrian Khalif,,,Alamak Rizky Febian & Adrian Khalif
2026-08-24,id,Indonesia,top_videos_daily,,19,https://i.ytimg.com/vi/_e9xhF69kFs/mqdefault.jpg,Negoro Angin,Silvy Kumalasari,,,Negoro Angin Silvy Kumalasari
2026-08-24,id,Indonesia,top_videos_daily,,20,https://i.ytimg.com/vi/__Pb1fO2H2A/mqdefault.jpg,Kita Lewati Berdua,overnight,,,Kita Lewati Berdua overnight
2026-08-24,id,Indonesia,top_videos_daily,,21,https://i.ytimg.com/vi/cmICctnAWCY/mqdefault.jpg,kota ini tak sama tanpamu,Nadhif Basalamah,,,kota ini tak sama tanpamu Nadhif Basalamah
2026-08-24,id,Indonesia,top_videos_daily,,22,https://i.ytimg.com/vi/IqaQjRGt8i0/mqdefault.jpg,Laut Kidul,Yeni Inka,,,Laut Kidul Yeni Inka
2026-08-24,id,Indonesia,top_videos_daily,,23,https://i.ytimg.com/vi/V6cQ4LyvOgg/mqdefault.jpg,1000X,Ghea Indrawari,,1000,1000X Ghea Indrawari
2026-08-24,id,Indonesia,top_videos_daily,,24,https://i.ytimg.com/vi/C8D16CYoFo8/mqdefault.jpg,Yeni Inka ft. Yesa Oktavia - DIRANTAI DIGELANGI RINDU (Official Music Yi Production),Yeni Inka Channel,,,Yeni Inka ft. Yesa Oktavia - DIRANTAI DIGELANGI RINDU (Official Music Yi Production) Yeni Inka Channel
2026-08-24,id,Indonesia,top_videos_daily,,25,https://i.ytimg.com/vi/XY9JR07il_U/mqdefault.jpg,Keong Racun,Ajeng Febria,,,Keong Racun Ajeng Febria
2026-08-24,id,Indonesia,top_videos_daily,,26,https://i.ytimg.com/vi/qa-HkDhWh1U/mqdefault.jpg,Edan Turun,Wafiq Azizah,,,Edan Turun Wafiq Azizah
2026-08-24,id,Indonesia,top_videos_daily,,27,https://i.ytimg.com/vi/HgRsmSyy_Fw/mqdefault.jpg,PEARL,Difarina Indra / Fendik Adella,,,PEARL Difarina Indra & Fendik Adella
2026-08-24,id,Indonesia,top_videos_daily,,28,https://i.ytimg.com/vi/grp6FCnioMM/mqdefault.jpg,kota ini tak sama tanpamu,Nadhif Basalamah,,,kota ini tak sama tanpamu Nadhif Basalamah
2026-08-24,id,Indonesia,top_videos_daily,,29,https://i.ytimg.com/vi/1WeCPL58Ijg/mqdefault.jpg,ANGEL 2 (Live),Ajeng Febria,,,ANGEL 2 (Live) Ajeng Febria
2026-08-24,id,Indonesia,top_videos_daily,,30,https://i.ytimg.com/vi/MW9BbTJrMig/mqdefault.jpg,Sia Sia Mengharap Cintamu,Els Warouw,,,Sia Sia Mengharap Cintamu Els Warouw
2026-08-24,id,Indonesia,top_videos_daily,,31,https://i.ytimg.com/vi/jmvX6XyvCy0/mqdefault.jpg,Bersenja Gurau,Raim Laode,,,Bersenja Gurau Raim Laode
2026-08-24,id,Indonesia,top_videos_daily,,32,https://i.ytimg.com/vi/m_2GEsOIzmc/mqdefault.jpg,Bounce & Pa Bkb,Vian DTM,,,Bounce & Pa Bkb Vian DTM
2026-08-24,id,Indonesia,top_videos_daily,,33,https://i.ytimg.com/vi/fLdVq8n-KQg/mqdefault.jpg,Astaga Bercanda,Akbar Chalay / Mingse,,,Astaga Bercanda Akbar Chalay & Mingse
2026-08-24,id,Indonesia,top_videos_daily,,34,https://i.ytimg.com/vi/yY15MJ-cIEA/mqdefault.jpg,AUTO MERINDING! 🥀 Bukan Aku Tak Cinta - Iklim | Cover Slowrock Nyesek Bang Brokey ft Syariva,Bang Brokey,,,AUTO MERINDING! 🥀 Bukan Aku Tak Cinta - Iklim | Cover Slowrock Nyesek Bang Brokey ft Syariva Bang Brokey
2026-08-24,id,Indonesia,top_videos_daily,,35,https://i.ytimg.com/vi/o0tVo09Rjyw/mqdefault.jpg,Salah Apa,Ipank,"2月 8, 2026",189235,"35 1 Salah Apa Ipank 2月 8, 2026 34 78 189,235"
2026-08-24,id,Indonesia,top_videos_daily,,36,https://i.ytimg.com/vi/NOiQfCVjAsQ/mqdefault.jpg,MUTIARA (Live),Laila Ayu / Irwan D'Academy / SIMPATIK MUSIC,,,"MUTIARA (Live) Laila Ayu , Irwan D'Academy & SIMPATIK MUSIC"
2026-08-24,id,Indonesia,top_videos_daily,,37,https://i.ytimg.com/vi/chl0R8C4NJ8/mqdefault.jpg,Hearts2Hearts 하츠투하츠 'ICONIC HEART' MV,Hearts2Hearts,,,Hearts2Hearts 하츠투하츠 'ICONIC HEART' MV Hearts2Hearts
2026-08-24,id,Indonesia,top_videos_daily,,38,https://i.ytimg.com/vi/4VVvXjmRk6g/mqdefault.jpg,BODY PATA PATA,Faris Adam,,,BODY PATA PATA Faris Adam
2026-08-24,id,Indonesia,top_videos_daily,,39,https://i.ytimg.com/vi/P44FdpFcdF4/mqdefault.jpg,PANAS PELA - Fresly Nikijuluw feat. Vicky Salamor (Official Music Video),Fresly Nikijuluw,,,PANAS PELA - Fresly Nikijuluw feat. Vicky Salamor (Official Music Video) Fresly Nikijuluw
2026-08-24,id,Indonesia,top_videos_daily,,40,https://i.ytimg.com/vi/EngPsM8VnzM/mqdefault.jpg,Kicau Mania,Ndarboy Genk / Banditoz Yaow 86 / BoyCord,,,"Kicau Mania Ndarboy Genk , Banditoz Yaow 86 & BoyCord"
2026-08-24,id,Indonesia,top_videos_daily,,41,https://i.ytimg.com/vi/cQLbKBu9vlY/mqdefault.jpg,Bukan Ku Tak Sudi,Iklim,,,Bukan Ku Tak Sudi Iklim
2026-08-24,id,Indonesia,top_videos_daily,,42,https://i.ytimg.com/vi/cUnYmncAvP4/mqdefault.jpg,33x,Perunggu,"3月 10, 2022",164371,"42 9 33x Perunggu 3月 10, 2022 33 303 164,371"
2026-08-24,id,Indonesia,top_videos_daily,,43,https://i.ytimg.com/vi/zyLmavBAY7k/mqdefault.jpg,Teh Hijau,圖魯斯,"7月 10, 2026",159955,"43 2 Teh Hijau 圖魯斯 7月 10, 2026 45 40 159,955"
2026-08-24,id,Indonesia,top_videos_daily,,44,https://i.ytimg.com/vi/NRGDT2UUlsk/mqdefault.jpg,Jatuh Suka,圖魯斯,"9月 28, 2025",159431,"44 4 Jatuh Suka 圖魯斯 9月 28, 2025 40 63 159,431"
2026-08-24,id,Indonesia,top_videos_daily,,45,https://i.ytimg.com/vi/lCIX4hd_geU/mqdefault.jpg,LAUT KIDUL (Live),Denny Caknan,,,LAUT KIDUL (Live) Denny Caknan
2026-08-24,id,Indonesia,top_videos_daily,,46,https://i.ytimg.com/vi/gS9o1FAszdk/mqdefault.jpg,The Man Who Can’t Be Moved,The Script,,,The Man Who Can’t Be Moved The Script
2026-08-24,id,Indonesia,top_videos_daily,,47,https://i.ytimg.com/vi/O2CFycaEc8A/mqdefault.jpg,Jomblo,Bandung Music / Riyanti Darlia,,,Jomblo Bandung Music & Riyanti Darlia
2026-08-24,id,Indonesia,top_videos_daily,,48,https://i.ytimg.com/vi/ThGYCL1zERU/mqdefault.jpg,Raci Kuah,Fresly Nikijuluw,,,Raci Kuah Fresly Nikijuluw
2026-08-24,id,Indonesia,top_videos_daily,,49,https://i.ytimg.com/vi/uf721kddxuM/mqdefault.jpg,2001x,Adrian Khalif,,2001,2001x Adrian Khalif
2026-08-24,id,Indonesia,top_videos_daily,,50,https://i.ytimg.com/vi/wPb_miODtDI/mqdefault.jpg,Astaga Bercanda,Akbar Chalay / Mingse,,,Astaga Bercanda Akbar Chalay & Mingse
2026-08-24,id,Indonesia,top_videos_daily,,51,https://i.ytimg.com/vi/uGxaFiHD7PI/mqdefault.jpg,Menari-nari,Raim Laode,,,Menari-nari Raim Laode
2026-08-24,id,Indonesia,top_videos_daily,,52,https://i.ytimg.com/vi/QmgyWAWwV4E/mqdefault.jpg,Perceraian Lara,Ipank,,,Perceraian Lara Ipank
2026-08-24,id,Indonesia,top_videos_daily,,53,https://i.ytimg.com/vi/QGZ1tR-xMLo/mqdefault.jpg,Titik Nadir,Kahitna / Monita Tahalea,,,Titik Nadir Kahitna & Monita Tahalea
2026-08-24,id,Indonesia,top_videos_daily,,54,https://i.ytimg.com/vi/A5E1oEWjEHs/mqdefault.jpg,Raiso Ngapusi 2,Royal Music / Shinta Arsinta,,,Raiso Ngapusi 2 Royal Music & Shinta Arsinta
2026-08-24,id,Indonesia,top_videos_daily,,55,https://i.ytimg.com/vi/WhEUZrB2Osc/mqdefault.jpg,Berapa Kali Kita Akan Saling Memaafkan,Pamungkas,,,Berapa Kali Kita Akan Saling Memaafkan Pamungkas
2026-08-24,id,Indonesia,top_videos_daily,,56,https://i.ytimg.com/vi/W8FtsZBx0DY/mqdefault.jpg,BCL & Josh Flo - Terpesona (Official Lyric Video),IT'S ME BCL,,,BCL & Josh Flo - Terpesona (Official Lyric Video) IT'S ME BCL
2026-08-24,id,Indonesia,top_videos_daily,,57,https://i.ytimg.com/vi/R5PyKEgKYUE/mqdefault.jpg,Jambu Alas,Della Monica,,,Jambu Alas Della Monica
2026-08-24,id,Indonesia,top_videos_daily,,58,https://i.ytimg.com/vi/L8ZnXgbyUuc/mqdefault.jpg,BIGBANG - ‘BiiiG’ M/V,BIGBANG,,,BIGBANG - ‘BiiiG’ M/V BIGBANG
2026-08-24,id,Indonesia,top_videos_daily,,59,https://i.ytimg.com/vi/yODOga1B1u8/mqdefault.jpg,RINDU SERINDU RINDUNYA,Decky Ryan,,,RINDU SERINDU RINDUNYA Decky Ryan
2026-08-24,id,Indonesia,top_videos_daily,,60,https://i.ytimg.com/vi/nYLaeQ0_TjY/mqdefault.jpg,Mencari Alasan,Exists,,,Mencari Alasan Exists
2026-08-24,id,Indonesia,top_videos_daily,,61,https://i.ytimg.com/vi/1VqxWNwgf5Q/mqdefault.jpg,Lemon Tang,Hearts2Hearts,,,Lemon Tang Hearts2Hearts
2026-08-24,id,Indonesia,top_videos_daily,,62,https://i.ytimg.com/vi/6-_8gXbJPDw/mqdefault.jpg,HATI YANG LUKA,Dilla Novera,,,HATI YANG LUKA Dilla Novera
2026-08-24,id,Indonesia,top_videos_daily,,63,https://i.ytimg.com/vi/UhLByWDlQLk/mqdefault.jpg,Gerimis Mengundang,戴基·萊恩,,,Gerimis Mengundang 戴基·萊恩
2026-08-24,id,Indonesia,top_videos_daily,,64,https://i.ytimg.com/vi/fcnDmrtj6Sk/mqdefault.jpg,Dai Dai,Shakira / Burna Boy,,,Dai Dai Shakira & Burna Boy
2026-08-24,id,Indonesia,top_videos_daily,,65,https://i.ytimg.com/vi/-0KcQ5qhiX8/mqdefault.jpg,Wasap Mamen,Andi Mbendol / DJiamputh,,,Wasap Mamen Andi Mbendol & DJiamputh
2026-08-24,id,Indonesia,top_videos_daily,,66,https://i.ytimg.com/vi/vJDa6DMfx4c/mqdefault.jpg,Percuma,Vendetta rap,,,Percuma Vendetta rap
2026-08-24,id,Indonesia,top_videos_daily,,67,https://i.ytimg.com/vi/Ghhhp_3xBxw/mqdefault.jpg,PERCERAIAN LARA - Difarina Indra Adella Ft. Fendik Adella - OM ADELLA,Henny Adella,,,PERCERAIAN LARA - Difarina Indra Adella Ft. Fendik Adella - OM ADELLA Henny Adella
2026-08-24,id,Indonesia,top_videos_daily,,68,https://i.ytimg.com/vi/ZC70DeOnWbA/mqdefault.jpg,Safira Inema - Lewat Angin Wengi (Pop Dangdut),Safira Inema,,,Safira Inema - Lewat Angin Wengi (Pop Dangdut) Safira Inema
2026-08-24,id,Indonesia,top_videos_daily,,69,https://i.ytimg.com/vi/PqTRMsd8uRQ/mqdefault.jpg,Aku Harus Pergi,Ari Lesmana / Whisnu Santika,,,Aku Harus Pergi Ari Lesmana & Whisnu Santika
2026-08-24,id,Indonesia,top_videos_daily,,70,https://i.ytimg.com/vi/W0-uo0CnIJA/mqdefault.jpg,Emang Dasar,Ajeng Febria,,,Emang Dasar Ajeng Febria
2026-08-24,id,Indonesia,top_videos_daily,,71,https://i.ytimg.com/vi/ApXoWvfEYVU/mqdefault.jpg,Sunflower,Post Malone / Swae Lee,,,Sunflower Post Malone & Swae Lee
2026-08-24,id,Indonesia,top_videos_daily,,72,https://i.ytimg.com/vi/L1vlvEfFQlg/mqdefault.jpg,SALAH APA - LAILA AYU FT IRWAN KRISDIYANTO - LIVE PT STGI PANDAAN - SIMPATIK MUSIC,Simpatik Music,,,SALAH APA - LAILA AYU FT IRWAN KRISDIYANTO - LIVE PT STGI PANDAAN - SIMPATIK MUSIC Simpatik Music
2026-08-24,id,Indonesia,top_videos_daily,,73,https://i.ytimg.com/vi/6pI0mKhedw0/mqdefault.jpg,Yeni Inka ft. Yesa Oktavia - SUMANDHING (Official Music Yi Production),Delva Irawan / Yeni Inka,,,Yeni Inka ft. Yesa Oktavia - SUMANDHING (Official Music Yi Production) Delva Irawan & Yeni Inka
2026-08-24,id,Indonesia,top_videos_daily,,74,https://i.ytimg.com/vi/GTCMLqt6Slg/mqdefault.jpg,ONCOM GONDRONG || LIVE ADE ASTRID X GERENGSENG TEAM,Ade Astrid,,,ONCOM GONDRONG || LIVE ADE ASTRID X GERENGSENG TEAM Ade Astrid
2026-08-24,id,Indonesia,top_videos_daily,,75,https://i.ytimg.com/vi/3DcoC8p9az8/mqdefault.jpg,Training Season (Live),Dua Lipa,,,Training Season (Live) Dua Lipa
2026-08-24,id,Indonesia,top_videos_daily,,76,https://i.ytimg.com/vi/vf3zFvcKQkw/mqdefault.jpg,Heaven,Bryan Adams,,,Heaven Bryan Adams
2026-08-24,id,Indonesia,top_videos_daily,,77,https://i.ytimg.com/vi/iskqBgKTGpk/mqdefault.jpg,AUTO MERINDING NYESEK! 🥀 C.T Cinta Kenangan Silam - XPDC | Cover Bang Brokey ft Syariva,Bang Brokey,,,AUTO MERINDING NYESEK! 🥀 C.T Cinta Kenangan Silam - XPDC | Cover Bang Brokey ft Syariva Bang Brokey
2026-08-24,id,Indonesia,top_videos_daily,,78,https://i.ytimg.com/vi/_BzC1Ye72R8/mqdefault.jpg,Mutiara,Yeni Inka,,,Mutiara Yeni Inka
2026-08-24,id,Indonesia,top_videos_daily,,79,https://i.ytimg.com/vi/KijIOBYbAfo/mqdefault.jpg,Kari Cerito,Mufly Key,,,Kari Cerito Mufly Key
2026-08-24,id,Indonesia,top_videos_daily,,80,https://i.ytimg.com/vi/R-DKGaY1xqo/mqdefault.jpg,ASSALAMUALAIKA Versi Tiga Bahasa,Wangi Inema,,,ASSALAMUALAIKA Versi Tiga Bahasa Wangi Inema
2026-08-24,id,Indonesia,top_videos_daily,,81,https://i.ytimg.com/vi/YvhQTRcOmMo/mqdefault.jpg,RAISO NGAPUSI 2 (LIVE),Jasun Marju,,,RAISO NGAPUSI 2 (LIVE) Jasun Marju
2026-08-24,id,Indonesia,top_videos_daily,,82,https://i.ytimg.com/vi/5aXjNhFdSwQ/mqdefault.jpg,NEGORO ANGIN,Niken Salindry,,,NEGORO ANGIN Niken Salindry
2026-08-24,id,Indonesia,top_videos_daily,,83,https://i.ytimg.com/vi/hEFAeAPLbfk/mqdefault.jpg,What If I Call,Alex Crichton,,,What If I Call Alex Crichton
2026-08-24,id,Indonesia,top_videos_daily,,84,https://i.ytimg.com/vi/3eT464L1YRA/mqdefault.jpg,Heaven,Bryan Adams,,,Heaven Bryan Adams
2026-08-24,id,Indonesia,top_videos_daily,,85,https://i.ytimg.com/vi/PT2_F-1esPk/mqdefault.jpg,Closer,The Chainsmokers,,,Closer The Chainsmokers
2026-08-24,id,Indonesia,top_videos_daily,,86,https://i.ytimg.com/vi/0PmHpgFhy8E/mqdefault.jpg,Kenangan Manis,Pamungkas,,,Kenangan Manis Pamungkas
2026-08-24,id,Indonesia,top_videos_daily,,87,https://i.ytimg.com/vi/QY1yLnapeT0/mqdefault.jpg,Mutiara,Ajeng Febria,,,Mutiara Ajeng Febria
2026-08-24,id,Indonesia,top_videos_daily,,88,https://i.ytimg.com/vi/xhSQzLvjtnw/mqdefault.jpg,Bersenja Gurau,Raim Laode,,,Bersenja Gurau Raim Laode
2026-08-24,id,Indonesia,top_videos_daily,,89,https://i.ytimg.com/vi/yxa21u33lXQ/mqdefault.jpg,Lembaran baru,黛西·藍娜莎莉,,,Lembaran baru 黛西·藍娜莎莉
2026-08-24,id,Indonesia,top_videos_daily,,90,https://i.ytimg.com/vi/FyT87Mzfw4o/mqdefault.jpg,Gagal Merangkai Hati,Maulana Wijaya,,,Gagal Merangkai Hati Maulana Wijaya
2026-08-24,id,Indonesia,top_videos_daily,,91,https://i.ytimg.com/vi/9_pFYOr-Cw8/mqdefault.jpg,LUKA SENG BADARAH - ONGEN TUAHENA ( OFFICIAL MUSIC VIDEO,Arino Talaohu,,,LUKA SENG BADARAH - ONGEN TUAHENA ( OFFICIAL MUSIC VIDEO ) Arino Talaohu
2026-08-24,id,Indonesia,top_videos_daily,,92,https://i.ytimg.com/vi/rMpJ3LEYdOA/mqdefault.jpg,Tangkap Basah,Vendetta rap,,,Tangkap Basah Vendetta rap
2026-08-24,id,Indonesia,top_videos_daily,,93,https://i.ytimg.com/vi/ViA3ni4a_Nk/mqdefault.jpg,Tulus - Teh Hijau (Koplo is Me Hipdut Remix),Koploisme,,,Tulus - Teh Hijau (Koplo is Me Hipdut Remix) Koploisme
2026-08-24,id,Indonesia,top_videos_daily,,94,https://i.ytimg.com/vi/nE756xSHzUQ/mqdefault.jpg,Pemain Cinta,ADA Band,,,Pemain Cinta ADA Band
2026-08-24,id,Indonesia,top_videos_daily,,95,https://i.ytimg.com/vi/-q_S27LbNKU/mqdefault.jpg,BAD,ATEEZ,"6月 25, 2026",93112,"95 95 BAD ATEEZ 6月 25, 2026 - 2 93,112"
2026-08-24,id,Indonesia,top_videos_daily,,96,https://i.ytimg.com/vi/4oB6BjcHJec/mqdefault.jpg,Bebaskan Diriku,Mario G Klau,,,Bebaskan Diriku Mario G Klau
2026-08-24,id,Indonesia,top_videos_daily,,97,https://i.ytimg.com/vi/8F2s8ivKXNY/mqdefault.jpg,Life Goes On,Oliver Tree,,,Life Goes On Oliver Tree
2026-08-24,id,Indonesia,top_videos_daily,,98,https://i.ytimg.com/vi/cX7-4o24sX8/mqdefault.jpg,Laut Kidul,Silvy Kumalasari,,,Laut Kidul Silvy Kumalasari
2026-08-24,id,Indonesia,top_videos_daily,,99,https://i.ytimg.com/vi/Bt_NcCkodfs/mqdefault.jpg,Negoro Angin,Ajeng Febria / Denny Caknan,,,Negoro Angin Ajeng Febria & Denny Caknan
2026-08-24,id,Indonesia,top_videos_daily,,100,https://i.ytimg.com/vi/CVEPAN2eLYg/mqdefault.jpg,Kasih Putih,Yovie Widianto / 格倫·弗勒得利,,,Kasih Putih Yovie Widianto & 格倫·弗勒得利
2026-08-24,in,India,top_videos_daily,,1,https://i.ytimg.com/vi/xvT1jH8B9AM/mqdefault.jpg,KALYANI (Remix),ARJN / KDS / FIFTY4 / 舒蕾亞·戈沙爾,,,"KALYANI (Remix) ARJN , KDS , FIFTY4 & 舒蕾亞·戈沙爾"
2026-08-24,in,India,top_videos_daily,,2,https://i.ytimg.com/vi/A_RV2H2F9jw/mqdefault.jpg,Basinga Balaalu,Srinidhi Nerella / Kalyan Keys / Swamy Naresh,,,"Basinga Balaalu Srinidhi Nerella , Kalyan Keys & Swamy Naresh"
2026-08-24,in,India,top_videos_daily,,3,https://i.ytimg.com/vi/6rvUyBiBtik/mqdefault.jpg,Tera Mera Rishta,Sayeed Quadri / Mustafa Zahid / Pritam,,,"Tera Mera Rishta Sayeed Quadri , Mustafa Zahid & Pritam"
2026-08-24,in,India,top_videos_daily,,4,https://i.ytimg.com/vi/u9BdaJTWeiw/mqdefault.jpg,Barbaadi,Shilpi Raj,,,Barbaadi Shilpi Raj
2026-08-24,in,India,top_videos_daily,,5,https://i.ytimg.com/vi/YyepU5ztLf4/mqdefault.jpg,Shararat,Madhubanti Bagchi / 雅斯文·桑德拉斯 / 沙赫瓦特·薩赫迪夫,,,"Shararat Madhubanti Bagchi , 雅斯文·桑德拉斯 & 沙赫瓦特·薩赫迪夫"
2026-08-24,in,India,top_videos_daily,,6,https://i.ytimg.com/vi/ebZj_nrmH-c/mqdefault.jpg,Barsaat,Banjaare / Roni,,,Barsaat Banjaare & Roni
2026-08-24,in,India,top_videos_daily,,7,https://i.ytimg.com/vi/b68HETiNO98/mqdefault.jpg,Pavazha Malli,Sai Abhyankkar / Shruti Haasan,,,Pavazha Malli Sai Abhyankkar & Shruti Haasan
2026-08-24,in,India,top_videos_daily,,8,https://i.ytimg.com/vi/F2m4HPLvj-4/mqdefault.jpg,Jaiye Sajana,雅斯文·桑德拉斯 / 施廷德·薩爾塔 / 沙赫瓦特·薩赫迪夫,,,"Jaiye Sajana 雅斯文·桑德拉斯 , 施廷德·薩爾塔 & 沙赫瓦特·薩赫迪夫"
2026-08-24,in,India,top_videos_daily,,9,https://i.ytimg.com/vi/2gXNDr_6FcE/mqdefault.jpg,Irumudi Kattu,Shiva Nirvana / G.V. Prakash Kumar / Kalyan Chakravarthy Tripuraneni / Ananthu,,,"Irumudi Kattu Shiva Nirvana , G.V. Prakash Kumar , Kalyan Chakravarthy Tripuraneni & Ananthu"
2026-08-24,in,India,top_videos_daily,,10,https://i.ytimg.com/vi/QnQnz9G2LNw/mqdefault.jpg,MALLEPOOLA PALLAKI (Song) | Ravi Teja | GV Prakash | Dappu Srinu | Shiva Nirvana | Irumudi,T-Series Telugu,,,MALLEPOOLA PALLAKI (Song) | Ravi Teja | GV Prakash | Dappu Srinu | Shiva Nirvana | Irumudi T-Series Telugu
2026-08-24,in,India,top_videos_daily,,11,https://i.ytimg.com/vi/9dV6Hl2u3vM/mqdefault.jpg,Neno Butterfly,Sublahshini / G.V. Prakash Kumar,,,Neno Butterfly Sublahshini & G.V. Prakash Kumar
2026-08-24,in,India,top_videos_daily,,12,https://i.ytimg.com/vi/oafxkMv4xnc/mqdefault.jpg,Bairan,Banjaare,"2月 13, 2026",1281738,"12 2 Bairan Banjaare 2月 13, 2026 10 171 1,281,738"
2026-08-24,in,India,top_videos_daily,,13,https://i.ytimg.com/vi/aRNfSqsgrgE/mqdefault.jpg,Sheesha,Mitta Ror / Swara Verma,,,Sheesha Mitta Ror & Swara Verma
2026-08-24,in,India,top_videos_daily,,14,https://i.ytimg.com/vi/cL0KKSPjZf8/mqdefault.jpg,Boom Shaka,KR$NA / Dhanda Nyoliwala,,,Boom Shaka KR$NA & Dhanda Nyoliwala
2026-08-24,in,India,top_videos_daily,,15,https://i.ytimg.com/vi/bP8ATWCvqzw/mqdefault.jpg,Arz Kiya Hai,Anuv Jain,,,Arz Kiya Hai Anuv Jain
2026-08-24,in,India,top_videos_daily,,16,https://i.ytimg.com/vi/GVizJ_jpUnw/mqdefault.jpg,Gehra Hua,Arijit Singh / Armaan Khan / 沙赫瓦特·薩赫迪夫 / Irshad Kamil,,,"Gehra Hua Arijit Singh , Armaan Khan , 沙赫瓦特·薩赫迪夫 & Irshad Kamil"
2026-08-24,in,India,top_videos_daily,,17,https://i.ytimg.com/vi/ZvXN0TcZLfQ/mqdefault.jpg,Fortuner,Raj Mawar / Ruchika Jangid,,,Fortuner Raj Mawar & Ruchika Jangid
2026-08-24,in,India,top_videos_daily,,18,https://i.ytimg.com/vi/5GCfYLguTIs/mqdefault.jpg,Boyfriend,Karan Aujla,,,Boyfriend Karan Aujla
2026-08-24,in,India,top_videos_daily,,19,https://i.ytimg.com/vi/iAtoZar5W58/mqdefault.jpg,Aaya Sher,Jangi Reddy / Arjun Chandy / 安尼魯德・瑞維奇德 / Kasarla Shyam,,,"Aaya Sher Jangi Reddy , Arjun Chandy , 安尼魯德・瑞維奇德 & Kasarla Shyam"
2026-08-24,in,India,top_videos_daily,,20,https://i.ytimg.com/vi/7KpwlP7SFnw/mqdefault.jpg,"Allah Kare Dil Na Lagey Kisise (From ""Andaaz"")",蘇努・尼甘 / 阿爾卡·雅格尼克,,,"Allah Kare Dil Na Lagey Kisise (From ""Andaaz"") 蘇努・尼甘 & 阿爾卡·雅格尼克"
2026-08-24,in,India,top_videos_daily,,21,https://i.ytimg.com/vi/Bm9lLpmPM0A/mqdefault.jpg,Pattampoochi,Sublahshini / G.V. Prakash Kumar,,,Pattampoochi Sublahshini & G.V. Prakash Kumar
2026-08-24,in,India,top_videos_daily,,22,https://i.ytimg.com/vi/asG7cwxi1sA/mqdefault.jpg,Saiyaara,舒蕾亞·戈沙爾 / Arslan Nizami / Irshad Kamil,,,"Saiyaara 舒蕾亞·戈沙爾 , Arslan Nizami & Irshad Kamil"
2026-08-24,in,India,top_videos_daily,,23,https://i.ytimg.com/vi/uOrhBw3N3NM/mqdefault.jpg,80 Lakh,D Naveen / Shiva Choudhary / Sweta Chauhan / Kala Dighal,,,"80 Lakh D Naveen , Shiva Choudhary , Sweta Chauhan & Kala Dighal"
2026-08-24,in,India,top_videos_daily,,24,https://i.ytimg.com/vi/GX9x62kFsVU/mqdefault.jpg,Gehra Hua,Arijit Singh / Armaan Khan / 沙赫瓦特·薩赫迪夫 / Irshad Kamil,,,"Gehra Hua Arijit Singh , Armaan Khan , 沙赫瓦特·薩赫迪夫 & Irshad Kamil"
2026-08-24,in,India,top_videos_daily,,25,https://i.ytimg.com/vi/_NX9_GeYWJY/mqdefault.jpg,VIDEO | गोली चोली पर चलतौ - Rajeev Yadav - Khushi Kakkar - Goli Choli Par Chaltau - Magahi Song 2026,Bhojpuri Ganna Hits - Apex,,2026,VIDEO | गोली चोली पर चलतौ - Rajeev Yadav - Khushi Kakkar - Goli Choli Par Chaltau - Magahi Song 2026 Bhojpuri Ganna Hits - Apex
2026-08-24,in,India,top_videos_daily,,26,https://i.ytimg.com/vi/ZcO4s0UU4Uk/mqdefault.jpg,Kamar DJ Pe,Manish Sonipat Aala / Bali Sharma / Vampire,,,"Kamar DJ Pe Manish Sonipat Aala , Bali Sharma & Vampire"
2026-08-24,in,India,top_videos_daily,,27,https://i.ytimg.com/vi/7VsejGzcJmM/mqdefault.jpg,Alaakaa Loova,Sai Abhyankkar,,,Alaakaa Loova Sai Abhyankkar
2026-08-24,in,India,top_videos_daily,,28,https://i.ytimg.com/vi/z5y8Clp_TdE/mqdefault.jpg,KALYANI (Remix),舒蕾亞·戈沙爾 / ARJN / FIFTY4 / KDS,,,"KALYANI (Remix) 舒蕾亞·戈沙爾 , ARJN , FIFTY4 & KDS"
2026-08-24,in,India,top_videos_daily,,29,https://i.ytimg.com/vi/jZEA2mMwL1k/mqdefault.jpg,Mutta Kalakki,Ken Karunaas,,,Mutta Kalakki Ken Karunaas
2026-08-24,in,India,top_videos_daily,,30,https://i.ytimg.com/vi/Oyw1Eo21q5k/mqdefault.jpg,Kabze,Bintu Pabra / Shiva Choudhary,,,Kabze Bintu Pabra & Shiva Choudhary
2026-08-24,in,India,top_videos_daily,,31,https://i.ytimg.com/vi/QHdajZktFEU/mqdefault.jpg,Bangles,Sanju Rathod / G-SPXRK,,,Bangles Sanju Rathod & G-SPXRK
2026-08-24,in,India,top_videos_daily,,32,https://i.ytimg.com/vi/J6Q8LEsgqQY/mqdefault.jpg,"Aaj Kehna Zaroori Hai (From ""Andaaz"")",Udit Narayan / 阿爾卡·雅格尼克,,,"Aaj Kehna Zaroori Hai (From ""Andaaz"") Udit Narayan & 阿爾卡·雅格尼克"
2026-08-24,in,India,top_videos_daily,,33,https://i.ytimg.com/vi/AsdEIaw9Wks/mqdefault.jpg,Mithe Tere Bol Pari,Masoom Sharma,,,Mithe Tere Bol Pari Masoom Sharma
2026-08-24,in,India,top_videos_daily,,34,https://i.ytimg.com/vi/49x5rfxmv4E/mqdefault.jpg,Karuppa Kooda Va,Sai Abhyankkar / V·M·馬哈林加姆,,,Karuppa Kooda Va Sai Abhyankkar & V·M·馬哈林加姆
2026-08-24,in,India,top_videos_daily,,35,https://i.ytimg.com/vi/6JaeasJw-QI/mqdefault.jpg,Thalapathy Kacheri,Jayanth Maadhur / Anirudh Ravichander / Arun Kaundinya / Nazeeruddin / Srinivasa Mouli,,,"Thalapathy Kacheri Jayanth Maadhur , Anirudh Ravichander , Arun Kaundinya , Nazeeruddin & Srinivasa Mouli"
2026-08-24,in,India,top_videos_daily,,36,https://i.ytimg.com/vi/rC-kbRanJQ0/mqdefault.jpg,UDI UDI,Hruday / Sarkar / Aneesh,,,"UDI UDI Hruday , Sarkar & Aneesh"
2026-08-24,in,India,top_videos_daily,,37,https://i.ytimg.com/vi/X1twu3ztkPU/mqdefault.jpg,Bum Baa Diga Diga - Music Video | DC | Lokesh | Sun Pictures | Anirudh | Arun Matheswaran,Heisenberg / Ritesh G Rao / Anirudh Ravichander / Asura,,,"Bum Baa Diga Diga - Music Video | DC | Lokesh | Sun Pictures | Anirudh | Arun Matheswaran Heisenberg , Ritesh G Rao , Anirudh Ravichander & Asura"
2026-08-24,in,India,top_videos_daily,,38,https://i.ytimg.com/vi/-gZylSjWtPo/mqdefault.jpg,Nach Nagin Jaisan,Raushan Rohi / Khushi Kakkar,,,Nach Nagin Jaisan Raushan Rohi & Khushi Kakkar
2026-08-24,in,India,top_videos_daily,,39,https://i.ytimg.com/vi/LX2zshAgECQ/mqdefault.jpg,Aankhon Se Tune 2.0,Dev Negi / Palak Muchhal / Kumar Sanu / Alka Yagnik,,,"Aankhon Se Tune 2.0 Dev Negi , Palak Muchhal , Kumar Sanu & Alka Yagnik"
2026-08-24,in,India,top_videos_daily,,40,https://i.ytimg.com/vi/1iBDh00xMQw/mqdefault.jpg,Rupya Dekh Ke Bora Me,Tuntun Yadav,,,Rupya Dekh Ke Bora Me Tuntun Yadav
2026-08-24,in,India,top_videos_daily,,41,https://i.ytimg.com/vi/hejXc_FSYb8/mqdefault.jpg,Tere Bin,Rahat Fateh Ali Khan / 阿西斯·凱爾 / 坦尼許・巴格奇,,,"Tere Bin Rahat Fateh Ali Khan , 阿西斯·凱爾 & 坦尼許・巴格奇"
2026-08-24,in,India,top_videos_daily,,42,https://i.ytimg.com/vi/v5jVX0QYwQo/mqdefault.jpg,Shararat,Madhubanti Bagchi / 雅斯文·桑德拉斯 / 沙赫瓦特·薩赫迪夫,,,"Shararat Madhubanti Bagchi , 雅斯文·桑德拉斯 & 沙赫瓦特·薩赫迪夫"
2026-08-24,in,India,top_videos_daily,,43,https://i.ytimg.com/vi/Aze7zTyIRtk/mqdefault.jpg,Aura 10/10,Hiphop Tamizha,,,Aura 10/10 Hiphop Tamizha
2026-08-24,in,India,top_videos_daily,,44,https://i.ytimg.com/vi/g23pmazHwgE/mqdefault.jpg,Tera Mera Rishta,Sayeed Quadri / Mustafa Zahid / Pritam,,,"Tera Mera Rishta Sayeed Quadri , Mustafa Zahid & Pritam"
2026-08-24,in,India,top_videos_daily,,45,https://i.ytimg.com/vi/yrjDEU9F1bw/mqdefault.jpg,Bairi,Virat / Pradeep Solanki / Heena,,,"Bairi Virat , Pradeep Solanki & Heena"
2026-08-24,in,India,top_videos_daily,,46,https://i.ytimg.com/vi/GG1_DsScm6U/mqdefault.jpg,Vaari Jaavan,喬奧蒂·諾倫 / Reble / 沙赫瓦特·薩赫迪夫 / 雅斯文·桑德拉斯,,,"Vaari Jaavan 喬奧蒂·諾倫 , Reble , 沙赫瓦特·薩赫迪夫 & 雅斯文·桑德拉斯"
2026-08-24,in,India,top_videos_daily,,47,https://i.ytimg.com/vi/ocRzt5NvI7A/mqdefault.jpg,Ganga Ke Kinare,Bunny / Sagar,,,Ganga Ke Kinare Bunny & Sagar
2026-08-24,in,India,top_videos_daily,,48,https://i.ytimg.com/vi/alX-ld96FpI/mqdefault.jpg,Jadugarni,Riyaazi / Sintaa,,,Jadugarni Riyaazi & Sintaa
2026-08-24,in,India,top_videos_daily,,49,https://i.ytimg.com/vi/6zDfwVSvyEk/mqdefault.jpg,Hellallallo,Rakshita Suresh / A. R. Rahman / Varadaraj Chikkaballapura,,,"Hellallallo Rakshita Suresh , A. R. Rahman & Varadaraj Chikkaballapura"
2026-08-24,in,India,top_videos_daily,,50,https://i.ytimg.com/vi/E7ergOnpO1Q/mqdefault.jpg,Not Guilty,Dhanda Nyoliwala,,,Not Guilty Dhanda Nyoliwala
2026-08-24,in,India,top_videos_daily,,51,https://i.ytimg.com/vi/9OF_cF48mjA/mqdefault.jpg,Raavana Mavandaa,Anirudh Ravichander / Vivek,,,Raavana Mavandaa Anirudh Ravichander & Vivek
2026-08-24,in,India,top_videos_daily,,52,https://i.ytimg.com/vi/9iGjes4n1iA/mqdefault.jpg,Asalayavale,Mohammad Maqbool Mansoor / 席德·斯里拉姆,,,Asalayavale Mohammad Maqbool Mansoor & 席德·斯里拉姆
2026-08-24,in,India,top_videos_daily,,53,https://i.ytimg.com/vi/FPoDwu3odT8/mqdefault.jpg,O Sanam,Akhil Sachdeva,,,O Sanam Akhil Sachdeva
2026-08-24,in,India,top_videos_daily,,54,https://i.ytimg.com/vi/Q7ZMrWQmJbQ/mqdefault.jpg,Katto Gilehri,達雷爾·馬哈帝,,,Katto Gilehri 達雷爾·馬哈帝
2026-08-24,in,India,top_videos_daily,,55,https://i.ytimg.com/vi/fcnDmrtj6Sk/mqdefault.jpg,Dai Dai,Shakira / Burna Boy,,,Dai Dai Shakira & Burna Boy
2026-08-24,in,India,top_videos_daily,,56,https://i.ytimg.com/vi/SQ4jZ-EAL88/mqdefault.jpg,Vaaroon Forever (Official Video) | Mirzapur The Movie | Shreya Ghoshal | Romy | Anand B | Ginny D,阿南德·巴斯卡爾,,,Vaaroon Forever (Official Video) | Mirzapur The Movie | Shreya Ghoshal | Romy | Anand B | Ginny D 阿南德·巴斯卡爾
2026-08-24,in,India,top_videos_daily,,57,https://i.ytimg.com/vi/l71aOtTJ1gE/mqdefault.jpg,Tiranga,B Praak,"5月 14, 2024",496745,"57 1 Tiranga B Praak 5月 14, 2024 56 31 496,745"
2026-08-24,in,India,top_videos_daily,,58,https://i.ytimg.com/vi/3j7bhOvW6jw/mqdefault.jpg,LOW FADE,Mxrci / Karan Aujla,,,LOW FADE Mxrci & Karan Aujla
2026-08-24,in,India,top_videos_daily,,59,https://i.ytimg.com/vi/3QhajVg6SjE/mqdefault.jpg,Tu Hi Haqeeqat,Sayeed Quadri / 伊爾尚·阿什拉夫 / Shadab Faridi / 傑韋德·阿里,,,"Tu Hi Haqeeqat Sayeed Quadri , 伊爾尚·阿什拉夫 , Shadab Faridi & 傑韋德·阿里"
2026-08-24,in,India,top_videos_daily,,60,https://i.ytimg.com/vi/ahc8zhtzQSk/mqdefault.jpg,Lahanga Se Mahanga,Shivani Singh / Pawan Singh,,,Lahanga Se Mahanga Shivani Singh & Pawan Singh
2026-08-24,in,India,top_videos_daily,,61,https://i.ytimg.com/vi/mlb5yBGTTRI/mqdefault.jpg,Narak,B Praak / Jaani / Jyotica Tangri,,,"Narak B Praak , Jaani & Jyotica Tangri"
2026-08-24,in,India,top_videos_daily,,62,https://i.ytimg.com/vi/undhkaMMenU/mqdefault.jpg,Sambavakaari,Saindhavi / 肖恩·羅爾丹 / Mohan Rajan,,,"Sambavakaari Saindhavi , 肖恩·羅爾丹 & Mohan Rajan"
2026-08-24,in,India,top_videos_daily,,63,https://i.ytimg.com/vi/NWK7dWsBlKo/mqdefault.jpg,Shamiyana,Shilpi Raj / Pawan Singh / Priyanshu Singh,,,"Shamiyana Shilpi Raj , Pawan Singh & Priyanshu Singh"
2026-08-24,in,India,top_videos_daily,,64,https://i.ytimg.com/vi/LxtmRwUX0rs/mqdefault.jpg,"Aap Ke Pyaar Mein Hum Savarne Lage | Raaz | Dino Morea, Malini Sharma, Alka Yagnik",Bollywood Music Masala,,,"Aap Ke Pyaar Mein Hum Savarne Lage | Raaz | Dino Morea, Malini Sharma, Alka Yagnik Bollywood Music Masala"
2026-08-24,in,India,top_videos_daily,,65,https://i.ytimg.com/vi/9hYyZu2KcxQ/mqdefault.jpg,Pagle Bana Delu,Pramod Premi / Vicky Vox / Ravi Yadav,,,"Pagle Bana Delu Pramod Premi , Vicky Vox & Ravi Yadav"
2026-08-24,in,India,top_videos_daily,,66,https://i.ytimg.com/vi/fVeJ6sJERR4/mqdefault.jpg,Teri Yaadon Mein,KK / 舒蕾亞·戈沙爾,,,Teri Yaadon Mein KK & 舒蕾亞·戈沙爾
2026-08-24,in,India,top_videos_daily,,67,https://i.ytimg.com/vi/vnlk8V-q0oU/mqdefault.jpg,JHALAK DIKHLA JA,希梅什·雷希漢米亞 / Sameer,,,JHALAK DIKHLA JA 希梅什·雷希漢米亞 & Sameer
2026-08-24,in,India,top_videos_daily,,68,https://i.ytimg.com/vi/WT-wrwlN144/mqdefault.jpg,YAALALO YAALALO Lyrical | Irumudi | Ravi Teja | GV Prakash | Hesham | Shiva Nirvana,T-Series Telugu,,,YAALALO YAALALO Lyrical | Irumudi | Ravi Teja | GV Prakash | Hesham | Shiva Nirvana T-Series Telugu
2026-08-24,in,India,top_videos_daily,,69,https://i.ytimg.com/vi/2vYyHb34upc/mqdefault.jpg,Case Teri Rani Ladegi,Khesari Lal Yadav / Shrishti Bharti,,,Case Teri Rani Ladegi Khesari Lal Yadav & Shrishti Bharti
2026-08-24,in,India,top_videos_daily,,70,https://i.ytimg.com/vi/q8gilwzNQEA/mqdefault.jpg,Mere Rashke Qamar,Nusrat Fateh Ali Khan / Rahat Fateh Ali Khan,,,Mere Rashke Qamar Nusrat Fateh Ali Khan & Rahat Fateh Ali Khan
2026-08-24,in,India,top_videos_daily,,71,https://i.ytimg.com/vi/rkV7--wYUJ8/mqdefault.jpg,Toh Phir Aao,Sayeed Quadri / Mustafa Zahid / Pritam,,,"Toh Phir Aao Sayeed Quadri , Mustafa Zahid & Pritam"
2026-08-24,in,India,top_videos_daily,,72,https://i.ytimg.com/vi/_Vp-jCG7gno/mqdefault.jpg,God Mode,Sai Abhyankkar / Gana Muthu / Vishnu Edavan,,,"God Mode Sai Abhyankkar , Gana Muthu & Vishnu Edavan"
2026-08-24,in,India,top_videos_daily,,73,https://i.ytimg.com/vi/d6YJ0FBdPYU/mqdefault.jpg,Sanna Sanna Biyyame,singer gangamani / Singer Shirisha,,,Sanna Sanna Biyyame singer gangamani & Singer Shirisha
2026-08-24,in,India,top_videos_daily,,74,https://i.ytimg.com/vi/NhWaRfiqeCs/mqdefault.jpg,Irumudi Kattu,Shiva Nirvana / G.V. Prakash Kumar / Kalyan Chakravarthy Tripuraneni / Ananthu,,,"Irumudi Kattu Shiva Nirvana , G.V. Prakash Kumar , Kalyan Chakravarthy Tripuraneni & Ananthu"
2026-08-24,in,India,top_videos_daily,,75,https://i.ytimg.com/vi/cEuvTa6Ej44/mqdefault.jpg,Majanua Ha Mafiya,Shilpi Raj / Golu Raja,,,Majanua Ha Mafiya Shilpi Raj & Golu Raja
2026-08-24,in,India,top_videos_daily,,76,https://i.ytimg.com/vi/sdXPt-lgbE0/mqdefault.jpg,Chamiki,Ken Karunaas / Bhaskarabhatla / G.V. Prakash Kumar,,,"Chamiki Ken Karunaas , Bhaskarabhatla & G.V. Prakash Kumar"
2026-08-24,in,India,top_videos_daily,,77,https://i.ytimg.com/vi/bZP_qOV-jjo/mqdefault.jpg,इकरार हो न जाए | Zinda Dil | Alka Yagnik Songs | Abbas | Ashima Bhalla,阿爾卡·雅格尼克,,,इकरार हो न जाए | Zinda Dil | Alka Yagnik Songs | Abbas | Ashima Bhalla 阿爾卡·雅格尼克
2026-08-24,in,India,top_videos_daily,,78,https://i.ytimg.com/vi/ajbZlebglTc/mqdefault.jpg,315 | Sanjay Yaduvanshi | OFFICAIL VIDEO,Sanjay Yaduvanshi,,315,315 | Sanjay Yaduvanshi | OFFICAIL VIDEO Sanjay Yaduvanshi
2026-08-24,in,India,top_videos_daily,,79,https://i.ytimg.com/vi/yM5APO87aNU/mqdefault.jpg,Jackpot,Gur Sidhu / Cheema Y,,,Jackpot Gur Sidhu & Cheema Y
2026-08-24,in,India,top_videos_daily,,80,https://i.ytimg.com/vi/Fd19_8DpOGg/mqdefault.jpg,TERI JAWANI BADI MAST MAST HAI,安諾帕馬·德什潘德 / Iqbal Afzal Sabri / 薩吉—瓦吉,,,"TERI JAWANI BADI MAST MAST HAI 安諾帕馬·德什潘德 , Iqbal Afzal Sabri & 薩吉—瓦吉"
2026-08-24,in,India,top_videos_daily,,81,https://i.ytimg.com/vi/OxXKDGO-MYQ/mqdefault.jpg,LAAVAN,Jasmine Sandlas / Mofusion,,,LAAVAN Jasmine Sandlas & Mofusion
2026-08-24,in,India,top_videos_daily,,82,https://i.ytimg.com/vi/OFYTBT0xcq8/mqdefault.jpg,Kitni Bechain Hoke - Jhankar Beats,DJ Harshit Shah / 阿爾卡·雅格尼克 / Udit Narayan,,,"Kitni Bechain Hoke - Jhankar Beats DJ Harshit Shah , 阿爾卡·雅格尼克 & Udit Narayan"
2026-08-24,in,India,top_videos_daily,,83,https://i.ytimg.com/vi/v_L-bAB1kUA/mqdefault.jpg,Dilnashin Dilnashin,KK,,,Dilnashin Dilnashin KK
2026-08-24,in,India,top_videos_daily,,84,https://i.ytimg.com/vi/MfY9YO3u7GM/mqdefault.jpg,Brown Rang,Yo・Yo・哈尼・辛,,,Brown Rang Yo・Yo・哈尼・辛
2026-08-24,in,India,top_videos_daily,,85,https://i.ytimg.com/vi/1BVgpX4w0Wk/mqdefault.jpg,Gali Gali,妮哈·卡卡爾,,,Gali Gali 妮哈·卡卡爾
2026-08-24,in,India,top_videos_daily,,86,https://i.ytimg.com/vi/BHlCNUyu5EU/mqdefault.jpg,Thoda Thoda Pyaar,Kumaar / Stebin Ben / Nilesh Ahuja,,,"Thoda Thoda Pyaar Kumaar , Stebin Ben & Nilesh Ahuja"
2026-08-24,in,India,top_videos_daily,,87,https://i.ytimg.com/vi/PkhfKq9m0Uo/mqdefault.jpg,Tujhe Sochta Hoon,KK,,,Tujhe Sochta Hoon KK
2026-08-24,in,India,top_videos_daily,,88,https://i.ytimg.com/vi/__bHEfJ29j0/mqdefault.jpg,Andaaz e Karam,Moin / Madhur Sharma / ER,,,"Andaaz e Karam Moin , Madhur Sharma & ER"
2026-08-24,in,India,top_videos_daily,,89,https://i.ytimg.com/vi/bUk1YcCPfpQ/mqdefault.jpg,Zigane,Shevv / Dhanda Nyoliwala,,,Zigane Shevv & Dhanda Nyoliwala
2026-08-24,in,India,top_videos_daily,,90,https://i.ytimg.com/vi/94A9SNq6sBA/mqdefault.jpg,Tinku Jiya,Mamta Sharma / 傑韋德·阿里,,,Tinku Jiya Mamta Sharma & 傑韋德·阿里
2026-08-24,in,India,top_videos_daily,,91,https://i.ytimg.com/vi/kzTWRX9Dhrg/mqdefault.jpg,Chalte Chalte,Manohar Shetty / Udbhav Ojha / Shweta Pandit / Sonali Bhatawdekar / Preetha Mazumdar / Ishaan,,,"Chalte Chalte Manohar Shetty , Udbhav Ojha , Shweta Pandit , Sonali Bhatawdekar , Preetha Mazumdar & Ishaan"
2026-08-24,in,India,top_videos_daily,,92,https://i.ytimg.com/vi/42r8Stt-30w/mqdefault.jpg,Barsaat (Brand New Day Edition),Banjaare,,,Barsaat (Brand New Day Edition) Banjaare
2026-08-24,in,India,top_videos_daily,,93,https://i.ytimg.com/vi/U0EI7XFkkV4/mqdefault.jpg,Taare,Farak / 10A / Saswat Balan,,,"Taare Farak , 10A & Saswat Balan"
2026-08-24,in,India,top_videos_daily,,94,https://i.ytimg.com/vi/NJwGCa0QRz8/mqdefault.jpg,Oh Ho Ho Ho (Remix),Sukhbir / Ikka,,,Oh Ho Ho Ho (Remix) Sukhbir & Ikka
2026-08-24,in,India,top_videos_daily,,95,https://i.ytimg.com/vi/J_d_Q3pTYcc/mqdefault.jpg,Chunnari Chunnari - Let’s Go!,Anu Malik / Akshay & IP / IP Singh / Jonita Gandhi / Asees Kaur / Sudhir Yaduvanshi / Anuradha Sriram,,,"Chunnari Chunnari - Let’s Go! Anu Malik , Akshay & IP , IP Singh , Jonita Gandhi , Asees Kaur , Sudhir Yaduvanshi & Anuradha Sriram"
2026-08-24,in,India,top_videos_daily,,96,https://i.ytimg.com/vi/QxWoYkrgpJE/mqdefault.jpg,Nallaru po,Tippu / Sai Abhyankkar,,,Nallaru po Tippu & Sai Abhyankkar
2026-08-24,in,India,top_videos_daily,,97,https://i.ytimg.com/vi/yLkoFnC8DI8/mqdefault.jpg,Aa Fariyale,Abhishek Gupta / Pramod Premi Yadav,,,Aa Fariyale Abhishek Gupta & Pramod Premi Yadav
2026-08-24,in,India,top_videos_daily,,98,https://i.ytimg.com/vi/-8C_2BBVWk8/mqdefault.jpg,Zara Sa,Sayeed Quadri / KK / Pritam,,,"Zara Sa Sayeed Quadri , KK & Pritam"
2026-08-24,in,India,top_videos_daily,,99,https://i.ytimg.com/vi/IAONd2d_PDU/mqdefault.jpg,JAAN SE GUZARTE HAIN,Khan Saab / 沙赫瓦特·薩赫迪夫 / Nusrat Fateh Ali Khan,,,"JAAN SE GUZARTE HAIN Khan Saab , 沙赫瓦特·薩赫迪夫 & Nusrat Fateh Ali Khan"
2026-08-24,in,India,top_videos_daily,,100,https://i.ytimg.com/vi/m6Y8xEfyXTs/mqdefault.jpg,Main Yahaan Hoon,Udit Narayan,,,Main Yahaan Hoon Udit Narayan
2026-08-24,sg,Singapore,top_videos_daily,,1,https://i.ytimg.com/vi/MT-4Bk1Lw8g/mqdefault.jpg,ENHYPEN (엔하이픈) 'Bloody Paradise' Official MV,HYBE LABELS,,,ENHYPEN (엔하이픈) 'Bloody Paradise' Official MV HYBE LABELS
2026-08-24,sg,Singapore,top_videos_daily,,2,https://i.ytimg.com/vi/L8ZnXgbyUuc/mqdefault.jpg,BIGBANG - ‘BiiiG’ M/V,BIGBANG,,,BIGBANG - ‘BiiiG’ M/V BIGBANG
2026-08-24,sg,Singapore,top_videos_daily,,3,https://i.ytimg.com/vi/7H1ObJvb7Hc/mqdefault.jpg,【純享版】張碧晨侯明昊老友重逢卻唱盡痛心！演繹李佳薇新歌《甲乙丙丁》 深情對唱層層遞進 將遺憾與不捨唱到極致 #天賜的聲音7 EP11 20260821,天賜的聲音,,20260821,【纯享版】张碧晨侯明昊老友重逢却唱尽痛心！演绎李佳薇新歌《甲乙丙丁》 深情对唱层层递进 将遗憾与不舍唱到极致 #天赐的声音7 EP11 20260821 天赐的声音
2026-08-24,sg,Singapore,top_videos_daily,,4,https://i.ytimg.com/vi/is8UDe2PhKQ/mqdefault.jpg,KATSEYE (캣츠아이) 'Hootie Frutti' Official MV,KATSEYE,,,KATSEYE (캣츠아이) 'Hootie Frutti' Official MV KATSEYE
2026-08-24,sg,Singapore,top_videos_daily,,5,https://i.ytimg.com/vi/fcnDmrtj6Sk/mqdefault.jpg,Dai Dai,Shakira / Burna Boy,,,Dai Dai Shakira & Burna Boy
2026-08-24,sg,Singapore,top_videos_daily,,6,https://i.ytimg.com/vi/xvT1jH8B9AM/mqdefault.jpg,KALYANI (Remix),ARJN / KDS / FIFTY4 / 舒蕾亞·戈沙爾,,,"KALYANI (Remix) ARJN , KDS , FIFTY4 & 舒蕾亞·戈沙爾"
2026-08-24,sg,Singapore,top_videos_daily,,7,https://i.ytimg.com/vi/yebNIHKAC4A/mqdefault.jpg,Golden,HUNTR/X / EJAE / AUDREY NUNA / REI AMI / KPop Demon Hunters Cast,,,"Golden HUNTR/X , EJAE , AUDREY NUNA , REI AMI & KPop Demon Hunters Cast"
2026-08-24,sg,Singapore,top_videos_daily,,8,https://i.ytimg.com/vi/Q3bFaJVLlb0/mqdefault.jpg,ဤသို့ပြုရ - သိပ္ပံထွန်း [ Official Lyric Video ] #ဤသ်ို့ပြုရ #theinkpanhtun #eithotpyuya,Theinkpan Htun,,,ဤသို့ပြုရ - သိပ္ပံထွန်း [ Official Lyric Video ] #ဤသ်ို့ပြုရ #theinkpanhtun #eithotpyuya Theinkpan Htun
2026-08-24,sg,Singapore,top_videos_daily,,9,https://i.ytimg.com/vi/376utoTabMI/mqdefault.jpg,看著我的眼睛說,張遠 / 姚曉棠,,,看着我的眼睛说 张远 & 姚晓棠
2026-08-24,sg,Singapore,top_videos_daily,,10,https://i.ytimg.com/vi/j5BSH0Op5H8/mqdefault.jpg,Giants,NDPeeps / Weish / Iman Fandi,,,"Giants NDPeeps , Weish & Iman Fandi"
2026-08-24,sg,Singapore,top_videos_daily,,11,https://i.ytimg.com/vi/ApXoWvfEYVU/mqdefault.jpg,Sunflower,Post Malone / Swae Lee,,,Sunflower Post Malone & Swae Lee
2026-08-24,sg,Singapore,top_videos_daily,,12,https://i.ytimg.com/vi/m7k9UMcHbr0/mqdefault.jpg,"KATSEYE (캣츠아이) ""Animal"" Official MV",KATSEYE,,,"KATSEYE (캣츠아이) ""Animal"" Official MV KATSEYE"
2026-08-24,sg,Singapore,top_videos_daily,,13,https://i.ytimg.com/vi/b68HETiNO98/mqdefault.jpg,Pavazha Malli,Sai Abhyankkar / Shruti Haasan,,,Pavazha Malli Sai Abhyankkar & Shruti Haasan
2026-08-24,sg,Singapore,top_videos_daily,,14,https://i.ytimg.com/vi/7VsejGzcJmM/mqdefault.jpg,Alaakaa Loova,Sai Abhyankkar,,,Alaakaa Loova Sai Abhyankkar
2026-08-24,sg,Singapore,top_videos_daily,,15,https://i.ytimg.com/vi/GaMS0F0_xMI/mqdefault.jpg,You'll Be Okay,NDPeeps / 楚晴,,,You'll Be Okay NDPeeps & 楚晴
2026-08-24,sg,Singapore,top_videos_daily,,16,https://i.ytimg.com/vi/Bm9lLpmPM0A/mqdefault.jpg,Pattampoochi,Sublahshini / G.V. Prakash Kumar,,,Pattampoochi Sublahshini & G.V. Prakash Kumar
2026-08-24,sg,Singapore,top_videos_daily,,17,https://i.ytimg.com/vi/-q_S27LbNKU/mqdefault.jpg,BAD,ATEEZ,"6月 25, 2026",<10K,"17 5 BAD ATEEZ 6月 25, 2026 12 58 <10K"
2026-08-24,sg,Singapore,top_videos_daily,,18,https://i.ytimg.com/vi/Gms1sdNwoC0/mqdefault.jpg,【純享版】黃子弘凡姚曉棠三搭《櫻花草》甜到“犯規”！甜嗓搭配輕快旋律 青春感直接溢出屏幕#天賜的聲音7 EP11 20260821,天賜的聲音,,20260821,【纯享版】黄子弘凡姚晓棠三搭《樱花草》甜到“犯规”！甜嗓搭配轻快旋律 青春感直接溢出屏幕#天赐的声音7 EP11 20260821 天赐的声音
2026-08-24,sg,Singapore,top_videos_daily,,19,https://i.ytimg.com/vi/Aze7zTyIRtk/mqdefault.jpg,Aura 10/10,Hiphop Tamizha,,,Aura 10/10 Hiphop Tamizha
2026-08-24,sg,Singapore,top_videos_daily,,20,https://i.ytimg.com/vi/ko70cExuzZM/mqdefault.jpg,The Fate of Ophelia,Taylor Swift,,,The Fate of Ophelia Taylor Swift
2026-08-24,sg,Singapore,top_videos_daily,,21,https://i.ytimg.com/vi/YacpC7sUXMM/mqdefault.jpg,甲乙丙丁 (你我怎麼兩清伴奏),李佳薇,,,甲乙丙丁 (你我怎麼兩清伴奏) 李佳薇
2026-08-24,sg,Singapore,top_videos_daily,,22,https://i.ytimg.com/vi/_G3Nu8q9Z9s/mqdefault.jpg,嘉賓,張遠,"6月 12, 2026",<10K,"22 13 嘉宾 张远 6月 12, 2026 9 46 <10K"
2026-08-24,sg,Singapore,top_videos_daily,,23,https://i.ytimg.com/vi/ozsKU77OWpE/mqdefault.jpg,Tom Cruise vs Evel Knievel. Epic Rap Battles Of History,Epic Rap Battles of History,,,Tom Cruise vs Evel Knievel. Epic Rap Battles Of History Epic Rap Battles of History
2026-08-24,sg,Singapore,top_videos_daily,,24,https://i.ytimg.com/vi/Qe8fa4b5xNU/mqdefault.jpg,Good Goodbye,HWASA,,,Good Goodbye HWASA
2026-08-24,sg,Singapore,top_videos_daily,,25,https://i.ytimg.com/vi/IpCYJ5VH0FU/mqdefault.jpg,Sparkle,Dru Chen / NDPeeps / Gareth Fernandez,,,"Sparkle Dru Chen , NDPeeps & Gareth Fernandez"
2026-08-24,sg,Singapore,top_videos_daily,,26,https://i.ytimg.com/vi/82-jTNka3uc/mqdefault.jpg,hate that i made you love me,Ariana Grande,,,hate that i made you love me Ariana Grande
2026-08-24,sg,Singapore,top_videos_daily,,27,https://i.ytimg.com/vi/49x5rfxmv4E/mqdefault.jpg,Karuppa Kooda Va,Sai Abhyankkar / V·M·馬哈林加姆,,,Karuppa Kooda Va Sai Abhyankkar & V·M·馬哈林加姆
2026-08-24,sg,Singapore,top_videos_daily,,28,https://i.ytimg.com/vi/983bBbJx0Mk/mqdefault.jpg,Soda Pop,Saja Boys / Andrew Choi / Neckwav / Danny Chung / KEVIN WOO / samUIL Lee / KPop Demon Hunters Cast,,,"Soda Pop Saja Boys , Andrew Choi , Neckwav , Danny Chung , KEVIN WOO , samUIL Lee & KPop Demon Hunters Cast"
2026-08-24,sg,Singapore,top_videos_daily,,29,https://i.ytimg.com/vi/27C4pfRsf9g/mqdefault.jpg,ICONIC BY MISTAKE,LE SSERAFIM / ILLIT / KATSEYE,,,"ICONIC BY MISTAKE LE SSERAFIM , ILLIT & KATSEYE"
2026-08-24,sg,Singapore,top_videos_daily,,30,https://i.ytimg.com/vi/BZ4UzthYTss/mqdefault.jpg,This & That,Stray Kids,,,This & That Stray Kids
2026-08-24,sg,Singapore,top_videos_daily,,31,https://i.ytimg.com/vi/_Vp-jCG7gno/mqdefault.jpg,God Mode,Sai Abhyankkar / Gana Muthu / Vishnu Edavan,,,"God Mode Sai Abhyankkar , Gana Muthu & Vishnu Edavan"
2026-08-24,sg,Singapore,top_videos_daily,,32,https://i.ytimg.com/vi/bMhDJ0S0OBA/mqdefault.jpg,It's Me,ILLIT,"4月 30, 2026",115,"32 1 It's Me ILLIT 4月 30, 2026 33 115 <10K"
2026-08-24,sg,Singapore,top_videos_daily,,33,https://i.ytimg.com/vi/15dxI9BPxa4/mqdefault.jpg,最後一頁 (Live),王赫野 / 姚曉棠,,,最后一页 (Live) 王赫野 & 姚晓棠
2026-08-24,sg,Singapore,top_videos_daily,,34,https://i.ytimg.com/vi/zlAjS20q9pE/mqdefault.jpg,空心 (Live),黃霄雲 / 劉端端,,,空心 (Live) 黃霄雲 & 刘端端
2026-08-24,sg,Singapore,top_videos_daily,,35,https://i.ytimg.com/vi/83C3TZ4Zm_o/mqdefault.jpg,LEMONADE,aespa,"5月 28, 2026",<10K,"35 8 LEMONADE aespa 5月 28, 2026 27 86 <10K"
2026-08-24,sg,Singapore,top_videos_daily,,36,https://i.ytimg.com/vi/sa51xggTMZs/mqdefault.jpg,Animal (Live From The Today Show/2026),KATSEYE,,2026,Animal (Live From The Today Show/2026) KATSEYE
2026-08-24,sg,Singapore,top_videos_daily,,37,https://i.ytimg.com/vi/4Bsc2uI_LsM/mqdefault.jpg,Oorum Blood,Sai Abhyankkar / Paal Dabba / Deepthi Suresh / Bebhumika,,,"Oorum Blood Sai Abhyankkar , Paal Dabba , Deepthi Suresh & Bebhumika"
2026-08-24,sg,Singapore,top_videos_daily,,38,https://i.ytimg.com/vi/6JaeasJw-QI/mqdefault.jpg,Thalapathy Kacheri,Jayanth Maadhur / Anirudh Ravichander / Arun Kaundinya / Nazeeruddin / Srinivasa Mouli,,,"Thalapathy Kacheri Jayanth Maadhur , Anirudh Ravichander , Arun Kaundinya , Nazeeruddin & Srinivasa Mouli"
2026-08-24,sg,Singapore,top_videos_daily,,39,https://i.ytimg.com/vi/K-7olbaOelg/mqdefault.jpg,MMG (My Mine Gueh),Naykilla,,,MMG (My Mine Gueh) Naykilla
2026-08-24,sg,Singapore,top_videos_daily,,40,https://i.ytimg.com/vi/3rB3n_XR23o/mqdefault.jpg,我不該動情,老闆,"7月 1, 2026",<10K,"40 8 我不該動情 老板 7月 1, 2026 32 33 <10K"
2026-08-24,sg,Singapore,top_videos_daily,,41,https://i.ytimg.com/vi/x3eqqoZPV_E/mqdefault.jpg,춤 (CHOOM),BABYMONSTER,,,춤 (CHOOM) BABYMONSTER
2026-08-24,sg,Singapore,top_videos_daily,,42,https://i.ytimg.com/vi/X1twu3ztkPU/mqdefault.jpg,Bum Baa Diga Diga - Music Video | DC | Lokesh | Sun Pictures | Anirudh | Arun Matheswaran,Heisenberg / Ritesh G Rao / Anirudh Ravichander / Asura,,,"Bum Baa Diga Diga - Music Video | DC | Lokesh | Sun Pictures | Anirudh | Arun Matheswaran Heisenberg , Ritesh G Rao , Anirudh Ravichander & Asura"
2026-08-24,sg,Singapore,top_videos_daily,,43,https://i.ytimg.com/vi/undhkaMMenU/mqdefault.jpg,Sambavakaari,Saindhavi / 肖恩·羅爾丹 / Mohan Rajan,,,"Sambavakaari Saindhavi , 肖恩·羅爾丹 & Mohan Rajan"
2026-08-24,sg,Singapore,top_videos_daily,,44,https://i.ytimg.com/vi/9OF_cF48mjA/mqdefault.jpg,Raavana Mavandaa,Anirudh Ravichander / Vivek,,,Raavana Mavandaa Anirudh Ravichander & Vivek
2026-08-24,sg,Singapore,top_videos_daily,,45,https://i.ytimg.com/vi/N0KfiOTSpxs/mqdefault.jpg,Kalyana Virundhu | DOROTHY | Full Lyrical Video | Maestro Ilaiyaraaja | Karthik Subbaraj,Sony Music South,,,Kalyana Virundhu | DOROTHY | Full Lyrical Video | Maestro Ilaiyaraaja | Karthik Subbaraj Sony Music South
2026-08-24,sg,Singapore,top_videos_daily,,46,https://i.ytimg.com/vi/8F2s8ivKXNY/mqdefault.jpg,Life Goes On,Oliver Tree,,,Life Goes On Oliver Tree
2026-08-24,sg,Singapore,top_videos_daily,,47,https://i.ytimg.com/vi/6rvUyBiBtik/mqdefault.jpg,Tera Mera Rishta,Sayeed Quadri / Mustafa Zahid / Pritam,,,"Tera Mera Rishta Sayeed Quadri , Mustafa Zahid & Pritam"
2026-08-24,sg,Singapore,top_videos_daily,,48,https://i.ytimg.com/vi/xXZwZ0DolJc/mqdefault.jpg,MOON,BABYMONSTER,,,MOON BABYMONSTER
2026-08-24,sg,Singapore,top_videos_daily,,49,https://i.ytimg.com/vi/v1t4MTqdfyI/mqdefault.jpg,hate that i made you love me,Ariana Grande,,,hate that i made you love me Ariana Grande
2026-08-24,sg,Singapore,top_videos_daily,,50,https://i.ytimg.com/vi/eB-IK2wPWzw/mqdefault.jpg,ATEEZ(에이티즈) - 'BAD' Performance Stage (@The Kelly Clarkson Show),ATEEZ,,,ATEEZ(에이티즈) - 'BAD' Performance Stage (@The Kelly Clarkson Show) ATEEZ
2026-08-24,sg,Singapore,top_videos_daily,,51,https://i.ytimg.com/vi/s3a4OQR-10M/mqdefault.jpg,Loser,Tame Impala,,,Loser Tame Impala
2026-08-24,sg,Singapore,top_videos_daily,,52,https://i.ytimg.com/vi/9cS2wv6AfHk/mqdefault.jpg,I LIKE IT,BABYMONSTER,,,I LIKE IT BABYMONSTER
2026-08-24,sg,Singapore,top_videos_daily,,53,https://i.ytimg.com/vi/A14bHx6l5CA/mqdefault.jpg,Keralanaadu | I-POPSTAR | EP 11 | Priya Jerson | Vijay Narain,Saregama Tamil,,,Keralanaadu | I-POPSTAR | EP 11 | Priya Jerson | Vijay Narain Saregama Tamil
2026-08-24,sg,Singapore,top_videos_daily,,54,https://i.ytimg.com/vi/_IT83Y_HcAw/mqdefault.jpg,Less than a Lover,JENNIE,,,Less than a Lover JENNIE
2026-08-24,sg,Singapore,top_videos_daily,,55,https://i.ytimg.com/vi/QxWoYkrgpJE/mqdefault.jpg,Nallaru po,Tippu / Sai Abhyankkar,,,Nallaru po Tippu & Sai Abhyankkar
2026-08-24,sg,Singapore,top_videos_daily,,56,https://i.ytimg.com/vi/RO75uUZiAw0/mqdefault.jpg,Teh Hijau,圖魯斯,"6月 29, 2026",<10K,"56 26 Teh Hijau 圖魯斯 6月 29, 2026 30 49 <10K"
2026-08-24,sg,Singapore,top_videos_daily,,57,https://i.ytimg.com/vi/vrY1THC_NQE/mqdefault.jpg,Champions,iShowSpeed,,,Champions iShowSpeed
2026-08-24,sg,Singapore,top_videos_daily,,58,https://i.ytimg.com/vi/uh0SpzMsZAs/mqdefault.jpg,Rex Orange County feat. Daniel Caesar - Indecision (Official Video),Rex Orange County,,,Rex Orange County feat. Daniel Caesar - Indecision (Official Video) Rex Orange County
2026-08-24,sg,Singapore,top_videos_daily,,59,https://i.ytimg.com/vi/GnSaLQTrvt0/mqdefault.jpg,Good Goodbye,HWASA,,,Good Goodbye HWASA
2026-08-24,sg,Singapore,top_videos_daily,,60,https://i.ytimg.com/vi/naoGk-Zjc1s/mqdefault.jpg,SUGAR HONEY ICE TEA,BABYMONSTER,,,SUGAR HONEY ICE TEA BABYMONSTER
2026-08-24,sg,Singapore,top_videos_daily,,61,https://i.ytimg.com/vi/Tg076GY2a-Q/mqdefault.jpg,Setsuna Hanabi,TOMORROW X TOGETHER,,,Setsuna Hanabi TOMORROW X TOGETHER
2026-08-24,sg,Singapore,top_videos_daily,,62,https://i.ytimg.com/vi/Ys7-6_t7OEQ/mqdefault.jpg,Beauty And A Beat,Justin Bieber,,,Beauty And A Beat Justin Bieber
2026-08-24,sg,Singapore,top_videos_daily,,63,https://i.ytimg.com/vi/kvzCTmwnI-A/mqdefault.jpg,Tiwikarma,K.O.I,"9月 18, 2024",<10K,"63 3 Tiwikarma K.O.I 9月 18, 2024 60 7 <10K"
2026-08-24,sg,Singapore,top_videos_daily,,64,https://i.ytimg.com/vi/6Db-cEgbmC4/mqdefault.jpg,Mi Chico,Jason Derulo,,,Mi Chico Jason Derulo
2026-08-24,sg,Singapore,top_videos_daily,,65,https://i.ytimg.com/vi/GEk4jHwfFTA/mqdefault.jpg,NORMAL,防彈少年團,"7月 18, 2026",<10K,"65 4 NORMAL 防彈少年團 7月 18, 2026 69 33 <10K"
2026-08-24,sg,Singapore,top_videos_daily,,66,https://i.ytimg.com/vi/oRdxUFDoQe0/mqdefault.jpg,Beat It,Michael Jackson,,,Beat It Michael Jackson
2026-08-24,sg,Singapore,top_videos_daily,,67,https://i.ytimg.com/vi/anhQ3fC1_hY/mqdefault.jpg,Be My Friend (The Verity Band),Horror Skunx,,,Be My Friend (The Verity Band) Horror Skunx
2026-08-24,sg,Singapore,top_videos_daily,,68,https://i.ytimg.com/vi/gIOyB9ZXn8s/mqdefault.jpg,"Into the Unknown (From ""Frozen 2"")",Idina Menzel / AURORA,,,"Into the Unknown (From ""Frozen 2"") Idina Menzel & AURORA"
2026-08-24,sg,Singapore,top_videos_daily,,69,https://i.ytimg.com/vi/jeRu6h4XbUU/mqdefault.jpg,幸福在歌唱,A-Lin,"12月 26, 2025",<10K,"69 10 幸福在歌唱 A-Lin 12月 26, 2025 79 16 <10K"
2026-08-24,sg,Singapore,top_videos_daily,,70,https://i.ytimg.com/vi/Zi_XLOBDo_Y/mqdefault.jpg,Billie Jean,Michael Jackson,,,Billie Jean Michael Jackson
2026-08-24,sg,Singapore,top_videos_daily,,71,https://i.ytimg.com/vi/U6BDbXIah-Y/mqdefault.jpg,REDRED,CORTIS,"4月 20, 2026",109,"71 18 REDRED CORTIS 4月 20, 2026 89 109 <10K"
2026-08-24,sg,Singapore,top_videos_daily,,72,https://i.ytimg.com/vi/41HePeYnydo/mqdefault.jpg,嗨！唱起來【童話】蕭敬騰Jam Hsiao X 晨悠CHENYO ⟪純享版⟫,晨悠CHENYO,,,嗨！唱起來【童話】蕭敬騰Jam Hsiao X 晨悠CHENYO ⟪純享版⟫ 晨悠CHENYO
2026-08-24,sg,Singapore,top_videos_daily,,73,https://i.ytimg.com/vi/EYDgu1KjlgQ/mqdefault.jpg,【獨家LIVE】張遠終於釋懷了！和陳冰演繹新歌《可以不是你》 #天賜的聲音5 EP8 20240614,天賜的聲音,,20240614,【独家LIVE】张远终于释怀了！和陈冰演绎新歌《可以不是你》 #天赐的声音5 EP8 20240614 天赐的声音
2026-08-24,sg,Singapore,top_videos_daily,,74,https://i.ytimg.com/vi/tQfQ5RONDno/mqdefault.jpg,【純享版】王錚亮李佳薇《循跡》高能開唱！副歌70多個字高速輸出 密集旋律挑戰演唱極限 #天賜的聲音7 EP11 20260821,天賜的聲音,,20260821,【纯享版】王铮亮李佳薇《循迹》高能开唱！副歌70多个字高速输出 密集旋律挑战演唱极限 #天赐的声音7 EP11 20260821 天赐的声音
2026-08-24,sg,Singapore,top_videos_daily,,75,https://i.ytimg.com/vi/hu_qjwqTUmg/mqdefault.jpg,Karuppa Kooda Va,Sai Abhyankkar / V·M·馬哈林加姆,,,Karuppa Kooda Va Sai Abhyankkar & V·M·馬哈林加姆
2026-08-24,sg,Singapore,top_videos_daily,,76,https://i.ytimg.com/vi/Gnn4GRSzRXI/mqdefault.jpg,BOOMPALA,LE SSERAFIM,,,BOOMPALA LE SSERAFIM
2026-08-24,sg,Singapore,top_videos_daily,,77,https://i.ytimg.com/vi/0ijm2Xui5N8/mqdefault.jpg,Ain't In LA,ADÉLA,,,Ain't In LA ADÉLA
2026-08-24,sg,Singapore,top_videos_daily,,78,https://i.ytimg.com/vi/rfza9kCybEs/mqdefault.jpg,The Wedding Song,Suriya,,,The Wedding Song Suriya
2026-08-24,sg,Singapore,top_videos_daily,,79,https://i.ytimg.com/vi/drSzrllCX4U/mqdefault.jpg,當你｜抒情R&B｜深情對唱｜好喜歡你知不知道,格雷樂團-Grey,,,当你｜抒情R&B｜深情对唱｜好喜欢你知不知道 格雷乐团-Grey
2026-08-24,sg,Singapore,top_videos_daily,,80,https://i.ytimg.com/vi/osyH9yWWygA/mqdefault.jpg,All For You,周興哲,"7月 16, 2026",<10K,"80 12 All For You 周興哲 7月 16, 2026 68 35 <10K"
2026-08-24,sg,Singapore,top_videos_daily,,81,https://i.ytimg.com/vi/2rA2K0gwjoo/mqdefault.jpg,ICONIC BY MISTAKE,ILLIT / LE SSERAFIM / KATSEYE,,,"ICONIC BY MISTAKE ILLIT , LE SSERAFIM & KATSEYE"
2026-08-24,sg,Singapore,top_videos_daily,,82,https://i.ytimg.com/vi/F2m4HPLvj-4/mqdefault.jpg,Jaiye Sajana,雅斯文·桑德拉斯 / 施廷德·薩爾塔 / 沙赫瓦特·薩赫迪夫,,,"Jaiye Sajana 雅斯文·桑德拉斯 , 施廷德·薩爾塔 & 沙赫瓦特·薩赫迪夫"
2026-08-24,sg,Singapore,top_videos_daily,,83,https://i.ytimg.com/vi/Rt9tW3cMLhI/mqdefault.jpg,stupid song,Olivia Rodrigo,,,stupid song Olivia Rodrigo
2026-08-24,sg,Singapore,top_videos_daily,,84,https://i.ytimg.com/vi/eS60B20HFP4/mqdefault.jpg,【純享版】付辛博姜潮對唱《天后》！兩個男聲把苦情歌唱到“發狠了忘情了” 高潮更是情緒拉滿唱盡愛而不得的痛 #天賜的聲音7 EP10 20260814,天賜的聲音,,20260814,【纯享版】付辛博姜潮对唱《天后》！两个男声把苦情歌唱到“发狠了忘情了” 高潮更是情绪拉满唱尽爱而不得的痛 #天赐的声音7 EP10 20260814 天赐的声音
2026-08-24,sg,Singapore,top_videos_daily,,85,https://i.ytimg.com/vi/0GnA8VYOfko/mqdefault.jpg,Gut Genug,KITSCHKRIEG / Blumengarten / 希琳·大衛,,,"Gut Genug KITSCHKRIEG , Blumengarten & 希琳·大衛"
2026-08-24,sg,Singapore,top_videos_daily,,86,https://i.ytimg.com/vi/SH9yExKE8bI/mqdefault.jpg,弦外之音 - 捨不得又沒資格 (男女合唱版）『想放棄又難割捨，想靠近又沒資格。』【動態歌詞MV】,HOT MUSIC,,,弦外之音 - 舍不得又没资格 (男女合唱版）『想放弃又难割舍，想靠近又没资格。』【动态歌词MV】 HOT MUSIC
2026-08-24,sg,Singapore,top_videos_daily,,87,https://i.ytimg.com/vi/T--M_M2NvhM/mqdefault.jpg,Meteor Rain (Live),相信音樂BinMusic,,,Meteor Rain (Live) 相信音樂BinMusic
2026-08-24,sg,Singapore,top_videos_daily,,88,https://i.ytimg.com/vi/lx5k7yHTbbM/mqdefault.jpg,Raathu Raasan,Sai Abhyankkar / V.M. Mahalingam / Paal Dabba / Vivek,,,"Raathu Raasan Sai Abhyankkar , V.M. Mahalingam , Paal Dabba & Vivek"
2026-08-24,sg,Singapore,top_videos_daily,,89,https://i.ytimg.com/vi/DIUiPohDYOs/mqdefault.jpg,"otakotak, AH BENG GOR GOR, Shelhiel, Mulan Theory - CIVIC OR MYVI",Mulan Theory,,,"otakotak, AH BENG GOR GOR, Shelhiel, Mulan Theory - CIVIC OR MYVI Mulan Theory"
2026-08-24,sg,Singapore,top_videos_daily,,90,https://i.ytimg.com/vi/lpPccyGOPOU/mqdefault.jpg,她已不再是那個女孩,DIOR 大穎,,,她已不再是那個女孩 DIOR 大穎
2026-08-24,sg,Singapore,top_videos_daily,,91,https://i.ytimg.com/vi/d88V78UDUlo/mqdefault.jpg,Thangame Thangame,Thaman S / D Dheeraj / Vivek,,,"Thangame Thangame Thaman S , D Dheeraj & Vivek"
2026-08-24,sg,Singapore,top_videos_daily,,92,https://i.ytimg.com/vi/y_sILJY8wus/mqdefault.jpg,我不難過 (Live),Nana Ou-Yang / 劉雨昕 XIN LIU,,,我不难过 (Live) Nana Ou-Yang & 劉雨昕 XIN LIU
2026-08-24,sg,Singapore,top_videos_daily,,93,https://i.ytimg.com/vi/JRfuAukYTKg/mqdefault.jpg,Titanium,David Guetta,,,Titanium David Guetta
2026-08-24,sg,Singapore,top_videos_daily,,94,https://i.ytimg.com/vi/qN4ooNx77u0/mqdefault.jpg,Sign of the Times,Harry Styles,,,Sign of the Times Harry Styles
2026-08-24,sg,Singapore,top_videos_daily,,95,https://i.ytimg.com/vi/MzCbEdtNbJ0/mqdefault.jpg,HARU HARU(하루하루),BIGBANG,,,HARU HARU(하루하루) BIGBANG
2026-08-24,sg,Singapore,top_videos_daily,,96,https://i.ytimg.com/vi/U2waT9TxPU0/mqdefault.jpg,Low,Flo Rida,"10月 26, 2009",<10K,"96 2 Low Flo Rida 10月 26, 2009 94 37 <10K"
2026-08-24,sg,Singapore,top_videos_daily,,97,https://i.ytimg.com/vi/ZpZZvIOcdwE/mqdefault.jpg,Pavazha Malli,Sai Abhyankkar / 施露蒂·哈桑 / Vivek,,,"Pavazha Malli Sai Abhyankkar , 施露蒂·哈桑 & Vivek"
2026-08-24,sg,Singapore,top_videos_daily,,98,https://i.ytimg.com/vi/gS9o1FAszdk/mqdefault.jpg,The Man Who Can’t Be Moved,The Script,,,The Man Who Can’t Be Moved The Script
2026-08-24,sg,Singapore,top_videos_daily,,99,https://i.ytimg.com/vi/Q6978DnF8C4/mqdefault.jpg,FREAKED OUT,Fat Papi / prodshushy,,,FREAKED OUT Fat Papi & prodshushy
2026-08-24,sg,Singapore,top_videos_daily,,100,https://i.ytimg.com/vi/78wrful9cVU/mqdefault.jpg,drop dead,Olivia Rodrigo,,,drop dead Olivia Rodrigo
2026-08-24,my,Malaysia,top_videos_daily,,1,https://i.ytimg.com/vi/RO75uUZiAw0/mqdefault.jpg,Teh Hijau,圖魯斯,"6月 29, 2026",227000,"1 ● Teh Hijau 圖魯斯 6月 29, 2026 1 48 227,000"
2026-08-24,my,Malaysia,top_videos_daily,,2,https://i.ytimg.com/vi/kvzCTmwnI-A/mqdefault.jpg,Tiwikarma,K.O.I,"9月 18, 2024",134916,"2 ● Tiwikarma K.O.I 9月 18, 2024 2 10 134,916"
2026-08-24,my,Malaysia,top_videos_daily,,3,https://i.ytimg.com/vi/cDee7SZwtbk/mqdefault.jpg,Adek Saye Abe Sore,Adek Saye Abe Sore,,,Adek Saye Abe Sore Adek Saye Abe Sore
2026-08-24,my,Malaysia,top_videos_daily,,4,https://i.ytimg.com/vi/acDzcefJoCs/mqdefault.jpg,Dari Bawah,EzHaRHaNzE,,,Dari Bawah EzHaRHaNzE
2026-08-24,my,Malaysia,top_videos_daily,,5,https://i.ytimg.com/vi/K-7olbaOelg/mqdefault.jpg,MMG (My Mine Gueh),Naykilla,,,MMG (My Mine Gueh) Naykilla
2026-08-24,my,Malaysia,top_videos_daily,,6,https://i.ytimg.com/vi/fcnDmrtj6Sk/mqdefault.jpg,Dai Dai,Shakira / Burna Boy,,,Dai Dai Shakira & Burna Boy
2026-08-24,my,Malaysia,top_videos_daily,,7,https://i.ytimg.com/vi/MT-4Bk1Lw8g/mqdefault.jpg,ENHYPEN (엔하이픈) 'Bloody Paradise' Official MV,HYBE LABELS,,,ENHYPEN (엔하이픈) 'Bloody Paradise' Official MV HYBE LABELS
2026-08-24,my,Malaysia,top_videos_daily,,8,https://i.ytimg.com/vi/GTzi2Y1gX2c/mqdefault.jpg,Sayang Orang Sama,Sayang Orang Sama,,,Sayang Orang Sama Sayang Orang Sama
2026-08-24,my,Malaysia,top_videos_daily,,9,https://i.ytimg.com/vi/L8ZnXgbyUuc/mqdefault.jpg,BIGBANG - ‘BiiiG’ M/V,BIGBANG,,,BIGBANG - ‘BiiiG’ M/V BIGBANG
2026-08-24,my,Malaysia,top_videos_daily,,10,https://i.ytimg.com/vi/7qnjiZ_jJuU/mqdefault.jpg,Dalam Diam,Mojack Hafiz / Zynakal / Zamir Harith / Bel Janni,,,"Dalam Diam Mojack Hafiz , Zynakal , Zamir Harith & Bel Janni"
2026-08-24,my,Malaysia,top_videos_daily,,11,https://i.ytimg.com/vi/__Pb1fO2H2A/mqdefault.jpg,Kita Lewati Berdua,overnight,,,Kita Lewati Berdua overnight
2026-08-24,my,Malaysia,top_videos_daily,,12,https://i.ytimg.com/vi/yebNIHKAC4A/mqdefault.jpg,Golden,HUNTR/X / EJAE / AUDREY NUNA / REI AMI / KPop Demon Hunters Cast,,,"Golden HUNTR/X , EJAE , AUDREY NUNA , REI AMI & KPop Demon Hunters Cast"
2026-08-24,my,Malaysia,top_videos_daily,,13,https://i.ytimg.com/vi/SEiUqNmtIy8/mqdefault.jpg,MERAMPAU - ALEX WAN ( OFFICIAL MUSIC VIDEO,Twin Tone Production Sdn Bhd,,,MERAMPAU - ALEX WAN ( OFFICIAL MUSIC VIDEO ) Twin Tone Production Sdn Bhd
2026-08-24,my,Malaysia,top_videos_daily,,14,https://i.ytimg.com/vi/ApXoWvfEYVU/mqdefault.jpg,Sunflower,Post Malone / Swae Lee,,,Sunflower Post Malone & Swae Lee
2026-08-24,my,Malaysia,top_videos_daily,,15,https://i.ytimg.com/vi/YJnbL_AkLF0/mqdefault.jpg,Menjaga Jodoh Orang Lain (Official Lyric Video),Ara Johari,,,Menjaga Jodoh Orang Lain (Official Lyric Video) Ara Johari
2026-08-24,my,Malaysia,top_videos_daily,,16,https://i.ytimg.com/vi/0VOhIR3bnXY/mqdefault.jpg,ORANG BARU LEBE GACOR,Ecko Show / Juan Reza / CHESYLINO,,,"ORANG BARU LEBE GACOR Ecko Show , Juan Reza & CHESYLINO"
2026-08-24,my,Malaysia,top_videos_daily,,17,https://i.ytimg.com/vi/7H1ObJvb7Hc/mqdefault.jpg,【純享版】張碧晨侯明昊老友重逢卻唱盡痛心！演繹李佳薇新歌《甲乙丙丁》 深情對唱層層遞進 將遺憾與不捨唱到極致 #天賜的聲音7 EP11 20260821,天賜的聲音,,20260821,【纯享版】张碧晨侯明昊老友重逢却唱尽痛心！演绎李佳薇新歌《甲乙丙丁》 深情对唱层层递进 将遗憾与不舍唱到极致 #天赐的声音7 EP11 20260821 天赐的声音
2026-08-24,my,Malaysia,top_videos_daily,,18,https://i.ytimg.com/vi/7VsejGzcJmM/mqdefault.jpg,Alaakaa Loova,Sai Abhyankkar,,,Alaakaa Loova Sai Abhyankkar
2026-08-24,my,Malaysia,top_videos_daily,,19,https://i.ytimg.com/vi/xvT1jH8B9AM/mqdefault.jpg,KALYANI (Remix),ARJN / KDS / FIFTY4 / 舒蕾亞·戈沙爾,,,"KALYANI (Remix) ARJN , KDS , FIFTY4 & 舒蕾亞·戈沙爾"
2026-08-24,my,Malaysia,top_videos_daily,,20,https://i.ytimg.com/vi/T48XTvKkdf8/mqdefault.jpg,Ku Yang Berjuang,Danial Kifli,,,Ku Yang Berjuang Danial Kifli
2026-08-24,my,Malaysia,top_videos_daily,,21,https://i.ytimg.com/vi/E06Rs0JxRGw/mqdefault.jpg,Cak Cak Cekuk,Wani Kayrie,,,Cak Cak Cekuk Wani Kayrie
2026-08-24,my,Malaysia,top_videos_daily,,22,https://i.ytimg.com/vi/yvsLPs7l6bY/mqdefault.jpg,Meligai Pengerindu,Igu Anthony,,,Meligai Pengerindu Igu Anthony
2026-08-24,my,Malaysia,top_videos_daily,,23,https://i.ytimg.com/vi/is8UDe2PhKQ/mqdefault.jpg,KATSEYE (캣츠아이) 'Hootie Frutti' Official MV,KATSEYE,,,KATSEYE (캣츠아이) 'Hootie Frutti' Official MV KATSEYE
2026-08-24,my,Malaysia,top_videos_daily,,24,https://i.ytimg.com/vi/oIDeGj83us8/mqdefault.jpg,MALAYSIA,法依扎爾·塔基爾,,,MALAYSIA 法依扎爾·塔基爾
2026-08-24,my,Malaysia,top_videos_daily,,25,https://i.ytimg.com/vi/Bc8adYe0KwA/mqdefault.jpg,Rindu Bercinta - Apau Qhaliff ( Official Muzik Video,Awal Muzik,,,Rindu Bercinta - Apau Qhaliff ( Official Muzik Video ) Awal Muzik
2026-08-24,my,Malaysia,top_videos_daily,,26,https://i.ytimg.com/vi/awWKxGftWh4/mqdefault.jpg,Dunia Yang Nanti,Raim Laode,,,Dunia Yang Nanti Raim Laode
2026-08-24,my,Malaysia,top_videos_daily,,27,https://i.ytimg.com/vi/s5stGs1ktQc/mqdefault.jpg,Romantis (Official Music Video),Spring,,,Romantis (Official Music Video) Spring
2026-08-24,my,Malaysia,top_videos_daily,,28,https://i.ytimg.com/vi/fLdVq8n-KQg/mqdefault.jpg,Astaga Bercanda,Akbar Chalay / Mingse,,,Astaga Bercanda Akbar Chalay & Mingse
2026-08-24,my,Malaysia,top_videos_daily,,29,https://i.ytimg.com/vi/b68HETiNO98/mqdefault.jpg,Pavazha Malli,Sai Abhyankkar / Shruti Haasan,,,Pavazha Malli Sai Abhyankkar & Shruti Haasan
2026-08-24,my,Malaysia,top_videos_daily,,30,https://i.ytimg.com/vi/x6E_Qj30EZI/mqdefault.jpg,Aishiteru,Zivilia,,,Aishiteru Zivilia
2026-08-24,my,Malaysia,top_videos_daily,,31,https://i.ytimg.com/vi/iY4Xa1srECs/mqdefault.jpg,Kehilanganmu Berat Bagiku,Kangen Band,,,Kehilanganmu Berat Bagiku Kangen Band
2026-08-24,my,Malaysia,top_videos_daily,,32,https://i.ytimg.com/vi/N2q8_schirM/mqdefault.jpg,Demi Sekeping Kertas,Latipah,,,Demi Sekeping Kertas Latipah
2026-08-24,my,Malaysia,top_videos_daily,,33,https://i.ytimg.com/vi/qlFuXWRRsxU/mqdefault.jpg,Jodoh Lebaran,Aisha Retno,,,Jodoh Lebaran Aisha Retno
2026-08-24,my,Malaysia,top_videos_daily,,34,https://i.ytimg.com/vi/Bm9lLpmPM0A/mqdefault.jpg,Pattampoochi,Sublahshini / G.V. Prakash Kumar,,,Pattampoochi Sublahshini & G.V. Prakash Kumar
2026-08-24,my,Malaysia,top_videos_daily,,35,https://i.ytimg.com/vi/M7oZR-MTEZs/mqdefault.jpg,Iqro',Raim Laode,,,Iqro' Raim Laode
2026-08-24,my,Malaysia,top_videos_daily,,36,https://i.ytimg.com/vi/8yl0BUvnsfY/mqdefault.jpg,Mekar Di Jiwa,X-Ray,,,Mekar Di Jiwa X-Ray
2026-08-24,my,Malaysia,top_videos_daily,,37,https://i.ytimg.com/vi/uo94JrbCebA/mqdefault.jpg,Sanggup Aku,Gwen,,,Sanggup Aku Gwen
2026-08-24,my,Malaysia,top_videos_daily,,38,https://i.ytimg.com/vi/Aze7zTyIRtk/mqdefault.jpg,Aura 10/10,Hiphop Tamizha,,,Aura 10/10 Hiphop Tamizha
2026-08-24,my,Malaysia,top_videos_daily,,39,https://i.ytimg.com/vi/zjxO40VrMZA/mqdefault.jpg,Jiwa Yang Mengalah,Bellestrelle,,,Jiwa Yang Mengalah Bellestrelle
2026-08-24,my,Malaysia,top_videos_daily,,40,https://i.ytimg.com/vi/38_bAaFI41w/mqdefault.jpg,Don't Force Your Longing,Ifan Seventeen,,,Don't Force Your Longing Ifan Seventeen
2026-08-24,my,Malaysia,top_videos_daily,,41,https://i.ytimg.com/vi/-q_S27LbNKU/mqdefault.jpg,BAD,ATEEZ,"6月 25, 2026",38441,"41 5 BAD ATEEZ 6月 25, 2026 36 56 38,441"
2026-08-24,my,Malaysia,top_videos_daily,,42,https://i.ytimg.com/vi/s_w6P5aWVgc/mqdefault.jpg,Punca,Sofazr SecondPlan,,,Punca Sofazr SecondPlan
2026-08-24,my,Malaysia,top_videos_daily,,43,https://i.ytimg.com/vi/cmICctnAWCY/mqdefault.jpg,kota ini tak sama tanpamu,Nadhif Basalamah,,,kota ini tak sama tanpamu Nadhif Basalamah
2026-08-24,my,Malaysia,top_videos_daily,,44,https://i.ytimg.com/vi/fMiH9F7O9eM/mqdefault.jpg,Tak Adil,Aisha Retno,,,Tak Adil Aisha Retno
2026-08-24,my,Malaysia,top_videos_daily,,45,https://i.ytimg.com/vi/tjaNVjpyqQI/mqdefault.jpg,Farhana (Puteri Bumi Kenyalang),Jinbara,,,Farhana (Puteri Bumi Kenyalang) Jinbara
2026-08-24,my,Malaysia,top_videos_daily,,46,https://i.ytimg.com/vi/q_VCud5ZQSM/mqdefault.jpg,Bungai Pinang | Rickie Andrewson ( OFFICIAL MV,Assapai Entertainment,,,Bungai Pinang | Rickie Andrewson ( OFFICIAL MV ) Assapai Entertainment
2026-08-24,my,Malaysia,top_videos_daily,,47,https://i.ytimg.com/vi/8F2s8ivKXNY/mqdefault.jpg,Life Goes On,Oliver Tree,,,Life Goes On Oliver Tree
2026-08-24,my,Malaysia,top_videos_daily,,48,https://i.ytimg.com/vi/ko70cExuzZM/mqdefault.jpg,The Fate of Ophelia,Taylor Swift,,,The Fate of Ophelia Taylor Swift
2026-08-24,my,Malaysia,top_videos_daily,,49,https://i.ytimg.com/vi/Xq1OAd0UqZc/mqdefault.jpg,Memorindu - Arghpiez ft. Edrie Hashim (Official Music Video),Rhunut Music,,,Memorindu - Arghpiez ft. Edrie Hashim (Official Music Video) Rhunut Music
2026-08-24,my,Malaysia,top_videos_daily,,50,https://i.ytimg.com/vi/qXzn-HHT4D4/mqdefault.jpg,Butakah Cinta,Spring,,,Butakah Cinta Spring
2026-08-24,my,Malaysia,top_videos_daily,,51,https://i.ytimg.com/vi/ConUwSndl6Y/mqdefault.jpg,Cinta Mati,Apau Qhaliff,,,Cinta Mati Apau Qhaliff
2026-08-24,my,Malaysia,top_videos_daily,,52,https://i.ytimg.com/vi/OErndIcI8gE/mqdefault.jpg,Alamak,Rizky Febian / Adrian Khalif,,,Alamak Rizky Febian & Adrian Khalif
2026-08-24,my,Malaysia,top_videos_daily,,53,https://i.ytimg.com/vi/anhQ3fC1_hY/mqdefault.jpg,Be My Friend (The Verity Band),Horror Skunx,,,Be My Friend (The Verity Band) Horror Skunx
2026-08-24,my,Malaysia,top_videos_daily,,54,https://i.ytimg.com/vi/dAevFxbfqkU/mqdefault.jpg,Syahriyadi - Gadis Manis Kalimantan (Official Music Video),Syahriyadi,,,Syahriyadi - Gadis Manis Kalimantan (Official Music Video) Syahriyadi
2026-08-24,my,Malaysia,top_videos_daily,,55,https://i.ytimg.com/vi/82-jTNka3uc/mqdefault.jpg,hate that i made you love me,Ariana Grande,,,hate that i made you love me Ariana Grande
2026-08-24,my,Malaysia,top_videos_daily,,56,https://i.ytimg.com/vi/zyLmavBAY7k/mqdefault.jpg,Teh Hijau,圖魯斯,"7月 10, 2026",28090,"56 4 Teh Hijau 圖魯斯 7月 10, 2026 52 20 28,090"
2026-08-24,my,Malaysia,top_videos_daily,,57,https://i.ytimg.com/vi/m7k9UMcHbr0/mqdefault.jpg,"KATSEYE (캣츠아이) ""Animal"" Official MV",KATSEYE,,,"KATSEYE (캣츠아이) ""Animal"" Official MV KATSEYE"
2026-08-24,my,Malaysia,top_videos_daily,,58,https://i.ytimg.com/vi/yY15MJ-cIEA/mqdefault.jpg,AUTO MERINDING! 🥀 Bukan Aku Tak Cinta - Iklim | Cover Slowrock Nyesek Bang Brokey ft Syariva,Bang Brokey,,,AUTO MERINDING! 🥀 Bukan Aku Tak Cinta - Iklim | Cover Slowrock Nyesek Bang Brokey ft Syariva Bang Brokey
2026-08-24,my,Malaysia,top_videos_daily,,59,https://i.ytimg.com/vi/ba-XAIskH_g/mqdefault.jpg,Lantas,Juicy Luicy,,,Lantas Juicy Luicy
2026-08-24,my,Malaysia,top_videos_daily,,60,https://i.ytimg.com/vi/6JaeasJw-QI/mqdefault.jpg,Thalapathy Kacheri,Jayanth Maadhur / Anirudh Ravichander / Arun Kaundinya / Nazeeruddin / Srinivasa Mouli,,,"Thalapathy Kacheri Jayanth Maadhur , Anirudh Ravichander , Arun Kaundinya , Nazeeruddin & Srinivasa Mouli"
2026-08-24,my,Malaysia,top_videos_daily,,61,https://i.ytimg.com/vi/OT5msu-dap8/mqdefault.jpg,Shape Of My Heart,Backstreet Boys,,,Shape Of My Heart Backstreet Boys
2026-08-24,my,Malaysia,top_videos_daily,,62,https://i.ytimg.com/vi/fyUrt-ibnsM/mqdefault.jpg,Syasya Rizal - DIFFERENT (Official Music Video),Syasya Rizal,,,Syasya Rizal - DIFFERENT (Official Music Video) Syasya Rizal
2026-08-24,my,Malaysia,top_videos_daily,,63,https://i.ytimg.com/vi/49x5rfxmv4E/mqdefault.jpg,Karuppa Kooda Va,Sai Abhyankkar / V·M·馬哈林加姆,,,Karuppa Kooda Va Sai Abhyankkar & V·M·馬哈林加姆
2026-08-24,my,Malaysia,top_videos_daily,,64,https://i.ytimg.com/vi/mapIOhPtifo/mqdefault.jpg,Sejiwa,Spring,"8月 2, 2020",24676,"64 1 Sejiwa Spring 8月 2, 2020 63 82 24,676"
2026-08-24,my,Malaysia,top_videos_daily,,65,https://i.ytimg.com/vi/_Vp-jCG7gno/mqdefault.jpg,God Mode,Sai Abhyankkar / Gana Muthu / Vishnu Edavan,,,"God Mode Sai Abhyankkar , Gana Muthu & Vishnu Edavan"
2026-08-24,my,Malaysia,top_videos_daily,,66,https://i.ytimg.com/vi/0SbnqsQInqE/mqdefault.jpg,MUTIARA,Ipank / Kintani,,,MUTIARA Ipank & Kintani
2026-08-24,my,Malaysia,top_videos_daily,,67,https://i.ytimg.com/vi/VNuzL5GTK1g/mqdefault.jpg,Menanti janji,Ronnie Hussien,,,Menanti janji Ronnie Hussien
2026-08-24,my,Malaysia,top_videos_daily,,68,https://i.ytimg.com/vi/fIe8MoThFsA/mqdefault.jpg,Ku Di Halaman Rindu,Lefthanded,,,Ku Di Halaman Rindu Lefthanded
2026-08-24,my,Malaysia,top_videos_daily,,69,https://i.ytimg.com/vi/EUapGKnq_tk/mqdefault.jpg,Kasih Orang Muda,飛輪海,,,Kasih Orang Muda 飛輪海
2026-08-24,my,Malaysia,top_videos_daily,,70,https://i.ytimg.com/vi/-sRB7kIJ2uw/mqdefault.jpg,Aku Diam Aku Tahu,Andak_13Ai,,,Aku Diam Aku Tahu Andak_13Ai
2026-08-24,my,Malaysia,top_videos_daily,,71,https://i.ytimg.com/vi/wPb_miODtDI/mqdefault.jpg,Astaga Bercanda,Akbar Chalay / Mingse,,,Astaga Bercanda Akbar Chalay & Mingse
2026-08-24,my,Malaysia,top_videos_daily,,72,https://i.ytimg.com/vi/Q9D_5C0Xhd8/mqdefault.jpg,Kaban Sampai Mati,Watt Rock,,,Kaban Sampai Mati Watt Rock
2026-08-24,my,Malaysia,top_videos_daily,,73,https://i.ytimg.com/vi/YacpC7sUXMM/mqdefault.jpg,甲乙丙丁 (你我怎麼兩清伴奏),李佳薇,,,甲乙丙丁 (你我怎麼兩清伴奏) 李佳薇
2026-08-24,my,Malaysia,top_videos_daily,,74,https://i.ytimg.com/vi/v1t4MTqdfyI/mqdefault.jpg,hate that i made you love me,Ariana Grande,,,hate that i made you love me Ariana Grande
2026-08-24,my,Malaysia,top_videos_daily,,75,https://i.ytimg.com/vi/igALsfpS4BA/mqdefault.jpg,Bunga,Exists,"9月 8, 2020",21818,"75 9 Bunga Exists 9月 8, 2020 66 20 21,818"
2026-08-24,my,Malaysia,top_videos_daily,,76,https://i.ytimg.com/vi/bMhDJ0S0OBA/mqdefault.jpg,It's Me,ILLIT,"4月 30, 2026",21327,"76 76 It's Me ILLIT 4月 30, 2026 - 101 21,327"
2026-08-24,my,Malaysia,top_videos_daily,,77,https://i.ytimg.com/vi/mzAwKKRGXSk/mqdefault.jpg,James Arthur - Impossible (Lyrics),Dan Music,,,James Arthur - Impossible (Lyrics) Dan Music
2026-08-24,my,Malaysia,top_videos_daily,,78,https://i.ytimg.com/vi/Nskf70DMR60/mqdefault.jpg,Sesi Potret,eńau,,,Sesi Potret eńau
2026-08-24,my,Malaysia,top_videos_daily,,79,https://i.ytimg.com/vi/k_V8Xfkhd_Y/mqdefault.jpg,Tersingkap Kini Rahsia Tersembunyi,Kulit,,,Tersingkap Kini Rahsia Tersembunyi Kulit
2026-08-24,my,Malaysia,top_videos_daily,,80,https://i.ytimg.com/vi/QxWoYkrgpJE/mqdefault.jpg,Nallaru po,Tippu / Sai Abhyankkar,,,Nallaru po Tippu & Sai Abhyankkar
2026-08-24,my,Malaysia,top_videos_daily,,81,https://i.ytimg.com/vi/x3eqqoZPV_E/mqdefault.jpg,춤 (CHOOM),BABYMONSTER,,,춤 (CHOOM) BABYMONSTER
2026-08-24,my,Malaysia,top_videos_daily,,82,https://i.ytimg.com/vi/0db5IV8ODz8/mqdefault.jpg,Terasing,Naim Daniel / Iman Troye,,,Terasing Naim Daniel & Iman Troye
2026-08-24,my,Malaysia,top_videos_daily,,83,https://i.ytimg.com/vi/3DcoC8p9az8/mqdefault.jpg,Training Season (Live),Dua Lipa,,,Training Season (Live) Dua Lipa
2026-08-24,my,Malaysia,top_videos_daily,,84,https://i.ytimg.com/vi/bz63pYKCS7w/mqdefault.jpg,Khalifah - Siapa Laia (Official Lyric Video),Khalifah,,,Khalifah - Siapa Laia (Official Lyric Video) Khalifah
2026-08-24,my,Malaysia,top_videos_daily,,85,https://i.ytimg.com/vi/DIUiPohDYOs/mqdefault.jpg,"otakotak, AH BENG GOR GOR, Shelhiel, Mulan Theory - CIVIC OR MYVI",Mulan Theory,,,"otakotak, AH BENG GOR GOR, Shelhiel, Mulan Theory - CIVIC OR MYVI Mulan Theory"
2026-08-24,my,Malaysia,top_videos_daily,,86,https://i.ytimg.com/vi/CnF6B2UJ3YA/mqdefault.jpg,Bourgenvilla (Official Music Video),Spring,,,Bourgenvilla (Official Music Video) Spring
2026-08-24,my,Malaysia,top_videos_daily,,87,https://i.ytimg.com/vi/BZ4UzthYTss/mqdefault.jpg,This & That,Stray Kids,,,This & That Stray Kids
2026-08-24,my,Malaysia,top_videos_daily,,88,https://i.ytimg.com/vi/FB5-rPa5wBA/mqdefault.jpg,玻璃,Gareth.T,"5月 20, 2026",19275,"88 6 玻璃 Gareth.T 5月 20, 2026 82 84 19,275"
2026-08-24,my,Malaysia,top_videos_daily,,89,https://i.ytimg.com/vi/fwK7ggA3-bU/mqdefault.jpg,One More Night,Maroon 5,,,One More Night Maroon 5
2026-08-24,my,Malaysia,top_videos_daily,,90,https://i.ytimg.com/vi/uLw_lzE32Gg/mqdefault.jpg,Bukan Mudah - Nukilan featuring Malique,Qarma Studios,,,Bukan Mudah - Nukilan featuring Malique Qarma Studios
2026-08-24,my,Malaysia,top_videos_daily,,91,https://i.ytimg.com/vi/27C4pfRsf9g/mqdefault.jpg,ICONIC BY MISTAKE,LE SSERAFIM / ILLIT / KATSEYE,,,"ICONIC BY MISTAKE LE SSERAFIM , ILLIT & KATSEYE"
2026-08-24,my,Malaysia,top_videos_daily,,92,https://i.ytimg.com/vi/GU8WVdRqy58/mqdefault.jpg,Meta Dergama,K.O.I,,,Meta Dergama K.O.I
2026-08-24,my,Malaysia,top_videos_daily,,93,https://i.ytimg.com/vi/PIh2xe4jnpk/mqdefault.jpg,Rude,MAGIC!,"12月 5, 2013",18597,"93 10 Rude MAGIC! 12月 5, 2013 83 12 18,597"
2026-08-24,my,Malaysia,top_videos_daily,,94,https://i.ytimg.com/vi/MrTz5xjmso4/mqdefault.jpg,Beautiful Girls,Sean Kingston,,,Beautiful Girls Sean Kingston
2026-08-24,my,Malaysia,top_videos_daily,,95,https://i.ytimg.com/vi/vCIpDmRvBcM/mqdefault.jpg,Doaku Untukmu Sayang,Wali,,,Doaku Untukmu Sayang Wali
2026-08-24,my,Malaysia,top_videos_daily,,96,https://i.ytimg.com/vi/AByfaYcOm4A/mqdefault.jpg,Heart Attack (Official Video),Demi Lovato,,,Heart Attack (Official Video) Demi Lovato
2026-08-24,my,Malaysia,top_videos_daily,,97,https://i.ytimg.com/vi/9OF_cF48mjA/mqdefault.jpg,Raavana Mavandaa,Anirudh Ravichander / Vivek,,,Raavana Mavandaa Anirudh Ravichander & Vivek
2026-08-24,my,Malaysia,top_videos_daily,,98,https://i.ytimg.com/vi/Gms1sdNwoC0/mqdefault.jpg,【純享版】黃子弘凡姚曉棠三搭《櫻花草》甜到“犯規”！甜嗓搭配輕快旋律 青春感直接溢出屏幕#天賜的聲音7 EP11 20260821,天賜的聲音,,20260821,【纯享版】黄子弘凡姚晓棠三搭《樱花草》甜到“犯规”！甜嗓搭配轻快旋律 青春感直接溢出屏幕#天赐的声音7 EP11 20260821 天赐的声音
2026-08-24,my,Malaysia,top_videos_daily,,99,https://i.ytimg.com/vi/X1twu3ztkPU/mqdefault.jpg,Bum Baa Diga Diga - Music Video | DC | Lokesh | Sun Pictures | Anirudh | Arun Matheswaran,Heisenberg / Ritesh G Rao / Anirudh Ravichander / Asura,,,"Bum Baa Diga Diga - Music Video | DC | Lokesh | Sun Pictures | Anirudh | Arun Matheswaran Heisenberg , Ritesh G Rao , Anirudh Ravichander & Asura"
2026-08-24,my,Malaysia,top_videos_daily,,100,https://i.ytimg.com/vi/s9NoBV_7yVI/mqdefault.jpg,Bukti,Virgoun,"9月 19, 2017",18289,"100 11 Bukti Virgoun 9月 19, 2017 89 20 18,289"