captured_date,market,market_name,chart,period_suffix,rank,image_url,primary_name,secondary_name,release_date,metric_value,raw_text
2026-08-13,global,Global,top_videos_daily,,1,https://i.ytimg.com/vi/fcnDmrtj6Sk/mqdefault.jpg,Dai Dai,Shakira / Burna Boy,,,Dai Dai Shakira & Burna Boy
2026-08-13,global,Global,top_videos_daily,,2,https://i.ytimg.com/vi/xvT1jH8B9AM/mqdefault.jpg,KALYANI (Remix),ARJN / KDS / FIFTY4 / 舒蕾亞·戈沙爾,,,"KALYANI (Remix) ARJN , KDS , FIFTY4 & 舒蕾亞·戈沙爾"
2026-08-13,global,Global,top_videos_daily,,3,https://i.ytimg.com/vi/yebNIHKAC4A/mqdefault.jpg,Golden,HUNTR/X / EJAE / AUDREY NUNA / REI AMI / KPop Demon Hunters Cast,,,"Golden HUNTR/X , EJAE , AUDREY NUNA , REI AMI & KPop Demon Hunters Cast"
2026-08-13,global,Global,top_videos_daily,,4,https://i.ytimg.com/vi/23cipSExADA/mqdefault.jpg,เพราะพี่รักจริง,หนึ่ง บีเคแบนด์,,,เพราะพี่รักจริง หนึ่ง บีเคแบนด์
2026-08-13,global,Global,top_videos_daily,,5,https://i.ytimg.com/vi/ApXoWvfEYVU/mqdefault.jpg,Sunflower,Post Malone / Swae Lee,,,Sunflower Post Malone & Swae Lee
2026-08-13,global,Global,top_videos_daily,,6,https://i.ytimg.com/vi/u9BdaJTWeiw/mqdefault.jpg,Barbaadi,Shilpi Raj,,,Barbaadi Shilpi Raj
2026-08-13,global,Global,top_videos_daily,,7,https://i.ytimg.com/vi/YyepU5ztLf4/mqdefault.jpg,Shararat,Madhubanti Bagchi / 雅斯文·桑德拉斯 / 沙赫瓦特·薩赫迪夫,,,"Shararat Madhubanti Bagchi , 雅斯文·桑德拉斯 & 沙赫瓦特·薩赫迪夫"
2026-08-13,global,Global,top_videos_daily,,8,https://i.ytimg.com/vi/8F2s8ivKXNY/mqdefault.jpg,Life Goes On,Oliver Tree,,,Life Goes On Oliver Tree
2026-08-13,global,Global,top_videos_daily,,9,https://i.ytimg.com/vi/69L-nKRY3ac/mqdefault.jpg,Sebebi Yar,Blok3,,,Sebebi Yar Blok3
2026-08-13,global,Global,top_videos_daily,,10,https://i.ytimg.com/vi/A_RV2H2F9jw/mqdefault.jpg,Basinga Balaalu,Srinidhi Nerella / Kalyan Keys / Swamy Naresh,,,"Basinga Balaalu Srinidhi Nerella , Kalyan Keys & Swamy Naresh"
2026-08-13,global,Global,top_videos_daily,,11,https://i.ytimg.com/vi/F2m4HPLvj-4/mqdefault.jpg,Jaiye Sajana,雅斯文·桑德拉斯 / 施廷德·薩爾塔 / 沙赫瓦特·薩赫迪夫,,,"Jaiye Sajana 雅斯文·桑德拉斯 , 施廷德·薩爾塔 & 沙赫瓦特·薩赫迪夫"
2026-08-13,global,Global,top_videos_daily,,12,https://i.ytimg.com/vi/OQac93ARgQE/mqdefault.jpg,Nano,Saint Levant / TUL8TE,,,Nano Saint Levant & TUL8TE
2026-08-13,global,Global,top_videos_daily,,13,https://i.ytimg.com/vi/bP8ATWCvqzw/mqdefault.jpg,Arz Kiya Hai,Anuv Jain,,,Arz Kiya Hai Anuv Jain
2026-08-13,global,Global,top_videos_daily,,14,https://i.ytimg.com/vi/aRNfSqsgrgE/mqdefault.jpg,Sheesha,Mitta Ror / Swara Verma,,,Sheesha Mitta Ror & Swara Verma
2026-08-13,global,Global,top_videos_daily,,15,https://i.ytimg.com/vi/BZ4UzthYTss/mqdefault.jpg,"Stray Kids ""This & That"" M/V",Stray Kids,,,"Stray Kids ""This & That"" M/V Stray Kids"
2026-08-13,global,Global,top_videos_daily,,16,https://i.ytimg.com/vi/kwwdY1bp-Ck/mqdefault.jpg,Todo Lo Fue,Lenin Ramírez,,,Todo Lo Fue Lenin Ramírez
2026-08-13,global,Global,top_videos_daily,,17,https://i.ytimg.com/vi/oafxkMv4xnc/mqdefault.jpg,Bairan,Banjaare,"2月 13, 2026",1405431,"17 3 Bairan Banjaare 2月 13, 2026 20 159 1,405,431"
2026-08-13,global,Global,top_videos_daily,,18,https://i.ytimg.com/vi/asG7cwxi1sA/mqdefault.jpg,Saiyaara,舒蕾亞·戈沙爾 / Arslan Nizami / Irshad Kamil,,,"Saiyaara 舒蕾亞·戈沙爾 , Arslan Nizami & Irshad Kamil"
2026-08-13,global,Global,top_videos_daily,,19,https://i.ytimg.com/vi/27C4pfRsf9g/mqdefault.jpg,ICONIC BY MISTAKE,LE SSERAFIM / ILLIT / KATSEYE,,,"ICONIC BY MISTAKE LE SSERAFIM , ILLIT & KATSEYE"
2026-08-13,global,Global,top_videos_daily,,20,https://i.ytimg.com/vi/5GCfYLguTIs/mqdefault.jpg,Boyfriend,Karan Aujla,,,Boyfriend Karan Aujla
2026-08-13,global,Global,top_videos_daily,,21,https://i.ytimg.com/vi/6rvUyBiBtik/mqdefault.jpg,Tera Mera Rishta,Sayeed Quadri / Mustafa Zahid / Pritam,,,"Tera Mera Rishta Sayeed Quadri , Mustafa Zahid & Pritam"
2026-08-13,global,Global,top_videos_daily,,22,https://i.ytimg.com/vi/bMhDJ0S0OBA/mqdefault.jpg,It's Me,ILLIT,"4月 30, 2026",1265646,"22 4 It's Me ILLIT 4月 30, 2026 18 104 1,265,646"
2026-08-13,global,Global,top_videos_daily,,23,https://i.ytimg.com/vi/dTWEFx3DeM8/mqdefault.jpg,Anor,Mirjalol Nematov,,,Anor Mirjalol Nematov
2026-08-13,global,Global,top_videos_daily,,24,https://i.ytimg.com/vi/ko70cExuzZM/mqdefault.jpg,The Fate of Ophelia,Taylor Swift,,,The Fate of Ophelia Taylor Swift
2026-08-13,global,Global,top_videos_daily,,25,https://i.ytimg.com/vi/-FBwd9cWJoQ/mqdefault.jpg,Kırgınım,Blok3,"6月 4, 2026",1177673,"25 1 Kırgınım Blok3 6月 4, 2026 26 64 1,177,673"
2026-08-13,global,Global,top_videos_daily,,26,https://i.ytimg.com/vi/vutbVGewIcg/mqdefault.jpg,Las Mas Bonitas Son P*tas,Anuel AA,,,Las Mas Bonitas Son P*tas Anuel AA
2026-08-13,global,Global,top_videos_daily,,27,https://i.ytimg.com/vi/b68HETiNO98/mqdefault.jpg,Pavazha Malli,Sai Abhyankkar / Shruti Haasan,,,Pavazha Malli Sai Abhyankkar & Shruti Haasan
2026-08-13,global,Global,top_videos_daily,,28,https://i.ytimg.com/vi/RO75uUZiAw0/mqdefault.jpg,Teh Hijau,圖魯斯,"6月 29, 2026",1132529,"28 1 Teh Hijau 圖魯斯 6月 29, 2026 29 37 1,132,529"
2026-08-13,global,Global,top_videos_daily,,29,https://i.ytimg.com/vi/q2IMrkhSjSA/mqdefault.jpg,ÇOK GÜZEL GÜLÜYORSUN,Blok3 / Poizi,,,ÇOK GÜZEL GÜLÜYORSUN Blok3 & Poizi
2026-08-13,global,Global,top_videos_daily,,30,https://i.ytimg.com/vi/A7ShtPRP2Mc/mqdefault.jpg,Kayıp Kalp,Blok3,,,Kayıp Kalp Blok3
2026-08-13,global,Global,top_videos_daily,,31,https://i.ytimg.com/vi/-0RUAQAMUac/mqdefault.jpg,تباعاً تباعاً,Sherine,,,تباعاً تباعاً Sherine
2026-08-13,global,Global,top_videos_daily,,32,https://i.ytimg.com/vi/C40oligg6xE/mqdefault.jpg,นาฬิกาทราย (sign),BOWKYLION,,,นาฬิกาทราย (sign) BOWKYLION
2026-08-13,global,Global,top_videos_daily,,33,https://i.ytimg.com/vi/GX9x62kFsVU/mqdefault.jpg,Gehra Hua,Arijit Singh / Armaan Khan / 沙赫瓦特·薩赫迪夫 / Irshad Kamil,,,"Gehra Hua Arijit Singh , Armaan Khan , 沙赫瓦特·薩赫迪夫 & Irshad Kamil"
2026-08-13,global,Global,top_videos_daily,,34,https://i.ytimg.com/vi/ebZj_nrmH-c/mqdefault.jpg,Barsaat,Banjaare / Roni,,,Barsaat Banjaare & Roni
2026-08-13,global,Global,top_videos_daily,,35,https://i.ytimg.com/vi/oRdxUFDoQe0/mqdefault.jpg,Beat It,Michael Jackson,,,Beat It Michael Jackson
2026-08-13,global,Global,top_videos_daily,,36,https://i.ytimg.com/vi/0pg0raFMNIU/mqdefault.jpg,Toz Pembe,manifest,,,Toz Pembe manifest
2026-08-13,global,Global,top_videos_daily,,37,https://i.ytimg.com/vi/cL0KKSPjZf8/mqdefault.jpg,Boom Shaka,KR$NA / Dhanda Nyoliwala,,,Boom Shaka KR$NA & Dhanda Nyoliwala
2026-08-13,global,Global,top_videos_daily,,38,https://i.ytimg.com/vi/ZvXN0TcZLfQ/mqdefault.jpg,Fortuner,Raj Mawar / Ruchika Jangid,,,Fortuner Raj Mawar & Ruchika Jangid
2026-08-13,global,Global,top_videos_daily,,39,https://i.ytimg.com/vi/gJAbDSse5WM/mqdefault.jpg,Tìm Em,Hngle / Bảo Anh,,,Tìm Em Hngle & Bảo Anh
2026-08-13,global,Global,top_videos_daily,,40,https://i.ytimg.com/vi/5Y3a06rJjoU/mqdefault.jpg,Garee2a Awy (Live),TUL8TE,,,Garee2a Awy (Live) TUL8TE
2026-08-13,global,Global,top_videos_daily,,41,https://i.ytimg.com/vi/GVizJ_jpUnw/mqdefault.jpg,Gehra Hua,Arijit Singh / Armaan Khan / 沙赫瓦特·薩赫迪夫 / Irshad Kamil,,,"Gehra Hua Arijit Singh , Armaan Khan , 沙赫瓦特·薩赫迪夫 & Irshad Kamil"
2026-08-13,global,Global,top_videos_daily,,42,https://i.ytimg.com/vi/-q_S27LbNKU/mqdefault.jpg,BAD,ATEEZ,"6月 25, 2026",1025308,"42 6 BAD ATEEZ 6月 25, 2026 36 41 1,025,308"
2026-08-13,global,Global,top_videos_daily,,43,https://i.ytimg.com/vi/LX2zshAgECQ/mqdefault.jpg,Aankhon Se Tune 2.0,Dev Negi / Palak Muchhal / Kumar Sanu / Alka Yagnik,,,"Aankhon Se Tune 2.0 Dev Negi , Palak Muchhal , Kumar Sanu & Alka Yagnik"
2026-08-13,global,Global,top_videos_daily,,44,https://i.ytimg.com/vi/0jSgcE-sxeo/mqdefault.jpg,VANNDA - BLUE STORY (OFFICIAL VIDEO),វណ្ណដា-VannDa Official,,,VANNDA - BLUE STORY (OFFICIAL VIDEO) វណ្ណដា-VannDa Official
2026-08-13,global,Global,top_videos_daily,,45,https://i.ytimg.com/vi/7SsmyjVF1Oo/mqdefault.jpg,Ya Borracho,Herencia De Grandes,,,Ya Borracho Herencia De Grandes
2026-08-13,global,Global,top_videos_daily,,46,https://i.ytimg.com/vi/dx4Teh-nv3A/mqdefault.jpg,Namo Namo,阿米特·特里維迪,,,Namo Namo 阿米特·特里維迪
2026-08-13,global,Global,top_videos_daily,,47,https://i.ytimg.com/vi/KF6SfC6Q-ZA/mqdefault.jpg,Burak Bulut - Ah Be Manolya [Official Video],Burak Bulut,,,Burak Bulut - Ah Be Manolya [Official Video] Burak Bulut
2026-08-13,global,Global,top_videos_daily,,48,https://i.ytimg.com/vi/SOJpE1KMUbo/mqdefault.jpg,Raindance,戴夫 / Tems,,,Raindance 戴夫 & Tems
2026-08-13,global,Global,top_videos_daily,,49,https://i.ytimg.com/vi/Si9kWKnJKxE/mqdefault.jpg,ZOMBIE,LAZARO,"5月 21, 2026",963802,"49 3 ZOMBIE LAZARO 5月 21, 2026 46 79 963,802"
2026-08-13,global,Global,top_videos_daily,,50,https://i.ytimg.com/vi/Iz-nC59AIWc/mqdefault.jpg,UNA BABY EN SANTIAGO,Lil Naay,,,UNA BABY EN SANTIAGO Lil Naay
2026-08-13,global,Global,top_videos_daily,,51,https://i.ytimg.com/vi/mapfegnAXOg/mqdefault.jpg,Dai dai (Live),Shakira / 伯納男孩,,,Dai dai (Live) Shakira & 伯納男孩
2026-08-13,global,Global,top_videos_daily,,52,https://i.ytimg.com/vi/UsbRoaH6y-Q/mqdefault.jpg,KiiiKiii 키키 'Pop Off Pop Off' MV,STARSHIP,,,KiiiKiii 키키 'Pop Off Pop Off' MV STARSHIP
2026-08-13,global,Global,top_videos_daily,,53,https://i.ytimg.com/vi/jWh-7JGuxTo/mqdefault.jpg,Ara Beni,荷黛絲·阿奇高茲,,,Ara Beni 荷黛絲·阿奇高茲
2026-08-13,global,Global,top_videos_daily,,54,https://i.ytimg.com/vi/MjxGwfa5lxw/mqdefault.jpg,Pakistan Zindabad,Sahir Ali Bagga,,,Pakistan Zindabad Sahir Ali Bagga
2026-08-13,global,Global,top_videos_daily,,55,https://i.ytimg.com/vi/l71aOtTJ1gE/mqdefault.jpg,Tiranga,B Praak,"5月 14, 2024",886514,"55 17 Tiranga B Praak 5月 14, 2024 72 4 886,514"
2026-08-13,global,Global,top_videos_daily,,56,https://i.ytimg.com/vi/Nskf70DMR60/mqdefault.jpg,Sesi Potret,eńau,,,Sesi Potret eńau
2026-08-13,global,Global,top_videos_daily,,57,https://i.ytimg.com/vi/9dV6Hl2u3vM/mqdefault.jpg,Neno Butterfly,Sublahshini / G.V. Prakash Kumar,,,Neno Butterfly Sublahshini & G.V. Prakash Kumar
2026-08-13,global,Global,top_videos_daily,,58,https://i.ytimg.com/vi/qN4ooNx77u0/mqdefault.jpg,Sign of the Times,Harry Styles,,,Sign of the Times Harry Styles
2026-08-13,global,Global,top_videos_daily,,59,https://i.ytimg.com/vi/5gwy0gcjIkI/mqdefault.jpg,Tere Sang Yaara,馬諾伊·蒙塔舍 / 阿蒂夫·阿斯拉姆,,,Tere Sang Yaara 馬諾伊·蒙塔舍 & 阿蒂夫·阿斯拉姆
2026-08-13,global,Global,top_videos_daily,,60,https://i.ytimg.com/vi/TX-1dI8t6WM/mqdefault.jpg,AMOR,Emmanuel Cortes,,,AMOR Emmanuel Cortes
2026-08-13,global,Global,top_videos_daily,,61,https://i.ytimg.com/vi/kXKhNI4DLHM/mqdefault.jpg,Hileli,manifest / 艾達佩肯,,,Hileli manifest & 艾達佩肯
2026-08-13,global,Global,top_videos_daily,,62,https://i.ytimg.com/vi/I_46tPHvVOw/mqdefault.jpg,DICHAVATE,Ya Ice Dilan / Rey Tony / Helabusador / JipMusic Global / dj honda,,,"DICHAVATE Ya Ice Dilan , Rey Tony , Helabusador , JipMusic Global & dj honda"
2026-08-13,global,Global,top_videos_daily,,63,https://i.ytimg.com/vi/9wG4C42JhN4/mqdefault.jpg,Guru Randhawa - “FINE SHYT” MV,Guru Randhawa,,,Guru Randhawa - “FINE SHYT” MV Guru Randhawa
2026-08-13,global,Global,top_videos_daily,,64,https://i.ytimg.com/vi/ZcO4s0UU4Uk/mqdefault.jpg,Kamar DJ Pe,Manish Sonipat Aala / Bali Sharma / Vampire,,,"Kamar DJ Pe Manish Sonipat Aala , Bali Sharma & Vampire"
2026-08-13,global,Global,top_videos_daily,,65,https://i.ytimg.com/vi/Rb3hfEPyJxQ/mqdefault.jpg,"SECRET - Cody Nam Võ, Quang Hùng MasterD, Wren Evans, CONGB | TINH HÀ SAY HI [PERFORMANCE]",Vie Channel - MUSIC,,,"SECRET - Cody Nam Võ, Quang Hùng MasterD, Wren Evans, CONGB | TINH HÀ SAY HI [PERFORMANCE] Vie Channel - MUSIC"
2026-08-13,global,Global,top_videos_daily,,66,https://i.ytimg.com/vi/anhQ3fC1_hY/mqdefault.jpg,The Verity Band - Be My Friend (official song),Horror Skunx,,,The Verity Band - Be My Friend (official song) Horror Skunx
2026-08-13,global,Global,top_videos_daily,,67,https://i.ytimg.com/vi/sohjVFtO5AA/mqdefault.jpg,Busta Rhymes & J Dilla- Spazzz,Busta Rhymes,,,Busta Rhymes & J Dilla- Spazzz Busta Rhymes
2026-08-13,global,Global,top_videos_daily,,68,https://i.ytimg.com/vi/vWOn08GEg7Y/mqdefault.jpg,Ji Laage Se Babya Mai,Raj Mawar,,,Ji Laage Se Babya Mai Raj Mawar
2026-08-13,global,Global,top_videos_daily,,69,https://i.ytimg.com/vi/PT2_F-1esPk/mqdefault.jpg,Closer,The Chainsmokers,,,Closer The Chainsmokers
2026-08-13,global,Global,top_videos_daily,,70,https://i.ytimg.com/vi/Oextk-If8HQ/mqdefault.jpg,Somewhere Only We Know,Keane,,,Somewhere Only We Know Keane
2026-08-13,global,Global,top_videos_daily,,71,https://i.ytimg.com/vi/2yreX_ZCfgM/mqdefault.jpg,Peão Todo Tatuado,Mariana Fagundes / jeninho,,,Peão Todo Tatuado Mariana Fagundes & jeninho
2026-08-13,global,Global,top_videos_daily,,72,https://i.ytimg.com/vi/K-7olbaOelg/mqdefault.jpg,MMG (My Mine Gueh),Naykilla,,,MMG (My Mine Gueh) Naykilla
2026-08-13,global,Global,top_videos_daily,,73,https://i.ytimg.com/vi/v5jVX0QYwQo/mqdefault.jpg,Shararat,Madhubanti Bagchi / 雅斯文·桑德拉斯 / 沙赫瓦特·薩赫迪夫,,,"Shararat Madhubanti Bagchi , 雅斯文·桑德拉斯 & 沙赫瓦特·薩赫迪夫"
2026-08-13,global,Global,top_videos_daily,,74,https://i.ytimg.com/vi/82-jTNka3uc/mqdefault.jpg,hate that i made you love me,Ariana Grande,,,hate that i made you love me Ariana Grande
2026-08-13,global,Global,top_videos_daily,,75,https://i.ytimg.com/vi/kC0SA9Vkdos/mqdefault.jpg,Hearts2Hearts 하츠투하츠 'ICONIC HEART' MV Teaser,SMTOWN,,,Hearts2Hearts 하츠투하츠 'ICONIC HEART' MV Teaser SMTOWN
2026-08-13,global,Global,top_videos_daily,,76,https://i.ytimg.com/vi/_JfRAe4fbEE/mqdefault.jpg,NAPIYOSUN MESELA,Blok3,,,NAPIYOSUN MESELA ? Blok3
2026-08-13,global,Global,top_videos_daily,,77,https://i.ytimg.com/vi/s3a4OQR-10M/mqdefault.jpg,Loser,Tame Impala,,,Loser Tame Impala
2026-08-13,global,Global,top_videos_daily,,78,https://i.ytimg.com/vi/rC-kbRanJQ0/mqdefault.jpg,UDI UDI,Hruday / Sarkar / Aneesh,,,"UDI UDI Hruday , Sarkar & Aneesh"
2026-08-13,global,Global,top_videos_daily,,79,https://i.ytimg.com/vi/awWKxGftWh4/mqdefault.jpg,Dunia Yang Nanti,Raim Laode,,,Dunia Yang Nanti Raim Laode
2026-08-13,global,Global,top_videos_daily,,80,https://i.ytimg.com/vi/7VsejGzcJmM/mqdefault.jpg,Alaakaa Loova,Sai Abhyankkar,,,Alaakaa Loova Sai Abhyankkar
2026-08-13,global,Global,top_videos_daily,,81,https://i.ytimg.com/vi/LGWUmNnZ7WY/mqdefault.jpg,POR SI MAÑANA NO ESTOY,Omar Courtz,,,POR SI MAÑANA NO ESTOY Omar Courtz
2026-08-13,global,Global,top_videos_daily,,82,https://i.ytimg.com/vi/pCPYb7KPoUc/mqdefault.jpg,Doma,Jósean Log,"10月 14, 2017",709475,"82 5 Doma Jósean Log 10月 14, 2017 87 10 709,475"
2026-08-13,global,Global,top_videos_daily,,83,https://i.ytimg.com/vi/GEucCNFsr84/mqdefault.jpg,يا حلو,亞當,"7月 11, 2025",707599,"83 2 يا حلو 亞當 7月 11, 2025 81 20 707,599"
2026-08-13,global,Global,top_videos_daily,,84,https://i.ytimg.com/vi/6Db-cEgbmC4/mqdefault.jpg,Mi Chico,Jason Derulo / Melody / Dj Goja,,,"Mi Chico Jason Derulo , Melody & Dj Goja"
2026-08-13,global,Global,top_videos_daily,,85,https://i.ytimg.com/vi/hejXc_FSYb8/mqdefault.jpg,Tere Bin,Rahat Fateh Ali Khan / 阿西斯·凱爾 / 坦尼許・巴格奇,,,"Tere Bin Rahat Fateh Ali Khan , 阿西斯·凱爾 & 坦尼許・巴格奇"
2026-08-13,global,Global,top_videos_daily,,86,https://i.ytimg.com/vi/YA8PBoIRkIg/mqdefault.jpg,Vaqtinchalik Shamol,DLEJ,,,Vaqtinchalik Shamol DLEJ
2026-08-13,global,Global,top_videos_daily,,87,https://i.ytimg.com/vi/QHdajZktFEU/mqdefault.jpg,Bangles,Sanju Rathod / G-SPXRK,,,Bangles Sanju Rathod & G-SPXRK
2026-08-13,global,Global,top_videos_daily,,88,https://i.ytimg.com/vi/aKGCXYX7jN8/mqdefault.jpg,CRUSH!,CRUSH,"7月 30, 2026",682153,"88 5 CRUSH! CRUSH 7月 30, 2026 83 3 682,153"
2026-08-13,global,Global,top_videos_daily,,89,https://i.ytimg.com/vi/_gyultVTesk/mqdefault.jpg,2.0,防彈少年團,"4月 1, 2026",679285,"89 1 2.0 防彈少年團 4月 1, 2026 88 128 679,285"
2026-08-13,global,Global,top_videos_daily,,90,https://i.ytimg.com/vi/xCkf2L7gFnI/mqdefault.jpg,De Lejitos (Remix),Jay Wheeler / Omar Courtz,,,De Lejitos (Remix) Jay Wheeler & Omar Courtz
2026-08-13,global,Global,top_videos_daily,,91,https://i.ytimg.com/vi/Y0pdQU87dc8/mqdefault.jpg,(Everything I Do) I Do It For You,Bryan Adams,,,(Everything I Do) I Do It For You Bryan Adams
2026-08-13,global,Global,top_videos_daily,,92,https://i.ytimg.com/vi/kG0z7hwY3as/mqdefault.jpg,Debut,KATSEYE,"7月 2, 2024",672974,"92 2 Debut KATSEYE 7月 2, 2024 90 21 672,974"
2026-08-13,global,Global,top_videos_daily,,93,https://i.ytimg.com/vi/3j7bhOvW6jw/mqdefault.jpg,LOW FADE,Mxrci / Karan Aujla,,,LOW FADE Mxrci & Karan Aujla
2026-08-13,global,Global,top_videos_daily,,94,https://i.ytimg.com/vi/38_bAaFI41w/mqdefault.jpg,Don't Force Your Longing,Ifan Seventeen,,,Don't Force Your Longing Ifan Seventeen
2026-08-13,global,Global,top_videos_daily,,95,https://i.ytimg.com/vi/OT5msu-dap8/mqdefault.jpg,Shape Of My Heart,Backstreet Boys,,,Shape Of My Heart Backstreet Boys
2026-08-13,global,Global,top_videos_daily,,96,https://i.ytimg.com/vi/u_G1NCwQZ4E/mqdefault.jpg,Lola El Banat,Orange / 阿穆爾·迪亞布,,,Lola El Banat Orange & 阿穆爾·迪亞布
2026-08-13,global,Global,top_videos_daily,,97,https://i.ytimg.com/vi/ZG6zDWbp_6U/mqdefault.jpg,Kyaa Dil Ne Kahaa,Udit Narayan / 阿爾卡·雅格尼克,,,Kyaa Dil Ne Kahaa Udit Narayan & 阿爾卡·雅格尼克
2026-08-13,global,Global,top_videos_daily,,98,https://i.ytimg.com/vi/mlb5yBGTTRI/mqdefault.jpg,Narak,B Praak / Jaani / Jyotica Tangri,,,"Narak B Praak , Jaani & Jyotica Tangri"
2026-08-13,global,Global,top_videos_daily,,99,https://i.ytimg.com/vi/6JaeasJw-QI/mqdefault.jpg,Thalapathy Kacheri,Jayanth Maadhur / Anirudh Ravichander / Arun Kaundinya / Nazeeruddin,,,"Thalapathy Kacheri Jayanth Maadhur , Anirudh Ravichander , Arun Kaundinya & Nazeeruddin"
2026-08-13,global,Global,top_videos_daily,,100,https://i.ytimg.com/vi/n7iuaTlGbd4/mqdefault.jpg,SEVMEYİ DENEMEDİN,Blok3,,,SEVMEYİ DENEMEDİN Blok3
2026-08-13,tw,Taiwan,top_videos_daily,,1,https://i.ytimg.com/vi/gN7RBHyXNFk/mqdefault.jpg,派偉俊 Patrick Brasca【別戀 Move On】Official MV,派偉俊 Patrick Brasca,,,派偉俊 Patrick Brasca【別戀 Move On】Official MV 派偉俊 Patrick Brasca
2026-08-13,tw,Taiwan,top_videos_daily,,2,https://i.ytimg.com/vi/cnxn0hhShxM/mqdefault.jpg,"Cosmos People 宇宙人 [ 像狗一樣 Chase, Stop, Lie Down ] Special Video | 影集《欠妳的那場婚禮》插曲",宇宙人,,,"Cosmos People 宇宙人 [ 像狗一樣 Chase, Stop, Lie Down ] Special Video | 影集《欠妳的那場婚禮》插曲 宇宙人"
2026-08-13,tw,Taiwan,top_videos_daily,,3,https://i.ytimg.com/vi/YacpC7sUXMM/mqdefault.jpg,甲乙丙丁 (你我怎麼兩清伴奏),李佳薇,,,甲乙丙丁 (你我怎麼兩清伴奏) 李佳薇
2026-08-13,tw,Taiwan,top_videos_daily,,4,https://i.ytimg.com/vi/i5YRIjxyJP8/mqdefault.jpg,太陽與地球,盧廣仲,"9月 16, 2025",64251,"4 ● 太陽與地球 盧廣仲 9月 16, 2025 4 108 64,251"
2026-08-13,tw,Taiwan,top_videos_daily,,5,https://i.ytimg.com/vi/osyH9yWWygA/mqdefault.jpg,All For You,周興哲,"7月 16, 2026",63119,"5 3 All For You 周興哲 7月 16, 2026 2 26 63,119"
2026-08-13,tw,Taiwan,top_videos_daily,,6,https://i.ytimg.com/vi/mpNKrWUhcy8/mqdefault.jpg,不愛就不愛,艾薇,"12月 18, 2024",62551,"6 3 不愛就不愛 艾薇 12月 18, 2024 3 108 62,551"
2026-08-13,tw,Taiwan,top_videos_daily,,7,https://i.ytimg.com/vi/3hLESh77fSg/mqdefault.jpg,離開的一路上,理想混蛋 Bestards,,,離開的一路上 理想混蛋 Bestards
2026-08-13,tw,Taiwan,top_videos_daily,,8,https://i.ytimg.com/vi/-q_S27LbNKU/mqdefault.jpg,BAD,ATEEZ,"6月 25, 2026",53568,"8 1 BAD ATEEZ 6月 25, 2026 7 47 53,568"
2026-08-13,tw,Taiwan,top_videos_daily,,9,https://i.ytimg.com/vi/OkTlYjO6SNY/mqdefault.jpg,過了幾天,DIOR 大穎 / 郭家瑋,,,過了幾天 DIOR 大穎 & 郭家瑋
2026-08-13,tw,Taiwan,top_videos_daily,,10,https://i.ytimg.com/vi/Qe8fa4b5xNU/mqdefault.jpg,Good Goodbye,HWASA,,,Good Goodbye HWASA
2026-08-13,tw,Taiwan,top_videos_daily,,11,https://i.ytimg.com/vi/X06y7ZuT7_Y/mqdefault.jpg,必巡,曾瑋中,"6月 27, 2022",49991,"11 ● 必巡 曾瑋中 6月 27, 2022 11 108 49,991"
2026-08-13,tw,Taiwan,top_videos_daily,,12,https://i.ytimg.com/vi/dRSZhZT6r-Y/mqdefault.jpg,沒有人像我,宇宙人,"7月 2, 2026",48953,"12 ● 沒有人像我 宇宙人 7月 2, 2026 12 38 48,953"
2026-08-13,tw,Taiwan,top_videos_daily,,13,https://i.ytimg.com/vi/PJJhHihvDpo/mqdefault.jpg,閣愛妳一擺,茄子蛋,"12月 10, 2021",48839,"13 13 閣愛妳一擺 茄子蛋 12月 10, 2021 - 3 48,839"
2026-08-13,tw,Taiwan,top_videos_daily,,14,https://i.ytimg.com/vi/mQUek1GYfvs/mqdefault.jpg,對等關係,李榮浩,"1月 27, 2022",46288,"14 14 對等關係 李榮浩 1月 27, 2022 - 3 46,288"
2026-08-13,tw,Taiwan,top_videos_daily,,15,https://i.ytimg.com/vi/jeRu6h4XbUU/mqdefault.jpg,幸福在歌唱,A-Lin,"12月 26, 2025",45729,"15 2 幸福在歌唱 A-Lin 12月 26, 2025 13 108 45,729"
2026-08-13,tw,Taiwan,top_videos_daily,,16,https://i.ytimg.com/vi/UsbRoaH6y-Q/mqdefault.jpg,KiiiKiii 키키 'Pop Off Pop Off' MV,STARSHIP,,,KiiiKiii 키키 'Pop Off Pop Off' MV STARSHIP
2026-08-13,tw,Taiwan,top_videos_daily,,17,https://i.ytimg.com/vi/83C3TZ4Zm_o/mqdefault.jpg,LEMONADE,aespa,"5月 28, 2026",42285,"17 3 LEMONADE aespa 5月 28, 2026 14 75 42,285"
2026-08-13,tw,Taiwan,top_videos_daily,,18,https://i.ytimg.com/vi/Y2ge3KrdeWs/mqdefault.jpg,怎麼了,周興哲,"1月 9, 2019",40345,"18 2 怎麼了 周興哲 1月 9, 2019 16 7 40,345"
2026-08-13,tw,Taiwan,top_videos_daily,,19,https://i.ytimg.com/vi/yebNIHKAC4A/mqdefault.jpg,Golden,HUNTR/X / EJAE / AUDREY NUNA / REI AMI / KPop Demon Hunters Cast,,,"Golden HUNTR/X , EJAE , AUDREY NUNA , REI AMI & KPop Demon Hunters Cast"
2026-08-13,tw,Taiwan,top_videos_daily,,20,https://i.ytimg.com/vi/6O_Zx9St9ik/mqdefault.jpg,你不屬於我 (《比悲傷更悲傷的故事》影集版片尾曲),周興哲,,,你不屬於我 (《比悲傷更悲傷的故事》影集版片尾曲) 周興哲
2026-08-13,tw,Taiwan,top_videos_daily,,21,https://i.ytimg.com/vi/bMhDJ0S0OBA/mqdefault.jpg,It's Me,ILLIT,"4月 30, 2026",35902,"21 4 It's Me ILLIT 4月 30, 2026 17 104 35,902"
2026-08-13,tw,Taiwan,top_videos_daily,,22,https://i.ytimg.com/vi/9cS2wv6AfHk/mqdefault.jpg,I LIKE IT,BABYMONSTER,,,I LIKE IT BABYMONSTER
2026-08-13,tw,Taiwan,top_videos_daily,,23,https://i.ytimg.com/vi/3rB3n_XR23o/mqdefault.jpg,我不該動情,老闆,"7月 1, 2026",34859,"23 4 我不該動情 老板 7月 1, 2026 19 38 34,859"
2026-08-13,tw,Taiwan,top_videos_daily,,24,https://i.ytimg.com/vi/x3eqqoZPV_E/mqdefault.jpg,춤 (CHOOM),BABYMONSTER,,,춤 (CHOOM) BABYMONSTER
2026-08-13,tw,Taiwan,top_videos_daily,,25,https://i.ytimg.com/vi/_G3Nu8q9Z9s/mqdefault.jpg,嘉賓,張遠,"6月 12, 2026",32456,"25 5 嘉宾 张远 6月 12, 2026 20 33 32,456"
2026-08-13,tw,Taiwan,top_videos_daily,,26,https://i.ytimg.com/vi/catpLpGals0/mqdefault.jpg,Innocence,李浩瑋 Howard Lee,,,Innocence 李浩瑋 Howard Lee
2026-08-13,tw,Taiwan,top_videos_daily,,27,https://i.ytimg.com/vi/jIzOIsQWMfg/mqdefault.jpg,至少我還記得 (天堂的微笑插曲),周興哲,,,至少我還記得 (天堂的微笑插曲) 周興哲
2026-08-13,tw,Taiwan,top_videos_daily,,28,https://i.ytimg.com/vi/3Pbrd5piZNM/mqdefault.jpg,TAEMIN (태민) - 'This Is The End' Official Video,泰民,,,TAEMIN (태민) - 'This Is The End' Official Video 泰民
2026-08-13,tw,Taiwan,top_videos_daily,,29,https://i.ytimg.com/vi/kCA93dLzKP4/mqdefault.jpg,一個人,A-Lin,"6月 11, 2026",28755,"29 4 一個人 A-Lin 6月 11, 2026 25 61 28,755"
2026-08-13,tw,Taiwan,top_videos_daily,,30,https://i.ytimg.com/vi/xXZwZ0DolJc/mqdefault.jpg,MOON,BABYMONSTER,,,MOON BABYMONSTER
2026-08-13,tw,Taiwan,top_videos_daily,,31,https://i.ytimg.com/vi/kO_AAjLbiys/mqdefault.jpg,MIYEON 'RUN AWAY' Official Music Video,(G)I-DLE,,,MIYEON 'RUN AWAY' Official Music Video (G)I-DLE
2026-08-13,tw,Taiwan,top_videos_daily,,32,https://i.ytimg.com/vi/IWB0xk9lR88/mqdefault.jpg,左轉燈 (1000 Times+1),派偉俊,,1000,左轉燈 (1000 Times+1) 派偉俊
2026-08-13,tw,Taiwan,top_videos_daily,,33,https://i.ytimg.com/vi/W9Fq1HC_5hg/mqdefault.jpg,Night life.Take us to the light,告五人,,,Night life.Take us to the light 告五人
2026-08-13,tw,Taiwan,top_videos_daily,,34,https://i.ytimg.com/vi/7io1L4AkXjU/mqdefault.jpg,從前說,小阿七,"2月 6, 2023",26194,"34 34 從前說 小阿七 2月 6, 2023 - 3 26,194"
2026-08-13,tw,Taiwan,top_videos_daily,,35,https://i.ytimg.com/vi/naoGk-Zjc1s/mqdefault.jpg,SUGAR HONEY ICE TEA,BABYMONSTER,,,SUGAR HONEY ICE TEA BABYMONSTER
2026-08-13,tw,Taiwan,top_videos_daily,,36,https://i.ytimg.com/vi/c6IPi5QIyUs/mqdefault.jpg,"TWICE ""FIREWORK"" Live Stage @ TWICE ＜THIS IS FOR＞ WORLD TOUR FINALE IN SEOUL",TWICE,,,"TWICE ""FIREWORK"" Live Stage @ TWICE ＜THIS IS FOR＞ WORLD TOUR FINALE IN SEOUL TWICE"
2026-08-13,tw,Taiwan,top_videos_daily,,37,https://i.ytimg.com/vi/yd_uG3TtREs/mqdefault.jpg,PSYCHO,BABYMONSTER,,,PSYCHO BABYMONSTER
2026-08-13,tw,Taiwan,top_videos_daily,,38,https://i.ytimg.com/vi/Ezd_DLawfHI/mqdefault.jpg,我很快樂,周興哲,"4月 10, 2020",23939,"38 ● 我很快樂 周興哲 4月 10, 2020 38 6 23,939"
2026-08-13,tw,Taiwan,top_videos_daily,,39,https://i.ytimg.com/vi/otCHnpMDA-Y/mqdefault.jpg,外人,蕭秉治,"12月 9, 2022",23887,"39 1 外人 蕭秉治 12月 9, 2022 40 7 23,887"
2026-08-13,tw,Taiwan,top_videos_daily,,40,https://i.ytimg.com/vi/07hpRRx4xMg/mqdefault.jpg,眼淚記得你,孫盛希,"12月 29, 2022",23749,"40 40 眼淚記得你 孫盛希 12月 29, 2022 - 2 23,749"
2026-08-13,tw,Taiwan,top_videos_daily,,41,https://i.ytimg.com/vi/sQDBYHhCvps/mqdefault.jpg,綿綿無絕期,黃奇斌,"7月 10, 2026",23615,"41 9 綿綿無絕期 黃奇斌 7月 10, 2026 32 33 23,615"
2026-08-13,tw,Taiwan,top_videos_daily,,42,https://i.ytimg.com/vi/GnSaLQTrvt0/mqdefault.jpg,Good Goodbye,HWASA,,,Good Goodbye HWASA
2026-08-13,tw,Taiwan,top_videos_daily,,43,https://i.ytimg.com/vi/4iRupuNet3Q/mqdefault.jpg,想見你想見你想見你 (Miss You,),,831,想見你想見你想見你 (Miss You 3000) 831
2026-08-13,tw,Taiwan,top_videos_daily,,44,https://i.ytimg.com/vi/BVK_Q6KZSUI/mqdefault.jpg,終於瞭解自由,周興哲,"4月 8, 2019",22392,"44 3 終於了解自由 周興哲 4月 8, 2019 47 4 22,392"
2026-08-13,tw,Taiwan,top_videos_daily,,45,https://i.ytimg.com/vi/ApXoWvfEYVU/mqdefault.jpg,Sunflower,Post Malone / Swae Lee,,,Sunflower Post Malone & Swae Lee
2026-08-13,tw,Taiwan,top_videos_daily,,46,https://i.ytimg.com/vi/nEpF6ISYdM0/mqdefault.jpg,Why You Gonna Lie,SKRpresents 陶山音樂,,,Why You Gonna Lie SKRpresents 陶山音樂
2026-08-13,tw,Taiwan,top_videos_daily,,47,https://i.ytimg.com/vi/BZ4UzthYTss/mqdefault.jpg,"Stray Kids ""This & That"" M/V",Stray Kids,,,"Stray Kids ""This & That"" M/V Stray Kids"
2026-08-13,tw,Taiwan,top_videos_daily,,48,https://i.ytimg.com/vi/F7sGJVUrkjQ/mqdefault.jpg,RUDE!,Hearts2Hearts,,,RUDE! Hearts2Hearts
2026-08-13,tw,Taiwan,top_videos_daily,,49,https://i.ytimg.com/vi/I1Kx8Ii4eYk/mqdefault.jpg,岩石裡的花,鄧紫棋,"12月 6, 2018",21136,"49 5 岩石裡的花 鄧紫棋 12月 6, 2018 44 33 21,136"
2026-08-13,tw,Taiwan,top_videos_daily,,50,https://i.ytimg.com/vi/FB5-rPa5wBA/mqdefault.jpg,玻璃,Gareth.T,"5月 20, 2026",19990,"50 13 玻璃 Gareth.T 5月 20, 2026 37 83 19,990"
2026-08-13,tw,Taiwan,top_videos_daily,,51,https://i.ytimg.com/vi/ma7r2HGqwXs/mqdefault.jpg,倒數,鄧紫棋,"8月 9, 2018",19818,"51 New 倒數 鄧紫棋 8月 9, 2018 - 1 19,818"
2026-08-13,tw,Taiwan,top_videos_daily,,52,https://i.ytimg.com/vi/qjKuHtrHkLg/mqdefault.jpg,【MV首播】林琇琪 - 重逢 (官方完整版MV) HD【三立八點檔『 百味人生』金曲片頭 / 三立『 戲說臺灣』 片尾曲,豪記唱片 HCM Music,,,【MV首播】林琇琪 - 重逢 (官方完整版MV) HD【三立八點檔『 百味人生』金曲片頭 / 三立『 戲說台灣』 片尾曲 】 豪記唱片 HCM Music
2026-08-13,tw,Taiwan,top_videos_daily,,53,https://i.ytimg.com/vi/At3g7A-1s7Q/mqdefault.jpg,A-Lin - 麥擱貢+做我自己｜Journey 鄭州現場版 Live in ZhengZhou,A-Lin,,,A-Lin - 麥擱貢+做我自己｜Journey 鄭州現場版 Live in ZhengZhou A-Lin
2026-08-13,tw,Taiwan,top_videos_daily,,54,https://i.ytimg.com/vi/9ei1PUmDz98/mqdefault.jpg,思念是一種病,張震嶽,"5月 28, 2012",19363,"54 54 思念是一種病 張震嶽 5月 28, 2012 - 70 19,363"
2026-08-13,tw,Taiwan,top_videos_daily,,55,https://i.ytimg.com/vi/_IT83Y_HcAw/mqdefault.jpg,Less than a Lover,JENNIE,,,Less than a Lover JENNIE
2026-08-13,tw,Taiwan,top_videos_daily,,56,https://i.ytimg.com/vi/t0igPuDjYUE/mqdefault.jpg,後來,劉若英,"6月 8, 2012",19152,"56 56 後來 劉若英 6月 8, 2012 - 2 19,152"
2026-08-13,tw,Taiwan,top_videos_daily,,57,https://i.ytimg.com/vi/GWO5pqEy-X0/mqdefault.jpg,陪你到這,陳華,"4月 17, 2026",19150,"57 15 陪你到這 陳華 4月 17, 2026 42 108 19,150"
2026-08-13,tw,Taiwan,top_videos_daily,,58,https://i.ytimg.com/vi/D8VEhcPeSlc/mqdefault.jpg,Drama,aespa,"11月 9, 2023",19102,"58 3 Drama aespa 11月 9, 2023 61 2 19,102"
2026-08-13,tw,Taiwan,top_videos_daily,,59,https://i.ytimg.com/vi/3mEeKAdXAo4/mqdefault.jpg,星火,F.I.R.飛兒樂團,"8月 22, 2018",18986,"59 7 星火 F.I.R.飛兒樂團 8月 22, 2018 52 7 18,986"
2026-08-13,tw,Taiwan,top_videos_daily,,60,https://i.ytimg.com/vi/ZZAi1l2tnEQ/mqdefault.jpg,過了幾天,郭家瑋,"11月 21, 2024",18864,"60 7 過了幾天 郭家瑋 11月 21, 2024 53 23 18,864"
2026-08-13,tw,Taiwan,top_videos_daily,,61,https://i.ytimg.com/vi/_cTAlxWtmS4/mqdefault.jpg,如果我很平庸,陳華,"6月 5, 2026",18705,"61 12 如果我很平庸 陳華 6月 5, 2026 49 67 18,705"
2026-08-13,tw,Taiwan,top_videos_daily,,62,https://i.ytimg.com/vi/diPncrkJkPI/mqdefault.jpg,【MV首播】林琇琪 - 一往情深 (官方完整版MV) HD,豪記唱片 HCM Music,,,【MV首播】林琇琪 - 一往情深 (官方完整版MV) HD 豪記唱片 HCM Music
2026-08-13,tw,Taiwan,top_videos_daily,,63,https://i.ytimg.com/vi/PIgH3PeeY6g/mqdefault.jpg,你咁擱愛我,林琇琪 / 沈建豪,"7月 16, 2026",18602,"63 5 你咁擱愛我 林琇琪 & 沈建豪 7月 16, 2026 58 25 18,602"
2026-08-13,tw,Taiwan,top_videos_daily,,64,https://i.ytimg.com/vi/3q6D0wMX_H0/mqdefault.jpg,怎麼還不愛(雀躍狂愛版) 三立偶像劇[料理高校生]片尾曲,Rosie,,,怎麼還不愛(雀躍狂愛版) 三立偶像劇[料理高校生]片尾曲 Rosie
2026-08-13,tw,Taiwan,top_videos_daily,,65,https://i.ytimg.com/vi/p9lNpWa4OXU/mqdefault.jpg,有沒有一首歌會讓你想起我,周華健,,,有沒有一首歌會讓你想起我 周華健
2026-08-13,tw,Taiwan,top_videos_daily,,66,https://i.ytimg.com/vi/bG563p_moiE/mqdefault.jpg,愛我的時候,周興哲,"5月 18, 2021",17346,"66 66 爱我的时候 周興哲 5月 18, 2021 - 3 17,346"
2026-08-13,tw,Taiwan,top_videos_daily,,67,https://i.ytimg.com/vi/fcnDmrtj6Sk/mqdefault.jpg,Dai Dai,Shakira / Burna Boy,,,Dai Dai Shakira & Burna Boy
2026-08-13,tw,Taiwan,top_videos_daily,,68,https://i.ytimg.com/vi/Ys7-6_t7OEQ/mqdefault.jpg,Beauty And A Beat,Justin Bieber,,,Beauty And A Beat Justin Bieber
2026-08-13,tw,Taiwan,top_videos_daily,,69,https://i.ytimg.com/vi/qkKFbP0ZMLU/mqdefault.jpg,【純享版】楊丞琳侯明昊全新演繹《放羊的星星》OST《我們的紀念》！偶像劇男女主既視感拉滿 一開口夢迴青春 #天賜的聲音7 EP9 20260807,天賜的聲音,,20260807,【纯享版】杨丞琳侯明昊全新演绎《放羊的星星》OST《我们的纪念》！偶像剧男女主既视感拉满 一开口梦回青春 #天赐的声音7 EP9 20260807 天赐的声音
2026-08-13,tw,Taiwan,top_videos_daily,,70,https://i.ytimg.com/vi/ZIvWrKYdMQE/mqdefault.jpg,浪人的…,張震嶽,"5月 13, 2025",16684,"70 11 浪人的… 張震嶽 5月 13, 2025 59 51 16,684"
2026-08-13,tw,Taiwan,top_videos_daily,,71,https://i.ytimg.com/vi/phuiiNCxRMg/mqdefault.jpg,Supernova,aespa,"5月 13, 2024",16591,"71 New Supernova aespa 5月 13, 2024 - 1 16,591"
2026-08-13,tw,Taiwan,top_videos_daily,,72,https://i.ytimg.com/vi/4wiO5H8kSV4/mqdefault.jpg,I Hate Myself Sometimes,李浩瑋 Howard Lee / 派偉俊,,,I Hate Myself Sometimes 李浩瑋 Howard Lee & 派偉俊
2026-08-13,tw,Taiwan,top_videos_daily,,73,https://i.ytimg.com/vi/eB-IK2wPWzw/mqdefault.jpg,ATEEZ(에이티즈) - 'BAD' Performance Stage (@The Kelly Clarkson Show),ATEEZ,,,ATEEZ(에이티즈) - 'BAD' Performance Stage (@The Kelly Clarkson Show) ATEEZ
2026-08-13,tw,Taiwan,top_videos_daily,,74,https://i.ytimg.com/vi/kC0SA9Vkdos/mqdefault.jpg,Hearts2Hearts 하츠투하츠 'ICONIC HEART' MV Teaser,SMTOWN,,,Hearts2Hearts 하츠투하츠 'ICONIC HEART' MV Teaser SMTOWN
2026-08-13,tw,Taiwan,top_videos_daily,,75,https://i.ytimg.com/vi/u5ZsoP8FZUQ/mqdefault.jpg,不遺憾,蔡恩雨,"6月 2, 2021",16162,"75 6 不遺憾 蔡恩雨 6月 2, 2021 69 58 16,162"
2026-08-13,tw,Taiwan,top_videos_daily,,76,https://i.ytimg.com/vi/K9nu3IW-8LQ/mqdefault.jpg,林成 - 甲乙丙丁(你我怎麼兩清)『你我 怎麼兩清 怎麼忍心 怎麼做回甲乙丙丁』【動態歌詞MV】,Starlight Music,,,林成 - 甲乙丙丁(你我怎麼兩清)『你我 怎麼兩清 怎麼忍心 怎麼做回甲乙丙丁』【動態歌詞MV】 Starlight Music
2026-08-13,tw,Taiwan,top_videos_daily,,77,https://i.ytimg.com/vi/-H4bB6hxeEs/mqdefault.jpg,【original anime MV】きゃぴ【寶鐘マリン / hololive】,Houshou Marine,,,【original anime MV】きゃぴ【宝鐘マリン / hololive】 Houshou Marine
2026-08-13,tw,Taiwan,top_videos_daily,,78,https://i.ytimg.com/vi/caxiOmSWWEM/mqdefault.jpg,好不容易 (《華燈初上》片尾曲),告五人,,,好不容易 (《華燈初上》片尾曲) 告五人
2026-08-13,tw,Taiwan,top_videos_daily,,79,https://i.ytimg.com/vi/tkwD6DLp62k/mqdefault.jpg,我甘願重新愛過,玖壹壹,"5月 20, 2026",15723,"79 19 我甘願重新愛過 玖壹壹 5月 20, 2026 60 84 15,723"
2026-08-13,tw,Taiwan,top_videos_daily,,80,https://i.ytimg.com/vi/nFYwcndNuOY/mqdefault.jpg,Armageddon,aespa,,,Armageddon aespa
2026-08-13,tw,Taiwan,top_videos_daily,,81,https://i.ytimg.com/vi/lVjGxpH2tT0/mqdefault.jpg,講袂出喙的情話,許富凱,"3月 31, 2026",15237,"81 19 講袂出喙的情話 許富凱 3月 31, 2026 62 107 15,237"
2026-08-13,tw,Taiwan,top_videos_daily,,82,https://i.ytimg.com/vi/PPZe2W49eiM/mqdefault.jpg,你有沒有真的愛過我,阿圖表妹,"8月 2, 2026",15085,"82 32 你有沒有真的愛過我 阿圖表妹 8月 2, 2026 50 6 15,085"
2026-08-13,tw,Taiwan,top_videos_daily,,83,https://i.ytimg.com/vi/xcFbyuzd9S8/mqdefault.jpg,Switchblade,aespa / Ty Dolla $ign,,,Switchblade aespa & Ty Dolla $ign
2026-08-13,tw,Taiwan,top_videos_daily,,84,https://i.ytimg.com/vi/RsvhTv8Ljs0/mqdefault.jpg,【MV首播】沈建豪 vs 陳淑萍 - 一生牽手過 (官方完整版MV) HD,豪記唱片 HCM Music,,,【MV首播】沈建豪 vs 陳淑萍 - 一生牽手過 (官方完整版MV) HD 豪記唱片 HCM Music
2026-08-13,tw,Taiwan,top_videos_daily,,85,https://i.ytimg.com/vi/inxzQt78lOk/mqdefault.jpg,KISS N TELL,aespa,,,KISS N TELL aespa
2026-08-13,tw,Taiwan,top_videos_daily,,86,https://i.ytimg.com/vi/Y4nEEZwckuU/mqdefault.jpg,群青 - Gunjō,YOASOBI,,,群青 - Gunjō YOASOBI
2026-08-13,tw,Taiwan,top_videos_daily,,87,https://i.ytimg.com/vi/U6BDbXIah-Y/mqdefault.jpg,REDRED,CORTIS,"4月 20, 2026",14471,"87 15 REDRED CORTIS 4月 20, 2026 72 100 14,471"
2026-08-13,tw,Taiwan,top_videos_daily,,88,https://i.ytimg.com/vi/xFylv8r_KPI/mqdefault.jpg,【純享版】楊宗緯岳雲鵬唱響閩南語經典《歡喜就好》！老歌就是有讓人停下來聽的魔力 攜男團同臺歡樂值拉滿 #天賜的聲音7 EP9 20260807,天賜的聲音,,20260807,【纯享版】杨宗纬岳云鹏唱响闽南语经典《欢喜就好》！老歌就是有让人停下来听的魔力 携男团同台欢乐值拉满 #天赐的声音7 EP9 20260807 天赐的声音
2026-08-13,tw,Taiwan,top_videos_daily,,89,https://i.ytimg.com/vi/6Xu-TGL-_qk/mqdefault.jpg,愛在夏天-盛夏之約,告五人,"9月 20, 2021",14456,"89 13 愛在夏天-盛夏之約 告五人 9月 20, 2021 76 2 14,456"
2026-08-13,tw,Taiwan,top_videos_daily,,90,https://i.ytimg.com/vi/X9-AVYHvcdc/mqdefault.jpg,伊是阮老爸,賴銘偉,"1月 2, 2017",14171,"90 17 伊是阮老爸 賴銘偉 1月 2, 2017 73 4 14,171"
2026-08-13,tw,Taiwan,top_videos_daily,,91,https://i.ytimg.com/vi/b1SRjGmgA54/mqdefault.jpg,傷心太平洋,任賢齊,"5月 25, 2012",14157,"91 7 傷心太平洋 任賢齊 5月 25, 2012 84 9 14,157"
2026-08-13,tw,Taiwan,top_videos_daily,,92,https://i.ytimg.com/vi/Sv2hV3j2WWg/mqdefault.jpg,周興哲Eric Chou《殼》- HBO原創影集《來！金來號！》片尾曲 Official Music Video,周興哲,,,周興哲Eric Chou《殼》- HBO原創影集《來！金來號！》片尾曲 Official Music Video 周興哲
2026-08-13,tw,Taiwan,top_videos_daily,,93,https://i.ytimg.com/vi/gdGdO6KjF1I/mqdefault.jpg,如果雨之後,周興哲,"12月 18, 2017",14086,"93 New 如果雨之後 周興哲 12月 18, 2017 - 1 14,086"
2026-08-13,tw,Taiwan,top_videos_daily,,94,https://i.ytimg.com/vi/BFAuO-mrhcA/mqdefault.jpg,有你有我,玖壹壹,"6月 16, 2026",13886,"94 19 有你有我 玖壹壹 6月 16, 2026 75 56 13,886"
2026-08-13,tw,Taiwan,top_videos_daily,,95,https://i.ytimg.com/vi/LYbHsAsj6i8/mqdefault.jpg,MOON,BABYMONSTER,,,MOON BABYMONSTER
2026-08-13,tw,Taiwan,top_videos_daily,,96,https://i.ytimg.com/vi/6lN51mwvuA8/mqdefault.jpg,Gg Ez,M.Sasuke,"5月 30, 2026",13765,"96 22 Gg Ez M.Sasuke 5月 30, 2026 74 42 13,765"
2026-08-13,tw,Taiwan,top_videos_daily,,97,https://i.ytimg.com/vi/L5J1Uc0SMoA/mqdefault.jpg,理想混蛋 Bestards【整個世界，只有你連上了我 Connecting to You】影集同名主題曲 Official Music Video,理想混蛋 Bestards,,,理想混蛋 Bestards【整個世界，只有你連上了我 Connecting to You】影集同名主題曲 Official Music Video 理想混蛋 Bestards
2026-08-13,tw,Taiwan,top_videos_daily,,98,https://i.ytimg.com/vi/97axrS3Npxk/mqdefault.jpg,步步,五月天 (Mayday),"12月 27, 2013",13244,"98 98 步步 五月天 (Mayday) 12月 27, 2013 - 11 13,244"
2026-08-13,tw,Taiwan,top_videos_daily,,99,https://i.ytimg.com/vi/omRez5-bIpY/mqdefault.jpg,沒有人像我一樣,宇宙人,"6月 23, 2026",13191,"99 10 沒有人像我一樣 宇宙人 6月 23, 2026 89 49 13,191"
2026-08-13,tw,Taiwan,top_videos_daily,,100,https://i.ytimg.com/vi/4DxL6IKmXx4/mqdefault.jpg,LiSA 『炎』 -MUSiC CLiP-,LiSA,,,LiSA 『炎』 -MUSiC CLiP- LiSA
2026-08-13,jp,Japan,top_videos_daily,,1,https://i.ytimg.com/vi/ZVUxJsPfoX8/mqdefault.jpg,好きすぎて滅！,M!LK,"10月 27, 2025",452719,"1 2 好きすぎて滅！ M!LK 10月 27, 2025 3 289 452,719"
2026-08-13,jp,Japan,top_videos_daily,,2,https://i.ytimg.com/vi/7VqCdhFGE78/mqdefault.jpg,M!LK - 罪と罰と雨とキス (佐野勇鬥＆吉田仁人) (Official Music Video),M!LK,,,M!LK - 罪と罰と雨とキス (佐野勇斗＆吉田仁人) (Official Music Video) M!LK
2026-08-13,jp,Japan,top_videos_daily,,3,https://i.ytimg.com/vi/dePs7UPp6GQ/mqdefault.jpg,Brand New,Mrs. GREEN APPLE,,,Brand New Mrs. GREEN APPLE
2026-08-13,jp,Japan,top_videos_daily,,4,https://i.ytimg.com/vi/KsHKaP50FBE/mqdefault.jpg,Yes! 東京,EBiDAN Ebisu Gakuen Boys Club,,,Yes! 東京 EBiDAN Ebisu Gakuen Boys Club
2026-08-13,jp,Japan,top_videos_daily,,5,https://i.ytimg.com/vi/tpFDnOnOdSQ/mqdefault.jpg,爆裂愛してる,M!LK,"2月 18, 2026",389533,"5 1 爆裂愛してる M!LK 2月 18, 2026 4 175 389,533"
2026-08-13,jp,Japan,top_videos_daily,,6,https://i.ytimg.com/vi/2I25AFSBm2g/mqdefault.jpg,夜の踴り子,魚韻,"9月 26, 2015",357252,"6 3 夜の踊り子 魚韻 9月 26, 2015 9 122 357,252"
2026-08-13,jp,Japan,top_videos_daily,,7,https://i.ytimg.com/vi/bMhDJ0S0OBA/mqdefault.jpg,It's Me,ILLIT,"4月 30, 2026",354478,"7 2 It's Me ILLIT 4月 30, 2026 5 104 354,478"
2026-08-13,jp,Japan,top_videos_daily,,8,https://i.ytimg.com/vi/Lz24PqZkF2s/mqdefault.jpg,HOT LIMIT,T.M.Revolution,,,HOT LIMIT T.M.Revolution
2026-08-13,jp,Japan,top_videos_daily,,9,https://i.ytimg.com/vi/3C0EOqt7sqA/mqdefault.jpg,You!Joy!Parade!,M!LK,,,You!Joy!Parade! M!LK
2026-08-13,jp,Japan,top_videos_daily,,10,https://i.ytimg.com/vi/YM_YU8HVpWM/mqdefault.jpg,エアロピクルス,KomeAnime,,,エアロピクルス KomeAnime
2026-08-13,jp,Japan,top_videos_daily,,11,https://i.ytimg.com/vi/49xuoRZiLZ4/mqdefault.jpg,エアロピクルス,KomeAnime,,,エアロピクルス KomeAnime
2026-08-13,jp,Japan,top_videos_daily,,12,https://i.ytimg.com/vi/YjPMupS1Lg4/mqdefault.jpg,烏,米津玄師,"6月 18, 2026",200746,"12 2 烏 米津玄師 6月 18, 2026 14 55 200,746"
2026-08-13,jp,Japan,top_videos_daily,,13,https://i.ytimg.com/vi/qE6EXHvvgcY/mqdefault.jpg,Yes! 東京,EBiDAN Ebisu Gakuen Boys Club,,,Yes! 東京 EBiDAN Ebisu Gakuen Boys Club
2026-08-13,jp,Japan,top_videos_daily,,14,https://i.ytimg.com/vi/e4M8z1xGTw0/mqdefault.jpg,アイドルパワー (Live),M!LK,,,アイドルパワー (Live) M!LK
2026-08-13,jp,Japan,top_videos_daily,,15,https://i.ytimg.com/vi/zIbb9YGquOs/mqdefault.jpg,You!Joy!Parade!,M!LK,,,You!Joy!Parade! M!LK
2026-08-13,jp,Japan,top_videos_daily,,16,https://i.ytimg.com/vi/kcXKLaLNqww/mqdefault.jpg,しおざきわんだーらんど,M!LK,,,しおざきわんだーらんど M!LK
2026-08-13,jp,Japan,top_videos_daily,,17,https://i.ytimg.com/vi/LmZD-TU96q4/mqdefault.jpg,IRIS OUT,米津玄師,"9月 15, 2025",186355,"17 1 IRIS OUT 米津玄師 9月 15, 2025 16 331 186,355"
2026-08-13,jp,Japan,top_videos_daily,,18,https://i.ytimg.com/vi/ufc54RdoitM/mqdefault.jpg,カリスマックス,Snow Man,,,カリスマックス Snow Man
2026-08-13,jp,Japan,top_videos_daily,,19,https://i.ytimg.com/vi/3lOsboT-IWU/mqdefault.jpg,マイオンリー - My Only,SixTONES,,,マイオンリー - My Only SixTONES
2026-08-13,jp,Japan,top_videos_daily,,20,https://i.ytimg.com/vi/PmkN1iH4Ci4/mqdefault.jpg,King Gnu - GO GHOST,King Gnu official YouTube channel,,,King Gnu - GO GHOST King Gnu official YouTube channel
2026-08-13,jp,Japan,top_videos_daily,,21,https://i.ytimg.com/vi/Y6kCZTIkQw4/mqdefault.jpg,チラチLOVE,M!LK,"7月 3, 2026",154931,"21 ● チラチLOVE M!LK 7月 3, 2026 21 40 154,931"
2026-08-13,jp,Japan,top_videos_daily,,22,https://i.ytimg.com/vi/dEEd9HHEQE0/mqdefault.jpg,真・運命,M!LK,"6月 17, 2026",153117,"22 2 真・運命 M!LK 6月 17, 2026 20 56 153,117"
2026-08-13,jp,Japan,top_videos_daily,,23,https://i.ytimg.com/vi/lsHy8vRpnAM/mqdefault.jpg,クスシキ - KUSUSHIKI,Mrs. GREEN APPLE,,,クスシキ - KUSUSHIKI Mrs. GREEN APPLE
2026-08-13,jp,Japan,top_videos_daily,,24,https://i.ytimg.com/vi/vBmU5v2EyxM/mqdefault.jpg,HOT LIMIT,T.M.Revolution,,,HOT LIMIT T.M.Revolution
2026-08-13,jp,Japan,top_videos_daily,,25,https://i.ytimg.com/vi/JofSrfFV4Kw/mqdefault.jpg,グッタイム (Live),Snow Man,,,グッタイム (Live) Snow Man
2026-08-13,jp,Japan,top_videos_daily,,26,https://i.ytimg.com/vi/UsbRoaH6y-Q/mqdefault.jpg,KiiiKiii 키키 'Pop Off Pop Off' MV,STARSHIP,,,KiiiKiii 키키 'Pop Off Pop Off' MV STARSHIP
2026-08-13,jp,Japan,top_videos_daily,,27,https://i.ytimg.com/vi/q-WSr-39PAA/mqdefault.jpg,マジ！Magic！PEACH！ - Maji! Magic! PEACH!,VOLTACTION,,,マジ！Magic！PEACH！ - Maji! Magic! PEACH! VOLTACTION
2026-08-13,jp,Japan,top_videos_daily,,28,https://i.ytimg.com/vi/MjeiIal1ZR0/mqdefault.jpg,lulu.,Mrs. GREEN APPLE,,,lulu. Mrs. GREEN APPLE
2026-08-13,jp,Japan,top_videos_daily,,29,https://i.ytimg.com/vi/1DzBKtD3JzI/mqdefault.jpg,Five,嵐,"3月 5, 2026",138963,"29 3 Five 嵐 3月 5, 2026 32 160 138,963"
2026-08-13,jp,Japan,top_videos_daily,,30,https://i.ytimg.com/vi/4IKHox-DKrM/mqdefault.jpg,【Ado】モンストロ,Ado,"8月 6, 2026",138473,"30 11 【Ado】モンストロ Ado 8月 6, 2026 19 5 138,473"
2026-08-13,jp,Japan,top_videos_daily,,31,https://i.ytimg.com/vi/gNg2Qw5R-Q4/mqdefault.jpg,セレナーデ - Serenade,natori,,,セレナーデ - Serenade natori
2026-08-13,jp,Japan,top_videos_daily,,32,https://i.ytimg.com/vi/gXNbJEYuoSw/mqdefault.jpg,"BE:FIRST / BRUCE WAYNE feat. Flo Milli, ATL Jacob -Music Video-",BE:FIRST Official,,,"BE:FIRST / BRUCE WAYNE feat. Flo Milli, ATL Jacob -Music Video- BE:FIRST Official"
2026-08-13,jp,Japan,top_videos_daily,,33,https://i.ytimg.com/vi/pm3KrQ-HOZQ/mqdefault.jpg,好きすぎて滅 (Live),M!LK,,,好きすぎて滅 (Live) M!LK
2026-08-13,jp,Japan,top_videos_daily,,34,https://i.ytimg.com/vi/l2jvIuTp534/mqdefault.jpg,夜鷹,米津玄師,"7月 15, 2026",129256,"34 7 夜鷹 米津玄師 7月 15, 2026 27 28 129,256"
2026-08-13,jp,Japan,top_videos_daily,,35,https://i.ytimg.com/vi/qFhspt7zsXg/mqdefault.jpg,BUGS LIFE,Number_i,,,BUGS LIFE Number_i
2026-08-13,jp,Japan,top_videos_daily,,36,https://i.ytimg.com/vi/lOpdrEgmYzY/mqdefault.jpg,It's Me,ILLIT,"5月 6, 2026",125675,"36 1 It's Me ILLIT 5月 6, 2026 37 63 125,675"
2026-08-13,jp,Japan,top_videos_daily,,37,https://i.ytimg.com/vi/zz2a9Q2Wru0/mqdefault.jpg,AIZO,King Gnu,"1月 16, 2026",124449,"37 1 AIZO King Gnu 1月 16, 2026 36 207 124,449"
2026-08-13,jp,Japan,top_videos_daily,,38,https://i.ytimg.com/vi/T24rF_x0TmQ/mqdefault.jpg,ヤラララ,AnythingBecomeMoe,,,ヤラララ AnythingBecomeMoe
2026-08-13,jp,Japan,top_videos_daily,,39,https://i.ytimg.com/vi/OHAjc-ayhus/mqdefault.jpg,あぶく,YORUSHIKA,"4月 24, 2026",120266,"39 6 あぶく YORUSHIKA 4月 24, 2026 33 110 120,266"
2026-08-13,jp,Japan,top_videos_daily,,40,https://i.ytimg.com/vi/I_6m6_Ylyd8/mqdefault.jpg,Missing,BE:FIRST,,,Missing BE:FIRST
2026-08-13,jp,Japan,top_videos_daily,,41,https://i.ytimg.com/vi/v4kWR_REDEU/mqdefault.jpg,分かっちゃいないね,花隈千冬 / monet,,,分かっちゃいないね 花隈千冬 & monet
2026-08-13,jp,Japan,top_videos_daily,,42,https://i.ytimg.com/vi/sPLqsLsooJY/mqdefault.jpg,JANE DOE,米津玄師 / 宇多田光,,,JANE DOE 米津玄師 & 宇多田光
2026-08-13,jp,Japan,top_videos_daily,,43,https://i.ytimg.com/vi/LM875jeR-PM/mqdefault.jpg,It's Me,ILLIT,"5月 7, 2026",110512,"43 3 It's Me ILLIT 5月 7, 2026 40 80 110,512"
2026-08-13,jp,Japan,top_videos_daily,,44,https://i.ytimg.com/vi/dy90tA3TT1c/mqdefault.jpg,怪物,YOASOBI,"1月 13, 2021",108576,"44 3 怪物 YOASOBI 1月 13, 2021 41 35 108,576"
2026-08-13,jp,Japan,top_videos_daily,,45,https://i.ytimg.com/vi/-q_S27LbNKU/mqdefault.jpg,BAD,ATEEZ,"6月 25, 2026",107744,"45 1 BAD ATEEZ 6月 25, 2026 46 35 107,744"
2026-08-13,jp,Japan,top_videos_daily,,46,https://i.ytimg.com/vi/ru6i9lo4zBE/mqdefault.jpg,ブルーアンバー - Blue Amber,back number,,,ブルーアンバー - Blue Amber back number
2026-08-13,jp,Japan,top_videos_daily,,47,https://i.ytimg.com/vi/BZ4UzthYTss/mqdefault.jpg,"Stray Kids ""This & That"" M/V",Stray Kids,,,"Stray Kids ""This & That"" M/V Stray Kids"
2026-08-13,jp,Japan,top_videos_daily,,48,https://i.ytimg.com/vi/-H4bB6hxeEs/mqdefault.jpg,【original anime MV】きゃぴ【寶鐘マリン / hololive】,Houshou Marine,,,【original anime MV】きゃぴ【宝鐘マリン / hololive】 Houshou Marine
2026-08-13,jp,Japan,top_videos_daily,,49,https://i.ytimg.com/vi/4JU6vd8KNX8/mqdefault.jpg,Handz In My Pocket,JO1,,,Handz In My Pocket JO1
2026-08-13,jp,Japan,top_videos_daily,,50,https://i.ytimg.com/vi/TtAgxS48tyg/mqdefault.jpg,クエスチョン - Question,meiyo,,,クエスチョン - Question meiyo
2026-08-13,jp,Japan,top_videos_daily,,51,https://i.ytimg.com/vi/_Pk6xfju3l0/mqdefault.jpg,"ILLIT (아일릿) 'I Got Your Back (Feat. JISOO, MOMOKA of HANA)' Official MV",ILLIT,,,"ILLIT (아일릿) 'I Got Your Back (Feat. JISOO, MOMOKA of HANA)' Official MV ILLIT"
2026-08-13,jp,Japan,top_videos_daily,,52,https://i.ytimg.com/vi/oWRCXGvcU9s/mqdefault.jpg,愛くださいませ,NOT EQUAL ME,,,愛くださいませ NOT EQUAL ME
2026-08-13,jp,Japan,top_videos_daily,,53,https://i.ytimg.com/vi/ViFHruS6oO8/mqdefault.jpg,おつかれSUMMER,Halcali,,,おつかれSUMMER Halcali
2026-08-13,jp,Japan,top_videos_daily,,54,https://i.ytimg.com/vi/AuxeE6T5cZo/mqdefault.jpg,GOODKUN,テセサク,"7月 7, 2026",89054,"54 10 GOODKUN テセサク 7月 7, 2026 44 26 89,054"
2026-08-13,jp,Japan,top_videos_daily,,55,https://i.ytimg.com/vi/kC0SA9Vkdos/mqdefault.jpg,Hearts2Hearts 하츠투하츠 'ICONIC HEART' MV Teaser,SMTOWN,,,Hearts2Hearts 하츠투하츠 'ICONIC HEART' MV Teaser SMTOWN
2026-08-13,jp,Japan,top_videos_daily,,56,https://i.ytimg.com/vi/8ZP5eqm4JqM/mqdefault.jpg,ビビデバ,星街彗星,"3月 22, 2024",88046,"56 56 ビビデバ 星街彗星 3月 22, 2024 - 372 88,046"
2026-08-13,jp,Japan,top_videos_daily,,57,https://i.ytimg.com/vi/VQmdUnlNnds/mqdefault.jpg,キュートなキューたい,CUTIE STREET,,,キュートなキューたい CUTIE STREET
2026-08-13,jp,Japan,top_videos_daily,,58,https://i.ytimg.com/vi/dB8QCac8FSM/mqdefault.jpg,Yukopi - 將棋一番！ (feat.歌愛ユキ),Yukopi,,,Yukopi - 将棋一番！ (feat.歌愛ユキ) Yukopi
2026-08-13,jp,Japan,top_videos_daily,,59,https://i.ytimg.com/vi/fcnDmrtj6Sk/mqdefault.jpg,Dai Dai,Shakira / Burna Boy,,,Dai Dai Shakira & Burna Boy
2026-08-13,jp,Japan,top_videos_daily,,60,https://i.ytimg.com/vi/3eytpBOkOFA/mqdefault.jpg,祝福 - Shukufuku,YOASOBI,,,祝福 - Shukufuku YOASOBI
2026-08-13,jp,Japan,top_videos_daily,,61,https://i.ytimg.com/vi/OIBODIPC_8Y/mqdefault.jpg,勇者 - Yūsha,YOASOBI,,,勇者 - Yūsha YOASOBI
2026-08-13,jp,Japan,top_videos_daily,,62,https://i.ytimg.com/vi/83C3TZ4Zm_o/mqdefault.jpg,LEMONADE,aespa,"5月 28, 2026",82453,"62 10 LEMONADE aespa 5月 28, 2026 52 75 82,453"
2026-08-13,jp,Japan,top_videos_daily,,63,https://i.ytimg.com/vi/hmTET9uBh8A/mqdefault.jpg,未完成婚姻論,Dannie May,,,未完成婚姻論 Dannie May
2026-08-13,jp,Japan,top_videos_daily,,64,https://i.ytimg.com/vi/IQN7mEwkFpQ/mqdefault.jpg,センセーション,FRUITS ZIPPER,,,センセーション FRUITS ZIPPER
2026-08-13,jp,Japan,top_videos_daily,,65,https://i.ytimg.com/vi/c6IPi5QIyUs/mqdefault.jpg,"TWICE ""FIREWORK"" Live Stage @ TWICE ＜THIS IS FOR＞ WORLD TOUR FINALE IN SEOUL",TWICE,,,"TWICE ""FIREWORK"" Live Stage @ TWICE ＜THIS IS FOR＞ WORLD TOUR FINALE IN SEOUL TWICE"
2026-08-13,jp,Japan,top_videos_daily,,66,https://i.ytimg.com/vi/oRdxUFDoQe0/mqdefault.jpg,Beat It,Michael Jackson,,,Beat It Michael Jackson
2026-08-13,jp,Japan,top_videos_daily,,67,https://i.ytimg.com/vi/X8njjHdF1go/mqdefault.jpg,王道 - Oudo,Kuzuha,,,王道 - Oudo Kuzuha
2026-08-13,jp,Japan,top_videos_daily,,68,https://i.ytimg.com/vi/IPBXepn5jTA/mqdefault.jpg,若者のすべて(Wakamono No Subete),富士纖維樂團,,,若者のすべて(Wakamono No Subete) 富士纖維樂團
2026-08-13,jp,Japan,top_videos_daily,,69,https://i.ytimg.com/vi/9NJI7cLZ2Qg/mqdefault.jpg,風と町,Mrs. GREEN APPLE,,,風と町 Mrs. GREEN APPLE
2026-08-13,jp,Japan,top_videos_daily,,70,https://i.ytimg.com/vi/Xz5tOyOafVc/mqdefault.jpg,どこまでも ～How Far I'll Go～,屋比久知奈,,,どこまでも ～How Far I'll Go～ 屋比久知奈
2026-08-13,jp,Japan,top_videos_daily,,71,https://i.ytimg.com/vi/nxLLYYgITzc/mqdefault.jpg,消えない花火,timelesz,"6月 25, 2026",70713,"71 3 消えない花火 timelesz 6月 25, 2026 68 48 70,713"
2026-08-13,jp,Japan,top_videos_daily,,72,https://i.ytimg.com/vi/6lN51mwvuA8/mqdefault.jpg,Gg Ez,M.Sasuke,"5月 30, 2026",68824,"72 10 Gg Ez M.Sasuke 5月 30, 2026 62 24 68,824"
2026-08-13,jp,Japan,top_videos_daily,,73,https://i.ytimg.com/vi/SzwpFnpK7ZI/mqdefault.jpg,Kiss Plan,M!LK,"1月 23, 2024",68227,"73 8 Kiss Plan M!LK 1月 23, 2024 65 18 68,227"
2026-08-13,jp,Japan,top_videos_daily,,74,https://i.ytimg.com/vi/4FOSHKro21k/mqdefault.jpg,きゃわぽっぴんどぅ,iLiFE!,,,きゃわぽっぴんどぅ iLiFE!
2026-08-13,jp,Japan,top_videos_daily,,75,https://i.ytimg.com/vi/PE-wNZgNsrI/mqdefault.jpg,地球してるぜ,Snow Man,"1月 21, 2026",67381,"75 75 地球してるぜ Snow Man 1月 21, 2026 - 38 67,381"
2026-08-13,jp,Japan,top_videos_daily,,76,https://i.ytimg.com/vi/QzfZuU_LPN0/mqdefault.jpg,Virtual Insanity (Lyrics in Japanese and English),Jamiroquai,,,Virtual Insanity (Lyrics in Japanese and English) Jamiroquai
2026-08-13,jp,Japan,top_videos_daily,,77,https://i.ytimg.com/vi/Nxwt_s1lM04/mqdefault.jpg,Mr.Children 「Tomorrow never knows」 MUSIC VIDEO,Mr.Children,,,Mr.Children 「Tomorrow never knows」 MUSIC VIDEO Mr.Children
2026-08-13,jp,Japan,top_videos_daily,,78,https://i.ytimg.com/vi/CkvWJNt77mU/mqdefault.jpg,晴る,YORUSHIKA,"3月 5, 2024",66758,"78 78 晴る YORUSHIKA 3月 5, 2024 - 169 66,758"
2026-08-13,jp,Japan,top_videos_daily,,79,https://i.ytimg.com/vi/tH0adwJNNRc/mqdefault.jpg,iiONDO - はつ戀ONDO (Official Music Video),iiONDO,,,iiONDO - はつ恋ONDO (Official Music Video) iiONDO
2026-08-13,jp,Japan,top_videos_daily,,80,https://i.ytimg.com/vi/W7vfwpV5jBk/mqdefault.jpg,BAD LOVE,HANA,"8月 5, 2026",66509,"80 8 BAD LOVE HANA 8月 5, 2026 72 7 66,509"
2026-08-13,jp,Japan,top_videos_daily,,81,https://i.ytimg.com/vi/lmYusdmVg28/mqdefault.jpg,Dance Forever,SixTONES,,,Dance Forever SixTONES
2026-08-13,jp,Japan,top_videos_daily,,82,https://i.ytimg.com/vi/r107W1YXrSM/mqdefault.jpg,TM NETWORK「Get Wild」Official Music Video,TMNETWORK,,,TM NETWORK「Get Wild」Official Music Video TMNETWORK
2026-08-13,jp,Japan,top_videos_daily,,83,https://i.ytimg.com/vi/QK3F8bn2a58/mqdefault.jpg,テレパシー - Telepathy,M!LK,,,テレパシー - Telepathy M!LK
2026-08-13,jp,Japan,top_videos_daily,,84,https://i.ytimg.com/vi/6_nWHrfAyFA/mqdefault.jpg,"【MV】FRUITS ZIPPER『1,2,3,FOOOOUR』",KAWAII LAB.,,123,"【MV】FRUITS ZIPPER『1,2,3,FOOOOUR』 KAWAII LAB."
2026-08-13,jp,Japan,top_videos_daily,,85,https://i.ytimg.com/vi/TfvYFX06Mes/mqdefault.jpg,真夜中のZOO (Live),ACEes,,,真夜中のZOO (Live) ACEes
2026-08-13,jp,Japan,top_videos_daily,,86,https://i.ytimg.com/vi/VEiBxLwfU3E/mqdefault.jpg,オドロウゼ！,Snow Man,"2月 23, 2026",64750,"86 5 オドロウゼ！ Snow Man 2月 23, 2026 81 111 64,750"
2026-08-13,jp,Japan,top_videos_daily,,87,https://i.ytimg.com/vi/7zBeQezaz4U/mqdefault.jpg,クリスマスソング - Christmas Song,back number,,,クリスマスソング - Christmas Song back number
2026-08-13,jp,Japan,top_videos_daily,,88,https://i.ytimg.com/vi/SfjSTlEHCSg/mqdefault.jpg,OBF,Joe Rikiichi,,,OBF Joe Rikiichi
2026-08-13,jp,Japan,top_videos_daily,,89,https://i.ytimg.com/vi/9lVPAWLWtWc/mqdefault.jpg,花に亡霊 - Ghost in a Flower,YORUSHIKA,,,花に亡霊 - Ghost in a Flower YORUSHIKA
2026-08-13,jp,Japan,top_videos_daily,,90,https://i.ytimg.com/vi/9cS2wv6AfHk/mqdefault.jpg,I LIKE IT,BABYMONSTER,,,I LIKE IT BABYMONSTER
2026-08-13,jp,Japan,top_videos_daily,,91,https://i.ytimg.com/vi/xoBdZngf5Hs/mqdefault.jpg,Bad Girl,HANA,"3月 27, 2026",61921,"91 7 Bad Girl HANA 3月 27, 2026 84 137 61,921"
2026-08-13,jp,Japan,top_videos_daily,,92,https://i.ytimg.com/vi/vo_qsb635u0/mqdefault.jpg,This & That,Stray Kids,,,This & That Stray Kids
2026-08-13,jp,Japan,top_videos_daily,,93,https://i.ytimg.com/vi/8OCvkuxnIuw/mqdefault.jpg,真夏の果実 - Manatsu No Kajitsu,SOUTHERN ALL STARS,,,真夏の果実 - Manatsu No Kajitsu SOUTHERN ALL STARS
2026-08-13,jp,Japan,top_videos_daily,,94,https://i.ytimg.com/vi/llGkuk4IV1g/mqdefault.jpg,NON STOP,HANA,"8月 5, 2026",60694,"94 17 NON STOP HANA 8月 5, 2026 77 7 60,694"
2026-08-13,jp,Japan,top_videos_daily,,95,https://i.ytimg.com/vi/inxzQt78lOk/mqdefault.jpg,KISS N TELL,aespa,,,KISS N TELL aespa
2026-08-13,jp,Japan,top_videos_daily,,96,https://i.ytimg.com/vi/uy_BaRBJIzQ/mqdefault.jpg,わたがし,back number,,,わたがし back number
2026-08-13,jp,Japan,top_videos_daily,,97,https://i.ytimg.com/vi/Gnn4GRSzRXI/mqdefault.jpg,BOOMPALA,LE SSERAFIM,,,BOOMPALA LE SSERAFIM
2026-08-13,jp,Japan,top_videos_daily,,98,https://i.ytimg.com/vi/3Cb8xhXfxKs/mqdefault.jpg,Zoo,Shakira,"2月 2, 2026",58606,"98 1 Zoo Shakira 2月 2, 2026 99 111 58,606"
2026-08-13,jp,Japan,top_videos_daily,,99,https://i.ytimg.com/vi/Y4nEEZwckuU/mqdefault.jpg,群青 - Gunjō,YOASOBI,,,群青 - Gunjō YOASOBI
2026-08-13,jp,Japan,top_videos_daily,,100,https://i.ytimg.com/vi/EHw005ZqCXk/mqdefault.jpg,Official髭男dism - ノーダウト［Official Video］,Official髭男dism,,,Official髭男dism - ノーダウト［Official Video］ Official髭男dism
2026-08-13,kr,South Korea,top_videos_daily,,1,https://i.ytimg.com/vi/UsbRoaH6y-Q/mqdefault.jpg,KiiiKiii 키키 'Pop Off Pop Off' MV,STARSHIP,,,KiiiKiii 키키 'Pop Off Pop Off' MV STARSHIP
2026-08-13,kr,South Korea,top_videos_daily,,2,https://i.ytimg.com/vi/kC0SA9Vkdos/mqdefault.jpg,Hearts2Hearts 하츠투하츠 'ICONIC HEART' MV Teaser,SMTOWN,,,Hearts2Hearts 하츠투하츠 'ICONIC HEART' MV Teaser SMTOWN
2026-08-13,kr,South Korea,top_videos_daily,,3,https://i.ytimg.com/vi/9XttLI0oH0I/mqdefault.jpg,LOVE ATTACK,RESCENE,,,LOVE ATTACK RESCENE
2026-08-13,kr,South Korea,top_videos_daily,,4,https://i.ytimg.com/vi/GxChUrrY4bc/mqdefault.jpg,꿈꾸던 어른이 되었나요?,머무르,,,꿈꾸던 어른이 되었나요? 머무르
2026-08-13,kr,South Korea,top_videos_daily,,5,https://i.ytimg.com/vi/Jxgbfc89hNI/mqdefault.jpg,Suddenly,I.O.I,"5月 19, 2026",119633,"5 2 Suddenly I.O.I 5月 19, 2026 3 85 119,633"
2026-08-13,kr,South Korea,top_videos_daily,,6,https://i.ytimg.com/vi/qZlu2j2SiBA/mqdefault.jpg,Pretty Girl,RESCENE,,,Pretty Girl RESCENE
2026-08-13,kr,South Korea,top_videos_daily,,7,https://i.ytimg.com/vi/-q_S27LbNKU/mqdefault.jpg,BAD,ATEEZ,"6月 25, 2026",95431,"7 1 BAD ATEEZ 6月 25, 2026 8 47 95,431"
2026-08-13,kr,South Korea,top_videos_daily,,8,https://i.ytimg.com/vi/bMhDJ0S0OBA/mqdefault.jpg,It's Me,ILLIT,"4月 30, 2026",92543,"8 1 It's Me ILLIT 4月 30, 2026 7 104 92,543"
2026-08-13,kr,South Korea,top_videos_daily,,9,https://i.ytimg.com/vi/m3DZsBw5bnE/mqdefault.jpg,"How can I love the heartbreak, you’re the one I love",AKMU,,,"How can I love the heartbreak, you’re the one I love AKMU"
2026-08-13,kr,South Korea,top_videos_daily,,10,https://i.ytimg.com/vi/ApXoWvfEYVU/mqdefault.jpg,Sunflower,Post Malone / Swae Lee,,,Sunflower Post Malone & Swae Lee
2026-08-13,kr,South Korea,top_videos_daily,,11,https://i.ytimg.com/vi/Us5aTWQaDyI/mqdefault.jpg,NOWZ (나우즈) 'Achilles' Official Music Video,NOWZ 나우즈 (Official YouTube Channel),,,NOWZ (나우즈) 'Achilles' Official Music Video NOWZ 나우즈 (Official YouTube Channel)
2026-08-13,kr,South Korea,top_videos_daily,,12,https://i.ytimg.com/vi/-Gv1oUyuzgA/mqdefault.jpg,[MV] JUEUN(주은) _ Heartbeat(너랑 나는) (Feat.SHIRT),JUEUN,,,[MV] JUEUN(주은) _ Heartbeat(너랑 나는) (Feat.SHIRT) JUEUN
2026-08-13,kr,South Korea,top_videos_daily,,13,https://i.ytimg.com/vi/83C3TZ4Zm_o/mqdefault.jpg,LEMONADE,aespa,"5月 28, 2026",75625,"13 4 LEMONADE aespa 5月 28, 2026 9 75 75,625"
2026-08-13,kr,South Korea,top_videos_daily,,14,https://i.ytimg.com/vi/Qe8fa4b5xNU/mqdefault.jpg,Good Goodbye,HWASA,,,Good Goodbye HWASA
2026-08-13,kr,South Korea,top_videos_daily,,15,https://i.ytimg.com/vi/sFK89gemgKM/mqdefault.jpg,Eternal Moment,任英雄,,,Eternal Moment 任英雄
2026-08-13,kr,South Korea,top_videos_daily,,16,https://i.ytimg.com/vi/ZbO9PBdFRdc/mqdefault.jpg,Deja Vu,RESCENE,"7月 2, 2025",71579,"16 3 Deja Vu RESCENE 7月 2, 2025 13 90 71,579"
2026-08-13,kr,South Korea,top_videos_daily,,17,https://i.ytimg.com/vi/3Pbrd5piZNM/mqdefault.jpg,TAEMIN (태민) - 'This Is The End' Official Video,泰民,,,TAEMIN (태민) - 'This Is The End' Official Video 泰民
2026-08-13,kr,South Korea,top_videos_daily,,18,https://i.ytimg.com/vi/XPUOHpkRAxg/mqdefault.jpg,마음의 숲,조선힙합,"4月 9, 2026",66453,"18 ● 마음의 숲 조선힙합 4月 9, 2026 18 84 66,453"
2026-08-13,kr,South Korea,top_videos_daily,,19,https://i.ytimg.com/vi/dB8QCac8FSM/mqdefault.jpg,Yukopi - 將棋一番！ (feat.歌愛ユキ),Yukopi,,,Yukopi - 将棋一番！ (feat.歌愛ユキ) Yukopi
2026-08-13,kr,South Korea,top_videos_daily,,20,https://i.ytimg.com/vi/6ZUIwj3FgUY/mqdefault.jpg,I AM,IVE,"4月 10, 2023",64548,"20 20 I AM IVE 4月 10, 2023 - 189 64,548"
2026-08-13,kr,South Korea,top_videos_daily,,21,https://i.ytimg.com/vi/F7sGJVUrkjQ/mqdefault.jpg,RUDE!,Hearts2Hearts,,,RUDE! Hearts2Hearts
2026-08-13,kr,South Korea,top_videos_daily,,22,https://i.ytimg.com/vi/rCeM57e2BfU/mqdefault.jpg,And July,Heize,"7月 17, 2016",62394,"22 4 And July Heize 7月 17, 2016 26 77 62,394"
2026-08-13,kr,South Korea,top_videos_daily,,23,https://i.ytimg.com/vi/Ua3aNDJE_Cg/mqdefault.jpg,When I Get Old,克里斯多福 / 請夏,,,When I Get Old 克里斯多福 & 請夏
2026-08-13,kr,South Korea,top_videos_daily,,24,https://i.ytimg.com/vi/pHciG9_2xXM/mqdefault.jpg,"Meet my GRLS, TUIDE",HYBE LABELS,,,"Meet my GRLS, TUIDE HYBE LABELS"
2026-08-13,kr,South Korea,top_videos_daily,,25,https://i.ytimg.com/vi/Zt939FWYipg/mqdefault.jpg,KiiiKiii 키키 'Pop Off Pop Off'｜On the Spot｜온더스팟,1theK Originals - 원더케이 오리지널,,,KiiiKiii 키키 'Pop Off Pop Off'｜On the Spot｜온더스팟 1theK Originals - 원더케이 오리지널
2026-08-13,kr,South Korea,top_videos_daily,,26,https://i.ytimg.com/vi/B2nMSP-Mgvo/mqdefault.jpg,살기 위해서,Noel,"12月 5, 2011",56350,"26 26 살기 위해서 Noel 12月 5, 2011 - 337 56,350"
2026-08-13,kr,South Korea,top_videos_daily,,27,https://i.ytimg.com/vi/h0KIWaUEIgQ/mqdefault.jpg,사랑하게 될 거야,HANRORO,,,사랑하게 될 거야 HANRORO
2026-08-13,kr,South Korea,top_videos_daily,,28,https://i.ytimg.com/vi/H0GbvPY_Yl8/mqdefault.jpg,만찬가,TAEYEON,"6月 29, 2026",54711,"28 9 만찬가 TAEYEON 6月 29, 2026 19 37 54,711"
2026-08-13,kr,South Korea,top_videos_daily,,29,https://i.ytimg.com/vi/R9miRFaYbWo/mqdefault.jpg,KiiiKiii 키키 'Candy Pink Magic Hole Flip Phone (나 어떡해)' Stop Motion,KiiiKiii,,,KiiiKiii 키키 'Candy Pink Magic Hole Flip Phone (나 어떡해)' Stop Motion KiiiKiii
2026-08-13,kr,South Korea,top_videos_daily,,30,https://i.ytimg.com/vi/xRbPAVnqtcs/mqdefault.jpg,Travel,臉紅的思春期,"5月 24, 2018",53531,"30 30 Travel 臉紅的思春期 5月 24, 2018 - 115 53,531"
2026-08-13,kr,South Korea,top_videos_daily,,31,https://i.ytimg.com/vi/amOSaNX7KJg/mqdefault.jpg,Way Back Home,SHAUN,,,Way Back Home SHAUN
2026-08-13,kr,South Korea,top_videos_daily,,32,https://i.ytimg.com/vi/30hZXHeB85U/mqdefault.jpg,ULSSIGU,任英雄,"9月 14, 2025",51078,"32 5 ULSSIGU 任英雄 9月 14, 2025 27 330 51,078"
2026-08-13,kr,South Korea,top_videos_daily,,33,https://i.ytimg.com/vi/f5ShDNOqq1E/mqdefault.jpg,Memory of the Wind,Naul,,,Memory of the Wind Naul
2026-08-13,kr,South Korea,top_videos_daily,,34,https://i.ytimg.com/vi/5_n6t9G2TUQ/mqdefault.jpg,To. X,太妍,"11月 27, 2023",49508,"34 5 To. X 太妍 11月 27, 2023 39 284 49,508"
2026-08-13,kr,South Korea,top_videos_daily,,35,https://i.ytimg.com/vi/UsjsYMo3O1Q/mqdefault.jpg,Brain Rot,Tokyo Manaka,,,Brain Rot Tokyo Manaka
2026-08-13,kr,South Korea,top_videos_daily,,36,https://i.ytimg.com/vi/D54StAZFUrc/mqdefault.jpg,Paradise of Rumors,AKMU,,,Paradise of Rumors AKMU
2026-08-13,kr,South Korea,top_videos_daily,,37,https://i.ytimg.com/vi/GnSaLQTrvt0/mqdefault.jpg,Good Goodbye,HWASA,,,Good Goodbye HWASA
2026-08-13,kr,South Korea,top_videos_daily,,38,https://i.ytimg.com/vi/4L_YopHT3Gg/mqdefault.jpg,돌아보지 마세요,Lim Young-woong,,,돌아보지 마세요 Lim Young-woong
2026-08-13,kr,South Korea,top_videos_daily,,39,https://i.ytimg.com/vi/PfiIRJP8mN4/mqdefault.jpg,정승환 '좋은 밤 좋은 꿈' Cover (원곡 : 너드커넥션 (Nerd Connection)) | SeungTUDIO,鄭承煥,,,정승환 '좋은 밤 좋은 꿈' Cover (원곡 : 너드커넥션 (Nerd Connection)) | SeungTUDIO 鄭承煥
2026-08-13,kr,South Korea,top_videos_daily,,40,https://i.ytimg.com/vi/s8BOZFalBI8/mqdefault.jpg,NCT 127 엔시티 127 'Piñata' Track Video,NCT 127,,127,NCT 127 엔시티 127 'Piñata' Track Video NCT 127
2026-08-13,kr,South Korea,top_videos_daily,,41,https://i.ytimg.com/vi/yebNIHKAC4A/mqdefault.jpg,Golden,HUNTR/X / EJAE / AUDREY NUNA / REI AMI / KPop Demon Hunters Cast,,,"Golden HUNTR/X , EJAE , AUDREY NUNA , REI AMI & KPop Demon Hunters Cast"
2026-08-13,kr,South Korea,top_videos_daily,,42,https://i.ytimg.com/vi/7LjFAoWvsbE/mqdefault.jpg,Walking with you,滑川康男,,,Walking with you 滑川康男
2026-08-13,kr,South Korea,top_videos_daily,,43,https://i.ytimg.com/vi/U6BDbXIah-Y/mqdefault.jpg,REDRED,CORTIS,"4月 20, 2026",42903,"43 14 REDRED CORTIS 4月 20, 2026 29 114 42,903"
2026-08-13,kr,South Korea,top_videos_daily,,44,https://i.ytimg.com/vi/vYq_Xzj8HUM/mqdefault.jpg,Hit 'Em,MEOVV,"6月 11, 2026",42688,"44 3 Hit 'Em MEOVV 6月 11, 2026 41 46 42,688"
2026-08-13,kr,South Korea,top_videos_daily,,45,https://i.ytimg.com/vi/sLk8zWUuYTA/mqdefault.jpg,Vitamin ME,fromis_9,,,Vitamin ME fromis_9
2026-08-13,kr,South Korea,top_videos_daily,,46,https://i.ytimg.com/vi/fOdML_XhHvQ/mqdefault.jpg,비가 오는 날엔,Heize,"8月 4, 2021",42150,"46 15 비가 오는 날엔 Heize 8月 4, 2021 61 103 42,150"
2026-08-13,kr,South Korea,top_videos_daily,,47,https://i.ytimg.com/vi/6lN51mwvuA8/mqdefault.jpg,Gg Ez,M.Sasuke,"5月 30, 2026",42066,"47 12 Gg Ez M.Sasuke 5月 30, 2026 35 47 42,066"
2026-08-13,kr,South Korea,top_videos_daily,,48,https://i.ytimg.com/vi/ylTuLv9iDmY/mqdefault.jpg,A SONG FOR US,Lim Young-woong,,,A SONG FOR US Lim Young-woong
2026-08-13,kr,South Korea,top_videos_daily,,49,https://i.ytimg.com/vi/sCmcSBsTxQc/mqdefault.jpg,Rain and You,이무진,,,Rain and You 이무진
2026-08-13,kr,South Korea,top_videos_daily,,50,https://i.ytimg.com/vi/QegVCwL1CFU/mqdefault.jpg,[MV] 더베인 (THE VANE) - 싹 (Sprout),The Vane,,,[MV] 더베인 (THE VANE) - 싹 (Sprout) The Vane
2026-08-13,kr,South Korea,top_videos_daily,,51,https://i.ytimg.com/vi/3DOkxQ3HDXE/mqdefault.jpg,아로하,曹政奭,"3月 26, 2020",41115,"51 1 아로하 曹政奭 3月 26, 2020 50 85 41,115"
2026-08-13,kr,South Korea,top_videos_daily,,52,https://i.ytimg.com/vi/5hL7uPsISY0/mqdefault.jpg,그냥 해,조선힙합,"6月 16, 2026",40968,"52 8 그냥 해 조선힙합 6月 16, 2026 44 56 40,968"
2026-08-13,kr,South Korea,top_videos_daily,,53,https://i.ytimg.com/vi/cHkDZ1ekB9U/mqdefault.jpg,나무,"Car, the garden",,,"나무 Car, the garden"
2026-08-13,kr,South Korea,top_videos_daily,,54,https://i.ytimg.com/vi/T24rF_x0TmQ/mqdefault.jpg,ヤラララ,AnythingBecomeMoe,,,ヤラララ AnythingBecomeMoe
2026-08-13,kr,South Korea,top_videos_daily,,55,https://i.ytimg.com/vi/Tp4GDTcN2iI/mqdefault.jpg,[성시경 노래] 72. 이별여행 (With.원미연) l Sung Si Kyung Music,成始璄,,,[성시경 노래] 72. 이별여행 (With.원미연) l Sung Si Kyung Music 成始璄
2026-08-13,kr,South Korea,top_videos_daily,,56,https://i.ytimg.com/vi/kbNdx0yqbZE/mqdefault.jpg,モニタリング,DECO*27,"11月 22, 2024",37683,"56 5 モニタリング DECO*27 11月 22, 2024 51 213 37,683"
2026-08-13,kr,South Korea,top_videos_daily,,57,https://i.ytimg.com/vi/900X9fDFLc4/mqdefault.jpg,Roller Coaster,請夏,,,Roller Coaster 請夏
2026-08-13,kr,South Korea,top_videos_daily,,58,https://i.ytimg.com/vi/TUU00zw6cgM/mqdefault.jpg,Hey Hi,KiiiKiii,"8月 10, 2026",35534,"58 New Hey Hi KiiiKiii 8月 10, 2026 - 1 35,534"
2026-08-13,kr,South Korea,top_videos_daily,,59,https://i.ytimg.com/vi/1cKc1rkZwf8/mqdefault.jpg,It's Art,PSY,"2月 7, 2011",34688,"59 3 It's Art PSY 2月 7, 2011 62 56 34,688"
2026-08-13,kr,South Korea,top_videos_daily,,60,https://i.ytimg.com/vi/n7kFRxFIPrI/mqdefault.jpg,STYLE,Hearts2Hearts,,,STYLE Hearts2Hearts
2026-08-13,kr,South Korea,top_videos_daily,,61,https://i.ytimg.com/vi/3w5iMGSHvsE/mqdefault.jpg,first love,Epitone Project,,,first love Epitone Project
2026-08-13,kr,South Korea,top_videos_daily,,62,https://i.ytimg.com/vi/6FagX6JcvGM/mqdefault.jpg,"[MV] Jeon Sang Keun(전상근) _ My Room, My Heart(내 방, 내 맘)",Jeon Sang Keun,,,"[MV] Jeon Sang Keun(전상근) _ My Room, My Heart(내 방, 내 맘) Jeon Sang Keun"
2026-08-13,kr,South Korea,top_videos_daily,,63,https://i.ytimg.com/vi/D1PvIWdJ8xo/mqdefault.jpg,Blueming,IU,"11月 18, 2019",33772,"63 63 Blueming IU 11月 18, 2019 - 60 33,772"
2026-08-13,kr,South Korea,top_videos_daily,,64,https://i.ytimg.com/vi/B6mI1mVMAB4/mqdefault.jpg,You(=I),臉紅的思春期,"6月 14, 2022",33494,"64 64 You(=I) 臉紅的思春期 6月 14, 2022 - 178 33,494"
2026-08-13,kr,South Korea,top_videos_daily,,65,https://i.ytimg.com/vi/NZP153MUpHY/mqdefault.jpg,Red Velvet 레드벨벳 'Surfin' Boy' MV,SMTOWN,,,Red Velvet 레드벨벳 'Surfin' Boy' MV SMTOWN
2026-08-13,kr,South Korea,top_videos_daily,,66,https://i.ytimg.com/vi/XKZIQlqVjjk/mqdefault.jpg,승인해주세요 지니님!,카사네 테토 / Una Otomachi,,,승인해주세요 지니님! 카사네 테토 & Una Otomachi
2026-08-13,kr,South Korea,top_videos_daily,,67,https://i.ytimg.com/vi/MfYPKZl7W1w/mqdefault.jpg,我不愛你,城市札卡巴,"5月 26, 2016",32837,"67 11 我不愛你 城市札卡巴 5月 26, 2016 78 97 32,837"
2026-08-13,kr,South Korea,top_videos_daily,,68,https://i.ytimg.com/vi/1VqxWNwgf5Q/mqdefault.jpg,Lemon Tang,Hearts2Hearts,,,Lemon Tang Hearts2Hearts
2026-08-13,kr,South Korea,top_videos_daily,,69,https://i.ytimg.com/vi/xcFbyuzd9S8/mqdefault.jpg,Switchblade,aespa / Ty Dolla $ign,,,Switchblade aespa & Ty Dolla $ign
2026-08-13,kr,South Korea,top_videos_daily,,70,https://i.ytimg.com/vi/9JFi7MmjtGA/mqdefault.jpg,MANIAC,VIVIZ,"11月 2, 2023",31797,"70 7 MANIAC VIVIZ 11月 2, 2023 63 199 31,797"
2026-08-13,kr,South Korea,top_videos_daily,,71,https://i.ytimg.com/vi/1Zv_iZmpz64/mqdefault.jpg,[MV] DK(디셈버) _ Step(발걸음),DK,,,[MV] DK(디셈버) _ Step(발걸음) DK
2026-08-13,kr,South Korea,top_videos_daily,,72,https://i.ytimg.com/vi/Q_YdBd05FJs/mqdefault.jpg,You In The Same Time,Naul,,,You In The Same Time Naul
2026-08-13,kr,South Korea,top_videos_daily,,73,https://i.ytimg.com/vi/Wr8Z8JY54K4/mqdefault.jpg,Problem Child,NOWZ (나우즈),,,Problem Child NOWZ (나우즈)
2026-08-13,kr,South Korea,top_videos_daily,,74,https://i.ytimg.com/vi/SNn_H_Q2moo/mqdefault.jpg,"기쁨, 슬픔, 아름다운 마음",樂童音樂家,,,"기쁨, 슬픔, 아름다운 마음 樂童音樂家"
2026-08-13,kr,South Korea,top_videos_daily,,75,https://i.ytimg.com/vi/zhHB4dZTChw/mqdefault.jpg,404 (New Era),KiiiKiii,,404,404 (New Era) KiiiKiii
2026-08-13,kr,South Korea,top_videos_daily,,76,https://i.ytimg.com/vi/pLSHaE-A8z8/mqdefault.jpg,잔혹한 천사의 테제 (殘酷な天使のテーゼ ; A Cruel Angel's Thesis) | 신세기 에반게리온 OP | cover [가사/자막],DovIvI,,,잔혹한 천사의 테제 (残酷な天使のテーゼ ; A Cruel Angel's Thesis) | 신세기 에반게리온 OP | cover [가사/자막] DovIvI
2026-08-13,kr,South Korea,top_videos_daily,,77,https://i.ytimg.com/vi/5a-tqIQc8RM/mqdefault.jpg,Grown Ups,Sondia,,,Grown Ups Sondia
2026-08-13,kr,South Korea,top_videos_daily,,78,https://i.ytimg.com/vi/oM1s0HSJZ34/mqdefault.jpg,SWEET SOUR,KiiiKiii,,,SWEET SOUR KiiiKiii
2026-08-13,kr,South Korea,top_videos_daily,,79,https://i.ytimg.com/vi/eTvUZymLyGY/mqdefault.jpg,KISS OF LIFE (키스오브라이프) 'SWEAT' Official Music Video,KISS OF LIFE,,,KISS OF LIFE (키스오브라이프) 'SWEAT' Official Music Video KISS OF LIFE
2026-08-13,kr,South Korea,top_videos_daily,,80,https://i.ytimg.com/vi/iaDgfQ0sIYY/mqdefault.jpg,Paradise,PSY,"7月 22, 2020",28194,"80 80 Paradise PSY 7月 22, 2020 - 164 28,194"
2026-08-13,kr,South Korea,top_videos_daily,,81,https://i.ytimg.com/vi/NOiyDlWl534/mqdefault.jpg,Catch Catch,YENA,,,Catch Catch YENA
2026-08-13,kr,South Korea,top_videos_daily,,82,https://i.ytimg.com/vi/3b4men4nFMA/mqdefault.jpg,조선힙합 '그냥 그러려니 해' Official MV,조선힙합,,,조선힙합 '그냥 그러려니 해' Official MV 조선힙합
2026-08-13,kr,South Korea,top_videos_daily,,83,https://i.ytimg.com/vi/BBdC1rl5sKY/mqdefault.jpg,Event Horizon,高潤荷,,,Event Horizon 高潤荷
2026-08-13,kr,South Korea,top_videos_daily,,84,https://i.ytimg.com/vi/6Ycn9qZK09I/mqdefault.jpg,Heavy Serenade,NMIXX,,,Heavy Serenade NMIXX
2026-08-13,kr,South Korea,top_videos_daily,,85,https://i.ytimg.com/vi/ba7YbGO2aq4/mqdefault.jpg,numb numb,TAK,"5月 20, 2026",26751,"85 15 numb numb TAK 5月 20, 2026 70 60 26,751"
2026-08-13,kr,South Korea,top_videos_daily,,86,https://i.ytimg.com/vi/BZ4UzthYTss/mqdefault.jpg,"Stray Kids ""This & That"" M/V",Stray Kids,,,"Stray Kids ""This & That"" M/V Stray Kids"
2026-08-13,kr,South Korea,top_videos_daily,,87,https://i.ytimg.com/vi/sPLqsLsooJY/mqdefault.jpg,JANE DOE,米津玄師 / 宇多田光,,,JANE DOE 米津玄師 & 宇多田光
2026-08-13,kr,South Korea,top_videos_daily,,88,https://i.ytimg.com/vi/0-q1KafFCLU/mqdefault.jpg,Celebrity,IU,"1月 27, 2021",26318,"88 88 Celebrity IU 1月 27, 2021 - 17 26,318"
2026-08-13,kr,South Korea,top_videos_daily,,89,https://i.ytimg.com/vi/PxmKaXqeK2s/mqdefault.jpg,너의 차선,조선힙합,"5月 21, 2026",26294,"89 13 너의 차선 조선힙합 5月 21, 2026 76 49 26,294"
2026-08-13,kr,South Korea,top_videos_daily,,90,https://i.ytimg.com/vi/_IT83Y_HcAw/mqdefault.jpg,Less than a Lover,JENNIE,,,Less than a Lover JENNIE
2026-08-13,kr,South Korea,top_videos_daily,,91,https://i.ytimg.com/vi/1VdPvAqVrow/mqdefault.jpg,Broken Heart,高耀太,,,Broken Heart 高耀太
2026-08-13,kr,South Korea,top_videos_daily,,92,https://i.ytimg.com/vi/MC6-82GRK5I/mqdefault.jpg,Bloom,RESCENE,"11月 25, 2025",25383,"92 5 Bloom RESCENE 11月 25, 2025 87 36 25,383"
2026-08-13,kr,South Korea,top_videos_daily,,93,https://i.ytimg.com/vi/5ly8tAU-n_w/mqdefault.jpg,If You Ask Me What Love Is,Roy Kim,,,If You Ask Me What Love Is Roy Kim
2026-08-13,kr,South Korea,top_videos_daily,,94,https://i.ytimg.com/vi/Y8JFxS1HlDo/mqdefault.jpg,LOVE DIVE,IVE,"4月 5, 2022",24933,"94 94 LOVE DIVE IVE 4月 5, 2022 - 46 24,933"
2026-08-13,kr,South Korea,top_videos_daily,,95,https://i.ytimg.com/vi/BgPBgTEvi08/mqdefault.jpg,ニャニャニャチュニャ,TAK,"7月 26, 2026",24516,"95 23 ニャニャニャチュニャ TAK 7月 26, 2026 72 17 24,516"
2026-08-13,kr,South Korea,top_videos_daily,,96,https://i.ytimg.com/vi/K5H-GvnNz2Y/mqdefault.jpg,Mr. Chu,Apink,"3月 30, 2014",24372,"96 16 Mr. Chu Apink 3月 30, 2014 80 84 24,372"
2026-08-13,kr,South Korea,top_videos_daily,,97,https://i.ytimg.com/vi/pTD9Jysi3_g/mqdefault.jpg,빈차 (Home Is Far Away) ft. OH HYUK,Epik High,,,빈차 (Home Is Far Away) ft. OH HYUK Epik High
2026-08-13,kr,South Korea,top_videos_daily,,98,https://i.ytimg.com/vi/UOInSlM0Wdk/mqdefault.jpg,𝙿𝚘𝚙 𝚘𝚏𝚏 𝚙𝚘𝚙 𝚘𝚏𝚏 𝚏𝚕𝚒𝚙𝚜𝚢 𝚋𝚊𝚋𝚢🏄🏻‍♀️🏄🏻‍♂️#KiiiKiii #키키 #PopOffPopOff #온더스팟 #OntheSpot #원더케이 #1theK,1theK Originals - 원더케이 오리지널,,,𝙿𝚘𝚙 𝚘𝚏𝚏 𝚙𝚘𝚙 𝚘𝚏𝚏 𝚏𝚕𝚒𝚙𝚜𝚢 𝚋𝚊𝚋𝚢🏄🏻‍♀️🏄🏻‍♂️#KiiiKiii #키키 #PopOffPopOff #온더스팟 #OntheSpot #원더케이 #1theK 1theK Originals - 원더케이 오리지널
2026-08-13,kr,South Korea,top_videos_daily,,99,https://i.ytimg.com/vi/VVO05mYGFY8/mqdefault.jpg,만찬가,TAEYEON,"6月 29, 2026",23653,"99 7 만찬가 TAEYEON 6月 29, 2026 92 38 23,653"
2026-08-13,kr,South Korea,top_videos_daily,,100,https://i.ytimg.com/vi/eDEFolvLn0A/mqdefault.jpg,FIESTA,IZ*ONE,"2月 17, 2020",23354,"100 100 FIESTA IZ*ONE 2月 17, 2020 - 17 23,354"
2026-08-13,vn,Vietnam,top_videos_daily,,1,https://i.ytimg.com/vi/gJAbDSse5WM/mqdefault.jpg,Tìm Em,Hngle / Bảo Anh,,,Tìm Em Hngle & Bảo Anh
2026-08-13,vn,Vietnam,top_videos_daily,,2,https://i.ytimg.com/vi/Rb3hfEPyJxQ/mqdefault.jpg,"SECRET - Cody Nam Võ, Quang Hùng MasterD, Wren Evans, CONGB | TINH HÀ SAY HI [PERFORMANCE]",Vie Channel - MUSIC,,,"SECRET - Cody Nam Võ, Quang Hùng MasterD, Wren Evans, CONGB | TINH HÀ SAY HI [PERFORMANCE] Vie Channel - MUSIC"
2026-08-13,vn,Vietnam,top_videos_daily,,3,https://i.ytimg.com/vi/4jjOH2FR6-E/mqdefault.jpg,xương rồng (intro),Dangrangto / Donal,,,xương rồng (intro) Dangrangto & Donal
2026-08-13,vn,Vietnam,top_videos_daily,,4,https://i.ytimg.com/vi/9UcQ7ddVjoc/mqdefault.jpg,Không Buông,Hngle / Ari,,,Không Buông Hngle & Ari
2026-08-13,vn,Vietnam,top_videos_daily,,5,https://i.ytimg.com/vi/cwlToxaWuL8/mqdefault.jpg,"MRT - XUÂN ĐỊNH KY, buitruonglinh, CAPTAIN BOY, HYO | TINH HÀ SAY HI [PERFORMANCE]",Vie Channel - MUSIC,,,"MRT - XUÂN ĐỊNH KY, buitruonglinh, CAPTAIN BOY, HYO | TINH HÀ SAY HI [PERFORMANCE] Vie Channel - MUSIC"
2026-08-13,vn,Vietnam,top_videos_daily,,6,https://i.ytimg.com/vi/heMYSOZoT3c/mqdefault.jpg,dự báo thời tiết hôm nay mưa,ST.319 Entertainment,,319,dự báo thời tiết hôm nay mưa ST.319 Entertainment
2026-08-13,vn,Vietnam,top_videos_daily,,7,https://i.ytimg.com/vi/l_uzEREOKfo/mqdefault.jpg,THẾ GIỚI CỦA ANH,Dương Domic / buitruonglinh / CONGB / WEAN / Vận Toàn,,,"THẾ GIỚI CỦA ANH Dương Domic , buitruonglinh , CONGB , WEAN & Vận Toàn"
2026-08-13,vn,Vietnam,top_videos_daily,,8,https://i.ytimg.com/vi/RM-LMRqL5zE/mqdefault.jpg,Gián Đáng Iu Hongg?,Lâm Thằn Lằn / The New Gene,,,Gián Đáng Iu Hongg? Lâm Thằn Lằn & The New Gene
2026-08-13,vn,Vietnam,top_videos_daily,,9,https://i.ytimg.com/vi/l4Pkem30Q60/mqdefault.jpg,Kẻ Say Tình (Live),Quoc Thien,,,Kẻ Say Tình (Live) Quoc Thien
2026-08-13,vn,Vietnam,top_videos_daily,,10,https://i.ytimg.com/vi/8sVtL0o-v7U/mqdefault.jpg,Người Im Lặng Gặp Người Hay Nói,HIEUTHUHAI,,,Người Im Lặng Gặp Người Hay Nói HIEUTHUHAI
2026-08-13,vn,Vietnam,top_videos_daily,,11,https://i.ytimg.com/vi/8-bKjcADU18/mqdefault.jpg,MƯA VỘI PHÓNG,Wren Evans / Ali Hoàng Dương / CODY Nam Võ / HYO / 2Pillz,,,"MƯA VỘI PHÓNG Wren Evans , Ali Hoàng Dương , CODY Nam Võ , HYO & 2Pillz"
2026-08-13,vn,Vietnam,top_videos_daily,,12,https://i.ytimg.com/vi/sPQXOA6pzOg/mqdefault.jpg,Ngày Rời Chuyến Bay,Minh Huy / Pinny,,,Ngày Rời Chuyến Bay Minh Huy & Pinny
2026-08-13,vn,Vietnam,top_videos_daily,,13,https://i.ytimg.com/vi/6uVJqD2hSGQ/mqdefault.jpg,Em,Binz,"5月 24, 2026",176187,"13 3 Em Binz 5月 24, 2026 16 79 176,187"
2026-08-13,vn,Vietnam,top_videos_daily,,14,https://i.ytimg.com/vi/sZrIbpwjTwk/mqdefault.jpg,ẾCH NGOÀI ĐÁY GIẾNG,Vie Channel - MUSIC,,,ẾCH NGOÀI ĐÁY GIẾNG Vie Channel - MUSIC
2026-08-13,vn,Vietnam,top_videos_daily,,15,https://i.ytimg.com/vi/sJt_i0hOugA/mqdefault.jpg,Exit Sign,HIEUTHUHAI,,,Exit Sign HIEUTHUHAI
2026-08-13,vn,Vietnam,top_videos_daily,,16,https://i.ytimg.com/vi/uuTT21tabiw/mqdefault.jpg,MỘNG DUYÊN,Quang Hùng MasterD / JSOL / Sơn.K / Song Luân / Emil Vergo,,,"MỘNG DUYÊN Quang Hùng MasterD , JSOL , Sơn.K , Song Luân & Emil Vergo"
2026-08-13,vn,Vietnam,top_videos_daily,,17,https://i.ytimg.com/vi/jM6UrE3Bxw4/mqdefault.jpg,Tự Do Như Cơn Gió,Xanh,,,Tự Do Như Cơn Gió Xanh
2026-08-13,vn,Vietnam,top_videos_daily,,18,https://i.ytimg.com/vi/YL7Rq7IcNfQ/mqdefault.jpg,Giọt Nắng Bên Thềm - HÀ AN HUY | Anh Trai Vượt Ngàn Chông Gai 2026,YEAH1 MUSIC,,2026,Giọt Nắng Bên Thềm - HÀ AN HUY | Anh Trai Vượt Ngàn Chông Gai 2026 YEAH1 MUSIC
2026-08-13,vn,Vietnam,top_videos_daily,,19,https://i.ytimg.com/vi/uUQG8sk7cLs/mqdefault.jpg,Kẻ Say Tình 2,Quoc Thien,,,Kẻ Say Tình 2 Quoc Thien
2026-08-13,vn,Vietnam,top_videos_daily,,20,https://i.ytimg.com/vi/T7ksmtaVeOk/mqdefault.jpg,In Love,JustaTee / Low G,,,In Love JustaTee & Low G
2026-08-13,vn,Vietnam,top_videos_daily,,21,https://i.ytimg.com/vi/XpY62G82-HI/mqdefault.jpg,Thương Lấy Phận Mình (Remix),Thái Học,,,Thương Lấy Phận Mình (Remix) Thái Học
2026-08-13,vn,Vietnam,top_videos_daily,,22,https://i.ytimg.com/vi/zHDECJy0p7k/mqdefault.jpg,Có Ai Hẹn Hò Cùng Em Chưa,Quân A.P,,,Có Ai Hẹn Hò Cùng Em Chưa Quân A.P
2026-08-13,vn,Vietnam,top_videos_daily,,23,https://i.ytimg.com/vi/fcnDmrtj6Sk/mqdefault.jpg,Dai Dai,Shakira / Burna Boy,,,Dai Dai Shakira & Burna Boy
2026-08-13,vn,Vietnam,top_videos_daily,,24,https://i.ytimg.com/vi/XwshmJV-DHg/mqdefault.jpg,"Quang Hùng MasterD - 'SECRET' (ft. Cody Nam Võ, Wren Evans, CONGB) / TINH HÀ SAY HI",Quang Hùng MasterD,,,"Quang Hùng MasterD - 'SECRET' (ft. Cody Nam Võ, Wren Evans, CONGB) / TINH HÀ SAY HI Quang Hùng MasterD"
2026-08-13,vn,Vietnam,top_videos_daily,,25,https://i.ytimg.com/vi/xjm7sZob_CA/mqdefault.jpg,"Em Chỉ Im Lặng - TRỊNH THĂNG BÌNH, THUẬN NGUYỄN, HÀ AN HUY, PHÙNG MINH CƯƠNG | ATVNCG 2026",YEAH1 MUSIC,,2026,"Em Chỉ Im Lặng - TRỊNH THĂNG BÌNH, THUẬN NGUYỄN, HÀ AN HUY, PHÙNG MINH CƯƠNG | ATVNCG 2026 YEAH1 MUSIC"
2026-08-13,vn,Vietnam,top_videos_daily,,26,https://i.ytimg.com/vi/Udc6MAAZT30/mqdefault.jpg,Từng Là Của Nhau,Bảo Anh / Táo,,,Từng Là Của Nhau Bảo Anh & Táo
2026-08-13,vn,Vietnam,top_videos_daily,,27,https://i.ytimg.com/vi/7iG_k6-iCGA/mqdefault.jpg,"W/n - SSD ft. (267, Nguyenn, PAR SG)",W/N,,267,"W/n - SSD ft. (267, Nguyenn, PAR SG) W/N"
2026-08-13,vn,Vietnam,top_videos_daily,,28,https://i.ytimg.com/vi/om6Qessps1c/mqdefault.jpg,50 CUỘC GỌI NHỠ,COOLKID / Quang Hùng MasterD / CODYNAMVO / Jaysonlei,,,"50 CUỘC GỌI NHỠ COOLKID , Quang Hùng MasterD , CODYNAMVO & Jaysonlei"
2026-08-13,vn,Vietnam,top_videos_daily,,29,https://i.ytimg.com/vi/nx_E2XPKd-k/mqdefault.jpg,"Trước Khi Em Tồn Tại -NEKO LÊ, HUỲNH LẬP, CHENG, THÁI LÊ MINH HIẾU|Anh Trai Vượt Ngàn Chông Gai 2026",YEAH1 MUSIC,,2026,"Trước Khi Em Tồn Tại -NEKO LÊ, HUỲNH LẬP, CHENG, THÁI LÊ MINH HIẾU|Anh Trai Vượt Ngàn Chông Gai 2026 YEAH1 MUSIC"
2026-08-13,vn,Vietnam,top_videos_daily,,30,https://i.ytimg.com/vi/IDksv0Z-dTk/mqdefault.jpg,Tình Đầu,Tăng Duy Tân,,,Tình Đầu Tăng Duy Tân
2026-08-13,vn,Vietnam,top_videos_daily,,31,https://i.ytimg.com/vi/MzElFsoJgRQ/mqdefault.jpg,"Ánh Sáng Của Đời Tôi - THÁI VG, JUN PHẠM, HOÀNG ROB, HOÀNG DŨNG | Anh Trai Vượt Ngàn Chông Gai 2026",YEAH1 MUSIC,,2026,"Ánh Sáng Của Đời Tôi - THÁI VG, JUN PHẠM, HOÀNG ROB, HOÀNG DŨNG | Anh Trai Vượt Ngàn Chông Gai 2026 YEAH1 MUSIC"
2026-08-13,vn,Vietnam,top_videos_daily,,32,https://i.ytimg.com/vi/PF3exV7ck7s/mqdefault.jpg,"Gửi em, người bất tử | Ân Ngờ FT. Mỹ Mỹ (Official MV) [Mini Album 0 Ngờ]",Ân ngờ,,,"Gửi em, người bất tử | Ân Ngờ FT. Mỹ Mỹ (Official MV) [Mini Album 0 Ngờ] Ân ngờ"
2026-08-13,vn,Vietnam,top_videos_daily,,33,https://i.ytimg.com/vi/DcCISK3sCYg/mqdefault.jpg,Có em,Madihu / Low G,,,Có em Madihu & Low G
2026-08-13,vn,Vietnam,top_videos_daily,,34,https://i.ytimg.com/vi/xJ1uMrL9Rwo/mqdefault.jpg,Ngồi Nghe Em Khóc,DatG Music,,,Ngồi Nghe Em Khóc DatG Music
2026-08-13,vn,Vietnam,top_videos_daily,,35,https://i.ytimg.com/vi/s76BtB81Oms/mqdefault.jpg,ĐỚN ĐAU VÔ CÙNG,DatKaa,,,ĐỚN ĐAU VÔ CÙNG DatKaa
2026-08-13,vn,Vietnam,top_videos_daily,,36,https://i.ytimg.com/vi/SsBvmklAty4/mqdefault.jpg,Anh Này Là Của Tui (Remix),MIỀN TÂY REMIX,,,Anh Này Là Của Tui (Remix) MIỀN TÂY REMIX
2026-08-13,vn,Vietnam,top_videos_daily,,37,https://i.ytimg.com/vi/05S2uf37ufc/mqdefault.jpg,Địa Ngục Trần Gian (Remix),Phạm Kỳ,,,Địa Ngục Trần Gian (Remix) Phạm Kỳ
2026-08-13,vn,Vietnam,top_videos_daily,,38,https://i.ytimg.com/vi/HmB5x6wu79E/mqdefault.jpg,Nếu Biết Đó Là Lần Cuối (Beat),BMZ / Đức Trường,,,Nếu Biết Đó Là Lần Cuối (Beat) BMZ & Đức Trường
2026-08-13,vn,Vietnam,top_videos_daily,,39,https://i.ytimg.com/vi/lK_KgArI2NA/mqdefault.jpg,LET ME GO,Da LAB / Vương Anh Tú / Hoàng Rob / Hoàng Dũng / Cheng,,,"LET ME GO Da LAB , Vương Anh Tú , Hoàng Rob , Hoàng Dũng & Cheng"
2026-08-13,vn,Vietnam,top_videos_daily,,40,https://i.ytimg.com/vi/XEH_FXphqS4/mqdefault.jpg,Mashup Siêu Phẩm | Sơn Thủy Trùng Mây x Thủy Chung Remix - Rồi Mưa Giông Đến Đây Thiếu Vắng Spidey,Anh Rồng / Jena,,,Mashup Siêu Phẩm | Sơn Thủy Trùng Mây x Thủy Chung Remix - Rồi Mưa Giông Đến Đây Thiếu Vắng Spidey Anh Rồng & Jena
2026-08-13,vn,Vietnam,top_videos_daily,,41,https://i.ytimg.com/vi/9bdCgrrBUWE/mqdefault.jpg,Thiệp Hồng Chung Tên,Út Nhị Mino,,,Thiệp Hồng Chung Tên Út Nhị Mino
2026-08-13,vn,Vietnam,top_videos_daily,,42,https://i.ytimg.com/vi/bZZn2B11b_c/mqdefault.jpg,Thanh Tân,VƯƠNG BÌNH / Thùy Chi,,,Thanh Tân VƯƠNG BÌNH & Thùy Chi
2026-08-13,vn,Vietnam,top_videos_daily,,43,https://i.ytimg.com/vi/bwjcrlAueKE/mqdefault.jpg,"Sao Phải Xoắn - K.O, OSAD, HỒ ĐÔNG QUAN | Anh Trai Vượt Ngàn Chông Gai 2026",YEAH1 MUSIC,,2026,"Sao Phải Xoắn - K.O, OSAD, HỒ ĐÔNG QUAN | Anh Trai Vượt Ngàn Chông Gai 2026 YEAH1 MUSIC"
2026-08-13,vn,Vietnam,top_videos_daily,,44,https://i.ytimg.com/vi/5qqUYmJZc6Q/mqdefault.jpg,Thương Thầm Cô Lái Đò (Remix),Tiến võ,,,Thương Thầm Cô Lái Đò (Remix) Tiến võ
2026-08-13,vn,Vietnam,top_videos_daily,,45,https://i.ytimg.com/vi/ZQsXySoECfo/mqdefault.jpg,IM ĐỢI NGƯỜI ANH THƯƠNG,Wren Evans / CAPTAIN BOY / IVAN / Thể Thiên,,,"IM ĐỢI NGƯỜI ANH THƯƠNG Wren Evans , CAPTAIN BOY , IVAN & Thể Thiên"
2026-08-13,vn,Vietnam,top_videos_daily,,46,https://i.ytimg.com/vi/jiGPS1laaPI/mqdefault.jpg,ANH NÀY LÀ CỦA TUI,Pinky Vanh / Hoa vũ / HChun,,,"ANH NÀY LÀ CỦA TUI Pinky Vanh , Hoa vũ & HChun"
2026-08-13,vn,Vietnam,top_videos_daily,,47,https://i.ytimg.com/vi/fdFRy9zBdMo/mqdefault.jpg,Kẻ Say Tình 2 (Live),Quoc Thien,,,Kẻ Say Tình 2 (Live) Quoc Thien
2026-08-13,vn,Vietnam,top_videos_daily,,48,https://i.ytimg.com/vi/r0uH9lOqPZI/mqdefault.jpg,Bên Ấy Em Có Ai Rồi,周凱峰,,,Bên Ấy Em Có Ai Rồi 周凱峰
2026-08-13,vn,Vietnam,top_videos_daily,,49,https://i.ytimg.com/vi/fTXd-DpN3AI/mqdefault.jpg,Bông Hoa Đẹp Nhất,Quân A.P,,,Bông Hoa Đẹp Nhất Quân A.P
2026-08-13,vn,Vietnam,top_videos_daily,,50,https://i.ytimg.com/vi/5d0lbdl58ME/mqdefault.jpg,Mình Là Người Yêu Cũ,Beta Music / Khả Hiệp,,,Mình Là Người Yêu Cũ Beta Music & Khả Hiệp
2026-08-13,vn,Vietnam,top_videos_daily,,51,https://i.ytimg.com/vi/CD_BFGQkIgY/mqdefault.jpg,SỰ ƯU TIÊN CỦA EM,Kiều Chi,,,SỰ ƯU TIÊN CỦA EM Kiều Chi
2026-08-13,vn,Vietnam,top_videos_daily,,52,https://i.ytimg.com/vi/tyM46ksZTI4/mqdefault.jpg,NỢ EM CẢ BẦU TRỜI,Da LAB / Hoàng Tôn / OSAD / Hồ Đông Quan / Hà An Huy,,,"NỢ EM CẢ BẦU TRỜI Da LAB , Hoàng Tôn , OSAD , Hồ Đông Quan & Hà An Huy"
2026-08-13,vn,Vietnam,top_videos_daily,,53,https://i.ytimg.com/vi/CoSc0Qqd5L0/mqdefault.jpg,Nhức Tiềm Thức,YEAH1 MUSIC,,,Nhức Tiềm Thức YEAH1 MUSIC
2026-08-13,vn,Vietnam,top_videos_daily,,54,https://i.ytimg.com/vi/8F2s8ivKXNY/mqdefault.jpg,Life Goes On,Oliver Tree,,,Life Goes On Oliver Tree
2026-08-13,vn,Vietnam,top_videos_daily,,55,https://i.ytimg.com/vi/42m7T272u8I/mqdefault.jpg,Giọng hát liêu trai đầy cảm xúc với Lá Thư Đô Thị - Thúy Hà (MV),Giọng Ca Để Đời,,,Giọng hát liêu trai đầy cảm xúc với Lá Thư Đô Thị - Thúy Hà (MV) Giọng Ca Để Đời
2026-08-13,vn,Vietnam,top_videos_daily,,56,https://i.ytimg.com/vi/hOe5p-yMR_w/mqdefault.jpg,"RUN TO YOU - Ali Hoàng Dương, IVAN, KIMLONG, Song Luân | TINH HÀ SAY HI [PERFORMANCE]",Vie Channel - MUSIC,,,"RUN TO YOU - Ali Hoàng Dương, IVAN, KIMLONG, Song Luân | TINH HÀ SAY HI [PERFORMANCE] Vie Channel - MUSIC"
2026-08-13,vn,Vietnam,top_videos_daily,,57,https://i.ytimg.com/vi/xnIIoan7ft8/mqdefault.jpg,Một Nửa Sự Thật,24k.Right,,,Một Nửa Sự Thật 24k.Right
2026-08-13,vn,Vietnam,top_videos_daily,,58,https://i.ytimg.com/vi/HedP3E7ljhk/mqdefault.jpg,Xin Đừng Rời Xa Anh (Truzg Remix) | Lê Gia Bảo | Nhạc Hot Trend TikTok 2026,Lê Gia Bảo,,2026,Xin Đừng Rời Xa Anh (Truzg Remix) | Lê Gia Bảo | Nhạc Hot Trend TikTok 2026 Lê Gia Bảo
2026-08-13,vn,Vietnam,top_videos_daily,,59,https://i.ytimg.com/vi/Ztrj8UIDMQY/mqdefault.jpg,Bánh Mì Không,DatG Music / Du Uyên,,,Bánh Mì Không DatG Music & Du Uyên
2026-08-13,vn,Vietnam,top_videos_daily,,60,https://i.ytimg.com/vi/O5nlyrBH3FQ/mqdefault.jpg,CILU (Cuz I Luv U) - JGKiD (Da LAB) x MPaKK (Da LAB) (Official MV),Da LAB,,,CILU (Cuz I Luv U) - JGKiD (Da LAB) x MPaKK (Da LAB) (Official MV) Da LAB
2026-08-13,vn,Vietnam,top_videos_daily,,61,https://i.ytimg.com/vi/hzUG1erf3Yw/mqdefault.jpg,Xin Đừng Rời Xa Anh (Beat),Lê Gia Bảo,,,Xin Đừng Rời Xa Anh (Beat) Lê Gia Bảo
2026-08-13,vn,Vietnam,top_videos_daily,,62,https://i.ytimg.com/vi/GQ4F9k4USfA/mqdefault.jpg,Nước Mắt Em Lau Bằng Tình Yêu Mới,Da LAB / 發仙,,,Nước Mắt Em Lau Bằng Tình Yêu Mới Da LAB & 發仙
2026-08-13,vn,Vietnam,top_videos_daily,,63,https://i.ytimg.com/vi/redFrGBZoJY/mqdefault.jpg,Sinh Ra Đã Là Thứ Đối Lập Nhau,Da LAB,,,Sinh Ra Đã Là Thứ Đối Lập Nhau Da LAB
2026-08-13,vn,Vietnam,top_videos_daily,,64,https://i.ytimg.com/vi/zTj0YbcGkpU/mqdefault.jpg,Giã Từ Dĩ Vãng - ĐINH MẠNH NINH | Anh Trai Vượt Ngàn Chông Gai 2026,YEAH1 MUSIC,,2026,Giã Từ Dĩ Vãng - ĐINH MẠNH NINH | Anh Trai Vượt Ngàn Chông Gai 2026 YEAH1 MUSIC
2026-08-13,vn,Vietnam,top_videos_daily,,65,https://i.ytimg.com/vi/4sthoR6eTB4/mqdefault.jpg,MẤT LA BÀN (Live),Pháp Kiều / Thể Thiên / VƯƠNG BÌNH / Hồng Hải Đăng / TorySax,,,"MẤT LA BÀN (Live) Pháp Kiều , Thể Thiên , VƯƠNG BÌNH , Hồng Hải Đăng & TorySax"
2026-08-13,vn,Vietnam,top_videos_daily,,66,https://i.ytimg.com/vi/rDpJfmBI9xQ/mqdefault.jpg,W/n - a b c d x y z n m a s a d (song 24) | 3107,W/n,,3107,W/n - a b c d x y z n m a s a d (song 24) | 3107 W/n
2026-08-13,vn,Vietnam,top_videos_daily,,67,https://i.ytimg.com/vi/6iW3bZuKO-k/mqdefault.jpg,Tìm Em,Hngle / Bảo Anh,,,Tìm Em Hngle & Bảo Anh
2026-08-13,vn,Vietnam,top_videos_daily,,68,https://i.ytimg.com/vi/kj7FXhECpSw/mqdefault.jpg,NGƯỢC LỐI YÊU (LIVE STAGE) - VICKY NHUNG x CHU THÚY QUỲNH | LIVE AT PHÒNG TRÀ BẾN THÀNH,Vicky Nhung,,,NGƯỢC LỐI YÊU (LIVE STAGE) - VICKY NHUNG x CHU THÚY QUỲNH | LIVE AT PHÒNG TRÀ BẾN THÀNH Vicky Nhung
2026-08-13,vn,Vietnam,top_videos_daily,,69,https://i.ytimg.com/vi/bnj1xUDkpBk/mqdefault.jpg,Giấc Mộng Ca Sĩ,Vanh Leg,,,Giấc Mộng Ca Sĩ Vanh Leg
2026-08-13,vn,Vietnam,top_videos_daily,,70,https://i.ytimg.com/vi/vVhKA9Av6vA/mqdefault.jpg,bao tiền một mớ bình yên?,Bon Nghiêm / 14 Casper,,,bao tiền một mớ bình yên? Bon Nghiêm & 14 Casper
2026-08-13,vn,Vietnam,top_videos_daily,,71,https://i.ytimg.com/vi/ApXoWvfEYVU/mqdefault.jpg,Sunflower,Post Malone / Swae Lee,,,Sunflower Post Malone & Swae Lee
2026-08-13,vn,Vietnam,top_videos_daily,,72,https://i.ytimg.com/vi/WL11bwvAYWI/mqdefault.jpg,Ngày Mai Người Ta Lấy Chồng,Thành Đạt,,,Ngày Mai Người Ta Lấy Chồng Thành Đạt
2026-08-13,vn,Vietnam,top_videos_daily,,73,https://i.ytimg.com/vi/L4dSipbZj8A/mqdefault.jpg,Mắt Môi Tay Chân,RPT MCK,,,Mắt Môi Tay Chân RPT MCK
2026-08-13,vn,Vietnam,top_videos_daily,,74,https://i.ytimg.com/vi/mp5njDAH97w/mqdefault.jpg,MOVE ON,YEAH1 MUSIC,,,MOVE ON YEAH1 MUSIC
2026-08-13,vn,Vietnam,top_videos_daily,,75,https://i.ytimg.com/vi/pMUgdBS6tCA/mqdefault.jpg,Ở Hai Đầu Nỗi Nhớ,Minh Vuong M4U / Le Thuy,,,Ở Hai Đầu Nỗi Nhớ Minh Vuong M4U & Le Thuy
2026-08-13,vn,Vietnam,top_videos_daily,,76,https://i.ytimg.com/vi/OA8s2Gr3KEE/mqdefault.jpg,Text 07,W/n,"7月 30, 2025",58697,"76 5 Text 07 W/n 7月 30, 2025 71 13 58,697"
2026-08-13,vn,Vietnam,top_videos_daily,,77,https://i.ytimg.com/vi/XLbOWqjmj4Q/mqdefault.jpg,Động Thăng Thiên,Vanh Leg,,,Động Thăng Thiên Vanh Leg
2026-08-13,vn,Vietnam,top_videos_daily,,78,https://i.ytimg.com/vi/2YllmPaKhkY/mqdefault.jpg,Hạ Còn Vương Nắng,DatKaa,,,Hạ Còn Vương Nắng DatKaa
2026-08-13,vn,Vietnam,top_videos_daily,,79,https://i.ytimg.com/vi/zDrji1Uwnh8/mqdefault.jpg,Anh Đã Từ Bỏ Rồi Đấy (Solo Version),Nguyenn,,,Anh Đã Từ Bỏ Rồi Đấy (Solo Version) Nguyenn
2026-08-13,vn,Vietnam,top_videos_daily,,80,https://i.ytimg.com/vi/68u69yATSD8/mqdefault.jpg,THỦY CHUNG (Remix),Thương Võ / ACV,,,THỦY CHUNG (Remix) Thương Võ & ACV
2026-08-13,vn,Vietnam,top_videos_daily,,81,https://i.ytimg.com/vi/mO1QJh31tA0/mqdefault.jpg,CHỊ ĐẠI GẪY CÁNH 3 - ĐÀO NGUYỄN ÁNH | COMEDY MUSIC VIDEO,Dao Nguyen Anh,,,CHỊ ĐẠI GẪY CÁNH 3 - ĐÀO NGUYỄN ÁNH | COMEDY MUSIC VIDEO Dao Nguyen Anh
2026-08-13,vn,Vietnam,top_videos_daily,,82,https://i.ytimg.com/vi/QI_90Dnhokc/mqdefault.jpg,Đen – Mùa hè 26 ft. Pink Frog (M/V),Đen Vâu Official,,,Đen – Mùa hè 26 ft. Pink Frog (M/V) Đen Vâu Official
2026-08-13,vn,Vietnam,top_videos_daily,,83,https://i.ytimg.com/vi/O5iDDoD4ZGw/mqdefault.jpg,Đáng Ra Anh Không Nên,DatG Music / B Ray,,,Đáng Ra Anh Không Nên DatG Music & B Ray
2026-08-13,vn,Vietnam,top_videos_daily,,84,https://i.ytimg.com/vi/L5qZI5dfiws/mqdefault.jpg,CHỊ ĐẠI GẪY CÁNH 2,Dao Nguyen Anh,,,CHỊ ĐẠI GẪY CÁNH 2 Dao Nguyen Anh
2026-08-13,vn,Vietnam,top_videos_daily,,85,https://i.ytimg.com/vi/K601I5gP0_I/mqdefault.jpg,Từ em mà ra,Lil Zpoet,,,Từ em mà ra Lil Zpoet
2026-08-13,vn,Vietnam,top_videos_daily,,86,https://i.ytimg.com/vi/-d3q5qYU7uY/mqdefault.jpg,CÔ ĐƠN ANH CŨNG VUI,Thể Thiên / WEAN / KIMLONG / Xuân Định K.Y / DILLAN,,,"CÔ ĐƠN ANH CŨNG VUI Thể Thiên , WEAN , KIMLONG , Xuân Định K.Y & DILLAN"
2026-08-13,vn,Vietnam,top_videos_daily,,87,https://i.ytimg.com/vi/zD7q6mYoJgw/mqdefault.jpg,Tết Nhà Bà Hoan - Lê Bảo x AM Remake x Vanh Leg (Tiktok)|Thằng Hiếu Xới Cơm Cho Bạn Remix Hot TikTok,DJ AM OFFICIAL,,,Tết Nhà Bà Hoan - Lê Bảo x AM Remake x Vanh Leg (Tiktok)|Thằng Hiếu Xới Cơm Cho Bạn Remix Hot TikTok DJ AM OFFICIAL
2026-08-13,vn,Vietnam,top_videos_daily,,88,https://i.ytimg.com/vi/Mbq8aqVH9pQ/mqdefault.jpg,SAU NÀY EM CƯỚI AI RỒI,Thái Học,,,SAU NÀY EM CƯỚI AI RỒI Thái Học
2026-08-13,vn,Vietnam,top_videos_daily,,89,https://i.ytimg.com/vi/pJ9nx8oL5jk/mqdefault.jpg,XOAY VÒNG,HURRYKNG / JSOL / VƯƠNG BÌNH / CONGB,,,"XOAY VÒNG HURRYKNG , JSOL , VƯƠNG BÌNH & CONGB"
2026-08-13,vn,Vietnam,top_videos_daily,,90,https://i.ytimg.com/vi/SlQR9iu09bQ/mqdefault.jpg,Come My Way,山松 / Tyga,,,Come My Way 山松 & Tyga
2026-08-13,vn,Vietnam,top_videos_daily,,91,https://i.ytimg.com/vi/wENlR8rFjLk/mqdefault.jpg,Dạt Vào Tim Em,YEAH1 MUSIC,,,Dạt Vào Tim Em YEAH1 MUSIC
2026-08-13,vn,Vietnam,top_videos_daily,,92,https://i.ytimg.com/vi/VH3mWd28Ndg/mqdefault.jpg,Em Mới Là Người Yêu Anh,黃毓敏,,,Em Mới Là Người Yêu Anh 黄毓敏
2026-08-13,vn,Vietnam,top_videos_daily,,93,https://i.ytimg.com/vi/eHwesHMnr2o/mqdefault.jpg,vùng vẫy,Dangrangto / ZEXZEX / Donal,,,"vùng vẫy Dangrangto , ZEXZEX & Donal"
2026-08-13,vn,Vietnam,top_videos_daily,,94,https://i.ytimg.com/vi/e7NSsGQ77l0/mqdefault.jpg,Chạnh Lòng Thương Cô 2 (Thazh x Đông Remix) - Huy Vạc ♫ Người Thương Ai Người Thương Ai Để Lại,Air Remix,,,Chạnh Lòng Thương Cô 2 (Thazh x Đông Remix) - Huy Vạc ♫ Người Thương Ai Người Thương Ai Để Lại Air Remix
2026-08-13,vn,Vietnam,top_videos_daily,,95,https://i.ytimg.com/vi/A7oq-7pxzEA/mqdefault.jpg,Mãi Chẳng Thuộc Về Nhau,Bozitt,,,Mãi Chẳng Thuộc Về Nhau Bozitt
2026-08-13,vn,Vietnam,top_videos_daily,,96,https://i.ytimg.com/vi/KO0CbNNvd14/mqdefault.jpg,Chờ Bao Lâu,Út Nhị Mino,,,Chờ Bao Lâu Út Nhị Mino
2026-08-13,vn,Vietnam,top_videos_daily,,97,https://i.ytimg.com/vi/DfEJGoZM9c0/mqdefault.jpg,Thôi Nín Đi Em,Thành Đạt,,,Thôi Nín Đi Em Thành Đạt
2026-08-13,vn,Vietnam,top_videos_daily,,98,https://i.ytimg.com/vi/NPWJVZbrKm0/mqdefault.jpg,IU LÀ ĐÂY,西恩 / Muộii / Anfang,,,"IU LÀ ĐÂY 西恩 , Muộii & Anfang"
2026-08-13,vn,Vietnam,top_videos_daily,,99,https://i.ytimg.com/vi/MzCbEdtNbJ0/mqdefault.jpg,HARU HARU(하루하루),BIGBANG,,,HARU HARU(하루하루) BIGBANG
2026-08-13,vn,Vietnam,top_videos_daily,,100,https://i.ytimg.com/vi/gfRHPahqWJs/mqdefault.jpg,LK TẠ TỪ TRONG ĐÊM & HÁI HOA RỪNG CHO EM - QUỲNH TRANG & NGỌC PHỤNG.,瓊莊,,,LK TẠ TỪ TRONG ĐÊM & HÁI HOA RỪNG CHO EM - QUỲNH TRANG & NGỌC PHỤNG. 瓊莊
2026-08-13,th,Thailand,top_videos_daily,,1,https://i.ytimg.com/vi/23cipSExADA/mqdefault.jpg,เพราะพี่รักจริง,หนึ่ง บีเคแบนด์,,,เพราะพี่รักจริง หนึ่ง บีเคแบนด์
2026-08-13,th,Thailand,top_videos_daily,,2,https://i.ytimg.com/vi/C40oligg6xE/mqdefault.jpg,นาฬิกาทราย (sign),BOWKYLION,,,นาฬิกาทราย (sign) BOWKYLION
2026-08-13,th,Thailand,top_videos_daily,,3,https://i.ytimg.com/vi/Hc4OrO4LRWw/mqdefault.jpg,กลัวว่าฉันจะไม่เสียใจ,PURPEECH,,,กลัวว่าฉันจะไม่เสียใจ PURPEECH
2026-08-13,th,Thailand,top_videos_daily,,4,https://i.ytimg.com/vi/E-xqEPPyciw/mqdefault.jpg,ทิ้งกันไม่ได้หรอก - แจ๊ส สปุ๊กนิค ปาปิยอง กุ๊กกุ๊ก [JSPKK] ft.เกมส์ สุจิตรา | Official MV,JSPKK,,,ทิ้งกันไม่ได้หรอก - แจ๊ส สปุ๊กนิค ปาปิยอง กุ๊กกุ๊ก [JSPKK] ft.เกมส์ สุจิตรา | Official MV JSPKK
2026-08-13,th,Thailand,top_videos_daily,,5,https://i.ytimg.com/vi/HTjkVCSsKv8/mqdefault.jpg,เมื่อไหร่จะมี (มีใจให้กัน),BLVCKHEART,,,เมื่อไหร่จะมี (มีใจให้กัน) BLVCKHEART
2026-08-13,th,Thailand,top_videos_daily,,6,https://i.ytimg.com/vi/5ySwsjh7SLQ/mqdefault.jpg,ขึ้นใจ (3am call),Mirrr,,,ขึ้นใจ (3am call) Mirrr
2026-08-13,th,Thailand,top_videos_daily,,7,https://i.ytimg.com/vi/UZKZclgeRTg/mqdefault.jpg,พอได้เสียว - ดิด คิตตี้ | Official MV,ดิด คิตตี้ official,,,พอได้เสียว - ดิด คิตตี้ | Official MV ดิด คิตตี้ official
2026-08-13,th,Thailand,top_videos_daily,,8,https://i.ytimg.com/vi/zMciAtU4miE/mqdefault.jpg,บ่มีสิทธิ์ - ธีร์ ทีเร็กซ์ x หยุด สาละวัน : เซิ้ง|Music 【Official MV】,SERNG MUSiC OFFICIAL,,,บ่มีสิทธิ์ - ธีร์ ทีเร็กซ์ x หยุด สาละวัน : เซิ้ง|Music 【Official MV】 SERNG MUSiC OFFICIAL
2026-08-13,th,Thailand,top_videos_daily,,9,https://i.ytimg.com/vi/vxHVQtJj2uQ/mqdefault.jpg,สาธุ,ASIA7,"11月 25, 2025",347593,"9 1 สาธุ ASIA7 11月 25, 2025 10 108 347,593"
2026-08-13,th,Thailand,top_videos_daily,,10,https://i.ytimg.com/vi/6qWq0KEvbYA/mqdefault.jpg,ถ้าเธอพร้อมที่จะรัก - หนึ่ง บีเคแบนด์ [OFFICIAL MV],หนึ่ง บีเคแบนด์,,,ถ้าเธอพร้อมที่จะรัก - หนึ่ง บีเคแบนด์ [OFFICIAL MV] หนึ่ง บีเคแบนด์
2026-08-13,th,Thailand,top_videos_daily,,11,https://i.ytimg.com/vi/j7GbNWS7XUQ/mqdefault.jpg,Rain Zone,Maiyarap,,,Rain Zone Maiyarap
2026-08-13,th,Thailand,top_videos_daily,,12,https://i.ytimg.com/vi/_X4p4oPlGLU/mqdefault.jpg,ขี้แง (Boys Don't Cry),PROXIE,,,ขี้แง (Boys Don't Cry) PROXIE
2026-08-13,th,Thailand,top_videos_daily,,13,https://i.ytimg.com/vi/70oRsDKJWiY/mqdefault.jpg,ฟ้าสีครามกับความเป็นจริง,BOVINI,,,ฟ้าสีครามกับความเป็นจริง BOVINI
2026-08-13,th,Thailand,top_videos_daily,,14,https://i.ytimg.com/vi/JbpfEQXuXc4/mqdefault.jpg,เต้ยสั่งลา,ธีร์ ทีเร็กซ์ OFFICIAL,,,เต้ยสั่งลา ธีร์ ทีเร็กซ์ OFFICIAL
2026-08-13,th,Thailand,top_videos_daily,,15,https://i.ytimg.com/vi/Ndh4rP1F6g8/mqdefault.jpg,ความคิดถึงที่เต็มไปด้วยน้ำตา,โชเล่ย์ ชคัทพล,,,ความคิดถึงที่เต็มไปด้วยน้ำตา โชเล่ย์ ชคัทพล
2026-08-13,th,Thailand,top_videos_daily,,16,https://i.ytimg.com/vi/hBK29bbOLS4/mqdefault.jpg,แก้บน,ก้านตอง ทุ่งเงิน,,,แก้บน ก้านตอง ทุ่งเงิน
2026-08-13,th,Thailand,top_videos_daily,,17,https://i.ytimg.com/vi/_4Pns0KNxzk/mqdefault.jpg,หม้อหุงข้าว,โจอี้ ภูวศิษฐ์,,,หม้อหุงข้าว โจอี้ ภูวศิษฐ์
2026-08-13,th,Thailand,top_videos_daily,,18,https://i.ytimg.com/vi/0iXj7Zkb3Ik/mqdefault.jpg,แคนฮ้างนางฟ้า,กู่แคน,,,แคนฮ้างนางฟ้า กู่แคน
2026-08-13,th,Thailand,top_videos_daily,,19,https://i.ytimg.com/vi/yTxEWswuPPg/mqdefault.jpg,ไม่มีใครรู้ตัวเรา,UNHEARD MUSIC,,,ไม่มีใครรู้ตัวเรา UNHEARD MUSIC
2026-08-13,th,Thailand,top_videos_daily,,20,https://i.ytimg.com/vi/1OMZrYHIim8/mqdefault.jpg,รักให้เธอได้รู้ (Proof.),PUN,,,รักให้เธอได้รู้ (Proof.) PUN
2026-08-13,th,Thailand,top_videos_daily,,21,https://i.ytimg.com/vi/-YByeE5aVc0/mqdefault.jpg,ได้แค่เดินมาส่ง (The Last Walk),Gavin D,,,ได้แค่เดินมาส่ง (The Last Walk) Gavin D
2026-08-13,th,Thailand,top_videos_daily,,22,https://i.ytimg.com/vi/D8T1EpbICsc/mqdefault.jpg,จิ้งจก ตุ๊กแก อึ่งอ่าง,เพ้นท์ คอนเน่,,,จิ้งจก ตุ๊กแก อึ่งอ่าง เพ้นท์ คอนเน่
2026-08-13,th,Thailand,top_videos_daily,,23,https://i.ytimg.com/vi/Ng_4m5A-3XQ/mqdefault.jpg,เมื่อถูกค้นพบ (Finally She Found.),FREEHAND,,,เมื่อถูกค้นพบ (Finally She Found.) FREEHAND
2026-08-13,th,Thailand,top_videos_daily,,24,https://i.ytimg.com/vi/I_xP8FhO2Zo/mqdefault.jpg,คิดถึงเรื้อรัง,manutsawee,,,คิดถึงเรื้อรัง manutsawee
2026-08-13,th,Thailand,top_videos_daily,,25,https://i.ytimg.com/vi/rPzC1o8E4t0/mqdefault.jpg,สลักจิต,Pop Pongkool,,,สลักจิต Pop Pongkool
2026-08-13,th,Thailand,top_videos_daily,,26,https://i.ytimg.com/vi/HZQyJHpo-ag/mqdefault.jpg,Lhob Mai Dai Chuay Hai Luem,普提蓬·阿薩拉塔納功 / Ink Waruntorn,,,Lhob Mai Dai Chuay Hai Luem 普提蓬·阿薩拉塔納功 & Ink Waruntorn
2026-08-13,th,Thailand,top_videos_daily,,27,https://i.ytimg.com/vi/ApXoWvfEYVU/mqdefault.jpg,Sunflower,Post Malone / Swae Lee,,,Sunflower Post Malone & Swae Lee
2026-08-13,th,Thailand,top_videos_daily,,28,https://i.ytimg.com/vi/QaPxz1I2nto/mqdefault.jpg,หลุมอากาศ,Palmy,"6月 17, 2026",193910,"28 3 หลุมอากาศ Palmy 6月 17, 2026 25 56 193,910"
2026-08-13,th,Thailand,top_videos_daily,,29,https://i.ytimg.com/vi/H2AbuWvYDXk/mqdefault.jpg,สิลืมเขาแล้วล่ะ - เน็ค นฤพล Feat. WanMai【OFFICIAL MV】,GRAMMY GOLD OFFICIAL,,,สิลืมเขาแล้วล่ะ - เน็ค นฤพล Feat. WanMai【OFFICIAL MV】 GRAMMY GOLD OFFICIAL
2026-08-13,th,Thailand,top_videos_daily,,30,https://i.ytimg.com/vi/34wnf8276O4/mqdefault.jpg,ภวังค์จิต,ปราง ปรางทิพย์,,,ภวังค์จิต ปราง ปรางทิพย์
2026-08-13,th,Thailand,top_videos_daily,,31,https://i.ytimg.com/vi/IWCCEwIFtuo/mqdefault.jpg,บุญผลาบ่ฮอด,อ้ายแมน ภิสิทธิ์พงษ์,,,บุญผลาบ่ฮอด อ้ายแมน ภิสิทธิ์พงษ์
2026-08-13,th,Thailand,top_videos_daily,,32,https://i.ytimg.com/vi/ypuzo5V2gQI/mqdefault.jpg,ลูกสบายดี,Kong Huayrai / ฐา ขนิษ,,,ลูกสบายดี Kong Huayrai & ฐา ขนิษ
2026-08-13,th,Thailand,top_videos_daily,,33,https://i.ytimg.com/vi/xhqHSRwKw3Q/mqdefault.jpg,เหลือใจให้ฉันบ้างไหม,MUNMUSIC,,,เหลือใจให้ฉันบ้างไหม MUNMUSIC
2026-08-13,th,Thailand,top_videos_daily,,34,https://i.ytimg.com/vi/P8SgCNmM7Z8/mqdefault.jpg,เด็กมูกล่อ,พ็อก บิ๊กอายส์ / บอล วงกลม,,,เด็กมูกล่อ พ็อก บิ๊กอายส์ & บอล วงกลม
2026-08-13,th,Thailand,top_videos_daily,,35,https://i.ytimg.com/vi/7ob-uFHQkuU/mqdefault.jpg,ก่อนโลกทั้งใบมันพัง,Mr'พระจันทร์,,,ก่อนโลกทั้งใบมันพัง Mr'พระจันทร์
2026-08-13,th,Thailand,top_videos_daily,,36,https://i.ytimg.com/vi/99jJP3DgdBQ/mqdefault.jpg,ขอแค่นี้ (Forever n ever),PUN,,,ขอแค่นี้ (Forever n ever) PUN
2026-08-13,th,Thailand,top_videos_daily,,37,https://i.ytimg.com/vi/O90WsctfY4Y/mqdefault.jpg,Sunset in Pattaya,YOUNGOHM,,,Sunset in Pattaya YOUNGOHM
2026-08-13,th,Thailand,top_videos_daily,,38,https://i.ytimg.com/vi/tDF_7PgHc70/mqdefault.jpg,ที่ที่ปลอดภัย - Yes'Sir Days「Official MV」,Genierock,,,ที่ที่ปลอดภัย - Yes'Sir Days「Official MV」 Genierock
2026-08-13,th,Thailand,top_videos_daily,,39,https://i.ytimg.com/vi/PJ1D_jdZiso/mqdefault.jpg,คนถูกของ,เมนทอล,"3月 12, 2026",161544,"39 14 คนถูกของ เมนทอล 3月 12, 2026 53 108 161,544"
2026-08-13,th,Thailand,top_videos_daily,,40,https://i.ytimg.com/vi/WE3in6xs1iw/mqdefault.jpg,อ่วยคืน,ธีร์ ทีเร็กซ์ OFFICIAL,,,อ่วยคืน ธีร์ ทีเร็กซ์ OFFICIAL
2026-08-13,th,Thailand,top_videos_daily,,41,https://i.ytimg.com/vi/TzlkpPS16X4/mqdefault.jpg,ถ้าเธอมองที่หัวใจ,หนึ่ง บีเคแบนด์,,,ถ้าเธอมองที่หัวใจ หนึ่ง บีเคแบนด์
2026-08-13,th,Thailand,top_videos_daily,,42,https://i.ytimg.com/vi/JeHnrF61J80/mqdefault.jpg,ถอนคำสาบาน,อะตอม ตาปีมิวสิคกรุ๊ป,,,ถอนคำสาบาน อะตอม ตาปีมิวสิคกรุ๊ป
2026-08-13,th,Thailand,top_videos_daily,,43,https://i.ytimg.com/vi/G2JFOEFmnnI/mqdefault.jpg,คืนจันทร์,Loso,"11月 6, 2014",156615,"43 ● คืนจันทร์ Loso 11月 6, 2014 43 89 156,615"
2026-08-13,th,Thailand,top_videos_daily,,44,https://i.ytimg.com/vi/HKBifVrELZI/mqdefault.jpg,ไม่คิดนอกใจ,Loso,,,ไม่คิดนอกใจ Loso
2026-08-13,th,Thailand,top_videos_daily,,45,https://i.ytimg.com/vi/Gy-MZjiFv2M/mqdefault.jpg,ดอกกระเจียวบาน,Kong Huayrai,,,ดอกกระเจียวบาน Kong Huayrai
2026-08-13,th,Thailand,top_videos_daily,,46,https://i.ytimg.com/vi/grrF03UISJ0/mqdefault.jpg,ขอให้เธอมีสุข,หนึ่ง บีเคแบนด์,,,ขอให้เธอมีสุข หนึ่ง บีเคแบนด์
2026-08-13,th,Thailand,top_videos_daily,,47,https://i.ytimg.com/vi/w6M2ZwjFgAg/mqdefault.jpg,ปริญญาไก่ตี,เม้ก อภิสิทธิ์,,,ปริญญาไก่ตี เม้ก อภิสิทธิ์
2026-08-13,th,Thailand,top_videos_daily,,48,https://i.ytimg.com/vi/wXT_qYQl2vQ/mqdefault.jpg,วาสนาหมาหย่ำรถ,TAR TORJORWOR,,,วาสนาหมาหย่ำรถ TAR TORJORWOR
2026-08-13,th,Thailand,top_videos_daily,,49,https://i.ytimg.com/vi/FbrH6dDPERI/mqdefault.jpg,ดาวตก,WANYAi,"10月 1, 2025",145619,"49 2 ดาวตก WANYAi 10月 1, 2025 47 105 145,619"
2026-08-13,th,Thailand,top_videos_daily,,50,https://i.ytimg.com/vi/98LzldwNu4I/mqdefault.jpg,สิทธิ์ของเจ้า,埋代•話摘星,,,สิทธิ์ของเจ้า 埋代•話摘星
2026-08-13,th,Thailand,top_videos_daily,,51,https://i.ytimg.com/vi/YSnzYqtlDYQ/mqdefault.jpg,เขาดีหลายอ้ายยอมเลว,เคย์ ต้นน้ำชี,,,เขาดีหลายอ้ายยอมเลว เคย์ ต้นน้ำชี
2026-08-13,th,Thailand,top_videos_daily,,52,https://i.ytimg.com/vi/5_yI8UQaHnU/mqdefault.jpg,ผมมีหัวใจจริงๆ (For The Girl...),T!NE,,,ผมมีหัวใจจริงๆ (For The Girl...) T!NE
2026-08-13,th,Thailand,top_videos_daily,,53,https://i.ytimg.com/vi/j1qw79H4eHU/mqdefault.jpg,สายไป,9tokyo,"5月 24, 2025",135233,"53 4 สายไป 9tokyo 5月 24, 2025 49 25 135,233"
2026-08-13,th,Thailand,top_videos_daily,,54,https://i.ytimg.com/vi/OW9faXovWto/mqdefault.jpg,สาหัส,Loso,"7月 22, 2016",133719,"54 4 สาหัส Loso 7月 22, 2016 50 48 133,719"
2026-08-13,th,Thailand,top_videos_daily,,55,https://i.ytimg.com/vi/AZ_t9iAJRDw/mqdefault.jpg,ดึงดัน,COCKTAIL,"10月 22, 2020",131590,"55 4 ดึงดัน COCKTAIL 10月 22, 2020 51 7 131,590"
2026-08-13,th,Thailand,top_videos_daily,,56,https://i.ytimg.com/vi/u7yCirQaWTs/mqdefault.jpg,รักเอ๋ย,Bird Thongchai,,,รักเอ๋ย Bird Thongchai
2026-08-13,th,Thailand,top_videos_daily,,57,https://i.ytimg.com/vi/-q_S27LbNKU/mqdefault.jpg,BAD,ATEEZ,"6月 25, 2026",122603,"57 3 BAD ATEEZ 6月 25, 2026 54 39 122,603"
2026-08-13,th,Thailand,top_videos_daily,,58,https://i.ytimg.com/vi/AyfZesBO4Vk/mqdefault.jpg,ไม่มีวันไหนที่ไม่คิดถึง (starlost.),PURPEECH,,,ไม่มีวันไหนที่ไม่คิดถึง (starlost.) PURPEECH
2026-08-13,th,Thailand,top_videos_daily,,59,https://i.ytimg.com/vi/Q-Wn9NgiLrI/mqdefault.jpg,ตามใจ (Live Session),fellow fellow,,,ตามใจ (Live Session) fellow fellow
2026-08-13,th,Thailand,top_videos_daily,,60,https://i.ytimg.com/vi/NziqtvQ4aV4/mqdefault.jpg,เมืองหลวงใจร้าย,นิว พงศกร,,,เมืองหลวงใจร้าย นิว พงศกร
2026-08-13,th,Thailand,top_videos_daily,,61,https://i.ytimg.com/vi/l5ur0v0lyrs/mqdefault.jpg,จำนน (White Flag),NONT TANONT,,,จำนน (White Flag) NONT TANONT
2026-08-13,th,Thailand,top_videos_daily,,62,https://i.ytimg.com/vi/vjCO0DDGFio/mqdefault.jpg,รักไม่ไหวแล้วโว้ย - โจอี้ ภูวศิษฐ์ (JOEY PHUWASIT)「Official MV」,JOEY PHUWASIT,,,รักไม่ไหวแล้วโว้ย - โจอี้ ภูวศิษฐ์ (JOEY PHUWASIT)「Official MV」 JOEY PHUWASIT
2026-08-13,th,Thailand,top_videos_daily,,63,https://i.ytimg.com/vi/RSkWs-cYUp8/mqdefault.jpg,วันนี้ปีที่แล้ว,MEYOU,,,วันนี้ปีที่แล้ว MEYOU
2026-08-13,th,Thailand,top_videos_daily,,64,https://i.ytimg.com/vi/Mrax5_z07Y0/mqdefault.jpg,ดาวหางฮัลเลย์,fellow fellow,,,ดาวหางฮัลเลย์ fellow fellow
2026-08-13,th,Thailand,top_videos_daily,,65,https://i.ytimg.com/vi/Q9MsKajCU3M/mqdefault.jpg,อมพระมาพูด,賽桑・蘇品麥,,,อมพระมาพูด 賽桑・蘇品麥
2026-08-13,th,Thailand,top_videos_daily,,66,https://i.ytimg.com/vi/TntfD-GpPd4/mqdefault.jpg,เพลงที่เธอไม่ฟัง,Bedroom Audio,,,เพลงที่เธอไม่ฟัง Bedroom Audio
2026-08-13,th,Thailand,top_videos_daily,,67,https://i.ytimg.com/vi/19A-4ktRX_Q/mqdefault.jpg,ซามสิพ้อ,Vieng Naruemon / 蒙肯·根坤,,,ซามสิพ้อ Vieng Naruemon & 蒙肯·根坤
2026-08-13,th,Thailand,top_videos_daily,,68,https://i.ytimg.com/vi/6JbqGuX3yOo/mqdefault.jpg,ไม่ได้ลืมแค่ไม่ได้เจอ (Live),guncharlie / PURPEECH,,,ไม่ได้ลืมแค่ไม่ได้เจอ (Live) guncharlie & PURPEECH
2026-08-13,th,Thailand,top_videos_daily,,69,https://i.ytimg.com/vi/zECdjYo5nH8/mqdefault.jpg,ถ้าอ้ายบ่ฮัก,ก้านตอง ทุ่งเงิน,,,ถ้าอ้ายบ่ฮัก ก้านตอง ทุ่งเงิน
2026-08-13,th,Thailand,top_videos_daily,,70,https://i.ytimg.com/vi/Xn_LEDFMdX8/mqdefault.jpg,Baddie,IRONBOY,"6月 18, 2026",104622,"70 7 Baddie IRONBOY 6月 18, 2026 63 54 104,622"
2026-08-13,th,Thailand,top_videos_daily,,71,https://i.ytimg.com/vi/Vl65JaGR-AE/mqdefault.jpg,แสงเดียวที่นำทาง (Live Concert) -【OFFICIAL MUSIC】 lyrics By ลูกพ่อแล,ลูกพ่อแล,,,แสงเดียวที่นำทาง (Live Concert) -【OFFICIAL MUSIC】 lyrics By ลูกพ่อแล ลูกพ่อแล
2026-08-13,th,Thailand,top_videos_daily,,72,https://i.ytimg.com/vi/jlD2k41BGVk/mqdefault.jpg,รู้กันแค่นี้ (mint),BOWKYLION,,,รู้กันแค่นี้ (mint) BOWKYLION
2026-08-13,th,Thailand,top_videos_daily,,73,https://i.ytimg.com/vi/PLJ0C7w4ka8/mqdefault.jpg,ความคิดถึงที่เต็มไปด้วยน้ำตา,โชเล่ย์ ชคัทพล / NOT'TOY,,,ความคิดถึงที่เต็มไปด้วยน้ำตา โชเล่ย์ ชคัทพล & NOT'TOY
2026-08-13,th,Thailand,top_videos_daily,,74,https://i.ytimg.com/vi/82-jTNka3uc/mqdefault.jpg,hate that i made you love me,Ariana Grande,,,hate that i made you love me Ariana Grande
2026-08-13,th,Thailand,top_videos_daily,,75,https://i.ytimg.com/vi/JhwD08bjfus/mqdefault.jpg,เอิ้นเธอว่าความฮัก,แอ้ม ชลธิชา,,,เอิ้นเธอว่าความฮัก แอ้ม ชลธิชา
2026-08-13,th,Thailand,top_videos_daily,,76,https://i.ytimg.com/vi/ulsXRXwk3Iw/mqdefault.jpg,ขอตายในอ้อมกอดเธอ,賽桑・蘇品麥,,,ขอตายในอ้อมกอดเธอ 賽桑・蘇品麥
2026-08-13,th,Thailand,top_videos_daily,,77,https://i.ytimg.com/vi/EXhrAhqmYf4/mqdefault.jpg,ดวงเดือน,โจอี้ ภูวศิษฐ์,,,ดวงเดือน โจอี้ ภูวศิษฐ์
2026-08-13,th,Thailand,top_videos_daily,,78,https://i.ytimg.com/vi/Q5SEFSLTYMc/mqdefault.jpg,จำบ่เป็น,ธีร์ ทีเร็กซ์ OFFICIAL,,,จำบ่เป็น ธีร์ ทีเร็กซ์ OFFICIAL
2026-08-13,th,Thailand,top_videos_daily,,79,https://i.ytimg.com/vi/a1wW0AjQCI8/mqdefault.jpg,นะหน้าทอง,โจอี้ ภูวศิษฐ์,,,นะหน้าทอง โจอี้ ภูวศิษฐ์
2026-08-13,th,Thailand,top_videos_daily,,80,https://i.ytimg.com/vi/KqCIa0GuzUM/mqdefault.jpg,pee kong mai chop pom rok Feat.VARINZ,PONchet,,,pee kong mai chop pom rok Feat.VARINZ PONchet
2026-08-13,th,Thailand,top_videos_daily,,81,https://i.ytimg.com/vi/9Ic6PWwTU8g/mqdefault.jpg,ให้นานกว่าที่เคย (Collab Version),派·蓬沙吞 / KLEAR,,,ให้นานกว่าที่เคย (Collab Version) 派·蓬沙吞 & KLEAR
2026-08-13,th,Thailand,top_videos_daily,,82,https://i.ytimg.com/vi/-YOiOhpTb3A/mqdefault.jpg,STORY,P6ICK,"4月 6, 2026",90811,"82 5 STORY P6ICK 4月 6, 2026 77 108 90,811"
2026-08-13,th,Thailand,top_videos_daily,,83,https://i.ytimg.com/vi/x1yYLrWJwkk/mqdefault.jpg,เมื่อถูกค้นพบ (Finally She Found.),FREEHAND,,,เมื่อถูกค้นพบ (Finally She Found.) FREEHAND
2026-08-13,th,Thailand,top_videos_daily,,84,https://i.ytimg.com/vi/zivpBXVprMI/mqdefault.jpg,กำแพงหัวใจ,Mirrr,,,กำแพงหัวใจ Mirrr
2026-08-13,th,Thailand,top_videos_daily,,85,https://i.ytimg.com/vi/DXvtelMvUy8/mqdefault.jpg,ทำใจไม่ได้,Z9,"4月 29, 2026",87851,"85 3 ทำใจไม่ได้ Z9 4月 29, 2026 82 102 87,851"
2026-08-13,th,Thailand,top_videos_daily,,86,https://i.ytimg.com/vi/-NSwe-XikGI/mqdefault.jpg,คืนสิทธิ์,บุ๊ค ศุภกาญจน์,,,คืนสิทธิ์ บุ๊ค ศุภกาญจน์
2026-08-13,th,Thailand,top_videos_daily,,87,https://i.ytimg.com/vi/1jjESCd-NGQ/mqdefault.jpg,สำนึก - คณะเอวีรูม (Live session) | Original : มาลีฮวนน่า 4K,พ็อก บิ๊กอายส์ / โดม วงริสแบนด์,,,สำนึก - คณะเอวีรูม (Live session) | Original : มาลีฮวนน่า 4K พ็อก บิ๊กอายส์ & โดม วงริสแบนด์
2026-08-13,th,Thailand,top_videos_daily,,88,https://i.ytimg.com/vi/KwhjlNvF-4Q/mqdefault.jpg,Muse - Hysteria [Live From Wembley Stadium],謬思合唱團,,,Muse - Hysteria [Live From Wembley Stadium] 謬思合唱團
2026-08-13,th,Thailand,top_videos_daily,,89,https://i.ytimg.com/vi/nNvPtGewa_k/mqdefault.jpg,ความรักทำให้คนตาบอด,Bodyslam,,,ความรักทำให้คนตาบอด Bodyslam
2026-08-13,th,Thailand,top_videos_daily,,90,https://i.ytimg.com/vi/P6sqbp6LpKY/mqdefault.jpg,fellow fellow - รักที่พอดี (enough) | Official MV,fellowfellowband,,,fellow fellow - รักที่พอดี (enough) | Official MV fellowfellowband
2026-08-13,th,Thailand,top_videos_daily,,91,https://i.ytimg.com/vi/LiDA3UMHKmY/mqdefault.jpg,ใช้ฉันทำไม (Stand-in),Proo Thunwa,,,ใช้ฉันทำไม (Stand-in) Proo Thunwa
2026-08-13,th,Thailand,top_videos_daily,,92,https://i.ytimg.com/vi/MD2xgAvyhpo/mqdefault.jpg,พี่ชอบหนูที่สุดเลย,PONchet,,,พี่ชอบหนูที่สุดเลย PONchet
2026-08-13,th,Thailand,top_videos_daily,,93,https://i.ytimg.com/vi/QFpsBK0F0js/mqdefault.jpg,สมดุลรัก (Balance),SEA.,,,สมดุลรัก (Balance) SEA.
2026-08-13,th,Thailand,top_videos_daily,,94,https://i.ytimg.com/vi/ejBg3-4kAFo/mqdefault.jpg,เอาที่บายใจ,บ่าววี,,,เอาที่บายใจ บ่าววี
2026-08-13,th,Thailand,top_videos_daily,,95,https://i.ytimg.com/vi/DWJkFq9lZ_8/mqdefault.jpg,Mai Yom Tad Jai,賽桑・蘇品麥,,,Mai Yom Tad Jai 賽桑・蘇品麥
2026-08-13,th,Thailand,top_videos_daily,,96,https://i.ytimg.com/vi/qi2YSC_WcE8/mqdefault.jpg,ทางหินแห่,Kong Huayrai,,,ทางหินแห่ Kong Huayrai
2026-08-13,th,Thailand,top_videos_daily,,97,https://i.ytimg.com/vi/5UqInlWu6Zg/mqdefault.jpg,ขาดความอบอุ่น,genie records / FREEHAND,,,ขาดความอบอุ่น genie records & FREEHAND
2026-08-13,th,Thailand,top_videos_daily,,98,https://i.ytimg.com/vi/qFs5GirC05c/mqdefault.jpg,ตัวสำรอง,Bedroom Audio,,,ตัวสำรอง Bedroom Audio
2026-08-13,th,Thailand,top_videos_daily,,99,https://i.ytimg.com/vi/gOnOMTyi89w/mqdefault.jpg,คนคนนึง,The White Hair Cut,,,คนคนนึง The White Hair Cut
2026-08-13,th,Thailand,top_videos_daily,,100,https://i.ytimg.com/vi/BcOlMcpvYRI/mqdefault.jpg,เหงา คิดถึง รอ,賽桑・蘇品麥,,,เหงา คิดถึง รอ 賽桑・蘇品麥
2026-08-13,id,Indonesia,top_videos_daily,,1,https://i.ytimg.com/vi/RO75uUZiAw0/mqdefault.jpg,Teh Hijau,圖魯斯,"6月 29, 2026",916100,"1 ● Teh Hijau 圖魯斯 6月 29, 2026 1 39 916,100"
2026-08-13,id,Indonesia,top_videos_daily,,2,https://i.ytimg.com/vi/Nskf70DMR60/mqdefault.jpg,Sesi Potret,eńau,,,Sesi Potret eńau
2026-08-13,id,Indonesia,top_videos_daily,,3,https://i.ytimg.com/vi/awWKxGftWh4/mqdefault.jpg,Dunia Yang Nanti,Raim Laode,,,Dunia Yang Nanti Raim Laode
2026-08-13,id,Indonesia,top_videos_daily,,4,https://i.ytimg.com/vi/K-7olbaOelg/mqdefault.jpg,MMG (My Mine Gueh),Naykilla,,,MMG (My Mine Gueh) Naykilla
2026-08-13,id,Indonesia,top_videos_daily,,5,https://i.ytimg.com/vi/38_bAaFI41w/mqdefault.jpg,Don't Force Your Longing,Ifan Seventeen,,,Don't Force Your Longing Ifan Seventeen
2026-08-13,id,Indonesia,top_videos_daily,,6,https://i.ytimg.com/vi/F0d8JJUNkqo/mqdefault.jpg,Tabola Bale,SILET OPEN UP / Jacson Zeran / Juan Reza / Diva Aurel,,,"Tabola Bale SILET OPEN UP , Jacson Zeran , Juan Reza & Diva Aurel"
2026-08-13,id,Indonesia,top_videos_daily,,7,https://i.ytimg.com/vi/0SbnqsQInqE/mqdefault.jpg,MUTIARA,Ipank / Kintani,,,MUTIARA Ipank & Kintani
2026-08-13,id,Indonesia,top_videos_daily,,8,https://i.ytimg.com/vi/M7oZR-MTEZs/mqdefault.jpg,Iqro',Raim Laode,,,Iqro' Raim Laode
2026-08-13,id,Indonesia,top_videos_daily,,9,https://i.ytimg.com/vi/mJE0ROBWPvY/mqdefault.jpg,Lesung Pipi,Raim Laode,,,Lesung Pipi Raim Laode
2026-08-13,id,Indonesia,top_videos_daily,,10,https://i.ytimg.com/vi/2uJut6USftQ/mqdefault.jpg,Jatuh Suka,圖魯斯,"3月 2, 2022",366396,"10 1 Jatuh Suka 圖魯斯 3月 2, 2022 9 239 366,396"
2026-08-13,id,Indonesia,top_videos_daily,,11,https://i.ytimg.com/vi/qQDaxjLReck/mqdefault.jpg,Ini Abadi,Perunggu,,,Ini Abadi Perunggu
2026-08-13,id,Indonesia,top_videos_daily,,12,https://i.ytimg.com/vi/OQNu-iB2tE8/mqdefault.jpg,Titik Nadir,Kahitna / Monita Tahalea,,,Titik Nadir Kahitna & Monita Tahalea
2026-08-13,id,Indonesia,top_videos_daily,,13,https://i.ytimg.com/vi/OT5msu-dap8/mqdefault.jpg,Shape Of My Heart,Backstreet Boys,,,Shape Of My Heart Backstreet Boys
2026-08-13,id,Indonesia,top_videos_daily,,14,https://i.ytimg.com/vi/kC0SA9Vkdos/mqdefault.jpg,Hearts2Hearts 하츠투하츠 'ICONIC HEART' MV Teaser,SMTOWN,,,Hearts2Hearts 하츠투하츠 'ICONIC HEART' MV Teaser SMTOWN
2026-08-13,id,Indonesia,top_videos_daily,,15,https://i.ytimg.com/vi/WZYUSaHlGlk/mqdefault.jpg,NEGORO ANGIN,Denny Caknan,,,NEGORO ANGIN Denny Caknan
2026-08-13,id,Indonesia,top_videos_daily,,16,https://i.ytimg.com/vi/0VOhIR3bnXY/mqdefault.jpg,ORANG BARU LEBE GACOR,Ecko Show / Juan Reza / CHESYLINO,,,"ORANG BARU LEBE GACOR Ecko Show , Juan Reza & CHESYLINO"
2026-08-13,id,Indonesia,top_videos_daily,,17,https://i.ytimg.com/vi/yIPX-FNJ9qk/mqdefault.jpg,Sedia Aku Sebelum Hujan,Idgitaf,,,Sedia Aku Sebelum Hujan Idgitaf
2026-08-13,id,Indonesia,top_videos_daily,,18,https://i.ytimg.com/vi/_e9xhF69kFs/mqdefault.jpg,Negoro Angin,Silvy Kumalasari,,,Negoro Angin Silvy Kumalasari
2026-08-13,id,Indonesia,top_videos_daily,,19,https://i.ytimg.com/vi/cmICctnAWCY/mqdefault.jpg,kota ini tak sama tanpamu,Nadhif Basalamah,,,kota ini tak sama tanpamu Nadhif Basalamah
2026-08-13,id,Indonesia,top_videos_daily,,20,https://i.ytimg.com/vi/o25_Tn8BnFM/mqdefault.jpg,Anugerah Terindah,Andmesh,,,Anugerah Terindah Andmesh
2026-08-13,id,Indonesia,top_videos_daily,,21,https://i.ytimg.com/vi/OErndIcI8gE/mqdefault.jpg,Alamak,Rizky Febian / Adrian Khalif,,,Alamak Rizky Febian & Adrian Khalif
2026-08-13,id,Indonesia,top_videos_daily,,22,https://i.ytimg.com/vi/DbVrS-1UQNU/mqdefault.jpg,Bila Kau Tak Disampingku,Sheila on 7,,,Bila Kau Tak Disampingku Sheila on 7
2026-08-13,id,Indonesia,top_videos_daily,,23,https://i.ytimg.com/vi/jmvX6XyvCy0/mqdefault.jpg,Bersenja Gurau,Raim Laode,,,Bersenja Gurau Raim Laode
2026-08-13,id,Indonesia,top_videos_daily,,24,https://i.ytimg.com/vi/V6cQ4LyvOgg/mqdefault.jpg,1000X,Ghea Indrawari,,1000,1000X Ghea Indrawari
2026-08-13,id,Indonesia,top_videos_daily,,25,https://i.ytimg.com/vi/ba-XAIskH_g/mqdefault.jpg,Lantas,Juicy Luicy,,,Lantas Juicy Luicy
2026-08-13,id,Indonesia,top_videos_daily,,26,https://i.ytimg.com/vi/tAbHxboRGoU/mqdefault.jpg,AMBON MANISE,Toton Caribo,,,AMBON MANISE Toton Caribo
2026-08-13,id,Indonesia,top_videos_daily,,27,https://i.ytimg.com/vi/grp6FCnioMM/mqdefault.jpg,kota ini tak sama tanpamu,Nadhif Basalamah,,,kota ini tak sama tanpamu Nadhif Basalamah
2026-08-13,id,Indonesia,top_videos_daily,,28,https://i.ytimg.com/vi/k0ubS6BhHu4/mqdefault.jpg,Garam & Madu,Tenxi / Jemsii / Naykilla,,,"Garam & Madu Tenxi , Jemsii & Naykilla"
2026-08-13,id,Indonesia,top_videos_daily,,29,https://i.ytimg.com/vi/cUnYmncAvP4/mqdefault.jpg,33x,Perunggu,"3月 10, 2022",205139,"29 3 33x Perunggu 3月 10, 2022 26 292 205,139"
2026-08-13,id,Indonesia,top_videos_daily,,30,https://i.ytimg.com/vi/MW9BbTJrMig/mqdefault.jpg,Sia Sia Mengharap Cintamu,Els Warouw,,,Sia Sia Mengharap Cintamu Els Warouw
2026-08-13,id,Indonesia,top_videos_daily,,31,https://i.ytimg.com/vi/CNbmVEEW-mA/mqdefault.jpg,Yang Terdalam,NOAH,,,Yang Terdalam NOAH
2026-08-13,id,Indonesia,top_videos_daily,,32,https://i.ytimg.com/vi/NOiQfCVjAsQ/mqdefault.jpg,MUTIARA (Live),Laila Ayu / Irwan D'Academy / SIMPATIK MUSIC,,,"MUTIARA (Live) Laila Ayu , Irwan D'Academy & SIMPATIK MUSIC"
2026-08-13,id,Indonesia,top_videos_daily,,33,https://i.ytimg.com/vi/9Hrq97AdO7Q/mqdefault.jpg,Rembulan Malam,Arief,,,Rembulan Malam Arief
2026-08-13,id,Indonesia,top_videos_daily,,34,https://i.ytimg.com/vi/Rc_PqhGh580/mqdefault.jpg,Tutur Batin,Yura Yunita,,,Tutur Batin Yura Yunita
2026-08-13,id,Indonesia,top_videos_daily,,35,https://i.ytimg.com/vi/1WeCPL58Ijg/mqdefault.jpg,ANGEL 2 (Live),Ajeng Febria,,,ANGEL 2 (Live) Ajeng Febria
2026-08-13,id,Indonesia,top_videos_daily,,36,https://i.ytimg.com/vi/eIrS1_47Eng/mqdefault.jpg,no na - honk! (Official Music Video),no na,,,no na - honk! (Official Music Video) no na
2026-08-13,id,Indonesia,top_videos_daily,,37,https://i.ytimg.com/vi/cQLbKBu9vlY/mqdefault.jpg,Bukan Ku Tak Sudi,Iklim,,,Bukan Ku Tak Sudi Iklim
2026-08-13,id,Indonesia,top_videos_daily,,38,https://i.ytimg.com/vi/NRGDT2UUlsk/mqdefault.jpg,Jatuh Suka,圖魯斯,"9月 28, 2025",181034,"38 10 Jatuh Suka 圖魯斯 9月 28, 2025 28 52 181,034"
2026-08-13,id,Indonesia,top_videos_daily,,39,https://i.ytimg.com/vi/fLdVq8n-KQg/mqdefault.jpg,Astaga Bercanda,Akbar Chalay / Mingse,,,Astaga Bercanda Akbar Chalay & Mingse
2026-08-13,id,Indonesia,top_videos_daily,,40,https://i.ytimg.com/vi/OqEc_169ywY/mqdefault.jpg,drunk text,Henry Moodie,,,drunk text Henry Moodie
2026-08-13,id,Indonesia,top_videos_daily,,41,https://i.ytimg.com/vi/wPb_miODtDI/mqdefault.jpg,Astaga Bercanda,Akbar Chalay / Mingse,,,Astaga Bercanda Akbar Chalay & Mingse
2026-08-13,id,Indonesia,top_videos_daily,,42,https://i.ytimg.com/vi/qa-HkDhWh1U/mqdefault.jpg,Edan Turun,Wafiq Azizah,,,Edan Turun Wafiq Azizah
2026-08-13,id,Indonesia,top_videos_daily,,43,https://i.ytimg.com/vi/o0tVo09Rjyw/mqdefault.jpg,Salah Apa,Ipank,"2月 8, 2026",171349,"43 ● Salah Apa Ipank 2月 8, 2026 43 67 171,349"
2026-08-13,id,Indonesia,top_videos_daily,,44,https://i.ytimg.com/vi/b5ZQob-mDGM/mqdefault.jpg,Hingga Tua Bersama,Rizky Febian,,,Hingga Tua Bersama Rizky Febian
2026-08-13,id,Indonesia,top_videos_daily,,45,https://i.ytimg.com/vi/uf721kddxuM/mqdefault.jpg,2001x,Adrian Khalif,,2001,2001x Adrian Khalif
2026-08-13,id,Indonesia,top_videos_daily,,46,https://i.ytimg.com/vi/zyLmavBAY7k/mqdefault.jpg,Teh Hijau,圖魯斯,"7月 10, 2026",169163,"46 5 Teh Hijau 圖魯斯 7月 10, 2026 51 29 169,163"
2026-08-13,id,Indonesia,top_videos_daily,,47,https://i.ytimg.com/vi/4VVvXjmRk6g/mqdefault.jpg,BODY PATA PATA,Faris Adam,,,BODY PATA PATA Faris Adam
2026-08-13,id,Indonesia,top_videos_daily,,48,https://i.ytimg.com/vi/lCIX4hd_geU/mqdefault.jpg,LAUT KIDUL (Live),Denny Caknan,,,LAUT KIDUL (Live) Denny Caknan
2026-08-13,id,Indonesia,top_videos_daily,,49,https://i.ytimg.com/vi/gS9o1FAszdk/mqdefault.jpg,The Man Who Can’t Be Moved,The Script,,,The Man Who Can’t Be Moved The Script
2026-08-13,id,Indonesia,top_videos_daily,,50,https://i.ytimg.com/vi/m_2GEsOIzmc/mqdefault.jpg,Bounce & Pa Bkb,Vian DTM,,,Bounce & Pa Bkb Vian DTM
2026-08-13,id,Indonesia,top_videos_daily,,51,https://i.ytimg.com/vi/9WHWkEJLKJM/mqdefault.jpg,IQRO',Raim Laode,,,IQRO' Raim Laode
2026-08-13,id,Indonesia,top_videos_daily,,52,https://i.ytimg.com/vi/vDSUmX2zOGk/mqdefault.jpg,Kasih Aba Aba,Naykilla / Tenxi / Jemsii,,,"Kasih Aba Aba Naykilla , Tenxi & Jemsii"
2026-08-13,id,Indonesia,top_videos_daily,,53,https://i.ytimg.com/vi/R5PyKEgKYUE/mqdefault.jpg,Jambu Alas,Della Monica,,,Jambu Alas Della Monica
2026-08-13,id,Indonesia,top_videos_daily,,54,https://i.ytimg.com/vi/qdERFU_HPx4/mqdefault.jpg,Tak Di Tanganku,Juicy Luicy / Mawar De Jongh,,,Tak Di Tanganku Juicy Luicy & Mawar De Jongh
2026-08-13,id,Indonesia,top_videos_daily,,55,https://i.ytimg.com/vi/x6E_Qj30EZI/mqdefault.jpg,Aishiteru,Zivilia,,,Aishiteru Zivilia
2026-08-13,id,Indonesia,top_videos_daily,,56,https://i.ytimg.com/vi/Oextk-If8HQ/mqdefault.jpg,Somewhere Only We Know,Keane,,,Somewhere Only We Know Keane
2026-08-13,id,Indonesia,top_videos_daily,,57,https://i.ytimg.com/vi/WhEUZrB2Osc/mqdefault.jpg,Berapa Kali Kita Akan Saling Memaafkan,Pamungkas,,,Berapa Kali Kita Akan Saling Memaafkan Pamungkas
2026-08-13,id,Indonesia,top_videos_daily,,58,https://i.ytimg.com/vi/HgRsmSyy_Fw/mqdefault.jpg,PEARL,Difarina Indra / Fendik Adella,,,PEARL Difarina Indra & Fendik Adella
2026-08-13,id,Indonesia,top_videos_daily,,59,https://i.ytimg.com/vi/IqaQjRGt8i0/mqdefault.jpg,Yeni Inka ft. Yesa Oktavia - LAUT KIDUL (Official Music Yi Production),Yeni Inka,,,Yeni Inka ft. Yesa Oktavia - LAUT KIDUL (Official Music Yi Production) Yeni Inka
2026-08-13,id,Indonesia,top_videos_daily,,60,https://i.ytimg.com/vi/ThGYCL1zERU/mqdefault.jpg,Raci Kuah,Fresly Nikijuluw,,,Raci Kuah Fresly Nikijuluw
2026-08-13,id,Indonesia,top_videos_daily,,61,https://i.ytimg.com/vi/pRfmrE0ToTo/mqdefault.jpg,Rewrite the Stars,詹姆士·亞瑟 / 安-瑪莉,,,Rewrite the Stars 詹姆士·亞瑟 & 安-瑪莉
2026-08-13,id,Indonesia,top_videos_daily,,62,https://i.ytimg.com/vi/lY2yjAdbvdQ/mqdefault.jpg,Treat You Better,Shawn Mendes,,,Treat You Better Shawn Mendes
2026-08-13,id,Indonesia,top_videos_daily,,63,https://i.ytimg.com/vi/EngPsM8VnzM/mqdefault.jpg,Kicau Mania,Ndarboy Genk / Banditoz Yaow 86 / BoyCord,,,"Kicau Mania Ndarboy Genk , Banditoz Yaow 86 & BoyCord"
2026-08-13,id,Indonesia,top_videos_daily,,64,https://i.ytimg.com/vi/PqTRMsd8uRQ/mqdefault.jpg,Aku Harus Pergi,Whisnu Santika,,,Aku Harus Pergi Whisnu Santika
2026-08-13,id,Indonesia,top_videos_daily,,65,https://i.ytimg.com/vi/emtRD5CGOts/mqdefault.jpg,Ungu - Utara - Selatan | Official Music Video,Trinity Optima Production,,,Ungu - Utara - Selatan | Official Music Video Trinity Optima Production
2026-08-13,id,Indonesia,top_videos_daily,,66,https://i.ytimg.com/vi/ur8K6XPwscY/mqdefault.jpg,Pergi Pagi Pulang Pagi,Armada,,,Pergi Pagi Pulang Pagi Armada
2026-08-13,id,Indonesia,top_videos_daily,,67,https://i.ytimg.com/vi/uGxaFiHD7PI/mqdefault.jpg,Menari-nari,Raim Laode,,,Menari-nari Raim Laode
2026-08-13,id,Indonesia,top_videos_daily,,68,https://i.ytimg.com/vi/nYLaeQ0_TjY/mqdefault.jpg,Mencari Alasan,Exists,,,Mencari Alasan Exists
2026-08-13,id,Indonesia,top_videos_daily,,69,https://i.ytimg.com/vi/IlK-hiKqDl0/mqdefault.jpg,Mungkinkah,Stinky,,,Mungkinkah Stinky
2026-08-13,id,Indonesia,top_videos_daily,,70,https://i.ytimg.com/vi/FcejdBgc_58/mqdefault.jpg,Terpukau (Video Clip),Astrid,,,Terpukau (Video Clip) Astrid
2026-08-13,id,Indonesia,top_videos_daily,,71,https://i.ytimg.com/vi/XY9JR07il_U/mqdefault.jpg,Keong Racun,Ajeng Febria,,,Keong Racun Ajeng Febria
2026-08-13,id,Indonesia,top_videos_daily,,72,https://i.ytimg.com/vi/_-MIFofXRNU/mqdefault.jpg,Apa Kabar Sayang,Armada,,,Apa Kabar Sayang Armada
2026-08-13,id,Indonesia,top_videos_daily,,73,https://i.ytimg.com/vi/Il-an3K9pjg/mqdefault.jpg,Anne,Marie,"5月 8, 2018",132449,"73 5 2002 Anne-Marie 5月 8, 2018 68 46 132,449"
2026-08-13,id,Indonesia,top_videos_daily,,74,https://i.ytimg.com/vi/0PmHpgFhy8E/mqdefault.jpg,Kenangan Manis,Pamungkas,,,Kenangan Manis Pamungkas
2026-08-13,id,Indonesia,top_videos_daily,,75,https://i.ytimg.com/vi/A5E1oEWjEHs/mqdefault.jpg,Raiso Ngapusi 2,Royal Music / Shinta Arsinta,,,Raiso Ngapusi 2 Royal Music & Shinta Arsinta
2026-08-13,id,Indonesia,top_videos_daily,,76,https://i.ytimg.com/vi/fcnDmrtj6Sk/mqdefault.jpg,Dai Dai,Shakira / Burna Boy,,,Dai Dai Shakira & Burna Boy
2026-08-13,id,Indonesia,top_videos_daily,,77,https://i.ytimg.com/vi/__Pb1fO2H2A/mqdefault.jpg,Kita Lewati Berdua,overnight,,,Kita Lewati Berdua overnight
2026-08-13,id,Indonesia,top_videos_daily,,78,https://i.ytimg.com/vi/6-_8gXbJPDw/mqdefault.jpg,HATI YANG LUKA,Dilla Novera,,,HATI YANG LUKA Dilla Novera
2026-08-13,id,Indonesia,top_videos_daily,,79,https://i.ytimg.com/vi/R-DKGaY1xqo/mqdefault.jpg,ASSALAMUALAIKA Versi Tiga Bahasa,Wangi Inema,,,ASSALAMUALAIKA Versi Tiga Bahasa Wangi Inema
2026-08-13,id,Indonesia,top_videos_daily,,80,https://i.ytimg.com/vi/yODOga1B1u8/mqdefault.jpg,RINDU SERINDU RINDUNYA,Decky Ryan,,,RINDU SERINDU RINDUNYA Decky Ryan
2026-08-13,id,Indonesia,top_videos_daily,,81,https://i.ytimg.com/vi/FcOctsNXyjk/mqdefault.jpg,Cinta Luar Biasa,Andmesh,,,Cinta Luar Biasa Andmesh
2026-08-13,id,Indonesia,top_videos_daily,,82,https://i.ytimg.com/vi/yxa21u33lXQ/mqdefault.jpg,Lembaran baru,黛西·藍娜莎莉,,,Lembaran baru 黛西·藍娜莎莉
2026-08-13,id,Indonesia,top_videos_daily,,83,https://i.ytimg.com/vi/QGZ1tR-xMLo/mqdefault.jpg,Titik Nadir,Kahitna / Monita Tahalea,,,Titik Nadir Kahitna & Monita Tahalea
2026-08-13,id,Indonesia,top_videos_daily,,84,https://i.ytimg.com/vi/vf3zFvcKQkw/mqdefault.jpg,Heaven,Bryan Adams,,,Heaven Bryan Adams
2026-08-13,id,Indonesia,top_videos_daily,,85,https://i.ytimg.com/vi/chl0R8C4NJ8/mqdefault.jpg,Hearts2Hearts 하츠투하츠 'ICONIC HEART' MV,Hearts2Hearts,,,Hearts2Hearts 하츠투하츠 'ICONIC HEART' MV Hearts2Hearts
2026-08-13,id,Indonesia,top_videos_daily,,86,https://i.ytimg.com/vi/RswcnKZmnbk/mqdefault.jpg,Sudah Tahu Tuhan Kita Berbeda,eńau,,,Sudah Tahu Tuhan Kita Berbeda eńau
2026-08-13,id,Indonesia,top_videos_daily,,87,https://i.ytimg.com/vi/Wg92RrNhB8s/mqdefault.jpg,One Last Time,雅瑞安娜·格蘭德,,,One Last Time 雅瑞安娜·格蘭德
2026-08-13,id,Indonesia,top_videos_daily,,88,https://i.ytimg.com/vi/UCDI0rblZQs/mqdefault.jpg,rollerblade,no na,,,rollerblade no na
2026-08-13,id,Indonesia,top_videos_daily,,89,https://i.ytimg.com/vi/oQUrfGMaE7k/mqdefault.jpg,Haruskah Aku Mati,Arief,,,Haruskah Aku Mati Arief
2026-08-13,id,Indonesia,top_videos_daily,,90,https://i.ytimg.com/vi/qZIQAk-BUEc/mqdefault.jpg,Melukis Senja,Budi Doremi,,,Melukis Senja Budi Doremi
2026-08-13,id,Indonesia,top_videos_daily,,91,https://i.ytimg.com/vi/nE756xSHzUQ/mqdefault.jpg,Pemain Cinta,ADA Band,,,Pemain Cinta ADA Band
2026-08-13,id,Indonesia,top_videos_daily,,92,https://i.ytimg.com/vi/-DgrCXrhZHA/mqdefault.jpg,Satu Rasa Cinta,Andra Respati,,,Satu Rasa Cinta Andra Respati
2026-08-13,id,Indonesia,top_videos_daily,,93,https://i.ytimg.com/vi/PT2_F-1esPk/mqdefault.jpg,Closer,The Chainsmokers,,,Closer The Chainsmokers
2026-08-13,id,Indonesia,top_videos_daily,,94,https://i.ytimg.com/vi/Bt_NcCkodfs/mqdefault.jpg,Negoro Angin,Ajeng Febria / Denny Caknan,,,Negoro Angin Ajeng Febria & Denny Caknan
2026-08-13,id,Indonesia,top_videos_daily,,95,https://i.ytimg.com/vi/rgSzJixLwG8/mqdefault.jpg,Rahasia Hati,Element,,,Rahasia Hati Element
2026-08-13,id,Indonesia,top_videos_daily,,96,https://i.ytimg.com/vi/O2CFycaEc8A/mqdefault.jpg,JOMBLO - Riyanti Darlia X Raka Mahesa [LIVE COVER],Rehan Darso Putra / Bandung Music / Riyanti Darlia,,,"JOMBLO - Riyanti Darlia X Raka Mahesa [LIVE COVER] Rehan Darso Putra , Bandung Music & Riyanti Darlia"
2026-08-13,id,Indonesia,top_videos_daily,,97,https://i.ytimg.com/vi/ojRzrlJpLME/mqdefault.jpg,Istana Bintang,Setia Band,,,Istana Bintang Setia Band
2026-08-13,id,Indonesia,top_videos_daily,,98,https://i.ytimg.com/vi/UhLByWDlQLk/mqdefault.jpg,Gerimis Mengundang,戴基·萊恩,,,Gerimis Mengundang 戴基·萊恩
2026-08-13,id,Indonesia,top_videos_daily,,99,https://i.ytimg.com/vi/1VqxWNwgf5Q/mqdefault.jpg,Lemon Tang,Hearts2Hearts,,,Lemon Tang Hearts2Hearts
2026-08-13,id,Indonesia,top_videos_daily,,100,https://i.ytimg.com/vi/Bgt9g1q-xj0/mqdefault.jpg,Cinta Sejati,Bunga Citra Lestari,,,Cinta Sejati Bunga Citra Lestari
2026-08-13,in,India,top_videos_daily,,1,https://i.ytimg.com/vi/xvT1jH8B9AM/mqdefault.jpg,KALYANI (Remix),ARJN / KDS / FIFTY4 / 舒蕾亞·戈沙爾,,,"KALYANI (Remix) ARJN , KDS , FIFTY4 & 舒蕾亞·戈沙爾"
2026-08-13,in,India,top_videos_daily,,2,https://i.ytimg.com/vi/u9BdaJTWeiw/mqdefault.jpg,Barbaadi,Shilpi Raj,,,Barbaadi Shilpi Raj
2026-08-13,in,India,top_videos_daily,,3,https://i.ytimg.com/vi/A_RV2H2F9jw/mqdefault.jpg,Basinga Balaalu,Srinidhi Nerella / Kalyan Keys / Swamy Naresh,,,"Basinga Balaalu Srinidhi Nerella , Kalyan Keys & Swamy Naresh"
2026-08-13,in,India,top_videos_daily,,4,https://i.ytimg.com/vi/YyepU5ztLf4/mqdefault.jpg,Shararat,Madhubanti Bagchi / 雅斯文·桑德拉斯 / 沙赫瓦特·薩赫迪夫,,,"Shararat Madhubanti Bagchi , 雅斯文·桑德拉斯 & 沙赫瓦特·薩赫迪夫"
2026-08-13,in,India,top_videos_daily,,5,https://i.ytimg.com/vi/F2m4HPLvj-4/mqdefault.jpg,Jaiye Sajana,雅斯文·桑德拉斯 / 施廷德·薩爾塔 / 沙赫瓦特·薩赫迪夫,,,"Jaiye Sajana 雅斯文·桑德拉斯 , 施廷德·薩爾塔 & 沙赫瓦特·薩赫迪夫"
2026-08-13,in,India,top_videos_daily,,6,https://i.ytimg.com/vi/aRNfSqsgrgE/mqdefault.jpg,Sheesha,Mitta Ror / Swara Verma,,,Sheesha Mitta Ror & Swara Verma
2026-08-13,in,India,top_videos_daily,,7,https://i.ytimg.com/vi/oafxkMv4xnc/mqdefault.jpg,Bairan,Banjaare,"2月 13, 2026",1180774,"7 2 Bairan Banjaare 2月 13, 2026 9 160 1,180,774"
2026-08-13,in,India,top_videos_daily,,8,https://i.ytimg.com/vi/bP8ATWCvqzw/mqdefault.jpg,Arz Kiya Hai,Anuv Jain,,,Arz Kiya Hai Anuv Jain
2026-08-13,in,India,top_videos_daily,,9,https://i.ytimg.com/vi/ZvXN0TcZLfQ/mqdefault.jpg,Fortuner,Raj Mawar / Ruchika Jangid,,,Fortuner Raj Mawar & Ruchika Jangid
2026-08-13,in,India,top_videos_daily,,10,https://i.ytimg.com/vi/5GCfYLguTIs/mqdefault.jpg,Boyfriend,Karan Aujla,,,Boyfriend Karan Aujla
2026-08-13,in,India,top_videos_daily,,11,https://i.ytimg.com/vi/b68HETiNO98/mqdefault.jpg,Pavazha Malli,Sai Abhyankkar / Shruti Haasan,,,Pavazha Malli Sai Abhyankkar & Shruti Haasan
2026-08-13,in,India,top_videos_daily,,12,https://i.ytimg.com/vi/ebZj_nrmH-c/mqdefault.jpg,Barsaat,Banjaare / Roni,,,Barsaat Banjaare & Roni
2026-08-13,in,India,top_videos_daily,,13,https://i.ytimg.com/vi/6rvUyBiBtik/mqdefault.jpg,Tera Mera Rishta,Sayeed Quadri / Mustafa Zahid / Pritam,,,"Tera Mera Rishta Sayeed Quadri , Mustafa Zahid & Pritam"
2026-08-13,in,India,top_videos_daily,,14,https://i.ytimg.com/vi/asG7cwxi1sA/mqdefault.jpg,Saiyaara,舒蕾亞·戈沙爾 / Arslan Nizami / Irshad Kamil,,,"Saiyaara 舒蕾亞·戈沙爾 , Arslan Nizami & Irshad Kamil"
2026-08-13,in,India,top_videos_daily,,15,https://i.ytimg.com/vi/cL0KKSPjZf8/mqdefault.jpg,Boom Shaka,KR$NA / Dhanda Nyoliwala,,,Boom Shaka KR$NA & Dhanda Nyoliwala
2026-08-13,in,India,top_videos_daily,,16,https://i.ytimg.com/vi/GVizJ_jpUnw/mqdefault.jpg,Gehra Hua,Arijit Singh / Armaan Khan / 沙赫瓦特·薩赫迪夫 / Irshad Kamil,,,"Gehra Hua Arijit Singh , Armaan Khan , 沙赫瓦特·薩赫迪夫 & Irshad Kamil"
2026-08-13,in,India,top_videos_daily,,17,https://i.ytimg.com/vi/dx4Teh-nv3A/mqdefault.jpg,Namo Namo,阿米特·特里維迪,,,Namo Namo 阿米特·特里維迪
2026-08-13,in,India,top_videos_daily,,18,https://i.ytimg.com/vi/GX9x62kFsVU/mqdefault.jpg,Gehra Hua,Arijit Singh / Armaan Khan / 沙赫瓦特·薩赫迪夫 / Irshad Kamil,,,"Gehra Hua Arijit Singh , Armaan Khan , 沙赫瓦特·薩赫迪夫 & Irshad Kamil"
2026-08-13,in,India,top_videos_daily,,19,https://i.ytimg.com/vi/iAtoZar5W58/mqdefault.jpg,Aaya Sher,Jangi Reddy / Arjun Chandy / 安尼魯德・瑞維奇德 / Kasarla Shyam,,,"Aaya Sher Jangi Reddy , Arjun Chandy , 安尼魯德・瑞維奇德 & Kasarla Shyam"
2026-08-13,in,India,top_videos_daily,,20,https://i.ytimg.com/vi/l71aOtTJ1gE/mqdefault.jpg,Tiranga,B Praak,"5月 14, 2024",876529,"20 4 Tiranga B Praak 5月 14, 2024 24 20 876,529"
2026-08-13,in,India,top_videos_daily,,21,https://i.ytimg.com/vi/LX2zshAgECQ/mqdefault.jpg,Aankhon Se Tune 2.0,Dev Negi / Palak Muchhal / Kumar Sanu / Alka Yagnik,,,"Aankhon Se Tune 2.0 Dev Negi , Palak Muchhal , Kumar Sanu & Alka Yagnik"
2026-08-13,in,India,top_videos_daily,,22,https://i.ytimg.com/vi/9dV6Hl2u3vM/mqdefault.jpg,Neno Butterfly,Sublahshini / G.V. Prakash Kumar,,,Neno Butterfly Sublahshini & G.V. Prakash Kumar
2026-08-13,in,India,top_videos_daily,,23,https://i.ytimg.com/vi/ZcO4s0UU4Uk/mqdefault.jpg,Kamar DJ Pe,Manish Sonipat Aala / Bali Sharma / Vampire,,,"Kamar DJ Pe Manish Sonipat Aala , Bali Sharma & Vampire"
2026-08-13,in,India,top_videos_daily,,24,https://i.ytimg.com/vi/vWOn08GEg7Y/mqdefault.jpg,Ji Laage Se Babya Mai,Raj Mawar,,,Ji Laage Se Babya Mai Raj Mawar
2026-08-13,in,India,top_videos_daily,,25,https://i.ytimg.com/vi/sohjVFtO5AA/mqdefault.jpg,Busta Rhymes & J Dilla- Spazzz,Busta Rhymes,,,Busta Rhymes & J Dilla- Spazzz Busta Rhymes
2026-08-13,in,India,top_videos_daily,,26,https://i.ytimg.com/vi/9wG4C42JhN4/mqdefault.jpg,Guru Randhawa - “FINE SHYT” MV,Guru Randhawa,,,Guru Randhawa - “FINE SHYT” MV Guru Randhawa
2026-08-13,in,India,top_videos_daily,,27,https://i.ytimg.com/vi/-gZylSjWtPo/mqdefault.jpg,Nach Nagin Jaisan,Raushan Rohi / Khushi Kakkar,,,Nach Nagin Jaisan Raushan Rohi & Khushi Kakkar
2026-08-13,in,India,top_videos_daily,,28,https://i.ytimg.com/vi/QHdajZktFEU/mqdefault.jpg,Bangles,Sanju Rathod / G-SPXRK,,,Bangles Sanju Rathod & G-SPXRK
2026-08-13,in,India,top_videos_daily,,29,https://i.ytimg.com/vi/6zDfwVSvyEk/mqdefault.jpg,Hellallallo,Rakshita Suresh / A. R. Rahman / Varadaraj Chikkaballapura,,,"Hellallallo Rakshita Suresh , A. R. Rahman & Varadaraj Chikkaballapura"
2026-08-13,in,India,top_videos_daily,,30,https://i.ytimg.com/vi/v5jVX0QYwQo/mqdefault.jpg,Shararat,Madhubanti Bagchi / 雅斯文·桑德拉斯 / 沙赫瓦特·薩赫迪夫,,,"Shararat Madhubanti Bagchi , 雅斯文·桑德拉斯 & 沙赫瓦特·薩赫迪夫"
2026-08-13,in,India,top_videos_daily,,31,https://i.ytimg.com/vi/-YlmnPh-6rE/mqdefault.jpg,For A Reason,Karan Aujla / Ikky,,,For A Reason Karan Aujla & Ikky
2026-08-13,in,India,top_videos_daily,,32,https://i.ytimg.com/vi/Oyw1Eo21q5k/mqdefault.jpg,Kabze,Bintu Pabra / Shiva Choudhary,,,Kabze Bintu Pabra & Shiva Choudhary
2026-08-13,in,India,top_videos_daily,,33,https://i.ytimg.com/vi/AsdEIaw9Wks/mqdefault.jpg,Mithe Tere Bol Pari,Masoom Sharma,,,Mithe Tere Bol Pari Masoom Sharma
2026-08-13,in,India,top_videos_daily,,34,https://i.ytimg.com/vi/7VsejGzcJmM/mqdefault.jpg,Alaakaa Loova,Sai Abhyankkar,,,Alaakaa Loova Sai Abhyankkar
2026-08-13,in,India,top_videos_daily,,35,https://i.ytimg.com/vi/rC-kbRanJQ0/mqdefault.jpg,UDI UDI,Hruday / Sarkar / Aneesh,,,"UDI UDI Hruday , Sarkar & Aneesh"
2026-08-13,in,India,top_videos_daily,,36,https://i.ytimg.com/vi/ocRzt5NvI7A/mqdefault.jpg,Ganga Ke Kinare,Bunny / Sagar,,,Ganga Ke Kinare Bunny & Sagar
2026-08-13,in,India,top_videos_daily,,37,https://i.ytimg.com/vi/uOrhBw3N3NM/mqdefault.jpg,80 Lakh,D Naveen / Shiva Choudhary / Sweta Chauhan / Kala Dighal,,,"80 Lakh D Naveen , Shiva Choudhary , Sweta Chauhan & Kala Dighal"
2026-08-13,in,India,top_videos_daily,,38,https://i.ytimg.com/vi/hejXc_FSYb8/mqdefault.jpg,Tere Bin,Rahat Fateh Ali Khan / 阿西斯·凱爾 / 坦尼許・巴格奇,,,"Tere Bin Rahat Fateh Ali Khan , 阿西斯·凱爾 & 坦尼許・巴格奇"
2026-08-13,in,India,top_videos_daily,,39,https://i.ytimg.com/vi/6JaeasJw-QI/mqdefault.jpg,Thalapathy Kacheri,Jayanth Maadhur / Anirudh Ravichander / Arun Kaundinya / Nazeeruddin,,,"Thalapathy Kacheri Jayanth Maadhur , Anirudh Ravichander , Arun Kaundinya & Nazeeruddin"
2026-08-13,in,India,top_videos_daily,,40,https://i.ytimg.com/vi/jZEA2mMwL1k/mqdefault.jpg,Mutta Kalakki,Ken Karunaas,,,Mutta Kalakki Ken Karunaas
2026-08-13,in,India,top_videos_daily,,41,https://i.ytimg.com/vi/8v-TWxPWIWc/mqdefault.jpg,Humsafar,Akhil Sachdeva / Mansheel Gujral,,,Humsafar Akhil Sachdeva & Mansheel Gujral
2026-08-13,in,India,top_videos_daily,,42,https://i.ytimg.com/vi/mlb5yBGTTRI/mqdefault.jpg,Narak,B Praak / Jaani / Jyotica Tangri,,,"Narak B Praak , Jaani & Jyotica Tangri"
2026-08-13,in,India,top_videos_daily,,43,https://i.ytimg.com/vi/9OF_cF48mjA/mqdefault.jpg,Raavana Mavandaa,Vivek / Anirudh Ravichander,,,Raavana Mavandaa Vivek & Anirudh Ravichander
2026-08-13,in,India,top_videos_daily,,44,https://i.ytimg.com/vi/nDjloeIB3Pc/mqdefault.jpg,Sitaare,Arijit Singh / 阿米塔布·巴塔查亞 / White Noise Collectives,,,"Sitaare Arijit Singh , 阿米塔布·巴塔查亞 & White Noise Collectives"
2026-08-13,in,India,top_videos_daily,,45,https://i.ytimg.com/vi/3QhajVg6SjE/mqdefault.jpg,Tu Hi Haqeeqat,Sayeed Quadri / 伊爾尚·阿什拉夫 / Shadab Faridi / 傑韋德·阿里,,,"Tu Hi Haqeeqat Sayeed Quadri , 伊爾尚·阿什拉夫 , Shadab Faridi & 傑韋德·阿里"
2026-08-13,in,India,top_videos_daily,,46,https://i.ytimg.com/vi/E7ergOnpO1Q/mqdefault.jpg,Not Guilty,Dhanda Nyoliwala,,,Not Guilty Dhanda Nyoliwala
2026-08-13,in,India,top_videos_daily,,47,https://i.ytimg.com/vi/QuO5Vrmwbq0/mqdefault.jpg,#Video | बर्बादी होई | #शिल्पी राज का सुपरहिट वायरल भोजपुरी गाना | Barbaadi Hoi | Bhojpuri Song 2026,Spine Entertainment,,2026,#Video | बर्बादी होई | #शिल्पी राज का सुपरहिट वायरल भोजपुरी गाना | Barbaadi Hoi | Bhojpuri Song 2026 Spine Entertainment
2026-08-13,in,India,top_videos_daily,,48,https://i.ytimg.com/vi/PEC7b9c-F4U/mqdefault.jpg,#Video | दुनाली राजा जी | #Tuntun_Yadav - Dunali Raja Ji - New #Bhojpuri Rangdari Song 2026,Thar Music Tahlka,,2026,#Video | दुनाली राजा जी | #Tuntun_Yadav - Dunali Raja Ji - New #Bhojpuri Rangdari Song 2026 Thar Music Tahlka
2026-08-13,in,India,top_videos_daily,,49,https://i.ytimg.com/vi/GG1_DsScm6U/mqdefault.jpg,Vaari Jaavan,喬奧蒂·諾倫 / Reble / 沙赫瓦特·薩赫迪夫 / 雅斯文·桑德拉斯,,,"Vaari Jaavan 喬奧蒂·諾倫 , Reble , 沙赫瓦特·薩赫迪夫 & 雅斯文·桑德拉斯"
2026-08-13,in,India,top_videos_daily,,50,https://i.ytimg.com/vi/JUhcNNwha7w/mqdefault.jpg,कमर में दागी,Khesari Lal Yadav / Shilpi Raj,,,कमर में दागी Khesari Lal Yadav & Shilpi Raj
2026-08-13,in,India,top_videos_daily,,51,https://i.ytimg.com/vi/alX-ld96FpI/mqdefault.jpg,Jadugarni,Riyaazi / Sintaa,,,Jadugarni Riyaazi & Sintaa
2026-08-13,in,India,top_videos_daily,,52,https://i.ytimg.com/vi/ahc8zhtzQSk/mqdefault.jpg,Lahanga Se Mahanga,Shivani Singh / Pawan Singh,,,Lahanga Se Mahanga Shivani Singh & Pawan Singh
2026-08-13,in,India,top_videos_daily,,53,https://i.ytimg.com/vi/fcnDmrtj6Sk/mqdefault.jpg,Dai Dai,Shakira / Burna Boy,,,Dai Dai Shakira & Burna Boy
2026-08-13,in,India,top_videos_daily,,54,https://i.ytimg.com/vi/XTp5jaRU3Ws/mqdefault.jpg,Wavy,Karan Aujla / Jay Trak,,,Wavy Karan Aujla & Jay Trak
2026-08-13,in,India,top_videos_daily,,55,https://i.ytimg.com/vi/2vYyHb34upc/mqdefault.jpg,Case Teri Rani Ladegi,Khesari Lal Yadav / Shrishti Bharti,,,Case Teri Rani Ladegi Khesari Lal Yadav & Shrishti Bharti
2026-08-13,in,India,top_videos_daily,,56,https://i.ytimg.com/vi/49x5rfxmv4E/mqdefault.jpg,Karuppa Kooda Va,Sai Abhyankkar / V·M·馬哈林加姆,,,Karuppa Kooda Va Sai Abhyankkar & V·M·馬哈林加姆
2026-08-13,in,India,top_videos_daily,,57,https://i.ytimg.com/vi/g_ni8u7Ka0w/mqdefault.jpg,हरिद्वार मे आधी ( Official Song ) New Haryanvi Songs Haryanavai 2025 #trending,Mangal Darshan,,2025,हरिद्वार मे आधी ( Official Song ) New Haryanvi Songs Haryanavai 2025 #trending Mangal Darshan
2026-08-13,in,India,top_videos_daily,,58,https://i.ytimg.com/vi/3j7bhOvW6jw/mqdefault.jpg,LOW FADE,Mxrci / Karan Aujla,,,LOW FADE Mxrci & Karan Aujla
2026-08-13,in,India,top_videos_daily,,59,https://i.ytimg.com/vi/FPoDwu3odT8/mqdefault.jpg,O Sanam,Akhil Sachdeva,,,O Sanam Akhil Sachdeva
2026-08-13,in,India,top_videos_daily,,60,https://i.ytimg.com/vi/sY45iA7PFS8/mqdefault.jpg,BANGER (Official Music Video) Badshah x Sharvi x Hiten ft Aveera Singh | #desihiphop,Badshah,,,BANGER (Official Music Video) Badshah x Sharvi x Hiten ft Aveera Singh | #desihiphop Badshah
2026-08-13,in,India,top_videos_daily,,61,https://i.ytimg.com/vi/9hYyZu2KcxQ/mqdefault.jpg,Pagle Bana Delu,Pramod Premi / Vicky Vox / Ravi Yadav,,,"Pagle Bana Delu Pramod Premi , Vicky Vox & Ravi Yadav"
2026-08-13,in,India,top_videos_daily,,62,https://i.ytimg.com/vi/q8gilwzNQEA/mqdefault.jpg,Mere Rashke Qamar,Nusrat Fateh Ali Khan / Rahat Fateh Ali Khan,,,Mere Rashke Qamar Nusrat Fateh Ali Khan & Rahat Fateh Ali Khan
2026-08-13,in,India,top_videos_daily,,63,https://i.ytimg.com/vi/U0EI7XFkkV4/mqdefault.jpg,Taare,Farak / 10A / Saswat Balan,,,"Taare Farak , 10A & Saswat Balan"
2026-08-13,in,India,top_videos_daily,,64,https://i.ytimg.com/vi/BHlCNUyu5EU/mqdefault.jpg,Thoda Thoda Pyaar,Kumaar / Stebin Ben / Nilesh Ahuja,,,"Thoda Thoda Pyaar Kumaar , Stebin Ben & Nilesh Ahuja"
2026-08-13,in,India,top_videos_daily,,65,https://i.ytimg.com/vi/NWK7dWsBlKo/mqdefault.jpg,Shamiyana,Shilpi Raj / Pawan Singh / Priyanshu Singh,,,"Shamiyana Shilpi Raj , Pawan Singh & Priyanshu Singh"
2026-08-13,in,India,top_videos_daily,,66,https://i.ytimg.com/vi/EGxJr68XhR0/mqdefault.jpg,Milte Milte Haseen Wadiyon Mein,Vipin Sachdeva / Anuradha Paudwal,,,Milte Milte Haseen Wadiyon Mein Vipin Sachdeva & Anuradha Paudwal
2026-08-13,in,India,top_videos_daily,,67,https://i.ytimg.com/vi/42r8Stt-30w/mqdefault.jpg,Barsaat (Brand New Day Edition),Banjaare,,,Barsaat (Brand New Day Edition) Banjaare
2026-08-13,in,India,top_videos_daily,,68,https://i.ytimg.com/vi/undhkaMMenU/mqdefault.jpg,Sambavakaari,Saindhavi / 肖恩·羅爾丹 / Mohan Rajan,,,"Sambavakaari Saindhavi , 肖恩·羅爾丹 & Mohan Rajan"
2026-08-13,in,India,top_videos_daily,,69,https://i.ytimg.com/vi/sdXPt-lgbE0/mqdefault.jpg,Chamiki,Ken Karunaas / Bhaskarabhatla / G.V. Prakash Kumar,,,"Chamiki Ken Karunaas , Bhaskarabhatla & G.V. Prakash Kumar"
2026-08-13,in,India,top_videos_daily,,70,https://i.ytimg.com/vi/se9DDAwwGQY/mqdefault.jpg,Channa Ve,Akhil Sachdeva / Mansheel Gujral,,,Channa Ve Akhil Sachdeva & Mansheel Gujral
2026-08-13,in,India,top_videos_daily,,71,https://i.ytimg.com/vi/hoNb6HuNmU0/mqdefault.jpg,Khairiyat (Bonus Track),阿米塔布·巴塔查亞 / Arijit Singh / Pritam,,,"Khairiyat (Bonus Track) 阿米塔布·巴塔查亞 , Arijit Singh & Pritam"
2026-08-13,in,India,top_videos_daily,,72,https://i.ytimg.com/vi/Eo4cay7_prI/mqdefault.jpg,Bhole (Hindi),Hansraj Raghuwanshi,,,Bhole (Hindi) Hansraj Raghuwanshi
2026-08-13,in,India,top_videos_daily,,73,https://i.ytimg.com/vi/drlfr5Rtb1o/mqdefault.jpg,Des Rangila,Mahalakshmi Iyer,,,Des Rangila Mahalakshmi Iyer
2026-08-13,in,India,top_videos_daily,,74,https://i.ytimg.com/vi/IAONd2d_PDU/mqdefault.jpg,JAAN SE GUZARTE HAIN,Khan Saab / 沙赫瓦特·薩赫迪夫 / Nusrat Fateh Ali Khan,,,"JAAN SE GUZARTE HAIN Khan Saab , 沙赫瓦特·薩赫迪夫 & Nusrat Fateh Ali Khan"
2026-08-13,in,India,top_videos_daily,,75,https://i.ytimg.com/vi/Bm9lLpmPM0A/mqdefault.jpg,Pattampoochi,Sublahshini / G.V. Prakash Kumar,,,Pattampoochi Sublahshini & G.V. Prakash Kumar
2026-08-13,in,India,top_videos_daily,,76,https://i.ytimg.com/vi/-8C_2BBVWk8/mqdefault.jpg,Zara Sa,Sayeed Quadri / KK / Pritam,,,"Zara Sa Sayeed Quadri , KK & Pritam"
2026-08-13,in,India,top_videos_daily,,77,https://i.ytimg.com/vi/Q7ZMrWQmJbQ/mqdefault.jpg,Katto Gilehri,達雷爾·馬哈帝,,,Katto Gilehri 達雷爾·馬哈帝
2026-08-13,in,India,top_videos_daily,,78,https://i.ytimg.com/vi/yM5APO87aNU/mqdefault.jpg,Jackpot,Gur Sidhu / Cheema Y,,,Jackpot Gur Sidhu & Cheema Y
2026-08-13,in,India,top_videos_daily,,79,https://i.ytimg.com/vi/Fd19_8DpOGg/mqdefault.jpg,TERI JAWANI BADI MAST MAST HAI,安諾帕馬·德什潘德 / Iqbal Afzal Sabri / 薩吉—瓦吉,,,"TERI JAWANI BADI MAST MAST HAI 安諾帕馬·德什潘德 , Iqbal Afzal Sabri & 薩吉—瓦吉"
2026-08-13,in,India,top_videos_daily,,80,https://i.ytimg.com/vi/DXQlLGpureI/mqdefault.jpg,Pistol Balam Ki,Digiya Music,,,Pistol Balam Ki Digiya Music
2026-08-13,in,India,top_videos_daily,,81,https://i.ytimg.com/vi/OxXKDGO-MYQ/mqdefault.jpg,LAAVAN,Jasmine Sandlas / Mofusion,,,LAAVAN Jasmine Sandlas & Mofusion
2026-08-13,in,India,top_videos_daily,,82,https://i.ytimg.com/vi/v_L-bAB1kUA/mqdefault.jpg,Dilnashin Dilnashin,KK,,,Dilnashin Dilnashin KK
2026-08-13,in,India,top_videos_daily,,83,https://i.ytimg.com/vi/HP2zqQsrsyg/mqdefault.jpg,Mann Mera,Gajendra Verma,,,Mann Mera Gajendra Verma
2026-08-13,in,India,top_videos_daily,,84,https://i.ytimg.com/vi/PkhfKq9m0Uo/mqdefault.jpg,Tujhe Sochta Hoon,KK,,,Tujhe Sochta Hoon KK
2026-08-13,in,India,top_videos_daily,,85,https://i.ytimg.com/vi/9iGjes4n1iA/mqdefault.jpg,Asalayavale,Mohammad Maqbool Mansoor / 席德·斯里拉姆,,,Asalayavale Mohammad Maqbool Mansoor & 席德·斯里拉姆
2026-08-13,in,India,top_videos_daily,,86,https://i.ytimg.com/vi/1BVgpX4w0Wk/mqdefault.jpg,Gali Gali,妮哈·卡卡爾,,,Gali Gali 妮哈·卡卡爾
2026-08-13,in,India,top_videos_daily,,87,https://i.ytimg.com/vi/J_d_Q3pTYcc/mqdefault.jpg,Chunnari Chunnari - Let’s Go!,Anu Malik / Akshay & IP / IP Singh / Jonita Gandhi / Asees Kaur / Sudhir Yaduvanshi / Anuradha Sriram,,,"Chunnari Chunnari - Let’s Go! Anu Malik , Akshay & IP , IP Singh , Jonita Gandhi , Asees Kaur , Sudhir Yaduvanshi & Anuradha Sriram"
2026-08-13,in,India,top_videos_daily,,88,https://i.ytimg.com/vi/46kMhdOoeHM/mqdefault.jpg,Aye Mere Watan Ke Logon,C·蘭德拉 / Pradeep Irinjalakkuda / 拉塔・曼蓋施卡 / 坦尼許・巴格奇,,,"Aye Mere Watan Ke Logon C·蘭德拉 , Pradeep Irinjalakkuda , 拉塔・曼蓋施卡 & 坦尼許・巴格奇"
2026-08-13,in,India,top_videos_daily,,89,https://i.ytimg.com/vi/fVeJ6sJERR4/mqdefault.jpg,Teri Yaadon Mein,KK / 舒蕾亞·戈沙爾,,,Teri Yaadon Mein KK & 舒蕾亞·戈沙爾
2026-08-13,in,India,top_videos_daily,,90,https://i.ytimg.com/vi/FGTv9-oQhIg/mqdefault.jpg,Thodi Der,舒蕾亞·戈沙爾 / Kumaar / 法爾汗・賽義德,,,"Thodi Der 舒蕾亞·戈沙爾 , Kumaar & 法爾汗・賽義德"
2026-08-13,in,India,top_videos_daily,,91,https://i.ytimg.com/vi/bUk1YcCPfpQ/mqdefault.jpg,Zigane,Shevv / Dhanda Nyoliwala,,,Zigane Shevv & Dhanda Nyoliwala
2026-08-13,in,India,top_videos_daily,,92,https://i.ytimg.com/vi/cWMxCE2HTag/mqdefault.jpg,Softly,Karan Aujla / Ikky,,,Softly Karan Aujla & Ikky
2026-08-13,in,India,top_videos_daily,,93,https://i.ytimg.com/vi/_1KqB_17dJE/mqdefault.jpg,Kuch Kuch Hota Hai,Udit Narayan / Alka Yagnik,,,Kuch Kuch Hota Hai Udit Narayan & Alka Yagnik
2026-08-13,in,India,top_videos_daily,,94,https://i.ytimg.com/vi/g23pmazHwgE/mqdefault.jpg,Tera Mera Rishta,Sayeed Quadri / Mustafa Zahid / Pritam,,,"Tera Mera Rishta Sayeed Quadri , Mustafa Zahid & Pritam"
2026-08-13,in,India,top_videos_daily,,95,https://i.ytimg.com/vi/kzTWRX9Dhrg/mqdefault.jpg,Chalte Chalte,Manohar Shetty / Udbhav Ojha / Shweta Pandit / Sonali Bhatawdekar / Preetha Mazumdar / Ishaan,,,"Chalte Chalte Manohar Shetty , Udbhav Ojha , Shweta Pandit , Sonali Bhatawdekar , Preetha Mazumdar & Ishaan"
2026-08-13,in,India,top_videos_daily,,96,https://i.ytimg.com/vi/GPEVNbeU6MU/mqdefault.jpg,Aayega Maza Ab Barsaat Ka,阿爾卡·雅格尼克 / Babul Supriyo,,,Aayega Maza Ab Barsaat Ka 阿爾卡·雅格尼克 & Babul Supriyo
2026-08-13,in,India,top_videos_daily,,97,https://i.ytimg.com/vi/cl0a3i2wFcc/mqdefault.jpg,G.O.A.T.,迪爾吉特・杜新志,,,G.O.A.T. 迪爾吉特・杜新志
2026-08-13,in,India,top_videos_daily,,98,https://i.ytimg.com/vi/4vOzUDGjGWM/mqdefault.jpg,Uttarakhand Ke Raja (Lofi),Gulzaar Chhaniwala,,,Uttarakhand Ke Raja (Lofi) Gulzaar Chhaniwala
2026-08-13,in,India,top_videos_daily,,99,https://i.ytimg.com/vi/dhPyrMvc_oo/mqdefault.jpg,Dunali Raja Ji,Tuntun Yadav,,,Dunali Raja Ji Tuntun Yadav
2026-08-13,in,India,top_videos_daily,,100,https://i.ytimg.com/vi/8fPg_b1Ox-w/mqdefault.jpg,चुड़ी हरियरकी,Khesari Lal Yadav / Kavita Yadav,,,चुड़ी हरियरकी Khesari Lal Yadav & Kavita Yadav
2026-08-13,sg,Singapore,top_videos_daily,,1,https://i.ytimg.com/vi/j5BSH0Op5H8/mqdefault.jpg,Giants,NDPeeps / Weish / Iman Fandi,,,"Giants NDPeeps , Weish & Iman Fandi"
2026-08-13,sg,Singapore,top_videos_daily,,2,https://i.ytimg.com/vi/fcnDmrtj6Sk/mqdefault.jpg,Dai Dai,Shakira / Burna Boy,,,Dai Dai Shakira & Burna Boy
2026-08-13,sg,Singapore,top_videos_daily,,3,https://i.ytimg.com/vi/GaMS0F0_xMI/mqdefault.jpg,You'll Be Okay,NDPeeps / 楚晴,,,You'll Be Okay NDPeeps & 楚晴
2026-08-13,sg,Singapore,top_videos_daily,,4,https://i.ytimg.com/vi/IpCYJ5VH0FU/mqdefault.jpg,Sparkle,Dru Chen / NDPeeps / Gareth Fernandez,,,"Sparkle Dru Chen , NDPeeps & Gareth Fernandez"
2026-08-13,sg,Singapore,top_videos_daily,,5,https://i.ytimg.com/vi/xvT1jH8B9AM/mqdefault.jpg,KALYANI (Remix),ARJN / KDS / FIFTY4 / 舒蕾亞·戈沙爾,,,"KALYANI (Remix) ARJN , KDS , FIFTY4 & 舒蕾亞·戈沙爾"
2026-08-13,sg,Singapore,top_videos_daily,,6,https://i.ytimg.com/vi/Q3bFaJVLlb0/mqdefault.jpg,ဤသို့ပြုရ - သိပ္ပံထွန်း [ Official Lyric Video ] #ဤသ်ို့ပြုရ #theinkpanhtun #eithotpyuya,Theinkpan Htun,,,ဤသို့ပြုရ - သိပ္ပံထွန်း [ Official Lyric Video ] #ဤသ်ို့ပြုရ #theinkpanhtun #eithotpyuya Theinkpan Htun
2026-08-13,sg,Singapore,top_videos_daily,,7,https://i.ytimg.com/vi/OkTlYjO6SNY/mqdefault.jpg,過了幾天,DIOR 大穎 / 郭家瑋,,,過了幾天 DIOR 大穎 & 郭家瑋
2026-08-13,sg,Singapore,top_videos_daily,,8,https://i.ytimg.com/vi/ApXoWvfEYVU/mqdefault.jpg,Sunflower,Post Malone / Swae Lee,,,Sunflower Post Malone & Swae Lee
2026-08-13,sg,Singapore,top_videos_daily,,9,https://i.ytimg.com/vi/yebNIHKAC4A/mqdefault.jpg,Golden,HUNTR/X / EJAE / AUDREY NUNA / REI AMI / KPop Demon Hunters Cast,,,"Golden HUNTR/X , EJAE , AUDREY NUNA , REI AMI & KPop Demon Hunters Cast"
2026-08-13,sg,Singapore,top_videos_daily,,10,https://i.ytimg.com/vi/7VsejGzcJmM/mqdefault.jpg,Alaakaa Loova,Sai Abhyankkar,,,Alaakaa Loova Sai Abhyankkar
2026-08-13,sg,Singapore,top_videos_daily,,11,https://i.ytimg.com/vi/UsbRoaH6y-Q/mqdefault.jpg,KiiiKiii 키키 'Pop Off Pop Off' MV,STARSHIP,,,KiiiKiii 키키 'Pop Off Pop Off' MV STARSHIP
2026-08-13,sg,Singapore,top_videos_daily,,12,https://i.ytimg.com/vi/-q_S27LbNKU/mqdefault.jpg,BAD,ATEEZ,"6月 25, 2026",<10K,"12 1 BAD ATEEZ 6月 25, 2026 13 47 <10K"
2026-08-13,sg,Singapore,top_videos_daily,,13,https://i.ytimg.com/vi/_G3Nu8q9Z9s/mqdefault.jpg,嘉賓,張遠,"6月 12, 2026",<10K,"13 4 嘉宾 张远 6月 12, 2026 17 35 <10K"
2026-08-13,sg,Singapore,top_videos_daily,,14,https://i.ytimg.com/vi/ko70cExuzZM/mqdefault.jpg,The Fate of Ophelia,Taylor Swift,,,The Fate of Ophelia Taylor Swift
2026-08-13,sg,Singapore,top_videos_daily,,15,https://i.ytimg.com/vi/BZ4UzthYTss/mqdefault.jpg,"Stray Kids ""This & That"" M/V",Stray Kids,,,"Stray Kids ""This & That"" M/V Stray Kids"
2026-08-13,sg,Singapore,top_videos_daily,,16,https://i.ytimg.com/vi/b68HETiNO98/mqdefault.jpg,Pavazha Malli,Sai Abhyankkar / Shruti Haasan,,,Pavazha Malli Sai Abhyankkar & Shruti Haasan
2026-08-13,sg,Singapore,top_videos_daily,,17,https://i.ytimg.com/vi/gJAbDSse5WM/mqdefault.jpg,Tìm Em,Hngle / Bảo Anh,,,Tìm Em Hngle & Bảo Anh
2026-08-13,sg,Singapore,top_videos_daily,,18,https://i.ytimg.com/vi/YacpC7sUXMM/mqdefault.jpg,甲乙丙丁 (你我怎麼兩清伴奏),李佳薇,,,甲乙丙丁 (你我怎麼兩清伴奏) 李佳薇
2026-08-13,sg,Singapore,top_videos_daily,,19,https://i.ytimg.com/vi/PT2_F-1esPk/mqdefault.jpg,Closer,The Chainsmokers,,,Closer The Chainsmokers
2026-08-13,sg,Singapore,top_videos_daily,,20,https://i.ytimg.com/vi/82-jTNka3uc/mqdefault.jpg,hate that i made you love me,Ariana Grande,,,hate that i made you love me Ariana Grande
2026-08-13,sg,Singapore,top_videos_daily,,21,https://i.ytimg.com/vi/Qe8fa4b5xNU/mqdefault.jpg,Good Goodbye,HWASA,,,Good Goodbye HWASA
2026-08-13,sg,Singapore,top_videos_daily,,22,https://i.ytimg.com/vi/whstRV9jrjM/mqdefault.jpg,Here We Are,NDPeeps / 陳潔儀 / The Island Voices / 查利·利姆,,,"Here We Are NDPeeps , 陳潔儀 , The Island Voices & 查利·利姆"
2026-08-13,sg,Singapore,top_videos_daily,,23,https://i.ytimg.com/vi/Aze7zTyIRtk/mqdefault.jpg,Aura 10/10,Hiphop Tamizha,,,Aura 10/10 Hiphop Tamizha
2026-08-13,sg,Singapore,top_videos_daily,,24,https://i.ytimg.com/vi/kC0SA9Vkdos/mqdefault.jpg,Hearts2Hearts 하츠투하츠 'ICONIC HEART' MV Teaser,SMTOWN,,,Hearts2Hearts 하츠투하츠 'ICONIC HEART' MV Teaser SMTOWN
2026-08-13,sg,Singapore,top_videos_daily,,25,https://i.ytimg.com/vi/15dxI9BPxa4/mqdefault.jpg,最後一頁 (Live),王赫野 / 姚曉棠,,,最后一页 (Live) 王赫野 & 姚晓棠
2026-08-13,sg,Singapore,top_videos_daily,,26,https://i.ytimg.com/vi/RO75uUZiAw0/mqdefault.jpg,Teh Hijau,圖魯斯,"6月 29, 2026",<10K,"26 5 Teh Hijau 圖魯斯 6月 29, 2026 31 38 <10K"
2026-08-13,sg,Singapore,top_videos_daily,,27,https://i.ytimg.com/vi/7io1L4AkXjU/mqdefault.jpg,從前說,小阿七,"2月 6, 2023",<10K,"27 27 從前說 小阿七 2月 6, 2023 - 6 <10K"
2026-08-13,sg,Singapore,top_videos_daily,,28,https://i.ytimg.com/vi/_IT83Y_HcAw/mqdefault.jpg,Less than a Lover,JENNIE,,,Less than a Lover JENNIE
2026-08-13,sg,Singapore,top_videos_daily,,29,https://i.ytimg.com/vi/K-7olbaOelg/mqdefault.jpg,MMG (My Mine Gueh),Naykilla,,,MMG (My Mine Gueh) Naykilla
2026-08-13,sg,Singapore,top_videos_daily,,30,https://i.ytimg.com/vi/mQUek1GYfvs/mqdefault.jpg,對等關係,李榮浩,"1月 27, 2022",<10K,"30 30 對等關係 李榮浩 1月 27, 2022 - 22 <10K"
2026-08-13,sg,Singapore,top_videos_daily,,31,https://i.ytimg.com/vi/jIzOIsQWMfg/mqdefault.jpg,至少我還記得 (天堂的微笑插曲),周興哲,,,至少我還記得 (天堂的微笑插曲) 周興哲
2026-08-13,sg,Singapore,top_videos_daily,,32,https://i.ytimg.com/vi/9OF_cF48mjA/mqdefault.jpg,Raavana Mavandaa,Vivek / Anirudh Ravichander,,,Raavana Mavandaa Vivek & Anirudh Ravichander
2026-08-13,sg,Singapore,top_videos_daily,,33,https://i.ytimg.com/vi/23cipSExADA/mqdefault.jpg,เพราะพี่รักจริง,หนึ่ง บีเคแบนด์,,,เพราะพี่รักจริง หนึ่ง บีเคแบนด์
2026-08-13,sg,Singapore,top_videos_daily,,34,https://i.ytimg.com/vi/6JaeasJw-QI/mqdefault.jpg,Thalapathy Kacheri,Jayanth Maadhur / Anirudh Ravichander / Arun Kaundinya / Nazeeruddin,,,"Thalapathy Kacheri Jayanth Maadhur , Anirudh Ravichander , Arun Kaundinya & Nazeeruddin"
2026-08-13,sg,Singapore,top_videos_daily,,35,https://i.ytimg.com/vi/0jSgcE-sxeo/mqdefault.jpg,VANNDA - BLUE STORY (OFFICIAL VIDEO),វណ្ណដា-VannDa Official,,,VANNDA - BLUE STORY (OFFICIAL VIDEO) វណ្ណដា-VannDa Official
2026-08-13,sg,Singapore,top_videos_daily,,36,https://i.ytimg.com/vi/3Pbrd5piZNM/mqdefault.jpg,TAEMIN (태민) - 'This Is The End' Official Video,泰民,,,TAEMIN (태민) - 'This Is The End' Official Video 泰民
2026-08-13,sg,Singapore,top_videos_daily,,37,https://i.ytimg.com/vi/s3a4OQR-10M/mqdefault.jpg,Loser,Tame Impala,,,Loser Tame Impala
2026-08-13,sg,Singapore,top_videos_daily,,38,https://i.ytimg.com/vi/83C3TZ4Zm_o/mqdefault.jpg,LEMONADE,aespa,"5月 28, 2026",<10K,"38 4 LEMONADE aespa 5月 28, 2026 34 75 <10K"
2026-08-13,sg,Singapore,top_videos_daily,,39,https://i.ytimg.com/vi/gN7RBHyXNFk/mqdefault.jpg,派偉俊 Patrick Brasca【別戀 Move On】Official MV,派偉俊 Patrick Brasca,,,派偉俊 Patrick Brasca【別戀 Move On】Official MV 派偉俊 Patrick Brasca
2026-08-13,sg,Singapore,top_videos_daily,,40,https://i.ytimg.com/vi/xXZwZ0DolJc/mqdefault.jpg,MOON,BABYMONSTER,,,MOON BABYMONSTER
2026-08-13,sg,Singapore,top_videos_daily,,41,https://i.ytimg.com/vi/27C4pfRsf9g/mqdefault.jpg,ICONIC BY MISTAKE,LE SSERAFIM / ILLIT / KATSEYE,,,"ICONIC BY MISTAKE LE SSERAFIM , ILLIT & KATSEYE"
2026-08-13,sg,Singapore,top_videos_daily,,42,https://i.ytimg.com/vi/bMhDJ0S0OBA/mqdefault.jpg,It's Me,ILLIT,"4月 30, 2026",104,"42 13 It's Me ILLIT 4月 30, 2026 29 104 <10K"
2026-08-13,sg,Singapore,top_videos_daily,,43,https://i.ytimg.com/vi/x3eqqoZPV_E/mqdefault.jpg,춤 (CHOOM),BABYMONSTER,,,춤 (CHOOM) BABYMONSTER
2026-08-13,sg,Singapore,top_videos_daily,,44,https://i.ytimg.com/vi/4Bsc2uI_LsM/mqdefault.jpg,Oorum Blood,Sai Abhyankkar / Paal Dabba / Deepthi Suresh / Bebhumika,,,"Oorum Blood Sai Abhyankkar , Paal Dabba , Deepthi Suresh & Bebhumika"
2026-08-13,sg,Singapore,top_videos_daily,,45,https://i.ytimg.com/vi/OqEc_169ywY/mqdefault.jpg,drunk text,Henry Moodie,,,drunk text Henry Moodie
2026-08-13,sg,Singapore,top_videos_daily,,46,https://i.ytimg.com/vi/osyH9yWWygA/mqdefault.jpg,All For You,周興哲,"7月 16, 2026",<10K,"46 7 All For You 周興哲 7月 16, 2026 53 24 <10K"
2026-08-13,sg,Singapore,top_videos_daily,,47,https://i.ytimg.com/vi/qkKFbP0ZMLU/mqdefault.jpg,【純享版】楊丞琳侯明昊全新演繹《放羊的星星》OST《我們的紀念》！偶像劇男女主既視感拉滿 一開口夢迴青春 #天賜的聲音7 EP9 20260807,天賜的聲音,,20260807,【纯享版】杨丞琳侯明昊全新演绎《放羊的星星》OST《我们的纪念》！偶像剧男女主既视感拉满 一开口梦回青春 #天赐的声音7 EP9 20260807 天赐的声音
2026-08-13,sg,Singapore,top_videos_daily,,48,https://i.ytimg.com/vi/hm7Qw3yKclg/mqdefault.jpg,還是錯過他,王晴,"7月 9, 2023",<10K,"48 48 還是錯過他 王晴 7月 9, 2023 - 18 <10K"
2026-08-13,sg,Singapore,top_videos_daily,,49,https://i.ytimg.com/vi/6ca_YHZvzls/mqdefault.jpg,黃昏,周傳雄,"10月 25, 2009",<10K,"49 49 黃昏 周傳雄 10月 25, 2009 - 5 <10K"
2026-08-13,sg,Singapore,top_videos_daily,,50,https://i.ytimg.com/vi/3rB3n_XR23o/mqdefault.jpg,我不該動情,老闆,"7月 1, 2026",<10K,"50 5 我不該動情 老板 7月 1, 2026 55 22 <10K"
2026-08-13,sg,Singapore,top_videos_daily,,51,https://i.ytimg.com/vi/49x5rfxmv4E/mqdefault.jpg,Karuppa Kooda Va,Sai Abhyankkar / V·M·馬哈林加姆,,,Karuppa Kooda Va Sai Abhyankkar & V·M·馬哈林加姆
2026-08-13,sg,Singapore,top_videos_daily,,52,https://i.ytimg.com/vi/UkxQt5IbwW8/mqdefault.jpg,【單曲純享】張碧晨 《暮色迴響》 一句神啊心都碎了！#天賜的聲音5 | 張碧晨資訊站,張碧晨,,,【单曲纯享】张碧晨 《暮色回响》 一句神啊心都碎了！#天赐的声音5 | 张碧晨资讯站 張碧晨
2026-08-13,sg,Singapore,top_videos_daily,,53,https://i.ytimg.com/vi/9cS2wv6AfHk/mqdefault.jpg,I LIKE IT,BABYMONSTER,,,I LIKE IT BABYMONSTER
2026-08-13,sg,Singapore,top_videos_daily,,54,https://i.ytimg.com/vi/Rb3hfEPyJxQ/mqdefault.jpg,"SECRET - Cody Nam Võ, Quang Hùng MasterD, Wren Evans, CONGB | TINH HÀ SAY HI [PERFORMANCE]",Vie Channel - MUSIC,,,"SECRET - Cody Nam Võ, Quang Hùng MasterD, Wren Evans, CONGB | TINH HÀ SAY HI [PERFORMANCE] Vie Channel - MUSIC"
2026-08-13,sg,Singapore,top_videos_daily,,55,https://i.ytimg.com/vi/0yW7w8F2TVA/mqdefault.jpg,Say You Won't Let Go,James Arthur,,,Say You Won't Let Go James Arthur
2026-08-13,sg,Singapore,top_videos_daily,,56,https://i.ytimg.com/vi/C40oligg6xE/mqdefault.jpg,นาฬิกาทราย (sign),BOWKYLION,,,นาฬิกาทราย (sign) BOWKYLION
2026-08-13,sg,Singapore,top_videos_daily,,57,https://i.ytimg.com/vi/d22nq5b_9QI/mqdefault.jpg,勇氣｜抒情R&B｜深情對唱｜只要你一個眼神肯定 我的愛就有意義,格雷樂團-Grey,,,勇气｜抒情R&B｜深情对唱｜只要你一个眼神肯定 我的爱就有意义 格雷乐团-Grey
2026-08-13,sg,Singapore,top_videos_daily,,58,https://i.ytimg.com/vi/gS9o1FAszdk/mqdefault.jpg,The Man Who Can’t Be Moved,The Script,,,The Man Who Can’t Be Moved The Script
2026-08-13,sg,Singapore,top_videos_daily,,59,https://i.ytimg.com/vi/Wg92RrNhB8s/mqdefault.jpg,One Last Time,雅瑞安娜·格蘭德,,,One Last Time 雅瑞安娜·格蘭德
2026-08-13,sg,Singapore,top_videos_daily,,60,https://i.ytimg.com/vi/GEk4jHwfFTA/mqdefault.jpg,NORMAL,防彈少年團,"7月 18, 2026",<10K,"60 6 NORMAL 防彈少年團 7月 18, 2026 54 22 <10K"
2026-08-13,sg,Singapore,top_videos_daily,,61,https://i.ytimg.com/vi/Nskf70DMR60/mqdefault.jpg,Sesi Potret,eńau,,,Sesi Potret eńau
2026-08-13,sg,Singapore,top_videos_daily,,62,https://i.ytimg.com/vi/nfs8NYg7yQM/mqdefault.jpg,Attention,Charlie Puth,,,Attention Charlie Puth
2026-08-13,sg,Singapore,top_videos_daily,,63,https://i.ytimg.com/vi/_Vp-jCG7gno/mqdefault.jpg,God Mode,Sai Abhyankkar / Gana Muthu / Vishnu Edavan,,,"God Mode Sai Abhyankkar , Gana Muthu & Vishnu Edavan"
2026-08-13,sg,Singapore,top_videos_daily,,64,https://i.ytimg.com/vi/t0igPuDjYUE/mqdefault.jpg,後來,劉若英,"6月 8, 2012",<10K,"64 64 後來 劉若英 6月 8, 2012 - 2 <10K"
2026-08-13,sg,Singapore,top_videos_daily,,65,https://i.ytimg.com/vi/undhkaMMenU/mqdefault.jpg,Sambavakaari,Saindhavi / 肖恩·羅爾丹 / Mohan Rajan,,,"Sambavakaari Saindhavi , 肖恩·羅爾丹 & Mohan Rajan"
2026-08-13,sg,Singapore,top_videos_daily,,66,https://i.ytimg.com/vi/jad-V_nyvaY/mqdefault.jpg,Red Kiss - EMIBONNIE [ OFFICIAL MV,RISER MUSIC,,,Red Kiss - EMIBONNIE [ OFFICIAL MV ] RISER MUSIC
2026-08-13,sg,Singapore,top_videos_daily,,67,https://i.ytimg.com/vi/_gyultVTesk/mqdefault.jpg,2.0,防彈少年團,"4月 1, 2026",108,"67 10 2.0 防彈少年團 4月 1, 2026 57 108 <10K"
2026-08-13,sg,Singapore,top_videos_daily,,68,https://i.ytimg.com/vi/v1t4MTqdfyI/mqdefault.jpg,hate that i made you love me,Ariana Grande,,,hate that i made you love me Ariana Grande
2026-08-13,sg,Singapore,top_videos_daily,,69,https://i.ytimg.com/vi/vo_qsb635u0/mqdefault.jpg,This & That,Stray Kids,,,This & That Stray Kids
2026-08-13,sg,Singapore,top_videos_daily,,70,https://i.ytimg.com/vi/naoGk-Zjc1s/mqdefault.jpg,SUGAR HONEY ICE TEA,BABYMONSTER,,,SUGAR HONEY ICE TEA BABYMONSTER
2026-08-13,sg,Singapore,top_videos_daily,,71,https://i.ytimg.com/vi/pHciG9_2xXM/mqdefault.jpg,"Meet my GRLS, TUIDE",HYBE LABELS,,,"Meet my GRLS, TUIDE HYBE LABELS"
2026-08-13,sg,Singapore,top_videos_daily,,72,https://i.ytimg.com/vi/gdGdO6KjF1I/mqdefault.jpg,如果雨之後,周興哲,"12月 18, 2017",<10K,"72 New 如果雨之後 周興哲 12月 18, 2017 - 1 <10K"
2026-08-13,sg,Singapore,top_videos_daily,,73,https://i.ytimg.com/vi/xFylv8r_KPI/mqdefault.jpg,【純享版】楊宗緯岳雲鵬唱響閩南語經典《歡喜就好》！老歌就是有讓人停下來聽的魔力 攜男團同臺歡樂值拉滿 #天賜的聲音7 EP9 20260807,天賜的聲音,,20260807,【纯享版】杨宗纬岳云鹏唱响闽南语经典《欢喜就好》！老歌就是有让人停下来听的魔力 携男团同台欢乐值拉满 #天赐的声音7 EP9 20260807 天赐的声音
2026-08-13,sg,Singapore,top_videos_daily,,74,https://i.ytimg.com/vi/GnSaLQTrvt0/mqdefault.jpg,Good Goodbye,HWASA,,,Good Goodbye HWASA
2026-08-13,sg,Singapore,top_videos_daily,,75,https://i.ytimg.com/vi/4jjOH2FR6-E/mqdefault.jpg,xương rồng (intro),Dangrangto / Donal,,,xương rồng (intro) Dangrangto & Donal
2026-08-13,sg,Singapore,top_videos_daily,,76,https://i.ytimg.com/vi/Ftjmz8vGjGI/mqdefault.jpg,【單曲純享】張碧晨《字字句句》#天賜的聲音4 EP3,張碧晨,,,【单曲纯享】张碧晨《字字句句》#天赐的声音4 EP3 張碧晨
2026-08-13,sg,Singapore,top_videos_daily,,77,https://i.ytimg.com/vi/HQ_mU73VhEQ/mqdefault.jpg,幾分之幾,盧廣仲,"2月 14, 2018",<10K,"77 77 幾分之幾 盧廣仲 2月 14, 2018 - 52 <10K"
2026-08-13,sg,Singapore,top_videos_daily,,78,https://i.ytimg.com/vi/9UcQ7ddVjoc/mqdefault.jpg,Không Buông,Hngle / Ari,,,Không Buông Hngle & Ari
2026-08-13,sg,Singapore,top_videos_daily,,79,https://i.ytimg.com/vi/NOSnCDUoOio/mqdefault.jpg,VANNDA - DO YOU (OFFICIAL VIDEO),VannDa,,,VANNDA - DO YOU (OFFICIAL VIDEO) VannDa
2026-08-13,sg,Singapore,top_videos_daily,,80,https://i.ytimg.com/vi/qN4ooNx77u0/mqdefault.jpg,Sign of the Times,Harry Styles,,,Sign of the Times Harry Styles
2026-08-13,sg,Singapore,top_videos_daily,,81,https://i.ytimg.com/vi/2ips2mM7Zqw/mqdefault.jpg,뱅뱅뱅,BIGBANG,"6月 1, 2015",<10K,"81 81 뱅뱅뱅 BIGBANG 6月 1, 2015 - 3 <10K"
2026-08-13,sg,Singapore,top_videos_daily,,82,https://i.ytimg.com/vi/qgy7vEje5-w/mqdefault.jpg,Secret Love Song,Little Mix,,,Secret Love Song Little Mix
2026-08-13,sg,Singapore,top_videos_daily,,83,https://i.ytimg.com/vi/JU0e83SmTJ4/mqdefault.jpg,海嶼你,馬也Crabbit,"5月 15, 2026",<10K,"83 83 海嶼你 马也Crabbit 5月 15, 2026 - 18 <10K"
2026-08-13,sg,Singapore,top_videos_daily,,84,https://i.ytimg.com/vi/ZZAi1l2tnEQ/mqdefault.jpg,過了幾天,郭家瑋,"11月 21, 2024",<10K,"84 84 過了幾天 郭家瑋 11月 21, 2024 - 12 <10K"
2026-08-13,sg,Singapore,top_videos_daily,,85,https://i.ytimg.com/vi/c6IPi5QIyUs/mqdefault.jpg,"TWICE ""FIREWORK"" Live Stage @ TWICE ＜THIS IS FOR＞ WORLD TOUR FINALE IN SEOUL",TWICE,,,"TWICE ""FIREWORK"" Live Stage @ TWICE ＜THIS IS FOR＞ WORLD TOUR FINALE IN SEOUL TWICE"
2026-08-13,sg,Singapore,top_videos_daily,,86,https://i.ytimg.com/vi/Bm9lLpmPM0A/mqdefault.jpg,Pattampoochi,Sublahshini / G.V. Prakash Kumar,,,Pattampoochi Sublahshini & G.V. Prakash Kumar
2026-08-13,sg,Singapore,top_videos_daily,,87,https://i.ytimg.com/vi/QxWoYkrgpJE/mqdefault.jpg,Nallaru po,Tippu / Sai Abhyankkar,,,Nallaru po Tippu & Sai Abhyankkar
2026-08-13,sg,Singapore,top_videos_daily,,88,https://i.ytimg.com/vi/Ys7-6_t7OEQ/mqdefault.jpg,Beauty And A Beat,Justin Bieber,,,Beauty And A Beat Justin Bieber
2026-08-13,sg,Singapore,top_videos_daily,,89,https://i.ytimg.com/vi/EYDgu1KjlgQ/mqdefault.jpg,【獨家LIVE】張遠終於釋懷了！和陳冰演繹新歌《可以不是你》 #天賜的聲音5 EP8 20240614,天賜的聲音,,20240614,【独家LIVE】张远终于释怀了！和陈冰演绎新歌《可以不是你》 #天赐的声音5 EP8 20240614 天赐的声音
2026-08-13,sg,Singapore,top_videos_daily,,90,https://i.ytimg.com/vi/78wrful9cVU/mqdefault.jpg,Drop Dead,Olivia Rodrigo,,,Drop Dead Olivia Rodrigo
2026-08-13,sg,Singapore,top_videos_daily,,91,https://i.ytimg.com/vi/bfQ0eLJNWiw/mqdefault.jpg,WayV 威神V '鳶 (Vision Wings)' MV,SMTOWN,,,WayV 威神V '鸢 (Vision Wings)' MV SMTOWN
2026-08-13,sg,Singapore,top_videos_daily,,92,https://i.ytimg.com/vi/tTs0kJ9E8NY/mqdefault.jpg,VANNDA - HERO 2 VILLAIN (OFFICIAL VIDEO),វណ្ណដា-VannDa Official,,,VANNDA - HERO 2 VILLAIN (OFFICIAL VIDEO) វណ្ណដា-VannDa Official
2026-08-13,sg,Singapore,top_videos_daily,,93,https://i.ytimg.com/vi/5nFL9f1uJtA/mqdefault.jpg,သိပ္ပံထွန်း (Theink Pan Htun) - ဤသို့ပြုရ [Lyrics Video],Music Net,,,သိပ္ပံထွန်း (Theink Pan Htun) - ဤသို့ပြုရ [Lyrics Video] Music Net
2026-08-13,sg,Singapore,top_videos_daily,,94,https://i.ytimg.com/vi/lMorVhR-AWM/mqdefault.jpg,အစားထို,Bunny Phyoe,,,အစားထို Bunny Phyoe
2026-08-13,sg,Singapore,top_videos_daily,,95,https://i.ytimg.com/vi/lpPccyGOPOU/mqdefault.jpg,她已不再是那個女孩,DIOR 大穎,,,她已不再是那個女孩 DIOR 大穎
2026-08-13,sg,Singapore,top_videos_daily,,96,https://i.ytimg.com/vi/oIYWenB637c/mqdefault.jpg,To the Bone,Pamungkas,,,To the Bone Pamungkas
2026-08-13,sg,Singapore,top_videos_daily,,97,https://i.ytimg.com/vi/eB-IK2wPWzw/mqdefault.jpg,ATEEZ(에이티즈) - 'BAD' Performance Stage (@The Kelly Clarkson Show),ATEEZ,,,ATEEZ(에이티즈) - 'BAD' Performance Stage (@The Kelly Clarkson Show) ATEEZ
2026-08-13,sg,Singapore,top_videos_daily,,98,https://i.ytimg.com/vi/U6BDbXIah-Y/mqdefault.jpg,REDRED,CORTIS,"4月 20, 2026",<10K,"98 24 REDRED CORTIS 4月 20, 2026 74 98 <10K"
2026-08-13,sg,Singapore,top_videos_daily,,99,https://i.ytimg.com/vi/8F2s8ivKXNY/mqdefault.jpg,Life Goes On,Oliver Tree,,,Life Goes On Oliver Tree
2026-08-13,sg,Singapore,top_videos_daily,,100,https://i.ytimg.com/vi/V1H616wjd3A/mqdefault.jpg,晴天｜抒情R&B｜深情對唱｜消失的下雨天我好想再淋一遍,格雷樂團-Grey,,,晴天｜抒情R&B｜深情对唱｜消失的下雨天我好想再淋一遍 格雷乐团-Grey
2026-08-13,my,Malaysia,top_videos_daily,,1,https://i.ytimg.com/vi/RO75uUZiAw0/mqdefault.jpg,Teh Hijau,圖魯斯,"6月 29, 2026",185599,"1 ● Teh Hijau 圖魯斯 6月 29, 2026 1 37 185,599"
2026-08-13,my,Malaysia,top_videos_daily,,2,https://i.ytimg.com/vi/GTzi2Y1gX2c/mqdefault.jpg,Sayang Orang Sama,Sayang Orang Sama,,,Sayang Orang Sama Sayang Orang Sama
2026-08-13,my,Malaysia,top_videos_daily,,3,https://i.ytimg.com/vi/cDee7SZwtbk/mqdefault.jpg,Adek Saye Abe Sore,Adek Saye Abe Sore,,,Adek Saye Abe Sore Adek Saye Abe Sore
2026-08-13,my,Malaysia,top_videos_daily,,4,https://i.ytimg.com/vi/acDzcefJoCs/mqdefault.jpg,Dari Bawah,EzHaRHaNzE,,,Dari Bawah EzHaRHaNzE
2026-08-13,my,Malaysia,top_videos_daily,,5,https://i.ytimg.com/vi/K-7olbaOelg/mqdefault.jpg,MMG (My Mine Gueh),Naykilla,,,MMG (My Mine Gueh) Naykilla
2026-08-13,my,Malaysia,top_videos_daily,,6,https://i.ytimg.com/vi/7qnjiZ_jJuU/mqdefault.jpg,Dalam Diam,Mojack Hafiz / Zynakal / Zamir Harith / Bel,,,"Dalam Diam Mojack Hafiz , Zynakal , Zamir Harith & Bel"
2026-08-13,my,Malaysia,top_videos_daily,,7,https://i.ytimg.com/vi/fcnDmrtj6Sk/mqdefault.jpg,Dai Dai,Shakira / Burna Boy,,,Dai Dai Shakira & Burna Boy
2026-08-13,my,Malaysia,top_videos_daily,,8,https://i.ytimg.com/vi/5leRG9yTTKI/mqdefault.jpg,Percaya Padaku,Ungu,,,Percaya Padaku Ungu
2026-08-13,my,Malaysia,top_videos_daily,,9,https://i.ytimg.com/vi/g-0SbLyIcg8/mqdefault.jpg,Bawaku Pergi,齊薩恩·拉薩克 / Kaka Azraff,,,Bawaku Pergi 齊薩恩·拉薩克 & Kaka Azraff
2026-08-13,my,Malaysia,top_videos_daily,,10,https://i.ytimg.com/vi/YJnbL_AkLF0/mqdefault.jpg,Menjaga Jodoh Orang Lain (Official Lyric Video),Ara Johari,,,Menjaga Jodoh Orang Lain (Official Lyric Video) Ara Johari
2026-08-13,my,Malaysia,top_videos_daily,,11,https://i.ytimg.com/vi/__Pb1fO2H2A/mqdefault.jpg,Kita Lewati Berdua,overnight,,,Kita Lewati Berdua overnight
2026-08-13,my,Malaysia,top_videos_daily,,12,https://i.ytimg.com/vi/T48XTvKkdf8/mqdefault.jpg,Ku Yang Berjuang,Danial Kifli,,,Ku Yang Berjuang Danial Kifli
2026-08-13,my,Malaysia,top_videos_daily,,13,https://i.ytimg.com/vi/yebNIHKAC4A/mqdefault.jpg,Golden,HUNTR/X / EJAE / AUDREY NUNA / REI AMI / KPop Demon Hunters Cast,,,"Golden HUNTR/X , EJAE , AUDREY NUNA , REI AMI & KPop Demon Hunters Cast"
2026-08-13,my,Malaysia,top_videos_daily,,14,https://i.ytimg.com/vi/k0ubS6BhHu4/mqdefault.jpg,Garam & Madu,Tenxi / Jemsii / Naykilla,,,"Garam & Madu Tenxi , Jemsii & Naykilla"
2026-08-13,my,Malaysia,top_videos_daily,,15,https://i.ytimg.com/vi/J8LbC2cvoxA/mqdefault.jpg,Harapalsu,Arghpiez,,,Harapalsu Arghpiez
2026-08-13,my,Malaysia,top_videos_daily,,16,https://i.ytimg.com/vi/s5stGs1ktQc/mqdefault.jpg,Romantis (Official Music Video),Spring,,,Romantis (Official Music Video) Spring
2026-08-13,my,Malaysia,top_videos_daily,,17,https://i.ytimg.com/vi/OqEc_169ywY/mqdefault.jpg,drunk text,Henry Moodie,,,drunk text Henry Moodie
2026-08-13,my,Malaysia,top_videos_daily,,18,https://i.ytimg.com/vi/0VOhIR3bnXY/mqdefault.jpg,ORANG BARU LEBE GACOR,Ecko Show / Juan Reza / CHESYLINO,,,"ORANG BARU LEBE GACOR Ecko Show , Juan Reza & CHESYLINO"
2026-08-13,my,Malaysia,top_videos_daily,,19,https://i.ytimg.com/vi/zjxO40VrMZA/mqdefault.jpg,Jiwa Yang Mengalah,Bellestrelle,,,Jiwa Yang Mengalah Bellestrelle
2026-08-13,my,Malaysia,top_videos_daily,,20,https://i.ytimg.com/vi/ApXoWvfEYVU/mqdefault.jpg,Sunflower,Post Malone / Swae Lee,,,Sunflower Post Malone & Swae Lee
2026-08-13,my,Malaysia,top_videos_daily,,21,https://i.ytimg.com/vi/7VsejGzcJmM/mqdefault.jpg,Alaakaa Loova,Sai Abhyankkar,,,Alaakaa Loova Sai Abhyankkar
2026-08-13,my,Malaysia,top_videos_daily,,22,https://i.ytimg.com/vi/ACEEIS_gCDc/mqdefault.jpg,Satu Shaf Di Belakangku,Arvian Dwi,,,Satu Shaf Di Belakangku Arvian Dwi
2026-08-13,my,Malaysia,top_videos_daily,,23,https://i.ytimg.com/vi/8yl0BUvnsfY/mqdefault.jpg,Mekar Di Jiwa,X-Ray,,,Mekar Di Jiwa X-Ray
2026-08-13,my,Malaysia,top_videos_daily,,24,https://i.ytimg.com/vi/yvsLPs7l6bY/mqdefault.jpg,Meligai Pengerindu,Igu Anthony,,,Meligai Pengerindu Igu Anthony
2026-08-13,my,Malaysia,top_videos_daily,,25,https://i.ytimg.com/vi/x6E_Qj30EZI/mqdefault.jpg,Aishiteru,Zivilia,,,Aishiteru Zivilia
2026-08-13,my,Malaysia,top_videos_daily,,26,https://i.ytimg.com/vi/iY4Xa1srECs/mqdefault.jpg,Kehilanganmu Berat Bagiku,Kangen Band,,,Kehilanganmu Berat Bagiku Kangen Band
2026-08-13,my,Malaysia,top_videos_daily,,27,https://i.ytimg.com/vi/Xq1OAd0UqZc/mqdefault.jpg,Memorindu - Arghpiez ft. Edrie Hashim (Official Music Video),Rhunut Music,,,Memorindu - Arghpiez ft. Edrie Hashim (Official Music Video) Rhunut Music
2026-08-13,my,Malaysia,top_videos_daily,,28,https://i.ytimg.com/vi/38_bAaFI41w/mqdefault.jpg,Don't Force Your Longing,Ifan Seventeen,,,Don't Force Your Longing Ifan Seventeen
2026-08-13,my,Malaysia,top_videos_daily,,29,https://i.ytimg.com/vi/awWKxGftWh4/mqdefault.jpg,Dunia Yang Nanti,Raim Laode,,,Dunia Yang Nanti Raim Laode
2026-08-13,my,Malaysia,top_videos_daily,,30,https://i.ytimg.com/vi/kJtYLPJpDbo/mqdefault.jpg,Reminisensi,Insomniacks,,,Reminisensi Insomniacks
2026-08-13,my,Malaysia,top_videos_daily,,31,https://i.ytimg.com/vi/N2q8_schirM/mqdefault.jpg,Demi Sekeping Kertas,Latipah,,,Demi Sekeping Kertas Latipah
2026-08-13,my,Malaysia,top_videos_daily,,32,https://i.ytimg.com/vi/cmICctnAWCY/mqdefault.jpg,kota ini tak sama tanpamu,Nadhif Basalamah,,,kota ini tak sama tanpamu Nadhif Basalamah
2026-08-13,my,Malaysia,top_videos_daily,,33,https://i.ytimg.com/vi/qlFuXWRRsxU/mqdefault.jpg,Jodoh Lebaran,Aisha Retno,,,Jodoh Lebaran Aisha Retno
2026-08-13,my,Malaysia,top_videos_daily,,34,https://i.ytimg.com/vi/ko70cExuzZM/mqdefault.jpg,The Fate of Ophelia,Taylor Swift,,,The Fate of Ophelia Taylor Swift
2026-08-13,my,Malaysia,top_videos_daily,,35,https://i.ytimg.com/vi/uo94JrbCebA/mqdefault.jpg,Sanggup Aku,Gwen,,,Sanggup Aku Gwen
2026-08-13,my,Malaysia,top_videos_daily,,36,https://i.ytimg.com/vi/mJE0ROBWPvY/mqdefault.jpg,Lesung Pipi,Raim Laode,,,Lesung Pipi Raim Laode
2026-08-13,my,Malaysia,top_videos_daily,,37,https://i.ytimg.com/vi/7jBgpXG8PBI/mqdefault.jpg,Airmata Kasih,薩利姆·拉茲維,,,Airmata Kasih 薩利姆·拉茲維
2026-08-13,my,Malaysia,top_videos_daily,,38,https://i.ytimg.com/vi/s_w6P5aWVgc/mqdefault.jpg,Punca,Sofazr SecondPlan,,,Punca Sofazr SecondPlan
2026-08-13,my,Malaysia,top_videos_daily,,39,https://i.ytimg.com/vi/tjaNVjpyqQI/mqdefault.jpg,Farhana (Puteri Bumi Kenyalang),Jinbara,,,Farhana (Puteri Bumi Kenyalang) Jinbara
2026-08-13,my,Malaysia,top_videos_daily,,40,https://i.ytimg.com/vi/M7oZR-MTEZs/mqdefault.jpg,Iqro',Raim Laode,,,Iqro' Raim Laode
2026-08-13,my,Malaysia,top_videos_daily,,41,https://i.ytimg.com/vi/fLdVq8n-KQg/mqdefault.jpg,Astaga Bercanda,Akbar Chalay / Mingse,,,Astaga Bercanda Akbar Chalay & Mingse
2026-08-13,my,Malaysia,top_videos_daily,,42,https://i.ytimg.com/vi/xvT1jH8B9AM/mqdefault.jpg,KALYANI (Remix),ARJN / KDS / FIFTY4 / 舒蕾亞·戈沙爾,,,"KALYANI (Remix) ARJN , KDS , FIFTY4 & 舒蕾亞·戈沙爾"
2026-08-13,my,Malaysia,top_videos_daily,,43,https://i.ytimg.com/vi/3LFc5v-nlFQ/mqdefault.jpg,Sangkar Derita,Haqiem Rusli,,,Sangkar Derita Haqiem Rusli
2026-08-13,my,Malaysia,top_videos_daily,,44,https://i.ytimg.com/vi/VR7PK3FPE1Q/mqdefault.jpg,Jemu,May,"2月 14, 2021",32532,"44 6 Jemu May 2月 14, 2021 50 22 32,532"
2026-08-13,my,Malaysia,top_videos_daily,,45,https://i.ytimg.com/vi/OT5msu-dap8/mqdefault.jpg,Shape Of My Heart,Backstreet Boys,,,Shape Of My Heart Backstreet Boys
2026-08-13,my,Malaysia,top_videos_daily,,46,https://i.ytimg.com/vi/zV0facLoRJA/mqdefault.jpg,Dahsyat,Mojo,"1月 9, 2015",32405,"46 8 Dahsyat Mojo 1月 9, 2015 38 39 32,405"
2026-08-13,my,Malaysia,top_videos_daily,,47,https://i.ytimg.com/vi/-q_S27LbNKU/mqdefault.jpg,BAD,ATEEZ,"6月 25, 2026",32280,"47 6 BAD ATEEZ 6月 25, 2026 41 45 32,280"
2026-08-13,my,Malaysia,top_videos_daily,,48,https://i.ytimg.com/vi/0Zwmo3hz_yA/mqdefault.jpg,Bunga Emas,Iklim,,,Bunga Emas Iklim
2026-08-13,my,Malaysia,top_videos_daily,,49,https://i.ytimg.com/vi/lY5V4hSLWY8/mqdefault.jpg,Risk It All,Bruno Mars,,,Risk It All Bruno Mars
2026-08-13,my,Malaysia,top_videos_daily,,50,https://i.ytimg.com/vi/8J3F2TAyeOw/mqdefault.jpg,Aishiteru 3,Zivilia,,,Aishiteru 3 Zivilia
2026-08-13,my,Malaysia,top_videos_daily,,51,https://i.ytimg.com/vi/oIDeGj83us8/mqdefault.jpg,MALAYSIA,法依扎爾·塔基爾,,,MALAYSIA 法依扎爾·塔基爾
2026-08-13,my,Malaysia,top_videos_daily,,52,https://i.ytimg.com/vi/dAevFxbfqkU/mqdefault.jpg,Gadis Manis Kalimantan,Syahriyadi,,,Gadis Manis Kalimantan Syahriyadi
2026-08-13,my,Malaysia,top_videos_daily,,53,https://i.ytimg.com/vi/EUapGKnq_tk/mqdefault.jpg,Kasih Orang Muda,飛輪海,,,Kasih Orang Muda 飛輪海
2026-08-13,my,Malaysia,top_videos_daily,,54,https://i.ytimg.com/vi/dmCED70VHaA/mqdefault.jpg,Seribu Tahun Takkan Mungkin,BumiPutra Rockers,,,Seribu Tahun Takkan Mungkin BumiPutra Rockers
2026-08-13,my,Malaysia,top_videos_daily,,55,https://i.ytimg.com/vi/qgy7vEje5-w/mqdefault.jpg,Secret Love Song,Little Mix,,,Secret Love Song Little Mix
2026-08-13,my,Malaysia,top_videos_daily,,56,https://i.ytimg.com/vi/qXzn-HHT4D4/mqdefault.jpg,Butakah Cinta,Spring,,,Butakah Cinta Spring
2026-08-13,my,Malaysia,top_videos_daily,,57,https://i.ytimg.com/vi/bvZnN-DipcQ/mqdefault.jpg,Andai Ku Bercinta lagi,Mojo,,,Andai Ku Bercinta lagi Mojo
2026-08-13,my,Malaysia,top_videos_daily,,58,https://i.ytimg.com/vi/FtHaMWRn8Mc/mqdefault.jpg,Masing Masing (Official Music Video),Ade Govinda / Ernie Zakri,,,Masing Masing (Official Music Video) Ade Govinda & Ernie Zakri
2026-08-13,my,Malaysia,top_videos_daily,,59,https://i.ytimg.com/vi/mW2quYK8oL8/mqdefault.jpg,Seperti Dulu,Exists,,,Seperti Dulu Exists
2026-08-13,my,Malaysia,top_videos_daily,,60,https://i.ytimg.com/vi/ba-XAIskH_g/mqdefault.jpg,Lantas,Juicy Luicy,,,Lantas Juicy Luicy
2026-08-13,my,Malaysia,top_videos_daily,,61,https://i.ytimg.com/vi/zyLmavBAY7k/mqdefault.jpg,Teh Hijau,圖魯斯,"7月 10, 2026",28691,"61 11 Teh Hijau 圖魯斯 7月 10, 2026 72 9 28,691"
2026-08-13,my,Malaysia,top_videos_daily,,62,https://i.ytimg.com/vi/82-jTNka3uc/mqdefault.jpg,hate that i made you love me,Ariana Grande,,,hate that i made you love me Ariana Grande
2026-08-13,my,Malaysia,top_videos_daily,,63,https://i.ytimg.com/vi/vDSUmX2zOGk/mqdefault.jpg,Kasih Aba Aba,Naykilla / Tenxi / Jemsii,,,"Kasih Aba Aba Naykilla , Tenxi & Jemsii"
2026-08-13,my,Malaysia,top_videos_daily,,64,https://i.ytimg.com/vi/Wg92RrNhB8s/mqdefault.jpg,One Last Time,雅瑞安娜·格蘭德,,,One Last Time 雅瑞安娜·格蘭德
2026-08-13,my,Malaysia,top_videos_daily,,65,https://i.ytimg.com/vi/igALsfpS4BA/mqdefault.jpg,Bunga,Exists,"9月 8, 2020",27722,"65 1 Bunga Exists 9月 8, 2020 64 9 27,722"
2026-08-13,my,Malaysia,top_videos_daily,,66,https://i.ytimg.com/vi/ConUwSndl6Y/mqdefault.jpg,Cinta Mati,Apau Qhaliff,,,Cinta Mati Apau Qhaliff
2026-08-13,my,Malaysia,top_videos_daily,,67,https://i.ytimg.com/vi/JpATEBd3vq4/mqdefault.jpg,MIMIFLY - PERKASA (feat. Aman RA),Mimifly,,,MIMIFLY - PERKASA (feat. Aman RA) Mimifly
2026-08-13,my,Malaysia,top_videos_daily,,68,https://i.ytimg.com/vi/PT2_F-1esPk/mqdefault.jpg,Closer,The Chainsmokers,,,Closer The Chainsmokers
2026-08-13,my,Malaysia,top_videos_daily,,69,https://i.ytimg.com/vi/eXmGmGDJIBE/mqdefault.jpg,Hal Hebat,Govinda X Ernie Zakri,,,Hal Hebat Govinda X Ernie Zakri
2026-08-13,my,Malaysia,top_videos_daily,,70,https://i.ytimg.com/vi/OErndIcI8gE/mqdefault.jpg,Alamak,Rizky Febian / Adrian Khalif,,,Alamak Rizky Febian & Adrian Khalif
2026-08-13,my,Malaysia,top_videos_daily,,71,https://i.ytimg.com/vi/VFhqvz8ssJo/mqdefault.jpg,Disaat Aku Mencintaimu,Dadali,,,Disaat Aku Mencintaimu Dadali
2026-08-13,my,Malaysia,top_videos_daily,,72,https://i.ytimg.com/vi/pRfmrE0ToTo/mqdefault.jpg,Rewrite the Stars,詹姆士·亞瑟 / 安-瑪莉,,,Rewrite the Stars 詹姆士·亞瑟 & 安-瑪莉
2026-08-13,my,Malaysia,top_videos_daily,,73,https://i.ytimg.com/vi/Oextk-If8HQ/mqdefault.jpg,Somewhere Only We Know,Keane,,,Somewhere Only We Know Keane
2026-08-13,my,Malaysia,top_videos_daily,,74,https://i.ytimg.com/vi/OkTlYjO6SNY/mqdefault.jpg,過了幾天,DIOR 大穎 / 郭家瑋,,,過了幾天 DIOR 大穎 & 郭家瑋
2026-08-13,my,Malaysia,top_videos_daily,,75,https://i.ytimg.com/vi/jia3fhBQ8qI/mqdefault.jpg,penjaga hati,Nadhif Basalamah,,,penjaga hati Nadhif Basalamah
2026-08-13,my,Malaysia,top_videos_daily,,76,https://i.ytimg.com/vi/k_V8Xfkhd_Y/mqdefault.jpg,Tersingkap Kini Rahsia Tersembunyi,Kulit,,,Tersingkap Kini Rahsia Tersembunyi Kulit
2026-08-13,my,Malaysia,top_videos_daily,,77,https://i.ytimg.com/vi/0db5IV8ODz8/mqdefault.jpg,Terasing,Naim Daniel / Iman Troye,,,Terasing Naim Daniel & Iman Troye
2026-08-13,my,Malaysia,top_videos_daily,,78,https://i.ytimg.com/vi/48hNRWso-jI/mqdefault.jpg,Takdir Tercipta,Hafiz Suip / Adira Suhaimi,,,Takdir Tercipta Hafiz Suip & Adira Suhaimi
2026-08-13,my,Malaysia,top_videos_daily,,79,https://i.ytimg.com/vi/dERdrEKmOHE/mqdefault.jpg,Cari Jodoh,Wali,"5月 16, 2012",24243,"79 79 Cari Jodoh Wali 5月 16, 2012 - 18 24,243"
2026-08-13,my,Malaysia,top_videos_daily,,80,https://i.ytimg.com/vi/Il-an3K9pjg/mqdefault.jpg,Anne,Marie,"5月 8, 2018",23745,"80 2 2002 Anne-Marie 5月 8, 2018 82 6 23,745"
2026-08-13,my,Malaysia,top_videos_daily,,81,https://i.ytimg.com/vi/9Hrq97AdO7Q/mqdefault.jpg,Rembulan Malam,Arief,,,Rembulan Malam Arief
2026-08-13,my,Malaysia,top_videos_daily,,82,https://i.ytimg.com/vi/vDkTdk23GXk/mqdefault.jpg,Pulang - Wani Kayrie (Official Music Video),Rocketfuel Network,,,Pulang - Wani Kayrie (Official Music Video) Rocketfuel Network
2026-08-13,my,Malaysia,top_videos_daily,,83,https://i.ytimg.com/vi/CnF6B2UJ3YA/mqdefault.jpg,Bourgenvilla (Official Music Video),Spring,,,Bourgenvilla (Official Music Video) Spring
2026-08-13,my,Malaysia,top_videos_daily,,84,https://i.ytimg.com/vi/0yW7w8F2TVA/mqdefault.jpg,Say You Won't Let Go,James Arthur,,,Say You Won't Let Go James Arthur
2026-08-13,my,Malaysia,top_videos_daily,,85,https://i.ytimg.com/vi/PIh2xe4jnpk/mqdefault.jpg,Rude,MAGIC!,"12月 5, 2013",22500,"85 8 Rude MAGIC! 12月 5, 2013 93 4 22,500"
2026-08-13,my,Malaysia,top_videos_daily,,86,https://i.ytimg.com/vi/nYLaeQ0_TjY/mqdefault.jpg,Mencari Alasan,Exists,,,Mencari Alasan Exists
2026-08-13,my,Malaysia,top_videos_daily,,87,https://i.ytimg.com/vi/6JaeasJw-QI/mqdefault.jpg,Thalapathy Kacheri,Jayanth Maadhur / Anirudh Ravichander / Arun Kaundinya / Nazeeruddin,,,"Thalapathy Kacheri Jayanth Maadhur , Anirudh Ravichander , Arun Kaundinya & Nazeeruddin"
2026-08-13,my,Malaysia,top_videos_daily,,88,https://i.ytimg.com/vi/8F2s8ivKXNY/mqdefault.jpg,Life Goes On,Oliver Tree,,,Life Goes On Oliver Tree
2026-08-13,my,Malaysia,top_videos_daily,,89,https://i.ytimg.com/vi/xXZwZ0DolJc/mqdefault.jpg,MOON,BABYMONSTER,,,MOON BABYMONSTER
2026-08-13,my,Malaysia,top_videos_daily,,90,https://i.ytimg.com/vi/fIe8MoThFsA/mqdefault.jpg,Ku Di Halaman Rindu,Lefthanded,,,Ku Di Halaman Rindu Lefthanded
2026-08-13,my,Malaysia,top_videos_daily,,91,https://i.ytimg.com/vi/wPb_miODtDI/mqdefault.jpg,Astaga Bercanda,Akbar Chalay / Mingse,,,Astaga Bercanda Akbar Chalay & Mingse
2026-08-13,my,Malaysia,top_videos_daily,,92,https://i.ytimg.com/vi/mzAwKKRGXSk/mqdefault.jpg,James Arthur - Impossible (Lyrics),Dan Music,,,James Arthur - Impossible (Lyrics) Dan Music
2026-08-13,my,Malaysia,top_videos_daily,,93,https://i.ytimg.com/vi/w-A6rhRULsM/mqdefault.jpg,Lagu Cenderawasih,Kris,,,Lagu Cenderawasih Kris
2026-08-13,my,Malaysia,top_videos_daily,,94,https://i.ytimg.com/vi/mapIOhPtifo/mqdefault.jpg,Sejiwa,Spring,"8月 2, 2020",21713,"94 7 Sejiwa Spring 8月 2, 2020 87 71 21,713"
2026-08-13,my,Malaysia,top_videos_daily,,95,https://i.ytimg.com/vi/BZ4UzthYTss/mqdefault.jpg,"Stray Kids ""This & That"" M/V",Stray Kids,,,"Stray Kids ""This & That"" M/V Stray Kids"
2026-08-13,my,Malaysia,top_videos_daily,,96,https://i.ytimg.com/vi/v1t4MTqdfyI/mqdefault.jpg,hate that i made you love me,Ariana Grande,,,hate that i made you love me Ariana Grande
2026-08-13,my,Malaysia,top_videos_daily,,97,https://i.ytimg.com/vi/Q1CpHSrkqzY/mqdefault.jpg,Jesnita,Exists,"3月 17, 2014",21169,"97 New Jesnita Exists 3月 17, 2014 - 1 21,169"
2026-08-13,my,Malaysia,top_videos_daily,,98,https://i.ytimg.com/vi/H5mBRsAolIQ/mqdefault.jpg,Mengusung Rindu,Spin,,,Mengusung Rindu Spin
2026-08-13,my,Malaysia,top_videos_daily,,99,https://i.ytimg.com/vi/TaTMWXupXp4/mqdefault.jpg,Aiman Junaidi - Janji Suci (Official Music Video),Rusa Music,,,Aiman Junaidi - Janji Suci (Official Music Video) Rusa Music
2026-08-13,my,Malaysia,top_videos_daily,,100,https://i.ytimg.com/vi/0SbnqsQInqE/mqdefault.jpg,MUTIARA,Ipank / Kintani,,,MUTIARA Ipank & Kintani