captured_date,market,market_name,chart,period_suffix,rank,image_url,primary_name,secondary_name,release_date,metric_value,raw_text
2026-09-03,global,Global,top_videos_daily,,1,https://i.ytimg.com/vi/fcnDmrtj6Sk/mqdefault.jpg,Dai Dai,Shakira / Burna Boy,,,Dai Dai Shakira & Burna Boy
2026-09-03,global,Global,top_videos_daily,,2,https://i.ytimg.com/vi/JqFzhcWo3EU/mqdefault.jpg,Yeshanagula | The Paradise | Nani | Keerthy Suresh | Anirudh Ravichander | Srikanth Odela,Saregama Telugu,,,Yeshanagula | The Paradise | Nani | Keerthy Suresh | Anirudh Ravichander | Srikanth Odela Saregama Telugu
2026-09-03,global,Global,top_videos_daily,,3,https://i.ytimg.com/vi/vSA7yMrTETg/mqdefault.jpg,Xamdam Sobirov - Peshta / Хамдам Собиров - Пешта / Video Klip,Xamdam Sobirov,,,Xamdam Sobirov - Peshta / Хамдам Собиров - Пешта / Video Klip Xamdam Sobirov
2026-09-03,global,Global,top_videos_daily,,4,https://i.ytimg.com/vi/xvT1jH8B9AM/mqdefault.jpg,KALYANI (Remix),ARJN / KDS / FIFTY4 / 舒蕾亞·戈沙爾,,,"KALYANI (Remix) ARJN , KDS , FIFTY4 & 舒蕾亞·戈沙爾"
2026-09-03,global,Global,top_videos_daily,,5,https://i.ytimg.com/vi/oAwzFFEYm38/mqdefault.jpg,Girls' Generation-HRS 소녀시대-효리수 'Skibidi' Performance Video,SMTOWN,,,Girls' Generation-HRS 소녀시대-효리수 'Skibidi' Performance Video SMTOWN
2026-09-03,global,Global,top_videos_daily,,6,https://i.ytimg.com/vi/1zZQa0-QQIA/mqdefault.jpg,"NEXZ(넥스지) ""SAUCIN'"" M/V",JYP Entertainment,,,"NEXZ(넥스지) ""SAUCIN'"" M/V JYP Entertainment"
2026-09-03,global,Global,top_videos_daily,,7,https://i.ytimg.com/vi/yebNIHKAC4A/mqdefault.jpg,Golden,HUNTR/X / EJAE / AUDREY NUNA / REI AMI / KPop Demon Hunters Cast,,,"Golden HUNTR/X , EJAE , AUDREY NUNA , REI AMI & KPop Demon Hunters Cast"
2026-09-03,global,Global,top_videos_daily,,8,https://i.ytimg.com/vi/s2HYl12gmOY/mqdefault.jpg,Parvati,Sadhu Tiwari,,,Parvati Sadhu Tiwari
2026-09-03,global,Global,top_videos_daily,,9,https://i.ytimg.com/vi/A_RV2H2F9jw/mqdefault.jpg,Basinga Balaalu,Srinidhi Nerella / Kalyan Keys / Swamy Naresh,,,"Basinga Balaalu Srinidhi Nerella , Kalyan Keys & Swamy Naresh"
2026-09-03,global,Global,top_videos_daily,,10,https://i.ytimg.com/vi/6rvUyBiBtik/mqdefault.jpg,Tera Mera Rishta,Sayeed Quadri / Mustafa Zahid / Pritam,,,"Tera Mera Rishta Sayeed Quadri , Mustafa Zahid & Pritam"
2026-09-03,global,Global,top_videos_daily,,11,https://i.ytimg.com/vi/is8UDe2PhKQ/mqdefault.jpg,KATSEYE (캣츠아이) 'Hootie Frutti' Official MV,KATSEYE,,,KATSEYE (캣츠아이) 'Hootie Frutti' Official MV KATSEYE
2026-09-03,global,Global,top_videos_daily,,12,https://i.ytimg.com/vi/u9BdaJTWeiw/mqdefault.jpg,Barbaadi,Shilpi Raj,,,Barbaadi Shilpi Raj
2026-09-03,global,Global,top_videos_daily,,13,https://i.ytimg.com/vi/jR3rWCBeO6M/mqdefault.jpg,@SaiAbhyankkar - Radhimaa (Music Video) | Bhagyashri Borse | Vivek | Thejo Bharathwaj | Think Indie,Think Music India,,,@SaiAbhyankkar - Radhimaa (Music Video) | Bhagyashri Borse | Vivek | Thejo Bharathwaj | Think Indie Think Music India
2026-09-03,global,Global,top_videos_daily,,14,https://i.ytimg.com/vi/YyepU5ztLf4/mqdefault.jpg,Shararat,Madhubanti Bagchi / 雅斯文·桑德拉斯 / 沙赫瓦特·薩赫迪夫,,,"Shararat Madhubanti Bagchi , 雅斯文·桑德拉斯 & 沙赫瓦特·薩赫迪夫"
2026-09-03,global,Global,top_videos_daily,,15,https://i.ytimg.com/vi/ebZj_nrmH-c/mqdefault.jpg,Barsaat,Banjaare / Roni,,,Barsaat Banjaare & Roni
2026-09-03,global,Global,top_videos_daily,,16,https://i.ytimg.com/vi/s466YCiHfKw/mqdefault.jpg,FALLEN ANGEL (Official Video),JENNIE,,,FALLEN ANGEL (Official Video) JENNIE
2026-09-03,global,Global,top_videos_daily,,17,https://i.ytimg.com/vi/2ZbtZrKOZGo/mqdefault.jpg,Chimna | Badshah X Divya Kumar X Nagesh Morwekar | FT. Neha Khan | Hiten #marathisong #desihiphop,Badshah,,,Chimna | Badshah X Divya Kumar X Nagesh Morwekar | FT. Neha Khan | Hiten #marathisong #desihiphop Badshah
2026-09-03,global,Global,top_videos_daily,,18,https://i.ytimg.com/vi/cRgrrrdqbLM/mqdefault.jpg,अफीम (Official Video) #Khesari Lal Yadav | Kangana Sharma | #Shilpi Raj | Afeem | New #Bhojpuri Song,Wave Music,,,अफीम (Official Video) #Khesari Lal Yadav | Kangana Sharma | #Shilpi Raj | Afeem | New #Bhojpuri Song Wave Music
2026-09-03,global,Global,top_videos_daily,,19,https://i.ytimg.com/vi/3DcoC8p9az8/mqdefault.jpg,Training Season (Live),Dua Lipa,,,Training Season (Live) Dua Lipa
2026-09-03,global,Global,top_videos_daily,,20,https://i.ytimg.com/vi/69L-nKRY3ac/mqdefault.jpg,Sebebi Yar,Blok3,,,Sebebi Yar Blok3
2026-09-03,global,Global,top_videos_daily,,21,https://i.ytimg.com/vi/HHv5RZpvbV4/mqdefault.jpg,show time...,Snow Man,,,show time... Snow Man
2026-09-03,global,Global,top_videos_daily,,22,https://i.ytimg.com/vi/RO75uUZiAw0/mqdefault.jpg,Teh Hijau,圖魯斯,"6月 29, 2026",1842411,"22 2 Teh Hijau 圖魯斯 6月 29, 2026 24 58 1,842,411"
2026-09-03,global,Global,top_videos_daily,,23,https://i.ytimg.com/vi/YWsczzufh6Q/mqdefault.jpg,"Felix ""Slow It Down"" | [Stray Kids : SKZ-PLAYER]",Stray Kids,,,"Felix ""Slow It Down"" | [Stray Kids : SKZ-PLAYER] Stray Kids"
2026-09-03,global,Global,top_videos_daily,,24,https://i.ytimg.com/vi/q2IMrkhSjSA/mqdefault.jpg,ÇOK GÜZEL GÜLÜYORSUN,Blok3 / Poizi,,,ÇOK GÜZEL GÜLÜYORSUN Blok3 & Poizi
2026-09-03,global,Global,top_videos_daily,,25,https://i.ytimg.com/vi/QnQnz9G2LNw/mqdefault.jpg,MALLEPOOLA PALLAKI (Song) | Ravi Teja | GV Prakash | Dappu Srinu | Shiva Nirvana | Irumudi,T-Series Telugu,,,MALLEPOOLA PALLAKI (Song) | Ravi Teja | GV Prakash | Dappu Srinu | Shiva Nirvana | Irumudi T-Series Telugu
2026-09-03,global,Global,top_videos_daily,,26,https://i.ytimg.com/vi/CpmkmCSHPU8/mqdefault.jpg,Avulo Avulo Video Song - Romanchakam | Sandeep Reddy Vanga | Sumanth Prabhas | Ananthika | Vasuki,T-Series Telugu,,,Avulo Avulo Video Song - Romanchakam | Sandeep Reddy Vanga | Sumanth Prabhas | Ananthika | Vasuki T-Series Telugu
2026-09-03,global,Global,top_videos_daily,,27,https://i.ytimg.com/vi/5Y3a06rJjoU/mqdefault.jpg,Garee2a Awy (Live),TUL8TE,,,Garee2a Awy (Live) TUL8TE
2026-09-03,global,Global,top_videos_daily,,28,https://i.ytimg.com/vi/m7k9UMcHbr0/mqdefault.jpg,"KATSEYE (캣츠아이) ""Animal"" Official MV",KATSEYE,,,"KATSEYE (캣츠아이) ""Animal"" Official MV KATSEYE"
2026-09-03,global,Global,top_videos_daily,,29,https://i.ytimg.com/vi/WT-wrwlN144/mqdefault.jpg,YAALALO YAALALO Lyrical | Irumudi | Ravi Teja | GV Prakash | Hesham | Shiva Nirvana,Hesham Abdul Wahab / Sadhika K R / Balaji Venugopal / G.V. Prakash Kumar,,,"YAALALO YAALALO Lyrical | Irumudi | Ravi Teja | GV Prakash | Hesham | Shiva Nirvana Hesham Abdul Wahab , Sadhika K R , Balaji Venugopal & G.V. Prakash Kumar"
2026-09-03,global,Global,top_videos_daily,,30,https://i.ytimg.com/vi/oafxkMv4xnc/mqdefault.jpg,Bairan,Banjaare,"2月 13, 2026",1619280,"30 1 Bairan Banjaare 2月 13, 2026 31 180 1,619,280"
2026-09-03,global,Global,top_videos_daily,,31,https://i.ytimg.com/vi/8F2s8ivKXNY/mqdefault.jpg,Life Goes On,Oliver Tree,,,Life Goes On Oliver Tree
2026-09-03,global,Global,top_videos_daily,,32,https://i.ytimg.com/vi/fRIhCiUVaKs/mqdefault.jpg,BbY WOW (Visualizer),Judeline / rusowsky,,,BbY WOW (Visualizer) Judeline & rusowsky
2026-09-03,global,Global,top_videos_daily,,33,https://i.ytimg.com/vi/A7ShtPRP2Mc/mqdefault.jpg,Kayıp Kalp,Blok3,,,Kayıp Kalp Blok3
2026-09-03,global,Global,top_videos_daily,,34,https://i.ytimg.com/vi/aRNfSqsgrgE/mqdefault.jpg,Sheesha,Mitta Ror / Swara Verma,,,Sheesha Mitta Ror & Swara Verma
2026-09-03,global,Global,top_videos_daily,,35,https://i.ytimg.com/vi/OQac93ARgQE/mqdefault.jpg,Nano,Saint Levant / TUL8TE,,,Nano Saint Levant & TUL8TE
2026-09-03,global,Global,top_videos_daily,,36,https://i.ytimg.com/vi/7w7LUaLpM4E/mqdefault.jpg,MALLEPOOLA PALLAKI 8K VIDEO | RAVI TEJA | GV PRAKASH | DAPPU SRINU | IRUMUDI | AYYAPPA SONG,T-Series,,,MALLEPOOLA PALLAKI 8K VIDEO | RAVI TEJA | GV PRAKASH | DAPPU SRINU | IRUMUDI | AYYAPPA SONG T-Series
2026-09-03,global,Global,top_videos_daily,,37,https://i.ytimg.com/vi/-FBwd9cWJoQ/mqdefault.jpg,Kırgınım,Blok3,"6月 4, 2026",1399060,"37 1 Kırgınım Blok3 6月 4, 2026 38 85 1,399,060"
2026-09-03,global,Global,top_videos_daily,,38,https://i.ytimg.com/vi/b68HETiNO98/mqdefault.jpg,Pavazha Malli,Sai Abhyankkar / Shruti Haasan,,,Pavazha Malli Sai Abhyankkar & Shruti Haasan
2026-09-03,global,Global,top_videos_daily,,39,https://i.ytimg.com/vi/F2m4HPLvj-4/mqdefault.jpg,Jaiye Sajana,雅斯文·桑德拉斯 / 施廷德·薩爾塔 / 沙赫瓦特·薩赫迪夫,,,"Jaiye Sajana 雅斯文·桑德拉斯 , 施廷德·薩爾塔 & 沙赫瓦特·薩赫迪夫"
2026-09-03,global,Global,top_videos_daily,,40,https://i.ytimg.com/vi/kwwdY1bp-Ck/mqdefault.jpg,Todo Lo Fue - (Video Oficial) - Lenin Ramirez - DEL Records 2026,DEL Records,,2026,Todo Lo Fue - (Video Oficial) - Lenin Ramirez - DEL Records 2026 DEL Records
2026-09-03,global,Global,top_videos_daily,,41,https://i.ytimg.com/vi/tyUVIIbhvYM/mqdefault.jpg,"Bewafa [(From""Ilzaam 2.0"")]",Kunaal Vermaa / Payal Dev / Satyajeet Jena,,,"Bewafa [(From""Ilzaam 2.0"")] Kunaal Vermaa , Payal Dev & Satyajeet Jena"
2026-09-03,global,Global,top_videos_daily,,42,https://i.ytimg.com/vi/asG7cwxi1sA/mqdefault.jpg,Saiyaara,舒蕾亞·戈沙爾 / Arslan Nizami / Irshad Kamil,,,"Saiyaara 舒蕾亞·戈沙爾 , Arslan Nizami & Irshad Kamil"
2026-09-03,global,Global,top_videos_daily,,43,https://i.ytimg.com/vi/cL0KKSPjZf8/mqdefault.jpg,Boom Shaka,KR$NA / Dhanda Nyoliwala,,,Boom Shaka KR$NA & Dhanda Nyoliwala
2026-09-03,global,Global,top_videos_daily,,44,https://i.ytimg.com/vi/23cipSExADA/mqdefault.jpg,เพราะพี่รักจริง,หนึ่ง บีเคแบนด์,,,เพราะพี่รักจริง หนึ่ง บีเคแบนด์
2026-09-03,global,Global,top_videos_daily,,45,https://i.ytimg.com/vi/ZvXN0TcZLfQ/mqdefault.jpg,Fortuner,Raj Mawar / Ruchika Jangid,,,Fortuner Raj Mawar & Ruchika Jangid
2026-09-03,global,Global,top_videos_daily,,46,https://i.ytimg.com/vi/GVizJ_jpUnw/mqdefault.jpg,Gehra Hua,Arijit Singh / Armaan Khan / 沙赫瓦特·薩赫迪夫 / Irshad Kamil,,,"Gehra Hua Arijit Singh , Armaan Khan , 沙赫瓦特·薩赫迪夫 & Irshad Kamil"
2026-09-03,global,Global,top_videos_daily,,47,https://i.ytimg.com/vi/j5vekz0W2VM/mqdefault.jpg,YAALALO YAALALO Video | Irumudi | Ravi Teja | GV Prakash | Hesham | Shiva Nirvana,T-Series Telugu,,,YAALALO YAALALO Video | Irumudi | Ravi Teja | GV Prakash | Hesham | Shiva Nirvana T-Series Telugu
2026-09-03,global,Global,top_videos_daily,,48,https://i.ytimg.com/vi/FboTyBsFZQs/mqdefault.jpg,Donde Hubo Fuego Cenizas Quedan,Anuel AA,,,Donde Hubo Fuego Cenizas Quedan Anuel AA
2026-09-03,global,Global,top_videos_daily,,49,https://i.ytimg.com/vi/av96L5hAjl8/mqdefault.jpg,"Aur Batao (Official Video) Bintu Pabra, Shiva Choudhary | Nandini Sharma | New Haryanvi Song 2026",Prime Records Haryanvi,,2026,"Aur Batao (Official Video) Bintu Pabra, Shiva Choudhary | Nandini Sharma | New Haryanvi Song 2026 Prime Records Haryanvi"
2026-09-03,global,Global,top_videos_daily,,50,https://i.ytimg.com/vi/ko70cExuzZM/mqdefault.jpg,The Fate of Ophelia,Taylor Swift,,,The Fate of Ophelia Taylor Swift
2026-09-03,global,Global,top_videos_daily,,51,https://i.ytimg.com/vi/vutbVGewIcg/mqdefault.jpg,Las Mas Bonitas Son P*tas,Anuel AA,,,Las Mas Bonitas Son P*tas Anuel AA
2026-09-03,global,Global,top_videos_daily,,52,https://i.ytimg.com/vi/2gXNDr_6FcE/mqdefault.jpg,Irumudi Kattu,Shiva Nirvana / G.V. Prakash Kumar / Kalyan Chakravarthy Tripuraneni / Ananthu,,,"Irumudi Kattu Shiva Nirvana , G.V. Prakash Kumar , Kalyan Chakravarthy Tripuraneni & Ananthu"
2026-09-03,global,Global,top_videos_daily,,53,https://i.ytimg.com/vi/Oyw1Eo21q5k/mqdefault.jpg,Kabze,Bintu Pabra / Shiva Choudhary,,,Kabze Bintu Pabra & Shiva Choudhary
2026-09-03,global,Global,top_videos_daily,,54,https://i.ytimg.com/vi/dTWEFx3DeM8/mqdefault.jpg,Anor,Mirjalol Nematov,,,Anor Mirjalol Nematov
2026-09-03,global,Global,top_videos_daily,,55,https://i.ytimg.com/vi/27C4pfRsf9g/mqdefault.jpg,ICONIC BY MISTAKE,LE SSERAFIM / ILLIT / KATSEYE,,,"ICONIC BY MISTAKE LE SSERAFIM , ILLIT & KATSEYE"
2026-09-03,global,Global,top_videos_daily,,56,https://i.ytimg.com/vi/tLqtnGLfm4Q/mqdefault.jpg,"Tum Hi Aana (From ""Marjaavaan"")",Jubin Nautiyal / Payal Dev,,,"Tum Hi Aana (From ""Marjaavaan"") Jubin Nautiyal & Payal Dev"
2026-09-03,global,Global,top_videos_daily,,57,https://i.ytimg.com/vi/-1SgFHqxjlw/mqdefault.jpg,SxyCip - Love All Day (Official Music Video),SxyCip,,,SxyCip - Love All Day (Official Music Video) SxyCip
2026-09-03,global,Global,top_videos_daily,,58,https://i.ytimg.com/vi/UH21OnJwxZE/mqdefault.jpg,PHƯƠNG MỸ CHI x DTAP | 'THIÊN ĐƯỜNG VỚI NGƯỜI THƯƠNG' | OFFICIAL MUSIC VIDEO,Phương Mỹ Chi,,,PHƯƠNG MỸ CHI x DTAP | 'THIÊN ĐƯỜNG VỚI NGƯỜI THƯƠNG' | OFFICIAL MUSIC VIDEO Phương Mỹ Chi
2026-09-03,global,Global,top_videos_daily,,59,https://i.ytimg.com/vi/0pg0raFMNIU/mqdefault.jpg,Toz Pembe,manifest,,,Toz Pembe manifest
2026-09-03,global,Global,top_videos_daily,,60,https://i.ytimg.com/vi/bMhDJ0S0OBA/mqdefault.jpg,It's Me,ILLIT,"4月 30, 2026",1130399,"60 11 It's Me ILLIT 4月 30, 2026 49 125 1,130,399"
2026-09-03,global,Global,top_videos_daily,,61,https://i.ytimg.com/vi/-b5i8iB0lSY/mqdefault.jpg,Những Người Hùng Không Tên - Du Thiên | Sáng Tác: Thành Đô|Ca Khúc Hưởng Ứng Chiến Dịch 500 Ngày Đêm,Du Thiên,,500,Những Người Hùng Không Tên - Du Thiên | Sáng Tác: Thành Đô|Ca Khúc Hưởng Ứng Chiến Dịch 500 Ngày Đêm Du Thiên
2026-09-03,global,Global,top_videos_daily,,62,https://i.ytimg.com/vi/RrWFlqoWIHY/mqdefault.jpg,ไม่รักดีกว่า,Z9,"8月 19, 2026",1113439,"62 11 ไม่รักดีกว่า Z9 8月 19, 2026 51 12 1,113,439"
2026-09-03,global,Global,top_videos_daily,,63,https://i.ytimg.com/vi/_NlOIjOByUg/mqdefault.jpg,LIL NAAY - PERRA (VIDEO OFICIAL),Lil Naay,,,LIL NAAY - PERRA (VIDEO OFICIAL) Lil Naay
2026-09-03,global,Global,top_videos_daily,,64,https://i.ytimg.com/vi/46h0LvDHgIs/mqdefault.jpg,TUIDE (튜이드) ‘SUN KISS’ Official MV,HYBE LABELS,,,TUIDE (튜이드) ‘SUN KISS’ Official MV HYBE LABELS
2026-09-03,global,Global,top_videos_daily,,65,https://i.ytimg.com/vi/z5y8Clp_TdE/mqdefault.jpg,KALYANI (Remix),舒蕾亞·戈沙爾 / ARJN / FIFTY4 / KDS,,,"KALYANI (Remix) 舒蕾亞·戈沙爾 , ARJN , FIFTY4 & KDS"
2026-09-03,global,Global,top_videos_daily,,66,https://i.ytimg.com/vi/rs0gQ-3hbPQ/mqdefault.jpg,Muthumani Music Video - DOROTHY | Maestro Ilaiyaraaja | Karthik Subbaraj,Sony Music South,,,Muthumani Music Video - DOROTHY | Maestro Ilaiyaraaja | Karthik Subbaraj Sony Music South
2026-09-03,global,Global,top_videos_daily,,67,https://i.ytimg.com/vi/9dV6Hl2u3vM/mqdefault.jpg,Neno Butterfly,Sublahshini / G.V. Prakash Kumar,,,Neno Butterfly Sublahshini & G.V. Prakash Kumar
2026-09-03,global,Global,top_videos_daily,,68,https://i.ytimg.com/vi/0wUOsW8Zl8g/mqdefault.jpg,Dil Udeya | B Praak | Gippy Grewal | Shehnaaz Gill | Singh Vs Kaur 2 | Punjabi Love Song,Speed Records,,,Dil Udeya | B Praak | Gippy Grewal | Shehnaaz Gill | Singh Vs Kaur 2 | Punjabi Love Song Speed Records
2026-09-03,global,Global,top_videos_daily,,69,https://i.ytimg.com/vi/-q_S27LbNKU/mqdefault.jpg,BAD,ATEEZ,"6月 25, 2026",1040582,"69 7 BAD ATEEZ 6月 25, 2026 62 62 1,040,582"
2026-09-03,global,Global,top_videos_daily,,70,https://i.ytimg.com/vi/5RT6QMKJTjQ/mqdefault.jpg,Ishq Sufiyana,Kamal Khan,,,Ishq Sufiyana Kamal Khan
2026-09-03,global,Global,top_videos_daily,,71,https://i.ytimg.com/vi/boKJ5XDs_mY/mqdefault.jpg,JACK - J97 | LƯU NIÊN | Album TAM THÁI TỬ - Track No.4,Jack - J97,,,JACK - J97 | LƯU NIÊN | Album TAM THÁI TỬ - Track No.4 Jack - J97
2026-09-03,global,Global,top_videos_daily,,72,https://i.ytimg.com/vi/jWh-7JGuxTo/mqdefault.jpg,Ara Beni,荷黛絲·阿奇高茲,,,Ara Beni 荷黛絲·阿奇高茲
2026-09-03,global,Global,top_videos_daily,,73,https://i.ytimg.com/vi/MT-4Bk1Lw8g/mqdefault.jpg,Bloody Paradise,ENHYPEN,,,Bloody Paradise ENHYPEN
2026-09-03,global,Global,top_videos_daily,,74,https://i.ytimg.com/vi/8SxuDdozKks/mqdefault.jpg,Maal Khara (Official Music Video) Harris.K Singh | 26Aala,Harris.K Singh,,,Maal Khara (Official Music Video) Harris.K Singh | 26Aala Harris.K Singh
2026-09-03,global,Global,top_videos_daily,,75,https://i.ytimg.com/vi/s3a4OQR-10M/mqdefault.jpg,Loser,Tame Impala,,,Loser Tame Impala
2026-09-03,global,Global,top_videos_daily,,76,https://i.ytimg.com/vi/I-5e_J3LWS8/mqdefault.jpg,AH HA,Cardi B,"8月 27, 2026",967281,"76 3 AH HA Cardi B 8月 27, 2026 73 5 967,281"
2026-09-03,global,Global,top_videos_daily,,77,https://i.ytimg.com/vi/mgFUz_c4ToM/mqdefault.jpg,日向坂46『イチャイチャ蟲』MUSIC VIDEO,日向坂46,,,日向坂46『イチャイチャ虫』MUSIC VIDEO 日向坂46
2026-09-03,global,Global,top_videos_daily,,78,https://i.ytimg.com/vi/VwTBkTuzBGw/mqdefault.jpg,TATVDARSHI (Full Song) Masoom Sharma | Harry Lather | Thinker | New Haryanvi Song 2026,Masoom Sharma,,2026,TATVDARSHI (Full Song) Masoom Sharma | Harry Lather | Thinker | New Haryanvi Song 2026 Masoom Sharma
2026-09-03,global,Global,top_videos_daily,,79,https://i.ytimg.com/vi/aw67jXhl4mc/mqdefault.jpg,Tere Sang Ishq Hua,奈蒂·莫漢 / Arijit Singh,,,Tere Sang Ishq Hua 奈蒂·莫漢 & Arijit Singh
2026-09-03,global,Global,top_videos_daily,,80,https://i.ytimg.com/vi/-0RUAQAMUac/mqdefault.jpg,تباعاً تباعاً,Sherine,,,تباعاً تباعاً Sherine
2026-09-03,global,Global,top_videos_daily,,81,https://i.ytimg.com/vi/7VsejGzcJmM/mqdefault.jpg,Alaakaa Loova,Sai Abhyankkar,,,Alaakaa Loova Sai Abhyankkar
2026-09-03,global,Global,top_videos_daily,,82,https://i.ytimg.com/vi/Si9kWKnJKxE/mqdefault.jpg,ZOMBIE,LAZARO,"5月 21, 2026",915311,"82 1 ZOMBIE LAZARO 5月 21, 2026 81 98 915,311"
2026-09-03,global,Global,top_videos_daily,,83,https://i.ytimg.com/vi/DS-raAyMxl4/mqdefault.jpg,Sanam Re - Instrumental,sandeep thakur / Tejas Vinchurkar,,,Sanam Re - Instrumental sandeep thakur & Tejas Vinchurkar
2026-09-03,global,Global,top_videos_daily,,84,https://i.ytimg.com/vi/5gwy0gcjIkI/mqdefault.jpg,Tere Sang Yaara,馬諾伊·蒙塔舍 / 阿蒂夫·阿斯拉姆,,,Tere Sang Yaara 馬諾伊·蒙塔舍 & 阿蒂夫·阿斯拉姆
2026-09-03,global,Global,top_videos_daily,,85,https://i.ytimg.com/vi/C1LN4cWjMl0/mqdefault.jpg,Pattampoochi,Sublahshini / G.V. Prakash Kumar,,,Pattampoochi Sublahshini & G.V. Prakash Kumar
2026-09-03,global,Global,top_videos_daily,,86,https://i.ytimg.com/vi/MyVe_U7CNtI/mqdefault.jpg,PEELE PEELE (Official Music Video) Amzy Walia ft. Mika Singh,Amzy Walia / 米卡·辛格,,,PEELE PEELE (Official Music Video) Amzy Walia ft. Mika Singh Amzy Walia & 米卡·辛格
2026-09-03,global,Global,top_videos_daily,,87,https://i.ytimg.com/vi/BZ4UzthYTss/mqdefault.jpg,This & That,Stray Kids,,,This & That Stray Kids
2026-09-03,global,Global,top_videos_daily,,88,https://i.ytimg.com/vi/Iz-nC59AIWc/mqdefault.jpg,UNA BABY EN SANTIAGO,Lil Naay,,,UNA BABY EN SANTIAGO Lil Naay
2026-09-03,global,Global,top_videos_daily,,89,https://i.ytimg.com/vi/q4TWrmwiufo/mqdefault.jpg,TAEMIN (태민) - 'FLOAT' Official MV,태민 (TAEMIN),,,TAEMIN (태민) - 'FLOAT' Official MV 태민 (TAEMIN)
2026-09-03,global,Global,top_videos_daily,,90,https://i.ytimg.com/vi/5tWg08zV-tI/mqdefault.jpg,Court Me Goli (Official Video) Ankit Baliyan | Fiza Choudhary | New Haryanvi Songs Haryanavi 2025,Gulshan Music,,2025,Court Me Goli (Official Video) Ankit Baliyan | Fiza Choudhary | New Haryanvi Songs Haryanavi 2025 Gulshan Music
2026-09-03,global,Global,top_videos_daily,,91,https://i.ytimg.com/vi/TX-1dI8t6WM/mqdefault.jpg,AMOR,Emmanuel Cortes,,,AMOR Emmanuel Cortes
2026-09-03,global,Global,top_videos_daily,,92,https://i.ytimg.com/vi/qN4ooNx77u0/mqdefault.jpg,Sign of the Times,Harry Styles,,,Sign of the Times Harry Styles
2026-09-03,global,Global,top_videos_daily,,93,https://i.ytimg.com/vi/3a9pHxpEMa8/mqdefault.jpg,New Punjabi Songs 2026 | Rishta (Official Video) R Nait | Isha Sharma | Latest Punjabi Songs,R Nait,,2026,New Punjabi Songs 2026 | Rishta (Official Video) R Nait | Isha Sharma | Latest Punjabi Songs R Nait
2026-09-03,global,Global,top_videos_daily,,94,https://i.ytimg.com/vi/uOrhBw3N3NM/mqdefault.jpg,80 Lakh,D Naveen / Shiva Choudhary / Sweta Chauhan / Kala Dighal,,,"80 Lakh D Naveen , Shiva Choudhary , Sweta Chauhan & Kala Dighal"
2026-09-03,global,Global,top_videos_daily,,95,https://i.ytimg.com/vi/_gyultVTesk/mqdefault.jpg,2.0,防彈少年團,"4月 1, 2026",866790,"95 95 2.0 防彈少年團 4月 1, 2026 - 129 866,790"
2026-09-03,global,Global,top_videos_daily,,96,https://i.ytimg.com/vi/qpIdoaaPa6U/mqdefault.jpg,Jeene Laga Hoon (Lyrical),薩辛-吉格爾,,,Jeene Laga Hoon (Lyrical) 薩辛-吉格爾
2026-09-03,global,Global,top_videos_daily,,97,https://i.ytimg.com/vi/Md7kqHsWWs4/mqdefault.jpg,Six Seven,Laurinha Costa / SoundMusic Original / Dj Cabello / Dj Tchouzen,,,"Six Seven Laurinha Costa , SoundMusic Original , Dj Cabello & Dj Tchouzen"
2026-09-03,global,Global,top_videos_daily,,98,https://i.ytimg.com/vi/8SYPKQMW_2Q/mqdefault.jpg,Tum Ho Toh,維沙爾·米什拉 / Hansika Pareek / Raj Shekhar,,,"Tum Ho Toh 維沙爾·米什拉 , Hansika Pareek & Raj Shekhar"
2026-09-03,global,Global,top_videos_daily,,99,https://i.ytimg.com/vi/rC-kbRanJQ0/mqdefault.jpg,UDI UDI,Hruday / Sarkar / Aneesh,,,"UDI UDI Hruday , Sarkar & Aneesh"
2026-09-03,global,Global,top_videos_daily,,100,https://i.ytimg.com/vi/vLa5jvCJMGk/mqdefault.jpg,JACK - J97 | NGƯỜI DƯNG | Album TAM THÁI TỬ - Track No.2,Jack - J97,,,JACK - J97 | NGƯỜI DƯNG | Album TAM THÁI TỬ - Track No.2 Jack - J97
2026-09-03,tw,Taiwan,top_videos_daily,,1,https://i.ytimg.com/vi/oAwzFFEYm38/mqdefault.jpg,Girls' Generation-HRS 소녀시대-효리수 'Skibidi' Performance Video,SMTOWN,,,Girls' Generation-HRS 소녀시대-효리수 'Skibidi' Performance Video SMTOWN
2026-09-03,tw,Taiwan,top_videos_daily,,2,https://i.ytimg.com/vi/8eOs7Zd-690/mqdefault.jpg,麋先生 聖皓 MIXER Sheng Hao feat. 王識賢 Shih Hsien Wang [ 鹹酸苦汫 Tastes of Life ] Official Music Video,麋先生,,,麋先生 聖皓 MIXER Sheng Hao feat. 王識賢 Shih Hsien Wang [ 鹹酸苦汫 Tastes of Life ] Official Music Video 麋先生
2026-09-03,tw,Taiwan,top_videos_daily,,3,https://i.ytimg.com/vi/PTaXHjz6okQ/mqdefault.jpg,老朋友,黃奇斌,"8月 28, 2026",127484,"3 2 老朋友 黃奇斌 8月 28, 2026 1 5 127,484"
2026-09-03,tw,Taiwan,top_videos_daily,,4,https://i.ytimg.com/vi/YacpC7sUXMM/mqdefault.jpg,甲乙丙丁 (你我怎麼兩清伴奏),李佳薇,,,甲乙丙丁 (你我怎麼兩清伴奏) 李佳薇
2026-09-03,tw,Taiwan,top_videos_daily,,5,https://i.ytimg.com/vi/o5EdYwk8k9o/mqdefault.jpg,[MV]GENBLUE幻藍小熊 ’夜市王 Night Market Queen‘ MV,GENBLUE 幻藍小熊,,,[MV]GENBLUE幻藍小熊 ’夜市王 Night Market Queen‘ MV GENBLUE 幻藍小熊
2026-09-03,tw,Taiwan,top_videos_daily,,6,https://i.ytimg.com/vi/jeRu6h4XbUU/mqdefault.jpg,幸福在歌唱,A-Lin,"12月 26, 2025",72194,"6 1 幸福在歌唱 A-Lin 12月 26, 2025 5 129 72,194"
2026-09-03,tw,Taiwan,top_videos_daily,,7,https://i.ytimg.com/vi/i5YRIjxyJP8/mqdefault.jpg,太陽與地球,盧廣仲,"9月 16, 2025",59943,"7 ● 太陽與地球 盧廣仲 9月 16, 2025 7 129 59,943"
2026-09-03,tw,Taiwan,top_videos_daily,,8,https://i.ytimg.com/vi/dRSZhZT6r-Y/mqdefault.jpg,沒有人像我,宇宙人,"7月 2, 2026",55735,"8 ● 沒有人像我 宇宙人 7月 2, 2026 8 59 55,735"
2026-09-03,tw,Taiwan,top_videos_daily,,9,https://i.ytimg.com/vi/3rB3n_XR23o/mqdefault.jpg,我不該動情,老闆,"7月 1, 2026",52759,"9 5 我不該動情 老板 7月 1, 2026 14 59 52,759"
2026-09-03,tw,Taiwan,top_videos_daily,,10,https://i.ytimg.com/vi/osyH9yWWygA/mqdefault.jpg,All For You,周興哲,"7月 16, 2026",51594,"10 1 All For You 周興哲 7月 16, 2026 9 47 51,594"
2026-09-03,tw,Taiwan,top_videos_daily,,11,https://i.ytimg.com/vi/mpNKrWUhcy8/mqdefault.jpg,不愛就不愛,艾薇,"12月 18, 2024",51466,"11 1 不愛就不愛 艾薇 12月 18, 2024 12 129 51,466"
2026-09-03,tw,Taiwan,top_videos_daily,,12,https://i.ytimg.com/vi/7H1ObJvb7Hc/mqdefault.jpg,【純享版】張碧晨侯明昊老友重逢卻唱盡痛心！演繹李佳薇新歌《甲乙丙丁》 深情對唱層層遞進 將遺憾與不捨唱到極致 #天賜的聲音7 EP11 20260821,天賜的聲音,,20260821,【纯享版】张碧晨侯明昊老友重逢却唱尽痛心！演绎李佳薇新歌《甲乙丙丁》 深情对唱层层递进 将遗憾与不舍唱到极致 #天赐的声音7 EP11 20260821 天赐的声音
2026-09-03,tw,Taiwan,top_videos_daily,,13,https://i.ytimg.com/vi/s466YCiHfKw/mqdefault.jpg,FALLEN ANGEL (Official Video),JENNIE,,,FALLEN ANGEL (Official Video) JENNIE
2026-09-03,tw,Taiwan,top_videos_daily,,14,https://i.ytimg.com/vi/-q_S27LbNKU/mqdefault.jpg,BAD,ATEEZ,"6月 25, 2026",48395,"14 1 BAD ATEEZ 6月 25, 2026 15 68 48,395"
2026-09-03,tw,Taiwan,top_videos_daily,,15,https://i.ytimg.com/vi/L8ZnXgbyUuc/mqdefault.jpg,BIGBANG - ‘BiiiG’ M/V,BIGBANG,,,BIGBANG - ‘BiiiG’ M/V BIGBANG
2026-09-03,tw,Taiwan,top_videos_daily,,16,https://i.ytimg.com/vi/X06y7ZuT7_Y/mqdefault.jpg,必巡,曾瑋中,"6月 27, 2022",46513,"16 1 必巡 曾瑋中 6月 27, 2022 17 129 46,513"
2026-09-03,tw,Taiwan,top_videos_daily,,17,https://i.ytimg.com/vi/p13tH7Etlzc/mqdefault.jpg,離開我的依賴,王艷薇,"2月 17, 2020",46418,"17 1 離開我的依賴 王艷薇 2月 17, 2020 16 112 46,418"
2026-09-03,tw,Taiwan,top_videos_daily,,18,https://i.ytimg.com/vi/uSDtkV3PXSA/mqdefault.jpg,GUM & DROP / 星街すいせい (official),Suisei Channel,,,GUM & DROP / 星街すいせい (official) Suisei Channel
2026-09-03,tw,Taiwan,top_videos_daily,,19,https://i.ytimg.com/vi/HYjWKX8tAy4/mqdefault.jpg,你就是我無可替代,八三夭,"8月 31, 2026",45149,"19 63 你就是我無可替代 八三夭 8月 31, 2026 82 2 45,149"
2026-09-03,tw,Taiwan,top_videos_daily,,20,https://i.ytimg.com/vi/Qe8fa4b5xNU/mqdefault.jpg,Good Goodbye,HWASA,,,Good Goodbye HWASA
2026-09-03,tw,Taiwan,top_videos_daily,,21,https://i.ytimg.com/vi/376utoTabMI/mqdefault.jpg,看著我的眼睛說,張遠 / 姚曉棠,,,看着我的眼睛说 张远 & 姚晓棠
2026-09-03,tw,Taiwan,top_videos_daily,,22,https://i.ytimg.com/vi/gN7RBHyXNFk/mqdefault.jpg,別戀,派偉俊,"8月 10, 2026",40646,"22 1 別戀 派偉俊 8月 10, 2026 21 23 40,646"
2026-09-03,tw,Taiwan,top_videos_daily,,23,https://i.ytimg.com/vi/xsBQtngzcSs/mqdefault.jpg,螺旋 - RASEN,9Lana,,,螺旋 - RASEN 9Lana
2026-09-03,tw,Taiwan,top_videos_daily,,24,https://i.ytimg.com/vi/ccviI2q9HTE/mqdefault.jpg,【影視劇ost】劉宇寧 | 她《早春晴朗》電視劇欒念人物曲&片頭曲 The Early Spring OST #井柏然 #孫千 #lyrics #早春晴朗,劇好聽,,,【影視劇ost】劉宇寧 | 她《早春晴朗》電視劇欒念人物曲&片頭曲 The Early Spring OST #井柏然 #孫千 #lyrics #早春晴朗 剧好听
2026-09-03,tw,Taiwan,top_videos_daily,,25,https://i.ytimg.com/vi/kCA93dLzKP4/mqdefault.jpg,一個人,A-Lin,"6月 11, 2026",35555,"25 ● 一個人 A-Lin 6月 11, 2026 25 82 35,555"
2026-09-03,tw,Taiwan,top_videos_daily,,26,https://i.ytimg.com/vi/sQDBYHhCvps/mqdefault.jpg,綿綿無絕期,黃奇斌,"7月 10, 2026",33877,"26 2 綿綿無絕期 黃奇斌 7月 10, 2026 24 54 33,877"
2026-09-03,tw,Taiwan,top_videos_daily,,27,https://i.ytimg.com/vi/WkWkGrcyCzw/mqdefault.jpg,洪佩瑜 Pei-Yu Hung〈再見的時候 Till We Meet Again〉Official Music Video - 電影《陽光女子合唱團》再見版主題曲,何樂音樂 PQP MUSIC,,,洪佩瑜 Pei-Yu Hung〈再見的時候 Till We Meet Again〉Official Music Video - 電影《陽光女子合唱團》再見版主題曲 何樂音樂 PQP MUSIC
2026-09-03,tw,Taiwan,top_videos_daily,,28,https://i.ytimg.com/vi/83C3TZ4Zm_o/mqdefault.jpg,LEMONADE,aespa,"5月 28, 2026",33496,"28 ● LEMONADE aespa 5月 28, 2026 28 96 33,496"
2026-09-03,tw,Taiwan,top_videos_daily,,29,https://i.ytimg.com/vi/0Vri50xDo7U/mqdefault.jpg,汪蘇瀧 Silence Wang x 莫文蔚 Karen Mok［陰天］明日世界 Official Stage Video,汪蘇瀧,,,汪苏泷 Silence Wang x 莫文蔚 Karen Mok［阴天］明日世界 Official Stage Video 汪蘇瀧
2026-09-03,tw,Taiwan,top_videos_daily,,30,https://i.ytimg.com/vi/9cS2wv6AfHk/mqdefault.jpg,I LIKE IT,BABYMONSTER,,,I LIKE IT BABYMONSTER
2026-09-03,tw,Taiwan,top_videos_daily,,31,https://i.ytimg.com/vi/eB-IK2wPWzw/mqdefault.jpg,ATEEZ(에이티즈) - 'BAD' Performance Stage (@The Kelly Clarkson Show),ATEEZ,,,ATEEZ(에이티즈) - 'BAD' Performance Stage (@The Kelly Clarkson Show) ATEEZ
2026-09-03,tw,Taiwan,top_videos_daily,,32,https://i.ytimg.com/vi/x3eqqoZPV_E/mqdefault.jpg,춤 (CHOOM),BABYMONSTER,,,춤 (CHOOM) BABYMONSTER
2026-09-03,tw,Taiwan,top_videos_daily,,33,https://i.ytimg.com/vi/hxcby8nz-YU/mqdefault.jpg,ALL(H)OURS (올아워즈) ‘HOP’ Official M/V,ALL(H)OURS,,,ALL(H)OURS (올아워즈) ‘HOP’ Official M/V ALL(H)OURS
2026-09-03,tw,Taiwan,top_videos_daily,,34,https://i.ytimg.com/vi/AzCZUmpUchA/mqdefault.jpg,CHTHONIC閃靈【南門町 Näin Määrättiin】Music Video,閃靈樂團,,,CHTHONIC閃靈【南門町 Näin Määrättiin】Music Video 閃靈樂團
2026-09-03,tw,Taiwan,top_videos_daily,,35,https://i.ytimg.com/vi/yebNIHKAC4A/mqdefault.jpg,Golden,HUNTR/X / EJAE / AUDREY NUNA / REI AMI / KPop Demon Hunters Cast,,,"Golden HUNTR/X , EJAE , AUDREY NUNA , REI AMI & KPop Demon Hunters Cast"
2026-09-03,tw,Taiwan,top_videos_daily,,36,https://i.ytimg.com/vi/yjVe33q_NxE/mqdefault.jpg,李佳薇 《甲乙丙丁》臺語版 [Cover by 林吟蔚 Yinwei Lin] Full Official Version,林吟蔚,,,李佳薇 《甲乙丙丁》台語版 [Cover by 林吟蔚 Yinwei Lin] Full Official Version 林吟蔚
2026-09-03,tw,Taiwan,top_videos_daily,,37,https://i.ytimg.com/vi/YWsczzufh6Q/mqdefault.jpg,"Felix ""Slow It Down"" | [Stray Kids : SKZ-PLAYER]",Stray Kids,,,"Felix ""Slow It Down"" | [Stray Kids : SKZ-PLAYER] Stray Kids"
2026-09-03,tw,Taiwan,top_videos_daily,,38,https://i.ytimg.com/vi/naoGk-Zjc1s/mqdefault.jpg,SUGAR HONEY ICE TEA,BABYMONSTER,,,SUGAR HONEY ICE TEA BABYMONSTER
2026-09-03,tw,Taiwan,top_videos_daily,,39,https://i.ytimg.com/vi/bMhDJ0S0OBA/mqdefault.jpg,It's Me,ILLIT,"4月 30, 2026",28331,"39 7 It's Me ILLIT 4月 30, 2026 32 125 28,331"
2026-09-03,tw,Taiwan,top_videos_daily,,40,https://i.ytimg.com/vi/_G3Nu8q9Z9s/mqdefault.jpg,嘉賓,張遠,"6月 12, 2026",27243,"40 7 嘉宾 张远 6月 12, 2026 33 54 27,243"
2026-09-03,tw,Taiwan,top_videos_daily,,41,https://i.ytimg.com/vi/WbNC7Kxmzqk/mqdefault.jpg,艾薇Ivy〈請你停一停 Let me go〉Official Music Video,艾薇,,,艾薇Ivy〈請你停一停 Let me go〉Official Music Video 艾薇
2026-09-03,tw,Taiwan,top_videos_daily,,42,https://i.ytimg.com/vi/_cTAlxWtmS4/mqdefault.jpg,如果我很平庸,陳華,"6月 5, 2026",26519,"42 3 如果我很平庸 陳華 6月 5, 2026 39 88 26,519"
2026-09-03,tw,Taiwan,top_videos_daily,,43,https://i.ytimg.com/vi/Y-nc2fmn9ls/mqdefault.jpg,吳青峰〈晴天娃娃〉Official MV（影集《接招吧！製作人》主題曲）,吳青峰,,,吳青峰〈晴天娃娃〉Official MV（影集《接招吧！製作人》主題曲） 吳青峰
2026-09-03,tw,Taiwan,top_videos_daily,,44,https://i.ytimg.com/vi/or6VC0FkOOw/mqdefault.jpg,"【MV】Here Comes the CHADCAST - (Mori Calliope, IRyS, Hakos Baelz)",Mori Calliope,,,"【MV】Here Comes the CHADCAST - (Mori Calliope, IRyS, Hakos Baelz) Mori Calliope"
2026-09-03,tw,Taiwan,top_videos_daily,,45,https://i.ytimg.com/vi/BFAuO-mrhcA/mqdefault.jpg,有你有我,玖壹壹,"6月 16, 2026",25072,"45 1 有你有我 玖壹壹 6月 16, 2026 46 77 25,072"
2026-09-03,tw,Taiwan,top_videos_daily,,46,https://i.ytimg.com/vi/IZCOFJU8Xng/mqdefault.jpg,Endless Tears (Love Is a Beautiful Pain) - Advanced Piano Solo｜SLSMusic,SLSMusic,,,Endless Tears (Love Is a Beautiful Pain) - Advanced Piano Solo｜SLSMusic SLSMusic
2026-09-03,tw,Taiwan,top_videos_daily,,47,https://i.ytimg.com/vi/YTeFLKMnwjg/mqdefault.jpg,[Special Clip] 윈터 (WINTER) - 여름의 속도 (Speed of Summer) | 딩고뮤직 | dingo Music,딩고 뮤직 / dingo music,,,[Special Clip] 윈터 (WINTER) - 여름의 속도 (Speed of Summer) | 딩고뮤직 | dingo Music 딩고 뮤직 / dingo music
2026-09-03,tw,Taiwan,top_videos_daily,,48,https://i.ytimg.com/vi/ZIvWrKYdMQE/mqdefault.jpg,浪人的…,張震嶽,"5月 13, 2025",23680,"48 3 浪人的… 張震嶽 5月 13, 2025 45 72 23,680"
2026-09-03,tw,Taiwan,top_videos_daily,,49,https://i.ytimg.com/vi/zlAjS20q9pE/mqdefault.jpg,空心 (Live),黃霄雲 / 劉端端,,,空心 (Live) 黃霄雲 & 刘端端
2026-09-03,tw,Taiwan,top_videos_daily,,50,https://i.ytimg.com/vi/0xlNP3tKfa4/mqdefault.jpg,Marz23 x 藥師寺寬邦 Kanho Yakushiji【觀自在 Avalokiteśvara Remix】Official Music Video,林志融,,,Marz23 x 藥師寺寬邦 Kanho Yakushiji【觀自在 Avalokiteśvara Remix】Official Music Video 林志融
2026-09-03,tw,Taiwan,top_videos_daily,,51,https://i.ytimg.com/vi/qjKuHtrHkLg/mqdefault.jpg,重逢,林琇琪,"8月 5, 2026",22586,"51 1 重逢 林琇琪 8月 5, 2026 50 27 22,586"
2026-09-03,tw,Taiwan,top_videos_daily,,52,https://i.ytimg.com/vi/0Wfy_RPv6y0/mqdefault.jpg,理想混蛋 Bestards × 高爾宣 OSN【一樣會愛上你 Ten Thousand Times Over】Official Music Video,理想混蛋 Bestards,,,理想混蛋 Bestards × 高爾宣 OSN【一樣會愛上你 Ten Thousand Times Over】Official Music Video 理想混蛋 Bestards
2026-09-03,tw,Taiwan,top_videos_daily,,53,https://i.ytimg.com/vi/Sv2hV3j2WWg/mqdefault.jpg,周興哲Eric Chou《殼》- HBO原創影集《來！金來號！》片尾曲 Official Music Video,周興哲,,,周興哲Eric Chou《殼》- HBO原創影集《來！金來號！》片尾曲 Official Music Video 周興哲
2026-09-03,tw,Taiwan,top_videos_daily,,54,https://i.ytimg.com/vi/IwxkGdhkAGU/mqdefault.jpg,Soft Lipa - 給我一點時間 Official Music Video,蛋堡,,,Soft Lipa - 給我一點時間 Official Music Video 蛋堡
2026-09-03,tw,Taiwan,top_videos_daily,,55,https://i.ytimg.com/vi/tkwD6DLp62k/mqdefault.jpg,我甘願重新愛過,玖壹壹,"5月 20, 2026",21942,"55 2 我甘願重新愛過 玖壹壹 5月 20, 2026 53 105 21,942"
2026-09-03,tw,Taiwan,top_videos_daily,,56,https://i.ytimg.com/vi/lHjqIe9XMCE/mqdefault.jpg,李婷雪 - 你不該權衡利弊『你不該權衡利弊 衡量我的真心，畢竟我從未對你有過虛情假意。』【高音質HD|動態歌詞Lyrics】♫,4K Music Make,,,李婷雪 - 你不該權衡利弊『你不該權衡利弊 衡量我的真心，畢竟我從未對你有過虛情假意。』【高音質HD|動態歌詞Lyrics】♫ 4K Music Make
2026-09-03,tw,Taiwan,top_videos_daily,,57,https://i.ytimg.com/vi/GWO5pqEy-X0/mqdefault.jpg,陳華Hua Chen【陪你到這 I’ll Go This Far】Official MV,陳華,,,陳華Hua Chen【陪你到這 I’ll Go This Far】Official MV 陳華
2026-09-03,tw,Taiwan,top_videos_daily,,58,https://i.ytimg.com/vi/dbP_Gn5t4Y8/mqdefault.jpg,【MV首播】蕭玉芬 - 愛情是鹹酸甜 (官方完整版MV) HD【三立八點檔『 針線緣』金曲片尾】,豪記唱片 HCM Music,,,【MV首播】蕭玉芬 - 愛情是鹹酸甜 (官方完整版MV) HD【三立八點檔『 針線緣』金曲片尾】 豪記唱片 HCM Music
2026-09-03,tw,Taiwan,top_videos_daily,,59,https://i.ytimg.com/vi/GnSaLQTrvt0/mqdefault.jpg,Good Goodbye,HWASA,,,Good Goodbye HWASA
2026-09-03,tw,Taiwan,top_videos_daily,,60,https://i.ytimg.com/vi/uIWypArI73w/mqdefault.jpg,不能說的秘密,周杰倫,"6月 11, 2013",19807,"60 4 不能說的秘密 周杰倫 6月 11, 2013 64 6 19,807"
2026-09-03,tw,Taiwan,top_videos_daily,,61,https://i.ytimg.com/vi/29YfAvn3QXo/mqdefault.jpg,鼓鼓 呂思緯 GBOYSWAG [ 警戒線 The Red Line ] Official Music Video,鼓鼓 呂思緯,,,鼓鼓 呂思緯 GBOYSWAG [ 警戒線 The Red Line ] Official Music Video 鼓鼓 呂思緯
2026-09-03,tw,Taiwan,top_videos_daily,,62,https://i.ytimg.com/vi/FB5-rPa5wBA/mqdefault.jpg,玻璃,Gareth.T,"5月 20, 2026",19689,"62 3 玻璃 Gareth.T 5月 20, 2026 59 104 19,689"
2026-09-03,tw,Taiwan,top_videos_daily,,63,https://i.ytimg.com/vi/ts7-qWkpKYA/mqdefault.jpg,CHUNG HA 청하 | Digital Single [México] Music Video,CHUNG HA 청하,,,CHUNG HA 청하 | Digital Single [México] Music Video CHUNG HA 청하
2026-09-03,tw,Taiwan,top_videos_daily,,64,https://i.ytimg.com/vi/BjFX1eugZ-Y/mqdefault.jpg,Blingy,NCT 127,"8月 24, 2026",19489,"64 2 Blingy NCT 127 8月 24, 2026 66 4 19,489"
2026-09-03,tw,Taiwan,top_videos_daily,,65,https://i.ytimg.com/vi/B5u8JiGVI_k/mqdefault.jpg,BIGBANG - ‘BiiiG’ DANCE PRACTICE,BIGBANG,,,BIGBANG - ‘BiiiG’ DANCE PRACTICE BIGBANG
2026-09-03,tw,Taiwan,top_videos_daily,,66,https://i.ytimg.com/vi/xXZwZ0DolJc/mqdefault.jpg,MOON,BABYMONSTER,,,MOON BABYMONSTER
2026-09-03,tw,Taiwan,top_videos_daily,,67,https://i.ytimg.com/vi/MzupyjOkhdE/mqdefault.jpg,韋德WADE ＆齊翔XIANG【語音鈴聲】Official Music Video,韋德WADE,,,韋德WADE ＆齊翔XIANG【語音鈴聲】Official Music Video 韋德WADE
2026-09-03,tw,Taiwan,top_videos_daily,,68,https://i.ytimg.com/vi/15cnAQTqUdE/mqdefault.jpg,光良 Michael《天使 Angel》官方 Official 完整版 MV,光良,,,光良 Michael《天使 Angel》官方 Official 完整版 MV 光良
2026-09-03,tw,Taiwan,top_videos_daily,,69,https://i.ytimg.com/vi/q4TWrmwiufo/mqdefault.jpg,TAEMIN (태민) - 'FLOAT' Official MV,태민 (TAEMIN),,,TAEMIN (태민) - 'FLOAT' Official MV 태민 (TAEMIN)
2026-09-03,tw,Taiwan,top_videos_daily,,70,https://i.ytimg.com/vi/3DcoC8p9az8/mqdefault.jpg,Training Season (Live),Dua Lipa,,,Training Season (Live) Dua Lipa
2026-09-03,tw,Taiwan,top_videos_daily,,71,https://i.ytimg.com/vi/ApXoWvfEYVU/mqdefault.jpg,Sunflower,Post Malone / Swae Lee,,,Sunflower Post Malone & Swae Lee
2026-09-03,tw,Taiwan,top_videos_daily,,72,https://i.ytimg.com/vi/mcJB9H0Nvbc/mqdefault.jpg,繞路,A-Lin,"4月 29, 2026",16956,"72 7 繞路 A-Lin 4月 29, 2026 79 115 16,956"
2026-09-03,tw,Taiwan,top_videos_daily,,73,https://i.ytimg.com/vi/1jKnI_ib8c8/mqdefault.jpg,Motto,ITZY,"5月 18, 2026",16946,"73 1 Motto ITZY 5月 18, 2026 74 21 16,946"
2026-09-03,tw,Taiwan,top_videos_daily,,74,https://i.ytimg.com/vi/PIgH3PeeY6g/mqdefault.jpg,你咁擱愛我,林琇琪 / 沈建豪,"7月 16, 2026",16261,"74 3 你咁擱愛我 林琇琪 & 沈建豪 7月 16, 2026 77 46 16,261"
2026-09-03,tw,Taiwan,top_videos_daily,,75,https://i.ytimg.com/vi/20nnYQ_24XQ/mqdefault.jpg,TAEMIN (태민) - 'Gooey' Performance Video,태민 (TAEMIN),,,TAEMIN (태민) - 'Gooey' Performance Video 태민 (TAEMIN)
2026-09-03,tw,Taiwan,top_videos_daily,,76,https://i.ytimg.com/vi/6Ycn9qZK09I/mqdefault.jpg,Heavy Serenade,NMIXX,,,Heavy Serenade NMIXX
2026-09-03,tw,Taiwan,top_videos_daily,,77,https://i.ytimg.com/vi/xHsSWiLsIRY/mqdefault.jpg,背叛,曹格,"4月 9, 2012",15548,"77 77 背叛 曹格 4月 9, 2012 - 28 15,548"
2026-09-03,tw,Taiwan,top_videos_daily,,78,https://i.ytimg.com/vi/MvfbHsG4b0A/mqdefault.jpg,我是如此相信｜抒情R&B｜深情對唱｜原來愛如此的動聽,格雷樂團-Grey,,,我是如此相信｜抒情R&B｜深情對唱｜原來愛如此的動聽 格雷乐团-Grey
2026-09-03,tw,Taiwan,top_videos_daily,,79,https://i.ytimg.com/vi/_Xi_bJS_9wc/mqdefault.jpg,假如當初,李發發,"7月 13, 2026",15079,"79 4 假如當初 李发发 7月 13, 2026 83 8 15,079"
2026-09-03,tw,Taiwan,top_videos_daily,,80,https://i.ytimg.com/vi/Jf-0DeVIBl8/mqdefault.jpg,情話摻沙,翁立友(WENG LI YOU),,,情話摻沙 翁立友(WENG LI YOU)
2026-09-03,tw,Taiwan,top_videos_daily,,81,https://i.ytimg.com/vi/rD2IXdpwmkc/mqdefault.jpg,租購,薛之謙,"3月 20, 2025",14756,"81 ● 租购 薛之謙 3月 20, 2025 81 50 14,756"
2026-09-03,tw,Taiwan,top_videos_daily,,82,https://i.ytimg.com/vi/48dVMEuaN8g/mqdefault.jpg,【影視劇ost】袁婭維TIA RAY | 此刻《早春晴朗》電視劇情深限定曲&片尾曲 The Early Spring OST #井柏然 #孫千 #lyrics #早春晴朗,劇好聽,,,【影視劇ost】袁婭維TIA RAY | 此刻《早春晴朗》電視劇情深限定曲&片尾曲 The Early Spring OST #井柏然 #孫千 #lyrics #早春晴朗 剧好听
2026-09-03,tw,Taiwan,top_videos_daily,,83,https://i.ytimg.com/vi/_IT83Y_HcAw/mqdefault.jpg,Less than a Lover,JENNIE,,,Less than a Lover JENNIE
2026-09-03,tw,Taiwan,top_videos_daily,,84,https://i.ytimg.com/vi/zqEcZngO90E/mqdefault.jpg,C.Holly X DJ SODA -【花心大蘿蔔】Official Music Video,C.Holly,,,C.Holly X DJ SODA -【花心大蘿蔔】Official Music Video C.Holly
2026-09-03,tw,Taiwan,top_videos_daily,,85,https://i.ytimg.com/vi/qI-shl9nQYU/mqdefault.jpg,"【魚花】""Hî-Hue"" Official MV - 蔡佩軒 Ariel Tsai",蔡佩軒 Ariel Tsai,,,"【魚花】""Hî-Hue"" Official MV - 蔡佩軒 Ariel Tsai 蔡佩軒 Ariel Tsai"
2026-09-03,tw,Taiwan,top_videos_daily,,86,https://i.ytimg.com/vi/6CqeGHXXioU/mqdefault.jpg,FARMING,Stray Kids,,,FARMING Stray Kids
2026-09-03,tw,Taiwan,top_videos_daily,,87,https://i.ytimg.com/vi/15dxI9BPxa4/mqdefault.jpg,最後一頁 (Live),王赫野 / 姚曉棠,,,最后一页 (Live) 王赫野 & 姚晓棠
2026-09-03,tw,Taiwan,top_videos_daily,,88,https://i.ytimg.com/vi/82-jTNka3uc/mqdefault.jpg,hate that i made you love me,Ariana Grande,,,hate that i made you love me Ariana Grande
2026-09-03,tw,Taiwan,top_videos_daily,,89,https://i.ytimg.com/vi/wIgduzASI6A/mqdefault.jpg,I Do,周杰倫,"4月 1, 2026",13383,"89 9 I Do 周杰倫 4月 1, 2026 80 115 13,383"
2026-09-03,tw,Taiwan,top_videos_daily,,90,https://i.ytimg.com/vi/BZ4UzthYTss/mqdefault.jpg,This & That,Stray Kids,,,This & That Stray Kids
2026-09-03,tw,Taiwan,top_videos_daily,,91,https://i.ytimg.com/vi/cnxn0hhShxM/mqdefault.jpg,"Cosmos People 宇宙人 [ 像狗一樣 Chase, Stop, Lie Down ] Special Video | 影集《欠妳的那場婚禮》插曲",宇宙人,,,"Cosmos People 宇宙人 [ 像狗一樣 Chase, Stop, Lie Down ] Special Video | 影集《欠妳的那場婚禮》插曲 宇宙人"
2026-09-03,tw,Taiwan,top_videos_daily,,92,https://i.ytimg.com/vi/PxlEm_nUBho/mqdefault.jpg,キラメキMODE！ feat. 響咲リオナ - KIRAMEKI MODE! feat. Isaki Riona,時乃空,,,キラメキMODE！ feat. 響咲リオナ - KIRAMEKI MODE! feat. Isaki Riona 時乃空
2026-09-03,tw,Taiwan,top_videos_daily,,93,https://i.ytimg.com/vi/U6BDbXIah-Y/mqdefault.jpg,REDRED,CORTIS,"4月 20, 2026",12898,"93 5 REDRED CORTIS 4月 20, 2026 98 119 12,898"
2026-09-03,tw,Taiwan,top_videos_daily,,94,https://i.ytimg.com/vi/3_NaI0FrSY4/mqdefault.jpg,【MV】鏡の前でキスをしろ。 / 不破湊,Fuwa Minato,,,【MV】鏡の前でキスをしろ。 / 不破湊 Fuwa Minato
2026-09-03,tw,Taiwan,top_videos_daily,,95,https://i.ytimg.com/vi/aRiVUVNUhIs/mqdefault.jpg,なんもねえ - Nannmonee,Wasureranneyo,,,なんもねえ - Nannmonee Wasureranneyo
2026-09-03,tw,Taiwan,top_videos_daily,,96,https://i.ytimg.com/vi/yLM6PcfD-_Y/mqdefault.jpg,millsage「everscape」【Official Music Video】,millsage,,,millsage「everscape」【Official Music Video】 millsage
2026-09-03,tw,Taiwan,top_videos_daily,,97,https://i.ytimg.com/vi/_gyultVTesk/mqdefault.jpg,2.0,防彈少年團,"4月 1, 2026",12271,"97 97 2.0 防彈少年團 4月 1, 2026 - 103 12,271"
2026-09-03,tw,Taiwan,top_videos_daily,,98,https://i.ytimg.com/vi/6lN51mwvuA8/mqdefault.jpg,Gg Ez,M.Sasuke,"5月 30, 2026",12269,"98 7 Gg Ez M.Sasuke 5月 30, 2026 91 61 12,269"
2026-09-03,tw,Taiwan,top_videos_daily,,99,https://i.ytimg.com/vi/vaidTAWrF7k/mqdefault.jpg,用情太深,謝金晶 / 吳俊宏,"6月 24, 2026",12262,"99 99 用情太深 謝金晶 & 吳俊宏 6月 24, 2026 - 18 12,262"
2026-09-03,tw,Taiwan,top_videos_daily,,100,https://i.ytimg.com/vi/bmhXEak08eU/mqdefault.jpg,心肝的刺,林琇琪,"8月 24, 2026",12194,"100 13 心肝的刺 林琇琪 8月 24, 2026 87 7 12,194"
2026-09-03,jp,Japan,top_videos_daily,,1,https://i.ytimg.com/vi/mgFUz_c4ToM/mqdefault.jpg,日向坂46『イチャイチャ蟲』MUSIC VIDEO,日向坂46,,,日向坂46『イチャイチャ虫』MUSIC VIDEO 日向坂46
2026-09-03,jp,Japan,top_videos_daily,,2,https://i.ytimg.com/vi/57V50MOYeno/mqdefault.jpg,KEY TO LIT【Never Fade Love】Arena Tour 2026 NEO CLASSICSより,ジュニアCHANNEL,,2026,KEY TO LIT【Never Fade Love】Arena Tour 2026 NEO CLASSICSより ジュニアCHANNEL
2026-09-03,jp,Japan,top_videos_daily,,3,https://i.ytimg.com/vi/3_NaI0FrSY4/mqdefault.jpg,【MV】鏡の前でキスをしろ。 / 不破湊,Fuwa Minato,,,【MV】鏡の前でキスをしろ。 / 不破湊 Fuwa Minato
2026-09-03,jp,Japan,top_videos_daily,,4,https://i.ytimg.com/vi/HHv5RZpvbV4/mqdefault.jpg,show time...,Snow Man,,,show time... Snow Man
2026-09-03,jp,Japan,top_videos_daily,,5,https://i.ytimg.com/vi/IYAghY0-QvA/mqdefault.jpg,田園/玉置浩二 Covered by 舞元啟介＆ジョー・力一【舞元力一】,Joe Rikiichi,,,田園/玉置浩二 Covered by 舞元啓介＆ジョー・力一【舞元力一】 Joe Rikiichi
2026-09-03,jp,Japan,top_videos_daily,,6,https://i.ytimg.com/vi/Zlvi1XhyPSk/mqdefault.jpg,King & Prince「So Honey」MV,King & Prince,,,King & Prince「So Honey」MV King & Prince
2026-09-03,jp,Japan,top_videos_daily,,7,https://i.ytimg.com/vi/dePs7UPp6GQ/mqdefault.jpg,Brand New,Mrs. GREEN APPLE,,,Brand New Mrs. GREEN APPLE
2026-09-03,jp,Japan,top_videos_daily,,8,https://i.ytimg.com/vi/7VqCdhFGE78/mqdefault.jpg,罪と罰と雨とキス (佐野勇鬥&吉田仁人),M!LK,,,罪と罰と雨とキス (佐野勇斗&吉田仁人) M!LK
2026-09-03,jp,Japan,top_videos_daily,,9,https://i.ytimg.com/vi/GlsmJsqXfcI/mqdefault.jpg,Yes! 東京,EBiDAN Ebisu Gakuen Boys Club,,,Yes! 東京 EBiDAN Ebisu Gakuen Boys Club
2026-09-03,jp,Japan,top_videos_daily,,10,https://i.ytimg.com/vi/EUCRNhQlKYc/mqdefault.jpg,Motoki Ohmori -「灰色」Official MV,Motoki Ohmori,,,Motoki Ohmori -「灰色」Official MV Motoki Ohmori
2026-09-03,jp,Japan,top_videos_daily,,11,https://i.ytimg.com/vi/3C0EOqt7sqA/mqdefault.jpg,You!Joy!Parade!,M!LK,,,You!Joy!Parade! M!LK
2026-09-03,jp,Japan,top_videos_daily,,12,https://i.ytimg.com/vi/KsHKaP50FBE/mqdefault.jpg,Yes! 東京 (Instrumental),EBiDAN Ebisu Gakuen Boys Club,,,Yes! 東京 (Instrumental) EBiDAN Ebisu Gakuen Boys Club
2026-09-03,jp,Japan,top_videos_daily,,13,https://i.ytimg.com/vi/ZVUxJsPfoX8/mqdefault.jpg,好きすぎて滅！,M!LK,"10月 27, 2025",300492,"13 2 好きすぎて滅！ M!LK 10月 27, 2025 11 310 300,492"
2026-09-03,jp,Japan,top_videos_daily,,14,https://i.ytimg.com/vi/g-Ue3Vjgxc0/mqdefault.jpg,開演前に客席から亂入して常識外れなクラシックを弾こうとする男に會場が大パニック…【月光第3楽章、ノクターン、木星】,Keichan,,,開演前に客席から乱入して常識外れなクラシックを弾こうとする男に会場が大パニック…【月光第3楽章、ノクターン、木星】 Keichan
2026-09-03,jp,Japan,top_videos_daily,,15,https://i.ytimg.com/vi/sBAv1wx4ghE/mqdefault.jpg,見知らぬ糸 - Unknown Thread,SPITZ,,,見知らぬ糸 - Unknown Thread SPITZ
2026-09-03,jp,Japan,top_videos_daily,,16,https://i.ytimg.com/vi/bMhDJ0S0OBA/mqdefault.jpg,It's Me,ILLIT,"4月 30, 2026",276318,"16 6 It's Me ILLIT 4月 30, 2026 10 125 276,318"
2026-09-03,jp,Japan,top_videos_daily,,17,https://i.ytimg.com/vi/hUEj3J4xHPU/mqdefault.jpg,Do As Infinity - 陽のあたる坂道 / THE FIRST TAKE,THE FIRST TAKE,,,Do As Infinity - 陽のあたる坂道 / THE FIRST TAKE THE FIRST TAKE
2026-09-03,jp,Japan,top_videos_daily,,18,https://i.ytimg.com/vi/uSDtkV3PXSA/mqdefault.jpg,GUM & DROP / 星街すいせい (official),Suisei Channel,,,GUM & DROP / 星街すいせい (official) Suisei Channel
2026-09-03,jp,Japan,top_videos_daily,,19,https://i.ytimg.com/vi/MePfySTuk_E/mqdefault.jpg,なにわ男子 - Moonlit [なにわ男子 LIVE TOUR 2026 「ND⁵」],Naniwa Danshi,,2026,なにわ男子 - Moonlit [なにわ男子 LIVE TOUR 2026 「ND⁵」] Naniwa Danshi
2026-09-03,jp,Japan,top_videos_daily,,20,https://i.ytimg.com/vi/rXB_AC4KwWo/mqdefault.jpg,"BRUCE WAYNE feat. Flo Milli, ATL Jacob",BE:FIRST,,,"BRUCE WAYNE feat. Flo Milli, ATL Jacob BE:FIRST"
2026-09-03,jp,Japan,top_videos_daily,,21,https://i.ytimg.com/vi/CjXemr360js/mqdefault.jpg,covered by 音ノ乃のの＆音ノ瀬らこ,NononoNono,,,？？？ covered by 音ノ乃のの＆音ノ瀬らこ NononoNono
2026-09-03,jp,Japan,top_videos_daily,,22,https://i.ytimg.com/vi/75MEFldsJKc/mqdefault.jpg,KO1KEYZ(コイキーズ)｜ 'KO1KEYZ' Official MV,KO1KEYZ,,,KO1KEYZ(コイキーズ)｜ 'KO1KEYZ' Official MV KO1KEYZ
2026-09-03,jp,Japan,top_videos_daily,,23,https://i.ytimg.com/vi/LmZD-TU96q4/mqdefault.jpg,IRIS OUT,米津玄師,"9月 15, 2025",201611,"23 2 IRIS OUT 米津玄師 9月 15, 2025 21 352 201,611"
2026-09-03,jp,Japan,top_videos_daily,,24,https://i.ytimg.com/vi/YM_YU8HVpWM/mqdefault.jpg,エアロピクルス,KomeAnime,,,エアロピクルス KomeAnime
2026-09-03,jp,Japan,top_videos_daily,,25,https://i.ytimg.com/vi/3lOsboT-IWU/mqdefault.jpg,マイオンリー,SixTONES,"7月 17, 2026",198310,"25 7 マイオンリー SixTONES 7月 17, 2026 18 47 198,310"
2026-09-03,jp,Japan,top_videos_daily,,26,https://i.ytimg.com/vi/aRiVUVNUhIs/mqdefault.jpg,なんもねえ - Nannmonee,Wasureranneyo,,,なんもねえ - Nannmonee Wasureranneyo
2026-09-03,jp,Japan,top_videos_daily,,27,https://i.ytimg.com/vi/2I25AFSBm2g/mqdefault.jpg,夜の踴り子,魚韻,"9月 26, 2015",179455,"27 1 夜の踊り子 魚韻 9月 26, 2015 28 143 179,455"
2026-09-03,jp,Japan,top_videos_daily,,28,https://i.ytimg.com/vi/X8bZQeqCuW4/mqdefault.jpg,明日も - Ashitamo,SHISHAMO,,,明日も - Ashitamo SHISHAMO
2026-09-03,jp,Japan,top_videos_daily,,29,https://i.ytimg.com/vi/Lz24PqZkF2s/mqdefault.jpg,HOT LIMIT,T.M.Revolution,,,HOT LIMIT T.M.Revolution
2026-09-03,jp,Japan,top_videos_daily,,30,https://i.ytimg.com/vi/qFhspt7zsXg/mqdefault.jpg,BUGS LIFE,Number_i,,,BUGS LIFE Number_i
2026-09-03,jp,Japan,top_videos_daily,,31,https://i.ytimg.com/vi/oAwzFFEYm38/mqdefault.jpg,Girls' Generation-HRS 소녀시대-효리수 'Skibidi' Performance Video,SMTOWN,,,Girls' Generation-HRS 소녀시대-효리수 'Skibidi' Performance Video SMTOWN
2026-09-03,jp,Japan,top_videos_daily,,32,https://i.ytimg.com/vi/kcXKLaLNqww/mqdefault.jpg,しおざきわんだーらんど,M!LK,,,しおざきわんだーらんど M!LK
2026-09-03,jp,Japan,top_videos_daily,,33,https://i.ytimg.com/vi/s466YCiHfKw/mqdefault.jpg,FALLEN ANGEL (Official Video),JENNIE,,,FALLEN ANGEL (Official Video) JENNIE
2026-09-03,jp,Japan,top_videos_daily,,34,https://i.ytimg.com/vi/YjPMupS1Lg4/mqdefault.jpg,烏,米津玄師,"6月 18, 2026",164412,"34 3 烏 米津玄師 6月 18, 2026 31 76 164,412"
2026-09-03,jp,Japan,top_videos_daily,,35,https://i.ytimg.com/vi/Xc8EAOA_R9Y/mqdefault.jpg,サンクチュアリ / 初音ミク - 39tuary,Satsuki,,,サンクチュアリ / 初音ミク - 39tuary Satsuki
2026-09-03,jp,Japan,top_videos_daily,,36,https://i.ytimg.com/vi/L9opVTP6vZg/mqdefault.jpg,FUMINORI (BUDDiiS) - Yes! 東京 [BUDDiiS FUMINORI ver.] -HIGHLIGHT Remix- / HIGHLIGHT,THE FIRST TAKE,,,FUMINORI (BUDDiiS) - Yes! 東京 [BUDDiiS FUMINORI ver.] -HIGHLIGHT Remix- / HIGHLIGHT THE FIRST TAKE
2026-09-03,jp,Japan,top_videos_daily,,37,https://i.ytimg.com/vi/wymZugD0pXw/mqdefault.jpg,【デビュー20週年SP企畫】「Garden」May J.×優裡×川崎鷹也,May J.,,,【デビュー20周年SP企画】「Garden」May J.×優里×川崎鷹也 May J.
2026-09-03,jp,Japan,top_videos_daily,,38,https://i.ytimg.com/vi/BDUItFbK_U4/mqdefault.jpg,FictionJunction 「彼方」(『劇場版 魔法少女まどか☆マギカ 〈ワルプルギスの廻天〉』主題歌) Music Video,FictionJunction,,,FictionJunction 「彼方」(『劇場版 魔法少女まどか☆マギカ 〈ワルプルギスの廻天〉』主題歌) Music Video FictionJunction
2026-09-03,jp,Japan,top_videos_daily,,39,https://i.ytimg.com/vi/y07T1sYiPVY/mqdefault.jpg,爆裂愛してる - Bakuretsu Aishiteru,M!LK,,,爆裂愛してる - Bakuretsu Aishiteru M!LK
2026-09-03,jp,Japan,top_videos_daily,,40,https://i.ytimg.com/vi/WzG4uF_afwE/mqdefault.jpg,3XL,Number_i,"1月 28, 2026",146172,"40 40 3XL Number_i 1月 28, 2026 - 161 146,172"
2026-09-03,jp,Japan,top_videos_daily,,41,https://i.ytimg.com/vi/MjeiIal1ZR0/mqdefault.jpg,lulu.,Mrs. GREEN APPLE,,,lulu. Mrs. GREEN APPLE
2026-09-03,jp,Japan,top_videos_daily,,42,https://i.ytimg.com/vi/2sKrO1oFQHg/mqdefault.jpg,Yes! 東京 (Instrumental),EBiDAN Ebisu Gakuen Boys Club,,,Yes! 東京 (Instrumental) EBiDAN Ebisu Gakuen Boys Club
2026-09-03,jp,Japan,top_videos_daily,,43,https://i.ytimg.com/vi/QwptBhqOYJQ/mqdefault.jpg,BPM,Kvi Baba,"8月 29, 2026",136609,"43 14 BPM Kvi Baba 8月 29, 2026 29 3 136,609"
2026-09-03,jp,Japan,top_videos_daily,,44,https://i.ytimg.com/vi/nPpMou3jno4/mqdefault.jpg,點描の唄 / 戌亥とこ × 甲斐田晴 (cover) 【歌ってみた】,Kaida Haru,,,点描の唄 / 戌亥とこ × 甲斐田晴 (cover) 【歌ってみた】 Kaida Haru
2026-09-03,jp,Japan,top_videos_daily,,45,https://i.ytimg.com/vi/B99WuUkn0tg/mqdefault.jpg,Dance Forever,SixTONES,,,Dance Forever SixTONES
2026-09-03,jp,Japan,top_videos_daily,,46,https://i.ytimg.com/vi/4R9Cze8c55g/mqdefault.jpg,ティラリラ☆スターチューン - Tira-Lira Star Tune,Yumeminana,,,ティラリラ☆スターチューン - Tira-Lira Star Tune Yumeminana
2026-09-03,jp,Japan,top_videos_daily,,47,https://i.ytimg.com/vi/49xuoRZiLZ4/mqdefault.jpg,エアロピクルス,KomeAnime,,,エアロピクルス KomeAnime
2026-09-03,jp,Japan,top_videos_daily,,48,https://i.ytimg.com/vi/iOEjTVjPzyg/mqdefault.jpg,【パルクール】× アイドル・巖本理瑚 / Parkour IDOL【僕が見たかった青空】,BOKUAO,,,【パルクール】× アイドル・岩本理瑚 / Parkour IDOL【僕が見たかった青空】 BOKUAO
2026-09-03,jp,Japan,top_videos_daily,,49,https://i.ytimg.com/vi/Y6kCZTIkQw4/mqdefault.jpg,チラチLOVE,M!LK,"7月 3, 2026",131019,"49 10 チラチLOVE M!LK 7月 3, 2026 39 61 131,019"
2026-09-03,jp,Japan,top_videos_daily,,50,https://i.ytimg.com/vi/_zNAy_ZKxcE/mqdefault.jpg,【Choreography Video -MV edition-】CANDY TUNE「総意♡So Free」,CANDY TUNE,,,【Choreography Video -MV edition-】CANDY TUNE「総意♡So Free」 CANDY TUNE
2026-09-03,jp,Japan,top_videos_daily,,51,https://i.ytimg.com/vi/v4kWR_REDEU/mqdefault.jpg,分かっちゃいないね,花隈千冬 / monet,,,分かっちゃいないね 花隈千冬 & monet
2026-09-03,jp,Japan,top_videos_daily,,52,https://i.ytimg.com/vi/fEiWFS9hoNM/mqdefault.jpg,ONE N’ ONLY／ “Samba de Night Fever” Dance Performance Video,ONE N' ONLY,,,ONE N’ ONLY／ “Samba de Night Fever” Dance Performance Video ONE N' ONLY
2026-09-03,jp,Japan,top_videos_daily,,53,https://i.ytimg.com/vi/46h0LvDHgIs/mqdefault.jpg,TUIDE (튜이드) ‘SUN KISS’ Official MV,HYBE LABELS,,,TUIDE (튜이드) ‘SUN KISS’ Official MV HYBE LABELS
2026-09-03,jp,Japan,top_videos_daily,,54,https://i.ytimg.com/vi/h-TPXFw_q0I/mqdefault.jpg,グッタイム - Good Time,Snow Man,,,グッタイム - Good Time Snow Man
2026-09-03,jp,Japan,top_videos_daily,,55,https://i.ytimg.com/vi/dEEd9HHEQE0/mqdefault.jpg,真・運命,M!LK,"6月 17, 2026",117795,"55 18 真・運命 M!LK 6月 17, 2026 37 77 117,795"
2026-09-03,jp,Japan,top_videos_daily,,56,https://i.ytimg.com/vi/0kKd6fVPayU/mqdefault.jpg,Bon,Number_i,"5月 26, 2024",117450,"56 56 Bon Number_i 5月 26, 2024 - 360 117,450"
2026-09-03,jp,Japan,top_videos_daily,,57,https://i.ytimg.com/vi/E_49eMNp0M8/mqdefault.jpg,"祝祭！無スティバル - The ""Nothing"" Festival",Kenmochi Toya,,,"祝祭！無スティバル - The ""Nothing"" Festival Kenmochi Toya"
2026-09-03,jp,Japan,top_videos_daily,,58,https://i.ytimg.com/vi/YWsczzufh6Q/mqdefault.jpg,"Felix ""Slow It Down"" | [Stray Kids : SKZ-PLAYER]",Stray Kids,,,"Felix ""Slow It Down"" | [Stray Kids : SKZ-PLAYER] Stray Kids"
2026-09-03,jp,Japan,top_videos_daily,,59,https://i.ytimg.com/vi/OHAjc-ayhus/mqdefault.jpg,あぶく,YORUSHIKA,"4月 24, 2026",112306,"59 4 あぶく YORUSHIKA 4月 24, 2026 55 131 112,306"
2026-09-03,jp,Japan,top_videos_daily,,60,https://i.ytimg.com/vi/7PgShip-MnM/mqdefault.jpg,"Benjazzy, Bonbero - 4 Walls feat. ACE COOL, Jinmenusagi (Official Video)",Benjazzy,,,"Benjazzy, Bonbero - 4 Walls feat. ACE COOL, Jinmenusagi (Official Video) Benjazzy"
2026-09-03,jp,Japan,top_videos_daily,,61,https://i.ytimg.com/vi/e4M8z1xGTw0/mqdefault.jpg,アイドルパワー (Live),M!LK,,,アイドルパワー (Live) M!LK
2026-09-03,jp,Japan,top_videos_daily,,62,https://i.ytimg.com/vi/I_6m6_Ylyd8/mqdefault.jpg,Missing,BE:FIRST,,,Missing BE:FIRST
2026-09-03,jp,Japan,top_videos_daily,,63,https://i.ytimg.com/vi/IPBXepn5jTA/mqdefault.jpg,若者のすべて(Wakamono No Subete),富士纖維樂團,,,若者のすべて(Wakamono No Subete) 富士纖維樂團
2026-09-03,jp,Japan,top_videos_daily,,64,https://i.ytimg.com/vi/l2jvIuTp534/mqdefault.jpg,夜鷹,米津玄師,"7月 15, 2026",106150,"64 3 夜鷹 米津玄師 7月 15, 2026 61 49 106,150"
2026-09-03,jp,Japan,top_videos_daily,,65,https://i.ytimg.com/vi/lOpdrEgmYzY/mqdefault.jpg,It's Me,ILLIT,"5月 6, 2026",104943,"65 6 It's Me ILLIT 5月 6, 2026 59 84 104,943"
2026-09-03,jp,Japan,top_videos_daily,,66,https://i.ytimg.com/vi/vBmU5v2EyxM/mqdefault.jpg,HOT LIMIT,T.M.Revolution,,,HOT LIMIT T.M.Revolution
2026-09-03,jp,Japan,top_videos_daily,,67,https://i.ytimg.com/vi/nRsTHcp3EwI/mqdefault.jpg,【MV】アイドルライフメガパック / iLiFE!【コール動畫】,iLiFE!,,,【MV】アイドルライフメガパック / iLiFE!【コール動画】 iLiFE!
2026-09-03,jp,Japan,top_videos_daily,,68,https://i.ytimg.com/vi/3F5QphoOEk8/mqdefault.jpg,GRe4N BOYZ /「虹」MV,GRe4N BOYZ,,,GRe4N BOYZ /「虹」MV GRe4N BOYZ
2026-09-03,jp,Japan,top_videos_daily,,69,https://i.ytimg.com/vi/G4lqzvRpwVY/mqdefault.jpg,グッタイム - Good Time,Snow Man,,,グッタイム - Good Time Snow Man
2026-09-03,jp,Japan,top_videos_daily,,70,https://i.ytimg.com/vi/k7h-bGKWOeY/mqdefault.jpg,かわいいは常識♡ feat. 綾瀬クロエ（CV：伊藤美來）／HoneyWorks,HoneyWorks OFFICIAL,,,かわいいは常識♡ feat. 綾瀬クロエ（CV：伊藤美来）／HoneyWorks HoneyWorks OFFICIAL
2026-09-03,jp,Japan,top_videos_daily,,71,https://i.ytimg.com/vi/WKCkRz5ULhg/mqdefault.jpg,アイドルパワー,M!LK,"8月 14, 2026",93565,"71 6 アイドルパワー M!LK 8月 14, 2026 65 19 93,565"
2026-09-03,jp,Japan,top_videos_daily,,72,https://i.ytimg.com/vi/LM875jeR-PM/mqdefault.jpg,It's Me,ILLIT,"5月 7, 2026",93466,"72 6 It's Me ILLIT 5月 7, 2026 66 101 93,466"
2026-09-03,jp,Japan,top_videos_daily,,73,https://i.ytimg.com/vi/a5RAx7qNaAE/mqdefault.jpg,GOD_i,Number_i,"1月 26, 2025",92695,"73 73 GOD_i Number_i 1月 26, 2025 - 214 92,695"
2026-09-03,jp,Japan,top_videos_daily,,74,https://i.ytimg.com/vi/HWZwkF2gYQs/mqdefault.jpg,INI｜'You Know What To Do' Official MV,INI,,,INI｜'You Know What To Do' Official MV INI
2026-09-03,jp,Japan,top_videos_daily,,75,https://i.ytimg.com/vi/pbZrLrYQ6mo/mqdefault.jpg,天國,Mrs. GREEN APPLE,,,天国 Mrs. GREEN APPLE
2026-09-03,jp,Japan,top_videos_daily,,76,https://i.ytimg.com/vi/-q_S27LbNKU/mqdefault.jpg,BAD,ATEEZ,"6月 25, 2026",91416,"76 6 BAD ATEEZ 6月 25, 2026 70 56 91,416"
2026-09-03,jp,Japan,top_videos_daily,,77,https://i.ytimg.com/vi/XuMKRrda1LQ/mqdefault.jpg,King & Prince「うそだよ すきだよ」-TBS系 CDTVライブ!ライブ! 8/17(月)OA-,King & Prince,,,King & Prince「うそだよ すきだよ」-TBS系 CDTVライブ!ライブ! 8/17(月)OA- King & Prince
2026-09-03,jp,Japan,top_videos_daily,,78,https://i.ytimg.com/vi/QoTqrXN4p-E/mqdefault.jpg,TAKARA / 明るい夢 -Music Video-,TAKARA,,,TAKARA / 明るい夢 -Music Video- TAKARA
2026-09-03,jp,Japan,top_videos_daily,,79,https://i.ytimg.com/vi/QmaNuj4n9Ec/mqdefault.jpg,INZM,Number_i,"8月 18, 2024",88795,"79 79 INZM Number_i 8月 18, 2024 - 176 88,795"
2026-09-03,jp,Japan,top_videos_daily,,80,https://i.ytimg.com/vi/PmkN1iH4Ci4/mqdefault.jpg,GO GHOST,King Gnu,,,GO GHOST King Gnu
2026-09-03,jp,Japan,top_videos_daily,,81,https://i.ytimg.com/vi/pfWmr3wqZF8/mqdefault.jpg,未確認領域,Number_i,"8月 10, 2025",86929,"81 81 未確認領域 Number_i 8月 10, 2025 - 144 86,929"
2026-09-03,jp,Japan,top_videos_daily,,82,https://i.ytimg.com/vi/SJS3rVNZyz0/mqdefault.jpg,『花に亡霊 | ヨルシカ』acoustic cover. 優裡 × May J. × 川崎鷹也,優裡ちゃんねる【公式】,,,『花に亡霊 | ヨルシカ』acoustic cover. 優里 × May J. × 川崎鷹也 優里ちゃんねる【公式】
2026-09-03,jp,Japan,top_videos_daily,,83,https://i.ytimg.com/vi/zJUFz2QxxkU/mqdefault.jpg,Blow Your Cover,Number_i,,,Blow Your Cover Number_i
2026-09-03,jp,Japan,top_videos_daily,,84,https://i.ytimg.com/vi/dcGu-yn06c4/mqdefault.jpg,GOAT,Number_i,"12月 31, 2023",84546,"84 84 GOAT Number_i 12月 31, 2023 - 371 84,546"
2026-09-03,jp,Japan,top_videos_daily,,85,https://i.ytimg.com/vi/0izBEKMf-3Q/mqdefault.jpg,LAVALAVA,Number_i,,,LAVALAVA Number_i
2026-09-03,jp,Japan,top_videos_daily,,86,https://i.ytimg.com/vi/9NJI7cLZ2Qg/mqdefault.jpg,風と町,Mrs. GREEN APPLE,,,風と町 Mrs. GREEN APPLE
2026-09-03,jp,Japan,top_videos_daily,,87,https://i.ytimg.com/vi/-H4bB6hxeEs/mqdefault.jpg,きゃぴ (Kyapi),Houshou Marine,,,きゃぴ (Kyapi) Houshou Marine
2026-09-03,jp,Japan,top_videos_daily,,88,https://i.ytimg.com/vi/MT-4Bk1Lw8g/mqdefault.jpg,Bloody Paradise,ENHYPEN,,,Bloody Paradise ENHYPEN
2026-09-03,jp,Japan,top_videos_daily,,89,https://i.ytimg.com/vi/-FGFbUfosl8/mqdefault.jpg,Number_i - Numbers Ur Zone (Official Music Video),Number_i OFFICIAL,,,Number_i - Numbers Ur Zone (Official Music Video) Number_i OFFICIAL
2026-09-03,jp,Japan,top_videos_daily,,90,https://i.ytimg.com/vi/Lp7Tt2x_wDY/mqdefault.jpg,【MV】LiMiT STRiKER! / iLiFE!【EWC × REJECT テーマソング】,iLiFE!,,,【MV】LiMiT STRiKER! / iLiFE!【EWC × REJECT テーマソング】 iLiFE!
2026-09-03,jp,Japan,top_videos_daily,,91,https://i.ytimg.com/vi/qf4kjBYR3O0/mqdefault.jpg,星野源 - 好き [Official Video],星野源 Gen Hoshino,,,星野源 - 好き [Official Video] 星野源 Gen Hoshino
2026-09-03,jp,Japan,top_videos_daily,,92,https://i.ytimg.com/vi/g6loIGSJ6yY/mqdefault.jpg,Number_i 未確認領域 Short ver. (Number_i LIVE TOUR 2025 No.Ⅱ),Number_i,,2025,Number_i 未確認領域 Short ver. (Number_i LIVE TOUR 2025 No.Ⅱ) Number_i
2026-09-03,jp,Japan,top_videos_daily,,93,https://i.ytimg.com/vi/qay6r3hHOFo/mqdefault.jpg,B&ZAI【EMPIRE(Snow Man)】LIVE 2026 Summer Beatより,ジュニアCHANNEL,,2026,B&ZAI【EMPIRE(Snow Man)】LIVE 2026 Summer Beatより ジュニアCHANNEL
2026-09-03,jp,Japan,top_videos_daily,,94,https://i.ytimg.com/vi/W-D8GSXg1W8/mqdefault.jpg,ENHYPEN (엔하이픈) 'Bloody Paradise' Official Performance MV,HYBE LABELS,,,ENHYPEN (엔하이픈) 'Bloody Paradise' Official Performance MV HYBE LABELS
2026-09-03,jp,Japan,top_videos_daily,,95,https://i.ytimg.com/vi/T24rF_x0TmQ/mqdefault.jpg,ヤラララ,AnythingBecomeMoe,,,ヤラララ AnythingBecomeMoe
2026-09-03,jp,Japan,top_videos_daily,,96,https://i.ytimg.com/vi/6lN51mwvuA8/mqdefault.jpg,Gg Ez,M.Sasuke,"5月 30, 2026",75332,"96 18 Gg Ez M.Sasuke 5月 30, 2026 78 45 75,332"
2026-09-03,jp,Japan,top_videos_daily,,97,https://i.ytimg.com/vi/oWRCXGvcU9s/mqdefault.jpg,愛くださいませ,NOT EQUAL ME,,,愛くださいませ NOT EQUAL ME
2026-09-03,jp,Japan,top_videos_daily,,98,https://i.ytimg.com/vi/TfvYFX06Mes/mqdefault.jpg,真夜中のZOO (Live),ACEes,,,真夜中のZOO (Live) ACEes
2026-09-03,jp,Japan,top_videos_daily,,99,https://i.ytimg.com/vi/PxlEm_nUBho/mqdefault.jpg,キラメキMODE！ feat. 響咲リオナ - KIRAMEKI MODE! feat. Isaki Riona,時乃空,,,キラメキMODE！ feat. 響咲リオナ - KIRAMEKI MODE! feat. Isaki Riona 時乃空
2026-09-03,jp,Japan,top_videos_daily,,100,https://i.ytimg.com/vi/0beWrfj7AvE/mqdefault.jpg,ガチ夢中！ - GACHI MUCHU！,超特急,,,ガチ夢中！ - GACHI MUCHU！ 超特急
2026-09-03,kr,South Korea,top_videos_daily,,1,https://i.ytimg.com/vi/oAwzFFEYm38/mqdefault.jpg,Girls' Generation-HRS 소녀시대-효리수 'Skibidi' Performance Video,SMTOWN,,,Girls' Generation-HRS 소녀시대-효리수 'Skibidi' Performance Video SMTOWN
2026-09-03,kr,South Korea,top_videos_daily,,2,https://i.ytimg.com/vi/GxChUrrY4bc/mqdefault.jpg,꿈꾸던 어른이 되었나요?,머무르,,,꿈꾸던 어른이 되었나요? 머무르
2026-09-03,kr,South Korea,top_videos_daily,,3,https://i.ytimg.com/vi/cC66L4givYg/mqdefault.jpg,"Love is like spring rain, Breakup is like winter rain",임현정,,,"Love is like spring rain, Breakup is like winter rain 임현정"
2026-09-03,kr,South Korea,top_videos_daily,,4,https://i.ytimg.com/vi/46h0LvDHgIs/mqdefault.jpg,TUIDE (튜이드) ‘SUN KISS’ Official MV,HYBE LABELS,,,TUIDE (튜이드) ‘SUN KISS’ Official MV HYBE LABELS
2026-09-03,kr,South Korea,top_videos_daily,,5,https://i.ytimg.com/vi/L8ZnXgbyUuc/mqdefault.jpg,BIGBANG - ‘BiiiG’ M/V,BIGBANG,,,BIGBANG - ‘BiiiG’ M/V BIGBANG
2026-09-03,kr,South Korea,top_videos_daily,,6,https://i.ytimg.com/vi/Yyfv2R97dHA/mqdefault.jpg,남유정(NamYouJoung) '초대 (feat.이민혁 (HUTA))' Performance Video | Official,유랄라Youlalla,,,남유정(NamYouJoung) '초대 (feat.이민혁 (HUTA))' Performance Video | Official 유랄라Youlalla
2026-09-03,kr,South Korea,top_videos_daily,,7,https://i.ytimg.com/vi/s466YCiHfKw/mqdefault.jpg,FALLEN ANGEL (Official Video),JENNIE,,,FALLEN ANGEL (Official Video) JENNIE
2026-09-03,kr,South Korea,top_videos_daily,,8,https://i.ytimg.com/vi/Gk8F8waA0tM/mqdefault.jpg,송하예 '행복한 나를 (2026ver.)' Official MV,하예일기장,,2026,송하예 '행복한 나를 (2026ver.)' Official MV 하예일기장
2026-09-03,kr,South Korea,top_videos_daily,,9,https://i.ytimg.com/vi/-q_S27LbNKU/mqdefault.jpg,BAD,ATEEZ,"6月 25, 2026",129623,"9 1 BAD ATEEZ 6月 25, 2026 8 68 129,623"
2026-09-03,kr,South Korea,top_videos_daily,,10,https://i.ytimg.com/vi/B5u8JiGVI_k/mqdefault.jpg,BIGBANG - ‘BiiiG’ DANCE PRACTICE,BIGBANG,,,BIGBANG - ‘BiiiG’ DANCE PRACTICE BIGBANG
2026-09-03,kr,South Korea,top_videos_daily,,11,https://i.ytimg.com/vi/9XttLI0oH0I/mqdefault.jpg,LOVE ATTACK,RESCENE,,,LOVE ATTACK RESCENE
2026-09-03,kr,South Korea,top_videos_daily,,12,https://i.ytimg.com/vi/qZlu2j2SiBA/mqdefault.jpg,Pretty Girl,RESCENE,,,Pretty Girl RESCENE
2026-09-03,kr,South Korea,top_videos_daily,,13,https://i.ytimg.com/vi/Jxgbfc89hNI/mqdefault.jpg,Suddenly,I.O.I,"5月 19, 2026",120079,"13 1 Suddenly I.O.I 5月 19, 2026 12 106 120,079"
2026-09-03,kr,South Korea,top_videos_daily,,14,https://i.ytimg.com/vi/ts7-qWkpKYA/mqdefault.jpg,CHUNG HA 청하 | Digital Single [México] Music Video,CHUNG HA 청하,,,CHUNG HA 청하 | Digital Single [México] Music Video CHUNG HA 청하
2026-09-03,kr,South Korea,top_videos_daily,,15,https://i.ytimg.com/vi/q4TWrmwiufo/mqdefault.jpg,TAEMIN (태민) - 'FLOAT' Official MV,태민 (TAEMIN),,,TAEMIN (태민) - 'FLOAT' Official MV 태민 (TAEMIN)
2026-09-03,kr,South Korea,top_videos_daily,,16,https://i.ytimg.com/vi/ZbO9PBdFRdc/mqdefault.jpg,Deja Vu,RESCENE,"7月 2, 2025",99411,"16 1 Deja Vu RESCENE 7月 2, 2025 17 111 99,411"
2026-09-03,kr,South Korea,top_videos_daily,,17,https://i.ytimg.com/vi/9Jph8lIgYEE/mqdefault.jpg,B THE HOOD (비더후드) ‘JADED’ Lyric Video,B THE HOOD,,,B THE HOOD (비더후드) ‘JADED’ Lyric Video B THE HOOD
2026-09-03,kr,South Korea,top_videos_daily,,18,https://i.ytimg.com/vi/XPUOHpkRAxg/mqdefault.jpg,마음의 숲,조선힙합,"4月 9, 2026",94146,"18 3 마음의 숲 조선힙합 4月 9, 2026 15 105 94,146"
2026-09-03,kr,South Korea,top_videos_daily,,19,https://i.ytimg.com/vi/DmGw3btkwo0/mqdefault.jpg,Last bus,Splayit,,,Last bus Splayit
2026-09-03,kr,South Korea,top_videos_daily,,20,https://i.ytimg.com/vi/hXYjK4in0MM/mqdefault.jpg,TNX - ‘Die Another Day’ MV,TNX,,,TNX - ‘Die Another Day’ MV TNX
2026-09-03,kr,South Korea,top_videos_daily,,21,https://i.ytimg.com/vi/1rAos7HClwI/mqdefault.jpg,"RYUJIN “REDRED” @ ITZY The 5th Fan Meeting “ALL IN, MIDZY”",ITZY,,,"RYUJIN “REDRED” @ ITZY The 5th Fan Meeting “ALL IN, MIDZY” ITZY"
2026-09-03,kr,South Korea,top_videos_daily,,22,https://i.ytimg.com/vi/MT-4Bk1Lw8g/mqdefault.jpg,Bloody Paradise,ENHYPEN,,,Bloody Paradise ENHYPEN
2026-09-03,kr,South Korea,top_videos_daily,,23,https://i.ytimg.com/vi/ylTuLv9iDmY/mqdefault.jpg,A SONG FOR US,Lim Young-woong,,,A SONG FOR US Lim Young-woong
2026-09-03,kr,South Korea,top_videos_daily,,24,https://i.ytimg.com/vi/oHFQ6aKTAMw/mqdefault.jpg,P1Harmony (피원하모니) INTAK (인탁) -‘Hip Song’ (비) LIVE CLIP @2026 FAN MEETING [P1uspace H : Horror Haven],P1Harmony,,2026,P1Harmony (피원하모니) INTAK (인탁) -‘Hip Song’ (비) LIVE CLIP @2026 FAN MEETING [P1uspace H : Horror Haven] P1Harmony
2026-09-03,kr,South Korea,top_videos_daily,,25,https://i.ytimg.com/vi/bMhDJ0S0OBA/mqdefault.jpg,It's Me,ILLIT,"4月 30, 2026",72808,"25 3 It's Me ILLIT 4月 30, 2026 22 125 72,808"
2026-09-03,kr,South Korea,top_videos_daily,,26,https://i.ytimg.com/vi/83C3TZ4Zm_o/mqdefault.jpg,LEMONADE,aespa,"5月 28, 2026",72334,"26 3 LEMONADE aespa 5月 28, 2026 23 96 72,334"
2026-09-03,kr,South Korea,top_videos_daily,,27,https://i.ytimg.com/vi/aUFt0O_BtdI/mqdefault.jpg,Dancing In Love,박지현,,,Dancing In Love 박지현
2026-09-03,kr,South Korea,top_videos_daily,,28,https://i.ytimg.com/vi/5TPobSrx-C8/mqdefault.jpg,[MV] 2026 월간 윤종신 Repair 8월호 - 해변의 추억,尹鍾信,,2026,[MV] 2026 월간 윤종신 Repair 8월호 - 해변의 추억 尹鍾信
2026-09-03,kr,South Korea,top_videos_daily,,29,https://i.ytimg.com/vi/F7sGJVUrkjQ/mqdefault.jpg,RUDE!,Hearts2Hearts,,,RUDE! Hearts2Hearts
2026-09-03,kr,South Korea,top_videos_daily,,30,https://i.ytimg.com/vi/20nnYQ_24XQ/mqdefault.jpg,TAEMIN (태민) - 'Gooey' Performance Video,태민 (TAEMIN),,,TAEMIN (태민) - 'Gooey' Performance Video 태민 (TAEMIN)
2026-09-03,kr,South Korea,top_videos_daily,,31,https://i.ytimg.com/vi/UsbRoaH6y-Q/mqdefault.jpg,Pop Off Pop Off,KiiiKiii,,,Pop Off Pop Off KiiiKiii
2026-09-03,kr,South Korea,top_videos_daily,,32,https://i.ytimg.com/vi/B8XH_-CN2jc/mqdefault.jpg,LEECHANGSUB 이창섭 - ‘또 사랑이라니 (Prod. 윤종신)’ LIVE CLIP,fantagio 판타지오,,,LEECHANGSUB 이창섭 - ‘또 사랑이라니 (Prod. 윤종신)’ LIVE CLIP fantagio 판타지오
2026-09-03,kr,South Korea,top_videos_daily,,33,https://i.ytimg.com/vi/yebNIHKAC4A/mqdefault.jpg,Golden,HUNTR/X / EJAE / AUDREY NUNA / REI AMI / KPop Demon Hunters Cast,,,"Golden HUNTR/X , EJAE , AUDREY NUNA , REI AMI & KPop Demon Hunters Cast"
2026-09-03,kr,South Korea,top_videos_daily,,34,https://i.ytimg.com/vi/Qe8fa4b5xNU/mqdefault.jpg,Good Goodbye,HWASA,,,Good Goodbye HWASA
2026-09-03,kr,South Korea,top_videos_daily,,35,https://i.ytimg.com/vi/Xc8EAOA_R9Y/mqdefault.jpg,サンクチュアリ / 初音ミク - 39tuary,Satsuki,,,サンクチュアリ / 初音ミク - 39tuary Satsuki
2026-09-03,kr,South Korea,top_videos_daily,,36,https://i.ytimg.com/vi/Er-pKc2dvLY/mqdefault.jpg,최유리 - Toko Toko [Official Video],최유리 Choi Yu Ree,,,최유리 - Toko Toko [Official Video] 최유리 Choi Yu Ree
2026-09-03,kr,South Korea,top_videos_daily,,37,https://i.ytimg.com/vi/sLk8zWUuYTA/mqdefault.jpg,Vitamin ME,fromis_9,,,Vitamin ME fromis_9
2026-09-03,kr,South Korea,top_videos_daily,,38,https://i.ytimg.com/vi/yEHkBifsHPY/mqdefault.jpg,그댈 위한 멜로디,任英雄,"11月 18, 2025",55404,"38 3 그댈 위한 멜로디 任英雄 11月 18, 2025 35 256 55,404"
2026-09-03,kr,South Korea,top_videos_daily,,39,https://i.ytimg.com/vi/H0GbvPY_Yl8/mqdefault.jpg,만찬가,TAEYEON,"6月 29, 2026",54120,"39 2 만찬가 TAEYEON 6月 29, 2026 37 58 54,120"
2026-09-03,kr,South Korea,top_videos_daily,,40,https://i.ytimg.com/vi/YTeFLKMnwjg/mqdefault.jpg,[Special Clip] 윈터 (WINTER) - 여름의 속도 (Speed of Summer) | 딩고뮤직 | dingo Music,딩고 뮤직 / dingo music,,,[Special Clip] 윈터 (WINTER) - 여름의 속도 (Speed of Summer) | 딩고뮤직 | dingo Music 딩고 뮤직 / dingo music
2026-09-03,kr,South Korea,top_videos_daily,,41,https://i.ytimg.com/vi/h0KIWaUEIgQ/mqdefault.jpg,사랑하게 될 거야,HANRORO,,,사랑하게 될 거야 HANRORO
2026-09-03,kr,South Korea,top_videos_daily,,42,https://i.ytimg.com/vi/--zku6TB5NY/mqdefault.jpg,BIGBANG - ‘LAST DANCE’ M/V,BIGBANG,,,BIGBANG - ‘LAST DANCE’ M/V BIGBANG
2026-09-03,kr,South Korea,top_videos_daily,,43,https://i.ytimg.com/vi/5hL7uPsISY0/mqdefault.jpg,그냥 해,조선힙합,"6月 16, 2026",51523,"43 3 그냥 해 조선힙합 6月 16, 2026 40 77 51,523"
2026-09-03,kr,South Korea,top_videos_daily,,44,https://i.ytimg.com/vi/eB-IK2wPWzw/mqdefault.jpg,ATEEZ(에이티즈) - 'BAD' Performance Stage (@The Kelly Clarkson Show),ATEEZ,,,ATEEZ(에이티즈) - 'BAD' Performance Stage (@The Kelly Clarkson Show) ATEEZ
2026-09-03,kr,South Korea,top_videos_daily,,45,https://i.ytimg.com/vi/4L_YopHT3Gg/mqdefault.jpg,돌아보지 마세요,Lim Young-woong,,,돌아보지 마세요 Lim Young-woong
2026-09-03,kr,South Korea,top_videos_daily,,46,https://i.ytimg.com/vi/GnSaLQTrvt0/mqdefault.jpg,Good Goodbye,HWASA,,,Good Goodbye HWASA
2026-09-03,kr,South Korea,top_videos_daily,,47,https://i.ytimg.com/vi/ewk5MPptBIs/mqdefault.jpg,Wild Flower,Lim Young-woong,,,Wild Flower Lim Young-woong
2026-09-03,kr,South Korea,top_videos_daily,,48,https://i.ytimg.com/vi/CNoPwnhX5v8/mqdefault.jpg,Tonight,D2ear,"5月 8, 2024",45619,"48 48 Tonight D2ear 5月 8, 2024 - 2 45,619"
2026-09-03,kr,South Korea,top_videos_daily,,49,https://i.ytimg.com/vi/1jKnI_ib8c8/mqdefault.jpg,Motto,ITZY,"5月 18, 2026",45286,"49 8 Motto ITZY 5月 18, 2026 57 16 45,286"
2026-09-03,kr,South Korea,top_videos_daily,,50,https://i.ytimg.com/vi/vFVYIPb_Stk/mqdefault.jpg,[MV] Juho(주호) _ Rusted Heart(녹슨 가슴),Juho,,,[MV] Juho(주호) _ Rusted Heart(녹슨 가슴) Juho
2026-09-03,kr,South Korea,top_videos_daily,,51,https://i.ytimg.com/vi/-dW6Tb_DJAs/mqdefault.jpg,권인하 - 좋니 (원곡 : 윤종신),權仁河,,,권인하 - 좋니 (원곡 : 윤종신) 權仁河
2026-09-03,kr,South Korea,top_videos_daily,,52,https://i.ytimg.com/vi/n-QR5ishboM/mqdefault.jpg,15-LOVE,Hearts2Hearts,,,15-LOVE Hearts2Hearts
2026-09-03,kr,South Korea,top_videos_daily,,53,https://i.ytimg.com/vi/07cb8UQnwtE/mqdefault.jpg,MIMI 미미 'Bish Bash Bosh'｜On the Spot｜온더스팟,1theK Originals - 원더케이 오리지널,,,MIMI 미미 'Bish Bash Bosh'｜On the Spot｜온더스팟 1theK Originals - 원더케이 오리지널
2026-09-03,kr,South Korea,top_videos_daily,,54,https://i.ytimg.com/vi/6flyAoHp-Wo/mqdefault.jpg,노브레인 - '아메리카노' Official MV,無腦,,,노브레인 - '아메리카노' Official MV 無腦
2026-09-03,kr,South Korea,top_videos_daily,,55,https://i.ytimg.com/vi/YWsczzufh6Q/mqdefault.jpg,"Felix ""Slow It Down"" | [Stray Kids : SKZ-PLAYER]",Stray Kids,,,"Felix ""Slow It Down"" | [Stray Kids : SKZ-PLAYER] Stray Kids"
2026-09-03,kr,South Korea,top_videos_daily,,56,https://i.ytimg.com/vi/U6BDbXIah-Y/mqdefault.jpg,REDRED,CORTIS,"4月 20, 2026",39318,"56 1 REDRED CORTIS 4月 20, 2026 55 135 39,318"
2026-09-03,kr,South Korea,top_videos_daily,,57,https://i.ytimg.com/vi/6lN51mwvuA8/mqdefault.jpg,Gg Ez,M.Sasuke,"5月 30, 2026",38669,"57 4 Gg Ez M.Sasuke 5月 30, 2026 53 68 38,669"
2026-09-03,kr,South Korea,top_videos_daily,,58,https://i.ytimg.com/vi/6y6CqKAElns/mqdefault.jpg,황영웅 팬 정모_노란 샤쓰의 사나이,황영웅,,,황영웅 팬 정모_노란 샤쓰의 사나이 황영웅
2026-09-03,kr,South Korea,top_videos_daily,,59,https://i.ytimg.com/vi/5LK63hujO7U/mqdefault.jpg,멸종위기캥거루 (Art. 멸종위기캥거루) - Anonymous Artists (어나니머스 아티스트),Anonymous Artists (어나니머스 아티스트),,,멸종위기캥거루 (Art. 멸종위기캥거루) - Anonymous Artists (어나니머스 아티스트) Anonymous Artists (어나니머스 아티스트)
2026-09-03,kr,South Korea,top_videos_daily,,60,https://i.ytimg.com/vi/sKd4ox63YAE/mqdefault.jpg,YOU ARE MY SPRING,成始璄,,,YOU ARE MY SPRING 成始璄
2026-09-03,kr,South Korea,top_videos_daily,,61,https://i.ytimg.com/vi/Sun6uy_uwoU/mqdefault.jpg,Sweet Dream,Rainbow,,,Sweet Dream Rainbow
2026-09-03,kr,South Korea,top_videos_daily,,62,https://i.ytimg.com/vi/dB8QCac8FSM/mqdefault.jpg,將棋一番！ - Shogi Ichiban！,Yukopi,,,将棋一番！ - Shogi Ichiban！ Yukopi
2026-09-03,kr,South Korea,top_videos_daily,,63,https://i.ytimg.com/vi/uSDtkV3PXSA/mqdefault.jpg,GUM & DROP / 星街すいせい (official),Suisei Channel,,,GUM & DROP / 星街すいせい (official) Suisei Channel
2026-09-03,kr,South Korea,top_videos_daily,,64,https://i.ytimg.com/vi/W-D8GSXg1W8/mqdefault.jpg,ENHYPEN (엔하이픈) 'Bloody Paradise' Official Performance MV,HYBE LABELS,,,ENHYPEN (엔하이픈) 'Bloody Paradise' Official Performance MV HYBE LABELS
2026-09-03,kr,South Korea,top_videos_daily,,65,https://i.ytimg.com/vi/wHCbE4cggyc/mqdefault.jpg,"Tiger JK, 윤미래 (yoonmirae) - 'Let Me Love You' Official M/V",Feel Ghood Music [필굿뮤직],,,"Tiger JK, 윤미래 (yoonmirae) - 'Let Me Love You' Official M/V Feel Ghood Music [필굿뮤직]"
2026-09-03,kr,South Korea,top_videos_daily,,66,https://i.ytimg.com/vi/_gyultVTesk/mqdefault.jpg,2.0,防彈少年團,"4月 1, 2026",34648,"66 66 2.0 防彈少年團 4月 1, 2026 - 93 34,648"
2026-09-03,kr,South Korea,top_videos_daily,,67,https://i.ytimg.com/vi/RsK7siA9k9g/mqdefault.jpg,조선힙합 '오늘의 널 꼭 안아줘' Official MV,조선힙합,,,조선힙합 '오늘의 널 꼭 안아줘' Official MV 조선힙합
2026-09-03,kr,South Korea,top_videos_daily,,68,https://i.ytimg.com/vi/6Ycn9qZK09I/mqdefault.jpg,Heavy Serenade,NMIXX,,,Heavy Serenade NMIXX
2026-09-03,kr,South Korea,top_videos_daily,,69,https://i.ytimg.com/vi/chl0R8C4NJ8/mqdefault.jpg,Hearts2Hearts 하츠투하츠 'ICONIC HEART' MV,Hearts2Hearts,,,Hearts2Hearts 하츠투하츠 'ICONIC HEART' MV Hearts2Hearts
2026-09-03,kr,South Korea,top_videos_daily,,70,https://i.ytimg.com/vi/OCNqlQA74ms/mqdefault.jpg,[영락교회 x 월드비전 x 예람투어] 나의 사랑 나의 어여쁜 자야 | 예람워십,예람워십 Yeram Worship,,,[영락교회 x 월드비전 x 예람투어] 나의 사랑 나의 어여쁜 자야 | 예람워십 예람워십 Yeram Worship
2026-09-03,kr,South Korea,top_videos_daily,,71,https://i.ytimg.com/vi/-H4bB6hxeEs/mqdefault.jpg,きゃぴ (Kyapi),Houshou Marine,,,きゃぴ (Kyapi) Houshou Marine
2026-09-03,kr,South Korea,top_videos_daily,,72,https://i.ytimg.com/vi/PxmKaXqeK2s/mqdefault.jpg,너의 차선,조선힙합,"5月 21, 2026",32281,"72 3 너의 차선 조선힙합 5月 21, 2026 69 69 32,281"
2026-09-03,kr,South Korea,top_videos_daily,,73,https://i.ytimg.com/vi/7LjFAoWvsbE/mqdefault.jpg,Walking with you,滑川康男,,,Walking with you 滑川康男
2026-09-03,kr,South Korea,top_videos_daily,,74,https://i.ytimg.com/vi/T24rF_x0TmQ/mqdefault.jpg,ヤラララ,AnythingBecomeMoe,,,ヤラララ AnythingBecomeMoe
2026-09-03,kr,South Korea,top_videos_daily,,75,https://i.ytimg.com/vi/pHciG9_2xXM/mqdefault.jpg,"Meet my GRLS, TUIDE",HYBE LABELS,,,"Meet my GRLS, TUIDE HYBE LABELS"
2026-09-03,kr,South Korea,top_videos_daily,,76,https://i.ytimg.com/vi/lRaJ86Pe52o/mqdefault.jpg,[MV] Jeon Yu Jin(전유진) _ To My Stars(나의 별들에게),Jeon Yu Jin,,,[MV] Jeon Yu Jin(전유진) _ To My Stars(나의 별들에게) Jeon Yu Jin
2026-09-03,kr,South Korea,top_videos_daily,,77,https://i.ytimg.com/vi/BjFX1eugZ-Y/mqdefault.jpg,Blingy,NCT 127,"8月 24, 2026",30149,"77 38 Blingy NCT 127 8月 24, 2026 39 9 30,149"
2026-09-03,kr,South Korea,top_videos_daily,,78,https://i.ytimg.com/vi/Rc9fJ8PLZr0/mqdefault.jpg,벤슨 분 (Benson Boone) - The Time Of My Life 가사 번역 뮤직비디오,워너뮤직코리아 (Warner Music Korea),,,벤슨 분 (Benson Boone) - The Time Of My Life 가사 번역 뮤직비디오 워너뮤직코리아 (Warner Music Korea)
2026-09-03,kr,South Korea,top_videos_daily,,79,https://i.ytimg.com/vi/Tp4GDTcN2iI/mqdefault.jpg,[성시경 노래] 72. 이별여행 (With.원미연) l Sung Si Kyung Music,成始璄,,,[성시경 노래] 72. 이별여행 (With.원미연) l Sung Si Kyung Music 成始璄
2026-09-03,kr,South Korea,top_videos_daily,,80,https://i.ytimg.com/vi/gW5rI8NGSxE/mqdefault.jpg,Parallel Night,서영주 of 너드커넥션,,,Parallel Night 서영주 of 너드커넥션
2026-09-03,kr,South Korea,top_videos_daily,,81,https://i.ytimg.com/vi/MC6-82GRK5I/mqdefault.jpg,Bloom,RESCENE,"11月 25, 2025",29512,"81 5 Bloom RESCENE 11月 25, 2025 76 57 29,512"
2026-09-03,kr,South Korea,top_videos_daily,,82,https://i.ytimg.com/vi/VLBUQ39a-OU/mqdefault.jpg,My First and Last (Chinese Version),NCT DREAM,,,My First and Last (Chinese Version) NCT DREAM
2026-09-03,kr,South Korea,top_videos_daily,,83,https://i.ytimg.com/vi/B8JJ8RNM-60/mqdefault.jpg,Pinball,RESCENE,"9月 21, 2024",29322,"83 10 Pinball RESCENE 9月 21, 2024 73 37 29,322"
2026-09-03,kr,South Korea,top_videos_daily,,84,https://i.ytimg.com/vi/hrkELy64_zA/mqdefault.jpg,Please Summer!,臉紅的思春期,,,Please Summer! 臉紅的思春期
2026-09-03,kr,South Korea,top_videos_daily,,85,https://i.ytimg.com/vi/3b4men4nFMA/mqdefault.jpg,그냥 그러려니 해,조선힙합,"8月 6, 2026",28671,"85 8 그냥 그러려니 해 조선힙합 8月 6, 2026 93 21 28,671"
2026-09-03,kr,South Korea,top_videos_daily,,86,https://i.ytimg.com/vi/8R2UTnAbfTg/mqdefault.jpg,늙은 사랑,조선힙합,"5月 15, 2026",28193,"86 2 늙은 사랑 조선힙합 5月 15, 2026 84 56 28,193"
2026-09-03,kr,South Korea,top_videos_daily,,87,https://i.ytimg.com/vi/NaY0tOP29ps/mqdefault.jpg,フォーモ (Instrumental) - FOMO (Instrumental),Tokyo Manaka,,,フォーモ (Instrumental) - FOMO (Instrumental) Tokyo Manaka
2026-09-03,kr,South Korea,top_videos_daily,,88,https://i.ytimg.com/vi/NPqtL1dtrlA/mqdefault.jpg,Love Options(연애의 조건),BESTIE,,,Love Options(연애의 조건) BESTIE
2026-09-03,kr,South Korea,top_videos_daily,,89,https://i.ytimg.com/vi/mPOiPniYBpI/mqdefault.jpg,[풀버전] 전 '부활' 메인 보컬의 레전드 고음에 난리 난 주변 반응ㄷㄷ | 정동하 - 추억은 만남보다 이별에 남아,NAM SOON,,,[풀버전] 전 '부활' 메인 보컬의 레전드 고음에 난리 난 주변 반응ㄷㄷ | 정동하 - 추억은 만남보다 이별에 남아 NAM SOON
2026-09-03,kr,South Korea,top_videos_daily,,90,https://i.ytimg.com/vi/-qQvf7517Hw/mqdefault.jpg,15-LOVE,Hearts2Hearts,,,15-LOVE Hearts2Hearts
2026-09-03,kr,South Korea,top_videos_daily,,91,https://i.ytimg.com/vi/VEjpMvduHZE/mqdefault.jpg,그집앞(세로버젼)♥Live by I.Q(아이큐)음충499회 #가수아이큐 #iqmusic #verticaliq @I.QMusic,아이큐 (I.Q),,499,그집앞(세로버젼)♥Live by I.Q(아이큐)음충499회 #가수아이큐 #iqmusic #verticaliq @I.QMusic 아이큐 (I.Q)
2026-09-03,kr,South Korea,top_videos_daily,,92,https://i.ytimg.com/vi/b6bSGu1YdRM/mqdefault.jpg,AtHeart 앳하트 '3!4!' Official MV,AtHeart,,,AtHeart 앳하트 '3!4!' Official MV AtHeart
2026-09-03,kr,South Korea,top_videos_daily,,93,https://i.ytimg.com/vi/FM9l_F_tlUc/mqdefault.jpg,RIIZE 라이즈 'Sunburst' Dance Practice,RIIZE,,,RIIZE 라이즈 'Sunburst' Dance Practice RIIZE
2026-09-03,kr,South Korea,top_videos_daily,,94,https://i.ytimg.com/vi/Zb1sZ16uWBk/mqdefault.jpg,long for you,Hyunjin / Stray Kids,,,long for you Hyunjin & Stray Kids
2026-09-03,kr,South Korea,top_videos_daily,,95,https://i.ytimg.com/vi/9cS2wv6AfHk/mqdefault.jpg,I LIKE IT,BABYMONSTER,,,I LIKE IT BABYMONSTER
2026-09-03,kr,South Korea,top_videos_daily,,96,https://i.ytimg.com/vi/LsJ9vFGphp4/mqdefault.jpg,경서 - '별이 떨어질 때 (Stardust)' Official MV,KyoungSeo,,,경서 - '별이 떨어질 때 (Stardust)' Official MV KyoungSeo
2026-09-03,kr,South Korea,top_videos_daily,,97,https://i.ytimg.com/vi/-lwj47dDrNU/mqdefault.jpg,"CHAERYEONG “Full Moon” @ ITZY The 5th Fan Meeting “ALL IN, MIDZY”",ITZY,,,"CHAERYEONG “Full Moon” @ ITZY The 5th Fan Meeting “ALL IN, MIDZY” ITZY"
2026-09-03,kr,South Korea,top_videos_daily,,98,https://i.ytimg.com/vi/x3eqqoZPV_E/mqdefault.jpg,춤 (CHOOM),BABYMONSTER,,,춤 (CHOOM) BABYMONSTER
2026-09-03,kr,South Korea,top_videos_daily,,99,https://i.ytimg.com/vi/pTD9Jysi3_g/mqdefault.jpg,빈차 (Home Is Far Away) ft. OH HYUK,Epik High,,,빈차 (Home Is Far Away) ft. OH HYUK Epik High
2026-09-03,kr,South Korea,top_videos_daily,,100,https://i.ytimg.com/vi/VVO05mYGFY8/mqdefault.jpg,만찬가,TAEYEON,"6月 29, 2026",25155,"100 3 만찬가 TAEYEON 6月 29, 2026 97 55 25,155"
2026-09-03,vn,Vietnam,top_videos_daily,,1,https://i.ytimg.com/vi/UH21OnJwxZE/mqdefault.jpg,PHƯƠNG MỸ CHI x DTAP | 'THIÊN ĐƯỜNG VỚI NGƯỜI THƯƠNG' | OFFICIAL MUSIC VIDEO,Phương Mỹ Chi,,,PHƯƠNG MỸ CHI x DTAP | 'THIÊN ĐƯỜNG VỚI NGƯỜI THƯƠNG' | OFFICIAL MUSIC VIDEO Phương Mỹ Chi
2026-09-03,vn,Vietnam,top_videos_daily,,2,https://i.ytimg.com/vi/boKJ5XDs_mY/mqdefault.jpg,JACK - J97 | LƯU NIÊN | Album TAM THÁI TỬ - Track No.4,Jack - J97,,,JACK - J97 | LƯU NIÊN | Album TAM THÁI TỬ - Track No.4 Jack - J97
2026-09-03,vn,Vietnam,top_videos_daily,,3,https://i.ytimg.com/vi/vLa5jvCJMGk/mqdefault.jpg,JACK - J97 | NGƯỜI DƯNG | Album TAM THÁI TỬ - Track No.2,Jack - J97,,,JACK - J97 | NGƯỜI DƯNG | Album TAM THÁI TỬ - Track No.2 Jack - J97
2026-09-03,vn,Vietnam,top_videos_daily,,4,https://i.ytimg.com/vi/FNbT75NoaAI/mqdefault.jpg,JACK - J97 | HOA TRONG ĐÁ | Official Music Video - Album TAM THÁI TỬ - Track No.1,Jack - J97,,,JACK - J97 | HOA TRONG ĐÁ | Official Music Video - Album TAM THÁI TỬ - Track No.1 Jack - J97
2026-09-03,vn,Vietnam,top_videos_daily,,5,https://i.ytimg.com/vi/Rb3hfEPyJxQ/mqdefault.jpg,SECRET,"TINH HÀ ""SAY HI"" / Quang Hùng MasterD / CODYNAMVO / CONGB / Wren Evans",,,"SECRET TINH HÀ ""SAY HI"" , Quang Hùng MasterD , CODYNAMVO , CONGB & Wren Evans"
2026-09-03,vn,Vietnam,top_videos_daily,,6,https://i.ytimg.com/vi/4jjOH2FR6-E/mqdefault.jpg,xương rồng (intro),Dangrangto / DONAL,,,xương rồng (intro) Dangrangto & DONAL
2026-09-03,vn,Vietnam,top_videos_daily,,7,https://i.ytimg.com/vi/QCr4Wf_eJHo/mqdefault.jpg,Đến Khi Nào,Yanbi,,,Đến Khi Nào Yanbi
2026-09-03,vn,Vietnam,top_videos_daily,,8,https://i.ytimg.com/vi/qM9woZ4i36Q/mqdefault.jpg,JACK - J97 | ANH YÊU EM (我愛你) | Album TAM THÁI TỬ - Track No.3,Jack - J97,,,JACK - J97 | ANH YÊU EM (我爱你) | Album TAM THÁI TỬ - Track No.3 Jack - J97
2026-09-03,vn,Vietnam,top_videos_daily,,9,https://i.ytimg.com/vi/cwlToxaWuL8/mqdefault.jpg,MRT,"TINH HÀ ""SAY HI"" / XUÂN ĐỊNH KY / buitruonglinh / CAPTAIN BOY / HYO",,,"MRT TINH HÀ ""SAY HI"" , XUÂN ĐỊNH KY , buitruonglinh , CAPTAIN BOY & HYO"
2026-09-03,vn,Vietnam,top_videos_daily,,10,https://i.ytimg.com/vi/l4Pkem30Q60/mqdefault.jpg,Kẻ Say Tình (Live),Quoc Thien,,,Kẻ Say Tình (Live) Quoc Thien
2026-09-03,vn,Vietnam,top_videos_daily,,11,https://i.ytimg.com/vi/-b5i8iB0lSY/mqdefault.jpg,Những Người Hùng Không Tên - Du Thiên | Sáng Tác: Thành Đô|Ca Khúc Hưởng Ứng Chiến Dịch 500 Ngày Đêm,Du Thiên,,500,Những Người Hùng Không Tên - Du Thiên | Sáng Tác: Thành Đô|Ca Khúc Hưởng Ứng Chiến Dịch 500 Ngày Đêm Du Thiên
2026-09-03,vn,Vietnam,top_videos_daily,,12,https://i.ytimg.com/vi/8sVtL0o-v7U/mqdefault.jpg,Người Im Lặng Gặp Người Hay Nói,HIEUTHUHAI,,,Người Im Lặng Gặp Người Hay Nói HIEUTHUHAI
2026-09-03,vn,Vietnam,top_videos_daily,,13,https://i.ytimg.com/vi/46h0LvDHgIs/mqdefault.jpg,TUIDE (튜이드) ‘SUN KISS’ Official MV,HYBE LABELS,,,TUIDE (튜이드) ‘SUN KISS’ Official MV HYBE LABELS
2026-09-03,vn,Vietnam,top_videos_daily,,14,https://i.ytimg.com/vi/csgufUMzsGc/mqdefault.jpg,"KHẮP CHỐN THIÊN HÀ - ĐẠI NGHĨA, THUẬN NGUYỄN, ĐÔNG HÙNG, OSAD, HÀ AN HUY | ATVNCG 2026",YEAH1 MUSIC,,2026,"KHẮP CHỐN THIÊN HÀ - ĐẠI NGHĨA, THUẬN NGUYỄN, ĐÔNG HÙNG, OSAD, HÀ AN HUY | ATVNCG 2026 YEAH1 MUSIC"
2026-09-03,vn,Vietnam,top_videos_daily,,15,https://i.ytimg.com/vi/qbek-A-CJJU/mqdefault.jpg,GIÁ NHƯ ANH LÀ EM - LỆ QUYÊN | OFFICIAL MUSIC VIDEO,麗娟,,,GIÁ NHƯ ANH LÀ EM - LỆ QUYÊN | OFFICIAL MUSIC VIDEO 麗娟
2026-09-03,vn,Vietnam,top_videos_daily,,16,https://i.ytimg.com/vi/l_uzEREOKfo/mqdefault.jpg,THẾ GIỚI CỦA ANH,Dương Domic / buitruonglinh / CONGB / WEAN / Vận Toàn,,,"THẾ GIỚI CỦA ANH Dương Domic , buitruonglinh , CONGB , WEAN & Vận Toàn"
2026-09-03,vn,Vietnam,top_videos_daily,,17,https://i.ytimg.com/vi/9eL4Scy4-Ys/mqdefault.jpg,"Ác Mộng Đẹp - Đạt G | Chapter 3: Đẹp | Album ""Ác Mộng Đẹp""",DatG Music,,,"Ác Mộng Đẹp - Đạt G | Chapter 3: Đẹp | Album ""Ác Mộng Đẹp"" DatG Music"
2026-09-03,vn,Vietnam,top_videos_daily,,18,https://i.ytimg.com/vi/S2uRy0Gi20I/mqdefault.jpg,GIẬN HỜN ĐỂ ĐƯỢC YÊU - ANH BA TRỨNG - BOLERO - SÁNG TÁC MỚI NGHE CỰC ÊM TAI,Anh Ba Trứng,,,GIẬN HỜN ĐỂ ĐƯỢC YÊU - ANH BA TRỨNG - BOLERO - SÁNG TÁC MỚI NGHE CỰC ÊM TAI Anh Ba Trứng
2026-09-03,vn,Vietnam,top_videos_daily,,19,https://i.ytimg.com/vi/s466YCiHfKw/mqdefault.jpg,FALLEN ANGEL (Official Video),JENNIE,,,FALLEN ANGEL (Official Video) JENNIE
2026-09-03,vn,Vietnam,top_videos_daily,,20,https://i.ytimg.com/vi/RM-LMRqL5zE/mqdefault.jpg,Gián Đáng Iu Hongg?,Lâm Thằn Lằn / The New Gene,,,Gián Đáng Iu Hongg? Lâm Thằn Lằn & The New Gene
2026-09-03,vn,Vietnam,top_videos_daily,,21,https://i.ytimg.com/vi/m02XxGwlJfw/mqdefault.jpg,NGƯỜI VỀ XA THÀNH PHỐ - GIỌNG CA CHINH PHỤC TRIỆU CON TIM ► Trúc Linh BOLERO (MV 4K),Trúc Linh,,,NGƯỜI VỀ XA THÀNH PHỐ - GIỌNG CA CHINH PHỤC TRIỆU CON TIM ► Trúc Linh BOLERO (MV 4K) Trúc Linh
2026-09-03,vn,Vietnam,top_videos_daily,,22,https://i.ytimg.com/vi/q4TWrmwiufo/mqdefault.jpg,TAEMIN (태민) - 'FLOAT' Official MV,태민 (TAEMIN),,,TAEMIN (태민) - 'FLOAT' Official MV 태민 (TAEMIN)
2026-09-03,vn,Vietnam,top_videos_daily,,23,https://i.ytimg.com/vi/uUQG8sk7cLs/mqdefault.jpg,Kẻ Say Tình 2,Quốc Thiên,,,Kẻ Say Tình 2 Quốc Thiên
2026-09-03,vn,Vietnam,top_videos_daily,,24,https://i.ytimg.com/vi/xJ1uMrL9Rwo/mqdefault.jpg,Ngồi Nghe Em Khóc,DatG Music,,,Ngồi Nghe Em Khóc DatG Music
2026-09-03,vn,Vietnam,top_videos_daily,,25,https://i.ytimg.com/vi/HedP3E7ljhk/mqdefault.jpg,Xin Đừng Rời Xa Anh (Truzg Remix) | Lê Gia Bảo | Nhạc Hot Trend TikTok 2026,Lê Gia Bảo,,2026,Xin Đừng Rời Xa Anh (Truzg Remix) | Lê Gia Bảo | Nhạc Hot Trend TikTok 2026 Lê Gia Bảo
2026-09-03,vn,Vietnam,top_videos_daily,,26,https://i.ytimg.com/vi/dTZGuJACBWg/mqdefault.jpg,"gái tây gốc Việt | Nicole Nguyễn ft Tommy Tèo, Billy100 | OFFICIAL MV",Grammy Music Vietnam,,100,"gái tây gốc Việt | Nicole Nguyễn ft Tommy Tèo, Billy100 | OFFICIAL MV Grammy Music Vietnam"
2026-09-03,vn,Vietnam,top_videos_daily,,27,https://i.ytimg.com/vi/jM6UrE3Bxw4/mqdefault.jpg,Tự Do Như Cơn Gió,Xanh,,,Tự Do Như Cơn Gió Xanh
2026-09-03,vn,Vietnam,top_videos_daily,,28,https://i.ytimg.com/vi/YbLEl4PFyPM/mqdefault.jpg,Để Anh Lương Thiện (HuyPT Remix),An Clock / Meme Media,,,Để Anh Lương Thiện (HuyPT Remix) An Clock & Meme Media
2026-09-03,vn,Vietnam,top_videos_daily,,29,https://i.ytimg.com/vi/sPQXOA6pzOg/mqdefault.jpg,Ngày Rời Chuyến Bay,Minh Huy / Pinny,,,Ngày Rời Chuyến Bay Minh Huy & Pinny
2026-09-03,vn,Vietnam,top_videos_daily,,30,https://i.ytimg.com/vi/8-bKjcADU18/mqdefault.jpg,MƯA VỘI PHÓNG,Wren Evans / Ali Hoàng Dương / CODY Nam Võ / HYO / 2Pillz,,,"MƯA VỘI PHÓNG Wren Evans , Ali Hoàng Dương , CODY Nam Võ , HYO & 2Pillz"
2026-09-03,vn,Vietnam,top_videos_daily,,31,https://i.ytimg.com/vi/6uVJqD2hSGQ/mqdefault.jpg,07. Em - Binz (feat. SOOBIN) | Gặp Lại Album,Binz,,,07. Em - Binz (feat. SOOBIN) | Gặp Lại Album Binz
2026-09-03,vn,Vietnam,top_videos_daily,,32,https://i.ytimg.com/vi/XpY62G82-HI/mqdefault.jpg,Thương Lấy Phận Mình (Remix),Thái Học,,,Thương Lấy Phận Mình (Remix) Thái Học
2026-09-03,vn,Vietnam,top_videos_daily,,33,https://i.ytimg.com/vi/hzUG1erf3Yw/mqdefault.jpg,Xin Đừng Rời Xa Anh (Beat),Lê Gia Bảo,,,Xin Đừng Rời Xa Anh (Beat) Lê Gia Bảo
2026-09-03,vn,Vietnam,top_videos_daily,,34,https://i.ytimg.com/vi/Bhg-Gw953b0/mqdefault.jpg,Jack | Hoa Hải Đường | Official Music Video,Jack - J97,,,Jack | Hoa Hải Đường | Official Music Video Jack - J97
2026-09-03,vn,Vietnam,top_videos_daily,,35,https://i.ytimg.com/vi/O5nlyrBH3FQ/mqdefault.jpg,CILU (Cuz I Luv U) - JGKiD (Da LAB) x MPaKK (Da LAB) (Official MV),Da LAB,,,CILU (Cuz I Luv U) - JGKiD (Da LAB) x MPaKK (Da LAB) (Official MV) Da LAB
2026-09-03,vn,Vietnam,top_videos_daily,,36,https://i.ytimg.com/vi/NJuNJ8Xs_00/mqdefault.jpg,Nhà Tôi Có Treo Một Lá Cờ,DTAP,,,Nhà Tôi Có Treo Một Lá Cờ DTAP
2026-09-03,vn,Vietnam,top_videos_daily,,37,https://i.ytimg.com/vi/30g86GTdRpM/mqdefault.jpg,"XUÂN THÌ - TÙNG MINT, HOÀNG TÔN, ĐÔNG HÙNG | Anh Trai Vượt Ngàn Chông Gai 2026",YEAH1 MUSIC,,2026,"XUÂN THÌ - TÙNG MINT, HOÀNG TÔN, ĐÔNG HÙNG | Anh Trai Vượt Ngàn Chông Gai 2026 YEAH1 MUSIC"
2026-09-03,vn,Vietnam,top_videos_daily,,38,https://i.ytimg.com/vi/bZZn2B11b_c/mqdefault.jpg,Thanh Tân,VƯƠNG BÌNH / Thùy Chi,,,Thanh Tân VƯƠNG BÌNH & Thùy Chi
2026-09-03,vn,Vietnam,top_videos_daily,,39,https://i.ytimg.com/vi/9tcFnx0-cQY/mqdefault.jpg,Người Đáng Thương Là Anh,Only C,,,Người Đáng Thương Là Anh Only C
2026-09-03,vn,Vietnam,top_videos_daily,,40,https://i.ytimg.com/vi/fcnDmrtj6Sk/mqdefault.jpg,Dai Dai,Shakira / Burna Boy,,,Dai Dai Shakira & Burna Boy
2026-09-03,vn,Vietnam,top_videos_daily,,41,https://i.ytimg.com/vi/T7ksmtaVeOk/mqdefault.jpg,In Love,JustaTee / Low G,,,In Love JustaTee & Low G
2026-09-03,vn,Vietnam,top_videos_daily,,42,https://i.ytimg.com/vi/XwshmJV-DHg/mqdefault.jpg,"Quang Hùng MasterD - 'SECRET' (ft. Cody Nam Võ, Wren Evans, CONGB) / TINH HÀ SAY HI",Quang Hùng MasterD,,,"Quang Hùng MasterD - 'SECRET' (ft. Cody Nam Võ, Wren Evans, CONGB) / TINH HÀ SAY HI Quang Hùng MasterD"
2026-09-03,vn,Vietnam,top_videos_daily,,43,https://i.ytimg.com/vi/s76BtB81Oms/mqdefault.jpg,ĐỚN ĐAU VÔ CÙNG,DatKaa,,,ĐỚN ĐAU VÔ CÙNG DatKaa
2026-09-03,vn,Vietnam,top_videos_daily,,44,https://i.ytimg.com/vi/Udc6MAAZT30/mqdefault.jpg,Từng Là Của Nhau,Bảo Anh / Táo,,,Từng Là Của Nhau Bảo Anh & Táo
2026-09-03,vn,Vietnam,top_videos_daily,,45,https://i.ytimg.com/vi/1zZQa0-QQIA/mqdefault.jpg,"NEXZ(넥스지) ""SAUCIN'"" M/V",JYP Entertainment,,,"NEXZ(넥스지) ""SAUCIN'"" M/V JYP Entertainment"
2026-09-03,vn,Vietnam,top_videos_daily,,46,https://i.ytimg.com/vi/k7YJHCR9JBE/mqdefault.jpg,50 Năm Về Sau,Đặng Thanh Tuyền,,,50 Năm Về Sau Đặng Thanh Tuyền
2026-09-03,vn,Vietnam,top_videos_daily,,47,https://i.ytimg.com/vi/4npRiky2Ukg/mqdefault.jpg,PHƯƠNG MỸ CHI x DTAP | THỬ LÒNG QUÂN TỬ (ft. RHYDER) | OFFICIAL VISUALIZER,Phương Mỹ Chi,,,PHƯƠNG MỸ CHI x DTAP | THỬ LÒNG QUÂN TỬ (ft. RHYDER) | OFFICIAL VISUALIZER Phương Mỹ Chi
2026-09-03,vn,Vietnam,top_videos_daily,,48,https://i.ytimg.com/vi/yebNIHKAC4A/mqdefault.jpg,Golden,HUNTR/X / EJAE / AUDREY NUNA / REI AMI / KPop Demon Hunters Cast,,,"Golden HUNTR/X , EJAE , AUDREY NUNA , REI AMI & KPop Demon Hunters Cast"
2026-09-03,vn,Vietnam,top_videos_daily,,49,https://i.ytimg.com/vi/yszxOH4e5eA/mqdefault.jpg,Mối Duyên Vàng,Võ Thu Hà / Tuấn Cry,,,Mối Duyên Vàng Võ Thu Hà & Tuấn Cry
2026-09-03,vn,Vietnam,top_videos_daily,,50,https://i.ytimg.com/vi/fdFRy9zBdMo/mqdefault.jpg,Kẻ Say Tình 2 (Live),Quoc Thien,,,Kẻ Say Tình 2 (Live) Quoc Thien
2026-09-03,vn,Vietnam,top_videos_daily,,51,https://i.ytimg.com/vi/_OeDb2xHitE/mqdefault.jpg,"BUỒN THÌ CỨ KHÓC ĐI - WILL, IT'S CHARLES., K.O | Anh Trai Vượt Ngàn Chông Gai 2026",YEAH1 MUSIC,,2026,"BUỒN THÌ CỨ KHÓC ĐI - WILL, IT'S CHARLES., K.O | Anh Trai Vượt Ngàn Chông Gai 2026 YEAH1 MUSIC"
2026-09-03,vn,Vietnam,top_videos_daily,,52,https://i.ytimg.com/vi/kV3famkRaA4/mqdefault.jpg,Tâm Sự Tuổi 30,Trịnh Thăng Bình,,,Tâm Sự Tuổi 30 Trịnh Thăng Bình
2026-09-03,vn,Vietnam,top_videos_daily,,53,https://i.ytimg.com/vi/oAwzFFEYm38/mqdefault.jpg,Girls' Generation-HRS 소녀시대-효리수 'Skibidi' Performance Video,SMTOWN,,,Girls' Generation-HRS 소녀시대-효리수 'Skibidi' Performance Video SMTOWN
2026-09-03,vn,Vietnam,top_videos_daily,,54,https://i.ytimg.com/vi/mpduH7v8Zhg/mqdefault.jpg,"NHỎ XÍU NHỎ XIU - THƠM (Da LAB), JUN PHẠM, HUỲNH LẬP, IT'S CHARLES., HỒ ĐÔNG QUAN | ATVNCG 2026",YEAH1 MUSIC,,2026,"NHỎ XÍU NHỎ XIU - THƠM (Da LAB), JUN PHẠM, HUỲNH LẬP, IT'S CHARLES., HỒ ĐÔNG QUAN | ATVNCG 2026 YEAH1 MUSIC"
2026-09-03,vn,Vietnam,top_videos_daily,,55,https://i.ytimg.com/vi/L7HhTKJx0gU/mqdefault.jpg,82MAJOR(82메이저) 'Like Fire' MV,82MAJOR,,,82MAJOR(82메이저) 'Like Fire' MV 82MAJOR
2026-09-03,vn,Vietnam,top_videos_daily,,56,https://i.ytimg.com/vi/Z3l1eSZBBtc/mqdefault.jpg,Tình Khúc Vàng (R&B Version) - NDMT,NDMT,,,Tình Khúc Vàng (R&B Version) - NDMT NDMT
2026-09-03,vn,Vietnam,top_videos_daily,,57,https://i.ytimg.com/vi/VI8jR0Czr1o/mqdefault.jpg,Chín Tháng Mười Ngày (Beat),Trọng Thao,,,Chín Tháng Mười Ngày (Beat) Trọng Thao
2026-09-03,vn,Vietnam,top_videos_daily,,58,https://i.ytimg.com/vi/h0FBMWgPCsg/mqdefault.jpg,CHÚ CHÓ SAO ĐỎ - ĐÀO NGUYỄN ÁNH | COMEDY MUSIC VIDEO,Dao Nguyen Anh,,,CHÚ CHÓ SAO ĐỎ - ĐÀO NGUYỄN ÁNH | COMEDY MUSIC VIDEO Dao Nguyen Anh
2026-09-03,vn,Vietnam,top_videos_daily,,59,https://i.ytimg.com/vi/ERffoKZzKnU/mqdefault.jpg,"Từ Khi Có Em - Song Ca - Cha Cha Cha – Rumba | Nhạc Trữ Tình Sôi Động, Ngọt Ngào | Chú Mười Ba",Chú Mười Ba,,,"Từ Khi Có Em - Song Ca - Cha Cha Cha – Rumba | Nhạc Trữ Tình Sôi Động, Ngọt Ngào | Chú Mười Ba Chú Mười Ba"
2026-09-03,vn,Vietnam,top_videos_daily,,60,https://i.ytimg.com/vi/xxe5d9QJav4/mqdefault.jpg,Sandwich & Story,EmceeDan / MONO,,,Sandwich & Story EmceeDan & MONO
2026-09-03,vn,Vietnam,top_videos_daily,,61,https://i.ytimg.com/vi/X-GCJwz4PnY/mqdefault.jpg,Buồn Thì Cứ Khóc Đi,Lynk Lee,,,Buồn Thì Cứ Khóc Đi Lynk Lee
2026-09-03,vn,Vietnam,top_videos_daily,,62,https://i.ytimg.com/vi/qQtoYQ9TQto/mqdefault.jpg,Đến Khi Nào,克越,"9月 10, 2014",90489,"62 1 Đến Khi Nào 克越 9月 10, 2014 63 5 90,489"
2026-09-03,vn,Vietnam,top_videos_daily,,63,https://i.ytimg.com/vi/HhwjCZUS2Zw/mqdefault.jpg,ĐẾN KHI NÀO (Chill Out Version) - YANBI COVER x KHẮC VIỆT | Đến Khi Nào Mặt Trời Ngừng Chiếu...,Khoảng Trời Âm Nhạc,,,ĐẾN KHI NÀO (Chill Out Version) - YANBI COVER x KHẮC VIỆT | Đến Khi Nào Mặt Trời Ngừng Chiếu... Khoảng Trời Âm Nhạc
2026-09-03,vn,Vietnam,top_videos_daily,,64,https://i.ytimg.com/vi/Sfaq2fod3lY/mqdefault.jpg,KHÓC THẦM - Thúy Phương Bolero (Official MV 4K) | MỞ THẬT TO Cho Cả Xóm Nghe Ai Nghe Cũng Khóc,Phòng Trà Hoài Cổ,,,KHÓC THẦM - Thúy Phương Bolero (Official MV 4K) | MỞ THẬT TO Cho Cả Xóm Nghe Ai Nghe Cũng Khóc Phòng Trà Hoài Cổ
2026-09-03,vn,Vietnam,top_videos_daily,,65,https://i.ytimg.com/vi/KV6qDhy_Hwg/mqdefault.jpg,Nhạc 8x 9x - Tình Đơn Phương 2 - Nhạc Hoa Lời Việt - Steven Beat,Steven Beat,,,Nhạc 8x 9x - Tình Đơn Phương 2 - Nhạc Hoa Lời Việt - Steven Beat Steven Beat
2026-09-03,vn,Vietnam,top_videos_daily,,66,https://i.ytimg.com/vi/qz-uJ-xX8K8/mqdefault.jpg,LK Hãy Quên Nhau & Ngày Buồn,Ngoc Chau / Mai Quốc Huy,,,LK Hãy Quên Nhau & Ngày Buồn Ngoc Chau & Mai Quốc Huy
2026-09-03,vn,Vietnam,top_videos_daily,,67,https://i.ytimg.com/vi/ZQsXySoECfo/mqdefault.jpg,IM ĐỢI NGƯỜI ANH THƯƠNG,Wren Evans / CAPTAIN BOY / IVAN / Thể Thiên,,,"IM ĐỢI NGƯỜI ANH THƯƠNG Wren Evans , CAPTAIN BOY , IVAN & Thể Thiên"
2026-09-03,vn,Vietnam,top_videos_daily,,68,https://i.ytimg.com/vi/WahLapMImJU/mqdefault.jpg,Hai Chữ Tiền Tình – Giọng Ca Độc Lạ Phương Dung | MV Tâm Trạng 2025 | St : Nhạc Sĩ Thanh Hùng,Phương Dung Bolero,,2025,Hai Chữ Tiền Tình – Giọng Ca Độc Lạ Phương Dung | MV Tâm Trạng 2025 | St : Nhạc Sĩ Thanh Hùng Phương Dung Bolero
2026-09-03,vn,Vietnam,top_videos_daily,,69,https://i.ytimg.com/vi/5EyGsaUKQ5Y/mqdefault.jpg,PHƯƠNG MỸ CHI x DTAP | XÂY XẨM | OFFICIAL VISUALIZER,Phương Mỹ Chi,,,PHƯƠNG MỸ CHI x DTAP | XÂY XẨM | OFFICIAL VISUALIZER Phương Mỹ Chi
2026-09-03,vn,Vietnam,top_videos_daily,,70,https://i.ytimg.com/vi/SAqAG9sO22I/mqdefault.jpg,KHÁT VỌNG VINH QUANG | Tùng Dương - Live at ASEAN Huyndai Cup 2026,阮文鍾,,2026,KHÁT VỌNG VINH QUANG | Tùng Dương - Live at ASEAN Huyndai Cup 2026 阮文鍾
2026-09-03,vn,Vietnam,top_videos_daily,,71,https://i.ytimg.com/vi/i724lraI93s/mqdefault.jpg,Bốn Chữ Lắm,Trúc Nhân,,,Bốn Chữ Lắm Trúc Nhân
2026-09-03,vn,Vietnam,top_videos_daily,,72,https://i.ytimg.com/vi/WX1hKljVUEs/mqdefault.jpg,"NHỮNG NĂM THÁNG ẤY - THÁI VG, NGUYỄN VĂN CHUNG, TÙNG MINT, TRỊNH THĂNG BÌNH, ĐINH MẠNH NINH",YEAH1 MUSIC,,,"NHỮNG NĂM THÁNG ẤY - THÁI VG, NGUYỄN VĂN CHUNG, TÙNG MINT, TRỊNH THĂNG BÌNH, ĐINH MẠNH NINH YEAH1 MUSIC"
2026-09-03,vn,Vietnam,top_videos_daily,,73,https://i.ytimg.com/vi/BEmx_4VWKd8/mqdefault.jpg,Sơn Thủy Trùng Mây Remix (Ver Hot TikTok) - Rồi Mưa Giông Đến Đây Thiếu Vắng Một Bóng Hình Đình Bắc,Anh Rồng / Jena,,,Sơn Thủy Trùng Mây Remix (Ver Hot TikTok) - Rồi Mưa Giông Đến Đây Thiếu Vắng Một Bóng Hình Đình Bắc Anh Rồng & Jena
2026-09-03,vn,Vietnam,top_videos_daily,,74,https://i.ytimg.com/vi/kj7FXhECpSw/mqdefault.jpg,NGƯỢC LỐI YÊU (LIVE STAGE) - VICKY NHUNG x CHU THÚY QUỲNH | LIVE AT PHÒNG TRÀ BẾN THÀNH,Vicky Nhung,,,NGƯỢC LỐI YÊU (LIVE STAGE) - VICKY NHUNG x CHU THÚY QUỲNH | LIVE AT PHÒNG TRÀ BẾN THÀNH Vicky Nhung
2026-09-03,vn,Vietnam,top_videos_daily,,75,https://i.ytimg.com/vi/SA35ldy92s0/mqdefault.jpg,Chiều Hôm Ấy,JayKii,,,Chiều Hôm Ấy JayKii
2026-09-03,vn,Vietnam,top_videos_daily,,76,https://i.ytimg.com/vi/xqn3_WKnlW4/mqdefault.jpg,Nước Mắt Mẹ Cha - Ân Thiên Vỹ - Nước mắt chảy xuôi có bao giờ .. Hát Về Mẹ Cha Nghe 100%Khóc nức nở,Thương Quá Việt Nam,,100,Nước Mắt Mẹ Cha - Ân Thiên Vỹ - Nước mắt chảy xuôi có bao giờ .. Hát Về Mẹ Cha Nghe 100%Khóc nức nở Thương Quá Việt Nam
2026-09-03,vn,Vietnam,top_videos_daily,,77,https://i.ytimg.com/vi/CBtkDw-Zg3Q/mqdefault.jpg,Karaoke Cô Gái Mở Đường Tone Nữ Nhạc Sống Phối Mới | Nguyễn Linh,Nhạc sống Nguyễn Linh,,,Karaoke Cô Gái Mở Đường Tone Nữ Nhạc Sống Phối Mới | Nguyễn Linh Nhạc sống Nguyễn Linh
2026-09-03,vn,Vietnam,top_videos_daily,,78,https://i.ytimg.com/vi/uuTT21tabiw/mqdefault.jpg,MỘNG DUYÊN,Quang Hùng MasterD / JSOL / Sơn.K / Song Luân / Emil Vergo,,,"MỘNG DUYÊN Quang Hùng MasterD , JSOL , Sơn.K , Song Luân & Emil Vergo"
2026-09-03,vn,Vietnam,top_videos_daily,,79,https://i.ytimg.com/vi/5qqUYmJZc6Q/mqdefault.jpg,Thương Thầm Cô Lái Đò (Remix),Tiến võ,,,Thương Thầm Cô Lái Đò (Remix) Tiến võ
2026-09-03,vn,Vietnam,top_videos_daily,,80,https://i.ytimg.com/vi/b6bSGu1YdRM/mqdefault.jpg,AtHeart 앳하트 '3!4!' Official MV,AtHeart,,,AtHeart 앳하트 '3!4!' Official MV AtHeart
2026-09-03,vn,Vietnam,top_videos_daily,,81,https://i.ytimg.com/vi/Dcn6dFujluE/mqdefault.jpg,Biển Mặn - Ca khúc làm triệu trái tim tan chảy | Phương Dung | St: Trần Thiện Thanh,Phương Dung Bolero,,,Biển Mặn - Ca khúc làm triệu trái tim tan chảy | Phương Dung | St: Trần Thiện Thanh Phương Dung Bolero
2026-09-03,vn,Vietnam,top_videos_daily,,82,https://i.ytimg.com/vi/x_QbJMJ8dbQ/mqdefault.jpg,Đêm Nghe Hát Đò Đưa Nhớ Bác (Live),Bùi Lê Mận,,,Đêm Nghe Hát Đò Đưa Nhớ Bác (Live) Bùi Lê Mận
2026-09-03,vn,Vietnam,top_videos_daily,,83,https://i.ytimg.com/vi/ws5MyStHNas/mqdefault.jpg,PHƯƠNG MỸ CHI x DTAP x HOÀI SƠN | DẮT ANH CHƠI HỘI | OFFICIAL VISUALIZER,Phương Mỹ Chi,,,PHƯƠNG MỸ CHI x DTAP x HOÀI SƠN | DẮT ANH CHƠI HỘI | OFFICIAL VISUALIZER Phương Mỹ Chi
2026-09-03,vn,Vietnam,top_videos_daily,,84,https://i.ytimg.com/vi/PF3exV7ck7s/mqdefault.jpg,"Gửi em, người bất tử | Ân Ngờ FT. Mỹ Mỹ (Official MV) [Mini Album 0 Ngờ]",Ân ngờ,,,"Gửi em, người bất tử | Ân Ngờ FT. Mỹ Mỹ (Official MV) [Mini Album 0 Ngờ] Ân ngờ"
2026-09-03,vn,Vietnam,top_videos_daily,,85,https://i.ytimg.com/vi/XLbOWqjmj4Q/mqdefault.jpg,Động Thăng Thiên,Vanh Leg,,,Động Thăng Thiên Vanh Leg
2026-09-03,vn,Vietnam,top_videos_daily,,86,https://i.ytimg.com/vi/pMUgdBS6tCA/mqdefault.jpg,Ở Hai Đầu Nỗi Nhớ,Minh Vuong M4U / Le Thuy,,,Ở Hai Đầu Nỗi Nhớ Minh Vuong M4U & Le Thuy
2026-09-03,vn,Vietnam,top_videos_daily,,87,https://i.ytimg.com/vi/kXUjz4xQKRo/mqdefault.jpg,PHƯƠNG MỸ CHI x DTAP | CHỌN MẶT GỬI VÀNG (ft. DOUBLE2T) | OFFICIAL VISUALIZER,Phương Mỹ Chi,,,PHƯƠNG MỸ CHI x DTAP | CHỌN MẶT GỬI VÀNG (ft. DOUBLE2T) | OFFICIAL VISUALIZER Phương Mỹ Chi
2026-09-03,vn,Vietnam,top_videos_daily,,88,https://i.ytimg.com/vi/ss3NJ7uopjc/mqdefault.jpg,Liệu Giờ,2T,"4月 14, 2019",73401,"88 12 Liệu Giờ 2T 4月 14, 2019 76 12 73,401"
2026-09-03,vn,Vietnam,top_videos_daily,,89,https://i.ytimg.com/vi/Eq0dxOeUtjY/mqdefault.jpg,KARAOKE - Kẻ Say Tình - Quốc Thiên | Sáng tác: Lê Cương | Live Concert SKYNote 2025,Quốc Thiên Official,,2025,KARAOKE - Kẻ Say Tình - Quốc Thiên | Sáng tác: Lê Cương | Live Concert SKYNote 2025 Quốc Thiên Official
2026-09-03,vn,Vietnam,top_videos_daily,,90,https://i.ytimg.com/vi/9bdCgrrBUWE/mqdefault.jpg,Thiệp Hồng Chung Tên,Út Nhị Mino,,,Thiệp Hồng Chung Tên Út Nhị Mino
2026-09-03,vn,Vietnam,top_videos_daily,,91,https://i.ytimg.com/vi/FSeGrBw5eFA/mqdefault.jpg,Thất Tình,Trịnh Đình Quang,,,Thất Tình Trịnh Đình Quang
2026-09-03,vn,Vietnam,top_videos_daily,,92,https://i.ytimg.com/vi/9ZMRv5Hu5m0/mqdefault.jpg,SỰ ƯU TIÊN CỦA EM ( KARAOKE TONE NỮ ) - LÊ GIA BẢO X THÁI HỌC | Karaoke Lâm Organ,LÂM ORGAN,,,SỰ ƯU TIÊN CỦA EM ( KARAOKE TONE NỮ ) - LÊ GIA BẢO X THÁI HỌC | Karaoke Lâm Organ LÂM ORGAN
2026-09-03,vn,Vietnam,top_videos_daily,,93,https://i.ytimg.com/vi/bnj1xUDkpBk/mqdefault.jpg,Giấc Mộng Ca Sĩ,Vanh Leg,,,Giấc Mộng Ca Sĩ Vanh Leg
2026-09-03,vn,Vietnam,top_videos_daily,,94,https://i.ytimg.com/vi/VE0eLQUESVU/mqdefault.jpg,Làm Người Lạ Đi Anh,Thùy Hương,,,Làm Người Lạ Đi Anh Thùy Hương
2026-09-03,vn,Vietnam,top_videos_daily,,95,https://i.ytimg.com/vi/CD_BFGQkIgY/mqdefault.jpg,SỰ ƯU TIÊN CỦA EM,Kiều Chi,,,SỰ ƯU TIÊN CỦA EM Kiều Chi
2026-09-03,vn,Vietnam,top_videos_daily,,96,https://i.ytimg.com/vi/4tUe3pf1c6o/mqdefault.jpg,Nuối Tiếc Tâm Can Cặp Đôi Tân Cổ Tình Yêu 2025 | Tân Cổ Vẫy Tay Chào - Hoàng Việt Trang ft Vy Oanh,NS Hoàng Việt Trang,,2025,Nuối Tiếc Tâm Can Cặp Đôi Tân Cổ Tình Yêu 2025 | Tân Cổ Vẫy Tay Chào - Hoàng Việt Trang ft Vy Oanh NS Hoàng Việt Trang
2026-09-03,vn,Vietnam,top_videos_daily,,97,https://i.ytimg.com/vi/hE1JBFKSlVQ/mqdefault.jpg,Anh Trương Nội Thất Remix (Bản Hot TikTok) - AM FANTASY ♫ Anh Trương Nội Thất Chuyên Sản Xuất Remix,AM FANTASY,,,Anh Trương Nội Thất Remix (Bản Hot TikTok) - AM FANTASY ♫ Anh Trương Nội Thất Chuyên Sản Xuất Remix AM FANTASY
2026-09-03,vn,Vietnam,top_videos_daily,,98,https://i.ytimg.com/vi/3fmZW7zHEpo/mqdefault.jpg,NGÀY XƯA ANH NÓI 🎤 GIỌNG CA GÂY THƯƠNG NHỚ HÀNG TRIỆU NGƯỜi ► Trúc Linh BOLERO (MV 4K),Trúc Linh,,,NGÀY XƯA ANH NÓI 🎤 GIỌNG CA GÂY THƯƠNG NHỚ HÀNG TRIỆU NGƯỜi ► Trúc Linh BOLERO (MV 4K) Trúc Linh
2026-09-03,vn,Vietnam,top_videos_daily,,99,https://i.ytimg.com/vi/OhdvNHmJDsw/mqdefault.jpg,MONEYMONEYMONEY,CORTIS,,,MONEYMONEYMONEY CORTIS
2026-09-03,vn,Vietnam,top_videos_daily,,100,https://i.ytimg.com/vi/K9LuZ_FLllk/mqdefault.jpg,Liên khúc Thuyền Xa Bến Đỗ & Trả Lại Em - Phương Anh & Trần Anh Tiến | Official 4K MV,Phương Anh Bolero,,,Liên khúc Thuyền Xa Bến Đỗ & Trả Lại Em - Phương Anh & Trần Anh Tiến | Official 4K MV Phương Anh Bolero
2026-09-03,th,Thailand,top_videos_daily,,1,https://i.ytimg.com/vi/23cipSExADA/mqdefault.jpg,เพราะพี่รักจริง,หนึ่ง บีเคแบนด์,,,เพราะพี่รักจริง หนึ่ง บีเคแบนด์
2026-09-03,th,Thailand,top_videos_daily,,2,https://i.ytimg.com/vi/RrWFlqoWIHY/mqdefault.jpg,ไม่รักดีกว่า,Z9,"8月 19, 2026",1049501,"2 ● ไม่รักดีกว่า Z9 8月 19, 2026 2 14 1,049,501"
2026-09-03,th,Thailand,top_videos_daily,,3,https://i.ytimg.com/vi/XMIQl182If4/mqdefault.jpg,มีตังค์หมุน,YONIA,,,มีตังค์หมุน YONIA
2026-09-03,th,Thailand,top_videos_daily,,4,https://i.ytimg.com/vi/C40oligg6xE/mqdefault.jpg,นาฬิกาทราย (sign),BOWKYLION,,,นาฬิกาทราย (sign) BOWKYLION
2026-09-03,th,Thailand,top_videos_daily,,5,https://i.ytimg.com/vi/zMciAtU4miE/mqdefault.jpg,บ่มีสิทธิ์ - ธีร์ ทีเร็กซ์ x หยุด สาละวัน : เซิ้ง|Music 【Official MV】,SERNG MUSiC OFFICIAL,,,บ่มีสิทธิ์ - ธีร์ ทีเร็กซ์ x หยุด สาละวัน : เซิ้ง|Music 【Official MV】 SERNG MUSiC OFFICIAL
2026-09-03,th,Thailand,top_videos_daily,,6,https://i.ytimg.com/vi/E-xqEPPyciw/mqdefault.jpg,ทิ้งกันไม่ได้หรอก,JSPKK / แจ๊ส สปุ๊กนิค ปาปิยอง กุ๊กกุ๊ก,,,ทิ้งกันไม่ได้หรอก JSPKK & แจ๊ส สปุ๊กนิค ปาปิยอง กุ๊กกุ๊ก
2026-09-03,th,Thailand,top_videos_daily,,7,https://i.ytimg.com/vi/HTjkVCSsKv8/mqdefault.jpg,เมื่อไหร่จะมี (มีใจให้กัน),BLVCKHEART,,,เมื่อไหร่จะมี (มีใจให้กัน) BLVCKHEART
2026-09-03,th,Thailand,top_videos_daily,,8,https://i.ytimg.com/vi/5ySwsjh7SLQ/mqdefault.jpg,Keun Jai (3am call),Mirrr,,,Keun Jai (3am call) Mirrr
2026-09-03,th,Thailand,top_videos_daily,,9,https://i.ytimg.com/vi/vmqE5G5YsW4/mqdefault.jpg,Keun Jai (3am call),Mirrr,,,Keun Jai (3am call) Mirrr
2026-09-03,th,Thailand,top_videos_daily,,10,https://i.ytimg.com/vi/TiJn3_IY9Kk/mqdefault.jpg,นาฬิกาทราย (sign) (SPECIAL VERSION),BOWKYLION,,,นาฬิกาทราย (sign) (SPECIAL VERSION) BOWKYLION
2026-09-03,th,Thailand,top_videos_daily,,11,https://i.ytimg.com/vi/UZKZclgeRTg/mqdefault.jpg,พอได้เสียว - ดิด คิตตี้ | Official MV,ดิด คิตตี้,,,พอได้เสียว - ดิด คิตตี้ | Official MV ดิด คิตตี้
2026-09-03,th,Thailand,top_videos_daily,,12,https://i.ytimg.com/vi/HSJzqueYOxw/mqdefault.jpg,4EVE - เหงา...เข้าใจ | THE TEST OF TIME 2000 [ Official Video Song,XOXO ENTERTAINMENT,,2000,4EVE - เหงา...เข้าใจ | THE TEST OF TIME 2000 [ Official Video Song ] XOXO ENTERTAINMENT
2026-09-03,th,Thailand,top_videos_daily,,13,https://i.ytimg.com/vi/70oRsDKJWiY/mqdefault.jpg,ฟ้าสีครามกับความเป็นจริง,BOVINI,,,ฟ้าสีครามกับความเป็นจริง BOVINI
2026-09-03,th,Thailand,top_videos_daily,,14,https://i.ytimg.com/vi/34wnf8276O4/mqdefault.jpg,ภวังค์จิต,ปราง ปรางทิพย์,,,ภวังค์จิต ปราง ปรางทิพย์
2026-09-03,th,Thailand,top_videos_daily,,15,https://i.ytimg.com/vi/wcvuL6-lGhI/mqdefault.jpg,PORZAX - เธอทีละสองฉันทีละคน,PORZAX,,,PORZAX - เธอทีละสองฉันทีละคน PORZAX
2026-09-03,th,Thailand,top_videos_daily,,16,https://i.ytimg.com/vi/vxHVQtJj2uQ/mqdefault.jpg,สาธุ,ASIA7,"11月 25, 2025",269292,"16 ● สาธุ ASIA7 11月 25, 2025 16 129 269,292"
2026-09-03,th,Thailand,top_videos_daily,,17,https://i.ytimg.com/vi/j7GbNWS7XUQ/mqdefault.jpg,Rain Zone,Maiyarap,,,Rain Zone Maiyarap
2026-09-03,th,Thailand,top_videos_daily,,18,https://i.ytimg.com/vi/JeHnrF61J80/mqdefault.jpg,ถอนคำสาบาน,อะตอม ตาปีมิวสิคกรุ๊ป,,,ถอนคำสาบาน อะตอม ตาปีมิวสิคกรุ๊ป
2026-09-03,th,Thailand,top_videos_daily,,19,https://i.ytimg.com/vi/D8T1EpbICsc/mqdefault.jpg,จิ้งจก ตุ๊กแก อึ่งอ่าง,เพ้นท์ คอนเน่,,,จิ้งจก ตุ๊กแก อึ่งอ่าง เพ้นท์ คอนเน่
2026-09-03,th,Thailand,top_videos_daily,,20,https://i.ytimg.com/vi/_X4p4oPlGLU/mqdefault.jpg,ขี้แง (Boys Don't Cry),PROXIE,,,ขี้แง (Boys Don't Cry) PROXIE
2026-09-03,th,Thailand,top_videos_daily,,21,https://i.ytimg.com/vi/KwIW4E7b59I/mqdefault.jpg,กลางมหาสมุทร - เล็ก รัชเมศฐ์「Official MV」,Lek Ratchamet,,,กลางมหาสมุทร - เล็ก รัชเมศฐ์「Official MV」 Lek Ratchamet
2026-09-03,th,Thailand,top_videos_daily,,22,https://i.ytimg.com/vi/_x-Q6OBCh9o/mqdefault.jpg,คะนึงนิตย์ - ปราง ปรางทิพย์ [Official MV],ปราง ปรางทิพย์,,,คะนึงนิตย์ - ปราง ปรางทิพย์ [Official MV] ปราง ปรางทิพย์
2026-09-03,th,Thailand,top_videos_daily,,23,https://i.ytimg.com/vi/I_xP8FhO2Zo/mqdefault.jpg,คิดถึงเรื้อรัง,manutsawee,,,คิดถึงเรื้อรัง manutsawee
2026-09-03,th,Thailand,top_videos_daily,,24,https://i.ytimg.com/vi/1OMZrYHIim8/mqdefault.jpg,รักให้เธอได้รู้ (Proof.),PUN,,,รักให้เธอได้รู้ (Proof.) PUN
2026-09-03,th,Thailand,top_videos_daily,,25,https://i.ytimg.com/vi/hBK29bbOLS4/mqdefault.jpg,แก้บน,ก้านตอง ทุ่งเงิน,,,แก้บน ก้านตอง ทุ่งเงิน
2026-09-03,th,Thailand,top_videos_daily,,26,https://i.ytimg.com/vi/6Azf6nHLSAk/mqdefault.jpg,ฝันพ้อ - ไหมไทย หัวใจศิลป์【NEW VERSION】,埋代•話摘星,,,ฝันพ้อ - ไหมไทย หัวใจศิลป์【NEW VERSION】 埋代•話摘星
2026-09-03,th,Thailand,top_videos_daily,,27,https://i.ytimg.com/vi/-YByeE5aVc0/mqdefault.jpg,ได้แค่เดินมาส่ง (The Last Walk),GAVIN:D,,,ได้แค่เดินมาส่ง (The Last Walk) GAVIN:D
2026-09-03,th,Thailand,top_videos_daily,,28,https://i.ytimg.com/vi/Ndh4rP1F6g8/mqdefault.jpg,ความคิดถึงที่เต็มไปด้วยน้ำตา,โชเล่ย์ ชคัทพล,,,ความคิดถึงที่เต็มไปด้วยน้ำตา โชเล่ย์ ชคัทพล
2026-09-03,th,Thailand,top_videos_daily,,29,https://i.ytimg.com/vi/oAwzFFEYm38/mqdefault.jpg,Girls' Generation-HRS 소녀시대-효리수 'Skibidi' Performance Video,SMTOWN,,,Girls' Generation-HRS 소녀시대-효리수 'Skibidi' Performance Video SMTOWN
2026-09-03,th,Thailand,top_videos_daily,,30,https://i.ytimg.com/vi/_4Pns0KNxzk/mqdefault.jpg,หม้อหุงข้าว,JOEY PHUWASIT,,,หม้อหุงข้าว JOEY PHUWASIT
2026-09-03,th,Thailand,top_videos_daily,,31,https://i.ytimg.com/vi/Q5SEFSLTYMc/mqdefault.jpg,จำบ่เป็น,ธีร์ ทีเร็กซ์ OFFICIAL,,,จำบ่เป็น ธีร์ ทีเร็กซ์ OFFICIAL
2026-09-03,th,Thailand,top_videos_daily,,32,https://i.ytimg.com/vi/99jJP3DgdBQ/mqdefault.jpg,ขอแค่นี้ (Forever n ever),PUN,,,ขอแค่นี้ (Forever n ever) PUN
2026-09-03,th,Thailand,top_videos_daily,,33,https://i.ytimg.com/vi/yTxEWswuPPg/mqdefault.jpg,ไม่มีใครรู้ตัวเรา,UNHEARD MUSIC,,,ไม่มีใครรู้ตัวเรา UNHEARD MUSIC
2026-09-03,th,Thailand,top_videos_daily,,34,https://i.ytimg.com/vi/w7StB3MhFm4/mqdefault.jpg,PROXIE x SAUCE BKK - ขี้แง (Boys Don't Cry) | Another Session,PROXIE,,,PROXIE x SAUCE BKK - ขี้แง (Boys Don't Cry) | Another Session PROXIE
2026-09-03,th,Thailand,top_videos_daily,,35,https://i.ytimg.com/vi/0iXj7Zkb3Ik/mqdefault.jpg,แคนฮ้างนางฟ้า,กู่แคน,,,แคนฮ้างนางฟ้า กู่แคน
2026-09-03,th,Thailand,top_videos_daily,,36,https://i.ytimg.com/vi/H2AbuWvYDXk/mqdefault.jpg,สิลืมเขาแล้วล่ะ,Nek Narurpol,,,สิลืมเขาแล้วล่ะ Nek Narurpol
2026-09-03,th,Thailand,top_videos_daily,,37,https://i.ytimg.com/vi/AyfZesBO4Vk/mqdefault.jpg,ไม่มีวันไหนที่ไม่คิดถึง (starlost.),PURPEECH,,,ไม่มีวันไหนที่ไม่คิดถึง (starlost.) PURPEECH
2026-09-03,th,Thailand,top_videos_daily,,38,https://i.ytimg.com/vi/WE3in6xs1iw/mqdefault.jpg,อ่วยคืน,ธีร์ ทีเร็กซ์ OFFICIAL,,,อ่วยคืน ธีร์ ทีเร็กซ์ OFFICIAL
2026-09-03,th,Thailand,top_videos_daily,,39,https://i.ytimg.com/vi/QaPxz1I2nto/mqdefault.jpg,หลุมอากาศ,Palmy,"6月 17, 2026",159760,"39 2 หลุมอากาศ Palmy 6月 17, 2026 41 77 159,760"
2026-09-03,th,Thailand,top_videos_daily,,40,https://i.ytimg.com/vi/7ob-uFHQkuU/mqdefault.jpg,ก่อนโลกทั้งใบมันพัง,Mr'พระจันทร์,,,ก่อนโลกทั้งใบมันพัง Mr'พระจันทร์
2026-09-03,th,Thailand,top_videos_daily,,41,https://i.ytimg.com/vi/1916gAHALkc/mqdefault.jpg,Vasopressin,AYLA's,,,Vasopressin AYLA's
2026-09-03,th,Thailand,top_videos_daily,,42,https://i.ytimg.com/vi/G2JFOEFmnnI/mqdefault.jpg,คืนจันทร์,Loso,"11月 6, 2014",153452,"42 6 คืนจันทร์ Loso 11月 6, 2014 48 110 153,452"
2026-09-03,th,Thailand,top_videos_daily,,43,https://i.ytimg.com/vi/HZQyJHpo-ag/mqdefault.jpg,Lhob Mai Dai Chuay Hai Luem,普提蓬·阿薩拉塔納功 / Ink Waruntorn,,,Lhob Mai Dai Chuay Hai Luem 普提蓬·阿薩拉塔納功 & Ink Waruntorn
2026-09-03,th,Thailand,top_videos_daily,,44,https://i.ytimg.com/vi/wXT_qYQl2vQ/mqdefault.jpg,วาสนาหมาหย่ำรถ,TAR TORJORWOR,,,วาสนาหมาหย่ำรถ TAR TORJORWOR
2026-09-03,th,Thailand,top_videos_daily,,45,https://i.ytimg.com/vi/UK66Ng4CgKc/mqdefault.jpg,มิติที่ศูนย์ - จิ๋ว สกุณชัย Ft.เล็ก รัชเมศฐ์ [Official MV],จิ๋ว สกุณชัย,,,มิติที่ศูนย์ - จิ๋ว สกุณชัย Ft.เล็ก รัชเมศฐ์ [Official MV] จิ๋ว สกุณชัย
2026-09-03,th,Thailand,top_videos_daily,,46,https://i.ytimg.com/vi/FbrH6dDPERI/mqdefault.jpg,ดาวตก,WANYAi,"10月 1, 2025",150755,"46 46 ดาวตก WANYAi 10月 1, 2025 - 120 150,755"
2026-09-03,th,Thailand,top_videos_daily,,47,https://i.ytimg.com/vi/HKBifVrELZI/mqdefault.jpg,ไม่คิดนอกใจ,Loso,,,ไม่คิดนอกใจ Loso
2026-09-03,th,Thailand,top_videos_daily,,48,https://i.ytimg.com/vi/O90WsctfY4Y/mqdefault.jpg,Sunset in Pattaya,YOUNGOHM,,,Sunset in Pattaya YOUNGOHM
2026-09-03,th,Thailand,top_videos_daily,,49,https://i.ytimg.com/vi/DXvtelMvUy8/mqdefault.jpg,ทำใจไม่ได้,Z9,"4月 29, 2026",145313,"49 ● ทำใจไม่ได้ Z9 4月 29, 2026 49 122 145,313"
2026-09-03,th,Thailand,top_videos_daily,,50,https://i.ytimg.com/vi/wTHXvw_uEeI/mqdefault.jpg,Sing Tee Chan Pen,Ebola,,,Sing Tee Chan Pen Ebola
2026-09-03,th,Thailand,top_videos_daily,,51,https://i.ytimg.com/vi/j1qw79H4eHU/mqdefault.jpg,สายไป,9tokyo,"5月 24, 2025",137457,"51 1 สายไป 9tokyo 5月 24, 2025 50 46 137,457"
2026-09-03,th,Thailand,top_videos_daily,,52,https://i.ytimg.com/vi/QFpsBK0F0js/mqdefault.jpg,สมดุลรัก (Balance),SEA.,,,สมดุลรัก (Balance) SEA.
2026-09-03,th,Thailand,top_videos_daily,,53,https://i.ytimg.com/vi/4i1OBAQyv58/mqdefault.jpg,ทุกครั้งที่หลับตา (Lucid Dream),AYLA's,,,ทุกครั้งที่หลับตา (Lucid Dream) AYLA's
2026-09-03,th,Thailand,top_videos_daily,,54,https://i.ytimg.com/vi/s466YCiHfKw/mqdefault.jpg,FALLEN ANGEL (Official Video),JENNIE,,,FALLEN ANGEL (Official Video) JENNIE
2026-09-03,th,Thailand,top_videos_daily,,55,https://i.ytimg.com/vi/n8TTxoiigzo/mqdefault.jpg,ฟ้าสีครามกับความเป็นจริง - BOVINI x P-HOT「Another Version」,Genierock,,,ฟ้าสีครามกับความเป็นจริง - BOVINI x P-HOT「Another Version」 Genierock
2026-09-03,th,Thailand,top_videos_daily,,56,https://i.ytimg.com/vi/r5mCC9s6O-U/mqdefault.jpg,พระจันทร์ที่ไม่เต็มดวง - KLEAR「Official MV」,Genierock,,,พระจันทร์ที่ไม่เต็มดวง - KLEAR「Official MV」 Genierock
2026-09-03,th,Thailand,top_videos_daily,,57,https://i.ytimg.com/vi/YSnzYqtlDYQ/mqdefault.jpg,เขาดีหลายอ้ายยอมเลว,เคย์ ต้นน้ำชี,,,เขาดีหลายอ้ายยอมเลว เคย์ ต้นน้ำชี
2026-09-03,th,Thailand,top_videos_daily,,58,https://i.ytimg.com/vi/ulsXRXwk3Iw/mqdefault.jpg,ขอตายในอ้อมกอดเธอ,賽桑・蘇品麥,,,ขอตายในอ้อมกอดเธอ 賽桑・蘇品麥
2026-09-03,th,Thailand,top_videos_daily,,59,https://i.ytimg.com/vi/5wuMypdRRjI/mqdefault.jpg,เพราะพี่รักจริง,หนึ่ง บีเคแบนด์,,,เพราะพี่รักจริง หนึ่ง บีเคแบนด์
2026-09-03,th,Thailand,top_videos_daily,,60,https://i.ytimg.com/vi/98LzldwNu4I/mqdefault.jpg,สิทธิ์ของเจ้า,埋代•話摘星,,,สิทธิ์ของเจ้า 埋代•話摘星
2026-09-03,th,Thailand,top_videos_daily,,61,https://i.ytimg.com/vi/P8SgCNmM7Z8/mqdefault.jpg,เด็กมูกล่อ,พ็อก บิ๊กอายส์ / บอล วงกลม,,,เด็กมูกล่อ พ็อก บิ๊กอายส์ & บอล วงกลม
2026-09-03,th,Thailand,top_videos_daily,,62,https://i.ytimg.com/vi/XznrSPXyroo/mqdefault.jpg,Sweet เหมือนก่อน - ETC. [OFFICIAL MV],ETC.,,,Sweet เหมือนก่อน - ETC. [OFFICIAL MV] ETC.
2026-09-03,th,Thailand,top_videos_daily,,63,https://i.ytimg.com/vi/grrF03UISJ0/mqdefault.jpg,ขอให้เธอมีสุข,หนึ่ง บีเคแบนด์,,,ขอให้เธอมีสุข หนึ่ง บีเคแบนด์
2026-09-03,th,Thailand,top_videos_daily,,64,https://i.ytimg.com/vi/Ng_4m5A-3XQ/mqdefault.jpg,เมื่อถูกค้นพบ (Finally She Found.),FREEHAND,,,เมื่อถูกค้นพบ (Finally She Found.) FREEHAND
2026-09-03,th,Thailand,top_videos_daily,,65,https://i.ytimg.com/vi/w6M2ZwjFgAg/mqdefault.jpg,ปริญญาไก่ตี,เม้ก อภิสิทธิ์,,,ปริญญาไก่ตี เม้ก อภิสิทธิ์
2026-09-03,th,Thailand,top_videos_daily,,66,https://i.ytimg.com/vi/moVmgaj4k8c/mqdefault.jpg,MEYOU - แค่คนคุย (Just Friends) [OFFICIAL MV],OfficialWhiteMusic,,,MEYOU - แค่คนคุย (Just Friends) [OFFICIAL MV] OfficialWhiteMusic
2026-09-03,th,Thailand,top_videos_daily,,67,https://i.ytimg.com/vi/3DcoC8p9az8/mqdefault.jpg,Training Season (Live),Dua Lipa,,,Training Season (Live) Dua Lipa
2026-09-03,th,Thailand,top_videos_daily,,68,https://i.ytimg.com/vi/MOHlQqJ7sCk/mqdefault.jpg,บทสรุปสุดท้าย,Z9,,,บทสรุปสุดท้าย Z9
2026-09-03,th,Thailand,top_videos_daily,,69,https://i.ytimg.com/vi/CTumIglmJiM/mqdefault.jpg,ผลข้างเคียง (Love Effects) - INK WARUNTORN Feat. BILLKIN [Official MV],BOXX MUSIC,,,ผลข้างเคียง (Love Effects) - INK WARUNTORN Feat. BILLKIN [Official MV] BOXX MUSIC
2026-09-03,th,Thailand,top_videos_daily,,70,https://i.ytimg.com/vi/IWCCEwIFtuo/mqdefault.jpg,บุญผลาบ่ฮอด,อ้ายแมน ภิสิทธิ์พงษ์,,,บุญผลาบ่ฮอด อ้ายแมน ภิสิทธิ์พงษ์
2026-09-03,th,Thailand,top_videos_daily,,71,https://i.ytimg.com/vi/OW9faXovWto/mqdefault.jpg,สาหัส,Loso,"7月 22, 2016",95414,"71 ● สาหัส Loso 7月 22, 2016 71 69 95,414"
2026-09-03,th,Thailand,top_videos_daily,,72,https://i.ytimg.com/vi/82-jTNka3uc/mqdefault.jpg,hate that i made you love me,Ariana Grande,,,hate that i made you love me Ariana Grande
2026-09-03,th,Thailand,top_videos_daily,,73,https://i.ytimg.com/vi/_ax7vSmd0fc/mqdefault.jpg,PEE CLOCK - รักชักกระตุก ft. YOUNGOHM (Official Video),Pattaya Boi,,,PEE CLOCK - รักชักกระตุก ft. YOUNGOHM (Official Video) Pattaya Boi
2026-09-03,th,Thailand,top_videos_daily,,74,https://i.ytimg.com/vi/aNlx5y2TdaU/mqdefault.jpg,Jep Noi Tee Sut,Zeal,,,Jep Noi Tee Sut Zeal
2026-09-03,th,Thailand,top_videos_daily,,75,https://i.ytimg.com/vi/A3g8Gh7GZKY/mqdefault.jpg,ดีซะกว่า,COCKTAIL,,,ดีซะกว่า COCKTAIL
2026-09-03,th,Thailand,top_videos_daily,,76,https://i.ytimg.com/vi/hn3mE3Jz08g/mqdefault.jpg,คนขี้น้อยใจ (My Fault) - Cake SERIOUS BACON feat. PP KRIT [Official MV],SERIOUS BACON,,,คนขี้น้อยใจ (My Fault) - Cake SERIOUS BACON feat. PP KRIT [Official MV] SERIOUS BACON
2026-09-03,th,Thailand,top_videos_daily,,77,https://i.ytimg.com/vi/Q9MsKajCU3M/mqdefault.jpg,อมพระมาพูด,賽桑・蘇品麥,,,อมพระมาพูด 賽桑・蘇品麥
2026-09-03,th,Thailand,top_videos_daily,,78,https://i.ytimg.com/vi/nNvPtGewa_k/mqdefault.jpg,ความรักทำให้คนตาบอด,Bodyslam,,,ความรักทำให้คนตาบอด Bodyslam
2026-09-03,th,Thailand,top_videos_daily,,79,https://i.ytimg.com/vi/b8dS0DwKFoo/mqdefault.jpg,อยากลืมแฟนเขา - แอน อรดี [Live Session],แอน อรดี,,,อยากลืมแฟนเขา - แอน อรดี [Live Session] แอน อรดี
2026-09-03,th,Thailand,top_videos_daily,,80,https://i.ytimg.com/vi/qFs5GirC05c/mqdefault.jpg,ตัวสำรอง,Bedroom Audio,,,ตัวสำรอง Bedroom Audio
2026-09-03,th,Thailand,top_videos_daily,,81,https://i.ytimg.com/vi/igP0cOlGmDA/mqdefault.jpg,โทรมาที่เบอร์นี้ (Phone Number),BLVCKHEART,,,โทรมาที่เบอร์นี้ (Phone Number) BLVCKHEART
2026-09-03,th,Thailand,top_videos_daily,,82,https://i.ytimg.com/vi/DWJkFq9lZ_8/mqdefault.jpg,Mai Yom Tad Jai,賽桑・蘇品麥,,,Mai Yom Tad Jai 賽桑・蘇品麥
2026-09-03,th,Thailand,top_videos_daily,,83,https://i.ytimg.com/vi/zECdjYo5nH8/mqdefault.jpg,ถ้าอ้ายบ่ฮัก,ก้านตอง ทุ่งเงิน,,,ถ้าอ้ายบ่ฮัก ก้านตอง ทุ่งเงิน
2026-09-03,th,Thailand,top_videos_daily,,84,https://i.ytimg.com/vi/46h0LvDHgIs/mqdefault.jpg,TUIDE (튜이드) ‘SUN KISS’ Official MV,HYBE LABELS,,,TUIDE (튜이드) ‘SUN KISS’ Official MV HYBE LABELS
2026-09-03,th,Thailand,top_videos_daily,,85,https://i.ytimg.com/vi/-q_S27LbNKU/mqdefault.jpg,BAD,ATEEZ,"6月 25, 2026",84700,"85 3 BAD ATEEZ 6月 25, 2026 88 60 84,700"
2026-09-03,th,Thailand,top_videos_daily,,86,https://i.ytimg.com/vi/Q2kvk64qFgg/mqdefault.jpg,FON,YOUNGGU,"7月 31, 2026",84646,"86 5 FON YOUNGGU 7月 31, 2026 91 5 84,646"
2026-09-03,th,Thailand,top_videos_daily,,87,https://i.ytimg.com/vi/OJxnyWlVx40/mqdefault.jpg,นักแสดงตบตา,MaxMillor,,,นักแสดงตบตา MaxMillor
2026-09-03,th,Thailand,top_videos_daily,,88,https://i.ytimg.com/vi/_mwGPiK2uEU/mqdefault.jpg,พูดไม่ได้,Potato,,,พูดไม่ได้ Potato
2026-09-03,th,Thailand,top_videos_daily,,89,https://i.ytimg.com/vi/0iMg9z7qqnE/mqdefault.jpg,อย่าทำเป็นเหมือนว่าเข้าใจ - POTATO「Official Music Video」,potatoband,,,อย่าทำเป็นเหมือนว่าเข้าใจ - POTATO「Official Music Video」 potatoband
2026-09-03,th,Thailand,top_videos_daily,,90,https://i.ytimg.com/vi/BcOlMcpvYRI/mqdefault.jpg,เหงา คิดถึง รอ,賽桑・蘇品麥,,,เหงา คิดถึง รอ 賽桑・蘇品麥
2026-09-03,th,Thailand,top_videos_daily,,91,https://i.ytimg.com/vi/l7r3nPuO-wc/mqdefault.jpg,ดีแต่ปาก,So Cool,,,ดีแต่ปาก So Cool
2026-09-03,th,Thailand,top_videos_daily,,92,https://i.ytimg.com/vi/RyHxgSXzNRo/mqdefault.jpg,ฝากเบิ่งแนเด้อ,Earnkwan Warunya,,,ฝากเบิ่งแนเด้อ Earnkwan Warunya
2026-09-03,th,Thailand,top_videos_daily,,93,https://i.ytimg.com/vi/TXCqJv2IdaM/mqdefault.jpg,เกินใจจะอดทน,Syam,,,เกินใจจะอดทน Syam
2026-09-03,th,Thailand,top_videos_daily,,94,https://i.ytimg.com/vi/x1yYLrWJwkk/mqdefault.jpg,เมื่อถูกค้นพบ (Finally She Found.),FREEHAND,,,เมื่อถูกค้นพบ (Finally She Found.) FREEHAND
2026-09-03,th,Thailand,top_videos_daily,,95,https://i.ytimg.com/vi/Xn_LEDFMdX8/mqdefault.jpg,Baddie,IRONBOY,"6月 18, 2026",80281,"95 15 Baddie IRONBOY 6月 18, 2026 80 75 80,281"
2026-09-03,th,Thailand,top_videos_daily,,96,https://i.ytimg.com/vi/DiNyIYOHvUE/mqdefault.jpg,คนขี่หลังควาย (Remix),Djpaoremix / ILLSLICK,,,คนขี่หลังควาย (Remix) Djpaoremix & ILLSLICK
2026-09-03,th,Thailand,top_videos_daily,,97,https://i.ytimg.com/vi/9GO1eNMxfzI/mqdefault.jpg,เคยรัก,9tokyo,"6月 19, 2025",77341,"97 ● เคยรัก 9tokyo 6月 19, 2025 97 30 77,341"
2026-09-03,th,Thailand,top_videos_daily,,98,https://i.ytimg.com/vi/7TVdbOakiRo/mqdefault.jpg,คนที่ถูกรัก,Bodyslam,,,คนที่ถูกรัก Bodyslam
2026-09-03,th,Thailand,top_videos_daily,,99,https://i.ytimg.com/vi/tDF_7PgHc70/mqdefault.jpg,ที่ที่ปลอดภัย,Yes'sir days,,,ที่ที่ปลอดภัย Yes'sir days
2026-09-03,th,Thailand,top_videos_daily,,100,https://i.ytimg.com/vi/DYFTdVccmwE/mqdefault.jpg,Goodbye (สักที) - สามเสนเลเซอร์,สามเสนเลเซอร์,,,Goodbye (สักที) - สามเสนเลเซอร์ สามเสนเลเซอร์
2026-09-03,id,Indonesia,top_videos_daily,,1,https://i.ytimg.com/vi/RO75uUZiAw0/mqdefault.jpg,Teh Hijau,圖魯斯,"6月 29, 2026",1532844,"1 1 Teh Hijau 圖魯斯 6月 29, 2026 2 60 1,532,844"
2026-09-03,id,Indonesia,top_videos_daily,,2,https://i.ytimg.com/vi/Nskf70DMR60/mqdefault.jpg,Sesi Potret,eńau,,,Sesi Potret eńau
2026-09-03,id,Indonesia,top_videos_daily,,3,https://i.ytimg.com/vi/awWKxGftWh4/mqdefault.jpg,Dunia Yang Nanti,Raim Laode,,,Dunia Yang Nanti Raim Laode
2026-09-03,id,Indonesia,top_videos_daily,,4,https://i.ytimg.com/vi/K-7olbaOelg/mqdefault.jpg,MMG (My Mine Gueh),Naykilla,,,MMG (My Mine Gueh) Naykilla
2026-09-03,id,Indonesia,top_videos_daily,,5,https://i.ytimg.com/vi/0SbnqsQInqE/mqdefault.jpg,MUTIARA,Ipank / Kintani,,,MUTIARA Ipank & Kintani
2026-09-03,id,Indonesia,top_videos_daily,,6,https://i.ytimg.com/vi/F0d8JJUNkqo/mqdefault.jpg,Tabola Bale,SILET OPEN UP / Jacson Zeran / Juan Reza / Diva Aurel,,,"Tabola Bale SILET OPEN UP , Jacson Zeran , Juan Reza & Diva Aurel"
2026-09-03,id,Indonesia,top_videos_daily,,7,https://i.ytimg.com/vi/M7oZR-MTEZs/mqdefault.jpg,Iqro',Raim Laode,,,Iqro' Raim Laode
2026-09-03,id,Indonesia,top_videos_daily,,8,https://i.ytimg.com/vi/38_bAaFI41w/mqdefault.jpg,Don't Force Your Longing,Ifan Seventeen,,,Don't Force Your Longing Ifan Seventeen
2026-09-03,id,Indonesia,top_videos_daily,,9,https://i.ytimg.com/vi/WZYUSaHlGlk/mqdefault.jpg,NEGORO ANGIN,Denny Caknan,,,NEGORO ANGIN Denny Caknan
2026-09-03,id,Indonesia,top_videos_daily,,10,https://i.ytimg.com/vi/OQNu-iB2tE8/mqdefault.jpg,Titik Nadir,Kahitna / Monita Tahalea,,,Titik Nadir Kahitna & Monita Tahalea
2026-09-03,id,Indonesia,top_videos_daily,,11,https://i.ytimg.com/vi/3DcoC8p9az8/mqdefault.jpg,Training Season (Live),Dua Lipa,,,Training Season (Live) Dua Lipa
2026-09-03,id,Indonesia,top_videos_daily,,12,https://i.ytimg.com/vi/2uJut6USftQ/mqdefault.jpg,Jatuh Suka,圖魯斯,"3月 2, 2022",388521,"12 2 Jatuh Suka 圖魯斯 3月 2, 2022 14 260 388,521"
2026-09-03,id,Indonesia,top_videos_daily,,13,https://i.ytimg.com/vi/qQDaxjLReck/mqdefault.jpg,Ini Abadi,Perunggu,,,Ini Abadi Perunggu
2026-09-03,id,Indonesia,top_videos_daily,,14,https://i.ytimg.com/vi/OT5msu-dap8/mqdefault.jpg,Shape Of My Heart,Backstreet Boys,,,Shape Of My Heart Backstreet Boys
2026-09-03,id,Indonesia,top_videos_daily,,15,https://i.ytimg.com/vi/oAwzFFEYm38/mqdefault.jpg,Girls' Generation-HRS 소녀시대-효리수 'Skibidi' Performance Video,SMTOWN,,,Girls' Generation-HRS 소녀시대-효리수 'Skibidi' Performance Video SMTOWN
2026-09-03,id,Indonesia,top_videos_daily,,16,https://i.ytimg.com/vi/s466YCiHfKw/mqdefault.jpg,FALLEN ANGEL (Official Video),JENNIE,,,FALLEN ANGEL (Official Video) JENNIE
2026-09-03,id,Indonesia,top_videos_daily,,17,https://i.ytimg.com/vi/0VOhIR3bnXY/mqdefault.jpg,ORANG BARU LEBE GACOR,Ecko Show / Juan Reza / CHESYLINO,,,"ORANG BARU LEBE GACOR Ecko Show , Juan Reza & CHESYLINO"
2026-09-03,id,Indonesia,top_videos_daily,,18,https://i.ytimg.com/vi/cmICctnAWCY/mqdefault.jpg,kota ini tak sama tanpamu,Nadhif Basalamah,,,kota ini tak sama tanpamu Nadhif Basalamah
2026-09-03,id,Indonesia,top_videos_daily,,19,https://i.ytimg.com/vi/o25_Tn8BnFM/mqdefault.jpg,Anugerah Terindah,Andmesh,,,Anugerah Terindah Andmesh
2026-09-03,id,Indonesia,top_videos_daily,,20,https://i.ytimg.com/vi/OErndIcI8gE/mqdefault.jpg,Alamak,Rizky Febian / Adrian Khalif,,,Alamak Rizky Febian & Adrian Khalif
2026-09-03,id,Indonesia,top_videos_daily,,21,https://i.ytimg.com/vi/w8pjAV8u2OE/mqdefault.jpg,Tarot,.Feast,"11月 15, 2024",293901,"21 2 Tarot .Feast 11月 15, 2024 19 371 293,901"
2026-09-03,id,Indonesia,top_videos_daily,,22,https://i.ytimg.com/vi/DbVrS-1UQNU/mqdefault.jpg,Bila Kau Tak Disampingku,Sheila on 7,,,Bila Kau Tak Disampingku Sheila on 7
2026-09-03,id,Indonesia,top_videos_daily,,23,https://i.ytimg.com/vi/zyLmavBAY7k/mqdefault.jpg,Teh Hijau,圖魯斯,"7月 10, 2026",291825,"23 1 Teh Hijau 圖魯斯 7月 10, 2026 22 50 291,825"
2026-09-03,id,Indonesia,top_videos_daily,,24,https://i.ytimg.com/vi/_e9xhF69kFs/mqdefault.jpg,Negoro Angin,Silvy Kumalasari,,,Negoro Angin Silvy Kumalasari
2026-09-03,id,Indonesia,top_videos_daily,,25,https://i.ytimg.com/vi/1zZQa0-QQIA/mqdefault.jpg,"NEXZ(넥스지) ""SAUCIN'"" M/V",JYP Entertainment,,,"NEXZ(넥스지) ""SAUCIN'"" M/V JYP Entertainment"
2026-09-03,id,Indonesia,top_videos_daily,,26,https://i.ytimg.com/vi/tAbHxboRGoU/mqdefault.jpg,AMBON MANISE,Toton Caribo,,,AMBON MANISE Toton Caribo
2026-09-03,id,Indonesia,top_videos_daily,,27,https://i.ytimg.com/vi/HgRsmSyy_Fw/mqdefault.jpg,PEARL,Difarina Indra / Fendik Adella,,,PEARL Difarina Indra & Fendik Adella
2026-09-03,id,Indonesia,top_videos_daily,,28,https://i.ytimg.com/vi/yIPX-FNJ9qk/mqdefault.jpg,Sedia Aku Sebelum Hujan,Idgitaf,,,Sedia Aku Sebelum Hujan Idgitaf
2026-09-03,id,Indonesia,top_videos_daily,,29,https://i.ytimg.com/vi/46h0LvDHgIs/mqdefault.jpg,TUIDE (튜이드) ‘SUN KISS’ Official MV,HYBE LABELS,,,TUIDE (튜이드) ‘SUN KISS’ Official MV HYBE LABELS
2026-09-03,id,Indonesia,top_videos_daily,,30,https://i.ytimg.com/vi/NOiQfCVjAsQ/mqdefault.jpg,MUTIARA (Live),Laila Ayu / Irwan D'Academy / SIMPATIK MUSIC,,,"MUTIARA (Live) Laila Ayu , Irwan D'Academy & SIMPATIK MUSIC"
2026-09-03,id,Indonesia,top_videos_daily,,31,https://i.ytimg.com/vi/fcY8YudZe1c/mqdefault.jpg,Menteri Durmagati,KAJAWI,,,Menteri Durmagati KAJAWI
2026-09-03,id,Indonesia,top_videos_daily,,32,https://i.ytimg.com/vi/qa-HkDhWh1U/mqdefault.jpg,Edan Turun,Wafiq Azizah,,,Edan Turun Wafiq Azizah
2026-09-03,id,Indonesia,top_videos_daily,,33,https://i.ytimg.com/vi/q4TWrmwiufo/mqdefault.jpg,TAEMIN (태민) - 'FLOAT' Official MV,태민 (TAEMIN),,,TAEMIN (태민) - 'FLOAT' Official MV 태민 (TAEMIN)
2026-09-03,id,Indonesia,top_videos_daily,,34,https://i.ytimg.com/vi/s9NoBV_7yVI/mqdefault.jpg,Bukti,Virgoun,"9月 19, 2017",236188,"34 34 Bukti Virgoun 9月 19, 2017 - 82 236,188"
2026-09-03,id,Indonesia,top_videos_daily,,35,https://i.ytimg.com/vi/__Pb1fO2H2A/mqdefault.jpg,Kita Lewati Berdua,overnight,,,Kita Lewati Berdua overnight
2026-09-03,id,Indonesia,top_videos_daily,,36,https://i.ytimg.com/vi/P44FdpFcdF4/mqdefault.jpg,Panas Pela,Fresly Nikijuluw,,,Panas Pela Fresly Nikijuluw
2026-09-03,id,Indonesia,top_videos_daily,,37,https://i.ytimg.com/vi/fLdVq8n-KQg/mqdefault.jpg,Astaga Bercanda,Akbar Chalay / Mingse,,,Astaga Bercanda Akbar Chalay & Mingse
2026-09-03,id,Indonesia,top_videos_daily,,38,https://i.ytimg.com/vi/ulGz_10_HAE/mqdefault.jpg,Gerhana Dalam Cinta,Arief,,,Gerhana Dalam Cinta Arief
2026-09-03,id,Indonesia,top_videos_daily,,39,https://i.ytimg.com/vi/btIQvYcLNoI/mqdefault.jpg,Location Unknown,HONNE,,,Location Unknown HONNE
2026-09-03,id,Indonesia,top_videos_daily,,40,https://i.ytimg.com/vi/V6cQ4LyvOgg/mqdefault.jpg,1000X,Ghea Indrawari,,1000,1000X Ghea Indrawari
2026-09-03,id,Indonesia,top_videos_daily,,41,https://i.ytimg.com/vi/cUnYmncAvP4/mqdefault.jpg,33x,Perunggu,"3月 10, 2022",224679,"41 8 33x Perunggu 3月 10, 2022 33 313 224,679"
2026-09-03,id,Indonesia,top_videos_daily,,42,https://i.ytimg.com/vi/75aBKInkybs/mqdefault.jpg,Tentang Rindu,Virzha,,,Tentang Rindu Virzha
2026-09-03,id,Indonesia,top_videos_daily,,43,https://i.ytimg.com/vi/hEFAeAPLbfk/mqdefault.jpg,What If I Call,Alex Crichton,,,What If I Call Alex Crichton
2026-09-03,id,Indonesia,top_videos_daily,,44,https://i.ytimg.com/vi/C8D16CYoFo8/mqdefault.jpg,Dirantai Digelangi Rindu,Yeni Inka,,,Dirantai Digelangi Rindu Yeni Inka
2026-09-03,id,Indonesia,top_videos_daily,,45,https://i.ytimg.com/vi/IqaQjRGt8i0/mqdefault.jpg,Laut Kidul,Yeni Inka,,,Laut Kidul Yeni Inka
2026-09-03,id,Indonesia,top_videos_daily,,46,https://i.ytimg.com/vi/o0tVo09Rjyw/mqdefault.jpg,Salah Apa,Ipank,"2月 8, 2026",213743,"46 7 Salah Apa Ipank 2月 8, 2026 39 88 213,743"
2026-09-03,id,Indonesia,top_videos_daily,,47,https://i.ytimg.com/vi/XY9JR07il_U/mqdefault.jpg,Keong Racun,Ajeng Febria,,,Keong Racun Ajeng Febria
2026-09-03,id,Indonesia,top_videos_daily,,48,https://i.ytimg.com/vi/L7HhTKJx0gU/mqdefault.jpg,82MAJOR(82메이저) 'Like Fire' MV,82MAJOR,,,82MAJOR(82메이저) 'Like Fire' MV 82MAJOR
2026-09-03,id,Indonesia,top_videos_daily,,49,https://i.ytimg.com/vi/7WNlDmUN-mc/mqdefault.jpg,MAHALINI - PERCUMA (OFFICIAL MUSIC VIDEO),HITS Records,,,MAHALINI - PERCUMA (OFFICIAL MUSIC VIDEO) HITS Records
2026-09-03,id,Indonesia,top_videos_daily,,50,https://i.ytimg.com/vi/m_2GEsOIzmc/mqdefault.jpg,Bounce & Pa Bkb,Vian DTM,,,Bounce & Pa Bkb Vian DTM
2026-09-03,id,Indonesia,top_videos_daily,,51,https://i.ytimg.com/vi/lY2yjAdbvdQ/mqdefault.jpg,Treat You Better,Shawn Mendes,,,Treat You Better Shawn Mendes
2026-09-03,id,Indonesia,top_videos_daily,,52,https://i.ytimg.com/vi/uf721kddxuM/mqdefault.jpg,2001x,Adrian Khalif,,2001,2001x Adrian Khalif
2026-09-03,id,Indonesia,top_videos_daily,,53,https://i.ytimg.com/vi/NRGDT2UUlsk/mqdefault.jpg,Jatuh Suka,圖魯斯,"9月 28, 2025",193789,"53 11 Jatuh Suka 圖魯斯 9月 28, 2025 42 72 193,789"
2026-09-03,id,Indonesia,top_videos_daily,,54,https://i.ytimg.com/vi/SeSAwqq_Kpo/mqdefault.jpg,Kita Lewati Berdua,Overnight,,,Kita Lewati Berdua Overnight
2026-09-03,id,Indonesia,top_videos_daily,,55,https://i.ytimg.com/vi/b5ZQob-mDGM/mqdefault.jpg,Hingga Tua Bersama,Rizky Febian,,,Hingga Tua Bersama Rizky Febian
2026-09-03,id,Indonesia,top_videos_daily,,56,https://i.ytimg.com/vi/MW9BbTJrMig/mqdefault.jpg,Sia Sia Mengharap Cintamu,Els Warouw,,,Sia Sia Mengharap Cintamu Els Warouw
2026-09-03,id,Indonesia,top_videos_daily,,57,https://i.ytimg.com/vi/qCfP5xrcTSU/mqdefault.jpg,MAULANA ARDIANSYAH - MUTIARA (Ska Reggae Version) | Adakah kenyamanan di hatimu,Maulana Ardiansyah,,,MAULANA ARDIANSYAH - MUTIARA (Ska Reggae Version) | Adakah kenyamanan di hatimu Maulana Ardiansyah
2026-09-03,id,Indonesia,top_videos_daily,,58,https://i.ytimg.com/vi/QmgyWAWwV4E/mqdefault.jpg,Perceraian Lara,Ipank,,,Perceraian Lara Ipank
2026-09-03,id,Indonesia,top_videos_daily,,59,https://i.ytimg.com/vi/ANokIrn82Ko/mqdefault.jpg,Yeni Inka ft. Yesa Oktavia - NGAMEN 88 (Official Music Yi Production),Yeni Inka,,,Yeni Inka ft. Yesa Oktavia - NGAMEN 88 (Official Music Yi Production) Yeni Inka
2026-09-03,id,Indonesia,top_videos_daily,,60,https://i.ytimg.com/vi/1WeCPL58Ijg/mqdefault.jpg,ANGEL 2 (Live),Ajeng Febria,,,ANGEL 2 (Live) Ajeng Febria
2026-09-03,id,Indonesia,top_videos_daily,,61,https://i.ytimg.com/vi/Ghhhp_3xBxw/mqdefault.jpg,Perceraian Lara,Fendik Adella / Difarina Indra Adella,,,Perceraian Lara Fendik Adella & Difarina Indra Adella
2026-09-03,id,Indonesia,top_videos_daily,,62,https://i.ytimg.com/vi/uGxaFiHD7PI/mqdefault.jpg,Menari-nari,Raim Laode,,,Menari-nari Raim Laode
2026-09-03,id,Indonesia,top_videos_daily,,63,https://i.ytimg.com/vi/WhEUZrB2Osc/mqdefault.jpg,Berapa Kali Kita Akan Saling Memaafkan,Pamungkas,,,Berapa Kali Kita Akan Saling Memaafkan Pamungkas
2026-09-03,id,Indonesia,top_videos_daily,,64,https://i.ytimg.com/vi/-b5i8iB0lSY/mqdefault.jpg,Những Người Hùng Không Tên - Du Thiên | Sáng Tác: Thành Đô|Ca Khúc Hưởng Ứng Chiến Dịch 500 Ngày Đêm,Du Thiên,,500,Những Người Hùng Không Tên - Du Thiên | Sáng Tác: Thành Đô|Ca Khúc Hưởng Ứng Chiến Dịch 500 Ngày Đêm Du Thiên
2026-09-03,id,Indonesia,top_videos_daily,,65,https://i.ytimg.com/vi/lCIX4hd_geU/mqdefault.jpg,LAUT KIDUL (Live),Denny Caknan,,,LAUT KIDUL (Live) Denny Caknan
2026-09-03,id,Indonesia,top_videos_daily,,66,https://i.ytimg.com/vi/7Tj1wBNjLVA/mqdefault.jpg,Bunga Maaf,The Lantis,,,Bunga Maaf The Lantis
2026-09-03,id,Indonesia,top_videos_daily,,67,https://i.ytimg.com/vi/R5PyKEgKYUE/mqdefault.jpg,Jambu Alas,Della Monica,,,Jambu Alas Della Monica
2026-09-03,id,Indonesia,top_videos_daily,,68,https://i.ytimg.com/vi/GTCMLqt6Slg/mqdefault.jpg,ONCOM GONDRONG || LIVE ADE ASTRID X GERENGSENG TEAM,Ade Astrid,,,ONCOM GONDRONG || LIVE ADE ASTRID X GERENGSENG TEAM Ade Astrid
2026-09-03,id,Indonesia,top_videos_daily,,69,https://i.ytimg.com/vi/0-cBNnPZw-8/mqdefault.jpg,Hearts2Hearts - ICONIC HEART / THE FIRST TAKE,THE FIRST TAKE,,,Hearts2Hearts - ICONIC HEART / THE FIRST TAKE THE FIRST TAKE
2026-09-03,id,Indonesia,top_videos_daily,,70,https://i.ytimg.com/vi/24ESSt8sRm0/mqdefault.jpg,HAPPY ASMARA - DIRANTAI DIGELANGI RINDU ( Official Live Video Royal Music,RC Music,,,HAPPY ASMARA - DIRANTAI DIGELANGI RINDU ( Official Live Video Royal Music ) RC Music
2026-09-03,id,Indonesia,top_videos_daily,,71,https://i.ytimg.com/vi/iZ-KyjX5dj8/mqdefault.jpg,"NOVIA BACHMID, TOTON CARIBO & JACSON ZERAN - WAYASE SEKA (OFFICIAL MUSIC VIDEO)",HITS Records,,,"NOVIA BACHMID, TOTON CARIBO & JACSON ZERAN - WAYASE SEKA (OFFICIAL MUSIC VIDEO) HITS Records"
2026-09-03,id,Indonesia,top_videos_daily,,72,https://i.ytimg.com/vi/6rcDQ7m5FUM/mqdefault.jpg,AUTO BAPER MERINDING! 🥀 Di Pintu Mahligai - IKLIM | Cover Pop Melayu Bang Brokey ft Syariva,Bang Brokey,,,AUTO BAPER MERINDING! 🥀 Di Pintu Mahligai - IKLIM | Cover Pop Melayu Bang Brokey ft Syariva Bang Brokey
2026-09-03,id,Indonesia,top_videos_daily,,73,https://i.ytimg.com/vi/s2iouw38zB4/mqdefault.jpg,Pemilik Hati,Armada,,,Pemilik Hati Armada
2026-09-03,id,Indonesia,top_videos_daily,,74,https://i.ytimg.com/vi/SanzYle505I/mqdefault.jpg,DJ Mashup Indo Vol.6 By Kiky RMX || Viral Tiktok 2026,Kiky RMX,,2026,DJ Mashup Indo Vol.6 By Kiky RMX || Viral Tiktok 2026 Kiky RMX
2026-09-03,id,Indonesia,top_videos_daily,,75,https://i.ytimg.com/vi/lwKBXopGPCc/mqdefault.jpg,SALAH APA - LAILA AYU | RINDU INI SEMAKIN MENYIKSA | OFFICIAL LIVE MUSIC VIDEO,SANGITA MUSIC PRO,,,SALAH APA - LAILA AYU | RINDU INI SEMAKIN MENYIKSA | OFFICIAL LIVE MUSIC VIDEO SANGITA MUSIC PRO
2026-09-03,id,Indonesia,top_videos_daily,,76,https://i.ytimg.com/vi/ZC70DeOnWbA/mqdefault.jpg,Safira Inema - Lewat Angin Wengi (Pop Dangdut),Safira Inema,,,Safira Inema - Lewat Angin Wengi (Pop Dangdut) Safira Inema
2026-09-03,id,Indonesia,top_videos_daily,,77,https://i.ytimg.com/vi/QGZ1tR-xMLo/mqdefault.jpg,Titik Nadir,Kahitna / Monita Tahalea,,,Titik Nadir Kahitna & Monita Tahalea
2026-09-03,id,Indonesia,top_videos_daily,,78,https://i.ytimg.com/vi/5aXjNhFdSwQ/mqdefault.jpg,NEGORO ANGIN,Niken Salindry,,,NEGORO ANGIN Niken Salindry
2026-09-03,id,Indonesia,top_videos_daily,,79,https://i.ytimg.com/vi/O2CFycaEc8A/mqdefault.jpg,Jomblo,Riyanti Darlia / Bandung Music,,,Jomblo Riyanti Darlia & Bandung Music
2026-09-03,id,Indonesia,top_videos_daily,,80,https://i.ytimg.com/vi/FcOctsNXyjk/mqdefault.jpg,Cinta Luar Biasa,Andmesh,,,Cinta Luar Biasa Andmesh
2026-09-03,id,Indonesia,top_videos_daily,,81,https://i.ytimg.com/vi/L1vlvEfFQlg/mqdefault.jpg,SALAH APA - LAILA AYU FT IRWAN KRISDIYANTO - LIVE PT STGI PANDAAN - SIMPATIK MUSIC,SIMPATIK MUSIC OFFICIAL,,,SALAH APA - LAILA AYU FT IRWAN KRISDIYANTO - LIVE PT STGI PANDAAN - SIMPATIK MUSIC SIMPATIK MUSIC OFFICIAL
2026-09-03,id,Indonesia,top_videos_daily,,82,https://i.ytimg.com/vi/ThGYCL1zERU/mqdefault.jpg,Raci Kuah,Fresly Nikijuluw,,,Raci Kuah Fresly Nikijuluw
2026-09-03,id,Indonesia,top_videos_daily,,83,https://i.ytimg.com/vi/nYLaeQ0_TjY/mqdefault.jpg,Mencari Alasan,Exists,,,Mencari Alasan Exists
2026-09-03,id,Indonesia,top_videos_daily,,84,https://i.ytimg.com/vi/qFZI6kPtOh0/mqdefault.jpg,Kita,Sheila on 7,,,Kita Sheila on 7
2026-09-03,id,Indonesia,top_videos_daily,,85,https://i.ytimg.com/vi/wPb_miODtDI/mqdefault.jpg,Astaga Bercanda,Akbar Chalay / Mingse,,,Astaga Bercanda Akbar Chalay & Mingse
2026-09-03,id,Indonesia,top_videos_daily,,86,https://i.ytimg.com/vi/f11AZg7Xw40/mqdefault.jpg,Kisah Tanpa Dirimu,Anggis Devaki,,,Kisah Tanpa Dirimu Anggis Devaki
2026-09-03,id,Indonesia,top_videos_daily,,87,https://i.ytimg.com/vi/n-QR5ishboM/mqdefault.jpg,15-LOVE,Hearts2Hearts,,,15-LOVE Hearts2Hearts
2026-09-03,id,Indonesia,top_videos_daily,,88,https://i.ytimg.com/vi/ojRzrlJpLME/mqdefault.jpg,Istana Bintang,Setia Band,,,Istana Bintang Setia Band
2026-09-03,id,Indonesia,top_videos_daily,,89,https://i.ytimg.com/vi/R-DKGaY1xqo/mqdefault.jpg,ASSALAMUALAIKA Versi Tiga Bahasa,Wangi Inema,,,ASSALAMUALAIKA Versi Tiga Bahasa Wangi Inema
2026-09-03,id,Indonesia,top_videos_daily,,90,https://i.ytimg.com/vi/fe87CJNVlzs/mqdefault.jpg,DJ HELIKOPTER TURUN KE PADANG OKROK OKROK X JARANAN DOR VIRAL TIKTOK | ALFIN REVOLUTION,Alfin Revolution,,,DJ HELIKOPTER TURUN KE PADANG OKROK OKROK X JARANAN DOR VIRAL TIKTOK | ALFIN REVOLUTION Alfin Revolution
2026-09-03,id,Indonesia,top_videos_daily,,91,https://i.ytimg.com/vi/chl0R8C4NJ8/mqdefault.jpg,Hearts2Hearts 하츠투하츠 'ICONIC HEART' MV,Hearts2Hearts,,,Hearts2Hearts 하츠투하츠 'ICONIC HEART' MV Hearts2Hearts
2026-09-03,id,Indonesia,top_videos_daily,,92,https://i.ytimg.com/vi/0myIhVlt8i4/mqdefault.jpg,Sandiwara Cinta (Accoustic Ver),Repvblik,,,Sandiwara Cinta (Accoustic Ver) Repvblik
2026-09-03,id,Indonesia,top_videos_daily,,93,https://i.ytimg.com/vi/PqTRMsd8uRQ/mqdefault.jpg,Aku Harus Pergi,Ari Lesmana / Whisnu Santika,,,Aku Harus Pergi Ari Lesmana & Whisnu Santika
2026-09-03,id,Indonesia,top_videos_daily,,94,https://i.ytimg.com/vi/qgy7vEje5-w/mqdefault.jpg,Secret Love Song,Little Mix,,,Secret Love Song Little Mix
2026-09-03,id,Indonesia,top_videos_daily,,95,https://i.ytimg.com/vi/QY1yLnapeT0/mqdefault.jpg,Mutiara,Ajeng Febria,,,Mutiara Ajeng Febria
2026-09-03,id,Indonesia,top_videos_daily,,96,https://i.ytimg.com/vi/-1SgFHqxjlw/mqdefault.jpg,SxyCip - Love All Day (Official Music Video),SxyCip,,,SxyCip - Love All Day (Official Music Video) SxyCip
2026-09-03,id,Indonesia,top_videos_daily,,97,https://i.ytimg.com/vi/A5E1oEWjEHs/mqdefault.jpg,HAPPY ASMARA FT ZIO SANDI - RAISO NGAPUSI 2 ( Official Live Video Royal Music,Happy Asmara / Royal Music,,,HAPPY ASMARA FT ZIO SANDI - RAISO NGAPUSI 2 ( Official Live Video Royal Music ) Happy Asmara & Royal Music
2026-09-03,id,Indonesia,top_videos_daily,,98,https://i.ytimg.com/vi/QCE3_GuF5qA/mqdefault.jpg,Denok,Silvy Kumalasari,,,Denok Silvy Kumalasari
2026-09-03,id,Indonesia,top_videos_daily,,99,https://i.ytimg.com/vi/3lOsboT-IWU/mqdefault.jpg,マイオンリー,SixTONES,"7月 17, 2026",120966,"99 2 マイオンリー SixTONES 7月 17, 2026 97 6 120,966"
2026-09-03,id,Indonesia,top_videos_daily,,100,https://i.ytimg.com/vi/ew3lh7_DAeU/mqdefault.jpg,"Andai Aku Bisa - Tulus, Erwin Gutawa Orchestra, Hasna Mufida (Virtual Collaboration)",Erwin Gutawa,,,"Andai Aku Bisa - Tulus, Erwin Gutawa Orchestra, Hasna Mufida (Virtual Collaboration) Erwin Gutawa"
2026-09-03,in,India,top_videos_daily,,1,https://i.ytimg.com/vi/JqFzhcWo3EU/mqdefault.jpg,Yeshanagula | The Paradise | Nani | Keerthy Suresh | Anirudh Ravichander | Srikanth Odela,Saregama Telugu,,,Yeshanagula | The Paradise | Nani | Keerthy Suresh | Anirudh Ravichander | Srikanth Odela Saregama Telugu
2026-09-03,in,India,top_videos_daily,,2,https://i.ytimg.com/vi/xvT1jH8B9AM/mqdefault.jpg,KALYANI (Remix),ARJN / KDS / FIFTY4 / 舒蕾亞·戈沙爾,,,"KALYANI (Remix) ARJN , KDS , FIFTY4 & 舒蕾亞·戈沙爾"
2026-09-03,in,India,top_videos_daily,,3,https://i.ytimg.com/vi/A_RV2H2F9jw/mqdefault.jpg,Basinga Balaalu,Srinidhi Nerella / Kalyan Keys / Swamy Naresh,,,"Basinga Balaalu Srinidhi Nerella , Kalyan Keys & Swamy Naresh"
2026-09-03,in,India,top_videos_daily,,4,https://i.ytimg.com/vi/s2HYl12gmOY/mqdefault.jpg,Parvati,Sadhu Tiwari,,,Parvati Sadhu Tiwari
2026-09-03,in,India,top_videos_daily,,5,https://i.ytimg.com/vi/u9BdaJTWeiw/mqdefault.jpg,Barbaadi,Shilpi Raj,,,Barbaadi Shilpi Raj
2026-09-03,in,India,top_videos_daily,,6,https://i.ytimg.com/vi/2ZbtZrKOZGo/mqdefault.jpg,Chimna | Badshah X Divya Kumar X Nagesh Morwekar | FT. Neha Khan | Hiten #marathisong #desihiphop,Badshah,,,Chimna | Badshah X Divya Kumar X Nagesh Morwekar | FT. Neha Khan | Hiten #marathisong #desihiphop Badshah
2026-09-03,in,India,top_videos_daily,,7,https://i.ytimg.com/vi/ebZj_nrmH-c/mqdefault.jpg,Barsaat,Banjaare / Roni,,,Barsaat Banjaare & Roni
2026-09-03,in,India,top_videos_daily,,8,https://i.ytimg.com/vi/6rvUyBiBtik/mqdefault.jpg,Tera Mera Rishta,Sayeed Quadri / Mustafa Zahid / Pritam,,,"Tera Mera Rishta Sayeed Quadri , Mustafa Zahid & Pritam"
2026-09-03,in,India,top_videos_daily,,9,https://i.ytimg.com/vi/cRgrrrdqbLM/mqdefault.jpg,अफीम (Official Video) #Khesari Lal Yadav | Kangana Sharma | #Shilpi Raj | Afeem | New #Bhojpuri Song,Wave Music,,,अफीम (Official Video) #Khesari Lal Yadav | Kangana Sharma | #Shilpi Raj | Afeem | New #Bhojpuri Song Wave Music
2026-09-03,in,India,top_videos_daily,,10,https://i.ytimg.com/vi/YyepU5ztLf4/mqdefault.jpg,Shararat,Madhubanti Bagchi / 雅斯文·桑德拉斯 / 沙赫瓦特·薩赫迪夫,,,"Shararat Madhubanti Bagchi , 雅斯文·桑德拉斯 & 沙赫瓦特·薩赫迪夫"
2026-09-03,in,India,top_videos_daily,,11,https://i.ytimg.com/vi/jR3rWCBeO6M/mqdefault.jpg,@SaiAbhyankkar - Radhimaa (Music Video) | Bhagyashri Borse | Vivek | Thejo Bharathwaj | Think Indie,Think Music India,,,@SaiAbhyankkar - Radhimaa (Music Video) | Bhagyashri Borse | Vivek | Thejo Bharathwaj | Think Indie Think Music India
2026-09-03,in,India,top_videos_daily,,12,https://i.ytimg.com/vi/CpmkmCSHPU8/mqdefault.jpg,Avulo Avulo Video Song - Romanchakam | Sandeep Reddy Vanga | Sumanth Prabhas | Ananthika | Vasuki,T-Series Telugu,,,Avulo Avulo Video Song - Romanchakam | Sandeep Reddy Vanga | Sumanth Prabhas | Ananthika | Vasuki T-Series Telugu
2026-09-03,in,India,top_videos_daily,,13,https://i.ytimg.com/vi/QnQnz9G2LNw/mqdefault.jpg,MALLEPOOLA PALLAKI (Song) | Ravi Teja | GV Prakash | Dappu Srinu | Shiva Nirvana | Irumudi,T-Series Telugu,,,MALLEPOOLA PALLAKI (Song) | Ravi Teja | GV Prakash | Dappu Srinu | Shiva Nirvana | Irumudi T-Series Telugu
2026-09-03,in,India,top_videos_daily,,14,https://i.ytimg.com/vi/WT-wrwlN144/mqdefault.jpg,YAALALO YAALALO Lyrical | Irumudi | Ravi Teja | GV Prakash | Hesham | Shiva Nirvana,Hesham Abdul Wahab / Sadhika K R / Balaji Venugopal / G.V. Prakash Kumar,,,"YAALALO YAALALO Lyrical | Irumudi | Ravi Teja | GV Prakash | Hesham | Shiva Nirvana Hesham Abdul Wahab , Sadhika K R , Balaji Venugopal & G.V. Prakash Kumar"
2026-09-03,in,India,top_videos_daily,,15,https://i.ytimg.com/vi/oafxkMv4xnc/mqdefault.jpg,Bairan,Banjaare,"2月 13, 2026",1391301,"15 1 Bairan Banjaare 2月 13, 2026 16 181 1,391,301"
2026-09-03,in,India,top_videos_daily,,16,https://i.ytimg.com/vi/7w7LUaLpM4E/mqdefault.jpg,MALLEPOOLA PALLAKI 8K VIDEO | RAVI TEJA | GV PRAKASH | DAPPU SRINU | IRUMUDI | AYYAPPA SONG,T-Series,,,MALLEPOOLA PALLAKI 8K VIDEO | RAVI TEJA | GV PRAKASH | DAPPU SRINU | IRUMUDI | AYYAPPA SONG T-Series
2026-09-03,in,India,top_videos_daily,,17,https://i.ytimg.com/vi/HHv5RZpvbV4/mqdefault.jpg,show time...,Snow Man,,,show time... Snow Man
2026-09-03,in,India,top_videos_daily,,18,https://i.ytimg.com/vi/tyUVIIbhvYM/mqdefault.jpg,"Bewafa [(From""Ilzaam 2.0"")]",Kunaal Vermaa / Payal Dev / Satyajeet Jena,,,"Bewafa [(From""Ilzaam 2.0"")] Kunaal Vermaa , Payal Dev & Satyajeet Jena"
2026-09-03,in,India,top_videos_daily,,19,https://i.ytimg.com/vi/ZvXN0TcZLfQ/mqdefault.jpg,Fortuner,Raj Mawar / Ruchika Jangid,,,Fortuner Raj Mawar & Ruchika Jangid
2026-09-03,in,India,top_videos_daily,,20,https://i.ytimg.com/vi/aRNfSqsgrgE/mqdefault.jpg,Sheesha,Mitta Ror / Swara Verma,,,Sheesha Mitta Ror & Swara Verma
2026-09-03,in,India,top_videos_daily,,21,https://i.ytimg.com/vi/j5vekz0W2VM/mqdefault.jpg,YAALALO YAALALO Video | Irumudi | Ravi Teja | GV Prakash | Hesham | Shiva Nirvana,T-Series Telugu,,,YAALALO YAALALO Video | Irumudi | Ravi Teja | GV Prakash | Hesham | Shiva Nirvana T-Series Telugu
2026-09-03,in,India,top_videos_daily,,22,https://i.ytimg.com/vi/av96L5hAjl8/mqdefault.jpg,"Aur Batao (Official Video) Bintu Pabra, Shiva Choudhary | Nandini Sharma | New Haryanvi Song 2026",Prime Records Haryanvi,,2026,"Aur Batao (Official Video) Bintu Pabra, Shiva Choudhary | Nandini Sharma | New Haryanvi Song 2026 Prime Records Haryanvi"
2026-09-03,in,India,top_videos_daily,,23,https://i.ytimg.com/vi/b68HETiNO98/mqdefault.jpg,Pavazha Malli,Sai Abhyankkar / Shruti Haasan,,,Pavazha Malli Sai Abhyankkar & Shruti Haasan
2026-09-03,in,India,top_videos_daily,,24,https://i.ytimg.com/vi/1zZQa0-QQIA/mqdefault.jpg,"NEXZ(넥스지) ""SAUCIN'"" M/V",JYP Entertainment,,,"NEXZ(넥스지) ""SAUCIN'"" M/V JYP Entertainment"
2026-09-03,in,India,top_videos_daily,,25,https://i.ytimg.com/vi/2gXNDr_6FcE/mqdefault.jpg,Irumudi Kattu,Shiva Nirvana / G.V. Prakash Kumar / Kalyan Chakravarthy Tripuraneni / Ananthu,,,"Irumudi Kattu Shiva Nirvana , G.V. Prakash Kumar , Kalyan Chakravarthy Tripuraneni & Ananthu"
2026-09-03,in,India,top_videos_daily,,26,https://i.ytimg.com/vi/Oyw1Eo21q5k/mqdefault.jpg,Kabze,Bintu Pabra / Shiva Choudhary,,,Kabze Bintu Pabra & Shiva Choudhary
2026-09-03,in,India,top_videos_daily,,27,https://i.ytimg.com/vi/GVizJ_jpUnw/mqdefault.jpg,Gehra Hua,Arijit Singh / Armaan Khan / 沙赫瓦特·薩赫迪夫 / Irshad Kamil,,,"Gehra Hua Arijit Singh , Armaan Khan , 沙赫瓦特·薩赫迪夫 & Irshad Kamil"
2026-09-03,in,India,top_videos_daily,,28,https://i.ytimg.com/vi/F2m4HPLvj-4/mqdefault.jpg,Jaiye Sajana,雅斯文·桑德拉斯 / 施廷德·薩爾塔 / 沙赫瓦特·薩赫迪夫,,,"Jaiye Sajana 雅斯文·桑德拉斯 , 施廷德·薩爾塔 & 沙赫瓦特·薩赫迪夫"
2026-09-03,in,India,top_videos_daily,,29,https://i.ytimg.com/vi/cL0KKSPjZf8/mqdefault.jpg,Boom Shaka,KR$NA / Dhanda Nyoliwala,,,Boom Shaka KR$NA & Dhanda Nyoliwala
2026-09-03,in,India,top_videos_daily,,30,https://i.ytimg.com/vi/jZEA2mMwL1k/mqdefault.jpg,Mutta Kalakki,Ken Karunaas,,,Mutta Kalakki Ken Karunaas
2026-09-03,in,India,top_videos_daily,,31,https://i.ytimg.com/vi/9dV6Hl2u3vM/mqdefault.jpg,Neno Butterfly,Sublahshini / G.V. Prakash Kumar,,,Neno Butterfly Sublahshini & G.V. Prakash Kumar
2026-09-03,in,India,top_videos_daily,,32,https://i.ytimg.com/vi/8SxuDdozKks/mqdefault.jpg,Maal Khara (Official Music Video) Harris.K Singh | 26Aala,Harris.K Singh,,,Maal Khara (Official Music Video) Harris.K Singh | 26Aala Harris.K Singh
2026-09-03,in,India,top_videos_daily,,33,https://i.ytimg.com/vi/iAtoZar5W58/mqdefault.jpg,Aaya Sher,Jangi Reddy / Arjun Chandy / 安尼魯德・瑞維奇德 / Kasarla Shyam,,,"Aaya Sher Jangi Reddy , Arjun Chandy , 安尼魯德・瑞維奇德 & Kasarla Shyam"
2026-09-03,in,India,top_videos_daily,,34,https://i.ytimg.com/vi/VwTBkTuzBGw/mqdefault.jpg,TATVDARSHI (Full Song) Masoom Sharma | Harry Lather | Thinker | New Haryanvi Song 2026,Masoom Sharma,,2026,TATVDARSHI (Full Song) Masoom Sharma | Harry Lather | Thinker | New Haryanvi Song 2026 Masoom Sharma
2026-09-03,in,India,top_videos_daily,,35,https://i.ytimg.com/vi/asG7cwxi1sA/mqdefault.jpg,Saiyaara,舒蕾亞·戈沙爾 / Arslan Nizami / Irshad Kamil,,,"Saiyaara 舒蕾亞·戈沙爾 , Arslan Nizami & Irshad Kamil"
2026-09-03,in,India,top_videos_daily,,36,https://i.ytimg.com/vi/0wUOsW8Zl8g/mqdefault.jpg,Dil Udeya | B Praak | Gippy Grewal | Shehnaaz Gill | Singh Vs Kaur 2 | Punjabi Love Song,Speed Records,,,Dil Udeya | B Praak | Gippy Grewal | Shehnaaz Gill | Singh Vs Kaur 2 | Punjabi Love Song Speed Records
2026-09-03,in,India,top_videos_daily,,37,https://i.ytimg.com/vi/5GCfYLguTIs/mqdefault.jpg,Boyfriend,Karan Aujla,,,Boyfriend Karan Aujla
2026-09-03,in,India,top_videos_daily,,38,https://i.ytimg.com/vi/MyVe_U7CNtI/mqdefault.jpg,PEELE PEELE (Official Music Video) Amzy Walia ft. Mika Singh,Amzy Walia / 米卡·辛格,,,PEELE PEELE (Official Music Video) Amzy Walia ft. Mika Singh Amzy Walia & 米卡·辛格
2026-09-03,in,India,top_videos_daily,,39,https://i.ytimg.com/vi/z5y8Clp_TdE/mqdefault.jpg,KALYANI (Remix),舒蕾亞·戈沙爾 / ARJN / FIFTY4 / KDS,,,"KALYANI (Remix) 舒蕾亞·戈沙爾 , ARJN , FIFTY4 & KDS"
2026-09-03,in,India,top_videos_daily,,40,https://i.ytimg.com/vi/5tWg08zV-tI/mqdefault.jpg,Court Me Goli (Official Video) Ankit Baliyan | Fiza Choudhary | New Haryanvi Songs Haryanavi 2025,Gulshan Music,,2025,Court Me Goli (Official Video) Ankit Baliyan | Fiza Choudhary | New Haryanvi Songs Haryanavi 2025 Gulshan Music
2026-09-03,in,India,top_videos_daily,,41,https://i.ytimg.com/vi/tLqtnGLfm4Q/mqdefault.jpg,"Tum Hi Aana (From ""Marjaavaan"")",Jubin Nautiyal / Payal Dev,,,"Tum Hi Aana (From ""Marjaavaan"") Jubin Nautiyal & Payal Dev"
2026-09-03,in,India,top_videos_daily,,42,https://i.ytimg.com/vi/uOrhBw3N3NM/mqdefault.jpg,80 Lakh,D Naveen / Shiva Choudhary / Sweta Chauhan / Kala Dighal,,,"80 Lakh D Naveen , Shiva Choudhary , Sweta Chauhan & Kala Dighal"
2026-09-03,in,India,top_videos_daily,,43,https://i.ytimg.com/vi/5RT6QMKJTjQ/mqdefault.jpg,Ishq Sufiyana,Kamal Khan,,,Ishq Sufiyana Kamal Khan
2026-09-03,in,India,top_videos_daily,,44,https://i.ytimg.com/vi/GX9x62kFsVU/mqdefault.jpg,Gehra Hua,Arijit Singh / Armaan Khan / 沙赫瓦特·薩赫迪夫 / Irshad Kamil,,,"Gehra Hua Arijit Singh , Armaan Khan , 沙赫瓦特·薩赫迪夫 & Irshad Kamil"
2026-09-03,in,India,top_videos_daily,,45,https://i.ytimg.com/vi/EEZ8fbzhEfQ/mqdefault.jpg,Irumudi Kattu,Shiva Nirvana / G.V. Prakash Kumar / Kalyan Chakravarthy Tripuraneni / Ananthu,,,"Irumudi Kattu Shiva Nirvana , G.V. Prakash Kumar , Kalyan Chakravarthy Tripuraneni & Ananthu"
2026-09-03,in,India,top_videos_daily,,46,https://i.ytimg.com/vi/rs0gQ-3hbPQ/mqdefault.jpg,Muthumani Music Video - DOROTHY | Maestro Ilaiyaraaja | Karthik Subbaraj,Sony Music South,,,Muthumani Music Video - DOROTHY | Maestro Ilaiyaraaja | Karthik Subbaraj Sony Music South
2026-09-03,in,India,top_videos_daily,,47,https://i.ytimg.com/vi/7VsejGzcJmM/mqdefault.jpg,Alaakaa Loova,Sai Abhyankkar,,,Alaakaa Loova Sai Abhyankkar
2026-09-03,in,India,top_videos_daily,,48,https://i.ytimg.com/vi/tS_LWwEWsoQ/mqdefault.jpg,Ik Mulaqat ( Official Video ) Altamash Faridi | Shyna Sunsara | Abhey Bansal | Prem Thakur,AB Bansal Music,,,Ik Mulaqat ( Official Video ) Altamash Faridi | Shyna Sunsara | Abhey Bansal | Prem Thakur AB Bansal Music
2026-09-03,in,India,top_videos_daily,,49,https://i.ytimg.com/vi/bP8ATWCvqzw/mqdefault.jpg,Arz Kiya Hai,Anuv Jain,,,Arz Kiya Hai Anuv Jain
2026-09-03,in,India,top_videos_daily,,50,https://i.ytimg.com/vi/1iBDh00xMQw/mqdefault.jpg,Rupya Dekh Ke Bora Me,Tuntun Yadav,,,Rupya Dekh Ke Bora Me Tuntun Yadav
2026-09-03,in,India,top_videos_daily,,51,https://i.ytimg.com/vi/1eIsHDzbZtI/mqdefault.jpg,Dhanda Nyoliwala - Gaddafi (Official Music Video),Dhanda Nyoliwala,,,Dhanda Nyoliwala - Gaddafi (Official Music Video) Dhanda Nyoliwala
2026-09-03,in,India,top_videos_daily,,52,https://i.ytimg.com/vi/C1LN4cWjMl0/mqdefault.jpg,Pattampoochi,Sublahshini / G.V. Prakash Kumar,,,Pattampoochi Sublahshini & G.V. Prakash Kumar
2026-09-03,in,India,top_videos_daily,,53,https://i.ytimg.com/vi/phQYsDaMGmY/mqdefault.jpg,Bum Bhole,Jaya Kishori / Raaj Aashoo / Sukhwinder Singh / Seepi Jha,,,"Bum Bhole Jaya Kishori , Raaj Aashoo , Sukhwinder Singh & Seepi Jha"
2026-09-03,in,India,top_videos_daily,,54,https://i.ytimg.com/vi/73joP0J4FZw/mqdefault.jpg,Malayali Manka | Zukaboi | Nijad | Pratibha | Angel Joshie | Aparna Nair | Saina Music indie,Saina Music Indie,,,Malayali Manka | Zukaboi | Nijad | Pratibha | Angel Joshie | Aparna Nair | Saina Music indie Saina Music Indie
2026-09-03,in,India,top_videos_daily,,55,https://i.ytimg.com/vi/aw67jXhl4mc/mqdefault.jpg,Tere Sang Ishq Hua,奈蒂·莫漢 / Arijit Singh,,,Tere Sang Ishq Hua 奈蒂·莫漢 & Arijit Singh
2026-09-03,in,India,top_videos_daily,,56,https://i.ytimg.com/vi/3a9pHxpEMa8/mqdefault.jpg,New Punjabi Songs 2026 | Rishta (Official Video) R Nait | Isha Sharma | Latest Punjabi Songs,R Nait,,2026,New Punjabi Songs 2026 | Rishta (Official Video) R Nait | Isha Sharma | Latest Punjabi Songs R Nait
2026-09-03,in,India,top_videos_daily,,57,https://i.ytimg.com/vi/NhWaRfiqeCs/mqdefault.jpg,Irumudi Kattu,Shiva Nirvana / G.V. Prakash Kumar / Kalyan Chakravarthy Tripuraneni / Ananthu,,,"Irumudi Kattu Shiva Nirvana , G.V. Prakash Kumar , Kalyan Chakravarthy Tripuraneni & Ananthu"
2026-09-03,in,India,top_videos_daily,,58,https://i.ytimg.com/vi/ZcO4s0UU4Uk/mqdefault.jpg,Kamar DJ Pe,Manish Sonipat Aala / Bali Sharma / Vampire,,,"Kamar DJ Pe Manish Sonipat Aala , Bali Sharma & Vampire"
2026-09-03,in,India,top_videos_daily,,59,https://i.ytimg.com/vi/o9drptYB-8A/mqdefault.jpg,Vania Ice - Ilelesi (Official Visualizer),Vania Ice,,,Vania Ice - Ilelesi (Official Visualizer) Vania Ice
2026-09-03,in,India,top_videos_daily,,60,https://i.ytimg.com/vi/q4pqorfTF2s/mqdefault.jpg,Irumudi Kattu,G.V. Prakash Kumar / Shiva Nirvana / Kalyan Chakravarthy Tripuraneni / Ananthu,,,"Irumudi Kattu G.V. Prakash Kumar , Shiva Nirvana , Kalyan Chakravarthy Tripuraneni & Ananthu"
2026-09-03,in,India,top_videos_daily,,61,https://i.ytimg.com/vi/BSu3eNpupq8/mqdefault.jpg,Aavagaman,Sadhu Tiwari,,,Aavagaman Sadhu Tiwari
2026-09-03,in,India,top_videos_daily,,62,https://i.ytimg.com/vi/D57Bum-y_Bk/mqdefault.jpg,8K Video: MALLEPOOLA PALLAKI | Ravi Teja | GV Prakash | Dappu Srinu | Shiva Nirvana | Irumudi,T-Series Telugu,,,8K Video: MALLEPOOLA PALLAKI | Ravi Teja | GV Prakash | Dappu Srinu | Shiva Nirvana | Irumudi T-Series Telugu
2026-09-03,in,India,top_videos_daily,,63,https://i.ytimg.com/vi/rC-kbRanJQ0/mqdefault.jpg,UDI UDI,Hruday / Sarkar / Aneesh,,,"UDI UDI Hruday , Sarkar & Aneesh"
2026-09-03,in,India,top_videos_daily,,64,https://i.ytimg.com/vi/LX2zshAgECQ/mqdefault.jpg,Aankhon Se Tune 2.0,Dev Negi / Palak Muchhal / Kumar Sanu / Alka Yagnik,,,"Aankhon Se Tune 2.0 Dev Negi , Palak Muchhal , Kumar Sanu & Alka Yagnik"
2026-09-03,in,India,top_videos_daily,,65,https://i.ytimg.com/vi/QHdajZktFEU/mqdefault.jpg,Bangles,Sanju Rathod / G-SPXRK,,,Bangles Sanju Rathod & G-SPXRK
2026-09-03,in,India,top_videos_daily,,66,https://i.ytimg.com/vi/DS-raAyMxl4/mqdefault.jpg,Sanam Re - Instrumental,sandeep thakur / Tejas Vinchurkar,,,Sanam Re - Instrumental sandeep thakur & Tejas Vinchurkar
2026-09-03,in,India,top_videos_daily,,67,https://i.ytimg.com/vi/rjfxLq3OQ0w/mqdefault.jpg,Parvati (Full Song) | Jab Zid Pe Aa Gayi Parvati | Hanuman Ansh | Sadhu Tiwari | Shobhinaw Satyaa,Times Music,,,Parvati (Full Song) | Jab Zid Pe Aa Gayi Parvati | Hanuman Ansh | Sadhu Tiwari | Shobhinaw Satyaa Times Music
2026-09-03,in,India,top_videos_daily,,68,https://i.ytimg.com/vi/o4cdkp_U5F0/mqdefault.jpg,Yaalalo Yaalalo,Hesham Abdul Wahab / Sadhika K R / G.V. Prakash Kumar / Anantha Sriram,,,"Yaalalo Yaalalo Hesham Abdul Wahab , Sadhika K R , G.V. Prakash Kumar & Anantha Sriram"
2026-09-03,in,India,top_videos_daily,,69,https://i.ytimg.com/vi/Y9ozt29tzgs/mqdefault.jpg,Naino Ne Baandhi,Yasser Desai / 雅高・普拉沃・穆克吉,,,Naino Ne Baandhi Yasser Desai & 雅高・普拉沃・穆克吉
2026-09-03,in,India,top_videos_daily,,70,https://i.ytimg.com/vi/P-gPYtr2cGU/mqdefault.jpg,Seethakoka,Ahmed Khan Durani (AKD),,,Seethakoka Ahmed Khan Durani (AKD)
2026-09-03,in,India,top_videos_daily,,71,https://i.ytimg.com/vi/msjA3KVNH7g/mqdefault.jpg,Asalayavale - Video Song | Khalifa | Prithviraj Sukumaran|Malvika Sharma | Jakes Bejoy x Sid Sriram,傑克斯·貝喬 / Mohammed Maqbool Mansoor / Muthu / 席德·斯里拉姆,,,"Asalayavale - Video Song | Khalifa | Prithviraj Sukumaran|Malvika Sharma | Jakes Bejoy x Sid Sriram 傑克斯·貝喬 , Mohammed Maqbool Mansoor , Muthu & 席德·斯里拉姆"
2026-09-03,in,India,top_videos_daily,,72,https://i.ytimg.com/vi/ahc8zhtzQSk/mqdefault.jpg,Lahanga Se Mahanga,Shivani Singh / Pawan Singh,,,Lahanga Se Mahanga Shivani Singh & Pawan Singh
2026-09-03,in,India,top_videos_daily,,73,https://i.ytimg.com/vi/FboTyBsFZQs/mqdefault.jpg,Donde Hubo Fuego Cenizas Quedan,Anuel AA,,,Donde Hubo Fuego Cenizas Quedan Anuel AA
2026-09-03,in,India,top_videos_daily,,74,https://i.ytimg.com/vi/X1twu3ztkPU/mqdefault.jpg,Bum Baa Diga Diga - Music Video | DC | Lokesh | Sun Pictures | Anirudh | Arun Matheswaran,Heisenberg / Ritesh G Rao / Anirudh Ravichander / Asura,,,"Bum Baa Diga Diga - Music Video | DC | Lokesh | Sun Pictures | Anirudh | Arun Matheswaran Heisenberg , Ritesh G Rao , Anirudh Ravichander & Asura"
2026-09-03,in,India,top_videos_daily,,75,https://i.ytimg.com/vi/v5jVX0QYwQo/mqdefault.jpg,Shararat,Madhubanti Bagchi / 雅斯文·桑德拉斯 / 沙赫瓦特·薩赫迪夫,,,"Shararat Madhubanti Bagchi , 雅斯文·桑德拉斯 & 沙赫瓦特·薩赫迪夫"
2026-09-03,in,India,top_videos_daily,,76,https://i.ytimg.com/vi/qZC_eUpTKpA/mqdefault.jpg,"Kaho Toh - Prem Keetanu | Veer Pahariya, Aafiya, Aparshakti | Armaan Malik, Altamash, Annkur, Sachin",Zee Music Company,,,"Kaho Toh - Prem Keetanu | Veer Pahariya, Aafiya, Aparshakti | Armaan Malik, Altamash, Annkur, Sachin Zee Music Company"
2026-09-03,in,India,top_videos_daily,,77,https://i.ytimg.com/vi/6JaeasJw-QI/mqdefault.jpg,Thalapathy Kacheri,Jayanth Maadhur / Anirudh Ravichander / Arun Kaundinya / Nazeeruddin / Srinivasa Mouli,,,"Thalapathy Kacheri Jayanth Maadhur , Anirudh Ravichander , Arun Kaundinya , Nazeeruddin & Srinivasa Mouli"
2026-09-03,in,India,top_videos_daily,,78,https://i.ytimg.com/vi/VOZEBZKd2Pc/mqdefault.jpg,Beech Bajaria,Sapna Awasthi,,,Beech Bajaria Sapna Awasthi
2026-09-03,in,India,top_videos_daily,,79,https://i.ytimg.com/vi/Bm9lLpmPM0A/mqdefault.jpg,Pattampoochi,Sublahshini / G.V. Prakash Kumar,,,Pattampoochi Sublahshini & G.V. Prakash Kumar
2026-09-03,in,India,top_videos_daily,,80,https://i.ytimg.com/vi/9hYyZu2KcxQ/mqdefault.jpg,Pagle Bana Delu,Pramod Premi / Vicky Vox / Ravi Yadav,,,"Pagle Bana Delu Pramod Premi , Vicky Vox & Ravi Yadav"
2026-09-03,in,India,top_videos_daily,,81,https://i.ytimg.com/vi/N0KfiOTSpxs/mqdefault.jpg,"Kalyana Virundhu (From ""Dorothy"")",安東尼·達桑 / 普里亞·傑森 / Ilaiyaraaja / Yugendran Vasudevan,,,"Kalyana Virundhu (From ""Dorothy"") 安東尼·達桑 , 普里亞·傑森 , Ilaiyaraaja & Yugendran Vasudevan"
2026-09-03,in,India,top_videos_daily,,82,https://i.ytimg.com/vi/NWK7dWsBlKo/mqdefault.jpg,Shamiyana,Shilpi Raj / Pawan Singh / Priyanshu Singh,,,"Shamiyana Shilpi Raj , Pawan Singh & Priyanshu Singh"
2026-09-03,in,India,top_videos_daily,,83,https://i.ytimg.com/vi/h1kihH0l8iQ/mqdefault.jpg,Tabaahi,維沙爾·米什拉 / 約格拉吉·巴特,,,Tabaahi 維沙爾·米什拉 & 約格拉吉·巴特
2026-09-03,in,India,top_videos_daily,,84,https://i.ytimg.com/vi/Nca__2eb2yA/mqdefault.jpg,مشتاقه - فهد العمري ( 2026 ) | Mishtaqh - Fahad Alamri,فهد العمري,,2026,مشتاقه - فهد العمري ( 2026 ) | Mishtaqh - Fahad Alamri فهد العمري
2026-09-03,in,India,top_videos_daily,,85,https://i.ytimg.com/vi/6zDfwVSvyEk/mqdefault.jpg,Hellallallo,Rakshita Suresh / A. R. Rahman / Varadaraj Chikkaballapura,,,"Hellallallo Rakshita Suresh , A. R. Rahman & Varadaraj Chikkaballapura"
2026-09-03,in,India,top_videos_daily,,86,https://i.ytimg.com/vi/q8gilwzNQEA/mqdefault.jpg,Mere Rashke Qamar,Nusrat Fateh Ali Khan / Rahat Fateh Ali Khan,,,Mere Rashke Qamar Nusrat Fateh Ali Khan & Rahat Fateh Ali Khan
2026-09-03,in,India,top_videos_daily,,87,https://i.ytimg.com/vi/2vYyHb34upc/mqdefault.jpg,Case Teri Rani Ladegi,Khesari Lal Yadav / Shrishti Bharti,,,Case Teri Rani Ladegi Khesari Lal Yadav & Shrishti Bharti
2026-09-03,in,India,top_videos_daily,,88,https://i.ytimg.com/vi/m6Y8xEfyXTs/mqdefault.jpg,Main Yahaan Hoon,Udit Narayan,,,Main Yahaan Hoon Udit Narayan
2026-09-03,in,India,top_videos_daily,,89,https://i.ytimg.com/vi/Q7ZMrWQmJbQ/mqdefault.jpg,Katto Gilehri,達雷爾·馬哈帝,,,Katto Gilehri 達雷爾·馬哈帝
2026-09-03,in,India,top_videos_daily,,90,https://i.ytimg.com/vi/6BaZZq1B7Ms/mqdefault.jpg,Harrdy Sandhu - Stuck On You ft. Bharath (Official Video),Harrdy Sandhu,,,Harrdy Sandhu - Stuck On You ft. Bharath (Official Video) Harrdy Sandhu
2026-09-03,in,India,top_videos_daily,,91,https://i.ytimg.com/vi/alX-ld96FpI/mqdefault.jpg,Jadugarni,Riyaazi / Sintaa,,,Jadugarni Riyaazi & Sintaa
2026-09-03,in,India,top_videos_daily,,92,https://i.ytimg.com/vi/GG1_DsScm6U/mqdefault.jpg,Vaari Jaavan,喬奧蒂·諾倫 / Reble / 沙赫瓦特·薩赫迪夫 / 雅斯文·桑德拉斯,,,"Vaari Jaavan 喬奧蒂·諾倫 , Reble , 沙赫瓦特·薩赫迪夫 & 雅斯文·桑德拉斯"
2026-09-03,in,India,top_videos_daily,,93,https://i.ytimg.com/vi/S-AZpRbw_fQ/mqdefault.jpg,Born Loud (Official Video) - Raman Lakhesar | New Punjabi Songs 2026 | Hot Shot Music,Hot Shot Music,,2026,Born Loud (Official Video) - Raman Lakhesar | New Punjabi Songs 2026 | Hot Shot Music Hot Shot Music
2026-09-03,in,India,top_videos_daily,,94,https://i.ytimg.com/vi/BZfo4Wve1f8/mqdefault.jpg,"Woh Ho Tum Lyrical Video | Muskaan | Sonu Nigam | Anuradha Paudwal | Nikhil-Vinay | Aaftab S,Gracy S",庫納爾·甘賈瓦拉 / 薩米爾・安姜 / 桑妮蒂·喬寒,,,"Woh Ho Tum Lyrical Video | Muskaan | Sonu Nigam | Anuradha Paudwal | Nikhil-Vinay | Aaftab S,Gracy S 庫納爾·甘賈瓦拉 , 薩米爾・安姜 & 桑妮蒂·喬寒"
2026-09-03,in,India,top_videos_daily,,95,https://i.ytimg.com/vi/49x5rfxmv4E/mqdefault.jpg,Karuppa Kooda Va,Sai Abhyankkar / V·M·馬哈林加姆,,,Karuppa Kooda Va Sai Abhyankkar & V·M·馬哈林加姆
2026-09-03,in,India,top_videos_daily,,96,https://i.ytimg.com/vi/cEuvTa6Ej44/mqdefault.jpg,Majanua Ha Mafiya,Shilpi Raj / Golu Raja,,,Majanua Ha Mafiya Shilpi Raj & Golu Raja
2026-09-03,in,India,top_videos_daily,,97,https://i.ytimg.com/vi/u9Fz_wwKaLg/mqdefault.jpg,"Sabko Lyrical Song | EPIC First Semester | Anand Deverakonda, Vaishnavi | Hesham Abdul wahab",Aditya Music,,,"Sabko Lyrical Song | EPIC First Semester | Anand Deverakonda, Vaishnavi | Hesham Abdul wahab Aditya Music"
2026-09-03,in,India,top_videos_daily,,98,https://i.ytimg.com/vi/FPoDwu3odT8/mqdefault.jpg,O Sanam,Akhil Sachdeva,,,O Sanam Akhil Sachdeva
2026-09-03,in,India,top_videos_daily,,99,https://i.ytimg.com/vi/SKlCjpA5wDs/mqdefault.jpg,Aadabidda Rakhi Paata Full Song | Relare Ganga Songs | SV MallikTeja | KalyanKeys | Rakhi Songs 2026,Relare Ganga,,2026,Aadabidda Rakhi Paata Full Song | Relare Ganga Songs | SV MallikTeja | KalyanKeys | Rakhi Songs 2026 Relare Ganga
2026-09-03,in,India,top_videos_daily,,100,https://i.ytimg.com/vi/HexFqifusOk/mqdefault.jpg,"Jogi - Lyrical | Shaadi Mein Zaroor Aana | Rajkummar Rao, Kriti Kharbanda | Arko, Yasser, Aakanksha",沙夫卡特·阿馬納·阿里,,,"Jogi - Lyrical | Shaadi Mein Zaroor Aana | Rajkummar Rao, Kriti Kharbanda | Arko, Yasser, Aakanksha 沙夫卡特·阿馬納·阿里"
2026-09-03,sg,Singapore,top_videos_daily,,1,https://i.ytimg.com/vi/oAwzFFEYm38/mqdefault.jpg,Girls' Generation-HRS 소녀시대-효리수 'Skibidi' Performance Video,SMTOWN,,,Girls' Generation-HRS 소녀시대-효리수 'Skibidi' Performance Video SMTOWN
2026-09-03,sg,Singapore,top_videos_daily,,2,https://i.ytimg.com/vi/jR3rWCBeO6M/mqdefault.jpg,@SaiAbhyankkar - Radhimaa (Music Video) | Bhagyashri Borse | Vivek | Thejo Bharathwaj | Think Indie,Think Music India,,,@SaiAbhyankkar - Radhimaa (Music Video) | Bhagyashri Borse | Vivek | Thejo Bharathwaj | Think Indie Think Music India
2026-09-03,sg,Singapore,top_videos_daily,,3,https://i.ytimg.com/vi/s466YCiHfKw/mqdefault.jpg,FALLEN ANGEL (Official Video),JENNIE,,,FALLEN ANGEL (Official Video) JENNIE
2026-09-03,sg,Singapore,top_videos_daily,,4,https://i.ytimg.com/vi/N0KfiOTSpxs/mqdefault.jpg,"Kalyana Virundhu (From ""Dorothy"")",安東尼·達桑 / 普里亞·傑森 / Ilaiyaraaja / Yugendran Vasudevan,,,"Kalyana Virundhu (From ""Dorothy"") 安東尼·達桑 , 普里亞·傑森 , Ilaiyaraaja & Yugendran Vasudevan"
2026-09-03,sg,Singapore,top_videos_daily,,5,https://i.ytimg.com/vi/376utoTabMI/mqdefault.jpg,看著我的眼睛說,張遠 / 姚曉棠,,,看着我的眼睛说 张远 & 姚晓棠
2026-09-03,sg,Singapore,top_videos_daily,,6,https://i.ytimg.com/vi/rs0gQ-3hbPQ/mqdefault.jpg,Muthumani Music Video - DOROTHY | Maestro Ilaiyaraaja | Karthik Subbaraj,Sony Music South,,,Muthumani Music Video - DOROTHY | Maestro Ilaiyaraaja | Karthik Subbaraj Sony Music South
2026-09-03,sg,Singapore,top_videos_daily,,7,https://i.ytimg.com/vi/7H1ObJvb7Hc/mqdefault.jpg,【純享版】張碧晨侯明昊老友重逢卻唱盡痛心！演繹李佳薇新歌《甲乙丙丁》 深情對唱層層遞進 將遺憾與不捨唱到極致 #天賜的聲音7 EP11 20260821,天賜的聲音,,20260821,【纯享版】张碧晨侯明昊老友重逢却唱尽痛心！演绎李佳薇新歌《甲乙丙丁》 深情对唱层层递进 将遗憾与不舍唱到极致 #天赐的声音7 EP11 20260821 天赐的声音
2026-09-03,sg,Singapore,top_videos_daily,,8,https://i.ytimg.com/vi/JqFzhcWo3EU/mqdefault.jpg,Yeshanagula | The Paradise | Nani | Keerthy Suresh | Anirudh Ravichander | Srikanth Odela,Saregama Telugu,,,Yeshanagula | The Paradise | Nani | Keerthy Suresh | Anirudh Ravichander | Srikanth Odela Saregama Telugu
2026-09-03,sg,Singapore,top_videos_daily,,9,https://i.ytimg.com/vi/fcnDmrtj6Sk/mqdefault.jpg,Dai Dai,Shakira / Burna Boy,,,Dai Dai Shakira & Burna Boy
2026-09-03,sg,Singapore,top_videos_daily,,10,https://i.ytimg.com/vi/L8ZnXgbyUuc/mqdefault.jpg,BIGBANG - ‘BiiiG’ M/V,BIGBANG,,,BIGBANG - ‘BiiiG’ M/V BIGBANG
2026-09-03,sg,Singapore,top_videos_daily,,11,https://i.ytimg.com/vi/Q3bFaJVLlb0/mqdefault.jpg,ဤသို့ပြုရ,Theinkpan Htun,,,ဤသို့ပြုရ Theinkpan Htun
2026-09-03,sg,Singapore,top_videos_daily,,12,https://i.ytimg.com/vi/xvT1jH8B9AM/mqdefault.jpg,KALYANI (Remix),ARJN / KDS / FIFTY4 / 舒蕾亞·戈沙爾,,,"KALYANI (Remix) ARJN , KDS , FIFTY4 & 舒蕾亞·戈沙爾"
2026-09-03,sg,Singapore,top_videos_daily,,13,https://i.ytimg.com/vi/is8UDe2PhKQ/mqdefault.jpg,KATSEYE (캣츠아이) 'Hootie Frutti' Official MV,KATSEYE,,,KATSEYE (캣츠아이) 'Hootie Frutti' Official MV KATSEYE
2026-09-03,sg,Singapore,top_videos_daily,,14,https://i.ytimg.com/vi/yebNIHKAC4A/mqdefault.jpg,Golden,HUNTR/X / EJAE / AUDREY NUNA / REI AMI / KPop Demon Hunters Cast,,,"Golden HUNTR/X , EJAE , AUDREY NUNA , REI AMI & KPop Demon Hunters Cast"
2026-09-03,sg,Singapore,top_videos_daily,,15,https://i.ytimg.com/vi/3DcoC8p9az8/mqdefault.jpg,Training Season (Live),Dua Lipa,,,Training Season (Live) Dua Lipa
2026-09-03,sg,Singapore,top_videos_daily,,16,https://i.ytimg.com/vi/m7k9UMcHbr0/mqdefault.jpg,"KATSEYE (캣츠아이) ""Animal"" Official MV",KATSEYE,,,"KATSEYE (캣츠아이) ""Animal"" Official MV KATSEYE"
2026-09-03,sg,Singapore,top_videos_daily,,17,https://i.ytimg.com/vi/YacpC7sUXMM/mqdefault.jpg,甲乙丙丁 (你我怎麼兩清伴奏),李佳薇,,,甲乙丙丁 (你我怎麼兩清伴奏) 李佳薇
2026-09-03,sg,Singapore,top_videos_daily,,18,https://i.ytimg.com/vi/-q_S27LbNKU/mqdefault.jpg,BAD,ATEEZ,"6月 25, 2026",<10K,"18 2 BAD ATEEZ 6月 25, 2026 16 68 <10K"
2026-09-03,sg,Singapore,top_videos_daily,,19,https://i.ytimg.com/vi/7VsejGzcJmM/mqdefault.jpg,Alaakaa Loova,Sai Abhyankkar,,,Alaakaa Loova Sai Abhyankkar
2026-09-03,sg,Singapore,top_videos_daily,,20,https://i.ytimg.com/vi/YWsczzufh6Q/mqdefault.jpg,"Felix ""Slow It Down"" | [Stray Kids : SKZ-PLAYER]",Stray Kids,,,"Felix ""Slow It Down"" | [Stray Kids : SKZ-PLAYER] Stray Kids"
2026-09-03,sg,Singapore,top_videos_daily,,21,https://i.ytimg.com/vi/ko70cExuzZM/mqdefault.jpg,The Fate of Ophelia,Taylor Swift,,,The Fate of Ophelia Taylor Swift
2026-09-03,sg,Singapore,top_videos_daily,,22,https://i.ytimg.com/vi/b68HETiNO98/mqdefault.jpg,Pavazha Malli,Sai Abhyankkar / Shruti Haasan,,,Pavazha Malli Sai Abhyankkar & Shruti Haasan
2026-09-03,sg,Singapore,top_videos_daily,,23,https://i.ytimg.com/vi/0Vri50xDo7U/mqdefault.jpg,汪蘇瀧 Silence Wang x 莫文蔚 Karen Mok［陰天］明日世界 Official Stage Video,汪蘇瀧,,,汪苏泷 Silence Wang x 莫文蔚 Karen Mok［阴天］明日世界 Official Stage Video 汪蘇瀧
2026-09-03,sg,Singapore,top_videos_daily,,24,https://i.ytimg.com/vi/C1LN4cWjMl0/mqdefault.jpg,Pattampoochi,Sublahshini / G.V. Prakash Kumar,,,Pattampoochi Sublahshini & G.V. Prakash Kumar
2026-09-03,sg,Singapore,top_videos_daily,,25,https://i.ytimg.com/vi/_G3Nu8q9Z9s/mqdefault.jpg,嘉賓,張遠,"6月 12, 2026",<10K,"25 5 嘉宾 张远 6月 12, 2026 20 56 <10K"
2026-09-03,sg,Singapore,top_videos_daily,,26,https://i.ytimg.com/vi/W-D8GSXg1W8/mqdefault.jpg,ENHYPEN (엔하이픈) 'Bloody Paradise' Official Performance MV,HYBE LABELS,,,ENHYPEN (엔하이픈) 'Bloody Paradise' Official Performance MV HYBE LABELS
2026-09-03,sg,Singapore,top_videos_daily,,27,https://i.ytimg.com/vi/ts7-qWkpKYA/mqdefault.jpg,CHUNG HA 청하 | Digital Single [México] Music Video,CHUNG HA 청하,,,CHUNG HA 청하 | Digital Single [México] Music Video CHUNG HA 청하
2026-09-03,sg,Singapore,top_videos_daily,,28,https://i.ytimg.com/vi/15dxI9BPxa4/mqdefault.jpg,最後一頁 (Live),王赫野 / 姚曉棠,,,最后一页 (Live) 王赫野 & 姚晓棠
2026-09-03,sg,Singapore,top_videos_daily,,29,https://i.ytimg.com/vi/82-jTNka3uc/mqdefault.jpg,hate that i made you love me,Ariana Grande,,,hate that i made you love me Ariana Grande
2026-09-03,sg,Singapore,top_videos_daily,,30,https://i.ytimg.com/vi/MT-4Bk1Lw8g/mqdefault.jpg,Bloody Paradise,ENHYPEN,,,Bloody Paradise ENHYPEN
2026-09-03,sg,Singapore,top_videos_daily,,31,https://i.ytimg.com/vi/or6VC0FkOOw/mqdefault.jpg,"【MV】Here Comes the CHADCAST - (Mori Calliope, IRyS, Hakos Baelz)",Mori Calliope,,,"【MV】Here Comes the CHADCAST - (Mori Calliope, IRyS, Hakos Baelz) Mori Calliope"
2026-09-03,sg,Singapore,top_videos_daily,,32,https://i.ytimg.com/vi/uSDtkV3PXSA/mqdefault.jpg,GUM & DROP / 星街すいせい (official),Suisei Channel,,,GUM & DROP / 星街すいせい (official) Suisei Channel
2026-09-03,sg,Singapore,top_videos_daily,,33,https://i.ytimg.com/vi/RO75uUZiAw0/mqdefault.jpg,Teh Hijau,圖魯斯,"6月 29, 2026",<10K,"33 ● Teh Hijau 圖魯斯 6月 29, 2026 33 59 <10K"
2026-09-03,sg,Singapore,top_videos_daily,,34,https://i.ytimg.com/vi/Qe8fa4b5xNU/mqdefault.jpg,Good Goodbye,HWASA,,,Good Goodbye HWASA
2026-09-03,sg,Singapore,top_videos_daily,,35,https://i.ytimg.com/vi/s3a4OQR-10M/mqdefault.jpg,Loser,Tame Impala,,,Loser Tame Impala
2026-09-03,sg,Singapore,top_videos_daily,,36,https://i.ytimg.com/vi/D4n2TiAlT7U/mqdefault.jpg,Animal (Live From The Tonight Show With Jimmy Fallon),KATSEYE,,,Animal (Live From The Tonight Show With Jimmy Fallon) KATSEYE
2026-09-03,sg,Singapore,top_videos_daily,,37,https://i.ytimg.com/vi/zlAjS20q9pE/mqdefault.jpg,空心 (Live),黃霄雲 / 劉端端,,,空心 (Live) 黃霄雲 & 刘端端
2026-09-03,sg,Singapore,top_videos_daily,,38,https://i.ytimg.com/vi/3rB3n_XR23o/mqdefault.jpg,我不該動情,老闆,"7月 1, 2026",<10K,"38 3 我不該動情 老板 7月 1, 2026 35 43 <10K"
2026-09-03,sg,Singapore,top_videos_daily,,39,https://i.ytimg.com/vi/x3eqqoZPV_E/mqdefault.jpg,춤 (CHOOM),BABYMONSTER,,,춤 (CHOOM) BABYMONSTER
2026-09-03,sg,Singapore,top_videos_daily,,40,https://i.ytimg.com/vi/hm7Qw3yKclg/mqdefault.jpg,還是錯過他,王晴,"7月 9, 2023",<10K,"40 1 還是錯過他 王晴 7月 9, 2023 39 30 <10K"
2026-09-03,sg,Singapore,top_videos_daily,,41,https://i.ytimg.com/vi/B5u8JiGVI_k/mqdefault.jpg,BIGBANG - ‘BiiiG’ DANCE PRACTICE,BIGBANG,,,BIGBANG - ‘BiiiG’ DANCE PRACTICE BIGBANG
2026-09-03,sg,Singapore,top_videos_daily,,42,https://i.ytimg.com/vi/Aze7zTyIRtk/mqdefault.jpg,Aura 10/10,Hiphop Tamizha,,,Aura 10/10 Hiphop Tamizha
2026-09-03,sg,Singapore,top_videos_daily,,43,https://i.ytimg.com/vi/Bm9lLpmPM0A/mqdefault.jpg,Pattampoochi,Sublahshini / G.V. Prakash Kumar,,,Pattampoochi Sublahshini & G.V. Prakash Kumar
2026-09-03,sg,Singapore,top_videos_daily,,44,https://i.ytimg.com/vi/p13tH7Etlzc/mqdefault.jpg,離開我的依賴,王艷薇,"2月 17, 2020",<10K,"44 4 離開我的依賴 王艷薇 2月 17, 2020 40 39 <10K"
2026-09-03,sg,Singapore,top_videos_daily,,45,https://i.ytimg.com/vi/83C3TZ4Zm_o/mqdefault.jpg,LEMONADE,aespa,"5月 28, 2026",<10K,"45 ● LEMONADE aespa 5月 28, 2026 45 96 <10K"
2026-09-03,sg,Singapore,top_videos_daily,,46,https://i.ytimg.com/vi/BZ4UzthYTss/mqdefault.jpg,This & That,Stray Kids,,,This & That Stray Kids
2026-09-03,sg,Singapore,top_videos_daily,,47,https://i.ytimg.com/vi/K-7olbaOelg/mqdefault.jpg,MMG (My Mine Gueh),Naykilla,,,MMG (My Mine Gueh) Naykilla
2026-09-03,sg,Singapore,top_videos_daily,,48,https://i.ytimg.com/vi/v1t4MTqdfyI/mqdefault.jpg,hate that i made you love me,Ariana Grande,,,hate that i made you love me Ariana Grande
2026-09-03,sg,Singapore,top_videos_daily,,49,https://i.ytimg.com/vi/naoGk-Zjc1s/mqdefault.jpg,SUGAR HONEY ICE TEA,BABYMONSTER,,,SUGAR HONEY ICE TEA BABYMONSTER
2026-09-03,sg,Singapore,top_videos_daily,,50,https://i.ytimg.com/vi/AYWBYaWcse0/mqdefault.jpg,Iman Fandi - IT IS (Official Music Video),Iman Fandi,,,Iman Fandi - IT IS (Official Music Video) Iman Fandi
2026-09-03,sg,Singapore,top_videos_daily,,51,https://i.ytimg.com/vi/9cS2wv6AfHk/mqdefault.jpg,I LIKE IT,BABYMONSTER,,,I LIKE IT BABYMONSTER
2026-09-03,sg,Singapore,top_videos_daily,,52,https://i.ytimg.com/vi/zyRHh9SFAnc/mqdefault.jpg,The Wedding Song,Suriya / G.V. Prakash Kumar,,,The Wedding Song Suriya & G.V. Prakash Kumar
2026-09-03,sg,Singapore,top_videos_daily,,53,https://i.ytimg.com/vi/bMhDJ0S0OBA/mqdefault.jpg,It's Me,ILLIT,"4月 30, 2026",125,"53 10 It's Me ILLIT 4月 30, 2026 43 125 <10K"
2026-09-03,sg,Singapore,top_videos_daily,,54,https://i.ytimg.com/vi/6JaeasJw-QI/mqdefault.jpg,Thalapathy Kacheri,Jayanth Maadhur / Anirudh Ravichander / Arun Kaundinya / Nazeeruddin / Srinivasa Mouli,,,"Thalapathy Kacheri Jayanth Maadhur , Anirudh Ravichander , Arun Kaundinya , Nazeeruddin & Srinivasa Mouli"
2026-09-03,sg,Singapore,top_videos_daily,,55,https://i.ytimg.com/vi/eB-IK2wPWzw/mqdefault.jpg,ATEEZ(에이티즈) - 'BAD' Performance Stage (@The Kelly Clarkson Show),ATEEZ,,,ATEEZ(에이티즈) - 'BAD' Performance Stage (@The Kelly Clarkson Show) ATEEZ
2026-09-03,sg,Singapore,top_videos_daily,,56,https://i.ytimg.com/vi/49x5rfxmv4E/mqdefault.jpg,Karuppa Kooda Va,Sai Abhyankkar / V·M·馬哈林加姆,,,Karuppa Kooda Va Sai Abhyankkar & V·M·馬哈林加姆
2026-09-03,sg,Singapore,top_videos_daily,,57,https://i.ytimg.com/vi/rJF7vmzlBSU/mqdefault.jpg,意外,小宇,"8月 4, 2026",<10K,"57 9 意外 小宇 8月 4, 2026 66 4 <10K"
2026-09-03,sg,Singapore,top_videos_daily,,58,https://i.ytimg.com/vi/27C4pfRsf9g/mqdefault.jpg,ICONIC BY MISTAKE,LE SSERAFIM / ILLIT / KATSEYE,,,"ICONIC BY MISTAKE LE SSERAFIM , ILLIT & KATSEYE"
2026-09-03,sg,Singapore,top_videos_daily,,59,https://i.ytimg.com/vi/2A87rCYlOA8/mqdefault.jpg,INVINCIBLE,ONE OR EIGHT,,,INVINCIBLE ONE OR EIGHT
2026-09-03,sg,Singapore,top_videos_daily,,60,https://i.ytimg.com/vi/j5BSH0Op5H8/mqdefault.jpg,Giants,NDPeeps / Weish / Iman Fandi,,,"Giants NDPeeps , Weish & Iman Fandi"
2026-09-03,sg,Singapore,top_videos_daily,,61,https://i.ytimg.com/vi/_Vp-jCG7gno/mqdefault.jpg,God Mode,Sai Abhyankkar / Gana Muthu / Vishnu Edavan,,,"God Mode Sai Abhyankkar , Gana Muthu & Vishnu Edavan"
2026-09-03,sg,Singapore,top_videos_daily,,62,https://i.ytimg.com/vi/0ijm2Xui5N8/mqdefault.jpg,Ain't In LA,ADÉLA,,,Ain't In LA ADÉLA
2026-09-03,sg,Singapore,top_videos_daily,,63,https://i.ytimg.com/vi/jeRu6h4XbUU/mqdefault.jpg,幸福在歌唱,A-Lin,"12月 26, 2025",<10K,"63 8 幸福在歌唱 A-Lin 12月 26, 2025 55 26 <10K"
2026-09-03,sg,Singapore,top_videos_daily,,64,https://i.ytimg.com/vi/_IT83Y_HcAw/mqdefault.jpg,Less than a Lover,JENNIE,,,Less than a Lover JENNIE
2026-09-03,sg,Singapore,top_videos_daily,,65,https://i.ytimg.com/vi/MvfbHsG4b0A/mqdefault.jpg,我是如此相信｜抒情R&B｜深情對唱｜原來愛如此的動聽,格雷樂團-Grey,,,我是如此相信｜抒情R&B｜深情對唱｜原來愛如此的動聽 格雷乐团-Grey
2026-09-03,sg,Singapore,top_videos_daily,,66,https://i.ytimg.com/vi/undhkaMMenU/mqdefault.jpg,Sambavakaari,Saindhavi / 肖恩·羅爾丹 / Mohan Rajan,,,"Sambavakaari Saindhavi , 肖恩·羅爾丹 & Mohan Rajan"
2026-09-03,sg,Singapore,top_videos_daily,,67,https://i.ytimg.com/vi/6CqeGHXXioU/mqdefault.jpg,FARMING,Stray Kids,,,FARMING Stray Kids
2026-09-03,sg,Singapore,top_videos_daily,,68,https://i.ytimg.com/vi/8Ub9qN2sg_0/mqdefault.jpg,Yuvan Shankar Raja's New Song 'Konji Konji' from 'Raja's Playlist' | @U1Records,U1 Records,,,Yuvan Shankar Raja's New Song 'Konji Konji' from 'Raja's Playlist' | @U1Records U1 Records
2026-09-03,sg,Singapore,top_videos_daily,,69,https://i.ytimg.com/vi/r8hw-sgBpyM/mqdefault.jpg,Pandi Muni Kekkudhu - Lyrical | Lenin Pandiyan | Ilaiyaraaja | DD Balachandran,Saregama Tamil,,,Pandi Muni Kekkudhu - Lyrical | Lenin Pandiyan | Ilaiyaraaja | DD Balachandran Saregama Tamil
2026-09-03,sg,Singapore,top_videos_daily,,70,https://i.ytimg.com/vi/GaMS0F0_xMI/mqdefault.jpg,You'll Be Okay,NDPeeps / 楚晴,,,You'll Be Okay NDPeeps & 楚晴
2026-09-03,sg,Singapore,top_videos_daily,,71,https://i.ytimg.com/vi/q4TWrmwiufo/mqdefault.jpg,TAEMIN (태민) - 'FLOAT' Official MV,태민 (TAEMIN),,,TAEMIN (태민) - 'FLOAT' Official MV 태민 (TAEMIN)
2026-09-03,sg,Singapore,top_videos_daily,,72,https://i.ytimg.com/vi/ccviI2q9HTE/mqdefault.jpg,【影視劇ost】劉宇寧 | 她《早春晴朗》電視劇欒念人物曲&片頭曲 The Early Spring OST #井柏然 #孫千 #lyrics #早春晴朗,劇好聽,,,【影視劇ost】劉宇寧 | 她《早春晴朗》電視劇欒念人物曲&片頭曲 The Early Spring OST #井柏然 #孫千 #lyrics #早春晴朗 剧好听
2026-09-03,sg,Singapore,top_videos_daily,,73,https://i.ytimg.com/vi/yCUx43XjHPM/mqdefault.jpg,Haqiem Rusli & Zamani - Gerimis Derita (Official Music Video),FMC Music,,,Haqiem Rusli & Zamani - Gerimis Derita (Official Music Video) FMC Music
2026-09-03,sg,Singapore,top_videos_daily,,74,https://i.ytimg.com/vi/DIUiPohDYOs/mqdefault.jpg,"otakotak, AH BENG GOR GOR, Shelhiel, Mulan Theory - CIVIC OR MYVI",Mulan Theory,,,"otakotak, AH BENG GOR GOR, Shelhiel, Mulan Theory - CIVIC OR MYVI Mulan Theory"
2026-09-03,sg,Singapore,top_videos_daily,,75,https://i.ytimg.com/vi/xXZwZ0DolJc/mqdefault.jpg,MOON,BABYMONSTER,,,MOON BABYMONSTER
2026-09-03,sg,Singapore,top_videos_daily,,76,https://i.ytimg.com/vi/A14bHx6l5CA/mqdefault.jpg,Keralanaadu | I-POPSTAR | EP 11 | Priya Jerson | Vijay Narain,Saregama Tamil,,,Keralanaadu | I-POPSTAR | EP 11 | Priya Jerson | Vijay Narain Saregama Tamil
2026-09-03,sg,Singapore,top_videos_daily,,77,https://i.ytimg.com/vi/QxWoYkrgpJE/mqdefault.jpg,Nallaru po,Tippu / Sai Abhyankkar,,,Nallaru po Tippu & Sai Abhyankkar
2026-09-03,sg,Singapore,top_videos_daily,,78,https://i.ytimg.com/vi/EYDgu1KjlgQ/mqdefault.jpg,【獨家LIVE】張遠終於釋懷了！和陳冰演繹新歌《可以不是你》 #天賜的聲音5 EP8 20240614,天賜的聲音,,20240614,【独家LIVE】张远终于释怀了！和陈冰演绎新歌《可以不是你》 #天赐的声音5 EP8 20240614 天赐的声音
2026-09-03,sg,Singapore,top_videos_daily,,79,https://i.ytimg.com/vi/axqu4IwmWSc/mqdefault.jpg,汪蘇瀧 Silence Wang x 張信哲 Jeff Chang［愛就一個字］明日世界 Official Stage Video,汪蘇瀧,,,汪苏泷 Silence Wang x 张信哲 Jeff Chang［爱就一个字］明日世界 Official Stage Video 汪蘇瀧
2026-09-03,sg,Singapore,top_videos_daily,,80,https://i.ytimg.com/vi/MzCbEdtNbJ0/mqdefault.jpg,HARU HARU(하루하루),BIGBANG,,,HARU HARU(하루하루) BIGBANG
2026-09-03,sg,Singapore,top_videos_daily,,81,https://i.ytimg.com/vi/t-7z2iKmVPY/mqdefault.jpg,【獨家LIVE】張碧晨“猛拽”王赫野衣領 將《捨得》中“愛裡的痴纏與掙扎”演繹得淋漓盡致 #天賜的聲音6 EP3 20250502,天賜的聲音,,20250502,【独家LIVE】张碧晨“猛拽”王赫野衣领 将《舍得》中“爱里的痴缠与挣扎”演绎得淋漓尽致 #天赐的声音6 EP3 20250502 天赐的声音
2026-09-03,sg,Singapore,top_videos_daily,,82,https://i.ytimg.com/vi/20nnYQ_24XQ/mqdefault.jpg,TAEMIN (태민) - 'Gooey' Performance Video,태민 (TAEMIN),,,TAEMIN (태민) - 'Gooey' Performance Video 태민 (TAEMIN)
2026-09-03,sg,Singapore,top_videos_daily,,83,https://i.ytimg.com/vi/X1twu3ztkPU/mqdefault.jpg,Bum Baa Diga Diga - Music Video | DC | Lokesh | Sun Pictures | Anirudh | Arun Matheswaran,Heisenberg / Ritesh G Rao / Anirudh Ravichander / Asura,,,"Bum Baa Diga Diga - Music Video | DC | Lokesh | Sun Pictures | Anirudh | Arun Matheswaran Heisenberg , Ritesh G Rao , Anirudh Ravichander & Asura"
2026-09-03,sg,Singapore,top_videos_daily,,84,https://i.ytimg.com/vi/drSzrllCX4U/mqdefault.jpg,當你｜抒情R&B｜深情對唱｜好喜歡你知不知道,格雷樂團-Grey,,,当你｜抒情R&B｜深情对唱｜好喜欢你知不知道 格雷乐团-Grey
2026-09-03,sg,Singapore,top_videos_daily,,85,https://i.ytimg.com/vi/MJAveqDtLyc/mqdefault.jpg,소연 (SOYEON) 'STAR',(G)I-DLE,,,소연 (SOYEON) 'STAR' (G)I-DLE
2026-09-03,sg,Singapore,top_videos_daily,,86,https://i.ytimg.com/vi/AStAgQLeBeo/mqdefault.jpg,Minnale,P Unnikrishnan|Harini,,,Minnale P Unnikrishnan|Harini
2026-09-03,sg,Singapore,top_videos_daily,,87,https://i.ytimg.com/vi/BcQnHzrc24Y/mqdefault.jpg,Love Me Not (Live)(Cover),Olivia Dean,,,Love Me Not (Live)(Cover) Olivia Dean
2026-09-03,sg,Singapore,top_videos_daily,,88,https://i.ytimg.com/vi/2GRP1rkE4O0/mqdefault.jpg,BIGBANG - BLUE M/V,BIGBANG,,,BIGBANG - BLUE M/V BIGBANG
2026-09-03,sg,Singapore,top_videos_daily,,89,https://i.ytimg.com/vi/6Db-cEgbmC4/mqdefault.jpg,Mi Chico,Jason Derulo,,,Mi Chico Jason Derulo
2026-09-03,sg,Singapore,top_videos_daily,,90,https://i.ytimg.com/vi/lpPccyGOPOU/mqdefault.jpg,她已不再是那個女孩,DIOR 大穎,,,她已不再是那個女孩 DIOR 大穎
2026-09-03,sg,Singapore,top_videos_daily,,91,https://i.ytimg.com/vi/Ftjmz8vGjGI/mqdefault.jpg,【單曲純享】張碧晨《字字句句》#天賜的聲音4 EP3,張碧晨,,,【单曲纯享】张碧晨《字字句句》#天赐的声音4 EP3 張碧晨
2026-09-03,sg,Singapore,top_videos_daily,,92,https://i.ytimg.com/vi/kCA93dLzKP4/mqdefault.jpg,一個人,A-Lin,"6月 11, 2026",<10K,"92 6 一個人 A-Lin 6月 11, 2026 86 33 <10K"
2026-09-03,sg,Singapore,top_videos_daily,,93,https://i.ytimg.com/vi/Zi_XLOBDo_Y/mqdefault.jpg,Billie Jean,Michael Jackson,,,Billie Jean Michael Jackson
2026-09-03,sg,Singapore,top_videos_daily,,94,https://i.ytimg.com/vi/_9jaJtmraXA/mqdefault.jpg,Taylor Swift Performance - The Icon Sessions at the Grammy Museum,Taylor Swift,,,Taylor Swift Performance - The Icon Sessions at the Grammy Museum Taylor Swift
2026-09-03,sg,Singapore,top_videos_daily,,95,https://i.ytimg.com/vi/Xc8EAOA_R9Y/mqdefault.jpg,サンクチュアリ / 初音ミク - 39tuary,Satsuki,,,サンクチュアリ / 初音ミク - 39tuary Satsuki
2026-09-03,sg,Singapore,top_videos_daily,,96,https://i.ytimg.com/vi/5pUahnye_tU/mqdefault.jpg,汪蘇瀧 Silence Wang x 那英 Na Ying［行走的魚］明日世界 Official Stage Video,汪蘇瀧,,,汪苏泷 Silence Wang x 那英 Na Ying［行走的鱼］明日世界 Official Stage Video 汪蘇瀧
2026-09-03,sg,Singapore,top_videos_daily,,97,https://i.ytimg.com/vi/Gs069dndIYk/mqdefault.jpg,September,"Earth, Wind & Fire",,,"September Earth, Wind & Fire"
2026-09-03,sg,Singapore,top_videos_daily,,98,https://i.ytimg.com/vi/UwuAPyOImoI/mqdefault.jpg,"TAEYANG - 눈,코,입 (EYES, NOSE, LIPS) M/V",太陽,,,"TAEYANG - 눈,코,입 (EYES, NOSE, LIPS) M/V 太陽"
2026-09-03,sg,Singapore,top_videos_daily,,99,https://i.ytimg.com/vi/aSugSGCC12I/mqdefault.jpg,Manchild,Sabrina Carpenter,,,Manchild Sabrina Carpenter
2026-09-03,sg,Singapore,top_videos_daily,,100,https://i.ytimg.com/vi/y_sILJY8wus/mqdefault.jpg,我不難過 (Live),Nana Ou-Yang / 劉雨昕 XIN LIU,,,我不难过 (Live) Nana Ou-Yang & 劉雨昕 XIN LIU
2026-09-03,my,Malaysia,top_videos_daily,,1,https://i.ytimg.com/vi/RO75uUZiAw0/mqdefault.jpg,Teh Hijau,圖魯斯,"6月 29, 2026",266027,"1 ● Teh Hijau 圖魯斯 6月 29, 2026 1 58 266,027"
2026-09-03,my,Malaysia,top_videos_daily,,2,https://i.ytimg.com/vi/cDee7SZwtbk/mqdefault.jpg,Adek Saye Abe Sore,Adek Saye Abe Sore,,,Adek Saye Abe Sore Adek Saye Abe Sore
2026-09-03,my,Malaysia,top_videos_daily,,3,https://i.ytimg.com/vi/oAwzFFEYm38/mqdefault.jpg,Girls' Generation-HRS 소녀시대-효리수 'Skibidi' Performance Video,SMTOWN,,,Girls' Generation-HRS 소녀시대-효리수 'Skibidi' Performance Video SMTOWN
2026-09-03,my,Malaysia,top_videos_daily,,4,https://i.ytimg.com/vi/K-7olbaOelg/mqdefault.jpg,MMG (My Mine Gueh),Naykilla,,,MMG (My Mine Gueh) Naykilla
2026-09-03,my,Malaysia,top_videos_daily,,5,https://i.ytimg.com/vi/GTzi2Y1gX2c/mqdefault.jpg,Sayang Orang Sama,Sayang Orang Sama,,,Sayang Orang Sama Sayang Orang Sama
2026-09-03,my,Malaysia,top_videos_daily,,6,https://i.ytimg.com/vi/acDzcefJoCs/mqdefault.jpg,Dari Bawah,EzHaRHaNzE,,,Dari Bawah EzHaRHaNzE
2026-09-03,my,Malaysia,top_videos_daily,,7,https://i.ytimg.com/vi/kvzCTmwnI-A/mqdefault.jpg,Tiwikarma,K.O.I,"9月 18, 2024",82160,"7 ● Tiwikarma K.O.I 9月 18, 2024 7 20 82,160"
2026-09-03,my,Malaysia,top_videos_daily,,8,https://i.ytimg.com/vi/7qnjiZ_jJuU/mqdefault.jpg,Dalam Diam,Mojack Hafiz / Zynakal / Zamir Harith / Bel Janni,,,"Dalam Diam Mojack Hafiz , Zynakal , Zamir Harith & Bel Janni"
2026-09-03,my,Malaysia,top_videos_daily,,9,https://i.ytimg.com/vi/3DcoC8p9az8/mqdefault.jpg,Training Season (Live),Dua Lipa,,,Training Season (Live) Dua Lipa
2026-09-03,my,Malaysia,top_videos_daily,,10,https://i.ytimg.com/vi/s466YCiHfKw/mqdefault.jpg,FALLEN ANGEL (Official Video),JENNIE,,,FALLEN ANGEL (Official Video) JENNIE
2026-09-03,my,Malaysia,top_videos_daily,,11,https://i.ytimg.com/vi/fcnDmrtj6Sk/mqdefault.jpg,Dai Dai,Shakira / Burna Boy,,,Dai Dai Shakira & Burna Boy
2026-09-03,my,Malaysia,top_videos_daily,,12,https://i.ytimg.com/vi/s8oCK-O2Nhw/mqdefault.jpg,"Iman Troye, Asslahierah & XO House - Jung Jung Inai (Official Visualizer)",Iman Troye,,,"Iman Troye, Asslahierah & XO House - Jung Jung Inai (Official Visualizer) Iman Troye"
2026-09-03,my,Malaysia,top_videos_daily,,13,https://i.ytimg.com/vi/yebNIHKAC4A/mqdefault.jpg,Golden,HUNTR/X / EJAE / AUDREY NUNA / REI AMI / KPop Demon Hunters Cast,,,"Golden HUNTR/X , EJAE , AUDREY NUNA , REI AMI & KPop Demon Hunters Cast"
2026-09-03,my,Malaysia,top_videos_daily,,14,https://i.ytimg.com/vi/jR3rWCBeO6M/mqdefault.jpg,@SaiAbhyankkar - Radhimaa (Music Video) | Bhagyashri Borse | Vivek | Thejo Bharathwaj | Think Indie,Think Music India,,,@SaiAbhyankkar - Radhimaa (Music Video) | Bhagyashri Borse | Vivek | Thejo Bharathwaj | Think Indie Think Music India
2026-09-03,my,Malaysia,top_videos_daily,,15,https://i.ytimg.com/vi/yCUx43XjHPM/mqdefault.jpg,Haqiem Rusli & Zamani - Gerimis Derita (Official Music Video),FMC Music,,,Haqiem Rusli & Zamani - Gerimis Derita (Official Music Video) FMC Music
2026-09-03,my,Malaysia,top_videos_daily,,16,https://i.ytimg.com/vi/oIDeGj83us8/mqdefault.jpg,MALAYSIA,法依扎爾·塔基爾,,,MALAYSIA 法依扎爾·塔基爾
2026-09-03,my,Malaysia,top_videos_daily,,17,https://i.ytimg.com/vi/SEiUqNmtIy8/mqdefault.jpg,MERAMPAU - ALEX WAN ( OFFICIAL MUSIC VIDEO,Twin Tone Production Sdn Bhd,,,MERAMPAU - ALEX WAN ( OFFICIAL MUSIC VIDEO ) Twin Tone Production Sdn Bhd
2026-09-03,my,Malaysia,top_videos_daily,,18,https://i.ytimg.com/vi/ApXoWvfEYVU/mqdefault.jpg,Sunflower,Post Malone / Swae Lee,,,Sunflower Post Malone & Swae Lee
2026-09-03,my,Malaysia,top_videos_daily,,19,https://i.ytimg.com/vi/fLdVq8n-KQg/mqdefault.jpg,Astaga Bercanda,Akbar Chalay / Mingse,,,Astaga Bercanda Akbar Chalay & Mingse
2026-09-03,my,Malaysia,top_videos_daily,,20,https://i.ytimg.com/vi/YJnbL_AkLF0/mqdefault.jpg,Menjaga Jodoh Orang Lain (Official Lyric Video),Ara Johari,,,Menjaga Jodoh Orang Lain (Official Lyric Video) Ara Johari
2026-09-03,my,Malaysia,top_videos_daily,,21,https://i.ytimg.com/vi/T48XTvKkdf8/mqdefault.jpg,Ku Yang Berjuang,Danial Kifli,,,Ku Yang Berjuang Danial Kifli
2026-09-03,my,Malaysia,top_videos_daily,,22,https://i.ytimg.com/vi/0VOhIR3bnXY/mqdefault.jpg,ORANG BARU LEBE GACOR,Ecko Show / Juan Reza / CHESYLINO,,,"ORANG BARU LEBE GACOR Ecko Show , Juan Reza & CHESYLINO"
2026-09-03,my,Malaysia,top_videos_daily,,23,https://i.ytimg.com/vi/7VsejGzcJmM/mqdefault.jpg,Alaakaa Loova,Sai Abhyankkar,,,Alaakaa Loova Sai Abhyankkar
2026-09-03,my,Malaysia,top_videos_daily,,24,https://i.ytimg.com/vi/o25_Tn8BnFM/mqdefault.jpg,Anugerah Terindah,Andmesh,,,Anugerah Terindah Andmesh
2026-09-03,my,Malaysia,top_videos_daily,,25,https://i.ytimg.com/vi/yvsLPs7l6bY/mqdefault.jpg,Meligai Pengerindu,Igu Anthony,,,Meligai Pengerindu Igu Anthony
2026-09-03,my,Malaysia,top_videos_daily,,26,https://i.ytimg.com/vi/cmICctnAWCY/mqdefault.jpg,kota ini tak sama tanpamu,Nadhif Basalamah,,,kota ini tak sama tanpamu Nadhif Basalamah
2026-09-03,my,Malaysia,top_videos_daily,,27,https://i.ytimg.com/vi/xvT1jH8B9AM/mqdefault.jpg,KALYANI (Remix),ARJN / KDS / FIFTY4 / 舒蕾亞·戈沙爾,,,"KALYANI (Remix) ARJN , KDS , FIFTY4 & 舒蕾亞·戈沙爾"
2026-09-03,my,Malaysia,top_videos_daily,,28,https://i.ytimg.com/vi/s5stGs1ktQc/mqdefault.jpg,Romantis (Official Music Video),Spring,,,Romantis (Official Music Video) Spring
2026-09-03,my,Malaysia,top_videos_daily,,29,https://i.ytimg.com/vi/zyLmavBAY7k/mqdefault.jpg,Teh Hijau,圖魯斯,"7月 10, 2026",44511,"29 7 Teh Hijau 圖魯斯 7月 10, 2026 36 30 44,511"
2026-09-03,my,Malaysia,top_videos_daily,,30,https://i.ytimg.com/vi/-q_S27LbNKU/mqdefault.jpg,BAD,ATEEZ,"6月 25, 2026",43047,"30 ● BAD ATEEZ 6月 25, 2026 30 66 43,047"
2026-09-03,my,Malaysia,top_videos_daily,,31,https://i.ytimg.com/vi/q_VCud5ZQSM/mqdefault.jpg,Bungai Pinang | Rickie Andrewson ( OFFICIAL MV,Assapai Entertainment,,,Bungai Pinang | Rickie Andrewson ( OFFICIAL MV ) Assapai Entertainment
2026-09-03,my,Malaysia,top_videos_daily,,32,https://i.ytimg.com/vi/DFUrWwEJ93A/mqdefault.jpg,Andai Dapat Ku Undur Masa,AXL,,,Andai Dapat Ku Undur Masa AXL
2026-09-03,my,Malaysia,top_videos_daily,,33,https://i.ytimg.com/vi/lY2yjAdbvdQ/mqdefault.jpg,Treat You Better,Shawn Mendes,,,Treat You Better Shawn Mendes
2026-09-03,my,Malaysia,top_videos_daily,,34,https://i.ytimg.com/vi/IWYt2NKAldE/mqdefault.jpg,Mizan & Apak Kapak - Ayah Ibu 2.0 (Official Music Video),Padu Records,,,Mizan & Apak Kapak - Ayah Ibu 2.0 (Official Music Video) Padu Records
2026-09-03,my,Malaysia,top_videos_daily,,35,https://i.ytimg.com/vi/FcOctsNXyjk/mqdefault.jpg,Cinta Luar Biasa,Andmesh,,,Cinta Luar Biasa Andmesh
2026-09-03,my,Malaysia,top_videos_daily,,36,https://i.ytimg.com/vi/awWKxGftWh4/mqdefault.jpg,Dunia Yang Nanti,Raim Laode,,,Dunia Yang Nanti Raim Laode
2026-09-03,my,Malaysia,top_videos_daily,,37,https://i.ytimg.com/vi/x6E_Qj30EZI/mqdefault.jpg,Aishiteru,Zivilia,,,Aishiteru Zivilia
2026-09-03,my,Malaysia,top_videos_daily,,38,https://i.ytimg.com/vi/zjxO40VrMZA/mqdefault.jpg,Jiwa Yang Mengalah,Bellestrelle,,,Jiwa Yang Mengalah Bellestrelle
2026-09-03,my,Malaysia,top_videos_daily,,39,https://i.ytimg.com/vi/ko70cExuzZM/mqdefault.jpg,The Fate of Ophelia,Taylor Swift,,,The Fate of Ophelia Taylor Swift
2026-09-03,my,Malaysia,top_videos_daily,,40,https://i.ytimg.com/vi/M7oZR-MTEZs/mqdefault.jpg,Iqro',Raim Laode,,,Iqro' Raim Laode
2026-09-03,my,Malaysia,top_videos_daily,,41,https://i.ytimg.com/vi/38_bAaFI41w/mqdefault.jpg,Don't Force Your Longing,Ifan Seventeen,,,Don't Force Your Longing Ifan Seventeen
2026-09-03,my,Malaysia,top_videos_daily,,42,https://i.ytimg.com/vi/JNSKvJg9nrg/mqdefault.jpg,Sofaz - Dan Bila Esok (Official Video Lirik),Lirik Masterpiece,,,Sofaz - Dan Bila Esok (Official Video Lirik) Lirik Masterpiece
2026-09-03,my,Malaysia,top_videos_daily,,43,https://i.ytimg.com/vi/b68HETiNO98/mqdefault.jpg,Pavazha Malli,Sai Abhyankkar / Shruti Haasan,,,Pavazha Malli Sai Abhyankkar & Shruti Haasan
2026-09-03,my,Malaysia,top_videos_daily,,44,https://i.ytimg.com/vi/__Pb1fO2H2A/mqdefault.jpg,Kita Lewati Berdua,overnight,,,Kita Lewati Berdua overnight
2026-09-03,my,Malaysia,top_videos_daily,,45,https://i.ytimg.com/vi/qlFuXWRRsxU/mqdefault.jpg,Jodoh Lebaran,Aisha Retno,,,Jodoh Lebaran Aisha Retno
2026-09-03,my,Malaysia,top_videos_daily,,46,https://i.ytimg.com/vi/b5ZQob-mDGM/mqdefault.jpg,Hingga Tua Bersama,Rizky Febian,,,Hingga Tua Bersama Rizky Febian
2026-09-03,my,Malaysia,top_videos_daily,,47,https://i.ytimg.com/vi/VR7PK3FPE1Q/mqdefault.jpg,Jemu,梅,"2月 14, 2021",34675,"47 12 Jemu 梅 2月 14, 2021 35 35 34,675"
2026-09-03,my,Malaysia,top_videos_daily,,48,https://i.ytimg.com/vi/7CcvNjPIJrU/mqdefault.jpg,Ehin & Syeriena - Maafkan Aku (Official Music Video),Rusa Music,,,Ehin & Syeriena - Maafkan Aku (Official Music Video) Rusa Music
2026-09-03,my,Malaysia,top_videos_daily,,49,https://i.ytimg.com/vi/dmCED70VHaA/mqdefault.jpg,Seribu Tahun Takkan Mungkin,Bumi Putra Rockers,,,Seribu Tahun Takkan Mungkin Bumi Putra Rockers
2026-09-03,my,Malaysia,top_videos_daily,,50,https://i.ytimg.com/vi/zV0facLoRJA/mqdefault.jpg,Dahsyat,MOJO,"1月 9, 2015",32882,"50 50 Dahsyat MOJO 1月 9, 2015 - 49 32,882"
2026-09-03,my,Malaysia,top_videos_daily,,51,https://i.ytimg.com/vi/SeSAwqq_Kpo/mqdefault.jpg,Kita Lewati Berdua,Overnight,,,Kita Lewati Berdua Overnight
2026-09-03,my,Malaysia,top_videos_daily,,52,https://i.ytimg.com/vi/82-jTNka3uc/mqdefault.jpg,hate that i made you love me,Ariana Grande,,,hate that i made you love me Ariana Grande
2026-09-03,my,Malaysia,top_videos_daily,,53,https://i.ytimg.com/vi/OErndIcI8gE/mqdefault.jpg,Alamak,Rizky Febian / Adrian Khalif,,,Alamak Rizky Febian & Adrian Khalif
2026-09-03,my,Malaysia,top_videos_daily,,54,https://i.ytimg.com/vi/qgy7vEje5-w/mqdefault.jpg,Secret Love Song,Little Mix,,,Secret Love Song Little Mix
2026-09-03,my,Malaysia,top_videos_daily,,55,https://i.ytimg.com/vi/dAevFxbfqkU/mqdefault.jpg,Gadis Manis Kalimantan,Syahriadi,,,Gadis Manis Kalimantan Syahriadi
2026-09-03,my,Malaysia,top_videos_daily,,56,https://i.ytimg.com/vi/MT-4Bk1Lw8g/mqdefault.jpg,Bloody Paradise,ENHYPEN,,,Bloody Paradise ENHYPEN
2026-09-03,my,Malaysia,top_videos_daily,,57,https://i.ytimg.com/vi/OT5msu-dap8/mqdefault.jpg,Shape Of My Heart,Backstreet Boys,,,Shape Of My Heart Backstreet Boys
2026-09-03,my,Malaysia,top_videos_daily,,58,https://i.ytimg.com/vi/s_w6P5aWVgc/mqdefault.jpg,Punca,Sofazr SecondPlan,,,Punca Sofazr SecondPlan
2026-09-03,my,Malaysia,top_videos_daily,,59,https://i.ytimg.com/vi/e4c14pNBgqc/mqdefault.jpg,K.O.I 'MAHARDDHIKA' [Official Music Video],FUKiKA MUSIC,,,K.O.I 'MAHARDDHIKA' [Official Music Video] FUKiKA MUSIC
2026-09-03,my,Malaysia,top_videos_daily,,60,https://i.ytimg.com/vi/C1LN4cWjMl0/mqdefault.jpg,Pattampoochi,Sublahshini / G.V. Prakash Kumar,,,Pattampoochi Sublahshini & G.V. Prakash Kumar
2026-09-03,my,Malaysia,top_videos_daily,,61,https://i.ytimg.com/vi/fMiH9F7O9eM/mqdefault.jpg,Tak Adil,Aisha Retno,,,Tak Adil Aisha Retno
2026-09-03,my,Malaysia,top_videos_daily,,62,https://i.ytimg.com/vi/OpQFFLBMEPI/mqdefault.jpg,Just Give Me A Reason,P!nk,,,Just Give Me A Reason P!nk
2026-09-03,my,Malaysia,top_videos_daily,,63,https://i.ytimg.com/vi/L8ZnXgbyUuc/mqdefault.jpg,BIGBANG - ‘BiiiG’ M/V,BIGBANG,,,BIGBANG - ‘BiiiG’ M/V BIGBANG
2026-09-03,my,Malaysia,top_videos_daily,,64,https://i.ytimg.com/vi/DIUiPohDYOs/mqdefault.jpg,"otakotak, AH BENG GOR GOR, Shelhiel, Mulan Theory - CIVIC OR MYVI",Mulan Theory,,,"otakotak, AH BENG GOR GOR, Shelhiel, Mulan Theory - CIVIC OR MYVI Mulan Theory"
2026-09-03,my,Malaysia,top_videos_daily,,65,https://i.ytimg.com/vi/PT2_F-1esPk/mqdefault.jpg,Closer,The Chainsmokers,,,Closer The Chainsmokers
2026-09-03,my,Malaysia,top_videos_daily,,66,https://i.ytimg.com/vi/is8UDe2PhKQ/mqdefault.jpg,KATSEYE (캣츠아이) 'Hootie Frutti' Official MV,KATSEYE,,,KATSEYE (캣츠아이) 'Hootie Frutti' Official MV KATSEYE
2026-09-03,my,Malaysia,top_videos_daily,,67,https://i.ytimg.com/vi/qGDperM3UTY/mqdefault.jpg,由心走入煙雨，心念南北飛鴻。請欣賞好聽的歌曲「四季飛鴻」 | 歌詞來自鏡像先生的詩集 #歌曲 #詩歌 #鏡像世界 #鏡像 #音樂 #鏡像歌曲 #禪意詩詞 #哲理 #禪心詩人,鏡像 JINGXIANG,,,由心走入煙雨，心念南北飛鴻。請欣賞好聽的歌曲「四季飛鴻」 | 歌詞來自鏡像先生的詩集 #歌曲 #詩歌 #鏡像世界 #鏡像 #音樂 #鏡像歌曲 #禪意詩詞 #哲理 #禪心詩人 鏡像 JINGXIANG
2026-09-03,my,Malaysia,top_videos_daily,,68,https://i.ytimg.com/vi/ba-XAIskH_g/mqdefault.jpg,Lantas,Juicy Luicy,,,Lantas Juicy Luicy
2026-09-03,my,Malaysia,top_videos_daily,,69,https://i.ytimg.com/vi/B452TVVco2Q/mqdefault.jpg,Great Expectation,SIENNA SPIRO,,,Great Expectation SIENNA SPIRO
2026-09-03,my,Malaysia,top_videos_daily,,70,https://i.ytimg.com/vi/q4TWrmwiufo/mqdefault.jpg,TAEMIN (태민) - 'FLOAT' Official MV,태민 (TAEMIN),,,TAEMIN (태민) - 'FLOAT' Official MV 태민 (TAEMIN)
2026-09-03,my,Malaysia,top_videos_daily,,71,https://i.ytimg.com/vi/BHwcpWwnEls/mqdefault.jpg,Cuba Jadi Aku,Nadeera,,,Cuba Jadi Aku Nadeera
2026-09-03,my,Malaysia,top_videos_daily,,72,https://i.ytimg.com/vi/Xq1OAd0UqZc/mqdefault.jpg,Memorindu - Arghpiez ft. Edrie Hashim (Official Music Video),Rhunut Music,,,Memorindu - Arghpiez ft. Edrie Hashim (Official Music Video) Rhunut Music
2026-09-03,my,Malaysia,top_videos_daily,,73,https://i.ytimg.com/vi/8F2s8ivKXNY/mqdefault.jpg,Life Goes On,Oliver Tree,,,Life Goes On Oliver Tree
2026-09-03,my,Malaysia,top_videos_daily,,74,https://i.ytimg.com/vi/Azp0UUizPXI/mqdefault.jpg,Begerinjing | Maxwel Franklin Saran,Assapai Music Production,,,Begerinjing | Maxwel Franklin Saran Assapai Music Production
2026-09-03,my,Malaysia,top_videos_daily,,75,https://i.ytimg.com/vi/BcqxLCWn-CE/mqdefault.jpg,I Like Me Better,Lauv,,,I Like Me Better Lauv
2026-09-03,my,Malaysia,top_videos_daily,,76,https://i.ytimg.com/vi/m7k9UMcHbr0/mqdefault.jpg,"KATSEYE (캣츠아이) ""Animal"" Official MV",KATSEYE,,,"KATSEYE (캣츠아이) ""Animal"" Official MV KATSEYE"
2026-09-03,my,Malaysia,top_videos_daily,,77,https://i.ytimg.com/vi/2cvUiFW6pto/mqdefault.jpg,Radja - Takkan Melupakanmu,Radja,,,Radja - Takkan Melupakanmu Radja
2026-09-03,my,Malaysia,top_videos_daily,,78,https://i.ytimg.com/vi/Bm9lLpmPM0A/mqdefault.jpg,Pattampoochi,Sublahshini / G.V. Prakash Kumar,,,Pattampoochi Sublahshini & G.V. Prakash Kumar
2026-09-03,my,Malaysia,top_videos_daily,,79,https://i.ytimg.com/vi/s9NoBV_7yVI/mqdefault.jpg,Bukti,Virgoun,"9月 19, 2017",25057,"79 79 Bukti Virgoun 9月 19, 2017 - 26 25,057"
2026-09-03,my,Malaysia,top_videos_daily,,80,https://i.ytimg.com/vi/VNuzL5GTK1g/mqdefault.jpg,Menanti janji,Ronnie Hussien,,,Menanti janji Ronnie Hussien
2026-09-03,my,Malaysia,top_videos_daily,,81,https://i.ytimg.com/vi/7H1ObJvb7Hc/mqdefault.jpg,【純享版】張碧晨侯明昊老友重逢卻唱盡痛心！演繹李佳薇新歌《甲乙丙丁》 深情對唱層層遞進 將遺憾與不捨唱到極致 #天賜的聲音7 EP11 20260821,天賜的聲音,,20260821,【纯享版】张碧晨侯明昊老友重逢却唱尽痛心！演绎李佳薇新歌《甲乙丙丁》 深情对唱层层递进 将遗憾与不舍唱到极致 #天赐的声音7 EP11 20260821 天赐的声音
2026-09-03,my,Malaysia,top_videos_daily,,82,https://i.ytimg.com/vi/x3bfa3DZ8JM/mqdefault.jpg,Better,Khalid,"11月 8, 2018",24393,"82 8 Better Khalid 11月 8, 2018 90 20 24,393"
2026-09-03,my,Malaysia,top_videos_daily,,83,https://i.ytimg.com/vi/rwjeh52mQFA/mqdefault.jpg,Negaraku,法依扎爾·塔基爾 / JOE FLIZZOW / SonaOne / Altimet,,,"Negaraku 法依扎爾·塔基爾 , JOE FLIZZOW , SonaOne & Altimet"
2026-09-03,my,Malaysia,top_videos_daily,,84,https://i.ytimg.com/vi/ojbeRV0iaoc/mqdefault.jpg,Kasih,Hyper Act,"9月 8, 2017",24294,"84 84 Kasih Hyper Act 9月 8, 2017 - 8 24,294"
2026-09-03,my,Malaysia,top_videos_daily,,85,https://i.ytimg.com/vi/ConUwSndl6Y/mqdefault.jpg,Cinta Mati,Apau Qhaliff,,,Cinta Mati Apau Qhaliff
2026-09-03,my,Malaysia,top_videos_daily,,86,https://i.ytimg.com/vi/0SbnqsQInqE/mqdefault.jpg,MUTIARA,Ipank / Kintani,,,MUTIARA Ipank & Kintani
2026-09-03,my,Malaysia,top_videos_daily,,87,https://i.ytimg.com/vi/v1t4MTqdfyI/mqdefault.jpg,hate that i made you love me,Ariana Grande,,,hate that i made you love me Ariana Grande
2026-09-03,my,Malaysia,top_videos_daily,,88,https://i.ytimg.com/vi/6JaeasJw-QI/mqdefault.jpg,Thalapathy Kacheri,Jayanth Maadhur / Anirudh Ravichander / Arun Kaundinya / Nazeeruddin / Srinivasa Mouli,,,"Thalapathy Kacheri Jayanth Maadhur , Anirudh Ravichander , Arun Kaundinya , Nazeeruddin & Srinivasa Mouli"
2026-09-03,my,Malaysia,top_videos_daily,,89,https://i.ytimg.com/vi/fwK7ggA3-bU/mqdefault.jpg,One More Night,Maroon 5,,,One More Night Maroon 5
2026-09-03,my,Malaysia,top_videos_daily,,90,https://i.ytimg.com/vi/48hNRWso-jI/mqdefault.jpg,Takdir Tercipta,Hafiz Suip / Adira,,,Takdir Tercipta Hafiz Suip & Adira
2026-09-03,my,Malaysia,top_videos_daily,,91,https://i.ytimg.com/vi/Nskf70DMR60/mqdefault.jpg,Sesi Potret,eńau,,,Sesi Potret eńau
2026-09-03,my,Malaysia,top_videos_daily,,92,https://i.ytimg.com/vi/W-D8GSXg1W8/mqdefault.jpg,ENHYPEN (엔하이픈) 'Bloody Paradise' Official Performance MV,HYBE LABELS,,,ENHYPEN (엔하이픈) 'Bloody Paradise' Official Performance MV HYBE LABELS
2026-09-03,my,Malaysia,top_videos_daily,,93,https://i.ytimg.com/vi/k_V8Xfkhd_Y/mqdefault.jpg,Tersingkap Kini Rahsia Tersembunyi,Kulit,,,Tersingkap Kini Rahsia Tersembunyi Kulit
2026-09-03,my,Malaysia,top_videos_daily,,94,https://i.ytimg.com/vi/JK-zwKlXqD4/mqdefault.jpg,Bunga Larangan - Ug14 / Lagu Lyrics Slow Rock,Air Music,,,Bunga Larangan - Ug14 / Lagu Lyrics Slow Rock Air Music
2026-09-03,my,Malaysia,top_videos_daily,,95,https://i.ytimg.com/vi/JqFzhcWo3EU/mqdefault.jpg,Yeshanagula | The Paradise | Nani | Keerthy Suresh | Anirudh Ravichander | Srikanth Odela,Saregama Telugu,,,Yeshanagula | The Paradise | Nani | Keerthy Suresh | Anirudh Ravichander | Srikanth Odela Saregama Telugu
2026-09-03,my,Malaysia,top_videos_daily,,96,https://i.ytimg.com/vi/nYLaeQ0_TjY/mqdefault.jpg,Mencari Alasan,Exists,,,Mencari Alasan Exists
2026-09-03,my,Malaysia,top_videos_daily,,97,https://i.ytimg.com/vi/AByfaYcOm4A/mqdefault.jpg,Heart Attack (Official Video),Demi Lovato,,,Heart Attack (Official Video) Demi Lovato
2026-09-03,my,Malaysia,top_videos_daily,,98,https://i.ytimg.com/vi/anhQ3fC1_hY/mqdefault.jpg,Be My Friend (The Verity Band),Horror Skunx,,,Be My Friend (The Verity Band) Horror Skunx
2026-09-03,my,Malaysia,top_videos_daily,,99,https://i.ytimg.com/vi/x3eqqoZPV_E/mqdefault.jpg,춤 (CHOOM),BABYMONSTER,,,춤 (CHOOM) BABYMONSTER
2026-09-03,my,Malaysia,top_videos_daily,,100,https://i.ytimg.com/vi/bMhDJ0S0OBA/mqdefault.jpg,It's Me,ILLIT,"4月 30, 2026",21376,"100 14 It's Me ILLIT 4月 30, 2026 86 109 21,376"