captured_date,market,market_name,chart,period_suffix,rank,image_url,video_url,primary_name,secondary_name,release_date,metric_value,raw_text
2026-09-20,global,Global,top_songs_weekly,,1,https://yt3.googleusercontent.com/lph_AYE9fU1VteHx7zG6DGesN-NvVDTs79j1q4DCHZS980-UryiOlKlLgtDkIBr2niDVO0WZdTg2fnA=w180-h180-l90-rj,,SaWaDiKa,LISA,"8月 27, 2026",154951658,"1 New SaWaDiKa LISA 8月 27, 2026 - 1 154,951,658"
2026-09-20,global,Global,top_songs_weekly,,2,https://yt3.googleusercontent.com/moXpr_lvHpb9m70jTjr-0GE63_VyHivgmyH7UPBJmgwWPHwwmvhxDPPZtdAhCFo7CdzmzIGwBE3cn4VuCQ=w180-h180-l90-rj,,Dai Dai,Shakira / 伯納男孩,,,Dai Dai Shakira & 伯納男孩
2026-09-20,global,Global,top_songs_weekly,,3,https://yt3.googleusercontent.com/naKgO_9vvIczuf7Vq1llQyRAQOOW898kBZN3pio-Bkbfcmdu3Gv14_ivEBZiHAow8VbPEq1bhO0j2DU=w180-h180-l90-rj,,KALYANI (Remix),ARJN / KDS / FIFTY4 / 舒蕾亞·戈沙爾,,,"KALYANI (Remix) ARJN , KDS , FIFTY4 & 舒蕾亞·戈沙爾"
2026-09-20,global,Global,top_songs_weekly,,4,https://yt3.googleusercontent.com/2-hieEVD7f79K918InakgMwDVR7M3RFPpa9BFsdJi7axTA8rrfF2psRUnBk9b8QXmiuswUxif82gxxI=w180-h180-l90-rj,,CLICK,JISOO,"9月 4, 2026",34210819,"4 New CLICK JISOO 9月 4, 2026 - 1 34,210,819"
2026-09-20,global,Global,top_songs_weekly,,5,https://i.ytimg.com/vi/yebNIHKAC4A/default.jpg,https://www.youtube.com/watch?v=yebNIHKAC4A,Golden,HUNTR/X / EJAE / AUDREY NUNA / REI AMI / KPop Demon Hunters Cast,,,"Golden HUNTR/X , EJAE , AUDREY NUNA , REI AMI & KPop Demon Hunters Cast"
2026-09-20,global,Global,top_songs_weekly,,6,https://yt3.googleusercontent.com/GdW-pwzDkHLGvvf0pe_dgTcBYkJ2UFgsW6Zldnxyz-kX3l8I-QrRMow8IooEm7njIEAJauyWfoSV1rM=w180-h180-l90-rj,,BbY WOW,KAROL G / Judeline / rusowsky,,,"BbY WOW KAROL G , Judeline & rusowsky"
2026-09-20,global,Global,top_songs_weekly,,7,https://yt3.googleusercontent.com/WDXRUHOAdSgW_CUGvGFrK4AlHBn-M4-DTkh_oYwAY_NN7tjO1-P-cwPq-xefOMgd-xcN9KRWZCGgnQ=w180-h180-l90-rj,,Yeshanagula,Prabha Bangarigalla / Jangi Reddy / 希厄姆·卡莎拉,,,"Yeshanagula Prabha Bangarigalla , Jangi Reddy & 希厄姆·卡莎拉"
2026-09-20,global,Global,top_songs_weekly,,8,https://yt3.googleusercontent.com/5d51ZlGjNP_Gss3Z3RKP7B98ASQ7pxvp4XI3IAQ3kniFFjgLPDPnR6_K3tYZGoMVvfJYXBtu3awwsTI=w180-h180-l90-rj,,Training Season,Dua Lipa,,,Training Season Dua Lipa
2026-09-20,global,Global,top_songs_weekly,,9,https://yt3.googleusercontent.com/tkuMhE5tJXG04Mh20f8p9UrzEORu8N4CqHHUOsjRfkIe-VF-PeG7RnRPW9oBaR4OGs4xvo_AazFlR1I=w180-h180-l90-rj,,Пешта,Xamdam Sobirov,,,Пешта Xamdam Sobirov
2026-09-20,global,Global,top_songs_weekly,,10,https://yt3.googleusercontent.com/LM6RBLp2-wM0ZMMyBwGu1HwXiPj3OuH87g-Ksmw_avEfoG3-sEn9oYUVfn89MDuQ7vROhAXBkFiBla4A=w180-h180-l90-rj,,Hootie Frutti,KATSEYE,,,Hootie Frutti KATSEYE
2026-09-20,global,Global,top_songs_weekly,,11,https://yt3.googleusercontent.com/whlIw9-DTRE2_pUZm7v6Hmbyr0AQxZrHEL2DeNKnsCOFtUfRhY2QO0OCrCmcQEiqMvqC4Tu0ERjsYyKoJA=w180-h180-l90-rj,,Irumudi Kattu,G.V. Prakash Kumar / Ananthu / Shiva Nirvana / Kalyan Chakravarthy Tripuraneni,,,"Irumudi Kattu G.V. Prakash Kumar , Ananthu , Shiva Nirvana & Kalyan Chakravarthy Tripuraneni"
2026-09-20,global,Global,top_songs_weekly,,12,https://yt3.googleusercontent.com/arS8DgXBdvYdY8ZpN78RSrAjSpXnsU3NX6cAzzEklyiNX6isqmaNJbfP26HjUtNCONp_OoWZAJ_JupBrHw=w180-h180-l90-rj,,Sebebi Yar (Live),Blok3,,,Sebebi Yar (Live) Blok3
2026-09-20,global,Global,top_songs_weekly,,13,https://yt3.googleusercontent.com/LM6RBLp2-wM0ZMMyBwGu1HwXiPj3OuH87g-Ksmw_avEfoG3-sEn9oYUVfn89MDuQ7vROhAXBkFiBla4A=w180-h180-l90-rj,,Animal,KATSEYE,"7月 24, 2026",22940419,"13 6 Animal KATSEYE 7月 24, 2026 7 7 22,940,419"
2026-09-20,global,Global,top_songs_weekly,,14,https://yt3.googleusercontent.com/Arv93jzh4R-cY1yEusDzcPCZzUuSIpHiyggsYeR38hdWXtkKvx9TIyvR3R6G9YYry7kVe349VDwvVcLB=w180-h180-l90-rj,,Parvati,Sadhu Tiwari,,,Parvati Sadhu Tiwari
2026-09-20,global,Global,top_songs_weekly,,15,https://yt3.googleusercontent.com/7_06KmE85Uk8mngpR0_lw_zf9qqmsN9rW1xTF57d9DegptGKJ9Qw_r6Xdi26OnXy7NxdiWbPqusEQ2W2xA=w180-h180-l90-rj,,Barsaat,Banjaare / Roni,,,Barsaat Banjaare & Roni
2026-09-20,global,Global,top_songs_weekly,,16,https://yt3.googleusercontent.com/whlIw9-DTRE2_pUZm7v6Hmbyr0AQxZrHEL2DeNKnsCOFtUfRhY2QO0OCrCmcQEiqMvqC4Tu0ERjsYyKoJA=w180-h180-l90-rj,,Mallepoola Pallaki,G.V. Prakash Kumar / Dappu Srinu,,,Mallepoola Pallaki G.V. Prakash Kumar & Dappu Srinu
2026-09-20,global,Global,top_songs_weekly,,17,https://yt3.googleusercontent.com/7Zsektrtwnf2UlL5CWGtSxi8JDfT8h4me73j31Mk-bDe5qbfUz7dtt1MUy-QlwkaGBWaIXucHF-r2KiCUQ=w180-h180-l90-rj,,Shararat,沙赫瓦特·薩赫迪夫 / Madhubanti Bagchi / 雅斯文·桑德拉斯,,,"Shararat 沙赫瓦特·薩赫迪夫 , Madhubanti Bagchi & 雅斯文·桑德拉斯"
2026-09-20,global,Global,top_songs_weekly,,18,https://yt3.googleusercontent.com/wXkXjlcs3VQ09JqQaLbmd-XAwvoZ0Kxsy5h3jbA2hGyAaw_XMWMzVxze2CWrYFfQRAwnktCoev7-uJaz=w180-h180-l90-rj,,The One That Got Away,Katy Perry,,,The One That Got Away Katy Perry
2026-09-20,global,Global,top_songs_weekly,,19,https://yt3.googleusercontent.com/DjjYqCa8cFL9GWy8JudDZk-S2TU4ou97LlPEF8dAv1rbZV0VzBgB_pKIneinOWMGAMVunUAypQpm4rg=w180-h180-l90-rj,,Tera Mera Rishta,米通 / Pritam / Mustafa Zahid / Sayeed Quadri / Saaj Bhatt / Subodhh Sharma,,,"Tera Mera Rishta 米通 , Pritam , Mustafa Zahid , Sayeed Quadri , Saaj Bhatt & Subodhh Sharma"
2026-09-20,global,Global,top_songs_weekly,,20,https://yt3.googleusercontent.com/fQQQd_5ekiUbYRth6Yf7ZmkgS7Mf-VmxRCyqPpef-KgJVqISZqDKpjjU3zvfDVh9qr03MxPChTiYHyg=w180-h180-l90-rj,,Neno Butterfly,G.V. Prakash Kumar / Sublahshini,,,Neno Butterfly G.V. Prakash Kumar & Sublahshini
2026-09-20,global,Global,top_songs_weekly,,21,https://yt3.googleusercontent.com/B1p2-JcIuomNuey91o6bvshtrtw2gr0pH1bIviJxDqNZiT9et79lCgY4-pU-6FhVNWbi9FrnOtJ35t8=w180-h180-l90-rj,,Gehra Hua,沙赫瓦特·薩赫迪夫 / Arijit Singh / Irshad Kamil / Armaan Khan,,,"Gehra Hua 沙赫瓦特·薩赫迪夫 , Arijit Singh , Irshad Kamil & Armaan Khan"
2026-09-20,global,Global,top_songs_weekly,,22,https://yt3.googleusercontent.com/xrGDyYO3umAVFdsdyIM2G451xiAxCD6haJkCQel6TQlqE-XsEUCGsj_Q5Er4YjFpjWqv-_Ze-VaPPL0j=w180-h180-l90-rj,,Teh Hijau,圖魯斯,"6月 29, 2026",18243675,"22 2 Teh Hijau 圖魯斯 6月 29, 2026 20 9 18,243,675"
2026-09-20,global,Global,top_songs_weekly,,23,https://yt3.googleusercontent.com/OlsyF8L82chwdoVqON-g5H3BsEEgA0zSIYU_6SIZgMtLe0QzZPxzno91C6zJktuon6rjAv_UbmggkO_vyQ=w180-h180-l90-rj,,BAD,ATEEZ,"5月 22, 2026",16889991,"23 1 BAD ATEEZ 5月 22, 2026 22 10 16,889,991"
2026-09-20,global,Global,top_songs_weekly,,24,https://yt3.googleusercontent.com/IX-QEr9pFD41clJP-q_Yg462m02Ni_6PjBQ9TpaGtzb4sT0eH1ZC6dy_ZxcqVIEZF9ipY9FgIirPJPh6=w180-h180-l90-rj,,ICONIC BY MISTAKE,LE SSERAFIM / ILLIT / KATSEYE,,,"ICONIC BY MISTAKE LE SSERAFIM , ILLIT & KATSEYE"
2026-09-20,global,Global,top_songs_weekly,,25,https://yt3.googleusercontent.com/2OUpQNjY58jQq1STwHz2CRClwWkzhCCKtSBo6SC2N78LAMmFaXJdSGkUENX7yw0g2CpCQ3RjejB_Fj4=w180-h180-l90-rj,,Life Goes On,Oliver Tree,,,Life Goes On Oliver Tree
2026-09-20,global,Global,top_songs_weekly,,26,https://yt3.googleusercontent.com/3RNsv7dNTYSBpuSWmpWM6PiYgQAaCXKvi8ION2AH2OaQHc-vW5-rJW4PqztU9XGaX-5z3sMc5RMTMc8n=w180-h180-l90-rj,,It's Me,ILLIT,"4月 23, 2026",16710719,"26 3 It's Me ILLIT 4月 23, 2026 23 19 16,710,719"
2026-09-20,global,Global,top_songs_weekly,,27,https://yt3.googleusercontent.com/qHqGMmCC4LahCshElRTm8kuJQu4IyDClDx__HiqqydFVMUi2JOfEyZpqootNb1WswJwapw8c8SCmOMuMiQ=w180-h180-l90-rj,,Loser,Tame Impala,,,Loser Tame Impala
2026-09-20,global,Global,top_songs_weekly,,28,https://yt3.googleusercontent.com/qRB7CwiLKN2jbKRvB9nC1nL72JxrErhkAyIc0kPoXvhKPBfFwygcQSfgqYZsW_kyd_H0vfg8E_wBkbN5=w180-h180-l90-rj,,Todo Lo Fue,Lenin Ramirez,,,Todo Lo Fue Lenin Ramirez
2026-09-20,global,Global,top_songs_weekly,,29,https://yt3.googleusercontent.com/be_gE5Va2RF56pIw3g-AbSsm7-X4VApfbuR5YsRhAzF3NR-adNGyAlB1L7AFJSgytnqXtBd9-E3Is_Kx=w180-h180-l90-rj,,Basinga Balaalu,Swamy Naresh / Srinidhi Nerella / Kalyan Keys,,,"Basinga Balaalu Swamy Naresh , Srinidhi Nerella & Kalyan Keys"
2026-09-20,global,Global,top_songs_weekly,,30,https://yt3.googleusercontent.com/BKxUIETz1Vt8WcKm7bC2HP85RkhB5K6rbu3d-hNoe4kSkf_CJYJ0DqMknD3J85nUpilrGJMa7ipBnEJn-w=w180-h180-l90-rj,,Базовый минимум,SABI / 米亞·博伊卡,,,Базовый минимум SABI & 米亞·博伊卡
2026-09-20,global,Global,top_songs_weekly,,31,https://yt3.googleusercontent.com/0Op0Fx0S1C5pJhm0QrARCZ_R-7YzHk9q47bKwpAl-cVLj4sR2zUeJyjFz7NrZdRE3zefz6nmqBtDi8BZ=w180-h180-l90-rj,,Barbadi Hoi,Shilpi Raj,,,Barbadi Hoi Shilpi Raj
2026-09-20,global,Global,top_songs_weekly,,32,https://yt3.googleusercontent.com/LF_Gw__z3R6L4Mbz1cW7RDKXYiNcYTxBR2QrrWk0gXgUDhv9uOx01XLtvlmf4PGBISXNIlp2r0XxLU_2=w180-h180-l90-rj,,Bairan,Banjaare,"1月 23, 2026",14935148,"32 8 Bairan Banjaare 1月 23, 2026 24 27 14,935,148"
2026-09-20,global,Global,top_songs_weekly,,33,https://yt3.googleusercontent.com/SpZ5eizsLU595oLfKWFT9EyZtOgc-7fTi0vnGDj7HlFR644UCkr6clcJ3Ayql1l5lXfB6owWqC303Ic=w180-h180-l90-rj,,Garee2a Awy (Live),TUL8TE,,,Garee2a Awy (Live) TUL8TE
2026-09-20,global,Global,top_songs_weekly,,34,https://yt3.googleusercontent.com/IxzfmcUdsRg50lnGnb2iFVid0mWOiBNx-4uwV6A1ElDQIjOHXRt6M3XhLqWcZbRE7J19oUzeHBkPbUo=w180-h180-l90-rj,,Cuando No Era Cantante (Remix),El Bogueto / Anuel AA / Fuerza Regida / Yung Beef,,,"Cuando No Era Cantante (Remix) El Bogueto , Anuel AA , Fuerza Regida & Yung Beef"
2026-09-20,global,Global,top_songs_weekly,,35,https://yt3.googleusercontent.com/D8zrTH1RKP2TDB_Zg60FO9CLeb8WehGyT7wnSKjc0cXEwgt9AYcRuWWIg3UMkmIZJsO2SMOg6l1J8bV-=w180-h180-l90-rj,,Arz Kiya Hai,Anuv Jain,,,Arz Kiya Hai Anuv Jain
2026-09-20,global,Global,top_songs_weekly,,36,https://yt3.googleusercontent.com/YpHZO1DBcGPbgywaeckHbkkiI-b4OetQDJnQtCM--usqBrKljB-9uXax23i3hHI-PiTlyyHLBdYScSeGRQ=w180-h180-l90-rj,,Radhimaa,Sai Abhyankkar / Nargis Teji / Asma Teji / Vivek / Sai Smriti,,,"Radhimaa Sai Abhyankkar , Nargis Teji , Asma Teji , Vivek & Sai Smriti"
2026-09-20,global,Global,top_songs_weekly,,37,https://yt3.googleusercontent.com/eEXqI0KeotuaiRx4PjiopjPnlTBj9aiSXbY1NmzielYry7Mvs-WRANaJiivV62Zl6ufFtOwDMUtRmKVf=w180-h180-l90-rj,,NO BATIDÃO,slxughter,,,NO BATIDÃO slxughter
2026-09-20,global,Global,top_songs_weekly,,38,https://yt3.googleusercontent.com/HXBIgIEFaSYmyLdP_3t8WYbPimxk1PpxJF0k9VY6ZCXzeEbiT-tuKxJbUU36R_OtYyWlFHYETEneMhd2=w180-h180-l90-rj,,Ishq de Fanniyar,Jyotica Tangri,,,Ishq de Fanniyar Jyotica Tangri
2026-09-20,global,Global,top_songs_weekly,,39,https://yt3.googleusercontent.com/arS8DgXBdvYdY8ZpN78RSrAjSpXnsU3NX6cAzzEklyiNX6isqmaNJbfP26HjUtNCONp_OoWZAJ_JupBrHw=w180-h180-l90-rj,,Çok Güzel Gülüyorsun,Blok3 / Poizi,,,Çok Güzel Gülüyorsun Blok3 & Poizi
2026-09-20,global,Global,top_songs_weekly,,40,https://yt3.googleusercontent.com/PZ3URyhJUWJ-Wpa3ta_0RZQOkWxKKswBDIAppv3lJElUlocZLuwYmoO7iOYhJ1j2WEspcNEYUtPSZZc=w180-h180-l90-rj,,Y Que Fue?,唐·明嘉羅,,,Y Que Fue? 唐·明嘉羅
2026-09-20,global,Global,top_songs_weekly,,41,https://yt3.googleusercontent.com/arS8DgXBdvYdY8ZpN78RSrAjSpXnsU3NX6cAzzEklyiNX6isqmaNJbfP26HjUtNCONp_OoWZAJ_JupBrHw=w180-h180-l90-rj,,Kayıp Kalp,Blok3,,,Kayıp Kalp Blok3
2026-09-20,global,Global,top_songs_weekly,,42,https://yt3.googleusercontent.com/OotE8xDKqeutvwDbJja54xdhYmC0eH5qKhaH-icvoPAuAC4flbqL90_LVKN0ltB8Ycoh7-q6za6pxaFv=w180-h180-l90-rj,,Boom Shaka,KR$NA / Dhanda Nyoliwala,,,Boom Shaka KR$NA & Dhanda Nyoliwala
2026-09-20,global,Global,top_songs_weekly,,43,https://yt3.googleusercontent.com/R7pwf7-lcPvK3dxv8jMkUd4SlbVmrM-nZOFEJqnHGLQFBl4lqj1gyeWSFO5X9HZxgUhTh4KM8n0l7j_k=w180-h180-l90-rj,,Beat It,Michael Jackson,,,Beat It Michael Jackson
2026-09-20,global,Global,top_songs_weekly,,44,https://yt3.googleusercontent.com/whlIw9-DTRE2_pUZm7v6Hmbyr0AQxZrHEL2DeNKnsCOFtUfRhY2QO0OCrCmcQEiqMvqC4Tu0ERjsYyKoJA=w180-h180-l90-rj,,YAALALO YAALALO,G.V. Prakash Kumar / Hesham Abdul Wahab / Sadhika K R / Anantha Sreeram,,,"YAALALO YAALALO G.V. Prakash Kumar , Hesham Abdul Wahab , Sadhika K R & Anantha Sreeram"
2026-09-20,global,Global,top_songs_weekly,,45,https://yt3.googleusercontent.com/3wcEbK0wLRPy-a2Rzyy7hvBIXgv5IKTIxVHU7XIZjA5comGr0T0iYWZvaE8hY8GO4TAfdF8UdE1FIJik=w180-h180-l90-rj,,Toz Pembe,manifest,,,Toz Pembe manifest
2026-09-20,global,Global,top_songs_weekly,,46,https://yt3.googleusercontent.com/WnS8_TSqLTP0D5Ltvu5mypx6ypsFj0dM0fSNvD8vz8K_f18nAU10bNsExXoI6t6mI-zR7ezxPYv3e7w=w180-h180-l90-rj,,Sesi Potret,Ari Lesmana / eńau,,,Sesi Potret Ari Lesmana & eńau
2026-09-20,global,Global,top_songs_weekly,,47,https://yt3.googleusercontent.com/iSX0Ox29sf_SpZMr51jUbgHDKsvqQ-54KksqIlFADT9i-nFG590d6D-z61kYxMKF7r5lHX7wWvMjdqbA=w180-h180-l90-rj,,Las mas bonitas son p#tas,Anuel AA,,,Las mas bonitas son p#tas Anuel AA
2026-09-20,global,Global,top_songs_weekly,,48,https://yt3.googleusercontent.com/qSLRDoW9xku1Tn0g5cH-1Xfw4NF7HjSdPU8j0rfsNoPSl3r5TN-5OEC8g8mF_I1TbpxDDMZp4t_mlE6y=w180-h180-l90-rj,,Sheesha (Aakhya Mai Aakh Ghali Jo Bairan),Mitta Ror / Swara Verma,,,Sheesha (Aakhya Mai Aakh Ghali Jo Bairan) Mitta Ror & Swara Verma
2026-09-20,global,Global,top_songs_weekly,,49,https://yt3.googleusercontent.com/_qG8YaOVQSGBUV1_2P0nuLhxZnS1oO2Vv1GSyseOmEeMIIAOpF1TJWvmQxEaigOtFug5VmFlImoLGQM=w180-h180-l90-rj,,RIKI,Neton Vega,"8月 6, 2026",11408097,"49 3 RIKI Neton Vega 8月 6, 2026 46 4 11,408,097"
2026-09-20,global,Global,top_songs_weekly,,50,https://yt3.googleusercontent.com/Oice7VFz5NBqKgPpD8LA0oIGkfNTc5N_2pRMifH_W4-aVjMDDBZ2-BafN55NEyXMqhD3ScUrrOxz7WgJ=w180-h180-l90-rj,,Dracula (Remix) (feat. Jennie),Tame Impala,,,Dracula (Remix) (feat. Jennie) Tame Impala
2026-09-20,global,Global,top_songs_weekly,,51,https://yt3.googleusercontent.com/Ccq2Y8_z5WRryy2FC0E1x0Q5hD9v7NqRpMcX6ptgm03vFDhKHjzuropzgBjRbMGAOUc5KBwUhQIW474P=w180-h180-l90-rj,,Mi Chico,DJ Goja / Jason Derulo / Melody,,,"Mi Chico DJ Goja , Jason Derulo & Melody"
2026-09-20,global,Global,top_songs_weekly,,52,https://yt3.googleusercontent.com/MjVc50qoqvxgh2Axcechzk8DZQ2wE3SJKYphm4PcPGfsPDcqplJGkTJF8R4Vqqs87WUk9tVRGXyNMLg=w180-h180-l90-rj,,Jamaican (Bam Bam),HUGEL / SOLTO (FR),,,Jamaican (Bam Bam) HUGEL & SOLTO (FR)
2026-09-20,global,Global,top_songs_weekly,,53,https://yt3.googleusercontent.com/6LDZTIjk3nbSSsG8J0M2_ME4KWzt4MTZ7oqrZlWg-uZ1gRWnBKt9ySPibZ5l7GJ_-j6gB6hv-qLNaPE=w180-h180-l90-rj,,hate that i made you love me,Ariana Grande,,,hate that i made you love me Ariana Grande
2026-09-20,global,Global,top_songs_weekly,,54,https://yt3.googleusercontent.com/6TSdysMUXfScqxLYGMLza4vtskUpoTF1kJdtzniIUT_InefmJrdGKPhwSjO9Cu4rLdX9c5-TzmA1v30=w180-h180-l90-rj,,Bass Persuades,Miley Cyrus,,,Bass Persuades Miley Cyrus
2026-09-20,global,Global,top_songs_weekly,,55,https://yt3.googleusercontent.com/mqQutJQku5I3uW-nUtheDQKZ_fgfQaGX49eNFg98-eyJSyS2cjyqkFoLOB53zPeirQgtJaLdlTk9-GTQ=w180-h180-l90-rj,,نانو,TUL8TE / Saint Levant,,,نانو TUL8TE & Saint Levant
2026-09-20,global,Global,top_songs_weekly,,56,https://yt3.googleusercontent.com/-9Be3szVIsDcpTazo5d3AYic5zWl7tN1UOCRBI98ylJiQchI3IQt1BcvDRXgQRcAlAxmQUmpllADj-a5=w180-h180-l90-rj,,Peão Todo Tatuado,jeninho / Mariana Fagundes,,,Peão Todo Tatuado jeninho & Mariana Fagundes
2026-09-20,global,Global,top_songs_weekly,,57,https://yt3.googleusercontent.com/TrshWIhdbsgtW5MtqxGYDATm5OVMGdXRBe6HFSW7lhgwGI_XqzXP4QEmOwOjgaKX6iwBgg5GJP8TbnI=w180-h180-l90-rj,,Vaaroon Forever,阿南德·巴斯卡爾 / Romy / 舒蕾亞·戈沙爾 / Ginny Diwan,,,"Vaaroon Forever 阿南德·巴斯卡爾 , Romy , 舒蕾亞·戈沙爾 & Ginny Diwan"
2026-09-20,global,Global,top_songs_weekly,,58,https://yt3.googleusercontent.com/arS8DgXBdvYdY8ZpN78RSrAjSpXnsU3NX6cAzzEklyiNX6isqmaNJbfP26HjUtNCONp_OoWZAJ_JupBrHw=w180-h180-l90-rj,,Kırgınım,Blok3,"6月 4, 2026",10266530,"58 5 Kırgınım Blok3 6月 4, 2026 63 9 10,266,530"
2026-09-20,global,Global,top_songs_weekly,,59,https://i.ytimg.com/vi/h_D3VFfhvs4/default.jpg,https://www.youtube.com/watch?v=h_D3VFfhvs4,Smooth Criminal,Michael Jackson,,,Smooth Criminal Michael Jackson
2026-09-20,global,Global,top_songs_weekly,,60,https://i.ytimg.com/vi/6qBdQzPnw4E/default.jpg,https://www.youtube.com/watch?v=6qBdQzPnw4E,Dil Laga Liya,阿爾卡·雅格尼克 / Udit Narayan,,,Dil Laga Liya 阿爾卡·雅格尼克 & Udit Narayan
2026-09-20,global,Global,top_songs_weekly,,61,https://yt3.googleusercontent.com/wqA2-kB1LEmV3MsLsYK-a3yDSSHYptyb31XJMbGxc1_c-CylylLpDh3hbhV2A4Y49SNgQU_eGbAKMKk=w180-h180-l90-rj,,Self Aware,Temper City,,,Self Aware Temper City
2026-09-20,global,Global,top_songs_weekly,,62,https://yt3.googleusercontent.com/ciiAxXBOzHXiYgI-JrXI9PfEiwOw7rxGns7e3mJLGX0xf9fAtCqP08QL28e4_U1ZofnQ5rINHLUKJ7C4=w180-h180-l90-rj,,Polvo Rosita,Lenin Ramirez,,,Polvo Rosita Lenin Ramirez
2026-09-20,global,Global,top_songs_weekly,,63,https://yt3.googleusercontent.com/EqBlvzNmm_B2otzdTqYJzhHguR94SVFH96sOWBUlKZ6zJ4CGeXj9YkpcI7MFYEf9DPovp-4RZssESLbv=w180-h180-l90-rj,,POR SI MAÑANA NO ESTOY,Omar Courtz,,,POR SI MAÑANA NO ESTOY Omar Courtz
2026-09-20,global,Global,top_songs_weekly,,64,https://yt3.googleusercontent.com/S8qDdDfjr5dPQOhs47VUcQWKJa76q7wwEz1Sp31_5TNa1GlqzXbXj59W8PEDVp07nTd-3m1aTqjEVcA=w180-h180-l90-rj,,Dichavate,Ya Ice Dilan / Rey Tony / Helabusador / JipMusic Global / dj honda,,,"Dichavate Ya Ice Dilan , Rey Tony , Helabusador , JipMusic Global & dj honda"
2026-09-20,global,Global,top_songs_weekly,,65,https://yt3.googleusercontent.com/QyJiGyY31OLrJaPeLTP2kdcFhzLhU8lkWwLfrHsdXMraFl8N-GWpdnv6WP7N8pBMu0ow1IcVHPOvClik=w180-h180-l90-rj,,"Cuida do Pet (feat. Mc Negão Original, DU'L & Dj Aladin GDB)",Oldilla / Mc Iguinho Ct / MC Willian / Aaron Modesto,,,"Cuida do Pet (feat. Mc Negão Original, DU'L & Dj Aladin GDB) Oldilla , Mc Iguinho Ct , MC Willian & Aaron Modesto"
2026-09-20,global,Global,top_songs_weekly,,66,https://i.ytimg.com/vi/3U7_DxeX8mk/default.jpg,https://www.youtube.com/watch?v=3U7_DxeX8mk,Beni Al (Live),Ankara Echoes,,,Beni Al (Live) Ankara Echoes
2026-09-20,global,Global,top_songs_weekly,,67,https://yt3.googleusercontent.com/Vx1LLANAw5AI1g4ahBuAVc1WIr2McAZ9M6ip2NUkG6DzHqUIR6DfJPQyPD0PZPsNWtCUjEvUet_UAOX1=w180-h180-l90-rj,,Soja Zara,Madhushree,,,Soja Zara Madhushree
2026-09-20,global,Global,top_songs_weekly,,68,https://yt3.googleusercontent.com/_RICA9AQMvaw-SLRBVDVF3rLx6pgeXvy2USuFyueQhhMGAVga26n2brDIIbjNkkYW3xv9LyUdav9rWnKvA=w180-h180-l90-rj,,LEMONADE,aespa,"5月 28, 2026",8877186,"68 9 LEMONADE aespa 5月 28, 2026 77 15 8,877,186"
2026-09-20,global,Global,top_songs_weekly,,69,https://yt3.googleusercontent.com/VYJ4bYyHupJe1K4y3eWrg82IfGioP6rzeSJ0-hdTB-llJn5MbE9GCeWOA4ZwLyG7gyuYORWUbVvGMHbq=w180-h180-l90-rj,,FALLEN ANGEL,Jennie,,,FALLEN ANGEL Jennie
2026-09-20,global,Global,top_songs_weekly,,70,https://yt3.googleusercontent.com/F-HAYdu4My91_BPlrGhfflbiXHOshQN2AoyC253W5Tm2ebs6Nh7CgdoVzPlYK7nLMpX_JKOYg_h0SyyN_g=w180-h180-l90-rj,,misery.,pupsies,"3月 18, 2026",8785886,"70 9 misery. pupsies 3月 18, 2026 79 8 8,785,886"
2026-09-20,global,Global,top_songs_weekly,,71,https://yt3.googleusercontent.com/qnfaDMwf8RDrJ3DRUeOkZ4HagLVmN_Kh8hunfDTvzIiGNjJAMrWQic6h1OWB_6KpJZapoXQXckHcIp7W=w180-h180-l90-rj,,Bloody Paradise,ENHYPEN,,,Bloody Paradise ENHYPEN
2026-09-20,global,Global,top_songs_weekly,,72,https://yt3.googleusercontent.com/PndbtAUSQ0eacw0Akivd4blZJWXnxy0ZQzpH7gw3ivVhB60ng4wRaD9QtQw0nW8yvyOX_5CeT5_0Gi-q=w180-h180-l90-rj,,Debut,KATSEYE,"6月 28, 2024",8614857,"72 14 Debut KATSEYE 6月 28, 2024 86 7 8,614,857"
2026-09-20,global,Global,top_songs_weekly,,73,https://yt3.googleusercontent.com/xHkfClhw3koAnxsNs2A_M-8_8Rf7m4HeTSTgtCVIdHHNhMOQ12yimzVxsLUsGLYZkSV9gxtYsJBc6Wk=w180-h180-l90-rj,,Ara Beni,荷黛絲·阿奇高茲,,,Ara Beni 荷黛絲·阿奇高茲
2026-09-20,global,Global,top_songs_weekly,,74,https://yt3.googleusercontent.com/Z1iLXrelcpD0E1TYhDGrByC5YSIraH26cbsAba1ckFXeraagn11o-avT_dVamZRNcayOJYNDKlTOpQY=w180-h180-l90-rj,,UNA BABY EN SANTIAGO,Lil Naay,,,UNA BABY EN SANTIAGO Lil Naay
2026-09-20,global,Global,top_songs_weekly,,75,https://yt3.googleusercontent.com/UErsXm4y5gokiKPSV4oxyku1OVOlfKV2BFQ3Jv0dlIdUXkvpXNKpWphgwRznILlBWD3IVX0dFyw1s7Sq=w180-h180-l90-rj,,Estoy Pa' Ti,Brytiago,,,Estoy Pa' Ti Brytiago
2026-09-20,global,Global,top_songs_weekly,,76,https://yt3.googleusercontent.com/ssEkPq6Q1OnjegCpYspdqU8FMg_Lh-0sMXOsLvQsmYzPWyat2wtuFTXFvy8YGT_PlXuT1gVvGuVT1KXKDw=w180-h180-l90-rj,,In Da Club,50 Cent,,,In Da Club 50 Cent
2026-09-20,global,Global,top_songs_weekly,,77,https://yt3.googleusercontent.com/zFYEczPrSAG6InYrdt2-qZhatjvS6UGEU9ddS9KOadAAroJ3Ee2qz0YsXlh4KlXZEkRHKIz5MfS--z4c=w180-h180-l90-rj,,This & That,Stray Kids,,,This & That Stray Kids
2026-09-20,global,Global,top_songs_weekly,,78,https://yt3.googleusercontent.com/_3Xhg_Tpnh4MSm2Xtp1RzNdNKk0rfpZCfoyJtuBm6R5J4ql93Dn5jInzmUJKH03nmpEQ4ehSBd5l71ly=w180-h180-l90-rj,,Banjaara,穆罕默德·伊爾凡 / 米通,,,Banjaara 穆罕默德·伊爾凡 & 米通
2026-09-20,global,Global,top_songs_weekly,,79,https://yt3.googleusercontent.com/Jrcws67rGflH1eJNV3dpOsBP8JosmTswvHNUQ2jD_a8-_EBYNXkUAwzHRPIgsuxY0G9Xf5MQde-mJQKP=w180-h180-s-l90-rj,,The Lazy Song,Bruno Mars,,,The Lazy Song Bruno Mars
2026-09-20,global,Global,top_songs_weekly,,80,https://yt3.googleusercontent.com/HVn6uh6o4jcmXw3jUEjmD2nTTjVBd200AnixeuL1j_1hkOz-mv3hrcHD4nxz-uABrNi7kGWSOl6P-FY=w180-h180-l90-rj,,Hileli,manifest / 艾達佩肯,,,Hileli manifest & 艾達佩肯
2026-09-20,global,Global,top_songs_weekly,,81,https://yt3.googleusercontent.com/9GvLqz3cbA2XyceqbS6IlraFkW5cipVpiINKUoEKPHH41K448Zm9WbBsHncoNG134LsLJq1E5NHsf3g=w180-h180-l90-rj,,Love Me Not,Ravyn Lenae,,,Love Me Not Ravyn Lenae
2026-09-20,global,Global,top_songs_weekly,,82,https://yt3.googleusercontent.com/DYWSlADPI490VUOfFu6nWYLL-FIsnujB596Z6KxrcE6vOIcBXRz_78_TVCjd-ZHRfQdrA-FcClNPpO4R=w180-h180-l90-rj,,Doma,Jósean Log,"10月 14, 2016",8038003,"82 82 Doma Jósean Log 10月 14, 2016 - 10 8,038,003"
2026-09-20,global,Global,top_songs_weekly,,83,https://yt3.googleusercontent.com/2W7X-DNJiw81FCRzyud1zFhOuUALHn3qKFitF4Ji1oh_E99aKYfFNUy8-biNAFlhGqGDVtTnjsebM8QF=w180-h180-l90-rj,,เพราะพี่รักจริง,หนึ่ง บีเคแบนด์,,,เพราะพี่รักจริง หนึ่ง บีเคแบนด์
2026-09-20,global,Global,top_songs_weekly,,84,https://yt3.googleusercontent.com/F_zOOpQrlMOrIT50KDXGX54temlvXtXhWM-9e6TBAxCSP-F_Tt8bxONr5jBN7UwvoCwUifR0xph_QQeX=w180-h180-l90-rj,,Alaakaa Loova,Sai Abhyankkar / Rokesh,,,Alaakaa Loova Sai Abhyankkar & Rokesh
2026-09-20,global,Global,top_songs_weekly,,85,https://yt3.googleusercontent.com/5BJxXLAEqTn85KcOm0oCkpeO_O3kd042CEuHuLAvA4LVqMg5daizHEFnXmf_bFkyVp_dUSKpeQCsClZp=w180-h180-l90-rj,,Tebaa'n Tebaa'n,Sherine,,,Tebaa'n Tebaa'n Sherine
2026-09-20,global,Global,top_songs_weekly,,86,https://yt3.googleusercontent.com/81cXwXuv1aOxCikSYqw5WET4FkiaNg5uKhTnDB4h0PL37adgl-1B3DBbvlopWpamwTQbt_ge9rm8pdQ-oA=w180-h180-l90-rj,,Zombie,The Cranberries,,,Zombie The Cranberries
2026-09-20,global,Global,top_songs_weekly,,87,https://yt3.googleusercontent.com/kIG_Ks5fsPd9dHNttIv9_v-LG4y_3T-C97N-LQbahylnlmxJuXbYJkE57-XHnqLgFRAAT6gvlbMOJ6Y8=w180-h180-l90-rj,,Aarzu,Noor / Khan / Madhurxo,,,"Aarzu Noor , Khan & Madhurxo"
2026-09-20,global,Global,top_songs_weekly,,88,https://yt3.googleusercontent.com/qqNJRJKU_nyD0g-Xmj-J50UE_8HEIGl-rczd0EKQLYnSd4HeySfoZqfBOxB4p_SKW-1ioC6V9_mjPbO4=w180-h180-l90-rj,,पलंग सागवान के,克瑟利·拉爾·亞達夫 / Indu Sonali,,,पलंग सागवान के 克瑟利·拉爾·亞達夫 & Indu Sonali
2026-09-20,global,Global,top_songs_weekly,,89,https://yt3.googleusercontent.com/upmvJG0pEwTDgchGiPgUlLoC4YeC1YLG3DH3NHvUMqFw6OSworHi4Ea02wHR9IGP_gesSLBWfIm2pVE=w180-h180-l90-rj,,Tera Mera Rishta Purana,Pritam / Mustafa Zahid / Sayeed Quadri,,,"Tera Mera Rishta Purana Pritam , Mustafa Zahid & Sayeed Quadri"
2026-09-20,global,Global,top_songs_weekly,,90,https://i.ytimg.com/vi/HGVhNel9ceI/default.jpg,https://www.youtube.com/watch?v=HGVhNel9ceI,Es Un Secreto (Remix) (feat. Akon & 泰戈·卡德龍),Plan B,,,Es Un Secreto (Remix) (feat. Akon & 泰戈·卡德龍) Plan B
2026-09-20,global,Global,top_songs_weekly,,91,https://yt3.googleusercontent.com/3YN2rvHWj-AVy2W7eWOoWP-LkTVDx8s-tiTVMHk8MGbCdeNxesQ822twG_jlEyOcObo0iDZrftWs3AOoeA=w180-h180-l90-rj,,Another Love,湯姆歐德,,,Another Love 湯姆歐德
2026-09-20,global,Global,top_songs_weekly,,92,https://yt3.googleusercontent.com/sm9gz2XQFzc-Gp7qsQzIJGuIsowoyVI43ki4048evRTzCi8IN2FcTyv42YttCDRH-93amTRkG05hqnOK=w180-h180-l90-rj,,Earrings,Malcolm Todd,,,Earrings Malcolm Todd
2026-09-20,global,Global,top_songs_weekly,,93,https://yt3.googleusercontent.com/mHa1sg5pmlgudnTZ_XOcJ-0VAKuFDodEstxurIF2C6RttpfyyeaqC75FmPQjlc2BQQ5JfvGaFuU69dhs=w180-h180-l90-rj,,Ain't In LA,ADÉLA,,,Ain't In LA ADÉLA
2026-09-20,global,Global,top_songs_weekly,,94,https://yt3.googleusercontent.com/MS4kW7VoJvqPamiKN3dW079Zufn7rirXDV0JWfmz_tEb8bdYYtw9bh-snspFj0njbqyEaWGpMjk37Y8lew=w180-h180-l90-rj,,Touch,KATSEYE,"7月 26, 2024",7410206,"94 94 Touch KATSEYE 7月 26, 2024 - 19 7,410,206"
2026-09-20,global,Global,top_songs_weekly,,95,https://yt3.googleusercontent.com/Z2zgZT7ICWRL7ACDERnWaGA3nBmLSK3fqOXDg-EQuhSnwvNV_i5pEQ6-z_m_v4S44HuNKyFjwtmSghqJ=w180-h180-l90-rj,,Sweet Child O' Mine,槍與玫瑰,,,Sweet Child O' Mine 槍與玫瑰
2026-09-20,global,Global,top_songs_weekly,,96,https://yt3.googleusercontent.com/qVKfpsOuD6oubDnQVZ3fjTNiYXhxkN_e3e_bnlqmqykbK2Ft_7ZioiVqR1KpO_y0XT_Ij03Hv9O8zIUXWA=w180-h180-l90-rj,,Love All Day,SxyCip,,,Love All Day SxyCip
2026-09-20,global,Global,top_songs_weekly,,97,https://yt3.googleusercontent.com/P5Hyl5ho2FfN0o_FUyoBqnruglASS4vDib8gF9SxGD2V74LDPaFob443NBVbpXd7FF7-S5hqlHUwZbg=w180-h180-l90-rj,,Chikni Chameli,阿傑-阿圖爾 / 舒蕾亞·戈沙爾,,,Chikni Chameli 阿傑-阿圖爾 & 舒蕾亞·戈沙爾
2026-09-20,global,Global,top_songs_weekly,,98,https://yt3.googleusercontent.com/nZevbUEupxBKmJ3VR6f4rdlYv5Tr53yVHws35zJg9JId6uuBAHgEeRDmf87DcEQkLCJFSHN31BLjYJE=w180-h180-l90-rj,,Aaya Sher,Anirudh Ravichander / Jangi Reddy / Arjun Chandy / 希厄姆·卡莎拉,,,"Aaya Sher Anirudh Ravichander , Jangi Reddy , Arjun Chandy & 希厄姆·卡莎拉"
2026-09-20,global,Global,top_songs_weekly,,99,https://yt3.googleusercontent.com/-JoBqRug1klII5mPPPGU888fvTgN4gvx7EfIwzwqs1Gqj_y67f2gjfQEzww4R-teR8y6my3lRNronE25=w180-h180-l90-rj,,AH HA,Cardi B,"7月 29, 2026",7084146,"99 24 AH HA Cardi B 7月 29, 2026 75 2 7,084,146"
2026-09-20,global,Global,top_songs_weekly,,100,https://yt3.googleusercontent.com/yrEYOrDzexujioIxF4uN4DfxXbEbvAQ5alB2gaiIgTOnIJSoXsmo9IYmyxZSMDskZD4CcyOQRkVkEhkTlg=w180-h180-l90-rj,,Payphone (feat. Wiz Khalifa),Maroon 5,,,Payphone (feat. Wiz Khalifa) Maroon 5
2026-09-20,tw,Taiwan,top_songs_weekly,,1,https://yt3.googleusercontent.com/awoyk8Z8XNivU4sRBupBx_pdbnk7yVJz3w4qvxzcrm-Ud9Ma6B-v9BVLOx1JLTJr5n-g51chJRdHEqSgSg=w180-h180-l90-rj,,甲乙丙丁Strangers,李佳薇,,,甲乙丙丁Strangers 李佳薇
2026-09-20,tw,Taiwan,top_songs_weekly,,2,https://yt3.googleusercontent.com/pPXFB33cg6OkSoAG9Xbvp3cGnkXnTGWSYkUypg0vHL8IuRvIYBTYnjvhweDfjbCRf4FHXCksK2ukjio=w180-h180-l90-rj,,海嶼你,馬也Crabbit / Cole先生,,,海屿你 马也Crabbit & Cole先生
2026-09-20,tw,Taiwan,top_songs_weekly,,3,https://yt3.googleusercontent.com/lph_AYE9fU1VteHx7zG6DGesN-NvVDTs79j1q4DCHZS980-UryiOlKlLgtDkIBr2niDVO0WZdTg2fnA=w180-h180-l90-rj,,SaWaDiKa,LISA,"8月 27, 2026",999391,"3 New SaWaDiKa LISA 8月 27, 2026 - 1 999,391"
2026-09-20,tw,Taiwan,top_songs_weekly,,4,https://yt3.googleusercontent.com/2-hieEVD7f79K918InakgMwDVR7M3RFPpa9BFsdJi7axTA8rrfF2psRUnBk9b8QXmiuswUxif82gxxI=w180-h180-l90-rj,,CLICK,JISOO,"9月 4, 2026",950845,"4 New CLICK JISOO 9月 4, 2026 - 1 950,845"
2026-09-20,tw,Taiwan,top_songs_weekly,,5,https://yt3.googleusercontent.com/OlsyF8L82chwdoVqON-g5H3BsEEgA0zSIYU_6SIZgMtLe0QzZPxzno91C6zJktuon6rjAv_UbmggkO_vyQ=w180-h180-l90-rj,,BAD,ATEEZ,"5月 22, 2026",838177,"5 2 BAD ATEEZ 5月 22, 2026 3 11 838,177"
2026-09-20,tw,Taiwan,top_songs_weekly,,6,https://yt3.googleusercontent.com/SDHwqZp6fgaUL0DkWXI2BQHwEpO2y68b1JDjG8lrm9VJC4_c2t_OgW-NTLC766gYvub0WEmTJUoeS1I1=w180-h180-l90-rj,,太陽與地球,盧廣仲,"9月 16, 2025",541339,"6 5 太陽與地球 盧廣仲 9月 16, 2025 11 21 541,339"
2026-09-20,tw,Taiwan,top_songs_weekly,,7,https://yt3.googleusercontent.com/9uuhCVl-TANrqQ6tavDZK7jFzPJmhf42hSYYbICN6bayzD6WbQAWpnJBvamvE0YSehxpMm0dSW-nuKuE=w180-h180-l90-rj,,巷仔口的風,Cat'sMelody,,,巷仔口的風 Cat'sMelody
2026-09-20,tw,Taiwan,top_songs_weekly,,8,https://yt3.googleusercontent.com/tS52sJia52VjCC5b0u4GHTMsFM6viC-IsTLFGDpXQ-kepQbGnf68fEMl2O3vrqYV0YZGAjHLqUrwHgV3=w180-h180-l90-rj,,不愛就不愛,艾薇,"11月 1, 2024",533059,"8 ● 不愛就不愛 艾薇 11月 1, 2024 8 21 533,059"
2026-09-20,tw,Taiwan,top_songs_weekly,,9,https://yt3.googleusercontent.com/yHlFSzNwdbcc4gbRSE6p2CvTlCs5S4cTfF2pOKS0eonktuLqwvX8MLaxEQPGYyP6WefUNfX-f4Mb4awXtg=w180-h180-l90-rj,,沒有人像我一樣,宇宙人,"6月 16, 2026",521695,"9 ● 沒有人像我一樣 宇宙人 6月 16, 2026 9 12 521,695"
2026-09-20,tw,Taiwan,top_songs_weekly,,10,https://yt3.googleusercontent.com/_O6d8FGvKxgx0R5TJ2C4RH1ptUN_01emKZmnHxqYrGCrGj90914jAFUmBAyyeHIipQmkG4qJKTvhlJI=w180-h180-l90-rj,,我不該動情,RG-老帥,"6月 30, 2026",508918,"10 5 我不该动情 RG-老帅 6月 30, 2026 15 10 508,918"
2026-09-20,tw,Taiwan,top_songs_weekly,,11,https://yt3.googleusercontent.com/fSZeOU1r1CCaRPaXHA-oLYcZbJ59nenUQs5NJJp_hWpSkOMgOqpr-zOHqpFBFBJrXz_lAn8Nr5A1r2K1mw=w180-h180-l90-rj,,Good Goodbye,HWASA,,,Good Goodbye HWASA
2026-09-20,tw,Taiwan,top_songs_weekly,,12,https://yt3.googleusercontent.com/x1n9RlmWXjSEmxclE2loxdELv0YfMaTgo9k-9XDUxE9IvzUZHiyiJs3gV3_cgCmD7RCUbXWMbqKKxvbjRw=w180-h180-l90-rj,,幸福在歌唱,A-Lin,"12月 25, 2025",477003,"12 2 幸福在歌唱 A-Lin 12月 25, 2025 10 21 477,003"
2026-09-20,tw,Taiwan,top_songs_weekly,,13,https://yt3.googleusercontent.com/UJ0Xm8gTPZD-oAYXDsRiafVjizIzdk5jYw_8r3GyXLr9lduwTyyZylvy3yEtvPRQ4hxVeoczfiWcY-0rXA=w180-h180-l90-rj,,螺旋(Acoustic),9Lana,,,螺旋(Acoustic) 9Lana
2026-09-20,tw,Taiwan,top_songs_weekly,,14,https://yt3.googleusercontent.com/_RICA9AQMvaw-SLRBVDVF3rLx6pgeXvy2USuFyueQhhMGAVga26n2brDIIbjNkkYW3xv9LyUdav9rWnKvA=w180-h180-l90-rj,,LEMONADE,aespa,"5月 28, 2026",425120,"14 2 LEMONADE aespa 5月 28, 2026 16 15 425,120"
2026-09-20,tw,Taiwan,top_songs_weekly,,15,https://yt3.googleusercontent.com/3RNsv7dNTYSBpuSWmpWM6PiYgQAaCXKvi8ION2AH2OaQHc-vW5-rJW4PqztU9XGaX-5z3sMc5RMTMc8n=w180-h180-l90-rj,,It's Me,ILLIT,"4月 23, 2026",382451,"15 3 It's Me ILLIT 4月 23, 2026 18 19 382,451"
2026-09-20,tw,Taiwan,top_songs_weekly,,16,https://yt3.googleusercontent.com/jazXExZmPMVca4047wlQSvgqxBSfpDvKHKxYMZ6ov_0lmuCSw8WPDQxaURkxo3XxIK4cYXvyNFpsIzI=w180-h180-l90-rj,,Avalokiteśvara (Remix),林志融,,,Avalokiteśvara (Remix) 林志融
2026-09-20,tw,Taiwan,top_songs_weekly,,17,https://yt3.googleusercontent.com/j_byMYv4R-YHA2jt3wHTFbXOgszR2zo2iSp6ROEq8lWyi-nHnSAP84MWmtGJg9y1L13toWSPvAhm4LI=w180-h180-l90-rj,,"All For You (""Spider-Man: Brand New Day"" Taiwan End Credit Song)",周興哲,,,"All For You (""Spider-Man: Brand New Day"" Taiwan End Credit Song) 周興哲"
2026-09-20,tw,Taiwan,top_songs_weekly,,18,https://yt3.googleusercontent.com/9kXVLbhQ7v4JHyRDJgGcLwDKysXCC98ukBdPLgLMtiQkY-ntHmrwHiud-tTRT2jMOqJiYUjedOzMw79opA=w180-h180-l90-rj,,老朋友,黃奇斌,"6月 28, 2026",338740,"18 14 老朋友 黃奇斌 6月 28, 2026 4 2 338,740"
2026-09-20,tw,Taiwan,top_songs_weekly,,19,https://yt3.googleusercontent.com/CFrNgBoL1_D5WQ8GKuM5dvi-KDZkOKncu2u28wzwG4mqcguxeIP0HJT422dUDnZVde5yBsiHvWyu9sQU=w180-h180-l90-rj,,大車人生,Cat'sMelody,,,大車人生 Cat'sMelody
2026-09-20,tw,Taiwan,top_songs_weekly,,20,https://yt3.googleusercontent.com/u_BV6asN_Hpd5vvtObpp9P_nMF7iJkjpi_LWSF2NUpreyLvh_brmstqv5sWggDbOP1V4ZlEfhTVl1B7z=w180-h180-l90-rj,,BiiiG,BIGBANG,"8月 19, 2026",324181,"20 6 BiiiG BIGBANG 8月 19, 2026 14 4 324,181"
2026-09-20,tw,Taiwan,top_songs_weekly,,21,https://yt3.googleusercontent.com/CwtUqDJhEnd9U_GyRBTwrRE0lpNwIgw6ugIlJLbP9EC91DKzgWz1WEo3cmcsdDybIEzTkrZaz_hNttJx=w180-h180-l90-rj,,춤,BABYMONSTER,"5月 4, 2026",318917,"21 1 춤 BABYMONSTER 5月 4, 2026 22 19 318,917"
2026-09-20,tw,Taiwan,top_songs_weekly,,22,https://yt3.googleusercontent.com/P7nh5wrrR-WPtCgyz7KZXvAh0Y1ouJBzBRMTemMkcjk00TBATHCowVUI2BMZAx-88N680puN170wzGJq=w180-h180-s-l90-rj,,愛 請問怎麼走,A-Lin,"11月 23, 2012",314397,"22 5 愛 請問怎麼走 A-Lin 11月 23, 2012 27 13 314,397"
2026-09-20,tw,Taiwan,top_songs_weekly,,23,https://yt3.googleusercontent.com/5d51ZlGjNP_Gss3Z3RKP7B98ASQ7pxvp4XI3IAQ3kniFFjgLPDPnR6_K3tYZGoMVvfJYXBtu3awwsTI=w180-h180-l90-rj,,Training Season,Dua Lipa,,,Training Season Dua Lipa
2026-09-20,tw,Taiwan,top_songs_weekly,,24,https://yt3.googleusercontent.com/QAK5nTHePtUuH5BCRFMc6UIZk7SssfD7UkwFMqh32LaM2eNi6HVmEyZ46a5KsIuhzLv4RiS5srVd_Jcu=w180-h180-l90-rj,,左轉燈 (1000 Times+1) (feat. mac ova seas),派偉俊,,1000,左轉燈 (1000 Times+1) (feat. mac ova seas) 派偉俊
2026-09-20,tw,Taiwan,top_songs_weekly,,25,https://yt3.googleusercontent.com/-evTfg9Dho5GU39Kw98B-7VuaGHIFSReaafijbIFU6ktxxz4GGtNr1epcGnnvzMTBKiCnjUrNTP1mb-F=w180-h180-l90-rj,,퇴사할게여,田小娟,"9月 7, 2026",298273,"25 New 퇴사할게여 田小娟 9月 7, 2026 - 1 298,273"
2026-09-20,tw,Taiwan,top_songs_weekly,,26,https://yt3.googleusercontent.com/HQMhVerQqgh-sPpn7jkcpoAiST4qynxX-PQGp-mIVT3WZ82R4ZSbvc0NAcup2x3WwJWdFSSBSBNk5P6LMA=w180-h180-l90-rj,,鹹酸苦汫 (電影《網紅老爸》片尾曲),王識賢 / 麋先生,,,鹹酸苦汫 (電影《網紅老爸》片尾曲) 王識賢 & 麋先生
2026-09-20,tw,Taiwan,top_songs_weekly,,27,https://yt3.googleusercontent.com/Z1zBWGQCqrdWCjc1EZWMcXWTCKPAuLY3piV9YV3ck69ip3KjTWhMgOAbqaKM6qeFZGxfMDU9sQDKv3hD=w180-h180-l90-rj,,再見的時候-電影〈陽光女子合唱團〉主題曲-再見版,洪佩瑜,,,再見的時候-電影〈陽光女子合唱團〉主題曲-再見版 洪佩瑜
2026-09-20,tw,Taiwan,top_songs_weekly,,28,https://yt3.googleusercontent.com/Hu7ZkuL_0u5n743V1G1PR_Onmli50SNAT8Hj30ZIgz-h6w44OW0XKySxtI2hwOuHrTM4h8e_3pQBkKntSw=w180-h180-l90-rj,,玻璃,Gareth.T,"5月 19, 2026",280969,"28 5 玻璃 Gareth.T 5月 19, 2026 23 17 280,969"
2026-09-20,tw,Taiwan,top_songs_weekly,,29,https://yt3.googleusercontent.com/ZHk9GOw4QvsY5d4z2P9qIT-XknUd1ANn4VbjEM93k3HdbZD89oX4ZgP-YD24a8BkAmrz7S_bqrMAunlHzA=w180-h180-l90-rj,,把你還給你,Nyxx.,"6月 19, 2026",275499,"29 4 把你还给你 Nyxx. 6月 19, 2026 25 5 275,499"
2026-09-20,tw,Taiwan,top_songs_weekly,,30,https://yt3.googleusercontent.com/VYJ4bYyHupJe1K4y3eWrg82IfGioP6rzeSJ0-hdTB-llJn5MbE9GCeWOA4ZwLyG7gyuYORWUbVvGMHbq=w180-h180-l90-rj,,FALLEN ANGEL,Jennie,,,FALLEN ANGEL Jennie
2026-09-20,tw,Taiwan,top_songs_weekly,,31,https://yt3.googleusercontent.com/GBUFNHwzO_v_IJ1e1iLRCgA9zJUO97qxZgLBAJyr2WyFzk7kV9yWMAVF7Ha6h8As3tNXbfeksFOdZeE=w180-h180-l90-rj,,SUGAR HONEY ICE TEA,BABYMONSTER,,,SUGAR HONEY ICE TEA BABYMONSTER
2026-09-20,tw,Taiwan,top_songs_weekly,,32,https://yt3.googleusercontent.com/Wa4HVLZ8awaP6kQXG3146dh6xkA0_ET2LwZfUP_1g_PBdFLs1RuEa5UlC7-on9giMwxBjVT1V05i0B0=w180-h180-l90-rj,,瞬,鄭潤澤,"7月 17, 2023",257315,"32 11 瞬 郑润泽 7月 17, 2023 43 2 257,315"
2026-09-20,tw,Taiwan,top_songs_weekly,,33,https://yt3.googleusercontent.com/_mqt5acHFe8rZS-NF3KSARL8veAZZsCexzTyu5NnC8Jr3grBhO58W3YIIvw4nPh7YrSs07tMzoIsjUA=w180-h180-l90-rj,,Alone,A-Lin,"6月 11, 2026",246364,"33 11 Alone A-Lin 6月 11, 2026 44 13 246,364"
2026-09-20,tw,Taiwan,top_songs_weekly,,34,https://yt3.googleusercontent.com/NGRpTBuhzFfsExxHqif6afpHZYiQV-Bl_nb55_7zskBAoIjn653TgXxUXyMu-FUPEIF5aveFtwqocL8=w180-h180-l90-rj,,Yu Ai,楊丞琳,"12月 29, 2009",233904,"34 34 Yu Ai 楊丞琳 12月 29, 2009 - 7 233,904"
2026-09-20,tw,Taiwan,top_songs_weekly,,35,https://yt3.googleusercontent.com/FBsKSRbF9dD9gKsMouEBNIymlDObANdcnZk4Lf_5QgTiq7V3gchHRsBXGgOLgDOOJuGkajoF5K-4qeA=w180-h180-l90-rj,,RUDE!,Hearts2Hearts,,,RUDE! Hearts2Hearts
2026-09-20,tw,Taiwan,top_songs_weekly,,36,https://yt3.googleusercontent.com/Zl6lT-8KgSYiXI08I5ilE35LaWaDpVFYdBIEn_g_gJRGTBlb6xlMn4Ws226L3nMuhWl9UxRQZq5c1pZF=w180-h180-l90-rj,,REDRED,CORTIS,"4月 20, 2026",229464,"36 2 REDRED CORTIS 4月 20, 2026 34 21 229,464"
2026-09-20,tw,Taiwan,top_songs_weekly,,37,https://yt3.googleusercontent.com/k9Zz4qtPSf-PysF9yIdUbgCvXEGPMX4O860UooxFo7ZViPhg0SIqrEBIrzLyTg4XbqNfuOwBBlQYuf5zBA=w180-h180-l90-rj,,甲乙丙丁 (你我怎麼兩清) (Live),張碧晨 / 侯明昊,,,甲乙丙丁 (你我怎么两清) (Live) 張碧晨 & 侯明昊
2026-09-20,tw,Taiwan,top_songs_weekly,,38,https://yt3.googleusercontent.com/CwtUqDJhEnd9U_GyRBTwrRE0lpNwIgw6ugIlJLbP9EC91DKzgWz1WEo3cmcsdDybIEzTkrZaz_hNttJx=w180-h180-l90-rj,,I LIKE IT,BABYMONSTER,,,I LIKE IT BABYMONSTER
2026-09-20,tw,Taiwan,top_songs_weekly,,39,https://yt3.googleusercontent.com/ftLI9xhlqafrAPZohejYNd0boN6wsKC7t-7gkZrebl6dNMPt38JQbpAutLlUIh2FlinRghAbOMDwD39bOg=w180-h180-s-l90-rj,,Na Zou Le Shen Mo,A-Lin,,,Na Zou Le Shen Mo A-Lin
2026-09-20,tw,Taiwan,top_songs_weekly,,40,https://yt3.googleusercontent.com/VGf2lFXKQdSyrz2g3Czj66doPtUxvJBrWDK6UFeOj8zRqS-tgs_D8FG5-8pYTX-Uh9FxZBDJIXtN1nKF=w180-h180-l90-rj,,IRIS OUT,米津玄師,"9月 14, 2025",210211,"40 6 IRIS OUT 米津玄師 9月 14, 2025 46 21 210,211"
2026-09-20,tw,Taiwan,top_songs_weekly,,41,https://yt3.googleusercontent.com/0zd99oykz1u3Jq2OfHFuvRt6uYBvICuVd4FoiUevpmwklCtpRe9Aid5FaO0Qozq3polze6BXVY16n_02eQ=w180-h180-l90-rj,,她 (《早春晴朗》電視劇欒念人物曲&片頭曲),劉宇寧,,,她 (《早春晴朗》电视剧栾念人物曲&片头曲) 劉宇寧
2026-09-20,tw,Taiwan,top_songs_weekly,,42,https://yt3.googleusercontent.com/PwQ543AKPc8tF0yUiz3e3s-Wy45l71Byt6T78PYeTB7Q0Jckq3C5d9P7faRc7OE5OTypbkxl4qFuVkI=w180-h180-l90-rj,,Less than a Lover,Jennie,,,Less than a Lover Jennie
2026-09-20,tw,Taiwan,top_songs_weekly,,43,https://yt3.googleusercontent.com/jXXzY2fTfxgr0_wR_I_V8W3Ai0L3ece217Biqm0tY36I9VAoce09xXmjgt8mXggTVgGGBHdJ3eAyICY=w180-h180-l90-rj,,Beauty And A Beat (feat. Nicki Minaj),Justin Bieber,,,Beauty And A Beat (feat. Nicki Minaj) Justin Bieber
2026-09-20,tw,Taiwan,top_songs_weekly,,44,https://i.ytimg.com/vi/7xYekUcLRs4/default.jpg,https://www.youtube.com/watch?v=7xYekUcLRs4,"「天元突破グレンラガン」 ""Libera me"" from hell",Mori Calliope,,,"「天元突破グレンラガン」 ""Libera me"" from hell Mori Calliope"
2026-09-20,tw,Taiwan,top_songs_weekly,,45,https://yt3.googleusercontent.com/KkiZjgUI7ADMjnfu90T8szhJ3CqljSdGDIpo3iNmOltOgewijZyI_Z2TQiXDdCN2jlozAVXNjuiyiSsL=w180-h180-l90-rj,,캐치 캐치,YENA,"3月 11, 2026",202765,"45 5 캐치 캐치 YENA 3月 11, 2026 40 21 202,765"
2026-09-20,tw,Taiwan,top_songs_weekly,,46,https://yt3.googleusercontent.com/CwtUqDJhEnd9U_GyRBTwrRE0lpNwIgw6ugIlJLbP9EC91DKzgWz1WEo3cmcsdDybIEzTkrZaz_hNttJx=w180-h180-l90-rj,,MOON,BABYMONSTER,,,MOON BABYMONSTER
2026-09-20,tw,Taiwan,top_songs_weekly,,47,https://yt3.googleusercontent.com/wD3mauH_tBTmRaotgPoKn6CB-IPXVpQHWY1uuiKOmDWWzMj6w0tgD_SBCoGAE9mPNqC3IrhXDdXVDj6J=w180-h180-l90-rj,,Hard to say,Karencici,,,Hard to say Karencici
2026-09-20,tw,Taiwan,top_songs_weekly,,48,https://yt3.googleusercontent.com/xN2jApY7IPbNKX8EBqPWSptdyaYw-c6od79aP2RKE65OofIGYEyjwX-51b7MEYDzK3yUZAO9i9lPQnnp=w180-h180-l90-rj,,First Love,宇多田光,"3月 10, 1999",200308,"48 New First Love 宇多田光 3月 10, 1999 - 1 200,308"
2026-09-20,tw,Taiwan,top_songs_weekly,,49,https://yt3.googleusercontent.com/2GT6mcf25W2aQ69V57XEidylHzo7gxcq3OPJqBVSNGqSHKcufD4lJV_eUSRM3OELZo_b9s_u_Zj61_0=w180-h180-l90-rj,,陪你到這,陳華,"4月 16, 2026",199364,"49 13 陪你到這 陳華 4月 16, 2026 36 21 199,364"
2026-09-20,tw,Taiwan,top_songs_weekly,,50,https://yt3.googleusercontent.com/dg3C1N2lzwMjd_wA_TxabQGMkE06gAf4baUeQ9zj2a47hZeWhtg78qH9rlmHmJXsm3tKYigbVQANqY9AUw=w180-h180-l90-rj,,別戀,派偉俊,"7月 30, 2026",196527,"50 24 別戀 派偉俊 7月 30, 2026 26 6 196,527"
2026-09-20,tw,Taiwan,top_songs_weekly,,51,https://yt3.googleusercontent.com/trhero5UCoGc4OguktsWuF-jqvj2DVShQjwlLyGgZCDwauKMH4fVUhpW6mptNHdi4lGdKfH-Qq4vaUqC=w180-h180-l90-rj,,Skibidi,少女時代,"8月 31, 2026",195995,"51 New Skibidi 少女時代 8月 31, 2026 - 1 195,995"
2026-09-20,tw,Taiwan,top_songs_weekly,,52,https://yt3.googleusercontent.com/D_EBcvV_RhBFbr1aHVP2Fpbk7llVEpgIAOI95cOn0-5tP7MnntPBp8ihMutvFB1kZThtVWoG1noPtseY=w180-h180-s-l90-rj,,浪人的…,張震嶽,"5月 11, 2025",194949,"52 4 浪人的… 張震嶽 5月 11, 2025 48 11 194,949"
2026-09-20,tw,Taiwan,top_songs_weekly,,53,https://yt3.googleusercontent.com/9kXVLbhQ7v4JHyRDJgGcLwDKysXCC98ukBdPLgLMtiQkY-ntHmrwHiud-tTRT2jMOqJiYUjedOzMw79opA=w180-h180-l90-rj,,綿綿無絕期,黃奇斌,"6月 28, 2026",190046,"53 16 綿綿無絕期 黃奇斌 6月 28, 2026 37 9 190,046"
2026-09-20,tw,Taiwan,top_songs_weekly,,54,https://yt3.googleusercontent.com/fRSFMXHsB2vcvpNmsdO1kj80-k7G0R9obSJJDUvIBcpbbheaazlANb2eQO1uW1uPrDwFVKv1YmIYqfMHzg=w180-h180-l90-rj,,小妹別慌 (臺中市押韻),徐晧程,,,小妹別慌 (台中市押韻) 徐晧程
2026-09-20,tw,Taiwan,top_songs_weekly,,55,https://yt3.googleusercontent.com/Kctm2l61Bt1WE83MrNMFLn5IPQg536dMkPptDB6DAKExVlxyf60GhVtsNPiiOVdatRoEsvFMPwgjhtI=w180-h180-l90-rj,,如果我很平庸,陳華,"5月 7, 2026",185780,"55 5 如果我很平庸 陳華 5月 7, 2026 50 14 185,780"
2026-09-20,tw,Taiwan,top_songs_weekly,,56,https://yt3.googleusercontent.com/IBwK4LOs4sO-Cd-_5YO4XC2B2N1hvyBvKfr60tT_ljIuwmOuVWWW2NypbcvzKgScVAbRsWEYbmsjfcm2cw=w180-h180-l90-rj,,Sunflower,Post Malone / Swae Lee,,,Sunflower Post Malone & Swae Lee
2026-09-20,tw,Taiwan,top_songs_weekly,,57,https://i.ytimg.com/vi/4W04rNKP9wM/default.jpg,https://www.youtube.com/watch?v=4W04rNKP9wM,家後,鳳飛飛,"8月 19, 2026",177004,"57 26 家後 鳳飛飛 8月 19, 2026 31 2 177,004"
2026-09-20,tw,Taiwan,top_songs_weekly,,58,https://yt3.googleusercontent.com/6LDZTIjk3nbSSsG8J0M2_ME4KWzt4MTZ7oqrZlWg-uZ1gRWnBKt9ySPibZ5l7GJ_-j6gB6hv-qLNaPE=w180-h180-l90-rj,,hate that i made you love me,Ariana Grande,,,hate that i made you love me Ariana Grande
2026-09-20,tw,Taiwan,top_songs_weekly,,59,https://yt3.googleusercontent.com/moXpr_lvHpb9m70jTjr-0GE63_VyHivgmyH7UPBJmgwWPHwwmvhxDPPZtdAhCFo7CdzmzIGwBE3cn4VuCQ=w180-h180-l90-rj,,Dai Dai,Shakira / 伯納男孩,,,Dai Dai Shakira & 伯納男孩
2026-09-20,tw,Taiwan,top_songs_weekly,,60,https://yt3.googleusercontent.com/iQvesTkRBWSyBNrSPLLQVGkjci2_CpSzqSnDgTbOlzAJ4sVYjL4MtymfZmvp6EHmnx3JKeaoEoN6a95T=w180-h180-l90-rj,,我甘願重新愛過,玖壹壹,"5月 19, 2026",155355,"60 4 我甘願重新愛過 玖壹壹 5月 19, 2026 56 17 155,355"
2026-09-20,tw,Taiwan,top_songs_weekly,,61,https://yt3.googleusercontent.com/bMQLAiYFfeh4rRtPoMKMYJLpk9giBfDjoAnHCBsGh4EhuR-5eVjf9UUEg-cgC0cqEPwUIW3AU7R7jtWqCw=w180-h180-l90-rj,,Heavy Serenade,NMIXX,,,Heavy Serenade NMIXX
2026-09-20,tw,Taiwan,top_songs_weekly,,62,https://yt3.googleusercontent.com/52FX3X2911fKvmPIOwgiTneeDhZUw5M8hs0nA5-BqqMgUpC9LRQilyu9M5ZDp5Ob3gPMd2bpsjBIJbM=w180-h180-l90-rj,,空心 (Live),黃霄雲 / 劉端端,,,空心 (Live) 黃霄雲 & 刘端端
2026-09-20,tw,Taiwan,top_songs_weekly,,63,https://yt3.googleusercontent.com/aixVDum8bIjxh-zawNsilqtKif-lH5ogu3B5eUMGp6BPilm5_iYJs5aon8gDUa5Cd5ec67lClIkEwoE6=w180-h180-l90-rj,,Pretender,Official髭男dism,,,Pretender Official髭男dism
2026-09-20,tw,Taiwan,top_songs_weekly,,64,https://yt3.googleusercontent.com/hWt7U2cP1ow_S5512XKXbBGu2NUTwkT3wTdkbQyZPfCv9ogotsZZm2LxvtZRIbHHKkG0Ll87Otn-BvmL=w180-h180-l90-rj,,你不該權衡利弊 (R&B) 微醺版,KAI川,,,你不该权衡利弊 (R&B) 微醺版 KAI川
2026-09-20,tw,Taiwan,top_songs_weekly,,65,https://yt3.googleusercontent.com/ugpyRxhD8Nqn2Jrvh3w0dxJXZGysSSBCB3INhfSh8ufeiy5YL8ZRL8lyfiLHoo6Lu1_lqm7umyX9MQ2Q=w180-h180-l90-rj,,BOOMPALA,LE SSERAFIM,,,BOOMPALA LE SSERAFIM
2026-09-20,tw,Taiwan,top_songs_weekly,,66,https://yt3.googleusercontent.com/otnHO5vLkjZfmXCIxxkX3Q13QALw00NuNdXV7YZumu8b_apxMYMAMBDT9WgihEfFX7DOK6VE_nzeGyLJzg=w180-h180-l90-rj,,聽見下雨的聲音,魏如昀,"9月 18, 2013",141578,"66 6 聽見下雨的聲音 魏如昀 9月 18, 2013 72 2 141,578"
2026-09-20,tw,Taiwan,top_songs_weekly,,67,https://yt3.googleusercontent.com/baVGe7JSXfC5uZUNgrtjT6h4wAz2ycj5Uk08eQ0cXTVZ-nQnwZq7xj-kHoGv1SvtlTK-Qqwi60HhFfIX=w180-h180-l90-rj,,I Am Fine,孫燕姿,"1月 10, 2003",140906,"67 67 I Am Fine 孫燕姿 1月 10, 2003 - 3 140,906"
2026-09-20,tw,Taiwan,top_songs_weekly,,68,https://i.ytimg.com/vi/iyf-LWYGgiE/default.jpg,https://www.youtube.com/watch?v=iyf-LWYGgiE,雨是神的煙花,歪歪超,"1月 5, 2026",140808,"68 13 雨是神的煙花 歪歪超 1月 5, 2026 55 11 140,808"
2026-09-20,tw,Taiwan,top_songs_weekly,,69,https://yt3.googleusercontent.com/IX-QEr9pFD41clJP-q_Yg462m02Ni_6PjBQ9TpaGtzb4sT0eH1ZC6dy_ZxcqVIEZF9ipY9FgIirPJPh6=w180-h180-l90-rj,,ICONIC BY MISTAKE,LE SSERAFIM / ILLIT / KATSEYE,,,"ICONIC BY MISTAKE LE SSERAFIM , ILLIT & KATSEYE"
2026-09-20,tw,Taiwan,top_songs_weekly,,70,https://yt3.googleusercontent.com/QoHgafB1DKKUqF2AfynpTHInNxpD0-z9LtMaIS0KFJzF5Q4WYpzLi7_UvVUM9yzQbaFilH0yTl7b4NCNqg=w180-h180-l90-rj,,你講的話,江蕙,"5月 18, 2013",137306,"70 6 你講的話 江蕙 5月 18, 2013 76 6 137,306"
2026-09-20,tw,Taiwan,top_songs_weekly,,71,https://yt3.googleusercontent.com/pFgsdrdr0C9Vi2H6cvdbqIn0nkZeVRySFjhdwg1IpFHKA2sGKirOdHpA5EdOBxyUpQUfIy0jwY2eZ2BH=w180-h180-l90-rj,,捨不得又沒資格,Da Yin,"7月 17, 2026",137043,"71 3 舍不得又没资格 Da Yin 7月 17, 2026 74 5 137,043"
2026-09-20,tw,Taiwan,top_songs_weekly,,72,https://yt3.googleusercontent.com/T6fJFX5iqIMZSRGM7EFLyj72Zup895Yjgh5-SVKJRlDw6qIxJpr8HoFtOgcRjFftcyKCxIg74PA6rQyP=w180-h180-l90-rj,,捨不得又沒資格,Lei Chei,,,捨不得又沒資格 Lei Chei
2026-09-20,tw,Taiwan,top_songs_weekly,,73,https://yt3.googleusercontent.com/5Jh0GBEQlMLGq1xBEtG30hTPvpV1oy184R8HHB4O13immchGEyfsMQHshLdLDIK_c6xHy_CMvnXS1imt=w180-h180-l90-rj,,偶像包袱,理想混蛋 Bestards,,,偶像包袱 理想混蛋 Bestards
2026-09-20,tw,Taiwan,top_songs_weekly,,74,https://yt3.googleusercontent.com/n3AgjXSmLDb8kOK2zehyjSUre_U30fLN-ZqEgoDkvpgvYKOoEtyjVB8TQMsupziq7Bgn93P2epyxOFM=w180-h180-l90-rj,,座位,於冬然,"2月 10, 2025",135935,"74 74 座位 于冬然 2月 10, 2025 - 3 135,935"
2026-09-20,tw,Taiwan,top_songs_weekly,,75,https://yt3.googleusercontent.com/eILdf-lBhrQdRe1-Idocoi4aOQywXHqvPvDpSCfKmyK2h9xmfi4VKN5QWvXkdzDFUIs1Tz_SoJhDYvVb=w180-h180-l90-rj,,Motto,ITZY,"4月 22, 2026",134392,"75 6 Motto ITZY 4月 22, 2026 81 9 134,392"
2026-09-20,tw,Taiwan,top_songs_weekly,,76,https://yt3.googleusercontent.com/02KMGfL6QbARplhLLOcDulvGNKxFTtsrsETRu8OjAj6Z73nYQ-sKpPCrlWLNEKeQgukyknNKGfQUeMqQ=w180-h180-l90-rj,,海海人生,陳盈潔,"2月 1, 2013",134384,"76 18 海海人生 陳盈潔 2月 1, 2013 58 5 134,384"
2026-09-20,tw,Taiwan,top_songs_weekly,,77,https://yt3.googleusercontent.com/dfTaw-LhxWVGPdbKfML-ybvDnOySHxxbyyK_yJDSxnP1GDgcaW0obc5ZeeS6cTpJ-lu-CyiyA_VyGZr2=w180-h180-l90-rj,,Dear my crazy soulmate,IU,,,Dear my crazy soulmate IU
2026-09-20,tw,Taiwan,top_songs_weekly,,78,https://yt3.googleusercontent.com/TzNBpin4Blp6wZVcpCz59MqTcEa1UbJeKEunU-rhGiZlPdfHylItSth39onY63SBSmZGxl4mKSPSmBeWfQ=w180-h180-l90-rj,,怎麼還不愛 (Why Not Love),Rosie,,,怎麼還不愛 (Why Not Love) Rosie
2026-09-20,tw,Taiwan,top_songs_weekly,,79,https://yt3.googleusercontent.com/q9vnbwdvr4hWBB3Q80l83xzUn9LXXyW7TxArA1fGpHba57SrIo8C3VlcAycsJVc92IaAdZmU34ylfi_a=w180-h180-l90-rj,,GG EZ,M.Sasuke,"5月 27, 2026",131131,"79 11 GG EZ M.Sasuke 5月 27, 2026 68 11 131,131"
2026-09-20,tw,Taiwan,top_songs_weekly,,80,https://yt3.googleusercontent.com/Mwz3liFBY6TDdXiOq588luxgppHJZuQv8g1okCAoWFUzhysnkGBbxDpD2EX-KLCkFzm5_QldMkmSv5A=w180-h180-l90-rj,,"눈, 코, 입 (EYES, NOSE, LIPS)",太陽,,,"눈, 코, 입 (EYES, NOSE, LIPS) 太陽"
2026-09-20,tw,Taiwan,top_songs_weekly,,81,https://yt3.googleusercontent.com/Fc4EM-NwY8O1nAVWivhnmIENWUfOVVGiRt535BHok0r9ydpZqtRExsPDDp0wc-ZLIW-eXPBFtH0p1T8=w180-h180-l90-rj,,不可分割,黃明志,"8月 13, 2026",130273,"81 New 不可分割 黃明志 8月 13, 2026 - 1 130,273"
2026-09-20,tw,Taiwan,top_songs_weekly,,82,https://yt3.googleusercontent.com/o4bUVF_AVhhzz1on5wide8tWjZ5L321GUg4G9foNeOIuf00M0BFj1I24pQXxhLFZJvm6XgTBGab83HuUIw=w180-h180-l90-rj,,借一場雨,en,"6月 22, 2023",128838,"82 New 借一场雨 en 6月 22, 2023 - 1 128,838"
2026-09-20,tw,Taiwan,top_songs_weekly,,83,https://yt3.googleusercontent.com/uSn-rJDySktXUKEoaQ0-DBtx6yskPigIxyrrdkUUKq3oC0Jo0xcjI7_voyo3ZH2URmx14LO9i7aZAHXK=w180-h180-l90-rj,,講袂出喙的情話,許富凱,"3月 31, 2026",127940,"83 3 講袂出喙的情話 許富凱 3月 31, 2026 80 8 127,940"
2026-09-20,tw,Taiwan,top_songs_weekly,,84,https://yt3.googleusercontent.com/nLegB4efJCWYIbUYS1kUVXxa9faci2WNrageZeTstithInYPauO6dsETkeg4BuWvtOxCGU_oRDpG5o_r=w180-h180-l90-rj,,Pop Off Pop Off,KiiiKiii,,,Pop Off Pop Off KiiiKiii
2026-09-20,tw,Taiwan,top_songs_weekly,,85,https://yt3.googleusercontent.com/qEAB_WODsFCj2sbUB87sicy4eRLdw-m3MkNBF1pF_661WO_4DBa9G4_8mBZm9iAnTCgWK4YHRFZCR5H7=w180-h180-l90-rj,,語音鈴聲,韋德WADE / 齊翔 XIANG,,,語音鈴聲 韋德WADE & 齊翔 XIANG
2026-09-20,tw,Taiwan,top_songs_weekly,,86,https://yt3.googleusercontent.com/wO-brpVQUt_3eKSI86ufqbSTPY-kQHZ9TSgwToJ8S7-pwDLgVMx7DV3MWnGocLkqwyg5eb6WGHSxCgTHaw=w180-h180-l90-rj,,SUN KISS,TUIDE (튜이드),,,SUN KISS TUIDE (튜이드)
2026-09-20,tw,Taiwan,top_songs_weekly,,87,https://yt3.googleusercontent.com/zFYEczPrSAG6InYrdt2-qZhatjvS6UGEU9ddS9KOadAAroJ3Ee2qz0YsXlh4KlXZEkRHKIz5MfS--z4c=w180-h180-l90-rj,,This & That,Stray Kids,,,This & That Stray Kids
2026-09-20,tw,Taiwan,top_songs_weekly,,88,https://yt3.googleusercontent.com/yrEYOrDzexujioIxF4uN4DfxXbEbvAQ5alB2gaiIgTOnIJSoXsmo9IYmyxZSMDskZD4CcyOQRkVkEhkTlg=w180-h180-l90-rj,,Payphone (feat. Wiz Khalifa),Maroon 5,,,Payphone (feat. Wiz Khalifa) Maroon 5
2026-09-20,tw,Taiwan,top_songs_weekly,,89,https://yt3.googleusercontent.com/e_KhStFaUpXtdfyncHtYOBGibpgdw3fVixG8H0_E8aIW6G0Op9wo4jQqWsfHCEMaI96DnhsqlHM9Yzck=w180-h180-l90-rj,,연애의 조건,BESTIE,"10月 17, 2013",120111,"89 New 연애의 조건 BESTIE 10月 17, 2013 - 1 120,111"
2026-09-20,tw,Taiwan,top_songs_weekly,,90,https://yt3.googleusercontent.com/qzxvQCc2KOrp9jt8hrYEnhGayY2ffW186dGo9nO8AY9MvvxkTWKXOC18HCRnrCCrdN-zWSFgvLunWS4=w180-h180-l90-rj,,我是真的愛上你,en,"11月 10, 2024",120046,"90 New 我是真的爱上你 en 11月 10, 2024 - 1 120,046"
2026-09-20,tw,Taiwan,top_songs_weekly,,91,https://yt3.googleusercontent.com/LM6RBLp2-wM0ZMMyBwGu1HwXiPj3OuH87g-Ksmw_avEfoG3-sEn9oYUVfn89MDuQ7vROhAXBkFiBla4A=w180-h180-l90-rj,,Animal,KATSEYE,"7月 24, 2026",119789,"91 8 Animal KATSEYE 7月 24, 2026 83 7 119,789"
2026-09-20,tw,Taiwan,top_songs_weekly,,92,https://yt3.googleusercontent.com/W7Un8lWNOjj3MVgksGNNmmVMDI9MXWyg7-gg2wZZUfNlgAGLWGIgjEy6-TYoO52YotD7p_DArEW-It0Obw=w180-h180-s-l90-rj,,開始懂,孫燕姿,"12月 7, 2000",119554,"92 ● 開始懂 孫燕姿 12月 7, 2000 92 16 119,554"
2026-09-20,tw,Taiwan,top_songs_weekly,,93,https://yt3.googleusercontent.com/FZgtqH0qtrPtk0Vn-fQqOfPUEanelSuDfPUaiR3Z7Jb_VNKYgvLQQBtExAyqUNV78UhO20SHYG3nBzAc=w180-h180-l90-rj,,하루하루,BIGBANG,"8月 8, 2008",118992,"93 4 하루하루 BIGBANG 8月 8, 2008 97 3 118,992"
2026-09-20,tw,Taiwan,top_songs_weekly,,94,https://yt3.googleusercontent.com/MVn7Ij2q0ARJH_4PompgCUrPU2ici0UpDjCOdTmwMQnjvARsjEU7T01uLX8h_BSVQ0E1uuL9XdED-XcY=w180-h180-l90-rj,,Detour,A-Lin,"4月 23, 2026",118861,"94 94 Detour A-Lin 4月 23, 2026 - 15 118,861"
2026-09-20,tw,Taiwan,top_songs_weekly,,95,https://yt3.googleusercontent.com/ccP5m_tooARZjefQAO01F0YwtATlNGODcptN1x88SZOcL0P0eoqqIBn6Xa4I6Tgwrn38mxbAiWSxjJE=w180-h180-l90-rj,,colors,Gareth.T,"5月 5, 2025",116922,"95 95 colors Gareth.T 5月 5, 2025 - 12 116,922"
2026-09-20,tw,Taiwan,top_songs_weekly,,96,https://yt3.googleusercontent.com/uGNoVpZu0jXTkXOX-qpOiHuVHqT9H8zNlU00UvlLnE0k2n0tmdJNZ3_pIQxBJN9_PwyMskOCInxTS8pW5w=w180-h180-l90-rj,,淚海,許茹芸,"3月 28, 1996",115767,"96 96 淚海 許茹芸 3月 28, 1996 - 3 115,767"
2026-09-20,tw,Taiwan,top_songs_weekly,,97,https://yt3.googleusercontent.com/Ye6ZN2JoKXqWCXMrAVjbCjZfjj5vmFtPN9Eh4MwooQHEcr9xbOwqF4s4Yp9GWrY4D4JZH5pYO30ilTOvTw=w180-h180-l90-rj,,心牆,郭靜,"5月 22, 2009",112872,"97 97 心牆 郭靜 5月 22, 2009 - 3 112,872"
2026-09-20,tw,Taiwan,top_songs_weekly,,98,https://yt3.googleusercontent.com/s1H6WLx4FU4g42yRyLgyWdwyOMfQW_5kc3zQLiYdPziSbehoMZTnMBcJJYSORT5T68q621HBiG_g-1Bc-g=w180-h180-l90-rj,,童話,光良,"1月 21, 2005",112740,"98 98 童话 光良 1月 21, 2005 - 3 112,740"
2026-09-20,tw,Taiwan,top_songs_weekly,,99,https://yt3.googleusercontent.com/9xTzbEHY-KZRUKn0sv7xmGNrPzEMoLEaAvGKwWA4at1acPjKma40lRTj1RN_0WPVidV636Y_WDE-LmQJ=w180-h180-s-l90-rj,,愛在西元前,周杰倫,"9月 14, 2001",112695,"99 New 愛在西元前 周杰倫 9月 14, 2001 - 1 112,695"
2026-09-20,tw,Taiwan,top_songs_weekly,,100,https://yt3.googleusercontent.com/8RFMBBgqMg9j_JBaTtOK-GhTlRWwCPSGtbxEHdX2sBBZ0JACuO886qh9aGD3HO7uMCZqB4zdwAeJi3Aj=w180-h180-l90-rj,,刪了一百遍 (汪蘇瀧概念創作集《聯名2》作品),A-Lin,,,删了一百遍 (汪苏泷概念创作集《联名2》作品) A-Lin
2026-09-20,jp,Japan,top_songs_weekly,,1,https://yt3.googleusercontent.com/lph_AYE9fU1VteHx7zG6DGesN-NvVDTs79j1q4DCHZS980-UryiOlKlLgtDkIBr2niDVO0WZdTg2fnA=w180-h180-l90-rj,,SaWaDiKa,LISA,"8月 27, 2026",8686982,"1 New SaWaDiKa LISA 8月 27, 2026 - 1 8,686,982"
2026-09-20,jp,Japan,top_songs_weekly,,2,https://yt3.googleusercontent.com/pi5QDwxz6w2nNShQqq_Hfgz17GISa97pP7pNbc7EwjBbkD1SF4L3uaHfarQT--6nnqPO0LmumW1YuBv0=w180-h180-l90-rj,,"Yes! 東京 (feat. SUPER DRAGON, 櫻花蘑菇, ONE N' ONLY, BUDDiiS, ICEx & Lienel)",EBiDAN Ebisu Gakuen Boys Club / 超特急 / M!LK / GNJB,,,"Yes! 東京 (feat. SUPER DRAGON, 櫻花蘑菇, ONE N' ONLY, BUDDiiS, ICEx & Lienel) EBiDAN Ebisu Gakuen Boys Club , 超特急 , M!LK & GNJB"
2026-09-20,jp,Japan,top_songs_weekly,,3,https://yt3.googleusercontent.com/3RNsv7dNTYSBpuSWmpWM6PiYgQAaCXKvi8ION2AH2OaQHc-vW5-rJW4PqztU9XGaX-5z3sMc5RMTMc8n=w180-h180-l90-rj,,It's Me,ILLIT,"4月 23, 2026",3990206,"3 1 It's Me ILLIT 4月 23, 2026 2 20 3,990,206"
2026-09-20,jp,Japan,top_songs_weekly,,4,https://yt3.googleusercontent.com/EsTVxZWnPqCU5oalIs492UmiVQLsg66BhJsmIPVXRboF6wUkiQpTpVV8VThBDxp7Myx9E7JfWixyS7j8jw=w180-h180-l90-rj,,好きすぎて滅！,M!LK,"10月 26, 2025",3763180,"4 1 好きすぎて滅！ M!LK 10月 26, 2025 3 46 3,763,180"
2026-09-20,jp,Japan,top_songs_weekly,,5,https://yt3.googleusercontent.com/f9lxXT-vZS7et6eba46HugTyEmHipxZO4mgFKt4IhX-njwUu2MKB9huUKXoTLVqaXqXn6qoqjazzIRsK2A=w180-h180-l90-rj,,爆裂愛してる,M!LK,"2月 8, 2026",3248351,"5 1 爆裂愛してる M!LK 2月 8, 2026 4 31 3,248,351"
2026-09-20,jp,Japan,top_songs_weekly,,6,https://yt3.googleusercontent.com/KSdX9T2fmIBWLfKyzqurzfjEb4jVWVnb-bdvW9oGqLkHZVakkMcOXymUGTgYSw63q1X4ui9wY-uWZUZY=w180-h180-l90-rj,,エアロピクルス,KomeAnime,,,エアロピクルス KomeAnime
2026-09-20,jp,Japan,top_songs_weekly,,7,https://yt3.googleusercontent.com/VGf2lFXKQdSyrz2g3Czj66doPtUxvJBrWDK6UFeOj8zRqS-tgs_D8FG5-8pYTX-Uh9FxZBDJIXtN1nKF=w180-h180-l90-rj,,IRIS OUT,米津玄師,"9月 14, 2025",2763731,"7 1 IRIS OUT 米津玄師 9月 14, 2025 6 52 2,763,731"
2026-09-20,jp,Japan,top_songs_weekly,,8,https://yt3.googleusercontent.com/XgS_SPt-MqOiGbJUk-lzy-I83kOKLhy0t486ZRYRABteg3g8QcCJcgaWAme0wYLxuESlbdv7lP5GoCQc=w180-h180-l90-rj,,Brand New,Mrs. GREEN APPLE,,,Brand New Mrs. GREEN APPLE
2026-09-20,jp,Japan,top_songs_weekly,,9,https://i.ytimg.com/vi/_tsGqSV1hy8/default.jpg,https://www.youtube.com/watch?v=_tsGqSV1hy8,Paradox (Live),嵐,,,Paradox (Live) 嵐
2026-09-20,jp,Japan,top_songs_weekly,,10,https://yt3.googleusercontent.com/6N7-lKoQ7_9VRbWTuOjT_TU-ddhWXCifEn7u2IzRZFkfO0x8VB33iyspK_s7s3zEHtoCxIqmr1M7o3W8=w180-h180-l90-rj,,時空超えてユニバース,M!LK,"9月 6, 2026",2304455,"10 New 時空超えてユニバース M!LK 9月 6, 2026 - 1 2,304,455"
2026-09-20,jp,Japan,top_songs_weekly,,11,https://yt3.googleusercontent.com/2-hieEVD7f79K918InakgMwDVR7M3RFPpa9BFsdJi7axTA8rrfF2psRUnBk9b8QXmiuswUxif82gxxI=w180-h180-l90-rj,,CLICK,JISOO,"9月 4, 2026",1900072,"11 New CLICK JISOO 9月 4, 2026 - 1 1,900,072"
2026-09-20,jp,Japan,top_songs_weekly,,12,https://yt3.googleusercontent.com/Wzz0WM5x_bqt9yHxXusJPDHFiBT7Enyz540b3G0vszZIFdFlyFNZEjrYbzpwHQu9bMFpVUchzs5Mtq2x=w180-h180-l90-rj,,HOT LIMIT,T.M.Revolution,,,HOT LIMIT T.M.Revolution
2026-09-20,jp,Japan,top_songs_weekly,,13,https://yt3.googleusercontent.com/2hWC0UZO4iNWZMU3kr9ytZyd2wxXGQ9fBXh7R0BAU_-Vmqx4nraoDgB2d90ZjRS__x7gBubiO90epr0v=w180-h180-l90-rj,,マイオンリー,SixTONES,"7月 11, 2026",1844353,"13 7 マイオンリー SixTONES 7月 11, 2026 20 9 1,844,353"
2026-09-20,jp,Japan,top_songs_weekly,,14,https://yt3.googleusercontent.com/Kf_3gAzWFb1fRryiS3NPToSgN0VrlPyyOf2aAeKpepqczZ0KaKBU044od2lzmYEzCX7jUgyAqxWcKqaB=w180-h180-l90-rj,,見知らぬ糸,SPITZ,"8月 6, 2026",1738294,"14 1 見知らぬ糸 SPITZ 8月 6, 2026 15 5 1,738,294"
2026-09-20,jp,Japan,top_songs_weekly,,15,https://yt3.googleusercontent.com/vMjo6Hfk7pZPrHh7KB_lo-nkP5wG-eKr6Q_wDgeAiMBudOarYYSOHISXE1zTH94Z47dSibClOxyX1YvxJA=w180-h180-s-l90-rj,,夜の踴り子,魚韻,"8月 28, 2012",1678651,"15 1 夜の踊り子 魚韻 8月 28, 2012 16 22 1,678,651"
2026-09-20,jp,Japan,top_songs_weekly,,16,https://yt3.googleusercontent.com/yUy3L3aSCFlq55ksK9MZfE5ydSsMK9L9cRGMLtk5nP7LlZQ0OKMtN4ozRxV-b7z3otvlYxPHY8NNL6ZCng=w180-h180-l90-rj,,Missing,BE:FIRST,,,Missing BE:FIRST
2026-09-20,jp,Japan,top_songs_weekly,,17,https://yt3.googleusercontent.com/OlsyF8L82chwdoVqON-g5H3BsEEgA0zSIYU_6SIZgMtLe0QzZPxzno91C6zJktuon6rjAv_UbmggkO_vyQ=w180-h180-l90-rj,,BAD,ATEEZ,"5月 22, 2026",1567356,"17 1 BAD ATEEZ 5月 22, 2026 18 9 1,567,356"
2026-09-20,jp,Japan,top_songs_weekly,,18,https://yt3.googleusercontent.com/LZ8HaiEreF7ZMDItie1g7qHYv1wAOfSHbaWCYXx1NiWOiabSl7jXLIQo99F2ZLK3_aB4XE4n7HuXeDM=w180-h180-l90-rj,,罪と罰と雨とキス,M!LK,"8月 2, 2026",1527226,"18 8 罪と罰と雨とキス M!LK 8月 2, 2026 10 6 1,527,226"
2026-09-20,jp,Japan,top_songs_weekly,,19,https://yt3.googleusercontent.com/M4bB0irofPba8FycQvSocd8s8grxq-B547-2YuI5zqlTcfkDCk8tn5bkZF3ZJHA1yGeSM81SZo0bVRkd=w180-h180-l90-rj,,戀、はじめました。,=LOVE,"8月 3, 2026",1455362,"19 5 恋、はじめました。 =LOVE 8月 3, 2026 14 2 1,455,362"
2026-09-20,jp,Japan,top_songs_weekly,,20,https://yt3.googleusercontent.com/--dS0_9xMXyIFWStFbsQ0jah-zJzKj59hS4qg1kOFNSSbyJsRja0Unk_gmd3qjbRjRAO_EHbUdBQwaM=w180-h180-l90-rj,,You!Joy!Parade!,M!LK,,,You!Joy!Parade! M!LK
2026-09-20,jp,Japan,top_songs_weekly,,21,https://yt3.googleusercontent.com/KSdX9T2fmIBWLfKyzqurzfjEb4jVWVnb-bdvW9oGqLkHZVakkMcOXymUGTgYSw63q1X4ui9wY-uWZUZY=w180-h180-l90-rj,,エアロピクルス,KomeAnime,,,エアロピクルス KomeAnime
2026-09-20,jp,Japan,top_songs_weekly,,22,https://yt3.googleusercontent.com/hupg9jwXRD_bYZ16qkzCXR3B_ldNn6xqlmcayLXNSxKVejFdsbkJPColBbGdI4P_7HxqDB9k95k-HZz0=w180-h180-l90-rj,,AIZO,King Gnu,"1月 8, 2026",1339924,"22 4 AIZO King Gnu 1月 8, 2026 26 35 1,339,924"
2026-09-20,jp,Japan,top_songs_weekly,,23,https://yt3.googleusercontent.com/Ro8Vlisj6SSknvkg0h5_evrSzybKxa-JLghrLPhjuRgR-GSrKB6wtADFLSiTLzJ2gfjkmVlPOMFKVvI=w180-h180-l90-rj,,なんもねえ,Wasureranneyo,,,なんもねえ Wasureranneyo
2026-09-20,jp,Japan,top_songs_weekly,,24,https://yt3.googleusercontent.com/SB_m0lxwXesd96P4Vq87tYBeZkWM9Ip5AFxkpwFvb2Zf_o53MM6O0rKK3Hymaa2PM7tr9mzp2oRfmfM=w180-h180-l90-rj,,グッタイム,Snow Man,"7月 5, 2026",1272752,"24 7 グッタイム Snow Man 7月 5, 2026 17 10 1,272,752"
2026-09-20,jp,Japan,top_songs_weekly,,25,https://yt3.googleusercontent.com/9cQs0KduSbofVVmYFSG9QnSQ3yW_i_eJTQAH994ARIepsHLladdifzDoQO1oIe7oSxaADTS1ffcVVxshxQ=w180-h180-l90-rj,,lulu.,Mrs. GREEN APPLE,,,lulu. Mrs. GREEN APPLE
2026-09-20,jp,Japan,top_songs_weekly,,26,https://yt3.googleusercontent.com/4-bsUAtJW07-0dY4CN4CE1s4c2pUJmo4QC6qzsPPM8uLhYz2fCTqQ0oP5aSifGxNiiz4y3HSe32TCzWKjA=w180-h180-l90-rj,,奇跡,Snow Man,"8月 23, 2026",1234377,"26 26 奇跡 Snow Man 8月 23, 2026 - 2 1,234,377"
2026-09-20,jp,Japan,top_songs_weekly,,27,https://yt3.googleusercontent.com/Gn65QHGx26uZBC6Xtnn31y8TdqoIKqoa9az2Yw8ThFnA8EpszdJCoaCMbEiRjKa6kvStFWT9SkQHf0M=w180-h180-l90-rj,,JANE DOE,米津玄師 / 宇多田光,,,JANE DOE 米津玄師 & 宇多田光
2026-09-20,jp,Japan,top_songs_weekly,,28,https://yt3.googleusercontent.com/4f1Gy1QMjrB-7a4wZMOKD-sBQtX81jBXSnCWjzgDlVu0i2GzDKu6AL4IVlqmfkcmquxWEpfPEYH3R2Za=w180-h180-l90-rj,,灰色,Motoki Ohmori,,,灰色 Motoki Ohmori
2026-09-20,jp,Japan,top_songs_weekly,,29,https://yt3.googleusercontent.com/uovI8J81hjakuiKnnVMtDHbum2lgfRDsydZAWfL9oIHhCIXvOHaCF33vGRV3rLdCWcsgelBu5dLtrEi4=w180-h180-l90-rj,,スパークル,RADWIMPS,"8月 24, 2016",1191184,"29 29 スパークル RADWIMPS 8月 24, 2016 - 52 1,191,184"
2026-09-20,jp,Japan,top_songs_weekly,,30,https://yt3.googleusercontent.com/4-bsUAtJW07-0dY4CN4CE1s4c2pUJmo4QC6qzsPPM8uLhYz2fCTqQ0oP5aSifGxNiiz4y3HSe32TCzWKjA=w180-h180-l90-rj,,show time...,Snow Man,,,show time... Snow Man
2026-09-20,jp,Japan,top_songs_weekly,,31,https://yt3.googleusercontent.com/QBSfF_JrGV2dj3wudQTGdLOLYEJHPxKEQiLwolguUTLDxO26L_2pIQ6rF580Kum76IMBUWCF_sZfu_A=w180-h180-s-l90-rj,,マリーゴールド,愛繆,"9月 11, 2019",1151338,"31 31 マリーゴールド 愛繆 9月 11, 2019 - 66 1,151,338"
2026-09-20,jp,Japan,top_songs_weekly,,32,https://yt3.googleusercontent.com/F_g3-hPfox6ELZQ9PPDIjekl5PaxxHizEW-8mC3g2PxyL7FNg_31H0cHZN_JoYwJmIFGo1UJ39MDD9ueXQ=w180-h180-l90-rj,,烏 - Raven,米津玄師,"6月 14, 2026",1135368,"32 2 烏 - Raven 米津玄師 6月 14, 2026 30 13 1,135,368"
2026-09-20,jp,Japan,top_songs_weekly,,33,https://yt3.googleusercontent.com/BZz4hKfVn8t_4GvlrU8wg91C1Mgy4ZbLR7UonQkeAGnOjzIFhnZTrwgt49TTmIFffkSB9wv08Q1ePolzMA=w180-h180-l90-rj,,うさぎラップ (リズム感のある者たちver.),小澤亞李 / Momonga(CV:Iguchi Yuka) / Mermaid(CV:Oki Saeko) / Mermaid(CV:Nanase Ayaka),,,"うさぎラップ (リズム感のある者たちver.) 小澤亞李 , Momonga(CV:Iguchi Yuka) , Mermaid(CV:Oki Saeko) & Mermaid(CV:Nanase Ayaka)"
2026-09-20,jp,Japan,top_songs_weekly,,34,https://yt3.googleusercontent.com/MgO6Idy69BFCLxOd-EGfcnPfeAcaxJ0rgshtav2L_0lpJ2uieN8IJJd2NpfyyMF_I__lBFHi7Jv243b-fQ=w180-h180-l90-rj,,BPM (feat. KREVA),Kvi Baba,,,BPM (feat. KREVA) Kvi Baba
2026-09-20,jp,Japan,top_songs_weekly,,35,https://yt3.googleusercontent.com/cVxZQGN7SXN-74WZ7AS4SOP9djTgFmur6TZUv7FSGXKAWIm2BS7kUezvW52Bhca4HhvN9JB1pJkxd8-Sqw=w180-h180-l90-rj,,分かっちゃいないね (feat. 花隈千冬),monet,,,分かっちゃいないね (feat. 花隈千冬) monet
2026-09-20,jp,Japan,top_songs_weekly,,36,https://yt3.googleusercontent.com/uYSfOZNmhfBCrl_eOrxPR5rMfc2OMmcQoVUayekxm9DSIty2F-bBxuQoPGIlL_DWjLsfG5PJALNJPj_A=w180-h180-l90-rj,,So Honey,King & Prince,,,So Honey King & Prince
2026-09-20,jp,Japan,top_songs_weekly,,37,https://i.ytimg.com/vi/57V50MOYeno/default.jpg,https://www.youtube.com/watch?v=57V50MOYeno,Never Fade Love (Live),KEY TO LIT,,,Never Fade Love (Live) KEY TO LIT
2026-09-20,jp,Japan,top_songs_weekly,,38,https://yt3.googleusercontent.com/eStzvod6NdnP0Ny66WGhgVVCbUPwpiKVNg57IQhJbtmjgFITwz-kjIUnDV6QGNvr1-eEzf4vdZGovDkP=w180-h180-l90-rj,,洗脳 (feat. 初音未來),DECO*27,,,洗脳 (feat. 初音未來) DECO*27
2026-09-20,jp,Japan,top_songs_weekly,,39,https://yt3.googleusercontent.com/FW_0tTP7sm5khu3_GuXulxLaqyJZlruwEfWTfC9WxNwlzlBN7m2qAhaBrzoAkY_Q16tbs9Ncf2G7QxVS=w180-h180-l90-rj,,アイドルパワー,M!LK,"4月 26, 2026",968321,"39 20 アイドルパワー M!LK 4月 26, 2026 19 20 968,321"
2026-09-20,jp,Japan,top_songs_weekly,,40,https://i.ytimg.com/vi/pCgtZuQhv7Y/default.jpg,https://www.youtube.com/watch?v=pCgtZuQhv7Y,セレナーデ(Live),natori,,,セレナーデ(Live) natori
2026-09-20,jp,Japan,top_songs_weekly,,41,https://yt3.googleusercontent.com/5u_zvf-4Ilo4EEzAPWHaz2mph0nb1rnJQkGyXa8NlLysdidR_5JRhJIyjwOUMPwcNwi8jEjIP4N-ROr4yw=w180-h180-l90-rj,,島のうた (セイレーンver.),鈴木實裡 / Mermaid(CV:Oki Saeko) / Mermaid(CV:Nanase Ayaka),,,"島のうた (セイレーンver.) 鈴木實里 , Mermaid(CV:Oki Saeko) & Mermaid(CV:Nanase Ayaka)"
2026-09-20,jp,Japan,top_songs_weekly,,42,https://yt3.googleusercontent.com/3vGk0uytw9Q3AtjQqFn_U9rSTir9yT92SONMiwypEjOweZTbQ-fI3yA4g5Q9yt9sVKodxBvgrvaVNfs=w180-h180-l90-rj,,Samba de Night Fever,ONE N' ONLY,,,Samba de Night Fever ONE N' ONLY
2026-09-20,jp,Japan,top_songs_weekly,,43,https://yt3.googleusercontent.com/Rf8A6XhWrkgM_EI0WTVqMBYIxT2sdvhzPRJ0dcKh4mx9d3J7WsIovsSKrHuOzgG3H4iUoDX-LkzemE2Z8w=w180-h180-l90-rj,,夜鷹,米津玄師,"7月 12, 2026",890229,"43 6 夜鷹 米津玄師 7月 12, 2026 37 9 890,229"
2026-09-20,jp,Japan,top_songs_weekly,,44,https://yt3.googleusercontent.com/do1iyqzPKD9eESgYjlOUCikqu2uozHvGZdVoEiXdM240_tUl3JPvDc9QTgeqonWo12yITcJozgeXMYmF=w180-h180-s-l90-rj,,盛れ！ミ・アモーレ,Juice=Juice,,,盛れ！ミ・アモーレ Juice=Juice
2026-09-20,jp,Japan,top_songs_weekly,,45,https://yt3.googleusercontent.com/9RSL5x_wGhc-ReyzsHY4wB5Hoe_OxO56YOPDyURbkLwXNP5h6wZ-IslNTvvV0Ob7rlRqU2ozWaJMVa-t=w180-h180-l90-rj,,Five,嵐,"3月 3, 2026",883974,"45 2 Five 嵐 3月 3, 2026 43 28 883,974"
2026-09-20,jp,Japan,top_songs_weekly,,46,https://yt3.googleusercontent.com/6UduEkejx-BNk54bRNT6VF63EpsrueamCorCZEP3k8JyvjkMJHqy2L9LONs0gx74TjK9N8LKG-su05Tz=w180-h180-l90-rj,,しおざきわんだーらんど,M!LK,,,しおざきわんだーらんど M!LK
2026-09-20,jp,Japan,top_songs_weekly,,47,https://yt3.googleusercontent.com/IpkyLNcDaD_4ttMroN5IWW-dnrPNdkBEuXr1BpufdI956fGgRZC5TAounR7kO90OTypkrgyxvf4wVJLD=w180-h180-l90-rj,,キュートなキューたい,CUTIE STREET,,,キュートなキューたい CUTIE STREET
2026-09-20,jp,Japan,top_songs_weekly,,48,https://yt3.googleusercontent.com/osLLG29xKik4jmFCyNzLLfowiS2lH_RoPFcWGMGMG1m3l4KOamUJE8-kEhU-nwoZEpfNEUfg7tU9ps8rnw=w180-h180-l90-rj,,Kiss Plan,M!LK,"1月 23, 2024",768540,"48 48 Kiss Plan M!LK 1月 23, 2024 - 29 768,540"
2026-09-20,jp,Japan,top_songs_weekly,,49,https://i.ytimg.com/vi/Y6kCZTIkQw4/default.jpg,https://www.youtube.com/watch?v=Y6kCZTIkQw4,チラチLOVE (Live),M!LK,,,チラチLOVE (Live) M!LK
2026-09-20,jp,Japan,top_songs_weekly,,50,https://yt3.googleusercontent.com/3A05TxPVW6CPEsArFaULyGm74BgnUzZds3SyI6vnRPTcx2T2ij8MJiNSn2iqNB3VvoiHfd54VR-rVjMO=w180-h180-l90-rj,,I Got Your Back,ILLIT / HANA,,,I Got Your Back ILLIT & HANA
2026-09-20,jp,Japan,top_songs_weekly,,51,https://yt3.googleusercontent.com/QQwTRL1ash-w0QC49tLqjkpB4KGBQ7jn2ylMi7dt0_S6x23SsBedjICiRK0w03DFCfG2wOAAbBU1p3sKwg=w180-h180-l90-rj,,GO GHOST,King Gnu,,,GO GHOST King Gnu
2026-09-20,jp,Japan,top_songs_weekly,,52,https://yt3.googleusercontent.com/QZ-nCmylj0GrAFhR9RWcawr1iUJZ130eFeJjpY0iQsv_8UbknnQMUlfKrdYX8qMv_Tx5cS7pAMrpILPwrw=w180-h180-l90-rj,,愛くださいませ,NOT EQUAL ME,,,愛くださいませ NOT EQUAL ME
2026-09-20,jp,Japan,top_songs_weekly,,53,https://yt3.googleusercontent.com/_RICA9AQMvaw-SLRBVDVF3rLx6pgeXvy2USuFyueQhhMGAVga26n2brDIIbjNkkYW3xv9LyUdav9rWnKvA=w180-h180-l90-rj,,LEMONADE,aespa,"5月 28, 2026",712312,"53 ● LEMONADE aespa 5月 28, 2026 53 15 712,312"
2026-09-20,jp,Japan,top_songs_weekly,,54,https://yt3.googleusercontent.com/9k1vogfmmzBTZ2vNvvTF-pm3sax0g0TUgo60i_9dhgyUSTVcid2BcX96ybplRK9LUDuYWOPVfIrgy-c=w180-h180-l90-rj,,ガチ夢中！,超特急,"5月 10, 2026",697891,"54 2 ガチ夢中！ 超特急 5月 10, 2026 52 8 697,891"
2026-09-20,jp,Japan,top_songs_weekly,,55,https://yt3.googleusercontent.com/-eilz7ECZyuENe8-rdc8QOtsLRpVH4dlEvA9kvthb0uOr0qC7t4qDxzrDCyE6Bmn9Ble9Xyutk7YG4pXww=w180-h180-l90-rj,,あぶく,YORUSHIKA,"4月 21, 2026",696668,"55 5 あぶく YORUSHIKA 4月 21, 2026 60 20 696,668"
2026-09-20,jp,Japan,top_songs_weekly,,56,https://yt3.googleusercontent.com/3fzuqT1RZMSX-6up2aNtONbnFEQDQmFu0HjX-gHrD4klV1iK-Ijco93tGgsXNws8sG6iFXuGCI1EG-Zj5g=w180-h180-s-l90-rj,,Walking with you,Novelbright,,,Walking with you Novelbright
2026-09-20,jp,Japan,top_songs_weekly,,57,https://i.ytimg.com/vi/MePfySTuk_E/default.jpg,https://www.youtube.com/watch?v=MePfySTuk_E,Moonlit(Live),Naniwa Danshi,,,Moonlit(Live) Naniwa Danshi
2026-09-20,jp,Japan,top_songs_weekly,,58,https://yt3.googleusercontent.com/EN1C_qA9tJzOdcmJD_fJ_-VUAy5OctX3AAYmSHoEucs9V2yTN7hl94T1yV1ZJEUgrhA2PQDPaxWPjXU=w180-h180-l90-rj,,モンストロ,Ado,"7月 16, 2026",675617,"58 ● モンストロ Ado 7月 16, 2026 58 5 675,617"
2026-09-20,jp,Japan,top_songs_weekly,,59,https://yt3.googleusercontent.com/2Cy4q4G7nZtnLiumxjT8H2aLwfQGGvzZ63LJJP3cfkIt4kwOECsriHpdaAg4NLEvG_jd1U-YYFNx7S2DeA=w180-h180-l90-rj,,Dance Forever,SixTONES,,,Dance Forever SixTONES
2026-09-20,jp,Japan,top_songs_weekly,,60,https://yt3.googleusercontent.com/lViFQni37MfA_DFd2x1jwJy8YxoX0RcPzVftrzqmRh3fttuKWCvuCgZct6HVLBU7a1gSjymCs0Jg0Rz9=w180-h180-l90-rj,,Mark on Me,&TEAM,,,Mark on Me &TEAM
2026-09-20,jp,Japan,top_songs_weekly,,61,https://yt3.googleusercontent.com/5u_zvf-4Ilo4EEzAPWHaz2mph0nb1rnJQkGyXa8NlLysdidR_5JRhJIyjwOUMPwcNwi8jEjIP4N-ROr4yw=w180-h180-l90-rj,,くつずれ,Hachiware,"7月 24, 2026",620018,"61 6 くつずれ Hachiware 7月 24, 2026 67 7 620,018"
2026-09-20,jp,Japan,top_songs_weekly,,62,https://i.ytimg.com/vi/7xYekUcLRs4/default.jpg,https://www.youtube.com/watch?v=7xYekUcLRs4,"「天元突破グレンラガン」 ""Libera me"" from hell",Mori Calliope,,,"「天元突破グレンラガン」 ""Libera me"" from hell Mori Calliope"
2026-09-20,jp,Japan,top_songs_weekly,,63,https://yt3.googleusercontent.com/6Ks1HBzt-dvLwo_nOBGvueMw7An7yX14n3Zf1TG67pI90G6W6AB8K4X3TZrADYF3iwzehgEV6CaWhqgv=w180-h180-l90-rj,,mosi mosi?,楽音,"4月 21, 2026",611755,"63 36 mosi mosi? 楽音 4月 21, 2026 99 17 611,755"
2026-09-20,jp,Japan,top_songs_weekly,,64,https://yt3.googleusercontent.com/RGdug9VTlwG_d3aJ7t08A_Zk9Nugk3aBJAbk9VETa5oxQnnwAemP2LmOCe_agbCIP56Q6TcZYfO2oiI=w180-h180-l90-rj,,彼方,FictionJunction,,,彼方 FictionJunction
2026-09-20,jp,Japan,top_songs_weekly,,65,https://yt3.googleusercontent.com/q9vnbwdvr4hWBB3Q80l83xzUn9LXXyW7TxArA1fGpHba57SrIo8C3VlcAycsJVc92IaAdZmU34ylfi_a=w180-h180-l90-rj,,GG EZ,M.Sasuke,"5月 27, 2026",599815,"65 ● GG EZ M.Sasuke 5月 27, 2026 65 10 599,815"
2026-09-20,jp,Japan,top_songs_weekly,,66,https://yt3.googleusercontent.com/N4Axbj_aNBB8NHG5-iZBVdQrNK0USKDWqGuqhzOFqygT1V0Lh7mbyywZ9fGAWxUH1EIIBRWPJCBBshFgOQ=w180-h180-l90-rj,,セツナハナビ,TOMORROW X TOGETHER,,,セツナハナビ TOMORROW X TOGETHER
2026-09-20,jp,Japan,top_songs_weekly,,67,https://i.ytimg.com/vi/Wv1iOXqWgnU/default.jpg,https://www.youtube.com/watch?v=Wv1iOXqWgnU,陽のあたる坂道(Live),大無限樂團,,,陽のあたる坂道(Live) 大無限樂團
2026-09-20,jp,Japan,top_songs_weekly,,68,https://yt3.googleusercontent.com/ugpyRxhD8Nqn2Jrvh3w0dxJXZGysSSBCB3INhfSh8ufeiy5YL8ZRL8lyfiLHoo6Lu1_lqm7umyX9MQ2Q=w180-h180-l90-rj,,BOOMPALA,LE SSERAFIM,,,BOOMPALA LE SSERAFIM
2026-09-20,jp,Japan,top_songs_weekly,,69,https://i.ytimg.com/vi/8OCvkuxnIuw/default.jpg,https://www.youtube.com/watch?v=8OCvkuxnIuw,真夏の果実(Live),SOUTHERN ALL STARS,,,真夏の果実(Live) SOUTHERN ALL STARS
2026-09-20,jp,Japan,top_songs_weekly,,70,https://yt3.googleusercontent.com/GJMQjmzDEQJVQFMbUkqC1LWtZNT5b_8e1Z85guteNLW4yXswHT9eVhvex6Q-kDCSHnnu-ljqz07now0=w180-h180-l90-rj,,プン☆ジェラ,ICEx,"6月 9, 2026",569750,"70 70 プン☆ジェラ ICEx 6月 9, 2026 - 2 569,750"
2026-09-20,jp,Japan,top_songs_weekly,,71,https://yt3.googleusercontent.com/Tdj9pPFAkqBj19R7UVdMGJ8WbV64j_ZK2M78er9Qb7oPMMUn6fbGkt6RqQIby4gwGz-Ux1P1hv220kuN=w180-h180-l90-rj,,スターダスト,Official髭男dism,,,スターダスト Official髭男dism
2026-09-20,jp,Japan,top_songs_weekly,,72,https://yt3.googleusercontent.com/14a6QjIC2_O_GO5U67HMjy55tDcQok8iKJaLe7mjkDF4sBEWIehrgEoKJKouZ86npuRxDJ0b2hMORXbXkw=w180-h180-l90-rj,,So Strawberry,MAZZEL,,,So Strawberry MAZZEL
2026-09-20,jp,Japan,top_songs_weekly,,73,https://i.ytimg.com/vi/T24rF_x0TmQ/default.jpg,https://www.youtube.com/watch?v=T24rF_x0TmQ,ヤラララ (feat. 重音テト),AnythingBecomeMoe,,,ヤラララ (feat. 重音テト) AnythingBecomeMoe
2026-09-20,jp,Japan,top_songs_weekly,,74,https://yt3.googleusercontent.com/ETwBaEYnSgVMoOSUi7I3GNJ8CQQveZJ51YhpZgqbK5o-00s4cpeV7q0MIhBLt1BQMvZTItOL49L1-_5D=w180-h180-s-l90-rj,,灰toダイヤモンド,BEYOOOOONDS,,,灰toダイヤモンド BEYOOOOONDS
2026-09-20,jp,Japan,top_songs_weekly,,75,https://yt3.googleusercontent.com/ebaFoRO_bbxsosJAkF3BtDSNZWECnlBMlbxohgDYJI9vZzRvNA9vXl8s4WTJSJ5eHwizKNvWxdu6ICWT=w180-h180-l90-rj,,真・運命,M!LK,"6月 16, 2026",547604,"75 46 真・運命 M!LK 6月 16, 2026 29 13 547,604"
2026-09-20,jp,Japan,top_songs_weekly,,76,https://yt3.googleusercontent.com/sX-fVgX5MilQENrtQfiJTMtVBC8kePfNYHneoLirayDWyn_h4a8tmtjCgOiee7L2VDxDpJxHmiFLqHPIEA=w180-h180-l90-rj,,BUGS LIFE,Number_i,,,BUGS LIFE Number_i
2026-09-20,jp,Japan,top_songs_weekly,,77,https://yt3.googleusercontent.com/oMb5LsLF8M_QiFm2Ydj6MhUzDRJht9tMI026XeD7XRgZGx0kKCSC9JynREGN2W9t1DHXnGNETGuYe2mR=w180-h180-l90-rj,,"アクマバライ (feat. 雨衣, Gemini (TTS) & 初音未來)",Something's off with my Vocaloid,,,"アクマバライ (feat. 雨衣, Gemini (TTS) & 初音未來) Something's off with my Vocaloid"
2026-09-20,jp,Japan,top_songs_weekly,,78,https://yt3.googleusercontent.com/c970kT0j7gv5g10WkVw089OODE1J8Z3hi3ZoMNxGoebVYOSkLyCdZs3gJ-nKJsMKaab1-wVm--EqK_VD=w180-h180-l90-rj,,イチャイチャ蟲,日向坂46,"8月 31, 2026",524005,"78 31 イチャイチャ虫 日向坂46 8月 31, 2026 47 2 524,005"
2026-09-20,jp,Japan,top_songs_weekly,,79,https://yt3.googleusercontent.com/KFLSf3T7yvXQdsx5ctiNJqqU_14vFTzAQcAhTabf0czc_5sEE7cK4U4dq4-hklnaBe0oCEuSMOe7SSC8jA=w180-h180-l90-rj,,ルート16(Live),macaroni enpitsu,,,ルート16(Live) macaroni enpitsu
2026-09-20,jp,Japan,top_songs_weekly,,80,https://yt3.googleusercontent.com/BMMkOrSrrKZc5xvGRj6D7Pz-yogkVR7DJcqPG-LnrVMA31TMB0c7Vsydgac5rwFVsUmHFhHP3YJzKO4Kgw=w180-h180-l90-rj,,総意♡So Free,CANDY TUNE,,,総意♡So Free CANDY TUNE
2026-09-20,jp,Japan,top_songs_weekly,,81,https://yt3.googleusercontent.com/qnfaDMwf8RDrJ3DRUeOkZ4HagLVmN_Kh8hunfDTvzIiGNjJAMrWQic6h1OWB_6KpJZapoXQXckHcIp7W=w180-h180-l90-rj,,Bloody Paradise,ENHYPEN,,,Bloody Paradise ENHYPEN
2026-09-20,jp,Japan,top_songs_weekly,,82,https://yt3.googleusercontent.com/DH0aS32kHSzCNLSn4n3JTR0VsgbEe8kzpXvrjA5FsEG84mmGp7Lm6AsL44EiEf4LiwrBPFLZj8eKm2Ip=w180-h180-l90-rj,,キミは都市伝説,BUDDiiS,"6月 6, 2026",506369,"82 9 キミは都市伝説 BUDDiiS 6月 6, 2026 73 4 506,369"
2026-09-20,jp,Japan,top_songs_weekly,,83,https://yt3.googleusercontent.com/mUQNHl_d_VjZ0qOOMB09OVxruItfCWen0e39yEJz4kNtp-fIRfIaJRv-pTFCd74PrfBLffF-mE80zQ=w180-h180-l90-rj,,My Heart Will Go On,Céline Dion,,,My Heart Will Go On Céline Dion
2026-09-20,jp,Japan,top_songs_weekly,,84,https://yt3.googleusercontent.com/EqXOgI6M3ZB0MAivNxyhiWAhg8s1P0kwJpUrdcUKezSU2WbgMLxYveqs23WOBWuMDUmn5cD39inEskQ=w180-h180-l90-rj,,アイドルライフメガパック,iLiFE!,,,アイドルライフメガパック iLiFE!
2026-09-20,jp,Japan,top_songs_weekly,,85,https://yt3.googleusercontent.com/FnsEZSdhreUuMDwvSBGVUAsmwv3z6Mndaxo7_gZhuN5aq7251fLU4lrfIf4pMRwxA-6JAbF2chtUIz8e=w180-h180-l90-rj,,鬼事,Kento Nakajima,,,鬼事 Kento Nakajima
2026-09-20,jp,Japan,top_songs_weekly,,86,https://yt3.googleusercontent.com/rVCuXgKTY3EbcM0GmU-UMPF9mF_UQXauJpij2dM6tAnUGO-MsmIj7WXsa9DMSfY66CQdDP9zjLaVBtfi-w=w180-h180-l90-rj,,クエスチョン,meiyo,"11月 29, 2021",486643,"86 7 クエスチョン meiyo 11月 29, 2021 79 15 486,643"
2026-09-20,jp,Japan,top_songs_weekly,,87,https://yt3.googleusercontent.com/Zl6lT-8KgSYiXI08I5ilE35LaWaDpVFYdBIEn_g_gJRGTBlb6xlMn4Ws226L3nMuhWl9UxRQZq5c1pZF=w180-h180-l90-rj,,REDRED,CORTIS,"4月 20, 2026",483782,"87 87 REDRED CORTIS 4月 20, 2026 - 10 483,782"
2026-09-20,jp,Japan,top_songs_weekly,,88,https://yt3.googleusercontent.com/3WkYPuESPl5D5CEelsEihKjOqAxVrBUYV9BwpKuUrQbCRITrUezDmg8K6WP8HYg7BxQaxmurzbGG90UWoQ=w180-h180-l90-rj,,"ありふれた世界の果てに (feat. Awich, CHICO CARLITO, ONE OK ROCK & Paledusk)",YAO,,,"ありふれた世界の果てに (feat. Awich, CHICO CARLITO, ONE OK ROCK & Paledusk) YAO"
2026-09-20,jp,Japan,top_songs_weekly,,89,https://yt3.googleusercontent.com/RY05gtq0QBpHOt3NnOlIrkswFQPmh8zKhI8kS20s6thuJsDd0uZa-pRCS0oaRgWk2Z9XxMfPb9BAIdzc=w180-h180-l90-rj,,好きでいて,Ado,"9月 6, 2026",465045,"89 New 好きでいて Ado 9月 6, 2026 - 1 465,045"
2026-09-20,jp,Japan,top_songs_weekly,,90,https://yt3.googleusercontent.com/zFYEczPrSAG6InYrdt2-qZhatjvS6UGEU9ddS9KOadAAroJ3Ee2qz0YsXlh4KlXZEkRHKIz5MfS--z4c=w180-h180-l90-rj,,This & That,Stray Kids,,,This & That Stray Kids
2026-09-20,jp,Japan,top_songs_weekly,,91,https://yt3.googleusercontent.com/e3k5ye9zlZaAuklswAyhL0WtlSY-GT2pO8nImHlAvd2Nt6w2Upz9jZTnzDkwmHdza2vK6su-pX4x2Hg=w180-h180-l90-rj,,KO1KEYZ,KO1KEYZ,"8月 16, 2026",459127,"91 40 KO1KEYZ KO1KEYZ 8月 16, 2026 51 4 459,127"
2026-09-20,jp,Japan,top_songs_weekly,,92,https://yt3.googleusercontent.com/MZ3jvL28ERW2WNah7KVz6_yR4IYSOKPD6vP6aND9JiLvpRltJPkR5AUu8g8olDxH3df8c2ZLaummrRSh=w180-h180-l90-rj,,好き,星野源 Gen Hoshino,,,好き 星野源 Gen Hoshino
2026-09-20,jp,Japan,top_songs_weekly,,93,https://yt3.googleusercontent.com/vp1M4sPY4qAKebggZtSMVYyFq1YI6ANUG0ktBgZMgRJd7WFG1C6apLtFyYWNPWOiJNGOudt_xqNo4rNY=w180-h180-l90-rj,,ループザルーム (feat. 初音未來),rusino,,,ループザルーム (feat. 初音未來) rusino
2026-09-20,jp,Japan,top_songs_weekly,,94,https://yt3.googleusercontent.com/R7pwf7-lcPvK3dxv8jMkUd4SlbVmrM-nZOFEJqnHGLQFBl4lqj1gyeWSFO5X9HZxgUhTh4KM8n0l7j_k=w180-h180-l90-rj,,Beat It,Michael Jackson,,,Beat It Michael Jackson
2026-09-20,jp,Japan,top_songs_weekly,,95,https://yt3.googleusercontent.com/vab5GPbKS5D6U99K-7G-6hdKF9I2rHL97XJe4YW1eMoCT3_isZkMOfD_Nm0IENDA0OW4ulI7jlfrTQfM=w180-h180-l90-rj,,OVERDRIVE,TWS,"10月 11, 2025",434094,"95 New OVERDRIVE TWS 10月 11, 2025 - 1 434,094"
2026-09-20,jp,Japan,top_songs_weekly,,96,https://yt3.googleusercontent.com/hWQZky15x210xRfKbBIgMW3hFAxTHhYuOhqxcKXjmM-dIUqQtfvvE-yArtUbtPmHXl6ny-RMJcusnyDcTw=w180-h180-l90-rj,,因果応報アンチノミー(Live),GNJB,,,因果応報アンチノミー(Live) GNJB
2026-09-20,jp,Japan,top_songs_weekly,,97,https://yt3.googleusercontent.com/weYQWfEwWNPOuAm34geXN1LkSYPlsJay78NnQgHC3PKsyZcdvBHIsMtqoFh3rioA4XgMdHMQd3h6vH6mbA=w180-h180-l90-rj,,Believer,Imagine Dragons,,,Believer Imagine Dragons
2026-09-20,jp,Japan,top_songs_weekly,,98,https://yt3.googleusercontent.com/moXpr_lvHpb9m70jTjr-0GE63_VyHivgmyH7UPBJmgwWPHwwmvhxDPPZtdAhCFo7CdzmzIGwBE3cn4VuCQ=w180-h180-l90-rj,,Dai Dai,Shakira / 伯納男孩,,,Dai Dai Shakira & 伯納男孩
2026-09-20,jp,Japan,top_songs_weekly,,99,https://yt3.googleusercontent.com/-Un9f6M9sTOscjp0C-1Q1m70ypjVeHF-ltn-r2dsg0PT5p8v5GUYpCz6Jdv3BK0dps535Y9oUvYWjuqnTg=w180-h180-l90-rj,,GUM&DROP,星街彗星,"8月 30, 2026",426312,"99 21 GUM&DROP 星街彗星 8月 30, 2026 78 2 426,312"
2026-09-20,jp,Japan,top_songs_weekly,,100,https://i.ytimg.com/vi/y1obzZVKw_o/default.jpg,https://www.youtube.com/watch?v=y1obzZVKw_o,MISMATCH,JISOO,"9月 8, 2026",424357,"100 New MISMATCH JISOO 9月 8, 2026 - 1 424,357"
2026-09-20,kr,South Korea,top_songs_weekly,,1,https://yt3.googleusercontent.com/lph_AYE9fU1VteHx7zG6DGesN-NvVDTs79j1q4DCHZS980-UryiOlKlLgtDkIBr2niDVO0WZdTg2fnA=w180-h180-l90-rj,,SaWaDiKa,LISA,"8月 27, 2026",7585460,"1 New SaWaDiKa LISA 8月 27, 2026 - 1 7,585,460"
2026-09-20,kr,South Korea,top_songs_weekly,,2,https://yt3.googleusercontent.com/OlsyF8L82chwdoVqON-g5H3BsEEgA0zSIYU_6SIZgMtLe0QzZPxzno91C6zJktuon6rjAv_UbmggkO_vyQ=w180-h180-l90-rj,,BAD,ATEEZ,"5月 22, 2026",3589848,"2 ● BAD ATEEZ 5月 22, 2026 2 11 3,589,848"
2026-09-20,kr,South Korea,top_songs_weekly,,3,https://yt3.googleusercontent.com/qO6L6WFlgHmu92fYAl9_GP1pLIjuWSafC33gAOs4E1k5BwehYyiH0JEjBgsSOxy6ByQ6ItSCs8Bxrbk35g=w180-h180-l90-rj,,LOVE ATTACK,RESCENE,,,LOVE ATTACK RESCENE
2026-09-20,kr,South Korea,top_songs_weekly,,4,https://yt3.googleusercontent.com/-evTfg9Dho5GU39Kw98B-7VuaGHIFSReaafijbIFU6ktxxz4GGtNr1epcGnnvzMTBKiCnjUrNTP1mb-F=w180-h180-l90-rj,,퇴사할게여,田小娟,"9月 7, 2026",2836794,"4 New 퇴사할게여 田小娟 9月 7, 2026 - 1 2,836,794"
2026-09-20,kr,South Korea,top_songs_weekly,,5,https://yt3.googleusercontent.com/_RICA9AQMvaw-SLRBVDVF3rLx6pgeXvy2USuFyueQhhMGAVga26n2brDIIbjNkkYW3xv9LyUdav9rWnKvA=w180-h180-l90-rj,,LEMONADE,aespa,"5月 28, 2026",2757982,"5 1 LEMONADE aespa 5月 28, 2026 4 15 2,757,982"
2026-09-20,kr,South Korea,top_songs_weekly,,6,https://yt3.googleusercontent.com/Zl6lT-8KgSYiXI08I5ilE35LaWaDpVFYdBIEn_g_gJRGTBlb6xlMn4Ws226L3nMuhWl9UxRQZq5c1pZF=w180-h180-l90-rj,,REDRED,CORTIS,"4月 20, 2026",2645284,"6 1 REDRED CORTIS 4月 20, 2026 5 21 2,645,284"
2026-09-20,kr,South Korea,top_songs_weekly,,7,https://yt3.googleusercontent.com/mJmC0SCSdDcKBWAH-XoWecJOoEamfDZEtaqbWCK3c5w68fM1tCEKHVLKYRXh7bNAHqP_tYriJCRrpND3dQ=w180-h180-l90-rj,,Pretty Girl,RESCENE,,,Pretty Girl RESCENE
2026-09-20,kr,South Korea,top_songs_weekly,,8,https://yt3.googleusercontent.com/u_BV6asN_Hpd5vvtObpp9P_nMF7iJkjpi_LWSF2NUpreyLvh_brmstqv5sWggDbOP1V4ZlEfhTVl1B7z=w180-h180-l90-rj,,BiiiG,BIGBANG,"8月 19, 2026",2569926,"8 7 BiiiG BIGBANG 8月 19, 2026 1 4 2,569,926"
2026-09-20,kr,South Korea,top_songs_weekly,,9,https://yt3.googleusercontent.com/2-hieEVD7f79K918InakgMwDVR7M3RFPpa9BFsdJi7axTA8rrfF2psRUnBk9b8QXmiuswUxif82gxxI=w180-h180-l90-rj,,CLICK,JISOO,"9月 4, 2026",2488488,"9 New CLICK JISOO 9月 4, 2026 - 1 2,488,488"
2026-09-20,kr,South Korea,top_songs_weekly,,10,https://yt3.googleusercontent.com/3RNsv7dNTYSBpuSWmpWM6PiYgQAaCXKvi8ION2AH2OaQHc-vW5-rJW4PqztU9XGaX-5z3sMc5RMTMc8n=w180-h180-l90-rj,,It's Me,ILLIT,"4月 23, 2026",2059249,"10 3 It's Me ILLIT 4月 23, 2026 7 19 2,059,249"
2026-09-20,kr,South Korea,top_songs_weekly,,11,https://yt3.googleusercontent.com/hDloZT7RQeCC_yCDeSvjzb9dioy2xoOhlzPbFXkUg3hBDPVju6FL-a9WbUPjN_mkBw-b4t1kykqcrB9X=w180-h180-l90-rj,,Deja Vu,RESCENE,"7月 2, 2025",2056991,"11 1 Deja Vu RESCENE 7月 2, 2025 10 15 2,056,991"
2026-09-20,kr,South Korea,top_songs_weekly,,12,https://yt3.googleusercontent.com/FBsKSRbF9dD9gKsMouEBNIymlDObANdcnZk4Lf_5QgTiq7V3gchHRsBXGgOLgDOOJuGkajoF5K-4qeA=w180-h180-l90-rj,,RUDE!,Hearts2Hearts,,,RUDE! Hearts2Hearts
2026-09-20,kr,South Korea,top_songs_weekly,,13,https://yt3.googleusercontent.com/ver3z_mWOKJkKkWopYRmrVbc59YVtLM14D5zl0sf1m-_6eDVCqPYtpI5Kv-xaCtn9cWqT12tJJLuE65ckA=w180-h180-l90-rj,,또또,任英雄,"9月 7, 2026",1856602,"13 New 또또 任英雄 9月 7, 2026 - 1 1,856,602"
2026-09-20,kr,South Korea,top_songs_weekly,,14,https://yt3.googleusercontent.com/lNOryqmyqEA6mK1YzJJY2cRvTGFRU7fdma_s_krdREDlZm18Dlgeb8cJ1OaLdSvOYCeE-jkwlTXzJj93=w180-h180-l90-rj,,꿈꾸던 어른이 되었나요?,MEOMURU,,,꿈꾸던 어른이 되었나요? MEOMURU
2026-09-20,kr,South Korea,top_songs_weekly,,15,https://yt3.googleusercontent.com/FCzHvDiPq13bHM4G1lzj_wN1fg78iCfwuDHvjHca9gCD_aNDrj0RjYvQXK_ZxXReOrh4GfgFQFgwXZA=w180-h180-l90-rj,,갑자기,I.O.I,"5月 19, 2026",1787722,"15 2 갑자기 I.O.I 5月 19, 2026 13 17 1,787,722"
2026-09-20,kr,South Korea,top_songs_weekly,,16,https://yt3.googleusercontent.com/trhero5UCoGc4OguktsWuF-jqvj2DVShQjwlLyGgZCDwauKMH4fVUhpW6mptNHdi4lGdKfH-Qq4vaUqC=w180-h180-l90-rj,,Skibidi,少女時代,"8月 31, 2026",1722743,"16 New Skibidi 少女時代 8月 31, 2026 - 1 1,722,743"
2026-09-20,kr,South Korea,top_songs_weekly,,17,https://yt3.googleusercontent.com/nLegB4efJCWYIbUYS1kUVXxa9faci2WNrageZeTstithInYPauO6dsETkeg4BuWvtOxCGU_oRDpG5o_r=w180-h180-l90-rj,,Pop Off Pop Off,KiiiKiii,,,Pop Off Pop Off KiiiKiii
2026-09-20,kr,South Korea,top_songs_weekly,,18,https://yt3.googleusercontent.com/qgO7EUPFJ-k8Eewe-C2wHxuEW6ZLY8aEysMY3MqztXY5dmMZB6Q_glS6dhXdI90AmViq4bRmboeNfTAw=w180-h180-l90-rj,,Bansanka,太妍,"6月 29, 2026",1440323,"18 3 Bansanka 太妍 6月 29, 2026 15 11 1,440,323"
2026-09-20,kr,South Korea,top_songs_weekly,,19,https://yt3.googleusercontent.com/fSZeOU1r1CCaRPaXHA-oLYcZbJ59nenUQs5NJJp_hWpSkOMgOqpr-zOHqpFBFBJrXz_lAn8Nr5A1r2K1mw=w180-h180-l90-rj,,Good Goodbye,HWASA,,,Good Goodbye HWASA
2026-09-20,kr,South Korea,top_songs_weekly,,20,https://yt3.googleusercontent.com/KkiZjgUI7ADMjnfu90T8szhJ3CqljSdGDIpo3iNmOltOgewijZyI_Z2TQiXDdCN2jlozAVXNjuiyiSsL=w180-h180-l90-rj,,캐치 캐치,YENA,"3月 11, 2026",1339131,"20 4 캐치 캐치 YENA 3月 11, 2026 16 27 1,339,131"
2026-09-20,kr,South Korea,top_songs_weekly,,21,https://yt3.googleusercontent.com/QmXfUHRPmbCtLK3O_NNtJ4qNxiKGPV4E_O5aykhy3Ede1l_nBFeRtniDHPGu26aZAKLHWL6Aozd4rToO=w180-h180-l90-rj,,Blue Lagoon (Korean Ver.),LEE SUHYUN,,,Blue Lagoon (Korean Ver.) LEE SUHYUN
2026-09-20,kr,South Korea,top_songs_weekly,,22,https://yt3.googleusercontent.com/geOWWU6dd49YTQ_4O_wMmBkzSORxisB3N6Wg0VlZwCXkvCFOmncUw7x3D3elDsoOLC5y-AKEP26JC_WN=w180-h180-l90-rj,,생각을 멈추다 보면,최유리 / JIN YOUNG,,,생각을 멈추다 보면 최유리 & JIN YOUNG
2026-09-20,kr,South Korea,top_songs_weekly,,23,https://yt3.googleusercontent.com/wO-brpVQUt_3eKSI86ufqbSTPY-kQHZ9TSgwToJ8S7-pwDLgVMx7DV3MWnGocLkqwyg5eb6WGHSxCgTHaw=w180-h180-l90-rj,,SUN KISS,TUIDE (튜이드),,,SUN KISS TUIDE (튜이드)
2026-09-20,kr,South Korea,top_songs_weekly,,24,https://yt3.googleusercontent.com/6-Go0PL8oj-s3M2aSVkuvTSQN-JzpEnKgMzMcp8KZpRSfoXUOA3wSF7vay_EERO0jYO5szMOPyIhdrFM=w180-h180-l90-rj,,0+0,HANRORO,"8月 4, 2025",1121678,"24 ● 0+0 HANRORO 8月 4, 2025 24 48 1,121,678"
2026-09-20,kr,South Korea,top_songs_weekly,,25,https://yt3.googleusercontent.com/dfTaw-LhxWVGPdbKfML-ybvDnOySHxxbyyK_yJDSxnP1GDgcaW0obc5ZeeS6cTpJ-lu-CyiyA_VyGZr2=w180-h180-l90-rj,,Dear my crazy soulmate,IU,,,Dear my crazy soulmate IU
2026-09-20,kr,South Korea,top_songs_weekly,,26,https://yt3.googleusercontent.com/VYJ4bYyHupJe1K4y3eWrg82IfGioP6rzeSJ0-hdTB-llJn5MbE9GCeWOA4ZwLyG7gyuYORWUbVvGMHbq=w180-h180-l90-rj,,FALLEN ANGEL,Jennie,,,FALLEN ANGEL Jennie
2026-09-20,kr,South Korea,top_songs_weekly,,27,https://yt3.googleusercontent.com/8CmQL8Y-zZj_XE3HS0FoXTGT90AikLML0o06ofb52VLElvs_Yua8cUe3x-DbYZ9JtfilhZRDgnPjDBeW6Q=w180-h180-l90-rj,,404 (New Era),KiiiKiii,,404,404 (New Era) KiiiKiii
2026-09-20,kr,South Korea,top_songs_weekly,,28,https://yt3.googleusercontent.com/qO6L6WFlgHmu92fYAl9_GP1pLIjuWSafC33gAOs4E1k5BwehYyiH0JEjBgsSOxy6ByQ6ItSCs8Bxrbk35g=w180-h180-l90-rj,,Pinball,RESCENE,"8月 27, 2024",988778,"28 ● Pinball RESCENE 8月 27, 2024 28 14 988,778"
2026-09-20,kr,South Korea,top_songs_weekly,,29,https://yt3.googleusercontent.com/EWFGLNTjKGAzb8tK4CqUwT_VFCBh_RcAB4ej1ob6vRMcfeuUO5ms4PCl9O8ZRC1y1aNaCP-k5XWyD8lL=w180-h180-l90-rj,,Vitamin ME,fromis_9,,,Vitamin ME fromis_9
2026-09-20,kr,South Korea,top_songs_weekly,,30,https://yt3.googleusercontent.com/E8sA-U-079AMOCUHpbftCjmeefhKP7TrnwlakXxdICu3Pl3-sDSzUtOZ78sCp-vN2gxSf8y0KRFEjc8=w180-h180-l90-rj,,마음의 숲,조선힙합,"4月 9, 2026",970434,"30 4 마음의 숲 조선힙합 4月 9, 2026 34 11 970,434"
2026-09-20,kr,South Korea,top_songs_weekly,,31,https://yt3.googleusercontent.com/VGf2lFXKQdSyrz2g3Czj66doPtUxvJBrWDK6UFeOj8zRqS-tgs_D8FG5-8pYTX-Uh9FxZBDJIXtN1nKF=w180-h180-l90-rj,,IRIS OUT,米津玄師,"9月 14, 2025",958120,"31 1 IRIS OUT 米津玄師 9月 14, 2025 30 52 958,120"
2026-09-20,kr,South Korea,top_songs_weekly,,32,https://yt3.googleusercontent.com/FBsKSRbF9dD9gKsMouEBNIymlDObANdcnZk4Lf_5QgTiq7V3gchHRsBXGgOLgDOOJuGkajoF5K-4qeA=w180-h180-l90-rj,,Lemon Tang,Hearts2Hearts,,,Lemon Tang Hearts2Hearts
2026-09-20,kr,South Korea,top_songs_weekly,,33,https://yt3.googleusercontent.com/fJkWGeDfXsFctKW_wyI6WJr_FIUJAJgg8cqcLPJYHOjQj0i0i0tMxuexVt3o49Gu2WBd9362s7hE8No=w180-h180-l90-rj,,BANG BANG,IVE,"2月 9, 2026",933379,"33 2 BANG BANG IVE 2月 9, 2026 35 31 933,379"
2026-09-20,kr,South Korea,top_songs_weekly,,34,https://yt3.googleusercontent.com/e_KhStFaUpXtdfyncHtYOBGibpgdw3fVixG8H0_E8aIW6G0Op9wo4jQqWsfHCEMaI96DnhsqlHM9Yzck=w180-h180-l90-rj,,연애의 조건,BESTIE,"10月 17, 2013",916809,"34 19 연애의 조건 BESTIE 10月 17, 2013 53 2 916,809"
2026-09-20,kr,South Korea,top_songs_weekly,,35,https://yt3.googleusercontent.com/sXqRmGk_AI1i0OF4SUDGNKz53RI2HqoafFD2zqDQaVfkRKL9BIy0tuAR0QWtu9cWUQ5VJ3eraRn8DJif=w180-h180-l90-rj,,Blue Valentine,NMIXX,,,Blue Valentine NMIXX
2026-09-20,kr,South Korea,top_songs_weekly,,36,https://yt3.googleusercontent.com/wTjQxh9T-Xrv5OH1qOKOuPnTHTIUypDnSNi3Frrw2Jrhv-bWMvo2PX7X_vruNJNQ9qlNP5tMYOv03o46=w180-h180-l90-rj,,행복하지 말아요,M.C THE MAX,,,행복하지 말아요 M.C THE MAX
2026-09-20,kr,South Korea,top_songs_weekly,,37,https://yt3.googleusercontent.com/bMQLAiYFfeh4rRtPoMKMYJLpk9giBfDjoAnHCBsGh4EhuR-5eVjf9UUEg-cgC0cqEPwUIW3AU7R7jtWqCw=w180-h180-l90-rj,,Heavy Serenade,NMIXX,,,Heavy Serenade NMIXX
2026-09-20,kr,South Korea,top_songs_weekly,,38,https://yt3.googleusercontent.com/FzLKj6zFEJna0gRNDeZRH4nuQwEyN-YbCaC-bIGLoia6EhirHUachdvdEdR3VdB7pArgFCW8mtpLPL0=w180-h180-l90-rj,,New Jeans,NewJeans,,,New Jeans NewJeans
2026-09-20,kr,South Korea,top_songs_weekly,,39,https://yt3.googleusercontent.com/wRXgOBgefc1ffPk_9vmhhL7XfTD27wR5OoCC34lTDv2cD4ooCYBGFjJ_PljlR5tOrKY7vuiCbAwsEQpB=w180-h180-l90-rj,,Guitarist,都敬秀,"9月 8, 2026",775411,"39 New Guitarist 都敬秀 9月 8, 2026 - 1 775,411"
2026-09-20,kr,South Korea,top_songs_weekly,,40,https://yt3.googleusercontent.com/PwQ543AKPc8tF0yUiz3e3s-Wy45l71Byt6T78PYeTB7Q0Jckq3C5d9P7faRc7OE5OTypbkxl4qFuVkI=w180-h180-l90-rj,,Less than a Lover,Jennie,,,Less than a Lover Jennie
2026-09-20,kr,South Korea,top_songs_weekly,,41,https://yt3.googleusercontent.com/4gnUGg9HAWfDNx__3ufAdMSp5-wjd0M2LqfYxJEzQCt9ijOh2ULa1qMQv7E-sj7nerzuZpxFhnDn4MY=w180-h180-l90-rj,,It's You,Han Yo-han,,,It's You Han Yo-han
2026-09-20,kr,South Korea,top_songs_weekly,,42,https://yt3.googleusercontent.com/e69laIJg50vEGlz2a76SE5JqDjDPxHxg5zybbjyu620OGfCOkjFhNoj_5b4ASXmJfKuLu8EQJOKc9c6O_w=w180-h180-l90-rj,,Please Summer!,臉紅的思春期,,,Please Summer! 臉紅的思春期
2026-09-20,kr,South Korea,top_songs_weekly,,43,https://yt3.googleusercontent.com/9CEwOrXloxvODp2tZ4Dd2zN8ukDYGd_gkQ2gbU_8JUyTsdbEYQQk5kLlhjmF0dCaC_wbN_mrUQDnlB3NjA=w180-h180-l90-rj,,알고있나요,Someday,"1月 8, 2009",769289,"43 New 알고있나요 Someday 1月 8, 2009 - 1 769,289"
2026-09-20,kr,South Korea,top_songs_weekly,,44,https://yt3.googleusercontent.com/FZgtqH0qtrPtk0Vn-fQqOfPUEanelSuDfPUaiR3Z7Jb_VNKYgvLQQBtExAyqUNV78UhO20SHYG3nBzAc=w180-h180-l90-rj,,하루하루,BIGBANG,"8月 8, 2008",767772,"44 3 하루하루 BIGBANG 8月 8, 2008 41 36 767,772"
2026-09-20,kr,South Korea,top_songs_weekly,,45,https://yt3.googleusercontent.com/wO-brpVQUt_3eKSI86ufqbSTPY-kQHZ9TSgwToJ8S7-pwDLgVMx7DV3MWnGocLkqwyg5eb6WGHSxCgTHaw=w180-h180-l90-rj,,GRLS,TUIDE (튜이드),,,GRLS TUIDE (튜이드)
2026-09-20,kr,South Korea,top_songs_weekly,,46,https://yt3.googleusercontent.com/Uj5cYGSdnLCHlw6leWNwDQ6VcjgrNTAfZ-9LAceGci14yOMTwEPlSpMaxyLLCPUVerftYRSlSmuT5t5C=w180-h180-l90-rj,,oh yeah?,史特夫·拉西,"7月 13, 2026",751991,"46 17 oh yeah? 史特夫·拉西 7月 13, 2026 29 5 751,991"
2026-09-20,kr,South Korea,top_songs_weekly,,47,https://yt3.googleusercontent.com/XNEmm81IV32mGxlJKcXaz10bSkF0ehKGpYWk2kzh2QzGioFIUHVr9rZh0ktPybBzok9CNAKL3fWGjYWt=w180-h180-l90-rj,,High Hopes,迪斯可癟三,,,High Hopes 迪斯可癟三
2026-09-20,kr,South Korea,top_songs_weekly,,48,https://yt3.googleusercontent.com/xK6zmSTXLvl7CErbpTUk2j_KcN8S06uwJr0XWZDd8UgHNq5nEUwgI5Xk2lviE-mrf1uVeVtNRmXD58js=w180-h180-l90-rj,,SPAGHETTI (feat. j-hope),LE SSERAFIM,,,SPAGHETTI (feat. j-hope) LE SSERAFIM
2026-09-20,kr,South Korea,top_songs_weekly,,49,https://yt3.googleusercontent.com/lji7vXukgyqksmzDDprtdq-a10cijGLBntXbywdbVXPFfIjUuy6Mp66VUBqjOLaugPuFKZ4WAjnQ_KFV=w180-h180-l90-rj,,DAY BY DAY (Japanese ver.),T-ara,,,DAY BY DAY (Japanese ver.) T-ara
2026-09-20,kr,South Korea,top_songs_weekly,,50,https://yt3.googleusercontent.com/ugpyRxhD8Nqn2Jrvh3w0dxJXZGysSSBCB3INhfSh8ufeiy5YL8ZRL8lyfiLHoo6Lu1_lqm7umyX9MQ2Q=w180-h180-l90-rj,,BOOMPALA,LE SSERAFIM,,,BOOMPALA LE SSERAFIM
2026-09-20,kr,South Korea,top_songs_weekly,,51,https://yt3.googleusercontent.com/xKD2qMWNDoKbVx_cn75-Mrzuffc47icgwffqsYHFEA9NVinn9L81cqd4KVzNFsdleNaTvV3DqBDnQNum=w180-h180-l90-rj,,ICONIC HEART,Hearts2Hearts,,,ICONIC HEART Hearts2Hearts
2026-09-20,kr,South Korea,top_songs_weekly,,52,https://yt3.googleusercontent.com/8bqdTDqTdS8GcoQM7K0Bkq2WfBGOTpolUMApxZZIEDqp33K4KWLAi0UWtOHbyoYnAadRpboyK4X0ezRo=w180-h180-l90-rj,,Surfin' Boy,Red Velvet,,,Surfin' Boy Red Velvet
2026-09-20,kr,South Korea,top_songs_weekly,,53,https://yt3.googleusercontent.com/Z18dZW8-1xhDJ8F1DPtstNLWZXVBAUeDTNHnUjwRaeQYqIy2cgQARu0V_tty4BPU7CzmpZc-lmFeiAT0cA=w180-h180-l90-rj,,ヒロイン,back number,,,ヒロイン back number
2026-09-20,kr,South Korea,top_songs_weekly,,54,https://yt3.googleusercontent.com/rPEeKAbGWakUfCArlymVjzCjVkLPuTSmwxtqKJhwqhQkQg24703KRcfz8ePy0YcwCuYxqq-zG1pdro4tNQ=w180-h180-l90-rj,,Runaway,RESCENE,"4月 8, 2026",638390,"54 6 Runaway RESCENE 4月 8, 2026 60 16 638,390"
2026-09-20,kr,South Korea,top_songs_weekly,,55,https://i.ytimg.com/vi/JNy_pVfs6yQ/default.jpg,https://www.youtube.com/watch?v=JNy_pVfs6yQ,Forever Has Always Been,Redoor,,,Forever Has Always Been Redoor
2026-09-20,kr,South Korea,top_songs_weekly,,56,https://yt3.googleusercontent.com/q9vnbwdvr4hWBB3Q80l83xzUn9LXXyW7TxArA1fGpHba57SrIo8C3VlcAycsJVc92IaAdZmU34ylfi_a=w180-h180-l90-rj,,GG EZ,M.Sasuke,"5月 27, 2026",620766,"56 10 GG EZ M.Sasuke 5月 27, 2026 46 11 620,766"
2026-09-20,kr,South Korea,top_songs_weekly,,57,https://yt3.googleusercontent.com/11-lUqjwKCLRnBMpLku7HkxVP7W3PjYPGfNgGfkNRP1Af93vrCuknnQ_bufvwod0qnRoH8M-93bNF124=w180-h180-l90-rj,,"국어별동대 (feat. 평학, 모양몬, 수쟁 & 포구)",백앤아,,,"국어별동대 (feat. 평학, 모양몬, 수쟁 & 포구) 백앤아"
2026-09-20,kr,South Korea,top_songs_weekly,,58,https://yt3.googleusercontent.com/RFK4wHeGqwI3DndbARbRJB21IC0TcmqnrlyjxYK7T-nC8wlIVbfxNaCIFKNvSpchDKmYyVLe1RN36w=w180-h180-l90-rj,,Die With A Smile,Lady Gaga / Bruno Mars,,,Die With A Smile Lady Gaga & Bruno Mars
2026-09-20,kr,South Korea,top_songs_weekly,,59,https://yt3.googleusercontent.com/RifzLSVDDf4c_A1Zlj47kBn_pXS6bKuzSPfppTyKedlKHkFsKsef5-n2xCoAYX-DqSFBDJKqEOBz9mM=w180-h180-l90-rj,,WDA (Whole Different Animal) (feat. G-Dragon),aespa,,,WDA (Whole Different Animal) (feat. G-Dragon) aespa
2026-09-20,kr,South Korea,top_songs_weekly,,60,https://yt3.googleusercontent.com/oxvPdufUqRnljQq602qdOxMIEI0TbcbGoOAejIWKpn6dW6-HqLORTUA3r1IaA49OOVOtuBQYKaxVw8EM=w180-h180-s-l90-rj,,버블 러브 (Bubble Love),MC 몽 & 서인영,,,버블 러브 (Bubble Love) MC 몽 & 서인영
2026-09-20,kr,South Korea,top_songs_weekly,,61,https://yt3.googleusercontent.com/qnfaDMwf8RDrJ3DRUeOkZ4HagLVmN_Kh8hunfDTvzIiGNjJAMrWQic6h1OWB_6KpJZapoXQXckHcIp7W=w180-h180-l90-rj,,Bloody Paradise,ENHYPEN,,,Bloody Paradise ENHYPEN
2026-09-20,kr,South Korea,top_songs_weekly,,62,https://yt3.googleusercontent.com/vFrGGXn1ojqf2SPqs30NjkTtizKB1D4S3kMSkuY7PCYvf-I-NTiqLMEPKNFbB4RlhlPz_BYo8YKrhnA=w180-h180-l90-rj,,Ling Ling,黑裙子,"9月 25, 2021",514777,"62 5 Ling Ling 黑裙子 9月 25, 2021 67 19 514,777"
2026-09-20,kr,South Korea,top_songs_weekly,,63,https://yt3.googleusercontent.com/tWpnpj54it40nled-B8dn2cjvrY1opqRlN16JMY6_WBlwAtjiKs8HpljiK3pnUIsIgdN44ZeKgyee7Is=w180-h180-l90-rj,,행복한 나를,Ha Yea Song,,,행복한 나를 Ha Yea Song
2026-09-20,kr,South Korea,top_songs_weekly,,64,https://yt3.googleusercontent.com/ay5c6MEsWgxCx-81O3lmJXq1CtwsGKmP3uPju7uCq4OGyITHUOXhZyBAuD3j6a2Dk4FkjF60wEcE9-JJtA=w180-h180-l90-rj,,Blue,BIGBANG,"2月 21, 2012",486779,"64 7 Blue BIGBANG 2月 21, 2012 71 23 486,779"
2026-09-20,kr,South Korea,top_songs_weekly,,65,https://yt3.googleusercontent.com/UJ0Xm8gTPZD-oAYXDsRiafVjizIzdk5jYw_8r3GyXLr9lduwTyyZylvy3yEtvPRQ4hxVeoczfiWcY-0rXA=w180-h180-l90-rj,,螺旋(Acoustic),9Lana,,,螺旋(Acoustic) 9Lana
2026-09-20,kr,South Korea,top_songs_weekly,,66,https://yt3.googleusercontent.com/CwtUqDJhEnd9U_GyRBTwrRE0lpNwIgw6ugIlJLbP9EC91DKzgWz1WEo3cmcsdDybIEzTkrZaz_hNttJx=w180-h180-l90-rj,,춤,BABYMONSTER,"5月 4, 2026",476943,"66 2 춤 BABYMONSTER 5月 4, 2026 68 19 476,943"
2026-09-20,kr,South Korea,top_songs_weekly,,67,https://yt3.googleusercontent.com/nLegB4efJCWYIbUYS1kUVXxa9faci2WNrageZeTstithInYPauO6dsETkeg4BuWvtOxCGU_oRDpG5o_r=w180-h180-l90-rj,,Candy Pink Magic Hole Flip Phone,KiiiKiii,,,Candy Pink Magic Hole Flip Phone KiiiKiii
2026-09-20,kr,South Korea,top_songs_weekly,,68,https://yt3.googleusercontent.com/1QqXT3ooe9cJRqbreVVHFYm5oNxK6LdNQwwoUBipknidBjLfdBZhKj6CB0_8K8j7MMqP_uvURP-ZZYZb=w180-h180-l90-rj,,Bloom,RESCENE,"11月 25, 2025",469398,"68 1 Bloom RESCENE 11月 25, 2025 69 10 469,398"
2026-09-20,kr,South Korea,top_songs_weekly,,69,https://yt3.googleusercontent.com/c_TVJhHdMRfb_qPe0HqX6HVEWRpB23nK_jlfCGUYaUvmwLlFxhn4LeA_TTdzQcs2DCk5kaOlvVpy3w=w180-h180-l90-rj,,뱅뱅뱅,BIGBANG,"6月 1, 2015",463627,"69 5 뱅뱅뱅 BIGBANG 6月 1, 2015 74 30 463,627"
2026-09-20,kr,South Korea,top_songs_weekly,,70,https://yt3.googleusercontent.com/LmfNDWlowh6I-aCPEDCNEcQqjBLangw3lzqFzcJf_UqTZJdSkdcMqA4nq2K52YGpwX1pntkbG86tmm4n=w180-h180-l90-rj,,너에게 쓰는 편지 (feat. Lyn),MC夢,,,너에게 쓰는 편지 (feat. Lyn) MC夢
2026-09-20,kr,South Korea,top_songs_weekly,,71,https://yt3.googleusercontent.com/RhzE_EO7604dxbBpxf25kf7HxsZGMVrka1fh5nVPRI2qLZGpFw8401MQ5bVEaHPnx6K7_IfspWOXCZqYbA=w180-h180-l90-rj,,One-sided love (Live) (feat. 최유리),JIN YOUNG,,,One-sided love (Live) (feat. 최유리) JIN YOUNG
2026-09-20,kr,South Korea,top_songs_weekly,,72,https://yt3.googleusercontent.com/8zicbEdxj5_mABYY_xV3gdGhiMN2tCNkSjYjm7o2GYnqCBAyy3hEmb2_kwUWrxTVg7wLQC72JZYFUpQj=w180-h180-l90-rj,,question mark (feat. 崔子 & Zion.T),primary,,,question mark (feat. 崔子 & Zion.T) primary
2026-09-20,kr,South Korea,top_songs_weekly,,73,https://yt3.googleusercontent.com/EdNJjhXdXsIZ_CsSy-TDp4pE3k5vMJYj5HKf2h0D1CfRgAsto97_x5V822B6wY0b8z-3WlJD35vOHzPf=w180-h180-l90-rj,,HEADLOCK,Luci Gang,,,HEADLOCK Luci Gang
2026-09-20,kr,South Korea,top_songs_weekly,,74,https://yt3.googleusercontent.com/1AnlskFH3AxdN6oUzTSUAtnHvdqN3U2hhG3VNkAUK-c1IizoHVWdAdPHTeqv32ZQ7VuHj_ibc2S1cGY=w180-h180-l90-rj,,ブレインロット (feat. 重音テト),Tokyo Manaka,,,ブレインロット (feat. 重音テト) Tokyo Manaka
2026-09-20,kr,South Korea,top_songs_weekly,,75,https://yt3.googleusercontent.com/Gb9joSO9tJSeELYngpb2rEqysu4kSVndwm-VoODSy_f6yxrdtBIse4aYnrrM8e3lr5_ptb-RJ2bI2rw=w180-h180-l90-rj,,MAGIC,MONSTA X,"9月 4, 2026",446017,"75 New MAGIC MONSTA X 9月 4, 2026 - 1 446,017"
2026-09-20,kr,South Korea,top_songs_weekly,,76,https://yt3.googleusercontent.com/QVIqwyEsLRNFV1xpXYEzAs3MlCqaXRisUA5jBWaD-cvZZNaCWJ4NatOna-qz57ox-qDVGgpY63LXQRU07w=w180-h180-s-l90-rj,,응급실,izi,"4月 19, 2005",444478,"76 76 응급실 izi 4月 19, 2005 - 18 444,478"
2026-09-20,kr,South Korea,top_songs_weekly,,77,https://yt3.googleusercontent.com/x2aF7DgRCcroZKLTsHLI_5zhU1DGc21y04BTdfi3YY3Vwca97lnsQ0hIcF6EBDKhGMhYK4VKkqtuDLuT=w180-h180-l90-rj,,CROOKED,G-Dragon,,,CROOKED G-Dragon
2026-09-20,kr,South Korea,top_songs_weekly,,78,https://yt3.googleusercontent.com/ver3z_mWOKJkKkWopYRmrVbc59YVtLM14D5zl0sf1m-_6eDVCqPYtpI5Kv-xaCtn9cWqT12tJJLuE65ckA=w180-h180-l90-rj,,Please Be Happy,任英雄,,,Please Be Happy 任英雄
2026-09-20,kr,South Korea,top_songs_weekly,,79,https://yt3.googleusercontent.com/LM6RBLp2-wM0ZMMyBwGu1HwXiPj3OuH87g-Ksmw_avEfoG3-sEn9oYUVfn89MDuQ7vROhAXBkFiBla4A=w180-h180-l90-rj,,Animal,KATSEYE,"7月 24, 2026",434900,"79 21 Animal KATSEYE 7月 24, 2026 58 7 434,900"
2026-09-20,kr,South Korea,top_songs_weekly,,80,https://yt3.googleusercontent.com/Rf-BNrKwVW_VBdOiq6NbJwEasR4WRlsnFoLfq-MaLbSECamA0W7XaLiOBG5B76z1v_rOqM4YuG3FfjbU=w180-h180-l90-rj,,거짓말,BIGBANG,"8月 16, 2007",432896,"80 3 거짓말 BIGBANG 8月 16, 2007 83 14 432,896"
2026-09-20,kr,South Korea,top_songs_weekly,,81,https://yt3.googleusercontent.com/8J2SExQcgcK6emYZzhCFrsLght5KDsHpIKuVhBHIR7cKKCBqOXeGjmBq6zM5AIPlkNlpOIGyvgid-uo=w180-h180-l90-rj,,사랑을 했다 (LOVE SCENARIO),iKON,,,사랑을 했다 (LOVE SCENARIO) iKON
2026-09-20,kr,South Korea,top_songs_weekly,,82,https://yt3.googleusercontent.com/CeFlDDMsauoFNCBLDRagsRQv1FtgUxGpi3SSjhAxQDJCPUX2GLTVKy_u1MryFdbbaswqV-fEDYs-okc=w180-h180-l90-rj,,Glow Up,RESCENE,"2月 5, 2025",421995,"82 10 Glow Up RESCENE 2月 5, 2025 72 12 421,995"
2026-09-20,kr,South Korea,top_songs_weekly,,83,https://yt3.googleusercontent.com/Bd95U_9VwyKkgfPddSdAwZaurA-_bTODcv6LKK6g_1F7OlWjyqWNCiFGloZL6qRMorqFuL166dqDSuNG=w180-h180-l90-rj,,"Leave Me, Don′t Go",gitae / Baek Yeseul,,,"Leave Me, Don′t Go gitae & Baek Yeseul"
2026-09-20,kr,South Korea,top_songs_weekly,,84,https://yt3.googleusercontent.com/TT52HokQ09jWLn_B3bY3IKDmaA01h73H27Bv2GRMcXTzGbknElinpekWEyn5slUHN5ZAlQprDcaYQYkO8Q=w180-h180-l90-rj,,Invitation to Me(2026),ASHATREE / LEE YEEUN,,2026,Invitation to Me(2026) ASHATREE & LEE YEEUN
2026-09-20,kr,South Korea,top_songs_weekly,,85,https://yt3.googleusercontent.com/9CEwOrXloxvODp2tZ4Dd2zN8ukDYGd_gkQ2gbU_8JUyTsdbEYQQk5kLlhjmF0dCaC_wbN_mrUQDnlB3NjA=w180-h180-l90-rj,,내 머리가 나빠서,SS501,"1月 8, 2009",415584,"85 7 내 머리가 나빠서 SS501 1月 8, 2009 92 19 415,584"
2026-09-20,kr,South Korea,top_songs_weekly,,86,https://yt3.googleusercontent.com/b_fq_HDOw_sDE7SXoD5l7cDTSSzmuEtnvoG54vDwJ-IIcLsQBu4y4phRhbQTtcAYN3g5yhMH8BYVCHQ=w180-h180-l90-rj,,EVERYTHING,黑裙子,"1月 28, 2016",400703,"86 1 EVERYTHING 黑裙子 1月 28, 2016 85 27 400,703"
2026-09-20,kr,South Korea,top_songs_weekly,,87,https://i.ytimg.com/vi/1rAos7HClwI/default.jpg,https://www.youtube.com/watch?v=1rAos7HClwI,REDRED (Live),ITZY,,,REDRED (Live) ITZY
2026-09-20,kr,South Korea,top_songs_weekly,,88,https://yt3.googleusercontent.com/YS5XsEq-EAr0OgdLK4tWnlT9RZpFHzCV3tmmXL5Jjq8XVNB6XrjaV6x0GsYxNkM_JsjcyVJ_o4bEd2U5=w180-h180-l90-rj,,ROSE (feat. Skinny Brown & 홈보이(Homeboy)),樑洪元,,,ROSE (feat. Skinny Brown & 홈보이(Homeboy)) 樑洪元
2026-09-20,kr,South Korea,top_songs_weekly,,89,https://yt3.googleusercontent.com/u2Nk1AVbpL1o9WAoeQEwpgIeKSSnf5gkFsL-bh1zp8JU4NVas_700lf7O1ZknAWTP_JAx6zn_0gbjov2=w180-h180-l90-rj,,좋아해.. (Romance 101),喬治,,101,좋아해.. (Romance 101) 喬治
2026-09-20,kr,South Korea,top_songs_weekly,,90,https://yt3.googleusercontent.com/ver3z_mWOKJkKkWopYRmrVbc59YVtLM14D5zl0sf1m-_6eDVCqPYtpI5Kv-xaCtn9cWqT12tJJLuE65ckA=w180-h180-l90-rj,,For Us,任英雄,"9月 8, 2026",386691,"90 New For Us 任英雄 9月 8, 2026 - 1 386,691"
2026-09-20,kr,South Korea,top_songs_weekly,,91,https://i.ytimg.com/vi/VvXVuWwAG90/default.jpg,https://www.youtube.com/watch?v=VvXVuWwAG90,IF YOU (Live),BIGBANG,,,IF YOU (Live) BIGBANG
2026-09-20,kr,South Korea,top_songs_weekly,,92,https://yt3.googleusercontent.com/RjUSxo2IQhYKPtmwDmxU_nHI8UcvYfXHExiWhCSzlGGkc-C01a5Ez7VOKAS78TzMa1-qxQmO425DpkkO=w180-h180-l90-rj,,"바이, 썸머 (Live)",IU,,,"바이, 썸머 (Live) IU"
2026-09-20,kr,South Korea,top_songs_weekly,,93,https://yt3.googleusercontent.com/A0nTQjof_ndZo2etRfs185BDhGRgKrZqOx1O4wnm8GFQhNLlLSE73nXMb6w2AkroMOjSsVtpzGamUEle=w180-h180-l90-rj,,"헤어지지 못하는 여자, 떠나가지 못하는 남자 (feat. 鄭仁)",Leessang,,,"헤어지지 못하는 여자, 떠나가지 못하는 남자 (feat. 鄭仁) Leessang"
2026-09-20,kr,South Korea,top_songs_weekly,,94,https://yt3.googleusercontent.com/kpqGubLM6PZ27VMIkDsYsOQ7jD-RtW9Fiaom6WM-9Klww17WQOfxBVPhLV289HvXskXDwgJi30biO2g=w180-h180-l90-rj,,A Person Closer to Tears (2026),Monday Kiz / 李洪基,,2026,A Person Closer to Tears (2026) Monday Kiz & 李洪基
2026-09-20,kr,South Korea,top_songs_weekly,,95,https://yt3.googleusercontent.com/uAfb9FgcaidFP5yGLWwurXfajwqcl8yke4y5h5wWyvhUngdJpnNbweIkT-D4yTLl5k0TAUhBXQgTmjFz=w180-h180-l90-rj,,하늘땅 별땅,UNIS,"9月 8, 2026",375957,"95 New 하늘땅 별땅 UNIS 9月 8, 2026 - 1 375,957"
2026-09-20,kr,South Korea,top_songs_weekly,,96,https://yt3.googleusercontent.com/O3StOSgVK4_sbQqMrnMfB_4Pn0L5miJoRJX-ogVRGOWqbBcytjfa-N1Q8gc91udGtaI5az80iuv_H-0J=w180-h180-l90-rj,,처음 그 자리에,Lee Boram,,,처음 그 자리에 Lee Boram
2026-09-20,kr,South Korea,top_songs_weekly,,97,https://yt3.googleusercontent.com/eIR62ypK5TVj3K3lLp_cN6FcCUJiiyULwsdhPx1j5OOl4Iq6C3jGHX-pFAfx_4T7CLwalsfPAAiIPqWh=w180-h180-l90-rj,,心 (심),DECEMBER,"2月 19, 2023",373402,"97 97 心 (심) DECEMBER 2月 19, 2023 - 52 373,402"
2026-09-20,kr,South Korea,top_songs_weekly,,98,https://i.ytimg.com/vi/oHFQ6aKTAMw/default.jpg,https://www.youtube.com/watch?v=oHFQ6aKTAMw,Hip Song (Live),P1Harmony,,,Hip Song (Live) P1Harmony
2026-09-20,kr,South Korea,top_songs_weekly,,99,https://yt3.googleusercontent.com/ben7E4a6ZO8krQ3vAQf7n9MgSeci3-53rJkSlkuPPVJyaq-Z47eLF3uGgrXlNrCozc6XeOnvRROTy3I=w180-h180-l90-rj,,High High,GD&TOP,,,High High GD&TOP
2026-09-20,kr,South Korea,top_songs_weekly,,100,https://yt3.googleusercontent.com/ceKe2TeGIBclGIhfb1Tpb--BWtrn3eb0g4IKkoL-B132KMBWVmcrr5GkF64sE5ZyuZ6eNuvw38lDkLrNzA=w180-h180-l90-rj,,Moonride,Hearts2Hearts,,,Moonride Hearts2Hearts
2026-09-20,vn,Vietnam,top_songs_weekly,,1,https://yt3.googleusercontent.com/uFmCWed-c6lwx0dDzZU4aXMqzZ-LP7I3RdRNTvivGFIbMicy0l49wpPIzR3rn1H1wVGZnVt8gB0n8qEq=w180-h180-l90-rj,,LƯU NIÊN,Jack - J97,,,LƯU NIÊN Jack - J97
2026-09-20,vn,Vietnam,top_songs_weekly,,2,https://yt3.googleusercontent.com/71C4yZTM1c3g0xunZKa0rNrW1N0aMyNIz2HzukwxqGTwUVmDwHprns8jYlszRJAdJwYJoDPuZi49XBPMKw=w180-h180-l90-rj,,Thiên Đường Với Người Thương,Phương Mỹ Chi / DTAP,,,Thiên Đường Với Người Thương Phương Mỹ Chi & DTAP
2026-09-20,vn,Vietnam,top_songs_weekly,,3,https://yt3.googleusercontent.com/kDdv_BLRx8XXfAp9eojlkQNckFzrk4DuhhdfFENAV8t2cp3-Uliuca_1I9TstzbgrC-Iy7x6ScqrH53Y=w180-h180-l90-rj,,NGƯỜI DƯNG,Jack - J97,,,NGƯỜI DƯNG Jack - J97
2026-09-20,vn,Vietnam,top_songs_weekly,,4,https://yt3.googleusercontent.com/IF6xrt6-1gtyN9mugQylNTAePWYdQmwsNEtFQqfswgpsKXvDGaQCRVR2vrLGgY6rv2_NWdIiHiElKJ2y=w180-h180-l90-rj,,SECRET,"TINH HÀ ""SAY HI"" / Quang Hùng MasterD / CODYNAMVO / CONGB / Wren Evans",,,"SECRET TINH HÀ ""SAY HI"" , Quang Hùng MasterD , CODYNAMVO , CONGB & Wren Evans"
2026-09-20,vn,Vietnam,top_songs_weekly,,5,https://yt3.googleusercontent.com/pshcr1f39wooX5vIpwpKnDnxSpvlAs_7-_Mp1XjhnUuzfU__K8_RR4M9VxXRCXpk8FJ4OP4pDqQmG5U=w180-h180-l90-rj,,LAVIEM,"Quang Hùng MasterD / TINH HÀ ""SAY HI"" / CAPTAIN BOY / Pháp Kiều / COOLKID / 鍾定一",,,"LAVIEM Quang Hùng MasterD , TINH HÀ ""SAY HI"" , CAPTAIN BOY , Pháp Kiều , COOLKID & 鍾定一"
2026-09-20,vn,Vietnam,top_songs_weekly,,6,https://yt3.googleusercontent.com/bio5yni43VDbku_kSYxyK6n31Pys0PCvyRlqXHRj1e800MWHs3avp1IHGXdAgliWQfmnsXOye4TZfJo=w180-h180-l90-rj,,xương rồng (intro),Dangrangto / DONAL,,,xương rồng (intro) Dangrangto & DONAL
2026-09-20,vn,Vietnam,top_songs_weekly,,7,https://yt3.googleusercontent.com/IF6xrt6-1gtyN9mugQylNTAePWYdQmwsNEtFQqfswgpsKXvDGaQCRVR2vrLGgY6rv2_NWdIiHiElKJ2y=w180-h180-l90-rj,,"MRT (feat. Xuân Định K.Y, buitruonglinh, CAPTAIN BOY & HYO)","TINH HÀ ""SAY HI""",,,"MRT (feat. Xuân Định K.Y, buitruonglinh, CAPTAIN BOY & HYO) TINH HÀ ""SAY HI"""
2026-09-20,vn,Vietnam,top_songs_weekly,,8,https://i.ytimg.com/vi/oMGPJ4uE_W8/default.jpg,https://www.youtube.com/watch?v=oMGPJ4uE_W8,Gói Con Tim Làm Quà (Bò Sữa Bay Original Soundtrack),Nguyễn Hùng,,,Gói Con Tim Làm Quà (Bò Sữa Bay Original Soundtrack) Nguyễn Hùng
2026-09-20,vn,Vietnam,top_songs_weekly,,9,https://yt3.googleusercontent.com/EJhrMtlMLetQ0EIkZs1fY4sMbtMbIYHmCUYGEms8brKuY5OCjhcvdlqEWbt9-ptaxSZYwmDYWASQwn96=w180-h180-l90-rj,,Đến Khi Nào,Yanbi,,,Đến Khi Nào Yanbi
2026-09-20,vn,Vietnam,top_songs_weekly,,10,https://yt3.googleusercontent.com/lph_AYE9fU1VteHx7zG6DGesN-NvVDTs79j1q4DCHZS980-UryiOlKlLgtDkIBr2niDVO0WZdTg2fnA=w180-h180-l90-rj,,SaWaDiKa,LISA,"8月 27, 2026",2069673,"10 New SaWaDiKa LISA 8月 27, 2026 - 1 2,069,673"
2026-09-20,vn,Vietnam,top_songs_weekly,,11,https://yt3.googleusercontent.com/-cEa2wbK9kWOXuvdAVcXiUxEEj1UK9HCHv4sBL0K85B9o9Zzk4zO_eTUq0uW-K3LkU_hpuBGvHpqkpQ=w180-h180-l90-rj,,dự báo thời tiết hôm nay mưa,GREY D / Phúc Du,,,dự báo thời tiết hôm nay mưa GREY D & Phúc Du
2026-09-20,vn,Vietnam,top_songs_weekly,,12,https://yt3.googleusercontent.com/_UigUPfSaJajHPsTTPjBCIBsfOxtDfQiz_mGIlWK8WNgNEJPx7hWcM_q_7-MYJvvPfaSAMDUhXxXR9aOzQ=w180-h180-l90-rj,,KẺ SAY TÌNH - SKYNote 2025,Quốc Thiên,,2025,KẺ SAY TÌNH - SKYNote 2025 Quốc Thiên
2026-09-20,vn,Vietnam,top_songs_weekly,,13,https://yt3.googleusercontent.com/2-hieEVD7f79K918InakgMwDVR7M3RFPpa9BFsdJi7axTA8rrfF2psRUnBk9b8QXmiuswUxif82gxxI=w180-h180-l90-rj,,CLICK,JISOO,"9月 4, 2026",1443111,"13 New CLICK JISOO 9月 4, 2026 - 1 1,443,111"
2026-09-20,vn,Vietnam,top_songs_weekly,,14,https://yt3.googleusercontent.com/0UVcwU4CUjnLwfCx2zeOugD4X7mdlKtKcBM1oimBjKHLWa6hBKO-Rbwdb4YEcNO5ZDenm752jIrdbjY=w180-h180-l90-rj,,Xin Đừng Rời Xa Anh,Lê Gia Bảo,,,Xin Đừng Rời Xa Anh Lê Gia Bảo
2026-09-20,vn,Vietnam,top_songs_weekly,,15,https://yt3.googleusercontent.com/32ejT_w_pjywxNDxiRXN_9wXwizxKILlX5hxHaIK44paKFlX2MWYDBFpode8dHRNdY2cblzs6Y71miKuGQ=w180-h180-l90-rj,,Người Im Lặng Gặp Người Hay Nói,HIEUTHUHAI,,,Người Im Lặng Gặp Người Hay Nói HIEUTHUHAI
2026-09-20,vn,Vietnam,top_songs_weekly,,16,https://yt3.googleusercontent.com/MBsSXCIlM_eGu5YpvDDyfEtUwmkFDBaCtr-6qZsC_o5zamJOEL9PbnAzQE50dpyU0-iIrBSHNNVAhOU=w180-h180-l90-rj,,vết thương,Fishy,,,vết thương Fishy
2026-09-20,vn,Vietnam,top_songs_weekly,,17,https://i.ytimg.com/vi/qM9woZ4i36Q/default.jpg,https://www.youtube.com/watch?v=qM9woZ4i36Q,ANH YÊU EM (我愛你),Jack - J97,,,ANH YÊU EM (我爱你) Jack - J97
2026-09-20,vn,Vietnam,top_songs_weekly,,18,https://i.ytimg.com/vi/FNbT75NoaAI/default.jpg,https://www.youtube.com/watch?v=FNbT75NoaAI,JACK - J97 | HOA TRONG ĐÁ | Official Music Video - Album Tam Thái Tử - Track No.1,Jack - J97,,,JACK - J97 | HOA TRONG ĐÁ | Official Music Video - Album Tam Thái Tử - Track No.1 Jack - J97
2026-09-20,vn,Vietnam,top_songs_weekly,,19,https://yt3.googleusercontent.com/JXSOnsZaIGpS55uOaQSEY4okJb9V1hacx9FsrV6g8Vh6KXAvAPo-UtysQnhpmQn_otreo5kQgwDZtBgO=w180-h180-l90-rj,,Kẻ Say Tình 2 (Live),Quốc Thiên,,,Kẻ Say Tình 2 (Live) Quốc Thiên
2026-09-20,vn,Vietnam,top_songs_weekly,,20,https://i.ytimg.com/vi/wnwwK_FCWAM/default.jpg,https://www.youtube.com/watch?v=wnwwK_FCWAM,5 THÁNG,itsnk / Wren Evans,,,5 THÁNG itsnk & Wren Evans
2026-09-20,vn,Vietnam,top_songs_weekly,,21,https://yt3.googleusercontent.com/5Hol1ZJ6h469sUXUFhmOYRUKs0OoXEatDsj3Ti8qXhMFHqMPXca71naZa_cXX98_s-T25PfpqPah9w48=w180-h180-l90-rj,,Ác Mộng Đẹp,DatG Music,,,Ác Mộng Đẹp DatG Music
2026-09-20,vn,Vietnam,top_songs_weekly,,22,https://yt3.googleusercontent.com/IF6xrt6-1gtyN9mugQylNTAePWYdQmwsNEtFQqfswgpsKXvDGaQCRVR2vrLGgY6rv2_NWdIiHiElKJ2y=w180-h180-l90-rj,,THẾ GIỚI CỦA ANH,Dương Domic / buitruonglinh / CONGB / WEAN / Van Toan,,,"THẾ GIỚI CỦA ANH Dương Domic , buitruonglinh , CONGB , WEAN & Van Toan"
2026-09-20,vn,Vietnam,top_songs_weekly,,23,https://yt3.googleusercontent.com/pPXFB33cg6OkSoAG9Xbvp3cGnkXnTGWSYkUypg0vHL8IuRvIYBTYnjvhweDfjbCRf4FHXCksK2ukjio=w180-h180-l90-rj,,海嶼你,馬也Crabbit / Cole先生,,,海屿你 马也Crabbit & Cole先生
2026-09-20,vn,Vietnam,top_songs_weekly,,24,https://yt3.googleusercontent.com/_hIMG_CWHtLLCxAIGTkrPkXLW_2XQfaAajp7ul6bVWgfRwmkueiXE77BKPzhnBD4ZbUCmYeHb3abaInU_w=w180-h180-l90-rj,,Giá Như Anh Là Em,麗娟,,,Giá Như Anh Là Em 麗娟
2026-09-20,vn,Vietnam,top_songs_weekly,,25,https://yt3.googleusercontent.com/My4eY0kSvcYwWZJ_SfVF7jLR95fGoV2b83uvUMYCpRAKsX-eP1dGw5LkJEoWm6xPXf0m-X6CfMmATb90=w180-h180-l90-rj,,Tự Do Như Cơn Gió,Xanh,,,Tự Do Như Cơn Gió Xanh
2026-09-20,vn,Vietnam,top_songs_weekly,,26,https://yt3.googleusercontent.com/v4PMLQYutK_KxMRyE19-xi2SRTxhnw3dva0fXbNkgy0emuY27-PLWyDfr9-0g2v_aMVKRJ3oEaSdTmk=w180-h180-l90-rj,,Nếu Như Ta Chẳng Còn,RPT MCK,,,Nếu Như Ta Chẳng Còn RPT MCK
2026-09-20,vn,Vietnam,top_songs_weekly,,27,https://i.ytimg.com/vi/S2uRy0Gi20I/default.jpg,https://www.youtube.com/watch?v=S2uRy0Gi20I,Nhiều Hơn,Anh Ba Trứng,,,Nhiều Hơn Anh Ba Trứng
2026-09-20,vn,Vietnam,top_songs_weekly,,28,https://yt3.googleusercontent.com/N7z9OEZ2cx4yvSfVMjMtp9EdGjHzmU5DfXrFEJCA4GzyvGbmNVv5eWl6DD974oKonrAf8vE9fiPKLfo=w180-h180-l90-rj,,Sandwich & Story,MONO / EmceeDan,,,Sandwich & Story MONO & EmceeDan
2026-09-20,vn,Vietnam,top_songs_weekly,,29,https://yt3.googleusercontent.com/5d51ZlGjNP_Gss3Z3RKP7B98ASQ7pxvp4XI3IAQ3kniFFjgLPDPnR6_K3tYZGoMVvfJYXBtu3awwsTI=w180-h180-l90-rj,,Training Season,Dua Lipa,,,Training Season Dua Lipa
2026-09-20,vn,Vietnam,top_songs_weekly,,30,https://yt3.googleusercontent.com/IF6xrt6-1gtyN9mugQylNTAePWYdQmwsNEtFQqfswgpsKXvDGaQCRVR2vrLGgY6rv2_NWdIiHiElKJ2y=w180-h180-l90-rj,,MƯA VỘI PHÓNG,Wren Evans / Ali Hoàng Dương / CODY Nam Võ / HYO / 2pillz,,,"MƯA VỘI PHÓNG Wren Evans , Ali Hoàng Dương , CODY Nam Võ , HYO & 2pillz"
2026-09-20,vn,Vietnam,top_songs_weekly,,31,https://yt3.googleusercontent.com/aecAkQVUGAs31a_XBpLPgdbK6Bub7tCbXUt6t5nwGu8f_NQ2uiU53LZ9XEwi3SCYrLBhiycSsfwqFPxhNw=w180-h180-l90-rj,,Thanh Tân,VƯƠNG BÌNH,,,Thanh Tân VƯƠNG BÌNH
2026-09-20,vn,Vietnam,top_songs_weekly,,32,https://yt3.googleusercontent.com/U-Fy45spaykr_yara6v_Q-qDaQ4ISn9-W8OVgmYywXynwU4qoV8Xd-LKBksAV9qSAwCclQygParpSyg=w180-h180-l90-rj,,Em (feat. 皇杉),Binz,,,Em (feat. 皇杉) Binz
2026-09-20,vn,Vietnam,top_songs_weekly,,33,https://yt3.googleusercontent.com/MBknmxBTp0-P0ZJmS1pjsBxdzYQ9tJLK4fH3D8wOBfW6EhZbfF2i7kEsqIgj_gfGCk_2BrWKA7czhSF6=w180-h180-l90-rj,,Ngày Rời Chuyến Bay,Minh Huy / Pinny,,,Ngày Rời Chuyến Bay Minh Huy & Pinny
2026-09-20,vn,Vietnam,top_songs_weekly,,34,https://yt3.googleusercontent.com/ANgEyGYjaJYib2U14bonaeADYZH4bhrVo06ykW_OBLnZowZk6HEOTD1rvgXM6-xdv39Ct72Ceg3NH5PZ=w180-h180-l90-rj,,Ngân Hàng Nỗi Nhớ,DatG Music,,,Ngân Hàng Nỗi Nhớ DatG Music
2026-09-20,vn,Vietnam,top_songs_weekly,,35,https://yt3.googleusercontent.com/qOoJ3tOLtGogVD1R4C590js7qqxJatlhziPRpv7TU0s3a3fKJKerr_J7cxe-qP4aR5aR7txp2KQcCOrg=w180-h180-l90-rj,,In Love,Low G / JustaTee,,,In Love Low G & JustaTee
2026-09-20,vn,Vietnam,top_songs_weekly,,36,https://yt3.googleusercontent.com/xGuuDerOmXJAGz23ZlawvrQ9glc2eLk3TUfLONnoFVVfMlE_QzD6QODT8o3u5TK2joZJJg_0ww6YVc7X=w180-h180-l90-rj,,Gián Đáng Iu Hongg?,The New Gene / Lâm Thằn Lằn,,,Gián Đáng Iu Hongg? The New Gene & Lâm Thằn Lằn
2026-09-20,vn,Vietnam,top_songs_weekly,,37,https://yt3.googleusercontent.com/j9MKz37x298NkUKVh70EahdaMIK_VyVZo4C6sDEQoUhOCJe0nBZRTCm6G61NlnfBlvTAlrA-qNDCpq4=w180-h180-l90-rj,,Ngồi Nghe Em Khóc,DatG Music,,,Ngồi Nghe Em Khóc DatG Music
2026-09-20,vn,Vietnam,top_songs_weekly,,38,https://yt3.googleusercontent.com/IF6xrt6-1gtyN9mugQylNTAePWYdQmwsNEtFQqfswgpsKXvDGaQCRVR2vrLGgY6rv2_NWdIiHiElKJ2y=w180-h180-l90-rj,,50 CUỘC GỌI NHỠ,COOLKID / Quang Hùng MasterD / CODYNAMVO / Jaysonlei,,,"50 CUỘC GỌI NHỠ COOLKID , Quang Hùng MasterD , CODYNAMVO & Jaysonlei"
2026-09-20,vn,Vietnam,top_songs_weekly,,39,https://yt3.googleusercontent.com/f-hJieVEyCu_8O0f7NdlPCCczoyF2zTsJZdF-X8_Qbx6m_PJZmUwrRT1gvG7F_nnq8digpkqPSGvZ8K2PQ=w180-h180-l90-rj,,Gái Tây Gốc Việt (feat. Tommy Tèo & BILLY100),Nicole Nguyễn,,100,Gái Tây Gốc Việt (feat. Tommy Tèo & BILLY100) Nicole Nguyễn
2026-09-20,vn,Vietnam,top_songs_weekly,,40,https://yt3.googleusercontent.com/TbgNJYz_kluYNbplVfTQZ1x1lW3WqjyYQq_xmWGzY24kkRXThjPQ50amGfVVtcRngdM8R4gszZxFU4o=w180-h180-l90-rj,,Lo Người Ướt Áo (NVT Remix),Nguyễn Thạc Bảo Ngọc,,,Lo Người Ướt Áo (NVT Remix) Nguyễn Thạc Bảo Ngọc
2026-09-20,vn,Vietnam,top_songs_weekly,,41,https://yt3.googleusercontent.com/vMVakc7cAmbxSChhN8TbJZ4W1-HUoXAm43Qsu8JJBBlHT4O6UHBRWe3aRw9jmhV49eb0_IJd7LblbE0=w180-h180-l90-rj,,CILU,Da LAB / JGKiD (Da LAB) / MPaKK,,,"CILU Da LAB , JGKiD (Da LAB) & MPaKK"
2026-09-20,vn,Vietnam,top_songs_weekly,,42,https://yt3.googleusercontent.com/ht-uBXC6lywaJxgJxLTniX0qs7qSZTM9H0IMiQV4NUHH-S8DjyxBOhtS6fN7xh_GS5QKxpLq4Ug1Bs3vnA=w180-h180-l90-rj,,She Neva Knows (CM1X Remix),CM1X,,,She Neva Knows (CM1X Remix) CM1X
2026-09-20,vn,Vietnam,top_songs_weekly,,43,https://i.ytimg.com/vi/XpY62G82-HI/default.jpg,https://www.youtube.com/watch?v=XpY62G82-HI,THƯƠNG LẤY PHẬN MÌNH,Thái Học,,,THƯƠNG LẤY PHẬN MÌNH Thái Học
2026-09-20,vn,Vietnam,top_songs_weekly,,44,https://yt3.googleusercontent.com/ssBWN-2H5QAlAVW96iwy5Pqb82I7-pSul6Rc9puCmrm2SSiApGEs6X330QHmHS8JXXt5NiwtFa-mzLudag=w180-h180-l90-rj,,Ai Ngoài Anh,VSTRA / Tyronee,,,Ai Ngoài Anh VSTRA & Tyronee
2026-09-20,vn,Vietnam,top_songs_weekly,,45,https://i.ytimg.com/vi/X-GCJwz4PnY/default.jpg,https://www.youtube.com/watch?v=X-GCJwz4PnY,Buồn Thì Cứ Khóc Đi,Lynk Lee,,,Buồn Thì Cứ Khóc Đi Lynk Lee
2026-09-20,vn,Vietnam,top_songs_weekly,,46,https://yt3.googleusercontent.com/VYJ4bYyHupJe1K4y3eWrg82IfGioP6rzeSJ0-hdTB-llJn5MbE9GCeWOA4ZwLyG7gyuYORWUbVvGMHbq=w180-h180-l90-rj,,FALLEN ANGEL,Jennie,,,FALLEN ANGEL Jennie
2026-09-20,vn,Vietnam,top_songs_weekly,,47,https://yt3.googleusercontent.com/rmgO5l4MJjDl16wgrHIUsLKtoGZdOi73ADG62xd7ZFDbMOd1u2o2YO5rybS3_1K-eq0Qq6U3v9ls5YI=w180-h180-l90-rj,,Đớn Đau Vô Cùng,DatKaa,,,Đớn Đau Vô Cùng DatKaa
2026-09-20,vn,Vietnam,top_songs_weekly,,48,https://yt3.googleusercontent.com/zBz7sc_EHALpVj9f9NTenmNcccoWJtEQHN-X_u6ogkKYtrGxlFeQmMlYK7j8XL6HGtREwFui1_z6gISf=w180-h180-l90-rj,,Từng Là Của Nhau,Bảo Anh / Táo,,,Từng Là Của Nhau Bảo Anh & Táo
2026-09-20,vn,Vietnam,top_songs_weekly,,49,https://yt3.googleusercontent.com/OlsyF8L82chwdoVqON-g5H3BsEEgA0zSIYU_6SIZgMtLe0QzZPxzno91C6zJktuon6rjAv_UbmggkO_vyQ=w180-h180-l90-rj,,BAD,ATEEZ,"5月 22, 2026",538726,"49 7 BAD ATEEZ 5月 22, 2026 56 7 538,726"
2026-09-20,vn,Vietnam,top_songs_weekly,,50,https://yt3.googleusercontent.com/moXpr_lvHpb9m70jTjr-0GE63_VyHivgmyH7UPBJmgwWPHwwmvhxDPPZtdAhCFo7CdzmzIGwBE3cn4VuCQ=w180-h180-l90-rj,,Dai Dai,Shakira / 伯納男孩,,,Dai Dai Shakira & 伯納男孩
2026-09-20,vn,Vietnam,top_songs_weekly,,51,https://i.ytimg.com/vi/kj7FXhECpSw/default.jpg,https://www.youtube.com/watch?v=kj7FXhECpSw,NGƯỢC LỐI YÊU (LIVE),Vicky Nhung / Chu Thuý Quỳnh,,,NGƯỢC LỐI YÊU (LIVE) Vicky Nhung & Chu Thuý Quỳnh
2026-09-20,vn,Vietnam,top_songs_weekly,,52,https://yt3.googleusercontent.com/yS8ASK4lDXnCjfVZy55ADMAU2Omg8dKYt61fngtc5uL2-CAVqH539GLhIa5oo5TCGnVoAixVBstq5D0=w180-h180-l90-rj,,Sóng Gió,Jack - J97,,,Sóng Gió Jack - J97
2026-09-20,vn,Vietnam,top_songs_weekly,,53,https://yt3.googleusercontent.com/WNYTLANrbji3RPRbx1iZNbAXTF9PzttfPWGV50jJA3-K2qtqL4WmcIuW2xMJtm6K0BhIM7BXRNyGicSR=w180-h180-l90-rj,,Mối Duyên Vàng,Tuấn Cry / Võ Thu Hà,,,Mối Duyên Vàng Tuấn Cry & Võ Thu Hà
2026-09-20,vn,Vietnam,top_songs_weekly,,54,https://yt3.googleusercontent.com/07BLxXonCforrQvTkxHL2i5KY08yGE24vKXm0onrX7LR5y9E_hyS07VIy4G4XzWKdfJ8efvqHitecs5O=w180-h180-l90-rj,,Tâm Sự Tuổi 30,Trịnh Thăng Bình,,,Tâm Sự Tuổi 30 Trịnh Thăng Bình
2026-09-20,vn,Vietnam,top_songs_weekly,,55,https://yt3.googleusercontent.com/AFqPHreUyzXznE6NI6mHKFm0JM-VKjDypE_PdSgGMIqeWn8HMA-RwCakkdCht8lOOCx5NaPAaXkhWag=w180-h180-l90-rj,,Liệu Giờ,2T / Van,,,Liệu Giờ 2T & Van
2026-09-20,vn,Vietnam,top_songs_weekly,,56,https://yt3.googleusercontent.com/yyZTY9YbPuu292Xs8unV-9rjhLD0Llj5P-FQDRBtyz5s73nsx4_1M_9PBN8Dd4SyZaUB57IFrCxeRek=w180-h180-l90-rj,,Đại Khải Hoàn,The Flob,,,Đại Khải Hoàn The Flob
2026-09-20,vn,Vietnam,top_songs_weekly,,57,https://yt3.googleusercontent.com/CLsaCNtncXhDfTnDZQjUFGew8iv4RU0Ut7dLKokL87w3_zvA_kFhDlwlWwADon4oWZiL-T7bS7de-9jK=w180-h180-l90-rj,,Nhà Tôi Có Treo Một Lá Cờ (feat. Hà Anh Tuấn),DTAP,,,Nhà Tôi Có Treo Một Lá Cờ (feat. Hà Anh Tuấn) DTAP
2026-09-20,vn,Vietnam,top_songs_weekly,,58,https://yt3.googleusercontent.com/zh9Htd0Nh-Z0h6AzAPFKjdxoV7Fium8XRoBeC3VAQWGkWag6RB5xQB1cdALRblcWazHGPtQQ09MBX5C-=w180-h180-l90-rj,,Khởi (feat. SEAGAD & Yung Ni99),TonDee,,,Khởi (feat. SEAGAD & Yung Ni99) TonDee
2026-09-20,vn,Vietnam,top_songs_weekly,,59,https://i.ytimg.com/vi/csgufUMzsGc/default.jpg,https://www.youtube.com/watch?v=csgufUMzsGc,KHẮP CHỐN THIÊN HÀ,ĐẠI NGHĨA / THUẬN NGUYỄN / ĐÔNG HÙNG / OSAD / HÀ AN HUY,,,"KHẮP CHỐN THIÊN HÀ ĐẠI NGHĨA , THUẬN NGUYỄN , ĐÔNG HÙNG , OSAD & HÀ AN HUY"
2026-09-20,vn,Vietnam,top_songs_weekly,,60,https://yt3.googleusercontent.com/1X_9ZxHmVqy_goHk-K69dNdcd6c2Exuz11MaigzZ9DlfRkx0H8h2UO_5I7VT8q4sTldSfHGBUQjVdekv=w180-h180-l90-rj,,Anh Này Là Của Tui,Pinky / Hoa vũ,,,Anh Này Là Của Tui Pinky & Hoa vũ
2026-09-20,vn,Vietnam,top_songs_weekly,,61,https://yt3.googleusercontent.com/ViisPcvPGgwKbSpPx_XFBZYDx1QtcF9dfo6p_uhxIlzo98ZlFdbPAoAvnm2tFK984B7jjI_FrGkWJSkz=w180-h180-l90-rj,,Đến Khi Nào,克越,"9月 10, 2014",417072,"61 11 Đến Khi Nào 克越 9月 10, 2014 72 2 417,072"
2026-09-20,vn,Vietnam,top_songs_weekly,,62,https://yt3.googleusercontent.com/9HziLzVJ2RISk5xbubCLxYLAHKf_ShPA-fbsFVczu27Gy8ghxe-iZIGKFMQWrrTlFYnqvcXkc2QFe_ok=w180-h180-l90-rj,,"Gửi em, người bất tử",Ân ngờ / Mỹ Mỹ,,,"Gửi em, người bất tử Ân ngờ & Mỹ Mỹ"
2026-09-20,vn,Vietnam,top_songs_weekly,,63,https://yt3.googleusercontent.com/IF6xrt6-1gtyN9mugQylNTAePWYdQmwsNEtFQqfswgpsKXvDGaQCRVR2vrLGgY6rv2_NWdIiHiElKJ2y=w180-h180-l90-rj,,tết tình,"TINH HÀ ""SAY HI"" / DANG HONG HAI / DILLAN / Jaysonlei / Sơn.K / DANG HONG HAI",,,"tết tình TINH HÀ ""SAY HI"" , DANG HONG HAI , DILLAN , Jaysonlei , Sơn.K & DANG HONG HAI"
2026-09-20,vn,Vietnam,top_songs_weekly,,64,https://yt3.googleusercontent.com/sC7cxG-u1PLPuJmCtvIwwJ1i4q0wIPejHxGK7r-ANN_YYwej7DA74fpHWT7y-FO_5rCf1JaejNDgFWz1cw=w180-h180-l90-rj,,MONEYMONEYMONEY,CORTIS,,,MONEYMONEYMONEY CORTIS
2026-09-20,vn,Vietnam,top_songs_weekly,,65,https://yt3.googleusercontent.com/e_KhStFaUpXtdfyncHtYOBGibpgdw3fVixG8H0_E8aIW6G0Op9wo4jQqWsfHCEMaI96DnhsqlHM9Yzck=w180-h180-l90-rj,,연애의 조건,BESTIE,"10月 17, 2013",412797,"65 10 연애의 조건 BESTIE 10月 17, 2013 75 2 412,797"
2026-09-20,vn,Vietnam,top_songs_weekly,,66,https://yt3.googleusercontent.com/IF6xrt6-1gtyN9mugQylNTAePWYdQmwsNEtFQqfswgpsKXvDGaQCRVR2vrLGgY6rv2_NWdIiHiElKJ2y=w180-h180-l90-rj,,IM ĐỢI NGƯỜI ANH THƯƠNG,Wren Evans / CAPTAIN BOY / IVAN / Thể Thiên,,,"IM ĐỢI NGƯỜI ANH THƯƠNG Wren Evans , CAPTAIN BOY , IVAN & Thể Thiên"
2026-09-20,vn,Vietnam,top_songs_weekly,,67,https://yt3.googleusercontent.com/IF6xrt6-1gtyN9mugQylNTAePWYdQmwsNEtFQqfswgpsKXvDGaQCRVR2vrLGgY6rv2_NWdIiHiElKJ2y=w180-h180-l90-rj,,MỘNG DUYÊN,Quang Hùng MasterD / JSOL / Sơn.K / Song Luân / EMIL VERGO,,,"MỘNG DUYÊN Quang Hùng MasterD , JSOL , Sơn.K , Song Luân & EMIL VERGO"
2026-09-20,vn,Vietnam,top_songs_weekly,,68,https://yt3.googleusercontent.com/H-jN8iqJFdMBFhMyT0Qkx-SEETKjF8x2IlooJt1cXqen09MipLN4Guj3n-5T9TVeYhclUuHlu0ZfiR9zZQ=w180-h180-l90-rj,,CHIỀU HÔM ẤY,JayKii,,,CHIỀU HÔM ẤY JayKii
2026-09-20,vn,Vietnam,top_songs_weekly,,69,https://yt3.googleusercontent.com/IBwK4LOs4sO-Cd-_5YO4XC2B2N1hvyBvKfr60tT_ljIuwmOuVWWW2NypbcvzKgScVAbRsWEYbmsjfcm2cw=w180-h180-l90-rj,,Sunflower,Post Malone / Swae Lee,,,Sunflower Post Malone & Swae Lee
2026-09-20,vn,Vietnam,top_songs_weekly,,70,https://yt3.googleusercontent.com/6LDZTIjk3nbSSsG8J0M2_ME4KWzt4MTZ7oqrZlWg-uZ1gRWnBKt9ySPibZ5l7GJ_-j6gB6hv-qLNaPE=w180-h180-l90-rj,,hate that i made you love me,Ariana Grande,,,hate that i made you love me Ariana Grande
2026-09-20,vn,Vietnam,top_songs_weekly,,71,https://yt3.googleusercontent.com/-tkAAVtnHAkML1jUk8Dj9jj5RZxOC5bT-HGfMeKReifptyX474FQbfIrUwWdpSwEBKgTq8he8rjs_y0=w180-h180-l90-rj,,LK Hãy Quên Nhau & Ngày Buồn,Mai Quốc Huy,,,LK Hãy Quên Nhau & Ngày Buồn Mai Quốc Huy
2026-09-20,vn,Vietnam,top_songs_weekly,,72,https://yt3.googleusercontent.com/2OUpQNjY58jQq1STwHz2CRClwWkzhCCKtSBo6SC2N78LAMmFaXJdSGkUENX7yw0g2CpCQ3RjejB_Fj4=w180-h180-l90-rj,,Life Goes On,Oliver Tree,,,Life Goes On Oliver Tree
2026-09-20,vn,Vietnam,top_songs_weekly,,73,https://yt3.googleusercontent.com/YkJY0AN_iRM2xaR-l7QkqU_pWoF2B8UvdG7nJ2EI5vWILvuLoKrHWRTplVztDKSbuQDDRbSUnRYXa7TPLQ=w180-h180-l90-rj,,Ở Hai Đầu Nỗi Nhớ,Như Hoa,,,Ở Hai Đầu Nỗi Nhớ Như Hoa
2026-09-20,vn,Vietnam,top_songs_weekly,,74,https://yt3.googleusercontent.com/WjcsO6KNcnMJITBkKvvDSHgzwKyl2fXMW5CVFz4X14XIMGV7DhXrv7Pnpz4devONbTvevuvlnjvBfW70sA=w180-h180-l90-rj,,2 4,W/N,"7月 31, 2024",365732,"74 74 2 4 W/N 7月 31, 2024 - 4 365,732"
2026-09-20,vn,Vietnam,top_songs_weekly,,75,https://yt3.googleusercontent.com/2HvSRlRA-_0LRaZ1swZieNvfOEmXbXcyYHMn1XcBvdfUGnLN_jXZ3l7_qevpveEEjCMrQGPf2oq3rMTw=w180-h180-l90-rj,,Anh Đã Lừa Dối (Thahtrung Remix),Quang Kiệt,,,Anh Đã Lừa Dối (Thahtrung Remix) Quang Kiệt
2026-09-20,vn,Vietnam,top_songs_weekly,,76,https://yt3.googleusercontent.com/BKxUIETz1Vt8WcKm7bC2HP85RkhB5K6rbu3d-hNoe4kSkf_CJYJ0DqMknD3J85nUpilrGJMa7ipBnEJn-w=w180-h180-l90-rj,,Базовый минимум,SABI / 米亞·博伊卡,,,Базовый минимум SABI & 米亞·博伊卡
2026-09-20,vn,Vietnam,top_songs_weekly,,77,https://yt3.googleusercontent.com/IuI_U_gS1BJXPqHDsXP_Vgc7ZLzcEny_gNwxWXr_VVPCsewBh3y3aMZTaaus4gmEeqrWiPjDHHo7NKb8=w180-h180-l90-rj,,Đêm Nghe Hát Đò Đưa Nhớ Bác,Lê Mận,,,Đêm Nghe Hát Đò Đưa Nhớ Bác Lê Mận
2026-09-20,vn,Vietnam,top_songs_weekly,,78,https://i.ytimg.com/vi/_OeDb2xHitE/default.jpg,https://www.youtube.com/watch?v=_OeDb2xHitE,BUỒN THÌ CỨ KHÓC ĐI,Anh Trai Vượt Ngàn Chông Gai / Will / K.O,,,"BUỒN THÌ CỨ KHÓC ĐI Anh Trai Vượt Ngàn Chông Gai , Will & K.O"
2026-09-20,vn,Vietnam,top_songs_weekly,,79,https://yt3.googleusercontent.com/v4PMLQYutK_KxMRyE19-xi2SRTxhnw3dva0fXbNkgy0emuY27-PLWyDfr9-0g2v_aMVKRJ3oEaSdTmk=w180-h180-l90-rj,,Mắt Môi Tay Chân (feat. Tage),RPT MCK,,,Mắt Môi Tay Chân (feat. Tage) RPT MCK
2026-09-20,vn,Vietnam,top_songs_weekly,,80,https://yt3.googleusercontent.com/g9heX5zcxS3pC1Ga5sYvimx3ZlUvzlygi630IdkKKpBBuftfxo2sxsWNL-SPvD8RRTml39hcE-qlpTTNIw=w180-h180-l90-rj,,Tìm Thấy Nhau,SIVAN,,,Tìm Thấy Nhau SIVAN
2026-09-20,vn,Vietnam,top_songs_weekly,,81,https://yt3.googleusercontent.com/IF6xrt6-1gtyN9mugQylNTAePWYdQmwsNEtFQqfswgpsKXvDGaQCRVR2vrLGgY6rv2_NWdIiHiElKJ2y=w180-h180-l90-rj,,CÔ ĐƠN ANH CŨNG VUI,"TINH HÀ ""SAY HI"" / Xuân Định K.Y / DILLAN",,,"CÔ ĐƠN ANH CŨNG VUI TINH HÀ ""SAY HI"" , Xuân Định K.Y & DILLAN"
2026-09-20,vn,Vietnam,top_songs_weekly,,82,https://i.ytimg.com/vi/SME0kA0cNbw/default.jpg,https://www.youtube.com/watch?v=SME0kA0cNbw,Karaoke Thiệp Hồng Chung Tên - Út Nhị | Tone Nữ | Hát Hay Không Bằng Hay Hát (feat. Hào JK),Út Nhị Mino,,,Karaoke Thiệp Hồng Chung Tên - Út Nhị | Tone Nữ | Hát Hay Không Bằng Hay Hát (feat. Hào JK) Út Nhị Mino
2026-09-20,vn,Vietnam,top_songs_weekly,,83,https://yt3.googleusercontent.com/rn8GBXDoLDx_AgqM5f1n8yOaGQ222R8dAGSKSaMvRv1YL7YGzDQHTG1S13XXzpNYGNwwTHJ2OVWwojis=w180-h180-l90-rj,,Thương Thầm Cô Lái Đò (remix 2026),Tiến võ,,2026,Thương Thầm Cô Lái Đò (remix 2026) Tiến võ
2026-09-20,vn,Vietnam,top_songs_weekly,,84,https://yt3.googleusercontent.com/Vtd2iONN7Vviie_KhoXP7thGpNv1S4n1Ea0EY9b7zplMGWEH7GUa363k2CkT5l2G9zz7PEKYELHpNKOeqg=w180-h180-l90-rj,,BỐN CHỮ LẮM,Trúc Nhân / Trương Thảo Nhi,,,BỐN CHỮ LẮM Trúc Nhân & Trương Thảo Nhi
2026-09-20,vn,Vietnam,top_songs_weekly,,85,https://yt3.googleusercontent.com/YXUb8Reei3riqh9s0xO2m5TE9NF8txl5-mjN0XN0wwbVw-tKxfpd6q0LFJqqWAfpWnMBbtIhykQ_7NM=w180-h180-l90-rj,,NGAY MAI NGUOI TA LAY CHONG,Thành Đạt,,,NGAY MAI NGUOI TA LAY CHONG Thành Đạt
2026-09-20,vn,Vietnam,top_songs_weekly,,86,https://yt3.googleusercontent.com/p6u0xpidJEN2YDvuJgBFOHO3oou12TCGw-nCRauxRwZchTFccIb_4gMFm3rbo2hPCiqAfIk-dgnIDOE=w180-h180-l90-rj,,Bâng Khuâng,JustaTee,,,Bâng Khuâng JustaTee
2026-09-20,vn,Vietnam,top_songs_weekly,,87,https://yt3.googleusercontent.com/_A3R08gtJG5gH9MWg8LK8NL3fF6KJV_IUqr2YSqsBrK5UOR5kkz1MxuRbmTbjaSZoomqiBhokxVdyx4=w180-h180-l90-rj,,Sinh Ra Đã Là Thứ Đối Lập Nhau (feat. Badbies),Emcee L,,,Sinh Ra Đã Là Thứ Đối Lập Nhau (feat. Badbies) Emcee L
2026-09-20,vn,Vietnam,top_songs_weekly,,88,https://yt3.googleusercontent.com/bio5yni43VDbku_kSYxyK6n31Pys0PCvyRlqXHRj1e800MWHs3avp1IHGXdAgliWQfmnsXOye4TZfJo=w180-h180-l90-rj,,vùng vẫy,Dangrangto / DONAL / ZEXZEX,,,"vùng vẫy Dangrangto , DONAL & ZEXZEX"
2026-09-20,vn,Vietnam,top_songs_weekly,,89,https://i.ytimg.com/vi/CoSc0Qqd5L0/default.jpg,https://www.youtube.com/watch?v=CoSc0Qqd5L0,Nhức Tiềm Thức,Hà An Huy,,,Nhức Tiềm Thức Hà An Huy
2026-09-20,vn,Vietnam,top_songs_weekly,,90,https://yt3.googleusercontent.com/8ldxrbMbi-omkCflYYE4UyN8Xpi9W8LifxJr4CrayM8_gM4wi6Fi8U0j33_ZyiBIQvzDvUPqwUQtpDDWLg=w180-h180-l90-rj,,để dành cho em,Dangrangto / DONAL,,,để dành cho em Dangrangto & DONAL
2026-09-20,vn,Vietnam,top_songs_weekly,,91,https://yt3.googleusercontent.com/3A27vSPMhgIBRN1-82fgKaj2mLPIkpssBXTj1OPXaqrJqTsQNtc2IRha-d9JGwcUFxa-trsU416kUOKb=w180-h180-l90-rj,,thế giới của anh,Dangrangto / DONAL,,,thế giới của anh Dangrangto & DONAL
2026-09-20,vn,Vietnam,top_songs_weekly,,92,https://yt3.googleusercontent.com/IF6xrt6-1gtyN9mugQylNTAePWYdQmwsNEtFQqfswgpsKXvDGaQCRVR2vrLGgY6rv2_NWdIiHiElKJ2y=w180-h180-l90-rj,,XOAY VÒNG,HURRYKNG / JSOL / VƯƠNG BÌNH / CONGB,,,"XOAY VÒNG HURRYKNG , JSOL , VƯƠNG BÌNH & CONGB"
2026-09-20,vn,Vietnam,top_songs_weekly,,93,https://yt3.googleusercontent.com/IT2x8aCL8WO2QszK4xQYgQCmIIMbwpZlobYbWt8t7exa9ECqOEKlDTEi7F9mQjMqaFLTzEEAf8AMCxz8=w180-h180-l90-rj,,Kiếp Sau Vẫn Là Người Việt Nam (feat. Thu Huyền),Quốc Thiên / Dương Hoàng Yến / Lâm Bảo Ngọc / Quân A.P,,,"Kiếp Sau Vẫn Là Người Việt Nam (feat. Thu Huyền) Quốc Thiên , Dương Hoàng Yến , Lâm Bảo Ngọc & Quân A.P"
2026-09-20,vn,Vietnam,top_songs_weekly,,94,https://yt3.googleusercontent.com/1r6lukc6KseBDM9mqWS7ACk80ZlslD7HZ1zgrWDhQY_1c3ku1xlUCwB_RHQoDNBXugWurIWaVx3QEO9k=w180-h180-l90-rj,,Thử Lòng Quân Tử,Phương Mỹ Chi / DTAP,,,Thử Lòng Quân Tử Phương Mỹ Chi & DTAP
2026-09-20,vn,Vietnam,top_songs_weekly,,95,https://i.ytimg.com/vi/O5iDDoD4ZGw/default.jpg,https://www.youtube.com/watch?v=O5iDDoD4ZGw,Đáng Ra Anh Không Nên,DatG Music / B Ray / Khánh,,,"Đáng Ra Anh Không Nên DatG Music , B Ray & Khánh"
2026-09-20,vn,Vietnam,top_songs_weekly,,96,https://yt3.googleusercontent.com/3slCCCg3040q009xgyUeToMdi-9w069i_WRtXMmxfL9NEUfy6QMlCw96v-tbY3X_JlqQgrF4HcGlRCqtXw=w180-h180-l90-rj,,THAT TINH PIANO VERSION,Trịnh Đình Quang,,,THAT TINH PIANO VERSION Trịnh Đình Quang
2026-09-20,vn,Vietnam,top_songs_weekly,,97,https://i.ytimg.com/vi/42m7T272u8I/default.jpg,https://www.youtube.com/watch?v=42m7T272u8I,Thúy Hà Lá Thư Đô Thị,Thúy Hà,,,Thúy Hà Lá Thư Đô Thị Thúy Hà
2026-09-20,vn,Vietnam,top_songs_weekly,,98,https://yt3.googleusercontent.com/Lm6t60KDdVwgcNJOvs3FMfX-OFXud5bFLhrx1xHE_qK0hNriizSOVC6sljf-wmU-lfjaJH-Z7f9KRhIWfw=w180-h180-l90-rj,,Thịnh Vượng Việt Nam Sáng Ngời,buitruonglinh,,,Thịnh Vượng Việt Nam Sáng Ngời buitruonglinh
2026-09-20,vn,Vietnam,top_songs_weekly,,99,https://yt3.googleusercontent.com/3kqsf0tzT6kLrTsMzMZf4dKBLoRsXnWba7sRfRop8hG9lObvTxr3c2H8UvaWhA2ui8a9TuK5_oFdgyE=w180-h180-l90-rj,,Sự Ưu Tiên Của Em (Cover),Kiều Chi,,,Sự Ưu Tiên Của Em (Cover) Kiều Chi
2026-09-20,vn,Vietnam,top_songs_weekly,,100,https://yt3.googleusercontent.com/1r6lukc6KseBDM9mqWS7ACk80ZlslD7HZ1zgrWDhQY_1c3ku1xlUCwB_RHQoDNBXugWurIWaVx3QEO9k=w180-h180-l90-rj,,Chọn Mặt Gửi Vàng,Phương Mỹ Chi / Double2T / DTAP,,,"Chọn Mặt Gửi Vàng Phương Mỹ Chi , Double2T & DTAP"
2026-09-20,th,Thailand,top_songs_weekly,,1,https://yt3.googleusercontent.com/lph_AYE9fU1VteHx7zG6DGesN-NvVDTs79j1q4DCHZS980-UryiOlKlLgtDkIBr2niDVO0WZdTg2fnA=w180-h180-l90-rj,,SaWaDiKa,LISA,"8月 27, 2026",15340189,"1 New SaWaDiKa LISA 8月 27, 2026 - 1 15,340,189"
2026-09-20,th,Thailand,top_songs_weekly,,2,https://yt3.googleusercontent.com/2W7X-DNJiw81FCRzyud1zFhOuUALHn3qKFitF4Ji1oh_E99aKYfFNUy8-biNAFlhGqGDVtTnjsebM8QF=w180-h180-l90-rj,,เพราะพี่รักจริง,หนึ่ง บีเคแบนด์,,,เพราะพี่รักจริง หนึ่ง บีเคแบนด์
2026-09-20,th,Thailand,top_songs_weekly,,3,https://yt3.googleusercontent.com/kUA7_9JUpV0IwTh7zhDe7mM9o1PvUWLui1gw3A45JknRRdwFeVElJQEBHd41PQuYdkcREOAFxyNVQSTx=w180-h180-l90-rj,,ขึ้นใจ (3am call) (feat. BLVCKHEART),Mirrr,,,ขึ้นใจ (3am call) (feat. BLVCKHEART) Mirrr
2026-09-20,th,Thailand,top_songs_weekly,,4,https://yt3.googleusercontent.com/LRrZJqZYttyXeWXwdq1SWBLsNJl-uEilJzQ7z1bNcc0CfY54_TLxu87FqlVEWbr4aFbZHBBbUXr-P6sq=w180-h180-l90-rj,,ไม่รักดีกว่า,Z9,"8月 18, 2026",4875834,"4 1 ไม่รักดีกว่า Z9 8月 18, 2026 3 4 4,875,834"
2026-09-20,th,Thailand,top_songs_weekly,,5,https://yt3.googleusercontent.com/GqsEYtu86q1I59hhdrbnk-aV7zqP-hX_8kA90iOxGnH3E1l8iKCypLpPzE_3T2cm8UHIexIEHredXE0=w180-h180-l90-rj,,นาฬิกาทราย (sign),BOWKYLION,,,นาฬิกาทราย (sign) BOWKYLION
2026-09-20,th,Thailand,top_songs_weekly,,6,https://yt3.googleusercontent.com/g-pYQq_3vbmwFk9d2GFIkTqqXisaJnuFx8BxwbRix7Q6DoFHtzkIw5G5WPt4q3iD68w-p51gtpu31zdG=w180-h180-l90-rj,,ขี้แง (Boys Don't Cry),PROXIE,,,ขี้แง (Boys Don't Cry) PROXIE
2026-09-20,th,Thailand,top_songs_weekly,,7,https://yt3.googleusercontent.com/VzTNj_ut7UteH7Zx3ykv94IRyGDuSbvwEBCfEUjAd038jMDy3J-CGpoLISmZrMnepJ_dCvLtRWQTzzU=w180-h180-l90-rj,,เมื่อไหร่จะมี (มีใจให้กัน),BLVCKHEART,,,เมื่อไหร่จะมี (มีใจให้กัน) BLVCKHEART
2026-09-20,th,Thailand,top_songs_weekly,,8,https://yt3.googleusercontent.com/Ih4fi8lWJvsusXaJJK4DYuGk4PVwBzSsX_tk5kCMW6LgpNzwMOTvBgzUK2TfHj_kqp6MElSfRXG9QeY3=w180-h180-l90-rj,,กลัวว่าฉันจะไม่เสียใจ (Fear),PURPEECH,,,กลัวว่าฉันจะไม่เสียใจ (Fear) PURPEECH
2026-09-20,th,Thailand,top_songs_weekly,,9,https://yt3.googleusercontent.com/1Tta6IdHy1nTccT5q_wHkaJJxX3EAwrpMthNk2j9XjDlN8lAx2-ati0G5fNTDRu4xynJ-m306Aq9xmcZ8Q=w180-h180-l90-rj,,ทิ้งกันไม่ได้หรอก (feat. เกมส์ สุจิตรา),JSPKK / แจ๊ส สปุ๊กนิค ปาปิยอง กุ๊กกุ๊ก,,,ทิ้งกันไม่ได้หรอก (feat. เกมส์ สุจิตรา) JSPKK & แจ๊ส สปุ๊กนิค ปาปิยอง กุ๊กกุ๊ก
2026-09-20,th,Thailand,top_songs_weekly,,10,https://yt3.googleusercontent.com/5GqwynB19ZwBgiFFxJ5ET-IxQBleL4rjH0AHP0mDdVRFowE6BZAWycSJv-IH1LpaQ6IiLd30yGSb_bU=w180-h180-l90-rj,,บ่มีสิทธิ์,ธีร์ ทีเร็กซ์ OFFICIAL / หยุด สาละวัน,,,บ่มีสิทธิ์ ธีร์ ทีเร็กซ์ OFFICIAL & หยุด สาละวัน
2026-09-20,th,Thailand,top_songs_weekly,,11,https://yt3.googleusercontent.com/ijGYWMp7aBWFSiE4rR2IO_SDNIcG3UkSoM8aFLbpKqsyyBaRz0v8YV6be8wNtlC-4JezyXs1AYRtxqCn=w180-h180-l90-rj,,ฟ้าสีครามกับความเป็นจริง,BOVINI,,,ฟ้าสีครามกับความเป็นจริง BOVINI
2026-09-20,th,Thailand,top_songs_weekly,,12,https://yt3.googleusercontent.com/2-hieEVD7f79K918InakgMwDVR7M3RFPpa9BFsdJi7axTA8rrfF2psRUnBk9b8QXmiuswUxif82gxxI=w180-h180-l90-rj,,CLICK,JISOO,"9月 4, 2026",2155630,"12 New CLICK JISOO 9月 4, 2026 - 1 2,155,630"
2026-09-20,th,Thailand,top_songs_weekly,,13,https://yt3.googleusercontent.com/nLihlDHvHj8v_kZaKp-HDP2luy4RE5uonQ4MMUZ5JDZDeHV2zalqAMZBBZkPpo1muu8I0RlAfSbhghw=w180-h180-l90-rj,,ถอนคำสาบาน,อะตอม ตาปีมิวสิคกรุ๊ป,,,ถอนคำสาบาน อะตอม ตาปีมิวสิคกรุ๊ป
2026-09-20,th,Thailand,top_songs_weekly,,14,https://yt3.googleusercontent.com/ax5qWCEAr0qAIt6tM-Ytu9nh0O2zBdAMvz8UHPXNDb9RFBG3QmeNNZg8hzM5Vp4Yo95ueNBD8ragiMI=w180-h180-l90-rj,,พอได้เสียว,ดิด คิตตี้,,,พอได้เสียว ดิด คิตตี้
2026-09-20,th,Thailand,top_songs_weekly,,15,https://yt3.googleusercontent.com/YwHKomZGv67My-ySuZythZFfQLNJFX05ThMh7BnvJmDwH8XqAJ6t9_EynGXBjbh8o4AWXGFAEeodNwg=w180-h180-l90-rj,,สาธุ (Sathu),ASIA7,,,สาธุ (Sathu) ASIA7
2026-09-20,th,Thailand,top_songs_weekly,,16,https://yt3.googleusercontent.com/eoZgtKLbTnAQmoMSls_tc5buKvGD149jQshbvf84yYx7k7WJJO8osOhqLN60vh3msxd2YF8yuJTWQZI=w180-h180-l90-rj,,นาฬิกาทราย (sign) (SPECIAL VERSION) (feat. JOEY PHUWASIT),BOWKYLION,,,นาฬิกาทราย (sign) (SPECIAL VERSION) (feat. JOEY PHUWASIT) BOWKYLION
2026-09-20,th,Thailand,top_songs_weekly,,17,https://i.ytimg.com/vi/HSJzqueYOxw/default.jpg,https://www.youtube.com/watch?v=HSJzqueYOxw,เหงา...เข้าใจ,4EVE,,,เหงา...เข้าใจ 4EVE
2026-09-20,th,Thailand,top_songs_weekly,,18,https://yt3.googleusercontent.com/jotjpdFcCdkWzwXHI3yLakJRjd1IMUkcebN1Pw5TbNDRfUcignjdrt1pu5iUkhcomG7DCXqoXeeKIvsg6w=w180-h180-l90-rj,,กลางมหาสมุทร,Lek Ratchamet,,,กลางมหาสมุทร Lek Ratchamet
2026-09-20,th,Thailand,top_songs_weekly,,19,https://yt3.googleusercontent.com/w7WI5sV2HPiPq2X1Sgn45H-BNtAYnzq7StOLL8HhtJVGZbjaCViesF-3Rgl7jXmq34U2QN-wvRcX0eKP=w180-h180-l90-rj,,เธอทีละสองฉันทีละคน,PORZAX,,,เธอทีละสองฉันทีละคน PORZAX
2026-09-20,th,Thailand,top_songs_weekly,,20,https://yt3.googleusercontent.com/OttLUzF3VQQVKHz4YOcsUpUfxrh7-K3F_t3ECMSAtDIZ-uECqnnDCeJ0OmYFgfO8dgabm_Pvfdw2pqik=w180-h180-l90-rj,,ความคิดถึงที่เต็มไปด้วยน้ำตา,โชเล่ย์ ชคัทพล,,,ความคิดถึงที่เต็มไปด้วยน้ำตา โชเล่ย์ ชคัทพล
2026-09-20,th,Thailand,top_songs_weekly,,21,https://yt3.googleusercontent.com/Usv_VqL7qrh8Jazbgbtl1LWKvAfAifSXSiBmecwCLw2tco4zKfwAWGoHMKuIS2RRyAHwLFDCDl4Wg3Knqg=w180-h180-l90-rj,,จิ้งจก ตุ๊กแก อึ่งอ่าง,เพ้นท์ คอนเน่,,,จิ้งจก ตุ๊กแก อึ่งอ่าง เพ้นท์ คอนเน่
2026-09-20,th,Thailand,top_songs_weekly,,22,https://yt3.googleusercontent.com/RzKkdaCqz9zXTF-kc3yzKJHNx6Bac_hnT7VVryRJwzlXcl57gzPph3LCojrNrCp7MVCW27sw56yr1yg=w180-h180-l90-rj,,Rain Zone (feat. Z9),Maiyarap,,,Rain Zone (feat. Z9) Maiyarap
2026-09-20,th,Thailand,top_songs_weekly,,23,https://yt3.googleusercontent.com/K4ZO9q0UnHA3FfnirB_FfgeIfe9hE_xXTJG6kprqyePdusPWJL-ovT9QzMv6TfAKk7aZnq7WbT32UQlA=w180-h180-l90-rj,,ไม่มีวันไหนที่ไม่คิดถึง (starlost.),PURPEECH,,,ไม่มีวันไหนที่ไม่คิดถึง (starlost.) PURPEECH
2026-09-20,th,Thailand,top_songs_weekly,,24,https://yt3.googleusercontent.com/dafnt-rhBPxrEfhOxbJoIKmHsRUEEZmXf0P8uk7NDiBvqndj2IVnpYjYRmlkT7TAUBx4PqZ4G-w06Zg=w180-h180-l90-rj,,ละหมาดอารมณ์ (Reproduced 2025),อ.ไข่ มาลีฮวนน่า,,2025,ละหมาดอารมณ์ (Reproduced 2025) อ.ไข่ มาลีฮวนน่า
2026-09-20,th,Thailand,top_songs_weekly,,25,https://yt3.googleusercontent.com/ggoyFZFTxlecNCe5NHF0vl2Gvj7JmKI-Fxdpewosdl5HbGcdWhQ1v994blzENF2amqid0MCszqynb7zj=w180-h180-l90-rj,,รักให้เธอได้รู้ (Proof.),PUN,,,รักให้เธอได้รู้ (Proof.) PUN
2026-09-20,th,Thailand,top_songs_weekly,,26,https://yt3.googleusercontent.com/VKeVJ6sJ4MgYbUKByUSeLPb1Mz8kWGqDhM4kwWqO6_DjQAWYw1KyZ7efYFCXQ_BaAwStBRA2bpGPlM80=w180-h180-l90-rj,,หม้อหุงข้าว,JOEY PHUWASIT,,,หม้อหุงข้าว JOEY PHUWASIT
2026-09-20,th,Thailand,top_songs_weekly,,27,https://yt3.googleusercontent.com/Fw5UN_8VENuFdLW3HPp5z_6cv-PAGWnL7YsaZn6ySs4a-8zi5oBPDuCqkWts_KVJMnQQB1YognAA6Hg=w180-h180-l90-rj,,แก้บน,Kantong Tungngern,,,แก้บน Kantong Tungngern
2026-09-20,th,Thailand,top_songs_weekly,,28,https://i.ytimg.com/vi/34wnf8276O4/default.jpg,https://www.youtube.com/watch?v=34wnf8276O4,ภวังค์จิต,ปราง ปรางทิพย์,,,ภวังค์จิต ปราง ปรางทิพย์
2026-09-20,th,Thailand,top_songs_weekly,,29,https://yt3.googleusercontent.com/zaO73rBSW6Ad1EDeUAd4axjzqwbRCpw5hHvbKRPau7mVuTIQyg3cl7CrJcSvG-DFJZLpozAZ1vy56h19kg=w180-h180-l90-rj,,เมื่อถูกค้นพบ (Finally She Found.),FREEHAND,,,เมื่อถูกค้นพบ (Finally She Found.) FREEHAND
2026-09-20,th,Thailand,top_songs_weekly,,30,https://yt3.googleusercontent.com/PMhx5xCsz33pJ67Qp7iutv8fEI749ODGAHh2f8n5suM_gf39gI2eudCspJ7BP445e07QXLqDhco8ndo=w180-h180-l90-rj,,ซมซาน,Loso,"3月 26, 1998",1267032,"30 3 ซมซาน Loso 3月 26, 1998 27 16 1,267,032"
2026-09-20,th,Thailand,top_songs_weekly,,31,https://yt3.googleusercontent.com/7w714qK1jcjff7Z0Io9oDH-5xUKkz_bRIeUKedPomdM2KvWRUFpbp1_HFjl8IpBPOCXo63intKQmhqkF=w180-h180-l90-rj,,เต้ยสั่งลา,ธีร์ ทีเร็กซ์ OFFICIAL,,,เต้ยสั่งลา ธีร์ ทีเร็กซ์ OFFICIAL
2026-09-20,th,Thailand,top_songs_weekly,,32,https://yt3.googleusercontent.com/2KrJkWEizilhNYKGwQW2EEACkQmD6J8HkiE1_XQMtT1IzmpFHmQbgyWw2iNQb44y7APkrzcfy-qd-VRz7g=w180-h180-l90-rj,,แผลใหม่,欽達拉·蓬叻,"12月 3, 2015",1225866,"32 6 แผลใหม่ 欽達拉·蓬叻 12月 3, 2015 26 12 1,225,866"
2026-09-20,th,Thailand,top_songs_weekly,,33,https://yt3.googleusercontent.com/DoSlD9nStiSCPI-45A6tQ1ZoE0vCL0mm_BkwQpsCbZVBYtt9Nt6xc9FeFEFyno6V1aXMsXDnPCpJ6idsyg=w180-h180-l90-rj,,คืนจันทร์,Loso,"10月 7, 1999",1205601,"33 2 คืนจันทร์ Loso 10月 7, 1999 35 17 1,205,601"
2026-09-20,th,Thailand,top_songs_weekly,,34,https://yt3.googleusercontent.com/9OiVcpnPLCt73BYCgGfRK2vwtm-W6t0OAAhDExRqKB7yzmkEYxX5dBbMHW2IUSN60uRfElRAfPEeCJh6=w180-h180-l90-rj,,จำบ่เป็น,ธีร์ ทีเร็กซ์ OFFICIAL,,,จำบ่เป็น ธีร์ ทีเร็กซ์ OFFICIAL
2026-09-20,th,Thailand,top_songs_weekly,,35,https://yt3.googleusercontent.com/YXJCn4RzftRDtJJqiBHFEp7uQR4MCayf8haekpKsv8bbX-110UOYmJxDsYSCGvNnPsNJAMOH4b1mayDuhA=w180-h180-l90-rj,,ได้แค่เดินมาส่ง (The Last Walk) (feat. BLVCKHEART),GAVIN:D,,,ได้แค่เดินมาส่ง (The Last Walk) (feat. BLVCKHEART) GAVIN:D
2026-09-20,th,Thailand,top_songs_weekly,,36,https://yt3.googleusercontent.com/uQ7-fpF0MFTzbsyLlvH2r-_wM-aWP7wxK55atBiSXcO00Y8n5W9IyUYp3WP_RRpMkM-mpz8AuToL2fO2DA=w180-h180-l90-rj,,อุษาสาง,เจนจิรา เฉียงเอก,,,อุษาสาง เจนจิรา เฉียงเอก
2026-09-20,th,Thailand,top_songs_weekly,,37,https://yt3.googleusercontent.com/5d51ZlGjNP_Gss3Z3RKP7B98ASQ7pxvp4XI3IAQ3kniFFjgLPDPnR6_K3tYZGoMVvfJYXBtu3awwsTI=w180-h180-l90-rj,,Training Season,Dua Lipa,,,Training Season Dua Lipa
2026-09-20,th,Thailand,top_songs_weekly,,38,https://yt3.googleusercontent.com/ggoyFZFTxlecNCe5NHF0vl2Gvj7JmKI-Fxdpewosdl5HbGcdWhQ1v994blzENF2amqid0MCszqynb7zj=w180-h180-l90-rj,,ขอแค่นี้ (Forever n ever),PUN,,,ขอแค่นี้ (Forever n ever) PUN
2026-09-20,th,Thailand,top_songs_weekly,,39,https://yt3.googleusercontent.com/L0a578Kj5Pwyxt7wljlIupOQx5DIEw51Mi9_go3wQWXT7GCamSMyAUclzEQ9zBfUjIfQ_GOSLrMFKBU=w180-h180-l90-rj,,ก่อนโลกทั้งใบมันพัง,Mr'พระจันทร์,,,ก่อนโลกทั้งใบมันพัง Mr'พระจันทร์
2026-09-20,th,Thailand,top_songs_weekly,,40,https://yt3.googleusercontent.com/nfF2R0QvoUXAxpaLQI36ce9AWqQif6QEUM8Nv9UJguS-cz5HCqv07wjvv61rwuiaEFC_ldBcYast5Lwg6A=w180-h180-l90-rj,,ไม่คิดนอกใจ,Loso,,,ไม่คิดนอกใจ Loso
2026-09-20,th,Thailand,top_songs_weekly,,41,https://yt3.googleusercontent.com/6LDZTIjk3nbSSsG8J0M2_ME4KWzt4MTZ7oqrZlWg-uZ1gRWnBKt9ySPibZ5l7GJ_-j6gB6hv-qLNaPE=w180-h180-l90-rj,,hate that i made you love me,Ariana Grande,,,hate that i made you love me Ariana Grande
2026-09-20,th,Thailand,top_songs_weekly,,42,https://yt3.googleusercontent.com/lNrxqkvpyciAXEt4MYb2zK7azk4DEHVLKSRy-cAgzn84onHSyLKfMIfzjOgroPzONw2PsF-5aAl-BQM4=w180-h180-l90-rj,,ใจฉันตามเธอไป,YOUNGOHM,,,ใจฉันตามเธอไป YOUNGOHM
2026-09-20,th,Thailand,top_songs_weekly,,43,https://yt3.googleusercontent.com/0izka6Q9dX2nKA0Py3GFpaz5RAepQUwLErktjHZKW7wzr-6kfYNNMD93DPIiwEJk33JM6JVV2dypK_aa=w180-h180-l90-rj,,บ้านเธอบ้านฉัน,เบิ้ล ยุทธพล,,,บ้านเธอบ้านฉัน เบิ้ล ยุทธพล
2026-09-20,th,Thailand,top_songs_weekly,,44,https://yt3.googleusercontent.com/SV4ioXZhgjFxUY0cQxoJt9v-rigaoYuYNPGSBJNvHB9zJ9lJ_eQGJBx0HboML5D4qYiPUCF6-GyqX9OaZw=w180-h180-l90-rj,,แคนฮ้างนางฟ้า (feat. Kong Huayrai),กู่แคน,,,แคนฮ้างนางฟ้า (feat. Kong Huayrai) กู่แคน
2026-09-20,th,Thailand,top_songs_weekly,,45,https://yt3.googleusercontent.com/HszIJFZ6VqJkcNH35dlL3Y6kK36Y4GkA17AAzqd4U29wBKdgmlccY0vAhu2tzwYMK87w_w3lV-rZNCSm=w180-h180-l90-rj,,ไม่มีใครรู้ตัวเรา,UNHEARD MUSIC,,,ไม่มีใครรู้ตัวเรา UNHEARD MUSIC
2026-09-20,th,Thailand,top_songs_weekly,,46,https://yt3.googleusercontent.com/X_toi9J7Ljj9a8AXZuFL4w7Qdvhlk_0RJ_c2G7ZZckdkAI35vzM65fuAf_9D6RShbimXvpNajWzBXaI=w180-h180-l90-rj,,สิ้นสุดความพยายาม,PORZAX,,,สิ้นสุดความพยายาม PORZAX
2026-09-20,th,Thailand,top_songs_weekly,,47,https://yt3.googleusercontent.com/Kdgqewa1oAEES8-go5Yb1mI4vh_d7fYPYNaqq0-mufo3B8_OibSeB8pTpbX2WKwwLmBHuGIRUZWsCLE=w180-h180-l90-rj,,เหลือใจให้ฉันบ้างไหม,MUNMUSIC,,,เหลือใจให้ฉันบ้างไหม MUNMUSIC
2026-09-20,th,Thailand,top_songs_weekly,,48,https://yt3.googleusercontent.com/asVKjLJcNGKxPGegBuOR2a9G0iAMVRhOLUJQrJyix8T9zxS9328w_9vTkLabY9iIsda-KcgADlMf4LSi=w180-h180-l90-rj,,ไม่ได้ลืมแค่ไม่ได้เจอ (Flashback),guncharlie,,,ไม่ได้ลืมแค่ไม่ได้เจอ (Flashback) guncharlie
2026-09-20,th,Thailand,top_songs_weekly,,49,https://yt3.googleusercontent.com/R6pJ3QAj8G7L14H-LEs0kOncBi_hV15wWyTlC9EebsWVtonYPDCevAtKwu3tq-XHyOr_16c0CF_ziuVZIw=w180-h180-l90-rj,,คิดถึงเรื้อรัง,manutsawee,,,คิดถึงเรื้อรัง manutsawee
2026-09-20,th,Thailand,top_songs_weekly,,50,https://yt3.googleusercontent.com/5cvD-uWtlvpnphnH9b-05JzlsnHEUuMJMYCvX3a8yVGfv7B7TN39WaYpEe8Opmr2bi0a6DNkBaKaF5jV=w180-h180-l90-rj,,คะนึงนิตย์,ปราง ปรางทิพย์,,,คะนึงนิตย์ ปราง ปรางทิพย์
2026-09-20,th,Thailand,top_songs_weekly,,51,https://yt3.googleusercontent.com/tKatccOcfvXuZGMfTXhogduVn-XaPFfqg0Ipu_idSw6pb59_GiF5gNWYF3OO5A9eDaazrq3pwkZ70u4uYA=w180-h180-l90-rj,,ฝันพ้อ,埋代•話摘星,"11月 9, 2024",998476,"51 2 ฝันพ้อ 埋代•話摘星 11月 9, 2024 49 2 998,476"
2026-09-20,th,Thailand,top_songs_weekly,,52,https://yt3.googleusercontent.com/o2hXfaNRI7Kq4P0VkgJMhlSD_mlfg9rvjnpeuZcU04BN0UhaAtJG0JX7JBDRHkLVuedE7jejH-V35SKk=w180-h180-l90-rj,,หลุมอากาศ,Palmy,"6月 17, 2026",990545,"52 1 หลุมอากาศ Palmy 6月 17, 2026 51 12 990,545"
2026-09-20,th,Thailand,top_songs_weekly,,53,https://yt3.googleusercontent.com/OlsyF8L82chwdoVqON-g5H3BsEEgA0zSIYU_6SIZgMtLe0QzZPxzno91C6zJktuon6rjAv_UbmggkO_vyQ=w180-h180-l90-rj,,BAD,ATEEZ,"5月 22, 2026",987040,"53 1 BAD ATEEZ 5月 22, 2026 54 10 987,040"
2026-09-20,th,Thailand,top_songs_weekly,,54,https://yt3.googleusercontent.com/Wi2jyLxYoH1seSYEP2SKVyII1Bdgv-ptd5CR1OazvufkaqUBXv2tnGIMWnmcWHtv9L2uuwJKV1D-YhI=w180-h180-l90-rj,,รัก ร้าง ราด รี (Dragon Jar) (Special Version),Tow Paranwat,,,รัก ร้าง ราด รี (Dragon Jar) (Special Version) Tow Paranwat
2026-09-20,th,Thailand,top_songs_weekly,,55,https://yt3.googleusercontent.com/iVaenViV0dg3ciG64AgYYAN2BM-LMTpwl2DoEtlppvDVKJAN2-DuegMzvmicbXKkw2HCgAg6ZA5GYbw=w180-h180-l90-rj,,แฟนใครไม่รู้,KM56,,,แฟนใครไม่รู้ KM56
2026-09-20,th,Thailand,top_songs_weekly,,56,https://yt3.googleusercontent.com/awA0r8C3tDGORRwmMvaIZw0fabrz4SzKzALNxKIFHbaToUnrKQgA6zlHZcLxoBaYDn2JmkkzuIr8aW41Ag=w180-h180-l90-rj,,นาฬิกาตาย,Bodyslam,,,นาฬิกาตาย Bodyslam
2026-09-20,th,Thailand,top_songs_weekly,,57,https://yt3.googleusercontent.com/yFwY0HYOduDt6fbR8ZQHa85T0sJhjbMYQMsd_v9dyZIGJqHNeEIkteWpwMPs5y7jzo_JIxaAyealuhpS=w180-h180-l90-rj,,Rockstar,LISA,"6月 27, 2024",863073,"57 New Rockstar LISA 6月 27, 2024 - 1 863,073"
2026-09-20,th,Thailand,top_songs_weekly,,58,https://yt3.googleusercontent.com/8EuoRNuBToTgSKrPeqrLIxrf35nLVLpAYgCwaQboCsv88-5Xfe1g9KKkT0eh-TKRbX1ASf7sF_i1TxFx=w180-h180-l90-rj,,สิลืมเขาแล้วล่ะ (feat. WanMai),Nek Narurpol,,,สิลืมเขาแล้วล่ะ (feat. WanMai) Nek Narurpol
2026-09-20,th,Thailand,top_songs_weekly,,59,https://yt3.googleusercontent.com/55Zmh-BFdVZMguTyXg9dbbR_lPmzGgfXnBtQsWx5koAiI7gaQz9mil3AgOWHpoiFycGDRr9e98HdYz92mA=w180-h180-l90-rj,,มิติที่ศูนย์ (feat. เล็ก รัชเมศฐ์),จิ๋ว สกุณชัย,,,มิติที่ศูนย์ (feat. เล็ก รัชเมศฐ์) จิ๋ว สกุณชัย
2026-09-20,th,Thailand,top_songs_weekly,,60,https://yt3.googleusercontent.com/DoSlD9nStiSCPI-45A6tQ1ZoE0vCL0mm_BkwQpsCbZVBYtt9Nt6xc9FeFEFyno6V1aXMsXDnPCpJ6idsyg=w180-h180-l90-rj,,สาหัส,Loso,"10月 7, 1999",794153,"60 4 สาหัส Loso 10月 7, 1999 56 11 794,153"
2026-09-20,th,Thailand,top_songs_weekly,,61,https://yt3.googleusercontent.com/iFy4nlVYKPKApn7ufGDDlnMh4nWZBmjVDem5kQYGYllkcFnLAyhY-l-UgMJe59SdbYXRP9FjQGJcICaI=w180-h180-l90-rj,,กอดไม่ได้,Bedroom Audio,,,กอดไม่ได้ Bedroom Audio
2026-09-20,th,Thailand,top_songs_weekly,,62,https://yt3.googleusercontent.com/zI0c62FmgJqftAVuj8PmE7O-vOxNANMsaXr3mnhrfzsZxt7kpnUNjD550sHwwn0jCI-CxPBBUBalAC2U=w180-h180-l90-rj,,สิ่งที่มันกำลังเกิด (feat. Pause),Ae Jirakorn,,,สิ่งที่มันกำลังเกิด (feat. Pause) Ae Jirakorn
2026-09-20,th,Thailand,top_songs_weekly,,63,https://yt3.googleusercontent.com/zHHW2bPzBsqYFMNwo7553O2tR4_RzzxT0sBF_wQw_qR9dRBy44QU1QIRIoWda6ky_-QHCIW4b_MMrfYv=w180-h180-l90-rj,,อมพระมาพูด,賽桑・蘇品麥,,,อมพระมาพูด 賽桑・蘇品麥
2026-09-20,th,Thailand,top_songs_weekly,,64,https://yt3.googleusercontent.com/VYJ4bYyHupJe1K4y3eWrg82IfGioP6rzeSJ0-hdTB-llJn5MbE9GCeWOA4ZwLyG7gyuYORWUbVvGMHbq=w180-h180-l90-rj,,FALLEN ANGEL,Jennie,,,FALLEN ANGEL Jennie
2026-09-20,th,Thailand,top_songs_weekly,,65,https://yt3.googleusercontent.com/eixi7dc2auxIK0M7pm3n8Y3nabbzPI-YNSA154G-kTE6NB8YGdscX4dn2lONDSW7NZJQ9CjfDGnqQx8G=w180-h180-l90-rj,,สายไป (feat. BLVCKHEART),9tokyo,,,สายไป (feat. BLVCKHEART) 9tokyo
2026-09-20,th,Thailand,top_songs_weekly,,66,https://yt3.googleusercontent.com/LsQ2nhDUHBoob-lAYCCFKrmY-fdhvNOn4DYi6itOi5gynbXo6lqgJvumflBsaig0Td7mYt_WD3MRStYi=w180-h180-l90-rj,,"FON (feat. Yungtarr, SURIYA MQT & P6ICK)",YOUNGGU,,,"FON (feat. Yungtarr, SURIYA MQT & P6ICK) YOUNGGU"
2026-09-20,th,Thailand,top_songs_weekly,,67,https://yt3.googleusercontent.com/JE98xaB9OHWlIsdNr6nxV6TL8mpM7Pite1DDvTA7sXbVcwqAWe6P31G5l8GC-Kw8SgyCpG2FfXFcbvqQ=w180-h180-l90-rj,,ขอตายในอ้อมกอดเธอ,賽桑・蘇品麥,,,ขอตายในอ้อมกอดเธอ 賽桑・蘇品麥
2026-09-20,th,Thailand,top_songs_weekly,,68,https://yt3.googleusercontent.com/pPy2cA5K-sItr6lpGjUjJhmiumwBnB8dB4NSmiraU2w96TXY3_1rwLSSUNLEb9E0zWtgU3YYYhII8aOB=w180-h180-l90-rj,,ย้าย่ายะ,อูโน่ หลาวทอง,,,ย้าย่ายะ อูโน่ หลาวทอง
2026-09-20,th,Thailand,top_songs_weekly,,69,https://yt3.googleusercontent.com/JjlKTGv9-xNn-SloVpnUxhq2RLQ-Qw8l8FmivS5i5lJkvxakiTXPMxuCDg7HvfI0fJmRykKy5VehREzE=w180-h180-l90-rj,,ทำใจไม่ได้ (feat. BLVCKHEART),Z9,,,ทำใจไม่ได้ (feat. BLVCKHEART) Z9
2026-09-20,th,Thailand,top_songs_weekly,,70,https://yt3.googleusercontent.com/uY85QN1f-lL7ZvLQ0HzFXFNrLRg9eqxy6-8zN28Txuc3t5CBR2mvENTCDanQld2j48LitFws3h9S5BY=w180-h180-l90-rj,,สิทธิ์ของเจ้า,埋代•話摘星,,,สิทธิ์ของเจ้า 埋代•話摘星
2026-09-20,th,Thailand,top_songs_weekly,,71,https://yt3.googleusercontent.com/TZtusfDvmU1PBtkTenIXfx5FeSF2ONnGn4drMqMwwNuwxDYVwDBWpmU36FROENIcdHXjUoFo2Mr9jc7o0Q=w180-h180-l90-rj,,ใจสั่งมา,Loso,"10月 7, 1999",642710,"71 19 ใจสั่งมา Loso 10月 7, 1999 90 11 642,710"
2026-09-20,th,Thailand,top_songs_weekly,,72,https://yt3.googleusercontent.com/d-YnaB3hPptgm1UtFssuTqQsTFLS4TKbUAMqbHDrgHaI4j9-MbQZCUsol-Oa7ovcSUx6UIJ9hcNwbb4G=w180-h180-l90-rj,,วาสนาหมาหย่ำรถ,Tar TorJorWor,,,วาสนาหมาหย่ำรถ Tar TorJorWor
2026-09-20,th,Thailand,top_songs_weekly,,73,https://yt3.googleusercontent.com/BREOt2rZjiIcF7JHeJEzozexdNiqUsTz7uUSBqTKEgUCinbxSirTtswu5MfCXmIlWt--In-bgejluR9-Iw=w180-h180-l90-rj,,เด็กมูกล่อ,พ็อก บิ๊กอายส์,,,เด็กมูกล่อ พ็อก บิ๊กอายส์
2026-09-20,th,Thailand,top_songs_weekly,,74,https://yt3.googleusercontent.com/rPiXUO1vpFfO1YSr1XmDHCx8MMJyvHbqeFYp9_YknA3pCcC8v2NPGPLaOr3ZMy5vJ48BeovjxAmRHJYZ=w180-h180-l90-rj,,ขอให้เธอมีสุข,หนึ่ง บีเคแบนด์,,,ขอให้เธอมีสุข หนึ่ง บีเคแบนด์
2026-09-20,th,Thailand,top_songs_weekly,,75,https://yt3.googleusercontent.com/BSgrodH5VPKA2Xg6uNix0uoov_KPrAuZKYXB4RukvMUvXx4y940eSk29vrMrJC6jUnK1LW3uKuQ-3zLlhw=w180-h180-l90-rj,,ชาวนากับงูเห่า,Fly,,,ชาวนากับงูเห่า Fly
2026-09-20,th,Thailand,top_songs_weekly,,76,https://yt3.googleusercontent.com/jV8jkowKVTROFvGdWg4g5iXbZ7YmKcXM71yLW3V3MEczUZ7JxLKFPBRpi5goA6kh9oGeIHsh8T1Wltc=w180-h180-l90-rj,,ဤသို့ပြုရ,Theinkpan Htun,,,ဤသို့ပြုရ Theinkpan Htun
2026-09-20,th,Thailand,top_songs_weekly,,77,https://i.ytimg.com/vi/2uo4JYyty64/default.jpg,https://www.youtube.com/watch?v=2uo4JYyty64,Joey&Ally DieWithASmile Master,JOEY PHUWASIT,,,Joey&Ally DieWithASmile Master JOEY PHUWASIT
2026-09-20,th,Thailand,top_songs_weekly,,78,https://yt3.googleusercontent.com/VQ1Qzr6FI1hQq85SN9xuLni9up4LjlUwmOVS_5DrpFGHD7ZvptZdS9V-ea1v_pnhM0AkNnJb7x_HHiW5=w180-h180-l90-rj,,Klapklai,อ.ไข่ มาลีฮวนน่า,,,Klapklai อ.ไข่ มาลีฮวนน่า
2026-09-20,th,Thailand,top_songs_weekly,,79,https://yt3.googleusercontent.com/Tfi-KkK4piUA16FqqIRd9lfLu4XY4s20dXPtGs1Pr1qh8sshXQOHBMDZ5ChO63Xf0X8EJV3oiMmSF1Q=w180-h180-l90-rj,,เหตุผลง่ายๆ,大屁股樂團,,,เหตุผลง่ายๆ 大屁股樂團
2026-09-20,th,Thailand,top_songs_weekly,,80,https://yt3.googleusercontent.com/Qx3DBiqj7lh1EYZ2TWFQb8PiA0pT7-s6o_EJWbNqtk4HxnOwGkgQm4GItUik8D0zkTmOQ-eaq211_I1M8g=w180-h180-l90-rj,,ปริญญาไก่ตี,เม้ก อภิสิทธิ์,,,ปริญญาไก่ตี เม้ก อภิสิทธิ์
2026-09-20,th,Thailand,top_songs_weekly,,81,https://yt3.googleusercontent.com/TMfut7UqivlGR-IsX3b2kOaEVo7Nn_xHlDctiRBh0Q_EW6AeHpfd1jSYRXCUfPBbRV9Mv3V2sDfMhb5NAw=w180-h180-l90-rj,,คนสุดท้าย,Asanee & Wasan,,,คนสุดท้าย Asanee & Wasan
2026-09-20,th,Thailand,top_songs_weekly,,82,https://yt3.googleusercontent.com/0Q5h-0n8LG_9nCU0PDNXYOrPF0e7yksIMJZXl-r5CcqEMhx2J5viOPwWbbJzeccJ5BIC-6SOTIz4t5HADg=w180-h180-l90-rj,,Ride,ILLSLICK / DIAMOND MQT,,,Ride ILLSLICK & DIAMOND MQT
2026-09-20,th,Thailand,top_songs_weekly,,83,https://yt3.googleusercontent.com/-auVvVwE-gA2T7AcCG3z6f0jg62qvPaktn2t-ZDdDv7jOvARV0tCg3DNUEXzg0c0WZjhbJzEu2-WYSQ=w180-h180-l90-rj,,ณ ความรัก,สุดเขต จึงเจริญ,,,ณ ความรัก สุดเขต จึงเจริญ
2026-09-20,th,Thailand,top_songs_weekly,,84,https://yt3.googleusercontent.com/6FAlXO6mWcCoB2k1XBxJ_08rTYq3LN8IfaWGPeStExlHCklz0y1pCzcNuba9CxwjmkP8aMlu7goeM7Q=w180-h180-l90-rj,,นักแสดงตบตา,MaxMillor / ize so cold. / PORZAX,,,"นักแสดงตบตา MaxMillor , ize so cold. & PORZAX"
2026-09-20,th,Thailand,top_songs_weekly,,85,https://yt3.googleusercontent.com/sm9gz2XQFzc-Gp7qsQzIJGuIsowoyVI43ki4048evRTzCi8IN2FcTyv42YttCDRH-93amTRkG05hqnOK=w180-h180-l90-rj,,Earrings,Malcolm Todd,,,Earrings Malcolm Todd
2026-09-20,th,Thailand,top_songs_weekly,,86,https://yt3.googleusercontent.com/cO9JkQ7_g5iO6U_kXOiexlrnX1n47ZouhTS-Q5jHI-IO-yq_cGz7VrUQndh5aMEVyXpUIhuU2sV-hLWZ5g=w180-h180-l90-rj,,สิทธิ์ของเธอ,Asanee & Wasan,,,สิทธิ์ของเธอ Asanee & Wasan
2026-09-20,th,Thailand,top_songs_weekly,,87,https://yt3.googleusercontent.com/wXkXjlcs3VQ09JqQaLbmd-XAwvoZ0Kxsy5h3jbA2hGyAaw_XMWMzVxze2CWrYFfQRAwnktCoev7-uJaz=w180-h180-l90-rj,,The One That Got Away,Katy Perry,,,The One That Got Away Katy Perry
2026-09-20,th,Thailand,top_songs_weekly,,88,https://yt3.googleusercontent.com/Z1cPcWzpUBZo8sZqhCWNVmHjoUCKVTbF7q0rsybWHl9anIC5PM_r6Zpl8msp2LEXNUCqljr2m7wV9VEa=w180-h180-l90-rj,,STORY (feat. SURIYA MQT & Yungtarr),P6ICK,,,STORY (feat. SURIYA MQT & Yungtarr) P6ICK
2026-09-20,th,Thailand,top_songs_weekly,,89,https://yt3.googleusercontent.com/hd8pHY_yg4GAk1M7JcnsPXX-TehngLovDvyJusD4kiRvTTyi8K5pH87hm3SWNqNWCo5mnBABvWopLFw=w180-h180-l90-rj,,Baddie (feat. Justmine JMNK),IRONBOY,,,Baddie (feat. Justmine JMNK) IRONBOY
2026-09-20,th,Thailand,top_songs_weekly,,90,https://yt3.googleusercontent.com/28CB0wDHApP24bs-aGFOTPDiK1DGKGOID9U8z_wrXJy137birKOVqLB8ZabfdOXWRSJDMSa8efRqTr8RlA=w180-h180-l90-rj,,พระจันทร์ที่ไม่เต็มดวง,KLEAR,,,พระจันทร์ที่ไม่เต็มดวง KLEAR
2026-09-20,th,Thailand,top_songs_weekly,,91,https://yt3.googleusercontent.com/9G05z0r3VU0VOI6EanvuMNuFoT6699WTlrSy_5bNy6bSZkRXsBXNc9-vynPrywuxKzPlAoMLTZSV8Z12=w180-h180-l90-rj,,อวยพรย้อนจำเป็น (feat. Lee Salavan),YOUD SALAVAN,,,อวยพรย้อนจำเป็น (feat. Lee Salavan) YOUD SALAVAN
2026-09-20,th,Thailand,top_songs_weekly,,92,https://yt3.googleusercontent.com/kSyYukihT2KubUwleTEylU1Sc6H7Xm-Ud-pREM_fsZSBrIt4fgmDbWtxay6QLhsm3MsiWM37JlQAXhUbkw=w180-h180-l90-rj,,ลลิตตา (feat. 無 & WanMai),KRK,,,ลลิตตา (feat. 無 & WanMai) KRK
2026-09-20,th,Thailand,top_songs_weekly,,93,https://yt3.googleusercontent.com/0QAU5tGIm9HiWpGP7VLJcPw2OuHi3YFOmevQs-vhgI5EjvVBMyaR9Bj4SYmhIE5MZ0BkEYnMWRDn598=w180-h180-l90-rj,,Dream,LISA,"2月 26, 2025",538474,"93 New Dream LISA 2月 26, 2025 - 1 538,474"
2026-09-20,th,Thailand,top_songs_weekly,,94,https://yt3.googleusercontent.com/w0jterVGTCKFK-UOhOpyXB08xzTxgFUUCeVgzp5NjfYQevszmlp4O1MG8bcIHD8F5unalgwCtDD7UP4C=w180-h180-l90-rj,,อารมณ์สีเทา,SEA. / SARAN,,,อารมณ์สีเทา SEA. & SARAN
2026-09-20,th,Thailand,top_songs_weekly,,95,https://yt3.googleusercontent.com/u6e7Kho1boIAw-WO8XIIcm_0oBs9uNMVlxEaeGTfonRvlOCzhvE6oi9LpI9uQpscBdOaPsXENF8yJ72i=w180-h180-l90-rj,,สิบห้าหยกๆ,Noir,"6月 8, 2026",530544,"95 95 สิบห้าหยกๆ Noir 6月 8, 2026 - 5 530,544"
2026-09-20,th,Thailand,top_songs_weekly,,96,https://yt3.googleusercontent.com/NmUnyL5Fjn3EWN2ilg611ybD1NleUKmQhf7N58xzloqs7R28svfFGSnP7SZf8iYV6zY8Cu7wyl4I3ox_=w180-h180-l90-rj,,ความรักทำให้คนตาบอด,Bodyslam,,,ความรักทำให้คนตาบอด Bodyslam
2026-09-20,th,Thailand,top_songs_weekly,,97,https://yt3.googleusercontent.com/3jwSM0GEtmtwB-pdzrSapUkUE3u09dEYgKA7PzuWtYRP_vc8mpzE1-pZ40x4OZUWB3enR1zV5iYH2c4Y=w180-h180-l90-rj,,ดีแต่ปาก,大屁股樂團,"7月 20, 2004",520770,"97 New ดีแต่ปาก 大屁股樂團 7月 20, 2004 - 1 520,770"
2026-09-20,th,Thailand,top_songs_weekly,,98,https://yt3.googleusercontent.com/brMQoFN3M9_qK7z3mIIUO3uo3_VXOh_GkgQuJ3X_nYUBpuhdf7h17onrKK3mJnFXLDatKj42md2V8aTE=w180-h180-l90-rj,,ถ้าเขาไม่รัก รักพี่ได้ไหม,Cham Chamrum,,,ถ้าเขาไม่รัก รักพี่ได้ไหม Cham Chamrum
2026-09-20,th,Thailand,top_songs_weekly,,99,https://yt3.googleusercontent.com/1voo-6EQGKLcdc_aoAfhsIzL1i-GpTej2R5sZLuxsDqnd3KEoiuYnD3l2cNReYKJwaQCmQ9vgnqELcu8=w180-h180-l90-rj,,ก่อนจะเล่าเรื่องกู,ดาม่วน Music,,,ก่อนจะเล่าเรื่องกู ดาม่วน Music
2026-09-20,th,Thailand,top_songs_weekly,,100,https://yt3.googleusercontent.com/Z3gufPaLCcWuJNE4NH6KhlbUSrnx3hvUQgnhwQBrUDNzEgAp1aNMuCr0nv0gJxU8XcS2Rp9I-BHPZt_i=w180-h180-l90-rj,,Handlebars,Jennie / Dua Lipa,,,Handlebars Jennie & Dua Lipa
2026-09-20,id,Indonesia,top_songs_weekly,,1,https://yt3.googleusercontent.com/xrGDyYO3umAVFdsdyIM2G451xiAxCD6haJkCQel6TQlqE-XsEUCGsj_Q5Er4YjFpjWqv-_Ze-VaPPL0j=w180-h180-l90-rj,,Teh Hijau,圖魯斯,"6月 29, 2026",15318898,"1 ● Teh Hijau 圖魯斯 6月 29, 2026 1 10 15,318,898"
2026-09-20,id,Indonesia,top_songs_weekly,,2,https://yt3.googleusercontent.com/lph_AYE9fU1VteHx7zG6DGesN-NvVDTs79j1q4DCHZS980-UryiOlKlLgtDkIBr2niDVO0WZdTg2fnA=w180-h180-l90-rj,,SaWaDiKa,LISA,"8月 27, 2026",13636346,"2 New SaWaDiKa LISA 8月 27, 2026 - 1 13,636,346"
2026-09-20,id,Indonesia,top_songs_weekly,,3,https://yt3.googleusercontent.com/WnS8_TSqLTP0D5Ltvu5mypx6ypsFj0dM0fSNvD8vz8K_f18nAU10bNsExXoI6t6mI-zR7ezxPYv3e7w=w180-h180-l90-rj,,Sesi Potret,Ari Lesmana / eńau,,,Sesi Potret Ari Lesmana & eńau
2026-09-20,id,Indonesia,top_songs_weekly,,4,https://yt3.googleusercontent.com/lri2NMO-Z9ihGrHPLowVk0CQTGYWOCV6GvsT8uf0UybSGR1kIFxUJfZu26yJw2PzpnRk-NyXDExNa5rc=w180-h180-l90-rj,,Dunia Yang Nanti,Raim Laode,,,Dunia Yang Nanti Raim Laode
2026-09-20,id,Indonesia,top_songs_weekly,,5,https://yt3.googleusercontent.com/IsP7Y5hMApNNh_tdVEV3OquJcKWcUjIwgc26IbVWYQMnGP_a7ecwkq8aDmH29vXfZWUVozmQJIH_Wk8=w180-h180-l90-rj,,Iqro',Raim Laode,,,Iqro' Raim Laode
2026-09-20,id,Indonesia,top_songs_weekly,,6,https://yt3.googleusercontent.com/pxZ41R8jrSjVtI3W9wCDRA6T7KOVnPHH0k1H_qktx78W8X__rn4IVqu_1ePUhLvrohB9JBWgrOXl7P9epA=w180-h180-l90-rj,,MMG (My Mine Gueh),Naykilla,,,MMG (My Mine Gueh) Naykilla
2026-09-20,id,Indonesia,top_songs_weekly,,7,https://yt3.googleusercontent.com/wXkXjlcs3VQ09JqQaLbmd-XAwvoZ0Kxsy5h3jbA2hGyAaw_XMWMzVxze2CWrYFfQRAwnktCoev7-uJaz=w180-h180-l90-rj,,The One That Got Away,Katy Perry,,,The One That Got Away Katy Perry
2026-09-20,id,Indonesia,top_songs_weekly,,8,https://yt3.googleusercontent.com/5d51ZlGjNP_Gss3Z3RKP7B98ASQ7pxvp4XI3IAQ3kniFFjgLPDPnR6_K3tYZGoMVvfJYXBtu3awwsTI=w180-h180-l90-rj,,Training Season,Dua Lipa,,,Training Season Dua Lipa
2026-09-20,id,Indonesia,top_songs_weekly,,9,https://yt3.googleusercontent.com/5jwQGpLR0huadDUYDlQ6VGQThxsp6CepkEuRkECO3SiX6LQz6QQ_iuJ2wPA-Paaa1nAmwcPEkgqAF2nd=w180-h180-l90-rj,,Mutiara,Ipank,"4月 17, 2025",4064680,"9 2 Mutiara Ipank 4月 17, 2025 11 19 4,064,680"
2026-09-20,id,Indonesia,top_songs_weekly,,10,https://yt3.googleusercontent.com/EhJCP_-PRh3_78t1fSouQ7D3mrBszq3mmXSc1JRxawuMr8C3Gq0bKC--XP1dXp4KW8UdLX09LXba8F4=w180-h180-l90-rj,,Jangan Paksa Rindu (Beda),Ifan Seventeen,,,Jangan Paksa Rindu (Beda) Ifan Seventeen
2026-09-20,id,Indonesia,top_songs_weekly,,11,https://yt3.googleusercontent.com/AozuFQHuzVlpr4-NtgkxRA5Q9ONXf3P91VsWrqRJbRJiVxIXfiG2tyMBv0lQ1rV-MVSoB9fwbUSMGdzX=w180-h180-l90-rj,,Astaga Bercanda,Akbar Chalay / Mingse,,,Astaga Bercanda Akbar Chalay & Mingse
2026-09-20,id,Indonesia,top_songs_weekly,,12,https://yt3.googleusercontent.com/b29NtY5YYUkdagACCFdPx-DzPQ2lVM19-bUgBWcgbpluYvujXj-xZ_1wF84WKo7h2pbRiePnIEOUMEN8nQ=w180-h180-l90-rj,,Titik Nadir (feat. Monita Tahalea),Kahitna,,,Titik Nadir (feat. Monita Tahalea) Kahitna
2026-09-20,id,Indonesia,top_songs_weekly,,13,https://yt3.googleusercontent.com/s5PxcX0QM_X4qV95uVhrsfj4oD7EIyRjFiOLaDp44xItYeekybof3c-I8n9jsp1FVs5i-OGdt0w_e654=w180-h180-l90-rj,,Kita Lewati Berdua,Overnight,,,Kita Lewati Berdua Overnight
2026-09-20,id,Indonesia,top_songs_weekly,,14,https://yt3.googleusercontent.com/qVb_uk5JJ-FyTIoESoeL080jtUIIvjdN-aQbRtUTREMMsenXd-txpbgtYaoYi5t3G7h_GBwT79zD5ppkEA=w180-h180-l90-rj,,Negoro Angin,Denny Caknan,,,Negoro Angin Denny Caknan
2026-09-20,id,Indonesia,top_songs_weekly,,15,https://yt3.googleusercontent.com/kG2gMJvKvF_RhnRLaYYYCHT8FzKYvPK5gtK-vFTw-MlaA-_IP48Ez2IaqtHfQ9i9F9BFCVtTmpIXDl4FHQ=w180-h180-l90-rj,,kota ini tak sama tanpamu,Nadhif Basalamah,,,kota ini tak sama tanpamu Nadhif Basalamah
2026-09-20,id,Indonesia,top_songs_weekly,,16,https://yt3.googleusercontent.com/eQ8b5BbMQnN1eJwDn8kh0x9NDfjH2KwpOjo7UeW5ZogFw8J1P2NpvsHyf7iEseeu6ngpqZ79Jw8tDIk=w180-h180-l90-rj,,What If I Call,Alex Crichton,,,What If I Call Alex Crichton
2026-09-20,id,Indonesia,top_songs_weekly,,17,https://yt3.googleusercontent.com/vcPeorOAKPcojuofDMAV6ypIteCqD-s6xuiU4fMuriCQh6WC8vP4TmzrjKfT9KiywQcAmp2u1iUWybV6jw=w180-h180-l90-rj,,2001x,Adrian Khalif,,2001,2001x Adrian Khalif
2026-09-20,id,Indonesia,top_songs_weekly,,18,https://yt3.googleusercontent.com/0X2smLKVh_UoeMveIyPwCq-6LvVoHsuqa2w-ib-62OJS04wdXmeibdGhfxU8TRzghN7Dg6sNsmBtKCo=w180-h180-l90-rj,,Kangen,Dewa 19,"1月 12, 2005",3082467,"18 ● Kangen Dewa 19 1月 12, 2005 18 43 3,082,467"
2026-09-20,id,Indonesia,top_songs_weekly,,19,https://yt3.googleusercontent.com/6nSKYCjwCp1f1GfgYejDk9l-3_65Qgc-sVtfeDyuAk1tSqeuTSnN6h-Z4cBeshn16kP_JIRs9whqlvQt6A=w180-h180-l90-rj,,Shape of My Heart,新好男孩,,,Shape of My Heart 新好男孩
2026-09-20,id,Indonesia,top_songs_weekly,,20,https://yt3.googleusercontent.com/7ecjOVgSXJjNEQWLt-bZSyuUIIU5T9r5GYwvlQfKOH5sZ3AxGwzu-ZrY4R_7SENgv3Efobl9e2XDtkaJYQ=w180-h180-l90-rj,,Bahagia Lagi,Piche Kota,,,Bahagia Lagi Piche Kota
2026-09-20,id,Indonesia,top_songs_weekly,,21,https://yt3.googleusercontent.com/3Msew1Gh4-sKD8l5LrlJuFarOtRURRm9Wx0Ukyq-tWSnS88HOTxlmSO4_jionL-GX6xAU5_aQDQRBszB=w180-h180-l90-rj,,Ini Abadi,Perunggu,,,Ini Abadi Perunggu
2026-09-20,id,Indonesia,top_songs_weekly,,22,https://yt3.googleusercontent.com/jMly_gAhRZRQJGYifpWqOLyaa6Zo_nh8Ap6urEMSOfSSxRu_AFKQjwZUBrmv0XV3tWrHvK_Og-D5znOj=w180-h180-l90-rj,,Penyangkalan,For Revenge,,,Penyangkalan For Revenge
2026-09-20,id,Indonesia,top_songs_weekly,,23,https://yt3.googleusercontent.com/3Msew1Gh4-sKD8l5LrlJuFarOtRURRm9Wx0Ukyq-tWSnS88HOTxlmSO4_jionL-GX6xAU5_aQDQRBszB=w180-h180-l90-rj,,33x,Perunggu,"3月 10, 2022",2226030,"23 1 33x Perunggu 3月 10, 2022 24 48 2,226,030"
2026-09-20,id,Indonesia,top_songs_weekly,,24,https://yt3.googleusercontent.com/2-hieEVD7f79K918InakgMwDVR7M3RFPpa9BFsdJi7axTA8rrfF2psRUnBk9b8QXmiuswUxif82gxxI=w180-h180-l90-rj,,CLICK,JISOO,"9月 4, 2026",2160212,"24 New CLICK JISOO 9月 4, 2026 - 1 2,160,212"
2026-09-20,id,Indonesia,top_songs_weekly,,25,https://yt3.googleusercontent.com/itSFTr_kKY1GO34LYYx8A7dK7FCMuI7BlOdo8TcBpfdgEYzSM0JQLCz9QTyFsMeVMxlL-DRi5toAXUc=w180-h180-l90-rj,,Menteri Durmagati,KAJAWI,,,Menteri Durmagati KAJAWI
2026-09-20,id,Indonesia,top_songs_weekly,,26,https://yt3.googleusercontent.com/nQBSWQqbSoLRqLZkB0CWXDlpYuCygMvgesBPRFQmm2eZZlQUcMLtmsHjUrfY8wK6gQvVwy_dsL9ONjo=w180-h180-l90-rj,,Bersenja Gurau,Raim Laode,,,Bersenja Gurau Raim Laode
2026-09-20,id,Indonesia,top_songs_weekly,,27,https://yt3.googleusercontent.com/N-SBeSkXpxC-Okj00Up8kUUl-CQXJmbdtkRpcO3FktG2zDeePuwDcw_B1G3ymaAxBOUN4qL85HRSkUvO=w180-h180-l90-rj,,Great Expectation,SIENNA SPIRO,,,Great Expectation SIENNA SPIRO
2026-09-20,id,Indonesia,top_songs_weekly,,28,https://yt3.googleusercontent.com/W_aCDg-bIvvNHTRnFX5K_HdhNLO1Fj8nDWlYuFzo6ORxsyetTehgFk1tfgfTsm_UyKqqf2rzV8qB7QkKUg=w180-h180-l90-rj,,Terbelah Jadi Dua,Gloria Jessica Gultom / Ade Govinda,,,Terbelah Jadi Dua Gloria Jessica Gultom & Ade Govinda
2026-09-20,id,Indonesia,top_songs_weekly,,29,https://yt3.googleusercontent.com/xKD2qMWNDoKbVx_cn75-Mrzuffc47icgwffqsYHFEA9NVinn9L81cqd4KVzNFsdleNaTvV3DqBDnQNum=w180-h180-l90-rj,,ICONIC HEART,Hearts2Hearts,,,ICONIC HEART Hearts2Hearts
2026-09-20,id,Indonesia,top_songs_weekly,,30,https://yt3.googleusercontent.com/p9YY_xYQlIZCBJRbDemaNG3ayRz4h93xsM91Jtci15wBoKYOj-Le2LEUFjxWM5qH_zwU95Lo2fOV1QVfOQ=w180-h180-l90-rj,,Sedia Aku Sebelum Hujan,Idgitaf,,,Sedia Aku Sebelum Hujan Idgitaf
2026-09-20,id,Indonesia,top_songs_weekly,,31,https://yt3.googleusercontent.com/lri2NMO-Z9ihGrHPLowVk0CQTGYWOCV6GvsT8uf0UybSGR1kIFxUJfZu26yJw2PzpnRk-NyXDExNa5rc=w180-h180-l90-rj,,Menari-nari,Raim Laode,,,Menari-nari Raim Laode
2026-09-20,id,Indonesia,top_songs_weekly,,32,https://yt3.googleusercontent.com/wfQSFgWsIlnHsl7-H4UsZMq453tN_gHErx3UXYSRE5Iy_wyXfnn9E1KIWy5r14H62Oa1tudjS0dTs5g=w180-h180-l90-rj,,Alamak,Rizky Febian / Adrian Khalif,,,Alamak Rizky Febian & Adrian Khalif
2026-09-20,id,Indonesia,top_songs_weekly,,33,https://yt3.googleusercontent.com/z1pEXAR8hr6qt_cCrw7spDXkAJpF4cWpRec7lJUqwFQiRgbc5dC44YV2TOG8O3Wtf6db4H014p72iHl8Ow=w180-h180-l90-rj,,Orang Baru Lebe Gacor,Ecko Show / Juan Reza / Chesylino,,,"Orang Baru Lebe Gacor Ecko Show , Juan Reza & Chesylino"
2026-09-20,id,Indonesia,top_songs_weekly,,34,https://yt3.googleusercontent.com/E4VA5lDF-NEB2vZU7nebKiE7-eLjCixyeaROSC4Q2NZHtK_aC8Qi4XgdsieEmLCCP7_CyqeUt5preluWtg=w180-h180-l90-rj,,Berapa Kali Kita Akan Saling Memaafkan,Pamungkas,,,Berapa Kali Kita Akan Saling Memaafkan Pamungkas
2026-09-20,id,Indonesia,top_songs_weekly,,35,https://yt3.googleusercontent.com/0X2smLKVh_UoeMveIyPwCq-6LvVoHsuqa2w-ib-62OJS04wdXmeibdGhfxU8TRzghN7Dg6sNsmBtKCo=w180-h180-l90-rj,,Laskar Cinta Chapter One,Dewa 19,,,Laskar Cinta Chapter One Dewa 19
2026-09-20,id,Indonesia,top_songs_weekly,,36,https://yt3.googleusercontent.com/SJZ4cYfy2BfUpe6rHKK1MjQaWhsuPQiq1rRgUc5r6_23gyuStf57W5Qvu9CQAh_qCDK9-axPvtz32177=w180-h180-l90-rj,,Ambon Manise,Toton Caribo / Jacson Seran / Novia Bachmid,,,"Ambon Manise Toton Caribo , Jacson Seran & Novia Bachmid"
2026-09-20,id,Indonesia,top_songs_weekly,,37,https://yt3.googleusercontent.com/XRjz6gom3U3nnqugJAD9YZM6KWup4F3F79U0e_mK1hgZ-MfUrONb17HFjSEczVd758HDsfPJd6AOdnM=w180-h180-l90-rj,,1000X,Ghea Indrawari,,1000,1000X Ghea Indrawari
2026-09-20,id,Indonesia,top_songs_weekly,,38,https://yt3.googleusercontent.com/eOU5FFspGeJ1B8IJHJiszFWdn30orB_4io5H0xSJBAW6spxgyqCp6pp70v3MTwwN0sqh-BEmBKpFvLHEUw=w180-h180-l90-rj,,Mutiara (Live) (feat. Fendik Adella),Difarina Indra Adella,,,Mutiara (Live) (feat. Fendik Adella) Difarina Indra Adella
2026-09-20,id,Indonesia,top_songs_weekly,,39,https://yt3.googleusercontent.com/lPT2Syoe9fcp45Ulw5QLYRUHG_W1g84UxsZE1lOppdjWCKrn2attpdqkJhVm8TpYFzEnQwuwWuxSpKQ7Uw=w180-h180-l90-rj,,Memori Sekuntum Rindu,Spoon,,,Memori Sekuntum Rindu Spoon
2026-09-20,id,Indonesia,top_songs_weekly,,40,https://yt3.googleusercontent.com/jy82fBd4lcqM2uBziu-ShqaRC3QMVB8GXtRgbGOOM159Pzvju4yU8kTledgcnn3wIEKbRhVgoIwxFPzM=w180-h180-l90-rj,,Percuma,Mahalini,,,Percuma Mahalini
2026-09-20,id,Indonesia,top_songs_weekly,,41,https://yt3.googleusercontent.com/_Ke5F-Lx0EYk8u0ZiqbnLDWFYnv_jMGzTNrDywhOh-SNWmF5EdbbRkZ0dsVRzKlfBhfTkr25NcHebJGS=w180-h180-l90-rj,,Terpukau,艾絲翠,"2月 21, 2012",1423170,"41 2 Terpukau 艾絲翠 2月 21, 2012 43 19 1,423,170"
2026-09-20,id,Indonesia,top_songs_weekly,,42,https://yt3.googleusercontent.com/6eXOCztkZp_Nr9Mh5hABwigzcsYLiYn22STFjJFLSPqWxu6JXaVnOXSe6L3J1As6Eh9LnA-kZhA9xzY=w180-h180-l90-rj,,Panas Pela (feat. Vicky Salamor),Fresly Nikijuluw,,,Panas Pela (feat. Vicky Salamor) Fresly Nikijuluw
2026-09-20,id,Indonesia,top_songs_weekly,,43,https://yt3.googleusercontent.com/DQpsXibLwW_4OYu1t2kUgcmtva96FBKs4-QUr0aFu_odHEgZcA5sUBBEBuSxdEgofs1Yu-yyM5T4ogyk=w180-h180-l90-rj,,Locked Away (feat. 亞當·李維),R. City,,,Locked Away (feat. 亞當·李維) R. City
2026-09-20,id,Indonesia,top_songs_weekly,,44,https://yt3.googleusercontent.com/oXHrv7kvyDH1Yd59En9Ixdj1mpgGJrkiEbUujeL-5XOIVpd8w4ZDFUJ1S9jDWw5SxoCYMGFCRLAZIkxp=w180-h180-l90-rj,,Negoro Angin,Silvy Kumalasari,,,Negoro Angin Silvy Kumalasari
2026-09-20,id,Indonesia,top_songs_weekly,,45,https://yt3.googleusercontent.com/knDjd4cOvR-Y0Af1ZuoWX3lreoEJNu2W6bDXN7xZDKiudI_W2VIsb7ZAJEnOeLGIsToqryl65gQvrzWyyA=w180-h180-l90-rj,,Salah Apa,Ipank,"2月 8, 2026",1373470,"45 14 Salah Apa Ipank 2月 8, 2026 59 13 1,373,470"
2026-09-20,id,Indonesia,top_songs_weekly,,46,https://yt3.googleusercontent.com/_1ejRnxNSULMWdqN8F-gEGUVfw5kZKrwKy5xNPnSxU6Xen61q09zCR1aQn4s4L9rDOi-fGnTh3qI-LwE=w180-h180-l90-rj,,Risk It All (Live),Bruno Mars,,,Risk It All (Live) Bruno Mars
2026-09-20,id,Indonesia,top_songs_weekly,,47,https://yt3.googleusercontent.com/6s0i1935ltv7crpD6tlpdYmOjmzda-R_P8xDzG4qnaFmGjTekSIq8fb1tTG0LBA5_kZ-a-VRzWH9oC_R=w180-h180-l90-rj,,Gadis Manis Kalimantan,Syahriadi,,,Gadis Manis Kalimantan Syahriadi
2026-09-20,id,Indonesia,top_songs_weekly,,48,https://yt3.googleusercontent.com/d-BDnHyNPAym0BMEwQlLLXnb7xRoxiNbbDfyYroDhEez1bktleu0VVZ_qKKUVK98pf7Cb69ksgH1ul72=w180-h180-l90-rj,,Bounce & Pa Bkb,Vian DTM,,,Bounce & Pa Bkb Vian DTM
2026-09-20,id,Indonesia,top_songs_weekly,,49,https://yt3.googleusercontent.com/CnRlHvII5qQcoLQ8XW3_0b7qOLpBaDFtrCR-rQaCyKyQxuycqhLUc1PatxRtYFiEpDzZyzWqE1wdO0l9Cw=w180-h180-l90-rj,,Ada titik-titik di ujung doa,Sal Priadi,,,Ada titik-titik di ujung doa Sal Priadi
2026-09-20,id,Indonesia,top_songs_weekly,,50,https://yt3.googleusercontent.com/S5zHo36-Cq7XBZvW9LNEVjQ0C-2niKUkEMjfl097vE4fLpKgunjjePEj0cNnn4JtCLNiwutLy48e_tpXHQ=w180-h180-l90-rj,,Separuh Aku,Peterpan,,,Separuh Aku Peterpan
2026-09-20,id,Indonesia,top_songs_weekly,,51,https://yt3.googleusercontent.com/EoJgLmCvN3rTHOx6BQNFPAmreqvaLbH7TcrLClNLQOpasJriwAyuKluKpDKgLgY54Od7yI7N8XgPDYhm=w180-h180-s-l90-rj,,Dirantai Digelangi Rindu,Exists,,,Dirantai Digelangi Rindu Exists
2026-09-20,id,Indonesia,top_songs_weekly,,52,https://yt3.googleusercontent.com/sLdIXi4rDh1_BuPpt6S-nBNGlGjBDG4aCzI97NvHUB1hBvmZI2lq6v_t0p75lDPORvGRt3rvO0Ni6ZxL2w=w180-h180-l90-rj,,Tentang Rindu,Virzha,,,Tentang Rindu Virzha
2026-09-20,id,Indonesia,top_songs_weekly,,53,https://yt3.googleusercontent.com/U5qR0zGdKFIj4lST6cEIucji-m8va5RTzC7edzMszCDtbkSIv5ZD1TSCIEOEeIxiU1QG4lDeV7yOBy9I=w180-h180-l90-rj,,Location Unknown ◐ [Brooklyn Session] (feat. BEKA),HONNE,,,Location Unknown ◐ [Brooklyn Session] (feat. BEKA) HONNE
2026-09-20,id,Indonesia,top_songs_weekly,,54,https://yt3.googleusercontent.com/OlsyF8L82chwdoVqON-g5H3BsEEgA0zSIYU_6SIZgMtLe0QzZPxzno91C6zJktuon6rjAv_UbmggkO_vyQ=w180-h180-l90-rj,,BAD,ATEEZ,"5月 22, 2026",1252432,"54 6 BAD ATEEZ 5月 22, 2026 60 8 1,252,432"
2026-09-20,id,Indonesia,top_songs_weekly,,55,https://i.ytimg.com/vi/6iAf-K3pf8U/default.jpg,https://www.youtube.com/watch?v=6iAf-K3pf8U,Helikopter Turun Ke Padang,Sabrinaaa,,,Helikopter Turun Ke Padang Sabrinaaa
2026-09-20,id,Indonesia,top_songs_weekly,,56,https://yt3.googleusercontent.com/jZz41PlytaSZKR2aCp4Bhn_aLeJbTZcJ3tWswzRwHpobminzl85wx1Hmw9ch-JELQKuh2xNgEVfSNZIZwA=w180-h180-l90-rj,,MUTIARA (Live),Laila Ayu / Irwan Krisdiyanto / Simpatik Music,,,"MUTIARA (Live) Laila Ayu , Irwan Krisdiyanto & Simpatik Music"
2026-09-20,id,Indonesia,top_songs_weekly,,57,https://yt3.googleusercontent.com/FBsKSRbF9dD9gKsMouEBNIymlDObANdcnZk4Lf_5QgTiq7V3gchHRsBXGgOLgDOOJuGkajoF5K-4qeA=w180-h180-l90-rj,,Lemon Tang,Hearts2Hearts,,,Lemon Tang Hearts2Hearts
2026-09-20,id,Indonesia,top_songs_weekly,,58,https://i.ytimg.com/vi/3eT464L1YRA/default.jpg,https://www.youtube.com/watch?v=3eT464L1YRA,Heaven,Bryan Adams,,,Heaven Bryan Adams
2026-09-20,id,Indonesia,top_songs_weekly,,59,https://yt3.googleusercontent.com/lxZmQlJ7OwaELxFiyws8Fj8SgmqCkfNXYkHgLEWJ-TeU_4J00gSSH96u5kmmslGVJs562i6Bo6st9dGQMg=w180-h180-l90-rj,,Siapa Di Hatimu,Rahmat Ekamatra,,,Siapa Di Hatimu Rahmat Ekamatra
2026-09-20,id,Indonesia,top_songs_weekly,,60,https://yt3.googleusercontent.com/wnvdTnQF6gyPEbJgIAAWmBnPh9_u9zSvNhSgxvg6Rin26BuAGFwJxk-rhUqwtEDsPmY8HZ5fsL0Fqpo=w180-h180-l90-rj,,Keong Racun,Ajeng Febria,,,Keong Racun Ajeng Febria
2026-09-20,id,Indonesia,top_songs_weekly,,61,https://yt3.googleusercontent.com/q0szuVtXvUdftTC8k9fjwazdEpoaCyWTZ1d5Xa3GWHhQPD6_59W_rPlmZRFa2rSFPLTmfOGEgvPfF9uBVg=w180-h180-l90-rj,,drop dead,Olivia Rodrigo,,,drop dead Olivia Rodrigo
2026-09-20,id,Indonesia,top_songs_weekly,,62,https://yt3.googleusercontent.com/WJo-JIxlTyF7qjJl3AjVct6z78W_dzrUBIEONbGLOpi2EKRlFOCp3kAruyGY2TSZy-UcfArkKR8NNEua=w180-h180-l90-rj,,Laut Kidul,Denny Caknan / Hendra Kumbara,,,Laut Kidul Denny Caknan & Hendra Kumbara
2026-09-20,id,Indonesia,top_songs_weekly,,63,https://yt3.googleusercontent.com/VNR0chjz79lOEZyy_ei6SEKTVdndA7dkGcjcGLdxQmigc6h5trIFeR6nOMd4HeAYxPCAd30unTjhLsQ=w180-h180-l90-rj,,DIRANTAI DIGELANGI RINDU,Laila Ayu / Irwan D'Academy / Simpatik Music,,,"DIRANTAI DIGELANGI RINDU Laila Ayu , Irwan D'Academy & Simpatik Music"
2026-09-20,id,Indonesia,top_songs_weekly,,64,https://yt3.googleusercontent.com/i2E82NuJXk2hn9kTXyUol9HwJ61U6-fe-uDq_XhH_z-z0banXwgj4bggXWnOT9kGf4szC4Q8_Si1tePK-g=w180-h180-l90-rj,,Dirantai Digelangi Rindu (feat. Yesa Oktavia),Yeni Inka,,,Dirantai Digelangi Rindu (feat. Yesa Oktavia) Yeni Inka
2026-09-20,id,Indonesia,top_songs_weekly,,65,https://yt3.googleusercontent.com/5wzBysl3sz6V7hP4WRAuTRuqqLJxXYybckuiVkSJsgCyK6tFtLU2Ps-pV67enyc7gdCGhpJkDAIvt7U=w180-h180-l90-rj,,Bukan Ku Tak Sudi,Iklim,,,Bukan Ku Tak Sudi Iklim
2026-09-20,id,Indonesia,top_songs_weekly,,66,https://yt3.googleusercontent.com/4hbeFSNhUM-sOQCpBHLLn6JFzNI2TqNVaJuPs7tQMo147MYcYinS3IAu-rLTNL5_iP_KDeRNkfWS_gqU=w180-h180-l90-rj,,SALAH APA,Laila Ayu / Simpatik Music / Irwan D'Academy,,,"SALAH APA Laila Ayu , Simpatik Music & Irwan D'Academy"
2026-09-20,id,Indonesia,top_songs_weekly,,67,https://i.ytimg.com/vi/MyVb-8mYV7Q/default.jpg,https://www.youtube.com/watch?v=MyVb-8mYV7Q,Cinta Terlarang,The Virgin,,,Cinta Terlarang The Virgin
2026-09-20,id,Indonesia,top_songs_weekly,,68,https://yt3.googleusercontent.com/mULTXajnCj_LtPVeO4l2KlbMdEh05QmY7lm3Qucw0jAbmzqV6dOUEkiahiRLt_50Z6BU24JoW5nSGkes=w180-h180-l90-rj,,Edan Turun (feat. Putri Agni),Wafiq Azizah,,,Edan Turun (feat. Putri Agni) Wafiq Azizah
2026-09-20,id,Indonesia,top_songs_weekly,,69,https://yt3.googleusercontent.com/dJJbQ61Ifmlmo8SUqvaEYGcvYold539mndswHiO69m3vsyZwcJy_lcR6KXqB5sEyI0-Zgjf4LYs0NgdVZQ=w180-h180-l90-rj,,Laut Kidul (feat. Yesa Oktavia),Yeni Inka,,,Laut Kidul (feat. Yesa Oktavia) Yeni Inka
2026-09-20,id,Indonesia,top_songs_weekly,,70,https://i.ytimg.com/vi/aDTx0sx0bl4/default.jpg,https://www.youtube.com/watch?v=aDTx0sx0bl4,Rindiani,Slam,"1月 1, 2009",941677,"70 20 Rindiani Slam 1月 1, 2009 90 14 941,677"
2026-09-20,id,Indonesia,top_songs_weekly,,71,https://yt3.googleusercontent.com/6LDZTIjk3nbSSsG8J0M2_ME4KWzt4MTZ7oqrZlWg-uZ1gRWnBKt9ySPibZ5l7GJ_-j6gB6hv-qLNaPE=w180-h180-l90-rj,,hate that i made you love me,Ariana Grande,,,hate that i made you love me Ariana Grande
2026-09-20,id,Indonesia,top_songs_weekly,,72,https://yt3.googleusercontent.com/VaL6zlBgJpn3W2tk49mwjy_c1B915Lbw5GMPsFY1gcGcyEo3AvufQQ3YCh9NRK_dwWadOwgyBqeS1GzT=w180-h180-l90-rj,,MUTIARA (Ska Reggae Version)(Live),Maulana Ardiansyah,,,MUTIARA (Ska Reggae Version)(Live) Maulana Ardiansyah
2026-09-20,id,Indonesia,top_songs_weekly,,73,https://yt3.googleusercontent.com/SP0cN9Mypy_WeKEajm03ERYOU_53KkHZpu4EQpSJUzcQ1H_3HhS1FmjR34KTstf-0DX83JLCCj9ouc-k1g=w180-h180-l90-rj,,Wonderwall,綠洲合唱團,,,Wonderwall 綠洲合唱團
2026-09-20,id,Indonesia,top_songs_weekly,,74,https://yt3.googleusercontent.com/D-DtU8RYSWN1jMwvVHyf1zTFsy8WHcwLrgvN5S9pUpHX2uGImErsl9PMdIp658tDx-D6W1IilOjAAefG=w180-h180-l90-rj,,To Love You More,Céline Dion,,,To Love You More Céline Dion
2026-09-20,id,Indonesia,top_songs_weekly,,75,https://yt3.googleusercontent.com/N-SBeSkXpxC-Okj00Up8kUUl-CQXJmbdtkRpcO3FktG2zDeePuwDcw_B1G3ymaAxBOUN4qL85HRSkUvO=w180-h180-l90-rj,,Die On This Hill,SIENNA SPIRO,,,Die On This Hill SIENNA SPIRO
2026-09-20,id,Indonesia,top_songs_weekly,,76,https://yt3.googleusercontent.com/3yZ-DPOigUT1R453gr5kVkQeu6PwZK1OivsZX7ozfFJog-H_VlxeJD9thjwH2zNA5x0IEzEt4w6PmK5t=w180-h180-l90-rj,,Just Give Me a Reason (feat. 奈特・瑞斯),P!NK,,,Just Give Me a Reason (feat. 奈特・瑞斯) P!NK
2026-09-20,id,Indonesia,top_songs_weekly,,77,https://yt3.googleusercontent.com/QgFG5RHpesQcNq4JDY51ot0i2GRRf7GFpiO49zyAVO2C5YyKxCTglY0A9c4zBCHWkLrtg7mi-0UY5Uc=w180-h180-l90-rj,,Cinderella (feat. Ty Dolla $ign),麥克‧米勒,,,Cinderella (feat. Ty Dolla $ign) 麥克‧米勒
2026-09-20,id,Indonesia,top_songs_weekly,,78,https://yt3.googleusercontent.com/MDD0MVe1K4RXAPQJii8fi4V-7m3ghmPXQfHnAWcRE6psNUXKRc47ZCEyFu1w1yIPJks1N79_Qk-N0BSE_g=w180-h180-l90-rj,,Silence (feat. Khalid),Marshmello,,,Silence (feat. Khalid) Marshmello
2026-09-20,id,Indonesia,top_songs_weekly,,79,https://yt3.googleusercontent.com/cMp9hjGUHjdemMGGm2HxSolO_gNvlTXllxe4Pv_T9GEsK79l85xvbX35ezq87hmbe6T68plwoTNioYmb=w180-h180-l90-rj,,Percuma,Anggis Devaki / Betrand Putra Onsu,,,Percuma Anggis Devaki & Betrand Putra Onsu
2026-09-20,id,Indonesia,top_songs_weekly,,80,https://yt3.googleusercontent.com/hO9lyqj8eolMtEMAmeNxXnBH-1PYWf0Yxsf93Bw2ovseUl2wEwMiZFy5GHjxyQM9xrYq4kqnws34geSr=w180-h180-l90-rj,,Mutiara,Ajeng Febria,,,Mutiara Ajeng Febria
2026-09-20,id,Indonesia,top_songs_weekly,,81,https://yt3.googleusercontent.com/VYJ4bYyHupJe1K4y3eWrg82IfGioP6rzeSJ0-hdTB-llJn5MbE9GCeWOA4ZwLyG7gyuYORWUbVvGMHbq=w180-h180-l90-rj,,FALLEN ANGEL,Jennie,,,FALLEN ANGEL Jennie
2026-09-20,id,Indonesia,top_songs_weekly,,82,https://yt3.googleusercontent.com/au-Ac-X-rlE1nR1dq4Sz_euSqM1iaj8SnhNf3PHFM17FoTT1lTi3QZ1mi1T15pbix9fmXEWoufxQzSlT=w180-h180-l90-rj,,Tujh Mein Rab Dikhta Hai,Roopkumar Rathod,,,Tujh Mein Rab Dikhta Hai Roopkumar Rathod
2026-09-20,id,Indonesia,top_songs_weekly,,83,https://yt3.googleusercontent.com/77ea97F29oHMbNi5x0Y-oiXblciolt1cMeDimlp63AICdq2zk6JXFWPYdUzLFplt2OPid6xVcb1bSsON=w180-h180-l90-rj,,"Merry Christmas, Please Don't Call",Bleachers (樂隊),,,"Merry Christmas, Please Don't Call Bleachers (樂隊)"
2026-09-20,id,Indonesia,top_songs_weekly,,84,https://yt3.googleusercontent.com/dOFhCKdeqT5Fm3Jwjfvy2Kvai7bDTE1NY2uG0bYTNUsjEp5OBhMogINSFJff7__JnvyBcW4_uh_aDy1_Gg=w180-h180-l90-rj,,Raci Kuah,Fresly Nikijuluw,,,Raci Kuah Fresly Nikijuluw
2026-09-20,id,Indonesia,top_songs_weekly,,85,https://yt3.googleusercontent.com/thkIBbY1sP5zjEuUCHkHeA2y-1tXW5qtFgRaIX1T5zXiLKwJpmws5xp1fkT7FKXDI79jJE404_8twVt5KQ=w180-h180-s-l90-rj,,On Bended Knee,Boyz II Men,,,On Bended Knee Boyz II Men
2026-09-20,id,Indonesia,top_songs_weekly,,86,https://yt3.googleusercontent.com/-h_EmlrGLsJwhih3lVHGDmK3CAmLdpqEIeerAuJ71qmJeZ_5zYf9ElWIEBNiB_6_CbXh4qHchBpOqhCu=w180-h180-l90-rj,,Creep,電臺司令,"9月 21, 1992",804559,"86 86 Creep 電台司令 9月 21, 1992 - 7 804,559"
2026-09-20,id,Indonesia,top_songs_weekly,,87,https://yt3.googleusercontent.com/HiNWnQLRJuHmL0tyP0m8bzgMv1LNyV2-zhhU7ewA4rLT25PEbqKyQN3ZvKgV-5Zd7Ds1-EbxbA3IMhzv_g=w180-h180-l90-rj,,Stand by Me,綠洲合唱團,,,Stand by Me 綠洲合唱團
2026-09-20,id,Indonesia,top_songs_weekly,,88,https://yt3.googleusercontent.com/9EvL4nCLbdBu-vxU7KRhx3SYnhLbqJhC-XhrN8Nqjp7vQDqdLW-9ijTfy4iPBqY6fmZfFqpPh-F_60hv=w180-h180-l90-rj,,Angel 2,Ajeng Febria,,,Angel 2 Ajeng Febria
2026-09-20,id,Indonesia,top_songs_weekly,,89,https://yt3.googleusercontent.com/N-SBeSkXpxC-Okj00Up8kUUl-CQXJmbdtkRpcO3FktG2zDeePuwDcw_B1G3ymaAxBOUN4qL85HRSkUvO=w180-h180-l90-rj,,Pure,SIENNA SPIRO,,,Pure SIENNA SPIRO
2026-09-20,id,Indonesia,top_songs_weekly,,90,https://yt3.googleusercontent.com/BKxUIETz1Vt8WcKm7bC2HP85RkhB5K6rbu3d-hNoe4kSkf_CJYJ0DqMknD3J85nUpilrGJMa7ipBnEJn-w=w180-h180-l90-rj,,Базовый минимум,SABI / 米亞·博伊卡,,,Базовый минимум SABI & 米亞·博伊卡
2026-09-20,id,Indonesia,top_songs_weekly,,91,https://yt3.googleusercontent.com/TE7Cpxfp7h2i-4Ro6DvIsWw8l9vTqrfdGjquwQ3bElnxzUgIxm7WhrHE0aOjoh5cmrzljhDzpKUqQX_J=w180-h180-l90-rj,,Perceraian Lara (feat. Fendik Adella),Difarina Indra Adella,,,Perceraian Lara (feat. Fendik Adella) Difarina Indra Adella
2026-09-20,id,Indonesia,top_songs_weekly,,92,https://yt3.googleusercontent.com/eDtektpJvDnFGOgOhVXgZhOJAhsdDJG0XapvYDx7LcIWhalcZadzzS1gSWT5t_TtO3NVI-jRBAwGU-ZD=w180-h180-l90-rj,,Satu,Dewa 19,"11月 24, 2004",759444,"92 5 Satu Dewa 19 11月 24, 2004 97 22 759,444"
2026-09-20,id,Indonesia,top_songs_weekly,,93,https://yt3.googleusercontent.com/ceKe2TeGIBclGIhfb1Tpb--BWtrn3eb0g4IKkoL-B132KMBWVmcrr5GkF64sE5ZyuZ6eNuvw38lDkLrNzA=w180-h180-l90-rj,,Moonride,Hearts2Hearts,,,Moonride Hearts2Hearts
2026-09-20,id,Indonesia,top_songs_weekly,,94,https://yt3.googleusercontent.com/Zl6lT-8KgSYiXI08I5ilE35LaWaDpVFYdBIEn_g_gJRGTBlb6xlMn4Ws226L3nMuhWl9UxRQZq5c1pZF=w180-h180-l90-rj,,REDRED,CORTIS,"4月 20, 2026",737958,"94 94 REDRED CORTIS 4月 20, 2026 - 20 737,958"
2026-09-20,id,Indonesia,top_songs_weekly,,95,https://yt3.googleusercontent.com/qVKfpsOuD6oubDnQVZ3fjTNiYXhxkN_e3e_bnlqmqykbK2Ft_7ZioiVqR1KpO_y0XT_Ij03Hv9O8zIUXWA=w180-h180-l90-rj,,Love All Day,SxyCip,,,Love All Day SxyCip
2026-09-20,id,Indonesia,top_songs_weekly,,96,https://yt3.googleusercontent.com/FMY1sCYSM2bNKbyVUDvS6Vbr8bx5oepGWNXoQcC-IZOLc0mTLB-jiMW7RH2tSRNTl8W36zVVKfSTcA9l=w180-h180-l90-rj,,Panek Di Awak Kayo Di Urang (feat. Fauzana),Frans,,,Panek Di Awak Kayo Di Urang (feat. Fauzana) Frans
2026-09-20,id,Indonesia,top_songs_weekly,,97,https://yt3.googleusercontent.com/x_afT6RIa8Y7z7pyrycpg9W_5vHlKTpDJStReYeDUv9i1wlWeWZx2FZJa8cn7KHPVteIzy-bXG7WrRk=w180-h180-l90-rj,,Aku Harus Pergi,Whisnu Santika / Ari Lesmana,,,Aku Harus Pergi Whisnu Santika & Ari Lesmana
2026-09-20,id,Indonesia,top_songs_weekly,,98,https://yt3.googleusercontent.com/O-GJm2YAHXjx3qGXCudYaEQH9NISCSM0WJyy8L4rqincw0hOeIbnb-mKpNVEpuiGCFkAEtTFAzEyPnw=w180-h180-l90-rj,,Jomblo (feat. Raka Mahesa),Bandung Music / Riyanti Darlia,,,Jomblo (feat. Raka Mahesa) Bandung Music & Riyanti Darlia
2026-09-20,id,Indonesia,top_songs_weekly,,99,https://yt3.googleusercontent.com/2OUpQNjY58jQq1STwHz2CRClwWkzhCCKtSBo6SC2N78LAMmFaXJdSGkUENX7yw0g2CpCQ3RjejB_Fj4=w180-h180-l90-rj,,Life Goes On,Oliver Tree,,,Life Goes On Oliver Tree
2026-09-20,id,Indonesia,top_songs_weekly,,100,https://yt3.googleusercontent.com/Jvihb9_Wo0SwM-eOskCRHBcYEdEDZOU1ddOlMPerErBKug_TGxZOaeCmRDEQTumwkXyipGP9vwq05OP41Q=w180-h180-l90-rj,,Warok Ponorogo,KAJAWI,,,Warok Ponorogo KAJAWI
2026-09-20,in,India,top_songs_weekly,,1,https://yt3.googleusercontent.com/lph_AYE9fU1VteHx7zG6DGesN-NvVDTs79j1q4DCHZS980-UryiOlKlLgtDkIBr2niDVO0WZdTg2fnA=w180-h180-l90-rj,,SaWaDiKa,LISA,"8月 27, 2026",48609434,"1 New SaWaDiKa LISA 8月 27, 2026 - 1 48,609,434"
2026-09-20,in,India,top_songs_weekly,,2,https://yt3.googleusercontent.com/naKgO_9vvIczuf7Vq1llQyRAQOOW898kBZN3pio-Bkbfcmdu3Gv14_ivEBZiHAow8VbPEq1bhO0j2DU=w180-h180-l90-rj,,KALYANI (Remix),ARJN / KDS / FIFTY4 / 舒蕾亞·戈沙爾,,,"KALYANI (Remix) ARJN , KDS , FIFTY4 & 舒蕾亞·戈沙爾"
2026-09-20,in,India,top_songs_weekly,,3,https://yt3.googleusercontent.com/WDXRUHOAdSgW_CUGvGFrK4AlHBn-M4-DTkh_oYwAY_NN7tjO1-P-cwPq-xefOMgd-xcN9KRWZCGgnQ=w180-h180-l90-rj,,Yeshanagula,Prabha Bangarigalla / Jangi Reddy / 希厄姆·卡莎拉,,,"Yeshanagula Prabha Bangarigalla , Jangi Reddy & 希厄姆·卡莎拉"
2026-09-20,in,India,top_songs_weekly,,4,https://yt3.googleusercontent.com/whlIw9-DTRE2_pUZm7v6Hmbyr0AQxZrHEL2DeNKnsCOFtUfRhY2QO0OCrCmcQEiqMvqC4Tu0ERjsYyKoJA=w180-h180-l90-rj,,Irumudi Kattu,G.V. Prakash Kumar / Ananthu / Shiva Nirvana / Kalyan Chakravarthy Tripuraneni,,,"Irumudi Kattu G.V. Prakash Kumar , Ananthu , Shiva Nirvana & Kalyan Chakravarthy Tripuraneni"
2026-09-20,in,India,top_songs_weekly,,5,https://yt3.googleusercontent.com/Arv93jzh4R-cY1yEusDzcPCZzUuSIpHiyggsYeR38hdWXtkKvx9TIyvR3R6G9YYry7kVe349VDwvVcLB=w180-h180-l90-rj,,Parvati,Sadhu Tiwari,,,Parvati Sadhu Tiwari
2026-09-20,in,India,top_songs_weekly,,6,https://yt3.googleusercontent.com/whlIw9-DTRE2_pUZm7v6Hmbyr0AQxZrHEL2DeNKnsCOFtUfRhY2QO0OCrCmcQEiqMvqC4Tu0ERjsYyKoJA=w180-h180-l90-rj,,Mallepoola Pallaki,G.V. Prakash Kumar / Dappu Srinu,,,Mallepoola Pallaki G.V. Prakash Kumar & Dappu Srinu
2026-09-20,in,India,top_songs_weekly,,7,https://yt3.googleusercontent.com/7_06KmE85Uk8mngpR0_lw_zf9qqmsN9rW1xTF57d9DegptGKJ9Qw_r6Xdi26OnXy7NxdiWbPqusEQ2W2xA=w180-h180-l90-rj,,Barsaat,Banjaare / Roni,,,Barsaat Banjaare & Roni
2026-09-20,in,India,top_songs_weekly,,8,https://yt3.googleusercontent.com/fQQQd_5ekiUbYRth6Yf7ZmkgS7Mf-VmxRCyqPpef-KgJVqISZqDKpjjU3zvfDVh9qr03MxPChTiYHyg=w180-h180-l90-rj,,Neno Butterfly,G.V. Prakash Kumar / Sublahshini,,,Neno Butterfly G.V. Prakash Kumar & Sublahshini
2026-09-20,in,India,top_songs_weekly,,9,https://yt3.googleusercontent.com/7Zsektrtwnf2UlL5CWGtSxi8JDfT8h4me73j31Mk-bDe5qbfUz7dtt1MUy-QlwkaGBWaIXucHF-r2KiCUQ=w180-h180-l90-rj,,Shararat,沙赫瓦特·薩赫迪夫 / Madhubanti Bagchi / 雅斯文·桑德拉斯,,,"Shararat 沙赫瓦特·薩赫迪夫 , Madhubanti Bagchi & 雅斯文·桑德拉斯"
2026-09-20,in,India,top_songs_weekly,,10,https://yt3.googleusercontent.com/B1p2-JcIuomNuey91o6bvshtrtw2gr0pH1bIviJxDqNZiT9et79lCgY4-pU-6FhVNWbi9FrnOtJ35t8=w180-h180-l90-rj,,Gehra Hua,沙赫瓦特·薩赫迪夫 / Arijit Singh / Irshad Kamil / Armaan Khan,,,"Gehra Hua 沙赫瓦特·薩赫迪夫 , Arijit Singh , Irshad Kamil & Armaan Khan"
2026-09-20,in,India,top_songs_weekly,,11,https://yt3.googleusercontent.com/be_gE5Va2RF56pIw3g-AbSsm7-X4VApfbuR5YsRhAzF3NR-adNGyAlB1L7AFJSgytnqXtBd9-E3Is_Kx=w180-h180-l90-rj,,Basinga Balaalu,Swamy Naresh / Srinidhi Nerella / Kalyan Keys,,,"Basinga Balaalu Swamy Naresh , Srinidhi Nerella & Kalyan Keys"
2026-09-20,in,India,top_songs_weekly,,12,https://yt3.googleusercontent.com/0Op0Fx0S1C5pJhm0QrARCZ_R-7YzHk9q47bKwpAl-cVLj4sR2zUeJyjFz7NrZdRE3zefz6nmqBtDi8BZ=w180-h180-l90-rj,,Barbadi Hoi,Shilpi Raj,,,Barbadi Hoi Shilpi Raj
2026-09-20,in,India,top_songs_weekly,,13,https://yt3.googleusercontent.com/DjjYqCa8cFL9GWy8JudDZk-S2TU4ou97LlPEF8dAv1rbZV0VzBgB_pKIneinOWMGAMVunUAypQpm4rg=w180-h180-l90-rj,,Tera Mera Rishta,米通 / Pritam / Mustafa Zahid / Sayeed Quadri / Saaj Bhatt / Subodhh Sharma,,,"Tera Mera Rishta 米通 , Pritam , Mustafa Zahid , Sayeed Quadri , Saaj Bhatt & Subodhh Sharma"
2026-09-20,in,India,top_songs_weekly,,14,https://yt3.googleusercontent.com/LF_Gw__z3R6L4Mbz1cW7RDKXYiNcYTxBR2QrrWk0gXgUDhv9uOx01XLtvlmf4PGBISXNIlp2r0XxLU_2=w180-h180-l90-rj,,Bairan,Banjaare,"1月 23, 2026",12740983,"14 3 Bairan Banjaare 1月 23, 2026 11 27 12,740,983"
2026-09-20,in,India,top_songs_weekly,,15,https://yt3.googleusercontent.com/whlIw9-DTRE2_pUZm7v6Hmbyr0AQxZrHEL2DeNKnsCOFtUfRhY2QO0OCrCmcQEiqMvqC4Tu0ERjsYyKoJA=w180-h180-l90-rj,,YAALALO YAALALO,G.V. Prakash Kumar / Hesham Abdul Wahab / Sadhika K R / Anantha Sreeram,,,"YAALALO YAALALO G.V. Prakash Kumar , Hesham Abdul Wahab , Sadhika K R & Anantha Sreeram"
2026-09-20,in,India,top_songs_weekly,,16,https://yt3.googleusercontent.com/YpHZO1DBcGPbgywaeckHbkkiI-b4OetQDJnQtCM--usqBrKljB-9uXax23i3hHI-PiTlyyHLBdYScSeGRQ=w180-h180-l90-rj,,Radhimaa,Sai Abhyankkar / Nargis Teji / Asma Teji / Vivek / Sai Smriti,,,"Radhimaa Sai Abhyankkar , Nargis Teji , Asma Teji , Vivek & Sai Smriti"
2026-09-20,in,India,top_songs_weekly,,17,https://yt3.googleusercontent.com/HXBIgIEFaSYmyLdP_3t8WYbPimxk1PpxJF0k9VY6ZCXzeEbiT-tuKxJbUU36R_OtYyWlFHYETEneMhd2=w180-h180-l90-rj,,Ishq de Fanniyar,Jyotica Tangri,,,Ishq de Fanniyar Jyotica Tangri
2026-09-20,in,India,top_songs_weekly,,18,https://yt3.googleusercontent.com/OotE8xDKqeutvwDbJja54xdhYmC0eH5qKhaH-icvoPAuAC4flbqL90_LVKN0ltB8Ycoh7-q6za6pxaFv=w180-h180-l90-rj,,Boom Shaka,KR$NA / Dhanda Nyoliwala,,,Boom Shaka KR$NA & Dhanda Nyoliwala
2026-09-20,in,India,top_songs_weekly,,19,https://yt3.googleusercontent.com/UiiblCTpGyk9jYCczdZ75PYZxykG18LLsILY3ckW1u140MmO1w5qKlVBIOW7lartvpNC7eAkZDhCUygN=w180-h180-l90-rj,,Fortuner (feat. Gulshan Music & Jaat Nia),Raj Mawar / Ruchika Jangid,,,Fortuner (feat. Gulshan Music & Jaat Nia) Raj Mawar & Ruchika Jangid
2026-09-20,in,India,top_songs_weekly,,20,https://yt3.googleusercontent.com/qSLRDoW9xku1Tn0g5cH-1Xfw4NF7HjSdPU8j0rfsNoPSl3r5TN-5OEC8g8mF_I1TbpxDDMZp4t_mlE6y=w180-h180-l90-rj,,Sheesha (Aakhya Mai Aakh Ghali Jo Bairan),Mitta Ror / Swara Verma,,,Sheesha (Aakhya Mai Aakh Ghali Jo Bairan) Mitta Ror & Swara Verma
2026-09-20,in,India,top_songs_weekly,,21,https://yt3.googleusercontent.com/JXVAUSzi2vxkPX8p6DlfrOf9vgOP2pqW_M6rXKT6LT5dR8cUwsquw84see1tJdMEh2JBb4zcG1kxpRKf=w180-h180-l90-rj,,Pavazha Malli (Unplugged),Sai Abhyankkar / Shruthi Hassan / Vivek,,,"Pavazha Malli (Unplugged) Sai Abhyankkar , Shruthi Hassan & Vivek"
2026-09-20,in,India,top_songs_weekly,,22,https://yt3.googleusercontent.com/0pkwx8J4M_khsEmw8i-TJ4NvEmi-OD5pjbdIvAmFroWRPgBp5_P4tDCAcThJ4XnGh3k2DaKp_jeIGjx7=w180-h180-l90-rj,,Jaiye Sajana,沙赫瓦特·薩赫迪夫 / 施廷德·薩爾塔 / 雅斯文·桑德拉斯,,,"Jaiye Sajana 沙赫瓦特·薩赫迪夫 , 施廷德·薩爾塔 & 雅斯文·桑德拉斯"
2026-09-20,in,India,top_songs_weekly,,23,https://yt3.googleusercontent.com/TrshWIhdbsgtW5MtqxGYDATm5OVMGdXRBe6HFSW7lhgwGI_XqzXP4QEmOwOjgaKX6iwBgg5GJP8TbnI=w180-h180-l90-rj,,Vaaroon Forever,阿南德·巴斯卡爾 / Romy / 舒蕾亞·戈沙爾 / Ginny Diwan,,,"Vaaroon Forever 阿南德·巴斯卡爾 , Romy , 舒蕾亞·戈沙爾 & Ginny Diwan"
2026-09-20,in,India,top_songs_weekly,,24,https://yt3.googleusercontent.com/Vx1LLANAw5AI1g4ahBuAVc1WIr2McAZ9M6ip2NUkG6DzHqUIR6DfJPQyPD0PZPsNWtCUjEvUet_UAOX1=w180-h180-l90-rj,,Soja Zara,Madhushree,,,Soja Zara Madhushree
2026-09-20,in,India,top_songs_weekly,,25,https://yt3.googleusercontent.com/U15AdXEtMimNFYJkNrs_0NJnnQTeeG-t6wZk7FaNuvlAb-zylhUhNj8mpY79KpUTrMneXCz3ZJeZbR5D1Q=w180-h180-l90-rj,,Nach Nagin Jaisan,Raushan Rohi / Khushi Kakkar,,,Nach Nagin Jaisan Raushan Rohi & Khushi Kakkar
2026-09-20,in,India,top_songs_weekly,,26,https://i.ytimg.com/vi/6qBdQzPnw4E/default.jpg,https://www.youtube.com/watch?v=6qBdQzPnw4E,Dil Laga Liya,阿爾卡·雅格尼克 / Udit Narayan,,,Dil Laga Liya 阿爾卡·雅格尼克 & Udit Narayan
2026-09-20,in,India,top_songs_weekly,,27,https://yt3.googleusercontent.com/F_zOOpQrlMOrIT50KDXGX54temlvXtXhWM-9e6TBAxCSP-F_Tt8bxONr5jBN7UwvoCwUifR0xph_QQeX=w180-h180-l90-rj,,Alaakaa Loova,Sai Abhyankkar / Rokesh,,,Alaakaa Loova Sai Abhyankkar & Rokesh
2026-09-20,in,India,top_songs_weekly,,28,https://yt3.googleusercontent.com/Arv93jzh4R-cY1yEusDzcPCZzUuSIpHiyggsYeR38hdWXtkKvx9TIyvR3R6G9YYry7kVe349VDwvVcLB=w180-h180-l90-rj,,Maine Tere Hi Bharose,Suneel Lodhi,,,Maine Tere Hi Bharose Suneel Lodhi
2026-09-20,in,India,top_songs_weekly,,29,https://yt3.googleusercontent.com/h86CrhB0x2rZNf6CfRh0Kq4xXuasxQQkIGPJbCfmoEuIygvgas8Q07CL3moyU8xI9Z9Sndy-MnNG7sc=w180-h180-l90-rj,,Mithe Tere Bol Pari,Masoom Sharma / Pranjal Dahiya / Aman Jaji,,,"Mithe Tere Bol Pari Masoom Sharma , Pranjal Dahiya & Aman Jaji"
2026-09-20,in,India,top_songs_weekly,,30,https://yt3.googleusercontent.com/nZevbUEupxBKmJ3VR6f4rdlYv5Tr53yVHws35zJg9JId6uuBAHgEeRDmf87DcEQkLCJFSHN31BLjYJE=w180-h180-l90-rj,,Aaya Sher,Anirudh Ravichander / Jangi Reddy / Arjun Chandy / 希厄姆·卡莎拉,,,"Aaya Sher Anirudh Ravichander , Jangi Reddy , Arjun Chandy & 希厄姆·卡莎拉"
2026-09-20,in,India,top_songs_weekly,,31,https://yt3.googleusercontent.com/ZJVrXso4bM3pdVhI782w_ZWjI-GGSvAfizmg-smr64xWW9M4fuiQifL1UWvD9eGf_dtCrXVJXQL4Qhij=w180-h180-l90-rj,,Mutta Kalakki,G.V. Prakash Kumar,,,Mutta Kalakki G.V. Prakash Kumar &
2026-09-20,in,India,top_songs_weekly,,32,https://yt3.googleusercontent.com/r4_aQ4zu8tnAdVOXMeFUXUjtt67gsof5ilFGquRRB6ZnhzUHX9jo6QSn1q3v-Xaoh_Mr-cqGO42pSXFc=w180-h180-l90-rj,,अफीम,克瑟利·拉爾·亞達夫 / Shilpi Raj / Vicky Vox / Krishna Bedardi,,,"अफीम 克瑟利·拉爾·亞達夫 , Shilpi Raj , Vicky Vox & Krishna Bedardi"
2026-09-20,in,India,top_songs_weekly,,33,https://i.ytimg.com/vi/4n4jH9ZuJ-Q/default.jpg,https://www.youtube.com/watch?v=4n4jH9ZuJ-Q,तोरा लेखा बदमाश के मुआ दी खेसरिया धांस के,Tuntun Yadav,,,तोरा लेखा बदमाश के मुआ दी खेसरिया धांस के Tuntun Yadav
2026-09-20,in,India,top_songs_weekly,,34,https://yt3.googleusercontent.com/qqNJRJKU_nyD0g-Xmj-J50UE_8HEIGl-rczd0EKQLYnSd4HeySfoZqfBOxB4p_SKW-1ioC6V9_mjPbO4=w180-h180-l90-rj,,पलंग सागवान के,克瑟利·拉爾·亞達夫 / Indu Sonali,,,पलंग सागवान के 克瑟利·拉爾·亞達夫 & Indu Sonali
2026-09-20,in,India,top_songs_weekly,,35,https://yt3.googleusercontent.com/uzfTAu64E4d7zsoQHAd2sOX24RIYd5jYeaX3B_STbS0lk0X_cxrTquiFmZEU3khp6WwtTFrrmEEiaEg=w180-h180-l90-rj,,Khat,Navjot Ahuja,,,Khat Navjot Ahuja
2026-09-20,in,India,top_songs_weekly,,36,https://yt3.googleusercontent.com/BzOBERVwxHIkVDpePVN8mnT0MID3cySSHcZvY84FHusBL78dxkdpWBBk8o4O5e8BaenNlHKlI9fWb_Rccw=w180-h180-l90-rj,,Boyfriend,Karan Aujla / Ikky,,,Boyfriend Karan Aujla & Ikky
2026-09-20,in,India,top_songs_weekly,,37,https://yt3.googleusercontent.com/FxtWC1ssBcFqA4X7S1uvRSoYJ2Nahv7L6_WV6w5CouTJko7_en7eFvOCh_hc-6UpYx5_kgO5hIG1ODI=w180-h180-l90-rj,,Bairi,Virat Jayal / Pradeep Solanki / Heena,,,"Bairi Virat Jayal , Pradeep Solanki & Heena"
2026-09-20,in,India,top_songs_weekly,,38,https://yt3.googleusercontent.com/_3Xhg_Tpnh4MSm2Xtp1RzNdNKk0rfpZCfoyJtuBm6R5J4ql93Dn5jInzmUJKH03nmpEQ4ehSBd5l71ly=w180-h180-l90-rj,,Banjaara,穆罕默德·伊爾凡 / 米通,,,Banjaara 穆罕默德·伊爾凡 & 米通
2026-09-20,in,India,top_songs_weekly,,39,https://yt3.googleusercontent.com/9ejQki8p5r46B0jGiMa7talsLlmp-W0oAM6Vu8CoSQjcCxcj39RceRHfS-E86H-czomzbv429pxHrCxB=w180-h180-l90-rj,,Karuppa Kooda Va,Sai Abhyankkar / V·M·馬哈林加姆,,,Karuppa Kooda Va Sai Abhyankkar & V·M·馬哈林加姆
2026-09-20,in,India,top_songs_weekly,,40,https://yt3.googleusercontent.com/XvvdvvJF54vqL_1FSspuGguIKMMz5OhyhXMRls0jrBra5OcVujKFCHdI-hKxtnwbO-v-lDKdPmSUD_h33w=w180-h180-l90-rj,,Sitaare,Arijit Singh / Shruti Dhasmana,,,Sitaare Arijit Singh & Shruti Dhasmana
2026-09-20,in,India,top_songs_weekly,,41,https://yt3.googleusercontent.com/upmvJG0pEwTDgchGiPgUlLoC4YeC1YLG3DH3NHvUMqFw6OSworHi4Ea02wHR9IGP_gesSLBWfIm2pVE=w180-h180-l90-rj,,Tera Mera Rishta Purana,Pritam / Mustafa Zahid / Sayeed Quadri,,,"Tera Mera Rishta Purana Pritam , Mustafa Zahid & Sayeed Quadri"
2026-09-20,in,India,top_songs_weekly,,42,https://yt3.googleusercontent.com/YTlIAf6f43luMspNmyCuNpu2Lfae-6JBH_1O12HfJAJhhZotSr1igU__0B34rUqptu99U3KEpKA5i14=w180-h180-l90-rj,,Kabze,Bintu Pabra / Shiva Choudhary / Sihag Muzik,,,"Kabze Bintu Pabra , Shiva Choudhary & Sihag Muzik"
2026-09-20,in,India,top_songs_weekly,,43,https://yt3.googleusercontent.com/OQMwA4BC4ds_3UlxtnckZ9ckVEO1B-8NGaYYzrU6inSoT8Df5uSh4F0Ld64w1zJTYH0WH32QEEm63DM=w180-h180-l90-rj,,Kamar DJ Pe,Manish Sonipat Aala / Bali Sharma / Vampire,,,"Kamar DJ Pe Manish Sonipat Aala , Bali Sharma & Vampire"
2026-09-20,in,India,top_songs_weekly,,44,https://yt3.googleusercontent.com/t3GXDvOjTppLsJ4pbHUIi-VhALz6I4tvMg7S0ipo1Lu1Wvf1PK79jLc3cbyGYaBgybU5v2VTPZM7TPWT=w180-h180-l90-rj,,Asalayavale,傑克斯·貝喬 / 席德·斯里拉姆 / Mohammed Maqbool Mansoor / Muthu,,,"Asalayavale 傑克斯·貝喬 , 席德·斯里拉姆 , Mohammed Maqbool Mansoor & Muthu"
2026-09-20,in,India,top_songs_weekly,,45,https://yt3.googleusercontent.com/kIG_Ks5fsPd9dHNttIv9_v-LG4y_3T-C97N-LQbahylnlmxJuXbYJkE57-XHnqLgFRAAT6gvlbMOJ6Y8=w180-h180-l90-rj,,Aarzu,Noor / Khan / Madhurxo,,,"Aarzu Noor , Khan & Madhurxo"
2026-09-20,in,India,top_songs_weekly,,46,https://yt3.googleusercontent.com/NnmFTm_76YyUwVidT2WbyooIslLM5LwKBUnoROz_M6E-s5cuounVKOpiAseEm1wKOyOTuk9Zztd1bQx0=w180-h180-l90-rj,,80 Lakh,D Naveen / Shiva Choudhary / Sweta Chauhan,,,"80 Lakh D Naveen , Shiva Choudhary & Sweta Chauhan"
2026-09-20,in,India,top_songs_weekly,,47,https://yt3.googleusercontent.com/XOlD5i0QhYzqekrdeFv9xbbwe-Le903TNQa3O1oat2gq7Vkrfx-oBS2Co7Sd3JedNzb9tcd6YgPwkJOo2A=w180-h180-l90-rj,,Thalapathy Kacheri,Anirudh Ravichander / Vijay / Arivu,,,"Thalapathy Kacheri Anirudh Ravichander , Vijay & Arivu"
2026-09-20,in,India,top_songs_weekly,,48,https://yt3.googleusercontent.com/5DmEPue4sQkCQ597TgmK5t6xsfuL7-3dV3qFHHYOmjkNMDdj5koDk4YwBC-9Jhez-s6e5kNgZaQuOTU=w180-h180-l90-rj,,Ishq Sufiyana,Kamal Khan / 維沙爾·謝卡爾,,,Ishq Sufiyana Kamal Khan & 維沙爾·謝卡爾
2026-09-20,in,India,top_songs_weekly,,49,https://yt3.googleusercontent.com/x9UFZdsUFYcbmhk9BM4bMn5SYcWpKzrHNJAB-_cTEXrG2lZPBXV7GJEbWuERexVQ14nE14ws2ZN1M8U=w180-h180-l90-rj,,Jeene Laga Hoon,阿蒂夫·阿斯拉姆 / 舒蕾亞·戈沙爾,,,Jeene Laga Hoon 阿蒂夫·阿斯拉姆 & 舒蕾亞·戈沙爾
2026-09-20,in,India,top_songs_weekly,,50,https://yt3.googleusercontent.com/0ifsHj6e3RLiNbXb95WJ1DqwA62h181vbvYGusB-O-S6aUQcDqu2HTtZ_7E49QiIOfbjssJVUpY50nk=w180-h180-l90-rj,,Udi Udi,Aneesh / SARKAR / Hruday,,,"Udi Udi Aneesh , SARKAR & Hruday"
2026-09-20,in,India,top_songs_weekly,,51,https://yt3.googleusercontent.com/U0PU5tJG4US48oGseQmuHfRxvQzVrUTLLd4PL7NhzH8ZbMcUI-sHRiabW1mpnGNaJZ_xxz1b-_cjsEc=w180-h180-l90-rj,,Mujhse Mohabbat Ka,庫馬・山奴 / 阿爾卡·雅格尼克,,,Mujhse Mohabbat Ka 庫馬・山奴 & 阿爾卡·雅格尼克
2026-09-20,in,India,top_songs_weekly,,52,https://yt3.googleusercontent.com/zi2CpzL8jnlXcH7_8rBgQoYF3ljOLtydjCtssSVL0q0YYAPrfh-tScUIBnM59m4Uu3oyxbBN3ri6HfZZ=w180-h180-l90-rj,,Do Numbari (From “Mirzapur The Movie”),Dhanda Nyoliwala,,,Do Numbari (From “Mirzapur The Movie”) Dhanda Nyoliwala
2026-09-20,in,India,top_songs_weekly,,53,https://yt3.googleusercontent.com/A4Ac8nerLlhuUMph4lqUjqElJ8l54r8oz6m4qMslx-RwN9p02OpIaAiOy-CB1kxK65z-DWcACt4IVvfb=w180-h180-l90-rj,,Abhi Toh Party Shuru Hui Hai,Badshah / 安絲·吉爾,,,Abhi Toh Party Shuru Hui Hai Badshah & 安絲·吉爾
2026-09-20,in,India,top_songs_weekly,,54,https://yt3.googleusercontent.com/9qFfsVs_ZuwP2kEk0VAiOVgmgPyRmiCIzAon1WTD4PpRGeGp-cLYQR8vkmO8Bo3zRpIpi893w3hpayp8=w180-h180-s-l90-rj,,Bulleya,維沙爾·謝卡爾 / Papon,,,Bulleya 維沙爾·謝卡爾 & Papon
2026-09-20,in,India,top_songs_weekly,,55,https://yt3.googleusercontent.com/jhcLVyTBNlaNIpHAlICvAHEe7fJWV5drrZ3swstjLQ9bZiLl5Lgmj5vONF0R7Fi083SaKKZ6rxhptMM=w180-h180-l90-rj,,"Samjho Na (From ""The Vvaan"")",Tanishk Bagchi / 馬諾伊·蒙塔舍,,,"Samjho Na (From ""The Vvaan"") Tanishk Bagchi & 馬諾伊·蒙塔舍"
2026-09-20,in,India,top_songs_weekly,,56,https://yt3.googleusercontent.com/zlFyYzhZnDx8CAU-K3vGowr_BwMEcqWh-BziQlQhHDRvJVAVp1ZL0UWeHzJX6S7WA3umJepj-xPXIZ7b=w180-h180-l90-rj,,TATVDARSHI,Masoom Sharma / Harry Lather / Thinker,,,"TATVDARSHI Masoom Sharma , Harry Lather & Thinker"
2026-09-20,in,India,top_songs_weekly,,57,https://yt3.googleusercontent.com/1gYyxGSjJ4Rkbu21xa9hDKkWTkjl6eeQtVigbNkNC9fEGhWxkHqCetDdGD5Kf-o71JB0vfKgJO_L7as=w180-h180-l90-rj,,Saanson Ko,Shaarib Toshi / Arijit Singh,,,Saanson Ko Shaarib Toshi & Arijit Singh
2026-09-20,in,India,top_songs_weekly,,58,https://yt3.googleusercontent.com/KyKnOQ8QpNiek4-0RBYSBCV8Mh-U4PYPRuadLy66CITwkVSQQUowRqFLPJTXbgZozQjTMf1Ij59SozFh=w180-h180-l90-rj,,Teri Yaadon Mein,KK / 舒蕾亞·戈沙爾,,,Teri Yaadon Mein KK & 舒蕾亞·戈沙爾
2026-09-20,in,India,top_songs_weekly,,59,https://yt3.googleusercontent.com/CR9SHbXW0ItnDCfYqGSOrYwctSQwIga47tC_8jEh5dxfftv1AyZch-1SD2vvbNvP8WJYRXt6sbV89f0=w180-h180-l90-rj,,Chandi Ki Daal Par,薩爾曼·汗 / 阿爾卡·雅格尼克,,,Chandi Ki Daal Par 薩爾曼·汗 & 阿爾卡·雅格尼克
2026-09-20,in,India,top_songs_weekly,,60,https://yt3.googleusercontent.com/huOFstJfNHqktRib4PwvDOrHNN2EL-2_d8aiASQY63QvpL5x9xKVDBsj94MnAnYnYGADYMNMqg9gEQ48=w180-h180-l90-rj,,Andaaz e Karam,Madhur Sharma / Moin / ER / Swarit Shukle / Mehak V / Vishal Jagtap / Udit Patil / Pradeep Dhakad,,,"Andaaz e Karam Madhur Sharma , Moin , ER , Swarit Shukle , Mehak V , Vishal Jagtap , Udit Patil & Pradeep Dhakad"
2026-09-20,in,India,top_songs_weekly,,61,https://yt3.googleusercontent.com/klHyWoNuDYa65qFIoc0ID6f6Lj8oxxcCQI4983gP2RdxtXlV-BYvyILQBOtzk1cTUhOt5sWU7q_zQgA=w180-h180-l90-rj,,आएगा मज़्ज़ा बरसात का,阿爾卡·雅格尼克 / Babul Supriyo,,,आएगा मज़्ज़ा बरसात का 阿爾卡·雅格尼克 & Babul Supriyo
2026-09-20,in,India,top_songs_weekly,,62,https://yt3.googleusercontent.com/jvP1eun9fOtAnJLYFMj5r2QflaLM9N1ZyKG4sUGazAQyTwSl7akf59hrPwXTSinhCLvS9nxymmBNNqg=w180-h180-l90-rj,,Bum Baa Diga Diga,Anirudh Ravichander / Vedan / Heisenberg,,,"Bum Baa Diga Diga Anirudh Ravichander , Vedan & Heisenberg"
2026-09-20,in,India,top_songs_weekly,,63,https://yt3.googleusercontent.com/rirlc3hmOGpqi6HQlA7bYrQ_eUs93RNkY5hvOjvVM0TXQdrwNc9_z2BCml7ORw7UaB2Svh05-Y5Xv8ay_A=w180-h180-l90-rj,,Vaaroon (feat. Romy & Ginny Diwan),阿南德·巴斯卡爾,,,Vaaroon (feat. Romy & Ginny Diwan) 阿南德·巴斯卡爾
2026-09-20,in,India,top_songs_weekly,,64,https://yt3.googleusercontent.com/pE4o2eN0rFE_4De5nnhoaiNjKo8hHGD_cAWMSx-Nmsb4oActIxSB90-rG5LG-aPqGe1yRjelIns3duvIhg=w180-h180-l90-rj,,Maiyya Yashoda,Kavita Krishnamurthy / 阿爾卡·雅格尼克 / Anuradha Paudwal,,,"Maiyya Yashoda Kavita Krishnamurthy , 阿爾卡·雅格尼克 & Anuradha Paudwal"
2026-09-20,in,India,top_songs_weekly,,65,https://yt3.googleusercontent.com/Arv93jzh4R-cY1yEusDzcPCZzUuSIpHiyggsYeR38hdWXtkKvx9TIyvR3R6G9YYry7kVe349VDwvVcLB=w180-h180-l90-rj,,Aavagaman,Sadhu Tiwari,,,Aavagaman Sadhu Tiwari
2026-09-20,in,India,top_songs_weekly,,66,https://i.ytimg.com/vi/Owv1GBWXkwY/default.jpg,https://www.youtube.com/watch?v=Owv1GBWXkwY,Kaho Na Kaho,Amir Jamal,,,Kaho Na Kaho Amir Jamal
2026-09-20,in,India,top_songs_weekly,,67,https://yt3.googleusercontent.com/xd4g3VgUwJxnxJ6Ck2hBrgU1WHXaAa8iJ_HRWeujas1kq4veCvndmsuWev2RpbnV8IXtvGYDhIPiDnw=w180-h180-l90-rj,,O Sanam,Akhil Sachdeva,,,O Sanam Akhil Sachdeva
2026-09-20,in,India,top_songs_weekly,,68,https://yt3.googleusercontent.com/K4yAOhTBdzugH8OPlGS_bYSFfzoPuaZKutzXx-gWJFN_3esvN0K58KyYK0hPl-erfqq69NKd3vhzWrLy=w180-h180-l90-rj,,Radha Kaise Na Jale,A. R. Rahman / Asha Bhosle / Udit Narayan / Vaishali Samant,,,"Radha Kaise Na Jale A. R. Rahman , Asha Bhosle , Udit Narayan & Vaishali Samant"
2026-09-20,in,India,top_songs_weekly,,69,https://yt3.googleusercontent.com/rfk664Pl2AHH44a0Du2czXg-EhFwgKw_R3K-DEPmSz9zvM-rf4r5izHzB1cqqYuLuVUnszM464q0nml-=w180-h180-l90-rj,,Raga of Revenge,Anirudh Ravichander,,,Raga of Revenge Anirudh Ravichander
2026-09-20,in,India,top_songs_weekly,,70,https://yt3.googleusercontent.com/wT9OeYXVuf7P5mzjgOtZdAu9-872PnURnveIB6AiRoroHzlAFz2_6pMxk3XKgGuRWwCtJpn5Hkx0Ag=w180-h180-l90-rj,,Nallaru Po,Sai Abhyankkar / Tippu / 莫赫·克 / Vivek,,,"Nallaru Po Sai Abhyankkar , Tippu , 莫赫·克 & Vivek"
2026-09-20,in,India,top_songs_weekly,,71,https://yt3.googleusercontent.com/nvj-8rBQ-LamKR-aoe3fIe1paQqT944AwOMWFR8oVdX5NQr0neE3TttOK8GDRdhMztnq9mCVgygcRCxuPA=w180-h180-l90-rj,,PAGLE BANA DELU,Pramod Premi / Vicky Vox / Ravi Yadav,,,"PAGLE BANA DELU Pramod Premi , Vicky Vox & Ravi Yadav"
2026-09-20,in,India,top_songs_weekly,,72,https://yt3.googleusercontent.com/Sy5aHXoupg1z65TzI5zje6m4pu8DWnPG9ZdNUq3hh4IAA70_GXDzK_oZqoUuFnIQ_B_locnWIveIrN6f=w180-h180-l90-rj,,Katto Gilehri,達雷爾·馬哈帝 / Mamta Sharma,,,Katto Gilehri 達雷爾·馬哈帝 & Mamta Sharma
2026-09-20,in,India,top_songs_weekly,,73,https://yt3.googleusercontent.com/LZm153NU4rj6qeQXmh5fdMDmeuasdq1kQHD2xJdlqL6Wf3ZhA7-E3Pe7LCb-ldQRQosAuaJK5Rxu2JaV=w180-h180-l90-rj,,Aankhon Se Tune 2.0,Dev Negi / Palak Muchhal / 庫馬・山奴 / 阿爾卡·雅格尼克 / Mohsin Shaikh,,,"Aankhon Se Tune 2.0 Dev Negi , Palak Muchhal , 庫馬・山奴 , 阿爾卡·雅格尼克 & Mohsin Shaikh"
2026-09-20,in,India,top_songs_weekly,,74,https://yt3.googleusercontent.com/RcpHTlAc54oWwpzyX5hj2HsfyLathtw29429-0tqGke05lB5vy9pSXIpHtrH17C4rPse61U7sCwN99hxtw=w180-h180-l90-rj,,LAAVAN,雅斯文·桑德拉斯 / Mofusion,,,LAAVAN 雅斯文·桑德拉斯 & Mofusion
2026-09-20,in,India,top_songs_weekly,,75,https://yt3.googleusercontent.com/9rBYUi_3Z2-RRyk1Sdg3C3GlfCjv41Qz4gGNlrj7YVlx5K9yvtrfldRCIZ8A7tPKcrJ9JOlC81XJYDI=w180-h180-l90-rj,,Lahanga Se Mahanga (feat. Niharica Raizada),Pawan Singh / Shivani Singh,,,Lahanga Se Mahanga (feat. Niharica Raizada) Pawan Singh & Shivani Singh
2026-09-20,in,India,top_songs_weekly,,76,https://yt3.googleusercontent.com/jqVnP-zVCSNA-o0Qh7_Xqm8naFzTkwu69XBxwR-21EGOdD6NFO5a66HokYXpJuZtFgcxpZUUC6ILfA0Rug=w180-h180-l90-rj,,Maruti,Dhanda Nyoliwala / Ron Likhari / Miki Malang,,,"Maruti Dhanda Nyoliwala , Ron Likhari & Miki Malang"
2026-09-20,in,India,top_songs_weekly,,77,https://yt3.googleusercontent.com/oOrw5lKjIcQ-nxb70w4SuMYG-83mgeeVzVa6ofOhBrrTj9VRS_tWmVeo6w5zMdQCR0CsGo5v_UVXWP2Z=w180-h180-l90-rj,,Case Teri Rani Ladegi,克瑟利·拉爾·亞達夫 / Srishti Bharti,,,Case Teri Rani Ladegi 克瑟利·拉爾·亞達夫 & Srishti Bharti
2026-09-20,in,India,top_songs_weekly,,78,https://yt3.googleusercontent.com/CoRGQY0iKFcMW8L6w5rfREKGXhpTmfcjv-vnTw2oLVsSZbnKp5WWxx-HAyU0N_a-wJdvlgvGr_25DC6Q=w180-h180-l90-rj,,Sanson ki Mala (Live),Madhur Sharma,,,Sanson ki Mala (Live) Madhur Sharma
2026-09-20,in,India,top_songs_weekly,,79,https://yt3.googleusercontent.com/b8dAqE-QmtIWxteuQ73j7YRNf1rHD_lmV7tFKWRwK5GBQsnkP6S8ffT3ZbUhUeFJYmYl04_exL6gBfLT=w180-h180-l90-rj,,Rooth Kar Hum,Sajid–Wajid / Roopkumar Rathod / Sabri Brothers,,,"Rooth Kar Hum Sajid–Wajid , Roopkumar Rathod & Sabri Brothers"
2026-09-20,in,India,top_songs_weekly,,80,https://yt3.googleusercontent.com/I8wSf-hAmh05ntKS1um_LTujl0UhxeNeDiiVaWoHvf6P4JUlxx3X57Ol36hwMXwV5RonnY_gBF2mULtXZw=w180-h180-l90-rj,,धरS कमर राजा जी,Neelkamal Singh,,,धरS कमर राजा जी Neelkamal Singh
2026-09-20,in,India,top_songs_weekly,,81,https://yt3.googleusercontent.com/2-hieEVD7f79K918InakgMwDVR7M3RFPpa9BFsdJi7axTA8rrfF2psRUnBk9b8QXmiuswUxif82gxxI=w180-h180-l90-rj,,CLICK,JISOO,"9月 4, 2026",3588699,"81 New CLICK JISOO 9月 4, 2026 - 1 3,588,699"
2026-09-20,in,India,top_songs_weekly,,82,https://yt3.googleusercontent.com/4elreGo96wj3b0bsDcsEeElggZ-67A_XUM4qBPgmSLR3IDr5LqI4Q6YFZnT15VzHF3D1iR1F7Hog9rU=w180-h180-l90-rj,,Tiranga,B Praak,"3月 11, 2024",3583703,"82 25 Tiranga B Praak 3月 11, 2024 57 8 3,583,703"
2026-09-20,in,India,top_songs_weekly,,83,https://yt3.googleusercontent.com/OfrM446a-sYLkQ6ITT-5SZhFZ26bk6dZFyMH2wuZ-eJ3e8e0cQGalqOduiDhfay0mC9wvZBdP363ZVQ=w180-h180-l90-rj,,Nachiab Hathiyar Se,Shubham Raj (SBR) / Anjali Raj / Prince Shaan Dubey,,,"Nachiab Hathiyar Se Shubham Raj (SBR) , Anjali Raj & Prince Shaan Dubey"
2026-09-20,in,India,top_songs_weekly,,84,https://yt3.googleusercontent.com/G6w5-DFnICsgc5fZHMb-1ov-9gJrOTNWM60-LRiblhuk_dOiEDCb0vc855P3nsocPVeDMZfl-IWqtYpr=w180-h180-l90-rj,,Jadugarni,Sintaa / Riyaazi,,,Jadugarni Sintaa & Riyaazi
2026-09-20,in,India,top_songs_weekly,,85,https://yt3.googleusercontent.com/c73vJ_Q4pMMidGQKiYQLhukBYVHXMEFpbBB2sTwV5SURaKphBJmwEPHJwk9_5FCQVdSdWTsArhdfOzT8=w180-h180-l90-rj,,Narak,B Praak / Jaani / Jyotica Tangri,,,"Narak B Praak , Jaani & Jyotica Tangri"
2026-09-20,in,India,top_songs_weekly,,86,https://yt3.googleusercontent.com/sNFZ3jrcijnEJfgqcTS3nmPQS1WGTlGHrDa_sm-GWMp3Nw3qv8hw6SCP3TQugtWiEBNohUGGVsOL09GdAA=w180-h180-l90-rj,,Hellallallo,A. R. Rahman,,,Hellallallo A. R. Rahman &
2026-09-20,in,India,top_songs_weekly,,87,https://yt3.googleusercontent.com/u4bsTHOyJuaftpq69j-EH0ER9eZ4Inw0Qe9MX3SpgUn8mZH9s20TtMMWYBsq1NoWh9U98LrsTOpneKcY=w180-h180-l90-rj,,Filmy Babe,Masoom Sharma / Amar Karnawal / Pinna Music,,,"Filmy Babe Masoom Sharma , Amar Karnawal & Pinna Music"
2026-09-20,in,India,top_songs_weekly,,88,https://yt3.googleusercontent.com/ODhreTQufJgEezdnPVmP8OF5nefXi4Q9y5dm2CjpjFGks0f5SXKe5sYsd1oiRnB_1Bz1Ghj7Sat2guwp=w180-h180-l90-rj,,Chammak Challo,維沙爾·謝卡爾 / Akon / 哈姆西卡·伊耶,,,"Chammak Challo 維沙爾·謝卡爾 , Akon & 哈姆西卡·伊耶"
2026-09-20,in,India,top_songs_weekly,,89,https://yt3.googleusercontent.com/HcWkg1gjHiD6bcpTiT6N8HuH0q5Xzc8rFB7wLkuxl4RssIZyHvRzXu6fATgFV7aYfGnLUfY-CPGpB18=w180-h180-l90-rj,,Sambavakaari,肖恩·羅爾丹 / Saindhavi / Mohan Rajan,,,"Sambavakaari 肖恩·羅爾丹 , Saindhavi & Mohan Rajan"
2026-09-20,in,India,top_songs_weekly,,90,https://yt3.googleusercontent.com/Go2IT1ulrZ_MGrkM3YEQOTgABuj8UtOCJzUOJMYJ55KR4JIIEhAUgIXbV7vzVPf13hQnBsc69xaz07k=w180-h180-l90-rj,,Bheed Mein,Udit Narayan / 舒蕾亞·戈沙爾,,,Bheed Mein Udit Narayan & 舒蕾亞·戈沙爾
2026-09-20,in,India,top_songs_weekly,,91,https://yt3.googleusercontent.com/moXpr_lvHpb9m70jTjr-0GE63_VyHivgmyH7UPBJmgwWPHwwmvhxDPPZtdAhCFo7CdzmzIGwBE3cn4VuCQ=w180-h180-l90-rj,,Dai Dai,Shakira / 伯納男孩,,,Dai Dai Shakira & 伯納男孩
2026-09-20,in,India,top_songs_weekly,,92,https://yt3.googleusercontent.com/qoqJmeAuTGcWU9_ED1NJThXbVu4dSZ6hJnr1xjOwEjXAOrO7liLer-FIlJ8okX_-sPh6AhLq0jgv2uY=w180-h180-l90-rj,,Pal Pal Dil Ke Paas,基肖爾・庫馬爾,,,Pal Pal Dil Ke Paas 基肖爾・庫馬爾
2026-09-20,in,India,top_songs_weekly,,93,https://yt3.googleusercontent.com/xef-IPwGVUCVDOxOe04-ygYWFn38a0WHNqp4bgXzr-nO88KNxakqZuXmeKmBuly_hTYQxIviJWXoKC3IzQ=w180-h180-l90-rj,,Saajanji Ghar Aaye,庫馬・山奴 / 阿爾卡·雅格尼克 / Kavita Krishnamurthy,,,"Saajanji Ghar Aaye 庫馬・山奴 , 阿爾卡·雅格尼克 & Kavita Krishnamurthy"
2026-09-20,in,India,top_songs_weekly,,94,https://yt3.googleusercontent.com/k7EhssfWdyj13vBTA56N3bJo6sHFvg236UG7dz-qRIAyn5Whdns59cVIkzkBo8DgWT7Y31sJM7UmZU5aqA=w180-h180-l90-rj,,Jackpot,Cheema Y / Gur Sidhu,,,Jackpot Cheema Y & Gur Sidhu
2026-09-20,in,India,top_songs_weekly,,95,https://yt3.googleusercontent.com/OEoDBJvEk6Dw17sK7Hw-cMjdBsiVlajLa4PImKhzfQd8hy95tMHX-fCHtdnr3hIcwUTF_7husclqkoFE=w180-h180-l90-rj,,Teri Meri Kahaani,Arijit Singh / Palak Muchhal,,,Teri Meri Kahaani Arijit Singh & Palak Muchhal
2026-09-20,in,India,top_songs_weekly,,96,https://yt3.googleusercontent.com/WdIioWInKgCbBKoGLrHIKMZnrZP_9drHR7DEicz03z2bv3aq99eFxTV2LeAJWH5UOAQDH2ssylClN-evtQ=w180-h180-l90-rj,,Aashiq Banaya Aapne,希梅什·雷希漢米亞 / 舒蕾亞·戈沙爾,,,Aashiq Banaya Aapne 希梅什·雷希漢米亞 & 舒蕾亞·戈沙爾
2026-09-20,in,India,top_songs_weekly,,97,https://yt3.googleusercontent.com/efc_IjXDv4Z9llUZy-oted3rtm_U4hoSPwH2bkSQFiX_RzqYfis3smatOlTtk-XDJbhtg-iE4lc_RzQ=w180-h180-l90-rj,,Low Fade,Karan Aujla / Mxrci,,,Low Fade Karan Aujla & Mxrci
2026-09-20,in,India,top_songs_weekly,,98,https://yt3.googleusercontent.com/vf_K7hGBc6WL6PX-bimnfMSzaEr1-hjAzLypsu85DlQGYx0fxrTAWgVWGqP-AGEHQRSbNS1gEdchg9wUkQ=w180-h180-l90-rj,,Tabaahi,維沙爾·米什拉,"3月 2, 2026",3225143,"98 68 Tabaahi 維沙爾·米什拉 3月 2, 2026 30 7 3,225,143"
2026-09-20,in,India,top_songs_weekly,,99,https://yt3.googleusercontent.com/iIO6PUmZ4Z1VaOHL-tzByr9cwNGCEiv0Je3SVnHMgMRaMWdPWfPQmaBl8blAYLaezFk44XOEsnCpg9CqUw=w180-h180-l90-rj,,Sadi Sun,Harsh Nussi,,,Sadi Sun Harsh Nussi
2026-09-20,in,India,top_songs_weekly,,100,https://yt3.googleusercontent.com/tH79wokzoD7D88gnJQRVmLyd9UN2HYz0bgL5Ih8rxEcJSyKoC5bnoaA7p60c6GA0opoDbLsACVqruc0=w180-h180-l90-rj,,Tujhe Sochta Hoon,KK,,,Tujhe Sochta Hoon KK
2026-09-20,sg,Singapore,top_songs_weekly,,1,https://yt3.googleusercontent.com/lph_AYE9fU1VteHx7zG6DGesN-NvVDTs79j1q4DCHZS980-UryiOlKlLgtDkIBr2niDVO0WZdTg2fnA=w180-h180-l90-rj,,SaWaDiKa,LISA,"8月 27, 2026",383210,"1 New SaWaDiKa LISA 8月 27, 2026 - 1 383,210"
2026-09-20,sg,Singapore,top_songs_weekly,,2,https://yt3.googleusercontent.com/2-hieEVD7f79K918InakgMwDVR7M3RFPpa9BFsdJi7axTA8rrfF2psRUnBk9b8QXmiuswUxif82gxxI=w180-h180-l90-rj,,CLICK,JISOO,"9月 4, 2026",230474,"2 New CLICK JISOO 9月 4, 2026 - 1 230,474"
2026-09-20,sg,Singapore,top_songs_weekly,,3,https://yt3.googleusercontent.com/pPXFB33cg6OkSoAG9Xbvp3cGnkXnTGWSYkUypg0vHL8IuRvIYBTYnjvhweDfjbCRf4FHXCksK2ukjio=w180-h180-l90-rj,,海嶼你,馬也Crabbit / Cole先生,,,海屿你 马也Crabbit & Cole先生
2026-09-20,sg,Singapore,top_songs_weekly,,4,https://yt3.googleusercontent.com/5d51ZlGjNP_Gss3Z3RKP7B98ASQ7pxvp4XI3IAQ3kniFFjgLPDPnR6_K3tYZGoMVvfJYXBtu3awwsTI=w180-h180-l90-rj,,Training Season,Dua Lipa,,,Training Season Dua Lipa
2026-09-20,sg,Singapore,top_songs_weekly,,5,https://yt3.googleusercontent.com/OlsyF8L82chwdoVqON-g5H3BsEEgA0zSIYU_6SIZgMtLe0QzZPxzno91C6zJktuon6rjAv_UbmggkO_vyQ=w180-h180-l90-rj,,BAD,ATEEZ,"5月 22, 2026",92700,"5 ● BAD ATEEZ 5月 22, 2026 5 11 92,700"
2026-09-20,sg,Singapore,top_songs_weekly,,6,https://yt3.googleusercontent.com/moXpr_lvHpb9m70jTjr-0GE63_VyHivgmyH7UPBJmgwWPHwwmvhxDPPZtdAhCFo7CdzmzIGwBE3cn4VuCQ=w180-h180-l90-rj,,Dai Dai,Shakira / 伯納男孩,,,Dai Dai Shakira & 伯納男孩
2026-09-20,sg,Singapore,top_songs_weekly,,7,https://yt3.googleusercontent.com/LM6RBLp2-wM0ZMMyBwGu1HwXiPj3OuH87g-Ksmw_avEfoG3-sEn9oYUVfn89MDuQ7vROhAXBkFiBla4A=w180-h180-l90-rj,,Animal,KATSEYE,"7月 24, 2026",81619,"7 4 Animal KATSEYE 7月 24, 2026 3 7 81,619"
2026-09-20,sg,Singapore,top_songs_weekly,,8,https://yt3.googleusercontent.com/naKgO_9vvIczuf7Vq1llQyRAQOOW898kBZN3pio-Bkbfcmdu3Gv14_ivEBZiHAow8VbPEq1bhO0j2DU=w180-h180-l90-rj,,KALYANI (Remix),ARJN / KDS / FIFTY4 / 舒蕾亞·戈沙爾,,,"KALYANI (Remix) ARJN , KDS , FIFTY4 & 舒蕾亞·戈沙爾"
2026-09-20,sg,Singapore,top_songs_weekly,,9,https://yt3.googleusercontent.com/YpHZO1DBcGPbgywaeckHbkkiI-b4OetQDJnQtCM--usqBrKljB-9uXax23i3hHI-PiTlyyHLBdYScSeGRQ=w180-h180-l90-rj,,Radhimaa,Sai Abhyankkar / Nargis Teji / Asma Teji / Vivek / Sai Smriti,,,"Radhimaa Sai Abhyankkar , Nargis Teji , Asma Teji , Vivek & Sai Smriti"
2026-09-20,sg,Singapore,top_songs_weekly,,10,https://yt3.googleusercontent.com/awoyk8Z8XNivU4sRBupBx_pdbnk7yVJz3w4qvxzcrm-Ud9Ma6B-v9BVLOx1JLTJr5n-g51chJRdHEqSgSg=w180-h180-l90-rj,,甲乙丙丁Strangers,李佳薇,,,甲乙丙丁Strangers 李佳薇
2026-09-20,sg,Singapore,top_songs_weekly,,11,https://yt3.googleusercontent.com/jV8jkowKVTROFvGdWg4g5iXbZ7YmKcXM71yLW3V3MEczUZ7JxLKFPBRpi5goA6kh9oGeIHsh8T1Wltc=w180-h180-l90-rj,,ဤသို့ပြုရ,Theinkpan Htun,,,ဤသို့ပြုရ Theinkpan Htun
2026-09-20,sg,Singapore,top_songs_weekly,,12,https://yt3.googleusercontent.com/LM6RBLp2-wM0ZMMyBwGu1HwXiPj3OuH87g-Ksmw_avEfoG3-sEn9oYUVfn89MDuQ7vROhAXBkFiBla4A=w180-h180-l90-rj,,Hootie Frutti,KATSEYE,,,Hootie Frutti KATSEYE
2026-09-20,sg,Singapore,top_songs_weekly,,13,https://yt3.googleusercontent.com/6LDZTIjk3nbSSsG8J0M2_ME4KWzt4MTZ7oqrZlWg-uZ1gRWnBKt9ySPibZ5l7GJ_-j6gB6hv-qLNaPE=w180-h180-l90-rj,,hate that i made you love me,Ariana Grande,,,hate that i made you love me Ariana Grande
2026-09-20,sg,Singapore,top_songs_weekly,,14,https://yt3.googleusercontent.com/wXkXjlcs3VQ09JqQaLbmd-XAwvoZ0Kxsy5h3jbA2hGyAaw_XMWMzVxze2CWrYFfQRAwnktCoev7-uJaz=w180-h180-l90-rj,,The One That Got Away,Katy Perry,,,The One That Got Away Katy Perry
2026-09-20,sg,Singapore,top_songs_weekly,,15,https://yt3.googleusercontent.com/VYJ4bYyHupJe1K4y3eWrg82IfGioP6rzeSJ0-hdTB-llJn5MbE9GCeWOA4ZwLyG7gyuYORWUbVvGMHbq=w180-h180-l90-rj,,FALLEN ANGEL,Jennie,,,FALLEN ANGEL Jennie
2026-09-20,sg,Singapore,top_songs_weekly,,16,https://yt3.googleusercontent.com/qHqGMmCC4LahCshElRTm8kuJQu4IyDClDx__HiqqydFVMUi2JOfEyZpqootNb1WswJwapw8c8SCmOMuMiQ=w180-h180-l90-rj,,Loser,Tame Impala,,,Loser Tame Impala
2026-09-20,sg,Singapore,top_songs_weekly,,17,https://yt3.googleusercontent.com/u_BV6asN_Hpd5vvtObpp9P_nMF7iJkjpi_LWSF2NUpreyLvh_brmstqv5sWggDbOP1V4ZlEfhTVl1B7z=w180-h180-l90-rj,,BiiiG,BIGBANG,"8月 19, 2026",50089,"17 8 BiiiG BIGBANG 8月 19, 2026 9 4 50,089"
2026-09-20,sg,Singapore,top_songs_weekly,,18,https://yt3.googleusercontent.com/fQQQd_5ekiUbYRth6Yf7ZmkgS7Mf-VmxRCyqPpef-KgJVqISZqDKpjjU3zvfDVh9qr03MxPChTiYHyg=w180-h180-l90-rj,,Neno Butterfly,G.V. Prakash Kumar / Sublahshini,,,Neno Butterfly G.V. Prakash Kumar & Sublahshini
2026-09-20,sg,Singapore,top_songs_weekly,,19,https://yt3.googleusercontent.com/x33XHcC2BmdM9OVeS6p5_2euffqGDPvXck_aXVJ2JVVgSGNfo8CGAZRow41XMKuqO9PKQd7k_IME0EtP=w180-h180-l90-rj,,Kalyana Virundhu,Ilaiyaraaja / Yugendran Vasudevan / 安東尼·達桑 / 普里亞·傑森,,,"Kalyana Virundhu Ilaiyaraaja , Yugendran Vasudevan , 安東尼·達桑 & 普里亞·傑森"
2026-09-20,sg,Singapore,top_songs_weekly,,20,https://yt3.googleusercontent.com/JXVAUSzi2vxkPX8p6DlfrOf9vgOP2pqW_M6rXKT6LT5dR8cUwsquw84see1tJdMEh2JBb4zcG1kxpRKf=w180-h180-l90-rj,,Pavazha Malli (Unplugged),Sai Abhyankkar / Shruthi Hassan / Vivek,,,"Pavazha Malli (Unplugged) Sai Abhyankkar , Shruthi Hassan & Vivek"
2026-09-20,sg,Singapore,top_songs_weekly,,21,https://yt3.googleusercontent.com/IX-QEr9pFD41clJP-q_Yg462m02Ni_6PjBQ9TpaGtzb4sT0eH1ZC6dy_ZxcqVIEZF9ipY9FgIirPJPh6=w180-h180-l90-rj,,ICONIC BY MISTAKE,LE SSERAFIM / ILLIT / KATSEYE,,,"ICONIC BY MISTAKE LE SSERAFIM , ILLIT & KATSEYE"
2026-09-20,sg,Singapore,top_songs_weekly,,22,https://yt3.googleusercontent.com/3RNsv7dNTYSBpuSWmpWM6PiYgQAaCXKvi8ION2AH2OaQHc-vW5-rJW4PqztU9XGaX-5z3sMc5RMTMc8n=w180-h180-l90-rj,,It's Me,ILLIT,"4月 23, 2026",45097,"22 1 It's Me ILLIT 4月 23, 2026 23 19 45,097"
2026-09-20,sg,Singapore,top_songs_weekly,,23,https://yt3.googleusercontent.com/fSZeOU1r1CCaRPaXHA-oLYcZbJ59nenUQs5NJJp_hWpSkOMgOqpr-zOHqpFBFBJrXz_lAn8Nr5A1r2K1mw=w180-h180-l90-rj,,Good Goodbye,HWASA,,,Good Goodbye HWASA
2026-09-20,sg,Singapore,top_songs_weekly,,24,https://yt3.googleusercontent.com/ZpWD37EEQE_LVuQ_O03cRmz5mZA7jG0gKGLt-49uHNDX6DycysijGGSOX9woU-OfQR5jyahz3aEdmBmm3A=w180-h180-l90-rj,,The Fate of Ophelia,Taylor Swift,,,The Fate of Ophelia Taylor Swift
2026-09-20,sg,Singapore,top_songs_weekly,,25,https://yt3.googleusercontent.com/trhero5UCoGc4OguktsWuF-jqvj2DVShQjwlLyGgZCDwauKMH4fVUhpW6mptNHdi4lGdKfH-Qq4vaUqC=w180-h180-l90-rj,,Skibidi,少女時代,"8月 31, 2026",40916,"25 New Skibidi 少女時代 8月 31, 2026 - 1 40,916"
2026-09-20,sg,Singapore,top_songs_weekly,,26,https://yt3.googleusercontent.com/qnfaDMwf8RDrJ3DRUeOkZ4HagLVmN_Kh8hunfDTvzIiGNjJAMrWQic6h1OWB_6KpJZapoXQXckHcIp7W=w180-h180-l90-rj,,Bloody Paradise,ENHYPEN,,,Bloody Paradise ENHYPEN
2026-09-20,sg,Singapore,top_songs_weekly,,27,https://yt3.googleusercontent.com/k9Zz4qtPSf-PysF9yIdUbgCvXEGPMX4O860UooxFo7ZViPhg0SIqrEBIrzLyTg4XbqNfuOwBBlQYuf5zBA=w180-h180-l90-rj,,甲乙丙丁 (你我怎麼兩清) (Live),張碧晨 / 侯明昊,,,甲乙丙丁 (你我怎么两清) (Live) 張碧晨 & 侯明昊
2026-09-20,sg,Singapore,top_songs_weekly,,28,https://yt3.googleusercontent.com/mHa1sg5pmlgudnTZ_XOcJ-0VAKuFDodEstxurIF2C6RttpfyyeaqC75FmPQjlc2BQQ5JfvGaFuU69dhs=w180-h180-l90-rj,,Ain't In LA,ADÉLA,,,Ain't In LA ADÉLA
2026-09-20,sg,Singapore,top_songs_weekly,,29,https://yt3.googleusercontent.com/_1ejRnxNSULMWdqN8F-gEGUVfw5kZKrwKy5xNPnSxU6Xen61q09zCR1aQn4s4L9rDOi-fGnTh3qI-LwE=w180-h180-l90-rj,,Risk It All (Live),Bruno Mars,,,Risk It All (Live) Bruno Mars
2026-09-20,sg,Singapore,top_songs_weekly,,30,https://yt3.googleusercontent.com/_O6d8FGvKxgx0R5TJ2C4RH1ptUN_01emKZmnHxqYrGCrGj90914jAFUmBAyyeHIipQmkG4qJKTvhlJI=w180-h180-l90-rj,,我不該動情,RG-老帥,"6月 30, 2026",38446,"30 ● 我不该动情 RG-老帅 6月 30, 2026 30 9 38,446"
2026-09-20,sg,Singapore,top_songs_weekly,,31,https://yt3.googleusercontent.com/jXXzY2fTfxgr0_wR_I_V8W3Ai0L3ece217Biqm0tY36I9VAoce09xXmjgt8mXggTVgGGBHdJ3eAyICY=w180-h180-l90-rj,,Beauty And A Beat (feat. Nicki Minaj),Justin Bieber,,,Beauty And A Beat (feat. Nicki Minaj) Justin Bieber
2026-09-20,sg,Singapore,top_songs_weekly,,32,https://yt3.googleusercontent.com/_RICA9AQMvaw-SLRBVDVF3rLx6pgeXvy2USuFyueQhhMGAVga26n2brDIIbjNkkYW3xv9LyUdav9rWnKvA=w180-h180-l90-rj,,LEMONADE,aespa,"5月 28, 2026",36550,"32 ● LEMONADE aespa 5月 28, 2026 32 15 36,550"
2026-09-20,sg,Singapore,top_songs_weekly,,33,https://yt3.googleusercontent.com/xrGDyYO3umAVFdsdyIM2G451xiAxCD6haJkCQel6TQlqE-XsEUCGsj_Q5Er4YjFpjWqv-_Ze-VaPPL0j=w180-h180-l90-rj,,Teh Hijau,圖魯斯,"6月 29, 2026",36441,"33 1 Teh Hijau 圖魯斯 6月 29, 2026 34 9 36,441"
2026-09-20,sg,Singapore,top_songs_weekly,,34,https://yt3.googleusercontent.com/F_zOOpQrlMOrIT50KDXGX54temlvXtXhWM-9e6TBAxCSP-F_Tt8bxONr5jBN7UwvoCwUifR0xph_QQeX=w180-h180-l90-rj,,Alaakaa Loova,Sai Abhyankkar / Rokesh,,,Alaakaa Loova Sai Abhyankkar & Rokesh
2026-09-20,sg,Singapore,top_songs_weekly,,35,https://yt3.googleusercontent.com/PwQ543AKPc8tF0yUiz3e3s-Wy45l71Byt6T78PYeTB7Q0Jckq3C5d9P7faRc7OE5OTypbkxl4qFuVkI=w180-h180-l90-rj,,Less than a Lover,Jennie,,,Less than a Lover Jennie
2026-09-20,sg,Singapore,top_songs_weekly,,36,https://yt3.googleusercontent.com/CwtUqDJhEnd9U_GyRBTwrRE0lpNwIgw6ugIlJLbP9EC91DKzgWz1WEo3cmcsdDybIEzTkrZaz_hNttJx=w180-h180-l90-rj,,춤,BABYMONSTER,"5月 4, 2026",34253,"36 3 춤 BABYMONSTER 5月 4, 2026 39 19 34,253"
2026-09-20,sg,Singapore,top_songs_weekly,,37,https://yt3.googleusercontent.com/Zl6lT-8KgSYiXI08I5ilE35LaWaDpVFYdBIEn_g_gJRGTBlb6xlMn4Ws226L3nMuhWl9UxRQZq5c1pZF=w180-h180-l90-rj,,REDRED,CORTIS,"4月 20, 2026",34092,"37 ● REDRED CORTIS 4月 20, 2026 37 21 34,092"
2026-09-20,sg,Singapore,top_songs_weekly,,38,https://yt3.googleusercontent.com/AozuFQHuzVlpr4-NtgkxRA5Q9ONXf3P91VsWrqRJbRJiVxIXfiG2tyMBv0lQ1rV-MVSoB9fwbUSMGdzX=w180-h180-l90-rj,,Astaga Bercanda,Akbar Chalay / Mingse,,,Astaga Bercanda Akbar Chalay & Mingse
2026-09-20,sg,Singapore,top_songs_weekly,,39,https://yt3.googleusercontent.com/9ejQki8p5r46B0jGiMa7talsLlmp-W0oAM6Vu8CoSQjcCxcj39RceRHfS-E86H-czomzbv429pxHrCxB=w180-h180-l90-rj,,Karuppa Kooda Va,Sai Abhyankkar / V·M·馬哈林加姆,,,Karuppa Kooda Va Sai Abhyankkar & V·M·馬哈林加姆
2026-09-20,sg,Singapore,top_songs_weekly,,40,https://yt3.googleusercontent.com/WDXRUHOAdSgW_CUGvGFrK4AlHBn-M4-DTkh_oYwAY_NN7tjO1-P-cwPq-xefOMgd-xcN9KRWZCGgnQ=w180-h180-l90-rj,,Yeshanagula,Prabha Bangarigalla / Jangi Reddy / 希厄姆·卡莎拉,,,"Yeshanagula Prabha Bangarigalla , Jangi Reddy & 希厄姆·卡莎拉"
2026-09-20,sg,Singapore,top_songs_weekly,,41,https://yt3.googleusercontent.com/MUCpx4hkn6seWL5tgrK23lFmTpVjSfIx3x_qTTDRPuNcjhF9lNs3cd5aT4ELXgmsLRPWW7QjKGLH4Z1R=w180-h180-l90-rj,,Muthumani,Ilaiyaraaja / Shweta Mohan,,,Muthumani Ilaiyaraaja & Shweta Mohan
2026-09-20,sg,Singapore,top_songs_weekly,,42,https://yt3.googleusercontent.com/Oice7VFz5NBqKgPpD8LA0oIGkfNTc5N_2pRMifH_W4-aVjMDDBZ2-BafN55NEyXMqhD3ScUrrOxz7WgJ=w180-h180-l90-rj,,Dracula (Remix) (feat. Jennie),Tame Impala,,,Dracula (Remix) (feat. Jennie) Tame Impala
2026-09-20,sg,Singapore,top_songs_weekly,,43,https://yt3.googleusercontent.com/MTBMwu5c61N0spKimxeZmHWxCP0hw49I-ZsBBJEERvaDjPrOvXOsH0xL-N6LnquVXg0EgrVSychX3pc=w180-h180-l90-rj,,Death of Me,Lee Hee Seung,,,Death of Me Lee Hee Seung
2026-09-20,sg,Singapore,top_songs_weekly,,44,https://yt3.googleusercontent.com/9GvLqz3cbA2XyceqbS6IlraFkW5cipVpiINKUoEKPHH41K448Zm9WbBsHncoNG134LsLJq1E5NHsf3g=w180-h180-l90-rj,,Love Me Not,Ravyn Lenae,,,Love Me Not Ravyn Lenae
2026-09-20,sg,Singapore,top_songs_weekly,,45,https://yt3.googleusercontent.com/FBsKSRbF9dD9gKsMouEBNIymlDObANdcnZk4Lf_5QgTiq7V3gchHRsBXGgOLgDOOJuGkajoF5K-4qeA=w180-h180-l90-rj,,RUDE!,Hearts2Hearts,,,RUDE! Hearts2Hearts
2026-09-20,sg,Singapore,top_songs_weekly,,46,https://yt3.googleusercontent.com/BKxUIETz1Vt8WcKm7bC2HP85RkhB5K6rbu3d-hNoe4kSkf_CJYJ0DqMknD3J85nUpilrGJMa7ipBnEJn-w=w180-h180-l90-rj,,Базовый минимум,SABI / 米亞·博伊卡,,,Базовый минимум SABI & 米亞·博伊卡
2026-09-20,sg,Singapore,top_songs_weekly,,47,https://yt3.googleusercontent.com/REA_Otoa5g-YBrDU0lRxSPu5YBP3tZHiIs2DWnO9mqXRZjTWDXyL8Zv83I56-Benty2h5Q0UzX9xBw7g=w180-h180-l90-rj,,the cure,Olivia Rodrigo,,,the cure Olivia Rodrigo
2026-09-20,sg,Singapore,top_songs_weekly,,48,https://yt3.googleusercontent.com/wqA2-kB1LEmV3MsLsYK-a3yDSSHYptyb31XJMbGxc1_c-CylylLpDh3hbhV2A4Y49SNgQU_eGbAKMKk=w180-h180-l90-rj,,Self Aware,Temper City,,,Self Aware Temper City
2026-09-20,sg,Singapore,top_songs_weekly,,49,https://yt3.googleusercontent.com/sm9gz2XQFzc-Gp7qsQzIJGuIsowoyVI43ki4048evRTzCi8IN2FcTyv42YttCDRH-93amTRkG05hqnOK=w180-h180-l90-rj,,Earrings,Malcolm Todd,,,Earrings Malcolm Todd
2026-09-20,sg,Singapore,top_songs_weekly,,50,https://yt3.googleusercontent.com/dfTaw-LhxWVGPdbKfML-ybvDnOySHxxbyyK_yJDSxnP1GDgcaW0obc5ZeeS6cTpJ-lu-CyiyA_VyGZr2=w180-h180-l90-rj,,Dear my crazy soulmate,IU,,,Dear my crazy soulmate IU
2026-09-20,sg,Singapore,top_songs_weekly,,51,https://yt3.googleusercontent.com/pxZ41R8jrSjVtI3W9wCDRA6T7KOVnPHH0k1H_qktx78W8X__rn4IVqu_1ePUhLvrohB9JBWgrOXl7P9epA=w180-h180-l90-rj,,MMG (My Mine Gueh),Naykilla,,,MMG (My Mine Gueh) Naykilla
2026-09-20,sg,Singapore,top_songs_weekly,,52,https://yt3.googleusercontent.com/wO-brpVQUt_3eKSI86ufqbSTPY-kQHZ9TSgwToJ8S7-pwDLgVMx7DV3MWnGocLkqwyg5eb6WGHSxCgTHaw=w180-h180-l90-rj,,SUN KISS,TUIDE (튜이드),,,SUN KISS TUIDE (튜이드)
2026-09-20,sg,Singapore,top_songs_weekly,,53,https://yt3.googleusercontent.com/Fc4EM-NwY8O1nAVWivhnmIENWUfOVVGiRt535BHok0r9ydpZqtRExsPDDp0wc-ZLIW-eXPBFtH0p1T8=w180-h180-l90-rj,,不可分割,黃明志,"8月 13, 2026",26018,"53 New 不可分割 黃明志 8月 13, 2026 - 1 26,018"
2026-09-20,sg,Singapore,top_songs_weekly,,54,https://yt3.googleusercontent.com/-evTfg9Dho5GU39Kw98B-7VuaGHIFSReaafijbIFU6ktxxz4GGtNr1epcGnnvzMTBKiCnjUrNTP1mb-F=w180-h180-l90-rj,,퇴사할게여,田小娟,"9月 7, 2026",25714,"54 New 퇴사할게여 田小娟 9月 7, 2026 - 1 25,714"
2026-09-20,sg,Singapore,top_songs_weekly,,55,https://yt3.googleusercontent.com/zFYEczPrSAG6InYrdt2-qZhatjvS6UGEU9ddS9KOadAAroJ3Ee2qz0YsXlh4KlXZEkRHKIz5MfS--z4c=w180-h180-l90-rj,,This & That,Stray Kids,,,This & That Stray Kids
2026-09-20,sg,Singapore,top_songs_weekly,,56,https://yt3.googleusercontent.com/3yZ-DPOigUT1R453gr5kVkQeu6PwZK1OivsZX7ozfFJog-H_VlxeJD9thjwH2zNA5x0IEzEt4w6PmK5t=w180-h180-l90-rj,,Just Give Me a Reason (feat. 奈特・瑞斯),P!NK,,,Just Give Me a Reason (feat. 奈特・瑞斯) P!NK
2026-09-20,sg,Singapore,top_songs_weekly,,57,https://yt3.googleusercontent.com/GBUFNHwzO_v_IJ1e1iLRCgA9zJUO97qxZgLBAJyr2WyFzk7kV9yWMAVF7Ha6h8As3tNXbfeksFOdZeE=w180-h180-l90-rj,,SUGAR HONEY ICE TEA,BABYMONSTER,,,SUGAR HONEY ICE TEA BABYMONSTER
2026-09-20,sg,Singapore,top_songs_weekly,,58,https://yt3.googleusercontent.com/6TSdysMUXfScqxLYGMLza4vtskUpoTF1kJdtzniIUT_InefmJrdGKPhwSjO9Cu4rLdX9c5-TzmA1v30=w180-h180-l90-rj,,Bass Persuades,Miley Cyrus,,,Bass Persuades Miley Cyrus
2026-09-20,sg,Singapore,top_songs_weekly,,59,https://yt3.googleusercontent.com/Wa4HVLZ8awaP6kQXG3146dh6xkA0_ET2LwZfUP_1g_PBdFLs1RuEa5UlC7-on9giMwxBjVT1V05i0B0=w180-h180-l90-rj,,瞬,鄭潤澤,"7月 17, 2023",24172,"59 9 瞬 郑润泽 7月 17, 2023 68 2 24,172"
2026-09-20,sg,Singapore,top_songs_weekly,,60,https://yt3.googleusercontent.com/52FX3X2911fKvmPIOwgiTneeDhZUw5M8hs0nA5-BqqMgUpC9LRQilyu9M5ZDp5Ob3gPMd2bpsjBIJbM=w180-h180-l90-rj,,空心 (Live),黃霄雲 / 劉端端,,,空心 (Live) 黃霄雲 & 刘端端
2026-09-20,sg,Singapore,top_songs_weekly,,61,https://yt3.googleusercontent.com/0zd99oykz1u3Jq2OfHFuvRt6uYBvICuVd4FoiUevpmwklCtpRe9Aid5FaO0Qozq3polze6BXVY16n_02eQ=w180-h180-l90-rj,,她 (《早春晴朗》電視劇欒念人物曲&片頭曲),劉宇寧,,,她 (《早春晴朗》电视剧栾念人物曲&片头曲) 劉宇寧
2026-09-20,sg,Singapore,top_songs_weekly,,62,https://yt3.googleusercontent.com/ugpyRxhD8Nqn2Jrvh3w0dxJXZGysSSBCB3INhfSh8ufeiy5YL8ZRL8lyfiLHoo6Lu1_lqm7umyX9MQ2Q=w180-h180-l90-rj,,BOOMPALA,LE SSERAFIM,,,BOOMPALA LE SSERAFIM
2026-09-20,sg,Singapore,top_songs_weekly,,63,https://yt3.googleusercontent.com/Ccq2Y8_z5WRryy2FC0E1x0Q5hD9v7NqRpMcX6ptgm03vFDhKHjzuropzgBjRbMGAOUc5KBwUhQIW474P=w180-h180-l90-rj,,Mi Chico,DJ Goja / Jason Derulo / Melody,,,"Mi Chico DJ Goja , Jason Derulo & Melody"
2026-09-20,sg,Singapore,top_songs_weekly,,64,https://yt3.googleusercontent.com/CwtUqDJhEnd9U_GyRBTwrRE0lpNwIgw6ugIlJLbP9EC91DKzgWz1WEo3cmcsdDybIEzTkrZaz_hNttJx=w180-h180-l90-rj,,MOON,BABYMONSTER,,,MOON BABYMONSTER
2026-09-20,sg,Singapore,top_songs_weekly,,65,https://yt3.googleusercontent.com/FZgtqH0qtrPtk0Vn-fQqOfPUEanelSuDfPUaiR3Z7Jb_VNKYgvLQQBtExAyqUNV78UhO20SHYG3nBzAc=w180-h180-l90-rj,,하루하루,BIGBANG,"8月 8, 2008",22712,"65 1 하루하루 BIGBANG 8月 8, 2008 66 4 22,712"
2026-09-20,sg,Singapore,top_songs_weekly,,66,https://yt3.googleusercontent.com/F-HAYdu4My91_BPlrGhfflbiXHOshQN2AoyC253W5Tm2ebs6Nh7CgdoVzPlYK7nLMpX_JKOYg_h0SyyN_g=w180-h180-l90-rj,,misery.,pupsies,"3月 18, 2026",22534,"66 5 misery. pupsies 3月 18, 2026 71 8 22,534"
2026-09-20,sg,Singapore,top_songs_weekly,,67,https://yt3.googleusercontent.com/c_TVJhHdMRfb_qPe0HqX6HVEWRpB23nK_jlfCGUYaUvmwLlFxhn4LeA_TTdzQcs2DCk5kaOlvVpy3w=w180-h180-l90-rj,,뱅뱅뱅,BIGBANG,"6月 1, 2015",22424,"67 2 뱅뱅뱅 BIGBANG 6月 1, 2015 65 4 22,424"
2026-09-20,sg,Singapore,top_songs_weekly,,68,https://yt3.googleusercontent.com/fdbZYOuRg6rU2h00L8kabk-7o6QqV258Gl00mtW4mO6DnWjQBPEbF-GIDTeeYkEJV1IpVY88HRMg_bk=w180-h180-l90-rj,,FREAKED OUT,Fat Papi / prodshushy,,,FREAKED OUT Fat Papi & prodshushy
2026-09-20,sg,Singapore,top_songs_weekly,,69,https://yt3.googleusercontent.com/YSqiMalFQbItkQVOJXa6jb0nOwzgYktRvq7dvQysZwTAez_U_H9prMkYEh7wNXhd1VQgz-xiPy9n8xNf=w180-h180-l90-rj,,UNETHICAL,Faouzia,,,UNETHICAL Faouzia
2026-09-20,sg,Singapore,top_songs_weekly,,70,https://i.ytimg.com/vi/7xYekUcLRs4/default.jpg,https://www.youtube.com/watch?v=7xYekUcLRs4,"「天元突破グレンラガン」 ""Libera me"" from hell",Mori Calliope,,,"「天元突破グレンラガン」 ""Libera me"" from hell Mori Calliope"
2026-09-20,sg,Singapore,top_songs_weekly,,71,https://yt3.googleusercontent.com/sYmiMIdJAVZwkPluf8yQMI4qxuuZrU1OLOiwNEEgV1z7q6JhNQ_m7TqJbcxioiywmvBLuOJFK4YAgUnk=w180-h180-l90-rj,,NORMAL,防彈少年團,"3月 20, 2026",21640,"71 7 NORMAL 防彈少年團 3月 20, 2026 78 9 21,640"
2026-09-20,sg,Singapore,top_songs_weekly,,72,https://yt3.googleusercontent.com/mHa1sg5pmlgudnTZ_XOcJ-0VAKuFDodEstxurIF2C6RttpfyyeaqC75FmPQjlc2BQQ5JfvGaFuU69dhs=w180-h180-l90-rj,,Nicole Kidman,ADÉLA,,,Nicole Kidman ADÉLA
2026-09-20,sg,Singapore,top_songs_weekly,,73,https://yt3.googleusercontent.com/q0szuVtXvUdftTC8k9fjwazdEpoaCyWTZ1d5Xa3GWHhQPD6_59W_rPlmZRFa2rSFPLTmfOGEgvPfF9uBVg=w180-h180-l90-rj,,stupid song,Olivia Rodrigo,,,stupid song Olivia Rodrigo
2026-09-20,sg,Singapore,top_songs_weekly,,74,https://yt3.googleusercontent.com/LKAPdNFKZLbBZv9FqxiHammc1jDUa12AWhJOX_9vJd8wh6QmeWQz7CgKlwe9tXYiXZe0_KZH9J9Vcqdf=w180-h180-l90-rj,,God Mode,Sai Abhyankkar / Gana Muthu / Vishnu Edavan / The Indian Choral Ensemble,,,"God Mode Sai Abhyankkar , Gana Muthu , Vishnu Edavan & The Indian Choral Ensemble"
2026-09-20,sg,Singapore,top_songs_weekly,,75,https://yt3.googleusercontent.com/R7pwf7-lcPvK3dxv8jMkUd4SlbVmrM-nZOFEJqnHGLQFBl4lqj1gyeWSFO5X9HZxgUhTh4KM8n0l7j_k=w180-h180-l90-rj,,Beat It,Michael Jackson,,,Beat It Michael Jackson
2026-09-20,sg,Singapore,top_songs_weekly,,76,https://yt3.googleusercontent.com/rfk664Pl2AHH44a0Du2czXg-EhFwgKw_R3K-DEPmSz9zvM-rf4r5izHzB1cqqYuLuVUnszM464q0nml-=w180-h180-l90-rj,,Raga of Revenge,Anirudh Ravichander,,,Raga of Revenge Anirudh Ravichander
2026-09-20,sg,Singapore,top_songs_weekly,,77,https://yt3.googleusercontent.com/pFgsdrdr0C9Vi2H6cvdbqIn0nkZeVRySFjhdwg1IpFHKA2sGKirOdHpA5EdOBxyUpQUfIy0jwY2eZ2BH=w180-h180-l90-rj,,捨不得又沒資格,Da Yin,"7月 17, 2026",20000,"77 7 舍不得又没资格 Da Yin 7月 17, 2026 70 4 20,000"
2026-09-20,sg,Singapore,top_songs_weekly,,78,https://yt3.googleusercontent.com/N-SBeSkXpxC-Okj00Up8kUUl-CQXJmbdtkRpcO3FktG2zDeePuwDcw_B1G3ymaAxBOUN4qL85HRSkUvO=w180-h180-l90-rj,,Great Expectation,SIENNA SPIRO,,,Great Expectation SIENNA SPIRO
2026-09-20,sg,Singapore,top_songs_weekly,,79,https://yt3.googleusercontent.com/Mwz3liFBY6TDdXiOq588luxgppHJZuQv8g1okCAoWFUzhysnkGBbxDpD2EX-KLCkFzm5_QldMkmSv5A=w180-h180-l90-rj,,"눈, 코, 입 (EYES, NOSE, LIPS)",太陽,,,"눈, 코, 입 (EYES, NOSE, LIPS) 太陽"
2026-09-20,sg,Singapore,top_songs_weekly,,80,https://yt3.googleusercontent.com/n3AgjXSmLDb8kOK2zehyjSUre_U30fLN-ZqEgoDkvpgvYKOoEtyjVB8TQMsupziq7Bgn93P2epyxOFM=w180-h180-l90-rj,,座位,於冬然,"2月 10, 2025",19389,"80 9 座位 于冬然 2月 10, 2025 89 4 19,389"
2026-09-20,sg,Singapore,top_songs_weekly,,81,https://yt3.googleusercontent.com/jvP1eun9fOtAnJLYFMj5r2QflaLM9N1ZyKG4sUGazAQyTwSl7akf59hrPwXTSinhCLvS9nxymmBNNqg=w180-h180-l90-rj,,Bum Baa Diga Diga,Anirudh Ravichander / Vedan / Heisenberg,,,"Bum Baa Diga Diga Anirudh Ravichander , Vedan & Heisenberg"
2026-09-20,sg,Singapore,top_songs_weekly,,82,https://yt3.googleusercontent.com/ZCMHVke_2HlGvW6D4C8Vafpi_b4rA0ywfqBZ0oFQSHJW5daDTra32eYqkKSWGs3EwSQrBSe_1bIyRkv_XQ=w180-h180-l90-rj,,Raya (Slowed),Zericxxn,,,Raya (Slowed) Zericxxn
2026-09-20,sg,Singapore,top_songs_weekly,,83,https://yt3.googleusercontent.com/Hu7ZkuL_0u5n743V1G1PR_Onmli50SNAT8Hj30ZIgz-h6w44OW0XKySxtI2hwOuHrTM4h8e_3pQBkKntSw=w180-h180-l90-rj,,玻璃,Gareth.T,"5月 19, 2026",18735,"83 2 玻璃 Gareth.T 5月 19, 2026 85 16 18,735"
2026-09-20,sg,Singapore,top_songs_weekly,,84,https://yt3.googleusercontent.com/N4Axbj_aNBB8NHG5-iZBVdQrNK0USKDWqGuqhzOFqygT1V0Lh7mbyywZ9fGAWxUH1EIIBRWPJCBBshFgOQ=w180-h180-l90-rj,,セツナハナビ,TOMORROW X TOGETHER,,,セツナハナビ TOMORROW X TOGETHER
2026-09-20,sg,Singapore,top_songs_weekly,,85,https://yt3.googleusercontent.com/AZCi7Ry4k8s-g3eF2TkSZaOuNnEsEWDJZsPh2PA1tUjVfKy7_vSh37saeF9wItQst-PGxFOQkKSt6p0A=w180-h180-l90-rj,,"Magale (From ""Baththa"")",Sai Abhyankkar / Harini / Karthik Netha,,,"Magale (From ""Baththa"") Sai Abhyankkar , Harini & Karthik Netha"
2026-09-20,sg,Singapore,top_songs_weekly,,86,https://yt3.googleusercontent.com/CwtUqDJhEnd9U_GyRBTwrRE0lpNwIgw6ugIlJLbP9EC91DKzgWz1WEo3cmcsdDybIEzTkrZaz_hNttJx=w180-h180-l90-rj,,I LIKE IT,BABYMONSTER,,,I LIKE IT BABYMONSTER
2026-09-20,sg,Singapore,top_songs_weekly,,87,https://yt3.googleusercontent.com/HcWkg1gjHiD6bcpTiT6N8HuH0q5Xzc8rFB7wLkuxl4RssIZyHvRzXu6fATgFV7aYfGnLUfY-CPGpB18=w180-h180-l90-rj,,Sambavakaari,肖恩·羅爾丹 / Saindhavi / Mohan Rajan,,,"Sambavakaari 肖恩·羅爾丹 , Saindhavi & Mohan Rajan"
2026-09-20,sg,Singapore,top_songs_weekly,,88,https://yt3.googleusercontent.com/FRAFu9CaCaJMJzP2gOg-EcC-GPamLLh-h7YVUOn876iItmTJs0gT7JimpyWM5CN4_iUZk2Rz7Mo4ZKg-0w=w180-h180-l90-rj,,Giants,Iman Fandi / weish / NDPeeps,,,"Giants Iman Fandi , weish & NDPeeps"
2026-09-20,sg,Singapore,top_songs_weekly,,89,https://yt3.googleusercontent.com/wT9OeYXVuf7P5mzjgOtZdAu9-872PnURnveIB6AiRoroHzlAFz2_6pMxk3XKgGuRWwCtJpn5Hkx0Ag=w180-h180-l90-rj,,Nallaru Po,Sai Abhyankkar / Tippu / 莫赫·克 / Vivek,,,"Nallaru Po Sai Abhyankkar , Tippu , 莫赫·克 & Vivek"
2026-09-20,sg,Singapore,top_songs_weekly,,90,https://yt3.googleusercontent.com/HQMhVerQqgh-sPpn7jkcpoAiST4qynxX-PQGp-mIVT3WZ82R4ZSbvc0NAcup2x3WwJWdFSSBSBNk5P6LMA=w180-h180-l90-rj,,鹹酸苦汫 (電影《網紅老爸》片尾曲),王識賢 / 麋先生,,,鹹酸苦汫 (電影《網紅老爸》片尾曲) 王識賢 & 麋先生
2026-09-20,sg,Singapore,top_songs_weekly,,91,https://yt3.googleusercontent.com/CjDh4LNMycWQ9Y7i9Ljx2DR-IMtEqIT-dATGATncVd2vP7uKj9TfO8PqHqH1org_Q3kC9-2A7A5R6mo=w180-h180-l90-rj,,Hips Don't Lie (feat. Wyclef Jean),Shakira,,,Hips Don't Lie (feat. Wyclef Jean) Shakira
2026-09-20,sg,Singapore,top_songs_weekly,,92,https://yt3.googleusercontent.com/xhdLwfah8qP3flZOzZfg7ueQoMkYVo8Io6OIWHrvg4wDa0mSdal4vnP0vfkDym738VkuimUaeffWuKA=w180-h180-l90-rj,,You'll Be Okay,楚晴 / NDPeeps,,,You'll Be Okay 楚晴 & NDPeeps
2026-09-20,sg,Singapore,top_songs_weekly,,93,https://yt3.googleusercontent.com/aNhqg9y1UtEMrvlSnWM4-XkIV0tQ8KnAYjRVH5zfviRDPoi41UpJJlxPdhCI_tbAwIl84uYgCDfLQWw2=w180-h180-l90-rj,,寫故事的人,汪蘇瀧,"4月 14, 2026",17456,"93 1 写故事的人 汪蘇瀧 4月 14, 2026 92 10 17,456"
2026-09-20,sg,Singapore,top_songs_weekly,,94,https://yt3.googleusercontent.com/LM6RBLp2-wM0ZMMyBwGu1HwXiPj3OuH87g-Ksmw_avEfoG3-sEn9oYUVfn89MDuQ7vROhAXBkFiBla4A=w180-h180-l90-rj,,PINKY UP,KATSEYE,,,PINKY UP KATSEYE
2026-09-20,sg,Singapore,top_songs_weekly,,95,https://yt3.googleusercontent.com/PpNmBAYCLSgsWDxcvJ4jEDFHtnB2cczrEqNH67TuFB0GAZXGXOB2YU_Ljn69B786XqD_Qq13eSKWWAE=w180-h180-l90-rj,,Stereo Hearts (feat. 亞當·李維),體育課英雄樂團,,,Stereo Hearts (feat. 亞當·李維) 體育課英雄樂團
2026-09-20,sg,Singapore,top_songs_weekly,,96,https://yt3.googleusercontent.com/wRXgOBgefc1ffPk_9vmhhL7XfTD27wR5OoCC34lTDv2cD4ooCYBGFjJ_PljlR5tOrKY7vuiCbAwsEQpB=w180-h180-l90-rj,,Guitarist,都敬秀,"9月 8, 2026",17077,"96 New Guitarist 都敬秀 9月 8, 2026 - 1 17,077"
2026-09-20,sg,Singapore,top_songs_weekly,,97,https://yt3.googleusercontent.com/Uj5cYGSdnLCHlw6leWNwDQ6VcjgrNTAfZ-9LAceGci14yOMTwEPlSpMaxyLLCPUVerftYRSlSmuT5t5C=w180-h180-l90-rj,,oh yeah?,史特夫·拉西,"7月 13, 2026",16988,"97 11 oh yeah? 史特夫·拉西 7月 13, 2026 86 5 16,988"
2026-09-20,sg,Singapore,top_songs_weekly,,98,https://yt3.googleusercontent.com/IUuZFSUqFLMQlejTtsnLM_cB16A0T1g-savL7DYbWz5NFh2-DOw5-v9_PREJt9keX48NSan-8yUQCPM=w180-h180-l90-rj,,Love The Way You Lie (feat. Rihanna),Eminem,,,Love The Way You Lie (feat. Rihanna) Eminem
2026-09-20,sg,Singapore,top_songs_weekly,,99,https://yt3.googleusercontent.com/UJ0Xm8gTPZD-oAYXDsRiafVjizIzdk5jYw_8r3GyXLr9lduwTyyZylvy3yEtvPRQ4hxVeoczfiWcY-0rXA=w180-h180-l90-rj,,螺旋(Acoustic),9Lana,,,螺旋(Acoustic) 9Lana
2026-09-20,sg,Singapore,top_songs_weekly,,100,https://yt3.googleusercontent.com/bPQAXtxg9kp3_2RPlgtnezp5opZgYFUGQNTnZLEd_131df6T3Nht7Jo3Tx44WwseRUYPe8OeApHM88S50A=w180-h180-l90-rj,,The Nights,Avicii,,,The Nights Avicii
2026-09-20,my,Malaysia,top_songs_weekly,,1,https://yt3.googleusercontent.com/xrGDyYO3umAVFdsdyIM2G451xiAxCD6haJkCQel6TQlqE-XsEUCGsj_Q5Er4YjFpjWqv-_Ze-VaPPL0j=w180-h180-l90-rj,,Teh Hijau,圖魯斯,"6月 29, 2026",2548698,"1 ● Teh Hijau 圖魯斯 6月 29, 2026 1 9 2,548,698"
2026-09-20,my,Malaysia,top_songs_weekly,,2,https://yt3.googleusercontent.com/lph_AYE9fU1VteHx7zG6DGesN-NvVDTs79j1q4DCHZS980-UryiOlKlLgtDkIBr2niDVO0WZdTg2fnA=w180-h180-l90-rj,,SaWaDiKa,LISA,"8月 27, 2026",1547104,"2 New SaWaDiKa LISA 8月 27, 2026 - 1 1,547,104"
2026-09-20,my,Malaysia,top_songs_weekly,,3,https://yt3.googleusercontent.com/5d51ZlGjNP_Gss3Z3RKP7B98ASQ7pxvp4XI3IAQ3kniFFjgLPDPnR6_K3tYZGoMVvfJYXBtu3awwsTI=w180-h180-l90-rj,,Training Season,Dua Lipa,,,Training Season Dua Lipa
2026-09-20,my,Malaysia,top_songs_weekly,,4,https://yt3.googleusercontent.com/wXkXjlcs3VQ09JqQaLbmd-XAwvoZ0Kxsy5h3jbA2hGyAaw_XMWMzVxze2CWrYFfQRAwnktCoev7-uJaz=w180-h180-l90-rj,,The One That Got Away,Katy Perry,,,The One That Got Away Katy Perry
2026-09-20,my,Malaysia,top_songs_weekly,,5,https://yt3.googleusercontent.com/AozuFQHuzVlpr4-NtgkxRA5Q9ONXf3P91VsWrqRJbRJiVxIXfiG2tyMBv0lQ1rV-MVSoB9fwbUSMGdzX=w180-h180-l90-rj,,Astaga Bercanda,Akbar Chalay / Mingse,,,Astaga Bercanda Akbar Chalay & Mingse
2026-09-20,my,Malaysia,top_songs_weekly,,6,https://yt3.googleusercontent.com/pxZ41R8jrSjVtI3W9wCDRA6T7KOVnPHH0k1H_qktx78W8X__rn4IVqu_1ePUhLvrohB9JBWgrOXl7P9epA=w180-h180-l90-rj,,MMG (My Mine Gueh),Naykilla,,,MMG (My Mine Gueh) Naykilla
2026-09-20,my,Malaysia,top_songs_weekly,,7,https://yt3.googleusercontent.com/2-hieEVD7f79K918InakgMwDVR7M3RFPpa9BFsdJi7axTA8rrfF2psRUnBk9b8QXmiuswUxif82gxxI=w180-h180-l90-rj,,CLICK,JISOO,"9月 4, 2026",849384,"7 New CLICK JISOO 9月 4, 2026 - 1 849,384"
2026-09-20,my,Malaysia,top_songs_weekly,,8,https://yt3.googleusercontent.com/lPT2Syoe9fcp45Ulw5QLYRUHG_W1g84UxsZE1lOppdjWCKrn2attpdqkJhVm8TpYFzEnQwuwWuxSpKQ7Uw=w180-h180-l90-rj,,Memori Sekuntum Rindu,Spoon,,,Memori Sekuntum Rindu Spoon
2026-09-20,my,Malaysia,top_songs_weekly,,9,https://yt3.googleusercontent.com/N-SBeSkXpxC-Okj00Up8kUUl-CQXJmbdtkRpcO3FktG2zDeePuwDcw_B1G3ymaAxBOUN4qL85HRSkUvO=w180-h180-l90-rj,,Great Expectation,SIENNA SPIRO,,,Great Expectation SIENNA SPIRO
2026-09-20,my,Malaysia,top_songs_weekly,,10,https://yt3.googleusercontent.com/2xla4g76vbzLjMKUT3YW_fmOoPKv9ZglvqeTKb5ElWeT6xMn6XvV-ETX-y62THXpldiOf7cvpiEw6l4=w180-h180-l90-rj,,Adek Saye Abe Sore,Adek Saye Abe Sore,,,Adek Saye Abe Sore Adek Saye Abe Sore
2026-09-20,my,Malaysia,top_songs_weekly,,11,https://yt3.googleusercontent.com/6XHA9MM0eriT5b5QzFrIsu_JSlPOmIt_ZHlLC8omWvTxGbjDPOuM3kdwkPSJ2Arl74PLIdAakzWr7Zo=w180-h180-l90-rj,,Sayang Orang Sama,Adira,,,Sayang Orang Sama Adira
2026-09-20,my,Malaysia,top_songs_weekly,,12,https://yt3.googleusercontent.com/s5PxcX0QM_X4qV95uVhrsfj4oD7EIyRjFiOLaDp44xItYeekybof3c-I8n9jsp1FVs5i-OGdt0w_e654=w180-h180-l90-rj,,Kita Lewati Berdua,Overnight,,,Kita Lewati Berdua Overnight
2026-09-20,my,Malaysia,top_songs_weekly,,13,https://yt3.googleusercontent.com/CC_l5YaxptJmKchx3do89wDqFJWXzXc1iH2141wuY6wYMaqclBKoXXtelidtojEPb_R97XReu6V5k4uQTg=w180-h180-l90-rj,,Tiwikarma,K.O.I,"9月 16, 2024",618815,"13 7 Tiwikarma K.O.I 9月 16, 2024 6 4 618,815"
2026-09-20,my,Malaysia,top_songs_weekly,,14,https://yt3.googleusercontent.com/IsP7Y5hMApNNh_tdVEV3OquJcKWcUjIwgc26IbVWYQMnGP_a7ecwkq8aDmH29vXfZWUVozmQJIH_Wk8=w180-h180-l90-rj,,Iqro',Raim Laode,,,Iqro' Raim Laode
2026-09-20,my,Malaysia,top_songs_weekly,,15,https://yt3.googleusercontent.com/pPXFB33cg6OkSoAG9Xbvp3cGnkXnTGWSYkUypg0vHL8IuRvIYBTYnjvhweDfjbCRf4FHXCksK2ukjio=w180-h180-l90-rj,,海嶼你,馬也Crabbit / Cole先生,,,海屿你 马也Crabbit & Cole先生
2026-09-20,my,Malaysia,top_songs_weekly,,16,https://yt3.googleusercontent.com/kG2gMJvKvF_RhnRLaYYYCHT8FzKYvPK5gtK-vFTw-MlaA-_IP48Ez2IaqtHfQ9i9F9BFCVtTmpIXDl4FHQ=w180-h180-l90-rj,,kota ini tak sama tanpamu,Nadhif Basalamah,,,kota ini tak sama tanpamu Nadhif Basalamah
2026-09-20,my,Malaysia,top_songs_weekly,,17,https://yt3.googleusercontent.com/7ecjOVgSXJjNEQWLt-bZSyuUIIU5T9r5GYwvlQfKOH5sZ3AxGwzu-ZrY4R_7SENgv3Efobl9e2XDtkaJYQ=w180-h180-l90-rj,,Bahagia Lagi,Piche Kota,,,Bahagia Lagi Piche Kota
2026-09-20,my,Malaysia,top_songs_weekly,,18,https://yt3.googleusercontent.com/WnS8_TSqLTP0D5Ltvu5mypx6ypsFj0dM0fSNvD8vz8K_f18nAU10bNsExXoI6t6mI-zR7ezxPYv3e7w=w180-h180-l90-rj,,Sesi Potret,Ari Lesmana / eńau,,,Sesi Potret Ari Lesmana & eńau
2026-09-20,my,Malaysia,top_songs_weekly,,19,https://yt3.googleusercontent.com/OlsyF8L82chwdoVqON-g5H3BsEEgA0zSIYU_6SIZgMtLe0QzZPxzno91C6zJktuon6rjAv_UbmggkO_vyQ=w180-h180-l90-rj,,BAD,ATEEZ,"5月 22, 2026",563038,"19 4 BAD ATEEZ 5月 22, 2026 15 10 563,038"
2026-09-20,my,Malaysia,top_songs_weekly,,20,https://yt3.googleusercontent.com/9tvaXNSu_mfKeIhu0MiqRX8hrRrWKt5DhLPMIDk9f4RQZEMb5BTfv_5wWHUwzR2iUDtSJMYRz0iuEBwo=w180-h180-l90-rj,,Dari Bawah,EzHaRHaNzE,,,Dari Bawah EzHaRHaNzE
2026-09-20,my,Malaysia,top_songs_weekly,,21,https://yt3.googleusercontent.com/EhJCP_-PRh3_78t1fSouQ7D3mrBszq3mmXSc1JRxawuMr8C3Gq0bKC--XP1dXp4KW8UdLX09LXba8F4=w180-h180-l90-rj,,Jangan Paksa Rindu (Beda),Ifan Seventeen,,,Jangan Paksa Rindu (Beda) Ifan Seventeen
2026-09-20,my,Malaysia,top_songs_weekly,,22,https://yt3.googleusercontent.com/moXpr_lvHpb9m70jTjr-0GE63_VyHivgmyH7UPBJmgwWPHwwmvhxDPPZtdAhCFo7CdzmzIGwBE3cn4VuCQ=w180-h180-l90-rj,,Dai Dai,Shakira / 伯納男孩,,,Dai Dai Shakira & 伯納男孩
2026-09-20,my,Malaysia,top_songs_weekly,,23,https://yt3.googleusercontent.com/E5k5qZuujwcBDIke0GnSRRORhcrLvJcq5hHFRyybdgcH1AxT3ySSbGO1mLgxU2VDynfKK5OdLuf7TIwb=w180-h180-l90-rj,,Dalam Diam,Zynakal / Zamir Harith / Mojack Hafiz / Bel Janni,,,"Dalam Diam Zynakal , Zamir Harith , Mojack Hafiz & Bel Janni"
2026-09-20,my,Malaysia,top_songs_weekly,,24,https://yt3.googleusercontent.com/6LDZTIjk3nbSSsG8J0M2_ME4KWzt4MTZ7oqrZlWg-uZ1gRWnBKt9ySPibZ5l7GJ_-j6gB6hv-qLNaPE=w180-h180-l90-rj,,hate that i made you love me,Ariana Grande,,,hate that i made you love me Ariana Grande
2026-09-20,my,Malaysia,top_songs_weekly,,25,https://yt3.googleusercontent.com/lri2NMO-Z9ihGrHPLowVk0CQTGYWOCV6GvsT8uf0UybSGR1kIFxUJfZu26yJw2PzpnRk-NyXDExNa5rc=w180-h180-l90-rj,,Dunia Yang Nanti,Raim Laode,,,Dunia Yang Nanti Raim Laode
2026-09-20,my,Malaysia,top_songs_weekly,,26,https://yt3.googleusercontent.com/htfZGrgiopfo58Qk68lMz897pAafqWPMG7xk4E1AQoyMCMVUM7yrpznlONPuCYDzoRItR68Sff5Q2XU=w180-h180-l90-rj,,Ku Yang Berjuang,Danial Kifli,,,Ku Yang Berjuang Danial Kifli
2026-09-20,my,Malaysia,top_songs_weekly,,27,https://yt3.googleusercontent.com/EoJgLmCvN3rTHOx6BQNFPAmreqvaLbH7TcrLClNLQOpasJriwAyuKluKpDKgLgY54Od7yI7N8XgPDYhm=w180-h180-s-l90-rj,,Dirantai Digelangi Rindu,Exists,,,Dirantai Digelangi Rindu Exists
2026-09-20,my,Malaysia,top_songs_weekly,,28,https://yt3.googleusercontent.com/YpHZO1DBcGPbgywaeckHbkkiI-b4OetQDJnQtCM--usqBrKljB-9uXax23i3hHI-PiTlyyHLBdYScSeGRQ=w180-h180-l90-rj,,Radhimaa,Sai Abhyankkar / Nargis Teji / Asma Teji / Vivek / Sai Smriti,,,"Radhimaa Sai Abhyankkar , Nargis Teji , Asma Teji , Vivek & Sai Smriti"
2026-09-20,my,Malaysia,top_songs_weekly,,29,https://yt3.googleusercontent.com/QgFG5RHpesQcNq4JDY51ot0i2GRRf7GFpiO49zyAVO2C5YyKxCTglY0A9c4zBCHWkLrtg7mi-0UY5Uc=w180-h180-l90-rj,,Cinderella (feat. Ty Dolla $ign),麥克‧米勒,,,Cinderella (feat. Ty Dolla $ign) 麥克‧米勒
2026-09-20,my,Malaysia,top_songs_weekly,,30,https://yt3.googleusercontent.com/naKgO_9vvIczuf7Vq1llQyRAQOOW898kBZN3pio-Bkbfcmdu3Gv14_ivEBZiHAow8VbPEq1bhO0j2DU=w180-h180-l90-rj,,KALYANI (Remix),ARJN / KDS / FIFTY4 / 舒蕾亞·戈沙爾,,,"KALYANI (Remix) ARJN , KDS , FIFTY4 & 舒蕾亞·戈沙爾"
2026-09-20,my,Malaysia,top_songs_weekly,,31,https://yt3.googleusercontent.com/_1ejRnxNSULMWdqN8F-gEGUVfw5kZKrwKy5xNPnSxU6Xen61q09zCR1aQn4s4L9rDOi-fGnTh3qI-LwE=w180-h180-l90-rj,,Risk It All (Live),Bruno Mars,,,Risk It All (Live) Bruno Mars
2026-09-20,my,Malaysia,top_songs_weekly,,32,https://yt3.googleusercontent.com/BKxUIETz1Vt8WcKm7bC2HP85RkhB5K6rbu3d-hNoe4kSkf_CJYJ0DqMknD3J85nUpilrGJMa7ipBnEJn-w=w180-h180-l90-rj,,Базовый минимум,SABI / 米亞·博伊卡,,,Базовый минимум SABI & 米亞·博伊卡
2026-09-20,my,Malaysia,top_songs_weekly,,33,https://yt3.googleusercontent.com/NR28hVn6yRChF4GhvBFNtOOrFas5V6FuFdJ1CneO7N6KAZWCvT4S-wmDLX3W5nPDXny2UP1c2LF_dOMSCg=w180-h180-s-l90-rj,,Romancinta,MOJO,"8月 23, 2013",371578,"33 8 Romancinta MOJO 8月 23, 2013 41 21 371,578"
2026-09-20,my,Malaysia,top_songs_weekly,,34,https://yt3.googleusercontent.com/jXXzY2fTfxgr0_wR_I_V8W3Ai0L3ece217Biqm0tY36I9VAoce09xXmjgt8mXggTVgGGBHdJ3eAyICY=w180-h180-l90-rj,,Beauty And A Beat (feat. Nicki Minaj),Justin Bieber,,,Beauty And A Beat (feat. Nicki Minaj) Justin Bieber
2026-09-20,my,Malaysia,top_songs_weekly,,35,https://yt3.googleusercontent.com/CvEESx2hQqyaOQgqOux102aB1Hz01VFSpFsnh4z1Tfx_tX_XOyG3icXcImjLo0EpEJVbkXyWpGg-IlEY=w180-h180-l90-rj,,Romantis,Spring,"7月 14, 2003",341369,"35 9 Romantis Spring 7月 14, 2003 44 19 341,369"
2026-09-20,my,Malaysia,top_songs_weekly,,36,https://yt3.googleusercontent.com/LM6RBLp2-wM0ZMMyBwGu1HwXiPj3OuH87g-Ksmw_avEfoG3-sEn9oYUVfn89MDuQ7vROhAXBkFiBla4A=w180-h180-l90-rj,,Animal,KATSEYE,"7月 24, 2026",330161,"36 1 Animal KATSEYE 7月 24, 2026 37 7 330,161"
2026-09-20,my,Malaysia,top_songs_weekly,,37,https://yt3.googleusercontent.com/-fIvDIcD4_x3_rhbl3Bk7JyD9gF23GY4G811LFeUrt3xG16xUPXoWBPg9AcrQyR5XZtjtHTXnAoKrxkOZg=w180-h180-l90-rj,,Janji Padamu,Exists,,,Janji Padamu Exists
2026-09-20,my,Malaysia,top_songs_weekly,,38,https://i.ytimg.com/vi/aDTx0sx0bl4/default.jpg,https://www.youtube.com/watch?v=aDTx0sx0bl4,Rindiani,Slam,"1月 1, 2009",322823,"38 1 Rindiani Slam 1月 1, 2009 39 17 322,823"
2026-09-20,my,Malaysia,top_songs_weekly,,39,https://i.ytimg.com/vi/cpUnVtBKX8w/default.jpg,https://www.youtube.com/watch?v=cpUnVtBKX8w,Gila Bayang,Ammar Haikal,,,Gila Bayang Ammar Haikal
2026-09-20,my,Malaysia,top_songs_weekly,,40,https://yt3.googleusercontent.com/awoyk8Z8XNivU4sRBupBx_pdbnk7yVJz3w4qvxzcrm-Ud9Ma6B-v9BVLOx1JLTJr5n-g51chJRdHEqSgSg=w180-h180-l90-rj,,甲乙丙丁Strangers,李佳薇,,,甲乙丙丁Strangers 李佳薇
2026-09-20,my,Malaysia,top_songs_weekly,,41,https://yt3.googleusercontent.com/lg3nV9ibbHmqyMhfmAFxK_iwoaTMyv0-LzmrPmDL13gR2-YYMDpxDskqys0lzJwfrz3ZMD4-vT7uLrt2=w180-h180-l90-rj,,Andai Dapat Ku Undur Masa,AXL,,,Andai Dapat Ku Undur Masa AXL
2026-09-20,my,Malaysia,top_songs_weekly,,42,https://yt3.googleusercontent.com/pDD-vtKIEJGC_C3OichRJOZialepndMW95NLasYSrGQEiAEOWmz09KhbkqyNdwmU8dNXwGiPaIv0MTpeBQ=w180-h180-l90-rj,,Hakikat Sebuah Cinta,Iklim,,,Hakikat Sebuah Cinta Iklim
2026-09-20,my,Malaysia,top_songs_weekly,,43,https://yt3.googleusercontent.com/ZpWD37EEQE_LVuQ_O03cRmz5mZA7jG0gKGLt-49uHNDX6DycysijGGSOX9woU-OfQR5jyahz3aEdmBmm3A=w180-h180-l90-rj,,The Fate of Ophelia,Taylor Swift,,,The Fate of Ophelia Taylor Swift
2026-09-20,my,Malaysia,top_songs_weekly,,44,https://yt3.googleusercontent.com/o2nnwNgL7EW5NXLNAs_0PL7wHYSjW4nNWywTzSvPZpxSEqGdXnDyvCItu1sR53qvw1cJibN_9ImHMMYj=w180-h180-l90-rj,,Mengusung Rindu,Spin,,,Mengusung Rindu Spin
2026-09-20,my,Malaysia,top_songs_weekly,,45,https://yt3.googleusercontent.com/F_zOOpQrlMOrIT50KDXGX54temlvXtXhWM-9e6TBAxCSP-F_Tt8bxONr5jBN7UwvoCwUifR0xph_QQeX=w180-h180-l90-rj,,Alaakaa Loova,Sai Abhyankkar / Rokesh,,,Alaakaa Loova Sai Abhyankkar & Rokesh
2026-09-20,my,Malaysia,top_songs_weekly,,46,https://yt3.googleusercontent.com/z1pEXAR8hr6qt_cCrw7spDXkAJpF4cWpRec7lJUqwFQiRgbc5dC44YV2TOG8O3Wtf6db4H014p72iHl8Ow=w180-h180-l90-rj,,Orang Baru Lebe Gacor,Ecko Show / Juan Reza / Chesylino,,,"Orang Baru Lebe Gacor Ecko Show , Juan Reza & Chesylino"
2026-09-20,my,Malaysia,top_songs_weekly,,47,https://yt3.googleusercontent.com/VYJ4bYyHupJe1K4y3eWrg82IfGioP6rzeSJ0-hdTB-llJn5MbE9GCeWOA4ZwLyG7gyuYORWUbVvGMHbq=w180-h180-l90-rj,,FALLEN ANGEL,Jennie,,,FALLEN ANGEL Jennie
2026-09-20,my,Malaysia,top_songs_weekly,,48,https://yt3.googleusercontent.com/fdiIj2b9CasibLr9iAR3C-kMh93njj7niDP2FjRYCuZ313UGB9G4qLkpw5va1gpMdHlNr9QexHN5K6bZ=w180-h180-l90-rj,,Jung Jung Inai,Iman Troye / Asslahierah / XO House,,,"Jung Jung Inai Iman Troye , Asslahierah & XO House"
2026-09-20,my,Malaysia,top_songs_weekly,,49,https://yt3.googleusercontent.com/3yZ-DPOigUT1R453gr5kVkQeu6PwZK1OivsZX7ozfFJog-H_VlxeJD9thjwH2zNA5x0IEzEt4w6PmK5t=w180-h180-l90-rj,,Just Give Me a Reason (feat. 奈特・瑞斯),P!NK,,,Just Give Me a Reason (feat. 奈特・瑞斯) P!NK
2026-09-20,my,Malaysia,top_songs_weekly,,50,https://yt3.googleusercontent.com/6nSKYCjwCp1f1GfgYejDk9l-3_65Qgc-sVtfeDyuAk1tSqeuTSnN6h-Z4cBeshn16kP_JIRs9whqlvQt6A=w180-h180-l90-rj,,Shape of My Heart,新好男孩,,,Shape of My Heart 新好男孩
2026-09-20,my,Malaysia,top_songs_weekly,,51,https://yt3.googleusercontent.com/PVM0JE4VtcTyR1Al0pS7PhB85hgbYlTC3bzm5SzFsWO9G1yS4VhEgZqbj8K3vyL7GayOfg4YlOPpn94=w180-h180-l90-rj,,Lumangad Oku Dika,Ryenald Guntabid,,,Lumangad Oku Dika Ryenald Guntabid
2026-09-20,my,Malaysia,top_songs_weekly,,52,https://yt3.googleusercontent.com/J0SuB8-cxXaarOPPv0C5Ei08uAC3SvmkKF51YQTcexpnzjKMKwA_a2vnP3Hr1eHuzlGHEUSG-YjaFR3b=w180-h180-l90-rj,,Sekuntum Bunga Sakura Di Gurun Sahara,Mega,,,Sekuntum Bunga Sakura Di Gurun Sahara Mega
2026-09-20,my,Malaysia,top_songs_weekly,,53,https://yt3.googleusercontent.com/IMgYw20_NQbbBytDGodJiAjqtuZ2WnkPYfONJM5G6KElTFrHI2bH098M5ithxMJDYU4E73DDQ7pRHk__rQ=w180-h180-l90-rj,,MALAYSIA,法依扎爾·塔基爾,,,MALAYSIA 法依扎爾·塔基爾
2026-09-20,my,Malaysia,top_songs_weekly,,54,https://i.ytimg.com/vi/SEiUqNmtIy8/default.jpg,https://www.youtube.com/watch?v=SEiUqNmtIy8,MERAMPAU,ALEX WAN,,,MERAMPAU ALEX WAN
2026-09-20,my,Malaysia,top_songs_weekly,,55,https://yt3.googleusercontent.com/N-SBeSkXpxC-Okj00Up8kUUl-CQXJmbdtkRpcO3FktG2zDeePuwDcw_B1G3ymaAxBOUN4qL85HRSkUvO=w180-h180-l90-rj,,Die On This Hill,SIENNA SPIRO,,,Die On This Hill SIENNA SPIRO
2026-09-20,my,Malaysia,top_songs_weekly,,56,https://yt3.googleusercontent.com/N-SBeSkXpxC-Okj00Up8kUUl-CQXJmbdtkRpcO3FktG2zDeePuwDcw_B1G3ymaAxBOUN4qL85HRSkUvO=w180-h180-l90-rj,,Pure,SIENNA SPIRO,,,Pure SIENNA SPIRO
2026-09-20,my,Malaysia,top_songs_weekly,,57,https://yt3.googleusercontent.com/fQQQd_5ekiUbYRth6Yf7ZmkgS7Mf-VmxRCyqPpef-KgJVqISZqDKpjjU3zvfDVh9qr03MxPChTiYHyg=w180-h180-l90-rj,,Neno Butterfly,G.V. Prakash Kumar / Sublahshini,,,Neno Butterfly G.V. Prakash Kumar & Sublahshini
2026-09-20,my,Malaysia,top_songs_weekly,,58,https://yt3.googleusercontent.com/qjmzVYObHgOdhPmclRSX50IopCBub7_fdO02szD7tXdJ9k2P6p_oh8_QH03eaUdThLbgA7iKAr6TzzWZ=w180-h180-l90-rj,,Ayah Ibu 2.0,Mizan / Harry,,,Ayah Ibu 2.0 Mizan & Harry
2026-09-20,my,Malaysia,top_songs_weekly,,59,https://yt3.googleusercontent.com/TiS6fwXCQ51n4KWBTfTFfTecLHvNDv-5QrmXAODb2o_GWOMHf_AHCc2s2FZmk-xh2JMqmt26wNzXeIGNEw=w180-h180-l90-rj,,Tak Adil,Aisha Retno,,,Tak Adil Aisha Retno
2026-09-20,my,Malaysia,top_songs_weekly,,60,https://yt3.googleusercontent.com/Ln5753uONsyM3dy0KvhV_pgpChPzbMFTNoCRuUn6TaUqPG4EzNTnIyR5KgSqlnc3kIlS3e8P-ALxocOM=w180-h180-l90-rj,,Jiwa Yang Mengalah,Bellestrelle ft Harry Azrul,,,Jiwa Yang Mengalah Bellestrelle ft Harry Azrul
2026-09-20,my,Malaysia,top_songs_weekly,,61,https://yt3.googleusercontent.com/Hu7ZkuL_0u5n743V1G1PR_Onmli50SNAT8Hj30ZIgz-h6w44OW0XKySxtI2hwOuHrTM4h8e_3pQBkKntSw=w180-h180-l90-rj,,玻璃,Gareth.T,"5月 19, 2026",231937,"61 3 玻璃 Gareth.T 5月 19, 2026 64 17 231,937"
2026-09-20,my,Malaysia,top_songs_weekly,,62,https://yt3.googleusercontent.com/nm9GYvOMcPFdcebWBwR2vGVDEJdseIHku7aTpf20UeMiA9nCAQlzE81o_a74hvbMJNlwYG1yO70m1qvz=w180-h180-l90-rj,,Kasih Tercipta,法依扎爾·塔基爾,,,Kasih Tercipta 法依扎爾·塔基爾
2026-09-20,my,Malaysia,top_songs_weekly,,63,https://yt3.googleusercontent.com/LM6RBLp2-wM0ZMMyBwGu1HwXiPj3OuH87g-Ksmw_avEfoG3-sEn9oYUVfn89MDuQ7vROhAXBkFiBla4A=w180-h180-l90-rj,,Hootie Frutti,KATSEYE,,,Hootie Frutti KATSEYE
2026-09-20,my,Malaysia,top_songs_weekly,,64,https://yt3.googleusercontent.com/6s0i1935ltv7crpD6tlpdYmOjmzda-R_P8xDzG4qnaFmGjTekSIq8fb1tTG0LBA5_kZ-a-VRzWH9oC_R=w180-h180-l90-rj,,Gadis Manis Kalimantan,Syahriadi,,,Gadis Manis Kalimantan Syahriadi
2026-09-20,my,Malaysia,top_songs_weekly,,65,https://yt3.googleusercontent.com/qnfaDMwf8RDrJ3DRUeOkZ4HagLVmN_Kh8hunfDTvzIiGNjJAMrWQic6h1OWB_6KpJZapoXQXckHcIp7W=w180-h180-l90-rj,,Bloody Paradise,ENHYPEN,,,Bloody Paradise ENHYPEN
2026-09-20,my,Malaysia,top_songs_weekly,,66,https://yt3.googleusercontent.com/EoJgLmCvN3rTHOx6BQNFPAmreqvaLbH7TcrLClNLQOpasJriwAyuKluKpDKgLgY54Od7yI7N8XgPDYhm=w180-h180-s-l90-rj,,Mengintai Dari Tirai Kamar,Exists,,,Mengintai Dari Tirai Kamar Exists
2026-09-20,my,Malaysia,top_songs_weekly,,67,https://yt3.googleusercontent.com/CmMeTooK37ENyQER7DupYPF04-uK-lzIwZlf3PTtIvPFjqCf6GUFoYPIWqGqUrTnQofpfK8qDMLJzHlw=w180-h180-l90-rj,,Bungai Pinang,Rickie Andrewson,,,Bungai Pinang Rickie Andrewson
2026-09-20,my,Malaysia,top_songs_weekly,,68,https://i.ytimg.com/vi/oUD-iIRQBYY/default.jpg,https://www.youtube.com/watch?v=oUD-iIRQBYY,Lelaki Teragung,Dayang Nurfaizah,,,Lelaki Teragung Dayang Nurfaizah
2026-09-20,my,Malaysia,top_songs_weekly,,69,https://yt3.googleusercontent.com/udozCaU1HqKua_lQxLqtEKTaNkFLVQwSxzVTtx7xumgQ3tvzLxia5Cs3iq1Hagn4hf1Ob1aEUP3SkHa3=w180-h180-l90-rj,,Punca,Sofazr SecondPlan,,,Punca Sofazr SecondPlan
2026-09-20,my,Malaysia,top_songs_weekly,,70,https://yt3.googleusercontent.com/s3V42kL8PIHuIFCzX1xtTcjt77EzL51lBFs7TIpRae14tdYGiQz6BrZ4d4-NB6FOV5kbHbzRY2EOZL4J=w180-h180-l90-rj,,Meligai Pengerindu,Igu Anthony,,,Meligai Pengerindu Igu Anthony
2026-09-20,my,Malaysia,top_songs_weekly,,71,https://yt3.googleusercontent.com/IX-QEr9pFD41clJP-q_Yg462m02Ni_6PjBQ9TpaGtzb4sT0eH1ZC6dy_ZxcqVIEZF9ipY9FgIirPJPh6=w180-h180-l90-rj,,ICONIC BY MISTAKE,LE SSERAFIM / ILLIT / KATSEYE,,,"ICONIC BY MISTAKE LE SSERAFIM , ILLIT & KATSEYE"
2026-09-20,my,Malaysia,top_songs_weekly,,72,https://yt3.googleusercontent.com/GY-W-vOdWFqOhElgychQbaaUCRLLxlltw5YHUQBtADXOHHUVFmv_8GGIjbCyEHpjrVJwq5hrjinMs58X=w180-h180-l90-rj,,Kekasihku,Rahmat,,,Kekasihku Rahmat
2026-09-20,my,Malaysia,top_songs_weekly,,73,https://yt3.googleusercontent.com/jy82fBd4lcqM2uBziu-ShqaRC3QMVB8GXtRgbGOOM159Pzvju4yU8kTledgcnn3wIEKbRhVgoIwxFPzM=w180-h180-l90-rj,,Percuma,Mahalini,,,Percuma Mahalini
2026-09-20,my,Malaysia,top_songs_weekly,,74,https://yt3.googleusercontent.com/YSqiMalFQbItkQVOJXa6jb0nOwzgYktRvq7dvQysZwTAez_U_H9prMkYEh7wNXhd1VQgz-xiPy9n8xNf=w180-h180-l90-rj,,UNETHICAL,Faouzia,,,UNETHICAL Faouzia
2026-09-20,my,Malaysia,top_songs_weekly,,75,https://yt3.googleusercontent.com/3RNsv7dNTYSBpuSWmpWM6PiYgQAaCXKvi8ION2AH2OaQHc-vW5-rJW4PqztU9XGaX-5z3sMc5RMTMc8n=w180-h180-l90-rj,,It's Me,ILLIT,"4月 23, 2026",205899,"75 4 It's Me ILLIT 4月 23, 2026 71 19 205,899"
2026-09-20,my,Malaysia,top_songs_weekly,,76,https://yt3.googleusercontent.com/rZBAqdF89d4gRuj9kyORE-xh_qDPtGgDC8DMmudnAR4Yj_vjRW_DOKyRXlqMDdjaGaRa-XqrpWOMIAar=w180-h180-l90-rj,,Butakah Cinta,Spring,,,Butakah Cinta Spring
2026-09-20,my,Malaysia,top_songs_weekly,,77,https://yt3.googleusercontent.com/mHa1sg5pmlgudnTZ_XOcJ-0VAKuFDodEstxurIF2C6RttpfyyeaqC75FmPQjlc2BQQ5JfvGaFuU69dhs=w180-h180-l90-rj,,Ain't In LA,ADÉLA,,,Ain't In LA ADÉLA
2026-09-20,my,Malaysia,top_songs_weekly,,78,https://yt3.googleusercontent.com/5jwQGpLR0huadDUYDlQ6VGQThxsp6CepkEuRkECO3SiX6LQz6QQ_iuJ2wPA-Paaa1nAmwcPEkgqAF2nd=w180-h180-l90-rj,,Mutiara,Ipank,"4月 17, 2025",202097,"78 22 Mutiara Ipank 4月 17, 2025 100 2 202,097"
2026-09-20,my,Malaysia,top_songs_weekly,,79,https://yt3.googleusercontent.com/JNn13doQilT_TlWtD6Nk7bqFxmRmzTiWuix4khdl-fGZ34E0GIq15kqL0vBUrRoXoC0SePrDdYrlZf3k=w180-h180-l90-rj,,Tahta Hatiku #Pendampingmu,Fajar Noor,,,Tahta Hatiku #Pendampingmu Fajar Noor
2026-09-20,my,Malaysia,top_songs_weekly,,80,https://yt3.googleusercontent.com/o-meGCehfjnPoDJjGZto8QQQIxzjPhIMQabNZis-Py2-3YbmGralbQRuAe9LdJ2MXWDR36pQK1rDxR8=w180-h180-l90-rj,,Nur Nilam Sari,Search,,,Nur Nilam Sari Search
2026-09-20,my,Malaysia,top_songs_weekly,,81,https://yt3.googleusercontent.com/9ejQki8p5r46B0jGiMa7talsLlmp-W0oAM6Vu8CoSQjcCxcj39RceRHfS-E86H-czomzbv429pxHrCxB=w180-h180-l90-rj,,Karuppa Kooda Va,Sai Abhyankkar / V·M·馬哈林加姆,,,Karuppa Kooda Va Sai Abhyankkar & V·M·馬哈林加姆
2026-09-20,my,Malaysia,top_songs_weekly,,82,https://yt3.googleusercontent.com/fKfnQGNwXiSkJWCx2UeZFFmEBBcSleXtptELaOnH3KuILDLK6nWt9GlMDORLMhLvCoj-Yn4o1mAC7CFGEQ=w180-h180-l90-rj,,Cinta Mati,Apau Qhaliff,,,Cinta Mati Apau Qhaliff
2026-09-20,my,Malaysia,top_songs_weekly,,83,https://yt3.googleusercontent.com/CwtUqDJhEnd9U_GyRBTwrRE0lpNwIgw6ugIlJLbP9EC91DKzgWz1WEo3cmcsdDybIEzTkrZaz_hNttJx=w180-h180-l90-rj,,춤,BABYMONSTER,"5月 4, 2026",195633,"83 ● 춤 BABYMONSTER 5月 4, 2026 83 19 195,633"
2026-09-20,my,Malaysia,top_songs_weekly,,84,https://yt3.googleusercontent.com/YXSJCE1X8P_3mun1bArXFrS6lhgTp9hpuYQyNR7ZjA0MV5mvzlZ1oEXtpy69N4oVn08sPS4GasIygzfD=w180-h180-l90-rj,,Cuba Jadi Aku,Nadeera,,,Cuba Jadi Aku Nadeera
2026-09-20,my,Malaysia,top_songs_weekly,,85,https://yt3.googleusercontent.com/Xx7fhM5xY9yRWbkfUZ9toTJK3hA09PVSSfwDKFFXj7eeT9jxF0YYLzfYAEP3-7FMESLmplP97l3zJ2nl=w180-h180-l90-rj,,Seribu Tahun Takkan Mungkin,Bumi Putra Rockers,,,Seribu Tahun Takkan Mungkin Bumi Putra Rockers
2026-09-20,my,Malaysia,top_songs_weekly,,86,https://yt3.googleusercontent.com/-h_EmlrGLsJwhih3lVHGDmK3CAmLdpqEIeerAuJ71qmJeZ_5zYf9ElWIEBNiB_6_CbXh4qHchBpOqhCu=w180-h180-l90-rj,,Creep,電臺司令,"9月 21, 1992",191067,"86 86 Creep 電台司令 9月 21, 1992 - 9 191,067"
2026-09-20,my,Malaysia,top_songs_weekly,,87,https://yt3.googleusercontent.com/NG9gpFykRsFQz1VlDiaU9MNYuTSi6nw6oZ9sVjiA9jyo0ifLUfGfpjh5ZvPc-77niJcRrn3MbELsn2-X=w180-h180-l90-rj,,Jemu,May,"2月 15, 2021",189184,"87 4 Jemu May 2月 15, 2021 91 4 189,184"
2026-09-20,my,Malaysia,top_songs_weekly,,88,https://yt3.googleusercontent.com/OglulsU54fUSszwRrHYQvjPSFigu-uNVDS1Y46KjzixHJV9Ae_3soL2CRTxqqnJEE6iDKVblyKT58JU=w180-h180-l90-rj,,P.U.S.P.A,ST 12,"6月 26, 2008",188737,"88 88 P.U.S.P.A ST 12 6月 26, 2008 - 2 188,737"
2026-09-20,my,Malaysia,top_songs_weekly,,89,https://yt3.googleusercontent.com/Qhkxw-3dQ0ZMTWailID9UBiqWQ-tjJ8nzKPLWRLenG3-BNoDv4nLqYkMaOH9DfEYQC0fT55zaDCf0VTX=w180-h180-l90-rj,,Keranamu Malaysia,PakNgah,,,Keranamu Malaysia PakNgah
2026-09-20,my,Malaysia,top_songs_weekly,,90,https://yt3.googleusercontent.com/_RICA9AQMvaw-SLRBVDVF3rLx6pgeXvy2USuFyueQhhMGAVga26n2brDIIbjNkkYW3xv9LyUdav9rWnKvA=w180-h180-l90-rj,,LEMONADE,aespa,"5月 28, 2026",182972,"90 5 LEMONADE aespa 5月 28, 2026 95 15 182,972"
2026-09-20,my,Malaysia,top_songs_weekly,,91,https://i.ytimg.com/vi/6XwzWWD0Sio/default.jpg,https://www.youtube.com/watch?v=6XwzWWD0Sio,Aku Berjanji,法依扎爾·塔基爾,,,Aku Berjanji 法依扎爾·塔基爾
2026-09-20,my,Malaysia,top_songs_weekly,,92,https://yt3.googleusercontent.com/u_BV6asN_Hpd5vvtObpp9P_nMF7iJkjpi_LWSF2NUpreyLvh_brmstqv5sWggDbOP1V4ZlEfhTVl1B7z=w180-h180-l90-rj,,BiiiG,BIGBANG,"8月 19, 2026",177486,"92 40 BiiiG BIGBANG 8月 19, 2026 52 4 177,486"
2026-09-20,my,Malaysia,top_songs_weekly,,93,https://yt3.googleusercontent.com/4dn6_gLc7MJAIQJLcEDk6mDfO9meRUBZLMRt0LEvJbhJlRF69RK-wgwoj1NSM3Mz8OsonXzv4Suqijc=w180-h180-l90-rj,,Khalifah_SiapaLaila.wav,Khalifah,,,Khalifah_SiapaLaila.wav Khalifah
2026-09-20,my,Malaysia,top_songs_weekly,,94,https://yt3.googleusercontent.com/jV8jkowKVTROFvGdWg4g5iXbZ7YmKcXM71yLW3V3MEczUZ7JxLKFPBRpi5goA6kh9oGeIHsh8T1Wltc=w180-h180-l90-rj,,ဤသို့ပြုရ,Theinkpan Htun,,,ဤသို့ပြုရ Theinkpan Htun
2026-09-20,my,Malaysia,top_songs_weekly,,95,https://yt3.googleusercontent.com/i-jCiEkQCpaRlvn3JbbmKqSP8WW1RQ5L_LVpZrkVjGizldqa8W46SEE6poZBusB0jR-qHEVtBh-jNApm=w180-h180-l90-rj,,Ta'kan Melupakanmu,Radja,,,Ta'kan Melupakanmu Radja
2026-09-20,my,Malaysia,top_songs_weekly,,96,https://yt3.googleusercontent.com/jyrfDAd-akIxIT0679DX2Qg3VeyYiFTFIPTTiVP9PWJLg4awELe9d_-qZkCTQPUjYoAfmx2AF6EPbup_=w180-h180-l90-rj,,Animals,Maroon 5,,,Animals Maroon 5
2026-09-20,my,Malaysia,top_songs_weekly,,97,https://yt3.googleusercontent.com/fdbZYOuRg6rU2h00L8kabk-7o6QqV258Gl00mtW4mO6DnWjQBPEbF-GIDTeeYkEJV1IpVY88HRMg_bk=w180-h180-l90-rj,,FREAKED OUT,Fat Papi / prodshushy,,,FREAKED OUT Fat Papi & prodshushy
2026-09-20,my,Malaysia,top_songs_weekly,,98,https://yt3.googleusercontent.com/qHqGMmCC4LahCshElRTm8kuJQu4IyDClDx__HiqqydFVMUi2JOfEyZpqootNb1WswJwapw8c8SCmOMuMiQ=w180-h180-l90-rj,,Loser,Tame Impala,,,Loser Tame Impala
2026-09-20,my,Malaysia,top_songs_weekly,,99,https://yt3.googleusercontent.com/y4nGmX3hXUbmeghP6iUcpvQPuzfQhl-xUzLPhgSjXl0Esoj2-cmC7jl4X7FehEzmViPdno7ZR99vd-AY=w180-h180-l90-rj,,Mutiara (Bonus Track),Mutiara,,,Mutiara (Bonus Track) Mutiara
2026-09-20,my,Malaysia,top_songs_weekly,,100,https://yt3.googleusercontent.com/v6Lve-nmO0WDpXXZkL-lAfXGcRMQk1rF7XsEFGdv0b35GLTkfDWdlk3Dg2rQchHM0GD7hpNaMpPT3ahA=w180-h180-l90-rj,,Rathinamo (Female Version) (feat. Tanisha Gnanavel),Saurav Srisan,,,Rathinamo (Female Version) (feat. Tanisha Gnanavel) Saurav Srisan