captured_date,market,market_name,chart,period_suffix,rank,image_url,primary_name,secondary_name,release_date,metric_value,raw_text
2026-08-09,global,Global,top_artists_weekly,,1,https://lh3.googleusercontent.com/_wPXKRCH5rAX8AK1kJZ1bNhSpNyyEgBRNmREdPmLbvTy3sX_ldiKMRYFc5uChygV_KRx_SDrH1KgUifk=w64-h64-p,● 阿爾卡·雅格尼克,,"1月 1, 1970",439066904,"1 ● 阿爾卡·雅格尼克 1月 1, 1970 1 515 439,066,904"
2026-08-09,global,Global,top_artists_weekly,,2,https://lh3.googleusercontent.com/coesV4OVEVkua3_wJG-2BVvTc95yHF9sS1W6mOAtl4-vvTjQb250Hy_nVlfvudmEugb7_k05vhY9aJm4=w64-h64-p,● Udit Narayan,,"1月 1, 1970",322197950,"2 ● Udit Narayan 1月 1, 1970 2 536 322,197,950"
2026-08-09,global,Global,top_artists_weekly,,3,https://lh3.googleusercontent.com/W_yOqnKSDYyeVOY_AsXhuAtb6rW3vCL3GtJ9DA1GxWOrJfyeSOqzvTv_TkFHijdkVPXWutASBlRFPg=w64-h64-p,● Arijit Singh,,"1月 1, 1970",306186443,"3 ● Arijit Singh 1月 1, 1970 3 545 306,186,443"
2026-08-09,global,Global,top_artists_weekly,,4,https://yt3.googleusercontent.com/7NhzXEoaIgr-0tYoab-gNZfF8zA8IbpTPt_buovH2Y78pc1L7IfKTq7tGU6zSk9EBJX0yKq7wp3jts8=w64-h64-p,● Shakira,,"1月 1, 1970",256209601,"4 ● Shakira 1月 1, 1970 4 545 256,209,601"
2026-08-09,global,Global,top_artists_weekly,,5,https://lh3.googleusercontent.com/cPvYaP4ByG-i7fUE-dKrjMgaNL8v3hC93ErP6meKnltvRuzxo-DINLQkTtvjfC6hVnzRMlnJEb9n3uM=w64-h64-p,1 庫馬・山奴,,"1月 1, 1970",247405465,"5 1 庫馬・山奴 1月 1, 1970 6 511 247,405,465"
2026-08-09,global,Global,top_artists_weekly,,6,https://yt3.ggpht.com/PgINZNe0qVxgMSXKG5vF82bNN4WCC12zgWsz9I7OLs4CLF9Cn0Vxq7Xc1ToupnzXrCv0nKfe3VM=w64-h64-p-k-c0x00ffffff-no-rj,1 舒蕾亞·戈沙爾,,"1月 1, 1970",233591495,"6 1 舒蕾亞·戈沙爾 1月 1, 1970 5 517 233,591,495"
2026-08-09,global,Global,top_artists_weekly,,7,https://yt3.googleusercontent.com/ploU_4iWpDoJlX3FOlwwd_yQcex0I8A0_665lePXAEBbNp1zn5g42eNwg5Q7lvYc2mG2--UNIYcIhww=w64-h64-p,● Bad Bunny,,"1月 1, 1970",190414697,"7 ● Bad Bunny 1月 1, 1970 7 510 190,414,697"
2026-08-09,global,Global,top_artists_weekly,,8,https://lh3.googleusercontent.com/feZmeXdUHGejlI2qfS6ZDzS5AJJ2dtkG4SrWJ7AgeWuAOvobr_XC4m8REZ01uHpgX0qrpyY4557vKNA=w64-h64-p,● Shilpi Raj,,"1月 1, 1970",161244942,"8 ● Shilpi Raj 1月 1, 1970 8 291 161,244,942"
2026-08-09,global,Global,top_artists_weekly,,9,https://yt3.googleusercontent.com/aguiuBCHrlCGgMVj9kvUmTmsidKXKcJT0ny378BItcAigzOP1MW-kyOH6nVBmWuTLC3yOdzvDcJcgcU=w64-h64-p,● Fuerza Regida,,"1月 1, 1970",152885284,"9 ● Fuerza Regida 1月 1, 1970 9 229 152,885,284"
2026-08-09,global,Global,top_artists_weekly,,10,https://lh3.googleusercontent.com/iWH_XSIO8yZvIqz8vxkwC9BjzGM4giAhR69Z6LZ0t8Rp79ASNFVwpwHZWOyyo94B_jsXl8HtFueMgMA=w64-h64-p,1 蘇努・尼甘,,"1月 1, 1970",147205421,"10 1 蘇努・尼甘 1月 1, 1970 11 501 147,205,421"
2026-08-09,global,Global,top_artists_weekly,,11,https://lh3.googleusercontent.com/x-Z35q6HsBB98J85-4oNqPnOen4pZBaNCpHawzf_ejs-pkgh6Eh3D2Fu7S1T4gEj0yWZ0c6DOAHCpA=w64-h64-p,1 Michael Jackson,,"1月 1, 1970",141322077,"11 1 Michael Jackson 1月 1, 1970 10 545 141,322,077"
2026-08-09,global,Global,top_artists_weekly,,12,https://lh3.googleusercontent.com/_QE_u2AbzzmENeNq9ixrSpB_dZHCgX1sX9_4NAzGIWTR8Gd6jHpGcUZlmG4ZjA97F7pHrErkFOdNfw=w64-h64-p,● 伯納男孩,,"1月 1, 1970",138836933,"12 ● 伯納男孩 1月 1, 1970 12 60 138,836,933"
2026-08-09,global,Global,top_artists_weekly,,13,https://lh3.googleusercontent.com/aOdQY2mAYeneChSYXR-XM8Jmar12sSGavWQjNXJcoQnoxe6iri4ju4GuJKpyxDoCk3813ROgTBD72Gg=w64-h64-p,● 拉塔・曼蓋施卡,,"1月 1, 1970",132982791,"13 ● 拉塔・曼蓋施卡 1月 1, 1970 13 528 132,982,791"
2026-08-09,global,Global,top_artists_weekly,,14,https://lh3.googleusercontent.com/HIksAfmb2UV0ELppWba2YZ1Gr5HAaXVXeoUQmztXgkqKYoZ7NGkdCE2tEGDsEj2_ouZdAl5fe6VbslI=w64-h64-p,1 Anuel AA,,"1月 1, 1970",130383813,"14 1 Anuel AA 1月 1, 1970 15 428 130,383,813"
2026-08-09,global,Global,top_artists_weekly,,15,https://lh3.googleusercontent.com/zWSt-azDdL9AU7TqaRdi7at4sag6W80bliX8RZ6Ex-cnMIxeJ0cSg2m6KGM4Oa9C-KhnStXrq42hHjo=w64-h64-p,14 KATSEYE,,"1月 1, 1970",128739971,"15 14 KATSEYE 1月 1, 1970 29 61 128,739,971"
2026-08-09,global,Global,top_artists_weekly,,16,https://yt3.googleusercontent.com/sjGMYJQ1J3FZEIBsMYUztMjjYOM4-NJ24CjmIHqxTWCxAM1YgjL-d_17u7_PRhTouOwwAjbu-2x5S6I=w64-h64-p,2 Pritam,,"1月 1, 1970",126060010,"16 2 Pritam 1月 1, 1970 14 275 126,060,010"
2026-08-09,global,Global,top_artists_weekly,,17,https://lh3.googleusercontent.com/8rsLpP6VJjt-yTN8ZG5rY-qt2aCC-IYMWmVkk7qa8c5vrjO6zetKSgwO2QknHI3FtWl6Zannp2VsQ5o=w64-h64-p,1 防彈少年團,,"1月 1, 1970",119399331,"17 1 防彈少年團 1月 1, 1970 16 545 119,399,331"
2026-08-09,global,Global,top_artists_weekly,,18,https://lh3.googleusercontent.com/4ULlRiFBFglNemZJyKn6_e2-iOIdJEbgBgq_79RQclndG6pge0yGgS2k2On6E1FkCJzenyHkHRzkvjFp=w64-h64-p,1 Justin Bieber,,"1月 1, 1970",110636478,"18 1 Justin Bieber 1月 1, 1970 17 545 110,636,478"
2026-08-09,global,Global,top_artists_weekly,,19,https://yt3.ggpht.com/ytc/AIdro_loUUAQFIvFnFeGPi7ojQ0x7KFOFusBaBXVAyxfrPiGk7U=w64-h64-p-k-c0x00ffffff-no-rj,1 Pawan Singh,,"1月 1, 1970",107127630,"19 1 Pawan Singh 1月 1, 1970 18 448 107,127,630"
2026-08-09,global,Global,top_artists_weekly,,20,https://lh3.googleusercontent.com/U-SAmNOu4TynE818gLCfKsuHZ0U5YNEtO9mrjSI9WCCKERs98LzrCal5kajBBTQNwdcisoB2Bn-pHp4=w64-h64-p,1 The Weeknd,,"1月 1, 1970",105237152,"20 1 The Weeknd 1月 1, 1970 19 531 105,237,152"
2026-08-09,global,Global,top_artists_weekly,,21,https://lh3.googleusercontent.com/rdhk-_2UHeXOqem15INGphwJQBGYj3JkeckFYUZVPoL5aVPm3TS730uKayljYiuahRXolePwSsyWO8KI=w64-h64-p,1 克瑟利·拉爾·亞達夫,,"1月 1, 1970",103366232,"21 1 克瑟利·拉爾·亞達夫 1月 1, 1970 20 430 103,366,232"
2026-08-09,global,Global,top_artists_weekly,,22,https://lh3.googleusercontent.com/RGeXyCNvEmuIeFgv3SwMyeejKoRjEuAHcVZ6BCahIH1tNdIVyFPi75se2ZeAZR4cdmkI7HPLQ-drMxY=w64-h64-p,2 羅密歐山托士,,"1月 1, 1970",101345592,"22 2 羅密歐山托士 1月 1, 1970 24 545 101,345,592"
2026-08-09,global,Global,top_artists_weekly,,23,https://lh3.googleusercontent.com/Yzqsh_83kXz4dl0dvPlHTFeQjAkKbX3u-TV-9I7mo-bWm4sCKiHcCBTis2GculkVVNGG76Wwk3uQePeD=w64-h64-p,7 KAROL G,,"1月 1, 1970",101229628,"23 7 KAROL G 1月 1, 1970 30 463 101,229,628"
2026-08-09,global,Global,top_artists_weekly,,24,https://lh3.googleusercontent.com/d-rWQKHFbROoZbnokNjzMzQieVXaJQuqt00AADzJeMQvBnGIs88UpzcQ3nXR1__AsFwsQLciMNjWHIg=w64-h64-p,3 Peso Pluma,,"1月 1, 1970",97887594,"24 3 Peso Pluma 1月 1, 1970 21 192 97,887,594"
2026-08-09,global,Global,top_artists_weekly,,25,https://yt3.googleusercontent.com/RCpTA6EXJQyjVFDosWOKa2SMmqkua_lA9mHPDWWciLwgqpZLz-k8rXWRF_367trrQ7up9BUwCbk6kRk=w64-h64-p,2 Taylor Swift,,"1月 1, 1970",97646359,"25 2 Taylor Swift 1月 1, 1970 23 545 97,646,359"
2026-08-09,global,Global,top_artists_weekly,,26,https://yt3.googleusercontent.com/DU6Kpr5TYKcW6QHvMnsJau5_8QSuix8LCLtf5UEaziZZdXw8SxvcxJ9YWmVIQuzhg2R-MVHYgjdGCQ=w64-h64-p,● Ariana Grande,,"1月 1, 1970",95177129,"26 ● Ariana Grande 1月 1, 1970 26 545 95,177,129"
2026-08-09,global,Global,top_artists_weekly,,27,https://lh3.googleusercontent.com/E8XfclIOX4PdxZ_3l9wtn5Vqztps7NL4aWEcDoqNEQIFzupN1Cc3gQ8uS4eW50janJ8G0_nEoP3Uagk=w64-h64-p,5 沙赫瓦特·薩赫迪夫,,"1月 1, 1970",95158511,"27 5 沙赫瓦特·薩赫迪夫 1月 1, 1970 22 35 95,158,511"
2026-08-09,global,Global,top_artists_weekly,,28,https://lh3.googleusercontent.com/hnefGBrazRhn4Z92bdSZBUENl40ONjRiVDsmZKZh-WZ2iCKE-2c7KKR7SNcZfzLHoRyB3E6as8L87YA=w64-h64-p,1 Bruno Mars,,"1月 1, 1970",94502853,"28 1 Bruno Mars 1月 1, 1970 27 545 94,502,853"
2026-08-09,global,Global,top_artists_weekly,,29,https://lh3.googleusercontent.com/wBG4jypwBcEGHd-qSbM2_4B46WPEhlOCjusCOEkxdnsoIC4WLS9LmFARZsE854pB-vAEYlsp4x2yiHE=w64-h64-p,Anirudh Ravichander,,,,Anirudh Ravichander
2026-08-09,global,Global,top_artists_weekly,,30,https://yt3.googleusercontent.com/tdAsmMAtaKxazC86csCLxZFGFoo0yrhyJDCsqqF4p9lAHQKwVCh2hwT1HEqcTCv2c5af5k7t=w64-h64-p,5 Masoom Sharma,,"1月 1, 1970",92867567,"30 5 Masoom Sharma 1月 1, 1970 25 196 92,867,567"
2026-08-09,global,Global,top_artists_weekly,,31,https://yt3.ggpht.com/3_aXOzmvqweQgBaXbFLccZlhXq2-AMo_ZaCjCKnulj8kicdbf1fw-_3thbSD_3ujOY4K3lzz1A=w64-h64-p-k-c0x00ffffff-no-rj,Anuradha Paudwal,,,,Anuradha Paudwal
2026-08-09,global,Global,top_artists_weekly,,32,https://yt3.googleusercontent.com/SILAdrFsWE9tKqGNVBeTBM4eT8PIqTDbr_lCSUVCGW61Nkr2kw9rOEP8pvOtz2aX16Y6P6SSpVujBg=w64-h64-p,● Ozuna,,"1月 1, 1970",88297226,"32 ● Ozuna 1月 1, 1970 32 516 88,297,226"
2026-08-09,global,Global,top_artists_weekly,,33,https://yt3.googleusercontent.com/vHMOuDn8gr3SW9Pm8yFgmtYzM5kj4ayng5HKRjW0OyjG9mPK923XMVtTZTt4NUG_1aemWNLSQ27zjtA=w64-h64-p,2 A. R. Rahman,,"1月 1, 1970",82882500,"33 2 A. R. Rahman 1月 1, 1970 31 293 82,882,500"
2026-08-09,global,Global,top_artists_weekly,,34,https://yt3.googleusercontent.com/i-PUJfHy7H3_s1AUBWUaulTzhclF5MobqSIw_3nM3a2-kfCGsY_67K-dEOW7baAiBdfHvSOuHVjR_g=w64-h64-p,SP Balasubrahmanyam,,,,SP Balasubrahmanyam
2026-08-09,global,Global,top_artists_weekly,,35,https://yt3.googleusercontent.com/DI32a4ktbV42zA4V7QcVh1Ao8S7Z8ADtSfGOnOgBXlgNIsMtf_fycBJ-bX3Mtk6l6qtmNKBuY8P33GE=w64-h64-p,3 薩米爾・安姜,,"1月 1, 1970",79761640,"35 3 薩米爾・安姜 1月 1, 1970 38 133 79,761,640"
2026-08-09,global,Global,top_artists_weekly,,36,https://yt3.googleusercontent.com/MxNjcRJ-uK4Xvx7u90IhEFLQM8x9LIGTA9VCKHq5U4Wn2jOgiWaMtg-qz329SIzqnCyhdCCB3MpdAGs=w64-h64-p,3 Drake,,"1月 1, 1970",79422227,"36 3 Drake 1月 1, 1970 33 522 79,422,227"
2026-08-09,global,Global,top_artists_weekly,,37,https://lh3.googleusercontent.com/2hOGwShy-G5ZEEtlqa6Epokv2DZL9PSypM92pc3j-V8E1IzK4nFaFKuSdIq62tFVD3uEzr81Jk6y6d0=w64-h64-p,6 Grupo Firme,,"1月 1, 1970",78666944,"37 6 Grupo Firme 1月 1, 1970 43 308 78,666,944"
2026-08-09,global,Global,top_artists_weekly,,38,https://yt3.googleusercontent.com/URdyU3ebC7x7PQQw8TMVvFiAJRg3x5b7ZBLI9MN79aXpwJ0w9vdeK9mIHuMGHGehZCL15pbSjHXf3m0=w64-h64-p,2 Daddy Yankee,,"1月 1, 1970",78497302,"38 2 Daddy Yankee 1月 1, 1970 40 545 78,497,302"
2026-08-09,global,Global,top_artists_weekly,,39,https://lh3.googleusercontent.com/_c102EBASHERqDnrU32iygceCB0ItZy5PSeR6rvnKEusmQWNZhZRcp_xdlZHS578a82QVSPKfOyrzn8=w64-h64-p,● 桑妮蒂·喬寒,,"1月 1, 1970",76948153,"39 ● 桑妮蒂·喬寒 1月 1, 1970 39 458 76,948,153"
2026-08-09,global,Global,top_artists_weekly,,40,https://yt3.googleusercontent.com/uEfoH9sXpsrJuCqHsQ5EYuOWf42zsbpvv32Zd34P8i1f_ebjrcngqaMRfObvIl8Lkij3ggDBIIswnSM=w64-h64-p,1 J. Balvin,,"1月 1, 1970",76429664,"40 1 J. Balvin 1月 1, 1970 41 545 76,429,664"
2026-08-09,global,Global,top_artists_weekly,,41,https://lh3.googleusercontent.com/IAmNrms9LjVSMrBm2Ub2lhFJSPbslcTHzYEFDVgYtL2mTp40tYfJQLEkOsXNitpOcIULYU7Jpuv3ZLW2=w64-h64-p,1 希梅什·雷希漢米亞,,"1月 1, 1970",75480686,"41 1 希梅什·雷希漢米亞 1月 1, 1970 42 368 75,480,686"
2026-08-09,global,Global,top_artists_weekly,,42,https://yt3.googleusercontent.com/5GYeWpGUtgi8tPkwqV_Nnq9ZiE6PhSCoRSrfpK1CIdfZkndV5fLHZ-c2g9rAGfdQ6bV81Wvlc8UMjw=w64-h64-p,8 ILLIT,,"1月 1, 1970",74255259,"42 8 ILLIT 1月 1, 1970 50 45 74,255,259"
2026-08-09,global,Global,top_artists_weekly,,43,https://lh3.googleusercontent.com/HJYhQHl6SVpLBm-njbjM9WaAMfAZ3UHHLtuRwEn0ggyC2BJOCZ6G6Fl7PjVnZ-7jn8PXBvOFHhKKbT4=w64-h64-p,7 Irshad Kamil,,"1月 1, 1970",73978476,"43 7 Irshad Kamil 1月 1, 1970 36 59 73,978,476"
2026-08-09,global,Global,top_artists_weekly,,44,https://yt3.googleusercontent.com/35nINBXOwBLHwLZiW9BQcfvo8a-_3OyJ1nSf_OL0ZNY_h_fpO_6AJwK-flmfQr_9lpbXa4BtBQ=w64-h64-p,7 Tito Double P,,"1月 1, 1970",73636616,"44 7 Tito Double P 1月 1, 1970 37 111 73,636,616"
2026-08-09,global,Global,top_artists_weekly,,45,https://lh3.googleusercontent.com/tLzIJPsFe-q93Y_erAUU_hDIyXCgCrYJ0C-S4DmMurqfB9LJ_PNFpTPA41k-dVMB6ODgc4-1nF1cOp6c=w64-h64-p,2 Rihanna,,"1月 1, 1970",72791707,"45 2 Rihanna 1月 1, 1970 47 545 72,791,707"
2026-08-09,global,Global,top_artists_weekly,,46,https://yt3.googleusercontent.com/ykJkyILKum4B2oudDxjnf5WNenWWZAp-WEz0_CHp4cu0VnqB2-uaNDylItqC68WLXV62rdHDun-ahbg=w64-h64-p,2 阿蒂夫·阿斯拉姆,,"1月 1, 1970",72401504,"46 2 阿蒂夫·阿斯拉姆 1月 1, 1970 44 442 72,401,504"
2026-08-09,global,Global,top_artists_weekly,,47,https://yt3.googleusercontent.com/7LcUfJ1CzFPLi1BxeTqlEp29UFP3B6KZUxAFcnzGpxDQkF8Pn7Ivl7v_dzgsJvbrOFGZIQnXsZPIJJo=w64-h64-p,1 Farruko,,"1月 1, 1970",72191772,"47 1 Farruko 1月 1, 1970 48 476 72,191,772"
2026-08-09,global,Global,top_artists_weekly,,48,https://lh3.googleusercontent.com/JFI6JZrS-Lco4UdpqDfHY5Wgwy51VXWxmNdI7bCBU5CDlIpN6WWyisZ7MGlpjbrxEGYMFpsqoR_UwcE=w64-h64-p,2 Eminem,,"1月 1, 1970",71827019,"48 2 Eminem 1月 1, 1970 46 545 71,827,019"
2026-08-09,global,Global,top_artists_weekly,,49,https://lh3.googleusercontent.com/AJ7F06i9msTr7ouPbAF5lEK1JyBy_MDjAJBR2yaJiVqmFLwWMll9q1KALOQ7B0H6BL9Elt1An6exzA=w64-h64-p,2 Rauw Alejandro,,"1月 1, 1970",71146045,"49 2 Rauw Alejandro 1月 1, 1970 51 361 71,146,045"
2026-08-09,global,Global,top_artists_weekly,,50,https://yt3.googleusercontent.com/fZRHjMA25CYpXeAy78qipMhlidZMA6ZpOGYBz3W6iH2Wa-u2lXSK21mCh3OA3XCgsZn2yUFoXw=w64-h64-p,2 Blok3,,"1月 1, 1970",71129633,"50 2 Blok3 1月 1, 1970 52 60 71,129,633"
2026-08-09,global,Global,top_artists_weekly,,51,https://lh3.googleusercontent.com/nW2HGILzofhv3nTcu7L19MLoPnJSwOLapMTfXIEEI8_h-i-9Vg4jmPJeZG4pQMWRSAGXBTC5A8lrCA=w64-h64-p,4 Mike Towers,,"1月 1, 1970",68282817,"51 4 Mike Towers 1月 1, 1970 55 378 68,282,817"
2026-08-09,global,Global,top_artists_weekly,,52,https://lh3.googleusercontent.com/OSWSTFd1Ql4lytHxgXtsPTY_0L94Kj55SJcELq64ddGO_DBcShsqXzqw4edEBgAi4-Ls7cry8q5r0v8=w64-h64-p,2 Maluma,,"1月 1, 1970",68209920,"52 2 Maluma 1月 1, 1970 54 545 68,209,920"
2026-08-09,global,Global,top_artists_weekly,,53,https://lh3.googleusercontent.com/ZckAQ1ZilmTfr7X-gu4sdBMvsZ-cgfVrg1rJd74FHipMWnbJHDz1yRJ_qZYhTWYrKL4lD2nh4laAyLVX=w64-h64-p,4 Junior H,,"1月 1, 1970",67013903,"53 4 Junior H 1月 1, 1970 49 284 67,013,903"
2026-08-09,global,Global,top_artists_weekly,,54,https://yt3.googleusercontent.com/MdBMzZFnWuj3onHPotjtq3tKqX_3uVYDCDMlNHCMn0C2LRVNcSijhX-Kvmn57hjFbFoA4btO3dhoir8=w64-h64-p,4 Don Omar,,"1月 1, 1970",66271066,"54 4 Don Omar 1月 1, 1970 58 414 66,271,066"
2026-08-09,global,Global,top_artists_weekly,,55,https://lh3.googleusercontent.com/umSdMueKqbLBTq0jhiEzh1F82_C8hRVzkw2ZsxOqEktWjNXOKSCMPMGiJtu73myxd995RC4BqKL5fAXM=w64-h64-p,1 Lady Gaga,,"1月 1, 1970",66254454,"55 1 Lady Gaga 1月 1, 1970 56 426 66,254,454"
2026-08-09,global,Global,top_artists_weekly,,56,https://yt3.googleusercontent.com/9o3I0hxnjE0RtaYiUovaJxV82NDqudt-U0hrv3LIv0NP_zciTYMfGnYy6BOaV7fYE_udG85zWP-yUw=w64-h64-p,3 雅斯文·桑德拉斯,,"1月 1, 1970",65294163,"56 3 雅斯文·桑德拉斯 1月 1, 1970 53 80 65,294,163"
2026-08-09,global,Global,top_artists_weekly,,57,https://lh3.googleusercontent.com/4Jd9XSimz29-o12oJKUmgfTx3otHBHlTy0jb3Ace4ti2bz8Nuo59IeneNlM9EKRQXNRpLwk6YoEuNQ=w64-h64-p,3 Jubin Nautiyal,,"1月 1, 1970",65069672,"57 3 Jubin Nautiyal 1月 1, 1970 60 377 65,069,672"
2026-08-09,global,Global,top_artists_weekly,,58,https://lh3.googleusercontent.com/uE72emEZFH3TVtCZoIFYKmnf7vsb42RYQxb4X-lonyqPQuS_mLtKpLfBQ5JdHwUijfQo06BtSB7LoQ=w64-h64-p,1 聯合公園,,"1月 1, 1970",64650105,"58 1 聯合公園 1月 1, 1970 57 543 64,650,105"
2026-08-09,global,Global,top_artists_weekly,,59,https://lh3.googleusercontent.com/BKgJ2Qcko6lgLsnvB-URUnK2bgQ682OoJd7Dpa0829XrmIC40zfsFm74vNdmyaMBx8xUt-MHFwDIUUC9=w64-h64-p,59 Jennie,,"1月 1, 1970",64523625,"59 59 Jennie 1月 1, 1970 - 150 64,523,625"
2026-08-09,global,Global,top_artists_weekly,,60,https://yt3.googleusercontent.com/fFEQDkLmuaBzUyXZAHIaQHUm78MRsN5oatXNscSJfE7e7IOFc3cVUqqgEoVo6mvYhp-3D4zd94nZZgY=w64-h64-p,1 維沙爾·謝卡爾,,"1月 1, 1970",64452804,"60 1 維沙爾·謝卡爾 1月 1, 1970 61 183 64,452,804"
2026-08-09,global,Global,top_artists_weekly,,61,https://lh3.googleusercontent.com/-DkBx6GO-dX52PlxBr5ypniFaHkC_FJQ3MX4rz45yp0IZ70YdOWR9CpRED-58hzmvIhQbIWCCiC10P4=w64-h64-p,Kavita Krishnamurthy,,,,Kavita Krishnamurthy
2026-08-09,global,Global,top_artists_weekly,,62,https://lh3.googleusercontent.com/u_YlAOSU7_M6mI6_4Xo0KIIwI_9pVCnLg0BrdLQsW-KENvVuvnvsq-cHhFrCiD9Ft48jqirgp_gWWwg=w64-h64-p,3 KK,,"1月 1, 1970",62942779,"62 3 KK 1月 1, 1970 59 264 62,942,779"
2026-08-09,global,Global,top_artists_weekly,,63,https://yt3.googleusercontent.com/ET5o7ue8FeKqhEZSj66Oxcoc37Mml0WfZO32U8_BzR3j5hS5-9fy85c_0F1m60VhzCkZC3GHhb41TrcO=w64-h64-p,18 Oliver Tree,,"1月 1, 1970",61795839,"63 18 Oliver Tree 1月 1, 1970 45 35 61,795,839"
2026-08-09,global,Global,top_artists_weekly,,64,https://lh3.googleusercontent.com/fV2lMYLeaJc9jxta-eXfwHhvfQHCk9c6HgTVw8MqiGasI-kZQ8qbkuHnrTcXIhzkfmwGfMxwFbI-4CU=w64-h64-p,● 妮哈·卡卡爾,,"1月 1, 1970",61545039,"64 ● 妮哈·卡卡爾 1月 1, 1970 64 512 61,545,039"
2026-08-09,global,Global,top_artists_weekly,,65,https://yt3.googleusercontent.com/uQTnBDFQ4zxTi_U2EfdP-qefMBKcFgMRmiK8oj_iUe5TnfR3au1zHd6EtyNwJ5YUKZ8-LDAwoq2np7Q=w64-h64-p,2 Blessd,,"1月 1, 1970",60589940,"65 2 Blessd 1月 1, 1970 67 248 60,589,940"
2026-08-09,global,Global,top_artists_weekly,,66,https://lh3.googleusercontent.com/d_HYYh2VX3FtJqth5lEYmz7eOMNPc-g14j2nY1APqjU5TJlpRqnlseCC8v-qvNWDpj170eDizWDQlw=w64-h64-p,1 基肖爾・庫馬爾,,"1月 1, 1970",59171494,"66 1 基肖爾・庫馬爾 1月 1, 1970 65 398 59,171,494"
2026-08-09,global,Global,top_artists_weekly,,67,https://yt3.googleusercontent.com/E8nupXSF6-wweZCLqn5vwxPcLIGW2Tg9szpacMZoLXOXa1PGh-WpU5-7FH8YLfElD8Lbzh15kljZog=w64-h64-p,3 Katy Perry,,"1月 1, 1970",59125658,"67 3 Katy Perry 1月 1, 1970 70 545 59,125,658"
2026-08-09,global,Global,top_artists_weekly,,68,https://yt3.googleusercontent.com/bZl7WfvdMJ4KhVLSc_1v6MUYquMu8DcuMJUcXesGzzymrf6r3ZSBFBIszHhUizrrYfSS1s183RclyKc=w64-h64-p,3 Sadhana Sargam,,"1月 1, 1970",58196642,"68 3 Sadhana Sargam 1月 1, 1970 71 328 58,196,642"
2026-08-09,global,Global,top_artists_weekly,,69,https://lh3.googleusercontent.com/KrXTdVSXgcC7l4QGzaxqDLcWy8BeNL7GvhP9FrytGQXgjaYk26_HMCvrN2wST0B4eoOJ6WLYE1SvQQA=w64-h64-p,17 Asha Bhosle,,"1月 1, 1970",58159184,"69 17 Asha Bhosle 1月 1, 1970 86 346 58,159,184"
2026-08-09,global,Global,top_artists_weekly,,70,https://lh3.googleusercontent.com/Ss_NEfGmfpwXCiuoNxiKxWAoU3M484SwZ4UmahATX7KwOqIaoqTyESuNyZV3fzJm25bmjtfSUxsIFI8=w64-h64-p,4 Yo・Yo・哈尼・辛,,"1月 1, 1970",57864764,"70 4 Yo・Yo・哈尼・辛 1月 1, 1970 74 429 57,864,764"
2026-08-09,global,Global,top_artists_weekly,,71,https://lh3.googleusercontent.com/HmMAol83AWxVt46vykUTd8_clsx_sPOEDJA72HL6lMVwMyCKPdShn3O3BDY7-jv9iZNfBHkcrhxJ3g=w64-h64-p,14 Pitbull,,"1月 1, 1970",57386263,"71 14 Pitbull 1月 1, 1970 85 487 57,386,263"
2026-08-09,global,Global,top_artists_weekly,,72,https://lh3.googleusercontent.com/fRbXwVATZrku0rKqQGa9UGYIfl-XCfQuK2u2M9tNjKcWx8BXS8HRCHB5h5zyDizQSiKKnnQXTLyfLiQ=w64-h64-p,4 Chris Brown,,"1月 1, 1970",57268517,"72 4 Chris Brown 1月 1, 1970 68 527 57,268,517"
2026-08-09,global,Global,top_artists_weekly,,73,https://lh3.googleusercontent.com/k7sgqqcV5VScaMZtTmS8W_tfouLVBpgyJII0epYE2Vjw1-zzhGgUCV51aHxZn6cmZKKJgUfNlIVpZg=w64-h64-p,7 Karan Aujla,,"1月 1, 1970",57015139,"73 7 Karan Aujla 1月 1, 1970 66 249 57,015,139"
2026-08-09,global,Global,top_artists_weekly,,74,https://yt3.googleusercontent.com/I5RtcNKbxNoAgs5We1ty-YDP5lmV1yfR5j7VTj44avL_PSm_lCmE6ade5HsaHaihkFTKHbVn=w64-h64-p,6 Grupo Frontera,,"1月 1, 1970",56793650,"74 6 Grupo Frontera 1月 1, 1970 80 201 56,793,650"
2026-08-09,global,Global,top_artists_weekly,,75,https://yt3.googleusercontent.com/v3OLvtC4FbLMVN8q1NTWVMHC_PA1fB6kQ_G78J4zqh7wQfgeodjTTK85kxWmh-4HJuc5N58i9Q=w64-h64-p,16 B Praak,,"1月 1, 1970",56779940,"75 16 B Praak 1月 1, 1970 91 354 56,779,940"
2026-08-09,global,Global,top_artists_weekly,,76,https://yt3.googleusercontent.com/n7K3TTwhYOlRHeF86jDXJhWjGtVYxLUQI1yVzbtgTarKRF9JrAS0uT6NGwZx8eRQpq4683mfYalCkAHw=w64-h64-p,4 manifest,,"1月 1, 1970",56287973,"76 4 manifest 1月 1, 1970 72 15 56,287,973"
2026-08-09,global,Global,top_artists_weekly,,77,https://yt3.googleusercontent.com/cFho6QFr9dAAQ7bspBLLi6jkuASqcgmFpgC4s3mnuSZkrUnGU9Zj6EZS5AlbKNv0gVFdw3CEVEGKaQ=w64-h64-p,1 K·S·切特拉,,"1月 1, 1970",56219326,"77 1 K·S·切特拉 1月 1, 1970 78 278 56,219,326"
2026-08-09,global,Global,top_artists_weekly,,78,https://lh3.googleusercontent.com/yMsYfV_AQAMEfvZTz5ru9RA4ljjNOblYNumWBUX_TJhb2_GnI8mwUmrw-v3Gi-4GsHJF2uY_CAC4Cog=w64-h64-p,4 Aventura,,"1月 1, 1970",56217673,"78 4 Aventura 1月 1, 1970 82 414 56,217,673"
2026-08-09,global,Global,top_artists_weekly,,79,https://yt3.googleusercontent.com/QdPfCNLIFDY4vMedmsKbCx5cISWjNUad5Rv5FK8_bw4C60y5KDVeB2AVBrGKIwl6BB9LFERnyg=w64-h64-p,3 Gur Sidhu,,"1月 1, 1970",56002028,"79 3 Gur Sidhu 1月 1, 1970 76 90 56,002,028"
2026-08-09,global,Global,top_artists_weekly,,80,https://lh3.googleusercontent.com/tQC4rOL6xz6FhmFr0ggQExxyGbYSOsyveXVSnPBh2WjEyIzQ9pMHablLJ-0GlMBrLBlBrbWQGmzrV6KN=w64-h64-p,5 比利·埃利什,,"1月 1, 1970",55623500,"80 5 比利·埃利什 1月 1, 1970 75 419 55,623,500"
2026-08-09,global,Global,top_artists_weekly,,81,https://lh3.googleusercontent.com/RhE_q9W1bv6s7SBSXgsTHgdKLc1MVocl1ZvBICyjoiHP38MsJKpLLF8NP3UmOPgXajBH1N72jmrbBA=w64-h64-p,2 安巴希·巴塔查里亞,,"1月 1, 1970",55212483,"81 2 安巴希·巴塔查里亞 1月 1, 1970 83 316 55,212,483"
2026-08-09,global,Global,top_artists_weekly,,82,https://yt3.googleusercontent.com/6KbAo2VzC5EJOkGe2R-jALekh_kCML2RMlajS_4SButwJTlfRKjvS57BfbWbqZooUJ9b7ug8dK4nFwVs=w64-h64-p,5 薩辛,吉格爾,"1月 1, 1970",54683421,"82 5 薩辛-吉格爾 1月 1, 1970 77 249 54,683,421"
2026-08-09,global,Global,top_artists_weekly,,83,https://lh3.googleusercontent.com/jQoBIAS6JjFGpcqQY1M_Mh3AasOvFENCdVRxkgax1a0K6qiq7AgE3MbJ6Jtt-Jndcarvoawmrg66KTny=w64-h64-p,14 Ed Sheeran,,"1月 1, 1970",54412382,"83 14 Ed Sheeran 1月 1, 1970 69 545 54,412,382"
2026-08-09,global,Global,top_artists_weekly,,84,https://yt3.googleusercontent.com/DNdac479H6iBV62hjTI1Wl4CaHy5y1L0YeIYDbnhUVQ-MN84hM0d9_40tJ9yRx9hKTUdvIAZ0zizWiA=w64-h64-p,11 LE SSERAFIM,,"1月 1, 1970",54161421,"84 11 LE SSERAFIM 1月 1, 1970 73 166 54,161,421"
2026-08-09,global,Global,top_artists_weekly,,85,https://yt3.googleusercontent.com/sMISGIhpReb1JJU_HuK7LbPPsWPdgv5CDtbmUexKtaWZ2bStFOU0FDNKrpFewbU_Osx0Gb9kPhqG-gXH=w64-h64-p,7 Sai Abhyankkar,,"1月 1, 1970",54121395,"85 7 Sai Abhyankkar 1月 1, 1970 92 44 54,121,395"
2026-08-09,global,Global,top_artists_weekly,,86,https://yt3.googleusercontent.com/_cEioY7yfolIcxq0g-A2lOsua2k5GsHfbVvA96Bv7yrxhLdszVddVFWkonTT7C26vzSJGSmImilQSsU=w64-h64-p,24 MC Ryan SP,,"1月 1, 1970",54023408,"86 24 MC Ryan SP 1月 1, 1970 62 248 54,023,408"
2026-08-09,global,Global,top_artists_weekly,,87,https://yt3.googleusercontent.com/CJzeR5n7JZJgXHfR3BdlKMMV2_lRq_WRoxBT0dcOZVjx4bDhCvrrmjQiIPSSkSUUhjKNNUWFFm90kdHq=w64-h64-p,1 Feid,,"1月 1, 1970",53419605,"87 1 Feid 1月 1, 1970 88 257 53,419,605"
2026-08-09,global,Global,top_artists_weekly,,88,https://yt3.googleusercontent.com/wi8alXRwi5v_o2UffiZxzD3QaQhvFWfyl0ifaIqfbDyjWAALKwrK1WltPwIPH26Uy1O7IJpTkt00dRw=w64-h64-p,9 Neelkamal Singh,,"1月 1, 1970",53382159,"88 9 Neelkamal Singh 1月 1, 1970 79 125 53,382,159"
2026-08-09,global,Global,top_artists_weekly,,89,https://yt3.googleusercontent.com/6CTtKwFfcxoKN_eqHeXwnPGx8_ajZH7bEGI6Q5LloEx-dGnHPLo8vdH0tl1tiAelzFo9BBeW8o3TJpY=w64-h64-p,1 Carin Leon,,"1月 1, 1970",52744410,"89 1 Carin Leon 1月 1, 1970 90 286 52,744,410"
2026-08-09,global,Global,top_artists_weekly,,90,https://lh3.googleusercontent.com/FkRYhIqHJj-8HFPeA6V_vqVIWTFoAh7LMWbZtDHl9TozaTXK3TLqrUJaCHFgn4Rryz7I5c5g5wFUmmtf=w64-h64-p,Title Henrique & Juliano,,,,Title Henrique & Juliano
2026-08-09,global,Global,top_artists_weekly,,91,https://yt3.ggpht.com/ytc/AIdro_kiQJ0Hhp0O-tdaY1dy81-gSNujjccUlWstnpFr686ZlMk=w64-h64-p,Sidhu Moose Wala,,,,Sidhu Moose Wala
2026-08-09,global,Global,top_artists_weekly,,92,https://yt3.googleusercontent.com/KUrZ-eN8Blos-oOCdsIW7ehKUkUXpvjRStFFdqZs5oUaIHeHuMWZpbzU6NmOxPzAk0ik4qYP-SHVkzVmpA=w64-h64-p,KPop Demon Hunters Cast,,,,KPop Demon Hunters Cast
2026-08-09,global,Global,top_artists_weekly,,93,https://yt3.googleusercontent.com/pUe16NPzy38_YPtW-rFqzRJVrcFt0cWqJXKdJ391df5vvgZIjR5_nnCJNRVGjn8Y1bcYUnyC0-OZ5g=w64-h64-p,93 阿穆爾·迪亞布,,"1月 1, 1970",51391795,"93 93 阿穆爾·迪亞布 1月 1, 1970 - 139 51,391,795"
2026-08-09,global,Global,top_artists_weekly,,94,https://yt3.googleusercontent.com/RjWXVolufqfelqodFTsvag6vZGAtop91XBOLmfgOTfQUK7baRS8K-9F9mjUrGhCvpV_3sB-OEM1iCrcB=w64-h64-p,1 比森特·費南德茲,,"1月 1, 1970",51166195,"94 1 比森特·費南德茲 1月 1, 1970 95 413 51,166,195"
2026-08-09,global,Global,top_artists_weekly,,95,https://yt3.googleusercontent.com/_qG8YaOVQSGBUV1_2P0nuLhxZnS1oO2Vv1GSyseOmEeMIIAOpF1TJWvmQxEaigOtFug5VmFlImoLGQM=w64-h64-p,8 Neton Vega,,"1月 1, 1970",50866990,"95 8 Neton Vega 1月 1, 1970 87 113 50,866,990"
2026-08-09,global,Global,top_artists_weekly,,96,https://lh3.googleusercontent.com/Pv9rzAkKxKnCVe0AMsldl2m5vTXw1dJCABk8tuCUZqfDO2JDUVLW5D4mlx6Pb6j0_UYt_PiGgr8juC4=w64-h64-p,96 Omar Courtz,,"1月 1, 1970",50682853,"96 96 Omar Courtz 1月 1, 1970 - 90 50,682,853"
2026-08-09,global,Global,top_artists_weekly,,97,https://yt3.googleusercontent.com/xO2klsIfqkRXq8aosEeEd2m3gvQQk1vqL8auvAL6l0YaJPVwE44BElRQD0Ek6urhUFIepNFQ81fmJjZj=w64-h64-p,● 米通,,"1月 1, 1970",50571905,"97 ● 米通 1月 1, 1970 97 198 50,571,905"
2026-08-09,global,Global,top_artists_weekly,,98,https://yt3.googleusercontent.com/CkSBKxmPT_97r-CR5HPGrTzZef53Li3Zgv5S8MLajtLFTrYWejm3lvJqB15bjhqYaw5pvkzR=w64-h64-p,9 維沙爾·米什拉,,"1月 1, 1970",50228234,"98 9 維沙爾·米什拉 1月 1, 1970 89 181 50,228,234"
2026-08-09,global,Global,top_artists_weekly,,99,https://yt3.googleusercontent.com/JPb23neepjgCG2GmBjJkNLZyMg6SbUD74FuGYIdn_sEKzWah66J2cJw4QdBhjaIM0zWrTwFMyYorquo=w64-h64-p,18 坦尼許・巴格奇,,"1月 1, 1970",50106764,"99 18 坦尼許・巴格奇 1月 1, 1970 81 307 50,106,764"
2026-08-09,global,Global,top_artists_weekly,,100,https://yt3.googleusercontent.com/uEoj8Jo9Qt7jmxWnpI4T0EbllWzX-KWZXKaIJpICekHigtUUnK9C4FJEmX1aP1EPxxQjpjxw=w64-h64-p,奧斯汀·桑托斯,,"1月 1, 1970",49762249,"100 100 奧斯汀·桑托斯 1月 1, 1970 - 362 49,762,249"
2026-08-09,tw,Taiwan,top_artists_weekly,,1,https://yt3.googleusercontent.com/5vqNE8l4iYKmNCHd_YIgknhMF-W4ROcG5H7ZbdfOudxTcNSIIJrf9WpctLh43GlzFLmmcpMUxRQ918Kv=w64-h64-p,● 周杰倫,,"1月 1, 1970",7267440,"1 ● 周杰倫 1月 1, 1970 1 15 7,267,440"
2026-08-09,tw,Taiwan,top_artists_weekly,,2,https://lh3.googleusercontent.com/wqU60Xc7Q-9V3by066vBYHGY_ZGgUlmWPioYTmmBtHkb2GUueMV4-0O1ddzSV7t0gYYDCIdbyjKCWw=w64-h64-p,● A,Lin,"1月 1, 1970",2835670,"2 ● A-Lin 1月 1, 1970 2 15 2,835,670"
2026-08-09,tw,Taiwan,top_artists_weekly,,3,https://lh3.googleusercontent.com/8eJTD5-eXf1sXHKhPpSXMlzQ-_RBKMgsmtrZ-SWgN45o_mcQGUzw2thbdGxOAE55rLA8bFXXFyubEw=w64-h64-p,● 五月天 (Mayday),,"1月 1, 1970",2584068,"3 ● 五月天 (Mayday) 1月 1, 1970 3 15 2,584,068"
2026-08-09,tw,Taiwan,top_artists_weekly,,4,https://lh3.googleusercontent.com/LKpJFXjE3-0OX8tIzurzLynVxI-hOClgUl1tCbkHOpz9fm28DBQw2wG2iFd5jDFABCuuxK0xFESVQA=w64-h64-p,1 鄧紫棋,,"1月 1, 1970",2509167,"4 1 鄧紫棋 1月 1, 1970 5 15 2,509,167"
2026-08-09,tw,Taiwan,top_artists_weekly,,5,https://lh3.googleusercontent.com/i8PKueO4JStFM6i5t-F8V1jnFglYSybQ_NhU-aXv8mwiPgiCsXjW7WO6gKv97cNPrRcipbHLQA4arA=w64-h64-p,1 林俊傑,,"1月 1, 1970",2465577,"5 1 林俊傑 1月 1, 1970 4 15 2,465,577"
2026-08-09,tw,Taiwan,top_artists_weekly,,6,https://yt3.googleusercontent.com/b0ax28GgBEO8PaHOrZi0ANGfOk1geSb68048rw1As2UACUHczUYKkotWabwMAGoX2C8DL9MC9Flpgw=w64-h64-p,6 aespa,,"1月 1, 1970",2462160,"6 6 aespa 1月 1, 1970 12 15 2,462,160"
2026-08-09,tw,Taiwan,top_artists_weekly,,7,https://yt3.googleusercontent.com/qRYmWa5dzOlRoD8_uHIhsrAmwk8N9QiO7S_Rg3H4YyemB3oN3661_3en_7q9eJ8gvuoZAR9v0iFX8HW1=w64-h64-p,● BABYMONSTER,,"1月 1, 1970",2340026,"7 ● BABYMONSTER 1月 1, 1970 7 15 2,340,026"
2026-08-09,tw,Taiwan,top_artists_weekly,,8,https://lh3.googleusercontent.com/WQYDdvWvLX03SsHruVQEX4KpCLiEk1OO5YrqgnP69vld_B0R0Xd8G1iR1W6MW8Pay0orE4CV_oKXjDQ=w64-h64-p,2 盧廣仲,,"1月 1, 1970",2320036,"8 2 盧廣仲 1月 1, 1970 6 15 2,320,036"
2026-08-09,tw,Taiwan,top_artists_weekly,,9,https://yt3.googleusercontent.com/3gb9OLTA8fzi8a94KV-tHf22T4eYG7qhHAhI2CZ4cvAxupGyW4F6qf9Zo7imqxVHxXkGlrRq0KTGxQ=w64-h64-p,● 玖壹壹,,"1月 1, 1970",2132505,"9 ● 玖壹壹 1月 1, 1970 9 15 2,132,505"
2026-08-09,tw,Taiwan,top_artists_weekly,,10,https://lh3.googleusercontent.com/4ULlRiFBFglNemZJyKn6_e2-iOIdJEbgBgq_79RQclndG6pge0yGgS2k2On6E1FkCJzenyHkHRzkvjFp=w64-h64-p,2 Justin Bieber,,"1月 1, 1970",2093231,"10 2 Justin Bieber 1月 1, 1970 8 15 2,093,231"
2026-08-09,tw,Taiwan,top_artists_weekly,,11,https://lh3.googleusercontent.com/8rsLpP6VJjt-yTN8ZG5rY-qt2aCC-IYMWmVkk7qa8c5vrjO6zetKSgwO2QknHI3FtWl6Zannp2VsQ5o=w64-h64-p,2 防彈少年團,,"1月 1, 1970",2083291,"11 2 防彈少年團 1月 1, 1970 13 15 2,083,291"
2026-08-09,tw,Taiwan,top_artists_weekly,,12,https://yt3.googleusercontent.com/XLrs7bXpke6XLtYTSHyghN16i5Qr-BoCB0SYCYdDb0IBZrkZ3Of17o2MQXMBHQ3OP659_CHgksFUhi4=w64-h64-p,2 周興哲,,"1月 1, 1970",2080905,"12 2 周興哲 1月 1, 1970 10 15 2,080,905"
2026-08-09,tw,Taiwan,top_artists_weekly,,13,https://yt3.googleusercontent.com/CGkGv9UN3SbxEB3DOVVs9lZdnuPAZ63Mwe-4N-4bCvNkiWkmRn8PF4rNK7YsT5wWsIW2bi1Motc9Icfy=w64-h64-p,2 en,,"1月 1, 1970",1985107,"13 2 en 1月 1, 1970 11 15 1,985,107"
2026-08-09,tw,Taiwan,top_artists_weekly,,14,https://yt3.googleusercontent.com/KFSXWX9XgUgJDUQzXNmttqCIQx3Ae3NnO3C2mKf51P4zQD3snuGHkJQX5kWTqktjZTWwbDGrs--Hf-7oBA=w64-h64-p,● 承桓,,"1月 1, 1970",1875665,"14 ● 承桓 1月 1, 1970 14 15 1,875,665"
2026-08-09,tw,Taiwan,top_artists_weekly,,15,https://yt3.googleusercontent.com/heehLgW5KBe4xE-DuQp6I9SINZgujXk4AJKBLG_IrRepTK_AHYDTPvGSE9jWycGRWCYV7edUDd4xS1U=w64-h64-p,● 蔡依林,,"1月 1, 1970",1781204,"15 ● 蔡依林 1月 1, 1970 15 15 1,781,204"
2026-08-09,tw,Taiwan,top_artists_weekly,,16,https://lh3.googleusercontent.com/BKgJ2Qcko6lgLsnvB-URUnK2bgQ682OoJd7Dpa0829XrmIC40zfsFm74vNdmyaMBx8xUt-MHFwDIUUC9=w64-h64-p,16 Jennie,,"1月 1, 1970",1640410,"16 16 Jennie 1月 1, 1970 - 15 1,640,410"
2026-08-09,tw,Taiwan,top_artists_weekly,,17,https://yt3.googleusercontent.com/CXtoqGgtOu2uj8wwK4G-4-yORtORFoSSpH-iyJAsBCl7SHXhXUH_Flul3u2RcPWMWd99k8Z_=w64-h64-p,1 陳華,,"1月 1, 1970",1602719,"17 1 陳華 1月 1, 1970 16 15 1,602,719"
2026-08-09,tw,Taiwan,top_artists_weekly,,18,https://yt3.googleusercontent.com/yFyXnT-mFmZ9VSn7ntUFF6A1-vcYblcwvLd3QghQkwjroWeHdY31z4KkM4to186YkWo-VlfSHt2YwfE=w64-h64-p,1 (G)I,DLE,"1月 1, 1970",1567313,"18 1 (G)I-DLE 1月 1, 1970 17 15 1,567,313"
2026-08-09,tw,Taiwan,top_artists_weekly,,19,https://yt3.googleusercontent.com/A4fjepSskyr-O_ZDtULylfhNlRfqxUaVKhbIY5Mmf7sJJZoYKOhu6gnfwWGXdL4ZF6vl-6oaXmwmH-y5Jg=w64-h64-p,3 江蕙,,"1月 1, 1970",1523180,"19 3 江蕙 1月 1, 1970 22 15 1,523,180"
2026-08-09,tw,Taiwan,top_artists_weekly,,20,https://lh3.googleusercontent.com/lijJc9Ib2KDyY0RqinzyMNkozxFI1OZWIjKR4vEQ37FiDL4mDjCRPxGdZl375EMwbWUYKxSI5bpC_w=w64-h64-p,● 艾薇,,"1月 1, 1970",1518063,"20 ● 艾薇 1月 1, 1970 20 15 1,518,063"
2026-08-09,tw,Taiwan,top_artists_weekly,,21,https://yt3.googleusercontent.com/3Ddtya9JMOF2HkyVMnq2iUNZd13KtX_sZj8mIjWATX5B1WdOKZH60d_fCGx0oFLXnl7sostasw=w64-h64-p,2 蕭煌奇,,"1月 1, 1970",1498256,"21 2 蕭煌奇 1月 1, 1970 23 15 1,498,256"
2026-08-09,tw,Taiwan,top_artists_weekly,,22,https://lh3.googleusercontent.com/lWalclWLirqnwIhMIMFP4j2E2TDZsDDD_McBXQiIvryxfhTWzHhlCR07QEaDzvZHXlLT07i2VCYh6aU=w64-h64-p,4 TWICE,,"1月 1, 1970",1492405,"22 4 TWICE 1月 1, 1970 18 15 1,492,405"
2026-08-09,tw,Taiwan,top_artists_weekly,,23,https://lh3.googleusercontent.com/5FINBprNgZ6BV0fdfB8W9VegyRQ5er1fkNEMSKg5pPUhOStn1nxzUGwyxuvhrWnUFdzT0EQUGsno6o0=w64-h64-p,4 張震嶽,,"1月 1, 1970",1476672,"23 4 張震嶽 1月 1, 1970 19 15 1,476,672"
2026-08-09,tw,Taiwan,top_artists_weekly,,24,https://yt3.googleusercontent.com/o1iqppSvRIzx5IlfwFxQnLOJJp5c5VTf6mdO6wEiq5b9HYNdFdTb6RBL8G_z2N2VU_jkOd-3GQ=w64-h64-p,3 派偉俊,,"1月 1, 1970",1417292,"24 3 派偉俊 1月 1, 1970 21 15 1,417,292"
2026-08-09,tw,Taiwan,top_artists_weekly,,25,https://lh3.googleusercontent.com/9fiAS65PN6QanYAMlaRCuI5F7HjnwBBtZ6l0wIyhojdOarL0s6TK8as3ChwjTIFKjB5BQRr0YLSFcs4=w64-h64-p,12 Seventeen,,"1月 1, 1970",1366992,"25 12 Seventeen 1月 1, 1970 37 15 1,366,992"
2026-08-09,tw,Taiwan,top_artists_weekly,,26,https://yt3.googleusercontent.com/5GYeWpGUtgi8tPkwqV_Nnq9ZiE6PhSCoRSrfpK1CIdfZkndV5fLHZ-c2g9rAGfdQ6bV81Wvlc8UMjw=w64-h64-p,8 ILLIT,,"1月 1, 1970",1363464,"26 8 ILLIT 1月 1, 1970 34 15 1,363,464"
2026-08-09,tw,Taiwan,top_artists_weekly,,27,https://yt3.ggpht.com/ytc/AIdro_lLSB3BDnuNbZmTf_R_L19ZcuZidto9El8TBMRwcVkaUWM=w64-h64-p,2 伍佰 & China Blue,,"1月 1, 1970",1362394,"27 2 伍佰 & China Blue 1月 1, 1970 25 15 1,362,394"
2026-08-09,tw,Taiwan,top_artists_weekly,,28,https://yt3.googleusercontent.com/8BbiNyyI7TOxlf0x0R-4JZB8x7cw-ML-yOjF8QW8rHSrViZacf-AqD-eqg2ccvbYr5C9URAa_vTJI3k=w64-h64-p,4 YOASOBI,,"1月 1, 1970",1357036,"28 4 YOASOBI 1月 1, 1970 24 15 1,357,036"
2026-08-09,tw,Taiwan,top_artists_weekly,,29,https://yt3.googleusercontent.com/e63J-ehz3ts8kyVKEMx44_NoIxjNyl5IL2kd-NOSy7xSS99BJGgV1FhiF1Jzu25w4MI5apyN8eLv78uETw=w64-h64-p,4 張惠妹,,"1月 1, 1970",1337295,"29 4 張惠妹 1月 1, 1970 33 15 1,337,295"
2026-08-09,tw,Taiwan,top_artists_weekly,,30,https://yt3.googleusercontent.com/BrrkTIBHT5wGp6yHcsSg73OQfF6mtr9VWtBLGIKz60dxmOWCxefzw28u0jNuTzugLB7sXS7icAc=w64-h64-p,1 梁靜茹,,"1月 1, 1970",1315750,"30 1 梁靜茹 1月 1, 1970 29 15 1,315,750"
2026-08-09,tw,Taiwan,top_artists_weekly,,31,https://yt3.googleusercontent.com/gJsq4X0Rc_IsD2R8h_K94XDFOQ3nmpOV3MzG7qIq8gJuvv4hnQEi39S75e-UhrLHja87-enLrxd5Aw=w64-h64-p,4 頑童MJ,,"1月 1, 1970",1305746,"31 4 頑童MJ116 1月 1, 1970 27 15 1,305,746"
2026-08-09,tw,Taiwan,top_artists_weekly,,32,https://yt3.googleusercontent.com/rvoJpoc0bOs8cIpf3Lcf7zB8aPZpMbGtrTduAb2o7RI6ADokPbgR64iMA5P7dwu6LLDgg6HCz_hEww=w64-h64-p,6 米津玄師,,"1月 1, 1970",1298787,"32 6 米津玄師 1月 1, 1970 26 15 1,298,787"
2026-08-09,tw,Taiwan,top_artists_weekly,,33,https://yt3.googleusercontent.com/RCpTA6EXJQyjVFDosWOKa2SMmqkua_lA9mHPDWWciLwgqpZLz-k8rXWRF_367trrQ7up9BUwCbk6kRk=w64-h64-p,5 Taylor Swift,,"1月 1, 1970",1291557,"33 5 Taylor Swift 1月 1, 1970 28 15 1,291,557"
2026-08-09,tw,Taiwan,top_artists_weekly,,34,https://yt3.googleusercontent.com/ahanvzsO5q0DQGBI1WLXXyoXb-dqgX8tehQMLpd5-H2OSjYgeQPcUJoLT8Ol9iTvwOvW9oBcp4wpTlmF=w64-h64-p,11 ATEEZ,,"1月 1, 1970",1251613,"34 11 ATEEZ 1月 1, 1970 45 15 1,251,613"
2026-08-09,tw,Taiwan,top_artists_weekly,,35,https://lh3.googleusercontent.com/pEqvY0aXC-vsiqP0ssibuicb1kyMNh6qAVKnRsbw38vKs7X-BLhUzmTF85vt8b-Uv39EJmnzcP1V4zs=w64-h64-p,4 于冬然,,"1月 1, 1970",1242519,"35 4 于冬然 1月 1, 1970 31 15 1,242,519"
2026-08-09,tw,Taiwan,top_artists_weekly,,36,https://yt3.googleusercontent.com/lV9ZrLUbrSCcBMKBu14L_mVtC3p8w-To34GIyvzrLPzNwxW7pWPo8YbtV_38DjgDWfoy__Q=w64-h64-p,4 告五人,,"1月 1, 1970",1223100,"36 4 告五人 1月 1, 1970 32 15 1,223,100"
2026-08-09,tw,Taiwan,top_artists_weekly,,37,https://yt3.googleusercontent.com/7cYfmVi7qmemK4wRGE3qErv1q_ChFRrPv03gpQg_r-fvskRmvOtYU8V13S2lh6CCwECpna4-MtM=w64-h64-p,1 汪蘇瀧,,"1月 1, 1970",1222518,"37 1 汪蘇瀧 1月 1, 1970 36 15 1,222,518"
2026-08-09,tw,Taiwan,top_artists_weekly,,38,https://yt3.googleusercontent.com/VpStVn0v7PpCKRxHrm1Wdp5-ZXryxnRE2GObcSsdphSVMBzinbyE-lfkpUXSMypg9hHnu3kjfJoXVls=w64-h64-p,1 美秀集團,,"1月 1, 1970",1196524,"38 1 美秀集團 1月 1, 1970 39 15 1,196,524"
2026-08-09,tw,Taiwan,top_artists_weekly,,39,https://yt3.googleusercontent.com/tmO4vwHNy3o255MKB2wHTwU_0uqJGSf2Ay8IGyLmBSSuXnU_KhRJQ1cVbA_IWPsNelGbJIHB6A=w64-h64-p,3 高爾宣,,"1月 1, 1970",1157281,"39 3 高爾宣 1月 1, 1970 42 15 1,157,281"
2026-08-09,tw,Taiwan,top_artists_weekly,,40,https://yt3.googleusercontent.com/DNdac479H6iBV62hjTI1Wl4CaHy5y1L0YeIYDbnhUVQ-MN84hM0d9_40tJ9yRx9hKTUdvIAZ0zizWiA=w64-h64-p,2 LE SSERAFIM,,"1月 1, 1970",1147678,"40 2 LE SSERAFIM 1月 1, 1970 38 15 1,147,678"
2026-08-09,tw,Taiwan,top_artists_weekly,,41,https://lh3.googleusercontent.com/xov-pSAk6IVD0y5W0Vrbm9qdH2fjg0jYK5JSAEV0pnpJMfmBvJivspw6930v6VBJhbpZecvwEG1yVpr6=w64-h64-p,5 李榮浩,,"1月 1, 1970",1134877,"41 5 李榮浩 1月 1, 1970 46 15 1,134,877"
2026-08-09,tw,Taiwan,top_artists_weekly,,42,https://lh3.googleusercontent.com/H_lAX1Z8q-xsgZJzT9EXjQM2rncNOWn5VpUaD9gG9G0V_YiMbbICeGmJWQJr4ZCPmegKm-P-J0mJqBTv=w64-h64-p,7 宇宙人,,"1月 1, 1970",1103452,"42 7 宇宙人 1月 1, 1970 35 14 1,103,452"
2026-08-09,tw,Taiwan,top_artists_weekly,,43,https://yt3.googleusercontent.com/08VtOO6CoIFVV0oVSAcsBVhxdvt_xsDMa8bwSO5Wd5w6JLoEsNyg3_D1Hjo0Ym7-yQOXlNOSI317rxU=w64-h64-p,2 曾沛慈,,"1月 1, 1970",1085796,"43 2 曾沛慈 1月 1, 1970 41 15 1,085,796"
2026-08-09,tw,Taiwan,top_artists_weekly,,44,https://lh3.googleusercontent.com/ybI1ZK2Ia-Lvf-yi9Iptm2mOSHmPA3EBxnOBwvn6khU-ajjtXyk3jai_2w-DOXkkeeKfet0sS03pcQ=w64-h64-p,1 IVE,,"1月 1, 1970",1083424,"44 1 IVE 1月 1, 1970 43 15 1,083,424"
2026-08-09,tw,Taiwan,top_artists_weekly,,45,https://lh3.googleusercontent.com/-bv-daAis3SvKNNWD5zggwnpkaPgE7914sMZLFNQjuhUlAb9CWNmoG4JMsjMuuG4zOARvL7_PeDr7w=w64-h64-p,45 李佳薇,,"1月 1, 1970",1078938,"45 45 李佳薇 1月 1, 1970 - 5 1,078,938"
2026-08-09,tw,Taiwan,top_artists_weekly,,46,https://yt3.googleusercontent.com/cLyvgxM4YQ28cQfQAxgBfxYmHey7CfZZ2KyPv15GhTxVIsE09YTwVlDOxQdJE_FEruFveuOI4lUcjA=w64-h64-p,16 HWASA,,"1月 1, 1970",1070668,"46 16 HWASA 1月 1, 1970 30 15 1,070,668"
2026-08-09,tw,Taiwan,top_artists_weekly,,47,https://lh3.googleusercontent.com/pvJ1n3OBNXcz80KquAr-BY3ZRpp4Vfv8IHBk1SHBkJPF6eGhYJqaO3H5meVIQwb-BTOv0VsckNtPow=w64-h64-p,1 BLACKPINK,,"1月 1, 1970",1054472,"47 1 BLACKPINK 1月 1, 1970 48 15 1,054,472"
2026-08-09,tw,Taiwan,top_artists_weekly,,48,https://yt3.ggpht.com/ytc/AIdro_nI8xKy-WzsD4rayGtrDLh6lYY_4-uYzPSr9_zBM8Af078=w64-h64-p,1 茄子蛋,,"1月 1, 1970",1051839,"48 1 茄子蛋 1月 1, 1970 47 15 1,051,839"
2026-08-09,tw,Taiwan,top_artists_weekly,,49,https://yt3.googleusercontent.com/irPUnmrxGIe0fD5y-RfoLVRa9wBom08nCH_hWHG9wK6NI8YnNMPBO8Zya8h2ZbnsWxpCr25hqw=w64-h64-p,9 孫燕姿,,"1月 1, 1970",1046918,"49 9 孫燕姿 1月 1, 1970 40 15 1,046,918"
2026-08-09,tw,Taiwan,top_artists_weekly,,50,https://yt3.googleusercontent.com/VCCNeciN6bf5XN0VKLt1UrcWp_pl4mm75KiOHtG1NDUVlOQs2tpCXsCXXFsqJMZeqzPfM5cwJYwkKkLvpw=w64-h64-p,1 马也Crabbit,,"1月 1, 1970",1005755,"50 1 马也Crabbit 1月 1, 1970 51 15 1,005,755"
2026-08-09,tw,Taiwan,top_artists_weekly,,51,https://yt3.googleusercontent.com/DU6Kpr5TYKcW6QHvMnsJau5_8QSuix8LCLtf5UEaziZZdXw8SxvcxJ9YWmVIQuzhg2R-MVHYgjdGCQ=w64-h64-p,2 Ariana Grande,,"1月 1, 1970",996730,"51 2 Ariana Grande 1月 1, 1970 53 15 996,730"
2026-08-09,tw,Taiwan,top_artists_weekly,,52,https://yt3.googleusercontent.com/TSW6zUg3V5MWdXxKrK8mhkgWFHdrokjOJOpyz6mG475MC6bNESmUSmSxpBcMVqUt7xWUcwxsd3dJRp7q=w64-h64-p,● 姚晓棠,,"1月 1, 1970",988226,"52 ● 姚晓棠 1月 1, 1970 52 15 988,226"
2026-08-09,tw,Taiwan,top_artists_weekly,,53,https://lh3.googleusercontent.com/m4-QeeJCybSOsZjT1TgFz947XoyN6KLEoNPNEaz1oh91GjAiw1zafXK-qeXEWasIuei7ZOdkaKgHY00=w64-h64-p,4 理想混蛋 Bestards,,"1月 1, 1970",982758,"53 4 理想混蛋 Bestards 1月 1, 1970 49 15 982,758"
2026-08-09,tw,Taiwan,top_artists_weekly,,54,https://yt3.googleusercontent.com/hFw-eieMTO6_ZkBxqNHLrDqRlcJN6vBbcC3G6-j79f_JmGkC5QmPm4zIGFEOAKtCikN0hh727FL0391gLA=w64-h64-p,3 Cole先生,,"1月 1, 1970",962211,"54 3 Cole先生 1月 1, 1970 57 14 962,211"
2026-08-09,tw,Taiwan,top_artists_weekly,,55,https://yt3.googleusercontent.com/30y0U-GQ0hk85r8wS8SggJqWgCZSchIzJPCFiRz9AsXe7zcSs6bXmX3toXhDAkBp_qTqWmjfNmFHrZ8=w64-h64-p,1 動力火車,,"1月 1, 1970",959173,"55 1 動力火車 1月 1, 1970 54 15 959,173"
2026-08-09,tw,Taiwan,top_artists_weekly,,56,https://lh3.googleusercontent.com/MBjMu3EHBwUFMuf80d9OfCLVG2VywWGcD6OV6XUb4mBmLPWputvMOgEG7T2frxBlZdYkCho4NXGdzTQ=w64-h64-p,5 陳奕迅,,"1月 1, 1970",949660,"56 5 陳奕迅 1月 1, 1970 61 15 949,660"
2026-08-09,tw,Taiwan,top_artists_weekly,,57,https://yt3.googleusercontent.com/O3ux2Cv4ahPmYganqB4asYUs_qTClRuRxeoZRgwHwHA0oVcA7C3ph04_rC7svPLh1058-NwdBQ=w64-h64-p,5 李聖傑,,"1月 1, 1970",937247,"57 5 李聖傑 1月 1, 1970 62 15 937,247"
2026-08-09,tw,Taiwan,top_artists_weekly,,58,https://yt3.googleusercontent.com/22FOVr8D5Kq9y2l2sUDKW5X5s0W_axG7_sDhQVzxDGEXBMNjhwzvhs10BI3UoA1focajEeTPqZ2jNW9D=w64-h64-p,2 Stray Kids,,"1月 1, 1970",931206,"58 2 Stray Kids 1月 1, 1970 56 15 931,206"
2026-08-09,tw,Taiwan,top_artists_weekly,,59,https://yt3.googleusercontent.com/h5RMpHIY7m2bJ8hcG-7_hwIaiMNZXljfe8Xszb-dAW00pWI6Folj14g2t0cADaimlz4_5MK2V3g=w64-h64-p,● DIOR 大穎,,"1月 1, 1970",927468,"59 ● DIOR 大穎 1月 1, 1970 59 15 927,468"
2026-08-09,tw,Taiwan,top_artists_weekly,,60,https://yt3.googleusercontent.com/2DEaecnkgN4qIkP1AeQAzYiIeo5Rt5bVQ-9skPe95QAYZdY6h927bUXwHq21VPeVhJ6TxxiOvA=w64-h64-p,2 翁立友,,"1月 1, 1970",924774,"60 2 翁立友 1月 1, 1970 58 15 924,774"
2026-08-09,tw,Taiwan,top_artists_weekly,,61,https://lh3.googleusercontent.com/hnefGBrazRhn4Z92bdSZBUENl40ONjRiVDsmZKZh-WZ2iCKE-2c7KKR7SNcZfzLHoRyB3E6as8L87YA=w64-h64-p,1 Bruno Mars,,"1月 1, 1970",921562,"61 1 Bruno Mars 1月 1, 1970 60 15 921,562"
2026-08-09,tw,Taiwan,top_artists_weekly,,62,https://yt3.googleusercontent.com/u8tcXDcVOviBOzM0y5T2vZYSJe2BjV0uKG-EXH4l-wB_BFPV5SXDt2CZICji574S8BO3Hsrz=w64-h64-p,18 薛之謙,,"1月 1, 1970",915859,"62 18 薛之謙 1月 1, 1970 44 15 915,859"
2026-08-09,tw,Taiwan,top_artists_weekly,,63,https://yt3.googleusercontent.com/ufS1qifPTVxSR1_xBz6F75iymu07Qdgplp0Qp3uJBWZuSrpgP6GWFkog-99E8bvH6o5xAmnzzNENskFZ=w64-h64-p,● YORUSHIKA,,"1月 1, 1970",905254,"63 ● YORUSHIKA 1月 1, 1970 63 15 905,254"
2026-08-09,tw,Taiwan,top_artists_weekly,,64,https://yt3.googleusercontent.com/aQv-kANF_voh1aZubOtXQjHWOfaWdlpZ49MI_EwlwsEprq2PBnaSaBEzW6hdvEz6hGyzUwYQj4N01wc=w64-h64-p,14 黃奇斌,,"1月 1, 1970",897094,"64 14 黃奇斌 1月 1, 1970 50 15 897,094"
2026-08-09,tw,Taiwan,top_artists_weekly,,65,https://yt3.googleusercontent.com/4lucaZXF12S40pMhPJz-cb-q1qoXcWxkEyVevy9S523j7rWSjX66iYtY78kIglq8r9rpusX9cf8=w64-h64-p,3 王心凌,,"1月 1, 1970",860868,"65 3 王心凌 1月 1, 1970 68 15 860,868"
2026-08-09,tw,Taiwan,top_artists_weekly,,66,https://yt3.googleusercontent.com/2a9kj3sdLSF_Nr9-UhSuWHq19dB1VtNT2Tdru_Ba9zpcoyia4w_MR4gQJjt1QgTx4JPnOt6nUTwAM4kiNA=w64-h64-p,● LBI,,"1月 1, 1970",850089,"66 ● LBI 1月 1, 1970 66 15 850,089"
2026-08-09,tw,Taiwan,top_artists_weekly,,67,https://yt3.googleusercontent.com/7NhzXEoaIgr-0tYoab-gNZfF8zA8IbpTPt_buovH2Y78pc1L7IfKTq7tGU6zSk9EBJX0yKq7wp3jts8=w64-h64-p,12 Shakira,,"1月 1, 1970",843448,"67 12 Shakira 1月 1, 1970 55 15 843,448"
2026-08-09,tw,Taiwan,top_artists_weekly,,68,https://lh3.googleusercontent.com/a1D6bH7UplNjEw7q_Y_FV-Pph49IRvSk7wxA7xQlIeJ9lVh_Ndi2MnHcx5irKCw_a-P1Zpe8ycMKrQ=w64-h64-p,1 韋禮安,,"1月 1, 1970",834102,"68 1 韋禮安 1月 1, 1970 67 15 834,102"
2026-08-09,tw,Taiwan,top_artists_weekly,,69,https://yt3.googleusercontent.com/ZojXXRco6xFdVFKJ_-lMYqEpQ8LAmBH5chan59gjSYTDbuWmitUkpirmV3LzE-X8G6IeelfcM3al3e4=w64-h64-p,3 周深,,"1月 1, 1970",822835,"69 3 周深 1月 1, 1970 72 15 822,835"
2026-08-09,tw,Taiwan,top_artists_weekly,,70,https://yt3.googleusercontent.com/KmyY2UM6VMNWsmkEhjzIlbTnEwjjq1B-lpaxP5KC7CByIA3xuQrSKW_QJ0yNdHMIqLokgcp8gw=w64-h64-p,1 田馥甄,,"1月 1, 1970",816667,"70 1 田馥甄 1月 1, 1970 69 15 816,667"
2026-08-09,tw,Taiwan,top_artists_weekly,,71,https://yt3.googleusercontent.com/UZzjIOo6g9Hw2Pda64IEdI3dafhHiihEOBqM5EiU7yWZgSGTRhE0nBWi4VF9eNtF2a5ejhH3OWPLTOd-=w64-h64-p,● 半噸兄弟,,"1月 1, 1970",813368,"71 ● 半噸兄弟 1月 1, 1970 71 15 813,368"
2026-08-09,tw,Taiwan,top_artists_weekly,,72,https://yt3.googleusercontent.com/OACRW0WLfJ3wTcnbh8912dg5iLMzROD_CpqgvPqn3_cfnKRfdxc_aN4ERkWFZtswHPPghRlcH5XwbksQ=w64-h64-p,2 ITZY,,"1月 1, 1970",772549,"72 2 ITZY 1月 1, 1970 70 15 772,549"
2026-08-09,tw,Taiwan,top_artists_weekly,,73,https://lh3.googleusercontent.com/d3Vx3Ctc5Nt_6JciO_C4QxvtzfDXUhHj79moNiub60J8-UnZbGY-uE22SHdeZ70aBHLigGbmXoyFNYFr=w64-h64-p,5 BIGBANG,,"1月 1, 1970",757301,"73 5 BIGBANG 1月 1, 1970 78 15 757,301"
2026-08-09,tw,Taiwan,top_artists_weekly,,74,https://yt3.googleusercontent.com/JSr1fuJqoaRVL7_93SuqdZlVGZI0XjyNNIXEnZgkt7ZfWANDb6RF_B5A_Gusviz6h6yCJ24_62cuIKc=w64-h64-p,10 朴彩英,,"1月 1, 1970",756618,"74 10 朴彩英 1月 1, 1970 84 15 756,618"
2026-08-09,tw,Taiwan,top_artists_weekly,,75,https://yt3.googleusercontent.com/xnSfx4u7jPLYakQpgcxduZyIiNEHgMgQDijA1hkYsorkD54rjLJS_jcnHHjypRK4rwxaAfZ_kO9bpZw=w64-h64-p,10 NMIXX,,"1月 1, 1970",750516,"75 10 NMIXX 1月 1, 1970 65 15 750,516"
2026-08-09,tw,Taiwan,top_artists_weekly,,76,https://lh3.googleusercontent.com/umSdMueKqbLBTq0jhiEzh1F82_C8hRVzkw2ZsxOqEktWjNXOKSCMPMGiJtu73myxd995RC4BqKL5fAXM=w64-h64-p,1 Lady Gaga,,"1月 1, 1970",732967,"76 1 Lady Gaga 1月 1, 1970 77 15 732,967"
2026-08-09,tw,Taiwan,top_artists_weekly,,77,https://yt3.googleusercontent.com/iJGPqfvl4CznD1INvPiMJHo3JA-_2pSbHD7gHND9dniBfC-faWi29x4ofgwdW2iL4EgpmdYLAmY6L6c=w64-h64-p,18 大头针R&B,,"1月 1, 1970",726989,"77 18 大头针R&B 1月 1, 1970 95 8 726,989"
2026-08-09,tw,Taiwan,top_artists_weekly,,78,https://lh3.googleusercontent.com/D3iqTV1JIuwtqPykvxbri7cxXZYO0BRwrcDvTiPUTY81DwNYnxSqqlbJascSlVt22JM_9UulpkFVzts=w64-h64-p,2 郁可唯,,"1月 1, 1970",725411,"78 2 郁可唯 1月 1, 1970 76 15 725,411"
2026-08-09,tw,Taiwan,top_artists_weekly,,79,https://yt3.googleusercontent.com/1ztXGJxu4zOqcDlc1gD2slQpkxe8z8z_k_THyeVCSQwCcUw2zJFwRncG7Ui3CB6TUSdbEI-9zMU5gA=w64-h64-p,6 Gareth.T,,"1月 1, 1970",721927,"79 6 Gareth.T 1月 1, 1970 73 15 721,927"
2026-08-09,tw,Taiwan,top_artists_weekly,,80,https://yt3.googleusercontent.com/KUrZ-eN8Blos-oOCdsIW7ehKUkUXpvjRStFFdqZs5oUaIHeHuMWZpbzU6NmOxPzAk0ik4qYP-SHVkzVmpA=w64-h64-p,KPop Demon Hunters Cast,,,,KPop Demon Hunters Cast
2026-08-09,tw,Taiwan,top_artists_weekly,,81,https://lh3.googleusercontent.com/5Wqko_xYm2k_BiYJf_8KFM_DLZfcWrWPApBX13U8zmPulEl9JLztydPSfvKITpmIY8uRKYrVEvcLEaA=w64-h64-p,7 讚美之泉,,"1月 1, 1970",719410,"81 7 讚美之泉 1月 1, 1970 74 15 719,410"
2026-08-09,tw,Taiwan,top_artists_weekly,,82,https://yt3.googleusercontent.com/K-LPPO85ngDVoz2xNSgQgyLS8zP58d1uDDi27WKawaSq-kR_NJtyS4YEu626otTdgt1DFenZoD2K5-M=w64-h64-p,82 tuki.,,"1月 1, 1970",717060,"82 82 tuki. 1月 1, 1970 - 15 717,060"
2026-08-09,tw,Taiwan,top_artists_weekly,,83,https://yt3.googleusercontent.com/7buDUATb3VZ0dAiIJH64ik_DgBIaui8-WYW3HPsP9dnfCCc00vBbuOm8rcPPPfign0XAqEZStw=w64-h64-p,4 張韶涵,,"1月 1, 1970",716799,"83 4 張韶涵 1月 1, 1970 79 15 716,799"
2026-08-09,tw,Taiwan,top_artists_weekly,,84,https://yt3.googleusercontent.com/R21Px2Cfn4rBs42n_LTtDlplBwtlRoq9Iz6W7QZwWz1SGuR_ZEmk4cCjoXDAIV1Ai9TIZmV1bt9qRuc=w64-h64-p,9 任然,,"1月 1, 1970",712333,"84 9 任然 1月 1, 1970 75 15 712,333"
2026-08-09,tw,Taiwan,top_artists_weekly,,85,https://yt3.googleusercontent.com/QX0J0_GAMR_TzBv8tckmSWEYmJwTdRftJJMXYfz_bjvCcSKQuNxjjV6oPdNVububcnjwi8fdEw=w64-h64-p,4 王艷薇,,"1月 1, 1970",701195,"85 4 王艷薇 1月 1, 1970 89 15 701,195"
2026-08-09,tw,Taiwan,top_artists_weekly,,86,https://lh3.googleusercontent.com/BRRildqotq_VSCj8pu9ZY283bnPar2qKMrGTsulASYINjJ4Z0mJMQYm0k1tIOeQKJYdJrZNbfN_DXg=w64-h64-p,13 NewJeans,,"1月 1, 1970",693327,"86 13 NewJeans 1月 1, 1970 99 15 693,327"
2026-08-09,tw,Taiwan,top_artists_weekly,,87,https://yt3.googleusercontent.com/59hwKSuVHT7w8lcceisZc6QRBIZRRKwAw0yuQlh8BQes1pyfFoJ7fPGgiUwaZtJ6a4l0kqd6972jTe8=w64-h64-p,87 郭家瑋,,"1月 1, 1970",683472,"87 87 郭家瑋 1月 1, 1970 - 15 683,472"
2026-08-09,tw,Taiwan,top_artists_weekly,,88,https://lh3.googleusercontent.com/U-SAmNOu4TynE818gLCfKsuHZ0U5YNEtO9mrjSI9WCCKERs98LzrCal5kajBBTQNwdcisoB2Bn-pHp4=w64-h64-p,5 The Weeknd,,"1月 1, 1970",681601,"88 5 The Weeknd 1月 1, 1970 83 15 681,601"
2026-08-09,tw,Taiwan,top_artists_weekly,,89,https://yt3.googleusercontent.com/AGsd38zD5rf3PTqIyhf0D8aTmyBqMpCSuwkeovewAkM0hdukbNpN-tRo5oGSY5tQcMAkSTL1iRTcNgfF=w64-h64-p,5 黃乙玲,,"1月 1, 1970",678990,"89 5 黃乙玲 1月 1, 1970 94 15 678,990"
2026-08-09,tw,Taiwan,top_artists_weekly,,90,https://yt3.googleusercontent.com/_oj0eGnyRt7n39_-nmR8zTtNH5l-Ao_y1rWAQp-OsEWLngmlhcQthB6oXjxNPgPqGGOPxZQqWQ=w64-h64-p,3 王力宏,,"1月 1, 1970",675620,"90 3 王力宏 1月 1, 1970 93 15 675,620"
2026-08-09,tw,Taiwan,top_artists_weekly,,91,https://yt3.googleusercontent.com/M0ZAiv2YCyGcckGUEgLSiJXvitNFU77Fl6mZ2_OlwkG2qz4doW-TFcGHMKuDdf-BTSJA5K0k-Q=w64-h64-p,5 Cat'sMelody,,"1月 1, 1970",673131,"91 5 Cat'sMelody 1月 1, 1970 86 7 673,131"
2026-08-09,tw,Taiwan,top_artists_weekly,,92,https://yt3.googleusercontent.com/Cnhb3AyOFVMBJ0D76G6DhIY2QaVFWHq19crz8QggEdc888kPB8u4iROVSRi_l7F2mjHzNHDEjuU=w64-h64-p,5 陳勢安,,"1月 1, 1970",673115,"92 5 陳勢安 1月 1, 1970 87 15 673,115"
2026-08-09,tw,Taiwan,top_artists_weekly,,93,https://lh3.googleusercontent.com/f-obacsP4pLKKR-_ykVFkRl83BV7vpFMyalY5UbSh1ng6CbN2GAdHjFg2JM2O7PzU1DZrEnwuMgC_w=w64-h64-p,3 八三夭,,"1月 1, 1970",670525,"93 3 八三夭 1月 1, 1970 90 15 670,525"
2026-08-09,tw,Taiwan,top_artists_weekly,,94,https://yt3.googleusercontent.com/Z7jSIey5PTQOvOcpYRKtcs9l5ZG3T2f9mAR3zTOy9cqB4UCoQLkhrVSlOgyM5_ffnHKCPFiGCA=w64-h64-p,9 陳忻玥,,"1月 1, 1970",664324,"94 9 陳忻玥 1月 1, 1970 85 15 664,324"
2026-08-09,tw,Taiwan,top_artists_weekly,,95,https://yt3.googleusercontent.com/ES5kleAx1BlxR1xWP85JrqY3YKgLs2MyxfIfaoyk5nYZSv2rMK6Zk42_Sf_5ZJaHp4kwdqIpO45DT2oi=w64-h64-p,15 Ado,,"1月 1, 1970",664066,"95 15 Ado 1月 1, 1970 80 15 664,066"
2026-08-09,tw,Taiwan,top_artists_weekly,,96,https://lh3.googleusercontent.com/zWSt-azDdL9AU7TqaRdi7at4sag6W80bliX8RZ6Ex-cnMIxeJ0cSg2m6KGM4Oa9C-KhnStXrq42hHjo=w64-h64-p,96 KATSEYE,,"1月 1, 1970",662129,"96 96 KATSEYE 1月 1, 1970 - 15 662,129"
2026-08-09,tw,Taiwan,top_artists_weekly,,97,https://lh3.googleusercontent.com/jQoBIAS6JjFGpcqQY1M_Mh3AasOvFENCdVRxkgax1a0K6qiq7AgE3MbJ6Jtt-Jndcarvoawmrg66KTny=w64-h64-p,9 Ed Sheeran,,"1月 1, 1970",660343,"97 9 Ed Sheeran 1月 1, 1970 88 15 660,343"
2026-08-09,tw,Taiwan,top_artists_weekly,,98,https://yt3.googleusercontent.com/0FmNbKOxBPw_U_N4Byt3i_87JylYguFIqV6xd0RrSazMrh7dM9RDUQKpI7nYV_iAREzE3UO8=w64-h64-p,● EJAE,,"1月 1, 1970",659297,"98 ● EJAE 1月 1, 1970 98 15 659,297"
2026-08-09,tw,Taiwan,top_artists_weekly,,99,https://yt3.googleusercontent.com/graSIdEJ-DagmxtWB7jaK17ZxPeL1N4bZzj7eKxP-xiJsahsci1uea8gwoky8WU36x3gh6y_72C9BZLk=w64-h64-p,35 顏人中,,"1月 1, 1970",658410,"99 35 顏人中 1月 1, 1970 64 15 658,410"
2026-08-09,tw,Taiwan,top_artists_weekly,,100,https://yt3.googleusercontent.com/E8-DZ3tujNN7vRZ9FcPAjXhm7v3pzbI4Lmk4WIOM3nx0pUv_5pP1jgW0aGfnWNScvlhEOw987yYrDa8=w64-h64-p,張碧晨,,"1月 1, 1970",645094,"100 100 張碧晨 1月 1, 1970 - 15 645,094"
2026-08-09,jp,Japan,top_artists_weekly,,1,https://yt3.googleusercontent.com/HhewRwaNXMj-O1EAQNnVXER1TeEc464OcpKh1gBwz4g056ikEqvvLQkRVIfm8UcXJZXO66IhNr2qGNA=w64-h64-p,Mrs. GREEN APPLE,,,,Mrs. GREEN APPLE
2026-08-09,jp,Japan,top_artists_weekly,,2,https://yt3.googleusercontent.com/t2CE3NDn7OrxuvYY0hjIWq33epQtHpzqx3naHs8X9euz8ZfF4zJgj9Brg0r1gK9cZa1i8UUinJ-_Fyc=w64-h64-p,● M!LK,,"1月 1, 1970",23454381,"2 ● M!LK 1月 1, 1970 2 74 23,454,381"
2026-08-09,jp,Japan,top_artists_weekly,,3,https://yt3.googleusercontent.com/rvoJpoc0bOs8cIpf3Lcf7zB8aPZpMbGtrTduAb2o7RI6ADokPbgR64iMA5P7dwu6LLDgg6HCz_hEww=w64-h64-p,● 米津玄師,,"1月 1, 1970",18031356,"3 ● 米津玄師 1月 1, 1970 3 515 18,031,356"
2026-08-09,jp,Japan,top_artists_weekly,,4,https://lh3.googleusercontent.com/QAxBr9ghPhfxquveEQwVfzTN3tvsHNggUkmxMUWtTpAq-ZiLoGH7Tz5oa-oysqv7z1_JdHllHegKf5w=w64-h64-p,1 Snow Man,,"1月 1, 1970",14672954,"4 1 Snow Man 1月 1, 1970 5 293 14,672,954"
2026-08-09,jp,Japan,top_artists_weekly,,5,https://lh3.googleusercontent.com/k7Z1-TzVQJdEsRpgXDwbniROArZXFtVNeOKWxq2of-uOw72kLlbZxrwmcdpaJ-qVQrS5Nq61F3RCUw=w64-h64-p,1 back number,,"1月 1, 1970",12338891,"5 1 back number 1月 1, 1970 4 510 12,338,891"
2026-08-09,jp,Japan,top_artists_weekly,,6,https://yt3.googleusercontent.com/5GYeWpGUtgi8tPkwqV_Nnq9ZiE6PhSCoRSrfpK1CIdfZkndV5fLHZ-c2g9rAGfdQ6bV81Wvlc8UMjw=w64-h64-p,7 ILLIT,,"1月 1, 1970",8881271,"6 7 ILLIT 1月 1, 1970 13 123 8,881,271"
2026-08-09,jp,Japan,top_artists_weekly,,7,https://yt3.googleusercontent.com/8BbiNyyI7TOxlf0x0R-4JZB8x7cw-ML-yOjF8QW8rHSrViZacf-AqD-eqg2ccvbYr5C9URAa_vTJI3k=w64-h64-p,● YOASOBI,,"1月 1, 1970",8626051,"7 ● YOASOBI 1月 1, 1970 7 329 8,626,051"
2026-08-09,jp,Japan,top_artists_weekly,,8,https://yt3.googleusercontent.com/beJAMRm4Fei9DIYc0_Fnyg8zTRHf122p5xmKRd18Bsl0B_usth9jw31aW0JVtdJbmM6nfCgv64nvs9Y=w64-h64-p,2 Official髭男dism,,"1月 1, 1970",8299317,"8 2 Official髭男dism 1月 1, 1970 10 428 8,299,317"
2026-08-09,jp,Japan,top_artists_weekly,,9,https://lh3.googleusercontent.com/8rsLpP6VJjt-yTN8ZG5rY-qt2aCC-IYMWmVkk7qa8c5vrjO6zetKSgwO2QknHI3FtWl6Zannp2VsQ5o=w64-h64-p,2 防彈少年團,,"1月 1, 1970",8169750,"9 2 防彈少年團 1月 1, 1970 11 515 8,169,750"
2026-08-09,jp,Japan,top_artists_weekly,,10,https://lh3.googleusercontent.com/TYkKGWRRQtkD8vCevpNF6IqRshSnkoTniANNAodJPOsGLcgtBnjbp5mAH9AQHbbaHtA69yuEgoCtAzQ=w64-h64-p,2 魚韻,,"1月 1, 1970",7961776,"10 2 魚韻 1月 1, 1970 8 515 7,961,776"
2026-08-09,jp,Japan,top_artists_weekly,,11,https://yt3.googleusercontent.com/ufS1qifPTVxSR1_xBz6F75iymu07Qdgplp0Qp3uJBWZuSrpgP6GWFkog-99E8bvH6o5xAmnzzNENskFZ=w64-h64-p,3 YORUSHIKA,,"1月 1, 1970",7730976,"11 3 YORUSHIKA 1月 1, 1970 14 397 7,730,976"
2026-08-09,jp,Japan,top_artists_weekly,,12,https://yt3.googleusercontent.com/7mGnCnhB37DGywZxroOABy24-RTikE3XOMwNdOpyHJP7Hdip_1ARYqL_cfyFfDJjVhFqJ7NOV_mEfMY=w64-h64-p,3 嵐,,"1月 1, 1970",7701116,"12 3 嵐 1月 1, 1970 9 430 7,701,116"
2026-08-09,jp,Japan,top_artists_weekly,,13,https://yt3.googleusercontent.com/5UG5-6JRUi-1vH2B1XJS2OF4NBCGmqKdUtolQrqPYQ4lmLWSLAfZOUk4iHwMGNpAylqBz40Ff89kYQ=w64-h64-p,3 HANA,,"1月 1, 1970",7471101,"13 3 HANA 1月 1, 1970 16 77 7,471,101"
2026-08-09,jp,Japan,top_artists_weekly,,14,https://yt3.googleusercontent.com/8jq9fgEQpYijkWt9TAAIuktPSQT9B0aaK4a2jt2o0DQ6K0Fe-D0EF7t3Sp4N2EDE6jnQAaLuPCRbZD5A=w64-h64-p,3 RADWIMPS,,"1月 1, 1970",6923432,"14 3 RADWIMPS 1月 1, 1970 17 515 6,923,432"
2026-08-09,jp,Japan,top_artists_weekly,,15,https://lh3.googleusercontent.com/Al4aiX928mLAUKA5bV3griwrjRYLMCV6qAz5qv4HbBCCqh1TBWBQpDYRby7aeh-fTbikanJCYmdYgyM=w64-h64-p,4 Vaundy,,"1月 1, 1970",6812662,"15 4 Vaundy 1月 1, 1970 19 319 6,812,662"
2026-08-09,jp,Japan,top_artists_weekly,,16,https://yt3.googleusercontent.com/ES5kleAx1BlxR1xWP85JrqY3YKgLs2MyxfIfaoyk5nYZSv2rMK6Zk42_Sf_5ZJaHp4kwdqIpO45DT2oi=w64-h64-p,1 Ado,,"1月 1, 1970",6446748,"16 1 Ado 1月 1, 1970 15 299 6,446,748"
2026-08-09,jp,Japan,top_artists_weekly,,17,https://yt3.googleusercontent.com/1CD2qR5FS2_OA6lrXbKDJa0zTI5FHfhZIoOxWtujlgawuUQmtFyR3InDDbnscLHNmjMGLgSPBSJJSlo=w64-h64-p,11 T.M.Revolution,,"1月 1, 1970",6313015,"17 11 T.M.Revolution 1月 1, 1970 6 338 6,313,015"
2026-08-09,jp,Japan,top_artists_weekly,,18,https://yt3.googleusercontent.com/0yxG_xPL-fPeW_3pLWRDB7eXD14e10fIjN6tovLhItpB4g7YqWjSgwrvJvLLSwW-04TtZ9J40ezrt1c=w64-h64-p,4 King Gnu,,"1月 1, 1970",6294823,"18 4 King Gnu 1月 1, 1970 22 388 6,294,823"
2026-08-09,jp,Japan,top_artists_weekly,,19,https://yt3.googleusercontent.com/9j5EBr2rWVcRm3RsqK82BlBogflxOFDgJsK04weU-yr1gUiouM1b9ykc7YiVsb7LrFmY9d9uCjzB2ZI=w64-h64-p,1 BE:FIRST,,"1月 1, 1970",6093701,"19 1 BE:FIRST 1月 1, 1970 18 259 6,093,701"
2026-08-09,jp,Japan,top_artists_weekly,,20,https://lh3.googleusercontent.com/showUTLq0g6F4x-R5DlVl95qpz8RylPI8RXlRQiiQ__zos_Oz9OvZehIxrSINFgLww_rmKdAnVZu-Ts=w64-h64-p,SOUTHERN ALL STARS,,,,SOUTHERN ALL STARS
2026-08-09,jp,Japan,top_artists_weekly,,21,https://lh3.googleusercontent.com/toZ3JKuc9xkkDyemWTAJxnVAdjT69o1aqDWCxFRcKgYbCFNKIR9Jq-cBQ07r-6Utx3GwY4ivwx-mjkk=w64-h64-p,● Fujii Kaze,,"1月 1, 1970",5542995,"21 ● Fujii Kaze 1月 1, 1970 21 320 5,542,995"
2026-08-09,jp,Japan,top_artists_weekly,,22,https://yt3.googleusercontent.com/nfWyPt8ubT9r-I34Plw20oPCmwZTWL3WDN1gIKQODjNCXVUlZwPHp_QoMWBn6PpxM_7iKcM8qNfGxXo=w64-h64-p,10 SixTONES,,"1月 1, 1970",5426170,"22 10 SixTONES 1月 1, 1970 12 343 5,426,170"
2026-08-09,jp,Japan,top_artists_weekly,,23,https://lh3.googleusercontent.com/__HQP1pw0-A2viS_fBJtlsYASW9dMYoP2B11fM30hMYHHWNHtmSET2bTvTGLZ66ySry6xJjQPx9dLA=w64-h64-p,2 宇多田光,,"1月 1, 1970",5156057,"23 2 宇多田光 1月 1, 1970 25 506 5,156,057"
2026-08-09,jp,Japan,top_artists_weekly,,24,https://lh3.googleusercontent.com/x-Z35q6HsBB98J85-4oNqPnOen4pZBaNCpHawzf_ejs-pkgh6Eh3D2Fu7S1T4gEj0yWZ0c6DOAHCpA=w64-h64-p,1 Michael Jackson,,"1月 1, 1970",4884477,"24 1 Michael Jackson 1月 1, 1970 23 376 4,884,477"
2026-08-09,jp,Japan,top_artists_weekly,,25,https://yt3.googleusercontent.com/K_baqRAxIjiyRU7u7PyVnbVs8fzB9lwhvXLGbXpCrc9P0cE2ssBwt0UzhWQvGs9kUUDt1-QKnO0Ts88=w64-h64-p,1 CHANMINA,,"1月 1, 1970",4845378,"25 1 CHANMINA 1月 1, 1970 24 377 4,845,378"
2026-08-09,jp,Japan,top_artists_weekly,,26,https://lh3.googleusercontent.com/Dp0g1-nAKmdHtDy_Xu81p7uOrJtD0uiMW1evxcnXADUoM8thct7VKce12b-2OMcCqHiJKeesQtsa-NDz=w64-h64-p,2 Mr.Children,,"1月 1, 1970",4760065,"26 2 Mr.Children 1月 1, 1970 28 515 4,760,065"
2026-08-09,jp,Japan,top_artists_weekly,,27,https://yt3.googleusercontent.com/b0ax28GgBEO8PaHOrZi0ANGfOk1geSb68048rw1As2UACUHczUYKkotWabwMAGoX2C8DL9MC9Flpgw=w64-h64-p,18 aespa,,"1月 1, 1970",4625085,"27 18 aespa 1月 1, 1970 45 278 4,625,085"
2026-08-09,jp,Japan,top_artists_weekly,,28,https://lh3.googleusercontent.com/QiVzJToksVJXLY1-krTFwpsoQ2vyKsNGfOmh92yNie0PUCBXp6BrEJ-GdN6bqY5JgxWUj39rdtZc8a0=w64-h64-p,9 CUTIE STREET,,"1月 1, 1970",4364143,"28 9 CUTIE STREET 1月 1, 1970 37 95 4,364,143"
2026-08-09,jp,Japan,top_artists_weekly,,29,https://yt3.googleusercontent.com/nqcLdvh1gakB5sj2ygjMVyIGol7NdEr_Jo87_Vauzrorq6W5Zti_XyJdhQ-T_-0rFbKtUoSF_-LqLqU=w64-h64-p,3 SEKAI NO OWARI,,"1月 1, 1970",4269405,"29 3 SEKAI NO OWARI 1月 1, 1970 26 509 4,269,405"
2026-08-09,jp,Japan,top_artists_weekly,,30,https://lh3.googleusercontent.com/NWHT43hxULRsyzpcsQfbUAKDjFSahIyKGGFGvxHOcpswAVkfnjwWEqSP8XG8hDmX6fubB1C9DbxFiNk=w64-h64-p,● 歌っちゃ王,,"1月 1, 1970",4243071,"30 ● 歌っちゃ王 1月 1, 1970 30 251 4,243,071"
2026-08-09,jp,Japan,top_artists_weekly,,31,https://lh3.googleusercontent.com/UubMNuEa_BkqSWVY0BC9gTqr8xU2ErWbwsgHlOdSW0PUpaVGsP2RY5Xiod-f87BRiiDR4zNz4yj4Stw=w64-h64-p,4 Tatsuya Kitani,,"1月 1, 1970",4103516,"31 4 Tatsuya Kitani 1月 1, 1970 27 285 4,103,516"
2026-08-09,jp,Japan,top_artists_weekly,,32,https://yt3.googleusercontent.com/NRBianky8-POHOPujzwhCdBItJv35rlaLjuJ1p5pYm5EWCWNC3aPyx1CMU4GkKD4XuaPu7XuuISyaZ9V=w64-h64-p,3 BUMP OF CHICKEN,,"1月 1, 1970",4066728,"32 3 BUMP OF CHICKEN 1月 1, 1970 29 515 4,066,728"
2026-08-09,jp,Japan,top_artists_weekly,,33,https://yt3.googleusercontent.com/xP2HtpR_jxf7iX1E2k51EsgRwuX1b9wZJDJj87ZE8XRMvSs5Aays7jr-EroVHgSlPVnJG5n670Kt_P0=w64-h64-p,1 Yuuri,,"1月 1, 1970",3966266,"33 1 Yuuri 1月 1, 1970 32 321 3,966,266"
2026-08-09,jp,Japan,top_artists_weekly,,34,https://yt3.googleusercontent.com/alBNODlVMkJCt-E3lNA7bF52JzzLfgd6h4_Uo5JfkKdxQ0_lZzl5po9ML3Twn0Y7tytAX9bjlfazAIQ=w64-h64-p,1 ONE OK ROCK,,"1月 1, 1970",3911393,"34 1 ONE OK ROCK 1月 1, 1970 33 515 3,911,393"
2026-08-09,jp,Japan,top_artists_weekly,,35,https://lh3.googleusercontent.com/lWalclWLirqnwIhMIMFP4j2E2TDZsDDD_McBXQiIvryxfhTWzHhlCR07QEaDzvZHXlLT07i2VCYh6aU=w64-h64-p,1 TWICE,,"1月 1, 1970",3906263,"35 1 TWICE 1月 1, 1970 34 515 3,906,263"
2026-08-09,jp,Japan,top_artists_weekly,,36,https://lh3.googleusercontent.com/2yJuboYEXjU5hbpJhX7HlglKpayzafa2Wn9b2luRqHeAATt3H4DlVts9CmSVoQ0gG3WN-Ii-JLVafDA=w64-h64-p,1 natori,,"1月 1, 1970",3905706,"36 1 natori 1月 1, 1970 35 194 3,905,706"
2026-08-09,jp,Japan,top_artists_weekly,,37,https://lh3.googleusercontent.com/x0jntdTSj8i08M1g6MzRpSiNUezdIOaI-yJEu6pXoi_H6PF2yvJKo1sabI4Gu_6EpVLd4TV_y7RZ2x0=w64-h64-p,6 DECO*27,,"1月 1, 1970",3818404,"37 6 DECO*27 1月 1, 1970 31 511 3,818,404"
2026-08-09,jp,Japan,top_artists_weekly,,38,https://lh3.googleusercontent.com/HNgNMRaakGXWwt_ipf2krKR67cTauQDm934ir9lupV2_zJAdqqQ2X_BaC2Pk7lqRZt6qEy5wzqOTkA=w64-h64-p,2 愛繆,,"1月 1, 1970",3649993,"38 2 愛繆 1月 1, 1970 36 442 3,649,993"
2026-08-09,jp,Japan,top_artists_weekly,,39,https://yt3.googleusercontent.com/DNdac479H6iBV62hjTI1Wl4CaHy5y1L0YeIYDbnhUVQ-MN84hM0d9_40tJ9yRx9hKTUdvIAZ0zizWiA=w64-h64-p,2 LE SSERAFIM,,"1月 1, 1970",3559749,"39 2 LE SSERAFIM 1月 1, 1970 41 221 3,559,749"
2026-08-09,jp,Japan,top_artists_weekly,,40,https://yt3.googleusercontent.com/qRYmWa5dzOlRoD8_uHIhsrAmwk8N9QiO7S_Rg3H4YyemB3oN3661_3en_7q9eJ8gvuoZAR9v0iFX8HW1=w64-h64-p,2 BABYMONSTER,,"1月 1, 1970",3459069,"40 2 BABYMONSTER 1月 1, 1970 42 135 3,459,069"
2026-08-09,jp,Japan,top_artists_weekly,,41,https://lh3.googleusercontent.com/_8m-Vx-ogbnIzaJ1i2bMFO4st3nHdTazTWqnS8A6rbCiSalAFKQ-hvMoiZQ6psPimxSq4R8ZC9vyUsw=w64-h64-p,3 FRUITS ZIPPER,,"1月 1, 1970",3415758,"41 3 FRUITS ZIPPER 1月 1, 1970 38 187 3,415,758"
2026-08-09,jp,Japan,top_artists_weekly,,42,https://yt3.googleusercontent.com/CTlNJ4rc1kNOX16G5rnbepnffNLMedCX5OCq24D_n5OGKi9V856C3y5ip_UzPZnveSZOyf01cHTa5w=w64-h64-p,2 乃木坂46,,"1月 1, 1970",3401938,"42 2 乃木坂46 1月 1, 1970 40 515 3,401,938"
2026-08-09,jp,Japan,top_artists_weekly,,43,https://yt3.googleusercontent.com/ptM677YC2WeIgDQu7r8RtfPR78yDr0ERS3dZJjVcYtidt2vM1kFZssPdzXCICPbjq616Q7otW0w=w64-h64-p,macaroni enpitsu,,,,macaroni enpitsu
2026-08-09,jp,Japan,top_artists_weekly,,44,https://yt3.googleusercontent.com/AdUi8PfGR9bZqg8kVAjNipwYj878Aj7WEx7bnym23sMXRcH33PtujdSOUhMKGQPchDnEEmMNmqEl0zMY=w64-h64-p,2 B'z,,"1月 1, 1970",3258163,"44 2 B'z 1月 1, 1970 46 489 3,258,163"
2026-08-09,jp,Japan,top_artists_weekly,,45,https://yt3.googleusercontent.com/gD_NWK-pYzPtkiqWDXsdVAfjk-zIckdTw933lzQkZnQU6zZh0oM6w5TiumXXzAaXWLEy44z-RavGSYOH=w64-h64-p,6 Number_i,,"1月 1, 1970",3167212,"45 6 Number_i 1月 1, 1970 39 133 3,167,212"
2026-08-09,jp,Japan,top_artists_weekly,,46,https://yt3.googleusercontent.com/KFNsZgdH7VTdJOYTG_te-ZgXP6z-9kOG2zhGY6N33dQi4fJDcRHfyrh7Ii0tufk-zPZZMkyk11Uxj4E=w64-h64-p,2 iLiFE!,,"1月 1, 1970",3141476,"46 2 iLiFE! 1月 1, 1970 44 119 3,141,476"
2026-08-09,jp,Japan,top_artists_weekly,,47,https://yt3.googleusercontent.com/22FOVr8D5Kq9y2l2sUDKW5X5s0W_axG7_sDhQVzxDGEXBMNjhwzvhs10BI3UoA1focajEeTPqZ2jNW9D=w64-h64-p,8 Stray Kids,,"1月 1, 1970",3104782,"47 8 Stray Kids 1月 1, 1970 55 319 3,104,782"
2026-08-09,jp,Japan,top_artists_weekly,,48,https://lh3.googleusercontent.com/R2HtsULSyP7slZeikrSkWkMOEOY65lRGqQZpTW5jdBItJBFQOVJJxysh_M_mOBXN9a23CELpRKd1rw=w64-h64-p,1 濱崎步,,"1月 1, 1970",3066707,"48 1 濱崎步 1月 1, 1970 49 469 3,066,707"
2026-08-09,jp,Japan,top_artists_weekly,,49,https://lh3.googleusercontent.com/rJXcYV3zvv5Msxww2zjkCN_vqhN_9Bn_hbGEeLQKycCoSkoY2vd-mqPmZyAeywGUwAiV16N8fy5YfGw=w64-h64-p,3 SPITZ,,"1月 1, 1970",3033462,"49 3 SPITZ 1月 1, 1970 52 515 3,033,462"
2026-08-09,jp,Japan,top_artists_weekly,,50,https://lh3.googleusercontent.com/lg8mvzBsVgeTWBu7D9oJ_75-k8mWAOZ_SFx1DU7ywuHegwL8LdsOkxzy-BHPNHUcF0zom5g4VTbk9w=w64-h64-p,1 Creepy Nuts,,"1月 1, 1970",2898635,"50 1 Creepy Nuts 1月 1, 1970 51 320 2,898,635"
2026-08-09,jp,Japan,top_artists_weekly,,51,https://yt3.googleusercontent.com/7qkC_FSg8hpMRHz-8Kn_meRqVrxUSG3EQtC760hwqcNtYF8KIRcgOQmjm_NyiEpclJIuwHncdp2K04bI=w64-h64-p,3 西野加奈,,"1月 1, 1970",2895900,"51 3 西野加奈 1月 1, 1970 48 429 2,895,900"
2026-08-09,jp,Japan,top_artists_weekly,,52,https://lh3.googleusercontent.com/YlR237gdsn9O8-NEfmS5v9qCGJaoI6NvRXjnvMQbpSQ1qGmV2Ynutl5x3ZDkL4sgzZBMKDis1Ds-Vvw=w64-h64-p,5 AKB48,,"1月 1, 1970",2860877,"52 5 AKB48 1月 1, 1970 47 515 2,860,877"
2026-08-09,jp,Japan,top_artists_weekly,,53,https://lh3.googleusercontent.com/4ULlRiFBFglNemZJyKn6_e2-iOIdJEbgBgq_79RQclndG6pge0yGgS2k2On6E1FkCJzenyHkHRzkvjFp=w64-h64-p,3 Justin Bieber,,"1月 1, 1970",2837553,"53 3 Justin Bieber 1月 1, 1970 56 515 2,837,553"
2026-08-09,jp,Japan,top_artists_weekly,,54,https://yt3.googleusercontent.com/VpHGL_Lj65iub3En8mKNtt4BVgqGWofyZLQ3dXo04el5K5tr_GsH9W8llLR6xf9KUTtubdiL5teiSV1K=w64-h64-p,1 色情塗鴉,,"1月 1, 1970",2809063,"54 1 色情塗鴉 1月 1, 1970 53 299 2,809,063"
2026-08-09,jp,Japan,top_artists_weekly,,55,https://yt3.googleusercontent.com/3TNVuwiCGnpg8ByfGSQOWZrIZc31PnRVeY4wIE4ltz6x9stcOTtD5goWljoB_NizSmqiMen0__gq1w=w64-h64-p,6 aiko,,"1月 1, 1970",2803094,"55 6 aiko 1月 1, 1970 61 342 2,803,094"
2026-08-09,jp,Japan,top_artists_weekly,,56,https://yt3.googleusercontent.com/5P52JimjY-etj0_A6MfEhlEv1ycxH_5G_6nsZTpRPIKF-2VUvXmT-lbjTVLfIVoN2bV1WoUQNThFKelN=w64-h64-p,2 MAZZEL,,"1月 1, 1970",2760647,"56 2 MAZZEL 1月 1, 1970 54 150 2,760,647"
2026-08-09,jp,Japan,top_artists_weekly,,57,https://lh3.googleusercontent.com/ybI1ZK2Ia-Lvf-yi9Iptm2mOSHmPA3EBxnOBwvn6khU-ajjtXyk3jai_2w-DOXkkeeKfet0sS03pcQ=w64-h64-p,2 IVE,,"1月 1, 1970",2722869,"57 2 IVE 1月 1, 1970 59 240 2,722,869"
2026-08-09,jp,Japan,top_artists_weekly,,58,https://yt3.googleusercontent.com/3ur2xZzy95uPBvzBZUucsrjgJofjip-ANr4NYDsFpRTlumfohiXnZ-ytdZexDdn9w2O1xZjHMINwRA=w64-h64-p,● 星街彗星,,"1月 1, 1970",2719394,"58 ● 星街彗星 1月 1, 1970 58 268 2,719,394"
2026-08-09,jp,Japan,top_artists_weekly,,59,https://yt3.googleusercontent.com/HCnuNnUDi2lo3UZ-nqhmjVCp3Az4KsnvCTB7OQkwmMdQR0Da-x1oHdVLRizN6_McI4RiGivPNQ=w64-h64-p,1 初星学園,,"1月 1, 1970",2701816,"59 1 初星学園 1月 1, 1970 60 114 2,701,816"
2026-08-09,jp,Japan,top_artists_weekly,,60,https://yt3.googleusercontent.com/ODIjwyh4gwGRyyrDepBPEsSvt8OmITJJHywLBmPzyxXQBb9DS16XPAVu2xSQqAwsugT14XAUbl2rLBVa=w64-h64-p,3 Eve,,"1月 1, 1970",2669434,"60 3 Eve 1月 1, 1970 57 468 2,669,434"
2026-08-09,jp,Japan,top_artists_weekly,,61,https://yt3.googleusercontent.com/2pzJVZ86FS_xM-AEtbuPTrvZWtA7ha0l4xzn7UQZGcGLxz6kXxofK5Tr5PSLnQeRExqQ7JEIgN-SfhPd=w64-h64-p,1 橘子新樂園,,"1月 1, 1970",2653736,"61 1 橘子新樂園 1月 1, 1970 62 286 2,653,736"
2026-08-09,jp,Japan,top_artists_weekly,,62,https://yt3.googleusercontent.com/bbHVBA0DAkZBUIGb2CRn2Y3-osMedJH3DAhYaEjw803_scG3sydS2YlxB0eMYIGuNGA-FXExKiDXxYRj=w64-h64-p,28 Hey! Say! JUMP,,"1月 1, 1970",2635019,"62 28 Hey! Say! JUMP 1月 1, 1970 90 320 2,635,019"
2026-08-09,jp,Japan,top_artists_weekly,,63,https://yt3.googleusercontent.com/oukFYplmy_TqCHx1LDqQ4y9lKc034zUtswBeEvuKvAf7ywtDCzF93_I4fQjw6gZtQmCwIVT0f4JH2zgl=w64-h64-p,1 GRe4N BOYZ,,"1月 1, 1970",2573541,"63 1 GRe4N BOYZ 1月 1, 1970 64 515 2,573,541"
2026-08-09,jp,Japan,top_artists_weekly,,64,https://yt3.googleusercontent.com/NDpIrqYyOEwNhYBXOYsye7cbAQPXugxvWaa93CG9bSdYUKgwDHGNyXzb6tdAowMKBB0CITXwwK-yUbVl=w64-h64-p,25 Juice=Juice,,"1月 1, 1970",2573136,"64 25 Juice=Juice 1月 1, 1970 89 70 2,573,136"
2026-08-09,jp,Japan,top_artists_weekly,,65,https://yt3.googleusercontent.com/fevpBaJ3Tfkjzw8Q0QLsnD1IDK6Lejkr2O7BZxoh9641EG_yYJqP1vnqP--NFlj8BukTQ6W_LeToWMUz=w64-h64-p,15 King & Prince,,"1月 1, 1970",2518925,"65 15 King & Prince 1月 1, 1970 50 296 2,518,925"
2026-08-09,jp,Japan,top_artists_weekly,,66,https://lh3.googleusercontent.com/Kgt8dACB22K0TQcz5FbCW0wppsrLWAq6-ZELNC4BbIDN8tVnXm9wtEmx8T9FZ4KVFGAZmAbOW4lxiQ=w64-h64-p,1 決明子,,"1月 1, 1970",2502771,"66 1 決明子 1月 1, 1970 65 511 2,502,771"
2026-08-09,jp,Japan,top_artists_weekly,,67,https://lh3.googleusercontent.com/oyyrgmsb8xOsXLT0dj8p_88BQUTHeDiKZzAvKBTLfMKDf4ZgdmwEF61UOEGandgRPAjBAfv5pJEjdBc=w64-h64-p,6 清水翔太,,"1月 1, 1970",2466101,"67 6 清水翔太 1月 1, 1970 73 444 2,466,101"
2026-08-09,jp,Japan,top_artists_weekly,,68,https://lh3.googleusercontent.com/hnefGBrazRhn4Z92bdSZBUENl40ONjRiVDsmZKZh-WZ2iCKE-2c7KKR7SNcZfzLHoRyB3E6as8L87YA=w64-h64-p,1 Bruno Mars,,"1月 1, 1970",2460084,"68 1 Bruno Mars 1月 1, 1970 67 512 2,460,084"
2026-08-09,jp,Japan,top_artists_weekly,,69,https://lh3.googleusercontent.com/OzwMmm1531kSitAC-1Jsfq4I93ZYu9klXe72LjF9_utYGVceobX5HzT31cJVUCT0dauFc6GNW5xYDMM=w64-h64-p,● 放浪兄弟,,"1月 1, 1970",2348386,"69 ● 放浪兄弟 1月 1, 1970 69 515 2,348,386"
2026-08-09,jp,Japan,top_artists_weekly,,70,https://yt3.googleusercontent.com/gxs1BLiEytlVHICd4elMBetHw8upUQQMD-kji2H25vtsWkqunHDwIka_pCZE4tqLJEgQuCa7O4ACGKOB=w64-h64-p,18 星野源 Gen Hoshino,,"1月 1, 1970",2337916,"70 18 星野源 Gen Hoshino 1月 1, 1970 88 515 2,337,916"
2026-08-09,jp,Japan,top_artists_weekly,,71,https://yt3.googleusercontent.com/vMBHnCiXRiVbicZd8N4UC7mqP8vuqrMVEgxSKlS4JNVh2RB68BU1a47Af6ak1J0jC3MelEvsfb5TyLY=w64-h64-p,EBiDAN Ebisu Gakuen Boys Club,,,,EBiDAN Ebisu Gakuen Boys Club
2026-08-09,jp,Japan,top_artists_weekly,,72,https://yt3.googleusercontent.com/7NhzXEoaIgr-0tYoab-gNZfF8zA8IbpTPt_buovH2Y78pc1L7IfKTq7tGU6zSk9EBJX0yKq7wp3jts8=w64-h64-p,9 Shakira,,"1月 1, 1970",2303049,"72 9 Shakira 1月 1, 1970 63 56 2,303,049"
2026-08-09,jp,Japan,top_artists_weekly,,73,https://yt3.googleusercontent.com/RrZswU7ZzXxLHoDmAqit5nRLm4wTiI6JE6TsbBteIUDSQ2zg9VaXgIfVecaKaYpm7N_y6AH_xril5_A=w64-h64-p,5 Naniwa Danshi,,"1月 1, 1970",2296205,"73 5 Naniwa Danshi 1月 1, 1970 68 254 2,296,205"
2026-08-09,jp,Japan,top_artists_weekly,,74,https://lh3.googleusercontent.com/clU1FS-0CYHVacxQpaBa27cH8vq-WgYtV4DIdW5WaLeS814DKZfV0HLSI16hLaw3qtNzQGf_kEPoXhA=w64-h64-p,1 超特急,,"1月 1, 1970",2289128,"74 1 超特急 1月 1, 1970 75 140 2,289,128"
2026-08-09,jp,Japan,top_artists_weekly,,75,https://yt3.googleusercontent.com/y8QIWhB18u-AKspLmI1B_gKMe0Q3pADSH2rpBPEzurfLhe1hi12lW7yRnewK71JgAVaV0TBkny7GCg=w64-h64-p,5 SUPER BEAVER,,"1月 1, 1970",2282556,"75 5 SUPER BEAVER 1月 1, 1970 70 288 2,282,556"
2026-08-09,jp,Japan,top_artists_weekly,,76,https://lh3.googleusercontent.com/2st0SodASJB-ffZuQwSTmbTHpBwm50ZyLGDOod1k7wFzRWwFY_LGkRzw-7_bu8ElMTaLhhru7riy1g=w64-h64-p,8 Saucy Dog,,"1月 1, 1970",2282409,"76 8 Saucy Dog 1月 1, 1970 84 288 2,282,409"
2026-08-09,jp,Japan,top_artists_weekly,,77,https://lh3.googleusercontent.com/l8WAJMXpC_FWfdXJbpDjndpmC5ZqXLsp0LB3d944wPnmu8w2J0ULUb1yPg247cjuRbMFbt988I-_7g=w64-h64-p,6 初音未來,,"1月 1, 1970",2245844,"77 6 初音未來 1月 1, 1970 83 328 2,245,844"
2026-08-09,jp,Japan,top_artists_weekly,,78,https://yt3.googleusercontent.com/yVcNQW4uRZJZufIUes4rNRjgIXS-zhe36ScDaEVMf67FRoLdMO6qk1QfYB7sJRdNc1ncp9kGtqVti6I=w64-h64-p,2 Aimer,,"1月 1, 1970",2241734,"78 2 Aimer 1月 1, 1970 80 500 2,241,734"
2026-08-09,jp,Japan,top_artists_weekly,,79,https://yt3.googleusercontent.com/K-LPPO85ngDVoz2xNSgQgyLS8zP58d1uDDi27WKawaSq-kR_NJtyS4YEu626otTdgt1DFenZoD2K5-M=w64-h64-p,7 tuki.,,"1月 1, 1970",2237409,"79 7 tuki. 1月 1, 1970 86 147 2,237,409"
2026-08-09,jp,Japan,top_artists_weekly,,80,https://lh3.googleusercontent.com/ZxAd98gwuac5Wg5a40DvhY2yozgvgcZ1RfZpSukW_-CDyrjP6RkInQZvh0U7HfW3dYCJu-0whsqzsoqP=w64-h64-p,9 永遠是深夜有多好。,,"1月 1, 1970",2227341,"80 9 永遠是深夜有多好。 1月 1, 1970 71 407 2,227,341"
2026-08-09,jp,Japan,top_artists_weekly,,81,https://lh3.googleusercontent.com/HYTQJR-8I1Esl5u0bSk90XIEg-XlPfSjJ4SQNKzF_gLMqKp2oy9FC1ER8yYAIGE9exbfeMlkQYrQorA=w64-h64-p,3 KinKi Kids,,"1月 1, 1970",2226355,"81 3 KinKi Kids 1月 1, 1970 78 240 2,226,355"
2026-08-09,jp,Japan,top_artists_weekly,,82,https://yt3.googleusercontent.com/jql1_3pYlqGA9W5vezxg9EeCmjOIDFeh4tjyWqS359ajMTZSyGeXIGxhdTmQ03D4pf4dCP7k-QP28Gc=w64-h64-p,5 椎名林檎,,"1月 1, 1970",2221576,"82 5 椎名林檎 1月 1, 1970 77 515 2,221,576"
2026-08-09,jp,Japan,top_artists_weekly,,83,https://lh3.googleusercontent.com/3T40TJNQtp93bsk_WcAveCLLEKuBHLKoyYVuS9Z505pnQncW3RetNBz0Wdb2Yc_aloHuLYpdegVY2wg=w64-h64-p,11 Rokudenashi,,"1月 1, 1970",2206323,"83 11 Rokudenashi 1月 1, 1970 72 237 2,206,323"
2026-08-09,jp,Japan,top_artists_weekly,,84,https://lh3.googleusercontent.com/rQOpztZCHP-ZYVuSRC008ssUaGWmPqc8kI7CbvU-CUvDO4vXIO4EMIwHuGU_YSZlqmEiVccTtUKh-_U=w64-h64-p,3 桑田佳祐,,"1月 1, 1970",2187847,"84 3 桑田佳祐 1月 1, 1970 81 362 2,187,847"
2026-08-09,jp,Japan,top_artists_weekly,,85,https://yt3.googleusercontent.com/vi5BFueuX-B2e6Q-SZdnnh-8bJ6bvY8-dWkaDIR-c_h-6OZRblLP9Uxubli3Fu7FhAlGTzMup3Pw4gs=w64-h64-p,● Uru,,"1月 1, 1970",2166479,"85 ● Uru 1月 1, 1970 85 353 2,166,479"
2026-08-09,jp,Japan,top_artists_weekly,,86,https://yt3.googleusercontent.com/TZeCl9q3Q_iWidkOPUGB8AMqXR3Xi4tDjJnZm7qRj_4laxrbPZJhbN-5nOvgsVFUYfS167Rw3BE=w64-h64-p,10 HoneyWorks,,"1月 1, 1970",2149112,"86 10 HoneyWorks 1月 1, 1970 76 515 2,149,112"
2026-08-09,jp,Japan,top_artists_weekly,,87,https://yt3.googleusercontent.com/cEvK_7K3TEywsBKUh6NuLNsRmkWpk6LSsp4-ZNIwYU9n4Gr8cGIXSz4HLVQjfS1gp0n8vWGVxL8REvh8=w64-h64-p,8 NOT EQUAL ME,,"1月 1, 1970",2144728,"87 8 NOT EQUAL ME 1月 1, 1970 79 137 2,144,728"
2026-08-09,jp,Japan,top_artists_weekly,,88,https://yt3.googleusercontent.com/qAnTtRhCiEeRsjQrw8kQLV8KQS7afKzg7WP9gYqomVCWebovPRg8aXJeABTRWGfKjVrUFHm_zDEjjqo=w64-h64-p,6 Novelbright,,"1月 1, 1970",2100910,"88 6 Novelbright 1月 1, 1970 82 298 2,100,910"
2026-08-09,jp,Japan,top_artists_weekly,,89,https://lh3.googleusercontent.com/9k1ddRWjrcNRpAhN3NB0aPl2Qm-quRNbth3AjKnuWCNuDq2ysUhq-IZ5FNgtjXvAIK7ktcGw8epiUnA=w64-h64-p,2 生物股長,,"1月 1, 1970",2059178,"89 2 生物股長 1月 1, 1970 91 372 2,059,178"
2026-08-09,jp,Japan,top_artists_weekly,,90,https://yt3.googleusercontent.com/ahanvzsO5q0DQGBI1WLXXyoXb-dqgX8tehQMLpd5-H2OSjYgeQPcUJoLT8Ol9iTvwOvW9oBcp4wpTlmF=w64-h64-p,90 ATEEZ,,"1月 1, 1970",2056060,"90 90 ATEEZ 1月 1, 1970 - 203 2,056,060"
2026-08-09,jp,Japan,top_artists_weekly,,91,https://lh3.googleusercontent.com/UlUm8vPVwz_5jjSkG9yu0h3Vu-HwHkvmORxYLM03oZmhqDRcrWlz1TlGsj918TtsBiYqP4b4Pu4CNzI=w64-h64-p,91 Lilas Ikuta,,"1月 1, 1970",2038958,"91 91 Lilas Ikuta 1月 1, 1970 - 282 2,038,958"
2026-08-09,jp,Japan,top_artists_weekly,,92,https://lh3.googleusercontent.com/Oz8Pz2OnOp90SwhhlRL8-J-htTO1VaYS80J3JffkMU-m_c9PbLqqYu9Yy0LZpAD_6E68MBZTiMB9ud5f=w64-h64-p,● 平井大,,"1月 1, 1970",1962678,"92 ● 平井大 1月 1, 1970 92 401 1,962,678"
2026-08-09,jp,Japan,top_artists_weekly,,93,https://yt3.googleusercontent.com/clwFNHaSR_HIJ87iSODiSkT135H8rFBWKLG3J5p6uModIApxycO3vYoRCsGOANbZcbPf51ljpGc8mKw=w64-h64-p,93 KomeAnime,,"1月 1, 1970",1959179,"93 93 KomeAnime 1月 1, 1970 - 5 1,959,179"
2026-08-09,jp,Japan,top_artists_weekly,,94,https://yt3.googleusercontent.com/BAUKWKHaiodj9-g5PMfZ3YprFT_0ctNxiUssXot7Ucx8QTAQxI_iiaSt_mGS0hjy31XhEmgLq8mB3VWk=w64-h64-p,1 Orangestar,,"1月 1, 1970",1938715,"94 1 Orangestar 1月 1, 1970 93 434 1,938,715"
2026-08-09,jp,Japan,top_artists_weekly,,95,https://lh3.googleusercontent.com/CTmvZP5MFKeonMBaTRDq4gkl8iFdFUQywFRrry92mOW0pZkPHVgCimpH_SmuCHrdabEiJ9SAPgBhV7E6=w64-h64-p,29 中森明菜,,"1月 1, 1970",1902103,"95 29 中森明菜 1月 1, 1970 66 303 1,902,103"
2026-08-09,jp,Japan,top_artists_weekly,,96,https://lh3.googleusercontent.com/oCuXvMQhT2pSw_kh9mJ_7m9fUi83S1yK2uvdtcGdQaTzLsyc5POOyLAJeyLmKU3hLMSRI8X15cwdzlQ=w64-h64-p,● NiziU,,"1月 1, 1970",1897695,"96 ● NiziU 1月 1, 1970 96 318 1,897,695"
2026-08-09,jp,Japan,top_artists_weekly,,97,https://lh3.googleusercontent.com/BRRildqotq_VSCj8pu9ZY283bnPar2qKMrGTsulASYINjJ4Z0mJMQYm0k1tIOeQKJYdJrZNbfN_DXg=w64-h64-p,97 NewJeans,,"1月 1, 1970",1875783,"97 97 NewJeans 1月 1, 1970 - 210 1,875,783"
2026-08-09,jp,Japan,top_artists_weekly,,98,https://lh3.googleusercontent.com/95M4eaWtjjxSu5aS0BCk91t2DxQCoUcuhFp5ese4OMF3OqBibb3h9fYq1dHCWPsmXY3S4ZmlEZowtOo=w64-h64-p,98 Iyowa,,"1月 1, 1970",1872136,"98 98 Iyowa 1月 1, 1970 - 235 1,872,136"
2026-08-09,jp,Japan,top_artists_weekly,,99,https://yt3.googleusercontent.com/DU6Kpr5TYKcW6QHvMnsJau5_8QSuix8LCLtf5UEaziZZdXw8SxvcxJ9YWmVIQuzhg2R-MVHYgjdGCQ=w64-h64-p,99 Ariana Grande,,"1月 1, 1970",1871382,"99 99 Ariana Grande 1月 1, 1970 - 515 1,871,382"
2026-08-09,jp,Japan,top_artists_weekly,,100,https://lh3.googleusercontent.com/7ay6DhFyPuO7meT2xGG0bCfOIgcLNbw_EgrQ_Ulj8MabXCwF4r5izHm4J8KP74EDGFjT5uVFmx0hqjiQ=w64-h64-p,5 LANA,,"1月 1, 1970",1870363,"100 5 LANA 1月 1, 1970 95 181 1,870,363"
2026-08-09,kr,South Korea,top_artists_weekly,,1,https://yt3.googleusercontent.com/FZA-rWIvn9keS8iE50HqS4SIMpSRBkcht4r2Cp_gw1qndscJfo_X8qbcwEETVdlMLQoQWlkC6A=w64-h64-p,● RESCENE,,"1月 1, 1970",12973482,"1 ● RESCENE 1月 1, 1970 1 39 12,973,482"
2026-08-09,kr,South Korea,top_artists_weekly,,2,https://yt3.googleusercontent.com/b0ax28GgBEO8PaHOrZi0ANGfOk1geSb68048rw1As2UACUHczUYKkotWabwMAGoX2C8DL9MC9Flpgw=w64-h64-p,● aespa,,"1月 1, 1970",11212018,"2 ● aespa 1月 1, 1970 2 298 11,212,018"
2026-08-09,kr,South Korea,top_artists_weekly,,3,https://yt3.googleusercontent.com/5GYeWpGUtgi8tPkwqV_Nnq9ZiE6PhSCoRSrfpK1CIdfZkndV5fLHZ-c2g9rAGfdQ6bV81Wvlc8UMjw=w64-h64-p,● ILLIT,,"1月 1, 1970",6787392,"3 ● ILLIT 1月 1, 1970 3 123 6,787,392"
2026-08-09,kr,South Korea,top_artists_weekly,,4,https://lh3.googleusercontent.com/8rsLpP6VJjt-yTN8ZG5rY-qt2aCC-IYMWmVkk7qa8c5vrjO6zetKSgwO2QknHI3FtWl6Zannp2VsQ5o=w64-h64-p,4 防彈少年團,,"1月 1, 1970",6534797,"4 4 防彈少年團 1月 1, 1970 8 515 6,534,797"
2026-08-09,kr,South Korea,top_artists_weekly,,5,https://lh3.googleusercontent.com/d3Vx3Ctc5Nt_6JciO_C4QxvtzfDXUhHj79moNiub60J8-UnZbGY-uE22SHdeZ70aBHLigGbmXoyFNYFr=w64-h64-p,● BIGBANG,,"1月 1, 1970",6486369,"5 ● BIGBANG 1月 1, 1970 5 515 6,486,369"
2026-08-09,kr,South Korea,top_artists_weekly,,6,https://lh3.googleusercontent.com/UTc_vQA3kN_77riTCkXrtKi4YCPyaApJMjZhnJbyeYghfEvZMIG2wv3eTcOFtSy3FvNnnbsoCQGtyw=w64-h64-p,2 IU,,"1月 1, 1970",6359309,"6 2 IU 1月 1, 1970 4 515 6,359,309"
2026-08-09,kr,South Korea,top_artists_weekly,,7,https://lh3.googleusercontent.com/tJDrURMn2saI3UzL-Vjm_HvjO2v-bwgOjxxvu64iLDcjwmIS3LPj0Mmr3spfnvakffODXwmARvizpHc=w64-h64-p,● DAY6,,"1月 1, 1970",6056230,"7 ● DAY6 1月 1, 1970 7 356 6,056,230"
2026-08-09,kr,South Korea,top_artists_weekly,,8,https://yt3.googleusercontent.com/SgUTzppQKrt5yd9GvEpht10nYItnoc4lK9Dkey7RTiv7Mwn6GyPws2XAMZBKCoGFts61E8qWspw04Tc=w64-h64-p,18 臉紅的思春期,,"1月 1, 1970",5910549,"8 18 臉紅的思春期 1月 1, 1970 26 515 5,910,549"
2026-08-09,kr,South Korea,top_artists_weekly,,9,https://lh3.googleusercontent.com/BKgJ2Qcko6lgLsnvB-URUnK2bgQ682OoJd7Dpa0829XrmIC40zfsFm74vNdmyaMBx8xUt-MHFwDIUUC9=w64-h64-p,45 Jennie,,"1月 1, 1970",5899902,"9 45 Jennie 1月 1, 1970 54 194 5,899,902"
2026-08-09,kr,South Korea,top_artists_weekly,,10,https://yt3.googleusercontent.com/vvorNXsPToMlGPfVGHCqSweVlocpaXz1A7RuPvH9VsjYBkNY7KiUoxHIY70-h83cxgNaebx1jK2hTw=w64-h64-p,4 HANRORO,,"1月 1, 1970",5755622,"10 4 HANRORO 1月 1, 1970 6 80 5,755,622"
2026-08-09,kr,South Korea,top_artists_weekly,,11,https://yt3.googleusercontent.com/5ZgLGLcyMcxpukInl4_-ipWzakXUE-vFQyMfTYA-X9iJ4k3GpYG_9hyozUo1jOjPVgcVQfyfIuyI9A=w64-h64-p,5 fromis_9,,"1月 1, 1970",5519578,"11 5 fromis_9 1月 1, 1970 16 317 5,519,578"
2026-08-09,kr,South Korea,top_artists_weekly,,12,https://lh3.googleusercontent.com/BRRildqotq_VSCj8pu9ZY283bnPar2qKMrGTsulASYINjJ4Z0mJMQYm0k1tIOeQKJYdJrZNbfN_DXg=w64-h64-p,3 NewJeans,,"1月 1, 1970",5503598,"12 3 NewJeans 1月 1, 1970 15 210 5,503,598"
2026-08-09,kr,South Korea,top_artists_weekly,,13,https://lh3.googleusercontent.com/ybI1ZK2Ia-Lvf-yi9Iptm2mOSHmPA3EBxnOBwvn6khU-ajjtXyk3jai_2w-DOXkkeeKfet0sS03pcQ=w64-h64-p,2 IVE,,"1月 1, 1970",5376166,"13 2 IVE 1月 1, 1970 11 241 5,376,166"
2026-08-09,kr,South Korea,top_artists_weekly,,14,https://yt3.googleusercontent.com/FDpwAfFsiJkf5kXfe6BwaNPprL8DbJKJlSWqrgNJwRI7Im9pi8o4ykZPKVaw6iPtA92HL7N2LIGGQHi-=w64-h64-p,2 Hearts2Hearts,,"1月 1, 1970",5326563,"14 2 Hearts2Hearts 1月 1, 1970 12 75 5,326,563"
2026-08-09,kr,South Korea,top_artists_weekly,,15,https://lh3.googleusercontent.com/vlrd9k5iT95pwSogX1j_leI6PjzKb3MBFdBjXG7yRuTH8E1zXQiXxcAC3Tt3eLuh1v4Y8OdA41l3mQ=w64-h64-p,5 太妍,,"1月 1, 1970",5322635,"15 5 太妍 1月 1, 1970 10 515 5,322,635"
2026-08-09,kr,South Korea,top_artists_weekly,,16,https://yt3.googleusercontent.com/TNnFci23QIBlM-ERYk2Cdq8NYGTisa5Lb1BdZ1FrWhyKITYn8WaBnmCzT6_BXnjbJOTRGLjlP170Q9A=w64-h64-p,3 樂童音樂家,,"1月 1, 1970",5195567,"16 3 樂童音樂家 1月 1, 1970 13 515 5,195,567"
2026-08-09,kr,South Korea,top_artists_weekly,,17,https://yt3.googleusercontent.com/2IbO6drTOO1y5I4tDPqS5nafZmV0Z54g0YxU32RnLjc0vvYlzH1-c522X0c784WaR9hs9YIDr9yhHKfT=w64-h64-p,8 CORTIS,,"1月 1, 1970",5171208,"17 8 CORTIS 1月 1, 1970 9 47 5,171,208"
2026-08-09,kr,South Korea,top_artists_weekly,,18,https://yt3.googleusercontent.com/odS1Noa7WakAy6iYIsLBWc3JKCiopzbkiVEMG5Ynfo_Nu20RpVmK0L7A-cdwauzsoFvn-IMACMXE6kU=w64-h64-p,1 PSY,,"1月 1, 1970",4909821,"18 1 PSY 1月 1, 1970 17 515 4,909,821"
2026-08-09,kr,South Korea,top_artists_weekly,,19,https://yt3.googleusercontent.com/rvoJpoc0bOs8cIpf3Lcf7zB8aPZpMbGtrTduAb2o7RI6ADokPbgR64iMA5P7dwu6LLDgg6HCz_hEww=w64-h64-p,5 米津玄師,,"1月 1, 1970",4808826,"19 5 米津玄師 1月 1, 1970 14 427 4,808,826"
2026-08-09,kr,South Korea,top_artists_weekly,,20,https://yt3.googleusercontent.com/DNdac479H6iBV62hjTI1Wl4CaHy5y1L0YeIYDbnhUVQ-MN84hM0d9_40tJ9yRx9hKTUdvIAZ0zizWiA=w64-h64-p,2 LE SSERAFIM,,"1月 1, 1970",4579758,"20 2 LE SSERAFIM 1月 1, 1970 18 221 4,579,758"
2026-08-09,kr,South Korea,top_artists_weekly,,21,https://lh3.googleusercontent.com/2RpXz3tojay8L0VQzD17iK_DC27y8zTDRwNvvfoPyluOAPX_kSJ2XoH55bPvWeodWEctj7_VCtmSodw=w64-h64-p,2 Choi Yu Ree,,"1月 1, 1970",4551493,"21 2 Choi Yu Ree 1月 1, 1970 19 203 4,551,493"
2026-08-09,kr,South Korea,top_artists_weekly,,22,https://yt3.googleusercontent.com/ahanvzsO5q0DQGBI1WLXXyoXb-dqgX8tehQMLpd5-H2OSjYgeQPcUJoLT8Ol9iTvwOvW9oBcp4wpTlmF=w64-h64-p,1 ATEEZ,,"1月 1, 1970",4521577,"22 1 ATEEZ 1月 1, 1970 21 186 4,521,577"
2026-08-09,kr,South Korea,top_artists_weekly,,23,https://lh3.googleusercontent.com/0Q1iP7daiaFHnZLaDYg0JcjBB2zhkGwpLQCTg896kquelzl0JheKtumb3a78cv137dVnjlXnmS7Vbi8=w64-h64-p,3 Davichi,,"1月 1, 1970",4388126,"23 3 Davichi 1月 1, 1970 20 515 4,388,126"
2026-08-09,kr,South Korea,top_artists_weekly,,24,https://yt3.googleusercontent.com/uOWGS551z_yJOQXy0TwLufmGfI3ZElTjah_GNAP5cKQJrYDMzMGcu6qjy7_LWTj0-Uw3RXnKxFvADRw=w64-h64-p,1 Roy Kim,,"1月 1, 1970",4144985,"24 1 Roy Kim 1月 1, 1970 25 392 4,144,985"
2026-08-09,kr,South Korea,top_artists_weekly,,25,https://lh3.googleusercontent.com/QV3eiQ6OrS4on7zqtZH-zFE-EWedlR2cZ_SfVf11EuWLCnoMH2V0upKyo3nyjWUsxkKRlczvP0qbi5k=w64-h64-p,2 任英雄,,"1月 1, 1970",4081228,"25 2 任英雄 1月 1, 1970 23 339 4,081,228"
2026-08-09,kr,South Korea,top_artists_weekly,,26,https://lh3.googleusercontent.com/pvJ1n3OBNXcz80KquAr-BY3ZRpp4Vfv8IHBk1SHBkJPF6eGhYJqaO3H5meVIQwb-BTOv0VsckNtPow=w64-h64-p,1 BLACKPINK,,"1月 1, 1970",4081041,"26 1 BLACKPINK 1月 1, 1970 27 515 4,081,041"
2026-08-09,kr,South Korea,top_artists_weekly,,27,https://lh3.googleusercontent.com/4ULlRiFBFglNemZJyKn6_e2-iOIdJEbgBgq_79RQclndG6pge0yGgS2k2On6E1FkCJzenyHkHRzkvjFp=w64-h64-p,3 Justin Bieber,,"1月 1, 1970",4036482,"27 3 Justin Bieber 1月 1, 1970 24 467 4,036,482"
2026-08-09,kr,South Korea,top_artists_weekly,,28,https://lh3.googleusercontent.com/tR8TIRW1vKuRvCe1NhJCRuqcRIkkn5rsO4-5Zbu3YCMlGI9WxcwkIihkyG5iEST_g6kU3_CAKe_AtX7g=w64-h64-p,6 成始璄,,"1月 1, 1970",4000760,"28 6 成始璄 1月 1, 1970 22 420 4,000,760"
2026-08-09,kr,South Korea,top_artists_weekly,,29,https://yt3.googleusercontent.com/xnSfx4u7jPLYakQpgcxduZyIiNEHgMgQDijA1hkYsorkD54rjLJS_jcnHHjypRK4rwxaAfZ_kO9bpZw=w64-h64-p,● NMIXX,,"1月 1, 1970",3502671,"29 ● NMIXX 1月 1, 1970 29 232 3,502,671"
2026-08-09,kr,South Korea,top_artists_weekly,,30,https://yt3.googleusercontent.com/y84Odvyhm7srfLjYI4hqsC1QhD0lg_t4pINDQYo-Avqt5P4vSWdfoiVQAw9pyLRZM7xRbsukt_L4HSI=w64-h64-p,4 조선힙합,,"1月 1, 1970",3487776,"30 4 조선힙합 1月 1, 1970 34 13 3,487,776"
2026-08-09,kr,South Korea,top_artists_weekly,,31,https://lh3.googleusercontent.com/wDx5-7NMG4rQSD8j5MEBcUnZmYvCxbs1cA7CnsW32Ljegc9f0WnSo-jD_6I1FSCU0RPBf47xGdyiXIU=w64-h64-p,2 Leellamarz,,"1月 1, 1970",3462352,"31 2 Leellamarz 1月 1, 1970 33 370 3,462,352"
2026-08-09,kr,South Korea,top_artists_weekly,,32,https://yt3.ggpht.com/ytc/AIdro_mdUqminP1Y1IUB-D17KRzsGK-AAfkggI9Z0qIX8pEwyQ=w64-h64-p,1 MC夢,,"1月 1, 1970",3335998,"32 1 MC夢 1月 1, 1970 31 368 3,335,998"
2026-08-09,kr,South Korea,top_artists_weekly,,33,https://lh3.googleusercontent.com/VAc3fPHGLP7MurNQcQotyZFFWrG45cDzmqVymK3asHOC4K17aQWdRhHq7DUD-B0Bv2LiXYqpL97RkBU=w64-h64-p,5 Epik High,,"1月 1, 1970",3326719,"33 5 Epik High 1月 1, 1970 28 427 3,326,719"
2026-08-09,kr,South Korea,top_artists_weekly,,34,https://lh3.googleusercontent.com/QF5_9GNj1eOdWzO2V9b26JhoLwNDG0PwOlbOdHlcyUHUAoSjRBrzHxodlLj6O-cj6mKLYN6tjRfZ6A=w64-h64-p,3 G,Dragon,"1月 1, 1970",3200178,"34 3 G-Dragon 1月 1, 1970 37 468 3,200,178"
2026-08-09,kr,South Korea,top_artists_weekly,,35,https://lh3.googleusercontent.com/lWalclWLirqnwIhMIMFP4j2E2TDZsDDD_McBXQiIvryxfhTWzHhlCR07QEaDzvZHXlLT07i2VCYh6aU=w64-h64-p,4 TWICE,,"1月 1, 1970",3157442,"35 4 TWICE 1月 1, 1970 39 515 3,157,442"
2026-08-09,kr,South Korea,top_artists_weekly,,36,https://yt3.googleusercontent.com/beJAMRm4Fei9DIYc0_Fnyg8zTRHf122p5xmKRd18Bsl0B_usth9jw31aW0JVtdJbmM6nfCgv64nvs9Y=w64-h64-p,1 Official髭男dism,,"1月 1, 1970",3137707,"36 1 Official髭男dism 1月 1, 1970 35 286 3,137,707"
2026-08-09,kr,South Korea,top_artists_weekly,,37,https://lh3.googleusercontent.com/AEO71FV1VZcoldVni1KJu6EH5mDis7vhqIC85FHJhAIkHeXJU_ZDUzmvW_4kCOLnLjGRpwqCRL8BOtg=w64-h64-p,"5 Car, the garden",,"1月 1, 1970",3034504,"37 5 Car, the garden 1月 1, 1970 32 289 3,034,504"
2026-08-09,kr,South Korea,top_artists_weekly,,38,https://yt3.googleusercontent.com/qRYmWa5dzOlRoD8_uHIhsrAmwk8N9QiO7S_Rg3H4YyemB3oN3661_3en_7q9eJ8gvuoZAR9v0iFX8HW1=w64-h64-p,● BABYMONSTER,,"1月 1, 1970",2946098,"38 ● BABYMONSTER 1月 1, 1970 38 142 2,946,098"
2026-08-09,kr,South Korea,top_artists_weekly,,39,https://lh3.googleusercontent.com/liO8Xten5F4JnAV-nlPIoQ-i9kEBDftfy1glTb9VOGbnU-aTkq3Lm7f60d0dJUPafVONnKjUePN9MlSi=w64-h64-p,5 許閣,,"1月 1, 1970",2935629,"39 5 許閣 1月 1, 1970 44 413 2,935,629"
2026-08-09,kr,South Korea,top_artists_weekly,,40,https://lh3.googleusercontent.com/DwgTrAJOIrJ87SSPLTixftV_xG4ZXgerAxxX9-ipiJV9nNg7ySVq00Tebt7_cJt_1ThdeHddsi3j8w=w64-h64-p,4 高潤荷,,"1月 1, 1970",2921297,"40 4 高潤荷 1月 1, 1970 36 337 2,921,297"
2026-08-09,kr,South Korea,top_artists_weekly,,41,https://yt3.googleusercontent.com/0dL9FuQBubtYMwvWl_9iwpQajGiePSSzyLiSAeiZWQ7424Apiw_5AVgA79wASJSDH1BUzPQb6_UNsAue=w64-h64-p,1 M.C THE MAX,,"1月 1, 1970",2905451,"41 1 M.C THE MAX 1月 1, 1970 42 515 2,905,451"
2026-08-09,kr,South Korea,top_artists_weekly,,42,https://yt3.googleusercontent.com/smNHVIyENqUJFQZsl3kExsAdLNCECAn-hm8htXDNM44hIqJscoZrAPn7Xba0pC7-_uRf9aDvXtKTslnw=w64-h64-p,1 이무진,,"1月 1, 1970",2890828,"42 1 이무진 1月 1, 1970 41 272 2,890,828"
2026-08-09,kr,South Korea,top_artists_weekly,,43,https://lh3.googleusercontent.com/RMmBWRZHMmmqdcqaXRT7-5LfS_JY1qTw_a54TxhFC2b1mWmAPqq1hTHYYtO23YoXqu6l-StTyaEbR1Vi=w64-h64-p,● WOODZ,,"1月 1, 1970",2750296,"43 ● WOODZ 1月 1, 1970 43 156 2,750,296"
2026-08-09,kr,South Korea,top_artists_weekly,,44,https://yt3.googleusercontent.com/yUNsawVxcmhpm8rvZ-ALjXzgWVcpcKzlsNy8im2GcV5WgYzb1SmL9fd0Yx5tJmQc4bxl5CQzg5vk3g=w64-h64-p,2 黑裙子,,"1月 1, 1970",2743722,"44 2 黑裙子 1月 1, 1970 46 286 2,743,722"
2026-08-09,kr,South Korea,top_artists_weekly,,45,https://lh3.googleusercontent.com/7h053aPNRHHjjer6SV22QM96AJjY6ckPXFz_UzGUIZEHl7jYIPcxfvirmN2KJDwCfG0XQS37-JJq-Lc=w64-h64-p,2 N.Flying,,"1月 1, 1970",2718013,"45 2 N.Flying 1月 1, 1970 47 337 2,718,013"
2026-08-09,kr,South Korea,top_artists_weekly,,46,https://yt3.googleusercontent.com/eE4NdQKYk3IWpJVDjIR22kIoP45S8z_sl_QXLdZr850GojWzTc6ue3uWmHZ-YI4vEMzX_PDzbprVcA=w64-h64-p,6 I.O.I,,"1月 1, 1970",2698259,"46 6 I.O.I 1月 1, 1970 40 132 2,698,259"
2026-08-09,kr,South Korea,top_artists_weekly,,47,https://yt3.googleusercontent.com/ZRDHKHee7nFOnQsUBcpgWxVkcpC3eQJVkpd36L36hFkStsmWS9noVtyjnEoKiPSfUSU1NCXtb4pRDvW6=w64-h64-p,5 BIG Naughty,,"1月 1, 1970",2681353,"47 5 BIG Naughty 1月 1, 1970 52 284 2,681,353"
2026-08-09,kr,South Korea,top_artists_weekly,,48,https://yt3.googleusercontent.com/ufS1qifPTVxSR1_xBz6F75iymu07Qdgplp0Qp3uJBWZuSrpgP6GWFkog-99E8bvH6o5xAmnzzNENskFZ=w64-h64-p,1 YORUSHIKA,,"1月 1, 1970",2632253,"48 1 YORUSHIKA 1月 1, 1970 49 330 2,632,253"
2026-08-09,kr,South Korea,top_artists_weekly,,49,https://yt3.googleusercontent.com/JSr1fuJqoaRVL7_93SuqdZlVGZI0XjyNNIXEnZgkt7ZfWANDb6RF_B5A_Gusviz6h6yCJ24_62cuIKc=w64-h64-p,9 朴彩英,,"1月 1, 1970",2610605,"49 9 朴彩英 1月 1, 1970 58 156 2,610,605"
2026-08-09,kr,South Korea,top_artists_weekly,,50,https://yt3.googleusercontent.com/22FOVr8D5Kq9y2l2sUDKW5X5s0W_axG7_sDhQVzxDGEXBMNjhwzvhs10BI3UoA1focajEeTPqZ2jNW9D=w64-h64-p,3 Stray Kids,,"1月 1, 1970",2608513,"50 3 Stray Kids 1月 1, 1970 53 295 2,608,513"
2026-08-09,kr,South Korea,top_artists_weekly,,51,https://yt3.googleusercontent.com/Z5sqVB4KSb_1F-MFVBUQ4Y153k-XVNeUmX-DHMhbVctrx4vKM8jZ7SLTsz8Yv1mMODcj6D3I_0qG6j5V=w64-h64-p,10 Red Velvet,,"1月 1, 1970",2587920,"51 10 Red Velvet 1月 1, 1970 61 515 2,587,920"
2026-08-09,kr,South Korea,top_artists_weekly,,52,https://yt3.googleusercontent.com/yFyXnT-mFmZ9VSn7ntUFF6A1-vcYblcwvLd3QghQkwjroWeHdY31z4KkM4to186YkWo-VlfSHt2YwfE=w64-h64-p,7 (G)I,DLE,"1月 1, 1970",2582414,"52 7 (G)I-DLE 1月 1, 1970 45 422 2,582,414"
2026-08-09,kr,South Korea,top_artists_weekly,,53,https://lh3.googleusercontent.com/hnefGBrazRhn4Z92bdSZBUENl40ONjRiVDsmZKZh-WZ2iCKE-2c7KKR7SNcZfzLHoRyB3E6as8L87YA=w64-h64-p,3 Bruno Mars,,"1月 1, 1970",2569858,"53 3 Bruno Mars 1月 1, 1970 50 486 2,569,858"
2026-08-09,kr,South Korea,top_artists_weekly,,54,https://yt3.googleusercontent.com/HhewRwaNXMj-O1EAQNnVXER1TeEc464OcpKh1gBwz4g056ikEqvvLQkRVIfm8UcXJZXO66IhNr2qGNA=w64-h64-p,Mrs. GREEN APPLE,,,,Mrs. GREEN APPLE
2026-08-09,kr,South Korea,top_artists_weekly,,55,https://yt3.googleusercontent.com/K-LPPO85ngDVoz2xNSgQgyLS8zP58d1uDDi27WKawaSq-kR_NJtyS4YEu626otTdgt1DFenZoD2K5-M=w64-h64-p,5 tuki.,,"1月 1, 1970",2500123,"55 5 tuki. 1月 1, 1970 60 126 2,500,123"
2026-08-09,kr,South Korea,top_artists_weekly,,56,https://lh3.googleusercontent.com/7jtoYQ7CnV54IsLiKfp_of67XVPM459l6bHhZxUjNhaHyY1SvH4Hk_Fx5AlT5UOAeQXCrdZ13-Ofog=w64-h64-p,5 Heize,,"1月 1, 1970",2469157,"56 5 Heize 1月 1, 1970 51 513 2,469,157"
2026-08-09,kr,South Korea,top_artists_weekly,,57,https://lh3.googleusercontent.com/WWqbec4-LeFuLEkcOb0w4ApPgzW48pnIvPzsC2m96fHhV_M-UCPGmlFPUvq6fEVyTfzd9fLfqrPZniw=w64-h64-p,11 Crush,,"1月 1, 1970",2442009,"57 11 Crush 1月 1, 1970 68 488 2,442,009"
2026-08-09,kr,South Korea,top_artists_weekly,,58,https://yt3.googleusercontent.com/cLyvgxM4YQ28cQfQAxgBfxYmHey7CfZZ2KyPv15GhTxVIsE09YTwVlDOxQdJE_FEruFveuOI4lUcjA=w64-h64-p,28 HWASA,,"1月 1, 1970",2421973,"58 28 HWASA 1月 1, 1970 30 241 2,421,973"
2026-08-09,kr,South Korea,top_artists_weekly,,59,https://yt3.googleusercontent.com/WqU2rnUBkvpQfwqoV_5LHk3s25BpGZEnQ1c55cUdh7Dg3lXLcUT7RIhWCKqIHnM8yUa8bZsAfgD0JA=w64-h64-p,4 10cm,,"1月 1, 1970",2421610,"59 4 10cm 1月 1, 1970 55 105 2,421,610"
2026-08-09,kr,South Korea,top_artists_weekly,,60,https://lh3.googleusercontent.com/BQSdbipvaIB-nrez2UErTO2VsDN5yt5FZpj21RsuwT_GqsKNtbF9SkIkcyrgdWwXXxUT2F4AlUPit6Iu=w64-h64-p,1 Jannabi,,"1月 1, 1970",2408953,"60 1 Jannabi 1月 1, 1970 59 384 2,408,953"
2026-08-09,kr,South Korea,top_artists_weekly,,61,https://lh3.googleusercontent.com/bxh433ccuxG17gBwLQNW-AEYlPE6cP2tZzyXigxFZabPwiZ71hgjpz7-GqECTG5k_Nu0lY-mvYe0OQ=w64-h64-p,8 Haon,,"1月 1, 1970",2373386,"61 8 Haon 1月 1, 1970 69 279 2,373,386"
2026-08-09,kr,South Korea,top_artists_weekly,,62,https://lh3.googleusercontent.com/5i_H4S_ZAw1A1qVNwXt6Gkl7mHoYe5AJi3gmZk2jeU9h92wTQeYtSrYA7TP_yAZjWf9Hg5y1hDsahfw=w64-h64-p,● Changmo,,"1月 1, 1970",2369855,"62 ● Changmo 1月 1, 1970 62 476 2,369,855"
2026-08-09,kr,South Korea,top_artists_weekly,,63,https://lh3.googleusercontent.com/9fiAS65PN6QanYAMlaRCuI5F7HjnwBBtZ6l0wIyhojdOarL0s6TK8as3ChwjTIFKjB5BQRr0YLSFcs4=w64-h64-p,1 Seventeen,,"1月 1, 1970",2340649,"63 1 Seventeen 1月 1, 1970 64 515 2,340,649"
2026-08-09,kr,South Korea,top_artists_weekly,,64,https://yt3.googleusercontent.com/iYirgBJ2Y2j_F4YsO36tQvaMq_U8vNu7OEZrtw7nkQf1F2EpebfhflhXRfCEudebe3OTve13ZMZwYLU=w64-h64-p,7 BOYNEXTDOOR,,"1月 1, 1970",2339304,"64 7 BOYNEXTDOOR 1月 1, 1970 57 135 2,339,304"
2026-08-09,kr,South Korea,top_artists_weekly,,65,https://lh3.googleusercontent.com/sWTAXhCq8-ssAt4dphR6i2BYzW-7yQKF7XYNpnB23nw0rScB8QT8W9OoREdXTTbp8czYq6MYkSq9aw=w64-h64-p,● Sik,K,"1月 1, 1970",2320956,"65 ● Sik-K 1月 1, 1970 65 429 2,320,956"
2026-08-09,kr,South Korea,top_artists_weekly,,66,https://yt3.googleusercontent.com/os2FMvkCsKKDjxdPVkFLJaJvm5hs4r5ABlsjFZf6hwPDTP-_0EMzTLbmaOkLViojBx0yyFgSPLinhkg=w64-h64-p,10 QWER,,"1月 1, 1970",2298721,"66 10 QWER 1月 1, 1970 56 144 2,298,721"
2026-08-09,kr,South Korea,top_artists_weekly,,67,https://lh3.googleusercontent.com/qrdSZHnxPWK_NUgffpW7suaA9u4SFmt9-5wJFEQMckEfovLoIG36q6-yjNY9QbqWZGDOzVd5Fcy-Qg=w64-h64-p,● ASH ISLAND,,"1月 1, 1970",2280811,"67 ● ASH ISLAND 1月 1, 1970 67 369 2,280,811"
2026-08-09,kr,South Korea,top_artists_weekly,,68,https://lh3.googleusercontent.com/CQsRy1zh3g9OO8FKdo-6eywznYfzuabV5rWmRpcY9tLphiCDsMzcTMSB_SlhqKGhno0b1MlQ0TxU-VUv=w64-h64-p,5 YENA,,"1月 1, 1970",2248616,"68 5 YENA 1月 1, 1970 63 225 2,248,616"
2026-08-09,kr,South Korea,top_artists_weekly,,69,https://yt3.googleusercontent.com/HOkzlltEM6LdwpElZKoUibPIDrWFZkjy5tTV2o6TOCaYaSIpUDCYugIkABeK87B5QkDuUWdCg9_lcF0=w64-h64-p,69 Young K,,"1月 1, 1970",2236333,"69 69 Young K 1月 1, 1970 - 70 2,236,333"
2026-08-09,kr,South Korea,top_artists_weekly,,70,https://yt3.googleusercontent.com/kpqGubLM6PZ27VMIkDsYsOQ7jD-RtW9Fiaom6WM-9Klww17WQOfxBVPhLV289HvXskXDwgJi30biO2g=w64-h64-p,4 Monday Kiz,,"1月 1, 1970",2227570,"70 4 Monday Kiz 1月 1, 1970 66 376 2,227,570"
2026-08-09,kr,South Korea,top_artists_weekly,,71,https://lh3.googleusercontent.com/j-EHja6RVaZb09V_6W-T_wNg2FweDAC-Tau25rGIRetUOYEakNPOk-hiKZZglG_EvnHcj7sYVZnhCUg=w64-h64-p,● TOIL,,"1月 1, 1970",2204231,"71 ● TOIL 1月 1, 1970 71 286 2,204,231"
2026-08-09,kr,South Korea,top_artists_weekly,,72,https://yt3.googleusercontent.com/DU6Kpr5TYKcW6QHvMnsJau5_8QSuix8LCLtf5UEaziZZdXw8SxvcxJ9YWmVIQuzhg2R-MVHYgjdGCQ=w64-h64-p,1 Ariana Grande,,"1月 1, 1970",2191127,"72 1 Ariana Grande 1月 1, 1970 73 515 2,191,127"
2026-08-09,kr,South Korea,top_artists_weekly,,73,https://lh3.googleusercontent.com/KMGExuOMfcfWt1zjU6gwYEM_YdDF_eFw0ZrTyMLRUaD_m-MQ-cYvOD5fHsLDKeSU3G1KrDWwDqWqDQ=w64-h64-p,2 T,ara,"1月 1, 1970",2183905,"73 2 T-ara 1月 1, 1970 75 60 2,183,905"
2026-08-09,kr,South Korea,top_artists_weekly,,74,https://yt3.googleusercontent.com/0-1WYYEgttg0Sv1Hfn-WBta2R-PKeABFMmWnW13OXMyYoaaAJ8TXEB0bI4xKbIrz472cBaoXEwwBN1E=w64-h64-p,7 少女時代,,"1月 1, 1970",2158772,"74 7 少女時代 1月 1, 1970 81 513 2,158,772"
2026-08-09,kr,South Korea,top_artists_weekly,,75,https://yt3.googleusercontent.com/P90z0Dkr9iLPVzHcltJCSa1cYaROfn8fj5DbbM_icOlJg4Leez4D77UUU5Epq3jZdTEl8Y2MaOQGipk=w64-h64-p,5 NCT WISH,,"1月 1, 1970",2129656,"75 5 NCT WISH 1月 1, 1970 70 109 2,129,656"
2026-08-09,kr,South Korea,top_artists_weekly,,76,https://yt3.googleusercontent.com/AM9qs4U0pbuyJYGxTvWlJ-otWFxyc2JpNNfFlxutksX5ihZhHsd_XeV6AOsru7kgXUkU_TjrEjRNuDs=w64-h64-p,10 COOL,,"1月 1, 1970",2121142,"76 10 COOL 1月 1, 1970 86 304 2,121,142"
2026-08-09,kr,South Korea,top_artists_weekly,,77,https://yt3.googleusercontent.com/VPV1POL4L7asBOh7eawrA59Y3Vk9ksIWUHtoQij9iVl0_ZEDdG1y1Mb8ejYKyZ2txGIQIXg7GbrPWhiM=w64-h64-p,5 白藝潾,,"1月 1, 1970",2115709,"77 5 白藝潾 1月 1, 1970 72 386 2,115,709"
2026-08-09,kr,South Korea,top_artists_weekly,,78,https://yt3.googleusercontent.com/JzBHvisq3bCe06mXHhZDBRlymy8VHfIWGHw5kzHGYmCdBHgWl6D9MUqQYoWVUYjrm9kHGQ3iINkgBQ=w64-h64-p,78 BIBI,,"1月 1, 1970",2066805,"78 78 BIBI 1月 1, 1970 - 289 2,066,805"
2026-08-09,kr,South Korea,top_artists_weekly,,79,https://yt3.googleusercontent.com/RCpTA6EXJQyjVFDosWOKa2SMmqkua_lA9mHPDWWciLwgqpZLz-k8rXWRF_367trrQ7up9BUwCbk6kRk=w64-h64-p,3 Taylor Swift,,"1月 1, 1970",2063893,"79 3 Taylor Swift 1月 1, 1970 76 505 2,063,893"
2026-08-09,kr,South Korea,top_artists_weekly,,80,https://lh3.googleusercontent.com/fqMRQRGE_nXvy-_O6PSKla7ohO5MbERdphoCSwEWjfQuTVxOcGWPZgoxdEZnSsfeILIJLtb_tOYgCJg=w64-h64-p,2 LUCY,,"1月 1, 1970",2052691,"80 2 LUCY 1月 1, 1970 78 235 2,052,691"
2026-08-09,kr,South Korea,top_artists_weekly,,81,https://yt3.googleusercontent.com/8BbiNyyI7TOxlf0x0R-4JZB8x7cw-ML-yOjF8QW8rHSrViZacf-AqD-eqg2ccvbYr5C9URAa_vTJI3k=w64-h64-p,7 YOASOBI,,"1月 1, 1970",2046189,"81 7 YOASOBI 1月 1, 1970 74 286 2,046,189"
2026-08-09,kr,South Korea,top_artists_weekly,,82,https://yt3.googleusercontent.com/45VWuXrGRczeqEX2jDY055PxFqyv26WYM4gnQa2gKPoTdzv6MHjbYICAotwBslFJ5ymEA3Bu6zGiA1M=w64-h64-p,● 樑洪元,,"1月 1, 1970",2045950,"82 ● 樑洪元 1月 1, 1970 82 418 2,045,950"
2026-08-09,kr,South Korea,top_artists_weekly,,83,https://lh3.googleusercontent.com/U-SAmNOu4TynE818gLCfKsuHZ0U5YNEtO9mrjSI9WCCKERs98LzrCal5kajBBTQNwdcisoB2Bn-pHp4=w64-h64-p,6 The Weeknd,,"1月 1, 1970",2009246,"83 6 The Weeknd 1月 1, 1970 77 371 2,009,246"
2026-08-09,kr,South Korea,top_artists_weekly,,84,https://lh3.googleusercontent.com/cfP561Mp7T4VHRg5085z7RLOZ0q5KfwIcdD1o5qCPLcvfWTcIyWiPRU-xw1p4RQT7loVCVkoa_fGb7E=w64-h64-p,5 Zia,,"1月 1, 1970",1993125,"84 5 Zia 1月 1, 1970 79 293 1,993,125"
2026-08-09,kr,South Korea,top_artists_weekly,,85,https://lh3.googleusercontent.com/_c5R003C-K9x_bN2kWtz1ES_ZMyrUUFaW0wTRnaVn89DnwDWALCzZTgH_Hc6fU-kn16I3qE91AC35A8=w64-h64-p,5 Buzz,,"1月 1, 1970",1931662,"85 5 Buzz 1月 1, 1970 80 422 1,931,662"
2026-08-09,kr,South Korea,top_artists_weekly,,86,https://yt3.googleusercontent.com/6tVLgr3lqZDwLEUDTy4X59k33CGTs8Dx512bz9baY88mnIhzU_QJHi-_41RFd-g4ndW7U0vsYrM=w64-h64-p,1 Han Yo,han,"1月 1, 1970",1890046,"86 1 Han Yo-han 1月 1, 1970 87 361 1,890,046"
2026-08-09,kr,South Korea,top_artists_weekly,,87,https://lh3.googleusercontent.com/n_u0s2STuUEeVOAuoJ-lyZ5UReSut_dfS39Laojiiuao_P4GTuGQ2DFOJSuh9isiRhTQilZXArvItA=w64-h64-p,9 2NE1,,"1月 1, 1970",1859389,"87 9 2NE1 1月 1, 1970 96 434 1,859,389"
2026-08-09,kr,South Korea,top_artists_weekly,,88,https://lh3.googleusercontent.com/zWSt-azDdL9AU7TqaRdi7at4sag6W80bliX8RZ6Ex-cnMIxeJ0cSg2m6KGM4Oa9C-KhnStXrq42hHjo=w64-h64-p,88 KATSEYE,,"1月 1, 1970",1856125,"88 88 KATSEYE 1月 1, 1970 - 76 1,856,125"
2026-08-09,kr,South Korea,top_artists_weekly,,89,https://lh3.googleusercontent.com/1OVJ36Kd5mLWC_IJIl4eVRMBeFWXT6LG5xLu6muSLDdOyjw1uzMqPE9kQ5pIPoFORtsDnEJYS-BSQPo=w64-h64-p,4 都敬秀,,"1月 1, 1970",1838509,"89 4 都敬秀 1月 1, 1970 85 143 1,838,509"
2026-08-09,kr,South Korea,top_artists_weekly,,90,https://yt3.googleusercontent.com/dwK7H98aMS14ZTM78YhITI4OpmX1MyT3xL99xJdu7EnlHCgfMEV_8ncBDYr_Yz6TESAKLJJih-wImgk=w64-h64-p,7 Kid Wine,,"1月 1, 1970",1834939,"90 7 Kid Wine 1月 1, 1970 83 259 1,834,939"
2026-08-09,kr,South Korea,top_artists_weekly,,91,https://lh3.googleusercontent.com/Oevxr3r3bwNMAmBhiXFEeIZOME22NWg36Hp3m886ya_qtvbnkHaQ57mm89vHzsI1jBn4LKM0EewFj2oz=w64-h64-p,3 Dynamic Duo,,"1月 1, 1970",1828951,"91 3 Dynamic Duo 1月 1, 1970 88 344 1,828,951"
2026-08-09,kr,South Korea,top_artists_weekly,,92,https://lh3.googleusercontent.com/AO5gdYIaJHk2nD6DrYAMexcgzT6JXjArbdIKSJ4bNDyQntjfINwuBxNXwjf4wvv44AOm-oGQbTUIbE1j=w64-h64-p,92 JIN YOUNG,,"1月 1, 1970",1824479,"92 92 JIN YOUNG 1月 1, 1970 - 9 1,824,479"
2026-08-09,kr,South Korea,top_artists_weekly,,93,https://yt3.googleusercontent.com/a9iuKYlNDNprSYB4oUiNnbyTperAgMELNmtI8R7qzgcSO-SLZtfSrMolC-VUuk1oq8hlqfflLdFfQpI=w64-h64-p,9 伍迪,,"1月 1, 1970",1817310,"93 9 伍迪 1月 1, 1970 84 45 1,817,310"
2026-08-09,kr,South Korea,top_artists_weekly,,94,https://yt3.googleusercontent.com/yQEnxvM41_e6vclplYF_VLMgIIc4lOZswU91Z3YojW8WkgKgusjn3vBYAqAYP9rtZQqNY1DF=w64-h64-p,94 李承哲,,"1月 1, 1970",1807598,"94 94 李承哲 1月 1, 1970 - 348 1,807,598"
2026-08-09,kr,South Korea,top_artists_weekly,,95,https://yt3.googleusercontent.com/ZnLM500kaCt9lNqlzi7Xp0o5sJFedvJTJJ-hhDIOkeF9di3jkwK0iF-CpI5byxgramcGAkRP9Dg38Q=w64-h64-p,3 EXO,,"1月 1, 1970",1803257,"95 3 EXO 1月 1, 1970 98 515 1,803,257"
2026-08-09,kr,South Korea,top_artists_weekly,,96,https://lh3.googleusercontent.com/-CFWwF91btscuVDK1ioTfVPP-nbH8nPLCsBTWfVqHfDAh06g-nLoDBeDMXibabwE9PhfNVociSfsohQ=w64-h64-p,5 pH,,"1月 1, 1970",1798784,"96 5 pH-1 1月 1, 1970 91 403 1,798,784"
2026-08-09,kr,South Korea,top_artists_weekly,,97,https://yt3.googleusercontent.com/1gEi4VKggW_UyxlEkAfFaAWJ70-9Acv4mTbhA8I0fJaRzMIYC4N8JM_dOyquD4UR6XKkp5vRNuJ6XtM=w64-h64-p,3 保羅·基姆,,"1月 1, 1970",1798696,"97 3 保羅·基姆 1月 1, 1970 94 432 1,798,696"
2026-08-09,kr,South Korea,top_artists_weekly,,98,https://lh3.googleusercontent.com/khJfyIPVZYVHrB0mmqBNKNrUUwEvXkCMlE9a3vhykZbfeaiNMwMYDOLzkWDqBfotoRyGQmiyPbOb2No=w64-h64-p,9 K.Will,,"1月 1, 1970",1798014,"98 9 K.Will 1月 1, 1970 89 415 1,798,014"
2026-08-09,kr,South Korea,top_artists_weekly,,99,https://yt3.googleusercontent.com/ijXhjgnUOjjiFbZTF_MQ8lbny1fEtiiAJAb31AntlyOYAHB9nMisfEk2X5uvF0F_lSrGztbCxt1sDrVfdg=w64-h64-p,4 Leessang,,"1月 1, 1970",1770199,"99 4 Leessang 1月 1, 1970 95 301 1,770,199"
2026-08-09,kr,South Korea,top_artists_weekly,,100,https://lh3.googleusercontent.com/Al4aiX928mLAUKA5bV3griwrjRYLMCV6qAz5qv4HbBCCqh1TBWBQpDYRby7aeh-fTbikanJCYmdYgyM=w64-h64-p,8 Vaundy,,"1月 1, 1970",1759466,"100 8 Vaundy 1月 1, 1970 92 201 1,759,466"
2026-08-09,vn,Vietnam,top_artists_weekly,,1,https://yt3.googleusercontent.com/2N99jZ4TXKkrxWbUqsDLtVYsTUcEbwRX_-9GGr27dvAREpQaXGZkia9RiW8AKy8p0B7nNheoRjMViYQ0=w64-h64-p,● RPT MCK,,"1月 1, 1970",9662062,"1 ● RPT MCK 1月 1, 1970 1 15 9,662,062"
2026-08-09,vn,Vietnam,top_artists_weekly,,2,https://yt3.googleusercontent.com/Qd44k62nTrk5X-eMiV4wmT1CRBBNi2N9az_LszXK0NqUDF3JO2fk6CAbbcNem61vIpbWoY3v4Q=w64-h64-p,● Hngle,,"1月 1, 1970",8559495,"2 ● Hngle 1月 1, 1970 2 15 8,559,495"
2026-08-09,vn,Vietnam,top_artists_weekly,,3,https://yt3.googleusercontent.com/sw_uic9x282ssZvfpjoubd-JQU9YwfXORiNFB3YtGb_0I07OC_e8So6Ts9-23fyxhAYZQGdT6USY3A0=w64-h64-p,● Dangrangto,,"1月 1, 1970",6529870,"3 ● Dangrangto 1月 1, 1970 3 15 6,529,870"
2026-08-09,vn,Vietnam,top_artists_weekly,,4,https://yt3.googleusercontent.com/5bXYfqJhi4gL3Hn6l0zcLySOUNtIyHtXMn9n-mOihkePITtvEzHvKB_5D6Am7HrG7BSkoLT7owCKRQ=w64-h64-p,Anh Trai Vượt Ngàn Chông Gai,,,,Anh Trai Vượt Ngàn Chông Gai
2026-08-09,vn,Vietnam,top_artists_weekly,,5,https://yt3.googleusercontent.com/UjpzWXFvqSvYV0v7x-OFyHqraed_k32IjZvMxFAGG45HJ4Y3-oNqwO4iMl2Q4W5H_HAqkf0PUg=w64-h64-p,1 Quoc Thien,,"1月 1, 1970",5881068,"5 1 Quoc Thien 1月 1, 1970 4 15 5,881,068"
2026-08-09,vn,Vietnam,top_artists_weekly,,6,https://lh3.googleusercontent.com/zvVDAiafCFQClD19w9ANrw4hay-sEDDFFFlABXNdUMzprlRu1jnXn4dCGjMhlUqwUIxwH3eP7Q5OUIQ=w64-h64-p,2 HIEUTHUHAI,,"1月 1, 1970",5549430,"6 2 HIEUTHUHAI 1月 1, 1970 8 15 5,549,430"
2026-08-09,vn,Vietnam,top_artists_weekly,,7,https://yt3.googleusercontent.com/4vbGpMXnk6BomjMDfU4bINfni5JgFjTmRifT-336oMIXgWkF9pLWvDEdYNkELih7ztk2Y6iccQ=w64-h64-p,Quang Hùng MasterD,,,,Quang Hùng MasterD
2026-08-09,vn,Vietnam,top_artists_weekly,,8,https://yt3.googleusercontent.com/bio5yni43VDbku_kSYxyK6n31Pys0PCvyRlqXHRj1e800MWHs3avp1IHGXdAgliWQfmnsXOye4TZfJo=w64-h64-p,2 DONAL,,"1月 1, 1970",5005822,"8 2 DONAL 1月 1, 1970 6 15 5,005,822"
2026-08-09,vn,Vietnam,top_artists_weekly,,9,https://yt3.googleusercontent.com/OGoVXsNiIH4u2GueffG5olXSQ_-HrHrj-71ju_ceszaGl8_iNNSrqnLYJDjpn7jwsVwUwBBpKQ=w64-h64-p,2 GREY D,,"1月 1, 1970",4902255,"9 2 GREY D 1月 1, 1970 7 15 4,902,255"
2026-08-09,vn,Vietnam,top_artists_weekly,,10,https://yt3.googleusercontent.com/IGB6zHJV4zGqUoXQXO4yAXahJ8BDwAa2za87oZsjfQS5GAc4R20yEp2mXCeiYn_zgat5C2iRmvRsKA=w64-h64-p,5 山松,,"1月 1, 1970",4900859,"10 5 山松 1月 1, 1970 5 15 4,900,859"
2026-08-09,vn,Vietnam,top_artists_weekly,,11,https://lh3.googleusercontent.com/IiUH25g6o6rHY8opAp_WJX0jGChS_9ZqmwSmNsRSEPld59pfLrusZ5jvLaXekOL53mwlBJG_AdN8jt0=w64-h64-p,4 Da LAB,,"1月 1, 1970",4166459,"11 4 Da LAB 1月 1, 1970 15 15 4,166,459"
2026-08-09,vn,Vietnam,top_artists_weekly,,12,https://yt3.googleusercontent.com/SPtWMm5k0wrYdi7BgCBGXsFxwjYbmV_MzlDyVgf4XchTepF0qANX0hF8iEvnmzgEOmoW_8Dnig=w64-h64-p,3 Binz,,"1月 1, 1970",4106526,"12 3 Binz 1月 1, 1970 9 15 4,106,526"
2026-08-09,vn,Vietnam,top_artists_weekly,,13,https://yt3.googleusercontent.com/zXYoQpwxpw7ax6Adwp1F6CCT_UzGHg5hNFbXlIQBEXrz9aC_GvxLE3KoQJto6IN4RKCEtnCi5f9ao4A=w64-h64-p,3 JustaTee,,"1月 1, 1970",4089301,"13 3 JustaTee 1月 1, 1970 10 15 4,089,301"
2026-08-09,vn,Vietnam,top_artists_weekly,,14,https://yt3.googleusercontent.com/L8NTL3k5YQOFqolLMTHRDhvvTTkhQuQrSKhJ4S3fY_EatcYX7ZmgcQmcp3_zgbeowmVzB_bpuA=w64-h64-p,4 buitruonglinh,,"1月 1, 1970",4011731,"14 4 buitruonglinh 1月 1, 1970 18 15 4,011,731"
2026-08-09,vn,Vietnam,top_artists_weekly,,15,https://lh3.googleusercontent.com/txTPKU739Tm1SwW2B-Mi7boou0E2bpCTgZTE7FJVh3sxMhSC-L499AUyW0RPRFiAZCGX0cR6M9rB9x03=w64-h64-p,6 Hoàng Dũng,,"1月 1, 1970",4010234,"15 6 Hoàng Dũng 1月 1, 1970 21 15 4,010,234"
2026-08-09,vn,Vietnam,top_artists_weekly,,16,https://lh3.googleusercontent.com/gIEM31Zx4dA4PHvr2cbunulrN277vux_hCKYJve77pG_BJDWLRYbCMzveR9Pp_sy6Qb-KI_2Ha0_hDod=w64-h64-p,8 DatG Music,,"1月 1, 1970",3775121,"16 8 DatG Music 1月 1, 1970 24 15 3,775,121"
2026-08-09,vn,Vietnam,top_artists_weekly,,17,https://yt3.googleusercontent.com/JjXWXfuT6jdhSMCe1jTk_VGx9dnkw3BtnJRdswXg-3aESzuFLnqtQKhJob0-piIplU_71YaC=w64-h64-p,5 皇杉,,"1月 1, 1970",3494062,"17 5 皇杉 1月 1, 1970 12 15 3,494,062"
2026-08-09,vn,Vietnam,top_artists_weekly,,18,https://yt3.googleusercontent.com/SMpD7-Wdpe0WGDoDVa2xnLTR85GrFZlJ1AzLnswYojh81MLg5oK0wsgI6C5JhQfxo2nt363xktpMyRrv=w64-h64-p,5 Thái Học,,"1月 1, 1970",3431945,"18 5 Thái Học 1月 1, 1970 13 15 3,431,945"
2026-08-09,vn,Vietnam,top_artists_weekly,,19,https://lh3.googleusercontent.com/4Ixc3d3_z7NDp8aoj-PXaWcYe8IzOgYnqjg4CQLw43zC5EMNWh-hKJRBiC0ZFYrN2mIghYofTVDpMw=w64-h64-p,5 Thanh Hưng,,"1月 1, 1970",3246458,"19 5 Thanh Hưng 1月 1, 1970 14 15 3,246,458"
2026-08-09,vn,Vietnam,top_artists_weekly,,20,https://lh3.googleusercontent.com/PbQivj89mv7mI6FcxU9RmEsiicCGTdr-Wdn4bLdAB7gee6GcitOb7QXTVy7gfg6Cn1JPRn1VjMIweYgV=w64-h64-p,44 Dương Domic,,"1月 1, 1970",3122965,"20 44 Dương Domic 1月 1, 1970 64 15 3,122,965"
2026-08-09,vn,Vietnam,top_artists_weekly,,21,https://yt3.googleusercontent.com/XprgG6jfaee2OllUK8HOVrIGoY0h3RTpNhV-Mmjy5jlqWgdzbP21RQU4tXX83vqYgk384oM5VYI6qA=w64-h64-p,4 Obito,,"1月 1, 1970",3005170,"21 4 Obito 1月 1, 1970 17 15 3,005,170"
2026-08-09,vn,Vietnam,top_artists_weekly,,22,https://yt3.googleusercontent.com/Gxl20U930GdoGaLe-3TDGSdb2o7I-pfUKHtnjXvDTvcnHQRGgFDvKHBg-9S7qhuiugoPDvss=w64-h64-p,22 JSOL,,"1月 1, 1970",2921831,"22 22 JSOL 1月 1, 1970 - 3 2,921,831"
2026-08-09,vn,Vietnam,top_artists_weekly,,23,https://yt3.googleusercontent.com/piO8nk7M0KfEfPFkXLJmHCsc4wkSlZoYnXGAO5llacBKdyzlG8WaJW3jANLLXVWSdw6GEkwtcO0gn1En=w64-h64-p,3 B Ray,,"1月 1, 1970",2796541,"23 3 B Ray 1月 1, 1970 20 15 2,796,541"
2026-08-09,vn,Vietnam,top_artists_weekly,,24,https://yt3.googleusercontent.com/4S-GZz93YFOeQci7Xz5aAUlAaHABBTeOE47HX5Xg5KtA5Y8Mg_-KGld9uhY_Udio6kGOV8MHjlU=w64-h64-p,24 Hà An Huy,,"1月 1, 1970",2745442,"24 24 Hà An Huy 1月 1, 1970 - 3 2,745,442"
2026-08-09,vn,Vietnam,top_artists_weekly,,25,https://yt3.googleusercontent.com/v4ncCgfzAWL7bFlIDQsUCxdd3qJ-hLvCNXjZu3zUFsTR98MJ3iKa8Cw-BKIFTqBSn-8JKxIm_7wOx04=w64-h64-p,50 黃尊,,"1月 1, 1970",2624598,"25 50 黃尊 1月 1, 1970 75 15 2,624,598"
2026-08-09,vn,Vietnam,top_artists_weekly,,26,https://lh3.googleusercontent.com/WRRxOiAxGdwa0dgAxSjg65glGSswfYQkkQ8Jcya7igYVqELygmgD6VCI1x4XruHapeYKHiXiALjX3Q=w64-h64-p,1 阮福盛,,"1月 1, 1970",2511938,"26 1 阮福盛 1月 1, 1970 25 15 2,511,938"
2026-08-09,vn,Vietnam,top_artists_weekly,,27,https://lh3.googleusercontent.com/PnbfrzrBMg4LRfeilFDprLTTtOhbhtdbeWIjE_RCt27BDo5rovo8BSKpmtPnTivSBtPM6lCiUgeLeBan=w64-h64-p,6 Phương Mỹ Chi,,"1月 1, 1970",2443734,"27 6 Phương Mỹ Chi 1月 1, 1970 33 15 2,443,734"
2026-08-09,vn,Vietnam,top_artists_weekly,,28,https://yt3.googleusercontent.com/D6yn8lJC6uEIZoy4EWhj7OuUjZfRtpeLK6233rWzHeHJnrjrm8ENpjcHzDKeiQ-dRAUeHnpJTgo=w64-h64-p,6 Út Nhị Mino,,"1月 1, 1970",2440717,"28 6 Út Nhị Mino 1月 1, 1970 22 15 2,440,717"
2026-08-09,vn,Vietnam,top_artists_weekly,,29,https://yt3.googleusercontent.com/ygM0LM_QbJAjTeuaFVIXsEzRubuMI0ZcficozBKcTfpuCgR1h_Hf8THnzHmBzrQ_OSwrzyl6BF_KBw=w64-h64-p,2 黄毓敏,,"1月 1, 1970",2432154,"29 2 黄毓敏 1月 1, 1970 27 15 2,432,154"
2026-08-09,vn,Vietnam,top_artists_weekly,,30,https://lh3.googleusercontent.com/ropmC_D1oX1xhqaR4yEQUdru22Ug4p5NWYU3ZGOrZVOSqVEsoObXr-1hLU2CW24nKEphD6zHKDS5Wu6-=w64-h64-p,4 Hương Ly,,"1月 1, 1970",2381367,"30 4 Hương Ly 1月 1, 1970 26 15 2,381,367"
2026-08-09,vn,Vietnam,top_artists_weekly,,31,https://lh3.googleusercontent.com/3UZKRd69lMDK_JejFkDgnYHas-6KTJvX6STgdUI3dbj6Wv8uyUT_1LAiI_SYUfKJNu94a0oQU8TMww=w64-h64-p,2 Shiki,,"1月 1, 1970",2356383,"31 2 Shiki 1月 1, 1970 29 15 2,356,383"
2026-08-09,vn,Vietnam,top_artists_weekly,,32,https://yt3.googleusercontent.com/qpU8dS6LfnkAdvoIM56gf4KHduOYlnwYUDNDcK5z2XUYNZkikuKbjKQ7Cyt-8BsGQVG8TAN7=w64-h64-p,32 Song Luân,,"1月 1, 1970",2348487,"32 32 Song Luân 1月 1, 1970 - 3 2,348,487"
2026-08-09,vn,Vietnam,top_artists_weekly,,33,https://lh3.googleusercontent.com/vLa-UcTg38yT35hg4rovad0VbrP5s2E91Cq6mSYcWELw9EqOQE0CB3EFgw6Xcu9z7U2mm8H1dCzDtA=w64-h64-p,1 Low G,,"1月 1, 1970",2346111,"33 1 Low G 1月 1, 1970 34 15 2,346,111"
2026-08-09,vn,Vietnam,top_artists_weekly,,34,https://yt3.googleusercontent.com/ArdE9_Kds-nUsQhci21axqd40W9DauU5EJJuHmQxwzGgzkSfxtXU0R5kcpTptu7mOC5GemC1Ug=w64-h64-p,15 COOLKID,,"1月 1, 1970",2340963,"34 15 COOLKID 1月 1, 1970 19 15 2,340,963"
2026-08-09,vn,Vietnam,top_artists_weekly,,35,https://lh3.googleusercontent.com/duvPkHjgosJKoOXe9xztYOREcD_kKHgB4naWRWlx6o44-Zy_35ZxlWQYFGVAvrz7Br7qFQnyI4hnIpM=w64-h64-p,4 tlinh,,"1月 1, 1970",2330243,"35 4 tlinh 1月 1, 1970 31 15 2,330,243"
2026-08-09,vn,Vietnam,top_artists_weekly,,36,https://yt3.googleusercontent.com/ZEuOpbl0K_CUWJpH1JEWg65mhxkaIb2OmFtR0pLhrf5CfU8M5sRYwRZX4SLZYLF4oA6Ur7xAzUAdiw=w64-h64-p,36 14 Casper,,"1月 1, 1970",2309111,"36 36 14 Casper 1月 1, 1970 - 15 2,309,111"
2026-08-09,vn,Vietnam,top_artists_weekly,,37,https://yt3.googleusercontent.com/JZbKdl6Yoxz3PStwaRVpy0ldxP8dSEjwipjDrJATEoqgPCJzu0RGUqel7mG7pV5qHdE_BgdfYwSqwhY=w64-h64-p,37 (S)TRONG,,"1月 1, 1970",2303832,"37 37 (S)TRONG 1月 1, 1970 - 15 2,303,832"
2026-08-09,vn,Vietnam,top_artists_weekly,,38,https://lh3.googleusercontent.com/jUpx8b5WW6TOy0ZdQ7LE7nden20Nh7eS8YK_yjz04epmrv5kBklGDtqnCfRz-bADNK5u885QySqzgWHp=w64-h64-p,3 Đen,,"1月 1, 1970",2273151,"38 3 Đen 1月 1, 1970 35 15 2,273,151"
2026-08-09,vn,Vietnam,top_artists_weekly,,39,https://lh3.googleusercontent.com/__vF1oGtL461yVzCEeVGRZpqIQcjJObXqJir_k6tQXeqHDIM_KDnPa3hqEMEHQ56PRZuoOP3NaJoOi0=w64-h64-p,39 Vương Anh Tú,,"1月 1, 1970",2261257,"39 39 Vương Anh Tú 1月 1, 1970 - 12 2,261,257"
2026-08-09,vn,Vietnam,top_artists_weekly,,40,https://lh3.googleusercontent.com/u74Z7ylCoNz3Phyu9UZ_T4mhKy0Y2pdF50qbezBLXE7HGJyVipiPpa88h9OOtS8pKLDIsX7lA-8wIQ=w64-h64-p,12 Đan Nguyên,,"1月 1, 1970",2207416,"40 12 Đan Nguyên 1月 1, 1970 28 15 2,207,416"
2026-08-09,vn,Vietnam,top_artists_weekly,,41,https://lh3.googleusercontent.com/BKgJ2Qcko6lgLsnvB-URUnK2bgQ682OoJd7Dpa0829XrmIC40zfsFm74vNdmyaMBx8xUt-MHFwDIUUC9=w64-h64-p,41 Jennie,,"1月 1, 1970",2203602,"41 41 Jennie 1月 1, 1970 - 15 2,203,602"
2026-08-09,vn,Vietnam,top_artists_weekly,,42,https://yt3.googleusercontent.com/7ccf3wjeyTB51VfLkaArLPhfdkcBvQAmz-GDXgLTUnRTZsosi_B-gyuvk2j6ScVoGCCcDDntpuI=w64-h64-p,10 Thành Đạt,,"1月 1, 1970",2185387,"42 10 Thành Đạt 1月 1, 1970 32 15 2,185,387"
2026-08-09,vn,Vietnam,top_artists_weekly,,43,https://lh3.googleusercontent.com/Qcwu6kUQK1hM52tDFqpqskWv1TGCH0HdKUdqE2TjYOeneQpkSvGr5LbXHI1uJFdIOT7RiiMRBWS0GJg=w64-h64-p,6 光黎,,"1月 1, 1970",2142553,"43 6 光黎 1月 1, 1970 37 15 2,142,553"
2026-08-09,vn,Vietnam,top_artists_weekly,,44,https://yt3.googleusercontent.com/rccrIaH5aGVO7TWeMxhbp-m4lOIixPZNlZLoreVQV_rLng6AAVKP1NizT-wzCkxzLwcpdttwzg=w64-h64-p,Sơn.K,,"1月 1, 1970",2121488,"44 New Sơn.K 1月 1, 1970 - 1 2,121,488"
2026-08-09,vn,Vietnam,top_artists_weekly,,45,https://yt3.googleusercontent.com/3CFyh2YjiDmn88l10o0xYt4J2jBN7EEbdkqMHat__vzrYB0ghorwQ3NaFR2BxWsmDKJsFZSoDm4=w64-h64-p,4 Thanh Ngân,,"1月 1, 1970",2119341,"45 4 Thanh Ngân 1月 1, 1970 49 15 2,119,341"
2026-08-09,vn,Vietnam,top_artists_weekly,,46,https://yt3.googleusercontent.com/2IbO6drTOO1y5I4tDPqS5nafZmV0Z54g0YxU32RnLjc0vvYlzH1-c522X0c784WaR9hs9YIDr9yhHKfT=w64-h64-p,10 CORTIS,,"1月 1, 1970",2113868,"46 10 CORTIS 1月 1, 1970 36 15 2,113,868"
2026-08-09,vn,Vietnam,top_artists_weekly,,47,https://yt3.googleusercontent.com/nuSqHwuClhGVbLWRg-bi_61PECeyFb4rGDWc9fTQC0Tm7OLu03QZn7mr09bTD_N80ODc9d8mnQ=w64-h64-p,17 周凱峰,,"1月 1, 1970",2107448,"47 17 周凱峰 1月 1, 1970 30 15 2,107,448"
2026-08-09,vn,Vietnam,top_artists_weekly,,48,https://lh3.googleusercontent.com/yHHjXdkGB8wQUvdL7bAweZ09PvmnEPSnh6ilf8D2xtr7MV1oNS7ZKGGp9jJia4mlprXgwOhUN6Pl5gT6=w64-h64-p,8 Jack,J97,"1月 1, 1970",2089558,"48 8 Jack - J97 1月 1, 1970 40 15 2,089,558"
2026-08-09,vn,Vietnam,top_artists_weekly,,49,https://lh3.googleusercontent.com/sD_uowZ_bJgRFD3uK7CfiUxuEIEqDfb5lqgNyyg3rf9BPFxsuPuG2NtIG-EBbYcJWYWMIDCeNAClfQ=w64-h64-p,5 Dao Nguyen Anh,,"1月 1, 1970",2089070,"49 5 Dao Nguyen Anh 1月 1, 1970 54 15 2,089,070"
2026-08-09,vn,Vietnam,top_artists_weekly,,50,https://lh3.googleusercontent.com/IRRuUsYfJEE8cWLXH-thptBytCjrUZNvoQScYnde9EIMgTgOD1kSggrUyBOKDTNH7oLyZUOJlYI6hwo=w64-h64-p,8 Vũ.,,"1月 1, 1970",2085896,"50 8 Vũ. 1月 1, 1970 42 15 2,085,896"
2026-08-09,vn,Vietnam,top_artists_weekly,,51,https://lh3.googleusercontent.com/CvT0XhRm2Ptbs4sLWlGojSMRg7OU432VXJDZTmt1FHZjum3ldbSCk2Q3T_g4bD7kUgXKDFqok9q5Pg=w64-h64-p,13 CaoTri,,"1月 1, 1970",2066209,"51 13 CaoTri 1月 1, 1970 38 15 2,066,209"
2026-08-09,vn,Vietnam,top_artists_weekly,,52,https://yt3.googleusercontent.com/_fxA7XQobDzNJYb6eg2vBpuy0heHUwE7zwN_vbv2a2c9EVm6Uo48X6GAI2eMhSpfTIb1ri8GEW_hMw=w64-h64-p,9 Karik,,"1月 1, 1970",1988869,"52 9 Karik 1月 1, 1970 43 15 1,988,869"
2026-08-09,vn,Vietnam,top_artists_weekly,,53,https://yt3.googleusercontent.com/ZOIJNFcKD11EAkEuMdpHXNE8EEGUgG5x7JjhhMB_CyHxfRK2NvQi8a9-4LYDNJXn7wClNsErfWBD27o=w64-h64-p,53 WEAN,,"1月 1, 1970",1983904,"53 53 WEAN 1月 1, 1970 - 15 1,983,904"
2026-08-09,vn,Vietnam,top_artists_weekly,,54,https://yt3.googleusercontent.com/8ulacJVwUPJKDB06Cjb-YpRNXQrJ2x8GQm4hjgPKMwC5bqxQ6dW4mkocaflk66PKBbmGbhVd=w64-h64-p,54 Khánh Cường,,"1月 1, 1970",1961250,"54 54 Khánh Cường 1月 1, 1970 - 15 1,961,250"
2026-08-09,vn,Vietnam,top_artists_weekly,,55,https://yt3.googleusercontent.com/SjJGp3cGzJktRoczMB-S5ObKkUNhmo-fsfdSTyKJ4Gz-7hEWgn8MRdnVcWDkf_IAt15i6F6gKg=w64-h64-p,55 OSAD,,"1月 1, 1970",1959912,"55 55 OSAD 1月 1, 1970 - 3 1,959,912"
2026-08-09,vn,Vietnam,top_artists_weekly,,56,https://yt3.googleusercontent.com/7iNILaP08saxcd8D_MQvWupkzCXZggVH1GK_y-YKeeXQu_QGBALh9KedL7q5g0q4R_btMwlk4NDL9w=w64-h64-p,56 CONGB,,"1月 1, 1970",1950637,"56 56 CONGB 1月 1, 1970 - 3 1,950,637"
2026-08-09,vn,Vietnam,top_artists_weekly,,57,https://yt3.googleusercontent.com/DU6Kpr5TYKcW6QHvMnsJau5_8QSuix8LCLtf5UEaziZZdXw8SxvcxJ9YWmVIQuzhg2R-MVHYgjdGCQ=w64-h64-p,11 Ariana Grande,,"1月 1, 1970",1942474,"57 11 Ariana Grande 1月 1, 1970 46 15 1,942,474"
2026-08-09,vn,Vietnam,top_artists_weekly,,58,https://lh3.googleusercontent.com/w5H5wFxyQLVlmcNALQsFXahPlmH9jKaWiVQyVAiiUb5XtidxKyQW7SA_pxld5dHtpenzIqcqeXSnO2k=w64-h64-p,2 Hòa Minzy,,"1月 1, 1970",1933775,"58 2 Hòa Minzy 1月 1, 1970 60 15 1,933,775"
2026-08-09,vn,Vietnam,top_artists_weekly,,59,https://yt3.googleusercontent.com/ZqpPhNa1fwNCMREBb56lLs53b5RzKcqFHcscO1kD66FfhTHeTmqTU-SYwiS0_sfdVxJEj9DNQl5dt-M=w64-h64-p,14 Mr. Siro,,"1月 1, 1970",1933007,"59 14 Mr. Siro 1月 1, 1970 45 15 1,933,007"
2026-08-09,vn,Vietnam,top_artists_weekly,,60,https://yt3.googleusercontent.com/LwZVGix9E-_Su5ZpZBFOD40EPQ5qKDNE2r3f3ECKKf_ZwvO8ha_gL4QH2HwKmGAhp6Mni8r_HSBgzhQ=w64-h64-p,10 Quân A.P,,"1月 1, 1970",1917224,"60 10 Quân A.P 1月 1, 1970 50 15 1,917,224"
2026-08-09,vn,Vietnam,top_artists_weekly,,61,https://yt3.googleusercontent.com/YHR01fsyrKcPAMW4xeGUlSqUBWJXO6829R1AxvG_lF0thrl0JBNfo8YVTX9Un_diiWLGtNneL04Uuw=w64-h64-p,22 NDMT,,"1月 1, 1970",1915937,"61 22 NDMT 1月 1, 1970 39 15 1,915,937"
2026-08-09,vn,Vietnam,top_artists_weekly,,62,https://lh3.googleusercontent.com/EjjKZbq4yMd-GJiUIEqN8lM2Q9zXF4wOWRLPuB7o-_7EJBk-1KXjn-QzsZnKcVAB3u5nbQZhXVgCvtHu=w64-h64-p,10 Phúc Du,,"1月 1, 1970",1885797,"62 10 Phúc Du 1月 1, 1970 52 15 1,885,797"
2026-08-09,vn,Vietnam,top_artists_weekly,,63,https://yt3.googleusercontent.com/LRpb_vfUGiOk3nRIUgUdcWmsE__gAWgdpkkD-caAlN6ZUhNxtnYQ7GYF_xUyB06U4uvrkKs89g=w64-h64-p,12 Lê Gia Bảo,,"1月 1, 1970",1878573,"63 12 Lê Gia Bảo 1月 1, 1970 51 15 1,878,573"
2026-08-09,vn,Vietnam,top_artists_weekly,,64,https://yt3.googleusercontent.com/lNVkw0U5EwV5JEvZi-52kN4PythX8aXH2V2QW4aiL4UNfh2ANtWt_itVVfbgXswAhG5IJGbKNA=w64-h64-p,6 克越,,"1月 1, 1970",1830616,"64 6 克越 1月 1, 1970 58 15 1,830,616"
2026-08-09,vn,Vietnam,top_artists_weekly,,65,https://yt3.googleusercontent.com/SkEOxxqfkLxrnzNr9LqV5GbQizeoek93fLvk5Dzp75SzSl0Y_-rKKevonXixnGM5-0ZAh56do5Q=w64-h64-p,6 Xanh,,"1月 1, 1970",1820828,"65 6 Xanh 1月 1, 1970 59 6 1,820,828"
2026-08-09,vn,Vietnam,top_artists_weekly,,66,https://yt3.googleusercontent.com/KvKBA2gi7LGyXfsUtn700rfGp9MhE1GvDE1-9-BOOLAjDRF1mpRik2642gz_ZaxSY7iMg41O658=w64-h64-p,7 Đình Dũng,,"1月 1, 1970",1820681,"66 7 Đình Dũng 1月 1, 1970 73 15 1,820,681"
2026-08-09,vn,Vietnam,top_artists_weekly,,67,https://yt3.googleusercontent.com/S3kw_snBwqxwrBJYrTb_WKmKs-U0rUTUYJSI6eFD6207S4ttmwm-99gSlB07qKDFHn3qh2_KiC70Nw=w64-h64-p,14 Bảo Anh,,"1月 1, 1970",1794755,"67 14 Bảo Anh 1月 1, 1970 53 15 1,794,755"
2026-08-09,vn,Vietnam,top_artists_weekly,,68,https://yt3.googleusercontent.com/UHaozxKkQUPV05UlVkiKCc1AogTTrXdQQk-OTg5daipq1el-kS72-a8cIHOiYg2M2eA6JSpU9Fh_mirh=w64-h64-p,Trịnh Thăng Bình,,,,Trịnh Thăng Bình
2026-08-09,vn,Vietnam,top_artists_weekly,,69,https://yt3.googleusercontent.com/U3AzpjRzn-lMF_GGv0XpG2vNbClKMnJdFtiLnudRmWvvMw61754vThISkb39i5HDmCOIpsqlEkck4Q=w64-h64-p,6 Anh Quân Idol,,"1月 1, 1970",1779206,"69 6 Anh Quân Idol 1月 1, 1970 63 15 1,779,206"
2026-08-09,vn,Vietnam,top_artists_weekly,,70,https://yt3.googleusercontent.com/sLk_oXafaenJNzthqajLhMWFILNR5FV-OPj_aHuy4rpld9MdQMfd7Hs5R19_rP8vmbfpCeAfAm8=w64-h64-p,13 Masew,,"1月 1, 1970",1777828,"70 13 Masew 1月 1, 1970 57 15 1,777,828"
2026-08-09,vn,Vietnam,top_artists_weekly,,71,https://lh3.googleusercontent.com/CzQb1BDMu_bVkkUbHNDDPkErfaJPyuKTFHHdboXcGJBmjEaquJC06k162s-l7VMaoa_QXZRvg3N6ht8=w64-h64-p,71 Wren Evans,,"1月 1, 1970",1755124,"71 71 Wren Evans 1月 1, 1970 - 15 1,755,124"
2026-08-09,vn,Vietnam,top_artists_weekly,,72,https://yt3.googleusercontent.com/CCB6gkTfld1No0TSp7cejvJt2BlKwOxDSQeZN6-ruD2kgVbQnlVs6kcAW52mqDRwg60ARkwZQQ=w64-h64-p,7 VSTRA,,"1月 1, 1970",1754490,"72 7 VSTRA 1月 1, 1970 65 15 1,754,490"
2026-08-09,vn,Vietnam,top_artists_weekly,,73,https://lh3.googleusercontent.com/Y_3Glur8EIpe514fgBDo_bPIR4LdyToBy5saTMJS6lyObDySqQq9TWX_haiQJ08cVhMichx3b7NhTvQy=w64-h64-p,25 Minh Huy,,"1月 1, 1970",1753829,"73 25 Minh Huy 1月 1, 1970 48 15 1,753,829"
2026-08-09,vn,Vietnam,top_artists_weekly,,74,https://lh3.googleusercontent.com/IlSvmO632_V80_8Nnal7BnkQzCVahXEskDk41Dhb7imJ72RLSX7ULKyajXc6526xROmsN_RrW-22eUXH=w64-h64-p,4 ERIK,,"1月 1, 1970",1743653,"74 4 ERIK 1月 1, 1970 70 15 1,743,653"
2026-08-09,vn,Vietnam,top_artists_weekly,,75,https://yt3.googleusercontent.com/7NhzXEoaIgr-0tYoab-gNZfF8zA8IbpTPt_buovH2Y78pc1L7IfKTq7tGU6zSk9EBJX0yKq7wp3jts8=w64-h64-p,1 Shakira,,"1月 1, 1970",1739500,"75 1 Shakira 1月 1, 1970 74 10 1,739,500"
2026-08-09,vn,Vietnam,top_artists_weekly,,76,https://yt3.googleusercontent.com/OMWK6EO7ZsmYjvIIOm-0ZlKjiTScnfIJuXyhtWurPq0unO_3vEG78Nf67eDxOv95v0EKBxCqLw=w64-h64-p,9 洪疃,,"1月 1, 1970",1738969,"76 9 洪疃 1月 1, 1970 67 15 1,738,969"
2026-08-09,vn,Vietnam,top_artists_weekly,,77,https://yt3.googleusercontent.com/ET5o7ue8FeKqhEZSj66Oxcoc37Mml0WfZO32U8_BzR3j5hS5-9fy85c_0F1m60VhzCkZC3GHhb41TrcO=w64-h64-p,36 Oliver Tree,,"1月 1, 1970",1720974,"77 36 Oliver Tree 1月 1, 1970 41 7 1,720,974"
2026-08-09,vn,Vietnam,top_artists_weekly,,78,https://lh3.googleusercontent.com/4ULlRiFBFglNemZJyKn6_e2-iOIdJEbgBgq_79RQclndG6pge0yGgS2k2On6E1FkCJzenyHkHRzkvjFp=w64-h64-p,10 Justin Bieber,,"1月 1, 1970",1707580,"78 10 Justin Bieber 1月 1, 1970 68 15 1,707,580"
2026-08-09,vn,Vietnam,top_artists_weekly,,79,https://lh3.googleusercontent.com/ElDriqQbtsnoUSDBTRbrmY2UjafJQT-En6g7qx7SY1FaEHx9T_-CpRU1TU7BvXkNP7aUtz1Ew523KRE=w64-h64-p,10 Tăng Duy Tân,,"1月 1, 1970",1699702,"79 10 Tăng Duy Tân 1月 1, 1970 69 15 1,699,702"
2026-08-09,vn,Vietnam,top_artists_weekly,,80,https://lh3.googleusercontent.com/U-SAmNOu4TynE818gLCfKsuHZ0U5YNEtO9mrjSI9WCCKERs98LzrCal5kajBBTQNwdcisoB2Bn-pHp4=w64-h64-p,9 The Weeknd,,"1月 1, 1970",1683203,"80 9 The Weeknd 1月 1, 1970 71 15 1,683,203"
2026-08-09,vn,Vietnam,top_artists_weekly,,81,https://yt3.googleusercontent.com/uUTpBe2hxFeiwwY9-i2cP63Dqt5fllYK1_jQac8IvFSIKE1ZjaKXZFrJI_1V3KtrOW_SHh6L7g=w64-h64-p,20 Anh Tú,,"1月 1, 1970",1670123,"81 20 Anh Tú 1月 1, 1970 61 15 1,670,123"
2026-08-09,vn,Vietnam,top_artists_weekly,,82,https://yt3.googleusercontent.com/cOeC9-MdTexOxe3smHVqK4yZBcps_D76v32uU2y9DtMJOBvmTJgFcDiHlYXcAgAxxpgo82X8mQ=w64-h64-p,5 如瓊,,"1月 1, 1970",1643837,"82 5 如瓊 1月 1, 1970 77 15 1,643,837"
2026-08-09,vn,Vietnam,top_artists_weekly,,83,https://yt3.googleusercontent.com/h1OqSiKs0cnny-xBERdjL5GA6P0mrS3BB73NQuLl2H8A04Ej0WGRk8MXEdzj_TPt91OVAFEv5T5aJM0j=w64-h64-p,21 Ari,,"1月 1, 1970",1624097,"83 21 Ari 1月 1, 1970 62 15 1,624,097"
2026-08-09,vn,Vietnam,top_artists_weekly,,84,https://yt3.googleusercontent.com/zBHxyUqEE0-456tmTBvv8zc8uLz0wqckP0lt8alHOcF1-4wq2bgGfQsBznGa9Z1qUYLqnIox=w64-h64-p,8 潘孟瓊,,"1月 1, 1970",1604545,"84 8 潘孟瓊 1月 1, 1970 76 15 1,604,545"
2026-08-09,vn,Vietnam,top_artists_weekly,,85,https://yt3.googleusercontent.com/ONoLZeR1RTXqJNXrMS_ClGw-CXayDnXsWvMgp2yXI3-cS0LBvAmFlZxnx3NLY_DuWll-PwFxLdObRvmkqQ=w64-h64-p,4 Tiến võ,,"1月 1, 1970",1604338,"85 4 Tiến võ 1月 1, 1970 89 8 1,604,338"
2026-08-09,vn,Vietnam,top_artists_weekly,,86,https://lh3.googleusercontent.com/9uqv7MDLibTWArD1spq02jcXpPO5CA_mA1VNbDXMtlcjteyzYIhZPZWeB9LtW6vZKqjtdC1w_KnHBrp8=w64-h64-p,8 Minh Vuong M4U,,"1月 1, 1970",1595877,"86 8 Minh Vuong M4U 1月 1, 1970 78 15 1,595,877"
2026-08-09,vn,Vietnam,top_artists_weekly,,87,https://yt3.googleusercontent.com/a5-xlIW5p7v-r_gj6qmMFreve1npLIn2T17vc6Vez1rrvqKuPNDU1o21DHzI-js17UmelUy0GQ=w64-h64-p,7 ICM,,"1月 1, 1970",1580749,"87 7 ICM 1月 1, 1970 80 15 1,580,749"
2026-08-09,vn,Vietnam,top_artists_weekly,,88,https://lh3.googleusercontent.com/V6Ml-KQj2aGZANES3740Xo7CZA2POHVE_0JATaOqPtCEHHfYQGQTNk0N1T-I4y8SHwj4nbg_3wu3sWMM=w64-h64-p,88 Quang Lập,,"1月 1, 1970",1579671,"88 88 Quang Lập 1月 1, 1970 - 15 1,579,671"
2026-08-09,vn,Vietnam,top_artists_weekly,,89,https://yt3.googleusercontent.com/2yIwhC1JiZbfGgwIhbRu3QSXnj1Vf2KtE1iGzDH2BDCq4_WI2vl1B9L8rVaEAJxbfhTYJ1qEGzc=w64-h64-p,2 Trung Quân,,"1月 1, 1970",1567890,"89 2 Trung Quân 1月 1, 1970 91 15 1,567,890"
2026-08-09,vn,Vietnam,top_artists_weekly,,90,https://lh3.googleusercontent.com/bHQUq4NGglUluSIP4o7sc_tR4UPoe-3rQNFZ721bJY96udcoDBl99w7MHCxexSoluF-78a8KQ2HF4g=w64-h64-p,24 Linh Hương Luz,,"1月 1, 1970",1555626,"90 24 Linh Hương Luz 1月 1, 1970 66 15 1,555,626"
2026-08-09,vn,Vietnam,top_artists_weekly,,91,https://yt3.googleusercontent.com/hFhod-OC36Yg2q2ayYJPWkG4P92ZtTu1OozMxZ7lNLONe129fxOWm1Weh12SgWJyx6s3fhsxHq6hfdnUkw=w64-h64-p,91 Đăng Khôi,,"1月 1, 1970",1552030,"91 91 Đăng Khôi 1月 1, 1970 - 15 1,552,030"
2026-08-09,vn,Vietnam,top_artists_weekly,,92,https://yt3.googleusercontent.com/PsDz4BWTBLL9_N54eVVFNP9I5cPjszldAhOXHQGNGtdln-eoRlrU-xu76c2S9EtsmyXY3sEZkA=w64-h64-p,2 Fishy,,"1月 1, 1970",1548380,"92 2 Fishy 1月 1, 1970 90 14 1,548,380"
2026-08-09,vn,Vietnam,top_artists_weekly,,93,https://yt3.googleusercontent.com/2-203NEQqpf8vtQT9-p2A_BbwtJQcu_T2MqYBXwcIJYqGPqjMlhBVJY4NChFOv_e3schYjY4ZQ=w64-h64-p,5 Bạch Duy Sơn,,"1月 1, 1970",1530006,"93 5 Bạch Duy Sơn 1月 1, 1970 88 15 1,530,006"
2026-08-09,vn,Vietnam,top_artists_weekly,,94,https://yt3.googleusercontent.com/mIt4EMYP6Xj3V1xYvtPcdXsjO4MFQgETVoKqFqlouuEEwKhmfOgUGXBNbxBXiv9_AnKAl-u_uQ=w64-h64-p,7 菲蓉,,"1月 1, 1970",1509817,"94 7 菲蓉 1月 1, 1970 87 15 1,509,817"
2026-08-09,vn,Vietnam,top_artists_weekly,,95,https://yt3.googleusercontent.com/IJcrzdx6dfXpR-NKfeViKFeWVafc6qApkBqYGfW5RQQzV3_PwOYmKsFcarhrmimchPL-tiQe4A=w64-h64-p,Nguyễn Thạc Bảo Ngọc,,,,Nguyễn Thạc Bảo Ngọc
2026-08-09,vn,Vietnam,top_artists_weekly,,96,https://yt3.googleusercontent.com/UKttX3rJhwi87HWoAgXQAJylTMoG14DJRC7IFXj2fv32PSU0eej6IOZsk2VRZNDODIkqMTzk=w64-h64-p,96 Hoài Lâm,,"1月 1, 1970",1492397,"96 96 Hoài Lâm 1月 1, 1970 - 15 1,492,397"
2026-08-09,vn,Vietnam,top_artists_weekly,,97,https://yt3.googleusercontent.com/e6FIzkdUbgZ94hUG421wsbLWckSmdu-GBhuKY4ZGR9aQgwzq2JnX3umAqYu8HYbHfyZGhpVbrSS1DLnLWA=w64-h64-p,18 Thu Hường,,"1月 1, 1970",1482596,"97 18 Thu Hường 1月 1, 1970 79 15 1,482,596"
2026-08-09,vn,Vietnam,top_artists_weekly,,98,https://yt3.googleusercontent.com/5GYeWpGUtgi8tPkwqV_Nnq9ZiE6PhSCoRSrfpK1CIdfZkndV5fLHZ-c2g9rAGfdQ6bV81Wvlc8UMjw=w64-h64-p,98 ILLIT,,"1月 1, 1970",1459141,"98 98 ILLIT 1月 1, 1970 - 14 1,459,141"
2026-08-09,vn,Vietnam,top_artists_weekly,,99,https://yt3.googleusercontent.com/i_9SSHHwVx_YRFhufUlVzsM4kGI6ncloDyzMTP0zNow2PjBXFW9bo5waZJsEUMZsmJ-sk-m-_w=w64-h64-p,99 AMEE,,"1月 1, 1970",1456373,"99 99 AMEE 1月 1, 1970 - 15 1,456,373"
2026-08-09,vn,Vietnam,top_artists_weekly,,100,https://lh3.googleusercontent.com/n_NV2xxI9Hx_WXraYuRPsuoLqGxhNXKvMM1ziIBoscR29LGLSuJ5zQqmA-HU2smvbxLg3E90mXOdGiQP=w64-h64-p,8 CM1X,,"1月 1, 1970",1453658,"100 8 CM1X 1月 1, 1970 92 15 1,453,658"
2026-08-09,th,Thailand,top_artists_weekly,,1,https://yt3.googleusercontent.com/DYQLMV3t02D_yxbR6-JIFBxkBKple-RPTHsLovVZjZnsqcMHi8S4N6RfWUoZdaBV4yQp3T-ItyE=w64-h64-p,● BOWKYLION,,"1月 1, 1970",11146665,"1 ● BOWKYLION 1月 1, 1970 1 15 11,146,665"
2026-08-09,th,Thailand,top_artists_weekly,,2,https://yt3.ggpht.com/ytc/AIdro_ngOl7xNCnQWXKaWponHEOGaZbJTZHRgQedZRnVNs6Xsw=w64-h64-p,1 Bodyslam,,"1月 1, 1970",10439557,"2 1 Bodyslam 1月 1, 1970 3 15 10,439,557"
2026-08-09,th,Thailand,top_artists_weekly,,3,https://yt3.googleusercontent.com/6tTVfqLvRQjzWtjiL5AV4apO1gX5s_Szt4-Rs-McLawP-cHaYsHdbQPHfByIVwTBAuQTl85FTPeaxFdP=w64-h64-p,1 Loso,,"1月 1, 1970",10390594,"3 1 Loso 1月 1, 1970 4 15 10,390,594"
2026-08-09,th,Thailand,top_artists_weekly,,4,https://lh3.googleusercontent.com/IvDeZZctvGGlKvYfmJiQ54LluArTP8OlYxZqVTHu_K53ab_NXwJCCOQdmc_PlTMm91sbHvSTzo69ODc=w64-h64-p,2 ILLSLICK,,"1月 1, 1970",10297662,"4 2 ILLSLICK 1月 1, 1970 2 15 10,297,662"
2026-08-09,th,Thailand,top_artists_weekly,,5,https://yt3.googleusercontent.com/bNl_O_iX0OWaVRKB1hEn1TsXUVjicQg1wnpbI2t2lgghV99BQ3M5AHMctHHRtFSliZv6ZM_P1J5A3r3D=w64-h64-p,1 PUN,,"1月 1, 1970",9662949,"5 1 PUN 1月 1, 1970 6 15 9,662,949"
2026-08-09,th,Thailand,top_artists_weekly,,6,https://lh3.googleusercontent.com/SPvDM_nPpOhKnR68u_iwI50CzuIlyyVWwUNSZMLFKytaLlByUncsmZzYeO5Ay-km84xBLYVTaSBNKgrn=w64-h64-p,1 YOUNGOHM,,"1月 1, 1970",9278322,"6 1 YOUNGOHM 1月 1, 1970 5 15 9,278,322"
2026-08-09,th,Thailand,top_artists_weekly,,7,https://yt3.googleusercontent.com/tWVeSR36zUDuU0R1SsjggdT3ifPEw_b7gUyKupy8ekXsMz9MzH6JLzd-1BHH_6GookUfhJlPPw=w64-h64-p,1 PURPEECH,,"1月 1, 1970",9116371,"7 1 PURPEECH 1月 1, 1970 8 15 9,116,371"
2026-08-09,th,Thailand,top_artists_weekly,,8,https://yt3.googleusercontent.com/B8RuU6rF6D1GrlO1GxBY8v8-7n0y9XKVCjEAzpUNI442Sy3ZkdiWbYH93kw-DVFZ26mNhI0CzA=w64-h64-p,1 蒙肯·根坤,,"1月 1, 1970",8792082,"8 1 蒙肯·根坤 1月 1, 1970 7 15 8,792,082"
2026-08-09,th,Thailand,top_artists_weekly,,9,https://yt3.ggpht.com/ytc/AIdro_kQapRBumqZkBOz9xMx0GpoWXS5tqFIBaJm5PZMqAvNCA=w64-h64-p,● COCKTAIL,,"1月 1, 1970",8190014,"9 ● COCKTAIL 1月 1, 1970 9 15 8,190,014"
2026-08-09,th,Thailand,top_artists_weekly,,10,https://yt3.ggpht.com/ytc/AIdro_kfP8rXI4Amdmk1h7NWsKhpCGJy8tzzlafbpW5LW2tJjgM=w64-h64-p,● Three Man Down,,"1月 1, 1970",7993469,"10 ● Three Man Down 1月 1, 1970 10 15 7,993,469"
2026-08-09,th,Thailand,top_artists_weekly,,11,https://yt3.googleusercontent.com/In97NZnQ89-8zesrfkMqYVmiRk0e1xixzG0dXsjY2En_Qvp4yIH7AxIyjVPvGwjP7WpVyvmsHofIdf4=w64-h64-p,● SARAN,,"1月 1, 1970",7697714,"11 ● SARAN 1月 1, 1970 11 15 7,697,714"
2026-08-09,th,Thailand,top_artists_weekly,,12,https://yt3.googleusercontent.com/MpD4FFpnwTg45F5-_NdUfLcZaJ-4WSgVdTMiZK-Cu_ja6pOIl-7lyOkjIfh30BA0itA048NkTfTYeFU=w64-h64-p,● Silly Fools,,"1月 1, 1970",7351634,"12 ● Silly Fools 1月 1, 1970 12 15 7,351,634"
2026-08-09,th,Thailand,top_artists_weekly,,13,https://yt3.googleusercontent.com/qcLxgGQJ-XZm3CW9wfheoMDzeXhi3nyLgSmArHaNZoeujo--xwNQvFtvztZe6OdYVd_sEySQPek_JHg=w64-h64-p,2 KRK,,"1月 1, 1970",6711088,"13 2 KRK 1月 1, 1970 15 15 6,711,088"
2026-08-09,th,Thailand,top_artists_weekly,,14,https://lh3.googleusercontent.com/jSAwr4kjuHIx91Y8dsZIvPx9Qmi_1sGKjxpnNfILwgI9Iz1zUHygFXuKN9IuQJcTTqGiz1HnXFUsEw=w64-h64-p,พงษ์สิทธิ์ คำภีร์,,,,พงษ์สิทธิ์ คำภีร์
2026-08-09,th,Thailand,top_artists_weekly,,15,https://yt3.googleusercontent.com/6fInkI1Uu2Hx9raAuyOZ3X-pmiYMXooMx0-7eT5WSxxgDcOdKCjeZovj7wXDV9KPGtGON1ZJ=w64-h64-p,3 大屁股樂團,,"1月 1, 1970",6335342,"15 3 大屁股樂團 1月 1, 1970 18 15 6,335,342"
2026-08-09,th,Thailand,top_artists_weekly,,16,https://yt3.googleusercontent.com/Zbbpal2EHdX38ZIqPJRjtRqp6r04Lq8LUcOa_Sm9CntmZeqecV9vRzdtU4x1aoeC6vq7WRrCwNTP6UWK=w64-h64-p,1 BLVCKHEART,,"1月 1, 1970",6251899,"16 1 BLVCKHEART 1月 1, 1970 17 15 6,251,899"
2026-08-09,th,Thailand,top_artists_weekly,,17,https://lh3.googleusercontent.com/8MOh3MDdzB9l6ZrvL1KbSU--ahyoFyJcgG5FEuqIT2zQJcd8Z6EAtRWVSbzKB9HoR1_akkpQVV7HFJk=w64-h64-p,2 卡拉寶,,"1月 1, 1970",6172077,"17 2 卡拉寶 1月 1, 1970 19 15 6,172,077"
2026-08-09,th,Thailand,top_artists_weekly,,18,https://yt3.ggpht.com/ytc/AIdro_lY6kVJFrj7L6ebB01zc82m7nTb-YGPXxFfnjXdRUtZlA=w64-h64-p,4 Kong Huayrai,,"1月 1, 1970",6072808,"18 4 Kong Huayrai 1月 1, 1970 14 15 6,072,808"
2026-08-09,th,Thailand,top_artists_weekly,,19,https://yt3.googleusercontent.com/DU6Kpr5TYKcW6QHvMnsJau5_8QSuix8LCLtf5UEaziZZdXw8SxvcxJ9YWmVIQuzhg2R-MVHYgjdGCQ=w64-h64-p,3 Ariana Grande,,"1月 1, 1970",6057043,"19 3 Ariana Grande 1月 1, 1970 16 15 6,057,043"
2026-08-09,th,Thailand,top_artists_weekly,,20,https://yt3.googleusercontent.com/mRMp0b_xApz2sHCTNt71EzBeRi9pF5m2QTlc4PVacrkLtTTdW-c9P4BGuYmA-kbw79rB9UZGxjLkHFXW=w64-h64-p,อ.ไข่ มาลีฮวนน่า,,,,อ.ไข่ มาลีฮวนน่า
2026-08-09,th,Thailand,top_artists_weekly,,21,https://yt3.googleusercontent.com/FsR_Gou5VtZrqvWcDHZx9RMwNmMCjKT1tblbbt44FgOuQCnVlrDFH1YePj50mTvwcapAC_4sew=w64-h64-p,1 JOEY PHUWASIT,,"1月 1, 1970",5511280,"21 1 JOEY PHUWASIT 1月 1, 1970 20 15 5,511,280"
2026-08-09,th,Thailand,top_artists_weekly,,22,https://lh3.googleusercontent.com/I2AtJc4L0wCTatVHR1wEgobrRexYK9Fq-rQan81jmL9zmLFdSDFtF7de3OuhCBOs9lKO8VIQf8of_S1k=w64-h64-p,1 賽桑・蘇品麥,,"1月 1, 1970",5300646,"22 1 賽桑・蘇品麥 1月 1, 1970 23 15 5,300,646"
2026-08-09,th,Thailand,top_artists_weekly,,23,https://yt3.googleusercontent.com/PoRg-euBwJ0C43D_AoRG0ZUMKZTYZgVPKwoFnddWTpD1_4s40cIinBPdAbISpPoTv0gAzWfaAA=w64-h64-p,1 奧拉泰,,"1月 1, 1970",5295162,"23 1 奧拉泰 1月 1, 1970 22 15 5,295,162"
2026-08-09,th,Thailand,top_artists_weekly,,24,https://yt3.googleusercontent.com/ZJTEA59hqLvhRvGiky6Kxkc8BbLljGfZcVO3um-HIaAfxb921syIalAsrTsDA15_vHtUzXovgU8=w64-h64-p,2 FREEHAND,,"1月 1, 1970",4632848,"24 2 FREEHAND 1月 1, 1970 26 15 4,632,848"
2026-08-09,th,Thailand,top_artists_weekly,,25,https://yt3.googleusercontent.com/Lf6-3WUNiN9tc__DBS0kcg89eep_EqiVoF-ElcVeZC8azfXaBdWzsL6jbvkA9x0LRRWLh2GIgsYDiVQ=w64-h64-p,3 Dr.Fuu,,"1月 1, 1970",4500176,"25 3 Dr.Fuu 1月 1, 1970 28 15 4,500,176"
2026-08-09,th,Thailand,top_artists_weekly,,26,https://lh3.googleusercontent.com/bUd4wSatgECbCYkj876mD4OXMhpzl4SWpSGQagI8BbLcBpWHt4HJKYSKr9orgYgHfibJ-NgbgO7-lpzx=w64-h64-p,9 PROXIE,,"1月 1, 1970",4479459,"26 9 PROXIE 1月 1, 1970 35 15 4,479,459"
2026-08-09,th,Thailand,top_artists_weekly,,27,https://yt3.googleusercontent.com/oVkIqwjsgJSAsaWaoPJO-GvyXB2UBdcqy0nwLrfkhZ_tWamYwTX3fv-S9TH3n8dUpQKY0x_loaQ=w64-h64-p,● Musketeers,,"1月 1, 1970",4434379,"27 ● Musketeers 1月 1, 1970 27 15 4,434,379"
2026-08-09,th,Thailand,top_artists_weekly,,28,https://lh3.googleusercontent.com/lNDS6_NXXKM-n1-1K-CMI-SQThxfICx79_PXtXnL-yCjUZfUwSGPLKRvJzPWOwmUTI7Sc5WE85GwVRM=w64-h64-p,4 欽達拉·蓬叻,,"1月 1, 1970",4357018,"28 4 欽達拉·蓬叻 1月 1, 1970 24 15 4,357,018"
2026-08-09,th,Thailand,top_artists_weekly,,29,https://lh3.googleusercontent.com/g234lnS_qibwulmE2BnlnSFHnALrW5njsw-K4hJp89MntvZfrkI8FxnpFo79fV8k8ABNi9IKaMtgSrNe=w64-h64-p,1 Bedroom Audio,,"1月 1, 1970",4282888,"29 1 Bedroom Audio 1月 1, 1970 30 15 4,282,888"
2026-08-09,th,Thailand,top_artists_weekly,,30,https://yt3.googleusercontent.com/qCRUeqRD078-d7KNf-W7JhdCy0EW2R9FsF37korJP22w4oQj1cP5DzpLF2wY3GPFXr0TDrlG=w64-h64-p,5 NONT TANONT,,"1月 1, 1970",4163800,"30 5 NONT TANONT 1月 1, 1970 25 15 4,163,800"
2026-08-09,th,Thailand,top_artists_weekly,,31,https://yt3.googleusercontent.com/M5EMH2WZ0b3NDP_4gK7kLNkKSisoeKuG958wc4cxBttbLG6BpAvNLT_rQ_xCK_8DfcOIKjZsmIY=w64-h64-p,● Yes'sir days,,"1月 1, 1970",4141723,"31 ● Yes'sir days 1月 1, 1970 31 15 4,141,723"
2026-08-09,th,Thailand,top_artists_weekly,,32,https://lh3.googleusercontent.com/tYX8P0Q8l7lODmYZqOkho2QaYvJU4fw44gObBJMzKIFO016jTK-hYdtSCI-77lL0wo2wrT7hlB3yWtU=w64-h64-p,1 Tattoo Colour,,"1月 1, 1970",4124284,"32 1 Tattoo Colour 1月 1, 1970 33 15 4,124,284"
2026-08-09,th,Thailand,top_artists_weekly,,33,https://yt3.ggpht.com/ytc/AIdro_m9V1F-7b15EXJL6zBqEvtupeHLM7mSbrK8yqqyj2jRGw=w64-h64-p,5 派·蓬沙吞,,"1月 1, 1970",3930314,"33 5 派·蓬沙吞 1月 1, 1970 38 15 3,930,314"
2026-08-09,th,Thailand,top_artists_weekly,,34,https://lh3.googleusercontent.com/U-SAmNOu4TynE818gLCfKsuHZ0U5YNEtO9mrjSI9WCCKERs98LzrCal5kajBBTQNwdcisoB2Bn-pHp4=w64-h64-p,2 The Weeknd,,"1月 1, 1970",3929893,"34 2 The Weeknd 1月 1, 1970 32 15 3,929,893"
2026-08-09,th,Thailand,top_artists_weekly,,35,https://yt3.googleusercontent.com/K4pKRW4t-ZIoqWC-5URiTW5pJYz0lxYxvkppZZ7eAefWeWNNZuYQ8XR8RwzBfYUL7m_Td-rPNugsJig=w64-h64-p,1 埋代•話摘星,,"1月 1, 1970",3899548,"35 1 埋代•話摘星 1月 1, 1970 34 15 3,899,548"
2026-08-09,th,Thailand,top_artists_weekly,,36,https://yt3.googleusercontent.com/RCpTA6EXJQyjVFDosWOKa2SMmqkua_lA9mHPDWWciLwgqpZLz-k8rXWRF_367trrQ7up9BUwCbk6kRk=w64-h64-p,1 Taylor Swift,,"1月 1, 1970",3864027,"36 1 Taylor Swift 1月 1, 1970 37 15 3,864,027"
2026-08-09,th,Thailand,top_artists_weekly,,37,https://yt3.googleusercontent.com/N0dXq3ZvHQ1PcxdGs8Tr1vE6MoNAMy0qcKNavpe__k19zsCCw-NHUVfkLM1IYfm_IJYIdNOHmV8=w64-h64-p,8 โชเล่ย์ ชคัทพล,,"1月 1, 1970",3846822,"37 8 โชเล่ย์ ชคัทพล 1月 1, 1970 29 15 3,846,822"
2026-08-09,th,Thailand,top_artists_weekly,,38,https://yt3.googleusercontent.com/DQA0vfilm99udmYrRHSshrXv8O7MporgjF4Polh_U1SDaxaOmIZ1BL2UcREWgy8G_Rjv3D1vZQ=w64-h64-p,1 Only Monday,,"1月 1, 1970",3770457,"38 1 Only Monday 1月 1, 1970 39 15 3,770,457"
2026-08-09,th,Thailand,top_artists_weekly,,39,https://yt3.ggpht.com/ytc/AIdro_mqPmYBMTcAmwTa9P51mJ8YCV5lk0I5j1exdoix5jC4xQ=w64-h64-p,3 Labanoon,,"1月 1, 1970",3697249,"39 3 Labanoon 1月 1, 1970 36 15 3,697,249"
2026-08-09,th,Thailand,top_artists_weekly,,40,https://yt3.googleusercontent.com/AFvP9875wo397ZWM-W5h2DV8DEqmFclPUGkV8_ve3K6F8MxKq51UsSnOE4-VSMCRCGgYl0NLsA=w64-h64-p,● Potato,,"1月 1, 1970",3680143,"40 ● Potato 1月 1, 1970 40 15 3,680,143"
2026-08-09,th,Thailand,top_artists_weekly,,41,https://lh3.googleusercontent.com/BKgJ2Qcko6lgLsnvB-URUnK2bgQ682OoJd7Dpa0829XrmIC40zfsFm74vNdmyaMBx8xUt-MHFwDIUUC9=w64-h64-p,46 Jennie,,"1月 1, 1970",3651916,"41 46 Jennie 1月 1, 1970 87 15 3,651,916"
2026-08-09,th,Thailand,top_artists_weekly,,42,https://yt3.googleusercontent.com/svHpptd2_f0Q_YrVv8RDktd2bcW8HPkgDsW0sPkXT05OZb9gPlp2_wwqZE0r5M8t6sFphX7QyMn6khM=w64-h64-p,1 Lipta,,"1月 1, 1970",3568973,"42 1 Lipta 1月 1, 1970 43 15 3,568,973"
2026-08-09,th,Thailand,top_artists_weekly,,43,https://lh3.googleusercontent.com/lwD4AHPargyHv-0quinuUZe_iK9OLXxI1oGBrYeQ1CXjE82wDl_wpqPzfudI1oU3AiO0G1KaTCtiaw=w64-h64-p,5 Ink Waruntorn,,"1月 1, 1970",3543419,"43 5 Ink Waruntorn 1月 1, 1970 48 15 3,543,419"
2026-08-09,th,Thailand,top_artists_weekly,,44,https://yt3.googleusercontent.com/o2hXfaNRI7Kq4P0VkgJMhlSD_mlfg9rvjnpeuZcU04BN0UhaAtJG0JX7JBDRHkLVuedE7jejH-V35SKk=w64-h64-p,3 Palmy,,"1月 1, 1970",3506089,"44 3 Palmy 1月 1, 1970 41 15 3,506,089"
2026-08-09,th,Thailand,top_artists_weekly,,45,https://yt3.googleusercontent.com/uMl3t6q_WIMurfjV4Hw6GvY4yASmTIA_h22u4V8O-wQ9EUwKo9B_Ya0wPpeAzL6yVW-KZVc9OHo=w64-h64-p,Kantong Tungngern,,,,Kantong Tungngern
2026-08-09,th,Thailand,top_artists_weekly,,46,https://lh3.googleusercontent.com/4ULlRiFBFglNemZJyKn6_e2-iOIdJEbgBgq_79RQclndG6pge0yGgS2k2On6E1FkCJzenyHkHRzkvjFp=w64-h64-p,1 Justin Bieber,,"1月 1, 1970",3482569,"46 1 Justin Bieber 1月 1, 1970 45 15 3,482,569"
2026-08-09,th,Thailand,top_artists_weekly,,47,https://yt3.googleusercontent.com/tgNxOXa-_OBJjtgDdOCRERKvLVuPdsMZFAZjGkHOcONZM7fdRjF-Xb5v973g63ojbgiyvYaKAg=w64-h64-p,5 AYLA's,,"1月 1, 1970",3467343,"47 5 AYLA's 1月 1, 1970 42 15 3,467,343"
2026-08-09,th,Thailand,top_artists_weekly,,48,https://yt3.googleusercontent.com/jifBgMPX5NXibdHn9ppvvWY4ndjMYhOFVyvfv-Wr8De347pjJydMmS-MuyllcOt9Rq8FA5zlwcE9-0gK=w64-h64-p,7 guncharlie,,"1月 1, 1970",3394903,"48 7 guncharlie 1月 1, 1970 55 15 3,394,903"
2026-08-09,th,Thailand,top_artists_weekly,,49,https://yt3.googleusercontent.com/F1e5LKm6WxOEOljZ8ffW5xdX-DX_c40inrpigHBhl93viR9V8K-QE0NNE5EXg2Db2I_yrxbFWZrbRiIa=w64-h64-p,5 Clash,,"1月 1, 1970",3374435,"49 5 Clash 1月 1, 1970 44 15 3,374,435"
2026-08-09,th,Thailand,top_artists_weekly,,50,https://yt3.googleusercontent.com/xO9xhfJCTky5tQL8wehWdqPFYmI1eR-No686-n6D0PRzGBsrnaUbQBdhY706UabGwdryySiOn4c=w64-h64-p,4 딱땐 촌다,,"1月 1, 1970",3366983,"50 4 딱땐 촌다 1月 1, 1970 46 15 3,366,983"
2026-08-09,th,Thailand,top_artists_weekly,,51,https://lh3.googleusercontent.com/Y0BMRylQZn--6HNMWwV6B_-nRRoiFMUt89Vt6X-JgU9HHXyLfOzkJCI8VIzORq_1g8vJlrUaScJdxIM=w64-h64-p,5 fellow fellow,,"1月 1, 1970",3281650,"51 5 fellow fellow 1月 1, 1970 56 15 3,281,650"
2026-08-09,th,Thailand,top_artists_weekly,,52,https://yt3.googleusercontent.com/R9LiXtW6eUK1b5bHQl9NjqmiwbYTDuHIDWWqO06GXHyRjLY9QkjkAlqfQwfx64Q4HWyhFrX6hJ7sjO77=w64-h64-p,● Pang Nakarin,,"1月 1, 1970",3276279,"52 ● Pang Nakarin 1月 1, 1970 52 15 3,276,279"
2026-08-09,th,Thailand,top_artists_weekly,,53,https://lh3.googleusercontent.com/NXu8rPYUFaGlHpcRHVCOtE3FOiNNuamM7CbefsKZLzeR5eUUOpvsmbQsAudmaxqHXqY1EMXGE6qtM_g=w64-h64-p,4 F.HERO,,"1月 1, 1970",3180725,"53 4 F.HERO 1月 1, 1970 57 15 3,180,725"
2026-08-09,th,Thailand,top_artists_weekly,,54,https://yt3.googleusercontent.com/nFsUBVFMJBsVfK3srdJNuUtNMl2Rf9Flg4XFi-qrAjxFnOteON2N1--yQdOFoXenKF0HarNHWA=w64-h64-p,6 WANYAi,,"1月 1, 1970",3178272,"54 6 WANYAi 1月 1, 1970 60 15 3,178,272"
2026-08-09,th,Thailand,top_artists_weekly,,55,https://yt3.googleusercontent.com/Bh78NItLobIsS5EJe0NpHR9hh9Ozz9JmK_icS15_ldcCnCBV3CpWwZXQlU8w0Mgj3xxXsGMgP7M=w64-h64-p,8 ASIA7,,"1月 1, 1970",3159284,"55 8 ASIA7 1月 1, 1970 47 15 3,159,284"
2026-08-09,th,Thailand,top_artists_weekly,,56,https://lh3.googleusercontent.com/zTePr9wIPMcmSkwDkzAhTifQ0_VyPWtD3rQou1aQAmI3tVAtRrEkst0zBXwqwVyImW-qMH-QhEG2elqK=w64-h64-p,5 Season Five,,"1月 1, 1970",3146173,"56 5 Season Five 1月 1, 1970 51 15 3,146,173"
2026-08-09,th,Thailand,top_artists_weekly,,57,https://lh3.googleusercontent.com/LGZOs_k6BO_5EeJ21E3yGgiLh_NA-3CUmQcQk3m4Z2Wko7hZnMvDNge-Q9dkmQBGzOgyNfkc0T6hzA=w64-h64-p,5 通猜·麥金泰,,"1月 1, 1970",3109082,"57 5 通猜·麥金泰 1月 1, 1970 62 15 3,109,082"
2026-08-09,th,Thailand,top_artists_weekly,,58,https://yt3.googleusercontent.com/VFRAdIO1kr04GU3MQ52zCiaA06AvA-Qc_qgWe6yhUbKs2T2w9oTA4mcPPpKGbMg88cZGa3f8OsSNjAZDpg=w64-h64-p,8 LITTLE JOHN,,"1月 1, 1970",3100156,"58 8 LITTLE JOHN 1月 1, 1970 50 15 3,100,156"
2026-08-09,th,Thailand,top_artists_weekly,,59,https://yt3.googleusercontent.com/qbU8okZNspmmXBUTMNDAXvOlhuquG-jlfPpsHY3XvMZ8SlZLumi5gYDl1K0dhSa-_Qw7qTpWNgo=w64-h64-p,6 บ่าววี,,"1月 1, 1970",3095576,"59 6 บ่าววี 1月 1, 1970 53 15 3,095,576"
2026-08-09,th,Thailand,top_artists_weekly,,60,https://lh3.googleusercontent.com/ZhozGNYB1INmjcRWqk99-REyODjazWsZNrGrUBw81-emoDoKzYO1q-9m0yWQXbFhsgj2Gtxcn5Uy2FTL=w64-h64-p,2 GAVIN:D,,"1月 1, 1970",2970813,"60 2 GAVIN:D 1月 1, 1970 58 15 2,970,813"
2026-08-09,th,Thailand,top_artists_weekly,,61,https://lh3.googleusercontent.com/0zh-zCEXhZ0XPyCHL-WU-fkggzF-_rpJQHbSDsmVei-zNU2x1A0emOWniaA6qYSapbym92W25tJUmOc=w64-h64-p,3 Maiyarap,,"1月 1, 1970",2954404,"61 3 Maiyarap 1月 1, 1970 64 15 2,954,404"
2026-08-09,th,Thailand,top_artists_weekly,,62,https://yt3.googleusercontent.com/hJozclCDYVtHb4CzlhF3QyYLSaMHq0FS-OoG71t97h013vDtLI69m4zFpz_WDIu0CW_7Q9i7onhGhk8=w64-h64-p,1 傑夫·沙圖爾,,"1月 1, 1970",2933002,"62 1 傑夫·沙圖爾 1月 1, 1970 61 15 2,933,002"
2026-08-09,th,Thailand,top_artists_weekly,,63,https://lh3.googleusercontent.com/Tr91-N5WlOrGACwx9ZqusWSVJOGmnxrMnCeIPyZ_qoc1cUrtDLZcBF1qxlaFLUu9LZg1SCXbAJwSCAuq=w64-h64-p,ธีร์ ทีเร็กซ์ OFFICIAL,,,,ธีร์ ทีเร็กซ์ OFFICIAL
2026-08-09,th,Thailand,top_artists_weekly,,64,https://yt3.googleusercontent.com/tPLXkoTZfSQV_BM5FZj0eUQ7o_uN266T-X5sQpMCbjNHkUtfMYrmLWcu7wCmYY387S7P4Mx6sg4jrGf9=w64-h64-p,1 โต๋เหน่อ,,"1月 1, 1970",2902975,"64 1 โต๋เหน่อ 1月 1, 1970 65 15 2,902,975"
2026-08-09,th,Thailand,top_artists_weekly,,65,https://yt3.googleusercontent.com/RfC-Rs0OeXoqY_7ZCfkjoWa6_UvSJPeRgHj2mKnE8zkCSCaAUG_emLulbPaTkHLPHbBPdfM8=w64-h64-p,1 Taxi,,"1月 1, 1970",2872028,"65 1 Taxi 1月 1, 1970 66 15 2,872,028"
2026-08-09,th,Thailand,top_artists_weekly,,66,https://yt3.googleusercontent.com/J1hBYUzXYs0sDD1EF1l3XxXpS-kcBgdxMMweX35_52COYr3No28szIjJLzvhcM4on-GRPudg5VM=w64-h64-p,12 Vieng Naruemon,,"1月 1, 1970",2828693,"66 12 Vieng Naruemon 1月 1, 1970 54 15 2,828,693"
2026-08-09,th,Thailand,top_artists_weekly,,67,https://yt3.googleusercontent.com/RmsiU2i1N7h5K3wiREuD9qLR5N5vgsdw5TlnvvewXmvJ-X9mo1AoK6EjHl2XZCcqSHyZVLWy1e9VZko=w64-h64-p,4 Am Seatwo,,"1月 1, 1970",2764667,"67 4 Am Seatwo 1月 1, 1970 71 15 2,764,667"
2026-08-09,th,Thailand,top_artists_weekly,,68,https://yt3.googleusercontent.com/WkY8ndUdgKreztWAzTIUaBZBgiQC0BEYpHhXSLjUzTQOwLcRvLasaps6Qo74wlv2ejAyeGdVpCI=w64-h64-p,7 Beer Prompong,,"1月 1, 1970",2756314,"68 7 Beer Prompong 1月 1, 1970 75 15 2,756,314"
2026-08-09,th,Thailand,top_artists_weekly,,69,https://lh3.googleusercontent.com/8rsLpP6VJjt-yTN8ZG5rY-qt2aCC-IYMWmVkk7qa8c5vrjO6zetKSgwO2QknHI3FtWl6Zannp2VsQ5o=w64-h64-p,6 防彈少年團,,"1月 1, 1970",2729739,"69 6 防彈少年團 1月 1, 1970 63 15 2,729,739"
2026-08-09,th,Thailand,top_artists_weekly,,70,https://yt3.googleusercontent.com/VKLe3q975eWwu1slk2WyRdJybm8wU_XKqhKo0pL0nJnfYlIYyLaLG5p_EtoITMmBT-i4H_y3yKZ-H4RZ=w64-h64-p,2 西里彭·安派蓬,,"1月 1, 1970",2687925,"70 2 西里彭·安派蓬 1月 1, 1970 68 15 2,687,925"
2026-08-09,th,Thailand,top_artists_weekly,,71,https://yt3.googleusercontent.com/Pt2Qr9eBEtjL16sw3Kf0sVlRqmjN0tEjRvcp0BH7hyrDY5BvjIafkClHQOhY0TrQIRuCaKpHEQ=w64-h64-p,1 วสันต์17,,"1月 1, 1970",2677350,"71 1 วสันต์17 1月 1, 1970 70 15 2,677,350"
2026-08-09,th,Thailand,top_artists_weekly,,72,https://lh3.googleusercontent.com/6oms9v1iT4wmXznwr74pOETAntnc617NSdgV3JXzIHm1EM1fZVogAA_NjDjiWUNbDxh2pQU5sfEyY4s=w64-h64-p,8 普提蓬·阿薩拉塔納功,,"1月 1, 1970",2665964,"72 8 普提蓬·阿薩拉塔納功 1月 1, 1970 80 15 2,665,964"
2026-08-09,th,Thailand,top_artists_weekly,,73,https://yt3.googleusercontent.com/2Bx-7fnwdiQI_AgC221nA3cpTWHFSu8hExqNTDbVNR6BhP-RqqQKwu95AoL--emKuqp5hdAVjg=w64-h64-p,73 Mirrr,,"1月 1, 1970",2658346,"73 73 Mirrr 1月 1, 1970 - 15 2,658,346"
2026-08-09,th,Thailand,top_artists_weekly,,74,https://yt3.googleusercontent.com/NpJjNjWba2DCqupQjIAhtgfqSHMku0W9GxDk-pUY41Nbj3FE0uiyh0qmojcFWSkQH31Gnks4tA=w64-h64-p,2 邁克·比隆蓬,,"1月 1, 1970",2644719,"74 2 邁克·比隆蓬 1月 1, 1970 72 15 2,644,719"
2026-08-09,th,Thailand,top_artists_weekly,,75,https://yt3.googleusercontent.com/LRRo2WO6lYnyx68klCbwiTZc1AwRP-axY-nM_7z5jNdCGwsMT5qFId9y1UE0Ap1z3_W_Pb8i=w64-h64-p,6 KLEAR,,"1月 1, 1970",2636256,"75 6 KLEAR 1月 1, 1970 69 15 2,636,256"
2026-08-09,th,Thailand,top_artists_weekly,,76,https://yt3.googleusercontent.com/q9nNXr0te7cNg3TGYSyD4-2gWTsIUJjfPoEK2ldTDgZTR0M7ZIgOBkNkb68tohfB5tlbVFPGF0_CtMcY=w64-h64-p,76 Ewai Rock Metal,,"1月 1, 1970",2630380,"76 76 Ewai Rock Metal 1月 1, 1970 - 2 2,630,380"
2026-08-09,th,Thailand,top_artists_weekly,,77,https://yt3.googleusercontent.com/2W7X-DNJiw81FCRzyud1zFhOuUALHn3qKFitF4Ji1oh_E99aKYfFNUy8-biNAFlhGqGDVtTnjsebM8QF=w64-h64-p,77 หนึ่ง บีเคแบนด์,,"1月 1, 1970",2602851,"77 77 หนึ่ง บีเคแบนด์ 1月 1, 1970 - 15 2,602,851"
2026-08-09,th,Thailand,top_artists_weekly,,78,https://yt3.googleusercontent.com/372HO0QXTEMD4y5ycn-Cpen3A1QogfI3az00qlAoVKzUGfxy_nthzq5KGdIyF738StBxTHSQxn7MxTlY=w64-h64-p,11 manutsawee,,"1月 1, 1970",2576994,"78 11 manutsawee 1月 1, 1970 67 15 2,576,994"
2026-08-09,th,Thailand,top_artists_weekly,,79,https://yt3.googleusercontent.com/qRYmWa5dzOlRoD8_uHIhsrAmwk8N9QiO7S_Rg3H4YyemB3oN3661_3en_7q9eJ8gvuoZAR9v0iFX8HW1=w64-h64-p,5 BABYMONSTER,,"1月 1, 1970",2532911,"79 5 BABYMONSTER 1月 1, 1970 74 15 2,532,911"
2026-08-09,th,Thailand,top_artists_weekly,,80,https://lh3.googleusercontent.com/hnefGBrazRhn4Z92bdSZBUENl40ONjRiVDsmZKZh-WZ2iCKE-2c7KKR7SNcZfzLHoRyB3E6as8L87YA=w64-h64-p,2 Bruno Mars,,"1月 1, 1970",2485975,"80 2 Bruno Mars 1月 1, 1970 78 15 2,485,975"
2026-08-09,th,Thailand,top_artists_weekly,,81,https://yt3.googleusercontent.com/MK_wNbnty4Sq9kBS9bdr9jA8zzB7eADZkwOHUuodc1xGgY5eyrM0QnE-tzvSDfy_sdnYzXu6_IhZawg=w64-h64-p,81 genie records,,"1月 1, 1970",2460424,"81 81 genie records 1月 1, 1970 - 15 2,460,424"
2026-08-09,th,Thailand,top_artists_weekly,,82,https://yt3.googleusercontent.com/s7PjFHZgSQCjZBNLzBG_6PUmI1TtqV_jmIKttKHdkxNTX_VrWLKbyQ5Le8DTSpKnQUJlxP_3nSH2bf8E=w64-h64-p,9 บุ๊ค ศุภกาญจน์,,"1月 1, 1970",2453366,"82 9 บุ๊ค ศุภกาญจน์ 1月 1, 1970 73 15 2,453,366"
2026-08-09,th,Thailand,top_artists_weekly,,83,https://yt3.googleusercontent.com/M77KNhcKlKzcvkADU2wRx3b3LIVTktXchg0OjM07tmnHuqHfu7rxPCrIMZ9qx2nL4T9r54PtQTM=w64-h64-p,2 No One Else,,"1月 1, 1970",2436236,"83 2 No One Else 1月 1, 1970 81 15 2,436,236"
2026-08-09,th,Thailand,top_artists_weekly,,84,https://yt3.googleusercontent.com/1R_mdcPqTGK4bPdKMS5L0k3JVdzCQ9uovlhdFoirFd1Y6Z9vBijDk4cQsetiIPOxgpcqly2FsVlUxUQ=w64-h64-p,7 Pop Pongkool,,"1月 1, 1970",2423452,"84 7 Pop Pongkool 1月 1, 1970 77 15 2,423,452"
2026-08-09,th,Thailand,top_artists_weekly,,85,https://lh3.googleusercontent.com/StviKtNPz77KIZYfx1SSlwcgPuYgDc2zBQB8fen0UhTH6TMIdbIdK52iVrKBDYMcS7kT_y8a1iUoUGIG=w64-h64-p,9 UrboyTJ,,"1月 1, 1970",2373101,"85 9 UrboyTJ 1月 1, 1970 76 15 2,373,101"
2026-08-09,th,Thailand,top_artists_weekly,,86,https://yt3.ggpht.com/ytc/AIdro_lq2o6irpc-TH5Bzy7sEedS5u-Gvyv1cJbvuDZ6zbtfqw=w64-h64-p,2 Paradox,,"1月 1, 1970",2323771,"86 2 Paradox 1月 1, 1970 84 15 2,323,771"
2026-08-09,th,Thailand,top_artists_weekly,,87,https://yt3.googleusercontent.com/RmUDFPJyvsxePIhpvkhmp6OE83Z4uUIBih5ba5tGZ5MwZO-m-e-Syhm2D6tvTRDMNaWdWwbzqg=w64-h64-p,2 PORZAX,,"1月 1, 1970",2283918,"87 2 PORZAX 1月 1, 1970 85 15 2,283,918"
2026-08-09,th,Thailand,top_artists_weekly,,88,https://yt3.googleusercontent.com/XvWlMni6RCOF2IdhS7Pe8iF4bnrk4Ru9lbBufWRJsIAE4HtGtjKfpaaEl46_W8URZnt-OLTVdLQ=w64-h64-p,9 Yungtarr,,"1月 1, 1970",2267784,"88 9 Yungtarr 1月 1, 1970 79 15 2,267,784"
2026-08-09,th,Thailand,top_artists_weekly,,89,https://yt3.googleusercontent.com/u-InHeeuA3lfFdDM620sI6zQ3NzIXTXG6cq4KpFH_qQULa9VCL0URVA6NcIY04sMKBOPH105xUK27D4w=w64-h64-p,7 Da Endorphine,,"1月 1, 1970",2245021,"89 7 Da Endorphine 1月 1, 1970 82 15 2,245,021"
2026-08-09,th,Thailand,top_artists_weekly,,90,https://yt3.googleusercontent.com/ThWwt0Zu3rzMvF4GLA_aAr2EyC-7LsDpR5R4AnFQUsvLTfjKbkVqJVVSAmMFi1P4J0UwMuAtaG6F42kPNA=w64-h64-p,90 25 hours,,"1月 1, 1970",2219275,"90 90 25 hours 1月 1, 1970 - 15 2,219,275"
2026-08-09,th,Thailand,top_artists_weekly,,91,https://yt3.googleusercontent.com/CNxHPwEZ0Wwlu_0VppuGhfjWHgFo7BSj7bApcjKX13g18iwuuqcycQzgr54bmJLte17dpgNuo0A=w64-h64-p,7 ดิด คิตตี้,,"1月 1, 1970",2179619,"91 7 ดิด คิตตี้ 1月 1, 1970 98 15 2,179,619"
2026-08-09,th,Thailand,top_artists_weekly,,92,https://lh3.googleusercontent.com/tEXtp5_SW-OAxw94IKD-suw0uDSittBCGG4CwDCPIXoLueuS6x6K1-n_l6VuJOA70Ied0nwe7HDhAzM=w64-h64-p,4 เบิ้ล ปทุมราช,,"1月 1, 1970",2141326,"92 4 เบิ้ล ปทุมราช 1月 1, 1970 88 15 2,141,326"
2026-08-09,th,Thailand,top_artists_weekly,,93,https://yt3.googleusercontent.com/hhOhymCAlpJblCXVwEWg6AueOzzN13xCs_6SKY9Pjo4-KDKFi9iXqA3yAgjEmekVpMO6CZqR3Q=w64-h64-p,10 พ็อก บิ๊กอายส์,,"1月 1, 1970",2129901,"93 10 พ็อก บิ๊กอายส์ 1月 1, 1970 83 15 2,129,901"
2026-08-09,th,Thailand,top_artists_weekly,,94,https://lh3.googleusercontent.com/NkZoMzGgXx34BDMTtFRUs_4sNrhaguFZDGUQaVkFi3RAEss0CV_M_kwZBXJNve8DMd2LljnTqUwl9w=w64-h64-p,3 Timethai,,"1月 1, 1970",2107402,"94 3 Timethai 1月 1, 1970 91 15 2,107,402"
2026-08-09,th,Thailand,top_artists_weekly,,95,https://yt3.googleusercontent.com/GZJElsEJuCDuuizxBNIVPdMDHT92aSwgI61u93zDGuihAhVASGYucjpG2Be2aI0LLmaXfRTp=w64-h64-p,6 MEYOU,,"1月 1, 1970",2100518,"95 6 MEYOU 1月 1, 1970 89 15 2,100,518"
2026-08-09,th,Thailand,top_artists_weekly,,96,https://lh3.googleusercontent.com/KI8hbxSEvqOXfkCSZZ0mYe-zPC-LKsfFGsiIFvcjD9Hfu30lRc-58uqfOhwB97pk1R0pUgHl-5V-nZET=w64-h64-p,96 Paper Planes,,"1月 1, 1970",2059773,"96 96 Paper Planes 1月 1, 1970 - 15 2,059,773"
2026-08-09,th,Thailand,top_artists_weekly,,97,https://yt3.googleusercontent.com/tNcAatZhbd3wkJzPoT_2sCo-Ugsc7k11rP_QJkjY8g1mk12EgWmlYFJ8XTG7SDJE-3Vm7JuXcPc=w64-h64-p,11 P6ICK,,"1月 1, 1970",2057753,"97 11 P6ICK 1月 1, 1970 86 15 2,057,753"
2026-08-09,th,Thailand,top_artists_weekly,,98,https://yt3.googleusercontent.com/7jndWy5UJwFJKueBCrizeFWOFwxKUOZZjRMIcPyRlv1X18tY9aJpkuSz_PpamnHVjbYV6s_oER8oi4g=w64-h64-p,4 Maroon 5,,"1月 1, 1970",2054330,"98 4 Maroon 5 1月 1, 1970 94 15 2,054,330"
2026-08-09,th,Thailand,top_artists_weekly,,99,https://yt3.googleusercontent.com/t9g2EWUW2ko1u2w1ZA0VLPmhknv0xSm3umt5P0fRy2UQZ_rffv1XpZwzj7GHK01TezuaF00fJ9VRjMbZ=w64-h64-p,4 沙揚·訕耶,,"1月 1, 1970",2044209,"99 4 沙揚·訕耶 1月 1, 1970 95 15 2,044,209"
2026-08-09,th,Thailand,top_artists_weekly,,100,https://lh3.googleusercontent.com/XNvJ6H5YOKMaJR2sBuqRQJZXc-3w0EnuIsrAXi6wWnGzqq1Aysc2Im08dW2XjuY5wAoX-JV2C0uN_KA=w64-h64-p,BUS,,"1月 1, 1970",2036992,"100 100 BUS 1月 1, 1970 - 15 2,036,992"
2026-08-09,id,Indonesia,top_artists_weekly,,1,https://yt3.googleusercontent.com/h8P1jEIZLM8lkMxNA6Nbq98b43wcqllJSNmcZTCRPAB-F6rG_0Nqw5w7fwou0PN1QGwSW5viwWD5NV0=w64-h64-p,● 圖魯斯,,"1月 1, 1970",18361136,"1 ● 圖魯斯 1月 1, 1970 1 512 18,361,136"
2026-08-09,id,Indonesia,top_artists_weekly,,2,https://lh3.googleusercontent.com/WP-k6kFk2XdH_l41tw8zWFNe9M-TVTnmfPCuqHJLj5apoMbsfUz6-UR9ICwspp2chE6_ra2ZB-nccA=w64-h64-p,● Raim Laode,,"1月 1, 1970",15058911,"2 ● Raim Laode 1月 1, 1970 2 181 15,058,911"
2026-08-09,id,Indonesia,top_artists_weekly,,3,https://yt3.googleusercontent.com/aR6R3_nuDbj9eoDE3tsxttNFBSthNSg8iM2APyap5bbBKhgJdA1j-tKBeloUrsctnO8IUJmPyoDtvXIQ=w64-h64-p,● Ajeng Febria,,"1月 1, 1970",13855548,"3 ● Ajeng Febria 1月 1, 1970 3 137 13,855,548"
2026-08-09,id,Indonesia,top_artists_weekly,,4,https://yt3.googleusercontent.com/WnS8_TSqLTP0D5Ltvu5mypx6ypsFj0dM0fSNvD8vz8K_f18nAU10bNsExXoI6t6mI-zR7ezxPYv3e7w=w64-h64-p,2 Ari Lesmana,,"1月 1, 1970",12844306,"4 2 Ari Lesmana 1月 1, 1970 6 23 12,844,306"
2026-08-09,id,Indonesia,top_artists_weekly,,5,https://lh3.googleusercontent.com/5_t9JRn7KopQJjyw8_1t8RFmaNSaX-P75wsHbUGDNqTNS3X-qUDvU8033AJn3D_y1IK-gSpIzBwX4w=w64-h64-p,● eńau,,"1月 1, 1970",12723708,"5 ● eńau 1月 1, 1970 5 28 12,723,708"
2026-08-09,id,Indonesia,top_artists_weekly,,6,https://lh3.googleusercontent.com/woWOuYcLDhSRRyFn6kNHJtaiGpD3dW2SnYZanXVdqe96T9Qs1Bt1GchfV73HsIJq2R013krAX3DyLA=w64-h64-p,2 Denny Caknan,,"1月 1, 1970",12298859,"6 2 Denny Caknan 1月 1, 1970 4 356 12,298,859"
2026-08-09,id,Indonesia,top_artists_weekly,,7,https://yt3.googleusercontent.com/sYMSnRegTIYAiQh6u-WM_mqqF0sF9NxSdSMl9XFXyqajJP0Ky690gw70xIIkiZ2HV2wjEANbUVDtuNY=w64-h64-p,● For Revenge,,"1月 1, 1970",11110288,"7 ● For Revenge 1月 1, 1970 7 235 11,110,288"
2026-08-09,id,Indonesia,top_artists_weekly,,8,https://lh3.googleusercontent.com/6xEP8mOA5xguCiwfeNq08D1o0GK7iPSNMwp80jJpyxw4bwdOgo4EO-8T4rnb8gv3_283YEoQsZvRLD4k=w64-h64-p,1 Peterpan,,"1月 1, 1970",10750875,"8 1 Peterpan 1月 1, 1970 9 515 10,750,875"
2026-08-09,id,Indonesia,top_artists_weekly,,9,https://yt3.googleusercontent.com/xFQbHjuH9LO_HkIMSAOf-vu1jMe-hH8y0L0VVEKPSkQn650JFu1Y46RWIIE4oF_kt0JTR5DlxI-NJwBc=w64-h64-p,1 Dewa 19,,"1月 1, 1970",10402637,"9 1 Dewa 19 1月 1, 1970 8 515 10,402,637"
2026-08-09,id,Indonesia,top_artists_weekly,,10,https://yt3.googleusercontent.com/-Nneom8RvoAW-ofeDOq3f29NXwrryp2kkqFpLzLA0c6rV1cjgeJGfMXjoGnxwYPPml2vNR8-v6s=w64-h64-p,5 Naykilla,,"1月 1, 1970",10358607,"10 5 Naykilla 1月 1, 1970 15 76 10,358,607"
2026-08-09,id,Indonesia,top_artists_weekly,,11,https://yt3.googleusercontent.com/DU6Kpr5TYKcW6QHvMnsJau5_8QSuix8LCLtf5UEaziZZdXw8SxvcxJ9YWmVIQuzhg2R-MVHYgjdGCQ=w64-h64-p,1 Ariana Grande,,"1月 1, 1970",8669715,"11 1 Ariana Grande 1月 1, 1970 12 515 8,669,715"
2026-08-09,id,Indonesia,top_artists_weekly,,12,https://lh3.googleusercontent.com/4ULlRiFBFglNemZJyKn6_e2-iOIdJEbgBgq_79RQclndG6pge0yGgS2k2On6E1FkCJzenyHkHRzkvjFp=w64-h64-p,1 Justin Bieber,,"1月 1, 1970",8537808,"12 1 Justin Bieber 1月 1, 1970 11 515 8,537,808"
2026-08-09,id,Indonesia,top_artists_weekly,,13,https://yt3.googleusercontent.com/8ImMAMQSD4FA6-gdqCZWSFaB-drHvkdfiFcFAk7Mcyy56ctfWD-Xxno-CHfGC4L6Ql8aR61XT0vX0F4b=w64-h64-p,● Hindia,,"1月 1, 1970",8429099,"13 ● Hindia 1月 1, 1970 13 316 8,429,099"
2026-08-09,id,Indonesia,top_artists_weekly,,14,https://yt3.googleusercontent.com/RCpTA6EXJQyjVFDosWOKa2SMmqkua_lA9mHPDWWciLwgqpZLz-k8rXWRF_367trrQ7up9BUwCbk6kRk=w64-h64-p,● Taylor Swift,,"1月 1, 1970",8398620,"14 ● Taylor Swift 1月 1, 1970 14 514 8,398,620"
2026-08-09,id,Indonesia,top_artists_weekly,,15,https://lh3.googleusercontent.com/hnefGBrazRhn4Z92bdSZBUENl40ONjRiVDsmZKZh-WZ2iCKE-2c7KKR7SNcZfzLHoRyB3E6as8L87YA=w64-h64-p,5 Bruno Mars,,"1月 1, 1970",8379553,"15 5 Bruno Mars 1月 1, 1970 10 515 8,379,553"
2026-08-09,id,Indonesia,top_artists_weekly,,16,https://yt3.googleusercontent.com/kj5XbrtjWS3G_96iQFhl0214DVdtZNAAU1bqshj-iG2VoQ69u_1ax6RQwFMK2t5bIANI_6vi1QM=w64-h64-p,2 Ipank,,"1月 1, 1970",8041868,"16 2 Ipank 1月 1, 1970 18 334 8,041,868"
2026-08-09,id,Indonesia,top_artists_weekly,,17,https://yt3.googleusercontent.com/JS-cVGmkC0KJQWWt0B-sD9pZJbhyhiJn6agIVc7q_9aFTQXxVh6EzuzsADQ-hOCfSxxvwPgbUXw=w64-h64-p,Difarina Indra Adella,,,,Difarina Indra Adella
2026-08-09,id,Indonesia,top_artists_weekly,,18,https://yt3.googleusercontent.com/zbah39bg4Q2yu1fsRDgD6_ZKXuDArn2jLX9iz-5xzkK0TO4KODNMNv23BPdLxYgPFfhRMn07x1eezoQC=w64-h64-p,Silvy Kumalasari,,,,Silvy Kumalasari
2026-08-09,id,Indonesia,top_artists_weekly,,19,https://lh3.googleusercontent.com/wmItRT4hTCJrmnlsh_JBgOeBXww9mquXhrNR0oW3_hPW9LsZ5Z2grMij01EaENdt6ensOJfKm-OCBKqJ=w64-h64-p,● Sal Priadi,,"1月 1, 1970",7317918,"19 ● Sal Priadi 1月 1, 1970 19 183 7,317,918"
2026-08-09,id,Indonesia,top_artists_weekly,,20,https://yt3.googleusercontent.com/vS1JdQdr9N316SQUWem0Bt6LftIHiHkXgKPQ4X1SVjSFq5w7P2GlyjzpWENEy9EmxzEGhClSCw=w64-h64-p,1 Juan Reza,,"1月 1, 1970",7199106,"20 1 Juan Reza 1月 1, 1970 21 88 7,199,106"
2026-08-09,id,Indonesia,top_artists_weekly,,21,https://lh3.googleusercontent.com/_wPXKRCH5rAX8AK1kJZ1bNhSpNyyEgBRNmREdPmLbvTy3sX_ldiKMRYFc5uChygV_KRx_SDrH1KgUifk=w64-h64-p,3 阿爾卡·雅格尼克,,"1月 1, 1970",7050763,"21 3 阿爾卡·雅格尼克 1月 1, 1970 24 515 7,050,763"
2026-08-09,id,Indonesia,top_artists_weekly,,22,https://yt3.googleusercontent.com/jjFbDHc_GFI6lVSSRPGWMrh71fJ16iZYMccLFbkN_Jq6uR-QYXzgRwFDSuZeDpOuAbIIzNnPAPDZgAHv=w64-h64-p,Nadhif Basalamah,,,,Nadhif Basalamah
2026-08-09,id,Indonesia,top_artists_weekly,,23,https://lh3.googleusercontent.com/ZBI5XEhdUvkE59Kr7HKZYIjoopuA_kC0uPAWNsEw-EmLfTtRaXuDEv-qYWTv_lahkpA8Yuhe7P-sO2Y=w64-h64-p,● Sheila on 7,,"1月 1, 1970",6723696,"23 ● Sheila on 7 1月 1, 1970 23 515 6,723,696"
2026-08-09,id,Indonesia,top_artists_weekly,,24,https://yt3.googleusercontent.com/DDebW5VciXI_oMRQC1cRIWlpDIWVaS8c_CbcCkf89YeHVziP9lkgA0xUZmmVRxGKmC3qmppuMtvIsa5U=w64-h64-p,1 Juicy Luicy,,"1月 1, 1970",6710484,"24 1 Juicy Luicy 1月 1, 1970 25 286 6,710,484"
2026-08-09,id,Indonesia,top_artists_weekly,,25,https://yt3.googleusercontent.com/ZrnQ5k3ve5QfVoNEzg_ZZtksKZXLiPVaEoaXHt8MI8FZses6LM1ljblJ8iY7HpU7IVmJf6kaIvj_VJA=w64-h64-p,2 Niken Salindry,,"1月 1, 1970",6641980,"25 2 Niken Salindry 1月 1, 1970 27 190 6,641,980"
2026-08-09,id,Indonesia,top_artists_weekly,,26,https://yt3.googleusercontent.com/fZCBFG8dNwrvV_VTONRTvUCa49uLRdw3xnVaUDtYmhSzBh5WPNvmkCjDoQ8-0GPyu4NI2UFMClGVi0A=w64-h64-p,4 Laila Ayu,,"1月 1, 1970",6572433,"26 4 Laila Ayu 1月 1, 1970 22 95 6,572,433"
2026-08-09,id,Indonesia,top_artists_weekly,,27,https://yt3.googleusercontent.com/E8nupXSF6-wweZCLqn5vwxPcLIGW2Tg9szpacMZoLXOXa1PGh-WpU5-7FH8YLfElD8Lbzh15kljZog=w64-h64-p,5 Katy Perry,,"1月 1, 1970",6453240,"27 5 Katy Perry 1月 1, 1970 32 400 6,453,240"
2026-08-09,id,Indonesia,top_artists_weekly,,28,https://yt3.googleusercontent.com/afyGsY_lRKW48vh9fmW4GdLzoe8GLqtiJLTLDR48mlXPcUmjoce2hEMjmutCsXiVcJFGT5IUgLfB63U=w64-h64-p,● Ungu,,"1月 1, 1970",6429589,"28 ● Ungu 1月 1, 1970 28 515 6,429,589"
2026-08-09,id,Indonesia,top_artists_weekly,,29,https://lh3.googleusercontent.com/8rsLpP6VJjt-yTN8ZG5rY-qt2aCC-IYMWmVkk7qa8c5vrjO6zetKSgwO2QknHI3FtWl6Zannp2VsQ5o=w64-h64-p,3 防彈少年團,,"1月 1, 1970",6147174,"29 3 防彈少年團 1月 1, 1970 26 515 6,147,174"
2026-08-09,id,Indonesia,top_artists_weekly,,30,https://lh3.googleusercontent.com/R7us4X19S1_-TLYiTywN_Hg0OFQCjlxDY2kYh5PjGXx2109VPUSLIwczdXlyGn_nY7AmsBqUdZpDfg=w64-h64-p,● Perunggu,,"1月 1, 1970",6045881,"30 ● Perunggu 1月 1, 1970 30 60 6,045,881"
2026-08-09,id,Indonesia,top_artists_weekly,,31,https://lh3.googleusercontent.com/D0XwIujDQOyeEwjeq7eF6lZA2GWF8TCkP7uVyXMqmvQWoubzy8i4wItMCLUBYdI64GS-IGeWL6EXl2Y=w64-h64-p,15 Akbar Chalay,,"1月 1, 1970",6008047,"31 15 Akbar Chalay 1月 1, 1970 46 41 6,008,047"
2026-08-09,id,Indonesia,top_artists_weekly,,32,https://yt3.googleusercontent.com/taxtgIghV9GbhxPOJ2_Utqh8T72EEBcGynoNX2dw9z-sSurU2GIW7vEM06ZYHJLOtcIOXvQZTpkfoJc=w64-h64-p,3 Pamungkas,,"1月 1, 1970",5839568,"32 3 Pamungkas 1月 1, 1970 29 351 5,839,568"
2026-08-09,id,Indonesia,top_artists_weekly,,33,https://yt3.googleusercontent.com/VdgLqr3Sno_U1IXj9qzk43azloCsjBeDy6MpFjfD8kMmco0AeL81qow0cpHynDfpaVlujCY11O7QO4d6=w64-h64-p,● Mahalini,,"1月 1, 1970",5686546,"33 ● Mahalini 1月 1, 1970 33 272 5,686,546"
2026-08-09,id,Indonesia,top_artists_weekly,,34,https://yt3.googleusercontent.com/1MrTMYk3XQeTy0EDkJOOkRaHwV2jo-8Es2y8ksOyDThn1btv3VrtzRJy8PbRzVY1V-xj9DBaELpR8jnS=w64-h64-p,3 Nadin Amizah,,"1月 1, 1970",5597728,"34 3 Nadin Amizah 1月 1, 1970 37 303 5,597,728"
2026-08-09,id,Indonesia,top_artists_weekly,,35,https://yt3.googleusercontent.com/fTB-H_cf-yD0vD-PEJ8WDV8ShQRB656knI-2j8hkQbpyu8bu05Oqhgb0regKyxecpCeAsqSMzQ=w64-h64-p,1 Ifan Seventeen,,"1月 1, 1970",5512178,"35 1 Ifan Seventeen 1月 1, 1970 34 116 5,512,178"
2026-08-09,id,Indonesia,top_artists_weekly,,36,https://lh3.googleusercontent.com/coesV4OVEVkua3_wJG-2BVvTc95yHF9sS1W6mOAtl4-vvTjQb250Hy_nVlfvudmEugb7_k05vhY9aJm4=w64-h64-p,5 Udit Narayan,,"1月 1, 1970",5477448,"36 5 Udit Narayan 1月 1, 1970 41 515 5,477,448"
2026-08-09,id,Indonesia,top_artists_weekly,,37,https://lh3.googleusercontent.com/DGtHDBg0fDPUmEJcmwPkjRqZcmw5R_ubEHGP_PZfBIrXjSLWCWtBJjm8Zp3ZyzAt0UqhoQ1_rPBuNSE=w64-h64-p,1 Tasya,,"1月 1, 1970",5447722,"37 1 Tasya 1月 1, 1970 36 364 5,447,722"
2026-08-09,id,Indonesia,top_artists_weekly,,38,https://lh3.googleusercontent.com/9KoRhPXYu9pl6BiSN_oCBpaAd5Qs6uBxflQze_OoO-wPokdmKxy8WhAGa2GcEPGFA14H8sGGLcqKdAc=w64-h64-p,2 Armada,,"1月 1, 1970",5399374,"38 2 Armada 1月 1, 1970 40 515 5,399,374"
2026-08-09,id,Indonesia,top_artists_weekly,,39,https://lh3.googleusercontent.com/hxROE1fvLWSxUYAFV3IgMp5vvjN91Jx6oS6uwSVyYN9_fb3I6PLaRa3Ufb4A0awxq4J5UoPFQAQM-Q=w64-h64-p,5 Bernadya,,"1月 1, 1970",5394227,"39 5 Bernadya 1月 1, 1970 44 129 5,394,227"
2026-08-09,id,Indonesia,top_artists_weekly,,40,https://yt3.googleusercontent.com/tvw8MiMqwgr8GfXYj2xvGRqdU182mEC2_sL7RUWvOsfeI1b0ZqL9dOyl0j9Xr5P5BUOqHlkR=w64-h64-p,9 Shinta Arsinta,,"1月 1, 1970",5365399,"40 9 Shinta Arsinta 1月 1, 1970 31 169 5,365,399"
2026-08-09,id,Indonesia,top_artists_weekly,,41,https://lh3.googleusercontent.com/xSk9Ej427QD9qTs24NkEQFiU23p8KURWUVcdy-Sp1nU7YaxmeTDstuqm0ot_chPzbogJnnwuWjoXk2Y=w64-h64-p,2 羅馬・伊拉馬,,"1月 1, 1970",5289646,"41 2 羅馬・伊拉馬 1月 1, 1970 39 437 5,289,646"
2026-08-09,id,Indonesia,top_artists_weekly,,42,https://yt3.googleusercontent.com/1WQkucf-R6qRfs-n0DGLHcxPAscqNQ-oyr84GR_NZl-P8ZSr9N33MXf4iPNlaZDNy8sGtMir1Q=w64-h64-p,4 Ndarboy Genk,,"1月 1, 1970",5255517,"42 4 Ndarboy Genk 1月 1, 1970 38 308 5,255,517"
2026-08-09,id,Indonesia,top_artists_weekly,,43,https://lh3.googleusercontent.com/49jlarJQA3SqQRrZZODYQjRZwj7e-duxZWwF3taTj8TxgSRw_U_ebvVPvVPAU0KxPeNw76xWZw17ejiN=w64-h64-p,6 Yeni Inka,,"1月 1, 1970",5210038,"43 6 Yeni Inka 1月 1, 1970 49 286 5,210,038"
2026-08-09,id,Indonesia,top_artists_weekly,,44,https://yt3.googleusercontent.com/41-4WZupE4yY88igineZefzBZ3ud2nrtlBMv61OBWOfOcATol8PhmI5OZ0fLlrTszyZ3Ul9I9sE=w64-h64-p,4 Olivia Rodrigo,,"1月 1, 1970",5112781,"44 4 Olivia Rodrigo 1月 1, 1970 48 287 5,112,781"
2026-08-09,id,Indonesia,top_artists_weekly,,45,https://lh3.googleusercontent.com/IOPk1oF8plzB2NS4GYdHLZme06-5PfP_OjMAPNhLtOfHrgzLZz6ItIcVujN31XZ4vuKLt26equAeYA=w64-h64-p,8 Tenxi,,"1月 1, 1970",5076085,"45 8 Tenxi 1月 1, 1970 53 81 5,076,085"
2026-08-09,id,Indonesia,top_artists_weekly,,46,https://lh3.googleusercontent.com/5FAL48O443AKKbDjv2howYu93mptVQieLfZLJ3xd0iESkZRFnPbZfhyRAGQ6yWekjbepBIYGTUCDufA=w64-h64-p,3 Jacson Seran,,"1月 1, 1970",5025826,"46 3 Jacson Seran 1月 1, 1970 43 101 5,025,826"
2026-08-09,id,Indonesia,top_artists_weekly,,47,https://yt3.googleusercontent.com/NDJK-SF-0wXoG8O1NRurU7KYaQLkq_wsanpyd3x7xWLEwuibl8EQ3bpQ0EGj2VH_1uylIxB82ws=w64-h64-p,2 Arief,,"1月 1, 1970",4966115,"47 2 Arief 1月 1, 1970 45 277 4,966,115"
2026-08-09,id,Indonesia,top_artists_weekly,,48,https://lh3.googleusercontent.com/zau9NHD_yabaiGfvwf52ckNIP2KVKh9RDZgMsGkAnAvb2ZJxw9P9icgFE8ROabj9S5Dq3HS5mhO9LY8=w64-h64-p,6 伊萬・法爾斯,,"1月 1, 1970",4840391,"48 6 伊萬・法爾斯 1月 1, 1970 54 515 4,840,391"
2026-08-09,id,Indonesia,top_artists_weekly,,49,https://yt3.googleusercontent.com/BeY4sDpZ9zge0jFVH0s7v31UQoOb3FubZXQGQ3z_zgFraWot-MkUuF7JH3sSCjtEfzwDgjs3LDgnVsyDJg=w64-h64-p,7 Guyon Waton,,"1月 1, 1970",4820235,"49 7 Guyon Waton 1月 1, 1970 56 325 4,820,235"
2026-08-09,id,Indonesia,top_artists_weekly,,50,https://yt3.googleusercontent.com/5ci78rKknUuBjvn9esGu_zXAZOzA62XIsRu6FMUj52xJIv0Yszfni4nHWJVUkr1BbxtBJhKcdcgZPXE=w64-h64-p,2 七級煉獄,,"1月 1, 1970",4808587,"50 2 七級煉獄 1月 1, 1970 52 515 4,808,587"
2026-08-09,id,Indonesia,top_artists_weekly,,51,https://yt3.googleusercontent.com/XrOmGBFyqD2DOpxQHuxzsUDa4O1iNaSgmQS6xuEIMKW-WoqeY-4TBcQW9qm5xXc-bCBWNLP71qbmzB0=w64-h64-p,4 Virgoun,,"1月 1, 1970",4781964,"51 4 Virgoun 1月 1, 1970 47 424 4,781,964"
2026-08-09,id,Indonesia,top_artists_weekly,,52,https://yt3.googleusercontent.com/tMtG60REHiBICQgc479wnea0_HvOuj1FKu7f7HftqoO9vUkJp9Rfmmybc-6k_-om0wzOnV7Mb-AkLsVM=w64-h64-p,1 Adrian Khalif,,"1月 1, 1970",4777649,"52 1 Adrian Khalif 1月 1, 1970 51 124 4,777,649"
2026-08-09,id,Indonesia,top_artists_weekly,,53,https://lh3.googleusercontent.com/WQi78Q-ACu0BaJzpbGB6tzd_xn-zjkZC1PqHuLxxP2vTFNOQUWNiTTEtCt5JePxbLFJZMTAPk23y2nk=w64-h64-p,11 Happy Asmara,,"1月 1, 1970",4646832,"53 11 Happy Asmara 1月 1, 1970 42 349 4,646,832"
2026-08-09,id,Indonesia,top_artists_weekly,,54,https://yt3.googleusercontent.com/93vnJ_aG5rTlruQDFaVhZHCTTRwGzS34R3SPKKCTBDZ84xutO5KUCiu-scL_ZTaV8g6HhH27diVq4HY=w64-h64-p,4 新好男孩,,"1月 1, 1970",4606673,"54 4 新好男孩 1月 1, 1970 58 149 4,606,673"
2026-08-09,id,Indonesia,top_artists_weekly,,55,https://lh3.googleusercontent.com/v78O_zDgEMvUp35uR0s0fU9pyvRJkELYJKKfYS33Kg1NpQrE4W-dzuS3CHuwWTdYsIs5RzwNpkiekcE=w64-h64-p,5 .Feast,,"1月 1, 1970",4604453,"55 5 .Feast 1月 1, 1970 60 103 4,604,453"
2026-08-09,id,Indonesia,top_artists_weekly,,56,https://yt3.googleusercontent.com/FDpwAfFsiJkf5kXfe6BwaNPprL8DbJKJlSWqrgNJwRI7Im9pi8o4ykZPKVaw6iPtA92HL7N2LIGGQHi-=w64-h64-p,6 Hearts2Hearts,,"1月 1, 1970",4530436,"56 6 Hearts2Hearts 1月 1, 1970 50 73 4,530,436"
2026-08-09,id,Indonesia,top_artists_weekly,,57,https://yt3.googleusercontent.com/fVrqVpoDVidIRGEnpxnF4ojShPgYM_ZEaZJjr6fPjt05q8eIauWWV3jifHI1tiBN-vZFeAS8m3c=w64-h64-p,7 Judika,,"1月 1, 1970",4479603,"57 7 Judika 1月 1, 1970 64 515 4,479,603"
2026-08-09,id,Indonesia,top_artists_weekly,,58,https://yt3.googleusercontent.com/RhoIalTCrJvhF1qMTUOUtijIDixBVOn6o42-JKBFJ-NE22anNRP1SSDK0bBJx-Q5a0jb0c1b=w64-h64-p,1 Kahitna,,"1月 1, 1970",4477565,"58 1 Kahitna 1月 1, 1970 57 82 4,477,565"
2026-08-09,id,Indonesia,top_artists_weekly,,59,https://yt3.googleusercontent.com/BJE1MMYdYZvc1zVSeGtHeE3wZacb78aXstpop6KyjCrAf7eBz1gdnyP3-uoVtjwTvkJH6ldkRX95AA=w64-h64-p,24 Mingse,,"1月 1, 1970",4426409,"59 24 Mingse 1月 1, 1970 83 4 4,426,409"
2026-08-09,id,Indonesia,top_artists_weekly,,60,https://yt3.googleusercontent.com/U5ierX4J6fdj6vlmiIjKKHQhYphsOYHBd43bJRao1T2qrojHb_xcPsnL-gprIEn_y900oPEZhp-iPXs=w64-h64-p,25 綠洲合唱團,,"1月 1, 1970",4420614,"60 25 綠洲合唱團 1月 1, 1970 35 303 4,420,614"
2026-08-09,id,Indonesia,top_artists_weekly,,61,https://yt3.googleusercontent.com/cjTBsNQ7NdrnTY_G_EZePqnZbUk6KEDRYyKkgJewt8RuWjarA9DoYOURswlbpjCWa5dfQcfDypis-sM=w64-h64-p,2 Rizky Febian,,"1月 1, 1970",4404976,"61 2 Rizky Febian 1月 1, 1970 59 482 4,404,976"
2026-08-09,id,Indonesia,top_artists_weekly,,62,https://lh3.googleusercontent.com/SeRlaBDKkz3X9WCJki7h43MP3gLE2a4rNA7hLE_up0TxhBTTwNLhtEomfG8sbZNuUaXerweIK_WWnXXF=w64-h64-p,18 Mario G Klau,,"1月 1, 1970",4340281,"62 18 Mario G Klau 1月 1, 1970 80 287 4,340,281"
2026-08-09,id,Indonesia,top_artists_weekly,,63,https://yt3.googleusercontent.com/PR0mjaeHuq1ClbUTOJZodJvjMYggClN_0RO36vVflbVJHbYC75AFujfAOn4RrgozIC_3q7plvjtnA7M=w64-h64-p,2 Simpatik Music,,"1月 1, 1970",4328944,"63 2 Simpatik Music 1月 1, 1970 65 141 4,328,944"
2026-08-09,id,Indonesia,top_artists_weekly,,64,https://lh3.googleusercontent.com/jtoHnQltvslLoadGrtXTXMiFzBDNp4DkQbCkKJ6ZT9T3UAw2ssponsLNKh3Acs_oj-KMEwBhKSqSM5A=w64-h64-p,2 Wali,,"1月 1, 1970",4320026,"64 2 Wali 1月 1, 1970 66 495 4,320,026"
2026-08-09,id,Indonesia,top_artists_weekly,,65,https://yt3.googleusercontent.com/MtBfcbV9Evdu_piXiPbEtakvDVmQ8uthkbhjagM0etf3xp693PRp6hZREJGcMJFerVAhvaMe=w64-h64-p,3 Toton Caribo,,"1月 1, 1970",4295851,"65 3 Toton Caribo 1月 1, 1970 62 167 4,295,851"
2026-08-09,id,Indonesia,top_artists_weekly,,66,https://yt3.googleusercontent.com/qRYmWa5dzOlRoD8_uHIhsrAmwk8N9QiO7S_Rg3H4YyemB3oN3661_3en_7q9eJ8gvuoZAR9v0iFX8HW1=w64-h64-p,3 BABYMONSTER,,"1月 1, 1970",4197777,"66 3 BABYMONSTER 1月 1, 1970 63 144 4,197,777"
2026-08-09,id,Indonesia,top_artists_weekly,,67,https://yt3.googleusercontent.com/2Ue-g0juho29M95shF5dSWuxILxq43bKM-1xDztHfZNJDVIEHdGgKbCUeU5VcvzEwu2xXnze9PGah4KrRw=w64-h64-p,6 Diva Aurel,,"1月 1, 1970",4138651,"67 6 Diva Aurel 1月 1, 1970 61 49 4,138,651"
2026-08-09,id,Indonesia,top_artists_weekly,,68,https://yt3.googleusercontent.com/v2IbHjnpsFFYo_Mk0acOSRbtmt-9XiT6Poie0X4ppGuCmiivtUBNO0rrZjhSHzCcyWgERfPb3v_XAWYQ=w64-h64-p,8 Jemsii,,"1月 1, 1970",4131279,"68 8 Jemsii 1月 1, 1970 76 84 4,131,279"
2026-08-09,id,Indonesia,top_artists_weekly,,69,https://yt3.googleusercontent.com/iUMi--2m_VOPZkjAJcEsdur-wZ830qsvBr1urgeTdtPvo9POYMqZmq1X7eGWq8_R6Dz0MKiZGAoIvPo=w64-h64-p,1 羅莎,,"1月 1, 1970",4054931,"69 1 羅莎 1月 1, 1970 68 515 4,054,931"
2026-08-09,id,Indonesia,top_artists_weekly,,70,https://lh3.googleusercontent.com/W_yOqnKSDYyeVOY_AsXhuAtb6rW3vCL3GtJ9DA1GxWOrJfyeSOqzvTv_TkFHijdkVPXWutASBlRFPg=w64-h64-p,● Arijit Singh,,"1月 1, 1970",3967761,"70 ● Arijit Singh 1月 1, 1970 70 515 3,967,761"
2026-08-09,id,Indonesia,top_artists_weekly,,71,https://yt3.googleusercontent.com/7jndWy5UJwFJKueBCrizeFWOFwxKUOZZjRMIcPyRlv1X18tY9aJpkuSz_PpamnHVjbYV6s_oER8oi4g=w64-h64-p,2 Maroon 5,,"1月 1, 1970",3890710,"71 2 Maroon 5 1月 1, 1970 73 513 3,890,710"
2026-08-09,id,Indonesia,top_artists_weekly,,72,https://yt3.googleusercontent.com/lTm2RdztJzuzo3mqE_RKZ6X4o8dcCoxIriF951_BCi9czYcEjcM8xGj-REdEzQZn3FnppRVqUg=w64-h64-p,3 SILET OPEN UP,,"1月 1, 1970",3847705,"72 3 SILET OPEN UP 1月 1, 1970 69 71 3,847,705"
2026-08-09,id,Indonesia,top_artists_weekly,,73,https://yt3.googleusercontent.com/CMP3xIZLYR96yar88Re6-fCwRXlsrxkv1WN_NMhtS6SsMCuiHmZxKF8XSfz9mkVKtzBZUgIA9Q=w64-h64-p,6 La Tasya,,"1月 1, 1970",3827592,"73 6 La Tasya 1月 1, 1970 67 28 3,827,592"
2026-08-09,id,Indonesia,top_artists_weekly,,74,https://yt3.googleusercontent.com/MyfVUOKWHpCifDs7cDKeoLuzJNnC4zicErRVFub3yprKe9xc4ncdlSOGlXNYbrqqDk8yKhoFFPL3x_T0=w64-h64-p,3 NDX A.K.A.,,"1月 1, 1970",3815555,"74 3 NDX A.K.A. 1月 1, 1970 71 276 3,815,555"
2026-08-09,id,Indonesia,top_artists_weekly,,75,https://lh3.googleusercontent.com/mFjMekiL9JJDrJOSTpAvu264z4DDmYS6pdy51ZCLr98kA256rvxSrIIuNv12kMj8RJW2vtTq1ECDhA=w64-h64-p,1 愛黛兒,,"1月 1, 1970",3813112,"75 1 愛黛兒 1月 1, 1970 74 411 3,813,112"
2026-08-09,id,Indonesia,top_artists_weekly,,76,https://lh3.googleusercontent.com/HsZDqggC4CwKO3Jp3svqgLquXHRaMENJgx35ADX9ecZoozfxXSr1FgOOBEDIixwwsFWBTqpI1JLNvrho=w64-h64-p,1 Raisa,,"1月 1, 1970",3762848,"76 1 Raisa 1月 1, 1970 75 445 3,762,848"
2026-08-09,id,Indonesia,top_artists_weekly,,77,https://yt3.googleusercontent.com/OGYJ7FprfafDEZ8KtgAarWfSspL3KgX0_NnVxn7TnjTVH7rxKx9-BezPcZUxDc9uk_C9Gg7iPN0HGGGuqA=w64-h64-p,1 Fira Cantika,,"1月 1, 1970",3736459,"77 1 Fira Cantika 1月 1, 1970 78 180 3,736,459"
2026-08-09,id,Indonesia,top_artists_weekly,,78,https://yt3.googleusercontent.com/fM0YtZ2FOJbPG_keWMMEsUFL1N3TdZ93z-3aziuE69JAnfZj0IlPJOv31ykRyNbxlMKCqJsKSw=w64-h64-p,1 Yovie Widianto,,"1月 1, 1970",3725401,"78 1 Yovie Widianto 1月 1, 1970 77 193 3,725,401"
2026-08-09,id,Indonesia,top_artists_weekly,,79,https://lh3.googleusercontent.com/x0EJtjVijA3xtPZQejke6OMBfoBU7l6GY2j6LScOFFwIfm4x0ZVyhrN3pLaddKiM8yUA5EDFzu0krLg=w64-h64-p,7 Ghea Indrawari,,"1月 1, 1970",3674991,"79 7 Ghea Indrawari 1月 1, 1970 72 171 3,674,991"
2026-08-09,id,Indonesia,top_artists_weekly,,80,https://yt3.googleusercontent.com/yGckU_ciz_GsjmCCWc6zwDfLdVDSVJ7s1-v7A_B2ENrg0s8PtaMjF0JvkfnlNFkjmDiXvrCaLsqC4g=w64-h64-p,17 Kangen Band,,"1月 1, 1970",3594478,"80 17 Kangen Band 1月 1, 1970 97 514 3,594,478"
2026-08-09,id,Indonesia,top_artists_weekly,,81,https://lh3.googleusercontent.com/U-SAmNOu4TynE818gLCfKsuHZ0U5YNEtO9mrjSI9WCCKERs98LzrCal5kajBBTQNwdcisoB2Bn-pHp4=w64-h64-p,1 The Weeknd,,"1月 1, 1970",3571933,"81 1 The Weeknd 1月 1, 1970 82 328 3,571,933"
2026-08-09,id,Indonesia,top_artists_weekly,,82,https://lh3.googleusercontent.com/vfewcvYos83Ugp9Lpx0D4TdTjT1g5rWhy-6OTAg7V1CljDjhsMoAza8FTm7PuXl6D4-KSpjwRoq5YHQ=w64-h64-p,4 Last Child,,"1月 1, 1970",3571294,"82 4 Last Child 1月 1, 1970 86 509 3,571,294"
2026-08-09,id,Indonesia,top_artists_weekly,,83,https://lh3.googleusercontent.com/GfL1-S_nOTqa6MvQQckMlBfdL3kAcrnUeJ_POXaVVjWMzAjrar3I1B-kvFDSil5tff1bbG3DCZfUXRUj=w64-h64-p,5 西城男孩,,"1月 1, 1970",3560132,"83 5 西城男孩 1月 1, 1970 88 509 3,560,132"
2026-08-09,id,Indonesia,top_artists_weekly,,84,https://lh3.googleusercontent.com/BKgJ2Qcko6lgLsnvB-URUnK2bgQ682OoJd7Dpa0829XrmIC40zfsFm74vNdmyaMBx8xUt-MHFwDIUUC9=w64-h64-p,84 Jennie,,"1月 1, 1970",3557296,"84 84 Jennie 1月 1, 1970 - 216 3,557,296"
2026-08-09,id,Indonesia,top_artists_weekly,,85,https://yt3.googleusercontent.com/VVGOJpxGFBbbUJHurZq_U1F_BjIhaMBAY1sDhOT3a2kE2DnidfYT8L_hY7WoJOusysvzn1msCoinvtma=w64-h64-p,85 Shawn Mendes,,"1月 1, 1970",3515931,"85 85 Shawn Mendes 1月 1, 1970 - 514 3,515,931"
2026-08-09,id,Indonesia,top_artists_weekly,,86,https://yt3.ggpht.com/ytc/AIdro_kMZXxwuX0_OlvbCD2if6-wdYB2RxugJf21W338RL8O=w64-h64-p,2 Seventeen,,"1月 1, 1970",3491026,"86 2 Seventeen 1月 1, 1970 84 353 3,491,026"
2026-08-09,id,Indonesia,top_artists_weekly,,87,https://yt3.googleusercontent.com/K5YkN0ruZFb_aqz2caPgencgflSqp0BqJYOSEhaCfVcjodcQS65vfH6_IO6JJUnaHI3D2s8v3i8AEyo=w64-h64-p,87 Afgan,,"1月 1, 1970",3470310,"87 87 Afgan 1月 1, 1970 - 342 3,470,310"
2026-08-09,id,Indonesia,top_artists_weekly,,88,https://lh3.googleusercontent.com/W-xQX-UXnsjcOu9nPDN6FMzL5o-OAMzcSKv53JZ2GHHo_DGIxbmK7rmgRQOlXWCD5RMz5DYNDKDd-nY=w64-h64-p,5 Budi Doremi,,"1月 1, 1970",3454739,"88 5 Budi Doremi 1月 1, 1970 93 319 3,454,739"
2026-08-09,id,Indonesia,top_artists_weekly,,89,https://lh3.googleusercontent.com/tQC4rOL6xz6FhmFr0ggQExxyGbYSOsyveXVSnPBh2WjEyIzQ9pMHablLJ-0GlMBrLBlBrbWQGmzrV6KN=w64-h64-p,2 比利·埃利什,,"1月 1, 1970",3445767,"89 2 比利·埃利什 1月 1, 1970 87 394 3,445,767"
2026-08-09,id,Indonesia,top_artists_weekly,,90,https://lh3.googleusercontent.com/ujcin-1geHfS_f5atpyz594QRAvdky-2YOHTLVqxSOsmUXpOHcZ_dNBizmqBlYiwxZluh3RrF9eA3sDB=w64-h64-p,9 NaFF,,"1月 1, 1970",3403411,"90 9 NaFF 1月 1, 1970 99 435 3,403,411"
2026-08-09,id,Indonesia,top_artists_weekly,,91,https://yt3.googleusercontent.com/unFDF_pXq_9xSLQTTU9n1xF_LKV33KSJ6YXizW7LWqeWliB5KvhytVZpyNzwrwoXVf1Bs0KJ=w64-h64-p,● Andra Respati,,"1月 1, 1970",3389141,"91 ● Andra Respati 1月 1, 1970 91 368 3,389,141"
2026-08-09,id,Indonesia,top_artists_weekly,,92,https://lh3.googleusercontent.com/yFx0i6mPxQoMeGUDkdgoP_eAuIzCsWkhyVYSR0zyf5rjjngODoFUJiRHDvhg2sRytupNq1bvSH9vuPw=w64-h64-p,3 ST 12,,"1月 1, 1970",3327254,"92 3 ST 12 1月 1, 1970 95 377 3,327,254"
2026-08-09,id,Indonesia,top_artists_weekly,,93,https://yt3.googleusercontent.com/1-Ipiq-y8WyAcWn88nuxwTHaaBWMg8VkCBuP3puDCec-neD3v-7SqoBRzmmBKmA-lir_Ie70yw9EKHk=w64-h64-p,12 艾倫·沃克,,"1月 1, 1970",3289997,"93 12 艾倫·沃克 1月 1, 1970 81 515 3,289,997"
2026-08-09,id,Indonesia,top_artists_weekly,,94,https://lh3.googleusercontent.com/IOKuXtp8PCQ_Fc-vaRKm3sKIXBxFV51gZheLTH5br-YGnWHFQf_Jywcuk7wbprYRoEbQyS_XZY6-nMJX=w64-h64-p,4 酷玩樂團,,"1月 1, 1970",3286786,"94 4 酷玩樂團 1月 1, 1970 90 515 3,286,786"
2026-08-09,id,Indonesia,top_artists_weekly,,95,https://yt3.googleusercontent.com/gKAVVgmPq8rRVjGXzkiaSxnHjfBdOBbl3kf1Nz2cel7vobVD5yzSVPE-Xr4c3brFq2nZ9xbbloRbPg=w64-h64-p,6 妮基,,"1月 1, 1970",3259628,"95 6 妮基 1月 1, 1970 89 298 3,259,628"
2026-08-09,id,Indonesia,top_artists_weekly,,96,https://lh3.googleusercontent.com/M4Wiu2uJ2ufeNqNsHzdsIxUBrB1wC2tb1hz3Csq0H_RJ15l3G9l5gWgkkqOmwYovsbLXuNE_f1LirKUF=w64-h64-p,2 Lyodra,,"1月 1, 1970",3224113,"96 2 Lyodra 1月 1, 1970 94 275 3,224,113"
2026-08-09,id,Indonesia,top_artists_weekly,,97,https://yt3.googleusercontent.com/rwmprjSSGL_FFwvkrXPnupEZz7nfbJISDblMpg-V1dqolKSxZWcbDMm3OYGdKalAMtBrc8ckwPt-mGY=w64-h64-p,1 Yovie & Nuno,,"1月 1, 1970",3183921,"97 1 Yovie & Nuno 1月 1, 1970 98 417 3,183,921"
2026-08-09,id,Indonesia,top_artists_weekly,,98,https://lh3.googleusercontent.com/dn6dtKA041IKvuv499nRn2i62IAFDJtaroKsFM6IBvhxSkNkhHMlwpXTMvBuDefJTyuvsSpjnEDsLVUb=w64-h64-p,13 艾絲翠,,"1月 1, 1970",3171047,"98 13 艾絲翠 1月 1, 1970 85 178 3,171,047"
2026-08-09,id,Indonesia,top_artists_weekly,,99,https://yt3.googleusercontent.com/eOU5FFspGeJ1B8IJHJiszFWdn30orB_4io5H0xSJBAW6spxgyqCp6pp70v3MTwwN0sqh-BEmBKpFvLHEUw=w64-h64-p,99 Fendik Adella,,"1月 1, 1970",3170882,"99 99 Fendik Adella 1月 1, 1970 - 236 3,170,882"
2026-08-09,id,Indonesia,top_artists_weekly,,100,https://yt3.googleusercontent.com/EtNRZXn9raEzWheS6WyCSG_kDtdvguV8UKy1snrOnRo1iP0cj3mSE4RbHhJBMT0toFqkcHjalJNMhnA=w64-h64-p,Andmesh,,"1月 1, 1970",3155548,"100 100 Andmesh 1月 1, 1970 - 401 3,155,548"
2026-08-09,in,India,top_artists_weekly,,1,https://lh3.googleusercontent.com/_wPXKRCH5rAX8AK1kJZ1bNhSpNyyEgBRNmREdPmLbvTy3sX_ldiKMRYFc5uChygV_KRx_SDrH1KgUifk=w64-h64-p,● 阿爾卡·雅格尼克,,"1月 1, 1970",352645427,"1 ● 阿爾卡·雅格尼克 1月 1, 1970 1 515 352,645,427"
2026-08-09,in,India,top_artists_weekly,,2,https://lh3.googleusercontent.com/coesV4OVEVkua3_wJG-2BVvTc95yHF9sS1W6mOAtl4-vvTjQb250Hy_nVlfvudmEugb7_k05vhY9aJm4=w64-h64-p,● Udit Narayan,,"1月 1, 1970",259749794,"2 ● Udit Narayan 1月 1, 1970 2 515 259,749,794"
2026-08-09,in,India,top_artists_weekly,,3,https://lh3.googleusercontent.com/W_yOqnKSDYyeVOY_AsXhuAtb6rW3vCL3GtJ9DA1GxWOrJfyeSOqzvTv_TkFHijdkVPXWutASBlRFPg=w64-h64-p,● Arijit Singh,,"1月 1, 1970",234089846,"3 ● Arijit Singh 1月 1, 1970 3 515 234,089,846"
2026-08-09,in,India,top_artists_weekly,,4,https://lh3.googleusercontent.com/cPvYaP4ByG-i7fUE-dKrjMgaNL8v3hC93ErP6meKnltvRuzxo-DINLQkTtvjfC6hVnzRMlnJEb9n3uM=w64-h64-p,● 庫馬・山奴,,"1月 1, 1970",207362164,"4 ● 庫馬・山奴 1月 1, 1970 4 515 207,362,164"
2026-08-09,in,India,top_artists_weekly,,5,https://yt3.ggpht.com/PgINZNe0qVxgMSXKG5vF82bNN4WCC12zgWsz9I7OLs4CLF9Cn0Vxq7Xc1ToupnzXrCv0nKfe3VM=w64-h64-p-k-c0x00ffffff-no-rj,● 舒蕾亞·戈沙爾,,"1月 1, 1970",182079634,"5 ● 舒蕾亞·戈沙爾 1月 1, 1970 5 515 182,079,634"
2026-08-09,in,India,top_artists_weekly,,6,https://lh3.googleusercontent.com/feZmeXdUHGejlI2qfS6ZDzS5AJJ2dtkG4SrWJ7AgeWuAOvobr_XC4m8REZ01uHpgX0qrpyY4557vKNA=w64-h64-p,● Shilpi Raj,,"1月 1, 1970",151730280,"6 ● Shilpi Raj 1月 1, 1970 6 308 151,730,280"
2026-08-09,in,India,top_artists_weekly,,7,https://lh3.googleusercontent.com/iWH_XSIO8yZvIqz8vxkwC9BjzGM4giAhR69Z6LZ0t8Rp79ASNFVwpwHZWOyyo94B_jsXl8HtFueMgMA=w64-h64-p,● 蘇努・尼甘,,"1月 1, 1970",117738274,"7 ● 蘇努・尼甘 1月 1, 1970 7 515 117,738,274"
2026-08-09,in,India,top_artists_weekly,,8,https://lh3.googleusercontent.com/aOdQY2mAYeneChSYXR-XM8Jmar12sSGavWQjNXJcoQnoxe6iri4ju4GuJKpyxDoCk3813ROgTBD72Gg=w64-h64-p,● 拉塔・曼蓋施卡,,"1月 1, 1970",113229182,"8 ● 拉塔・曼蓋施卡 1月 1, 1970 8 515 113,229,182"
2026-08-09,in,India,top_artists_weekly,,9,https://yt3.ggpht.com/ytc/AIdro_loUUAQFIvFnFeGPi7ojQ0x7KFOFusBaBXVAyxfrPiGk7U=w64-h64-p-k-c0x00ffffff-no-rj,● Pawan Singh,,"1月 1, 1970",101688566,"9 ● Pawan Singh 1月 1, 1970 9 515 101,688,566"
2026-08-09,in,India,top_artists_weekly,,10,https://yt3.googleusercontent.com/sjGMYJQ1J3FZEIBsMYUztMjjYOM4-NJ24CjmIHqxTWCxAM1YgjL-d_17u7_PRhTouOwwAjbu-2x5S6I=w64-h64-p,● Pritam,,"1月 1, 1970",98155822,"10 ● Pritam 1月 1, 1970 10 433 98,155,822"
2026-08-09,in,India,top_artists_weekly,,11,https://lh3.googleusercontent.com/rdhk-_2UHeXOqem15INGphwJQBGYj3JkeckFYUZVPoL5aVPm3TS730uKayljYiuahRXolePwSsyWO8KI=w64-h64-p,● 克瑟利·拉爾·亞達夫,,"1月 1, 1970",96260732,"11 ● 克瑟利·拉爾·亞達夫 1月 1, 1970 11 515 96,260,732"
2026-08-09,in,India,top_artists_weekly,,12,https://yt3.googleusercontent.com/tdAsmMAtaKxazC86csCLxZFGFoo0yrhyJDCsqqF4p9lAHQKwVCh2hwT1HEqcTCv2c5af5k7t=w64-h64-p,● Masoom Sharma,,"1月 1, 1970",91224320,"12 ● Masoom Sharma 1月 1, 1970 12 207 91,224,320"
2026-08-09,in,India,top_artists_weekly,,13,https://yt3.ggpht.com/3_aXOzmvqweQgBaXbFLccZlhXq2-AMo_ZaCjCKnulj8kicdbf1fw-_3thbSD_3ujOY4K3lzz1A=w64-h64-p-k-c0x00ffffff-no-rj,Anuradha Paudwal,,,,Anuradha Paudwal
2026-08-09,in,India,top_artists_weekly,,14,https://lh3.googleusercontent.com/E8XfclIOX4PdxZ_3l9wtn5Vqztps7NL4aWEcDoqNEQIFzupN1Cc3gQ8uS4eW50janJ8G0_nEoP3Uagk=w64-h64-p,1 沙赫瓦特·薩赫迪夫,,"1月 1, 1970",81412127,"14 1 沙赫瓦特·薩赫迪夫 1月 1, 1970 13 47 81,412,127"
2026-08-09,in,India,top_artists_weekly,,15,https://lh3.googleusercontent.com/wBG4jypwBcEGHd-qSbM2_4B46WPEhlOCjusCOEkxdnsoIC4WLS9LmFARZsE854pB-vAEYlsp4x2yiHE=w64-h64-p,Anirudh Ravichander,,,,Anirudh Ravichander
2026-08-09,in,India,top_artists_weekly,,16,https://yt3.googleusercontent.com/i-PUJfHy7H3_s1AUBWUaulTzhclF5MobqSIw_3nM3a2-kfCGsY_67K-dEOW7baAiBdfHvSOuHVjR_g=w64-h64-p,SP Balasubrahmanyam,,,,SP Balasubrahmanyam
2026-08-09,in,India,top_artists_weekly,,17,https://yt3.googleusercontent.com/vHMOuDn8gr3SW9Pm8yFgmtYzM5kj4ayng5HKRjW0OyjG9mPK923XMVtTZTt4NUG_1aemWNLSQ27zjtA=w64-h64-p,1 A. R. Rahman,,"1月 1, 1970",68690809,"17 1 A. R. Rahman 1月 1, 1970 16 515 68,690,809"
2026-08-09,in,India,top_artists_weekly,,18,https://yt3.googleusercontent.com/DI32a4ktbV42zA4V7QcVh1Ao8S7Z8ADtSfGOnOgBXlgNIsMtf_fycBJ-bX3Mtk6l6qtmNKBuY8P33GE=w64-h64-p,2 薩米爾・安姜,,"1月 1, 1970",63238430,"18 2 薩米爾・安姜 1月 1, 1970 20 227 63,238,430"
2026-08-09,in,India,top_artists_weekly,,19,https://lh3.googleusercontent.com/IAmNrms9LjVSMrBm2Ub2lhFJSPbslcTHzYEFDVgYtL2mTp40tYfJQLEkOsXNitpOcIULYU7Jpuv3ZLW2=w64-h64-p,● 希梅什·雷希漢米亞,,"1月 1, 1970",62702858,"19 ● 希梅什·雷希漢米亞 1月 1, 1970 19 515 62,702,858"
2026-08-09,in,India,top_artists_weekly,,20,https://lh3.googleusercontent.com/HJYhQHl6SVpLBm-njbjM9WaAMfAZ3UHHLtuRwEn0ggyC2BJOCZ6G6Fl7PjVnZ-7jn8PXBvOFHhKKbT4=w64-h64-p,2 Irshad Kamil,,"1月 1, 1970",58849718,"20 2 Irshad Kamil 1月 1, 1970 18 88 58,849,718"
2026-08-09,in,India,top_artists_weekly,,21,https://lh3.googleusercontent.com/_c102EBASHERqDnrU32iygceCB0ItZy5PSeR6rvnKEusmQWNZhZRcp_xdlZHS578a82QVSPKfOyrzn8=w64-h64-p,● 桑妮蒂·喬寒,,"1月 1, 1970",58412451,"21 ● 桑妮蒂·喬寒 1月 1, 1970 21 515 58,412,451"
2026-08-09,in,India,top_artists_weekly,,22,https://yt3.googleusercontent.com/ykJkyILKum4B2oudDxjnf5WNenWWZAp-WEz0_CHp4cu0VnqB2-uaNDylItqC68WLXV62rdHDun-ahbg=w64-h64-p,● 阿蒂夫·阿斯拉姆,,"1月 1, 1970",55867277,"22 ● 阿蒂夫·阿斯拉姆 1月 1, 1970 22 515 55,867,277"
2026-08-09,in,India,top_artists_weekly,,23,https://lh3.googleusercontent.com/d_HYYh2VX3FtJqth5lEYmz7eOMNPc-g14j2nY1APqjU5TJlpRqnlseCC8v-qvNWDpj170eDizWDQlw=w64-h64-p,1 基肖爾・庫馬爾,,"1月 1, 1970",52649840,"23 1 基肖爾・庫馬爾 1月 1, 1970 24 515 52,649,840"
2026-08-09,in,India,top_artists_weekly,,24,https://yt3.googleusercontent.com/9o3I0hxnjE0RtaYiUovaJxV82NDqudt-U0hrv3LIv0NP_zciTYMfGnYy6BOaV7fYE_udG85zWP-yUw=w64-h64-p,1 雅斯文·桑德拉斯,,"1月 1, 1970",52260537,"24 1 雅斯文·桑德拉斯 1月 1, 1970 23 410 52,260,537"
2026-08-09,in,India,top_artists_weekly,,25,https://lh3.googleusercontent.com/-DkBx6GO-dX52PlxBr5ypniFaHkC_FJQ3MX4rz45yp0IZ70YdOWR9CpRED-58hzmvIhQbIWCCiC10P4=w64-h64-p,Kavita Krishnamurthy,,,,Kavita Krishnamurthy
2026-08-09,in,India,top_artists_weekly,,26,https://yt3.googleusercontent.com/cFho6QFr9dAAQ7bspBLLi6jkuASqcgmFpgC4s3mnuSZkrUnGU9Zj6EZS5AlbKNv0gVFdw3CEVEGKaQ=w64-h64-p,2 K·S·切特拉,,"1月 1, 1970",50886433,"26 2 K·S·切特拉 1月 1, 1970 28 510 50,886,433"
2026-08-09,in,India,top_artists_weekly,,27,https://lh3.googleusercontent.com/KrXTdVSXgcC7l4QGzaxqDLcWy8BeNL7GvhP9FrytGQXgjaYk26_HMCvrN2wST0B4eoOJ6WLYE1SvQQA=w64-h64-p,7 Asha Bhosle,,"1月 1, 1970",50209496,"27 7 Asha Bhosle 1月 1, 1970 34 515 50,209,496"
2026-08-09,in,India,top_artists_weekly,,28,https://yt3.googleusercontent.com/bZl7WfvdMJ4KhVLSc_1v6MUYquMu8DcuMJUcXesGzzymrf6r3ZSBFBIszHhUizrrYfSS1s183RclyKc=w64-h64-p,1 Sadhana Sargam,,"1月 1, 1970",50129870,"28 1 Sadhana Sargam 1月 1, 1970 29 515 50,129,870"
2026-08-09,in,India,top_artists_weekly,,29,https://yt3.googleusercontent.com/wi8alXRwi5v_o2UffiZxzD3QaQhvFWfyl0ifaIqfbDyjWAALKwrK1WltPwIPH26Uy1O7IJpTkt00dRw=w64-h64-p,4 Neelkamal Singh,,"1月 1, 1970",49778803,"29 4 Neelkamal Singh 1月 1, 1970 25 125 49,778,803"
2026-08-09,in,India,top_artists_weekly,,30,https://lh3.googleusercontent.com/u_YlAOSU7_M6mI6_4Xo0KIIwI_9pVCnLg0BrdLQsW-KENvVuvnvsq-cHhFrCiD9Ft48jqirgp_gWWwg=w64-h64-p,4 KK,,"1月 1, 1970",49762263,"30 4 KK 1月 1, 1970 26 512 49,762,263"
2026-08-09,in,India,top_artists_weekly,,31,https://yt3.googleusercontent.com/fFEQDkLmuaBzUyXZAHIaQHUm78MRsN5oatXNscSJfE7e7IOFc3cVUqqgEoVo6mvYhp-3D4zd94nZZgY=w64-h64-p,1 維沙爾·謝卡爾,,"1月 1, 1970",49524014,"31 1 維沙爾·謝卡爾 1月 1, 1970 30 319 49,524,014"
2026-08-09,in,India,top_artists_weekly,,32,https://lh3.googleusercontent.com/4Jd9XSimz29-o12oJKUmgfTx3otHBHlTy0jb3Ace4ti2bz8Nuo59IeneNlM9EKRQXNRpLwk6YoEuNQ=w64-h64-p,1 Jubin Nautiyal,,"1月 1, 1970",48771617,"32 1 Jubin Nautiyal 1月 1, 1970 31 510 48,771,617"
2026-08-09,in,India,top_artists_weekly,,33,https://lh3.googleusercontent.com/Ss_NEfGmfpwXCiuoNxiKxWAoU3M484SwZ4UmahATX7KwOqIaoqTyESuNyZV3fzJm25bmjtfSUxsIFI8=w64-h64-p,● Yo・Yo・哈尼・辛,,"1月 1, 1970",47377974,"33 ● Yo・Yo・哈尼・辛 1月 1, 1970 33 515 47,377,974"
2026-08-09,in,India,top_artists_weekly,,34,https://yt3.googleusercontent.com/sMISGIhpReb1JJU_HuK7LbPPsWPdgv5CDtbmUexKtaWZ2bStFOU0FDNKrpFewbU_Osx0Gb9kPhqG-gXH=w64-h64-p,2 Sai Abhyankkar,,"1月 1, 1970",46082411,"34 2 Sai Abhyankkar 1月 1, 1970 36 108 46,082,411"
2026-08-09,in,India,top_artists_weekly,,35,https://lh3.googleusercontent.com/RhE_q9W1bv6s7SBSXgsTHgdKLc1MVocl1ZvBICyjoiHP38MsJKpLLF8NP3UmOPgXajBH1N72jmrbBA=w64-h64-p,● 安巴希·巴塔查里亞,,"1月 1, 1970",45661549,"35 ● 安巴希·巴塔查里亞 1月 1, 1970 35 515 45,661,549"
2026-08-09,in,India,top_artists_weekly,,36,https://yt3.googleusercontent.com/v3OLvtC4FbLMVN8q1NTWVMHC_PA1fB6kQ_G78J4zqh7wQfgeodjTTK85kxWmh-4HJuc5N58i9Q=w64-h64-p,10 B Praak,,"1月 1, 1970",44277186,"36 10 B Praak 1月 1, 1970 46 396 44,277,186"
2026-08-09,in,India,top_artists_weekly,,37,https://yt3.googleusercontent.com/6KbAo2VzC5EJOkGe2R-jALekh_kCML2RMlajS_4SButwJTlfRKjvS57BfbWbqZooUJ9b7ug8dK4nFwVs=w64-h64-p,● 薩辛,吉格爾,"1月 1, 1970",42802681,"37 ● 薩辛-吉格爾 1月 1, 1970 37 340 42,802,681"
2026-08-09,in,India,top_artists_weekly,,38,https://yt3.googleusercontent.com/ZjpNFV5FdJiI4OzRSm3WImVBY7ijp1-oXkqAMmyfy73oLPkWdQi7iPt7s9UhtqxNVk3hiWQIEQ=w64-h64-p,6 Aashish Yadav,,"1月 1, 1970",42699499,"38 6 Aashish Yadav 1月 1, 1970 32 161 42,699,499"
2026-08-09,in,India,top_artists_weekly,,39,https://yt3.googleusercontent.com/jEh-GLa0VeT7J8D3IhnDH9WqfdPNTp0OthFle0NNtpU6b2nVHUr3vS_trVXlBeYROz-36bAQYw=w64-h64-p,G.V. Prakash Kumar,,,,G.V. Prakash Kumar
2026-08-09,in,India,top_artists_weekly,,40,https://lh3.googleusercontent.com/fV2lMYLeaJc9jxta-eXfwHhvfQHCk9c6HgTVw8MqiGasI-kZQ8qbkuHnrTcXIhzkfmwGfMxwFbI-4CU=w64-h64-p,1 妮哈·卡卡爾,,"1月 1, 1970",41804413,"40 1 妮哈·卡卡爾 1月 1, 1970 41 515 41,804,413"
2026-08-09,in,India,top_artists_weekly,,41,https://lh3.googleusercontent.com/k7sgqqcV5VScaMZtTmS8W_tfouLVBpgyJII0epYE2Vjw1-zzhGgUCV51aHxZn6cmZKKJgUfNlIVpZg=w64-h64-p,3 Karan Aujla,,"1月 1, 1970",41408180,"41 3 Karan Aujla 1月 1, 1970 38 350 41,408,180"
2026-08-09,in,India,top_artists_weekly,,42,https://yt3.googleusercontent.com/xO2klsIfqkRXq8aosEeEd2m3gvQQk1vqL8auvAL6l0YaJPVwE44BElRQD0Ek6urhUFIepNFQ81fmJjZj=w64-h64-p,1 米通,,"1月 1, 1970",41160019,"42 1 米通 1月 1, 1970 43 469 41,160,019"
2026-08-09,in,India,top_artists_weekly,,43,https://yt3.googleusercontent.com/QdPfCNLIFDY4vMedmsKbCx5cISWjNUad5Rv5FK8_bw4C60y5KDVeB2AVBrGKIwl6BB9LFERnyg=w64-h64-p,1 Gur Sidhu,,"1月 1, 1970",40605702,"43 1 Gur Sidhu 1月 1, 1970 42 286 40,605,702"
2026-08-09,in,India,top_artists_weekly,,44,https://lh3.googleusercontent.com/dJy5Bpwx4qENTOXxk9YPXrjAhghP4pRdlzvoOZq8uZXihEPMN8PXnZzM-05R1TDDJkjU7oEij8LhEfw=w64-h64-p,Shankar Mahadevan,,,,Shankar Mahadevan
2026-08-09,in,India,top_artists_weekly,,45,https://yt3.googleusercontent.com/CkSBKxmPT_97r-CR5HPGrTzZef53Li3Zgv5S8MLajtLFTrYWejm3lvJqB15bjhqYaw5pvkzR=w64-h64-p,6 維沙爾·米什拉,,"1月 1, 1970",40368020,"45 6 維沙爾·米什拉 1月 1, 1970 39 291 40,368,020"
2026-08-09,in,India,top_artists_weekly,,46,https://lh3.googleusercontent.com/blpZLT0W8240Tac-bCvRIO9_j1v4kP4g9EdKnx0PKotrKRHr82bJjMvVPVxYHK9bdml5Yo_omphru_rx=w64-h64-p,Dhanda Nyoliwala,,,,Dhanda Nyoliwala
2026-08-09,in,India,top_artists_weekly,,47,https://yt3.ggpht.com/ytc/AIdro_kiQJ0Hhp0O-tdaY1dy81-gSNujjccUlWstnpFr686ZlMk=w64-h64-p,Sidhu Moose Wala,,,,Sidhu Moose Wala
2026-08-09,in,India,top_artists_weekly,,48,https://lh3.googleusercontent.com/QxbV6wK_wcQWcBY9rBicZlsl1-gX5M6nGjfNN3BTzgknhaSJ6yhnHW7NmF4dTx0Ch9g9-VTD6YUD2crW=w64-h64-p,● Ilaiyaraaja,,"1月 1, 1970",37412813,"48 ● Ilaiyaraaja 1月 1, 1970 48 286 37,412,813"
2026-08-09,in,India,top_artists_weekly,,49,https://yt3.googleusercontent.com/0sn-IebZUSV-wR3iWumDsn7_jBTY8titCi3bnSbDDyB3BWFBzmWPWQP0Jo0EWF_SNs_OIcXL=w64-h64-p,2 Zubeen Garg,,"1月 1, 1970",37362774,"49 2 Zubeen Garg 1月 1, 1970 51 391 37,362,774"
2026-08-09,in,India,top_artists_weekly,,50,https://yt3.ggpht.com/ytc/AIdro_mlI5JHMgWLPJr9MD0QxzRwv23EvDWuSvA1via6H5iHJFA=w64-h64-p,Sukhwinder Singh,,,,Sukhwinder Singh
2026-08-09,in,India,top_artists_weekly,,51,https://yt3.googleusercontent.com/h0h5KKLT_sUwLwLe8Hf4Unol7xr-8XTCU8NkI4UjouJvb3U-RxkXv-DH1TpELo7nAfVO0ZruQduij5_Xtw=w64-h64-p,1 穆罕默德·阿齊茲,,"1月 1, 1970",36552898,"51 1 穆罕默德·阿齊茲 1月 1, 1970 52 512 36,552,898"
2026-08-09,in,India,top_artists_weekly,,52,https://yt3.googleusercontent.com/JPb23neepjgCG2GmBjJkNLZyMg6SbUD74FuGYIdn_sEKzWah66J2cJw4QdBhjaIM0zWrTwFMyYorquo=w64-h64-p,7 坦尼許・巴格奇,,"1月 1, 1970",36370089,"52 7 坦尼許・巴格奇 1月 1, 1970 45 440 36,370,089"
2026-08-09,in,India,top_artists_weekly,,53,https://yt3.ggpht.com/ytc/AIdro_li2lsmbfskQRf4VjFrJ0-qXRPjVmorZu8DsI4fRBBm4Wc=w64-h64-p,2 莫赫·克,,"1月 1, 1970",36086177,"53 2 莫赫·克 1月 1, 1970 55 495 36,086,177"
2026-08-09,in,India,top_artists_weekly,,54,https://yt3.googleusercontent.com/okW6cGzIHVezP_kl1amShTVhxiJFX8ErptuN9OWKKua2042KEGl1Mg6wR7N_R2Eoyft-p-nV=w64-h64-p,● Shiva Choudhary,,"1月 1, 1970",35004379,"54 ● Shiva Choudhary 1月 1, 1970 54 183 35,004,379"
2026-08-09,in,India,top_artists_weekly,,55,https://yt3.googleusercontent.com/S9PGvHRiKrnayD-DU6akHxUBSyj3HnLP-lDFaOMvuLLXxh3mTxmqDdkXDPrBwmUP1bKWHrV1GogQ8aEK=w64-h64-p,8 Khushi Kakkar,,"1月 1, 1970",34545425,"55 8 Khushi Kakkar 1月 1, 1970 47 145 34,545,425"
2026-08-09,in,India,top_artists_weekly,,56,https://lh3.googleusercontent.com/bbR8znm7CX07mCGQH-M484ckFRaKkSmTjwrwuFZxQUBy7Uc5gQcintkpqDXCuSX0DdLLg2aPskZhC2s=w64-h64-p,1 Badshah,,"1月 1, 1970",34162130,"56 1 Badshah 1月 1, 1970 57 515 34,162,130"
2026-08-09,in,India,top_artists_weekly,,57,https://lh3.googleusercontent.com/gAEG6mk98mU1GRXQnUvI6bvbqRtDLVniCn7YItbjJS3y4acOJiyogYK5skQ0ucT7nXWiBqFoaeN0-g=w64-h64-p,1 默罕默德·拉斐,,"1月 1, 1970",33928892,"57 1 默罕默德·拉斐 1月 1, 1970 58 515 33,928,892"
2026-08-09,in,India,top_artists_weekly,,58,https://yt3.ggpht.com/ytc/AIdro_md1uks6dsIvyxOarKARXS3XHSLe3qkK39B30SzcHTKkA=w64-h64-p,2 Cheema Y,,"1月 1, 1970",33442805,"58 2 Cheema Y 1月 1, 1970 56 124 33,442,805"
2026-08-09,in,India,top_artists_weekly,,59,https://yt3.ggpht.com/ytc/AIdro_mbmXRIeAXR6bBQQwneeiRK9enhSfAkChnaDs1Ww4VafQ=w64-h64-p,3 Javed Ali,,"1月 1, 1970",32987999,"59 3 Javed Ali 1月 1, 1970 62 435 32,987,999"
2026-08-09,in,India,top_artists_weekly,,60,https://yt3.googleusercontent.com/GEnUe3_xsReEBi3LAMu2CSOOiHzTVsv66v6SWn7RTME-jf3znyLMJUnQ3fYEaTbYgTenqs06Sq2TzcK-=w64-h64-p,1 阿米塔布·巴塔查亞,,"1月 1, 1970",32869911,"60 1 阿米塔布·巴塔查亞 1月 1, 1970 61 213 32,869,911"
2026-08-09,in,India,top_artists_weekly,,61,https://yt3.googleusercontent.com/uQOMBpazvHHVRD0G_LB7SMJOALXp-JmRVYgHZXn1Lz8OYYiBXSgKQHc58OlMLYyrrmjtawjDDokbbLFz=w64-h64-p,16 Palak Muchhal,,"1月 1, 1970",32543095,"61 16 Palak Muchhal 1月 1, 1970 77 515 32,543,095"
2026-08-09,in,India,top_artists_weekly,,62,https://yt3.googleusercontent.com/7EYXXMXY594V8y4sZT2aawmdKgDAGTu5jNm9C-HpR3jY9cZJ0NMxS__nZKBdWZ1PUpJPjc2BAA=w64-h64-p,3 迪爾吉特・杜新志,,"1月 1, 1970",32042856,"62 3 迪爾吉特・杜新志 1月 1, 1970 59 515 32,042,856"
2026-08-09,in,India,top_artists_weekly,,63,https://lh3.googleusercontent.com/_ld0efVFAUq-BZ_5DQbBh_5HE-W9NQJXqRw2E2p2PZQagjtkKkw-3gud1AkBqDYJQsZNXP43mO9FKw=w64-h64-p,● 阿努·馬利克,,"1月 1, 1970",31941297,"63 ● 阿努·馬利克 1月 1, 1970 63 299 31,941,297"
2026-08-09,in,India,top_artists_weekly,,64,https://yt3.googleusercontent.com/hKBstvCQSnEz6mXwKDLRAYhNZ9msqLvA6Ox2ay0JKY1Mwo0cJEhSeUfXiTsm2xK6oogwfbFbOw=w64-h64-p,● Raushan Rohi,,"1月 1, 1970",30707092,"64 ● Raushan Rohi 1月 1, 1970 64 195 30,707,092"
2026-08-09,in,India,top_artists_weekly,,65,https://yt3.googleusercontent.com/A48g5YBfnwM9ckO5jsgxVJEtieC3O1ot_gpSQOSXVEcZu1PQMploq7zVKfbSUqRAYDodFI_EJQ=w64-h64-p,5 Ashu Twinkle,,"1月 1, 1970",30637967,"65 5 Ashu Twinkle 1月 1, 1970 60 192 30,637,967"
2026-08-09,in,India,top_artists_weekly,,66,https://yt3.googleusercontent.com/zKmXjSeugnPazIc4PEpXkmOOofITTv_aYCaL0-9yGcVcLJBtL6zKtsVUc89jTm3xOkop_QDiIq4Ks8s=w64-h64-p,10 Shrishti Bharti,,"1月 1, 1970",29948452,"66 10 Shrishti Bharti 1月 1, 1970 76 54 29,948,452"
2026-08-09,in,India,top_artists_weekly,,67,https://yt3.googleusercontent.com/Ea_u7o1gYEKehVYjz_DQYUi-Nrsmo6EIJKYt2HuNbnaUPCQsV-M68OoXEtAfN3bRBAH1fuMuew=w64-h64-p,1 Tulsi Kumar,,"1月 1, 1970",29850793,"67 1 Tulsi Kumar 1月 1, 1970 66 514 29,850,793"
2026-08-09,in,India,top_artists_weekly,,68,https://yt3.googleusercontent.com/Ip35qauI_vMztXkJ3Wd6etvLwiyRrHIGvDyKK3714vyWMBx1ogHxPxkA8ohPnOLyy68wzEVBblPmsHHU=w64-h64-p,1 席德·斯里拉姆,,"1月 1, 1970",29530376,"68 1 席德·斯里拉姆 1月 1, 1970 67 445 29,530,376"
2026-08-09,in,India,top_artists_weekly,,69,https://yt3.googleusercontent.com/01iHIkN8gdGeBuTP7wefpwB841myxDunWx6uEUnU9Vex3rOQ_2YYxabshheCmPjbaFF3vp4F5A=w64-h64-p,4 Raj Mawar,,"1月 1, 1970",29433153,"69 4 Raj Mawar 1月 1, 1970 65 316 29,433,153"
2026-08-09,in,India,top_artists_weekly,,70,https://yt3.googleusercontent.com/mP-zm_DD_t5bkTy7U51F9TMpQ_l78_6PG4FmnI04GScePLd7UQNBvjL5S2lgCn9LdYrYmpd3Bfc=w64-h64-p,Madhubanti Bagchi,,,,Madhubanti Bagchi
2026-08-09,in,India,top_artists_weekly,,71,https://yt3.googleusercontent.com/koiYK-CKEI38d0zwZRgk75EHU8qaev567hN4Ii_-GzikKAVPzVmrtdl4bo83H3ZEaSF0sNo=w64-h64-p,2 Kalpana,,"1月 1, 1970",29038410,"71 2 Kalpana 1月 1, 1970 69 266 29,038,410"
2026-08-09,in,India,top_artists_weekly,,72,https://yt3.googleusercontent.com/AdbrrkQucMPnYjjasiu2W-E9UXRc2IEb93ehHfkJFAR59kiW1jP2Bdl8vu0kjij0c9tFIwuFzkKWH4k=w64-h64-p,6 Faheem Abdullah,,"1月 1, 1970",28855522,"72 6 Faheem Abdullah 1月 1, 1970 78 106 28,855,522"
2026-08-09,in,India,top_artists_weekly,,73,https://lh3.googleusercontent.com/VMHPQBMey4lkV4BxVzoPlljbLE3ZSrS1sXWBvOGxVBqH-gXQ-A1xfFSxNxCPK2TkkIfR2BQcIj_xeYY=w64-h64-p,1 Priyanka Singh,,"1月 1, 1970",28810554,"73 1 Priyanka Singh 1月 1, 1970 72 434 28,810,554"
2026-08-09,in,India,top_artists_weekly,,74,https://yt3.googleusercontent.com/lezqY3iOKcqRRa06CwLGW7ZRRCVS1uQqdc-z0fc7GumeU4juZqFBFEzUs2VgojUE5NBfeVy_tA=w64-h64-p,6 Shivani Singh,,"1月 1, 1970",28091914,"74 6 Shivani Singh 1月 1, 1970 68 189 28,091,914"
2026-08-09,in,India,top_artists_weekly,,75,https://lh3.googleusercontent.com/HPWVLrJGKyCjp2sTO16rdrGLVLAmH2BVWYzorh6FY6ZFEu7mVnSPF8TdV0gE421fOAlkMv1Mrhcj7Wc=w64-h64-p,1 Hariharan,,"1月 1, 1970",27930076,"75 1 Hariharan 1月 1, 1970 74 486 27,930,076"
2026-08-09,in,India,top_artists_weekly,,76,https://lh3.googleusercontent.com/N0ICpk5ud06INuVTEd7eeAyI8pkqCUnSyu3sjnFlxQJmxLGskitWgNdImLBq18dovHejE7WfZrHnV1Y=w64-h64-p,Roopkumar Rathod,,,,Roopkumar Rathod
2026-08-09,in,India,top_artists_weekly,,77,https://yt3.googleusercontent.com/iguPa-ndM0kpPY2lcGA3s0ihE_5t-E1vBpy1druoVGRwt7qeVInfvY_dOI_VnGvU226-fpZE7Q_G88k=w64-h64-p,2 Vishal Dadlani,,"1月 1, 1970",27839052,"77 2 Vishal Dadlani 1月 1, 1970 75 412 27,839,052"
2026-08-09,in,India,top_artists_weekly,,78,https://yt3.googleusercontent.com/V8r2CvguiW2FqCYIJPxFO4mijjBkP6nT2IaTuycrqtcGbK67KJsVKl7CyXjMphZ0PwhEqxaFMrL2HBPY=w64-h64-p,5 S. Janaki,,"1月 1, 1970",27044162,"78 5 S. Janaki 1月 1, 1970 73 431 27,044,162"
2026-08-09,in,India,top_artists_weekly,,79,https://lh3.googleusercontent.com/oR-LWIKFx2w5YR6RU72EhHxlYFcI0w5yNz3otsejAfRE4UW7CqDr3xt8TPmG0kTzzc8r6-O4Gg0bQY1p=w64-h64-p,5 Meet Bros.,,"1月 1, 1970",27030040,"79 5 Meet Bros. 1月 1, 1970 84 515 27,030,040"
2026-08-09,in,India,top_artists_weekly,,80,https://yt3.googleusercontent.com/lBKBrEG_jPVF0-vz_c1dH67B624UJT9DZh1-mt8m82a7YcXbqB6PV0wDlPhf-9iPBNtZXR1iBSM=w64-h64-p,1 Shaan,,"1月 1, 1970",26972167,"80 1 Shaan 1月 1, 1970 79 512 26,972,167"
2026-08-09,in,India,top_artists_weekly,,81,https://yt3.googleusercontent.com/Lp_WMVEKb65o_KPdnguuCyNmfXmd9y0pOAoG_oDmAz3Z9c350A079e-uyMphRplZ6FwC9KVMIfzoaA=w64-h64-p,1 Indu Sonali,,"1月 1, 1970",26674972,"81 1 Indu Sonali 1月 1, 1970 80 515 26,674,972"
2026-08-09,in,India,top_artists_weekly,,82,https://yt3.googleusercontent.com/AM2oTGPZg85uEqAMeHOZw70j3TnMJ4OHoL9MoqJsCCgHIevx9TpVtk6xtA-Fpl-QfyeoHvv_LGFSDA=w64-h64-p,1 奈蒂·莫漢,,"1月 1, 1970",26147971,"82 1 奈蒂·莫漢 1月 1, 1970 81 515 26,147,971"
2026-08-09,in,India,top_artists_weekly,,83,https://yt3.ggpht.com/ytc/AIdro_mPEnSp0WmCq864i3bcGKgC9XGPJy07U6khn_GmIYMLGw=w64-h64-p,1 Chinmayi,,"1月 1, 1970",25579868,"83 1 Chinmayi 1月 1, 1970 82 332 25,579,868"
2026-08-09,in,India,top_artists_weekly,,84,https://yt3.googleusercontent.com/chDJ6hCCOJD0-D5hueoeOlvUrsm7iujZwbT3UNK919wM4ekuANsjiayE9cGNhMGpaMqgtUem52v8MgLC=w64-h64-p,2 Anand Raj Anand,,"1月 1, 1970",25041521,"84 2 Anand Raj Anand 1月 1, 1970 86 415 25,041,521"
2026-08-09,in,India,top_artists_weekly,,85,https://yt3.googleusercontent.com/uLPqCCHxg__NEFfnTkzQOX95m6_vbzEx1aKKIarIyC5U4SnMMdVHIlAnIq2SPS8SrV8UY6tSUHIB9N0=w64-h64-p,2 阿西斯·凱爾,,"1月 1, 1970",24779072,"85 2 阿西斯·凱爾 1月 1, 1970 83 415 24,779,072"
2026-08-09,in,India,top_artists_weekly,,86,https://yt3.googleusercontent.com/31ZNbXgzuYML_PR4fX9xr9UhLyMbarrX6O2JEwCouoBC38Ht1Wzxn9bls3L-Jfu3L-pU-V6D8_k=w64-h64-p,5 Vivek,,"1月 1, 1970",23635167,"86 5 Vivek 1月 1, 1970 91 48 23,635,167"
2026-08-09,in,India,top_artists_weekly,,87,https://lh3.googleusercontent.com/sfmrJFsb4kHBM2Bs3RNcCxVo8TV7ymPukQYHFPMKnnCeg7LXppCieb3k7ZLp7TDsJBrpq3Gu_es7O8o=w64-h64-p,2 吉特·甘古利,,"1月 1, 1970",22837266,"87 2 吉特·甘古利 1月 1, 1970 89 288 22,837,266"
2026-08-09,in,India,top_artists_weekly,,88,https://lh3.googleusercontent.com/ZksW8_EkjShyDT_9OMxSw-yMRMG3FNDU6DPI0YtGowyfD5aSlWd63qbm3q4guIqVcGQ6cgFylRQ1EQ=w64-h64-p,● 阿曼·馬利克,,"1月 1, 1970",22650030,"88 ● 阿曼·馬利克 1月 1, 1970 88 515 22,650,030"
2026-08-09,in,India,top_artists_weekly,,89,https://yt3.googleusercontent.com/kJ69Q5Y6fawXhgX_YvlDYMezbNeg-bFYn6AtBaDxGF2qPKX-6JJyxeS_Yy_KvaeesJ9OZg42=w64-h64-p,2 Swara Verma,,"1月 1, 1970",22577310,"89 2 Swara Verma 1月 1, 1970 87 116 22,577,310"
2026-08-09,in,India,top_artists_weekly,,90,https://yt3.ggpht.com/ytc/AIdro_kOLef5VUbX-vMB8m5OIRDntPLmi328cHZIdjaDOblEeQ=w64-h64-p,6 薩吉—瓦吉,,"1月 1, 1970",22526219,"90 6 薩吉—瓦吉 1月 1, 1970 96 61 22,526,219"
2026-08-09,in,India,top_artists_weekly,,91,https://yt3.googleusercontent.com/aYIRLfTc8apPQZrlY_E-FsXPLQ1mt7jiqi3DY_egn6teDm2Pq6lEVqHLv9WCku3ckY5rheuj4FUCIQ=w64-h64-p,3 Tuntun Yadav,,"1月 1, 1970",22271033,"91 3 Tuntun Yadav 1月 1, 1970 94 242 22,271,033"
2026-08-09,in,India,top_artists_weekly,,92,https://lh3.googleusercontent.com/NtUzmOcbzePCdm5RoN0-tNy53NuPSjpIQS6YdrhPkRxwjOaZVNujYMv9OmDqT6zTUvc-rpciIiqLcUs=w64-h64-p,7 谷魯·蘭達瓦,,"1月 1, 1970",22259501,"92 7 谷魯·蘭達瓦 1月 1, 1970 85 515 22,259,501"
2026-08-09,in,India,top_artists_weekly,,93,https://yt3.googleusercontent.com/PkmeVLm3oWBPPuoW-BRCxs_bBeeUAOZXkKb2UTyet1zKCvQvqcFgMIiVNlpCxTLUyFw5DmmLuEw=w64-h64-p,93 Jaani,,"1月 1, 1970",21982295,"93 93 Jaani 1月 1, 1970 - 248 21,982,295"
2026-08-09,in,India,top_artists_weekly,,94,https://yt3.googleusercontent.com/L9xvOsAPCZE0NKttnzOsXmyKvrYjUlE30q3NK81peLM13mFejG3K201V6mxjupbj_EfaiPGmziSjzDo=w64-h64-p,4 Shilpa Rao,,"1月 1, 1970",21820106,"94 4 Shilpa Rao 1月 1, 1970 90 332 21,820,106"
2026-08-09,in,India,top_artists_weekly,,95,https://lh3.googleusercontent.com/ByIu4E-T3bbN-oHbOlv5LI4Zk_Q4HWWmFkd82YN5HJKZjCB--uvXz1qIPjVjtsjKs0p2bKSM_IO38Q=w64-h64-p,● 米卡·辛格,,"1月 1, 1970",21720976,"95 ● 米卡·辛格 1月 1, 1970 95 515 21,720,976"
2026-08-09,in,India,top_artists_weekly,,96,https://yt3.googleusercontent.com/oIQ7GtPY9pjbnGuhFAL5Ymr3L14bCxpF04LdYbYNL8My9zFXFME3QiVqFYyDW-I2w0pLLNCRjg=w64-h64-p,3 Kailash Kher,,"1月 1, 1970",21565433,"96 3 Kailash Kher 1月 1, 1970 93 513 21,565,433"
2026-08-09,in,India,top_artists_weekly,,97,https://yt3.googleusercontent.com/neGlnj6saah7m1Ug3HAEx7AVCvHiZo252a2cHhRi8SHUhFVy5E-EB3-hxk8BkmijLs204hhdnR8=w64-h64-p,97 Babul Supriyo,,"1月 1, 1970",21408657,"97 97 Babul Supriyo 1月 1, 1970 - 419 21,408,657"
2026-08-09,in,India,top_artists_weekly,,98,https://yt3.googleusercontent.com/R6D0x83Uvnnhdy55hbdpi4SS0I3xqYZsqr_WcsGY0SlQOimmh2HJrkq3KMunG0l9ymm1gGbvtYp_HJw=w64-h64-p,1 K.J. Yesudas,,"1月 1, 1970",21323269,"98 1 K.J. Yesudas 1月 1, 1970 97 366 21,323,269"
2026-08-09,in,India,top_artists_weekly,,99,https://lh3.googleusercontent.com/nLw1gPyiS4e4XY79AD5AIXTdwd0JPsrLFPYaR_7nUuhtGuIydyJXum75CbHKRyMDffPfi6chJgvsl0iT=w64-h64-p,1 迪維亞·庫瑪,,"1月 1, 1970",20801957,"99 1 迪維亞·庫瑪 1月 1, 1970 100 387 20,801,957"
2026-08-09,in,India,top_artists_weekly,,100,https://yt3.googleusercontent.com/EHAvVwUjN4g-lNhLmWrghaXTTVVwMPh0EUZWDl4fY0SnhdN5Yq15PibFfJsh8Ou6e5PeXTbeYm8nx3s6=w64-h64-p,2 Ruchika Jangid,,"1月 1, 1970",20671557,"100 2 Ruchika Jangid 1月 1, 1970 98 408 20,671,557"
2026-08-09,sg,Singapore,top_artists_weekly,,1,https://yt3.googleusercontent.com/5vqNE8l4iYKmNCHd_YIgknhMF-W4ROcG5H7ZbdfOudxTcNSIIJrf9WpctLh43GlzFLmmcpMUxRQ918Kv=w64-h64-p,● 周杰倫,,"1月 1, 1970",562444,"1 ● 周杰倫 1月 1, 1970 1 15 562,444"
2026-08-09,sg,Singapore,top_artists_weekly,,2,https://lh3.googleusercontent.com/wBG4jypwBcEGHd-qSbM2_4B46WPEhlOCjusCOEkxdnsoIC4WLS9LmFARZsE854pB-vAEYlsp4x2yiHE=w64-h64-p,Anirudh Ravichander,,,,Anirudh Ravichander
2026-08-09,sg,Singapore,top_artists_weekly,,3,https://yt3.googleusercontent.com/RCpTA6EXJQyjVFDosWOKa2SMmqkua_lA9mHPDWWciLwgqpZLz-k8rXWRF_367trrQ7up9BUwCbk6kRk=w64-h64-p,1 Taylor Swift,,"1月 1, 1970",449577,"3 1 Taylor Swift 1月 1, 1970 2 15 449,577"
2026-08-09,sg,Singapore,top_artists_weekly,,4,https://lh3.googleusercontent.com/8rsLpP6VJjt-yTN8ZG5rY-qt2aCC-IYMWmVkk7qa8c5vrjO6zetKSgwO2QknHI3FtWl6Zannp2VsQ5o=w64-h64-p,1 防彈少年團,,"1月 1, 1970",440137,"4 1 防彈少年團 1月 1, 1970 3 15 440,137"
2026-08-09,sg,Singapore,top_artists_weekly,,5,https://yt3.googleusercontent.com/DU6Kpr5TYKcW6QHvMnsJau5_8QSuix8LCLtf5UEaziZZdXw8SxvcxJ9YWmVIQuzhg2R-MVHYgjdGCQ=w64-h64-p,1 Ariana Grande,,"1月 1, 1970",381031,"5 1 Ariana Grande 1月 1, 1970 6 15 381,031"
2026-08-09,sg,Singapore,top_artists_weekly,,6,https://lh3.googleusercontent.com/QxbV6wK_wcQWcBY9rBicZlsl1-gX5M6nGjfNN3BTzgknhaSJ6yhnHW7NmF4dTx0Ch9g9-VTD6YUD2crW=w64-h64-p,1 Ilaiyaraaja,,"1月 1, 1970",376475,"6 1 Ilaiyaraaja 1月 1, 1970 5 15 376,475"
2026-08-09,sg,Singapore,top_artists_weekly,,7,https://lh3.googleusercontent.com/zWSt-azDdL9AU7TqaRdi7at4sag6W80bliX8RZ6Ex-cnMIxeJ0cSg2m6KGM4Oa9C-KhnStXrq42hHjo=w64-h64-p,22 KATSEYE,,"1月 1, 1970",375259,"7 22 KATSEYE 1月 1, 1970 29 15 375,259"
2026-08-09,sg,Singapore,top_artists_weekly,,8,https://lh3.googleusercontent.com/4ULlRiFBFglNemZJyKn6_e2-iOIdJEbgBgq_79RQclndG6pge0yGgS2k2On6E1FkCJzenyHkHRzkvjFp=w64-h64-p,1 Justin Bieber,,"1月 1, 1970",370253,"8 1 Justin Bieber 1月 1, 1970 7 15 370,253"
2026-08-09,sg,Singapore,top_artists_weekly,,9,https://yt3.googleusercontent.com/i-PUJfHy7H3_s1AUBWUaulTzhclF5MobqSIw_3nM3a2-kfCGsY_67K-dEOW7baAiBdfHvSOuHVjR_g=w64-h64-p,SP Balasubrahmanyam,,,,SP Balasubrahmanyam
2026-08-09,sg,Singapore,top_artists_weekly,,10,https://lh3.googleusercontent.com/BKgJ2Qcko6lgLsnvB-URUnK2bgQ682OoJd7Dpa0829XrmIC40zfsFm74vNdmyaMBx8xUt-MHFwDIUUC9=w64-h64-p,37 Jennie,,"1月 1, 1970",326196,"10 37 Jennie 1月 1, 1970 47 15 326,196"
2026-08-09,sg,Singapore,top_artists_weekly,,11,https://yt3.googleusercontent.com/7NhzXEoaIgr-0tYoab-gNZfF8zA8IbpTPt_buovH2Y78pc1L7IfKTq7tGU6zSk9EBJX0yKq7wp3jts8=w64-h64-p,2 Shakira,,"1月 1, 1970",306835,"11 2 Shakira 1月 1, 1970 9 15 306,835"
2026-08-09,sg,Singapore,top_artists_weekly,,12,https://lh3.googleusercontent.com/hnefGBrazRhn4Z92bdSZBUENl40ONjRiVDsmZKZh-WZ2iCKE-2c7KKR7SNcZfzLHoRyB3E6as8L87YA=w64-h64-p,1 Bruno Mars,,"1月 1, 1970",289017,"12 1 Bruno Mars 1月 1, 1970 11 15 289,017"
2026-08-09,sg,Singapore,top_artists_weekly,,13,https://yt3.googleusercontent.com/sMISGIhpReb1JJU_HuK7LbPPsWPdgv5CDtbmUexKtaWZ2bStFOU0FDNKrpFewbU_Osx0Gb9kPhqG-gXH=w64-h64-p,2 Sai Abhyankkar,,"1月 1, 1970",282197,"13 2 Sai Abhyankkar 1月 1, 1970 15 15 282,197"
2026-08-09,sg,Singapore,top_artists_weekly,,14,https://yt3.googleusercontent.com/d9mwdYbkPF0RzuYnwCvJ_BYI3AvltI4lNVxRm3xu056JqjeAzAbaaQueuL3DqH16KzBqdiAHeiuLDrM=w64-h64-p,5 NDPeeps,,"1月 1, 1970",278016,"14 5 NDPeeps 1月 1, 1970 19 5 278,016"
2026-08-09,sg,Singapore,top_artists_weekly,,15,https://lh3.googleusercontent.com/i8PKueO4JStFM6i5t-F8V1jnFglYSybQ_NhU-aXv8mwiPgiCsXjW7WO6gKv97cNPrRcipbHLQA4arA=w64-h64-p,5 林俊傑,,"1月 1, 1970",275572,"15 5 林俊傑 1月 1, 1970 10 15 275,572"
2026-08-09,sg,Singapore,top_artists_weekly,,16,https://lh3.googleusercontent.com/U-SAmNOu4TynE818gLCfKsuHZ0U5YNEtO9mrjSI9WCCKERs98LzrCal5kajBBTQNwdcisoB2Bn-pHp4=w64-h64-p,4 The Weeknd,,"1月 1, 1970",268697,"16 4 The Weeknd 1月 1, 1970 12 15 268,697"
2026-08-09,sg,Singapore,top_artists_weekly,,17,https://yt3.googleusercontent.com/vHMOuDn8gr3SW9Pm8yFgmtYzM5kj4ayng5HKRjW0OyjG9mPK923XMVtTZTt4NUG_1aemWNLSQ27zjtA=w64-h64-p,3 A. R. Rahman,,"1月 1, 1970",261878,"17 3 A. R. Rahman 1月 1, 1970 14 15 261,878"
2026-08-09,sg,Singapore,top_artists_weekly,,18,https://yt3.googleusercontent.com/XLrs7bXpke6XLtYTSHyghN16i5Qr-BoCB0SYCYdDb0IBZrkZ3Of17o2MQXMBHQ3OP659_CHgksFUhi4=w64-h64-p,5 周興哲,,"1月 1, 1970",261379,"18 5 周興哲 1月 1, 1970 13 15 261,379"
2026-08-09,sg,Singapore,top_artists_weekly,,19,https://yt3.ggpht.com/PgINZNe0qVxgMSXKG5vF82bNN4WCC12zgWsz9I7OLs4CLF9Cn0Vxq7Xc1ToupnzXrCv0nKfe3VM=w64-h64-p-k-c0x00ffffff-no-rj,3 舒蕾亞·戈沙爾,,"1月 1, 1970",259261,"19 3 舒蕾亞·戈沙爾 1月 1, 1970 16 15 259,261"
2026-08-09,sg,Singapore,top_artists_weekly,,20,https://lh3.googleusercontent.com/W_yOqnKSDYyeVOY_AsXhuAtb6rW3vCL3GtJ9DA1GxWOrJfyeSOqzvTv_TkFHijdkVPXWutASBlRFPg=w64-h64-p,3 Arijit Singh,,"1月 1, 1970",246757,"20 3 Arijit Singh 1月 1, 1970 17 15 246,757"
2026-08-09,sg,Singapore,top_artists_weekly,,21,https://yt3.googleusercontent.com/5GYeWpGUtgi8tPkwqV_Nnq9ZiE6PhSCoRSrfpK1CIdfZkndV5fLHZ-c2g9rAGfdQ6bV81Wvlc8UMjw=w64-h64-p,1 ILLIT,,"1月 1, 1970",243701,"21 1 ILLIT 1月 1, 1970 22 15 243,701"
2026-08-09,sg,Singapore,top_artists_weekly,,22,https://lh3.googleusercontent.com/_wPXKRCH5rAX8AK1kJZ1bNhSpNyyEgBRNmREdPmLbvTy3sX_ldiKMRYFc5uChygV_KRx_SDrH1KgUifk=w64-h64-p,4 阿爾卡·雅格尼克,,"1月 1, 1970",237874,"22 4 阿爾卡·雅格尼克 1月 1, 1970 18 15 237,874"
2026-08-09,sg,Singapore,top_artists_weekly,,23,https://lh3.googleusercontent.com/LKpJFXjE3-0OX8tIzurzLynVxI-hOClgUl1tCbkHOpz9fm28DBQw2wG2iFd5jDFABCuuxK0xFESVQA=w64-h64-p,3 鄧紫棋,,"1月 1, 1970",223120,"23 3 鄧紫棋 1月 1, 1970 20 15 223,120"
2026-08-09,sg,Singapore,top_artists_weekly,,24,https://yt3.googleusercontent.com/b0ax28GgBEO8PaHOrZi0ANGfOk1geSb68048rw1As2UACUHczUYKkotWabwMAGoX2C8DL9MC9Flpgw=w64-h64-p,16 aespa,,"1月 1, 1970",216727,"24 16 aespa 1月 1, 1970 40 15 216,727"
2026-08-09,sg,Singapore,top_artists_weekly,,25,https://lh3.googleusercontent.com/coesV4OVEVkua3_wJG-2BVvTc95yHF9sS1W6mOAtl4-vvTjQb250Hy_nVlfvudmEugb7_k05vhY9aJm4=w64-h64-p,● Udit Narayan,,"1月 1, 1970",209906,"25 ● Udit Narayan 1月 1, 1970 25 15 209,906"
2026-08-09,sg,Singapore,top_artists_weekly,,26,https://yt3.googleusercontent.com/qRYmWa5dzOlRoD8_uHIhsrAmwk8N9QiO7S_Rg3H4YyemB3oN3661_3en_7q9eJ8gvuoZAR9v0iFX8HW1=w64-h64-p,5 BABYMONSTER,,"1月 1, 1970",208802,"26 5 BABYMONSTER 1月 1, 1970 21 15 208,802"
2026-08-09,sg,Singapore,top_artists_weekly,,27,https://yt3.googleusercontent.com/CGkGv9UN3SbxEB3DOVVs9lZdnuPAZ63Mwe-4N-4bCvNkiWkmRn8PF4rNK7YsT5wWsIW2bi1Motc9Icfy=w64-h64-p,1 en,,"1月 1, 1970",206337,"27 1 en 1月 1, 1970 26 15 206,337"
2026-08-09,sg,Singapore,top_artists_weekly,,28,https://yt3.googleusercontent.com/jEh-GLa0VeT7J8D3IhnDH9WqfdPNTp0OthFle0NNtpU6b2nVHUr3vS_trVXlBeYROz-36bAQYw=w64-h64-p,G.V. Prakash Kumar,,,,G.V. Prakash Kumar
2026-08-09,sg,Singapore,top_artists_weekly,,29,https://yt3.googleusercontent.com/V8r2CvguiW2FqCYIJPxFO4mijjBkP6nT2IaTuycrqtcGbK67KJsVKl7CyXjMphZ0PwhEqxaFMrL2HBPY=w64-h64-p,6 S. Janaki,,"1月 1, 1970",198775,"29 6 S. Janaki 1月 1, 1970 23 15 198,775"
2026-08-09,sg,Singapore,top_artists_weekly,,30,https://yt3.googleusercontent.com/7cYfmVi7qmemK4wRGE3qErv1q_ChFRrPv03gpQg_r-fvskRmvOtYU8V13S2lh6CCwECpna4-MtM=w64-h64-p,● 汪蘇瀧,,"1月 1, 1970",198242,"30 ● 汪蘇瀧 1月 1, 1970 30 15 198,242"
2026-08-09,sg,Singapore,top_artists_weekly,,31,https://lh3.googleusercontent.com/x-Z35q6HsBB98J85-4oNqPnOen4pZBaNCpHawzf_ejs-pkgh6Eh3D2Fu7S1T4gEj0yWZ0c6DOAHCpA=w64-h64-p,7 Michael Jackson,,"1月 1, 1970",194710,"31 7 Michael Jackson 1月 1, 1970 24 15 194,710"
2026-08-09,sg,Singapore,top_artists_weekly,,32,https://yt3.googleusercontent.com/41-4WZupE4yY88igineZefzBZ3ud2nrtlBMv61OBWOfOcATol8PhmI5OZ0fLlrTszyZ3Ul9I9sE=w64-h64-p,4 Olivia Rodrigo,,"1月 1, 1970",193176,"32 4 Olivia Rodrigo 1月 1, 1970 28 15 193,176"
2026-08-09,sg,Singapore,top_artists_weekly,,33,https://yt3.googleusercontent.com/TSW6zUg3V5MWdXxKrK8mhkgWFHdrokjOJOpyz6mG475MC6bNESmUSmSxpBcMVqUt7xWUcwxsd3dJRp7q=w64-h64-p,2 姚晓棠,,"1月 1, 1970",192342,"33 2 姚晓棠 1月 1, 1970 31 15 192,342"
2026-08-09,sg,Singapore,top_artists_weekly,,34,https://lh3.googleusercontent.com/umSdMueKqbLBTq0jhiEzh1F82_C8hRVzkw2ZsxOqEktWjNXOKSCMPMGiJtu73myxd995RC4BqKL5fAXM=w64-h64-p,2 Lady Gaga,,"1月 1, 1970",191270,"34 2 Lady Gaga 1月 1, 1970 32 15 191,270"
2026-08-09,sg,Singapore,top_artists_weekly,,35,https://yt3.googleusercontent.com/DNdac479H6iBV62hjTI1Wl4CaHy5y1L0YeIYDbnhUVQ-MN84hM0d9_40tJ9yRx9hKTUdvIAZ0zizWiA=w64-h64-p,8 LE SSERAFIM,,"1月 1, 1970",187603,"35 8 LE SSERAFIM 1月 1, 1970 27 15 187,603"
2026-08-09,sg,Singapore,top_artists_weekly,,36,https://yt3.googleusercontent.com/E8nupXSF6-wweZCLqn5vwxPcLIGW2Tg9szpacMZoLXOXa1PGh-WpU5-7FH8YLfElD8Lbzh15kljZog=w64-h64-p,2 Katy Perry,,"1月 1, 1970",186538,"36 2 Katy Perry 1月 1, 1970 34 15 186,538"
2026-08-09,sg,Singapore,top_artists_weekly,,37,https://lh3.googleusercontent.com/_QE_u2AbzzmENeNq9ixrSpB_dZHCgX1sX9_4NAzGIWTR8Gd6jHpGcUZlmG4ZjA97F7pHrErkFOdNfw=w64-h64-p,4 伯納男孩,,"1月 1, 1970",179777,"37 4 伯納男孩 1月 1, 1970 33 10 179,777"
2026-08-09,sg,Singapore,top_artists_weekly,,38,https://yt3.googleusercontent.com/7jndWy5UJwFJKueBCrizeFWOFwxKUOZZjRMIcPyRlv1X18tY9aJpkuSz_PpamnHVjbYV6s_oER8oi4g=w64-h64-p,1 Maroon 5,,"1月 1, 1970",169110,"38 1 Maroon 5 1月 1, 1970 37 15 169,110"
2026-08-09,sg,Singapore,top_artists_weekly,,39,https://yt3.googleusercontent.com/cFho6QFr9dAAQ7bspBLLi6jkuASqcgmFpgC4s3mnuSZkrUnGU9Zj6EZS5AlbKNv0gVFdw3CEVEGKaQ=w64-h64-p,3 K·S·切特拉,,"1月 1, 1970",167154,"39 3 K·S·切特拉 1月 1, 1970 36 15 167,154"
2026-08-09,sg,Singapore,top_artists_weekly,,40,https://lh3.googleusercontent.com/jQoBIAS6JjFGpcqQY1M_Mh3AasOvFENCdVRxkgax1a0K6qiq7AgE3MbJ6Jtt-Jndcarvoawmrg66KTny=w64-h64-p,5 Ed Sheeran,,"1月 1, 1970",165168,"40 5 Ed Sheeran 1月 1, 1970 35 15 165,168"
2026-08-09,sg,Singapore,top_artists_weekly,,41,https://lh3.googleusercontent.com/-IRVL5B0n7-V9Gh9XZvQG161HYqkH_SNSHfJwWYeIcVVh35sMq9-jHTk1FCeAmeUHSdEq7UMpoVzUPw=w64-h64-p,3 尤文·香卡·拉雅,,"1月 1, 1970",164201,"41 3 尤文·香卡·拉雅 1月 1, 1970 38 15 164,201"
2026-08-09,sg,Singapore,top_artists_weekly,,42,https://lh3.googleusercontent.com/pvJ1n3OBNXcz80KquAr-BY3ZRpp4Vfv8IHBk1SHBkJPF6eGhYJqaO3H5meVIQwb-BTOv0VsckNtPow=w64-h64-p,1 BLACKPINK,,"1月 1, 1970",155763,"42 1 BLACKPINK 1月 1, 1970 43 15 155,763"
2026-08-09,sg,Singapore,top_artists_weekly,,43,https://yt3.googleusercontent.com/ahanvzsO5q0DQGBI1WLXXyoXb-dqgX8tehQMLpd5-H2OSjYgeQPcUJoLT8Ol9iTvwOvW9oBcp4wpTlmF=w64-h64-p,5 ATEEZ,,"1月 1, 1970",152691,"43 5 ATEEZ 1月 1, 1970 48 15 152,691"
2026-08-09,sg,Singapore,top_artists_weekly,,44,https://lh3.googleusercontent.com/uE72emEZFH3TVtCZoIFYKmnf7vsb42RYQxb4X-lonyqPQuS_mLtKpLfBQ5JdHwUijfQo06BtSB7LoQ=w64-h64-p,● 聯合公園,,"1月 1, 1970",150223,"44 ● 聯合公園 1月 1, 1970 44 15 150,223"
2026-08-09,sg,Singapore,top_artists_weekly,,45,https://yt3.googleusercontent.com/KFSXWX9XgUgJDUQzXNmttqCIQx3Ae3NnO3C2mKf51P4zQD3snuGHkJQX5kWTqktjZTWwbDGrs--Hf-7oBA=w64-h64-p,● 承桓,,"1月 1, 1970",149460,"45 ● 承桓 1月 1, 1970 45 15 149,460"
2026-08-09,sg,Singapore,top_artists_weekly,,46,https://yt3.googleusercontent.com/h5RMpHIY7m2bJ8hcG-7_hwIaiMNZXljfe8Xszb-dAW00pWI6Folj14g2t0cADaimlz4_5MK2V3g=w64-h64-p,5 DIOR 大穎,,"1月 1, 1970",149447,"46 5 DIOR 大穎 1月 1, 1970 41 15 149,447"
2026-08-09,sg,Singapore,top_artists_weekly,,47,https://lh3.googleusercontent.com/IOKuXtp8PCQ_Fc-vaRKm3sKIXBxFV51gZheLTH5br-YGnWHFQf_Jywcuk7wbprYRoEbQyS_XZY6-nMJX=w64-h64-p,1 酷玩樂團,,"1月 1, 1970",145909,"47 1 酷玩樂團 1月 1, 1970 46 15 145,909"
2026-08-09,sg,Singapore,top_artists_weekly,,48,https://yt3.googleusercontent.com/1-Ipiq-y8WyAcWn88nuxwTHaaBWMg8VkCBuP3puDCec-neD3v-7SqoBRzmmBKmA-lir_Ie70yw9EKHk=w64-h64-p,6 艾倫·沃克,,"1月 1, 1970",145455,"48 6 艾倫·沃克 1月 1, 1970 42 15 145,455"
2026-08-09,sg,Singapore,top_artists_weekly,,49,https://yt3.googleusercontent.com/31ZNbXgzuYML_PR4fX9xr9UhLyMbarrX6O2JEwCouoBC38Ht1Wzxn9bls3L-Jfu3L-pU-V6D8_k=w64-h64-p,● Vivek,,"1月 1, 1970",143414,"49 ● Vivek 1月 1, 1970 49 15 143,414"
2026-08-09,sg,Singapore,top_artists_weekly,,50,https://lh3.googleusercontent.com/tQC4rOL6xz6FhmFr0ggQExxyGbYSOsyveXVSnPBh2WjEyIzQ9pMHablLJ-0GlMBrLBlBrbWQGmzrV6KN=w64-h64-p,2 比利·埃利什,,"1月 1, 1970",133079,"50 2 比利·埃利什 1月 1, 1970 52 15 133,079"
2026-08-09,sg,Singapore,top_artists_weekly,,51,https://lh3.googleusercontent.com/8eJTD5-eXf1sXHKhPpSXMlzQ-_RBKMgsmtrZ-SWgN45o_mcQGUzw2thbdGxOAE55rLA8bFXXFyubEw=w64-h64-p,1 五月天 (Mayday),,"1月 1, 1970",132083,"51 1 五月天 (Mayday) 1月 1, 1970 50 15 132,083"
2026-08-09,sg,Singapore,top_artists_weekly,,52,https://yt3.googleusercontent.com/2a9kj3sdLSF_Nr9-UhSuWHq19dB1VtNT2Tdru_Ba9zpcoyia4w_MR4gQJjt1QgTx4JPnOt6nUTwAM4kiNA=w64-h64-p,1 LBI,,"1月 1, 1970",131164,"52 1 LBI 1月 1, 1970 51 15 131,164"
2026-08-09,sg,Singapore,top_artists_weekly,,53,https://yt3.googleusercontent.com/KUrZ-eN8Blos-oOCdsIW7ehKUkUXpvjRStFFdqZs5oUaIHeHuMWZpbzU6NmOxPzAk0ik4qYP-SHVkzVmpA=w64-h64-p,KPop Demon Hunters Cast,,,,KPop Demon Hunters Cast
2026-08-09,sg,Singapore,top_artists_weekly,,54,https://lh3.googleusercontent.com/HPWVLrJGKyCjp2sTO16rdrGLVLAmH2BVWYzorh6FY6ZFEu7mVnSPF8TdV0gE421fOAlkMv1Mrhcj7Wc=w64-h64-p,● Hariharan,,"1月 1, 1970",129758,"54 ● Hariharan 1月 1, 1970 54 15 129,758"
2026-08-09,sg,Singapore,top_artists_weekly,,55,https://yt3.googleusercontent.com/VCCNeciN6bf5XN0VKLt1UrcWp_pl4mm75KiOHtG1NDUVlOQs2tpCXsCXXFsqJMZeqzPfM5cwJYwkKkLvpw=w64-h64-p,● 马也Crabbit,,"1月 1, 1970",129177,"55 ● 马也Crabbit 1月 1, 1970 55 15 129,177"
2026-08-09,sg,Singapore,top_artists_weekly,,56,https://lh3.googleusercontent.com/xov-pSAk6IVD0y5W0Vrbm9qdH2fjg0jYK5JSAEV0pnpJMfmBvJivspw6930v6VBJhbpZecvwEG1yVpr6=w64-h64-p,14 李榮浩,,"1月 1, 1970",124700,"56 14 李榮浩 1月 1, 1970 70 15 124,700"
2026-08-09,sg,Singapore,top_artists_weekly,,57,https://yt3.googleusercontent.com/ZnLM500kaCt9lNqlzi7Xp0o5sJFedvJTJJ-hhDIOkeF9di3jkwK0iF-CpI5byxgramcGAkRP9Dg38Q=w64-h64-p,57 EXO,,"1月 1, 1970",123330,"57 57 EXO 1月 1, 1970 - 15 123,330"
2026-08-09,sg,Singapore,top_artists_weekly,,58,https://lh3.googleusercontent.com/tLzIJPsFe-q93Y_erAUU_hDIyXCgCrYJ0C-S4DmMurqfB9LJ_PNFpTPA41k-dVMB6ODgc4-1nF1cOp6c=w64-h64-p,4 Rihanna,,"1月 1, 1970",122899,"58 4 Rihanna 1月 1, 1970 62 15 122,899"
2026-08-09,sg,Singapore,top_artists_weekly,,59,https://yt3.googleusercontent.com/hFw-eieMTO6_ZkBxqNHLrDqRlcJN6vBbcC3G6-j79f_JmGkC5QmPm4zIGFEOAKtCikN0hh727FL0391gLA=w64-h64-p,5 Cole先生,,"1月 1, 1970",122795,"59 5 Cole先生 1月 1, 1970 64 14 122,795"
2026-08-09,sg,Singapore,top_artists_weekly,,60,https://lh3.googleusercontent.com/wqU60Xc7Q-9V3by066vBYHGY_ZGgUlmWPioYTmmBtHkb2GUueMV4-0O1ddzSV7t0gYYDCIdbyjKCWw=w64-h64-p,2 A,Lin,"1月 1, 1970",120059,"60 2 A-Lin 1月 1, 1970 58 15 120,059"
2026-08-09,sg,Singapore,top_artists_weekly,,61,https://yt3.googleusercontent.com/0FmNbKOxBPw_U_N4Byt3i_87JylYguFIqV6xd0RrSazMrh7dM9RDUQKpI7nYV_iAREzE3UO8=w64-h64-p,5 EJAE,,"1月 1, 1970",118909,"61 5 EJAE 1月 1, 1970 56 15 118,909"
2026-08-09,sg,Singapore,top_artists_weekly,,62,https://yt3.googleusercontent.com/iJGPqfvl4CznD1INvPiMJHo3JA-_2pSbHD7gHND9dniBfC-faWi29x4ofgwdW2iL4EgpmdYLAmY6L6c=w64-h64-p,13 大头针R&B,,"1月 1, 1970",118314,"62 13 大头针R&B 1月 1, 1970 75 7 118,314"
2026-08-09,sg,Singapore,top_artists_weekly,,63,https://yt3.googleusercontent.com/szJ_WUY6E7PSASyLN_J7raiL5N23RXmA9hBMBQz1wfktr2lei_Zg3A08kaq-shX3wAtpsZSQiSc=w64-h64-p,63 Iman Fandi,,"1月 1, 1970",117269,"63 63 Iman Fandi 1月 1, 1970 - 4 117,269"
2026-08-09,sg,Singapore,top_artists_weekly,,64,https://yt3.ggpht.com/ytc/AIdro_kvkP_EBeQVSXTkixoZfOKXOTMj3iBVqxbfag8eN1uzuw=w64-h64-p,64 weish,,"1月 1, 1970",116898,"64 64 weish 1月 1, 1970 - 4 116,898"
2026-08-09,sg,Singapore,top_artists_weekly,,65,https://yt3.googleusercontent.com/2AbaIL4o6LSKkajIzM5vJGc9gk1mPtI-AGuVUTX9SstBkjI6uUFRGN7XwtrK1xchKzZI8FUHnIsf5ZU=w64-h64-p,2 张远,,"1月 1, 1970",116587,"65 2 张远 1月 1, 1970 63 15 116,587"
2026-08-09,sg,Singapore,top_artists_weekly,,66,https://lh3.googleusercontent.com/9fiAS65PN6QanYAMlaRCuI5F7HjnwBBtZ6l0wIyhojdOarL0s6TK8as3ChwjTIFKjB5BQRr0YLSFcs4=w64-h64-p,7 Seventeen,,"1月 1, 1970",115624,"66 7 Seventeen 1月 1, 1970 59 15 115,624"
2026-08-09,sg,Singapore,top_artists_weekly,,67,https://lh3.googleusercontent.com/cPvYaP4ByG-i7fUE-dKrjMgaNL8v3hC93ErP6meKnltvRuzxo-DINLQkTtvjfC6hVnzRMlnJEb9n3uM=w64-h64-p,12 庫馬・山奴,,"1月 1, 1970",115200,"67 12 庫馬・山奴 1月 1, 1970 79 15 115,200"
2026-08-09,sg,Singapore,top_artists_weekly,,68,https://yt3.googleusercontent.com/22FOVr8D5Kq9y2l2sUDKW5X5s0W_axG7_sDhQVzxDGEXBMNjhwzvhs10BI3UoA1focajEeTPqZ2jNW9D=w64-h64-p,3 Stray Kids,,"1月 1, 1970",114838,"68 3 Stray Kids 1月 1, 1970 65 15 114,838"
2026-08-09,sg,Singapore,top_artists_weekly,,69,https://lh3.googleusercontent.com/d3Vx3Ctc5Nt_6JciO_C4QxvtzfDXUhHj79moNiub60J8-UnZbGY-uE22SHdeZ70aBHLigGbmXoyFNYFr=w64-h64-p,5 BIGBANG,,"1月 1, 1970",114502,"69 5 BIGBANG 1月 1, 1970 74 15 114,502"
2026-08-09,sg,Singapore,top_artists_weekly,,70,https://yt3.ggpht.com/ytc/AIdro_lNlmHeHlwCPvq1t6tEKVaXCuWqKoOxNJX9EnhHMhv6r8E=w64-h64-p,1 德瓦,,"1月 1, 1970",113901,"70 1 德瓦 1月 1, 1970 69 15 113,901"
2026-08-09,sg,Singapore,top_artists_weekly,,71,https://lh3.googleusercontent.com/FMh1mOI0ufvUCAkbUM6aUmU5WK7O5PnndyyXKP1-DCEip20SQz5eeYn3lZ29p-ASb-19ZfBVc_NKe5Ko=w64-h64-p,Sabrina Carpenter,,,,Sabrina Carpenter
2026-08-09,sg,Singapore,top_artists_weekly,,72,https://yt3.googleusercontent.com/E8-DZ3tujNN7vRZ9FcPAjXhm7v3pzbI4Lmk4WIOM3nx0pUv_5pP1jgW0aGfnWNScvlhEOw987yYrDa8=w64-h64-p,22 張碧晨,,"1月 1, 1970",113319,"72 22 張碧晨 1月 1, 1970 94 15 113,319"
2026-08-09,sg,Singapore,top_artists_weekly,,73,https://yt3.googleusercontent.com/sjGMYJQ1J3FZEIBsMYUztMjjYOM4-NJ24CjmIHqxTWCxAM1YgjL-d_17u7_PRhTouOwwAjbu-2x5S6I=w64-h64-p,5 Pritam,,"1月 1, 1970",110870,"73 5 Pritam 1月 1, 1970 68 15 110,870"
2026-08-09,sg,Singapore,top_artists_weekly,,74,https://yt3.googleusercontent.com/JSr1fuJqoaRVL7_93SuqdZlVGZI0XjyNNIXEnZgkt7ZfWANDb6RF_B5A_Gusviz6h6yCJ24_62cuIKc=w64-h64-p,6 朴彩英,,"1月 1, 1970",110091,"74 6 朴彩英 1月 1, 1970 80 15 110,091"
2026-08-09,sg,Singapore,top_artists_weekly,,75,https://lh3.googleusercontent.com/lnS98DJyMN4CYk6a4FQhdVuNYu8c6N7dlcJ0bNjJbbPUEqgPzvLl8l2vjID0OvIXcuGvbLrpf9dC9CXv=w64-h64-p,4 老菸槍雙人組,,"1月 1, 1970",109350,"75 4 老菸槍雙人組 1月 1, 1970 71 15 109,350"
2026-08-09,sg,Singapore,top_artists_weekly,,76,https://lh3.googleusercontent.com/HmMAol83AWxVt46vykUTd8_clsx_sPOEDJA72HL6lMVwMyCKPdShn3O3BDY7-jv9iZNfBHkcrhxJ3g=w64-h64-p,8 Pitbull,,"1月 1, 1970",108895,"76 8 Pitbull 1月 1, 1970 84 15 108,895"
2026-08-09,sg,Singapore,top_artists_weekly,,77,https://lh3.googleusercontent.com/MBjMu3EHBwUFMuf80d9OfCLVG2VywWGcD6OV6XUb4mBmLPWputvMOgEG7T2frxBlZdYkCho4NXGdzTQ=w64-h64-p,9 陳奕迅,,"1月 1, 1970",108787,"77 9 陳奕迅 1月 1, 1970 86 15 108,787"
2026-08-09,sg,Singapore,top_artists_weekly,,78,https://yt3.googleusercontent.com/u8tcXDcVOviBOzM0y5T2vZYSJe2BjV0uKG-EXH4l-wB_BFPV5SXDt2CZICji574S8BO3Hsrz=w64-h64-p,21 薛之謙,,"1月 1, 1970",108095,"78 21 薛之謙 1月 1, 1970 57 15 108,095"
2026-08-09,sg,Singapore,top_artists_weekly,,79,https://yt3.googleusercontent.com/0sZ3ZrNRRVRVDbCITJ26K4RuJZw5dDvTx114G1RDO5P7vaYZoN6QFYAksKCNrIMsynK5nma4cLMOu_7K=w64-h64-p,10 Vaali,,"1月 1, 1970",107596,"79 10 Vaali 1月 1, 1970 89 15 107,596"
2026-08-09,sg,Singapore,top_artists_weekly,,80,https://yt3.googleusercontent.com/VVGOJpxGFBbbUJHurZq_U1F_BjIhaMBAY1sDhOT3a2kE2DnidfYT8L_hY7WoJOusysvzn1msCoinvtma=w64-h64-p,7 Shawn Mendes,,"1月 1, 1970",107427,"80 7 Shawn Mendes 1月 1, 1970 73 15 107,427"
2026-08-09,sg,Singapore,top_artists_weekly,,81,https://lh3.googleusercontent.com/lWalclWLirqnwIhMIMFP4j2E2TDZsDDD_McBXQiIvryxfhTWzHhlCR07QEaDzvZHXlLT07i2VCYh6aU=w64-h64-p,14 TWICE,,"1月 1, 1970",107240,"81 14 TWICE 1月 1, 1970 67 15 107,240"
2026-08-09,sg,Singapore,top_artists_weekly,,82,https://lh3.googleusercontent.com/dJy5Bpwx4qENTOXxk9YPXrjAhghP4pRdlzvoOZq8uZXihEPMN8PXnZzM-05R1TDDJkjU7oEij8LhEfw=w64-h64-p,Shankar Mahadevan,,,,Shankar Mahadevan
2026-08-09,sg,Singapore,top_artists_weekly,,83,https://lh3.googleusercontent.com/3m16oMKLck_2JI_jRmF4cfNzohDOGjnS0v3yeo9J3b-VAmoidbDHmENAFb9NF701ogYMrDgGpgQv-A=w64-h64-p,11 HUNTR/X,,"1月 1, 1970",106145,"83 11 HUNTR/X 1月 1, 1970 72 15 106,145"
2026-08-09,sg,Singapore,top_artists_weekly,,84,https://lh3.googleusercontent.com/GfL1-S_nOTqa6MvQQckMlBfdL3kAcrnUeJ_POXaVVjWMzAjrar3I1B-kvFDSil5tff1bbG3DCZfUXRUj=w64-h64-p,1 西城男孩,,"1月 1, 1970",105403,"84 1 西城男孩 1月 1, 1970 85 15 105,403"
2026-08-09,sg,Singapore,top_artists_weekly,,85,https://yt3.googleusercontent.com/93vnJ_aG5rTlruQDFaVhZHCTTRwGzS34R3SPKKCTBDZ84xutO5KUCiu-scL_ZTaV8g6HhH27diVq4HY=w64-h64-p,3 新好男孩,,"1月 1, 1970",105009,"85 3 新好男孩 1月 1, 1970 82 15 105,009"
2026-08-09,sg,Singapore,top_artists_weekly,,86,https://yt3.googleusercontent.com/MA_EGoZ5nl71Ru68u35wsIEwbbOnr0akbYYGW3EaHvKc05ALjYW-rvQTRyv4n_b2D9qQgEPw=w64-h64-p,10 AUDREY NUNA,,"1月 1, 1970",104396,"86 10 AUDREY NUNA 1月 1, 1970 76 15 104,396"
2026-08-09,sg,Singapore,top_artists_weekly,,87,https://lh3.googleusercontent.com/Q0-lvVEqqi4SISDtJOb4pvJAy-lngML3CQoTUmSWfufucRBcggF8A0x5proElmUnMxR7Fgg8eB3kA1Y=w64-h64-p,9 REI AMI,,"1月 1, 1970",104202,"87 9 REI AMI 1月 1, 1970 78 15 104,202"
2026-08-09,sg,Singapore,top_artists_weekly,,88,https://lh3.googleusercontent.com/-bv-daAis3SvKNNWD5zggwnpkaPgE7914sMZLFNQjuhUlAb9CWNmoG4JMsjMuuG4zOARvL7_PeDr7w=w64-h64-p,88 李佳薇,,"1月 1, 1970",104130,"88 88 李佳薇 1月 1, 1970 - 3 104,130"
2026-08-09,sg,Singapore,top_artists_weekly,,89,https://lh3.googleusercontent.com/bjEw0aP3_lY6FcnBNlVm5xOPFUK1H5llctWG9eYjCaj48OSQ1soH77K4JUHr4tqxSBHWwYFo5bAxpCc=w64-h64-p,9 1世代,,"1月 1, 1970",102007,"89 9 1世代 1月 1, 1970 98 15 102,007"
2026-08-09,sg,Singapore,top_artists_weekly,,90,https://yt3.googleusercontent.com/8BbiNyyI7TOxlf0x0R-4JZB8x7cw-ML-yOjF8QW8rHSrViZacf-AqD-eqg2ccvbYr5C9URAa_vTJI3k=w64-h64-p,9 YOASOBI,,"1月 1, 1970",100519,"90 9 YOASOBI 1月 1, 1970 81 15 100,519"
2026-08-09,sg,Singapore,top_artists_weekly,,91,https://lh3.googleusercontent.com/BRRildqotq_VSCj8pu9ZY283bnPar2qKMrGTsulASYINjJ4Z0mJMQYm0k1tIOeQKJYdJrZNbfN_DXg=w64-h64-p,91 NewJeans,,"1月 1, 1970",100051,"91 91 NewJeans 1月 1, 1970 - 15 100,051"
2026-08-09,sg,Singapore,top_artists_weekly,,92,https://yt3.googleusercontent.com/zkX7FBr1BBzAhH7U5KT6hzBbPx8kjfK1QpTRbW-oM-J8v2f6P0t9idQuPZkssxnIk3U5yBC3KcmU5g=w64-h64-p,1 Hiphop Tamizha,,"1月 1, 1970",99513,"92 1 Hiphop Tamizha 1月 1, 1970 93 15 99,513"
2026-08-09,sg,Singapore,top_artists_weekly,,93,https://lh3.googleusercontent.com/pEqvY0aXC-vsiqP0ssibuicb1kyMNh6qAVKnRsbw38vKs7X-BLhUzmTF85vt8b-Uv39EJmnzcP1V4zs=w64-h64-p,2 于冬然,,"1月 1, 1970",99215,"93 2 于冬然 1月 1, 1970 95 15 99,215"
2026-08-09,sg,Singapore,top_artists_weekly,,94,https://yt3.googleusercontent.com/W_a-fL77QPLAfg_VjUFgI5yUqGV7iPWjJV2cen9SudtT4p1Ivpx-8CxyAJX9y7xK_ts7rHzpAqvob_J9=w64-h64-p,2 哈里斯・傑亞拉吉,,"1月 1, 1970",98238,"94 2 哈里斯・傑亞拉吉 1月 1, 1970 96 15 98,238"
2026-08-09,sg,Singapore,top_artists_weekly,,95,https://lh3.googleusercontent.com/JFI6JZrS-Lco4UdpqDfHY5Wgwy51VXWxmNdI7bCBU5CDlIpN6WWyisZ7MGlpjbrxEGYMFpsqoR_UwcE=w64-h64-p,3 Eminem,,"1月 1, 1970",97506,"95 3 Eminem 1月 1, 1970 92 15 97,506"
2026-08-09,sg,Singapore,top_artists_weekly,,96,https://lh3.googleusercontent.com/iWH_XSIO8yZvIqz8vxkwC9BjzGM4giAhR69Z6LZ0t8Rp79ASNFVwpwHZWOyyo94B_jsXl8HtFueMgMA=w64-h64-p,3 蘇努・尼甘,,"1月 1, 1970",97259,"96 3 蘇努・尼甘 1月 1, 1970 99 15 97,259"
2026-08-09,sg,Singapore,top_artists_weekly,,97,https://lh3.googleusercontent.com/ybI1ZK2Ia-Lvf-yi9Iptm2mOSHmPA3EBxnOBwvn6khU-ajjtXyk3jai_2w-DOXkkeeKfet0sS03pcQ=w64-h64-p,9 IVE,,"1月 1, 1970",97092,"97 9 IVE 1月 1, 1970 88 15 97,092"
2026-08-09,sg,Singapore,top_artists_weekly,,98,https://lh3.googleusercontent.com/Wqr_bvGshelPD-n5OohFA1Au6r130npkqQX3BS0bEb4l373-FVX9ZhkhWykNKdq3CrNCF6ubJNTLVwI=w64-h64-p,8 CP查理,,"1月 1, 1970",96817,"98 8 CP查理 1月 1, 1970 90 15 96,817"
2026-08-09,sg,Singapore,top_artists_weekly,,99,https://lh3.googleusercontent.com/CN-IGGdHB9FLirmRDoFj8VPwVJGd1N-WUP7uGyw7tOdJuE2MLwF-oe8xnr3ExERS6sCo-iviC-g3TtrL=w64-h64-p,8 Lana Del Rey,,"1月 1, 1970",96772,"99 8 Lana Del Rey 1月 1, 1970 91 15 96,772"
2026-08-09,sg,Singapore,top_artists_weekly,,100,https://lh3.googleusercontent.com/TAadzeojHFGU1EJ5jnOWDn6K8Cf8O2x0F04PVxnZwUEhcaYN0pA0dic49VU7OKGs7oovBTylWx70xhY=w64-h64-p,3 Imagine Dragons,,"1月 1, 1970",96350,"100 3 Imagine Dragons 1月 1, 1970 97 15 96,350"
2026-08-09,my,Malaysia,top_artists_weekly,,1,https://yt3.googleusercontent.com/DU6Kpr5TYKcW6QHvMnsJau5_8QSuix8LCLtf5UEaziZZdXw8SxvcxJ9YWmVIQuzhg2R-MVHYgjdGCQ=w64-h64-p,● Ariana Grande,,"1月 1, 1970",3197887,"1 ● Ariana Grande 1月 1, 1970 1 15 3,197,887"
2026-08-09,my,Malaysia,top_artists_weekly,,2,https://lh3.googleusercontent.com/4ULlRiFBFglNemZJyKn6_e2-iOIdJEbgBgq_79RQclndG6pge0yGgS2k2On6E1FkCJzenyHkHRzkvjFp=w64-h64-p,● Justin Bieber,,"1月 1, 1970",3149652,"2 ● Justin Bieber 1月 1, 1970 2 15 3,149,652"
2026-08-09,my,Malaysia,top_artists_weekly,,3,https://lh3.googleusercontent.com/wBG4jypwBcEGHd-qSbM2_4B46WPEhlOCjusCOEkxdnsoIC4WLS9LmFARZsE854pB-vAEYlsp4x2yiHE=w64-h64-p,Anirudh Ravichander,,,,Anirudh Ravichander
2026-08-09,my,Malaysia,top_artists_weekly,,4,https://lh3.googleusercontent.com/hnefGBrazRhn4Z92bdSZBUENl40ONjRiVDsmZKZh-WZ2iCKE-2c7KKR7SNcZfzLHoRyB3E6as8L87YA=w64-h64-p,1 Bruno Mars,,"1月 1, 1970",2562854,"4 1 Bruno Mars 1月 1, 1970 3 15 2,562,854"
2026-08-09,my,Malaysia,top_artists_weekly,,5,https://yt3.googleusercontent.com/RCpTA6EXJQyjVFDosWOKa2SMmqkua_lA9mHPDWWciLwgqpZLz-k8rXWRF_367trrQ7up9BUwCbk6kRk=w64-h64-p,1 Taylor Swift,,"1月 1, 1970",2343719,"5 1 Taylor Swift 1月 1, 1970 6 15 2,343,719"
2026-08-09,my,Malaysia,top_artists_weekly,,6,https://yt3.googleusercontent.com/5vqNE8l4iYKmNCHd_YIgknhMF-W4ROcG5H7ZbdfOudxTcNSIIJrf9WpctLh43GlzFLmmcpMUxRQ918Kv=w64-h64-p,1 周杰倫,,"1月 1, 1970",2325834,"6 1 周杰倫 1月 1, 1970 5 15 2,325,834"
2026-08-09,my,Malaysia,top_artists_weekly,,7,https://lh3.googleusercontent.com/_wPXKRCH5rAX8AK1kJZ1bNhSpNyyEgBRNmREdPmLbvTy3sX_ldiKMRYFc5uChygV_KRx_SDrH1KgUifk=w64-h64-p,1 阿爾卡·雅格尼克,,"1月 1, 1970",2306048,"7 1 阿爾卡·雅格尼克 1月 1, 1970 8 15 2,306,048"
2026-08-09,my,Malaysia,top_artists_weekly,,8,https://yt3.googleusercontent.com/Q2QE-4fgVrUHj9YPUsxhyz4iutei_N1Q5dBX0l__zs47SN4zGNUgBbMbGmyoEIQD9WXpuxkQiUPf-g=w64-h64-p,4 茜蒂·諾哈麗莎,,"1月 1, 1970",2291958,"8 4 茜蒂·諾哈麗莎 1月 1, 1970 4 15 2,291,958"
2026-08-09,my,Malaysia,top_artists_weekly,,9,https://lh3.googleusercontent.com/8rsLpP6VJjt-yTN8ZG5rY-qt2aCC-IYMWmVkk7qa8c5vrjO6zetKSgwO2QknHI3FtWl6Zannp2VsQ5o=w64-h64-p,● 防彈少年團,,"1月 1, 1970",2134245,"9 ● 防彈少年團 1月 1, 1970 9 15 2,134,245"
2026-08-09,my,Malaysia,top_artists_weekly,,10,https://yt3.googleusercontent.com/g5a-gw8G2I_qklj5y4lN_2nihoReLCS6wZ6czu-qQgiZbhCDsuzCcLcEReDuzJ2BEzIR9lX9N3mXoWJq=w64-h64-p,● Exists,,"1月 1, 1970",2087432,"10 ● Exists 1月 1, 1970 10 15 2,087,432"
2026-08-09,my,Malaysia,top_artists_weekly,,11,https://lh3.googleusercontent.com/6xEP8mOA5xguCiwfeNq08D1o0GK7iPSNMwp80jJpyxw4bwdOgo4EO-8T4rnb8gv3_283YEoQsZvRLD4k=w64-h64-p,8 Peterpan,,"1月 1, 1970",2080293,"11 8 Peterpan 1月 1, 1970 19 15 2,080,293"
2026-08-09,my,Malaysia,top_artists_weekly,,12,https://lh3.googleusercontent.com/coesV4OVEVkua3_wJG-2BVvTc95yHF9sS1W6mOAtl4-vvTjQb250Hy_nVlfvudmEugb7_k05vhY9aJm4=w64-h64-p,1 Udit Narayan,,"1月 1, 1970",2017324,"12 1 Udit Narayan 1月 1, 1970 11 15 2,017,324"
2026-08-09,my,Malaysia,top_artists_weekly,,13,https://lh3.googleusercontent.com/U-SAmNOu4TynE818gLCfKsuHZ0U5YNEtO9mrjSI9WCCKERs98LzrCal5kajBBTQNwdcisoB2Bn-pHp4=w64-h64-p,1 The Weeknd,,"1月 1, 1970",1879649,"13 1 The Weeknd 1月 1, 1970 12 15 1,879,649"
2026-08-09,my,Malaysia,top_artists_weekly,,14,https://yt3.googleusercontent.com/sMISGIhpReb1JJU_HuK7LbPPsWPdgv5CDtbmUexKtaWZ2bStFOU0FDNKrpFewbU_Osx0Gb9kPhqG-gXH=w64-h64-p,1 Sai Abhyankkar,,"1月 1, 1970",1827788,"14 1 Sai Abhyankkar 1月 1, 1970 13 15 1,827,788"
2026-08-09,my,Malaysia,top_artists_weekly,,15,https://yt3.googleusercontent.com/-Nneom8RvoAW-ofeDOq3f29NXwrryp2kkqFpLzLA0c6rV1cjgeJGfMXjoGnxwYPPml2vNR8-v6s=w64-h64-p,8 Naykilla,,"1月 1, 1970",1810841,"15 8 Naykilla 1月 1, 1970 23 15 1,810,841"
2026-08-09,my,Malaysia,top_artists_weekly,,16,https://yt3.googleusercontent.com/h8P1jEIZLM8lkMxNA6Nbq98b43wcqllJSNmcZTCRPAB-F6rG_0Nqw5w7fwou0PN1QGwSW5viwWD5NV0=w64-h64-p,16 圖魯斯,,"1月 1, 1970",1773564,"16 16 圖魯斯 1月 1, 1970 32 4 1,773,564"
2026-08-09,my,Malaysia,top_artists_weekly,,17,https://yt3.googleusercontent.com/E8nupXSF6-wweZCLqn5vwxPcLIGW2Tg9szpacMZoLXOXa1PGh-WpU5-7FH8YLfElD8Lbzh15kljZog=w64-h64-p,1 Katy Perry,,"1月 1, 1970",1768443,"17 1 Katy Perry 1月 1, 1970 18 15 1,768,443"
2026-08-09,my,Malaysia,top_artists_weekly,,18,https://yt3.googleusercontent.com/ZOzbX8V_gmiIrdSomVAixWn3TcVSRl6X-DLZvroYl6aj2Axxveargg4gN8QW1G7ZLaRnhZ8TZqHQWhu-=w64-h64-p,3 Spring,,"1月 1, 1970",1754415,"18 3 Spring 1月 1, 1970 15 15 1,754,415"
2026-08-09,my,Malaysia,top_artists_weekly,,19,https://yt3.googleusercontent.com/7NhzXEoaIgr-0tYoab-gNZfF8zA8IbpTPt_buovH2Y78pc1L7IfKTq7tGU6zSk9EBJX0yKq7wp3jts8=w64-h64-p,5 Shakira,,"1月 1, 1970",1737967,"19 5 Shakira 1月 1, 1970 14 15 1,737,967"
2026-08-09,my,Malaysia,top_artists_weekly,,20,https://lh3.googleusercontent.com/jtoHnQltvslLoadGrtXTXMiFzBDNp4DkQbCkKJ6ZT9T3UAw2ssponsLNKh3Acs_oj-KMEwBhKSqSM5A=w64-h64-p,● Wali,,"1月 1, 1970",1704183,"20 ● Wali 1月 1, 1970 20 15 1,704,183"
2026-08-09,my,Malaysia,top_artists_weekly,,21,https://lh3.googleusercontent.com/BKgJ2Qcko6lgLsnvB-URUnK2bgQ682OoJd7Dpa0829XrmIC40zfsFm74vNdmyaMBx8xUt-MHFwDIUUC9=w64-h64-p,34 Jennie,,"1月 1, 1970",1670010,"21 34 Jennie 1月 1, 1970 55 15 1,670,010"
2026-08-09,my,Malaysia,top_artists_weekly,,22,https://lh3.googleusercontent.com/WP-k6kFk2XdH_l41tw8zWFNe9M-TVTnmfPCuqHJLj5apoMbsfUz6-UR9ICwspp2chE6_ra2ZB-nccA=w64-h64-p,5 Raim Laode,,"1月 1, 1970",1622971,"22 5 Raim Laode 1月 1, 1970 17 15 1,622,971"
2026-08-09,my,Malaysia,top_artists_weekly,,23,https://yt3.googleusercontent.com/996SwdTY97pCzXzpFzzgt5fWcW5NpJ7mhNHkpockVdo0pn8YbfP82_rOu6wxbQDHCJnteQ3Inp7fxrQi=w64-h64-p,7 Slam,,"1月 1, 1970",1552525,"23 7 Slam 1月 1, 1970 16 15 1,552,525"
2026-08-09,my,Malaysia,top_artists_weekly,,24,https://yt3.googleusercontent.com/_buvZ8gbBJaeigtOIS-bsYefsSFY-8vkcGJGqokqcKVFtxgSrBskGQ2DkEQwaC743gRyZ6H2JSU=w64-h64-p,3 U.K's,,"1月 1, 1970",1494531,"24 3 U.K's 1月 1, 1970 21 15 1,494,531"
2026-08-09,my,Malaysia,top_artists_weekly,,25,https://lh3.googleusercontent.com/zWSt-azDdL9AU7TqaRdi7at4sag6W80bliX8RZ6Ex-cnMIxeJ0cSg2m6KGM4Oa9C-KhnStXrq42hHjo=w64-h64-p,42 KATSEYE,,"1月 1, 1970",1488849,"25 42 KATSEYE 1月 1, 1970 67 15 1,488,849"
2026-08-09,my,Malaysia,top_artists_weekly,,26,https://yt3.googleusercontent.com/N1YXsgbUAjnBaxPyPZ9ISuzX8qFryDdHWRpTb4PN8mn6PyhX6W_jnBzt1NBPG24kVktNY1s9IDDVRnY=w64-h64-p,1 Iklim,,"1月 1, 1970",1454429,"26 1 Iklim 1月 1, 1970 25 15 1,454,429"
2026-08-09,my,Malaysia,top_artists_weekly,,27,https://yt3.googleusercontent.com/qRYmWa5dzOlRoD8_uHIhsrAmwk8N9QiO7S_Rg3H4YyemB3oN3661_3en_7q9eJ8gvuoZAR9v0iFX8HW1=w64-h64-p,5 BABYMONSTER,,"1月 1, 1970",1434896,"27 5 BABYMONSTER 1月 1, 1970 22 15 1,434,896"
2026-08-09,my,Malaysia,top_artists_weekly,,28,https://yt3.googleusercontent.com/vHMOuDn8gr3SW9Pm8yFgmtYzM5kj4ayng5HKRjW0OyjG9mPK923XMVtTZTt4NUG_1aemWNLSQ27zjtA=w64-h64-p,4 A. R. Rahman,,"1月 1, 1970",1375908,"28 4 A. R. Rahman 1月 1, 1970 24 15 1,375,908"
2026-08-09,my,Malaysia,top_artists_weekly,,29,https://yt3.googleusercontent.com/fVrqVpoDVidIRGEnpxnF4ojShPgYM_ZEaZJjr6fPjt05q8eIauWWV3jifHI1tiBN-vZFeAS8m3c=w64-h64-p,2 Judika,,"1月 1, 1970",1359842,"29 2 Judika 1月 1, 1970 27 15 1,359,842"
2026-08-09,my,Malaysia,top_artists_weekly,,30,https://yt3.googleusercontent.com/jjFbDHc_GFI6lVSSRPGWMrh71fJ16iZYMccLFbkN_Jq6uR-QYXzgRwFDSuZeDpOuAbIIzNnPAPDZgAHv=w64-h64-p,Nadhif Basalamah,,,,Nadhif Basalamah
2026-08-09,my,Malaysia,top_artists_weekly,,31,https://yt3.ggpht.com/PgINZNe0qVxgMSXKG5vF82bNN4WCC12zgWsz9I7OLs4CLF9Cn0Vxq7Xc1ToupnzXrCv0nKfe3VM=w64-h64-p-k-c0x00ffffff-no-rj,2 舒蕾亞·戈沙爾,,"1月 1, 1970",1278010,"31 2 舒蕾亞·戈沙爾 1月 1, 1970 29 15 1,278,010"
2026-08-09,my,Malaysia,top_artists_weekly,,32,https://yt3.googleusercontent.com/uYbQKC1qjNQUDYRVNX9_UVixRCSnSwvbACGYj4J6nreU_ENp_jGVkT6Pp3YQ9oGPedRZvZYknMZR6xKg=w64-h64-p,1 Wings,,"1月 1, 1970",1261342,"32 1 Wings 1月 1, 1970 31 15 1,261,342"
2026-08-09,my,Malaysia,top_artists_weekly,,33,https://yt3.googleusercontent.com/1-Ipiq-y8WyAcWn88nuxwTHaaBWMg8VkCBuP3puDCec-neD3v-7SqoBRzmmBKmA-lir_Ie70yw9EKHk=w64-h64-p,7 艾倫·沃克,,"1月 1, 1970",1251554,"33 7 艾倫·沃克 1月 1, 1970 26 15 1,251,554"
2026-08-09,my,Malaysia,top_artists_weekly,,34,https://lh3.googleusercontent.com/D0XwIujDQOyeEwjeq7eF6lZA2GWF8TCkP7uVyXMqmvQWoubzy8i4wItMCLUBYdI64GS-IGeWL6EXl2Y=w64-h64-p,29 Akbar Chalay,,"1月 1, 1970",1250216,"34 29 Akbar Chalay 1月 1, 1970 63 9 1,250,216"
2026-08-09,my,Malaysia,top_artists_weekly,,35,https://lh3.googleusercontent.com/Ase1UHMjDaIw0JW9vHwD_jXFgT3B4iiWa36wqBLzYjhiY-sEOft3ADcMy37sT9xCIptNjNp9k9nAgss=w64-h64-p,2 XPDC,,"1月 1, 1970",1195914,"35 2 XPDC 1月 1, 1970 33 15 1,195,914"
2026-08-09,my,Malaysia,top_artists_weekly,,36,https://lh3.googleusercontent.com/W_yOqnKSDYyeVOY_AsXhuAtb6rW3vCL3GtJ9DA1GxWOrJfyeSOqzvTv_TkFHijdkVPXWutASBlRFPg=w64-h64-p,● Arijit Singh,,"1月 1, 1970",1190842,"36 ● Arijit Singh 1月 1, 1970 36 15 1,190,842"
2026-08-09,my,Malaysia,top_artists_weekly,,37,https://lh3.googleusercontent.com/yFx0i6mPxQoMeGUDkdgoP_eAuIzCsWkhyVYSR0zyf5rjjngODoFUJiRHDvhg2sRytupNq1bvSH9vuPw=w64-h64-p,7 ST 12,,"1月 1, 1970",1178991,"37 7 ST 12 1月 1, 1970 30 15 1,178,991"
2026-08-09,my,Malaysia,top_artists_weekly,,38,https://yt3.googleusercontent.com/7jndWy5UJwFJKueBCrizeFWOFwxKUOZZjRMIcPyRlv1X18tY9aJpkuSz_PpamnHVjbYV6s_oER8oi4g=w64-h64-p,● Maroon 5,,"1月 1, 1970",1164525,"38 ● Maroon 5 1月 1, 1970 38 15 1,164,525"
2026-08-09,my,Malaysia,top_artists_weekly,,39,https://yt3.googleusercontent.com/5GYeWpGUtgi8tPkwqV_Nnq9ZiE6PhSCoRSrfpK1CIdfZkndV5fLHZ-c2g9rAGfdQ6bV81Wvlc8UMjw=w64-h64-p,4 ILLIT,,"1月 1, 1970",1158336,"39 4 ILLIT 1月 1, 1970 43 15 1,158,336"
2026-08-09,my,Malaysia,top_artists_weekly,,40,https://yt3.googleusercontent.com/41-4WZupE4yY88igineZefzBZ3ud2nrtlBMv61OBWOfOcATol8PhmI5OZ0fLlrTszyZ3Ul9I9sE=w64-h64-p,● Olivia Rodrigo,,"1月 1, 1970",1149448,"40 ● Olivia Rodrigo 1月 1, 1970 40 15 1,149,448"
2026-08-09,my,Malaysia,top_artists_weekly,,41,https://lh3.googleusercontent.com/IOPk1oF8plzB2NS4GYdHLZme06-5PfP_OjMAPNhLtOfHrgzLZz6ItIcVujN31XZ4vuKLt26equAeYA=w64-h64-p,3 Tenxi,,"1月 1, 1970",1123628,"41 3 Tenxi 1月 1, 1970 44 15 1,123,628"
2026-08-09,my,Malaysia,top_artists_weekly,,42,https://lh3.googleusercontent.com/pvJ1n3OBNXcz80KquAr-BY3ZRpp4Vfv8IHBk1SHBkJPF6eGhYJqaO3H5meVIQwb-BTOv0VsckNtPow=w64-h64-p,3 BLACKPINK,,"1月 1, 1970",1114998,"42 3 BLACKPINK 1月 1, 1970 39 15 1,114,998"
2026-08-09,my,Malaysia,top_artists_weekly,,43,https://lh3.googleusercontent.com/tQC4rOL6xz6FhmFr0ggQExxyGbYSOsyveXVSnPBh2WjEyIzQ9pMHablLJ-0GlMBrLBlBrbWQGmzrV6KN=w64-h64-p,1 比利·埃利什,,"1月 1, 1970",1089230,"43 1 比利·埃利什 1月 1, 1970 42 15 1,089,230"
2026-08-09,my,Malaysia,top_artists_weekly,,44,https://lh3.googleusercontent.com/i8PKueO4JStFM6i5t-F8V1jnFglYSybQ_NhU-aXv8mwiPgiCsXjW7WO6gKv97cNPrRcipbHLQA4arA=w64-h64-p,9 林俊傑,,"1月 1, 1970",1084350,"44 9 林俊傑 1月 1, 1970 35 15 1,084,350"
2026-08-09,my,Malaysia,top_artists_weekly,,45,https://lh3.googleusercontent.com/x-Z35q6HsBB98J85-4oNqPnOen4pZBaNCpHawzf_ejs-pkgh6Eh3D2Fu7S1T4gEj0yWZ0c6DOAHCpA=w64-h64-p,8 Michael Jackson,,"1月 1, 1970",1074943,"45 8 Michael Jackson 1月 1, 1970 37 15 1,074,943"
2026-08-09,my,Malaysia,top_artists_weekly,,46,https://yt3.googleusercontent.com/1ztXGJxu4zOqcDlc1gD2slQpkxe8z8z_k_THyeVCSQwCcUw2zJFwRncG7Ui3CB6TUSdbEI-9zMU5gA=w64-h64-p,12 Gareth.T,,"1月 1, 1970",1074391,"46 12 Gareth.T 1月 1, 1970 34 15 1,074,391"
2026-08-09,my,Malaysia,top_artists_weekly,,47,https://yt3.googleusercontent.com/89daO2furCRhY3XFOld0qUxTgIoh8K6PKj3rYdXgXoEx6LdzoePB9UIFi8c7oH7YE9Mn1X8HlmfiFqXtOQ=w64-h64-p,4 Search,,"1月 1, 1970",1064434,"47 4 Search 1月 1, 1970 51 15 1,064,434"
2026-08-09,my,Malaysia,top_artists_weekly,,48,https://yt3.googleusercontent.com/afyGsY_lRKW48vh9fmW4GdLzoe8GLqtiJLTLDR48mlXPcUmjoce2hEMjmutCsXiVcJFGT5IUgLfB63U=w64-h64-p,3 Ungu,,"1月 1, 1970",1059160,"48 3 Ungu 1月 1, 1970 45 15 1,059,160"
2026-08-09,my,Malaysia,top_artists_weekly,,49,https://lh3.googleusercontent.com/umSdMueKqbLBTq0jhiEzh1F82_C8hRVzkw2ZsxOqEktWjNXOKSCMPMGiJtu73myxd995RC4BqKL5fAXM=w64-h64-p,2 Lady Gaga,,"1月 1, 1970",1058134,"49 2 Lady Gaga 1月 1, 1970 47 15 1,058,134"
2026-08-09,my,Malaysia,top_artists_weekly,,50,https://lh3.googleusercontent.com/-IRVL5B0n7-V9Gh9XZvQG161HYqkH_SNSHfJwWYeIcVVh35sMq9-jHTk1FCeAmeUHSdEq7UMpoVzUPw=w64-h64-p,4 尤文·香卡·拉雅,,"1月 1, 1970",1053743,"50 4 尤文·香卡·拉雅 1月 1, 1970 46 15 1,053,743"
2026-08-09,my,Malaysia,top_artists_weekly,,51,https://yt3.ggpht.com/ytc/AIdro_kpp1a0vTRvVTCW_fFJ7QCRyIrFEiVKXPTuT3MIZPdH2g=w64-h64-p,1 Ella,,"1月 1, 1970",1050856,"51 1 Ella 1月 1, 1970 52 15 1,050,856"
2026-08-09,my,Malaysia,top_artists_weekly,,52,https://lh3.googleusercontent.com/LKpJFXjE3-0OX8tIzurzLynVxI-hOClgUl1tCbkHOpz9fm28DBQw2wG2iFd5jDFABCuuxK0xFESVQA=w64-h64-p,3 鄧紫棋,,"1月 1, 1970",1044279,"52 3 鄧紫棋 1月 1, 1970 49 15 1,044,279"
2026-08-09,my,Malaysia,top_artists_weekly,,53,https://yt3.googleusercontent.com/nVJbXg61Msmm_NEU48thAZ7jF-KO9dPCt2ENKiSxn82bCDS9u7NXoa90NwzO70YV8LP79rAZ6JSg-pQr=w64-h64-p,12 Hyper Act,,"1月 1, 1970",1042715,"53 12 Hyper Act 1月 1, 1970 41 15 1,042,715"
2026-08-09,my,Malaysia,top_artists_weekly,,54,https://lh3.googleusercontent.com/_QE_u2AbzzmENeNq9ixrSpB_dZHCgX1sX9_4NAzGIWTR8Gd6jHpGcUZlmG4ZjA97F7pHrErkFOdNfw=w64-h64-p,4 伯納男孩,,"1月 1, 1970",1029248,"54 4 伯納男孩 1月 1, 1970 50 9 1,029,248"
2026-08-09,my,Malaysia,top_artists_weekly,,55,https://yt3.googleusercontent.com/b0ax28GgBEO8PaHOrZi0ANGfOk1geSb68048rw1As2UACUHczUYKkotWabwMAGoX2C8DL9MC9Flpgw=w64-h64-p,30 aespa,,"1月 1, 1970",998426,"55 30 aespa 1月 1, 1970 85 15 998,426"
2026-08-09,my,Malaysia,top_artists_weekly,,56,https://yt3.googleusercontent.com/VVGOJpxGFBbbUJHurZq_U1F_BjIhaMBAY1sDhOT3a2kE2DnidfYT8L_hY7WoJOusysvzn1msCoinvtma=w64-h64-p,4 Shawn Mendes,,"1月 1, 1970",992736,"56 4 Shawn Mendes 1月 1, 1970 60 15 992,736"
2026-08-09,my,Malaysia,top_artists_weekly,,57,https://yt3.googleusercontent.com/XLrs7bXpke6XLtYTSHyghN16i5Qr-BoCB0SYCYdDb0IBZrkZ3Of17o2MQXMBHQ3OP659_CHgksFUhi4=w64-h64-p,4 周興哲,,"1月 1, 1970",989848,"57 4 周興哲 1月 1, 1970 53 15 989,848"
2026-08-09,my,Malaysia,top_artists_weekly,,58,https://lh3.googleusercontent.com/9KoRhPXYu9pl6BiSN_oCBpaAd5Qs6uBxflQze_OoO-wPokdmKxy8WhAGa2GcEPGFA14H8sGGLcqKdAc=w64-h64-p,● Armada,,"1月 1, 1970",984121,"58 ● Armada 1月 1, 1970 58 15 984,121"
2026-08-09,my,Malaysia,top_artists_weekly,,59,https://yt3.googleusercontent.com/KUrZ-eN8Blos-oOCdsIW7ehKUkUXpvjRStFFdqZs5oUaIHeHuMWZpbzU6NmOxPzAk0ik4qYP-SHVkzVmpA=w64-h64-p,KPop Demon Hunters Cast,,,,KPop Demon Hunters Cast
2026-08-09,my,Malaysia,top_artists_weekly,,60,https://yt3.googleusercontent.com/jEh-GLa0VeT7J8D3IhnDH9WqfdPNTp0OthFle0NNtpU6b2nVHUr3vS_trVXlBeYROz-36bAQYw=w64-h64-p,G.V. Prakash Kumar,,,,G.V. Prakash Kumar
2026-08-09,my,Malaysia,top_artists_weekly,,61,https://lh3.googleusercontent.com/cPvYaP4ByG-i7fUE-dKrjMgaNL8v3hC93ErP6meKnltvRuzxo-DINLQkTtvjfC6hVnzRMlnJEb9n3uM=w64-h64-p,7 庫馬・山奴,,"1月 1, 1970",978611,"61 7 庫馬・山奴 1月 1, 1970 68 15 978,611"
2026-08-09,my,Malaysia,top_artists_weekly,,62,https://yt3.googleusercontent.com/i-PUJfHy7H3_s1AUBWUaulTzhclF5MobqSIw_3nM3a2-kfCGsY_67K-dEOW7baAiBdfHvSOuHVjR_g=w64-h64-p,SP Balasubrahmanyam,,,,SP Balasubrahmanyam
2026-08-09,my,Malaysia,top_artists_weekly,,63,https://yt3.googleusercontent.com/DNdac479H6iBV62hjTI1Wl4CaHy5y1L0YeIYDbnhUVQ-MN84hM0d9_40tJ9yRx9hKTUdvIAZ0zizWiA=w64-h64-p,9 LE SSERAFIM,,"1月 1, 1970",960258,"63 9 LE SSERAFIM 1月 1, 1970 54 15 960,258"
2026-08-09,my,Malaysia,top_artists_weekly,,64,https://yt3.googleusercontent.com/v2IbHjnpsFFYo_Mk0acOSRbtmt-9XiT6Poie0X4ppGuCmiivtUBNO0rrZjhSHzCcyWgERfPb3v_XAWYQ=w64-h64-p,5 Jemsii,,"1月 1, 1970",956715,"64 5 Jemsii 1月 1, 1970 69 15 956,715"
2026-08-09,my,Malaysia,top_artists_weekly,,65,https://yt3.googleusercontent.com/16RXgLB1bj5Fkrhzetk7IPgtCd-eHffmHGQli4iEMnig4TEMjVhWW5Vb7Sg1TOopb9Eb_hItsL5z2WXl=w64-h64-p,1 Spin,,"1月 1, 1970",926875,"65 1 Spin 1月 1, 1970 66 15 926,875"
2026-08-09,my,Malaysia,top_artists_weekly,,66,https://yt3.googleusercontent.com/vS1JdQdr9N316SQUWem0Bt6LftIHiHkXgKPQ4X1SVjSFq5w7P2GlyjzpWENEy9EmxzEGhClSCw=w64-h64-p,7 Juan Reza,,"1月 1, 1970",926192,"66 7 Juan Reza 1月 1, 1970 59 15 926,192"
2026-08-09,my,Malaysia,top_artists_weekly,,67,https://lh3.googleusercontent.com/89NwaYZtZh_izUk9S--o-xCwMULZd3yvIJ622Lsq9OyPhslJCi6-wKfoZvGyIyA8WTOUYUdFR1fBUZk=w64-h64-p,10 Insomniacks,,"1月 1, 1970",925450,"67 10 Insomniacks 1月 1, 1970 57 15 925,450"
2026-08-09,my,Malaysia,top_artists_weekly,,68,https://lh3.googleusercontent.com/QxbV6wK_wcQWcBY9rBicZlsl1-gX5M6nGjfNN3BTzgknhaSJ6yhnHW7NmF4dTx0Ch9g9-VTD6YUD2crW=w64-h64-p,7 Ilaiyaraaja,,"1月 1, 1970",912083,"68 7 Ilaiyaraaja 1月 1, 1970 61 15 912,083"
2026-08-09,my,Malaysia,top_artists_weekly,,69,https://yt3.googleusercontent.com/BJE1MMYdYZvc1zVSeGtHeE3wZacb78aXstpop6KyjCrAf7eBz1gdnyP3-uoVtjwTvkJH6ldkRX95AA=w64-h64-p,69 Mingse,,"1月 1, 1970",899310,"69 69 Mingse 1月 1, 1970 - 3 899,310"
2026-08-09,my,Malaysia,top_artists_weekly,,70,https://yt3.googleusercontent.com/4LWeY6esbVPb0ES6rIuYyBsswEJqMW1vUo93_cfpV3u6qqCewYb0lVKXtAhVVPTqLZGrJyUaO4aPIqRjxA=w64-h64-p,2 薩利姆·拉茲維,,"1月 1, 1970",894170,"70 2 薩利姆·拉茲維 1月 1, 1970 72 15 894,170"
2026-08-09,my,Malaysia,top_artists_weekly,,71,https://yt3.googleusercontent.com/dBE8MCtAreKuUIP8OoUe0cBzVSizZ9hWy5oMtybn8h1EQiNlE8iY8D_TLwerHGoUR3k6MGzzKhAvnKw=w64-h64-p,9 Adira,,"1月 1, 1970",883708,"71 9 Adira 1月 1, 1970 62 15 883,708"
2026-08-09,my,Malaysia,top_artists_weekly,,72,https://yt3.googleusercontent.com/qsRJohHC_cnj5L48juCLXzJYppwyLAIAETrgm4m2m7J8PyvRqg1lxMmrHxrC6Y3Ugz11HS02qvY=w64-h64-p,10 Malique,,"1月 1, 1970",882916,"72 10 Malique 1月 1, 1970 82 10 882,916"
2026-08-09,my,Malaysia,top_artists_weekly,,73,https://yt3.googleusercontent.com/VdgLqr3Sno_U1IXj9qzk43azloCsjBeDy6MpFjfD8kMmco0AeL81qow0cpHynDfpaVlujCY11O7QO4d6=w64-h64-p,2 Mahalini,,"1月 1, 1970",877561,"73 2 Mahalini 1月 1, 1970 71 15 877,561"
2026-08-09,my,Malaysia,top_artists_weekly,,74,https://yt3.googleusercontent.com/0FmNbKOxBPw_U_N4Byt3i_87JylYguFIqV6xd0RrSazMrh7dM9RDUQKpI7nYV_iAREzE3UO8=w64-h64-p,9 EJAE,,"1月 1, 1970",874063,"74 9 EJAE 1月 1, 1970 65 15 874,063"
2026-08-09,my,Malaysia,top_artists_weekly,,75,https://yt3.googleusercontent.com/31ZNbXgzuYML_PR4fX9xr9UhLyMbarrX6O2JEwCouoBC38Ht1Wzxn9bls3L-Jfu3L-pU-V6D8_k=w64-h64-p,9 Vivek,,"1月 1, 1970",869805,"75 9 Vivek 1月 1, 1970 84 15 869,805"
2026-08-09,my,Malaysia,top_artists_weekly,,76,https://lh3.googleusercontent.com/uE72emEZFH3TVtCZoIFYKmnf7vsb42RYQxb4X-lonyqPQuS_mLtKpLfBQ5JdHwUijfQo06BtSB7LoQ=w64-h64-p,1 聯合公園,,"1月 1, 1970",857400,"76 1 聯合公園 1月 1, 1970 77 15 857,400"
2026-08-09,my,Malaysia,top_artists_weekly,,77,https://yt3.googleusercontent.com/Ueq7G0dMiCK5WOqPZQt7qO6TSh7_Rb-tRIOgI6DhM1oVR0SHSLrKybV1Nss7BBaD4VoL2lDciXS6r3E=w64-h64-p,13 EzHaRHaNzE,,"1月 1, 1970",854255,"77 13 EzHaRHaNzE 1月 1, 1970 64 15 854,255"
2026-08-09,my,Malaysia,top_artists_weekly,,78,https://yt3.googleusercontent.com/-HiF4V5F70MMCFacJbbTlXuTUrV8NpvELqAyPUnEg0TH3YyQr1igx6mqjm0z96VwEaAQLOCWTsT7fKiS=w64-h64-p,12 May,,"1月 1, 1970",848982,"78 12 May 1月 1, 1970 90 15 848,982"
2026-08-09,my,Malaysia,top_artists_weekly,,79,https://lh3.googleusercontent.com/tLzIJPsFe-q93Y_erAUU_hDIyXCgCrYJ0C-S4DmMurqfB9LJ_PNFpTPA41k-dVMB6ODgc4-1nF1cOp6c=w64-h64-p,8 Rihanna,,"1月 1, 1970",838507,"79 8 Rihanna 1月 1, 1970 87 15 838,507"
2026-08-09,my,Malaysia,top_artists_weekly,,80,https://yt3.googleusercontent.com/RjDayXFqKd-Tb8x36jchbIXl-XPs8obb6HfZ_8yBAMySEhjNDJa-3iuF1X9YYE46dCJViL9-1bfQfc7A=w64-h64-p,10 Reedzwann,,"1月 1, 1970",833282,"80 10 Reedzwann 1月 1, 1970 70 15 833,282"
2026-08-09,my,Malaysia,top_artists_weekly,,81,https://lh3.googleusercontent.com/jQoBIAS6JjFGpcqQY1M_Mh3AasOvFENCdVRxkgax1a0K6qiq7AgE3MbJ6Jtt-Jndcarvoawmrg66KTny=w64-h64-p,5 Ed Sheeran,,"1月 1, 1970",816269,"81 5 Ed Sheeran 1月 1, 1970 76 15 816,269"
2026-08-09,my,Malaysia,top_artists_weekly,,82,https://lh3.googleusercontent.com/3m16oMKLck_2JI_jRmF4cfNzohDOGjnS0v3yeo9J3b-VAmoidbDHmENAFb9NF701ogYMrDgGpgQv-A=w64-h64-p,7 HUNTR/X,,"1月 1, 1970",814107,"82 7 HUNTR/X 1月 1, 1970 75 15 814,107"
2026-08-09,my,Malaysia,top_artists_weekly,,83,https://lh3.googleusercontent.com/Wqr_bvGshelPD-n5OohFA1Au6r130npkqQX3BS0bEb4l373-FVX9ZhkhWykNKdq3CrNCF6ubJNTLVwI=w64-h64-p,2 CP查理,,"1月 1, 1970",812280,"83 2 CP查理 1月 1, 1970 81 15 812,280"
2026-08-09,my,Malaysia,top_artists_weekly,,84,https://www.youtube.com/s/charts/images/top_artists.png,Adek Saye Abe Sore,,,,Adek Saye Abe Sore
2026-08-09,my,Malaysia,top_artists_weekly,,85,https://lh3.googleusercontent.com/ornw5w2dfEhnOj0qfYuFizhCV_PkviIR7uJMMDyi2eXPJ0VcTF1cEcYVyO1NhvIQIVZInUqh3Uohg5Q=w64-h64-p,3 Akon,,"1月 1, 1970",803858,"85 3 Akon 1月 1, 1970 88 15 803,858"
2026-08-09,my,Malaysia,top_artists_weekly,,86,https://yt3.googleusercontent.com/ahanvzsO5q0DQGBI1WLXXyoXb-dqgX8tehQMLpd5-H2OSjYgeQPcUJoLT8Ol9iTvwOvW9oBcp4wpTlmF=w64-h64-p,86 ATEEZ,,"1月 1, 1970",794470,"86 86 ATEEZ 1月 1, 1970 - 10 794,470"
2026-08-09,my,Malaysia,top_artists_weekly,,87,https://lh3.googleusercontent.com/iWH_XSIO8yZvIqz8vxkwC9BjzGM4giAhR69Z6LZ0t8Rp79ASNFVwpwHZWOyyo94B_jsXl8HtFueMgMA=w64-h64-p,8 蘇努・尼甘,,"1月 1, 1970",790493,"87 8 蘇努・尼甘 1月 1, 1970 95 15 790,493"
2026-08-09,my,Malaysia,top_artists_weekly,,88,https://yt3.googleusercontent.com/5ci78rKknUuBjvn9esGu_zXAZOzA62XIsRu6FMUj52xJIv0Yszfni4nHWJVUkr1BbxtBJhKcdcgZPXE=w64-h64-p,4 七級煉獄,,"1月 1, 1970",787209,"88 4 七級煉獄 1月 1, 1970 92 15 787,209"
2026-08-09,my,Malaysia,top_artists_weekly,,89,https://yt3.ggpht.com/ytc/AIdro_kicVq2U-LvmGQjOAF9Ca5-9j7-I4p99_G88XO8vuc41zE=w64-h64-p,3 UNIC,,"1月 1, 1970",786226,"89 3 UNIC 1月 1, 1970 86 15 786,226"
2026-08-09,my,Malaysia,top_artists_weekly,,90,https://yt3.googleusercontent.com/93vnJ_aG5rTlruQDFaVhZHCTTRwGzS34R3SPKKCTBDZ84xutO5KUCiu-scL_ZTaV8g6HhH27diVq4HY=w64-h64-p,4 新好男孩,,"1月 1, 1970",783982,"90 4 新好男孩 1月 1, 1970 94 15 783,982"
2026-08-09,my,Malaysia,top_artists_weekly,,91,https://lh3.googleusercontent.com/d3Vx3Ctc5Nt_6JciO_C4QxvtzfDXUhHj79moNiub60J8-UnZbGY-uE22SHdeZ70aBHLigGbmXoyFNYFr=w64-h64-p,2 BIGBANG,,"1月 1, 1970",783148,"91 2 BIGBANG 1月 1, 1970 89 15 783,148"
2026-08-09,my,Malaysia,top_artists_weekly,,92,https://yt3.googleusercontent.com/MA_EGoZ5nl71Ru68u35wsIEwbbOnr0akbYYGW3EaHvKc05ALjYW-rvQTRyv4n_b2D9qQgEPw=w64-h64-p,13 AUDREY NUNA,,"1月 1, 1970",782771,"92 13 AUDREY NUNA 1月 1, 1970 79 15 782,771"
2026-08-09,my,Malaysia,top_artists_weekly,,93,https://lh3.googleusercontent.com/X4-uFXkK0eURDwjSdqFZO1fbbET1wfEC3ch0vGAZNX_o5a6ee5LhWHoxg_rpq4i85cE8t1Z4ojmAdg=w64-h64-p,93 Spoon樂隊,,"1月 1, 1970",782353,"93 93 Spoon樂隊 1月 1, 1970 - 3 782,353"
2026-08-09,my,Malaysia,top_artists_weekly,,94,https://lh3.googleusercontent.com/Q0-lvVEqqi4SISDtJOb4pvJAy-lngML3CQoTUmSWfufucRBcggF8A0x5proElmUnMxR7Fgg8eB3kA1Y=w64-h64-p,14 REI AMI,,"1月 1, 1970",781460,"94 14 REI AMI 1月 1, 1970 80 15 781,460"
2026-08-09,my,Malaysia,top_artists_weekly,,95,https://yt3.googleusercontent.com/UMSbcBasamOPMU6yxciJaX2hExaixBH_dvP1n6ldbCAKjo0hRVpCLFbIXr-0facMEsUq7wu6G4tYBSLjrg=w64-h64-p,3 Ammar Haikal,,"1月 1, 1970",772355,"95 3 Ammar Haikal 1月 1, 1970 98 6 772,355"
2026-08-09,my,Malaysia,top_artists_weekly,,96,https://yt3.googleusercontent.com/h5RMpHIY7m2bJ8hcG-7_hwIaiMNZXljfe8Xszb-dAW00pWI6Folj14g2t0cADaimlz4_5MK2V3g=w64-h64-p,13 DIOR 大穎,,"1月 1, 1970",760089,"96 13 DIOR 大穎 1月 1, 1970 83 15 760,089"
2026-08-09,my,Malaysia,top_artists_weekly,,97,https://yt3.googleusercontent.com/Ksj1Q-tYaqygTIzXaGG0dxsg2qQyGukMUtWcBMuMXkQaP54f29l3-WcN4IWNxiE1-J7fcDTrBQHQ_vAPtA=w64-h64-p,● MOJO,,"1月 1, 1970",757683,"97 ● MOJO 1月 1, 1970 97 9 757,683"
2026-08-09,my,Malaysia,top_artists_weekly,,98,https://www.youtube.com/s/charts/images/top_artists.png,Bellestrelle ft Harry Azrul,,,,Bellestrelle ft Harry Azrul
2026-08-09,my,Malaysia,top_artists_weekly,,99,https://lh3.googleusercontent.com/HmMAol83AWxVt46vykUTd8_clsx_sPOEDJA72HL6lMVwMyCKPdShn3O3BDY7-jv9iZNfBHkcrhxJ3g=w64-h64-p,99 Pitbull,,"1月 1, 1970",735272,"99 99 Pitbull 1月 1, 1970 - 15 735,272"
2026-08-09,my,Malaysia,top_artists_weekly,,100,https://lh3.googleusercontent.com/lWalclWLirqnwIhMIMFP4j2E2TDZsDDD_McBXQiIvryxfhTWzHhlCR07QEaDzvZHXlLT07i2VCYh6aU=w64-h64-p,4 TWICE,,"1月 1, 1970",725140,"100 4 TWICE 1月 1, 1970 96 15 725,140"