captured_date,market,market_name,chart,period_suffix,rank,primary_name,secondary_name,release_date,metric_value,raw_text
2026-08-08,global,Global,top_videos_weekly,,1,Dai Dai Shakira & Burna Boy,,,,Dai Dai Shakira & Burna Boy
2026-08-08,global,Global,top_videos_weekly,,2,Barbaadi Shilpi Raj,,,,Barbaadi Shilpi Raj
2026-08-08,global,Global,top_videos_weekly,,3,"Golden HUNTR/X , EJAE , AUDREY NUNA , REI AMI & KPop Demon Hunters Cast",,,,"Golden HUNTR/X , EJAE , AUDREY NUNA , REI AMI & KPop Demon Hunters Cast"
2026-08-08,global,Global,top_videos_weekly,,4,Waka Waka Shakira,,,,Waka Waka Shakira
2026-08-08,global,Global,top_videos_weekly,,5,Life Goes On Oliver Tree,,,,Life Goes On Oliver Tree
2026-08-08,global,Global,top_videos_weekly,,6,Less than a Lover JENNIE,,,,Less than a Lover JENNIE
2026-08-08,global,Global,top_videos_weekly,,7,"Shararat Madhubanti Bagchi , 雅斯文·桑德拉斯 & 沙赫瓦特·薩赫迪夫",,,,"Shararat Madhubanti Bagchi , 雅斯文·桑德拉斯 & 沙赫瓦特·薩赫迪夫"
2026-08-08,global,Global,top_videos_weekly,,8,Todo Lo Fue Lenin Ramírez,,,,Todo Lo Fue Lenin Ramírez
2026-08-08,global,Global,top_videos_weekly,,9,"Basinga Balaalu Srinidhi Nerella , Kalyan Keys & Swamy Naresh",,,,"Basinga Balaalu Srinidhi Nerella , Kalyan Keys & Swamy Naresh"
2026-08-08,global,Global,top_videos_weekly,,10,"ICONIC BY MISTAKE LE SSERAFIM , ILLIT & KATSEYE",,,,"ICONIC BY MISTAKE LE SSERAFIM , ILLIT & KATSEYE"
2026-08-08,global,Global,top_videos_weekly,,11,Nano Saint Levant & TUL8TE,,,,Nano Saint Levant & TUL8TE
2026-08-08,global,Global,top_videos_weekly,,12,Sunflower Post Malone & Swae Lee,,,,Sunflower Post Malone & Swae Lee
2026-08-08,global,Global,top_videos_weekly,,13,Sebebi Yar Blok3,,,,Sebebi Yar Blok3
2026-08-08,global,Global,top_videos_weekly,,14,"Jaiye Sajana 雅斯文·桑德拉斯 , 施廷德·薩爾塔 & 沙赫瓦特·薩赫迪夫",,,,"Jaiye Sajana 雅斯文·桑德拉斯 , 施廷德·薩爾塔 & 沙赫瓦特·薩赫迪夫"
2026-08-08,global,Global,top_videos_weekly,,15,"Aankhon Se Tune 2.0 Dev Negi , Palak Muchhal , Kumar Sanu & Alka Yagnik",,,,"Aankhon Se Tune 2.0 Dev Negi , Palak Muchhal , Kumar Sanu & Alka Yagnik"
2026-08-08,global,Global,top_videos_weekly,,16,Ya Borracho Herencia De Grandes,,,,Ya Borracho Herencia De Grandes
2026-08-08,global,Global,top_videos_weekly,,17,Beat It Michael Jackson,,,,Beat It Michael Jackson
2026-08-08,global,Global,top_videos_weekly,,18,Arz Kiya Hai Anuv Jain,,,,Arz Kiya Hai Anuv Jain
2026-08-08,global,Global,top_videos_weekly,,19,Pavazha Malli Sai Abhyankkar & Shruti Haasan,,,,Pavazha Malli Sai Abhyankkar & Shruti Haasan
2026-08-08,global,Global,top_videos_weekly,,20,Fortuner Raj Mawar & Ruchika Jangid,,,,Fortuner Raj Mawar & Ruchika Jangid
2026-08-08,global,Global,top_videos_weekly,,21,Sheesha Mitta Ror & Swara Verma,,,,Sheesha Mitta Ror & Swara Verma
2026-08-08,global,Global,top_videos_weekly,,22,Anor Mirjalol Nematov,,,,Anor Mirjalol Nematov
2026-08-08,global,Global,top_videos_weekly,,23,2 It's Me ILLIT,,"4月 30, 2026",7267914,"23 2 It's Me ILLIT 4月 30, 2026 25 13 7,267,914"
2026-08-08,global,Global,top_videos_weekly,,24,2 Bairan Banjaare,,"2月 13, 2026",7254451,"24 2 Bairan Banjaare 2月 13, 2026 22 21 7,254,451"
2026-08-08,global,Global,top_videos_weekly,,25,Hips Don't Lie Shakira,,,,Hips Don't Lie Shakira
2026-08-08,global,Global,top_videos_weekly,,26,ÇOK GÜZEL GÜLÜYORSUN Blok3 & Poizi,,,,ÇOK GÜZEL GÜLÜYORSUN Blok3 & Poizi
2026-08-08,global,Global,top_videos_weekly,,27,Champions iShowSpeed,,,,Champions iShowSpeed
2026-08-08,global,Global,top_videos_weekly,,28,Boom Shaka KR$NA & Dhanda Nyoliwala,,,,Boom Shaka KR$NA & Dhanda Nyoliwala
2026-08-08,global,Global,top_videos_weekly,,29,Las Mas Bonitas Son P*tas Anuel AA,,,,Las Mas Bonitas Son P*tas Anuel AA
2026-08-08,global,Global,top_videos_weekly,,30,تباعاً تباعاً Sherine,,,,تباعاً تباعاً Sherine
2026-08-08,global,Global,top_videos_weekly,,31,Peão Todo Tatuado Mariana Fagundes & jeninho,,,,Peão Todo Tatuado Mariana Fagundes & jeninho
2026-08-08,global,Global,top_videos_weekly,,32,"DICHAVATE Ya Ice Dilan , Rey Tony , Helabusador , JipMusic Global & dj honda",,,,"DICHAVATE Ya Ice Dilan , Rey Tony , Helabusador , JipMusic Global & dj honda"
2026-08-08,global,Global,top_videos_weekly,,33,"Saiyaara 舒蕾亞·戈沙爾 , Arslan Nizami & Irshad Kamil",,,,"Saiyaara 舒蕾亞·戈沙爾 , Arslan Nizami & Irshad Kamil"
2026-08-08,global,Global,top_videos_weekly,,34,The Fate of Ophelia Taylor Swift,,,,The Fate of Ophelia Taylor Swift
2026-08-08,global,Global,top_videos_weekly,,35,Miss You Oliver Tree & Robin Schulz,,,,Miss You Oliver Tree & Robin Schulz
2026-08-08,global,Global,top_videos_weekly,,36,"Shararat Madhubanti Bagchi , 雅斯文·桑德拉斯 & 沙赫瓦特·薩赫迪夫",,,,"Shararat Madhubanti Bagchi , 雅斯文·桑德拉斯 & 沙赫瓦特·薩赫迪夫"
2026-08-08,global,Global,top_videos_weekly,,37,Ara Beni 荷黛絲·阿奇高茲,,,,Ara Beni 荷黛絲·阿奇高茲
2026-08-08,global,Global,top_videos_weekly,,38,2 ZOMBIE LAZARO,,"5月 21, 2026",6301021,"38 2 ZOMBIE LAZARO 5月 21, 2026 40 10 6,301,021"
2026-08-08,global,Global,top_videos_weekly,,39,18 Kırgınım Blok3,,"6月 4, 2026",6300510,"39 18 Kırgınım Blok3 6月 4, 2026 57 8 6,300,510"
2026-08-08,global,Global,top_videos_weekly,,40,Hileli manifest & 艾達佩肯,,,,Hileli manifest & 艾達佩肯
2026-08-08,global,Global,top_videos_weekly,,41,"Cuando No Era Cantante (Remix) El Bogueto , Anuel AA , Fuerza Regida & Yung Beef",,,,"Cuando No Era Cantante (Remix) El Bogueto , Anuel AA , Fuerza Regida & Yung Beef"
2026-08-08,global,Global,top_videos_weekly,,42,UNA BABY EN SANTIAGO Lil Naay,,,,UNA BABY EN SANTIAGO Lil Naay
2026-08-08,global,Global,top_videos_weekly,,43,Smooth Criminal Michael Jackson,,,,Smooth Criminal Michael Jackson
2026-08-08,global,Global,top_videos_weekly,,44,Raindance 戴夫 & Tems,,,,Raindance 戴夫 & Tems
2026-08-08,global,Global,top_videos_weekly,,45,Toz Pembe manifest,,,,Toz Pembe manifest
2026-08-08,global,Global,top_videos_weekly,,46,AMOR Emmanuel Cortes,,,,AMOR Emmanuel Cortes
2026-08-08,global,Global,top_videos_weekly,,47,"Gehra Hua Arijit Singh , Armaan Khan , 沙赫瓦特·薩赫迪夫 & Irshad Kamil",,,,"Gehra Hua Arijit Singh , Armaan Khan , 沙赫瓦特·薩赫迪夫 & Irshad Kamil"
2026-08-08,global,Global,top_videos_weekly,,48,"Mi Chico Jason Derulo , Melody & Dj Goja",,,,"Mi Chico Jason Derulo , Melody & Dj Goja"
2026-08-08,global,Global,top_videos_weekly,,49,3 BAD ATEEZ,,"6月 25, 2026",5700668,"49 3 BAD ATEEZ 6月 25, 2026 46 5 5,700,668"
2026-08-08,global,Global,top_videos_weekly,,50,Every Breath You Take The Police,,,,Every Breath You Take The Police
2026-08-08,global,Global,top_videos_weekly,,51,Kayıp Kalp Blok3,,,,Kayıp Kalp Blok3
2026-08-08,global,Global,top_videos_weekly,,52,Uptown Funk Mark Ronson,,,,Uptown Funk Mark Ronson
2026-08-08,global,Global,top_videos_weekly,,53,Y Que Fue? 唐·明嘉羅,,,,Y Que Fue? 唐·明嘉羅
2026-08-08,global,Global,top_videos_weekly,,54,Tìm Em Hngle & Bảo Anh,,,,Tìm Em Hngle & Bảo Anh
2026-08-08,global,Global,top_videos_weekly,,55,55 Take On Me a,ha,"1月 6, 2010",5248025,"55 55 Take On Me a-ha 1月 6, 2010 - 31 5,248,025"
2026-08-08,global,Global,top_videos_weekly,,56,"Gut Genug KITSCHKRIEG , Blumengarten & 希琳·大衛",,,,"Gut Genug KITSCHKRIEG , Blumengarten & 希琳·大衛"
2026-08-08,global,Global,top_videos_weekly,,57,Let Her Go Passenger,,,,Let Her Go Passenger
2026-08-08,global,Global,top_videos_weekly,,58,"ICONIC BY MISTAKE ILLIT , LE SSERAFIM & KATSEYE",,,,"ICONIC BY MISTAKE ILLIT , LE SSERAFIM & KATSEYE"
2026-08-08,global,Global,top_videos_weekly,,59,"ILLIT (아일릿) 'I Got Your Back (Feat. JISOO, MOMOKA of HANA)' Official MV ILLIT",,,,"ILLIT (아일릿) 'I Got Your Back (Feat. JISOO, MOMOKA of HANA)' Official MV ILLIT"
2026-08-08,global,Global,top_videos_weekly,,60,NORMAL 防彈少年團,,"7月 18, 2026",4824672,"60 New NORMAL 防彈少年團 7月 18, 2026 - 1 4,824,672"
2026-08-08,global,Global,top_videos_weekly,,61,hate that i made you love me Ariana Grande,,,,hate that i made you love me Ariana Grande
2026-08-08,global,Global,top_videos_weekly,,62,Bangles Sanju Rathod & G,SPXRK,,,Bangles Sanju Rathod & G-SPXRK
2026-08-08,global,Global,top_videos_weekly,,63,Gangsta's Paradise 小阿提斯・里昂・艾維,,,,Gangsta's Paradise 小阿提斯・里昂・艾維
2026-08-08,global,Global,top_videos_weekly,,64,"UDI UDI Hruday , Sarkar & Aneesh",,,,"UDI UDI Hruday , Sarkar & Aneesh"
2026-08-08,global,Global,top_videos_weekly,,65,"Kamar DJ Pe Manish Sonipat Aala , Bali Sharma & Vampire",,,,"Kamar DJ Pe Manish Sonipat Aala , Bali Sharma & Vampire"
2026-08-08,global,Global,top_videos_weekly,,66,Bum Bum Bole Shaan & 阿米爾·罕,,,,Bum Bum Bole Shaan & 阿米爾·罕
2026-08-08,global,Global,top_videos_weekly,,67,Total Eclipse of the Heart Bonnie Tyler,,,,Total Eclipse of the Heart Bonnie Tyler
2026-08-08,global,Global,top_videos_weekly,,68,Rana Ji 2.0 Ila Arun & Alka Yagnik,,,,Rana Ji 2.0 Ila Arun & Alka Yagnik
2026-08-08,global,Global,top_videos_weekly,,69,3 Dynamite 防彈少年團,,"8月 20, 2020",4554930,"69 3 Dynamite 防彈少年團 8月 20, 2020 72 54 4,554,930"
2026-08-08,global,Global,top_videos_weekly,,70,"Cuida do Pet Mc Willian , Mc Iguinho CT , Oldilla & Aaron Modesto",,,,"Cuida do Pet Mc Willian , Mc Iguinho CT , Oldilla & Aaron Modesto"
2026-08-08,global,Global,top_videos_weekly,,71,Nach Nagin Jaisan Raushan Rohi & Khushi Kakkar,,,,Nach Nagin Jaisan Raushan Rohi & Khushi Kakkar
2026-08-08,global,Global,top_videos_weekly,,72,"Hellallallo Rakshita Suresh , A. R. Rahman & Varadaraj Chikkaballapura",,,,"Hellallallo Rakshita Suresh , A. R. Rahman & Varadaraj Chikkaballapura"
2026-08-08,global,Global,top_videos_weekly,,73,"No Me Conoce (Remix) Jhay Cortez , J·巴爾文 & 壞痞兔",,,,"No Me Conoce (Remix) Jhay Cortez , J·巴爾文 & 壞痞兔"
2026-08-08,global,Global,top_videos_weekly,,74,Sign of the Times Harry Styles,,,,Sign of the Times Harry Styles
2026-08-08,global,Global,top_videos_weekly,,75,12 Teh Hijau 圖魯斯,,"6月 29, 2026",4300712,"75 12 Teh Hijau 圖魯斯 6月 29, 2026 87 3 4,300,712"
2026-08-08,global,Global,top_videos_weekly,,76,Perfect Ed Sheeran,,,,Perfect Ed Sheeran
2026-08-08,global,Global,top_videos_weekly,,77,"আমের আঁচার Liyaz Md , Manashi Basak , Acoustic Dipankar , Anna Das & Ujjal Barman",,,,"আমের আঁচার Liyaz Md , Manashi Basak , Acoustic Dipankar , Anna Das & Ujjal Barman"
2026-08-08,global,Global,top_videos_weekly,,78,Beauty And A Beat Justin Bieber,,,,Beauty And A Beat Justin Bieber
2026-08-08,global,Global,top_videos_weekly,,79,De Lejitos (Remix) Jay Wheeler & Omar Courtz,,,,De Lejitos (Remix) Jay Wheeler & Omar Courtz
2026-08-08,global,Global,top_videos_weekly,,80,4 Gnarly KATSEYE,,"5月 5, 2025",4122096,"80 4 Gnarly KATSEYE 5月 5, 2025 76 4 4,122,096"
2026-08-08,global,Global,top_videos_weekly,,81,Pilé Mauvais Djo,,,,Pilé Mauvais Djo
2026-08-08,global,Global,top_videos_weekly,,82,TQG KAROL G & Shakira,,,,TQG KAROL G & Shakira
2026-08-08,global,Global,top_videos_weekly,,83,POR SI MAÑANA NO ESTOY Omar Courtz,,,,POR SI MAÑANA NO ESTOY Omar Courtz
2026-08-08,global,Global,top_videos_weekly,,84,Udaarian 施廷德·薩爾塔,,,,Udaarian 施廷德·薩爾塔
2026-08-08,global,Global,top_videos_weekly,,85,6 يا حلو 亞當,,"7月 11, 2025",4065320,"85 6 يا حلو 亞當 7月 11, 2025 91 3 4,065,320"
2026-08-08,global,Global,top_videos_weekly,,86,20 2.0 防彈少年團,,"4月 1, 2026",3997939,"86 20 2.0 防彈少年團 4月 1, 2026 66 18 3,997,939"
2026-08-08,global,Global,top_videos_weekly,,87,Cha,cha ippocik & senur,,,Cha-cha ippocik & senur
2026-08-08,global,Global,top_videos_weekly,,88,Neno Butterfly Sublahshini & G.V. Prakash Kumar,,,,Neno Butterfly Sublahshini & G.V. Prakash Kumar
2026-08-08,global,Global,top_videos_weekly,,89,4 Doma Jósean Log,,"10月 14, 2017",3961797,"89 4 Doma Jósean Log 10月 14, 2017 85 5 3,961,797"
2026-08-08,global,Global,top_videos_weekly,,90,Rolling in the Deep Adele,,,,Rolling in the Deep Adele
2026-08-08,global,Global,top_videos_weekly,,91,Hurt Oliver Tree,,,,Hurt Oliver Tree
2026-08-08,global,Global,top_videos_weekly,,92,92 Debut KATSEYE,,"7月 2, 2024",3907622,"92 92 Debut KATSEYE 7月 2, 2024 - 11 3,907,622"
2026-08-08,global,Global,top_videos_weekly,,93,Mi Gente (Official Video) J. Balvin & Willy William & Lylloo,,,,Mi Gente (Official Video) J. Balvin & Willy William & Lylloo
2026-08-08,global,Global,top_videos_weekly,,94,(Everything I Do) I Do It For You Bryan Adams,,,,(Everything I Do) I Do It For You Bryan Adams
2026-08-08,global,Global,top_videos_weekly,,95,no tiene sentido Beéle,,,,no tiene sentido Beéle
2026-08-08,global,Global,top_videos_weekly,,96,Back To Black Amy Winehouse,,,,Back To Black Amy Winehouse
2026-08-08,global,Global,top_videos_weekly,,97,Tere Sang Yaara 馬諾伊·蒙塔舍 & 阿蒂夫·阿斯拉姆,,,,Tere Sang Yaara 馬諾伊·蒙塔舍 & 阿蒂夫·阿斯拉姆
2026-08-08,global,Global,top_videos_weekly,,98,Smells Like Teen Spirit Nirvana,,,,Smells Like Teen Spirit Nirvana
2026-08-08,global,Global,top_videos_weekly,,99,Kabze Bintu Pabra & Shiva Choudhary,,,,Kabze Bintu Pabra & Shiva Choudhary
2026-08-08,global,Global,top_videos_weekly,,100,TUM JO AAYE Rahat Fateh Ali Khan & Tulsi Kumar,,,,TUM JO AAYE Rahat Fateh Ali Khan & Tulsi Kumar
2026-08-08,tw,Taiwan,top_videos_weekly,,1,Less than a Lover JENNIE,,,,Less than a Lover JENNIE
2026-08-08,tw,Taiwan,top_videos_weekly,,2,2 太陽與地球 盧廣仲,,"9月 16, 2025",296120,"2 2 太陽與地球 盧廣仲 9月 16, 2025 4 15 296,120"
2026-08-08,tw,Taiwan,top_videos_weekly,,3,Good Goodbye HWASA,,,,Good Goodbye HWASA
2026-08-08,tw,Taiwan,top_videos_weekly,,4,3 BAD ATEEZ,,"6月 25, 2026",260282,"4 3 BAD ATEEZ 6月 25, 2026 7 5 260,282"
2026-08-08,tw,Taiwan,top_videos_weekly,,5,3 沒有人像我 宇宙人,,"7月 2, 2026",254902,"5 3 沒有人像我 宇宙人 7月 2, 2026 2 4 254,902"
2026-08-08,tw,Taiwan,top_videos_weekly,,6,1 不愛就不愛 艾薇,,"12月 18, 2024",251489,"6 1 不愛就不愛 艾薇 12月 18, 2024 5 15 251,489"
2026-08-08,tw,Taiwan,top_videos_weekly,,7,Good Goodbye HWASA,,,,Good Goodbye HWASA
2026-08-08,tw,Taiwan,top_videos_weekly,,8,過了幾天 DIOR 大穎 & 郭家瑋,,,,過了幾天 DIOR 大穎 & 郭家瑋
2026-08-08,tw,Taiwan,top_videos_weekly,,9,"Golden HUNTR/X , EJAE , AUDREY NUNA , REI AMI & KPop Demon Hunters Cast",,,,"Golden HUNTR/X , EJAE , AUDREY NUNA , REI AMI & KPop Demon Hunters Cast"
2026-08-08,tw,Taiwan,top_videos_weekly,,10,10 嘉宾 张远,,"6月 12, 2026",219140,"10 10 嘉宾 张远 6月 12, 2026 20 3 219,140"
2026-08-08,tw,Taiwan,top_videos_weekly,,11,1 必巡 曾瑋中,,"6月 27, 2022",218318,"11 1 必巡 曾瑋中 6月 27, 2022 12 15 218,318"
2026-08-08,tw,Taiwan,top_videos_weekly,,12,KISS N TELL aespa,,,,KISS N TELL aespa
2026-08-08,tw,Taiwan,top_videos_weekly,,13,3 It's Me ILLIT,,"4月 30, 2026",206213,"13 3 It's Me ILLIT 4月 30, 2026 10 14 206,213"
2026-08-08,tw,Taiwan,top_videos_weekly,,14,5 幸福在歌唱 A,Lin,"12月 26, 2025",199816,"14 5 幸福在歌唱 A-Lin 12月 26, 2025 9 15 199,816"
2026-08-08,tw,Taiwan,top_videos_weekly,,15,2 LEMONADE aespa,,"5月 28, 2026",192903,"15 2 LEMONADE aespa 5月 28, 2026 13 9 192,903"
2026-08-08,tw,Taiwan,top_videos_weekly,,16,춤 (CHOOM) BABYMONSTER,,,,춤 (CHOOM) BABYMONSTER
2026-08-08,tw,Taiwan,top_videos_weekly,,17,看着我的眼睛说 张远 & 姚晓棠,,,,看着我的眼睛说 张远 & 姚晓棠
2026-08-08,tw,Taiwan,top_videos_weekly,,18,Dai dai Shakira & 伯納男孩,,,,Dai dai Shakira & 伯納男孩
2026-08-08,tw,Taiwan,top_videos_weekly,,19,SUGAR HONEY ICE TEA BABYMONSTER,,,,SUGAR HONEY ICE TEA BABYMONSTER
2026-08-08,tw,Taiwan,top_videos_weekly,,20,I LIKE IT BABYMONSTER,,,,I LIKE IT BABYMONSTER
2026-08-08,tw,Taiwan,top_videos_weekly,,21,4 我不該動情 老板,,"7月 1, 2026",141175,"21 4 我不該動情 老板 7月 1, 2026 25 4 141,175"
2026-08-08,tw,Taiwan,top_videos_weekly,,22,Dai Dai Shakira & Burna Boy,,,,Dai Dai Shakira & Burna Boy
2026-08-08,tw,Taiwan,top_videos_weekly,,23,1 All For You 周興哲,,"7月 16, 2026",132367,"23 1 All For You 周興哲 7月 16, 2026 24 2 132,367"
2026-08-08,tw,Taiwan,top_videos_weekly,,24,PSYCHO BABYMONSTER,,,,PSYCHO BABYMONSTER
2026-08-08,tw,Taiwan,top_videos_weekly,,25,11 綿綿無絕期 黃奇斌,,"7月 10, 2026",122050,"25 11 綿綿無絕期 黃奇斌 7月 10, 2026 14 3 122,050"
2026-08-08,tw,Taiwan,top_videos_weekly,,26,4 一個人 A,Lin,"6月 11, 2026",121502,"26 4 一個人 A-Lin 6月 11, 2026 30 7 121,502"
2026-08-08,tw,Taiwan,top_videos_weekly,,27,左轉燈 (,Times+1) 派偉俊,,1000,左轉燈 (1000 Times+1) 派偉俊
2026-08-08,tw,Taiwan,top_videos_weekly,,28,還是錯過他 王晴,,"7月 9, 2023",119818,"28 New 還是錯過他 王晴 7月 9, 2023 - 1 119,818"
2026-08-08,tw,Taiwan,top_videos_weekly,,29,4 浪人的… 張震嶽,,"5月 13, 2025",105820,"29 4 浪人的… 張震嶽 5月 13, 2025 33 5 105,820"
2026-08-08,tw,Taiwan,top_videos_weekly,,30,Beauty And A Beat Justin Bieber,,,,Beauty And A Beat Justin Bieber
2026-08-08,tw,Taiwan,top_videos_weekly,,31,● 沒有人像我一樣 宇宙人,,"6月 23, 2026",102473,"31 ● 沒有人像我一樣 宇宙人 6月 23, 2026 31 5 102,473"
2026-08-08,tw,Taiwan,top_videos_weekly,,32,Waka Waka Shakira,,,,Waka Waka Shakira
2026-08-08,tw,Taiwan,top_videos_weekly,,33,RUDE! Hearts2Hearts,,,,RUDE! Hearts2Hearts
2026-08-08,tw,Taiwan,top_videos_weekly,,34,"ILLIT (아일릿) 'I Got Your Back (Feat. JISOO, MOMOKA of HANA)' Official MV ILLIT",,,,"ILLIT (아일릿) 'I Got Your Back (Feat. JISOO, MOMOKA of HANA)' Official MV ILLIT"
2026-08-08,tw,Taiwan,top_videos_weekly,,35,Super Daddy 玖壹壹,,"7月 27, 2026",95063,"35 New Super Daddy 玖壹壹 7月 27, 2026 - 1 95,063"
2026-08-08,tw,Taiwan,top_videos_weekly,,36,● 玻璃 Gareth.T,,"5月 20, 2026",93192,"36 ● 玻璃 Gareth.T 5月 20, 2026 36 10 93,192"
2026-08-08,tw,Taiwan,top_videos_weekly,,37,2 我甘願重新愛過 玖壹壹,,"5月 20, 2026",91771,"37 2 我甘願重新愛過 玖壹壹 5月 20, 2026 39 11 91,771"
2026-08-08,tw,Taiwan,top_videos_weekly,,38,NORMAL 防彈少年團,,"7月 18, 2026",87123,"38 New NORMAL 防彈少年團 7月 18, 2026 - 1 87,123"
2026-08-08,tw,Taiwan,top_videos_weekly,,39,Life Goes On Oliver Tree,,,,Life Goes On Oliver Tree
2026-08-08,tw,Taiwan,top_videos_weekly,,40,2 如果我很平庸 陳華,,"6月 5, 2026",85421,"40 2 如果我很平庸 陳華 6月 5, 2026 38 8 85,421"
2026-08-08,tw,Taiwan,top_videos_weekly,,41,Why You Gonna Lie SKRpresents 陶山音樂,,,,Why You Gonna Lie SKRpresents 陶山音樂
2026-08-08,tw,Taiwan,top_videos_weekly,,42,Baby Justin Bieber,,,,Baby Justin Bieber
2026-08-08,tw,Taiwan,top_videos_weekly,,43,1 一個人想著一個人 曾沛慈,,"2月 17, 2013",82056,"43 1 一個人想著一個人 曾沛慈 2月 17, 2013 44 15 82,056"
2026-08-08,tw,Taiwan,top_videos_weekly,,44,ChecK 孝琳,,"7月 22, 2026",79201,"44 New ChecK 孝琳 7月 22, 2026 - 1 79,201"
2026-08-08,tw,Taiwan,top_videos_weekly,,45,"Soda Pop Saja Boys , Andrew Choi , Neckwav , Danny Chung , KEVIN WOO , samUIL Lee & KPop Demon Hunters Cast",,,,"Soda Pop Saja Boys , Andrew Choi , Neckwav , Danny Chung , KEVIN WOO , samUIL Lee & KPop Demon Hunters Cast"
2026-08-08,tw,Taiwan,top_videos_weekly,,46,5 陪你到這 陳華,,"4月 17, 2026",78306,"46 5 陪你到這 陳華 4月 17, 2026 41 15 78,306"
2026-08-08,tw,Taiwan,top_videos_weekly,,47,47 善後 马师傅,,"8月 2, 2025",78164,"47 47 善後 马师傅 8月 2, 2025 - 8 78,164"
2026-08-08,tw,Taiwan,top_videos_weekly,,48,48 過了幾天 郭家瑋,,"11月 21, 2024",77752,"48 48 過了幾天 郭家瑋 11月 21, 2024 - 2 77,752"
2026-08-08,tw,Taiwan,top_videos_weekly,,49,愛你但說不出口 Karencici,,,,愛你但說不出口 Karencici
2026-08-08,tw,Taiwan,top_videos_weekly,,50,HOT LIMIT T.M.Revolution,,,,HOT LIMIT T.M.Revolution
2026-08-08,tw,Taiwan,top_videos_weekly,,51,1 REDRED CORTIS,,"4月 20, 2026",73559,"51 1 REDRED CORTIS 4月 20, 2026 50 15 73,559"
2026-08-08,tw,Taiwan,top_videos_weekly,,52,10 有你有我 玖壹壹,,"6月 16, 2026",73050,"52 10 有你有我 玖壹壹 6月 16, 2026 42 7 73,050"
2026-08-08,tw,Taiwan,top_videos_weekly,,53,"ICONIC BY MISTAKE LE SSERAFIM , ILLIT & KATSEYE",,,,"ICONIC BY MISTAKE LE SSERAFIM , ILLIT & KATSEYE"
2026-08-08,tw,Taiwan,top_videos_weekly,,54,Bad Apple!! but it's hololive Nerissa Ravencroft,,,,Bad Apple!! but it's hololive Nerissa Ravencroft
2026-08-08,tw,Taiwan,top_videos_weekly,,55,4 作陣彼一暝 阿吉仔,,"9月 23, 2016",68091,"55 4 作陣彼一暝 阿吉仔 9月 23, 2016 59 2 68,091"
2026-08-08,tw,Taiwan,top_videos_weekly,,56,27 命運 雲汐,,"3月 19, 2024",67633,"56 27 命運 雲汐 3月 19, 2024 83 3 67,633"
2026-08-08,tw,Taiwan,top_videos_weekly,,57,22 踮起腳尖愛 晨悠CHENYO,,"8月 23, 2018",67349,"57 22 踮起腳尖愛 晨悠CHENYO 8月 23, 2018 35 4 67,349"
2026-08-08,tw,Taiwan,top_videos_weekly,,58,"Gut Genug KITSCHKRIEG , Blumengarten & 希琳·大衛",,,,"Gut Genug KITSCHKRIEG , Blumengarten & 希琳·大衛"
2026-08-08,tw,Taiwan,top_videos_weekly,,59,Heavy Serenade NMIXX,,,,Heavy Serenade NMIXX
2026-08-08,tw,Taiwan,top_videos_weekly,,60,Sunflower Post Malone & Swae Lee,,,,Sunflower Post Malone & Swae Lee
2026-08-08,tw,Taiwan,top_videos_weekly,,61,情結 YueYue,,"6月 20, 2025",63813,"61 New 情結 YueYue 6月 20, 2025 - 1 63,813"
2026-08-08,tw,Taiwan,top_videos_weekly,,62,8 搬家 張震嶽,,"6月 10, 2026",63205,"62 8 搬家 張震嶽 6月 10, 2026 54 7 63,205"
2026-08-08,tw,Taiwan,top_videos_weekly,,63,Ye Xin Jia (Live) Rainie Yang & 黄霄雲,,,,Ye Xin Jia (Live) Rainie Yang & 黄霄雲
2026-08-08,tw,Taiwan,top_videos_weekly,,64,ヤラララ AnythingBecomeMoe,,,,ヤラララ AnythingBecomeMoe
2026-08-08,tw,Taiwan,top_videos_weekly,,65,2 講袂出喙的情話 許富凱,,"3月 31, 2026",61806,"65 2 講袂出喙的情話 許富凱 3月 31, 2026 63 15 61,806"
2026-08-08,tw,Taiwan,top_videos_weekly,,66,hate that i made you love me Ariana Grande,,,,hate that i made you love me Ariana Grande
2026-08-08,tw,Taiwan,top_videos_weekly,,67,第八大洋 陳華,,"7月 17, 2026",59509,"67 New 第八大洋 陳華 7月 17, 2026 - 1 59,509"
2026-08-08,tw,Taiwan,top_videos_weekly,,68,1 請你保重 施文彬,,"12月 19, 2013",59458,"68 1 請你保重 施文彬 12月 19, 2013 67 4 59,458"
2026-08-08,tw,Taiwan,top_videos_weekly,,69,5 Gg Ez M.Sasuke,,"5月 30, 2026",58724,"69 5 Gg Ez M.Sasuke 5月 30, 2026 64 4 58,724"
2026-08-08,tw,Taiwan,top_videos_weekly,,70,70 海嶼你 马也Crabbit,,"5月 15, 2026",58451,"70 70 海嶼你 马也Crabbit 5月 15, 2026 - 4 58,451"
2026-08-08,tw,Taiwan,top_videos_weekly,,71,Seven Jung Kook,,"7月 13, 2023",58216,"71 New Seven Jung Kook 7月 13, 2023 - 1 58,216"
2026-08-08,tw,Taiwan,top_videos_weekly,,72,Gimme Dat Love (G)I,DLE,,,Gimme Dat Love (G)I-DLE
2026-08-08,tw,Taiwan,top_videos_weekly,,73,30 你咁擱愛我 林琇琪 & 沈建豪,,"7月 16, 2026",57126,"73 30 你咁擱愛我 林琇琪 & 沈建豪 7月 16, 2026 43 2 57,126"
2026-08-08,tw,Taiwan,top_videos_weekly,,74,只能到這裡 魚翔Yu Xiang,,,,只能到這裡 魚翔Yu Xiang
2026-08-08,tw,Taiwan,top_videos_weekly,,75,BOOMPALA LE SSERAFIM,,,,BOOMPALA LE SSERAFIM
2026-08-08,tw,Taiwan,top_videos_weekly,,76,借問愛情 陳思安,,"10月 4, 2016",56562,"76 New 借問愛情 陳思安 10月 4, 2016 - 1 56,562"
2026-08-08,tw,Taiwan,top_videos_weekly,,77,愛 請問怎麼走 愛貝克思 avex taiwan,,,,愛 請問怎麼走 愛貝克思 avex taiwan
2026-08-08,tw,Taiwan,top_videos_weekly,,78,第三惑星 tuki.,,"7月 23, 2026",56469,"78 New 第三惑星 tuki. 7月 23, 2026 - 1 56,469"
2026-08-08,tw,Taiwan,top_videos_weekly,,79,8 繞路 A,Lin,"4月 29, 2026",56196,"79 8 繞路 A-Lin 4月 29, 2026 71 14 56,196"
2026-08-08,tw,Taiwan,top_videos_weekly,,80,情話摻沙 翁立友(WENG LI YOU),,,,情話摻沙 翁立友(WENG LI YOU)
2026-08-08,tw,Taiwan,top_videos_weekly,,81,14 為愛痴狂 金志文,,"6月 13, 2026",55407,"81 14 為愛痴狂 金志文 6月 13, 2026 95 2 55,407"
2026-08-08,tw,Taiwan,top_videos_weekly,,82,12 I Do 周杰倫,,"4月 1, 2026",55339,"82 12 I Do 周杰倫 4月 1, 2026 70 15 55,339"
2026-08-08,tw,Taiwan,top_videos_weekly,,83,Dynamite 防彈少年團,,"8月 20, 2020",54395,"83 New Dynamite 防彈少年團 8月 20, 2020 - 1 54,395"
2026-08-08,tw,Taiwan,top_videos_weekly,,84,10 2.0 防彈少年團,,"4月 1, 2026",53630,"84 10 2.0 防彈少年團 4月 1, 2026 74 15 53,630"
2026-08-08,tw,Taiwan,top_videos_weekly,,85,Billie Jean Michael Jackson,,,,Billie Jean Michael Jackson
2026-08-08,tw,Taiwan,top_videos_weekly,,86,Beat It Michael Jackson,,,,Beat It Michael Jackson
2026-08-08,tw,Taiwan,top_videos_weekly,,87,What Makes You Beautiful One Direction,,,,What Makes You Beautiful One Direction
2026-08-08,tw,Taiwan,top_videos_weekly,,88,APT. (Live) ROSÉ & PSY,,,,APT. (Live) ROSÉ & PSY
2026-08-08,tw,Taiwan,top_videos_weekly,,89,夢醒時分 陳淑樺,,"11月 17, 2013",52483,"89 New 夢醒時分 陳淑樺 11月 17, 2013 - 1 52,483"
2026-08-08,tw,Taiwan,top_videos_weekly,,90,7 캐치 캐치 YENA,,"3月 11, 2026",52415,"90 7 캐치 캐치 YENA 3月 11, 2026 97 15 52,415"
2026-08-08,tw,Taiwan,top_videos_weekly,,91,空心 光澤,,"9月 10, 2023",52200,"91 New 空心 光澤 9月 10, 2023 - 1 52,200"
2026-08-08,tw,Taiwan,top_videos_weekly,,92,Heard About Her FadingLoveSongs,,,,Heard About Her FadingLoveSongs
2026-08-08,tw,Taiwan,top_videos_weekly,,93,17 It's Me ILLIT,,"5月 6, 2026",51817,"93 17 It's Me ILLIT 5月 6, 2026 76 7 51,817"
2026-08-08,tw,Taiwan,top_videos_weekly,,94,12 租购 薛之謙,,"3月 20, 2025",51319,"94 12 租购 薛之謙 3月 20, 2025 82 4 51,319"
2026-08-08,tw,Taiwan,top_videos_weekly,,95,95 再見 張震嶽,,"5月 28, 2012",50607,"95 95 再見 張震嶽 5月 28, 2012 - 3 50,607"
2026-08-08,tw,Taiwan,top_videos_weekly,,96,31 做一個惜情軟心的人 蕭煌奇,,"7月 22, 2025",49850,"96 31 做一個惜情軟心的人 蕭煌奇 7月 22, 2025 65 5 49,850"
2026-08-08,tw,Taiwan,top_videos_weekly,,97,Catch Catch YENA,,,,Catch Catch YENA
2026-08-08,tw,Taiwan,top_videos_weekly,,98,Call Me Maybe Carly Rae Jepsen,,,,Call Me Maybe Carly Rae Jepsen
2026-08-08,tw,Taiwan,top_videos_weekly,,99,long for you Hyunjin & Stray Kids,,,,long for you Hyunjin & Stray Kids
2026-08-08,tw,Taiwan,top_videos_weekly,,100,都是你 PG One,,"4月 20, 2021",49257,"100 New 都是你 PG One 4月 20, 2021 - 1 49,257"
2026-08-08,jp,Japan,top_videos_weekly,,1,グッタイム (Live) Snow Man,,,,グッタイム (Live) Snow Man
2026-08-08,jp,Japan,top_videos_weekly,,2,HOT LIMIT T.M.Revolution,,,,HOT LIMIT T.M.Revolution
2026-08-08,jp,Japan,top_videos_weekly,,3,● 好きすぎて滅！ M!LK,,"10月 27, 2025",1854697,"3 ● 好きすぎて滅！ M!LK 10月 27, 2025 3 40 1,854,697"
2026-08-08,jp,Japan,top_videos_weekly,,4,● 爆裂愛してる M!LK,,"2月 18, 2026",1789412,"4 ● 爆裂愛してる M!LK 2月 18, 2026 4 24 1,789,412"
2026-08-08,jp,Japan,top_videos_weekly,,5,You!Joy!Parade! M!LK,,,,You!Joy!Parade! M!LK
2026-08-08,jp,Japan,top_videos_weekly,,6,1 It's Me ILLIT,,"4月 30, 2026",1641967,"6 1 It's Me ILLIT 4月 30, 2026 7 13 1,641,967"
2026-08-08,jp,Japan,top_videos_weekly,,7,真夜中のZOO (Live) ACEes,,,,真夜中のZOO (Live) ACEes
2026-08-08,jp,Japan,top_videos_weekly,,8,3 夜の踊り子 魚韻,,"9月 26, 2015",1559019,"8 3 夜の踊り子 魚韻 9月 26, 2015 5 16 1,559,019"
2026-08-08,jp,Japan,top_videos_weekly,,9,Yes! 東京 EBiDAN Ebisu Gakuen Boys Club,,,,Yes! 東京 EBiDAN Ebisu Gakuen Boys Club
2026-08-08,jp,Japan,top_videos_weekly,,10,1 烏 米津玄師,,"6月 18, 2026",1132155,"10 1 烏 米津玄師 6月 18, 2026 11 7 1,132,155"
2026-08-08,jp,Japan,top_videos_weekly,,11,アイドルパワー (Live) M!LK,,,,アイドルパワー (Live) M!LK
2026-08-08,jp,Japan,top_videos_weekly,,12,エアロピクルス KomeAnime,,,,エアロピクルス KomeAnime
2026-08-08,jp,Japan,top_videos_weekly,,13,HOT LIMIT T.M.Revolution,,,,HOT LIMIT T.M.Revolution
2026-08-08,jp,Japan,top_videos_weekly,,14,"モエチャッカファイア ヒューゴ , 狛野真斗 , ライト & セヴェリアン",,,,"モエチャッカファイア ヒューゴ , 狛野真斗 , ライト & セヴェリアン"
2026-08-08,jp,Japan,top_videos_weekly,,15,マイオンリー,My Only SixTONES,,,マイオンリー - My Only SixTONES
2026-08-08,jp,Japan,top_videos_weekly,,16,BUGS LIFE Number_i,,,,BUGS LIFE Number_i
2026-08-08,jp,Japan,top_videos_weekly,,17,しおざきわんだーらんど M!LK,,,,しおざきわんだーらんど M!LK
2026-08-08,jp,Japan,top_videos_weekly,,18,"ILLIT (아일릿) 'I Got Your Back (Feat. JISOO, MOMOKA of HANA)' Official MV ILLIT",,,,"ILLIT (아일릿) 'I Got Your Back (Feat. JISOO, MOMOKA of HANA)' Official MV ILLIT"
2026-08-08,jp,Japan,top_videos_weekly,,19,カリスマックス Snow Man,,,,カリスマックス Snow Man
2026-08-08,jp,Japan,top_videos_weekly,,20,11 夜鷹 米津玄師,,"7月 15, 2026",790500,"20 11 夜鷹 米津玄師 7月 15, 2026 9 3 790,500"
2026-08-08,jp,Japan,top_videos_weekly,,21,ヤラララ AnythingBecomeMoe,,,,ヤラララ AnythingBecomeMoe
2026-08-08,jp,Japan,top_videos_weekly,,22,THUNDERBIRD (Live) T.M.Revolution,,,,THUNDERBIRD (Live) T.M.Revolution
2026-08-08,jp,Japan,top_videos_weekly,,23,2 IRIS OUT 米津玄師,,"9月 15, 2025",764137,"23 2 IRIS OUT 米津玄師 9月 15, 2025 21 46 764,137"
2026-08-08,jp,Japan,top_videos_weekly,,24,KISS N TELL aespa,,,,KISS N TELL aespa
2026-08-08,jp,Japan,top_videos_weekly,,25,Missing BE:FIRST,,,,Missing BE:FIRST
2026-08-08,jp,Japan,top_videos_weekly,,26,4 チラチLOVE M!LK,,"7月 3, 2026",683795,"26 4 チラチLOVE M!LK 7月 3, 2026 22 4 683,795"
2026-08-08,jp,Japan,top_videos_weekly,,27,クエスチョン,Question meiyo,,,クエスチョン - Question meiyo
2026-08-08,jp,Japan,top_videos_weekly,,28,エアロピクルス KomeAnime,,,,エアロピクルス KomeAnime
2026-08-08,jp,Japan,top_videos_weekly,,29,Dai Dai Shakira & Burna Boy,,,,Dai Dai Shakira & Burna Boy
2026-08-08,jp,Japan,top_videos_weekly,,30,セレナーデ,Serenade natori,,,セレナーデ - Serenade natori
2026-08-08,jp,Japan,top_videos_weekly,,31,打上花火,Fireworks DAOKO & 米津玄師,,,打上花火 - Fireworks DAOKO & 米津玄師
2026-08-08,jp,Japan,top_videos_weekly,,32,7 Five 嵐,,"3月 5, 2026",613688,"32 7 Five 嵐 3月 5, 2026 25 22 613,688"
2026-08-08,jp,Japan,top_videos_weekly,,33,好きすぎて滅 (Live) M!LK,,,,好きすぎて滅 (Live) M!LK
2026-08-08,jp,Japan,top_videos_weekly,,34,3 あぶく YORUSHIKA,,"4月 24, 2026",587188,"34 3 あぶく YORUSHIKA 4月 24, 2026 37 14 587,188"
2026-08-08,jp,Japan,top_videos_weekly,,35,8 真・運命 M!LK,,"6月 17, 2026",580713,"35 8 真・運命 M!LK 6月 17, 2026 27 7 580,713"
2026-08-08,jp,Japan,top_videos_weekly,,36,lulu. Mrs. GREEN APPLE,,,,lulu. Mrs. GREEN APPLE
2026-08-08,jp,Japan,top_videos_weekly,,37,6 AIZO King Gnu,,"1月 16, 2026",554497,"37 6 AIZO King Gnu 1月 16, 2026 43 28 554,497"
2026-08-08,jp,Japan,top_videos_weekly,,38,4 It's Me ILLIT,,"5月 7, 2026",551523,"38 4 It's Me ILLIT 5月 7, 2026 34 11 551,523"
2026-08-08,jp,Japan,top_videos_weekly,,39,BLOODY BULLET Juice=Juice,,,,BLOODY BULLET Juice=Juice
2026-08-08,jp,Japan,top_videos_weekly,,40,Error,♡ CUTIE STREET,,404,Error404♡ CUTIE STREET
2026-08-08,jp,Japan,top_videos_weekly,,41,おつかれSUMMER Halcali,,,,おつかれSUMMER Halcali
2026-08-08,jp,Japan,top_videos_weekly,,42,「告白 放克猴寶貝,,"7月 23, 2026",499275,"42 New 「告白 放克猴寶貝 7月 23, 2026 - 1 499,275"
2026-08-08,jp,Japan,top_videos_weekly,,43,7 消えない花火 timelesz,,"6月 25, 2026",494337,"43 7 消えない花火 timelesz 6月 25, 2026 50 6 494,337"
2026-08-08,jp,Japan,top_videos_weekly,,44,キュートなキューたい CUTIE STREET,,,,キュートなキューたい CUTIE STREET
2026-08-08,jp,Japan,top_videos_weekly,,45,Dance Forever SixTONES,,,,Dance Forever SixTONES
2026-08-08,jp,Japan,top_videos_weekly,,46,愛くださいませ NOT EQUAL ME,,,,愛くださいませ NOT EQUAL ME
2026-08-08,jp,Japan,top_videos_weekly,,47,JANE DOE 米津玄師 & 宇多田光,,,,JANE DOE 米津玄師 & 宇多田光
2026-08-08,jp,Japan,top_videos_weekly,,48,Less than a Lover JENNIE,,,,Less than a Lover JENNIE
2026-08-08,jp,Japan,top_videos_weekly,,49,OBF Joe Rikiichi,,,,OBF Joe Rikiichi
2026-08-08,jp,Japan,top_videos_weekly,,50,DEAR MY LOVER Hey! Say! JUMP,,,,DEAR MY LOVER Hey! Say! JUMP
2026-08-08,jp,Japan,top_videos_weekly,,51,センセーション FRUITS ZIPPER,,,,センセーション FRUITS ZIPPER
2026-08-08,jp,Japan,top_videos_weekly,,52,8 It's Me ILLIT,,"5月 6, 2026",451301,"52 8 It's Me ILLIT 5月 6, 2026 44 9 451,301"
2026-08-08,jp,Japan,top_videos_weekly,,53,分かっちゃいないね 花隈千冬 & monet,,,,分かっちゃいないね 花隈千冬 & monet
2026-08-08,jp,Japan,top_videos_weekly,,54,HANABI Mr.Children,,,,HANABI Mr.Children
2026-08-08,jp,Japan,top_videos_weekly,,55,17 GOODKUN テセサク,,"7月 7, 2026",432640,"55 17 GOODKUN テセサク 7月 7, 2026 38 2 432,640"
2026-08-08,jp,Japan,top_videos_weekly,,56,かげろう,Kagerou Vaundy,,,かげろう - Kagerou Vaundy
2026-08-08,jp,Japan,top_videos_weekly,,57,4 LEMONADE aespa,,"5月 28, 2026",430387,"57 4 LEMONADE aespa 5月 28, 2026 53 9 430,387"
2026-08-08,jp,Japan,top_videos_weekly,,58,青と夏 Mrs. GREEN APPLE,,,,青と夏 Mrs. GREEN APPLE
2026-08-08,jp,Japan,top_videos_weekly,,59,2 花火 aiko,,"2月 25, 2020",425359,"59 2 花火 aiko 2月 25, 2020 57 34 425,359"
2026-08-08,jp,Japan,top_videos_weekly,,60,ただ君に晴れ,Just a Sunny Day for You YORUSHIKA,,,ただ君に晴れ - Just a Sunny Day for You YORUSHIKA
2026-08-08,jp,Japan,top_videos_weekly,,61,3 怪物 YOASOBI,,"1月 13, 2021",415410,"61 3 怪物 YOASOBI 1月 13, 2021 58 59 415,410"
2026-08-08,jp,Japan,top_videos_weekly,,62,4 BAD ATEEZ,,"6月 25, 2026",409329,"62 4 BAD ATEEZ 6月 25, 2026 66 3 409,329"
2026-08-08,jp,Japan,top_videos_weekly,,63,Beat It Michael Jackson,,,,Beat It Michael Jackson
2026-08-08,jp,Japan,top_videos_weekly,,64,しおざきわんだーらんど (塩﨑太智),Shiozaki Wonderland (Daichi Shiozaki) M!LK,,,しおざきわんだーらんど (塩﨑太智) - Shiozaki Wonderland (Daichi Shiozaki) M!LK
2026-08-08,jp,Japan,top_videos_weekly,,65,Bad Apple!! but it's hololive Nerissa Ravencroft,,,,Bad Apple!! but it's hololive Nerissa Ravencroft
2026-08-08,jp,Japan,top_videos_weekly,,66,きゃわぽっぴんどぅ iLiFE!,,,,きゃわぽっぴんどぅ iLiFE!
2026-08-08,jp,Japan,top_videos_weekly,,67,未完成婚姻論 Dannie May,,,,未完成婚姻論 Dannie May
2026-08-08,jp,Japan,top_videos_weekly,,68,Secret Base,Kimi Ga Kureta Mono ZONE,,,Secret Base - Kimi Ga Kureta Mono ZONE
2026-08-08,jp,Japan,top_videos_weekly,,69,6 SUMMER SONG YUI,,"7月 23, 2023",315890,"69 6 SUMMER SONG YUI 7月 23, 2023 75 17 315,890"
2026-08-08,jp,Japan,top_videos_weekly,,70,風と町 Mrs. GREEN APPLE,,,,風と町 Mrs. GREEN APPLE
2026-08-08,jp,Japan,top_videos_weekly,,71,是非に及ばず (Live) 乃木坂46,,,,是非に及ばず (Live) 乃木坂46
2026-08-08,jp,Japan,top_videos_weekly,,72,君が眩しいから僕は星が見えない SIX LOUNGE,,,,君が眩しいから僕は星が見えない SIX LOUNGE
2026-08-08,jp,Japan,top_videos_weekly,,73,Drivin' My Life STARGLOW,,,,Drivin' My Life STARGLOW
2026-08-08,jp,Japan,top_videos_weekly,,74,13 さよならエレジー 菅田將暉,,"2月 6, 2018",303035,"74 13 さよならエレジー 菅田將暉 2月 6, 2018 87 65 303,035"
2026-08-08,jp,Japan,top_videos_weekly,,75,ReDreaming Angel 妄想エンジェル,,,,ReDreaming Angel 妄想エンジェル
2026-08-08,jp,Japan,top_videos_weekly,,76,Waka Waka Shakira,,,,Waka Waka Shakira
2026-08-08,jp,Japan,top_videos_weekly,,77,6 Bad Girl HANA,,"3月 27, 2026",295119,"77 6 Bad Girl HANA 3月 27, 2026 83 18 295,119"
2026-08-08,jp,Japan,top_videos_weekly,,78,モエチャッカファイア,有點冷淡的鯊魚娘 issey,,,モエチャッカファイア - 有點冷淡的鯊魚娘 issey
2026-08-08,jp,Japan,top_videos_weekly,,79,NORMAL 防彈少年團,,"7月 18, 2026",287633,"79 New NORMAL 防彈少年團 7月 18, 2026 - 1 287,633"
2026-08-08,jp,Japan,top_videos_weekly,,80,どこまでも ～How Far I'll Go～ 屋比久知奈,,,,どこまでも ～How Far I'll Go～ 屋比久知奈
2026-08-08,jp,Japan,top_videos_weekly,,81,17 BPM Kvi Baba,,"7月 1, 2026",286710,"81 17 BPM Kvi Baba 7月 1, 2026 64 5 286,710"
2026-08-08,jp,Japan,top_videos_weekly,,82,9 飛ぶ時 Vaundy,,"5月 30, 2026",277158,"82 9 飛ぶ時 Vaundy 5月 30, 2026 91 9 277,158"
2026-08-08,jp,Japan,top_videos_weekly,,83,5 会いにKiTE! iLiFE!,,"6月 27, 2026",274699,"83 5 会いにKiTE! iLiFE! 6月 27, 2026 78 5 274,699"
2026-08-08,jp,Japan,top_videos_weekly,,84,So Honey King & Prince,,,,So Honey King & Prince
2026-08-08,jp,Japan,top_videos_weekly,,85,若者のすべて(Wakamono No Subete) 富士纖維樂團,,,,若者のすべて(Wakamono No Subete) 富士纖維樂團
2026-08-08,jp,Japan,top_videos_weekly,,86,I LIKE IT BABYMONSTER,,,,I LIKE IT BABYMONSTER
2026-08-08,jp,Japan,top_videos_weekly,,87,BOOMPALA LE SSERAFIM,,,,BOOMPALA LE SSERAFIM
2026-08-08,jp,Japan,top_videos_weekly,,88,花に亡霊,Ghost in a Flower YORUSHIKA,,,花に亡霊 - Ghost in a Flower YORUSHIKA
2026-08-08,jp,Japan,top_videos_weekly,,89,わたがし back number,,,,わたがし back number
2026-08-08,jp,Japan,top_videos_weekly,,90,ガチ夢中！,GACHI MUCHU！ 超特急,,,ガチ夢中！ - GACHI MUCHU！ 超特急
2026-08-08,jp,Japan,top_videos_weekly,,91,Life Goes On Oliver Tree,,,,Life Goes On Oliver Tree
2026-08-08,jp,Japan,top_videos_weekly,,92,Billie Jean Michael Jackson,,,,Billie Jean Michael Jackson
2026-08-08,jp,Japan,top_videos_weekly,,93,11 2.0 防彈少年團,,"4月 1, 2026",254770,"93 11 2.0 防彈少年團 4月 1, 2026 82 18 254,770"
2026-08-08,jp,Japan,top_videos_weekly,,94,94 オドロウゼ！ Snow Man,,"2月 23, 2026",254444,"94 94 オドロウゼ！ Snow Man 2月 23, 2026 - 16 254,444"
2026-08-08,jp,Japan,top_videos_weekly,,95,なつまつり Jitterin' Jinn,,,,なつまつり Jitterin' Jinn
2026-08-08,jp,Japan,top_videos_weekly,,96,いちご Got it,Strawberry Got it WEDNESDAY CAMPANELLA,,,いちご Got it - Strawberry Got it WEDNESDAY CAMPANELLA
2026-08-08,jp,Japan,top_videos_weekly,,97,うそつきマカロン,Liar Macaron bouinboushokup,,,うそつきマカロン - Liar Macaron bouinboushokup
2026-08-08,jp,Japan,top_videos_weekly,,98,SUGAR HONEY ICE TEA BABYMONSTER,,,,SUGAR HONEY ICE TEA BABYMONSTER
2026-08-08,jp,Japan,top_videos_weekly,,99,クラクラ☆クライマックス (Live) Juice=Juice,,,,クラクラ☆クライマックス (Live) Juice=Juice
2026-08-08,jp,Japan,top_videos_weekly,,100,춤 (CHOOM) BABYMONSTER,,,,춤 (CHOOM) BABYMONSTER
2026-08-08,kr,South Korea,top_videos_weekly,,1,Less than a Lover JENNIE,,,,Less than a Lover JENNIE
2026-08-08,kr,South Korea,top_videos_weekly,,2,1 Suddenly I.O.I,,"5月 19, 2026",534828,"2 1 Suddenly I.O.I 5月 19, 2026 3 11 534,828"
2026-08-08,kr,South Korea,top_videos_weekly,,3,1 BAD ATEEZ,,"6月 25, 2026",514308,"3 1 BAD ATEEZ 6月 25, 2026 4 5 514,308"
2026-08-08,kr,South Korea,top_videos_weekly,,4,LOVE ATTACK RESCENE,,,,LOVE ATTACK RESCENE
2026-08-08,kr,South Korea,top_videos_weekly,,5,1 It's Me ILLIT,,"4月 30, 2026",493430,"5 1 It's Me ILLIT 4月 30, 2026 6 14 493,430"
2026-08-08,kr,South Korea,top_videos_weekly,,6,Good Goodbye HWASA,,,,Good Goodbye HWASA
2026-08-08,kr,South Korea,top_videos_weekly,,7,Vitamin ME fromis_9,,,,Vitamin ME fromis_9
2026-08-08,kr,South Korea,top_videos_weekly,,8,Mi,cheo Mi cheo Picheolin,,,Mi-cheo Mi-cheo Picheolin
2026-08-08,kr,South Korea,top_videos_weekly,,9,Pretty Girl RESCENE,,,,Pretty Girl RESCENE
2026-08-08,kr,South Korea,top_videos_weekly,,10,Walking with you 滑川康男,,,,Walking with you 滑川康男
2026-08-08,kr,South Korea,top_videos_weekly,,11,2 LEMONADE aespa,,"5月 28, 2026",355353,"11 2 LEMONADE aespa 5月 28, 2026 9 9 355,353"
2026-08-08,kr,South Korea,top_videos_weekly,,12,3 Deja Vu RESCENE,,"7月 2, 2025",315535,"12 3 Deja Vu RESCENE 7月 2, 2025 15 11 315,535"
2026-08-08,kr,South Korea,top_videos_weekly,,13,Eternal Moment 任英雄,,,,Eternal Moment 任英雄
2026-08-08,kr,South Korea,top_videos_weekly,,14,Good Goodbye HWASA,,,,Good Goodbye HWASA
2026-08-08,kr,South Korea,top_videos_weekly,,15,Paradise of Rumors AKMU,,,,Paradise of Rumors AKMU
2026-08-08,kr,South Korea,top_videos_weekly,,16,3 마음의 숲 조선힙합,,"4月 9, 2026",279419,"16 3 마음의 숲 조선힙합 4月 9, 2026 19 10 279,419"
2026-08-08,kr,South Korea,top_videos_weekly,,17,KISS N TELL aespa,,,,KISS N TELL aespa
2026-08-08,kr,South Korea,top_videos_weekly,,18,24 ChecK 孝琳,,"7月 22, 2026",274626,"18 24 ChecK 孝琳 7月 22, 2026 42 2 274,626"
2026-08-08,kr,South Korea,top_videos_weekly,,19,RUDE! Hearts2Hearts,,,,RUDE! Hearts2Hearts
2026-08-08,kr,South Korea,top_videos_weekly,,20,Kids Return idntt,,,,Kids Return idntt
2026-08-08,kr,South Korea,top_videos_weekly,,21,5 만찬가 TAEYEON,,"6月 29, 2026",254255,"21 5 만찬가 TAEYEON 6月 29, 2026 16 5 254,255"
2026-08-08,kr,South Korea,top_videos_weekly,,22,ヤラララ AnythingBecomeMoe,,,,ヤラララ AnythingBecomeMoe
2026-08-08,kr,South Korea,top_videos_weekly,,23,"Golden HUNTR/X , EJAE , AUDREY NUNA , REI AMI & KPop Demon Hunters Cast",,,,"Golden HUNTR/X , EJAE , AUDREY NUNA , REI AMI & KPop Demon Hunters Cast"
2026-08-08,kr,South Korea,top_videos_weekly,,24,사랑하게 될 거야 HANRORO,,,,사랑하게 될 거야 HANRORO
2026-08-08,kr,South Korea,top_videos_weekly,,25,ニャニャニャチュニャ TAK,,"7月 26, 2026",222804,"25 New ニャニャニャチュニャ TAK 7月 26, 2026 - 1 222,804"
2026-08-08,kr,South Korea,top_videos_weekly,,26,Paradise ~ I need you ~ cosmosy,,,,Paradise ~ I need you ~ cosmosy
2026-08-08,kr,South Korea,top_videos_weekly,,27,5 ULSSIGU 任英雄,,"9月 14, 2025",217454,"27 5 ULSSIGU 任英雄 9月 14, 2025 32 46 217,454"
2026-08-08,kr,South Korea,top_videos_weekly,,28,When We DISCO 선미 (SUNMI) & 朴軫永,,,,When We DISCO 선미 (SUNMI) & 朴軫永
2026-08-08,kr,South Korea,top_videos_weekly,,29,"ILLIT (아일릿) 'I Got Your Back (Feat. JISOO, MOMOKA of HANA)' Official MV ILLIT",,,,"ILLIT (아일릿) 'I Got Your Back (Feat. JISOO, MOMOKA of HANA)' Official MV ILLIT"
2026-08-08,kr,South Korea,top_videos_weekly,,30,7 REDRED CORTIS,,"4月 20, 2026",209583,"30 7 REDRED CORTIS 4月 20, 2026 23 15 209,583"
2026-08-08,kr,South Korea,top_videos_weekly,,31,Please Summer! 볼빨간사춘기 BOL4,,,,Please Summer! 볼빨간사춘기 BOL4
2026-08-08,kr,South Korea,top_videos_weekly,,32,6 그냥 해 조선힙합,,"6月 16, 2026",204126,"32 6 그냥 해 조선힙합 6月 16, 2026 38 6 204,126"
2026-08-08,kr,South Korea,top_videos_weekly,,33,2 ULLSIGU 任英雄,,"9月 25, 2025",199620,"33 2 ULLSIGU 任英雄 9月 25, 2025 31 44 199,620"
2026-08-08,kr,South Korea,top_videos_weekly,,34,5 Hit 'Em MEOVV,,"6月 11, 2026",199201,"34 5 Hit 'Em MEOVV 6月 11, 2026 39 6 199,201"
2026-08-08,kr,South Korea,top_videos_weekly,,35,5 Gg Ez M.Sasuke,,"5月 30, 2026",197400,"35 5 Gg Ez M.Sasuke 5月 30, 2026 40 5 197,400"
2026-08-08,kr,South Korea,top_videos_weekly,,36,9 PPPP TAK,,"9月 17, 2025",181863,"36 9 PPPP TAK 9月 17, 2025 45 33 181,863"
2026-08-08,kr,South Korea,top_videos_weekly,,37,승인해주세요 지니님! 카사네 테토 & Una Otomachi,,,,승인해주세요 지니님! 카사네 테토 & Una Otomachi
2026-08-08,kr,South Korea,top_videos_weekly,,38,APT. (Live) ROSÉ & PSY,,,,APT. (Live) ROSÉ & PSY
2026-08-08,kr,South Korea,top_videos_weekly,,39,돌아보지 마세요 Lim Young,woong,,,돌아보지 마세요 Lim Young-woong
2026-08-08,kr,South Korea,top_videos_weekly,,40,long for you Hyunjin & Stray Kids,,,,long for you Hyunjin & Stray Kids
2026-08-08,kr,South Korea,top_videos_weekly,,41,Execution Clap TRAP CHICK,,,,Execution Clap TRAP CHICK
2026-08-08,kr,South Korea,top_videos_weekly,,42,Lemon Tang Hearts2Hearts,,,,Lemon Tang Hearts2Hearts
2026-08-08,kr,South Korea,top_videos_weekly,,43,Stagefright 8TURN,,,,Stagefright 8TURN
2026-08-08,kr,South Korea,top_videos_weekly,,44,A SONG FOR US Lim Young,woong,,,A SONG FOR US Lim Young-woong
2026-08-08,kr,South Korea,top_videos_weekly,,45,プロポーズ,Propose natori,,,プロポーズ - Propose natori
2026-08-08,kr,South Korea,top_videos_weekly,,46,Brain Rot Tokyo Manaka,,,,Brain Rot Tokyo Manaka
2026-08-08,kr,South Korea,top_videos_weekly,,47,Apple Juice choyy,,,,Apple Juice choyy
2026-08-08,kr,South Korea,top_videos_weekly,,48,48 그댈 위한 멜로디 任英雄,,"11月 18, 2025",154831,"48 48 그댈 위한 멜로디 任英雄 11月 18, 2025 - 32 154,831"
2026-08-08,kr,South Korea,top_videos_weekly,,49,28 NAPAL BAJI PSY,,"7月 5, 2026",148744,"49 28 NAPAL BAJI PSY 7月 5, 2026 21 4 148,744"
2026-08-08,kr,South Korea,top_videos_weekly,,50,Shut The Door Young K,,,,Shut The Door Young K
2026-08-08,kr,South Korea,top_videos_weekly,,51,Sunflower Post Malone & Swae Lee,,,,Sunflower Post Malone & Swae Lee
2026-08-08,kr,South Korea,top_videos_weekly,,52,Catch Catch YENA,,,,Catch Catch YENA
2026-08-08,kr,South Korea,top_videos_weekly,,53,5 モニタリング DECO*27,,"11月 22, 2024",132311,"53 5 モニタリング DECO*27 11月 22, 2024 58 34 132,311"
2026-08-08,kr,South Korea,top_videos_weekly,,54,여우야 成始璄,,"7月 27, 2026",127510,"54 New 여우야 成始璄 7月 27, 2026 - 1 127,510"
2026-08-08,kr,South Korea,top_videos_weekly,,55,Heavy Serenade NMIXX,,,,Heavy Serenade NMIXX
2026-08-08,kr,South Korea,top_videos_weekly,,56,Please Summer! 1theK Live,원더케이 라이브,,,Please Summer! 1theK Live - 원더케이 라이브
2026-08-08,kr,South Korea,top_videos_weekly,,57,Dai Dai Shakira & Burna Boy,,,,Dai Dai Shakira & Burna Boy
2026-08-08,kr,South Korea,top_videos_weekly,,58,"기쁨, 슬픔, 아름다운 마음 樂童音樂家",,,,"기쁨, 슬픔, 아름다운 마음 樂童音樂家"
2026-08-08,kr,South Korea,top_videos_weekly,,59,11 It's Art PSY,,"2月 7, 2011",113340,"59 11 It's Art PSY 2月 7, 2011 70 6 113,340"
2026-08-08,kr,South Korea,top_videos_weekly,,60,Gangnam Style PSY,,,,Gangnam Style PSY
2026-08-08,kr,South Korea,top_videos_weekly,,61,BOOMPALA LE SSERAFIM,,,,BOOMPALA LE SSERAFIM
2026-08-08,kr,South Korea,top_videos_weekly,,62,5 It's Me ILLIT,,"5月 7, 2026",104000,"62 5 It's Me ILLIT 5月 7, 2026 57 12 104,000"
2026-08-08,kr,South Korea,top_videos_weekly,,63,춤 (CHOOM) BABYMONSTER,,,,춤 (CHOOM) BABYMONSTER
2026-08-08,kr,South Korea,top_videos_weekly,,64,"Don’t Leave Me, Don’t Leave Me 朴軫永",,,,"Don’t Leave Me, Don’t Leave Me 朴軫永"
2026-08-08,kr,South Korea,top_videos_weekly,,65,NORMAL 防彈少年團,,"7月 18, 2026",100203,"65 New NORMAL 防彈少年團 7月 18, 2026 - 1 100,203"
2026-08-08,kr,South Korea,top_videos_weekly,,66,Champions iShowSpeed,,,,Champions iShowSpeed
2026-08-08,kr,South Korea,top_videos_weekly,,67,12 너의 차선 조선힙합,,"5月 21, 2026",97589,"67 12 너의 차선 조선힙합 5月 21, 2026 79 5 97,589"
2026-08-08,kr,South Korea,top_videos_weekly,,68,Genie Magic FIFTY FIFTY,,,,Genie Magic FIFTY FIFTY
2026-08-08,kr,South Korea,top_videos_weekly,,69,41 사고쳤어요 V.O.S,,"7月 19, 2026",96800,"69 41 사고쳤어요 V.O.S 7月 19, 2026 28 2 96,800"
2026-08-08,kr,South Korea,top_videos_weekly,,70,See You Again Wiz Khalifa,,,,See You Again Wiz Khalifa
2026-08-08,kr,South Korea,top_videos_weekly,,71,おつかれSUMMER Halcali,,,,おつかれSUMMER Halcali
2026-08-08,kr,South Korea,top_videos_weekly,,72,Life Goes On Oliver Tree,,,,Life Goes On Oliver Tree
2026-08-08,kr,South Korea,top_videos_weekly,,73,Paradise ~ I need you ~ cosmosy,,,,Paradise ~ I need you ~ cosmosy
2026-08-08,kr,South Korea,top_videos_weekly,,74,사랑을 했다 (LOVE SCENARIO) iKON,,,,사랑을 했다 (LOVE SCENARIO) iKON
2026-08-08,kr,South Korea,top_videos_weekly,,75,Honestly Without You Anonymous Artists (어나니머스 아티스트) & kenessi,,,,Honestly Without You Anonymous Artists (어나니머스 아티스트) & kenessi
2026-08-08,kr,South Korea,top_videos_weekly,,76,꿈꾸던 어른이 되었나요? 머무르,,,,꿈꾸던 어른이 되었나요? 머무르
2026-08-08,kr,South Korea,top_videos_weekly,,77,BAD (Speed Down Ver.) ATEEZ,,,,BAD (Speed Down Ver.) ATEEZ
2026-08-08,kr,South Korea,top_videos_weekly,,78,12 늙은 사랑 조선힙합,,"5月 15, 2026",87119,"78 12 늙은 사랑 조선힙합 5月 15, 2026 90 5 87,119"
2026-08-08,kr,South Korea,top_videos_weekly,,79,I loved you too much to just laugh it off doyouka,,,,I loved you too much to just laugh it off doyouka
2026-08-08,kr,South Korea,top_videos_weekly,,80,80 Dynamite 防彈少年團,,"8月 20, 2020",87016,"80 80 Dynamite 防彈少年團 8月 20, 2020 - 55 87,016"
2026-08-08,kr,South Korea,top_videos_weekly,,81,Let Me Love My Youth HANRORO,,,,Let Me Love My Youth HANRORO
2026-08-08,kr,South Korea,top_videos_weekly,,82,SUGAR HONEY ICE TEA BABYMONSTER,,,,SUGAR HONEY ICE TEA BABYMONSTER
2026-08-08,kr,South Korea,top_videos_weekly,,83,ChecK 孝琳,,"7月 27, 2026",85130,"83 New ChecK 孝琳 7月 27, 2026 - 1 85,130"
2026-08-08,kr,South Korea,top_videos_weekly,,84,2 만찬가 TAEYEON,,"6月 29, 2026",84968,"84 2 만찬가 TAEYEON 6月 29, 2026 82 5 84,968"
2026-08-08,kr,South Korea,top_videos_weekly,,85,1 あぶく YORUSHIKA,,"4月 24, 2026",84607,"85 1 あぶく YORUSHIKA 4月 24, 2026 84 14 84,607"
2026-08-08,kr,South Korea,top_videos_weekly,,86,Now Only Trust Me (Live) 任英雄,,,,Now Only Trust Me (Live) 任英雄
2026-08-08,kr,South Korea,top_videos_weekly,,87,1 Bloom RESCENE,,"11月 25, 2025",82387,"87 1 Bloom RESCENE 11月 25, 2025 88 4 82,387"
2026-08-08,kr,South Korea,top_videos_weekly,,88,HOT LIMIT T.M.Revolution,,,,HOT LIMIT T.M.Revolution
2026-08-08,kr,South Korea,top_videos_weekly,,89,안할걸 Anonymous Artists (어나니머스 아티스트) & 곽동현 Kwak Dong Hyun,,,,안할걸 Anonymous Artists (어나니머스 아티스트) & 곽동현 Kwak Dong Hyun
2026-08-08,kr,South Korea,top_videos_weekly,,90,22 It's Me ILLIT,,"5月 8, 2026",78907,"90 22 It's Me ILLIT 5月 8, 2026 68 7 78,907"
2026-08-08,kr,South Korea,top_videos_weekly,,91,Unstoppable (Live) Sia,,,,Unstoppable (Live) Sia
2026-08-08,kr,South Korea,top_videos_weekly,,92,I LIKE IT BABYMONSTER,,,,I LIKE IT BABYMONSTER
2026-08-08,kr,South Korea,top_videos_weekly,,93,Ordinary Love 朴經,,,,Ordinary Love 朴經
2026-08-08,kr,South Korea,top_videos_weekly,,94,HAWWAH (夏渦) dodree,,,,HAWWAH (夏渦) dodree
2026-08-08,kr,South Korea,top_videos_weekly,,95,95 Alone SISTAR,,"4月 11, 2012",75452,"95 95 Alone SISTAR 4月 11, 2012 - 3 75,452"
2026-08-08,kr,South Korea,top_videos_weekly,,96,96 Creep 電台司令,,"7月 18, 2008",75372,"96 96 Creep 電台司令 7月 18, 2008 - 16 75,372"
2026-08-08,kr,South Korea,top_videos_weekly,,97,Billie Jean Michael Jackson,,,,Billie Jean Michael Jackson
2026-08-08,kr,South Korea,top_videos_weekly,,98,98 마음이라는 우물 조선힙합,,"6月 11, 2026",74557,"98 98 마음이라는 우물 조선힙합 6月 11, 2026 - 2 74,557"
2026-08-08,kr,South Korea,top_videos_weekly,,99,계세요 (Live) YOUNGTAK,,,,계세요 (Live) YOUNGTAK
2026-08-08,kr,South Korea,top_videos_weekly,,100,3 Pinball RESCENE,,"9月 21, 2024",74185,"100 3 Pinball RESCENE 9月 21, 2024 97 3 74,185"
2026-08-08,vn,Vietnam,top_videos_weekly,,1,Tìm Em Hngle & Bảo Anh,,,,Tìm Em Hngle & Bảo Anh
2026-08-08,vn,Vietnam,top_videos_weekly,,2,xương rồng (intro) Dangrangto & Donal,,,,xương rồng (intro) Dangrangto & Donal
2026-08-08,vn,Vietnam,top_videos_weekly,,3,"MỘNG DUYÊN Quang Hùng MasterD , JSOL , Sơn.K , Song Luân & Emil Vergo",,,,"MỘNG DUYÊN Quang Hùng MasterD , JSOL , Sơn.K , Song Luân & Emil Vergo"
2026-08-08,vn,Vietnam,top_videos_weekly,,4,dự báo thời tiết hôm nay mưa ST.,Entertainment,,319,dự báo thời tiết hôm nay mưa ST.319 Entertainment
2026-08-08,vn,Vietnam,top_videos_weekly,,5,"THẾ GIỚI CỦA ANH Dương Domic , buitruonglinh , CONGB , WEAN & Vận Toàn",,,,"THẾ GIỚI CỦA ANH Dương Domic , buitruonglinh , CONGB , WEAN & Vận Toàn"
2026-08-08,vn,Vietnam,top_videos_weekly,,6,Không Buông Hngle & Ari,,,,Không Buông Hngle & Ari
2026-08-08,vn,Vietnam,top_videos_weekly,,7,vết thương Fishy,,,,vết thương Fishy
2026-08-08,vn,Vietnam,top_videos_weekly,,8,"LET ME GO Da LAB , Vương Anh Tú , Hoàng Rob , Hoàng Dũng & Cheng",,,,"LET ME GO Da LAB , Vương Anh Tú , Hoàng Rob , Hoàng Dũng & Cheng"
2026-08-08,vn,Vietnam,top_videos_weekly,,9,"MƯA VỘI PHÓNG Wren Evans , Ali Hoàng Dương , CODY Nam Võ , HYO & 2Pillz",,,,"MƯA VỘI PHÓNG Wren Evans , Ali Hoàng Dương , CODY Nam Võ , HYO & 2Pillz"
2026-08-08,vn,Vietnam,top_videos_weekly,,10,Ngày Rời Chuyến Bay Minh Huy & Pinny,,,,Ngày Rời Chuyến Bay Minh Huy & Pinny
2026-08-08,vn,Vietnam,top_videos_weekly,,11,Kẻ Say Tình (Live) Quoc Thien,,,,Kẻ Say Tình (Live) Quoc Thien
2026-08-08,vn,Vietnam,top_videos_weekly,,12,Người Im Lặng Gặp Người Hay Nói HIEUTHUHAI,,,,Người Im Lặng Gặp Người Hay Nói HIEUTHUHAI
2026-08-08,vn,Vietnam,top_videos_weekly,,13,"XA (Live) Anh Trai Vượt Ngàn Chông Gai , K.O , 14 Casper & Đông Hùng",,,,"XA (Live) Anh Trai Vượt Ngàn Chông Gai , K.O , 14 Casper & Đông Hùng"
2026-08-08,vn,Vietnam,top_videos_weekly,,14,"NỢ EM CẢ BẦU TRỜI Da LAB , Hoàng Tôn , OSAD , Hồ Đông Quan & Hà An Huy",,,,"NỢ EM CẢ BẦU TRỜI Da LAB , Hoàng Tôn , OSAD , Hồ Đông Quan & Hà An Huy"
2026-08-08,vn,Vietnam,top_videos_weekly,,15,ẾCH NGOÀI ĐÁY GIẾNG Vie Channel,MUSIC,,,ẾCH NGOÀI ĐÁY GIẾNG Vie Channel - MUSIC
2026-08-08,vn,Vietnam,top_videos_weekly,,16,6 Em Binz,,"5月 24, 2026",905246,"16 6 Em Binz 5月 24, 2026 10 10 905,246"
2026-08-08,vn,Vietnam,top_videos_weekly,,17,Mãi Mãi Không Phải Anh Thanh Binh,,,,Mãi Mãi Không Phải Anh Thanh Binh
2026-08-08,vn,Vietnam,top_videos_weekly,,18,Dai Dai Shakira & Burna Boy,,,,Dai Dai Shakira & Burna Boy
2026-08-08,vn,Vietnam,top_videos_weekly,,19,She Neva Knows (REMIX) CM1X,,,,She Neva Knows (REMIX) CM1X
2026-08-08,vn,Vietnam,top_videos_weekly,,20,"CUỘC GỌI NHỠ COOLKID , Quang Hùng MasterD , CODYNAMVO & Jaysonlei",,,,"50 CUỘC GỌI NHỠ COOLKID , Quang Hùng MasterD , CODYNAMVO & Jaysonlei"
2026-08-08,vn,Vietnam,top_videos_weekly,,21,Less than a Lover JENNIE,,,,Less than a Lover JENNIE
2026-08-08,vn,Vietnam,top_videos_weekly,,22,Tự Do Như Cơn Gió Xanh,,,,Tự Do Như Cơn Gió Xanh
2026-08-08,vn,Vietnam,top_videos_weekly,,23,Từng Là Của Nhau Bảo Anh & Táo,,,,Từng Là Của Nhau Bảo Anh & Táo
2026-08-08,vn,Vietnam,top_videos_weekly,,24,In Love JustaTee & Low G,,,,In Love JustaTee & Low G
2026-08-08,vn,Vietnam,top_videos_weekly,,25,Kẻ Say Tình 2 Quoc Thien,,,,Kẻ Say Tình 2 Quoc Thien
2026-08-08,vn,Vietnam,top_videos_weekly,,26,Ngồi Nghe Em Khóc DatG Music,,,,Ngồi Nghe Em Khóc DatG Music
2026-08-08,vn,Vietnam,top_videos_weekly,,27,"MẤT LA BÀN (Live) Pháp Kiều , Thể Thiên , VƯƠNG BÌNH , Hồng Hải Đăng & TorySax",,,,"MẤT LA BÀN (Live) Pháp Kiều , Thể Thiên , VƯƠNG BÌNH , Hồng Hải Đăng & TorySax"
2026-08-08,vn,Vietnam,top_videos_weekly,,28,"IM ĐỢI NGƯỜI ANH THƯƠNG Wren Evans , CAPTAIN BOY , IVAN & Thể Thiên",,,,"IM ĐỢI NGƯỜI ANH THƯƠNG Wren Evans , CAPTAIN BOY , IVAN & Thể Thiên"
2026-08-08,vn,Vietnam,top_videos_weekly,,29,6 id,W/n,"7月 31, 2023",617800,"29 6 id 072019 W/n 7月 31, 2023 23 3 617,800"
2026-08-08,vn,Vietnam,top_videos_weekly,,30,Người Im Lặng Gặp Người Hay Nói HIEUTHUHAI,,,,Người Im Lặng Gặp Người Hay Nói HIEUTHUHAI
2026-08-08,vn,Vietnam,top_videos_weekly,,31,Thương Lấy Phận Mình (Remix) Thái Học,,,,Thương Lấy Phận Mình (Remix) Thái Học
2026-08-08,vn,Vietnam,top_videos_weekly,,32,Địa Ngục Trần Gian (Remix) Phạm Kỳ,,,,Địa Ngục Trần Gian (Remix) Phạm Kỳ
2026-08-08,vn,Vietnam,top_videos_weekly,,33,13 Thu Cuối T先生,,"3月 24, 2013",502735,"33 13 Thu Cuối T先生 3月 24, 2013 46 13 502,735"
2026-08-08,vn,Vietnam,top_videos_weekly,,34,ĐỚN ĐAU VÔ CÙNG DatKaa,,,,ĐỚN ĐAU VÔ CÙNG DatKaa
2026-08-08,vn,Vietnam,top_videos_weekly,,35,Có em Madihu & Low G,,,,Có em Madihu & Low G
2026-08-08,vn,Vietnam,top_videos_weekly,,36,Sau Cơn Mưa COOLKID & RHYDER,,,,Sau Cơn Mưa COOLKID & RHYDER
2026-08-08,vn,Vietnam,top_videos_weekly,,37,"QUÁ KHỨ CÒN LẠI GÌ (Live) Anh Trai Vượt Ngàn Chông Gai , Trinh Thang Binh , Đinh Mạnh Ninh , Will",& Charles Huỳnh,,365,"QUÁ KHỨ CÒN LẠI GÌ (Live) Anh Trai Vượt Ngàn Chông Gai , Trinh Thang Binh , Đinh Mạnh Ninh , Will 365 & Charles Huỳnh"
2026-08-08,vn,Vietnam,top_videos_weekly,,38,Kẻ Say Tình 2 (Live) Quoc Thien,,,,Kẻ Say Tình 2 (Live) Quoc Thien
2026-08-08,vn,Vietnam,top_videos_weekly,,39,Anh Này Là Của Tui (Remix) MIỀN TÂY REMIX,,,,Anh Này Là Của Tui (Remix) MIỀN TÂY REMIX
2026-08-08,vn,Vietnam,top_videos_weekly,,40,Thiệp Hồng Chung Tên Út Nhị Mino,,,,Thiệp Hồng Chung Tên Út Nhị Mino
2026-08-08,vn,Vietnam,top_videos_weekly,,41,Bánh Mì Không DatG Music & Du Uyên,,,,Bánh Mì Không DatG Music & Du Uyên
2026-08-08,vn,Vietnam,top_videos_weekly,,42,Thanh Tân VƯƠNG BÌNH & Thùy Chi,,,,Thanh Tân VƯƠNG BÌNH & Thùy Chi
2026-08-08,vn,Vietnam,top_videos_weekly,,43,Life Goes On Oliver Tree,,,,Life Goes On Oliver Tree
2026-08-08,vn,Vietnam,top_videos_weekly,,44,9 目前無資料,,"1月 1, 1970",431911,"44 9 目前無資料 1月 1, 1970 53 7 431,911"
2026-08-08,vn,Vietnam,top_videos_weekly,,45,Thương Thầm Cô Lái Đò (Remix) Tiến võ,,,,Thương Thầm Cô Lái Đò (Remix) Tiến võ
2026-08-08,vn,Vietnam,top_videos_weekly,,46,Mắt Môi Tay Chân RPT MCK,,,,Mắt Môi Tay Chân RPT MCK
2026-08-08,vn,Vietnam,top_videos_weekly,,47,"NHONG NHONG NHONG (Live) Anh Trai Vượt Ngàn Chông Gai , Thái Lê Minh Hiếu , Huỳnh Lập & Thai VG",,,,"NHONG NHONG NHONG (Live) Anh Trai Vượt Ngàn Chông Gai , Thái Lê Minh Hiếu , Huỳnh Lập & Thai VG"
2026-08-08,vn,Vietnam,top_videos_weekly,,48,CHỊ ĐẠI GẪY CÁNH 2 Dao Nguyen Anh,,,,CHỊ ĐẠI GẪY CÁNH 2 Dao Nguyen Anh
2026-08-08,vn,Vietnam,top_videos_weekly,,49,Mình Là Người Yêu Cũ Beta Music & Khả Hiệp,,,,Mình Là Người Yêu Cũ Beta Music & Khả Hiệp
2026-08-08,vn,Vietnam,top_videos_weekly,,50,10 dạo này Obito,,"12月 24, 2025",416249,"50 10 dạo này Obito 12月 24, 2025 40 9 416,249"
2026-08-08,vn,Vietnam,top_videos_weekly,,51,Nhức Tiềm Thức YEAH1 MUSIC,,,,Nhức Tiềm Thức YEAH1 MUSIC
2026-08-08,vn,Vietnam,top_videos_weekly,,52,8 目前無資料,,"1月 1, 1970",390456,"52 8 目前無資料 1月 1, 1970 44 7 390,456"
2026-08-08,vn,Vietnam,top_videos_weekly,,53,"ANH NÀY LÀ CỦA TUI Pinky Vanh , Hoa vũ & HChun",,,,"ANH NÀY LÀ CỦA TUI Pinky Vanh , Hoa vũ & HChun"
2026-08-08,vn,Vietnam,top_videos_weekly,,54,"CÔ ĐƠN ANH CŨNG VUI Thể Thiên , WEAN , KIMLONG , Xuân Định K.Y & DILLAN",,,,"CÔ ĐƠN ANH CŨNG VUI Thể Thiên , WEAN , KIMLONG , Xuân Định K.Y & DILLAN"
2026-08-08,vn,Vietnam,top_videos_weekly,,55,MOVE ON YEAH1 MUSIC,,,,MOVE ON YEAH1 MUSIC
2026-08-08,vn,Vietnam,top_videos_weekly,,56,SỰ ƯU TIÊN CỦA EM Kiều Chi,,,,SỰ ƯU TIÊN CỦA EM Kiều Chi
2026-08-08,vn,Vietnam,top_videos_weekly,,57,EM GÁI QUÊ Dương Nghi Đình,,,,EM GÁI QUÊ Dương Nghi Đình
2026-08-08,vn,Vietnam,top_videos_weekly,,58,Tìm Em Hngle & Bảo Anh,,,,Tìm Em Hngle & Bảo Anh
2026-08-08,vn,Vietnam,top_videos_weekly,,59,Hết Yêu HIEUTHUHAI,,,,Hết Yêu HIEUTHUHAI
2026-08-08,vn,Vietnam,top_videos_weekly,,60,Em Của Mùa Euro,LEG Vanh Leg,,,Em Của Mùa Euro - LEG Vanh Leg
2026-08-08,vn,Vietnam,top_videos_weekly,,61,Bên Ấy Em Có Ai Rồi 周凱峰,,,,Bên Ấy Em Có Ai Rồi 周凱峰
2026-08-08,vn,Vietnam,top_videos_weekly,,62,6 Baby RPT MCK,,"6月 17, 2026",342350,"62 6 Baby RPT MCK 6月 17, 2026 56 7 342,350"
2026-08-08,vn,Vietnam,top_videos_weekly,,63,NGƯỢC LỐI YÊU (LIVE STAGE),VICKY NHUNG x CHU THÚY QUỲNH LIVE AT PHÒNG TRÀ BẾN THÀNH Vicky Nhung,,,NGƯỢC LỐI YÊU (LIVE STAGE) - VICKY NHUNG x CHU THÚY QUỲNH | LIVE AT PHÒNG TRÀ BẾN THÀNH Vicky Nhung
2026-08-08,vn,Vietnam,top_videos_weekly,,64,"vùng vẫy Dangrangto , ZEXZEX & Donal",,,,"vùng vẫy Dangrangto , ZEXZEX & Donal"
2026-08-08,vn,Vietnam,top_videos_weekly,,65,NGƯỜI BẠN THẦN KỲ Dao Nguyen Anh,,,,NGƯỜI BẠN THẦN KỲ Dao Nguyen Anh
2026-08-08,vn,Vietnam,top_videos_weekly,,66,THỦY CHUNG (Remix) Thương Võ & ACV,,,,THỦY CHUNG (Remix) Thương Võ & ACV
2026-08-08,vn,Vietnam,top_videos_weekly,,67,Đáng Ra Anh Không Nên DatG Music & B Ray,,,,Đáng Ra Anh Không Nên DatG Music & B Ray
2026-08-08,vn,Vietnam,top_videos_weekly,,68,Champions iShowSpeed,,,,Champions iShowSpeed
2026-08-08,vn,Vietnam,top_videos_weekly,,69,12 目前無資料,,"1月 1, 1970",311956,"69 12 目前無資料 1月 1, 1970 57 7 311,956"
2026-08-08,vn,Vietnam,top_videos_weekly,,70,"Có công mài ""Sắc"" Ngô Lan Hương",,,,"Có công mài ""Sắc"" Ngô Lan Hương"
2026-08-08,vn,Vietnam,top_videos_weekly,,71,Thương Lắm Thầy Cô Ơi Phan Hiếu Kiên,,,,Thương Lắm Thầy Cô Ơi Phan Hiếu Kiên
2026-08-08,vn,Vietnam,top_videos_weekly,,72,Tình Ta Biển Bạc Đồng Xanh Ngoc Lee,,,,Tình Ta Biển Bạc Đồng Xanh Ngoc Lee
2026-08-08,vn,Vietnam,top_videos_weekly,,73,SAU NÀY EM CƯỚI AI RỒI Thái Học,,,,SAU NÀY EM CƯỚI AI RỒI Thái Học
2026-08-08,vn,Vietnam,top_videos_weekly,,74,Come My Way (softer version) 山松,,,,Come My Way (softer version) 山松
2026-08-08,vn,Vietnam,top_videos_weekly,,75,Một Nửa Sự Thật 24k.Right,,,,Một Nửa Sự Thật 24k.Right
2026-08-08,vn,Vietnam,top_videos_weekly,,76,THIỆP HỒNG SAI TÊN Nguyễn Thành Đạt,,,,THIỆP HỒNG SAI TÊN Nguyễn Thành Đạt
2026-08-08,vn,Vietnam,top_videos_weekly,,77,"XOAY VÒNG HURRYKNG , JSOL , VƯƠNG BÌNH & CONGB",,,,"XOAY VÒNG HURRYKNG , JSOL , VƯƠNG BÌNH & CONGB"
2026-08-08,vn,Vietnam,top_videos_weekly,,78,Come My Way 山松 & Tyga,,,,Come My Way 山松 & Tyga
2026-08-08,vn,Vietnam,top_videos_weekly,,79,Chữ Vấn Chữ Vương (Live) Ca Sĩ Giấu Mặt,,,,Chữ Vấn Chữ Vương (Live) Ca Sĩ Giấu Mặt
2026-08-08,vn,Vietnam,top_videos_weekly,,80,Váy Cưới Kai Đinh & ERIK,,,,Váy Cưới Kai Đinh & ERIK
2026-08-08,vn,Vietnam,top_videos_weekly,,81,' CHẲNG CẦN BÌNH YÊN,Hà An Huy,,,' CHẲNG CẦN BÌNH YÊN | Hà An Huy
2026-08-08,vn,Vietnam,top_videos_weekly,,82,Sinh Ra Đã Là Thứ Đối Lập Nhau Da LAB,,,,Sinh Ra Đã Là Thứ Đối Lập Nhau Da LAB
2026-08-08,vn,Vietnam,top_videos_weekly,,83,Waka Waka Shakira,,,,Waka Waka Shakira
2026-08-08,vn,Vietnam,top_videos_weekly,,84,Dạt Vào Tim Em YEAH1 MUSIC,,,,Dạt Vào Tim Em YEAH1 MUSIC
2026-08-08,vn,Vietnam,top_videos_weekly,,85,Ở Hai Đầu Nỗi Nhớ Minh Vuong M4U & Le Thuy,,,,Ở Hai Đầu Nỗi Nhớ Minh Vuong M4U & Le Thuy
2026-08-08,vn,Vietnam,top_videos_weekly,,86,Một Người Đi Như Hoa,,,,Một Người Đi Như Hoa
2026-08-08,vn,Vietnam,top_videos_weekly,,87,Không Buông / Sài Gòn Tôi Mưa / Nắng có mang em về Hayho,,,,Không Buông / Sài Gòn Tôi Mưa / Nắng có mang em về Hayho
2026-08-08,vn,Vietnam,top_videos_weekly,,88,Em Mới Là Người Yêu Anh 黄毓敏,,,,Em Mới Là Người Yêu Anh 黄毓敏
2026-08-08,vn,Vietnam,top_videos_weekly,,89,Đêm Nghe Hát Đò Đưa Nhớ Bác (Live) Bùi Lê Mận,,,,Đêm Nghe Hát Đò Đưa Nhớ Bác (Live) Bùi Lê Mận
2026-08-08,vn,Vietnam,top_videos_weekly,,90,Tag Khỉ Yung Ni99,,,,Tag Khỉ Yung Ni99
2026-08-08,vn,Vietnam,top_videos_weekly,,91,LK Sao Không Thấy Anh Về / Nén Hương Yêu 如瓊 & 長武,,,,LK Sao Không Thấy Anh Về / Nén Hương Yêu 如瓊 & 長武
2026-08-08,vn,Vietnam,top_videos_weekly,,92,Giấc Mộng Ca Sĩ Vanh Leg,,,,Giấc Mộng Ca Sĩ Vanh Leg
2026-08-08,vn,Vietnam,top_videos_weekly,,93,"Rain In 7 Lil Shady , OgeNus , N’Small & Zenky",,,,"Rain In 7 Lil Shady , OgeNus , N’Small & Zenky"
2026-08-08,vn,Vietnam,top_videos_weekly,,94,Hurt Oliver Tree,,,,Hurt Oliver Tree
2026-08-08,vn,Vietnam,top_videos_weekly,,95,Ngày Này Năm Ấy Việt Anh,,,,Ngày Này Năm Ấy Việt Anh
2026-08-08,vn,Vietnam,top_videos_weekly,,96,Đến Đây Bên Anh Dangrangto,,,,Đến Đây Bên Anh Dangrangto
2026-08-08,vn,Vietnam,top_videos_weekly,,97,"IU LÀ ĐÂY 西恩 , Muộii & Anfang",,,,"IU LÀ ĐÂY 西恩 , Muộii & Anfang"
2026-08-08,vn,Vietnam,top_videos_weekly,,98,Chờ Bao Lâu Út Nhị Mino,,,,Chờ Bao Lâu Út Nhị Mino
2026-08-08,vn,Vietnam,top_videos_weekly,,99,Động Thăng Thiên Vanh Leg,,,,Động Thăng Thiên Vanh Leg
2026-08-08,vn,Vietnam,top_videos_weekly,,100,MỘNG DUYÊN Quang Hùng MasterD,,,,MỘNG DUYÊN Quang Hùng MasterD
2026-08-08,th,Thailand,top_videos_weekly,,1,นาฬิกาทราย (sign) BOWKYLION,,,,นาฬิกาทราย (sign) BOWKYLION
2026-08-08,th,Thailand,top_videos_weekly,,2,กลัวว่าฉันจะไม่เสียใจ PURPEECH,,,,กลัวว่าฉันจะไม่เสียใจ PURPEECH
2026-08-08,th,Thailand,top_videos_weekly,,3,เมื่อไหร่จะมี (มีใจให้กัน) BLVCKHEART,,,,เมื่อไหร่จะมี (มีใจให้กัน) BLVCKHEART
2026-08-08,th,Thailand,top_videos_weekly,,4,ที่คั่นหนังสือ (Sometimes) BOWKYLION,,,,ที่คั่นหนังสือ (Sometimes) BOWKYLION
2026-08-08,th,Thailand,top_videos_weekly,,5,แคนฮ้างนางฟ้า กู่แคน,,,,แคนฮ้างนางฟ้า กู่แคน
2026-08-08,th,Thailand,top_videos_weekly,,6,ขี้แง (Boys Don't Cry) PROXIE,,,,ขี้แง (Boys Don't Cry) PROXIE
2026-08-08,th,Thailand,top_videos_weekly,,7,1 สาธุ ASIA7,,"11月 25, 2025",1352446,"7 1 สาธุ ASIA7 11月 25, 2025 6 15 1,352,446"
2026-08-08,th,Thailand,top_videos_weekly,,8,Rain Zone Maiyarap,,,,Rain Zone Maiyarap
2026-08-08,th,Thailand,top_videos_weekly,,9,ฟ้าสีครามกับความเป็นจริง BOVINI,,,,ฟ้าสีครามกับความเป็นจริง BOVINI
2026-08-08,th,Thailand,top_videos_weekly,,10,แก้บน ก้านตอง ทุ่งเงิน,,,,แก้บน ก้านตอง ทุ่งเงิน
2026-08-08,th,Thailand,top_videos_weekly,,11,จิ้งจก ตุ๊กแก อึ่งอ่าง เพ้นท์ คอนเน่,,,,จิ้งจก ตุ๊กแก อึ่งอ่าง เพ้นท์ คอนเน่
2026-08-08,th,Thailand,top_videos_weekly,,12,เต้ยสั่งลา ธีร์ ทีเร็กซ์ OFFICIAL,,,,เต้ยสั่งลา ธีร์ ทีเร็กซ์ OFFICIAL
2026-08-08,th,Thailand,top_videos_weekly,,13,ความคิดถึงที่เต็มไปด้วยน้ำตา โชเล่ย์ ชคัทพล,,,,ความคิดถึงที่เต็มไปด้วยน้ำตา โชเล่ย์ ชคัทพล
2026-08-08,th,Thailand,top_videos_weekly,,14,ไม่มีใครรู้ตัวเรา UNHEARD MUSIC,,,,ไม่มีใครรู้ตัวเรา UNHEARD MUSIC
2026-08-08,th,Thailand,top_videos_weekly,,15,ได้แค่เดินมาส่ง (The Last Walk) Gavin D,,,,ได้แค่เดินมาส่ง (The Last Walk) Gavin D
2026-08-08,th,Thailand,top_videos_weekly,,16,หม้อหุงข้าว โจอี้ ภูวศิษฐ์,,,,หม้อหุงข้าว โจอี้ ภูวศิษฐ์
2026-08-08,th,Thailand,top_videos_weekly,,17,ก่อนโลกทั้งใบมันพัง Mr'พระจันทร์,,,,ก่อนโลกทั้งใบมันพัง Mr'พระจันทร์
2026-08-08,th,Thailand,top_videos_weekly,,18,ดอกกระเจียวบาน Kong Huayrai,,,,ดอกกระเจียวบาน Kong Huayrai
2026-08-08,th,Thailand,top_videos_weekly,,19,5 สาหัส Loso,,"7月 22, 2016",864862,"19 5 สาหัส Loso 7月 22, 2016 24 5 864,862"
2026-08-08,th,Thailand,top_videos_weekly,,20,8 คืนจันทร์ Loso,,"11月 6, 2014",863819,"20 8 คืนจันทร์ Loso 11月 6, 2014 28 11 863,819"
2026-08-08,th,Thailand,top_videos_weekly,,21,ลูกสบายดี Kong Huayrai & ฐา ขนิษ,,,,ลูกสบายดี Kong Huayrai & ฐา ขนิษ
2026-08-08,th,Thailand,top_videos_weekly,,22,เด็กมูกล่อ พ็อก บิ๊กอายส์ & บอล วงกลม,,,,เด็กมูกล่อ พ็อก บิ๊กอายส์ & บอล วงกลม
2026-08-08,th,Thailand,top_videos_weekly,,23,เพราะพี่รักจริง หนึ่ง บีเคแบนด์,,,,เพราะพี่รักจริง หนึ่ง บีเคแบนด์
2026-08-08,th,Thailand,top_videos_weekly,,24,คิดถึงเรื้อรัง manutsawee,,,,คิดถึงเรื้อรัง manutsawee
2026-08-08,th,Thailand,top_videos_weekly,,25,ดอกไม้กับหัวใจ I,Zax,,,ดอกไม้กับหัวใจ I-Zax
2026-08-08,th,Thailand,top_videos_weekly,,26,ผมมีหัวใจจริงๆ (For The Girl...) T!NE,,,,ผมมีหัวใจจริงๆ (For The Girl...) T!NE
2026-08-08,th,Thailand,top_videos_weekly,,27,เหลือใจให้ฉันบ้างไหม MUNMUSIC,,,,เหลือใจให้ฉันบ้างไหม MUNMUSIC
2026-08-08,th,Thailand,top_videos_weekly,,28,6 BAD ATEEZ,,"6月 25, 2026",764625,"28 6 BAD ATEEZ 6月 25, 2026 22 4 764,625"
2026-08-08,th,Thailand,top_videos_weekly,,29,เมื่อถูกค้นพบ (Finally She Found.) FREEHAND,,,,เมื่อถูกค้นพบ (Finally She Found.) FREEHAND
2026-08-08,th,Thailand,top_videos_weekly,,30,7 หลุมอากาศ Palmy,,"6月 17, 2026",758512,"30 7 หลุมอากาศ Palmy 6月 17, 2026 37 6 758,512"
2026-08-08,th,Thailand,top_videos_weekly,,31,Sunset in Pattaya YOUNGOHM,,,,Sunset in Pattaya YOUNGOHM
2026-08-08,th,Thailand,top_videos_weekly,,32,3 ดาวตก WANYAi,,"10月 1, 2025",743681,"32 3 ดาวตก WANYAi 10月 1, 2025 35 15 743,681"
2026-08-08,th,Thailand,top_videos_weekly,,33,Less than a Lover JENNIE,,,,Less than a Lover JENNIE
2026-08-08,th,Thailand,top_videos_weekly,,34,รักให้เธอได้รู้ (Proof.) PUN,,,,รักให้เธอได้รู้ (Proof.) PUN
2026-08-08,th,Thailand,top_videos_weekly,,35,บุญผลาบ่ฮอด อ้ายแมน ภิสิทธิ์พงษ์,,,,บุญผลาบ่ฮอด อ้ายแมน ภิสิทธิ์พงษ์
2026-08-08,th,Thailand,top_videos_weekly,,36,7 อะไรก็ยอม Loso,,"10月 21, 2014",720315,"36 7 อะไรก็ยอม Loso 10月 21, 2014 43 12 720,315"
2026-08-08,th,Thailand,top_videos_weekly,,37,Best Thing ILLSLICK,,,,Best Thing ILLSLICK
2026-08-08,th,Thailand,top_videos_weekly,,38,กลัวความเสียใจ SARAN,,,,กลัวความเสียใจ SARAN
2026-08-08,th,Thailand,top_videos_weekly,,39,12 Baddie IRONBOY,,"6月 18, 2026",680402,"39 12 Baddie IRONBOY 6月 18, 2026 27 6 680,402"
2026-08-08,th,Thailand,top_videos_weekly,,40,ลามปาม (circus) BOWKYLION,,,,ลามปาม (circus) BOWKYLION
2026-08-08,th,Thailand,top_videos_weekly,,41,รู้ตัวอีกที SEXSKI,,,,รู้ตัวอีกที SEXSKI
2026-08-08,th,Thailand,top_videos_weekly,,42,สิทธิ์ของเจ้า 埋代•話摘星,,,,สิทธิ์ของเจ้า 埋代•話摘星
2026-08-08,th,Thailand,top_videos_weekly,,43,Lhob Mai Dai Chuay Hai Luem 普提蓬·阿薩拉塔納功 & Ink Waruntorn,,,,Lhob Mai Dai Chuay Hai Luem 普提蓬·阿薩拉塔納功 & Ink Waruntorn
2026-08-08,th,Thailand,top_videos_weekly,,44,อ่วยคืน ธีร์ ทีเร็กซ์ OFFICIAL,,,,อ่วยคืน ธีร์ ทีเร็กซ์ OFFICIAL
2026-08-08,th,Thailand,top_videos_weekly,,45,ขอตายในอ้อมกอดเธอ 賽桑・蘇品麥,,,,ขอตายในอ้อมกอดเธอ 賽桑・蘇品麥
2026-08-08,th,Thailand,top_videos_weekly,,46,hate that i made you love me Ariana Grande,,,,hate that i made you love me Ariana Grande
2026-08-08,th,Thailand,top_videos_weekly,,47,ขอแค่นี้ (Forever n ever) PUN,,,,ขอแค่นี้ (Forever n ever) PUN
2026-08-08,th,Thailand,top_videos_weekly,,48,ปริญญาไก่ตี เม้ก อภิสิทธิ์,,,,ปริญญาไก่ตี เม้ก อภิสิทธิ์
2026-08-08,th,Thailand,top_videos_weekly,,49,เธอทิ้งฉันไว้ KRK,,,,เธอทิ้งฉันไว้ KRK
2026-08-08,th,Thailand,top_videos_weekly,,50,ความลับในใจ สิบล้อ,,,,ความลับในใจ สิบล้อ
2026-08-08,th,Thailand,top_videos_weekly,,51,กลับบ้าน (HOMESICK) Kong Huayrai,,,,กลับบ้าน (HOMESICK) Kong Huayrai
2026-08-08,th,Thailand,top_videos_weekly,,52,Sing Tee Chan Pen Ebola,,,,Sing Tee Chan Pen Ebola
2026-08-08,th,Thailand,top_videos_weekly,,53,เอิ้นเธอว่าความฮัก แอ้ม ชลธิชา,,,,เอิ้นเธอว่าความฮัก แอ้ม ชลธิชา
2026-08-08,th,Thailand,top_videos_weekly,,54,อมพระมาพูด 賽桑・蘇品麥,,,,อมพระมาพูด 賽桑・蘇品麥
2026-08-08,th,Thailand,top_videos_weekly,,55,วาสนาหมาหย่ำรถ TAR TORJORWOR,,,,วาสนาหมาหย่ำรถ TAR TORJORWOR
2026-08-08,th,Thailand,top_videos_weekly,,56,ไม่คิดนอกใจ Loso,,,,ไม่คิดนอกใจ Loso
2026-08-08,th,Thailand,top_videos_weekly,,57,Sunflower Post Malone & Swae Lee,,,,Sunflower Post Malone & Swae Lee
2026-08-08,th,Thailand,top_videos_weekly,,58,ทางหินแห่ Kong Huayrai,,,,ทางหินแห่ Kong Huayrai
2026-08-08,th,Thailand,top_videos_weekly,,59,ขึ้นใจ (3am call) Mirrr,,,,ขึ้นใจ (3am call) Mirrr
2026-08-08,th,Thailand,top_videos_weekly,,60,ไม่ได้ลืมแค่ไม่ได้เจอ (Live) guncharlie & PURPEECH,,,,ไม่ได้ลืมแค่ไม่ได้เจอ (Live) guncharlie & PURPEECH
2026-08-08,th,Thailand,top_videos_weekly,,61,ขอให้เธอมีสุข หนึ่ง บีเคแบนด์,,,,ขอให้เธอมีสุข หนึ่ง บีเคแบนด์
2026-08-08,th,Thailand,top_videos_weekly,,62,ไม่มีวันไหนที่ไม่คิดถึง (starlost.) PURPEECH,,,,ไม่มีวันไหนที่ไม่คิดถึง (starlost.) PURPEECH
2026-08-08,th,Thailand,top_videos_weekly,,63,5 STORY P6ICK,,"4月 6, 2026",475414,"63 5 STORY P6ICK 4月 6, 2026 58 15 475,414"
2026-08-08,th,Thailand,top_videos_weekly,,64,1 คนถูกของ เมนทอล,,"3月 12, 2026",445190,"64 1 คนถูกของ เมนทอล 3月 12, 2026 63 15 445,190"
2026-08-08,th,Thailand,top_videos_weekly,,65,ภวังค์จิต ปราง ปรางทิพย์,,,,ภวังค์จิต ปราง ปรางทิพย์
2026-08-08,th,Thailand,top_videos_weekly,,66,หม้อหุงข้าว โจอี้ ภูวศิษฐ์,,,,หม้อหุงข้าว โจอี้ ภูวศิษฐ์
2026-08-08,th,Thailand,top_videos_weekly,,67,See You Somewhere (LIVE) 普提蓬·阿薩拉塔納功 & PURPEECH,,,,See You Somewhere (LIVE) 普提蓬·阿薩拉塔納功 & PURPEECH
2026-08-08,th,Thailand,top_videos_weekly,,68,My Sunshine ILLSLICK,,,,My Sunshine ILLSLICK
2026-08-08,th,Thailand,top_videos_weekly,,69,DMMA JustmineNika,,,,DMMA JustmineNika
2026-08-08,th,Thailand,top_videos_weekly,,70,เมืองหลวงใจร้าย นิว พงศกร,,,,เมืองหลวงใจร้าย นิว พงศกร
2026-08-08,th,Thailand,top_videos_weekly,,71,Life Goes On Oliver Tree,,,,Life Goes On Oliver Tree
2026-08-08,th,Thailand,top_videos_weekly,,72,6 ทำใจไม่ได้ Z9,,"4月 29, 2026",405144,"72 6 ทำใจไม่ได้ Z9 4月 29, 2026 66 13 405,144"
2026-08-08,th,Thailand,top_videos_weekly,,73,เมื่อถูกค้นพบ (Finally She Found.) FREEHAND,,,,เมื่อถูกค้นพบ (Finally She Found.) FREEHAND
2026-08-08,th,Thailand,top_videos_weekly,,74,ครองโลก Yungtarr,,,,ครองโลก Yungtarr
2026-08-08,th,Thailand,top_videos_weekly,,75,ชีวิตไม่เคยง่ายเลยสักวัน Troy AxenRay,,,,ชีวิตไม่เคยง่ายเลยสักวัน Troy AxenRay
2026-08-08,th,Thailand,top_videos_weekly,,76,8 สายไป 9tokyo,,"5月 24, 2025",394604,"76 8 สายไป 9tokyo 5月 24, 2025 84 2 394,604"
2026-08-08,th,Thailand,top_videos_weekly,,77,4 ใจสั่งมา Loso,,"11月 13, 2014",393593,"77 4 ใจสั่งมา Loso 11月 13, 2014 81 5 393,593"
2026-08-08,th,Thailand,top_videos_weekly,,78,hate that i made you love me Ariana Grande,,,,hate that i made you love me Ariana Grande
2026-08-08,th,Thailand,top_videos_weekly,,79,เหงา คิดถึง รอ 賽桑・蘇品麥,,,,เหงา คิดถึง รอ 賽桑・蘇品麥
2026-08-08,th,Thailand,top_videos_weekly,,80,ทางหินแห่ Kong Huayrai,,,,ทางหินแห่ Kong Huayrai
2026-08-08,th,Thailand,top_videos_weekly,,81,รักให้เธอได้รู้ (Proof.) PUN,,,,รักให้เธอได้รู้ (Proof.) PUN
2026-08-08,th,Thailand,top_videos_weekly,,82,ซามสิพ้อ Vieng Naruemon & 蒙肯·根坤,,,,ซามสิพ้อ Vieng Naruemon & 蒙肯·根坤
2026-08-08,th,Thailand,top_videos_weekly,,83,ความรักทำให้คนตาบอด Bodyslam,,,,ความรักทำให้คนตาบอด Bodyslam
2026-08-08,th,Thailand,top_videos_weekly,,84,Boon Kao (My old merit) Kong Huayrai,,,,Boon Kao (My old merit) Kong Huayrai
2026-08-08,th,Thailand,top_videos_weekly,,85,ตัวสำรอง Bedroom Audio,,,,ตัวสำรอง Bedroom Audio
2026-08-08,th,Thailand,top_videos_weekly,,86,ส่วนผสมลับ ( Secret ingredient ) Jh4y,,,,ส่วนผสมลับ ( Secret ingredient ) Jh4y
2026-08-08,th,Thailand,top_videos_weekly,,87,ยำละแง๊น(Remix) Am Seatwo & Ball Seatwo,,,,ยำละแง๊น(Remix) Am Seatwo & Ball Seatwo
2026-08-08,th,Thailand,top_videos_weekly,,88,ถอนคำสาบาน อะตอม ตาปีมิวสิคกรุ๊ป,,,,ถอนคำสาบาน อะตอม ตาปีมิวสิคกรุ๊ป
2026-08-08,th,Thailand,top_videos_weekly,,89,เอาที่บายใจ บ่าววี,,,,เอาที่บายใจ บ่าววี
2026-08-08,th,Thailand,top_videos_weekly,,90,ขาดความอบอุ่น genie records & FREEHAND,,,,ขาดความอบอุ่น genie records & FREEHAND
2026-08-08,th,Thailand,top_videos_weekly,,91,ความคิดถึงที่เต็มไปด้วยน้ำตา โชเล่ย์ ชคัทพล & NOT'TOY,,,,ความคิดถึงที่เต็มไปด้วยน้ำตา โชเล่ย์ ชคัทพล & NOT'TOY
2026-08-08,th,Thailand,top_videos_weekly,,92,92 เคยรัก 9tokyo,,"6月 19, 2025",330471,"92 92 เคยรัก 9tokyo 6月 19, 2025 - 2 330,471"
2026-08-08,th,Thailand,top_videos_weekly,,93,เธอแค่ผ่านมา ณ Na Naruechaphon,,,,เธอแค่ผ่านมา ณ Na Naruechaphon
2026-08-08,th,Thailand,top_videos_weekly,,94,ที่รัก (เธอ) Ake Surachet,,,,ที่รัก (เธอ) Ake Surachet
2026-08-08,th,Thailand,top_videos_weekly,,95,คนไปไม่รู้ คนอยู่ไม่ไหวแล้ว โชเล่ย์ ชคัทพล,,,,คนไปไม่รู้ คนอยู่ไม่ไหวแล้ว โชเล่ย์ ชคัทพล
2026-08-08,th,Thailand,top_videos_weekly,,96,ปฏิเสธไม่ไหว Lipta,,,,ปฏิเสธไม่ไหว Lipta
2026-08-08,th,Thailand,top_videos_weekly,,97,ไปอยู่ที่ไหนมา Lipta,,,,ไปอยู่ที่ไหนมา Lipta
2026-08-08,th,Thailand,top_videos_weekly,,98,หมดชีวิต(ฉันให้เธอ) Zeal & Buachompoo Ford,,,,หมดชีวิต(ฉันให้เธอ) Zeal & Buachompoo Ford
2026-08-08,th,Thailand,top_videos_weekly,,99,Zombie The Cranberries,,,,Zombie The Cranberries
2026-08-08,th,Thailand,top_videos_weekly,,100,Miss Call genie Season & GOODMOOD,,,,Miss Call genie Season & GOODMOOD
2026-08-08,id,Indonesia,top_videos_weekly,,1,1 Teh Hijau 圖魯斯,,"6月 29, 2026",3619334,"1 1 Teh Hijau 圖魯斯 6月 29, 2026 2 4 3,619,334"
2026-08-08,id,Indonesia,top_videos_weekly,,2,Sesi Potret eńau,,,,Sesi Potret eńau
2026-08-08,id,Indonesia,top_videos_weekly,,3,MMG (My Mine Gueh) Naykilla,,,,MMG (My Mine Gueh) Naykilla
2026-08-08,id,Indonesia,top_videos_weekly,,4,Don't Force Your Longing Ifan Seventeen,,,,Don't Force Your Longing Ifan Seventeen
2026-08-08,id,Indonesia,top_videos_weekly,,5,"Tabola Bale SILET OPEN UP , Jacson Zeran , Juan Reza & Diva Aurel",,,,"Tabola Bale SILET OPEN UP , Jacson Zeran , Juan Reza & Diva Aurel"
2026-08-08,id,Indonesia,top_videos_weekly,,6,Dunia Yang Nanti Raim Laode,,,,Dunia Yang Nanti Raim Laode
2026-08-08,id,Indonesia,top_videos_weekly,,7,MUTIARA Ipank & Kintani,,,,MUTIARA Ipank & Kintani
2026-08-08,id,Indonesia,top_videos_weekly,,8,● Jatuh Suka 圖魯斯,,"3月 2, 2022",1645443,"8 ● Jatuh Suka 圖魯斯 3月 2, 2022 8 38 1,645,443"
2026-08-08,id,Indonesia,top_videos_weekly,,9,NEGORO ANGIN Denny Caknan,,,,NEGORO ANGIN Denny Caknan
2026-08-08,id,Indonesia,top_videos_weekly,,10,Iqro' Raim Laode,,,,Iqro' Raim Laode
2026-08-08,id,Indonesia,top_videos_weekly,,11,"ORANG BARU LEBE GACOR Ecko Show , Juan Reza & CHESYLINO",,,,"ORANG BARU LEBE GACOR Ecko Show , Juan Reza & CHESYLINO"
2026-08-08,id,Indonesia,top_videos_weekly,,12,Ini Abadi Perunggu,,,,Ini Abadi Perunggu
2026-08-08,id,Indonesia,top_videos_weekly,,13,Shape Of My Heart Backstreet Boys,,,,Shape Of My Heart Backstreet Boys
2026-08-08,id,Indonesia,top_videos_weekly,,14,Astaga Bercanda Akbar Chalay & Mingse,,,,Astaga Bercanda Akbar Chalay & Mingse
2026-08-08,id,Indonesia,top_videos_weekly,,15,Sedia Aku Sebelum Hujan Idgitaf,,,,Sedia Aku Sebelum Hujan Idgitaf
2026-08-08,id,Indonesia,top_videos_weekly,,16,Titik Nadir Kahitna & Monita Tahalea,,,,Titik Nadir Kahitna & Monita Tahalea
2026-08-08,id,Indonesia,top_videos_weekly,,17,Alamak Rizky Febian & Adrian Khalif,,,,Alamak Rizky Febian & Adrian Khalif
2026-08-08,id,Indonesia,top_videos_weekly,,18,Kita usahakan rumah itu Sal Priadi,,,,Kita usahakan rumah itu Sal Priadi
2026-08-08,id,Indonesia,top_videos_weekly,,19,Sia Sia Mengharap Cintamu Els Warouw,,,,Sia Sia Mengharap Cintamu Els Warouw
2026-08-08,id,Indonesia,top_videos_weekly,,20,Less than a Lover JENNIE,,,,Less than a Lover JENNIE
2026-08-08,id,Indonesia,top_videos_weekly,,21,Negoro Angin Silvy Kumalasari,,,,Negoro Angin Silvy Kumalasari
2026-08-08,id,Indonesia,top_videos_weekly,,22,kota ini tak sama tanpamu Nadhif Basalamah,,,,kota ini tak sama tanpamu Nadhif Basalamah
2026-08-08,id,Indonesia,top_videos_weekly,,23,1 33x Perunggu,,"3月 10, 2022",1060332,"23 1 33x Perunggu 3月 10, 2022 22 40 1,060,332"
2026-08-08,id,Indonesia,top_videos_weekly,,24,0X Ghea Indrawari,,,,1000X Ghea Indrawari
2026-08-08,id,Indonesia,top_videos_weekly,,25,Edan Turun Wafiq Azizah,,,,Edan Turun Wafiq Azizah
2026-08-08,id,Indonesia,top_videos_weekly,,26,kota ini tak sama tanpamu Nadhif Basalamah,,,,kota ini tak sama tanpamu Nadhif Basalamah
2026-08-08,id,Indonesia,top_videos_weekly,,27,Bersenja Gurau Raim Laode,,,,Bersenja Gurau Raim Laode
2026-08-08,id,Indonesia,top_videos_weekly,,28,AMBON MANISE Toton Caribo,,,,AMBON MANISE Toton Caribo
2026-08-08,id,Indonesia,top_videos_weekly,,29,"Kicau Mania Ndarboy Genk , Banditoz Yaow 86 & BoyCord",,,,"Kicau Mania Ndarboy Genk , Banditoz Yaow 86 & BoyCord"
2026-08-08,id,Indonesia,top_videos_weekly,,30,● Jatuh Suka 圖魯斯,,"9月 28, 2025",887197,"30 ● Jatuh Suka 圖魯斯 9月 28, 2025 30 5 887,197"
2026-08-08,id,Indonesia,top_videos_weekly,,31,Bukan Ku Tak Sudi Iklim,,,,Bukan Ku Tak Sudi Iklim
2026-08-08,id,Indonesia,top_videos_weekly,,32,Dai Dai Shakira & Burna Boy,,,,Dai Dai Shakira & Burna Boy
2026-08-08,id,Indonesia,top_videos_weekly,,33,1x Adrian Khalif,,,,2001x Adrian Khalif
2026-08-08,id,Indonesia,top_videos_weekly,,34,"Garam & Madu Tenxi , Jemsii & Naykilla",,,,"Garam & Madu Tenxi , Jemsii & Naykilla"
2026-08-08,id,Indonesia,top_videos_weekly,,35,"MUTIARA (Live) Laila Ayu , Irwan D'Academy & SIMPATIK MUSIC",,,,"MUTIARA (Live) Laila Ayu , Irwan D'Academy & SIMPATIK MUSIC"
2026-08-08,id,Indonesia,top_videos_weekly,,36,Treat You Better Shawn Mendes,,,,Treat You Better Shawn Mendes
2026-08-08,id,Indonesia,top_videos_weekly,,37,5 Salah Apa Ipank,,"2月 8, 2026",755224,"37 5 Salah Apa Ipank 2月 8, 2026 32 8 755,224"
2026-08-08,id,Indonesia,top_videos_weekly,,38,Bounce & Pa Bkb Vian DTM,,,,Bounce & Pa Bkb Vian DTM
2026-08-08,id,Indonesia,top_videos_weekly,,39,ANGEL 2 (Live) Ajeng Febria,,,,ANGEL 2 (Live) Ajeng Febria
2026-08-08,id,Indonesia,top_videos_weekly,,40,RINDU SERINDU RINDUNYA Decky Ryan,,,,RINDU SERINDU RINDUNYA Decky Ryan
2026-08-08,id,Indonesia,top_videos_weekly,,41,Lemon Tang Hearts2Hearts,,,,Lemon Tang Hearts2Hearts
2026-08-08,id,Indonesia,top_videos_weekly,,42,TABOLA BALE ADAGIO Sekolah Musik,,,,TABOLA BALE ADAGIO Sekolah Musik
2026-08-08,id,Indonesia,top_videos_weekly,,43,BODY PATA PATA Faris Adam,,,,BODY PATA PATA Faris Adam
2026-08-08,id,Indonesia,top_videos_weekly,,44,Aku Harus Pergi Whisnu Santika,,,,Aku Harus Pergi Whisnu Santika
2026-08-08,id,Indonesia,top_videos_weekly,,45,"Kasih Aba Aba Naykilla , Tenxi & Jemsii",,,,"Kasih Aba Aba Naykilla , Tenxi & Jemsii"
2026-08-08,id,Indonesia,top_videos_weekly,,46,LAUT KIDUL (Live) Denny Caknan,,,,LAUT KIDUL (Live) Denny Caknan
2026-08-08,id,Indonesia,top_videos_weekly,,47,Raiso Ngapusi 2 Tekomlaku,,,,Raiso Ngapusi 2 Tekomlaku
2026-08-08,id,Indonesia,top_videos_weekly,,48,"Golden HUNTR/X , EJAE , AUDREY NUNA , REI AMI & KPop Demon Hunters Cast",,,,"Golden HUNTR/X , EJAE , AUDREY NUNA , REI AMI & KPop Demon Hunters Cast"
2026-08-08,id,Indonesia,top_videos_weekly,,49,Bahagia Lagi Piche Kota,,,,Bahagia Lagi Piche Kota
2026-08-08,id,Indonesia,top_videos_weekly,,50,Berapa Kali Kita Akan Saling Memaafkan Pamungkas,,,,Berapa Kali Kita Akan Saling Memaafkan Pamungkas
2026-08-08,id,Indonesia,top_videos_weekly,,51,Titik Nadir Kahitna & Monita Tahalea,,,,Titik Nadir Kahitna & Monita Tahalea
2026-08-08,id,Indonesia,top_videos_weekly,,52,Raci Kuah Fresly Nikijuluw,,,,Raci Kuah Fresly Nikijuluw
2026-08-08,id,Indonesia,top_videos_weekly,,53,Jambu Alas Della Monica,,,,Jambu Alas Della Monica
2026-08-08,id,Indonesia,top_videos_weekly,,54,Keong Racun Ajeng Febria,,,,Keong Racun Ajeng Febria
2026-08-08,id,Indonesia,top_videos_weekly,,55,IQRO' Raim Laode,,,,IQRO' Raim Laode
2026-08-08,id,Indonesia,top_videos_weekly,,56,● Bersamamu Jaz,,"6月 9, 2023",595313,"56 ● Bersamamu Jaz 6月 9, 2023 56 44 595,313"
2026-08-08,id,Indonesia,top_videos_weekly,,57,Jangan Pernah Berubah ST 12,,,,Jangan Pernah Berubah ST 12
2026-08-08,id,Indonesia,top_videos_weekly,,58,Ngga Dulu Akbar Chalay,,,,Ngga Dulu Akbar Chalay
2026-08-08,id,Indonesia,top_videos_weekly,,59,7 SO ASU Naykilla,,"5月 12, 2026",582216,"59 7 SO ASU Naykilla 5月 12, 2026 66 2 582,216"
2026-08-08,id,Indonesia,top_videos_weekly,,60,ASSALAMUALAIKA Versi Tiga Bahasa Wangi Inema,,,,ASSALAMUALAIKA Versi Tiga Bahasa Wangi Inema
2026-08-08,id,Indonesia,top_videos_weekly,,61,Terpukau (Video Clip) Astrid,,,,Terpukau (Video Clip) Astrid
2026-08-08,id,Indonesia,top_videos_weekly,,62,Menari Diatas Luka 戴基·萊恩,,,,Menari Diatas Luka 戴基·萊恩
2026-08-08,id,Indonesia,top_videos_weekly,,63,rollerblade no na,,,,rollerblade no na
2026-08-08,id,Indonesia,top_videos_weekly,,64,Bebaskan Diriku Mario G Klau,,,,Bebaskan Diriku Mario G Klau
2026-08-08,id,Indonesia,top_videos_weekly,,65,Gerimis Mengundang 戴基·萊恩,,,,Gerimis Mengundang 戴基·萊恩
2026-08-08,id,Indonesia,top_videos_weekly,,66,Eling Ae Arya Galih,,,,Eling Ae Arya Galih
2026-08-08,id,Indonesia,top_videos_weekly,,67,AKU DAH LUPA MikkyZia & F4dli,,,,AKU DAH LUPA MikkyZia & F4dli
2026-08-08,id,Indonesia,top_videos_weekly,,68,Semua Tak Sama Padi,,,,Semua Tak Sama Padi
2026-08-08,id,Indonesia,top_videos_weekly,,69,Satu Rasa Cinta Els Warouw,,,,Satu Rasa Cinta Els Warouw
2026-08-08,id,Indonesia,top_videos_weekly,,70,Life Goes On Oliver Tree,,,,Life Goes On Oliver Tree
2026-08-08,id,Indonesia,top_videos_weekly,,71,Lebih Indah Adera,,,,Lebih Indah Adera
2026-08-08,id,Indonesia,top_videos_weekly,,72,Menari,nari Raim Laode,,,Menari-nari Raim Laode
2026-08-08,id,Indonesia,top_videos_weekly,,73,Sudah Tahu Tuhan Kita Berbeda eńau,,,,Sudah Tahu Tuhan Kita Berbeda eńau
2026-08-08,id,Indonesia,top_videos_weekly,,74,Rahasia Hati Element,,,,Rahasia Hati Element
2026-08-08,id,Indonesia,top_videos_weekly,,75,Heaven Bryan Adams,,,,Heaven Bryan Adams
2026-08-08,id,Indonesia,top_videos_weekly,,76,Mencari Alasan Exists,,,,Mencari Alasan Exists
2026-08-08,id,Indonesia,top_videos_weekly,,77,40 Teh Hijau 圖魯斯,,"7月 10, 2026",462153,"77 40 Teh Hijau 圖魯斯 7月 10, 2026 37 3 462,153"
2026-08-08,id,Indonesia,top_videos_weekly,,78,Tanpo Hubungan La Tasya,,,,Tanpo Hubungan La Tasya
2026-08-08,id,Indonesia,top_videos_weekly,,79,Melukis Senja Budi Doremi,,,,Melukis Senja Budi Doremi
2026-08-08,id,Indonesia,top_videos_weekly,,80,NEGORO ANGIN Niken Salindry,,,,NEGORO ANGIN Niken Salindry
2026-08-08,id,Indonesia,top_videos_weekly,,81,Kehadiranmu Vagetoz,,,,Kehadiranmu Vagetoz
2026-08-08,id,Indonesia,top_videos_weekly,,82,PEARL Difarina Indra & Fendik Adella,,,,PEARL Difarina Indra & Fendik Adella
2026-08-08,id,Indonesia,top_videos_weekly,,83,Denok Silvy Kumalasari,,,,Denok Silvy Kumalasari
2026-08-08,id,Indonesia,top_videos_weekly,,84,Lembaran baru 黛西·藍娜莎莉,,,,Lembaran baru 黛西·藍娜莎莉
2026-08-08,id,Indonesia,top_videos_weekly,,85,Kari Cerito Mufly Key,,,,Kari Cerito Mufly Key
2026-08-08,id,Indonesia,top_videos_weekly,,86,HATI YANG LUKA Dilla Novera,,,,HATI YANG LUKA Dilla Novera
2026-08-08,id,Indonesia,top_videos_weekly,,87,rollerblade no na,,,,rollerblade no na
2026-08-08,id,Indonesia,top_videos_weekly,,88,I Like Me Better Lauv,,,,I Like Me Better Lauv
2026-08-08,id,Indonesia,top_videos_weekly,,89,Heaven Bryan Adams,,,,Heaven Bryan Adams
2026-08-08,id,Indonesia,top_videos_weekly,,90,(Everything I Do) I Do It For You Bryan Adams,,,,(Everything I Do) I Do It For You Bryan Adams
2026-08-08,id,Indonesia,top_videos_weekly,,91,Drop Dead Olivia Rodrigo,,,,Drop Dead Olivia Rodrigo
2026-08-08,id,Indonesia,top_videos_weekly,,92,KISS N TELL aespa,,,,KISS N TELL aespa
2026-08-08,id,Indonesia,top_videos_weekly,,93,Jadi Kekasihku Saja (Official Music Video) Keisya Levronka,,,,Jadi Kekasihku Saja (Official Music Video) Keisya Levronka
2026-08-08,id,Indonesia,top_videos_weekly,,94,"Berdansalah, Karir Ini Tak Ada Artinya Hindia",,,,"Berdansalah, Karir Ini Tak Ada Artinya Hindia"
2026-08-08,id,Indonesia,top_videos_weekly,,95,Percuma Vendetta rap,,,,Percuma Vendetta rap
2026-08-08,id,Indonesia,top_videos_weekly,,96,Sempurna Andra & the Backbone,,,,Sempurna Andra & the Backbone
2026-08-08,id,Indonesia,top_videos_weekly,,97,Sailor Song Gigi Perez,,,,Sailor Song Gigi Perez
2026-08-08,id,Indonesia,top_videos_weekly,,98,Jangan Salahkan Siapa Dilla Novera,,,,Jangan Salahkan Siapa Dilla Novera
2026-08-08,id,Indonesia,top_videos_weekly,,99,Creep 電台司令,,"7月 18, 2008",397726,"99 New Creep 電台司令 7月 18, 2008 - 1 397,726"
2026-08-08,id,Indonesia,top_videos_weekly,,100,Istana Bintang Setia Band,,,,Istana Bintang Setia Band
2026-08-08,in,India,top_videos_weekly,,1,Barbaadi Shilpi Raj,,,,Barbaadi Shilpi Raj
2026-08-08,in,India,top_videos_weekly,,2,"Shararat Madhubanti Bagchi , 雅斯文·桑德拉斯 & 沙赫瓦特·薩赫迪夫",,,,"Shararat Madhubanti Bagchi , 雅斯文·桑德拉斯 & 沙赫瓦特·薩赫迪夫"
2026-08-08,in,India,top_videos_weekly,,3,"Basinga Balaalu Srinidhi Nerella , Kalyan Keys & Swamy Naresh",,,,"Basinga Balaalu Srinidhi Nerella , Kalyan Keys & Swamy Naresh"
2026-08-08,in,India,top_videos_weekly,,4,Fortuner Raj Mawar & Ruchika Jangid,,,,Fortuner Raj Mawar & Ruchika Jangid
2026-08-08,in,India,top_videos_weekly,,5,"Jaiye Sajana 雅斯文·桑德拉斯 , 施廷德·薩爾塔 & 沙赫瓦特·薩赫迪夫",,,,"Jaiye Sajana 雅斯文·桑德拉斯 , 施廷德·薩爾塔 & 沙赫瓦特·薩赫迪夫"
2026-08-08,in,India,top_videos_weekly,,6,"Aankhon Se Tune 2.0 Dev Negi , Palak Muchhal , Kumar Sanu & Alka Yagnik",,,,"Aankhon Se Tune 2.0 Dev Negi , Palak Muchhal , Kumar Sanu & Alka Yagnik"
2026-08-08,in,India,top_videos_weekly,,7,Pavazha Malli Sai Abhyankkar & Shruti Haasan,,,,Pavazha Malli Sai Abhyankkar & Shruti Haasan
2026-08-08,in,India,top_videos_weekly,,8,Sheesha Mitta Ror & Swara Verma,,,,Sheesha Mitta Ror & Swara Verma
2026-08-08,in,India,top_videos_weekly,,9,Boom Shaka KR$NA & Dhanda Nyoliwala,,,,Boom Shaka KR$NA & Dhanda Nyoliwala
2026-08-08,in,India,top_videos_weekly,,10,1 Bairan Banjaare,,"2月 13, 2026",5978600,"10 1 Bairan Banjaare 2月 13, 2026 9 21 5,978,600"
2026-08-08,in,India,top_videos_weekly,,11,Arz Kiya Hai Anuv Jain,,,,Arz Kiya Hai Anuv Jain
2026-08-08,in,India,top_videos_weekly,,12,"Shararat Madhubanti Bagchi , 雅斯文·桑德拉斯 & 沙赫瓦特·薩赫迪夫",,,,"Shararat Madhubanti Bagchi , 雅斯文·桑德拉斯 & 沙赫瓦特·薩赫迪夫"
2026-08-08,in,India,top_videos_weekly,,13,"Gehra Hua Arijit Singh , Armaan Khan , 沙赫瓦特·薩赫迪夫 & Irshad Kamil",,,,"Gehra Hua Arijit Singh , Armaan Khan , 沙赫瓦特·薩赫迪夫 & Irshad Kamil"
2026-08-08,in,India,top_videos_weekly,,14,"Kamar DJ Pe Manish Sonipat Aala , Bali Sharma & Vampire",,,,"Kamar DJ Pe Manish Sonipat Aala , Bali Sharma & Vampire"
2026-08-08,in,India,top_videos_weekly,,15,"Saiyaara 舒蕾亞·戈沙爾 , Arslan Nizami & Irshad Kamil",,,,"Saiyaara 舒蕾亞·戈沙爾 , Arslan Nizami & Irshad Kamil"
2026-08-08,in,India,top_videos_weekly,,16,"Gehra Hua Arijit Singh , Armaan Khan , 沙赫瓦特·薩赫迪夫 & Irshad Kamil",,,,"Gehra Hua Arijit Singh , Armaan Khan , 沙赫瓦特·薩赫迪夫 & Irshad Kamil"
2026-08-08,in,India,top_videos_weekly,,17,Bangles Sanju Rathod & G,SPXRK,,,Bangles Sanju Rathod & G-SPXRK
2026-08-08,in,India,top_videos_weekly,,18,"Aaya Sher Jangi Reddy , Arjun Chandy , 安尼魯德・瑞維奇德 & Kasarla Shyam",,,,"Aaya Sher Jangi Reddy , Arjun Chandy , 安尼魯德・瑞維奇德 & Kasarla Shyam"
2026-08-08,in,India,top_videos_weekly,,19,"Hellallallo Rakshita Suresh , A. R. Rahman & Varadaraj Chikkaballapura",,,,"Hellallallo Rakshita Suresh , A. R. Rahman & Varadaraj Chikkaballapura"
2026-08-08,in,India,top_videos_weekly,,20,Dai Dai Shakira & Burna Boy,,,,Dai Dai Shakira & Burna Boy
2026-08-08,in,India,top_videos_weekly,,21,Mutta Kalakki Ken Karunaas,,,,Mutta Kalakki Ken Karunaas
2026-08-08,in,India,top_videos_weekly,,22,Nach Nagin Jaisan Raushan Rohi & Khushi Kakkar,,,,Nach Nagin Jaisan Raushan Rohi & Khushi Kakkar
2026-08-08,in,India,top_videos_weekly,,23,Kabze Bintu Pabra & Shiva Choudhary,,,,Kabze Bintu Pabra & Shiva Choudhary
2026-08-08,in,India,top_videos_weekly,,24,Bum Bum Bole Shaan & 阿米爾·罕,,,,Bum Bum Bole Shaan & 阿米爾·罕
2026-08-08,in,India,top_videos_weekly,,25,Neno Butterfly Sublahshini & G.V. Prakash Kumar,,,,Neno Butterfly Sublahshini & G.V. Prakash Kumar
2026-08-08,in,India,top_videos_weekly,,26,"Bairi Virat , Pradeep Solanki & Heena",,,,"Bairi Virat , Pradeep Solanki & Heena"
2026-08-08,in,India,top_videos_weekly,,27,"UDI UDI Hruday , Sarkar & Aneesh",,,,"UDI UDI Hruday , Sarkar & Aneesh"
2026-08-08,in,India,top_videos_weekly,,28,Mithe Tere Bol Pari Masoom Sharma,,,,Mithe Tere Bol Pari Masoom Sharma
2026-08-08,in,India,top_videos_weekly,,29,Boyfriend Karan Aujla,,,,Boyfriend Karan Aujla
2026-08-08,in,India,top_videos_weekly,,30,Rana Ji 2.0 Ila Arun & Alka Yagnik,,,,Rana Ji 2.0 Ila Arun & Alka Yagnik
2026-08-08,in,India,top_videos_weekly,,31,कमर में दागी Khesari Lal Yadav & Shilpi Raj,,,,कमर में दागी Khesari Lal Yadav & Shilpi Raj
2026-08-08,in,India,top_videos_weekly,,32,Udaarian 施廷德·薩爾塔,,,,Udaarian 施廷德·薩爾塔
2026-08-08,in,India,top_videos_weekly,,33,"Lakh D Naveen , Shiva Choudhary , Sweta Chauhan & Kala Dighal",,,,"80 Lakh D Naveen , Shiva Choudhary , Sweta Chauhan & Kala Dighal"
2026-08-08,in,India,top_videos_weekly,,34,Karuppa Kooda Va Sai Abhyankkar & V·M·馬哈林加姆,,,,Karuppa Kooda Va Sai Abhyankkar & V·M·馬哈林加姆
2026-08-08,in,India,top_videos_weekly,,35,Aura 10/10 Hiphop Tamizha,,,,Aura 10/10 Hiphop Tamizha
2026-08-08,in,India,top_videos_weekly,,36,Not Guilty Dhanda Nyoliwala,,,,Not Guilty Dhanda Nyoliwala
2026-08-08,in,India,top_videos_weekly,,37,Case Teri Rani Ladegi Khesari Lal Yadav & Shrishti Bharti,,,,Case Teri Rani Ladegi Khesari Lal Yadav & Shrishti Bharti
2026-08-08,in,India,top_videos_weekly,,38,"Thalapathy Kacheri Anirudh Ravichander , Vijay & Arivu",,,,"Thalapathy Kacheri Anirudh Ravichander , Vijay & Arivu"
2026-08-08,in,India,top_videos_weekly,,39,Raavana Mavandaa Vivek & Anirudh Ravichander,,,,Raavana Mavandaa Vivek & Anirudh Ravichander
2026-08-08,in,India,top_videos_weekly,,40,"Sitaare Arijit Singh , 阿米塔布·巴塔查亞 & White Noise Collectives",,,,"Sitaare Arijit Singh , 阿米塔布·巴塔查亞 & White Noise Collectives"
2026-08-08,in,India,top_videos_weekly,,41,"Vaari Jaavan 喬奧蒂·諾倫 , Reble , 沙赫瓦特·薩赫迪夫 & 雅斯文·桑德拉斯",,,,"Vaari Jaavan 喬奧蒂·諾倫 , Reble , 沙赫瓦特·薩赫迪夫 & 雅斯文·桑德拉斯"
2026-08-08,in,India,top_videos_weekly,,42,Sadiya Sarkawa Raja Ji Neelkamal Singh,,,,Sadiya Sarkawa Raja Ji Neelkamal Singh
2026-08-08,in,India,top_videos_weekly,,43,Tere Sang Yaara 馬諾伊·蒙塔舍 & 阿蒂夫·阿斯拉姆,,,,Tere Sang Yaara 馬諾伊·蒙塔舍 & 阿蒂夫·阿斯拉姆
2026-08-08,in,India,top_videos_weekly,,44,Banjaara 穆罕默德·伊爾凡,,,,Banjaara 穆罕默德·伊爾凡
2026-08-08,in,India,top_videos_weekly,,45,दिल्ली के पुलिस Raushan Rohi & Shrishti Bharti,,,,दिल्ली के पुलिस Raushan Rohi & Shrishti Bharti
2026-08-08,in,India,top_videos_weekly,,46,Jadugarni Riyaazi & Sintaa,,,,Jadugarni Riyaazi & Sintaa
2026-08-08,in,India,top_videos_weekly,,47,"Rooth Kar Hum Roopkumar Rathod , Sabri Brothers & 薩吉—瓦吉",,,,"Rooth Kar Hum Roopkumar Rathod , Sabri Brothers & 薩吉—瓦吉"
2026-08-08,in,India,top_videos_weekly,,48,Namo Namo 阿米特·特里維迪,,,,Namo Namo 阿米特·特里維迪
2026-08-08,in,India,top_videos_weekly,,49,"Aaj Ki Raat Madhubanti Bagchi , Divya Kumar & Sachin",Jigar,,,"Aaj Ki Raat Madhubanti Bagchi , Divya Kumar & Sachin-Jigar"
2026-08-08,in,India,top_videos_weekly,,50,Katto Gilehri 達雷爾·馬哈帝,,,,Katto Gilehri 達雷爾·馬哈帝
2026-08-08,in,India,top_videos_weekly,,51,"Pagle Bana Delu Pramod Premi , Vicky Vox & Ravi Yadav",,,,"Pagle Bana Delu Pramod Premi , Vicky Vox & Ravi Yadav"
2026-08-08,in,India,top_videos_weekly,,52,Ganga Ke Kinare Bunny & Sagar,,,,Ganga Ke Kinare Bunny & Sagar
2026-08-08,in,India,top_videos_weekly,,53,The Wedding Song Suriya,,,,The Wedding Song Suriya
2026-08-08,in,India,top_videos_weekly,,54,Saiyaara 莫赫·克 & 塔爾蘭姆·馬利克,,,,Saiyaara 莫赫·克 & 塔爾蘭姆·馬利克
2026-08-08,in,India,top_videos_weekly,,55,Aayega Maza Ab Barsaat Ka 阿爾卡·雅格尼克 & Babul Supriyo,,,,Aayega Maza Ab Barsaat Ka 阿爾卡·雅格尼克 & Babul Supriyo
2026-08-08,in,India,top_videos_weekly,,56,Tujhse Bichhad Kar Znda Hain Anuradha Paudwal,,,,Tujhse Bichhad Kar Znda Hain Anuradha Paudwal
2026-08-08,in,India,top_videos_weekly,,57,Yeh Awarapan Arijit Singh,,,,Yeh Awarapan Arijit Singh
2026-08-08,in,India,top_videos_weekly,,58,Dunali Raja Ji Tuntun Yadav,,,,Dunali Raja Ji Tuntun Yadav
2026-08-08,in,India,top_videos_weekly,,59,"Narak B Praak , Jaani & Jyotica Tangri",,,,"Narak B Praak , Jaani & Jyotica Tangri"
2026-08-08,in,India,top_videos_weekly,,60,Pistol Balam Ki Digiya Music,,,,Pistol Balam Ki Digiya Music
2026-08-08,in,India,top_videos_weekly,,61,Beech Bajaria Sapna Awasthi,,,,Beech Bajaria Sapna Awasthi
2026-08-08,in,India,top_videos_weekly,,62,"Chamiki Ken Karunaas , Bhaskarabhatla & G.V. Prakash Kumar",,,,"Chamiki Ken Karunaas , Bhaskarabhatla & G.V. Prakash Kumar"
2026-08-08,in,India,top_videos_weekly,,63,Chunnari Chunnari,"Let’s Go! Anu Malik , Akshay & IP , IP Singh , Jonita Gandhi , Asees Kaur , Sudhir Yaduvanshi & Anuradha Sriram",,,"Chunnari Chunnari - Let’s Go! Anu Malik , Akshay & IP , IP Singh , Jonita Gandhi , Asees Kaur , Sudhir Yaduvanshi & Anuradha Sriram"
2026-08-08,in,India,top_videos_weekly,,64,Pattampoochi Sublahshini & G.V. Prakash Kumar,,,,Pattampoochi Sublahshini & G.V. Prakash Kumar
2026-08-08,in,India,top_videos_weekly,,65,Galat Baat Hai 奈蒂·莫漢 & 傑韋德·阿里,,,,Galat Baat Hai 奈蒂·莫漢 & 傑韋德·阿里
2026-08-08,in,India,top_videos_weekly,,66,Zigane Shevv & Dhanda Nyoliwala,,,,Zigane Shevv & Dhanda Nyoliwala
2026-08-08,in,India,top_videos_weekly,,67,LOW FADE Mxrci & Karan Aujla,,,,LOW FADE Mxrci & Karan Aujla
2026-08-08,in,India,top_videos_weekly,,68,"Nachiab Hathiyar Se Laxmikant–Pyarelal , Prince Shaan Dubey , Shubham Raj & Anjali Raj",,,,"Nachiab Hathiyar Se Laxmikant–Pyarelal , Prince Shaan Dubey , Shubham Raj & Anjali Raj"
2026-08-08,in,India,top_videos_weekly,,69,Alaakaa Loova Sai Abhyankkar,,,,Alaakaa Loova Sai Abhyankkar
2026-08-08,in,India,top_videos_weekly,,70,"Ishq Mubarak 安基特·蒂瓦里 , 馬諾伊·蒙塔舍 , VDJ Fly , Arijit Singh & Dj Gaurav",,,,"Ishq Mubarak 安基特·蒂瓦里 , 馬諾伊·蒙塔舍 , VDJ Fly , Arijit Singh & Dj Gaurav"
2026-08-08,in,India,top_videos_weekly,,71,"Bandhu 2.0 卡維塔·塞斯 , 內拉吉·舒里德 , Irshad Kamil & Pritam",,,,"Bandhu 2.0 卡維塔·塞斯 , 內拉吉·舒里德 , Irshad Kamil & Pritam"
2026-08-08,in,India,top_videos_weekly,,72,Main Ishq Uska 巴伯爾·蘇普里奧 & 阿爾卡·雅格尼克,,,,Main Ishq Uska 巴伯爾·蘇普里奧 & 阿爾卡·雅格尼克
2026-08-08,in,India,top_videos_weekly,,73,LAAVAN Jasmine Sandlas & Mofusion,,,,LAAVAN Jasmine Sandlas & Mofusion
2026-08-08,in,India,top_videos_weekly,,74,"Chalte Chalte Manohar Shetty , Udbhav Ojha , Shweta Pandit , Sonali Bhatawdekar , Preetha Mazumdar & Ishaan",,,,"Chalte Chalte Manohar Shetty , Udbhav Ojha , Shweta Pandit , Sonali Bhatawdekar , Preetha Mazumdar & Ishaan"
2026-08-08,in,India,top_videos_weekly,,75,"Tu Hi Haqeeqat Sayeed Quadri , 伊爾尚·阿什拉夫 , Shadab Faridi & 傑韋德·阿里",,,,"Tu Hi Haqeeqat Sayeed Quadri , 伊爾尚·阿什拉夫 , Shadab Faridi & 傑韋德·阿里"
2026-08-08,in,India,top_videos_weekly,,76,Aasa Kooda Sai Abhyankkar & Sai Smriti,,,,Aasa Kooda Sai Abhyankkar & Sai Smriti
2026-08-08,in,India,top_videos_weekly,,77,"Thodi Der 舒蕾亞·戈沙爾 , Kumaar & 法爾汗・賽義德",,,,"Thodi Der 舒蕾亞·戈沙爾 , Kumaar & 法爾汗・賽義德"
2026-08-08,in,India,top_videos_weekly,,78,Jackpot Gur Sidhu & Cheema Y,,,,Jackpot Gur Sidhu & Cheema Y
2026-08-08,in,India,top_videos_weekly,,79,"Mujhse Shaadi Karogi 蘇努・尼甘 , Udit Narayan & 桑妮蒂·喬寒",,,,"Mujhse Shaadi Karogi 蘇努・尼甘 , Udit Narayan & 桑妮蒂·喬寒"
2026-08-08,in,India,top_videos_weekly,,80,Less than a Lover JENNIE,,,,Less than a Lover JENNIE
2026-08-08,in,India,top_videos_weekly,,81,Jo Tum Mere Ho Anuv Jain,,,,Jo Tum Mere Ho Anuv Jain
2026-08-08,in,India,top_videos_weekly,,82,Chikiri Chikiri 莫赫·克,,,,Chikiri Chikiri 莫赫·克
2026-08-08,in,India,top_videos_weekly,,83,"JAAN SE GUZARTE HAIN Khan Saab , 沙赫瓦特·薩赫迪夫 & Nusrat Fateh Ali Khan",,,,"JAAN SE GUZARTE HAIN Khan Saab , 沙赫瓦特·薩赫迪夫 & Nusrat Fateh Ali Khan"
2026-08-08,in,India,top_videos_weekly,,84,Pasoori Shae Gill & 阿里·塞,,,,Pasoori Shae Gill & 阿里·塞
2026-08-08,in,India,top_videos_weekly,,85,Barbaad Jubin Nautiyal,,,,Barbaad Jubin Nautiyal
2026-08-08,in,India,top_videos_weekly,,86,"আমের আঁচার Liyaz Md , Manashi Basak , Acoustic Dipankar , Anna Das & Ujjal Barman",,,,"আমের আঁচার Liyaz Md , Manashi Basak , Acoustic Dipankar , Anna Das & Ujjal Barman"
2026-08-08,in,India,top_videos_weekly,,87,Mann Mera Gajendra Verma,,,,Mann Mera Gajendra Verma
2026-08-08,in,India,top_videos_weekly,,88,"TERI JAWANI BADI MAST MAST HAI 安諾帕馬·德什潘德 , Iqbal Afzal Sabri & 薩吉—瓦吉",,,,"TERI JAWANI BADI MAST MAST HAI 安諾帕馬·德什潘德 , Iqbal Afzal Sabri & 薩吉—瓦吉"
2026-08-08,in,India,top_videos_weekly,,89,"Sambavakaari Saindhavi , 肖恩·羅爾丹 & Mohan Rajan",,,,"Sambavakaari Saindhavi , 肖恩·羅爾丹 & Mohan Rajan"
2026-08-08,in,India,top_videos_weekly,,90,Choli Ke Saman Aashish Yadav & Khushi Kakkar,,,,Choli Ke Saman Aashish Yadav & Khushi Kakkar
2026-08-08,in,India,top_videos_weekly,,91,"Dil Diyan Gallan Happy Raikoti , 賈丁得·沙阿 & B Praak",,,,"Dil Diyan Gallan Happy Raikoti , 賈丁得·沙阿 & B Praak"
2026-08-08,in,India,top_videos_weekly,,92,O Sanam Akhil Sachdeva,,,,O Sanam Akhil Sachdeva
2026-08-08,in,India,top_videos_weekly,,93,Ji Laage Se Babya Mai Raj Mawar,,,,Ji Laage Se Babya Mai Raj Mawar
2026-08-08,in,India,top_videos_weekly,,94,Dole Da Kamariya Shivani Singh & Arvind Akela Kallu,,,,Dole Da Kamariya Shivani Singh & Arvind Akela Kallu
2026-08-08,in,India,top_videos_weekly,,95,"Pairon Mein Bandhan Hai Udbhav , Manohar Shetty , Shweta Pandit , Sonali Bhatawdekar , Ishaan & Preetha Mazumdar",,,,"Pairon Mein Bandhan Hai Udbhav , Manohar Shetty , Shweta Pandit , Sonali Bhatawdekar , Ishaan & Preetha Mazumdar"
2026-08-08,in,India,top_videos_weekly,,96,JHALAK DIKHLA JA 希梅什·雷希漢米亞 & Sameer,,,,JHALAK DIKHLA JA 希梅什·雷希漢米亞 & Sameer
2026-08-08,in,India,top_videos_weekly,,97,"Aarzu Madhurxo , Noor & Khan",,,,"Aarzu Madhurxo , Noor & Khan"
2026-08-08,in,India,top_videos_weekly,,98,98 Tiranga B Praak,,"5月 14, 2024",1800688,"98 98 Tiranga B Praak 5月 14, 2024 - 2 1,800,688"
2026-08-08,in,India,top_videos_weekly,,99,"God Mode Sai Abhyankkar , Gana Muthu & Vishnu Edavan",,,,"God Mode Sai Abhyankkar , Gana Muthu & Vishnu Edavan"
2026-08-08,in,India,top_videos_weekly,,100,Majboor Sheheryar Rehan & Zoha Waseem,,,,Majboor Sheheryar Rehan & Zoha Waseem
2026-08-08,sg,Singapore,top_videos_weekly,,1,Less than a Lover JENNIE,,,,Less than a Lover JENNIE
2026-08-08,sg,Singapore,top_videos_weekly,,2,Dai Dai Shakira & Burna Boy,,,,Dai Dai Shakira & Burna Boy
2026-08-08,sg,Singapore,top_videos_weekly,,3,"Giants NDPeeps , Weish & Iman Fandi",,,,"Giants NDPeeps , Weish & Iman Fandi"
2026-08-08,sg,Singapore,top_videos_weekly,,4,"Sparkle Dru Chen , NDPeeps & Gareth Fernandez",,,,"Sparkle Dru Chen , NDPeeps & Gareth Fernandez"
2026-08-08,sg,Singapore,top_videos_weekly,,5,You'll Be Okay NDPeeps & 楚晴,,,,You'll Be Okay NDPeeps & 楚晴
2026-08-08,sg,Singapore,top_videos_weekly,,6,看着我的眼睛说 张远 & 姚晓棠,,,,看着我的眼睛说 张远 & 姚晓棠
2026-08-08,sg,Singapore,top_videos_weekly,,7,"Golden HUNTR/X , EJAE , AUDREY NUNA , REI AMI & KPop Demon Hunters Cast",,,,"Golden HUNTR/X , EJAE , AUDREY NUNA , REI AMI & KPop Demon Hunters Cast"
2026-08-08,sg,Singapore,top_videos_weekly,,8,7 嘉宾 张远,,"6月 12, 2026",35601,"8 7 嘉宾 张远 6月 12, 2026 15 3 35,601"
2026-08-08,sg,Singapore,top_videos_weekly,,9,KISS N TELL aespa,,,,KISS N TELL aespa
2026-08-08,sg,Singapore,top_videos_weekly,,10,1 BAD ATEEZ,,"6月 25, 2026",31306,"10 1 BAD ATEEZ 6月 25, 2026 11 5 31,306"
2026-08-08,sg,Singapore,top_videos_weekly,,11,過了幾天 DIOR 大穎 & 郭家瑋,,,,過了幾天 DIOR 大穎 & 郭家瑋
2026-08-08,sg,Singapore,top_videos_weekly,,12,"ILLIT (아일릿) 'I Got Your Back (Feat. JISOO, MOMOKA of HANA)' Official MV ILLIT",,,,"ILLIT (아일릿) 'I Got Your Back (Feat. JISOO, MOMOKA of HANA)' Official MV ILLIT"
2026-08-08,sg,Singapore,top_videos_weekly,,13,Pavazha Malli Sai Abhyankkar & Shruti Haasan,,,,Pavazha Malli Sai Abhyankkar & Shruti Haasan
2026-08-08,sg,Singapore,top_videos_weekly,,14,Champions iShowSpeed,,,,Champions iShowSpeed
2026-08-08,sg,Singapore,top_videos_weekly,,15,hate that i made you love me Ariana Grande,,,,hate that i made you love me Ariana Grande
2026-08-08,sg,Singapore,top_videos_weekly,,16,"Here We Are NDPeeps , 陳潔儀 , The Island Voices & 查利·利姆",,,,"Here We Are NDPeeps , 陳潔儀 , The Island Voices & 查利·利姆"
2026-08-08,sg,Singapore,top_videos_weekly,,17,Tìm Em Hngle & Bảo Anh,,,,Tìm Em Hngle & Bảo Anh
2026-08-08,sg,Singapore,top_videos_weekly,,18,The Wedding Song Suriya,,,,The Wedding Song Suriya
2026-08-08,sg,Singapore,top_videos_weekly,,19,The Fate of Ophelia Taylor Swift,,,,The Fate of Ophelia Taylor Swift
2026-08-08,sg,Singapore,top_videos_weekly,,20,Good Goodbye HWASA,,,,Good Goodbye HWASA
2026-08-08,sg,Singapore,top_videos_weekly,,21,Good Goodbye HWASA,,,,Good Goodbye HWASA
2026-08-08,sg,Singapore,top_videos_weekly,,22,"ICONIC BY MISTAKE LE SSERAFIM , ILLIT & KATSEYE",,,,"ICONIC BY MISTAKE LE SSERAFIM , ILLIT & KATSEYE"
2026-08-08,sg,Singapore,top_videos_weekly,,23,Aura 10/10 Hiphop Tamizha,,,,Aura 10/10 Hiphop Tamizha
2026-08-08,sg,Singapore,top_videos_weekly,,24,29 NORMAL 防彈少年團,,"7月 18, 2026",22038,"24 29 NORMAL 防彈少年團 7月 18, 2026 53 2 22,038"
2026-08-08,sg,Singapore,top_videos_weekly,,25,Sunflower Post Malone & Swae Lee,,,,Sunflower Post Malone & Swae Lee
2026-08-08,sg,Singapore,top_videos_weekly,,26,如果可以 韋禮安,,"11月 6, 2021",20584,"26 New 如果可以 韋禮安 11月 6, 2021 - 1 20,584"
2026-08-08,sg,Singapore,top_videos_weekly,,27,Raavana Mavandaa Vivek & Anirudh Ravichander,,,,Raavana Mavandaa Vivek & Anirudh Ravichander
2026-08-08,sg,Singapore,top_videos_weekly,,28,5 It's Me ILLIT,,"4月 30, 2026",18656,"28 5 It's Me ILLIT 4月 30, 2026 23 14 18,656"
2026-08-08,sg,Singapore,top_videos_weekly,,29,Alaakaa Loova Sai Abhyankkar,,,,Alaakaa Loova Sai Abhyankkar
2026-08-08,sg,Singapore,top_videos_weekly,,30,MMG (My Mine Gueh) Naykilla,,,,MMG (My Mine Gueh) Naykilla
2026-08-08,sg,Singapore,top_videos_weekly,,31,춤 (CHOOM) BABYMONSTER,,,,춤 (CHOOM) BABYMONSTER
2026-08-08,sg,Singapore,top_videos_weekly,,32,Karuppa Kooda Va Sai Abhyankkar & V·M·馬哈林加姆,,,,Karuppa Kooda Va Sai Abhyankkar & V·M·馬哈林加姆
2026-08-08,sg,Singapore,top_videos_weekly,,33,6 LEMONADE aespa,,"5月 28, 2026",16292,"33 6 LEMONADE aespa 5月 28, 2026 27 9 16,292"
2026-08-08,sg,Singapore,top_videos_weekly,,34,You Are The Reason Calum Scott,,,,You Are The Reason Calum Scott
2026-08-08,sg,Singapore,top_videos_weekly,,35,"Soda Pop Saja Boys , Andrew Choi , Neckwav , Danny Chung , KEVIN WOO , samUIL Lee & KPop Demon Hunters Cast",,,,"Soda Pop Saja Boys , Andrew Choi , Neckwav , Danny Chung , KEVIN WOO , samUIL Lee & KPop Demon Hunters Cast"
2026-08-08,sg,Singapore,top_videos_weekly,,36,Shape Of My Heart Backstreet Boys,,,,Shape Of My Heart Backstreet Boys
2026-08-08,sg,Singapore,top_videos_weekly,,37,Somewhere Only We Know Keane,,,,Somewhere Only We Know Keane
2026-08-08,sg,Singapore,top_videos_weekly,,38,"Thalapathy Kacheri Anirudh Ravichander , Vijay & Arivu",,,,"Thalapathy Kacheri Anirudh Ravichander , Vijay & Arivu"
2026-08-08,sg,Singapore,top_videos_weekly,,39,"Gut Genug KITSCHKRIEG , Blumengarten & 希琳·大衛",,,,"Gut Genug KITSCHKRIEG , Blumengarten & 希琳·大衛"
2026-08-08,sg,Singapore,top_videos_weekly,,40,I Like Me Better Lauv,,,,I Like Me Better Lauv
2026-08-08,sg,Singapore,top_videos_weekly,,41,最后一页 (Live) 王赫野 & 姚晓棠,,,,最后一页 (Live) 王赫野 & 姚晓棠
2026-08-08,sg,Singapore,top_videos_weekly,,42,I LIKE IT BABYMONSTER,,,,I LIKE IT BABYMONSTER
2026-08-08,sg,Singapore,top_videos_weekly,,43,3 善後 马师傅,,"8月 2, 2025",13820,"43 3 善後 马师傅 8月 2, 2025 46 11 13,820"
2026-08-08,sg,Singapore,top_videos_weekly,,44,Mutta Kalakki Ken Karunaas,,,,Mutta Kalakki Ken Karunaas
2026-08-08,sg,Singapore,top_videos_weekly,,45,"Oorum Blood Sai Abhyankkar , Paal Dabba , Deepthi Suresh & Bebhumika",,,,"Oorum Blood Sai Abhyankkar , Paal Dabba , Deepthi Suresh & Bebhumika"
2026-08-08,sg,Singapore,top_videos_weekly,,46,"ICONIC BY MISTAKE ILLIT , LE SSERAFIM & KATSEYE",,,,"ICONIC BY MISTAKE ILLIT , LE SSERAFIM & KATSEYE"
2026-08-08,sg,Singapore,top_videos_weekly,,47,"God Mode Sai Abhyankkar , Gana Muthu & Vishnu Edavan",,,,"God Mode Sai Abhyankkar , Gana Muthu & Vishnu Edavan"
2026-08-08,sg,Singapore,top_videos_weekly,,48,SUGAR HONEY ICE TEA BABYMONSTER,,,,SUGAR HONEY ICE TEA BABYMONSTER
2026-08-08,sg,Singapore,top_videos_weekly,,49,Life Goes On Oliver Tree,,,,Life Goes On Oliver Tree
2026-08-08,sg,Singapore,top_videos_weekly,,50,Pattampoochi Sublahshini & G.V. Prakash Kumar,,,,Pattampoochi Sublahshini & G.V. Prakash Kumar
2026-08-08,sg,Singapore,top_videos_weekly,,51,hate that i made you love me Ariana Grande,,,,hate that i made you love me Ariana Grande
2026-08-08,sg,Singapore,top_videos_weekly,,52,9 Teh Hijau 圖魯斯,,"6月 29, 2026",12592,"52 9 Teh Hijau 圖魯斯 6月 29, 2026 61 3 12,592"
2026-08-08,sg,Singapore,top_videos_weekly,,53,xương rồng (intro) Dangrangto & Donal,,,,xương rồng (intro) Dangrangto & Donal
2026-08-08,sg,Singapore,top_videos_weekly,,54,從前說 小阿七,,"2月 6, 2023",12512,"54 New 從前說 小阿七 2月 6, 2023 - 1 12,512"
2026-08-08,sg,Singapore,top_videos_weekly,,55,Billie Jean Michael Jackson,,,,Billie Jean Michael Jackson
2026-08-08,sg,Singapore,top_videos_weekly,,56,Something Just Like This 老菸槍雙人組 & 酷玩樂團,,,,Something Just Like This 老菸槍雙人組 & 酷玩樂團
2026-08-08,sg,Singapore,top_videos_weekly,,57,Oru Pere Varalaaru 維沙爾·米什拉 & Sri Krishna,,,,Oru Pere Varalaaru 維沙爾·米什拉 & Sri Krishna
2026-08-08,sg,Singapore,top_videos_weekly,,58,Hips Don't Lie Shakira,,,,Hips Don't Lie Shakira
2026-08-08,sg,Singapore,top_videos_weekly,,59,27 還是錯過他 王晴,,"7月 9, 2023",11329,"59 27 還是錯過他 王晴 7月 9, 2023 86 2 11,329"
2026-08-08,sg,Singapore,top_videos_weekly,,60,12 2.0 防彈少年團,,"4月 1, 2026",11299,"60 12 2.0 防彈少年團 4月 1, 2026 48 15 11,299"
2026-08-08,sg,Singapore,top_videos_weekly,,61,我不該動情 老板,,"7月 1, 2026",11292,"61 New 我不該動情 老板 7月 1, 2026 - 1 11,292"
2026-08-08,sg,Singapore,top_videos_weekly,,62,Beauty And A Beat Justin Bieber,,,,Beauty And A Beat Justin Bieber
2026-08-08,sg,Singapore,top_videos_weekly,,63,Beat It Michael Jackson,,,,Beat It Michael Jackson
2026-08-08,sg,Singapore,top_videos_weekly,,64,Just Give Me A Reason P!nk,,,,Just Give Me A Reason P!nk
2026-08-08,sg,Singapore,top_videos_weekly,,65,"Mi Chico Jason Derulo , Melody & Dj Goja",,,,"Mi Chico Jason Derulo , Melody & Dj Goja"
2026-08-08,sg,Singapore,top_videos_weekly,,66,Say You Won't Let Go James Arthur,,,,Say You Won't Let Go James Arthur
2026-08-08,sg,Singapore,top_videos_weekly,,67,Every Breath You Take The Police,,,,Every Breath You Take The Police
2026-08-08,sg,Singapore,top_videos_weekly,,68,Drop Dead Olivia Rodrigo,,,,Drop Dead Olivia Rodrigo
2026-08-08,sg,Singapore,top_videos_weekly,,69,Dynamite 防彈少年團,,"8月 20, 2020",10365,"69 New Dynamite 防彈少年團 8月 20, 2020 - 1 10,365"
2026-08-08,sg,Singapore,top_videos_weekly,,70,Bad Apple!! but it's hololive Nerissa Ravencroft,,,,Bad Apple!! but it's hololive Nerissa Ravencroft
2026-08-08,sg,Singapore,top_videos_weekly,,71,說好的幸福呢 周杰倫,,"3月 18, 2013",10140,"71 New 說好的幸福呢 周杰倫 3月 18, 2013 - 1 10,140"
2026-08-08,sg,Singapore,top_videos_weekly,,72,Ye Xin Jia (Live) Rainie Yang & 黄霄雲,,,,Ye Xin Jia (Live) Rainie Yang & 黄霄雲
2026-08-08,sg,Singapore,top_videos_weekly,,73,45 All For You 周興哲,28 2 <10K,"7月 16, 2026",,"73 45 All For You 周興哲 7月 16, 2026 28 2 <10K"
2026-08-08,sg,Singapore,top_videos_weekly,,74,我不难过 (Live) Nana Ou,Yang & 劉雨昕 XIN LIU,,,我不难过 (Live) Nana Ou-Yang & 劉雨昕 XIN LIU
2026-08-08,sg,Singapore,top_videos_weekly,,75,ChecK 孝琳,<10K,"7月 22, 2026",,"75 New ChecK 孝琳 7月 22, 2026 - 1 <10K"
2026-08-08,sg,Singapore,top_videos_weekly,,76,6 REDRED CORTIS,70 15 <10K,"4月 20, 2026",,"76 6 REDRED CORTIS 4月 20, 2026 70 15 <10K"
2026-08-08,sg,Singapore,top_videos_weekly,,77,Sesi Potret eńau,,,,Sesi Potret eńau
2026-08-08,sg,Singapore,top_videos_weekly,,78,"Sambavakaari Saindhavi , 肖恩·羅爾丹 & Mohan Rajan",,,,"Sambavakaari Saindhavi , 肖恩·羅爾丹 & Mohan Rajan"
2026-08-08,sg,Singapore,top_videos_weekly,,79,Y Que Fue? 唐·明嘉羅,,,,Y Que Fue? 唐·明嘉羅
2026-08-08,sg,Singapore,top_videos_weekly,,80,BOOMPALA LE SSERAFIM,,,,BOOMPALA LE SSERAFIM
2026-08-08,sg,Singapore,top_videos_weekly,,81,stupid song Olivia Rodrigo,,,,stupid song Olivia Rodrigo
2026-08-08,sg,Singapore,top_videos_weekly,,82,過火 張信哲,<10K,"2月 7, 2018",,"82 New 過火 張信哲 2月 7, 2018 - 1 <10K"
2026-08-08,sg,Singapore,top_videos_weekly,,83,Karuppa Kooda Va Sai Abhyankkar & V·M·馬哈林加姆,,,,Karuppa Kooda Va Sai Abhyankkar & V·M·馬哈林加姆
2026-08-08,sg,Singapore,top_videos_weekly,,84,10 Low Flo Rida,94 3 <10K,"10月 26, 2009",,"84 10 Low Flo Rida 10月 26, 2009 94 3 <10K"
2026-08-08,sg,Singapore,top_videos_weekly,,85,Bring Me To Life Evanescence,,,,Bring Me To Life Evanescence
2026-08-08,sg,Singapore,top_videos_weekly,,86,Me and My Broken Heart Rixton,,,,Me and My Broken Heart Rixton
2026-08-08,sg,Singapore,top_videos_weekly,,87,"Thangame Thangame Thaman S , D Dheeraj & Vivek",,,,"Thangame Thangame Thaman S , D Dheeraj & Vivek"
2026-08-08,sg,Singapore,top_videos_weekly,,88,Zombie The Cranberries,,,,Zombie The Cranberries
2026-08-08,sg,Singapore,top_videos_weekly,,89,5 SWIM BTS,84 15 <10K,"3月 19, 2026",,"89 5 SWIM BTS 3月 19, 2026 84 15 <10K"
2026-08-08,sg,Singapore,top_videos_weekly,,90,If I Let You Go Westlife,,,,If I Let You Go Westlife
2026-08-08,sg,Singapore,top_videos_weekly,,91,Ain't In LA ADÉLA,,,,Ain't In LA ADÉLA
2026-08-08,sg,Singapore,top_videos_weekly,,92,她已不再是那個女孩 DIOR 大穎,,,,她已不再是那個女孩 DIOR 大穎
2026-08-08,sg,Singapore,top_videos_weekly,,93,အစားထို Bunny Phyoe,,,,အစားထို Bunny Phyoe
2026-08-08,sg,Singapore,top_videos_weekly,,94,นาฬิกาทราย (sign) BOWKYLION,,,,นาฬิกาทราย (sign) BOWKYLION
2026-08-08,sg,Singapore,top_videos_weekly,,95,MOKADA WENNE (SOSA Diss) Kevin Smokio & Adeesha Beats,,,,MOKADA WENNE (SOSA Diss) Kevin Smokio & Adeesha Beats
2026-08-08,sg,Singapore,top_videos_weekly,,96,海嶼你 马也Crabbit,<10K,"5月 15, 2026",,"96 New 海嶼你 马也Crabbit 5月 15, 2026 - 1 <10K"
2026-08-08,sg,Singapore,top_videos_weekly,,97,Evolution Of NDP Songs MICappella,,,,Evolution Of NDP Songs MICappella
2026-08-08,sg,Singapore,top_videos_weekly,,98,7 妥協 en王翊恩,91 2 <10K,"4月 26, 2024",,"98 7 妥協 en王翊恩 4月 26, 2024 91 2 <10K"
2026-08-08,sg,Singapore,top_videos_weekly,,99,Right Here Waiting Richard Marx,,,,Right Here Waiting Richard Marx
2026-08-08,sg,Singapore,top_videos_weekly,,100,"Hips Don’t Lie (Anniversary Version) Shakira , Ed Sheeran & Beéle",,,,"Hips Don’t Lie (Anniversary Version) Shakira , Ed Sheeran & Beéle"
2026-08-08,my,Malaysia,top_videos_weekly,,1,Adek Saye Abe Sore Adek Saye Abe Sore,,,,Adek Saye Abe Sore Adek Saye Abe Sore
2026-08-08,my,Malaysia,top_videos_weekly,,2,Dai Dai Shakira & Burna Boy,,,,Dai Dai Shakira & Burna Boy
2026-08-08,my,Malaysia,top_videos_weekly,,3,4 Teh Hijau 圖魯斯,,"6月 29, 2026",608630,"3 4 Teh Hijau 圖魯斯 6月 29, 2026 7 3 608,630"
2026-08-08,my,Malaysia,top_videos_weekly,,4,Jiwa Yang Mengalah Bellestrelle,,,,Jiwa Yang Mengalah Bellestrelle
2026-08-08,my,Malaysia,top_videos_weekly,,5,Dari Bawah EzHaRHaNzE,,,,Dari Bawah EzHaRHaNzE
2026-08-08,my,Malaysia,top_videos_weekly,,6,Sayang Orang Sama Sayang Orang Sama,,,,Sayang Orang Sama Sayang Orang Sama
2026-08-08,my,Malaysia,top_videos_weekly,,7,MMG (My Mine Gueh) Naykilla,,,,MMG (My Mine Gueh) Naykilla
2026-08-08,my,Malaysia,top_videos_weekly,,8,"Dalam Diam Mojack Hafiz , Zynakal , Zamir Harith & Bel",,,,"Dalam Diam Mojack Hafiz , Zynakal , Zamir Harith & Bel"
2026-08-08,my,Malaysia,top_videos_weekly,,9,Less than a Lover JENNIE,,,,Less than a Lover JENNIE
2026-08-08,my,Malaysia,top_videos_weekly,,10,"Tabola Bale SILET OPEN UP , Jacson Zeran , Juan Reza & Diva Aurel",,,,"Tabola Bale SILET OPEN UP , Jacson Zeran , Juan Reza & Diva Aurel"
2026-08-08,my,Malaysia,top_videos_weekly,,11,"Golden HUNTR/X , EJAE , AUDREY NUNA , REI AMI & KPop Demon Hunters Cast",,,,"Golden HUNTR/X , EJAE , AUDREY NUNA , REI AMI & KPop Demon Hunters Cast"
2026-08-08,my,Malaysia,top_videos_weekly,,12,Menjaga Jodoh Orang Lain (Official Lyric Video) Ara Johari,,,,Menjaga Jodoh Orang Lain (Official Lyric Video) Ara Johari
2026-08-08,my,Malaysia,top_videos_weekly,,13,Kita Lewati Berdua overnight,,,,Kita Lewati Berdua overnight
2026-08-08,my,Malaysia,top_videos_weekly,,14,Mahligai Syahdu Hattan,,,,Mahligai Syahdu Hattan
2026-08-08,my,Malaysia,top_videos_weekly,,15,Percaya Padaku Ungu,,,,Percaya Padaku Ungu
2026-08-08,my,Malaysia,top_videos_weekly,,16,"ORANG BARU LEBE GACOR Ecko Show , Juan Reza & CHESYLINO",,,,"ORANG BARU LEBE GACOR Ecko Show , Juan Reza & CHESYLINO"
2026-08-08,my,Malaysia,top_videos_weekly,,17,Ku Yang Berjuang Danial Kifli,,,,Ku Yang Berjuang Danial Kifli
2026-08-08,my,Malaysia,top_videos_weekly,,18,Bawaku Pergi 齊薩恩·拉薩克 & Kaka Azraff,,,,Bawaku Pergi 齊薩恩·拉薩克 & Kaka Azraff
2026-08-08,my,Malaysia,top_videos_weekly,,19,Harapalsu Arghpiez,,,,Harapalsu Arghpiez
2026-08-08,my,Malaysia,top_videos_weekly,,20,Bintang Budak Kacamata,,,,Bintang Budak Kacamata
2026-08-08,my,Malaysia,top_videos_weekly,,21,Aku Yang Tersakiti Judika,,,,Aku Yang Tersakiti Judika
2026-08-08,my,Malaysia,top_videos_weekly,,22,Romantis (Official Music Video) Spring,,,,Romantis (Official Music Video) Spring
2026-08-08,my,Malaysia,top_videos_weekly,,23,Demi Sekeping Kertas Latipah,,,,Demi Sekeping Kertas Latipah
2026-08-08,my,Malaysia,top_videos_weekly,,24,Meligai Pengerindu Igu Anthony,,,,Meligai Pengerindu Igu Anthony
2026-08-08,my,Malaysia,top_videos_weekly,,25,Sanggup Aku Gwen,,,,Sanggup Aku Gwen
2026-08-08,my,Malaysia,top_videos_weekly,,26,Astaga Bercanda Akbar Chalay & Mingse,,,,Astaga Bercanda Akbar Chalay & Mingse
2026-08-08,my,Malaysia,top_videos_weekly,,27,Jodoh Lebaran Aisha Retno,,,,Jodoh Lebaran Aisha Retno
2026-08-08,my,Malaysia,top_videos_weekly,,28,8 Romancinta Mojo,,"10月 13, 2013",179705,"28 8 Romancinta Mojo 10月 13, 2013 36 15 179,705"
2026-08-08,my,Malaysia,top_videos_weekly,,29,Sakit Iamneeta,,"8月 14, 2016",178071,"29 New Sakit Iamneeta 8月 14, 2016 - 1 178,071"
2026-08-08,my,Malaysia,top_videos_weekly,,30,Punca Sofazr SecondPlan,,,,Punca Sofazr SecondPlan
2026-08-08,my,Malaysia,top_videos_weekly,,31,Don't Force Your Longing Ifan Seventeen,,,,Don't Force Your Longing Ifan Seventeen
2026-08-08,my,Malaysia,top_videos_weekly,,32,hate that i made you love me Ariana Grande,,,,hate that i made you love me Ariana Grande
2026-08-08,my,Malaysia,top_videos_weekly,,33,Jangan Pernah Berubah ST 12,,,,Jangan Pernah Berubah ST 12
2026-08-08,my,Malaysia,top_videos_weekly,,34,P Ramlee Saloma Alpha,,,,P Ramlee Saloma Alpha
2026-08-08,my,Malaysia,top_videos_weekly,,35,4 BAD ATEEZ,,"6月 25, 2026",166085,"35 4 BAD ATEEZ 6月 25, 2026 31 5 166,085"
2026-08-08,my,Malaysia,top_videos_weekly,,36,Aura 10/10 Hiphop Tamizha,,,,Aura 10/10 Hiphop Tamizha
2026-08-08,my,Malaysia,top_videos_weekly,,37,Dunia Yang Nanti Raim Laode,,,,Dunia Yang Nanti Raim Laode
2026-08-08,my,Malaysia,top_videos_weekly,,38,Pavazha Malli Sai Abhyankkar & Shruti Haasan,,,,Pavazha Malli Sai Abhyankkar & Shruti Haasan
2026-08-08,my,Malaysia,top_videos_weekly,,39,Champions iShowSpeed,,,,Champions iShowSpeed
2026-08-08,my,Malaysia,top_videos_weekly,,40,Life Goes On Oliver Tree,,,,Life Goes On Oliver Tree
2026-08-08,my,Malaysia,top_videos_weekly,,41,The Fate of Ophelia Taylor Swift,,,,The Fate of Ophelia Taylor Swift
2026-08-08,my,Malaysia,top_videos_weekly,,42,Mekar Di Jiwa X,Ray,,,Mekar Di Jiwa X-Ray
2026-08-08,my,Malaysia,top_videos_weekly,,43,Cinta Mati Apau Qhaliff,,,,Cinta Mati Apau Qhaliff
2026-08-08,my,Malaysia,top_videos_weekly,,44,Risk It All Bruno Mars,,,,Risk It All Bruno Mars
2026-08-08,my,Malaysia,top_videos_weekly,,45,Sedetik Lebih KRU Music,,,,Sedetik Lebih KRU Music
2026-08-08,my,Malaysia,top_videos_weekly,,46,Cak Cak Cekuk Wani Kayrie,,,,Cak Cak Cekuk Wani Kayrie
2026-08-08,my,Malaysia,top_videos_weekly,,47,Iqro' Raim Laode,,,,Iqro' Raim Laode
2026-08-08,my,Malaysia,top_videos_weekly,,48,Gadis Manis Kalimantan Syahriyadi,,,,Gadis Manis Kalimantan Syahriyadi
2026-08-08,my,Malaysia,top_videos_weekly,,49,Aishiteru Zivilia,,,,Aishiteru Zivilia
2026-08-08,my,Malaysia,top_videos_weekly,,50,kota ini tak sama tanpamu Nadhif Basalamah,,,,kota ini tak sama tanpamu Nadhif Basalamah
2026-08-08,my,Malaysia,top_videos_weekly,,51,Shape Of My Heart Backstreet Boys,,,,Shape Of My Heart Backstreet Boys
2026-08-08,my,Malaysia,top_videos_weekly,,52,Me and My Broken Heart Rixton,,,,Me and My Broken Heart Rixton
2026-08-08,my,Malaysia,top_videos_weekly,,53,Sunflower Post Malone & Swae Lee,,,,Sunflower Post Malone & Swae Lee
2026-08-08,my,Malaysia,top_videos_weekly,,54,Aca Aca Nehi Nehi Dadido,,,,Aca Aca Nehi Nehi Dadido
2026-08-08,my,Malaysia,top_videos_weekly,,55,"Kasih Aba Aba Naykilla , Tenxi & Jemsii",,,,"Kasih Aba Aba Naykilla , Tenxi & Jemsii"
2026-08-08,my,Malaysia,top_videos_weekly,,56,Ngga Dulu Akbar Chalay,,,,Ngga Dulu Akbar Chalay
2026-08-08,my,Malaysia,top_videos_weekly,,57,Butakah Cinta Spring,,,,Butakah Cinta Spring
2026-08-08,my,Malaysia,top_videos_weekly,,58,Persada Cintaku Spring,,,,Persada Cintaku Spring
2026-08-08,my,Malaysia,top_videos_weekly,,59,Menunggumu Peterpan,,,,Menunggumu Peterpan
2026-08-08,my,Malaysia,top_videos_weekly,,60,Cinta Luar Biasa Andmesh,,,,Cinta Luar Biasa Andmesh
2026-08-08,my,Malaysia,top_videos_weekly,,61,Terasing Naim Daniel & Iman Troye,,,,Terasing Naim Daniel & Iman Troye
2026-08-08,my,Malaysia,top_videos_weekly,,62,Luahan Hati Lan & Kristal,,,,Luahan Hati Lan & Kristal
2026-08-08,my,Malaysia,top_videos_weekly,,63,rollerblade no na,,,,rollerblade no na
2026-08-08,my,Malaysia,top_videos_weekly,,64,"ICONIC BY MISTAKE LE SSERAFIM , ILLIT & KATSEYE",,,,"ICONIC BY MISTAKE LE SSERAFIM , ILLIT & KATSEYE"
2026-08-08,my,Malaysia,top_videos_weekly,,65,Alamak Rizky Febian & Adrian Khalif,,,,Alamak Rizky Febian & Adrian Khalif
2026-08-08,my,Malaysia,top_videos_weekly,,66,Good Goodbye HWASA,,,,Good Goodbye HWASA
2026-08-08,my,Malaysia,top_videos_weekly,,67,Bourgenvilla (Official Music Video) Spring,,,,Bourgenvilla (Official Music Video) Spring
2026-08-08,my,Malaysia,top_videos_weekly,,68,I Like Me Better Lauv,,,,I Like Me Better Lauv
2026-08-08,my,Malaysia,top_videos_weekly,,69,嘉宾 张远,,"6月 12, 2026",106038,"69 New 嘉宾 张远 6月 12, 2026 - 1 106,038"
2026-08-08,my,Malaysia,top_videos_weekly,,70,Raavana Mavandaa Vivek & Anirudh Ravichander,,,,Raavana Mavandaa Vivek & Anirudh Ravichander
2026-08-08,my,Malaysia,top_videos_weekly,,71,KISS N TELL aespa,,,,KISS N TELL aespa
2026-08-08,my,Malaysia,top_videos_weekly,,72,춤 (CHOOM) BABYMONSTER,,,,춤 (CHOOM) BABYMONSTER
2026-08-08,my,Malaysia,top_videos_weekly,,73,Nanti Kita Seperti Ini Batas Senja,,,,Nanti Kita Seperti Ini Batas Senja
2026-08-08,my,Malaysia,top_videos_weekly,,74,過了幾天 DIOR 大穎 & 郭家瑋,,,,過了幾天 DIOR 大穎 & 郭家瑋
2026-08-08,my,Malaysia,top_videos_weekly,,75,Secret Love Song Little Mix,,,,Secret Love Song Little Mix
2026-08-08,my,Malaysia,top_videos_weekly,,76,hate that i made you love me Ariana Grande,,,,hate that i made you love me Ariana Grande
2026-08-08,my,Malaysia,top_videos_weekly,,77,Karuppa Kooda Va Sai Abhyankkar & V·M·馬哈林加姆,,,,Karuppa Kooda Va Sai Abhyankkar & V·M·馬哈林加姆
2026-08-08,my,Malaysia,top_videos_weekly,,78,Haru Biru Alpha & Daiyan Trisha,,,,Haru Biru Alpha & Daiyan Trisha
2026-08-08,my,Malaysia,top_videos_weekly,,79,Pecinta Wanita Irwansyah,,,,Pecinta Wanita Irwansyah
2026-08-08,my,Malaysia,top_videos_weekly,,80,Masih Mencintainya Papinka,,,,Masih Mencintainya Papinka
2026-08-08,my,Malaysia,top_videos_weekly,,81,Lantas Juicy Luicy,,,,Lantas Juicy Luicy
2026-08-08,my,Malaysia,top_videos_weekly,,82,18 玻璃 Gareth.T,,"5月 20, 2026",97769,"82 18 玻璃 Gareth.T 5月 20, 2026 64 10 97,769"
2026-08-08,my,Malaysia,top_videos_weekly,,83,Aku Diam Aku Tahu Andak_13Ai,,,,Aku Diam Aku Tahu Andak_13Ai
2026-08-08,my,Malaysia,top_videos_weekly,,84,18 It's Me ILLIT,,"4月 30, 2026",96257,"84 18 It's Me ILLIT 4月 30, 2026 66 13 96,257"
2026-08-08,my,Malaysia,top_videos_weekly,,85,Eenie Meenie Sean Kingston & Justin Bieber,,,,Eenie Meenie Sean Kingston & Justin Bieber
2026-08-08,my,Malaysia,top_videos_weekly,,86,Just Give Me A Reason P!nk,,,,Just Give Me A Reason P!nk
2026-08-08,my,Malaysia,top_videos_weekly,,87,Kaban Sampai Mati Watt Rock,,,,Kaban Sampai Mati Watt Rock
2026-08-08,my,Malaysia,top_videos_weekly,,88,Melepaskanmu Sakura Band,,,,Melepaskanmu Sakura Band
2026-08-08,my,Malaysia,top_videos_weekly,,89,"ILLIT (아일릿) 'I Got Your Back (Feat. JISOO, MOMOKA of HANA)' Official MV ILLIT",,,,"ILLIT (아일릿) 'I Got Your Back (Feat. JISOO, MOMOKA of HANA)' Official MV ILLIT"
2026-08-08,my,Malaysia,top_videos_weekly,,90,Say You Won't Let Go James Arthur,,,,Say You Won't Let Go James Arthur
2026-08-08,my,Malaysia,top_videos_weekly,,91,"God Mode Sai Abhyankkar , Gana Muthu & Vishnu Edavan",,,,"God Mode Sai Abhyankkar , Gana Muthu & Vishnu Edavan"
2026-08-08,my,Malaysia,top_videos_weekly,,92,"Gut Genug KITSCHKRIEG , Blumengarten & 希琳·大衛",,,,"Gut Genug KITSCHKRIEG , Blumengarten & 希琳·大衛"
2026-08-08,my,Malaysia,top_videos_weekly,,93,Jiwa Yang Mengalah Bellestrelle ft Harry Azrul,,,,Jiwa Yang Mengalah Bellestrelle ft Harry Azrul
2026-08-08,my,Malaysia,top_videos_weekly,,94,rollerblade no na,,,,rollerblade no na
2026-08-08,my,Malaysia,top_videos_weekly,,95,Disaat Aku Mencintaimu Dadali,,,,Disaat Aku Mencintaimu Dadali
2026-08-08,my,Malaysia,top_videos_weekly,,96,4 Creep 電台司令,,"7月 18, 2008",85824,"96 4 Creep 電台司令 7月 18, 2008 92 5 85,824"
2026-08-08,my,Malaysia,top_videos_weekly,,97,Bunga Maaf The Lantis,,,,Bunga Maaf The Lantis
2026-08-08,my,Malaysia,top_videos_weekly,,98,Penat Tapi Kena Kuat Duka Malam,,,,Penat Tapi Kena Kuat Duka Malam
2026-08-08,my,Malaysia,top_videos_weekly,,99,Bring Me To Life Evanescence,,,,Bring Me To Life Evanescence
2026-08-08,my,Malaysia,top_videos_weekly,,100,Sayang Orang Sama Sayang Orang Sama,,,,Sayang Orang Sama Sayang Orang Sama