captured_date,market,market_name,chart,period_suffix,rank,primary_name,secondary_name,release_date,metric_value,raw_text
2026-08-07,global,Global,top_artists_weekly,,1,● 阿爾卡·雅格尼克,,"1月 1, 1970",439066904,"1 ● 阿爾卡·雅格尼克 1月 1, 1970 1 515 439,066,904"
2026-08-07,global,Global,top_artists_weekly,,2,● Udit Narayan,,"1月 1, 1970",322197950,"2 ● Udit Narayan 1月 1, 1970 2 536 322,197,950"
2026-08-07,global,Global,top_artists_weekly,,3,● Arijit Singh,,"1月 1, 1970",306186443,"3 ● Arijit Singh 1月 1, 1970 3 545 306,186,443"
2026-08-07,global,Global,top_artists_weekly,,4,● Shakira,,"1月 1, 1970",256209601,"4 ● Shakira 1月 1, 1970 4 545 256,209,601"
2026-08-07,global,Global,top_artists_weekly,,5,1 庫馬・山奴,,"1月 1, 1970",247405465,"5 1 庫馬・山奴 1月 1, 1970 6 511 247,405,465"
2026-08-07,global,Global,top_artists_weekly,,6,1 舒蕾亞·戈沙爾,,"1月 1, 1970",233591495,"6 1 舒蕾亞·戈沙爾 1月 1, 1970 5 517 233,591,495"
2026-08-07,global,Global,top_artists_weekly,,7,● Bad Bunny,,"1月 1, 1970",190414697,"7 ● Bad Bunny 1月 1, 1970 7 510 190,414,697"
2026-08-07,global,Global,top_artists_weekly,,8,● Shilpi Raj,,"1月 1, 1970",161244942,"8 ● Shilpi Raj 1月 1, 1970 8 291 161,244,942"
2026-08-07,global,Global,top_artists_weekly,,9,● Fuerza Regida,,"1月 1, 1970",152885284,"9 ● Fuerza Regida 1月 1, 1970 9 229 152,885,284"
2026-08-07,global,Global,top_artists_weekly,,10,1 蘇努・尼甘,,"1月 1, 1970",147205421,"10 1 蘇努・尼甘 1月 1, 1970 11 501 147,205,421"
2026-08-07,global,Global,top_artists_weekly,,11,1 Michael Jackson,,"1月 1, 1970",141322077,"11 1 Michael Jackson 1月 1, 1970 10 545 141,322,077"
2026-08-07,global,Global,top_artists_weekly,,12,● 伯納男孩,,"1月 1, 1970",138836933,"12 ● 伯納男孩 1月 1, 1970 12 60 138,836,933"
2026-08-07,global,Global,top_artists_weekly,,13,● 拉塔・曼蓋施卡,,"1月 1, 1970",132982791,"13 ● 拉塔・曼蓋施卡 1月 1, 1970 13 528 132,982,791"
2026-08-07,global,Global,top_artists_weekly,,14,1 Anuel AA,,"1月 1, 1970",130383813,"14 1 Anuel AA 1月 1, 1970 15 428 130,383,813"
2026-08-07,global,Global,top_artists_weekly,,15,14 KATSEYE,,"1月 1, 1970",128739971,"15 14 KATSEYE 1月 1, 1970 29 61 128,739,971"
2026-08-07,global,Global,top_artists_weekly,,16,2 Pritam,,"1月 1, 1970",126060010,"16 2 Pritam 1月 1, 1970 14 275 126,060,010"
2026-08-07,global,Global,top_artists_weekly,,17,1 防彈少年團,,"1月 1, 1970",119399331,"17 1 防彈少年團 1月 1, 1970 16 545 119,399,331"
2026-08-07,global,Global,top_artists_weekly,,18,1 Justin Bieber,,"1月 1, 1970",110636478,"18 1 Justin Bieber 1月 1, 1970 17 545 110,636,478"
2026-08-07,global,Global,top_artists_weekly,,19,1 Pawan Singh,,"1月 1, 1970",107127630,"19 1 Pawan Singh 1月 1, 1970 18 448 107,127,630"
2026-08-07,global,Global,top_artists_weekly,,20,1 The Weeknd,,"1月 1, 1970",105237152,"20 1 The Weeknd 1月 1, 1970 19 531 105,237,152"
2026-08-07,global,Global,top_artists_weekly,,21,1 克瑟利·拉爾·亞達夫,,"1月 1, 1970",103366232,"21 1 克瑟利·拉爾·亞達夫 1月 1, 1970 20 430 103,366,232"
2026-08-07,global,Global,top_artists_weekly,,22,2 羅密歐山托士,,"1月 1, 1970",101345592,"22 2 羅密歐山托士 1月 1, 1970 24 545 101,345,592"
2026-08-07,global,Global,top_artists_weekly,,23,7 KAROL G,,"1月 1, 1970",101229628,"23 7 KAROL G 1月 1, 1970 30 463 101,229,628"
2026-08-07,global,Global,top_artists_weekly,,24,3 Peso Pluma,,"1月 1, 1970",97887594,"24 3 Peso Pluma 1月 1, 1970 21 192 97,887,594"
2026-08-07,global,Global,top_artists_weekly,,25,2 Taylor Swift,,"1月 1, 1970",97646359,"25 2 Taylor Swift 1月 1, 1970 23 545 97,646,359"
2026-08-07,global,Global,top_artists_weekly,,26,● Ariana Grande,,"1月 1, 1970",95177129,"26 ● Ariana Grande 1月 1, 1970 26 545 95,177,129"
2026-08-07,global,Global,top_artists_weekly,,27,5 沙赫瓦特·薩赫迪夫,,"1月 1, 1970",95158511,"27 5 沙赫瓦特·薩赫迪夫 1月 1, 1970 22 35 95,158,511"
2026-08-07,global,Global,top_artists_weekly,,28,1 Bruno Mars,,"1月 1, 1970",94502853,"28 1 Bruno Mars 1月 1, 1970 27 545 94,502,853"
2026-08-07,global,Global,top_artists_weekly,,29,Anirudh Ravichander,,,,Anirudh Ravichander
2026-08-07,global,Global,top_artists_weekly,,30,5 Masoom Sharma,,"1月 1, 1970",92867567,"30 5 Masoom Sharma 1月 1, 1970 25 196 92,867,567"
2026-08-07,global,Global,top_artists_weekly,,31,Anuradha Paudwal,,,,Anuradha Paudwal
2026-08-07,global,Global,top_artists_weekly,,32,● Ozuna,,"1月 1, 1970",88297226,"32 ● Ozuna 1月 1, 1970 32 516 88,297,226"
2026-08-07,global,Global,top_artists_weekly,,33,2 A. R. Rahman,,"1月 1, 1970",82882500,"33 2 A. R. Rahman 1月 1, 1970 31 293 82,882,500"
2026-08-07,global,Global,top_artists_weekly,,34,SP Balasubrahmanyam,,,,SP Balasubrahmanyam
2026-08-07,global,Global,top_artists_weekly,,35,3 薩米爾・安姜,,"1月 1, 1970",79761640,"35 3 薩米爾・安姜 1月 1, 1970 38 133 79,761,640"
2026-08-07,global,Global,top_artists_weekly,,36,3 Drake,,"1月 1, 1970",79422227,"36 3 Drake 1月 1, 1970 33 522 79,422,227"
2026-08-07,global,Global,top_artists_weekly,,37,6 Grupo Firme,,"1月 1, 1970",78666944,"37 6 Grupo Firme 1月 1, 1970 43 308 78,666,944"
2026-08-07,global,Global,top_artists_weekly,,38,2 Daddy Yankee,,"1月 1, 1970",78497302,"38 2 Daddy Yankee 1月 1, 1970 40 545 78,497,302"
2026-08-07,global,Global,top_artists_weekly,,39,● 桑妮蒂·喬寒,,"1月 1, 1970",76948153,"39 ● 桑妮蒂·喬寒 1月 1, 1970 39 458 76,948,153"
2026-08-07,global,Global,top_artists_weekly,,40,1 J. Balvin,,"1月 1, 1970",76429664,"40 1 J. Balvin 1月 1, 1970 41 545 76,429,664"
2026-08-07,global,Global,top_artists_weekly,,41,1 希梅什·雷希漢米亞,,"1月 1, 1970",75480686,"41 1 希梅什·雷希漢米亞 1月 1, 1970 42 368 75,480,686"
2026-08-07,global,Global,top_artists_weekly,,42,8 ILLIT,,"1月 1, 1970",74255259,"42 8 ILLIT 1月 1, 1970 50 45 74,255,259"
2026-08-07,global,Global,top_artists_weekly,,43,7 Irshad Kamil,,"1月 1, 1970",73978476,"43 7 Irshad Kamil 1月 1, 1970 36 59 73,978,476"
2026-08-07,global,Global,top_artists_weekly,,44,7 Tito Double P,,"1月 1, 1970",73636616,"44 7 Tito Double P 1月 1, 1970 37 111 73,636,616"
2026-08-07,global,Global,top_artists_weekly,,45,2 Rihanna,,"1月 1, 1970",72791707,"45 2 Rihanna 1月 1, 1970 47 545 72,791,707"
2026-08-07,global,Global,top_artists_weekly,,46,2 阿蒂夫·阿斯拉姆,,"1月 1, 1970",72401504,"46 2 阿蒂夫·阿斯拉姆 1月 1, 1970 44 442 72,401,504"
2026-08-07,global,Global,top_artists_weekly,,47,1 Farruko,,"1月 1, 1970",72191772,"47 1 Farruko 1月 1, 1970 48 476 72,191,772"
2026-08-07,global,Global,top_artists_weekly,,48,2 Eminem,,"1月 1, 1970",71827019,"48 2 Eminem 1月 1, 1970 46 545 71,827,019"
2026-08-07,global,Global,top_artists_weekly,,49,2 Rauw Alejandro,,"1月 1, 1970",71146045,"49 2 Rauw Alejandro 1月 1, 1970 51 361 71,146,045"
2026-08-07,global,Global,top_artists_weekly,,50,2 Blok3,,"1月 1, 1970",71129633,"50 2 Blok3 1月 1, 1970 52 60 71,129,633"
2026-08-07,global,Global,top_artists_weekly,,51,4 Mike Towers,,"1月 1, 1970",68282817,"51 4 Mike Towers 1月 1, 1970 55 378 68,282,817"
2026-08-07,global,Global,top_artists_weekly,,52,2 Maluma,,"1月 1, 1970",68209920,"52 2 Maluma 1月 1, 1970 54 545 68,209,920"
2026-08-07,global,Global,top_artists_weekly,,53,4 Junior H,,"1月 1, 1970",67013903,"53 4 Junior H 1月 1, 1970 49 284 67,013,903"
2026-08-07,global,Global,top_artists_weekly,,54,4 Don Omar,,"1月 1, 1970",66271066,"54 4 Don Omar 1月 1, 1970 58 414 66,271,066"
2026-08-07,global,Global,top_artists_weekly,,55,1 Lady Gaga,,"1月 1, 1970",66254454,"55 1 Lady Gaga 1月 1, 1970 56 426 66,254,454"
2026-08-07,global,Global,top_artists_weekly,,56,3 雅斯文·桑德拉斯,,"1月 1, 1970",65294163,"56 3 雅斯文·桑德拉斯 1月 1, 1970 53 80 65,294,163"
2026-08-07,global,Global,top_artists_weekly,,57,3 Jubin Nautiyal,,"1月 1, 1970",65069672,"57 3 Jubin Nautiyal 1月 1, 1970 60 377 65,069,672"
2026-08-07,global,Global,top_artists_weekly,,58,1 聯合公園,,"1月 1, 1970",64650105,"58 1 聯合公園 1月 1, 1970 57 543 64,650,105"
2026-08-07,global,Global,top_artists_weekly,,59,59 Jennie,,"1月 1, 1970",64523625,"59 59 Jennie 1月 1, 1970 - 150 64,523,625"
2026-08-07,global,Global,top_artists_weekly,,60,1 維沙爾·謝卡爾,,"1月 1, 1970",64452804,"60 1 維沙爾·謝卡爾 1月 1, 1970 61 183 64,452,804"
2026-08-07,global,Global,top_artists_weekly,,61,Kavita Krishnamurthy,,,,Kavita Krishnamurthy
2026-08-07,global,Global,top_artists_weekly,,62,3 KK,,"1月 1, 1970",62942779,"62 3 KK 1月 1, 1970 59 264 62,942,779"
2026-08-07,global,Global,top_artists_weekly,,63,18 Oliver Tree,,"1月 1, 1970",61795839,"63 18 Oliver Tree 1月 1, 1970 45 35 61,795,839"
2026-08-07,global,Global,top_artists_weekly,,64,● 妮哈·卡卡爾,,"1月 1, 1970",61545039,"64 ● 妮哈·卡卡爾 1月 1, 1970 64 512 61,545,039"
2026-08-07,global,Global,top_artists_weekly,,65,2 Blessd,,"1月 1, 1970",60589940,"65 2 Blessd 1月 1, 1970 67 248 60,589,940"
2026-08-07,global,Global,top_artists_weekly,,66,1 基肖爾・庫馬爾,,"1月 1, 1970",59171494,"66 1 基肖爾・庫馬爾 1月 1, 1970 65 398 59,171,494"
2026-08-07,global,Global,top_artists_weekly,,67,3 Katy Perry,,"1月 1, 1970",59125658,"67 3 Katy Perry 1月 1, 1970 70 545 59,125,658"
2026-08-07,global,Global,top_artists_weekly,,68,3 Sadhana Sargam,,"1月 1, 1970",58196642,"68 3 Sadhana Sargam 1月 1, 1970 71 328 58,196,642"
2026-08-07,global,Global,top_artists_weekly,,69,17 Asha Bhosle,,"1月 1, 1970",58159184,"69 17 Asha Bhosle 1月 1, 1970 86 346 58,159,184"
2026-08-07,global,Global,top_artists_weekly,,70,4 Yo・Yo・哈尼・辛,,"1月 1, 1970",57864764,"70 4 Yo・Yo・哈尼・辛 1月 1, 1970 74 429 57,864,764"
2026-08-07,global,Global,top_artists_weekly,,71,14 Pitbull,,"1月 1, 1970",57386263,"71 14 Pitbull 1月 1, 1970 85 487 57,386,263"
2026-08-07,global,Global,top_artists_weekly,,72,4 Chris Brown,,"1月 1, 1970",57268517,"72 4 Chris Brown 1月 1, 1970 68 527 57,268,517"
2026-08-07,global,Global,top_artists_weekly,,73,7 Karan Aujla,,"1月 1, 1970",57015139,"73 7 Karan Aujla 1月 1, 1970 66 249 57,015,139"
2026-08-07,global,Global,top_artists_weekly,,74,6 Grupo Frontera,,"1月 1, 1970",56793650,"74 6 Grupo Frontera 1月 1, 1970 80 201 56,793,650"
2026-08-07,global,Global,top_artists_weekly,,75,16 B Praak,,"1月 1, 1970",56779940,"75 16 B Praak 1月 1, 1970 91 354 56,779,940"
2026-08-07,global,Global,top_artists_weekly,,76,4 manifest,,"1月 1, 1970",56287973,"76 4 manifest 1月 1, 1970 72 15 56,287,973"
2026-08-07,global,Global,top_artists_weekly,,77,1 K·S·切特拉,,"1月 1, 1970",56219326,"77 1 K·S·切特拉 1月 1, 1970 78 278 56,219,326"
2026-08-07,global,Global,top_artists_weekly,,78,4 Aventura,,"1月 1, 1970",56217673,"78 4 Aventura 1月 1, 1970 82 414 56,217,673"
2026-08-07,global,Global,top_artists_weekly,,79,3 Gur Sidhu,,"1月 1, 1970",56002028,"79 3 Gur Sidhu 1月 1, 1970 76 90 56,002,028"
2026-08-07,global,Global,top_artists_weekly,,80,5 比利·埃利什,,"1月 1, 1970",55623500,"80 5 比利·埃利什 1月 1, 1970 75 419 55,623,500"
2026-08-07,global,Global,top_artists_weekly,,81,2 安巴希·巴塔查里亞,,"1月 1, 1970",55212483,"81 2 安巴希·巴塔查里亞 1月 1, 1970 83 316 55,212,483"
2026-08-07,global,Global,top_artists_weekly,,82,5 薩辛,吉格爾,"1月 1, 1970",54683421,"82 5 薩辛-吉格爾 1月 1, 1970 77 249 54,683,421"
2026-08-07,global,Global,top_artists_weekly,,83,14 Ed Sheeran,,"1月 1, 1970",54412382,"83 14 Ed Sheeran 1月 1, 1970 69 545 54,412,382"
2026-08-07,global,Global,top_artists_weekly,,84,11 LE SSERAFIM,,"1月 1, 1970",54161421,"84 11 LE SSERAFIM 1月 1, 1970 73 166 54,161,421"
2026-08-07,global,Global,top_artists_weekly,,85,7 Sai Abhyankkar,,"1月 1, 1970",54121395,"85 7 Sai Abhyankkar 1月 1, 1970 92 44 54,121,395"
2026-08-07,global,Global,top_artists_weekly,,86,24 MC Ryan SP,,"1月 1, 1970",54023408,"86 24 MC Ryan SP 1月 1, 1970 62 248 54,023,408"
2026-08-07,global,Global,top_artists_weekly,,87,1 Feid,,"1月 1, 1970",53419605,"87 1 Feid 1月 1, 1970 88 257 53,419,605"
2026-08-07,global,Global,top_artists_weekly,,88,9 Neelkamal Singh,,"1月 1, 1970",53382159,"88 9 Neelkamal Singh 1月 1, 1970 79 125 53,382,159"
2026-08-07,global,Global,top_artists_weekly,,89,1 Carín León,,"1月 1, 1970",52744410,"89 1 Carín León 1月 1, 1970 90 286 52,744,410"
2026-08-07,global,Global,top_artists_weekly,,90,Title Henrique & Juliano,,,,Title Henrique & Juliano
2026-08-07,global,Global,top_artists_weekly,,91,Sidhu Moose Wala,,,,Sidhu Moose Wala
2026-08-07,global,Global,top_artists_weekly,,92,KPop Demon Hunters Cast,,,,KPop Demon Hunters Cast
2026-08-07,global,Global,top_artists_weekly,,93,93 阿穆爾·迪亞布,,"1月 1, 1970",51391795,"93 93 阿穆爾·迪亞布 1月 1, 1970 - 139 51,391,795"
2026-08-07,global,Global,top_artists_weekly,,94,1 比森特·費南德茲,,"1月 1, 1970",51166195,"94 1 比森特·費南德茲 1月 1, 1970 95 413 51,166,195"
2026-08-07,global,Global,top_artists_weekly,,95,8 Neton Vega,,"1月 1, 1970",50866990,"95 8 Neton Vega 1月 1, 1970 87 113 50,866,990"
2026-08-07,global,Global,top_artists_weekly,,96,96 Omar Courtz,,"1月 1, 1970",50682853,"96 96 Omar Courtz 1月 1, 1970 - 90 50,682,853"
2026-08-07,global,Global,top_artists_weekly,,97,● 米通,,"1月 1, 1970",50571905,"97 ● 米通 1月 1, 1970 97 198 50,571,905"
2026-08-07,global,Global,top_artists_weekly,,98,9 維沙爾·米什拉,,"1月 1, 1970",50228234,"98 9 維沙爾·米什拉 1月 1, 1970 89 181 50,228,234"
2026-08-07,global,Global,top_artists_weekly,,99,18 坦尼許・巴格奇,,"1月 1, 1970",50106764,"99 18 坦尼許・巴格奇 1月 1, 1970 81 307 50,106,764"
2026-08-07,global,Global,top_artists_weekly,,100,奧斯汀·桑托斯,,"1月 1, 1970",49762249,"100 100 奧斯汀·桑托斯 1月 1, 1970 - 362 49,762,249"
2026-08-07,tw,Taiwan,top_artists_weekly,,1,● 周杰倫,,"1月 1, 1970",7267440,"1 ● 周杰倫 1月 1, 1970 1 15 7,267,440"
2026-08-07,tw,Taiwan,top_artists_weekly,,2,● A,Lin,"1月 1, 1970",2835670,"2 ● A-Lin 1月 1, 1970 2 15 2,835,670"
2026-08-07,tw,Taiwan,top_artists_weekly,,3,● 五月天 (Mayday),,"1月 1, 1970",2584068,"3 ● 五月天 (Mayday) 1月 1, 1970 3 15 2,584,068"
2026-08-07,tw,Taiwan,top_artists_weekly,,4,1 鄧紫棋,,"1月 1, 1970",2509167,"4 1 鄧紫棋 1月 1, 1970 5 15 2,509,167"
2026-08-07,tw,Taiwan,top_artists_weekly,,5,1 林俊傑,,"1月 1, 1970",2465577,"5 1 林俊傑 1月 1, 1970 4 15 2,465,577"
2026-08-07,tw,Taiwan,top_artists_weekly,,6,6 aespa,,"1月 1, 1970",2462160,"6 6 aespa 1月 1, 1970 12 15 2,462,160"
2026-08-07,tw,Taiwan,top_artists_weekly,,7,● BABYMONSTER,,"1月 1, 1970",2340026,"7 ● BABYMONSTER 1月 1, 1970 7 15 2,340,026"
2026-08-07,tw,Taiwan,top_artists_weekly,,8,2 盧廣仲,,"1月 1, 1970",2320036,"8 2 盧廣仲 1月 1, 1970 6 15 2,320,036"
2026-08-07,tw,Taiwan,top_artists_weekly,,9,● 玖壹壹,,"1月 1, 1970",2132505,"9 ● 玖壹壹 1月 1, 1970 9 15 2,132,505"
2026-08-07,tw,Taiwan,top_artists_weekly,,10,2 Justin Bieber,,"1月 1, 1970",2093231,"10 2 Justin Bieber 1月 1, 1970 8 15 2,093,231"
2026-08-07,tw,Taiwan,top_artists_weekly,,11,2 防彈少年團,,"1月 1, 1970",2083291,"11 2 防彈少年團 1月 1, 1970 13 15 2,083,291"
2026-08-07,tw,Taiwan,top_artists_weekly,,12,2 周興哲,,"1月 1, 1970",2080905,"12 2 周興哲 1月 1, 1970 10 15 2,080,905"
2026-08-07,tw,Taiwan,top_artists_weekly,,13,2 en,,"1月 1, 1970",1985107,"13 2 en 1月 1, 1970 11 15 1,985,107"
2026-08-07,tw,Taiwan,top_artists_weekly,,14,● 承桓,,"1月 1, 1970",1875665,"14 ● 承桓 1月 1, 1970 14 15 1,875,665"
2026-08-07,tw,Taiwan,top_artists_weekly,,15,● 蔡依林,,"1月 1, 1970",1781204,"15 ● 蔡依林 1月 1, 1970 15 15 1,781,204"
2026-08-07,tw,Taiwan,top_artists_weekly,,16,16 Jennie,,"1月 1, 1970",1640410,"16 16 Jennie 1月 1, 1970 - 15 1,640,410"
2026-08-07,tw,Taiwan,top_artists_weekly,,17,1 陳華,,"1月 1, 1970",1602719,"17 1 陳華 1月 1, 1970 16 15 1,602,719"
2026-08-07,tw,Taiwan,top_artists_weekly,,18,1 (G)I,DLE,"1月 1, 1970",1567313,"18 1 (G)I-DLE 1月 1, 1970 17 15 1,567,313"
2026-08-07,tw,Taiwan,top_artists_weekly,,19,3 江蕙,,"1月 1, 1970",1523180,"19 3 江蕙 1月 1, 1970 22 15 1,523,180"
2026-08-07,tw,Taiwan,top_artists_weekly,,20,● 艾薇,,"1月 1, 1970",1518063,"20 ● 艾薇 1月 1, 1970 20 15 1,518,063"
2026-08-07,tw,Taiwan,top_artists_weekly,,21,2 蕭煌奇,,"1月 1, 1970",1498256,"21 2 蕭煌奇 1月 1, 1970 23 15 1,498,256"
2026-08-07,tw,Taiwan,top_artists_weekly,,22,4 TWICE,,"1月 1, 1970",1492405,"22 4 TWICE 1月 1, 1970 18 15 1,492,405"
2026-08-07,tw,Taiwan,top_artists_weekly,,23,4 張震嶽,,"1月 1, 1970",1476672,"23 4 張震嶽 1月 1, 1970 19 15 1,476,672"
2026-08-07,tw,Taiwan,top_artists_weekly,,24,3 派偉俊,,"1月 1, 1970",1417292,"24 3 派偉俊 1月 1, 1970 21 15 1,417,292"
2026-08-07,tw,Taiwan,top_artists_weekly,,25,12 Seventeen,,"1月 1, 1970",1366992,"25 12 Seventeen 1月 1, 1970 37 15 1,366,992"
2026-08-07,tw,Taiwan,top_artists_weekly,,26,8 ILLIT,,"1月 1, 1970",1363464,"26 8 ILLIT 1月 1, 1970 34 15 1,363,464"
2026-08-07,tw,Taiwan,top_artists_weekly,,27,2 伍佰 & China Blue,,"1月 1, 1970",1362394,"27 2 伍佰 & China Blue 1月 1, 1970 25 15 1,362,394"
2026-08-07,tw,Taiwan,top_artists_weekly,,28,4 YOASOBI,,"1月 1, 1970",1357036,"28 4 YOASOBI 1月 1, 1970 24 15 1,357,036"
2026-08-07,tw,Taiwan,top_artists_weekly,,29,4 張惠妹,,"1月 1, 1970",1337295,"29 4 張惠妹 1月 1, 1970 33 15 1,337,295"
2026-08-07,tw,Taiwan,top_artists_weekly,,30,1 梁靜茹,,"1月 1, 1970",1315750,"30 1 梁靜茹 1月 1, 1970 29 15 1,315,750"
2026-08-07,tw,Taiwan,top_artists_weekly,,31,4 頑童MJ,,"1月 1, 1970",1305746,"31 4 頑童MJ116 1月 1, 1970 27 15 1,305,746"
2026-08-07,tw,Taiwan,top_artists_weekly,,32,6 米津玄師,,"1月 1, 1970",1298787,"32 6 米津玄師 1月 1, 1970 26 15 1,298,787"
2026-08-07,tw,Taiwan,top_artists_weekly,,33,5 Taylor Swift,,"1月 1, 1970",1291557,"33 5 Taylor Swift 1月 1, 1970 28 15 1,291,557"
2026-08-07,tw,Taiwan,top_artists_weekly,,34,11 ATEEZ,,"1月 1, 1970",1251613,"34 11 ATEEZ 1月 1, 1970 45 15 1,251,613"
2026-08-07,tw,Taiwan,top_artists_weekly,,35,4 于冬然,,"1月 1, 1970",1242519,"35 4 于冬然 1月 1, 1970 31 15 1,242,519"
2026-08-07,tw,Taiwan,top_artists_weekly,,36,4 告五人,,"1月 1, 1970",1223100,"36 4 告五人 1月 1, 1970 32 15 1,223,100"
2026-08-07,tw,Taiwan,top_artists_weekly,,37,1 汪蘇瀧,,"1月 1, 1970",1222518,"37 1 汪蘇瀧 1月 1, 1970 36 15 1,222,518"
2026-08-07,tw,Taiwan,top_artists_weekly,,38,1 美秀集團,,"1月 1, 1970",1196524,"38 1 美秀集團 1月 1, 1970 39 15 1,196,524"
2026-08-07,tw,Taiwan,top_artists_weekly,,39,3 高爾宣,,"1月 1, 1970",1157281,"39 3 高爾宣 1月 1, 1970 42 15 1,157,281"
2026-08-07,tw,Taiwan,top_artists_weekly,,40,2 LE SSERAFIM,,"1月 1, 1970",1147678,"40 2 LE SSERAFIM 1月 1, 1970 38 15 1,147,678"
2026-08-07,tw,Taiwan,top_artists_weekly,,41,5 李榮浩,,"1月 1, 1970",1134877,"41 5 李榮浩 1月 1, 1970 46 15 1,134,877"
2026-08-07,tw,Taiwan,top_artists_weekly,,42,7 宇宙人,,"1月 1, 1970",1103452,"42 7 宇宙人 1月 1, 1970 35 14 1,103,452"
2026-08-07,tw,Taiwan,top_artists_weekly,,43,2 曾沛慈,,"1月 1, 1970",1085796,"43 2 曾沛慈 1月 1, 1970 41 15 1,085,796"
2026-08-07,tw,Taiwan,top_artists_weekly,,44,1 IVE,,"1月 1, 1970",1083424,"44 1 IVE 1月 1, 1970 43 15 1,083,424"
2026-08-07,tw,Taiwan,top_artists_weekly,,45,45 李佳薇,,"1月 1, 1970",1078938,"45 45 李佳薇 1月 1, 1970 - 5 1,078,938"
2026-08-07,tw,Taiwan,top_artists_weekly,,46,16 HWASA,,"1月 1, 1970",1070668,"46 16 HWASA 1月 1, 1970 30 15 1,070,668"
2026-08-07,tw,Taiwan,top_artists_weekly,,47,1 BLACKPINK,,"1月 1, 1970",1054472,"47 1 BLACKPINK 1月 1, 1970 48 15 1,054,472"
2026-08-07,tw,Taiwan,top_artists_weekly,,48,1 茄子蛋,,"1月 1, 1970",1051839,"48 1 茄子蛋 1月 1, 1970 47 15 1,051,839"
2026-08-07,tw,Taiwan,top_artists_weekly,,49,9 孫燕姿,,"1月 1, 1970",1046918,"49 9 孫燕姿 1月 1, 1970 40 15 1,046,918"
2026-08-07,tw,Taiwan,top_artists_weekly,,50,1 马也Crabbit,,"1月 1, 1970",1005755,"50 1 马也Crabbit 1月 1, 1970 51 15 1,005,755"
2026-08-07,tw,Taiwan,top_artists_weekly,,51,2 Ariana Grande,,"1月 1, 1970",996730,"51 2 Ariana Grande 1月 1, 1970 53 15 996,730"
2026-08-07,tw,Taiwan,top_artists_weekly,,52,● 姚晓棠,,"1月 1, 1970",988226,"52 ● 姚晓棠 1月 1, 1970 52 15 988,226"
2026-08-07,tw,Taiwan,top_artists_weekly,,53,4 理想混蛋 Bestards,,"1月 1, 1970",982758,"53 4 理想混蛋 Bestards 1月 1, 1970 49 15 982,758"
2026-08-07,tw,Taiwan,top_artists_weekly,,54,3 Cole先生,,"1月 1, 1970",962211,"54 3 Cole先生 1月 1, 1970 57 14 962,211"
2026-08-07,tw,Taiwan,top_artists_weekly,,55,1 動力火車,,"1月 1, 1970",959173,"55 1 動力火車 1月 1, 1970 54 15 959,173"
2026-08-07,tw,Taiwan,top_artists_weekly,,56,5 陳奕迅,,"1月 1, 1970",949660,"56 5 陳奕迅 1月 1, 1970 61 15 949,660"
2026-08-07,tw,Taiwan,top_artists_weekly,,57,5 李聖傑,,"1月 1, 1970",937247,"57 5 李聖傑 1月 1, 1970 62 15 937,247"
2026-08-07,tw,Taiwan,top_artists_weekly,,58,2 Stray Kids,,"1月 1, 1970",931206,"58 2 Stray Kids 1月 1, 1970 56 15 931,206"
2026-08-07,tw,Taiwan,top_artists_weekly,,59,● DIOR 大穎,,"1月 1, 1970",927468,"59 ● DIOR 大穎 1月 1, 1970 59 15 927,468"
2026-08-07,tw,Taiwan,top_artists_weekly,,60,2 翁立友,,"1月 1, 1970",924774,"60 2 翁立友 1月 1, 1970 58 15 924,774"
2026-08-07,tw,Taiwan,top_artists_weekly,,61,1 Bruno Mars,,"1月 1, 1970",921562,"61 1 Bruno Mars 1月 1, 1970 60 15 921,562"
2026-08-07,tw,Taiwan,top_artists_weekly,,62,18 薛之謙,,"1月 1, 1970",915859,"62 18 薛之謙 1月 1, 1970 44 15 915,859"
2026-08-07,tw,Taiwan,top_artists_weekly,,63,● YORUSHIKA,,"1月 1, 1970",905254,"63 ● YORUSHIKA 1月 1, 1970 63 15 905,254"
2026-08-07,tw,Taiwan,top_artists_weekly,,64,14 黃奇斌,,"1月 1, 1970",897094,"64 14 黃奇斌 1月 1, 1970 50 15 897,094"
2026-08-07,tw,Taiwan,top_artists_weekly,,65,3 王心凌,,"1月 1, 1970",860868,"65 3 王心凌 1月 1, 1970 68 15 860,868"
2026-08-07,tw,Taiwan,top_artists_weekly,,66,● LBI,,"1月 1, 1970",850089,"66 ● LBI 1月 1, 1970 66 15 850,089"
2026-08-07,tw,Taiwan,top_artists_weekly,,67,12 Shakira,,"1月 1, 1970",843448,"67 12 Shakira 1月 1, 1970 55 15 843,448"
2026-08-07,tw,Taiwan,top_artists_weekly,,68,1 韋禮安,,"1月 1, 1970",834102,"68 1 韋禮安 1月 1, 1970 67 15 834,102"
2026-08-07,tw,Taiwan,top_artists_weekly,,69,3 周深,,"1月 1, 1970",822835,"69 3 周深 1月 1, 1970 72 15 822,835"
2026-08-07,tw,Taiwan,top_artists_weekly,,70,1 田馥甄,,"1月 1, 1970",816667,"70 1 田馥甄 1月 1, 1970 69 15 816,667"
2026-08-07,tw,Taiwan,top_artists_weekly,,71,● 半噸兄弟,,"1月 1, 1970",813368,"71 ● 半噸兄弟 1月 1, 1970 71 15 813,368"
2026-08-07,tw,Taiwan,top_artists_weekly,,72,2 ITZY,,"1月 1, 1970",772549,"72 2 ITZY 1月 1, 1970 70 15 772,549"
2026-08-07,tw,Taiwan,top_artists_weekly,,73,5 BIGBANG,,"1月 1, 1970",757301,"73 5 BIGBANG 1月 1, 1970 78 15 757,301"
2026-08-07,tw,Taiwan,top_artists_weekly,,74,10 朴彩英,,"1月 1, 1970",756618,"74 10 朴彩英 1月 1, 1970 84 15 756,618"
2026-08-07,tw,Taiwan,top_artists_weekly,,75,10 NMIXX,,"1月 1, 1970",750516,"75 10 NMIXX 1月 1, 1970 65 15 750,516"
2026-08-07,tw,Taiwan,top_artists_weekly,,76,1 Lady Gaga,,"1月 1, 1970",732967,"76 1 Lady Gaga 1月 1, 1970 77 15 732,967"
2026-08-07,tw,Taiwan,top_artists_weekly,,77,18 大头针R&B,,"1月 1, 1970",726989,"77 18 大头针R&B 1月 1, 1970 95 8 726,989"
2026-08-07,tw,Taiwan,top_artists_weekly,,78,2 郁可唯,,"1月 1, 1970",725411,"78 2 郁可唯 1月 1, 1970 76 15 725,411"
2026-08-07,tw,Taiwan,top_artists_weekly,,79,6 Gareth.T,,"1月 1, 1970",721927,"79 6 Gareth.T 1月 1, 1970 73 15 721,927"
2026-08-07,tw,Taiwan,top_artists_weekly,,80,KPop Demon Hunters Cast,,,,KPop Demon Hunters Cast
2026-08-07,tw,Taiwan,top_artists_weekly,,81,7 讚美之泉,,"1月 1, 1970",719410,"81 7 讚美之泉 1月 1, 1970 74 15 719,410"
2026-08-07,tw,Taiwan,top_artists_weekly,,82,82 tuki.,,"1月 1, 1970",717060,"82 82 tuki. 1月 1, 1970 - 15 717,060"
2026-08-07,tw,Taiwan,top_artists_weekly,,83,4 張韶涵,,"1月 1, 1970",716799,"83 4 張韶涵 1月 1, 1970 79 15 716,799"
2026-08-07,tw,Taiwan,top_artists_weekly,,84,9 任然,,"1月 1, 1970",712333,"84 9 任然 1月 1, 1970 75 15 712,333"
2026-08-07,tw,Taiwan,top_artists_weekly,,85,4 王艷薇,,"1月 1, 1970",701195,"85 4 王艷薇 1月 1, 1970 89 15 701,195"
2026-08-07,tw,Taiwan,top_artists_weekly,,86,13 NewJeans,,"1月 1, 1970",693327,"86 13 NewJeans 1月 1, 1970 99 15 693,327"
2026-08-07,tw,Taiwan,top_artists_weekly,,87,87 郭家瑋,,"1月 1, 1970",683472,"87 87 郭家瑋 1月 1, 1970 - 15 683,472"
2026-08-07,tw,Taiwan,top_artists_weekly,,88,5 The Weeknd,,"1月 1, 1970",681601,"88 5 The Weeknd 1月 1, 1970 83 15 681,601"
2026-08-07,tw,Taiwan,top_artists_weekly,,89,5 黃乙玲,,"1月 1, 1970",678990,"89 5 黃乙玲 1月 1, 1970 94 15 678,990"
2026-08-07,tw,Taiwan,top_artists_weekly,,90,3 王力宏,,"1月 1, 1970",675620,"90 3 王力宏 1月 1, 1970 93 15 675,620"
2026-08-07,tw,Taiwan,top_artists_weekly,,91,5 Cat'sMelody,,"1月 1, 1970",673131,"91 5 Cat'sMelody 1月 1, 1970 86 7 673,131"
2026-08-07,tw,Taiwan,top_artists_weekly,,92,5 陳勢安,,"1月 1, 1970",673115,"92 5 陳勢安 1月 1, 1970 87 15 673,115"
2026-08-07,tw,Taiwan,top_artists_weekly,,93,3 八三夭,,"1月 1, 1970",670525,"93 3 八三夭 1月 1, 1970 90 15 670,525"
2026-08-07,tw,Taiwan,top_artists_weekly,,94,9 陳忻玥,,"1月 1, 1970",664324,"94 9 陳忻玥 1月 1, 1970 85 15 664,324"
2026-08-07,tw,Taiwan,top_artists_weekly,,95,15 Ado,,"1月 1, 1970",664066,"95 15 Ado 1月 1, 1970 80 15 664,066"
2026-08-07,tw,Taiwan,top_artists_weekly,,96,96 KATSEYE,,"1月 1, 1970",662129,"96 96 KATSEYE 1月 1, 1970 - 15 662,129"
2026-08-07,tw,Taiwan,top_artists_weekly,,97,9 Ed Sheeran,,"1月 1, 1970",660343,"97 9 Ed Sheeran 1月 1, 1970 88 15 660,343"
2026-08-07,tw,Taiwan,top_artists_weekly,,98,● EJAE,,"1月 1, 1970",659297,"98 ● EJAE 1月 1, 1970 98 15 659,297"
2026-08-07,tw,Taiwan,top_artists_weekly,,99,35 顏人中,,"1月 1, 1970",658410,"99 35 顏人中 1月 1, 1970 64 15 658,410"
2026-08-07,tw,Taiwan,top_artists_weekly,,100,張碧晨,,"1月 1, 1970",645094,"100 100 張碧晨 1月 1, 1970 - 15 645,094"
2026-08-07,jp,Japan,top_artists_weekly,,1,Mrs. GREEN APPLE,,,,Mrs. GREEN APPLE
2026-08-07,jp,Japan,top_artists_weekly,,2,● M!LK,,"1月 1, 1970",23454381,"2 ● M!LK 1月 1, 1970 2 74 23,454,381"
2026-08-07,jp,Japan,top_artists_weekly,,3,● 米津玄師,,"1月 1, 1970",18031356,"3 ● 米津玄師 1月 1, 1970 3 515 18,031,356"
2026-08-07,jp,Japan,top_artists_weekly,,4,1 Snow Man,,"1月 1, 1970",14672954,"4 1 Snow Man 1月 1, 1970 5 293 14,672,954"
2026-08-07,jp,Japan,top_artists_weekly,,5,1 back number,,"1月 1, 1970",12338891,"5 1 back number 1月 1, 1970 4 510 12,338,891"
2026-08-07,jp,Japan,top_artists_weekly,,6,7 ILLIT,,"1月 1, 1970",8881271,"6 7 ILLIT 1月 1, 1970 13 123 8,881,271"
2026-08-07,jp,Japan,top_artists_weekly,,7,● YOASOBI,,"1月 1, 1970",8626051,"7 ● YOASOBI 1月 1, 1970 7 329 8,626,051"
2026-08-07,jp,Japan,top_artists_weekly,,8,2 Official髭男dism,,"1月 1, 1970",8299317,"8 2 Official髭男dism 1月 1, 1970 10 428 8,299,317"
2026-08-07,jp,Japan,top_artists_weekly,,9,2 防彈少年團,,"1月 1, 1970",8169750,"9 2 防彈少年團 1月 1, 1970 11 515 8,169,750"
2026-08-07,jp,Japan,top_artists_weekly,,10,2 魚韻,,"1月 1, 1970",7961776,"10 2 魚韻 1月 1, 1970 8 515 7,961,776"
2026-08-07,jp,Japan,top_artists_weekly,,11,3 YORUSHIKA,,"1月 1, 1970",7730976,"11 3 YORUSHIKA 1月 1, 1970 14 397 7,730,976"
2026-08-07,jp,Japan,top_artists_weekly,,12,3 嵐,,"1月 1, 1970",7701116,"12 3 嵐 1月 1, 1970 9 430 7,701,116"
2026-08-07,jp,Japan,top_artists_weekly,,13,3 HANA,,"1月 1, 1970",7471101,"13 3 HANA 1月 1, 1970 16 77 7,471,101"
2026-08-07,jp,Japan,top_artists_weekly,,14,3 RADWIMPS,,"1月 1, 1970",6923432,"14 3 RADWIMPS 1月 1, 1970 17 515 6,923,432"
2026-08-07,jp,Japan,top_artists_weekly,,15,4 Vaundy,,"1月 1, 1970",6812662,"15 4 Vaundy 1月 1, 1970 19 319 6,812,662"
2026-08-07,jp,Japan,top_artists_weekly,,16,1 Ado,,"1月 1, 1970",6446748,"16 1 Ado 1月 1, 1970 15 299 6,446,748"
2026-08-07,jp,Japan,top_artists_weekly,,17,11 T.M.Revolution,,"1月 1, 1970",6313015,"17 11 T.M.Revolution 1月 1, 1970 6 338 6,313,015"
2026-08-07,jp,Japan,top_artists_weekly,,18,4 King Gnu,,"1月 1, 1970",6294823,"18 4 King Gnu 1月 1, 1970 22 388 6,294,823"
2026-08-07,jp,Japan,top_artists_weekly,,19,1 BE:FIRST,,"1月 1, 1970",6093701,"19 1 BE:FIRST 1月 1, 1970 18 259 6,093,701"
2026-08-07,jp,Japan,top_artists_weekly,,20,SOUTHERN ALL STARS,,,,SOUTHERN ALL STARS
2026-08-07,jp,Japan,top_artists_weekly,,21,● Fujii Kaze,,"1月 1, 1970",5542995,"21 ● Fujii Kaze 1月 1, 1970 21 320 5,542,995"
2026-08-07,jp,Japan,top_artists_weekly,,22,10 SixTONES,,"1月 1, 1970",5426170,"22 10 SixTONES 1月 1, 1970 12 343 5,426,170"
2026-08-07,jp,Japan,top_artists_weekly,,23,2 宇多田光,,"1月 1, 1970",5156057,"23 2 宇多田光 1月 1, 1970 25 506 5,156,057"
2026-08-07,jp,Japan,top_artists_weekly,,24,1 Michael Jackson,,"1月 1, 1970",4884477,"24 1 Michael Jackson 1月 1, 1970 23 376 4,884,477"
2026-08-07,jp,Japan,top_artists_weekly,,25,1 CHANMINA,,"1月 1, 1970",4845378,"25 1 CHANMINA 1月 1, 1970 24 377 4,845,378"
2026-08-07,jp,Japan,top_artists_weekly,,26,2 Mr.Children,,"1月 1, 1970",4760065,"26 2 Mr.Children 1月 1, 1970 28 515 4,760,065"
2026-08-07,jp,Japan,top_artists_weekly,,27,18 aespa,,"1月 1, 1970",4625085,"27 18 aespa 1月 1, 1970 45 278 4,625,085"
2026-08-07,jp,Japan,top_artists_weekly,,28,9 CUTIE STREET,,"1月 1, 1970",4364143,"28 9 CUTIE STREET 1月 1, 1970 37 95 4,364,143"
2026-08-07,jp,Japan,top_artists_weekly,,29,3 SEKAI NO OWARI,,"1月 1, 1970",4269405,"29 3 SEKAI NO OWARI 1月 1, 1970 26 509 4,269,405"
2026-08-07,jp,Japan,top_artists_weekly,,30,● 歌っちゃ王,,"1月 1, 1970",4243071,"30 ● 歌っちゃ王 1月 1, 1970 30 251 4,243,071"
2026-08-07,jp,Japan,top_artists_weekly,,31,4 Tatsuya Kitani,,"1月 1, 1970",4103516,"31 4 Tatsuya Kitani 1月 1, 1970 27 285 4,103,516"
2026-08-07,jp,Japan,top_artists_weekly,,32,3 BUMP OF CHICKEN,,"1月 1, 1970",4066728,"32 3 BUMP OF CHICKEN 1月 1, 1970 29 515 4,066,728"
2026-08-07,jp,Japan,top_artists_weekly,,33,1 Yuuri,,"1月 1, 1970",3966266,"33 1 Yuuri 1月 1, 1970 32 321 3,966,266"
2026-08-07,jp,Japan,top_artists_weekly,,34,1 ONE OK ROCK,,"1月 1, 1970",3911393,"34 1 ONE OK ROCK 1月 1, 1970 33 515 3,911,393"
2026-08-07,jp,Japan,top_artists_weekly,,35,1 TWICE,,"1月 1, 1970",3906263,"35 1 TWICE 1月 1, 1970 34 515 3,906,263"
2026-08-07,jp,Japan,top_artists_weekly,,36,1 natori,,"1月 1, 1970",3905706,"36 1 natori 1月 1, 1970 35 194 3,905,706"
2026-08-07,jp,Japan,top_artists_weekly,,37,6 DECO*27,,"1月 1, 1970",3818404,"37 6 DECO*27 1月 1, 1970 31 511 3,818,404"
2026-08-07,jp,Japan,top_artists_weekly,,38,2 愛繆,,"1月 1, 1970",3649993,"38 2 愛繆 1月 1, 1970 36 442 3,649,993"
2026-08-07,jp,Japan,top_artists_weekly,,39,2 LE SSERAFIM,,"1月 1, 1970",3559749,"39 2 LE SSERAFIM 1月 1, 1970 41 221 3,559,749"
2026-08-07,jp,Japan,top_artists_weekly,,40,2 BABYMONSTER,,"1月 1, 1970",3459069,"40 2 BABYMONSTER 1月 1, 1970 42 135 3,459,069"
2026-08-07,jp,Japan,top_artists_weekly,,41,3 FRUITS ZIPPER,,"1月 1, 1970",3415758,"41 3 FRUITS ZIPPER 1月 1, 1970 38 187 3,415,758"
2026-08-07,jp,Japan,top_artists_weekly,,42,2 乃木坂46,,"1月 1, 1970",3401938,"42 2 乃木坂46 1月 1, 1970 40 515 3,401,938"
2026-08-07,jp,Japan,top_artists_weekly,,43,macaroni enpitsu,,,,macaroni enpitsu
2026-08-07,jp,Japan,top_artists_weekly,,44,2 B'z,,"1月 1, 1970",3258163,"44 2 B'z 1月 1, 1970 46 489 3,258,163"
2026-08-07,jp,Japan,top_artists_weekly,,45,6 Number_i,,"1月 1, 1970",3167212,"45 6 Number_i 1月 1, 1970 39 133 3,167,212"
2026-08-07,jp,Japan,top_artists_weekly,,46,2 iLiFE!,,"1月 1, 1970",3141476,"46 2 iLiFE! 1月 1, 1970 44 119 3,141,476"
2026-08-07,jp,Japan,top_artists_weekly,,47,8 Stray Kids,,"1月 1, 1970",3104782,"47 8 Stray Kids 1月 1, 1970 55 319 3,104,782"
2026-08-07,jp,Japan,top_artists_weekly,,48,1 濱崎步,,"1月 1, 1970",3066707,"48 1 濱崎步 1月 1, 1970 49 469 3,066,707"
2026-08-07,jp,Japan,top_artists_weekly,,49,3 SPITZ,,"1月 1, 1970",3033462,"49 3 SPITZ 1月 1, 1970 52 515 3,033,462"
2026-08-07,jp,Japan,top_artists_weekly,,50,1 Creepy Nuts,,"1月 1, 1970",2898635,"50 1 Creepy Nuts 1月 1, 1970 51 320 2,898,635"
2026-08-07,jp,Japan,top_artists_weekly,,51,3 西野加奈,,"1月 1, 1970",2895900,"51 3 西野加奈 1月 1, 1970 48 429 2,895,900"
2026-08-07,jp,Japan,top_artists_weekly,,52,5 AKB48,,"1月 1, 1970",2860877,"52 5 AKB48 1月 1, 1970 47 515 2,860,877"
2026-08-07,jp,Japan,top_artists_weekly,,53,3 Justin Bieber,,"1月 1, 1970",2837553,"53 3 Justin Bieber 1月 1, 1970 56 515 2,837,553"
2026-08-07,jp,Japan,top_artists_weekly,,54,1 色情塗鴉,,"1月 1, 1970",2809063,"54 1 色情塗鴉 1月 1, 1970 53 299 2,809,063"
2026-08-07,jp,Japan,top_artists_weekly,,55,6 aiko,,"1月 1, 1970",2803094,"55 6 aiko 1月 1, 1970 61 342 2,803,094"
2026-08-07,jp,Japan,top_artists_weekly,,56,2 MAZZEL,,"1月 1, 1970",2760647,"56 2 MAZZEL 1月 1, 1970 54 150 2,760,647"
2026-08-07,jp,Japan,top_artists_weekly,,57,2 IVE,,"1月 1, 1970",2722869,"57 2 IVE 1月 1, 1970 59 240 2,722,869"
2026-08-07,jp,Japan,top_artists_weekly,,58,● 星街彗星,,"1月 1, 1970",2719394,"58 ● 星街彗星 1月 1, 1970 58 268 2,719,394"
2026-08-07,jp,Japan,top_artists_weekly,,59,1 初星学園,,"1月 1, 1970",2701816,"59 1 初星学園 1月 1, 1970 60 114 2,701,816"
2026-08-07,jp,Japan,top_artists_weekly,,60,3 Eve,,"1月 1, 1970",2669434,"60 3 Eve 1月 1, 1970 57 468 2,669,434"
2026-08-07,jp,Japan,top_artists_weekly,,61,1 橘子新樂園,,"1月 1, 1970",2653736,"61 1 橘子新樂園 1月 1, 1970 62 286 2,653,736"
2026-08-07,jp,Japan,top_artists_weekly,,62,28 Hey! Say! JUMP,,"1月 1, 1970",2635019,"62 28 Hey! Say! JUMP 1月 1, 1970 90 320 2,635,019"
2026-08-07,jp,Japan,top_artists_weekly,,63,1 GRe4N BOYZ,,"1月 1, 1970",2573541,"63 1 GRe4N BOYZ 1月 1, 1970 64 515 2,573,541"
2026-08-07,jp,Japan,top_artists_weekly,,64,25 Juice=Juice,,"1月 1, 1970",2573136,"64 25 Juice=Juice 1月 1, 1970 89 70 2,573,136"
2026-08-07,jp,Japan,top_artists_weekly,,65,15 King & Prince,,"1月 1, 1970",2518925,"65 15 King & Prince 1月 1, 1970 50 296 2,518,925"
2026-08-07,jp,Japan,top_artists_weekly,,66,1 決明子,,"1月 1, 1970",2502771,"66 1 決明子 1月 1, 1970 65 511 2,502,771"
2026-08-07,jp,Japan,top_artists_weekly,,67,6 清水翔太,,"1月 1, 1970",2466101,"67 6 清水翔太 1月 1, 1970 73 444 2,466,101"
2026-08-07,jp,Japan,top_artists_weekly,,68,1 Bruno Mars,,"1月 1, 1970",2460084,"68 1 Bruno Mars 1月 1, 1970 67 512 2,460,084"
2026-08-07,jp,Japan,top_artists_weekly,,69,● 放浪兄弟,,"1月 1, 1970",2348386,"69 ● 放浪兄弟 1月 1, 1970 69 515 2,348,386"
2026-08-07,jp,Japan,top_artists_weekly,,70,18 星野源 Gen Hoshino,,"1月 1, 1970",2337916,"70 18 星野源 Gen Hoshino 1月 1, 1970 88 515 2,337,916"
2026-08-07,jp,Japan,top_artists_weekly,,71,EBiDAN Ebisu Gakuen Boys Club,,,,EBiDAN Ebisu Gakuen Boys Club
2026-08-07,jp,Japan,top_artists_weekly,,72,9 Shakira,,"1月 1, 1970",2303049,"72 9 Shakira 1月 1, 1970 63 56 2,303,049"
2026-08-07,jp,Japan,top_artists_weekly,,73,5 Naniwa Danshi,,"1月 1, 1970",2296205,"73 5 Naniwa Danshi 1月 1, 1970 68 254 2,296,205"
2026-08-07,jp,Japan,top_artists_weekly,,74,1 超特急,,"1月 1, 1970",2289128,"74 1 超特急 1月 1, 1970 75 140 2,289,128"
2026-08-07,jp,Japan,top_artists_weekly,,75,5 SUPER BEAVER,,"1月 1, 1970",2282556,"75 5 SUPER BEAVER 1月 1, 1970 70 288 2,282,556"
2026-08-07,jp,Japan,top_artists_weekly,,76,8 Saucy Dog,,"1月 1, 1970",2282409,"76 8 Saucy Dog 1月 1, 1970 84 288 2,282,409"
2026-08-07,jp,Japan,top_artists_weekly,,77,6 初音未來,,"1月 1, 1970",2245844,"77 6 初音未來 1月 1, 1970 83 328 2,245,844"
2026-08-07,jp,Japan,top_artists_weekly,,78,2 Aimer,,"1月 1, 1970",2241734,"78 2 Aimer 1月 1, 1970 80 500 2,241,734"
2026-08-07,jp,Japan,top_artists_weekly,,79,7 tuki.,,"1月 1, 1970",2237409,"79 7 tuki. 1月 1, 1970 86 147 2,237,409"
2026-08-07,jp,Japan,top_artists_weekly,,80,9 永遠是深夜有多好。,,"1月 1, 1970",2227341,"80 9 永遠是深夜有多好。 1月 1, 1970 71 407 2,227,341"
2026-08-07,jp,Japan,top_artists_weekly,,81,3 KinKi Kids,,"1月 1, 1970",2226355,"81 3 KinKi Kids 1月 1, 1970 78 240 2,226,355"
2026-08-07,jp,Japan,top_artists_weekly,,82,5 椎名林檎,,"1月 1, 1970",2221576,"82 5 椎名林檎 1月 1, 1970 77 515 2,221,576"
2026-08-07,jp,Japan,top_artists_weekly,,83,11 Rokudenashi,,"1月 1, 1970",2206323,"83 11 Rokudenashi 1月 1, 1970 72 237 2,206,323"
2026-08-07,jp,Japan,top_artists_weekly,,84,3 桑田佳祐,,"1月 1, 1970",2187847,"84 3 桑田佳祐 1月 1, 1970 81 362 2,187,847"
2026-08-07,jp,Japan,top_artists_weekly,,85,● Uru,,"1月 1, 1970",2166479,"85 ● Uru 1月 1, 1970 85 353 2,166,479"
2026-08-07,jp,Japan,top_artists_weekly,,86,10 HoneyWorks,,"1月 1, 1970",2149112,"86 10 HoneyWorks 1月 1, 1970 76 515 2,149,112"
2026-08-07,jp,Japan,top_artists_weekly,,87,8 NOT EQUAL ME,,"1月 1, 1970",2144728,"87 8 NOT EQUAL ME 1月 1, 1970 79 137 2,144,728"
2026-08-07,jp,Japan,top_artists_weekly,,88,6 Novelbright,,"1月 1, 1970",2100910,"88 6 Novelbright 1月 1, 1970 82 298 2,100,910"
2026-08-07,jp,Japan,top_artists_weekly,,89,2 生物股長,,"1月 1, 1970",2059178,"89 2 生物股長 1月 1, 1970 91 372 2,059,178"
2026-08-07,jp,Japan,top_artists_weekly,,90,90 ATEEZ,,"1月 1, 1970",2056060,"90 90 ATEEZ 1月 1, 1970 - 203 2,056,060"
2026-08-07,jp,Japan,top_artists_weekly,,91,91 Lilas Ikuta,,"1月 1, 1970",2038958,"91 91 Lilas Ikuta 1月 1, 1970 - 282 2,038,958"
2026-08-07,jp,Japan,top_artists_weekly,,92,● 平井大,,"1月 1, 1970",1962678,"92 ● 平井大 1月 1, 1970 92 401 1,962,678"
2026-08-07,jp,Japan,top_artists_weekly,,93,93 KomeAnime,,"1月 1, 1970",1959179,"93 93 KomeAnime 1月 1, 1970 - 5 1,959,179"
2026-08-07,jp,Japan,top_artists_weekly,,94,1 Orangestar,,"1月 1, 1970",1938715,"94 1 Orangestar 1月 1, 1970 93 434 1,938,715"
2026-08-07,jp,Japan,top_artists_weekly,,95,29 中森明菜,,"1月 1, 1970",1902103,"95 29 中森明菜 1月 1, 1970 66 303 1,902,103"
2026-08-07,jp,Japan,top_artists_weekly,,96,● NiziU,,"1月 1, 1970",1897695,"96 ● NiziU 1月 1, 1970 96 318 1,897,695"
2026-08-07,jp,Japan,top_artists_weekly,,97,97 NewJeans,,"1月 1, 1970",1875783,"97 97 NewJeans 1月 1, 1970 - 210 1,875,783"
2026-08-07,jp,Japan,top_artists_weekly,,98,98 Iyowa,,"1月 1, 1970",1872136,"98 98 Iyowa 1月 1, 1970 - 235 1,872,136"
2026-08-07,jp,Japan,top_artists_weekly,,99,99 Ariana Grande,,"1月 1, 1970",1871382,"99 99 Ariana Grande 1月 1, 1970 - 515 1,871,382"
2026-08-07,jp,Japan,top_artists_weekly,,100,5 LANA,,"1月 1, 1970",1870363,"100 5 LANA 1月 1, 1970 95 181 1,870,363"
2026-08-07,kr,South Korea,top_artists_weekly,,1,● RESCENE,,"1月 1, 1970",12973482,"1 ● RESCENE 1月 1, 1970 1 39 12,973,482"
2026-08-07,kr,South Korea,top_artists_weekly,,2,● aespa,,"1月 1, 1970",11212018,"2 ● aespa 1月 1, 1970 2 298 11,212,018"
2026-08-07,kr,South Korea,top_artists_weekly,,3,● ILLIT,,"1月 1, 1970",6787392,"3 ● ILLIT 1月 1, 1970 3 123 6,787,392"
2026-08-07,kr,South Korea,top_artists_weekly,,4,4 防彈少年團,,"1月 1, 1970",6534797,"4 4 防彈少年團 1月 1, 1970 8 515 6,534,797"
2026-08-07,kr,South Korea,top_artists_weekly,,5,● BIGBANG,,"1月 1, 1970",6486369,"5 ● BIGBANG 1月 1, 1970 5 515 6,486,369"
2026-08-07,kr,South Korea,top_artists_weekly,,6,2 IU,,"1月 1, 1970",6359309,"6 2 IU 1月 1, 1970 4 515 6,359,309"
2026-08-07,kr,South Korea,top_artists_weekly,,7,● DAY6,,"1月 1, 1970",6056230,"7 ● DAY6 1月 1, 1970 7 356 6,056,230"
2026-08-07,kr,South Korea,top_artists_weekly,,8,18 臉紅的思春期,,"1月 1, 1970",5910549,"8 18 臉紅的思春期 1月 1, 1970 26 515 5,910,549"
2026-08-07,kr,South Korea,top_artists_weekly,,9,45 Jennie,,"1月 1, 1970",5899902,"9 45 Jennie 1月 1, 1970 54 194 5,899,902"
2026-08-07,kr,South Korea,top_artists_weekly,,10,4 HANRORO,,"1月 1, 1970",5755622,"10 4 HANRORO 1月 1, 1970 6 80 5,755,622"
2026-08-07,kr,South Korea,top_artists_weekly,,11,5 fromis_9,,"1月 1, 1970",5519578,"11 5 fromis_9 1月 1, 1970 16 317 5,519,578"
2026-08-07,kr,South Korea,top_artists_weekly,,12,3 NewJeans,,"1月 1, 1970",5503598,"12 3 NewJeans 1月 1, 1970 15 210 5,503,598"
2026-08-07,kr,South Korea,top_artists_weekly,,13,2 IVE,,"1月 1, 1970",5376166,"13 2 IVE 1月 1, 1970 11 241 5,376,166"
2026-08-07,kr,South Korea,top_artists_weekly,,14,2 Hearts2Hearts,,"1月 1, 1970",5326563,"14 2 Hearts2Hearts 1月 1, 1970 12 75 5,326,563"
2026-08-07,kr,South Korea,top_artists_weekly,,15,5 太妍,,"1月 1, 1970",5322635,"15 5 太妍 1月 1, 1970 10 515 5,322,635"
2026-08-07,kr,South Korea,top_artists_weekly,,16,3 樂童音樂家,,"1月 1, 1970",5195567,"16 3 樂童音樂家 1月 1, 1970 13 515 5,195,567"
2026-08-07,kr,South Korea,top_artists_weekly,,17,8 CORTIS,,"1月 1, 1970",5171208,"17 8 CORTIS 1月 1, 1970 9 47 5,171,208"
2026-08-07,kr,South Korea,top_artists_weekly,,18,1 PSY,,"1月 1, 1970",4909821,"18 1 PSY 1月 1, 1970 17 515 4,909,821"
2026-08-07,kr,South Korea,top_artists_weekly,,19,5 米津玄師,,"1月 1, 1970",4808826,"19 5 米津玄師 1月 1, 1970 14 427 4,808,826"
2026-08-07,kr,South Korea,top_artists_weekly,,20,2 LE SSERAFIM,,"1月 1, 1970",4579758,"20 2 LE SSERAFIM 1月 1, 1970 18 221 4,579,758"
2026-08-07,kr,South Korea,top_artists_weekly,,21,2 Choi Yu Ree,,"1月 1, 1970",4551493,"21 2 Choi Yu Ree 1月 1, 1970 19 203 4,551,493"
2026-08-07,kr,South Korea,top_artists_weekly,,22,1 ATEEZ,,"1月 1, 1970",4521577,"22 1 ATEEZ 1月 1, 1970 21 186 4,521,577"
2026-08-07,kr,South Korea,top_artists_weekly,,23,3 Davichi,,"1月 1, 1970",4388126,"23 3 Davichi 1月 1, 1970 20 515 4,388,126"
2026-08-07,kr,South Korea,top_artists_weekly,,24,1 Roy Kim,,"1月 1, 1970",4144985,"24 1 Roy Kim 1月 1, 1970 25 392 4,144,985"
2026-08-07,kr,South Korea,top_artists_weekly,,25,2 任英雄,,"1月 1, 1970",4081228,"25 2 任英雄 1月 1, 1970 23 339 4,081,228"
2026-08-07,kr,South Korea,top_artists_weekly,,26,1 BLACKPINK,,"1月 1, 1970",4081041,"26 1 BLACKPINK 1月 1, 1970 27 515 4,081,041"
2026-08-07,kr,South Korea,top_artists_weekly,,27,3 Justin Bieber,,"1月 1, 1970",4036482,"27 3 Justin Bieber 1月 1, 1970 24 467 4,036,482"
2026-08-07,kr,South Korea,top_artists_weekly,,28,6 成始璄,,"1月 1, 1970",4000760,"28 6 成始璄 1月 1, 1970 22 420 4,000,760"
2026-08-07,kr,South Korea,top_artists_weekly,,29,● NMIXX,,"1月 1, 1970",3502671,"29 ● NMIXX 1月 1, 1970 29 232 3,502,671"
2026-08-07,kr,South Korea,top_artists_weekly,,30,4 조선힙합,,"1月 1, 1970",3487776,"30 4 조선힙합 1月 1, 1970 34 13 3,487,776"
2026-08-07,kr,South Korea,top_artists_weekly,,31,2 Leellamarz,,"1月 1, 1970",3462352,"31 2 Leellamarz 1月 1, 1970 33 370 3,462,352"
2026-08-07,kr,South Korea,top_artists_weekly,,32,1 MC夢,,"1月 1, 1970",3335998,"32 1 MC夢 1月 1, 1970 31 368 3,335,998"
2026-08-07,kr,South Korea,top_artists_weekly,,33,5 Epik High,,"1月 1, 1970",3326719,"33 5 Epik High 1月 1, 1970 28 427 3,326,719"
2026-08-07,kr,South Korea,top_artists_weekly,,34,3 G,Dragon,"1月 1, 1970",3200178,"34 3 G-Dragon 1月 1, 1970 37 468 3,200,178"
2026-08-07,kr,South Korea,top_artists_weekly,,35,4 TWICE,,"1月 1, 1970",3157442,"35 4 TWICE 1月 1, 1970 39 515 3,157,442"
2026-08-07,kr,South Korea,top_artists_weekly,,36,1 Official髭男dism,,"1月 1, 1970",3137707,"36 1 Official髭男dism 1月 1, 1970 35 286 3,137,707"
2026-08-07,kr,South Korea,top_artists_weekly,,37,"5 Car, the garden",,"1月 1, 1970",3034504,"37 5 Car, the garden 1月 1, 1970 32 289 3,034,504"
2026-08-07,kr,South Korea,top_artists_weekly,,38,● BABYMONSTER,,"1月 1, 1970",2946098,"38 ● BABYMONSTER 1月 1, 1970 38 142 2,946,098"
2026-08-07,kr,South Korea,top_artists_weekly,,39,5 許閣,,"1月 1, 1970",2935629,"39 5 許閣 1月 1, 1970 44 413 2,935,629"
2026-08-07,kr,South Korea,top_artists_weekly,,40,4 高潤荷,,"1月 1, 1970",2921297,"40 4 高潤荷 1月 1, 1970 36 337 2,921,297"
2026-08-07,kr,South Korea,top_artists_weekly,,41,1 M.C THE MAX,,"1月 1, 1970",2905451,"41 1 M.C THE MAX 1月 1, 1970 42 515 2,905,451"
2026-08-07,kr,South Korea,top_artists_weekly,,42,1 이무진,,"1月 1, 1970",2890828,"42 1 이무진 1月 1, 1970 41 272 2,890,828"
2026-08-07,kr,South Korea,top_artists_weekly,,43,● WOODZ,,"1月 1, 1970",2750296,"43 ● WOODZ 1月 1, 1970 43 156 2,750,296"
2026-08-07,kr,South Korea,top_artists_weekly,,44,2 黑裙子,,"1月 1, 1970",2743722,"44 2 黑裙子 1月 1, 1970 46 286 2,743,722"
2026-08-07,kr,South Korea,top_artists_weekly,,45,2 N.Flying,,"1月 1, 1970",2718013,"45 2 N.Flying 1月 1, 1970 47 337 2,718,013"
2026-08-07,kr,South Korea,top_artists_weekly,,46,6 I.O.I,,"1月 1, 1970",2698259,"46 6 I.O.I 1月 1, 1970 40 132 2,698,259"
2026-08-07,kr,South Korea,top_artists_weekly,,47,5 BIG Naughty,,"1月 1, 1970",2681353,"47 5 BIG Naughty 1月 1, 1970 52 284 2,681,353"
2026-08-07,kr,South Korea,top_artists_weekly,,48,1 YORUSHIKA,,"1月 1, 1970",2632253,"48 1 YORUSHIKA 1月 1, 1970 49 330 2,632,253"
2026-08-07,kr,South Korea,top_artists_weekly,,49,9 朴彩英,,"1月 1, 1970",2610605,"49 9 朴彩英 1月 1, 1970 58 156 2,610,605"
2026-08-07,kr,South Korea,top_artists_weekly,,50,3 Stray Kids,,"1月 1, 1970",2608513,"50 3 Stray Kids 1月 1, 1970 53 295 2,608,513"
2026-08-07,kr,South Korea,top_artists_weekly,,51,10 Red Velvet,,"1月 1, 1970",2587920,"51 10 Red Velvet 1月 1, 1970 61 515 2,587,920"
2026-08-07,kr,South Korea,top_artists_weekly,,52,7 (G)I,DLE,"1月 1, 1970",2582414,"52 7 (G)I-DLE 1月 1, 1970 45 422 2,582,414"
2026-08-07,kr,South Korea,top_artists_weekly,,53,3 Bruno Mars,,"1月 1, 1970",2569858,"53 3 Bruno Mars 1月 1, 1970 50 486 2,569,858"
2026-08-07,kr,South Korea,top_artists_weekly,,54,Mrs. GREEN APPLE,,,,Mrs. GREEN APPLE
2026-08-07,kr,South Korea,top_artists_weekly,,55,5 tuki.,,"1月 1, 1970",2500123,"55 5 tuki. 1月 1, 1970 60 126 2,500,123"
2026-08-07,kr,South Korea,top_artists_weekly,,56,5 Heize,,"1月 1, 1970",2469157,"56 5 Heize 1月 1, 1970 51 513 2,469,157"
2026-08-07,kr,South Korea,top_artists_weekly,,57,11 Crush,,"1月 1, 1970",2442009,"57 11 Crush 1月 1, 1970 68 488 2,442,009"
2026-08-07,kr,South Korea,top_artists_weekly,,58,28 HWASA,,"1月 1, 1970",2421973,"58 28 HWASA 1月 1, 1970 30 241 2,421,973"
2026-08-07,kr,South Korea,top_artists_weekly,,59,4 10cm,,"1月 1, 1970",2421610,"59 4 10cm 1月 1, 1970 55 105 2,421,610"
2026-08-07,kr,South Korea,top_artists_weekly,,60,1 Jannabi,,"1月 1, 1970",2408953,"60 1 Jannabi 1月 1, 1970 59 384 2,408,953"
2026-08-07,kr,South Korea,top_artists_weekly,,61,8 Haon,,"1月 1, 1970",2373386,"61 8 Haon 1月 1, 1970 69 279 2,373,386"
2026-08-07,kr,South Korea,top_artists_weekly,,62,● Changmo,,"1月 1, 1970",2369855,"62 ● Changmo 1月 1, 1970 62 476 2,369,855"
2026-08-07,kr,South Korea,top_artists_weekly,,63,1 Seventeen,,"1月 1, 1970",2340649,"63 1 Seventeen 1月 1, 1970 64 515 2,340,649"
2026-08-07,kr,South Korea,top_artists_weekly,,64,7 BOYNEXTDOOR,,"1月 1, 1970",2339304,"64 7 BOYNEXTDOOR 1月 1, 1970 57 135 2,339,304"
2026-08-07,kr,South Korea,top_artists_weekly,,65,● Sik,K,"1月 1, 1970",2320956,"65 ● Sik-K 1月 1, 1970 65 429 2,320,956"
2026-08-07,kr,South Korea,top_artists_weekly,,66,10 QWER,,"1月 1, 1970",2298721,"66 10 QWER 1月 1, 1970 56 144 2,298,721"
2026-08-07,kr,South Korea,top_artists_weekly,,67,● ASH ISLAND,,"1月 1, 1970",2280811,"67 ● ASH ISLAND 1月 1, 1970 67 369 2,280,811"
2026-08-07,kr,South Korea,top_artists_weekly,,68,5 YENA,,"1月 1, 1970",2248616,"68 5 YENA 1月 1, 1970 63 225 2,248,616"
2026-08-07,kr,South Korea,top_artists_weekly,,69,69 Young K,,"1月 1, 1970",2236333,"69 69 Young K 1月 1, 1970 - 70 2,236,333"
2026-08-07,kr,South Korea,top_artists_weekly,,70,4 Monday Kiz,,"1月 1, 1970",2227570,"70 4 Monday Kiz 1月 1, 1970 66 376 2,227,570"
2026-08-07,kr,South Korea,top_artists_weekly,,71,● TOIL,,"1月 1, 1970",2204231,"71 ● TOIL 1月 1, 1970 71 286 2,204,231"
2026-08-07,kr,South Korea,top_artists_weekly,,72,1 Ariana Grande,,"1月 1, 1970",2191127,"72 1 Ariana Grande 1月 1, 1970 73 515 2,191,127"
2026-08-07,kr,South Korea,top_artists_weekly,,73,2 T,ara,"1月 1, 1970",2183905,"73 2 T-ara 1月 1, 1970 75 60 2,183,905"
2026-08-07,kr,South Korea,top_artists_weekly,,74,7 少女時代,,"1月 1, 1970",2158772,"74 7 少女時代 1月 1, 1970 81 513 2,158,772"
2026-08-07,kr,South Korea,top_artists_weekly,,75,5 NCT WISH,,"1月 1, 1970",2129656,"75 5 NCT WISH 1月 1, 1970 70 109 2,129,656"
2026-08-07,kr,South Korea,top_artists_weekly,,76,10 COOL,,"1月 1, 1970",2121142,"76 10 COOL 1月 1, 1970 86 304 2,121,142"
2026-08-07,kr,South Korea,top_artists_weekly,,77,5 白藝潾,,"1月 1, 1970",2115709,"77 5 白藝潾 1月 1, 1970 72 386 2,115,709"
2026-08-07,kr,South Korea,top_artists_weekly,,78,78 BIBI,,"1月 1, 1970",2066805,"78 78 BIBI 1月 1, 1970 - 289 2,066,805"
2026-08-07,kr,South Korea,top_artists_weekly,,79,3 Taylor Swift,,"1月 1, 1970",2063893,"79 3 Taylor Swift 1月 1, 1970 76 505 2,063,893"
2026-08-07,kr,South Korea,top_artists_weekly,,80,2 LUCY,,"1月 1, 1970",2052691,"80 2 LUCY 1月 1, 1970 78 235 2,052,691"
2026-08-07,kr,South Korea,top_artists_weekly,,81,7 YOASOBI,,"1月 1, 1970",2046189,"81 7 YOASOBI 1月 1, 1970 74 286 2,046,189"
2026-08-07,kr,South Korea,top_artists_weekly,,82,● 樑洪元,,"1月 1, 1970",2045950,"82 ● 樑洪元 1月 1, 1970 82 418 2,045,950"
2026-08-07,kr,South Korea,top_artists_weekly,,83,6 The Weeknd,,"1月 1, 1970",2009246,"83 6 The Weeknd 1月 1, 1970 77 371 2,009,246"
2026-08-07,kr,South Korea,top_artists_weekly,,84,5 Zia,,"1月 1, 1970",1993125,"84 5 Zia 1月 1, 1970 79 293 1,993,125"
2026-08-07,kr,South Korea,top_artists_weekly,,85,5 Buzz,,"1月 1, 1970",1931662,"85 5 Buzz 1月 1, 1970 80 422 1,931,662"
2026-08-07,kr,South Korea,top_artists_weekly,,86,1 Han Yo,han,"1月 1, 1970",1890046,"86 1 Han Yo-han 1月 1, 1970 87 361 1,890,046"
2026-08-07,kr,South Korea,top_artists_weekly,,87,9 2NE1,,"1月 1, 1970",1859389,"87 9 2NE1 1月 1, 1970 96 434 1,859,389"
2026-08-07,kr,South Korea,top_artists_weekly,,88,88 KATSEYE,,"1月 1, 1970",1856125,"88 88 KATSEYE 1月 1, 1970 - 76 1,856,125"
2026-08-07,kr,South Korea,top_artists_weekly,,89,4 都敬秀,,"1月 1, 1970",1838509,"89 4 都敬秀 1月 1, 1970 85 143 1,838,509"
2026-08-07,kr,South Korea,top_artists_weekly,,90,7 Kid Wine,,"1月 1, 1970",1834939,"90 7 Kid Wine 1月 1, 1970 83 259 1,834,939"
2026-08-07,kr,South Korea,top_artists_weekly,,91,3 Dynamic Duo,,"1月 1, 1970",1828951,"91 3 Dynamic Duo 1月 1, 1970 88 344 1,828,951"
2026-08-07,kr,South Korea,top_artists_weekly,,92,92 JIN YOUNG,,"1月 1, 1970",1824479,"92 92 JIN YOUNG 1月 1, 1970 - 9 1,824,479"
2026-08-07,kr,South Korea,top_artists_weekly,,93,9 伍迪,,"1月 1, 1970",1817310,"93 9 伍迪 1月 1, 1970 84 45 1,817,310"
2026-08-07,kr,South Korea,top_artists_weekly,,94,94 李承哲,,"1月 1, 1970",1807598,"94 94 李承哲 1月 1, 1970 - 348 1,807,598"
2026-08-07,kr,South Korea,top_artists_weekly,,95,3 EXO,,"1月 1, 1970",1803257,"95 3 EXO 1月 1, 1970 98 515 1,803,257"
2026-08-07,kr,South Korea,top_artists_weekly,,96,5 pH,,"1月 1, 1970",1798784,"96 5 pH-1 1月 1, 1970 91 403 1,798,784"
2026-08-07,kr,South Korea,top_artists_weekly,,97,3 保羅·基姆,,"1月 1, 1970",1798696,"97 3 保羅·基姆 1月 1, 1970 94 432 1,798,696"
2026-08-07,kr,South Korea,top_artists_weekly,,98,9 K.Will,,"1月 1, 1970",1798014,"98 9 K.Will 1月 1, 1970 89 415 1,798,014"
2026-08-07,kr,South Korea,top_artists_weekly,,99,4 Leessang,,"1月 1, 1970",1770199,"99 4 Leessang 1月 1, 1970 95 301 1,770,199"
2026-08-07,kr,South Korea,top_artists_weekly,,100,8 Vaundy,,"1月 1, 1970",1759466,"100 8 Vaundy 1月 1, 1970 92 201 1,759,466"
2026-08-07,vn,Vietnam,top_artists_weekly,,1,● RPT MCK,,"1月 1, 1970",9662062,"1 ● RPT MCK 1月 1, 1970 1 15 9,662,062"
2026-08-07,vn,Vietnam,top_artists_weekly,,2,● Hngle,,"1月 1, 1970",8559495,"2 ● Hngle 1月 1, 1970 2 15 8,559,495"
2026-08-07,vn,Vietnam,top_artists_weekly,,3,● Dangrangto,,"1月 1, 1970",6529870,"3 ● Dangrangto 1月 1, 1970 3 15 6,529,870"
2026-08-07,vn,Vietnam,top_artists_weekly,,4,Anh Trai Vượt Ngàn Chông Gai,,,,Anh Trai Vượt Ngàn Chông Gai
2026-08-07,vn,Vietnam,top_artists_weekly,,5,1 Quoc Thien,,"1月 1, 1970",5881068,"5 1 Quoc Thien 1月 1, 1970 4 15 5,881,068"
2026-08-07,vn,Vietnam,top_artists_weekly,,6,2 HIEUTHUHAI,,"1月 1, 1970",5549430,"6 2 HIEUTHUHAI 1月 1, 1970 8 15 5,549,430"
2026-08-07,vn,Vietnam,top_artists_weekly,,7,Quang Hùng MasterD,,,,Quang Hùng MasterD
2026-08-07,vn,Vietnam,top_artists_weekly,,8,2 DONAL,,"1月 1, 1970",5005822,"8 2 DONAL 1月 1, 1970 6 15 5,005,822"
2026-08-07,vn,Vietnam,top_artists_weekly,,9,2 GREY D,,"1月 1, 1970",4902255,"9 2 GREY D 1月 1, 1970 7 15 4,902,255"
2026-08-07,vn,Vietnam,top_artists_weekly,,10,5 山松,,"1月 1, 1970",4900859,"10 5 山松 1月 1, 1970 5 15 4,900,859"
2026-08-07,vn,Vietnam,top_artists_weekly,,11,4 Da LAB,,"1月 1, 1970",4166459,"11 4 Da LAB 1月 1, 1970 15 15 4,166,459"
2026-08-07,vn,Vietnam,top_artists_weekly,,12,3 Binz,,"1月 1, 1970",4106526,"12 3 Binz 1月 1, 1970 9 15 4,106,526"
2026-08-07,vn,Vietnam,top_artists_weekly,,13,3 JustaTee,,"1月 1, 1970",4089301,"13 3 JustaTee 1月 1, 1970 10 15 4,089,301"
2026-08-07,vn,Vietnam,top_artists_weekly,,14,4 buitruonglinh,,"1月 1, 1970",4011731,"14 4 buitruonglinh 1月 1, 1970 18 15 4,011,731"
2026-08-07,vn,Vietnam,top_artists_weekly,,15,6 Hoàng Dũng,,"1月 1, 1970",4010234,"15 6 Hoàng Dũng 1月 1, 1970 21 15 4,010,234"
2026-08-07,vn,Vietnam,top_artists_weekly,,16,8 DatG Music,,"1月 1, 1970",3775121,"16 8 DatG Music 1月 1, 1970 24 15 3,775,121"
2026-08-07,vn,Vietnam,top_artists_weekly,,17,5 皇杉,,"1月 1, 1970",3494062,"17 5 皇杉 1月 1, 1970 12 15 3,494,062"
2026-08-07,vn,Vietnam,top_artists_weekly,,18,5 Thái Học,,"1月 1, 1970",3431945,"18 5 Thái Học 1月 1, 1970 13 15 3,431,945"
2026-08-07,vn,Vietnam,top_artists_weekly,,19,5 Thanh Hưng,,"1月 1, 1970",3246458,"19 5 Thanh Hưng 1月 1, 1970 14 15 3,246,458"
2026-08-07,vn,Vietnam,top_artists_weekly,,20,44 Dương Domic,,"1月 1, 1970",3122965,"20 44 Dương Domic 1月 1, 1970 64 15 3,122,965"
2026-08-07,vn,Vietnam,top_artists_weekly,,21,4 Obito,,"1月 1, 1970",3005170,"21 4 Obito 1月 1, 1970 17 15 3,005,170"
2026-08-07,vn,Vietnam,top_artists_weekly,,22,22 JSOL,,"1月 1, 1970",2921831,"22 22 JSOL 1月 1, 1970 - 3 2,921,831"
2026-08-07,vn,Vietnam,top_artists_weekly,,23,3 B Ray,,"1月 1, 1970",2796541,"23 3 B Ray 1月 1, 1970 20 15 2,796,541"
2026-08-07,vn,Vietnam,top_artists_weekly,,24,24 Hà An Huy,,"1月 1, 1970",2745442,"24 24 Hà An Huy 1月 1, 1970 - 3 2,745,442"
2026-08-07,vn,Vietnam,top_artists_weekly,,25,50 黃尊,,"1月 1, 1970",2624598,"25 50 黃尊 1月 1, 1970 75 15 2,624,598"
2026-08-07,vn,Vietnam,top_artists_weekly,,26,1 阮福盛,,"1月 1, 1970",2511938,"26 1 阮福盛 1月 1, 1970 25 15 2,511,938"
2026-08-07,vn,Vietnam,top_artists_weekly,,27,6 Phương Mỹ Chi,,"1月 1, 1970",2443734,"27 6 Phương Mỹ Chi 1月 1, 1970 33 15 2,443,734"
2026-08-07,vn,Vietnam,top_artists_weekly,,28,6 Út Nhị Mino,,"1月 1, 1970",2440717,"28 6 Út Nhị Mino 1月 1, 1970 22 15 2,440,717"
2026-08-07,vn,Vietnam,top_artists_weekly,,29,2 黄毓敏,,"1月 1, 1970",2432154,"29 2 黄毓敏 1月 1, 1970 27 15 2,432,154"
2026-08-07,vn,Vietnam,top_artists_weekly,,30,4 Hương Ly,,"1月 1, 1970",2381367,"30 4 Hương Ly 1月 1, 1970 26 15 2,381,367"
2026-08-07,vn,Vietnam,top_artists_weekly,,31,2 Shiki,,"1月 1, 1970",2356383,"31 2 Shiki 1月 1, 1970 29 15 2,356,383"
2026-08-07,vn,Vietnam,top_artists_weekly,,32,32 Song Luân,,"1月 1, 1970",2348487,"32 32 Song Luân 1月 1, 1970 - 3 2,348,487"
2026-08-07,vn,Vietnam,top_artists_weekly,,33,1 Low G,,"1月 1, 1970",2346111,"33 1 Low G 1月 1, 1970 34 15 2,346,111"
2026-08-07,vn,Vietnam,top_artists_weekly,,34,15 COOLKID,,"1月 1, 1970",2340963,"34 15 COOLKID 1月 1, 1970 19 15 2,340,963"
2026-08-07,vn,Vietnam,top_artists_weekly,,35,4 tlinh,,"1月 1, 1970",2330243,"35 4 tlinh 1月 1, 1970 31 15 2,330,243"
2026-08-07,vn,Vietnam,top_artists_weekly,,36,36 14 Casper,,"1月 1, 1970",2309111,"36 36 14 Casper 1月 1, 1970 - 15 2,309,111"
2026-08-07,vn,Vietnam,top_artists_weekly,,37,37 (S)TRONG,,"1月 1, 1970",2303832,"37 37 (S)TRONG 1月 1, 1970 - 15 2,303,832"
2026-08-07,vn,Vietnam,top_artists_weekly,,38,3 Đen,,"1月 1, 1970",2273151,"38 3 Đen 1月 1, 1970 35 15 2,273,151"
2026-08-07,vn,Vietnam,top_artists_weekly,,39,39 Vương Anh Tú,,"1月 1, 1970",2261257,"39 39 Vương Anh Tú 1月 1, 1970 - 12 2,261,257"
2026-08-07,vn,Vietnam,top_artists_weekly,,40,12 Đan Nguyên,,"1月 1, 1970",2207416,"40 12 Đan Nguyên 1月 1, 1970 28 15 2,207,416"
2026-08-07,vn,Vietnam,top_artists_weekly,,41,41 Jennie,,"1月 1, 1970",2203602,"41 41 Jennie 1月 1, 1970 - 15 2,203,602"
2026-08-07,vn,Vietnam,top_artists_weekly,,42,10 Thành Đạt,,"1月 1, 1970",2185387,"42 10 Thành Đạt 1月 1, 1970 32 15 2,185,387"
2026-08-07,vn,Vietnam,top_artists_weekly,,43,6 光黎,,"1月 1, 1970",2142553,"43 6 光黎 1月 1, 1970 37 15 2,142,553"
2026-08-07,vn,Vietnam,top_artists_weekly,,44,Sơn.K,,"1月 1, 1970",2121488,"44 New Sơn.K 1月 1, 1970 - 1 2,121,488"
2026-08-07,vn,Vietnam,top_artists_weekly,,45,4 Thanh Ngân,,"1月 1, 1970",2119341,"45 4 Thanh Ngân 1月 1, 1970 49 15 2,119,341"
2026-08-07,vn,Vietnam,top_artists_weekly,,46,10 CORTIS,,"1月 1, 1970",2113868,"46 10 CORTIS 1月 1, 1970 36 15 2,113,868"
2026-08-07,vn,Vietnam,top_artists_weekly,,47,17 周凱峰,,"1月 1, 1970",2107448,"47 17 周凱峰 1月 1, 1970 30 15 2,107,448"
2026-08-07,vn,Vietnam,top_artists_weekly,,48,8 Jack,J97,"1月 1, 1970",2089558,"48 8 Jack - J97 1月 1, 1970 40 15 2,089,558"
2026-08-07,vn,Vietnam,top_artists_weekly,,49,5 Dao Nguyen Anh,,"1月 1, 1970",2089070,"49 5 Dao Nguyen Anh 1月 1, 1970 54 15 2,089,070"
2026-08-07,vn,Vietnam,top_artists_weekly,,50,8 Vũ.,,"1月 1, 1970",2085896,"50 8 Vũ. 1月 1, 1970 42 15 2,085,896"
2026-08-07,vn,Vietnam,top_artists_weekly,,51,13 CaoTri,,"1月 1, 1970",2066209,"51 13 CaoTri 1月 1, 1970 38 15 2,066,209"
2026-08-07,vn,Vietnam,top_artists_weekly,,52,9 Karik,,"1月 1, 1970",1988869,"52 9 Karik 1月 1, 1970 43 15 1,988,869"
2026-08-07,vn,Vietnam,top_artists_weekly,,53,53 WEAN,,"1月 1, 1970",1983904,"53 53 WEAN 1月 1, 1970 - 15 1,983,904"
2026-08-07,vn,Vietnam,top_artists_weekly,,54,54 Khánh Cường,,"1月 1, 1970",1961250,"54 54 Khánh Cường 1月 1, 1970 - 15 1,961,250"
2026-08-07,vn,Vietnam,top_artists_weekly,,55,55 OSAD,,"1月 1, 1970",1959912,"55 55 OSAD 1月 1, 1970 - 3 1,959,912"
2026-08-07,vn,Vietnam,top_artists_weekly,,56,56 CONGB,,"1月 1, 1970",1950637,"56 56 CONGB 1月 1, 1970 - 3 1,950,637"
2026-08-07,vn,Vietnam,top_artists_weekly,,57,11 Ariana Grande,,"1月 1, 1970",1942474,"57 11 Ariana Grande 1月 1, 1970 46 15 1,942,474"
2026-08-07,vn,Vietnam,top_artists_weekly,,58,2 Hòa Minzy,,"1月 1, 1970",1933775,"58 2 Hòa Minzy 1月 1, 1970 60 15 1,933,775"
2026-08-07,vn,Vietnam,top_artists_weekly,,59,14 Mr. Siro,,"1月 1, 1970",1933007,"59 14 Mr. Siro 1月 1, 1970 45 15 1,933,007"
2026-08-07,vn,Vietnam,top_artists_weekly,,60,10 Quân A.P,,"1月 1, 1970",1917224,"60 10 Quân A.P 1月 1, 1970 50 15 1,917,224"
2026-08-07,vn,Vietnam,top_artists_weekly,,61,22 NDMT,,"1月 1, 1970",1915937,"61 22 NDMT 1月 1, 1970 39 15 1,915,937"
2026-08-07,vn,Vietnam,top_artists_weekly,,62,10 Phúc Du,,"1月 1, 1970",1885797,"62 10 Phúc Du 1月 1, 1970 52 15 1,885,797"
2026-08-07,vn,Vietnam,top_artists_weekly,,63,12 Lê Gia Bảo,,"1月 1, 1970",1878573,"63 12 Lê Gia Bảo 1月 1, 1970 51 15 1,878,573"
2026-08-07,vn,Vietnam,top_artists_weekly,,64,6 克越,,"1月 1, 1970",1830616,"64 6 克越 1月 1, 1970 58 15 1,830,616"
2026-08-07,vn,Vietnam,top_artists_weekly,,65,6 Xanh,,"1月 1, 1970",1820828,"65 6 Xanh 1月 1, 1970 59 6 1,820,828"
2026-08-07,vn,Vietnam,top_artists_weekly,,66,7 Đình Dũng,,"1月 1, 1970",1820681,"66 7 Đình Dũng 1月 1, 1970 73 15 1,820,681"
2026-08-07,vn,Vietnam,top_artists_weekly,,67,14 Bảo Anh,,"1月 1, 1970",1794755,"67 14 Bảo Anh 1月 1, 1970 53 15 1,794,755"
2026-08-07,vn,Vietnam,top_artists_weekly,,68,Trịnh Thăng Bình,,,,Trịnh Thăng Bình
2026-08-07,vn,Vietnam,top_artists_weekly,,69,6 Anh Quân Idol,,"1月 1, 1970",1779206,"69 6 Anh Quân Idol 1月 1, 1970 63 15 1,779,206"
2026-08-07,vn,Vietnam,top_artists_weekly,,70,13 Masew,,"1月 1, 1970",1777828,"70 13 Masew 1月 1, 1970 57 15 1,777,828"
2026-08-07,vn,Vietnam,top_artists_weekly,,71,71 Wren Evans,,"1月 1, 1970",1755124,"71 71 Wren Evans 1月 1, 1970 - 15 1,755,124"
2026-08-07,vn,Vietnam,top_artists_weekly,,72,7 VSTRA,,"1月 1, 1970",1754490,"72 7 VSTRA 1月 1, 1970 65 15 1,754,490"
2026-08-07,vn,Vietnam,top_artists_weekly,,73,25 Minh Huy,,"1月 1, 1970",1753829,"73 25 Minh Huy 1月 1, 1970 48 15 1,753,829"
2026-08-07,vn,Vietnam,top_artists_weekly,,74,4 ERIK,,"1月 1, 1970",1743653,"74 4 ERIK 1月 1, 1970 70 15 1,743,653"
2026-08-07,vn,Vietnam,top_artists_weekly,,75,1 Shakira,,"1月 1, 1970",1739500,"75 1 Shakira 1月 1, 1970 74 10 1,739,500"
2026-08-07,vn,Vietnam,top_artists_weekly,,76,9 洪疃,,"1月 1, 1970",1738969,"76 9 洪疃 1月 1, 1970 67 15 1,738,969"
2026-08-07,vn,Vietnam,top_artists_weekly,,77,36 Oliver Tree,,"1月 1, 1970",1720974,"77 36 Oliver Tree 1月 1, 1970 41 7 1,720,974"
2026-08-07,vn,Vietnam,top_artists_weekly,,78,10 Justin Bieber,,"1月 1, 1970",1707580,"78 10 Justin Bieber 1月 1, 1970 68 15 1,707,580"
2026-08-07,vn,Vietnam,top_artists_weekly,,79,10 Tăng Duy Tân,,"1月 1, 1970",1699702,"79 10 Tăng Duy Tân 1月 1, 1970 69 15 1,699,702"
2026-08-07,vn,Vietnam,top_artists_weekly,,80,9 The Weeknd,,"1月 1, 1970",1683203,"80 9 The Weeknd 1月 1, 1970 71 15 1,683,203"
2026-08-07,vn,Vietnam,top_artists_weekly,,81,20 Anh Tú,,"1月 1, 1970",1670123,"81 20 Anh Tú 1月 1, 1970 61 15 1,670,123"
2026-08-07,vn,Vietnam,top_artists_weekly,,82,5 如瓊,,"1月 1, 1970",1643837,"82 5 如瓊 1月 1, 1970 77 15 1,643,837"
2026-08-07,vn,Vietnam,top_artists_weekly,,83,21 Ari,,"1月 1, 1970",1624097,"83 21 Ari 1月 1, 1970 62 15 1,624,097"
2026-08-07,vn,Vietnam,top_artists_weekly,,84,8 潘孟瓊,,"1月 1, 1970",1604545,"84 8 潘孟瓊 1月 1, 1970 76 15 1,604,545"
2026-08-07,vn,Vietnam,top_artists_weekly,,85,4 Tiến võ,,"1月 1, 1970",1604338,"85 4 Tiến võ 1月 1, 1970 89 8 1,604,338"
2026-08-07,vn,Vietnam,top_artists_weekly,,86,8 Minh Vuong M4U,,"1月 1, 1970",1595877,"86 8 Minh Vuong M4U 1月 1, 1970 78 15 1,595,877"
2026-08-07,vn,Vietnam,top_artists_weekly,,87,7 ICM,,"1月 1, 1970",1580749,"87 7 ICM 1月 1, 1970 80 15 1,580,749"
2026-08-07,vn,Vietnam,top_artists_weekly,,88,88 Quang Lập,,"1月 1, 1970",1579671,"88 88 Quang Lập 1月 1, 1970 - 15 1,579,671"
2026-08-07,vn,Vietnam,top_artists_weekly,,89,2 Trung Quân,,"1月 1, 1970",1567890,"89 2 Trung Quân 1月 1, 1970 91 15 1,567,890"
2026-08-07,vn,Vietnam,top_artists_weekly,,90,24 Linh Hương Luz,,"1月 1, 1970",1555626,"90 24 Linh Hương Luz 1月 1, 1970 66 15 1,555,626"
2026-08-07,vn,Vietnam,top_artists_weekly,,91,91 Đăng Khôi,,"1月 1, 1970",1552030,"91 91 Đăng Khôi 1月 1, 1970 - 15 1,552,030"
2026-08-07,vn,Vietnam,top_artists_weekly,,92,2 Fishy,,"1月 1, 1970",1548380,"92 2 Fishy 1月 1, 1970 90 14 1,548,380"
2026-08-07,vn,Vietnam,top_artists_weekly,,93,5 Bạch Duy Sơn,,"1月 1, 1970",1530006,"93 5 Bạch Duy Sơn 1月 1, 1970 88 15 1,530,006"
2026-08-07,vn,Vietnam,top_artists_weekly,,94,7 菲蓉,,"1月 1, 1970",1509817,"94 7 菲蓉 1月 1, 1970 87 15 1,509,817"
2026-08-07,vn,Vietnam,top_artists_weekly,,95,Nguyễn Thạc Bảo Ngọc,,,,Nguyễn Thạc Bảo Ngọc
2026-08-07,vn,Vietnam,top_artists_weekly,,96,96 Hoài Lâm,,"1月 1, 1970",1492397,"96 96 Hoài Lâm 1月 1, 1970 - 15 1,492,397"
2026-08-07,vn,Vietnam,top_artists_weekly,,97,18 Thu Hường,,"1月 1, 1970",1482596,"97 18 Thu Hường 1月 1, 1970 79 15 1,482,596"
2026-08-07,vn,Vietnam,top_artists_weekly,,98,98 ILLIT,,"1月 1, 1970",1459141,"98 98 ILLIT 1月 1, 1970 - 14 1,459,141"
2026-08-07,vn,Vietnam,top_artists_weekly,,99,99 AMEE,,"1月 1, 1970",1456373,"99 99 AMEE 1月 1, 1970 - 15 1,456,373"
2026-08-07,vn,Vietnam,top_artists_weekly,,100,8 CM1X,,"1月 1, 1970",1453658,"100 8 CM1X 1月 1, 1970 92 15 1,453,658"
2026-08-07,th,Thailand,top_artists_weekly,,1,● BOWKYLION,,"1月 1, 1970",11146665,"1 ● BOWKYLION 1月 1, 1970 1 15 11,146,665"
2026-08-07,th,Thailand,top_artists_weekly,,2,1 Bodyslam,,"1月 1, 1970",10439557,"2 1 Bodyslam 1月 1, 1970 3 15 10,439,557"
2026-08-07,th,Thailand,top_artists_weekly,,3,1 Loso,,"1月 1, 1970",10390594,"3 1 Loso 1月 1, 1970 4 15 10,390,594"
2026-08-07,th,Thailand,top_artists_weekly,,4,2 ILLSLICK,,"1月 1, 1970",10297662,"4 2 ILLSLICK 1月 1, 1970 2 15 10,297,662"
2026-08-07,th,Thailand,top_artists_weekly,,5,1 PUN,,"1月 1, 1970",9662949,"5 1 PUN 1月 1, 1970 6 15 9,662,949"
2026-08-07,th,Thailand,top_artists_weekly,,6,1 YOUNGOHM,,"1月 1, 1970",9278322,"6 1 YOUNGOHM 1月 1, 1970 5 15 9,278,322"
2026-08-07,th,Thailand,top_artists_weekly,,7,1 PURPEECH,,"1月 1, 1970",9116371,"7 1 PURPEECH 1月 1, 1970 8 15 9,116,371"
2026-08-07,th,Thailand,top_artists_weekly,,8,1 蒙肯·根坤,,"1月 1, 1970",8792082,"8 1 蒙肯·根坤 1月 1, 1970 7 15 8,792,082"
2026-08-07,th,Thailand,top_artists_weekly,,9,● COCKTAIL,,"1月 1, 1970",8190014,"9 ● COCKTAIL 1月 1, 1970 9 15 8,190,014"
2026-08-07,th,Thailand,top_artists_weekly,,10,● Three Man Down,,"1月 1, 1970",7993469,"10 ● Three Man Down 1月 1, 1970 10 15 7,993,469"
2026-08-07,th,Thailand,top_artists_weekly,,11,● SARAN,,"1月 1, 1970",7697714,"11 ● SARAN 1月 1, 1970 11 15 7,697,714"
2026-08-07,th,Thailand,top_artists_weekly,,12,● Silly Fools,,"1月 1, 1970",7351634,"12 ● Silly Fools 1月 1, 1970 12 15 7,351,634"
2026-08-07,th,Thailand,top_artists_weekly,,13,2 KRK,,"1月 1, 1970",6711088,"13 2 KRK 1月 1, 1970 15 15 6,711,088"
2026-08-07,th,Thailand,top_artists_weekly,,14,พงษ์สิทธิ์ คำภีร์,,,,พงษ์สิทธิ์ คำภีร์
2026-08-07,th,Thailand,top_artists_weekly,,15,3 大屁股樂團,,"1月 1, 1970",6335342,"15 3 大屁股樂團 1月 1, 1970 18 15 6,335,342"
2026-08-07,th,Thailand,top_artists_weekly,,16,1 BLVCKHEART,,"1月 1, 1970",6251899,"16 1 BLVCKHEART 1月 1, 1970 17 15 6,251,899"
2026-08-07,th,Thailand,top_artists_weekly,,17,2 卡拉寶,,"1月 1, 1970",6172077,"17 2 卡拉寶 1月 1, 1970 19 15 6,172,077"
2026-08-07,th,Thailand,top_artists_weekly,,18,4 Kong Huayrai,,"1月 1, 1970",6072808,"18 4 Kong Huayrai 1月 1, 1970 14 15 6,072,808"
2026-08-07,th,Thailand,top_artists_weekly,,19,3 Ariana Grande,,"1月 1, 1970",6057043,"19 3 Ariana Grande 1月 1, 1970 16 15 6,057,043"
2026-08-07,th,Thailand,top_artists_weekly,,20,อ.ไข่ มาลีฮวนน่า,,,,อ.ไข่ มาลีฮวนน่า
2026-08-07,th,Thailand,top_artists_weekly,,21,1 JOEY PHUWASIT,,"1月 1, 1970",5511280,"21 1 JOEY PHUWASIT 1月 1, 1970 20 15 5,511,280"
2026-08-07,th,Thailand,top_artists_weekly,,22,1 賽桑・蘇品麥,,"1月 1, 1970",5300646,"22 1 賽桑・蘇品麥 1月 1, 1970 23 15 5,300,646"
2026-08-07,th,Thailand,top_artists_weekly,,23,1 奧拉泰,,"1月 1, 1970",5295162,"23 1 奧拉泰 1月 1, 1970 22 15 5,295,162"
2026-08-07,th,Thailand,top_artists_weekly,,24,2 FREEHAND,,"1月 1, 1970",4632848,"24 2 FREEHAND 1月 1, 1970 26 15 4,632,848"
2026-08-07,th,Thailand,top_artists_weekly,,25,3 Dr.Fuu,,"1月 1, 1970",4500176,"25 3 Dr.Fuu 1月 1, 1970 28 15 4,500,176"
2026-08-07,th,Thailand,top_artists_weekly,,26,9 PROXIE,,"1月 1, 1970",4479459,"26 9 PROXIE 1月 1, 1970 35 15 4,479,459"
2026-08-07,th,Thailand,top_artists_weekly,,27,● Musketeers,,"1月 1, 1970",4434379,"27 ● Musketeers 1月 1, 1970 27 15 4,434,379"
2026-08-07,th,Thailand,top_artists_weekly,,28,4 欽達拉·蓬叻,,"1月 1, 1970",4357018,"28 4 欽達拉·蓬叻 1月 1, 1970 24 15 4,357,018"
2026-08-07,th,Thailand,top_artists_weekly,,29,1 Bedroom Audio,,"1月 1, 1970",4282888,"29 1 Bedroom Audio 1月 1, 1970 30 15 4,282,888"
2026-08-07,th,Thailand,top_artists_weekly,,30,5 NONT TANONT,,"1月 1, 1970",4163800,"30 5 NONT TANONT 1月 1, 1970 25 15 4,163,800"
2026-08-07,th,Thailand,top_artists_weekly,,31,● Yes'sir days,,"1月 1, 1970",4141723,"31 ● Yes'sir days 1月 1, 1970 31 15 4,141,723"
2026-08-07,th,Thailand,top_artists_weekly,,32,1 Tattoo Colour,,"1月 1, 1970",4124284,"32 1 Tattoo Colour 1月 1, 1970 33 15 4,124,284"
2026-08-07,th,Thailand,top_artists_weekly,,33,5 派·蓬沙吞,,"1月 1, 1970",3930314,"33 5 派·蓬沙吞 1月 1, 1970 38 15 3,930,314"
2026-08-07,th,Thailand,top_artists_weekly,,34,2 The Weeknd,,"1月 1, 1970",3929893,"34 2 The Weeknd 1月 1, 1970 32 15 3,929,893"
2026-08-07,th,Thailand,top_artists_weekly,,35,1 埋代•話摘星,,"1月 1, 1970",3899548,"35 1 埋代•話摘星 1月 1, 1970 34 15 3,899,548"
2026-08-07,th,Thailand,top_artists_weekly,,36,1 Taylor Swift,,"1月 1, 1970",3864027,"36 1 Taylor Swift 1月 1, 1970 37 15 3,864,027"
2026-08-07,th,Thailand,top_artists_weekly,,37,8 โชเล่ย์ ชคัทพล,,"1月 1, 1970",3846822,"37 8 โชเล่ย์ ชคัทพล 1月 1, 1970 29 15 3,846,822"
2026-08-07,th,Thailand,top_artists_weekly,,38,1 Only Monday,,"1月 1, 1970",3770457,"38 1 Only Monday 1月 1, 1970 39 15 3,770,457"
2026-08-07,th,Thailand,top_artists_weekly,,39,3 Labanoon,,"1月 1, 1970",3697249,"39 3 Labanoon 1月 1, 1970 36 15 3,697,249"
2026-08-07,th,Thailand,top_artists_weekly,,40,● Potato,,"1月 1, 1970",3680143,"40 ● Potato 1月 1, 1970 40 15 3,680,143"
2026-08-07,th,Thailand,top_artists_weekly,,41,46 Jennie,,"1月 1, 1970",3651916,"41 46 Jennie 1月 1, 1970 87 15 3,651,916"
2026-08-07,th,Thailand,top_artists_weekly,,42,1 Lipta,,"1月 1, 1970",3568973,"42 1 Lipta 1月 1, 1970 43 15 3,568,973"
2026-08-07,th,Thailand,top_artists_weekly,,43,5 Ink Waruntorn,,"1月 1, 1970",3543419,"43 5 Ink Waruntorn 1月 1, 1970 48 15 3,543,419"
2026-08-07,th,Thailand,top_artists_weekly,,44,3 Palmy,,"1月 1, 1970",3506089,"44 3 Palmy 1月 1, 1970 41 15 3,506,089"
2026-08-07,th,Thailand,top_artists_weekly,,45,Kantong Tungngern,,,,Kantong Tungngern
2026-08-07,th,Thailand,top_artists_weekly,,46,1 Justin Bieber,,"1月 1, 1970",3482569,"46 1 Justin Bieber 1月 1, 1970 45 15 3,482,569"
2026-08-07,th,Thailand,top_artists_weekly,,47,5 AYLA's,,"1月 1, 1970",3467343,"47 5 AYLA's 1月 1, 1970 42 15 3,467,343"
2026-08-07,th,Thailand,top_artists_weekly,,48,7 guncharlie,,"1月 1, 1970",3394903,"48 7 guncharlie 1月 1, 1970 55 15 3,394,903"
2026-08-07,th,Thailand,top_artists_weekly,,49,5 Clash,,"1月 1, 1970",3374435,"49 5 Clash 1月 1, 1970 44 15 3,374,435"
2026-08-07,th,Thailand,top_artists_weekly,,50,4 딱땐 촌다,,"1月 1, 1970",3366983,"50 4 딱땐 촌다 1月 1, 1970 46 15 3,366,983"
2026-08-07,th,Thailand,top_artists_weekly,,51,5 fellow fellow,,"1月 1, 1970",3281650,"51 5 fellow fellow 1月 1, 1970 56 15 3,281,650"
2026-08-07,th,Thailand,top_artists_weekly,,52,● Pang Nakarin,,"1月 1, 1970",3276279,"52 ● Pang Nakarin 1月 1, 1970 52 15 3,276,279"
2026-08-07,th,Thailand,top_artists_weekly,,53,4 F.HERO,,"1月 1, 1970",3180725,"53 4 F.HERO 1月 1, 1970 57 15 3,180,725"
2026-08-07,th,Thailand,top_artists_weekly,,54,6 WANYAi,,"1月 1, 1970",3178272,"54 6 WANYAi 1月 1, 1970 60 15 3,178,272"
2026-08-07,th,Thailand,top_artists_weekly,,55,8 ASIA7,,"1月 1, 1970",3159284,"55 8 ASIA7 1月 1, 1970 47 15 3,159,284"
2026-08-07,th,Thailand,top_artists_weekly,,56,5 Season Five,,"1月 1, 1970",3146173,"56 5 Season Five 1月 1, 1970 51 15 3,146,173"
2026-08-07,th,Thailand,top_artists_weekly,,57,5 通猜·麥金泰,,"1月 1, 1970",3109082,"57 5 通猜·麥金泰 1月 1, 1970 62 15 3,109,082"
2026-08-07,th,Thailand,top_artists_weekly,,58,8 LITTLE JOHN,,"1月 1, 1970",3100156,"58 8 LITTLE JOHN 1月 1, 1970 50 15 3,100,156"
2026-08-07,th,Thailand,top_artists_weekly,,59,6 บ่าววี,,"1月 1, 1970",3095576,"59 6 บ่าววี 1月 1, 1970 53 15 3,095,576"
2026-08-07,th,Thailand,top_artists_weekly,,60,2 GAVIN:D,,"1月 1, 1970",2970813,"60 2 GAVIN:D 1月 1, 1970 58 15 2,970,813"
2026-08-07,th,Thailand,top_artists_weekly,,61,3 Maiyarap,,"1月 1, 1970",2954404,"61 3 Maiyarap 1月 1, 1970 64 15 2,954,404"
2026-08-07,th,Thailand,top_artists_weekly,,62,1 傑夫·沙圖爾,,"1月 1, 1970",2933002,"62 1 傑夫·沙圖爾 1月 1, 1970 61 15 2,933,002"
2026-08-07,th,Thailand,top_artists_weekly,,63,ธีร์ ทีเร็กซ์ OFFICIAL,,,,ธีร์ ทีเร็กซ์ OFFICIAL
2026-08-07,th,Thailand,top_artists_weekly,,64,1 โต๋เหน่อ,,"1月 1, 1970",2902975,"64 1 โต๋เหน่อ 1月 1, 1970 65 15 2,902,975"
2026-08-07,th,Thailand,top_artists_weekly,,65,1 Taxi,,"1月 1, 1970",2872028,"65 1 Taxi 1月 1, 1970 66 15 2,872,028"
2026-08-07,th,Thailand,top_artists_weekly,,66,12 Vieng Naruemon,,"1月 1, 1970",2828693,"66 12 Vieng Naruemon 1月 1, 1970 54 15 2,828,693"
2026-08-07,th,Thailand,top_artists_weekly,,67,4 Am Seatwo,,"1月 1, 1970",2764667,"67 4 Am Seatwo 1月 1, 1970 71 15 2,764,667"
2026-08-07,th,Thailand,top_artists_weekly,,68,7 Beer Prompong,,"1月 1, 1970",2756314,"68 7 Beer Prompong 1月 1, 1970 75 15 2,756,314"
2026-08-07,th,Thailand,top_artists_weekly,,69,6 防彈少年團,,"1月 1, 1970",2729739,"69 6 防彈少年團 1月 1, 1970 63 15 2,729,739"
2026-08-07,th,Thailand,top_artists_weekly,,70,2 西里彭·安派蓬,,"1月 1, 1970",2687925,"70 2 西里彭·安派蓬 1月 1, 1970 68 15 2,687,925"
2026-08-07,th,Thailand,top_artists_weekly,,71,1 วสันต์17,,"1月 1, 1970",2677350,"71 1 วสันต์17 1月 1, 1970 70 15 2,677,350"
2026-08-07,th,Thailand,top_artists_weekly,,72,8 普提蓬·阿薩拉塔納功,,"1月 1, 1970",2665964,"72 8 普提蓬·阿薩拉塔納功 1月 1, 1970 80 15 2,665,964"
2026-08-07,th,Thailand,top_artists_weekly,,73,73 Mirrr,,"1月 1, 1970",2658346,"73 73 Mirrr 1月 1, 1970 - 15 2,658,346"
2026-08-07,th,Thailand,top_artists_weekly,,74,2 邁克·比隆蓬,,"1月 1, 1970",2644719,"74 2 邁克·比隆蓬 1月 1, 1970 72 15 2,644,719"
2026-08-07,th,Thailand,top_artists_weekly,,75,6 KLEAR,,"1月 1, 1970",2636256,"75 6 KLEAR 1月 1, 1970 69 15 2,636,256"
2026-08-07,th,Thailand,top_artists_weekly,,76,76 Ewai Rock Metal,,"1月 1, 1970",2630380,"76 76 Ewai Rock Metal 1月 1, 1970 - 2 2,630,380"
2026-08-07,th,Thailand,top_artists_weekly,,77,77 หนึ่ง บีเคแบนด์,,"1月 1, 1970",2602851,"77 77 หนึ่ง บีเคแบนด์ 1月 1, 1970 - 15 2,602,851"
2026-08-07,th,Thailand,top_artists_weekly,,78,11 manutsawee,,"1月 1, 1970",2576994,"78 11 manutsawee 1月 1, 1970 67 15 2,576,994"
2026-08-07,th,Thailand,top_artists_weekly,,79,5 BABYMONSTER,,"1月 1, 1970",2532911,"79 5 BABYMONSTER 1月 1, 1970 74 15 2,532,911"
2026-08-07,th,Thailand,top_artists_weekly,,80,2 Bruno Mars,,"1月 1, 1970",2485975,"80 2 Bruno Mars 1月 1, 1970 78 15 2,485,975"
2026-08-07,th,Thailand,top_artists_weekly,,81,81 genie records,,"1月 1, 1970",2460424,"81 81 genie records 1月 1, 1970 - 15 2,460,424"
2026-08-07,th,Thailand,top_artists_weekly,,82,9 บุ๊ค ศุภกาญจน์,,"1月 1, 1970",2453366,"82 9 บุ๊ค ศุภกาญจน์ 1月 1, 1970 73 15 2,453,366"
2026-08-07,th,Thailand,top_artists_weekly,,83,2 No One Else,,"1月 1, 1970",2436236,"83 2 No One Else 1月 1, 1970 81 15 2,436,236"
2026-08-07,th,Thailand,top_artists_weekly,,84,7 Pop Pongkool,,"1月 1, 1970",2423452,"84 7 Pop Pongkool 1月 1, 1970 77 15 2,423,452"
2026-08-07,th,Thailand,top_artists_weekly,,85,9 UrboyTJ,,"1月 1, 1970",2373101,"85 9 UrboyTJ 1月 1, 1970 76 15 2,373,101"
2026-08-07,th,Thailand,top_artists_weekly,,86,2 Paradox,,"1月 1, 1970",2323771,"86 2 Paradox 1月 1, 1970 84 15 2,323,771"
2026-08-07,th,Thailand,top_artists_weekly,,87,2 PORZAX,,"1月 1, 1970",2283918,"87 2 PORZAX 1月 1, 1970 85 15 2,283,918"
2026-08-07,th,Thailand,top_artists_weekly,,88,9 Yungtarr,,"1月 1, 1970",2267784,"88 9 Yungtarr 1月 1, 1970 79 15 2,267,784"
2026-08-07,th,Thailand,top_artists_weekly,,89,7 Da Endorphine,,"1月 1, 1970",2245021,"89 7 Da Endorphine 1月 1, 1970 82 15 2,245,021"
2026-08-07,th,Thailand,top_artists_weekly,,90,90 25 hours,,"1月 1, 1970",2219275,"90 90 25 hours 1月 1, 1970 - 15 2,219,275"
2026-08-07,th,Thailand,top_artists_weekly,,91,7 ดิด คิตตี้,,"1月 1, 1970",2179619,"91 7 ดิด คิตตี้ 1月 1, 1970 98 15 2,179,619"
2026-08-07,th,Thailand,top_artists_weekly,,92,4 เบิ้ล ปทุมราช,,"1月 1, 1970",2141326,"92 4 เบิ้ล ปทุมราช 1月 1, 1970 88 15 2,141,326"
2026-08-07,th,Thailand,top_artists_weekly,,93,10 พ็อก บิ๊กอายส์,,"1月 1, 1970",2129901,"93 10 พ็อก บิ๊กอายส์ 1月 1, 1970 83 15 2,129,901"
2026-08-07,th,Thailand,top_artists_weekly,,94,3 Timethai,,"1月 1, 1970",2107402,"94 3 Timethai 1月 1, 1970 91 15 2,107,402"
2026-08-07,th,Thailand,top_artists_weekly,,95,6 MEYOU,,"1月 1, 1970",2100518,"95 6 MEYOU 1月 1, 1970 89 15 2,100,518"
2026-08-07,th,Thailand,top_artists_weekly,,96,96 Paper Planes,,"1月 1, 1970",2059773,"96 96 Paper Planes 1月 1, 1970 - 15 2,059,773"
2026-08-07,th,Thailand,top_artists_weekly,,97,11 P6ICK,,"1月 1, 1970",2057753,"97 11 P6ICK 1月 1, 1970 86 15 2,057,753"
2026-08-07,th,Thailand,top_artists_weekly,,98,4 Maroon 5,,"1月 1, 1970",2054330,"98 4 Maroon 5 1月 1, 1970 94 15 2,054,330"
2026-08-07,th,Thailand,top_artists_weekly,,99,4 沙揚·訕耶,,"1月 1, 1970",2044209,"99 4 沙揚·訕耶 1月 1, 1970 95 15 2,044,209"
2026-08-07,th,Thailand,top_artists_weekly,,100,BUS,,"1月 1, 1970",2036992,"100 100 BUS 1月 1, 1970 - 15 2,036,992"
2026-08-07,id,Indonesia,top_artists_weekly,,1,● 圖魯斯,,"1月 1, 1970",18361136,"1 ● 圖魯斯 1月 1, 1970 1 512 18,361,136"
2026-08-07,id,Indonesia,top_artists_weekly,,2,● Raim Laode,,"1月 1, 1970",15058911,"2 ● Raim Laode 1月 1, 1970 2 181 15,058,911"
2026-08-07,id,Indonesia,top_artists_weekly,,3,● Ajeng Febria,,"1月 1, 1970",13855548,"3 ● Ajeng Febria 1月 1, 1970 3 137 13,855,548"
2026-08-07,id,Indonesia,top_artists_weekly,,4,2 Ari Lesmana,,"1月 1, 1970",12844306,"4 2 Ari Lesmana 1月 1, 1970 6 23 12,844,306"
2026-08-07,id,Indonesia,top_artists_weekly,,5,● eńau,,"1月 1, 1970",12723708,"5 ● eńau 1月 1, 1970 5 28 12,723,708"
2026-08-07,id,Indonesia,top_artists_weekly,,6,2 Denny Caknan,,"1月 1, 1970",12298859,"6 2 Denny Caknan 1月 1, 1970 4 356 12,298,859"
2026-08-07,id,Indonesia,top_artists_weekly,,7,● For Revenge,,"1月 1, 1970",11110288,"7 ● For Revenge 1月 1, 1970 7 235 11,110,288"
2026-08-07,id,Indonesia,top_artists_weekly,,8,1 Peterpan,,"1月 1, 1970",10750875,"8 1 Peterpan 1月 1, 1970 9 515 10,750,875"
2026-08-07,id,Indonesia,top_artists_weekly,,9,1 Dewa 19,,"1月 1, 1970",10402637,"9 1 Dewa 19 1月 1, 1970 8 515 10,402,637"
2026-08-07,id,Indonesia,top_artists_weekly,,10,5 Naykilla,,"1月 1, 1970",10358607,"10 5 Naykilla 1月 1, 1970 15 76 10,358,607"
2026-08-07,id,Indonesia,top_artists_weekly,,11,1 Ariana Grande,,"1月 1, 1970",8669715,"11 1 Ariana Grande 1月 1, 1970 12 515 8,669,715"
2026-08-07,id,Indonesia,top_artists_weekly,,12,1 Justin Bieber,,"1月 1, 1970",8537808,"12 1 Justin Bieber 1月 1, 1970 11 515 8,537,808"
2026-08-07,id,Indonesia,top_artists_weekly,,13,● Hindia,,"1月 1, 1970",8429099,"13 ● Hindia 1月 1, 1970 13 316 8,429,099"
2026-08-07,id,Indonesia,top_artists_weekly,,14,● Taylor Swift,,"1月 1, 1970",8398620,"14 ● Taylor Swift 1月 1, 1970 14 514 8,398,620"
2026-08-07,id,Indonesia,top_artists_weekly,,15,5 Bruno Mars,,"1月 1, 1970",8379553,"15 5 Bruno Mars 1月 1, 1970 10 515 8,379,553"
2026-08-07,id,Indonesia,top_artists_weekly,,16,2 Ipank,,"1月 1, 1970",8041868,"16 2 Ipank 1月 1, 1970 18 334 8,041,868"
2026-08-07,id,Indonesia,top_artists_weekly,,17,Difarina Indra Adella,,,,Difarina Indra Adella
2026-08-07,id,Indonesia,top_artists_weekly,,18,Silvy Kumalasari,,,,Silvy Kumalasari
2026-08-07,id,Indonesia,top_artists_weekly,,19,● Sal Priadi,,"1月 1, 1970",7317918,"19 ● Sal Priadi 1月 1, 1970 19 183 7,317,918"
2026-08-07,id,Indonesia,top_artists_weekly,,20,1 Juan Reza,,"1月 1, 1970",7199106,"20 1 Juan Reza 1月 1, 1970 21 88 7,199,106"
2026-08-07,id,Indonesia,top_artists_weekly,,21,3 阿爾卡·雅格尼克,,"1月 1, 1970",7050763,"21 3 阿爾卡·雅格尼克 1月 1, 1970 24 515 7,050,763"
2026-08-07,id,Indonesia,top_artists_weekly,,22,Nadhif Basalamah,,,,Nadhif Basalamah
2026-08-07,id,Indonesia,top_artists_weekly,,23,● Sheila on 7,,"1月 1, 1970",6723696,"23 ● Sheila on 7 1月 1, 1970 23 515 6,723,696"
2026-08-07,id,Indonesia,top_artists_weekly,,24,1 Juicy Luicy,,"1月 1, 1970",6710484,"24 1 Juicy Luicy 1月 1, 1970 25 286 6,710,484"
2026-08-07,id,Indonesia,top_artists_weekly,,25,2 Niken Salindry,,"1月 1, 1970",6641980,"25 2 Niken Salindry 1月 1, 1970 27 190 6,641,980"
2026-08-07,id,Indonesia,top_artists_weekly,,26,4 Laila Ayu,,"1月 1, 1970",6572433,"26 4 Laila Ayu 1月 1, 1970 22 95 6,572,433"
2026-08-07,id,Indonesia,top_artists_weekly,,27,5 Katy Perry,,"1月 1, 1970",6453240,"27 5 Katy Perry 1月 1, 1970 32 400 6,453,240"
2026-08-07,id,Indonesia,top_artists_weekly,,28,● Ungu,,"1月 1, 1970",6429589,"28 ● Ungu 1月 1, 1970 28 515 6,429,589"
2026-08-07,id,Indonesia,top_artists_weekly,,29,3 防彈少年團,,"1月 1, 1970",6147174,"29 3 防彈少年團 1月 1, 1970 26 515 6,147,174"
2026-08-07,id,Indonesia,top_artists_weekly,,30,● Perunggu,,"1月 1, 1970",6045881,"30 ● Perunggu 1月 1, 1970 30 60 6,045,881"
2026-08-07,id,Indonesia,top_artists_weekly,,31,15 Akbar Chalay,,"1月 1, 1970",6008047,"31 15 Akbar Chalay 1月 1, 1970 46 41 6,008,047"
2026-08-07,id,Indonesia,top_artists_weekly,,32,3 Pamungkas,,"1月 1, 1970",5839568,"32 3 Pamungkas 1月 1, 1970 29 351 5,839,568"
2026-08-07,id,Indonesia,top_artists_weekly,,33,● Mahalini,,"1月 1, 1970",5686546,"33 ● Mahalini 1月 1, 1970 33 272 5,686,546"
2026-08-07,id,Indonesia,top_artists_weekly,,34,3 Nadin Amizah,,"1月 1, 1970",5597728,"34 3 Nadin Amizah 1月 1, 1970 37 303 5,597,728"
2026-08-07,id,Indonesia,top_artists_weekly,,35,1 Ifan Seventeen,,"1月 1, 1970",5512178,"35 1 Ifan Seventeen 1月 1, 1970 34 116 5,512,178"
2026-08-07,id,Indonesia,top_artists_weekly,,36,5 Udit Narayan,,"1月 1, 1970",5477448,"36 5 Udit Narayan 1月 1, 1970 41 515 5,477,448"
2026-08-07,id,Indonesia,top_artists_weekly,,37,1 Tasya Rosmala,,"1月 1, 1970",5447722,"37 1 Tasya Rosmala 1月 1, 1970 36 364 5,447,722"
2026-08-07,id,Indonesia,top_artists_weekly,,38,2 Armada,,"1月 1, 1970",5399374,"38 2 Armada 1月 1, 1970 40 515 5,399,374"
2026-08-07,id,Indonesia,top_artists_weekly,,39,5 Bernadya,,"1月 1, 1970",5394227,"39 5 Bernadya 1月 1, 1970 44 129 5,394,227"
2026-08-07,id,Indonesia,top_artists_weekly,,40,9 Shinta Arsinta,,"1月 1, 1970",5365399,"40 9 Shinta Arsinta 1月 1, 1970 31 169 5,365,399"
2026-08-07,id,Indonesia,top_artists_weekly,,41,2 羅馬・伊拉馬,,"1月 1, 1970",5289646,"41 2 羅馬・伊拉馬 1月 1, 1970 39 437 5,289,646"
2026-08-07,id,Indonesia,top_artists_weekly,,42,4 Ndarboy Genk,,"1月 1, 1970",5255517,"42 4 Ndarboy Genk 1月 1, 1970 38 308 5,255,517"
2026-08-07,id,Indonesia,top_artists_weekly,,43,6 Yeni Inka,,"1月 1, 1970",5210038,"43 6 Yeni Inka 1月 1, 1970 49 286 5,210,038"
2026-08-07,id,Indonesia,top_artists_weekly,,44,4 Olivia Rodrigo,,"1月 1, 1970",5112781,"44 4 Olivia Rodrigo 1月 1, 1970 48 287 5,112,781"
2026-08-07,id,Indonesia,top_artists_weekly,,45,8 Tenxi,,"1月 1, 1970",5076085,"45 8 Tenxi 1月 1, 1970 53 81 5,076,085"
2026-08-07,id,Indonesia,top_artists_weekly,,46,3 Jacson Seran,,"1月 1, 1970",5025826,"46 3 Jacson Seran 1月 1, 1970 43 101 5,025,826"
2026-08-07,id,Indonesia,top_artists_weekly,,47,2 Arief,,"1月 1, 1970",4966115,"47 2 Arief 1月 1, 1970 45 277 4,966,115"
2026-08-07,id,Indonesia,top_artists_weekly,,48,6 伊萬・法爾斯,,"1月 1, 1970",4840391,"48 6 伊萬・法爾斯 1月 1, 1970 54 515 4,840,391"
2026-08-07,id,Indonesia,top_artists_weekly,,49,7 Guyon Waton,,"1月 1, 1970",4820235,"49 7 Guyon Waton 1月 1, 1970 56 325 4,820,235"
2026-08-07,id,Indonesia,top_artists_weekly,,50,2 七級煉獄,,"1月 1, 1970",4808587,"50 2 七級煉獄 1月 1, 1970 52 515 4,808,587"
2026-08-07,id,Indonesia,top_artists_weekly,,51,4 Virgoun,,"1月 1, 1970",4781964,"51 4 Virgoun 1月 1, 1970 47 424 4,781,964"
2026-08-07,id,Indonesia,top_artists_weekly,,52,1 Adrian Khalif,,"1月 1, 1970",4777649,"52 1 Adrian Khalif 1月 1, 1970 51 124 4,777,649"
2026-08-07,id,Indonesia,top_artists_weekly,,53,11 Happy Asmara,,"1月 1, 1970",4646832,"53 11 Happy Asmara 1月 1, 1970 42 349 4,646,832"
2026-08-07,id,Indonesia,top_artists_weekly,,54,4 新好男孩,,"1月 1, 1970",4606673,"54 4 新好男孩 1月 1, 1970 58 149 4,606,673"
2026-08-07,id,Indonesia,top_artists_weekly,,55,5 .Feast,,"1月 1, 1970",4604453,"55 5 .Feast 1月 1, 1970 60 103 4,604,453"
2026-08-07,id,Indonesia,top_artists_weekly,,56,6 Hearts2Hearts,,"1月 1, 1970",4530436,"56 6 Hearts2Hearts 1月 1, 1970 50 73 4,530,436"
2026-08-07,id,Indonesia,top_artists_weekly,,57,7 Judika,,"1月 1, 1970",4479603,"57 7 Judika 1月 1, 1970 64 515 4,479,603"
2026-08-07,id,Indonesia,top_artists_weekly,,58,1 Kahitna,,"1月 1, 1970",4477565,"58 1 Kahitna 1月 1, 1970 57 82 4,477,565"
2026-08-07,id,Indonesia,top_artists_weekly,,59,24 Mingse,,"1月 1, 1970",4426409,"59 24 Mingse 1月 1, 1970 83 4 4,426,409"
2026-08-07,id,Indonesia,top_artists_weekly,,60,25 綠洲合唱團,,"1月 1, 1970",4420614,"60 25 綠洲合唱團 1月 1, 1970 35 303 4,420,614"
2026-08-07,id,Indonesia,top_artists_weekly,,61,2 Rizky Febian,,"1月 1, 1970",4404976,"61 2 Rizky Febian 1月 1, 1970 59 482 4,404,976"
2026-08-07,id,Indonesia,top_artists_weekly,,62,18 Mario G Klau,,"1月 1, 1970",4340281,"62 18 Mario G Klau 1月 1, 1970 80 287 4,340,281"
2026-08-07,id,Indonesia,top_artists_weekly,,63,2 Simpatik Music,,"1月 1, 1970",4328944,"63 2 Simpatik Music 1月 1, 1970 65 141 4,328,944"
2026-08-07,id,Indonesia,top_artists_weekly,,64,2 Wali,,"1月 1, 1970",4320026,"64 2 Wali 1月 1, 1970 66 495 4,320,026"
2026-08-07,id,Indonesia,top_artists_weekly,,65,3 Toton Caribo,,"1月 1, 1970",4295851,"65 3 Toton Caribo 1月 1, 1970 62 167 4,295,851"
2026-08-07,id,Indonesia,top_artists_weekly,,66,3 BABYMONSTER,,"1月 1, 1970",4197777,"66 3 BABYMONSTER 1月 1, 1970 63 144 4,197,777"
2026-08-07,id,Indonesia,top_artists_weekly,,67,6 Diva Aurel,,"1月 1, 1970",4138651,"67 6 Diva Aurel 1月 1, 1970 61 49 4,138,651"
2026-08-07,id,Indonesia,top_artists_weekly,,68,8 Jemsii,,"1月 1, 1970",4131279,"68 8 Jemsii 1月 1, 1970 76 84 4,131,279"
2026-08-07,id,Indonesia,top_artists_weekly,,69,1 羅莎,,"1月 1, 1970",4054931,"69 1 羅莎 1月 1, 1970 68 515 4,054,931"
2026-08-07,id,Indonesia,top_artists_weekly,,70,● Arijit Singh,,"1月 1, 1970",3967761,"70 ● Arijit Singh 1月 1, 1970 70 515 3,967,761"
2026-08-07,id,Indonesia,top_artists_weekly,,71,2 Maroon 5,,"1月 1, 1970",3890710,"71 2 Maroon 5 1月 1, 1970 73 513 3,890,710"
2026-08-07,id,Indonesia,top_artists_weekly,,72,3 SILET OPEN UP,,"1月 1, 1970",3847705,"72 3 SILET OPEN UP 1月 1, 1970 69 71 3,847,705"
2026-08-07,id,Indonesia,top_artists_weekly,,73,6 La Tasya,,"1月 1, 1970",3827592,"73 6 La Tasya 1月 1, 1970 67 28 3,827,592"
2026-08-07,id,Indonesia,top_artists_weekly,,74,3 NDX A.K.A.,,"1月 1, 1970",3815555,"74 3 NDX A.K.A. 1月 1, 1970 71 276 3,815,555"
2026-08-07,id,Indonesia,top_artists_weekly,,75,1 愛黛兒,,"1月 1, 1970",3813112,"75 1 愛黛兒 1月 1, 1970 74 411 3,813,112"
2026-08-07,id,Indonesia,top_artists_weekly,,76,1 Raisa,,"1月 1, 1970",3762848,"76 1 Raisa 1月 1, 1970 75 445 3,762,848"
2026-08-07,id,Indonesia,top_artists_weekly,,77,1 Fira Cantika,,"1月 1, 1970",3736459,"77 1 Fira Cantika 1月 1, 1970 78 180 3,736,459"
2026-08-07,id,Indonesia,top_artists_weekly,,78,1 Yovie Widianto,,"1月 1, 1970",3725401,"78 1 Yovie Widianto 1月 1, 1970 77 193 3,725,401"
2026-08-07,id,Indonesia,top_artists_weekly,,79,7 Ghea Indrawari,,"1月 1, 1970",3674991,"79 7 Ghea Indrawari 1月 1, 1970 72 171 3,674,991"
2026-08-07,id,Indonesia,top_artists_weekly,,80,17 Kangen Band,,"1月 1, 1970",3594478,"80 17 Kangen Band 1月 1, 1970 97 514 3,594,478"
2026-08-07,id,Indonesia,top_artists_weekly,,81,1 The Weeknd,,"1月 1, 1970",3571933,"81 1 The Weeknd 1月 1, 1970 82 328 3,571,933"
2026-08-07,id,Indonesia,top_artists_weekly,,82,4 Last Child,,"1月 1, 1970",3571294,"82 4 Last Child 1月 1, 1970 86 509 3,571,294"
2026-08-07,id,Indonesia,top_artists_weekly,,83,5 西城男孩,,"1月 1, 1970",3560132,"83 5 西城男孩 1月 1, 1970 88 509 3,560,132"
2026-08-07,id,Indonesia,top_artists_weekly,,84,84 Jennie,,"1月 1, 1970",3557296,"84 84 Jennie 1月 1, 1970 - 216 3,557,296"
2026-08-07,id,Indonesia,top_artists_weekly,,85,85 Shawn Mendes,,"1月 1, 1970",3515931,"85 85 Shawn Mendes 1月 1, 1970 - 514 3,515,931"
2026-08-07,id,Indonesia,top_artists_weekly,,86,2 Seventeen,,"1月 1, 1970",3491026,"86 2 Seventeen 1月 1, 1970 84 353 3,491,026"
2026-08-07,id,Indonesia,top_artists_weekly,,87,87 Afgan,,"1月 1, 1970",3470310,"87 87 Afgan 1月 1, 1970 - 342 3,470,310"
2026-08-07,id,Indonesia,top_artists_weekly,,88,5 Budi Doremi,,"1月 1, 1970",3454739,"88 5 Budi Doremi 1月 1, 1970 93 319 3,454,739"
2026-08-07,id,Indonesia,top_artists_weekly,,89,2 比利·埃利什,,"1月 1, 1970",3445767,"89 2 比利·埃利什 1月 1, 1970 87 394 3,445,767"
2026-08-07,id,Indonesia,top_artists_weekly,,90,9 NaFF,,"1月 1, 1970",3403411,"90 9 NaFF 1月 1, 1970 99 435 3,403,411"
2026-08-07,id,Indonesia,top_artists_weekly,,91,● Andra Respati,,"1月 1, 1970",3389141,"91 ● Andra Respati 1月 1, 1970 91 368 3,389,141"
2026-08-07,id,Indonesia,top_artists_weekly,,92,3 ST 12,,"1月 1, 1970",3327254,"92 3 ST 12 1月 1, 1970 95 377 3,327,254"
2026-08-07,id,Indonesia,top_artists_weekly,,93,12 艾倫·沃克,,"1月 1, 1970",3289997,"93 12 艾倫·沃克 1月 1, 1970 81 515 3,289,997"
2026-08-07,id,Indonesia,top_artists_weekly,,94,4 酷玩樂團,,"1月 1, 1970",3286786,"94 4 酷玩樂團 1月 1, 1970 90 515 3,286,786"
2026-08-07,id,Indonesia,top_artists_weekly,,95,6 妮基,,"1月 1, 1970",3259628,"95 6 妮基 1月 1, 1970 89 298 3,259,628"
2026-08-07,id,Indonesia,top_artists_weekly,,96,2 Lyodra,,"1月 1, 1970",3224113,"96 2 Lyodra 1月 1, 1970 94 275 3,224,113"
2026-08-07,id,Indonesia,top_artists_weekly,,97,1 Yovie & Nuno,,"1月 1, 1970",3183921,"97 1 Yovie & Nuno 1月 1, 1970 98 417 3,183,921"
2026-08-07,id,Indonesia,top_artists_weekly,,98,13 艾絲翠,,"1月 1, 1970",3171047,"98 13 艾絲翠 1月 1, 1970 85 178 3,171,047"
2026-08-07,id,Indonesia,top_artists_weekly,,99,99 Fendik Adella,,"1月 1, 1970",3170882,"99 99 Fendik Adella 1月 1, 1970 - 236 3,170,882"
2026-08-07,id,Indonesia,top_artists_weekly,,100,Andmesh,,"1月 1, 1970",3155548,"100 100 Andmesh 1月 1, 1970 - 401 3,155,548"
2026-08-07,in,India,top_artists_weekly,,1,● 阿爾卡·雅格尼克,,"1月 1, 1970",352645427,"1 ● 阿爾卡·雅格尼克 1月 1, 1970 1 515 352,645,427"
2026-08-07,in,India,top_artists_weekly,,2,● Udit Narayan,,"1月 1, 1970",259749794,"2 ● Udit Narayan 1月 1, 1970 2 515 259,749,794"
2026-08-07,in,India,top_artists_weekly,,3,● Arijit Singh,,"1月 1, 1970",234089846,"3 ● Arijit Singh 1月 1, 1970 3 515 234,089,846"
2026-08-07,in,India,top_artists_weekly,,4,● 庫馬・山奴,,"1月 1, 1970",207362164,"4 ● 庫馬・山奴 1月 1, 1970 4 515 207,362,164"
2026-08-07,in,India,top_artists_weekly,,5,● 舒蕾亞·戈沙爾,,"1月 1, 1970",182079634,"5 ● 舒蕾亞·戈沙爾 1月 1, 1970 5 515 182,079,634"
2026-08-07,in,India,top_artists_weekly,,6,● Shilpi Raj,,"1月 1, 1970",151730280,"6 ● Shilpi Raj 1月 1, 1970 6 308 151,730,280"
2026-08-07,in,India,top_artists_weekly,,7,● 蘇努・尼甘,,"1月 1, 1970",117738274,"7 ● 蘇努・尼甘 1月 1, 1970 7 515 117,738,274"
2026-08-07,in,India,top_artists_weekly,,8,● 拉塔・曼蓋施卡,,"1月 1, 1970",113229182,"8 ● 拉塔・曼蓋施卡 1月 1, 1970 8 515 113,229,182"
2026-08-07,in,India,top_artists_weekly,,9,● Pawan Singh,,"1月 1, 1970",101688566,"9 ● Pawan Singh 1月 1, 1970 9 515 101,688,566"
2026-08-07,in,India,top_artists_weekly,,10,● Pritam,,"1月 1, 1970",98155822,"10 ● Pritam 1月 1, 1970 10 433 98,155,822"
2026-08-07,in,India,top_artists_weekly,,11,● 克瑟利·拉爾·亞達夫,,"1月 1, 1970",96260732,"11 ● 克瑟利·拉爾·亞達夫 1月 1, 1970 11 515 96,260,732"
2026-08-07,in,India,top_artists_weekly,,12,● Masoom Sharma,,"1月 1, 1970",91224320,"12 ● Masoom Sharma 1月 1, 1970 12 207 91,224,320"
2026-08-07,in,India,top_artists_weekly,,13,Anuradha Paudwal,,,,Anuradha Paudwal
2026-08-07,in,India,top_artists_weekly,,14,1 沙赫瓦特·薩赫迪夫,,"1月 1, 1970",81412127,"14 1 沙赫瓦特·薩赫迪夫 1月 1, 1970 13 47 81,412,127"
2026-08-07,in,India,top_artists_weekly,,15,Anirudh Ravichander,,,,Anirudh Ravichander
2026-08-07,in,India,top_artists_weekly,,16,SP Balasubrahmanyam,,,,SP Balasubrahmanyam
2026-08-07,in,India,top_artists_weekly,,17,1 A. R. Rahman,,"1月 1, 1970",68690809,"17 1 A. R. Rahman 1月 1, 1970 16 515 68,690,809"
2026-08-07,in,India,top_artists_weekly,,18,2 薩米爾・安姜,,"1月 1, 1970",63238430,"18 2 薩米爾・安姜 1月 1, 1970 20 227 63,238,430"
2026-08-07,in,India,top_artists_weekly,,19,● 希梅什·雷希漢米亞,,"1月 1, 1970",62702858,"19 ● 希梅什·雷希漢米亞 1月 1, 1970 19 515 62,702,858"
2026-08-07,in,India,top_artists_weekly,,20,2 Irshad Kamil,,"1月 1, 1970",58849718,"20 2 Irshad Kamil 1月 1, 1970 18 88 58,849,718"
2026-08-07,in,India,top_artists_weekly,,21,● 桑妮蒂·喬寒,,"1月 1, 1970",58412451,"21 ● 桑妮蒂·喬寒 1月 1, 1970 21 515 58,412,451"
2026-08-07,in,India,top_artists_weekly,,22,● 阿蒂夫·阿斯拉姆,,"1月 1, 1970",55867277,"22 ● 阿蒂夫·阿斯拉姆 1月 1, 1970 22 515 55,867,277"
2026-08-07,in,India,top_artists_weekly,,23,1 基肖爾・庫馬爾,,"1月 1, 1970",52649840,"23 1 基肖爾・庫馬爾 1月 1, 1970 24 515 52,649,840"
2026-08-07,in,India,top_artists_weekly,,24,1 雅斯文·桑德拉斯,,"1月 1, 1970",52260537,"24 1 雅斯文·桑德拉斯 1月 1, 1970 23 410 52,260,537"
2026-08-07,in,India,top_artists_weekly,,25,Kavita Krishnamurthy,,,,Kavita Krishnamurthy
2026-08-07,in,India,top_artists_weekly,,26,2 K·S·切特拉,,"1月 1, 1970",50886433,"26 2 K·S·切特拉 1月 1, 1970 28 510 50,886,433"
2026-08-07,in,India,top_artists_weekly,,27,7 Asha Bhosle,,"1月 1, 1970",50209496,"27 7 Asha Bhosle 1月 1, 1970 34 515 50,209,496"
2026-08-07,in,India,top_artists_weekly,,28,1 Sadhana Sargam,,"1月 1, 1970",50129870,"28 1 Sadhana Sargam 1月 1, 1970 29 515 50,129,870"
2026-08-07,in,India,top_artists_weekly,,29,4 Neelkamal Singh,,"1月 1, 1970",49778803,"29 4 Neelkamal Singh 1月 1, 1970 25 125 49,778,803"
2026-08-07,in,India,top_artists_weekly,,30,4 KK,,"1月 1, 1970",49762263,"30 4 KK 1月 1, 1970 26 512 49,762,263"
2026-08-07,in,India,top_artists_weekly,,31,1 維沙爾·謝卡爾,,"1月 1, 1970",49524014,"31 1 維沙爾·謝卡爾 1月 1, 1970 30 319 49,524,014"
2026-08-07,in,India,top_artists_weekly,,32,1 Jubin Nautiyal,,"1月 1, 1970",48771617,"32 1 Jubin Nautiyal 1月 1, 1970 31 510 48,771,617"
2026-08-07,in,India,top_artists_weekly,,33,● Yo・Yo・哈尼・辛,,"1月 1, 1970",47377974,"33 ● Yo・Yo・哈尼・辛 1月 1, 1970 33 515 47,377,974"
2026-08-07,in,India,top_artists_weekly,,34,2 Sai Abhyankkar,,"1月 1, 1970",46082411,"34 2 Sai Abhyankkar 1月 1, 1970 36 108 46,082,411"
2026-08-07,in,India,top_artists_weekly,,35,● 安巴希·巴塔查里亞,,"1月 1, 1970",45661549,"35 ● 安巴希·巴塔查里亞 1月 1, 1970 35 515 45,661,549"
2026-08-07,in,India,top_artists_weekly,,36,10 B Praak,,"1月 1, 1970",44277186,"36 10 B Praak 1月 1, 1970 46 396 44,277,186"
2026-08-07,in,India,top_artists_weekly,,37,● 薩辛,吉格爾,"1月 1, 1970",42802681,"37 ● 薩辛-吉格爾 1月 1, 1970 37 340 42,802,681"
2026-08-07,in,India,top_artists_weekly,,38,6 Aashish Yadav,,"1月 1, 1970",42699499,"38 6 Aashish Yadav 1月 1, 1970 32 161 42,699,499"
2026-08-07,in,India,top_artists_weekly,,39,G.V. Prakash Kumar,,,,G.V. Prakash Kumar
2026-08-07,in,India,top_artists_weekly,,40,1 妮哈·卡卡爾,,"1月 1, 1970",41804413,"40 1 妮哈·卡卡爾 1月 1, 1970 41 515 41,804,413"
2026-08-07,in,India,top_artists_weekly,,41,3 Karan Aujla,,"1月 1, 1970",41408180,"41 3 Karan Aujla 1月 1, 1970 38 350 41,408,180"
2026-08-07,in,India,top_artists_weekly,,42,1 米通,,"1月 1, 1970",41160019,"42 1 米通 1月 1, 1970 43 469 41,160,019"
2026-08-07,in,India,top_artists_weekly,,43,1 Gur Sidhu,,"1月 1, 1970",40605702,"43 1 Gur Sidhu 1月 1, 1970 42 286 40,605,702"
2026-08-07,in,India,top_artists_weekly,,44,Shankar Mahadevan,,,,Shankar Mahadevan
2026-08-07,in,India,top_artists_weekly,,45,6 維沙爾·米什拉,,"1月 1, 1970",40368020,"45 6 維沙爾·米什拉 1月 1, 1970 39 291 40,368,020"
2026-08-07,in,India,top_artists_weekly,,46,Dhanda Nyoliwala,,,,Dhanda Nyoliwala
2026-08-07,in,India,top_artists_weekly,,47,Sidhu Moose Wala,,,,Sidhu Moose Wala
2026-08-07,in,India,top_artists_weekly,,48,● Ilaiyaraaja,,"1月 1, 1970",37412813,"48 ● Ilaiyaraaja 1月 1, 1970 48 286 37,412,813"
2026-08-07,in,India,top_artists_weekly,,49,2 Zubeen Garg,,"1月 1, 1970",37362774,"49 2 Zubeen Garg 1月 1, 1970 51 391 37,362,774"
2026-08-07,in,India,top_artists_weekly,,50,Sukhwinder Singh,,,,Sukhwinder Singh
2026-08-07,in,India,top_artists_weekly,,51,1 穆罕默德·阿齊茲,,"1月 1, 1970",36552898,"51 1 穆罕默德·阿齊茲 1月 1, 1970 52 512 36,552,898"
2026-08-07,in,India,top_artists_weekly,,52,7 坦尼許・巴格奇,,"1月 1, 1970",36370089,"52 7 坦尼許・巴格奇 1月 1, 1970 45 440 36,370,089"
2026-08-07,in,India,top_artists_weekly,,53,2 莫赫·克,,"1月 1, 1970",36086177,"53 2 莫赫·克 1月 1, 1970 55 495 36,086,177"
2026-08-07,in,India,top_artists_weekly,,54,● Shiva Choudhary,,"1月 1, 1970",35004379,"54 ● Shiva Choudhary 1月 1, 1970 54 183 35,004,379"
2026-08-07,in,India,top_artists_weekly,,55,8 Khushi Kakkar,,"1月 1, 1970",34545425,"55 8 Khushi Kakkar 1月 1, 1970 47 145 34,545,425"
2026-08-07,in,India,top_artists_weekly,,56,1 Badshah,,"1月 1, 1970",34162130,"56 1 Badshah 1月 1, 1970 57 515 34,162,130"
2026-08-07,in,India,top_artists_weekly,,57,1 默罕默德·拉斐,,"1月 1, 1970",33928892,"57 1 默罕默德·拉斐 1月 1, 1970 58 515 33,928,892"
2026-08-07,in,India,top_artists_weekly,,58,2 Cheema Y,,"1月 1, 1970",33442805,"58 2 Cheema Y 1月 1, 1970 56 124 33,442,805"
2026-08-07,in,India,top_artists_weekly,,59,3 Javed Ali,,"1月 1, 1970",32987999,"59 3 Javed Ali 1月 1, 1970 62 435 32,987,999"
2026-08-07,in,India,top_artists_weekly,,60,1 阿米塔布·巴塔查亞,,"1月 1, 1970",32869911,"60 1 阿米塔布·巴塔查亞 1月 1, 1970 61 213 32,869,911"
2026-08-07,in,India,top_artists_weekly,,61,16 Palak Muchhal,,"1月 1, 1970",32543095,"61 16 Palak Muchhal 1月 1, 1970 77 515 32,543,095"
2026-08-07,in,India,top_artists_weekly,,62,3 迪爾吉特・杜新志,,"1月 1, 1970",32042856,"62 3 迪爾吉特・杜新志 1月 1, 1970 59 515 32,042,856"
2026-08-07,in,India,top_artists_weekly,,63,● 阿努·馬利克,,"1月 1, 1970",31941297,"63 ● 阿努·馬利克 1月 1, 1970 63 299 31,941,297"
2026-08-07,in,India,top_artists_weekly,,64,● Raushan Rohi,,"1月 1, 1970",30707092,"64 ● Raushan Rohi 1月 1, 1970 64 195 30,707,092"
2026-08-07,in,India,top_artists_weekly,,65,5 Ashu Twinkle,,"1月 1, 1970",30637967,"65 5 Ashu Twinkle 1月 1, 1970 60 192 30,637,967"
2026-08-07,in,India,top_artists_weekly,,66,10 Shrishti Bharti,,"1月 1, 1970",29948452,"66 10 Shrishti Bharti 1月 1, 1970 76 54 29,948,452"
2026-08-07,in,India,top_artists_weekly,,67,1 Tulsi Kumar,,"1月 1, 1970",29850793,"67 1 Tulsi Kumar 1月 1, 1970 66 514 29,850,793"
2026-08-07,in,India,top_artists_weekly,,68,1 席德·斯里拉姆,,"1月 1, 1970",29530376,"68 1 席德·斯里拉姆 1月 1, 1970 67 445 29,530,376"
2026-08-07,in,India,top_artists_weekly,,69,4 Raj Mawar,,"1月 1, 1970",29433153,"69 4 Raj Mawar 1月 1, 1970 65 316 29,433,153"
2026-08-07,in,India,top_artists_weekly,,70,Madhubanti Bagchi,,,,Madhubanti Bagchi
2026-08-07,in,India,top_artists_weekly,,71,2 Kalpana,,"1月 1, 1970",29038410,"71 2 Kalpana 1月 1, 1970 69 266 29,038,410"
2026-08-07,in,India,top_artists_weekly,,72,6 Faheem Abdullah,,"1月 1, 1970",28855522,"72 6 Faheem Abdullah 1月 1, 1970 78 106 28,855,522"
2026-08-07,in,India,top_artists_weekly,,73,1 Priyanka Singh,,"1月 1, 1970",28810554,"73 1 Priyanka Singh 1月 1, 1970 72 434 28,810,554"
2026-08-07,in,India,top_artists_weekly,,74,6 Shivani Singh,,"1月 1, 1970",28091914,"74 6 Shivani Singh 1月 1, 1970 68 189 28,091,914"
2026-08-07,in,India,top_artists_weekly,,75,1 Hariharan,,"1月 1, 1970",27930076,"75 1 Hariharan 1月 1, 1970 74 486 27,930,076"
2026-08-07,in,India,top_artists_weekly,,76,Roopkumar Rathod,,,,Roopkumar Rathod
2026-08-07,in,India,top_artists_weekly,,77,2 Vishal Dadlani,,"1月 1, 1970",27839052,"77 2 Vishal Dadlani 1月 1, 1970 75 412 27,839,052"
2026-08-07,in,India,top_artists_weekly,,78,5 S. Janaki,,"1月 1, 1970",27044162,"78 5 S. Janaki 1月 1, 1970 73 431 27,044,162"
2026-08-07,in,India,top_artists_weekly,,79,5 Meet Bros.,,"1月 1, 1970",27030040,"79 5 Meet Bros. 1月 1, 1970 84 515 27,030,040"
2026-08-07,in,India,top_artists_weekly,,80,1 Shaan,,"1月 1, 1970",26972167,"80 1 Shaan 1月 1, 1970 79 512 26,972,167"
2026-08-07,in,India,top_artists_weekly,,81,1 Indu Sonali,,"1月 1, 1970",26674972,"81 1 Indu Sonali 1月 1, 1970 80 515 26,674,972"
2026-08-07,in,India,top_artists_weekly,,82,1 奈蒂·莫漢,,"1月 1, 1970",26147971,"82 1 奈蒂·莫漢 1月 1, 1970 81 515 26,147,971"
2026-08-07,in,India,top_artists_weekly,,83,1 Chinmayi,,"1月 1, 1970",25579868,"83 1 Chinmayi 1月 1, 1970 82 332 25,579,868"
2026-08-07,in,India,top_artists_weekly,,84,2 Anand Raj Anand,,"1月 1, 1970",25041521,"84 2 Anand Raj Anand 1月 1, 1970 86 415 25,041,521"
2026-08-07,in,India,top_artists_weekly,,85,2 阿西斯·凱爾,,"1月 1, 1970",24779072,"85 2 阿西斯·凱爾 1月 1, 1970 83 415 24,779,072"
2026-08-07,in,India,top_artists_weekly,,86,5 Vivek,,"1月 1, 1970",23635167,"86 5 Vivek 1月 1, 1970 91 48 23,635,167"
2026-08-07,in,India,top_artists_weekly,,87,2 吉特·甘古利,,"1月 1, 1970",22837266,"87 2 吉特·甘古利 1月 1, 1970 89 288 22,837,266"
2026-08-07,in,India,top_artists_weekly,,88,● 阿曼·馬利克,,"1月 1, 1970",22650030,"88 ● 阿曼·馬利克 1月 1, 1970 88 515 22,650,030"
2026-08-07,in,India,top_artists_weekly,,89,2 Swara Verma,,"1月 1, 1970",22577310,"89 2 Swara Verma 1月 1, 1970 87 116 22,577,310"
2026-08-07,in,India,top_artists_weekly,,90,6 薩吉—瓦吉,,"1月 1, 1970",22526219,"90 6 薩吉—瓦吉 1月 1, 1970 96 61 22,526,219"
2026-08-07,in,India,top_artists_weekly,,91,3 Tuntun Yadav,,"1月 1, 1970",22271033,"91 3 Tuntun Yadav 1月 1, 1970 94 242 22,271,033"
2026-08-07,in,India,top_artists_weekly,,92,7 谷魯·蘭達瓦,,"1月 1, 1970",22259501,"92 7 谷魯·蘭達瓦 1月 1, 1970 85 515 22,259,501"
2026-08-07,in,India,top_artists_weekly,,93,93 Jaani,,"1月 1, 1970",21982295,"93 93 Jaani 1月 1, 1970 - 248 21,982,295"
2026-08-07,in,India,top_artists_weekly,,94,4 Shilpa Rao,,"1月 1, 1970",21820106,"94 4 Shilpa Rao 1月 1, 1970 90 332 21,820,106"
2026-08-07,in,India,top_artists_weekly,,95,● 米卡·辛格,,"1月 1, 1970",21720976,"95 ● 米卡·辛格 1月 1, 1970 95 515 21,720,976"
2026-08-07,in,India,top_artists_weekly,,96,3 Kailash Kher,,"1月 1, 1970",21565433,"96 3 Kailash Kher 1月 1, 1970 93 513 21,565,433"
2026-08-07,in,India,top_artists_weekly,,97,97 Babul Supriyo,,"1月 1, 1970",21408657,"97 97 Babul Supriyo 1月 1, 1970 - 419 21,408,657"
2026-08-07,in,India,top_artists_weekly,,98,1 K.J. Yesudas,,"1月 1, 1970",21323269,"98 1 K.J. Yesudas 1月 1, 1970 97 366 21,323,269"
2026-08-07,in,India,top_artists_weekly,,99,1 迪維亞·庫瑪,,"1月 1, 1970",20801957,"99 1 迪維亞·庫瑪 1月 1, 1970 100 387 20,801,957"
2026-08-07,in,India,top_artists_weekly,,100,2 Ruchika Jangid,,"1月 1, 1970",20671557,"100 2 Ruchika Jangid 1月 1, 1970 98 408 20,671,557"
2026-08-07,sg,Singapore,top_artists_weekly,,1,● 周杰倫,,"1月 1, 1970",562444,"1 ● 周杰倫 1月 1, 1970 1 15 562,444"
2026-08-07,sg,Singapore,top_artists_weekly,,2,Anirudh Ravichander,,,,Anirudh Ravichander
2026-08-07,sg,Singapore,top_artists_weekly,,3,1 Taylor Swift,,"1月 1, 1970",449577,"3 1 Taylor Swift 1月 1, 1970 2 15 449,577"
2026-08-07,sg,Singapore,top_artists_weekly,,4,1 防彈少年團,,"1月 1, 1970",440137,"4 1 防彈少年團 1月 1, 1970 3 15 440,137"
2026-08-07,sg,Singapore,top_artists_weekly,,5,1 Ariana Grande,,"1月 1, 1970",381031,"5 1 Ariana Grande 1月 1, 1970 6 15 381,031"
2026-08-07,sg,Singapore,top_artists_weekly,,6,1 Ilaiyaraaja,,"1月 1, 1970",376475,"6 1 Ilaiyaraaja 1月 1, 1970 5 15 376,475"
2026-08-07,sg,Singapore,top_artists_weekly,,7,22 KATSEYE,,"1月 1, 1970",375259,"7 22 KATSEYE 1月 1, 1970 29 15 375,259"
2026-08-07,sg,Singapore,top_artists_weekly,,8,1 Justin Bieber,,"1月 1, 1970",370253,"8 1 Justin Bieber 1月 1, 1970 7 15 370,253"
2026-08-07,sg,Singapore,top_artists_weekly,,9,SP Balasubrahmanyam,,,,SP Balasubrahmanyam
2026-08-07,sg,Singapore,top_artists_weekly,,10,37 Jennie,,"1月 1, 1970",326196,"10 37 Jennie 1月 1, 1970 47 15 326,196"
2026-08-07,sg,Singapore,top_artists_weekly,,11,2 Shakira,,"1月 1, 1970",306835,"11 2 Shakira 1月 1, 1970 9 15 306,835"
2026-08-07,sg,Singapore,top_artists_weekly,,12,1 Bruno Mars,,"1月 1, 1970",289017,"12 1 Bruno Mars 1月 1, 1970 11 15 289,017"
2026-08-07,sg,Singapore,top_artists_weekly,,13,2 Sai Abhyankkar,,"1月 1, 1970",282197,"13 2 Sai Abhyankkar 1月 1, 1970 15 15 282,197"
2026-08-07,sg,Singapore,top_artists_weekly,,14,5 NDPeeps,,"1月 1, 1970",278016,"14 5 NDPeeps 1月 1, 1970 19 5 278,016"
2026-08-07,sg,Singapore,top_artists_weekly,,15,5 林俊傑,,"1月 1, 1970",275572,"15 5 林俊傑 1月 1, 1970 10 15 275,572"
2026-08-07,sg,Singapore,top_artists_weekly,,16,4 The Weeknd,,"1月 1, 1970",268697,"16 4 The Weeknd 1月 1, 1970 12 15 268,697"
2026-08-07,sg,Singapore,top_artists_weekly,,17,3 A. R. Rahman,,"1月 1, 1970",261878,"17 3 A. R. Rahman 1月 1, 1970 14 15 261,878"
2026-08-07,sg,Singapore,top_artists_weekly,,18,5 周興哲,,"1月 1, 1970",261379,"18 5 周興哲 1月 1, 1970 13 15 261,379"
2026-08-07,sg,Singapore,top_artists_weekly,,19,3 舒蕾亞·戈沙爾,,"1月 1, 1970",259261,"19 3 舒蕾亞·戈沙爾 1月 1, 1970 16 15 259,261"
2026-08-07,sg,Singapore,top_artists_weekly,,20,3 Arijit Singh,,"1月 1, 1970",246757,"20 3 Arijit Singh 1月 1, 1970 17 15 246,757"
2026-08-07,sg,Singapore,top_artists_weekly,,21,1 ILLIT,,"1月 1, 1970",243701,"21 1 ILLIT 1月 1, 1970 22 15 243,701"
2026-08-07,sg,Singapore,top_artists_weekly,,22,4 阿爾卡·雅格尼克,,"1月 1, 1970",237874,"22 4 阿爾卡·雅格尼克 1月 1, 1970 18 15 237,874"
2026-08-07,sg,Singapore,top_artists_weekly,,23,3 鄧紫棋,,"1月 1, 1970",223120,"23 3 鄧紫棋 1月 1, 1970 20 15 223,120"
2026-08-07,sg,Singapore,top_artists_weekly,,24,16 aespa,,"1月 1, 1970",216727,"24 16 aespa 1月 1, 1970 40 15 216,727"
2026-08-07,sg,Singapore,top_artists_weekly,,25,● Udit Narayan,,"1月 1, 1970",209906,"25 ● Udit Narayan 1月 1, 1970 25 15 209,906"
2026-08-07,sg,Singapore,top_artists_weekly,,26,5 BABYMONSTER,,"1月 1, 1970",208802,"26 5 BABYMONSTER 1月 1, 1970 21 15 208,802"
2026-08-07,sg,Singapore,top_artists_weekly,,27,1 en,,"1月 1, 1970",206337,"27 1 en 1月 1, 1970 26 15 206,337"
2026-08-07,sg,Singapore,top_artists_weekly,,28,G.V. Prakash Kumar,,,,G.V. Prakash Kumar
2026-08-07,sg,Singapore,top_artists_weekly,,29,6 S. Janaki,,"1月 1, 1970",198775,"29 6 S. Janaki 1月 1, 1970 23 15 198,775"
2026-08-07,sg,Singapore,top_artists_weekly,,30,● 汪蘇瀧,,"1月 1, 1970",198242,"30 ● 汪蘇瀧 1月 1, 1970 30 15 198,242"
2026-08-07,sg,Singapore,top_artists_weekly,,31,7 Michael Jackson,,"1月 1, 1970",194710,"31 7 Michael Jackson 1月 1, 1970 24 15 194,710"
2026-08-07,sg,Singapore,top_artists_weekly,,32,4 Olivia Rodrigo,,"1月 1, 1970",193176,"32 4 Olivia Rodrigo 1月 1, 1970 28 15 193,176"
2026-08-07,sg,Singapore,top_artists_weekly,,33,2 姚晓棠,,"1月 1, 1970",192342,"33 2 姚晓棠 1月 1, 1970 31 15 192,342"
2026-08-07,sg,Singapore,top_artists_weekly,,34,2 Lady Gaga,,"1月 1, 1970",191270,"34 2 Lady Gaga 1月 1, 1970 32 15 191,270"
2026-08-07,sg,Singapore,top_artists_weekly,,35,8 LE SSERAFIM,,"1月 1, 1970",187603,"35 8 LE SSERAFIM 1月 1, 1970 27 15 187,603"
2026-08-07,sg,Singapore,top_artists_weekly,,36,2 Katy Perry,,"1月 1, 1970",186538,"36 2 Katy Perry 1月 1, 1970 34 15 186,538"
2026-08-07,sg,Singapore,top_artists_weekly,,37,4 伯納男孩,,"1月 1, 1970",179777,"37 4 伯納男孩 1月 1, 1970 33 10 179,777"
2026-08-07,sg,Singapore,top_artists_weekly,,38,1 Maroon 5,,"1月 1, 1970",169110,"38 1 Maroon 5 1月 1, 1970 37 15 169,110"
2026-08-07,sg,Singapore,top_artists_weekly,,39,3 K·S·切特拉,,"1月 1, 1970",167154,"39 3 K·S·切特拉 1月 1, 1970 36 15 167,154"
2026-08-07,sg,Singapore,top_artists_weekly,,40,5 Ed Sheeran,,"1月 1, 1970",165168,"40 5 Ed Sheeran 1月 1, 1970 35 15 165,168"
2026-08-07,sg,Singapore,top_artists_weekly,,41,3 尤文·香卡·拉雅,,"1月 1, 1970",164201,"41 3 尤文·香卡·拉雅 1月 1, 1970 38 15 164,201"
2026-08-07,sg,Singapore,top_artists_weekly,,42,1 BLACKPINK,,"1月 1, 1970",155763,"42 1 BLACKPINK 1月 1, 1970 43 15 155,763"
2026-08-07,sg,Singapore,top_artists_weekly,,43,5 ATEEZ,,"1月 1, 1970",152691,"43 5 ATEEZ 1月 1, 1970 48 15 152,691"
2026-08-07,sg,Singapore,top_artists_weekly,,44,● 聯合公園,,"1月 1, 1970",150223,"44 ● 聯合公園 1月 1, 1970 44 15 150,223"
2026-08-07,sg,Singapore,top_artists_weekly,,45,● 承桓,,"1月 1, 1970",149460,"45 ● 承桓 1月 1, 1970 45 15 149,460"
2026-08-07,sg,Singapore,top_artists_weekly,,46,5 DIOR 大穎,,"1月 1, 1970",149447,"46 5 DIOR 大穎 1月 1, 1970 41 15 149,447"
2026-08-07,sg,Singapore,top_artists_weekly,,47,1 酷玩樂團,,"1月 1, 1970",145909,"47 1 酷玩樂團 1月 1, 1970 46 15 145,909"
2026-08-07,sg,Singapore,top_artists_weekly,,48,6 艾倫·沃克,,"1月 1, 1970",145455,"48 6 艾倫·沃克 1月 1, 1970 42 15 145,455"
2026-08-07,sg,Singapore,top_artists_weekly,,49,● Vivek,,"1月 1, 1970",143414,"49 ● Vivek 1月 1, 1970 49 15 143,414"
2026-08-07,sg,Singapore,top_artists_weekly,,50,2 比利·埃利什,,"1月 1, 1970",133079,"50 2 比利·埃利什 1月 1, 1970 52 15 133,079"
2026-08-07,sg,Singapore,top_artists_weekly,,51,1 五月天 (Mayday),,"1月 1, 1970",132083,"51 1 五月天 (Mayday) 1月 1, 1970 50 15 132,083"
2026-08-07,sg,Singapore,top_artists_weekly,,52,1 LBI,,"1月 1, 1970",131164,"52 1 LBI 1月 1, 1970 51 15 131,164"
2026-08-07,sg,Singapore,top_artists_weekly,,53,KPop Demon Hunters Cast,,,,KPop Demon Hunters Cast
2026-08-07,sg,Singapore,top_artists_weekly,,54,● Hariharan,,"1月 1, 1970",129758,"54 ● Hariharan 1月 1, 1970 54 15 129,758"
2026-08-07,sg,Singapore,top_artists_weekly,,55,● 马也Crabbit,,"1月 1, 1970",129177,"55 ● 马也Crabbit 1月 1, 1970 55 15 129,177"
2026-08-07,sg,Singapore,top_artists_weekly,,56,14 李榮浩,,"1月 1, 1970",124700,"56 14 李榮浩 1月 1, 1970 70 15 124,700"
2026-08-07,sg,Singapore,top_artists_weekly,,57,57 EXO,,"1月 1, 1970",123330,"57 57 EXO 1月 1, 1970 - 15 123,330"
2026-08-07,sg,Singapore,top_artists_weekly,,58,4 Rihanna,,"1月 1, 1970",122899,"58 4 Rihanna 1月 1, 1970 62 15 122,899"
2026-08-07,sg,Singapore,top_artists_weekly,,59,5 Cole先生,,"1月 1, 1970",122795,"59 5 Cole先生 1月 1, 1970 64 14 122,795"
2026-08-07,sg,Singapore,top_artists_weekly,,60,2 A,Lin,"1月 1, 1970",120059,"60 2 A-Lin 1月 1, 1970 58 15 120,059"
2026-08-07,sg,Singapore,top_artists_weekly,,61,5 EJAE,,"1月 1, 1970",118909,"61 5 EJAE 1月 1, 1970 56 15 118,909"
2026-08-07,sg,Singapore,top_artists_weekly,,62,13 大头针R&B,,"1月 1, 1970",118314,"62 13 大头针R&B 1月 1, 1970 75 7 118,314"
2026-08-07,sg,Singapore,top_artists_weekly,,63,63 Iman Fandi,,"1月 1, 1970",117269,"63 63 Iman Fandi 1月 1, 1970 - 4 117,269"
2026-08-07,sg,Singapore,top_artists_weekly,,64,64 weish,,"1月 1, 1970",116898,"64 64 weish 1月 1, 1970 - 4 116,898"
2026-08-07,sg,Singapore,top_artists_weekly,,65,2 张远,,"1月 1, 1970",116587,"65 2 张远 1月 1, 1970 63 15 116,587"
2026-08-07,sg,Singapore,top_artists_weekly,,66,7 Seventeen,,"1月 1, 1970",115624,"66 7 Seventeen 1月 1, 1970 59 15 115,624"
2026-08-07,sg,Singapore,top_artists_weekly,,67,12 庫馬・山奴,,"1月 1, 1970",115200,"67 12 庫馬・山奴 1月 1, 1970 79 15 115,200"
2026-08-07,sg,Singapore,top_artists_weekly,,68,3 Stray Kids,,"1月 1, 1970",114838,"68 3 Stray Kids 1月 1, 1970 65 15 114,838"
2026-08-07,sg,Singapore,top_artists_weekly,,69,5 BIGBANG,,"1月 1, 1970",114502,"69 5 BIGBANG 1月 1, 1970 74 15 114,502"
2026-08-07,sg,Singapore,top_artists_weekly,,70,1 德瓦,,"1月 1, 1970",113901,"70 1 德瓦 1月 1, 1970 69 15 113,901"
2026-08-07,sg,Singapore,top_artists_weekly,,71,Sabrina Carpenter,,,,Sabrina Carpenter
2026-08-07,sg,Singapore,top_artists_weekly,,72,22 張碧晨,,"1月 1, 1970",113319,"72 22 張碧晨 1月 1, 1970 94 15 113,319"
2026-08-07,sg,Singapore,top_artists_weekly,,73,5 Pritam,,"1月 1, 1970",110870,"73 5 Pritam 1月 1, 1970 68 15 110,870"
2026-08-07,sg,Singapore,top_artists_weekly,,74,6 朴彩英,,"1月 1, 1970",110091,"74 6 朴彩英 1月 1, 1970 80 15 110,091"
2026-08-07,sg,Singapore,top_artists_weekly,,75,4 老菸槍雙人組,,"1月 1, 1970",109350,"75 4 老菸槍雙人組 1月 1, 1970 71 15 109,350"
2026-08-07,sg,Singapore,top_artists_weekly,,76,8 Pitbull,,"1月 1, 1970",108895,"76 8 Pitbull 1月 1, 1970 84 15 108,895"
2026-08-07,sg,Singapore,top_artists_weekly,,77,9 陳奕迅,,"1月 1, 1970",108787,"77 9 陳奕迅 1月 1, 1970 86 15 108,787"
2026-08-07,sg,Singapore,top_artists_weekly,,78,21 薛之謙,,"1月 1, 1970",108095,"78 21 薛之謙 1月 1, 1970 57 15 108,095"
2026-08-07,sg,Singapore,top_artists_weekly,,79,10 Vaali,,"1月 1, 1970",107596,"79 10 Vaali 1月 1, 1970 89 15 107,596"
2026-08-07,sg,Singapore,top_artists_weekly,,80,7 Shawn Mendes,,"1月 1, 1970",107427,"80 7 Shawn Mendes 1月 1, 1970 73 15 107,427"
2026-08-07,sg,Singapore,top_artists_weekly,,81,14 TWICE,,"1月 1, 1970",107240,"81 14 TWICE 1月 1, 1970 67 15 107,240"
2026-08-07,sg,Singapore,top_artists_weekly,,82,Shankar Mahadevan,,,,Shankar Mahadevan
2026-08-07,sg,Singapore,top_artists_weekly,,83,11 HUNTR/X,,"1月 1, 1970",106145,"83 11 HUNTR/X 1月 1, 1970 72 15 106,145"
2026-08-07,sg,Singapore,top_artists_weekly,,84,1 西城男孩,,"1月 1, 1970",105403,"84 1 西城男孩 1月 1, 1970 85 15 105,403"
2026-08-07,sg,Singapore,top_artists_weekly,,85,3 新好男孩,,"1月 1, 1970",105009,"85 3 新好男孩 1月 1, 1970 82 15 105,009"
2026-08-07,sg,Singapore,top_artists_weekly,,86,10 AUDREY NUNA,,"1月 1, 1970",104396,"86 10 AUDREY NUNA 1月 1, 1970 76 15 104,396"
2026-08-07,sg,Singapore,top_artists_weekly,,87,9 REI AMI,,"1月 1, 1970",104202,"87 9 REI AMI 1月 1, 1970 78 15 104,202"
2026-08-07,sg,Singapore,top_artists_weekly,,88,88 李佳薇,,"1月 1, 1970",104130,"88 88 李佳薇 1月 1, 1970 - 3 104,130"
2026-08-07,sg,Singapore,top_artists_weekly,,89,9 1世代,,"1月 1, 1970",102007,"89 9 1世代 1月 1, 1970 98 15 102,007"
2026-08-07,sg,Singapore,top_artists_weekly,,90,9 YOASOBI,,"1月 1, 1970",100519,"90 9 YOASOBI 1月 1, 1970 81 15 100,519"
2026-08-07,sg,Singapore,top_artists_weekly,,91,91 NewJeans,,"1月 1, 1970",100051,"91 91 NewJeans 1月 1, 1970 - 15 100,051"
2026-08-07,sg,Singapore,top_artists_weekly,,92,1 Hiphop Tamizha,,"1月 1, 1970",99513,"92 1 Hiphop Tamizha 1月 1, 1970 93 15 99,513"
2026-08-07,sg,Singapore,top_artists_weekly,,93,2 于冬然,,"1月 1, 1970",99215,"93 2 于冬然 1月 1, 1970 95 15 99,215"
2026-08-07,sg,Singapore,top_artists_weekly,,94,2 哈里斯・傑亞拉吉,,"1月 1, 1970",98238,"94 2 哈里斯・傑亞拉吉 1月 1, 1970 96 15 98,238"
2026-08-07,sg,Singapore,top_artists_weekly,,95,3 Eminem,,"1月 1, 1970",97506,"95 3 Eminem 1月 1, 1970 92 15 97,506"
2026-08-07,sg,Singapore,top_artists_weekly,,96,3 蘇努・尼甘,,"1月 1, 1970",97259,"96 3 蘇努・尼甘 1月 1, 1970 99 15 97,259"
2026-08-07,sg,Singapore,top_artists_weekly,,97,9 IVE,,"1月 1, 1970",97092,"97 9 IVE 1月 1, 1970 88 15 97,092"
2026-08-07,sg,Singapore,top_artists_weekly,,98,8 CP查理,,"1月 1, 1970",96817,"98 8 CP查理 1月 1, 1970 90 15 96,817"
2026-08-07,sg,Singapore,top_artists_weekly,,99,8 Lana Del Rey,,"1月 1, 1970",96772,"99 8 Lana Del Rey 1月 1, 1970 91 15 96,772"
2026-08-07,sg,Singapore,top_artists_weekly,,100,3 Imagine Dragons,,"1月 1, 1970",96350,"100 3 Imagine Dragons 1月 1, 1970 97 15 96,350"
2026-08-07,my,Malaysia,top_artists_weekly,,1,● Ariana Grande,,"1月 1, 1970",3197887,"1 ● Ariana Grande 1月 1, 1970 1 15 3,197,887"
2026-08-07,my,Malaysia,top_artists_weekly,,2,● Justin Bieber,,"1月 1, 1970",3149652,"2 ● Justin Bieber 1月 1, 1970 2 15 3,149,652"
2026-08-07,my,Malaysia,top_artists_weekly,,3,Anirudh Ravichander,,,,Anirudh Ravichander
2026-08-07,my,Malaysia,top_artists_weekly,,4,1 Bruno Mars,,"1月 1, 1970",2562854,"4 1 Bruno Mars 1月 1, 1970 3 15 2,562,854"
2026-08-07,my,Malaysia,top_artists_weekly,,5,1 Taylor Swift,,"1月 1, 1970",2343719,"5 1 Taylor Swift 1月 1, 1970 6 15 2,343,719"
2026-08-07,my,Malaysia,top_artists_weekly,,6,1 周杰倫,,"1月 1, 1970",2325834,"6 1 周杰倫 1月 1, 1970 5 15 2,325,834"
2026-08-07,my,Malaysia,top_artists_weekly,,7,1 阿爾卡·雅格尼克,,"1月 1, 1970",2306048,"7 1 阿爾卡·雅格尼克 1月 1, 1970 8 15 2,306,048"
2026-08-07,my,Malaysia,top_artists_weekly,,8,4 茜蒂·諾哈麗莎,,"1月 1, 1970",2291958,"8 4 茜蒂·諾哈麗莎 1月 1, 1970 4 15 2,291,958"
2026-08-07,my,Malaysia,top_artists_weekly,,9,● 防彈少年團,,"1月 1, 1970",2134245,"9 ● 防彈少年團 1月 1, 1970 9 15 2,134,245"
2026-08-07,my,Malaysia,top_artists_weekly,,10,● Exists,,"1月 1, 1970",2087432,"10 ● Exists 1月 1, 1970 10 15 2,087,432"
2026-08-07,my,Malaysia,top_artists_weekly,,11,8 Peterpan,,"1月 1, 1970",2080293,"11 8 Peterpan 1月 1, 1970 19 15 2,080,293"
2026-08-07,my,Malaysia,top_artists_weekly,,12,1 Udit Narayan,,"1月 1, 1970",2017324,"12 1 Udit Narayan 1月 1, 1970 11 15 2,017,324"
2026-08-07,my,Malaysia,top_artists_weekly,,13,1 The Weeknd,,"1月 1, 1970",1879649,"13 1 The Weeknd 1月 1, 1970 12 15 1,879,649"
2026-08-07,my,Malaysia,top_artists_weekly,,14,1 Sai Abhyankkar,,"1月 1, 1970",1827788,"14 1 Sai Abhyankkar 1月 1, 1970 13 15 1,827,788"
2026-08-07,my,Malaysia,top_artists_weekly,,15,8 Naykilla,,"1月 1, 1970",1810841,"15 8 Naykilla 1月 1, 1970 23 15 1,810,841"
2026-08-07,my,Malaysia,top_artists_weekly,,16,16 圖魯斯,,"1月 1, 1970",1773564,"16 16 圖魯斯 1月 1, 1970 32 4 1,773,564"
2026-08-07,my,Malaysia,top_artists_weekly,,17,1 Katy Perry,,"1月 1, 1970",1768443,"17 1 Katy Perry 1月 1, 1970 18 15 1,768,443"
2026-08-07,my,Malaysia,top_artists_weekly,,18,3 Spring,,"1月 1, 1970",1754415,"18 3 Spring 1月 1, 1970 15 15 1,754,415"
2026-08-07,my,Malaysia,top_artists_weekly,,19,5 Shakira,,"1月 1, 1970",1737967,"19 5 Shakira 1月 1, 1970 14 15 1,737,967"
2026-08-07,my,Malaysia,top_artists_weekly,,20,● Wali,,"1月 1, 1970",1704183,"20 ● Wali 1月 1, 1970 20 15 1,704,183"
2026-08-07,my,Malaysia,top_artists_weekly,,21,34 Jennie,,"1月 1, 1970",1670010,"21 34 Jennie 1月 1, 1970 55 15 1,670,010"
2026-08-07,my,Malaysia,top_artists_weekly,,22,5 Raim Laode,,"1月 1, 1970",1622971,"22 5 Raim Laode 1月 1, 1970 17 15 1,622,971"
2026-08-07,my,Malaysia,top_artists_weekly,,23,7 Slam,,"1月 1, 1970",1552525,"23 7 Slam 1月 1, 1970 16 15 1,552,525"
2026-08-07,my,Malaysia,top_artists_weekly,,24,3 U.K's,,"1月 1, 1970",1494531,"24 3 U.K's 1月 1, 1970 21 15 1,494,531"
2026-08-07,my,Malaysia,top_artists_weekly,,25,42 KATSEYE,,"1月 1, 1970",1488849,"25 42 KATSEYE 1月 1, 1970 67 15 1,488,849"
2026-08-07,my,Malaysia,top_artists_weekly,,26,1 Iklim,,"1月 1, 1970",1454429,"26 1 Iklim 1月 1, 1970 25 15 1,454,429"
2026-08-07,my,Malaysia,top_artists_weekly,,27,5 BABYMONSTER,,"1月 1, 1970",1434896,"27 5 BABYMONSTER 1月 1, 1970 22 15 1,434,896"
2026-08-07,my,Malaysia,top_artists_weekly,,28,4 A. R. Rahman,,"1月 1, 1970",1375908,"28 4 A. R. Rahman 1月 1, 1970 24 15 1,375,908"
2026-08-07,my,Malaysia,top_artists_weekly,,29,2 Judika,,"1月 1, 1970",1359842,"29 2 Judika 1月 1, 1970 27 15 1,359,842"
2026-08-07,my,Malaysia,top_artists_weekly,,30,Nadhif Basalamah,,,,Nadhif Basalamah
2026-08-07,my,Malaysia,top_artists_weekly,,31,2 舒蕾亞·戈沙爾,,"1月 1, 1970",1278010,"31 2 舒蕾亞·戈沙爾 1月 1, 1970 29 15 1,278,010"
2026-08-07,my,Malaysia,top_artists_weekly,,32,1 Wings,,"1月 1, 1970",1261342,"32 1 Wings 1月 1, 1970 31 15 1,261,342"
2026-08-07,my,Malaysia,top_artists_weekly,,33,7 艾倫·沃克,,"1月 1, 1970",1251554,"33 7 艾倫·沃克 1月 1, 1970 26 15 1,251,554"
2026-08-07,my,Malaysia,top_artists_weekly,,34,29 Akbar Chalay,,"1月 1, 1970",1250216,"34 29 Akbar Chalay 1月 1, 1970 63 9 1,250,216"
2026-08-07,my,Malaysia,top_artists_weekly,,35,2 XPDC,,"1月 1, 1970",1195914,"35 2 XPDC 1月 1, 1970 33 15 1,195,914"
2026-08-07,my,Malaysia,top_artists_weekly,,36,● Arijit Singh,,"1月 1, 1970",1190842,"36 ● Arijit Singh 1月 1, 1970 36 15 1,190,842"
2026-08-07,my,Malaysia,top_artists_weekly,,37,7 ST 12,,"1月 1, 1970",1178991,"37 7 ST 12 1月 1, 1970 30 15 1,178,991"
2026-08-07,my,Malaysia,top_artists_weekly,,38,● Maroon 5,,"1月 1, 1970",1164525,"38 ● Maroon 5 1月 1, 1970 38 15 1,164,525"
2026-08-07,my,Malaysia,top_artists_weekly,,39,4 ILLIT,,"1月 1, 1970",1158336,"39 4 ILLIT 1月 1, 1970 43 15 1,158,336"
2026-08-07,my,Malaysia,top_artists_weekly,,40,● Olivia Rodrigo,,"1月 1, 1970",1149448,"40 ● Olivia Rodrigo 1月 1, 1970 40 15 1,149,448"
2026-08-07,my,Malaysia,top_artists_weekly,,41,3 Tenxi,,"1月 1, 1970",1123628,"41 3 Tenxi 1月 1, 1970 44 15 1,123,628"
2026-08-07,my,Malaysia,top_artists_weekly,,42,3 BLACKPINK,,"1月 1, 1970",1114998,"42 3 BLACKPINK 1月 1, 1970 39 15 1,114,998"
2026-08-07,my,Malaysia,top_artists_weekly,,43,1 比利·埃利什,,"1月 1, 1970",1089230,"43 1 比利·埃利什 1月 1, 1970 42 15 1,089,230"
2026-08-07,my,Malaysia,top_artists_weekly,,44,9 林俊傑,,"1月 1, 1970",1084350,"44 9 林俊傑 1月 1, 1970 35 15 1,084,350"
2026-08-07,my,Malaysia,top_artists_weekly,,45,8 Michael Jackson,,"1月 1, 1970",1074943,"45 8 Michael Jackson 1月 1, 1970 37 15 1,074,943"
2026-08-07,my,Malaysia,top_artists_weekly,,46,12 Gareth.T,,"1月 1, 1970",1074391,"46 12 Gareth.T 1月 1, 1970 34 15 1,074,391"
2026-08-07,my,Malaysia,top_artists_weekly,,47,4 Search,,"1月 1, 1970",1064434,"47 4 Search 1月 1, 1970 51 15 1,064,434"
2026-08-07,my,Malaysia,top_artists_weekly,,48,3 Ungu,,"1月 1, 1970",1059160,"48 3 Ungu 1月 1, 1970 45 15 1,059,160"
2026-08-07,my,Malaysia,top_artists_weekly,,49,2 Lady Gaga,,"1月 1, 1970",1058134,"49 2 Lady Gaga 1月 1, 1970 47 15 1,058,134"
2026-08-07,my,Malaysia,top_artists_weekly,,50,4 尤文·香卡·拉雅,,"1月 1, 1970",1053743,"50 4 尤文·香卡·拉雅 1月 1, 1970 46 15 1,053,743"
2026-08-07,my,Malaysia,top_artists_weekly,,51,1 Ella,,"1月 1, 1970",1050856,"51 1 Ella 1月 1, 1970 52 15 1,050,856"
2026-08-07,my,Malaysia,top_artists_weekly,,52,3 鄧紫棋,,"1月 1, 1970",1044279,"52 3 鄧紫棋 1月 1, 1970 49 15 1,044,279"
2026-08-07,my,Malaysia,top_artists_weekly,,53,12 Hyper Act,,"1月 1, 1970",1042715,"53 12 Hyper Act 1月 1, 1970 41 15 1,042,715"
2026-08-07,my,Malaysia,top_artists_weekly,,54,4 伯納男孩,,"1月 1, 1970",1029248,"54 4 伯納男孩 1月 1, 1970 50 9 1,029,248"
2026-08-07,my,Malaysia,top_artists_weekly,,55,30 aespa,,"1月 1, 1970",998426,"55 30 aespa 1月 1, 1970 85 15 998,426"
2026-08-07,my,Malaysia,top_artists_weekly,,56,4 Shawn Mendes,,"1月 1, 1970",992736,"56 4 Shawn Mendes 1月 1, 1970 60 15 992,736"
2026-08-07,my,Malaysia,top_artists_weekly,,57,4 周興哲,,"1月 1, 1970",989848,"57 4 周興哲 1月 1, 1970 53 15 989,848"
2026-08-07,my,Malaysia,top_artists_weekly,,58,● Armada,,"1月 1, 1970",984121,"58 ● Armada 1月 1, 1970 58 15 984,121"
2026-08-07,my,Malaysia,top_artists_weekly,,59,KPop Demon Hunters Cast,,,,KPop Demon Hunters Cast
2026-08-07,my,Malaysia,top_artists_weekly,,60,G.V. Prakash Kumar,,,,G.V. Prakash Kumar
2026-08-07,my,Malaysia,top_artists_weekly,,61,7 庫馬・山奴,,"1月 1, 1970",978611,"61 7 庫馬・山奴 1月 1, 1970 68 15 978,611"
2026-08-07,my,Malaysia,top_artists_weekly,,62,SP Balasubrahmanyam,,,,SP Balasubrahmanyam
2026-08-07,my,Malaysia,top_artists_weekly,,63,9 LE SSERAFIM,,"1月 1, 1970",960258,"63 9 LE SSERAFIM 1月 1, 1970 54 15 960,258"
2026-08-07,my,Malaysia,top_artists_weekly,,64,5 Jemsii,,"1月 1, 1970",956715,"64 5 Jemsii 1月 1, 1970 69 15 956,715"
2026-08-07,my,Malaysia,top_artists_weekly,,65,1 Spin,,"1月 1, 1970",926875,"65 1 Spin 1月 1, 1970 66 15 926,875"
2026-08-07,my,Malaysia,top_artists_weekly,,66,7 Juan Reza,,"1月 1, 1970",926192,"66 7 Juan Reza 1月 1, 1970 59 15 926,192"
2026-08-07,my,Malaysia,top_artists_weekly,,67,10 Insomniacks,,"1月 1, 1970",925450,"67 10 Insomniacks 1月 1, 1970 57 15 925,450"
2026-08-07,my,Malaysia,top_artists_weekly,,68,7 Ilaiyaraaja,,"1月 1, 1970",912083,"68 7 Ilaiyaraaja 1月 1, 1970 61 15 912,083"
2026-08-07,my,Malaysia,top_artists_weekly,,69,69 Mingse,,"1月 1, 1970",899310,"69 69 Mingse 1月 1, 1970 - 3 899,310"
2026-08-07,my,Malaysia,top_artists_weekly,,70,2 薩利姆·拉茲維,,"1月 1, 1970",894170,"70 2 薩利姆·拉茲維 1月 1, 1970 72 15 894,170"
2026-08-07,my,Malaysia,top_artists_weekly,,71,9 Adira,,"1月 1, 1970",883708,"71 9 Adira 1月 1, 1970 62 15 883,708"
2026-08-07,my,Malaysia,top_artists_weekly,,72,10 Malique,,"1月 1, 1970",882916,"72 10 Malique 1月 1, 1970 82 10 882,916"
2026-08-07,my,Malaysia,top_artists_weekly,,73,2 Mahalini,,"1月 1, 1970",877561,"73 2 Mahalini 1月 1, 1970 71 15 877,561"
2026-08-07,my,Malaysia,top_artists_weekly,,74,9 EJAE,,"1月 1, 1970",874063,"74 9 EJAE 1月 1, 1970 65 15 874,063"
2026-08-07,my,Malaysia,top_artists_weekly,,75,9 Vivek,,"1月 1, 1970",869805,"75 9 Vivek 1月 1, 1970 84 15 869,805"
2026-08-07,my,Malaysia,top_artists_weekly,,76,1 聯合公園,,"1月 1, 1970",857400,"76 1 聯合公園 1月 1, 1970 77 15 857,400"
2026-08-07,my,Malaysia,top_artists_weekly,,77,13 EzHaRHaNzE,,"1月 1, 1970",854255,"77 13 EzHaRHaNzE 1月 1, 1970 64 15 854,255"
2026-08-07,my,Malaysia,top_artists_weekly,,78,12 May,,"1月 1, 1970",848982,"78 12 May 1月 1, 1970 90 15 848,982"
2026-08-07,my,Malaysia,top_artists_weekly,,79,8 Rihanna,,"1月 1, 1970",838507,"79 8 Rihanna 1月 1, 1970 87 15 838,507"
2026-08-07,my,Malaysia,top_artists_weekly,,80,10 Reedzwann,,"1月 1, 1970",833282,"80 10 Reedzwann 1月 1, 1970 70 15 833,282"
2026-08-07,my,Malaysia,top_artists_weekly,,81,5 Ed Sheeran,,"1月 1, 1970",816269,"81 5 Ed Sheeran 1月 1, 1970 76 15 816,269"
2026-08-07,my,Malaysia,top_artists_weekly,,82,7 HUNTR/X,,"1月 1, 1970",814107,"82 7 HUNTR/X 1月 1, 1970 75 15 814,107"
2026-08-07,my,Malaysia,top_artists_weekly,,83,2 CP查理,,"1月 1, 1970",812280,"83 2 CP查理 1月 1, 1970 81 15 812,280"
2026-08-07,my,Malaysia,top_artists_weekly,,84,Adek Saye Abe Sore,,,,Adek Saye Abe Sore
2026-08-07,my,Malaysia,top_artists_weekly,,85,3 Akon,,"1月 1, 1970",803858,"85 3 Akon 1月 1, 1970 88 15 803,858"
2026-08-07,my,Malaysia,top_artists_weekly,,86,86 ATEEZ,,"1月 1, 1970",794470,"86 86 ATEEZ 1月 1, 1970 - 10 794,470"
2026-08-07,my,Malaysia,top_artists_weekly,,87,8 蘇努・尼甘,,"1月 1, 1970",790493,"87 8 蘇努・尼甘 1月 1, 1970 95 15 790,493"
2026-08-07,my,Malaysia,top_artists_weekly,,88,4 七級煉獄,,"1月 1, 1970",787209,"88 4 七級煉獄 1月 1, 1970 92 15 787,209"
2026-08-07,my,Malaysia,top_artists_weekly,,89,3 UNIC,,"1月 1, 1970",786226,"89 3 UNIC 1月 1, 1970 86 15 786,226"
2026-08-07,my,Malaysia,top_artists_weekly,,90,4 新好男孩,,"1月 1, 1970",783982,"90 4 新好男孩 1月 1, 1970 94 15 783,982"
2026-08-07,my,Malaysia,top_artists_weekly,,91,2 BIGBANG,,"1月 1, 1970",783148,"91 2 BIGBANG 1月 1, 1970 89 15 783,148"
2026-08-07,my,Malaysia,top_artists_weekly,,92,13 AUDREY NUNA,,"1月 1, 1970",782771,"92 13 AUDREY NUNA 1月 1, 1970 79 15 782,771"
2026-08-07,my,Malaysia,top_artists_weekly,,93,93 Spoon樂隊,,"1月 1, 1970",782353,"93 93 Spoon樂隊 1月 1, 1970 - 3 782,353"
2026-08-07,my,Malaysia,top_artists_weekly,,94,14 REI AMI,,"1月 1, 1970",781460,"94 14 REI AMI 1月 1, 1970 80 15 781,460"
2026-08-07,my,Malaysia,top_artists_weekly,,95,3 Ammar Haikal,,"1月 1, 1970",772355,"95 3 Ammar Haikal 1月 1, 1970 98 6 772,355"
2026-08-07,my,Malaysia,top_artists_weekly,,96,13 DIOR 大穎,,"1月 1, 1970",760089,"96 13 DIOR 大穎 1月 1, 1970 83 15 760,089"
2026-08-07,my,Malaysia,top_artists_weekly,,97,● MOJO,,"1月 1, 1970",757683,"97 ● MOJO 1月 1, 1970 97 9 757,683"
2026-08-07,my,Malaysia,top_artists_weekly,,98,Bellestrelle ft Harry Azrul,,,,Bellestrelle ft Harry Azrul
2026-08-07,my,Malaysia,top_artists_weekly,,99,99 Pitbull,,"1月 1, 1970",735272,"99 99 Pitbull 1月 1, 1970 - 15 735,272"
2026-08-07,my,Malaysia,top_artists_weekly,,100,4 TWICE,,"1月 1, 1970",725140,"100 4 TWICE 1月 1, 1970 96 15 725,140"