captured_date,market,market_name,chart,period_suffix,rank,image_url,video_url,primary_name,secondary_name,release_date,metric_value,raw_text
2026-09-29,global,Global,top_artists_weekly,,1,https://lh3.googleusercontent.com/_wPXKRCH5rAX8AK1kJZ1bNhSpNyyEgBRNmREdPmLbvTy3sX_ldiKMRYFc5uChygV_KRx_SDrH1KgUifk=w64-h64-p,,● Alka Yagnik,,"1月 1, 1970",515806235,"1 ● Alka Yagnik 1月 1, 1970 1 523 515,806,235"
2026-09-29,global,Global,top_artists_weekly,,2,https://lh3.googleusercontent.com/coesV4OVEVkua3_wJG-2BVvTc95yHF9sS1W6mOAtl4-vvTjQb250Hy_nVlfvudmEugb7_k05vhY9aJm4=w64-h64-p,,● Udit Narayan,,"1月 1, 1970",378736729,"2 ● Udit Narayan 1月 1, 1970 2 544 378,736,729"
2026-09-29,global,Global,top_artists_weekly,,3,https://lh3.googleusercontent.com/W_yOqnKSDYyeVOY_AsXhuAtb6rW3vCL3GtJ9DA1GxWOrJfyeSOqzvTv_TkFHijdkVPXWutASBlRFPg=w64-h64-p,,● Arijit Singh,,"1月 1, 1970",343552772,"3 ● Arijit Singh 1月 1, 1970 3 553 343,552,772"
2026-09-29,global,Global,top_artists_weekly,,4,https://yt3.googleusercontent.com/PgINZNe0qVxgMSXKG5vF82bNN4WCC12zgWsz9I7OLs4CLF9Cn0Vxq7Xc1ToupnzXrCv0nKfe3VM=w64-h64-p,,● Shreya Ghoshal,,"1月 1, 1970",324722839,"4 ● Shreya Ghoshal 1月 1, 1970 4 525 324,722,839"
2026-09-29,global,Global,top_artists_weekly,,5,https://lh3.googleusercontent.com/cPvYaP4ByG-i7fUE-dKrjMgaNL8v3hC93ErP6meKnltvRuzxo-DINLQkTtvjfC6hVnzRMlnJEb9n3uM=w64-h64-p,,● Kumar Sanu,,"1月 1, 1970",285075199,"5 ● Kumar Sanu 1月 1, 1970 5 519 285,075,199"
2026-09-29,global,Global,top_artists_weekly,,6,https://yt3.googleusercontent.com/ploU_4iWpDoJlX3FOlwwd_yQcex0I8A0_665lePXAEBbNp1zn5g42eNwg5Q7lvYc2mG2--UNIYcIhww=w64-h64-p,,● Bad Bunny,,"1月 1, 1970",183968896,"6 ● Bad Bunny 1月 1, 1970 6 518 183,968,896"
2026-09-29,global,Global,top_artists_weekly,,7,https://lh3.googleusercontent.com/feZmeXdUHGejlI2qfS6ZDzS5AJJ2dtkG4SrWJ7AgeWuAOvobr_XC4m8REZ01uHpgX0qrpyY4557vKNA=w64-h64-p,,● Shilpi Raj,,"1月 1, 1970",173154752,"7 ● Shilpi Raj 1月 1, 1970 7 299 173,154,752"
2026-09-29,global,Global,top_artists_weekly,,8,https://yt3.googleusercontent.com/7NhzXEoaIgr-0tYoab-gNZfF8zA8IbpTPt_buovH2Y78pc1L7IfKTq7tGU6zSk9EBJX0yKq7wp3jts8=w64-h64-p,,2 Shakira,,"1月 1, 1970",171328520,"8 2 Shakira 1月 1, 1970 10 553 171,328,520"
2026-09-29,global,Global,top_artists_weekly,,9,https://lh3.googleusercontent.com/iWH_XSIO8yZvIqz8vxkwC9BjzGM4giAhR69Z6LZ0t8Rp79ASNFVwpwHZWOyyo94B_jsXl8HtFueMgMA=w64-h64-p,,● Sonu Nigam,,"1月 1, 1970",167943305,"9 ● Sonu Nigam 1月 1, 1970 9 509 167,943,305"
2026-09-29,global,Global,top_artists_weekly,,10,https://yt3.googleusercontent.com/sjGMYJQ1J3FZEIBsMYUztMjjYOM4-NJ24CjmIHqxTWCxAM1YgjL-d_17u7_PRhTouOwwAjbu-2x5S6I=w64-h64-p,,2 Pritam,,"1月 1, 1970",164006147,"10 2 Pritam 1月 1, 1970 8 283 164,006,147"
2026-09-29,global,Global,top_artists_weekly,,11,https://lh3.googleusercontent.com/aOdQY2mAYeneChSYXR-XM8Jmar12sSGavWQjNXJcoQnoxe6iri4ju4GuJKpyxDoCk3813ROgTBD72Gg=w64-h64-p,,● Lata Mangeshkar,,"1月 1, 1970",160909029,"11 ● Lata Mangeshkar 1月 1, 1970 11 536 160,909,029"
2026-09-29,global,Global,top_artists_weekly,,12,https://lh3.googleusercontent.com/Yzqsh_83kXz4dl0dvPlHTFeQjAkKbX3u-TV-9I7mo-bWm4sCKiHcCBTis2GculkVVNGG76Wwk3uQePeD=w64-h64-p,,● KAROL G,,"1月 1, 1970",156276818,"12 ● KAROL G 1月 1, 1970 12 471 156,276,818"
2026-09-29,global,Global,top_artists_weekly,,13,https://lh3.googleusercontent.com/HIksAfmb2UV0ELppWba2YZ1Gr5HAaXVXeoUQmztXgkqKYoZ7NGkdCE2tEGDsEj2_ouZdAl5fe6VbslI=w64-h64-p,,2 Anuel AA,,"1月 1, 1970",142367526,"13 2 Anuel AA 1月 1, 1970 15 436 142,367,526"
2026-09-29,global,Global,top_artists_weekly,,14,https://yt3.googleusercontent.com/dkYRAOQcSpLuL43zdgMfsHuegzZEUogHxxx4Pm3Pf_L6QuEMS9oIZIbWzB0z9gQEcSjD2qI69sgeEBhG=w64-h64-p,,1 Fuerza Regida,,"1月 1, 1970",142145076,"14 1 Fuerza Regida 1月 1, 1970 13 237 142,145,076"
2026-09-29,global,Global,top_artists_weekly,,15,https://lh3.googleusercontent.com/zWSt-azDdL9AU7TqaRdi7at4sag6W80bliX8RZ6Ex-cnMIxeJ0cSg2m6KGM4Oa9C-KhnStXrq42hHjo=w64-h64-p,,1 KATSEYE,,"1月 1, 1970",135372627,"15 1 KATSEYE 1月 1, 1970 14 69 135,372,627"
2026-09-29,global,Global,top_artists_weekly,,16,https://yt3.ggpht.com/ytc/AIdro_loUUAQFIvFnFeGPi7ojQ0x7KFOFusBaBXVAyxfrPiGk7U=w64-h64-p,,● Pawan Singh,,"1月 1, 1970",134924191,"16 ● Pawan Singh 1月 1, 1970 16 456 134,924,191"
2026-09-29,global,Global,top_artists_weekly,,17,https://lh3.googleusercontent.com/rdhk-_2UHeXOqem15INGphwJQBGYj3JkeckFYUZVPoL5aVPm3TS730uKayljYiuahRXolePwSsyWO8KI=w64-h64-p,,Khesari Lal Yadav,,,,Khesari Lal Yadav
2026-09-29,global,Global,top_artists_weekly,,18,https://lh3.googleusercontent.com/x-Z35q6HsBB98J85-4oNqPnOen4pZBaNCpHawzf_ejs-pkgh6Eh3D2Fu7S1T4gEj0yWZ0c6DOAHCpA=w64-h64-p,,1 Michael Jackson,,"1月 1, 1970",118908637,"18 1 Michael Jackson 1月 1, 1970 19 553 118,908,637"
2026-09-29,global,Global,top_artists_weekly,,19,https://lh3.googleusercontent.com/U-SAmNOu4TynE818gLCfKsuHZ0U5YNEtO9mrjSI9WCCKERs98LzrCal5kajBBTQNwdcisoB2Bn-pHp4=w64-h64-p,,2 The Weeknd,,"1月 1, 1970",114105601,"19 2 The Weeknd 1月 1, 1970 21 539 114,105,601"
2026-09-29,global,Global,top_artists_weekly,,20,https://yt3.googleusercontent.com/tdAsmMAtaKxazC86csCLxZFGFoo0yrhyJDCsqqF4p9lAHQKwVCh2hwT1HEqcTCv2c5af5k7t=w64-h64-p,,● Masoom Sharma,,"1月 1, 1970",109121811,"20 ● Masoom Sharma 1月 1, 1970 20 204 109,121,811"
2026-09-29,global,Global,top_artists_weekly,,21,https://yt3.googleusercontent.com/jEh-GLa0VeT7J8D3IhnDH9WqfdPNTp0OthFle0NNtpU6b2nVHUr3vS_trVXlBeYROz-36bAQYw=w64-h64-p,,G.V. Prakash Kumar,,,,G.V. Prakash Kumar
2026-09-29,global,Global,top_artists_weekly,,22,https://lh3.googleusercontent.com/wBG4jypwBcEGHd-qSbM2_4B46WPEhlOCjusCOEkxdnsoIC4WLS9LmFARZsE854pB-vAEYlsp4x2yiHE=w64-h64-p,,Anirudh Ravichander,,,,Anirudh Ravichander
2026-09-29,global,Global,top_artists_weekly,,23,https://lh3.googleusercontent.com/hnefGBrazRhn4Z92bdSZBUENl40ONjRiVDsmZKZh-WZ2iCKE-2c7KKR7SNcZfzLHoRyB3E6as8L87YA=w64-h64-p,,1 Bruno Mars,,"1月 1, 1970",106284554,"23 1 Bruno Mars 1月 1, 1970 22 553 106,284,554"
2026-09-29,global,Global,top_artists_weekly,,24,https://yt3.googleusercontent.com/3_aXOzmvqweQgBaXbFLccZlhXq2-AMo_ZaCjCKnulj8kicdbf1fw-_3thbSD_3ujOY4K3lzz1A=w64-h64-p,,Anuradha Paudwal,,,,Anuradha Paudwal
2026-09-29,global,Global,top_artists_weekly,,25,https://yt3.googleusercontent.com/Ss_NEfGmfpwXCiuoNxiKxWAoU3M484SwZ4UmahATX7KwOqIaoqTyESuNyZV3fzJm25bmjtfSUxsIFI8=w64-h64-p,,44 Yo・Yo・哈尼・辛,,"1月 1, 1970",104894200,"25 44 Yo・Yo・哈尼・辛 1月 1, 1970 69 437 104,894,200"
2026-09-29,global,Global,top_artists_weekly,,26,https://yt3.googleusercontent.com/i-PUJfHy7H3_s1AUBWUaulTzhclF5MobqSIw_3nM3a2-kfCGsY_67K-dEOW7baAiBdfHvSOuHVjR_g=w64-h64-p,,SP Balasubrahmanyam,,,,SP Balasubrahmanyam
2026-09-29,global,Global,top_artists_weekly,,27,https://lh3.googleusercontent.com/8rsLpP6VJjt-yTN8ZG5rY-qt2aCC-IYMWmVkk7qa8c5vrjO6zetKSgwO2QknHI3FtWl6Zannp2VsQ5o=w64-h64-p,,1 防彈少年團,,"1月 1, 1970",103381696,"27 1 防彈少年團 1月 1, 1970 26 553 103,381,696"
2026-09-29,global,Global,top_artists_weekly,,28,https://lh3.googleusercontent.com/4ULlRiFBFglNemZJyKn6_e2-iOIdJEbgBgq_79RQclndG6pge0yGgS2k2On6E1FkCJzenyHkHRzkvjFp=w64-h64-p,,● Justin Bieber,,"1月 1, 1970",102658892,"28 ● Justin Bieber 1月 1, 1970 28 553 102,658,892"
2026-09-29,global,Global,top_artists_weekly,,29,https://yt3.googleusercontent.com/RCpTA6EXJQyjVFDosWOKa2SMmqkua_lA9mHPDWWciLwgqpZLz-k8rXWRF_367trrQ7up9BUwCbk6kRk=w64-h64-p,,● Taylor Swift,,"1月 1, 1970",101288712,"29 ● Taylor Swift 1月 1, 1970 29 553 101,288,712"
2026-09-29,global,Global,top_artists_weekly,,30,https://yt3.googleusercontent.com/fZRHjMA25CYpXeAy78qipMhlidZMA6ZpOGYBz3W6iH2Wa-u2lXSK21mCh3OA3XCgsZn2yUFoXw=w64-h64-p,,● Blok3,,"1月 1, 1970",99960165,"30 ● Blok3 1月 1, 1970 30 68 99,960,165"
2026-09-29,global,Global,top_artists_weekly,,31,https://lh3.googleusercontent.com/IAmNrms9LjVSMrBm2Ub2lhFJSPbslcTHzYEFDVgYtL2mTp40tYfJQLEkOsXNitpOcIULYU7Jpuv3ZLW2=w64-h64-p,,Himesh Reshammiya,,,,Himesh Reshammiya
2026-09-29,global,Global,top_artists_weekly,,32,https://yt3.googleusercontent.com/MxNjcRJ-uK4Xvx7u90IhEFLQM8x9LIGTA9VCKHq5U4Wn2jOgiWaMtg-qz329SIzqnCyhdCCB3MpdAGs=w64-h64-p,,9 Drake,,"1月 1, 1970",95279845,"32 9 Drake 1月 1, 1970 41 530 95,279,845"
2026-09-29,global,Global,top_artists_weekly,,33,https://yt3.googleusercontent.com/DI32a4ktbV42zA4V7QcVh1Ao8S7Z8ADtSfGOnOgBXlgNIsMtf_fycBJ-bX3Mtk6l6qtmNKBuY8P33GE=w64-h64-p,,● 薩米爾・安姜,,"1月 1, 1970",94977230,"33 ● 薩米爾・安姜 1月 1, 1970 33 141 94,977,230"
2026-09-29,global,Global,top_artists_weekly,,34,https://yt3.googleusercontent.com/DU6Kpr5TYKcW6QHvMnsJau5_8QSuix8LCLtf5UEaziZZdXw8SxvcxJ9YWmVIQuzhg2R-MVHYgjdGCQ=w64-h64-p,,3 Ariana Grande,,"1月 1, 1970",94969778,"34 3 Ariana Grande 1月 1, 1970 31 553 94,969,778"
2026-09-29,global,Global,top_artists_weekly,,35,https://lh3.googleusercontent.com/RGeXyCNvEmuIeFgv3SwMyeejKoRjEuAHcVZ6BCahIH1tNdIVyFPi75se2ZeAZR4cdmkI7HPLQ-drMxY=w64-h64-p,,8 Romeo Santos,,"1月 1, 1970",93519312,"35 8 Romeo Santos 1月 1, 1970 27 553 93,519,312"
2026-09-29,global,Global,top_artists_weekly,,36,https://yt3.googleusercontent.com/SILAdrFsWE9tKqGNVBeTBM4eT8PIqTDbr_lCSUVCGW61Nkr2kw9rOEP8pvOtz2aX16Y6P6SSpVujBg=w64-h64-p,,4 Ozuna,,"1月 1, 1970",92798658,"36 4 Ozuna 1月 1, 1970 32 524 92,798,658"
2026-09-29,global,Global,top_artists_weekly,,37,https://yt3.googleusercontent.com/0sn-IebZUSV-wR3iWumDsn7_jBTY8titCi3bnSbDDyB3BWFBzmWPWQP0Jo0EWF_SNs_OIcXL=w64-h64-p,,51 Zubeen Garg,,"1月 1, 1970",90489195,"37 51 Zubeen Garg 1月 1, 1970 88 132 90,489,195"
2026-09-29,global,Global,top_artists_weekly,,38,https://lh3.googleusercontent.com/_c102EBASHERqDnrU32iygceCB0ItZy5PSeR6rvnKEusmQWNZhZRcp_xdlZHS578a82QVSPKfOyrzn8=w64-h64-p,,4 桑妮蒂·喬寒,,"1月 1, 1970",88917323,"38 4 桑妮蒂·喬寒 1月 1, 1970 34 466 88,917,323"
2026-09-29,global,Global,top_artists_weekly,,39,https://lh3.googleusercontent.com/d-rWQKHFbROoZbnokNjzMzQieVXaJQuqt00AADzJeMQvBnGIs88UpzcQ3nXR1__AsFwsQLciMNjWHIg=w64-h64-p,,3 Peso Pluma,,"1月 1, 1970",88743726,"39 3 Peso Pluma 1月 1, 1970 36 200 88,743,726"
2026-09-29,global,Global,top_artists_weekly,,40,https://yt3.googleusercontent.com/vHMOuDn8gr3SW9Pm8yFgmtYzM5kj4ayng5HKRjW0OyjG9mPK923XMVtTZTt4NUG_1aemWNLSQ27zjtA=w64-h64-p,,3 A. R. Rahman,,"1月 1, 1970",85242544,"40 3 A. R. Rahman 1月 1, 1970 37 301 85,242,544"
2026-09-29,global,Global,top_artists_weekly,,41,https://yt3.googleusercontent.com/ykJkyILKum4B2oudDxjnf5WNenWWZAp-WEz0_CHp4cu0VnqB2-uaNDylItqC68WLXV62rdHDun-ahbg=w64-h64-p,,6 Atif Aslam,,"1月 1, 1970",84755077,"41 6 Atif Aslam 1月 1, 1970 35 450 84,755,077"
2026-09-29,global,Global,top_artists_weekly,,42,https://lh3.googleusercontent.com/JFI6JZrS-Lco4UdpqDfHY5Wgwy51VXWxmNdI7bCBU5CDlIpN6WWyisZ7MGlpjbrxEGYMFpsqoR_UwcE=w64-h64-p,,4 Eminem,,"1月 1, 1970",84406316,"42 4 Eminem 1月 1, 1970 46 553 84,406,316"
2026-09-29,global,Global,top_artists_weekly,,43,https://lh3.googleusercontent.com/-DkBx6GO-dX52PlxBr5ypniFaHkC_FJQ3MX4rz45yp0IZ70YdOWR9CpRED-58hzmvIhQbIWCCiC10P4=w64-h64-p,,Kavita Krishnamurthy,,,,Kavita Krishnamurthy
2026-09-29,global,Global,top_artists_weekly,,44,https://lh3.googleusercontent.com/E8XfclIOX4PdxZ_3l9wtn5Vqztps7NL4aWEcDoqNEQIFzupN1Cc3gQ8uS4eW50janJ8G0_nEoP3Uagk=w64-h64-p,,Shashwat Sachdev,,,,Shashwat Sachdev
2026-09-29,global,Global,top_artists_weekly,,45,https://lh3.googleusercontent.com/uE72emEZFH3TVtCZoIFYKmnf7vsb42RYQxb4X-lonyqPQuS_mLtKpLfBQ5JdHwUijfQo06BtSB7LoQ=w64-h64-p,,1 Linkin Park,,"1月 1, 1970",82510004,"45 1 Linkin Park 1月 1, 1970 44 551 82,510,004"
2026-09-29,global,Global,top_artists_weekly,,46,https://lh3.googleusercontent.com/umSdMueKqbLBTq0jhiEzh1F82_C8hRVzkw2ZsxOqEktWjNXOKSCMPMGiJtu73myxd995RC4BqKL5fAXM=w64-h64-p,,5 Lady Gaga,,"1月 1, 1970",79681580,"46 5 Lady Gaga 1月 1, 1970 51 434 79,681,580"
2026-09-29,global,Global,top_artists_weekly,,47,https://lh3.googleusercontent.com/d_HYYh2VX3FtJqth5lEYmz7eOMNPc-g14j2nY1APqjU5TJlpRqnlseCC8v-qvNWDpj170eDizWDQlw=w64-h64-p,,4 Kishore Kumar,,"1月 1, 1970",78833118,"47 4 Kishore Kumar 1月 1, 1970 43 406 78,833,118"
2026-09-29,global,Global,top_artists_weekly,,48,https://yt3.googleusercontent.com/URdyU3ebC7x7PQQw8TMVvFiAJRg3x5b7ZBLI9MN79aXpwJ0w9vdeK9mIHuMGHGehZCL15pbSjHXf3m0=w64-h64-p,,2 Daddy Yankee,,"1月 1, 1970",78734864,"48 2 Daddy Yankee 1月 1, 1970 50 553 78,734,864"
2026-09-29,global,Global,top_artists_weekly,,49,https://lh3.googleusercontent.com/tLzIJPsFe-q93Y_erAUU_hDIyXCgCrYJ0C-S4DmMurqfB9LJ_PNFpTPA41k-dVMB6ODgc4-1nF1cOp6c=w64-h64-p,,● Rihanna,,"1月 1, 1970",78724953,"49 ● Rihanna 1月 1, 1970 49 553 78,724,953"
2026-09-29,global,Global,top_artists_weekly,,50,https://lh3.googleusercontent.com/OSWSTFd1Ql4lytHxgXtsPTY_0L94Kj55SJcELq64ddGO_DBcShsqXzqw4edEBgAi4-Ls7cry8q5r0v8=w64-h64-p,,23 Maluma,,"1月 1, 1970",78684789,"50 23 Maluma 1月 1, 1970 73 553 78,684,789"
2026-09-29,global,Global,top_artists_weekly,,51,https://yt3.googleusercontent.com/mv69pzBtNsCAhvJGOW0CxAFBHl9azsyxKDsPluYDfn6GNSWzC9pd7Y3VOSL-ZX6h_UqLXtK_0kfDs6Cu=w64-h64-p,,11 Sai Abhyankkar,,"1月 1, 1970",77239535,"51 11 Sai Abhyankkar 1月 1, 1970 40 52 77,239,535"
2026-09-29,global,Global,top_artists_weekly,,52,https://yt3.googleusercontent.com/fFEQDkLmuaBzUyXZAHIaQHUm78MRsN5oatXNscSJfE7e7IOFc3cVUqqgEoVo6mvYhp-3D4zd94nZZgY=w64-h64-p,,5 Vishal,Shekhar,"1月 1, 1970",76055955,"52 5 Vishal-Shekhar 1月 1, 1970 47 191 76,055,955"
2026-09-29,global,Global,top_artists_weekly,,53,https://yt3.googleusercontent.com/uEfoH9sXpsrJuCqHsQ5EYuOWf42zsbpvv32Zd34P8i1f_ebjrcngqaMRfObvIl8Lkij3ggDBIIswnSM=w64-h64-p,,1 J Balvin,,"1月 1, 1970",75869327,"53 1 J Balvin 1月 1, 1970 52 553 75,869,327"
2026-09-29,global,Global,top_artists_weekly,,54,https://lh3.googleusercontent.com/AJ7F06i9msTr7ouPbAF5lEK1JyBy_MDjAJBR2yaJiVqmFLwWMll9q1KALOQ7B0H6BL9Elt1An6exzA=w64-h64-p,,1 Rauw Alejandro,,"1月 1, 1970",74228061,"54 1 Rauw Alejandro 1月 1, 1970 55 369 74,228,061"
2026-09-29,global,Global,top_artists_weekly,,55,https://lh3.googleusercontent.com/2hOGwShy-G5ZEEtlqa6Epokv2DZL9PSypM92pc3j-V8E1IzK4nFaFKuSdIq62tFVD3uEzr81Jk6y6d0=w64-h64-p,,1 Grupo Firme,,"1月 1, 1970",74142365,"55 1 Grupo Firme 1月 1, 1970 54 316 74,142,365"
2026-09-29,global,Global,top_artists_weekly,,56,https://lh3.googleusercontent.com/_QE_u2AbzzmENeNq9ixrSpB_dZHCgX1sX9_4NAzGIWTR8Gd6jHpGcUZlmG4ZjA97F7pHrErkFOdNfw=w64-h64-p,,14 Burna Boy,,"1月 1, 1970",74126959,"56 14 Burna Boy 1月 1, 1970 42 68 74,126,959"
2026-09-29,global,Global,top_artists_weekly,,57,https://lh3.googleusercontent.com/u_YlAOSU7_M6mI6_4Xo0KIIwI_9pVCnLg0BrdLQsW-KENvVuvnvsq-cHhFrCiD9Ft48jqirgp_gWWwg=w64-h64-p,,4 KK,,"1月 1, 1970",73532601,"57 4 KK 1月 1, 1970 53 272 73,532,601"
2026-09-29,global,Global,top_artists_weekly,,58,https://yt3.googleusercontent.com/Pxv5-0nbw22At8GnATJ2UqYSJUm6bHlhVC4Gf0vM8a3ZSo1e5ct3TOXzB_WdaCVn8JL_iCnnKArrqZo=w64-h64-p,,10 Mithoon,,"1月 1, 1970",73284665,"58 10 Mithoon 1月 1, 1970 48 206 73,284,665"
2026-09-29,global,Global,top_artists_weekly,,59,https://lh3.googleusercontent.com/KrXTdVSXgcC7l4QGzaxqDLcWy8BeNL7GvhP9FrytGQXgjaYk26_HMCvrN2wST0B4eoOJ6WLYE1SvQQA=w64-h64-p,,2 Asha Bhosle,,"1月 1, 1970",71426146,"59 2 Asha Bhosle 1月 1, 1970 57 354 71,426,146"
2026-09-29,global,Global,top_artists_weekly,,60,https://yt3.googleusercontent.com/7LcUfJ1CzFPLi1BxeTqlEp29UFP3B6KZUxAFcnzGpxDQkF8Pn7Ivl7v_dzgsJvbrOFGZIQnXsZPIJJo=w64-h64-p,,1 Farruko,,"1月 1, 1970",71243871,"60 1 Farruko 1月 1, 1970 59 484 71,243,871"
2026-09-29,global,Global,top_artists_weekly,,61,https://yt3.googleusercontent.com/vl3JOUe5wmDZWfU8EJFtf3hjENGdk9dcoiHyyaYLxDSjI2qYaZnafHXKOb_dOL69ZPyAyhVfIMPKzpQ=w64-h64-p,,3 Sadhana Sargam,,"1月 1, 1970",70631654,"61 3 Sadhana Sargam 1月 1, 1970 64 336 70,631,654"
2026-09-29,global,Global,top_artists_weekly,,62,https://yt3.googleusercontent.com/4Jd9XSimz29-o12oJKUmgfTx3otHBHlTy0jb3Ace4ti2bz8Nuo59IeneNlM9EKRQXNRpLwk6YoEuNQ=w64-h64-p,,1 Jubin Nautiyal,,"1月 1, 1970",70174260,"62 1 Jubin Nautiyal 1月 1, 1970 61 385 70,174,260"
2026-09-29,global,Global,top_artists_weekly,,63,https://yt3.ggpht.com/ytc/AIdro_kiQJ0Hhp0O-tdaY1dy81-gSNujjccUlWstnpFr686ZlMk=w64-h64-p,,Sidhu Moose Wala,,,,Sidhu Moose Wala
2026-09-29,global,Global,top_artists_weekly,,64,https://lh3.googleusercontent.com/fV2lMYLeaJc9jxta-eXfwHhvfQHCk9c6HgTVw8MqiGasI-kZQ8qbkuHnrTcXIhzkfmwGfMxwFbI-4CU=w64-h64-p,,6 Neha Kakkar,,"1月 1, 1970",69837519,"64 6 Neha Kakkar 1月 1, 1970 58 520 69,837,519"
2026-09-29,global,Global,top_artists_weekly,,65,https://yt3.googleusercontent.com/cFho6QFr9dAAQ7bspBLLi6jkuASqcgmFpgC4s3mnuSZkrUnGU9Zj6EZS5AlbKNv0gVFdw3CEVEGKaQ=w64-h64-p,,5 K·S·切特拉,,"1月 1, 1970",68733142,"65 5 K·S·切特拉 1月 1, 1970 60 286 68,733,142"
2026-09-29,global,Global,top_artists_weekly,,66,https://lh3.googleusercontent.com/HJYhQHl6SVpLBm-njbjM9WaAMfAZ3UHHLtuRwEn0ggyC2BJOCZ6G6Fl7PjVnZ-7jn8PXBvOFHhKKbT4=w64-h64-p,,10 Irshad Kamil,,"1月 1, 1970",68450990,"66 10 Irshad Kamil 1月 1, 1970 56 67 68,450,990"
2026-09-29,global,Global,top_artists_weekly,,67,https://lh3.googleusercontent.com/ZckAQ1ZilmTfr7X-gu4sdBMvsZ-cgfVrg1rJd74FHipMWnbJHDz1yRJ_qZYhTWYrKL4lD2nh4laAyLVX=w64-h64-p,,1 Junior H,,"1月 1, 1970",68327468,"67 1 Junior H 1月 1, 1970 66 292 68,327,468"
2026-09-29,global,Global,top_artists_weekly,,68,https://lh3.googleusercontent.com/RhE_q9W1bv6s7SBSXgsTHgdKLc1MVocl1ZvBICyjoiHP38MsJKpLLF8NP3UmOPgXajBH1N72jmrbBA=w64-h64-p,,● 安巴希·巴塔查裡亞,,"1月 1, 1970",67858378,"68 ● 安巴希·巴塔查里亞 1月 1, 1970 68 324 67,858,378"
2026-09-29,global,Global,top_artists_weekly,,69,https://lh3.googleusercontent.com/nW2HGILzofhv3nTcu7L19MLoPnJSwOLapMTfXIEEI8_h-i-9Vg4jmPJeZG4pQMWRSAGXBTC5A8lrCA=w64-h64-p,,4 Myke Towers,,"1月 1, 1970",67535367,"69 4 Myke Towers 1月 1, 1970 65 386 67,535,367"
2026-09-29,global,Global,top_artists_weekly,,70,https://lh3.googleusercontent.com/k7sgqqcV5VScaMZtTmS8W_tfouLVBpgyJII0epYE2Vjw1-zzhGgUCV51aHxZn6cmZKKJgUfNlIVpZg=w64-h64-p,,● Karan Aujla,,"1月 1, 1970",66004500,"70 ● Karan Aujla 1月 1, 1970 70 257 66,004,500"
2026-09-29,global,Global,top_artists_weekly,,71,https://yt3.googleusercontent.com/MdBMzZFnWuj3onHPotjtq3tKqX_3uVYDCDMlNHCMn0C2LRVNcSijhX-Kvmn57hjFbFoA4btO3dhoir8=w64-h64-p,,1 Don Omar,,"1月 1, 1970",65550628,"71 1 Don Omar 1月 1, 1970 72 422 65,550,628"
2026-09-29,global,Global,top_artists_weekly,,72,https://yt3.googleusercontent.com/35nINBXOwBLHwLZiW9BQcfvo8a-_3OyJ1nSf_OL0ZNY_h_fpO_6AJwK-flmfQr_9lpbXa4BtBQ=w64-h64-p,,5 Tito Double P,,"1月 1, 1970",65457003,"72 5 Tito Double P 1月 1, 1970 67 119 65,457,003"
2026-09-29,global,Global,top_artists_weekly,,73,https://yt3.googleusercontent.com/CJzeR5n7JZJgXHfR3BdlKMMV2_lRq_WRoxBT0dcOZVjx4bDhCvrrmjQiIPSSkSUUhjKNNUWFFm90kdHq=w64-h64-p,,73 Feid,,"1月 1, 1970",64922157,"73 73 Feid 1月 1, 1970 - 265 64,922,157"
2026-09-29,global,Global,top_artists_weekly,,74,https://lh3.googleusercontent.com/aFx8s1fTuelgxONGbezmTG0EKR8r82uB5H-Q6ZJtssyCWLJWF8GfZNr4tHo84sXdFCPBKrA4R6zXOss=w64-h64-p,,12 Dua Lipa,,"1月 1, 1970",64335841,"74 12 Dua Lipa 1月 1, 1970 62 477 64,335,841"
2026-09-29,global,Global,top_artists_weekly,,75,https://yt3.googleusercontent.com/9o3I0hxnjE0RtaYiUovaJxV82NDqudt-U0hrv3LIv0NP_zciTYMfGnYy6BOaV7fYE_udG85zWP-yUw=w64-h64-p,,● Jasmine Sandlas,,"1月 1, 1970",63744427,"75 ● Jasmine Sandlas 1月 1, 1970 75 88 63,744,427"
2026-09-29,global,Global,top_artists_weekly,,76,https://yt3.googleusercontent.com/QdPfCNLIFDY4vMedmsKbCx5cISWjNUad5Rv5FK8_bw4C60y5KDVeB2AVBrGKIwl6BB9LFERnyg=w64-h64-p,,5 Gur Sidhu,,"1月 1, 1970",63681703,"76 5 Gur Sidhu 1月 1, 1970 81 98 63,681,703"
2026-09-29,global,Global,top_artists_weekly,,77,https://yt3.googleusercontent.com/G_sRAjj_OcwkLf-Rkxqc37ekNAV6g2nVMNPxe_nliz6zCxgHbQV_Gt4i09WqBv__D8vSFYJmQVziz-M6=w64-h64-p,,1 Blessd,,"1月 1, 1970",63069594,"77 1 Blessd 1月 1, 1970 76 256 63,069,594"
2026-09-29,global,Global,top_artists_weekly,,78,https://yt3.googleusercontent.com/5GYeWpGUtgi8tPkwqV_Nnq9ZiE6PhSCoRSrfpK1CIdfZkndV5fLHZ-c2g9rAGfdQ6bV81Wvlc8UMjw=w64-h64-p,,1 ILLIT,,"1月 1, 1970",62931862,"78 1 ILLIT 1月 1, 1970 79 53 62,931,862"
2026-09-29,global,Global,top_artists_weekly,,79,https://lh3.googleusercontent.com/dJy5Bpwx4qENTOXxk9YPXrjAhghP4pRdlzvoOZq8uZXihEPMN8PXnZzM-05R1TDDJkjU7oEij8LhEfw=w64-h64-p,,Shankar Mahadevan,,,,Shankar Mahadevan
2026-09-29,global,Global,top_artists_weekly,,80,https://yt3.googleusercontent.com/_LnLv1rlfGHF3K9bRmTkfxO40ulBDSv8l2erieuNYiZdMjRB6hVjanIF14mWpN_URwbhfBU2CCUz9A12OA=w64-h64-p,,2 薩辛,吉格爾,"1月 1, 1970",62009143,"80 2 薩辛-吉格爾 1月 1, 1970 78 257 62,009,143"
2026-09-29,global,Global,top_artists_weekly,,81,https://yt3.googleusercontent.com/E8nupXSF6-wweZCLqn5vwxPcLIGW2Tg9szpacMZoLXOXa1PGh-WpU5-7FH8YLfElD8Lbzh15kljZog=w64-h64-p,,7 Katy Perry,,"1月 1, 1970",62003268,"81 7 Katy Perry 1月 1, 1970 74 553 62,003,268"
2026-09-29,global,Global,top_artists_weekly,,82,https://yt3.googleusercontent.com/I5RtcNKbxNoAgs5We1ty-YDP5lmV1yfR5j7VTj44avL_PSm_lCmE6ade5HsaHaihkFTKHbVn=w64-h64-p,,1 Grupo Frontera,,"1月 1, 1970",61560913,"82 1 Grupo Frontera 1月 1, 1970 83 209 61,560,913"
2026-09-29,global,Global,top_artists_weekly,,83,https://lh3.googleusercontent.com/Pv9rzAkKxKnCVe0AMsldl2m5vTXw1dJCABk8tuCUZqfDO2JDUVLW5D4mlx6Pb6j0_UYt_PiGgr8juC4=w64-h64-p,,1 Omar Courtz,,"1月 1, 1970",60136744,"83 1 Omar Courtz 1月 1, 1970 82 98 60,136,744"
2026-09-29,global,Global,top_artists_weekly,,84,https://lh3.googleusercontent.com/QxbV6wK_wcQWcBY9rBicZlsl1-gX5M6nGjfNN3BTzgknhaSJ6yhnHW7NmF4dTx0Ch9g9-VTD6YUD2crW=w64-h64-p,,5 Ilaiyaraaja,,"1月 1, 1970",60068465,"84 5 Ilaiyaraaja 1月 1, 1970 89 186 60,068,465"
2026-09-29,global,Global,top_artists_weekly,,85,https://lh3.googleusercontent.com/yMsYfV_AQAMEfvZTz5ru9RA4ljjNOblYNumWBUX_TJhb2_GnI8mwUmrw-v3Gi-4GsHJF2uY_CAC4Cog=w64-h64-p,,1 Aventura,,"1月 1, 1970",59833009,"85 1 Aventura 1月 1, 1970 84 422 59,833,009"
2026-09-29,global,Global,top_artists_weekly,,86,https://lh3.googleusercontent.com/fRbXwVATZrku0rKqQGa9UGYIfl-XCfQuK2u2M9tNjKcWx8BXS8HRCHB5h5zyDizQSiKKnnQXTLyfLiQ=w64-h64-p,,6 Chris Brown,,"1月 1, 1970",58427889,"86 6 Chris Brown 1月 1, 1970 92 535 58,427,889"
2026-09-29,global,Global,top_artists_weekly,,87,https://yt3.googleusercontent.com/v3OLvtC4FbLMVN8q1NTWVMHC_PA1fB6kQ_G78J4zqh7wQfgeodjTTK85kxWmh-4HJuc5N58i9Q=w64-h64-p,,● B Praak,,"1月 1, 1970",58185804,"87 ● B Praak 1月 1, 1970 87 362 58,185,804"
2026-09-29,global,Global,top_artists_weekly,,88,https://lh3.googleusercontent.com/tQC4rOL6xz6FhmFr0ggQExxyGbYSOsyveXVSnPBh2WjEyIzQ9pMHablLJ-0GlMBrLBlBrbWQGmzrV6KN=w64-h64-p,,3 比利·埃利什,,"1月 1, 1970",58006024,"88 3 比利·埃利什 1月 1, 1970 91 427 58,006,024"
2026-09-29,global,Global,top_artists_weekly,,89,https://lh3.googleusercontent.com/jQoBIAS6JjFGpcqQY1M_Mh3AasOvFENCdVRxkgax1a0K6qiq7AgE3MbJ6Jtt-Jndcarvoawmrg66KTny=w64-h64-p,,1 Ed Sheeran,,"1月 1, 1970",57516056,"89 1 Ed Sheeran 1月 1, 1970 90 553 57,516,056"
2026-09-29,global,Global,top_artists_weekly,,90,https://yt3.googleusercontent.com/ZjpNFV5FdJiI4OzRSm3WImVBY7ijp1-oXkqAMmyfy73oLPkWdQi7iPt7s9UhtqxNVk3hiWQIEQ=w64-h64-p,,7 Aashish Yadav,,"1月 1, 1970",57390447,"90 7 Aashish Yadav 1月 1, 1970 97 153 57,390,447"
2026-09-29,global,Global,top_artists_weekly,,91,https://yt3.googleusercontent.com/22FOVr8D5Kq9y2l2sUDKW5X5s0W_axG7_sDhQVzxDGEXBMNjhwzvhs10BI3UoA1focajEeTPqZ2jNW9D=w64-h64-p,,6 Stray Kids,,"1月 1, 1970",56808114,"91 6 Stray Kids 1月 1, 1970 85 296 56,808,114"
2026-09-29,global,Global,top_artists_weekly,,92,https://yt3.googleusercontent.com/lxzHTVSG91nWwMON1Jmi-GJm2P80FNtRojSf3lIHwrHvhWyJ9lbvUnAaUcifP7FbL6PUKqIGaVy4Yg=w64-h64-p,,Vicente Fernández,,,,Vicente Fernández
2026-09-29,global,Global,top_artists_weekly,,93,https://lh3.googleusercontent.com/blpZLT0W8240Tac-bCvRIO9_j1v4kP4g9EdKnx0PKotrKRHr82bJjMvVPVxYHK9bdml5Yo_omphru_rx=w64-h64-p,,Dhanda Nyoliwala,,,,Dhanda Nyoliwala
2026-09-29,global,Global,top_artists_weekly,,94,https://yt3.googleusercontent.com/_cEioY7yfolIcxq0g-A2lOsua2k5GsHfbVvA96Bv7yrxhLdszVddVFWkonTT7C26vzSJGSmImilQSsU=w64-h64-p,,4 MC Ryan SP,,"1月 1, 1970",55595565,"94 4 MC Ryan SP 1月 1, 1970 98 256 55,595,565"
2026-09-29,global,Global,top_artists_weekly,,95,https://lh3.googleusercontent.com/bbR8znm7CX07mCGQH-M484ckFRaKkSmTjwrwuFZxQUBy7Uc5gQcintkpqDXCuSX0DdLLg2aPskZhC2s=w64-h64-p,,4 Badshah,,"1月 1, 1970",55528831,"95 4 Badshah 1月 1, 1970 99 482 55,528,831"
2026-09-29,global,Global,top_artists_weekly,,96,https://yt3.googleusercontent.com/7EYXXMXY594V8y4sZT2aawmdKgDAGTu5jNm9C-HpR3jY9cZJ0NMxS__nZKBdWZ1PUpJPjc2BAA=w64-h64-p,,96 Diljit Dosanjh,,"1月 1, 1970",55376899,"96 96 Diljit Dosanjh 1月 1, 1970 - 316 55,376,899"
2026-09-29,global,Global,top_artists_weekly,,97,https://yt3.googleusercontent.com/Arv93jzh4R-cY1yEusDzcPCZzUuSIpHiyggsYeR38hdWXtkKvx9TIyvR3R6G9YYry7kVe349VDwvVcLB=w64-h64-p,,11 Sadhu Tiwari,,"1月 1, 1970",55099604,"97 11 Sadhu Tiwari 1月 1, 1970 86 3 55,099,604"
2026-09-29,global,Global,top_artists_weekly,,98,https://yt3.googleusercontent.com/2d2-_IezeGH8oWg_fIBPP-RYgeERjQF9CBypHLRc6BQl-ipus2TpYJNZdznxFr1_ko9CN2nVTLt2N0jn=w64-h64-p,,2 Neelkamal Singh,,"1月 1, 1970",54607135,"98 2 Neelkamal Singh 1月 1, 1970 100 133 54,607,135"
2026-09-29,global,Global,top_artists_weekly,,99,https://lh3.googleusercontent.com/FkRYhIqHJj-8HFPeA6V_vqVIWTFoAh7LMWbZtDHl9TozaTXK3TLqrUJaCHFgn4Rryz7I5c5g5wFUmmtf=w64-h64-p,,Henrique & Juliano,,,,Henrique & Juliano
2026-09-29,global,Global,top_artists_weekly,,100,https://yt3.googleusercontent.com/uEoj8Jo9Qt7jmxWnpI4T0EbllWzX-KWZXKaIJpICekHigtUUnK9C4FJEmX1aP1EPxxQjpjxw=w64-h64-p,,7 奧斯汀·桑托斯,,"1月 1, 1970",54390004,"100 7 奧斯汀·桑托斯 1月 1, 1970 93 370 54,390,004"
2026-09-29,tw,Taiwan,top_artists_weekly,,1,https://yt3.googleusercontent.com/5vqNE8l4iYKmNCHd_YIgknhMF-W4ROcG5H7ZbdfOudxTcNSIIJrf9WpctLh43GlzFLmmcpMUxRQ918Kv=w64-h64-p,,● 周杰倫,,"1月 1, 1970",8335567,"1 ● 周杰倫 1月 1, 1970 1 23 8,335,567"
2026-09-29,tw,Taiwan,top_artists_weekly,,2,https://lh3.googleusercontent.com/wqU60Xc7Q-9V3by066vBYHGY_ZGgUlmWPioYTmmBtHkb2GUueMV4-0O1ddzSV7t0gYYDCIdbyjKCWw=w64-h64-p,,● A,Lin,"1月 1, 1970",3459939,"2 ● A-Lin 1月 1, 1970 2 23 3,459,939"
2026-09-29,tw,Taiwan,top_artists_weekly,,3,https://lh3.googleusercontent.com/i8PKueO4JStFM6i5t-F8V1jnFglYSybQ_NhU-aXv8mwiPgiCsXjW7WO6gKv97cNPrRcipbHLQA4arA=w64-h64-p,,● 林俊傑,,"1月 1, 1970",3045489,"3 ● 林俊傑 1月 1, 1970 3 23 3,045,489"
2026-09-29,tw,Taiwan,top_artists_weekly,,4,https://lh3.googleusercontent.com/LKpJFXjE3-0OX8tIzurzLynVxI-hOClgUl1tCbkHOpz9fm28DBQw2wG2iFd5jDFABCuuxK0xFESVQA=w64-h64-p,,● G.E.M. 鄧紫棋,,"1月 1, 1970",2614133,"4 ● G.E.M. 鄧紫棋 1月 1, 1970 4 23 2,614,133"
2026-09-29,tw,Taiwan,top_artists_weekly,,5,https://lh3.googleusercontent.com/8eJTD5-eXf1sXHKhPpSXMlzQ-_RBKMgsmtrZ-SWgN45o_mcQGUzw2thbdGxOAE55rLA8bFXXFyubEw=w64-h64-p,,● 五月天,,"1月 1, 1970",2490205,"5 ● 五月天 1月 1, 1970 5 23 2,490,205"
2026-09-29,tw,Taiwan,top_artists_weekly,,6,https://yt3.googleusercontent.com/qRYmWa5dzOlRoD8_uHIhsrAmwk8N9QiO7S_Rg3H4YyemB3oN3661_3en_7q9eJ8gvuoZAR9v0iFX8HW1=w64-h64-p,,2 BABYMONSTER,,"1月 1, 1970",2475588,"6 2 BABYMONSTER 1月 1, 1970 8 23 2,475,588"
2026-09-29,tw,Taiwan,top_artists_weekly,,7,https://yt3.googleusercontent.com/b0ax28GgBEO8PaHOrZi0ANGfOk1geSb68048rw1As2UACUHczUYKkotWabwMAGoX2C8DL9MC9Flpgw=w64-h64-p,,1 aespa,,"1月 1, 1970",2432752,"7 1 aespa 1月 1, 1970 6 23 2,432,752"
2026-09-29,tw,Taiwan,top_artists_weekly,,8,https://yt3.googleusercontent.com/3gb9OLTA8fzi8a94KV-tHf22T4eYG7qhHAhI2CZ4cvAxupGyW4F6qf9Zo7imqxVHxXkGlrRq0KTGxQ=w64-h64-p,,1 玖壹壹,,"1月 1, 1970",2418289,"8 1 玖壹壹 1月 1, 1970 9 23 2,418,289"
2026-09-29,tw,Taiwan,top_artists_weekly,,9,https://lh3.googleusercontent.com/WQYDdvWvLX03SsHruVQEX4KpCLiEk1OO5YrqgnP69vld_B0R0Xd8G1iR1W6MW8Pay0orE4CV_oKXjDQ=w64-h64-p,,3 盧廣仲 (Crowd Lu),,"1月 1, 1970",2359410,"9 3 盧廣仲 (Crowd Lu) 1月 1, 1970 12 23 2,359,410"
2026-09-29,tw,Taiwan,top_artists_weekly,,10,https://yt3.googleusercontent.com/I2zqe0Km0N475lhTkLZ77UL3yeRzgLAkgQfiozvisyNnl-wTKuIMV_g0Un5Iuk3399SnpsgK-wepXSk=w64-h64-p,,● en,,"1月 1, 1970",2359017,"10 ● en 1月 1, 1970 10 23 2,359,017"
2026-09-29,tw,Taiwan,top_artists_weekly,,11,https://yt3.googleusercontent.com/XLrs7bXpke6XLtYTSHyghN16i5Qr-BoCB0SYCYdDb0IBZrkZ3Of17o2MQXMBHQ3OP659_CHgksFUhi4=w64-h64-p,,● Eric Chou,,"1月 1, 1970",2296734,"11 ● Eric Chou 1月 1, 1970 11 23 2,296,734"
2026-09-29,tw,Taiwan,top_artists_weekly,,12,https://lh3.googleusercontent.com/4ULlRiFBFglNemZJyKn6_e2-iOIdJEbgBgq_79RQclndG6pge0yGgS2k2On6E1FkCJzenyHkHRzkvjFp=w64-h64-p,,3 Justin Bieber,,"1月 1, 1970",1967796,"12 3 Justin Bieber 1月 1, 1970 15 23 1,967,796"
2026-09-29,tw,Taiwan,top_artists_weekly,,13,https://lh3.googleusercontent.com/-bv-daAis3SvKNNWD5zggwnpkaPgE7914sMZLFNQjuhUlAb9CWNmoG4JMsjMuuG4zOARvL7_PeDr7w=w64-h64-p,,● Li Jiawei,,"1月 1, 1970",1965810,"13 ● Li Jiawei 1月 1, 1970 13 13 1,965,810"
2026-09-29,tw,Taiwan,top_artists_weekly,,14,https://yt3.googleusercontent.com/3Ddtya9JMOF2HkyVMnq2iUNZd13KtX_sZj8mIjWATX5B1WdOKZH60d_fCGx0oFLXnl7sostasw=w64-h64-p,,9 蕭煌奇,,"1月 1, 1970",1949610,"14 9 蕭煌奇 1月 1, 1970 23 23 1,949,610"
2026-09-29,tw,Taiwan,top_artists_weekly,,15,https://yt3.googleusercontent.com/ahanvzsO5q0DQGBI1WLXXyoXb-dqgX8tehQMLpd5-H2OSjYgeQPcUJoLT8Ol9iTvwOvW9oBcp4wpTlmF=w64-h64-p,,6 ATEEZ,,"1月 1, 1970",1924832,"15 6 ATEEZ 1月 1, 1970 21 23 1,924,832"
2026-09-29,tw,Taiwan,top_artists_weekly,,16,https://yt3.googleusercontent.com/8BbiNyyI7TOxlf0x0R-4JZB8x7cw-ML-yOjF8QW8rHSrViZacf-AqD-eqg2ccvbYr5C9URAa_vTJI3k=w64-h64-p,,11 YOASOBI,,"1月 1, 1970",1903621,"16 11 YOASOBI 1月 1, 1970 27 23 1,903,621"
2026-09-29,tw,Taiwan,top_artists_weekly,,17,https://yt3.googleusercontent.com/A4fjepSskyr-O_ZDtULylfhNlRfqxUaVKhbIY5Mmf7sJJZoYKOhu6gnfwWGXdL4ZF6vl-6oaXmwmH-y5Jg=w64-h64-p,,3 江蕙,,"1月 1, 1970",1902770,"17 3 江蕙 1月 1, 1970 14 23 1,902,770"
2026-09-29,tw,Taiwan,top_artists_weekly,,18,https://yt3.googleusercontent.com/heehLgW5KBe4xE-DuQp6I9SINZgujXk4AJKBLG_IrRepTK_AHYDTPvGSE9jWycGRWCYV7edUDd4xS1U=w64-h64-p,,1 Jolin Tsai,,"1月 1, 1970",1892867,"18 1 Jolin Tsai 1月 1, 1970 17 23 1,892,867"
2026-09-29,tw,Taiwan,top_artists_weekly,,19,https://lh3.googleusercontent.com/8rsLpP6VJjt-yTN8ZG5rY-qt2aCC-IYMWmVkk7qa8c5vrjO6zetKSgwO2QknHI3FtWl6Zannp2VsQ5o=w64-h64-p,,● 防彈少年團,,"1月 1, 1970",1846451,"19 ● 防彈少年團 1月 1, 1970 19 23 1,846,451"
2026-09-29,tw,Taiwan,top_artists_weekly,,20,https://lh3.googleusercontent.com/m4-QeeJCybSOsZjT1TgFz947XoyN6KLEoNPNEaz1oh91GjAiw1zafXK-qeXEWasIuei7ZOdkaKgHY00=w64-h64-p,,14 理想混蛋 Bestards,,"1月 1, 1970",1779418,"20 14 理想混蛋 Bestards 1月 1, 1970 34 23 1,779,418"
2026-09-29,tw,Taiwan,top_artists_weekly,,21,https://yt3.googleusercontent.com/bJrddwSvB46NzxfbElQeKwLkmFXYIKFSMvYD7SD-nbdRrNzZ4Yj9g8pdXYe-4bdm9vjBOTrA1CRnROJt=w64-h64-p,,5 承桓,,"1月 1, 1970",1773972,"21 5 承桓 1月 1, 1970 16 23 1,773,972"
2026-09-29,tw,Taiwan,top_artists_weekly,,22,https://yt3.googleusercontent.com/o1iqppSvRIzx5IlfwFxQnLOJJp5c5VTf6mdO6wEiq5b9HYNdFdTb6RBL8G_z2N2VU_jkOd-3GQ=w64-h64-p,,● 派偉俊,,"1月 1, 1970",1764195,"22 ● 派偉俊 1月 1, 1970 22 23 1,764,195"
2026-09-29,tw,Taiwan,top_artists_weekly,,23,https://yt3.googleusercontent.com/JSr1fuJqoaRVL7_93SuqdZlVGZI0XjyNNIXEnZgkt7ZfWANDb6RF_B5A_Gusviz6h6yCJ24_62cuIKc=w64-h64-p,,23 樸彩英,,"1月 1, 1970",1733126,"23 23 朴彩英 1月 1, 1970 - 23 1,733,126"
2026-09-29,tw,Taiwan,top_artists_weekly,,24,https://yt3.googleusercontent.com/CXtoqGgtOu2uj8wwK4G-4-yORtORFoSSpH-iyJAsBCl7SHXhXUH_Flul3u2RcPWMWd99k8Z_=w64-h64-p,,● 陳華,,"1月 1, 1970",1699734,"24 ● 陳華 1月 1, 1970 24 23 1,699,734"
2026-09-29,tw,Taiwan,top_artists_weekly,,25,https://yt3.googleusercontent.com/7cYfmVi7qmemK4wRGE3qErv1q_ChFRrPv03gpQg_r-fvskRmvOtYU8V13S2lh6CCwECpna4-MtM=w64-h64-p,,7 汪蘇瀧,,"1月 1, 1970",1693255,"25 7 汪蘇瀧 1月 1, 1970 18 23 1,693,255"
2026-09-29,tw,Taiwan,top_artists_weekly,,26,https://yt3.googleusercontent.com/rvoJpoc0bOs8cIpf3Lcf7zB8aPZpMbGtrTduAb2o7RI6ADokPbgR64iMA5P7dwu6LLDgg6HCz_hEww=w64-h64-p,,16 Kenshi Yonezu,,"1月 1, 1970",1662189,"26 16 Kenshi Yonezu 1月 1, 1970 42 23 1,662,189"
2026-09-29,tw,Taiwan,top_artists_weekly,,27,https://yt3.googleusercontent.com/nVMXtl3C08nrZVvpbeMpGxf3gVfVsPly3zym1XS13iZcJi-KXSPkhal2caf9i6-kijL0LCUeDplPxA=w64-h64-p,,2 告五人,,"1月 1, 1970",1641529,"27 2 告五人 1月 1, 1970 29 23 1,641,529"
2026-09-29,tw,Taiwan,top_artists_weekly,,28,https://lh3.googleusercontent.com/lijJc9Ib2KDyY0RqinzyMNkozxFI1OZWIjKR4vEQ37FiDL4mDjCRPxGdZl375EMwbWUYKxSI5bpC_w=w64-h64-p,,3 艾薇,,"1月 1, 1970",1603250,"28 3 艾薇 1月 1, 1970 31 23 1,603,250"
2026-09-29,tw,Taiwan,top_artists_weekly,,29,https://yt3.ggpht.com/ytc/AIdro_lLSB3BDnuNbZmTf_R_L19ZcuZidto9El8TBMRwcVkaUWM=w64-h64-p,,1 伍佰 & China Blue,,"1月 1, 1970",1594906,"29 1 伍佰 & China Blue 1月 1, 1970 28 23 1,594,906"
2026-09-29,tw,Taiwan,top_artists_weekly,,30,https://yt3.googleusercontent.com/X4IlIyw4Yjpl2qio5QA-uxj5vIa_EVSg5dyibJrmKcPrj0BKFcKYhKUTyacNbHaGHxP_zVYB3jv-Cv0=w64-h64-p,,5 BIGBANG,,"1月 1, 1970",1587589,"30 5 BIGBANG 1月 1, 1970 25 23 1,587,589"
2026-09-29,tw,Taiwan,top_artists_weekly,,31,https://yt3.googleusercontent.com/8YB2NaZiMvNlvdIEXdGSMfP-aTOHXAbdXy1hvZ_SVfXkTsKFy6YQlmnIk-aiDZ1ew7tNMhe3cPUow1g=w64-h64-p,,5 LE SSERAFIM,,"1月 1, 1970",1560066,"31 5 LE SSERAFIM 1月 1, 1970 26 23 1,560,066"
2026-09-29,tw,Taiwan,top_artists_weekly,,32,https://yt3.googleusercontent.com/e63J-ehz3ts8kyVKEMx44_NoIxjNyl5IL2kd-NOSy7xSS99BJGgV1FhiF1Jzu25w4MI5apyN8eLv78uETw=w64-h64-p,,3 張惠妹,,"1月 1, 1970",1556314,"32 3 張惠妹 1月 1, 1970 35 23 1,556,314"
2026-09-29,tw,Taiwan,top_artists_weekly,,33,https://yt3.googleusercontent.com/BrrkTIBHT5wGp6yHcsSg73OQfF6mtr9VWtBLGIKz60dxmOWCxefzw28u0jNuTzugLB7sXS7icAc=w64-h64-p,,3 Fish Leong,,"1月 1, 1970",1506348,"33 3 Fish Leong 1月 1, 1970 30 23 1,506,348"
2026-09-29,tw,Taiwan,top_artists_weekly,,34,https://lh3.googleusercontent.com/lWalclWLirqnwIhMIMFP4j2E2TDZsDDD_McBXQiIvryxfhTWzHhlCR07QEaDzvZHXlLT07i2VCYh6aU=w64-h64-p,,1 TWICE,,"1月 1, 1970",1483590,"34 1 TWICE 1月 1, 1970 33 23 1,483,590"
2026-09-29,tw,Taiwan,top_artists_weekly,,35,https://lh3.googleusercontent.com/ybI1ZK2Ia-Lvf-yi9Iptm2mOSHmPA3EBxnOBwvn6khU-ajjtXyk3jai_2w-DOXkkeeKfet0sS03pcQ=w64-h64-p,,15 IVE,,"1月 1, 1970",1447366,"35 15 IVE 1月 1, 1970 20 23 1,447,366"
2026-09-29,tw,Taiwan,top_artists_weekly,,36,https://yt3.googleusercontent.com/VpStVn0v7PpCKRxHrm1Wdp5-ZXryxnRE2GObcSsdphSVMBzinbyE-lfkpUXSMypg9hHnu3kjfJoXVls=w64-h64-p,,5 美秀集團,,"1月 1, 1970",1426344,"36 5 美秀集團 1月 1, 1970 41 23 1,426,344"
2026-09-29,tw,Taiwan,top_artists_weekly,,37,https://yt3.googleusercontent.com/yFyXnT-mFmZ9VSn7ntUFF6A1-vcYblcwvLd3QghQkwjroWeHdY31z4KkM4to186YkWo-VlfSHt2YwfE=w64-h64-p,,1 (G)I,DLE,"1月 1, 1970",1422188,"37 1 (G)I-DLE 1月 1, 1970 38 23 1,422,188"
2026-09-29,tw,Taiwan,top_artists_weekly,,38,https://lh3.googleusercontent.com/pEqvY0aXC-vsiqP0ssibuicb1kyMNh6qAVKnRsbw38vKs7X-BLhUzmTF85vt8b-Uv39EJmnzcP1V4zs=w64-h64-p,,1 於冬然,,"1月 1, 1970",1408547,"38 1 于冬然 1月 1, 1970 37 23 1,408,547"
2026-09-29,tw,Taiwan,top_artists_weekly,,39,https://lh3.googleusercontent.com/xov-pSAk6IVD0y5W0Vrbm9qdH2fjg0jYK5JSAEV0pnpJMfmBvJivspw6930v6VBJhbpZecvwEG1yVpr6=w64-h64-p,,19 Ronghao Li,,"1月 1, 1970",1397792,"39 19 Ronghao Li 1月 1, 1970 58 23 1,397,792"
2026-09-29,tw,Taiwan,top_artists_weekly,,40,https://yt3.googleusercontent.com/gJsq4X0Rc_IsD2R8h_K94XDFOQ3nmpOV3MzG7qIq8gJuvv4hnQEi39S75e-UhrLHja87-enLrxd5Aw=w64-h64-p,,1 頑童MJ,,"1月 1, 1970",1395786,"40 1 頑童MJ116 1月 1, 1970 39 23 1,395,786"
2026-09-29,tw,Taiwan,top_artists_weekly,,41,https://yt3.googleusercontent.com/ufS1qifPTVxSR1_xBz6F75iymu07Qdgplp0Qp3uJBWZuSrpgP6GWFkog-99E8bvH6o5xAmnzzNENskFZ=w64-h64-p,,9 YORUSHIKA,,"1月 1, 1970",1392034,"41 9 YORUSHIKA 1月 1, 1970 50 23 1,392,034"
2026-09-29,tw,Taiwan,top_artists_weekly,,42,https://lh3.googleusercontent.com/5FINBprNgZ6BV0fdfB8W9VegyRQ5er1fkNEMSKg5pPUhOStn1nxzUGwyxuvhrWnUFdzT0EQUGsno6o0=w64-h64-p,,2 張震嶽,,"1月 1, 1970",1387450,"42 2 張震嶽 1月 1, 1970 40 23 1,387,450"
2026-09-29,tw,Taiwan,top_artists_weekly,,43,https://yt3.googleusercontent.com/RCpTA6EXJQyjVFDosWOKa2SMmqkua_lA9mHPDWWciLwgqpZLz-k8rXWRF_367trrQ7up9BUwCbk6kRk=w64-h64-p,,7 Taylor Swift,,"1月 1, 1970",1386161,"43 7 Taylor Swift 1月 1, 1970 36 23 1,386,161"
2026-09-29,tw,Taiwan,top_artists_weekly,,44,https://yt3.googleusercontent.com/eD5Hhffb9PGRGJawtw7KOfvxY-vV0gIEJdc1Uqw3lm6kao4FyFiv_CPy3uod8PQK_NxEaPbL0A=w64-h64-p,,31 Tien Fu Chen,,"1月 1, 1970",1349745,"44 31 Tien Fu Chen 1月 1, 1970 75 23 1,349,745"
2026-09-29,tw,Taiwan,top_artists_weekly,,45,https://yt3.googleusercontent.com/irPUnmrxGIe0fD5y-RfoLVRa9wBom08nCH_hWHG9wK6NI8YnNMPBO8Zya8h2ZbnsWxpCr25hqw=w64-h64-p,,3 孫燕姿,,"1月 1, 1970",1346810,"45 3 孫燕姿 1月 1, 1970 48 23 1,346,810"
2026-09-29,tw,Taiwan,top_artists_weekly,,46,https://lh3.googleusercontent.com/9fiAS65PN6QanYAMlaRCuI5F7HjnwBBtZ6l0wIyhojdOarL0s6TK8as3ChwjTIFKjB5BQRr0YLSFcs4=w64-h64-p,,1 SEVENTEEN,,"1月 1, 1970",1280719,"46 1 SEVENTEEN 1月 1, 1970 47 23 1,280,719"
2026-09-29,tw,Taiwan,top_artists_weekly,,47,https://yt3.googleusercontent.com/tmO4vwHNy3o255MKB2wHTwU_0uqJGSf2Ay8IGyLmBSSuXnU_KhRJQ1cVbA_IWPsNelGbJIHB6A=w64-h64-p,,10 高爾宣,,"1月 1, 1970",1279726,"47 10 高爾宣 1月 1, 1970 57 23 1,279,726"
2026-09-29,tw,Taiwan,top_artists_weekly,,48,https://yt3.googleusercontent.com/8BQG_j-3x1F7T_NB8FlVr-k3ip67rBO7eppjuz-zaliKYUjICeX-7lgs5i9EzJ4bghIokOuWowaiCAHf=w64-h64-p,,2 馬也Crabbit,,"1月 1, 1970",1276003,"48 2 马也Crabbit 1月 1, 1970 46 23 1,276,003"
2026-09-29,tw,Taiwan,top_artists_weekly,,49,https://yt3.googleusercontent.com/dAlKeVyDAEj4Zh4agtRDeAgEl1LU6QGE2POtBcHheEFgxqGuhfFWQfgeSRvwyeiCL2g4tCLWSSeaoTA=w64-h64-p,,5 姚曉棠,,"1月 1, 1970",1271112,"49 5 姚晓棠 1月 1, 1970 44 23 1,271,112"
2026-09-29,tw,Taiwan,top_artists_weekly,,50,https://yt3.googleusercontent.com/M0ZAiv2YCyGcckGUEgLSiJXvitNFU77Fl6mZ2_OlwkG2qz4doW-TFcGHMKuDdf-BTSJA5K0k-Q=w64-h64-p,,2 Cat'sMelody,,"1月 1, 1970",1258415,"50 2 Cat'sMelody 1月 1, 1970 52 15 1,258,415"
2026-09-29,tw,Taiwan,top_artists_weekly,,51,https://yt3.googleusercontent.com/22FOVr8D5Kq9y2l2sUDKW5X5s0W_axG7_sDhQVzxDGEXBMNjhwzvhs10BI3UoA1focajEeTPqZ2jNW9D=w64-h64-p,,8 Stray Kids,,"1月 1, 1970",1247550,"51 8 Stray Kids 1月 1, 1970 43 23 1,247,550"
2026-09-29,tw,Taiwan,top_artists_weekly,,52,https://yt3.googleusercontent.com/hFw-eieMTO6_ZkBxqNHLrDqRlcJN6vBbcC3G6-j79f_JmGkC5QmPm4zIGFEOAKtCikN0hh727FL0391gLA=w64-h64-p,,1 Cole先生,,"1月 1, 1970",1241695,"52 1 Cole先生 1月 1, 1970 51 22 1,241,695"
2026-09-29,tw,Taiwan,top_artists_weekly,,53,https://yt3.ggpht.com/ytc/AIdro_nI8xKy-WzsD4rayGtrDLh6lYY_4-uYzPSr9_zBM8Af078=w64-h64-p,,9 茄子蛋,,"1月 1, 1970",1240496,"53 9 茄子蛋 1月 1, 1970 62 23 1,240,496"
2026-09-29,tw,Taiwan,top_artists_weekly,,54,https://yt3.googleusercontent.com/2AR8ez0rjHdtFfzeYXS-p1MUFbHYoPvRNfDeBhfcUL6uJYEVcghnJlS7qFqFM8pSzBcxVvoA18tqDDjG=w64-h64-p,,9 曾沛慈,,"1月 1, 1970",1222311,"54 9 曾沛慈 1月 1, 1970 45 23 1,222,311"
2026-09-29,tw,Taiwan,top_artists_weekly,,55,https://yt3.googleusercontent.com/PpmhuqfTtKHOZq10NpyzDxnAMT4a_Vm8RqTrJD_iQTY6B-GH7VX-WDP3lgeX5knMEKQ_8IBUUQ=w64-h64-p,,6 劉宇寧,,"1月 1, 1970",1201579,"55 6 刘宇宁 1月 1, 1970 49 23 1,201,579"
2026-09-29,tw,Taiwan,top_artists_weekly,,56,https://yt3.googleusercontent.com/Zp1AXiMpha0AGn66ACzmfEirLXXdRWE2EFyjz5ZV3MbPtXxQxquEJcWBIxWM_pqtgXeDZFbpq9clP9rh=w64-h64-p,,24 IU,,"1月 1, 1970",1199975,"56 24 IU 1月 1, 1970 32 23 1,199,975"
2026-09-29,tw,Taiwan,top_artists_weekly,,57,https://yt3.googleusercontent.com/O3ux2Cv4ahPmYganqB4asYUs_qTClRuRxeoZRgwHwHA0oVcA7C3ph04_rC7svPLh1058-NwdBQ=w64-h64-p,,3 李聖傑,,"1月 1, 1970",1195968,"57 3 李聖傑 1月 1, 1970 54 23 1,195,968"
2026-09-29,tw,Taiwan,top_artists_weekly,,58,https://lh3.googleusercontent.com/hnefGBrazRhn4Z92bdSZBUENl40ONjRiVDsmZKZh-WZ2iCKE-2c7KKR7SNcZfzLHoRyB3E6as8L87YA=w64-h64-p,,5 Bruno Mars,,"1月 1, 1970",1185223,"58 5 Bruno Mars 1月 1, 1970 53 23 1,185,223"
2026-09-29,tw,Taiwan,top_artists_weekly,,59,https://lh3.googleusercontent.com/pvJ1n3OBNXcz80KquAr-BY3ZRpp4Vfv8IHBk1SHBkJPF6eGhYJqaO3H5meVIQwb-BTOv0VsckNtPow=w64-h64-p,,1 BLACKPINK,,"1月 1, 1970",1164325,"59 1 BLACKPINK 1月 1, 1970 60 23 1,164,325"
2026-09-29,tw,Taiwan,top_artists_weekly,,60,https://yt3.googleusercontent.com/DU6Kpr5TYKcW6QHvMnsJau5_8QSuix8LCLtf5UEaziZZdXw8SxvcxJ9YWmVIQuzhg2R-MVHYgjdGCQ=w64-h64-p,,4 Ariana Grande,,"1月 1, 1970",1158128,"60 4 Ariana Grande 1月 1, 1970 56 23 1,158,128"
2026-09-29,tw,Taiwan,top_artists_weekly,,61,https://yt3.googleusercontent.com/5GYeWpGUtgi8tPkwqV_Nnq9ZiE6PhSCoRSrfpK1CIdfZkndV5fLHZ-c2g9rAGfdQ6bV81Wvlc8UMjw=w64-h64-p,,2 ILLIT,,"1月 1, 1970",1149606,"61 2 ILLIT 1月 1, 1970 59 23 1,149,606"
2026-09-29,tw,Taiwan,top_artists_weekly,,62,https://yt3.googleusercontent.com/u8tcXDcVOviBOzM0y5T2vZYSJe2BjV0uKG-EXH4l-wB_BFPV5SXDt2CZICji574S8BO3Hsrz=w64-h64-p,,1 薛之謙,,"1月 1, 1970",1147282,"62 1 薛之謙 1月 1, 1970 61 23 1,147,282"
2026-09-29,tw,Taiwan,top_artists_weekly,,63,https://lh3.googleusercontent.com/MBjMu3EHBwUFMuf80d9OfCLVG2VywWGcD6OV6XUb4mBmLPWputvMOgEG7T2frxBlZdYkCho4NXGdzTQ=w64-h64-p,,● 陳奕迅,,"1月 1, 1970",1116056,"63 ● 陳奕迅 1月 1, 1970 63 23 1,116,056"
2026-09-29,tw,Taiwan,top_artists_weekly,,64,https://yt3.googleusercontent.com/HLgSnblJm02ajqTiwM2BTwFNYvWImdSg8EcXGJ7podtSIh_AhwKGBvbg3eGWg16wqdSS66f-B-3T5OfG=w64-h64-p,,57 S.H.E,,"1月 1, 1970",1115177,"64 57 S.H.E 1月 1, 1970 7 23 1,115,177"
2026-09-29,tw,Taiwan,top_artists_weekly,,65,https://yt3.googleusercontent.com/30y0U-GQ0hk85r8wS8SggJqWgCZSchIzJPCFiRz9AsXe7zcSs6bXmX3toXhDAkBp_qTqWmjfNmFHrZ8=w64-h64-p,,1 動力火車,,"1月 1, 1970",1085533,"65 1 動力火車 1月 1, 1970 64 23 1,085,533"
2026-09-29,tw,Taiwan,top_artists_weekly,,66,https://yt3.googleusercontent.com/ZojXXRco6xFdVFKJ_-lMYqEpQ8LAmBH5chan59gjSYTDbuWmitUkpirmV3LzE-X8G6IeelfcM3al3e4=w64-h64-p,,3 周深,,"1月 1, 1970",1042939,"66 3 周深 1月 1, 1970 69 23 1,042,939"
2026-09-29,tw,Taiwan,top_artists_weekly,,67,https://yt3.googleusercontent.com/2DEaecnkgN4qIkP1AeQAzYiIeo5Rt5bVQ-9skPe95QAYZdY6h927bUXwHq21VPeVhJ6TxxiOvA=w64-h64-p,,1 翁立友,,"1月 1, 1970",1033657,"67 1 翁立友 1月 1, 1970 66 23 1,033,657"
2026-09-29,tw,Taiwan,top_artists_weekly,,68,https://yt3.googleusercontent.com/OACRW0WLfJ3wTcnbh8912dg5iLMzROD_CpqgvPqn3_cfnKRfdxc_aN4ERkWFZtswHPPghRlcH5XwbksQ=w64-h64-p,,3 ITZY,,"1月 1, 1970",1023754,"68 3 ITZY 1月 1, 1970 65 23 1,023,754"
2026-09-29,tw,Taiwan,top_artists_weekly,,69,https://yt3.googleusercontent.com/qPMrqvAEnejkIXTvwkaTm2SDJyLhXAN3rPzFTp_aWs8deK6GPv3q-_CjBa900Pf5tLRPYi-h20AwWAL-=w64-h64-p,,2 半噸兄弟,,"1月 1, 1970",1019956,"69 2 半吨兄弟 1月 1, 1970 67 23 1,019,956"
2026-09-29,tw,Taiwan,top_artists_weekly,,70,https://yt3.googleusercontent.com/x2dzhHR99RRRFt05gFVrbi9UfvCTbc19QBq99ni9z1MO-fJWvojQ6M8Rk0jrTIcD68ZwqBxd-B8YBISL=w64-h64-p,,15 宇宙人,,"1月 1, 1970",988168,"70 15 宇宙人 1月 1, 1970 55 22 988,168"
2026-09-29,tw,Taiwan,top_artists_weekly,,71,https://lh3.googleusercontent.com/BKgJ2Qcko6lgLsnvB-URUnK2bgQ682OoJd7Dpa0829XrmIC40zfsFm74vNdmyaMBx8xUt-MHFwDIUUC9=w64-h64-p,,● Jennie,,"1月 1, 1970",972260,"71 ● Jennie 1月 1, 1970 71 23 972,260"
2026-09-29,tw,Taiwan,top_artists_weekly,,72,https://yt3.googleusercontent.com/h5RMpHIY7m2bJ8hcG-7_hwIaiMNZXljfe8Xszb-dAW00pWI6Folj14g2t0cADaimlz4_5MK2V3g=w64-h64-p,,2 DIOR 大穎,,"1月 1, 1970",936005,"72 2 DIOR 大穎 1月 1, 1970 74 23 936,005"
2026-09-29,tw,Taiwan,top_artists_weekly,,73,https://lh3.googleusercontent.com/cG4CpMaBPIokpAVifx2Zgnita1H5Ktkj-a1txUg7vqm61fY5SAmMgTNRf52E9x5eYdwNelRPG2Kx7io=w64-h64-p,,3 Hiroyuki Sawano,,"1月 1, 1970",934310,"73 3 Hiroyuki Sawano 1月 1, 1970 70 23 934,310"
2026-09-29,tw,Taiwan,top_artists_weekly,,74,https://yt3.googleusercontent.com/E8-DZ3tujNN7vRZ9FcPAjXhm7v3pzbI4Lmk4WIOM3nx0pUv_5pP1jgW0aGfnWNScvlhEOw987yYrDa8=w64-h64-p,,2 張碧晨,,"1月 1, 1970",925075,"74 2 張碧晨 1月 1, 1970 72 23 925,075"
2026-09-29,tw,Taiwan,top_artists_weekly,,75,https://lh3.googleusercontent.com/umSdMueKqbLBTq0jhiEzh1F82_C8hRVzkw2ZsxOqEktWjNXOKSCMPMGiJtu73myxd995RC4BqKL5fAXM=w64-h64-p,,5 Lady Gaga,,"1月 1, 1970",920421,"75 5 Lady Gaga 1月 1, 1970 80 23 920,421"
2026-09-29,tw,Taiwan,top_artists_weekly,,76,https://lh3.googleusercontent.com/a1D6bH7UplNjEw7q_Y_FV-Pph49IRvSk7wxA7xQlIeJ9lVh_Ndi2MnHcx5irKCw_a-P1Zpe8ycMKrQ=w64-h64-p,,1 Weibird Wei,,"1月 1, 1970",919807,"76 1 Weibird Wei 1月 1, 1970 77 23 919,807"
2026-09-29,tw,Taiwan,top_artists_weekly,,77,https://yt3.googleusercontent.com/4lucaZXF12S40pMhPJz-cb-q1qoXcWxkEyVevy9S523j7rWSjX66iYtY78kIglq8r9rpusX9cf8=w64-h64-p,,1 Cyndi Wang,,"1月 1, 1970",918805,"77 1 Cyndi Wang 1月 1, 1970 76 23 918,805"
2026-09-29,tw,Taiwan,top_artists_weekly,,78,https://yt3.googleusercontent.com/aQv-kANF_voh1aZubOtXQjHWOfaWdlpZ49MI_EwlwsEprq2PBnaSaBEzW6hdvEz6hGyzUwYQj4N01wc=w64-h64-p,,10 黃奇斌,,"1月 1, 1970",906385,"78 10 黃奇斌 1月 1, 1970 68 23 906,385"
2026-09-29,tw,Taiwan,top_artists_weekly,,79,https://yt3.googleusercontent.com/AGsd38zD5rf3PTqIyhf0D8aTmyBqMpCSuwkeovewAkM0hdukbNpN-tRo5oGSY5tQcMAkSTL1iRTcNgfF=w64-h64-p,,4 Yee Ling Hwang,,"1月 1, 1970",856303,"79 4 Yee Ling Hwang 1月 1, 1970 83 23 856,303"
2026-09-29,tw,Taiwan,top_artists_weekly,,80,https://yt3.googleusercontent.com/ryyhL0yAeRBVgysBgJmM1k6YS-48NVd96fkpkDz_2RMaGBIe7_DZi-85lhQubnBlCg8H5mlc552doQSE=w64-h64-p,,10 田小娟,,"1月 1, 1970",854954,"80 10 田小娟 1月 1, 1970 90 3 854,954"
2026-09-29,tw,Taiwan,top_artists_weekly,,81,https://lh3.googleusercontent.com/U-SAmNOu4TynE818gLCfKsuHZ0U5YNEtO9mrjSI9WCCKERs98LzrCal5kajBBTQNwdcisoB2Bn-pHp4=w64-h64-p,,5 The Weeknd,,"1月 1, 1970",852134,"81 5 The Weeknd 1月 1, 1970 86 23 852,134"
2026-09-29,tw,Taiwan,top_artists_weekly,,82,https://yt3.googleusercontent.com/JBgpQkRK9eAMX5UMlaoPqaFV2qRzJZhvnekjPf_O4RNEQgrfVQCPGIeg7WouRX2L9y0DWPlNAhg9AT5iaA=w64-h64-p,,2 林琇琪,,"1月 1, 1970",849677,"82 2 林琇琪 1月 1, 1970 84 23 849,677"
2026-09-29,tw,Taiwan,top_artists_weekly,,83,https://yt3.googleusercontent.com/cLyvgxM4YQ28cQfQAxgBfxYmHey7CfZZ2KyPv15GhTxVIsE09YTwVlDOxQdJE_FEruFveuOI4lUcjA=w64-h64-p,,83 HWASA,,"1月 1, 1970",847939,"83 83 HWASA 1月 1, 1970 - 23 847,939"
2026-09-29,tw,Taiwan,top_artists_weekly,,84,https://yt3.googleusercontent.com/qcQopE-72qTpj4lFr8jKBOJpR442ZBgxtqf5yso6Bde5Yz25t5O-PTk8xxan6DrlxIpqfnBq_T3wMVE=w64-h64-p,,10 王識賢,,"1月 1, 1970",845996,"84 10 王識賢 1月 1, 1970 94 23 845,996"
2026-09-29,tw,Taiwan,top_artists_weekly,,85,https://lh3.googleusercontent.com/f-obacsP4pLKKR-_ykVFkRl83BV7vpFMyalY5UbSh1ng6CbN2GAdHjFg2JM2O7PzU1DZrEnwuMgC_w=w64-h64-p,,12 八三夭,,"1月 1, 1970",843494,"85 12 八三夭 1月 1, 1970 73 23 843,494"
2026-09-29,tw,Taiwan,top_artists_weekly,,86,https://yt3.googleusercontent.com/ES5kleAx1BlxR1xWP85JrqY3YKgLs2MyxfIfaoyk5nYZSv2rMK6Zk42_Sf_5ZJaHp4kwdqIpO45DT2oi=w64-h64-p,,7 Ado,,"1月 1, 1970",834136,"86 7 Ado 1月 1, 1970 79 23 834,136"
2026-09-29,tw,Taiwan,top_artists_weekly,,87,https://yt3.googleusercontent.com/7buDUATb3VZ0dAiIJH64ik_DgBIaui8-WYW3HPsP9dnfCCc00vBbuOm8rcPPPfign0XAqEZStw=w64-h64-p,,2 Angela Zhang,,"1月 1, 1970",831724,"87 2 Angela Zhang 1月 1, 1970 85 23 831,724"
2026-09-29,tw,Taiwan,top_artists_weekly,,88,https://yt3.googleusercontent.com/2a9kj3sdLSF_Nr9-UhSuWHq19dB1VtNT2Tdru_Ba9zpcoyia4w_MR4gQJjt1QgTx4JPnOt6nUTwAM4kiNA=w64-h64-p,,1 LBI,,"1月 1, 1970",822199,"88 1 LBI 1月 1, 1970 89 23 822,199"
2026-09-29,tw,Taiwan,top_artists_weekly,,89,https://lh3.googleusercontent.com/D3iqTV1JIuwtqPykvxbri7cxXZYO0BRwrcDvTiPUTY81DwNYnxSqqlbJascSlVt22JM_9UulpkFVzts=w64-h64-p,,8 Yu Ke Wei,,"1月 1, 1970",817277,"89 8 Yu Ke Wei 1月 1, 1970 97 23 817,277"
2026-09-29,tw,Taiwan,top_artists_weekly,,90,https://yt3.googleusercontent.com/2IbO6drTOO1y5I4tDPqS5nafZmV0Z54g0YxU32RnLjc0vvYlzH1-c522X0c784WaR9hs9YIDr9yhHKfT=w64-h64-p,,2 CORTIS,,"1月 1, 1970",814507,"90 2 CORTIS 1月 1, 1970 92 23 814,507"
2026-09-29,tw,Taiwan,top_artists_weekly,,91,https://lh3.googleusercontent.com/QF5_9GNj1eOdWzO2V9b26JhoLwNDG0PwOlbOdHlcyUHUAoSjRBrzHxodlLj6O-cj6mKLYN6tjRfZ6A=w64-h64-p,,4 G,DRAGON,"1月 1, 1970",809915,"91 4 G-DRAGON 1月 1, 1970 95 23 809,915"
2026-09-29,tw,Taiwan,top_artists_weekly,,92,https://yt3.googleusercontent.com/xnSfx4u7jPLYakQpgcxduZyIiNEHgMgQDijA1hkYsorkD54rjLJS_jcnHHjypRK4rwxaAfZ_kO9bpZw=w64-h64-p,,6 NMIXX,,"1月 1, 1970",808330,"92 6 NMIXX 1月 1, 1970 98 23 808,330"
2026-09-29,tw,Taiwan,top_artists_weekly,,93,https://yt3.googleusercontent.com/7jndWy5UJwFJKueBCrizeFWOFwxKUOZZjRMIcPyRlv1X18tY9aJpkuSz_PpamnHVjbYV6s_oER8oi4g=w64-h64-p,,3 Maroon 5,,"1月 1, 1970",792621,"93 3 Maroon 5 1月 1, 1970 96 23 792,621"
2026-09-29,tw,Taiwan,top_artists_weekly,,94,https://yt3.googleusercontent.com/Cnhb3AyOFVMBJ0D76G6DhIY2QaVFWHq19crz8QggEdc888kPB8u4iROVSRi_l7F2mjHzNHDEjuU=w64-h64-p,,7 See On Chan,,"1月 1, 1970",792225,"94 7 See On Chan 1月 1, 1970 87 23 792,225"
2026-09-29,tw,Taiwan,top_artists_weekly,,95,https://yt3.googleusercontent.com/Z7jSIey5PTQOvOcpYRKtcs9l5ZG3T2f9mAR3zTOy9cqB4UCoQLkhrVSlOgyM5_ffnHKCPFiGCA=w64-h64-p,,2 陳忻玥,,"1月 1, 1970",782392,"95 2 陳忻玥 1月 1, 1970 93 23 782,392"
2026-09-29,tw,Taiwan,top_artists_weekly,,96,https://lh3.googleusercontent.com/5Wqko_xYm2k_BiYJf_8KFM_DLZfcWrWPApBX13U8zmPulEl9JLztydPSfvKITpmIY8uRKYrVEvcLEaA=w64-h64-p,,讚美之泉 Stream of Praise,,,,讚美之泉 Stream of Praise
2026-09-29,tw,Taiwan,top_artists_weekly,,97,https://lh3.googleusercontent.com/PtoGfThhXXyYd6PQ_-Jc5dMzLFi0AQZDXUIg_rscIdLlVAaRWcycwtnBHUgvwstuBshgGOeygt69hGQ=w64-h64-p,,6 張學友,,"1月 1, 1970",777499,"97 6 張學友 1月 1, 1970 91 23 777,499"
2026-09-29,tw,Taiwan,top_artists_weekly,,98,https://yt3.googleusercontent.com/Lt2S5w1cjM4S0G3LcQq21xxQx27oY2PwiaVgxHwz_w-6KekUoC5RcQBQaZHhLtyIV9ABSTcyGw=w64-h64-p,,98 許富凱,,"1月 1, 1970",775494,"98 98 許富凱 1月 1, 1970 - 23 775,494"
2026-09-29,tw,Taiwan,top_artists_weekly,,99,https://yt3.googleusercontent.com/vhseKuHjp1utavU-TmHZsx0SzlBQYsz0nPLu4lNPaUNRhAHs8hDjjAgtGKRgUYpDsHk788-7bB7_jKM=w64-h64-p,,17 麋先生,,"1月 1, 1970",755097,"99 17 麋先生 1月 1, 1970 82 23 755,097"
2026-09-29,tw,Taiwan,top_artists_weekly,,100,https://yt3.googleusercontent.com/ecSxNwsZkf6vNCwkn9uIRdcKdv1zHnGksqeLTalIf6u-Uw0O-CYZNxKmxM6ZpYN-B5IlJ9Vh2btiFzlgWw=w64-h64-p,,22 黃霄雲,,"1月 1, 1970",750428,"100 22 黃霄雲 1月 1, 1970 78 23 750,428"
2026-09-29,jp,Japan,top_artists_weekly,,1,https://yt3.googleusercontent.com/nabFWDPlnYwAc6aByQLTbIIpTZHiWRFODd0hTI_gvQoBMk_6LpfyHJWJfkdxRzpSkG5LTPY7lmBuef8G=w64-h64-p,,● M!LK,,"1月 1, 1970",35440347,"1 ● M!LK 1月 1, 1970 1 82 35,440,347"
2026-09-29,jp,Japan,top_artists_weekly,,2,https://yt3.googleusercontent.com/HhewRwaNXMj-O1EAQNnVXER1TeEc464OcpKh1gBwz4g056ikEqvvLQkRVIfm8UcXJZXO66IhNr2qGNA=w64-h64-p,,Mrs. GREEN APPLE,,,,Mrs. GREEN APPLE
2026-09-29,jp,Japan,top_artists_weekly,,3,https://yt3.googleusercontent.com/rvoJpoc0bOs8cIpf3Lcf7zB8aPZpMbGtrTduAb2o7RI6ADokPbgR64iMA5P7dwu6LLDgg6HCz_hEww=w64-h64-p,,● Kenshi Yonezu,,"1月 1, 1970",26898324,"3 ● Kenshi Yonezu 1月 1, 1970 3 523 26,898,324"
2026-09-29,jp,Japan,top_artists_weekly,,4,https://lh3.googleusercontent.com/QAxBr9ghPhfxquveEQwVfzTN3tvsHNggUkmxMUWtTpAq-ZiLoGH7Tz5oa-oysqv7z1_JdHllHegKf5w=w64-h64-p,,● Snow Man,,"1月 1, 1970",14790498,"4 ● Snow Man 1月 1, 1970 4 301 14,790,498"
2026-09-29,jp,Japan,top_artists_weekly,,5,https://lh3.googleusercontent.com/k7Z1-TzVQJdEsRpgXDwbniROArZXFtVNeOKWxq2of-uOw72kLlbZxrwmcdpaJ-qVQrS5Nq61F3RCUw=w64-h64-p,,● back number,,"1月 1, 1970",13391348,"5 ● back number 1月 1, 1970 5 518 13,391,348"
2026-09-29,jp,Japan,top_artists_weekly,,6,https://yt3.googleusercontent.com/9j5EBr2rWVcRm3RsqK82BlBogflxOFDgJsK04weU-yr1gUiouM1b9ykc7YiVsb7LrFmY9d9uCjzB2ZI=w64-h64-p,,18 BE:FIRST,,"1月 1, 1970",10301446,"6 18 BE:FIRST 1月 1, 1970 24 267 10,301,446"
2026-09-29,jp,Japan,top_artists_weekly,,7,https://lh3.googleusercontent.com/clU1FS-0CYHVacxQpaBa27cH8vq-WgYtV4DIdW5WaLeS814DKZfV0HLSI16hLaw3qtNzQGf_kEPoXhA=w64-h64-p,,1 Chotokkyu,,"1月 1, 1970",10094679,"7 1 Chotokkyu 1月 1, 1970 6 148 10,094,679"
2026-09-29,jp,Japan,top_artists_weekly,,8,https://yt3.googleusercontent.com/4qFu6HToHZGQamDtHzyBfqEqY9KO2dytn0kgV3Fs6qpJS6w9lVKchXJakSDT9qSErjnaHOELF0kfUrI=w64-h64-p,,1 GNJB,,"1月 1, 1970",9510882,"8 1 GNJB 1月 1, 1970 7 43 9,510,882"
2026-09-29,jp,Japan,top_artists_weekly,,9,https://yt3.googleusercontent.com/8BbiNyyI7TOxlf0x0R-4JZB8x7cw-ML-yOjF8QW8rHSrViZacf-AqD-eqg2ccvbYr5C9URAa_vTJI3k=w64-h64-p,,● YOASOBI,,"1月 1, 1970",9468929,"9 ● YOASOBI 1月 1, 1970 9 337 9,468,929"
2026-09-29,jp,Japan,top_artists_weekly,,10,https://yt3.googleusercontent.com/nfWyPt8ubT9r-I34Plw20oPCmwZTWL3WDN1gIKQODjNCXVUlZwPHp_QoMWBn6PpxM_7iKcM8qNfGxXo=w64-h64-p,,4 SixTONES,,"1月 1, 1970",9315949,"10 4 SixTONES 1月 1, 1970 14 351 9,315,949"
2026-09-29,jp,Japan,top_artists_weekly,,11,https://lh3.googleusercontent.com/toZ3JKuc9xkkDyemWTAJxnVAdjT69o1aqDWCxFRcKgYbCFNKIR9Jq-cBQ07r-6Utx3GwY4ivwx-mjkk=w64-h64-p,,11 Fujii Kaze,,"1月 1, 1970",9261019,"11 11 Fujii Kaze 1月 1, 1970 22 328 9,261,019"
2026-09-29,jp,Japan,top_artists_weekly,,12,https://yt3.googleusercontent.com/_S379WJWfFbCmknRo4sq2ZjaHV9UMuznYNwaznL7MyAZIQPdvLhzGcB1MbTcwVYnrCV6s2LDLhwu7A=w64-h64-p,,● Radwimps,,"1月 1, 1970",9110260,"12 ● Radwimps 1月 1, 1970 12 523 9,110,260"
2026-09-29,jp,Japan,top_artists_weekly,,13,https://yt3.googleusercontent.com/5GYeWpGUtgi8tPkwqV_Nnq9ZiE6PhSCoRSrfpK1CIdfZkndV5fLHZ-c2g9rAGfdQ6bV81Wvlc8UMjw=w64-h64-p,,2 ILLIT,,"1月 1, 1970",8961993,"13 2 ILLIT 1月 1, 1970 11 131 8,961,993"
2026-09-29,jp,Japan,top_artists_weekly,,14,https://yt3.googleusercontent.com/beJAMRm4Fei9DIYc0_Fnyg8zTRHf122p5xmKRd18Bsl0B_usth9jw31aW0JVtdJbmM6nfCgv64nvs9Y=w64-h64-p,,6 Official髭男dism,,"1月 1, 1970",8684550,"14 6 Official髭男dism 1月 1, 1970 8 436 8,684,550"
2026-09-29,jp,Japan,top_artists_weekly,,15,https://yt3.googleusercontent.com/ufS1qifPTVxSR1_xBz6F75iymu07Qdgplp0Qp3uJBWZuSrpgP6GWFkog-99E8bvH6o5xAmnzzNENskFZ=w64-h64-p,,2 YORUSHIKA,,"1月 1, 1970",8601376,"15 2 YORUSHIKA 1月 1, 1970 17 405 8,601,376"
2026-09-29,jp,Japan,top_artists_weekly,,16,https://yt3.googleusercontent.com/ES5kleAx1BlxR1xWP85JrqY3YKgLs2MyxfIfaoyk5nYZSv2rMK6Zk42_Sf_5ZJaHp4kwdqIpO45DT2oi=w64-h64-p,,3 Ado,,"1月 1, 1970",7829638,"16 3 Ado 1月 1, 1970 13 307 7,829,638"
2026-09-29,jp,Japan,top_artists_weekly,,17,https://yt3.googleusercontent.com/oVrTzA1ifrJ2RtE_4rINXKJhtu06uj0OnI3vHmPP-kYY1L7s7dTGGRNm-x0L9kHICe36h2pb9-0Dvw8=w64-h64-p,,1 HANA,,"1月 1, 1970",7777905,"17 1 HANA 1月 1, 1970 16 85 7,777,905"
2026-09-29,jp,Japan,top_artists_weekly,,18,https://yt3.googleusercontent.com/7mGnCnhB37DGywZxroOABy24-RTikE3XOMwNdOpyHJP7Hdip_1ARYqL_cfyFfDJjVhFqJ7NOV_mEfMY=w64-h64-p,,8 嵐,,"1月 1, 1970",7724401,"18 8 嵐 1月 1, 1970 10 438 7,724,401"
2026-09-29,jp,Japan,top_artists_weekly,,19,https://yt3.googleusercontent.com/QXqHd8cQ8iJjUnJgRBwcSFlAFqnzh-6tBGU_rydgWnx1V6ldKhoMr_Jp-Ak5QT1JvH51i9s5gRvig_Y=w64-h64-p,,1 sakanaction,,"1月 1, 1970",7558669,"19 1 sakanaction 1月 1, 1970 18 523 7,558,669"
2026-09-29,jp,Japan,top_artists_weekly,,20,https://yt3.googleusercontent.com/xz_VaSI1pwtLmkpH_NEjZQ1ScKWOJf_RwTPDKBHryqtgvZ_wE4BH6_8teg3zWaSSibyVAZ--sQ=w64-h64-p,,EBiDAN Ebisu Gakuen Boys Club,,,,EBiDAN Ebisu Gakuen Boys Club
2026-09-29,jp,Japan,top_artists_weekly,,21,https://yt3.googleusercontent.com/q87XpcSMiepzSRJ2qmnj0UTGl3oawEn8R5k_TIeEwaMF_7EDV6qp2V-y42RXWROKjAWurmZmBj5xy_s=w64-h64-p,,● Vaundy,,"1月 1, 1970",7337411,"21 ● Vaundy 1月 1, 1970 21 327 7,337,411"
2026-09-29,jp,Japan,top_artists_weekly,,22,https://lh3.googleusercontent.com/8rsLpP6VJjt-yTN8ZG5rY-qt2aCC-IYMWmVkk7qa8c5vrjO6zetKSgwO2QknHI3FtWl6Zannp2VsQ5o=w64-h64-p,,3 防彈少年團,,"1月 1, 1970",7320472,"22 3 防彈少年團 1月 1, 1970 19 523 7,320,472"
2026-09-29,jp,Japan,top_artists_weekly,,23,https://lh3.googleusercontent.com/__HQP1pw0-A2viS_fBJtlsYASW9dMYoP2B11fM30hMYHHWNHtmSET2bTvTGLZ66ySry6xJjQPx9dLA=w64-h64-p,,● 宇多田光,,"1月 1, 1970",7094397,"23 ● 宇多田光 1月 1, 1970 23 514 7,094,397"
2026-09-29,jp,Japan,top_artists_weekly,,24,https://yt3.googleusercontent.com/0yxG_xPL-fPeW_3pLWRDB7eXD14e10fIjN6tovLhItpB4g7YqWjSgwrvJvLLSwW-04TtZ9J40ezrt1c=w64-h64-p,,4 King Gnu,,"1月 1, 1970",7066609,"24 4 King Gnu 1月 1, 1970 20 396 7,066,609"
2026-09-29,jp,Japan,top_artists_weekly,,25,https://lh3.googleusercontent.com/NWHT43hxULRsyzpcsQfbUAKDjFSahIyKGGFGvxHOcpswAVkfnjwWEqSP8XG8hDmX6fubB1C9DbxFiNk=w64-h64-p,,3 歌っちゃ王,,"1月 1, 1970",5865131,"25 3 歌っちゃ王 1月 1, 1970 28 259 5,865,131"
2026-09-29,jp,Japan,top_artists_weekly,,26,https://lh3.googleusercontent.com/Dp0g1-nAKmdHtDy_Xu81p7uOrJtD0uiMW1evxcnXADUoM8thct7VKce12b-2OMcCqHiJKeesQtsa-NDz=w64-h64-p,,3 Mr.Children,,"1月 1, 1970",5533121,"26 3 Mr.Children 1月 1, 1970 29 523 5,533,121"
2026-09-29,jp,Japan,top_artists_weekly,,27,https://yt3.googleusercontent.com/nqcLdvh1gakB5sj2ygjMVyIGol7NdEr_Jo87_Vauzrorq6W5Zti_XyJdhQ-T_-0rFbKtUoSF_-LqLqU=w64-h64-p,,9 SEKAI NO OWARI,,"1月 1, 1970",5530981,"27 9 SEKAI NO OWARI 1月 1, 1970 36 517 5,530,981"
2026-09-29,jp,Japan,top_artists_weekly,,28,https://yt3.googleusercontent.com/xP2HtpR_jxf7iX1E2k51EsgRwuX1b9wZJDJj87ZE8XRMvSs5Aays7jr-EroVHgSlPVnJG5n670Kt_P0=w64-h64-p,,1 Yuuri,,"1月 1, 1970",5489518,"28 1 Yuuri 1月 1, 1970 27 329 5,489,518"
2026-09-29,jp,Japan,top_artists_weekly,,29,https://yt3.googleusercontent.com/LAOh6v-8gNlsV5X31NMFjr1oxYFLYuVo8PUetRE5uF20FSxqfG1AyWIypoSb40h7139K8PgrIoLPHMQ=w64-h64-p,,3 Spitz,,"1月 1, 1970",5446770,"29 3 Spitz 1月 1, 1970 26 523 5,446,770"
2026-09-29,jp,Japan,top_artists_weekly,,30,https://yt3.googleusercontent.com/8YB2NaZiMvNlvdIEXdGSMfP-aTOHXAbdXy1hvZ_SVfXkTsKFy6YQlmnIk-aiDZ1ew7tNMhe3cPUow1g=w64-h64-p,,5 LE SSERAFIM,,"1月 1, 1970",5345817,"30 5 LE SSERAFIM 1月 1, 1970 25 229 5,345,817"
2026-09-29,jp,Japan,top_artists_weekly,,31,https://lh3.googleusercontent.com/showUTLq0g6F4x-R5DlVl95qpz8RylPI8RXlRQiiQ__zos_Oz9OvZehIxrSINFgLww_rmKdAnVZu-Ts=w64-h64-p,,SOUTHERN ALL STARS,,,,SOUTHERN ALL STARS
2026-09-29,jp,Japan,top_artists_weekly,,32,https://yt3.googleusercontent.com/alBNODlVMkJCt-E3lNA7bF52JzzLfgd6h4_Uo5JfkKdxQ0_lZzl5po9ML3Twn0Y7tytAX9bjlfazAIQ=w64-h64-p,,2 ONE OK ROCK,,"1月 1, 1970",5003537,"32 2 ONE OK ROCK 1月 1, 1970 30 523 5,003,537"
2026-09-29,jp,Japan,top_artists_weekly,,33,https://yt3.googleusercontent.com/ptM677YC2WeIgDQu7r8RtfPR78yDr0ERS3dZJjVcYtidt2vM1kFZssPdzXCICPbjq616Q7otW0w=w64-h64-p,,macaroni enpitsu,,,,macaroni enpitsu
2026-09-29,jp,Japan,top_artists_weekly,,34,https://lh3.googleusercontent.com/x0jntdTSj8i08M1g6MzRpSiNUezdIOaI-yJEu6pXoi_H6PF2yvJKo1sabI4Gu_6EpVLd4TV_y7RZ2x0=w64-h64-p,,2 DECO*27,,"1月 1, 1970",4868175,"34 2 DECO*27 1月 1, 1970 32 519 4,868,175"
2026-09-29,jp,Japan,top_artists_weekly,,35,https://yt3.googleusercontent.com/BxUvE1ydS4temXl2gWsm3EDQ5XSQFmXzm0VN8BC_-IS2lGKRLjm5lzIcIYfvX-8q61EcQqUf5Zmmg10=w64-h64-p,,6 Number_i,,"1月 1, 1970",4796928,"35 6 Number_i 1月 1, 1970 41 141 4,796,928"
2026-09-29,jp,Japan,top_artists_weekly,,36,https://lh3.googleusercontent.com/HNgNMRaakGXWwt_ipf2krKR67cTauQDm934ir9lupV2_zJAdqqQ2X_BaC2Pk7lqRZt6qEy5wzqOTkA=w64-h64-p,,3 愛繆,,"1月 1, 1970",4719362,"36 3 愛繆 1月 1, 1970 33 450 4,719,362"
2026-09-29,jp,Japan,top_artists_weekly,,37,https://yt3.googleusercontent.com/NRBianky8-POHOPujzwhCdBItJv35rlaLjuJ1p5pYm5EWCWNC3aPyx1CMU4GkKD4XuaPu7XuuISyaZ9V=w64-h64-p,,3 BUMP OF CHICKEN,,"1月 1, 1970",4641490,"37 3 BUMP OF CHICKEN 1月 1, 1970 34 523 4,641,490"
2026-09-29,jp,Japan,top_artists_weekly,,38,https://yt3.googleusercontent.com/22FOVr8D5Kq9y2l2sUDKW5X5s0W_axG7_sDhQVzxDGEXBMNjhwzvhs10BI3UoA1focajEeTPqZ2jNW9D=w64-h64-p,,3 Stray Kids,,"1月 1, 1970",4470543,"38 3 Stray Kids 1月 1, 1970 35 327 4,470,543"
2026-09-29,jp,Japan,top_artists_weekly,,39,https://yt3.googleusercontent.com/K_baqRAxIjiyRU7u7PyVnbVs8fzB9lwhvXLGbXpCrc9P0cE2ssBwt0UzhWQvGs9kUUDt1-QKnO0Ts88=w64-h64-p,,2 CHANMINA,,"1月 1, 1970",4183145,"39 2 CHANMINA 1月 1, 1970 37 385 4,183,145"
2026-09-29,jp,Japan,top_artists_weekly,,40,https://yt3.googleusercontent.com/1uZ5Lw0UKgf_eX3jKOiJ7kjzswvv6iDqtSffSZAJiIZzjp0w9F71ym7XfZ8ZDHyi331XnwDUINyhrCHt=w64-h64-p,,6 natori,,"1月 1, 1970",4126419,"40 6 natori 1月 1, 1970 46 202 4,126,419"
2026-09-29,jp,Japan,top_artists_weekly,,41,https://yt3.googleusercontent.com/HCnuNnUDi2lo3UZ-nqhmjVCp3Az4KsnvCTB7OQkwmMdQR0Da-x1oHdVLRizN6_McI4RiGivPNQ=w64-h64-p,,6 初星學園,,"1月 1, 1970",3993771,"41 6 初星学園 1月 1, 1970 47 122 3,993,771"
2026-09-29,jp,Japan,top_artists_weekly,,42,https://lh3.googleusercontent.com/QiVzJToksVJXLY1-krTFwpsoQ2vyKsNGfOmh92yNie0PUCBXp6BrEJ-GdN6bqY5JgxWUj39rdtZc8a0=w64-h64-p,,1 CUTIE STREET,,"1月 1, 1970",3983424,"42 1 CUTIE STREET 1月 1, 1970 43 103 3,983,424"
2026-09-29,jp,Japan,top_artists_weekly,,43,https://lh3.googleusercontent.com/UubMNuEa_BkqSWVY0BC9gTqr8xU2ErWbwsgHlOdSW0PUpaVGsP2RY5Xiod-f87BRiiDR4zNz4yj4Stw=w64-h64-p,,4 Tatsuya Kitani,,"1月 1, 1970",3954979,"43 4 Tatsuya Kitani 1月 1, 1970 39 293 3,954,979"
2026-09-29,jp,Japan,top_artists_weekly,,44,https://yt3.googleusercontent.com/AdUi8PfGR9bZqg8kVAjNipwYj878Aj7WEx7bnym23sMXRcH33PtujdSOUhMKGQPchDnEEmMNmqEl0zMY=w64-h64-p,,● B'z,,"1月 1, 1970",3924938,"44 ● B'z 1月 1, 1970 44 497 3,924,938"
2026-09-29,jp,Japan,top_artists_weekly,,45,https://lh3.googleusercontent.com/lWalclWLirqnwIhMIMFP4j2E2TDZsDDD_McBXQiIvryxfhTWzHhlCR07QEaDzvZHXlLT07i2VCYh6aU=w64-h64-p,,5 TWICE,,"1月 1, 1970",3850765,"45 5 TWICE 1月 1, 1970 40 523 3,850,765"
2026-09-29,jp,Japan,top_artists_weekly,,46,https://yt3.googleusercontent.com/qRYmWa5dzOlRoD8_uHIhsrAmwk8N9QiO7S_Rg3H4YyemB3oN3661_3en_7q9eJ8gvuoZAR9v0iFX8HW1=w64-h64-p,,8 BABYMONSTER,,"1月 1, 1970",3822494,"46 8 BABYMONSTER 1月 1, 1970 54 143 3,822,494"
2026-09-29,jp,Japan,top_artists_weekly,,47,https://lh3.googleusercontent.com/lg8mvzBsVgeTWBu7D9oJ_75-k8mWAOZ_SFx1DU7ywuHegwL8LdsOkxzy-BHPNHUcF0zom5g4VTbk9w=w64-h64-p,,3 Creepy Nuts,,"1月 1, 1970",3656154,"47 3 Creepy Nuts 1月 1, 1970 50 328 3,656,154"
2026-09-29,jp,Japan,top_artists_weekly,,48,https://lh3.googleusercontent.com/R2HtsULSyP7slZeikrSkWkMOEOY65lRGqQZpTW5jdBItJBFQOVJJxysh_M_mOBXN9a23CELpRKd1rw=w64-h64-p,,1 ayumi hamasaki,,"1月 1, 1970",3506556,"48 1 ayumi hamasaki 1月 1, 1970 49 477 3,506,556"
2026-09-29,jp,Japan,top_artists_weekly,,49,https://yt3.googleusercontent.com/VpHGL_Lj65iub3En8mKNtt4BVgqGWofyZLQ3dXo04el5K5tr_GsH9W8llLR6xf9KUTtubdiL5teiSV1K=w64-h64-p,,7 色情塗鴉,,"1月 1, 1970",3504576,"49 7 色情塗鴉 1月 1, 1970 42 307 3,504,576"
2026-09-29,jp,Japan,top_artists_weekly,,50,https://yt3.googleusercontent.com/ahanvzsO5q0DQGBI1WLXXyoXb-dqgX8tehQMLpd5-H2OSjYgeQPcUJoLT8Ol9iTvwOvW9oBcp4wpTlmF=w64-h64-p,,3 ATEEZ,,"1月 1, 1970",3466155,"50 3 ATEEZ 1月 1, 1970 53 211 3,466,155"
2026-09-29,jp,Japan,top_artists_weekly,,51,https://lh3.googleusercontent.com/_8m-Vx-ogbnIzaJ1i2bMFO4st3nHdTazTWqnS8A6rbCiSalAFKQ-hvMoiZQ6psPimxSq4R8ZC9vyUsw=w64-h64-p,,6 FRUITS ZIPPER,,"1月 1, 1970",3396583,"51 6 FRUITS ZIPPER 1月 1, 1970 45 195 3,396,583"
2026-09-29,jp,Japan,top_artists_weekly,,52,https://yt3.googleusercontent.com/b0ax28GgBEO8PaHOrZi0ANGfOk1geSb68048rw1As2UACUHczUYKkotWabwMAGoX2C8DL9MC9Flpgw=w64-h64-p,,4 aespa,,"1月 1, 1970",3379064,"52 4 aespa 1月 1, 1970 48 286 3,379,064"
2026-09-29,jp,Japan,top_artists_weekly,,53,https://yt3.googleusercontent.com/KFNsZgdH7VTdJOYTG_te-ZgXP6z-9kOG2zhGY6N33dQi4fJDcRHfyrh7Ii0tufk-zPZZMkyk11Uxj4E=w64-h64-p,,1 iLiFE!,,"1月 1, 1970",3287222,"53 1 iLiFE! 1月 1, 1970 52 127 3,287,222"
2026-09-29,jp,Japan,top_artists_weekly,,54,https://yt3.googleusercontent.com/7qkC_FSg8hpMRHz-8Kn_meRqVrxUSG3EQtC760hwqcNtYF8KIRcgOQmjm_NyiEpclJIuwHncdp2K04bI=w64-h64-p,,7 西野加奈,,"1月 1, 1970",3280433,"54 7 西野加奈 1月 1, 1970 61 437 3,280,433"
2026-09-29,jp,Japan,top_artists_weekly,,55,https://yt3.googleusercontent.com/3ur2xZzy95uPBvzBZUucsrjgJofjip-ANr4NYDsFpRTlumfohiXnZ-ytdZexDdn9w2O1xZjHMINwRA=w64-h64-p,,4 星街彗星,,"1月 1, 1970",3272614,"55 4 星街彗星 1月 1, 1970 51 276 3,272,614"
2026-09-29,jp,Japan,top_artists_weekly,,56,https://lh3.googleusercontent.com/YlR237gdsn9O8-NEfmS5v9qCGJaoI6NvRXjnvMQbpSQ1qGmV2Ynutl5x3ZDkL4sgzZBMKDis1Ds-Vvw=w64-h64-p,,● AKB48,,"1月 1, 1970",3269722,"56 ● AKB48 1月 1, 1970 56 523 3,269,722"
2026-09-29,jp,Japan,top_artists_weekly,,57,https://yt3.googleusercontent.com/4t6bhdMrQHyOHrpUbsAUWdROONRCqWacW3PGw5hxOsB23P3O9vSJH50n17HxNI1uYxJBIcvg0Yrjxvo=w64-h64-p,,5 櫻坂46,,"1月 1, 1970",3167110,"57 5 櫻坂46 1月 1, 1970 62 523 3,167,110"
2026-09-29,jp,Japan,top_artists_weekly,,58,https://lh3.googleusercontent.com/x-Z35q6HsBB98J85-4oNqPnOen4pZBaNCpHawzf_ejs-pkgh6Eh3D2Fu7S1T4gEj0yWZ0c6DOAHCpA=w64-h64-p,,2 Michael Jackson,,"1月 1, 1970",3099176,"58 2 Michael Jackson 1月 1, 1970 60 384 3,099,176"
2026-09-29,jp,Japan,top_artists_weekly,,59,https://yt3.googleusercontent.com/fevpBaJ3Tfkjzw8Q0QLsnD1IDK6Lejkr2O7BZxoh9641EG_yYJqP1vnqP--NFlj8BukTQ6W_LeToWMUz=w64-h64-p,,2 King & Prince,,"1月 1, 1970",3081115,"59 2 King & Prince 1月 1, 1970 57 304 3,081,115"
2026-09-29,jp,Japan,top_artists_weekly,,60,https://yt3.googleusercontent.com/YTCyWQ2nlM6JlDM3vLR62ewQzmkXwO_j_KmwDomdZUAr3YzoearLDpK91bWP1GF3c_ZFU_9cRiNx-44=w64-h64-p,,2 KomeAnime,,"1月 1, 1970",3054949,"60 2 KomeAnime 1月 1, 1970 58 13 3,054,949"
2026-09-29,jp,Japan,top_artists_weekly,,61,https://yt3.googleusercontent.com/CTlNJ4rc1kNOX16G5rnbepnffNLMedCX5OCq24D_n5OGKi9V856C3y5ip_UzPZnveSZOyf01cHTa5w=w64-h64-p,,2 乃木坂46,,"1月 1, 1970",3041961,"61 2 乃木坂46 1月 1, 1970 59 523 3,041,961"
2026-09-29,jp,Japan,top_artists_weekly,,62,https://yt3.googleusercontent.com/pcj4BEku53VN34jn-x7SMOGgY7C4P1fMLre0zA3TO5aVAqrOL1iQhPONYAkF4miKCEwq2quPD6GTj4vW=w64-h64-p,,14 GRe4N BOYZ,,"1月 1, 1970",3005568,"62 14 GRe4N BOYZ 1月 1, 1970 76 523 3,005,568"
2026-09-29,jp,Japan,top_artists_weekly,,63,https://lh3.googleusercontent.com/l8WAJMXpC_FWfdXJbpDjndpmC5ZqXLsp0LB3d944wPnmu8w2J0ULUb1yPg247cjuRbMFbt988I-_7g=w64-h64-p,,12 初音未來,,"1月 1, 1970",2973181,"63 12 初音未來 1月 1, 1970 75 336 2,973,181"
2026-09-29,jp,Japan,top_artists_weekly,,64,https://yt3.googleusercontent.com/53xvIkeclH6_7AQZMYC3xsFBz7guPDHpEkBHf9l9qlzfbei8fW3dAGgGvdVwipiP40KMQC3c_7tcTA=w64-h64-p,,1 MAZZEL,,"1月 1, 1970",2966141,"64 1 MAZZEL 1月 1, 1970 65 158 2,966,141"
2026-09-29,jp,Japan,top_artists_weekly,,65,https://yt3.googleusercontent.com/RpQnGyj-Lyfq0bjG-NCvfMcJM_RCqYBV4p2bnIeNjET2X8_AZgKlXe_4ETJaQZEIPFPCGUpxOIFIsVE=w64-h64-p,,Ryokuoushoku Shakai,,,,Ryokuoushoku Shakai
2026-09-29,jp,Japan,top_artists_weekly,,66,https://yt3.googleusercontent.com/ill5MAICDBPggPF9-y6tOLLLQ5D4H_xi5n6f7wQr6qu7y2UHhoaNFtnCEg2B6cO9lVADX430zwT_o9Y=w64-h64-p,,66 timelesz,,"1月 1, 1970",2915943,"66 66 timelesz 1月 1, 1970 - 294 2,915,943"
2026-09-29,jp,Japan,top_artists_weekly,,67,https://lh3.googleusercontent.com/ybI1ZK2Ia-Lvf-yi9Iptm2mOSHmPA3EBxnOBwvn6khU-ajjtXyk3jai_2w-DOXkkeeKfet0sS03pcQ=w64-h64-p,,3 IVE,,"1月 1, 1970",2894167,"67 3 IVE 1月 1, 1970 64 248 2,894,167"
2026-09-29,jp,Japan,top_artists_weekly,,68,https://yt3.googleusercontent.com/ODIjwyh4gwGRyyrDepBPEsSvt8OmITJJHywLBmPzyxXQBb9DS16XPAVu2xSQqAwsugT14XAUbl2rLBVa=w64-h64-p,,2 Eve,,"1月 1, 1970",2892631,"68 2 Eve 1月 1, 1970 66 476 2,892,631"
2026-09-29,jp,Japan,top_artists_weekly,,69,https://yt3.googleusercontent.com/gxs1BLiEytlVHICd4elMBetHw8upUQQMD-kji2H25vtsWkqunHDwIka_pCZE4tqLJEgQuCa7O4ACGKOB=w64-h64-p,,4 星野源 Gen Hoshino,,"1月 1, 1970",2841840,"69 4 星野源 Gen Hoshino 1月 1, 1970 73 523 2,841,840"
2026-09-29,jp,Japan,top_artists_weekly,,70,https://yt3.googleusercontent.com/TZeCl9q3Q_iWidkOPUGB8AMqXR3Xi4tDjJnZm7qRj_4laxrbPZJhbN-5nOvgsVFUYfS167Rw3BE=w64-h64-p,,9 HoneyWorks,,"1月 1, 1970",2824464,"70 9 HoneyWorks 1月 1, 1970 79 523 2,824,464"
2026-09-29,jp,Japan,top_artists_weekly,,71,https://lh3.googleusercontent.com/OzwMmm1531kSitAC-1Jsfq4I93ZYu9klXe72LjF9_utYGVceobX5HzT31cJVUCT0dauFc6GNW5xYDMM=w64-h64-p,,8 EXILE,,"1月 1, 1970",2810698,"71 8 EXILE 1月 1, 1970 63 523 2,810,698"
2026-09-29,jp,Japan,top_artists_weekly,,72,https://yt3.googleusercontent.com/1CD2qR5FS2_OA6lrXbKDJa0zTI5FHfhZIoOxWtujlgawuUQmtFyR3InDDbnscLHNmjMGLgSPBSJJSlo=w64-h64-p,,3 T.M.Revolution,,"1月 1, 1970",2808593,"72 3 T.M.Revolution 1月 1, 1970 69 346 2,808,593"
2026-09-29,jp,Japan,top_artists_weekly,,73,https://lh3.googleusercontent.com/oyyrgmsb8xOsXLT0dj8p_88BQUTHeDiKZzAvKBTLfMKDf4ZgdmwEF61UOEGandgRPAjBAfv5pJEjdBc=w64-h64-p,,11 Shota Shimizu,,"1月 1, 1970",2766371,"73 11 Shota Shimizu 1月 1, 1970 84 452 2,766,371"
2026-09-29,jp,Japan,top_artists_weekly,,74,https://lh3.googleusercontent.com/hnefGBrazRhn4Z92bdSZBUENl40ONjRiVDsmZKZh-WZ2iCKE-2c7KKR7SNcZfzLHoRyB3E6as8L87YA=w64-h64-p,,7 Bruno Mars,,"1月 1, 1970",2674541,"74 7 Bruno Mars 1月 1, 1970 81 520 2,674,541"
2026-09-29,jp,Japan,top_artists_weekly,,75,https://lh3.googleusercontent.com/4ULlRiFBFglNemZJyKn6_e2-iOIdJEbgBgq_79RQclndG6pge0yGgS2k2On6E1FkCJzenyHkHRzkvjFp=w64-h64-p,,2 Justin Bieber,,"1月 1, 1970",2671619,"75 2 Justin Bieber 1月 1, 1970 77 523 2,671,619"
2026-09-29,jp,Japan,top_artists_weekly,,76,https://yt3.googleusercontent.com/vi5BFueuX-B2e6Q-SZdnnh-8bJ6bvY8-dWkaDIR-c_h-6OZRblLP9Uxubli3Fu7FhAlGTzMup3Pw4gs=w64-h64-p,,5 Uru,,"1月 1, 1970",2670343,"76 5 Uru 1月 1, 1970 71 361 2,670,343"
2026-09-29,jp,Japan,top_artists_weekly,,77,https://lh3.googleusercontent.com/21uZt1vskh1jRS1A4CyaGDslIx_7KgsDKtun3hETbNc16DJTmMhMxnQrurDDSMRZ26eOdyFmiE3CFD4=w64-h64-p,,5 ONE N' ONLY,,"1月 1, 1970",2654079,"77 5 ONE N' ONLY 1月 1, 1970 72 24 2,654,079"
2026-09-29,jp,Japan,top_artists_weekly,,78,https://yt3.googleusercontent.com/vIq8oIOPHfoliwgy_oF6o14crQhlG_KVqU_uTZVUJhFWRLaippdlKc-7rzbJ1owYjGy1qNomra-FqQ=w64-h64-p,,11 Naniwa Danshi,,"1月 1, 1970",2648835,"78 11 Naniwa Danshi 1月 1, 1970 67 262 2,648,835"
2026-09-29,jp,Japan,top_artists_weekly,,79,https://yt3.googleusercontent.com/nLuOfVgPxGGwiTp6A5UpUsakRe8NQOhQwYdU97_Eefg3W8eQguyk7Wj4fBuAOGd0H1foD9q_HovUJGc=w64-h64-p,,79 Hey! Say! JUMP,,"1月 1, 1970",2638766,"79 79 Hey! Say! JUMP 1月 1, 1970 - 328 2,638,766"
2026-09-29,jp,Japan,top_artists_weekly,,80,https://yt3.googleusercontent.com/NDpIrqYyOEwNhYBXOYsye7cbAQPXugxvWaa93CG9bSdYUKgwDHGNyXzb6tdAowMKBB0CITXwwK-yUbVl=w64-h64-p,,5 Juice=Juice,,"1月 1, 1970",2610709,"80 5 Juice=Juice 1月 1, 1970 85 78 2,610,709"
2026-09-29,jp,Japan,top_artists_weekly,,81,https://yt3.googleusercontent.com/qAnTtRhCiEeRsjQrw8kQLV8KQS7afKzg7WP9gYqomVCWebovPRg8aXJeABTRWGfKjVrUFHm_zDEjjqo=w64-h64-p,,1 Novelbright,,"1月 1, 1970",2597404,"81 1 Novelbright 1月 1, 1970 82 306 2,597,404"
2026-09-29,jp,Japan,top_artists_weekly,,82,https://yt3.googleusercontent.com/y8QIWhB18u-AKspLmI1B_gKMe0Q3pADSH2rpBPEzurfLhe1hi12lW7yRnewK71JgAVaV0TBkny7GCg=w64-h64-p,,17 SUPER BEAVER,,"1月 1, 1970",2576907,"82 17 SUPER BEAVER 1月 1, 1970 99 296 2,576,907"
2026-09-29,jp,Japan,top_artists_weekly,,83,https://yt3.googleusercontent.com/tBmNVGh0Y77JFkBFNkkb6sGMLjFOhe-gUp1lWApLXgyW6k2cQGrnJgJGizcYnPOdSYe2KarDBt3I_UM=w64-h64-p,,10 GLAY,,"1月 1, 1970",2576076,"83 10 GLAY 1月 1, 1970 93 417 2,576,076"
2026-09-29,jp,Japan,top_artists_weekly,,84,https://yt3.googleusercontent.com/yVcNQW4uRZJZufIUes4rNRjgIXS-zhe36ScDaEVMf67FRoLdMO6qk1QfYB7sJRdNc1ncp9kGtqVti6I=w64-h64-p,,6 Aimer,,"1月 1, 1970",2574741,"84 6 Aimer 1月 1, 1970 78 508 2,574,741"
2026-09-29,jp,Japan,top_artists_weekly,,85,https://yt3.googleusercontent.com/jql1_3pYlqGA9W5vezxg9EeCmjOIDFeh4tjyWqS359ajMTZSyGeXIGxhdTmQ03D4pf4dCP7k-QP28Gc=w64-h64-p,,5 Sheena Ringo,,"1月 1, 1970",2564220,"85 5 Sheena Ringo 1月 1, 1970 80 523 2,564,220"
2026-09-29,jp,Japan,top_artists_weekly,,86,https://lh3.googleusercontent.com/2st0SodASJB-ffZuQwSTmbTHpBwm50ZyLGDOod1k7wFzRWwFY_LGkRzw-7_bu8ElMTaLhhru7riy1g=w64-h64-p,,1 Saucy Dog,,"1月 1, 1970",2504157,"86 1 Saucy Dog 1月 1, 1970 87 296 2,504,157"
2026-09-29,jp,Japan,top_artists_weekly,,87,https://lh3.googleusercontent.com/1i5hj1SxMPcWAoMVQ_uksXcGyTa_nAS0zgT6F2DblzT6m20ip-1F5vup5XVpnJTM91EtBjb16a-M_5A=w64-h64-p,,13 INI,,"1月 1, 1970",2485911,"87 13 INI 1月 1, 1970 74 260 2,485,911"
2026-09-29,jp,Japan,top_artists_weekly,,88,https://lh3.googleusercontent.com/ZxAd98gwuac5Wg5a40DvhY2yozgvgcZ1RfZpSukW_-CDyrjP6RkInQZvh0U7HfW3dYCJu-0whsqzsoqP=w64-h64-p,,● ZUTOMAYO,,"1月 1, 1970",2478841,"88 ● ZUTOMAYO 1月 1, 1970 88 415 2,478,841"
2026-09-29,jp,Japan,top_artists_weekly,,89,https://lh3.googleusercontent.com/cG4CpMaBPIokpAVifx2Zgnita1H5Ktkj-a1txUg7vqm61fY5SAmMgTNRf52E9x5eYdwNelRPG2Kx7io=w64-h64-p,,19 Hiroyuki Sawano,,"1月 1, 1970",2456434,"89 19 Hiroyuki Sawano 1月 1, 1970 70 108 2,456,434"
2026-09-29,jp,Japan,top_artists_weekly,,90,https://yt3.googleusercontent.com/2pzJVZ86FS_xM-AEtbuPTrvZWtA7ha0l4xzn7UQZGcGLxz6kXxofK5Tr5PSLnQeRExqQ7JEIgN-SfhPd=w64-h64-p,,4 ORANGE RANGE,,"1月 1, 1970",2391700,"90 4 ORANGE RANGE 1月 1, 1970 86 294 2,391,700"
2026-09-29,jp,Japan,top_artists_weekly,,91,https://lh3.googleusercontent.com/9k1ddRWjrcNRpAhN3NB0aPl2Qm-quRNbth3AjKnuWCNuDq2ysUhq-IZ5FNgtjXvAIK7ktcGw8epiUnA=w64-h64-p,,91 Ikimonogakari,,"1月 1, 1970",2390410,"91 91 Ikimonogakari 1月 1, 1970 - 380 2,390,410"
2026-09-29,jp,Japan,top_artists_weekly,,92,https://lh3.googleusercontent.com/Kgt8dACB22K0TQcz5FbCW0wppsrLWAq6-ZELNC4BbIDN8tVnXm9wtEmx8T9FZ4KVFGAZmAbOW4lxiQ=w64-h64-p,,● Ketsumeishi,,"1月 1, 1970",2385907,"92 ● Ketsumeishi 1月 1, 1970 92 519 2,385,907"
2026-09-29,jp,Japan,top_artists_weekly,,93,https://yt3.googleusercontent.com/K-LPPO85ngDVoz2xNSgQgyLS8zP58d1uDDi27WKawaSq-kR_NJtyS4YEu626otTdgt1DFenZoD2K5-M=w64-h64-p,,93 tuki.,,"1月 1, 1970",2361108,"93 93 tuki. 1月 1, 1970 - 155 2,361,108"
2026-09-29,jp,Japan,top_artists_weekly,,94,https://yt3.googleusercontent.com/JSr1fuJqoaRVL7_93SuqdZlVGZI0XjyNNIXEnZgkt7ZfWANDb6RF_B5A_Gusviz6h6yCJ24_62cuIKc=w64-h64-p,,94 樸彩英,,"1月 1, 1970",2352596,"94 94 朴彩英 1月 1, 1970 - 111 2,352,596"
2026-09-29,jp,Japan,top_artists_weekly,,95,https://yt3.googleusercontent.com/Uj4V-opsNdtVhGGBZBBOq14tBGuQ5dEGLs3tHoKqwXHPk_YDlR2iINd8QtcmHy8qxEivWg_Bkg=w64-h64-p,,● 中島みゆき,,"1月 1, 1970",2337210,"95 ● 中島みゆき 1月 1, 1970 95 374 2,337,210"
2026-09-29,jp,Japan,top_artists_weekly,,96,https://lh3.googleusercontent.com/3T40TJNQtp93bsk_WcAveCLLEKuBHLKoyYVuS9Z505pnQncW3RetNBz0Wdb2Yc_aloHuLYpdegVY2wg=w64-h64-p,,4 Rokudenashi,,"1月 1, 1970",2336765,"96 4 Rokudenashi 1月 1, 1970 100 245 2,336,765"
2026-09-29,jp,Japan,top_artists_weekly,,97,https://yt3.googleusercontent.com/FsA5VE9qOZcayC8My-2TkBqtD4T-6lTS_WhfzybZtI98OKOruBN0rU1ltrm8zr0Ryhkq7UzMoHaH994=w64-h64-p,,7 aiko,,"1月 1, 1970",2328857,"97 7 aiko 1月 1, 1970 90 350 2,328,857"
2026-09-29,jp,Japan,top_artists_weekly,,98,https://yt3.googleusercontent.com/14Fua70fuRG1Oa9QB5QrW4f7dUawONpCSMVCRejoFLLMwcPv6CcJx1Ih0bUGQJ--FWTlmallsAsX15c=w64-h64-p,,15 CANDY TUNE,,"1月 1, 1970",2325865,"98 15 CANDY TUNE 1月 1, 1970 83 96 2,325,865"
2026-09-29,jp,Japan,top_artists_weekly,,99,https://lh3.googleusercontent.com/95M4eaWtjjxSu5aS0BCk91t2DxQCoUcuhFp5ese4OMF3OqBibb3h9fYq1dHCWPsmXY3S4ZmlEZowtOo=w64-h64-p,,99 Iyowa,,"1月 1, 1970",2322747,"99 99 Iyowa 1月 1, 1970 - 243 2,322,747"
2026-09-29,jp,Japan,top_artists_weekly,,100,https://lh3.googleusercontent.com/S6gf-tLp8W8UOZUxja_WnV8ra1kJibpTdvtKrw7PzK2Imcz1Y6viOR5x58JqxkXDD-_P45fPZ906ozcm=w64-h64-p,,11 彩虹樂團,,"1月 1, 1970",2316453,"100 11 彩虹樂團 1月 1, 1970 89 335 2,316,453"
2026-09-29,kr,South Korea,top_artists_weekly,,1,https://yt3.googleusercontent.com/FZA-rWIvn9keS8iE50HqS4SIMpSRBkcht4r2Cp_gw1qndscJfo_X8qbcwEETVdlMLQoQWlkC6A=w64-h64-p,,1 RESCENE,,"1月 1, 1970",14652060,"1 1 RESCENE 1月 1, 1970 2 47 14,652,060"
2026-09-29,kr,South Korea,top_artists_weekly,,2,https://yt3.googleusercontent.com/Zp1AXiMpha0AGn66ACzmfEirLXXdRWE2EFyjz5ZV3MbPtXxQxquEJcWBIxWM_pqtgXeDZFbpq9clP9rh=w64-h64-p,,1 IU,,"1月 1, 1970",14238480,"2 1 IU 1月 1, 1970 1 523 14,238,480"
2026-09-29,kr,South Korea,top_artists_weekly,,3,https://yt3.googleusercontent.com/X4IlIyw4Yjpl2qio5QA-uxj5vIa_EVSg5dyibJrmKcPrj0BKFcKYhKUTyacNbHaGHxP_zVYB3jv-Cv0=w64-h64-p,,● BIGBANG,,"1月 1, 1970",11613117,"3 ● BIGBANG 1月 1, 1970 3 523 11,613,117"
2026-09-29,kr,South Korea,top_artists_weekly,,4,https://yt3.googleusercontent.com/b0ax28GgBEO8PaHOrZi0ANGfOk1geSb68048rw1As2UACUHczUYKkotWabwMAGoX2C8DL9MC9Flpgw=w64-h64-p,,1 aespa,,"1月 1, 1970",10176332,"4 1 aespa 1月 1, 1970 5 306 10,176,332"
2026-09-29,kr,South Korea,top_artists_weekly,,5,https://lh3.googleusercontent.com/QV3eiQ6OrS4on7zqtZH-zFE-EWedlR2cZ_SfVf11EuWLCnoMH2V0upKyo3nyjWUsxkKRlczvP0qbi5k=w64-h64-p,,1 任英雄,,"1月 1, 1970",8862250,"5 1 任英雄 1月 1, 1970 4 347 8,862,250"
2026-09-29,kr,South Korea,top_artists_weekly,,6,https://lh3.googleusercontent.com/tJDrURMn2saI3UzL-Vjm_HvjO2v-bwgOjxxvu64iLDcjwmIS3LPj0Mmr3spfnvakffODXwmARvizpHc=w64-h64-p,,● DAY6,,"1月 1, 1970",7076867,"6 ● DAY6 1月 1, 1970 6 364 7,076,867"
2026-09-29,kr,South Korea,top_artists_weekly,,7,https://yt3.googleusercontent.com/ryyhL0yAeRBVgysBgJmM1k6YS-48NVd96fkpkDz_2RMaGBIe7_DZi-85lhQubnBlCg8H5mlc552doQSE=w64-h64-p,,● 田小娟,,"1月 1, 1970",7004781,"7 ● 田小娟 1月 1, 1970 7 26 7,004,781"
2026-09-29,kr,South Korea,top_artists_weekly,,8,https://lh3.googleusercontent.com/8rsLpP6VJjt-yTN8ZG5rY-qt2aCC-IYMWmVkk7qa8c5vrjO6zetKSgwO2QknHI3FtWl6Zannp2VsQ5o=w64-h64-p,,1 防彈少年團,,"1月 1, 1970",6892813,"8 1 防彈少年團 1月 1, 1970 9 523 6,892,813"
2026-09-29,kr,South Korea,top_artists_weekly,,9,https://yt3.googleusercontent.com/ahanvzsO5q0DQGBI1WLXXyoXb-dqgX8tehQMLpd5-H2OSjYgeQPcUJoLT8Ol9iTvwOvW9oBcp4wpTlmF=w64-h64-p,,2 ATEEZ,,"1月 1, 1970",6673335,"9 2 ATEEZ 1月 1, 1970 11 194 6,673,335"
2026-09-29,kr,South Korea,top_artists_weekly,,10,https://yt3.googleusercontent.com/JSr1fuJqoaRVL7_93SuqdZlVGZI0XjyNNIXEnZgkt7ZfWANDb6RF_B5A_Gusviz6h6yCJ24_62cuIKc=w64-h64-p,,68 樸彩英,,"1月 1, 1970",6215811,"10 68 朴彩英 1月 1, 1970 78 164 6,215,811"
2026-09-29,kr,South Korea,top_artists_weekly,,11,https://yt3.googleusercontent.com/FDpwAfFsiJkf5kXfe6BwaNPprL8DbJKJlSWqrgNJwRI7Im9pi8o4ykZPKVaw6iPtA92HL7N2LIGGQHi-=w64-h64-p,,3 Hearts2Hearts,,"1月 1, 1970",6120032,"11 3 Hearts2Hearts 1月 1, 1970 8 83 6,120,032"
2026-09-29,kr,South Korea,top_artists_weekly,,12,https://yt3.googleusercontent.com/5GYeWpGUtgi8tPkwqV_Nnq9ZiE6PhSCoRSrfpK1CIdfZkndV5fLHZ-c2g9rAGfdQ6bV81Wvlc8UMjw=w64-h64-p,,3 ILLIT,,"1月 1, 1970",5884739,"12 3 ILLIT 1月 1, 1970 15 131 5,884,739"
2026-09-29,kr,South Korea,top_artists_weekly,,13,https://yt3.googleusercontent.com/ZRDHKHee7nFOnQsUBcpgWxVkcpC3eQJVkpd36L36hFkStsmWS9noVtyjnEoKiPSfUSU1NCXtb4pRDvW6=w64-h64-p,,1 BIG Naughty,,"1月 1, 1970",5881497,"13 1 BIG Naughty 1月 1, 1970 12 292 5,881,497"
2026-09-29,kr,South Korea,top_artists_weekly,,14,https://yt3.googleusercontent.com/rvoJpoc0bOs8cIpf3Lcf7zB8aPZpMbGtrTduAb2o7RI6ADokPbgR64iMA5P7dwu6LLDgg6HCz_hEww=w64-h64-p,,5 Kenshi Yonezu,,"1月 1, 1970",5818968,"14 5 Kenshi Yonezu 1月 1, 1970 19 435 5,818,968"
2026-09-29,kr,South Korea,top_artists_weekly,,15,https://yt3.googleusercontent.com/8YB2NaZiMvNlvdIEXdGSMfP-aTOHXAbdXy1hvZ_SVfXkTsKFy6YQlmnIk-aiDZ1ew7tNMhe3cPUow1g=w64-h64-p,,1 LE SSERAFIM,,"1月 1, 1970",5805878,"15 1 LE SSERAFIM 1月 1, 1970 14 229 5,805,878"
2026-09-29,kr,South Korea,top_artists_weekly,,16,https://yt3.googleusercontent.com/y84Odvyhm7srfLjYI4hqsC1QhD0lg_t4pINDQYo-Avqt5P4vSWdfoiVQAw9pyLRZM7xRbsukt_L4HSI=w64-h64-p,,3 조선힙합,,"1月 1, 1970",5658220,"16 3 조선힙합 1月 1, 1970 13 21 5,658,220"
2026-09-29,kr,South Korea,top_artists_weekly,,17,https://lh3.googleusercontent.com/ybI1ZK2Ia-Lvf-yi9Iptm2mOSHmPA3EBxnOBwvn6khU-ajjtXyk3jai_2w-DOXkkeeKfet0sS03pcQ=w64-h64-p,,● IVE,,"1月 1, 1970",5541802,"17 ● IVE 1月 1, 1970 17 249 5,541,802"
2026-09-29,kr,South Korea,top_artists_weekly,,18,https://lh3.googleusercontent.com/vlrd9k5iT95pwSogX1j_leI6PjzKb3MBFdBjXG7yRuTH8E1zXQiXxcAC3Tt3eLuh1v4Y8OdA41l3mQ=w64-h64-p,,2 TAEYEON,,"1月 1, 1970",5476107,"18 2 TAEYEON 1月 1, 1970 16 523 5,476,107"
2026-09-29,kr,South Korea,top_artists_weekly,,19,https://yt3.googleusercontent.com/TNnFci23QIBlM-ERYk2Cdq8NYGTisa5Lb1BdZ1FrWhyKITYn8WaBnmCzT6_BXnjbJOTRGLjlP170Q9A=w64-h64-p,,1 AKMU,,"1月 1, 1970",5387123,"19 1 AKMU 1月 1, 1970 18 523 5,387,123"
2026-09-29,kr,South Korea,top_artists_weekly,,20,https://lh3.googleusercontent.com/VAc3fPHGLP7MurNQcQotyZFFWrG45cDzmqVymK3asHOC4K17aQWdRhHq7DUD-B0Bv2LiXYqpL97RkBU=w64-h64-p,,19 에픽하이 Epik High,,"1月 1, 1970",5371094,"20 19 에픽하이 Epik High 1月 1, 1970 39 435 5,371,094"
2026-09-29,kr,South Korea,top_artists_weekly,,21,https://yt3.googleusercontent.com/vvorNXsPToMlGPfVGHCqSweVlocpaXz1A7RuPvH9VsjYBkNY7KiUoxHIY70-h83cxgNaebx1jK2hTw=w64-h64-p,,● HANRORO,,"1月 1, 1970",5281716,"21 ● HANRORO 1月 1, 1970 21 88 5,281,716"
2026-09-29,kr,South Korea,top_artists_weekly,,22,https://lh3.googleusercontent.com/tR8TIRW1vKuRvCe1NhJCRuqcRIkkn5rsO4-5Zbu3YCMlGI9WxcwkIihkyG5iEST_g6kU3_CAKe_AtX7g=w64-h64-p,,● 成始璄,,"1月 1, 1970",5234575,"22 ● 成始璄 1月 1, 1970 22 428 5,234,575"
2026-09-29,kr,South Korea,top_artists_weekly,,23,https://yt3.googleusercontent.com/TGQyWO18oirRGnXs_ZK9yJPjEGytrNRjh_zOyKM82o0Q2OJu7pThQrISdEpCyYFhcwtb9SySOw_AS80P=w64-h64-p,,● 최유리,,"1月 1, 1970",5172660,"23 ● 최유리 1月 1, 1970 23 211 5,172,660"
2026-09-29,kr,South Korea,top_artists_weekly,,24,https://yt3.googleusercontent.com/JGuyhWDGT1TMJOTXUKCbFZo6ZRHqxXyvTmUXnMVfVx36fhTLM_SLHOn7a2y1mgX_E9ep2dQlepGWgKEE=w64-h64-p,,4 NewJeans,,"1月 1, 1970",5100705,"24 4 NewJeans 1月 1, 1970 20 218 5,100,705"
2026-09-29,kr,South Korea,top_artists_weekly,,25,https://yt3.googleusercontent.com/uOWGS551z_yJOQXy0TwLufmGfI3ZElTjah_GNAP5cKQJrYDMzMGcu6qjy7_LWTj0-Uw3RXnKxFvADRw=w64-h64-p,,1 Roy Kim,,"1月 1, 1970",4960146,"25 1 Roy Kim 1月 1, 1970 26 400 4,960,146"
2026-09-29,kr,South Korea,top_artists_weekly,,26,https://lh3.googleusercontent.com/0Q1iP7daiaFHnZLaDYg0JcjBB2zhkGwpLQCTg896kquelzl0JheKtumb3a78cv137dVnjlXnmS7Vbi8=w64-h64-p,,1 Davichi,,"1月 1, 1970",4923570,"26 1 Davichi 1月 1, 1970 25 523 4,923,570"
2026-09-29,kr,South Korea,top_artists_weekly,,27,https://yt3.googleusercontent.com/q87XpcSMiepzSRJ2qmnj0UTGl3oawEn8R5k_TIeEwaMF_7EDV6qp2V-y42RXWROKjAWurmZmBj5xy_s=w64-h64-p,,38 Vaundy,,"1月 1, 1970",4726657,"27 38 Vaundy 1月 1, 1970 65 209 4,726,657"
2026-09-29,kr,South Korea,top_artists_weekly,,28,https://yt3.googleusercontent.com/SgUTzppQKrt5yd9GvEpht10nYItnoc4lK9Dkey7RTiv7Mwn6GyPws2XAMZBKCoGFts61E8qWspw04Tc=w64-h64-p,,1 볼빨간사춘기,,"1月 1, 1970",4712330,"28 1 볼빨간사춘기 1月 1, 1970 27 523 4,712,330"
2026-09-29,kr,South Korea,top_artists_weekly,,29,https://lh3.googleusercontent.com/QF5_9GNj1eOdWzO2V9b26JhoLwNDG0PwOlbOdHlcyUHUAoSjRBrzHxodlLj6O-cj6mKLYN6tjRfZ6A=w64-h64-p,,1 G,DRAGON,"1月 1, 1970",4648079,"29 1 G-DRAGON 1月 1, 1970 28 476 4,648,079"
2026-09-29,kr,South Korea,top_artists_weekly,,30,https://yt3.googleusercontent.com/odS1Noa7WakAy6iYIsLBWc3JKCiopzbkiVEMG5Ynfo_Nu20RpVmK0L7A-cdwauzsoFvn-IMACMXE6kU=w64-h64-p,,1 PSY,,"1月 1, 1970",4570316,"30 1 PSY 1月 1, 1970 31 523 4,570,316"
2026-09-29,kr,South Korea,top_artists_weekly,,31,https://yt3.googleusercontent.com/2IbO6drTOO1y5I4tDPqS5nafZmV0Z54g0YxU32RnLjc0vvYlzH1-c522X0c784WaR9hs9YIDr9yhHKfT=w64-h64-p,,4 CORTIS,,"1月 1, 1970",4553689,"31 4 CORTIS 1月 1, 1970 35 55 4,553,689"
2026-09-29,kr,South Korea,top_artists_weekly,,32,https://yt3.googleusercontent.com/gOtWZJ504zwOC83L17I1dRTaL0BnAZg0gVS476htpgJhJ4_jgxxpPxQ6qONAQp4H6nd2I9HeXVq0soo=w64-h64-p,,22 D.O.,,"1月 1, 1970",4522126,"32 22 D.O. 1月 1, 1970 10 151 4,522,126"
2026-09-29,kr,South Korea,top_artists_weekly,,33,https://yt3.googleusercontent.com/UnsHngiNb3J-iA03FWeKPwGm9RIWGioDzD7HRWkQHTLu8uU6ukDHpUhJgC0YoxWT9teZi5Gg8iu3vg=w64-h64-p,,13 MEOMURU,,"1月 1, 1970",4486182,"33 13 MEOMURU 1月 1, 1970 46 6 4,486,182"
2026-09-29,kr,South Korea,top_artists_weekly,,34,https://yt3.googleusercontent.com/0dL9FuQBubtYMwvWl_9iwpQajGiePSSzyLiSAeiZWQ7424Apiw_5AVgA79wASJSDH1BUzPQb6_UNsAue=w64-h64-p,,5 M.C the MAX,,"1月 1, 1970",4439227,"34 5 M.C the MAX 1月 1, 1970 29 523 4,439,227"
2026-09-29,kr,South Korea,top_artists_weekly,,35,https://yt3.googleusercontent.com/0-1WYYEgttg0Sv1Hfn-WBta2R-PKeABFMmWnW13OXMyYoaaAJ8TXEB0bI4xKbIrz472cBaoXEwwBN1E=w64-h64-p,,Girls' Generation,,,,Girls' Generation
2026-09-29,kr,South Korea,top_artists_weekly,,36,https://yt3.ggpht.com/ytc/AIdro_mdUqminP1Y1IUB-D17KRzsGK-AAfkggI9Z0qIX8pEwyQ=w64-h64-p,,1 MC MONG,,"1月 1, 1970",4366420,"36 1 MC MONG 1月 1, 1970 37 376 4,366,420"
2026-09-29,kr,South Korea,top_artists_weekly,,37,https://yt3.googleusercontent.com/os2FMvkCsKKDjxdPVkFLJaJvm5hs4r5ABlsjFZf6hwPDTP-_0EMzTLbmaOkLViojBx0yyFgSPLinhkg=w64-h64-p,,39 QWER,,"1月 1, 1970",4234058,"37 39 QWER 1月 1, 1970 76 152 4,234,058"
2026-09-29,kr,South Korea,top_artists_weekly,,38,https://lh3.googleusercontent.com/6L45TOHkd3atN2cHw6zfyuPRWEClbKkR0L-RumlLhaS76YUpzazwplH702erWbSm_4XG4LbpabT2LQ=w64-h64-p,,39 李昌燮,,"1月 1, 1970",4128514,"38 39 李昌燮 1月 1, 1970 77 158 4,128,514"
2026-09-29,kr,South Korea,top_artists_weekly,,39,https://yt3.googleusercontent.com/tiRbL3TcPpr8k8sCMXvY23O3cP4cuAtOWWKW1RDzgrve49YAsGrfiKcLjmQQueG1RQroVLXxfb_vHgSA=w64-h64-p,,9 KiiiKiii,,"1月 1, 1970",4103907,"39 9 KiiiKiii 1月 1, 1970 30 77 4,103,907"
2026-09-29,kr,South Korea,top_artists_weekly,,40,https://lh3.googleusercontent.com/wDx5-7NMG4rQSD8j5MEBcUnZmYvCxbs1cA7CnsW32Ljegc9f0WnSo-jD_6I1FSCU0RPBf47xGdyiXIU=w64-h64-p,,4 Leellamarz,,"1月 1, 1970",4064345,"40 4 Leellamarz 1月 1, 1970 36 378 4,064,345"
2026-09-29,kr,South Korea,top_artists_weekly,,41,https://lh3.googleusercontent.com/pvJ1n3OBNXcz80KquAr-BY3ZRpp4Vfv8IHBk1SHBkJPF6eGhYJqaO3H5meVIQwb-BTOv0VsckNtPow=w64-h64-p,,7 BLACKPINK,,"1月 1, 1970",4044111,"41 7 BLACKPINK 1月 1, 1970 34 523 4,044,111"
2026-09-29,kr,South Korea,top_artists_weekly,,42,https://yt3.googleusercontent.com/5ZgLGLcyMcxpukInl4_-ipWzakXUE-vFQyMfTYA-X9iJ4k3GpYG_9hyozUo1jOjPVgcVQfyfIuyI9A=w64-h64-p,,9 fromis_9,,"1月 1, 1970",4026383,"42 9 fromis_9 1月 1, 1970 33 325 4,026,383"
2026-09-29,kr,South Korea,top_artists_weekly,,43,https://lh3.googleusercontent.com/4ULlRiFBFglNemZJyKn6_e2-iOIdJEbgBgq_79RQclndG6pge0yGgS2k2On6E1FkCJzenyHkHRzkvjFp=w64-h64-p,,5 Justin Bieber,,"1月 1, 1970",3830065,"43 5 Justin Bieber 1月 1, 1970 38 475 3,830,065"
2026-09-29,kr,South Korea,top_artists_weekly,,44,https://lh3.googleusercontent.com/BKgJ2Qcko6lgLsnvB-URUnK2bgQ682OoJd7Dpa0829XrmIC40zfsFm74vNdmyaMBx8xUt-MHFwDIUUC9=w64-h64-p,,12 Jennie,,"1月 1, 1970",3813814,"44 12 Jennie 1月 1, 1970 32 202 3,813,814"
2026-09-29,kr,South Korea,top_artists_weekly,,45,https://lh3.googleusercontent.com/hnefGBrazRhn4Z92bdSZBUENl40ONjRiVDsmZKZh-WZ2iCKE-2c7KKR7SNcZfzLHoRyB3E6as8L87YA=w64-h64-p,,5 Bruno Mars,,"1月 1, 1970",3677196,"45 5 Bruno Mars 1月 1, 1970 40 494 3,677,196"
2026-09-29,kr,South Korea,top_artists_weekly,,46,https://lh3.googleusercontent.com/AEO71FV1VZcoldVni1KJu6EH5mDis7vhqIC85FHJhAIkHeXJU_ZDUzmvW_4kCOLnLjGRpwqCRL8BOtg=w64-h64-p,,"5 Car, the garden",,"1月 1, 1970",3613906,"46 5 Car, the garden 1月 1, 1970 41 297 3,613,906"
2026-09-29,kr,South Korea,top_artists_weekly,,47,https://yt3.googleusercontent.com/xnSfx4u7jPLYakQpgcxduZyIiNEHgMgQDijA1hkYsorkD54rjLJS_jcnHHjypRK4rwxaAfZ_kO9bpZw=w64-h64-p,,1 NMIXX,,"1月 1, 1970",3594600,"47 1 NMIXX 1月 1, 1970 48 240 3,594,600"
2026-09-29,kr,South Korea,top_artists_weekly,,48,https://yt3.googleusercontent.com/yUNsawVxcmhpm8rvZ-ALjXzgWVcpcKzlsNy8im2GcV5WgYzb1SmL9fd0Yx5tJmQc4bxl5CQzg5vk3g=w64-h64-p,,The Black Skirts,,,,The Black Skirts
2026-09-29,kr,South Korea,top_artists_weekly,,49,https://lh3.googleusercontent.com/liO8Xten5F4JnAV-nlPIoQ-i9kEBDftfy1glTb9VOGbnU-aTkq3Lm7f60d0dJUPafVONnKjUePN9MlSi=w64-h64-p,,6 Huh Gak,,"1月 1, 1970",3324770,"49 6 Huh Gak 1月 1, 1970 43 421 3,324,770"
2026-09-29,kr,South Korea,top_artists_weekly,,50,https://yt3.googleusercontent.com/smNHVIyENqUJFQZsl3kExsAdLNCECAn-hm8htXDNM44hIqJscoZrAPn7Xba0pC7-_uRf9aDvXtKTslnw=w64-h64-p,,3 이무진,,"1月 1, 1970",3284032,"50 3 이무진 1月 1, 1970 47 280 3,284,032"
2026-09-29,kr,South Korea,top_artists_weekly,,51,https://lh3.googleusercontent.com/BQSdbipvaIB-nrez2UErTO2VsDN5yt5FZpj21RsuwT_GqsKNtbF9SkIkcyrgdWwXXxUT2F4AlUPit6Iu=w64-h64-p,,1 JANNABI,,"1月 1, 1970",3272704,"51 1 JANNABI 1月 1, 1970 52 392 3,272,704"
2026-09-29,kr,South Korea,top_artists_weekly,,52,https://yt3.googleusercontent.com/ufS1qifPTVxSR1_xBz6F75iymu07Qdgplp0Qp3uJBWZuSrpgP6GWFkog-99E8bvH6o5xAmnzzNENskFZ=w64-h64-p,,3 YORUSHIKA,,"1月 1, 1970",3259256,"52 3 YORUSHIKA 1月 1, 1970 55 338 3,259,256"
2026-09-29,kr,South Korea,top_artists_weekly,,53,https://yt3.googleusercontent.com/beJAMRm4Fei9DIYc0_Fnyg8zTRHf122p5xmKRd18Bsl0B_usth9jw31aW0JVtdJbmM6nfCgv64nvs9Y=w64-h64-p,,8 Official髭男dism,,"1月 1, 1970",3218833,"53 8 Official髭男dism 1月 1, 1970 45 294 3,218,833"
2026-09-29,kr,South Korea,top_artists_weekly,,54,https://lh3.googleusercontent.com/DwgTrAJOIrJ87SSPLTixftV_xG4ZXgerAxxX9-ipiJV9nNg7ySVq00Tebt7_cJt_1ThdeHddsi3j8w=w64-h64-p,,4 高潤荷,,"1月 1, 1970",3173477,"54 4 高潤荷 1月 1, 1970 50 345 3,173,477"
2026-09-29,kr,South Korea,top_artists_weekly,,55,https://lh3.googleusercontent.com/7h053aPNRHHjjer6SV22QM96AJjY6ckPXFz_UzGUIZEHl7jYIPcxfvirmN2KJDwCfG0XQS37-JJq-Lc=w64-h64-p,,6 N.Flying,,"1月 1, 1970",3155275,"55 6 N.Flying 1月 1, 1970 49 345 3,155,275"
2026-09-29,kr,South Korea,top_artists_weekly,,56,https://lh3.googleusercontent.com/k7Z1-TzVQJdEsRpgXDwbniROArZXFtVNeOKWxq2of-uOw72kLlbZxrwmcdpaJ-qVQrS5Nq61F3RCUw=w64-h64-p,,14 back number,,"1月 1, 1970",3140530,"56 14 back number 1月 1, 1970 42 58 3,140,530"
2026-09-29,kr,South Korea,top_artists_weekly,,57,https://yt3.googleusercontent.com/HhewRwaNXMj-O1EAQNnVXER1TeEc464OcpKh1gBwz4g056ikEqvvLQkRVIfm8UcXJZXO66IhNr2qGNA=w64-h64-p,,Mrs. GREEN APPLE,,,,Mrs. GREEN APPLE
2026-09-29,kr,South Korea,top_artists_weekly,,58,https://yt3.googleusercontent.com/cLyvgxM4YQ28cQfQAxgBfxYmHey7CfZZ2KyPv15GhTxVIsE09YTwVlDOxQdJE_FEruFveuOI4lUcjA=w64-h64-p,,12 HWASA,,"1月 1, 1970",2954774,"58 12 HWASA 1月 1, 1970 70 249 2,954,774"
2026-09-29,kr,South Korea,top_artists_weekly,,59,https://yt3.googleusercontent.com/qRYmWa5dzOlRoD8_uHIhsrAmwk8N9QiO7S_Rg3H4YyemB3oN3661_3en_7q9eJ8gvuoZAR9v0iFX8HW1=w64-h64-p,,3 BABYMONSTER,,"1月 1, 1970",2948460,"59 3 BABYMONSTER 1月 1, 1970 56 150 2,948,460"
2026-09-29,kr,South Korea,top_artists_weekly,,60,https://yt3.googleusercontent.com/45VWuXrGRczeqEX2jDY055PxFqyv26WYM4gnQa2gKPoTdzv6MHjbYICAotwBslFJ5ymEA3Bu6zGiA1M=w64-h64-p,,3 YANGHONGWON,,"1月 1, 1970",2881852,"60 3 YANGHONGWON 1月 1, 1970 57 426 2,881,852"
2026-09-29,kr,South Korea,top_artists_weekly,,61,https://lh3.googleusercontent.com/RMmBWRZHMmmqdcqaXRT7-5LfS_JY1qTw_a54TxhFC2b1mWmAPqq1hTHYYtO23YoXqu6l-StTyaEbR1Vi=w64-h64-p,,1 WOODZ,,"1月 1, 1970",2859941,"61 1 WOODZ 1月 1, 1970 60 164 2,859,941"
2026-09-29,kr,South Korea,top_artists_weekly,,62,https://yt3.googleusercontent.com/22FOVr8D5Kq9y2l2sUDKW5X5s0W_axG7_sDhQVzxDGEXBMNjhwzvhs10BI3UoA1focajEeTPqZ2jNW9D=w64-h64-p,,11 Stray Kids,,"1月 1, 1970",2837336,"62 11 Stray Kids 1月 1, 1970 51 303 2,837,336"
2026-09-29,kr,South Korea,top_artists_weekly,,63,https://yt3.googleusercontent.com/kpqGubLM6PZ27VMIkDsYsOQ7jD-RtW9Fiaom6WM-9Klww17WQOfxBVPhLV289HvXskXDwgJi30biO2g=w64-h64-p,,5 Monday Kiz,,"1月 1, 1970",2825841,"63 5 Monday Kiz 1月 1, 1970 58 384 2,825,841"
2026-09-29,kr,South Korea,top_artists_weekly,,64,https://lh3.googleusercontent.com/lWalclWLirqnwIhMIMFP4j2E2TDZsDDD_McBXQiIvryxfhTWzHhlCR07QEaDzvZHXlLT07i2VCYh6aU=w64-h64-p,,5 TWICE,,"1月 1, 1970",2818460,"64 5 TWICE 1月 1, 1970 59 523 2,818,460"
2026-09-29,kr,South Korea,top_artists_weekly,,65,https://yt3.googleusercontent.com/Z5sqVB4KSb_1F-MFVBUQ4Y153k-XVNeUmX-DHMhbVctrx4vKM8jZ7SLTsz8Yv1mMODcj6D3I_0qG6j5V=w64-h64-p,,12 Red Velvet,,"1月 1, 1970",2785034,"65 12 Red Velvet 1月 1, 1970 53 523 2,785,034"
2026-09-29,kr,South Korea,top_artists_weekly,,66,https://lh3.googleusercontent.com/9fiAS65PN6QanYAMlaRCuI5F7HjnwBBtZ6l0wIyhojdOarL0s6TK8as3ChwjTIFKjB5BQRr0YLSFcs4=w64-h64-p,,5 SEVENTEEN,,"1月 1, 1970",2777655,"66 5 SEVENTEEN 1月 1, 1970 61 523 2,777,655"
2026-09-29,kr,South Korea,top_artists_weekly,,67,https://lh3.googleusercontent.com/r1qNPc3rpDMU_KwqNsu_weCr60qJRcb4_udJaJYATDNG2MkxzjRj4CES1b3AIygky-SIjBsBmhMHyOk=w64-h64-p,,67 ALLDAY PROJECT,,"1月 1, 1970",2751752,"67 67 ALLDAY PROJECT 1月 1, 1970 - 67 2,751,752"
2026-09-29,kr,South Korea,top_artists_weekly,,68,https://lh3.googleusercontent.com/U-SAmNOu4TynE818gLCfKsuHZ0U5YNEtO9mrjSI9WCCKERs98LzrCal5kajBBTQNwdcisoB2Bn-pHp4=w64-h64-p,,4 The Weeknd,,"1月 1, 1970",2740439,"68 4 The Weeknd 1月 1, 1970 64 379 2,740,439"
2026-09-29,kr,South Korea,top_artists_weekly,,69,https://lh3.googleusercontent.com/qrdSZHnxPWK_NUgffpW7suaA9u4SFmt9-5wJFEQMckEfovLoIG36q6-yjNY9QbqWZGDOzVd5Fcy-Qg=w64-h64-p,,6 ASH ISLAND,,"1月 1, 1970",2724434,"69 6 ASH ISLAND 1月 1, 1970 63 377 2,724,434"
2026-09-29,kr,South Korea,top_artists_weekly,,70,https://lh3.googleusercontent.com/5i_H4S_ZAw1A1qVNwXt6Gkl7mHoYe5AJi3gmZk2jeU9h92wTQeYtSrYA7TP_yAZjWf9Hg5y1hDsahfw=w64-h64-p,,2 Changmo,,"1月 1, 1970",2665380,"70 2 Changmo 1月 1, 1970 68 484 2,665,380"
2026-09-29,kr,South Korea,top_artists_weekly,,71,https://lh3.googleusercontent.com/KMGExuOMfcfWt1zjU6gwYEM_YdDF_eFw0ZrTyMLRUaD_m-MQ-cYvOD5fHsLDKeSU3G1KrDWwDqWqDQ=w64-h64-p,,2 T,ara,"1月 1, 1970",2637849,"71 2 T-ara 1月 1, 1970 69 68 2,637,849"
2026-09-29,kr,South Korea,top_artists_weekly,,72,https://yt3.googleusercontent.com/WqU2rnUBkvpQfwqoV_5LHk3s25BpGZEnQ1c55cUdh7Dg3lXLcUT7RIhWCKqIHnM8yUa8bZsAfgD0JA=w64-h64-p,,5 10CM,,"1月 1, 1970",2609120,"72 5 10CM 1月 1, 1970 67 113 2,609,120"
2026-09-29,kr,South Korea,top_artists_weekly,,73,https://lh3.googleusercontent.com/7jtoYQ7CnV54IsLiKfp_of67XVPM459l6bHhZxUjNhaHyY1SvH4Hk_Fx5AlT5UOAeQXCrdZ13-Ofog=w64-h64-p,,11 Heize,,"1月 1, 1970",2602246,"73 11 Heize 1月 1, 1970 62 521 2,602,246"
2026-09-29,kr,South Korea,top_artists_weekly,,74,https://lh3.googleusercontent.com/WWqbec4-LeFuLEkcOb0w4ApPgzW48pnIvPzsC2m96fHhV_M-UCPGmlFPUvq6fEVyTfzd9fLfqrPZniw=w64-h64-p,,8 Crush,,"1月 1, 1970",2581164,"74 8 Crush 1月 1, 1970 66 496 2,581,164"
2026-09-29,kr,South Korea,top_artists_weekly,,75,https://lh3.googleusercontent.com/j-EHja6RVaZb09V_6W-T_wNg2FweDAC-Tau25rGIRetUOYEakNPOk-hiKZZglG_EvnHcj7sYVZnhCUg=w64-h64-p,,3 TOIL,,"1月 1, 1970",2507449,"75 3 TOIL 1月 1, 1970 72 294 2,507,449"
2026-09-29,kr,South Korea,top_artists_weekly,,76,https://lh3.googleusercontent.com/CQsRy1zh3g9OO8FKdo-6eywznYfzuabV5rWmRpcY9tLphiCDsMzcTMSB_SlhqKGhno0b1MlQ0TxU-VUv=w64-h64-p,,10 YENA,,"1月 1, 1970",2459790,"76 10 YENA 1月 1, 1970 86 233 2,459,790"
2026-09-29,kr,South Korea,top_artists_weekly,,77,https://lh3.googleusercontent.com/sWTAXhCq8-ssAt4dphR6i2BYzW-7yQKF7XYNpnB23nw0rScB8QT8W9OoREdXTTbp8czYq6MYkSq9aw=w64-h64-p,,3 Sik,K,"1月 1, 1970",2458768,"77 3 Sik-K 1月 1, 1970 74 437 2,458,768"
2026-09-29,kr,South Korea,top_artists_weekly,,78,https://yt3.googleusercontent.com/6tVLgr3lqZDwLEUDTy4X59k33CGTs8Dx512bz9baY88mnIhzU_QJHi-_41RFd-g4ndW7U0vsYrM=w64-h64-p,,1 Han Yo,han,"1月 1, 1970",2434834,"78 1 Han Yo-han 1月 1, 1970 79 369 2,434,834"
2026-09-29,kr,South Korea,top_artists_weekly,,79,https://yt3.googleusercontent.com/yQEnxvM41_e6vclplYF_VLMgIIc4lOZswU91Z3YojW8WkgKgusjn3vBYAqAYP9rtZQqNY1DF=w64-h64-p,,14 李承哲,,"1月 1, 1970",2419744,"79 14 李承哲 1月 1, 1970 93 356 2,419,744"
2026-09-29,kr,South Korea,top_artists_weekly,,80,https://yt3.googleusercontent.com/VPV1POL4L7asBOh7eawrA59Y3Vk9ksIWUHtoQij9iVl0_ZEDdG1y1Mb8ejYKyZ2txGIQIXg7GbrPWhiM=w64-h64-p,,7 白藝潾,,"1月 1, 1970",2402243,"80 7 白藝潾 1月 1, 1970 73 394 2,402,243"
2026-09-29,kr,South Korea,top_artists_weekly,,81,https://yt3.googleusercontent.com/DU6Kpr5TYKcW6QHvMnsJau5_8QSuix8LCLtf5UEaziZZdXw8SxvcxJ9YWmVIQuzhg2R-MVHYgjdGCQ=w64-h64-p,,10 Ariana Grande,,"1月 1, 1970",2394704,"81 10 Ariana Grande 1月 1, 1970 71 523 2,394,704"
2026-09-29,kr,South Korea,top_artists_weekly,,82,https://yt3.googleusercontent.com/yFyXnT-mFmZ9VSn7ntUFF6A1-vcYblcwvLd3QghQkwjroWeHdY31z4KkM4to186YkWo-VlfSHt2YwfE=w64-h64-p,,5 (G)I,DLE,"1月 1, 1970",2384010,"82 5 (G)I-DLE 1月 1, 1970 87 430 2,384,010"
2026-09-29,kr,South Korea,top_artists_weekly,,83,https://yt3.googleusercontent.com/K-LPPO85ngDVoz2xNSgQgyLS8zP58d1uDDi27WKawaSq-kR_NJtyS4YEu626otTdgt1DFenZoD2K5-M=w64-h64-p,,1 tuki.,,"1月 1, 1970",2374445,"83 1 tuki. 1月 1, 1970 84 134 2,374,445"
2026-09-29,kr,South Korea,top_artists_weekly,,84,https://lh3.googleusercontent.com/0ZBalI1OPBiwKtefEKf75A-gVEAF_5RDWAj-2pXpvegsj40hAPfmZVAFpoS7EDyTsV2sy63vQiMfSg=w64-h64-p,,9 YOUNGTAK,,"1月 1, 1970",2359331,"84 9 YOUNGTAK 1月 1, 1970 75 335 2,359,331"
2026-09-29,kr,South Korea,top_artists_weekly,,85,https://lh3.googleusercontent.com/-CFWwF91btscuVDK1ioTfVPP-nbH8nPLCsBTWfVqHfDAh06g-nLoDBeDMXibabwE9PhfNVociSfsohQ=w64-h64-p,,4 pH,,"1月 1, 1970",2350614,"85 4 pH-1 1月 1, 1970 89 411 2,350,614"
2026-09-29,kr,South Korea,top_artists_weekly,,86,https://yt3.googleusercontent.com/-g9eDbB5nqaQqDIJ92Bu0MWoABmndP0DiJ9IuUUPn4kwWLTxW5P9xtVicUfxZvm88KJyK4AfqdM14Q=w64-h64-p,,4 BOYNEXTDOOR,,"1月 1, 1970",2345112,"86 4 BOYNEXTDOOR 1月 1, 1970 82 143 2,345,112"
2026-09-29,kr,South Korea,top_artists_weekly,,87,https://yt3.googleusercontent.com/ZnLM500kaCt9lNqlzi7Xp0o5sJFedvJTJJ-hhDIOkeF9di3jkwK0iF-CpI5byxgramcGAkRP9Dg38Q=w64-h64-p,,2 EXO,,"1月 1, 1970",2272362,"87 2 EXO 1月 1, 1970 85 523 2,272,362"
2026-09-29,kr,South Korea,top_artists_weekly,,88,https://lh3.googleusercontent.com/_c5R003C-K9x_bN2kWtz1ES_ZMyrUUFaW0wTRnaVn89DnwDWALCzZTgH_Hc6fU-kn16I3qE91AC35A8=w64-h64-p,,3 Buzz,,"1月 1, 1970",2269851,"88 3 Buzz 1月 1, 1970 91 430 2,269,851"
2026-09-29,kr,South Korea,top_artists_weekly,,89,https://lh3.googleusercontent.com/Oevxr3r3bwNMAmBhiXFEeIZOME22NWg36Hp3m886ya_qtvbnkHaQ57mm89vHzsI1jBn4LKM0EewFj2oz=w64-h64-p,,1 Dynamicduo,,"1月 1, 1970",2261079,"89 1 Dynamicduo 1月 1, 1970 88 352 2,261,079"
2026-09-29,kr,South Korea,top_artists_weekly,,90,https://yt3.googleusercontent.com/OACRW0WLfJ3wTcnbh8912dg5iLMzROD_CpqgvPqn3_cfnKRfdxc_aN4ERkWFZtswHPPghRlcH5XwbksQ=w64-h64-p,,10 ITZY,,"1月 1, 1970",2254142,"90 10 ITZY 1月 1, 1970 80 398 2,254,142"
2026-09-29,kr,South Korea,top_artists_weekly,,91,https://yt3.googleusercontent.com/8BbiNyyI7TOxlf0x0R-4JZB8x7cw-ML-yOjF8QW8rHSrViZacf-AqD-eqg2ccvbYr5C9URAa_vTJI3k=w64-h64-p,,1 YOASOBI,,"1月 1, 1970",2244275,"91 1 YOASOBI 1月 1, 1970 90 294 2,244,275"
2026-09-29,kr,South Korea,top_artists_weekly,,92,https://yt3.googleusercontent.com/ijXhjgnUOjjiFbZTF_MQ8lbny1fEtiiAJAb31AntlyOYAHB9nMisfEk2X5uvF0F_lSrGztbCxt1sDrVfdg=w64-h64-p,,92 Leessang,,"1月 1, 1970",2241824,"92 92 Leessang 1月 1, 1970 - 309 2,241,824"
2026-09-29,kr,South Korea,top_artists_weekly,,93,https://yt3.googleusercontent.com/eE4NdQKYk3IWpJVDjIR22kIoP45S8z_sl_QXLdZr850GojWzTc6ue3uWmHZ-YI4vEMzX_PDzbprVcA=w64-h64-p,,4 I.O.I,,"1月 1, 1970",2195640,"93 4 I.O.I 1月 1, 1970 97 140 2,195,640"
2026-09-29,kr,South Korea,top_artists_weekly,,94,https://lh3.googleusercontent.com/bxh433ccuxG17gBwLQNW-AEYlPE6cP2tZzyXigxFZabPwiZ71hgjpz7-GqECTG5k_Nu0lY-mvYe0OQ=w64-h64-p,,5 HAON,,"1月 1, 1970",2193963,"94 5 HAON 1月 1, 1970 99 287 2,193,963"
2026-09-29,kr,South Korea,top_artists_weekly,,95,https://yt3.googleusercontent.com/zq7GxbvEGtwsZX8T91hfK6IB40eOd1ON9A080uG7LYlNKmfsfKu1XjlkUYN6XZja2aKf2yc4owK5z0s=w64-h64-p,,95 Park Hyo Shin,,"1月 1, 1970",2162001,"95 95 Park Hyo Shin 1月 1, 1970 - 523 2,162,001"
2026-09-29,kr,South Korea,top_artists_weekly,,96,https://lh3.googleusercontent.com/fqMRQRGE_nXvy-_O6PSKla7ohO5MbERdphoCSwEWjfQuTVxOcGWPZgoxdEZnSsfeILIJLtb_tOYgCJg=w64-h64-p,,96 LUCY,,"1月 1, 1970",2160110,"96 96 LUCY 1月 1, 1970 - 243 2,160,110"
2026-09-29,kr,South Korea,top_artists_weekly,,97,https://lh3.googleusercontent.com/n_u0s2STuUEeVOAuoJ-lyZ5UReSut_dfS39Laojiiuao_P4GTuGQ2DFOJSuh9isiRhTQilZXArvItA=w64-h64-p,,1 2NE1,,"1月 1, 1970",2158772,"97 1 2NE1 1月 1, 1970 96 442 2,158,772"
2026-09-29,kr,South Korea,top_artists_weekly,,98,https://lh3.googleusercontent.com/AO5gdYIaJHk2nD6DrYAMexcgzT6JXjArbdIKSJ4bNDyQntjfINwuBxNXwjf4wvv44AOm-oGQbTUIbE1j=w64-h64-p,,98 JIN YOUNG,,"1月 1, 1970",2155434,"98 98 JIN YOUNG 1月 1, 1970 - 17 2,155,434"
2026-09-29,kr,South Korea,top_artists_weekly,,99,https://lh3.googleusercontent.com/cfP561Mp7T4VHRg5085z7RLOZ0q5KfwIcdD1o5qCPLcvfWTcIyWiPRU-xw1p4RQT7loVCVkoa_fGb7E=w64-h64-p,,5 Zia,,"1月 1, 1970",2128413,"99 5 Zia 1月 1, 1970 94 301 2,128,413"
2026-09-29,kr,South Korea,top_artists_weekly,,100,https://lh3.googleusercontent.com/Wqr_bvGshelPD-n5OohFA1Au6r130npkqQX3BS0bEb4l373-FVX9ZhkhWykNKdq3CrNCF6ubJNTLVwI=w64-h64-p,,8 Charlie Puth,,"1月 1, 1970",2123792,"100 8 Charlie Puth 1月 1, 1970 92 510 2,123,792"
2026-09-29,vn,Vietnam,top_artists_weekly,,1,https://yt3.googleusercontent.com/nFYM7WCVcSz0vcWq4Ttr3ND54ienLJcCfOiybd9c_6_wwxq3mTY7x1CHOVUbhxLBsEO-h1Ftd-zidTHk=w64-h64-p,,"TINH HÀ ""SAY HI""",,,,"TINH HÀ ""SAY HI"""
2026-09-29,vn,Vietnam,top_artists_weekly,,2,https://lh3.googleusercontent.com/yHHjXdkGB8wQUvdL7bAweZ09PvmnEPSnh6ilf8D2xtr7MV1oNS7ZKGGp9jJia4mlprXgwOhUN6Pl5gT6=w64-h64-p,,1 Jack,J97,"1月 1, 1970",12328807,"2 1 Jack - J97 1月 1, 1970 1 23 12,328,807"
2026-09-29,vn,Vietnam,top_artists_weekly,,3,https://yt3.googleusercontent.com/UjpzWXFvqSvYV0v7x-OFyHqraed_k32IjZvMxFAGG45HJ4Y3-oNqwO4iMl2Q4W5H_HAqkf0PUg=w64-h64-p,,3 Quốc Thiên,,"1月 1, 1970",7642051,"3 3 Quốc Thiên 1月 1, 1970 6 23 7,642,051"
2026-09-29,vn,Vietnam,top_artists_weekly,,4,https://lh3.googleusercontent.com/PnbfrzrBMg4LRfeilFDprLTTtOhbhtdbeWIjE_RCt27BDo5rovo8BSKpmtPnTivSBtPM6lCiUgeLeBan=w64-h64-p,,● Phương Mỹ Chi,,"1月 1, 1970",7166241,"4 ● Phương Mỹ Chi 1月 1, 1970 4 23 7,166,241"
2026-09-29,vn,Vietnam,top_artists_weekly,,5,https://yt3.googleusercontent.com/4vbGpMXnk6BomjMDfU4bINfni5JgFjTmRifT-336oMIXgWkF9pLWvDEdYNkELih7ztk2Y6iccQ=w64-h64-p,,Quang Hùng MasterD,,,,Quang Hùng MasterD
2026-09-29,vn,Vietnam,top_artists_weekly,,6,https://yt3.googleusercontent.com/sw_uic9x282ssZvfpjoubd-JQU9YwfXORiNFB3YtGb_0I07OC_e8So6Ts9-23fyxhAYZQGdT6USY3A0=w64-h64-p,,1 Dangrangto,,"1月 1, 1970",6511688,"6 1 Dangrangto 1月 1, 1970 5 23 6,511,688"
2026-09-29,vn,Vietnam,top_artists_weekly,,7,https://lh3.googleusercontent.com/gIEM31Zx4dA4PHvr2cbunulrN277vux_hCKYJve77pG_BJDWLRYbCMzveR9Pp_sy6Qb-KI_2Ha0_hDod=w64-h64-p,,● DatG Music,,"1月 1, 1970",5748430,"7 ● DatG Music 1月 1, 1970 7 23 5,748,430"
2026-09-29,vn,Vietnam,top_artists_weekly,,8,https://yt3.googleusercontent.com/bio5yni43VDbku_kSYxyK6n31Pys0PCvyRlqXHRj1e800MWHs3avp1IHGXdAgliWQfmnsXOye4TZfJo=w64-h64-p,,3 DONAL,,"1月 1, 1970",5019169,"8 3 DONAL 1月 1, 1970 11 23 5,019,169"
2026-09-29,vn,Vietnam,top_artists_weekly,,9,https://yt3.googleusercontent.com/2N99jZ4TXKkrxWbUqsDLtVYsTUcEbwRX_-9GGr27dvAREpQaXGZkia9RiW8AKy8p0B7nNheoRjMViYQ0=w64-h64-p,,1 RPT MCK,,"1月 1, 1970",4955768,"9 1 RPT MCK 1月 1, 1970 10 23 4,955,768"
2026-09-29,vn,Vietnam,top_artists_weekly,,10,https://yt3.googleusercontent.com/IGB6zHJV4zGqUoXQXO4yAXahJ8BDwAa2za87oZsjfQS5GAc4R20yEp2mXCeiYn_zgat5C2iRmvRsKA=w64-h64-p,,2 Sơn Tùng M,TP,"1月 1, 1970",4864294,"10 2 Sơn Tùng M-TP 1月 1, 1970 12 23 4,864,294"
2026-09-29,vn,Vietnam,top_artists_weekly,,11,https://yt3.googleusercontent.com/OGoVXsNiIH4u2GueffG5olXSQ_-HrHrj-71ju_ceszaGl8_iNNSrqnLYJDjpn7jwsVwUwBBpKQ=w64-h64-p,,2 GREY D,,"1月 1, 1970",4853806,"11 2 GREY D 1月 1, 1970 13 23 4,853,806"
2026-09-29,vn,Vietnam,top_artists_weekly,,12,https://yt3.googleusercontent.com/5bXYfqJhi4gL3Hn6l0zcLySOUNtIyHtXMn9n-mOihkePITtvEzHvKB_5D6Am7HrG7BSkoLT7owCKRQ=w64-h64-p,,Anh Trai Vượt Ngàn Chông Gai,,,,Anh Trai Vượt Ngàn Chông Gai
2026-09-29,vn,Vietnam,top_artists_weekly,,13,https://lh3.googleusercontent.com/CzQb1BDMu_bVkkUbHNDDPkErfaJPyuKTFHHdboXcGJBmjEaquJC06k162s-l7VMaoa_QXZRvg3N6ht8=w64-h64-p,,4 Wren Evans,,"1月 1, 1970",4483552,"13 4 Wren Evans 1月 1, 1970 9 23 4,483,552"
2026-09-29,vn,Vietnam,top_artists_weekly,,14,https://yt3.googleusercontent.com/zXYoQpwxpw7ax6Adwp1F6CCT_UzGHg5hNFbXlIQBEXrz9aC_GvxLE3KoQJto6IN4RKCEtnCi5f9ao4A=w64-h64-p,,2 JustaTee,,"1月 1, 1970",4419969,"14 2 JustaTee 1月 1, 1970 16 23 4,419,969"
2026-09-29,vn,Vietnam,top_artists_weekly,,15,https://yt3.googleusercontent.com/7iNILaP08saxcd8D_MQvWupkzCXZggVH1GK_y-YKeeXQu_QGBALh9KedL7q5g0q4R_btMwlk4NDL9w=w64-h64-p,,9 CONGB,,"1月 1, 1970",4290287,"15 9 CONGB 1月 1, 1970 24 11 4,290,287"
2026-09-29,vn,Vietnam,top_artists_weekly,,16,https://yt3.googleusercontent.com/L8NTL3k5YQOFqolLMTHRDhvvTTkhQuQrSKhJ4S3fY_EatcYX7ZmgcQmcp3_zgbeowmVzB_bpuA=w64-h64-p,,5 buitruonglinh,,"1月 1, 1970",4255387,"16 5 buitruonglinh 1月 1, 1970 21 23 4,255,387"
2026-09-29,vn,Vietnam,top_artists_weekly,,17,https://lh3.googleusercontent.com/txTPKU739Tm1SwW2B-Mi7boou0E2bpCTgZTE7FJVh3sxMhSC-L499AUyW0RPRFiAZCGX0cR6M9rB9x03=w64-h64-p,,● Hoàng Dũng,,"1月 1, 1970",4101430,"17 ● Hoàng Dũng 1月 1, 1970 17 23 4,101,430"
2026-09-29,vn,Vietnam,top_artists_weekly,,18,https://yt3.googleusercontent.com/8-dCAEaPCMgYBbA0q4oXcYC6ZpCe7rk12j2MPPcN5o4bIMtHqS_jD4omULfpxxwEqJc0KZ7LDw=w64-h64-p,,9 CAPTAIN BOY,,"1月 1, 1970",4087018,"18 9 CAPTAIN BOY 1月 1, 1970 27 9 4,087,018"
2026-09-29,vn,Vietnam,top_artists_weekly,,19,https://lh3.googleusercontent.com/qUbeEkX81ZE7nUDYQo1RyFFBA6kY17-3XQqVBcV4K1bw6irP0Y_82ex4qw9QQQyqebuU1nU0yzbwGA=w64-h64-p,,4 DTAP,,"1月 1, 1970",3991768,"19 4 DTAP 1月 1, 1970 15 23 3,991,768"
2026-09-29,vn,Vietnam,top_artists_weekly,,20,https://yt3.googleusercontent.com/SPtWMm5k0wrYdi7BgCBGXsFxwjYbmV_MzlDyVgf4XchTepF0qANX0hF8iEvnmzgEOmoW_8Dnig=w64-h64-p,,3 Binz,,"1月 1, 1970",3855544,"20 3 Binz 1月 1, 1970 23 23 3,855,544"
2026-09-29,vn,Vietnam,top_artists_weekly,,21,https://yt3.googleusercontent.com/Ve6oyP5FC8OdBCBj5FdlTYhwDSUiKromlbdkBVfbwqtjYI1yaNt6nycuGINg0tlOXfWyT2q2HQ=w64-h64-p,,3 皇杉,,"1月 1, 1970",3843005,"21 3 皇杉 1月 1, 1970 18 23 3,843,005"
2026-09-29,vn,Vietnam,top_artists_weekly,,22,https://yt3.googleusercontent.com/JZbKdl6Yoxz3PStwaRVpy0ldxP8dSEjwipjDrJATEoqgPCJzu0RGUqel7mG7pV5qHdE_BgdfYwSqwhY=w64-h64-p,,3 (S)TRONG,,"1月 1, 1970",3770641,"22 3 (S)TRONG 1月 1, 1970 19 23 3,770,641"
2026-09-29,vn,Vietnam,top_artists_weekly,,23,https://yt3.googleusercontent.com/ArdE9_Kds-nUsQhci21axqd40W9DauU5EJJuHmQxwzGgzkSfxtXU0R5kcpTptu7mOC5GemC1Ug=w64-h64-p,,9 COOLKID,,"1月 1, 1970",3722791,"23 9 COOLKID 1月 1, 1970 14 23 3,722,791"
2026-09-29,vn,Vietnam,top_artists_weekly,,24,https://yt3.googleusercontent.com/k3HqCytt-nEWEvBvO3N31kVH2uZ8UGuIWPulAs9Nl_krr_d5hHRSfo545_rr17fDGqWIo4Z0s8gY1S4=w64-h64-p,,2 Da LAB,,"1月 1, 1970",3676529,"24 2 Da LAB 1月 1, 1970 22 23 3,676,529"
2026-09-29,vn,Vietnam,top_artists_weekly,,25,https://lh3.googleusercontent.com/zvVDAiafCFQClD19w9ANrw4hay-sEDDFFFlABXNdUMzprlRu1jnXn4dCGjMhlUqwUIxwH3eP7Q5OUIQ=w64-h64-p,,5 HIEUTHUHAI,,"1月 1, 1970",3660496,"25 5 HIEUTHUHAI 1月 1, 1970 20 23 3,660,496"
2026-09-29,vn,Vietnam,top_artists_weekly,,26,https://yt3.googleusercontent.com/LRpb_vfUGiOk3nRIUgUdcWmsE__gAWgdpkkD-caAlN6ZUhNxtnYQ7GYF_xUyB06U4uvrkKs89g=w64-h64-p,,1 Lê Gia Bảo,,"1月 1, 1970",3410171,"26 1 Lê Gia Bảo 1月 1, 1970 25 23 3,410,171"
2026-09-29,vn,Vietnam,top_artists_weekly,,27,https://yt3.googleusercontent.com/ITi7qclk1C3ye_z1AMwb9tJPH8N__73H1Fu2vNmgVJvLSY1jpCpw671K0cYz5wZXNYDIKisS0g=w64-h64-p,,1 CODYNAMVO,,"1月 1, 1970",3374934,"27 1 CODYNAMVO 1月 1, 1970 28 10 3,374,934"
2026-09-29,vn,Vietnam,top_artists_weekly,,28,https://lh3.googleusercontent.com/4Ixc3d3_z7NDp8aoj-PXaWcYe8IzOgYnqjg4CQLw43zC5EMNWh-hKJRBiC0ZFYrN2mIghYofTVDpMw=w64-h64-p,,3 Thanh Hưng,,"1月 1, 1970",3317113,"28 3 Thanh Hưng 1月 1, 1970 31 23 3,317,113"
2026-09-29,vn,Vietnam,top_artists_weekly,,29,https://yt3.googleusercontent.com/SMpD7-Wdpe0WGDoDVa2xnLTR85GrFZlJ1AzLnswYojh81MLg5oK0wsgI6C5JhQfxo2nt363xktpMyRrv=w64-h64-p,,3 Thái Học,,"1月 1, 1970",3267541,"29 3 Thái Học 1月 1, 1970 26 23 3,267,541"
2026-09-29,vn,Vietnam,top_artists_weekly,,30,https://yt3.googleusercontent.com/IJcrzdx6dfXpR-NKfeViKFeWVafc6qApkBqYGfW5RQQzV3_PwOYmKsFcarhrmimchPL-tiQe4A=w64-h64-p,,Nguyễn Thạc Bảo Ngọc,,,,Nguyễn Thạc Bảo Ngọc
2026-09-29,vn,Vietnam,top_artists_weekly,,31,https://yt3.googleusercontent.com/LwZVGix9E-_Su5ZpZBFOD40EPQ5qKDNE2r3f3ECKKf_ZwvO8ha_gL4QH2HwKmGAhp6Mni8r_HSBgzhQ=w64-h64-p,,8 Quân A.P,,"1月 1, 1970",3041909,"31 8 Quân A.P 1月 1, 1970 39 23 3,041,909"
2026-09-29,vn,Vietnam,top_artists_weekly,,32,https://yt3.googleusercontent.com/XprgG6jfaee2OllUK8HOVrIGoY0h3RTpNhV-Mmjy5jlqWgdzbP21RQU4tXX83vqYgk384oM5VYI6qA=w64-h64-p,,5 Obito,,"1月 1, 1970",3038915,"32 5 Obito 1月 1, 1970 37 23 3,038,915"
2026-09-29,vn,Vietnam,top_artists_weekly,,33,https://yt3.googleusercontent.com/s_cEZpomGpcFss5IznaqGJO1gWRODNBgcZYrybB6Obr4OnrkSzjgMFjtBiNDCiDu0c4hF_zaxpCQbug=w64-h64-p,,Hoàng K Official,,,,Hoàng K Official
2026-09-29,vn,Vietnam,top_artists_weekly,,34,https://yt3.googleusercontent.com/lNVkw0U5EwV5JEvZi-52kN4PythX8aXH2V2QW4aiL4UNfh2ANtWt_itVVfbgXswAhG5IJGbKNA=w64-h64-p,,4 Khắc Việt,,"1月 1, 1970",2923550,"34 4 Khắc Việt 1月 1, 1970 30 23 2,923,550"
2026-09-29,vn,Vietnam,top_artists_weekly,,35,https://lh3.googleusercontent.com/WRRxOiAxGdwa0dgAxSjg65glGSswfYQkkQ8Jcya7igYVqELygmgD6VCI1x4XruHapeYKHiXiALjX3Q=w64-h64-p,,3 Noo Phước Thịnh,,"1月 1, 1970",2887743,"35 3 Noo Phước Thịnh 1月 1, 1970 38 23 2,887,743"
2026-09-29,vn,Vietnam,top_artists_weekly,,36,https://yt3.googleusercontent.com/d2CdDAEvX3CT51C_wA_AnJUfgfQ5SbHM_Dk_1GGC9Ncvglb6-_xoCwA2vvAnOrkGI-FpD8Sysy0ZZZj48Q=w64-h64-p,,1 Quang Lê,,"1月 1, 1970",2784992,"36 1 Quang Lê 1月 1, 1970 35 23 2,784,992"
2026-09-29,vn,Vietnam,top_artists_weekly,,37,https://yt3.googleusercontent.com/Zy4YAyDxNyHITU4faWSFi22orYGgncyojhZfX6Pu3ZP2NTHya3Wt_v3Fy14I_shTVj_mB86kngrkwlM6=w64-h64-p,,4 Đăng Khôi,,"1月 1, 1970",2782937,"37 4 Đăng Khôi 1月 1, 1970 41 23 2,782,937"
2026-09-29,vn,Vietnam,top_artists_weekly,,38,https://lh3.googleusercontent.com/ropmC_D1oX1xhqaR4yEQUdru22Ug4p5NWYU3ZGOrZVOSqVEsoObXr-1hLU2CW24nKEphD6zHKDS5Wu6-=w64-h64-p,,4 Hương Ly,,"1月 1, 1970",2733145,"38 4 Hương Ly 1月 1, 1970 42 23 2,733,145"
2026-09-29,vn,Vietnam,top_artists_weekly,,39,https://lh3.googleusercontent.com/u74Z7ylCoNz3Phyu9UZ_T4mhKy0Y2pdF50qbezBLXE7HGJyVipiPpa88h9OOtS8pKLDIsX7lA-8wIQ=w64-h64-p,,6 Đan Nguyên,,"1月 1, 1970",2717206,"39 6 Đan Nguyên 1月 1, 1970 45 23 2,717,206"
2026-09-29,vn,Vietnam,top_artists_weekly,,40,https://yt3.googleusercontent.com/oJlUt-7rgsgjopcT9cFlNl7sj8qCWSGKfUWpJrNt7H1FlrtWCTtj8M0prl8pb4SRF8qSqtQryPv54RHJ=w64-h64-p,,4 B Ray,,"1月 1, 1970",2715548,"40 4 B Ray 1月 1, 1970 44 23 2,715,548"
2026-09-29,vn,Vietnam,top_artists_weekly,,41,https://lh3.googleusercontent.com/jUpx8b5WW6TOy0ZdQ7LE7nden20Nh7eS8YK_yjz04epmrv5kBklGDtqnCfRz-bADNK5u885QySqzgWHp=w64-h64-p,,2 Đen,,"1月 1, 1970",2704739,"41 2 Đen 1月 1, 1970 43 23 2,704,739"
2026-09-29,vn,Vietnam,top_artists_weekly,,42,https://yt3.googleusercontent.com/4S-GZz93YFOeQci7Xz5aAUlAaHABBTeOE47HX5Xg5KtA5Y8Mg_-KGld9uhY_Udio6kGOV8MHjlU=w64-h64-p,,7 Hà An Huy,,"1月 1, 1970",2676225,"42 7 Hà An Huy 1月 1, 1970 49 11 2,676,225"
2026-09-29,vn,Vietnam,top_artists_weekly,,43,https://yt3.googleusercontent.com/7ccf3wjeyTB51VfLkaArLPhfdkcBvQAmz-GDXgLTUnRTZsosi_B-gyuvk2j6ScVoGCCcDDntpuI=w64-h64-p,,4 Thành Đạt,,"1月 1, 1970",2664441,"43 4 Thành Đạt 1月 1, 1970 47 23 2,664,441"
2026-09-29,vn,Vietnam,top_artists_weekly,,44,https://yt3.googleusercontent.com/AMgNB4ofM9rmptrqgiIEL7YUSbX-8RsZiVtzgVYWkDNmzoOLGH2ZdUp6gAVRruzp-L0k9t3i-w=w64-h64-p,,6 Lệ Quyên,,"1月 1, 1970",2610601,"44 6 Lệ Quyên 1月 1, 1970 50 23 2,610,601"
2026-09-29,vn,Vietnam,top_artists_weekly,,45,https://yt3.googleusercontent.com/39AqQmd8r1Ih-ulIbv7nFYxqZVAJ4mPaPHaz7aGt_9Yu2dYJqkYBcrh7d4o8ObZxG_MEIzYH=w64-h64-p,,16 Pháp Kiều,,"1月 1, 1970",2445878,"45 16 Pháp Kiều 1月 1, 1970 29 3 2,445,878"
2026-09-29,vn,Vietnam,top_artists_weekly,,46,https://yt3.googleusercontent.com/3CFyh2YjiDmn88l10o0xYt4J2jBN7EEbdkqMHat__vzrYB0ghorwQ3NaFR2BxWsmDKJsFZSoDm4=w64-h64-p,,6 Thanh Ngân,,"1月 1, 1970",2442350,"46 6 Thanh Ngân 1月 1, 1970 40 23 2,442,350"
2026-09-29,vn,Vietnam,top_artists_weekly,,47,https://lh3.googleusercontent.com/vLa-UcTg38yT35hg4rovad0VbrP5s2E91Cq6mSYcWELw9EqOQE0CB3EFgw6Xcu9z7U2mm8H1dCzDtA=w64-h64-p,,5 Low G,,"1月 1, 1970",2439690,"47 5 Low G 1月 1, 1970 52 23 2,439,690"
2026-09-29,vn,Vietnam,top_artists_weekly,,48,https://yt3.googleusercontent.com/Qd44k62nTrk5X-eMiV4wmT1CRBBNi2N9az_LszXK0NqUDF3JO2fk6CAbbcNem61vIpbWoY3v4Q=w64-h64-p,,14 Hngle,,"1月 1, 1970",2434568,"48 14 Hngle 1月 1, 1970 34 23 2,434,568"
2026-09-29,vn,Vietnam,top_artists_weekly,,49,https://lh3.googleusercontent.com/2KuZEudSg8qvZ5w2vOvsIkjTwSV9NJddvZLYhxEVRwdvHRV1rwKS7k7KQ8z-7uld76Plt54C-BAfW_0w=w64-h64-p,,27 Vicky Nhung,,"1月 1, 1970",2411558,"49 27 Vicky Nhung 1月 1, 1970 76 7 2,411,558"
2026-09-29,vn,Vietnam,top_artists_weekly,,50,https://yt3.googleusercontent.com/ygM0LM_QbJAjTeuaFVIXsEzRubuMI0ZcficozBKcTfpuCgR1h_Hf8THnzHmBzrQ_OSwrzyl6BF_KBw=w64-h64-p,,1 黃毓敏,,"1月 1, 1970",2393320,"50 1 黄毓敏 1月 1, 1970 51 23 2,393,320"
2026-09-29,vn,Vietnam,top_artists_weekly,,51,https://lh3.googleusercontent.com/PbQivj89mv7mI6FcxU9RmEsiicCGTdr-Wdn4bLdAB7gee6GcitOb7QXTVy7gfg6Cn1JPRn1VjMIweYgV=w64-h64-p,,4 Dương Domic,,"1月 1, 1970",2371714,"51 4 Dương Domic 1月 1, 1970 55 23 2,371,714"
2026-09-29,vn,Vietnam,top_artists_weekly,,52,https://www.youtube.com/s/charts/images/top_artists.png,,,,"1月 1, 1970",2362419,"52 45 1月 1, 1970 97 11 2,362,419"
2026-09-29,vn,Vietnam,top_artists_weekly,,53,https://yt3.googleusercontent.com/iBH6hD6zxCuVPdZT4D7hGkN6mHSAUr52t6jiOZHrayJBIccgLH5UEbnjJ5Oq0qqWixRTKTQZok4=w64-h64-p,,21 YanBi,,"1月 1, 1970",2318722,"53 21 YanBi 1月 1, 1970 32 23 2,318,722"
2026-09-29,vn,Vietnam,top_artists_weekly,,54,https://lh3.googleusercontent.com/CvT0XhRm2Ptbs4sLWlGojSMRg7OU432VXJDZTmt1FHZjum3ldbSCk2Q3T_g4bD7kUgXKDFqok9q5Pg=w64-h64-p,,4 CaoTri,,"1月 1, 1970",2304852,"54 4 CaoTri 1月 1, 1970 58 23 2,304,852"
2026-09-29,vn,Vietnam,top_artists_weekly,,55,https://lh3.googleusercontent.com/duvPkHjgosJKoOXe9xztYOREcD_kKHgB4naWRWlx6o44-Zy_35ZxlWQYFGVAvrz7Br7qFQnyI4hnIpM=w64-h64-p,,2 tlinh,,"1月 1, 1970",2303053,"55 2 tlinh 1月 1, 1970 53 23 2,303,053"
2026-09-29,vn,Vietnam,top_artists_weekly,,56,https://yt3.googleusercontent.com/4AXP5YeS1BqSYsNCX8Y4K5nYFjysm95SqCPhDJUcZU8SU-TWPojSbicI67qEX3lnASrZPXw1i7k=w64-h64-p,,56 Jaysonlei,,"1月 1, 1970",2292761,"56 56 Jaysonlei 1月 1, 1970 - 10 2,292,761"
2026-09-29,vn,Vietnam,top_artists_weekly,,57,https://lh3.googleusercontent.com/3UZKRd69lMDK_JejFkDgnYHas-6KTJvX6STgdUI3dbj6Wv8uyUT_1LAiI_SYUfKJNu94a0oQU8TMww=w64-h64-p,,4 Shiki,,"1月 1, 1970",2220018,"57 4 Shiki 1月 1, 1970 61 23 2,220,018"
2026-09-29,vn,Vietnam,top_artists_weekly,,58,https://yt3.googleusercontent.com/ZqpPhNa1fwNCMREBb56lLs53b5RzKcqFHcscO1kD66FfhTHeTmqTU-SYwiS0_sfdVxJEj9DNQl5dt-M=w64-h64-p,,4 Mr. Siro,,"1月 1, 1970",2196080,"58 4 Mr. Siro 1月 1, 1970 54 23 2,196,080"
2026-09-29,vn,Vietnam,top_artists_weekly,,59,https://lh3.googleusercontent.com/EjjKZbq4yMd-GJiUIEqN8lM2Q9zXF4wOWRLPuB7o-_7EJBk-1KXjn-QzsZnKcVAB3u5nbQZhXVgCvtHu=w64-h64-p,,3 Phúc Du,,"1月 1, 1970",2175191,"59 3 Phúc Du 1月 1, 1970 56 23 2,175,191"
2026-09-29,vn,Vietnam,top_artists_weekly,,60,https://yt3.googleusercontent.com/SjJGp3cGzJktRoczMB-S5ObKkUNhmo-fsfdSTyKJ4Gz-7hEWgn8MRdnVcWDkf_IAt15i6F6gKg=w64-h64-p,,1 OSAD,,"1月 1, 1970",2175092,"60 1 OSAD 1月 1, 1970 59 11 2,175,092"
2026-09-29,vn,Vietnam,top_artists_weekly,,61,https://lh3.googleusercontent.com/IRRuUsYfJEE8cWLXH-thptBytCjrUZNvoQScYnde9EIMgTgOD1kSggrUyBOKDTNH7oLyZUOJlYI6hwo=w64-h64-p,,1 Vũ.,,"1月 1, 1970",2170218,"61 1 Vũ. 1月 1, 1970 62 23 2,170,218"
2026-09-29,vn,Vietnam,top_artists_weekly,,62,https://yt3.googleusercontent.com/DNSLQvYyZ9izvkfwsm00NXzBZppQk7c8k9kC3ytOHyAicHXc7gToQYw2JkdfXnoNuwkSmpGb=w64-h64-p,,14 Nguyễn Hùng,,"1月 1, 1970",2132983,"62 14 Nguyễn Hùng 1月 1, 1970 48 23 2,132,983"
2026-09-29,vn,Vietnam,top_artists_weekly,,63,https://yt3.googleusercontent.com/ea2S4_3Xzz8LHyMJhZW4NYGOybp-Hi7In0rMVSUQnms4Q-qd4gSt8OcRyzCrmF8-ctLtTqLCbZojHEU=w64-h64-p,,27 Danny Chung,,"1月 1, 1970",2091684,"63 27 Danny Chung 1月 1, 1970 36 2 2,091,684"
2026-09-29,vn,Vietnam,top_artists_weekly,,64,https://yt3.googleusercontent.com/_fxA7XQobDzNJYb6eg2vBpuy0heHUwE7zwN_vbv2a2c9EVm6Uo48X6GAI2eMhSpfTIb1ri8GEW_hMw=w64-h64-p,,1 Karik,,"1月 1, 1970",2085558,"64 1 Karik 1月 1, 1970 63 23 2,085,558"
2026-09-29,vn,Vietnam,top_artists_weekly,,65,https://yt3.googleusercontent.com/sLk_oXafaenJNzthqajLhMWFILNR5FV-OPj_aHuy4rpld9MdQMfd7Hs5R19_rP8vmbfpCeAfAm8=w64-h64-p,,1 Masew,,"1月 1, 1970",2065077,"65 1 Masew 1月 1, 1970 64 23 2,065,077"
2026-09-29,vn,Vietnam,top_artists_weekly,,66,https://yt3.googleusercontent.com/4b5ZhzNzbXq-g7bGNVgpRGBTSVQ3cU5GnNjAADjsJxxPf4o586-HPGj5PXqE5L8SujsuXKjyWgE=w64-h64-p,,● 俊武,,"1月 1, 1970",2058184,"66 ● 俊武 1月 1, 1970 66 23 2,058,184"
2026-09-29,vn,Vietnam,top_artists_weekly,,67,https://yt3.googleusercontent.com/KvKBA2gi7LGyXfsUtn700rfGp9MhE1GvDE1-9-BOOLAjDRF1mpRik2642gz_ZaxSY7iMg41O658=w64-h64-p,,2 Đình Dũng,,"1月 1, 1970",2054998,"67 2 Đình Dũng 1月 1, 1970 69 23 2,054,998"
2026-09-29,vn,Vietnam,top_artists_weekly,,68,https://yt3.googleusercontent.com/3mUix2m96qvrCNjLGRB67qo_5w6EPoTBMLJE2jTdn4JWh6zIRhyMY1G0lkXMfpYffTiNtS2r=w64-h64-p,,6 如瓊,,"1月 1, 1970",2014179,"68 6 如瓊 1月 1, 1970 74 23 2,014,179"
2026-09-29,vn,Vietnam,top_artists_weekly,,69,https://yt3.googleusercontent.com/CCB6gkTfld1No0TSp7cejvJt2BlKwOxDSQeZN6-ruD2kgVbQnlVs6kcAW52mqDRwg60ARkwZQQ=w64-h64-p,,12 VSTRA,,"1月 1, 1970",1986603,"69 12 VSTRA 1月 1, 1970 57 23 1,986,603"
2026-09-29,vn,Vietnam,top_artists_weekly,,70,https://yt3.googleusercontent.com/2IbO6drTOO1y5I4tDPqS5nafZmV0Z54g0YxU32RnLjc0vvYlzH1-c522X0c784WaR9hs9YIDr9yhHKfT=w64-h64-p,,5 CORTIS,,"1月 1, 1970",1976421,"70 5 CORTIS 1月 1, 1970 75 23 1,976,421"
2026-09-29,vn,Vietnam,top_artists_weekly,,71,https://yt3.googleusercontent.com/YHR01fsyrKcPAMW4xeGUlSqUBWJXO6829R1AxvG_lF0thrl0JBNfo8YVTX9Un_diiWLGtNneL04Uuw=w64-h64-p,,11 NDMT,,"1月 1, 1970",1954476,"71 11 NDMT 1月 1, 1970 60 23 1,954,476"
2026-09-29,vn,Vietnam,top_artists_weekly,,72,https://yt3.googleusercontent.com/zBHxyUqEE0-456tmTBvv8zc8uLz0wqckP0lt8alHOcF1-4wq2bgGfQsBznGa9Z1qUYLqnIox=w64-h64-p,,1 潘孟瓊,,"1月 1, 1970",1918040,"72 1 潘孟瓊 1月 1, 1970 73 23 1,918,040"
2026-09-29,vn,Vietnam,top_artists_weekly,,73,https://yt3.googleusercontent.com/D6yn8lJC6uEIZoy4EWhj7OuUjZfRtpeLK6233rWzHeHJnrjrm8ENpjcHzDKeiQ-dRAUeHnpJTgo=w64-h64-p,,13 Út Nhị Mino,,"1月 1, 1970",1910223,"73 13 Út Nhị Mino 1月 1, 1970 86 23 1,910,223"
2026-09-29,vn,Vietnam,top_artists_weekly,,74,https://yt3.googleusercontent.com/DCwzENYeUQ0NKi0-UswzjgtRV4V0dX_U8srwvrJQAGSNDKljVhpANZnSpTjfsXdEDTg5tWuh2JxhzfCj=w64-h64-p,,13 DTAP,,"1月 1, 1970",1876243,"74 13 DTAP 1月 1, 1970 87 4 1,876,243"
2026-09-29,vn,Vietnam,top_artists_weekly,,75,https://yt3.googleusercontent.com/nuSqHwuClhGVbLWRg-bi_61PECeyFb4rGDWc9fTQC0Tm7OLu03QZn7mr09bTD_N80ODc9d8mnQ=w64-h64-p,,7 周凱峰,,"1月 1, 1970",1865606,"75 7 周凱峰 1月 1, 1970 68 23 1,865,606"
2026-09-29,vn,Vietnam,top_artists_weekly,,76,https://yt3.googleusercontent.com/S3kw_snBwqxwrBJYrTb_WKmKs-U0rUTUYJSI6eFD6207S4ttmwm-99gSlB07qKDFHn3qh2_KiC70Nw=w64-h64-p,,6 Bảo Anh,,"1月 1, 1970",1861931,"76 6 Bảo Anh 1月 1, 1970 70 23 1,861,931"
2026-09-29,vn,Vietnam,top_artists_weekly,,77,https://yt3.googleusercontent.com/JSr1fuJqoaRVL7_93SuqdZlVGZI0XjyNNIXEnZgkt7ZfWANDb6RF_B5A_Gusviz6h6yCJ24_62cuIKc=w64-h64-p,,77 樸彩英,,"1月 1, 1970",1857164,"77 77 朴彩英 1月 1, 1970 - 23 1,857,164"
2026-09-29,vn,Vietnam,top_artists_weekly,,78,https://yt3.googleusercontent.com/U3AzpjRzn-lMF_GGv0XpG2vNbClKMnJdFtiLnudRmWvvMw61754vThISkb39i5HDmCOIpsqlEkck4Q=w64-h64-p,,7 Anh Quân Idol,,"1月 1, 1970",1852291,"78 7 Anh Quân Idol 1月 1, 1970 71 23 1,852,291"
2026-09-29,vn,Vietnam,top_artists_weekly,,79,https://lh3.googleusercontent.com/9uqv7MDLibTWArD1spq02jcXpPO5CA_mA1VNbDXMtlcjteyzYIhZPZWeB9LtW6vZKqjtdC1w_KnHBrp8=w64-h64-p,,● Minh Vuong M4U,,"1月 1, 1970",1852018,"79 ● Minh Vuong M4U 1月 1, 1970 79 23 1,852,018"
2026-09-29,vn,Vietnam,top_artists_weekly,,80,https://lh3.googleusercontent.com/0PWKWyFhqw0A1XReyVCmYmYDHoAXeZtxqwfPfqlE1hQts38agKif_CrZWMqOX9QCgMaWc0O4b74QIeg=w64-h64-p,,19 Wxrdie,,"1月 1, 1970",1851659,"80 19 Wxrdie 1月 1, 1970 99 23 1,851,659"
2026-09-29,vn,Vietnam,top_artists_weekly,,81,https://yt3.googleusercontent.com/2-203NEQqpf8vtQT9-p2A_BbwtJQcu_T2MqYBXwcIJYqGPqjMlhBVJY4NChFOv_e3schYjY4ZQ=w64-h64-p,,3 Bạch Duy Sơn,,"1月 1, 1970",1826641,"81 3 Bạch Duy Sơn 1月 1, 1970 78 23 1,826,641"
2026-09-29,vn,Vietnam,top_artists_weekly,,82,https://yt3.googleusercontent.com/e6FIzkdUbgZ94hUG421wsbLWckSmdu-GBhuKY4ZGR9aQgwzq2JnX3umAqYu8HYbHfyZGhpVbrSS1DLnLWA=w64-h64-p,,11 Thu Hường,,"1月 1, 1970",1802003,"82 11 Thu Hường 1月 1, 1970 93 23 1,802,003"
2026-09-29,vn,Vietnam,top_artists_weekly,,83,https://yt3.googleusercontent.com/bnYeXPlitJNA_0J6PaCoB5MpZ3UUCHchrSalnHhJYhxldrgOOLSN5dL0PTfqzA7E58D2e86wMDjzdFQc=w64-h64-p,,11 MONO,,"1月 1, 1970",1794820,"83 11 MONO 1月 1, 1970 72 23 1,794,820"
2026-09-29,vn,Vietnam,top_artists_weekly,,84,https://yt3.googleusercontent.com/DU6Kpr5TYKcW6QHvMnsJau5_8QSuix8LCLtf5UEaziZZdXw8SxvcxJ9YWmVIQuzhg2R-MVHYgjdGCQ=w64-h64-p,,7 Ariana Grande,,"1月 1, 1970",1775530,"84 7 Ariana Grande 1月 1, 1970 77 23 1,775,530"
2026-09-29,vn,Vietnam,top_artists_weekly,,85,https://lh3.googleusercontent.com/PWN0zjyKn2vSd0ddh3GFapuTKPT6eyfxGzaO7KBzo_FquK1-5WOjp608uEDlC2CsMZLB7S2NL2zJS5aH=w64-h64-p,,3 美心,,"1月 1, 1970",1750282,"85 3 美心 1月 1, 1970 82 23 1,750,282"
2026-09-29,vn,Vietnam,top_artists_weekly,,86,https://lh3.googleusercontent.com/U-SAmNOu4TynE818gLCfKsuHZ0U5YNEtO9mrjSI9WCCKERs98LzrCal5kajBBTQNwdcisoB2Bn-pHp4=w64-h64-p,,1 The Weeknd,,"1月 1, 1970",1743669,"86 1 The Weeknd 1月 1, 1970 85 23 1,743,669"
2026-09-29,vn,Vietnam,top_artists_weekly,,87,https://yt3.googleusercontent.com/mIt4EMYP6Xj3V1xYvtPcdXsjO4MFQgETVoKqFqlouuEEwKhmfOgUGXBNbxBXiv9_AnKAl-u_uQ=w64-h64-p,,3 Phi Nhung,,"1月 1, 1970",1737990,"87 3 Phi Nhung 1月 1, 1970 90 23 1,737,990"
2026-09-29,vn,Vietnam,top_artists_weekly,,88,https://yt3.googleusercontent.com/yk72xPZ-2DQTkWwYssJUb9ZNwpqCHF2e_RuqCgjP1wbojVy-fh_RB60F6aLVnPdvv1bvZop8nQ=w64-h64-p,,● 譚永興,,"1月 1, 1970",1729096,"88 ● 譚永興 1月 1, 1970 88 23 1,729,096"
2026-09-29,vn,Vietnam,top_artists_weekly,,89,https://yt3.googleusercontent.com/2yIwhC1JiZbfGgwIhbRu3QSXnj1Vf2KtE1iGzDH2BDCq4_WI2vl1B9L8rVaEAJxbfhTYJ1qEGzc=w64-h64-p,,9 Trung Quân,,"1月 1, 1970",1721634,"89 9 Trung Quân 1月 1, 1970 80 23 1,721,634"
2026-09-29,vn,Vietnam,top_artists_weekly,,90,https://yt3.googleusercontent.com/OMWK6EO7ZsmYjvIIOm-0ZlKjiTScnfIJuXyhtWurPq0unO_3vEG78Nf67eDxOv95v0EKBxCqLw=w64-h64-p,,6 Tuấn Hưng,,"1月 1, 1970",1716938,"90 6 Tuấn Hưng 1月 1, 1970 84 23 1,716,938"
2026-09-29,vn,Vietnam,top_artists_weekly,,91,https://yt3.googleusercontent.com/v4ncCgfzAWL7bFlIDQsUCxdd3qJ-hLvCNXjZu3zUFsTR98MJ3iKa8Cw-BKIFTqBSn-8JKxIm_7wOx04=w64-h64-p,,24 Hoàng Tôn,,"1月 1, 1970",1708843,"91 24 Hoàng Tôn 1月 1, 1970 67 23 1,708,843"
2026-09-29,vn,Vietnam,top_artists_weekly,,92,https://yt3.googleusercontent.com/UKttX3rJhwi87HWoAgXQAJylTMoG14DJRC7IFXj2fv32PSU0eej6IOZsk2VRZNDODIkqMTzk=w64-h64-p,,92 Hoài Lâm,,"1月 1, 1970",1702862,"92 92 Hoài Lâm 1月 1, 1970 - 23 1,702,862"
2026-09-29,vn,Vietnam,top_artists_weekly,,93,https://yt3.googleusercontent.com/tm5tWZmfEPoPjvQaDJNE1N7LhdEXQ9JTcZdI9KyQz0QinH0Hs1B_pVwWNoJA6FmXQLWMoI4orA=w64-h64-p,,12 玉山,,"1月 1, 1970",1702446,"93 12 玉山 1月 1, 1970 81 23 1,702,446"
2026-09-29,vn,Vietnam,top_artists_weekly,,94,https://lh3.googleusercontent.com/V6Ml-KQj2aGZANES3740Xo7CZA2POHVE_0JATaOqPtCEHHfYQGQTNk0N1T-I4y8SHwj4nbg_3wu3sWMM=w64-h64-p,,6 Quang Lập,,"1月 1, 1970",1699508,"94 6 Quang Lập 1月 1, 1970 100 23 1,699,508"
2026-09-29,vn,Vietnam,top_artists_weekly,,95,https://yt3.googleusercontent.com/uUTpBe2hxFeiwwY9-i2cP63Dqt5fllYK1_jQac8IvFSIKE1ZjaKXZFrJI_1V3KtrOW_SHh6L7g=w64-h64-p,,95 Anh Tú,,"1月 1, 1970",1694823,"95 95 Anh Tú 1月 1, 1970 - 23 1,694,823"
2026-09-29,vn,Vietnam,top_artists_weekly,,96,https://yt3.googleusercontent.com/Gxl20U930GdoGaLe-3TDGSdb2o7I-pfUKHtnjXvDTvcnHQRGgFDvKHBg-9S7qhuiugoPDvss=w64-h64-p,,31 JSOL,,"1月 1, 1970",1690138,"96 31 JSOL 1月 1, 1970 65 11 1,690,138"
2026-09-29,vn,Vietnam,top_artists_weekly,,97,https://lh3.googleusercontent.com/w5H5wFxyQLVlmcNALQsFXahPlmH9jKaWiVQyVAiiUb5XtidxKyQW7SA_pxld5dHtpenzIqcqeXSnO2k=w64-h64-p,,97 Hòa Minzy,,"1月 1, 1970",1689867,"97 97 Hòa Minzy 1月 1, 1970 - 23 1,689,867"
2026-09-29,vn,Vietnam,top_artists_weekly,,98,https://yt3.ggpht.com/ytc/AIdro_kZHm7fNa0IIwMFL3UIJK8Q0HMLVmKPncCeAaOJlYqFAoU=w64-h64-p,,98 Lâm Chấn Khang,,"1月 1, 1970",1671369,"98 98 Lâm Chấn Khang 1月 1, 1970 - 23 1,671,369"
2026-09-29,vn,Vietnam,top_artists_weekly,,99,https://yt3.googleusercontent.com/_GTEBb3560v9MFHwZFmqDWBWTTgVqK_mgAhMFGQyjjHM7enxRK84-TPZlG1khoeWg2flSYkaWg=w64-h64-p,,4 孟瓊,,"1月 1, 1970",1667195,"99 4 孟瓊 1月 1, 1970 95 23 1,667,195"
2026-09-29,vn,Vietnam,top_artists_weekly,,100,https://lh3.googleusercontent.com/ElDriqQbtsnoUSDBTRbrmY2UjafJQT-En6g7qx7SY1FaEHx9T_-CpRU1TU7BvXkNP7aUtz1Ew523KRE=w64-h64-p,,Tăng Duy Tân,,"1月 1, 1970",1667190,"100 100 Tăng Duy Tân 1月 1, 1970 - 23 1,667,190"
2026-09-29,th,Thailand,top_artists_weekly,,1,https://yt3.ggpht.com/ytc/AIdro_ngOl7xNCnQWXKaWponHEOGaZbJTZHRgQedZRnVNs6Xsw=w64-h64-p,,1 bodyslam,,"1月 1, 1970",10958179,"1 1 bodyslam 1月 1, 1970 2 23 10,958,179"
2026-09-29,th,Thailand,top_artists_weekly,,2,https://yt3.googleusercontent.com/DYQLMV3t02D_yxbR6-JIFBxkBKple-RPTHsLovVZjZnsqcMHi8S4N6RfWUoZdaBV4yQp3T-ItyE=w64-h64-p,,1 BOWKYLION,,"1月 1, 1970",10666179,"2 1 BOWKYLION 1月 1, 1970 1 23 10,666,179"
2026-09-29,th,Thailand,top_artists_weekly,,3,https://yt3.googleusercontent.com/bNl_O_iX0OWaVRKB1hEn1TsXUVjicQg1wnpbI2t2lgghV99BQ3M5AHMctHHRtFSliZv6ZM_P1J5A3r3D=w64-h64-p,,● PUN,,"1月 1, 1970",10454398,"3 ● PUN 1月 1, 1970 3 23 10,454,398"
2026-09-29,th,Thailand,top_artists_weekly,,4,https://yt3.googleusercontent.com/RmUDFPJyvsxePIhpvkhmp6OE83Z4uUIBih5ba5tGZ5MwZO-m-e-Syhm2D6tvTRDMNaWdWwbzqg=w64-h64-p,,24 PORZAX,,"1月 1, 1970",10436935,"4 24 PORZAX 1月 1, 1970 28 23 10,436,935"
2026-09-29,th,Thailand,top_artists_weekly,,5,https://lh3.googleusercontent.com/IvDeZZctvGGlKvYfmJiQ54LluArTP8OlYxZqVTHu_K53ab_NXwJCCOQdmc_PlTMm91sbHvSTzo69ODc=w64-h64-p,,1 ILLSLICK,,"1月 1, 1970",10430896,"5 1 ILLSLICK 1月 1, 1970 4 23 10,430,896"
2026-09-29,th,Thailand,top_artists_weekly,,6,https://lh3.googleusercontent.com/SPvDM_nPpOhKnR68u_iwI50CzuIlyyVWwUNSZMLFKytaLlByUncsmZzYeO5Ay-km84xBLYVTaSBNKgrn=w64-h64-p,,1 YOUNGOHM,,"1月 1, 1970",10268089,"6 1 YOUNGOHM 1月 1, 1970 5 23 10,268,089"
2026-09-29,th,Thailand,top_artists_weekly,,7,https://yt3.googleusercontent.com/B8RuU6rF6D1GrlO1GxBY8v8-7n0y9XKVCjEAzpUNI442Sy3ZkdiWbYH93kw-DVFZ26mNhI0CzA=w64-h64-p,,● 蒙肯·根坤,,"1月 1, 1970",8881519,"7 ● 蒙肯·根坤 1月 1, 1970 7 23 8,881,519"
2026-09-29,th,Thailand,top_artists_weekly,,8,https://yt3.ggpht.com/ytc/AIdro_kQapRBumqZkBOz9xMx0GpoWXS5tqFIBaJm5PZMqAvNCA=w64-h64-p,,2 COCKTAIL,,"1月 1, 1970",8494432,"8 2 COCKTAIL 1月 1, 1970 6 23 8,494,432"
2026-09-29,th,Thailand,top_artists_weekly,,9,https://yt3.googleusercontent.com/6tTVfqLvRQjzWtjiL5AV4apO1gX5s_Szt4-Rs-McLawP-cHaYsHdbQPHfByIVwTBAuQTl85FTPeaxFdP=w64-h64-p,,● Loso,,"1月 1, 1970",8252785,"9 ● Loso 1月 1, 1970 9 23 8,252,785"
2026-09-29,th,Thailand,top_artists_weekly,,10,https://yt3.googleusercontent.com/tWVeSR36zUDuU0R1SsjggdT3ifPEw_b7gUyKupy8ekXsMz9MzH6JLzd-1BHH_6GookUfhJlPPw=w64-h64-p,,● PURPEECH,,"1月 1, 1970",8237676,"10 ● PURPEECH 1月 1, 1970 10 23 8,237,676"
2026-09-29,th,Thailand,top_artists_weekly,,11,https://yt3.googleusercontent.com/In97NZnQ89-8zesrfkMqYVmiRk0e1xixzG0dXsjY2En_Qvp4yIH7AxIyjVPvGwjP7WpVyvmsHofIdf4=w64-h64-p,,● SARAN,,"1月 1, 1970",8110921,"11 ● SARAN 1月 1, 1970 11 23 8,110,921"
2026-09-29,th,Thailand,top_artists_weekly,,12,https://yt3.googleusercontent.com/-KZqZmLjP5rR08WfFf9Hc0jo2p8YS3qd0bselzAhPn8gOGkSpMk7TT23mDJDOj34z-RXR8XwqGi_7ETR=w64-h64-p,,4 หนึ่ง บีเคแบนด์,,"1月 1, 1970",7989862,"12 4 หนึ่ง บีเคแบนด์ 1月 1, 1970 8 23 7,989,862"
2026-09-29,th,Thailand,top_artists_weekly,,13,https://yt3.ggpht.com/ytc/AIdro_kfP8rXI4Amdmk1h7NWsKhpCGJy8tzzlafbpW5LW2tJjgM=w64-h64-p,,1 Three Man Down,,"1月 1, 1970",7362321,"13 1 Three Man Down 1月 1, 1970 12 23 7,362,321"
2026-09-29,th,Thailand,top_artists_weekly,,14,https://lh3.googleusercontent.com/8MOh3MDdzB9l6ZrvL1KbSU--ahyoFyJcgG5FEuqIT2zQJcd8Z6EAtRWVSbzKB9HoR1_akkpQVV7HFJk=w64-h64-p,,8 Carabao,,"1月 1, 1970",7279333,"14 8 Carabao 1月 1, 1970 22 23 7,279,333"
2026-09-29,th,Thailand,top_artists_weekly,,15,https://lh3.googleusercontent.com/Tr91-N5WlOrGACwx9ZqusWSVJOGmnxrMnCeIPyZ_qoc1cUrtDLZcBF1qxlaFLUu9LZg1SCXbAJwSCAuq=w64-h64-p,,ธีร์ ทีเร็กซ์ OFFICIAL,,,,ธีร์ ทีเร็กซ์ OFFICIAL
2026-09-29,th,Thailand,top_artists_weekly,,16,https://yt3.googleusercontent.com/Zbbpal2EHdX38ZIqPJRjtRqp6r04Lq8LUcOa_Sm9CntmZeqecV9vRzdtU4x1aoeC6vq7WRrCwNTP6UWK=w64-h64-p,,3 BLVCKHEART,,"1月 1, 1970",7020481,"16 3 BLVCKHEART 1月 1, 1970 13 23 7,020,481"
2026-09-29,th,Thailand,top_artists_weekly,,17,https://yt3.googleusercontent.com/6fInkI1Uu2Hx9raAuyOZ3X-pmiYMXooMx0-7eT5WSxxgDcOdKCjeZovj7wXDV9KPGtGON1ZJ=w64-h64-p,,2 Big Ass,,"1月 1, 1970",6964084,"17 2 Big Ass 1月 1, 1970 15 23 6,964,084"
2026-09-29,th,Thailand,top_artists_weekly,,18,https://yt3.googleusercontent.com/qcLxgGQJ-XZm3CW9wfheoMDzeXhi3nyLgSmArHaNZoeujo--xwNQvFtvztZe6OdYVd_sEySQPek_JHg=w64-h64-p,,1 KRK,,"1月 1, 1970",6828640,"18 1 KRK 1月 1, 1970 19 23 6,828,640"
2026-09-29,th,Thailand,top_artists_weekly,,19,https://yt3.googleusercontent.com/MpD4FFpnwTg45F5-_NdUfLcZaJ-4WSgVdTMiZK-Cu_ja6pOIl-7lyOkjIfh30BA0itA048NkTfTYeFU=w64-h64-p,,1 Silly Fools,,"1月 1, 1970",6778069,"19 1 Silly Fools 1月 1, 1970 18 23 6,778,069"
2026-09-29,th,Thailand,top_artists_weekly,,20,https://yt3.googleusercontent.com/mRMp0b_xApz2sHCTNt71EzBeRi9pF5m2QTlc4PVacrkLtTTdW-c9P4BGuYmA-kbw79rB9UZGxjLkHFXW=w64-h64-p,,อ.ไข่ มาลีฮวนน่า,,,,อ.ไข่ มาลีฮวนน่า
2026-09-29,th,Thailand,top_artists_weekly,,21,https://lh3.googleusercontent.com/jSAwr4kjuHIx91Y8dsZIvPx9Qmi_1sGKjxpnNfILwgI9Iz1zUHygFXuKN9IuQJcTTqGiz1HnXFUsEw=w64-h64-p,,พงษ์สิทธิ์ คำภีร์,,,,พงษ์สิทธิ์ คำภีร์
2026-09-29,th,Thailand,top_artists_weekly,,22,https://yt3.googleusercontent.com/2Bx-7fnwdiQI_AgC221nA3cpTWHFSu8hExqNTDbVNR6BhP-RqqQKwu95AoL--emKuqp5hdAVjg=w64-h64-p,,6 Mirrr,,"1月 1, 1970",6483242,"22 6 Mirrr 1月 1, 1970 16 23 6,483,242"
2026-09-29,th,Thailand,top_artists_weekly,,23,https://yt3.googleusercontent.com/aKAPkdjuJjv7lgUh6ATJHrMqAyCDe2IUO5zPIxg2w9TP96jldvVNXqg1wKVA8vqAWCYR-E7qBjMrOaA=w64-h64-p,,36 GAVIN:D,,"1月 1, 1970",6410322,"23 36 GAVIN:D 1月 1, 1970 59 23 6,410,322"
2026-09-29,th,Thailand,top_artists_weekly,,24,https://yt3.googleusercontent.com/cf9VlF9bdHk3ej3IbttsXPSWPHD3Je4sTw2AXCnzhDNzT66pT2cBF3H44uuxvQ8QVG7_oNY22pb4jwmp=w64-h64-p,,7 Z9,,"1月 1, 1970",6344028,"24 7 Z9 1月 1, 1970 17 23 6,344,028"
2026-09-29,th,Thailand,top_artists_weekly,,25,https://lh3.googleusercontent.com/tYX8P0Q8l7lODmYZqOkho2QaYvJU4fw44gObBJMzKIFO016jTK-hYdtSCI-77lL0wo2wrT7hlB3yWtU=w64-h64-p,,1 Tattoo Colour,,"1月 1, 1970",5820739,"25 1 Tattoo Colour 1月 1, 1970 24 23 5,820,739"
2026-09-29,th,Thailand,top_artists_weekly,,26,https://yt3.googleusercontent.com/PoRg-euBwJ0C43D_AoRG0ZUMKZTYZgVPKwoFnddWTpD1_4s40cIinBPdAbISpPoTv0gAzWfaAA=w64-h64-p,,● 奧拉泰,,"1月 1, 1970",5667240,"26 ● 奧拉泰 1月 1, 1970 26 23 5,667,240"
2026-09-29,th,Thailand,top_artists_weekly,,27,https://yt3.googleusercontent.com/DU6Kpr5TYKcW6QHvMnsJau5_8QSuix8LCLtf5UEaziZZdXw8SxvcxJ9YWmVIQuzhg2R-MVHYgjdGCQ=w64-h64-p,,● Ariana Grande,,"1月 1, 1970",5332207,"27 ● Ariana Grande 1月 1, 1970 27 23 5,332,207"
2026-09-29,th,Thailand,top_artists_weekly,,28,https://yt3.googleusercontent.com/FsR_Gou5VtZrqvWcDHZx9RMwNmMCjKT1tblbbt44FgOuQCnVlrDFH1YePj50mTvwcapAC_4sew=w64-h64-p,,1 JOEY PHUWASIT,,"1月 1, 1970",5267888,"28 1 JOEY PHUWASIT 1月 1, 1970 29 23 5,267,888"
2026-09-29,th,Thailand,top_artists_weekly,,29,https://yt3.googleusercontent.com/Lf6-3WUNiN9tc__DBS0kcg89eep_EqiVoF-ElcVeZC8azfXaBdWzsL6jbvkA9x0LRRWLh2GIgsYDiVQ=w64-h64-p,,2 Dr.Fuu,,"1月 1, 1970",5146815,"29 2 Dr.Fuu 1月 1, 1970 31 23 5,146,815"
2026-09-29,th,Thailand,top_artists_weekly,,30,https://yt3.googleusercontent.com/M5EMH2WZ0b3NDP_4gK7kLNkKSisoeKuG958wc4cxBttbLG6BpAvNLT_rQ_xCK_8DfcOIKjZsmIY=w64-h64-p,,● Yes'sir days,,"1月 1, 1970",4952396,"30 ● Yes'sir days 1月 1, 1970 30 23 4,952,396"
2026-09-29,th,Thailand,top_artists_weekly,,31,https://yt3.googleusercontent.com/K4pKRW4t-ZIoqWC-5URiTW5pJYz0lxYxvkppZZ7eAefWeWNNZuYQ8XR8RwzBfYUL7m_Td-rPNugsJig=w64-h64-p,,Maithai Jaitawan,,,,Maithai Jaitawan
2026-09-29,th,Thailand,top_artists_weekly,,32,https://yt3.googleusercontent.com/oVkIqwjsgJSAsaWaoPJO-GvyXB2UBdcqy0nwLrfkhZ_tWamYwTX3fv-S9TH3n8dUpQKY0x_loaQ=w64-h64-p,,● Musketeers,,"1月 1, 1970",4639526,"32 ● Musketeers 1月 1, 1970 32 23 4,639,526"
2026-09-29,th,Thailand,top_artists_weekly,,33,https://yt3.googleusercontent.com/GKt8fKdpcKR2i8kDVJjp20k2oOfE2pg9-TcgF-llfi_AjVPfkgGE2eu_hjpDGXCqcGSfX3csxmk2BA=w64-h64-p,,13 LISA,,"1月 1, 1970",4603427,"33 13 LISA 1月 1, 1970 20 23 4,603,427"
2026-09-29,th,Thailand,top_artists_weekly,,34,https://yt3.googleusercontent.com/4b5_vth2-knVDvuryqEvtUYD6czq6sPfwu-I53hhlCaPnZisH7lGvb6z-P81C_yFI100v2PGnEd9-U1h9Q=w64-h64-p,,9 Asanee & Wasan,,"1月 1, 1970",4522068,"34 9 Asanee & Wasan 1月 1, 1970 25 23 4,522,068"
2026-09-29,th,Thailand,top_artists_weekly,,35,https://lh3.googleusercontent.com/I2AtJc4L0wCTatVHR1wEgobrRexYK9Fq-rQan81jmL9zmLFdSDFtF7de3OuhCBOs9lKO8VIQf8of_S1k=w64-h64-p,,1 Sek Loso,,"1月 1, 1970",4388224,"35 1 Sek Loso 1月 1, 1970 34 23 4,388,224"
2026-09-29,th,Thailand,top_artists_weekly,,36,https://lh3.googleusercontent.com/U-SAmNOu4TynE818gLCfKsuHZ0U5YNEtO9mrjSI9WCCKERs98LzrCal5kajBBTQNwdcisoB2Bn-pHp4=w64-h64-p,,1 The Weeknd,,"1月 1, 1970",4341346,"36 1 The Weeknd 1月 1, 1970 35 23 4,341,346"
2026-09-29,th,Thailand,top_artists_weekly,,37,https://yt3.googleusercontent.com/z2Sce1Lg1Y6QyjPutqjEX7bQjBo-pfKKsaS0ZMzP1BOGmubVzfAGubarRr-PAQD_ZP1o2QkV=w64-h64-p,,4 FREEHAND,,"1月 1, 1970",4321600,"37 4 FREEHAND 1月 1, 1970 41 23 4,321,600"
2026-09-29,th,Thailand,top_artists_weekly,,38,https://lh3.googleusercontent.com/bUd4wSatgECbCYkj876mD4OXMhpzl4SWpSGQagI8BbLcBpWHt4HJKYSKr9orgYgHfibJ-NgbgO7-lpzx=w64-h64-p,,1 PROXIE,,"1月 1, 1970",4312758,"38 1 PROXIE 1月 1, 1970 37 23 4,312,758"
2026-09-29,th,Thailand,top_artists_weekly,,39,https://yt3.ggpht.com/ytc/AIdro_m9V1F-7b15EXJL6zBqEvtupeHLM7mSbrK8yqqyj2jRGw=w64-h64-p,,Phai Phongsathon,,,,Phai Phongsathon
2026-09-29,th,Thailand,top_artists_weekly,,40,https://yt3.googleusercontent.com/qCRUeqRD078-d7KNf-W7JhdCy0EW2R9FsF37korJP22w4oQj1cP5DzpLF2wY3GPFXr0TDrlG=w64-h64-p,,4 NONT TANONT,,"1月 1, 1970",4108813,"40 4 NONT TANONT 1月 1, 1970 36 23 4,108,813"
2026-09-29,th,Thailand,top_artists_weekly,,41,https://yt3.ggpht.com/ytc/AIdro_lY6kVJFrj7L6ebB01zc82m7nTb-YGPXxFfnjXdRUtZlA=w64-h64-p,,14 ก้อง ห้วยไร่,,"1月 1, 1970",4079728,"41 14 ก้อง ห้วยไร่ 1月 1, 1970 55 23 4,079,728"
2026-09-29,th,Thailand,top_artists_weekly,,42,https://lh3.googleusercontent.com/g234lnS_qibwulmE2BnlnSFHnALrW5njsw-K4hJp89MntvZfrkI8FxnpFo79fV8k8ABNi9IKaMtgSrNe=w64-h64-p,,4 Bedroom Audio,,"1月 1, 1970",4042425,"42 4 Bedroom Audio 1月 1, 1970 38 23 4,042,425"
2026-09-29,th,Thailand,top_artists_weekly,,43,https://yt3.googleusercontent.com/CNxHPwEZ0Wwlu_0VppuGhfjWHgFo7BSj7bApcjKX13g18iwuuqcycQzgr54bmJLte17dpgNuo0A=w64-h64-p,,4 ดิด คิตตี้,,"1月 1, 1970",3936990,"43 4 ดิด คิตตี้ 1月 1, 1970 39 23 3,936,990"
2026-09-29,th,Thailand,top_artists_weekly,,44,https://yt3.ggpht.com/ytc/AIdro_mqPmYBMTcAmwTa9P51mJ8YCV5lk0I5j1exdoix5jC4xQ=w64-h64-p,,● Labanoon,,"1月 1, 1970",3884824,"44 ● Labanoon 1月 1, 1970 44 23 3,884,824"
2026-09-29,th,Thailand,top_artists_weekly,,45,https://yt3.googleusercontent.com/RCpTA6EXJQyjVFDosWOKa2SMmqkua_lA9mHPDWWciLwgqpZLz-k8rXWRF_367trrQ7up9BUwCbk6kRk=w64-h64-p,,3 Taylor Swift,,"1月 1, 1970",3857467,"45 3 Taylor Swift 1月 1, 1970 42 23 3,857,467"
2026-09-29,th,Thailand,top_artists_weekly,,46,https://yt3.googleusercontent.com/AFvP9875wo397ZWM-W5h2DV8DEqmFclPUGkV8_ve3K6F8MxKq51UsSnOE4-VSMCRCGgYl0NLsA=w64-h64-p,,3 Potato,,"1月 1, 1970",3847870,"46 3 Potato 1月 1, 1970 43 23 3,847,870"
2026-09-29,th,Thailand,top_artists_weekly,,47,https://lh3.googleusercontent.com/lNDS6_NXXKM-n1-1K-CMI-SQThxfICx79_PXtXnL-yCjUZfUwSGPLKRvJzPWOwmUTI7Sc5WE85GwVRM=w64-h64-p,,Jintara Poonlarp,,,,Jintara Poonlarp
2026-09-29,th,Thailand,top_artists_weekly,,48,https://yt3.googleusercontent.com/xO9xhfJCTky5tQL8wehWdqPFYmI1eR-No686-n6D0PRzGBsrnaUbQBdhY706UabGwdryySiOn4c=w64-h64-p,,Takkatan Chollada,,,,Takkatan Chollada
2026-09-29,th,Thailand,top_artists_weekly,,49,https://yt3.googleusercontent.com/DQA0vfilm99udmYrRHSshrXv8O7MporgjF4Polh_U1SDaxaOmIZ1BL2UcREWgy8G_Rjv3D1vZQ=w64-h64-p,,5 Only Monday,,"1月 1, 1970",3720690,"49 5 Only Monday 1月 1, 1970 54 23 3,720,690"
2026-09-29,th,Thailand,top_artists_weekly,,50,https://yt3.googleusercontent.com/nFsUBVFMJBsVfK3srdJNuUtNMl2Rf9Flg4XFi-qrAjxFnOteON2N1--yQdOFoXenKF0HarNHWA=w64-h64-p,,21 WANYAi,,"1月 1, 1970",3713634,"50 21 WANYAi 1月 1, 1970 71 23 3,713,634"
2026-09-29,th,Thailand,top_artists_weekly,,51,https://yt3.googleusercontent.com/181xPmULPrxKOr9N7UeQxh5tfPiRzh8avFEzPApAULAoXXdGPOvTyKmQzR7Xo-2FzCWg8ewMNXrF4g=w64-h64-p,,1 Lek Ratchamet,,"1月 1, 1970",3705112,"51 1 Lek Ratchamet 1月 1, 1970 50 23 3,705,112"
2026-09-29,th,Thailand,top_artists_weekly,,52,https://yt3.googleusercontent.com/F1e5LKm6WxOEOljZ8ffW5xdX-DX_c40inrpigHBhl93viR9V8K-QE0NNE5EXg2Db2I_yrxbFWZrbRiIa=w64-h64-p,,7 Clash,,"1月 1, 1970",3619627,"52 7 Clash 1月 1, 1970 45 23 3,619,627"
2026-09-29,th,Thailand,top_artists_weekly,,53,https://lh3.googleusercontent.com/LGZOs_k6BO_5EeJ21E3yGgiLh_NA-3CUmQcQk3m4Z2Wko7hZnMvDNge-Q9dkmQBGzOgyNfkc0T6hzA=w64-h64-p,,● Bird Thongchai,,"1月 1, 1970",3566384,"53 ● Bird Thongchai 1月 1, 1970 53 23 3,566,384"
2026-09-29,th,Thailand,top_artists_weekly,,54,https://lh3.googleusercontent.com/lwD4AHPargyHv-0quinuUZe_iK9OLXxI1oGBrYeQ1CXjE82wDl_wpqPzfudI1oU3AiO0G1KaTCtiaw=w64-h64-p,,7 Ink Waruntorn,,"1月 1, 1970",3489781,"54 7 Ink Waruntorn 1月 1, 1970 47 23 3,489,781"
2026-09-29,th,Thailand,top_artists_weekly,,55,https://yt3.googleusercontent.com/tgNxOXa-_OBJjtgDdOCRERKvLVuPdsMZFAZjGkHOcONZM7fdRjF-Xb5v973g63ojbgiyvYaKAg=w64-h64-p,,1 AYLA's,,"1月 1, 1970",3443903,"55 1 AYLA's 1月 1, 1970 56 23 3,443,903"
2026-09-29,th,Thailand,top_artists_weekly,,56,https://yt3.googleusercontent.com/uMl3t6q_WIMurfjV4Hw6GvY4yASmTIA_h22u4V8O-wQ9EUwKo9B_Ya0wPpeAzL6yVW-KZVc9OHo=w64-h64-p,,Kantong Tungngern,,,,Kantong Tungngern
2026-09-29,th,Thailand,top_artists_weekly,,57,https://yt3.googleusercontent.com/W26izL8GFWQGqqSET-qPFeGgS_dGMTRBmR58Bqo2gyaUZEul_szj5tuFzo5KLaAIW6594AWd1MtXsnaVdw=w64-h64-p,,3 guncharlie,,"1月 1, 1970",3371154,"57 3 guncharlie 1月 1, 1970 60 23 3,371,154"
2026-09-29,th,Thailand,top_artists_weekly,,58,https://yt3.googleusercontent.com/N0dXq3ZvHQ1PcxdGs8Tr1vE6MoNAMy0qcKNavpe__k19zsCCw-NHUVfkLM1IYfm_IJYIdNOHmV8=w64-h64-p,,6 โชเล่ย์ ชคัทพล,,"1月 1, 1970",3361883,"58 6 โชเล่ย์ ชคัทพล 1月 1, 1970 64 23 3,361,883"
2026-09-29,th,Thailand,top_artists_weekly,,59,https://lh3.googleusercontent.com/4ULlRiFBFglNemZJyKn6_e2-iOIdJEbgBgq_79RQclndG6pge0yGgS2k2On6E1FkCJzenyHkHRzkvjFp=w64-h64-p,,6 Justin Bieber,,"1月 1, 1970",3335390,"59 6 Justin Bieber 1月 1, 1970 65 23 3,335,390"
2026-09-29,th,Thailand,top_artists_weekly,,60,https://lh3.googleusercontent.com/zTePr9wIPMcmSkwDkzAhTifQ0_VyPWtD3rQou1aQAmI3tVAtRrEkst0zBXwqwVyImW-qMH-QhEG2elqK=w64-h64-p,,8 Season Five,,"1月 1, 1970",3331734,"60 8 Season Five 1月 1, 1970 52 23 3,331,734"
2026-09-29,th,Thailand,top_artists_weekly,,61,https://yt3.googleusercontent.com/o2hXfaNRI7Kq4P0VkgJMhlSD_mlfg9rvjnpeuZcU04BN0UhaAtJG0JX7JBDRHkLVuedE7jejH-V35SKk=w64-h64-p,,2 Palmy,,"1月 1, 1970",3316520,"61 2 Palmy 1月 1, 1970 63 23 3,316,520"
2026-09-29,th,Thailand,top_artists_weekly,,62,https://yt3.googleusercontent.com/RmsiU2i1N7h5K3wiREuD9qLR5N5vgsdw5TlnvvewXmvJ-X9mo1AoK6EjHl2XZCcqSHyZVLWy1e9VZko=w64-h64-p,,5 Am Seatwo,,"1月 1, 1970",3287756,"62 5 Am Seatwo 1月 1, 1970 57 23 3,287,756"
2026-09-29,th,Thailand,top_artists_weekly,,63,https://lh3.googleusercontent.com/0zh-zCEXhZ0XPyCHL-WU-fkggzF-_rpJQHbSDsmVei-zNU2x1A0emOWniaA6qYSapbym92W25tJUmOc=w64-h64-p,,5 Maiyarap,,"1月 1, 1970",3277290,"63 5 Maiyarap 1月 1, 1970 68 23 3,277,290"
2026-09-29,th,Thailand,top_artists_weekly,,64,https://lh3.googleusercontent.com/Y0BMRylQZn--6HNMWwV6B_-nRRoiFMUt89Vt6X-JgU9HHXyLfOzkJCI8VIzORq_1g8vJlrUaScJdxIM=w64-h64-p,,6 fellow fellow,,"1月 1, 1970",3215308,"64 6 fellow fellow 1月 1, 1970 58 23 3,215,308"
2026-09-29,th,Thailand,top_artists_weekly,,65,https://yt3.googleusercontent.com/s7PjFHZgSQCjZBNLzBG_6PUmI1TtqV_jmIKttKHdkxNTX_VrWLKbyQ5Le8DTSpKnQUJlxP_3nSH2bf8E=w64-h64-p,,16 บุ๊ค ศุภกาญจน์,,"1月 1, 1970",3207245,"65 16 บุ๊ค ศุภกาญจน์ 1月 1, 1970 81 23 3,207,245"
2026-09-29,th,Thailand,top_artists_weekly,,66,https://yt3.googleusercontent.com/Bh78NItLobIsS5EJe0NpHR9hh9Ozz9JmK_icS15_ldcCnCBV3CpWwZXQlU8w0Mgj3xxXsGMgP7M=w64-h64-p,,7 ASIA7,,"1月 1, 1970",3204451,"66 7 ASIA7 1月 1, 1970 73 23 3,204,451"
2026-09-29,th,Thailand,top_artists_weekly,,67,https://yt3.googleusercontent.com/9PlLK-ljZiWXR59sy4GH-329XytXmn8S_C9-wnEfvSupy9dcu4oTHFqpF6fPRxlPi6Y7IErA0I3bnarW=w64-h64-p,,23 LITTLE JOHN,,"1月 1, 1970",3179272,"67 23 LITTLE JOHN 1月 1, 1970 90 23 3,179,272"
2026-09-29,th,Thailand,top_artists_weekly,,68,https://yt3.googleusercontent.com/R9LiXtW6eUK1b5bHQl9NjqmiwbYTDuHIDWWqO06GXHyRjLY9QkjkAlqfQwfx64Q4HWyhFrX6hJ7sjO77=w64-h64-p,,2 Pang Nakarin,,"1月 1, 1970",3087040,"68 2 Pang Nakarin 1月 1, 1970 66 23 3,087,040"
2026-09-29,th,Thailand,top_artists_weekly,,69,https://lh3.googleusercontent.com/NXu8rPYUFaGlHpcRHVCOtE3FOiNNuamM7CbefsKZLzeR5eUUOpvsmbQsAudmaxqHXqY1EMXGE6qtM_g=w64-h64-p,,5 F.HERO,,"1月 1, 1970",3067498,"69 5 F.HERO 1月 1, 1970 74 23 3,067,498"
2026-09-29,th,Thailand,top_artists_weekly,,70,https://yt3.googleusercontent.com/svHpptd2_f0Q_YrVv8RDktd2bcW8HPkgDsW0sPkXT05OZb9gPlp2_wwqZE0r5M8t6sFphX7QyMn6khM=w64-h64-p,,24 Lipta,,"1月 1, 1970",3064097,"70 24 Lipta 1月 1, 1970 46 23 3,064,097"
2026-09-29,th,Thailand,top_artists_weekly,,71,https://yt3.googleusercontent.com/vbIn7SPl-cNWWNvwj1k_S_Yhp4-ov1srHFoaWC2fsZLeVTTQshCkTS8vg4iaY2yHBiUmnBD1BQ=w64-h64-p,,9 BOVINI,,"1月 1, 1970",3052459,"71 9 BOVINI 1月 1, 1970 62 19 3,052,459"
2026-09-29,th,Thailand,top_artists_weekly,,72,https://yt3.googleusercontent.com/W3VtAuXKAj42DfjCxvODckwc7X0OpWF0TFKzj1d1g2OML9hjjwT3CRb-PPdxmmlt6GXf2fSB=w64-h64-p,,3 Beer Prompong,,"1月 1, 1970",3031658,"72 3 Beer Prompong 1月 1, 1970 75 23 3,031,658"
2026-09-29,th,Thailand,top_artists_weekly,,73,https://lh3.googleusercontent.com/uE72emEZFH3TVtCZoIFYKmnf7vsb42RYQxb4X-lonyqPQuS_mLtKpLfBQ5JdHwUijfQo06BtSB7LoQ=w64-h64-p,,73 Linkin Park,,"1月 1, 1970",2982222,"73 73 Linkin Park 1月 1, 1970 - 23 2,982,222"
2026-09-29,th,Thailand,top_artists_weekly,,74,https://yt3.googleusercontent.com/BPhKNenKV5jIBYnzj0n-7jloh9YYHETeckNm7mTUbNo8FarpqRBc0gucM2XZpSRONnFnOL36kQq0uVHu=w64-h64-p,,7 หยุด สาละวัน,,"1月 1, 1970",2972920,"74 7 หยุด สาละวัน 1月 1, 1970 67 6 2,972,920"
2026-09-29,th,Thailand,top_artists_weekly,,75,https://yt3.googleusercontent.com/Pt2Qr9eBEtjL16sw3Kf0sVlRqmjN0tEjRvcp0BH7hyrDY5BvjIafkClHQOhY0TrQIRuCaKpHEQ=w64-h64-p,,13 วสันต์17,,"1月 1, 1970",2955059,"75 13 วสันต์17 1月 1, 1970 88 23 2,955,059"
2026-09-29,th,Thailand,top_artists_weekly,,76,https://yt3.googleusercontent.com/VKLe3q975eWwu1slk2WyRdJybm8wU_XKqhKo0pL0nJnfYlIYyLaLG5p_EtoITMmBT-i4H_y3yKZ-H4RZ=w64-h64-p,,Siriporn Ampaipong,,,,Siriporn Ampaipong
2026-09-29,th,Thailand,top_artists_weekly,,77,https://yt3.googleusercontent.com/qbU8okZNspmmXBUTMNDAXvOlhuquG-jlfPpsHY3XvMZ8SlZLumi5gYDl1K0dhSa-_Qw7qTpWNgo=w64-h64-p,,9 บ่าววี,,"1月 1, 1970",2899550,"77 9 บ่าววี 1月 1, 1970 86 23 2,899,550"
2026-09-29,th,Thailand,top_artists_weekly,,78,https://yt3.ggpht.com/ytc/AIdro_k8UmEFc5eTdPaKWj08WJeW4PA7SN9vHTmMOZzHHIbQ8mg=w64-h64-p,,17 JSPKK,,"1月 1, 1970",2899500,"78 17 JSPKK 1月 1, 1970 61 11 2,899,500"
2026-09-29,th,Thailand,top_artists_weekly,,79,https://lh3.googleusercontent.com/e8-lxYrWps5soulxKROlZqTpkKqt0PthHMMYR-fwkNQUIInvbE1JhuTRhuL_eIYD5tVtpiVXS8lf64o=w64-h64-p,,20 4EVE,,"1月 1, 1970",2882873,"79 20 4EVE 1月 1, 1970 99 23 2,882,873"
2026-09-29,th,Thailand,top_artists_weekly,,80,https://lh3.googleusercontent.com/hnefGBrazRhn4Z92bdSZBUENl40ONjRiVDsmZKZh-WZ2iCKE-2c7KKR7SNcZfzLHoRyB3E6as8L87YA=w64-h64-p,,2 Bruno Mars,,"1月 1, 1970",2871780,"80 2 Bruno Mars 1月 1, 1970 78 23 2,871,780"
2026-09-29,th,Thailand,top_artists_weekly,,81,https://lh3.googleusercontent.com/BKgJ2Qcko6lgLsnvB-URUnK2bgQ682OoJd7Dpa0829XrmIC40zfsFm74vNdmyaMBx8xUt-MHFwDIUUC9=w64-h64-p,,9 Jennie,,"1月 1, 1970",2846246,"81 9 Jennie 1月 1, 1970 72 23 2,846,246"
2026-09-29,th,Thailand,top_artists_weekly,,82,https://yt3.googleusercontent.com/28CB0wDHApP24bs-aGFOTPDiK1DGKGOID9U8z_wrXJy137birKOVqLB8ZabfdOXWRSJDMSa8efRqTr8RlA=w64-h64-p,,2 KLEAR,,"1月 1, 1970",2817249,"82 2 KLEAR 1月 1, 1970 80 23 2,817,249"
2026-09-29,th,Thailand,top_artists_weekly,,83,https://yt3.googleusercontent.com/pDYe8HE3o6iIB3L3esk4idEx5WGks-U1dN1LmD3WH1cx7VKH60N_G5jLbluk1wVbAIEZ9w_aXw=w64-h64-p,,6 Vieng Naruemon,,"1月 1, 1970",2801515,"83 6 Vieng Naruemon 1月 1, 1970 77 23 2,801,515"
2026-09-29,th,Thailand,top_artists_weekly,,84,https://yt3.googleusercontent.com/M77KNhcKlKzcvkADU2wRx3b3LIVTktXchg0OjM07tmnHuqHfu7rxPCrIMZ9qx2nL4T9r54PtQTM=w64-h64-p,,8 No One Else,,"1月 1, 1970",2788427,"84 8 No One Else 1月 1, 1970 76 23 2,788,427"
2026-09-29,th,Thailand,top_artists_weekly,,85,https://yt3.googleusercontent.com/nLihlDHvHj8v_kZaKp-HDP2luy4RE5uonQ4MMUZ5JDZDeHV2zalqAMZBBZkPpo1muu8I0RlAfSbhghw=w64-h64-p,,อะตอม ตาปีมิวสิคกรุ๊ป,,,,อะตอม ตาปีมิวสิคกรุ๊ป
2026-09-29,th,Thailand,top_artists_weekly,,86,https://yt3.googleusercontent.com/hJozclCDYVtHb4CzlhF3QyYLSaMHq0FS-OoG71t97h013vDtLI69m4zFpz_WDIu0CW_7Q9i7onhGhk8=w64-h64-p,,1 傑夫·沙圖爾,,"1月 1, 1970",2730415,"86 1 傑夫·沙圖爾 1月 1, 1970 85 23 2,730,415"
2026-09-29,th,Thailand,top_artists_weekly,,87,https://yt3.googleusercontent.com/NpJjNjWba2DCqupQjIAhtgfqSHMku0W9GxDk-pUY41Nbj3FE0uiyh0qmojcFWSkQH31Gnks4tA=w64-h64-p,,5 Mike Piromporn,,"1月 1, 1970",2719290,"87 5 Mike Piromporn 1月 1, 1970 92 23 2,719,290"
2026-09-29,th,Thailand,top_artists_weekly,,88,https://yt3.googleusercontent.com/372HO0QXTEMD4y5ycn-Cpen3A1QogfI3az00qlAoVKzUGfxy_nthzq5KGdIyF738StBxTHSQxn7MxTlY=w64-h64-p,,1 manutsawee,,"1月 1, 1970",2698778,"88 1 manutsawee 1月 1, 1970 87 23 2,698,778"
2026-09-29,th,Thailand,top_artists_weekly,,89,https://yt3.googleusercontent.com/tPLXkoTZfSQV_BM5FZj0eUQ7o_uN266T-X5sQpMCbjNHkUtfMYrmLWcu7wCmYY387S7P4Mx6sg4jrGf9=w64-h64-p,,7 โต๋เหน่อ,,"1月 1, 1970",2698130,"89 7 โต๋เหน่อ 1月 1, 1970 82 23 2,698,130"
2026-09-29,th,Thailand,top_artists_weekly,,90,https://yt3.googleusercontent.com/5cvD-uWtlvpnphnH9b-05JzlsnHEUuMJMYCvX3a8yVGfv7B7TN39WaYpEe8Opmr2bi0a6DNkBaKaF5jV=w64-h64-p,,20 ปราง ปรางทิพย์,,"1月 1, 1970",2647680,"90 20 ปราง ปรางทิพย์ 1月 1, 1970 70 23 2,647,680"
2026-09-29,th,Thailand,top_artists_weekly,,91,https://yt3.googleusercontent.com/acItszQyCDKnB7VGXgcgvCwPpAqA1_j9cKi7qWK6Srcd4u3r00NbKjWjXuWZWd-C0F6VV-t3nBU3veckmw=w64-h64-p,,6 Atom Chanakan,,"1月 1, 1970",2591524,"91 6 Atom Chanakan 1月 1, 1970 97 23 2,591,524"
2026-09-29,th,Thailand,top_artists_weekly,,92,https://yt3.googleusercontent.com/RfC-Rs0OeXoqY_7ZCfkjoWa6_UvSJPeRgHj2mKnE8zkCSCaAUG_emLulbPaTkHLPHbBPdfM8=w64-h64-p,,3 Taxi,,"1月 1, 1970",2576971,"92 3 Taxi 1月 1, 1970 89 23 2,576,971"
2026-09-29,th,Thailand,top_artists_weekly,,93,https://yt3.googleusercontent.com/96z1AnF-GEFeTSw8PVXUn2YqVc87kgL-BfgiKH5GYFcNsTWFRYhorEdQ8j3CTUBLutZLJPbT0IAB8I2t=w64-h64-p,,5 Pop Pongkool,,"1月 1, 1970",2555792,"93 5 Pop Pongkool 1月 1, 1970 98 23 2,555,792"
2026-09-29,th,Thailand,top_artists_weekly,,94,https://yt3.googleusercontent.com/0GjRvKmcvzS-C7wzAy0YGnd0sKRvgtPNYs0En6FvQcO2Jv1Ke2LW5Nu4OomgOFjxGMTd_PlKwuZu0OAL=w64-h64-p,,10 普提蓬·阿薩拉塔納功,,"1月 1, 1970",2519259,"94 10 普提蓬·阿薩拉塔納功 1月 1, 1970 84 23 2,519,259"
2026-09-29,th,Thailand,top_artists_weekly,,95,https://lh3.googleusercontent.com/tEXtp5_SW-OAxw94IKD-suw0uDSittBCGG4CwDCPIXoLueuS6x6K1-n_l6VuJOA70Ied0nwe7HDhAzM=w64-h64-p,,95 เบิ้ล ปทุมราช,,"1月 1, 1970",2517876,"95 95 เบิ้ล ปทุมราช 1月 1, 1970 - 23 2,517,876"
2026-09-29,th,Thailand,top_artists_weekly,,96,https://yt3.googleusercontent.com/XPC0KDRAQ6lW2GtkXmUjH_awqsaOHCcA8DmNOPU3nYx64NYVQ31WgmMon8dvAhajaEfflUaLK7avGNyd7Q=w64-h64-p,,96 ดาม่วน Music,,"1月 1, 1970",2517217,"96 96 ดาม่วน Music 1月 1, 1970 - 3 2,517,217"
2026-09-29,th,Thailand,top_artists_weekly,,97,https://yt3.googleusercontent.com/JSr1fuJqoaRVL7_93SuqdZlVGZI0XjyNNIXEnZgkt7ZfWANDb6RF_B5A_Gusviz6h6yCJ24_62cuIKc=w64-h64-p,,97 樸彩英,,"1月 1, 1970",2481091,"97 97 朴彩英 1月 1, 1970 - 23 2,481,091"
2026-09-29,th,Thailand,top_artists_weekly,,98,https://lh3.googleusercontent.com/XNvJ6H5YOKMaJR2sBuqRQJZXc-3w0EnuIsrAXi6wWnGzqq1Aysc2Im08dW2XjuY5wAoX-JV2C0uN_KA=w64-h64-p,,98 BUS,,"1月 1, 1970",2472235,"98 98 BUS 1月 1, 1970 - 23 2,472,235"
2026-09-29,th,Thailand,top_artists_weekly,,99,https://lh3.googleusercontent.com/StviKtNPz77KIZYfx1SSlwcgPuYgDc2zBQB8fen0UhTH6TMIdbIdK52iVrKBDYMcS7kT_y8a1iUoUGIG=w64-h64-p,,99 UrboyTJ,,"1月 1, 1970",2458536,"99 99 UrboyTJ 1月 1, 1970 - 23 2,458,536"
2026-09-29,th,Thailand,top_artists_weekly,,100,https://yt3.googleusercontent.com/qRYmWa5dzOlRoD8_uHIhsrAmwk8N9QiO7S_Rg3H4YyemB3oN3661_3en_7q9eJ8gvuoZAR9v0iFX8HW1=w64-h64-p,,5 BABYMONSTER,,"1月 1, 1970",2439963,"100 5 BABYMONSTER 1月 1, 1970 95 23 2,439,963"
2026-09-29,id,Indonesia,top_artists_weekly,,1,https://yt3.googleusercontent.com/h8P1jEIZLM8lkMxNA6Nbq98b43wcqllJSNmcZTCRPAB-F6rG_0Nqw5w7fwou0PN1QGwSW5viwWD5NV0=w64-h64-p,,● Tulus,,"1月 1, 1970",24937989,"1 ● Tulus 1月 1, 1970 1 520 24,937,989"
2026-09-29,id,Indonesia,top_artists_weekly,,2,https://lh3.googleusercontent.com/WP-k6kFk2XdH_l41tw8zWFNe9M-TVTnmfPCuqHJLj5apoMbsfUz6-UR9ICwspp2chE6_ra2ZB-nccA=w64-h64-p,,● Raim Laode,,"1月 1, 1970",20512766,"2 ● Raim Laode 1月 1, 1970 2 189 20,512,766"
2026-09-29,id,Indonesia,top_artists_weekly,,3,https://yt3.googleusercontent.com/aR6R3_nuDbj9eoDE3tsxttNFBSthNSg8iM2APyap5bbBKhgJdA1j-tKBeloUrsctnO8IUJmPyoDtvXIQ=w64-h64-p,,● Ajeng Febria,,"1月 1, 1970",17769969,"3 ● Ajeng Febria 1月 1, 1970 3 145 17,769,969"
2026-09-29,id,Indonesia,top_artists_weekly,,4,https://lh3.googleusercontent.com/6xEP8mOA5xguCiwfeNq08D1o0GK7iPSNMwp80jJpyxw4bwdOgo4EO-8T4rnb8gv3_283YEoQsZvRLD4k=w64-h64-p,,● NOAH,,"1月 1, 1970",15518435,"4 ● NOAH 1月 1, 1970 4 523 15,518,435"
2026-09-29,id,Indonesia,top_artists_weekly,,5,https://yt3.googleusercontent.com/xFQbHjuH9LO_HkIMSAOf-vu1jMe-hH8y0L0VVEKPSkQn650JFu1Y46RWIIE4oF_kt0JTR5DlxI-NJwBc=w64-h64-p,,● Dewa 19,,"1月 1, 1970",14349414,"5 ● Dewa 19 1月 1, 1970 5 523 14,349,414"
2026-09-29,id,Indonesia,top_artists_weekly,,6,https://lh3.googleusercontent.com/woWOuYcLDhSRRyFn6kNHJtaiGpD3dW2SnYZanXVdqe96T9Qs1Bt1GchfV73HsIJq2R013krAX3DyLA=w64-h64-p,,● Denny Caknan,,"1月 1, 1970",13780292,"6 ● Denny Caknan 1月 1, 1970 6 364 13,780,292"
2026-09-29,id,Indonesia,top_artists_weekly,,7,https://yt3.googleusercontent.com/WNHYqG_8cHYsyBSiQ7Fmdsc2Xqloe8Ges4cqpsi6qs9mx4GYH3VpnXDEiBfAXZX7KYQZlnmUkrll6HhoXQ=w64-h64-p,,1 Laila Ayu,,"1月 1, 1970",12119591,"7 1 Laila Ayu 1月 1, 1970 8 103 12,119,591"
2026-09-29,id,Indonesia,top_artists_weekly,,8,https://yt3.googleusercontent.com/sYMSnRegTIYAiQh6u-WM_mqqF0sF9NxSdSMl9XFXyqajJP0Ky690gw70xIIkiZ2HV2wjEANbUVDtuNY=w64-h64-p,,1 For Revenge,,"1月 1, 1970",11397614,"8 1 For Revenge 1月 1, 1970 7 243 11,397,614"
2026-09-29,id,Indonesia,top_artists_weekly,,9,https://yt3.googleusercontent.com/8YZ5cVq1d0RiEaYlM9_QdVtIfjkrLaxugP37r-vTvfAYMMRrt0jkE9PvX_yIDD8RZwt-5N8U0_vOg9E=w64-h64-p,,Difarina Indra Adella,,,,Difarina Indra Adella
2026-09-29,id,Indonesia,top_artists_weekly,,10,https://lh3.googleusercontent.com/49jlarJQA3SqQRrZZODYQjRZwj7e-duxZWwF3taTj8TxgSRw_U_ebvVPvVPAU0KxPeNw76xWZw17ejiN=w64-h64-p,,4 Yeni Inka,,"1月 1, 1970",10994835,"10 4 Yeni Inka 1月 1, 1970 14 294 10,994,835"
2026-09-29,id,Indonesia,top_artists_weekly,,11,https://yt3.googleusercontent.com/kj5XbrtjWS3G_96iQFhl0214DVdtZNAAU1bqshj-iG2VoQ69u_1ax6RQwFMK2t5bIANI_6vi1QM=w64-h64-p,,1 Ipank,,"1月 1, 1970",10924111,"11 1 Ipank 1月 1, 1970 12 342 10,924,111"
2026-09-29,id,Indonesia,top_artists_weekly,,12,https://lh3.googleusercontent.com/5_t9JRn7KopQJjyw8_1t8RFmaNSaX-P75wsHbUGDNqTNS3X-qUDvU8033AJn3D_y1IK-gSpIzBwX4w=w64-h64-p,,2 eńau,,"1月 1, 1970",10231043,"12 2 eńau 1月 1, 1970 10 36 10,231,043"
2026-09-29,id,Indonesia,top_artists_weekly,,13,https://yt3.googleusercontent.com/tT6TN1LKZbhluK9T-EExroZnXNvfVhelBEfVOAUc12k1WCoRbvztRdIP_A549z1Z4E1vpf6BK5p1p6yCvw=w64-h64-p,,2 Ari Lesmana,,"1月 1, 1970",10036705,"13 2 Ari Lesmana 1月 1, 1970 11 31 10,036,705"
2026-09-29,id,Indonesia,top_artists_weekly,,14,https://lh3.googleusercontent.com/hnefGBrazRhn4Z92bdSZBUENl40ONjRiVDsmZKZh-WZ2iCKE-2c7KKR7SNcZfzLHoRyB3E6as8L87YA=w64-h64-p,,1 Bruno Mars,,"1月 1, 1970",9183336,"14 1 Bruno Mars 1月 1, 1970 13 523 9,183,336"
2026-09-29,id,Indonesia,top_artists_weekly,,15,https://yt3.googleusercontent.com/DU6Kpr5TYKcW6QHvMnsJau5_8QSuix8LCLtf5UEaziZZdXw8SxvcxJ9YWmVIQuzhg2R-MVHYgjdGCQ=w64-h64-p,,2 Ariana Grande,,"1月 1, 1970",8681892,"15 2 Ariana Grande 1月 1, 1970 17 523 8,681,892"
2026-09-29,id,Indonesia,top_artists_weekly,,16,https://yt3.googleusercontent.com/RCpTA6EXJQyjVFDosWOKa2SMmqkua_lA9mHPDWWciLwgqpZLz-k8rXWRF_367trrQ7up9BUwCbk6kRk=w64-h64-p,,1 Taylor Swift,,"1月 1, 1970",8613861,"16 1 Taylor Swift 1月 1, 1970 15 522 8,613,861"
2026-09-29,id,Indonesia,top_artists_weekly,,17,https://yt3.googleusercontent.com/afyGsY_lRKW48vh9fmW4GdLzoe8GLqtiJLTLDR48mlXPcUmjoce2hEMjmutCsXiVcJFGT5IUgLfB63U=w64-h64-p,,4 Ungu,,"1月 1, 1970",8607707,"17 4 Ungu 1月 1, 1970 21 523 8,607,707"
2026-09-29,id,Indonesia,top_artists_weekly,,18,https://yt3.googleusercontent.com/0DYgncH9lp2FoR5VYkK0cTkp-GhZZPTKRsOKxVW60daRsxoKVqeVHkMzqdd9AKAgEcagRqVSvLykR_BB=w64-h64-p,,Silvy Kumalasari,,,,Silvy Kumalasari
2026-09-29,id,Indonesia,top_artists_weekly,,19,https://lh3.googleusercontent.com/_wPXKRCH5rAX8AK1kJZ1bNhSpNyyEgBRNmREdPmLbvTy3sX_ldiKMRYFc5uChygV_KRx_SDrH1KgUifk=w64-h64-p,,● Alka Yagnik,,"1月 1, 1970",8472405,"19 ● Alka Yagnik 1月 1, 1970 19 523 8,472,405"
2026-09-29,id,Indonesia,top_artists_weekly,,20,https://yt3.googleusercontent.com/8ImMAMQSD4FA6-gdqCZWSFaB-drHvkdfiFcFAk7Mcyy56ctfWD-Xxno-CHfGC4L6Ql8aR61XT0vX0F4b=w64-h64-p,,2 Hindia,,"1月 1, 1970",8385093,"20 2 Hindia 1月 1, 1970 18 324 8,385,093"
2026-09-29,id,Indonesia,top_artists_weekly,,21,https://yt3.googleusercontent.com/CTAoq1-vPyq5pqMX5q4lt55YjPHiR0O8BvB7FVe1gidOQS3J0DwDrTYh7XfkcRP7Kw9_jihbwVclBRyEhg=w64-h64-p,,1 Simpatik Music,,"1月 1, 1970",8303570,"21 1 Simpatik Music 1月 1, 1970 22 149 8,303,570"
2026-09-29,id,Indonesia,top_artists_weekly,,22,https://lh3.googleusercontent.com/ZBI5XEhdUvkE59Kr7HKZYIjoopuA_kC0uPAWNsEw-EmLfTtRaXuDEv-qYWTv_lahkpA8Yuhe7P-sO2Y=w64-h64-p,,2 Sheila On 7,,"1月 1, 1970",7956802,"22 2 Sheila On 7 1月 1, 1970 20 523 7,956,802"
2026-09-29,id,Indonesia,top_artists_weekly,,23,https://lh3.googleusercontent.com/4ULlRiFBFglNemZJyKn6_e2-iOIdJEbgBgq_79RQclndG6pge0yGgS2k2On6E1FkCJzenyHkHRzkvjFp=w64-h64-p,,● Justin Bieber,,"1月 1, 1970",7860484,"23 ● Justin Bieber 1月 1, 1970 23 523 7,860,484"
2026-09-29,id,Indonesia,top_artists_weekly,,24,https://lh3.googleusercontent.com/R7us4X19S1_-TLYiTywN_Hg0OFQCjlxDY2kYh5PjGXx2109VPUSLIwczdXlyGn_nY7AmsBqUdZpDfg=w64-h64-p,,3 Perunggu,,"1月 1, 1970",7530274,"24 3 Perunggu 1月 1, 1970 27 68 7,530,274"
2026-09-29,id,Indonesia,top_artists_weekly,,25,https://yt3.googleusercontent.com/VdgLqr3Sno_U1IXj9qzk43azloCsjBeDy6MpFjfD8kMmco0AeL81qow0cpHynDfpaVlujCY11O7QO4d6=w64-h64-p,,3 Mahalini,,"1月 1, 1970",7353567,"25 3 Mahalini 1月 1, 1970 28 280 7,353,567"
2026-09-29,id,Indonesia,top_artists_weekly,,26,https://yt3.googleusercontent.com/vS1JdQdr9N316SQUWem0Bt6LftIHiHkXgKPQ4X1SVjSFq5w7P2GlyjzpWENEy9EmxzEGhClSCw=w64-h64-p,,3 Juan Reza,,"1月 1, 1970",7184225,"26 3 Juan Reza 1月 1, 1970 29 96 7,184,225"
2026-09-29,id,Indonesia,top_artists_weekly,,27,https://yt3.googleusercontent.com/4ejBlpAyHoJM1_UxrK9YnXreCg0M4eiZQkgERYWiKZpB0CdNgMzQ3-DVYjfLN45EVe12lUvDHA=w64-h64-p,,11 Arief,,"1月 1, 1970",7042661,"27 11 Arief 1月 1, 1970 38 285 7,042,661"
2026-09-29,id,Indonesia,top_artists_weekly,,28,https://yt3.googleusercontent.com/XUdc-2rZ0RSHDnGiU0mq8VouHL3vp-VU-x2SLFIr8RRzLram3mO_ae--rwmyh0U0HnupxIG9h-yXQwrr=w64-h64-p,,5 Niken Salindry,,"1月 1, 1970",6799073,"28 5 Niken Salindry 1月 1, 1970 33 198 6,799,073"
2026-09-29,id,Indonesia,top_artists_weekly,,29,https://lh3.googleusercontent.com/WQi78Q-ACu0BaJzpbGB6tzd_xn-zjkZC1PqHuLxxP2vTFNOQUWNiTTEtCt5JePxbLFJZMTAPk23y2nk=w64-h64-p,,5 Happy Asmara,,"1月 1, 1970",6789296,"29 5 Happy Asmara 1月 1, 1970 24 357 6,789,296"
2026-09-29,id,Indonesia,top_artists_weekly,,30,https://lh3.googleusercontent.com/xSk9Ej427QD9qTs24NkEQFiU23p8KURWUVcdy-Sp1nU7YaxmeTDstuqm0ot_chPzbogJnnwuWjoXk2Y=w64-h64-p,,6 羅馬・伊拉馬,,"1月 1, 1970",6772744,"30 6 羅馬・伊拉馬 1月 1, 1970 36 445 6,772,744"
2026-09-29,id,Indonesia,top_artists_weekly,,31,https://yt3.googleusercontent.com/jjFbDHc_GFI6lVSSRPGWMrh71fJ16iZYMccLFbkN_Jq6uR-QYXzgRwFDSuZeDpOuAbIIzNnPAPDZgAHv=w64-h64-p,,Nadhif Basalamah,,,,Nadhif Basalamah
2026-09-29,id,Indonesia,top_artists_weekly,,32,https://yt3.googleusercontent.com/E8nupXSF6-wweZCLqn5vwxPcLIGW2Tg9szpacMZoLXOXa1PGh-WpU5-7FH8YLfElD8Lbzh15kljZog=w64-h64-p,,7 Katy Perry,,"1月 1, 1970",6662427,"32 7 Katy Perry 1月 1, 1970 25 408 6,662,427"
2026-09-29,id,Indonesia,top_artists_weekly,,33,https://yt3.googleusercontent.com/-Nneom8RvoAW-ofeDOq3f29NXwrryp2kkqFpLzLA0c6rV1cjgeJGfMXjoGnxwYPPml2vNR8-v6s=w64-h64-p,,3 Naykilla,,"1月 1, 1970",6655548,"33 3 Naykilla 1月 1, 1970 30 84 6,655,548"
2026-09-29,id,Indonesia,top_artists_weekly,,34,https://yt3.googleusercontent.com/tvw8MiMqwgr8GfXYj2xvGRqdU182mEC2_sL7RUWvOsfeI1b0ZqL9dOyl0j9Xr5P5BUOqHlkR=w64-h64-p,,2 Shinta Arsinta,,"1月 1, 1970",6539801,"34 2 Shinta Arsinta 1月 1, 1970 32 177 6,539,801"
2026-09-29,id,Indonesia,top_artists_weekly,,35,https://yt3.googleusercontent.com/yGckU_ciz_GsjmCCWc6zwDfLdVDSVJ7s1-v7A_B2ENrg0s8PtaMjF0JvkfnlNFkjmDiXvrCaLsqC4g=w64-h64-p,,25 Kangen Band,,"1月 1, 1970",6523749,"35 25 Kangen Band 1月 1, 1970 60 522 6,523,749"
2026-09-29,id,Indonesia,top_artists_weekly,,36,https://yt3.googleusercontent.com/1WQkucf-R6qRfs-n0DGLHcxPAscqNQ-oyr84GR_NZl-P8ZSr9N33MXf4iPNlaZDNy8sGtMir1Q=w64-h64-p,,1 Ndarboy Genk,,"1月 1, 1970",6404544,"36 1 Ndarboy Genk 1月 1, 1970 37 316 6,404,544"
2026-09-29,id,Indonesia,top_artists_weekly,,37,https://yt3.googleusercontent.com/FDpwAfFsiJkf5kXfe6BwaNPprL8DbJKJlSWqrgNJwRI7Im9pi8o4ykZPKVaw6iPtA92HL7N2LIGGQHi-=w64-h64-p,,11 Hearts2Hearts,,"1月 1, 1970",6399250,"37 11 Hearts2Hearts 1月 1, 1970 26 81 6,399,250"
2026-09-29,id,Indonesia,top_artists_weekly,,38,https://lh3.googleusercontent.com/coesV4OVEVkua3_wJG-2BVvTc95yHF9sS1W6mOAtl4-vvTjQb250Hy_nVlfvudmEugb7_k05vhY9aJm4=w64-h64-p,,2 Udit Narayan,,"1月 1, 1970",6341492,"38 2 Udit Narayan 1月 1, 1970 40 523 6,341,492"
2026-09-29,id,Indonesia,top_artists_weekly,,39,https://yt3.googleusercontent.com/RhoIalTCrJvhF1qMTUOUtijIDixBVOn6o42-JKBFJ-NE22anNRP1SSDK0bBJx-Q5a0jb0c1b=w64-h64-p,,4 Kahitna,,"1月 1, 1970",6217107,"39 4 Kahitna 1月 1, 1970 35 90 6,217,107"
2026-09-29,id,Indonesia,top_artists_weekly,,40,https://yt3.googleusercontent.com/1MrTMYk3XQeTy0EDkJOOkRaHwV2jo-8Es2y8ksOyDThn1btv3VrtzRJy8PbRzVY1V-xj9DBaELpR8jnS=w64-h64-p,,1 Nadin Amizah,,"1月 1, 1970",6133417,"40 1 Nadin Amizah 1月 1, 1970 39 311 6,133,417"
2026-09-29,id,Indonesia,top_artists_weekly,,41,https://lh3.googleusercontent.com/zau9NHD_yabaiGfvwf52ckNIP2KVKh9RDZgMsGkAnAvb2ZJxw9P9icgFE8ROabj9S5Dq3HS5mhO9LY8=w64-h64-p,,5 伊萬・法爾斯,,"1月 1, 1970",6039413,"41 5 伊萬・法爾斯 1月 1, 1970 46 523 6,039,413"
2026-09-29,id,Indonesia,top_artists_weekly,,42,https://yt3.googleusercontent.com/taxtgIghV9GbhxPOJ2_Utqh8T72EEBcGynoNX2dw9z-sSurU2GIW7vEM06ZYHJLOtcIOXvQZTpkfoJc=w64-h64-p,,● Pamungkas,,"1月 1, 1970",5999884,"42 ● Pamungkas 1月 1, 1970 42 359 5,999,884"
2026-09-29,id,Indonesia,top_artists_weekly,,43,https://lh3.googleusercontent.com/DGtHDBg0fDPUmEJcmwPkjRqZcmw5R_ubEHGP_PZfBIrXjSLWCWtBJjm8Zp3ZyzAt0UqhoQ1_rPBuNSE=w64-h64-p,,1 Tasya,,"1月 1, 1970",5970654,"43 1 Tasya 1月 1, 1970 44 372 5,970,654"
2026-09-29,id,Indonesia,top_artists_weekly,,44,https://yt3.googleusercontent.com/5ci78rKknUuBjvn9esGu_zXAZOzA62XIsRu6FMUj52xJIv0Yszfni4nHWJVUkr1BbxtBJhKcdcgZPXE=w64-h64-p,,Avenged Sevenfold,,,,Avenged Sevenfold
2026-09-29,id,Indonesia,top_artists_weekly,,45,https://lh3.googleusercontent.com/9KoRhPXYu9pl6BiSN_oCBpaAd5Qs6uBxflQze_OoO-wPokdmKxy8WhAGa2GcEPGFA14H8sGGLcqKdAc=w64-h64-p,,2 Armada,,"1月 1, 1970",5839433,"45 2 Armada 1月 1, 1970 47 523 5,839,433"
2026-09-29,id,Indonesia,top_artists_weekly,,46,https://lh3.googleusercontent.com/wmItRT4hTCJrmnlsh_JBgOeBXww9mquXhrNR0oW3_hPW9LsZ5Z2grMij01EaENdt6ensOJfKm-OCBKqJ=w64-h64-p,,3 Sal Priadi,,"1月 1, 1970",5703183,"46 3 Sal Priadi 1月 1, 1970 43 191 5,703,183"
2026-09-29,id,Indonesia,top_artists_weekly,,47,https://yt3.googleusercontent.com/WD6ITlanyUoaEogBdR7BlJVSOSa_C8vUsR-P376x9Pfdr1GbPr8FX8NIOkxWDTTeWwr9TDvieQ-Z=w64-h64-p,,5 Rossa,,"1月 1, 1970",5686423,"47 5 Rossa 1月 1, 1970 52 523 5,686,423"
2026-09-29,id,Indonesia,top_artists_weekly,,48,https://yt3.googleusercontent.com/XrOmGBFyqD2DOpxQHuxzsUDa4O1iNaSgmQS6xuEIMKW-WoqeY-4TBcQW9qm5xXc-bCBWNLP71qbmzB0=w64-h64-p,,5 Virgoun,,"1月 1, 1970",5569669,"48 5 Virgoun 1月 1, 1970 53 432 5,569,669"
2026-09-29,id,Indonesia,top_artists_weekly,,49,https://lh3.googleusercontent.com/D0XwIujDQOyeEwjeq7eF6lZA2GWF8TCkP7uVyXMqmvQWoubzy8i4wItMCLUBYdI64GS-IGeWL6EXl2Y=w64-h64-p,,9 Akbar Chalay,,"1月 1, 1970",5546739,"49 9 Akbar Chalay 1月 1, 1970 58 49 5,546,739"
2026-09-29,id,Indonesia,top_artists_weekly,,50,https://lh3.googleusercontent.com/W_yOqnKSDYyeVOY_AsXhuAtb6rW3vCL3GtJ9DA1GxWOrJfyeSOqzvTv_TkFHijdkVPXWutASBlRFPg=w64-h64-p,,● Arijit Singh,,"1月 1, 1970",5497780,"50 ● Arijit Singh 1月 1, 1970 50 523 5,497,780"
2026-09-29,id,Indonesia,top_artists_weekly,,51,https://lh3.googleusercontent.com/aFx8s1fTuelgxONGbezmTG0EKR8r82uB5H-Q6ZJtssyCWLJWF8GfZNr4tHo84sXdFCPBKrA4R6zXOss=w64-h64-p,,17 Dua Lipa,,"1月 1, 1970",5412126,"51 17 Dua Lipa 1月 1, 1970 34 380 5,412,126"
2026-09-29,id,Indonesia,top_artists_weekly,,52,https://lh3.googleusercontent.com/8rsLpP6VJjt-yTN8ZG5rY-qt2aCC-IYMWmVkk7qa8c5vrjO6zetKSgwO2QknHI3FtWl6Zannp2VsQ5o=w64-h64-p,,3 防彈少年團,,"1月 1, 1970",5381888,"52 3 防彈少年團 1月 1, 1970 49 523 5,381,888"
2026-09-29,id,Indonesia,top_artists_weekly,,53,https://yt3.googleusercontent.com/tMtG60REHiBICQgc479wnea0_HvOuj1FKu7f7HftqoO9vUkJp9Rfmmybc-6k_-om0wzOnV7Mb-AkLsVM=w64-h64-p,,12 Adrian Khalif,,"1月 1, 1970",5343876,"53 12 Adrian Khalif 1月 1, 1970 41 132 5,343,876"
2026-09-29,id,Indonesia,top_artists_weekly,,54,https://www.youtube.com/s/charts/images/top_artists.png,,54 No Na,,"1月 1, 1970",5338588,"54 54 No Na 1月 1, 1970 - 31 5,338,588"
2026-09-29,id,Indonesia,top_artists_weekly,,55,https://yt3.googleusercontent.com/MUo_d2dCt07ng4WAXQoMSYsuHKtkroimPjwq78dkHH3JJTbrwkXaKVLavu4wYSOic7ODoTNNy3E8VCka=w64-h64-p,,28 Céline Dion,,"1月 1, 1970",5287512,"55 28 Céline Dion 1月 1, 1970 83 363 5,287,512"
2026-09-29,id,Indonesia,top_artists_weekly,,56,https://yt3.googleusercontent.com/BeY4sDpZ9zge0jFVH0s7v31UQoOb3FubZXQGQ3z_zgFraWot-MkUuF7JH3sSCjtEfzwDgjs3LDgnVsyDJg=w64-h64-p,,5 Guyon Waton,,"1月 1, 1970",5281997,"56 5 Guyon Waton 1月 1, 1970 51 333 5,281,997"
2026-09-29,id,Indonesia,top_artists_weekly,,57,https://yt3.googleusercontent.com/MyfVUOKWHpCifDs7cDKeoLuzJNnC4zicErRVFub3yprKe9xc4ncdlSOGlXNYbrqqDk8yKhoFFPL3x_T0=w64-h64-p,,2 NDX A.K.A.,,"1月 1, 1970",5274185,"57 2 NDX A.K.A. 1月 1, 1970 59 284 5,274,185"
2026-09-29,id,Indonesia,top_artists_weekly,,58,https://lh3.googleusercontent.com/5FAL48O443AKKbDjv2howYu93mptVQieLfZLJ3xd0iESkZRFnPbZfhyRAGQ6yWekjbepBIYGTUCDufA=w64-h64-p,,4 Jacson Seran,,"1月 1, 1970",5184377,"58 4 Jacson Seran 1月 1, 1970 54 109 5,184,377"
2026-09-29,id,Indonesia,top_artists_weekly,,59,https://yt3.googleusercontent.com/2BRxOs8pbHGefgiAdPJyRPWACU4xd0kdnQo-TjtW7NJQLYUrm0pwyyO8QonfNQFJTqbjGF9h=w64-h64-p,,59 Piche Kota,,"1月 1, 1970",5118601,"59 59 Piche Kota 1月 1, 1970 - 40 5,118,601"
2026-09-29,id,Indonesia,top_artists_weekly,,60,https://yt3.googleusercontent.com/0hpH7-2U5jbbwdxhClJldT2oqLcpBimciUp3f02IDMwiSPQK4WcXf2c1lvE7PgqFcOL3Kqye9ptXms4=w64-h64-p,,35 Ade Govinda,,"1月 1, 1970",5089813,"60 35 Ade Govinda 1月 1, 1970 95 100 5,089,813"
2026-09-29,id,Indonesia,top_artists_weekly,,61,https://lh3.googleusercontent.com/v78O_zDgEMvUp35uR0s0fU9pyvRJkELYJKKfYS33Kg1NpQrE4W-dzuS3CHuwWTdYsIs5RzwNpkiekcE=w64-h64-p,,6 .Feast,,"1月 1, 1970",5025197,"61 6 .Feast 1月 1, 1970 55 111 5,025,197"
2026-09-29,id,Indonesia,top_artists_weekly,,62,https://yt3.googleusercontent.com/41-4WZupE4yY88igineZefzBZ3ud2nrtlBMv61OBWOfOcATol8PhmI5OZ0fLlrTszyZ3Ul9I9sE=w64-h64-p,,5 Olivia Rodrigo,,"1月 1, 1970",4944484,"62 5 Olivia Rodrigo 1月 1, 1970 57 295 4,944,484"
2026-09-29,id,Indonesia,top_artists_weekly,,63,https://yt3.googleusercontent.com/fVrqVpoDVidIRGEnpxnF4ojShPgYM_ZEaZJjr6fPjt05q8eIauWWV3jifHI1tiBN-vZFeAS8m3c=w64-h64-p,,5 Judika,,"1月 1, 1970",4920876,"63 5 Judika 1月 1, 1970 68 523 4,920,876"
2026-09-29,id,Indonesia,top_artists_weekly,,64,https://lh3.googleusercontent.com/U-SAmNOu4TynE818gLCfKsuHZ0U5YNEtO9mrjSI9WCCKERs98LzrCal5kajBBTQNwdcisoB2Bn-pHp4=w64-h64-p,,11 The Weeknd,,"1月 1, 1970",4854312,"64 11 The Weeknd 1月 1, 1970 75 336 4,854,312"
2026-09-29,id,Indonesia,top_artists_weekly,,65,https://yt3.googleusercontent.com/93vnJ_aG5rTlruQDFaVhZHCTTRwGzS34R3SPKKCTBDZ84xutO5KUCiu-scL_ZTaV8g6HhH27diVq4HY=w64-h64-p,,2 Backstreet Boys,,"1月 1, 1970",4817656,"65 2 Backstreet Boys 1月 1, 1970 63 157 4,817,656"
2026-09-29,id,Indonesia,top_artists_weekly,,66,https://lh3.googleusercontent.com/IRHvOIPtmcWMnDiT4ECRAES7_j57FrO6Rvns7eI6vpotpUtHaV8RnvVSUs6amIgMoB1uA409E_Z0_h4=w64-h64-p,,Fresly Nikijuluw,,,,Fresly Nikijuluw
2026-09-29,id,Indonesia,top_artists_weekly,,67,https://lh3.googleusercontent.com/gYD0RV885nA7hEE9gMEZyiB-aqbiOugfsXaVChO4zBXtOqzKsiiVFGBZin01zDizrp_LeBELRrSuRw=w64-h64-p,,3 Tiara Andini,,"1月 1, 1970",4759417,"67 3 Tiara Andini 1月 1, 1970 70 327 4,759,417"
2026-09-29,id,Indonesia,top_artists_weekly,,68,https://yt3.googleusercontent.com/7jndWy5UJwFJKueBCrizeFWOFwxKUOZZjRMIcPyRlv1X18tY9aJpkuSz_PpamnHVjbYV6s_oER8oi4g=w64-h64-p,,2 Maroon 5,,"1月 1, 1970",4708414,"68 2 Maroon 5 1月 1, 1970 66 521 4,708,414"
2026-09-29,id,Indonesia,top_artists_weekly,,69,https://lh3.googleusercontent.com/jtoHnQltvslLoadGrtXTXMiFzBDNp4DkQbCkKJ6ZT9T3UAw2ssponsLNKh3Acs_oj-KMEwBhKSqSM5A=w64-h64-p,,2 Wali,,"1月 1, 1970",4656485,"69 2 Wali 1月 1, 1970 67 503 4,656,485"
2026-09-29,id,Indonesia,top_artists_weekly,,70,https://yt3.googleusercontent.com/MtBfcbV9Evdu_piXiPbEtakvDVmQ8uthkbhjagM0etf3xp693PRp6hZREJGcMJFerVAhvaMe=w64-h64-p,,9 Toton Caribo,,"1月 1, 1970",4620154,"70 9 Toton Caribo 1月 1, 1970 61 175 4,620,154"
2026-09-29,id,Indonesia,top_artists_weekly,,71,https://yt3.googleusercontent.com/fTB-H_cf-yD0vD-PEJ8WDV8ShQRB656knI-2j8hkQbpyu8bu05Oqhgb0regKyxecpCeAsqSMzQ=w64-h64-p,,9 Ifan Seventeen,,"1月 1, 1970",4514417,"71 9 Ifan Seventeen 1月 1, 1970 62 124 4,514,417"
2026-09-29,id,Indonesia,top_artists_weekly,,72,https://yt3.googleusercontent.com/7TK-PpocD_ql32RKgB9okRhGOVyA4aKAehiM8l1QxXqjrs8b6x_0FPcCIMFK0CpMuf46e04B3A=w64-h64-p,,16 SIENNA SPIRO,,"1月 1, 1970",4465045,"72 16 SIENNA SPIRO 1月 1, 1970 56 37 4,465,045"
2026-09-29,id,Indonesia,top_artists_weekly,,73,https://yt3.googleusercontent.com/fM0YtZ2FOJbPG_keWMMEsUFL1N3TdZ93z-3aziuE69JAnfZj0IlPJOv31ykRyNbxlMKCqJsKSw=w64-h64-p,,2 Yovie Widianto,,"1月 1, 1970",4447590,"73 2 Yovie Widianto 1月 1, 1970 71 201 4,447,590"
2026-09-29,id,Indonesia,top_artists_weekly,,74,https://yt3.googleusercontent.com/BJE1MMYdYZvc1zVSeGtHeE3wZacb78aXstpop6KyjCrAf7eBz1gdnyP3-uoVtjwTvkJH6ldkRX95AA=w64-h64-p,,19 Mingse,,"1月 1, 1970",4405774,"74 19 Mingse 1月 1, 1970 93 12 4,405,774"
2026-09-29,id,Indonesia,top_artists_weekly,,75,https://lh3.googleusercontent.com/vfewcvYos83Ugp9Lpx0D4TdTjT1g5rWhy-6OTAg7V1CljDjhsMoAza8FTm7PuXl6D4-KSpjwRoq5YHQ=w64-h64-p,,10 Last Child,,"1月 1, 1970",4248112,"75 10 Last Child 1月 1, 1970 85 517 4,248,112"
2026-09-29,id,Indonesia,top_artists_weekly,,76,https://lh3.googleusercontent.com/mFjMekiL9JJDrJOSTpAvu264z4DDmYS6pdy51ZCLr98kA256rvxSrIIuNv12kMj8RJW2vtTq1ECDhA=w64-h64-p,,4 Adele,,"1月 1, 1970",4234093,"76 4 Adele 1月 1, 1970 72 419 4,234,093"
2026-09-29,id,Indonesia,top_artists_weekly,,77,https://yt3.googleusercontent.com/2Ue-g0juho29M95shF5dSWuxILxq43bKM-1xDztHfZNJDVIEHdGgKbCUeU5VcvzEwu2xXnze9PGah4KrRw=w64-h64-p,,3 Diva Aurel,,"1月 1, 1970",4221693,"77 3 Diva Aurel 1月 1, 1970 74 57 4,221,693"
2026-09-29,id,Indonesia,top_artists_weekly,,78,https://lh3.googleusercontent.com/euaI0XZRM8pVWyinaK5ekA4MCw8rbGZwixgrrVLRtrkb0nBrmcdnzLEv__QP4VFDscS2BTDHMYt-qmhv=w64-h64-p,,Maulana Ardiansyah,,,,Maulana Ardiansyah
2026-09-29,id,Indonesia,top_artists_weekly,,79,https://yt3.googleusercontent.com/_f707dVvLlsBAJQTM0en8djLRUbNX2dyzSSh59ByQR2ZD3D6ill5fz1iANkA1HMYFPbWhZ9rGXK7irU=w64-h64-p,,Gloria Jessica Gultom,,,,Gloria Jessica Gultom
2026-09-29,id,Indonesia,top_artists_weekly,,80,https://lh3.googleusercontent.com/8uXPfl10QShqpaTMjx-L1cKDSNsCnNJanzeL59pUYO0nSKHeAZfruXjVL6moWflfVXDHT3WPnAsVPD4=w64-h64-p,,2 Overnight,,"1月 1, 1970",4201896,"80 2 Overnight 1月 1, 1970 78 7 4,201,896"
2026-09-29,id,Indonesia,top_artists_weekly,,81,https://yt3.googleusercontent.com/unFDF_pXq_9xSLQTTU9n1xF_LKV33KSJ6YXizW7LWqeWliB5KvhytVZpyNzwrwoXVf1Bs0KJ=w64-h64-p,,3 Andra Respati,,"1月 1, 1970",4194936,"81 3 Andra Respati 1月 1, 1970 84 376 4,194,936"
2026-09-29,id,Indonesia,top_artists_weekly,,82,https://yt3.googleusercontent.com/qRYmWa5dzOlRoD8_uHIhsrAmwk8N9QiO7S_Rg3H4YyemB3oN3661_3en_7q9eJ8gvuoZAR9v0iFX8HW1=w64-h64-p,,6 BABYMONSTER,,"1月 1, 1970",4163462,"82 6 BABYMONSTER 1月 1, 1970 76 152 4,163,462"
2026-09-29,id,Indonesia,top_artists_weekly,,83,https://lh3.googleusercontent.com/HsZDqggC4CwKO3Jp3svqgLquXHRaMENJgx35ADX9ecZoozfxXSr1FgOOBEDIixwwsFWBTqpI1JLNvrho=w64-h64-p,,10 Raisa,,"1月 1, 1970",4153685,"83 10 Raisa 1月 1, 1970 73 453 4,153,685"
2026-09-29,id,Indonesia,top_artists_weekly,,84,https://yt3.googleusercontent.com/VVGOJpxGFBbbUJHurZq_U1F_BjIhaMBAY1sDhOT3a2kE2DnidfYT8L_hY7WoJOusysvzn1msCoinvtma=w64-h64-p,,5 Shawn Mendes,,"1月 1, 1970",4149047,"84 5 Shawn Mendes 1月 1, 1970 79 522 4,149,047"
2026-09-29,id,Indonesia,top_artists_weekly,,85,https://yt3.googleusercontent.com/U5ierX4J6fdj6vlmiIjKKHQhYphsOYHBd43bJRao1T2qrojHb_xcPsnL-gprIEn_y900oPEZhp-iPXs=w64-h64-p,,8 Oasis,,"1月 1, 1970",4145031,"85 8 Oasis 1月 1, 1970 77 311 4,145,031"
2026-09-29,id,Indonesia,top_artists_weekly,,86,https://yt3.googleusercontent.com/uPbJD1rupFLyxWEOdwV7oO5joK_HbMKin5XsUR_hg1z0WZGp-u9_KtD6sF6X63qkdUZjkXXwabqmik_n=w64-h64-p,,4 Rizky Febian,,"1月 1, 1970",4141501,"86 4 Rizky Febian 1月 1, 1970 82 490 4,141,501"
2026-09-29,id,Indonesia,top_artists_weekly,,87,https://yt3.googleusercontent.com/0Kepvm9aIC7C5gSLYJxzdmfn3wrlu_fPYzJeLPNFsgHUn5JItxQCUmyR1cdyCWPqRuWBIfpxHJ3z07w=w64-h64-p,,23 Fira Cantika,,"1月 1, 1970",4094450,"87 23 Fira Cantika 1月 1, 1970 64 188 4,094,450"
2026-09-29,id,Indonesia,top_artists_weekly,,88,https://lh3.googleusercontent.com/hxROE1fvLWSxUYAFV3IgMp5vvjN91Jx6oS6uwSVyYN9_fb3I6PLaRa3Ufb4A0awxq4J5UoPFQAQM-Q=w64-h64-p,,2 Bernadya,,"1月 1, 1970",4048282,"88 2 Bernadya 1月 1, 1970 86 137 4,048,282"
2026-09-29,id,Indonesia,top_artists_weekly,,89,https://yt3.googleusercontent.com/qDju517v1QFQx-NOEidPrcvkaJ1N4n_lEDXq41_DKIjJ5_Gm0PZiRACnT2GseCfgafIP3S2XYg1Nvldo=w64-h64-p,,24 Royal Music,,"1月 1, 1970",3999504,"89 24 Royal Music 1月 1, 1970 65 113 3,999,504"
2026-09-29,id,Indonesia,top_artists_weekly,,90,https://yt3.googleusercontent.com/EtNRZXn9raEzWheS6WyCSG_kDtdvguV8UKy1snrOnRo1iP0cj3mSE4RbHhJBMT0toFqkcHjalJNMhnA=w64-h64-p,,1 Andmesh,,"1月 1, 1970",3959289,"90 1 Andmesh 1月 1, 1970 91 409 3,959,289"
2026-09-29,id,Indonesia,top_artists_weekly,,91,https://lh3.googleusercontent.com/uE72emEZFH3TVtCZoIFYKmnf7vsb42RYQxb4X-lonyqPQuS_mLtKpLfBQ5JdHwUijfQo06BtSB7LoQ=w64-h64-p,,2 Linkin Park,,"1月 1, 1970",3944075,"91 2 Linkin Park 1月 1, 1970 89 523 3,944,075"
2026-09-29,id,Indonesia,top_artists_weekly,,92,https://yt3.googleusercontent.com/dnZYsW1_9l3oXUKxEXnuoPAIxqk9iWUlLSmtk_RnYxxhmI6sIaJE4vB7_r8i3tI3araAMNw=w64-h64-p,,12 Alex Crichton,,"1月 1, 1970",3927513,"92 12 Alex Crichton 1月 1, 1970 80 8 3,927,513"
2026-09-29,id,Indonesia,top_artists_weekly,,93,https://yt3.googleusercontent.com/K5YkN0ruZFb_aqz2caPgencgflSqp0BqJYOSEhaCfVcjodcQS65vfH6_IO6JJUnaHI3D2s8v3i8AEyo=w64-h64-p,,6 Afgan,,"1月 1, 1970",3876719,"93 6 Afgan 1月 1, 1970 87 350 3,876,719"
2026-09-29,id,Indonesia,top_artists_weekly,,94,https://yt3.googleusercontent.com/lTm2RdztJzuzo3mqE_RKZ6X4o8dcCoxIriF951_BCi9czYcEjcM8xGj-REdEzQZn3FnppRVqUg=w64-h64-p,,4 SILET OPEN UP,,"1月 1, 1970",3857609,"94 4 SILET OPEN UP 1月 1, 1970 90 79 3,857,609"
2026-09-29,id,Indonesia,top_artists_weekly,,95,https://yt3.googleusercontent.com/QbDmqvZDEfhPdKMbrxpSbWQHj9IUuqOSVORCnNdug90_BIrvo6g2FYinpo_gCbjEEW33QEJk2w=w64-h64-p,,3 Slank,,"1月 1, 1970",3850885,"95 3 Slank 1月 1, 1970 98 484 3,850,885"
2026-09-29,id,Indonesia,top_artists_weekly,,96,https://lh3.googleusercontent.com/IOKuXtp8PCQ_Fc-vaRKm3sKIXBxFV51gZheLTH5br-YGnWHFQf_Jywcuk7wbprYRoEbQyS_XZY6-nMJX=w64-h64-p,,8 酷玩樂團,,"1月 1, 1970",3825559,"96 8 酷玩樂團 1月 1, 1970 88 523 3,825,559"
2026-09-29,id,Indonesia,top_artists_weekly,,97,https://lh3.googleusercontent.com/M4Wiu2uJ2ufeNqNsHzdsIxUBrB1wC2tb1hz3Csq0H_RJ15l3G9l5gWgkkqOmwYovsbLXuNE_f1LirKUF=w64-h64-p,,97 Lyodra,,"1月 1, 1970",3797103,"97 97 Lyodra 1月 1, 1970 - 283 3,797,103"
2026-09-29,id,Indonesia,top_artists_weekly,,98,https://yt3.googleusercontent.com/1-Ipiq-y8WyAcWn88nuxwTHaaBWMg8VkCBuP3puDCec-neD3v-7SqoBRzmmBKmA-lir_Ie70yw9EKHk=w64-h64-p,,1 Alan Walker,,"1月 1, 1970",3762248,"98 1 Alan Walker 1月 1, 1970 97 523 3,762,248"
2026-09-29,id,Indonesia,top_artists_weekly,,99,https://yt3.googleusercontent.com/CMP3xIZLYR96yar88Re6-fCwRXlsrxkv1WN_NMhtS6SsMCuiHmZxKF8XSfz9mkVKtzBZUgIA9Q=w64-h64-p,,99 La Tasya,,"1月 1, 1970",3738141,"99 99 La Tasya 1月 1, 1970 - 36 3,738,141"
2026-09-29,id,Indonesia,top_artists_weekly,,100,https://lh3.googleusercontent.com/yFx0i6mPxQoMeGUDkdgoP_eAuIzCsWkhyVYSR0zyf5rjjngODoFUJiRHDvhg2sRytupNq1bvSH9vuPw=w64-h64-p,,6 ST 12,,"1月 1, 1970",3730502,"100 6 ST 12 1月 1, 1970 94 385 3,730,502"
2026-09-29,in,India,top_artists_weekly,,1,https://lh3.googleusercontent.com/_wPXKRCH5rAX8AK1kJZ1bNhSpNyyEgBRNmREdPmLbvTy3sX_ldiKMRYFc5uChygV_KRx_SDrH1KgUifk=w64-h64-p,,● Alka Yagnik,,"1月 1, 1970",411343110,"1 ● Alka Yagnik 1月 1, 1970 1 523 411,343,110"
2026-09-29,in,India,top_artists_weekly,,2,https://lh3.googleusercontent.com/coesV4OVEVkua3_wJG-2BVvTc95yHF9sS1W6mOAtl4-vvTjQb250Hy_nVlfvudmEugb7_k05vhY9aJm4=w64-h64-p,,● Udit Narayan,,"1月 1, 1970",302483964,"2 ● Udit Narayan 1月 1, 1970 2 523 302,483,964"
2026-09-29,in,India,top_artists_weekly,,3,https://lh3.googleusercontent.com/W_yOqnKSDYyeVOY_AsXhuAtb6rW3vCL3GtJ9DA1GxWOrJfyeSOqzvTv_TkFHijdkVPXWutASBlRFPg=w64-h64-p,,● Arijit Singh,,"1月 1, 1970",256279840,"3 ● Arijit Singh 1月 1, 1970 3 523 256,279,840"
2026-09-29,in,India,top_artists_weekly,,4,https://yt3.googleusercontent.com/PgINZNe0qVxgMSXKG5vF82bNN4WCC12zgWsz9I7OLs4CLF9Cn0Vxq7Xc1ToupnzXrCv0nKfe3VM=w64-h64-p,,● Shreya Ghoshal,,"1月 1, 1970",252153760,"4 ● Shreya Ghoshal 1月 1, 1970 4 523 252,153,760"
2026-09-29,in,India,top_artists_weekly,,5,https://lh3.googleusercontent.com/cPvYaP4ByG-i7fUE-dKrjMgaNL8v3hC93ErP6meKnltvRuzxo-DINLQkTtvjfC6hVnzRMlnJEb9n3uM=w64-h64-p,,● Kumar Sanu,,"1月 1, 1970",236857844,"5 ● Kumar Sanu 1月 1, 1970 5 523 236,857,844"
2026-09-29,in,India,top_artists_weekly,,6,https://lh3.googleusercontent.com/feZmeXdUHGejlI2qfS6ZDzS5AJJ2dtkG4SrWJ7AgeWuAOvobr_XC4m8REZ01uHpgX0qrpyY4557vKNA=w64-h64-p,,● Shilpi Raj,,"1月 1, 1970",162460205,"6 ● Shilpi Raj 1月 1, 1970 6 316 162,460,205"
2026-09-29,in,India,top_artists_weekly,,7,https://lh3.googleusercontent.com/aOdQY2mAYeneChSYXR-XM8Jmar12sSGavWQjNXJcoQnoxe6iri4ju4GuJKpyxDoCk3813ROgTBD72Gg=w64-h64-p,,● Lata Mangeshkar,,"1月 1, 1970",136223117,"7 ● Lata Mangeshkar 1月 1, 1970 7 523 136,223,117"
2026-09-29,in,India,top_artists_weekly,,8,https://lh3.googleusercontent.com/iWH_XSIO8yZvIqz8vxkwC9BjzGM4giAhR69Z6LZ0t8Rp79ASNFVwpwHZWOyyo94B_jsXl8HtFueMgMA=w64-h64-p,,● Sonu Nigam,,"1月 1, 1970",132174457,"8 ● Sonu Nigam 1月 1, 1970 8 523 132,174,457"
2026-09-29,in,India,top_artists_weekly,,9,https://yt3.ggpht.com/ytc/AIdro_loUUAQFIvFnFeGPi7ojQ0x7KFOFusBaBXVAyxfrPiGk7U=w64-h64-p,,1 Pawan Singh,,"1月 1, 1970",128249194,"9 1 Pawan Singh 1月 1, 1970 10 523 128,249,194"
2026-09-29,in,India,top_artists_weekly,,10,https://yt3.googleusercontent.com/sjGMYJQ1J3FZEIBsMYUztMjjYOM4-NJ24CjmIHqxTWCxAM1YgjL-d_17u7_PRhTouOwwAjbu-2x5S6I=w64-h64-p,,1 Pritam,,"1月 1, 1970",124602139,"10 1 Pritam 1月 1, 1970 9 441 124,602,139"
2026-09-29,in,India,top_artists_weekly,,11,https://lh3.googleusercontent.com/rdhk-_2UHeXOqem15INGphwJQBGYj3JkeckFYUZVPoL5aVPm3TS730uKayljYiuahRXolePwSsyWO8KI=w64-h64-p,,Khesari Lal Yadav,,,,Khesari Lal Yadav
2026-09-29,in,India,top_artists_weekly,,12,https://yt3.googleusercontent.com/tdAsmMAtaKxazC86csCLxZFGFoo0yrhyJDCsqqF4p9lAHQKwVCh2hwT1HEqcTCv2c5af5k7t=w64-h64-p,,1 Masoom Sharma,,"1月 1, 1970",107328684,"12 1 Masoom Sharma 1月 1, 1970 13 215 107,328,684"
2026-09-29,in,India,top_artists_weekly,,13,https://yt3.googleusercontent.com/jEh-GLa0VeT7J8D3IhnDH9WqfdPNTp0OthFle0NNtpU6b2nVHUr3vS_trVXlBeYROz-36bAQYw=w64-h64-p,,G.V. Prakash Kumar,,,,G.V. Prakash Kumar
2026-09-29,in,India,top_artists_weekly,,14,https://yt3.googleusercontent.com/i-PUJfHy7H3_s1AUBWUaulTzhclF5MobqSIw_3nM3a2-kfCGsY_67K-dEOW7baAiBdfHvSOuHVjR_g=w64-h64-p,,SP Balasubrahmanyam,,,,SP Balasubrahmanyam
2026-09-29,in,India,top_artists_weekly,,15,https://yt3.googleusercontent.com/3_aXOzmvqweQgBaXbFLccZlhXq2-AMo_ZaCjCKnulj8kicdbf1fw-_3thbSD_3ujOY4K3lzz1A=w64-h64-p,,Anuradha Paudwal,,,,Anuradha Paudwal
2026-09-29,in,India,top_artists_weekly,,16,https://lh3.googleusercontent.com/wBG4jypwBcEGHd-qSbM2_4B46WPEhlOCjusCOEkxdnsoIC4WLS9LmFARZsE854pB-vAEYlsp4x2yiHE=w64-h64-p,,Anirudh Ravichander,,,,Anirudh Ravichander
2026-09-29,in,India,top_artists_weekly,,17,https://yt3.googleusercontent.com/Ss_NEfGmfpwXCiuoNxiKxWAoU3M484SwZ4UmahATX7KwOqIaoqTyESuNyZV3fzJm25bmjtfSUxsIFI8=w64-h64-p,,21 Yo・Yo・哈尼・辛,,"1月 1, 1970",86543951,"17 21 Yo・Yo・哈尼・辛 1月 1, 1970 38 523 86,543,951"
2026-09-29,in,India,top_artists_weekly,,18,https://yt3.googleusercontent.com/0sn-IebZUSV-wR3iWumDsn7_jBTY8titCi3bnSbDDyB3BWFBzmWPWQP0Jo0EWF_SNs_OIcXL=w64-h64-p,,22 Zubeen Garg,,"1月 1, 1970",84457354,"18 22 Zubeen Garg 1月 1, 1970 40 399 84,457,354"
2026-09-29,in,India,top_artists_weekly,,19,https://lh3.googleusercontent.com/IAmNrms9LjVSMrBm2Ub2lhFJSPbslcTHzYEFDVgYtL2mTp40tYfJQLEkOsXNitpOcIULYU7Jpuv3ZLW2=w64-h64-p,,Himesh Reshammiya,,,,Himesh Reshammiya
2026-09-29,in,India,top_artists_weekly,,20,https://yt3.googleusercontent.com/DI32a4ktbV42zA4V7QcVh1Ao8S7Z8ADtSfGOnOgBXlgNIsMtf_fycBJ-bX3Mtk6l6qtmNKBuY8P33GE=w64-h64-p,,3 薩米爾・安姜,,"1月 1, 1970",75338473,"20 3 薩米爾・安姜 1月 1, 1970 17 235 75,338,473"
2026-09-29,in,India,top_artists_weekly,,21,https://lh3.googleusercontent.com/d_HYYh2VX3FtJqth5lEYmz7eOMNPc-g14j2nY1APqjU5TJlpRqnlseCC8v-qvNWDpj170eDizWDQlw=w64-h64-p,,2 Kishore Kumar,,"1月 1, 1970",70218728,"21 2 Kishore Kumar 1月 1, 1970 19 523 70,218,728"
2026-09-29,in,India,top_artists_weekly,,22,https://lh3.googleusercontent.com/E8XfclIOX4PdxZ_3l9wtn5Vqztps7NL4aWEcDoqNEQIFzupN1Cc3gQ8uS4eW50janJ8G0_nEoP3Uagk=w64-h64-p,,Shashwat Sachdev,,,,Shashwat Sachdev
2026-09-29,in,India,top_artists_weekly,,23,https://yt3.googleusercontent.com/vHMOuDn8gr3SW9Pm8yFgmtYzM5kj4ayng5HKRjW0OyjG9mPK923XMVtTZTt4NUG_1aemWNLSQ27zjtA=w64-h64-p,,2 A. R. Rahman,,"1月 1, 1970",69057229,"23 2 A. R. Rahman 1月 1, 1970 21 523 69,057,229"
2026-09-29,in,India,top_artists_weekly,,24,https://lh3.googleusercontent.com/-DkBx6GO-dX52PlxBr5ypniFaHkC_FJQ3MX4rz45yp0IZ70YdOWR9CpRED-58hzmvIhQbIWCCiC10P4=w64-h64-p,,Kavita Krishnamurthy,,,,Kavita Krishnamurthy
2026-09-29,in,India,top_artists_weekly,,25,https://lh3.googleusercontent.com/_c102EBASHERqDnrU32iygceCB0ItZy5PSeR6rvnKEusmQWNZhZRcp_xdlZHS578a82QVSPKfOyrzn8=w64-h64-p,,2 桑妮蒂·喬寒,,"1月 1, 1970",66456430,"25 2 桑妮蒂·喬寒 1月 1, 1970 23 523 66,456,430"
2026-09-29,in,India,top_artists_weekly,,26,https://yt3.googleusercontent.com/mv69pzBtNsCAhvJGOW0CxAFBHl9azsyxKDsPluYDfn6GNSWzC9pd7Y3VOSL-ZX6h_UqLXtK_0kfDs6Cu=w64-h64-p,,6 Sai Abhyankkar,,"1月 1, 1970",65526241,"26 6 Sai Abhyankkar 1月 1, 1970 20 116 65,526,241"
2026-09-29,in,India,top_artists_weekly,,27,https://yt3.googleusercontent.com/ykJkyILKum4B2oudDxjnf5WNenWWZAp-WEz0_CHp4cu0VnqB2-uaNDylItqC68WLXV62rdHDun-ahbg=w64-h64-p,,3 Atif Aslam,,"1月 1, 1970",63991501,"27 3 Atif Aslam 1月 1, 1970 24 523 63,991,501"
2026-09-29,in,India,top_artists_weekly,,28,https://yt3.googleusercontent.com/cFho6QFr9dAAQ7bspBLLi6jkuASqcgmFpgC4s3mnuSZkrUnGU9Zj6EZS5AlbKNv0gVFdw3CEVEGKaQ=w64-h64-p,,2 K·S·切特拉,,"1月 1, 1970",62076612,"28 2 K·S·切特拉 1月 1, 1970 26 518 62,076,612"
2026-09-29,in,India,top_artists_weekly,,29,https://lh3.googleusercontent.com/KrXTdVSXgcC7l4QGzaxqDLcWy8BeNL7GvhP9FrytGQXgjaYk26_HMCvrN2wST0B4eoOJ6WLYE1SvQQA=w64-h64-p,,2 Asha Bhosle,,"1月 1, 1970",61622010,"29 2 Asha Bhosle 1月 1, 1970 27 523 61,622,010"
2026-09-29,in,India,top_artists_weekly,,30,https://yt3.googleusercontent.com/vl3JOUe5wmDZWfU8EJFtf3hjENGdk9dcoiHyyaYLxDSjI2qYaZnafHXKOb_dOL69ZPyAyhVfIMPKzpQ=w64-h64-p,,● Sadhana Sargam,,"1月 1, 1970",60733151,"30 ● Sadhana Sargam 1月 1, 1970 30 523 60,733,151"
2026-09-29,in,India,top_artists_weekly,,31,https://yt3.googleusercontent.com/fFEQDkLmuaBzUyXZAHIaQHUm78MRsN5oatXNscSJfE7e7IOFc3cVUqqgEoVo6mvYhp-3D4zd94nZZgY=w64-h64-p,,2 Vishal,Shekhar,"1月 1, 1970",57660542,"31 2 Vishal-Shekhar 1月 1, 1970 29 327 57,660,542"
2026-09-29,in,India,top_artists_weekly,,32,https://yt3.googleusercontent.com/Pxv5-0nbw22At8GnATJ2UqYSJUm6bHlhVC4Gf0vM8a3ZSo1e5ct3TOXzB_WdaCVn8JL_iCnnKArrqZo=w64-h64-p,,4 Mithoon,,"1月 1, 1970",56983524,"32 4 Mithoon 1月 1, 1970 28 477 56,983,524"
2026-09-29,in,India,top_artists_weekly,,33,https://lh3.googleusercontent.com/u_YlAOSU7_M6mI6_4Xo0KIIwI_9pVCnLg0BrdLQsW-KENvVuvnvsq-cHhFrCiD9Ft48jqirgp_gWWwg=w64-h64-p,,2 KK,,"1月 1, 1970",56976522,"33 2 KK 1月 1, 1970 31 520 56,976,522"
2026-09-29,in,India,top_artists_weekly,,34,https://yt3.googleusercontent.com/ZjpNFV5FdJiI4OzRSm3WImVBY7ijp1-oXkqAMmyfy73oLPkWdQi7iPt7s9UhtqxNVk3hiWQIEQ=w64-h64-p,,5 Aashish Yadav,,"1月 1, 1970",56694177,"34 5 Aashish Yadav 1月 1, 1970 39 169 56,694,177"
2026-09-29,in,India,top_artists_weekly,,35,https://lh3.googleusercontent.com/RhE_q9W1bv6s7SBSXgsTHgdKLc1MVocl1ZvBICyjoiHP38MsJKpLLF8NP3UmOPgXajBH1N72jmrbBA=w64-h64-p,,1 安巴希·巴塔查裡亞,,"1月 1, 1970",55912322,"35 1 安巴希·巴塔查里亞 1月 1, 1970 36 523 55,912,322"
2026-09-29,in,India,top_artists_weekly,,36,https://lh3.googleusercontent.com/QxbV6wK_wcQWcBY9rBicZlsl1-gX5M6nGjfNN3BTzgknhaSJ6yhnHW7NmF4dTx0Ch9g9-VTD6YUD2crW=w64-h64-p,,6 Ilaiyaraaja,,"1月 1, 1970",53166721,"36 6 Ilaiyaraaja 1月 1, 1970 42 294 53,166,721"
2026-09-29,in,India,top_artists_weekly,,37,https://lh3.googleusercontent.com/HJYhQHl6SVpLBm-njbjM9WaAMfAZ3UHHLtuRwEn0ggyC2BJOCZ6G6Fl7PjVnZ-7jn8PXBvOFHhKKbT4=w64-h64-p,,2 Irshad Kamil,,"1月 1, 1970",53047725,"37 2 Irshad Kamil 1月 1, 1970 35 96 53,047,725"
2026-09-29,in,India,top_artists_weekly,,38,https://lh3.googleusercontent.com/dJy5Bpwx4qENTOXxk9YPXrjAhghP4pRdlzvoOZq8uZXihEPMN8PXnZzM-05R1TDDJkjU7oEij8LhEfw=w64-h64-p,,Shankar Mahadevan,,,,Shankar Mahadevan
2026-09-29,in,India,top_artists_weekly,,39,https://yt3.googleusercontent.com/Arv93jzh4R-cY1yEusDzcPCZzUuSIpHiyggsYeR38hdWXtkKvx9TIyvR3R6G9YYry7kVe349VDwvVcLB=w64-h64-p,,5 Sadhu Tiwari,,"1月 1, 1970",52105502,"39 5 Sadhu Tiwari 1月 1, 1970 34 4 52,105,502"
2026-09-29,in,India,top_artists_weekly,,40,https://yt3.ggpht.com/ytc/AIdro_kiQJ0Hhp0O-tdaY1dy81-gSNujjccUlWstnpFr686ZlMk=w64-h64-p,,Sidhu Moose Wala,,,,Sidhu Moose Wala
2026-09-29,in,India,top_artists_weekly,,41,https://lh3.googleusercontent.com/blpZLT0W8240Tac-bCvRIO9_j1v4kP4g9EdKnx0PKotrKRHr82bJjMvVPVxYHK9bdml5Yo_omphru_rx=w64-h64-p,,Dhanda Nyoliwala,,,,Dhanda Nyoliwala
2026-09-29,in,India,top_artists_weekly,,42,https://yt3.googleusercontent.com/4Jd9XSimz29-o12oJKUmgfTx3otHBHlTy0jb3Ace4ti2bz8Nuo59IeneNlM9EKRQXNRpLwk6YoEuNQ=w64-h64-p,,1 Jubin Nautiyal,,"1月 1, 1970",51418227,"42 1 Jubin Nautiyal 1月 1, 1970 41 518 51,418,227"
2026-09-29,in,India,top_artists_weekly,,43,https://yt3.googleusercontent.com/2d2-_IezeGH8oWg_fIBPP-RYgeERjQF9CBypHLRc6BQl-ipus2TpYJNZdznxFr1_ko9CN2nVTLt2N0jn=w64-h64-p,,● Neelkamal Singh,,"1月 1, 1970",50799150,"43 ● Neelkamal Singh 1月 1, 1970 43 133 50,799,150"
2026-09-29,in,India,top_artists_weekly,,44,https://yt3.googleusercontent.com/9o3I0hxnjE0RtaYiUovaJxV82NDqudt-U0hrv3LIv0NP_zciTYMfGnYy6BOaV7fYE_udG85zWP-yUw=w64-h64-p,,1 Jasmine Sandlas,,"1月 1, 1970",49311394,"44 1 Jasmine Sandlas 1月 1, 1970 45 418 49,311,394"
2026-09-29,in,India,top_artists_weekly,,45,https://lh3.googleusercontent.com/k7sgqqcV5VScaMZtTmS8W_tfouLVBpgyJII0epYE2Vjw1-zzhGgUCV51aHxZn6cmZKKJgUfNlIVpZg=w64-h64-p,,1 Karan Aujla,,"1月 1, 1970",49112108,"45 1 Karan Aujla 1月 1, 1970 44 358 49,112,108"
2026-09-29,in,India,top_artists_weekly,,46,https://yt3.googleusercontent.com/_LnLv1rlfGHF3K9bRmTkfxO40ulBDSv8l2erieuNYiZdMjRB6hVjanIF14mWpN_URwbhfBU2CCUz9A12OA=w64-h64-p,,1 薩辛,吉格爾,"1月 1, 1970",47850165,"46 1 薩辛-吉格爾 1月 1, 1970 47 348 47,850,165"
2026-09-29,in,India,top_artists_weekly,,47,https://lh3.googleusercontent.com/fV2lMYLeaJc9jxta-eXfwHhvfQHCk9c6HgTVw8MqiGasI-kZQ8qbkuHnrTcXIhzkfmwGfMxwFbI-4CU=w64-h64-p,,1 Neha Kakkar,,"1月 1, 1970",47144279,"47 1 Neha Kakkar 1月 1, 1970 46 523 47,144,279"
2026-09-29,in,India,top_artists_weekly,,48,https://yt3.googleusercontent.com/QdPfCNLIFDY4vMedmsKbCx5cISWjNUad5Rv5FK8_bw4C60y5KDVeB2AVBrGKIwl6BB9LFERnyg=w64-h64-p,,● Gur Sidhu,,"1月 1, 1970",46742821,"48 ● Gur Sidhu 1月 1, 1970 48 294 46,742,821"
2026-09-29,in,India,top_artists_weekly,,49,https://lh3.googleusercontent.com/gAEG6mk98mU1GRXQnUvI6bvbqRtDLVniCn7YItbjJS3y4acOJiyogYK5skQ0ucT7nXWiBqFoaeN0-g=w64-h64-p,,2 Mohd Rafi,,"1月 1, 1970",45786094,"49 2 Mohd Rafi 1月 1, 1970 51 523 45,786,094"
2026-09-29,in,India,top_artists_weekly,,50,https://yt3.googleusercontent.com/okW6cGzIHVezP_kl1amShTVhxiJFX8ErptuN9OWKKua2042KEGl1Mg6wR7N_R2Eoyft-p-nV=w64-h64-p,,2 Shiva Choudhary,,"1月 1, 1970",45240949,"50 2 Shiva Choudhary 1月 1, 1970 52 191 45,240,949"
2026-09-29,in,India,top_artists_weekly,,51,https://yt3.googleusercontent.com/gxVWTkJLCdH-tKBHbWHnF_jSYe9Bvf3iBfY6o1MQQwEuqPR4Qg291hdCxncNgMtbP05t5C34aDchM1lb=w64-h64-p,,2 穆罕默德·阿齊茲,,"1月 1, 1970",44956360,"51 2 穆罕默德·阿齊茲 1月 1, 1970 49 520 44,956,360"
2026-09-29,in,India,top_artists_weekly,,52,https://yt3.googleusercontent.com/v3OLvtC4FbLMVN8q1NTWVMHC_PA1fB6kQ_G78J4zqh7wQfgeodjTTK85kxWmh-4HJuc5N58i9Q=w64-h64-p,,2 B Praak,,"1月 1, 1970",43720073,"52 2 B Praak 1月 1, 1970 50 404 43,720,073"
2026-09-29,in,India,top_artists_weekly,,53,https://yt3.googleusercontent.com/CkSBKxmPT_97r-CR5HPGrTzZef53Li3Zgv5S8MLajtLFTrYWejm3lvJqB15bjhqYaw5pvkzR=w64-h64-p,,20 Vishal Mishra,,"1月 1, 1970",42463348,"53 20 Vishal Mishra 1月 1, 1970 33 299 42,463,348"
2026-09-29,in,India,top_artists_weekly,,54,https://lh3.googleusercontent.com/bbR8znm7CX07mCGQH-M484ckFRaKkSmTjwrwuFZxQUBy7Uc5gQcintkpqDXCuSX0DdLLg2aPskZhC2s=w64-h64-p,,2 Badshah,,"1月 1, 1970",41481720,"54 2 Badshah 1月 1, 1970 56 523 41,481,720"
2026-09-29,in,India,top_artists_weekly,,55,https://yt3.googleusercontent.com/9mz175MOycQXaIUc3uOUcyu-CT7LnybXk8HNSImY_0xlnuxt6zIzViF9DSMmWEkzEPrwVxTcGBC3-iCF=w64-h64-p,,9 Kasarla Shyam,,"1月 1, 1970",40894547,"55 9 Kasarla Shyam 1月 1, 1970 64 48 40,894,547"
2026-09-29,in,India,top_artists_weekly,,56,https://yt3.googleusercontent.com/mFEOHGr53Sm6lTWxZ8B2OV63rJS79k4kb0Fu3zDcOQXL1n6By3mDShraRKhYQDJ_bMImmKW0Z-NgKdQ=w64-h64-p,,Sukhwinder Singh,,,,Sukhwinder Singh
2026-09-29,in,India,top_artists_weekly,,57,https://yt3.googleusercontent.com/9pqcIf-V_F0GYg6a10bdGL0qXWZ0W_J9lfO3MiiDnS3WYIu2qbV25Xd9UvT7U1Ar-80Td_ccz2JdBgCD=w64-h64-p,,3 Khushi Kakkar,,"1月 1, 1970",40216588,"57 3 Khushi Kakkar 1月 1, 1970 60 153 40,216,588"
2026-09-29,in,India,top_artists_weekly,,58,https://yt3.googleusercontent.com/7EYXXMXY594V8y4sZT2aawmdKgDAGTu5jNm9C-HpR3jY9cZJ0NMxS__nZKBdWZ1PUpJPjc2BAA=w64-h64-p,,8 Diljit Dosanjh,,"1月 1, 1970",40094123,"58 8 Diljit Dosanjh 1月 1, 1970 66 523 40,094,123"
2026-09-29,in,India,top_artists_weekly,,59,https://yt3.googleusercontent.com/9mz175MOycQXaIUc3uOUcyu-CT7LnybXk8HNSImY_0xlnuxt6zIzViF9DSMmWEkzEPrwVxTcGBC3-iCF=w64-h64-p,,11 Jangi Reddy,,"1月 1, 1970",38888363,"59 11 Jangi Reddy 1月 1, 1970 70 27 38,888,363"
2026-09-29,in,India,top_artists_weekly,,60,https://yt3.ggpht.com/ytc/AIdro_md1uks6dsIvyxOarKARXS3XHSLe3qkK39B30SzcHTKkA=w64-h64-p,,8 Cheema Y,,"1月 1, 1970",38764756,"60 8 Cheema Y 1月 1, 1970 68 132 38,764,756"
2026-09-29,in,India,top_artists_weekly,,61,https://yt3.ggpht.com/ytc/AIdro_mbmXRIeAXR6bBQQwneeiRK9enhSfAkChnaDs1Ww4VafQ=w64-h64-p,,6 Javed Ali,,"1月 1, 1970",38577298,"61 6 Javed Ali 1月 1, 1970 55 443 38,577,298"
2026-09-29,in,India,top_artists_weekly,,62,https://yt3.ggpht.com/ytc/AIdro_li2lsmbfskQRf4VjFrJ0-qXRPjVmorZu8DsI4fRBBm4Wc=w64-h64-p,,5 Mohit Chauhan,,"1月 1, 1970",38021091,"62 5 Mohit Chauhan 1月 1, 1970 67 503 38,021,091"
2026-09-29,in,India,top_artists_weekly,,63,https://yt3.googleusercontent.com/koiYK-CKEI38d0zwZRgk75EHU8qaev567hN4Ii_-GzikKAVPzVmrtdl4bo83H3ZEaSF0sNo=w64-h64-p,,2 Kalpana,,"1月 1, 1970",37872586,"63 2 Kalpana 1月 1, 1970 61 274 37,872,586"
2026-09-29,in,India,top_artists_weekly,,64,https://yt3.googleusercontent.com/V9ASnc3vfFfhmvUbGpAI1v2164SREsPAAJHW_X5bfcFEXAHAjFS8RSv0xTFedIi-BN7CzI-p=w64-h64-p,,7 ARJN,,"1月 1, 1970",37606910,"64 7 ARJN 1月 1, 1970 57 28 37,606,910"
2026-09-29,in,India,top_artists_weekly,,65,https://yt3.googleusercontent.com/0jmYDmdKLUCZVBqzIpBDskISXpcfUz9no25BpWdpZvwDIUJK4Qq6QO6JYa0qpSEhk2BFBTv-S_JV6ZN1=w64-h64-p,,7 KDS,,"1月 1, 1970",37603638,"65 7 KDS 1月 1, 1970 58 28 37,603,638"
2026-09-29,in,India,top_artists_weekly,,66,https://yt3.googleusercontent.com/hKBstvCQSnEz6mXwKDLRAYhNZ9msqLvA6Ox2ay0JKY1Mwo0cJEhSeUfXiTsm2xK6oogwfbFbOw=w64-h64-p,,4 Raushan Rohi,,"1月 1, 1970",37430641,"66 4 Raushan Rohi 1月 1, 1970 62 203 37,430,641"
2026-09-29,in,India,top_artists_weekly,,67,https://www.youtube.com/s/charts/images/top_artists.png,,,,"1月 1, 1970",37077706,"67 8 1月 1, 1970 59 20 37,077,706"
2026-09-29,in,India,top_artists_weekly,,68,https://yt3.googleusercontent.com/Ip35qauI_vMztXkJ3Wd6etvLwiyRrHIGvDyKK3714vyWMBx1ogHxPxkA8ohPnOLyy68wzEVBblPmsHHU=w64-h64-p,,5 Sid Sriram,,"1月 1, 1970",37039981,"68 5 Sid Sriram 1月 1, 1970 63 453 37,039,981"
2026-09-29,in,India,top_artists_weekly,,69,https://yt3.googleusercontent.com/Lp_WMVEKb65o_KPdnguuCyNmfXmd9y0pOAoG_oDmAz3Z9c350A079e-uyMphRplZ6FwC9KVMIfzoaA=w64-h64-p,,4 Indu Sonali,,"1月 1, 1970",36118779,"69 4 Indu Sonali 1月 1, 1970 73 523 36,118,779"
2026-09-29,in,India,top_artists_weekly,,70,https://yt3.googleusercontent.com/31ZNbXgzuYML_PR4fX9xr9UhLyMbarrX6O2JEwCouoBC38Ht1Wzxn9bls3L-Jfu3L-pU-V6D8_k=w64-h64-p,,5 Vivek,,"1月 1, 1970",35448306,"70 5 Vivek 1月 1, 1970 65 56 35,448,306"
2026-09-29,in,India,top_artists_weekly,,71,https://yt3.googleusercontent.com/6EgtUkf8Pi_V35BKnUTNiuFaj90jp5kd3UFiUjfNA7HH34RZ4rVra6Kr-oNh1-AD_0hl0_8GGRnPqg=w64-h64-p,,● Tanishk Bagchi,,"1月 1, 1970",35245927,"71 ● Tanishk Bagchi 1月 1, 1970 71 448 35,245,927"
2026-09-29,in,India,top_artists_weekly,,72,https://lh3.googleusercontent.com/VMHPQBMey4lkV4BxVzoPlljbLE3ZSrS1sXWBvOGxVBqH-gXQ-A1xfFSxNxCPK2TkkIfR2BQcIj_xeYY=w64-h64-p,,3 Priyanka Singh,,"1月 1, 1970",34628246,"72 3 Priyanka Singh 1月 1, 1970 69 442 34,628,246"
2026-09-29,in,India,top_artists_weekly,,73,https://yt3.googleusercontent.com/GEnUe3_xsReEBi3LAMu2CSOOiHzTVsv66v6SWn7RTME-jf3znyLMJUnQ3fYEaTbYgTenqs06Sq2TzcK-=w64-h64-p,,Amitabh Bhattacharya,,,,Amitabh Bhattacharya
2026-09-29,in,India,top_artists_weekly,,74,https://yt3.googleusercontent.com/A48g5YBfnwM9ckO5jsgxVJEtieC3O1ot_gpSQOSXVEcZu1PQMploq7zVKfbSUqRAYDodFI_EJQ=w64-h64-p,,1 Ashu Twinkle,,"1月 1, 1970",34331710,"74 1 Ashu Twinkle 1月 1, 1970 75 200 34,331,710"
2026-09-29,in,India,top_artists_weekly,,75,https://yt3.googleusercontent.com/01iHIkN8gdGeBuTP7wefpwB841myxDunWx6uEUnU9Vex3rOQ_2YYxabshheCmPjbaFF3vp4F5A=w64-h64-p,,3 Raj Mawar,,"1月 1, 1970",34275367,"75 3 Raj Mawar 1月 1, 1970 78 324 34,275,367"
2026-09-29,in,India,top_artists_weekly,,76,https://yt3.googleusercontent.com/imuUtRErQsGtHhRAoFrdPeHrl7q4zF4eYTtVykw2oFHDGxE7-ZLH7Hcv4pQ8oAtaMRF8Bg5I3A8=w64-h64-p,,2 Banjaare,,"1月 1, 1970",33229501,"76 2 Banjaare 1月 1, 1970 74 29 33,229,501"
2026-09-29,in,India,top_artists_weekly,,77,https://yt3.googleusercontent.com/P0M-lerMpghXOLtHfB8njNXhndhb_kSGlEnNHHQ9_XKHQ4RozrtrUrnmulw0w88kfAe1xFXb4vNEbzdh=w64-h64-p,,● S. Janaki,,"1月 1, 1970",33153652,"77 ● S. Janaki 1月 1, 1970 77 439 33,153,652"
2026-09-29,in,India,top_artists_weekly,,78,https://yt3.googleusercontent.com/uQOMBpazvHHVRD0G_LB7SMJOALXp-JmRVYgHZXn1Lz8OYYiBXSgKQHc58OlMLYyrrmjtawjDDokbbLFz=w64-h64-p,,1 Palak Muchhal,,"1月 1, 1970",33067896,"78 1 Palak Muchhal 1月 1, 1970 79 523 33,067,896"
2026-09-29,in,India,top_artists_weekly,,79,https://yt3.googleusercontent.com/Ea_u7o1gYEKehVYjz_DQYUi-Nrsmo6EIJKYt2HuNbnaUPCQsV-M68OoXEtAfN3bRBAH1fuMuew=w64-h64-p,,3 Tulsi Kumar,,"1月 1, 1970",32583143,"79 3 Tulsi Kumar 1月 1, 1970 82 522 32,583,143"
2026-09-29,in,India,top_artists_weekly,,80,https://yt3.googleusercontent.com/uLPqCCHxg__NEFfnTkzQOX95m6_vbzEx1aKKIarIyC5U4SnMMdVHIlAnIq2SPS8SrV8UY6tSUHIB9N0=w64-h64-p,,16 Asees Kaur,,"1月 1, 1970",32197033,"80 16 Asees Kaur 1月 1, 1970 96 423 32,197,033"
2026-09-29,in,India,top_artists_weekly,,81,https://yt3.googleusercontent.com/iguPa-ndM0kpPY2lcGA3s0ihE_5t-E1vBpy1druoVGRwt7qeVInfvY_dOI_VnGvU226-fpZE7Q_G88k=w64-h64-p,,5 Vishal Dadlani,,"1月 1, 1970",31821366,"81 5 Vishal Dadlani 1月 1, 1970 76 420 31,821,366"
2026-09-29,in,India,top_artists_weekly,,82,https://yt3.googleusercontent.com/HPWVLrJGKyCjp2sTO16rdrGLVLAmH2BVWYzorh6FY6ZFEu7mVnSPF8TdV0gE421fOAlkMv1Mrhcj7Wc=w64-h64-p,,2 Hariharan,,"1月 1, 1970",31504254,"82 2 Hariharan 1月 1, 1970 84 494 31,504,254"
2026-09-29,in,India,top_artists_weekly,,83,https://yt3.googleusercontent.com/lezqY3iOKcqRRa06CwLGW7ZRRCVS1uQqdc-z0fc7GumeU4juZqFBFEzUs2VgojUE5NBfeVy_tA=w64-h64-p,,2 Shivani Singh,,"1月 1, 1970",31419135,"83 2 Shivani Singh 1月 1, 1970 85 197 31,419,135"
2026-09-29,in,India,top_artists_weekly,,84,https://yt3.googleusercontent.com/AM2oTGPZg85uEqAMeHOZw70j3TnMJ4OHoL9MoqJsCCgHIevx9TpVtk6xtA-Fpl-QfyeoHvv_LGFSDA=w64-h64-p,,4 奈蒂·莫漢,,"1月 1, 1970",30675583,"84 4 奈蒂·莫漢 1月 1, 1970 80 523 30,675,583"
2026-09-29,in,India,top_artists_weekly,,85,https://yt3.googleusercontent.com/ag8GRYQeFk6MkpeYd7SUAFqKugTc9z7qA5Od5QoJqbKKjkHSS3O9jVdXlcj5IKo7xqP1mI16ZnkAm_g=w64-h64-p,,4 Tuntun Yadav,,"1月 1, 1970",30583391,"85 4 Tuntun Yadav 1月 1, 1970 81 250 30,583,391"
2026-09-29,in,India,top_artists_weekly,,86,https://lh3.googleusercontent.com/NtUzmOcbzePCdm5RoN0-tNy53NuPSjpIQS6YdrhPkRxwjOaZVNujYMv9OmDqT6zTUvc-rpciIiqLcUs=w64-h64-p,,11 Guru Randhawa,,"1月 1, 1970",30128424,"86 11 Guru Randhawa 1月 1, 1970 97 523 30,128,424"
2026-09-29,in,India,top_artists_weekly,,87,https://yt3.googleusercontent.com/lBKBrEG_jPVF0-vz_c1dH67B624UJT9DZh1-mt8m82a7YcXbqB6PV0wDlPhf-9iPBNtZXR1iBSM=w64-h64-p,,1 Shaan,,"1月 1, 1970",30075217,"87 1 Shaan 1月 1, 1970 86 520 30,075,217"
2026-09-29,in,India,top_artists_weekly,,88,https://yt3.googleusercontent.com/R6D0x83Uvnnhdy55hbdpi4SS0I3xqYZsqr_WcsGY0SlQOimmh2HJrkq3KMunG0l9ymm1gGbvtYp_HJw=w64-h64-p,,1 K.J. Yesudas,,"1月 1, 1970",29831861,"88 1 K.J. Yesudas 1月 1, 1970 87 374 29,831,861"
2026-09-29,in,India,top_artists_weekly,,89,https://lh3.googleusercontent.com/sfmrJFsb4kHBM2Bs3RNcCxVo8TV7ymPukQYHFPMKnnCeg7LXppCieb3k7ZLp7TDsJBrpq3Gu_es7O8o=w64-h64-p,,2 Jeet Gannguli,,"1月 1, 1970",29740916,"89 2 Jeet Gannguli 1月 1, 1970 91 296 29,740,916"
2026-09-29,in,India,top_artists_weekly,,90,https://lh3.googleusercontent.com/oR-LWIKFx2w5YR6RU72EhHxlYFcI0w5yNz3otsejAfRE4UW7CqDr3xt8TPmG0kTzzc8r6-O4Gg0bQY1p=w64-h64-p,,2 Meet Bros.,,"1月 1, 1970",28697066,"90 2 Meet Bros. 1月 1, 1970 92 523 28,697,066"
2026-09-29,in,India,top_artists_weekly,,91,https://yt3.googleusercontent.com/M8p57BJfpKLQ_Dfu8J3AmTMTxM1-AW2G1pREC-hYD1yhcjpqJ45XN7jHB70VqNJu_S49OKVR=w64-h64-p,,8 Mustafa Zahid,,"1月 1, 1970",28503068,"91 8 Mustafa Zahid 1月 1, 1970 83 114 28,503,068"
2026-09-29,in,India,top_artists_weekly,,92,https://yt3.googleusercontent.com/sX4SN9VoELgCQI8NOrW-D-PNdyKCGMmxOe7paUknIiijI1LXYVeAd_OkSeaBk78OP11u2aq2sGwlZems=w64-h64-p,,Roopkumar Rathod,,,,Roopkumar Rathod
2026-09-29,in,India,top_artists_weekly,,93,https://yt3.googleusercontent.com/24csP-idh8dLTMTc379OqhQdyuRl7sPb4S3xMjh04_V155h1vgpuih84YrTmcvg6TnG6IWby=w64-h64-p,,Madhubanti Bagchi,,,,Madhubanti Bagchi
2026-09-29,in,India,top_artists_weekly,,94,https://lh3.googleusercontent.com/_ld0efVFAUq-BZ_5DQbBh_5HE-W9NQJXqRw2E2p2PZQagjtkKkw-3gud1AkBqDYJQsZNXP43mO9FKw=w64-h64-p,,5 阿努·馬利克,,"1月 1, 1970",28012101,"94 5 阿努·馬利克 1月 1, 1970 89 307 28,012,101"
2026-09-29,in,India,top_artists_weekly,,95,https://yt3.googleusercontent.com/cgLlOlkMWYx0OmI3lZLoXEoOyHTZZRMnU_VWm8OhjBP_6-u2WxfN6xKIHs-tc4BmrzRVb0RXoRuqCkMA=w64-h64-p,,95 Ajay Gogavale,,"1月 1, 1970",27691767,"95 95 Ajay Gogavale 1月 1, 1970 - 292 27,691,767"
2026-09-29,in,India,top_artists_weekly,,96,https://yt3.googleusercontent.com/zKmXjSeugnPazIc4PEpXkmOOofITTv_aYCaL0-9yGcVcLJBtL6zKtsVUc89jTm3xOkop_QDiIq4Ks8s=w64-h64-p,,3 Shrishti Bharti,,"1月 1, 1970",27138301,"96 3 Shrishti Bharti 1月 1, 1970 99 62 27,138,301"
2026-09-29,in,India,top_artists_weekly,,97,https://yt3.googleusercontent.com/oIQ7GtPY9pjbnGuhFAL5Ymr3L14bCxpF04LdYbYNL8My9zFXFME3QiVqFYyDW-I2w0pLLNCRjg=w64-h64-p,,3 Kailash Kher,,"1月 1, 1970",26755802,"97 3 Kailash Kher 1月 1, 1970 100 521 26,755,802"
2026-09-29,in,India,top_artists_weekly,,98,https://yt3.googleusercontent.com/5uWy9ix2VAOqBVrEVnLhOOlq9k3dIa5PlB0aKpLokw2P5LkTTroehFlyT7chWI-mB_2gyOfQiv9rcwUijQ=w64-h64-p,,98 Anand Raj Anand,,"1月 1, 1970",26357233,"98 98 Anand Raj Anand 1月 1, 1970 - 423 26,357,233"
2026-09-29,in,India,top_artists_weekly,,99,https://yt3.ggpht.com/ytc/AIdro_mPEnSp0WmCq864i3bcGKgC9XGPJy07U6khn_GmIYMLGw=w64-h64-p,,5 Chinmayi,,"1月 1, 1970",26294473,"99 5 Chinmayi 1月 1, 1970 94 340 26,294,473"
2026-09-29,in,India,top_artists_weekly,,100,https://yt3.googleusercontent.com/Pxv5-0nbw22At8GnATJ2UqYSJUm6bHlhVC4Gf0vM8a3ZSo1e5ct3TOXzB_WdaCVn8JL_iCnnKArrqZo=w64-h64-p,,12 Sayeed Quadri,,"1月 1, 1970",26207257,"100 12 Sayeed Quadri 1月 1, 1970 88 40 26,207,257"
2026-09-29,sg,Singapore,top_artists_weekly,,1,https://yt3.googleusercontent.com/5vqNE8l4iYKmNCHd_YIgknhMF-W4ROcG5H7ZbdfOudxTcNSIIJrf9WpctLh43GlzFLmmcpMUxRQ918Kv=w64-h64-p,,● 周杰倫,,"1月 1, 1970",639146,"1 ● 周杰倫 1月 1, 1970 1 23 639,146"
2026-09-29,sg,Singapore,top_artists_weekly,,2,https://lh3.googleusercontent.com/QxbV6wK_wcQWcBY9rBicZlsl1-gX5M6nGjfNN3BTzgknhaSJ6yhnHW7NmF4dTx0Ch9g9-VTD6YUD2crW=w64-h64-p,,● Ilaiyaraaja,,"1月 1, 1970",551837,"2 ● Ilaiyaraaja 1月 1, 1970 2 23 551,837"
2026-09-29,sg,Singapore,top_artists_weekly,,3,https://lh3.googleusercontent.com/wBG4jypwBcEGHd-qSbM2_4B46WPEhlOCjusCOEkxdnsoIC4WLS9LmFARZsE854pB-vAEYlsp4x2yiHE=w64-h64-p,,Anirudh Ravichander,,,,Anirudh Ravichander
2026-09-29,sg,Singapore,top_artists_weekly,,4,https://yt3.googleusercontent.com/RCpTA6EXJQyjVFDosWOKa2SMmqkua_lA9mHPDWWciLwgqpZLz-k8rXWRF_367trrQ7up9BUwCbk6kRk=w64-h64-p,,● Taylor Swift,,"1月 1, 1970",459311,"4 ● Taylor Swift 1月 1, 1970 4 23 459,311"
2026-09-29,sg,Singapore,top_artists_weekly,,5,https://yt3.googleusercontent.com/i-PUJfHy7H3_s1AUBWUaulTzhclF5MobqSIw_3nM3a2-kfCGsY_67K-dEOW7baAiBdfHvSOuHVjR_g=w64-h64-p,,SP Balasubrahmanyam,,,,SP Balasubrahmanyam
2026-09-29,sg,Singapore,top_artists_weekly,,6,https://yt3.googleusercontent.com/mv69pzBtNsCAhvJGOW0CxAFBHl9azsyxKDsPluYDfn6GNSWzC9pd7Y3VOSL-ZX6h_UqLXtK_0kfDs6Cu=w64-h64-p,,● Sai Abhyankkar,,"1月 1, 1970",381952,"6 ● Sai Abhyankkar 1月 1, 1970 6 23 381,952"
2026-09-29,sg,Singapore,top_artists_weekly,,7,https://lh3.googleusercontent.com/8rsLpP6VJjt-yTN8ZG5rY-qt2aCC-IYMWmVkk7qa8c5vrjO6zetKSgwO2QknHI3FtWl6Zannp2VsQ5o=w64-h64-p,,1 防彈少年團,,"1月 1, 1970",367253,"7 1 防彈少年團 1月 1, 1970 8 23 367,253"
2026-09-29,sg,Singapore,top_artists_weekly,,8,https://lh3.googleusercontent.com/hnefGBrazRhn4Z92bdSZBUENl40ONjRiVDsmZKZh-WZ2iCKE-2c7KKR7SNcZfzLHoRyB3E6as8L87YA=w64-h64-p,,1 Bruno Mars,,"1月 1, 1970",360042,"8 1 Bruno Mars 1月 1, 1970 7 23 360,042"
2026-09-29,sg,Singapore,top_artists_weekly,,9,https://yt3.googleusercontent.com/DU6Kpr5TYKcW6QHvMnsJau5_8QSuix8LCLtf5UEaziZZdXw8SxvcxJ9YWmVIQuzhg2R-MVHYgjdGCQ=w64-h64-p,,● Ariana Grande,,"1月 1, 1970",358412,"9 ● Ariana Grande 1月 1, 1970 9 23 358,412"
2026-09-29,sg,Singapore,top_artists_weekly,,10,https://lh3.googleusercontent.com/4ULlRiFBFglNemZJyKn6_e2-iOIdJEbgBgq_79RQclndG6pge0yGgS2k2On6E1FkCJzenyHkHRzkvjFp=w64-h64-p,,1 Justin Bieber,,"1月 1, 1970",345846,"10 1 Justin Bieber 1月 1, 1970 11 23 345,846"
2026-09-29,sg,Singapore,top_artists_weekly,,11,https://yt3.googleusercontent.com/PgINZNe0qVxgMSXKG5vF82bNN4WCC12zgWsz9I7OLs4CLF9Cn0Vxq7Xc1ToupnzXrCv0nKfe3VM=w64-h64-p,,1 Shreya Ghoshal,,"1月 1, 1970",337120,"11 1 Shreya Ghoshal 1月 1, 1970 10 23 337,120"
2026-09-29,sg,Singapore,top_artists_weekly,,12,https://lh3.googleusercontent.com/U-SAmNOu4TynE818gLCfKsuHZ0U5YNEtO9mrjSI9WCCKERs98LzrCal5kajBBTQNwdcisoB2Bn-pHp4=w64-h64-p,,6 The Weeknd,,"1月 1, 1970",322044,"12 6 The Weeknd 1月 1, 1970 18 23 322,044"
2026-09-29,sg,Singapore,top_artists_weekly,,13,https://lh3.googleusercontent.com/zWSt-azDdL9AU7TqaRdi7at4sag6W80bliX8RZ6Ex-cnMIxeJ0cSg2m6KGM4Oa9C-KhnStXrq42hHjo=w64-h64-p,,1 KATSEYE,,"1月 1, 1970",316960,"13 1 KATSEYE 1月 1, 1970 12 23 316,960"
2026-09-29,sg,Singapore,top_artists_weekly,,14,https://yt3.googleusercontent.com/JSr1fuJqoaRVL7_93SuqdZlVGZI0XjyNNIXEnZgkt7ZfWANDb6RF_B5A_Gusviz6h6yCJ24_62cuIKc=w64-h64-p,,66 樸彩英,,"1月 1, 1970",315295,"14 66 朴彩英 1月 1, 1970 80 23 315,295"
2026-09-29,sg,Singapore,top_artists_weekly,,15,https://lh3.googleusercontent.com/i8PKueO4JStFM6i5t-F8V1jnFglYSybQ_NhU-aXv8mwiPgiCsXjW7WO6gKv97cNPrRcipbHLQA4arA=w64-h64-p,,1 林俊傑,,"1月 1, 1970",308628,"15 1 林俊傑 1月 1, 1970 14 23 308,628"
2026-09-29,sg,Singapore,top_artists_weekly,,16,https://yt3.googleusercontent.com/vHMOuDn8gr3SW9Pm8yFgmtYzM5kj4ayng5HKRjW0OyjG9mPK923XMVtTZTt4NUG_1aemWNLSQ27zjtA=w64-h64-p,,● A. R. Rahman,,"1月 1, 1970",303361,"16 ● A. R. Rahman 1月 1, 1970 16 23 303,361"
2026-09-29,sg,Singapore,top_artists_weekly,,17,https://lh3.googleusercontent.com/_wPXKRCH5rAX8AK1kJZ1bNhSpNyyEgBRNmREdPmLbvTy3sX_ldiKMRYFc5uChygV_KRx_SDrH1KgUifk=w64-h64-p,,4 Alka Yagnik,,"1月 1, 1970",285271,"17 4 Alka Yagnik 1月 1, 1970 13 23 285,271"
2026-09-29,sg,Singapore,top_artists_weekly,,18,https://lh3.googleusercontent.com/W_yOqnKSDYyeVOY_AsXhuAtb6rW3vCL3GtJ9DA1GxWOrJfyeSOqzvTv_TkFHijdkVPXWutASBlRFPg=w64-h64-p,,3 Arijit Singh,,"1月 1, 1970",275255,"18 3 Arijit Singh 1月 1, 1970 15 23 275,255"
2026-09-29,sg,Singapore,top_artists_weekly,,19,https://yt3.googleusercontent.com/7cYfmVi7qmemK4wRGE3qErv1q_ChFRrPv03gpQg_r-fvskRmvOtYU8V13S2lh6CCwECpna4-MtM=w64-h64-p,,2 汪蘇瀧,,"1月 1, 1970",264501,"19 2 汪蘇瀧 1月 1, 1970 17 23 264,501"
2026-09-29,sg,Singapore,top_artists_weekly,,20,https://yt3.googleusercontent.com/XLrs7bXpke6XLtYTSHyghN16i5Qr-BoCB0SYCYdDb0IBZrkZ3Of17o2MQXMBHQ3OP659_CHgksFUhi4=w64-h64-p,,3 Eric Chou,,"1月 1, 1970",259794,"20 3 Eric Chou 1月 1, 1970 23 23 259,794"
2026-09-29,sg,Singapore,top_artists_weekly,,21,https://lh3.googleusercontent.com/coesV4OVEVkua3_wJG-2BVvTc95yHF9sS1W6mOAtl4-vvTjQb250Hy_nVlfvudmEugb7_k05vhY9aJm4=w64-h64-p,,2 Udit Narayan,,"1月 1, 1970",257205,"21 2 Udit Narayan 1月 1, 1970 19 23 257,205"
2026-09-29,sg,Singapore,top_artists_weekly,,22,https://yt3.googleusercontent.com/P0M-lerMpghXOLtHfB8njNXhndhb_kSGlEnNHHQ9_XKHQ4RozrtrUrnmulw0w88kfAe1xFXb4vNEbzdh=w64-h64-p,,2 S. Janaki,,"1月 1, 1970",250410,"22 2 S. Janaki 1月 1, 1970 24 23 250,410"
2026-09-29,sg,Singapore,top_artists_weekly,,23,https://yt3.googleusercontent.com/8YB2NaZiMvNlvdIEXdGSMfP-aTOHXAbdXy1hvZ_SVfXkTsKFy6YQlmnIk-aiDZ1ew7tNMhe3cPUow1g=w64-h64-p,,3 LE SSERAFIM,,"1月 1, 1970",248444,"23 3 LE SSERAFIM 1月 1, 1970 20 23 248,444"
2026-09-29,sg,Singapore,top_artists_weekly,,24,https://yt3.googleusercontent.com/X4IlIyw4Yjpl2qio5QA-uxj5vIa_EVSg5dyibJrmKcPrj0BKFcKYhKUTyacNbHaGHxP_zVYB3jv-Cv0=w64-h64-p,,3 BIGBANG,,"1月 1, 1970",245717,"24 3 BIGBANG 1月 1, 1970 21 23 245,717"
2026-09-29,sg,Singapore,top_artists_weekly,,25,https://yt3.googleusercontent.com/jEh-GLa0VeT7J8D3IhnDH9WqfdPNTp0OthFle0NNtpU6b2nVHUr3vS_trVXlBeYROz-36bAQYw=w64-h64-p,,G.V. Prakash Kumar,,,,G.V. Prakash Kumar
2026-09-29,sg,Singapore,top_artists_weekly,,26,https://yt3.googleusercontent.com/dAlKeVyDAEj4Zh4agtRDeAgEl1LU6QGE2POtBcHheEFgxqGuhfFWQfgeSRvwyeiCL2g4tCLWSSeaoTA=w64-h64-p,,1 姚曉棠,,"1月 1, 1970",229354,"26 1 姚晓棠 1月 1, 1970 27 23 229,354"
2026-09-29,sg,Singapore,top_artists_weekly,,27,https://lh3.googleusercontent.com/umSdMueKqbLBTq0jhiEzh1F82_C8hRVzkw2ZsxOqEktWjNXOKSCMPMGiJtu73myxd995RC4BqKL5fAXM=w64-h64-p,,3 Lady Gaga,,"1月 1, 1970",225552,"27 3 Lady Gaga 1月 1, 1970 30 23 225,552"
2026-09-29,sg,Singapore,top_artists_weekly,,28,https://yt3.googleusercontent.com/cFho6QFr9dAAQ7bspBLLi6jkuASqcgmFpgC4s3mnuSZkrUnGU9Zj6EZS5AlbKNv0gVFdw3CEVEGKaQ=w64-h64-p,,4 K·S·切特拉,,"1月 1, 1970",222700,"28 4 K·S·切特拉 1月 1, 1970 32 23 222,700"
2026-09-29,sg,Singapore,top_artists_weekly,,29,https://yt3.googleusercontent.com/qRYmWa5dzOlRoD8_uHIhsrAmwk8N9QiO7S_Rg3H4YyemB3oN3661_3en_7q9eJ8gvuoZAR9v0iFX8HW1=w64-h64-p,,1 BABYMONSTER,,"1月 1, 1970",220432,"29 1 BABYMONSTER 1月 1, 1970 28 23 220,432"
2026-09-29,sg,Singapore,top_artists_weekly,,30,https://lh3.googleusercontent.com/LKpJFXjE3-0OX8tIzurzLynVxI-hOClgUl1tCbkHOpz9fm28DBQw2wG2iFd5jDFABCuuxK0xFESVQA=w64-h64-p,,1 G.E.M. 鄧紫棋,,"1月 1, 1970",219598,"30 1 G.E.M. 鄧紫棋 1月 1, 1970 31 23 219,598"
2026-09-29,sg,Singapore,top_artists_weekly,,31,https://yt3.googleusercontent.com/I2zqe0Km0N475lhTkLZ77UL3yeRzgLAkgQfiozvisyNnl-wTKuIMV_g0Un5Iuk3399SnpsgK-wepXSk=w64-h64-p,,2 en,,"1月 1, 1970",217728,"31 2 en 1月 1, 1970 33 23 217,728"
2026-09-29,sg,Singapore,top_artists_weekly,,32,https://yt3.googleusercontent.com/5GYeWpGUtgi8tPkwqV_Nnq9ZiE6PhSCoRSrfpK1CIdfZkndV5fLHZ-c2g9rAGfdQ6bV81Wvlc8UMjw=w64-h64-p,,2 ILLIT,,"1月 1, 1970",214464,"32 2 ILLIT 1月 1, 1970 34 23 214,464"
2026-09-29,sg,Singapore,top_artists_weekly,,33,https://lh3.googleusercontent.com/aFx8s1fTuelgxONGbezmTG0EKR8r82uB5H-Q6ZJtssyCWLJWF8GfZNr4tHo84sXdFCPBKrA4R6zXOss=w64-h64-p,,4 Dua Lipa,,"1月 1, 1970",212947,"33 4 Dua Lipa 1月 1, 1970 29 23 212,947"
2026-09-29,sg,Singapore,top_artists_weekly,,34,https://yt3.googleusercontent.com/GKt8fKdpcKR2i8kDVJjp20k2oOfE2pg9-TcgF-llfi_AjVPfkgGE2eu_hjpDGXCqcGSfX3csxmk2BA=w64-h64-p,,12 LISA,,"1月 1, 1970",198959,"34 12 LISA 1月 1, 1970 22 23 198,959"
2026-09-29,sg,Singapore,top_artists_weekly,,35,https://lh3.googleusercontent.com/uE72emEZFH3TVtCZoIFYKmnf7vsb42RYQxb4X-lonyqPQuS_mLtKpLfBQ5JdHwUijfQo06BtSB7LoQ=w64-h64-p,,2 Linkin Park,,"1月 1, 1970",198151,"35 2 Linkin Park 1月 1, 1970 37 23 198,151"
2026-09-29,sg,Singapore,top_artists_weekly,,36,https://lh3.googleusercontent.com/-IRVL5B0n7-V9Gh9XZvQG161HYqkH_SNSHfJwWYeIcVVh35sMq9-jHTk1FCeAmeUHSdEq7UMpoVzUPw=w64-h64-p,,● 尤文·香卡·拉雅,,"1月 1, 1970",198086,"36 ● 尤文·香卡·拉雅 1月 1, 1970 36 23 198,086"
2026-09-29,sg,Singapore,top_artists_weekly,,37,https://yt3.googleusercontent.com/31ZNbXgzuYML_PR4fX9xr9UhLyMbarrX6O2JEwCouoBC38Ht1Wzxn9bls3L-Jfu3L-pU-V6D8_k=w64-h64-p,,2 Vivek,,"1月 1, 1970",197375,"37 2 Vivek 1月 1, 1970 35 23 197,375"
2026-09-29,sg,Singapore,top_artists_weekly,,38,https://yt3.googleusercontent.com/7jndWy5UJwFJKueBCrizeFWOFwxKUOZZjRMIcPyRlv1X18tY9aJpkuSz_PpamnHVjbYV6s_oER8oi4g=w64-h64-p,,● Maroon 5,,"1月 1, 1970",197021,"38 ● Maroon 5 1月 1, 1970 38 23 197,021"
2026-09-29,sg,Singapore,top_artists_weekly,,39,https://yt3.googleusercontent.com/ahanvzsO5q0DQGBI1WLXXyoXb-dqgX8tehQMLpd5-H2OSjYgeQPcUJoLT8Ol9iTvwOvW9oBcp4wpTlmF=w64-h64-p,,2 ATEEZ,,"1月 1, 1970",188620,"39 2 ATEEZ 1月 1, 1970 41 23 188,620"
2026-09-29,sg,Singapore,top_artists_weekly,,40,https://yt3.googleusercontent.com/41-4WZupE4yY88igineZefzBZ3ud2nrtlBMv61OBWOfOcATol8PhmI5OZ0fLlrTszyZ3Ul9I9sE=w64-h64-p,,● Olivia Rodrigo,,"1月 1, 1970",184971,"40 ● Olivia Rodrigo 1月 1, 1970 40 23 184,971"
2026-09-29,sg,Singapore,top_artists_weekly,,41,https://lh3.googleusercontent.com/pvJ1n3OBNXcz80KquAr-BY3ZRpp4Vfv8IHBk1SHBkJPF6eGhYJqaO3H5meVIQwb-BTOv0VsckNtPow=w64-h64-p,,5 BLACKPINK,,"1月 1, 1970",182516,"41 5 BLACKPINK 1月 1, 1970 46 23 182,516"
2026-09-29,sg,Singapore,top_artists_weekly,,42,https://lh3.googleusercontent.com/BKgJ2Qcko6lgLsnvB-URUnK2bgQ682OoJd7Dpa0829XrmIC40zfsFm74vNdmyaMBx8xUt-MHFwDIUUC9=w64-h64-p,,3 Jennie,,"1月 1, 1970",179319,"42 3 Jennie 1月 1, 1970 39 23 179,319"
2026-09-29,sg,Singapore,top_artists_weekly,,43,https://yt3.googleusercontent.com/E8nupXSF6-wweZCLqn5vwxPcLIGW2Tg9szpacMZoLXOXa1PGh-WpU5-7FH8YLfElD8Lbzh15kljZog=w64-h64-p,,● Katy Perry,,"1月 1, 1970",178521,"43 ● Katy Perry 1月 1, 1970 43 23 178,521"
2026-09-29,sg,Singapore,top_artists_weekly,,44,https://lh3.googleusercontent.com/jQoBIAS6JjFGpcqQY1M_Mh3AasOvFENCdVRxkgax1a0K6qiq7AgE3MbJ6Jtt-Jndcarvoawmrg66KTny=w64-h64-p,,2 Ed Sheeran,,"1月 1, 1970",175561,"44 2 Ed Sheeran 1月 1, 1970 42 23 175,561"
2026-09-29,sg,Singapore,top_artists_weekly,,45,https://yt3.googleusercontent.com/b0ax28GgBEO8PaHOrZi0ANGfOk1geSb68048rw1As2UACUHczUYKkotWabwMAGoX2C8DL9MC9Flpgw=w64-h64-p,,1 aespa,,"1月 1, 1970",170750,"45 1 aespa 1月 1, 1970 44 23 170,750"
2026-09-29,sg,Singapore,top_artists_weekly,,46,https://yt3.googleusercontent.com/8BQG_j-3x1F7T_NB8FlVr-k3ip67rBO7eppjuz-zaliKYUjICeX-7lgs5i9EzJ4bghIokOuWowaiCAHf=w64-h64-p,,1 馬也Crabbit,,"1月 1, 1970",169751,"46 1 马也Crabbit 1月 1, 1970 45 23 169,751"
2026-09-29,sg,Singapore,top_artists_weekly,,47,https://yt3.googleusercontent.com/hFw-eieMTO6_ZkBxqNHLrDqRlcJN6vBbcC3G6-j79f_JmGkC5QmPm4zIGFEOAKtCikN0hh727FL0391gLA=w64-h64-p,,● Cole先生,,"1月 1, 1970",163659,"47 ● Cole先生 1月 1, 1970 47 22 163,659"
2026-09-29,sg,Singapore,top_artists_weekly,,48,https://yt3.googleusercontent.com/7NhzXEoaIgr-0tYoab-gNZfF8zA8IbpTPt_buovH2Y78pc1L7IfKTq7tGU6zSk9EBJX0yKq7wp3jts8=w64-h64-p,,1 Shakira,,"1月 1, 1970",161165,"48 1 Shakira 1月 1, 1970 49 23 161,165"
2026-09-29,sg,Singapore,top_artists_weekly,,49,https://yt3.ggpht.com/ytc/AIdro_lNlmHeHlwCPvq1t6tEKVaXCuWqKoOxNJX9EnhHMhv6r8E=w64-h64-p,,6 德瓦,,"1月 1, 1970",160799,"49 6 德瓦 1月 1, 1970 55 23 160,799"
2026-09-29,sg,Singapore,top_artists_weekly,,50,https://yt3.googleusercontent.com/E8-DZ3tujNN7vRZ9FcPAjXhm7v3pzbI4Lmk4WIOM3nx0pUv_5pP1jgW0aGfnWNScvlhEOw987yYrDa8=w64-h64-p,,2 張碧晨,,"1月 1, 1970",159590,"50 2 張碧晨 1月 1, 1970 48 23 159,590"
2026-09-29,sg,Singapore,top_artists_weekly,,51,https://yt3.googleusercontent.com/Zp1AXiMpha0AGn66ACzmfEirLXXdRWE2EFyjz5ZV3MbPtXxQxquEJcWBIxWM_pqtgXeDZFbpq9clP9rh=w64-h64-p,,25 IU,,"1月 1, 1970",156266,"51 25 IU 1月 1, 1970 26 23 156,266"
2026-09-29,sg,Singapore,top_artists_weekly,,52,https://lh3.googleusercontent.com/IOKuXtp8PCQ_Fc-vaRKm3sKIXBxFV51gZheLTH5br-YGnWHFQf_Jywcuk7wbprYRoEbQyS_XZY6-nMJX=w64-h64-p,,1 酷玩樂團,,"1月 1, 1970",156016,"52 1 酷玩樂團 1月 1, 1970 53 23 156,016"
2026-09-29,sg,Singapore,top_artists_weekly,,53,https://yt3.googleusercontent.com/HPWVLrJGKyCjp2sTO16rdrGLVLAmH2BVWYzorh6FY6ZFEu7mVnSPF8TdV0gE421fOAlkMv1Mrhcj7Wc=w64-h64-p,,6 Hariharan,,"1月 1, 1970",155141,"53 6 Hariharan 1月 1, 1970 59 23 155,141"
2026-09-29,sg,Singapore,top_artists_weekly,,54,https://yt3.googleusercontent.com/22FOVr8D5Kq9y2l2sUDKW5X5s0W_axG7_sDhQVzxDGEXBMNjhwzvhs10BI3UoA1focajEeTPqZ2jNW9D=w64-h64-p,,3 Stray Kids,,"1月 1, 1970",155034,"54 3 Stray Kids 1月 1, 1970 51 23 155,034"
2026-09-29,sg,Singapore,top_artists_weekly,,55,https://lh3.googleusercontent.com/x-Z35q6HsBB98J85-4oNqPnOen4pZBaNCpHawzf_ejs-pkgh6Eh3D2Fu7S1T4gEj0yWZ0c6DOAHCpA=w64-h64-p,,5 Michael Jackson,,"1月 1, 1970",154700,"55 5 Michael Jackson 1月 1, 1970 50 23 154,700"
2026-09-29,sg,Singapore,top_artists_weekly,,56,https://lh3.googleusercontent.com/wqU60Xc7Q-9V3by066vBYHGY_ZGgUlmWPioYTmmBtHkb2GUueMV4-0O1ddzSV7t0gYYDCIdbyjKCWw=w64-h64-p,,2 A,Lin,"1月 1, 1970",151429,"56 2 A-Lin 1月 1, 1970 54 23 151,429"
2026-09-29,sg,Singapore,top_artists_weekly,,57,https://lh3.googleusercontent.com/-bv-daAis3SvKNNWD5zggwnpkaPgE7914sMZLFNQjuhUlAb9CWNmoG4JMsjMuuG4zOARvL7_PeDr7w=w64-h64-p,,● Li Jiawei,,"1月 1, 1970",148315,"57 ● Li Jiawei 1月 1, 1970 57 11 148,315"
2026-09-29,sg,Singapore,top_artists_weekly,,58,https://yt3.googleusercontent.com/h5RMpHIY7m2bJ8hcG-7_hwIaiMNZXljfe8Xszb-dAW00pWI6Folj14g2t0cADaimlz4_5MK2V3g=w64-h64-p,,3 DIOR 大穎,,"1月 1, 1970",143683,"58 3 DIOR 大穎 1月 1, 1970 61 23 143,683"
2026-09-29,sg,Singapore,top_artists_weekly,,59,https://yt3.googleusercontent.com/0sZ3ZrNRRVRVDbCITJ26K4RuJZw5dDvTx114G1RDO5P7vaYZoN6QFYAksKCNrIMsynK5nma4cLMOu_7K=w64-h64-p,,5 Vaali,,"1月 1, 1970",141942,"59 5 Vaali 1月 1, 1970 64 23 141,942"
2026-09-29,sg,Singapore,top_artists_weekly,,60,https://yt3.googleusercontent.com/1-Ipiq-y8WyAcWn88nuxwTHaaBWMg8VkCBuP3puDCec-neD3v-7SqoBRzmmBKmA-lir_Ie70yw9EKHk=w64-h64-p,,2 Alan Walker,,"1月 1, 1970",140618,"60 2 Alan Walker 1月 1, 1970 62 23 140,618"
2026-09-29,sg,Singapore,top_artists_weekly,,61,https://lh3.googleusercontent.com/8eJTD5-eXf1sXHKhPpSXMlzQ-_RBKMgsmtrZ-SWgN45o_mcQGUzw2thbdGxOAE55rLA8bFXXFyubEw=w64-h64-p,,1 五月天,,"1月 1, 1970",138283,"61 1 五月天 1月 1, 1970 60 23 138,283"
2026-09-29,sg,Singapore,top_artists_weekly,,62,https://yt3.googleusercontent.com/sjGMYJQ1J3FZEIBsMYUztMjjYOM4-NJ24CjmIHqxTWCxAM1YgjL-d_17u7_PRhTouOwwAjbu-2x5S6I=w64-h64-p,,4 Pritam,,"1月 1, 1970",137651,"62 4 Pritam 1月 1, 1970 58 23 137,651"
2026-09-29,sg,Singapore,top_artists_weekly,,63,https://lh3.googleusercontent.com/cPvYaP4ByG-i7fUE-dKrjMgaNL8v3hC93ErP6meKnltvRuzxo-DINLQkTtvjfC6hVnzRMlnJEb9n3uM=w64-h64-p,,11 Kumar Sanu,,"1月 1, 1970",136863,"63 11 Kumar Sanu 1月 1, 1970 52 23 136,863"
2026-09-29,sg,Singapore,top_artists_weekly,,64,https://lh3.googleusercontent.com/tLzIJPsFe-q93Y_erAUU_hDIyXCgCrYJ0C-S4DmMurqfB9LJ_PNFpTPA41k-dVMB6ODgc4-1nF1cOp6c=w64-h64-p,,4 Rihanna,,"1月 1, 1970",132776,"64 4 Rihanna 1月 1, 1970 68 23 132,776"
2026-09-29,sg,Singapore,top_artists_weekly,,65,https://yt3.googleusercontent.com/lL3krGdmthFHXMoe34SzFS03IYQc1sSn0D2I6ctZjFELh6Mrxh6kTmtF1dyXfWxp1ZTc4WOuB3M=w64-h64-p,,30 ADÉLA,,"1月 1, 1970",132323,"65 30 ADÉLA 1月 1, 1970 95 4 132,323"
2026-09-29,sg,Singapore,top_artists_weekly,,66,https://yt3.googleusercontent.com/qx--jAlkO6Er4cDEC65Mrg-oQ4vB_l5w1J6vkbH80eHLrWz2AC4HSdvQ6P_kDT3HRMFJgz1ST-wOeQ=w64-h64-p,,10 ENHYPEN,,"1月 1, 1970",132037,"66 10 ENHYPEN 1月 1, 1970 56 23 132,037"
2026-09-29,sg,Singapore,top_artists_weekly,,67,https://yt3.googleusercontent.com/bJrddwSvB46NzxfbElQeKwLkmFXYIKFSMvYD7SD-nbdRrNzZ4Yj9g8pdXYe-4bdm9vjBOTrA1CRnROJt=w64-h64-p,,4 承桓,,"1月 1, 1970",131740,"67 4 承桓 1月 1, 1970 63 23 131,740"
2026-09-29,sg,Singapore,top_artists_weekly,,68,https://yt3.googleusercontent.com/2AbaIL4o6LSKkajIzM5vJGc9gk1mPtI-AGuVUTX9SstBkjI6uUFRGN7XwtrK1xchKzZI8FUHnIsf5ZU=w64-h64-p,,1 張遠,,"1月 1, 1970",130864,"68 1 张远 1月 1, 1970 69 23 130,864"
2026-09-29,sg,Singapore,top_artists_weekly,,69,https://lh3.googleusercontent.com/tQC4rOL6xz6FhmFr0ggQExxyGbYSOsyveXVSnPBh2WjEyIzQ9pMHablLJ-0GlMBrLBlBrbWQGmzrV6KN=w64-h64-p,,2 比利·埃利什,,"1月 1, 1970",129705,"69 2 比利·埃利什 1月 1, 1970 67 23 129,705"
2026-09-29,sg,Singapore,top_artists_weekly,,70,https://lh3.googleusercontent.com/9fiAS65PN6QanYAMlaRCuI5F7HjnwBBtZ6l0wIyhojdOarL0s6TK8as3ChwjTIFKjB5BQRr0YLSFcs4=w64-h64-p,,1 SEVENTEEN,,"1月 1, 1970",129321,"70 1 SEVENTEEN 1月 1, 1970 71 23 129,321"
2026-09-29,sg,Singapore,top_artists_weekly,,71,https://lh3.googleusercontent.com/dJy5Bpwx4qENTOXxk9YPXrjAhghP4pRdlzvoOZq8uZXihEPMN8PXnZzM-05R1TDDJkjU7oEij8LhEfw=w64-h64-p,,Shankar Mahadevan,,,,Shankar Mahadevan
2026-09-29,sg,Singapore,top_artists_weekly,,72,https://yt3.googleusercontent.com/PFBsPfk68ezP__RWw-_A2_lGa4aJrAfuqCNBvcjQyq8kUdhyLaBkiLY0Q6hNvOXN-pz80rIBzzV9R2Y=w64-h64-p,,KPop Demon Hunters Cast,,,,KPop Demon Hunters Cast
2026-09-29,sg,Singapore,top_artists_weekly,,73,https://yt3.googleusercontent.com/zkX7FBr1BBzAhH7U5KT6hzBbPx8kjfK1QpTRbW-oM-J8v2f6P0t9idQuPZkssxnIk3U5yBC3KcmU5g=w64-h64-p,,73 Hiphop Tamizha,,"1月 1, 1970",126468,"73 73 Hiphop Tamizha 1月 1, 1970 - 23 126,468"
2026-09-29,sg,Singapore,top_artists_weekly,,74,https://yt3.googleusercontent.com/2a9kj3sdLSF_Nr9-UhSuWHq19dB1VtNT2Tdru_Ba9zpcoyia4w_MR4gQJjt1QgTx4JPnOt6nUTwAM4kiNA=w64-h64-p,,1 LBI,,"1月 1, 1970",123416,"74 1 LBI 1月 1, 1970 75 23 123,416"
2026-09-29,sg,Singapore,top_artists_weekly,,75,https://yt3.googleusercontent.com/VVGOJpxGFBbbUJHurZq_U1F_BjIhaMBAY1sDhOT3a2kE2DnidfYT8L_hY7WoJOusysvzn1msCoinvtma=w64-h64-p,,2 Shawn Mendes,,"1月 1, 1970",119354,"75 2 Shawn Mendes 1月 1, 1970 77 23 119,354"
2026-09-29,sg,Singapore,top_artists_weekly,,76,https://lh3.googleusercontent.com/MBjMu3EHBwUFMuf80d9OfCLVG2VywWGcD6OV6XUb4mBmLPWputvMOgEG7T2frxBlZdYkCho4NXGdzTQ=w64-h64-p,,3 陳奕迅,,"1月 1, 1970",118828,"76 3 陳奕迅 1月 1, 1970 73 23 118,828"
2026-09-29,sg,Singapore,top_artists_weekly,,77,https://yt3.googleusercontent.com/_Mjul1YdDWBe-U8Jqz2xgP9K1hwBFuN6b1pQiO4BI7wYpPbgLO5aZR-DDuna0gVSX6P9MdcZ7A=w64-h64-p,,2 王赫野,,"1月 1, 1970",116131,"77 2 王赫野 1月 1, 1970 79 23 116,131"
2026-09-29,sg,Singapore,top_artists_weekly,,78,https://lh3.googleusercontent.com/iWH_XSIO8yZvIqz8vxkwC9BjzGM4giAhR69Z6LZ0t8Rp79ASNFVwpwHZWOyyo94B_jsXl8HtFueMgMA=w64-h64-p,,6 Sonu Nigam,,"1月 1, 1970",115022,"78 6 Sonu Nigam 1月 1, 1970 72 23 115,022"
2026-09-29,sg,Singapore,top_artists_weekly,,79,https://yt3.googleusercontent.com/Ip35qauI_vMztXkJ3Wd6etvLwiyRrHIGvDyKK3714vyWMBx1ogHxPxkA8ohPnOLyy68wzEVBblPmsHHU=w64-h64-p,,5 Sid Sriram,,"1月 1, 1970",114368,"79 5 Sid Sriram 1月 1, 1970 74 23 114,368"
2026-09-29,sg,Singapore,top_artists_weekly,,80,https://lh3.googleusercontent.com/xov-pSAk6IVD0y5W0Vrbm9qdH2fjg0jYK5JSAEV0pnpJMfmBvJivspw6930v6VBJhbpZecvwEG1yVpr6=w64-h64-p,,17 Ronghao Li,,"1月 1, 1970",114364,"80 17 Ronghao Li 1月 1, 1970 97 23 114,364"
2026-09-29,sg,Singapore,top_artists_weekly,,81,https://lh3.googleusercontent.com/FMh1mOI0ufvUCAkbUM6aUmU5WK7O5PnndyyXKP1-DCEip20SQz5eeYn3lZ29p-ASb-19ZfBVc_NKe5Ko=w64-h64-p,,Sabrina Carpenter,,,,Sabrina Carpenter
2026-09-29,sg,Singapore,top_artists_weekly,,82,https://yt3.googleusercontent.com/wbKONK5EG5yP3-RLzACMmk86ljCwHVZSXrLUeS4uVXViS_YbKEFaOF9qBVSbvKfVnftnaJulq0ZhRpd-=w64-h64-p,,8 Mano,,"1月 1, 1970",114003,"82 8 Mano 1月 1, 1970 90 23 114,003"
2026-09-29,sg,Singapore,top_artists_weekly,,83,https://yt3.googleusercontent.com/0FmNbKOxBPw_U_N4Byt3i_87JylYguFIqV6xd0RrSazMrh7dM9RDUQKpI7nYV_iAREzE3UO8=w64-h64-p,,2 EJAE,,"1月 1, 1970",113336,"83 2 EJAE 1月 1, 1970 85 23 113,336"
2026-09-29,sg,Singapore,top_artists_weekly,,84,https://yt3.googleusercontent.com/u8tcXDcVOviBOzM0y5T2vZYSJe2BjV0uKG-EXH4l-wB_BFPV5SXDt2CZICji574S8BO3Hsrz=w64-h64-p,,2 薛之謙,,"1月 1, 1970",112885,"84 2 薛之謙 1月 1, 1970 82 23 112,885"
2026-09-29,sg,Singapore,top_artists_weekly,,85,https://lh3.googleusercontent.com/48LfK4z6o-CCEWgHQnQfg0ltcT9tbZSN0qjSh0FSJsJI5GF48j2-pH219ciG1ML-PI80ZGD4Vz6sjg=w64-h64-p,,4 Post Malone,,"1月 1, 1970",112093,"85 4 Post Malone 1月 1, 1970 81 23 112,093"
2026-09-29,sg,Singapore,top_artists_weekly,,86,https://yt3.googleusercontent.com/PpmhuqfTtKHOZq10NpyzDxnAMT4a_Vm8RqTrJD_iQTY6B-GH7VX-WDP3lgeX5knMEKQ_8IBUUQ=w64-h64-p,,8 劉宇寧,,"1月 1, 1970",110834,"86 8 刘宇宁 1月 1, 1970 78 23 110,834"
2026-09-29,sg,Singapore,top_artists_weekly,,87,https://yt3.googleusercontent.com/93vnJ_aG5rTlruQDFaVhZHCTTRwGzS34R3SPKKCTBDZ84xutO5KUCiu-scL_ZTaV8g6HhH27diVq4HY=w64-h64-p,,4 Backstreet Boys,,"1月 1, 1970",110315,"87 4 Backstreet Boys 1月 1, 1970 91 23 110,315"
2026-09-29,sg,Singapore,top_artists_weekly,,88,https://yt3.googleusercontent.com/uGytpfjALdTSzoh2hU7FJAqTRrhgWy0Qrio8wrpzRKwAeREv4yBQJpXm-KcOLM3LJW9VQKRNdaeXrL4=w64-h64-p,,2 Harris Jayaraj,,"1月 1, 1970",110253,"88 2 Harris Jayaraj 1月 1, 1970 86 23 110,253"
2026-09-29,sg,Singapore,top_artists_weekly,,89,https://lh3.googleusercontent.com/JFI6JZrS-Lco4UdpqDfHY5Wgwy51VXWxmNdI7bCBU5CDlIpN6WWyisZ7MGlpjbrxEGYMFpsqoR_UwcE=w64-h64-p,,7 Eminem,,"1月 1, 1970",110152,"89 7 Eminem 1月 1, 1970 96 23 110,152"
2026-09-29,sg,Singapore,top_artists_weekly,,90,https://yt3.googleusercontent.com/R6D0x83Uvnnhdy55hbdpi4SS0I3xqYZsqr_WcsGY0SlQOimmh2HJrkq3KMunG0l9ymm1gGbvtYp_HJw=w64-h64-p,,2 K.J. Yesudas,,"1月 1, 1970",109425,"90 2 K.J. Yesudas 1月 1, 1970 88 23 109,425"
2026-09-29,sg,Singapore,top_artists_weekly,,91,https://yt3.googleusercontent.com/MxNjcRJ-uK4Xvx7u90IhEFLQM8x9LIGTA9VCKHq5U4Wn2jOgiWaMtg-qz329SIzqnCyhdCCB3MpdAGs=w64-h64-p,,91 Drake,,"1月 1, 1970",109206,"91 91 Drake 1月 1, 1970 - 23 109,206"
2026-09-29,sg,Singapore,top_artists_weekly,,92,https://lh3.googleusercontent.com/lnS98DJyMN4CYk6a4FQhdVuNYu8c6N7dlcJ0bNjJbbPUEqgPzvLl8l2vjID0OvIXcuGvbLrpf9dC9CXv=w64-h64-p,,The Chainsmokers,,,,The Chainsmokers
2026-09-29,sg,Singapore,top_artists_weekly,,93,https://lh3.googleusercontent.com/lWalclWLirqnwIhMIMFP4j2E2TDZsDDD_McBXQiIvryxfhTWzHhlCR07QEaDzvZHXlLT07i2VCYh6aU=w64-h64-p,,4 TWICE,,"1月 1, 1970",109103,"93 4 TWICE 1月 1, 1970 89 23 109,103"
2026-09-29,sg,Singapore,top_artists_weekly,,94,https://lh3.googleusercontent.com/PtoGfThhXXyYd6PQ_-Jc5dMzLFi0AQZDXUIg_rscIdLlVAaRWcycwtnBHUgvwstuBshgGOeygt69hGQ=w64-h64-p,,6 張學友,,"1月 1, 1970",108182,"94 6 張學友 1月 1, 1970 100 23 108,182"
2026-09-29,sg,Singapore,top_artists_weekly,,95,https://lh3.googleusercontent.com/TAadzeojHFGU1EJ5jnOWDn6K8Cf8O2x0F04PVxnZwUEhcaYN0pA0dic49VU7OKGs7oovBTylWx70xhY=w64-h64-p,,95 Imagine Dragons,,"1月 1, 1970",107986,"95 95 Imagine Dragons 1月 1, 1970 - 23 107,986"
2026-09-29,sg,Singapore,top_artists_weekly,,96,https://lh3.googleusercontent.com/GfL1-S_nOTqa6MvQQckMlBfdL3kAcrnUeJ_POXaVVjWMzAjrar3I1B-kvFDSil5tff1bbG3DCZfUXRUj=w64-h64-p,,96 Westlife,,"1月 1, 1970",107343,"96 96 Westlife 1月 1, 1970 - 23 107,343"
2026-09-29,sg,Singapore,top_artists_weekly,,97,https://yt3.googleusercontent.com/8BbiNyyI7TOxlf0x0R-4JZB8x7cw-ML-yOjF8QW8rHSrViZacf-AqD-eqg2ccvbYr5C9URAa_vTJI3k=w64-h64-p,,4 YOASOBI,,"1月 1, 1970",107325,"97 4 YOASOBI 1月 1, 1970 93 23 107,325"
2026-09-29,sg,Singapore,top_artists_weekly,,98,https://lh3.googleusercontent.com/bjEw0aP3_lY6FcnBNlVm5xOPFUK1H5llctWG9eYjCaj48OSQ1soH77K4JUHr4tqxSBHWwYFo5bAxpCc=w64-h64-p,,98 One Direction,,"1月 1, 1970",106422,"98 98 One Direction 1月 1, 1970 - 23 106,422"
2026-09-29,sg,Singapore,top_artists_weekly,,99,https://yt3.ggpht.com/ytc/AIdro_mPEnSp0WmCq864i3bcGKgC9XGPJy07U6khn_GmIYMLGw=w64-h64-p,,16 Chinmayi,,"1月 1, 1970",105490,"99 16 Chinmayi 1月 1, 1970 83 23 105,490"
2026-09-29,sg,Singapore,top_artists_weekly,,100,https://yt3.googleusercontent.com/2IbO6drTOO1y5I4tDPqS5nafZmV0Z54g0YxU32RnLjc0vvYlzH1-c522X0c784WaR9hs9YIDr9yhHKfT=w64-h64-p,,CORTIS,,"1月 1, 1970",105409,"100 100 CORTIS 1月 1, 1970 - 23 105,409"
2026-09-29,my,Malaysia,top_artists_weekly,,1,https://yt3.googleusercontent.com/h8P1jEIZLM8lkMxNA6Nbq98b43wcqllJSNmcZTCRPAB-F6rG_0Nqw5w7fwou0PN1QGwSW5viwWD5NV0=w64-h64-p,,● Tulus,,"1月 1, 1970",3180658,"1 ● Tulus 1月 1, 1970 1 12 3,180,658"
2026-09-29,my,Malaysia,top_artists_weekly,,2,https://yt3.googleusercontent.com/DU6Kpr5TYKcW6QHvMnsJau5_8QSuix8LCLtf5UEaziZZdXw8SxvcxJ9YWmVIQuzhg2R-MVHYgjdGCQ=w64-h64-p,,● Ariana Grande,,"1月 1, 1970",2964281,"2 ● Ariana Grande 1月 1, 1970 2 23 2,964,281"
2026-09-29,my,Malaysia,top_artists_weekly,,3,https://lh3.googleusercontent.com/_wPXKRCH5rAX8AK1kJZ1bNhSpNyyEgBRNmREdPmLbvTy3sX_ldiKMRYFc5uChygV_KRx_SDrH1KgUifk=w64-h64-p,,1 Alka Yagnik,,"1月 1, 1970",2809200,"3 1 Alka Yagnik 1月 1, 1970 4 23 2,809,200"
2026-09-29,my,Malaysia,top_artists_weekly,,4,https://yt3.googleusercontent.com/H50WNKjuTsl-6DvvulLsJd5xxTcb5PBfvBYTnO7UeS4qyUU4UQY3UwrjF_Hg5o-4uy1UH9zA7bsh8Q=w64-h64-p,,1 Exists,,"1月 1, 1970",2793007,"4 1 Exists 1月 1, 1970 3 23 2,793,007"
2026-09-29,my,Malaysia,top_artists_weekly,,5,https://lh3.googleusercontent.com/4ULlRiFBFglNemZJyKn6_e2-iOIdJEbgBgq_79RQclndG6pge0yGgS2k2On6E1FkCJzenyHkHRzkvjFp=w64-h64-p,,3 Justin Bieber,,"1月 1, 1970",2729000,"5 3 Justin Bieber 1月 1, 1970 8 23 2,729,000"
2026-09-29,my,Malaysia,top_artists_weekly,,6,https://yt3.googleusercontent.com/Q2QE-4fgVrUHj9YPUsxhyz4iutei_N1Q5dBX0l__zs47SN4zGNUgBbMbGmyoEIQD9WXpuxkQiUPf-g=w64-h64-p,,3 茜蒂·諾哈麗莎,,"1月 1, 1970",2722901,"6 3 茜蒂·諾哈麗莎 1月 1, 1970 9 23 2,722,901"
2026-09-29,my,Malaysia,top_artists_weekly,,7,https://lh3.googleusercontent.com/hnefGBrazRhn4Z92bdSZBUENl40ONjRiVDsmZKZh-WZ2iCKE-2c7KKR7SNcZfzLHoRyB3E6as8L87YA=w64-h64-p,,2 Bruno Mars,,"1月 1, 1970",2689103,"7 2 Bruno Mars 1月 1, 1970 5 23 2,689,103"
2026-09-29,my,Malaysia,top_artists_weekly,,8,https://lh3.googleusercontent.com/wBG4jypwBcEGHd-qSbM2_4B46WPEhlOCjusCOEkxdnsoIC4WLS9LmFARZsE854pB-vAEYlsp4x2yiHE=w64-h64-p,,Anirudh Ravichander,,,,Anirudh Ravichander
2026-09-29,my,Malaysia,top_artists_weekly,,9,https://yt3.googleusercontent.com/mv69pzBtNsCAhvJGOW0CxAFBHl9azsyxKDsPluYDfn6GNSWzC9pd7Y3VOSL-ZX6h_UqLXtK_0kfDs6Cu=w64-h64-p,,2 Sai Abhyankkar,,"1月 1, 1970",2579547,"9 2 Sai Abhyankkar 1月 1, 1970 7 23 2,579,547"
2026-09-29,my,Malaysia,top_artists_weekly,,10,https://yt3.googleusercontent.com/5vqNE8l4iYKmNCHd_YIgknhMF-W4ROcG5H7ZbdfOudxTcNSIIJrf9WpctLh43GlzFLmmcpMUxRQ918Kv=w64-h64-p,,● 周杰倫,,"1月 1, 1970",2514702,"10 ● 周杰倫 1月 1, 1970 10 23 2,514,702"
2026-09-29,my,Malaysia,top_artists_weekly,,11,https://lh3.googleusercontent.com/coesV4OVEVkua3_wJG-2BVvTc95yHF9sS1W6mOAtl4-vvTjQb250Hy_nVlfvudmEugb7_k05vhY9aJm4=w64-h64-p,,● Udit Narayan,,"1月 1, 1970",2424637,"11 ● Udit Narayan 1月 1, 1970 11 23 2,424,637"
2026-09-29,my,Malaysia,top_artists_weekly,,12,https://lh3.googleusercontent.com/6xEP8mOA5xguCiwfeNq08D1o0GK7iPSNMwp80jJpyxw4bwdOgo4EO-8T4rnb8gv3_283YEoQsZvRLD4k=w64-h64-p,,● NOAH,,"1月 1, 1970",2352229,"12 ● NOAH 1月 1, 1970 12 23 2,352,229"
2026-09-29,my,Malaysia,top_artists_weekly,,13,https://yt3.googleusercontent.com/RCpTA6EXJQyjVFDosWOKa2SMmqkua_lA9mHPDWWciLwgqpZLz-k8rXWRF_367trrQ7up9BUwCbk6kRk=w64-h64-p,,● Taylor Swift,,"1月 1, 1970",2239723,"13 ● Taylor Swift 1月 1, 1970 13 23 2,239,723"
2026-09-29,my,Malaysia,top_artists_weekly,,14,https://lh3.googleusercontent.com/U-SAmNOu4TynE818gLCfKsuHZ0U5YNEtO9mrjSI9WCCKERs98LzrCal5kajBBTQNwdcisoB2Bn-pHp4=w64-h64-p,,1 The Weeknd,,"1月 1, 1970",2087573,"14 1 The Weeknd 1月 1, 1970 15 23 2,087,573"
2026-09-29,my,Malaysia,top_artists_weekly,,15,https://lh3.googleusercontent.com/aFx8s1fTuelgxONGbezmTG0EKR8r82uB5H-Q6ZJtssyCWLJWF8GfZNr4tHo84sXdFCPBKrA4R6zXOss=w64-h64-p,,1 Dua Lipa,,"1月 1, 1970",1804088,"15 1 Dua Lipa 1月 1, 1970 14 23 1,804,088"
2026-09-29,my,Malaysia,top_artists_weekly,,16,https://lh3.googleusercontent.com/8rsLpP6VJjt-yTN8ZG5rY-qt2aCC-IYMWmVkk7qa8c5vrjO6zetKSgwO2QknHI3FtWl6Zannp2VsQ5o=w64-h64-p,,4 防彈少年團,,"1月 1, 1970",1791548,"16 4 防彈少年團 1月 1, 1970 20 23 1,791,548"
2026-09-29,my,Malaysia,top_artists_weekly,,17,https://yt3.googleusercontent.com/E8nupXSF6-wweZCLqn5vwxPcLIGW2Tg9szpacMZoLXOXa1PGh-WpU5-7FH8YLfElD8Lbzh15kljZog=w64-h64-p,,1 Katy Perry,,"1月 1, 1970",1789022,"17 1 Katy Perry 1月 1, 1970 16 23 1,789,022"
2026-09-29,my,Malaysia,top_artists_weekly,,18,https://lh3.googleusercontent.com/WP-k6kFk2XdH_l41tw8zWFNe9M-TVTnmfPCuqHJLj5apoMbsfUz6-UR9ICwspp2chE6_ra2ZB-nccA=w64-h64-p,,1 Raim Laode,,"1月 1, 1970",1774895,"18 1 Raim Laode 1月 1, 1970 19 23 1,774,895"
2026-09-29,my,Malaysia,top_artists_weekly,,19,https://yt3.googleusercontent.com/uYbQKC1qjNQUDYRVNX9_UVixRCSnSwvbACGYj4J6nreU_ENp_jGVkT6Pp3YQ9oGPedRZvZYknMZR6xKg=w64-h64-p,,2 Wings,,"1月 1, 1970",1711104,"19 2 Wings 1月 1, 1970 17 23 1,711,104"
2026-09-29,my,Malaysia,top_artists_weekly,,20,https://lh3.googleusercontent.com/D0XwIujDQOyeEwjeq7eF6lZA2GWF8TCkP7uVyXMqmvQWoubzy8i4wItMCLUBYdI64GS-IGeWL6EXl2Y=w64-h64-p,,9 Akbar Chalay,,"1月 1, 1970",1698641,"20 9 Akbar Chalay 1月 1, 1970 29 17 1,698,641"
2026-09-29,my,Malaysia,top_artists_weekly,,21,https://yt3.googleusercontent.com/X4IlIyw4Yjpl2qio5QA-uxj5vIa_EVSg5dyibJrmKcPrj0BKFcKYhKUTyacNbHaGHxP_zVYB3jv-Cv0=w64-h64-p,,9 BIGBANG,,"1月 1, 1970",1682092,"21 9 BIGBANG 1月 1, 1970 30 23 1,682,092"
2026-09-29,my,Malaysia,top_artists_weekly,,22,https://yt3.googleusercontent.com/ZOzbX8V_gmiIrdSomVAixWn3TcVSRl6X-DLZvroYl6aj2Axxveargg4gN8QW1G7ZLaRnhZ8TZqHQWhu-=w64-h64-p,,4 Spring,,"1月 1, 1970",1680195,"22 4 Spring 1月 1, 1970 18 23 1,680,195"
2026-09-29,my,Malaysia,top_artists_weekly,,23,https://yt3.googleusercontent.com/7TK-PpocD_ql32RKgB9okRhGOVyA4aKAehiM8l1QxXqjrs8b6x_0FPcCIMFK0CpMuf46e04B3A=w64-h64-p,,2 SIENNA SPIRO,,"1月 1, 1970",1672557,"23 2 SIENNA SPIRO 1月 1, 1970 21 11 1,672,557"
2026-09-29,my,Malaysia,top_artists_weekly,,24,https://lh3.googleusercontent.com/jtoHnQltvslLoadGrtXTXMiFzBDNp4DkQbCkKJ6ZT9T3UAw2ssponsLNKh3Acs_oj-KMEwBhKSqSM5A=w64-h64-p,,1 Wali,,"1月 1, 1970",1664354,"24 1 Wali 1月 1, 1970 25 23 1,664,354"
2026-09-29,my,Malaysia,top_artists_weekly,,25,https://yt3.googleusercontent.com/_buvZ8gbBJaeigtOIS-bsYefsSFY-8vkcGJGqokqcKVFtxgSrBskGQ2DkEQwaC743gRyZ6H2JSU=w64-h64-p,,1 Ukays,,"1月 1, 1970",1640747,"25 1 Ukays 1月 1, 1970 24 23 1,640,747"
2026-09-29,my,Malaysia,top_artists_weekly,,26,https://yt3.googleusercontent.com/PgINZNe0qVxgMSXKG5vF82bNN4WCC12zgWsz9I7OLs4CLF9Cn0Vxq7Xc1ToupnzXrCv0nKfe3VM=w64-h64-p,,4 Shreya Ghoshal,,"1月 1, 1970",1638255,"26 4 Shreya Ghoshal 1月 1, 1970 22 23 1,638,255"
2026-09-29,my,Malaysia,top_artists_weekly,,27,https://yt3.googleusercontent.com/N1YXsgbUAjnBaxPyPZ9ISuzX8qFryDdHWRpTb4PN8mn6PyhX6W_jnBzt1NBPG24kVktNY1s9IDDVRnY=w64-h64-p,,4 Iklim,,"1月 1, 1970",1567423,"27 4 Iklim 1月 1, 1970 23 23 1,567,423"
2026-09-29,my,Malaysia,top_artists_weekly,,28,https://yt3.googleusercontent.com/vHMOuDn8gr3SW9Pm8yFgmtYzM5kj4ayng5HKRjW0OyjG9mPK923XMVtTZTt4NUG_1aemWNLSQ27zjtA=w64-h64-p,,1 A. R. Rahman,,"1月 1, 1970",1531245,"28 1 A. R. Rahman 1月 1, 1970 27 23 1,531,245"
2026-09-29,my,Malaysia,top_artists_weekly,,29,https://yt3.googleusercontent.com/-Nneom8RvoAW-ofeDOq3f29NXwrryp2kkqFpLzLA0c6rV1cjgeJGfMXjoGnxwYPPml2vNR8-v6s=w64-h64-p,,1 Naykilla,,"1月 1, 1970",1515697,"29 1 Naykilla 1月 1, 1970 28 23 1,515,697"
2026-09-29,my,Malaysia,top_artists_weekly,,30,https://yt3.googleusercontent.com/BJE1MMYdYZvc1zVSeGtHeE3wZacb78aXstpop6KyjCrAf7eBz1gdnyP3-uoVtjwTvkJH6ldkRX95AA=w64-h64-p,,20 Mingse,,"1月 1, 1970",1412821,"30 20 Mingse 1月 1, 1970 50 11 1,412,821"
2026-09-29,my,Malaysia,top_artists_weekly,,31,https://yt3.googleusercontent.com/JSr1fuJqoaRVL7_93SuqdZlVGZI0XjyNNIXEnZgkt7ZfWANDb6RF_B5A_Gusviz6h6yCJ24_62cuIKc=w64-h64-p,,31 樸彩英,,"1月 1, 1970",1393130,"31 31 朴彩英 1月 1, 1970 - 23 1,393,130"
2026-09-29,my,Malaysia,top_artists_weekly,,32,https://lh3.googleusercontent.com/W_yOqnKSDYyeVOY_AsXhuAtb6rW3vCL3GtJ9DA1GxWOrJfyeSOqzvTv_TkFHijdkVPXWutASBlRFPg=w64-h64-p,,● Arijit Singh,,"1月 1, 1970",1388676,"32 ● Arijit Singh 1月 1, 1970 32 23 1,388,676"
2026-09-29,my,Malaysia,top_artists_weekly,,33,https://yt3.googleusercontent.com/qRYmWa5dzOlRoD8_uHIhsrAmwk8N9QiO7S_Rg3H4YyemB3oN3661_3en_7q9eJ8gvuoZAR9v0iFX8HW1=w64-h64-p,,2 BABYMONSTER,,"1月 1, 1970",1362988,"33 2 BABYMONSTER 1月 1, 1970 35 23 1,362,988"
2026-09-29,my,Malaysia,top_artists_weekly,,34,https://lh3.googleusercontent.com/Ase1UHMjDaIw0JW9vHwD_jXFgT3B4iiWa36wqBLzYjhiY-sEOft3ADcMy37sT9xCIptNjNp9k9nAgss=w64-h64-p,,● XPDC,,"1月 1, 1970",1350128,"34 ● XPDC 1月 1, 1970 34 23 1,350,128"
2026-09-29,my,Malaysia,top_artists_weekly,,35,https://lh3.googleusercontent.com/zWSt-azDdL9AU7TqaRdi7at4sag6W80bliX8RZ6Ex-cnMIxeJ0cSg2m6KGM4Oa9C-KhnStXrq42hHjo=w64-h64-p,,2 KATSEYE,,"1月 1, 1970",1342940,"35 2 KATSEYE 1月 1, 1970 33 23 1,342,940"
2026-09-29,my,Malaysia,top_artists_weekly,,36,https://yt3.googleusercontent.com/VdgLqr3Sno_U1IXj9qzk43azloCsjBeDy6MpFjfD8kMmco0AeL81qow0cpHynDfpaVlujCY11O7QO4d6=w64-h64-p,,16 Mahalini,,"1月 1, 1970",1339982,"36 16 Mahalini 1月 1, 1970 52 23 1,339,982"
2026-09-29,my,Malaysia,top_artists_weekly,,37,https://yt3.ggpht.com/ytc/AIdro_kpp1a0vTRvVTCW_fFJ7QCRyIrFEiVKXPTuT3MIZPdH2g=w64-h64-p,,6 Ella,,"1月 1, 1970",1338218,"37 6 Ella 1月 1, 1970 31 23 1,338,218"
2026-09-29,my,Malaysia,top_artists_weekly,,38,https://yt3.googleusercontent.com/7jndWy5UJwFJKueBCrizeFWOFwxKUOZZjRMIcPyRlv1X18tY9aJpkuSz_PpamnHVjbYV6s_oER8oi4g=w64-h64-p,,2 Maroon 5,,"1月 1, 1970",1328639,"38 2 Maroon 5 1月 1, 1970 40 23 1,328,639"
2026-09-29,my,Malaysia,top_artists_weekly,,39,https://yt3.googleusercontent.com/jjFbDHc_GFI6lVSSRPGWMrh71fJ16iZYMccLFbkN_Jq6uR-QYXzgRwFDSuZeDpOuAbIIzNnPAPDZgAHv=w64-h64-p,,Nadhif Basalamah,,,,Nadhif Basalamah
2026-09-29,my,Malaysia,top_artists_weekly,,40,https://yt3.googleusercontent.com/996SwdTY97pCzXzpFzzgt5fWcW5NpJ7mhNHkpockVdo0pn8YbfP82_rOu6wxbQDHCJnteQ3Inp7fxrQi=w64-h64-p,,4 Slam,,"1月 1, 1970",1321982,"40 4 Slam 1月 1, 1970 36 23 1,321,982"
2026-09-29,my,Malaysia,top_artists_weekly,,41,https://yt3.googleusercontent.com/fVrqVpoDVidIRGEnpxnF4ojShPgYM_ZEaZJjr6fPjt05q8eIauWWV3jifHI1tiBN-vZFeAS8m3c=w64-h64-p,,3 Judika,,"1月 1, 1970",1299338,"41 3 Judika 1月 1, 1970 44 23 1,299,338"
2026-09-29,my,Malaysia,top_artists_weekly,,42,https://lh3.googleusercontent.com/umSdMueKqbLBTq0jhiEzh1F82_C8hRVzkw2ZsxOqEktWjNXOKSCMPMGiJtu73myxd995RC4BqKL5fAXM=w64-h64-p,,3 Lady Gaga,,"1月 1, 1970",1285550,"42 3 Lady Gaga 1月 1, 1970 39 23 1,285,550"
2026-09-29,my,Malaysia,top_artists_weekly,,43,https://yt3.googleusercontent.com/31ZNbXgzuYML_PR4fX9xr9UhLyMbarrX6O2JEwCouoBC38Ht1Wzxn9bls3L-Jfu3L-pU-V6D8_k=w64-h64-p,,6 Vivek,,"1月 1, 1970",1278502,"43 6 Vivek 1月 1, 1970 37 23 1,278,502"
2026-09-29,my,Malaysia,top_artists_weekly,,44,https://yt3.googleusercontent.com/89daO2furCRhY3XFOld0qUxTgIoh8K6PKj3rYdXgXoEx6LdzoePB9UIFi8c7oH7YE9Mn1X8HlmfiFqXtOQ=w64-h64-p,,3 Search,,"1月 1, 1970",1262398,"44 3 Search 1月 1, 1970 41 23 1,262,398"
2026-09-29,my,Malaysia,top_artists_weekly,,45,https://yt3.googleusercontent.com/1-Ipiq-y8WyAcWn88nuxwTHaaBWMg8VkCBuP3puDCec-neD3v-7SqoBRzmmBKmA-lir_Ie70yw9EKHk=w64-h64-p,,2 Alan Walker,,"1月 1, 1970",1243818,"45 2 Alan Walker 1月 1, 1970 43 23 1,243,818"
2026-09-29,my,Malaysia,top_artists_weekly,,46,https://lh3.googleusercontent.com/pvJ1n3OBNXcz80KquAr-BY3ZRpp4Vfv8IHBk1SHBkJPF6eGhYJqaO3H5meVIQwb-BTOv0VsckNtPow=w64-h64-p,,2 BLACKPINK,,"1月 1, 1970",1215055,"46 2 BLACKPINK 1月 1, 1970 48 23 1,215,055"
2026-09-29,my,Malaysia,top_artists_weekly,,47,https://lh3.googleusercontent.com/i8PKueO4JStFM6i5t-F8V1jnFglYSybQ_NhU-aXv8mwiPgiCsXjW7WO6gKv97cNPrRcipbHLQA4arA=w64-h64-p,,6 林俊傑,,"1月 1, 1970",1211888,"47 6 林俊傑 1月 1, 1970 53 23 1,211,888"
2026-09-29,my,Malaysia,top_artists_weekly,,48,https://lh3.googleusercontent.com/QxbV6wK_wcQWcBY9rBicZlsl1-gX5M6nGjfNN3BTzgknhaSJ6yhnHW7NmF4dTx0Ch9g9-VTD6YUD2crW=w64-h64-p,,6 Ilaiyaraaja,,"1月 1, 1970",1200444,"48 6 Ilaiyaraaja 1月 1, 1970 42 23 1,200,444"
2026-09-29,my,Malaysia,top_artists_weekly,,49,https://yt3.googleusercontent.com/rKvWQHJBYqARg5-LV-mS5dBbzSd2Z50wTtaHeGIhbrwkGOBQVtf4hYbOPuQwEPnYaz_EHW-KQes=w64-h64-p,,23 Faizal Tahir,,"1月 1, 1970",1197607,"49 23 Faizal Tahir 1月 1, 1970 26 23 1,197,607"
2026-09-29,my,Malaysia,top_artists_weekly,,50,https://lh3.googleusercontent.com/-IRVL5B0n7-V9Gh9XZvQG161HYqkH_SNSHfJwWYeIcVVh35sMq9-jHTk1FCeAmeUHSdEq7UMpoVzUPw=w64-h64-p,,3 尤文·香卡·拉雅,,"1月 1, 1970",1179769,"50 3 尤文·香卡·拉雅 1月 1, 1970 47 23 1,179,769"
2026-09-29,my,Malaysia,top_artists_weekly,,51,https://lh3.googleusercontent.com/cPvYaP4ByG-i7fUE-dKrjMgaNL8v3hC93ErP6meKnltvRuzxo-DINLQkTtvjfC6hVnzRMlnJEb9n3uM=w64-h64-p,,● Kumar Sanu,,"1月 1, 1970",1174851,"51 ● Kumar Sanu 1月 1, 1970 51 23 1,174,851"
2026-09-29,my,Malaysia,top_artists_weekly,,52,https://yt3.googleusercontent.com/i-PUJfHy7H3_s1AUBWUaulTzhclF5MobqSIw_3nM3a2-kfCGsY_67K-dEOW7baAiBdfHvSOuHVjR_g=w64-h64-p,,SP Balasubrahmanyam,,,,SP Balasubrahmanyam
2026-09-29,my,Malaysia,top_artists_weekly,,53,https://lh3.googleusercontent.com/tQC4rOL6xz6FhmFr0ggQExxyGbYSOsyveXVSnPBh2WjEyIzQ9pMHablLJ-0GlMBrLBlBrbWQGmzrV6KN=w64-h64-p,,3 比利·埃利什,,"1月 1, 1970",1163501,"53 3 比利·埃利什 1月 1, 1970 56 23 1,163,501"
2026-09-29,my,Malaysia,top_artists_weekly,,54,https://lh3.googleusercontent.com/yFx0i6mPxQoMeGUDkdgoP_eAuIzCsWkhyVYSR0zyf5rjjngODoFUJiRHDvhg2sRytupNq1bvSH9vuPw=w64-h64-p,,5 ST 12,,"1月 1, 1970",1152034,"54 5 ST 12 1月 1, 1970 49 23 1,152,034"
2026-09-29,my,Malaysia,top_artists_weekly,,55,https://yt3.googleusercontent.com/ahanvzsO5q0DQGBI1WLXXyoXb-dqgX8tehQMLpd5-H2OSjYgeQPcUJoLT8Ol9iTvwOvW9oBcp4wpTlmF=w64-h64-p,,8 ATEEZ,,"1月 1, 1970",1131526,"55 8 ATEEZ 1月 1, 1970 63 18 1,131,526"
2026-09-29,my,Malaysia,top_artists_weekly,,56,https://yt3.googleusercontent.com/jEh-GLa0VeT7J8D3IhnDH9WqfdPNTp0OthFle0NNtpU6b2nVHUr3vS_trVXlBeYROz-36bAQYw=w64-h64-p,,G.V. Prakash Kumar,,,,G.V. Prakash Kumar
2026-09-29,my,Malaysia,top_artists_weekly,,57,https://yt3.googleusercontent.com/VVGOJpxGFBbbUJHurZq_U1F_BjIhaMBAY1sDhOT3a2kE2DnidfYT8L_hY7WoJOusysvzn1msCoinvtma=w64-h64-p,,● Shawn Mendes,,"1月 1, 1970",1126917,"57 ● Shawn Mendes 1月 1, 1970 57 23 1,126,917"
2026-09-29,my,Malaysia,top_artists_weekly,,58,https://yt3.googleusercontent.com/-HiF4V5F70MMCFacJbbTlXuTUrV8NpvELqAyPUnEg0TH3YyQr1igx6mqjm0z96VwEaAQLOCWTsT7fKiS=w64-h64-p,,2 May,,"1月 1, 1970",1124039,"58 2 May 1月 1, 1970 60 23 1,124,039"
2026-09-29,my,Malaysia,top_artists_weekly,,59,https://yt3.googleusercontent.com/afyGsY_lRKW48vh9fmW4GdLzoe8GLqtiJLTLDR48mlXPcUmjoce2hEMjmutCsXiVcJFGT5IUgLfB63U=w64-h64-p,,1 Ungu,,"1月 1, 1970",1112866,"59 1 Ungu 1月 1, 1970 58 23 1,112,866"
2026-09-29,my,Malaysia,top_artists_weekly,,60,https://lh3.googleusercontent.com/uE72emEZFH3TVtCZoIFYKmnf7vsb42RYQxb4X-lonyqPQuS_mLtKpLfBQ5JdHwUijfQo06BtSB7LoQ=w64-h64-p,,1 Linkin Park,,"1月 1, 1970",1105001,"60 1 Linkin Park 1月 1, 1970 61 23 1,105,001"
2026-09-29,my,Malaysia,top_artists_weekly,,61,https://lh3.googleusercontent.com/BKgJ2Qcko6lgLsnvB-URUnK2bgQ682OoJd7Dpa0829XrmIC40zfsFm74vNdmyaMBx8xUt-MHFwDIUUC9=w64-h64-p,,6 Jennie,,"1月 1, 1970",1104334,"61 6 Jennie 1月 1, 1970 55 23 1,104,334"
2026-09-29,my,Malaysia,top_artists_weekly,,62,https://yt3.googleusercontent.com/41-4WZupE4yY88igineZefzBZ3ud2nrtlBMv61OBWOfOcATol8PhmI5OZ0fLlrTszyZ3Ul9I9sE=w64-h64-p,,3 Olivia Rodrigo,,"1月 1, 1970",1079215,"62 3 Olivia Rodrigo 1月 1, 1970 59 23 1,079,215"
2026-09-29,my,Malaysia,top_artists_weekly,,63,https://yt3.googleusercontent.com/XLrs7bXpke6XLtYTSHyghN16i5Qr-BoCB0SYCYdDb0IBZrkZ3Of17o2MQXMBHQ3OP659_CHgksFUhi4=w64-h64-p,,3 Eric Chou,,"1月 1, 1970",1035936,"63 3 Eric Chou 1月 1, 1970 66 23 1,035,936"
2026-09-29,my,Malaysia,top_artists_weekly,,64,https://yt3.googleusercontent.com/PFBsPfk68ezP__RWw-_A2_lGa4aJrAfuqCNBvcjQyq8kUdhyLaBkiLY0Q6hNvOXN-pz80rIBzzV9R2Y=w64-h64-p,,KPop Demon Hunters Cast,,,,KPop Demon Hunters Cast
2026-09-29,my,Malaysia,top_artists_weekly,,65,https://yt3.googleusercontent.com/5ci78rKknUuBjvn9esGu_zXAZOzA62XIsRu6FMUj52xJIv0Yszfni4nHWJVUkr1BbxtBJhKcdcgZPXE=w64-h64-p,,Avenged Sevenfold,,,,Avenged Sevenfold
2026-09-29,my,Malaysia,top_artists_weekly,,66,https://yt3.googleusercontent.com/QxkTSZ7pM2_JIRmdCOd5NSXFLLVrGZWP0fubtK60-3LSvMuYpBpf-cVmuTULhv_MHz8s6tbN=w64-h64-p,,2 Zynakal,,"1月 1, 1970",996476,"66 2 Zynakal 1月 1, 1970 68 23 996,476"
2026-09-29,my,Malaysia,top_artists_weekly,,67,https://lh3.googleusercontent.com/9KoRhPXYu9pl6BiSN_oCBpaAd5Qs6uBxflQze_OoO-wPokdmKxy8WhAGa2GcEPGFA14H8sGGLcqKdAc=w64-h64-p,,5 Armada,,"1月 1, 1970",988075,"67 5 Armada 1月 1, 1970 72 23 988,075"
2026-09-29,my,Malaysia,top_artists_weekly,,68,https://yt3.googleusercontent.com/5GYeWpGUtgi8tPkwqV_Nnq9ZiE6PhSCoRSrfpK1CIdfZkndV5fLHZ-c2g9rAGfdQ6bV81Wvlc8UMjw=w64-h64-p,,1 ILLIT,,"1月 1, 1970",987691,"68 1 ILLIT 1月 1, 1970 67 23 987,691"
2026-09-29,my,Malaysia,top_artists_weekly,,69,https://lh3.googleusercontent.com/LKpJFXjE3-0OX8tIzurzLynVxI-hOClgUl1tCbkHOpz9fm28DBQw2wG2iFd5jDFABCuuxK0xFESVQA=w64-h64-p,,1 G.E.M. 鄧紫棋,,"1月 1, 1970",982638,"69 1 G.E.M. 鄧紫棋 1月 1, 1970 70 23 982,638"
2026-09-29,my,Malaysia,top_artists_weekly,,70,https://yt3.googleusercontent.com/4LWeY6esbVPb0ES6rIuYyBsswEJqMW1vUo93_cfpV3u6qqCewYb0lVKXtAhVVPTqLZGrJyUaO4aPIqRjxA=w64-h64-p,,1 Saleem,,"1月 1, 1970",976555,"70 1 Saleem 1月 1, 1970 71 23 976,555"
2026-09-29,my,Malaysia,top_artists_weekly,,71,https://yt3.googleusercontent.com/nVJbXg61Msmm_NEU48thAZ7jF-KO9dPCt2ENKiSxn82bCDS9u7NXoa90NwzO70YV8LP79rAZ6JSg-pQr=w64-h64-p,,7 Hyper Act,,"1月 1, 1970",972789,"71 7 Hyper Act 1月 1, 1970 64 23 972,789"
2026-09-29,my,Malaysia,top_artists_weekly,,72,https://lh3.googleusercontent.com/iWH_XSIO8yZvIqz8vxkwC9BjzGM4giAhR69Z6LZ0t8Rp79ASNFVwpwHZWOyyo94B_jsXl8HtFueMgMA=w64-h64-p,,3 Sonu Nigam,,"1月 1, 1970",957793,"72 3 Sonu Nigam 1月 1, 1970 69 23 957,793"
2026-09-29,my,Malaysia,top_artists_weekly,,73,https://yt3.googleusercontent.com/yGckU_ciz_GsjmCCWc6zwDfLdVDSVJ7s1-v7A_B2ENrg0s8PtaMjF0JvkfnlNFkjmDiXvrCaLsqC4g=w64-h64-p,,15 Kangen Band,,"1月 1, 1970",942796,"73 15 Kangen Band 1月 1, 1970 88 23 942,796"
2026-09-29,my,Malaysia,top_artists_weekly,,74,https://yt3.googleusercontent.com/8YB2NaZiMvNlvdIEXdGSMfP-aTOHXAbdXy1hvZ_SVfXkTsKFy6YQlmnIk-aiDZ1ew7tNMhe3cPUow1g=w64-h64-p,,12 LE SSERAFIM,,"1月 1, 1970",942221,"74 12 LE SSERAFIM 1月 1, 1970 62 23 942,221"
2026-09-29,my,Malaysia,top_artists_weekly,,75,https://yt3.googleusercontent.com/vS1JdQdr9N316SQUWem0Bt6LftIHiHkXgKPQ4X1SVjSFq5w7P2GlyjzpWENEy9EmxzEGhClSCw=w64-h64-p,,6 Juan Reza,,"1月 1, 1970",939131,"75 6 Juan Reza 1月 1, 1970 81 23 939,131"
2026-09-29,my,Malaysia,top_artists_weekly,,76,https://yt3.googleusercontent.com/GKt8fKdpcKR2i8kDVJjp20k2oOfE2pg9-TcgF-llfi_AjVPfkgGE2eu_hjpDGXCqcGSfX3csxmk2BA=w64-h64-p,,30 LISA,,"1月 1, 1970",937360,"76 30 LISA 1月 1, 1970 46 17 937,360"
2026-09-29,my,Malaysia,top_artists_weekly,,77,https://yt3.googleusercontent.com/1ztXGJxu4zOqcDlc1gD2slQpkxe8z8z_k_THyeVCSQwCcUw2zJFwRncG7Ui3CB6TUSdbEI-9zMU5gA=w64-h64-p,,8 Gareth.T,,"1月 1, 1970",929487,"77 8 Gareth.T 1月 1, 1970 85 23 929,487"
2026-09-29,my,Malaysia,top_artists_weekly,,78,https://yt3.googleusercontent.com/qsRJohHC_cnj5L48juCLXzJYppwyLAIAETrgm4m2m7J8PyvRqg1lxMmrHxrC6Y3Ugz11HS02qvY=w64-h64-p,,20 Malique,,"1月 1, 1970",918595,"78 20 Malique 1月 1, 1970 98 18 918,595"
2026-09-29,my,Malaysia,top_artists_weekly,,79,https://yt3.googleusercontent.com/PFsG_ckI-HQM2ojQJkh_bXnZcD7JMYJTYCvQAJuoyvQwRonC85Mu5uBeyXjspzTm8ZbezK0i36_qqMon1w=w64-h64-p,,79 Noh Salleh,,"1月 1, 1970",918236,"79 79 Noh Salleh 1月 1, 1970 - 20 918,236"
2026-09-29,my,Malaysia,top_artists_weekly,,80,https://lh3.googleusercontent.com/89NwaYZtZh_izUk9S--o-xCwMULZd3yvIJ622Lsq9OyPhslJCi6-wKfoZvGyIyA8WTOUYUdFR1fBUZk=w64-h64-p,,11 Insomniacks,,"1月 1, 1970",897915,"80 11 Insomniacks 1月 1, 1970 91 23 897,915"
2026-09-29,my,Malaysia,top_artists_weekly,,81,https://lh3.googleusercontent.com/ornw5w2dfEhnOj0qfYuFizhCV_PkviIR7uJMMDyi2eXPJ0VcTF1cEcYVyO1NhvIQIVZInUqh3Uohg5Q=w64-h64-p,,8 Akon,,"1月 1, 1970",888570,"81 8 Akon 1月 1, 1970 89 23 888,570"
2026-09-29,my,Malaysia,top_artists_weekly,,82,https://lh3.googleusercontent.com/IOPk1oF8plzB2NS4GYdHLZme06-5PfP_OjMAPNhLtOfHrgzLZz6ItIcVujN31XZ4vuKLt26equAeYA=w64-h64-p,,4 Tenxi,,"1月 1, 1970",883113,"82 4 Tenxi 1月 1, 1970 78 23 883,113"
2026-09-29,my,Malaysia,top_artists_weekly,,83,https://yt3.googleusercontent.com/0FmNbKOxBPw_U_N4Byt3i_87JylYguFIqV6xd0RrSazMrh7dM9RDUQKpI7nYV_iAREzE3UO8=w64-h64-p,,3 EJAE,,"1月 1, 1970",873657,"83 3 EJAE 1月 1, 1970 80 23 873,657"
2026-09-29,my,Malaysia,top_artists_weekly,,84,https://yt3.googleusercontent.com/16RXgLB1bj5Fkrhzetk7IPgtCd-eHffmHGQli4iEMnig4TEMjVhWW5Vb7Sg1TOopb9Eb_hItsL5z2WXl=w64-h64-p,,2 Spin,,"1月 1, 1970",872844,"84 2 Spin 1月 1, 1970 86 23 872,844"
2026-09-29,my,Malaysia,top_artists_weekly,,85,https://yt3.googleusercontent.com/b0ax28GgBEO8PaHOrZi0ANGfOk1geSb68048rw1As2UACUHczUYKkotWabwMAGoX2C8DL9MC9Flpgw=w64-h64-p,,11 aespa,,"1月 1, 1970",862142,"85 11 aespa 1月 1, 1970 74 23 862,142"
2026-09-29,my,Malaysia,top_artists_weekly,,86,https://yt3.googleusercontent.com/2IbO6drTOO1y5I4tDPqS5nafZmV0Z54g0YxU32RnLjc0vvYlzH1-c522X0c784WaR9hs9YIDr9yhHKfT=w64-h64-p,,6 CORTIS,,"1月 1, 1970",850482,"86 6 CORTIS 1月 1, 1970 92 23 850,482"
2026-09-29,my,Malaysia,top_artists_weekly,,87,https://yt3.googleusercontent.com/a4fApO9y6DmBej_WuNcf211_FW4r4KaYD2VFQfThXMUzVZR-GAiHKozFXbb5oRGF1RN6F6urAw=w64-h64-p,,13 齊亞娜·薩恩,,"1月 1, 1970",847738,"87 13 齊亞娜·薩恩 1月 1, 1970 100 23 847,738"
2026-09-29,my,Malaysia,top_artists_weekly,,88,https://yt3.googleusercontent.com/xP_8xXI_p_PzN73Vo4ub9_y7WKeDTwKLRbp6-J--yB3v6STos0KgMzjXHskB9i-oB4ntMbLG6fY92cfS=w64-h64-p,,11 Spoon,,"1月 1, 1970",844441,"88 11 Spoon 1月 1, 1970 77 15 844,441"
2026-09-29,my,Malaysia,top_artists_weekly,,89,https://lh3.googleusercontent.com/jQoBIAS6JjFGpcqQY1M_Mh3AasOvFENCdVRxkgax1a0K6qiq7AgE3MbJ6Jtt-Jndcarvoawmrg66KTny=w64-h64-p,,2 Ed Sheeran,,"1月 1, 1970",843035,"89 2 Ed Sheeran 1月 1, 1970 87 23 843,035"
2026-09-29,my,Malaysia,top_artists_weekly,,90,https://lh3.googleusercontent.com/OJXOyvwsR4Q9tme09paaxaR9pw_cQosRYmPwl2pKPfsnv0efaWIpTB54ypqG1UqLafI53ynCjKNbmw=w64-h64-p,,Dayang Nurfaizah,,,,Dayang Nurfaizah
2026-09-29,my,Malaysia,top_artists_weekly,,91,https://yt3.googleusercontent.com/7cYfmVi7qmemK4wRGE3qErv1q_ChFRrPv03gpQg_r-fvskRmvOtYU8V13S2lh6CCwECpna4-MtM=w64-h64-p,,15 汪蘇瀧,,"1月 1, 1970",830251,"91 15 汪蘇瀧 1月 1, 1970 76 23 830,251"
2026-09-29,my,Malaysia,top_artists_weekly,,92,https://lh3.googleusercontent.com/3m16oMKLck_2JI_jRmF4cfNzohDOGjnS0v3yeo9J3b-VAmoidbDHmENAFb9NF701ogYMrDgGpgQv-A=w64-h64-p,,1 HUNTR/X,,"1月 1, 1970",827201,"92 1 HUNTR/X 1月 1, 1970 93 23 827,201"
2026-09-29,my,Malaysia,top_artists_weekly,,93,https://lh3.googleusercontent.com/tLzIJPsFe-q93Y_erAUU_hDIyXCgCrYJ0C-S4DmMurqfB9LJ_PNFpTPA41k-dVMB6ODgc4-1nF1cOp6c=w64-h64-p,,3 Rihanna,,"1月 1, 1970",825781,"93 3 Rihanna 1月 1, 1970 90 23 825,781"
2026-09-29,my,Malaysia,top_artists_weekly,,94,https://yt3.googleusercontent.com/zkX7FBr1BBzAhH7U5KT6hzBbPx8kjfK1QpTRbW-oM-J8v2f6P0t9idQuPZkssxnIk3U5yBC3KcmU5g=w64-h64-p,,94 Hiphop Tamizha,,"1月 1, 1970",821664,"94 94 Hiphop Tamizha 1月 1, 1970 - 23 821,664"
2026-09-29,my,Malaysia,top_artists_weekly,,95,https://yt3.googleusercontent.com/Us-JrA85BOR_xR2tie-84H628JkC45dsaElAIh4PAX61YxaAmk-ME6T0LAWeO520Kr_lGsv6_RBSUw=w64-h64-p,,20 Ernie Zakri,,"1月 1, 1970",818329,"95 20 Ernie Zakri 1月 1, 1970 75 23 818,329"
2026-09-29,my,Malaysia,top_artists_weekly,,96,https://yt3.googleusercontent.com/93vnJ_aG5rTlruQDFaVhZHCTTRwGzS34R3SPKKCTBDZ84xutO5KUCiu-scL_ZTaV8g6HhH27diVq4HY=w64-h64-p,,96 Backstreet Boys,,"1月 1, 1970",813949,"96 96 Backstreet Boys 1月 1, 1970 - 23 813,949"
2026-09-29,my,Malaysia,top_artists_weekly,,97,https://lh3.googleusercontent.com/x-Z35q6HsBB98J85-4oNqPnOen4pZBaNCpHawzf_ejs-pkgh6Eh3D2Fu7S1T4gEj0yWZ0c6DOAHCpA=w64-h64-p,,13 Michael Jackson,,"1月 1, 1970",813697,"97 13 Michael Jackson 1月 1, 1970 84 23 813,697"
2026-09-29,my,Malaysia,top_artists_weekly,,98,https://lh3.googleusercontent.com/Wqr_bvGshelPD-n5OohFA1Au6r130npkqQX3BS0bEb4l373-FVX9ZhkhWykNKdq3CrNCF6ubJNTLVwI=w64-h64-p,,3 Charlie Puth,,"1月 1, 1970",808110,"98 3 Charlie Puth 1月 1, 1970 95 23 808,110"
2026-09-29,my,Malaysia,top_artists_weekly,,99,https://yt3.googleusercontent.com/v2IbHjnpsFFYo_Mk0acOSRbtmt-9XiT6Poie0X4ppGuCmiivtUBNO0rrZjhSHzCcyWgERfPb3v_XAWYQ=w64-h64-p,,3 Jemsii,,"1月 1, 1970",804893,"99 3 Jemsii 1月 1, 1970 96 23 804,893"
2026-09-29,my,Malaysia,top_artists_weekly,,100,https://yt3.googleusercontent.com/qx--jAlkO6Er4cDEC65Mrg-oQ4vB_l5w1J6vkbH80eHLrWz2AC4HSdvQ6P_kDT3HRMFJgz1ST-wOeQ=w64-h64-p,,21 ENHYPEN,,"1月 1, 1970",800101,"100 21 ENHYPEN 1月 1, 1970 79 23 800,101"