captured_date,market,market_name,chart,period_suffix,rank,image_url,video_url,primary_name,secondary_name,release_date,metric_value,raw_text
2026-09-28,global,Global,top_videos_daily,,1,https://i.ytimg.com/vi/fcnDmrtj6Sk/mqdefault.jpg,https://www.youtube.com/watch?v=fcnDmrtj6Sk,Dai Dai,Shakira / Burna Boy,,,Dai Dai Shakira & Burna Boy
2026-09-28,global,Global,top_videos_daily,,2,https://i.ytimg.com/vi/vRjaGgDsWSo/mqdefault.jpg,https://www.youtube.com/watch?v=vRjaGgDsWSo,Casa Tupka Anthemo | @YoYoHoneySingh feat. Priyanshi | Full Video,Yo・Yo・哈尼・辛,,,Casa Tupka Anthemo | @YoYoHoneySingh feat. Priyanshi | Full Video Yo・Yo・哈尼・辛
2026-09-28,global,Global,top_videos_daily,,3,https://i.ytimg.com/vi/vSA7yMrTETg/mqdefault.jpg,https://www.youtube.com/watch?v=vSA7yMrTETg,Xamdam Sobirov - Peshta / Хамдам Собиров - Пешта / Video Klip,Xamdam Sobirov,,,Xamdam Sobirov - Peshta / Хамдам Собиров - Пешта / Video Klip Xamdam Sobirov
2026-09-28,global,Global,top_videos_daily,,4,https://i.ytimg.com/vi/JqFzhcWo3EU/mqdefault.jpg,https://www.youtube.com/watch?v=JqFzhcWo3EU,"Yeshanagula (From ""The Paradise"") (Telugu)",Jangi Reddy / Singer Prabha / 希厄姆·卡莎拉,,,"Yeshanagula (From ""The Paradise"") (Telugu) Jangi Reddy , Singer Prabha & 希厄姆·卡莎拉"
2026-09-28,global,Global,top_videos_daily,,5,https://i.ytimg.com/vi/Pd1yGW_g2T8/mqdefault.jpg,https://www.youtube.com/watch?v=Pd1yGW_g2T8,Ashke (Music Video) Karan Aujla | Mxrci | Aujla Szn 1,Karan Aujla,,,Ashke (Music Video) Karan Aujla | Mxrci | Aujla Szn 1 Karan Aujla
2026-09-28,global,Global,top_videos_daily,,6,https://i.ytimg.com/vi/eJXL4-4m5nY/mqdefault.jpg,https://www.youtube.com/watch?v=eJXL4-4m5nY,BTS (방탄소년단) ‘Merry Go Round’ Official MV,防彈少年團,,,BTS (방탄소년단) ‘Merry Go Round’ Official MV 防彈少年團
2026-09-28,global,Global,top_videos_daily,,7,https://i.ytimg.com/vi/s2HYl12gmOY/mqdefault.jpg,https://www.youtube.com/watch?v=s2HYl12gmOY,Parvati,Sadhu Tiwari,,,Parvati Sadhu Tiwari
2026-09-28,global,Global,top_videos_daily,,8,https://i.ytimg.com/vi/xvT1jH8B9AM/mqdefault.jpg,https://www.youtube.com/watch?v=xvT1jH8B9AM,KALYANI (Remix),ARJN / KDS / FIFTY4 / 舒蕾亞·戈沙爾,,,"KALYANI (Remix) ARJN , KDS , FIFTY4 & 舒蕾亞·戈沙爾"
2026-09-28,global,Global,top_videos_daily,,9,https://i.ytimg.com/vi/u9MpnqWC6Xg/mqdefault.jpg,https://www.youtube.com/watch?v=u9MpnqWC6Xg,"Afsaana Banaaya Aapne (From ""Gunmaaster G9”)",希梅什·雷希漢米亞 / Asees Kaur,,,"Afsaana Banaaya Aapne (From ""Gunmaaster G9”) 希梅什·雷希漢米亞 & Asees Kaur"
2026-09-28,global,Global,top_videos_daily,,10,https://i.ytimg.com/vi/ebZj_nrmH-c/mqdefault.jpg,https://www.youtube.com/watch?v=ebZj_nrmH-c,Barsaat,Banjaare / Roni,,,Barsaat Banjaare & Roni
2026-09-28,global,Global,top_videos_daily,,11,https://i.ytimg.com/vi/A_RV2H2F9jw/mqdefault.jpg,https://www.youtube.com/watch?v=A_RV2H2F9jw,Basinga Balaalu,Srinidhi Nerella / Kalyan Keys / Swamy Naresh,,,"Basinga Balaalu Srinidhi Nerella , Kalyan Keys & Swamy Naresh"
2026-09-28,global,Global,top_videos_daily,,12,https://i.ytimg.com/vi/fRIhCiUVaKs/mqdefault.jpg,https://www.youtube.com/watch?v=fRIhCiUVaKs,BbY WOW (Visualizer),Judeline / rusowsky,,,BbY WOW (Visualizer) Judeline & rusowsky
2026-09-28,global,Global,top_videos_daily,,13,https://i.ytimg.com/vi/YyepU5ztLf4/mqdefault.jpg,https://www.youtube.com/watch?v=YyepU5ztLf4,Shararat,Madhubanti Bagchi / 雅斯文·桑德拉斯 / 沙赫瓦特·薩赫迪夫,,,"Shararat Madhubanti Bagchi , 雅斯文·桑德拉斯 & 沙赫瓦特·薩赫迪夫"
2026-09-28,global,Global,top_videos_daily,,14,https://i.ytimg.com/vi/iAtoZar5W58/mqdefault.jpg,https://www.youtube.com/watch?v=iAtoZar5W58,Aaya Sher,Jangi Reddy / Arjun Chandy / 安尼魯德・瑞維奇德 / Kasarla Shyam,,,"Aaya Sher Jangi Reddy , Arjun Chandy , 安尼魯德・瑞維奇德 & Kasarla Shyam"
2026-09-28,global,Global,top_videos_daily,,15,https://i.ytimg.com/vi/3DcoC8p9az8/mqdefault.jpg,https://www.youtube.com/watch?v=3DcoC8p9az8,Training Season (Live),Dua Lipa,,,Training Season (Live) Dua Lipa
2026-09-28,global,Global,top_videos_daily,,16,https://i.ytimg.com/vi/is8UDe2PhKQ/mqdefault.jpg,https://www.youtube.com/watch?v=is8UDe2PhKQ,KATSEYE (캣츠아이) 'Hootie Frutti' Official MV,KATSEYE,,,KATSEYE (캣츠아이) 'Hootie Frutti' Official MV KATSEYE
2026-09-28,global,Global,top_videos_daily,,17,https://i.ytimg.com/vi/FzG4uDgje3M/mqdefault.jpg,https://www.youtube.com/watch?v=FzG4uDgje3M,Dame Tu Cosita,Dancing Green Alien / El Chombo,,,Dame Tu Cosita Dancing Green Alien & El Chombo
2026-09-28,global,Global,top_videos_daily,,18,https://i.ytimg.com/vi/kwwdY1bp-Ck/mqdefault.jpg,https://www.youtube.com/watch?v=kwwdY1bp-Ck,Todo Lo Fue,Lenin Ramirez,,,Todo Lo Fue Lenin Ramirez
2026-09-28,global,Global,top_videos_daily,,19,https://i.ytimg.com/vi/MYFFA242azM/mqdefault.jpg,https://www.youtube.com/watch?v=MYFFA242azM,Natanael Cano x Tito Double P x Victor Mendivil x Ovi - OLIVIA LA FLAKA [Oficial Video],Natanael Cano,,,Natanael Cano x Tito Double P x Victor Mendivil x Ovi - OLIVIA LA FLAKA [Oficial Video] Natanael Cano
2026-09-28,global,Global,top_videos_daily,,20,https://i.ytimg.com/vi/zoBTw-1vzyY/mqdefault.jpg,https://www.youtube.com/watch?v=zoBTw-1vzyY,"Endhayya Saami | Ranabaali | Full Song | Vijay Deverakonda, Rashmika | Rahul Sankrityan | Ajay–Atul",T-Series Telugu,,,"Endhayya Saami | Ranabaali | Full Song | Vijay Deverakonda, Rashmika | Rahul Sankrityan | Ajay–Atul T-Series Telugu"
2026-09-28,global,Global,top_videos_daily,,21,https://i.ytimg.com/vi/z5y8Clp_TdE/mqdefault.jpg,https://www.youtube.com/watch?v=z5y8Clp_TdE,KALYANI (Remix),舒蕾亞·戈沙爾 / ARJN / FIFTY4 / KDS,,,"KALYANI (Remix) 舒蕾亞·戈沙爾 , ARJN , FIFTY4 & KDS"
2026-09-28,global,Global,top_videos_daily,,22,https://i.ytimg.com/vi/FyS5dAywkEo/mqdefault.jpg,https://www.youtube.com/watch?v=FyS5dAywkEo,SaWaDiKa (Official Music Video),LISA,,,SaWaDiKa (Official Music Video) LISA
2026-09-28,global,Global,top_videos_daily,,23,https://i.ytimg.com/vi/m7k9UMcHbr0/mqdefault.jpg,https://www.youtube.com/watch?v=m7k9UMcHbr0,"KATSEYE (캣츠아이) ""Animal"" Official MV",KATSEYE,,,"KATSEYE (캣츠아이) ""Animal"" Official MV KATSEYE"
2026-09-28,global,Global,top_videos_daily,,24,https://i.ytimg.com/vi/jR3rWCBeO6M/mqdefault.jpg,https://www.youtube.com/watch?v=jR3rWCBeO6M,"Radhimaa [From ""Think Indie""]",Asma Teji / Sai Abhyankkar / Vivek / Nargis Teji,,,"Radhimaa [From ""Think Indie""] Asma Teji , Sai Abhyankkar , Vivek & Nargis Teji"
2026-09-28,global,Global,top_videos_daily,,25,https://i.ytimg.com/vi/rjfxLq3OQ0w/mqdefault.jpg,https://www.youtube.com/watch?v=rjfxLq3OQ0w,Parvati,Sadhu Tiwari,,,Parvati Sadhu Tiwari
2026-09-28,global,Global,top_videos_daily,,26,https://i.ytimg.com/vi/RO75uUZiAw0/mqdefault.jpg,https://www.youtube.com/watch?v=RO75uUZiAw0,Teh Hijau,圖魯斯,"6月 29, 2026",1834782,"26 6 Teh Hijau 圖魯斯 6月 29, 2026 32 83 1,834,782"
2026-09-28,global,Global,top_videos_daily,,27,https://i.ytimg.com/vi/ko70cExuzZM/mqdefault.jpg,https://www.youtube.com/watch?v=ko70cExuzZM,The Fate of Ophelia,Taylor Swift,,,The Fate of Ophelia Taylor Swift
2026-09-28,global,Global,top_videos_daily,,28,https://i.ytimg.com/vi/Pq7UxbWeRU0/mqdefault.jpg,https://www.youtube.com/watch?v=Pq7UxbWeRU0,GHOSTFACE KILLAH (Official Video) | Sidhu Moose Wala | Mxrci | Navkaran Brar,Sidhu Moose Wala,,,GHOSTFACE KILLAH (Official Video) | Sidhu Moose Wala | Mxrci | Navkaran Brar Sidhu Moose Wala
2026-09-28,global,Global,top_videos_daily,,29,https://i.ytimg.com/vi/5Y3a06rJjoU/mqdefault.jpg,https://www.youtube.com/watch?v=5Y3a06rJjoU,Garee2a Awy (Live),TUL8TE,,,Garee2a Awy (Live) TUL8TE
2026-09-28,global,Global,top_videos_daily,,30,https://i.ytimg.com/vi/2yreX_ZCfgM/mqdefault.jpg,https://www.youtube.com/watch?v=2yreX_ZCfgM,Peão Todo Tatuado,Mariana Fagundes / jeninho,,,Peão Todo Tatuado Mariana Fagundes & jeninho
2026-09-28,global,Global,top_videos_daily,,31,https://i.ytimg.com/vi/8F2s8ivKXNY/mqdefault.jpg,https://www.youtube.com/watch?v=8F2s8ivKXNY,Life Goes On,Oliver Tree,,,Life Goes On Oliver Tree
2026-09-28,global,Global,top_videos_daily,,32,https://i.ytimg.com/vi/-1SgFHqxjlw/mqdefault.jpg,https://www.youtube.com/watch?v=-1SgFHqxjlw,SxyCip - Love All Day (Official Music Video),SxyCip,,,SxyCip - Love All Day (Official Music Video) SxyCip
2026-09-28,global,Global,top_videos_daily,,33,https://i.ytimg.com/vi/q2IMrkhSjSA/mqdefault.jpg,https://www.youtube.com/watch?v=q2IMrkhSjSA,ÇOK GÜZEL GÜLÜYORSUN,Blok3 / Poizi,,,ÇOK GÜZEL GÜLÜYORSUN Blok3 & Poizi
2026-09-28,global,Global,top_videos_daily,,34,https://i.ytimg.com/vi/A7ShtPRP2Mc/mqdefault.jpg,https://www.youtube.com/watch?v=A7ShtPRP2Mc,Kayıp Kalp,Blok3,,,Kayıp Kalp Blok3
2026-09-28,global,Global,top_videos_daily,,35,https://i.ytimg.com/vi/SQ4jZ-EAL88/mqdefault.jpg,https://www.youtube.com/watch?v=SQ4jZ-EAL88,Vaaroon Forever (Official Video) | Mirzapur The Movie | Shreya Ghoshal | Romy | Anand B | Ginny D,阿南德·巴斯卡爾,,,Vaaroon Forever (Official Video) | Mirzapur The Movie | Shreya Ghoshal | Romy | Anand B | Ginny D 阿南德·巴斯卡爾
2026-09-28,global,Global,top_videos_daily,,36,https://i.ytimg.com/vi/69L-nKRY3ac/mqdefault.jpg,https://www.youtube.com/watch?v=69L-nKRY3ac,Sebebi Yar,Blok3,,,Sebebi Yar Blok3
2026-09-28,global,Global,top_videos_daily,,37,https://i.ytimg.com/vi/b68HETiNO98/mqdefault.jpg,https://www.youtube.com/watch?v=b68HETiNO98,Pavazha Malli,Sai Abhyankkar / Shruti Haasan,,,Pavazha Malli Sai Abhyankkar & Shruti Haasan
2026-09-28,global,Global,top_videos_daily,,38,https://i.ytimg.com/vi/qjsOs4Kjr5Q/mqdefault.jpg,https://www.youtube.com/watch?v=qjsOs4Kjr5Q,坂道選抜(乃木坂46×櫻坂46×日向坂46)「Audition」MUSIC VIDEO,青葉坂46 OFFICIAL YouTube CHANNEL,,,坂道選抜(乃木坂46×櫻坂46×日向坂46)「Audition」MUSIC VIDEO 青葉坂46 OFFICIAL YouTube CHANNEL
2026-09-28,global,Global,top_videos_daily,,39,https://i.ytimg.com/vi/jfVVXYTZykw/mqdefault.jpg,https://www.youtube.com/watch?v=jfVVXYTZykw,Taylor Swift - Cleveland! (Official Lyric Video),Taylor Swift,,,Taylor Swift - Cleveland! (Official Lyric Video) Taylor Swift
2026-09-28,global,Global,top_videos_daily,,40,https://i.ytimg.com/vi/oafxkMv4xnc/mqdefault.jpg,https://www.youtube.com/watch?v=oafxkMv4xnc,Bairan,Banjaare,"2月 13, 2026",1460004,"40 1 Bairan Banjaare 2月 13, 2026 39 204 1,460,004"
2026-09-28,global,Global,top_videos_daily,,41,https://i.ytimg.com/vi/vutbVGewIcg/mqdefault.jpg,https://www.youtube.com/watch?v=vutbVGewIcg,Las Mas Bonitas Son P*tas,Anuel AA,,,Las Mas Bonitas Son P*tas Anuel AA
2026-09-28,global,Global,top_videos_daily,,42,https://i.ytimg.com/vi/F2m4HPLvj-4/mqdefault.jpg,https://www.youtube.com/watch?v=F2m4HPLvj-4,Jaiye Sajana,雅斯文·桑德拉斯 / 施廷德·薩爾塔 / 沙赫瓦特·薩赫迪夫,,,"Jaiye Sajana 雅斯文·桑德拉斯 , 施廷德·薩爾塔 & 沙赫瓦特·薩赫迪夫"
2026-09-28,global,Global,top_videos_daily,,43,https://i.ytimg.com/vi/bMhDJ0S0OBA/mqdefault.jpg,https://www.youtube.com/watch?v=bMhDJ0S0OBA,It's Me,ILLIT,"4月 30, 2026",1425439,"43 4 It's Me ILLIT 4月 30, 2026 47 150 1,425,439"
2026-09-28,global,Global,top_videos_daily,,44,https://i.ytimg.com/vi/W3mlJNg0pzE/mqdefault.jpg,https://www.youtube.com/watch?v=W3mlJNg0pzE,SaWaDiKa,LISA,"9月 25, 2026",1419869,"44 2 SaWaDiKa LISA 9月 25, 2026 46 2 1,419,869"
2026-09-28,global,Global,top_videos_daily,,45,https://i.ytimg.com/vi/6rvUyBiBtik/mqdefault.jpg,https://www.youtube.com/watch?v=6rvUyBiBtik,Tera Mera Rishta,Sayeed Quadri / Mustafa Zahid / Pritam,,,"Tera Mera Rishta Sayeed Quadri , Mustafa Zahid & Pritam"
2026-09-28,global,Global,top_videos_daily,,46,https://i.ytimg.com/vi/K2quL_v3Lqc/mqdefault.jpg,https://www.youtube.com/watch?v=K2quL_v3Lqc,LEE JISOO - MISMATCH / THE FIRST TAKE,THE FIRST TAKE,,,LEE JISOO - MISMATCH / THE FIRST TAKE THE FIRST TAKE
2026-09-28,global,Global,top_videos_daily,,47,https://i.ytimg.com/vi/cL0KKSPjZf8/mqdefault.jpg,https://www.youtube.com/watch?v=cL0KKSPjZf8,Boom Shaka,KR$NA / Dhanda Nyoliwala,,,Boom Shaka KR$NA & Dhanda Nyoliwala
2026-09-28,global,Global,top_videos_daily,,48,https://i.ytimg.com/vi/u9BdaJTWeiw/mqdefault.jpg,https://www.youtube.com/watch?v=u9BdaJTWeiw,Barbaadi,Shilpi Raj,,,Barbaadi Shilpi Raj
2026-09-28,global,Global,top_videos_daily,,49,https://i.ytimg.com/vi/1P2Cin0qTI4/mqdefault.jpg,https://www.youtube.com/watch?v=1P2Cin0qTI4,Bessan Ismail - 3AL 3EIN (Official Music Video) | بيسان اسماعيل - عالعين,Bessan Ismail,,,Bessan Ismail - 3AL 3EIN (Official Music Video) | بيسان اسماعيل - عالعين Bessan Ismail
2026-09-28,global,Global,top_videos_daily,,50,https://i.ytimg.com/vi/BpR280fXISA/mqdefault.jpg,https://www.youtube.com/watch?v=BpR280fXISA,Taylor Swift - Patient Zero (Official Lyric Video),Taylor Swift,,,Taylor Swift - Patient Zero (Official Lyric Video) Taylor Swift
2026-09-28,global,Global,top_videos_daily,,51,https://i.ytimg.com/vi/-FBwd9cWJoQ/mqdefault.jpg,https://www.youtube.com/watch?v=-FBwd9cWJoQ,Kırgınım,Blok3,"6月 4, 2026",1357267,"51 9 Kırgınım Blok3 6月 4, 2026 42 107 1,357,267"
2026-09-28,global,Global,top_videos_daily,,52,https://i.ytimg.com/vi/Md7kqHsWWs4/mqdefault.jpg,https://www.youtube.com/watch?v=Md7kqHsWWs4,Six Seven,Laurinha Costa / SoundMusic Original / Dj Cabello / Dj Tchouzen,,,"Six Seven Laurinha Costa , SoundMusic Original , Dj Cabello & Dj Tchouzen"
2026-09-28,global,Global,top_videos_daily,,53,https://i.ytimg.com/vi/OQac93ARgQE/mqdefault.jpg,https://www.youtube.com/watch?v=OQac93ARgQE,Nano,Saint Levant / TUL8TE,,,Nano Saint Levant & TUL8TE
2026-09-28,global,Global,top_videos_daily,,54,https://i.ytimg.com/vi/6Db-cEgbmC4/mqdefault.jpg,https://www.youtube.com/watch?v=6Db-cEgbmC4,Mi Chico,Jason Derulo,,,Mi Chico Jason Derulo
2026-09-28,global,Global,top_videos_daily,,55,https://i.ytimg.com/vi/27C4pfRsf9g/mqdefault.jpg,https://www.youtube.com/watch?v=27C4pfRsf9g,ICONIC BY MISTAKE,LE SSERAFIM / ILLIT / KATSEYE,,,"ICONIC BY MISTAKE LE SSERAFIM , ILLIT & KATSEYE"
2026-09-28,global,Global,top_videos_daily,,56,https://i.ytimg.com/vi/bpHBIO-Ridc/mqdefault.jpg,https://www.youtube.com/watch?v=bpHBIO-Ridc,アイデンティティ - identity,Kanaria,,,アイデンティティ - identity Kanaria
2026-09-28,global,Global,top_videos_daily,,57,https://i.ytimg.com/vi/Y1L01J5fhDY/mqdefault.jpg,https://www.youtube.com/watch?v=Y1L01J5fhDY,"O Mere Saajan (Special Surprise) [From ""Ranabaali""]",Kshitij Patwardhan / 阿傑-阿圖爾 / Shweta Mohan / Javed Ali,,,"O Mere Saajan (Special Surprise) [From ""Ranabaali""] Kshitij Patwardhan , 阿傑-阿圖爾 , Shweta Mohan & Javed Ali"
2026-09-28,global,Global,top_videos_daily,,58,https://i.ytimg.com/vi/elNce4ixLmE/mqdefault.jpg,https://www.youtube.com/watch?v=elNce4ixLmE,Hootie Frutti,KATSEYE,,,Hootie Frutti KATSEYE
2026-09-28,global,Global,top_videos_daily,,59,https://i.ytimg.com/vi/7w7LUaLpM4E/mqdefault.jpg,https://www.youtube.com/watch?v=7w7LUaLpM4E,MALLEPOOLA PALLAKI 8K VIDEO | RAVI TEJA | GV PRAKASH | DAPPU SRINU | IRUMUDI | AYYAPPA SONG,Sunkara Anjaneyulu / Yugabharathi / G.V. Prakash Kumar / Velmurugan,,,"MALLEPOOLA PALLAKI 8K VIDEO | RAVI TEJA | GV PRAKASH | DAPPU SRINU | IRUMUDI | AYYAPPA SONG Sunkara Anjaneyulu , Yugabharathi , G.V. Prakash Kumar & Velmurugan"
2026-09-28,global,Global,top_videos_daily,,60,https://i.ytimg.com/vi/zC3UbTf4qrM/mqdefault.jpg,https://www.youtube.com/watch?v=zC3UbTf4qrM,YA BABA (FITNA FAREBI),阿米塔布·巴塔查亞 / Nakash Aziz,,,YA BABA (FITNA FAREBI) 阿米塔布·巴塔查亞 & Nakash Aziz
2026-09-28,global,Global,top_videos_daily,,61,https://i.ytimg.com/vi/kG0z7hwY3as/mqdefault.jpg,https://www.youtube.com/watch?v=kG0z7hwY3as,Debut,KATSEYE,"7月 2, 2024",1148073,"61 5 Debut KATSEYE 7月 2, 2024 66 49 1,148,073"
2026-09-28,global,Global,top_videos_daily,,62,https://i.ytimg.com/vi/QnQnz9G2LNw/mqdefault.jpg,https://www.youtube.com/watch?v=QnQnz9G2LNw,MALLEPOOLA PALLAKI (Song) | Ravi Teja | GV Prakash | Dappu Srinu | Shiva Nirvana | Irumudi,Sunkara Anjaneyulu / Yugabharathi / G.V. Prakash Kumar / Velmurugan,,,"MALLEPOOLA PALLAKI (Song) | Ravi Teja | GV Prakash | Dappu Srinu | Shiva Nirvana | Irumudi Sunkara Anjaneyulu , Yugabharathi , G.V. Prakash Kumar & Velmurugan"
2026-09-28,global,Global,top_videos_daily,,63,https://i.ytimg.com/vi/awftKqYV8Ss/mqdefault.jpg,https://www.youtube.com/watch?v=awftKqYV8Ss,Mon Befana | মন বেফানা | Ashraful Pavel x Tosiba Begum | তোমারে নো ভালা লাগছে আমার দুই নয়নে,Ashraful Pavel,,,Mon Befana | মন বেফানা | Ashraful Pavel x Tosiba Begum | তোমারে নো ভালা লাগছে আমার দুই নয়নে Ashraful Pavel
2026-09-28,global,Global,top_videos_daily,,64,https://i.ytimg.com/vi/FCRb4kjnRx4/mqdefault.jpg,https://www.youtube.com/watch?v=FCRb4kjnRx4,Chhathi Maiya - The VVAAN | Sidharth Malhotra & Tamannaah | Vishal Mishra | Kaushal K | Chinni P,Kaushal Kishore / Kalpana,,,Chhathi Maiya - The VVAAN | Sidharth Malhotra & Tamannaah | Vishal Mishra | Kaushal K | Chinni P Kaushal Kishore & Kalpana
2026-09-28,global,Global,top_videos_daily,,65,https://i.ytimg.com/vi/PkMKJEkE8Mo/mqdefault.jpg,https://www.youtube.com/watch?v=PkMKJEkE8Mo,Gnarly,KATSEYE,"5月 5, 2025",1082476,"65 8 Gnarly KATSEYE 5月 5, 2025 73 34 1,082,476"
2026-09-28,global,Global,top_videos_daily,,66,https://i.ytimg.com/vi/jA0gY6P-qmw/mqdefault.jpg,https://www.youtube.com/watch?v=jA0gY6P-qmw,Vibe Venuma - Music Video | Meesaya Murukku 2 | Hiphop Tamizha | VJ Siddhu | Harshath Khan,Saregama Tamil,,,Vibe Venuma - Music Video | Meesaya Murukku 2 | Hiphop Tamizha | VJ Siddhu | Harshath Khan Saregama Tamil
2026-09-28,global,Global,top_videos_daily,,67,https://i.ytimg.com/vi/x9yop0nYR9g/mqdefault.jpg,https://www.youtube.com/watch?v=x9yop0nYR9g,HOTEL LOBBY (Unc & Phew) (- A COLORS SHOW),Takeoff / Quavo,,,HOTEL LOBBY (Unc & Phew) (- A COLORS SHOW) Takeoff & Quavo
2026-09-28,global,Global,top_videos_daily,,68,https://i.ytimg.com/vi/tZnNLoPKriU/mqdefault.jpg,https://www.youtube.com/watch?v=tZnNLoPKriU,Taylor Swift - Babylon (Official Lyric Video),Taylor Swift,,,Taylor Swift - Babylon (Official Lyric Video) Taylor Swift
2026-09-28,global,Global,top_videos_daily,,69,https://i.ytimg.com/vi/23cipSExADA/mqdefault.jpg,https://www.youtube.com/watch?v=23cipSExADA,เพราะพี่รักจริง,หนึ่ง บีเคแบนด์,,,เพราะพี่รักจริง หนึ่ง บีเคแบนด์
2026-09-28,global,Global,top_videos_daily,,70,https://i.ytimg.com/vi/7VsejGzcJmM/mqdefault.jpg,https://www.youtube.com/watch?v=7VsejGzcJmM,Alaakaa Loova,Sai Abhyankkar,,,Alaakaa Loova Sai Abhyankkar
2026-09-28,global,Global,top_videos_daily,,71,https://i.ytimg.com/vi/eVTXPUF4Oz4/mqdefault.jpg,https://www.youtube.com/watch?v=eVTXPUF4Oz4,In the End,Linkin Park,,,In the End Linkin Park
2026-09-28,global,Global,top_videos_daily,,72,https://i.ytimg.com/vi/b6pqQKvASf8/mqdefault.jpg,https://www.youtube.com/watch?v=b6pqQKvASf8,SaWaDiKa,LISA,"9月 26, 2026",1045454,"72 New SaWaDiKa LISA 9月 26, 2026 - 1 1,045,454"
2026-09-28,global,Global,top_videos_daily,,73,https://i.ytimg.com/vi/ri1Ar5nEq4s/mqdefault.jpg,https://www.youtube.com/watch?v=ri1Ar5nEq4s,Aaj Ki Raat,Madhubanti Bagchi / Divya Kumar / Sachin-Jigar,,,"Aaj Ki Raat Madhubanti Bagchi , Divya Kumar & Sachin-Jigar"
2026-09-28,global,Global,top_videos_daily,,74,https://i.ytimg.com/vi/rdFCf2_8xbY/mqdefault.jpg,https://www.youtube.com/watch?v=rdFCf2_8xbY,Sulochana,Sanvi Sudeep / Super Subu,,,Sulochana Sanvi Sudeep & Super Subu
2026-09-28,global,Global,top_videos_daily,,75,https://i.ytimg.com/vi/0pg0raFMNIU/mqdefault.jpg,https://www.youtube.com/watch?v=0pg0raFMNIU,Toz Pembe,manifest,,,Toz Pembe manifest
2026-09-28,global,Global,top_videos_daily,,76,https://i.ytimg.com/vi/RBwK3jPz4dk/mqdefault.jpg,https://www.youtube.com/watch?v=RBwK3jPz4dk,Sulochana,Sanvi Sudeep / Super Subu,,,Sulochana Sanvi Sudeep & Super Subu
2026-09-28,global,Global,top_videos_daily,,77,https://i.ytimg.com/vi/kXOKQCtttbw/mqdefault.jpg,https://www.youtube.com/watch?v=kXOKQCtttbw,Taylor Swift - Pink Clouding (Official Lyric Video),Taylor Swift,,,Taylor Swift - Pink Clouding (Official Lyric Video) Taylor Swift
2026-09-28,global,Global,top_videos_daily,,78,https://i.ytimg.com/vi/3sB4Iv_tM7U/mqdefault.jpg,https://www.youtube.com/watch?v=3sB4Iv_tM7U,Nicole Kidman,ADÉLA,,,Nicole Kidman ADÉLA
2026-09-28,global,Global,top_videos_daily,,79,https://i.ytimg.com/vi/4F2jDMgioqk/mqdefault.jpg,https://www.youtube.com/watch?v=4F2jDMgioqk,"Saanson Ko (From ""Zid"")",Toshi Sabri / Arijit Singh,,,"Saanson Ko (From ""Zid"") Toshi Sabri & Arijit Singh"
2026-09-28,global,Global,top_videos_daily,,80,https://i.ytimg.com/vi/Oyw1Eo21q5k/mqdefault.jpg,https://www.youtube.com/watch?v=Oyw1Eo21q5k,Kabze,Bintu Pabra / Shiva Choudhary,,,Kabze Bintu Pabra & Shiva Choudhary
2026-09-28,global,Global,top_videos_daily,,81,https://i.ytimg.com/vi/dTWEFx3DeM8/mqdefault.jpg,https://www.youtube.com/watch?v=dTWEFx3DeM8,Anor,Mirjalol Nematov,,,Anor Mirjalol Nematov
2026-09-28,global,Global,top_videos_daily,,82,https://i.ytimg.com/vi/Elp1SHhSQ9M/mqdefault.jpg,https://www.youtube.com/watch?v=Elp1SHhSQ9M,Tus Mentiras,Moy Bobadilla / Grupo Firme / Hernan Sepulveda / Max Peraza,,,"Tus Mentiras Moy Bobadilla , Grupo Firme , Hernan Sepulveda & Max Peraza"
2026-09-28,global,Global,top_videos_daily,,83,https://i.ytimg.com/vi/qpIdoaaPa6U/mqdefault.jpg,https://www.youtube.com/watch?v=qpIdoaaPa6U,Jeene Laga Hoon (Lyrical),薩辛-吉格爾,,,Jeene Laga Hoon (Lyrical) 薩辛-吉格爾
2026-09-28,global,Global,top_videos_daily,,84,https://i.ytimg.com/vi/-q_S27LbNKU/mqdefault.jpg,https://www.youtube.com/watch?v=-q_S27LbNKU,BAD,ATEEZ,"6月 25, 2026",947098,"84 10 BAD ATEEZ 6月 25, 2026 74 86 947,098"
2026-09-28,global,Global,top_videos_daily,,85,https://i.ytimg.com/vi/nUsrYVxrDwI/mqdefault.jpg,https://www.youtube.com/watch?v=nUsrYVxrDwI,Choosin' Texas,Ella Langley,,,Choosin' Texas Ella Langley
2026-09-28,global,Global,top_videos_daily,,86,https://i.ytimg.com/vi/CEbB9kdu8ng/mqdefault.jpg,https://www.youtube.com/watch?v=CEbB9kdu8ng,Guzarish,Satinder Sartaaj,,,Guzarish Satinder Sartaaj
2026-09-28,global,Global,top_videos_daily,,87,https://i.ytimg.com/vi/y56D2WIeKxg/mqdefault.jpg,https://www.youtube.com/watch?v=y56D2WIeKxg,DRAKE - QUEBEC,Drake,,,DRAKE - QUEBEC Drake
2026-09-28,global,Global,top_videos_daily,,88,https://i.ytimg.com/vi/9udS0mpi1L4/mqdefault.jpg,https://www.youtube.com/watch?v=9udS0mpi1L4,Udaarian,施廷德·薩爾塔,,,Udaarian 施廷德·薩爾塔
2026-09-28,global,Global,top_videos_daily,,89,https://i.ytimg.com/vi/BbQ3S5_q44Q/mqdefault.jpg,https://www.youtube.com/watch?v=BbQ3S5_q44Q,You,Fujii Kaze,"9月 25, 2026",931432,"89 New You Fujii Kaze 9月 25, 2026 - 1 931,432"
2026-09-28,global,Global,top_videos_daily,,90,https://i.ytimg.com/vi/awWKxGftWh4/mqdefault.jpg,https://www.youtube.com/watch?v=awWKxGftWh4,Dunia Yang Nanti,Raim Laode,,,Dunia Yang Nanti Raim Laode
2026-09-28,global,Global,top_videos_daily,,91,https://i.ytimg.com/vi/ZVVylrAkmfg/mqdefault.jpg,https://www.youtube.com/watch?v=ZVVylrAkmfg,CRUSH - BENİM OLSANA | Official Music Video,CRUSH,,,CRUSH - BENİM OLSANA | Official Music Video CRUSH
2026-09-28,global,Global,top_videos_daily,,92,https://i.ytimg.com/vi/TX-1dI8t6WM/mqdefault.jpg,https://www.youtube.com/watch?v=TX-1dI8t6WM,AMOR,Emmanuel Cortes,,,AMOR Emmanuel Cortes
2026-09-28,global,Global,top_videos_daily,,93,https://i.ytimg.com/vi/I_46tPHvVOw/mqdefault.jpg,https://www.youtube.com/watch?v=I_46tPHvVOw,DICHAVATE,Ya Ice Dilan / Rey Tony / Helabusador / JipMusic Global / dj honda,,,"DICHAVATE Ya Ice Dilan , Rey Tony , Helabusador , JipMusic Global & dj honda"
2026-09-28,global,Global,top_videos_daily,,94,https://i.ytimg.com/vi/JAXkwpamrgg/mqdefault.jpg,https://www.youtube.com/watch?v=JAXkwpamrgg,YAAD HAI NA,吉特·甘古利 / Arijit Singh,,,YAAD HAI NA 吉特·甘古利 & Arijit Singh
2026-09-28,global,Global,top_videos_daily,,95,https://i.ytimg.com/vi/lhCPiauHI-g/mqdefault.jpg,https://www.youtube.com/watch?v=lhCPiauHI-g,Lord Verity - Master of Humanity (song),Horror Skunx,,,Lord Verity - Master of Humanity (song) Horror Skunx
2026-09-28,global,Global,top_videos_daily,,96,https://i.ytimg.com/vi/N0KfiOTSpxs/mqdefault.jpg,https://www.youtube.com/watch?v=N0KfiOTSpxs,"Kalyana Virundhu (From ""Dorothy"")",安東尼·達桑 / 普里亞·傑森 / Ilaiyaraaja / Yugendran Vasudevan,,,"Kalyana Virundhu (From ""Dorothy"") 安東尼·達桑 , 普里亞·傑森 , Ilaiyaraaja & Yugendran Vasudevan"
2026-09-28,global,Global,top_videos_daily,,97,https://i.ytimg.com/vi/sPEcx5UBh6M/mqdefault.jpg,https://www.youtube.com/watch?v=sPEcx5UBh6M,"Yeh Prem Mol Liya- Title Track | Ayushmann, Sharvari, Sooraj Barjatya | Himesh Reshammiya | Shreya G",Himesh Reshammiya,,,"Yeh Prem Mol Liya- Title Track | Ayushmann, Sharvari, Sooraj Barjatya | Himesh Reshammiya | Shreya G Himesh Reshammiya"
2026-09-28,global,Global,top_videos_daily,,98,https://i.ytimg.com/vi/1a3REFH83WA/mqdefault.jpg,https://www.youtube.com/watch?v=1a3REFH83WA,El Mayor de los Ranas (En Vivo),Grupo Marca Registrada / Victor Valverde,,,El Mayor de los Ranas (En Vivo) Grupo Marca Registrada & Victor Valverde
2026-09-28,global,Global,top_videos_daily,,99,https://i.ytimg.com/vi/951O1nUEKOE/mqdefault.jpg,https://www.youtube.com/watch?v=951O1nUEKOE,Joel Lwaga x Diamond Platnumz - Nikumbuke (Official Video),Joel Lwaga,,,Joel Lwaga x Diamond Platnumz - Nikumbuke (Official Video) Joel Lwaga
2026-09-28,global,Global,top_videos_daily,,100,https://i.ytimg.com/vi/P-gPYtr2cGU/mqdefault.jpg,https://www.youtube.com/watch?v=P-gPYtr2cGU,Seethakoka,Ahmed Khan Durani (AKD),,,Seethakoka Ahmed Khan Durani (AKD)
2026-09-28,tw,Taiwan,top_videos_daily,,1,https://i.ytimg.com/vi/YacpC7sUXMM/mqdefault.jpg,https://www.youtube.com/watch?v=YacpC7sUXMM,甲乙丙丁Strangers (伴奏),李佳薇,,,甲乙丙丁Strangers (伴奏) 李佳薇
2026-09-28,tw,Taiwan,top_videos_daily,,2,https://i.ytimg.com/vi/eJXL4-4m5nY/mqdefault.jpg,https://www.youtube.com/watch?v=eJXL4-4m5nY,BTS (방탄소년단) ‘Merry Go Round’ Official MV,防彈少年團,,,BTS (방탄소년단) ‘Merry Go Round’ Official MV 防彈少年團
2026-09-28,tw,Taiwan,top_videos_daily,,3,https://i.ytimg.com/vi/7mDDM0eBWR0/mqdefault.jpg,https://www.youtube.com/watch?v=7mDDM0eBWR0,소연 (SOYEON) '퇴사할게여 (Narr. 기안84)' Official Music Video,i-dle (아이들),,,소연 (SOYEON) '퇴사할게여 (Narr. 기안84)' Official Music Video i-dle (아이들)
2026-09-28,tw,Taiwan,top_videos_daily,,4,https://i.ytimg.com/vi/mQUek1GYfvs/mqdefault.jpg,https://www.youtube.com/watch?v=mQUek1GYfvs,對等關係,李榮浩,"1月 27, 2022",67551,"4 2 對等關係 李榮浩 1月 27, 2022 6 17 67,551"
2026-09-28,tw,Taiwan,top_videos_daily,,5,https://i.ytimg.com/vi/i5YRIjxyJP8/mqdefault.jpg,https://www.youtube.com/watch?v=i5YRIjxyJP8,太陽與地球,盧廣仲,"9月 16, 2025",67287,"5 1 太陽與地球 盧廣仲 9月 16, 2025 4 153 67,287"
2026-09-28,tw,Taiwan,top_videos_daily,,6,https://i.ytimg.com/vi/eB-IK2wPWzw/mqdefault.jpg,https://www.youtube.com/watch?v=eB-IK2wPWzw,BAD,ATEEZ,"8月 1, 2026",66046,"6 1 BAD ATEEZ 8月 1, 2026 5 55 66,046"
2026-09-28,tw,Taiwan,top_videos_daily,,7,https://i.ytimg.com/vi/-q_S27LbNKU/mqdefault.jpg,https://www.youtube.com/watch?v=-q_S27LbNKU,BAD,ATEEZ,"6月 25, 2026",64035,"7 ● BAD ATEEZ 6月 25, 2026 7 93 64,035"
2026-09-28,tw,Taiwan,top_videos_daily,,8,https://i.ytimg.com/vi/3rB3n_XR23o/mqdefault.jpg,https://www.youtube.com/watch?v=3rB3n_XR23o,我不該動情,老闆,"7月 1, 2026",63212,"8 ● 我不該動情 老板 7月 1, 2026 8 84 63,212"
2026-09-28,tw,Taiwan,top_videos_daily,,9,https://i.ytimg.com/vi/06UY21yZyQY/mqdefault.jpg,https://www.youtube.com/watch?v=06UY21yZyQY,日本房間,蛋堡,"9月 23, 2026",63016,"9 6 日本房間 蛋堡 9月 23, 2026 3 4 63,016"
2026-09-28,tw,Taiwan,top_videos_daily,,10,https://i.ytimg.com/vi/p13tH7Etlzc/mqdefault.jpg,https://www.youtube.com/watch?v=p13tH7Etlzc,離開我的依賴,王艷薇,"2月 17, 2020",57066,"10 ● 離開我的依賴 王艷薇 2月 17, 2020 10 137 57,066"
2026-09-28,tw,Taiwan,top_videos_daily,,11,https://i.ytimg.com/vi/mpNKrWUhcy8/mqdefault.jpg,https://www.youtube.com/watch?v=mpNKrWUhcy8,不愛就不愛,艾薇,"12月 18, 2024",55434,"11 2 不愛就不愛 艾薇 12月 18, 2024 9 154 55,434"
2026-09-28,tw,Taiwan,top_videos_daily,,12,https://i.ytimg.com/vi/jeRu6h4XbUU/mqdefault.jpg,https://www.youtube.com/watch?v=jeRu6h4XbUU,幸福在歌唱,A-Lin,"12月 26, 2025",51352,"12 1 幸福在歌唱 A-Lin 12月 26, 2025 11 152 51,352"
2026-09-28,tw,Taiwan,top_videos_daily,,13,https://i.ytimg.com/vi/Qe8fa4b5xNU/mqdefault.jpg,https://www.youtube.com/watch?v=Qe8fa4b5xNU,Good Goodbye,HWASA,,,Good Goodbye HWASA
2026-09-28,tw,Taiwan,top_videos_daily,,14,https://i.ytimg.com/vi/376utoTabMI/mqdefault.jpg,https://www.youtube.com/watch?v=376utoTabMI,看著我的眼睛說,張遠 / 姚曉棠,,,看着我的眼睛说 张远 & 姚晓棠
2026-09-28,tw,Taiwan,top_videos_daily,,15,https://i.ytimg.com/vi/dRSZhZT6r-Y/mqdefault.jpg,https://www.youtube.com/watch?v=dRSZhZT6r-Y,沒有人像我,宇宙人,"7月 2, 2026",42129,"15 1 沒有人像我 宇宙人 7月 2, 2026 16 84 42,129"
2026-09-28,tw,Taiwan,top_videos_daily,,16,https://i.ytimg.com/vi/W3mlJNg0pzE/mqdefault.jpg,https://www.youtube.com/watch?v=W3mlJNg0pzE,SaWaDiKa,LISA,"9月 25, 2026",40348,"16 New SaWaDiKa LISA 9月 25, 2026 - 1 40,348"
2026-09-28,tw,Taiwan,top_videos_daily,,17,https://i.ytimg.com/vi/bMhDJ0S0OBA/mqdefault.jpg,https://www.youtube.com/watch?v=bMhDJ0S0OBA,It's Me,ILLIT,"4月 30, 2026",40040,"17 ● It's Me ILLIT 4月 30, 2026 17 150 40,040"
2026-09-28,tw,Taiwan,top_videos_daily,,18,https://i.ytimg.com/vi/Lufa9QAFFeY/mqdefault.jpg,https://www.youtube.com/watch?v=Lufa9QAFFeY,new trick,ROSÉ,"9月 17, 2026",39358,"18 5 new trick ROSÉ 9月 17, 2026 13 9 39,358"
2026-09-28,tw,Taiwan,top_videos_daily,,19,https://i.ytimg.com/vi/8SsctW_2ICc/mqdefault.jpg,https://www.youtube.com/watch?v=8SsctW_2ICc,Good Goodbye,HWASA,,,Good Goodbye HWASA
2026-09-28,tw,Taiwan,top_videos_daily,,20,https://i.ytimg.com/vi/naoGk-Zjc1s/mqdefault.jpg,https://www.youtube.com/watch?v=naoGk-Zjc1s,SUGAR HONEY ICE TEA,BABYMONSTER,,,SUGAR HONEY ICE TEA BABYMONSTER
2026-09-28,tw,Taiwan,top_videos_daily,,21,https://i.ytimg.com/vi/9cS2wv6AfHk/mqdefault.jpg,https://www.youtube.com/watch?v=9cS2wv6AfHk,I LIKE IT,BABYMONSTER,,,I LIKE IT BABYMONSTER
2026-09-28,tw,Taiwan,top_videos_daily,,22,https://i.ytimg.com/vi/x3eqqoZPV_E/mqdefault.jpg,https://www.youtube.com/watch?v=x3eqqoZPV_E,춤 (CHOOM),BABYMONSTER,,,춤 (CHOOM) BABYMONSTER
2026-09-28,tw,Taiwan,top_videos_daily,,23,https://i.ytimg.com/vi/FyS5dAywkEo/mqdefault.jpg,https://www.youtube.com/watch?v=FyS5dAywkEo,SaWaDiKa (Official Music Video),LISA,,,SaWaDiKa (Official Music Video) LISA
2026-09-28,tw,Taiwan,top_videos_daily,,24,https://i.ytimg.com/vi/83C3TZ4Zm_o/mqdefault.jpg,https://www.youtube.com/watch?v=83C3TZ4Zm_o,LEMONADE,aespa,"5月 28, 2026",35210,"24 ● LEMONADE aespa 5月 28, 2026 24 121 35,210"
2026-09-28,tw,Taiwan,top_videos_daily,,25,https://i.ytimg.com/vi/osyH9yWWygA/mqdefault.jpg,https://www.youtube.com/watch?v=osyH9yWWygA,All For You,周興哲,"7月 16, 2026",31651,"25 2 All For You 周興哲 7月 16, 2026 27 72 31,651"
2026-09-28,tw,Taiwan,top_videos_daily,,26,https://i.ytimg.com/vi/3RwRrxiG5j4/mqdefault.jpg,https://www.youtube.com/watch?v=3RwRrxiG5j4,Dear my crazy soulmate,IU,,,Dear my crazy soulmate IU
2026-09-28,tw,Taiwan,top_videos_daily,,27,https://i.ytimg.com/vi/_G3Nu8q9Z9s/mqdefault.jpg,https://www.youtube.com/watch?v=_G3Nu8q9Z9s,嘉賓,張遠,"6月 12, 2026",30290,"27 2 嘉宾 张远 6月 12, 2026 29 79 30,290"
2026-09-28,tw,Taiwan,top_videos_daily,,28,https://i.ytimg.com/vi/K2quL_v3Lqc/mqdefault.jpg,https://www.youtube.com/watch?v=K2quL_v3Lqc,LEE JISOO - MISMATCH / THE FIRST TAKE,THE FIRST TAKE,,,LEE JISOO - MISMATCH / THE FIRST TAKE THE FIRST TAKE
2026-09-28,tw,Taiwan,top_videos_daily,,29,https://i.ytimg.com/vi/bpHBIO-Ridc/mqdefault.jpg,https://www.youtube.com/watch?v=bpHBIO-Ridc,アイデンティティ - identity,Kanaria,,,アイデンティティ - identity Kanaria
2026-09-28,tw,Taiwan,top_videos_daily,,30,https://i.ytimg.com/vi/RdUV9Ms5GM4/mqdefault.jpg,https://www.youtube.com/watch?v=RdUV9Ms5GM4,IU 'Dear my crazy soulmate' MV,IU,,,IU 'Dear my crazy soulmate' MV IU
2026-09-28,tw,Taiwan,top_videos_daily,,31,https://i.ytimg.com/vi/yd_uG3TtREs/mqdefault.jpg,https://www.youtube.com/watch?v=yd_uG3TtREs,PSYCHO,BABYMONSTER,,,PSYCHO BABYMONSTER
2026-09-28,tw,Taiwan,top_videos_daily,,32,https://i.ytimg.com/vi/IWB0xk9lR88/mqdefault.jpg,https://www.youtube.com/watch?v=IWB0xk9lR88,左轉燈 (1000 Times+1),派偉俊,,1000,左轉燈 (1000 Times+1) 派偉俊
2026-09-28,tw,Taiwan,top_videos_daily,,33,https://i.ytimg.com/vi/5IjQNxvrF5s/mqdefault.jpg,https://www.youtube.com/watch?v=5IjQNxvrF5s,Cover | 晩餐歌 (만찬가) - RIWOO (원곡 : tuki.),BOYNEXTDOOR,,,Cover | 晩餐歌 (만찬가) - RIWOO (원곡 : tuki.) BOYNEXTDOOR
2026-09-28,tw,Taiwan,top_videos_daily,,34,https://i.ytimg.com/vi/3Y0Ut5ozaKs/mqdefault.jpg,https://www.youtube.com/watch?v=3Y0Ut5ozaKs,浪流連,茄子蛋,"9月 26, 2018",25089,"34 10 浪流連 茄子蛋 9月 26, 2018 44 5 25,089"
2026-09-28,tw,Taiwan,top_videos_daily,,35,https://i.ytimg.com/vi/XqVk1Y67jWk/mqdefault.jpg,https://www.youtube.com/watch?v=XqVk1Y67jWk,告五人 [ 好不容易] EDM Cover (蔡恩雨 Priscilla Abby),蔡恩雨,,,告五人 [ 好不容易] EDM Cover (蔡恩雨 Priscilla Abby) 蔡恩雨
2026-09-28,tw,Taiwan,top_videos_daily,,36,https://i.ytimg.com/vi/0ZUo_HhB564/mqdefault.jpg,https://www.youtube.com/watch?v=0ZUo_HhB564,Travel is Meaningful,陳綺貞,,,Travel is Meaningful 陳綺貞
2026-09-28,tw,Taiwan,top_videos_daily,,37,https://i.ytimg.com/vi/jOopfZgVxek/mqdefault.jpg,https://www.youtube.com/watch?v=jOopfZgVxek,「ロウワー」Covered by millsage【期間限定】,millsage,,,「ロウワー」Covered by millsage【期間限定】 millsage
2026-09-28,tw,Taiwan,top_videos_daily,,38,https://i.ytimg.com/vi/FB5-rPa5wBA/mqdefault.jpg,https://www.youtube.com/watch?v=FB5-rPa5wBA,玻璃,Gareth.T,"5月 20, 2026",24057,"38 2 玻璃 Gareth.T 5月 20, 2026 40 129 24,057"
2026-09-28,tw,Taiwan,top_videos_daily,,39,https://i.ytimg.com/vi/ZIvWrKYdMQE/mqdefault.jpg,https://www.youtube.com/watch?v=ZIvWrKYdMQE,浪人的…,張震嶽,"5月 13, 2025",23651,"39 8 浪人的… 張震嶽 5月 13, 2025 47 97 23,651"
2026-09-28,tw,Taiwan,top_videos_daily,,40,https://i.ytimg.com/vi/KQM9hYlMXsI/mqdefault.jpg,https://www.youtube.com/watch?v=KQM9hYlMXsI,ALLDAY PROJECT - ‘DO IT LIKE THIS’ M/V,Coi Leray,,,ALLDAY PROJECT - ‘DO IT LIKE THIS’ M/V Coi Leray
2026-09-28,tw,Taiwan,top_videos_daily,,41,https://i.ytimg.com/vi/0xlNP3tKfa4/mqdefault.jpg,https://www.youtube.com/watch?v=0xlNP3tKfa4,觀自在 (Remix),Marz23,,,觀自在 (Remix) Marz23
2026-09-28,tw,Taiwan,top_videos_daily,,42,https://i.ytimg.com/vi/PIgH3PeeY6g/mqdefault.jpg,https://www.youtube.com/watch?v=PIgH3PeeY6g,你咁擱愛我,林琇琪 / 沈建豪,"7月 16, 2026",23478,"42 6 你咁擱愛我 林琇琪 & 沈建豪 7月 16, 2026 48 71 23,478"
2026-09-28,tw,Taiwan,top_videos_daily,,43,https://i.ytimg.com/vi/9h2sIIfAoZE/mqdefault.jpg,https://www.youtube.com/watch?v=9h2sIIfAoZE,"Tr33 ft. 陳華Hua Chen - 早安，午安，晚安 Text of the day, we used to say (Official MV)",Tr33,,,"Tr33 ft. 陳華Hua Chen - 早安，午安，晚安 Text of the day, we used to say (Official MV) Tr33"
2026-09-28,tw,Taiwan,top_videos_daily,,44,https://i.ytimg.com/vi/7H1ObJvb7Hc/mqdefault.jpg,https://www.youtube.com/watch?v=7H1ObJvb7Hc,【純享版】張碧晨侯明昊老友重逢卻唱盡痛心！演繹李佳薇新歌《甲乙丙丁》 深情對唱層層遞進 將遺憾與不捨唱到極致 #天賜的聲音7 EP11 20260821,天賜的聲音,,20260821,【纯享版】张碧晨侯明昊老友重逢却唱尽痛心！演绎李佳薇新歌《甲乙丙丁》 深情对唱层层递进 将遗憾与不舍唱到极致 #天赐的声音7 EP11 20260821 天赐的声音
2026-09-28,tw,Taiwan,top_videos_daily,,45,https://i.ytimg.com/vi/zlAjS20q9pE/mqdefault.jpg,https://www.youtube.com/watch?v=zlAjS20q9pE,空心 (Live),黃霄雲 / 劉端端,,,空心 (Live) 黃霄雲 & 刘端端
2026-09-28,tw,Taiwan,top_videos_daily,,46,https://i.ytimg.com/vi/ko70cExuzZM/mqdefault.jpg,https://www.youtube.com/watch?v=ko70cExuzZM,The Fate of Ophelia,Taylor Swift,,,The Fate of Ophelia Taylor Swift
2026-09-28,tw,Taiwan,top_videos_daily,,47,https://i.ytimg.com/vi/F7sGJVUrkjQ/mqdefault.jpg,https://www.youtube.com/watch?v=F7sGJVUrkjQ,RUDE!,Hearts2Hearts,,,RUDE! Hearts2Hearts
2026-09-28,tw,Taiwan,top_videos_daily,,48,https://i.ytimg.com/vi/kCA93dLzKP4/mqdefault.jpg,https://www.youtube.com/watch?v=kCA93dLzKP4,一個人,A-Lin,"6月 11, 2026",21734,"48 3 一個人 A-Lin 6月 11, 2026 45 107 21,734"
2026-09-28,tw,Taiwan,top_videos_daily,,49,https://i.ytimg.com/vi/1Qx6ktR3CEk/mqdefault.jpg,https://www.youtube.com/watch?v=1Qx6ktR3CEk,ALLDAY PROJECT - ‘TALK’ M/V,Rain,,,ALLDAY PROJECT - ‘TALK’ M/V Rain
2026-09-28,tw,Taiwan,top_videos_daily,,50,https://i.ytimg.com/vi/x6_mbnsh6VU/mqdefault.jpg,https://www.youtube.com/watch?v=x6_mbnsh6VU,STORM I & II,Gener8ion / Yung Lean,,,STORM I & II Gener8ion & Yung Lean
2026-09-28,tw,Taiwan,top_videos_daily,,51,https://i.ytimg.com/vi/NPqtL1dtrlA/mqdefault.jpg,https://www.youtube.com/watch?v=NPqtL1dtrlA,Love Options(연애의 조건),BESTIE,,,Love Options(연애의 조건) BESTIE
2026-09-28,tw,Taiwan,top_videos_daily,,52,https://i.ytimg.com/vi/tkwD6DLp62k/mqdefault.jpg,https://www.youtube.com/watch?v=tkwD6DLp62k,我甘願重新愛過,玖壹壹,"5月 20, 2026",20769,"52 4 我甘願重新愛過 玖壹壹 5月 20, 2026 56 130 20,769"
2026-09-28,tw,Taiwan,top_videos_daily,,53,https://i.ytimg.com/vi/BbQ3S5_q44Q/mqdefault.jpg,https://www.youtube.com/watch?v=BbQ3S5_q44Q,You,Fujii Kaze,"9月 25, 2026",20677,"53 17 You Fujii Kaze 9月 25, 2026 70 2 20,677"
2026-09-28,tw,Taiwan,top_videos_daily,,54,https://i.ytimg.com/vi/xXZwZ0DolJc/mqdefault.jpg,https://www.youtube.com/watch?v=xXZwZ0DolJc,MOON,BABYMONSTER,,,MOON BABYMONSTER
2026-09-28,tw,Taiwan,top_videos_daily,,55,https://i.ytimg.com/vi/BFAuO-mrhcA/mqdefault.jpg,https://www.youtube.com/watch?v=BFAuO-mrhcA,有你有我,玖壹壹,"6月 16, 2026",20130,"55 2 有你有我 玖壹壹 6月 16, 2026 53 102 20,130"
2026-09-28,tw,Taiwan,top_videos_daily,,56,https://i.ytimg.com/vi/kELXLkU08aY/mqdefault.jpg,https://www.youtube.com/watch?v=kELXLkU08aY,草屯囝仔 Caotun Boyz - 想你的形影 When I Miss you (Official Music Video),草屯囝仔|臭屁嬰仔,,,草屯囝仔 Caotun Boyz - 想你的形影 When I Miss you (Official Music Video) 草屯囝仔|臭屁嬰仔
2026-09-28,tw,Taiwan,top_videos_daily,,57,https://i.ytimg.com/vi/qjKuHtrHkLg/mqdefault.jpg,https://www.youtube.com/watch?v=qjKuHtrHkLg,重逢,林琇琪,"8月 5, 2026",19487,"57 14 重逢 林琇琪 8月 5, 2026 71 52 19,487"
2026-09-28,tw,Taiwan,top_videos_daily,,58,https://i.ytimg.com/vi/8eOs7Zd-690/mqdefault.jpg,https://www.youtube.com/watch?v=8eOs7Zd-690,鹹酸苦汫 (電影《網紅老爸》片尾曲),王識賢 / 麋先生,,,鹹酸苦汫 (電影《網紅老爸》片尾曲) 王識賢 & 麋先生
2026-09-28,tw,Taiwan,top_videos_daily,,59,https://i.ytimg.com/vi/hkqvlacobe4/mqdefault.jpg,https://www.youtube.com/watch?v=hkqvlacobe4,ROSÉ - New Trick (華納官方中字版),華納音樂西洋日韓頻道,,,ROSÉ - New Trick (華納官方中字版) 華納音樂西洋日韓頻道
2026-09-28,tw,Taiwan,top_videos_daily,,60,https://i.ytimg.com/vi/sQDBYHhCvps/mqdefault.jpg,https://www.youtube.com/watch?v=sQDBYHhCvps,綿綿無絕期,黃奇斌,"7月 10, 2026",19138,"60 1 綿綿無絕期 黃奇斌 7月 10, 2026 61 79 19,138"
2026-09-28,tw,Taiwan,top_videos_daily,,61,https://i.ytimg.com/vi/GnSaLQTrvt0/mqdefault.jpg,https://www.youtube.com/watch?v=GnSaLQTrvt0,Good Goodbye,HWASA,,,Good Goodbye HWASA
2026-09-28,tw,Taiwan,top_videos_daily,,62,https://i.ytimg.com/vi/mcJB9H0Nvbc/mqdefault.jpg,https://www.youtube.com/watch?v=mcJB9H0Nvbc,繞路,A-Lin,"4月 29, 2026",19130,"62 2 繞路 A-Lin 4月 29, 2026 60 139 19,130"
2026-09-28,tw,Taiwan,top_videos_daily,,63,https://i.ytimg.com/vi/gN7RBHyXNFk/mqdefault.jpg,https://www.youtube.com/watch?v=gN7RBHyXNFk,別戀,派偉俊,"8月 10, 2026",17863,"63 2 別戀 派偉俊 8月 10, 2026 65 48 17,863"
2026-09-28,tw,Taiwan,top_videos_daily,,64,https://i.ytimg.com/vi/GDsyUtdS1YM/mqdefault.jpg,https://www.youtube.com/watch?v=GDsyUtdS1YM,我不難過,孫燕姿,"7月 20, 2017",17853,"64 14 我不難過 孫燕姿 7月 20, 2017 78 26 17,853"
2026-09-28,tw,Taiwan,top_videos_daily,,65,https://i.ytimg.com/vi/PTaXHjz6okQ/mqdefault.jpg,https://www.youtube.com/watch?v=PTaXHjz6okQ,老朋友,黃奇斌,"8月 28, 2026",17784,"65 4 老朋友 黃奇斌 8月 28, 2026 69 30 17,784"
2026-09-28,tw,Taiwan,top_videos_daily,,66,https://i.ytimg.com/vi/ApXoWvfEYVU/mqdefault.jpg,https://www.youtube.com/watch?v=ApXoWvfEYVU,Sunflower,Post Malone / Swae Lee,,,Sunflower Post Malone & Swae Lee
2026-09-28,tw,Taiwan,top_videos_daily,,67,https://i.ytimg.com/vi/3DcoC8p9az8/mqdefault.jpg,https://www.youtube.com/watch?v=3DcoC8p9az8,Training Season (Live),Dua Lipa,,,Training Season (Live) Dua Lipa
2026-09-28,tw,Taiwan,top_videos_daily,,68,https://i.ytimg.com/vi/sf02ugzPFE4/mqdefault.jpg,https://www.youtube.com/watch?v=sf02ugzPFE4,CLICK,JISOO,"9月 3, 2026",17463,"68 19 CLICK JISOO 9月 3, 2026 87 18 17,463"
2026-09-28,tw,Taiwan,top_videos_daily,,69,https://i.ytimg.com/vi/L8ZnXgbyUuc/mqdefault.jpg,https://www.youtube.com/watch?v=L8ZnXgbyUuc,BIGBANG - ‘BiiiG’ M/V,BIGBANG,,,BIGBANG - ‘BiiiG’ M/V BIGBANG
2026-09-28,tw,Taiwan,top_videos_daily,,70,https://i.ytimg.com/vi/_cTAlxWtmS4/mqdefault.jpg,https://www.youtube.com/watch?v=_cTAlxWtmS4,如果我很平庸,陳華,"6月 5, 2026",16972,"70 7 如果我很平庸 陳華 6月 5, 2026 77 113 16,972"
2026-09-28,tw,Taiwan,top_videos_daily,,71,https://i.ytimg.com/vi/zBCDuw5mRGA/mqdefault.jpg,https://www.youtube.com/watch?v=zBCDuw5mRGA,[IVE-minute] 오늘도 무대에서 귀엽기 성공 ⸜(｡˃ ᵕ ˂,IVE,,,[IVE-minute] 오늘도 무대에서 귀엽기 성공 ⸜(｡˃ ᵕ ˂ )⸝ IVE
2026-09-28,tw,Taiwan,top_videos_daily,,72,https://i.ytimg.com/vi/rNpeCVWahkY/mqdefault.jpg,https://www.youtube.com/watch?v=rNpeCVWahkY,同甘共苦,沈建豪 / 陳淑萍,"7月 6, 2026",16466,"72 16 同甘共苦 沈建豪 & 陳淑萍 7月 6, 2026 88 17 16,466"
2026-09-28,tw,Taiwan,top_videos_daily,,73,https://i.ytimg.com/vi/gkzDC0VD0GI/mqdefault.jpg,https://www.youtube.com/watch?v=gkzDC0VD0GI,"JOSHUA, 韋禮安 WeiBird - ‘Baby Come Home’ Live Clip",SEVENTEEN,,,"JOSHUA, 韋禮安 WeiBird - ‘Baby Come Home’ Live Clip SEVENTEEN"
2026-09-28,tw,Taiwan,top_videos_daily,,74,https://i.ytimg.com/vi/o5EdYwk8k9o/mqdefault.jpg,https://www.youtube.com/watch?v=o5EdYwk8k9o,[MV]GENBLUE幻藍小熊 ’夜市王 Night Market Queen‘ MV,GENBLUE 幻藍小熊,,,[MV]GENBLUE幻藍小熊 ’夜市王 Night Market Queen‘ MV GENBLUE 幻藍小熊
2026-09-28,tw,Taiwan,top_videos_daily,,75,https://i.ytimg.com/vi/2rVheesBCv8/mqdefault.jpg,https://www.youtube.com/watch?v=2rVheesBCv8,理想混蛋 Bestards【最後一個謊 One Last Bouquet】Official Music Video,理想混蛋 Bestards,,,理想混蛋 Bestards【最後一個謊 One Last Bouquet】Official Music Video 理想混蛋 Bestards
2026-09-28,tw,Taiwan,top_videos_daily,,76,https://i.ytimg.com/vi/xsBQtngzcSs/mqdefault.jpg,https://www.youtube.com/watch?v=xsBQtngzcSs,螺旋 (RASEN) (Acoustic Ver.) - RASEN Acoustic Ver,9Lana,,,螺旋 (RASEN) (Acoustic Ver.) - RASEN Acoustic Ver 9Lana
2026-09-28,tw,Taiwan,top_videos_daily,,77,https://i.ytimg.com/vi/oec9R5ypf-o/mqdefault.jpg,https://www.youtube.com/watch?v=oec9R5ypf-o,雨愛,楊丞琳,"10月 29, 2010",15863,"77 8 雨愛 楊丞琳 10月 29, 2010 85 23 15,863"
2026-09-28,tw,Taiwan,top_videos_daily,,78,https://i.ytimg.com/vi/Z8Mqw0b9ADs/mqdefault.jpg,https://www.youtube.com/watch?v=Z8Mqw0b9ADs,青花瓷,周杰倫,"3月 25, 2013",15710,"78 12 青花瓷 周杰倫 3月 25, 2013 90 3 15,710"
2026-09-28,tw,Taiwan,top_videos_daily,,79,https://i.ytimg.com/vi/av8RjbM3aQ0/mqdefault.jpg,https://www.youtube.com/watch?v=av8RjbM3aQ0,愛 請問怎麼走,A-Lin,"11月 23, 2012",14793,"79 7 愛 請問怎麼走 A-Lin 11月 23, 2012 86 48 14,793"
2026-09-28,tw,Taiwan,top_videos_daily,,80,https://i.ytimg.com/vi/15dxI9BPxa4/mqdefault.jpg,https://www.youtube.com/watch?v=15dxI9BPxa4,最後一頁 (Live),王赫野 / 姚曉棠,,,最后一页 (Live) 王赫野 & 姚晓棠
2026-09-28,tw,Taiwan,top_videos_daily,,81,https://i.ytimg.com/vi/6Ycn9qZK09I/mqdefault.jpg,https://www.youtube.com/watch?v=6Ycn9qZK09I,Heavy Serenade,NMIXX,,,Heavy Serenade NMIXX
2026-09-28,tw,Taiwan,top_videos_daily,,82,https://i.ytimg.com/vi/07Qzp6RlybE/mqdefault.jpg,https://www.youtube.com/watch?v=07Qzp6RlybE,ないものねだり / MyGO!!!!! cover ver.,MyGO!!!!!,,,ないものねだり / MyGO!!!!! cover ver. MyGO!!!!!
2026-09-28,tw,Taiwan,top_videos_daily,,83,https://i.ytimg.com/vi/tZnNLoPKriU/mqdefault.jpg,https://www.youtube.com/watch?v=tZnNLoPKriU,Taylor Swift - Babylon (Official Lyric Video),Taylor Swift,,,Taylor Swift - Babylon (Official Lyric Video) Taylor Swift
2026-09-28,tw,Taiwan,top_videos_daily,,84,https://i.ytimg.com/vi/ccviI2q9HTE/mqdefault.jpg,https://www.youtube.com/watch?v=ccviI2q9HTE,【影視劇ost】劉宇寧 | 她《早春晴朗》電視劇欒念人物曲&片頭曲 The Early Spring OST #井柏然 #孫千 #lyrics #早春晴朗,劇好聽,,,【影視劇ost】劉宇寧 | 她《早春晴朗》電視劇欒念人物曲&片頭曲 The Early Spring OST #井柏然 #孫千 #lyrics #早春晴朗 剧好听
2026-09-28,tw,Taiwan,top_videos_daily,,85,https://i.ytimg.com/vi/bESGLojNYSo/mqdefault.jpg,https://www.youtube.com/watch?v=bESGLojNYSo,Poker Face (Official Music Video),Lady Gaga,,,Poker Face (Official Music Video) Lady Gaga
2026-09-28,tw,Taiwan,top_videos_daily,,86,https://i.ytimg.com/vi/jfVVXYTZykw/mqdefault.jpg,https://www.youtube.com/watch?v=jfVVXYTZykw,Taylor Swift - Cleveland! (Official Lyric Video),Taylor Swift,,,Taylor Swift - Cleveland! (Official Lyric Video) Taylor Swift
2026-09-28,tw,Taiwan,top_videos_daily,,87,https://i.ytimg.com/vi/XaN3kUz4KSw/mqdefault.jpg,https://www.youtube.com/watch?v=XaN3kUz4KSw,演員,薛之謙 / 趙英俊,"1月 10, 2025",14089,"87 10 演員 薛之謙 & 赵英俊 1月 10, 2025 97 9 14,089"
2026-09-28,tw,Taiwan,top_videos_daily,,88,https://i.ytimg.com/vi/BpR280fXISA/mqdefault.jpg,https://www.youtube.com/watch?v=BpR280fXISA,Taylor Swift - Patient Zero (Official Lyric Video),Taylor Swift,,,Taylor Swift - Patient Zero (Official Lyric Video) Taylor Swift
2026-09-28,tw,Taiwan,top_videos_daily,,89,https://i.ytimg.com/vi/FGCnM8fZ8bY/mqdefault.jpg,https://www.youtube.com/watch?v=FGCnM8fZ8bY,【MV首播】蕭玉芬 vs 吳勇濱 - 為愛走天涯 (官方完整版MV) HD,豪記唱片 HCM Music,,,【MV首播】蕭玉芬 vs 吳勇濱 - 為愛走天涯 (官方完整版MV) HD 豪記唱片 HCM Music
2026-09-28,tw,Taiwan,top_videos_daily,,90,https://i.ytimg.com/vi/b6pqQKvASf8/mqdefault.jpg,https://www.youtube.com/watch?v=b6pqQKvASf8,SaWaDiKa,LISA,"9月 26, 2026",13708,"90 New SaWaDiKa LISA 9月 26, 2026 - 1 13,708"
2026-09-28,tw,Taiwan,top_videos_daily,,91,https://i.ytimg.com/vi/tywjnqmCNiA/mqdefault.jpg,https://www.youtube.com/watch?v=tywjnqmCNiA,Alex To 杜德偉【天真】 經典MV女主角邱淑貞到場，杜德偉親自致謝 ❤️ 好暖 18.10.2025 香港演唱會 GET UP 起來世界巡迴演唱會 #AlexTo #杜德偉 #杜德偉 #天真,杜德偉 Alex To,,2025,Alex To 杜德偉【天真】 經典MV女主角邱淑貞到場，杜德偉親自致謝 ❤️ 好暖 18.10.2025 香港演唱會 GET UP 起來世界巡迴演唱會 #AlexTo #杜德偉 #杜德伟 #天真 杜德偉 Alex To
2026-09-28,tw,Taiwan,top_videos_daily,,92,https://i.ytimg.com/vi/_Xi_bJS_9wc/mqdefault.jpg,https://www.youtube.com/watch?v=_Xi_bJS_9wc,假如當初,李發發,"7月 13, 2026",13483,"92 3 假如當初 李发发 7月 13, 2026 95 33 13,483"
2026-09-28,tw,Taiwan,top_videos_daily,,93,https://i.ytimg.com/vi/ItSKahBISg0/mqdefault.jpg,https://www.youtube.com/watch?v=ItSKahBISg0,캐치 캐치,YENA,"3月 11, 2026",13479,"93 7 캐치 캐치 YENA 3月 11, 2026 100 79 13,479"
2026-09-28,tw,Taiwan,top_videos_daily,,94,https://i.ytimg.com/vi/kXOKQCtttbw/mqdefault.jpg,https://www.youtube.com/watch?v=kXOKQCtttbw,Taylor Swift - Pink Clouding (Official Lyric Video),Taylor Swift,,,Taylor Swift - Pink Clouding (Official Lyric Video) Taylor Swift
2026-09-28,tw,Taiwan,top_videos_daily,,95,https://i.ytimg.com/vi/Jf-0DeVIBl8/mqdefault.jpg,https://www.youtube.com/watch?v=Jf-0DeVIBl8,情話摻沙,翁立友(WENG LI YOU),,,情話摻沙 翁立友(WENG LI YOU)
2026-09-28,tw,Taiwan,top_videos_daily,,96,https://i.ytimg.com/vi/IwxkGdhkAGU/mqdefault.jpg,https://www.youtube.com/watch?v=IwxkGdhkAGU,Soft Lipa - 給我一點時間 Official Music Video,蛋堡,,,Soft Lipa - 給我一點時間 Official Music Video 蛋堡
2026-09-28,tw,Taiwan,top_videos_daily,,97,https://i.ytimg.com/vi/prmmCg5bKxA/mqdefault.jpg,https://www.youtube.com/watch?v=prmmCg5bKxA,Eenie Meenie,Sean Kingston / Justin Bieber,,,Eenie Meenie Sean Kingston & Justin Bieber
2026-09-28,tw,Taiwan,top_videos_daily,,98,https://i.ytimg.com/vi/lHjqIe9XMCE/mqdefault.jpg,https://www.youtube.com/watch?v=lHjqIe9XMCE,李婷雪 - 你不該權衡利弊『你不該權衡利弊 衡量我的真心，畢竟我從未對你有過虛情假意。』【高音質HD|動態歌詞Lyrics】♫,4K Music Make,,,李婷雪 - 你不該權衡利弊『你不該權衡利弊 衡量我的真心，畢竟我從未對你有過虛情假意。』【高音質HD|動態歌詞Lyrics】♫ 4K Music Make
2026-09-28,tw,Taiwan,top_videos_daily,,99,https://i.ytimg.com/vi/82-jTNka3uc/mqdefault.jpg,https://www.youtube.com/watch?v=82-jTNka3uc,hate that i made you love me,Ariana Grande,,,hate that i made you love me Ariana Grande
2026-09-28,tw,Taiwan,top_videos_daily,,100,https://i.ytimg.com/vi/NOiyDlWl534/mqdefault.jpg,https://www.youtube.com/watch?v=NOiyDlWl534,Catch Catch,YENA,,,Catch Catch YENA
2026-09-28,jp,Japan,top_videos_daily,,1,https://i.ytimg.com/vi/qjsOs4Kjr5Q/mqdefault.jpg,https://www.youtube.com/watch?v=qjsOs4Kjr5Q,坂道選抜(乃木坂46×櫻坂46×日向坂46)「Audition」MUSIC VIDEO,青葉坂46 OFFICIAL YouTube CHANNEL,,,坂道選抜(乃木坂46×櫻坂46×日向坂46)「Audition」MUSIC VIDEO 青葉坂46 OFFICIAL YouTube CHANNEL
2026-09-28,jp,Japan,top_videos_daily,,2,https://i.ytimg.com/vi/K2quL_v3Lqc/mqdefault.jpg,https://www.youtube.com/watch?v=K2quL_v3Lqc,LEE JISOO - MISMATCH / THE FIRST TAKE,THE FIRST TAKE,,,LEE JISOO - MISMATCH / THE FIRST TAKE THE FIRST TAKE
2026-09-28,jp,Japan,top_videos_daily,,3,https://i.ytimg.com/vi/bpHBIO-Ridc/mqdefault.jpg,https://www.youtube.com/watch?v=bpHBIO-Ridc,アイデンティティ - identity,Kanaria,,,アイデンティティ - identity Kanaria
2026-09-28,jp,Japan,top_videos_daily,,4,https://i.ytimg.com/vi/BbQ3S5_q44Q/mqdefault.jpg,https://www.youtube.com/watch?v=BbQ3S5_q44Q,You,Fujii Kaze,"9月 25, 2026",671156,"4 ● You Fujii Kaze 9月 25, 2026 4 2 671,156"
2026-09-28,jp,Japan,top_videos_daily,,5,https://i.ytimg.com/vi/eJXL4-4m5nY/mqdefault.jpg,https://www.youtube.com/watch?v=eJXL4-4m5nY,BTS (방탄소년단) ‘Merry Go Round’ Official MV,防彈少年團,,,BTS (방탄소년단) ‘Merry Go Round’ Official MV 防彈少年團
2026-09-28,jp,Japan,top_videos_daily,,6,https://i.ytimg.com/vi/JpIw7rSLRqc/mqdefault.jpg,https://www.youtube.com/watch?v=JpIw7rSLRqc,時空超えてユニバース - Toki Koete Universe,M!LK,,,時空超えてユニバース - Toki Koete Universe M!LK
2026-09-28,jp,Japan,top_videos_daily,,7,https://i.ytimg.com/vi/KsHKaP50FBE/mqdefault.jpg,https://www.youtube.com/watch?v=KsHKaP50FBE,Yes! 東京,EBiDAN Ebisu Gakuen Boys Club,,,Yes! 東京 EBiDAN Ebisu Gakuen Boys Club
2026-09-28,jp,Japan,top_videos_daily,,8,https://i.ytimg.com/vi/ZVUxJsPfoX8/mqdefault.jpg,https://www.youtube.com/watch?v=ZVUxJsPfoX8,好きすぎて滅！,M!LK,"10月 27, 2025",411102,"8 ● 好きすぎて滅！ M!LK 10月 27, 2025 8 335 411,102"
2026-09-28,jp,Japan,top_videos_daily,,9,https://i.ytimg.com/vi/GlsmJsqXfcI/mqdefault.jpg,https://www.youtube.com/watch?v=GlsmJsqXfcI,Yes! 東京,EBiDAN Ebisu Gakuen Boys Club,,,Yes! 東京 EBiDAN Ebisu Gakuen Boys Club
2026-09-28,jp,Japan,top_videos_daily,,10,https://i.ytimg.com/vi/bMhDJ0S0OBA/mqdefault.jpg,https://www.youtube.com/watch?v=bMhDJ0S0OBA,It's Me,ILLIT,"4月 30, 2026",368474,"10 3 It's Me ILLIT 4月 30, 2026 13 150 368,474"
2026-09-28,jp,Japan,top_videos_daily,,11,https://i.ytimg.com/vi/tpFDnOnOdSQ/mqdefault.jpg,https://www.youtube.com/watch?v=tpFDnOnOdSQ,爆裂愛してる,M!LK,"2月 18, 2026",355511,"11 1 爆裂愛してる M!LK 2月 18, 2026 10 216 355,511"
2026-09-28,jp,Japan,top_videos_daily,,12,https://i.ytimg.com/vi/py4E3QpkgHM/mqdefault.jpg,https://www.youtube.com/watch?v=py4E3QpkgHM,アイドルライフメガパック - IDOL LiFE MEGA PACK,iLiFE!,,,アイドルライフメガパック - IDOL LiFE MEGA PACK iLiFE!
2026-09-28,jp,Japan,top_videos_daily,,13,https://i.ytimg.com/vi/a2GujJZfXpg/mqdefault.jpg,https://www.youtube.com/watch?v=a2GujJZfXpg,スパークル - Sparkle,RADWIMPS,,,スパークル - Sparkle RADWIMPS
2026-09-28,jp,Japan,top_videos_daily,,14,https://i.ytimg.com/vi/3lOsboT-IWU/mqdefault.jpg,https://www.youtube.com/watch?v=3lOsboT-IWU,マイオンリー,SixTONES,"7月 17, 2026",283365,"14 ● マイオンリー SixTONES 7月 17, 2026 14 72 283,365"
2026-09-28,jp,Japan,top_videos_daily,,15,https://i.ytimg.com/vi/0WzUWCS6-X0/mqdefault.jpg,https://www.youtube.com/watch?v=0WzUWCS6-X0,奇跡,Snow Man,"9月 23, 2026",281975,"15 4 奇跡 Snow Man 9月 23, 2026 11 4 281,975"
2026-09-28,jp,Japan,top_videos_daily,,16,https://i.ytimg.com/vi/dePs7UPp6GQ/mqdefault.jpg,https://www.youtube.com/watch?v=dePs7UPp6GQ,Brand New,Mrs. GREEN APPLE,,,Brand New Mrs. GREEN APPLE
2026-09-28,jp,Japan,top_videos_daily,,17,https://i.ytimg.com/vi/aRiVUVNUhIs/mqdefault.jpg,https://www.youtube.com/watch?v=aRiVUVNUhIs,なんもねえ - Nannmonee,Wasureranneyo,,,なんもねえ - Nannmonee Wasureranneyo
2026-09-28,jp,Japan,top_videos_daily,,18,https://i.ytimg.com/vi/RaveH8rwqoo/mqdefault.jpg,https://www.youtube.com/watch?v=RaveH8rwqoo,Shine with U,SixTONES,,,Shine with U SixTONES
2026-09-28,jp,Japan,top_videos_daily,,19,https://i.ytimg.com/vi/NLywx93HWkE/mqdefault.jpg,https://www.youtube.com/watch?v=NLywx93HWkE,マイオンリー - My Only,SixTONES,,,マイオンリー - My Only SixTONES
2026-09-28,jp,Japan,top_videos_daily,,20,https://i.ytimg.com/vi/4J06I7qy7kM/mqdefault.jpg,https://www.youtube.com/watch?v=4J06I7qy7kM,仲川瑠夏 - 朝にならないで / THE FIRST TAKE,Luna Nakagawa,,,仲川瑠夏 - 朝にならないで / THE FIRST TAKE Luna Nakagawa
2026-09-28,jp,Japan,top_videos_daily,,21,https://i.ytimg.com/vi/2I25AFSBm2g/mqdefault.jpg,https://www.youtube.com/watch?v=2I25AFSBm2g,夜の踴り子,魚韻,"9月 26, 2015",239175,"21 10 夜の踊り子 魚韻 9月 26, 2015 31 168 239,175"
2026-09-28,jp,Japan,top_videos_daily,,22,https://i.ytimg.com/vi/EAM2y0ZYryM/mqdefault.jpg,https://www.youtube.com/watch?v=EAM2y0ZYryM,ACEes「Colors」Music Video,ジュニアCHANNEL,,,ACEes「Colors」Music Video ジュニアCHANNEL
2026-09-28,jp,Japan,top_videos_daily,,23,https://i.ytimg.com/vi/5C-luqdmozo/mqdefault.jpg,https://www.youtube.com/watch?v=5C-luqdmozo,時空超えてユニバース - Toki Koete Universe,M!LK,,,時空超えてユニバース - Toki Koete Universe M!LK
2026-09-28,jp,Japan,top_videos_daily,,24,https://i.ytimg.com/vi/B_3DQ8zN7A4/mqdefault.jpg,https://www.youtube.com/watch?v=B_3DQ8zN7A4,千葉雄喜 (Yuki Chiba) ー 死ぬか生きるか (Shinukaikiruka) [Official Music Video],Yuki Chiba,,,千葉雄喜 (Yuki Chiba) ー 死ぬか生きるか (Shinukaikiruka) [Official Music Video] Yuki Chiba
2026-09-28,jp,Japan,top_videos_daily,,25,https://i.ytimg.com/vi/sI_BPOWiW0o/mqdefault.jpg,https://www.youtube.com/watch?v=sI_BPOWiW0o,Be...,Ms.OOJA,"9月 23, 2026",235481,"25 10 Be... Ms.OOJA 9月 23, 2026 35 3 235,481"
2026-09-28,jp,Japan,top_videos_daily,,26,https://i.ytimg.com/vi/YM_YU8HVpWM/mqdefault.jpg,https://www.youtube.com/watch?v=YM_YU8HVpWM,エアロピクルス,KomeAnime,,,エアロピクルス KomeAnime
2026-09-28,jp,Japan,top_videos_daily,,27,https://i.ytimg.com/vi/ikFaEAlO5N0/mqdefault.jpg,https://www.youtube.com/watch?v=ikFaEAlO5N0,"戀、はじめました。 - Koi, Hajimemashita.",=LOVE,,,"恋、はじめました。 - Koi, Hajimemashita. =LOVE"
2026-09-28,jp,Japan,top_videos_daily,,28,https://i.ytimg.com/vi/ML2pL0t7J8U/mqdefault.jpg,https://www.youtube.com/watch?v=ML2pL0t7J8U,メンバー 歌ネタ 「海賊」,メンバー,,,メンバー 歌ネタ 「海賊」 メンバー
2026-09-28,jp,Japan,top_videos_daily,,29,https://i.ytimg.com/vi/3C0EOqt7sqA/mqdefault.jpg,https://www.youtube.com/watch?v=3C0EOqt7sqA,You!Joy!Parade!,M!LK,,,You!Joy!Parade! M!LK
2026-09-28,jp,Japan,top_videos_daily,,30,https://i.ytimg.com/vi/5IjQNxvrF5s/mqdefault.jpg,https://www.youtube.com/watch?v=5IjQNxvrF5s,Cover | 晩餐歌 (만찬가) - RIWOO (원곡 : tuki.),BOYNEXTDOOR,,,Cover | 晩餐歌 (만찬가) - RIWOO (원곡 : tuki.) BOYNEXTDOOR
2026-09-28,jp,Japan,top_videos_daily,,31,https://i.ytimg.com/vi/cz9wgp-DU0A/mqdefault.jpg,https://www.youtube.com/watch?v=cz9wgp-DU0A,DIGITAL GIRL (Visualizer),Number_i,,,DIGITAL GIRL (Visualizer) Number_i
2026-09-28,jp,Japan,top_videos_daily,,32,https://i.ytimg.com/vi/iMwCWsAa-HA/mqdefault.jpg,https://www.youtube.com/watch?v=iMwCWsAa-HA,新橫揺れ】今流行りの橫揺れを本気で歌って踴ってみた。令和走りまで大渋滯したw,REALPIECE,,,新横揺れ】今流行りの横揺れを本気で歌って踊ってみた。令和走りまで大渋滞したw REALPIECE
2026-09-28,jp,Japan,top_videos_daily,,33,https://i.ytimg.com/vi/7VqCdhFGE78/mqdefault.jpg,https://www.youtube.com/watch?v=7VqCdhFGE78,罪と罰と雨とキス (佐野勇鬥&吉田仁人),M!LK,,,罪と罰と雨とキス (佐野勇斗&吉田仁人) M!LK
2026-09-28,jp,Japan,top_videos_daily,,34,https://i.ytimg.com/vi/hZZDRXyEtlc/mqdefault.jpg,https://www.youtube.com/watch?v=hZZDRXyEtlc,打首獄門同好會「ちょうどいい」,打首獄門同好會,,,打首獄門同好会「ちょうどいい」 打首獄門同好會
2026-09-28,jp,Japan,top_videos_daily,,35,https://i.ytimg.com/vi/sBAv1wx4ghE/mqdefault.jpg,https://www.youtube.com/watch?v=sBAv1wx4ghE,見知らぬ糸 - Unknown Thread,SPITZ,,,見知らぬ糸 - Unknown Thread SPITZ
2026-09-28,jp,Japan,top_videos_daily,,36,https://i.ytimg.com/vi/BXbQO2ZcwQk/mqdefault.jpg,https://www.youtube.com/watch?v=BXbQO2ZcwQk,【MV】TEAM KAWAII LAB. 『Over Drive』,KAWAII LAB.,,,【MV】TEAM KAWAII LAB. 『Over Drive』 KAWAII LAB.
2026-09-28,jp,Japan,top_videos_daily,,37,https://i.ytimg.com/vi/uzsSnLLHx5M/mqdefault.jpg,https://www.youtube.com/watch?v=uzsSnLLHx5M,WATCH ME,BE:FIRST,,,WATCH ME BE:FIRST
2026-09-28,jp,Japan,top_videos_daily,,38,https://i.ytimg.com/vi/1DzBKtD3JzI/mqdefault.jpg,https://www.youtube.com/watch?v=1DzBKtD3JzI,Five,嵐,"3月 5, 2026",160954,"38 4 Five 嵐 3月 5, 2026 34 205 160,954"
2026-09-28,jp,Japan,top_videos_daily,,39,https://i.ytimg.com/vi/YjPMupS1Lg4/mqdefault.jpg,https://www.youtube.com/watch?v=YjPMupS1Lg4,烏,米津玄師,"6月 18, 2026",157713,"39 3 烏 米津玄師 6月 18, 2026 36 101 157,713"
2026-09-28,jp,Japan,top_videos_daily,,40,https://i.ytimg.com/vi/ZEBkfRxoHbQ/mqdefault.jpg,https://www.youtube.com/watch?v=ZEBkfRxoHbQ,Doshite,LIGHTSUM,,,Doshite LIGHTSUM
2026-09-28,jp,Japan,top_videos_daily,,41,https://i.ytimg.com/vi/e4M8z1xGTw0/mqdefault.jpg,https://www.youtube.com/watch?v=e4M8z1xGTw0,アイドルパワー (Live),M!LK,,,アイドルパワー (Live) M!LK
2026-09-28,jp,Japan,top_videos_daily,,42,https://i.ytimg.com/vi/nxLLYYgITzc/mqdefault.jpg,https://www.youtube.com/watch?v=nxLLYYgITzc,消えない花火,timelesz,"6月 25, 2026",148350,"42 4 消えない花火 timelesz 6月 25, 2026 38 65 148,350"
2026-09-28,jp,Japan,top_videos_daily,,43,https://i.ytimg.com/vi/3fvsH_cmftg/mqdefault.jpg,https://www.youtube.com/watch?v=3fvsH_cmftg,Division All Stars「Return of the King」Music Video,Channelヒプノシスマイク,,,Division All Stars「Return of the King」Music Video Channelヒプノシスマイク
2026-09-28,jp,Japan,top_videos_daily,,44,https://i.ytimg.com/vi/v4kWR_REDEU/mqdefault.jpg,https://www.youtube.com/watch?v=v4kWR_REDEU,分かっちゃいないね,花隈千冬 / monet,,,分かっちゃいないね 花隈千冬 & monet
2026-09-28,jp,Japan,top_videos_daily,,45,https://i.ytimg.com/vi/MjeiIal1ZR0/mqdefault.jpg,https://www.youtube.com/watch?v=MjeiIal1ZR0,lulu.,Mrs. GREEN APPLE,,,lulu. Mrs. GREEN APPLE
2026-09-28,jp,Japan,top_videos_daily,,46,https://i.ytimg.com/vi/lOpdrEgmYzY/mqdefault.jpg,https://www.youtube.com/watch?v=lOpdrEgmYzY,It's Me,ILLIT,"5月 6, 2026",142875,"46 9 It's Me ILLIT 5月 6, 2026 55 109 142,875"
2026-09-28,jp,Japan,top_videos_daily,,47,https://i.ytimg.com/vi/49xuoRZiLZ4/mqdefault.jpg,https://www.youtube.com/watch?v=49xuoRZiLZ4,エアロピクルス,KomeAnime,,,エアロピクルス KomeAnime
2026-09-28,jp,Japan,top_videos_daily,,48,https://i.ytimg.com/vi/2AuJJ_hyclI/mqdefault.jpg,https://www.youtube.com/watch?v=2AuJJ_hyclI,運命さがし(instrumental) - Unmei Sagashi (Instrumental),macaroni enpitsu,,,運命さがし(instrumental) - Unmei Sagashi (Instrumental) macaroni enpitsu
2026-09-28,jp,Japan,top_videos_daily,,49,https://i.ytimg.com/vi/Lz24PqZkF2s/mqdefault.jpg,https://www.youtube.com/watch?v=Lz24PqZkF2s,HOT LIMIT,T.M.Revolution,,,HOT LIMIT T.M.Revolution
2026-09-28,jp,Japan,top_videos_daily,,50,https://i.ytimg.com/vi/2sKrO1oFQHg/mqdefault.jpg,https://www.youtube.com/watch?v=2sKrO1oFQHg,Yes! 東京 (Instrumental),EBiDAN Ebisu Gakuen Boys Club,,,Yes! 東京 (Instrumental) EBiDAN Ebisu Gakuen Boys Club
2026-09-28,jp,Japan,top_videos_daily,,51,https://i.ytimg.com/vi/s4UW__ysPEM/mqdefault.jpg,https://www.youtube.com/watch?v=s4UW__ysPEM,You,Fujii Kaze,"9月 17, 2026",134244,"51 33 You Fujii Kaze 9月 17, 2026 18 10 134,244"
2026-09-28,jp,Japan,top_videos_daily,,52,https://i.ytimg.com/vi/DXzpRZpF12E/mqdefault.jpg,https://www.youtube.com/watch?v=DXzpRZpF12E,show time...,Snow Man,,,show time... Snow Man
2026-09-28,jp,Japan,top_videos_daily,,53,https://i.ytimg.com/vi/otEgL_cdHdo/mqdefault.jpg,https://www.youtube.com/watch?v=otEgL_cdHdo,稲葉浩志 / RIZAN,B'z,,,稲葉浩志 / RIZAN B'z
2026-09-28,jp,Japan,top_videos_daily,,54,https://i.ytimg.com/vi/Y6kCZTIkQw4/mqdefault.jpg,https://www.youtube.com/watch?v=Y6kCZTIkQw4,チラチLOVE,M!LK,"7月 3, 2026",127854,"54 4 チラチLOVE M!LK 7月 3, 2026 50 86 127,854"
2026-09-28,jp,Japan,top_videos_daily,,55,https://i.ytimg.com/vi/LM875jeR-PM/mqdefault.jpg,https://www.youtube.com/watch?v=LM875jeR-PM,It's Me,ILLIT,"5月 7, 2026",126999,"55 11 It's Me ILLIT 5月 7, 2026 66 126 126,999"
2026-09-28,jp,Japan,top_videos_daily,,56,https://i.ytimg.com/vi/8rNve_w6XGw/mqdefault.jpg,https://www.youtube.com/watch?v=8rNve_w6XGw,ハニカミ - Hanikami,Hey! Say! JUMP,,,ハニカミ - Hanikami Hey! Say! JUMP
2026-09-28,jp,Japan,top_videos_daily,,57,https://i.ytimg.com/vi/dB8QCac8FSM/mqdefault.jpg,https://www.youtube.com/watch?v=dB8QCac8FSM,將棋一番！ - Shogi Ichiban！,Yukopi,,,将棋一番！ - Shogi Ichiban！ Yukopi
2026-09-28,jp,Japan,top_videos_daily,,58,https://i.ytimg.com/vi/37X8VVly1y8/mqdefault.jpg,https://www.youtube.com/watch?v=37X8VVly1y8,エアロピクルス,KomeAnime,,,エアロピクルス KomeAnime
2026-09-28,jp,Japan,top_videos_daily,,59,https://i.ytimg.com/vi/TzH5BsJj81Y/mqdefault.jpg,https://www.youtube.com/watch?v=TzH5BsJj81Y,アクマバライ - Exorcist,Something's off with my Vocaloid,,,アクマバライ - Exorcist Something's off with my Vocaloid
2026-09-28,jp,Japan,top_videos_daily,,60,https://i.ytimg.com/vi/3Cb8xhXfxKs/mqdefault.jpg,https://www.youtube.com/watch?v=3Cb8xhXfxKs,Zoo,Shakira,"2月 2, 2026",107645,"60 36 Zoo Shakira 2月 2, 2026 96 134 107,645"
2026-09-28,jp,Japan,top_videos_daily,,61,https://i.ytimg.com/vi/s9dx0nPNe1I/mqdefault.jpg,https://www.youtube.com/watch?v=s9dx0nPNe1I,命の唄あ,Hibiki piano,,,命の唄あ Hibiki piano
2026-09-28,jp,Japan,top_videos_daily,,62,https://i.ytimg.com/vi/VHA0FMXsQgk/mqdefault.jpg,https://www.youtube.com/watch?v=VHA0FMXsQgk,Good Boy,&TEAM,"9月 24, 2026",106816,"62 35 Good Boy &TEAM 9月 24, 2026 27 3 106,816"
2026-09-28,jp,Japan,top_videos_daily,,63,https://i.ytimg.com/vi/07Qzp6RlybE/mqdefault.jpg,https://www.youtube.com/watch?v=07Qzp6RlybE,ないものねだり / MyGO!!!!! cover ver.,MyGO!!!!!,,,ないものねだり / MyGO!!!!! cover ver. MyGO!!!!!
2026-09-28,jp,Japan,top_videos_daily,,64,https://i.ytimg.com/vi/Sp4xl7wtqtc/mqdefault.jpg,https://www.youtube.com/watch?v=Sp4xl7wtqtc,櫻坂46 『愛MUST BE』 MUSIC VIDEO,櫻坂46,,,櫻坂46 『愛MUST BE』 MUSIC VIDEO 櫻坂46
2026-09-28,jp,Japan,top_videos_daily,,65,https://i.ytimg.com/vi/qFhspt7zsXg/mqdefault.jpg,https://www.youtube.com/watch?v=qFhspt7zsXg,BUGS LIFE,Number_i,,,BUGS LIFE Number_i
2026-09-28,jp,Japan,top_videos_daily,,66,https://i.ytimg.com/vi/fEiWFS9hoNM/mqdefault.jpg,https://www.youtube.com/watch?v=fEiWFS9hoNM,ONE N’ ONLY／ “Samba de Night Fever” Dance Performance Video,ONE N' ONLY,,,ONE N’ ONLY／ “Samba de Night Fever” Dance Performance Video ONE N' ONLY
2026-09-28,jp,Japan,top_videos_daily,,67,https://i.ytimg.com/vi/HHv5RZpvbV4/mqdefault.jpg,https://www.youtube.com/watch?v=HHv5RZpvbV4,show time...,Snow Man,,,show time... Snow Man
2026-09-28,jp,Japan,top_videos_daily,,68,https://i.ytimg.com/vi/vVX5D65pI5s/mqdefault.jpg,https://www.youtube.com/watch?v=vVX5D65pI5s,櫻坂46 『四期生LIVE』 ダイジェスト映像,櫻坂46,,,櫻坂46 『四期生LIVE』 ダイジェスト映像 櫻坂46
2026-09-28,jp,Japan,top_videos_daily,,69,https://i.ytimg.com/vi/kcXKLaLNqww/mqdefault.jpg,https://www.youtube.com/watch?v=kcXKLaLNqww,しおざきわんだーらんど,M!LK,,,しおざきわんだーらんど M!LK
2026-09-28,jp,Japan,top_videos_daily,,70,https://i.ytimg.com/vi/jcu5ug0xvxg/mqdefault.jpg,https://www.youtube.com/watch?v=jcu5ug0xvxg,WATCH ME feat. BIA,BE:FIRST,,,WATCH ME feat. BIA BE:FIRST
2026-09-28,jp,Japan,top_videos_daily,,71,https://i.ytimg.com/vi/-q_S27LbNKU/mqdefault.jpg,https://www.youtube.com/watch?v=-q_S27LbNKU,BAD,ATEEZ,"6月 25, 2026",91039,"71 1 BAD ATEEZ 6月 25, 2026 72 81 91,039"
2026-09-28,jp,Japan,top_videos_daily,,72,https://i.ytimg.com/vi/wTc3jXDTNBo/mqdefault.jpg,https://www.youtube.com/watch?v=wTc3jXDTNBo,RADWIMPS - 正解 [Official Music Video],RADWIMPS,,,RADWIMPS - 正解 [Official Music Video] RADWIMPS
2026-09-28,jp,Japan,top_videos_daily,,73,https://i.ytimg.com/vi/E8N8CAihLT0/mqdefault.jpg,https://www.youtube.com/watch?v=E8N8CAihLT0,JANE DOE,Kenshi Yonezu / Hikaru Utada,,,JANE DOE Kenshi Yonezu & Hikaru Utada
2026-09-28,jp,Japan,top_videos_daily,,74,https://i.ytimg.com/vi/KFDLcnjXTK0/mqdefault.jpg,https://www.youtube.com/watch?v=KFDLcnjXTK0,清水翔太『By your side』MV,Shota Shimizu,,,清水翔太『By your side』MV Shota Shimizu
2026-09-28,jp,Japan,top_videos_daily,,75,https://i.ytimg.com/vi/7zBeQezaz4U/mqdefault.jpg,https://www.youtube.com/watch?v=7zBeQezaz4U,クリスマスソング - Christmas Song,back number,,,クリスマスソング - Christmas Song back number
2026-09-28,jp,Japan,top_videos_daily,,76,https://i.ytimg.com/vi/PHoOMVR7pyw/mqdefault.jpg,https://www.youtube.com/watch?v=PHoOMVR7pyw,KO1KEYZ,KO1KEYZ,"9月 26, 2026",87977,"76 New KO1KEYZ KO1KEYZ 9月 26, 2026 - 1 87,977"
2026-09-28,jp,Japan,top_videos_daily,,77,https://i.ytimg.com/vi/EUCRNhQlKYc/mqdefault.jpg,https://www.youtube.com/watch?v=EUCRNhQlKYc,灰色 - Gray,Motoki Ohmori,,,灰色 - Gray Motoki Ohmori
2026-09-28,jp,Japan,top_videos_daily,,78,https://i.ytimg.com/vi/GCW0WYCOe7w/mqdefault.jpg,https://www.youtube.com/watch?v=GCW0WYCOe7w,ICEx - LOVEだね (ICEx Fourth Concert Tour 2026 ''FRESHest!!'' at 東京國際フォーラム ホールA,ICEx,,2026,ICEx - LOVEだね (ICEx Fourth Concert Tour 2026 ''FRESHest!!'' at 東京国際フォーラム ホールA ) ICEx
2026-09-28,jp,Japan,top_videos_daily,,79,https://i.ytimg.com/vi/tdznAT137QI/mqdefault.jpg,https://www.youtube.com/watch?v=tdznAT137QI,Aぇ! group 「Emotion」Official Music Video,Ae! group,,,Aぇ! group 「Emotion」Official Music Video Ae! group
2026-09-28,jp,Japan,top_videos_daily,,80,https://i.ytimg.com/vi/vBmU5v2EyxM/mqdefault.jpg,https://www.youtube.com/watch?v=vBmU5v2EyxM,HOT LIMIT,T.M.Revolution,,,HOT LIMIT T.M.Revolution
2026-09-28,jp,Japan,top_videos_daily,,81,https://i.ytimg.com/vi/dEEd9HHEQE0/mqdefault.jpg,https://www.youtube.com/watch?v=dEEd9HHEQE0,真・運命,M!LK,"6月 17, 2026",81861,"81 2 真・運命 M!LK 6月 17, 2026 79 102 81,861"
2026-09-28,jp,Japan,top_videos_daily,,82,https://i.ytimg.com/vi/jOopfZgVxek/mqdefault.jpg,https://www.youtube.com/watch?v=jOopfZgVxek,「ロウワー」Covered by millsage【期間限定】,millsage,,,「ロウワー」Covered by millsage【期間限定】 millsage
2026-09-28,jp,Japan,top_videos_daily,,83,https://i.ytimg.com/vi/0beWrfj7AvE/mqdefault.jpg,https://www.youtube.com/watch?v=0beWrfj7AvE,ガチ夢中！ - GACHI MUCHU！,超特急,,,ガチ夢中！ - GACHI MUCHU！ 超特急
2026-09-28,jp,Japan,top_videos_daily,,84,https://i.ytimg.com/vi/DU_wmQkMoNc/mqdefault.jpg,https://www.youtube.com/watch?v=DU_wmQkMoNc,TMNETWORK - Rise Together（TMNETWORK Tour 2026 QUANTUM）,TM NETWORK,,2026,TMNETWORK - Rise Together（TMNETWORK Tour 2026 QUANTUM） TM NETWORK
2026-09-28,jp,Japan,top_videos_daily,,85,https://i.ytimg.com/vi/I_6m6_Ylyd8/mqdefault.jpg,https://www.youtube.com/watch?v=I_6m6_Ylyd8,Missing,BE:FIRST,,,Missing BE:FIRST
2026-09-28,jp,Japan,top_videos_daily,,86,https://i.ytimg.com/vi/h6dFiWuGEhA/mqdefault.jpg,https://www.youtube.com/watch?v=h6dFiWuGEhA,GLAY / 汚れた英雄,GLAY,,,GLAY / 汚れた英雄 GLAY
2026-09-28,jp,Japan,top_videos_daily,,87,https://i.ytimg.com/vi/VPZK72W4Xxw/mqdefault.jpg,https://www.youtube.com/watch?v=VPZK72W4Xxw,ヒロイン,back number,,,ヒロイン back number
2026-09-28,jp,Japan,top_videos_daily,,88,https://i.ytimg.com/vi/TtAgxS48tyg/mqdefault.jpg,https://www.youtube.com/watch?v=TtAgxS48tyg,クエスチョン - Question,meiyo,,,クエスチョン - Question meiyo
2026-09-28,jp,Japan,top_videos_daily,,89,https://i.ytimg.com/vi/y1obzZVKw_o/mqdefault.jpg,https://www.youtube.com/watch?v=y1obzZVKw_o,LEE JISOO / MISMATCH -Music Video-,HANA official,,,LEE JISOO / MISMATCH -Music Video- HANA official
2026-09-28,jp,Japan,top_videos_daily,,90,https://i.ytimg.com/vi/h-TPXFw_q0I/mqdefault.jpg,https://www.youtube.com/watch?v=h-TPXFw_q0I,グッタイム - Good Time,Snow Man,,,グッタイム - Good Time Snow Man
2026-09-28,jp,Japan,top_videos_daily,,91,https://i.ytimg.com/vi/lYafXo-rjU8/mqdefault.jpg,https://www.youtube.com/watch?v=lYafXo-rjU8,め - Me,Hiro Shinosawa / 初星學園 / Abu-Se-Ken,,,"め - Me Hiro Shinosawa , 初星学園 & Abu-Se-Ken"
2026-09-28,jp,Japan,top_videos_daily,,92,https://i.ytimg.com/vi/l2jvIuTp534/mqdefault.jpg,https://www.youtube.com/watch?v=l2jvIuTp534,夜鷹,米津玄師,"7月 15, 2026",76024,"92 17 夜鷹 米津玄師 7月 15, 2026 75 74 76,024"
2026-09-28,jp,Japan,top_videos_daily,,93,https://i.ytimg.com/vi/w6k9z9oGPQI/mqdefault.jpg,https://www.youtube.com/watch?v=w6k9z9oGPQI,デビットビット／まふまふ【歌ってみた】,Mafumafu,,,デビットビット／まふまふ【歌ってみた】 Mafumafu
2026-09-28,jp,Japan,top_videos_daily,,94,https://i.ytimg.com/vi/EH2rhQlvz7A/mqdefault.jpg,https://www.youtube.com/watch?v=EH2rhQlvz7A,グッタイム - Good Time,Snow Man,,,グッタイム - Good Time Snow Man
2026-09-28,jp,Japan,top_videos_daily,,95,https://i.ytimg.com/vi/VQmdUnlNnds/mqdefault.jpg,https://www.youtube.com/watch?v=VQmdUnlNnds,キュートなキューたい,CUTIE STREET,,,キュートなキューたい CUTIE STREET
2026-09-28,jp,Japan,top_videos_daily,,96,https://i.ytimg.com/vi/dgbIUztTZDo/mqdefault.jpg,https://www.youtube.com/watch?v=dgbIUztTZDo,『弱毒(feat.SIX LOUNGE/w.o.d.)』バックドロップシンデレラ,Backdropcinderella,,,『弱毒(feat.SIX LOUNGE/w.o.d.)』バックドロップシンデレラ Backdropcinderella
2026-09-28,jp,Japan,top_videos_daily,,97,https://i.ytimg.com/vi/kArmejTFEuo/mqdefault.jpg,https://www.youtube.com/watch?v=kArmejTFEuo,紫 今＆muque - ブルーチーズ / Mulasaki Ima ＆ muque - Blue Cheese (MUSIC VIDEO),Mulasaki Ima,,,紫 今＆muque - ブルーチーズ / Mulasaki Ima ＆ muque - Blue Cheese (MUSIC VIDEO) Mulasaki Ima
2026-09-28,jp,Japan,top_videos_daily,,98,https://i.ytimg.com/vi/oWRCXGvcU9s/mqdefault.jpg,https://www.youtube.com/watch?v=oWRCXGvcU9s,愛くださいませ,NOT EQUAL ME,,,愛くださいませ NOT EQUAL ME
2026-09-28,jp,Japan,top_videos_daily,,99,https://i.ytimg.com/vi/OMlJax4KmmA/mqdefault.jpg,https://www.youtube.com/watch?v=OMlJax4KmmA,SAITAMA,打首獄門同好會,"9月 20, 2026",67735,"99 99 SAITAMA 打首獄門同好會 9月 20, 2026 - 4 67,735"
2026-09-28,jp,Japan,top_videos_daily,,100,https://i.ytimg.com/vi/eB-IK2wPWzw/mqdefault.jpg,https://www.youtube.com/watch?v=eB-IK2wPWzw,BAD,ATEEZ,"8月 1, 2026",66936,"100 6 BAD ATEEZ 8月 1, 2026 94 17 66,936"
2026-09-28,kr,South Korea,top_videos_daily,,1,https://i.ytimg.com/vi/eJXL4-4m5nY/mqdefault.jpg,https://www.youtube.com/watch?v=eJXL4-4m5nY,BTS (방탄소년단) ‘Merry Go Round’ Official MV,防彈少年團,,,BTS (방탄소년단) ‘Merry Go Round’ Official MV 防彈少年團
2026-09-28,kr,South Korea,top_videos_daily,,2,https://i.ytimg.com/vi/7mDDM0eBWR0/mqdefault.jpg,https://www.youtube.com/watch?v=7mDDM0eBWR0,소연 (SOYEON) '퇴사할게여 (Narr. 기안84)' Official Music Video,i-dle (아이들),,,소연 (SOYEON) '퇴사할게여 (Narr. 기안84)' Official Music Video i-dle (아이들)
2026-09-28,kr,South Korea,top_videos_daily,,3,https://i.ytimg.com/vi/5IjQNxvrF5s/mqdefault.jpg,https://www.youtube.com/watch?v=5IjQNxvrF5s,Cover | 晩餐歌 (만찬가) - RIWOO (원곡 : tuki.),BOYNEXTDOOR,,,Cover | 晩餐歌 (만찬가) - RIWOO (원곡 : tuki.) BOYNEXTDOOR
2026-09-28,kr,South Korea,top_videos_daily,,4,https://i.ytimg.com/vi/8SsctW_2ICc/mqdefault.jpg,https://www.youtube.com/watch?v=8SsctW_2ICc,Good Goodbye,HWASA,,,Good Goodbye HWASA
2026-09-28,kr,South Korea,top_videos_daily,,5,https://i.ytimg.com/vi/GxChUrrY4bc/mqdefault.jpg,https://www.youtube.com/watch?v=GxChUrrY4bc,꿈꾸던 어른이 되었나요?,MEOMURU,,,꿈꾸던 어른이 되었나요? MEOMURU
2026-09-28,kr,South Korea,top_videos_daily,,6,https://i.ytimg.com/vi/d6rrtRhN9YM/mqdefault.jpg,https://www.youtube.com/watch?v=d6rrtRhN9YM,임영웅 '또또' Official M/V,任英雄,,,임영웅 '또또' Official M/V 任英雄
2026-09-28,kr,South Korea,top_videos_daily,,7,https://i.ytimg.com/vi/qZlu2j2SiBA/mqdefault.jpg,https://www.youtube.com/watch?v=qZlu2j2SiBA,Pretty Girl,RESCENE,,,Pretty Girl RESCENE
2026-09-28,kr,South Korea,top_videos_daily,,8,https://i.ytimg.com/vi/hLc9R9Q-hFo/mqdefault.jpg,https://www.youtube.com/watch?v=hLc9R9Q-hFo,Moise,任英雄,"9月 21, 2026",127693,"8 4 Moise 任英雄 9月 21, 2026 12 4 127,693"
2026-09-28,kr,South Korea,top_videos_daily,,9,https://i.ytimg.com/vi/NwLxMQtlKDY/mqdefault.jpg,https://www.youtube.com/watch?v=NwLxMQtlKDY,임영웅 '모이세' Official M/V,任英雄,,,임영웅 '모이세' Official M/V 任英雄
2026-09-28,kr,South Korea,top_videos_daily,,10,https://i.ytimg.com/vi/KQM9hYlMXsI/mqdefault.jpg,https://www.youtube.com/watch?v=KQM9hYlMXsI,ALLDAY PROJECT - ‘DO IT LIKE THIS’ M/V,Coi Leray,,,ALLDAY PROJECT - ‘DO IT LIKE THIS’ M/V Coi Leray
2026-09-28,kr,South Korea,top_videos_daily,,11,https://i.ytimg.com/vi/Lufa9QAFFeY/mqdefault.jpg,https://www.youtube.com/watch?v=Lufa9QAFFeY,new trick,ROSÉ,"9月 17, 2026",122254,"11 3 new trick ROSÉ 9月 17, 2026 8 9 122,254"
2026-09-28,kr,South Korea,top_videos_daily,,12,https://i.ytimg.com/vi/9XttLI0oH0I/mqdefault.jpg,https://www.youtube.com/watch?v=9XttLI0oH0I,LOVE ATTACK,RESCENE,,,LOVE ATTACK RESCENE
2026-09-28,kr,South Korea,top_videos_daily,,13,https://i.ytimg.com/vi/-q_S27LbNKU/mqdefault.jpg,https://www.youtube.com/watch?v=-q_S27LbNKU,BAD,ATEEZ,"6月 25, 2026",115339,"13 2 BAD ATEEZ 6月 25, 2026 11 93 115,339"
2026-09-28,kr,South Korea,top_videos_daily,,14,https://i.ytimg.com/vi/ZbO9PBdFRdc/mqdefault.jpg,https://www.youtube.com/watch?v=ZbO9PBdFRdc,Deja Vu,RESCENE,"7月 2, 2025",104409,"14 2 Deja Vu RESCENE 7月 2, 2025 16 136 104,409"
2026-09-28,kr,South Korea,top_videos_daily,,15,https://i.ytimg.com/vi/Jxgbfc89hNI/mqdefault.jpg,https://www.youtube.com/watch?v=Jxgbfc89hNI,Suddenly,I.O.I,"5月 19, 2026",99470,"15 1 Suddenly I.O.I 5月 19, 2026 14 131 99,470"
2026-09-28,kr,South Korea,top_videos_daily,,16,https://i.ytimg.com/vi/sSKbNFxQSAA/mqdefault.jpg,https://www.youtube.com/watch?v=sSKbNFxQSAA,소연 (SOYEON) - 퇴사할게여┃Cover by 배기성┃BAE GI SEONG,Bae Giseong,,,소연 (SOYEON) - 퇴사할게여┃Cover by 배기성┃BAE GI SEONG Bae Giseong
2026-09-28,kr,South Korea,top_videos_daily,,17,https://i.ytimg.com/vi/1Qx6ktR3CEk/mqdefault.jpg,https://www.youtube.com/watch?v=1Qx6ktR3CEk,ALLDAY PROJECT - ‘TALK’ M/V,Rain,,,ALLDAY PROJECT - ‘TALK’ M/V Rain
2026-09-28,kr,South Korea,top_videos_daily,,18,https://i.ytimg.com/vi/BbQ3S5_q44Q/mqdefault.jpg,https://www.youtube.com/watch?v=BbQ3S5_q44Q,You,Fujii Kaze,"9月 25, 2026",91082,"18 New You Fujii Kaze 9月 25, 2026 - 1 91,082"
2026-09-28,kr,South Korea,top_videos_daily,,19,https://i.ytimg.com/vi/bMhDJ0S0OBA/mqdefault.jpg,https://www.youtube.com/watch?v=bMhDJ0S0OBA,It's Me,ILLIT,"4月 30, 2026",89793,"19 4 It's Me ILLIT 4月 30, 2026 15 150 89,793"
2026-09-28,kr,South Korea,top_videos_daily,,20,https://i.ytimg.com/vi/RdUV9Ms5GM4/mqdefault.jpg,https://www.youtube.com/watch?v=RdUV9Ms5GM4,IU 'Dear my crazy soulmate' MV,IU,,,IU 'Dear my crazy soulmate' MV IU
2026-09-28,kr,South Korea,top_videos_daily,,21,https://i.ytimg.com/vi/oAwzFFEYm38/mqdefault.jpg,https://www.youtube.com/watch?v=oAwzFFEYm38,Skibidi,Girls' Generation-HRS,,,Skibidi Girls' Generation-HRS
2026-09-28,kr,South Korea,top_videos_daily,,22,https://i.ytimg.com/vi/XPUOHpkRAxg/mqdefault.jpg,https://www.youtube.com/watch?v=XPUOHpkRAxg,마음의 숲,조선힙합,"4月 9, 2026",79039,"22 2 마음의 숲 조선힙합 4月 9, 2026 20 130 79,039"
2026-09-28,kr,South Korea,top_videos_daily,,23,https://i.ytimg.com/vi/x6_mbnsh6VU/mqdefault.jpg,https://www.youtube.com/watch?v=x6_mbnsh6VU,STORM I & II,Gener8ion / Yung Lean,,,STORM I & II Gener8ion & Yung Lean
2026-09-28,kr,South Korea,top_videos_daily,,24,https://i.ytimg.com/vi/YiYxSZVdJG8/mqdefault.jpg,https://www.youtube.com/watch?v=YiYxSZVdJG8,So Cute,HWASA,"9月 23, 2026",78186,"24 11 So Cute HWASA 9月 23, 2026 35 4 78,186"
2026-09-28,kr,South Korea,top_videos_daily,,25,https://i.ytimg.com/vi/XAomU4u1BxE/mqdefault.jpg,https://www.youtube.com/watch?v=XAomU4u1BxE,BAD,ATEEZ,"9月 15, 2026",76294,"25 1 BAD ATEEZ 9月 15, 2026 26 12 76,294"
2026-09-28,kr,South Korea,top_videos_daily,,26,https://i.ytimg.com/vi/Qe8fa4b5xNU/mqdefault.jpg,https://www.youtube.com/watch?v=Qe8fa4b5xNU,Good Goodbye,HWASA,,,Good Goodbye HWASA
2026-09-28,kr,South Korea,top_videos_daily,,27,https://i.ytimg.com/vi/LzW15vQNwPQ/mqdefault.jpg,https://www.youtube.com/watch?v=LzW15vQNwPQ,[MV] Kim Yong Bin(김용빈) _ Only you(당신뿐입니다),1theK (원더케이),,,[MV] Kim Yong Bin(김용빈) _ Only you(당신뿐입니다) 1theK (원더케이)
2026-09-28,kr,South Korea,top_videos_daily,,28,https://i.ytimg.com/vi/3RwRrxiG5j4/mqdefault.jpg,https://www.youtube.com/watch?v=3RwRrxiG5j4,Dear my crazy soulmate,IU,,,Dear my crazy soulmate IU
2026-09-28,kr,South Korea,top_videos_daily,,29,https://i.ytimg.com/vi/ZEBkfRxoHbQ/mqdefault.jpg,https://www.youtube.com/watch?v=ZEBkfRxoHbQ,Doshite,LIGHTSUM,,,Doshite LIGHTSUM
2026-09-28,kr,South Korea,top_videos_daily,,30,https://i.ytimg.com/vi/ARR7e35AZOY/mqdefault.jpg,https://www.youtube.com/watch?v=ARR7e35AZOY,Miiro 「SAVE!」 OFFICIAL MV,Miiro,,,Miiro 「SAVE!」 OFFICIAL MV Miiro
2026-09-28,kr,South Korea,top_videos_daily,,31,https://i.ytimg.com/vi/BTz2ZkGrL0E/mqdefault.jpg,https://www.youtube.com/watch?v=BTz2ZkGrL0E,Rocket,Moldy / Nxtyourtype,,,Rocket Moldy & Nxtyourtype
2026-09-28,kr,South Korea,top_videos_daily,,32,https://i.ytimg.com/vi/qWakHDd-Tgk/mqdefault.jpg,https://www.youtube.com/watch?v=qWakHDd-Tgk,송소희 Song Sohee - NANSEN,Song Sohee,,,송소희 Song Sohee - NANSEN Song Sohee
2026-09-28,kr,South Korea,top_videos_daily,,33,https://i.ytimg.com/vi/zBCDuw5mRGA/mqdefault.jpg,https://www.youtube.com/watch?v=zBCDuw5mRGA,[IVE-minute] 오늘도 무대에서 귀엽기 성공 ⸜(｡˃ ᵕ ˂,IVE,,,[IVE-minute] 오늘도 무대에서 귀엽기 성공 ⸜(｡˃ ᵕ ˂ )⸝ IVE
2026-09-28,kr,South Korea,top_videos_daily,,34,https://i.ytimg.com/vi/6KckN5hZl80/mqdefault.jpg,https://www.youtube.com/watch?v=6KckN5hZl80,[MV] Lim Young Woong(임영웅) _ ToTo(또또),Lim Young Woong,,,[MV] Lim Young Woong(임영웅) _ ToTo(또또) Lim Young Woong
2026-09-28,kr,South Korea,top_videos_daily,,35,https://i.ytimg.com/vi/F7sGJVUrkjQ/mqdefault.jpg,https://www.youtube.com/watch?v=F7sGJVUrkjQ,RUDE!,Hearts2Hearts,,,RUDE! Hearts2Hearts
2026-09-28,kr,South Korea,top_videos_daily,,36,https://i.ytimg.com/vi/83C3TZ4Zm_o/mqdefault.jpg,https://www.youtube.com/watch?v=83C3TZ4Zm_o,LEMONADE,aespa,"5月 28, 2026",57424,"36 6 LEMONADE aespa 5月 28, 2026 30 121 57,424"
2026-09-28,kr,South Korea,top_videos_daily,,37,https://i.ytimg.com/vi/H0GbvPY_Yl8/mqdefault.jpg,https://www.youtube.com/watch?v=H0GbvPY_Yl8,만찬가,TAEYEON,"6月 29, 2026",57313,"37 3 만찬가 TAEYEON 6月 29, 2026 34 83 57,313"
2026-09-28,kr,South Korea,top_videos_daily,,38,https://i.ytimg.com/vi/NPqtL1dtrlA/mqdefault.jpg,https://www.youtube.com/watch?v=NPqtL1dtrlA,Love Options(연애의 조건),BESTIE,,,Love Options(연애의 조건) BESTIE
2026-09-28,kr,South Korea,top_videos_daily,,39,https://i.ytimg.com/vi/D54StAZFUrc/mqdefault.jpg,https://www.youtube.com/watch?v=D54StAZFUrc,Paradise of Rumors,AKMU,,,Paradise of Rumors AKMU
2026-09-28,kr,South Korea,top_videos_daily,,40,https://i.ytimg.com/vi/GnSaLQTrvt0/mqdefault.jpg,https://www.youtube.com/watch?v=GnSaLQTrvt0,Good Goodbye,HWASA,,,Good Goodbye HWASA
2026-09-28,kr,South Korea,top_videos_daily,,41,https://i.ytimg.com/vi/sZLI4R1R_AM/mqdefault.jpg,https://www.youtube.com/watch?v=sZLI4R1R_AM,Made My Night,LE SSERAFIM,,,Made My Night LE SSERAFIM
2026-09-28,kr,South Korea,top_videos_daily,,42,https://i.ytimg.com/vi/fEw6VZq9xg8/mqdefault.jpg,https://www.youtube.com/watch?v=fEw6VZq9xg8,Fireflies,John Legend / Pharrell Williams,,,Fireflies John Legend & Pharrell Williams
2026-09-28,kr,South Korea,top_videos_daily,,43,https://i.ytimg.com/vi/9C7SmVzzqA8/mqdefault.jpg,https://www.youtube.com/watch?v=9C7SmVzzqA8,남유정(NamYouJoung) '자기소개서' Official MV,유랄라Youlalla,,,남유정(NamYouJoung) '자기소개서' Official MV 유랄라Youlalla
2026-09-28,kr,South Korea,top_videos_daily,,44,https://i.ytimg.com/vi/1rAos7HClwI/mqdefault.jpg,https://www.youtube.com/watch?v=1rAos7HClwI,"RYUJIN “REDRED” @ ITZY The 5th Fan Meeting “ALL IN, MIDZY”",ITZY,,,"RYUJIN “REDRED” @ ITZY The 5th Fan Meeting “ALL IN, MIDZY” ITZY"
2026-09-28,kr,South Korea,top_videos_daily,,45,https://i.ytimg.com/vi/W3mlJNg0pzE/mqdefault.jpg,https://www.youtube.com/watch?v=W3mlJNg0pzE,SaWaDiKa,LISA,"9月 25, 2026",48400,"45 New SaWaDiKa LISA 9月 25, 2026 - 1 48,400"
2026-09-28,kr,South Korea,top_videos_daily,,46,https://i.ytimg.com/vi/luTz3QoowrU/mqdefault.jpg,https://www.youtube.com/watch?v=luTz3QoowrU,"Sky Land, Star Land",UNIS,,,"Sky Land, Star Land UNIS"
2026-09-28,kr,South Korea,top_videos_daily,,47,https://i.ytimg.com/vi/h0KIWaUEIgQ/mqdefault.jpg,https://www.youtube.com/watch?v=h0KIWaUEIgQ,사랑하게 될 거야,HANRORO,,,사랑하게 될 거야 HANRORO
2026-09-28,kr,South Korea,top_videos_daily,,48,https://i.ytimg.com/vi/sLk8zWUuYTA/mqdefault.jpg,https://www.youtube.com/watch?v=sLk8zWUuYTA,Vitamin ME,fromis_9,,,Vitamin ME fromis_9
2026-09-28,kr,South Korea,top_videos_daily,,49,https://i.ytimg.com/vi/HLRBf672RMs/mqdefault.jpg,https://www.youtube.com/watch?v=HLRBf672RMs,ONEUS (원어스) ‘눈을 돌리지마 (Say Yes!)’ MV,ONEUS,,,ONEUS (원어스) ‘눈을 돌리지마 (Say Yes!)’ MV ONEUS
2026-09-28,kr,South Korea,top_videos_daily,,50,https://i.ytimg.com/vi/Y1Lah0BM0KQ/mqdefault.jpg,https://www.youtube.com/watch?v=Y1Lah0BM0KQ,Made My Night,LE SSERAFIM,,,Made My Night LE SSERAFIM
2026-09-28,kr,South Korea,top_videos_daily,,51,https://i.ytimg.com/vi/dB8QCac8FSM/mqdefault.jpg,https://www.youtube.com/watch?v=dB8QCac8FSM,將棋一番！ - Shogi Ichiban！,Yukopi,,,将棋一番！ - Shogi Ichiban！ Yukopi
2026-09-28,kr,South Korea,top_videos_daily,,52,https://i.ytimg.com/vi/wSN7OTHs_Es/mqdefault.jpg,https://www.youtube.com/watch?v=wSN7OTHs_Es,화사 (HWASA) - ‘HWASA’ at Rock in Rio 2026,HWASA,,2026,화사 (HWASA) - ‘HWASA’ at Rock in Rio 2026 HWASA
2026-09-28,kr,South Korea,top_videos_daily,,53,https://i.ytimg.com/vi/OOvyHpNmGD8/mqdefault.jpg,https://www.youtube.com/watch?v=OOvyHpNmGD8,소연 (SOYEON) - 퇴사할게여 (Narr. 기안84)｜야외녹음실｜Beyond the Studio｜LIVE,1theK Live - 원더케이 라이브,,,소연 (SOYEON) - 퇴사할게여 (Narr. 기안84)｜야외녹음실｜Beyond the Studio｜LIVE 1theK Live - 원더케이 라이브
2026-09-28,kr,South Korea,top_videos_daily,,54,https://i.ytimg.com/vi/8Hy934Eo_9Q/mqdefault.jpg,https://www.youtube.com/watch?v=8Hy934Eo_9Q,Maria,HWASA,"9月 23, 2026",43749,"54 28 Maria HWASA 9月 23, 2026 82 4 43,749"
2026-09-28,kr,South Korea,top_videos_daily,,55,https://i.ytimg.com/vi/TzH5BsJj81Y/mqdefault.jpg,https://www.youtube.com/watch?v=TzH5BsJj81Y,アクマバライ - Exorcist,Something's off with my Vocaloid,,,アクマバライ - Exorcist Something's off with my Vocaloid
2026-09-28,kr,South Korea,top_videos_daily,,56,https://i.ytimg.com/vi/UsbRoaH6y-Q/mqdefault.jpg,https://www.youtube.com/watch?v=UsbRoaH6y-Q,Pop Off Pop Off,KiiiKiii,,,Pop Off Pop Off KiiiKiii
2026-09-28,kr,South Korea,top_videos_daily,,57,https://i.ytimg.com/vi/46h0LvDHgIs/mqdefault.jpg,https://www.youtube.com/watch?v=46h0LvDHgIs,SUN KISS,TUIDE (튜이드),,,SUN KISS TUIDE (튜이드)
2026-09-28,kr,South Korea,top_videos_daily,,58,https://i.ytimg.com/vi/Kx0QiFrygPs/mqdefault.jpg,https://www.youtube.com/watch?v=Kx0QiFrygPs,[MV] Yun Hu(윤후) _ If Only(좋을텐데),Yun Hu,,,[MV] Yun Hu(윤후) _ If Only(좋을텐데) Yun Hu
2026-09-28,kr,South Korea,top_videos_daily,,59,https://i.ytimg.com/vi/ulX6fW5fBSg/mqdefault.jpg,https://www.youtube.com/watch?v=ulX6fW5fBSg,'JUST FOR FUN (Remix)' | xikers(싸이커스) 준민 & 유준 & 헌터,xikers,,,'JUST FOR FUN (Remix)' | xikers(싸이커스) 준민 & 유준 & 헌터 xikers
2026-09-28,kr,South Korea,top_videos_daily,,60,https://i.ytimg.com/vi/bpHBIO-Ridc/mqdefault.jpg,https://www.youtube.com/watch?v=bpHBIO-Ridc,アイデンティティ - identity,Kanaria,,,アイデンティティ - identity Kanaria
2026-09-28,kr,South Korea,top_videos_daily,,61,https://i.ytimg.com/vi/xnfSjN6bBg8/mqdefault.jpg,https://www.youtube.com/watch?v=xnfSjN6bBg8,BTS (방탄소년단) '2.0' Stage CAM @ iHeartRadio Music Festival 2026,防彈少年團,,2026,BTS (방탄소년단) '2.0' Stage CAM @ iHeartRadio Music Festival 2026 防彈少年團
2026-09-28,kr,South Korea,top_videos_daily,,62,https://i.ytimg.com/vi/eB-IK2wPWzw/mqdefault.jpg,https://www.youtube.com/watch?v=eB-IK2wPWzw,BAD,ATEEZ,"8月 1, 2026",36058,"62 12 BAD ATEEZ 8月 1, 2026 50 51 36,058"
2026-09-28,kr,South Korea,top_videos_daily,,63,https://i.ytimg.com/vi/immfH7C-FmU/mqdefault.jpg,https://www.youtube.com/watch?v=immfH7C-FmU,LEE JIN AH 'Journey of Dreaming' MV,Lee Jin Ah,,,LEE JIN AH 'Journey of Dreaming' MV Lee Jin Ah
2026-09-28,kr,South Korea,top_videos_daily,,64,https://i.ytimg.com/vi/58caqix3wsg/mqdefault.jpg,https://www.youtube.com/watch?v=58caqix3wsg,On a Glorious Day in October | Original Song : Serenade to Spring by Rolf Rovland (Cello + Piano),CelloDeck,,,On a Glorious Day in October | Original Song : Serenade to Spring by Rolf Rovland (Cello + Piano) CelloDeck
2026-09-28,kr,South Korea,top_videos_daily,,65,https://i.ytimg.com/vi/FyS5dAywkEo/mqdefault.jpg,https://www.youtube.com/watch?v=FyS5dAywkEo,SaWaDiKa (Official Music Video),LISA,,,SaWaDiKa (Official Music Video) LISA
2026-09-28,kr,South Korea,top_videos_daily,,66,https://i.ytimg.com/vi/gW5rI8NGSxE/mqdefault.jpg,https://www.youtube.com/watch?v=gW5rI8NGSxE,Parallel Night,서영주 of 너드커넥션,,,Parallel Night 서영주 of 너드커넥션
2026-09-28,kr,South Korea,top_videos_daily,,67,https://i.ytimg.com/vi/nP1xjFX86Po/mqdefault.jpg,https://www.youtube.com/watch?v=nP1xjFX86Po,Unknown Planet,IU,,,Unknown Planet IU
2026-09-28,kr,South Korea,top_videos_daily,,68,https://i.ytimg.com/vi/5hL7uPsISY0/mqdefault.jpg,https://www.youtube.com/watch?v=5hL7uPsISY0,그냥 해,조선힙합,"6月 16, 2026",32026,"68 4 그냥 해 조선힙합 6月 16, 2026 64 102 32,026"
2026-09-28,kr,South Korea,top_videos_daily,,69,https://i.ytimg.com/vi/FhNugHNh72s/mqdefault.jpg,https://www.youtube.com/watch?v=FhNugHNh72s,국악딴따라 - 살아보니 그렇더라 (Official MV),국악딴따라,,,국악딴따라 - 살아보니 그렇더라 (Official MV) 국악딴따라
2026-09-28,kr,South Korea,top_videos_daily,,70,https://i.ytimg.com/vi/X42ixwTgUJk/mqdefault.jpg,https://www.youtube.com/watch?v=X42ixwTgUJk,Stuck,ENHYPEN,"9月 26, 2026",30918,"70 New Stuck ENHYPEN 9月 26, 2026 - 1 30,918"
2026-09-28,kr,South Korea,top_videos_daily,,71,https://i.ytimg.com/vi/4CC2eahM2RE/mqdefault.jpg,https://www.youtube.com/watch?v=4CC2eahM2RE,'JUST FOR FUN' | xikers(싸이커스) 민재 & 수민 & 예찬,xikers,,,'JUST FOR FUN' | xikers(싸이커스) 민재 & 수민 & 예찬 xikers
2026-09-28,kr,South Korea,top_videos_daily,,72,https://i.ytimg.com/vi/B8JJ8RNM-60/mqdefault.jpg,https://www.youtube.com/watch?v=B8JJ8RNM-60,Pinball,RESCENE,"9月 21, 2024",30351,"72 9 Pinball RESCENE 9月 21, 2024 81 62 30,351"
2026-09-28,kr,South Korea,top_videos_daily,,73,https://i.ytimg.com/vi/oHFQ6aKTAMw/mqdefault.jpg,https://www.youtube.com/watch?v=oHFQ6aKTAMw,P1Harmony (피원하모니) INTAK (인탁) -‘Hip Song’ (비) LIVE CLIP @2026 FAN MEETING [P1uspace H : Horror Haven],P1Harmony,,2026,P1Harmony (피원하모니) INTAK (인탁) -‘Hip Song’ (비) LIVE CLIP @2026 FAN MEETING [P1uspace H : Horror Haven] P1Harmony
2026-09-28,kr,South Korea,top_videos_daily,,74,https://i.ytimg.com/vi/ezRoEK2ttw0/mqdefault.jpg,https://www.youtube.com/watch?v=ezRoEK2ttw0,Unknown Planet,IU,,,Unknown Planet IU
2026-09-28,kr,South Korea,top_videos_daily,,75,https://i.ytimg.com/vi/1cKc1rkZwf8/mqdefault.jpg,https://www.youtube.com/watch?v=1cKc1rkZwf8,It's Art,PSY,"2月 7, 2011",28625,"75 2 It's Art PSY 2月 7, 2011 73 100 28,625"
2026-09-28,kr,South Korea,top_videos_daily,,76,https://i.ytimg.com/vi/qCRqlF11BoM/mqdefault.jpg,https://www.youtube.com/watch?v=qCRqlF11BoM,Desert Eagle,Silica Gel,,,Desert Eagle Silica Gel
2026-09-28,kr,South Korea,top_videos_daily,,77,https://i.ytimg.com/vi/chl0R8C4NJ8/mqdefault.jpg,https://www.youtube.com/watch?v=chl0R8C4NJ8,Hearts2Hearts 하츠투하츠 'ICONIC HEART' MV,Hearts2Hearts,,,Hearts2Hearts 하츠투하츠 'ICONIC HEART' MV Hearts2Hearts
2026-09-28,kr,South Korea,top_videos_daily,,78,https://i.ytimg.com/vi/L8ZnXgbyUuc/mqdefault.jpg,https://www.youtube.com/watch?v=L8ZnXgbyUuc,BIGBANG - ‘BiiiG’ M/V,BIGBANG,,,BIGBANG - ‘BiiiG’ M/V BIGBANG
2026-09-28,kr,South Korea,top_videos_daily,,79,https://i.ytimg.com/vi/B5u8JiGVI_k/mqdefault.jpg,https://www.youtube.com/watch?v=B5u8JiGVI_k,BIGBANG - ‘BiiiG’ DANCE PRACTICE,BIGBANG,,,BIGBANG - ‘BiiiG’ DANCE PRACTICE BIGBANG
2026-09-28,kr,South Korea,top_videos_daily,,80,https://i.ytimg.com/vi/1FVF-9KQiPo/mqdefault.jpg,https://www.youtube.com/watch?v=1FVF-9KQiPo,Opalite,Taylor Swift,,,Opalite Taylor Swift
2026-09-28,kr,South Korea,top_videos_daily,,81,https://i.ytimg.com/vi/6lN51mwvuA8/mqdefault.jpg,https://www.youtube.com/watch?v=6lN51mwvuA8,Gg Ez,M.Sasuke,"5月 30, 2026",26752,"81 7 Gg Ez M.Sasuke 5月 30, 2026 88 91 26,752"
2026-09-28,kr,South Korea,top_videos_daily,,82,https://i.ytimg.com/vi/rAVP4PVft5M/mqdefault.jpg,https://www.youtube.com/watch?v=rAVP4PVft5M,감사,김용빈,"3月 13, 2025",26583,"82 13 감사 김용빈 3月 13, 2025 95 144 26,583"
2026-09-28,kr,South Korea,top_videos_daily,,83,https://i.ytimg.com/vi/6Ycn9qZK09I/mqdefault.jpg,https://www.youtube.com/watch?v=6Ycn9qZK09I,Heavy Serenade,NMIXX,,,Heavy Serenade NMIXX
2026-09-28,kr,South Korea,top_videos_daily,,84,https://i.ytimg.com/vi/1Vhd4z5hum4/mqdefault.jpg,https://www.youtube.com/watch?v=1Vhd4z5hum4,BTS (방탄소년단) 'MIC Drop + FYA' Stage CAM @ iHeartRadio Music Festival 2026,防彈少年團,,2026,BTS (방탄소년단) 'MIC Drop + FYA' Stage CAM @ iHeartRadio Music Festival 2026 防彈少年團
2026-09-28,kr,South Korea,top_videos_daily,,85,https://i.ytimg.com/vi/K2quL_v3Lqc/mqdefault.jpg,https://www.youtube.com/watch?v=K2quL_v3Lqc,LEE JISOO - MISMATCH / THE FIRST TAKE,THE FIRST TAKE,,,LEE JISOO - MISMATCH / THE FIRST TAKE THE FIRST TAKE
2026-09-28,kr,South Korea,top_videos_daily,,86,https://i.ytimg.com/vi/9cS2wv6AfHk/mqdefault.jpg,https://www.youtube.com/watch?v=9cS2wv6AfHk,I LIKE IT,BABYMONSTER,,,I LIKE IT BABYMONSTER
2026-09-28,kr,South Korea,top_videos_daily,,87,https://i.ytimg.com/vi/RaTCjhIS4AY/mqdefault.jpg,https://www.youtube.com/watch?v=RaTCjhIS4AY,A Letter For You,Kim Na-young,,,A Letter For You Kim Na-young
2026-09-28,kr,South Korea,top_videos_daily,,88,https://i.ytimg.com/vi/XKZIQlqVjjk/mqdefault.jpg,https://www.youtube.com/watch?v=XKZIQlqVjjk,승인해주세요 지니님!,카사네 테토 / Una Otomachi,,,승인해주세요 지니님! 카사네 테토 & Una Otomachi
2026-09-28,kr,South Korea,top_videos_daily,,89,https://i.ytimg.com/vi/WNl67k6StWY/mqdefault.jpg,https://www.youtube.com/watch?v=WNl67k6StWY,LOVE ATTACK,RESCENE,,,LOVE ATTACK RESCENE
2026-09-28,kr,South Korea,top_videos_daily,,90,https://i.ytimg.com/vi/ko70cExuzZM/mqdefault.jpg,https://www.youtube.com/watch?v=ko70cExuzZM,The Fate of Ophelia,Taylor Swift,,,The Fate of Ophelia Taylor Swift
2026-09-28,kr,South Korea,top_videos_daily,,91,https://i.ytimg.com/vi/V3b1JrAl_1Q/mqdefault.jpg,https://www.youtube.com/watch?v=V3b1JrAl_1Q,도경수(D.O.) l 'Guitarist' MV,D.O.,,,도경수(D.O.) l 'Guitarist' MV D.O.
2026-09-28,kr,South Korea,top_videos_daily,,92,https://i.ytimg.com/vi/an3kQonfrqw/mqdefault.jpg,https://www.youtube.com/watch?v=an3kQonfrqw,Addicted to You,애창,,,Addicted to You 애창
2026-09-28,kr,South Korea,top_videos_daily,,93,https://i.ytimg.com/vi/1jKnI_ib8c8/mqdefault.jpg,https://www.youtube.com/watch?v=1jKnI_ib8c8,Motto,ITZY,"5月 18, 2026",23755,"93 3 Motto ITZY 5月 18, 2026 96 40 23,755"
2026-09-28,kr,South Korea,top_videos_daily,,94,https://i.ytimg.com/vi/bKQ-3FzfEAg/mqdefault.jpg,https://www.youtube.com/watch?v=bKQ-3FzfEAg,영탁 '꺾어' | Suit Dance | 수트댄스 | Performance | 4K | YOUNGTAK - GOGO,1theK Originals - 원더케이 오리지널,,,영탁 '꺾어' | Suit Dance | 수트댄스 | Performance | 4K | YOUNGTAK - GOGO 1theK Originals - 원더케이 오리지널
2026-09-28,kr,South Korea,top_videos_daily,,95,https://i.ytimg.com/vi/jOopfZgVxek/mqdefault.jpg,https://www.youtube.com/watch?v=jOopfZgVxek,「ロウワー」Covered by millsage【期間限定】,millsage,,,「ロウワー」Covered by millsage【期間限定】 millsage
2026-09-28,kr,South Korea,top_videos_daily,,96,https://i.ytimg.com/vi/Zb1sZ16uWBk/mqdefault.jpg,https://www.youtube.com/watch?v=Zb1sZ16uWBk,long for you,Hyunjin / Stray Kids,,,long for you Hyunjin & Stray Kids
2026-09-28,kr,South Korea,top_videos_daily,,97,https://i.ytimg.com/vi/Ak1cg1ex0NY/mqdefault.jpg,https://www.youtube.com/watch?v=Ak1cg1ex0NY,[MV] 영탁(YOUNGTAK) '꺾어(GOGO)',YOUNGTAK,,,[MV] 영탁(YOUNGTAK) '꺾어(GOGO)' YOUNGTAK
2026-09-28,kr,South Korea,top_videos_daily,,98,https://i.ytimg.com/vi/sIqvDAjL8Aw/mqdefault.jpg,https://www.youtube.com/watch?v=sIqvDAjL8Aw,Hiss - All Blue (Official Video),BEATPELLA HOUSE,,,Hiss - All Blue (Official Video) BEATPELLA HOUSE
2026-09-28,kr,South Korea,top_videos_daily,,99,https://i.ytimg.com/vi/OHAjc-ayhus/mqdefault.jpg,https://www.youtube.com/watch?v=OHAjc-ayhus,あぶく,YORUSHIKA,"4月 24, 2026",22670,"99 99 あぶく YORUSHIKA 4月 24, 2026 - 114 22,670"
2026-09-28,kr,South Korea,top_videos_daily,,100,https://i.ytimg.com/vi/MC6-82GRK5I/mqdefault.jpg,https://www.youtube.com/watch?v=MC6-82GRK5I,Bloom,RESCENE,"11月 25, 2025",22619,"100 100 Bloom RESCENE 11月 25, 2025 - 72 22,619"
2026-09-28,vn,Vietnam,top_videos_daily,,1,https://i.ytimg.com/vi/UH21OnJwxZE/mqdefault.jpg,https://www.youtube.com/watch?v=UH21OnJwxZE,PHƯƠNG MỸ CHI x DTAP | 'THIÊN ĐƯỜNG VỚI NGƯỜI THƯƠNG' | OFFICIAL MUSIC VIDEO,Phương Mỹ Chi,,,PHƯƠNG MỸ CHI x DTAP | 'THIÊN ĐƯỜNG VỚI NGƯỜI THƯƠNG' | OFFICIAL MUSIC VIDEO Phương Mỹ Chi
2026-09-28,vn,Vietnam,top_videos_daily,,2,https://i.ytimg.com/vi/boKJ5XDs_mY/mqdefault.jpg,https://www.youtube.com/watch?v=boKJ5XDs_mY,LƯU NIÊN,Jack - J97,,,LƯU NIÊN Jack - J97
2026-09-28,vn,Vietnam,top_videos_daily,,3,https://i.ytimg.com/vi/4jjOH2FR6-E/mqdefault.jpg,https://www.youtube.com/watch?v=4jjOH2FR6-E,xương rồng (intro),Dangrangto / DONAL,,,xương rồng (intro) Dangrangto & DONAL
2026-09-28,vn,Vietnam,top_videos_daily,,4,https://i.ytimg.com/vi/vLa5jvCJMGk/mqdefault.jpg,https://www.youtube.com/watch?v=vLa5jvCJMGk,NGƯỜI DƯNG,Jack - J97,,,NGƯỜI DƯNG Jack - J97
2026-09-28,vn,Vietnam,top_videos_daily,,5,https://i.ytimg.com/vi/Rb3hfEPyJxQ/mqdefault.jpg,https://www.youtube.com/watch?v=Rb3hfEPyJxQ,SECRET,"TINH HÀ ""SAY HI"" / Quang Hùng MasterD / CODYNAMVO / CONGB / Wren Evans",,,"SECRET TINH HÀ ""SAY HI"" , Quang Hùng MasterD , CODYNAMVO , CONGB & Wren Evans"
2026-09-28,vn,Vietnam,top_videos_daily,,6,https://i.ytimg.com/vi/bAHLmRaNxOs/mqdefault.jpg,https://www.youtube.com/watch?v=bAHLmRaNxOs,SAU HÌNH BÓNG ẤY,"Jaysonlei / Dương Domic / CODY NAM VÕ / TINH HÀ ""SAY HI"" / CAPTAIN BOY",,,"SAU HÌNH BÓNG ẤY Jaysonlei , Dương Domic , CODY NAM VÕ , TINH HÀ ""SAY HI"" & CAPTAIN BOY"
2026-09-28,vn,Vietnam,top_videos_daily,,7,https://i.ytimg.com/vi/kj7FXhECpSw/mqdefault.jpg,https://www.youtube.com/watch?v=kj7FXhECpSw,Ngược Lối Yêu,Vicky Nhung,,,Ngược Lối Yêu Vicky Nhung
2026-09-28,vn,Vietnam,top_videos_daily,,8,https://i.ytimg.com/vi/l4Pkem30Q60/mqdefault.jpg,https://www.youtube.com/watch?v=l4Pkem30Q60,Kẻ Say Tình (Live),Quoc Thien,,,Kẻ Say Tình (Live) Quoc Thien
2026-09-28,vn,Vietnam,top_videos_daily,,9,https://i.ytimg.com/vi/cwlToxaWuL8/mqdefault.jpg,https://www.youtube.com/watch?v=cwlToxaWuL8,MRT,"TINH HÀ ""SAY HI"" / XUÂN ĐỊNH KY / buitruonglinh / CAPTAIN BOY / HYO",,,"MRT TINH HÀ ""SAY HI"" , XUÂN ĐỊNH KY , buitruonglinh , CAPTAIN BOY & HYO"
2026-09-28,vn,Vietnam,top_videos_daily,,10,https://i.ytimg.com/vi/iYXI8-9AO3Y/mqdefault.jpg,https://www.youtube.com/watch?v=iYXI8-9AO3Y,"Sơn Tùng M-TP ""Come My Way” (Live Performance) | Open Mic",Genius,,,"Sơn Tùng M-TP ""Come My Way” (Live Performance) | Open Mic Genius"
2026-09-28,vn,Vietnam,top_videos_daily,,11,https://i.ytimg.com/vi/VeCy5mfAdg8/mqdefault.jpg,https://www.youtube.com/watch?v=VeCy5mfAdg8,THÊU HOA DỆT GẤM,"HURRYKNG / buitruonglinh / TINH HÀ ""SAY HI"" / JSOL / CONGB",,,"THÊU HOA DỆT GẤM HURRYKNG , buitruonglinh , TINH HÀ ""SAY HI"" , JSOL & CONGB"
2026-09-28,vn,Vietnam,top_videos_daily,,12,https://i.ytimg.com/vi/qbek-A-CJJU/mqdefault.jpg,https://www.youtube.com/watch?v=qbek-A-CJJU,GIÁ NHƯ ANH LÀ EM - LỆ QUYÊN | OFFICIAL MUSIC VIDEO,Lệ Quyên,,,GIÁ NHƯ ANH LÀ EM - LỆ QUYÊN | OFFICIAL MUSIC VIDEO Lệ Quyên
2026-09-28,vn,Vietnam,top_videos_daily,,13,https://i.ytimg.com/vi/XqLsUne19Gs/mqdefault.jpg,https://www.youtube.com/watch?v=XqLsUne19Gs,LAVIEM,"Quang Hùng MasterD / TINH HÀ ""SAY HI"" / CAPTAIN BOY / Pháp Kiều / COOLKID / Danny Chung",,,"LAVIEM Quang Hùng MasterD , TINH HÀ ""SAY HI"" , CAPTAIN BOY , Pháp Kiều , COOLKID & Danny Chung"
2026-09-28,vn,Vietnam,top_videos_daily,,14,https://i.ytimg.com/vi/9eL4Scy4-Ys/mqdefault.jpg,https://www.youtube.com/watch?v=9eL4Scy4-Ys,"Ác Mộng Đẹp - Đạt G | Chapter 3: Đẹp | Album ""Ác Mộng Đẹp""",DatG Music,,,"Ác Mộng Đẹp - Đạt G | Chapter 3: Đẹp | Album ""Ác Mộng Đẹp"" DatG Music"
2026-09-28,vn,Vietnam,top_videos_daily,,15,https://i.ytimg.com/vi/eedlpxUw8zg/mqdefault.jpg,https://www.youtube.com/watch?v=eedlpxUw8zg,chờ chút...,"TINH HÀ ""SAY HI"" / CONGB",,,"chờ chút... TINH HÀ ""SAY HI"" & CONGB"
2026-09-28,vn,Vietnam,top_videos_daily,,16,https://i.ytimg.com/vi/Mpx2czQtz1Y/mqdefault.jpg,https://www.youtube.com/watch?v=Mpx2czQtz1Y,Trăm Năm Chỉ Một Người – Một Đời Chỉ Yêu Một Người | Hoàng K Official,Hoàng K Official,,,Trăm Năm Chỉ Một Người – Một Đời Chỉ Yêu Một Người | Hoàng K Official Hoàng K Official
2026-09-28,vn,Vietnam,top_videos_daily,,17,https://i.ytimg.com/vi/l_uzEREOKfo/mqdefault.jpg,https://www.youtube.com/watch?v=l_uzEREOKfo,THẾ GIỚI CỦA ANH,"TINH HÀ ""SAY HI"" / Dương Domic / buitruonglinh / CONGB / WEAN / Vận Toàn",,,"THẾ GIỚI CỦA ANH TINH HÀ ""SAY HI"" , Dương Domic , buitruonglinh , CONGB , WEAN & Vận Toàn"
2026-09-28,vn,Vietnam,top_videos_daily,,18,https://i.ytimg.com/vi/8sVtL0o-v7U/mqdefault.jpg,https://www.youtube.com/watch?v=8sVtL0o-v7U,Người Im Lặng Gặp Người Hay Nói,HIEUTHUHAI,,,Người Im Lặng Gặp Người Hay Nói HIEUTHUHAI
2026-09-28,vn,Vietnam,top_videos_daily,,19,https://i.ytimg.com/vi/X-GCJwz4PnY/mqdefault.jpg,https://www.youtube.com/watch?v=X-GCJwz4PnY,Buồn Thì Cứ Khóc Đi,Lynk Lee,,,Buồn Thì Cứ Khóc Đi Lynk Lee
2026-09-28,vn,Vietnam,top_videos_daily,,20,https://i.ytimg.com/vi/svTqoQF6vk4/mqdefault.jpg,https://www.youtube.com/watch?v=svTqoQF6vk4,đắm say trong tình yêu,Dangrangto / DONAL,,,đắm say trong tình yêu Dangrangto & DONAL
2026-09-28,vn,Vietnam,top_videos_daily,,21,https://i.ytimg.com/vi/ByMb8XWE8zg/mqdefault.jpg,https://www.youtube.com/watch?v=ByMb8XWE8zg,Ngân Hàng Nỗi Nhớ,DatG Music,,,Ngân Hàng Nỗi Nhớ DatG Music
2026-09-28,vn,Vietnam,top_videos_daily,,22,https://i.ytimg.com/vi/QCr4Wf_eJHo/mqdefault.jpg,https://www.youtube.com/watch?v=QCr4Wf_eJHo,Đến Khi Nào,Yanbi,,,Đến Khi Nào Yanbi
2026-09-28,vn,Vietnam,top_videos_daily,,23,https://i.ytimg.com/vi/bL5IuLDBuDQ/mqdefault.jpg,https://www.youtube.com/watch?v=bL5IuLDBuDQ,JACK - J97 | TAM THÁI TỬ | Album TAM THÁI TỬ - Track No.11,Jack - J97,,,JACK - J97 | TAM THÁI TỬ | Album TAM THÁI TỬ - Track No.11 Jack - J97
2026-09-28,vn,Vietnam,top_videos_daily,,24,https://i.ytimg.com/vi/K6rrVCFGAE8/mqdefault.jpg,https://www.youtube.com/watch?v=K6rrVCFGAE8,LAVIEM,"Quang Hùng MasterD / TINH HÀ ""SAY HI"" / CAPTAIN BOY / Pháp Kiều / COOLKID / Danny Chung",,,"LAVIEM Quang Hùng MasterD , TINH HÀ ""SAY HI"" , CAPTAIN BOY , Pháp Kiều , COOLKID & Danny Chung"
2026-09-28,vn,Vietnam,top_videos_daily,,25,https://i.ytimg.com/vi/T7ksmtaVeOk/mqdefault.jpg,https://www.youtube.com/watch?v=T7ksmtaVeOk,In Love,JustaTee / Low G,,,In Love JustaTee & Low G
2026-09-28,vn,Vietnam,top_videos_daily,,26,https://i.ytimg.com/vi/6uVJqD2hSGQ/mqdefault.jpg,https://www.youtube.com/watch?v=6uVJqD2hSGQ,07. Em - Binz (feat. SOOBIN) | Gặp Lại Album,Binz,,,07. Em - Binz (feat. SOOBIN) | Gặp Lại Album Binz
2026-09-28,vn,Vietnam,top_videos_daily,,27,https://i.ytimg.com/vi/uUQG8sk7cLs/mqdefault.jpg,https://www.youtube.com/watch?v=uUQG8sk7cLs,Kẻ Say Tình 2,Quốc Thiên,,,Kẻ Say Tình 2 Quốc Thiên
2026-09-28,vn,Vietnam,top_videos_daily,,28,https://i.ytimg.com/vi/QxXYWMIQAcQ/mqdefault.jpg,https://www.youtube.com/watch?v=QxXYWMIQAcQ,Dangrangto - 'để dành cho em' (Visualizer),Dangrangto,,,Dangrangto - 'để dành cho em' (Visualizer) Dangrangto
2026-09-28,vn,Vietnam,top_videos_daily,,29,https://i.ytimg.com/vi/1qu1rIBM63M/mqdefault.jpg,https://www.youtube.com/watch?v=1qu1rIBM63M,Hẹn em dưới pháo hoa | Ân Ngờ và Kphuong [Official MV],Ân ngờ,,,Hẹn em dưới pháo hoa | Ân Ngờ và Kphuong [Official MV] Ân ngờ
2026-09-28,vn,Vietnam,top_videos_daily,,30,https://i.ytimg.com/vi/ss3NJ7uopjc/mqdefault.jpg,https://www.youtube.com/watch?v=ss3NJ7uopjc,Liệu Giờ,2T,"4月 14, 2019",114726,"30 7 Liệu Giờ 2T 4月 14, 2019 37 37 114,726"
2026-09-28,vn,Vietnam,top_videos_daily,,31,https://i.ytimg.com/vi/jM6UrE3Bxw4/mqdefault.jpg,https://www.youtube.com/watch?v=jM6UrE3Bxw4,Tự Do Như Cơn Gió,Xanh,,,Tự Do Như Cơn Gió Xanh
2026-09-28,vn,Vietnam,top_videos_daily,,32,https://i.ytimg.com/vi/k7YJHCR9JBE/mqdefault.jpg,https://www.youtube.com/watch?v=k7YJHCR9JBE,50 Năm Về Sau,Đặng Thanh Tuyền,,,50 Năm Về Sau Đặng Thanh Tuyền
2026-09-28,vn,Vietnam,top_videos_daily,,33,https://i.ytimg.com/vi/7rWEqGTE4YY/mqdefault.jpg,https://www.youtube.com/watch?v=7rWEqGTE4YY,CẢM ƠN TÌNH YÊU TÔI - Tiết mục Nhà Thăng Hoa | Anh Trai Vượt Ngàn Chông Gai 2026,YEAH1 MUSIC,,2026,CẢM ƠN TÌNH YÊU TÔI - Tiết mục Nhà Thăng Hoa | Anh Trai Vượt Ngàn Chông Gai 2026 YEAH1 MUSIC
2026-09-28,vn,Vietnam,top_videos_daily,,34,https://i.ytimg.com/vi/xxe5d9QJav4/mqdefault.jpg,https://www.youtube.com/watch?v=xxe5d9QJav4,Sandwich & Story,EmceeDan / MONO,,,Sandwich & Story EmceeDan & MONO
2026-09-28,vn,Vietnam,top_videos_daily,,35,https://i.ytimg.com/vi/-M91YDMeFnc/mqdefault.jpg,https://www.youtube.com/watch?v=-M91YDMeFnc,Quốc Thiên - Kẻ Say Tình 3 ( Ngày Gió Giông ) | Official MV Visualizer,Quốc Thiên,,,Quốc Thiên - Kẻ Say Tình 3 ( Ngày Gió Giông ) | Official MV Visualizer Quốc Thiên
2026-09-28,vn,Vietnam,top_videos_daily,,36,https://i.ytimg.com/vi/fTXd-DpN3AI/mqdefault.jpg,https://www.youtube.com/watch?v=fTXd-DpN3AI,Bông Hoa Đẹp Nhất,Quân A.P,,,Bông Hoa Đẹp Nhất Quân A.P
2026-09-28,vn,Vietnam,top_videos_daily,,37,https://i.ytimg.com/vi/eJXL4-4m5nY/mqdefault.jpg,https://www.youtube.com/watch?v=eJXL4-4m5nY,BTS (방탄소년단) ‘Merry Go Round’ Official MV,防彈少年團,,,BTS (방탄소년단) ‘Merry Go Round’ Official MV 防彈少年團
2026-09-28,vn,Vietnam,top_videos_daily,,38,https://i.ytimg.com/vi/0uGWdfqX_T8/mqdefault.jpg,https://www.youtube.com/watch?v=0uGWdfqX_T8,TELL ME WHY,"Dương Domic / TINH HÀ ""SAY HI""",,,"TELL ME WHY Dương Domic & TINH HÀ ""SAY HI"""
2026-09-28,vn,Vietnam,top_videos_daily,,39,https://i.ytimg.com/vi/iPV8gGJBvRQ/mqdefault.jpg,https://www.youtube.com/watch?v=iPV8gGJBvRQ,Vùng Lá Me Bay Karaoke Tone Nam ( Cm ) Nhạc Sống 2026 Hát Nhẹ Nhàng | Trọng Hiếu,Hiếu Organ,,2026,Vùng Lá Me Bay Karaoke Tone Nam ( Cm ) Nhạc Sống 2026 Hát Nhẹ Nhàng | Trọng Hiếu Hiếu Organ
2026-09-28,vn,Vietnam,top_videos_daily,,40,https://i.ytimg.com/vi/sPQXOA6pzOg/mqdefault.jpg,https://www.youtube.com/watch?v=sPQXOA6pzOg,Ngày Rời Chuyến Bay,Minh Huy / Pinny,,,Ngày Rời Chuyến Bay Minh Huy & Pinny
2026-09-28,vn,Vietnam,top_videos_daily,,41,https://i.ytimg.com/vi/qM9woZ4i36Q/mqdefault.jpg,https://www.youtube.com/watch?v=qM9woZ4i36Q,JACK - J97 | ANH YÊU EM (我愛你) | Album TAM THÁI TỬ - Track No.3,J97,,,JACK - J97 | ANH YÊU EM (我爱你) | Album TAM THÁI TỬ - Track No.3 J97
2026-09-28,vn,Vietnam,top_videos_daily,,42,https://i.ytimg.com/vi/s76BtB81Oms/mqdefault.jpg,https://www.youtube.com/watch?v=s76BtB81Oms,ĐỚN ĐAU VÔ CÙNG,DatKaa,,,ĐỚN ĐAU VÔ CÙNG DatKaa
2026-09-28,vn,Vietnam,top_videos_daily,,43,https://i.ytimg.com/vi/om6Qessps1c/mqdefault.jpg,https://www.youtube.com/watch?v=om6Qessps1c,50 CUỘC GỌI NHỠ,"TINH HÀ ""SAY HI"" / COOLKID / Quang Hùng MasterD / CODYNAMVO / Jaysonlei",,,"50 CUỘC GỌI NHỠ TINH HÀ ""SAY HI"" , COOLKID , Quang Hùng MasterD , CODYNAMVO & Jaysonlei"
2026-09-28,vn,Vietnam,top_videos_daily,,44,https://i.ytimg.com/vi/HedP3E7ljhk/mqdefault.jpg,https://www.youtube.com/watch?v=HedP3E7ljhk,Xin Đừng Rời Xa Anh (Truzg Remix) | Lê Gia Bảo | Nhạc Hot Trend TikTok 2026,Lê Gia Bảo,,2026,Xin Đừng Rời Xa Anh (Truzg Remix) | Lê Gia Bảo | Nhạc Hot Trend TikTok 2026 Lê Gia Bảo
2026-09-28,vn,Vietnam,top_videos_daily,,45,https://i.ytimg.com/vi/fdFRy9zBdMo/mqdefault.jpg,https://www.youtube.com/watch?v=fdFRy9zBdMo,Kẻ Say Tình 2 (Live),Quoc Thien,,,Kẻ Say Tình 2 (Live) Quoc Thien
2026-09-28,vn,Vietnam,top_videos_daily,,46,https://i.ytimg.com/vi/8jdPD_CDMdM/mqdefault.jpg,https://www.youtube.com/watch?v=8jdPD_CDMdM,Những Gì Anh Nói,Bozitt,,,Những Gì Anh Nói Bozitt
2026-09-28,vn,Vietnam,top_videos_daily,,47,https://i.ytimg.com/vi/-RIH9RQMuZc/mqdefault.jpg,https://www.youtube.com/watch?v=-RIH9RQMuZc,「KARAOKE TONE NỮ」 NGƯỢC LỐI YÊU (LIVE STAGE) - VICKY NHUNG x CHU THÚY QUỲNH | BEAT GỐC TONE NỮ,Vicky Nhung,,,「KARAOKE TONE NỮ」 NGƯỢC LỐI YÊU (LIVE STAGE) - VICKY NHUNG x CHU THÚY QUỲNH | BEAT GỐC TONE NỮ Vicky Nhung
2026-09-28,vn,Vietnam,top_videos_daily,,48,https://i.ytimg.com/vi/Udc6MAAZT30/mqdefault.jpg,https://www.youtube.com/watch?v=Udc6MAAZT30,Từng Là Của Nhau,Bảo Anh / Táo,,,Từng Là Của Nhau Bảo Anh & Táo
2026-09-28,vn,Vietnam,top_videos_daily,,49,https://i.ytimg.com/vi/KNnSoRrDb5g/mqdefault.jpg,https://www.youtube.com/watch?v=KNnSoRrDb5g,KHÔNG MÔN ĐĂNG HỘ ĐỐI - NGUYỄN VĨ | OFFICIAL MUSIC VIDEO,Nguyễn Vĩ,,,KHÔNG MÔN ĐĂNG HỘ ĐỐI - NGUYỄN VĨ | OFFICIAL MUSIC VIDEO Nguyễn Vĩ
2026-09-28,vn,Vietnam,top_videos_daily,,50,https://i.ytimg.com/vi/8-bKjcADU18/mqdefault.jpg,https://www.youtube.com/watch?v=8-bKjcADU18,MƯA VỘI PHÓNG,"TINH HÀ ""SAY HI"" / Wren Evans / Ali Hoàng Dương / CODY Nam Võ / HYO / 2Pillz",,,"MƯA VỘI PHÓNG TINH HÀ ""SAY HI"" , Wren Evans , Ali Hoàng Dương , CODY Nam Võ , HYO & 2Pillz"
2026-09-28,vn,Vietnam,top_videos_daily,,51,https://i.ytimg.com/vi/hzUG1erf3Yw/mqdefault.jpg,https://www.youtube.com/watch?v=hzUG1erf3Yw,Xin Đừng Rời Xa Anh (Beat),Lê Gia Bảo,,,Xin Đừng Rời Xa Anh (Beat) Lê Gia Bảo
2026-09-28,vn,Vietnam,top_videos_daily,,52,https://i.ytimg.com/vi/xJ1uMrL9Rwo/mqdefault.jpg,https://www.youtube.com/watch?v=xJ1uMrL9Rwo,Ngồi Nghe Em Khóc,DatG Music,,,Ngồi Nghe Em Khóc DatG Music
2026-09-28,vn,Vietnam,top_videos_daily,,53,https://i.ytimg.com/vi/FNbT75NoaAI/mqdefault.jpg,https://www.youtube.com/watch?v=FNbT75NoaAI,JACK - J97 | HOA TRONG ĐÁ | Official Music Video - Album TAM THÁI TỬ - Track No.1,Jack - J97,,,JACK - J97 | HOA TRONG ĐÁ | Official Music Video - Album TAM THÁI TỬ - Track No.1 Jack - J97
2026-09-28,vn,Vietnam,top_videos_daily,,54,https://i.ytimg.com/vi/XpY62G82-HI/mqdefault.jpg,https://www.youtube.com/watch?v=XpY62G82-HI,Thương Lấy Phận Mình (Remix),Thái Học,,,Thương Lấy Phận Mình (Remix) Thái Học
2026-09-28,vn,Vietnam,top_videos_daily,,55,https://i.ytimg.com/vi/dTZGuJACBWg/mqdefault.jpg,https://www.youtube.com/watch?v=dTZGuJACBWg,"gái tây gốc Việt | Nicole Nguyễn ft Tommy Tèo, Billy100 | OFFICIAL MV",Grammy Music Vietnam,,100,"gái tây gốc Việt | Nicole Nguyễn ft Tommy Tèo, Billy100 | OFFICIAL MV Grammy Music Vietnam"
2026-09-28,vn,Vietnam,top_videos_daily,,56,https://i.ytimg.com/vi/kg95kQK26dM/mqdefault.jpg,https://www.youtube.com/watch?v=kg95kQK26dM,Dangrangto - đánh rơi (feat. MICKEY) [lyric visualizer],Dangrangto,,,Dangrangto - đánh rơi (feat. MICKEY) [lyric visualizer] Dangrangto
2026-09-28,vn,Vietnam,top_videos_daily,,57,https://i.ytimg.com/vi/PKTqqnWEybA/mqdefault.jpg,https://www.youtube.com/watch?v=PKTqqnWEybA,JACK - J97 | MỖI LẦN NHỚ EM LÀ MỘT NGÀY MƯA | Album TAM THÁI TỬ - Track No.6,Jack - J97,,,JACK - J97 | MỖI LẦN NHỚ EM LÀ MỘT NGÀY MƯA | Album TAM THÁI TỬ - Track No.6 Jack - J97
2026-09-28,vn,Vietnam,top_videos_daily,,58,https://i.ytimg.com/vi/zs1CJNEMpSU/mqdefault.jpg,https://www.youtube.com/watch?v=zs1CJNEMpSU,Thử Lòng Quân Tử,Phương Mỹ Chi / DTAP / RHYDER,,,"Thử Lòng Quân Tử Phương Mỹ Chi , DTAP & RHYDER"
2026-09-28,vn,Vietnam,top_videos_daily,,59,https://i.ytimg.com/vi/UCXao7aTDQM/mqdefault.jpg,https://www.youtube.com/watch?v=UCXao7aTDQM,Hà Anh Tuấn - Tháng Tư Là Lời Nói Dối Của Em (Official MV),Hà Anh Tuấn,,,Hà Anh Tuấn - Tháng Tư Là Lời Nói Dối Của Em (Official MV) Hà Anh Tuấn
2026-09-28,vn,Vietnam,top_videos_daily,,60,https://i.ytimg.com/vi/XwshmJV-DHg/mqdefault.jpg,https://www.youtube.com/watch?v=XwshmJV-DHg,"Quang Hùng MasterD - 'SECRET' (ft. Cody Nam Võ, Wren Evans, CONGB) / TINH HÀ SAY HI",Quang Hùng MasterD,,,"Quang Hùng MasterD - 'SECRET' (ft. Cody Nam Võ, Wren Evans, CONGB) / TINH HÀ SAY HI Quang Hùng MasterD"
2026-09-28,vn,Vietnam,top_videos_daily,,61,https://i.ytimg.com/vi/Eb8tfBakNMg/mqdefault.jpg,https://www.youtube.com/watch?v=Eb8tfBakNMg,CODY NAM VÕ - DO 4 LOVE | TINH HÀ SAY HI [PERFORMANCE],Vie Channel - MUSIC,,,CODY NAM VÕ - DO 4 LOVE | TINH HÀ SAY HI [PERFORMANCE] Vie Channel - MUSIC
2026-09-28,vn,Vietnam,top_videos_daily,,62,https://i.ytimg.com/vi/fcnDmrtj6Sk/mqdefault.jpg,https://www.youtube.com/watch?v=fcnDmrtj6Sk,Dai Dai,Shakira / Burna Boy,,,Dai Dai Shakira & Burna Boy
2026-09-28,vn,Vietnam,top_videos_daily,,63,https://i.ytimg.com/vi/NPqtL1dtrlA/mqdefault.jpg,https://www.youtube.com/watch?v=NPqtL1dtrlA,Love Options(연애의 조건),BESTIE,,,Love Options(연애의 조건) BESTIE
2026-09-28,vn,Vietnam,top_videos_daily,,64,https://i.ytimg.com/vi/f4pdkPVkFi8/mqdefault.jpg,https://www.youtube.com/watch?v=f4pdkPVkFi8,JACK - J97 | HƯỚNG DƯƠNG BẤT TỨC | Album TAM THÁI TỬ - Track No.10,Jack - J97,,,JACK - J97 | HƯỚNG DƯƠNG BẤT TỨC | Album TAM THÁI TỬ - Track No.10 Jack - J97
2026-09-28,vn,Vietnam,top_videos_daily,,65,https://i.ytimg.com/vi/3YJegkIccEY/mqdefault.jpg,https://www.youtube.com/watch?v=3YJegkIccEY,"VƯỢT NGƯỠNG TÌNH YÊU - HURRYKNG, Dương Domic, KIMLONG, XUÂN ĐỊNH KY, FrancisGotHeat | TINH HÀ SAY HI",Vie Channel - MUSIC,,,"VƯỢT NGƯỠNG TÌNH YÊU - HURRYKNG, Dương Domic, KIMLONG, XUÂN ĐỊNH KY, FrancisGotHeat | TINH HÀ SAY HI Vie Channel - MUSIC"
2026-09-28,vn,Vietnam,top_videos_daily,,66,https://i.ytimg.com/vi/LYBcmQj7KUw/mqdefault.jpg,https://www.youtube.com/watch?v=LYBcmQj7KUw,GIẢI CỨU THẾ GIỚI,"Sơn.K / HYO / SOFTEST HARD / TINH HÀ ""SAY HI"" / IVAN / JSOL",,,"GIẢI CỨU THẾ GIỚI Sơn.K , HYO , SOFTEST HARD , TINH HÀ ""SAY HI"" , IVAN & JSOL"
2026-09-28,vn,Vietnam,top_videos_daily,,67,https://i.ytimg.com/vi/wnwwK_FCWAM/mqdefault.jpg,https://www.youtube.com/watch?v=wnwwK_FCWAM,"5 THÁNG - Wren Evans, WEAN, Ali Hoàng Dương, Jaysonlei, SOFTSERVEBOY | TINH HÀ SAY HI [PERFORMANCE]",Vie Channel - MUSIC,,,"5 THÁNG - Wren Evans, WEAN, Ali Hoàng Dương, Jaysonlei, SOFTSERVEBOY | TINH HÀ SAY HI [PERFORMANCE] Vie Channel - MUSIC"
2026-09-28,vn,Vietnam,top_videos_daily,,68,https://i.ytimg.com/vi/RM-LMRqL5zE/mqdefault.jpg,https://www.youtube.com/watch?v=RM-LMRqL5zE,Gián Đáng Iu Hongg?,Lâm Thằn Lằn / The New Gene,,,Gián Đáng Iu Hongg? Lâm Thằn Lằn & The New Gene
2026-09-28,vn,Vietnam,top_videos_daily,,69,https://i.ytimg.com/vi/J7e-ClZzupY/mqdefault.jpg,https://www.youtube.com/watch?v=J7e-ClZzupY,Jaysonlei ft. SAABIROSE - TA KHÔNG NÊN | TINH HÀ SAY HI [PERFORMANCE],Vie Channel - MUSIC,,,Jaysonlei ft. SAABIROSE - TA KHÔNG NÊN | TINH HÀ SAY HI [PERFORMANCE] Vie Channel - MUSIC
2026-09-28,vn,Vietnam,top_videos_daily,,70,https://i.ytimg.com/vi/RH2fBI80v3c/mqdefault.jpg,https://www.youtube.com/watch?v=RH2fBI80v3c,VÔ TÌNH ĐÁNH RƠI,"TINH HÀ ""SAY HI"" / CAPTAIN BOY",,,"VÔ TÌNH ĐÁNH RƠI TINH HÀ ""SAY HI"" & CAPTAIN BOY"
2026-09-28,vn,Vietnam,top_videos_daily,,71,https://i.ytimg.com/vi/i724lraI93s/mqdefault.jpg,https://www.youtube.com/watch?v=i724lraI93s,Bốn Chữ Lắm,Trúc Nhân,,,Bốn Chữ Lắm Trúc Nhân
2026-09-28,vn,Vietnam,top_videos_daily,,72,https://i.ytimg.com/vi/KyZHbM_zC0I/mqdefault.jpg,https://www.youtube.com/watch?v=KyZHbM_zC0I,TIẾNG RU CỘI NGUỒN | Liên Minh Nguyên Tố Mỹ Mãn | Anh Trai Vượt Ngàn Chông Gai 2026,YEAH1 MUSIC,,2026,TIẾNG RU CỘI NGUỒN | Liên Minh Nguyên Tố Mỹ Mãn | Anh Trai Vượt Ngàn Chông Gai 2026 YEAH1 MUSIC
2026-09-28,vn,Vietnam,top_videos_daily,,73,https://i.ytimg.com/vi/yszxOH4e5eA/mqdefault.jpg,https://www.youtube.com/watch?v=yszxOH4e5eA,Mối Duyên Vàng,Võ Thu Hà / Tuấn Cry,,,Mối Duyên Vàng Võ Thu Hà & Tuấn Cry
2026-09-28,vn,Vietnam,top_videos_daily,,74,https://i.ytimg.com/vi/S2uRy0Gi20I/mqdefault.jpg,https://www.youtube.com/watch?v=S2uRy0Gi20I,GIẬN HỜN ĐỂ ĐƯỢC YÊU - ANH BA TRỨNG - BOLERO - SÁNG TÁC MỚI NGHE CỰC ÊM TAI,Anh Ba Trứng,,,GIẬN HỜN ĐỂ ĐƯỢC YÊU - ANH BA TRỨNG - BOLERO - SÁNG TÁC MỚI NGHE CỰC ÊM TAI Anh Ba Trứng
2026-09-28,vn,Vietnam,top_videos_daily,,75,https://i.ytimg.com/vi/bnj1xUDkpBk/mqdefault.jpg,https://www.youtube.com/watch?v=bnj1xUDkpBk,Giấc Mộng Ca Sĩ,Vanh Leg,,,Giấc Mộng Ca Sĩ Vanh Leg
2026-09-28,vn,Vietnam,top_videos_daily,,76,https://i.ytimg.com/vi/SlQR9iu09bQ/mqdefault.jpg,https://www.youtube.com/watch?v=SlQR9iu09bQ,Come My Way,山松 / Tyga,,,Come My Way 山松 & Tyga
2026-09-28,vn,Vietnam,top_videos_daily,,77,https://i.ytimg.com/vi/eHwesHMnr2o/mqdefault.jpg,https://www.youtube.com/watch?v=eHwesHMnr2o,vùng vẫy,Dangrangto / ZEXZEX / DONAL,,,"vùng vẫy Dangrangto , ZEXZEX & DONAL"
2026-09-28,vn,Vietnam,top_videos_daily,,78,https://i.ytimg.com/vi/9VLQYN_ZhIM/mqdefault.jpg,https://www.youtube.com/watch?v=9VLQYN_ZhIM,Xin Đừng Rời Xa Anh (Remix Viral TikTok) - Lê Gia Bảo | Xin đừng rời xa anh đừng để lệ hoen mi anh,Lê Gia Bảo,,,Xin Đừng Rời Xa Anh (Remix Viral TikTok) - Lê Gia Bảo | Xin đừng rời xa anh đừng để lệ hoen mi anh Lê Gia Bảo
2026-09-28,vn,Vietnam,top_videos_daily,,79,https://i.ytimg.com/vi/lXhTCkzas8Q/mqdefault.jpg,https://www.youtube.com/watch?v=lXhTCkzas8Q,Yung Ni99 - NSCN [Music Video],Yung Ni99,,,Yung Ni99 - NSCN [Music Video] Yung Ni99
2026-09-28,vn,Vietnam,top_videos_daily,,80,https://i.ytimg.com/vi/ljN7Pv3cnIo/mqdefault.jpg,https://www.youtube.com/watch?v=ljN7Pv3cnIo,ĐÔ TRƯỞNG,DatG Music,,,ĐÔ TRƯỞNG DatG Music
2026-09-28,vn,Vietnam,top_videos_daily,,81,https://i.ytimg.com/vi/3DcoC8p9az8/mqdefault.jpg,https://www.youtube.com/watch?v=3DcoC8p9az8,Training Season (Live),Dua Lipa,,,Training Season (Live) Dua Lipa
2026-09-28,vn,Vietnam,top_videos_daily,,82,https://i.ytimg.com/vi/MzCbEdtNbJ0/mqdefault.jpg,https://www.youtube.com/watch?v=MzCbEdtNbJ0,HARU HARU(하루하루),BIGBANG,,,HARU HARU(하루하루) BIGBANG
2026-09-28,vn,Vietnam,top_videos_daily,,83,https://i.ytimg.com/vi/I6kuuYy6L8g/mqdefault.jpg,https://www.youtube.com/watch?v=I6kuuYy6L8g,buitruonglinh - TOP 1 (TRONG MẮT EM) | TINH HÀ SAY HI [PERFORMANCE],Vie Channel - MUSIC,,,buitruonglinh - TOP 1 (TRONG MẮT EM) | TINH HÀ SAY HI [PERFORMANCE] Vie Channel - MUSIC
2026-09-28,vn,Vietnam,top_videos_daily,,84,https://i.ytimg.com/vi/pMUgdBS6tCA/mqdefault.jpg,https://www.youtube.com/watch?v=pMUgdBS6tCA,Ở Hai Đầu Nỗi Nhớ,Minh Vuong M4U / Le Thuy,,,Ở Hai Đầu Nỗi Nhớ Minh Vuong M4U & Le Thuy
2026-09-28,vn,Vietnam,top_videos_daily,,85,https://i.ytimg.com/vi/z_R9gRiWSlg/mqdefault.jpg,https://www.youtube.com/watch?v=z_R9gRiWSlg,MUỘII - Dầm Mưa (nhưng không cảm lạnh) ft. ERIK X Nguyễn Phúc Thiện | Official Music Video,Muộii,,,MUỘII - Dầm Mưa (nhưng không cảm lạnh) ft. ERIK X Nguyễn Phúc Thiện | Official Music Video Muộii
2026-09-28,vn,Vietnam,top_videos_daily,,86,https://i.ytimg.com/vi/0ohZ4Eslwf8/mqdefault.jpg,https://www.youtube.com/watch?v=0ohZ4Eslwf8,JACK - J97 | THÌ RA MÌNH ĐÃ YÊU NHAU XONG RỒI | Album TAM THÁI TỬ - Track No.9,Jack - J97,,,JACK - J97 | THÌ RA MÌNH ĐÃ YÊU NHAU XONG RỒI | Album TAM THÁI TỬ - Track No.9 Jack - J97
2026-09-28,vn,Vietnam,top_videos_daily,,87,https://i.ytimg.com/vi/ydwcVf7dlMY/mqdefault.jpg,https://www.youtube.com/watch?v=ydwcVf7dlMY,Tình Còn Theo Năm Tháng – Một Đời Bên Nhau Mãi Mãi “Mình Ơi” | Hoàng K Official,Hoàng K Official,,,Tình Còn Theo Năm Tháng – Một Đời Bên Nhau Mãi Mãi “Mình Ơi” | Hoàng K Official Hoàng K Official
2026-09-28,vn,Vietnam,top_videos_daily,,88,https://i.ytimg.com/vi/XLbOWqjmj4Q/mqdefault.jpg,https://www.youtube.com/watch?v=XLbOWqjmj4Q,Động Thăng Thiên,Vanh Leg,,,Động Thăng Thiên Vanh Leg
2026-09-28,vn,Vietnam,top_videos_daily,,89,https://i.ytimg.com/vi/redFrGBZoJY/mqdefault.jpg,https://www.youtube.com/watch?v=redFrGBZoJY,Sinh Ra Đã Là Thứ Đối Lập Nhau,Da LAB,,,Sinh Ra Đã Là Thứ Đối Lập Nhau Da LAB
2026-09-28,vn,Vietnam,top_videos_daily,,90,https://i.ytimg.com/vi/flmgEV92Z_A/mqdefault.jpg,https://www.youtube.com/watch?v=flmgEV92Z_A,Thiệp Hồng Anh Viết Tên Em,Lê Sang,,,Thiệp Hồng Anh Viết Tên Em Lê Sang
2026-09-28,vn,Vietnam,top_videos_daily,,91,https://i.ytimg.com/vi/FyS5dAywkEo/mqdefault.jpg,https://www.youtube.com/watch?v=FyS5dAywkEo,SaWaDiKa (Official Music Video),LISA,,,SaWaDiKa (Official Music Video) LISA
2026-09-28,vn,Vietnam,top_videos_daily,,92,https://i.ytimg.com/vi/gR7-IH4K6DE/mqdefault.jpg,https://www.youtube.com/watch?v=gR7-IH4K6DE,JACK - J97 | NÁT TAN CÕI LÒNG | Album TAM THÁI TỬ - Track No.7,Jack - J97,,,JACK - J97 | NÁT TAN CÕI LÒNG | Album TAM THÁI TỬ - Track No.7 Jack - J97
2026-09-28,vn,Vietnam,top_videos_daily,,93,https://i.ytimg.com/vi/S6x-p6Vfyew/mqdefault.jpg,https://www.youtube.com/watch?v=S6x-p6Vfyew,Để Dành Khi Thức Giấc - SIVAN (Lyrics Audio),SIVAN,,,Để Dành Khi Thức Giấc - SIVAN (Lyrics Audio) SIVAN
2026-09-28,vn,Vietnam,top_videos_daily,,94,https://i.ytimg.com/vi/K601I5gP0_I/mqdefault.jpg,https://www.youtube.com/watch?v=K601I5gP0_I,Từ em mà ra,Lil Zpoet,,,Từ em mà ra Lil Zpoet
2026-09-28,vn,Vietnam,top_videos_daily,,95,https://i.ytimg.com/vi/p1twmDbv3yA/mqdefault.jpg,https://www.youtube.com/watch?v=p1twmDbv3yA,LK Sao Không Thấy Anh Về / Nén Hương Yêu,如瓊 / 長武,,,LK Sao Không Thấy Anh Về / Nén Hương Yêu 如瓊 & 長武
2026-09-28,vn,Vietnam,top_videos_daily,,96,https://i.ytimg.com/vi/Vrw0keFiuxk/mqdefault.jpg,https://www.youtube.com/watch?v=Vrw0keFiuxk,Nhạc Lộn Xộn 5IN1 SIÊU PEAK: Anh Vội Quên x Yêu Bằng Mắt x Trả Cho Anh x Chấp Niệm Trong Em,Sky Remix,,,Nhạc Lộn Xộn 5IN1 SIÊU PEAK: Anh Vội Quên x Yêu Bằng Mắt x Trả Cho Anh x Chấp Niệm Trong Em Sky Remix
2026-09-28,vn,Vietnam,top_videos_daily,,97,https://i.ytimg.com/vi/C4PYJSDEp08/mqdefault.jpg,https://www.youtube.com/watch?v=C4PYJSDEp08,Yung Ni99 - Young Money,Yung Ni99,,,Yung Ni99 - Young Money Yung Ni99
2026-09-28,vn,Vietnam,top_videos_daily,,98,https://i.ytimg.com/vi/-d3q5qYU7uY/mqdefault.jpg,https://www.youtube.com/watch?v=-d3q5qYU7uY,CÔ ĐƠN ANH CŨNG VUI,Thể Thiên / WEAN / KIMLONG / Xuân Định K.Y / DILLAN,,,"CÔ ĐƠN ANH CŨNG VUI Thể Thiên , WEAN , KIMLONG , Xuân Định K.Y & DILLAN"
2026-09-28,vn,Vietnam,top_videos_daily,,99,https://i.ytimg.com/vi/GhcwOsYqwSo/mqdefault.jpg,https://www.youtube.com/watch?v=GhcwOsYqwSo,TỬU ÂM || LÊ GIA QUÂN ft TVk || OFFICIAL MUSIC VIDEO,Lê Gia Quân,,,TỬU ÂM || LÊ GIA QUÂN ft TVk || OFFICIAL MUSIC VIDEO Lê Gia Quân
2026-09-28,vn,Vietnam,top_videos_daily,,100,https://i.ytimg.com/vi/5qqUYmJZc6Q/mqdefault.jpg,https://www.youtube.com/watch?v=5qqUYmJZc6Q,Thương Thầm Cô Lái Đò (Remix),Tiến võ,,,Thương Thầm Cô Lái Đò (Remix) Tiến võ
2026-09-28,th,Thailand,top_videos_daily,,1,https://i.ytimg.com/vi/23cipSExADA/mqdefault.jpg,https://www.youtube.com/watch?v=23cipSExADA,เพราะพี่รักจริง,หนึ่ง บีเคแบนด์,,,เพราะพี่รักจริง หนึ่ง บีเคแบนด์
2026-09-28,th,Thailand,top_videos_daily,,2,https://i.ytimg.com/vi/pTQiOMm_53Y/mqdefault.jpg,https://www.youtube.com/watch?v=pTQiOMm_53Y,PORZAX - ไม่ได้เลวขนาดนั้น (MV),PORZAX,,,PORZAX - ไม่ได้เลวขนาดนั้น (MV) PORZAX
2026-09-28,th,Thailand,top_videos_daily,,3,https://i.ytimg.com/vi/8XXPxLLgwt8/mqdefault.jpg,https://www.youtube.com/watch?v=8XXPxLLgwt8,GAVIN:D x Violette Wautier - อย่ามากกว่าฉันก็พอ [IN MY ROOM SESSION],GAVIN:D,,,GAVIN:D x Violette Wautier - อย่ามากกว่าฉันก็พอ [IN MY ROOM SESSION] GAVIN:D
2026-09-28,th,Thailand,top_videos_daily,,4,https://i.ytimg.com/vi/C40oligg6xE/mqdefault.jpg,https://www.youtube.com/watch?v=C40oligg6xE,นาฬิกาทราย (sign),BOWKYLION,,,นาฬิกาทราย (sign) BOWKYLION
2026-09-28,th,Thailand,top_videos_daily,,5,https://i.ytimg.com/vi/RrWFlqoWIHY/mqdefault.jpg,https://www.youtube.com/watch?v=RrWFlqoWIHY,ไม่รักดีกว่า,Z9,"8月 19, 2026",481334,"5 1 ไม่รักดีกว่า Z9 8月 19, 2026 4 39 481,334"
2026-09-28,th,Thailand,top_videos_daily,,6,https://i.ytimg.com/vi/LUE3AxSEff8/mqdefault.jpg,https://www.youtube.com/watch?v=LUE3AxSEff8,บ้านเธอบ้านฉัน,เบิ้ล ยุทธพล,,,บ้านเธอบ้านฉัน เบิ้ล ยุทธพล
2026-09-28,th,Thailand,top_videos_daily,,7,https://i.ytimg.com/vi/zMciAtU4miE/mqdefault.jpg,https://www.youtube.com/watch?v=zMciAtU4miE,บ่มีสิทธิ์ - ธีร์ ทีเร็กซ์ x หยุด สาละวัน : เซิ้ง|Music 【Official MV】,SERNG MUSiC OFFICIAL,,,บ่มีสิทธิ์ - ธีร์ ทีเร็กซ์ x หยุด สาละวัน : เซิ้ง|Music 【Official MV】 SERNG MUSiC OFFICIAL
2026-09-28,th,Thailand,top_videos_daily,,8,https://i.ytimg.com/vi/HTjkVCSsKv8/mqdefault.jpg,https://www.youtube.com/watch?v=HTjkVCSsKv8,เมื่อไหร่จะมี (มีใจให้กัน),BLVCKHEART,,,เมื่อไหร่จะมี (มีใจให้กัน) BLVCKHEART
2026-09-28,th,Thailand,top_videos_daily,,9,https://i.ytimg.com/vi/W3mlJNg0pzE/mqdefault.jpg,https://www.youtube.com/watch?v=W3mlJNg0pzE,SaWaDiKa,LISA,"9月 25, 2026",313038,"9 16 SaWaDiKa LISA 9月 25, 2026 25 2 313,038"
2026-09-28,th,Thailand,top_videos_daily,,10,https://i.ytimg.com/vi/JeHnrF61J80/mqdefault.jpg,https://www.youtube.com/watch?v=JeHnrF61J80,ถอนคำสาบาน,อะตอม ตาปีมิวสิคกรุ๊ป,,,ถอนคำสาบาน อะตอม ตาปีมิวสิคกรุ๊ป
2026-09-28,th,Thailand,top_videos_daily,,11,https://i.ytimg.com/vi/5ySwsjh7SLQ/mqdefault.jpg,https://www.youtube.com/watch?v=5ySwsjh7SLQ,ขึ้นใจ (3am call),Mirrr,,,ขึ้นใจ (3am call) Mirrr
2026-09-28,th,Thailand,top_videos_daily,,12,https://i.ytimg.com/vi/E-xqEPPyciw/mqdefault.jpg,https://www.youtube.com/watch?v=E-xqEPPyciw,ทิ้งกันไม่ได้หรอก,JSPKK / แจ๊ส สปุ๊กนิค ปาปิยอง กุ๊กกุ๊ก,,,ทิ้งกันไม่ได้หรอก JSPKK & แจ๊ส สปุ๊กนิค ปาปิยอง กุ๊กกุ๊ก
2026-09-28,th,Thailand,top_videos_daily,,13,https://i.ytimg.com/vi/vmqE5G5YsW4/mqdefault.jpg,https://www.youtube.com/watch?v=vmqE5G5YsW4,ขึ้นใจ (3am call),Mirrr,,,ขึ้นใจ (3am call) Mirrr
2026-09-28,th,Thailand,top_videos_daily,,14,https://i.ytimg.com/vi/FyS5dAywkEo/mqdefault.jpg,https://www.youtube.com/watch?v=FyS5dAywkEo,SaWaDiKa (Official Music Video),LISA,,,SaWaDiKa (Official Music Video) LISA
2026-09-28,th,Thailand,top_videos_daily,,15,https://i.ytimg.com/vi/UZKZclgeRTg/mqdefault.jpg,https://www.youtube.com/watch?v=UZKZclgeRTg,พอได้เสียว - ดิด คิตตี้ | Official MV,ดิด คิตตี้,,,พอได้เสียว - ดิด คิตตี้ | Official MV ดิด คิตตี้
2026-09-28,th,Thailand,top_videos_daily,,16,https://i.ytimg.com/vi/Q5SEFSLTYMc/mqdefault.jpg,https://www.youtube.com/watch?v=Q5SEFSLTYMc,จำบ่เป็น,ธีร์ ทีเร็กซ์ OFFICIAL,,,จำบ่เป็น ธีร์ ทีเร็กซ์ OFFICIAL
2026-09-28,th,Thailand,top_videos_daily,,17,https://i.ytimg.com/vi/KwIW4E7b59I/mqdefault.jpg,https://www.youtube.com/watch?v=KwIW4E7b59I,กลางมหาสมุทร - เล็ก รัชเมศฐ์「Official MV」,Lek Ratchamet,,,กลางมหาสมุทร - เล็ก รัชเมศฐ์「Official MV」 Lek Ratchamet
2026-09-28,th,Thailand,top_videos_daily,,18,https://i.ytimg.com/vi/70oRsDKJWiY/mqdefault.jpg,https://www.youtube.com/watch?v=70oRsDKJWiY,ฟ้าสีครามกับความเป็นจริง,BOVINI,,,ฟ้าสีครามกับความเป็นจริง BOVINI
2026-09-28,th,Thailand,top_videos_daily,,19,https://i.ytimg.com/vi/uRvKYox9ui8/mqdefault.jpg,https://www.youtube.com/watch?v=uRvKYox9ui8,เก็บทรง - FULL「Official MV」,FULL,,,เก็บทรง - FULL「Official MV」 FULL
2026-09-28,th,Thailand,top_videos_daily,,20,https://i.ytimg.com/vi/D8T1EpbICsc/mqdefault.jpg,https://www.youtube.com/watch?v=D8T1EpbICsc,จิ้งจก ตุ๊กแก อึ่งอ่าง,เพ้นท์ คอนเน่,,,จิ้งจก ตุ๊กแก อึ่งอ่าง เพ้นท์ คอนเน่
2026-09-28,th,Thailand,top_videos_daily,,21,https://i.ytimg.com/vi/j7GbNWS7XUQ/mqdefault.jpg,https://www.youtube.com/watch?v=j7GbNWS7XUQ,Rain Zone,Maiyarap,,,Rain Zone Maiyarap
2026-09-28,th,Thailand,top_videos_daily,,22,https://i.ytimg.com/vi/vxHVQtJj2uQ/mqdefault.jpg,https://www.youtube.com/watch?v=vxHVQtJj2uQ,สาธุ,ASIA7,"11月 25, 2025",217704,"22 1 สาธุ ASIA7 11月 25, 2025 21 154 217,704"
2026-09-28,th,Thailand,top_videos_daily,,23,https://i.ytimg.com/vi/-YByeE5aVc0/mqdefault.jpg,https://www.youtube.com/watch?v=-YByeE5aVc0,ได้แค่เดินมาส่ง (The Last Walk),GAVIN:D,,,ได้แค่เดินมาส่ง (The Last Walk) GAVIN:D
2026-09-28,th,Thailand,top_videos_daily,,24,https://i.ytimg.com/vi/hBK29bbOLS4/mqdefault.jpg,https://www.youtube.com/watch?v=hBK29bbOLS4,แก้บน,ก้านตอง ทุ่งเงิน,,,แก้บน ก้านตอง ทุ่งเงิน
2026-09-28,th,Thailand,top_videos_daily,,25,https://i.ytimg.com/vi/FbrH6dDPERI/mqdefault.jpg,https://www.youtube.com/watch?v=FbrH6dDPERI,ดาวตก,WANYAi,"10月 1, 2025",189530,"25 1 ดาวตก WANYAi 10月 1, 2025 26 140 189,530"
2026-09-28,th,Thailand,top_videos_daily,,26,https://i.ytimg.com/vi/STomOknFigc/mqdefault.jpg,https://www.youtube.com/watch?v=STomOknFigc,YOUNGOHM - แค่เธอแค่เธอ ft. KT KRATAE (Official Video),YOUNGOHM,,,YOUNGOHM - แค่เธอแค่เธอ ft. KT KRATAE (Official Video) YOUNGOHM
2026-09-28,th,Thailand,top_videos_daily,,27,https://i.ytimg.com/vi/TiJn3_IY9Kk/mqdefault.jpg,https://www.youtube.com/watch?v=TiJn3_IY9Kk,นาฬิกาทราย (sign) (SPECIAL VERSION),BOWKYLION,,,นาฬิกาทราย (sign) (SPECIAL VERSION) BOWKYLION
2026-09-28,th,Thailand,top_videos_daily,,28,https://i.ytimg.com/vi/WE3in6xs1iw/mqdefault.jpg,https://www.youtube.com/watch?v=WE3in6xs1iw,อ่วยคืน,ธีร์ ทีเร็กซ์ OFFICIAL,,,อ่วยคืน ธีร์ ทีเร็กซ์ OFFICIAL
2026-09-28,th,Thailand,top_videos_daily,,29,https://i.ytimg.com/vi/n8TTxoiigzo/mqdefault.jpg,https://www.youtube.com/watch?v=n8TTxoiigzo,ฟ้าสีครามกับความเป็นจริง - BOVINI x P-HOT「Another Version」,Genierock,,,ฟ้าสีครามกับความเป็นจริง - BOVINI x P-HOT「Another Version」 Genierock
2026-09-28,th,Thailand,top_videos_daily,,30,https://i.ytimg.com/vi/ggbjnPE7m24/mqdefault.jpg,https://www.youtube.com/watch?v=ggbjnPE7m24,4EVE - ที่ปรึกษา | OFFICIAL MV,4EVE,,,4EVE - ที่ปรึกษา | OFFICIAL MV 4EVE
2026-09-28,th,Thailand,top_videos_daily,,31,https://i.ytimg.com/vi/JbpfEQXuXc4/mqdefault.jpg,https://www.youtube.com/watch?v=JbpfEQXuXc4,เต้ยสั่งลา,ธีร์ ทีเร็กซ์ OFFICIAL,,,เต้ยสั่งลา ธีร์ ทีเร็กซ์ OFFICIAL
2026-09-28,th,Thailand,top_videos_daily,,32,https://i.ytimg.com/vi/OUg2L4Sx1TY/mqdefault.jpg,https://www.youtube.com/watch?v=OUg2L4Sx1TY,โกดำ,วสันต์17 / Mai Muang,,,โกดำ วสันต์17 & Mai Muang
2026-09-28,th,Thailand,top_videos_daily,,33,https://i.ytimg.com/vi/_X4p4oPlGLU/mqdefault.jpg,https://www.youtube.com/watch?v=_X4p4oPlGLU,ขี้แง (Boys Don't Cry),PROXIE,,,ขี้แง (Boys Don't Cry) PROXIE
2026-09-28,th,Thailand,top_videos_daily,,34,https://i.ytimg.com/vi/1OMZrYHIim8/mqdefault.jpg,https://www.youtube.com/watch?v=1OMZrYHIim8,รักให้เธอได้รู้ (Proof.),PUN,,,รักให้เธอได้รู้ (Proof.) PUN
2026-09-28,th,Thailand,top_videos_daily,,35,https://i.ytimg.com/vi/_4Pns0KNxzk/mqdefault.jpg,https://www.youtube.com/watch?v=_4Pns0KNxzk,หม้อหุงข้าว,JOEY PHUWASIT,,,หม้อหุงข้าว JOEY PHUWASIT
2026-09-28,th,Thailand,top_videos_daily,,36,https://i.ytimg.com/vi/wcvuL6-lGhI/mqdefault.jpg,https://www.youtube.com/watch?v=wcvuL6-lGhI,PORZAX - เธอทีละสองฉันทีละคน,PORZAX,,,PORZAX - เธอทีละสองฉันทีละคน PORZAX
2026-09-28,th,Thailand,top_videos_daily,,37,https://i.ytimg.com/vi/6ZEZEKBanXM/mqdefault.jpg,https://www.youtube.com/watch?v=6ZEZEKBanXM,ควันหลง(Remains),Intha,,,ควันหลง(Remains) Intha
2026-09-28,th,Thailand,top_videos_daily,,38,https://i.ytimg.com/vi/Ndh4rP1F6g8/mqdefault.jpg,https://www.youtube.com/watch?v=Ndh4rP1F6g8,ความคิดถึงที่เต็มไปด้วยน้ำตา,โชเล่ย์ ชคัทพล,,,ความคิดถึงที่เต็มไปด้วยน้ำตา โชเล่ย์ ชคัทพล
2026-09-28,th,Thailand,top_videos_daily,,39,https://i.ytimg.com/vi/b6pqQKvASf8/mqdefault.jpg,https://www.youtube.com/watch?v=b6pqQKvASf8,SaWaDiKa,LISA,"9月 26, 2026",156319,"39 New SaWaDiKa LISA 9月 26, 2026 - 1 156,319"
2026-09-28,th,Thailand,top_videos_daily,,40,https://i.ytimg.com/vi/2rEFvaGZxPs/mqdefault.jpg,https://www.youtube.com/watch?v=2rEFvaGZxPs,คนใช่ที่ใกล้กัน - เสถียร ทำมือ【OFFICIAL MV】,Sateean Tummeu,,,คนใช่ที่ใกล้กัน - เสถียร ทำมือ【OFFICIAL MV】 Sateean Tummeu
2026-09-28,th,Thailand,top_videos_daily,,41,https://i.ytimg.com/vi/34wnf8276O4/mqdefault.jpg,https://www.youtube.com/watch?v=34wnf8276O4,ภวังค์จิต,ปราง ปรางทิพย์,,,ภวังค์จิต ปราง ปรางทิพย์
2026-09-28,th,Thailand,top_videos_daily,,42,https://i.ytimg.com/vi/-LlQxU8d9L8/mqdefault.jpg,https://www.youtube.com/watch?v=-LlQxU8d9L8,ชาติหน้าเอาใหม่,LITTLE JOHN,,,ชาติหน้าเอาใหม่ LITTLE JOHN
2026-09-28,th,Thailand,top_videos_daily,,43,https://i.ytimg.com/vi/0iXj7Zkb3Ik/mqdefault.jpg,https://www.youtube.com/watch?v=0iXj7Zkb3Ik,แคนฮ้างนางฟ้า,กู่แคน,,,แคนฮ้างนางฟ้า กู่แคน
2026-09-28,th,Thailand,top_videos_daily,,44,https://i.ytimg.com/vi/8wxTE5Ewmmo/mqdefault.jpg,https://www.youtube.com/watch?v=8wxTE5Ewmmo,ขอบคุณตัวเอง - ดาม่วน Music (Official Audio) | เพลงกำลังใจ สำหรับคนสู้ชีวิต,ดาม่วน Music,,,ขอบคุณตัวเอง - ดาม่วน Music (Official Audio) | เพลงกำลังใจ สำหรับคนสู้ชีวิต ดาม่วน Music
2026-09-28,th,Thailand,top_videos_daily,,45,https://i.ytimg.com/vi/AufmxDz8EVs/mqdefault.jpg,https://www.youtube.com/watch?v=AufmxDz8EVs,ก่อนลา,วสันต์17,"9月 17, 2023",146931,"45 45 ก่อนลา วสันต์17 9月 17, 2023 - 4 146,931"
2026-09-28,th,Thailand,top_videos_daily,,46,https://i.ytimg.com/vi/I_xP8FhO2Zo/mqdefault.jpg,https://www.youtube.com/watch?v=I_xP8FhO2Zo,คิดถึงเรื้อรัง,manutsawee,,,คิดถึงเรื้อรัง manutsawee
2026-09-28,th,Thailand,top_videos_daily,,47,https://i.ytimg.com/vi/99jJP3DgdBQ/mqdefault.jpg,https://www.youtube.com/watch?v=99jJP3DgdBQ,ขอแค่นี้ (Forever n ever),PUN,,,ขอแค่นี้ (Forever n ever) PUN
2026-09-28,th,Thailand,top_videos_daily,,48,https://i.ytimg.com/vi/3oqJGktR3t8/mqdefault.jpg,https://www.youtube.com/watch?v=3oqJGktR3t8,อย่าเสียเวลา | อย่าพิสูจน์ตัวเองให้ใครดู - ดาม่วน Music l Adio Music,ดาม่วน Music,,,อย่าเสียเวลา | อย่าพิสูจน์ตัวเองให้ใครดู - ดาม่วน Music l Adio Music ดาม่วน Music
2026-09-28,th,Thailand,top_videos_daily,,49,https://i.ytimg.com/vi/jyLtH2uEFXk/mqdefault.jpg,https://www.youtube.com/watch?v=jyLtH2uEFXk,อกหักส่งทาง - นุช วิลาวัลย์「Official Music Video」,ภูไทเร็คคอร์ด,,,อกหักส่งทาง - นุช วิลาวัลย์「Official Music Video」 ภูไทเร็คคอร์ด
2026-09-28,th,Thailand,top_videos_daily,,50,https://i.ytimg.com/vi/7ob-uFHQkuU/mqdefault.jpg,https://www.youtube.com/watch?v=7ob-uFHQkuU,ก่อนโลกทั้งใบมันพัง,Mr'พระจันทร์,,,ก่อนโลกทั้งใบมันพัง Mr'พระจันทร์
2026-09-28,th,Thailand,top_videos_daily,,51,https://i.ytimg.com/vi/HSJzqueYOxw/mqdefault.jpg,https://www.youtube.com/watch?v=HSJzqueYOxw,4EVE - เหงา...เข้าใจ | THE TEST OF TIME 2000 [ Official Video Song,XOXO ENTERTAINMENT,,2000,4EVE - เหงา...เข้าใจ | THE TEST OF TIME 2000 [ Official Video Song ] XOXO ENTERTAINMENT
2026-09-28,th,Thailand,top_videos_daily,,52,https://i.ytimg.com/vi/H2AbuWvYDXk/mqdefault.jpg,https://www.youtube.com/watch?v=H2AbuWvYDXk,สิลืมเขาแล้วล่ะ,Nek Narurpol,,,สิลืมเขาแล้วล่ะ Nek Narurpol
2026-09-28,th,Thailand,top_videos_daily,,53,https://i.ytimg.com/vi/G2JFOEFmnnI/mqdefault.jpg,https://www.youtube.com/watch?v=G2JFOEFmnnI,คืนจันทร์,Loso,"11月 6, 2014",130270,"53 3 คืนจันทร์ Loso 11月 6, 2014 56 135 130,270"
2026-09-28,th,Thailand,top_videos_daily,,54,https://i.ytimg.com/vi/7F5MKaJMxDc/mqdefault.jpg,https://www.youtube.com/watch?v=7F5MKaJMxDc,The Emptiness Machine,聯合公園,,,The Emptiness Machine 聯合公園
2026-09-28,th,Thailand,top_videos_daily,,55,https://i.ytimg.com/vi/AyfZesBO4Vk/mqdefault.jpg,https://www.youtube.com/watch?v=AyfZesBO4Vk,ไม่มีวันไหนที่ไม่คิดถึง (starlost.),PURPEECH,,,ไม่มีวันไหนที่ไม่คิดถึง (starlost.) PURPEECH
2026-09-28,th,Thailand,top_videos_daily,,56,https://i.ytimg.com/vi/lELqMu5HCY0/mqdefault.jpg,https://www.youtube.com/watch?v=lELqMu5HCY0,W​​ANYAi แว่นใหญ่ - เจ็บจนพอ | Enough [Official MV],HolyFox Records,,,W​​ANYAi แว่นใหญ่ - เจ็บจนพอ | Enough [Official MV] HolyFox Records
2026-09-28,th,Thailand,top_videos_daily,,57,https://i.ytimg.com/vi/QaPxz1I2nto/mqdefault.jpg,https://www.youtube.com/watch?v=QaPxz1I2nto,หลุมอากาศ,Palmy,"6月 17, 2026",118276,"57 5 หลุมอากาศ Palmy 6月 17, 2026 52 102 118,276"
2026-09-28,th,Thailand,top_videos_daily,,58,https://i.ytimg.com/vi/ayk-RaHzMOg/mqdefault.jpg,https://www.youtube.com/watch?v=ayk-RaHzMOg,So long,WANYAi,"7月 25, 2019",114153,"58 9 So long WANYAi 7月 25, 2019 67 6 114,153"
2026-09-28,th,Thailand,top_videos_daily,,59,https://i.ytimg.com/vi/HZQyJHpo-ag/mqdefault.jpg,https://www.youtube.com/watch?v=HZQyJHpo-ag,Lhob Mai Dai Chuay Hai Luem,普提蓬·阿薩拉塔納功 / Ink Waruntorn,,,Lhob Mai Dai Chuay Hai Luem 普提蓬·阿薩拉塔納功 & Ink Waruntorn
2026-09-28,th,Thailand,top_videos_daily,,60,https://i.ytimg.com/vi/j1qw79H4eHU/mqdefault.jpg,https://www.youtube.com/watch?v=j1qw79H4eHU,สายไป,9tokyo,"5月 24, 2025",113209,"60 1 สายไป 9tokyo 5月 24, 2025 59 71 113,209"
2026-09-28,th,Thailand,top_videos_daily,,61,https://i.ytimg.com/vi/grrF03UISJ0/mqdefault.jpg,https://www.youtube.com/watch?v=grrF03UISJ0,ขอให้เธอมีสุข,หนึ่ง บีเคแบนด์,,,ขอให้เธอมีสุข หนึ่ง บีเคแบนด์
2026-09-28,th,Thailand,top_videos_daily,,62,https://i.ytimg.com/vi/YizxFS1BN7M/mqdefault.jpg,https://www.youtube.com/watch?v=YizxFS1BN7M,YENTED - ตุ๋ยดุ๋ย (LOSER) | [Official Music Video],Yented,,,YENTED - ตุ๋ยดุ๋ย (LOSER) | [Official Music Video] Yented
2026-09-28,th,Thailand,top_videos_daily,,63,https://i.ytimg.com/vi/ulsXRXwk3Iw/mqdefault.jpg,https://www.youtube.com/watch?v=ulsXRXwk3Iw,ขอตายในอ้อมกอดเธอ,賽桑・蘇品麥,,,ขอตายในอ้อมกอดเธอ 賽桑・蘇品麥
2026-09-28,th,Thailand,top_videos_daily,,64,https://i.ytimg.com/vi/Q2kvk64qFgg/mqdefault.jpg,https://www.youtube.com/watch?v=Q2kvk64qFgg,FON,YOUNGGU,"7月 31, 2026",100872,"64 4 FON YOUNGGU 7月 31, 2026 68 30 100,872"
2026-09-28,th,Thailand,top_videos_daily,,65,https://i.ytimg.com/vi/_x-Q6OBCh9o/mqdefault.jpg,https://www.youtube.com/watch?v=_x-Q6OBCh9o,คะนึงนิตย์ - ปราง ปรางทิพย์ [Official MV],ปราง ปรางทิพย์,,,คะนึงนิตย์ - ปราง ปรางทิพย์ [Official MV] ปราง ปรางทิพย์
2026-09-28,th,Thailand,top_videos_daily,,66,https://i.ytimg.com/vi/z6hjYRvFn4k/mqdefault.jpg,https://www.youtube.com/watch?v=z6hjYRvFn4k,Phi Sang Nangmai,มอส จารุภัทร,,,Phi Sang Nangmai มอส จารุภัทร
2026-09-28,th,Thailand,top_videos_daily,,67,https://i.ytimg.com/vi/UK66Ng4CgKc/mqdefault.jpg,https://www.youtube.com/watch?v=UK66Ng4CgKc,มิติที่ศูนย์ - จิ๋ว สกุณชัย Ft.เล็ก รัชเมศฐ์ [Official MV],จิ๋ว สกุณชัย,,,มิติที่ศูนย์ - จิ๋ว สกุณชัย Ft.เล็ก รัชเมศฐ์ [Official MV] จิ๋ว สกุณชัย
2026-09-28,th,Thailand,top_videos_daily,,68,https://i.ytimg.com/vi/kXYiU_JCYtU/mqdefault.jpg,https://www.youtube.com/watch?v=kXYiU_JCYtU,Numb,Linkin Park,,,Numb Linkin Park
2026-09-28,th,Thailand,top_videos_daily,,69,https://i.ytimg.com/vi/eJXL4-4m5nY/mqdefault.jpg,https://www.youtube.com/watch?v=eJXL4-4m5nY,BTS (방탄소년단) ‘Merry Go Round’ Official MV,防彈少年團,,,BTS (방탄소년단) ‘Merry Go Round’ Official MV 防彈少年團
2026-09-28,th,Thailand,top_videos_daily,,70,https://i.ytimg.com/vi/P8SgCNmM7Z8/mqdefault.jpg,https://www.youtube.com/watch?v=P8SgCNmM7Z8,เด็กมูกล่อ,พ็อก บิ๊กอายส์ / บอล วงกลม,,,เด็กมูกล่อ พ็อก บิ๊กอายส์ & บอล วงกลม
2026-09-28,th,Thailand,top_videos_daily,,71,https://i.ytimg.com/vi/nwE60-5d4I4/mqdefault.jpg,https://www.youtube.com/watch?v=nwE60-5d4I4,PiXXiE - DUSTY | OFFICIAL M/V,LIT Entertainment,,,PiXXiE - DUSTY | OFFICIAL M/V LIT Entertainment
2026-09-28,th,Thailand,top_videos_daily,,72,https://i.ytimg.com/vi/98LzldwNu4I/mqdefault.jpg,https://www.youtube.com/watch?v=98LzldwNu4I,สิทธิ์ของเจ้า,埋代•話摘星,,,สิทธิ์ของเจ้า 埋代•話摘星
2026-09-28,th,Thailand,top_videos_daily,,73,https://i.ytimg.com/vi/kCmvKLhV9Ww/mqdefault.jpg,https://www.youtube.com/watch?v=kCmvKLhV9Ww,ILLSLICK - THAI TOWN [Official Music Video],ILLSLICK,,,ILLSLICK - THAI TOWN [Official Music Video] ILLSLICK
2026-09-28,th,Thailand,top_videos_daily,,74,https://i.ytimg.com/vi/DiNyIYOHvUE/mqdefault.jpg,https://www.youtube.com/watch?v=DiNyIYOHvUE,คนขี่หลังควาย (Remix),Djpaoremix / ILLSLICK,,,คนขี่หลังควาย (Remix) Djpaoremix & ILLSLICK
2026-09-28,th,Thailand,top_videos_daily,,75,https://i.ytimg.com/vi/eVTXPUF4Oz4/mqdefault.jpg,https://www.youtube.com/watch?v=eVTXPUF4Oz4,In the End,Linkin Park,,,In the End Linkin Park
2026-09-28,th,Thailand,top_videos_daily,,76,https://i.ytimg.com/vi/3DcoC8p9az8/mqdefault.jpg,https://www.youtube.com/watch?v=3DcoC8p9az8,Training Season (Live),Dua Lipa,,,Training Season (Live) Dua Lipa
2026-09-28,th,Thailand,top_videos_daily,,77,https://i.ytimg.com/vi/O4-3pewcDEY/mqdefault.jpg,https://www.youtube.com/watch?v=O4-3pewcDEY,สิทธิ์ของเธอ,Asanee & Wasan,,,สิทธิ์ของเธอ Asanee & Wasan
2026-09-28,th,Thailand,top_videos_daily,,78,https://i.ytimg.com/vi/238wVBszibE/mqdefault.jpg,https://www.youtube.com/watch?v=238wVBszibE,คืนที่หมาเต็มวัด (Temple Dogs) ft.Singto Numchok,Singto Numchoke / NONT TANONT,,,คืนที่หมาเต็มวัด (Temple Dogs) ft.Singto Numchok Singto Numchoke & NONT TANONT
2026-09-28,th,Thailand,top_videos_daily,,79,https://i.ytimg.com/vi/CSuc00vC1Ro/mqdefault.jpg,https://www.youtube.com/watch?v=CSuc00vC1Ro,พรุ่งนี้ไม่มีใครรู้ - ไม่มีใครรู้ว่าพรุ่งนี้จะเป็นอย่างไร [ดาม่วน Music ] Official Music Video,ดาม่วน Music,,,พรุ่งนี้ไม่มีใครรู้ - ไม่มีใครรู้ว่าพรุ่งนี้จะเป็นอย่างไร [ดาม่วน Music ] Official Music Video ดาม่วน Music
2026-09-28,th,Thailand,top_videos_daily,,80,https://i.ytimg.com/vi/x1yYLrWJwkk/mqdefault.jpg,https://www.youtube.com/watch?v=x1yYLrWJwkk,เมื่อถูกค้นพบ (Finally She Found.),FREEHAND,,,เมื่อถูกค้นพบ (Finally She Found.) FREEHAND
2026-09-28,th,Thailand,top_videos_daily,,81,https://i.ytimg.com/vi/juflDSvtTV4/mqdefault.jpg,https://www.youtube.com/watch?v=juflDSvtTV4,เธอสวย,KT Long Flowing,,,เธอสวย KT Long Flowing
2026-09-28,th,Thailand,top_videos_daily,,82,https://i.ytimg.com/vi/nNvPtGewa_k/mqdefault.jpg,https://www.youtube.com/watch?v=nNvPtGewa_k,ความรักทำให้คนตาบอด,Bodyslam,,,ความรักทำให้คนตาบอด Bodyslam
2026-09-28,th,Thailand,top_videos_daily,,83,https://i.ytimg.com/vi/w6M2ZwjFgAg/mqdefault.jpg,https://www.youtube.com/watch?v=w6M2ZwjFgAg,ปริญญาไก่ตี,เม้ก อภิสิทธิ์,,,ปริญญาไก่ตี เม้ก อภิสิทธิ์
2026-09-28,th,Thailand,top_videos_daily,,84,https://i.ytimg.com/vi/38vigd1BEvg/mqdefault.jpg,https://www.youtube.com/watch?v=38vigd1BEvg,พอได้เสียว - ดิด คิตตี้ x ก้อย ชาลินี | Live Session,ดิด คิตตี้,,,พอได้เสียว - ดิด คิตตี้ x ก้อย ชาลินี | Live Session ดิด คิตตี้
2026-09-28,th,Thailand,top_videos_daily,,85,https://i.ytimg.com/vi/OW9faXovWto/mqdefault.jpg,https://www.youtube.com/watch?v=OW9faXovWto,สาหัส,Loso,"7月 22, 2016",77803,"85 15 สาหัส Loso 7月 22, 2016 100 91 77,803"
2026-09-28,th,Thailand,top_videos_daily,,86,https://i.ytimg.com/vi/0J2QdDbelmY/mqdefault.jpg,https://www.youtube.com/watch?v=0J2QdDbelmY,Seven Nation Army,白線條樂團,,,Seven Nation Army 白線條樂團
2026-09-28,th,Thailand,top_videos_daily,,87,https://i.ytimg.com/vi/wTynfy69U1U/mqdefault.jpg,https://www.youtube.com/watch?v=wTynfy69U1U,ขอเวลาลืม - Aun Feeble heart Feat. Ouiai [OFFICIAL LYRIC],Aun Feeble Heart,,,ขอเวลาลืม - Aun Feeble heart Feat. Ouiai [OFFICIAL LYRIC] Aun Feeble Heart
2026-09-28,th,Thailand,top_videos_daily,,88,https://i.ytimg.com/vi/6Azf6nHLSAk/mqdefault.jpg,https://www.youtube.com/watch?v=6Azf6nHLSAk,ฝันพ้อ - ไหมไทย หัวใจศิลป์【NEW VERSION】,Maithai Jaitawan,,,ฝันพ้อ - ไหมไทย หัวใจศิลป์【NEW VERSION】 Maithai Jaitawan
2026-09-28,th,Thailand,top_videos_daily,,89,https://i.ytimg.com/vi/SRXH9AbT280/mqdefault.jpg,https://www.youtube.com/watch?v=SRXH9AbT280,The Emptiness Machine,Linkin Park,,,The Emptiness Machine Linkin Park
2026-09-28,th,Thailand,top_videos_daily,,90,https://i.ytimg.com/vi/Ysv5i6uKYYk/mqdefault.jpg,https://www.youtube.com/watch?v=Ysv5i6uKYYk,ถ้าสักวัน (Crossroads) - FREEHAND「Official MV」,อรอรีย์,,,ถ้าสักวัน (Crossroads) - FREEHAND「Official MV」 อรอรีย์
2026-09-28,th,Thailand,top_videos_daily,,91,https://i.ytimg.com/vi/posHEAA6xM8/mqdefault.jpg,https://www.youtube.com/watch?v=posHEAA6xM8,ได้แค่เดินมาส่ง (The Last Walk),GAVIN:D,,,ได้แค่เดินมาส่ง (The Last Walk) GAVIN:D
2026-09-28,th,Thailand,top_videos_daily,,92,https://i.ytimg.com/vi/RXZ5X_LGX9Q/mqdefault.jpg,https://www.youtube.com/watch?v=RXZ5X_LGX9Q,ใจสั่งมา,Loso,"11月 13, 2014",71655,"92 92 ใจสั่งมา Loso 11月 13, 2014 - 45 71,655"
2026-09-28,th,Thailand,top_videos_daily,,93,https://i.ytimg.com/vi/7TVdbOakiRo/mqdefault.jpg,https://www.youtube.com/watch?v=7TVdbOakiRo,คนที่ถูกรัก,Bodyslam,,,คนที่ถูกรัก Bodyslam
2026-09-28,th,Thailand,top_videos_daily,,94,https://i.ytimg.com/vi/VvHAuNgNSO4/mqdefault.jpg,https://www.youtube.com/watch?v=VvHAuNgNSO4,ห่วง(คนไกล) - วงรามเกียรติ์ [OFFICIAL MV],เอกศิลป์ รัตนมณี,,,ห่วง(คนไกล) - วงรามเกียรติ์ [OFFICIAL MV] เอกศิลป์ รัตนมณี
2026-09-28,th,Thailand,top_videos_daily,,95,https://i.ytimg.com/vi/Q9MsKajCU3M/mqdefault.jpg,https://www.youtube.com/watch?v=Q9MsKajCU3M,อมพระมาพูด,賽桑・蘇品麥,,,อมพระมาพูด 賽桑・蘇品麥
2026-09-28,th,Thailand,top_videos_daily,,96,https://i.ytimg.com/vi/OJxnyWlVx40/mqdefault.jpg,https://www.youtube.com/watch?v=OJxnyWlVx40,นักแสดงตบตา (Remix),ize so cold. / PORZAX / MaxMillor,,,"นักแสดงตบตา (Remix) ize so cold. , PORZAX & MaxMillor"
2026-09-28,th,Thailand,top_videos_daily,,97,https://i.ytimg.com/vi/o1jKgZRckpg/mqdefault.jpg,https://www.youtube.com/watch?v=o1jKgZRckpg,เพราะฉันเจ็บ - กอกี้ กวิสรา [Official MV],MACHg,,,เพราะฉันเจ็บ - กอกี้ กวิสรา [Official MV] MACHg
2026-09-28,th,Thailand,top_videos_daily,,98,https://i.ytimg.com/vi/_c1w056MItU/mqdefault.jpg,https://www.youtube.com/watch?v=_c1w056MItU,What I've Done [Official Live in Red Square 2011] - Linkin Park,聯合公園,,2011,What I've Done [Official Live in Red Square 2011] - Linkin Park 聯合公園
2026-09-28,th,Thailand,top_videos_daily,,99,https://i.ytimg.com/vi/PVFSUxHMQQw/mqdefault.jpg,https://www.youtube.com/watch?v=PVFSUxHMQQw,ยางรัก (Reproduced 2026),Maleehuana,,2026,ยางรัก (Reproduced 2026) Maleehuana
2026-09-28,th,Thailand,top_videos_daily,,100,https://i.ytimg.com/vi/nkSqvPqxCUk/mqdefault.jpg,https://www.youtube.com/watch?v=nkSqvPqxCUk,ขอเป็นตัวเลือก,KALA,,,ขอเป็นตัวเลือก KALA
2026-09-28,id,Indonesia,top_videos_daily,,1,https://i.ytimg.com/vi/RO75uUZiAw0/mqdefault.jpg,https://www.youtube.com/watch?v=RO75uUZiAw0,Teh Hijau,圖魯斯,"6月 29, 2026",1539407,"1 ● Teh Hijau 圖魯斯 6月 29, 2026 1 85 1,539,407"
2026-09-28,id,Indonesia,top_videos_daily,,2,https://i.ytimg.com/vi/awWKxGftWh4/mqdefault.jpg,https://www.youtube.com/watch?v=awWKxGftWh4,Dunia Yang Nanti,Raim Laode,,,Dunia Yang Nanti Raim Laode
2026-09-28,id,Indonesia,top_videos_daily,,3,https://i.ytimg.com/vi/Nskf70DMR60/mqdefault.jpg,https://www.youtube.com/watch?v=Nskf70DMR60,Sesi Potret,eńau,,,Sesi Potret eńau
2026-09-28,id,Indonesia,top_videos_daily,,4,https://i.ytimg.com/vi/0SbnqsQInqE/mqdefault.jpg,https://www.youtube.com/watch?v=0SbnqsQInqE,MUTIARA,Ipank / Kintani,,,MUTIARA Ipank & Kintani
2026-09-28,id,Indonesia,top_videos_daily,,5,https://i.ytimg.com/vi/F0d8JJUNkqo/mqdefault.jpg,https://www.youtube.com/watch?v=F0d8JJUNkqo,Tabola Bale,SILET OPEN UP / Jacson Zeran / Juan Reza / Diva Aurel,,,"Tabola Bale SILET OPEN UP , Jacson Zeran , Juan Reza & Diva Aurel"
2026-09-28,id,Indonesia,top_videos_daily,,6,https://i.ytimg.com/vi/K-7olbaOelg/mqdefault.jpg,https://www.youtube.com/watch?v=K-7olbaOelg,MMG (My Mine Gueh),Naykilla,,,MMG (My Mine Gueh) Naykilla
2026-09-28,id,Indonesia,top_videos_daily,,7,https://i.ytimg.com/vi/M7oZR-MTEZs/mqdefault.jpg,https://www.youtube.com/watch?v=M7oZR-MTEZs,Iqro',Raim Laode,,,Iqro' Raim Laode
2026-09-28,id,Indonesia,top_videos_daily,,8,https://i.ytimg.com/vi/WZYUSaHlGlk/mqdefault.jpg,https://www.youtube.com/watch?v=WZYUSaHlGlk,NEGORO ANGIN,Denny Caknan,,,NEGORO ANGIN Denny Caknan
2026-09-28,id,Indonesia,top_videos_daily,,9,https://i.ytimg.com/vi/SeSAwqq_Kpo/mqdefault.jpg,https://www.youtube.com/watch?v=SeSAwqq_Kpo,Kita Lewati Berdua,Overnight,,,Kita Lewati Berdua Overnight
2026-09-28,id,Indonesia,top_videos_daily,,10,https://i.ytimg.com/vi/38_bAaFI41w/mqdefault.jpg,https://www.youtube.com/watch?v=38_bAaFI41w,Don't Force Your Longing,Ifan Seventeen,,,Don't Force Your Longing Ifan Seventeen
2026-09-28,id,Indonesia,top_videos_daily,,11,https://i.ytimg.com/vi/OQNu-iB2tE8/mqdefault.jpg,https://www.youtube.com/watch?v=OQNu-iB2tE8,Titik Nadir,Kahitna / Monita Tahalea,,,Titik Nadir Kahitna & Monita Tahalea
2026-09-28,id,Indonesia,top_videos_daily,,12,https://i.ytimg.com/vi/OT5msu-dap8/mqdefault.jpg,https://www.youtube.com/watch?v=OT5msu-dap8,Shape Of My Heart,Backstreet Boys,,,Shape Of My Heart Backstreet Boys
2026-09-28,id,Indonesia,top_videos_daily,,13,https://i.ytimg.com/vi/GgpMwVJYkcM/mqdefault.jpg,https://www.youtube.com/watch?v=GgpMwVJYkcM,Salma Salsabil - maha benar (Official Music Video),Salma Salsabil,,,Salma Salsabil - maha benar (Official Music Video) Salma Salsabil
2026-09-28,id,Indonesia,top_videos_daily,,14,https://i.ytimg.com/vi/HgRsmSyy_Fw/mqdefault.jpg,https://www.youtube.com/watch?v=HgRsmSyy_Fw,PEARL,Difarina Indra / Fendik Adella,,,PEARL Difarina Indra & Fendik Adella
2026-09-28,id,Indonesia,top_videos_daily,,15,https://i.ytimg.com/vi/qQDaxjLReck/mqdefault.jpg,https://www.youtube.com/watch?v=qQDaxjLReck,Ini Abadi,Perunggu,,,Ini Abadi Perunggu
2026-09-28,id,Indonesia,top_videos_daily,,16,https://i.ytimg.com/vi/75aBKInkybs/mqdefault.jpg,https://www.youtube.com/watch?v=75aBKInkybs,Tentang Rindu,Virzha,,,Tentang Rindu Virzha
2026-09-28,id,Indonesia,top_videos_daily,,17,https://i.ytimg.com/vi/P44FdpFcdF4/mqdefault.jpg,https://www.youtube.com/watch?v=P44FdpFcdF4,Panas Pela,Fresly Nikijuluw,,,Panas Pela Fresly Nikijuluw
2026-09-28,id,Indonesia,top_videos_daily,,18,https://i.ytimg.com/vi/yIPX-FNJ9qk/mqdefault.jpg,https://www.youtube.com/watch?v=yIPX-FNJ9qk,Sedia Aku Sebelum Hujan,Idgitaf,,,Sedia Aku Sebelum Hujan Idgitaf
2026-09-28,id,Indonesia,top_videos_daily,,19,https://i.ytimg.com/vi/o0tVo09Rjyw/mqdefault.jpg,https://www.youtube.com/watch?v=o0tVo09Rjyw,Salah Apa,Ipank,"2月 8, 2026",291216,"19 2 Salah Apa Ipank 2月 8, 2026 17 113 291,216"
2026-09-28,id,Indonesia,top_videos_daily,,20,https://i.ytimg.com/vi/tAbHxboRGoU/mqdefault.jpg,https://www.youtube.com/watch?v=tAbHxboRGoU,AMBON MANISE,Toton Caribo,,,AMBON MANISE Toton Caribo
2026-09-28,id,Indonesia,top_videos_daily,,21,https://i.ytimg.com/vi/2uJut6USftQ/mqdefault.jpg,https://www.youtube.com/watch?v=2uJut6USftQ,Jatuh Suka,圖魯斯,"3月 2, 2022",276541,"21 2 Jatuh Suka 圖魯斯 3月 2, 2022 23 285 276,541"
2026-09-28,id,Indonesia,top_videos_daily,,22,https://i.ytimg.com/vi/3DcoC8p9az8/mqdefault.jpg,https://www.youtube.com/watch?v=3DcoC8p9az8,Training Season (Live),Dua Lipa,,,Training Season (Live) Dua Lipa
2026-09-28,id,Indonesia,top_videos_daily,,23,https://i.ytimg.com/vi/3Mk0shfP1Qw/mqdefault.jpg,https://www.youtube.com/watch?v=3Mk0shfP1Qw,AJENG FEBRIA - HELIKOPTER TURUN KE PADANG | IDOL IDOL (OFFICIAL MV AMBYAR EVERYWHERE),AMBYAR EVERYWHERE,,,AJENG FEBRIA - HELIKOPTER TURUN KE PADANG | IDOL IDOL (OFFICIAL MV AMBYAR EVERYWHERE) AMBYAR EVERYWHERE
2026-09-28,id,Indonesia,top_videos_daily,,24,https://i.ytimg.com/vi/cmICctnAWCY/mqdefault.jpg,https://www.youtube.com/watch?v=cmICctnAWCY,kota ini tak sama tanpamu,Nadhif Basalamah,,,kota ini tak sama tanpamu Nadhif Basalamah
2026-09-28,id,Indonesia,top_videos_daily,,25,https://i.ytimg.com/vi/_e9xhF69kFs/mqdefault.jpg,https://www.youtube.com/watch?v=_e9xhF69kFs,Negoro Angin,Silvy Kumalasari,,,Negoro Angin Silvy Kumalasari
2026-09-28,id,Indonesia,top_videos_daily,,26,https://i.ytimg.com/vi/IqaQjRGt8i0/mqdefault.jpg,https://www.youtube.com/watch?v=IqaQjRGt8i0,Laut Kidul,Yeni Inka,,,Laut Kidul Yeni Inka
2026-09-28,id,Indonesia,top_videos_daily,,27,https://i.ytimg.com/vi/UqA7zfsVlIg/mqdefault.jpg,https://www.youtube.com/watch?v=UqA7zfsVlIg,Nemen HipHop Dangdut Version,NDX A.K.A.,,,Nemen HipHop Dangdut Version NDX A.K.A.
2026-09-28,id,Indonesia,top_videos_daily,,28,https://i.ytimg.com/vi/f2lD7clyD3E/mqdefault.jpg,https://www.youtube.com/watch?v=f2lD7clyD3E,Terbelah Jadi Dua,Yeni Inka,,,Terbelah Jadi Dua Yeni Inka
2026-09-28,id,Indonesia,top_videos_daily,,29,https://i.ytimg.com/vi/fJSkCNcKqZw/mqdefault.jpg,https://www.youtube.com/watch?v=fJSkCNcKqZw,DIRANTAI DIGELANGI RINDU - LAILA AYU FT IRWAN KRISDIYANTO - SIMPATIK MUSIC,Simpatik Music,,,DIRANTAI DIGELANGI RINDU - LAILA AYU FT IRWAN KRISDIYANTO - SIMPATIK MUSIC Simpatik Music
2026-09-28,id,Indonesia,top_videos_daily,,30,https://i.ytimg.com/vi/L1vlvEfFQlg/mqdefault.jpg,https://www.youtube.com/watch?v=L1vlvEfFQlg,SALAH APA,Laila Ayu / Irwan Krisdiyanto / Simpatik Music,,,"SALAH APA Laila Ayu , Irwan Krisdiyanto & Simpatik Music"
2026-09-28,id,Indonesia,top_videos_daily,,31,https://i.ytimg.com/vi/eJXL4-4m5nY/mqdefault.jpg,https://www.youtube.com/watch?v=eJXL4-4m5nY,BTS (방탄소년단) ‘Merry Go Round’ Official MV,防彈少年團,,,BTS (방탄소년단) ‘Merry Go Round’ Official MV 防彈少年團
2026-09-28,id,Indonesia,top_videos_daily,,32,https://i.ytimg.com/vi/OErndIcI8gE/mqdefault.jpg,https://www.youtube.com/watch?v=OErndIcI8gE,Alamak,Rizky Febian / Adrian Khalif,,,Alamak Rizky Febian & Adrian Khalif
2026-09-28,id,Indonesia,top_videos_daily,,33,https://i.ytimg.com/vi/uGxaFiHD7PI/mqdefault.jpg,https://www.youtube.com/watch?v=uGxaFiHD7PI,Menari-nari,Raim Laode,,,Menari-nari Raim Laode
2026-09-28,id,Indonesia,top_videos_daily,,34,https://i.ytimg.com/vi/cUnYmncAvP4/mqdefault.jpg,https://www.youtube.com/watch?v=cUnYmncAvP4,33x,Perunggu,"3月 10, 2022",227577,"34 5 33x Perunggu 3月 10, 2022 29 337 227,577"
2026-09-28,id,Indonesia,top_videos_daily,,35,https://i.ytimg.com/vi/B9TUzbZWwoU/mqdefault.jpg,https://www.youtube.com/watch?v=B9TUzbZWwoU,Terbelah Jadi Dua,"Ade Govinda / Gloria Jessica, Ade Govinda",,,"Terbelah Jadi Dua Ade Govinda & Gloria Jessica, Ade Govinda"
2026-09-28,id,Indonesia,top_videos_daily,,36,https://i.ytimg.com/vi/NOiQfCVjAsQ/mqdefault.jpg,https://www.youtube.com/watch?v=NOiQfCVjAsQ,MUTIARA (Live),Laila Ayu / Irwan D'Academy / SIMPATIK MUSIC,,,"MUTIARA (Live) Laila Ayu , Irwan D'Academy & SIMPATIK MUSIC"
2026-09-28,id,Indonesia,top_videos_daily,,37,https://i.ytimg.com/vi/zyLmavBAY7k/mqdefault.jpg,https://www.youtube.com/watch?v=zyLmavBAY7k,Teh Hijau,圖魯斯,"7月 10, 2026",222901,"37 11 Teh Hijau 圖魯斯 7月 10, 2026 26 75 222,901"
2026-09-28,id,Indonesia,top_videos_daily,,38,https://i.ytimg.com/vi/e3nP0yw0Frc/mqdefault.jpg,https://www.youtube.com/watch?v=e3nP0yw0Frc,Gadis Manis Kalimantan,Fira Cantika / Irwan Krisdiyanto,,,Gadis Manis Kalimantan Fira Cantika & Irwan Krisdiyanto
2026-09-28,id,Indonesia,top_videos_daily,,39,https://i.ytimg.com/vi/AiD7Uo9ZK4Q/mqdefault.jpg,https://www.youtube.com/watch?v=AiD7Uo9ZK4Q,2001x,Adrian Khalif,,2001,2001x Adrian Khalif
2026-09-28,id,Indonesia,top_videos_daily,,40,https://i.ytimg.com/vi/cQLbKBu9vlY/mqdefault.jpg,https://www.youtube.com/watch?v=cQLbKBu9vlY,Bukan Ku Tak Sudi,Iklim,,,Bukan Ku Tak Sudi Iklim
2026-09-28,id,Indonesia,top_videos_daily,,41,https://i.ytimg.com/vi/fLdVq8n-KQg/mqdefault.jpg,https://www.youtube.com/watch?v=fLdVq8n-KQg,Astaga Bercanda,Akbar Chalay / Mingse,,,Astaga Bercanda Akbar Chalay & Mingse
2026-09-28,id,Indonesia,top_videos_daily,,42,https://i.ytimg.com/vi/NRGDT2UUlsk/mqdefault.jpg,https://www.youtube.com/watch?v=NRGDT2UUlsk,Jatuh Suka,圖魯斯,"9月 28, 2025",208702,"42 9 Jatuh Suka 圖魯斯 9月 28, 2025 33 97 208,702"
2026-09-28,id,Indonesia,top_videos_daily,,43,https://i.ytimg.com/vi/GTCMLqt6Slg/mqdefault.jpg,https://www.youtube.com/watch?v=GTCMLqt6Slg,ONCOM GONDRONG || LIVE ADE ASTRID X GERENGSENG TEAM,Ade Astrid,,,ONCOM GONDRONG || LIVE ADE ASTRID X GERENGSENG TEAM Ade Astrid
2026-09-28,id,Indonesia,top_videos_daily,,44,https://i.ytimg.com/vi/hEFAeAPLbfk/mqdefault.jpg,https://www.youtube.com/watch?v=hEFAeAPLbfk,What If I Call,Alex Crichton,,,What If I Call Alex Crichton
2026-09-28,id,Indonesia,top_videos_daily,,45,https://i.ytimg.com/vi/V6cQ4LyvOgg/mqdefault.jpg,https://www.youtube.com/watch?v=V6cQ4LyvOgg,1000X,Ghea Indrawari,,1000,1000X Ghea Indrawari
2026-09-28,id,Indonesia,top_videos_daily,,46,https://i.ytimg.com/vi/6NsiA6GFAbU/mqdefault.jpg,https://www.youtube.com/watch?v=6NsiA6GFAbU,Tak Segampang Itu,Anggi Marito,,,Tak Segampang Itu Anggi Marito
2026-09-28,id,Indonesia,top_videos_daily,,47,https://i.ytimg.com/vi/XY9JR07il_U/mqdefault.jpg,https://www.youtube.com/watch?v=XY9JR07il_U,Keong Racun,Ajeng Febria,,,Keong Racun Ajeng Febria
2026-09-28,id,Indonesia,top_videos_daily,,48,https://i.ytimg.com/vi/lCIX4hd_geU/mqdefault.jpg,https://www.youtube.com/watch?v=lCIX4hd_geU,LAUT KIDUL (Live),Denny Caknan,,,LAUT KIDUL (Live) Denny Caknan
2026-09-28,id,Indonesia,top_videos_daily,,49,https://i.ytimg.com/vi/lY2yjAdbvdQ/mqdefault.jpg,https://www.youtube.com/watch?v=lY2yjAdbvdQ,Treat You Better,Shawn Mendes,,,Treat You Better Shawn Mendes
2026-09-28,id,Indonesia,top_videos_daily,,50,https://i.ytimg.com/vi/C8D16CYoFo8/mqdefault.jpg,https://www.youtube.com/watch?v=C8D16CYoFo8,Dirantai Digelangi Rindu,Yeni Inka,,,Dirantai Digelangi Rindu Yeni Inka
2026-09-28,id,Indonesia,top_videos_daily,,51,https://i.ytimg.com/vi/uf721kddxuM/mqdefault.jpg,https://www.youtube.com/watch?v=uf721kddxuM,2001x,Adrian Khalif,,2001,2001x Adrian Khalif
2026-09-28,id,Indonesia,top_videos_daily,,52,https://i.ytimg.com/vi/qCfP5xrcTSU/mqdefault.jpg,https://www.youtube.com/watch?v=qCfP5xrcTSU,Mutiara (Ska Reggae Version),Maulana Ardiansyah,,,Mutiara (Ska Reggae Version) Maulana Ardiansyah
2026-09-28,id,Indonesia,top_videos_daily,,53,https://i.ytimg.com/vi/hCJszO-qe1o/mqdefault.jpg,https://www.youtube.com/watch?v=hCJszO-qe1o,"Yeni Inka, Seto Rawon Gank, Yesa Oktavia - HELIKOPTER TURUN KE PADANG (Official Music Yi Production)",Yeni Inka,,,"Yeni Inka, Seto Rawon Gank, Yesa Oktavia - HELIKOPTER TURUN KE PADANG (Official Music Yi Production) Yeni Inka"
2026-09-28,id,Indonesia,top_videos_daily,,54,https://i.ytimg.com/vi/7WNlDmUN-mc/mqdefault.jpg,https://www.youtube.com/watch?v=7WNlDmUN-mc,Percuma,Mahalini,,,Percuma Mahalini
2026-09-28,id,Indonesia,top_videos_daily,,55,https://i.ytimg.com/vi/O2CFycaEc8A/mqdefault.jpg,https://www.youtube.com/watch?v=O2CFycaEc8A,Jomblo,Riyanti Darlia / Bandung Music,,,Jomblo Riyanti Darlia & Bandung Music
2026-09-28,id,Indonesia,top_videos_daily,,56,https://i.ytimg.com/vi/yxm9wTtNpTU/mqdefault.jpg,https://www.youtube.com/watch?v=yxm9wTtNpTU,ONCOM GONDRONG || LIVE ADE ASTRID X GERENGSENG TEAM,Ade Astrid,,,ONCOM GONDRONG || LIVE ADE ASTRID X GERENGSENG TEAM Ade Astrid
2026-09-28,id,Indonesia,top_videos_daily,,57,https://i.ytimg.com/vi/0nLrGYnJPyM/mqdefault.jpg,https://www.youtube.com/watch?v=0nLrGYnJPyM,2001x,Adrian Khalif,,2001,2001x Adrian Khalif
2026-09-28,id,Indonesia,top_videos_daily,,58,https://i.ytimg.com/vi/qFZI6kPtOh0/mqdefault.jpg,https://www.youtube.com/watch?v=qFZI6kPtOh0,Kita,Sheila on 7,,,Kita Sheila on 7
2026-09-28,id,Indonesia,top_videos_daily,,59,https://i.ytimg.com/vi/rCJwHEf6UjY/mqdefault.jpg,https://www.youtube.com/watch?v=rCJwHEf6UjY,AJENG FEBRIA - DIRANTAI DIGELANGI RINDU X DJ BABAT BABAT (OFFICIAL MUSIC VIDEO) | ASAL SEMBUH LUKAMU,AMBYAR EVERYWHERE,,,AJENG FEBRIA - DIRANTAI DIGELANGI RINDU X DJ BABAT BABAT (OFFICIAL MUSIC VIDEO) | ASAL SEMBUH LUKAMU AMBYAR EVERYWHERE
2026-09-28,id,Indonesia,top_videos_daily,,60,https://i.ytimg.com/vi/nYLaeQ0_TjY/mqdefault.jpg,https://www.youtube.com/watch?v=nYLaeQ0_TjY,Mencari Alasan,Exists,,,Mencari Alasan Exists
2026-09-28,id,Indonesia,top_videos_daily,,61,https://i.ytimg.com/vi/Yg3LxxDpn84/mqdefault.jpg,https://www.youtube.com/watch?v=Yg3LxxDpn84,Korbanmu,Tata Janeeta,,,Korbanmu Tata Janeeta
2026-09-28,id,Indonesia,top_videos_daily,,62,https://i.ytimg.com/vi/-1SgFHqxjlw/mqdefault.jpg,https://www.youtube.com/watch?v=-1SgFHqxjlw,SxyCip - Love All Day (Official Music Video),SxyCip,,,SxyCip - Love All Day (Official Music Video) SxyCip
2026-09-28,id,Indonesia,top_videos_daily,,63,https://i.ytimg.com/vi/qoq8B8ThgEM/mqdefault.jpg,https://www.youtube.com/watch?v=qoq8B8ThgEM,Tujh Mein Rab Dikhta Hai,Roopkumar Rathod,,,Tujh Mein Rab Dikhta Hai Roopkumar Rathod
2026-09-28,id,Indonesia,top_videos_daily,,64,https://i.ytimg.com/vi/vL7ZGcsPOAY/mqdefault.jpg,https://www.youtube.com/watch?v=vL7ZGcsPOAY,Kaulah Kamuku,Fatin,,,Kaulah Kamuku Fatin
2026-09-28,id,Indonesia,top_videos_daily,,65,https://i.ytimg.com/vi/QY1yLnapeT0/mqdefault.jpg,https://www.youtube.com/watch?v=QY1yLnapeT0,Mutiara,Ajeng Febria,,,Mutiara Ajeng Febria
2026-09-28,id,Indonesia,top_videos_daily,,66,https://i.ytimg.com/vi/IMtdWKwFlv0/mqdefault.jpg,https://www.youtube.com/watch?v=IMtdWKwFlv0,Tulang dan Nadi,Tiara Andini,,,Tulang dan Nadi Tiara Andini
2026-09-28,id,Indonesia,top_videos_daily,,67,https://i.ytimg.com/vi/R5PyKEgKYUE/mqdefault.jpg,https://www.youtube.com/watch?v=R5PyKEgKYUE,Della Monica feat. Rizky Kikik - JAMBU ALAS | PARGOY AMBYAR,Akhtar Music,,,Della Monica feat. Rizky Kikik - JAMBU ALAS | PARGOY AMBYAR Akhtar Music
2026-09-28,id,Indonesia,top_videos_daily,,68,https://i.ytimg.com/vi/Ghhhp_3xBxw/mqdefault.jpg,https://www.youtube.com/watch?v=Ghhhp_3xBxw,Perceraian Lara,Fendik Adella / Difarina Indra Adella,,,Perceraian Lara Fendik Adella & Difarina Indra Adella
2026-09-28,id,Indonesia,top_videos_daily,,69,https://i.ytimg.com/vi/6iAf-K3pf8U/mqdefault.jpg,https://www.youtube.com/watch?v=6iAf-K3pf8U,Sabrinaaa - Helikopter Turun Ke Padang (Official Kenong Version),Sabrinaaa,,,Sabrinaaa - Helikopter Turun Ke Padang (Official Kenong Version) Sabrinaaa
2026-09-28,id,Indonesia,top_videos_daily,,70,https://i.ytimg.com/vi/__Pb1fO2H2A/mqdefault.jpg,https://www.youtube.com/watch?v=__Pb1fO2H2A,Kita Lewati Berdua,overnight,,,Kita Lewati Berdua overnight
2026-09-28,id,Indonesia,top_videos_daily,,71,https://i.ytimg.com/vi/fKVgm3_x-OI/mqdefault.jpg,https://www.youtube.com/watch?v=fKVgm3_x-OI,Satru,Denny Caknan,,,Satru Denny Caknan
2026-09-28,id,Indonesia,top_videos_daily,,72,https://i.ytimg.com/vi/WhEUZrB2Osc/mqdefault.jpg,https://www.youtube.com/watch?v=WhEUZrB2Osc,Pamungkas - Berapa Kali Kita Akan Saling Memaafkan (Official Lyrics Video),Pamungkas,,,Pamungkas - Berapa Kali Kita Akan Saling Memaafkan (Official Lyrics Video) Pamungkas
2026-09-28,id,Indonesia,top_videos_daily,,73,https://i.ytimg.com/vi/4WCKulv3cQw/mqdefault.jpg,https://www.youtube.com/watch?v=4WCKulv3cQw,DJ BECKY G SHOWER X ABANG PILIH YANG MANA SOUND OLD VIRAL STYLE KONDANG TREND | KHARIS SOPAN,Kharis Sopan,,,DJ BECKY G SHOWER X ABANG PILIH YANG MANA SOUND OLD VIRAL STYLE KONDANG TREND | KHARIS SOPAN Kharis Sopan
2026-09-28,id,Indonesia,top_videos_daily,,74,https://i.ytimg.com/vi/ks27-0q-Hrc/mqdefault.jpg,https://www.youtube.com/watch?v=ks27-0q-Hrc,Terbelah Jadi Dua,Gloria Jessica / Ade Govinda,,,Terbelah Jadi Dua Gloria Jessica & Ade Govinda
2026-09-28,id,Indonesia,top_videos_daily,,75,https://i.ytimg.com/vi/tSA-rz_bsSg/mqdefault.jpg,https://www.youtube.com/watch?v=tSA-rz_bsSg,Piche Kota - Sedikit Lebih Lama (Official Music Video),Piche Kota,,,Piche Kota - Sedikit Lebih Lama (Official Music Video) Piche Kota
2026-09-28,id,Indonesia,top_videos_daily,,76,https://i.ytimg.com/vi/fcY8YudZe1c/mqdefault.jpg,https://www.youtube.com/watch?v=fcY8YudZe1c,Menteri Durmagati,KAJAWI,,,Menteri Durmagati KAJAWI
2026-09-28,id,Indonesia,top_videos_daily,,77,https://i.ytimg.com/vi/BCo8FntOOMk/mqdefault.jpg,https://www.youtube.com/watch?v=BCo8FntOOMk,"Sekian, Terima Kasih",Lealona / The Jeblogs,,,"Sekian, Terima Kasih Lealona & The Jeblogs"
2026-09-28,id,Indonesia,top_videos_daily,,78,https://i.ytimg.com/vi/chl0R8C4NJ8/mqdefault.jpg,https://www.youtube.com/watch?v=chl0R8C4NJ8,Hearts2Hearts 하츠투하츠 'ICONIC HEART' MV,Hearts2Hearts,,,Hearts2Hearts 하츠투하츠 'ICONIC HEART' MV Hearts2Hearts
2026-09-28,id,Indonesia,top_videos_daily,,79,https://i.ytimg.com/vi/INZZxQNug-k/mqdefault.jpg,https://www.youtube.com/watch?v=INZZxQNug-k,Kaulah Kamuku,Fatin,,,Kaulah Kamuku Fatin
2026-09-28,id,Indonesia,top_videos_daily,,80,https://i.ytimg.com/vi/rFa_ZMbWhGo/mqdefault.jpg,https://www.youtube.com/watch?v=rFa_ZMbWhGo,AJENG FEBRIA FT SETO - LILAKNE LUNGAMU (Official Music Live),Music Interactive,,,AJENG FEBRIA FT SETO - LILAKNE LUNGAMU (Official Music Live) Music Interactive
2026-09-28,id,Indonesia,top_videos_daily,,81,https://i.ytimg.com/vi/ThGYCL1zERU/mqdefault.jpg,https://www.youtube.com/watch?v=ThGYCL1zERU,Raci Kuah,Fresly Nikijuluw,,,Raci Kuah Fresly Nikijuluw
2026-09-28,id,Indonesia,top_videos_daily,,82,https://i.ytimg.com/vi/FKVFak54dcQ/mqdefault.jpg,https://www.youtube.com/watch?v=FKVFak54dcQ,VENDETTA RAP - TAU DIRI ( MV,Vendetta Rap,,,VENDETTA RAP - TAU DIRI ( MV ) Vendetta Rap
2026-09-28,id,Indonesia,top_videos_daily,,83,https://i.ytimg.com/vi/FcejdBgc_58/mqdefault.jpg,https://www.youtube.com/watch?v=FcejdBgc_58,Terpukau (Video Clip),Astrid,,,Terpukau (Video Clip) Astrid
2026-09-28,id,Indonesia,top_videos_daily,,84,https://i.ytimg.com/vi/Xt0pDDsdbzw/mqdefault.jpg,https://www.youtube.com/watch?v=Xt0pDDsdbzw,Cinta Sampai Mati,Kangen Band,,,Cinta Sampai Mati Kangen Band
2026-09-28,id,Indonesia,top_videos_daily,,85,https://i.ytimg.com/vi/knt2NuBzsSA/mqdefault.jpg,https://www.youtube.com/watch?v=knt2NuBzsSA,Lumpur Dan Berlian,Ipank,,,Lumpur Dan Berlian Ipank
2026-09-28,id,Indonesia,top_videos_daily,,86,https://i.ytimg.com/vi/4oB6BjcHJec/mqdefault.jpg,https://www.youtube.com/watch?v=4oB6BjcHJec,BEBASKAN DIRIKU - ARMADA | Live Cover Mario G. Klau X MONE BAND [LOAD LINE MUSIC],MARIOGKLAUOFFICIAL,,,BEBASKAN DIRIKU - ARMADA | Live Cover Mario G. Klau X MONE BAND [LOAD LINE MUSIC] MARIOGKLAUOFFICIAL
2026-09-28,id,Indonesia,top_videos_daily,,87,https://i.ytimg.com/vi/JNatjo6ueOs/mqdefault.jpg,https://www.youtube.com/watch?v=JNatjo6ueOs,Tresno Tekan Mati (New Version),NDX A.K.A.,,,Tresno Tekan Mati (New Version) NDX A.K.A.
2026-09-28,id,Indonesia,top_videos_daily,,88,https://i.ytimg.com/vi/1XYeTBmDSxI/mqdefault.jpg,https://www.youtube.com/watch?v=1XYeTBmDSxI,Terbelah Jadi Dua,Gloria Jessica Gultom / Ade Govinda,,,Terbelah Jadi Dua Gloria Jessica Gultom & Ade Govinda
2026-09-28,id,Indonesia,top_videos_daily,,89,https://i.ytimg.com/vi/vf3zFvcKQkw/mqdefault.jpg,https://www.youtube.com/watch?v=vf3zFvcKQkw,Heaven,Bryan Adams,,,Heaven Bryan Adams
2026-09-28,id,Indonesia,top_videos_daily,,90,https://i.ytimg.com/vi/_BzC1Ye72R8/mqdefault.jpg,https://www.youtube.com/watch?v=_BzC1Ye72R8,Mutiara,Yeni Inka,,,Mutiara Yeni Inka
2026-09-28,id,Indonesia,top_videos_daily,,91,https://i.ytimg.com/vi/FyT87Mzfw4o/mqdefault.jpg,https://www.youtube.com/watch?v=FyT87Mzfw4o,Gagal Merangkai Hati,Maulana Wijaya,,,Gagal Merangkai Hati Maulana Wijaya
2026-09-28,id,Indonesia,top_videos_daily,,92,https://i.ytimg.com/vi/YQ-qToZUybM/mqdefault.jpg,https://www.youtube.com/watch?v=YQ-qToZUybM,Die For You (Remix),威肯 / 雅瑞安娜·格蘭德,,,Die For You (Remix) 威肯 & 雅瑞安娜·格蘭德
2026-09-28,id,Indonesia,top_videos_daily,,93,https://i.ytimg.com/vi/IPle4MGMjbA/mqdefault.jpg,https://www.youtube.com/watch?v=IPle4MGMjbA,Opo - Opo Dewe - LAVORA (Official Music Video) || Pengen koyo sing liyane lungo dolan,LAVORA Official,,,Opo - Opo Dewe - LAVORA (Official Music Video) || Pengen koyo sing liyane lungo dolan LAVORA Official
2026-09-28,id,Indonesia,top_videos_daily,,94,https://i.ytimg.com/vi/fwK7ggA3-bU/mqdefault.jpg,https://www.youtube.com/watch?v=fwK7ggA3-bU,One More Night,Maroon 5,,,One More Night Maroon 5
2026-09-28,id,Indonesia,top_videos_daily,,95,https://i.ytimg.com/vi/dcEyID3okrM/mqdefault.jpg,https://www.youtube.com/watch?v=dcEyID3okrM,Dirantai Digelangi Rindu,Exists,,,Dirantai Digelangi Rindu Exists
2026-09-28,id,Indonesia,top_videos_daily,,96,https://i.ytimg.com/vi/yxa21u33lXQ/mqdefault.jpg,https://www.youtube.com/watch?v=yxa21u33lXQ,Lembaran baru,黛西·藍娜莎莉,,,Lembaran baru 黛西·藍娜莎莉
2026-09-28,id,Indonesia,top_videos_daily,,97,https://i.ytimg.com/vi/fVIYmEVG5_Y/mqdefault.jpg,https://www.youtube.com/watch?v=fVIYmEVG5_Y,Oncom Gondrong,Bungsu Bandung,,,Oncom Gondrong Bungsu Bandung
2026-09-28,id,Indonesia,top_videos_daily,,98,https://i.ytimg.com/vi/b0ZBBjViV8Y/mqdefault.jpg,https://www.youtube.com/watch?v=b0ZBBjViV8Y,Separuh Aku,Peterpan,,,Separuh Aku Peterpan
2026-09-28,id,Indonesia,top_videos_daily,,99,https://i.ytimg.com/vi/PT2_F-1esPk/mqdefault.jpg,https://www.youtube.com/watch?v=PT2_F-1esPk,Closer,The Chainsmokers,,,Closer The Chainsmokers
2026-09-28,id,Indonesia,top_videos_daily,,100,https://i.ytimg.com/vi/EfN3iY2Xk1k/mqdefault.jpg,https://www.youtube.com/watch?v=EfN3iY2Xk1k,Maulana Ardiansyah Ft. Shinta Gisul - HELIKOPTER TURUN KE PADANG (Official Dangdut Live Session),TA PRO Music & Publishing,,,Maulana Ardiansyah Ft. Shinta Gisul - HELIKOPTER TURUN KE PADANG (Official Dangdut Live Session) TA PRO Music & Publishing
2026-09-28,in,India,top_videos_daily,,1,https://i.ytimg.com/vi/vRjaGgDsWSo/mqdefault.jpg,https://www.youtube.com/watch?v=vRjaGgDsWSo,Casa Tupka Anthemo | @YoYoHoneySingh feat. Priyanshi | Full Video,Yo・Yo・哈尼・辛,,,Casa Tupka Anthemo | @YoYoHoneySingh feat. Priyanshi | Full Video Yo・Yo・哈尼・辛
2026-09-28,in,India,top_videos_daily,,2,https://i.ytimg.com/vi/JqFzhcWo3EU/mqdefault.jpg,https://www.youtube.com/watch?v=JqFzhcWo3EU,"Yeshanagula (From ""The Paradise"") (Telugu)",Jangi Reddy / Singer Prabha / 希厄姆·卡莎拉,,,"Yeshanagula (From ""The Paradise"") (Telugu) Jangi Reddy , Singer Prabha & 希厄姆·卡莎拉"
2026-09-28,in,India,top_videos_daily,,3,https://i.ytimg.com/vi/s2HYl12gmOY/mqdefault.jpg,https://www.youtube.com/watch?v=s2HYl12gmOY,Parvati,Sadhu Tiwari,,,Parvati Sadhu Tiwari
2026-09-28,in,India,top_videos_daily,,4,https://i.ytimg.com/vi/Pd1yGW_g2T8/mqdefault.jpg,https://www.youtube.com/watch?v=Pd1yGW_g2T8,Ashke (Music Video) Karan Aujla | Mxrci | Aujla Szn 1,Karan Aujla,,,Ashke (Music Video) Karan Aujla | Mxrci | Aujla Szn 1 Karan Aujla
2026-09-28,in,India,top_videos_daily,,5,https://i.ytimg.com/vi/xvT1jH8B9AM/mqdefault.jpg,https://www.youtube.com/watch?v=xvT1jH8B9AM,KALYANI (Remix),ARJN / KDS / FIFTY4 / 舒蕾亞·戈沙爾,,,"KALYANI (Remix) ARJN , KDS , FIFTY4 & 舒蕾亞·戈沙爾"
2026-09-28,in,India,top_videos_daily,,6,https://i.ytimg.com/vi/A_RV2H2F9jw/mqdefault.jpg,https://www.youtube.com/watch?v=A_RV2H2F9jw,Basinga Balaalu,Srinidhi Nerella / Kalyan Keys / Swamy Naresh,,,"Basinga Balaalu Srinidhi Nerella , Kalyan Keys & Swamy Naresh"
2026-09-28,in,India,top_videos_daily,,7,https://i.ytimg.com/vi/ebZj_nrmH-c/mqdefault.jpg,https://www.youtube.com/watch?v=ebZj_nrmH-c,Barsaat,Banjaare / Roni,,,Barsaat Banjaare & Roni
2026-09-28,in,India,top_videos_daily,,8,https://i.ytimg.com/vi/u9MpnqWC6Xg/mqdefault.jpg,https://www.youtube.com/watch?v=u9MpnqWC6Xg,"Afsaana Banaaya Aapne (From ""Gunmaaster G9”)",希梅什·雷希漢米亞 / Asees Kaur,,,"Afsaana Banaaya Aapne (From ""Gunmaaster G9”) 希梅什·雷希漢米亞 & Asees Kaur"
2026-09-28,in,India,top_videos_daily,,9,https://i.ytimg.com/vi/iAtoZar5W58/mqdefault.jpg,https://www.youtube.com/watch?v=iAtoZar5W58,Aaya Sher,Jangi Reddy / Arjun Chandy / 安尼魯德・瑞維奇德 / Kasarla Shyam,,,"Aaya Sher Jangi Reddy , Arjun Chandy , 安尼魯德・瑞維奇德 & Kasarla Shyam"
2026-09-28,in,India,top_videos_daily,,10,https://i.ytimg.com/vi/zoBTw-1vzyY/mqdefault.jpg,https://www.youtube.com/watch?v=zoBTw-1vzyY,"Endhayya Saami | Ranabaali | Full Song | Vijay Deverakonda, Rashmika | Rahul Sankrityan | Ajay–Atul",T-Series Telugu,,,"Endhayya Saami | Ranabaali | Full Song | Vijay Deverakonda, Rashmika | Rahul Sankrityan | Ajay–Atul T-Series Telugu"
2026-09-28,in,India,top_videos_daily,,11,https://i.ytimg.com/vi/YyepU5ztLf4/mqdefault.jpg,https://www.youtube.com/watch?v=YyepU5ztLf4,Shararat,Madhubanti Bagchi / 雅斯文·桑德拉斯 / 沙赫瓦特·薩赫迪夫,,,"Shararat Madhubanti Bagchi , 雅斯文·桑德拉斯 & 沙赫瓦特·薩赫迪夫"
2026-09-28,in,India,top_videos_daily,,12,https://i.ytimg.com/vi/rjfxLq3OQ0w/mqdefault.jpg,https://www.youtube.com/watch?v=rjfxLq3OQ0w,Parvati,Sadhu Tiwari,,,Parvati Sadhu Tiwari
2026-09-28,in,India,top_videos_daily,,13,https://i.ytimg.com/vi/jR3rWCBeO6M/mqdefault.jpg,https://www.youtube.com/watch?v=jR3rWCBeO6M,"Radhimaa [From ""Think Indie""]",Asma Teji / Sai Abhyankkar / Vivek / Nargis Teji,,,"Radhimaa [From ""Think Indie""] Asma Teji , Sai Abhyankkar , Vivek & Nargis Teji"
2026-09-28,in,India,top_videos_daily,,14,https://i.ytimg.com/vi/z5y8Clp_TdE/mqdefault.jpg,https://www.youtube.com/watch?v=z5y8Clp_TdE,KALYANI (Remix),舒蕾亞·戈沙爾 / ARJN / FIFTY4 / KDS,,,"KALYANI (Remix) 舒蕾亞·戈沙爾 , ARJN , FIFTY4 & KDS"
2026-09-28,in,India,top_videos_daily,,15,https://i.ytimg.com/vi/u9BdaJTWeiw/mqdefault.jpg,https://www.youtube.com/watch?v=u9BdaJTWeiw,Barbaadi,Shilpi Raj,,,Barbaadi Shilpi Raj
2026-09-28,in,India,top_videos_daily,,16,https://i.ytimg.com/vi/b68HETiNO98/mqdefault.jpg,https://www.youtube.com/watch?v=b68HETiNO98,Pavazha Malli,Sai Abhyankkar / Shruti Haasan,,,Pavazha Malli Sai Abhyankkar & Shruti Haasan
2026-09-28,in,India,top_videos_daily,,17,https://i.ytimg.com/vi/SQ4jZ-EAL88/mqdefault.jpg,https://www.youtube.com/watch?v=SQ4jZ-EAL88,Vaaroon Forever (Official Video) | Mirzapur The Movie | Shreya Ghoshal | Romy | Anand B | Ginny D,阿南德·巴斯卡爾,,,Vaaroon Forever (Official Video) | Mirzapur The Movie | Shreya Ghoshal | Romy | Anand B | Ginny D 阿南德·巴斯卡爾
2026-09-28,in,India,top_videos_daily,,18,https://i.ytimg.com/vi/Pq7UxbWeRU0/mqdefault.jpg,https://www.youtube.com/watch?v=Pq7UxbWeRU0,GHOSTFACE KILLAH (Official Video) | Sidhu Moose Wala | Mxrci | Navkaran Brar,Sidhu Moose Wala,,,GHOSTFACE KILLAH (Official Video) | Sidhu Moose Wala | Mxrci | Navkaran Brar Sidhu Moose Wala
2026-09-28,in,India,top_videos_daily,,19,https://i.ytimg.com/vi/oafxkMv4xnc/mqdefault.jpg,https://www.youtube.com/watch?v=oafxkMv4xnc,Bairan,Banjaare,"2月 13, 2026",1189063,"19 5 Bairan Banjaare 2月 13, 2026 24 206 1,189,063"
2026-09-28,in,India,top_videos_daily,,20,https://i.ytimg.com/vi/F2m4HPLvj-4/mqdefault.jpg,https://www.youtube.com/watch?v=F2m4HPLvj-4,Jaiye Sajana,雅斯文·桑德拉斯 / 施廷德·薩爾塔 / 沙赫瓦特·薩赫迪夫,,,"Jaiye Sajana 雅斯文·桑德拉斯 , 施廷德·薩爾塔 & 沙赫瓦特·薩赫迪夫"
2026-09-28,in,India,top_videos_daily,,21,https://i.ytimg.com/vi/cL0KKSPjZf8/mqdefault.jpg,https://www.youtube.com/watch?v=cL0KKSPjZf8,Boom Shaka,KR$NA / Dhanda Nyoliwala,,,Boom Shaka KR$NA & Dhanda Nyoliwala
2026-09-28,in,India,top_videos_daily,,22,https://i.ytimg.com/vi/7w7LUaLpM4E/mqdefault.jpg,https://www.youtube.com/watch?v=7w7LUaLpM4E,MALLEPOOLA PALLAKI 8K VIDEO | RAVI TEJA | GV PRAKASH | DAPPU SRINU | IRUMUDI | AYYAPPA SONG,Sunkara Anjaneyulu / Yugabharathi / G.V. Prakash Kumar / Velmurugan,,,"MALLEPOOLA PALLAKI 8K VIDEO | RAVI TEJA | GV PRAKASH | DAPPU SRINU | IRUMUDI | AYYAPPA SONG Sunkara Anjaneyulu , Yugabharathi , G.V. Prakash Kumar & Velmurugan"
2026-09-28,in,India,top_videos_daily,,23,https://i.ytimg.com/vi/ZvXN0TcZLfQ/mqdefault.jpg,https://www.youtube.com/watch?v=ZvXN0TcZLfQ,Fortuner,Raj Mawar / Ruchika Jangid,,,Fortuner Raj Mawar & Ruchika Jangid
2026-09-28,in,India,top_videos_daily,,24,https://i.ytimg.com/vi/QnQnz9G2LNw/mqdefault.jpg,https://www.youtube.com/watch?v=QnQnz9G2LNw,MALLEPOOLA PALLAKI (Song) | Ravi Teja | GV Prakash | Dappu Srinu | Shiva Nirvana | Irumudi,Sunkara Anjaneyulu / Yugabharathi / G.V. Prakash Kumar / Velmurugan,,,"MALLEPOOLA PALLAKI (Song) | Ravi Teja | GV Prakash | Dappu Srinu | Shiva Nirvana | Irumudi Sunkara Anjaneyulu , Yugabharathi , G.V. Prakash Kumar & Velmurugan"
2026-09-28,in,India,top_videos_daily,,25,https://i.ytimg.com/vi/FCRb4kjnRx4/mqdefault.jpg,https://www.youtube.com/watch?v=FCRb4kjnRx4,Chhathi Maiya - The VVAAN | Sidharth Malhotra & Tamannaah | Vishal Mishra | Kaushal K | Chinni P,Kaushal Kishore / Kalpana,,,Chhathi Maiya - The VVAAN | Sidharth Malhotra & Tamannaah | Vishal Mishra | Kaushal K | Chinni P Kaushal Kishore & Kalpana
2026-09-28,in,India,top_videos_daily,,26,https://i.ytimg.com/vi/aRNfSqsgrgE/mqdefault.jpg,https://www.youtube.com/watch?v=aRNfSqsgrgE,Sheesha,Mitta Ror / Swara Verma,,,Sheesha Mitta Ror & Swara Verma
2026-09-28,in,India,top_videos_daily,,27,https://i.ytimg.com/vi/6rvUyBiBtik/mqdefault.jpg,https://www.youtube.com/watch?v=6rvUyBiBtik,Tera Mera Rishta,Sayeed Quadri / Mustafa Zahid / Pritam,,,"Tera Mera Rishta Sayeed Quadri , Mustafa Zahid & Pritam"
2026-09-28,in,India,top_videos_daily,,28,https://i.ytimg.com/vi/rdFCf2_8xbY/mqdefault.jpg,https://www.youtube.com/watch?v=rdFCf2_8xbY,Sulochana,Sanvi Sudeep / Super Subu,,,Sulochana Sanvi Sudeep & Super Subu
2026-09-28,in,India,top_videos_daily,,29,https://i.ytimg.com/vi/Oyw1Eo21q5k/mqdefault.jpg,https://www.youtube.com/watch?v=Oyw1Eo21q5k,Kabze,Bintu Pabra / Shiva Choudhary,,,Kabze Bintu Pabra & Shiva Choudhary
2026-09-28,in,India,top_videos_daily,,30,https://i.ytimg.com/vi/GVizJ_jpUnw/mqdefault.jpg,https://www.youtube.com/watch?v=GVizJ_jpUnw,Gehra Hua,Arijit Singh / Armaan Khan / 沙赫瓦特·薩赫迪夫 / Irshad Kamil,,,"Gehra Hua Arijit Singh , Armaan Khan , 沙赫瓦特·薩赫迪夫 & Irshad Kamil"
2026-09-28,in,India,top_videos_daily,,31,https://i.ytimg.com/vi/Y1L01J5fhDY/mqdefault.jpg,https://www.youtube.com/watch?v=Y1L01J5fhDY,"O Mere Saajan (Special Surprise) [From ""Ranabaali""]",Kshitij Patwardhan / 阿傑-阿圖爾 / Shweta Mohan / Javed Ali,,,"O Mere Saajan (Special Surprise) [From ""Ranabaali""] Kshitij Patwardhan , 阿傑-阿圖爾 , Shweta Mohan & Javed Ali"
2026-09-28,in,India,top_videos_daily,,32,https://i.ytimg.com/vi/7VsejGzcJmM/mqdefault.jpg,https://www.youtube.com/watch?v=7VsejGzcJmM,Alaakaa Loova,Sai Abhyankkar,,,Alaakaa Loova Sai Abhyankkar
2026-09-28,in,India,top_videos_daily,,33,https://i.ytimg.com/vi/zC3UbTf4qrM/mqdefault.jpg,https://www.youtube.com/watch?v=zC3UbTf4qrM,YA BABA (FITNA FAREBI),阿米塔布·巴塔查亞 / Nakash Aziz,,,YA BABA (FITNA FAREBI) 阿米塔布·巴塔查亞 & Nakash Aziz
2026-09-28,in,India,top_videos_daily,,34,https://i.ytimg.com/vi/jA0gY6P-qmw/mqdefault.jpg,https://www.youtube.com/watch?v=jA0gY6P-qmw,Vibe Venuma - Music Video | Meesaya Murukku 2 | Hiphop Tamizha | VJ Siddhu | Harshath Khan,Saregama Tamil,,,Vibe Venuma - Music Video | Meesaya Murukku 2 | Hiphop Tamizha | VJ Siddhu | Harshath Khan Saregama Tamil
2026-09-28,in,India,top_videos_daily,,35,https://i.ytimg.com/vi/Aze7zTyIRtk/mqdefault.jpg,https://www.youtube.com/watch?v=Aze7zTyIRtk,Aura 10/10,Hiphop Tamizha,,,Aura 10/10 Hiphop Tamizha
2026-09-28,in,India,top_videos_daily,,36,https://i.ytimg.com/vi/uOrhBw3N3NM/mqdefault.jpg,https://www.youtube.com/watch?v=uOrhBw3N3NM,80 Lakh,D Naveen / Shiva Choudhary / Sweta Chauhan / Kala Dighal,,,"80 Lakh D Naveen , Shiva Choudhary , Sweta Chauhan & Kala Dighal"
2026-09-28,in,India,top_videos_daily,,37,https://i.ytimg.com/vi/5GCfYLguTIs/mqdefault.jpg,https://www.youtube.com/watch?v=5GCfYLguTIs,Boyfriend,Karan Aujla,,,Boyfriend Karan Aujla
2026-09-28,in,India,top_videos_daily,,38,https://i.ytimg.com/vi/RBwK3jPz4dk/mqdefault.jpg,https://www.youtube.com/watch?v=RBwK3jPz4dk,Sulochana,Sanvi Sudeep / Super Subu,,,Sulochana Sanvi Sudeep & Super Subu
2026-09-28,in,India,top_videos_daily,,39,https://i.ytimg.com/vi/N0KfiOTSpxs/mqdefault.jpg,https://www.youtube.com/watch?v=N0KfiOTSpxs,"Kalyana Virundhu (From ""Dorothy"")",安東尼·達桑 / 普里亞·傑森 / Ilaiyaraaja / Yugendran Vasudevan,,,"Kalyana Virundhu (From ""Dorothy"") 安東尼·達桑 , 普里亞·傑森 , Ilaiyaraaja & Yugendran Vasudevan"
2026-09-28,in,India,top_videos_daily,,40,https://i.ytimg.com/vi/2gXNDr_6FcE/mqdefault.jpg,https://www.youtube.com/watch?v=2gXNDr_6FcE,Irumudi Kattu,Ananthu / Shiva Nirvana / G.V. Prakash Kumar / Kalyan Chakravarthy Tripuraneni,,,"Irumudi Kattu Ananthu , Shiva Nirvana , G.V. Prakash Kumar & Kalyan Chakravarthy Tripuraneni"
2026-09-28,in,India,top_videos_daily,,41,https://i.ytimg.com/vi/DY31OTsxdBY/mqdefault.jpg,https://www.youtube.com/watch?v=DY31OTsxdBY,Full Video: Yaalalo Yaalalo | Irumudi | Ravi Teja | GV Prakash | Hesham | Shiva Nirvana,Hesham Abdul Wahab / Sadhika K R / Balaji Venugopal / G.V. Prakash Kumar,,,"Full Video: Yaalalo Yaalalo | Irumudi | Ravi Teja | GV Prakash | Hesham | Shiva Nirvana Hesham Abdul Wahab , Sadhika K R , Balaji Venugopal & G.V. Prakash Kumar"
2026-09-28,in,India,top_videos_daily,,42,https://i.ytimg.com/vi/bP8ATWCvqzw/mqdefault.jpg,https://www.youtube.com/watch?v=bP8ATWCvqzw,Arz Kiya Hai,Anuv Jain,,,Arz Kiya Hai Anuv Jain
2026-09-28,in,India,top_videos_daily,,43,https://i.ytimg.com/vi/AsdEIaw9Wks/mqdefault.jpg,https://www.youtube.com/watch?v=AsdEIaw9Wks,Mithe Tere Bol Gora,Masoom Sharma,,,Mithe Tere Bol Gora Masoom Sharma
2026-09-28,in,India,top_videos_daily,,44,https://i.ytimg.com/vi/GX9x62kFsVU/mqdefault.jpg,https://www.youtube.com/watch?v=GX9x62kFsVU,Gehra Hua,Arijit Singh / Armaan Khan / 沙赫瓦特·薩赫迪夫 / Irshad Kamil,,,"Gehra Hua Arijit Singh , Armaan Khan , 沙赫瓦特·薩赫迪夫 & Irshad Kamil"
2026-09-28,in,India,top_videos_daily,,45,https://i.ytimg.com/vi/CEbB9kdu8ng/mqdefault.jpg,https://www.youtube.com/watch?v=CEbB9kdu8ng,Guzarish,Satinder Sartaaj,,,Guzarish Satinder Sartaaj
2026-09-28,in,India,top_videos_daily,,46,https://i.ytimg.com/vi/e6GzEyqp0BE/mqdefault.jpg,https://www.youtube.com/watch?v=e6GzEyqp0BE,"Ramayana: Jai Jai Rama:Telugu | Namit M, Nitesh T| Ranbir, Yash, Sai |AR Rahman, Deepali S, Raghav K",T-Series Telugu,,,"Ramayana: Jai Jai Rama:Telugu | Namit M, Nitesh T| Ranbir, Yash, Sai |AR Rahman, Deepali S, Raghav K T-Series Telugu"
2026-09-28,in,India,top_videos_daily,,47,https://i.ytimg.com/vi/49x5rfxmv4E/mqdefault.jpg,https://www.youtube.com/watch?v=49x5rfxmv4E,Karuppa Kooda Va,Sai Abhyankkar / V·M·馬哈林加姆,,,Karuppa Kooda Va Sai Abhyankkar & V·M·馬哈林加姆
2026-09-28,in,India,top_videos_daily,,48,https://i.ytimg.com/vi/sPEcx5UBh6M/mqdefault.jpg,https://www.youtube.com/watch?v=sPEcx5UBh6M,"Yeh Prem Mol Liya- Title Track | Ayushmann, Sharvari, Sooraj Barjatya | Himesh Reshammiya | Shreya G",Himesh Reshammiya,,,"Yeh Prem Mol Liya- Title Track | Ayushmann, Sharvari, Sooraj Barjatya | Himesh Reshammiya | Shreya G Himesh Reshammiya"
2026-09-28,in,India,top_videos_daily,,49,https://i.ytimg.com/vi/ri1Ar5nEq4s/mqdefault.jpg,https://www.youtube.com/watch?v=ri1Ar5nEq4s,Aaj Ki Raat,Madhubanti Bagchi / Divya Kumar / Sachin-Jigar,,,"Aaj Ki Raat Madhubanti Bagchi , Divya Kumar & Sachin-Jigar"
2026-09-28,in,India,top_videos_daily,,50,https://i.ytimg.com/vi/GYfdWiAnshE/mqdefault.jpg,https://www.youtube.com/watch?v=GYfdWiAnshE,"Neno Butterfly Full Video Song 4K | Vishwanath and Sons | Suriya, Mamitha Baiju | G.V. Prakash Kumar",Sublahshini / G.V. Prakash Kumar,,,"Neno Butterfly Full Video Song 4K | Vishwanath and Sons | Suriya, Mamitha Baiju | G.V. Prakash Kumar Sublahshini & G.V. Prakash Kumar"
2026-09-28,in,India,top_videos_daily,,51,https://i.ytimg.com/vi/Ym4ti89tItw/mqdefault.jpg,https://www.youtube.com/watch?v=Ym4ti89tItw,YEDA YUNG,YUNG DSA / YEAR DOWN,,,YEDA YUNG YUNG DSA & YEAR DOWN
2026-09-28,in,India,top_videos_daily,,52,https://i.ytimg.com/vi/PwTcikeQ8Wg/mqdefault.jpg,https://www.youtube.com/watch?v=PwTcikeQ8Wg,Parvati (Lyrical) | Jab Zid Pe Aa Gayi Parvati | Hanuman Ansh | Sadhu Tiwari | Shiv Parvati Song,Times Music,,,Parvati (Lyrical) | Jab Zid Pe Aa Gayi Parvati | Hanuman Ansh | Sadhu Tiwari | Shiv Parvati Song Times Music
2026-09-28,in,India,top_videos_daily,,53,https://i.ytimg.com/vi/WT-wrwlN144/mqdefault.jpg,https://www.youtube.com/watch?v=WT-wrwlN144,YAALALO YAALALO Lyrical | Irumudi | Ravi Teja | GV Prakash | Hesham | Shiva Nirvana,Hesham Abdul Wahab / Sadhika K R / Balaji Venugopal / G.V. Prakash Kumar,,,"YAALALO YAALALO Lyrical | Irumudi | Ravi Teja | GV Prakash | Hesham | Shiva Nirvana Hesham Abdul Wahab , Sadhika K R , Balaji Venugopal & G.V. Prakash Kumar"
2026-09-28,in,India,top_videos_daily,,54,https://i.ytimg.com/vi/eJXL4-4m5nY/mqdefault.jpg,https://www.youtube.com/watch?v=eJXL4-4m5nY,BTS (방탄소년단) ‘Merry Go Round’ Official MV,防彈少年團,,,BTS (방탄소년단) ‘Merry Go Round’ Official MV 防彈少年團
2026-09-28,in,India,top_videos_daily,,55,https://i.ytimg.com/vi/-1SgFHqxjlw/mqdefault.jpg,https://www.youtube.com/watch?v=-1SgFHqxjlw,SxyCip - Love All Day (Official Music Video),SxyCip,,,SxyCip - Love All Day (Official Music Video) SxyCip
2026-09-28,in,India,top_videos_daily,,56,https://i.ytimg.com/vi/4F2jDMgioqk/mqdefault.jpg,https://www.youtube.com/watch?v=4F2jDMgioqk,"Saanson Ko (From ""Zid"")",Toshi Sabri / Arijit Singh,,,"Saanson Ko (From ""Zid"") Toshi Sabri & Arijit Singh"
2026-09-28,in,India,top_videos_daily,,57,https://i.ytimg.com/vi/LePk8rw6PKw/mqdefault.jpg,https://www.youtube.com/watch?v=LePk8rw6PKw,Pehli Dafa,Satyajeet Jena,,,Pehli Dafa Satyajeet Jena
2026-09-28,in,India,top_videos_daily,,58,https://i.ytimg.com/vi/P-gPYtr2cGU/mqdefault.jpg,https://www.youtube.com/watch?v=P-gPYtr2cGU,Seethakoka,Ahmed Khan Durani (AKD),,,Seethakoka Ahmed Khan Durani (AKD)
2026-09-28,in,India,top_videos_daily,,59,https://i.ytimg.com/vi/JAXkwpamrgg/mqdefault.jpg,https://www.youtube.com/watch?v=JAXkwpamrgg,YAAD HAI NA,吉特·甘古利 / Arijit Singh,,,YAAD HAI NA 吉特·甘古利 & Arijit Singh
2026-09-28,in,India,top_videos_daily,,60,https://i.ytimg.com/vi/Q7ZMrWQmJbQ/mqdefault.jpg,https://www.youtube.com/watch?v=Q7ZMrWQmJbQ,Katto Gilehri,達雷爾·馬哈帝,,,Katto Gilehri 達雷爾·馬哈帝
2026-09-28,in,India,top_videos_daily,,61,https://i.ytimg.com/vi/3a42y3LwiDE/mqdefault.jpg,https://www.youtube.com/watch?v=3a42y3LwiDE,"Yedhayya Saami | Ranabaali | Full Song | Vijay Deverakonda, Rashmika | Rahul Sankrityan | Ajay–Atul",Karthik / Shweta Mohan,,,"Yedhayya Saami | Ranabaali | Full Song | Vijay Deverakonda, Rashmika | Rahul Sankrityan | Ajay–Atul Karthik & Shweta Mohan"
2026-09-28,in,India,top_videos_daily,,62,https://i.ytimg.com/vi/Bm9lLpmPM0A/mqdefault.jpg,https://www.youtube.com/watch?v=Bm9lLpmPM0A,Pattampoochi,Sublahshini / G.V. Prakash Kumar,,,Pattampoochi Sublahshini & G.V. Prakash Kumar
2026-09-28,in,India,top_videos_daily,,63,https://i.ytimg.com/vi/C1LN4cWjMl0/mqdefault.jpg,https://www.youtube.com/watch?v=C1LN4cWjMl0,Pattampoochi,Sublahshini / G.V. Prakash Kumar,,,Pattampoochi Sublahshini & G.V. Prakash Kumar
2026-09-28,in,India,top_videos_daily,,64,https://i.ytimg.com/vi/6JaeasJw-QI/mqdefault.jpg,https://www.youtube.com/watch?v=6JaeasJw-QI,Thalapathy Kacheri,Jayanth Maadhur / Anirudh Ravichander / Arun Kaundinya / Nazeeruddin / Srinivasa Mouli,,,"Thalapathy Kacheri Jayanth Maadhur , Anirudh Ravichander , Arun Kaundinya , Nazeeruddin & Srinivasa Mouli"
2026-09-28,in,India,top_videos_daily,,65,https://i.ytimg.com/vi/MWoheMt2Ym0/mqdefault.jpg,https://www.youtube.com/watch?v=MWoheMt2Ym0,FISH (Video Oficial) - Kapuchino,Kapuchino,,,FISH (Video Oficial) - Kapuchino Kapuchino
2026-09-28,in,India,top_videos_daily,,66,https://i.ytimg.com/vi/ptwUYrguUI8/mqdefault.jpg,https://www.youtube.com/watch?v=ptwUYrguUI8,Pesamale - Official Music Video Song | Siri Xander | Arra Aria Khayal |Tamil Indie Pop,Sony Music South,,,Pesamale - Official Music Video Song | Siri Xander | Arra Aria Khayal |Tamil Indie Pop Sony Music South
2026-09-28,in,India,top_videos_daily,,67,https://i.ytimg.com/vi/yWNPxS0sXnE/mqdefault.jpg,https://www.youtube.com/watch?v=yWNPxS0sXnE,Jai Jai Ram,Shreya Ghoshal / Arijit Singh,,,Jai Jai Ram Shreya Ghoshal & Arijit Singh
2026-09-28,in,India,top_videos_daily,,68,https://i.ytimg.com/vi/Gs1VoQi341Q/mqdefault.jpg,https://www.youtube.com/watch?v=Gs1VoQi341Q,WATTARAM | FULL VIDEO SONG OUT NOW | GANA BADRI x BULKAN | RENI LAMB,Gana Badri,,,WATTARAM | FULL VIDEO SONG OUT NOW | GANA BADRI x BULKAN | RENI LAMB | Gana Badri
2026-09-28,in,India,top_videos_daily,,69,https://i.ytimg.com/vi/KLp8A7llATI/mqdefault.jpg,https://www.youtube.com/watch?v=KLp8A7llATI,New Song 2026 | New Hindi Song | Humrah Tu Mera | Shahid Kapoor | Sharvari | New Song,Gaurav Mali,,2026,New Song 2026 | New Hindi Song | Humrah Tu Mera | Shahid Kapoor | Sharvari | New Song Gaurav Mali
2026-09-28,in,India,top_videos_daily,,70,https://i.ytimg.com/vi/X1twu3ztkPU/mqdefault.jpg,https://www.youtube.com/watch?v=X1twu3ztkPU,Bum Baa Diga Diga - Music Video | DC | Lokesh | Sun Pictures | Anirudh | Arun Matheswaran,Heisenberg / Ritesh G Rao / Anirudh Ravichander / Asura,,,"Bum Baa Diga Diga - Music Video | DC | Lokesh | Sun Pictures | Anirudh | Arun Matheswaran Heisenberg , Ritesh G Rao , Anirudh Ravichander & Asura"
2026-09-28,in,India,top_videos_daily,,71,https://i.ytimg.com/vi/zHqGSU7Ymw0/mqdefault.jpg,https://www.youtube.com/watch?v=zHqGSU7Ymw0,Ooroda Oththa Don - Lyric | Baththa | Vijay Sethupathi | @SaiAbhyankkar| Balaji Tharaneetharan,Think Music India,,,Ooroda Oththa Don - Lyric | Baththa | Vijay Sethupathi | @SaiAbhyankkar| Balaji Tharaneetharan Think Music India
2026-09-28,in,India,top_videos_daily,,72,https://i.ytimg.com/vi/1iBDh00xMQw/mqdefault.jpg,https://www.youtube.com/watch?v=1iBDh00xMQw,Rupya Dekh Ke Bora Me,Tuntun Yadav,,,Rupya Dekh Ke Bora Me Tuntun Yadav
2026-09-28,in,India,top_videos_daily,,73,https://i.ytimg.com/vi/rC-kbRanJQ0/mqdefault.jpg,https://www.youtube.com/watch?v=rC-kbRanJQ0,UDI UDI,Hruday / Sarkar / Aneesh,,,"UDI UDI Hruday , Sarkar & Aneesh"
2026-09-28,in,India,top_videos_daily,,74,https://i.ytimg.com/vi/sY45iA7PFS8/mqdefault.jpg,https://www.youtube.com/watch?v=sY45iA7PFS8,Banger,Sharvi Yadav / Badshah / Hiten,,,"Banger Sharvi Yadav , Badshah & Hiten"
2026-09-28,in,India,top_videos_daily,,76,https://i.ytimg.com/vi/MiRlq-7_VIs/mqdefault.jpg,https://www.youtube.com/watch?v=MiRlq-7_VIs,Dhvani Bhanushali x Kinjal Dave - Fundadi (Music Video) | Gaurav D | Adil Shaikh | Feels - EP,Dhvani Bhanushali,,,Dhvani Bhanushali x Kinjal Dave - Fundadi (Music Video) | Gaurav D | Adil Shaikh | Feels - EP Dhvani Bhanushali
2026-09-28,in,India,top_videos_daily,,77,https://i.ytimg.com/vi/EEZ8fbzhEfQ/mqdefault.jpg,https://www.youtube.com/watch?v=EEZ8fbzhEfQ,Irumudi Kattu,Ananthu / Shiva Nirvana / G.V. Prakash Kumar / Kalyan Chakravarthy Tripuraneni,,,"Irumudi Kattu Ananthu , Shiva Nirvana , G.V. Prakash Kumar & Kalyan Chakravarthy Tripuraneni"
2026-09-28,in,India,top_videos_daily,,78,https://i.ytimg.com/vi/ZcO4s0UU4Uk/mqdefault.jpg,https://www.youtube.com/watch?v=ZcO4s0UU4Uk,Kamar DJ Pe,Manish Sonipat Aala / Bali Sharma / Vampire,,,"Kamar DJ Pe Manish Sonipat Aala , Bali Sharma & Vampire"
2026-09-28,in,India,top_videos_daily,,79,https://i.ytimg.com/vi/EtTf6f3Ydak/mqdefault.jpg,https://www.youtube.com/watch?v=EtTf6f3Ydak,Irumudi Kattu,Ananthu / G.V. Prakash Kumar / Shiva Nirvana / Kalyan Chakravarthy Tripuraneni,,,"Irumudi Kattu Ananthu , G.V. Prakash Kumar , Shiva Nirvana & Kalyan Chakravarthy Tripuraneni"
2026-09-28,in,India,top_videos_daily,,80,https://i.ytimg.com/vi/9dV6Hl2u3vM/mqdefault.jpg,https://www.youtube.com/watch?v=9dV6Hl2u3vM,Neno Butterfly,Sublahshini / G.V. Prakash Kumar,,,Neno Butterfly Sublahshini & G.V. Prakash Kumar
2026-09-28,in,India,top_videos_daily,,81,https://i.ytimg.com/vi/QxWoYkrgpJE/mqdefault.jpg,https://www.youtube.com/watch?v=QxWoYkrgpJE,Nallaru po,Tippu / Sai Abhyankkar,,,Nallaru po Tippu & Sai Abhyankkar
2026-09-28,in,India,top_videos_daily,,82,https://i.ytimg.com/vi/SmPcTv7uBaM/mqdefault.jpg,https://www.youtube.com/watch?v=SmPcTv7uBaM,Mutta Kalakki,Ken Karunaas / G.V. Prakash Kumar,,,Mutta Kalakki Ken Karunaas & G.V. Prakash Kumar
2026-09-28,in,India,top_videos_daily,,83,https://i.ytimg.com/vi/78BUQPB8Z-c/mqdefault.jpg,https://www.youtube.com/watch?v=78BUQPB8Z-c,Goindhamma,Hiphop Tamizha / Gana Sudhakar / Gana Vinoth / 高什克·克里希 / Gana Ulagam Dharani,,,"Goindhamma Hiphop Tamizha , Gana Sudhakar , Gana Vinoth , 高什克·克里希 & Gana Ulagam Dharani"
2026-09-28,in,India,top_videos_daily,,84,https://i.ytimg.com/vi/3j7bhOvW6jw/mqdefault.jpg,https://www.youtube.com/watch?v=3j7bhOvW6jw,LOW FADE,Mxrci / Karan Aujla,,,LOW FADE Mxrci & Karan Aujla
2026-09-28,in,India,top_videos_daily,,85,https://i.ytimg.com/vi/rNeIVKh1WUo/mqdefault.jpg,https://www.youtube.com/watch?v=rNeIVKh1WUo,Full Video: Manemma - Irumudi | Ravi Teja | Baby Nakshatra | Priya | GV Prakash | Shiva Nirvana,T-Series Telugu,,,Full Video: Manemma - Irumudi | Ravi Teja | Baby Nakshatra | Priya | GV Prakash | Shiva Nirvana T-Series Telugu
2026-09-28,in,India,top_videos_daily,,86,https://i.ytimg.com/vi/OxXKDGO-MYQ/mqdefault.jpg,https://www.youtube.com/watch?v=OxXKDGO-MYQ,LAAVAN,Jasmine Sandlas / Mofusion,,,LAAVAN Jasmine Sandlas & Mofusion
2026-09-28,in,India,top_videos_daily,,87,https://i.ytimg.com/vi/2vYyHb34upc/mqdefault.jpg,https://www.youtube.com/watch?v=2vYyHb34upc,Case Teri Rani Ladegi,Khesari Lal Yadav / Shrishti Bharti,,,Case Teri Rani Ladegi Khesari Lal Yadav & Shrishti Bharti
2026-09-28,in,India,top_videos_daily,,88,https://i.ytimg.com/vi/4r9r6Fhm9I0/mqdefault.jpg,https://www.youtube.com/watch?v=4r9r6Fhm9I0,Pesamale - Official Lyric Video | Siri Xander | Arra Aria Khayal |Tamil Indie Pop |Sony Music Indie,Siri Xander / Arra Aria Khayal,,,Pesamale - Official Lyric Video | Siri Xander | Arra Aria Khayal |Tamil Indie Pop |Sony Music Indie Siri Xander & Arra Aria Khayal
2026-09-28,in,India,top_videos_daily,,89,https://i.ytimg.com/vi/_ijaEtNzZgw/mqdefault.jpg,https://www.youtube.com/watch?v=_ijaEtNzZgw,Maruti,Dhanda Nyoliwala / Ron Likhari / Miki Malang,,,"Maruti Dhanda Nyoliwala , Ron Likhari & Miki Malang"
2026-09-28,in,India,top_videos_daily,,90,https://i.ytimg.com/vi/BSu3eNpupq8/mqdefault.jpg,https://www.youtube.com/watch?v=BSu3eNpupq8,Aavagaman,Sadhu Tiwari,,,Aavagaman Sadhu Tiwari
2026-09-28,in,India,top_videos_daily,,91,https://i.ytimg.com/vi/4mauxBeB9bA/mqdefault.jpg,https://www.youtube.com/watch?v=4mauxBeB9bA,Aashiq Banaya Aapne,Shreya Ghoshal / Himesh Reshammiya,,,Aashiq Banaya Aapne Shreya Ghoshal & Himesh Reshammiya
2026-09-28,in,India,top_videos_daily,,92,https://i.ytimg.com/vi/V1oczq_8L0E/mqdefault.jpg,https://www.youtube.com/watch?v=V1oczq_8L0E,Ishq Mubarak,安基特·蒂瓦里 / 馬諾伊·蒙塔舍 / VDJ Fly / Arijit Singh / Dj Gaurav,,,"Ishq Mubarak 安基特·蒂瓦里 , 馬諾伊·蒙塔舍 , VDJ Fly , Arijit Singh & Dj Gaurav"
2026-09-28,in,India,top_videos_daily,,93,https://i.ytimg.com/vi/Y4a0w1_ZblA/mqdefault.jpg,https://www.youtube.com/watch?v=Y4a0w1_ZblA,"NO SNITCHING - Vin WRLD & Harshit Rao | Aarush Bhola, Laila & Farrhana Bhatt | Anshul Garg",Desi Music Factory,,,"NO SNITCHING - Vin WRLD & Harshit Rao | Aarush Bhola, Laila & Farrhana Bhatt | Anshul Garg Desi Music Factory"
2026-09-28,in,India,top_videos_daily,,94,https://i.ytimg.com/vi/awftKqYV8Ss/mqdefault.jpg,https://www.youtube.com/watch?v=awftKqYV8Ss,Mon Befana | মন বেফানা | Ashraful Pavel x Tosiba Begum | তোমারে নো ভালা লাগছে আমার দুই নয়নে,Ashraful Pavel,,,Mon Befana | মন বেফানা | Ashraful Pavel x Tosiba Begum | তোমারে নো ভালা লাগছে আমার দুই নয়নে Ashraful Pavel
2026-09-28,in,India,top_videos_daily,,95,https://i.ytimg.com/vi/CIK_49Bv3iU/mqdefault.jpg,https://www.youtube.com/watch?v=CIK_49Bv3iU,लाठी | Lathi | Aashish Yadav | Khushi Kakkar | Bhojpuri Gana | New Bhojpuri Song 2026,Weird Genius / Sara Fajira,,2026,लाठी | Lathi | Aashish Yadav | Khushi Kakkar | Bhojpuri Gana | New Bhojpuri Song 2026 Weird Genius & Sara Fajira
2026-09-28,in,India,top_videos_daily,,96,https://i.ytimg.com/vi/MfY9YO3u7GM/mqdefault.jpg,https://www.youtube.com/watch?v=MfY9YO3u7GM,Brown Rang,Yo・Yo・哈尼・辛,,,Brown Rang Yo・Yo・哈尼・辛
2026-09-28,in,India,top_videos_daily,,97,https://i.ytimg.com/vi/kWh6fgcreyw/mqdefault.jpg,https://www.youtube.com/watch?v=kWh6fgcreyw,Dhanda Nyoliwala - Do Numbari (Official Video) | Mirzapur The Movie | In Cinemas 4 Sep 2026,Dhanda Nyoliwala,,2026,Dhanda Nyoliwala - Do Numbari (Official Video) | Mirzapur The Movie | In Cinemas 4 Sep 2026 Dhanda Nyoliwala
2026-09-28,in,India,top_videos_daily,,98,https://i.ytimg.com/vi/F11XTNVmJp0/mqdefault.jpg,https://www.youtube.com/watch?v=F11XTNVmJp0,मिर्जापुर के मुन्ना ( Official Video ) | #Raushan Rohi & #Srishti Bharti | Maghi #Rangdari Song 2026,SSB RECORDS,,2026,मिर्जापुर के मुन्ना ( Official Video ) | #Raushan Rohi & #Srishti Bharti | Maghi #Rangdari Song 2026 SSB RECORDS
2026-09-28,in,India,top_videos_daily,,99,https://i.ytimg.com/vi/ahc8zhtzQSk/mqdefault.jpg,https://www.youtube.com/watch?v=ahc8zhtzQSk,Lahanga Se Mahanga,Shivani Singh / Pawan Singh,,,Lahanga Se Mahanga Shivani Singh & Pawan Singh
2026-09-28,in,India,top_videos_daily,,100,https://i.ytimg.com/vi/9OF_cF48mjA/mqdefault.jpg,https://www.youtube.com/watch?v=9OF_cF48mjA,Raavana Mavandaa,Anirudh Ravichander / Vivek,,,Raavana Mavandaa Anirudh Ravichander & Vivek
2026-09-28,sg,Singapore,top_videos_daily,,1,https://i.ytimg.com/vi/eJXL4-4m5nY/mqdefault.jpg,https://www.youtube.com/watch?v=eJXL4-4m5nY,BTS (방탄소년단) ‘Merry Go Round’ Official MV,防彈少年團,,,BTS (방탄소년단) ‘Merry Go Round’ Official MV 防彈少年團
2026-09-28,sg,Singapore,top_videos_daily,,2,https://i.ytimg.com/vi/W3mlJNg0pzE/mqdefault.jpg,https://www.youtube.com/watch?v=W3mlJNg0pzE,SaWaDiKa,LISA,"9月 25, 2026",21808,"2 11 SaWaDiKa LISA 9月 25, 2026 13 2 21,808"
2026-09-28,sg,Singapore,top_videos_daily,,3,https://i.ytimg.com/vi/RBwK3jPz4dk/mqdefault.jpg,https://www.youtube.com/watch?v=RBwK3jPz4dk,Sulochana,Sanvi Sudeep / Super Subu,,,Sulochana Sanvi Sudeep & Super Subu
2026-09-28,sg,Singapore,top_videos_daily,,4,https://i.ytimg.com/vi/FyS5dAywkEo/mqdefault.jpg,https://www.youtube.com/watch?v=FyS5dAywkEo,SaWaDiKa (Official Music Video),LISA,,,SaWaDiKa (Official Music Video) LISA
2026-09-28,sg,Singapore,top_videos_daily,,5,https://i.ytimg.com/vi/jA0gY6P-qmw/mqdefault.jpg,https://www.youtube.com/watch?v=jA0gY6P-qmw,Vibe Venuma - Music Video | Meesaya Murukku 2 | Hiphop Tamizha | VJ Siddhu | Harshath Khan,Saregama Tamil,,,Vibe Venuma - Music Video | Meesaya Murukku 2 | Hiphop Tamizha | VJ Siddhu | Harshath Khan Saregama Tamil
2026-09-28,sg,Singapore,top_videos_daily,,6,https://i.ytimg.com/vi/N0KfiOTSpxs/mqdefault.jpg,https://www.youtube.com/watch?v=N0KfiOTSpxs,"Kalyana Virundhu (From ""Dorothy"")",安東尼·達桑 / 普里亞·傑森 / Ilaiyaraaja / Yugendran Vasudevan,,,"Kalyana Virundhu (From ""Dorothy"") 安東尼·達桑 , 普里亞·傑森 , Ilaiyaraaja & Yugendran Vasudevan"
2026-09-28,sg,Singapore,top_videos_daily,,7,https://i.ytimg.com/vi/fcnDmrtj6Sk/mqdefault.jpg,https://www.youtube.com/watch?v=fcnDmrtj6Sk,Dai Dai,Shakira / Burna Boy,,,Dai Dai Shakira & Burna Boy
2026-09-28,sg,Singapore,top_videos_daily,,8,https://i.ytimg.com/vi/376utoTabMI/mqdefault.jpg,https://www.youtube.com/watch?v=376utoTabMI,看著我的眼睛說,張遠 / 姚曉棠,,,看着我的眼睛说 张远 & 姚晓棠
2026-09-28,sg,Singapore,top_videos_daily,,9,https://i.ytimg.com/vi/3DcoC8p9az8/mqdefault.jpg,https://www.youtube.com/watch?v=3DcoC8p9az8,Training Season (Live),Dua Lipa,,,Training Season (Live) Dua Lipa
2026-09-28,sg,Singapore,top_videos_daily,,10,https://i.ytimg.com/vi/ko70cExuzZM/mqdefault.jpg,https://www.youtube.com/watch?v=ko70cExuzZM,The Fate of Ophelia,Taylor Swift,,,The Fate of Ophelia Taylor Swift
2026-09-28,sg,Singapore,top_videos_daily,,11,https://i.ytimg.com/vi/BpR280fXISA/mqdefault.jpg,https://www.youtube.com/watch?v=BpR280fXISA,Taylor Swift - Patient Zero (Official Lyric Video),Taylor Swift,,,Taylor Swift - Patient Zero (Official Lyric Video) Taylor Swift
2026-09-28,sg,Singapore,top_videos_daily,,12,https://i.ytimg.com/vi/Lufa9QAFFeY/mqdefault.jpg,https://www.youtube.com/watch?v=Lufa9QAFFeY,new trick,ROSÉ,"9月 17, 2026",<10K,"12 6 new trick ROSÉ 9月 17, 2026 6 9 <10K"
2026-09-28,sg,Singapore,top_videos_daily,,13,https://i.ytimg.com/vi/jR3rWCBeO6M/mqdefault.jpg,https://www.youtube.com/watch?v=jR3rWCBeO6M,"Radhimaa [From ""Think Indie""]",Asma Teji / Sai Abhyankkar / Vivek / Nargis Teji,,,"Radhimaa [From ""Think Indie""] Asma Teji , Sai Abhyankkar , Vivek & Nargis Teji"
2026-09-28,sg,Singapore,top_videos_daily,,14,https://i.ytimg.com/vi/jfVVXYTZykw/mqdefault.jpg,https://www.youtube.com/watch?v=jfVVXYTZykw,Taylor Swift - Cleveland! (Official Lyric Video),Taylor Swift,,,Taylor Swift - Cleveland! (Official Lyric Video) Taylor Swift
2026-09-28,sg,Singapore,top_videos_daily,,15,https://i.ytimg.com/vi/8SsctW_2ICc/mqdefault.jpg,https://www.youtube.com/watch?v=8SsctW_2ICc,Good Goodbye,HWASA,,,Good Goodbye HWASA
2026-09-28,sg,Singapore,top_videos_daily,,16,https://i.ytimg.com/vi/Q3bFaJVLlb0/mqdefault.jpg,https://www.youtube.com/watch?v=Q3bFaJVLlb0,ဤသို့ပြုရ,Theinkpan Htun,,,ဤသို့ပြုရ Theinkpan Htun
2026-09-28,sg,Singapore,top_videos_daily,,17,https://i.ytimg.com/vi/Aze7zTyIRtk/mqdefault.jpg,https://www.youtube.com/watch?v=Aze7zTyIRtk,Aura 10/10,Hiphop Tamizha,,,Aura 10/10 Hiphop Tamizha
2026-09-28,sg,Singapore,top_videos_daily,,18,https://i.ytimg.com/vi/b68HETiNO98/mqdefault.jpg,https://www.youtube.com/watch?v=b68HETiNO98,Pavazha Malli,Sai Abhyankkar / Shruti Haasan,,,Pavazha Malli Sai Abhyankkar & Shruti Haasan
2026-09-28,sg,Singapore,top_videos_daily,,19,https://i.ytimg.com/vi/xvT1jH8B9AM/mqdefault.jpg,https://www.youtube.com/watch?v=xvT1jH8B9AM,KALYANI (Remix),ARJN / KDS / FIFTY4 / 舒蕾亞·戈沙爾,,,"KALYANI (Remix) ARJN , KDS , FIFTY4 & 舒蕾亞·戈沙爾"
2026-09-28,sg,Singapore,top_videos_daily,,20,https://i.ytimg.com/vi/yZo50fZaGaQ/mqdefault.jpg,https://www.youtube.com/watch?v=yZo50fZaGaQ,stupid song (Amazon Music Songline),Olivia Rodrigo,,,stupid song (Amazon Music Songline) Olivia Rodrigo
2026-09-28,sg,Singapore,top_videos_daily,,21,https://i.ytimg.com/vi/tZnNLoPKriU/mqdefault.jpg,https://www.youtube.com/watch?v=tZnNLoPKriU,Taylor Swift - Babylon (Official Lyric Video),Taylor Swift,,,Taylor Swift - Babylon (Official Lyric Video) Taylor Swift
2026-09-28,sg,Singapore,top_videos_daily,,22,https://i.ytimg.com/vi/7VsejGzcJmM/mqdefault.jpg,https://www.youtube.com/watch?v=7VsejGzcJmM,Alaakaa Loova,Sai Abhyankkar,,,Alaakaa Loova Sai Abhyankkar
2026-09-28,sg,Singapore,top_videos_daily,,23,https://i.ytimg.com/vi/-q_S27LbNKU/mqdefault.jpg,https://www.youtube.com/watch?v=-q_S27LbNKU,BAD,ATEEZ,"6月 25, 2026",<10K,"23 5 BAD ATEEZ 6月 25, 2026 18 93 <10K"
2026-09-28,sg,Singapore,top_videos_daily,,24,https://i.ytimg.com/vi/vRjaGgDsWSo/mqdefault.jpg,https://www.youtube.com/watch?v=vRjaGgDsWSo,Casa Tupka Anthemo | @YoYoHoneySingh feat. Priyanshi | Full Video,Yo・Yo・哈尼・辛,,,Casa Tupka Anthemo | @YoYoHoneySingh feat. Priyanshi | Full Video Yo・Yo・哈尼・辛
2026-09-28,sg,Singapore,top_videos_daily,,25,https://i.ytimg.com/vi/JqFzhcWo3EU/mqdefault.jpg,https://www.youtube.com/watch?v=JqFzhcWo3EU,"Yeshanagula (From ""The Paradise"") (Telugu)",Jangi Reddy / Singer Prabha / 希厄姆·卡莎拉,,,"Yeshanagula (From ""The Paradise"") (Telugu) Jangi Reddy , Singer Prabha & 希厄姆·卡莎拉"
2026-09-28,sg,Singapore,top_videos_daily,,26,https://i.ytimg.com/vi/3sB4Iv_tM7U/mqdefault.jpg,https://www.youtube.com/watch?v=3sB4Iv_tM7U,Nicole Kidman,ADÉLA,,,Nicole Kidman ADÉLA
2026-09-28,sg,Singapore,top_videos_daily,,27,https://i.ytimg.com/vi/kXOKQCtttbw/mqdefault.jpg,https://www.youtube.com/watch?v=kXOKQCtttbw,Taylor Swift - Pink Clouding (Official Lyric Video),Taylor Swift,,,Taylor Swift - Pink Clouding (Official Lyric Video) Taylor Swift
2026-09-28,sg,Singapore,top_videos_daily,,28,https://i.ytimg.com/vi/m7k9UMcHbr0/mqdefault.jpg,https://www.youtube.com/watch?v=m7k9UMcHbr0,"KATSEYE (캣츠아이) ""Animal"" Official MV",KATSEYE,,,"KATSEYE (캣츠아이) ""Animal"" Official MV KATSEYE"
2026-09-28,sg,Singapore,top_videos_daily,,29,https://i.ytimg.com/vi/7H1ObJvb7Hc/mqdefault.jpg,https://www.youtube.com/watch?v=7H1ObJvb7Hc,【純享版】張碧晨侯明昊老友重逢卻唱盡痛心！演繹李佳薇新歌《甲乙丙丁》 深情對唱層層遞進 將遺憾與不捨唱到極致 #天賜的聲音7 EP11 20260821,天賜的聲音,,20260821,【纯享版】张碧晨侯明昊老友重逢却唱尽痛心！演绎李佳薇新歌《甲乙丙丁》 深情对唱层层递进 将遗憾与不舍唱到极致 #天赐的声音7 EP11 20260821 天赐的声音
2026-09-28,sg,Singapore,top_videos_daily,,30,https://i.ytimg.com/vi/RdUV9Ms5GM4/mqdefault.jpg,https://www.youtube.com/watch?v=RdUV9Ms5GM4,IU 'Dear my crazy soulmate' MV,IU,,,IU 'Dear my crazy soulmate' MV IU
2026-09-28,sg,Singapore,top_videos_daily,,31,https://i.ytimg.com/vi/J77i-E_0JWg/mqdefault.jpg,https://www.youtube.com/watch?v=J77i-E_0JWg,SaWaDiKa (Dance Performance Video),LISA,,,SaWaDiKa (Dance Performance Video) LISA
2026-09-28,sg,Singapore,top_videos_daily,,32,https://i.ytimg.com/vi/3RwRrxiG5j4/mqdefault.jpg,https://www.youtube.com/watch?v=3RwRrxiG5j4,Dear my crazy soulmate,IU,,,Dear my crazy soulmate IU
2026-09-28,sg,Singapore,top_videos_daily,,33,https://i.ytimg.com/vi/78BUQPB8Z-c/mqdefault.jpg,https://www.youtube.com/watch?v=78BUQPB8Z-c,Goindhamma,Hiphop Tamizha / Gana Sudhakar / Gana Vinoth / 高什克·克里希 / Gana Ulagam Dharani,,,"Goindhamma Hiphop Tamizha , Gana Sudhakar , Gana Vinoth , 高什克·克里希 & Gana Ulagam Dharani"
2026-09-28,sg,Singapore,top_videos_daily,,34,https://i.ytimg.com/vi/zHqGSU7Ymw0/mqdefault.jpg,https://www.youtube.com/watch?v=zHqGSU7Ymw0,Ooroda Oththa Don - Lyric | Baththa | Vijay Sethupathi | @SaiAbhyankkar| Balaji Tharaneetharan,Think Music India,,,Ooroda Oththa Don - Lyric | Baththa | Vijay Sethupathi | @SaiAbhyankkar| Balaji Tharaneetharan Think Music India
2026-09-28,sg,Singapore,top_videos_daily,,35,https://i.ytimg.com/vi/b6pqQKvASf8/mqdefault.jpg,https://www.youtube.com/watch?v=b6pqQKvASf8,SaWaDiKa,LISA,"9月 26, 2026",<10K,"35 New SaWaDiKa LISA 9月 26, 2026 - 1 <10K"
2026-09-28,sg,Singapore,top_videos_daily,,36,https://i.ytimg.com/vi/YacpC7sUXMM/mqdefault.jpg,https://www.youtube.com/watch?v=YacpC7sUXMM,甲乙丙丁Strangers (伴奏),李佳薇,,,甲乙丙丁Strangers (伴奏) 李佳薇
2026-09-28,sg,Singapore,top_videos_daily,,37,https://i.ytimg.com/vi/KQM9hYlMXsI/mqdefault.jpg,https://www.youtube.com/watch?v=KQM9hYlMXsI,ALLDAY PROJECT - ‘DO IT LIKE THIS’ M/V,Coi Leray,,,ALLDAY PROJECT - ‘DO IT LIKE THIS’ M/V Coi Leray
2026-09-28,sg,Singapore,top_videos_daily,,38,https://i.ytimg.com/vi/C1LN4cWjMl0/mqdefault.jpg,https://www.youtube.com/watch?v=C1LN4cWjMl0,Pattampoochi,Sublahshini / G.V. Prakash Kumar,,,Pattampoochi Sublahshini & G.V. Prakash Kumar
2026-09-28,sg,Singapore,top_videos_daily,,39,https://i.ytimg.com/vi/ptwUYrguUI8/mqdefault.jpg,https://www.youtube.com/watch?v=ptwUYrguUI8,Pesamale - Official Music Video Song | Siri Xander | Arra Aria Khayal |Tamil Indie Pop,Sony Music South,,,Pesamale - Official Music Video Song | Siri Xander | Arra Aria Khayal |Tamil Indie Pop Sony Music South
2026-09-28,sg,Singapore,top_videos_daily,,40,https://i.ytimg.com/vi/zoBTw-1vzyY/mqdefault.jpg,https://www.youtube.com/watch?v=zoBTw-1vzyY,"Endhayya Saami | Ranabaali | Full Song | Vijay Deverakonda, Rashmika | Rahul Sankrityan | Ajay–Atul",T-Series Telugu,,,"Endhayya Saami | Ranabaali | Full Song | Vijay Deverakonda, Rashmika | Rahul Sankrityan | Ajay–Atul T-Series Telugu"
2026-09-28,sg,Singapore,top_videos_daily,,41,https://i.ytimg.com/vi/is8UDe2PhKQ/mqdefault.jpg,https://www.youtube.com/watch?v=is8UDe2PhKQ,KATSEYE (캣츠아이) 'Hootie Frutti' Official MV,KATSEYE,,,KATSEYE (캣츠아이) 'Hootie Frutti' Official MV KATSEYE
2026-09-28,sg,Singapore,top_videos_daily,,42,https://i.ytimg.com/vi/x6_mbnsh6VU/mqdefault.jpg,https://www.youtube.com/watch?v=x6_mbnsh6VU,STORM I & II,Gener8ion / Yung Lean,,,STORM I & II Gener8ion & Yung Lean
2026-09-28,sg,Singapore,top_videos_daily,,43,https://i.ytimg.com/vi/3a42y3LwiDE/mqdefault.jpg,https://www.youtube.com/watch?v=3a42y3LwiDE,"Yedhayya Saami | Ranabaali | Full Song | Vijay Deverakonda, Rashmika | Rahul Sankrityan | Ajay–Atul",Karthik / Shweta Mohan,,,"Yedhayya Saami | Ranabaali | Full Song | Vijay Deverakonda, Rashmika | Rahul Sankrityan | Ajay–Atul Karthik & Shweta Mohan"
2026-09-28,sg,Singapore,top_videos_daily,,44,https://i.ytimg.com/vi/pbAbZOszBVc/mqdefault.jpg,https://www.youtube.com/watch?v=pbAbZOszBVc,Onna Thottu - Lyric Video Song | DOROTHY | Maestro Ilaiyaraaja | Karthik Subbaraj,Sony Music South,,,Onna Thottu - Lyric Video Song | DOROTHY | Maestro Ilaiyaraaja | Karthik Subbaraj Sony Music South
2026-09-28,sg,Singapore,top_videos_daily,,45,https://i.ytimg.com/vi/15dxI9BPxa4/mqdefault.jpg,https://www.youtube.com/watch?v=15dxI9BPxa4,最後一頁 (Live),王赫野 / 姚曉棠,,,最后一页 (Live) 王赫野 & 姚晓棠
2026-09-28,sg,Singapore,top_videos_daily,,46,https://i.ytimg.com/vi/Qe8fa4b5xNU/mqdefault.jpg,https://www.youtube.com/watch?v=Qe8fa4b5xNU,Good Goodbye,HWASA,,,Good Goodbye HWASA
2026-09-28,sg,Singapore,top_videos_daily,,47,https://i.ytimg.com/vi/3Rotnxj-IOM/mqdefault.jpg,https://www.youtube.com/watch?v=3Rotnxj-IOM,2027 Angeline阿妮｜福氣｜Official 4k MV｜阿妮音樂課室學生,Angeline阿妮,,2027,2027 Angeline阿妮｜福气｜Official 4k MV｜阿妮音樂課室学生 Angeline阿妮
2026-09-28,sg,Singapore,top_videos_daily,,48,https://i.ytimg.com/vi/bMhDJ0S0OBA/mqdefault.jpg,https://www.youtube.com/watch?v=bMhDJ0S0OBA,It's Me,ILLIT,"4月 30, 2026",149,"48 2 It's Me ILLIT 4月 30, 2026 50 149 <10K"
2026-09-28,sg,Singapore,top_videos_daily,,49,https://i.ytimg.com/vi/3rB3n_XR23o/mqdefault.jpg,https://www.youtube.com/watch?v=3rB3n_XR23o,我不該動情,老闆,"7月 1, 2026",<10K,"49 2 我不該動情 老板 7月 1, 2026 47 68 <10K"
2026-09-28,sg,Singapore,top_videos_daily,,50,https://i.ytimg.com/vi/_G3Nu8q9Z9s/mqdefault.jpg,https://www.youtube.com/watch?v=_G3Nu8q9Z9s,嘉賓,張遠,"6月 12, 2026",<10K,"50 26 嘉宾 张远 6月 12, 2026 24 81 <10K"
2026-09-28,sg,Singapore,top_videos_daily,,51,https://i.ytimg.com/vi/82-jTNka3uc/mqdefault.jpg,https://www.youtube.com/watch?v=82-jTNka3uc,hate that i made you love me,Ariana Grande,,,hate that i made you love me Ariana Grande
2026-09-28,sg,Singapore,top_videos_daily,,52,https://i.ytimg.com/vi/iAtoZar5W58/mqdefault.jpg,https://www.youtube.com/watch?v=iAtoZar5W58,Aaya Sher,Jangi Reddy / Arjun Chandy / 安尼魯德・瑞維奇德 / Kasarla Shyam,,,"Aaya Sher Jangi Reddy , Arjun Chandy , 安尼魯德・瑞維奇德 & Kasarla Shyam"
2026-09-28,sg,Singapore,top_videos_daily,,53,https://i.ytimg.com/vi/7mDDM0eBWR0/mqdefault.jpg,https://www.youtube.com/watch?v=7mDDM0eBWR0,소연 (SOYEON) '퇴사할게여 (Narr. 기안84)' Official Music Video,i-dle (아이들),,,소연 (SOYEON) '퇴사할게여 (Narr. 기안84)' Official Music Video i-dle (아이들)
2026-09-28,sg,Singapore,top_videos_daily,,54,https://i.ytimg.com/vi/rs0gQ-3hbPQ/mqdefault.jpg,https://www.youtube.com/watch?v=rs0gQ-3hbPQ,"Muthumani (From ""Dorothy"")",Shweta Mohan / Ilaiyaraaja,,,"Muthumani (From ""Dorothy"") Shweta Mohan & Ilaiyaraaja"
2026-09-28,sg,Singapore,top_videos_daily,,55,https://i.ytimg.com/vi/0ijm2Xui5N8/mqdefault.jpg,https://www.youtube.com/watch?v=0ijm2Xui5N8,Ain't In LA,ADÉLA,,,Ain't In LA ADÉLA
2026-09-28,sg,Singapore,top_videos_daily,,56,https://i.ytimg.com/vi/X42ixwTgUJk/mqdefault.jpg,https://www.youtube.com/watch?v=X42ixwTgUJk,Stuck,ENHYPEN,"9月 26, 2026",<10K,"56 New Stuck ENHYPEN 9月 26, 2026 - 1 <10K"
2026-09-28,sg,Singapore,top_videos_daily,,57,https://i.ytimg.com/vi/IRCRsgXGXXM/mqdefault.jpg,https://www.youtube.com/watch?v=IRCRsgXGXXM,"Garah - Hael Husaini, MimiFly (Official Music Video)",Rocketfuel Network,,,"Garah - Hael Husaini, MimiFly (Official Music Video) Rocketfuel Network"
2026-09-28,sg,Singapore,top_videos_daily,,58,https://i.ytimg.com/vi/49x5rfxmv4E/mqdefault.jpg,https://www.youtube.com/watch?v=49x5rfxmv4E,Karuppa Kooda Va,Sai Abhyankkar / V·M·馬哈林加姆,,,Karuppa Kooda Va Sai Abhyankkar & V·M·馬哈林加姆
2026-09-28,sg,Singapore,top_videos_daily,,59,https://i.ytimg.com/vi/1FVF-9KQiPo/mqdefault.jpg,https://www.youtube.com/watch?v=1FVF-9KQiPo,Opalite,Taylor Swift,,,Opalite Taylor Swift
2026-09-28,sg,Singapore,top_videos_daily,,60,https://i.ytimg.com/vi/z5y8Clp_TdE/mqdefault.jpg,https://www.youtube.com/watch?v=z5y8Clp_TdE,KALYANI (Remix),舒蕾亞·戈沙爾 / ARJN / FIFTY4 / KDS,,,"KALYANI (Remix) 舒蕾亞·戈沙爾 , ARJN , FIFTY4 & KDS"
2026-09-28,sg,Singapore,top_videos_daily,,61,https://i.ytimg.com/vi/sf02ugzPFE4/mqdefault.jpg,https://www.youtube.com/watch?v=sf02ugzPFE4,CLICK,JISOO,"9月 3, 2026",<10K,"61 2 CLICK JISOO 9月 3, 2026 59 18 <10K"
2026-09-28,sg,Singapore,top_videos_daily,,62,https://i.ytimg.com/vi/XqVk1Y67jWk/mqdefault.jpg,https://www.youtube.com/watch?v=XqVk1Y67jWk,告五人 [ 好不容易] EDM Cover (蔡恩雨 Priscilla Abby),蔡恩雨,,,告五人 [ 好不容易] EDM Cover (蔡恩雨 Priscilla Abby) 蔡恩雨
2026-09-28,sg,Singapore,top_videos_daily,,63,https://i.ytimg.com/vi/1Qx6ktR3CEk/mqdefault.jpg,https://www.youtube.com/watch?v=1Qx6ktR3CEk,ALLDAY PROJECT - ‘TALK’ M/V,Rain,,,ALLDAY PROJECT - ‘TALK’ M/V Rain
2026-09-28,sg,Singapore,top_videos_daily,,64,https://i.ytimg.com/vi/Pd1yGW_g2T8/mqdefault.jpg,https://www.youtube.com/watch?v=Pd1yGW_g2T8,Ashke (Music Video) Karan Aujla | Mxrci | Aujla Szn 1,Karan Aujla,,,Ashke (Music Video) Karan Aujla | Mxrci | Aujla Szn 1 Karan Aujla
2026-09-28,sg,Singapore,top_videos_daily,,65,https://i.ytimg.com/vi/6Db-cEgbmC4/mqdefault.jpg,https://www.youtube.com/watch?v=6Db-cEgbmC4,Mi Chico,Jason Derulo,,,Mi Chico Jason Derulo
2026-09-28,sg,Singapore,top_videos_daily,,66,https://i.ytimg.com/vi/eB-IK2wPWzw/mqdefault.jpg,https://www.youtube.com/watch?v=eB-IK2wPWzw,BAD,ATEEZ,"8月 1, 2026",<10K,"66 8 BAD ATEEZ 8月 1, 2026 58 49 <10K"
2026-09-28,sg,Singapore,top_videos_daily,,67,https://i.ytimg.com/vi/_Vp-jCG7gno/mqdefault.jpg,https://www.youtube.com/watch?v=_Vp-jCG7gno,God Mode,Sai Abhyankkar / Gana Muthu / Vishnu Edavan,,,"God Mode Sai Abhyankkar , Gana Muthu & Vishnu Edavan"
2026-09-28,sg,Singapore,top_videos_daily,,68,https://i.ytimg.com/vi/zlAjS20q9pE/mqdefault.jpg,https://www.youtube.com/watch?v=zlAjS20q9pE,空心 (Live),黃霄雲 / 劉端端,,,空心 (Live) 黃霄雲 & 刘端端
2026-09-28,sg,Singapore,top_videos_daily,,69,https://i.ytimg.com/vi/e6GzEyqp0BE/mqdefault.jpg,https://www.youtube.com/watch?v=e6GzEyqp0BE,"Ramayana: Jai Jai Rama:Telugu | Namit M, Nitesh T| Ranbir, Yash, Sai |AR Rahman, Deepali S, Raghav K",T-Series Telugu,,,"Ramayana: Jai Jai Rama:Telugu | Namit M, Nitesh T| Ranbir, Yash, Sai |AR Rahman, Deepali S, Raghav K T-Series Telugu"
2026-09-28,sg,Singapore,top_videos_daily,,70,https://i.ytimg.com/vi/OJy0cTd6BPU/mqdefault.jpg,https://www.youtube.com/watch?v=OJy0cTd6BPU,"Ramayana: Jai Jai Rama :Tamil | Namit M, Nitesh T | Ranbir, Yash, Sai |AR Rahman, Chinmayi S, Hari C",T-Series Tamil,,,"Ramayana: Jai Jai Rama :Tamil | Namit M, Nitesh T | Ranbir, Yash, Sai |AR Rahman, Chinmayi S, Hari C T-Series Tamil"
2026-09-28,sg,Singapore,top_videos_daily,,71,https://i.ytimg.com/vi/lhCPiauHI-g/mqdefault.jpg,https://www.youtube.com/watch?v=lhCPiauHI-g,Lord Verity - Master of Humanity (song),Horror Skunx,,,Lord Verity - Master of Humanity (song) Horror Skunx
2026-09-28,sg,Singapore,top_videos_daily,,72,https://i.ytimg.com/vi/RO75uUZiAw0/mqdefault.jpg,https://www.youtube.com/watch?v=RO75uUZiAw0,Teh Hijau,圖魯斯,"6月 29, 2026",<10K,"72 23 Teh Hijau 圖魯斯 6月 29, 2026 49 84 <10K"
2026-09-28,sg,Singapore,top_videos_daily,,73,https://i.ytimg.com/vi/AYWBYaWcse0/mqdefault.jpg,https://www.youtube.com/watch?v=AYWBYaWcse0,Iman Fandi - IT IS (Official Music Video),Iman Fandi,,,Iman Fandi - IT IS (Official Music Video) Iman Fandi
2026-09-28,sg,Singapore,top_videos_daily,,74,https://i.ytimg.com/vi/K2quL_v3Lqc/mqdefault.jpg,https://www.youtube.com/watch?v=K2quL_v3Lqc,LEE JISOO - MISMATCH / THE FIRST TAKE,THE FIRST TAKE,,,LEE JISOO - MISMATCH / THE FIRST TAKE THE FIRST TAKE
2026-09-28,sg,Singapore,top_videos_daily,,75,https://i.ytimg.com/vi/X1twu3ztkPU/mqdefault.jpg,https://www.youtube.com/watch?v=X1twu3ztkPU,Bum Baa Diga Diga - Music Video | DC | Lokesh | Sun Pictures | Anirudh | Arun Matheswaran,Heisenberg / Ritesh G Rao / Anirudh Ravichander / Asura,,,"Bum Baa Diga Diga - Music Video | DC | Lokesh | Sun Pictures | Anirudh | Arun Matheswaran Heisenberg , Ritesh G Rao , Anirudh Ravichander & Asura"
2026-09-28,sg,Singapore,top_videos_daily,,76,https://i.ytimg.com/vi/naoGk-Zjc1s/mqdefault.jpg,https://www.youtube.com/watch?v=naoGk-Zjc1s,SUGAR HONEY ICE TEA,BABYMONSTER,,,SUGAR HONEY ICE TEA BABYMONSTER
2026-09-28,sg,Singapore,top_videos_daily,,77,https://i.ytimg.com/vi/MT-4Bk1Lw8g/mqdefault.jpg,https://www.youtube.com/watch?v=MT-4Bk1Lw8g,Bloody Paradise,ENHYPEN,,,Bloody Paradise ENHYPEN
2026-09-28,sg,Singapore,top_videos_daily,,78,https://i.ytimg.com/vi/7r_FyGxxQqQ/mqdefault.jpg,https://www.youtube.com/watch?v=7r_FyGxxQqQ,DOLLA - UGLY (Official Music Video),DOLLA,,,DOLLA - UGLY (Official Music Video) DOLLA
2026-09-28,sg,Singapore,top_videos_daily,,79,https://i.ytimg.com/vi/27C4pfRsf9g/mqdefault.jpg,https://www.youtube.com/watch?v=27C4pfRsf9g,ICONIC BY MISTAKE,LE SSERAFIM / ILLIT / KATSEYE,,,"ICONIC BY MISTAKE LE SSERAFIM , ILLIT & KATSEYE"
2026-09-28,sg,Singapore,top_videos_daily,,80,https://i.ytimg.com/vi/6JaeasJw-QI/mqdefault.jpg,https://www.youtube.com/watch?v=6JaeasJw-QI,Thalapathy Kacheri,Jayanth Maadhur / Anirudh Ravichander / Arun Kaundinya / Nazeeruddin / Srinivasa Mouli,,,"Thalapathy Kacheri Jayanth Maadhur , Anirudh Ravichander , Arun Kaundinya , Nazeeruddin & Srinivasa Mouli"
2026-09-28,sg,Singapore,top_videos_daily,,81,https://i.ytimg.com/vi/elNce4ixLmE/mqdefault.jpg,https://www.youtube.com/watch?v=elNce4ixLmE,Hootie Frutti,KATSEYE,,,Hootie Frutti KATSEYE
2026-09-28,sg,Singapore,top_videos_daily,,82,https://i.ytimg.com/vi/46h0LvDHgIs/mqdefault.jpg,https://www.youtube.com/watch?v=46h0LvDHgIs,SUN KISS,TUIDE (튜이드),,,SUN KISS TUIDE (튜이드)
2026-09-28,sg,Singapore,top_videos_daily,,83,https://i.ytimg.com/vi/u9MpnqWC6Xg/mqdefault.jpg,https://www.youtube.com/watch?v=u9MpnqWC6Xg,"Afsaana Banaaya Aapne (From ""Gunmaaster G9”)",希梅什·雷希漢米亞 / Asees Kaur,,,"Afsaana Banaaya Aapne (From ""Gunmaaster G9”) 希梅什·雷希漢米亞 & Asees Kaur"
2026-09-28,sg,Singapore,top_videos_daily,,84,https://i.ytimg.com/vi/undhkaMMenU/mqdefault.jpg,https://www.youtube.com/watch?v=undhkaMMenU,Sambavakaari,Saindhavi / 肖恩·羅爾丹 / Mohan Rajan,,,"Sambavakaari Saindhavi , 肖恩·羅爾丹 & Mohan Rajan"
2026-09-28,sg,Singapore,top_videos_daily,,85,https://i.ytimg.com/vi/ZMLA565FuEY/mqdefault.jpg,https://www.youtube.com/watch?v=ZMLA565FuEY,"Poda Padichiruken (From ""Meesaya Murukku 2"")",Hiphop Tamizha / Gana Bala / V.M. Mahalingam,,,"Poda Padichiruken (From ""Meesaya Murukku 2"") Hiphop Tamizha , Gana Bala & V.M. Mahalingam"
2026-09-28,sg,Singapore,top_videos_daily,,86,https://i.ytimg.com/vi/QxWoYkrgpJE/mqdefault.jpg,https://www.youtube.com/watch?v=QxWoYkrgpJE,Nallaru po,Tippu / Sai Abhyankkar,,,Nallaru po Tippu & Sai Abhyankkar
2026-09-28,sg,Singapore,top_videos_daily,,87,https://i.ytimg.com/vi/K-7olbaOelg/mqdefault.jpg,https://www.youtube.com/watch?v=K-7olbaOelg,MMG (My Mine Gueh),Naykilla,,,MMG (My Mine Gueh) Naykilla
2026-09-28,sg,Singapore,top_videos_daily,,88,https://i.ytimg.com/vi/tywjnqmCNiA/mqdefault.jpg,https://www.youtube.com/watch?v=tywjnqmCNiA,Alex To 杜德偉【天真】 經典MV女主角邱淑貞到場，杜德偉親自致謝 ❤️ 好暖 18.10.2025 香港演唱會 GET UP 起來世界巡迴演唱會 #AlexTo #杜德偉 #杜德偉 #天真,杜德偉 Alex To,,2025,Alex To 杜德偉【天真】 經典MV女主角邱淑貞到場，杜德偉親自致謝 ❤️ 好暖 18.10.2025 香港演唱會 GET UP 起來世界巡迴演唱會 #AlexTo #杜德偉 #杜德伟 #天真 杜德偉 Alex To
2026-09-28,sg,Singapore,top_videos_daily,,89,https://i.ytimg.com/vi/83C3TZ4Zm_o/mqdefault.jpg,https://www.youtube.com/watch?v=83C3TZ4Zm_o,LEMONADE,aespa,"5月 28, 2026",121,"89 19 LEMONADE aespa 5月 28, 2026 70 121 <10K"
2026-09-28,sg,Singapore,top_videos_daily,,90,https://i.ytimg.com/vi/yrONUgQwHdc/mqdefault.jpg,https://www.youtube.com/watch?v=yrONUgQwHdc,"5-Year-Old PRODIGY Records ""My Way"" in the Studio!",Angelica Nero,,,"5-Year-Old PRODIGY Records ""My Way"" in the Studio! 🎙️✨ Angelica Nero"
2026-09-28,sg,Singapore,top_videos_daily,,91,https://i.ytimg.com/vi/GnSaLQTrvt0/mqdefault.jpg,https://www.youtube.com/watch?v=GnSaLQTrvt0,Good Goodbye,HWASA,,,Good Goodbye HWASA
2026-09-28,sg,Singapore,top_videos_daily,,92,https://i.ytimg.com/vi/4r9r6Fhm9I0/mqdefault.jpg,https://www.youtube.com/watch?v=4r9r6Fhm9I0,Pesamale - Official Lyric Video | Siri Xander | Arra Aria Khayal |Tamil Indie Pop |Sony Music Indie,Siri Xander / Arra Aria Khayal,,,Pesamale - Official Lyric Video | Siri Xander | Arra Aria Khayal |Tamil Indie Pop |Sony Music Indie Siri Xander & Arra Aria Khayal
2026-09-28,sg,Singapore,top_videos_daily,,93,https://i.ytimg.com/vi/3PJC6uPIekc/mqdefault.jpg,https://www.youtube.com/watch?v=3PJC6uPIekc,Opalite,Taylor Swift,,,Opalite Taylor Swift
2026-09-28,sg,Singapore,top_videos_daily,,94,https://i.ytimg.com/vi/9cS2wv6AfHk/mqdefault.jpg,https://www.youtube.com/watch?v=9cS2wv6AfHk,I LIKE IT,BABYMONSTER,,,I LIKE IT BABYMONSTER
2026-09-28,sg,Singapore,top_videos_daily,,95,https://i.ytimg.com/vi/sPEcx5UBh6M/mqdefault.jpg,https://www.youtube.com/watch?v=sPEcx5UBh6M,"Yeh Prem Mol Liya- Title Track | Ayushmann, Sharvari, Sooraj Barjatya | Himesh Reshammiya | Shreya G",Himesh Reshammiya,,,"Yeh Prem Mol Liya- Title Track | Ayushmann, Sharvari, Sooraj Barjatya | Himesh Reshammiya | Shreya G Himesh Reshammiya"
2026-09-28,sg,Singapore,top_videos_daily,,96,https://i.ytimg.com/vi/x9yop0nYR9g/mqdefault.jpg,https://www.youtube.com/watch?v=x9yop0nYR9g,HOTEL LOBBY (Unc & Phew) (- A COLORS SHOW),Takeoff / Quavo,,,HOTEL LOBBY (Unc & Phew) (- A COLORS SHOW) Takeoff & Quavo
2026-09-28,sg,Singapore,top_videos_daily,,97,https://i.ytimg.com/vi/sZLI4R1R_AM/mqdefault.jpg,https://www.youtube.com/watch?v=sZLI4R1R_AM,Made My Night,LE SSERAFIM,,,Made My Night LE SSERAFIM
2026-09-28,sg,Singapore,top_videos_daily,,98,https://i.ytimg.com/vi/ZdgVpnHq70o/mqdefault.jpg,https://www.youtube.com/watch?v=ZdgVpnHq70o,Made My Night,LE SSERAFIM,,,Made My Night LE SSERAFIM
2026-09-28,sg,Singapore,top_videos_daily,,99,https://i.ytimg.com/vi/BZ4UzthYTss/mqdefault.jpg,https://www.youtube.com/watch?v=BZ4UzthYTss,This & That,Stray Kids,,,This & That Stray Kids
2026-09-28,sg,Singapore,top_videos_daily,,100,https://i.ytimg.com/vi/bnIgkFPGsu0/mqdefault.jpg,https://www.youtube.com/watch?v=bnIgkFPGsu0,Bowitiya mal (බෝවිටියා මල්) - Ravi Jay Ft. Nipuni Sharada,Ravi Jay,,,Bowitiya mal (බෝවිටියා මල්) - Ravi Jay Ft. Nipuni Sharada Ravi Jay
2026-09-28,my,Malaysia,top_videos_daily,,1,https://i.ytimg.com/vi/RO75uUZiAw0/mqdefault.jpg,https://www.youtube.com/watch?v=RO75uUZiAw0,Teh Hijau,圖魯斯,"6月 29, 2026",258795,"1 ● Teh Hijau 圖魯斯 6月 29, 2026 1 83 258,795"
2026-09-28,my,Malaysia,top_videos_daily,,2,https://i.ytimg.com/vi/cDee7SZwtbk/mqdefault.jpg,https://www.youtube.com/watch?v=cDee7SZwtbk,Adek Saye Abe Sore,Adek Saye Abe Sore,,,Adek Saye Abe Sore Adek Saye Abe Sore
2026-09-28,my,Malaysia,top_videos_daily,,3,https://i.ytimg.com/vi/acDzcefJoCs/mqdefault.jpg,https://www.youtube.com/watch?v=acDzcefJoCs,Dari Bawah,EzHaRHaNzE,,,Dari Bawah EzHaRHaNzE
2026-09-28,my,Malaysia,top_videos_daily,,4,https://i.ytimg.com/vi/3DcoC8p9az8/mqdefault.jpg,https://www.youtube.com/watch?v=3DcoC8p9az8,Training Season (Live),Dua Lipa,,,Training Season (Live) Dua Lipa
2026-09-28,my,Malaysia,top_videos_daily,,5,https://i.ytimg.com/vi/7r_FyGxxQqQ/mqdefault.jpg,https://www.youtube.com/watch?v=7r_FyGxxQqQ,DOLLA - UGLY (Official Music Video),DOLLA,,,DOLLA - UGLY (Official Music Video) DOLLA
2026-09-28,my,Malaysia,top_videos_daily,,6,https://i.ytimg.com/vi/K-7olbaOelg/mqdefault.jpg,https://www.youtube.com/watch?v=K-7olbaOelg,MMG (My Mine Gueh),Naykilla,,,MMG (My Mine Gueh) Naykilla
2026-09-28,my,Malaysia,top_videos_daily,,7,https://i.ytimg.com/vi/7qnjiZ_jJuU/mqdefault.jpg,https://www.youtube.com/watch?v=7qnjiZ_jJuU,Dalam Diam,Mojack Hafiz / Zynakal / Zamir Harith / Bel Janni,,,"Dalam Diam Mojack Hafiz , Zynakal , Zamir Harith & Bel Janni"
2026-09-28,my,Malaysia,top_videos_daily,,8,https://i.ytimg.com/vi/eJXL4-4m5nY/mqdefault.jpg,https://www.youtube.com/watch?v=eJXL4-4m5nY,BTS (방탄소년단) ‘Merry Go Round’ Official MV,防彈少年團,,,BTS (방탄소년단) ‘Merry Go Round’ Official MV 防彈少年團
2026-09-28,my,Malaysia,top_videos_daily,,9,https://i.ytimg.com/vi/GTzi2Y1gX2c/mqdefault.jpg,https://www.youtube.com/watch?v=GTzi2Y1gX2c,Sayang Orang Sama,Sayang Orang Sama,,,Sayang Orang Sama Sayang Orang Sama
2026-09-28,my,Malaysia,top_videos_daily,,10,https://i.ytimg.com/vi/T48XTvKkdf8/mqdefault.jpg,https://www.youtube.com/watch?v=T48XTvKkdf8,Ku Yang Berjuang,Danial Kifli,,,Ku Yang Berjuang Danial Kifli
2026-09-28,my,Malaysia,top_videos_daily,,11,https://i.ytimg.com/vi/y8LyFq46C1A/mqdefault.jpg,https://www.youtube.com/watch?v=y8LyFq46C1A,Ngapil Baru | Rickie Andrewson | Official Music Video,ANP Music Production Official,,,Ngapil Baru | Rickie Andrewson | Official Music Video ANP Music Production Official
2026-09-28,my,Malaysia,top_videos_daily,,12,https://i.ytimg.com/vi/jR3rWCBeO6M/mqdefault.jpg,https://www.youtube.com/watch?v=jR3rWCBeO6M,"Radhimaa [From ""Think Indie""]",Asma Teji / Sai Abhyankkar / Vivek / Nargis Teji,,,"Radhimaa [From ""Think Indie""] Asma Teji , Sai Abhyankkar , Vivek & Nargis Teji"
2026-09-28,my,Malaysia,top_videos_daily,,13,https://i.ytimg.com/vi/1ZsKavQtnWA/mqdefault.jpg,https://www.youtube.com/watch?v=1ZsKavQtnWA,Terbang (Original Soundtrack From Tarung: Unforgiven),Noh Salleh,,,Terbang (Original Soundtrack From Tarung: Unforgiven) Noh Salleh
2026-09-28,my,Malaysia,top_videos_daily,,14,https://i.ytimg.com/vi/B452TVVco2Q/mqdefault.jpg,https://www.youtube.com/watch?v=B452TVVco2Q,Great Expectation,SIENNA SPIRO,,,Great Expectation SIENNA SPIRO
2026-09-28,my,Malaysia,top_videos_daily,,15,https://i.ytimg.com/vi/fLdVq8n-KQg/mqdefault.jpg,https://www.youtube.com/watch?v=fLdVq8n-KQg,Astaga Bercanda,Akbar Chalay / Mingse,,,Astaga Bercanda Akbar Chalay & Mingse
2026-09-28,my,Malaysia,top_videos_daily,,16,https://i.ytimg.com/vi/FyS5dAywkEo/mqdefault.jpg,https://www.youtube.com/watch?v=FyS5dAywkEo,SaWaDiKa (Official Music Video),LISA,,,SaWaDiKa (Official Music Video) LISA
2026-09-28,my,Malaysia,top_videos_daily,,17,https://i.ytimg.com/vi/jA0gY6P-qmw/mqdefault.jpg,https://www.youtube.com/watch?v=jA0gY6P-qmw,Vibe Venuma - Music Video | Meesaya Murukku 2 | Hiphop Tamizha | VJ Siddhu | Harshath Khan,Saregama Tamil,,,Vibe Venuma - Music Video | Meesaya Murukku 2 | Hiphop Tamizha | VJ Siddhu | Harshath Khan Saregama Tamil
2026-09-28,my,Malaysia,top_videos_daily,,18,https://i.ytimg.com/vi/0VOhIR3bnXY/mqdefault.jpg,https://www.youtube.com/watch?v=0VOhIR3bnXY,ORANG BARU LEBE GACOR,Ecko Show / Juan Reza / CHESYLINO,,,"ORANG BARU LEBE GACOR Ecko Show , Juan Reza & CHESYLINO"
2026-09-28,my,Malaysia,top_videos_daily,,19,https://i.ytimg.com/vi/fcnDmrtj6Sk/mqdefault.jpg,https://www.youtube.com/watch?v=fcnDmrtj6Sk,Dai Dai,Shakira / Burna Boy,,,Dai Dai Shakira & Burna Boy
2026-09-28,my,Malaysia,top_videos_daily,,20,https://i.ytimg.com/vi/VR7PK3FPE1Q/mqdefault.jpg,https://www.youtube.com/watch?v=VR7PK3FPE1Q,Jemu,梅,"2月 14, 2021",54446,"20 ● Jemu 梅 2月 14, 2021 20 58 54,446"
2026-09-28,my,Malaysia,top_videos_daily,,21,https://i.ytimg.com/vi/Aze7zTyIRtk/mqdefault.jpg,https://www.youtube.com/watch?v=Aze7zTyIRtk,Aura 10/10,Hiphop Tamizha,,,Aura 10/10 Hiphop Tamizha
2026-09-28,my,Malaysia,top_videos_daily,,22,https://i.ytimg.com/vi/YJnbL_AkLF0/mqdefault.jpg,https://www.youtube.com/watch?v=YJnbL_AkLF0,Menjaga Jodoh Orang Lain (Official Lyric Video),Ara Johari,,,Menjaga Jodoh Orang Lain (Official Lyric Video) Ara Johari
2026-09-28,my,Malaysia,top_videos_daily,,23,https://i.ytimg.com/vi/SeSAwqq_Kpo/mqdefault.jpg,https://www.youtube.com/watch?v=SeSAwqq_Kpo,Kita Lewati Berdua,Overnight,,,Kita Lewati Berdua Overnight
2026-09-28,my,Malaysia,top_videos_daily,,24,https://i.ytimg.com/vi/IRCRsgXGXXM/mqdefault.jpg,https://www.youtube.com/watch?v=IRCRsgXGXXM,"Garah - Hael Husaini, MimiFly (Official Music Video)",Rocketfuel Network,,,"Garah - Hael Husaini, MimiFly (Official Music Video) Rocketfuel Network"
2026-09-28,my,Malaysia,top_videos_daily,,25,https://i.ytimg.com/vi/kvzCTmwnI-A/mqdefault.jpg,https://www.youtube.com/watch?v=kvzCTmwnI-A,Tiwikarma,K.O.I,"9月 18, 2024",50771,"25 2 Tiwikarma K.O.I 9月 18, 2024 23 45 50,771"
2026-09-28,my,Malaysia,top_videos_daily,,26,https://i.ytimg.com/vi/W3mlJNg0pzE/mqdefault.jpg,https://www.youtube.com/watch?v=W3mlJNg0pzE,SaWaDiKa,LISA,"9月 25, 2026",49909,"26 New SaWaDiKa LISA 9月 25, 2026 - 1 49,909"
2026-09-28,my,Malaysia,top_videos_daily,,27,https://i.ytimg.com/vi/7VsejGzcJmM/mqdefault.jpg,https://www.youtube.com/watch?v=7VsejGzcJmM,Alaakaa Loova,Sai Abhyankkar,,,Alaakaa Loova Sai Abhyankkar
2026-09-28,my,Malaysia,top_videos_daily,,28,https://i.ytimg.com/vi/awWKxGftWh4/mqdefault.jpg,https://www.youtube.com/watch?v=awWKxGftWh4,Dunia Yang Nanti,Raim Laode,,,Dunia Yang Nanti Raim Laode
2026-09-28,my,Malaysia,top_videos_daily,,29,https://i.ytimg.com/vi/-q_S27LbNKU/mqdefault.jpg,https://www.youtube.com/watch?v=-q_S27LbNKU,BAD,ATEEZ,"6月 25, 2026",45558,"29 5 BAD ATEEZ 6月 25, 2026 24 91 45,558"
2026-09-28,my,Malaysia,top_videos_daily,,30,https://i.ytimg.com/vi/yvsLPs7l6bY/mqdefault.jpg,https://www.youtube.com/watch?v=yvsLPs7l6bY,Meligai Pengerindu,Igu Anthony,,,Meligai Pengerindu Igu Anthony
2026-09-28,my,Malaysia,top_videos_daily,,31,https://i.ytimg.com/vi/ko70cExuzZM/mqdefault.jpg,https://www.youtube.com/watch?v=ko70cExuzZM,The Fate of Ophelia,Taylor Swift,,,The Fate of Ophelia Taylor Swift
2026-09-28,my,Malaysia,top_videos_daily,,32,https://i.ytimg.com/vi/SEiUqNmtIy8/mqdefault.jpg,https://www.youtube.com/watch?v=SEiUqNmtIy8,MERAMPAU - ALEX WAN ( OFFICIAL MUSIC VIDEO,Twin Tone Production Sdn Bhd,,,MERAMPAU - ALEX WAN ( OFFICIAL MUSIC VIDEO ) Twin Tone Production Sdn Bhd
2026-09-28,my,Malaysia,top_videos_daily,,33,https://i.ytimg.com/vi/s5stGs1ktQc/mqdefault.jpg,https://www.youtube.com/watch?v=s5stGs1ktQc,Romantis (Official Music Video),Spring,,,Romantis (Official Music Video) Spring
2026-09-28,my,Malaysia,top_videos_daily,,34,https://i.ytimg.com/vi/q_VCud5ZQSM/mqdefault.jpg,https://www.youtube.com/watch?v=q_VCud5ZQSM,Bungai Pinang | Rickie Andrewson ( OFFICIAL MV,Assapai Entertainment,,,Bungai Pinang | Rickie Andrewson ( OFFICIAL MV ) Assapai Entertainment
2026-09-28,my,Malaysia,top_videos_daily,,35,https://i.ytimg.com/vi/zyLmavBAY7k/mqdefault.jpg,https://www.youtube.com/watch?v=zyLmavBAY7k,Teh Hijau,圖魯斯,"7月 10, 2026",40142,"35 7 Teh Hijau 圖魯斯 7月 10, 2026 28 55 40,142"
2026-09-28,my,Malaysia,top_videos_daily,,36,https://i.ytimg.com/vi/xvT1jH8B9AM/mqdefault.jpg,https://www.youtube.com/watch?v=xvT1jH8B9AM,KALYANI (Remix),ARJN / KDS / FIFTY4 / 舒蕾亞·戈沙爾,,,"KALYANI (Remix) ARJN , KDS , FIFTY4 & 舒蕾亞·戈沙爾"
2026-09-28,my,Malaysia,top_videos_daily,,37,https://i.ytimg.com/vi/b68HETiNO98/mqdefault.jpg,https://www.youtube.com/watch?v=b68HETiNO98,Pavazha Malli,Sai Abhyankkar / Shruti Haasan,,,Pavazha Malli Sai Abhyankkar & Shruti Haasan
2026-09-28,my,Malaysia,top_videos_daily,,38,https://i.ytimg.com/vi/3Rotnxj-IOM/mqdefault.jpg,https://www.youtube.com/watch?v=3Rotnxj-IOM,2027 Angeline阿妮｜福氣｜Official 4k MV｜阿妮音樂課室學生,Angeline阿妮,,2027,2027 Angeline阿妮｜福气｜Official 4k MV｜阿妮音樂課室学生 Angeline阿妮
2026-09-28,my,Malaysia,top_videos_daily,,39,https://i.ytimg.com/vi/qlFuXWRRsxU/mqdefault.jpg,https://www.youtube.com/watch?v=qlFuXWRRsxU,Jodoh Lebaran,Aisha Retno,,,Jodoh Lebaran Aisha Retno
2026-09-28,my,Malaysia,top_videos_daily,,40,https://i.ytimg.com/vi/cmICctnAWCY/mqdefault.jpg,https://www.youtube.com/watch?v=cmICctnAWCY,kota ini tak sama tanpamu,Nadhif Basalamah,,,kota ini tak sama tanpamu Nadhif Basalamah
2026-09-28,my,Malaysia,top_videos_daily,,41,https://i.ytimg.com/vi/M7oZR-MTEZs/mqdefault.jpg,https://www.youtube.com/watch?v=M7oZR-MTEZs,Iqro',Raim Laode,,,Iqro' Raim Laode
2026-09-28,my,Malaysia,top_videos_daily,,42,https://i.ytimg.com/vi/OT5msu-dap8/mqdefault.jpg,https://www.youtube.com/watch?v=OT5msu-dap8,Shape Of My Heart,Backstreet Boys,,,Shape Of My Heart Backstreet Boys
2026-09-28,my,Malaysia,top_videos_daily,,43,https://i.ytimg.com/vi/yIPX-FNJ9qk/mqdefault.jpg,https://www.youtube.com/watch?v=yIPX-FNJ9qk,Sedia Aku Sebelum Hujan,Idgitaf,,,Sedia Aku Sebelum Hujan Idgitaf
2026-09-28,my,Malaysia,top_videos_daily,,44,https://i.ytimg.com/vi/irbo1z4nQRY/mqdefault.jpg,https://www.youtube.com/watch?v=irbo1z4nQRY,Cintamu Mekar Di Hati,May,,,Cintamu Mekar Di Hati May
2026-09-28,my,Malaysia,top_videos_daily,,45,https://i.ytimg.com/vi/IWYt2NKAldE/mqdefault.jpg,https://www.youtube.com/watch?v=IWYt2NKAldE,Ayah Ibu 2.0,Harry / Mizan,,,Ayah Ibu 2.0 Harry & Mizan
2026-09-28,my,Malaysia,top_videos_daily,,46,https://i.ytimg.com/vi/RBwK3jPz4dk/mqdefault.jpg,https://www.youtube.com/watch?v=RBwK3jPz4dk,Sulochana,Sanvi Sudeep / Super Subu,,,Sulochana Sanvi Sudeep & Super Subu
2026-09-28,my,Malaysia,top_videos_daily,,47,https://i.ytimg.com/vi/lY5V4hSLWY8/mqdefault.jpg,https://www.youtube.com/watch?v=lY5V4hSLWY8,Risk It All,Bruno Mars,,,Risk It All Bruno Mars
2026-09-28,my,Malaysia,top_videos_daily,,48,https://i.ytimg.com/vi/OpQFFLBMEPI/mqdefault.jpg,https://www.youtube.com/watch?v=OpQFFLBMEPI,Just Give Me A Reason,P!nk,,,Just Give Me A Reason P!nk
2026-09-28,my,Malaysia,top_videos_daily,,49,https://i.ytimg.com/vi/G4NopmC6zFU/mqdefault.jpg,https://www.youtube.com/watch?v=G4NopmC6zFU,Cukup Sampai Sini,Nabila Razali,,,Cukup Sampai Sini Nabila Razali
2026-09-28,my,Malaysia,top_videos_daily,,50,https://i.ytimg.com/vi/jmIBoQ2lbgQ/mqdefault.jpg,https://www.youtube.com/watch?v=jmIBoQ2lbgQ,Jung Jung Inai,Iman Troye / Asslahierah / XO House,,,"Jung Jung Inai Iman Troye , Asslahierah & XO House"
2026-09-28,my,Malaysia,top_videos_daily,,51,https://i.ytimg.com/vi/vlXSt0sj8XM/mqdefault.jpg,https://www.youtube.com/watch?v=vlXSt0sj8XM,Takkan Pernah - Hussain (Official Music Video),Rocketfuel Network,,,Takkan Pernah - Hussain (Official Music Video) Rocketfuel Network
2026-09-28,my,Malaysia,top_videos_daily,,52,https://i.ytimg.com/vi/3DOB5T1jGv0/mqdefault.jpg,https://www.youtube.com/watch?v=3DOB5T1jGv0,Bunga Larangan,UG14,,,Bunga Larangan UG14
2026-09-28,my,Malaysia,top_videos_daily,,53,https://i.ytimg.com/vi/Nskf70DMR60/mqdefault.jpg,https://www.youtube.com/watch?v=Nskf70DMR60,Sesi Potret,eńau,,,Sesi Potret eńau
2026-09-28,my,Malaysia,top_videos_daily,,54,https://i.ytimg.com/vi/zjxO40VrMZA/mqdefault.jpg,https://www.youtube.com/watch?v=zjxO40VrMZA,Jiwa Yang Mengalah,Bellestrelle,,,Jiwa Yang Mengalah Bellestrelle
2026-09-28,my,Malaysia,top_videos_daily,,55,https://i.ytimg.com/vi/A7ry4cx6HfY/mqdefault.jpg,https://www.youtube.com/watch?v=A7ry4cx6HfY,So Far Away,七級煉獄,,,So Far Away 七級煉獄
2026-09-28,my,Malaysia,top_videos_daily,,56,https://i.ytimg.com/vi/dAevFxbfqkU/mqdefault.jpg,https://www.youtube.com/watch?v=dAevFxbfqkU,Syahriyadi - Gadis Manis Kalimantan (Official Music Video),Syahriadi,,,Syahriyadi - Gadis Manis Kalimantan (Official Music Video) Syahriadi
2026-09-28,my,Malaysia,top_videos_daily,,57,https://i.ytimg.com/vi/7WNlDmUN-mc/mqdefault.jpg,https://www.youtube.com/watch?v=7WNlDmUN-mc,Percuma,Mahalini,,,Percuma Mahalini
2026-09-28,my,Malaysia,top_videos_daily,,58,https://i.ytimg.com/vi/0SbnqsQInqE/mqdefault.jpg,https://www.youtube.com/watch?v=0SbnqsQInqE,MUTIARA,Ipank / Kintani,,,MUTIARA Ipank & Kintani
2026-09-28,my,Malaysia,top_videos_daily,,59,https://i.ytimg.com/vi/fwK7ggA3-bU/mqdefault.jpg,https://www.youtube.com/watch?v=fwK7ggA3-bU,One More Night,Maroon 5,,,One More Night Maroon 5
2026-09-28,my,Malaysia,top_videos_daily,,60,https://i.ytimg.com/vi/prmmCg5bKxA/mqdefault.jpg,https://www.youtube.com/watch?v=prmmCg5bKxA,Eenie Meenie,Sean Kingston / Justin Bieber,,,Eenie Meenie Sean Kingston & Justin Bieber
2026-09-28,my,Malaysia,top_videos_daily,,61,https://i.ytimg.com/vi/82-jTNka3uc/mqdefault.jpg,https://www.youtube.com/watch?v=82-jTNka3uc,hate that i made you love me,Ariana Grande,,,hate that i made you love me Ariana Grande
2026-09-28,my,Malaysia,top_videos_daily,,62,https://i.ytimg.com/vi/-sRB7kIJ2uw/mqdefault.jpg,https://www.youtube.com/watch?v=-sRB7kIJ2uw,Aku Diam Aku Tahu,Andak_13Ai,,,Aku Diam Aku Tahu Andak_13Ai
2026-09-28,my,Malaysia,top_videos_daily,,63,https://i.ytimg.com/vi/eB-IK2wPWzw/mqdefault.jpg,https://www.youtube.com/watch?v=eB-IK2wPWzw,BAD,ATEEZ,"8月 1, 2026",26287,"63 2 BAD ATEEZ 8月 1, 2026 65 23 26,287"
2026-09-28,my,Malaysia,top_videos_daily,,64,https://i.ytimg.com/vi/8F2s8ivKXNY/mqdefault.jpg,https://www.youtube.com/watch?v=8F2s8ivKXNY,Life Goes On,Oliver Tree,,,Life Goes On Oliver Tree
2026-09-28,my,Malaysia,top_videos_daily,,65,https://i.ytimg.com/vi/_gO_csyMKK0/mqdefault.jpg,https://www.youtube.com/watch?v=_gO_csyMKK0,Kerana Terluka,Nurul,,,Kerana Terluka Nurul
2026-09-28,my,Malaysia,top_videos_daily,,66,https://i.ytimg.com/vi/s_w6P5aWVgc/mqdefault.jpg,https://www.youtube.com/watch?v=s_w6P5aWVgc,Punca,Sofazr SecondPlan,,,Punca Sofazr SecondPlan
2026-09-28,my,Malaysia,top_videos_daily,,67,https://i.ytimg.com/vi/BHwcpWwnEls/mqdefault.jpg,https://www.youtube.com/watch?v=BHwcpWwnEls,Cuba Jadi Aku,Nadeera,,,Cuba Jadi Aku Nadeera
2026-09-28,my,Malaysia,top_videos_daily,,68,https://i.ytimg.com/vi/Lufa9QAFFeY/mqdefault.jpg,https://www.youtube.com/watch?v=Lufa9QAFFeY,new trick,ROSÉ,"9月 17, 2026",24726,"68 21 new trick ROSÉ 9月 17, 2026 47 9 24,726"
2026-09-28,my,Malaysia,top_videos_daily,,69,https://i.ytimg.com/vi/4WCKulv3cQw/mqdefault.jpg,https://www.youtube.com/watch?v=4WCKulv3cQw,DJ BECKY G SHOWER X ABANG PILIH YANG MANA SOUND OLD VIRAL STYLE KONDANG TREND | KHARIS SOPAN,Kharis Sopan,,,DJ BECKY G SHOWER X ABANG PILIH YANG MANA SOUND OLD VIRAL STYLE KONDANG TREND | KHARIS SOPAN Kharis Sopan
2026-09-28,my,Malaysia,top_videos_daily,,70,https://i.ytimg.com/vi/x3bfa3DZ8JM/mqdefault.jpg,https://www.youtube.com/watch?v=x3bfa3DZ8JM,Better,Khalid,"11月 8, 2018",23706,"70 4 Better Khalid 11月 8, 2018 74 32 23,706"
2026-09-28,my,Malaysia,top_videos_daily,,71,https://i.ytimg.com/vi/75aBKInkybs/mqdefault.jpg,https://www.youtube.com/watch?v=75aBKInkybs,Tentang Rindu,Virzha,,,Tentang Rindu Virzha
2026-09-28,my,Malaysia,top_videos_daily,,72,https://i.ytimg.com/vi/C1LN4cWjMl0/mqdefault.jpg,https://www.youtube.com/watch?v=C1LN4cWjMl0,Pattampoochi,Sublahshini / G.V. Prakash Kumar,,,Pattampoochi Sublahshini & G.V. Prakash Kumar
2026-09-28,my,Malaysia,top_videos_daily,,73,https://i.ytimg.com/vi/m7k9UMcHbr0/mqdefault.jpg,https://www.youtube.com/watch?v=m7k9UMcHbr0,"KATSEYE (캣츠아이) ""Animal"" Official MV",KATSEYE,,,"KATSEYE (캣츠아이) ""Animal"" Official MV KATSEYE"
2026-09-28,my,Malaysia,top_videos_daily,,74,https://i.ytimg.com/vi/8_ENUylbMfk/mqdefault.jpg,https://www.youtube.com/watch?v=8_ENUylbMfk,月亮圓,Bingyen 鄭斌彥,"8月 29, 2025",23128,"74 55 月亮圆 Bingyen 郑斌彦 8月 29, 2025 19 3 23,128"
2026-09-28,my,Malaysia,top_videos_daily,,75,https://i.ytimg.com/vi/qoq8B8ThgEM/mqdefault.jpg,https://www.youtube.com/watch?v=qoq8B8ThgEM,Tujh Mein Rab Dikhta Hai,Roopkumar Rathod,,,Tujh Mein Rab Dikhta Hai Roopkumar Rathod
2026-09-28,my,Malaysia,top_videos_daily,,76,https://i.ytimg.com/vi/vRjaGgDsWSo/mqdefault.jpg,https://www.youtube.com/watch?v=vRjaGgDsWSo,Casa Tupka Anthemo | @YoYoHoneySingh feat. Priyanshi | Full Video,Yo・Yo・哈尼・辛,,,Casa Tupka Anthemo | @YoYoHoneySingh feat. Priyanshi | Full Video Yo・Yo・哈尼・辛
2026-09-28,my,Malaysia,top_videos_daily,,77,https://i.ytimg.com/vi/lhCPiauHI-g/mqdefault.jpg,https://www.youtube.com/watch?v=lhCPiauHI-g,Lord Verity - Master of Humanity (song),Horror Skunx,,,Lord Verity - Master of Humanity (song) Horror Skunx
2026-09-28,my,Malaysia,top_videos_daily,,78,https://i.ytimg.com/vi/uelHwf8o7_U/mqdefault.jpg,https://www.youtube.com/watch?v=uelHwf8o7_U,Love The Way You Lie,Eminem,,,Love The Way You Lie Eminem
2026-09-28,my,Malaysia,top_videos_daily,,79,https://i.ytimg.com/vi/9h9a5UgUruA/mqdefault.jpg,https://www.youtube.com/watch?v=9h9a5UgUruA,Aku Takut,Repvblik,,,Aku Takut Repvblik
2026-09-28,my,Malaysia,top_videos_daily,,80,https://i.ytimg.com/vi/bMhDJ0S0OBA/mqdefault.jpg,https://www.youtube.com/watch?v=bMhDJ0S0OBA,It's Me,ILLIT,"4月 30, 2026",22137,"80 9 It's Me ILLIT 4月 30, 2026 89 125 22,137"
2026-09-28,my,Malaysia,top_videos_daily,,81,https://i.ytimg.com/vi/78BUQPB8Z-c/mqdefault.jpg,https://www.youtube.com/watch?v=78BUQPB8Z-c,Goindhamma,Hiphop Tamizha / Gana Sudhakar / Gana Vinoth / 高什克·克里希 / Gana Ulagam Dharani,,,"Goindhamma Hiphop Tamizha , Gana Sudhakar , Gana Vinoth , 高什克·克里希 & Gana Ulagam Dharani"
2026-09-28,my,Malaysia,top_videos_daily,,82,https://i.ytimg.com/vi/ptwUYrguUI8/mqdefault.jpg,https://www.youtube.com/watch?v=ptwUYrguUI8,Pesamale - Official Music Video Song | Siri Xander | Arra Aria Khayal |Tamil Indie Pop,Sony Music South,,,Pesamale - Official Music Video Song | Siri Xander | Arra Aria Khayal |Tamil Indie Pop Sony Music South
2026-09-28,my,Malaysia,top_videos_daily,,83,https://i.ytimg.com/vi/jeMDzLsmRnE/mqdefault.jpg,https://www.youtube.com/watch?v=jeMDzLsmRnE,月亮圓,Bingyen 鄭斌彥,"7月 16, 2024",21731,"83 70 月亮圆 Bingyen 郑斌彦 7月 16, 2024 13 3 21,731"
2026-09-28,my,Malaysia,top_videos_daily,,84,https://i.ytimg.com/vi/VNuzL5GTK1g/mqdefault.jpg,https://www.youtube.com/watch?v=VNuzL5GTK1g,Menanti janji,Ronnie Hussien,,,Menanti janji Ronnie Hussien
2026-09-28,my,Malaysia,top_videos_daily,,85,https://i.ytimg.com/vi/QxWoYkrgpJE/mqdefault.jpg,https://www.youtube.com/watch?v=QxWoYkrgpJE,Nallaru po,Tippu / Sai Abhyankkar,,,Nallaru po Tippu & Sai Abhyankkar
2026-09-28,my,Malaysia,top_videos_daily,,86,https://i.ytimg.com/vi/NIDh_hqRbLI/mqdefault.jpg,https://www.youtube.com/watch?v=NIDh_hqRbLI,Rahsia Tuhan,Noh Salleh,,,Rahsia Tuhan Noh Salleh
2026-09-28,my,Malaysia,top_videos_daily,,87,https://i.ytimg.com/vi/fMiH9F7O9eM/mqdefault.jpg,https://www.youtube.com/watch?v=fMiH9F7O9eM,Tak Adil,Aisha Retno,,,Tak Adil Aisha Retno
2026-09-28,my,Malaysia,top_videos_daily,,88,https://i.ytimg.com/vi/49x5rfxmv4E/mqdefault.jpg,https://www.youtube.com/watch?v=49x5rfxmv4E,Karuppa Kooda Va,Sai Abhyankkar / V·M·馬哈林加姆,,,Karuppa Kooda Va Sai Abhyankkar & V·M·馬哈林加姆
2026-09-28,my,Malaysia,top_videos_daily,,89,https://i.ytimg.com/vi/v1t4MTqdfyI/mqdefault.jpg,https://www.youtube.com/watch?v=v1t4MTqdfyI,hate that i made you love me,Ariana Grande,,,hate that i made you love me Ariana Grande
2026-09-28,my,Malaysia,top_videos_daily,,90,https://i.ytimg.com/vi/MrTz5xjmso4/mqdefault.jpg,https://www.youtube.com/watch?v=MrTz5xjmso4,Beautiful Girls,Sean Kingston,,,Beautiful Girls Sean Kingston
2026-09-28,my,Malaysia,top_videos_daily,,91,https://i.ytimg.com/vi/FB5-rPa5wBA/mqdefault.jpg,https://www.youtube.com/watch?v=FB5-rPa5wBA,玻璃,Gareth.T,"5月 20, 2026",20705,"91 21 玻璃 Gareth.T 5月 20, 2026 70 97 20,705"
2026-09-28,my,Malaysia,top_videos_daily,,92,https://i.ytimg.com/vi/n7etn4zNXS8/mqdefault.jpg,https://www.youtube.com/watch?v=n7etn4zNXS8,Luahan Hati,Lan & Kristal,,,Luahan Hati Lan & Kristal
2026-09-28,my,Malaysia,top_videos_daily,,93,https://i.ytimg.com/vi/Q3bFaJVLlb0/mqdefault.jpg,https://www.youtube.com/watch?v=Q3bFaJVLlb0,ဤသို့ပြုရ,Theinkpan Htun,,,ဤသို့ပြုရ Theinkpan Htun
2026-09-28,my,Malaysia,top_videos_daily,,94,https://i.ytimg.com/vi/4r9r6Fhm9I0/mqdefault.jpg,https://www.youtube.com/watch?v=4r9r6Fhm9I0,Pesamale - Official Lyric Video | Siri Xander | Arra Aria Khayal |Tamil Indie Pop |Sony Music Indie,Siri Xander / Arra Aria Khayal,,,Pesamale - Official Lyric Video | Siri Xander | Arra Aria Khayal |Tamil Indie Pop |Sony Music Indie Siri Xander & Arra Aria Khayal
2026-09-28,my,Malaysia,top_videos_daily,,95,https://i.ytimg.com/vi/N6O2ncUKvlg/mqdefault.jpg,https://www.youtube.com/watch?v=N6O2ncUKvlg,Just A Dream,Nelly,,,Just A Dream Nelly
2026-09-28,my,Malaysia,top_videos_daily,,96,https://i.ytimg.com/vi/XFkzRNyygfk/mqdefault.jpg,https://www.youtube.com/watch?v=XFkzRNyygfk,Creep,電臺司令,"7月 18, 2008",20252,"96 6 Creep 電台司令 7月 18, 2008 90 60 20,252"
2026-09-28,my,Malaysia,top_videos_daily,,97,https://i.ytimg.com/vi/x3eqqoZPV_E/mqdefault.jpg,https://www.youtube.com/watch?v=x3eqqoZPV_E,춤 (CHOOM),BABYMONSTER,,,춤 (CHOOM) BABYMONSTER
2026-09-28,my,Malaysia,top_videos_daily,,98,https://i.ytimg.com/vi/YaEG2aWJnZ8/mqdefault.jpg,https://www.youtube.com/watch?v=YaEG2aWJnZ8,Unstoppable (Live),Sia,,,Unstoppable (Live) Sia
2026-09-28,my,Malaysia,top_videos_daily,,99,https://i.ytimg.com/vi/TaTMWXupXp4/mqdefault.jpg,https://www.youtube.com/watch?v=TaTMWXupXp4,Janji Suci,Aiman Junaidi,,,Janji Suci Aiman Junaidi
2026-09-28,my,Malaysia,top_videos_daily,,100,https://i.ytimg.com/vi/9fKVNb-dYVc/mqdefault.jpg,https://www.youtube.com/watch?v=9fKVNb-dYVc,Cinta Muka Buku,Najwa Latif,,,Cinta Muka Buku Najwa Latif