captured_date,market,market_name,chart,period_suffix,rank,image_url,video_url,primary_name,secondary_name,release_date,metric_value,raw_text
2026-09-13,global,Global,top_artists_weekly,,1,https://lh3.googleusercontent.com/_wPXKRCH5rAX8AK1kJZ1bNhSpNyyEgBRNmREdPmLbvTy3sX_ldiKMRYFc5uChygV_KRx_SDrH1KgUifk=w64-h64-p,,● 阿爾卡·雅格尼克,,"1月 1, 1970",483623046,"1 ● 阿爾卡·雅格尼克 1月 1, 1970 1 520 483,623,046"
2026-09-13,global,Global,top_artists_weekly,,2,https://lh3.googleusercontent.com/coesV4OVEVkua3_wJG-2BVvTc95yHF9sS1W6mOAtl4-vvTjQb250Hy_nVlfvudmEugb7_k05vhY9aJm4=w64-h64-p,,1 Udit Narayan,,"1月 1, 1970",359628427,"2 1 Udit Narayan 1月 1, 1970 3 541 359,628,427"
2026-09-13,global,Global,top_artists_weekly,,3,https://lh3.googleusercontent.com/W_yOqnKSDYyeVOY_AsXhuAtb6rW3vCL3GtJ9DA1GxWOrJfyeSOqzvTv_TkFHijdkVPXWutASBlRFPg=w64-h64-p,,1 Arijit Singh,,"1月 1, 1970",340577170,"3 1 Arijit Singh 1月 1, 1970 2 550 340,577,170"
2026-09-13,global,Global,top_artists_weekly,,4,https://yt3.ggpht.com/PgINZNe0qVxgMSXKG5vF82bNN4WCC12zgWsz9I7OLs4CLF9Cn0Vxq7Xc1ToupnzXrCv0nKfe3VM=w64-h64-p-k-c0x00ffffff-no-rj,,● 舒蕾亞·戈沙爾,,"1月 1, 1970",305116659,"4 ● 舒蕾亞·戈沙爾 1月 1, 1970 4 522 305,116,659"
2026-09-13,global,Global,top_artists_weekly,,5,https://lh3.googleusercontent.com/cPvYaP4ByG-i7fUE-dKrjMgaNL8v3hC93ErP6meKnltvRuzxo-DINLQkTtvjfC6hVnzRMlnJEb9n3uM=w64-h64-p,,● 庫馬・山奴,,"1月 1, 1970",276515399,"5 ● 庫馬・山奴 1月 1, 1970 5 516 276,515,399"
2026-09-13,global,Global,top_artists_weekly,,6,https://yt3.googleusercontent.com/ploU_4iWpDoJlX3FOlwwd_yQcex0I8A0_665lePXAEBbNp1zn5g42eNwg5Q7lvYc2mG2--UNIYcIhww=w64-h64-p,,1 Bad Bunny,,"1月 1, 1970",190598837,"6 1 Bad Bunny 1月 1, 1970 7 515 190,598,837"
2026-09-13,global,Global,top_artists_weekly,,7,https://yt3.googleusercontent.com/sjGMYJQ1J3FZEIBsMYUztMjjYOM4-NJ24CjmIHqxTWCxAM1YgjL-d_17u7_PRhTouOwwAjbu-2x5S6I=w64-h64-p,,1 Pritam,,"1月 1, 1970",187195027,"7 1 Pritam 1月 1, 1970 8 280 187,195,027"
2026-09-13,global,Global,top_artists_weekly,,8,https://yt3.googleusercontent.com/7NhzXEoaIgr-0tYoab-gNZfF8zA8IbpTPt_buovH2Y78pc1L7IfKTq7tGU6zSk9EBJX0yKq7wp3jts8=w64-h64-p,,2 Shakira,,"1月 1, 1970",187117972,"8 2 Shakira 1月 1, 1970 6 550 187,117,972"
2026-09-13,global,Global,top_artists_weekly,,9,https://lh3.googleusercontent.com/feZmeXdUHGejlI2qfS6ZDzS5AJJ2dtkG4SrWJ7AgeWuAOvobr_XC4m8REZ01uHpgX0qrpyY4557vKNA=w64-h64-p,,4 Shilpi Raj,,"1月 1, 1970",177780697,"9 4 Shilpi Raj 1月 1, 1970 13 296 177,780,697"
2026-09-13,global,Global,top_artists_weekly,,10,https://lh3.googleusercontent.com/iWH_XSIO8yZvIqz8vxkwC9BjzGM4giAhR69Z6LZ0t8Rp79ASNFVwpwHZWOyyo94B_jsXl8HtFueMgMA=w64-h64-p,,1 蘇努・尼甘,,"1月 1, 1970",167120147,"10 1 蘇努・尼甘 1月 1, 1970 9 506 167,120,147"
2026-09-13,global,Global,top_artists_weekly,,11,https://lh3.googleusercontent.com/Yzqsh_83kXz4dl0dvPlHTFeQjAkKbX3u-TV-9I7mo-bWm4sCKiHcCBTis2GculkVVNGG76Wwk3uQePeD=w64-h64-p,,3 KAROL G,,"1月 1, 1970",155246276,"11 3 KAROL G 1月 1, 1970 14 468 155,246,276"
2026-09-13,global,Global,top_artists_weekly,,12,https://lh3.googleusercontent.com/aOdQY2mAYeneChSYXR-XM8Jmar12sSGavWQjNXJcoQnoxe6iri4ju4GuJKpyxDoCk3813ROgTBD72Gg=w64-h64-p,,3 拉塔・曼蓋施卡,,"1月 1, 1970",151176652,"12 3 拉塔・曼蓋施卡 1月 1, 1970 15 533 151,176,652"
2026-09-13,global,Global,top_artists_weekly,,13,https://lh3.googleusercontent.com/zWSt-azDdL9AU7TqaRdi7at4sag6W80bliX8RZ6Ex-cnMIxeJ0cSg2m6KGM4Oa9C-KhnStXrq42hHjo=w64-h64-p,,2 KATSEYE,,"1月 1, 1970",150141835,"13 2 KATSEYE 1月 1, 1970 11 66 150,141,835"
2026-09-13,global,Global,top_artists_weekly,,14,https://yt3.googleusercontent.com/jEh-GLa0VeT7J8D3IhnDH9WqfdPNTp0OthFle0NNtpU6b2nVHUr3vS_trVXlBeYROz-36bAQYw=w64-h64-p,,G.V. Prakash Kumar,,,,G.V. Prakash Kumar
2026-09-13,global,Global,top_artists_weekly,,15,https://yt3.googleusercontent.com/dkYRAOQcSpLuL43zdgMfsHuegzZEUogHxxx4Pm3Pf_L6QuEMS9oIZIbWzB0z9gQEcSjD2qI69sgeEBhG=w64-h64-p,,5 Fuerza Regida,,"1月 1, 1970",142488728,"15 5 Fuerza Regida 1月 1, 1970 10 234 142,488,728"
2026-09-13,global,Global,top_artists_weekly,,16,https://lh3.googleusercontent.com/HIksAfmb2UV0ELppWba2YZ1Gr5HAaXVXeoUQmztXgkqKYoZ7NGkdCE2tEGDsEj2_ouZdAl5fe6VbslI=w64-h64-p,,4 Anuel AA,,"1月 1, 1970",139286677,"16 4 Anuel AA 1月 1, 1970 12 433 139,286,677"
2026-09-13,global,Global,top_artists_weekly,,17,https://lh3.googleusercontent.com/x-Z35q6HsBB98J85-4oNqPnOen4pZBaNCpHawzf_ejs-pkgh6Eh3D2Fu7S1T4gEj0yWZ0c6DOAHCpA=w64-h64-p,,1 Michael Jackson,,"1月 1, 1970",134543282,"17 1 Michael Jackson 1月 1, 1970 16 550 134,543,282"
2026-09-13,global,Global,top_artists_weekly,,18,https://yt3.ggpht.com/ytc/AIdro_loUUAQFIvFnFeGPi7ojQ0x7KFOFusBaBXVAyxfrPiGk7U=w64-h64-p-k-c0x00ffffff-no-rj,,● Pawan Singh,,"1月 1, 1970",133816787,"18 ● Pawan Singh 1月 1, 1970 18 453 133,816,787"
2026-09-13,global,Global,top_artists_weekly,,19,https://lh3.googleusercontent.com/rdhk-_2UHeXOqem15INGphwJQBGYj3JkeckFYUZVPoL5aVPm3TS730uKayljYiuahRXolePwSsyWO8KI=w64-h64-p,,1 克瑟利·拉爾·亞達夫,,"1月 1, 1970",133168088,"19 1 克瑟利·拉爾·亞達夫 1月 1, 1970 20 435 133,168,088"
2026-09-13,global,Global,top_artists_weekly,,20,https://lh3.googleusercontent.com/U-SAmNOu4TynE818gLCfKsuHZ0U5YNEtO9mrjSI9WCCKERs98LzrCal5kajBBTQNwdcisoB2Bn-pHp4=w64-h64-p,,3 The Weeknd,,"1月 1, 1970",113848783,"20 3 The Weeknd 1月 1, 1970 17 536 113,848,783"
2026-09-13,global,Global,top_artists_weekly,,21,https://yt3.googleusercontent.com/tdAsmMAtaKxazC86csCLxZFGFoo0yrhyJDCsqqF4p9lAHQKwVCh2hwT1HEqcTCv2c5af5k7t=w64-h64-p,,8 Masoom Sharma,,"1月 1, 1970",113591195,"21 8 Masoom Sharma 1月 1, 1970 29 201 113,591,195"
2026-09-13,global,Global,top_artists_weekly,,22,https://lh3.googleusercontent.com/hnefGBrazRhn4Z92bdSZBUENl40ONjRiVDsmZKZh-WZ2iCKE-2c7KKR7SNcZfzLHoRyB3E6as8L87YA=w64-h64-p,,4 Bruno Mars,,"1月 1, 1970",112518606,"22 4 Bruno Mars 1月 1, 1970 26 550 112,518,606"
2026-09-13,global,Global,top_artists_weekly,,23,https://lh3.googleusercontent.com/wBG4jypwBcEGHd-qSbM2_4B46WPEhlOCjusCOEkxdnsoIC4WLS9LmFARZsE854pB-vAEYlsp4x2yiHE=w64-h64-p,,Anirudh Ravichander,,,,Anirudh Ravichander
2026-09-13,global,Global,top_artists_weekly,,24,https://yt3.googleusercontent.com/RCpTA6EXJQyjVFDosWOKa2SMmqkua_lA9mHPDWWciLwgqpZLz-k8rXWRF_367trrQ7up9BUwCbk6kRk=w64-h64-p,,2 Taylor Swift,,"1月 1, 1970",106722455,"24 2 Taylor Swift 1月 1, 1970 22 550 106,722,455"
2026-09-13,global,Global,top_artists_weekly,,25,https://lh3.googleusercontent.com/4ULlRiFBFglNemZJyKn6_e2-iOIdJEbgBgq_79RQclndG6pge0yGgS2k2On6E1FkCJzenyHkHRzkvjFp=w64-h64-p,,2 Justin Bieber,,"1月 1, 1970",105399455,"25 2 Justin Bieber 1月 1, 1970 23 550 105,399,455"
2026-09-13,global,Global,top_artists_weekly,,26,https://lh3.googleusercontent.com/8rsLpP6VJjt-yTN8ZG5rY-qt2aCC-IYMWmVkk7qa8c5vrjO6zetKSgwO2QknHI3FtWl6Zannp2VsQ5o=w64-h64-p,,1 防彈少年團,,"1月 1, 1970",104526825,"26 1 防彈少年團 1月 1, 1970 25 550 104,526,825"
2026-09-13,global,Global,top_artists_weekly,,27,https://yt3.googleusercontent.com/i-PUJfHy7H3_s1AUBWUaulTzhclF5MobqSIw_3nM3a2-kfCGsY_67K-dEOW7baAiBdfHvSOuHVjR_g=w64-h64-p,,SP Balasubrahmanyam,,,,SP Balasubrahmanyam
2026-09-13,global,Global,top_artists_weekly,,28,https://yt3.googleusercontent.com/DU6Kpr5TYKcW6QHvMnsJau5_8QSuix8LCLtf5UEaziZZdXw8SxvcxJ9YWmVIQuzhg2R-MVHYgjdGCQ=w64-h64-p,,4 Ariana Grande,,"1月 1, 1970",103898885,"28 4 Ariana Grande 1月 1, 1970 24 550 103,898,885"
2026-09-13,global,Global,top_artists_weekly,,29,https://yt3.ggpht.com/3_aXOzmvqweQgBaXbFLccZlhXq2-AMo_ZaCjCKnulj8kicdbf1fw-_3thbSD_3ujOY4K3lzz1A=w64-h64-p-k-c0x00ffffff-no-rj,,Anuradha Paudwal,,,,Anuradha Paudwal
2026-09-13,global,Global,top_artists_weekly,,30,https://lh3.googleusercontent.com/RGeXyCNvEmuIeFgv3SwMyeejKoRjEuAHcVZ6BCahIH1tNdIVyFPi75se2ZeAZR4cdmkI7HPLQ-drMxY=w64-h64-p,,3 羅密歐山托士,,"1月 1, 1970",99398510,"30 3 羅密歐山托士 1月 1, 1970 27 550 99,398,510"
2026-09-13,global,Global,top_artists_weekly,,31,https://yt3.googleusercontent.com/fZRHjMA25CYpXeAy78qipMhlidZMA6ZpOGYBz3W6iH2Wa-u2lXSK21mCh3OA3XCgsZn2yUFoXw=w64-h64-p,,2 Blok3,,"1月 1, 1970",98808583,"31 2 Blok3 1月 1, 1970 33 65 98,808,583"
2026-09-13,global,Global,top_artists_weekly,,32,https://lh3.googleusercontent.com/_QE_u2AbzzmENeNq9ixrSpB_dZHCgX1sX9_4NAzGIWTR8Gd6jHpGcUZlmG4ZjA97F7pHrErkFOdNfw=w64-h64-p,,13 伯納男孩,,"1月 1, 1970",97803764,"32 13 伯納男孩 1月 1, 1970 19 65 97,803,764"
2026-09-13,global,Global,top_artists_weekly,,33,https://yt3.googleusercontent.com/SILAdrFsWE9tKqGNVBeTBM4eT8PIqTDbr_lCSUVCGW61Nkr2kw9rOEP8pvOtz2aX16Y6P6SSpVujBg=w64-h64-p,,5 Ozuna,,"1月 1, 1970",94935594,"33 5 Ozuna 1月 1, 1970 28 521 94,935,594"
2026-09-13,global,Global,top_artists_weekly,,34,https://lh3.googleusercontent.com/d-rWQKHFbROoZbnokNjzMzQieVXaJQuqt00AADzJeMQvBnGIs88UpzcQ3nXR1__AsFwsQLciMNjWHIg=w64-h64-p,,4 Peso Pluma,,"1月 1, 1970",94293408,"34 4 Peso Pluma 1月 1, 1970 30 197 94,293,408"
2026-09-13,global,Global,top_artists_weekly,,35,https://lh3.googleusercontent.com/E8XfclIOX4PdxZ_3l9wtn5Vqztps7NL4aWEcDoqNEQIFzupN1Cc3gQ8uS4eW50janJ8G0_nEoP3Uagk=w64-h64-p,,1 沙赫瓦特·薩赫迪夫,,"1月 1, 1970",93471766,"35 1 沙赫瓦特·薩赫迪夫 1月 1, 1970 34 40 93,471,766"
2026-09-13,global,Global,top_artists_weekly,,36,https://lh3.googleusercontent.com/IAmNrms9LjVSMrBm2Ub2lhFJSPbslcTHzYEFDVgYtL2mTp40tYfJQLEkOsXNitpOcIULYU7Jpuv3ZLW2=w64-h64-p,,● 希梅什·雷希漢米亞,,"1月 1, 1970",91580549,"36 ● 希梅什·雷希漢米亞 1月 1, 1970 36 373 91,580,549"
2026-09-13,global,Global,top_artists_weekly,,37,https://yt3.googleusercontent.com/DI32a4ktbV42zA4V7QcVh1Ao8S7Z8ADtSfGOnOgBXlgNIsMtf_fycBJ-bX3Mtk6l6qtmNKBuY8P33GE=w64-h64-p,,1 薩米爾・安姜,,"1月 1, 1970",90748603,"37 1 薩米爾・安姜 1月 1, 1970 38 138 90,748,603"
2026-09-13,global,Global,top_artists_weekly,,38,https://lh3.googleusercontent.com/_c102EBASHERqDnrU32iygceCB0ItZy5PSeR6rvnKEusmQWNZhZRcp_xdlZHS578a82QVSPKfOyrzn8=w64-h64-p,,3 桑妮蒂·喬寒,,"1月 1, 1970",89125592,"38 3 桑妮蒂·喬寒 1月 1, 1970 41 463 89,125,592"
2026-09-13,global,Global,top_artists_weekly,,39,https://yt3.googleusercontent.com/vHMOuDn8gr3SW9Pm8yFgmtYzM5kj4ayng5HKRjW0OyjG9mPK923XMVtTZTt4NUG_1aemWNLSQ27zjtA=w64-h64-p,,● A. R. Rahman,,"1月 1, 1970",88626790,"39 ● A. R. Rahman 1月 1, 1970 39 298 88,626,790"
2026-09-13,global,Global,top_artists_weekly,,40,https://yt3.googleusercontent.com/ykJkyILKum4B2oudDxjnf5WNenWWZAp-WEz0_CHp4cu0VnqB2-uaNDylItqC68WLXV62rdHDun-ahbg=w64-h64-p,,8 阿蒂夫·阿斯拉姆,,"1月 1, 1970",86290978,"40 8 阿蒂夫·阿斯拉姆 1月 1, 1970 48 447 86,290,978"
2026-09-13,global,Global,top_artists_weekly,,41,https://yt3.googleusercontent.com/AZCi7Ry4k8s-g3eF2TkSZaOuNnEsEWDJZsPh2PA1tUjVfKy7_vSh37saeF9wItQst-PGxFOQkKSt6p0A=w64-h64-p,,19 Sai Abhyankkar,,"1月 1, 1970",83535804,"41 19 Sai Abhyankkar 1月 1, 1970 60 49 83,535,804"
2026-09-13,global,Global,top_artists_weekly,,42,https://yt3.googleusercontent.com/NtCQkJehaTGrff8Phb3k8og-jSjNbAxL2lP2nWuA9ejuEKqFM-OErqP7C5yGbqDK8AOfIgr5ypD9yy-GIQ=w64-h64-p,,● 米通,,"1月 1, 1970",82815800,"42 ● 米通 1月 1, 1970 42 203 82,815,800"
2026-09-13,global,Global,top_artists_weekly,,43,https://yt3.googleusercontent.com/MxNjcRJ-uK4Xvx7u90IhEFLQM8x9LIGTA9VCKHq5U4Wn2jOgiWaMtg-qz329SIzqnCyhdCCB3MpdAGs=w64-h64-p,,8 Drake,,"1月 1, 1970",82019419,"43 8 Drake 1月 1, 1970 35 527 82,019,419"
2026-09-13,global,Global,top_artists_weekly,,44,https://lh3.googleusercontent.com/-DkBx6GO-dX52PlxBr5ypniFaHkC_FJQ3MX4rz45yp0IZ70YdOWR9CpRED-58hzmvIhQbIWCCiC10P4=w64-h64-p,,Kavita Krishnamurthy,,,,Kavita Krishnamurthy
2026-09-13,global,Global,top_artists_weekly,,45,https://lh3.googleusercontent.com/JFI6JZrS-Lco4UdpqDfHY5Wgwy51VXWxmNdI7bCBU5CDlIpN6WWyisZ7MGlpjbrxEGYMFpsqoR_UwcE=w64-h64-p,,2 Eminem,,"1月 1, 1970",79280839,"45 2 Eminem 1月 1, 1970 43 550 79,280,839"
2026-09-13,global,Global,top_artists_weekly,,46,https://lh3.googleusercontent.com/u_YlAOSU7_M6mI6_4Xo0KIIwI_9pVCnLg0BrdLQsW-KENvVuvnvsq-cHhFrCiD9Ft48jqirgp_gWWwg=w64-h64-p,,9 KK,,"1月 1, 1970",78016987,"46 9 KK 1月 1, 1970 55 269 78,016,987"
2026-09-13,global,Global,top_artists_weekly,,47,https://lh3.googleusercontent.com/uE72emEZFH3TVtCZoIFYKmnf7vsb42RYQxb4X-lonyqPQuS_mLtKpLfBQ5JdHwUijfQo06BtSB7LoQ=w64-h64-p,,3 聯合公園,,"1月 1, 1970",77916796,"47 3 聯合公園 1月 1, 1970 50 548 77,916,796"
2026-09-13,global,Global,top_artists_weekly,,48,https://yt3.googleusercontent.com/uEfoH9sXpsrJuCqHsQ5EYuOWf42zsbpvv32Zd34P8i1f_ebjrcngqaMRfObvIl8Lkij3ggDBIIswnSM=w64-h64-p,,8 J Balvin,,"1月 1, 1970",77671956,"48 8 J Balvin 1月 1, 1970 40 550 77,671,956"
2026-09-13,global,Global,top_artists_weekly,,49,https://yt3.googleusercontent.com/URdyU3ebC7x7PQQw8TMVvFiAJRg3x5b7ZBLI9MN79aXpwJ0w9vdeK9mIHuMGHGehZCL15pbSjHXf3m0=w64-h64-p,,4 Daddy Yankee,,"1月 1, 1970",76849697,"49 4 Daddy Yankee 1月 1, 1970 45 550 76,849,697"
2026-09-13,global,Global,top_artists_weekly,,50,https://lh3.googleusercontent.com/umSdMueKqbLBTq0jhiEzh1F82_C8hRVzkw2ZsxOqEktWjNXOKSCMPMGiJtu73myxd995RC4BqKL5fAXM=w64-h64-p,,1 Lady Gaga,,"1月 1, 1970",76186475,"50 1 Lady Gaga 1月 1, 1970 51 431 76,186,475"
2026-09-13,global,Global,top_artists_weekly,,51,https://lh3.googleusercontent.com/AJ7F06i9msTr7ouPbAF5lEK1JyBy_MDjAJBR2yaJiVqmFLwWMll9q1KALOQ7B0H6BL9Elt1An6exzA=w64-h64-p,,7 Rauw Alejandro,,"1月 1, 1970",75644641,"51 7 Rauw Alejandro 1月 1, 1970 44 366 75,644,641"
2026-09-13,global,Global,top_artists_weekly,,52,https://lh3.googleusercontent.com/tLzIJPsFe-q93Y_erAUU_hDIyXCgCrYJ0C-S4DmMurqfB9LJ_PNFpTPA41k-dVMB6ODgc4-1nF1cOp6c=w64-h64-p,,3 Rihanna,,"1月 1, 1970",75631888,"52 3 Rihanna 1月 1, 1970 49 550 75,631,888"
2026-09-13,global,Global,top_artists_weekly,,53,https://lh3.googleusercontent.com/HJYhQHl6SVpLBm-njbjM9WaAMfAZ3UHHLtuRwEn0ggyC2BJOCZ6G6Fl7PjVnZ-7jn8PXBvOFHhKKbT4=w64-h64-p,,● Irshad Kamil,,"1月 1, 1970",75431699,"53 ● Irshad Kamil 1月 1, 1970 53 64 75,431,699"
2026-09-13,global,Global,top_artists_weekly,,54,https://lh3.googleusercontent.com/d_HYYh2VX3FtJqth5lEYmz7eOMNPc-g14j2nY1APqjU5TJlpRqnlseCC8v-qvNWDpj170eDizWDQlw=w64-h64-p,,11 基肖爾・庫馬爾,,"1月 1, 1970",74958549,"54 11 基肖爾・庫馬爾 1月 1, 1970 65 403 74,958,549"
2026-09-13,global,Global,top_artists_weekly,,55,https://yt3.googleusercontent.com/fFEQDkLmuaBzUyXZAHIaQHUm78MRsN5oatXNscSJfE7e7IOFc3cVUqqgEoVo6mvYhp-3D4zd94nZZgY=w64-h64-p,,3 維沙爾·謝卡爾,,"1月 1, 1970",74678106,"55 3 維沙爾·謝卡爾 1月 1, 1970 58 188 74,678,106"
2026-09-13,global,Global,top_artists_weekly,,56,https://yt3.googleusercontent.com/yfH5_-IYxJmhYRpMa7BDzBaVFZDuJRf_P1tmnpz-TEJI0vawEPoGkViSpNHRHPz846_Dm4iRMSDz8vM=w64-h64-p,,12 Sadhana Sargam,,"1月 1, 1970",72843831,"56 12 Sadhana Sargam 1月 1, 1970 68 333 72,843,831"
2026-09-13,global,Global,top_artists_weekly,,57,https://lh3.googleusercontent.com/4Jd9XSimz29-o12oJKUmgfTx3otHBHlTy0jb3Ace4ti2bz8Nuo59IeneNlM9EKRQXNRpLwk6YoEuNQ=w64-h64-p,,2 Jubin Nautiyal,,"1月 1, 1970",72749471,"57 2 Jubin Nautiyal 1月 1, 1970 59 382 72,749,471"
2026-09-13,global,Global,top_artists_weekly,,58,https://yt3.googleusercontent.com/7LcUfJ1CzFPLi1BxeTqlEp29UFP3B6KZUxAFcnzGpxDQkF8Pn7Ivl7v_dzgsJvbrOFGZIQnXsZPIJJo=w64-h64-p,,11 Farruko,,"1月 1, 1970",72747757,"58 11 Farruko 1月 1, 1970 47 481 72,747,757"
2026-09-13,global,Global,top_artists_weekly,,59,https://lh3.googleusercontent.com/k7sgqqcV5VScaMZtTmS8W_tfouLVBpgyJII0epYE2Vjw1-zzhGgUCV51aHxZn6cmZKKJgUfNlIVpZg=w64-h64-p,,7 Karan Aujla,,"1月 1, 1970",72405349,"59 7 Karan Aujla 1月 1, 1970 52 254 72,405,349"
2026-09-13,global,Global,top_artists_weekly,,60,https://lh3.googleusercontent.com/2hOGwShy-G5ZEEtlqa6Epokv2DZL9PSypM92pc3j-V8E1IzK4nFaFKuSdIq62tFVD3uEzr81Jk6y6d0=w64-h64-p,,14 Grupo Firme,,"1月 1, 1970",72129416,"60 14 Grupo Firme 1月 1, 1970 46 313 72,129,416"
2026-09-13,global,Global,top_artists_weekly,,61,https://yt3.googleusercontent.com/cFho6QFr9dAAQ7bspBLLi6jkuASqcgmFpgC4s3mnuSZkrUnGU9Zj6EZS5AlbKNv0gVFdw3CEVEGKaQ=w64-h64-p,,10 K·S·切特拉,,"1月 1, 1970",70208478,"61 10 K·S·切特拉 1月 1, 1970 71 283 70,208,478"
2026-09-13,global,Global,top_artists_weekly,,62,https://lh3.googleusercontent.com/nW2HGILzofhv3nTcu7L19MLoPnJSwOLapMTfXIEEI8_h-i-9Vg4jmPJeZG4pQMWRSAGXBTC5A8lrCA=w64-h64-p,,8 Myke Towers,,"1月 1, 1970",69812484,"62 8 Myke Towers 1月 1, 1970 54 383 69,812,484"
2026-09-13,global,Global,top_artists_weekly,,63,https://lh3.googleusercontent.com/BKgJ2Qcko6lgLsnvB-URUnK2bgQ682OoJd7Dpa0829XrmIC40zfsFm74vNdmyaMBx8xUt-MHFwDIUUC9=w64-h64-p,,63 Jennie,,"1月 1, 1970",68502328,"63 63 Jennie 1月 1, 1970 - 155 68,502,328"
2026-09-13,global,Global,top_artists_weekly,,64,https://lh3.googleusercontent.com/fV2lMYLeaJc9jxta-eXfwHhvfQHCk9c6HgTVw8MqiGasI-kZQ8qbkuHnrTcXIhzkfmwGfMxwFbI-4CU=w64-h64-p,,3 妮哈·卡卡爾,,"1月 1, 1970",67598789,"64 3 妮哈·卡卡爾 1月 1, 1970 67 517 67,598,789"
2026-09-13,global,Global,top_artists_weekly,,65,https://lh3.googleusercontent.com/ZckAQ1ZilmTfr7X-gu4sdBMvsZ-cgfVrg1rJd74FHipMWnbJHDz1yRJ_qZYhTWYrKL4lD2nh4laAyLVX=w64-h64-p,,9 Junior H,,"1月 1, 1970",67338153,"65 9 Junior H 1月 1, 1970 56 289 67,338,153"
2026-09-13,global,Global,top_artists_weekly,,66,https://yt3.googleusercontent.com/5GYeWpGUtgi8tPkwqV_Nnq9ZiE6PhSCoRSrfpK1CIdfZkndV5fLHZ-c2g9rAGfdQ6bV81Wvlc8UMjw=w64-h64-p,,4 ILLIT,,"1月 1, 1970",66678261,"66 4 ILLIT 1月 1, 1970 62 50 66,678,261"
2026-09-13,global,Global,top_artists_weekly,,67,https://yt3.googleusercontent.com/35nINBXOwBLHwLZiW9BQcfvo8a-_3OyJ1nSf_OL0ZNY_h_fpO_6AJwK-flmfQr_9lpbXa4BtBQ=w64-h64-p,,10 Tito Double P,,"1月 1, 1970",66612499,"67 10 Tito Double P 1月 1, 1970 57 116 66,612,499"
2026-09-13,global,Global,top_artists_weekly,,68,https://lh3.googleusercontent.com/Ss_NEfGmfpwXCiuoNxiKxWAoU3M484SwZ4UmahATX7KwOqIaoqTyESuNyZV3fzJm25bmjtfSUxsIFI8=w64-h64-p,,4 Yo・Yo・哈尼・辛,,"1月 1, 1970",66526576,"68 4 Yo・Yo・哈尼・辛 1月 1, 1970 72 434 66,526,576"
2026-09-13,global,Global,top_artists_weekly,,69,https://lh3.googleusercontent.com/OSWSTFd1Ql4lytHxgXtsPTY_0L94Kj55SJcELq64ddGO_DBcShsqXzqw4edEBgAi4-Ls7cry8q5r0v8=w64-h64-p,,8 Maluma,,"1月 1, 1970",65841099,"69 8 Maluma 1月 1, 1970 61 550 65,841,099"
2026-09-13,global,Global,top_artists_weekly,,70,https://lh3.googleusercontent.com/KrXTdVSXgcC7l4QGzaxqDLcWy8BeNL7GvhP9FrytGQXgjaYk26_HMCvrN2wST0B4eoOJ6WLYE1SvQQA=w64-h64-p,,11 Asha Bhosle,,"1月 1, 1970",65692375,"70 11 Asha Bhosle 1月 1, 1970 81 351 65,692,375"
2026-09-13,global,Global,top_artists_weekly,,71,https://lh3.googleusercontent.com/Pv9rzAkKxKnCVe0AMsldl2m5vTXw1dJCABk8tuCUZqfDO2JDUVLW5D4mlx6Pb6j0_UYt_PiGgr8juC4=w64-h64-p,,15 Omar Courtz,,"1月 1, 1970",64762825,"71 15 Omar Courtz 1月 1, 1970 86 95 64,762,825"
2026-09-13,global,Global,top_artists_weekly,,72,https://yt3.googleusercontent.com/G_sRAjj_OcwkLf-Rkxqc37ekNAV6g2nVMNPxe_nliz6zCxgHbQV_Gt4i09WqBv__D8vSFYJmQVziz-M6=w64-h64-p,,8 Blessd,,"1月 1, 1970",64382897,"72 8 Blessd 1月 1, 1970 64 253 64,382,897"
2026-09-13,global,Global,top_artists_weekly,,73,https://yt3.googleusercontent.com/9o3I0hxnjE0RtaYiUovaJxV82NDqudt-U0hrv3LIv0NP_zciTYMfGnYy6BOaV7fYE_udG85zWP-yUw=w64-h64-p,,● 雅斯文·桑德拉斯,,"1月 1, 1970",64344791,"73 ● 雅斯文·桑德拉斯 1月 1, 1970 73 85 64,344,791"
2026-09-13,global,Global,top_artists_weekly,,74,https://yt3.googleusercontent.com/22FOVr8D5Kq9y2l2sUDKW5X5s0W_axG7_sDhQVzxDGEXBMNjhwzvhs10BI3UoA1focajEeTPqZ2jNW9D=w64-h64-p,,4 Stray Kids,,"1月 1, 1970",64085166,"74 4 Stray Kids 1月 1, 1970 70 293 64,085,166"
2026-09-13,global,Global,top_artists_weekly,,75,https://lh3.googleusercontent.com/aFx8s1fTuelgxONGbezmTG0EKR8r82uB5H-Q6ZJtssyCWLJWF8GfZNr4tHo84sXdFCPBKrA4R6zXOss=w64-h64-p,,75 Dua Lipa,,"1月 1, 1970",63367152,"75 75 Dua Lipa 1月 1, 1970 - 474 63,367,152"
2026-09-13,global,Global,top_artists_weekly,,76,https://lh3.googleusercontent.com/RhE_q9W1bv6s7SBSXgsTHgdKLc1MVocl1ZvBICyjoiHP38MsJKpLLF8NP3UmOPgXajBH1N72jmrbBA=w64-h64-p,,21 安巴希·巴塔查裡亞,,"1月 1, 1970",63056853,"76 21 安巴希·巴塔查里亞 1月 1, 1970 97 321 63,056,853"
2026-09-13,global,Global,top_artists_weekly,,77,https://yt3.googleusercontent.com/MdBMzZFnWuj3onHPotjtq3tKqX_3uVYDCDMlNHCMn0C2LRVNcSijhX-Kvmn57hjFbFoA4btO3dhoir8=w64-h64-p,,11 Don Omar,,"1月 1, 1970",62572382,"77 11 Don Omar 1月 1, 1970 66 419 62,572,382"
2026-09-13,global,Global,top_artists_weekly,,78,https://lh3.googleusercontent.com/QxbV6wK_wcQWcBY9rBicZlsl1-gX5M6nGjfNN3BTzgknhaSJ6yhnHW7NmF4dTx0Ch9g9-VTD6YUD2crW=w64-h64-p,,78 Ilaiyaraaja,,"1月 1, 1970",61925664,"78 78 Ilaiyaraaja 1月 1, 1970 - 183 61,925,664"
2026-09-13,global,Global,top_artists_weekly,,79,https://yt3.googleusercontent.com/_qG8YaOVQSGBUV1_2P0nuLhxZnS1oO2Vv1GSyseOmEeMIIAOpF1TJWvmQxEaigOtFug5VmFlImoLGQM=w64-h64-p,,10 Neton Vega,,"1月 1, 1970",61165196,"79 10 Neton Vega 1月 1, 1970 69 118 61,165,196"
2026-09-13,global,Global,top_artists_weekly,,80,https://yt3.googleusercontent.com/F7O8xtPaQqWTLDJ8FauLmcI6LcQcwdGD8dJLr3LItGNo_6Xl4qlSC2VeqDV1bmzEw0H1UOjcXmu2IvRp=w64-h64-p,,4 薩辛,吉格爾,"1月 1, 1970",61108184,"80 4 薩辛-吉格爾 1月 1, 1970 84 254 61,108,184"
2026-09-13,global,Global,top_artists_weekly,,81,https://yt3.googleusercontent.com/EHjL_9MYDXOaoNNOKVBq7xCgNNj0TxmXbeQnk4S1dZ1a-MYqkURflq5Z8w01VdSREVL5oat7gQ-5hko=w64-h64-p,,希厄姆·卡莎拉,,"1月 1, 1970",60773529,"81 New 希厄姆·卡莎拉 1月 1, 1970 - 1 60,773,529"
2026-09-13,global,Global,top_artists_weekly,,82,https://yt3.googleusercontent.com/E8nupXSF6-wweZCLqn5vwxPcLIGW2Tg9szpacMZoLXOXa1PGh-WpU5-7FH8YLfElD8Lbzh15kljZog=w64-h64-p,,7 Katy Perry,,"1月 1, 1970",60642065,"82 7 Katy Perry 1月 1, 1970 75 550 60,642,065"
2026-09-13,global,Global,top_artists_weekly,,83,https://lh3.googleusercontent.com/0Q4DnMlIcCEFR--aitvZ1qWb7huushxRxRLaKkGGPrBy36ahboWrPfvuUckF0b1mmDSPw6icF2HQIWvf=w64-h64-p,,83 內塔拉爾·坎諾,,"1月 1, 1970",60194240,"83 83 內塔拉爾·坎諾 1月 1, 1970 - 258 60,194,240"
2026-09-13,global,Global,top_artists_weekly,,84,https://yt3.googleusercontent.com/CkSBKxmPT_97r-CR5HPGrTzZef53Li3Zgv5S8MLajtLFTrYWejm3lvJqB15bjhqYaw5pvkzR=w64-h64-p,,15 維沙爾·米什拉,,"1月 1, 1970",60183093,"84 15 維沙爾·米什拉 1月 1, 1970 99 186 60,183,093"
2026-09-13,global,Global,top_artists_weekly,,85,https://yt3.googleusercontent.com/QdPfCNLIFDY4vMedmsKbCx5cISWjNUad5Rv5FK8_bw4C60y5KDVeB2AVBrGKIwl6BB9LFERnyg=w64-h64-p,,9 Gur Sidhu,,"1月 1, 1970",60151394,"85 9 Gur Sidhu 1月 1, 1970 76 95 60,151,394"
2026-09-13,global,Global,top_artists_weekly,,86,https://lh3.googleusercontent.com/yMsYfV_AQAMEfvZTz5ru9RA4ljjNOblYNumWBUX_TJhb2_GnI8mwUmrw-v3Gi-4GsHJF2uY_CAC4Cog=w64-h64-p,,1 Aventura,,"1月 1, 1970",59557879,"86 1 Aventura 1月 1, 1970 85 419 59,557,879"
2026-09-13,global,Global,top_artists_weekly,,87,https://lh3.googleusercontent.com/tQC4rOL6xz6FhmFr0ggQExxyGbYSOsyveXVSnPBh2WjEyIzQ9pMHablLJ-0GlMBrLBlBrbWQGmzrV6KN=w64-h64-p,,13 比利·埃利什,,"1月 1, 1970",59445536,"87 13 比利·埃利什 1月 1, 1970 74 424 59,445,536"
2026-09-13,global,Global,top_artists_weekly,,88,https://yt3.googleusercontent.com/v3OLvtC4FbLMVN8q1NTWVMHC_PA1fB6kQ_G78J4zqh7wQfgeodjTTK85kxWmh-4HJuc5N58i9Q=w64-h64-p,,5 B Praak,,"1月 1, 1970",59219859,"88 5 B Praak 1月 1, 1970 83 359 59,219,859"
2026-09-13,global,Global,top_artists_weekly,,89,https://lh3.googleusercontent.com/jQoBIAS6JjFGpcqQY1M_Mh3AasOvFENCdVRxkgax1a0K6qiq7AgE3MbJ6Jtt-Jndcarvoawmrg66KTny=w64-h64-p,,10 Ed Sheeran,,"1月 1, 1970",58986503,"89 10 Ed Sheeran 1月 1, 1970 79 550 58,986,503"
2026-09-13,global,Global,top_artists_weekly,,90,https://yt3.googleusercontent.com/CJzeR5n7JZJgXHfR3BdlKMMV2_lRq_WRoxBT0dcOZVjx4bDhCvrrmjQiIPSSkSUUhjKNNUWFFm90kdHq=w64-h64-p,,13 Feid,,"1月 1, 1970",58347945,"90 13 Feid 1月 1, 1970 77 262 58,347,945"
2026-09-13,global,Global,top_artists_weekly,,91,https://yt3.googleusercontent.com/5Cwj11g5fLfji2chCMZP9gT2p4IzrGjyBI_6dTTsZFr0zlEBxjs3IAYYacdIgjTdYo_uD3LpPGfPZ2Jq=w64-h64-p,,Jangi Reddy,,"1月 1, 1970",58132271,"91 New Jangi Reddy 1月 1, 1970 - 1 58,132,271"
2026-09-13,global,Global,top_artists_weekly,,92,https://lh3.googleusercontent.com/fRbXwVATZrku0rKqQGa9UGYIfl-XCfQuK2u2M9tNjKcWx8BXS8HRCHB5h5zyDizQSiKKnnQXTLyfLiQ=w64-h64-p,,14 Chris Brown,,"1月 1, 1970",58097495,"92 14 Chris Brown 1月 1, 1970 78 532 58,097,495"
2026-09-13,global,Global,top_artists_weekly,,93,https://yt3.googleusercontent.com/I5RtcNKbxNoAgs5We1ty-YDP5lmV1yfR5j7VTj44avL_PSm_lCmE6ade5HsaHaihkFTKHbVn=w64-h64-p,,13 Grupo Frontera,,"1月 1, 1970",57488144,"93 13 Grupo Frontera 1月 1, 1970 80 206 57,488,144"
2026-09-13,global,Global,top_artists_weekly,,94,https://yt3.googleusercontent.com/_cEioY7yfolIcxq0g-A2lOsua2k5GsHfbVvA96Bv7yrxhLdszVddVFWkonTT7C26vzSJGSmImilQSsU=w64-h64-p,,4 MC Ryan SP,,"1月 1, 1970",57129703,"94 4 MC Ryan SP 1月 1, 1970 90 253 57,129,703"
2026-09-13,global,Global,top_artists_weekly,,95,https://lh3.googleusercontent.com/dJy5Bpwx4qENTOXxk9YPXrjAhghP4pRdlzvoOZq8uZXihEPMN8PXnZzM-05R1TDDJkjU7oEij8LhEfw=w64-h64-p,,Shankar Mahadevan,,,,Shankar Mahadevan
2026-09-13,global,Global,top_artists_weekly,,96,https://lh3.googleusercontent.com/FkRYhIqHJj-8HFPeA6V_vqVIWTFoAh7LMWbZtDHl9TozaTXK3TLqrUJaCHFgn4Rryz7I5c5g5wFUmmtf=w64-h64-p,,Title Henrique & Juliano,,,,Title Henrique & Juliano
2026-09-13,global,Global,top_artists_weekly,,97,https://yt3.googleusercontent.com/wi8alXRwi5v_o2UffiZxzD3QaQhvFWfyl0ifaIqfbDyjWAALKwrK1WltPwIPH26Uy1O7IJpTkt00dRw=w64-h64-p,,97 Neelkamal Singh,,"1月 1, 1970",56023580,"97 97 Neelkamal Singh 1月 1, 1970 - 130 56,023,580"
2026-09-13,global,Global,top_artists_weekly,,98,https://yt3.googleusercontent.com/7jndWy5UJwFJKueBCrizeFWOFwxKUOZZjRMIcPyRlv1X18tY9aJpkuSz_PpamnHVjbYV6s_oER8oi4g=w64-h64-p,,6 Maroon 5,,"1月 1, 1970",55918580,"98 6 Maroon 5 1月 1, 1970 92 548 55,918,580"
2026-09-13,global,Global,top_artists_weekly,,99,https://lh3.googleusercontent.com/blpZLT0W8240Tac-bCvRIO9_j1v4kP4g9EdKnx0PKotrKRHr82bJjMvVPVxYHK9bdml5Yo_omphru_rx=w64-h64-p,,Dhanda Nyoliwala,,,,Dhanda Nyoliwala
2026-09-13,global,Global,top_artists_weekly,,100,https://yt3.ggpht.com/ytc/AIdro_kiQJ0Hhp0O-tdaY1dy81-gSNujjccUlWstnpFr686ZlMk=w64-h64-p,,Sidhu Moose Wala,,,,Sidhu Moose Wala
2026-09-13,tw,Taiwan,top_artists_weekly,,1,https://yt3.googleusercontent.com/5vqNE8l4iYKmNCHd_YIgknhMF-W4ROcG5H7ZbdfOudxTcNSIIJrf9WpctLh43GlzFLmmcpMUxRQ918Kv=w64-h64-p,,● 周杰倫,,"1月 1, 1970",7700821,"1 ● 周杰倫 1月 1, 1970 1 20 7,700,821"
2026-09-13,tw,Taiwan,top_artists_weekly,,2,https://lh3.googleusercontent.com/wqU60Xc7Q-9V3by066vBYHGY_ZGgUlmWPioYTmmBtHkb2GUueMV4-0O1ddzSV7t0gYYDCIdbyjKCWw=w64-h64-p,,● A,Lin,"1月 1, 1970",3288673,"2 ● A-Lin 1月 1, 1970 2 20 3,288,673"
2026-09-13,tw,Taiwan,top_artists_weekly,,3,https://lh3.googleusercontent.com/i8PKueO4JStFM6i5t-F8V1jnFglYSybQ_NhU-aXv8mwiPgiCsXjW7WO6gKv97cNPrRcipbHLQA4arA=w64-h64-p,,2 林俊傑,,"1月 1, 1970",2725066,"3 2 林俊傑 1月 1, 1970 5 20 2,725,066"
2026-09-13,tw,Taiwan,top_artists_weekly,,4,https://yt3.googleusercontent.com/XLrs7bXpke6XLtYTSHyghN16i5Qr-BoCB0SYCYdDb0IBZrkZ3Of17o2MQXMBHQ3OP659_CHgksFUhi4=w64-h64-p,,1 周興哲,,"1月 1, 1970",2560756,"4 1 周興哲 1月 1, 1970 3 20 2,560,756"
2026-09-13,tw,Taiwan,top_artists_weekly,,5,https://lh3.googleusercontent.com/LKpJFXjE3-0OX8tIzurzLynVxI-hOClgUl1tCbkHOpz9fm28DBQw2wG2iFd5jDFABCuuxK0xFESVQA=w64-h64-p,,2 鄧紫棋,,"1月 1, 1970",2518085,"5 2 鄧紫棋 1月 1, 1970 7 20 2,518,085"
2026-09-13,tw,Taiwan,top_artists_weekly,,6,https://lh3.googleusercontent.com/8eJTD5-eXf1sXHKhPpSXMlzQ-_RBKMgsmtrZ-SWgN45o_mcQGUzw2thbdGxOAE55rLA8bFXXFyubEw=w64-h64-p,,2 五月天 (Mayday),,"1月 1, 1970",2516555,"6 2 五月天 (Mayday) 1月 1, 1970 8 20 2,516,555"
2026-09-13,tw,Taiwan,top_artists_weekly,,7,https://yt3.googleusercontent.com/b0ax28GgBEO8PaHOrZi0ANGfOk1geSb68048rw1As2UACUHczUYKkotWabwMAGoX2C8DL9MC9Flpgw=w64-h64-p,,3 aespa,,"1月 1, 1970",2468746,"7 3 aespa 1月 1, 1970 4 20 2,468,746"
2026-09-13,tw,Taiwan,top_artists_weekly,,8,https://yt3.googleusercontent.com/qRYmWa5dzOlRoD8_uHIhsrAmwk8N9QiO7S_Rg3H4YyemB3oN3661_3en_7q9eJ8gvuoZAR9v0iFX8HW1=w64-h64-p,,2 BABYMONSTER,,"1月 1, 1970",2461873,"8 2 BABYMONSTER 1月 1, 1970 6 20 2,461,873"
2026-09-13,tw,Taiwan,top_artists_weekly,,9,https://yt3.googleusercontent.com/3gb9OLTA8fzi8a94KV-tHf22T4eYG7qhHAhI2CZ4cvAxupGyW4F6qf9Zo7imqxVHxXkGlrRq0KTGxQ=w64-h64-p,,3 玖壹壹,,"1月 1, 1970",2327610,"9 3 玖壹壹 1月 1, 1970 12 20 2,327,610"
2026-09-13,tw,Taiwan,top_artists_weekly,,10,https://yt3.googleusercontent.com/I2zqe0Km0N475lhTkLZ77UL3yeRzgLAkgQfiozvisyNnl-wTKuIMV_g0Un5Iuk3399SnpsgK-wepXSk=w64-h64-p,,1 en,,"1月 1, 1970",2244268,"10 1 en 1月 1, 1970 9 20 2,244,268"
2026-09-13,tw,Taiwan,top_artists_weekly,,11,https://lh3.googleusercontent.com/WQYDdvWvLX03SsHruVQEX4KpCLiEk1OO5YrqgnP69vld_B0R0Xd8G1iR1W6MW8Pay0orE4CV_oKXjDQ=w64-h64-p,,● 盧廣仲,,"1月 1, 1970",2240163,"11 ● 盧廣仲 1月 1, 1970 11 20 2,240,163"
2026-09-13,tw,Taiwan,top_artists_weekly,,12,https://yt3.googleusercontent.com/X4IlIyw4Yjpl2qio5QA-uxj5vIa_EVSg5dyibJrmKcPrj0BKFcKYhKUTyacNbHaGHxP_zVYB3jv-Cv0=w64-h64-p,,2 BIGBANG,,"1月 1, 1970",1904399,"12 2 BIGBANG 1月 1, 1970 10 20 1,904,399"
2026-09-13,tw,Taiwan,top_artists_weekly,,13,https://lh3.googleusercontent.com/-bv-daAis3SvKNNWD5zggwnpkaPgE7914sMZLFNQjuhUlAb9CWNmoG4JMsjMuuG4zOARvL7_PeDr7w=w64-h64-p,,● 李佳薇,,"1月 1, 1970",1901146,"13 ● 李佳薇 1月 1, 1970 13 10 1,901,146"
2026-09-13,tw,Taiwan,top_artists_weekly,,14,https://yt3.googleusercontent.com/A4fjepSskyr-O_ZDtULylfhNlRfqxUaVKhbIY5Mmf7sJJZoYKOhu6gnfwWGXdL4ZF6vl-6oaXmwmH-y5Jg=w64-h64-p,,7 江蕙,,"1月 1, 1970",1876221,"14 7 江蕙 1月 1, 1970 21 20 1,876,221"
2026-09-13,tw,Taiwan,top_artists_weekly,,15,https://yt3.googleusercontent.com/heehLgW5KBe4xE-DuQp6I9SINZgujXk4AJKBLG_IrRepTK_AHYDTPvGSE9jWycGRWCYV7edUDd4xS1U=w64-h64-p,,1 蔡依林,,"1月 1, 1970",1875104,"15 1 蔡依林 1月 1, 1970 16 20 1,875,104"
2026-09-13,tw,Taiwan,top_artists_weekly,,16,https://lh3.googleusercontent.com/4ULlRiFBFglNemZJyKn6_e2-iOIdJEbgBgq_79RQclndG6pge0yGgS2k2On6E1FkCJzenyHkHRzkvjFp=w64-h64-p,,1 Justin Bieber,,"1月 1, 1970",1869468,"16 1 Justin Bieber 1月 1, 1970 15 20 1,869,468"
2026-09-13,tw,Taiwan,top_artists_weekly,,17,https://yt3.googleusercontent.com/TEA_9m5AqHuYQ5pL8F_-s8SoBvvhA4ggywVPvKLm0VcDz42Xrj4fSicky4o6Q-pdRpKIv_dhlwOlIbAZGA=w64-h64-p,,3 承桓,,"1月 1, 1970",1859666,"17 3 承桓 1月 1, 1970 14 20 1,859,666"
2026-09-13,tw,Taiwan,top_artists_weekly,,18,https://yt3.googleusercontent.com/o1iqppSvRIzx5IlfwFxQnLOJJp5c5VTf6mdO6wEiq5b9HYNdFdTb6RBL8G_z2N2VU_jkOd-3GQ=w64-h64-p,,1 派偉俊,,"1月 1, 1970",1798138,"18 1 派偉俊 1月 1, 1970 19 20 1,798,138"
2026-09-13,tw,Taiwan,top_artists_weekly,,19,https://yt3.googleusercontent.com/aQv-kANF_voh1aZubOtXQjHWOfaWdlpZ49MI_EwlwsEprq2PBnaSaBEzW6hdvEz6hGyzUwYQj4N01wc=w64-h64-p,,61 黃奇斌,,"1月 1, 1970",1776269,"19 61 黃奇斌 1月 1, 1970 80 20 1,776,269"
2026-09-13,tw,Taiwan,top_artists_weekly,,20,https://lh3.googleusercontent.com/BKgJ2Qcko6lgLsnvB-URUnK2bgQ682OoJd7Dpa0829XrmIC40zfsFm74vNdmyaMBx8xUt-MHFwDIUUC9=w64-h64-p,,53 Jennie,,"1月 1, 1970",1775291,"20 53 Jennie 1月 1, 1970 73 20 1,775,291"
2026-09-13,tw,Taiwan,top_artists_weekly,,21,https://yt3.googleusercontent.com/CXtoqGgtOu2uj8wwK4G-4-yORtORFoSSpH-iyJAsBCl7SHXhXUH_Flul3u2RcPWMWd99k8Z_=w64-h64-p,,3 陳華,,"1月 1, 1970",1773309,"21 3 陳華 1月 1, 1970 18 20 1,773,309"
2026-09-13,tw,Taiwan,top_artists_weekly,,22,https://lh3.googleusercontent.com/8rsLpP6VJjt-yTN8ZG5rY-qt2aCC-IYMWmVkk7qa8c5vrjO6zetKSgwO2QknHI3FtWl6Zannp2VsQ5o=w64-h64-p,,5 防彈少年團,,"1月 1, 1970",1768772,"22 5 防彈少年團 1月 1, 1970 17 20 1,768,772"
2026-09-13,tw,Taiwan,top_artists_weekly,,23,https://lh3.googleusercontent.com/lijJc9Ib2KDyY0RqinzyMNkozxFI1OZWIjKR4vEQ37FiDL4mDjCRPxGdZl375EMwbWUYKxSI5bpC_w=w64-h64-p,,3 艾薇,,"1月 1, 1970",1657932,"23 3 艾薇 1月 1, 1970 20 20 1,657,932"
2026-09-13,tw,Taiwan,top_artists_weekly,,24,https://yt3.googleusercontent.com/3Ddtya9JMOF2HkyVMnq2iUNZd13KtX_sZj8mIjWATX5B1WdOKZH60d_fCGx0oFLXnl7sostasw=w64-h64-p,,1 蕭煌奇,,"1月 1, 1970",1586922,"24 1 蕭煌奇 1月 1, 1970 23 20 1,586,922"
2026-09-13,tw,Taiwan,top_artists_weekly,,25,https://yt3.googleusercontent.com/7cYfmVi7qmemK4wRGE3qErv1q_ChFRrPv03gpQg_r-fvskRmvOtYU8V13S2lh6CCwECpna4-MtM=w64-h64-p,,9 汪蘇瀧,,"1月 1, 1970",1585670,"25 9 汪蘇瀧 1月 1, 1970 34 20 1,585,670"
2026-09-13,tw,Taiwan,top_artists_weekly,,26,https://lh3.googleusercontent.com/lWalclWLirqnwIhMIMFP4j2E2TDZsDDD_McBXQiIvryxfhTWzHhlCR07QEaDzvZHXlLT07i2VCYh6aU=w64-h64-p,,2 TWICE,,"1月 1, 1970",1575295,"26 2 TWICE 1月 1, 1970 24 20 1,575,295"
2026-09-13,tw,Taiwan,top_artists_weekly,,27,https://yt3.googleusercontent.com/ahanvzsO5q0DQGBI1WLXXyoXb-dqgX8tehQMLpd5-H2OSjYgeQPcUJoLT8Ol9iTvwOvW9oBcp4wpTlmF=w64-h64-p,,1 ATEEZ,,"1月 1, 1970",1556075,"27 1 ATEEZ 1月 1, 1970 28 20 1,556,075"
2026-09-13,tw,Taiwan,top_artists_weekly,,28,https://yt3.ggpht.com/ytc/AIdro_lLSB3BDnuNbZmTf_R_L19ZcuZidto9El8TBMRwcVkaUWM=w64-h64-p,,3 伍佰 & China Blue,,"1月 1, 1970",1536731,"28 3 伍佰 & China Blue 1月 1, 1970 31 20 1,536,731"
2026-09-13,tw,Taiwan,top_artists_weekly,,29,https://yt3.googleusercontent.com/BrrkTIBHT5wGp6yHcsSg73OQfF6mtr9VWtBLGIKz60dxmOWCxefzw28u0jNuTzugLB7sXS7icAc=w64-h64-p,,3 梁靜茹,,"1月 1, 1970",1512622,"29 3 梁靜茹 1月 1, 1970 26 20 1,512,622"
2026-09-13,tw,Taiwan,top_artists_weekly,,30,https://yt3.googleusercontent.com/8BbiNyyI7TOxlf0x0R-4JZB8x7cw-ML-yOjF8QW8rHSrViZacf-AqD-eqg2ccvbYr5C9URAa_vTJI3k=w64-h64-p,,3 YOASOBI,,"1月 1, 1970",1508907,"30 3 YOASOBI 1月 1, 1970 33 20 1,508,907"
2026-09-13,tw,Taiwan,top_artists_weekly,,31,https://yt3.googleusercontent.com/yFyXnT-mFmZ9VSn7ntUFF6A1-vcYblcwvLd3QghQkwjroWeHdY31z4KkM4to186YkWo-VlfSHt2YwfE=w64-h64-p,,9 (G)I,DLE,"1月 1, 1970",1460750,"31 9 (G)I-DLE 1月 1, 1970 22 20 1,460,750"
2026-09-13,tw,Taiwan,top_artists_weekly,,32,https://yt3.googleusercontent.com/vhseKuHjp1utavU-TmHZsx0SzlBQYsz0nPLu4lNPaUNRhAHs8hDjjAgtGKRgUYpDsHk788-7bB7_jKM=w64-h64-p,,32 麋先生,,"1月 1, 1970",1424917,"32 32 麋先生 1月 1, 1970 - 20 1,424,917"
2026-09-13,tw,Taiwan,top_artists_weekly,,33,https://yt3.googleusercontent.com/gJsq4X0Rc_IsD2R8h_K94XDFOQ3nmpOV3MzG7qIq8gJuvv4hnQEi39S75e-UhrLHja87-enLrxd5Aw=w64-h64-p,,5 頑童MJ,,"1月 1, 1970",1424336,"33 5 頑童MJ116 1月 1, 1970 38 20 1,424,336"
2026-09-13,tw,Taiwan,top_artists_weekly,,34,https://yt3.googleusercontent.com/nVMXtl3C08nrZVvpbeMpGxf3gVfVsPly3zym1XS13iZcJi-KXSPkhal2caf9i6-kijL0LCUeDplPxA=w64-h64-p,,3 告五人,,"1月 1, 1970",1423564,"34 3 告五人 1月 1, 1970 37 20 1,423,564"
2026-09-13,tw,Taiwan,top_artists_weekly,,35,https://lh3.googleusercontent.com/5FINBprNgZ6BV0fdfB8W9VegyRQ5er1fkNEMSKg5pPUhOStn1nxzUGwyxuvhrWnUFdzT0EQUGsno6o0=w64-h64-p,,6 張震嶽,,"1月 1, 1970",1398260,"35 6 張震嶽 1月 1, 1970 29 20 1,398,260"
2026-09-13,tw,Taiwan,top_artists_weekly,,36,https://yt3.googleusercontent.com/RCpTA6EXJQyjVFDosWOKa2SMmqkua_lA9mHPDWWciLwgqpZLz-k8rXWRF_367trrQ7up9BUwCbk6kRk=w64-h64-p,,6 Taylor Swift,,"1月 1, 1970",1394983,"36 6 Taylor Swift 1月 1, 1970 30 20 1,394,983"
2026-09-13,tw,Taiwan,top_artists_weekly,,37,https://yt3.googleusercontent.com/22FOVr8D5Kq9y2l2sUDKW5X5s0W_axG7_sDhQVzxDGEXBMNjhwzvhs10BI3UoA1focajEeTPqZ2jNW9D=w64-h64-p,,12 Stray Kids,,"1月 1, 1970",1389020,"37 12 Stray Kids 1月 1, 1970 25 20 1,389,020"
2026-09-13,tw,Taiwan,top_artists_weekly,,38,https://lh3.googleusercontent.com/m4-QeeJCybSOsZjT1TgFz947XoyN6KLEoNPNEaz1oh91GjAiw1zafXK-qeXEWasIuei7ZOdkaKgHY00=w64-h64-p,,6 理想混蛋 Bestards,,"1月 1, 1970",1386421,"38 6 理想混蛋 Bestards 1月 1, 1970 32 20 1,386,421"
2026-09-13,tw,Taiwan,top_artists_weekly,,39,https://lh3.googleusercontent.com/pEqvY0aXC-vsiqP0ssibuicb1kyMNh6qAVKnRsbw38vKs7X-BLhUzmTF85vt8b-Uv39EJmnzcP1V4zs=w64-h64-p,,12 於冬然,,"1月 1, 1970",1349015,"39 12 于冬然 1月 1, 1970 27 20 1,349,015"
2026-09-13,tw,Taiwan,top_artists_weekly,,40,https://yt3.googleusercontent.com/VpStVn0v7PpCKRxHrm1Wdp5-ZXryxnRE2GObcSsdphSVMBzinbyE-lfkpUXSMypg9hHnu3kjfJoXVls=w64-h64-p,,4 美秀集團,,"1月 1, 1970",1344331,"40 4 美秀集團 1月 1, 1970 36 20 1,344,331"
2026-09-13,tw,Taiwan,top_artists_weekly,,41,https://yt3.googleusercontent.com/e63J-ehz3ts8kyVKEMx44_NoIxjNyl5IL2kd-NOSy7xSS99BJGgV1FhiF1Jzu25w4MI5apyN8eLv78uETw=w64-h64-p,,6 張惠妹,,"1月 1, 1970",1332886,"41 6 張惠妹 1月 1, 1970 35 20 1,332,886"
2026-09-13,tw,Taiwan,top_artists_weekly,,42,https://yt3.googleusercontent.com/rvoJpoc0bOs8cIpf3Lcf7zB8aPZpMbGtrTduAb2o7RI6ADokPbgR64iMA5P7dwu6LLDgg6HCz_hEww=w64-h64-p,,3 米津玄師,,"1月 1, 1970",1326840,"42 3 米津玄師 1月 1, 1970 39 20 1,326,840"
2026-09-13,tw,Taiwan,top_artists_weekly,,43,https://lh3.googleusercontent.com/9fiAS65PN6QanYAMlaRCuI5F7HjnwBBtZ6l0wIyhojdOarL0s6TK8as3ChwjTIFKjB5BQRr0YLSFcs4=w64-h64-p,,1 Seventeen,,"1月 1, 1970",1222815,"43 1 Seventeen 1月 1, 1970 44 20 1,222,815"
2026-09-13,tw,Taiwan,top_artists_weekly,,44,https://lh3.googleusercontent.com/ybI1ZK2Ia-Lvf-yi9Iptm2mOSHmPA3EBxnOBwvn6khU-ajjtXyk3jai_2w-DOXkkeeKfet0sS03pcQ=w64-h64-p,,2 IVE,,"1月 1, 1970",1200687,"44 2 IVE 1月 1, 1970 46 20 1,200,687"
2026-09-13,tw,Taiwan,top_artists_weekly,,45,https://yt3.googleusercontent.com/5GYeWpGUtgi8tPkwqV_Nnq9ZiE6PhSCoRSrfpK1CIdfZkndV5fLHZ-c2g9rAGfdQ6bV81Wvlc8UMjw=w64-h64-p,,4 ILLIT,,"1月 1, 1970",1199575,"45 4 ILLIT 1月 1, 1970 41 20 1,199,575"
2026-09-13,tw,Taiwan,top_artists_weekly,,46,https://yt3.googleusercontent.com/M0ZAiv2YCyGcckGUEgLSiJXvitNFU77Fl6mZ2_OlwkG2qz4doW-TFcGHMKuDdf-BTSJA5K0k-Q=w64-h64-p,,1 Cat'sMelody,,"1月 1, 1970",1182205,"46 1 Cat'sMelody 1月 1, 1970 47 12 1,182,205"
2026-09-13,tw,Taiwan,top_artists_weekly,,47,https://yt3.googleusercontent.com/DU6Kpr5TYKcW6QHvMnsJau5_8QSuix8LCLtf5UEaziZZdXw8SxvcxJ9YWmVIQuzhg2R-MVHYgjdGCQ=w64-h64-p,,2 Ariana Grande,,"1月 1, 1970",1181611,"47 2 Ariana Grande 1月 1, 1970 45 20 1,181,611"
2026-09-13,tw,Taiwan,top_artists_weekly,,48,https://yt3.googleusercontent.com/tmO4vwHNy3o255MKB2wHTwU_0uqJGSf2Ay8IGyLmBSSuXnU_KhRJQ1cVbA_IWPsNelGbJIHB6A=w64-h64-p,,6 高爾宣,,"1月 1, 1970",1177571,"48 6 高爾宣 1月 1, 1970 42 20 1,177,571"
2026-09-13,tw,Taiwan,top_artists_weekly,,49,https://yt3.googleusercontent.com/hC2VYx3C6PK44Vu00heH77KVDTfYKeoehXNJTF9-LTyz9LQD8bB3aHCkGTC0Lb5rRPEzIGS6iRyqWQQrng=w64-h64-p,,6 姚曉棠,,"1月 1, 1970",1176388,"49 6 姚晓棠 1月 1, 1970 43 20 1,176,388"
2026-09-13,tw,Taiwan,top_artists_weekly,,50,https://yt3.ggpht.com/ytc/AIdro_nI8xKy-WzsD4rayGtrDLh6lYY_4-uYzPSr9_zBM8Af078=w64-h64-p,,2 茄子蛋,,"1月 1, 1970",1129401,"50 2 茄子蛋 1月 1, 1970 48 20 1,129,401"
2026-09-13,tw,Taiwan,top_artists_weekly,,51,https://lh3.googleusercontent.com/hnefGBrazRhn4Z92bdSZBUENl40ONjRiVDsmZKZh-WZ2iCKE-2c7KKR7SNcZfzLHoRyB3E6as8L87YA=w64-h64-p,,13 Bruno Mars,,"1月 1, 1970",1126648,"51 13 Bruno Mars 1月 1, 1970 64 20 1,126,648"
2026-09-13,tw,Taiwan,top_artists_weekly,,52,https://lh3.googleusercontent.com/pvJ1n3OBNXcz80KquAr-BY3ZRpp4Vfv8IHBk1SHBkJPF6eGhYJqaO3H5meVIQwb-BTOv0VsckNtPow=w64-h64-p,,12 BLACKPINK,,"1月 1, 1970",1110242,"52 12 BLACKPINK 1月 1, 1970 40 20 1,110,242"
2026-09-13,tw,Taiwan,top_artists_weekly,,53,https://yt3.googleusercontent.com/E8-DZ3tujNN7vRZ9FcPAjXhm7v3pzbI4Lmk4WIOM3nx0pUv_5pP1jgW0aGfnWNScvlhEOw987yYrDa8=w64-h64-p,,32 張碧晨,,"1月 1, 1970",1102949,"53 32 張碧晨 1月 1, 1970 85 20 1,102,949"
2026-09-13,tw,Taiwan,top_artists_weekly,,54,https://yt3.googleusercontent.com/irPUnmrxGIe0fD5y-RfoLVRa9wBom08nCH_hWHG9wK6NI8YnNMPBO8Zya8h2ZbnsWxpCr25hqw=w64-h64-p,,4 孫燕姿,,"1月 1, 1970",1089484,"54 4 孫燕姿 1月 1, 1970 50 20 1,089,484"
2026-09-13,tw,Taiwan,top_artists_weekly,,55,https://yt3.googleusercontent.com/-mWcZEN-Q1mugNQHDWtlRyGY699Nkp41QgNbFikK7PTLJ63cHojjT4dZeDZ6Vj_z5sXzqDX3CwH1g44d=w64-h64-p,,4 馬也Crabbit,,"1月 1, 1970",1086811,"55 4 马也Crabbit 1月 1, 1970 59 20 1,086,811"
2026-09-13,tw,Taiwan,top_artists_weekly,,56,https://yt3.googleusercontent.com/OACRW0WLfJ3wTcnbh8912dg5iLMzROD_CpqgvPqn3_cfnKRfdxc_aN4ERkWFZtswHPPghRlcH5XwbksQ=w64-h64-p,,13 ITZY,,"1月 1, 1970",1062636,"56 13 ITZY 1月 1, 1970 69 20 1,062,636"
2026-09-13,tw,Taiwan,top_artists_weekly,,57,https://lh3.googleusercontent.com/MBjMu3EHBwUFMuf80d9OfCLVG2VywWGcD6OV6XUb4mBmLPWputvMOgEG7T2frxBlZdYkCho4NXGdzTQ=w64-h64-p,,1 陳奕迅,,"1月 1, 1970",1060645,"57 1 陳奕迅 1月 1, 1970 56 20 1,060,645"
2026-09-13,tw,Taiwan,top_artists_weekly,,58,https://yt3.googleusercontent.com/Jd4UzRL6F6972dfKcCcy9dvzQ2vzMKJlvo1hokoGY92WaALn2tSjFKWvHNLtZA_QiofzZ2R6QBg=w64-h64-p,,58 9Lana,,"1月 1, 1970",1051936,"58 58 9Lana 1月 1, 1970 - 2 1,051,936"
2026-09-13,tw,Taiwan,top_artists_weekly,,59,https://yt3.googleusercontent.com/ufS1qifPTVxSR1_xBz6F75iymu07Qdgplp0Qp3uJBWZuSrpgP6GWFkog-99E8bvH6o5xAmnzzNENskFZ=w64-h64-p,,2 YORUSHIKA,,"1月 1, 1970",1046331,"59 2 YORUSHIKA 1月 1, 1970 57 20 1,046,331"
2026-09-13,tw,Taiwan,top_artists_weekly,,60,https://yt3.googleusercontent.com/hFw-eieMTO6_ZkBxqNHLrDqRlcJN6vBbcC3G6-j79f_JmGkC5QmPm4zIGFEOAKtCikN0hh727FL0391gLA=w64-h64-p,,3 Cole先生,,"1月 1, 1970",1045983,"60 3 Cole先生 1月 1, 1970 63 19 1,045,983"
2026-09-13,tw,Taiwan,top_artists_weekly,,61,https://yt3.googleusercontent.com/x2dzhHR99RRRFt05gFVrbi9UfvCTbc19QBq99ni9z1MO-fJWvojQ6M8Rk0jrTIcD68ZwqBxd-B8YBISL=w64-h64-p,,9 宇宙人,,"1月 1, 1970",1037842,"61 9 宇宙人 1月 1, 1970 52 19 1,037,842"
2026-09-13,tw,Taiwan,top_artists_weekly,,62,https://yt3.googleusercontent.com/8YB2NaZiMvNlvdIEXdGSMfP-aTOHXAbdXy1hvZ_SVfXkTsKFy6YQlmnIk-aiDZ1ew7tNMhe3cPUow1g=w64-h64-p,,2 LE SSERAFIM,,"1月 1, 1970",1036108,"62 2 LE SSERAFIM 1月 1, 1970 60 20 1,036,108"
2026-09-13,tw,Taiwan,top_artists_weekly,,63,https://yt3.googleusercontent.com/O3ux2Cv4ahPmYganqB4asYUs_qTClRuRxeoZRgwHwHA0oVcA7C3ph04_rC7svPLh1058-NwdBQ=w64-h64-p,,5 李聖傑,,"1月 1, 1970",1019799,"63 5 李聖傑 1月 1, 1970 58 20 1,019,799"
2026-09-13,tw,Taiwan,top_artists_weekly,,64,https://yt3.googleusercontent.com/2DEaecnkgN4qIkP1AeQAzYiIeo5Rt5bVQ-9skPe95QAYZdY6h927bUXwHq21VPeVhJ6TxxiOvA=w64-h64-p,,2 翁立友,,"1月 1, 1970",1018128,"64 2 翁立友 1月 1, 1970 66 20 1,018,128"
2026-09-13,tw,Taiwan,top_artists_weekly,,65,https://yt3.googleusercontent.com/2AR8ez0rjHdtFfzeYXS-p1MUFbHYoPvRNfDeBhfcUL6uJYEVcghnJlS7qFqFM8pSzBcxVvoA18tqDDjG=w64-h64-p,,14 曾沛慈,,"1月 1, 1970",1014187,"65 14 曾沛慈 1月 1, 1970 51 20 1,014,187"
2026-09-13,tw,Taiwan,top_artists_weekly,,66,https://yt3.googleusercontent.com/30y0U-GQ0hk85r8wS8SggJqWgCZSchIzJPCFiRz9AsXe7zcSs6bXmX3toXhDAkBp_qTqWmjfNmFHrZ8=w64-h64-p,,4 動力火車,,"1月 1, 1970",1013482,"66 4 動力火車 1月 1, 1970 62 20 1,013,482"
2026-09-13,tw,Taiwan,top_artists_weekly,,67,https://yt3.googleusercontent.com/u8tcXDcVOviBOzM0y5T2vZYSJe2BjV0uKG-EXH4l-wB_BFPV5SXDt2CZICji574S8BO3Hsrz=w64-h64-p,,12 薛之謙,,"1月 1, 1970",1010852,"67 12 薛之謙 1月 1, 1970 55 20 1,010,852"
2026-09-13,tw,Taiwan,top_artists_weekly,,68,https://lh3.googleusercontent.com/xov-pSAk6IVD0y5W0Vrbm9qdH2fjg0jYK5JSAEV0pnpJMfmBvJivspw6930v6VBJhbpZecvwEG1yVpr6=w64-h64-p,,15 李榮浩,,"1月 1, 1970",1000673,"68 15 李榮浩 1月 1, 1970 53 20 1,000,673"
2026-09-13,tw,Taiwan,top_artists_weekly,,69,https://yt3.googleusercontent.com/PpmhuqfTtKHOZq10NpyzDxnAMT4a_Vm8RqTrJD_iQTY6B-GH7VX-WDP3lgeX5knMEKQ_8IBUUQ=w64-h64-p,,69 劉宇寧,,"1月 1, 1970",961971,"69 69 劉宇寧 1月 1, 1970 - 20 961,971"
2026-09-13,tw,Taiwan,top_artists_weekly,,70,https://yt3.googleusercontent.com/h5RMpHIY7m2bJ8hcG-7_hwIaiMNZXljfe8Xszb-dAW00pWI6Folj14g2t0cADaimlz4_5MK2V3g=w64-h64-p,,9 DIOR 大穎,,"1月 1, 1970",934329,"70 9 DIOR 大穎 1月 1, 1970 61 20 934,329"
2026-09-13,tw,Taiwan,top_artists_weekly,,71,https://yt3.googleusercontent.com/ZojXXRco6xFdVFKJ_-lMYqEpQ8LAmBH5chan59gjSYTDbuWmitUkpirmV3LzE-X8G6IeelfcM3al3e4=w64-h64-p,,3 周深,,"1月 1, 1970",924522,"71 3 周深 1月 1, 1970 68 20 924,522"
2026-09-13,tw,Taiwan,top_artists_weekly,,72,https://yt3.googleusercontent.com/4lucaZXF12S40pMhPJz-cb-q1qoXcWxkEyVevy9S523j7rWSjX66iYtY78kIglq8r9rpusX9cf8=w64-h64-p,,7 王心凌,,"1月 1, 1970",912313,"72 7 王心凌 1月 1, 1970 65 20 912,313"
2026-09-13,tw,Taiwan,top_artists_weekly,,73,https://lh3.googleusercontent.com/a1D6bH7UplNjEw7q_Y_FV-Pph49IRvSk7wxA7xQlIeJ9lVh_Ndi2MnHcx5irKCw_a-P1Zpe8ycMKrQ=w64-h64-p,,6 韋禮安,,"1月 1, 1970",898937,"73 6 韋禮安 1月 1, 1970 67 20 898,937"
2026-09-13,tw,Taiwan,top_artists_weekly,,74,https://yt3.googleusercontent.com/KOipyC46emFrYg8iYg0b6ogYwkOEo4oHq4a0Y6nqP3uKERB5Gk1AkCsdwELZYvVQgwYA5mfTiYtbdS9C=w64-h64-p,,4 半噸兄弟,,"1月 1, 1970",896297,"74 4 半噸兄弟 1月 1, 1970 70 20 896,297"
2026-09-13,tw,Taiwan,top_artists_weekly,,75,https://yt3.googleusercontent.com/2IbO6drTOO1y5I4tDPqS5nafZmV0Z54g0YxU32RnLjc0vvYlzH1-c522X0c784WaR9hs9YIDr9yhHKfT=w64-h64-p,,21 CORTIS,,"1月 1, 1970",883562,"75 21 CORTIS 1月 1, 1970 54 20 883,562"
2026-09-13,tw,Taiwan,top_artists_weekly,,76,https://lh3.googleusercontent.com/cG4CpMaBPIokpAVifx2Zgnita1H5Ktkj-a1txUg7vqm61fY5SAmMgTNRf52E9x5eYdwNelRPG2Kx7io=w64-h64-p,,12 澤野弘之,,"1月 1, 1970",876635,"76 12 澤野弘之 1月 1, 1970 88 20 876,635"
2026-09-13,tw,Taiwan,top_artists_weekly,,77,https://yt3.googleusercontent.com/JBgpQkRK9eAMX5UMlaoPqaFV2qRzJZhvnekjPf_O4RNEQgrfVQCPGIeg7WouRX2L9y0DWPlNAhg9AT5iaA=w64-h64-p,,10 林琇琪,,"1月 1, 1970",872890,"77 10 林琇琪 1月 1, 1970 87 20 872,890"
2026-09-13,tw,Taiwan,top_artists_weekly,,78,https://yt3.googleusercontent.com/KmyY2UM6VMNWsmkEhjzIlbTnEwjjq1B-lpaxP5KC7CByIA3xuQrSKW_QJ0yNdHMIqLokgcp8gw=w64-h64-p,,7 田馥甄,,"1月 1, 1970",859540,"78 7 田馥甄 1月 1, 1970 71 20 859,540"
2026-09-13,tw,Taiwan,top_artists_weekly,,79,https://lh3.googleusercontent.com/umSdMueKqbLBTq0jhiEzh1F82_C8hRVzkw2ZsxOqEktWjNXOKSCMPMGiJtu73myxd995RC4BqKL5fAXM=w64-h64-p,,4 Lady Gaga,,"1月 1, 1970",852376,"79 4 Lady Gaga 1月 1, 1970 83 20 852,376"
2026-09-13,tw,Taiwan,top_artists_weekly,,80,https://yt3.googleusercontent.com/AGsd38zD5rf3PTqIyhf0D8aTmyBqMpCSuwkeovewAkM0hdukbNpN-tRo5oGSY5tQcMAkSTL1iRTcNgfF=w64-h64-p,,13 黃乙玲,,"1月 1, 1970",847584,"80 13 黃乙玲 1月 1, 1970 93 20 847,584"
2026-09-13,tw,Taiwan,top_artists_weekly,,81,https://yt3.googleusercontent.com/ES5kleAx1BlxR1xWP85JrqY3YKgLs2MyxfIfaoyk5nYZSv2rMK6Zk42_Sf_5ZJaHp4kwdqIpO45DT2oi=w64-h64-p,,2 Ado,,"1月 1, 1970",837962,"81 2 Ado 1月 1, 1970 79 20 837,962"
2026-09-13,tw,Taiwan,top_artists_weekly,,82,https://lh3.googleusercontent.com/5Wqko_xYm2k_BiYJf_8KFM_DLZfcWrWPApBX13U8zmPulEl9JLztydPSfvKITpmIY8uRKYrVEvcLEaA=w64-h64-p,,12 讚美之泉,,"1月 1, 1970",834898,"82 12 讚美之泉 1月 1, 1970 94 20 834,898"
2026-09-13,tw,Taiwan,top_artists_weekly,,83,https://yt3.googleusercontent.com/7buDUATb3VZ0dAiIJH64ik_DgBIaui8-WYW3HPsP9dnfCCc00vBbuOm8rcPPPfign0XAqEZStw=w64-h64-p,,2 張韶涵,,"1月 1, 1970",820906,"83 2 張韶涵 1月 1, 1970 81 20 820,906"
2026-09-13,tw,Taiwan,top_artists_weekly,,84,https://lh3.googleusercontent.com/f-obacsP4pLKKR-_ykVFkRl83BV7vpFMyalY5UbSh1ng6CbN2GAdHjFg2JM2O7PzU1DZrEnwuMgC_w=w64-h64-p,,12 八三夭,,"1月 1, 1970",816899,"84 12 八三夭 1月 1, 1970 72 20 816,899"
2026-09-13,tw,Taiwan,top_artists_weekly,,85,https://yt3.googleusercontent.com/beJAMRm4Fei9DIYc0_Fnyg8zTRHf122p5xmKRd18Bsl0B_usth9jw31aW0JVtdJbmM6nfCgv64nvs9Y=w64-h64-p,,85 Official髭男dism,,"1月 1, 1970",814848,"85 85 Official髭男dism 1月 1, 1970 - 20 814,848"
2026-09-13,tw,Taiwan,top_artists_weekly,,86,https://yt3.googleusercontent.com/xnSfx4u7jPLYakQpgcxduZyIiNEHgMgQDijA1hkYsorkD54rjLJS_jcnHHjypRK4rwxaAfZ_kO9bpZw=w64-h64-p,,2 NMIXX,,"1月 1, 1970",799748,"86 2 NMIXX 1月 1, 1970 84 20 799,748"
2026-09-13,tw,Taiwan,top_artists_weekly,,87,https://yt3.googleusercontent.com/7y2_ZLpn8wO09xac910FPzhPq0y1imPuM7jBm_B7g5QFfomWsLwMmqoZIZP2tgHjGZoDSAy1lQ9g9LWU=w64-h64-p,,87 黃霄雲,,"1月 1, 1970",795527,"87 87 黃霄雲 1月 1, 1970 - 20 795,527"
2026-09-13,tw,Taiwan,top_artists_weekly,,88,https://yt3.googleusercontent.com/xepGMzmhpsoHJhODh5c8fGqPaYgxWZ4scJ7Pw26jjGQgvwc6cQ54ECQ6mFUJUhVqS3BlFgey3NnZD-cN=w64-h64-p,,10 陳盈潔,,"1月 1, 1970",785188,"88 10 陳盈潔 1月 1, 1970 98 12 785,188"
2026-09-13,tw,Taiwan,top_artists_weekly,,89,https://lh3.googleusercontent.com/QF5_9GNj1eOdWzO2V9b26JhoLwNDG0PwOlbOdHlcyUHUAoSjRBrzHxodlLj6O-cj6mKLYN6tjRfZ6A=w64-h64-p,,14 G,Dragon,"1月 1, 1970",784481,"89 14 G-Dragon 1月 1, 1970 75 20 784,481"
2026-09-13,tw,Taiwan,top_artists_weekly,,90,https://yt3.googleusercontent.com/R21Px2Cfn4rBs42n_LTtDlplBwtlRoq9Iz6W7QZwWz1SGuR_ZEmk4cCjoXDAIV1Ai9TIZmV1bt9qRuc=w64-h64-p,,12 任然,,"1月 1, 1970",784429,"90 12 任然 1月 1, 1970 78 20 784,429"
2026-09-13,tw,Taiwan,top_artists_weekly,,91,https://yt3.googleusercontent.com/Lt2S5w1cjM4S0G3LcQq21xxQx27oY2PwiaVgxHwz_w-6KekUoC5RcQBQaZHhLtyIV9ABSTcyGw=w64-h64-p,,9 許富凱,,"1月 1, 1970",782536,"91 9 許富凱 1月 1, 1970 82 20 782,536"
2026-09-13,tw,Taiwan,top_artists_weekly,,92,https://yt3.googleusercontent.com/aHzyaUxFxX_LM0rr4fxgAiEHe_xqGKO_bmQVpvwKI8SBPAHIasQRdaztWnCFyM1ikUuyh_Woo45KbQQ=w64-h64-p,,TOMORROW X TOGETHER,,,,TOMORROW X TOGETHER
2026-09-13,tw,Taiwan,top_artists_weekly,,93,https://yt3.googleusercontent.com/Cnhb3AyOFVMBJ0D76G6DhIY2QaVFWHq19crz8QggEdc888kPB8u4iROVSRi_l7F2mjHzNHDEjuU=w64-h64-p,,7 陳勢安,,"1月 1, 1970",776174,"93 7 陳勢安 1月 1, 1970 86 20 776,174"
2026-09-13,tw,Taiwan,top_artists_weekly,,94,https://yt3.googleusercontent.com/Z7jSIey5PTQOvOcpYRKtcs9l5ZG3T2f9mAR3zTOy9cqB4UCoQLkhrVSlOgyM5_ffnHKCPFiGCA=w64-h64-p,,18 陳忻玥,,"1月 1, 1970",776019,"94 18 陳忻玥 1月 1, 1970 76 20 776,019"
2026-09-13,tw,Taiwan,top_artists_weekly,,95,https://yt3.googleusercontent.com/qcQopE-72qTpj4lFr8jKBOJpR442ZBgxtqf5yso6Bde5Yz25t5O-PTk8xxan6DrlxIpqfnBq_T3wMVE=w64-h64-p,,95 王識賢,,"1月 1, 1970",772568,"95 95 王識賢 1月 1, 1970 - 20 772,568"
2026-09-13,tw,Taiwan,top_artists_weekly,,96,https://yt3.googleusercontent.com/7jndWy5UJwFJKueBCrizeFWOFwxKUOZZjRMIcPyRlv1X18tY9aJpkuSz_PpamnHVjbYV6s_oER8oi4g=w64-h64-p,,5 Maroon 5,,"1月 1, 1970",761723,"96 5 Maroon 5 1月 1, 1970 91 20 761,723"
2026-09-13,tw,Taiwan,top_artists_weekly,,97,https://lh3.googleusercontent.com/D3iqTV1JIuwtqPykvxbri7cxXZYO0BRwrcDvTiPUTY81DwNYnxSqqlbJascSlVt22JM_9UulpkFVzts=w64-h64-p,,5 鬱可唯,,"1月 1, 1970",758478,"97 5 郁可唯 1月 1, 1970 92 20 758,478"
2026-09-13,tw,Taiwan,top_artists_weekly,,98,https://lh3.googleusercontent.com/A-aJ3NByQ779TYwfMFDLMhoFkQbURHFrZBsEOKFv8g3q5Skp8kvpHED1LIzI31dWjhABloCFmw2Y1wxx=w64-h64-p,,98 林宥嘉,,"1月 1, 1970",753786,"98 98 林宥嘉 1月 1, 1970 - 20 753,786"
2026-09-13,tw,Taiwan,top_artists_weekly,,99,https://lh3.googleusercontent.com/PtoGfThhXXyYd6PQ_-Jc5dMzLFi0AQZDXUIg_rscIdLlVAaRWcycwtnBHUgvwstuBshgGOeygt69hGQ=w64-h64-p,,99 張學友,,"1月 1, 1970",750023,"99 99 張學友 1月 1, 1970 - 20 750,023"
2026-09-13,tw,Taiwan,top_artists_weekly,,100,https://lh3.googleusercontent.com/U-SAmNOu4TynE818gLCfKsuHZ0U5YNEtO9mrjSI9WCCKERs98LzrCal5kajBBTQNwdcisoB2Bn-pHp4=w64-h64-p,,10 The Weeknd,,"1月 1, 1970",747618,"100 10 The Weeknd 1月 1, 1970 90 20 747,618"
2026-09-13,jp,Japan,top_artists_weekly,,1,https://yt3.googleusercontent.com/HhewRwaNXMj-O1EAQNnVXER1TeEc464OcpKh1gBwz4g056ikEqvvLQkRVIfm8UcXJZXO66IhNr2qGNA=w64-h64-p,,Mrs. GREEN APPLE,,,,Mrs. GREEN APPLE
2026-09-13,jp,Japan,top_artists_weekly,,2,https://yt3.googleusercontent.com/nabFWDPlnYwAc6aByQLTbIIpTZHiWRFODd0hTI_gvQoBMk_6LpfyHJWJfkdxRzpSkG5LTPY7lmBuef8G=w64-h64-p,,1 M!LK,,"1月 1, 1970",30316446,"2 1 M!LK 1月 1, 1970 1 79 30,316,446"
2026-09-13,jp,Japan,top_artists_weekly,,3,https://yt3.googleusercontent.com/rvoJpoc0bOs8cIpf3Lcf7zB8aPZpMbGtrTduAb2o7RI6ADokPbgR64iMA5P7dwu6LLDgg6HCz_hEww=w64-h64-p,,● 米津玄師,,"1月 1, 1970",17605363,"3 ● 米津玄師 1月 1, 1970 3 520 17,605,363"
2026-09-13,jp,Japan,top_artists_weekly,,4,https://lh3.googleusercontent.com/QAxBr9ghPhfxquveEQwVfzTN3tvsHNggUkmxMUWtTpAq-ZiLoGH7Tz5oa-oysqv7z1_JdHllHegKf5w=w64-h64-p,,● Snow Man,,"1月 1, 1970",15124183,"4 ● Snow Man 1月 1, 1970 4 298 15,124,183"
2026-09-13,jp,Japan,top_artists_weekly,,5,https://lh3.googleusercontent.com/k7Z1-TzVQJdEsRpgXDwbniROArZXFtVNeOKWxq2of-uOw72kLlbZxrwmcdpaJ-qVQrS5Nq61F3RCUw=w64-h64-p,,● back number,,"1月 1, 1970",12173769,"5 ● back number 1月 1, 1970 5 515 12,173,769"
2026-09-13,jp,Japan,top_artists_weekly,,6,https://yt3.googleusercontent.com/8BbiNyyI7TOxlf0x0R-4JZB8x7cw-ML-yOjF8QW8rHSrViZacf-AqD-eqg2ccvbYr5C9URAa_vTJI3k=w64-h64-p,,1 YOASOBI,,"1月 1, 1970",9008968,"6 1 YOASOBI 1月 1, 1970 7 334 9,008,968"
2026-09-13,jp,Japan,top_artists_weekly,,7,https://lh3.googleusercontent.com/clU1FS-0CYHVacxQpaBa27cH8vq-WgYtV4DIdW5WaLeS814DKZfV0HLSI16hLaw3qtNzQGf_kEPoXhA=w64-h64-p,,1 超特急,,"1月 1, 1970",8882630,"7 1 超特急 1月 1, 1970 8 145 8,882,630"
2026-09-13,jp,Japan,top_artists_weekly,,8,https://yt3.googleusercontent.com/5GYeWpGUtgi8tPkwqV_Nnq9ZiE6PhSCoRSrfpK1CIdfZkndV5fLHZ-c2g9rAGfdQ6bV81Wvlc8UMjw=w64-h64-p,,2 ILLIT,,"1月 1, 1970",8768128,"8 2 ILLIT 1月 1, 1970 6 128 8,768,128"
2026-09-13,jp,Japan,top_artists_weekly,,9,https://yt3.googleusercontent.com/oVrTzA1ifrJ2RtE_4rINXKJhtu06uj0OnI3vHmPP-kYY1L7s7dTGGRNm-x0L9kHICe36h2pb9-0Dvw8=w64-h64-p,,● HANA,,"1月 1, 1970",8501882,"9 ● HANA 1月 1, 1970 9 82 8,501,882"
2026-09-13,jp,Japan,top_artists_weekly,,10,https://yt3.googleusercontent.com/beJAMRm4Fei9DIYc0_Fnyg8zTRHf122p5xmKRd18Bsl0B_usth9jw31aW0JVtdJbmM6nfCgv64nvs9Y=w64-h64-p,,● Official髭男dism,,"1月 1, 1970",8257202,"10 ● Official髭男dism 1月 1, 1970 10 433 8,257,202"
2026-09-13,jp,Japan,top_artists_weekly,,11,https://yt3.googleusercontent.com/4qFu6HToHZGQamDtHzyBfqEqY9KO2dytn0kgV3Fs6qpJS6w9lVKchXJakSDT9qSErjnaHOELF0kfUrI=w64-h64-p,,● GNJB,,"1月 1, 1970",8081257,"11 ● GNJB 1月 1, 1970 11 40 8,081,257"
2026-09-13,jp,Japan,top_artists_weekly,,12,https://yt3.googleusercontent.com/ES5kleAx1BlxR1xWP85JrqY3YKgLs2MyxfIfaoyk5nYZSv2rMK6Zk42_Sf_5ZJaHp4kwdqIpO45DT2oi=w64-h64-p,,● Ado,,"1月 1, 1970",7775431,"12 ● Ado 1月 1, 1970 12 304 7,775,431"
2026-09-13,jp,Japan,top_artists_weekly,,13,https://yt3.googleusercontent.com/ufS1qifPTVxSR1_xBz6F75iymu07Qdgplp0Qp3uJBWZuSrpgP6GWFkog-99E8bvH6o5xAmnzzNENskFZ=w64-h64-p,,● YORUSHIKA,,"1月 1, 1970",7426617,"13 ● YORUSHIKA 1月 1, 1970 13 402 7,426,617"
2026-09-13,jp,Japan,top_artists_weekly,,14,https://yt3.googleusercontent.com/7mGnCnhB37DGywZxroOABy24-RTikE3XOMwNdOpyHJP7Hdip_1ARYqL_cfyFfDJjVhFqJ7NOV_mEfMY=w64-h64-p,,1 嵐,,"1月 1, 1970",7262398,"14 1 嵐 1月 1, 1970 15 435 7,262,398"
2026-09-13,jp,Japan,top_artists_weekly,,15,https://yt3.googleusercontent.com/8jq9fgEQpYijkWt9TAAIuktPSQT9B0aaK4a2jt2o0DQ6K0Fe-D0EF7t3Sp4N2EDE6jnQAaLuPCRbZD5A=w64-h64-p,,1 RADWIMPS,,"1月 1, 1970",7213223,"15 1 RADWIMPS 1月 1, 1970 16 520 7,213,223"
2026-09-13,jp,Japan,top_artists_weekly,,16,https://yt3.googleusercontent.com/QXqHd8cQ8iJjUnJgRBwcSFlAFqnzh-6tBGU_rydgWnx1V6ldKhoMr_Jp-Ak5QT1JvH51i9s5gRvig_Y=w64-h64-p,,2 魚韻,,"1月 1, 1970",7199777,"16 2 魚韻 1月 1, 1970 14 520 7,199,777"
2026-09-13,jp,Japan,top_artists_weekly,,17,https://lh3.googleusercontent.com/8rsLpP6VJjt-yTN8ZG5rY-qt2aCC-IYMWmVkk7qa8c5vrjO6zetKSgwO2QknHI3FtWl6Zannp2VsQ5o=w64-h64-p,,1 防彈少年團,,"1月 1, 1970",6992902,"17 1 防彈少年團 1月 1, 1970 18 520 6,992,902"
2026-09-13,jp,Japan,top_artists_weekly,,18,https://yt3.googleusercontent.com/0yxG_xPL-fPeW_3pLWRDB7eXD14e10fIjN6tovLhItpB4g7YqWjSgwrvJvLLSwW-04TtZ9J40ezrt1c=w64-h64-p,,1 King Gnu,,"1月 1, 1970",6960408,"18 1 King Gnu 1月 1, 1970 19 393 6,960,408"
2026-09-13,jp,Japan,top_artists_weekly,,19,https://yt3.googleusercontent.com/bghAJyFGdwVOrUmCEDiTOPS9-7V963r0eJVdbkKIwWw9Ai9RM-CBsLnwr8ve2ElsxH2KXHIdzx9KzGKZ=w64-h64-p,,EBiDAN Ebisu Gakuen Boys Club,,,,EBiDAN Ebisu Gakuen Boys Club
2026-09-13,jp,Japan,top_artists_weekly,,20,https://yt3.googleusercontent.com/nfWyPt8ubT9r-I34Plw20oPCmwZTWL3WDN1gIKQODjNCXVUlZwPHp_QoMWBn6PpxM_7iKcM8qNfGxXo=w64-h64-p,,5 SixTONES,,"1月 1, 1970",6712867,"20 5 SixTONES 1月 1, 1970 25 348 6,712,867"
2026-09-13,jp,Japan,top_artists_weekly,,21,https://yt3.googleusercontent.com/q87XpcSMiepzSRJ2qmnj0UTGl3oawEn8R5k_TIeEwaMF_7EDV6qp2V-y42RXWROKjAWurmZmBj5xy_s=w64-h64-p,,4 Vaundy,,"1月 1, 1970",6704325,"21 4 Vaundy 1月 1, 1970 17 324 6,704,325"
2026-09-13,jp,Japan,top_artists_weekly,,22,https://lh3.googleusercontent.com/__HQP1pw0-A2viS_fBJtlsYASW9dMYoP2B11fM30hMYHHWNHtmSET2bTvTGLZ66ySry6xJjQPx9dLA=w64-h64-p,,4 宇多田光,,"1月 1, 1970",6157162,"22 4 宇多田光 1月 1, 1970 26 511 6,157,162"
2026-09-13,jp,Japan,top_artists_weekly,,23,https://yt3.googleusercontent.com/9j5EBr2rWVcRm3RsqK82BlBogflxOFDgJsK04weU-yr1gUiouM1b9ykc7YiVsb7LrFmY9d9uCjzB2ZI=w64-h64-p,,3 BE:FIRST,,"1月 1, 1970",6061883,"23 3 BE:FIRST 1月 1, 1970 20 264 6,061,883"
2026-09-13,jp,Japan,top_artists_weekly,,24,https://lh3.googleusercontent.com/toZ3JKuc9xkkDyemWTAJxnVAdjT69o1aqDWCxFRcKgYbCFNKIR9Jq-cBQ07r-6Utx3GwY4ivwx-mjkk=w64-h64-p,,1 Fujii Kaze,,"1月 1, 1970",6061008,"24 1 Fujii Kaze 1月 1, 1970 23 325 6,061,008"
2026-09-13,jp,Japan,top_artists_weekly,,25,https://lh3.googleusercontent.com/showUTLq0g6F4x-R5DlVl95qpz8RylPI8RXlRQiiQ__zos_Oz9OvZehIxrSINFgLww_rmKdAnVZu-Ts=w64-h64-p,,SOUTHERN ALL STARS,,,,SOUTHERN ALL STARS
2026-09-13,jp,Japan,top_artists_weekly,,26,https://yt3.googleusercontent.com/LAOh6v-8gNlsV5X31NMFjr1oxYFLYuVo8PUetRE5uF20FSxqfG1AyWIypoSb40h7139K8PgrIoLPHMQ=w64-h64-p,,2 SPITZ,,"1月 1, 1970",5942010,"26 2 SPITZ 1月 1, 1970 24 520 5,942,010"
2026-09-13,jp,Japan,top_artists_weekly,,27,https://yt3.googleusercontent.com/22FOVr8D5Kq9y2l2sUDKW5X5s0W_axG7_sDhQVzxDGEXBMNjhwzvhs10BI3UoA1focajEeTPqZ2jNW9D=w64-h64-p,,9 Stray Kids,,"1月 1, 1970",5567610,"27 9 Stray Kids 1月 1, 1970 36 324 5,567,610"
2026-09-13,jp,Japan,top_artists_weekly,,28,https://lh3.googleusercontent.com/Dp0g1-nAKmdHtDy_Xu81p7uOrJtD0uiMW1evxcnXADUoM8thct7VKce12b-2OMcCqHiJKeesQtsa-NDz=w64-h64-p,,1 Mr.Children,,"1月 1, 1970",5329474,"28 1 Mr.Children 1月 1, 1970 27 520 5,329,474"
2026-09-13,jp,Japan,top_artists_weekly,,29,https://lh3.googleusercontent.com/NWHT43hxULRsyzpcsQfbUAKDjFSahIyKGGFGvxHOcpswAVkfnjwWEqSP8XG8hDmX6fubB1C9DbxFiNk=w64-h64-p,,2 歌っちゃ王,,"1月 1, 1970",5299124,"29 2 歌っちゃ王 1月 1, 1970 31 256 5,299,124"
2026-09-13,jp,Japan,top_artists_weekly,,30,https://yt3.googleusercontent.com/xP2HtpR_jxf7iX1E2k51EsgRwuX1b9wZJDJj87ZE8XRMvSs5Aays7jr-EroVHgSlPVnJG5n670Kt_P0=w64-h64-p,,3 Yuuri,,"1月 1, 1970",5168257,"30 3 Yuuri 1月 1, 1970 33 326 5,168,257"
2026-09-13,jp,Japan,top_artists_weekly,,31,https://lh3.googleusercontent.com/x0jntdTSj8i08M1g6MzRpSiNUezdIOaI-yJEu6pXoi_H6PF2yvJKo1sabI4Gu_6EpVLd4TV_y7RZ2x0=w64-h64-p,,3 DECO*27,,"1月 1, 1970",5115868,"31 3 DECO*27 1月 1, 1970 34 516 5,115,868"
2026-09-13,jp,Japan,top_artists_weekly,,32,https://yt3.googleusercontent.com/alBNODlVMkJCt-E3lNA7bF52JzzLfgd6h4_Uo5JfkKdxQ0_lZzl5po9ML3Twn0Y7tytAX9bjlfazAIQ=w64-h64-p,,4 ONE OK ROCK,,"1月 1, 1970",4730969,"32 4 ONE OK ROCK 1月 1, 1970 28 520 4,730,969"
2026-09-13,jp,Japan,top_artists_weekly,,33,https://yt3.googleusercontent.com/NRBianky8-POHOPujzwhCdBItJv35rlaLjuJ1p5pYm5EWCWNC3aPyx1CMU4GkKD4XuaPu7XuuISyaZ9V=w64-h64-p,,2 BUMP OF CHICKEN,,"1月 1, 1970",4545258,"33 2 BUMP OF CHICKEN 1月 1, 1970 35 520 4,545,258"
2026-09-13,jp,Japan,top_artists_weekly,,34,https://yt3.googleusercontent.com/nqcLdvh1gakB5sj2ygjMVyIGol7NdEr_Jo87_Vauzrorq6W5Zti_XyJdhQ-T_-0rFbKtUoSF_-LqLqU=w64-h64-p,,5 SEKAI NO OWARI,,"1月 1, 1970",4367414,"34 5 SEKAI NO OWARI 1月 1, 1970 29 514 4,367,414"
2026-09-13,jp,Japan,top_artists_weekly,,35,https://lh3.googleusercontent.com/QiVzJToksVJXLY1-krTFwpsoQ2vyKsNGfOmh92yNie0PUCBXp6BrEJ-GdN6bqY5JgxWUj39rdtZc8a0=w64-h64-p,,2 CUTIE STREET,,"1月 1, 1970",4334504,"35 2 CUTIE STREET 1月 1, 1970 37 100 4,334,504"
2026-09-13,jp,Japan,top_artists_weekly,,36,https://yt3.googleusercontent.com/K_baqRAxIjiyRU7u7PyVnbVs8fzB9lwhvXLGbXpCrc9P0cE2ssBwt0UzhWQvGs9kUUDt1-QKnO0Ts88=w64-h64-p,,6 CHANMINA,,"1月 1, 1970",4245771,"36 6 CHANMINA 1月 1, 1970 30 382 4,245,771"
2026-09-13,jp,Japan,top_artists_weekly,,37,https://yt3.googleusercontent.com/gD_NWK-pYzPtkiqWDXsdVAfjk-zIckdTw933lzQkZnQU6zZh0oM6w5TiumXXzAaXWLEy44z-RavGSYOH=w64-h64-p,,35 Number_i,,"1月 1, 1970",4211780,"37 35 Number_i 1月 1, 1970 72 138 4,211,780"
2026-09-13,jp,Japan,top_artists_weekly,,38,https://lh3.googleusercontent.com/HNgNMRaakGXWwt_ipf2krKR67cTauQDm934ir9lupV2_zJAdqqQ2X_BaC2Pk7lqRZt6qEy5wzqOTkA=w64-h64-p,,7 愛繆,,"1月 1, 1970",3984005,"38 7 愛繆 1月 1, 1970 45 447 3,984,005"
2026-09-13,jp,Japan,top_artists_weekly,,39,https://yt3.googleusercontent.com/TZeCl9q3Q_iWidkOPUGB8AMqXR3Xi4tDjJnZm7qRj_4laxrbPZJhbN-5nOvgsVFUYfS167Rw3BE=w64-h64-p,,37 HoneyWorks,,"1月 1, 1970",3981024,"39 37 HoneyWorks 1月 1, 1970 76 520 3,981,024"
2026-09-13,jp,Japan,top_artists_weekly,,40,https://lh3.googleusercontent.com/UubMNuEa_BkqSWVY0BC9gTqr8xU2ErWbwsgHlOdSW0PUpaVGsP2RY5Xiod-f87BRiiDR4zNz4yj4Stw=w64-h64-p,,1 Tatsuya Kitani,,"1月 1, 1970",3969956,"40 1 Tatsuya Kitani 1月 1, 1970 39 290 3,969,956"
2026-09-13,jp,Japan,top_artists_weekly,,41,https://yt3.googleusercontent.com/KFNsZgdH7VTdJOYTG_te-ZgXP6z-9kOG2zhGY6N33dQi4fJDcRHfyrh7Ii0tufk-zPZZMkyk11Uxj4E=w64-h64-p,,9 iLiFE!,,"1月 1, 1970",3961312,"41 9 iLiFE! 1月 1, 1970 32 124 3,961,312"
2026-09-13,jp,Japan,top_artists_weekly,,42,https://lh3.googleusercontent.com/lWalclWLirqnwIhMIMFP4j2E2TDZsDDD_McBXQiIvryxfhTWzHhlCR07QEaDzvZHXlLT07i2VCYh6aU=w64-h64-p,,● TWICE,,"1月 1, 1970",3944870,"42 ● TWICE 1月 1, 1970 42 520 3,944,870"
2026-09-13,jp,Japan,top_artists_weekly,,43,https://yt3.googleusercontent.com/vIq8oIOPHfoliwgy_oF6o14crQhlG_KVqU_uTZVUJhFWRLaippdlKc-7rzbJ1owYjGy1qNomra-FqQ=w64-h64-p,,44 Naniwa Danshi,,"1月 1, 1970",3923446,"43 44 Naniwa Danshi 1月 1, 1970 87 259 3,923,446"
2026-09-13,jp,Japan,top_artists_weekly,,44,https://lh3.googleusercontent.com/_8m-Vx-ogbnIzaJ1i2bMFO4st3nHdTazTWqnS8A6rbCiSalAFKQ-hvMoiZQ6psPimxSq4R8ZC9vyUsw=w64-h64-p,,3 FRUITS ZIPPER,,"1月 1, 1970",3881990,"44 3 FRUITS ZIPPER 1月 1, 1970 41 192 3,881,990"
2026-09-13,jp,Japan,top_artists_weekly,,45,https://yt3.googleusercontent.com/1uZ5Lw0UKgf_eX3jKOiJ7kjzswvv6iDqtSffSZAJiIZzjp0w9F71ym7XfZ8ZDHyi331XnwDUINyhrCHt=w64-h64-p,,5 natori,,"1月 1, 1970",3808934,"45 5 natori 1月 1, 1970 40 199 3,808,934"
2026-09-13,jp,Japan,top_artists_weekly,,46,https://yt3.googleusercontent.com/AdUi8PfGR9bZqg8kVAjNipwYj878Aj7WEx7bnym23sMXRcH33PtujdSOUhMKGQPchDnEEmMNmqEl0zMY=w64-h64-p,,● B'z,,"1月 1, 1970",3802106,"46 ● B'z 1月 1, 1970 46 494 3,802,106"
2026-09-13,jp,Japan,top_artists_weekly,,47,https://lh3.googleusercontent.com/x-Z35q6HsBB98J85-4oNqPnOen4pZBaNCpHawzf_ejs-pkgh6Eh3D2Fu7S1T4gEj0yWZ0c6DOAHCpA=w64-h64-p,,2 Michael Jackson,,"1月 1, 1970",3772970,"47 2 Michael Jackson 1月 1, 1970 49 381 3,772,970"
2026-09-13,jp,Japan,top_artists_weekly,,48,https://yt3.googleusercontent.com/3ur2xZzy95uPBvzBZUucsrjgJofjip-ANr4NYDsFpRTlumfohiXnZ-ytdZexDdn9w2O1xZjHMINwRA=w64-h64-p,,14 星街彗星,,"1月 1, 1970",3672810,"48 14 星街彗星 1月 1, 1970 62 273 3,672,810"
2026-09-13,jp,Japan,top_artists_weekly,,49,https://lh3.googleusercontent.com/lg8mvzBsVgeTWBu7D9oJ_75-k8mWAOZ_SFx1DU7ywuHegwL8LdsOkxzy-BHPNHUcF0zom5g4VTbk9w=w64-h64-p,,6 Creepy Nuts,,"1月 1, 1970",3663160,"49 6 Creepy Nuts 1月 1, 1970 43 325 3,663,160"
2026-09-13,jp,Japan,top_artists_weekly,,50,https://yt3.googleusercontent.com/b0ax28GgBEO8PaHOrZi0ANGfOk1geSb68048rw1As2UACUHczUYKkotWabwMAGoX2C8DL9MC9Flpgw=w64-h64-p,,12 aespa,,"1月 1, 1970",3633133,"50 12 aespa 1月 1, 1970 38 283 3,633,133"
2026-09-13,jp,Japan,top_artists_weekly,,51,https://yt3.googleusercontent.com/8YB2NaZiMvNlvdIEXdGSMfP-aTOHXAbdXy1hvZ_SVfXkTsKFy6YQlmnIk-aiDZ1ew7tNMhe3cPUow1g=w64-h64-p,,2 LE SSERAFIM,,"1月 1, 1970",3534157,"51 2 LE SSERAFIM 1月 1, 1970 53 226 3,534,157"
2026-09-13,jp,Japan,top_artists_weekly,,52,https://yt3.googleusercontent.com/CTlNJ4rc1kNOX16G5rnbepnffNLMedCX5OCq24D_n5OGKi9V856C3y5ip_UzPZnveSZOyf01cHTa5w=w64-h64-p,,2 乃木坂46,,"1月 1, 1970",3502804,"52 2 乃木坂46 1月 1, 1970 50 520 3,502,804"
2026-09-13,jp,Japan,top_artists_weekly,,53,https://lh3.googleusercontent.com/MSFM7A7hUA_NAbA67Qa5CL2Ox41_XEnxchy_0G3d6XbpiLidjmx7H22sUeyvt5AAQow5Az3o2cd3FYY=w64-h64-p,,大無限樂團,,"1月 1, 1970",3446964,"53 New 大無限樂團 1月 1, 1970 - 1 3,446,964"
2026-09-13,jp,Japan,top_artists_weekly,,54,https://yt3.googleusercontent.com/qRYmWa5dzOlRoD8_uHIhsrAmwk8N9QiO7S_Rg3H4YyemB3oN3661_3en_7q9eJ8gvuoZAR9v0iFX8HW1=w64-h64-p,,6 BABYMONSTER,,"1月 1, 1970",3419170,"54 6 BABYMONSTER 1月 1, 1970 48 140 3,419,170"
2026-09-13,jp,Japan,top_artists_weekly,,55,https://lh3.googleusercontent.com/R2HtsULSyP7slZeikrSkWkMOEOY65lRGqQZpTW5jdBItJBFQOVJJxysh_M_mOBXN9a23CELpRKd1rw=w64-h64-p,,4 濱崎步,,"1月 1, 1970",3417436,"55 4 濱崎步 1月 1, 1970 51 474 3,417,436"
2026-09-13,jp,Japan,top_artists_weekly,,56,https://lh3.googleusercontent.com/YlR237gdsn9O8-NEfmS5v9qCGJaoI6NvRXjnvMQbpSQ1qGmV2Ynutl5x3ZDkL4sgzZBMKDis1Ds-Vvw=w64-h64-p,,3 AKB48,,"1月 1, 1970",3408370,"56 3 AKB48 1月 1, 1970 59 520 3,408,370"
2026-09-13,jp,Japan,top_artists_weekly,,57,https://yt3.googleusercontent.com/1CD2qR5FS2_OA6lrXbKDJa0zTI5FHfhZIoOxWtujlgawuUQmtFyR3InDDbnscLHNmjMGLgSPBSJJSlo=w64-h64-p,,10 T.M.Revolution,,"1月 1, 1970",3381285,"57 10 T.M.Revolution 1月 1, 1970 47 343 3,381,285"
2026-09-13,jp,Japan,top_artists_weekly,,58,https://yt3.googleusercontent.com/ptM677YC2WeIgDQu7r8RtfPR78yDr0ERS3dZJjVcYtidt2vM1kFZssPdzXCICPbjq616Q7otW0w=w64-h64-p,,macaroni enpitsu,,,,macaroni enpitsu
2026-09-13,jp,Japan,top_artists_weekly,,59,https://yt3.googleusercontent.com/7qkC_FSg8hpMRHz-8Kn_meRqVrxUSG3EQtC760hwqcNtYF8KIRcgOQmjm_NyiEpclJIuwHncdp2K04bI=w64-h64-p,,4 西野加奈,,"1月 1, 1970",3189067,"59 4 西野加奈 1月 1, 1970 55 434 3,189,067"
2026-09-13,jp,Japan,top_artists_weekly,,60,https://yt3.googleusercontent.com/HCnuNnUDi2lo3UZ-nqhmjVCp3Az4KsnvCTB7OQkwmMdQR0Da-x1oHdVLRizN6_McI4RiGivPNQ=w64-h64-p,,6 初星學園,,"1月 1, 1970",3169812,"60 6 初星学園 1月 1, 1970 54 119 3,169,812"
2026-09-13,jp,Japan,top_artists_weekly,,61,https://lh3.googleusercontent.com/4LiDl59l0xi25IQZ5ncACpf72QlYPlxUlE2OuyqCTqSiUHeBQsIK0H3FnYSVWVYNw2AkunEgS4g2O3U=w64-h64-p,,23 Motoki Ohmori,,"1月 1, 1970",3107526,"61 23 Motoki Ohmori 1月 1, 1970 84 43 3,107,526"
2026-09-13,jp,Japan,top_artists_weekly,,62,https://yt3.googleusercontent.com/fevpBaJ3Tfkjzw8Q0QLsnD1IDK6Lejkr2O7BZxoh9641EG_yYJqP1vnqP--NFlj8BukTQ6W_LeToWMUz=w64-h64-p,,13 King & Prince,,"1月 1, 1970",3095855,"62 13 King & Prince 1月 1, 1970 75 301 3,095,855"
2026-09-13,jp,Japan,top_artists_weekly,,63,https://yt3.googleusercontent.com/ahanvzsO5q0DQGBI1WLXXyoXb-dqgX8tehQMLpd5-H2OSjYgeQPcUJoLT8Ol9iTvwOvW9oBcp4wpTlmF=w64-h64-p,,● ATEEZ,,"1月 1, 1970",3016162,"63 ● ATEEZ 1月 1, 1970 63 208 3,016,162"
2026-09-13,jp,Japan,top_artists_weekly,,64,https://yt3.googleusercontent.com/gxs1BLiEytlVHICd4elMBetHw8upUQQMD-kji2H25vtsWkqunHDwIka_pCZE4tqLJEgQuCa7O4ACGKOB=w64-h64-p,,20 星野源 Gen Hoshino,,"1月 1, 1970",2904368,"64 20 星野源 Gen Hoshino 1月 1, 1970 44 520 2,904,368"
2026-09-13,jp,Japan,top_artists_weekly,,65,https://yt3.googleusercontent.com/oukFYplmy_TqCHx1LDqQ4y9lKc034zUtswBeEvuKvAf7ywtDCzF93_I4fQjw6gZtQmCwIVT0f4JH2zgl=w64-h64-p,,5 GRe4N BOYZ,,"1月 1, 1970",2879457,"65 5 GRe4N BOYZ 1月 1, 1970 70 520 2,879,457"
2026-09-13,jp,Japan,top_artists_weekly,,66,https://yt3.googleusercontent.com/53xvIkeclH6_7AQZMYC3xsFBz7guPDHpEkBHf9l9qlzfbei8fW3dAGgGvdVwipiP40KMQC3c_7tcTA=w64-h64-p,,5 MAZZEL,,"1月 1, 1970",2873249,"66 5 MAZZEL 1月 1, 1970 61 155 2,873,249"
2026-09-13,jp,Japan,top_artists_weekly,,67,https://lh3.googleusercontent.com/ybI1ZK2Ia-Lvf-yi9Iptm2mOSHmPA3EBxnOBwvn6khU-ajjtXyk3jai_2w-DOXkkeeKfet0sS03pcQ=w64-h64-p,,2 IVE,,"1月 1, 1970",2825504,"67 2 IVE 1月 1, 1970 65 245 2,825,504"
2026-09-13,jp,Japan,top_artists_weekly,,68,https://yt3.googleusercontent.com/KSdX9T2fmIBWLfKyzqurzfjEb4jVWVnb-bdvW9oGqLkHZVakkMcOXymUGTgYSw63q1X4ui9wY-uWZUZY=w64-h64-p,,8 KomeAnime,,"1月 1, 1970",2824806,"68 8 KomeAnime 1月 1, 1970 60 10 2,824,806"
2026-09-13,jp,Japan,top_artists_weekly,,69,https://lh3.googleusercontent.com/l8WAJMXpC_FWfdXJbpDjndpmC5ZqXLsp0LB3d944wPnmu8w2J0ULUb1yPg247cjuRbMFbt988I-_7g=w64-h64-p,,● 初音未來,,"1月 1, 1970",2817355,"69 ● 初音未來 1月 1, 1970 69 333 2,817,355"
2026-09-13,jp,Japan,top_artists_weekly,,70,https://yt3.googleusercontent.com/jql1_3pYlqGA9W5vezxg9EeCmjOIDFeh4tjyWqS359ajMTZSyGeXIGxhdTmQ03D4pf4dCP7k-QP28Gc=w64-h64-p,,6 椎名林檎,,"1月 1, 1970",2781658,"70 6 椎名林檎 1月 1, 1970 64 520 2,781,658"
2026-09-13,jp,Japan,top_artists_weekly,,71,https://yt3.googleusercontent.com/ODIjwyh4gwGRyyrDepBPEsSvt8OmITJJHywLBmPzyxXQBb9DS16XPAVu2xSQqAwsugT14XAUbl2rLBVa=w64-h64-p,,4 Eve,,"1月 1, 1970",2763913,"71 4 Eve 1月 1, 1970 67 473 2,763,913"
2026-09-13,jp,Japan,top_artists_weekly,,72,https://lh3.googleusercontent.com/OzwMmm1531kSitAC-1Jsfq4I93ZYu9klXe72LjF9_utYGVceobX5HzT31cJVUCT0dauFc6GNW5xYDMM=w64-h64-p,,5 放浪兄弟,,"1月 1, 1970",2728744,"72 5 放浪兄弟 1月 1, 1970 77 520 2,728,744"
2026-09-13,jp,Japan,top_artists_weekly,,73,https://yt3.googleusercontent.com/VpHGL_Lj65iub3En8mKNtt4BVgqGWofyZLQ3dXo04el5K5tr_GsH9W8llLR6xf9KUTtubdiL5teiSV1K=w64-h64-p,,7 色情塗鴉,,"1月 1, 1970",2679868,"73 7 色情塗鴉 1月 1, 1970 66 304 2,679,868"
2026-09-13,jp,Japan,top_artists_weekly,,74,https://lh3.googleusercontent.com/4ULlRiFBFglNemZJyKn6_e2-iOIdJEbgBgq_79RQclndG6pge0yGgS2k2On6E1FkCJzenyHkHRzkvjFp=w64-h64-p,,1 Justin Bieber,,"1月 1, 1970",2653138,"74 1 Justin Bieber 1月 1, 1970 73 520 2,653,138"
2026-09-13,jp,Japan,top_artists_weekly,,75,https://yt3.googleusercontent.com/2pzJVZ86FS_xM-AEtbuPTrvZWtA7ha0l4xzn7UQZGcGLxz6kXxofK5Tr5PSLnQeRExqQ7JEIgN-SfhPd=w64-h64-p,,6 橘子新樂園,,"1月 1, 1970",2635072,"75 6 橘子新樂園 1月 1, 1970 81 291 2,635,072"
2026-09-13,jp,Japan,top_artists_weekly,,76,https://lh3.googleusercontent.com/rQOpztZCHP-ZYVuSRC008ssUaGWmPqc8kI7CbvU-CUvDO4vXIO4EMIwHuGU_YSZlqmEiVccTtUKh-_U=w64-h64-p,,3 桑田佳祐,,"1月 1, 1970",2537090,"76 3 桑田佳祐 1月 1, 1970 79 367 2,537,090"
2026-09-13,jp,Japan,top_artists_weekly,,77,https://lh3.googleusercontent.com/hnefGBrazRhn4Z92bdSZBUENl40ONjRiVDsmZKZh-WZ2iCKE-2c7KKR7SNcZfzLHoRyB3E6as8L87YA=w64-h64-p,,6 Bruno Mars,,"1月 1, 1970",2535748,"77 6 Bruno Mars 1月 1, 1970 83 517 2,535,748"
2026-09-13,jp,Japan,top_artists_weekly,,78,https://lh3.googleusercontent.com/Kgt8dACB22K0TQcz5FbCW0wppsrLWAq6-ZELNC4BbIDN8tVnXm9wtEmx8T9FZ4KVFGAZmAbOW4lxiQ=w64-h64-p,,4 決明子,,"1月 1, 1970",2534111,"78 4 決明子 1月 1, 1970 74 516 2,534,111"
2026-09-13,jp,Japan,top_artists_weekly,,79,https://yt3.googleusercontent.com/aHzyaUxFxX_LM0rr4fxgAiEHe_xqGKO_bmQVpvwKI8SBPAHIasQRdaztWnCFyM1ikUuyh_Woo45KbQQ=w64-h64-p,,TOMORROW X TOGETHER,,,,TOMORROW X TOGETHER
2026-09-13,jp,Japan,top_artists_weekly,,80,https://yt3.googleusercontent.com/X4IlIyw4Yjpl2qio5QA-uxj5vIa_EVSg5dyibJrmKcPrj0BKFcKYhKUTyacNbHaGHxP_zVYB3jv-Cv0=w64-h64-p,,23 BIGBANG,,"1月 1, 1970",2497275,"80 23 BIGBANG 1月 1, 1970 57 520 2,497,275"
2026-09-13,jp,Japan,top_artists_weekly,,81,https://yt3.googleusercontent.com/FsA5VE9qOZcayC8My-2TkBqtD4T-6lTS_WhfzybZtI98OKOruBN0rU1ltrm8zr0Ryhkq7UzMoHaH994=w64-h64-p,,10 aiko,,"1月 1, 1970",2495364,"81 10 aiko 1月 1, 1970 71 347 2,495,364"
2026-09-13,jp,Japan,top_artists_weekly,,82,https://yt3.googleusercontent.com/14Fua70fuRG1Oa9QB5QrW4f7dUawONpCSMVCRejoFLLMwcPv6CcJx1Ih0bUGQJ--FWTlmallsAsX15c=w64-h64-p,,82 CANDY TUNE,,"1月 1, 1970",2490447,"82 82 CANDY TUNE 1月 1, 1970 - 93 2,490,447"
2026-09-13,jp,Japan,top_artists_weekly,,83,https://lh3.googleusercontent.com/cG4CpMaBPIokpAVifx2Zgnita1H5Ktkj-a1txUg7vqm61fY5SAmMgTNRf52E9x5eYdwNelRPG2Kx7io=w64-h64-p,,83 澤野弘之,,"1月 1, 1970",2477956,"83 83 澤野弘之 1月 1, 1970 - 105 2,477,956"
2026-09-13,jp,Japan,top_artists_weekly,,84,https://yt3.googleusercontent.com/yVcNQW4uRZJZufIUes4rNRjgIXS-zhe36ScDaEVMf67FRoLdMO6qk1QfYB7sJRdNc1ncp9kGtqVti6I=w64-h64-p,,5 Aimer,,"1月 1, 1970",2476403,"84 5 Aimer 1月 1, 1970 89 505 2,476,403"
2026-09-13,jp,Japan,top_artists_weekly,,85,https://yt3.googleusercontent.com/vi5BFueuX-B2e6Q-SZdnnh-8bJ6bvY8-dWkaDIR-c_h-6OZRblLP9Uxubli3Fu7FhAlGTzMup3Pw4gs=w64-h64-p,,1 Uru,,"1月 1, 1970",2475329,"85 1 Uru 1月 1, 1970 86 358 2,475,329"
2026-09-13,jp,Japan,top_artists_weekly,,86,https://lh3.googleusercontent.com/ID8aWnuwinDVid_NMED6rJddozY87-7mzCODUDsTMPNeJuuZ79bRaAxoyZ2mSv5nfKzZx2xLn6S4f6s=w64-h64-p,,86 Kvi Baba,,"1月 1, 1970",2469932,"86 86 Kvi Baba 1月 1, 1970 - 108 2,469,932"
2026-09-13,jp,Japan,top_artists_weekly,,87,https://yt3.googleusercontent.com/qAnTtRhCiEeRsjQrw8kQLV8KQS7afKzg7WP9gYqomVCWebovPRg8aXJeABTRWGfKjVrUFHm_zDEjjqo=w64-h64-p,,2 Novelbright,,"1月 1, 1970",2454920,"87 2 Novelbright 1月 1, 1970 85 303 2,454,920"
2026-09-13,jp,Japan,top_artists_weekly,,88,https://lh3.googleusercontent.com/ZxAd98gwuac5Wg5a40DvhY2yozgvgcZ1RfZpSukW_-CDyrjP6RkInQZvh0U7HfW3dYCJu-0whsqzsoqP=w64-h64-p,,8 永遠是深夜有多好。,,"1月 1, 1970",2433401,"88 8 永遠是深夜有多好。 1月 1, 1970 80 412 2,433,401"
2026-09-13,jp,Japan,top_artists_weekly,,89,https://lh3.googleusercontent.com/S6gf-tLp8W8UOZUxja_WnV8ra1kJibpTdvtKrw7PzK2Imcz1Y6viOR5x58JqxkXDD-_P45fPZ906ozcm=w64-h64-p,,2 彩虹樂團,,"1月 1, 1970",2396703,"89 2 彩虹樂團 1月 1, 1970 91 332 2,396,703"
2026-09-13,jp,Japan,top_artists_weekly,,90,https://lh3.googleusercontent.com/oyyrgmsb8xOsXLT0dj8p_88BQUTHeDiKZzAvKBTLfMKDf4ZgdmwEF61UOEGandgRPAjBAfv5pJEjdBc=w64-h64-p,,12 清水翔太,,"1月 1, 1970",2337861,"90 12 清水翔太 1月 1, 1970 78 449 2,337,861"
2026-09-13,jp,Japan,top_artists_weekly,,91,https://yt3.googleusercontent.com/xD79BCfOzR54zBmoHE9kGWmzDqUOpdAL87kLqne1xbYTgJeRElkcv1mE5l6884xG58FYvGxEMc0NQxk8=w64-h64-p,,91 日向坂46,,"1月 1, 1970",2325899,"91 91 日向坂46 1月 1, 1970 - 377 2,325,899"
2026-09-13,jp,Japan,top_artists_weekly,,92,https://lh3.googleusercontent.com/9k1ddRWjrcNRpAhN3NB0aPl2Qm-quRNbth3AjKnuWCNuDq2ysUhq-IZ5FNgtjXvAIK7ktcGw8epiUnA=w64-h64-p,,92 生物股長,,"1月 1, 1970",2291332,"92 92 生物股長 1月 1, 1970 - 377 2,291,332"
2026-09-13,jp,Japan,top_artists_weekly,,93,https://lh3.googleusercontent.com/95M4eaWtjjxSu5aS0BCk91t2DxQCoUcuhFp5ese4OMF3OqBibb3h9fYq1dHCWPsmXY3S4ZmlEZowtOo=w64-h64-p,,25 Iyowa,,"1月 1, 1970",2276220,"93 25 Iyowa 1月 1, 1970 68 240 2,276,220"
2026-09-13,jp,Japan,top_artists_weekly,,94,https://yt3.googleusercontent.com/K-LPPO85ngDVoz2xNSgQgyLS8zP58d1uDDi27WKawaSq-kR_NJtyS4YEu626otTdgt1DFenZoD2K5-M=w64-h64-p,,4 tuki.,,"1月 1, 1970",2263428,"94 4 tuki. 1月 1, 1970 90 152 2,263,428"
2026-09-13,jp,Japan,top_artists_weekly,,95,https://yt3.googleusercontent.com/qx--jAlkO6Er4cDEC65Mrg-oQ4vB_l5w1J6vkbH80eHLrWz2AC4HSdvQ6P_kDT3HRMFJgz1ST-wOeQ=w64-h64-p,,37 ENHYPEN,,"1月 1, 1970",2262447,"95 37 ENHYPEN 1月 1, 1970 58 288 2,262,447"
2026-09-13,jp,Japan,top_artists_weekly,,96,https://lh3.googleusercontent.com/21uZt1vskh1jRS1A4CyaGDslIx_7KgsDKtun3hETbNc16DJTmMhMxnQrurDDSMRZ26eOdyFmiE3CFD4=w64-h64-p,,96 ONE N' ONLY,,"1月 1, 1970",2217627,"96 96 ONE N' ONLY 1月 1, 1970 - 21 2,217,627"
2026-09-13,jp,Japan,top_artists_weekly,,97,https://lh3.googleusercontent.com/7ay6DhFyPuO7meT2xGG0bCfOIgcLNbw_EgrQ_Ulj8MabXCwF4r5izHm4J8KP74EDGFjT5uVFmx0hqjiQ=w64-h64-p,,9 LANA,,"1月 1, 1970",2199789,"97 9 LANA 1月 1, 1970 88 186 2,199,789"
2026-09-13,jp,Japan,top_artists_weekly,,98,https://lh3.googleusercontent.com/3T40TJNQtp93bsk_WcAveCLLEKuBHLKoyYVuS9Z505pnQncW3RetNBz0Wdb2Yc_aloHuLYpdegVY2wg=w64-h64-p,,16 Rokudenashi,,"1月 1, 1970",2194663,"98 16 Rokudenashi 1月 1, 1970 82 242 2,194,663"
2026-09-13,jp,Japan,top_artists_weekly,,99,https://yt3.googleusercontent.com/y8QIWhB18u-AKspLmI1B_gKMe0Q3pADSH2rpBPEzurfLhe1hi12lW7yRnewK71JgAVaV0TBkny7GCg=w64-h64-p,,2 SUPER BEAVER,,"1月 1, 1970",2175607,"99 2 SUPER BEAVER 1月 1, 1970 97 293 2,175,607"
2026-09-13,jp,Japan,top_artists_weekly,,100,https://yt3.googleusercontent.com/bbHVBA0DAkZBUIGb2CRn2Y3-osMedJH3DAhYaEjw803_scG3sydS2YlxB0eMYIGuNGA-FXExKiDXxYRj=w64-h64-p,,4 Hey! Say! JUMP,,"1月 1, 1970",2155990,"100 4 Hey! Say! JUMP 1月 1, 1970 96 325 2,155,990"
2026-09-13,kr,South Korea,top_artists_weekly,,1,https://yt3.googleusercontent.com/X4IlIyw4Yjpl2qio5QA-uxj5vIa_EVSg5dyibJrmKcPrj0BKFcKYhKUTyacNbHaGHxP_zVYB3jv-Cv0=w64-h64-p,,● BIGBANG,,"1月 1, 1970",16026116,"1 ● BIGBANG 1月 1, 1970 1 520 16,026,116"
2026-09-13,kr,South Korea,top_artists_weekly,,2,https://yt3.googleusercontent.com/FZA-rWIvn9keS8iE50HqS4SIMpSRBkcht4r2Cp_gw1qndscJfo_X8qbcwEETVdlMLQoQWlkC6A=w64-h64-p,,● RESCENE,,"1月 1, 1970",12649702,"2 ● RESCENE 1月 1, 1970 2 44 12,649,702"
2026-09-13,kr,South Korea,top_artists_weekly,,3,https://yt3.googleusercontent.com/b0ax28GgBEO8PaHOrZi0ANGfOk1geSb68048rw1As2UACUHczUYKkotWabwMAGoX2C8DL9MC9Flpgw=w64-h64-p,,● aespa,,"1月 1, 1970",10679925,"3 ● aespa 1月 1, 1970 3 303 10,679,925"
2026-09-13,kr,South Korea,top_artists_weekly,,4,https://yt3.googleusercontent.com/Zp1AXiMpha0AGn66ACzmfEirLXXdRWE2EFyjz5ZV3MbPtXxQxquEJcWBIxWM_pqtgXeDZFbpq9clP9rh=w64-h64-p,,● IU,,"1月 1, 1970",7594814,"4 ● IU 1月 1, 1970 4 520 7,594,814"
2026-09-13,kr,South Korea,top_artists_weekly,,5,https://lh3.googleusercontent.com/BKgJ2Qcko6lgLsnvB-URUnK2bgQ682OoJd7Dpa0829XrmIC40zfsFm74vNdmyaMBx8xUt-MHFwDIUUC9=w64-h64-p,,30 Jennie,,"1月 1, 1970",7166123,"5 30 Jennie 1月 1, 1970 35 199 7,166,123"
2026-09-13,kr,South Korea,top_artists_weekly,,6,https://lh3.googleusercontent.com/8rsLpP6VJjt-yTN8ZG5rY-qt2aCC-IYMWmVkk7qa8c5vrjO6zetKSgwO2QknHI3FtWl6Zannp2VsQ5o=w64-h64-p,,● 防彈少年團,,"1月 1, 1970",6571642,"6 ● 防彈少年團 1月 1, 1970 6 520 6,571,642"
2026-09-13,kr,South Korea,top_artists_weekly,,7,https://lh3.googleusercontent.com/tJDrURMn2saI3UzL-Vjm_HvjO2v-bwgOjxxvu64iLDcjwmIS3LPj0Mmr3spfnvakffODXwmARvizpHc=w64-h64-p,,2 DAY6,,"1月 1, 1970",6362064,"7 2 DAY6 1月 1, 1970 5 361 6,362,064"
2026-09-13,kr,South Korea,top_artists_weekly,,8,https://yt3.googleusercontent.com/FDpwAfFsiJkf5kXfe6BwaNPprL8DbJKJlSWqrgNJwRI7Im9pi8o4ykZPKVaw6iPtA92HL7N2LIGGQHi-=w64-h64-p,,1 Hearts2Hearts,,"1月 1, 1970",6218457,"8 1 Hearts2Hearts 1月 1, 1970 9 80 6,218,457"
2026-09-13,kr,South Korea,top_artists_weekly,,9,https://yt3.googleusercontent.com/5GYeWpGUtgi8tPkwqV_Nnq9ZiE6PhSCoRSrfpK1CIdfZkndV5fLHZ-c2g9rAGfdQ6bV81Wvlc8UMjw=w64-h64-p,,2 ILLIT,,"1月 1, 1970",6099683,"9 2 ILLIT 1月 1, 1970 7 128 6,099,683"
2026-09-13,kr,South Korea,top_artists_weekly,,10,https://lh3.googleusercontent.com/vlrd9k5iT95pwSogX1j_leI6PjzKb3MBFdBjXG7yRuTH8E1zXQiXxcAC3Tt3eLuh1v4Y8OdA41l3mQ=w64-h64-p,,2 太妍,,"1月 1, 1970",5923201,"10 2 太妍 1月 1, 1970 8 520 5,923,201"
2026-09-13,kr,South Korea,top_artists_weekly,,11,https://yt3.googleusercontent.com/JGuyhWDGT1TMJOTXUKCbFZo6ZRHqxXyvTmUXnMVfVx36fhTLM_SLHOn7a2y1mgX_E9ep2dQlepGWgKEE=w64-h64-p,,2 NewJeans,,"1月 1, 1970",5760876,"11 2 NewJeans 1月 1, 1970 13 215 5,760,876"
2026-09-13,kr,South Korea,top_artists_weekly,,12,https://lh3.googleusercontent.com/ybI1ZK2Ia-Lvf-yi9Iptm2mOSHmPA3EBxnOBwvn6khU-ajjtXyk3jai_2w-DOXkkeeKfet0sS03pcQ=w64-h64-p,,2 IVE,,"1月 1, 1970",5734087,"12 2 IVE 1月 1, 1970 14 246 5,734,087"
2026-09-13,kr,South Korea,top_artists_weekly,,13,https://yt3.googleusercontent.com/ahanvzsO5q0DQGBI1WLXXyoXb-dqgX8tehQMLpd5-H2OSjYgeQPcUJoLT8Ol9iTvwOvW9oBcp4wpTlmF=w64-h64-p,,3 ATEEZ,,"1月 1, 1970",5626868,"13 3 ATEEZ 1月 1, 1970 16 191 5,626,868"
2026-09-13,kr,South Korea,top_artists_weekly,,14,https://lh3.googleusercontent.com/QF5_9GNj1eOdWzO2V9b26JhoLwNDG0PwOlbOdHlcyUHUAoSjRBrzHxodlLj6O-cj6mKLYN6tjRfZ6A=w64-h64-p,,2 G,Dragon,"1月 1, 1970",5558999,"14 2 G-Dragon 1月 1, 1970 12 473 5,558,999"
2026-09-13,kr,South Korea,top_artists_weekly,,15,https://yt3.googleusercontent.com/vvorNXsPToMlGPfVGHCqSweVlocpaXz1A7RuPvH9VsjYBkNY7KiUoxHIY70-h83cxgNaebx1jK2hTw=w64-h64-p,,● HANRORO,,"1月 1, 1970",5267183,"15 ● HANRORO 1月 1, 1970 15 85 5,267,183"
2026-09-13,kr,South Korea,top_artists_weekly,,16,https://yt3.googleusercontent.com/TGQyWO18oirRGnXs_ZK9yJPjEGytrNRjh_zOyKM82o0Q2OJu7pThQrISdEpCyYFhcwtb9SySOw_AS80P=w64-h64-p,,5 최유리,,"1月 1, 1970",5187059,"16 5 최유리 1月 1, 1970 21 208 5,187,059"
2026-09-13,kr,South Korea,top_artists_weekly,,17,https://yt3.googleusercontent.com/rvoJpoc0bOs8cIpf3Lcf7zB8aPZpMbGtrTduAb2o7RI6ADokPbgR64iMA5P7dwu6LLDgg6HCz_hEww=w64-h64-p,,2 米津玄師,,"1月 1, 1970",5182939,"17 2 米津玄師 1月 1, 1970 19 432 5,182,939"
2026-09-13,kr,South Korea,top_artists_weekly,,18,https://yt3.googleusercontent.com/SgUTzppQKrt5yd9GvEpht10nYItnoc4lK9Dkey7RTiv7Mwn6GyPws2XAMZBKCoGFts61E8qWspw04Tc=w64-h64-p,,7 臉紅的思春期,,"1月 1, 1970",5127068,"18 7 臉紅的思春期 1月 1, 1970 11 520 5,127,068"
2026-09-13,kr,South Korea,top_artists_weekly,,19,https://yt3.googleusercontent.com/y84Odvyhm7srfLjYI4hqsC1QhD0lg_t4pINDQYo-Avqt5P4vSWdfoiVQAw9pyLRZM7xRbsukt_L4HSI=w64-h64-p,,8 조선힙합,,"1月 1, 1970",4933563,"19 8 조선힙합 1月 1, 1970 27 18 4,933,563"
2026-09-13,kr,South Korea,top_artists_weekly,,20,https://yt3.googleusercontent.com/tiRbL3TcPpr8k8sCMXvY23O3cP4cuAtOWWKW1RDzgrve49YAsGrfiKcLjmQQueG1RQroVLXxfb_vHgSA=w64-h64-p,,2 KiiiKiii,,"1月 1, 1970",4926730,"20 2 KiiiKiii 1月 1, 1970 18 74 4,926,730"
2026-09-13,kr,South Korea,top_artists_weekly,,21,https://lh3.googleusercontent.com/QV3eiQ6OrS4on7zqtZH-zFE-EWedlR2cZ_SfVf11EuWLCnoMH2V0upKyo3nyjWUsxkKRlczvP0qbi5k=w64-h64-p,,1 任英雄,,"1月 1, 1970",4925360,"21 1 任英雄 1月 1, 1970 22 344 4,925,360"
2026-09-13,kr,South Korea,top_artists_weekly,,22,https://yt3.googleusercontent.com/2IbO6drTOO1y5I4tDPqS5nafZmV0Z54g0YxU32RnLjc0vvYlzH1-c522X0c784WaR9hs9YIDr9yhHKfT=w64-h64-p,,12 CORTIS,,"1月 1, 1970",4792224,"22 12 CORTIS 1月 1, 1970 10 52 4,792,224"
2026-09-13,kr,South Korea,top_artists_weekly,,23,https://lh3.googleusercontent.com/tR8TIRW1vKuRvCe1NhJCRuqcRIkkn5rsO4-5Zbu3YCMlGI9WxcwkIihkyG5iEST_g6kU3_CAKe_AtX7g=w64-h64-p,,1 成始璄,,"1月 1, 1970",4714418,"23 1 成始璄 1月 1, 1970 24 425 4,714,418"
2026-09-13,kr,South Korea,top_artists_weekly,,24,https://yt3.googleusercontent.com/TNnFci23QIBlM-ERYk2Cdq8NYGTisa5Lb1BdZ1FrWhyKITYn8WaBnmCzT6_BXnjbJOTRGLjlP170Q9A=w64-h64-p,,7 樂童音樂家,,"1月 1, 1970",4690703,"24 7 樂童音樂家 1月 1, 1970 17 520 4,690,703"
2026-09-13,kr,South Korea,top_artists_weekly,,25,https://yt3.googleusercontent.com/uOWGS551z_yJOQXy0TwLufmGfI3ZElTjah_GNAP5cKQJrYDMzMGcu6qjy7_LWTj0-Uw3RXnKxFvADRw=w64-h64-p,,● Roy Kim,,"1月 1, 1970",4566078,"25 ● Roy Kim 1月 1, 1970 25 397 4,566,078"
2026-09-13,kr,South Korea,top_artists_weekly,,26,https://yt3.googleusercontent.com/8YB2NaZiMvNlvdIEXdGSMfP-aTOHXAbdXy1hvZ_SVfXkTsKFy6YQlmnIk-aiDZ1ew7tNMhe3cPUow1g=w64-h64-p,,6 LE SSERAFIM,,"1月 1, 1970",4422052,"26 6 LE SSERAFIM 1月 1, 1970 32 226 4,422,052"
2026-09-13,kr,South Korea,top_artists_weekly,,27,https://yt3.googleusercontent.com/0dL9FuQBubtYMwvWl_9iwpQajGiePSSzyLiSAeiZWQ7424Apiw_5AVgA79wASJSDH1BUzPQb6_UNsAue=w64-h64-p,,3 M.C THE MAX,,"1月 1, 1970",4340130,"27 3 M.C THE MAX 1月 1, 1970 30 520 4,340,130"
2026-09-13,kr,South Korea,top_artists_weekly,,28,https://yt3.googleusercontent.com/odS1Noa7WakAy6iYIsLBWc3JKCiopzbkiVEMG5Ynfo_Nu20RpVmK0L7A-cdwauzsoFvn-IMACMXE6kU=w64-h64-p,,8 PSY,,"1月 1, 1970",4290421,"28 8 PSY 1月 1, 1970 20 520 4,290,421"
2026-09-13,kr,South Korea,top_artists_weekly,,29,https://yt3.ggpht.com/ytc/AIdro_mdUqminP1Y1IUB-D17KRzsGK-AAfkggI9Z0qIX8pEwyQ=w64-h64-p,,3 MC夢,,"1月 1, 1970",4242418,"29 3 MC夢 1月 1, 1970 26 373 4,242,418"
2026-09-13,kr,South Korea,top_artists_weekly,,30,https://lh3.googleusercontent.com/pvJ1n3OBNXcz80KquAr-BY3ZRpp4Vfv8IHBk1SHBkJPF6eGhYJqaO3H5meVIQwb-BTOv0VsckNtPow=w64-h64-p,,7 BLACKPINK,,"1月 1, 1970",4176750,"30 7 BLACKPINK 1月 1, 1970 23 520 4,176,750"
2026-09-13,kr,South Korea,top_artists_weekly,,31,https://lh3.googleusercontent.com/0Q1iP7daiaFHnZLaDYg0JcjBB2zhkGwpLQCTg896kquelzl0JheKtumb3a78cv137dVnjlXnmS7Vbi8=w64-h64-p,,3 Davichi,,"1月 1, 1970",4095740,"31 3 Davichi 1月 1, 1970 28 520 4,095,740"
2026-09-13,kr,South Korea,top_artists_weekly,,32,https://yt3.googleusercontent.com/5ZgLGLcyMcxpukInl4_-ipWzakXUE-vFQyMfTYA-X9iJ4k3GpYG_9hyozUo1jOjPVgcVQfyfIuyI9A=w64-h64-p,,1 fromis_9,,"1月 1, 1970",4044350,"32 1 fromis_9 1月 1, 1970 33 322 4,044,350"
2026-09-13,kr,South Korea,top_artists_weekly,,33,https://lh3.googleusercontent.com/VAc3fPHGLP7MurNQcQotyZFFWrG45cDzmqVymK3asHOC4K17aQWdRhHq7DUD-B0Bv2LiXYqpL97RkBU=w64-h64-p,,2 Epik High,,"1月 1, 1970",3954965,"33 2 Epik High 1月 1, 1970 31 432 3,954,965"
2026-09-13,kr,South Korea,top_artists_weekly,,34,https://yt3.googleusercontent.com/Z5sqVB4KSb_1F-MFVBUQ4Y153k-XVNeUmX-DHMhbVctrx4vKM8jZ7SLTsz8Yv1mMODcj6D3I_0qG6j5V=w64-h64-p,,5 Red Velvet,,"1月 1, 1970",3737793,"34 5 Red Velvet 1月 1, 1970 29 520 3,737,793"
2026-09-13,kr,South Korea,top_artists_weekly,,35,https://lh3.googleusercontent.com/wDx5-7NMG4rQSD8j5MEBcUnZmYvCxbs1cA7CnsW32Ljegc9f0WnSo-jD_6I1FSCU0RPBf47xGdyiXIU=w64-h64-p,,3 Leellamarz,,"1月 1, 1970",3708616,"35 3 Leellamarz 1月 1, 1970 38 375 3,708,616"
2026-09-13,kr,South Korea,top_artists_weekly,,36,https://lh3.googleusercontent.com/4ULlRiFBFglNemZJyKn6_e2-iOIdJEbgBgq_79RQclndG6pge0yGgS2k2On6E1FkCJzenyHkHRzkvjFp=w64-h64-p,,2 Justin Bieber,,"1月 1, 1970",3680948,"36 2 Justin Bieber 1月 1, 1970 34 472 3,680,948"
2026-09-13,kr,South Korea,top_artists_weekly,,37,https://yt3.googleusercontent.com/22FOVr8D5Kq9y2l2sUDKW5X5s0W_axG7_sDhQVzxDGEXBMNjhwzvhs10BI3UoA1focajEeTPqZ2jNW9D=w64-h64-p,,1 Stray Kids,,"1月 1, 1970",3544319,"37 1 Stray Kids 1月 1, 1970 36 300 3,544,319"
2026-09-13,kr,South Korea,top_artists_weekly,,38,https://yt3.googleusercontent.com/xnSfx4u7jPLYakQpgcxduZyIiNEHgMgQDijA1hkYsorkD54rjLJS_jcnHHjypRK4rwxaAfZ_kO9bpZw=w64-h64-p,,1 NMIXX,,"1月 1, 1970",3411074,"38 1 NMIXX 1月 1, 1970 37 237 3,411,074"
2026-09-13,kr,South Korea,top_artists_weekly,,39,https://yt3.googleusercontent.com/beJAMRm4Fei9DIYc0_Fnyg8zTRHf122p5xmKRd18Bsl0B_usth9jw31aW0JVtdJbmM6nfCgv64nvs9Y=w64-h64-p,,● Official髭男dism,,"1月 1, 1970",3378723,"39 ● Official髭男dism 1月 1, 1970 39 291 3,378,723"
2026-09-13,kr,South Korea,top_artists_weekly,,40,https://lh3.googleusercontent.com/AEO71FV1VZcoldVni1KJu6EH5mDis7vhqIC85FHJhAIkHeXJU_ZDUzmvW_4kCOLnLjGRpwqCRL8BOtg=w64-h64-p,,"● Car, the garden",,"1月 1, 1970",3354484,"40 ● Car, the garden 1月 1, 1970 40 294 3,354,484"
2026-09-13,kr,South Korea,top_artists_weekly,,41,https://yt3.googleusercontent.com/HhewRwaNXMj-O1EAQNnVXER1TeEc464OcpKh1gBwz4g056ikEqvvLQkRVIfm8UcXJZXO66IhNr2qGNA=w64-h64-p,,Mrs. GREEN APPLE,,,,Mrs. GREEN APPLE
2026-09-13,kr,South Korea,top_artists_weekly,,42,https://lh3.googleusercontent.com/lWalclWLirqnwIhMIMFP4j2E2TDZsDDD_McBXQiIvryxfhTWzHhlCR07QEaDzvZHXlLT07i2VCYh6aU=w64-h64-p,,1 TWICE,,"1月 1, 1970",3244457,"42 1 TWICE 1月 1, 1970 43 520 3,244,457"
2026-09-13,kr,South Korea,top_artists_weekly,,43,https://yt3.googleusercontent.com/ZRDHKHee7nFOnQsUBcpgWxVkcpC3eQJVkpd36L36hFkStsmWS9noVtyjnEoKiPSfUSU1NCXtb4pRDvW6=w64-h64-p,,5 BIG Naughty,,"1月 1, 1970",3201704,"43 5 BIG Naughty 1月 1, 1970 48 289 3,201,704"
2026-09-13,kr,South Korea,top_artists_weekly,,44,https://yt3.googleusercontent.com/yUNsawVxcmhpm8rvZ-ALjXzgWVcpcKzlsNy8im2GcV5WgYzb1SmL9fd0Yx5tJmQc4bxl5CQzg5vk3g=w64-h64-p,,● 黑裙子,,"1月 1, 1970",3077917,"44 ● 黑裙子 1月 1, 1970 44 291 3,077,917"
2026-09-13,kr,South Korea,top_artists_weekly,,45,https://lh3.googleusercontent.com/hnefGBrazRhn4Z92bdSZBUENl40ONjRiVDsmZKZh-WZ2iCKE-2c7KKR7SNcZfzLHoRyB3E6as8L87YA=w64-h64-p,,10 Bruno Mars,,"1月 1, 1970",3032982,"45 10 Bruno Mars 1月 1, 1970 55 491 3,032,982"
2026-09-13,kr,South Korea,top_artists_weekly,,46,https://yt3.googleusercontent.com/qRYmWa5dzOlRoD8_uHIhsrAmwk8N9QiO7S_Rg3H4YyemB3oN3661_3en_7q9eJ8gvuoZAR9v0iFX8HW1=w64-h64-p,,4 BABYMONSTER,,"1月 1, 1970",2999187,"46 4 BABYMONSTER 1月 1, 1970 42 147 2,999,187"
2026-09-13,kr,South Korea,top_artists_weekly,,47,https://lh3.googleusercontent.com/DwgTrAJOIrJ87SSPLTixftV_xG4ZXgerAxxX9-ipiJV9nNg7ySVq00Tebt7_cJt_1ThdeHddsi3j8w=w64-h64-p,,2 高潤荷,,"1月 1, 1970",2972379,"47 2 高潤荷 1月 1, 1970 45 342 2,972,379"
2026-09-13,kr,South Korea,top_artists_weekly,,48,https://lh3.googleusercontent.com/liO8Xten5F4JnAV-nlPIoQ-i9kEBDftfy1glTb9VOGbnU-aTkq3Lm7f60d0dJUPafVONnKjUePN9MlSi=w64-h64-p,,7 許閣,,"1月 1, 1970",2926873,"48 7 許閣 1月 1, 1970 41 418 2,926,873"
2026-09-13,kr,South Korea,top_artists_weekly,,49,https://yt3.googleusercontent.com/0-1WYYEgttg0Sv1Hfn-WBta2R-PKeABFMmWnW13OXMyYoaaAJ8TXEB0bI4xKbIrz472cBaoXEwwBN1E=w64-h64-p,,30 少女時代,,"1月 1, 1970",2920562,"49 30 少女時代 1月 1, 1970 79 518 2,920,562"
2026-09-13,kr,South Korea,top_artists_weekly,,50,https://lh3.googleusercontent.com/7h053aPNRHHjjer6SV22QM96AJjY6ckPXFz_UzGUIZEHl7jYIPcxfvirmN2KJDwCfG0XQS37-JJq-Lc=w64-h64-p,,3 N.Flying,,"1月 1, 1970",2919922,"50 3 N.Flying 1月 1, 1970 47 342 2,919,922"
2026-09-13,kr,South Korea,top_artists_weekly,,51,https://yt3.googleusercontent.com/ufS1qifPTVxSR1_xBz6F75iymu07Qdgplp0Qp3uJBWZuSrpgP6GWFkog-99E8bvH6o5xAmnzzNENskFZ=w64-h64-p,,2 YORUSHIKA,,"1月 1, 1970",2867728,"51 2 YORUSHIKA 1月 1, 1970 53 335 2,867,728"
2026-09-13,kr,South Korea,top_artists_weekly,,52,https://yt3.googleusercontent.com/smNHVIyENqUJFQZsl3kExsAdLNCECAn-hm8htXDNM44hIqJscoZrAPn7Xba0pC7-_uRf9aDvXtKTslnw=w64-h64-p,,6 이무진,,"1月 1, 1970",2846932,"52 6 이무진 1月 1, 1970 46 277 2,846,932"
2026-09-13,kr,South Korea,top_artists_weekly,,53,https://lh3.googleusercontent.com/7jtoYQ7CnV54IsLiKfp_of67XVPM459l6bHhZxUjNhaHyY1SvH4Hk_Fx5AlT5UOAeQXCrdZ13-Ofog=w64-h64-p,,2 Heize,,"1月 1, 1970",2826766,"53 2 Heize 1月 1, 1970 51 518 2,826,766"
2026-09-13,kr,South Korea,top_artists_weekly,,54,https://yt3.googleusercontent.com/kpqGubLM6PZ27VMIkDsYsOQ7jD-RtW9Fiaom6WM-9Klww17WQOfxBVPhLV289HvXskXDwgJi30biO2g=w64-h64-p,,4 Monday Kiz,,"1月 1, 1970",2781466,"54 4 Monday Kiz 1月 1, 1970 58 381 2,781,466"
2026-09-13,kr,South Korea,top_artists_weekly,,55,https://yt3.googleusercontent.com/_sZkdgyBOCBf5Bd0EJ0OvRkQbdADs18f0o2LNNEgKitHDXWf6TsaUXqDBQgYXICjx8nqcTqn4LwErMk=w64-h64-p,,TUIDE,,"1月 1, 1970",2692481,"55 New TUIDE 1月 1, 1970 - 1 2,692,481"
2026-09-13,kr,South Korea,top_artists_weekly,,56,https://lh3.googleusercontent.com/qrdSZHnxPWK_NUgffpW7suaA9u4SFmt9-5wJFEQMckEfovLoIG36q6-yjNY9QbqWZGDOzVd5Fcy-Qg=w64-h64-p,,7 ASH ISLAND,,"1月 1, 1970",2690406,"56 7 ASH ISLAND 1月 1, 1970 49 374 2,690,406"
2026-09-13,kr,South Korea,top_artists_weekly,,57,https://lh3.googleusercontent.com/9fiAS65PN6QanYAMlaRCuI5F7HjnwBBtZ6l0wIyhojdOarL0s6TK8as3ChwjTIFKjB5BQRr0YLSFcs4=w64-h64-p,,11 Seventeen,,"1月 1, 1970",2664545,"57 11 Seventeen 1月 1, 1970 68 520 2,664,545"
2026-09-13,kr,South Korea,top_artists_weekly,,58,https://yt3.googleusercontent.com/iYirgBJ2Y2j_F4YsO36tQvaMq_U8vNu7OEZrtw7nkQf1F2EpebfhflhXRfCEudebe3OTve13ZMZwYLU=w64-h64-p,,7 BOYNEXTDOOR,,"1月 1, 1970",2633693,"58 7 BOYNEXTDOOR 1月 1, 1970 65 140 2,633,693"
2026-09-13,kr,South Korea,top_artists_weekly,,59,https://lh3.googleusercontent.com/T2GJdH4Ny3VG0vL3J5t5wTe1RJVyIYpZciDb5C7rCpDozPmWj9LO7z0YAEG6UQm7nWKEJmDERa3DtN4=w64-h64-p,,1 LEE SUHYUN,,"1月 1, 1970",2607817,"59 1 LEE SUHYUN 1月 1, 1970 60 41 2,607,817"
2026-09-13,kr,South Korea,top_artists_weekly,,60,https://lh3.googleusercontent.com/RMmBWRZHMmmqdcqaXRT7-5LfS_JY1qTw_a54TxhFC2b1mWmAPqq1hTHYYtO23YoXqu6l-StTyaEbR1Vi=w64-h64-p,,6 WOODZ,,"1月 1, 1970",2606508,"60 6 WOODZ 1月 1, 1970 54 161 2,606,508"
2026-09-13,kr,South Korea,top_artists_weekly,,61,https://yt3.googleusercontent.com/OACRW0WLfJ3wTcnbh8912dg5iLMzROD_CpqgvPqn3_cfnKRfdxc_aN4ERkWFZtswHPPghRlcH5XwbksQ=w64-h64-p,,20 ITZY,,"1月 1, 1970",2589604,"61 20 ITZY 1月 1, 1970 81 395 2,589,604"
2026-09-13,kr,South Korea,top_artists_weekly,,62,https://lh3.googleusercontent.com/BQSdbipvaIB-nrez2UErTO2VsDN5yt5FZpj21RsuwT_GqsKNtbF9SkIkcyrgdWwXXxUT2F4AlUPit6Iu=w64-h64-p,,5 Jannabi,,"1月 1, 1970",2548662,"62 5 Jannabi 1月 1, 1970 57 389 2,548,662"
2026-09-13,kr,South Korea,top_artists_weekly,,63,https://yt3.googleusercontent.com/DU6Kpr5TYKcW6QHvMnsJau5_8QSuix8LCLtf5UEaziZZdXw8SxvcxJ9YWmVIQuzhg2R-MVHYgjdGCQ=w64-h64-p,,2 Ariana Grande,,"1月 1, 1970",2510497,"63 2 Ariana Grande 1月 1, 1970 61 520 2,510,497"
2026-09-13,kr,South Korea,top_artists_weekly,,64,https://yt3.googleusercontent.com/WqU2rnUBkvpQfwqoV_5LHk3s25BpGZEnQ1c55cUdh7Dg3lXLcUT7RIhWCKqIHnM8yUa8bZsAfgD0JA=w64-h64-p,,3 10cm,,"1月 1, 1970",2491473,"64 3 10cm 1月 1, 1970 67 110 2,491,473"
2026-09-13,kr,South Korea,top_artists_weekly,,65,https://lh3.googleusercontent.com/WWqbec4-LeFuLEkcOb0w4ApPgzW48pnIvPzsC2m96fHhV_M-UCPGmlFPUvq6fEVyTfzd9fLfqrPZniw=w64-h64-p,,6 Crush,,"1月 1, 1970",2488439,"65 6 Crush 1月 1, 1970 59 493 2,488,439"
2026-09-13,kr,South Korea,top_artists_weekly,,66,https://yt3.googleusercontent.com/45VWuXrGRczeqEX2jDY055PxFqyv26WYM4gnQa2gKPoTdzv6MHjbYICAotwBslFJ5ymEA3Bu6zGiA1M=w64-h64-p,,● 樑洪元,,"1月 1, 1970",2462967,"66 ● 樑洪元 1月 1, 1970 66 423 2,462,967"
2026-09-13,kr,South Korea,top_artists_weekly,,67,https://yt3.googleusercontent.com/yFyXnT-mFmZ9VSn7ntUFF6A1-vcYblcwvLd3QghQkwjroWeHdY31z4KkM4to186YkWo-VlfSHt2YwfE=w64-h64-p,,5 (G)I,DLE,"1月 1, 1970",2443549,"67 5 (G)I-DLE 1月 1, 1970 62 427 2,443,549"
2026-09-13,kr,South Korea,top_artists_weekly,,68,https://lh3.googleusercontent.com/j-EHja6RVaZb09V_6W-T_wNg2FweDAC-Tau25rGIRetUOYEakNPOk-hiKZZglG_EvnHcj7sYVZnhCUg=w64-h64-p,,4 TOIL,,"1月 1, 1970",2427477,"68 4 TOIL 1月 1, 1970 72 291 2,427,477"
2026-09-13,kr,South Korea,top_artists_weekly,,69,https://lh3.googleusercontent.com/5i_H4S_ZAw1A1qVNwXt6Gkl7mHoYe5AJi3gmZk2jeU9h92wTQeYtSrYA7TP_yAZjWf9Hg5y1hDsahfw=w64-h64-p,,5 Changmo,,"1月 1, 1970",2424945,"69 5 Changmo 1月 1, 1970 64 481 2,424,945"
2026-09-13,kr,South Korea,top_artists_weekly,,70,https://yt3.googleusercontent.com/qx--jAlkO6Er4cDEC65Mrg-oQ4vB_l5w1J6vkbH80eHLrWz2AC4HSdvQ6P_kDT3HRMFJgz1ST-wOeQ=w64-h64-p,,20 ENHYPEN,,"1月 1, 1970",2406607,"70 20 ENHYPEN 1月 1, 1970 50 233 2,406,607"
2026-09-13,kr,South Korea,top_artists_weekly,,71,https://lh3.googleusercontent.com/sWTAXhCq8-ssAt4dphR6i2BYzW-7yQKF7XYNpnB23nw0rScB8QT8W9OoREdXTTbp8czYq6MYkSq9aw=w64-h64-p,,5 Sik,K,"1月 1, 1970",2400033,"71 5 Sik-K 1月 1, 1970 76 434 2,400,033"
2026-09-13,kr,South Korea,top_artists_weekly,,72,https://yt3.googleusercontent.com/K-LPPO85ngDVoz2xNSgQgyLS8zP58d1uDDi27WKawaSq-kR_NJtyS4YEu626otTdgt1DFenZoD2K5-M=w64-h64-p,,8 tuki.,,"1月 1, 1970",2379476,"72 8 tuki. 1月 1, 1970 80 131 2,379,476"
2026-09-13,kr,South Korea,top_artists_weekly,,73,https://yt3.googleusercontent.com/6tVLgr3lqZDwLEUDTy4X59k33CGTs8Dx512bz9baY88mnIhzU_QJHi-_41RFd-g4ndW7U0vsYrM=w64-h64-p,,2 Han Yo,han,"1月 1, 1970",2362329,"73 2 Han Yo-han 1月 1, 1970 71 366 2,362,329"
2026-09-13,kr,South Korea,top_artists_weekly,,74,https://lh3.googleusercontent.com/CQsRy1zh3g9OO8FKdo-6eywznYfzuabV5rWmRpcY9tLphiCDsMzcTMSB_SlhqKGhno0b1MlQ0TxU-VUv=w64-h64-p,,3 YENA,,"1月 1, 1970",2341917,"74 3 YENA 1月 1, 1970 77 230 2,341,917"
2026-09-13,kr,South Korea,top_artists_weekly,,75,https://lh3.googleusercontent.com/48LfK4z6o-CCEWgHQnQfg0ltcT9tbZSN0qjSh0FSJsJI5GF48j2-pH219ciG1ML-PI80ZGD4Vz6sjg=w64-h64-p,,12 Post Malone,,"1月 1, 1970",2339565,"75 12 Post Malone 1月 1, 1970 63 412 2,339,565"
2026-09-13,kr,South Korea,top_artists_weekly,,76,https://lh3.googleusercontent.com/KMGExuOMfcfWt1zjU6gwYEM_YdDF_eFw0ZrTyMLRUaD_m-MQ-cYvOD5fHsLDKeSU3G1KrDWwDqWqDQ=w64-h64-p,,7 T,ara,"1月 1, 1970",2334937,"76 7 T-ara 1月 1, 1970 69 65 2,334,937"
2026-09-13,kr,South Korea,top_artists_weekly,,77,https://lh3.googleusercontent.com/U-SAmNOu4TynE818gLCfKsuHZ0U5YNEtO9mrjSI9WCCKERs98LzrCal5kajBBTQNwdcisoB2Bn-pHp4=w64-h64-p,,6 The Weeknd,,"1月 1, 1970",2324795,"77 6 The Weeknd 1月 1, 1970 83 376 2,324,795"
2026-09-13,kr,South Korea,top_artists_weekly,,78,https://yt3.googleusercontent.com/ZnLM500kaCt9lNqlzi7Xp0o5sJFedvJTJJ-hhDIOkeF9di3jkwK0iF-CpI5byxgramcGAkRP9Dg38Q=w64-h64-p,,9 EXO,,"1月 1, 1970",2309875,"78 9 EXO 1月 1, 1970 87 520 2,309,875"
2026-09-13,kr,South Korea,top_artists_weekly,,79,https://yt3.googleusercontent.com/JzbVH7JcvKvG4yoSw0hLws2b0eG_AiEaRFWNNFzFQ48OIbSJ4oO_Nt26xTFxX7BwxMkhNwTJpw=w64-h64-p,,피아워십 F.I.A WORSHIP,,,,피아워십 F.I.A WORSHIP
2026-09-13,kr,South Korea,top_artists_weekly,,80,https://yt3.googleusercontent.com/JSr1fuJqoaRVL7_93SuqdZlVGZI0XjyNNIXEnZgkt7ZfWANDb6RF_B5A_Gusviz6h6yCJ24_62cuIKc=w64-h64-p,,7 樸彩英,,"1月 1, 1970",2289387,"80 7 朴彩英 1月 1, 1970 73 161 2,289,387"
2026-09-13,kr,South Korea,top_artists_weekly,,81,https://yt3.googleusercontent.com/VPV1POL4L7asBOh7eawrA59Y3Vk9ksIWUHtoQij9iVl0_ZEDdG1y1Mb8ejYKyZ2txGIQIXg7GbrPWhiM=w64-h64-p,,3 白藝潾,,"1月 1, 1970",2274612,"81 3 白藝潾 1月 1, 1970 84 391 2,274,612"
2026-09-13,kr,South Korea,top_artists_weekly,,82,https://yt3.googleusercontent.com/os2FMvkCsKKDjxdPVkFLJaJvm5hs4r5ABlsjFZf6hwPDTP-_0EMzTLbmaOkLViojBx0yyFgSPLinhkg=w64-h64-p,,8 QWER,,"1月 1, 1970",2260532,"82 8 QWER 1月 1, 1970 74 149 2,260,532"
2026-09-13,kr,South Korea,top_artists_weekly,,83,https://yt3.googleusercontent.com/eE4NdQKYk3IWpJVDjIR22kIoP45S8z_sl_QXLdZr850GojWzTc6ue3uWmHZ-YI4vEMzX_PDzbprVcA=w64-h64-p,,13 I.O.I,,"1月 1, 1970",2258612,"83 13 I.O.I 1月 1, 1970 70 137 2,258,612"
2026-09-13,kr,South Korea,top_artists_weekly,,84,https://yt3.googleusercontent.com/8BbiNyyI7TOxlf0x0R-4JZB8x7cw-ML-yOjF8QW8rHSrViZacf-AqD-eqg2ccvbYr5C9URAa_vTJI3k=w64-h64-p,,7 YOASOBI,,"1月 1, 1970",2243401,"84 7 YOASOBI 1月 1, 1970 91 291 2,243,401"
2026-09-13,kr,South Korea,top_artists_weekly,,85,https://lh3.googleusercontent.com/Wqr_bvGshelPD-n5OohFA1Au6r130npkqQX3BS0bEb4l373-FVX9ZhkhWykNKdq3CrNCF6ubJNTLVwI=w64-h64-p,,10 CP查理,,"1月 1, 1970",2201275,"85 10 CP查理 1月 1, 1970 75 507 2,201,275"
2026-09-13,kr,South Korea,top_artists_weekly,,86,https://lh3.googleusercontent.com/Oevxr3r3bwNMAmBhiXFEeIZOME22NWg36Hp3m886ya_qtvbnkHaQ57mm89vHzsI1jBn4LKM0EewFj2oz=w64-h64-p,,2 Dynamic Duo,,"1月 1, 1970",2184756,"86 2 Dynamic Duo 1月 1, 1970 88 349 2,184,756"
2026-09-13,kr,South Korea,top_artists_weekly,,87,https://lh3.googleusercontent.com/cfP561Mp7T4VHRg5085z7RLOZ0q5KfwIcdD1o5qCPLcvfWTcIyWiPRU-xw1p4RQT7loVCVkoa_fGb7E=w64-h64-p,,1 Zia,,"1月 1, 1970",2172425,"87 1 Zia 1月 1, 1970 86 298 2,172,425"
2026-09-13,kr,South Korea,top_artists_weekly,,88,https://lh3.googleusercontent.com/k7Z1-TzVQJdEsRpgXDwbniROArZXFtVNeOKWxq2of-uOw72kLlbZxrwmcdpaJ-qVQrS5Nq61F3RCUw=w64-h64-p,,88 back number,,"1月 1, 1970",2169112,"88 88 back number 1月 1, 1970 - 55 2,169,112"
2026-09-13,kr,South Korea,top_artists_weekly,,89,https://lh3.googleusercontent.com/QnNBbYG1RC33q2OCBZ1hXW65DarQkjsuBx-NbvVRs7erEUCUaET13miQ0y_wf2MqUZWaV4pm_K_JGnSP=w64-h64-p,,89 Ha Yea Song,,"1月 1, 1970",2168723,"89 89 Ha Yea Song 1月 1, 1970 - 276 2,168,723"
2026-09-13,kr,South Korea,top_artists_weekly,,90,https://lh3.googleusercontent.com/zWSt-azDdL9AU7TqaRdi7at4sag6W80bliX8RZ6Ex-cnMIxeJ0cSg2m6KGM4Oa9C-KhnStXrq42hHjo=w64-h64-p,,3 KATSEYE,,"1月 1, 1970",2154872,"90 3 KATSEYE 1月 1, 1970 93 81 2,154,872"
2026-09-13,kr,South Korea,top_artists_weekly,,91,https://yt3.googleusercontent.com/dwK7H98aMS14ZTM78YhITI4OpmX1MyT3xL99xJdu7EnlHCgfMEV_8ncBDYr_Yz6TESAKLJJih-wImgk=w64-h64-p,,1 Kid Wine,,"1月 1, 1970",2129893,"91 1 Kid Wine 1月 1, 1970 90 264 2,129,893"
2026-09-13,kr,South Korea,top_artists_weekly,,92,https://lh3.googleusercontent.com/bxh433ccuxG17gBwLQNW-AEYlPE6cP2tZzyXigxFZabPwiZ71hgjpz7-GqECTG5k_Nu0lY-mvYe0OQ=w64-h64-p,,5 Haon,,"1月 1, 1970",2124416,"92 5 Haon 1月 1, 1970 97 284 2,124,416"
2026-09-13,kr,South Korea,top_artists_weekly,,93,https://yt3.googleusercontent.com/gOtWZJ504zwOC83L17I1dRTaL0BnAZg0gVS476htpgJhJ4_jgxxpPxQ6qONAQp4H6nd2I9HeXVq0soo=w64-h64-p,,15 都敬秀,,"1月 1, 1970",2119626,"93 15 都敬秀 1月 1, 1970 78 148 2,119,626"
2026-09-13,kr,South Korea,top_artists_weekly,,94,https://yt3.googleusercontent.com/q87XpcSMiepzSRJ2qmnj0UTGl3oawEn8R5k_TIeEwaMF_7EDV6qp2V-y42RXWROKjAWurmZmBj5xy_s=w64-h64-p,,94 Vaundy,,"1月 1, 1970",2118683,"94 94 Vaundy 1月 1, 1970 - 206 2,118,683"
2026-09-13,kr,South Korea,top_artists_weekly,,95,https://lh3.googleusercontent.com/cBQ0BYppKJYQ9MmSDPd1AsE9k_cJqcmpndS2Sb2Lc-ooSU_4F4MFbTkDX9lILz_28BSA98ozOBNSuA=w64-h64-p,,95 HIGHLIGHT,,"1月 1, 1970",2095160,"95 95 HIGHLIGHT 1月 1, 1970 - 335 2,095,160"
2026-09-13,kr,South Korea,top_artists_weekly,,96,https://yt3.googleusercontent.com/ijXhjgnUOjjiFbZTF_MQ8lbny1fEtiiAJAb31AntlyOYAHB9nMisfEk2X5uvF0F_lSrGztbCxt1sDrVfdg=w64-h64-p,,11 Leessang,,"1月 1, 1970",2086178,"96 11 Leessang 1月 1, 1970 85 306 2,086,178"
2026-09-13,kr,South Korea,top_artists_weekly,,97,https://yt3.googleusercontent.com/rg6RrMXNkHmx5jY9GAzFkbnH5ue6iDuQLLBxracOstHuiIVEQv5fHVqcXeLM46KQz8WTQBBI8dA=w64-h64-p,,8 KISS OF LIFE,,"1月 1, 1970",2077346,"97 8 KISS OF LIFE 1月 1, 1970 89 165 2,077,346"
2026-09-13,kr,South Korea,top_artists_weekly,,98,https://lh3.googleusercontent.com/_c5R003C-K9x_bN2kWtz1ES_ZMyrUUFaW0wTRnaVn89DnwDWALCzZTgH_Hc6fU-kn16I3qE91AC35A8=w64-h64-p,,2 Buzz,,"1月 1, 1970",2072648,"98 2 Buzz 1月 1, 1970 96 427 2,072,648"
2026-09-13,kr,South Korea,top_artists_weekly,,99,https://yt3.googleusercontent.com/yQEnxvM41_e6vclplYF_VLMgIIc4lOZswU91Z3YojW8WkgKgusjn3vBYAqAYP9rtZQqNY1DF=w64-h64-p,,4 李承哲,,"1月 1, 1970",2072334,"99 4 李承哲 1月 1, 1970 95 353 2,072,334"
2026-09-13,kr,South Korea,top_artists_weekly,,100,https://yt3.googleusercontent.com/qlxQmmbWpPl5XqHuludl17dPyS0AGviSX0Xwrg-joSMufCMJRDAQTooeDKvkVnbomb7F8MyR4EiQkQ=w64-h64-p,,● 樸載範,,"1月 1, 1970",2045321,"100 ● 朴載範 1月 1, 1970 100 519 2,045,321"
2026-09-13,vn,Vietnam,top_artists_weekly,,1,https://lh3.googleusercontent.com/yHHjXdkGB8wQUvdL7bAweZ09PvmnEPSnh6ilf8D2xtr7MV1oNS7ZKGGp9jJia4mlprXgwOhUN6Pl5gT6=w64-h64-p,,41 Jack,J97,"1月 1, 1970",17144476,"1 41 Jack - J97 1月 1, 1970 42 20 17,144,476"
2026-09-13,vn,Vietnam,top_artists_weekly,,2,https://lh3.googleusercontent.com/PnbfrzrBMg4LRfeilFDprLTTtOhbhtdbeWIjE_RCt27BDo5rovo8BSKpmtPnTivSBtPM6lCiUgeLeBan=w64-h64-p,,1 Phương Mỹ Chi,,"1月 1, 1970",14558402,"2 1 Phương Mỹ Chi 1月 1, 1970 1 20 14,558,402"
2026-09-13,vn,Vietnam,top_artists_weekly,,3,https://lh3.googleusercontent.com/qUbeEkX81ZE7nUDYQo1RyFFBA6kY17-3XQqVBcV4K1bw6irP0Y_82ex4qw9QQQyqebuU1nU0yzbwGA=w64-h64-p,,1 DTAP,,"1月 1, 1970",8724295,"3 1 DTAP 1月 1, 1970 2 20 8,724,295"
2026-09-13,vn,Vietnam,top_artists_weekly,,4,https://yt3.googleusercontent.com/UjpzWXFvqSvYV0v7x-OFyHqraed_k32IjZvMxFAGG45HJ4Y3-oNqwO4iMl2Q4W5H_HAqkf0PUg=w64-h64-p,,2 Quốc Thiên,,"1月 1, 1970",7355361,"4 2 Quốc Thiên 1月 1, 1970 6 20 7,355,361"
2026-09-13,vn,Vietnam,top_artists_weekly,,5,https://yt3.googleusercontent.com/4vbGpMXnk6BomjMDfU4bINfni5JgFjTmRifT-336oMIXgWkF9pLWvDEdYNkELih7ztk2Y6iccQ=w64-h64-p,,Quang Hùng MasterD,,,,Quang Hùng MasterD
2026-09-13,vn,Vietnam,top_artists_weekly,,6,https://yt3.googleusercontent.com/L8NTL3k5YQOFqolLMTHRDhvvTTkhQuQrSKhJ4S3fY_EatcYX7ZmgcQmcp3_zgbeowmVzB_bpuA=w64-h64-p,,2 buitruonglinh,,"1月 1, 1970",6691981,"6 2 buitruonglinh 1月 1, 1970 4 20 6,691,981"
2026-09-13,vn,Vietnam,top_artists_weekly,,7,https://yt3.googleusercontent.com/sw_uic9x282ssZvfpjoubd-JQU9YwfXORiNFB3YtGb_0I07OC_e8So6Ts9-23fyxhAYZQGdT6USY3A0=w64-h64-p,,● Dangrangto,,"1月 1, 1970",6677124,"7 ● Dangrangto 1月 1, 1970 7 20 6,677,124"
2026-09-13,vn,Vietnam,top_artists_weekly,,8,https://lh3.googleusercontent.com/CzQb1BDMu_bVkkUbHNDDPkErfaJPyuKTFHHdboXcGJBmjEaquJC06k162s-l7VMaoa_QXZRvg3N6ht8=w64-h64-p,,3 Wren Evans,,"1月 1, 1970",6444716,"8 3 Wren Evans 1月 1, 1970 5 20 6,444,716"
2026-09-13,vn,Vietnam,top_artists_weekly,,9,https://yt3.googleusercontent.com/2N99jZ4TXKkrxWbUqsDLtVYsTUcEbwRX_-9GGr27dvAREpQaXGZkia9RiW8AKy8p0B7nNheoRjMViYQ0=w64-h64-p,,● RPT MCK,,"1月 1, 1970",5549901,"9 ● RPT MCK 1月 1, 1970 9 20 5,549,901"
2026-09-13,vn,Vietnam,top_artists_weekly,,10,https://yt3.googleusercontent.com/7iNILaP08saxcd8D_MQvWupkzCXZggVH1GK_y-YKeeXQu_QGBALh9KedL7q5g0q4R_btMwlk4NDL9w=w64-h64-p,,2 CONGB,,"1月 1, 1970",5495195,"10 2 CONGB 1月 1, 1970 8 8 5,495,195"
2026-09-13,vn,Vietnam,top_artists_weekly,,11,https://lh3.googleusercontent.com/gIEM31Zx4dA4PHvr2cbunulrN277vux_hCKYJve77pG_BJDWLRYbCMzveR9Pp_sy6Qb-KI_2Ha0_hDod=w64-h64-p,,7 DatG Music,,"1月 1, 1970",5481816,"11 7 DatG Music 1月 1, 1970 18 20 5,481,816"
2026-09-13,vn,Vietnam,top_artists_weekly,,12,https://yt3.googleusercontent.com/bio5yni43VDbku_kSYxyK6n31Pys0PCvyRlqXHRj1e800MWHs3avp1IHGXdAgliWQfmnsXOye4TZfJo=w64-h64-p,,1 DONAL,,"1月 1, 1970",5249165,"12 1 DONAL 1月 1, 1970 13 20 5,249,165"
2026-09-13,vn,Vietnam,top_artists_weekly,,13,https://yt3.googleusercontent.com/JZbKdl6Yoxz3PStwaRVpy0ldxP8dSEjwipjDrJATEoqgPCJzu0RGUqel7mG7pV5qHdE_BgdfYwSqwhY=w64-h64-p,,7 (S)TRONG,,"1月 1, 1970",5220785,"13 7 (S)TRONG 1月 1, 1970 20 20 5,220,785"
2026-09-13,vn,Vietnam,top_artists_weekly,,14,https://yt3.googleusercontent.com/OGoVXsNiIH4u2GueffG5olXSQ_-HrHrj-71ju_ceszaGl8_iNNSrqnLYJDjpn7jwsVwUwBBpKQ=w64-h64-p,,4 GREY D,,"1月 1, 1970",5142662,"14 4 GREY D 1月 1, 1970 10 20 5,142,662"
2026-09-13,vn,Vietnam,top_artists_weekly,,15,https://yt3.googleusercontent.com/ITi7qclk1C3ye_z1AMwb9tJPH8N__73H1Fu2vNmgVJvLSY1jpCpw671K0cYz5wZXNYDIKisS0g=w64-h64-p,,3 CODYNAMVO,,"1月 1, 1970",5019737,"15 3 CODYNAMVO 1月 1, 1970 12 7 5,019,737"
2026-09-13,vn,Vietnam,top_artists_weekly,,16,https://yt3.googleusercontent.com/IGB6zHJV4zGqUoXQXO4yAXahJ8BDwAa2za87oZsjfQS5GAc4R20yEp2mXCeiYn_zgat5C2iRmvRsKA=w64-h64-p,,5 山松,,"1月 1, 1970",4971396,"16 5 山松 1月 1, 1970 11 20 4,971,396"
2026-09-13,vn,Vietnam,top_artists_weekly,,17,https://yt3.googleusercontent.com/5bXYfqJhi4gL3Hn6l0zcLySOUNtIyHtXMn9n-mOihkePITtvEzHvKB_5D6Am7HrG7BSkoLT7owCKRQ=w64-h64-p,,Anh Trai Vượt Ngàn Chông Gai,,,,Anh Trai Vượt Ngàn Chông Gai
2026-09-13,vn,Vietnam,top_artists_weekly,,18,https://yt3.googleusercontent.com/DCwzENYeUQ0NKi0-UswzjgtRV4V0dX_U8srwvrJQAGSNDKljVhpANZnSpTjfsXdEDTg5tWuh2JxhzfCj=w64-h64-p,,DTAP,,"1月 1, 1970",4553090,"18 New DTAP 1月 1, 1970 - 1 4,553,090"
2026-09-13,vn,Vietnam,top_artists_weekly,,19,https://yt3.googleusercontent.com/iBH6hD6zxCuVPdZT4D7hGkN6mHSAUr52t6jiOZHrayJBIccgLH5UEbnjJ5Oq0qqWixRTKTQZok4=w64-h64-p,,19 Yanbi,,"1月 1, 1970",4466064,"19 19 Yanbi 1月 1, 1970 - 20 4,466,064"
2026-09-13,vn,Vietnam,top_artists_weekly,,20,https://yt3.googleusercontent.com/zXYoQpwxpw7ax6Adwp1F6CCT_UzGHg5hNFbXlIQBEXrz9aC_GvxLE3KoQJto6IN4RKCEtnCi5f9ao4A=w64-h64-p,,5 JustaTee,,"1月 1, 1970",4339075,"20 5 JustaTee 1月 1, 1970 15 20 4,339,075"
2026-09-13,vn,Vietnam,top_artists_weekly,,21,https://lh3.googleusercontent.com/zvVDAiafCFQClD19w9ANrw4hay-sEDDFFFlABXNdUMzprlRu1jnXn4dCGjMhlUqwUIxwH3eP7Q5OUIQ=w64-h64-p,,7 HIEUTHUHAI,,"1月 1, 1970",4291357,"21 7 HIEUTHUHAI 1月 1, 1970 14 20 4,291,357"
2026-09-13,vn,Vietnam,top_artists_weekly,,22,https://yt3.googleusercontent.com/LRpb_vfUGiOk3nRIUgUdcWmsE__gAWgdpkkD-caAlN6ZUhNxtnYQ7GYF_xUyB06U4uvrkKs89g=w64-h64-p,,4 Lê Gia Bảo,,"1月 1, 1970",4233808,"22 4 Lê Gia Bảo 1月 1, 1970 26 20 4,233,808"
2026-09-13,vn,Vietnam,top_artists_weekly,,23,https://yt3.googleusercontent.com/k3HqCytt-nEWEvBvO3N31kVH2uZ8UGuIWPulAs9Nl_krr_d5hHRSfo545_rr17fDGqWIo4Z0s8gY1S4=w64-h64-p,,6 Da LAB,,"1月 1, 1970",4176810,"23 6 Da LAB 1月 1, 1970 17 20 4,176,810"
2026-09-13,vn,Vietnam,top_artists_weekly,,24,https://yt3.googleusercontent.com/SPtWMm5k0wrYdi7BgCBGXsFxwjYbmV_MzlDyVgf4XchTepF0qANX0hF8iEvnmzgEOmoW_8Dnig=w64-h64-p,,5 Binz,,"1月 1, 1970",3909501,"24 5 Binz 1月 1, 1970 19 20 3,909,501"
2026-09-13,vn,Vietnam,top_artists_weekly,,25,https://yt3.googleusercontent.com/Ve6oyP5FC8OdBCBj5FdlTYhwDSUiKromlbdkBVfbwqtjYI1yaNt6nycuGINg0tlOXfWyT2q2HQ=w64-h64-p,,4 皇杉,,"1月 1, 1970",3774480,"25 4 皇杉 1月 1, 1970 21 20 3,774,480"
2026-09-13,vn,Vietnam,top_artists_weekly,,26,https://yt3.googleusercontent.com/SMpD7-Wdpe0WGDoDVa2xnLTR85GrFZlJ1AzLnswYojh81MLg5oK0wsgI6C5JhQfxo2nt363xktpMyRrv=w64-h64-p,,2 Thái Học,,"1月 1, 1970",3717984,"26 2 Thái Học 1月 1, 1970 24 20 3,717,984"
2026-09-13,vn,Vietnam,top_artists_weekly,,27,https://yt3.googleusercontent.com/3CFyh2YjiDmn88l10o0xYt4J2jBN7EEbdkqMHat__vzrYB0ghorwQ3NaFR2BxWsmDKJsFZSoDm4=w64-h64-p,,3 Thanh Ngân,,"1月 1, 1970",3570214,"27 3 Thanh Ngân 1月 1, 1970 30 20 3,570,214"
2026-09-13,vn,Vietnam,top_artists_weekly,,28,https://yt3.googleusercontent.com/i0hHpMZNx93s3jFSiDNCLKM3YHEDxzJpR-exogcNjNostFeQlbcHhcTuh2GoGywEHtrI76maCQ6gNVxROw=w64-h64-p,,28 Đăng Khôi,,"1月 1, 1970",3500037,"28 28 Đăng Khôi 1月 1, 1970 56 20 3,500,037"
2026-09-13,vn,Vietnam,top_artists_weekly,,29,https://lh3.googleusercontent.com/4Ixc3d3_z7NDp8aoj-PXaWcYe8IzOgYnqjg4CQLw43zC5EMNWh-hKJRBiC0ZFYrN2mIghYofTVDpMw=w64-h64-p,,6 Thanh Hưng,,"1月 1, 1970",3466082,"29 6 Thanh Hưng 1月 1, 1970 23 20 3,466,082"
2026-09-13,vn,Vietnam,top_artists_weekly,,30,https://lh3.googleusercontent.com/txTPKU739Tm1SwW2B-Mi7boou0E2bpCTgZTE7FJVh3sxMhSC-L499AUyW0RPRFiAZCGX0cR6M9rB9x03=w64-h64-p,,2 Hoàng Dũng,,"1月 1, 1970",3305289,"30 2 Hoàng Dũng 1月 1, 1970 28 20 3,305,289"
2026-09-13,vn,Vietnam,top_artists_weekly,,31,https://yt3.googleusercontent.com/XprgG6jfaee2OllUK8HOVrIGoY0h3RTpNhV-Mmjy5jlqWgdzbP21RQU4tXX83vqYgk384oM5VYI6qA=w64-h64-p,,9 Obito,,"1月 1, 1970",3269033,"31 9 Obito 1月 1, 1970 22 20 3,269,033"
2026-09-13,vn,Vietnam,top_artists_weekly,,32,https://yt3.googleusercontent.com/lNVkw0U5EwV5JEvZi-52kN4PythX8aXH2V2QW4aiL4UNfh2ANtWt_itVVfbgXswAhG5IJGbKNA=w64-h64-p,,32 克越,,"1月 1, 1970",3230703,"32 32 克越 1月 1, 1970 64 20 3,230,703"
2026-09-13,vn,Vietnam,top_artists_weekly,,33,https://yt3.googleusercontent.com/8-dCAEaPCMgYBbA0q4oXcYC6ZpCe7rk12j2MPPcN5o4bIMtHqS_jD4omULfpxxwEqJc0KZ7LDw=w64-h64-p,,6 CAPTAIN BOY,,"1月 1, 1970",3230404,"33 6 CAPTAIN BOY 1月 1, 1970 27 6 3,230,404"
2026-09-13,vn,Vietnam,top_artists_weekly,,34,https://yt3.googleusercontent.com/2IbO6drTOO1y5I4tDPqS5nafZmV0Z54g0YxU32RnLjc0vvYlzH1-c522X0c784WaR9hs9YIDr9yhHKfT=w64-h64-p,,9 CORTIS,,"1月 1, 1970",3197375,"34 9 CORTIS 1月 1, 1970 25 20 3,197,375"
2026-09-13,vn,Vietnam,top_artists_weekly,,35,https://yt3.googleusercontent.com/Qd44k62nTrk5X-eMiV4wmT1CRBBNi2N9az_LszXK0NqUDF3JO2fk6CAbbcNem61vIpbWoY3v4Q=w64-h64-p,,3 Hngle,,"1月 1, 1970",3122086,"35 3 Hngle 1月 1, 1970 32 20 3,122,086"
2026-09-13,vn,Vietnam,top_artists_weekly,,36,https://lh3.googleusercontent.com/BKgJ2Qcko6lgLsnvB-URUnK2bgQ682OoJd7Dpa0829XrmIC40zfsFm74vNdmyaMBx8xUt-MHFwDIUUC9=w64-h64-p,,36 Jennie,,"1月 1, 1970",3003872,"36 36 Jennie 1月 1, 1970 - 20 3,003,872"
2026-09-13,vn,Vietnam,top_artists_weekly,,37,https://lh3.googleusercontent.com/jUpx8b5WW6TOy0ZdQ7LE7nden20Nh7eS8YK_yjz04epmrv5kBklGDtqnCfRz-bADNK5u885QySqzgWHp=w64-h64-p,,6 Đen,,"1月 1, 1970",2952783,"37 6 Đen 1月 1, 1970 31 20 2,952,783"
2026-09-13,vn,Vietnam,top_artists_weekly,,38,https://lh3.googleusercontent.com/ropmC_D1oX1xhqaR4yEQUdru22Ug4p5NWYU3ZGOrZVOSqVEsoObXr-1hLU2CW24nKEphD6zHKDS5Wu6-=w64-h64-p,,● Hương Ly,,"1月 1, 1970",2907234,"38 ● Hương Ly 1月 1, 1970 38 20 2,907,234"
2026-09-13,vn,Vietnam,top_artists_weekly,,39,https://yt3.googleusercontent.com/oJlUt-7rgsgjopcT9cFlNl7sj8qCWSGKfUWpJrNt7H1FlrtWCTtj8M0prl8pb4SRF8qSqtQryPv54RHJ=w64-h64-p,,10 B Ray,,"1月 1, 1970",2878791,"39 10 B Ray 1月 1, 1970 29 20 2,878,791"
2026-09-13,vn,Vietnam,top_artists_weekly,,40,https://yt3.googleusercontent.com/HoIjEs4hKS1M30NDm8JSicM8uWUL_QzcPeNdFrziGe7yvRwYTivIa1l16tGW1v8gC6Q77mNBQhjoEcJqgw=w64-h64-p,,4 Xuân Định K.Y,,"1月 1, 1970",2877262,"40 4 Xuân Định K.Y 1月 1, 1970 36 2 2,877,262"
2026-09-13,vn,Vietnam,top_artists_weekly,,41,https://lh3.googleusercontent.com/u74Z7ylCoNz3Phyu9UZ_T4mhKy0Y2pdF50qbezBLXE7HGJyVipiPpa88h9OOtS8pKLDIsX7lA-8wIQ=w64-h64-p,,12 Đan Nguyên,,"1月 1, 1970",2872232,"41 12 Đan Nguyên 1月 1, 1970 53 20 2,872,232"
2026-09-13,vn,Vietnam,top_artists_weekly,,42,https://yt3.googleusercontent.com/LwZVGix9E-_Su5ZpZBFOD40EPQ5qKDNE2r3f3ECKKf_ZwvO8ha_gL4QH2HwKmGAhp6Mni8r_HSBgzhQ=w64-h64-p,,8 Quân A.P,,"1月 1, 1970",2849953,"42 8 Quân A.P 1月 1, 1970 34 20 2,849,953"
2026-09-13,vn,Vietnam,top_artists_weekly,,43,https://lh3.googleusercontent.com/EjjKZbq4yMd-GJiUIEqN8lM2Q9zXF4wOWRLPuB7o-_7EJBk-1KXjn-QzsZnKcVAB3u5nbQZhXVgCvtHu=w64-h64-p,,1 Phúc Du,,"1月 1, 1970",2688992,"43 1 Phúc Du 1月 1, 1970 44 20 2,688,992"
2026-09-13,vn,Vietnam,top_artists_weekly,,44,https://yt3.googleusercontent.com/DNSLQvYyZ9izvkfwsm00NXzBZppQk7c8k9kC3ytOHyAicHXc7gToQYw2JkdfXnoNuwkSmpGb=w64-h64-p,,44 Nguyễn Hùng,,"1月 1, 1970",2629918,"44 44 Nguyễn Hùng 1月 1, 1970 - 20 2,629,918"
2026-09-13,vn,Vietnam,top_artists_weekly,,45,https://yt3.googleusercontent.com/7ccf3wjeyTB51VfLkaArLPhfdkcBvQAmz-GDXgLTUnRTZsosi_B-gyuvk2j6ScVoGCCcDDntpuI=w64-h64-p,,2 Thành Đạt,,"1月 1, 1970",2600217,"45 2 Thành Đạt 1月 1, 1970 43 20 2,600,217"
2026-09-13,vn,Vietnam,top_artists_weekly,,46,https://lh3.googleusercontent.com/duvPkHjgosJKoOXe9xztYOREcD_kKHgB4naWRWlx6o44-Zy_35ZxlWQYFGVAvrz7Br7qFQnyI4hnIpM=w64-h64-p,,13 tlinh,,"1月 1, 1970",2595602,"46 13 tlinh 1月 1, 1970 33 20 2,595,602"
2026-09-13,vn,Vietnam,top_artists_weekly,,47,https://yt3.googleusercontent.com/DVIRanDNArdjJKCOVtP_o2H3G7xzfeA4ANOOioUTdV6D8cPj471a__Lz6Gzly17g_tgMplWtolomw12YLw=w64-h64-p,,10 HYO,,"1月 1, 1970",2583736,"47 10 HYO 1月 1, 1970 37 2 2,583,736"
2026-09-13,vn,Vietnam,top_artists_weekly,,48,https://yt3.googleusercontent.com/YHR01fsyrKcPAMW4xeGUlSqUBWJXO6829R1AxvG_lF0thrl0JBNfo8YVTX9Un_diiWLGtNneL04Uuw=w64-h64-p,,11 NDMT,,"1月 1, 1970",2540198,"48 11 NDMT 1月 1, 1970 59 20 2,540,198"
2026-09-13,vn,Vietnam,top_artists_weekly,,49,https://lh3.googleusercontent.com/PbQivj89mv7mI6FcxU9RmEsiicCGTdr-Wdn4bLdAB7gee6GcitOb7QXTVy7gfg6Cn1JPRn1VjMIweYgV=w64-h64-p,,14 Dương Domic,,"1月 1, 1970",2528701,"49 14 Dương Domic 1月 1, 1970 35 20 2,528,701"
2026-09-13,vn,Vietnam,top_artists_weekly,,50,https://yt3.googleusercontent.com/KvKBA2gi7LGyXfsUtn700rfGp9MhE1GvDE1-9-BOOLAjDRF1mpRik2642gz_ZaxSY7iMg41O658=w64-h64-p,,3 Đình Dũng,,"1月 1, 1970",2493096,"50 3 Đình Dũng 1月 1, 1970 47 20 2,493,096"
2026-09-13,vn,Vietnam,top_artists_weekly,,51,https://yt3.googleusercontent.com/d2CdDAEvX3CT51C_wA_AnJUfgfQ5SbHM_Dk_1GGC9Ncvglb6-_xoCwA2vvAnOrkGI-FpD8Sysy0ZZZj48Q=w64-h64-p,,5 光黎,,"1月 1, 1970",2492196,"51 5 光黎 1月 1, 1970 46 20 2,492,196"
2026-09-13,vn,Vietnam,top_artists_weekly,,52,https://yt3.googleusercontent.com/TCLyGPuPq8A4kZ6IjtUP7SWRbPm-s7r-XTawq72T9-8M3TnU8x3BaDRBU-_jLluk08tZgYVJ=w64-h64-p,,34 Tùng Dương,,"1月 1, 1970",2471471,"52 34 Tùng Dương 1月 1, 1970 86 20 2,471,471"
2026-09-13,vn,Vietnam,top_artists_weekly,,53,https://yt3.googleusercontent.com/AMgNB4ofM9rmptrqgiIEL7YUSbX-8RsZiVtzgVYWkDNmzoOLGH2ZdUp6gAVRruzp-L0k9t3i-w=w64-h64-p,,8 麗娟,,"1月 1, 1970",2442557,"53 8 麗娟 1月 1, 1970 45 20 2,442,557"
2026-09-13,vn,Vietnam,top_artists_weekly,,54,https://lh3.googleusercontent.com/vLa-UcTg38yT35hg4rovad0VbrP5s2E91Cq6mSYcWELw9EqOQE0CB3EFgw6Xcu9z7U2mm8H1dCzDtA=w64-h64-p,,6 Low G,,"1月 1, 1970",2395663,"54 6 Low G 1月 1, 1970 48 20 2,395,663"
2026-09-13,vn,Vietnam,top_artists_weekly,,55,https://yt3.googleusercontent.com/IJcrzdx6dfXpR-NKfeViKFeWVafc6qApkBqYGfW5RQQzV3_PwOYmKsFcarhrmimchPL-tiQe4A=w64-h64-p,,Nguyễn Thạc Bảo Ngọc,,,,Nguyễn Thạc Bảo Ngọc
2026-09-13,vn,Vietnam,top_artists_weekly,,56,https://lh3.googleusercontent.com/WRRxOiAxGdwa0dgAxSjg65glGSswfYQkkQ8Jcya7igYVqELygmgD6VCI1x4XruHapeYKHiXiALjX3Q=w64-h64-p,,16 阮福盛,,"1月 1, 1970",2370387,"56 16 阮福盛 1月 1, 1970 40 20 2,370,387"
2026-09-13,vn,Vietnam,top_artists_weekly,,57,https://yt3.googleusercontent.com/ygM0LM_QbJAjTeuaFVIXsEzRubuMI0ZcficozBKcTfpuCgR1h_Hf8THnzHmBzrQ_OSwrzyl6BF_KBw=w64-h64-p,,16 黃毓敏,,"1月 1, 1970",2355495,"57 16 黄毓敏 1月 1, 1970 41 20 2,355,495"
2026-09-13,vn,Vietnam,top_artists_weekly,,58,https://yt3.googleusercontent.com/2-203NEQqpf8vtQT9-p2A_BbwtJQcu_T2MqYBXwcIJYqGPqjMlhBVJY4NChFOv_e3schYjY4ZQ=w64-h64-p,,15 Bạch Duy Sơn,,"1月 1, 1970",2331849,"58 15 Bạch Duy Sơn 1月 1, 1970 73 20 2,331,849"
2026-09-13,vn,Vietnam,top_artists_weekly,,59,https://yt3.googleusercontent.com/D6yn8lJC6uEIZoy4EWhj7OuUjZfRtpeLK6233rWzHeHJnrjrm8ENpjcHzDKeiQ-dRAUeHnpJTgo=w64-h64-p,,2 Út Nhị Mino,,"1月 1, 1970",2272297,"59 2 Út Nhị Mino 1月 1, 1970 57 20 2,272,297"
2026-09-13,vn,Vietnam,top_artists_weekly,,60,https://yt3.googleusercontent.com/nuSqHwuClhGVbLWRg-bi_61PECeyFb4rGDWc9fTQC0Tm7OLu03QZn7mr09bTD_N80ODc9d8mnQ=w64-h64-p,,2 周凱峰,,"1月 1, 1970",2257310,"60 2 周凱峰 1月 1, 1970 58 20 2,257,310"
2026-09-13,vn,Vietnam,top_artists_weekly,,61,https://yt3.googleusercontent.com/_sZkdgyBOCBf5Bd0EJ0OvRkQbdADs18f0o2LNNEgKitHDXWf6TsaUXqDBQgYXICjx8nqcTqn4LwErMk=w64-h64-p,,TUIDE,,"1月 1, 1970",2241818,"61 New TUIDE 1月 1, 1970 - 1 2,241,818"
2026-09-13,vn,Vietnam,top_artists_weekly,,62,https://lh3.googleusercontent.com/3UZKRd69lMDK_JejFkDgnYHas-6KTJvX6STgdUI3dbj6Wv8uyUT_1LAiI_SYUfKJNu94a0oQU8TMww=w64-h64-p,,12 Shiki,,"1月 1, 1970",2226658,"62 12 Shiki 1月 1, 1970 50 20 2,226,658"
2026-09-13,vn,Vietnam,top_artists_weekly,,63,https://lh3.googleusercontent.com/w5H5wFxyQLVlmcNALQsFXahPlmH9jKaWiVQyVAiiUb5XtidxKyQW7SA_pxld5dHtpenzIqcqeXSnO2k=w64-h64-p,,2 Hòa Minzy,,"1月 1, 1970",2225344,"63 2 Hòa Minzy 1月 1, 1970 61 20 2,225,344"
2026-09-13,vn,Vietnam,top_artists_weekly,,64,https://yt3.googleusercontent.com/_fxA7XQobDzNJYb6eg2vBpuy0heHUwE7zwN_vbv2a2c9EVm6Uo48X6GAI2eMhSpfTIb1ri8GEW_hMw=w64-h64-p,,13 Karik,,"1月 1, 1970",2221148,"64 13 Karik 1月 1, 1970 51 20 2,221,148"
2026-09-13,vn,Vietnam,top_artists_weekly,,65,https://yt3.googleusercontent.com/sLk_oXafaenJNzthqajLhMWFILNR5FV-OPj_aHuy4rpld9MdQMfd7Hs5R19_rP8vmbfpCeAfAm8=w64-h64-p,,11 Masew,,"1月 1, 1970",2187263,"65 11 Masew 1月 1, 1970 54 20 2,187,263"
2026-09-13,vn,Vietnam,top_artists_weekly,,66,https://yt3.googleusercontent.com/tm5tWZmfEPoPjvQaDJNE1N7LhdEXQ9JTcZdI9KyQz0QinH0Hs1B_pVwWNoJA6FmXQLWMoI4orA=w64-h64-p,,18 玉山,,"1月 1, 1970",2134988,"66 18 玉山 1月 1, 1970 84 20 2,134,988"
2026-09-13,vn,Vietnam,top_artists_weekly,,67,https://yt3.googleusercontent.com/ZqpPhNa1fwNCMREBb56lLs53b5RzKcqFHcscO1kD66FfhTHeTmqTU-SYwiS0_sfdVxJEj9DNQl5dt-M=w64-h64-p,,15 Mr. Siro,,"1月 1, 1970",2128289,"67 15 Mr. Siro 1月 1, 1970 52 20 2,128,289"
2026-09-13,vn,Vietnam,top_artists_weekly,,68,https://lh3.googleusercontent.com/IRRuUsYfJEE8cWLXH-thptBytCjrUZNvoQScYnde9EIMgTgOD1kSggrUyBOKDTNH7oLyZUOJlYI6hwo=w64-h64-p,,6 Vũ.,,"1月 1, 1970",2103033,"68 6 Vũ. 1月 1, 1970 62 20 2,103,033"
2026-09-13,vn,Vietnam,top_artists_weekly,,69,https://yt3.googleusercontent.com/_hdS_butsf59vn7Dx6VQE3LEqVMRHN16FoV-qGhkHNY5giHu6fcBO2FmHNv7T_Cojw_uh_5iJn1mA5mP=w64-h64-p,,14 ALPHA DRIVE ONE,,"1月 1, 1970",2068481,"69 14 ALPHA DRIVE ONE 1月 1, 1970 55 2 2,068,481"
2026-09-13,vn,Vietnam,top_artists_weekly,,70,https://yt3.googleusercontent.com/4b5ZhzNzbXq-g7bGNVgpRGBTSVQ3cU5GnNjAADjsJxxPf4o586-HPGj5PXqE5L8SujsuXKjyWgE=w64-h64-p,,6 俊武,,"1月 1, 1970",2065872,"70 6 俊武 1月 1, 1970 76 20 2,065,872"
2026-09-13,vn,Vietnam,top_artists_weekly,,71,https://yt3.googleusercontent.com/OMWK6EO7ZsmYjvIIOm-0ZlKjiTScnfIJuXyhtWurPq0unO_3vEG78Nf67eDxOv95v0EKBxCqLw=w64-h64-p,,1 洪疃,,"1月 1, 1970",2062430,"71 1 洪疃 1月 1, 1970 72 20 2,062,430"
2026-09-13,vn,Vietnam,top_artists_weekly,,72,https://lh3.googleusercontent.com/CvT0XhRm2Ptbs4sLWlGojSMRg7OU432VXJDZTmt1FHZjum3ldbSCk2Q3T_g4bD7kUgXKDFqok9q5Pg=w64-h64-p,,7 CaoTri,,"1月 1, 1970",2003560,"72 7 CaoTri 1月 1, 1970 65 20 2,003,560"
2026-09-13,vn,Vietnam,top_artists_weekly,,73,https://yt3.googleusercontent.com/aTzTU8-yzGLJ2zEdbrwGEwshYOMAckXGJKhJCI3y9ynrgNXX23vSgXGLu5MTSc8UTk3wEdo1TSJpzEE=w64-h64-p,,73 JGKiD (Da LAB),,"1月 1, 1970",1976851,"73 73 JGKiD (Da LAB) 1月 1, 1970 - 4 1,976,851"
2026-09-13,vn,Vietnam,top_artists_weekly,,74,https://yt3.googleusercontent.com/yk72xPZ-2DQTkWwYssJUb9ZNwpqCHF2e_RuqCgjP1wbojVy-fh_RB60F6aLVnPdvv1bvZop8nQ=w64-h64-p,,74 譚永興,,"1月 1, 1970",1958643,"74 74 譚永興 1月 1, 1970 - 20 1,958,643"
2026-09-13,vn,Vietnam,top_artists_weekly,,75,https://yt3.googleusercontent.com/zBHxyUqEE0-456tmTBvv8zc8uLz0wqckP0lt8alHOcF1-4wq2bgGfQsBznGa9Z1qUYLqnIox=w64-h64-p,,1 潘孟瓊,,"1月 1, 1970",1929377,"75 1 潘孟瓊 1月 1, 1970 74 20 1,929,377"
2026-09-13,vn,Vietnam,top_artists_weekly,,76,https://yt3.googleusercontent.com/DU6Kpr5TYKcW6QHvMnsJau5_8QSuix8LCLtf5UEaziZZdXw8SxvcxJ9YWmVIQuzhg2R-MVHYgjdGCQ=w64-h64-p,,9 Ariana Grande,,"1月 1, 1970",1916971,"76 9 Ariana Grande 1月 1, 1970 67 20 1,916,971"
2026-09-13,vn,Vietnam,top_artists_weekly,,77,https://yt3.googleusercontent.com/X4IlIyw4Yjpl2qio5QA-uxj5vIa_EVSg5dyibJrmKcPrj0BKFcKYhKUTyacNbHaGHxP_zVYB3jv-Cv0=w64-h64-p,,38 BIGBANG,,"1月 1, 1970",1888104,"77 38 BIGBANG 1月 1, 1970 39 20 1,888,104"
2026-09-13,vn,Vietnam,top_artists_weekly,,78,https://lh3.googleusercontent.com/bNWLjWgOFPIayzT7HxVt6ZNFF6HfDkurGMIob5TW5rrGYbO5vZblO74HZh5I4OaIlSwDc1fwRNDhcJtQ=w64-h64-p,,78 英詩,,"1月 1, 1970",1886603,"78 78 英詩 1月 1, 1970 - 20 1,886,603"
2026-09-13,vn,Vietnam,top_artists_weekly,,79,https://lh3.googleusercontent.com/yJiXvegqnRYHtLX18VvfRwa1eIf6Hzpke9Fej7VTYucWhSwofmGhyVWtaco1DtOaf8eU9vkQfIhUWTOR=w64-h64-p,,16 阮文鍾,,"1月 1, 1970",1879533,"79 16 阮文鍾 1月 1, 1970 63 20 1,879,533"
2026-09-13,vn,Vietnam,top_artists_weekly,,80,https://yt3.googleusercontent.com/mIt4EMYP6Xj3V1xYvtPcdXsjO4MFQgETVoKqFqlouuEEwKhmfOgUGXBNbxBXiv9_AnKAl-u_uQ=w64-h64-p,,14 菲蓉,,"1月 1, 1970",1872108,"80 14 菲蓉 1月 1, 1970 94 20 1,872,108"
2026-09-13,vn,Vietnam,top_artists_weekly,,81,https://yt3.googleusercontent.com/svz3Zt7_iKDBS0jKxM_Fc8sU2DfPMTkPPieNO_3_5ZukV-h0bSSSbbYnad2DjuBsLiMNF6OZEMepq2gw=w64-h64-p,,81 Diễm Trang,,"1月 1, 1970",1868139,"81 81 Diễm Trang 1月 1, 1970 - 20 1,868,139"
2026-09-13,vn,Vietnam,top_artists_weekly,,82,https://yt3.googleusercontent.com/e6FIzkdUbgZ94hUG421wsbLWckSmdu-GBhuKY4ZGR9aQgwzq2JnX3umAqYu8HYbHfyZGhpVbrSS1DLnLWA=w64-h64-p,,5 Thu Hường,,"1月 1, 1970",1856944,"82 5 Thu Hường 1月 1, 1970 87 20 1,856,944"
2026-09-13,vn,Vietnam,top_artists_weekly,,83,https://lh3.googleusercontent.com/bHQUq4NGglUluSIP4o7sc_tR4UPoe-3rQNFZ721bJY96udcoDBl99w7MHCxexSoluF-78a8KQ2HF4g=w64-h64-p,,2 Linh Hương Luz,,"1月 1, 1970",1850840,"83 2 Linh Hương Luz 1月 1, 1970 81 20 1,850,840"
2026-09-13,vn,Vietnam,top_artists_weekly,,84,https://yt3.googleusercontent.com/U3AzpjRzn-lMF_GGv0XpG2vNbClKMnJdFtiLnudRmWvvMw61754vThISkb39i5HDmCOIpsqlEkck4Q=w64-h64-p,,1 Anh Quân Idol,,"1月 1, 1970",1846715,"84 1 Anh Quân Idol 1月 1, 1970 83 20 1,846,715"
2026-09-13,vn,Vietnam,top_artists_weekly,,85,https://yt3.googleusercontent.com/3mUix2m96qvrCNjLGRB67qo_5w6EPoTBMLJE2jTdn4JWh6zIRhyMY1G0lkXMfpYffTiNtS2r=w64-h64-p,,8 如瓊,,"1月 1, 1970",1825472,"85 8 如瓊 1月 1, 1970 93 20 1,825,472"
2026-09-13,vn,Vietnam,top_artists_weekly,,86,https://yt3.googleusercontent.com/S3kw_snBwqxwrBJYrTb_WKmKs-U0rUTUYJSI6eFD6207S4ttmwm-99gSlB07qKDFHn3qh2_KiC70Nw=w64-h64-p,,4 Bảo Anh,,"1月 1, 1970",1823593,"86 4 Bảo Anh 1月 1, 1970 82 20 1,823,593"
2026-09-13,vn,Vietnam,top_artists_weekly,,87,https://lh3.googleusercontent.com/tqov4H7XH3Ci6SzXzMj97QjBBGBOUnyxiDFAeSDfFfV1WVmiKbArj24Cq4NzFieoJ8yHipDhHHxDsOKI=w64-h64-p,,87 Phan Đinh Tùng,,"1月 1, 1970",1823573,"87 87 Phan Đinh Tùng 1月 1, 1970 - 20 1,823,573"
2026-09-13,vn,Vietnam,top_artists_weekly,,88,https://yt3.googleusercontent.com/BskiS8MPF4wi5jHveNhMVMaUE0HF563aApyfnZ-rUMnCMrgkM3a3qfIZjAx20_Y8Saz2-6TTxR06ONY=w64-h64-p,,88 Oanh Tạ,,"1月 1, 1970",1814530,"88 88 Oanh Tạ 1月 1, 1970 - 20 1,814,530"
2026-09-13,vn,Vietnam,top_artists_weekly,,89,https://yt3.googleusercontent.com/sD_uowZ_bJgRFD3uK7CfiUxuEIEqDfb5lqgNyyg3rf9BPFxsuPuG2NtIG-EBbYcJWYWMIDCeNAClfQ=w64-h64-p,,1 Đào Nguyễn Ánh,,"1月 1, 1970",1807493,"89 1 Đào Nguyễn Ánh 1月 1, 1970 90 20 1,807,493"
2026-09-13,vn,Vietnam,top_artists_weekly,,90,https://yt3.googleusercontent.com/YRRNlVZZhOB6RW7_iYNXQw1Q78mRwF-bJSXw_wyvxJr9ctZaV6172BwA24ZXR_TGyV0tE5Sc-LIvZqWi=w64-h64-p,,19 Ari,,"1月 1, 1970",1802973,"90 19 Ari 1月 1, 1970 71 20 1,802,973"
2026-09-13,vn,Vietnam,top_artists_weekly,,91,https://lh3.googleusercontent.com/9uqv7MDLibTWArD1spq02jcXpPO5CA_mA1VNbDXMtlcjteyzYIhZPZWeB9LtW6vZKqjtdC1w_KnHBrp8=w64-h64-p,,● Minh Vuong M4U,,"1月 1, 1970",1790534,"91 ● Minh Vuong M4U 1月 1, 1970 91 20 1,790,534"
2026-09-13,vn,Vietnam,top_artists_weekly,,92,https://yt3.googleusercontent.com/ArdE9_Kds-nUsQhci21axqd40W9DauU5EJJuHmQxwzGgzkSfxtXU0R5kcpTptu7mOC5GemC1Ug=w64-h64-p,,14 COOLKID,,"1月 1, 1970",1777997,"92 14 COOLKID 1月 1, 1970 78 20 1,777,997"
2026-09-13,vn,Vietnam,top_artists_weekly,,93,https://yt3.googleusercontent.com/4k2he6M2BWzsw6g2QLSWNGOWlsrOIhHmYE-w-PVEw9BPp0bv4q-Tu1eNCF42qG2n2yRpdpbQfmI9nZ4v=w64-h64-p,,5 Trúc Nhân,,"1月 1, 1970",1775530,"93 5 Trúc Nhân 1月 1, 1970 88 20 1,775,530"
2026-09-13,vn,Vietnam,top_artists_weekly,,94,https://yt3.ggpht.com/ytc/AIdro_kZHm7fNa0IIwMFL3UIJK8Q0HMLVmKPncCeAaOJlYqFAoU=w64-h64-p,,94 Lâm Chấn Khang,,"1月 1, 1970",1775385,"94 94 Lâm Chấn Khang 1月 1, 1970 - 20 1,775,385"
2026-09-13,vn,Vietnam,top_artists_weekly,,95,https://lh3.googleusercontent.com/gS2cBMoeq9JxIQ86jDEw5UIt5ZO9nzw9WgRwkVT4hNmA_8r4xZK6olREP2JPN2raW0EvjJwmkp5y89Sp=w64-h64-p,,95 維慶,,"1月 1, 1970",1770727,"95 95 維慶 1月 1, 1970 - 20 1,770,727"
2026-09-13,vn,Vietnam,top_artists_weekly,,96,https://yt3.ggpht.com/ytc/AIdro_lBb2U8peo3C8te6t0dZjhioWZKPRaKJoEajDxlqRc7Rg=w64-h64-p,,3 H2K,,"1月 1, 1970",1765266,"96 3 H2K 1月 1, 1970 99 20 1,765,266"
2026-09-13,vn,Vietnam,top_artists_weekly,,97,https://lh3.googleusercontent.com/ElDriqQbtsnoUSDBTRbrmY2UjafJQT-En6g7qx7SY1FaEHx9T_-CpRU1TU7BvXkNP7aUtz1Ew523KRE=w64-h64-p,,20 Tăng Duy Tân,,"1月 1, 1970",1763120,"97 20 Tăng Duy Tân 1月 1, 1970 77 20 1,763,120"
2026-09-13,vn,Vietnam,top_artists_weekly,,98,https://yt3.googleusercontent.com/UKttX3rJhwi87HWoAgXQAJylTMoG14DJRC7IFXj2fv32PSU0eej6IOZsk2VRZNDODIkqMTzk=w64-h64-p,,1 Hoài Lâm,,"1月 1, 1970",1756264,"98 1 Hoài Lâm 1月 1, 1970 97 20 1,756,264"
2026-09-13,vn,Vietnam,top_artists_weekly,,99,https://yt3.googleusercontent.com/uUTpBe2hxFeiwwY9-i2cP63Dqt5fllYK1_jQac8IvFSIKE1ZjaKXZFrJI_1V3KtrOW_SHh6L7g=w64-h64-p,,10 Anh Tú,,"1月 1, 1970",1753021,"99 10 Anh Tú 1月 1, 1970 89 20 1,753,021"
2026-09-13,vn,Vietnam,top_artists_weekly,,100,https://yt3.googleusercontent.com/ZOIJNFcKD11EAkEuMdpHXNE8EEGUgG5x7JjhhMB_CyHxfRK2NvQi8a9-4LYDNJXn7wClNsErfWBD27o=w64-h64-p,,31 WEAN,,"1月 1, 1970",1751324,"100 31 WEAN 1月 1, 1970 69 20 1,751,324"
2026-09-13,th,Thailand,top_artists_weekly,,1,https://yt3.googleusercontent.com/DYQLMV3t02D_yxbR6-JIFBxkBKple-RPTHsLovVZjZnsqcMHi8S4N6RfWUoZdaBV4yQp3T-ItyE=w64-h64-p,,● BOWKYLION,,"1月 1, 1970",12926545,"1 ● BOWKYLION 1月 1, 1970 1 20 12,926,545"
2026-09-13,th,Thailand,top_artists_weekly,,2,https://yt3.googleusercontent.com/bNl_O_iX0OWaVRKB1hEn1TsXUVjicQg1wnpbI2t2lgghV99BQ3M5AHMctHHRtFSliZv6ZM_P1J5A3r3D=w64-h64-p,,● PUN,,"1月 1, 1970",11282906,"2 ● PUN 1月 1, 1970 2 20 11,282,906"
2026-09-13,th,Thailand,top_artists_weekly,,3,https://yt3.ggpht.com/ytc/AIdro_ngOl7xNCnQWXKaWponHEOGaZbJTZHRgQedZRnVNs6Xsw=w64-h64-p,,● Bodyslam,,"1月 1, 1970",10683626,"3 ● Bodyslam 1月 1, 1970 3 20 10,683,626"
2026-09-13,th,Thailand,top_artists_weekly,,4,https://yt3.googleusercontent.com/-KZqZmLjP5rR08WfFf9Hc0jo2p8YS3qd0bselzAhPn8gOGkSpMk7TT23mDJDOj34z-RXR8XwqGi_7ETR=w64-h64-p,,● หนึ่ง บีเคแบนด์,,"1月 1, 1970",10091678,"4 ● หนึ่ง บีเคแบนด์ 1月 1, 1970 4 20 10,091,678"
2026-09-13,th,Thailand,top_artists_weekly,,5,https://lh3.googleusercontent.com/SPvDM_nPpOhKnR68u_iwI50CzuIlyyVWwUNSZMLFKytaLlByUncsmZzYeO5Ay-km84xBLYVTaSBNKgrn=w64-h64-p,,3 YOUNGOHM,,"1月 1, 1970",9968612,"5 3 YOUNGOHM 1月 1, 1970 8 20 9,968,612"
2026-09-13,th,Thailand,top_artists_weekly,,6,https://lh3.googleusercontent.com/hZH54bIOs0vBi09QN7D5dGX7p5wZH0otj7V6NY8bsZctkU21lPFuyArVrYIfWmSxHmNDJbhoXbQSxTU=w64-h64-p,,8 YONIA,,"1月 1, 1970",9722392,"6 8 YONIA 1月 1, 1970 14 20 9,722,392"
2026-09-13,th,Thailand,top_artists_weekly,,7,https://lh3.googleusercontent.com/IvDeZZctvGGlKvYfmJiQ54LluArTP8OlYxZqVTHu_K53ab_NXwJCCOQdmc_PlTMm91sbHvSTzo69ODc=w64-h64-p,,1 ILLSLICK,,"1月 1, 1970",9538506,"7 1 ILLSLICK 1月 1, 1970 6 20 9,538,506"
2026-09-13,th,Thailand,top_artists_weekly,,8,https://yt3.googleusercontent.com/6tTVfqLvRQjzWtjiL5AV4apO1gX5s_Szt4-Rs-McLawP-cHaYsHdbQPHfByIVwTBAuQTl85FTPeaxFdP=w64-h64-p,,1 Loso,,"1月 1, 1970",9450622,"8 1 Loso 1月 1, 1970 9 20 9,450,622"
2026-09-13,th,Thailand,top_artists_weekly,,9,https://yt3.googleusercontent.com/cf9VlF9bdHk3ej3IbttsXPSWPHD3Je4sTw2AXCnzhDNzT66pT2cBF3H44uuxvQ8QVG7_oNY22pb4jwmp=w64-h64-p,,4 Z9,,"1月 1, 1970",9343706,"9 4 Z9 1月 1, 1970 5 20 9,343,706"
2026-09-13,th,Thailand,top_artists_weekly,,10,https://yt3.ggpht.com/ytc/AIdro_kQapRBumqZkBOz9xMx0GpoWXS5tqFIBaJm5PZMqAvNCA=w64-h64-p,,3 COCKTAIL,,"1月 1, 1970",9041334,"10 3 COCKTAIL 1月 1, 1970 7 20 9,041,334"
2026-09-13,th,Thailand,top_artists_weekly,,11,https://yt3.googleusercontent.com/B8RuU6rF6D1GrlO1GxBY8v8-7n0y9XKVCjEAzpUNI442Sy3ZkdiWbYH93kw-DVFZ26mNhI0CzA=w64-h64-p,,1 蒙肯·根坤,,"1月 1, 1970",8670836,"11 1 蒙肯·根坤 1月 1, 1970 10 20 8,670,836"
2026-09-13,th,Thailand,top_artists_weekly,,12,https://yt3.googleusercontent.com/tWVeSR36zUDuU0R1SsjggdT3ifPEw_b7gUyKupy8ekXsMz9MzH6JLzd-1BHH_6GookUfhJlPPw=w64-h64-p,,1 PURPEECH,,"1月 1, 1970",8343847,"12 1 PURPEECH 1月 1, 1970 11 20 8,343,847"
2026-09-13,th,Thailand,top_artists_weekly,,13,https://yt3.googleusercontent.com/In97NZnQ89-8zesrfkMqYVmiRk0e1xixzG0dXsjY2En_Qvp4yIH7AxIyjVPvGwjP7WpVyvmsHofIdf4=w64-h64-p,,1 SARAN,,"1月 1, 1970",8019953,"13 1 SARAN 1月 1, 1970 12 20 8,019,953"
2026-09-13,th,Thailand,top_artists_weekly,,14,https://yt3.googleusercontent.com/2Bx-7fnwdiQI_AgC221nA3cpTWHFSu8hExqNTDbVNR6BhP-RqqQKwu95AoL--emKuqp5hdAVjg=w64-h64-p,,2 Mirrr,,"1月 1, 1970",7547753,"14 2 Mirrr 1月 1, 1970 16 20 7,547,753"
2026-09-13,th,Thailand,top_artists_weekly,,15,https://yt3.ggpht.com/ytc/AIdro_kfP8rXI4Amdmk1h7NWsKhpCGJy8tzzlafbpW5LW2tJjgM=w64-h64-p,,2 Three Man Down,,"1月 1, 1970",7496433,"15 2 Three Man Down 1月 1, 1970 13 20 7,496,433"
2026-09-13,th,Thailand,top_artists_weekly,,16,https://yt3.googleusercontent.com/Zbbpal2EHdX38ZIqPJRjtRqp6r04Lq8LUcOa_Sm9CntmZeqecV9vRzdtU4x1aoeC6vq7WRrCwNTP6UWK=w64-h64-p,,1 BLVCKHEART,,"1月 1, 1970",7471246,"16 1 BLVCKHEART 1月 1, 1970 15 20 7,471,246"
2026-09-13,th,Thailand,top_artists_weekly,,17,https://lh3.googleusercontent.com/Tr91-N5WlOrGACwx9ZqusWSVJOGmnxrMnCeIPyZ_qoc1cUrtDLZcBF1qxlaFLUu9LZg1SCXbAJwSCAuq=w64-h64-p,,ธีร์ ทีเร็กซ์ OFFICIAL,,,,ธีร์ ทีเร็กซ์ OFFICIAL
2026-09-13,th,Thailand,top_artists_weekly,,18,https://yt3.googleusercontent.com/MpD4FFpnwTg45F5-_NdUfLcZaJ-4WSgVdTMiZK-Cu_ja6pOIl-7lyOkjIfh30BA0itA048NkTfTYeFU=w64-h64-p,,● Silly Fools,,"1月 1, 1970",6725729,"18 ● Silly Fools 1月 1, 1970 18 20 6,725,729"
2026-09-13,th,Thailand,top_artists_weekly,,19,https://yt3.googleusercontent.com/qcLxgGQJ-XZm3CW9wfheoMDzeXhi3nyLgSmArHaNZoeujo--xwNQvFtvztZe6OdYVd_sEySQPek_JHg=w64-h64-p,,2 KRK,,"1月 1, 1970",6724043,"19 2 KRK 1月 1, 1970 17 20 6,724,043"
2026-09-13,th,Thailand,top_artists_weekly,,20,https://lh3.googleusercontent.com/8MOh3MDdzB9l6ZrvL1KbSU--ahyoFyJcgG5FEuqIT2zQJcd8Z6EAtRWVSbzKB9HoR1_akkpQVV7HFJk=w64-h64-p,,● 卡拉寶,,"1月 1, 1970",6716513,"20 ● 卡拉寶 1月 1, 1970 20 20 6,716,513"
2026-09-13,th,Thailand,top_artists_weekly,,21,https://yt3.googleusercontent.com/6fInkI1Uu2Hx9raAuyOZ3X-pmiYMXooMx0-7eT5WSxxgDcOdKCjeZovj7wXDV9KPGtGON1ZJ=w64-h64-p,,4 大屁股樂團,,"1月 1, 1970",6581794,"21 4 大屁股樂團 1月 1, 1970 25 20 6,581,794"
2026-09-13,th,Thailand,top_artists_weekly,,22,https://yt3.googleusercontent.com/mRMp0b_xApz2sHCTNt71EzBeRi9pF5m2QTlc4PVacrkLtTTdW-c9P4BGuYmA-kbw79rB9UZGxjLkHFXW=w64-h64-p,,อ.ไข่ มาลีฮวนน่า,,,,อ.ไข่ มาลีฮวนน่า
2026-09-13,th,Thailand,top_artists_weekly,,23,https://lh3.googleusercontent.com/jSAwr4kjuHIx91Y8dsZIvPx9Qmi_1sGKjxpnNfILwgI9Iz1zUHygFXuKN9IuQJcTTqGiz1HnXFUsEw=w64-h64-p,,พงษ์สิทธิ์ คำภีร์,,,,พงษ์สิทธิ์ คำภีร์
2026-09-13,th,Thailand,top_artists_weekly,,24,https://yt3.googleusercontent.com/DU6Kpr5TYKcW6QHvMnsJau5_8QSuix8LCLtf5UEaziZZdXw8SxvcxJ9YWmVIQuzhg2R-MVHYgjdGCQ=w64-h64-p,,2 Ariana Grande,,"1月 1, 1970",5878580,"24 2 Ariana Grande 1月 1, 1970 26 20 5,878,580"
2026-09-13,th,Thailand,top_artists_weekly,,25,https://yt3.googleusercontent.com/PoRg-euBwJ0C43D_AoRG0ZUMKZTYZgVPKwoFnddWTpD1_4s40cIinBPdAbISpPoTv0gAzWfaAA=w64-h64-p,,2 奧拉泰,,"1月 1, 1970",5639116,"25 2 奧拉泰 1月 1, 1970 27 20 5,639,116"
2026-09-13,th,Thailand,top_artists_weekly,,26,https://yt3.googleusercontent.com/FsR_Gou5VtZrqvWcDHZx9RMwNmMCjKT1tblbbt44FgOuQCnVlrDFH1YePj50mTvwcapAC_4sew=w64-h64-p,,7 JOEY PHUWASIT,,"1月 1, 1970",5492852,"26 7 JOEY PHUWASIT 1月 1, 1970 19 20 5,492,852"
2026-09-13,th,Thailand,top_artists_weekly,,27,https://lh3.googleusercontent.com/bUd4wSatgECbCYkj876mD4OXMhpzl4SWpSGQagI8BbLcBpWHt4HJKYSKr9orgYgHfibJ-NgbgO7-lpzx=w64-h64-p,,1 PROXIE,,"1月 1, 1970",5401932,"27 1 PROXIE 1月 1, 1970 28 20 5,401,932"
2026-09-13,th,Thailand,top_artists_weekly,,28,https://lh3.googleusercontent.com/I2AtJc4L0wCTatVHR1wEgobrRexYK9Fq-rQan81jmL9zmLFdSDFtF7de3OuhCBOs9lKO8VIQf8of_S1k=w64-h64-p,,2 賽桑・蘇品麥,,"1月 1, 1970",5193757,"28 2 賽桑・蘇品麥 1月 1, 1970 30 20 5,193,757"
2026-09-13,th,Thailand,top_artists_weekly,,29,https://yt3.googleusercontent.com/RmUDFPJyvsxePIhpvkhmp6OE83Z4uUIBih5ba5tGZ5MwZO-m-e-Syhm2D6tvTRDMNaWdWwbzqg=w64-h64-p,,6 PORZAX,,"1月 1, 1970",5171853,"29 6 PORZAX 1月 1, 1970 35 20 5,171,853"
2026-09-13,th,Thailand,top_artists_weekly,,30,https://yt3.googleusercontent.com/K4pKRW4t-ZIoqWC-5URiTW5pJYz0lxYxvkppZZ7eAefWeWNNZuYQ8XR8RwzBfYUL7m_Td-rPNugsJig=w64-h64-p,,17 埋代•話摘星,,"1月 1, 1970",5067479,"30 17 埋代•話摘星 1月 1, 1970 47 20 5,067,479"
2026-09-13,th,Thailand,top_artists_weekly,,31,https://yt3.googleusercontent.com/Lf6-3WUNiN9tc__DBS0kcg89eep_EqiVoF-ElcVeZC8azfXaBdWzsL6jbvkA9x0LRRWLh2GIgsYDiVQ=w64-h64-p,,● Dr.Fuu,,"1月 1, 1970",4876238,"31 ● Dr.Fuu 1月 1, 1970 31 20 4,876,238"
2026-09-13,th,Thailand,top_artists_weekly,,32,https://yt3.ggpht.com/ytc/AIdro_lY6kVJFrj7L6ebB01zc82m7nTb-YGPXxFfnjXdRUtZlA=w64-h64-p,,10 Kong Huayrai,,"1月 1, 1970",4859739,"32 10 Kong Huayrai 1月 1, 1970 22 20 4,859,739"
2026-09-13,th,Thailand,top_artists_weekly,,33,https://lh3.googleusercontent.com/BKgJ2Qcko6lgLsnvB-URUnK2bgQ682OoJd7Dpa0829XrmIC40zfsFm74vNdmyaMBx8xUt-MHFwDIUUC9=w64-h64-p,,41 Jennie,,"1月 1, 1970",4787412,"33 41 Jennie 1月 1, 1970 74 20 4,787,412"
2026-09-13,th,Thailand,top_artists_weekly,,34,https://yt3.googleusercontent.com/M5EMH2WZ0b3NDP_4gK7kLNkKSisoeKuG958wc4cxBttbLG6BpAvNLT_rQ_xCK_8DfcOIKjZsmIY=w64-h64-p,,5 Yes'sir days,,"1月 1, 1970",4719084,"34 5 Yes'sir days 1月 1, 1970 29 20 4,719,084"
2026-09-13,th,Thailand,top_artists_weekly,,35,https://yt3.googleusercontent.com/oVkIqwjsgJSAsaWaoPJO-GvyXB2UBdcqy0nwLrfkhZ_tWamYwTX3fv-S9TH3n8dUpQKY0x_loaQ=w64-h64-p,,2 Musketeers,,"1月 1, 1970",4390606,"35 2 Musketeers 1月 1, 1970 33 20 4,390,606"
2026-09-13,th,Thailand,top_artists_weekly,,36,https://lh3.googleusercontent.com/g234lnS_qibwulmE2BnlnSFHnALrW5njsw-K4hJp89MntvZfrkI8FxnpFo79fV8k8ABNi9IKaMtgSrNe=w64-h64-p,,● Bedroom Audio,,"1月 1, 1970",4370499,"36 ● Bedroom Audio 1月 1, 1970 36 20 4,370,499"
2026-09-13,th,Thailand,top_artists_weekly,,37,https://yt3.googleusercontent.com/AFvP9875wo397ZWM-W5h2DV8DEqmFclPUGkV8_ve3K6F8MxKq51UsSnOE4-VSMCRCGgYl0NLsA=w64-h64-p,,3 Potato,,"1月 1, 1970",4353272,"37 3 Potato 1月 1, 1970 34 20 4,353,272"
2026-09-13,th,Thailand,top_artists_weekly,,38,https://lh3.googleusercontent.com/tYX8P0Q8l7lODmYZqOkho2QaYvJU4fw44gObBJMzKIFO016jTK-hYdtSCI-77lL0wo2wrT7hlB3yWtU=w64-h64-p,,6 Tattoo Colour,,"1月 1, 1970",4346551,"38 6 Tattoo Colour 1月 1, 1970 44 20 4,346,551"
2026-09-13,th,Thailand,top_artists_weekly,,39,https://yt3.googleusercontent.com/CNxHPwEZ0Wwlu_0VppuGhfjWHgFo7BSj7bApcjKX13g18iwuuqcycQzgr54bmJLte17dpgNuo0A=w64-h64-p,,9 ดิด คิตตี้,,"1月 1, 1970",4319719,"39 9 ดิด คิตตี้ 1月 1, 1970 48 20 4,319,719"
2026-09-13,th,Thailand,top_artists_weekly,,40,https://yt3.ggpht.com/ytc/AIdro_m9V1F-7b15EXJL6zBqEvtupeHLM7mSbrK8yqqyj2jRGw=w64-h64-p,,8 派·蓬沙吞,,"1月 1, 1970",4256612,"40 8 派·蓬沙吞 1月 1, 1970 32 20 4,256,612"
2026-09-13,th,Thailand,top_artists_weekly,,41,https://yt3.ggpht.com/ytc/AIdro_mqPmYBMTcAmwTa9P51mJ8YCV5lk0I5j1exdoix5jC4xQ=w64-h64-p,,1 Labanoon,,"1月 1, 1970",4184664,"41 1 Labanoon 1月 1, 1970 40 20 4,184,664"
2026-09-13,th,Thailand,top_artists_weekly,,42,https://lh3.googleusercontent.com/lwD4AHPargyHv-0quinuUZe_iK9OLXxI1oGBrYeQ1CXjE82wDl_wpqPzfudI1oU3AiO0G1KaTCtiaw=w64-h64-p,,8 Ink Waruntorn,,"1月 1, 1970",4172344,"42 8 Ink Waruntorn 1月 1, 1970 50 20 4,172,344"
2026-09-13,th,Thailand,top_artists_weekly,,43,https://yt3.googleusercontent.com/qCRUeqRD078-d7KNf-W7JhdCy0EW2R9FsF37korJP22w4oQj1cP5DzpLF2wY3GPFXr0TDrlG=w64-h64-p,,4 NONT TANONT,,"1月 1, 1970",4148301,"43 4 NONT TANONT 1月 1, 1970 39 20 4,148,301"
2026-09-13,th,Thailand,top_artists_weekly,,44,https://yt3.ggpht.com/ytc/AIdro_k8UmEFc5eTdPaKWj08WJeW4PA7SN9vHTmMOZzHHIbQ8mg=w64-h64-p,,12 JSPKK,,"1月 1, 1970",4130318,"44 12 JSPKK 1月 1, 1970 56 8 4,130,318"
2026-09-13,th,Thailand,top_artists_weekly,,45,https://yt3.googleusercontent.com/RCpTA6EXJQyjVFDosWOKa2SMmqkua_lA9mHPDWWciLwgqpZLz-k8rXWRF_367trrQ7up9BUwCbk6kRk=w64-h64-p,,2 Taylor Swift,,"1月 1, 1970",4097033,"45 2 Taylor Swift 1月 1, 1970 43 20 4,097,033"
2026-09-13,th,Thailand,top_artists_weekly,,46,https://lh3.googleusercontent.com/U-SAmNOu4TynE818gLCfKsuHZ0U5YNEtO9mrjSI9WCCKERs98LzrCal5kajBBTQNwdcisoB2Bn-pHp4=w64-h64-p,,5 The Weeknd,,"1月 1, 1970",4090487,"46 5 The Weeknd 1月 1, 1970 41 20 4,090,487"
2026-09-13,th,Thailand,top_artists_weekly,,47,https://yt3.googleusercontent.com/ZJTEA59hqLvhRvGiky6Kxkc8BbLljGfZcVO3um-HIaAfxb921syIalAsrTsDA15_vHtUzXovgU8=w64-h64-p,,10 FREEHAND,,"1月 1, 1970",4047738,"47 10 FREEHAND 1月 1, 1970 37 20 4,047,738"
2026-09-13,th,Thailand,top_artists_weekly,,48,https://lh3.googleusercontent.com/lNDS6_NXXKM-n1-1K-CMI-SQThxfICx79_PXtXnL-yCjUZfUwSGPLKRvJzPWOwmUTI7Sc5WE85GwVRM=w64-h64-p,,4 欽達拉·蓬叻,,"1月 1, 1970",3940244,"48 4 欽達拉·蓬叻 1月 1, 1970 52 20 3,940,244"
2026-09-13,th,Thailand,top_artists_weekly,,49,https://lh3.googleusercontent.com/Y0BMRylQZn--6HNMWwV6B_-nRRoiFMUt89Vt6X-JgU9HHXyLfOzkJCI8VIzORq_1g8vJlrUaScJdxIM=w64-h64-p,,4 fellow fellow,,"1月 1, 1970",3866139,"49 4 fellow fellow 1月 1, 1970 45 20 3,866,139"
2026-09-13,th,Thailand,top_artists_weekly,,50,https://yt3.googleusercontent.com/tgNxOXa-_OBJjtgDdOCRERKvLVuPdsMZFAZjGkHOcONZM7fdRjF-Xb5v973g63ojbgiyvYaKAg=w64-h64-p,,1 AYLA's,,"1月 1, 1970",3758663,"50 1 AYLA's 1月 1, 1970 51 20 3,758,663"
2026-09-13,th,Thailand,top_artists_weekly,,51,https://yt3.googleusercontent.com/N0dXq3ZvHQ1PcxdGs8Tr1vE6MoNAMy0qcKNavpe__k19zsCCw-NHUVfkLM1IYfm_IJYIdNOHmV8=w64-h64-p,,2 โชเล่ย์ ชคัทพล,,"1月 1, 1970",3738001,"51 2 โชเล่ย์ ชคัทพล 1月 1, 1970 49 20 3,738,001"
2026-09-13,th,Thailand,top_artists_weekly,,52,https://yt3.googleusercontent.com/uMl3t6q_WIMurfjV4Hw6GvY4yASmTIA_h22u4V8O-wQ9EUwKo9B_Ya0wPpeAzL6yVW-KZVc9OHo=w64-h64-p,,Kantong Tungngern,,,,Kantong Tungngern
2026-09-13,th,Thailand,top_artists_weekly,,53,https://yt3.googleusercontent.com/DQA0vfilm99udmYrRHSshrXv8O7MporgjF4Polh_U1SDaxaOmIZ1BL2UcREWgy8G_Rjv3D1vZQ=w64-h64-p,,11 Only Monday,,"1月 1, 1970",3672782,"53 11 Only Monday 1月 1, 1970 42 20 3,672,782"
2026-09-13,th,Thailand,top_artists_weekly,,54,https://yt3.googleusercontent.com/1Tta6IdHy1nTccT5q_wHkaJJxX3EAwrpMthNk2j9XjDlN8lAx2-ati0G5fNTDRu4xynJ-m306Aq9xmcZ8Q=w64-h64-p,,แจ๊ส สปุ๊กนิค ปาปิยอง กุ๊กกุ๊ก,,,,แจ๊ส สปุ๊กนิค ปาปิยอง กุ๊กกุ๊ก
2026-09-13,th,Thailand,top_artists_weekly,,55,https://yt3.googleusercontent.com/5cvD-uWtlvpnphnH9b-05JzlsnHEUuMJMYCvX3a8yVGfv7B7TN39WaYpEe8Opmr2bi0a6DNkBaKaF5jV=w64-h64-p,,17 ปราง ปรางทิพย์,,"1月 1, 1970",3578411,"55 17 ปราง ปรางทิพย์ 1月 1, 1970 38 20 3,578,411"
2026-09-13,th,Thailand,top_artists_weekly,,56,https://yt3.googleusercontent.com/o2hXfaNRI7Kq4P0VkgJMhlSD_mlfg9rvjnpeuZcU04BN0UhaAtJG0JX7JBDRHkLVuedE7jejH-V35SKk=w64-h64-p,,10 Palmy,,"1月 1, 1970",3557688,"56 10 Palmy 1月 1, 1970 46 20 3,557,688"
2026-09-13,th,Thailand,top_artists_weekly,,57,https://yt3.googleusercontent.com/F1e5LKm6WxOEOljZ8ffW5xdX-DX_c40inrpigHBhl93viR9V8K-QE0NNE5EXg2Db2I_yrxbFWZrbRiIa=w64-h64-p,,2 Clash,,"1月 1, 1970",3519152,"57 2 Clash 1月 1, 1970 55 20 3,519,152"
2026-09-13,th,Thailand,top_artists_weekly,,58,https://yt3.googleusercontent.com/W26izL8GFWQGqqSET-qPFeGgS_dGMTRBmR58Bqo2gyaUZEul_szj5tuFzo5KLaAIW6594AWd1MtXsnaVdw=w64-h64-p,,● guncharlie,,"1月 1, 1970",3511281,"58 ● guncharlie 1月 1, 1970 58 20 3,511,281"
2026-09-13,th,Thailand,top_artists_weekly,,59,https://yt3.googleusercontent.com/xO9xhfJCTky5tQL8wehWdqPFYmI1eR-No686-n6D0PRzGBsrnaUbQBdhY706UabGwdryySiOn4c=w64-h64-p,,● 딱땐 촌다,,"1月 1, 1970",3495302,"59 ● 딱땐 촌다 1月 1, 1970 59 20 3,495,302"
2026-09-13,th,Thailand,top_artists_weekly,,60,https://lh3.googleusercontent.com/4ULlRiFBFglNemZJyKn6_e2-iOIdJEbgBgq_79RQclndG6pge0yGgS2k2On6E1FkCJzenyHkHRzkvjFp=w64-h64-p,,3 Justin Bieber,,"1月 1, 1970",3365183,"60 3 Justin Bieber 1月 1, 1970 57 20 3,365,183"
2026-09-13,th,Thailand,top_artists_weekly,,61,https://lh3.googleusercontent.com/LGZOs_k6BO_5EeJ21E3yGgiLh_NA-3CUmQcQk3m4Z2Wko7hZnMvDNge-Q9dkmQBGzOgyNfkc0T6hzA=w64-h64-p,,1 通猜·麥金泰,,"1月 1, 1970",3340218,"61 1 通猜·麥金泰 1月 1, 1970 62 20 3,340,218"
2026-09-13,th,Thailand,top_artists_weekly,,62,https://lh3.googleusercontent.com/zTePr9wIPMcmSkwDkzAhTifQ0_VyPWtD3rQou1aQAmI3tVAtRrEkst0zBXwqwVyImW-qMH-QhEG2elqK=w64-h64-p,,2 Season Five,,"1月 1, 1970",3257817,"62 2 Season Five 1月 1, 1970 60 20 3,257,817"
2026-09-13,th,Thailand,top_artists_weekly,,63,https://yt3.googleusercontent.com/Bh78NItLobIsS5EJe0NpHR9hh9Ozz9JmK_icS15_ldcCnCBV3CpWwZXQlU8w0Mgj3xxXsGMgP7M=w64-h64-p,,2 ASIA7,,"1月 1, 1970",3238527,"63 2 ASIA7 1月 1, 1970 61 20 3,238,527"
2026-09-13,th,Thailand,top_artists_weekly,,64,https://yt3.googleusercontent.com/BPhKNenKV5jIBYnzj0n-7jloh9YYHETeckNm7mTUbNo8FarpqRBc0gucM2XZpSRONnFnOL36kQq0uVHu=w64-h64-p,,12 หยุด สาละวัน,,"1月 1, 1970",3232897,"64 12 หยุด สาละวัน 1月 1, 1970 76 3 3,232,897"
2026-09-13,th,Thailand,top_artists_weekly,,65,https://yt3.googleusercontent.com/181xPmULPrxKOr9N7UeQxh5tfPiRzh8avFEzPApAULAoXXdGPOvTyKmQzR7Xo-2FzCWg8ewMNXrF4g=w64-h64-p,,30 Lek Ratchamet,,"1月 1, 1970",3215019,"65 30 Lek Ratchamet 1月 1, 1970 95 20 3,215,019"
2026-09-13,th,Thailand,top_artists_weekly,,66,https://yt3.googleusercontent.com/R9LiXtW6eUK1b5bHQl9NjqmiwbYTDuHIDWWqO06GXHyRjLY9QkjkAlqfQwfx64Q4HWyhFrX6hJ7sjO77=w64-h64-p,,2 Pang Nakarin,,"1月 1, 1970",3195907,"66 2 Pang Nakarin 1月 1, 1970 68 20 3,195,907"
2026-09-13,th,Thailand,top_artists_weekly,,67,https://yt3.googleusercontent.com/RmsiU2i1N7h5K3wiREuD9qLR5N5vgsdw5TlnvvewXmvJ-X9mo1AoK6EjHl2XZCcqSHyZVLWy1e9VZko=w64-h64-p,,2 Am Seatwo,,"1月 1, 1970",3186091,"67 2 Am Seatwo 1月 1, 1970 69 20 3,186,091"
2026-09-13,th,Thailand,top_artists_weekly,,68,https://lh3.googleusercontent.com/0zh-zCEXhZ0XPyCHL-WU-fkggzF-_rpJQHbSDsmVei-zNU2x1A0emOWniaA6qYSapbym92W25tJUmOc=w64-h64-p,,1 Maiyarap,,"1月 1, 1970",3147934,"68 1 Maiyarap 1月 1, 1970 67 20 3,147,934"
2026-09-13,th,Thailand,top_artists_weekly,,69,https://yt3.googleusercontent.com/372HO0QXTEMD4y5ycn-Cpen3A1QogfI3az00qlAoVKzUGfxy_nthzq5KGdIyF738StBxTHSQxn7MxTlY=w64-h64-p,,16 manutsawee,,"1月 1, 1970",3077957,"69 16 manutsawee 1月 1, 1970 53 20 3,077,957"
2026-09-13,th,Thailand,top_artists_weekly,,70,https://lh3.googleusercontent.com/ZhozGNYB1INmjcRWqk99-REyODjazWsZNrGrUBw81-emoDoKzYO1q-9m0yWQXbFhsgj2Gtxcn5Uy2FTL=w64-h64-p,,7 GAVIN:D,,"1月 1, 1970",3039230,"70 7 GAVIN:D 1月 1, 1970 63 20 3,039,230"
2026-09-13,th,Thailand,top_artists_weekly,,71,https://lh3.googleusercontent.com/e8-lxYrWps5soulxKROlZqTpkKqt0PthHMMYR-fwkNQUIInvbE1JhuTRhuL_eIYD5tVtpiVXS8lf64o=w64-h64-p,,71 4EVE,,"1月 1, 1970",3022612,"71 71 4EVE 1月 1, 1970 - 20 3,022,612"
2026-09-13,th,Thailand,top_artists_weekly,,72,https://yt3.googleusercontent.com/svHpptd2_f0Q_YrVv8RDktd2bcW8HPkgDsW0sPkXT05OZb9gPlp2_wwqZE0r5M8t6sFphX7QyMn6khM=w64-h64-p,,5 Lipta,,"1月 1, 1970",2991105,"72 5 Lipta 1月 1, 1970 77 20 2,991,105"
2026-09-13,th,Thailand,top_artists_weekly,,73,https://yt3.googleusercontent.com/W3VtAuXKAj42DfjCxvODckwc7X0OpWF0TFKzj1d1g2OML9hjjwT3CRb-PPdxmmlt6GXf2fSB=w64-h64-p,,2 Beer Prompong,,"1月 1, 1970",2977795,"73 2 Beer Prompong 1月 1, 1970 75 20 2,977,795"
2026-09-13,th,Thailand,top_artists_weekly,,74,https://lh3.googleusercontent.com/NXu8rPYUFaGlHpcRHVCOtE3FOiNNuamM7CbefsKZLzeR5eUUOpvsmbQsAudmaxqHXqY1EMXGE6qtM_g=w64-h64-p,,9 F.HERO,,"1月 1, 1970",2950749,"74 9 F.HERO 1月 1, 1970 65 20 2,950,749"
2026-09-13,th,Thailand,top_artists_weekly,,75,https://lh3.googleusercontent.com/hnefGBrazRhn4Z92bdSZBUENl40ONjRiVDsmZKZh-WZ2iCKE-2c7KKR7SNcZfzLHoRyB3E6as8L87YA=w64-h64-p,,9 Bruno Mars,,"1月 1, 1970",2929453,"75 9 Bruno Mars 1月 1, 1970 84 20 2,929,453"
2026-09-13,th,Thailand,top_artists_weekly,,76,https://yt3.googleusercontent.com/VKLe3q975eWwu1slk2WyRdJybm8wU_XKqhKo0pL0nJnfYlIYyLaLG5p_EtoITMmBT-i4H_y3yKZ-H4RZ=w64-h64-p,,7 西里彭·安派蓬,,"1月 1, 1970",2924525,"76 7 西里彭·安派蓬 1月 1, 1970 83 20 2,924,525"
2026-09-13,th,Thailand,top_artists_weekly,,77,https://yt3.googleusercontent.com/NpJjNjWba2DCqupQjIAhtgfqSHMku0W9GxDk-pUY41Nbj3FE0uiyh0qmojcFWSkQH31Gnks4tA=w64-h64-p,,11 邁克·比隆蓬,,"1月 1, 1970",2898381,"77 11 邁克·比隆蓬 1月 1, 1970 88 20 2,898,381"
2026-09-13,th,Thailand,top_artists_weekly,,78,https://yt3.googleusercontent.com/hJozclCDYVtHb4CzlhF3QyYLSaMHq0FS-OoG71t97h013vDtLI69m4zFpz_WDIu0CW_7Q9i7onhGhk8=w64-h64-p,,8 傑夫·沙圖爾,,"1月 1, 1970",2857920,"78 8 傑夫·沙圖爾 1月 1, 1970 70 20 2,857,920"
2026-09-13,th,Thailand,top_artists_weekly,,79,https://yt3.googleusercontent.com/DSo5I2g_b9WBVa3By00wI68ZGm8PsrD5jR-XPPxoZ3CcYnIDgqXIr70jIKSA_YFEsLb5Oe3HnA=w64-h64-p,,79 TAITOSMITH,,"1月 1, 1970",2854382,"79 79 TAITOSMITH 1月 1, 1970 - 20 2,854,382"
2026-09-13,th,Thailand,top_artists_weekly,,80,https://yt3.googleusercontent.com/qbU8okZNspmmXBUTMNDAXvOlhuquG-jlfPpsHY3XvMZ8SlZLumi5gYDl1K0dhSa-_Qw7qTpWNgo=w64-h64-p,,14 บ่าววี,,"1月 1, 1970",2846412,"80 14 บ่าววี 1月 1, 1970 66 20 2,846,412"
2026-09-13,th,Thailand,top_artists_weekly,,81,https://yt3.googleusercontent.com/tPLXkoTZfSQV_BM5FZj0eUQ7o_uN266T-X5sQpMCbjNHkUtfMYrmLWcu7wCmYY387S7P4Mx6sg4jrGf9=w64-h64-p,,3 โต๋เหน่อ,,"1月 1, 1970",2816643,"81 3 โต๋เหน่อ 1月 1, 1970 78 20 2,816,643"
2026-09-13,th,Thailand,top_artists_weekly,,82,https://yt3.googleusercontent.com/nFsUBVFMJBsVfK3srdJNuUtNMl2Rf9Flg4XFi-qrAjxFnOteON2N1--yQdOFoXenKF0HarNHWA=w64-h64-p,,10 WANYAi,,"1月 1, 1970",2750011,"82 10 WANYAi 1月 1, 1970 72 20 2,750,011"
2026-09-13,th,Thailand,top_artists_weekly,,83,https://yt3.googleusercontent.com/s7PjFHZgSQCjZBNLzBG_6PUmI1TtqV_jmIKttKHdkxNTX_VrWLKbyQ5Le8DTSpKnQUJlxP_3nSH2bf8E=w64-h64-p,,2 บุ๊ค ศุภกาญจน์,,"1月 1, 1970",2730369,"83 2 บุ๊ค ศุภกาญจน์ 1月 1, 1970 85 20 2,730,369"
2026-09-13,th,Thailand,top_artists_weekly,,84,https://yt3.googleusercontent.com/nIw3oz21Uy4lE3D10uxrI9Wjq_PcEamK4qyKdFkSak1ZgvIk4TTBlChGuMMeBJsJcg5SvKtUGA=w64-h64-p,,84 MEYOU,,"1月 1, 1970",2727673,"84 84 MEYOU 1月 1, 1970 - 20 2,727,673"
2026-09-13,th,Thailand,top_artists_weekly,,85,https://yt3.googleusercontent.com/28CB0wDHApP24bs-aGFOTPDiK1DGKGOID9U8z_wrXJy137birKOVqLB8ZabfdOXWRSJDMSa8efRqTr8RlA=w64-h64-p,,5 KLEAR,,"1月 1, 1970",2716980,"85 5 KLEAR 1月 1, 1970 80 20 2,716,980"
2026-09-13,th,Thailand,top_artists_weekly,,86,https://yt3.googleusercontent.com/qRYmWa5dzOlRoD8_uHIhsrAmwk8N9QiO7S_Rg3H4YyemB3oN3661_3en_7q9eJ8gvuoZAR9v0iFX8HW1=w64-h64-p,,5 BABYMONSTER,,"1月 1, 1970",2693161,"86 5 BABYMONSTER 1月 1, 1970 81 20 2,693,161"
2026-09-13,th,Thailand,top_artists_weekly,,87,https://yt3.googleusercontent.com/NbJ-41S1kYIxyidBE1Ci9tsyKKBlLMTXbl92YreKPL67C5raZ3ng9dHgt3JzZTP7QxTI98Nqf_QA6MFf=w64-h64-p,,8 Atom Chanakan,,"1月 1, 1970",2675382,"87 8 Atom Chanakan 1月 1, 1970 79 20 2,675,382"
2026-09-13,th,Thailand,top_artists_weekly,,88,https://yt3.googleusercontent.com/RfC-Rs0OeXoqY_7ZCfkjoWa6_UvSJPeRgHj2mKnE8zkCSCaAUG_emLulbPaTkHLPHbBPdfM8=w64-h64-p,,2 Taxi,,"1月 1, 1970",2652998,"88 2 Taxi 1月 1, 1970 86 20 2,652,998"
2026-09-13,th,Thailand,top_artists_weekly,,89,https://yt3.googleusercontent.com/VFRAdIO1kr04GU3MQ52zCiaA06AvA-Qc_qgWe6yhUbKs2T2w9oTA4mcPPpKGbMg88cZGa3f8OsSNjAZDpg=w64-h64-p,,18 LITTLE JOHN,,"1月 1, 1970",2639616,"89 18 LITTLE JOHN 1月 1, 1970 71 20 2,639,616"
2026-09-13,th,Thailand,top_artists_weekly,,90,https://yt3.googleusercontent.com/J1hBYUzXYs0sDD1EF1l3XxXpS-kcBgdxMMweX35_52COYr3No28szIjJLzvhcM4on-GRPudg5VM=w64-h64-p,,1 Vieng Naruemon,,"1月 1, 1970",2627919,"90 1 Vieng Naruemon 1月 1, 1970 91 20 2,627,919"
2026-09-13,th,Thailand,top_artists_weekly,,91,https://yt3.googleusercontent.com/M77KNhcKlKzcvkADU2wRx3b3LIVTktXchg0OjM07tmnHuqHfu7rxPCrIMZ9qx2nL4T9r54PtQTM=w64-h64-p,,5 No One Else,,"1月 1, 1970",2601632,"91 5 No One Else 1月 1, 1970 96 20 2,601,632"
2026-09-13,th,Thailand,top_artists_weekly,,92,https://yt3.googleusercontent.com/tDF2QMBKeSSEZwXj9MW3PozpVxA9cQwZAIPTGL50l-wQUYS92vdy3va8-Lh4h2PVAwrhE5ru4PN6S0_quw=w64-h64-p,,92 沙揚·訕耶,,"1月 1, 1970",2596739,"92 92 沙揚·訕耶 1月 1, 1970 - 20 2,596,739"
2026-09-13,th,Thailand,top_artists_weekly,,93,https://yt3.googleusercontent.com/Pt2Qr9eBEtjL16sw3Kf0sVlRqmjN0tEjRvcp0BH7hyrDY5BvjIafkClHQOhY0TrQIRuCaKpHEQ=w64-h64-p,,11 วสันต์17,,"1月 1, 1970",2596737,"93 11 วสันต์17 1月 1, 1970 82 20 2,596,737"
2026-09-13,th,Thailand,top_artists_weekly,,94,https://yt3.googleusercontent.com/0GjRvKmcvzS-C7wzAy0YGnd0sKRvgtPNYs0En6FvQcO2Jv1Ke2LW5Nu4OomgOFjxGMTd_PlKwuZu0OAL=w64-h64-p,,5 普提蓬·阿薩拉塔納功,,"1月 1, 1970",2593323,"94 5 普提蓬·阿薩拉塔納功 1月 1, 1970 89 20 2,593,323"
2026-09-13,th,Thailand,top_artists_weekly,,95,https://yt3.googleusercontent.com/7jndWy5UJwFJKueBCrizeFWOFwxKUOZZjRMIcPyRlv1X18tY9aJpkuSz_PpamnHVjbYV6s_oER8oi4g=w64-h64-p,,2 Maroon 5,,"1月 1, 1970",2556220,"95 2 Maroon 5 1月 1, 1970 93 20 2,556,220"
2026-09-13,th,Thailand,top_artists_weekly,,96,https://lh3.googleusercontent.com/StviKtNPz77KIZYfx1SSlwcgPuYgDc2zBQB8fen0UhTH6TMIdbIdK52iVrKBDYMcS7kT_y8a1iUoUGIG=w64-h64-p,,6 UrboyTJ,,"1月 1, 1970",2527051,"96 6 UrboyTJ 1月 1, 1970 90 20 2,527,051"
2026-09-13,th,Thailand,top_artists_weekly,,97,https://yt3.googleusercontent.com/96z1AnF-GEFeTSw8PVXUn2YqVc87kgL-BfgiKH5GYFcNsTWFRYhorEdQ8j3CTUBLutZLJPbT0IAB8I2t=w64-h64-p,,10 Pop Pongkool,,"1月 1, 1970",2519229,"97 10 Pop Pongkool 1月 1, 1970 87 20 2,519,229"
2026-09-13,th,Thailand,top_artists_weekly,,98,https://yt3.googleusercontent.com/vbIn7SPl-cNWWNvwj1k_S_Yhp4-ov1srHFoaWC2fsZLeVTTQshCkTS8vg4iaY2yHBiUmnBD1BQ=w64-h64-p,,98 BOVINI,,"1月 1, 1970",2429751,"98 98 BOVINI 1月 1, 1970 - 16 2,429,751"
2026-09-13,th,Thailand,top_artists_weekly,,99,https://lh3.googleusercontent.com/8rsLpP6VJjt-yTN8ZG5rY-qt2aCC-IYMWmVkk7qa8c5vrjO6zetKSgwO2QknHI3FtWl6Zannp2VsQ5o=w64-h64-p,,5 防彈少年團,,"1月 1, 1970",2358315,"99 5 防彈少年團 1月 1, 1970 94 20 2,358,315"
2026-09-13,th,Thailand,top_artists_weekly,,100,https://lh3.googleusercontent.com/48LfK4z6o-CCEWgHQnQfg0ltcT9tbZSN0qjSh0FSJsJI5GF48j2-pH219ciG1ML-PI80ZGD4Vz6sjg=w64-h64-p,,8 Post Malone,,"1月 1, 1970",2298272,"100 8 Post Malone 1月 1, 1970 92 20 2,298,272"
2026-09-13,id,Indonesia,top_artists_weekly,,1,https://yt3.googleusercontent.com/h8P1jEIZLM8lkMxNA6Nbq98b43wcqllJSNmcZTCRPAB-F6rG_0Nqw5w7fwou0PN1QGwSW5viwWD5NV0=w64-h64-p,,● 圖魯斯,,"1月 1, 1970",27540374,"1 ● 圖魯斯 1月 1, 1970 1 517 27,540,374"
2026-09-13,id,Indonesia,top_artists_weekly,,2,https://lh3.googleusercontent.com/WP-k6kFk2XdH_l41tw8zWFNe9M-TVTnmfPCuqHJLj5apoMbsfUz6-UR9ICwspp2chE6_ra2ZB-nccA=w64-h64-p,,● Raim Laode,,"1月 1, 1970",21130411,"2 ● Raim Laode 1月 1, 1970 2 186 21,130,411"
2026-09-13,id,Indonesia,top_artists_weekly,,3,https://yt3.googleusercontent.com/aR6R3_nuDbj9eoDE3tsxttNFBSthNSg8iM2APyap5bbBKhgJdA1j-tKBeloUrsctnO8IUJmPyoDtvXIQ=w64-h64-p,,● Ajeng Febria,,"1月 1, 1970",15581986,"3 ● Ajeng Febria 1月 1, 1970 3 142 15,581,986"
2026-09-13,id,Indonesia,top_artists_weekly,,4,https://yt3.googleusercontent.com/xFQbHjuH9LO_HkIMSAOf-vu1jMe-hH8y0L0VVEKPSkQn650JFu1Y46RWIIE4oF_kt0JTR5DlxI-NJwBc=w64-h64-p,,● Dewa 19,,"1月 1, 1970",14881644,"4 ● Dewa 19 1月 1, 1970 4 520 14,881,644"
2026-09-13,id,Indonesia,top_artists_weekly,,5,https://lh3.googleusercontent.com/6xEP8mOA5xguCiwfeNq08D1o0GK7iPSNMwp80jJpyxw4bwdOgo4EO-8T4rnb8gv3_283YEoQsZvRLD4k=w64-h64-p,,1 Peterpan,,"1月 1, 1970",14231663,"5 1 Peterpan 1月 1, 1970 6 520 14,231,663"
2026-09-13,id,Indonesia,top_artists_weekly,,6,https://lh3.googleusercontent.com/woWOuYcLDhSRRyFn6kNHJtaiGpD3dW2SnYZanXVdqe96T9Qs1Bt1GchfV73HsIJq2R013krAX3DyLA=w64-h64-p,,1 Denny Caknan,,"1月 1, 1970",13132238,"6 1 Denny Caknan 1月 1, 1970 7 361 13,132,238"
2026-09-13,id,Indonesia,top_artists_weekly,,7,https://yt3.googleusercontent.com/tT6TN1LKZbhluK9T-EExroZnXNvfVhelBEfVOAUc12k1WCoRbvztRdIP_A549z1Z4E1vpf6BK5p1p6yCvw=w64-h64-p,,1 Ari Lesmana,,"1月 1, 1970",12636303,"7 1 Ari Lesmana 1月 1, 1970 8 28 12,636,303"
2026-09-13,id,Indonesia,top_artists_weekly,,8,https://lh3.googleusercontent.com/5_t9JRn7KopQJjyw8_1t8RFmaNSaX-P75wsHbUGDNqTNS3X-qUDvU8033AJn3D_y1IK-gSpIzBwX4w=w64-h64-p,,1 eńau,,"1月 1, 1970",12589912,"8 1 eńau 1月 1, 1970 9 33 12,589,912"
2026-09-13,id,Indonesia,top_artists_weekly,,9,https://yt3.googleusercontent.com/sYMSnRegTIYAiQh6u-WM_mqqF0sF9NxSdSMl9XFXyqajJP0Ky690gw70xIIkiZ2HV2wjEANbUVDtuNY=w64-h64-p,,1 For Revenge,,"1月 1, 1970",11393556,"9 1 For Revenge 1月 1, 1970 10 240 11,393,556"
2026-09-13,id,Indonesia,top_artists_weekly,,10,https://yt3.googleusercontent.com/8YZ5cVq1d0RiEaYlM9_QdVtIfjkrLaxugP37r-vTvfAYMMRrt0jkE9PvX_yIDD8RZwt-5N8U0_vOg9E=w64-h64-p,,Difarina Indra Adella,,,,Difarina Indra Adella
2026-09-13,id,Indonesia,top_artists_weekly,,11,https://yt3.googleusercontent.com/-Nneom8RvoAW-ofeDOq3f29NXwrryp2kkqFpLzLA0c6rV1cjgeJGfMXjoGnxwYPPml2vNR8-v6s=w64-h64-p,,6 Naykilla,,"1月 1, 1970",9779784,"11 6 Naykilla 1月 1, 1970 5 81 9,779,784"
2026-09-13,id,Indonesia,top_artists_weekly,,12,https://yt3.googleusercontent.com/kj5XbrtjWS3G_96iQFhl0214DVdtZNAAU1bqshj-iG2VoQ69u_1ax6RQwFMK2t5bIANI_6vi1QM=w64-h64-p,,● Ipank,,"1月 1, 1970",9775586,"12 ● Ipank 1月 1, 1970 12 339 9,775,586"
2026-09-13,id,Indonesia,top_artists_weekly,,13,https://yt3.googleusercontent.com/U-1QenVA8PwyjRTNx3nb64yIQaX9XurvdqqGa2KbkCAynuhg4fmNwsapGl4cvrDEouhKGNwLS008svNn=w64-h64-p,,11 Laila Ayu,,"1月 1, 1970",9739057,"13 11 Laila Ayu 1月 1, 1970 24 100 9,739,057"
2026-09-13,id,Indonesia,top_artists_weekly,,14,https://lh3.googleusercontent.com/hnefGBrazRhn4Z92bdSZBUENl40ONjRiVDsmZKZh-WZ2iCKE-2c7KKR7SNcZfzLHoRyB3E6as8L87YA=w64-h64-p,,● Bruno Mars,,"1月 1, 1970",9713525,"14 ● Bruno Mars 1月 1, 1970 14 520 9,713,525"
2026-09-13,id,Indonesia,top_artists_weekly,,15,https://yt3.googleusercontent.com/DU6Kpr5TYKcW6QHvMnsJau5_8QSuix8LCLtf5UEaziZZdXw8SxvcxJ9YWmVIQuzhg2R-MVHYgjdGCQ=w64-h64-p,,● Ariana Grande,,"1月 1, 1970",9483448,"15 ● Ariana Grande 1月 1, 1970 15 520 9,483,448"
2026-09-13,id,Indonesia,top_artists_weekly,,16,https://yt3.googleusercontent.com/RCpTA6EXJQyjVFDosWOKa2SMmqkua_lA9mHPDWWciLwgqpZLz-k8rXWRF_367trrQ7up9BUwCbk6kRk=w64-h64-p,,1 Taylor Swift,,"1月 1, 1970",9431463,"16 1 Taylor Swift 1月 1, 1970 17 519 9,431,463"
2026-09-13,id,Indonesia,top_artists_weekly,,17,https://yt3.googleusercontent.com/8ImMAMQSD4FA6-gdqCZWSFaB-drHvkdfiFcFAk7Mcyy56ctfWD-Xxno-CHfGC4L6Ql8aR61XT0vX0F4b=w64-h64-p,,1 Hindia,,"1月 1, 1970",9270581,"17 1 Hindia 1月 1, 1970 16 321 9,270,581"
2026-09-13,id,Indonesia,top_artists_weekly,,18,https://lh3.googleusercontent.com/49jlarJQA3SqQRrZZODYQjRZwj7e-duxZWwF3taTj8TxgSRw_U_ebvVPvVPAU0KxPeNw76xWZw17ejiN=w64-h64-p,,5 Yeni Inka,,"1月 1, 1970",9233297,"18 5 Yeni Inka 1月 1, 1970 13 291 9,233,297"
2026-09-13,id,Indonesia,top_artists_weekly,,19,https://yt3.googleusercontent.com/0DYgncH9lp2FoR5VYkK0cTkp-GhZZPTKRsOKxVW60daRsxoKVqeVHkMzqdd9AKAgEcagRqVSvLykR_BB=w64-h64-p,,Silvy Kumalasari,,,,Silvy Kumalasari
2026-09-13,id,Indonesia,top_artists_weekly,,20,https://yt3.googleusercontent.com/VdgLqr3Sno_U1IXj9qzk43azloCsjBeDy6MpFjfD8kMmco0AeL81qow0cpHynDfpaVlujCY11O7QO4d6=w64-h64-p,,17 Mahalini,,"1月 1, 1970",8698688,"20 17 Mahalini 1月 1, 1970 37 277 8,698,688"
2026-09-13,id,Indonesia,top_artists_weekly,,21,https://yt3.googleusercontent.com/FDpwAfFsiJkf5kXfe6BwaNPprL8DbJKJlSWqrgNJwRI7Im9pi8o4ykZPKVaw6iPtA92HL7N2LIGGQHi-=w64-h64-p,,13 Hearts2Hearts,,"1月 1, 1970",8212014,"21 13 Hearts2Hearts 1月 1, 1970 34 78 8,212,014"
2026-09-13,id,Indonesia,top_artists_weekly,,22,https://yt3.googleusercontent.com/afyGsY_lRKW48vh9fmW4GdLzoe8GLqtiJLTLDR48mlXPcUmjoce2hEMjmutCsXiVcJFGT5IUgLfB63U=w64-h64-p,,1 Ungu,,"1月 1, 1970",8124706,"22 1 Ungu 1月 1, 1970 23 520 8,124,706"
2026-09-13,id,Indonesia,top_artists_weekly,,23,https://lh3.googleusercontent.com/_wPXKRCH5rAX8AK1kJZ1bNhSpNyyEgBRNmREdPmLbvTy3sX_ldiKMRYFc5uChygV_KRx_SDrH1KgUifk=w64-h64-p,,3 阿爾卡·雅格尼克,,"1月 1, 1970",8088705,"23 3 阿爾卡·雅格尼克 1月 1, 1970 26 520 8,088,705"
2026-09-13,id,Indonesia,top_artists_weekly,,24,https://lh3.googleusercontent.com/4ULlRiFBFglNemZJyKn6_e2-iOIdJEbgBgq_79RQclndG6pge0yGgS2k2On6E1FkCJzenyHkHRzkvjFp=w64-h64-p,,2 Justin Bieber,,"1月 1, 1970",7851357,"24 2 Justin Bieber 1月 1, 1970 22 520 7,851,357"
2026-09-13,id,Indonesia,top_artists_weekly,,25,https://yt3.googleusercontent.com/vS1JdQdr9N316SQUWem0Bt6LftIHiHkXgKPQ4X1SVjSFq5w7P2GlyjzpWENEy9EmxzEGhClSCw=w64-h64-p,,5 Juan Reza,,"1月 1, 1970",7819840,"25 5 Juan Reza 1月 1, 1970 20 93 7,819,840"
2026-09-13,id,Indonesia,top_artists_weekly,,26,https://yt3.googleusercontent.com/1MrTMYk3XQeTy0EDkJOOkRaHwV2jo-8Es2y8ksOyDThn1btv3VrtzRJy8PbRzVY1V-xj9DBaELpR8jnS=w64-h64-p,,19 Nadin Amizah,,"1月 1, 1970",7770157,"26 19 Nadin Amizah 1月 1, 1970 45 308 7,770,157"
2026-09-13,id,Indonesia,top_artists_weekly,,27,https://lh3.googleusercontent.com/R7us4X19S1_-TLYiTywN_Hg0OFQCjlxDY2kYh5PjGXx2109VPUSLIwczdXlyGn_nY7AmsBqUdZpDfg=w64-h64-p,,● Perunggu,,"1月 1, 1970",7655220,"27 ● Perunggu 1月 1, 1970 27 65 7,655,220"
2026-09-13,id,Indonesia,top_artists_weekly,,28,https://yt3.googleusercontent.com/jNHzuYXdeXnh1mhJSFbEvRUYp4r5FdehgiTZ4Zgknet808bl6MALeTIDN9cTUB7TnBF0emLrmqUjqQNH=w64-h64-p,,3 Niken Salindry,,"1月 1, 1970",7613842,"28 3 Niken Salindry 1月 1, 1970 31 195 7,613,842"
2026-09-13,id,Indonesia,top_artists_weekly,,29,https://lh3.googleusercontent.com/ZBI5XEhdUvkE59Kr7HKZYIjoopuA_kC0uPAWNsEw-EmLfTtRaXuDEv-qYWTv_lahkpA8Yuhe7P-sO2Y=w64-h64-p,,● Sheila on 7,,"1月 1, 1970",7405174,"29 ● Sheila on 7 1月 1, 1970 29 520 7,405,174"
2026-09-13,id,Indonesia,top_artists_weekly,,30,https://lh3.googleusercontent.com/WQi78Q-ACu0BaJzpbGB6tzd_xn-zjkZC1PqHuLxxP2vTFNOQUWNiTTEtCt5JePxbLFJZMTAPk23y2nk=w64-h64-p,,3 Happy Asmara,,"1月 1, 1970",7373500,"30 3 Happy Asmara 1月 1, 1970 33 354 7,373,500"
2026-09-13,id,Indonesia,top_artists_weekly,,31,https://yt3.googleusercontent.com/jjFbDHc_GFI6lVSSRPGWMrh71fJ16iZYMccLFbkN_Jq6uR-QYXzgRwFDSuZeDpOuAbIIzNnPAPDZgAHv=w64-h64-p,,Nadhif Basalamah,,,,Nadhif Basalamah
2026-09-13,id,Indonesia,top_artists_weekly,,32,https://yt3.googleusercontent.com/2qXhxUzIKFdkfNh89HtBUD69AaiIVR_EiNPGJVj1HRS0Njk2mcmVVu85ZFnnBiLAytJww-I6JWDj2je4=w64-h64-p,,20 Simpatik Music,,"1月 1, 1970",7093137,"32 20 Simpatik Music 1月 1, 1970 52 146 7,093,137"
2026-09-13,id,Indonesia,top_artists_weekly,,33,https://lh3.googleusercontent.com/xSk9Ej427QD9qTs24NkEQFiU23p8KURWUVcdy-Sp1nU7YaxmeTDstuqm0ot_chPzbogJnnwuWjoXk2Y=w64-h64-p,,7 羅馬・伊拉馬,,"1月 1, 1970",7003557,"33 7 羅馬・伊拉馬 1月 1, 1970 40 442 7,003,557"
2026-09-13,id,Indonesia,top_artists_weekly,,34,https://yt3.googleusercontent.com/DDebW5VciXI_oMRQC1cRIWlpDIWVaS8c_CbcCkf89YeHVziP9lkgA0xUZmmVRxGKmC3qmppuMtvIsa5U=w64-h64-p,,6 Juicy Luicy,,"1月 1, 1970",6924355,"34 6 Juicy Luicy 1月 1, 1970 28 291 6,924,355"
2026-09-13,id,Indonesia,top_artists_weekly,,35,https://yt3.googleusercontent.com/E8nupXSF6-wweZCLqn5vwxPcLIGW2Tg9szpacMZoLXOXa1PGh-WpU5-7FH8YLfElD8Lbzh15kljZog=w64-h64-p,,3 Katy Perry,,"1月 1, 1970",6727733,"35 3 Katy Perry 1月 1, 1970 32 405 6,727,733"
2026-09-13,id,Indonesia,top_artists_weekly,,36,https://lh3.googleusercontent.com/wmItRT4hTCJrmnlsh_JBgOeBXww9mquXhrNR0oW3_hPW9LsZ5Z2grMij01EaENdt6ensOJfKm-OCBKqJ=w64-h64-p,,● Sal Priadi,,"1月 1, 1970",6633088,"36 ● Sal Priadi 1月 1, 1970 36 188 6,633,088"
2026-09-13,id,Indonesia,top_artists_weekly,,37,https://yt3.googleusercontent.com/1WQkucf-R6qRfs-n0DGLHcxPAscqNQ-oyr84GR_NZl-P8ZSr9N33MXf4iPNlaZDNy8sGtMir1Q=w64-h64-p,,1 Ndarboy Genk,,"1月 1, 1970",6466624,"37 1 Ndarboy Genk 1月 1, 1970 38 313 6,466,624"
2026-09-13,id,Indonesia,top_artists_weekly,,38,https://yt3.googleusercontent.com/taxtgIghV9GbhxPOJ2_Utqh8T72EEBcGynoNX2dw9z-sSurU2GIW7vEM06ZYHJLOtcIOXvQZTpkfoJc=w64-h64-p,,1 Pamungkas,,"1月 1, 1970",6421861,"38 1 Pamungkas 1月 1, 1970 39 356 6,421,861"
2026-09-13,id,Indonesia,top_artists_weekly,,39,https://yt3.googleusercontent.com/RhoIalTCrJvhF1qMTUOUtijIDixBVOn6o42-JKBFJ-NE22anNRP1SSDK0bBJx-Q5a0jb0c1b=w64-h64-p,,4 Kahitna,,"1月 1, 1970",6337853,"39 4 Kahitna 1月 1, 1970 35 87 6,337,853"
2026-09-13,id,Indonesia,top_artists_weekly,,40,https://yt3.googleusercontent.com/NDJK-SF-0wXoG8O1NRurU7KYaQLkq_wsanpyd3x7xWLEwuibl8EQ3bpQ0EGj2VH_1uylIxB82ws=w64-h64-p,,3 Arief,,"1月 1, 1970",6337193,"40 3 Arief 1月 1, 1970 43 282 6,337,193"
2026-09-13,id,Indonesia,top_artists_weekly,,41,https://lh3.googleusercontent.com/coesV4OVEVkua3_wJG-2BVvTc95yHF9sS1W6mOAtl4-vvTjQb250Hy_nVlfvudmEugb7_k05vhY9aJm4=w64-h64-p,,3 Udit Narayan,,"1月 1, 1970",6183465,"41 3 Udit Narayan 1月 1, 1970 44 520 6,183,465"
2026-09-13,id,Indonesia,top_artists_weekly,,42,https://lh3.googleusercontent.com/DGtHDBg0fDPUmEJcmwPkjRqZcmw5R_ubEHGP_PZfBIrXjSLWCWtBJjm8Zp3ZyzAt0UqhoQ1_rPBuNSE=w64-h64-p,,● Tasya,,"1月 1, 1970",6160030,"42 ● Tasya 1月 1, 1970 42 369 6,160,030"
2026-09-13,id,Indonesia,top_artists_weekly,,43,https://yt3.googleusercontent.com/tvw8MiMqwgr8GfXYj2xvGRqdU182mEC2_sL7RUWvOsfeI1b0ZqL9dOyl0j9Xr5P5BUOqHlkR=w64-h64-p,,4 Shinta Arsinta,,"1月 1, 1970",6136914,"43 4 Shinta Arsinta 1月 1, 1970 47 174 6,136,914"
2026-09-13,id,Indonesia,top_artists_weekly,,44,https://lh3.googleusercontent.com/zau9NHD_yabaiGfvwf52ckNIP2KVKh9RDZgMsGkAnAvb2ZJxw9P9icgFE8ROabj9S5Dq3HS5mhO9LY8=w64-h64-p,,5 伊萬・法爾斯,,"1月 1, 1970",6096049,"44 5 伊萬・法爾斯 1月 1, 1970 49 520 6,096,049"
2026-09-13,id,Indonesia,top_artists_weekly,,45,https://lh3.googleusercontent.com/9KoRhPXYu9pl6BiSN_oCBpaAd5Qs6uBxflQze_OoO-wPokdmKxy8WhAGa2GcEPGFA14H8sGGLcqKdAc=w64-h64-p,,3 Armada,,"1月 1, 1970",6080953,"45 3 Armada 1月 1, 1970 48 520 6,080,953"
2026-09-13,id,Indonesia,top_artists_weekly,,46,https://lh3.googleusercontent.com/D0XwIujDQOyeEwjeq7eF6lZA2GWF8TCkP7uVyXMqmvQWoubzy8i4wItMCLUBYdI64GS-IGeWL6EXl2Y=w64-h64-p,,● Akbar Chalay,,"1月 1, 1970",5849019,"46 ● Akbar Chalay 1月 1, 1970 46 46 5,849,019"
2026-09-13,id,Indonesia,top_artists_weekly,,47,https://lh3.googleusercontent.com/5FAL48O443AKKbDjv2howYu93mptVQieLfZLJ3xd0iESkZRFnPbZfhyRAGQ6yWekjbepBIYGTUCDufA=w64-h64-p,,6 Jacson Seran,,"1月 1, 1970",5828543,"47 6 Jacson Seran 1月 1, 1970 41 106 5,828,543"
2026-09-13,id,Indonesia,top_artists_weekly,,48,https://lh3.googleusercontent.com/v78O_zDgEMvUp35uR0s0fU9pyvRJkELYJKKfYS33Kg1NpQrE4W-dzuS3CHuwWTdYsIs5RzwNpkiekcE=w64-h64-p,,5 .Feast,,"1月 1, 1970",5714012,"48 5 .Feast 1月 1, 1970 53 108 5,714,012"
2026-09-13,id,Indonesia,top_artists_weekly,,49,https://yt3.googleusercontent.com/5ci78rKknUuBjvn9esGu_zXAZOzA62XIsRu6FMUj52xJIv0Yszfni4nHWJVUkr1BbxtBJhKcdcgZPXE=w64-h64-p,,2 七級煉獄,,"1月 1, 1970",5685049,"49 2 七級煉獄 1月 1, 1970 51 520 5,685,049"
2026-09-13,id,Indonesia,top_artists_weekly,,50,https://yt3.googleusercontent.com/MtBfcbV9Evdu_piXiPbEtakvDVmQ8uthkbhjagM0etf3xp693PRp6hZREJGcMJFerVAhvaMe=w64-h64-p,,9 Toton Caribo,,"1月 1, 1970",5641408,"50 9 Toton Caribo 1月 1, 1970 59 172 5,641,408"
2026-09-13,id,Indonesia,top_artists_weekly,,51,https://yt3.googleusercontent.com/_hdS_butsf59vn7Dx6VQE3LEqVMRHN16FoV-qGhkHNY5giHu6fcBO2FmHNv7T_Cojw_uh_5iJn1mA5mP=w64-h64-p,,5 ALPHA DRIVE ONE,,"1月 1, 1970",5449117,"51 5 ALPHA DRIVE ONE 1月 1, 1970 56 2 5,449,117"
2026-09-13,id,Indonesia,top_artists_weekly,,52,https://yt3.googleusercontent.com/XrOmGBFyqD2DOpxQHuxzsUDa4O1iNaSgmQS6xuEIMKW-WoqeY-4TBcQW9qm5xXc-bCBWNLP71qbmzB0=w64-h64-p,,2 Virgoun,,"1月 1, 1970",5395774,"52 2 Virgoun 1月 1, 1970 50 429 5,395,774"
2026-09-13,id,Indonesia,top_artists_weekly,,53,https://yt3.googleusercontent.com/C2B6FsCM_ExtCH2xzVGDEy_DbltLgNzdvJKd103G31htHAmhvjqSl-LQKdoe3km89fOc2wfFn7G7UkhE=w64-h64-p,,53 Diskoria,,"1月 1, 1970",5387777,"53 53 Diskoria 1月 1, 1970 - 60 5,387,777"
2026-09-13,id,Indonesia,top_artists_weekly,,54,https://lh3.googleusercontent.com/aFx8s1fTuelgxONGbezmTG0EKR8r82uB5H-Q6ZJtssyCWLJWF8GfZNr4tHo84sXdFCPBKrA4R6zXOss=w64-h64-p,,54 Dua Lipa,,"1月 1, 1970",5348481,"54 54 Dua Lipa 1月 1, 1970 - 377 5,348,481"
2026-09-13,id,Indonesia,top_artists_weekly,,55,https://lh3.googleusercontent.com/8rsLpP6VJjt-yTN8ZG5rY-qt2aCC-IYMWmVkk7qa8c5vrjO6zetKSgwO2QknHI3FtWl6Zannp2VsQ5o=w64-h64-p,,1 防彈少年團,,"1月 1, 1970",5095457,"55 1 防彈少年團 1月 1, 1970 54 520 5,095,457"
2026-09-13,id,Indonesia,top_artists_weekly,,56,https://yt3.googleusercontent.com/fTB-H_cf-yD0vD-PEJ8WDV8ShQRB656knI-2j8hkQbpyu8bu05Oqhgb0regKyxecpCeAsqSMzQ=w64-h64-p,,2 Ifan Seventeen,,"1月 1, 1970",5092709,"56 2 Ifan Seventeen 1月 1, 1970 58 121 5,092,709"
2026-09-13,id,Indonesia,top_artists_weekly,,57,https://yt3.googleusercontent.com/e55ebM6RQvnQnYrxQPhhEpQe_D_jkSnz0ZL3-ESFupa80kyJYMZsPT2ValYwzI4Dwp6qJtP5HlHGdY6o=w64-h64-p,,26 Royal Music,,"1月 1, 1970",4975783,"57 26 Royal Music 1月 1, 1970 83 110 4,975,783"
2026-09-13,id,Indonesia,top_artists_weekly,,58,https://lh3.googleusercontent.com/IOPk1oF8plzB2NS4GYdHLZme06-5PfP_OjMAPNhLtOfHrgzLZz6ItIcVujN31XZ4vuKLt26equAeYA=w64-h64-p,,40 Tenxi,,"1月 1, 1970",4968404,"58 40 Tenxi 1月 1, 1970 18 86 4,968,404"
2026-09-13,id,Indonesia,top_artists_weekly,,59,https://lh3.googleusercontent.com/W_yOqnKSDYyeVOY_AsXhuAtb6rW3vCL3GtJ9DA1GxWOrJfyeSOqzvTv_TkFHijdkVPXWutASBlRFPg=w64-h64-p,,5 Arijit Singh,,"1月 1, 1970",4964299,"59 5 Arijit Singh 1月 1, 1970 64 520 4,964,299"
2026-09-13,id,Indonesia,top_artists_weekly,,60,https://lh3.googleusercontent.com/BKgJ2Qcko6lgLsnvB-URUnK2bgQ682OoJd7Dpa0829XrmIC40zfsFm74vNdmyaMBx8xUt-MHFwDIUUC9=w64-h64-p,,60 Jennie,,"1月 1, 1970",4930761,"60 60 Jennie 1月 1, 1970 - 221 4,930,761"
2026-09-13,id,Indonesia,top_artists_weekly,,61,https://yt3.googleusercontent.com/41-4WZupE4yY88igineZefzBZ3ud2nrtlBMv61OBWOfOcATol8PhmI5OZ0fLlrTszyZ3Ul9I9sE=w64-h64-p,,● Olivia Rodrigo,,"1月 1, 1970",4874290,"61 ● Olivia Rodrigo 1月 1, 1970 61 292 4,874,290"
2026-09-13,id,Indonesia,top_artists_weekly,,62,https://yt3.googleusercontent.com/BeY4sDpZ9zge0jFVH0s7v31UQoOb3FubZXQGQ3z_zgFraWot-MkUuF7JH3sSCjtEfzwDgjs3LDgnVsyDJg=w64-h64-p,,2 Guyon Waton,,"1月 1, 1970",4868706,"62 2 Guyon Waton 1月 1, 1970 60 330 4,868,706"
2026-09-13,id,Indonesia,top_artists_weekly,,63,https://yt3.googleusercontent.com/tMtG60REHiBICQgc479wnea0_HvOuj1FKu7f7HftqoO9vUkJp9Rfmmybc-6k_-om0wzOnV7Mb-AkLsVM=w64-h64-p,,6 Adrian Khalif,,"1月 1, 1970",4782304,"63 6 Adrian Khalif 1月 1, 1970 57 129 4,782,304"
2026-09-13,id,Indonesia,top_artists_weekly,,64,https://yt3.googleusercontent.com/2Ue-g0juho29M95shF5dSWuxILxq43bKM-1xDztHfZNJDVIEHdGgKbCUeU5VcvzEwu2xXnze9PGah4KrRw=w64-h64-p,,9 Diva Aurel,,"1月 1, 1970",4781545,"64 9 Diva Aurel 1月 1, 1970 55 54 4,781,545"
2026-09-13,id,Indonesia,top_artists_weekly,,65,https://yt3.googleusercontent.com/7jndWy5UJwFJKueBCrizeFWOFwxKUOZZjRMIcPyRlv1X18tY9aJpkuSz_PpamnHVjbYV6s_oER8oi4g=w64-h64-p,,2 Maroon 5,,"1月 1, 1970",4756887,"65 2 Maroon 5 1月 1, 1970 63 518 4,756,887"
2026-09-13,id,Indonesia,top_artists_weekly,,66,https://yt3.googleusercontent.com/iUMi--2m_VOPZkjAJcEsdur-wZ830qsvBr1urgeTdtPvo9POYMqZmq1X7eGWq8_R6Dz0MKiZGAoIvPo=w64-h64-p,,7 羅莎,,"1月 1, 1970",4755425,"66 7 羅莎 1月 1, 1970 73 520 4,755,425"
2026-09-13,id,Indonesia,top_artists_weekly,,67,https://yt3.googleusercontent.com/MyfVUOKWHpCifDs7cDKeoLuzJNnC4zicErRVFub3yprKe9xc4ncdlSOGlXNYbrqqDk8yKhoFFPL3x_T0=w64-h64-p,,4 NDX A.K.A.,,"1月 1, 1970",4687502,"67 4 NDX A.K.A. 1月 1, 1970 71 281 4,687,502"
2026-09-13,id,Indonesia,top_artists_weekly,,68,https://yt3.googleusercontent.com/cjTBsNQ7NdrnTY_G_EZePqnZbUk6KEDRYyKkgJewt8RuWjarA9DoYOURswlbpjCWa5dfQcfDypis-sM=w64-h64-p,,6 Rizky Febian,,"1月 1, 1970",4667023,"68 6 Rizky Febian 1月 1, 1970 62 487 4,667,023"
2026-09-13,id,Indonesia,top_artists_weekly,,69,https://lh3.googleusercontent.com/hxROE1fvLWSxUYAFV3IgMp5vvjN91Jx6oS6uwSVyYN9_fb3I6PLaRa3Ufb4A0awxq4J5UoPFQAQM-Q=w64-h64-p,,1 Bernadya,,"1月 1, 1970",4635498,"69 1 Bernadya 1月 1, 1970 68 134 4,635,498"
2026-09-13,id,Indonesia,top_artists_weekly,,70,https://yt3.googleusercontent.com/fVrqVpoDVidIRGEnpxnF4ojShPgYM_ZEaZJjr6fPjt05q8eIauWWV3jifHI1tiBN-vZFeAS8m3c=w64-h64-p,,5 Judika,,"1月 1, 1970",4602354,"70 5 Judika 1月 1, 1970 65 520 4,602,354"
2026-09-13,id,Indonesia,top_artists_weekly,,71,https://lh3.googleusercontent.com/IRHvOIPtmcWMnDiT4ECRAES7_j57FrO6Rvns7eI6vpotpUtHaV8RnvVSUs6amIgMoB1uA409E_Z0_h4=w64-h64-p,,Fresly Nikijuluw,,,,Fresly Nikijuluw
2026-09-13,id,Indonesia,top_artists_weekly,,72,https://lh3.googleusercontent.com/jtoHnQltvslLoadGrtXTXMiFzBDNp4DkQbCkKJ6ZT9T3UAw2ssponsLNKh3Acs_oj-KMEwBhKSqSM5A=w64-h64-p,,5 Wali,,"1月 1, 1970",4540883,"72 5 Wali 1月 1, 1970 67 500 4,540,883"
2026-09-13,id,Indonesia,top_artists_weekly,,73,https://yt3.googleusercontent.com/BJE1MMYdYZvc1zVSeGtHeE3wZacb78aXstpop6KyjCrAf7eBz1gdnyP3-uoVtjwTvkJH6ldkRX95AA=w64-h64-p,,7 Mingse,,"1月 1, 1970",4481772,"73 7 Mingse 1月 1, 1970 66 9 4,481,772"
2026-09-13,id,Indonesia,top_artists_weekly,,74,https://yt3.googleusercontent.com/fM0YtZ2FOJbPG_keWMMEsUFL1N3TdZ93z-3aziuE69JAnfZj0IlPJOv31ykRyNbxlMKCqJsKSw=w64-h64-p,,7 Yovie Widianto,,"1月 1, 1970",4406129,"74 7 Yovie Widianto 1月 1, 1970 81 198 4,406,129"
2026-09-13,id,Indonesia,top_artists_weekly,,75,https://yt3.googleusercontent.com/TE7Cpxfp7h2i-4Ro6DvIsWw8l9vTqrfdGjquwQ3bElnxzUgIxm7WhrHE0aOjoh5cmrzljhDzpKUqQX_J=w64-h64-p,,1 Fendik Adella,,"1月 1, 1970",4401099,"75 1 Fendik Adella 1月 1, 1970 76 241 4,401,099"
2026-09-13,id,Indonesia,top_artists_weekly,,76,https://yt3.googleusercontent.com/v2IbHjnpsFFYo_Mk0acOSRbtmt-9XiT6Poie0X4ppGuCmiivtUBNO0rrZjhSHzCcyWgERfPb3v_XAWYQ=w64-h64-p,,55 Jemsii,,"1月 1, 1970",4400067,"76 55 Jemsii 1月 1, 1970 21 89 4,400,067"
2026-09-13,id,Indonesia,top_artists_weekly,,77,https://lh3.googleusercontent.com/HsZDqggC4CwKO3Jp3svqgLquXHRaMENJgx35ADX9ecZoozfxXSr1FgOOBEDIixwwsFWBTqpI1JLNvrho=w64-h64-p,,2 Raisa,,"1月 1, 1970",4355275,"77 2 Raisa 1月 1, 1970 75 450 4,355,275"
2026-09-13,id,Indonesia,top_artists_weekly,,78,https://yt3.googleusercontent.com/qRYmWa5dzOlRoD8_uHIhsrAmwk8N9QiO7S_Rg3H4YyemB3oN3661_3en_7q9eJ8gvuoZAR9v0iFX8HW1=w64-h64-p,,9 BABYMONSTER,,"1月 1, 1970",4335504,"78 9 BABYMONSTER 1月 1, 1970 69 149 4,335,504"
2026-09-13,id,Indonesia,top_artists_weekly,,79,https://yt3.googleusercontent.com/93vnJ_aG5rTlruQDFaVhZHCTTRwGzS34R3SPKKCTBDZ84xutO5KUCiu-scL_ZTaV8g6HhH27diVq4HY=w64-h64-p,,● 新好男孩,,"1月 1, 1970",4229952,"79 ● 新好男孩 1月 1, 1970 79 154 4,229,952"
2026-09-13,id,Indonesia,top_artists_weekly,,80,https://yt3.googleusercontent.com/lTm2RdztJzuzo3mqE_RKZ6X4o8dcCoxIriF951_BCi9czYcEjcM8xGj-REdEzQZn3FnppRVqUg=w64-h64-p,,10 SILET OPEN UP,,"1月 1, 1970",4225790,"80 10 SILET OPEN UP 1月 1, 1970 70 76 4,225,790"
2026-09-13,id,Indonesia,top_artists_weekly,,81,https://lh3.googleusercontent.com/U-SAmNOu4TynE818gLCfKsuHZ0U5YNEtO9mrjSI9WCCKERs98LzrCal5kajBBTQNwdcisoB2Bn-pHp4=w64-h64-p,,3 The Weeknd,,"1月 1, 1970",4204793,"81 3 The Weeknd 1月 1, 1970 78 333 4,204,793"
2026-09-13,id,Indonesia,top_artists_weekly,,82,https://yt3.googleusercontent.com/K5YkN0ruZFb_aqz2caPgencgflSqp0BqJYOSEhaCfVcjodcQS65vfH6_IO6JJUnaHI3D2s8v3i8AEyo=w64-h64-p,,● Afgan,,"1月 1, 1970",4172570,"82 ● Afgan 1月 1, 1970 82 347 4,172,570"
2026-09-13,id,Indonesia,top_artists_weekly,,83,https://yt3.googleusercontent.com/yGckU_ciz_GsjmCCWc6zwDfLdVDSVJ7s1-v7A_B2ENrg0s8PtaMjF0JvkfnlNFkjmDiXvrCaLsqC4g=w64-h64-p,,2 Kangen Band,,"1月 1, 1970",4170089,"83 2 Kangen Band 1月 1, 1970 85 519 4,170,089"
2026-09-13,id,Indonesia,top_artists_weekly,,84,https://yt3.googleusercontent.com/EtNRZXn9raEzWheS6WyCSG_kDtdvguV8UKy1snrOnRo1iP0cj3mSE4RbHhJBMT0toFqkcHjalJNMhnA=w64-h64-p,,● Andmesh,,"1月 1, 1970",4148312,"84 ● Andmesh 1月 1, 1970 84 406 4,148,312"
2026-09-13,id,Indonesia,top_artists_weekly,,85,https://yt3.googleusercontent.com/QbdMufoAFwLDebWUFWIHSv4-PkWrfAUHZ_x-bYVwCzsquwOA6DWgiFZB2WEG-0PxG9D_J-1DJ9m55kw=w64-h64-p,,Irwan Krisdiyanto,,,,Irwan Krisdiyanto
2026-09-13,id,Indonesia,top_artists_weekly,,86,https://lh3.googleusercontent.com/SeRlaBDKkz3X9WCJki7h43MP3gLE2a4rNA7hLE_up0TxhBTTwNLhtEomfG8sbZNuUaXerweIK_WWnXXF=w64-h64-p,,12 Mario G Klau,,"1月 1, 1970",4096037,"86 12 Mario G Klau 1月 1, 1970 74 292 4,096,037"
2026-09-13,id,Indonesia,top_artists_weekly,,87,https://yt3.googleusercontent.com/p2pHfw1TNl8utI7KtQJecfHN1BITD8w5myUEN3uFRSdCnUbwNm2U1_8NDAhotuk1iNZ8GA9mF9nVFsA=w64-h64-p,,87 Yura Yunita,,"1月 1, 1970",4079431,"87 87 Yura Yunita 1月 1, 1970 - 340 4,079,431"
2026-09-13,id,Indonesia,top_artists_weekly,,88,https://lh3.googleusercontent.com/mFjMekiL9JJDrJOSTpAvu264z4DDmYS6pdy51ZCLr98kA256rvxSrIIuNv12kMj8RJW2vtTq1ECDhA=w64-h64-p,,1 愛黛兒,,"1月 1, 1970",4001327,"88 1 愛黛兒 1月 1, 1970 87 416 4,001,327"
2026-09-13,id,Indonesia,top_artists_weekly,,89,https://yt3.googleusercontent.com/zm4mlnfUroBmb2CpziDw52PCGwHUjXEvn01Tm7RXHP_GFDICF5kPQcW-sWoutcswLYOn8i6K6IswF1-BbA=w64-h64-p,,1 Fira Cantika,,"1月 1, 1970",3992107,"89 1 Fira Cantika 1月 1, 1970 90 185 3,992,107"
2026-09-13,id,Indonesia,top_artists_weekly,,90,https://lh3.googleusercontent.com/vfewcvYos83Ugp9Lpx0D4TdTjT1g5rWhy-6OTAg7V1CljDjhsMoAza8FTm7PuXl6D4-KSpjwRoq5YHQ=w64-h64-p,,13 Last Child,,"1月 1, 1970",3962455,"90 13 Last Child 1月 1, 1970 77 514 3,962,455"
2026-09-13,id,Indonesia,top_artists_weekly,,91,https://yt3.googleusercontent.com/VVGOJpxGFBbbUJHurZq_U1F_BjIhaMBAY1sDhOT3a2kE2DnidfYT8L_hY7WoJOusysvzn1msCoinvtma=w64-h64-p,,● Shawn Mendes,,"1月 1, 1970",3940089,"91 ● Shawn Mendes 1月 1, 1970 91 519 3,940,089"
2026-09-13,id,Indonesia,top_artists_weekly,,92,https://yt3.googleusercontent.com/unFDF_pXq_9xSLQTTU9n1xF_LKV33KSJ6YXizW7LWqeWliB5KvhytVZpyNzwrwoXVf1Bs0KJ=w64-h64-p,,4 Andra Respati,,"1月 1, 1970",3862199,"92 4 Andra Respati 1月 1, 1970 96 373 3,862,199"
2026-09-13,id,Indonesia,top_artists_weekly,,93,https://lh3.googleusercontent.com/IOKuXtp8PCQ_Fc-vaRKm3sKIXBxFV51gZheLTH5br-YGnWHFQf_Jywcuk7wbprYRoEbQyS_XZY6-nMJX=w64-h64-p,,5 酷玩樂團,,"1月 1, 1970",3827553,"93 5 酷玩樂團 1月 1, 1970 88 520 3,827,553"
2026-09-13,id,Indonesia,top_artists_weekly,,94,https://lh3.googleusercontent.com/uE72emEZFH3TVtCZoIFYKmnf7vsb42RYQxb4X-lonyqPQuS_mLtKpLfBQ5JdHwUijfQo06BtSB7LoQ=w64-h64-p,,5 聯合公園,,"1月 1, 1970",3822244,"94 5 聯合公園 1月 1, 1970 99 520 3,822,244"
2026-09-13,id,Indonesia,top_artists_weekly,,95,https://lh3.googleusercontent.com/gYD0RV885nA7hEE9gMEZyiB-aqbiOugfsXaVChO4zBXtOqzKsiiVFGBZin01zDizrp_LeBELRrSuRw=w64-h64-p,,95 Tiara Andini,,"1月 1, 1970",3768801,"95 95 Tiara Andini 1月 1, 1970 - 324 3,768,801"
2026-09-13,id,Indonesia,top_artists_weekly,,96,https://lh3.googleusercontent.com/yFx0i6mPxQoMeGUDkdgoP_eAuIzCsWkhyVYSR0zyf5rjjngODoFUJiRHDvhg2sRytupNq1bvSH9vuPw=w64-h64-p,,96 ST 12,,"1月 1, 1970",3765971,"96 96 ST 12 1月 1, 1970 - 382 3,765,971"
2026-09-13,id,Indonesia,top_artists_weekly,,97,https://yt3.googleusercontent.com/1-Ipiq-y8WyAcWn88nuxwTHaaBWMg8VkCBuP3puDCec-neD3v-7SqoBRzmmBKmA-lir_Ie70yw9EKHk=w64-h64-p,,2 艾倫·沃克,,"1月 1, 1970",3694049,"97 2 艾倫·沃克 1月 1, 1970 95 520 3,694,049"
2026-09-13,id,Indonesia,top_artists_weekly,,98,https://yt3.googleusercontent.com/fxSLePQg2aRH2sJL7mGQb03vv8sLTyHfTswHoNtVh1jGCGy7SSKHVkqLsSgP7ltvKDrohW0yeyBIvQ=w64-h64-p,,98 Anggis Devaki,,"1月 1, 1970",3662804,"98 98 Anggis Devaki 1月 1, 1970 - 124 3,662,804"
2026-09-13,id,Indonesia,top_artists_weekly,,99,https://yt3.googleusercontent.com/U5ierX4J6fdj6vlmiIjKKHQhYphsOYHBd43bJRao1T2qrojHb_xcPsnL-gprIEn_y900oPEZhp-iPXs=w64-h64-p,,6 綠洲合唱團,,"1月 1, 1970",3662039,"99 6 綠洲合唱團 1月 1, 1970 93 308 3,662,039"
2026-09-13,id,Indonesia,top_artists_weekly,,100,https://lh3.googleusercontent.com/8uXPfl10QShqpaTMjx-L1cKDSNsCnNJanzeL59pUYO0nSKHeAZfruXjVL6moWflfVXDHT3WPnAsVPD4=w64-h64-p,,Overnight,,"1月 1, 1970",3660954,"100 100 Overnight 1月 1, 1970 - 4 3,660,954"
2026-09-13,in,India,top_artists_weekly,,1,https://lh3.googleusercontent.com/_wPXKRCH5rAX8AK1kJZ1bNhSpNyyEgBRNmREdPmLbvTy3sX_ldiKMRYFc5uChygV_KRx_SDrH1KgUifk=w64-h64-p,,● 阿爾卡·雅格尼克,,"1月 1, 1970",388072427,"1 ● 阿爾卡·雅格尼克 1月 1, 1970 1 520 388,072,427"
2026-09-13,in,India,top_artists_weekly,,2,https://lh3.googleusercontent.com/coesV4OVEVkua3_wJG-2BVvTc95yHF9sS1W6mOAtl4-vvTjQb250Hy_nVlfvudmEugb7_k05vhY9aJm4=w64-h64-p,,● Udit Narayan,,"1月 1, 1970",289473163,"2 ● Udit Narayan 1月 1, 1970 2 520 289,473,163"
2026-09-13,in,India,top_artists_weekly,,3,https://lh3.googleusercontent.com/W_yOqnKSDYyeVOY_AsXhuAtb6rW3vCL3GtJ9DA1GxWOrJfyeSOqzvTv_TkFHijdkVPXWutASBlRFPg=w64-h64-p,,● Arijit Singh,,"1月 1, 1970",260110443,"3 ● Arijit Singh 1月 1, 1970 3 520 260,110,443"
2026-09-13,in,India,top_artists_weekly,,4,https://yt3.ggpht.com/PgINZNe0qVxgMSXKG5vF82bNN4WCC12zgWsz9I7OLs4CLF9Cn0Vxq7Xc1ToupnzXrCv0nKfe3VM=w64-h64-p-k-c0x00ffffff-no-rj,,● 舒蕾亞·戈沙爾,,"1月 1, 1970",241633514,"4 ● 舒蕾亞·戈沙爾 1月 1, 1970 4 520 241,633,514"
2026-09-13,in,India,top_artists_weekly,,5,https://lh3.googleusercontent.com/cPvYaP4ByG-i7fUE-dKrjMgaNL8v3hC93ErP6meKnltvRuzxo-DINLQkTtvjfC6hVnzRMlnJEb9n3uM=w64-h64-p,,● 庫馬・山奴,,"1月 1, 1970",231059601,"5 ● 庫馬・山奴 1月 1, 1970 5 520 231,059,601"
2026-09-13,in,India,top_artists_weekly,,6,https://lh3.googleusercontent.com/feZmeXdUHGejlI2qfS6ZDzS5AJJ2dtkG4SrWJ7AgeWuAOvobr_XC4m8REZ01uHpgX0qrpyY4557vKNA=w64-h64-p,,● Shilpi Raj,,"1月 1, 1970",167235065,"6 ● Shilpi Raj 1月 1, 1970 6 313 167,235,065"
2026-09-13,in,India,top_artists_weekly,,7,https://yt3.googleusercontent.com/sjGMYJQ1J3FZEIBsMYUztMjjYOM4-NJ24CjmIHqxTWCxAM1YgjL-d_17u7_PRhTouOwwAjbu-2x5S6I=w64-h64-p,,● Pritam,,"1月 1, 1970",145092526,"7 ● Pritam 1月 1, 1970 7 438 145,092,526"
2026-09-13,in,India,top_artists_weekly,,8,https://yt3.googleusercontent.com/jEh-GLa0VeT7J8D3IhnDH9WqfdPNTp0OthFle0NNtpU6b2nVHUr3vS_trVXlBeYROz-36bAQYw=w64-h64-p,,G.V. Prakash Kumar,,,,G.V. Prakash Kumar
2026-09-13,in,India,top_artists_weekly,,9,https://lh3.googleusercontent.com/iWH_XSIO8yZvIqz8vxkwC9BjzGM4giAhR69Z6LZ0t8Rp79ASNFVwpwHZWOyyo94B_jsXl8HtFueMgMA=w64-h64-p,,1 蘇努・尼甘,,"1月 1, 1970",132975366,"9 1 蘇努・尼甘 1月 1, 1970 8 520 132,975,366"
2026-09-13,in,India,top_artists_weekly,,10,https://lh3.googleusercontent.com/aOdQY2mAYeneChSYXR-XM8Jmar12sSGavWQjNXJcoQnoxe6iri4ju4GuJKpyxDoCk3813ROgTBD72Gg=w64-h64-p,,1 拉塔・曼蓋施卡,,"1月 1, 1970",128571165,"10 1 拉塔・曼蓋施卡 1月 1, 1970 9 520 128,571,165"
2026-09-13,in,India,top_artists_weekly,,11,https://yt3.ggpht.com/ytc/AIdro_loUUAQFIvFnFeGPi7ojQ0x7KFOFusBaBXVAyxfrPiGk7U=w64-h64-p-k-c0x00ffffff-no-rj,,1 Pawan Singh,,"1月 1, 1970",127416979,"11 1 Pawan Singh 1月 1, 1970 10 520 127,416,979"
2026-09-13,in,India,top_artists_weekly,,12,https://lh3.googleusercontent.com/rdhk-_2UHeXOqem15INGphwJQBGYj3JkeckFYUZVPoL5aVPm3TS730uKayljYiuahRXolePwSsyWO8KI=w64-h64-p,,1 克瑟利·拉爾·亞達夫,,"1月 1, 1970",124148908,"12 1 克瑟利·拉爾·亞達夫 1月 1, 1970 11 520 124,148,908"
2026-09-13,in,India,top_artists_weekly,,13,https://yt3.googleusercontent.com/tdAsmMAtaKxazC86csCLxZFGFoo0yrhyJDCsqqF4p9lAHQKwVCh2hwT1HEqcTCv2c5af5k7t=w64-h64-p,,1 Masoom Sharma,,"1月 1, 1970",111614256,"13 1 Masoom Sharma 1月 1, 1970 12 212 111,614,256"
2026-09-13,in,India,top_artists_weekly,,14,https://yt3.googleusercontent.com/i-PUJfHy7H3_s1AUBWUaulTzhclF5MobqSIw_3nM3a2-kfCGsY_67K-dEOW7baAiBdfHvSOuHVjR_g=w64-h64-p,,SP Balasubrahmanyam,,,,SP Balasubrahmanyam
2026-09-13,in,India,top_artists_weekly,,15,https://yt3.ggpht.com/3_aXOzmvqweQgBaXbFLccZlhXq2-AMo_ZaCjCKnulj8kicdbf1fw-_3thbSD_3ujOY4K3lzz1A=w64-h64-p-k-c0x00ffffff-no-rj,,Anuradha Paudwal,,,,Anuradha Paudwal
2026-09-13,in,India,top_artists_weekly,,16,https://lh3.googleusercontent.com/wBG4jypwBcEGHd-qSbM2_4B46WPEhlOCjusCOEkxdnsoIC4WLS9LmFARZsE854pB-vAEYlsp4x2yiHE=w64-h64-p,,Anirudh Ravichander,,,,Anirudh Ravichander
2026-09-13,in,India,top_artists_weekly,,17,https://lh3.googleusercontent.com/E8XfclIOX4PdxZ_3l9wtn5Vqztps7NL4aWEcDoqNEQIFzupN1Cc3gQ8uS4eW50janJ8G0_nEoP3Uagk=w64-h64-p,,1 沙赫瓦特·薩赫迪夫,,"1月 1, 1970",80056198,"17 1 沙赫瓦特·薩赫迪夫 1月 1, 1970 16 52 80,056,198"
2026-09-13,in,India,top_artists_weekly,,18,https://lh3.googleusercontent.com/IAmNrms9LjVSMrBm2Ub2lhFJSPbslcTHzYEFDVgYtL2mTp40tYfJQLEkOsXNitpOcIULYU7Jpuv3ZLW2=w64-h64-p,,● 希梅什·雷希漢米亞,,"1月 1, 1970",76243518,"18 ● 希梅什·雷希漢米亞 1月 1, 1970 18 520 76,243,518"
2026-09-13,in,India,top_artists_weekly,,19,https://yt3.googleusercontent.com/vHMOuDn8gr3SW9Pm8yFgmtYzM5kj4ayng5HKRjW0OyjG9mPK923XMVtTZTt4NUG_1aemWNLSQ27zjtA=w64-h64-p,,● A. R. Rahman,,"1月 1, 1970",72654015,"19 ● A. R. Rahman 1月 1, 1970 19 520 72,654,015"
2026-09-13,in,India,top_artists_weekly,,20,https://yt3.googleusercontent.com/DI32a4ktbV42zA4V7QcVh1Ao8S7Z8ADtSfGOnOgBXlgNIsMtf_fycBJ-bX3Mtk6l6qtmNKBuY8P33GE=w64-h64-p,,● 薩米爾・安姜,,"1月 1, 1970",72257549,"20 ● 薩米爾・安姜 1月 1, 1970 20 232 72,257,549"
2026-09-13,in,India,top_artists_weekly,,21,https://yt3.googleusercontent.com/AZCi7Ry4k8s-g3eF2TkSZaOuNnEsEWDJZsPh2PA1tUjVfKy7_vSh37saeF9wItQst-PGxFOQkKSt6p0A=w64-h64-p,,2 Sai Abhyankkar,,"1月 1, 1970",70042828,"21 2 Sai Abhyankkar 1月 1, 1970 23 113 70,042,828"
2026-09-13,in,India,top_artists_weekly,,22,https://lh3.googleusercontent.com/_c102EBASHERqDnrU32iygceCB0ItZy5PSeR6rvnKEusmQWNZhZRcp_xdlZHS578a82QVSPKfOyrzn8=w64-h64-p,,● 桑妮蒂·喬寒,,"1月 1, 1970",67599416,"22 ● 桑妮蒂·喬寒 1月 1, 1970 22 520 67,599,416"
2026-09-13,in,India,top_artists_weekly,,23,https://lh3.googleusercontent.com/d_HYYh2VX3FtJqth5lEYmz7eOMNPc-g14j2nY1APqjU5TJlpRqnlseCC8v-qvNWDpj170eDizWDQlw=w64-h64-p,,1 基肖爾・庫馬爾,,"1月 1, 1970",67098204,"23 1 基肖爾・庫馬爾 1月 1, 1970 24 520 67,098,204"
2026-09-13,in,India,top_artists_weekly,,24,https://lh3.googleusercontent.com/-DkBx6GO-dX52PlxBr5ypniFaHkC_FJQ3MX4rz45yp0IZ70YdOWR9CpRED-58hzmvIhQbIWCCiC10P4=w64-h64-p,,Kavita Krishnamurthy,,,,Kavita Krishnamurthy
2026-09-13,in,India,top_artists_weekly,,25,https://yt3.googleusercontent.com/NtCQkJehaTGrff8Phb3k8og-jSjNbAxL2lP2nWuA9ejuEKqFM-OErqP7C5yGbqDK8AOfIgr5ypD9yy-GIQ=w64-h64-p,,4 米通,,"1月 1, 1970",64947509,"25 4 米通 1月 1, 1970 21 474 64,947,509"
2026-09-13,in,India,top_artists_weekly,,26,https://yt3.googleusercontent.com/cFho6QFr9dAAQ7bspBLLi6jkuASqcgmFpgC4s3mnuSZkrUnGU9Zj6EZS5AlbKNv0gVFdw3CEVEGKaQ=w64-h64-p,,● K·S·切特拉,,"1月 1, 1970",63740089,"26 ● K·S·切特拉 1月 1, 1970 26 515 63,740,089"
2026-09-13,in,India,top_artists_weekly,,27,https://yt3.googleusercontent.com/yfH5_-IYxJmhYRpMa7BDzBaVFZDuJRf_P1tmnpz-TEJI0vawEPoGkViSpNHRHPz846_Dm4iRMSDz8vM=w64-h64-p,,1 Sadhana Sargam,,"1月 1, 1970",63688558,"27 1 Sadhana Sargam 1月 1, 1970 28 520 63,688,558"
2026-09-13,in,India,top_artists_weekly,,28,https://yt3.googleusercontent.com/ykJkyILKum4B2oudDxjnf5WNenWWZAp-WEz0_CHp4cu0VnqB2-uaNDylItqC68WLXV62rdHDun-ahbg=w64-h64-p,,3 阿蒂夫·阿斯拉姆,,"1月 1, 1970",63322344,"28 3 阿蒂夫·阿斯拉姆 1月 1, 1970 25 520 63,322,344"
2026-09-13,in,India,top_artists_weekly,,29,https://lh3.googleusercontent.com/u_YlAOSU7_M6mI6_4Xo0KIIwI_9pVCnLg0BrdLQsW-KENvVuvnvsq-cHhFrCiD9Ft48jqirgp_gWWwg=w64-h64-p,,● KK,,"1月 1, 1970",61664638,"29 ● KK 1月 1, 1970 29 517 61,664,638"
2026-09-13,in,India,top_artists_weekly,,30,https://lh3.googleusercontent.com/HJYhQHl6SVpLBm-njbjM9WaAMfAZ3UHHLtuRwEn0ggyC2BJOCZ6G6Fl7PjVnZ-7jn8PXBvOFHhKKbT4=w64-h64-p,,3 Irshad Kamil,,"1月 1, 1970",59687032,"30 3 Irshad Kamil 1月 1, 1970 27 93 59,687,032"
2026-09-13,in,India,top_artists_weekly,,31,https://yt3.googleusercontent.com/fFEQDkLmuaBzUyXZAHIaQHUm78MRsN5oatXNscSJfE7e7IOFc3cVUqqgEoVo6mvYhp-3D4zd94nZZgY=w64-h64-p,,1 維沙爾·謝卡爾,,"1月 1, 1970",57160562,"31 1 維沙爾·謝卡爾 1月 1, 1970 32 324 57,160,562"
2026-09-13,in,India,top_artists_weekly,,32,https://lh3.googleusercontent.com/KrXTdVSXgcC7l4QGzaxqDLcWy8BeNL7GvhP9FrytGQXgjaYk26_HMCvrN2wST0B4eoOJ6WLYE1SvQQA=w64-h64-p,,3 Asha Bhosle,,"1月 1, 1970",56797654,"32 3 Asha Bhosle 1月 1, 1970 35 520 56,797,654"
2026-09-13,in,India,top_artists_weekly,,33,https://yt3.googleusercontent.com/EHjL_9MYDXOaoNNOKVBq7xCgNNj0TxmXbeQnk4S1dZ1a-MYqkURflq5Z8w01VdSREVL5oat7gQ-5hko=w64-h64-p,,33 希厄姆·卡莎拉,,"1月 1, 1970",56191273,"33 33 希厄姆·卡莎拉 1月 1, 1970 - 45 56,191,273"
2026-09-13,in,India,top_artists_weekly,,34,https://lh3.googleusercontent.com/k7sgqqcV5VScaMZtTmS8W_tfouLVBpgyJII0epYE2Vjw1-zzhGgUCV51aHxZn6cmZKKJgUfNlIVpZg=w64-h64-p,,4 Karan Aujla,,"1月 1, 1970",55019941,"34 4 Karan Aujla 1月 1, 1970 30 355 55,019,941"
2026-09-13,in,India,top_artists_weekly,,35,https://lh3.googleusercontent.com/Ss_NEfGmfpwXCiuoNxiKxWAoU3M484SwZ4UmahATX7KwOqIaoqTyESuNyZV3fzJm25bmjtfSUxsIFI8=w64-h64-p,,2 Yo・Yo・哈尼・辛,,"1月 1, 1970",54506090,"35 2 Yo・Yo・哈尼・辛 1月 1, 1970 33 520 54,506,090"
2026-09-13,in,India,top_artists_weekly,,36,https://lh3.googleusercontent.com/4Jd9XSimz29-o12oJKUmgfTx3otHBHlTy0jb3Ace4ti2bz8Nuo59IeneNlM9EKRQXNRpLwk6YoEuNQ=w64-h64-p,,2 Jubin Nautiyal,,"1月 1, 1970",54272848,"36 2 Jubin Nautiyal 1月 1, 1970 34 515 54,272,848"
2026-09-13,in,India,top_artists_weekly,,37,https://lh3.googleusercontent.com/QxbV6wK_wcQWcBY9rBicZlsl1-gX5M6nGjfNN3BTzgknhaSJ6yhnHW7NmF4dTx0Ch9g9-VTD6YUD2crW=w64-h64-p,,5 Ilaiyaraaja,,"1月 1, 1970",54034536,"37 5 Ilaiyaraaja 1月 1, 1970 42 291 54,034,536"
2026-09-13,in,India,top_artists_weekly,,38,https://yt3.googleusercontent.com/5Cwj11g5fLfji2chCMZP9gT2p4IzrGjyBI_6dTTsZFr0zlEBxjs3IAYYacdIgjTdYo_uD3LpPGfPZ2Jq=w64-h64-p,,38 Jangi Reddy,,"1月 1, 1970",53741745,"38 38 Jangi Reddy 1月 1, 1970 - 24 53,741,745"
2026-09-13,in,India,top_artists_weekly,,39,https://yt3.googleusercontent.com/wi8alXRwi5v_o2UffiZxzD3QaQhvFWfyl0ifaIqfbDyjWAALKwrK1WltPwIPH26Uy1O7IJpTkt00dRw=w64-h64-p,,2 Neelkamal Singh,,"1月 1, 1970",52143113,"39 2 Neelkamal Singh 1月 1, 1970 37 130 52,143,113"
2026-09-13,in,India,top_artists_weekly,,40,https://lh3.googleusercontent.com/RhE_q9W1bv6s7SBSXgsTHgdKLc1MVocl1ZvBICyjoiHP38MsJKpLLF8NP3UmOPgXajBH1N72jmrbBA=w64-h64-p,,3 安巴希·巴塔查裡亞,,"1月 1, 1970",52108539,"40 3 安巴希·巴塔查里亞 1月 1, 1970 43 520 52,108,539"
2026-09-13,in,India,top_artists_weekly,,41,https://yt3.googleusercontent.com/9o3I0hxnjE0RtaYiUovaJxV82NDqudt-U0hrv3LIv0NP_zciTYMfGnYy6BOaV7fYE_udG85zWP-yUw=w64-h64-p,,5 雅斯文·桑德拉斯,,"1月 1, 1970",51612375,"41 5 雅斯文·桑德拉斯 1月 1, 1970 36 415 51,612,375"
2026-09-13,in,India,top_artists_weekly,,42,https://lh3.googleusercontent.com/blpZLT0W8240Tac-bCvRIO9_j1v4kP4g9EdKnx0PKotrKRHr82bJjMvVPVxYHK9bdml5Yo_omphru_rx=w64-h64-p,,Dhanda Nyoliwala,,,,Dhanda Nyoliwala
2026-09-13,in,India,top_artists_weekly,,43,https://yt3.googleusercontent.com/CkSBKxmPT_97r-CR5HPGrTzZef53Li3Zgv5S8MLajtLFTrYWejm3lvJqB15bjhqYaw5pvkzR=w64-h64-p,,4 維沙爾·米什拉,,"1月 1, 1970",48752401,"43 4 維沙爾·米什拉 1月 1, 1970 47 296 48,752,401"
2026-09-13,in,India,top_artists_weekly,,44,https://yt3.googleusercontent.com/0sn-IebZUSV-wR3iWumDsn7_jBTY8titCi3bnSbDDyB3BWFBzmWPWQP0Jo0EWF_SNs_OIcXL=w64-h64-p,,4 Zubeen Garg,,"1月 1, 1970",47913963,"44 4 Zubeen Garg 1月 1, 1970 48 396 47,913,963"
2026-09-13,in,India,top_artists_weekly,,45,https://yt3.googleusercontent.com/F7O8xtPaQqWTLDJ8FauLmcI6LcQcwdGD8dJLr3LItGNo_6Xl4qlSC2VeqDV1bmzEw0H1UOjcXmu2IvRp=w64-h64-p,,6 薩辛,吉格爾,"1月 1, 1970",47841002,"45 6 薩辛-吉格爾 1月 1, 1970 39 345 47,841,002"
2026-09-13,in,India,top_artists_weekly,,46,https://yt3.googleusercontent.com/ZjpNFV5FdJiI4OzRSm3WImVBY7ijp1-oXkqAMmyfy73oLPkWdQi7iPt7s9UhtqxNVk3hiWQIEQ=w64-h64-p,,5 Aashish Yadav,,"1月 1, 1970",47623123,"46 5 Aashish Yadav 1月 1, 1970 51 166 47,623,123"
2026-09-13,in,India,top_artists_weekly,,47,https://lh3.googleusercontent.com/dJy5Bpwx4qENTOXxk9YPXrjAhghP4pRdlzvoOZq8uZXihEPMN8PXnZzM-05R1TDDJkjU7oEij8LhEfw=w64-h64-p,,Shankar Mahadevan,,,,Shankar Mahadevan
2026-09-13,in,India,top_artists_weekly,,48,https://lh3.googleusercontent.com/fV2lMYLeaJc9jxta-eXfwHhvfQHCk9c6HgTVw8MqiGasI-kZQ8qbkuHnrTcXIhzkfmwGfMxwFbI-4CU=w64-h64-p,,7 妮哈·卡卡爾,,"1月 1, 1970",46194413,"48 7 妮哈·卡卡爾 1月 1, 1970 41 520 46,194,413"
2026-09-13,in,India,top_artists_weekly,,49,https://yt3.googleusercontent.com/v3OLvtC4FbLMVN8q1NTWVMHC_PA1fB6kQ_G78J4zqh7wQfgeodjTTK85kxWmh-4HJuc5N58i9Q=w64-h64-p,,11 B Praak,,"1月 1, 1970",45915776,"49 11 B Praak 1月 1, 1970 38 401 45,915,776"
2026-09-13,in,India,top_artists_weekly,,50,https://yt3.googleusercontent.com/1P6T_foMcqpGZHGzZLguo-9E_hpySmLFhK5zjMuQhqcjbRQ-T9msL9w8U-dEKbmNJj78s86hhSdLsZqi=w64-h64-p,,2 穆罕默德·阿齊茲,,"1月 1, 1970",44831187,"50 2 穆罕默德·阿齊茲 1月 1, 1970 52 517 44,831,187"
2026-09-13,in,India,top_artists_weekly,,51,https://yt3.googleusercontent.com/QdPfCNLIFDY4vMedmsKbCx5cISWjNUad5Rv5FK8_bw4C60y5KDVeB2AVBrGKIwl6BB9LFERnyg=w64-h64-p,,7 Gur Sidhu,,"1月 1, 1970",44442968,"51 7 Gur Sidhu 1月 1, 1970 44 291 44,442,968"
2026-09-13,in,India,top_artists_weekly,,52,https://yt3.ggpht.com/ytc/AIdro_kiQJ0Hhp0O-tdaY1dy81-gSNujjccUlWstnpFr686ZlMk=w64-h64-p,,Sidhu Moose Wala,,,,Sidhu Moose Wala
2026-09-13,in,India,top_artists_weekly,,53,https://yt3.googleusercontent.com/DjjYqCa8cFL9GWy8JudDZk-S2TU4ou97LlPEF8dAv1rbZV0VzBgB_pKIneinOWMGAMVunUAypQpm4rg=w64-h64-p,,3 Sayeed Quadri,,"1月 1, 1970",42503366,"53 3 Sayeed Quadri 1月 1, 1970 50 37 42,503,366"
2026-09-13,in,India,top_artists_weekly,,54,https://yt3.googleusercontent.com/wVKciuljq1DYatvSKTerwSbPSmkV1K0tzsu9R-2ncXtM-Tuy5mTg6Rc4u15La9z9tOjBr1_6=w64-h64-p,,9 Mustafa Zahid,,"1月 1, 1970",41711981,"54 9 Mustafa Zahid 1月 1, 1970 45 111 41,711,981"
2026-09-13,in,India,top_artists_weekly,,55,https://yt3.googleusercontent.com/okW6cGzIHVezP_kl1amShTVhxiJFX8ErptuN9OWKKua2042KEGl1Mg6wR7N_R2Eoyft-p-nV=w64-h64-p,,1 Shiva Choudhary,,"1月 1, 1970",41621043,"55 1 Shiva Choudhary 1月 1, 1970 56 188 41,621,043"
2026-09-13,in,India,top_artists_weekly,,56,https://yt3.googleusercontent.com/31ZNbXgzuYML_PR4fX9xr9UhLyMbarrX6O2JEwCouoBC38Ht1Wzxn9bls3L-Jfu3L-pU-V6D8_k=w64-h64-p,,13 Vivek,,"1月 1, 1970",41453801,"56 13 Vivek 1月 1, 1970 69 53 41,453,801"
2026-09-13,in,India,top_artists_weekly,,57,https://yt3.ggpht.com/ytc/AIdro_mlI5JHMgWLPJr9MD0QxzRwv23EvDWuSvA1via6H5iHJFA=w64-h64-p,,Sukhwinder Singh,,,,Sukhwinder Singh
2026-09-13,in,India,top_artists_weekly,,58,https://yt3.googleusercontent.com/Ip35qauI_vMztXkJ3Wd6etvLwiyRrHIGvDyKK3714vyWMBx1ogHxPxkA8ohPnOLyy68wzEVBblPmsHHU=w64-h64-p,,2 席德·斯里拉姆,,"1月 1, 1970",40601088,"58 2 席德·斯里拉姆 1月 1, 1970 60 450 40,601,088"
2026-09-13,in,India,top_artists_weekly,,59,https://lh3.googleusercontent.com/gAEG6mk98mU1GRXQnUvI6bvbqRtDLVniCn7YItbjJS3y4acOJiyogYK5skQ0ucT7nXWiBqFoaeN0-g=w64-h64-p,,5 默罕默德·拉斐,,"1月 1, 1970",40328761,"59 5 默罕默德·拉斐 1月 1, 1970 64 520 40,328,761"
2026-09-13,in,India,top_artists_weekly,,60,https://lh3.googleusercontent.com/bbR8znm7CX07mCGQH-M484ckFRaKkSmTjwrwuFZxQUBy7Uc5gQcintkpqDXCuSX0DdLLg2aPskZhC2s=w64-h64-p,,7 Badshah,,"1月 1, 1970",39355747,"60 7 Badshah 1月 1, 1970 53 520 39,355,747"
2026-09-13,in,India,top_artists_weekly,,61,https://yt3.ggpht.com/ytc/AIdro_li2lsmbfskQRf4VjFrJ0-qXRPjVmorZu8DsI4fRBBm4Wc=w64-h64-p,,6 莫赫·克,,"1月 1, 1970",38991322,"61 6 莫赫·克 1月 1, 1970 55 500 38,991,322"
2026-09-13,in,India,top_artists_weekly,,62,https://lh3.googleusercontent.com/VMHPQBMey4lkV4BxVzoPlljbLE3ZSrS1sXWBvOGxVBqH-gXQ-A1xfFSxNxCPK2TkkIfR2BQcIj_xeYY=w64-h64-p,,● Priyanka Singh,,"1月 1, 1970",38707904,"62 ● Priyanka Singh 1月 1, 1970 62 439 38,707,904"
2026-09-13,in,India,top_artists_weekly,,63,https://yt3.googleusercontent.com/V9ASnc3vfFfhmvUbGpAI1v2164SREsPAAJHW_X5bfcFEXAHAjFS8RSv0xTFedIi-BN7CzI-p=w64-h64-p,,3 ARJN,,"1月 1, 1970",38373435,"63 3 ARJN 1月 1, 1970 66 25 38,373,435"
2026-09-13,in,India,top_artists_weekly,,64,https://yt3.googleusercontent.com/0jmYDmdKLUCZVBqzIpBDskISXpcfUz9no25BpWdpZvwDIUJK4Qq6QO6JYa0qpSEhk2BFBTv-S_JV6ZN1=w64-h64-p,,3 KDS,,"1月 1, 1970",38369211,"64 3 KDS 1月 1, 1970 67 25 38,369,211"
2026-09-13,in,India,top_artists_weekly,,65,https://yt3.ggpht.com/ytc/AIdro_mbmXRIeAXR6bBQQwneeiRK9enhSfAkChnaDs1Ww4VafQ=w64-h64-p,,2 Javed Ali,,"1月 1, 1970",37945521,"65 2 Javed Ali 1月 1, 1970 63 440 37,945,521"
2026-09-13,in,India,top_artists_weekly,,66,https://www.youtube.com/s/charts/images/top_artists.png,,,,"1月 1, 1970",37766471,"66 66 1月 1, 1970 - 17 37,766,471"
2026-09-13,in,India,top_artists_weekly,,67,https://yt3.googleusercontent.com/8CGFEBmqrovrTxOC2skhjJQoFMB9QOCFAAn4vrqFsASmwQRC89OaBpEjXP_sobmQHzaIKOxq4OOZlKMc=w64-h64-p,,6 Khushi Kakkar,,"1月 1, 1970",37418656,"67 6 Khushi Kakkar 1月 1, 1970 61 150 37,418,656"
2026-09-13,in,India,top_artists_weekly,,68,https://yt3.googleusercontent.com/S6dlfijpDSpNu_4xUVzGGu-QBV4qI9xYA47o9RdUNFm421rjB0mivBBtKmCyOKO3nZ050DGfTvCuwjKppw=w64-h64-p,,11 坦尼許・巴格奇,,"1月 1, 1970",37288553,"68 11 坦尼許・巴格奇 1月 1, 1970 57 445 37,288,553"
2026-09-13,in,India,top_artists_weekly,,69,https://yt3.googleusercontent.com/7EYXXMXY594V8y4sZT2aawmdKgDAGTu5jNm9C-HpR3jY9cZJ0NMxS__nZKBdWZ1PUpJPjc2BAA=w64-h64-p,,11 迪爾吉特・杜新志,,"1月 1, 1970",36792628,"69 11 迪爾吉特・杜新志 1月 1, 1970 58 520 36,792,628"
2026-09-13,in,India,top_artists_weekly,,70,https://yt3.ggpht.com/ytc/AIdro_md1uks6dsIvyxOarKARXS3XHSLe3qkK39B30SzcHTKkA=w64-h64-p,,11 Cheema Y,,"1月 1, 1970",36457909,"70 11 Cheema Y 1月 1, 1970 59 129 36,457,909"
2026-09-13,in,India,top_artists_weekly,,71,https://yt3.googleusercontent.com/imuUtRErQsGtHhRAoFrdPeHrl7q4zF4eYTtVykw2oFHDGxE7-ZLH7Hcv4pQ8oAtaMRF8Bg5I3A8=w64-h64-p,,2 Banjaare,,"1月 1, 1970",35488656,"71 2 Banjaare 1月 1, 1970 73 26 35,488,656"
2026-09-13,in,India,top_artists_weekly,,72,https://yt3.googleusercontent.com/A48g5YBfnwM9ckO5jsgxVJEtieC3O1ot_gpSQOSXVEcZu1PQMploq7zVKfbSUqRAYDodFI_EJQ=w64-h64-p,,4 Ashu Twinkle,,"1月 1, 1970",35269296,"72 4 Ashu Twinkle 1月 1, 1970 68 197 35,269,296"
2026-09-13,in,India,top_artists_weekly,,73,https://yt3.googleusercontent.com/01iHIkN8gdGeBuTP7wefpwB841myxDunWx6uEUnU9Vex3rOQ_2YYxabshheCmPjbaFF3vp4F5A=w64-h64-p,,3 Raj Mawar,,"1月 1, 1970",35162975,"73 3 Raj Mawar 1月 1, 1970 70 321 35,162,975"
2026-09-13,in,India,top_artists_weekly,,74,https://yt3.googleusercontent.com/GEnUe3_xsReEBi3LAMu2CSOOiHzTVsv66v6SWn7RTME-jf3znyLMJUnQ3fYEaTbYgTenqs06Sq2TzcK-=w64-h64-p,,9 阿米塔布·巴塔查亞,,"1月 1, 1970",34674882,"74 9 阿米塔布·巴塔查亞 1月 1, 1970 65 218 34,674,882"
2026-09-13,in,India,top_artists_weekly,,75,https://yt3.googleusercontent.com/koiYK-CKEI38d0zwZRgk75EHU8qaev567hN4Ii_-GzikKAVPzVmrtdl4bo83H3ZEaSF0sNo=w64-h64-p,,2 Kalpana,,"1月 1, 1970",33439353,"75 2 Kalpana 1月 1, 1970 77 271 33,439,353"
2026-09-13,in,India,top_artists_weekly,,76,https://lh3.googleusercontent.com/ZksW8_EkjShyDT_9OMxSw-yMRMG3FNDU6DPI0YtGowyfD5aSlWd63qbm3q4guIqVcGQ6cgFylRQ1EQ=w64-h64-p,,17 阿曼·馬利克,,"1月 1, 1970",33201456,"76 17 阿曼·馬利克 1月 1, 1970 93 520 33,201,456"
2026-09-13,in,India,top_artists_weekly,,77,https://yt3.googleusercontent.com/Ea_u7o1gYEKehVYjz_DQYUi-Nrsmo6EIJKYt2HuNbnaUPCQsV-M68OoXEtAfN3bRBAH1fuMuew=w64-h64-p,,6 Tulsi Kumar,,"1月 1, 1970",33117113,"77 6 Tulsi Kumar 1月 1, 1970 71 519 33,117,113"
2026-09-13,in,India,top_artists_weekly,,78,https://yt3.googleusercontent.com/uQOMBpazvHHVRD0G_LB7SMJOALXp-JmRVYgHZXn1Lz8OYYiBXSgKQHc58OlMLYyrrmjtawjDDokbbLFz=w64-h64-p,,6 Palak Muchhal,,"1月 1, 1970",33090323,"78 6 Palak Muchhal 1月 1, 1970 72 520 33,090,323"
2026-09-13,in,India,top_artists_weekly,,79,https://yt3.googleusercontent.com/P0M-lerMpghXOLtHfB8njNXhndhb_kSGlEnNHHQ9_XKHQ4RozrtrUrnmulw0w88kfAe1xFXb4vNEbzdh=w64-h64-p,,● S. Janaki,,"1月 1, 1970",33084917,"79 ● S. Janaki 1月 1, 1970 79 436 33,084,917"
2026-09-13,in,India,top_artists_weekly,,80,https://lh3.googleusercontent.com/HPWVLrJGKyCjp2sTO16rdrGLVLAmH2BVWYzorh6FY6ZFEu7mVnSPF8TdV0gE421fOAlkMv1Mrhcj7Wc=w64-h64-p,,5 Hariharan,,"1月 1, 1970",32949173,"80 5 Hariharan 1月 1, 1970 75 491 32,949,173"
2026-09-13,in,India,top_artists_weekly,,81,https://yt3.googleusercontent.com/hKBstvCQSnEz6mXwKDLRAYhNZ9msqLvA6Ox2ay0JKY1Mwo0cJEhSeUfXiTsm2xK6oogwfbFbOw=w64-h64-p,,3 Raushan Rohi,,"1月 1, 1970",32499676,"81 3 Raushan Rohi 1月 1, 1970 78 200 32,499,676"
2026-09-13,in,India,top_artists_weekly,,82,https://yt3.googleusercontent.com/JKczZ03CRv85PUuJYpnZ3nv1owvKsoN13grhcu8QVD4RcaNhcSQgPVsKR-KQ1P6kL1VPTyaIw0q05QY=w64-h64-p,,2 Tuntun Yadav,,"1月 1, 1970",32440983,"82 2 Tuntun Yadav 1月 1, 1970 84 247 32,440,983"
2026-09-13,in,India,top_artists_weekly,,83,https://yt3.googleusercontent.com/iguPa-ndM0kpPY2lcGA3s0ihE_5t-E1vBpy1druoVGRwt7qeVInfvY_dOI_VnGvU226-fpZE7Q_G88k=w64-h64-p,,9 Vishal Dadlani,,"1月 1, 1970",31910916,"83 9 Vishal Dadlani 1月 1, 1970 74 417 31,910,916"
2026-09-13,in,India,top_artists_weekly,,84,https://yt3.googleusercontent.com/Lp_WMVEKb65o_KPdnguuCyNmfXmd9y0pOAoG_oDmAz3Z9c350A079e-uyMphRplZ6FwC9KVMIfzoaA=w64-h64-p,,8 Indu Sonali,,"1月 1, 1970",31875654,"84 8 Indu Sonali 1月 1, 1970 76 520 31,875,654"
2026-09-13,in,India,top_artists_weekly,,85,https://yt3.googleusercontent.com/lBKBrEG_jPVF0-vz_c1dH67B624UJT9DZh1-mt8m82a7YcXbqB6PV0wDlPhf-9iPBNtZXR1iBSM=w64-h64-p,,4 Shaan,,"1月 1, 1970",31807950,"85 4 Shaan 1月 1, 1970 81 517 31,807,950"
2026-09-13,in,India,top_artists_weekly,,86,https://yt3.googleusercontent.com/sX4SN9VoELgCQI8NOrW-D-PNdyKCGMmxOe7paUknIiijI1LXYVeAd_OkSeaBk78OP11u2aq2sGwlZems=w64-h64-p,,Roopkumar Rathod,,,,Roopkumar Rathod
2026-09-13,in,India,top_artists_weekly,,87,https://yt3.googleusercontent.com/ZJVrXso4bM3pdVhI782w_ZWjI-GGSvAfizmg-smr64xWW9M4fuiQifL1UWvD9eGf_dtCrXVJXQL4Qhij=w64-h64-p,,87 Ken Karunaas,,"1月 1, 1970",31026084,"87 87 Ken Karunaas 1月 1, 1970 - 27 31,026,084"
2026-09-13,in,India,top_artists_weekly,,88,https://yt3.googleusercontent.com/lezqY3iOKcqRRa06CwLGW7ZRRCVS1uQqdc-z0fc7GumeU4juZqFBFEzUs2VgojUE5NBfeVy_tA=w64-h64-p,,1 Shivani Singh,,"1月 1, 1970",30813673,"88 1 Shivani Singh 1月 1, 1970 87 194 30,813,673"
2026-09-13,in,India,top_artists_weekly,,89,https://yt3.googleusercontent.com/24csP-idh8dLTMTc379OqhQdyuRl7sPb4S3xMjh04_V155h1vgpuih84YrTmcvg6TnG6IWby=w64-h64-p,,Madhubanti Bagchi,,,,Madhubanti Bagchi
2026-09-13,in,India,top_artists_weekly,,90,https://yt3.googleusercontent.com/AM2oTGPZg85uEqAMeHOZw70j3TnMJ4OHoL9MoqJsCCgHIevx9TpVtk6xtA-Fpl-QfyeoHvv_LGFSDA=w64-h64-p,,5 奈蒂·莫漢,,"1月 1, 1970",30126752,"90 5 奈蒂·莫漢 1月 1, 1970 85 520 30,126,752"
2026-09-13,in,India,top_artists_weekly,,91,https://lh3.googleusercontent.com/sfmrJFsb4kHBM2Bs3RNcCxVo8TV7ymPukQYHFPMKnnCeg7LXppCieb3k7ZLp7TDsJBrpq3Gu_es7O8o=w64-h64-p,,5 吉特·甘古利,,"1月 1, 1970",29649831,"91 5 吉特·甘古利 1月 1, 1970 96 293 29,649,831"
2026-09-13,in,India,top_artists_weekly,,92,https://yt3.googleusercontent.com/R6D0x83Uvnnhdy55hbdpi4SS0I3xqYZsqr_WcsGY0SlQOimmh2HJrkq3KMunG0l9ymm1gGbvtYp_HJw=w64-h64-p,,2 K.J. Yesudas,,"1月 1, 1970",29090929,"92 2 K.J. Yesudas 1月 1, 1970 90 371 29,090,929"
2026-09-13,in,India,top_artists_weekly,,93,https://lh3.googleusercontent.com/oR-LWIKFx2w5YR6RU72EhHxlYFcI0w5yNz3otsejAfRE4UW7CqDr3xt8TPmG0kTzzc8r6-O4Gg0bQY1p=w64-h64-p,,11 Meet Bros.,,"1月 1, 1970",29024770,"93 11 Meet Bros. 1月 1, 1970 82 520 29,024,770"
2026-09-13,in,India,top_artists_weekly,,94,https://lh3.googleusercontent.com/_ld0efVFAUq-BZ_5DQbBh_5HE-W9NQJXqRw2E2p2PZQagjtkKkw-3gud1AkBqDYJQsZNXP43mO9FKw=w64-h64-p,,5 阿努·馬利克,,"1月 1, 1970",28804683,"94 5 阿努·馬利克 1月 1, 1970 89 304 28,804,683"
2026-09-13,in,India,top_artists_weekly,,95,https://yt3.googleusercontent.com/uLPqCCHxg__NEFfnTkzQOX95m6_vbzEx1aKKIarIyC5U4SnMMdVHIlAnIq2SPS8SrV8UY6tSUHIB9N0=w64-h64-p,,12 阿西斯·凱爾,,"1月 1, 1970",28693100,"95 12 阿西斯·凱爾 1月 1, 1970 83 420 28,693,100"
2026-09-13,in,India,top_artists_weekly,,96,https://yt3.googleusercontent.com/AdbrrkQucMPnYjjasiu2W-E9UXRc2IEb93ehHfkJFAR59kiW1jP2Bdl8vu0kjij0c9tFIwuFzkKWH4k=w64-h64-p,,8 Faheem Abdullah,,"1月 1, 1970",28361817,"96 8 Faheem Abdullah 1月 1, 1970 88 111 28,361,817"
2026-09-13,in,India,top_artists_weekly,,97,https://yt3.ggpht.com/ytc/AIdro_mPEnSp0WmCq864i3bcGKgC9XGPJy07U6khn_GmIYMLGw=w64-h64-p,,3 Chinmayi,,"1月 1, 1970",27064436,"97 3 Chinmayi 1月 1, 1970 94 337 27,064,436"
2026-09-13,in,India,top_artists_weekly,,98,https://yt3.googleusercontent.com/zKmXjSeugnPazIc4PEpXkmOOofITTv_aYCaL0-9yGcVcLJBtL6zKtsVUc89jTm3xOkop_QDiIq4Ks8s=w64-h64-p,,● Shrishti Bharti,,"1月 1, 1970",26688298,"98 ● Shrishti Bharti 1月 1, 1970 98 59 26,688,298"
2026-09-13,in,India,top_artists_weekly,,99,https://lh3.googleusercontent.com/NtUzmOcbzePCdm5RoN0-tNy53NuPSjpIQS6YdrhPkRxwjOaZVNujYMv9OmDqT6zTUvc-rpciIiqLcUs=w64-h64-p,,8 谷魯·蘭達瓦,,"1月 1, 1970",26594920,"99 8 谷魯·蘭達瓦 1月 1, 1970 91 520 26,594,920"
2026-09-13,in,India,top_artists_weekly,,100,https://yt3.googleusercontent.com/HeJUDrwagWjHLlR0ltnksi_P5MZfqUWj0m_ezEHdvUNj6WpbccHtFNJxsgQdBfSUmw7PRCdXMO7ypiw=w64-h64-p,,Ankush Raja,,"1月 1, 1970",26342995,"100 100 Ankush Raja 1月 1, 1970 - 352 26,342,995"
2026-09-13,sg,Singapore,top_artists_weekly,,1,https://yt3.googleusercontent.com/5vqNE8l4iYKmNCHd_YIgknhMF-W4ROcG5H7ZbdfOudxTcNSIIJrf9WpctLh43GlzFLmmcpMUxRQ918Kv=w64-h64-p,,● 周杰倫,,"1月 1, 1970",611710,"1 ● 周杰倫 1月 1, 1970 1 20 611,710"
2026-09-13,sg,Singapore,top_artists_weekly,,2,https://lh3.googleusercontent.com/QxbV6wK_wcQWcBY9rBicZlsl1-gX5M6nGjfNN3BTzgknhaSJ6yhnHW7NmF4dTx0Ch9g9-VTD6YUD2crW=w64-h64-p,,2 Ilaiyaraaja,,"1月 1, 1970",605815,"2 2 Ilaiyaraaja 1月 1, 1970 4 20 605,815"
2026-09-13,sg,Singapore,top_artists_weekly,,3,https://yt3.googleusercontent.com/RCpTA6EXJQyjVFDosWOKa2SMmqkua_lA9mHPDWWciLwgqpZLz-k8rXWRF_367trrQ7up9BUwCbk6kRk=w64-h64-p,,● Taylor Swift,,"1月 1, 1970",491649,"3 ● Taylor Swift 1月 1, 1970 3 20 491,649"
2026-09-13,sg,Singapore,top_artists_weekly,,4,https://lh3.googleusercontent.com/wBG4jypwBcEGHd-qSbM2_4B46WPEhlOCjusCOEkxdnsoIC4WLS9LmFARZsE854pB-vAEYlsp4x2yiHE=w64-h64-p,,Anirudh Ravichander,,,,Anirudh Ravichander
2026-09-13,sg,Singapore,top_artists_weekly,,5,https://yt3.googleusercontent.com/AZCi7Ry4k8s-g3eF2TkSZaOuNnEsEWDJZsPh2PA1tUjVfKy7_vSh37saeF9wItQst-PGxFOQkKSt6p0A=w64-h64-p,,5 Sai Abhyankkar,,"1月 1, 1970",420289,"5 5 Sai Abhyankkar 1月 1, 1970 10 20 420,289"
2026-09-13,sg,Singapore,top_artists_weekly,,6,https://lh3.googleusercontent.com/zWSt-azDdL9AU7TqaRdi7at4sag6W80bliX8RZ6Ex-cnMIxeJ0cSg2m6KGM4Oa9C-KhnStXrq42hHjo=w64-h64-p,,● KATSEYE,,"1月 1, 1970",419178,"6 ● KATSEYE 1月 1, 1970 6 20 419,178"
2026-09-13,sg,Singapore,top_artists_weekly,,7,https://yt3.googleusercontent.com/i-PUJfHy7H3_s1AUBWUaulTzhclF5MobqSIw_3nM3a2-kfCGsY_67K-dEOW7baAiBdfHvSOuHVjR_g=w64-h64-p,,SP Balasubrahmanyam,,,,SP Balasubrahmanyam
2026-09-13,sg,Singapore,top_artists_weekly,,8,https://yt3.googleusercontent.com/DU6Kpr5TYKcW6QHvMnsJau5_8QSuix8LCLtf5UEaziZZdXw8SxvcxJ9YWmVIQuzhg2R-MVHYgjdGCQ=w64-h64-p,,3 Ariana Grande,,"1月 1, 1970",389523,"8 3 Ariana Grande 1月 1, 1970 5 20 389,523"
2026-09-13,sg,Singapore,top_artists_weekly,,9,https://lh3.googleusercontent.com/8rsLpP6VJjt-yTN8ZG5rY-qt2aCC-IYMWmVkk7qa8c5vrjO6zetKSgwO2QknHI3FtWl6Zannp2VsQ5o=w64-h64-p,,1 防彈少年團,,"1月 1, 1970",372012,"9 1 防彈少年團 1月 1, 1970 8 20 372,012"
2026-09-13,sg,Singapore,top_artists_weekly,,10,https://lh3.googleusercontent.com/hnefGBrazRhn4Z92bdSZBUENl40ONjRiVDsmZKZh-WZ2iCKE-2c7KKR7SNcZfzLHoRyB3E6as8L87YA=w64-h64-p,,3 Bruno Mars,,"1月 1, 1970",360965,"10 3 Bruno Mars 1月 1, 1970 13 20 360,965"
2026-09-13,sg,Singapore,top_artists_weekly,,11,https://lh3.googleusercontent.com/4ULlRiFBFglNemZJyKn6_e2-iOIdJEbgBgq_79RQclndG6pge0yGgS2k2On6E1FkCJzenyHkHRzkvjFp=w64-h64-p,,● Justin Bieber,,"1月 1, 1970",352180,"11 ● Justin Bieber 1月 1, 1970 11 20 352,180"
2026-09-13,sg,Singapore,top_artists_weekly,,12,https://lh3.googleusercontent.com/BKgJ2Qcko6lgLsnvB-URUnK2bgQ682OoJd7Dpa0829XrmIC40zfsFm74vNdmyaMBx8xUt-MHFwDIUUC9=w64-h64-p,,29 Jennie,,"1月 1, 1970",349115,"12 29 Jennie 1月 1, 1970 41 20 349,115"
2026-09-13,sg,Singapore,top_artists_weekly,,13,https://yt3.googleusercontent.com/X4IlIyw4Yjpl2qio5QA-uxj5vIa_EVSg5dyibJrmKcPrj0BKFcKYhKUTyacNbHaGHxP_zVYB3jv-Cv0=w64-h64-p,,6 BIGBANG,,"1月 1, 1970",336785,"13 6 BIGBANG 1月 1, 1970 7 20 336,785"
2026-09-13,sg,Singapore,top_artists_weekly,,14,https://lh3.googleusercontent.com/i8PKueO4JStFM6i5t-F8V1jnFglYSybQ_NhU-aXv8mwiPgiCsXjW7WO6gKv97cNPrRcipbHLQA4arA=w64-h64-p,,2 林俊傑,,"1月 1, 1970",308964,"14 2 林俊傑 1月 1, 1970 12 20 308,964"
2026-09-13,sg,Singapore,top_artists_weekly,,15,https://yt3.ggpht.com/PgINZNe0qVxgMSXKG5vF82bNN4WCC12zgWsz9I7OLs4CLF9Cn0Vxq7Xc1ToupnzXrCv0nKfe3VM=w64-h64-p-k-c0x00ffffff-no-rj,,● 舒蕾亞·戈沙爾,,"1月 1, 1970",298895,"15 ● 舒蕾亞·戈沙爾 1月 1, 1970 15 20 298,895"
2026-09-13,sg,Singapore,top_artists_weekly,,16,https://yt3.googleusercontent.com/vHMOuDn8gr3SW9Pm8yFgmtYzM5kj4ayng5HKRjW0OyjG9mPK923XMVtTZTt4NUG_1aemWNLSQ27zjtA=w64-h64-p,,● A. R. Rahman,,"1月 1, 1970",289892,"16 ● A. R. Rahman 1月 1, 1970 16 20 289,892"
2026-09-13,sg,Singapore,top_artists_weekly,,17,https://lh3.googleusercontent.com/U-SAmNOu4TynE818gLCfKsuHZ0U5YNEtO9mrjSI9WCCKERs98LzrCal5kajBBTQNwdcisoB2Bn-pHp4=w64-h64-p,,● The Weeknd,,"1月 1, 1970",288965,"17 ● The Weeknd 1月 1, 1970 17 20 288,965"
2026-09-13,sg,Singapore,top_artists_weekly,,18,https://yt3.googleusercontent.com/7cYfmVi7qmemK4wRGE3qErv1q_ChFRrPv03gpQg_r-fvskRmvOtYU8V13S2lh6CCwECpna4-MtM=w64-h64-p,,3 汪蘇瀧,,"1月 1, 1970",277049,"18 3 汪蘇瀧 1月 1, 1970 21 20 277,049"
2026-09-13,sg,Singapore,top_artists_weekly,,19,https://yt3.googleusercontent.com/XLrs7bXpke6XLtYTSHyghN16i5Qr-BoCB0SYCYdDb0IBZrkZ3Of17o2MQXMBHQ3OP659_CHgksFUhi4=w64-h64-p,,5 周興哲,,"1月 1, 1970",273527,"19 5 周興哲 1月 1, 1970 14 20 273,527"
2026-09-13,sg,Singapore,top_artists_weekly,,20,https://yt3.googleusercontent.com/jEh-GLa0VeT7J8D3IhnDH9WqfdPNTp0OthFle0NNtpU6b2nVHUr3vS_trVXlBeYROz-36bAQYw=w64-h64-p,,G.V. Prakash Kumar,,,,G.V. Prakash Kumar
2026-09-13,sg,Singapore,top_artists_weekly,,21,https://lh3.googleusercontent.com/_wPXKRCH5rAX8AK1kJZ1bNhSpNyyEgBRNmREdPmLbvTy3sX_ldiKMRYFc5uChygV_KRx_SDrH1KgUifk=w64-h64-p,,2 阿爾卡·雅格尼克,,"1月 1, 1970",256670,"21 2 阿爾卡·雅格尼克 1月 1, 1970 23 20 256,670"
2026-09-13,sg,Singapore,top_artists_weekly,,22,https://lh3.googleusercontent.com/W_yOqnKSDYyeVOY_AsXhuAtb6rW3vCL3GtJ9DA1GxWOrJfyeSOqzvTv_TkFHijdkVPXWutASBlRFPg=w64-h64-p,,3 Arijit Singh,,"1月 1, 1970",256000,"22 3 Arijit Singh 1月 1, 1970 19 20 256,000"
2026-09-13,sg,Singapore,top_artists_weekly,,23,https://yt3.googleusercontent.com/31ZNbXgzuYML_PR4fX9xr9UhLyMbarrX6O2JEwCouoBC38Ht1Wzxn9bls3L-Jfu3L-pU-V6D8_k=w64-h64-p,,19 Vivek,,"1月 1, 1970",245075,"23 19 Vivek 1月 1, 1970 42 20 245,075"
2026-09-13,sg,Singapore,top_artists_weekly,,24,https://lh3.googleusercontent.com/coesV4OVEVkua3_wJG-2BVvTc95yHF9sS1W6mOAtl4-vvTjQb250Hy_nVlfvudmEugb7_k05vhY9aJm4=w64-h64-p,,● Udit Narayan,,"1月 1, 1970",242580,"24 ● Udit Narayan 1月 1, 1970 24 20 242,580"
2026-09-13,sg,Singapore,top_artists_weekly,,25,https://yt3.googleusercontent.com/qRYmWa5dzOlRoD8_uHIhsrAmwk8N9QiO7S_Rg3H4YyemB3oN3661_3en_7q9eJ8gvuoZAR9v0iFX8HW1=w64-h64-p,,● BABYMONSTER,,"1月 1, 1970",241566,"25 ● BABYMONSTER 1月 1, 1970 25 20 241,566"
2026-09-13,sg,Singapore,top_artists_weekly,,26,https://yt3.googleusercontent.com/P0M-lerMpghXOLtHfB8njNXhndhb_kSGlEnNHHQ9_XKHQ4RozrtrUrnmulw0w88kfAe1xFXb4vNEbzdh=w64-h64-p,,● S. Janaki,,"1月 1, 1970",239974,"26 ● S. Janaki 1月 1, 1970 26 20 239,974"
2026-09-13,sg,Singapore,top_artists_weekly,,27,https://yt3.googleusercontent.com/I2zqe0Km0N475lhTkLZ77UL3yeRzgLAkgQfiozvisyNnl-wTKuIMV_g0Un5Iuk3399SnpsgK-wepXSk=w64-h64-p,,9 en,,"1月 1, 1970",232734,"27 9 en 1月 1, 1970 18 20 232,734"
2026-09-13,sg,Singapore,top_artists_weekly,,28,https://yt3.googleusercontent.com/hC2VYx3C6PK44Vu00heH77KVDTfYKeoehXNJTF9-LTyz9LQD8bB3aHCkGTC0Lb5rRPEzIGS6iRyqWQQrng=w64-h64-p,,8 姚曉棠,,"1月 1, 1970",231351,"28 8 姚晓棠 1月 1, 1970 20 20 231,351"
2026-09-13,sg,Singapore,top_artists_weekly,,29,https://lh3.googleusercontent.com/LKpJFXjE3-0OX8tIzurzLynVxI-hOClgUl1tCbkHOpz9fm28DBQw2wG2iFd5jDFABCuuxK0xFESVQA=w64-h64-p,,7 鄧紫棋,,"1月 1, 1970",230663,"29 7 鄧紫棋 1月 1, 1970 22 20 230,663"
2026-09-13,sg,Singapore,top_artists_weekly,,30,https://yt3.googleusercontent.com/5GYeWpGUtgi8tPkwqV_Nnq9ZiE6PhSCoRSrfpK1CIdfZkndV5fLHZ-c2g9rAGfdQ6bV81Wvlc8UMjw=w64-h64-p,,1 ILLIT,,"1月 1, 1970",218709,"30 1 ILLIT 1月 1, 1970 31 20 218,709"
2026-09-13,sg,Singapore,top_artists_weekly,,31,https://lh3.googleusercontent.com/umSdMueKqbLBTq0jhiEzh1F82_C8hRVzkw2ZsxOqEktWjNXOKSCMPMGiJtu73myxd995RC4BqKL5fAXM=w64-h64-p,,3 Lady Gaga,,"1月 1, 1970",217687,"31 3 Lady Gaga 1月 1, 1970 28 20 217,687"
2026-09-13,sg,Singapore,top_artists_weekly,,32,https://yt3.googleusercontent.com/cFho6QFr9dAAQ7bspBLLi6jkuASqcgmFpgC4s3mnuSZkrUnGU9Zj6EZS5AlbKNv0gVFdw3CEVEGKaQ=w64-h64-p,,2 K·S·切特拉,,"1月 1, 1970",214802,"32 2 K·S·切特拉 1月 1, 1970 30 20 214,802"
2026-09-13,sg,Singapore,top_artists_weekly,,33,https://lh3.googleusercontent.com/-IRVL5B0n7-V9Gh9XZvQG161HYqkH_SNSHfJwWYeIcVVh35sMq9-jHTk1FCeAmeUHSdEq7UMpoVzUPw=w64-h64-p,,4 尤文·香卡·拉雅,,"1月 1, 1970",208127,"33 4 尤文·香卡·拉雅 1月 1, 1970 37 20 208,127"
2026-09-13,sg,Singapore,top_artists_weekly,,34,https://yt3.googleusercontent.com/7jndWy5UJwFJKueBCrizeFWOFwxKUOZZjRMIcPyRlv1X18tY9aJpkuSz_PpamnHVjbYV6s_oER8oi4g=w64-h64-p,,2 Maroon 5,,"1月 1, 1970",201549,"34 2 Maroon 5 1月 1, 1970 32 20 201,549"
2026-09-13,sg,Singapore,top_artists_weekly,,35,https://yt3.googleusercontent.com/22FOVr8D5Kq9y2l2sUDKW5X5s0W_axG7_sDhQVzxDGEXBMNjhwzvhs10BI3UoA1focajEeTPqZ2jNW9D=w64-h64-p,,● Stray Kids,,"1月 1, 1970",199119,"35 ● Stray Kids 1月 1, 1970 35 20 199,119"
2026-09-13,sg,Singapore,top_artists_weekly,,36,https://yt3.googleusercontent.com/41-4WZupE4yY88igineZefzBZ3ud2nrtlBMv61OBWOfOcATol8PhmI5OZ0fLlrTszyZ3Ul9I9sE=w64-h64-p,,2 Olivia Rodrigo,,"1月 1, 1970",191078,"36 2 Olivia Rodrigo 1月 1, 1970 38 20 191,078"
2026-09-13,sg,Singapore,top_artists_weekly,,37,https://yt3.googleusercontent.com/E8-DZ3tujNN7vRZ9FcPAjXhm7v3pzbI4Lmk4WIOM3nx0pUv_5pP1jgW0aGfnWNScvlhEOw987yYrDa8=w64-h64-p,,19 張碧晨,,"1月 1, 1970",190961,"37 19 張碧晨 1月 1, 1970 56 20 190,961"
2026-09-13,sg,Singapore,top_artists_weekly,,38,https://yt3.googleusercontent.com/7NhzXEoaIgr-0tYoab-gNZfF8zA8IbpTPt_buovH2Y78pc1L7IfKTq7tGU6zSk9EBJX0yKq7wp3jts8=w64-h64-p,,5 Shakira,,"1月 1, 1970",190074,"38 5 Shakira 1月 1, 1970 33 20 190,074"
2026-09-13,sg,Singapore,top_artists_weekly,,39,https://lh3.googleusercontent.com/jQoBIAS6JjFGpcqQY1M_Mh3AasOvFENCdVRxkgax1a0K6qiq7AgE3MbJ6Jtt-Jndcarvoawmrg66KTny=w64-h64-p,,1 Ed Sheeran,,"1月 1, 1970",186853,"39 1 Ed Sheeran 1月 1, 1970 40 20 186,853"
2026-09-13,sg,Singapore,top_artists_weekly,,40,https://yt3.googleusercontent.com/b0ax28GgBEO8PaHOrZi0ANGfOk1geSb68048rw1As2UACUHczUYKkotWabwMAGoX2C8DL9MC9Flpgw=w64-h64-p,,6 aespa,,"1月 1, 1970",186349,"40 6 aespa 1月 1, 1970 34 20 186,349"
2026-09-13,sg,Singapore,top_artists_weekly,,41,https://lh3.googleusercontent.com/uE72emEZFH3TVtCZoIFYKmnf7vsb42RYQxb4X-lonyqPQuS_mLtKpLfBQ5JdHwUijfQo06BtSB7LoQ=w64-h64-p,,2 聯合公園,,"1月 1, 1970",182959,"41 2 聯合公園 1月 1, 1970 43 20 182,959"
2026-09-13,sg,Singapore,top_artists_weekly,,42,https://lh3.googleusercontent.com/x-Z35q6HsBB98J85-4oNqPnOen4pZBaNCpHawzf_ejs-pkgh6Eh3D2Fu7S1T4gEj0yWZ0c6DOAHCpA=w64-h64-p,,4 Michael Jackson,,"1月 1, 1970",181793,"42 4 Michael Jackson 1月 1, 1970 46 20 181,793"
2026-09-13,sg,Singapore,top_artists_weekly,,43,https://lh3.googleusercontent.com/pvJ1n3OBNXcz80KquAr-BY3ZRpp4Vfv8IHBk1SHBkJPF6eGhYJqaO3H5meVIQwb-BTOv0VsckNtPow=w64-h64-p,,7 BLACKPINK,,"1月 1, 1970",175052,"43 7 BLACKPINK 1月 1, 1970 36 20 175,052"
2026-09-13,sg,Singapore,top_artists_weekly,,44,https://yt3.googleusercontent.com/E8nupXSF6-wweZCLqn5vwxPcLIGW2Tg9szpacMZoLXOXa1PGh-WpU5-7FH8YLfElD8Lbzh15kljZog=w64-h64-p,,● Katy Perry,,"1月 1, 1970",174984,"44 ● Katy Perry 1月 1, 1970 44 20 174,984"
2026-09-13,sg,Singapore,top_artists_weekly,,45,https://yt3.googleusercontent.com/8YB2NaZiMvNlvdIEXdGSMfP-aTOHXAbdXy1hvZ_SVfXkTsKFy6YQlmnIk-aiDZ1ew7tNMhe3cPUow1g=w64-h64-p,,5 LE SSERAFIM,,"1月 1, 1970",174042,"45 5 LE SSERAFIM 1月 1, 1970 50 20 174,042"
2026-09-13,sg,Singapore,top_artists_weekly,,46,https://yt3.googleusercontent.com/ahanvzsO5q0DQGBI1WLXXyoXb-dqgX8tehQMLpd5-H2OSjYgeQPcUJoLT8Ol9iTvwOvW9oBcp4wpTlmF=w64-h64-p,,1 ATEEZ,,"1月 1, 1970",167976,"46 1 ATEEZ 1月 1, 1970 47 20 167,976"
2026-09-13,sg,Singapore,top_artists_weekly,,47,https://yt3.googleusercontent.com/qx--jAlkO6Er4cDEC65Mrg-oQ4vB_l5w1J6vkbH80eHLrWz2AC4HSdvQ6P_kDT3HRMFJgz1ST-wOeQ=w64-h64-p,,18 ENHYPEN,,"1月 1, 1970",167086,"47 18 ENHYPEN 1月 1, 1970 29 20 167,086"
2026-09-13,sg,Singapore,top_artists_weekly,,48,https://lh3.googleusercontent.com/aFx8s1fTuelgxONGbezmTG0EKR8r82uB5H-Q6ZJtssyCWLJWF8GfZNr4tHo84sXdFCPBKrA4R6zXOss=w64-h64-p,,26 Dua Lipa,,"1月 1, 1970",165943,"48 26 Dua Lipa 1月 1, 1970 74 20 165,943"
2026-09-13,sg,Singapore,top_artists_weekly,,49,https://lh3.googleusercontent.com/IOKuXtp8PCQ_Fc-vaRKm3sKIXBxFV51gZheLTH5br-YGnWHFQf_Jywcuk7wbprYRoEbQyS_XZY6-nMJX=w64-h64-p,,2 酷玩樂團,,"1月 1, 1970",154865,"49 2 酷玩樂團 1月 1, 1970 51 20 154,865"
2026-09-13,sg,Singapore,top_artists_weekly,,50,https://lh3.googleusercontent.com/8eJTD5-eXf1sXHKhPpSXMlzQ-_RBKMgsmtrZ-SWgN45o_mcQGUzw2thbdGxOAE55rLA8bFXXFyubEw=w64-h64-p,,2 五月天 (Mayday),,"1月 1, 1970",154616,"50 2 五月天 (Mayday) 1月 1, 1970 48 20 154,616"
2026-09-13,sg,Singapore,top_artists_weekly,,51,https://lh3.googleusercontent.com/-bv-daAis3SvKNNWD5zggwnpkaPgE7914sMZLFNQjuhUlAb9CWNmoG4JMsjMuuG4zOARvL7_PeDr7w=w64-h64-p,,12 李佳薇,,"1月 1, 1970",151679,"51 12 李佳薇 1月 1, 1970 39 8 151,679"
2026-09-13,sg,Singapore,top_artists_weekly,,52,https://lh3.googleusercontent.com/wqU60Xc7Q-9V3by066vBYHGY_ZGgUlmWPioYTmmBtHkb2GUueMV4-0O1ddzSV7t0gYYDCIdbyjKCWw=w64-h64-p,,2 A,Lin,"1月 1, 1970",150678,"52 2 A-Lin 1月 1, 1970 54 20 150,678"
2026-09-13,sg,Singapore,top_artists_weekly,,53,https://lh3.googleusercontent.com/HPWVLrJGKyCjp2sTO16rdrGLVLAmH2BVWYzorh6FY6ZFEu7mVnSPF8TdV0gE421fOAlkMv1Mrhcj7Wc=w64-h64-p,,2 Hariharan,,"1月 1, 1970",149295,"53 2 Hariharan 1月 1, 1970 55 20 149,295"
2026-09-13,sg,Singapore,top_artists_weekly,,54,https://yt3.googleusercontent.com/h5RMpHIY7m2bJ8hcG-7_hwIaiMNZXljfe8Xszb-dAW00pWI6Folj14g2t0cADaimlz4_5MK2V3g=w64-h64-p,,5 DIOR 大穎,,"1月 1, 1970",148935,"54 5 DIOR 大穎 1月 1, 1970 49 20 148,935"
2026-09-13,sg,Singapore,top_artists_weekly,,55,https://yt3.googleusercontent.com/sjGMYJQ1J3FZEIBsMYUztMjjYOM4-NJ24CjmIHqxTWCxAM1YgjL-d_17u7_PRhTouOwwAjbu-2x5S6I=w64-h64-p,,3 Pritam,,"1月 1, 1970",147878,"55 3 Pritam 1月 1, 1970 52 20 147,878"
2026-09-13,sg,Singapore,top_artists_weekly,,56,https://yt3.googleusercontent.com/1-Ipiq-y8WyAcWn88nuxwTHaaBWMg8VkCBuP3puDCec-neD3v-7SqoBRzmmBKmA-lir_Ie70yw9EKHk=w64-h64-p,,3 艾倫·沃克,,"1月 1, 1970",147006,"56 3 艾倫·沃克 1月 1, 1970 53 20 147,006"
2026-09-13,sg,Singapore,top_artists_weekly,,57,https://yt3.googleusercontent.com/-mWcZEN-Q1mugNQHDWtlRyGY699Nkp41QgNbFikK7PTLJ63cHojjT4dZeDZ6Vj_z5sXzqDX3CwH1g44d=w64-h64-p,,1 馬也Crabbit,,"1月 1, 1970",144845,"57 1 马也Crabbit 1月 1, 1970 58 20 144,845"
2026-09-13,sg,Singapore,top_artists_weekly,,58,https://yt3.googleusercontent.com/TEA_9m5AqHuYQ5pL8F_-s8SoBvvhA4ggywVPvKLm0VcDz42Xrj4fSicky4o6Q-pdRpKIv_dhlwOlIbAZGA=w64-h64-p,,13 承桓,,"1月 1, 1970",142791,"58 13 承桓 1月 1, 1970 45 20 142,791"
2026-09-13,sg,Singapore,top_artists_weekly,,59,https://yt3.ggpht.com/ytc/AIdro_lNlmHeHlwCPvq1t6tEKVaXCuWqKoOxNJX9EnhHMhv6r8E=w64-h64-p,,7 德瓦,,"1月 1, 1970",139350,"59 7 德瓦 1月 1, 1970 66 20 139,350"
2026-09-13,sg,Singapore,top_artists_weekly,,60,https://yt3.googleusercontent.com/hFw-eieMTO6_ZkBxqNHLrDqRlcJN6vBbcC3G6-j79f_JmGkC5QmPm4zIGFEOAKtCikN0hh727FL0391gLA=w64-h64-p,,4 Cole先生,,"1月 1, 1970",137375,"60 4 Cole先生 1月 1, 1970 64 19 137,375"
2026-09-13,sg,Singapore,top_artists_weekly,,61,https://yt3.googleusercontent.com/PFBsPfk68ezP__RWw-_A2_lGa4aJrAfuqCNBvcjQyq8kUdhyLaBkiLY0Q6hNvOXN-pz80rIBzzV9R2Y=w64-h64-p,,KPop Demon Hunters Cast,,,,KPop Demon Hunters Cast
2026-09-13,sg,Singapore,top_artists_weekly,,62,https://yt3.googleusercontent.com/2AbaIL4o6LSKkajIzM5vJGc9gk1mPtI-AGuVUTX9SstBkjI6uUFRGN7XwtrK1xchKzZI8FUHnIsf5ZU=w64-h64-p,,3 張遠,,"1月 1, 1970",131497,"62 3 張遠 1月 1, 1970 59 20 131,497"
2026-09-13,sg,Singapore,top_artists_weekly,,63,https://yt3.googleusercontent.com/0sZ3ZrNRRVRVDbCITJ26K4RuJZw5dDvTx114G1RDO5P7vaYZoN6QFYAksKCNrIMsynK5nma4cLMOu_7K=w64-h64-p,,7 Vaali,,"1月 1, 1970",131374,"63 7 Vaali 1月 1, 1970 70 20 131,374"
2026-09-13,sg,Singapore,top_artists_weekly,,64,https://lh3.googleusercontent.com/tQC4rOL6xz6FhmFr0ggQExxyGbYSOsyveXVSnPBh2WjEyIzQ9pMHablLJ-0GlMBrLBlBrbWQGmzrV6KN=w64-h64-p,,4 比利·埃利什,,"1月 1, 1970",129399,"64 4 比利·埃利什 1月 1, 1970 60 20 129,399"
2026-09-13,sg,Singapore,top_artists_weekly,,65,https://lh3.googleusercontent.com/tLzIJPsFe-q93Y_erAUU_hDIyXCgCrYJ0C-S4DmMurqfB9LJ_PNFpTPA41k-dVMB6ODgc4-1nF1cOp6c=w64-h64-p,,4 Rihanna,,"1月 1, 1970",128158,"65 4 Rihanna 1月 1, 1970 61 20 128,158"
2026-09-13,sg,Singapore,top_artists_weekly,,66,https://lh3.googleusercontent.com/dJy5Bpwx4qENTOXxk9YPXrjAhghP4pRdlzvoOZq8uZXihEPMN8PXnZzM-05R1TDDJkjU7oEij8LhEfw=w64-h64-p,,Shankar Mahadevan,,,,Shankar Mahadevan
2026-09-13,sg,Singapore,top_artists_weekly,,67,https://lh3.googleusercontent.com/48LfK4z6o-CCEWgHQnQfg0ltcT9tbZSN0qjSh0FSJsJI5GF48j2-pH219ciG1ML-PI80ZGD4Vz6sjg=w64-h64-p,,4 Post Malone,,"1月 1, 1970",125078,"67 4 Post Malone 1月 1, 1970 63 20 125,078"
2026-09-13,sg,Singapore,top_artists_weekly,,68,https://lh3.googleusercontent.com/FMh1mOI0ufvUCAkbUM6aUmU5WK7O5PnndyyXKP1-DCEip20SQz5eeYn3lZ29p-ASb-19ZfBVc_NKe5Ko=w64-h64-p,,Sabrina Carpenter,,,,Sabrina Carpenter
2026-09-13,sg,Singapore,top_artists_weekly,,69,https://lh3.googleusercontent.com/9fiAS65PN6QanYAMlaRCuI5F7HjnwBBtZ6l0wIyhojdOarL0s6TK8as3ChwjTIFKjB5BQRr0YLSFcs4=w64-h64-p,,2 Seventeen,,"1月 1, 1970",124174,"69 2 Seventeen 1月 1, 1970 71 20 124,174"
2026-09-13,sg,Singapore,top_artists_weekly,,70,https://yt3.googleusercontent.com/uGytpfjALdTSzoh2hU7FJAqTRrhgWy0Qrio8wrpzRKwAeREv4yBQJpXm-KcOLM3LJW9VQKRNdaeXrL4=w64-h64-p,,7 哈里斯・傑亞拉吉,,"1月 1, 1970",123861,"70 7 哈里斯・傑亞拉吉 1月 1, 1970 77 20 123,861"
2026-09-13,sg,Singapore,top_artists_weekly,,71,https://yt3.googleusercontent.com/2a9kj3sdLSF_Nr9-UhSuWHq19dB1VtNT2Tdru_Ba9zpcoyia4w_MR4gQJjt1QgTx4JPnOt6nUTwAM4kiNA=w64-h64-p,,9 LBI,,"1月 1, 1970",122980,"71 9 LBI 1月 1, 1970 62 20 122,980"
2026-09-13,sg,Singapore,top_artists_weekly,,72,https://lh3.googleusercontent.com/cPvYaP4ByG-i7fUE-dKrjMgaNL8v3hC93ErP6meKnltvRuzxo-DINLQkTtvjfC6hVnzRMlnJEb9n3uM=w64-h64-p,,16 庫馬・山奴,,"1月 1, 1970",122886,"72 16 庫馬・山奴 1月 1, 1970 88 20 122,886"
2026-09-13,sg,Singapore,top_artists_weekly,,73,https://lh3.googleusercontent.com/MBjMu3EHBwUFMuf80d9OfCLVG2VywWGcD6OV6XUb4mBmLPWputvMOgEG7T2frxBlZdYkCho4NXGdzTQ=w64-h64-p,,8 陳奕迅,,"1月 1, 1970",121837,"73 8 陳奕迅 1月 1, 1970 65 20 121,837"
2026-09-13,sg,Singapore,top_artists_weekly,,74,https://lh3.googleusercontent.com/lWalclWLirqnwIhMIMFP4j2E2TDZsDDD_McBXQiIvryxfhTWzHhlCR07QEaDzvZHXlLT07i2VCYh6aU=w64-h64-p,,7 TWICE,,"1月 1, 1970",120828,"74 7 TWICE 1月 1, 1970 81 20 120,828"
2026-09-13,sg,Singapore,top_artists_weekly,,75,https://yt3.googleusercontent.com/0FmNbKOxBPw_U_N4Byt3i_87JylYguFIqV6xd0RrSazMrh7dM9RDUQKpI7nYV_iAREzE3UO8=w64-h64-p,,6 EJAE,,"1月 1, 1970",119857,"75 6 EJAE 1月 1, 1970 69 20 119,857"
2026-09-13,sg,Singapore,top_artists_weekly,,76,https://yt3.googleusercontent.com/8BbiNyyI7TOxlf0x0R-4JZB8x7cw-ML-yOjF8QW8rHSrViZacf-AqD-eqg2ccvbYr5C9URAa_vTJI3k=w64-h64-p,,4 YOASOBI,,"1月 1, 1970",117130,"76 4 YOASOBI 1月 1, 1970 72 20 117,130"
2026-09-13,sg,Singapore,top_artists_weekly,,77,https://yt3.googleusercontent.com/Ip35qauI_vMztXkJ3Wd6etvLwiyRrHIGvDyKK3714vyWMBx1ogHxPxkA8ohPnOLyy68wzEVBblPmsHHU=w64-h64-p,,12 席德·斯里拉姆,,"1月 1, 1970",116235,"77 12 席德·斯里拉姆 1月 1, 1970 89 20 116,235"
2026-09-13,sg,Singapore,top_artists_weekly,,78,https://yt3.googleusercontent.com/_Mjul1YdDWBe-U8Jqz2xgP9K1hwBFuN6b1pQiO4BI7wYpPbgLO5aZR-DDuna0gVSX6P9MdcZ7A=w64-h64-p,,3 王赫野,,"1月 1, 1970",115361,"78 3 王赫野 1月 1, 1970 75 20 115,361"
2026-09-13,sg,Singapore,top_artists_weekly,,79,https://yt3.googleusercontent.com/VVGOJpxGFBbbUJHurZq_U1F_BjIhaMBAY1sDhOT3a2kE2DnidfYT8L_hY7WoJOusysvzn1msCoinvtma=w64-h64-p,,7 Shawn Mendes,,"1月 1, 1970",114278,"79 7 Shawn Mendes 1月 1, 1970 86 20 114,278"
2026-09-13,sg,Singapore,top_artists_weekly,,80,https://yt3.googleusercontent.com/2IbO6drTOO1y5I4tDPqS5nafZmV0Z54g0YxU32RnLjc0vvYlzH1-c522X0c784WaR9hs9YIDr9yhHKfT=w64-h64-p,,12 CORTIS,,"1月 1, 1970",112860,"80 12 CORTIS 1月 1, 1970 68 20 112,860"
2026-09-13,sg,Singapore,top_artists_weekly,,81,https://yt3.googleusercontent.com/JSr1fuJqoaRVL7_93SuqdZlVGZI0XjyNNIXEnZgkt7ZfWANDb6RF_B5A_Gusviz6h6yCJ24_62cuIKc=w64-h64-p,,12 樸彩英,,"1月 1, 1970",112034,"81 12 朴彩英 1月 1, 1970 93 20 112,034"
2026-09-13,sg,Singapore,top_artists_weekly,,82,https://lh3.googleusercontent.com/ybI1ZK2Ia-Lvf-yi9Iptm2mOSHmPA3EBxnOBwvn6khU-ajjtXyk3jai_2w-DOXkkeeKfet0sS03pcQ=w64-h64-p,,9 IVE,,"1月 1, 1970",111828,"82 9 IVE 1月 1, 1970 91 20 111,828"
2026-09-13,sg,Singapore,top_artists_weekly,,83,https://lh3.googleusercontent.com/iWH_XSIO8yZvIqz8vxkwC9BjzGM4giAhR69Z6LZ0t8Rp79ASNFVwpwHZWOyyo94B_jsXl8HtFueMgMA=w64-h64-p,,15 蘇努・尼甘,,"1月 1, 1970",111456,"83 15 蘇努・尼甘 1月 1, 1970 98 20 111,456"
2026-09-13,sg,Singapore,top_artists_weekly,,84,https://yt3.googleusercontent.com/u8tcXDcVOviBOzM0y5T2vZYSJe2BjV0uKG-EXH4l-wB_BFPV5SXDt2CZICji574S8BO3Hsrz=w64-h64-p,,8 薛之謙,,"1月 1, 1970",111240,"84 8 薛之謙 1月 1, 1970 76 20 111,240"
2026-09-13,sg,Singapore,top_artists_weekly,,85,https://yt3.googleusercontent.com/zkX7FBr1BBzAhH7U5KT6hzBbPx8kjfK1QpTRbW-oM-J8v2f6P0t9idQuPZkssxnIk3U5yBC3KcmU5g=w64-h64-p,,85 Hiphop Tamizha,,"1月 1, 1970",110552,"85 85 Hiphop Tamizha 1月 1, 1970 - 20 110,552"
2026-09-13,sg,Singapore,top_artists_weekly,,86,https://yt3.googleusercontent.com/93vnJ_aG5rTlruQDFaVhZHCTTRwGzS34R3SPKKCTBDZ84xutO5KUCiu-scL_ZTaV8g6HhH27diVq4HY=w64-h64-p,,8 新好男孩,,"1月 1, 1970",110244,"86 8 新好男孩 1月 1, 1970 94 20 110,244"
2026-09-13,sg,Singapore,top_artists_weekly,,87,https://yt3.googleusercontent.com/R6D0x83Uvnnhdy55hbdpi4SS0I3xqYZsqr_WcsGY0SlQOimmh2HJrkq3KMunG0l9ymm1gGbvtYp_HJw=w64-h64-p,,87 K.J. Yesudas,,"1月 1, 1970",109302,"87 87 K.J. Yesudas 1月 1, 1970 - 20 109,302"
2026-09-13,sg,Singapore,top_artists_weekly,,88,https://lh3.googleusercontent.com/pEqvY0aXC-vsiqP0ssibuicb1kyMNh6qAVKnRsbw38vKs7X-BLhUzmTF85vt8b-Uv39EJmnzcP1V4zs=w64-h64-p,,21 於冬然,,"1月 1, 1970",108850,"88 21 于冬然 1月 1, 1970 67 20 108,850"
2026-09-13,sg,Singapore,top_artists_weekly,,89,https://lh3.googleusercontent.com/3m16oMKLck_2JI_jRmF4cfNzohDOGjnS0v3yeo9J3b-VAmoidbDHmENAFb9NF701ogYMrDgGpgQv-A=w64-h64-p,,6 HUNTR/X,,"1月 1, 1970",108704,"89 6 HUNTR/X 1月 1, 1970 83 20 108,704"
2026-09-13,sg,Singapore,top_artists_weekly,,90,https://yt3.googleusercontent.com/ywlERAhNPdPLvow_sTDRSuaCwewMHudAEr4Bnbff7XirBi0vzPJGV2szjB9xI3D9VqZxhYXlVhBAt8LS-Q=w64-h64-p,,6 格雷樂團,Grey,"1月 1, 1970",108052,"90 6 格雷乐团-Grey 1月 1, 1970 96 8 108,052"
2026-09-13,sg,Singapore,top_artists_weekly,,91,https://lh3.googleusercontent.com/TAadzeojHFGU1EJ5jnOWDn6K8Cf8O2x0F04PVxnZwUEhcaYN0pA0dic49VU7OKGs7oovBTylWx70xhY=w64-h64-p,,4 Imagine Dragons,,"1月 1, 1970",107625,"91 4 Imagine Dragons 1月 1, 1970 95 20 107,625"
2026-09-13,sg,Singapore,top_artists_weekly,,92,https://yt3.googleusercontent.com/MA_EGoZ5nl71Ru68u35wsIEwbbOnr0akbYYGW3EaHvKc05ALjYW-rvQTRyv4n_b2D9qQgEPw=w64-h64-p,,7 AUDREY NUNA,,"1月 1, 1970",107402,"92 7 AUDREY NUNA 1月 1, 1970 85 20 107,402"
2026-09-13,sg,Singapore,top_artists_weekly,,93,https://lh3.googleusercontent.com/JFI6JZrS-Lco4UdpqDfHY5Wgwy51VXWxmNdI7bCBU5CDlIpN6WWyisZ7MGlpjbrxEGYMFpsqoR_UwcE=w64-h64-p,,1 Eminem,,"1月 1, 1970",107062,"93 1 Eminem 1月 1, 1970 92 20 107,062"
2026-09-13,sg,Singapore,top_artists_weekly,,94,https://lh3.googleusercontent.com/Q0-lvVEqqi4SISDtJOb4pvJAy-lngML3CQoTUmSWfufucRBcggF8A0x5proElmUnMxR7Fgg8eB3kA1Y=w64-h64-p,,7 REI AMI,,"1月 1, 1970",106960,"94 7 REI AMI 1月 1, 1970 87 20 106,960"
2026-09-13,sg,Singapore,top_artists_weekly,,95,https://lh3.googleusercontent.com/GfL1-S_nOTqa6MvQQckMlBfdL3kAcrnUeJ_POXaVVjWMzAjrar3I1B-kvFDSil5tff1bbG3DCZfUXRUj=w64-h64-p,,5 西城男孩,,"1月 1, 1970",106547,"95 5 西城男孩 1月 1, 1970 90 20 106,547"
2026-09-13,sg,Singapore,top_artists_weekly,,96,https://lh3.googleusercontent.com/-LlP9QTe49hzQqbbHuEZSuW8Xg6Xuke3a6DqrbcP9xy-OzIKh0pqKR3u-qG1WKAP13tVmYVKj8tlt1hA=w64-h64-p,,96 Shweta Mohan,,"1月 1, 1970",106315,"96 96 Shweta Mohan 1月 1, 1970 - 20 106,315"
2026-09-13,sg,Singapore,top_artists_weekly,,97,https://lh3.googleusercontent.com/lnS98DJyMN4CYk6a4FQhdVuNYu8c6N7dlcJ0bNjJbbPUEqgPzvLl8l2vjID0OvIXcuGvbLrpf9dC9CXv=w64-h64-p,,13 老菸槍雙人組,,"1月 1, 1970",105952,"97 13 老菸槍雙人組 1月 1, 1970 84 20 105,952"
2026-09-13,sg,Singapore,top_artists_weekly,,98,https://lh3.googleusercontent.com/5Wqko_xYm2k_BiYJf_8KFM_DLZfcWrWPApBX13U8zmPulEl9JLztydPSfvKITpmIY8uRKYrVEvcLEaA=w64-h64-p,,1 讚美之泉,,"1月 1, 1970",105907,"98 1 讚美之泉 1月 1, 1970 99 20 105,907"
2026-09-13,sg,Singapore,top_artists_weekly,,99,https://yt3.googleusercontent.com/ZojXXRco6xFdVFKJ_-lMYqEpQ8LAmBH5chan59gjSYTDbuWmitUkpirmV3LzE-X8G6IeelfcM3al3e4=w64-h64-p,,99 周深,,"1月 1, 1970",105735,"99 99 周深 1月 1, 1970 - 20 105,735"
2026-09-13,sg,Singapore,top_artists_weekly,,100,https://yt3.googleusercontent.com/29o3mo_-5Jn1XP_4cqH4Gmy2OqjBIB3BA2ttjzH7XDqQYjO4F_48nC-IwpN0JKy4bH4csI2y6Dj1Qus=w64-h64-p,,Sai Smriti,,"1月 1, 1970",105321,"100 New Sai Smriti 1月 1, 1970 - 1 105,321"
2026-09-13,my,Malaysia,top_artists_weekly,,1,https://yt3.googleusercontent.com/h8P1jEIZLM8lkMxNA6Nbq98b43wcqllJSNmcZTCRPAB-F6rG_0Nqw5w7fwou0PN1QGwSW5viwWD5NV0=w64-h64-p,,2 圖魯斯,,"1月 1, 1970",3676866,"1 2 圖魯斯 1月 1, 1970 3 9 3,676,866"
2026-09-13,my,Malaysia,top_artists_weekly,,2,https://yt3.googleusercontent.com/DU6Kpr5TYKcW6QHvMnsJau5_8QSuix8LCLtf5UEaziZZdXw8SxvcxJ9YWmVIQuzhg2R-MVHYgjdGCQ=w64-h64-p,,1 Ariana Grande,,"1月 1, 1970",3315438,"2 1 Ariana Grande 1月 1, 1970 1 20 3,315,438"
2026-09-13,my,Malaysia,top_artists_weekly,,3,https://lh3.googleusercontent.com/wBG4jypwBcEGHd-qSbM2_4B46WPEhlOCjusCOEkxdnsoIC4WLS9LmFARZsE854pB-vAEYlsp4x2yiHE=w64-h64-p,,Anirudh Ravichander,,,,Anirudh Ravichander
2026-09-13,my,Malaysia,top_artists_weekly,,4,https://lh3.googleusercontent.com/hnefGBrazRhn4Z92bdSZBUENl40ONjRiVDsmZKZh-WZ2iCKE-2c7KKR7SNcZfzLHoRyB3E6as8L87YA=w64-h64-p,,1 Bruno Mars,,"1月 1, 1970",2991525,"4 1 Bruno Mars 1月 1, 1970 5 20 2,991,525"
2026-09-13,my,Malaysia,top_artists_weekly,,5,https://yt3.googleusercontent.com/AZCi7Ry4k8s-g3eF2TkSZaOuNnEsEWDJZsPh2PA1tUjVfKy7_vSh37saeF9wItQst-PGxFOQkKSt6p0A=w64-h64-p,,4 Sai Abhyankkar,,"1月 1, 1970",2982712,"5 4 Sai Abhyankkar 1月 1, 1970 9 20 2,982,712"
2026-09-13,my,Malaysia,top_artists_weekly,,6,https://lh3.googleusercontent.com/4ULlRiFBFglNemZJyKn6_e2-iOIdJEbgBgq_79RQclndG6pge0yGgS2k2On6E1FkCJzenyHkHRzkvjFp=w64-h64-p,,2 Justin Bieber,,"1月 1, 1970",2935854,"6 2 Justin Bieber 1月 1, 1970 4 20 2,935,854"
2026-09-13,my,Malaysia,top_artists_weekly,,7,https://lh3.googleusercontent.com/_wPXKRCH5rAX8AK1kJZ1bNhSpNyyEgBRNmREdPmLbvTy3sX_ldiKMRYFc5uChygV_KRx_SDrH1KgUifk=w64-h64-p,,1 阿爾卡·雅格尼克,,"1月 1, 1970",2764794,"7 1 阿爾卡·雅格尼克 1月 1, 1970 6 20 2,764,794"
2026-09-13,my,Malaysia,top_artists_weekly,,8,https://yt3.googleusercontent.com/Q2QE-4fgVrUHj9YPUsxhyz4iutei_N1Q5dBX0l__zs47SN4zGNUgBbMbGmyoEIQD9WXpuxkQiUPf-g=w64-h64-p,,1 茜蒂·諾哈麗莎,,"1月 1, 1970",2699801,"8 1 茜蒂·諾哈麗莎 1月 1, 1970 7 20 2,699,801"
2026-09-13,my,Malaysia,top_artists_weekly,,9,https://yt3.googleusercontent.com/H50WNKjuTsl-6DvvulLsJd5xxTcb5PBfvBYTnO7UeS4qyUU4UQY3UwrjF_Hg5o-4uy1UH9zA7bsh8Q=w64-h64-p,,1 Exists,,"1月 1, 1970",2590494,"9 1 Exists 1月 1, 1970 10 20 2,590,494"
2026-09-13,my,Malaysia,top_artists_weekly,,10,https://yt3.googleusercontent.com/5vqNE8l4iYKmNCHd_YIgknhMF-W4ROcG5H7ZbdfOudxTcNSIIJrf9WpctLh43GlzFLmmcpMUxRQ918Kv=w64-h64-p,,2 周杰倫,,"1月 1, 1970",2506778,"10 2 周杰倫 1月 1, 1970 8 20 2,506,778"
2026-09-13,my,Malaysia,top_artists_weekly,,11,https://lh3.googleusercontent.com/coesV4OVEVkua3_wJG-2BVvTc95yHF9sS1W6mOAtl4-vvTjQb250Hy_nVlfvudmEugb7_k05vhY9aJm4=w64-h64-p,,1 Udit Narayan,,"1月 1, 1970",2420256,"11 1 Udit Narayan 1月 1, 1970 12 20 2,420,256"
2026-09-13,my,Malaysia,top_artists_weekly,,12,https://yt3.googleusercontent.com/RCpTA6EXJQyjVFDosWOKa2SMmqkua_lA9mHPDWWciLwgqpZLz-k8rXWRF_367trrQ7up9BUwCbk6kRk=w64-h64-p,,1 Taylor Swift,,"1月 1, 1970",2419065,"12 1 Taylor Swift 1月 1, 1970 11 20 2,419,065"
2026-09-13,my,Malaysia,top_artists_weekly,,13,https://lh3.googleusercontent.com/6xEP8mOA5xguCiwfeNq08D1o0GK7iPSNMwp80jJpyxw4bwdOgo4EO-8T4rnb8gv3_283YEoQsZvRLD4k=w64-h64-p,,● Peterpan,,"1月 1, 1970",2290470,"13 ● Peterpan 1月 1, 1970 13 20 2,290,470"
2026-09-13,my,Malaysia,top_artists_weekly,,14,https://lh3.googleusercontent.com/WP-k6kFk2XdH_l41tw8zWFNe9M-TVTnmfPCuqHJLj5apoMbsfUz6-UR9ICwspp2chE6_ra2ZB-nccA=w64-h64-p,,3 Raim Laode,,"1月 1, 1970",2082090,"14 3 Raim Laode 1月 1, 1970 17 20 2,082,090"
2026-09-13,my,Malaysia,top_artists_weekly,,15,https://lh3.googleusercontent.com/U-SAmNOu4TynE818gLCfKsuHZ0U5YNEtO9mrjSI9WCCKERs98LzrCal5kajBBTQNwdcisoB2Bn-pHp4=w64-h64-p,,1 The Weeknd,,"1月 1, 1970",2042519,"15 1 The Weeknd 1月 1, 1970 14 20 2,042,519"
2026-09-13,my,Malaysia,top_artists_weekly,,16,https://yt3.googleusercontent.com/rKvWQHJBYqARg5-LV-mS5dBbzSd2Z50wTtaHeGIhbrwkGOBQVtf4hYbOPuQwEPnYaz_EHW-KQes=w64-h64-p,,22 法依扎爾·塔基爾,,"1月 1, 1970",2021871,"16 22 法依扎爾·塔基爾 1月 1, 1970 38 20 2,021,871"
2026-09-13,my,Malaysia,top_artists_weekly,,17,https://lh3.googleusercontent.com/BKgJ2Qcko6lgLsnvB-URUnK2bgQ682OoJd7Dpa0829XrmIC40zfsFm74vNdmyaMBx8xUt-MHFwDIUUC9=w64-h64-p,,28 Jennie,,"1月 1, 1970",1974622,"17 28 Jennie 1月 1, 1970 45 20 1,974,622"
2026-09-13,my,Malaysia,top_artists_weekly,,18,https://yt3.googleusercontent.com/-Nneom8RvoAW-ofeDOq3f29NXwrryp2kkqFpLzLA0c6rV1cjgeJGfMXjoGnxwYPPml2vNR8-v6s=w64-h64-p,,2 Naykilla,,"1月 1, 1970",1954605,"18 2 Naykilla 1月 1, 1970 16 20 1,954,605"
2026-09-13,my,Malaysia,top_artists_weekly,,19,https://yt3.googleusercontent.com/E8nupXSF6-wweZCLqn5vwxPcLIGW2Tg9szpacMZoLXOXa1PGh-WpU5-7FH8YLfElD8Lbzh15kljZog=w64-h64-p,,● Katy Perry,,"1月 1, 1970",1861914,"19 ● Katy Perry 1月 1, 1970 19 20 1,861,914"
2026-09-13,my,Malaysia,top_artists_weekly,,20,https://lh3.googleusercontent.com/D0XwIujDQOyeEwjeq7eF6lZA2GWF8TCkP7uVyXMqmvQWoubzy8i4wItMCLUBYdI64GS-IGeWL6EXl2Y=w64-h64-p,,8 Akbar Chalay,,"1月 1, 1970",1797624,"20 8 Akbar Chalay 1月 1, 1970 28 14 1,797,624"
2026-09-13,my,Malaysia,top_artists_weekly,,21,https://lh3.googleusercontent.com/8rsLpP6VJjt-yTN8ZG5rY-qt2aCC-IYMWmVkk7qa8c5vrjO6zetKSgwO2QknHI3FtWl6Zannp2VsQ5o=w64-h64-p,,1 防彈少年團,,"1月 1, 1970",1742147,"21 1 防彈少年團 1月 1, 1970 20 20 1,742,147"
2026-09-13,my,Malaysia,top_artists_weekly,,22,https://yt3.googleusercontent.com/ZOzbX8V_gmiIrdSomVAixWn3TcVSRl6X-DLZvroYl6aj2Axxveargg4gN8QW1G7ZLaRnhZ8TZqHQWhu-=w64-h64-p,,4 Spring,,"1月 1, 1970",1741551,"22 4 Spring 1月 1, 1970 18 20 1,741,551"
2026-09-13,my,Malaysia,top_artists_weekly,,23,https://lh3.googleusercontent.com/zWSt-azDdL9AU7TqaRdi7at4sag6W80bliX8RZ6Ex-cnMIxeJ0cSg2m6KGM4Oa9C-KhnStXrq42hHjo=w64-h64-p,,1 KATSEYE,,"1月 1, 1970",1711977,"23 1 KATSEYE 1月 1, 1970 22 20 1,711,977"
2026-09-13,my,Malaysia,top_artists_weekly,,24,https://lh3.googleusercontent.com/jtoHnQltvslLoadGrtXTXMiFzBDNp4DkQbCkKJ6ZT9T3UAw2ssponsLNKh3Acs_oj-KMEwBhKSqSM5A=w64-h64-p,,3 Wali,,"1月 1, 1970",1640200,"24 3 Wali 1月 1, 1970 21 20 1,640,200"
2026-09-13,my,Malaysia,top_artists_weekly,,25,https://yt3.ggpht.com/PgINZNe0qVxgMSXKG5vF82bNN4WCC12zgWsz9I7OLs4CLF9Cn0Vxq7Xc1ToupnzXrCv0nKfe3VM=w64-h64-p-k-c0x00ffffff-no-rj,,1 舒蕾亞·戈沙爾,,"1月 1, 1970",1633739,"25 1 舒蕾亞·戈沙爾 1月 1, 1970 24 20 1,633,739"
2026-09-13,my,Malaysia,top_artists_weekly,,26,https://yt3.googleusercontent.com/N1YXsgbUAjnBaxPyPZ9ISuzX8qFryDdHWRpTb4PN8mn6PyhX6W_jnBzt1NBPG24kVktNY1s9IDDVRnY=w64-h64-p,,3 Iklim,,"1月 1, 1970",1617951,"26 3 Iklim 1月 1, 1970 23 20 1,617,951"
2026-09-13,my,Malaysia,top_artists_weekly,,27,https://yt3.googleusercontent.com/31ZNbXgzuYML_PR4fX9xr9UhLyMbarrX6O2JEwCouoBC38Ht1Wzxn9bls3L-Jfu3L-pU-V6D8_k=w64-h64-p,,17 Vivek,,"1月 1, 1970",1613261,"27 17 Vivek 1月 1, 1970 44 20 1,613,261"
2026-09-13,my,Malaysia,top_artists_weekly,,28,https://yt3.googleusercontent.com/X4IlIyw4Yjpl2qio5QA-uxj5vIa_EVSg5dyibJrmKcPrj0BKFcKYhKUTyacNbHaGHxP_zVYB3jv-Cv0=w64-h64-p,,13 BIGBANG,,"1月 1, 1970",1574870,"28 13 BIGBANG 1月 1, 1970 15 20 1,574,870"
2026-09-13,my,Malaysia,top_artists_weekly,,29,https://yt3.googleusercontent.com/_buvZ8gbBJaeigtOIS-bsYefsSFY-8vkcGJGqokqcKVFtxgSrBskGQ2DkEQwaC743gRyZ6H2JSU=w64-h64-p,,● U.K's,,"1月 1, 1970",1547227,"29 ● U.K's 1月 1, 1970 29 20 1,547,227"
2026-09-13,my,Malaysia,top_artists_weekly,,30,https://yt3.googleusercontent.com/vHMOuDn8gr3SW9Pm8yFgmtYzM5kj4ayng5HKRjW0OyjG9mPK923XMVtTZTt4NUG_1aemWNLSQ27zjtA=w64-h64-p,,5 A. R. Rahman,,"1月 1, 1970",1542563,"30 5 A. R. Rahman 1月 1, 1970 25 20 1,542,563"
2026-09-13,my,Malaysia,top_artists_weekly,,31,https://yt3.googleusercontent.com/qRYmWa5dzOlRoD8_uHIhsrAmwk8N9QiO7S_Rg3H4YyemB3oN3661_3en_7q9eJ8gvuoZAR9v0iFX8HW1=w64-h64-p,,4 BABYMONSTER,,"1月 1, 1970",1521653,"31 4 BABYMONSTER 1月 1, 1970 27 20 1,521,653"
2026-09-13,my,Malaysia,top_artists_weekly,,32,https://yt3.googleusercontent.com/996SwdTY97pCzXzpFzzgt5fWcW5NpJ7mhNHkpockVdo0pn8YbfP82_rOu6wxbQDHCJnteQ3Inp7fxrQi=w64-h64-p,,6 Slam,,"1月 1, 1970",1494717,"32 6 Slam 1月 1, 1970 26 20 1,494,717"
2026-09-13,my,Malaysia,top_artists_weekly,,33,https://yt3.googleusercontent.com/7jndWy5UJwFJKueBCrizeFWOFwxKUOZZjRMIcPyRlv1X18tY9aJpkuSz_PpamnHVjbYV6s_oER8oi4g=w64-h64-p,,3 Maroon 5,,"1月 1, 1970",1452529,"33 3 Maroon 5 1月 1, 1970 30 20 1,452,529"
2026-09-13,my,Malaysia,top_artists_weekly,,34,https://yt3.ggpht.com/ytc/AIdro_kpp1a0vTRvVTCW_fFJ7QCRyIrFEiVKXPTuT3MIZPdH2g=w64-h64-p,,1 Ella,,"1月 1, 1970",1444678,"34 1 Ella 1月 1, 1970 35 20 1,444,678"
2026-09-13,my,Malaysia,top_artists_weekly,,35,https://yt3.googleusercontent.com/BJE1MMYdYZvc1zVSeGtHeE3wZacb78aXstpop6KyjCrAf7eBz1gdnyP3-uoVtjwTvkJH6ldkRX95AA=w64-h64-p,,14 Mingse,,"1月 1, 1970",1440815,"35 14 Mingse 1月 1, 1970 49 8 1,440,815"
2026-09-13,my,Malaysia,top_artists_weekly,,36,https://yt3.googleusercontent.com/jjFbDHc_GFI6lVSSRPGWMrh71fJ16iZYMccLFbkN_Jq6uR-QYXzgRwFDSuZeDpOuAbIIzNnPAPDZgAHv=w64-h64-p,,Nadhif Basalamah,,,,Nadhif Basalamah
2026-09-13,my,Malaysia,top_artists_weekly,,37,https://lh3.googleusercontent.com/Ase1UHMjDaIw0JW9vHwD_jXFgT3B4iiWa36wqBLzYjhiY-sEOft3ADcMy37sT9xCIptNjNp9k9nAgss=w64-h64-p,,4 XPDC,,"1月 1, 1970",1401707,"37 4 XPDC 1月 1, 1970 33 20 1,401,707"
2026-09-13,my,Malaysia,top_artists_weekly,,38,https://yt3.googleusercontent.com/uYbQKC1qjNQUDYRVNX9_UVixRCSnSwvbACGYj4J6nreU_ENp_jGVkT6Pp3YQ9oGPedRZvZYknMZR6xKg=w64-h64-p,,2 Wings,,"1月 1, 1970",1392618,"38 2 Wings 1月 1, 1970 40 20 1,392,618"
2026-09-13,my,Malaysia,top_artists_weekly,,39,https://lh3.googleusercontent.com/W_yOqnKSDYyeVOY_AsXhuAtb6rW3vCL3GtJ9DA1GxWOrJfyeSOqzvTv_TkFHijdkVPXWutASBlRFPg=w64-h64-p,,7 Arijit Singh,,"1月 1, 1970",1387567,"39 7 Arijit Singh 1月 1, 1970 32 20 1,387,567"
2026-09-13,my,Malaysia,top_artists_weekly,,40,https://lh3.googleusercontent.com/aFx8s1fTuelgxONGbezmTG0EKR8r82uB5H-Q6ZJtssyCWLJWF8GfZNr4tHo84sXdFCPBKrA4R6zXOss=w64-h64-p,,60 Dua Lipa,,"1月 1, 1970",1382843,"40 60 Dua Lipa 1月 1, 1970 100 20 1,382,843"
2026-09-13,my,Malaysia,top_artists_weekly,,41,https://yt3.googleusercontent.com/jEh-GLa0VeT7J8D3IhnDH9WqfdPNTp0OthFle0NNtpU6b2nVHUr3vS_trVXlBeYROz-36bAQYw=w64-h64-p,,G.V. Prakash Kumar,,,,G.V. Prakash Kumar
2026-09-13,my,Malaysia,top_artists_weekly,,42,https://yt3.googleusercontent.com/1-Ipiq-y8WyAcWn88nuxwTHaaBWMg8VkCBuP3puDCec-neD3v-7SqoBRzmmBKmA-lir_Ie70yw9EKHk=w64-h64-p,,8 艾倫·沃克,,"1月 1, 1970",1332563,"42 8 艾倫·沃克 1月 1, 1970 34 20 1,332,563"
2026-09-13,my,Malaysia,top_artists_weekly,,43,https://lh3.googleusercontent.com/umSdMueKqbLBTq0jhiEzh1F82_C8hRVzkw2ZsxOqEktWjNXOKSCMPMGiJtu73myxd995RC4BqKL5fAXM=w64-h64-p,,● Lady Gaga,,"1月 1, 1970",1280297,"43 ● Lady Gaga 1月 1, 1970 43 20 1,280,297"
2026-09-13,my,Malaysia,top_artists_weekly,,44,https://yt3.googleusercontent.com/cecmvrzVHaizIqliNAd5QhpnNJAAD0gy9I7iU6MvGUwqa1tGyejDEPCl-7_UBV81_LydGLmvlg9EVuU=w64-h64-p,,31 PakNgah,,"1月 1, 1970",1275663,"44 31 PakNgah 1月 1, 1970 75 4 1,275,663"
2026-09-13,my,Malaysia,top_artists_weekly,,45,https://lh3.googleusercontent.com/QxbV6wK_wcQWcBY9rBicZlsl1-gX5M6nGjfNN3BTzgknhaSJ6yhnHW7NmF4dTx0Ch9g9-VTD6YUD2crW=w64-h64-p,,14 Ilaiyaraaja,,"1月 1, 1970",1264759,"45 14 Ilaiyaraaja 1月 1, 1970 59 20 1,264,759"
2026-09-13,my,Malaysia,top_artists_weekly,,46,https://yt3.googleusercontent.com/fVrqVpoDVidIRGEnpxnF4ojShPgYM_ZEaZJjr6fPjt05q8eIauWWV3jifHI1tiBN-vZFeAS8m3c=w64-h64-p,,7 Judika,,"1月 1, 1970",1260044,"46 7 Judika 1月 1, 1970 39 20 1,260,044"
2026-09-13,my,Malaysia,top_artists_weekly,,47,https://yt3.googleusercontent.com/VdgLqr3Sno_U1IXj9qzk43azloCsjBeDy6MpFjfD8kMmco0AeL81qow0cpHynDfpaVlujCY11O7QO4d6=w64-h64-p,,21 Mahalini,,"1月 1, 1970",1258675,"47 21 Mahalini 1月 1, 1970 68 20 1,258,675"
2026-09-13,my,Malaysia,top_artists_weekly,,48,https://lh3.googleusercontent.com/-IRVL5B0n7-V9Gh9XZvQG161HYqkH_SNSHfJwWYeIcVVh35sMq9-jHTk1FCeAmeUHSdEq7UMpoVzUPw=w64-h64-p,,6 尤文·香卡·拉雅,,"1月 1, 1970",1228852,"48 6 尤文·香卡·拉雅 1月 1, 1970 42 20 1,228,852"
2026-09-13,my,Malaysia,top_artists_weekly,,49,https://yt3.googleusercontent.com/89daO2furCRhY3XFOld0qUxTgIoh8K6PKj3rYdXgXoEx6LdzoePB9UIFi8c7oH7YE9Mn1X8HlmfiFqXtOQ=w64-h64-p,,1 Search,,"1月 1, 1970",1197748,"49 1 Search 1月 1, 1970 50 20 1,197,748"
2026-09-13,my,Malaysia,top_artists_weekly,,50,https://lh3.googleusercontent.com/pvJ1n3OBNXcz80KquAr-BY3ZRpp4Vfv8IHBk1SHBkJPF6eGhYJqaO3H5meVIQwb-BTOv0VsckNtPow=w64-h64-p,,14 BLACKPINK,,"1月 1, 1970",1194553,"50 14 BLACKPINK 1月 1, 1970 36 20 1,194,553"
2026-09-13,my,Malaysia,top_artists_weekly,,51,https://yt3.googleusercontent.com/i-PUJfHy7H3_s1AUBWUaulTzhclF5MobqSIw_3nM3a2-kfCGsY_67K-dEOW7baAiBdfHvSOuHVjR_g=w64-h64-p,,SP Balasubrahmanyam,,,,SP Balasubrahmanyam
2026-09-13,my,Malaysia,top_artists_weekly,,52,https://lh3.googleusercontent.com/cPvYaP4ByG-i7fUE-dKrjMgaNL8v3hC93ErP6meKnltvRuzxo-DINLQkTtvjfC6hVnzRMlnJEb9n3uM=w64-h64-p,,9 庫馬・山奴,,"1月 1, 1970",1161688,"52 9 庫馬・山奴 1月 1, 1970 61 20 1,161,688"
2026-09-13,my,Malaysia,top_artists_weekly,,53,https://yt3.googleusercontent.com/QxkTSZ7pM2_JIRmdCOd5NSXFLLVrGZWP0fubtK60-3LSvMuYpBpf-cVmuTULhv_MHz8s6tbN=w64-h64-p,,53 Zynakal,,"1月 1, 1970",1136828,"53 53 Zynakal 1月 1, 1970 - 20 1,136,828"
2026-09-13,my,Malaysia,top_artists_weekly,,54,https://yt3.googleusercontent.com/XLrs7bXpke6XLtYTSHyghN16i5Qr-BoCB0SYCYdDb0IBZrkZ3Of17o2MQXMBHQ3OP659_CHgksFUhi4=w64-h64-p,,13 周興哲,,"1月 1, 1970",1133797,"54 13 周興哲 1月 1, 1970 41 20 1,133,797"
2026-09-13,my,Malaysia,top_artists_weekly,,55,https://yt3.googleusercontent.com/nVJbXg61Msmm_NEU48thAZ7jF-KO9dPCt2ENKiSxn82bCDS9u7NXoa90NwzO70YV8LP79rAZ6JSg-pQr=w64-h64-p,,4 Hyper Act,,"1月 1, 1970",1132964,"55 4 Hyper Act 1月 1, 1970 51 20 1,132,964"
2026-09-13,my,Malaysia,top_artists_weekly,,56,https://yt3.googleusercontent.com/PFBsPfk68ezP__RWw-_A2_lGa4aJrAfuqCNBvcjQyq8kUdhyLaBkiLY0Q6hNvOXN-pz80rIBzzV9R2Y=w64-h64-p,,KPop Demon Hunters Cast,,,,KPop Demon Hunters Cast
2026-09-13,my,Malaysia,top_artists_weekly,,57,https://lh3.googleusercontent.com/tQC4rOL6xz6FhmFr0ggQExxyGbYSOsyveXVSnPBh2WjEyIzQ9pMHablLJ-0GlMBrLBlBrbWQGmzrV6KN=w64-h64-p,,5 比利·埃利什,,"1月 1, 1970",1126984,"57 5 比利·埃利什 1月 1, 1970 52 20 1,126,984"
2026-09-13,my,Malaysia,top_artists_weekly,,58,https://lh3.googleusercontent.com/yFx0i6mPxQoMeGUDkdgoP_eAuIzCsWkhyVYSR0zyf5rjjngODoFUJiRHDvhg2sRytupNq1bvSH9vuPw=w64-h64-p,,11 ST 12,,"1月 1, 1970",1118896,"58 11 ST 12 1月 1, 1970 69 20 1,118,896"
2026-09-13,my,Malaysia,top_artists_weekly,,59,https://yt3.googleusercontent.com/afyGsY_lRKW48vh9fmW4GdLzoe8GLqtiJLTLDR48mlXPcUmjoce2hEMjmutCsXiVcJFGT5IUgLfB63U=w64-h64-p,,13 Ungu,,"1月 1, 1970",1116442,"59 13 Ungu 1月 1, 1970 46 20 1,116,442"
2026-09-13,my,Malaysia,top_artists_weekly,,60,https://lh3.googleusercontent.com/i8PKueO4JStFM6i5t-F8V1jnFglYSybQ_NhU-aXv8mwiPgiCsXjW7WO6gKv97cNPrRcipbHLQA4arA=w64-h64-p,,7 林俊傑,,"1月 1, 1970",1113563,"60 7 林俊傑 1月 1, 1970 53 20 1,113,563"
2026-09-13,my,Malaysia,top_artists_weekly,,61,https://yt3.googleusercontent.com/5GYeWpGUtgi8tPkwqV_Nnq9ZiE6PhSCoRSrfpK1CIdfZkndV5fLHZ-c2g9rAGfdQ6bV81Wvlc8UMjw=w64-h64-p,,3 ILLIT,,"1月 1, 1970",1107838,"61 3 ILLIT 1月 1, 1970 64 20 1,107,838"
2026-09-13,my,Malaysia,top_artists_weekly,,62,https://yt3.googleusercontent.com/VVGOJpxGFBbbUJHurZq_U1F_BjIhaMBAY1sDhOT3a2kE2DnidfYT8L_hY7WoJOusysvzn1msCoinvtma=w64-h64-p,,1 Shawn Mendes,,"1月 1, 1970",1104059,"62 1 Shawn Mendes 1月 1, 1970 63 20 1,104,059"
2026-09-13,my,Malaysia,top_artists_weekly,,63,https://yt3.googleusercontent.com/eOaMK4UiAxtG0I_72fk6PqklkVrP9IZ6ZJ9pbGLmdh7K5dH0IZOesFudFX3ShCjuM8sRTcMvwhks1FI=w64-h64-p,,26 K.O.I,,"1月 1, 1970",1101338,"63 26 K.O.I 1月 1, 1970 37 5 1,101,338"
2026-09-13,my,Malaysia,top_artists_weekly,,64,https://lh3.googleusercontent.com/IOPk1oF8plzB2NS4GYdHLZme06-5PfP_OjMAPNhLtOfHrgzLZz6ItIcVujN31XZ4vuKLt26equAeYA=w64-h64-p,,2 Tenxi,,"1月 1, 1970",1099772,"64 2 Tenxi 1月 1, 1970 62 20 1,099,772"
2026-09-13,my,Malaysia,top_artists_weekly,,65,https://yt3.googleusercontent.com/41-4WZupE4yY88igineZefzBZ3ud2nrtlBMv61OBWOfOcATol8PhmI5OZ0fLlrTszyZ3Ul9I9sE=w64-h64-p,,11 Olivia Rodrigo,,"1月 1, 1970",1095473,"65 11 Olivia Rodrigo 1月 1, 1970 54 20 1,095,473"
2026-09-13,my,Malaysia,top_artists_weekly,,66,https://yt3.googleusercontent.com/7TK-PpocD_ql32RKgB9okRhGOVyA4aKAehiM8l1QxXqjrs8b6x_0FPcCIMFK0CpMuf46e04B3A=w64-h64-p,,66 SIENNA SPIRO,,"1月 1, 1970",1086176,"66 66 SIENNA SPIRO 1月 1, 1970 - 8 1,086,176"
2026-09-13,my,Malaysia,top_artists_weekly,,67,https://lh3.googleusercontent.com/9KoRhPXYu9pl6BiSN_oCBpaAd5Qs6uBxflQze_OoO-wPokdmKxy8WhAGa2GcEPGFA14H8sGGLcqKdAc=w64-h64-p,,9 Armada,,"1月 1, 1970",1078840,"67 9 Armada 1月 1, 1970 58 20 1,078,840"
2026-09-13,my,Malaysia,top_artists_weekly,,68,https://yt3.googleusercontent.com/2IbO6drTOO1y5I4tDPqS5nafZmV0Z54g0YxU32RnLjc0vvYlzH1-c522X0c784WaR9hs9YIDr9yhHKfT=w64-h64-p,,2 CORTIS,,"1月 1, 1970",1067081,"68 2 CORTIS 1月 1, 1970 66 20 1,067,081"
2026-09-13,my,Malaysia,top_artists_weekly,,69,https://yt3.googleusercontent.com/qx--jAlkO6Er4cDEC65Mrg-oQ4vB_l5w1J6vkbH80eHLrWz2AC4HSdvQ6P_kDT3HRMFJgz1ST-wOeQ=w64-h64-p,,22 ENHYPEN,,"1月 1, 1970",1062306,"69 22 ENHYPEN 1月 1, 1970 47 20 1,062,306"
2026-09-13,my,Malaysia,top_artists_weekly,,70,https://yt3.googleusercontent.com/4LWeY6esbVPb0ES6rIuYyBsswEJqMW1vUo93_cfpV3u6qqCewYb0lVKXtAhVVPTqLZGrJyUaO4aPIqRjxA=w64-h64-p,,5 薩利姆·拉茲維,,"1月 1, 1970",1051263,"70 5 薩利姆·拉茲維 1月 1, 1970 65 20 1,051,263"
2026-09-13,my,Malaysia,top_artists_weekly,,71,https://lh3.googleusercontent.com/uE72emEZFH3TVtCZoIFYKmnf7vsb42RYQxb4X-lonyqPQuS_mLtKpLfBQ5JdHwUijfQo06BtSB7LoQ=w64-h64-p,,● 聯合公園,,"1月 1, 1970",1050877,"71 ● 聯合公園 1月 1, 1970 71 20 1,050,877"
2026-09-13,my,Malaysia,top_artists_weekly,,72,https://yt3.googleusercontent.com/vS1JdQdr9N316SQUWem0Bt6LftIHiHkXgKPQ4X1SVjSFq5w7P2GlyjzpWENEy9EmxzEGhClSCw=w64-h64-p,,2 Juan Reza,,"1月 1, 1970",1046538,"72 2 Juan Reza 1月 1, 1970 74 20 1,046,538"
2026-09-13,my,Malaysia,top_artists_weekly,,73,https://lh3.googleusercontent.com/LKpJFXjE3-0OX8tIzurzLynVxI-hOClgUl1tCbkHOpz9fm28DBQw2wG2iFd5jDFABCuuxK0xFESVQA=w64-h64-p,,13 鄧紫棋,,"1月 1, 1970",1033911,"73 13 鄧紫棋 1月 1, 1970 60 20 1,033,911"
2026-09-13,my,Malaysia,top_artists_weekly,,74,https://yt3.googleusercontent.com/7NhzXEoaIgr-0tYoab-gNZfF8zA8IbpTPt_buovH2Y78pc1L7IfKTq7tGU6zSk9EBJX0yKq7wp3jts8=w64-h64-p,,17 Shakira,,"1月 1, 1970",1018858,"74 17 Shakira 1月 1, 1970 57 20 1,018,858"
2026-09-13,my,Malaysia,top_artists_weekly,,75,https://yt3.googleusercontent.com/ahanvzsO5q0DQGBI1WLXXyoXb-dqgX8tehQMLpd5-H2OSjYgeQPcUJoLT8Ol9iTvwOvW9oBcp4wpTlmF=w64-h64-p,,4 ATEEZ,,"1月 1, 1970",1000630,"75 4 ATEEZ 1月 1, 1970 79 15 1,000,630"
2026-09-13,my,Malaysia,top_artists_weekly,,76,https://yt3.googleusercontent.com/v2IbHjnpsFFYo_Mk0acOSRbtmt-9XiT6Poie0X4ppGuCmiivtUBNO0rrZjhSHzCcyWgERfPb3v_XAWYQ=w64-h64-p,,1 Jemsii,,"1月 1, 1970",998571,"76 1 Jemsii 1月 1, 1970 77 20 998,571"
2026-09-13,my,Malaysia,top_artists_weekly,,77,https://lh3.googleusercontent.com/x-Z35q6HsBB98J85-4oNqPnOen4pZBaNCpHawzf_ejs-pkgh6Eh3D2Fu7S1T4gEj0yWZ0c6DOAHCpA=w64-h64-p,,7 Michael Jackson,,"1月 1, 1970",995852,"77 7 Michael Jackson 1月 1, 1970 84 20 995,852"
2026-09-13,my,Malaysia,top_artists_weekly,,78,https://lh3.googleusercontent.com/89NwaYZtZh_izUk9S--o-xCwMULZd3yvIJ622Lsq9OyPhslJCi6-wKfoZvGyIyA8WTOUYUdFR1fBUZk=w64-h64-p,,11 Insomniacks,,"1月 1, 1970",994182,"78 11 Insomniacks 1月 1, 1970 67 20 994,182"
2026-09-13,my,Malaysia,top_artists_weekly,,79,https://yt3.googleusercontent.com/0FmNbKOxBPw_U_N4Byt3i_87JylYguFIqV6xd0RrSazMrh7dM9RDUQKpI7nYV_iAREzE3UO8=w64-h64-p,,3 EJAE,,"1月 1, 1970",979026,"79 3 EJAE 1月 1, 1970 76 20 979,026"
2026-09-13,my,Malaysia,top_artists_weekly,,80,https://lh3.googleusercontent.com/iWH_XSIO8yZvIqz8vxkwC9BjzGM4giAhR69Z6LZ0t8Rp79ASNFVwpwHZWOyyo94B_jsXl8HtFueMgMA=w64-h64-p,,● 蘇努・尼甘,,"1月 1, 1970",975130,"80 ● 蘇努・尼甘 1月 1, 1970 80 20 975,130"
2026-09-13,my,Malaysia,top_artists_weekly,,81,https://yt3.googleusercontent.com/-HiF4V5F70MMCFacJbbTlXuTUrV8NpvELqAyPUnEg0TH3YyQr1igx6mqjm0z96VwEaAQLOCWTsT7fKiS=w64-h64-p,,1 May,,"1月 1, 1970",965375,"81 1 May 1月 1, 1970 82 20 965,375"
2026-09-13,my,Malaysia,top_artists_weekly,,82,https://lh3.googleusercontent.com/48LfK4z6o-CCEWgHQnQfg0ltcT9tbZSN0qjSh0FSJsJI5GF48j2-pH219ciG1ML-PI80ZGD4Vz6sjg=w64-h64-p,,4 Post Malone,,"1月 1, 1970",963389,"82 4 Post Malone 1月 1, 1970 78 20 963,389"
2026-09-13,my,Malaysia,top_artists_weekly,,83,https://yt3.googleusercontent.com/b0ax28GgBEO8PaHOrZi0ANGfOk1geSb68048rw1As2UACUHczUYKkotWabwMAGoX2C8DL9MC9Flpgw=w64-h64-p,,11 aespa,,"1月 1, 1970",957374,"83 11 aespa 1月 1, 1970 72 20 957,374"
2026-09-13,my,Malaysia,top_artists_weekly,,84,https://yt3.googleusercontent.com/1ztXGJxu4zOqcDlc1gD2slQpkxe8z8z_k_THyeVCSQwCcUw2zJFwRncG7Ui3CB6TUSdbEI-9zMU5gA=w64-h64-p,,14 Gareth.T,,"1月 1, 1970",953084,"84 14 Gareth.T 1月 1, 1970 70 20 953,084"
2026-09-13,my,Malaysia,top_artists_weekly,,85,https://lh3.googleusercontent.com/3m16oMKLck_2JI_jRmF4cfNzohDOGjnS0v3yeo9J3b-VAmoidbDHmENAFb9NF701ogYMrDgGpgQv-A=w64-h64-p,,2 HUNTR/X,,"1月 1, 1970",923182,"85 2 HUNTR/X 1月 1, 1970 83 20 923,182"
2026-09-13,my,Malaysia,top_artists_weekly,,86,https://lh3.googleusercontent.com/jQoBIAS6JjFGpcqQY1M_Mh3AasOvFENCdVRxkgax1a0K6qiq7AgE3MbJ6Jtt-Jndcarvoawmrg66KTny=w64-h64-p,,1 Ed Sheeran,,"1月 1, 1970",901579,"86 1 Ed Sheeran 1月 1, 1970 85 20 901,579"
2026-09-13,my,Malaysia,top_artists_weekly,,87,https://yt3.googleusercontent.com/MA_EGoZ5nl71Ru68u35wsIEwbbOnr0akbYYGW3EaHvKc05ALjYW-rvQTRyv4n_b2D9qQgEPw=w64-h64-p,,● AUDREY NUNA,,"1月 1, 1970",892113,"87 ● AUDREY NUNA 1月 1, 1970 87 20 892,113"
2026-09-13,my,Malaysia,top_artists_weekly,,88,https://lh3.googleusercontent.com/Q0-lvVEqqi4SISDtJOb4pvJAy-lngML3CQoTUmSWfufucRBcggF8A0x5proElmUnMxR7Fgg8eB3kA1Y=w64-h64-p,,● REI AMI,,"1月 1, 1970",890218,"88 ● REI AMI 1月 1, 1970 88 20 890,218"
2026-09-13,my,Malaysia,top_artists_weekly,,89,https://yt3.googleusercontent.com/qsRJohHC_cnj5L48juCLXzJYppwyLAIAETrgm4m2m7J8PyvRqg1lxMmrHxrC6Y3Ugz11HS02qvY=w64-h64-p,,8 Malique,,"1月 1, 1970",885684,"89 8 Malique 1月 1, 1970 81 15 885,684"
2026-09-13,my,Malaysia,top_artists_weekly,,90,https://yt3.googleusercontent.com/22FOVr8D5Kq9y2l2sUDKW5X5s0W_axG7_sDhQVzxDGEXBMNjhwzvhs10BI3UoA1focajEeTPqZ2jNW9D=w64-h64-p,,● Stray Kids,,"1月 1, 1970",879002,"90 ● Stray Kids 1月 1, 1970 90 20 879,002"
2026-09-13,my,Malaysia,top_artists_weekly,,91,https://lh3.googleusercontent.com/Wqr_bvGshelPD-n5OohFA1Au6r130npkqQX3BS0bEb4l373-FVX9ZhkhWykNKdq3CrNCF6ubJNTLVwI=w64-h64-p,,5 CP查理,,"1月 1, 1970",866754,"91 5 CP查理 1月 1, 1970 86 20 866,754"
2026-09-13,my,Malaysia,top_artists_weekly,,92,https://yt3.googleusercontent.com/16RXgLB1bj5Fkrhzetk7IPgtCd-eHffmHGQli4iEMnig4TEMjVhWW5Vb7Sg1TOopb9Eb_hItsL5z2WXl=w64-h64-p,,19 Spin,,"1月 1, 1970",865210,"92 19 Spin 1月 1, 1970 73 20 865,210"
2026-09-13,my,Malaysia,top_artists_weekly,,93,https://yt3.googleusercontent.com/5ci78rKknUuBjvn9esGu_zXAZOzA62XIsRu6FMUj52xJIv0Yszfni4nHWJVUkr1BbxtBJhKcdcgZPXE=w64-h64-p,,4 七級煉獄,,"1月 1, 1970",863955,"93 4 七級煉獄 1月 1, 1970 89 20 863,955"
2026-09-13,my,Malaysia,top_artists_weekly,,94,https://yt3.googleusercontent.com/xP_8xXI_p_PzN73Vo4ub9_y7WKeDTwKLRbp6-J--yB3v6STos0KgMzjXHskB9i-oB4ntMbLG6fY92cfS=w64-h64-p,,2 Spoon,,"1月 1, 1970",857614,"94 2 Spoon 1月 1, 1970 96 2 857,614"
2026-09-13,my,Malaysia,top_artists_weekly,,95,https://lh3.googleusercontent.com/ornw5w2dfEhnOj0qfYuFizhCV_PkviIR7uJMMDyi2eXPJ0VcTF1cEcYVyO1NhvIQIVZInUqh3Uohg5Q=w64-h64-p,,4 Akon,,"1月 1, 1970",855723,"95 4 Akon 1月 1, 1970 91 20 855,723"
2026-09-13,my,Malaysia,top_artists_weekly,,96,https://yt3.googleusercontent.com/7cYfmVi7qmemK4wRGE3qErv1q_ChFRrPv03gpQg_r-fvskRmvOtYU8V13S2lh6CCwECpna4-MtM=w64-h64-p,,96 汪蘇瀧,,"1月 1, 1970",854174,"96 96 汪蘇瀧 1月 1, 1970 - 20 854,174"
2026-09-13,my,Malaysia,top_artists_weekly,,97,https://lh3.googleusercontent.com/tLzIJPsFe-q93Y_erAUU_hDIyXCgCrYJ0C-S4DmMurqfB9LJ_PNFpTPA41k-dVMB6ODgc4-1nF1cOp6c=w64-h64-p,,5 Rihanna,,"1月 1, 1970",850978,"97 5 Rihanna 1月 1, 1970 92 20 850,978"
2026-09-13,my,Malaysia,top_artists_weekly,,98,https://yt3.googleusercontent.com/yGckU_ciz_GsjmCCWc6zwDfLdVDSVJ7s1-v7A_B2ENrg0s8PtaMjF0JvkfnlNFkjmDiXvrCaLsqC4g=w64-h64-p,,1 Kangen Band,,"1月 1, 1970",837553,"98 1 Kangen Band 1月 1, 1970 99 20 837,553"
2026-09-13,my,Malaysia,top_artists_weekly,,99,https://yt3.googleusercontent.com/stZjBgqd63E6PF01xCUC5x1B5lge2VT9w3jyrpnuRplogwWJ4DHS0B6QQmf0Ev_ze7UJbYlU5FQ=w64-h64-p,,99 Iman Troye,,"1月 1, 1970",823201,"99 99 Iman Troye 1月 1, 1970 - 20 823,201"
2026-09-13,my,Malaysia,top_artists_weekly,,100,https://yt3.googleusercontent.com/8YB2NaZiMvNlvdIEXdGSMfP-aTOHXAbdXy1hvZ_SVfXkTsKFy6YQlmnIk-aiDZ1ew7tNMhe3cPUow1g=w64-h64-p,,LE SSERAFIM,,"1月 1, 1970",812694,"100 100 LE SSERAFIM 1月 1, 1970 - 20 812,694"