captured_date,market,market_name,chart,period_suffix,rank,image_url,primary_name,secondary_name,release_date,metric_value,raw_text
2026-08-17,global,Global,top_videos_daily,,1,https://i.ytimg.com/vi/fcnDmrtj6Sk/mqdefault.jpg,Dai Dai,Shakira / Burna Boy,,,Dai Dai Shakira & Burna Boy
2026-08-17,global,Global,top_videos_daily,,2,https://i.ytimg.com/vi/46kMhdOoeHM/mqdefault.jpg,Aye Mere Watan Ke Logon,C·蘭德拉 / Pradeep Irinjalakkuda / 拉塔・曼蓋施卡 / 坦尼許・巴格奇,,,"Aye Mere Watan Ke Logon C·蘭德拉 , Pradeep Irinjalakkuda , 拉塔・曼蓋施卡 & 坦尼許・巴格奇"
2026-08-17,global,Global,top_videos_daily,,3,https://i.ytimg.com/vi/l71aOtTJ1gE/mqdefault.jpg,Tiranga,B Praak,"5月 14, 2024",5374793,"3 9 Tiranga B Praak 5月 14, 2024 12 8 5,374,793"
2026-08-17,global,Global,top_videos_daily,,4,https://i.ytimg.com/vi/icTm9MvrBRY/mqdefault.jpg,Jalwa Jalwa,Sukhwinder Singh / Udit Narayan,,,Jalwa Jalwa Sukhwinder Singh & Udit Narayan
2026-08-17,global,Global,top_videos_daily,,5,https://i.ytimg.com/vi/drlfr5Rtb1o/mqdefault.jpg,Des Rangila,Mahalakshmi Iyer,,,Des Rangila Mahalakshmi Iyer
2026-08-17,global,Global,top_videos_daily,,6,https://i.ytimg.com/vi/wDheWYmNEhQ/mqdefault.jpg,Aisa Des Hai Mera,拉塔・曼蓋施卡 / Udit Narayan / 古爾達斯·馬 / Preetha Mazumdar,,,"Aisa Des Hai Mera 拉塔・曼蓋施卡 , Udit Narayan , 古爾達斯·馬 & Preetha Mazumdar"
2026-08-17,global,Global,top_videos_daily,,7,https://i.ytimg.com/vi/xvT1jH8B9AM/mqdefault.jpg,KALYANI (Remix),ARJN / KDS / FIFTY4 / 舒蕾亞·戈沙爾,,,"KALYANI (Remix) ARJN , KDS , FIFTY4 & 舒蕾亞·戈沙爾"
2026-08-17,global,Global,top_videos_daily,,8,https://i.ytimg.com/vi/MzegNf-M20w/mqdefault.jpg,मेरा रंग दे बसंती चोला,Udit Narayan / Bhupendra Singh,,,मेरा रंग दे बसंती चोला Udit Narayan & Bhupendra Singh
2026-08-17,global,Global,top_videos_daily,,9,https://i.ytimg.com/vi/rja5OuQGpAg/mqdefault.jpg,Aye Watan Tere Liye,Kavita Krishnamurthy / 穆罕默德·阿齊茲,,,Aye Watan Tere Liye Kavita Krishnamurthy & 穆罕默德·阿齊茲
2026-08-17,global,Global,top_videos_daily,,10,https://i.ytimg.com/vi/yebNIHKAC4A/mqdefault.jpg,Golden,HUNTR/X / EJAE / AUDREY NUNA / REI AMI / KPop Demon Hunters Cast,,,"Golden HUNTR/X , EJAE , AUDREY NUNA , REI AMI & KPop Demon Hunters Cast"
2026-08-17,global,Global,top_videos_daily,,11,https://i.ytimg.com/vi/yOHnlNuZhgI/mqdefault.jpg,Maa Tujhhe Salaam (Maa Tujhhe Salaam / Soundtrack Version),Shankar Mahadevan,,,Maa Tujhhe Salaam (Maa Tujhhe Salaam / Soundtrack Version) Shankar Mahadevan
2026-08-17,global,Global,top_videos_daily,,12,https://i.ytimg.com/vi/ApXoWvfEYVU/mqdefault.jpg,Sunflower,Post Malone / Swae Lee,,,Sunflower Post Malone & Swae Lee
2026-08-17,global,Global,top_videos_daily,,13,https://i.ytimg.com/vi/dO5Q0Zut8Jc/mqdefault.jpg,Kargil Vijay Diwas Special - Aye Watan Aye Watan | Jalwa Jalwa | Hindustan Ki Kasam | Hindi Song,Gaane Filmi,,,Kargil Vijay Diwas Special - Aye Watan Aye Watan | Jalwa Jalwa | Hindustan Ki Kasam | Hindi Song Gaane Filmi
2026-08-17,global,Global,top_videos_daily,,14,https://i.ytimg.com/vi/YyepU5ztLf4/mqdefault.jpg,Shararat,Madhubanti Bagchi / 雅斯文·桑德拉斯 / 沙赫瓦特·薩赫迪夫,,,"Shararat Madhubanti Bagchi , 雅斯文·桑德拉斯 & 沙赫瓦特·薩赫迪夫"
2026-08-17,global,Global,top_videos_daily,,15,https://i.ytimg.com/vi/6rvUyBiBtik/mqdefault.jpg,Tera Mera Rishta,Sayeed Quadri / Mustafa Zahid / Pritam,,,"Tera Mera Rishta Sayeed Quadri , Mustafa Zahid & Pritam"
2026-08-17,global,Global,top_videos_daily,,16,https://i.ytimg.com/vi/23cipSExADA/mqdefault.jpg,เพราะพี่รักจริง,หนึ่ง บีเคแบนด์,,,เพราะพี่รักจริง หนึ่ง บีเคแบนด์
2026-08-17,global,Global,top_videos_daily,,17,https://i.ytimg.com/vi/L1yeukkQTOg/mqdefault.jpg,Phir Bhi Dil Hai Hindustani,Jatin-Lalit / Udit Narayan,,,Phir Bhi Dil Hai Hindustani Jatin-Lalit & Udit Narayan
2026-08-17,global,Global,top_videos_daily,,18,https://i.ytimg.com/vi/8F2s8ivKXNY/mqdefault.jpg,Life Goes On,Oliver Tree,,,Life Goes On Oliver Tree
2026-08-17,global,Global,top_videos_daily,,19,https://i.ytimg.com/vi/m7k9UMcHbr0/mqdefault.jpg,"KATSEYE (캣츠아이) ""Animal"" Official MV",KATSEYE,,,"KATSEYE (캣츠아이) ""Animal"" Official MV KATSEYE"
2026-08-17,global,Global,top_videos_daily,,20,https://i.ytimg.com/vi/u9BdaJTWeiw/mqdefault.jpg,Barbaadi,Shilpi Raj,,,Barbaadi Shilpi Raj
2026-08-17,global,Global,top_videos_daily,,21,https://i.ytimg.com/vi/Y6WV7v4zuNM/mqdefault.jpg,Maa Tujhe Salaam,A. R. Rahman,,,Maa Tujhe Salaam A. R. Rahman
2026-08-17,global,Global,top_videos_daily,,22,https://i.ytimg.com/vi/A_RV2H2F9jw/mqdefault.jpg,Basinga Balaalu,Srinidhi Nerella / Kalyan Keys / Swamy Naresh,,,"Basinga Balaalu Srinidhi Nerella , Kalyan Keys & Swamy Naresh"
2026-08-17,global,Global,top_videos_daily,,23,https://i.ytimg.com/vi/tQh6SKXktzM/mqdefault.jpg,Tiranga Meri Jaan,Anu Dubey,,,Tiranga Meri Jaan Anu Dubey
2026-08-17,global,Global,top_videos_daily,,24,https://i.ytimg.com/vi/CdM7bsa4m6E/mqdefault.jpg,Aye Watan Tere Liye,穆罕默德·阿齊茲 / Kavita Krishnamurthy,,,Aye Watan Tere Liye 穆罕默德·阿齊茲 & Kavita Krishnamurthy
2026-08-17,global,Global,top_videos_daily,,25,https://i.ytimg.com/vi/kwwdY1bp-Ck/mqdefault.jpg,Todo Lo Fue - (Video Oficial) - Lenin Ramirez - DEL Records 2026,DEL Records,,2026,Todo Lo Fue - (Video Oficial) - Lenin Ramirez - DEL Records 2026 DEL Records
2026-08-17,global,Global,top_videos_daily,,26,https://i.ytimg.com/vi/F2m4HPLvj-4/mqdefault.jpg,Jaiye Sajana,雅斯文·桑德拉斯 / 施廷德·薩爾塔 / 沙赫瓦特·薩赫迪夫,,,"Jaiye Sajana 雅斯文·桑德拉斯 , 施廷德·薩爾塔 & 沙赫瓦特·薩赫迪夫"
2026-08-17,global,Global,top_videos_daily,,27,https://i.ytimg.com/vi/dJyFI49dsnQ/mqdefault.jpg,MERA RANG DE BASANTI CHOLA,布品德爾·辛格 / DEV KOHLI / Udit Narayan / Veer Rajinder,,,"MERA RANG DE BASANTI CHOLA 布品德爾·辛格 , DEV KOHLI , Udit Narayan & Veer Rajinder"
2026-08-17,global,Global,top_videos_daily,,28,https://i.ytimg.com/vi/69L-nKRY3ac/mqdefault.jpg,Sebebi Yar,Blok3,,,Sebebi Yar Blok3
2026-08-17,global,Global,top_videos_daily,,29,https://i.ytimg.com/vi/4kGIIRUIRbQ/mqdefault.jpg,Aisa Des Hai Mera,古爾達斯·馬 / 拉塔・曼蓋施卡 / Preetha Mazumdar / Udit Narayan,,,"Aisa Des Hai Mera 古爾達斯·馬 , 拉塔・曼蓋施卡 , Preetha Mazumdar & Udit Narayan"
2026-08-17,global,Global,top_videos_daily,,30,https://i.ytimg.com/vi/oafxkMv4xnc/mqdefault.jpg,Bairan,Banjaare,"2月 13, 2026",1734152,"30 7 Bairan Banjaare 2月 13, 2026 23 163 1,734,152"
2026-08-17,global,Global,top_videos_daily,,31,https://i.ytimg.com/vi/OQac93ARgQE/mqdefault.jpg,Nano,Saint Levant / TUL8TE,,,Nano Saint Levant & TUL8TE
2026-08-17,global,Global,top_videos_daily,,32,https://i.ytimg.com/vi/aRNfSqsgrgE/mqdefault.jpg,Sheesha,Mitta Ror / Swara Verma,,,Sheesha Mitta Ror & Swara Verma
2026-08-17,global,Global,top_videos_daily,,33,https://i.ytimg.com/vi/ebZj_nrmH-c/mqdefault.jpg,Barsaat,Banjaare / Roni,,,Barsaat Banjaare & Roni
2026-08-17,global,Global,top_videos_daily,,34,https://i.ytimg.com/vi/bP8ATWCvqzw/mqdefault.jpg,Arz Kiya Hai,Anuv Jain,,,Arz Kiya Hai Anuv Jain
2026-08-17,global,Global,top_videos_daily,,35,https://i.ytimg.com/vi/zvLvXhXfdVM/mqdefault.jpg,Vande Mataram (The Fighter Anthem),Vishal Dadlani / 謝卡爾·拉維加尼 / Vaibhav Gupta / Subhadeep Das Chowdhury / Dipan Mitra / utkArsh / Piyush Panwar / Obom Tangu,,,"Vande Mataram (The Fighter Anthem) Vishal Dadlani , 謝卡爾·拉維加尼 , Vaibhav Gupta , Subhadeep Das Chowdhury , Dipan Mitra , utkArsh , Piyush Panwar & Obom Tangu"
2026-08-17,global,Global,top_videos_daily,,36,https://i.ytimg.com/vi/o0EitauhL_g/mqdefault.jpg,AYE WATAN,DEV KOHLI / Veer Rajinder,,,AYE WATAN DEV KOHLI & Veer Rajinder
2026-08-17,global,Global,top_videos_daily,,37,https://i.ytimg.com/vi/2yreX_ZCfgM/mqdefault.jpg,Peão Todo Tatuado,Mariana Fagundes / jeninho,,,Peão Todo Tatuado Mariana Fagundes & jeninho
2026-08-17,global,Global,top_videos_daily,,38,https://i.ytimg.com/vi/UH21OnJwxZE/mqdefault.jpg,PHƯƠNG MỸ CHI x DTAP | 'THIÊN ĐƯỜNG VỚI NGƯỜI THƯƠNG' | OFFICIAL MUSIC VIDEO,Phương Mỹ Chi,,,PHƯƠNG MỸ CHI x DTAP | 'THIÊN ĐƯỜNG VỚI NGƯỜI THƯƠNG' | OFFICIAL MUSIC VIDEO Phương Mỹ Chi
2026-08-17,global,Global,top_videos_daily,,39,https://i.ytimg.com/vi/27C4pfRsf9g/mqdefault.jpg,ICONIC BY MISTAKE,LE SSERAFIM / ILLIT / KATSEYE,,,"ICONIC BY MISTAKE LE SSERAFIM , ILLIT & KATSEYE"
2026-08-17,global,Global,top_videos_daily,,40,https://i.ytimg.com/vi/I0-IiiVgvyU/mqdefault.jpg,Desh Mere,Arijit Singh,,,Desh Mere Arijit Singh
2026-08-17,global,Global,top_videos_daily,,41,https://i.ytimg.com/vi/b68HETiNO98/mqdefault.jpg,Pavazha Malli,Sai Abhyankkar / Shruti Haasan,,,Pavazha Malli Sai Abhyankkar & Shruti Haasan
2026-08-17,global,Global,top_videos_daily,,42,https://i.ytimg.com/vi/FboTyBsFZQs/mqdefault.jpg,Anuel AA | Donde Hubo Fuego Cenizas Quedan (Video Oficial),Anuel AA,,,Anuel AA | Donde Hubo Fuego Cenizas Quedan (Video Oficial) Anuel AA
2026-08-17,global,Global,top_videos_daily,,43,https://i.ytimg.com/vi/vutbVGewIcg/mqdefault.jpg,Las Mas Bonitas Son P*tas,Anuel AA,,,Las Mas Bonitas Son P*tas Anuel AA
2026-08-17,global,Global,top_videos_daily,,44,https://i.ytimg.com/vi/5GCfYLguTIs/mqdefault.jpg,Boyfriend,Karan Aujla,,,Boyfriend Karan Aujla
2026-08-17,global,Global,top_videos_daily,,45,https://i.ytimg.com/vi/9dV6Hl2u3vM/mqdefault.jpg,Neno Butterfly,Sublahshini / G.V. Prakash Kumar,,,Neno Butterfly Sublahshini & G.V. Prakash Kumar
2026-08-17,global,Global,top_videos_daily,,46,https://i.ytimg.com/vi/1UpdWz7TfV4/mqdefault.jpg,I Love My India | Lyrical Video | Republic Day Song | Pardes | 26 January Song | Desh Bhakti Song,Hot Hits Hindi,,,I Love My India | Lyrical Video | Republic Day Song | Pardes | 26 January Song | Desh Bhakti Song Hot Hits Hindi
2026-08-17,global,Global,top_videos_daily,,47,https://i.ytimg.com/vi/ZvXN0TcZLfQ/mqdefault.jpg,Fortuner,Raj Mawar / Ruchika Jangid,,,Fortuner Raj Mawar & Ruchika Jangid
2026-08-17,global,Global,top_videos_daily,,48,https://i.ytimg.com/vi/2zUg7UOyRMw/mqdefault.jpg,Desh Mere,Arijit Singh,,,Desh Mere Arijit Singh
2026-08-17,global,Global,top_videos_daily,,49,https://i.ytimg.com/vi/bMhDJ0S0OBA/mqdefault.jpg,It's Me,ILLIT,"4月 30, 2026",1399689,"49 16 It's Me ILLIT 4月 30, 2026 33 108 1,399,689"
2026-08-17,global,Global,top_videos_daily,,50,https://i.ytimg.com/vi/asG7cwxi1sA/mqdefault.jpg,Saiyaara,舒蕾亞·戈沙爾 / Arslan Nizami / Irshad Kamil,,,"Saiyaara 舒蕾亞·戈沙爾 , Arslan Nizami & Irshad Kamil"
2026-08-17,global,Global,top_videos_daily,,51,https://i.ytimg.com/vi/8RpFEpASt9k/mqdefault.jpg,"मेरा मुल्क मेरा देशHD- दिलजले -अजय देवगन, सोनाली बेंद्रे -कुमार सानु, आदित्य नारायण - Patriotic Song",庫馬・山奴 / Aditya Narayan,,,"मेरा मुल्क मेरा देशHD- दिलजले -अजय देवगन, सोनाली बेंद्रे -कुमार सानु, आदित्य नारायण - Patriotic Song 庫馬・山奴 & Aditya Narayan"
2026-08-17,global,Global,top_videos_daily,,52,https://i.ytimg.com/vi/cL0KKSPjZf8/mqdefault.jpg,Boom Shaka,KR$NA / Dhanda Nyoliwala,,,Boom Shaka KR$NA & Dhanda Nyoliwala
2026-08-17,global,Global,top_videos_daily,,53,https://i.ytimg.com/vi/RO75uUZiAw0/mqdefault.jpg,Teh Hijau,圖魯斯,"6月 29, 2026",1345915,"53 9 Teh Hijau 圖魯斯 6月 29, 2026 44 41 1,345,915"
2026-08-17,global,Global,top_videos_daily,,54,https://i.ytimg.com/vi/YczkDMTaek4/mqdefault.jpg,Sandeshe Aate Hai (Lyrical) | Border|Sunny Deol|Sunil Shetty|Akshaye Khanna Bollywood Patriotic Song,Ishtar Music,,,Sandeshe Aate Hai (Lyrical) | Border|Sunny Deol|Sunil Shetty|Akshaye Khanna Bollywood Patriotic Song Ishtar Music
2026-08-17,global,Global,top_videos_daily,,55,https://i.ytimg.com/vi/dTWEFx3DeM8/mqdefault.jpg,Anor,Mirjalol Nematov,,,Anor Mirjalol Nematov
2026-08-17,global,Global,top_videos_daily,,56,https://i.ytimg.com/vi/Wvr8sX5-T_8/mqdefault.jpg,Ae Mere Watan Ke Logon with Lyrics | Lata Mangeshkar | Live in Concert | Lata Mangeshkar Songs,Saregama Music,,,Ae Mere Watan Ke Logon with Lyrics | Lata Mangeshkar | Live in Concert | Lata Mangeshkar Songs Saregama Music
2026-08-17,global,Global,top_videos_daily,,57,https://i.ytimg.com/vi/-FBwd9cWJoQ/mqdefault.jpg,Kırgınım,Blok3,"6月 4, 2026",1258729,"57 22 Kırgınım Blok3 6月 4, 2026 35 68 1,258,729"
2026-08-17,global,Global,top_videos_daily,,58,https://i.ytimg.com/vi/VHQ0w-9ITBI/mqdefault.jpg,I Love My India,Hariharan / 香卡·馬哈德溫 / Kavita Krishnamurthy / Aditya Narayan,,,"I Love My India Hariharan , 香卡·馬哈德溫 , Kavita Krishnamurthy & Aditya Narayan"
2026-08-17,global,Global,top_videos_daily,,59,https://i.ytimg.com/vi/oRdxUFDoQe0/mqdefault.jpg,Beat It,Michael Jackson,,,Beat It Michael Jackson
2026-08-17,global,Global,top_videos_daily,,60,https://i.ytimg.com/vi/q2IMrkhSjSA/mqdefault.jpg,ÇOK GÜZEL GÜLÜYORSUN,Blok3 / Poizi,,,ÇOK GÜZEL GÜLÜYORSUN Blok3 & Poizi
2026-08-17,global,Global,top_videos_daily,,61,https://i.ytimg.com/vi/XPbEGPbkrEw/mqdefault.jpg,KHUSH RAHO,DEV KOHLI / Veer Rajinder,,,KHUSH RAHO DEV KOHLI & Veer Rajinder
2026-08-17,global,Global,top_videos_daily,,62,https://i.ytimg.com/vi/BZ4UzthYTss/mqdefault.jpg,This & That,Stray Kids,,,This & That Stray Kids
2026-08-17,global,Global,top_videos_daily,,63,https://i.ytimg.com/vi/tionpZAVPd4/mqdefault.jpg,Teri Mitti,馬諾伊·蒙塔舍 / B Praak / 雅高・普拉沃・穆克吉,,,"Teri Mitti 馬諾伊·蒙塔舍 , B Praak & 雅高・普拉沃・穆克吉"
2026-08-17,global,Global,top_videos_daily,,64,https://i.ytimg.com/vi/5Y3a06rJjoU/mqdefault.jpg,Garee2a Awy (Live),TUL8TE,,,Garee2a Awy (Live) TUL8TE
2026-08-17,global,Global,top_videos_daily,,65,https://i.ytimg.com/vi/LX2zshAgECQ/mqdefault.jpg,Aankhon Se Tune 2.0,Dev Negi / Palak Muchhal / Kumar Sanu / Alka Yagnik,,,"Aankhon Se Tune 2.0 Dev Negi , Palak Muchhal , Kumar Sanu & Alka Yagnik"
2026-08-17,global,Global,top_videos_daily,,66,https://i.ytimg.com/vi/A7ShtPRP2Mc/mqdefault.jpg,Kayıp Kalp,Blok3,,,Kayıp Kalp Blok3
2026-08-17,global,Global,top_videos_daily,,67,https://i.ytimg.com/vi/-0RUAQAMUac/mqdefault.jpg,تباعاً تباعاً,Sherine,,,تباعاً تباعاً Sherine
2026-08-17,global,Global,top_videos_daily,,68,https://i.ytimg.com/vi/SpcgDgfqBCo/mqdefault.jpg,Jalwa Jalwa,Sukhwinder Singh / Udit Narayan,,,Jalwa Jalwa Sukhwinder Singh & Udit Narayan
2026-08-17,global,Global,top_videos_daily,,69,https://i.ytimg.com/vi/-q_S27LbNKU/mqdefault.jpg,BAD,ATEEZ,"6月 25, 2026",1091518,"69 15 BAD ATEEZ 6月 25, 2026 54 45 1,091,518"
2026-08-17,global,Global,top_videos_daily,,70,https://i.ytimg.com/vi/0pg0raFMNIU/mqdefault.jpg,Toz Pembe,manifest,,,Toz Pembe manifest
2026-08-17,global,Global,top_videos_daily,,71,https://i.ytimg.com/vi/ZcO4s0UU4Uk/mqdefault.jpg,Kamar DJ Pe,Manish Sonipat Aala / Bali Sharma / Vampire,,,"Kamar DJ Pe Manish Sonipat Aala , Bali Sharma & Vampire"
2026-08-17,global,Global,top_videos_daily,,72,https://i.ytimg.com/vi/C40oligg6xE/mqdefault.jpg,นาฬิกาทราย (sign),BOWKYLION,,,นาฬิกาทราย (sign) BOWKYLION
2026-08-17,global,Global,top_videos_daily,,73,https://i.ytimg.com/vi/hm3-qJs0dO4/mqdefault.jpg,"Dil Diya Hai Jaan Bhi Denge, Aye Watan Tere Liye | Karma | Mohd. Aziz, Kavita K | Patriotic Song",Bollywood Sadabahar,,,"Dil Diya Hai Jaan Bhi Denge, Aye Watan Tere Liye | Karma | Mohd. Aziz, Kavita K | Patriotic Song Bollywood Sadabahar"
2026-08-17,global,Global,top_videos_daily,,74,https://i.ytimg.com/vi/jDn2bn7_YSM/mqdefault.jpg,A.R. Rahman | Maa Tujhe Salaam | Official Video | Mehboob | Bharat Bala,A. R. Rahman,,,A.R. Rahman | Maa Tujhe Salaam | Official Video | Mehboob | Bharat Bala A. R. Rahman
2026-08-17,global,Global,top_videos_daily,,75,https://i.ytimg.com/vi/anhQ3fC1_hY/mqdefault.jpg,Be My Friend (The Verity Band),Horror Skunx,,,Be My Friend (The Verity Band) Horror Skunx
2026-08-17,global,Global,top_videos_daily,,76,https://i.ytimg.com/vi/Iz-nC59AIWc/mqdefault.jpg,UNA BABY EN SANTIAGO,Lil Naay,,,UNA BABY EN SANTIAGO Lil Naay
2026-08-17,global,Global,top_videos_daily,,77,https://i.ytimg.com/vi/YQqJCk_BjNU/mqdefault.jpg,Mitti Ke Bete (Live),蘇努・尼甘 / 米通 / 馬諾伊·蒙塔舍,,,"Mitti Ke Bete (Live) 蘇努・尼甘 , 米通 & 馬諾伊·蒙塔舍"
2026-08-17,global,Global,top_videos_daily,,78,https://i.ytimg.com/vi/MjxGwfa5lxw/mqdefault.jpg,Pakistan Zindabad,Sahir Ali Bagga,,,Pakistan Zindabad Sahir Ali Bagga
2026-08-17,global,Global,top_videos_daily,,79,https://i.ytimg.com/vi/NJ1NIIdHhXs/mqdefault.jpg,Bum Bum Bole,Shaan / 阿米爾·罕,,,Bum Bum Bole Shaan & 阿米爾·罕
2026-08-17,global,Global,top_videos_daily,,80,https://i.ytimg.com/vi/v5jVX0QYwQo/mqdefault.jpg,Shararat,Madhubanti Bagchi / 雅斯文·桑德拉斯 / 沙赫瓦特·薩赫迪夫,,,"Shararat Madhubanti Bagchi , 雅斯文·桑德拉斯 & 沙赫瓦特·薩赫迪夫"
2026-08-17,global,Global,top_videos_daily,,81,https://i.ytimg.com/vi/Si9kWKnJKxE/mqdefault.jpg,ZOMBIE,LAZARO,"5月 21, 2026",1004327,"81 17 ZOMBIE LAZARO 5月 21, 2026 64 83 1,004,327"
2026-08-17,global,Global,top_videos_daily,,82,https://i.ytimg.com/vi/fLexgOxsZu0/mqdefault.jpg,The Lazy Song,Bruno Mars,,,The Lazy Song Bruno Mars
2026-08-17,global,Global,top_videos_daily,,83,https://i.ytimg.com/vi/gJAbDSse5WM/mqdefault.jpg,Tìm Em,Hngle,"6月 18, 2026",988522,"83 28 Tìm Em Hngle 6月 18, 2026 55 55 988,522"
2026-08-17,global,Global,top_videos_daily,,84,https://i.ytimg.com/vi/TX-1dI8t6WM/mqdefault.jpg,AMOR,Emmanuel Cortes,,,AMOR Emmanuel Cortes
2026-08-17,global,Global,top_videos_daily,,85,https://i.ytimg.com/vi/Md7kqHsWWs4/mqdefault.jpg,Six Seven,Laurinha Costa / SoundMusic Original / Dj Cabello / Dj Tchouzen,,,"Six Seven Laurinha Costa , SoundMusic Original , Dj Cabello & Dj Tchouzen"
2026-08-17,global,Global,top_videos_daily,,86,https://i.ytimg.com/vi/I_46tPHvVOw/mqdefault.jpg,DICHAVATE,Ya Ice Dilan / Rey Tony / Helabusador / JipMusic Global / dj honda,,,"DICHAVATE Ya Ice Dilan , Rey Tony , Helabusador , JipMusic Global & dj honda"
2026-08-17,global,Global,top_videos_daily,,87,https://i.ytimg.com/vi/vTvGobaqo9E/mqdefault.jpg,Polvo Rosita - (Video Oficial) - Lenin Ramirez - DEL Records 2024,DEL Records,,2024,Polvo Rosita - (Video Oficial) - Lenin Ramirez - DEL Records 2024 DEL Records
2026-08-17,global,Global,top_videos_daily,,88,https://i.ytimg.com/vi/Vr1M_l-1wjc/mqdefault.jpg,EL AMOR DE SU VIDA,Grupo Frontera / Grupo Firme,,,EL AMOR DE SU VIDA Grupo Frontera & Grupo Firme
2026-08-17,global,Global,top_videos_daily,,89,https://i.ytimg.com/vi/6gww6op7sa0/mqdefault.jpg,राष्ट्रीय गीत | वन्दे मातरम | Vande Mataram Song | National Song Of India | Patriotic Song 2026,Chanda Pop Songs,,2026,राष्ट्रीय गीत | वन्दे मातरम | Vande Mataram Song | National Song Of India | Patriotic Song 2026 Chanda Pop Songs
2026-08-17,global,Global,top_videos_daily,,90,https://i.ytimg.com/vi/X-DDknSzELI/mqdefault.jpg,INDIA WAALE,Vishal Dadlani / KK / Shankar Mahadevan / 奈蒂·莫漢 / 維沙爾·謝卡爾,,,"INDIA WAALE Vishal Dadlani , KK , Shankar Mahadevan , 奈蒂·莫漢 & 維沙爾·謝卡爾"
2026-08-17,global,Global,top_videos_daily,,91,https://i.ytimg.com/vi/5gwy0gcjIkI/mqdefault.jpg,Tere Sang Yaara,馬諾伊·蒙塔舍 / 阿蒂夫·阿斯拉姆,,,Tere Sang Yaara 馬諾伊·蒙塔舍 & 阿蒂夫·阿斯拉姆
2026-08-17,global,Global,top_videos_daily,,92,https://i.ytimg.com/vi/7VsejGzcJmM/mqdefault.jpg,Alaakaa Loova,Sai Abhyankkar,,,Alaakaa Loova Sai Abhyankkar
2026-08-17,global,Global,top_videos_daily,,93,https://i.ytimg.com/vi/BKx_B1VZ2kw/mqdefault.jpg,Ae Watan - Full Video | Raazi | Alia Bhatt | Sunidhi Chauhan | Shankar Ehsaan Loy | Gulzar,Zee Music Company,,,Ae Watan - Full Video | Raazi | Alia Bhatt | Sunidhi Chauhan | Shankar Ehsaan Loy | Gulzar Zee Music Company
2026-08-17,global,Global,top_videos_daily,,94,https://i.ytimg.com/vi/K-7olbaOelg/mqdefault.jpg,MMG (My Mine Gueh),Naykilla,,,MMG (My Mine Gueh) Naykilla
2026-08-17,global,Global,top_videos_daily,,95,https://i.ytimg.com/vi/NA2cC68mHxM/mqdefault.jpg,Maa Tujhhe Salaam (Maa Tujhhe Salaam / Soundtrack Version),Shankar Mahadevan,,,Maa Tujhhe Salaam (Maa Tujhhe Salaam / Soundtrack Version) Shankar Mahadevan
2026-08-17,global,Global,top_videos_daily,,96,https://i.ytimg.com/vi/-YlmnPh-6rE/mqdefault.jpg,For A Reason,Karan Aujla / Ikky,,,For A Reason Karan Aujla & Ikky
2026-08-17,global,Global,top_videos_daily,,97,https://i.ytimg.com/vi/rC-kbRanJQ0/mqdefault.jpg,UDI UDI,Hruday / Sarkar / Aneesh,,,"UDI UDI Hruday , Sarkar & Aneesh"
2026-08-17,global,Global,top_videos_daily,,98,https://i.ytimg.com/vi/X1twu3ztkPU/mqdefault.jpg,Bum Baa Diga Diga - Music Video | DC | Lokesh | Sun Pictures | Anirudh | Arun Matheswaran,Heisenberg / Anirudh Ravichander / Vedan,,,"Bum Baa Diga Diga - Music Video | DC | Lokesh | Sun Pictures | Anirudh | Arun Matheswaran Heisenberg , Anirudh Ravichander & Vedan"
2026-08-17,global,Global,top_videos_daily,,99,https://i.ytimg.com/vi/kGQOkoAM6SM/mqdefault.jpg,"I Love My India - Pardes | Shankar Mahadevan, Hariharan, Kavita Krishnamurthy, Aditya Narayan",Old Is Gold,,,"I Love My India - Pardes | Shankar Mahadevan, Hariharan, Kavita Krishnamurthy, Aditya Narayan Old Is Gold"
2026-08-17,global,Global,top_videos_daily,,100,https://i.ytimg.com/vi/bnqLzCsffwY/mqdefault.jpg,Chak De India,瑪麗安娜·迪克魯茲 / Sukhwinder Singh / 蘇萊曼-梅尚,,,"Chak De India 瑪麗安娜·迪克魯茲 , Sukhwinder Singh & 蘇萊曼-梅尚"
2026-08-17,tw,Taiwan,top_videos_daily,,1,https://i.ytimg.com/vi/IwxkGdhkAGU/mqdefault.jpg,Soft Lipa - 給我一點時間 Official Music Video,蛋堡,,,Soft Lipa - 給我一點時間 Official Music Video 蛋堡
2026-08-17,tw,Taiwan,top_videos_daily,,2,https://i.ytimg.com/vi/YacpC7sUXMM/mqdefault.jpg,甲乙丙丁 (你我怎麼兩清伴奏),李佳薇,,,甲乙丙丁 (你我怎麼兩清伴奏) 李佳薇
2026-08-17,tw,Taiwan,top_videos_daily,,3,https://i.ytimg.com/vi/mpNKrWUhcy8/mqdefault.jpg,不愛就不愛,艾薇,"12月 18, 2024",68538,"3 2 不愛就不愛 艾薇 12月 18, 2024 5 112 68,538"
2026-08-17,tw,Taiwan,top_videos_daily,,4,https://i.ytimg.com/vi/i5YRIjxyJP8/mqdefault.jpg,太陽與地球,盧廣仲,"9月 16, 2025",66443,"4 ● 太陽與地球 盧廣仲 9月 16, 2025 4 112 66,443"
2026-08-17,tw,Taiwan,top_videos_daily,,5,https://i.ytimg.com/vi/3hLESh77fSg/mqdefault.jpg,離開的一路上,理想混蛋 Bestards,,,離開的一路上 理想混蛋 Bestards
2026-08-17,tw,Taiwan,top_videos_daily,,6,https://i.ytimg.com/vi/osyH9yWWygA/mqdefault.jpg,All For You,周興哲,"7月 16, 2026",58903,"6 3 All For You 周興哲 7月 16, 2026 9 30 58,903"
2026-08-17,tw,Taiwan,top_videos_daily,,7,https://i.ytimg.com/vi/-q_S27LbNKU/mqdefault.jpg,BAD,ATEEZ,"6月 25, 2026",58436,"7 4 BAD ATEEZ 6月 25, 2026 11 51 58,436"
2026-08-17,tw,Taiwan,top_videos_daily,,8,https://i.ytimg.com/vi/p13tH7Etlzc/mqdefault.jpg,離開我的依賴,王艷薇,"2月 17, 2020",56852,"8 1 離開我的依賴 王艷薇 2月 17, 2020 7 95 56,852"
2026-08-17,tw,Taiwan,top_videos_daily,,9,https://i.ytimg.com/vi/Qe8fa4b5xNU/mqdefault.jpg,Good Goodbye,HWASA,,,Good Goodbye HWASA
2026-08-17,tw,Taiwan,top_videos_daily,,10,https://i.ytimg.com/vi/X06y7ZuT7_Y/mqdefault.jpg,必巡,曾瑋中,"6月 27, 2022",53318,"10 2 必巡 曾瑋中 6月 27, 2022 12 112 53,318"
2026-08-17,tw,Taiwan,top_videos_daily,,11,https://i.ytimg.com/vi/yebNIHKAC4A/mqdefault.jpg,Golden,HUNTR/X / EJAE / AUDREY NUNA / REI AMI / KPop Demon Hunters Cast,,,"Golden HUNTR/X , EJAE , AUDREY NUNA , REI AMI & KPop Demon Hunters Cast"
2026-08-17,tw,Taiwan,top_videos_daily,,12,https://i.ytimg.com/vi/PJJhHihvDpo/mqdefault.jpg,閣愛妳一擺,茄子蛋,"12月 10, 2021",52827,"12 2 閣愛妳一擺 茄子蛋 12月 10, 2021 10 7 52,827"
2026-08-17,tw,Taiwan,top_videos_daily,,13,https://i.ytimg.com/vi/dRSZhZT6r-Y/mqdefault.jpg,沒有人像我,宇宙人,"7月 2, 2026",50890,"13 2 沒有人像我 宇宙人 7月 2, 2026 15 42 50,890"
2026-08-17,tw,Taiwan,top_videos_daily,,14,https://i.ytimg.com/vi/jeRu6h4XbUU/mqdefault.jpg,幸福在歌唱,A-Lin,"12月 26, 2025",47029,"14 3 幸福在歌唱 A-Lin 12月 26, 2025 17 112 47,029"
2026-08-17,tw,Taiwan,top_videos_daily,,15,https://i.ytimg.com/vi/83C3TZ4Zm_o/mqdefault.jpg,LEMONADE,aespa,"5月 28, 2026",45731,"15 3 LEMONADE aespa 5月 28, 2026 18 79 45,731"
2026-08-17,tw,Taiwan,top_videos_daily,,16,https://i.ytimg.com/vi/bMhDJ0S0OBA/mqdefault.jpg,It's Me,ILLIT,"4月 30, 2026",42279,"16 6 It's Me ILLIT 4月 30, 2026 22 108 42,279"
2026-08-17,tw,Taiwan,top_videos_daily,,17,https://i.ytimg.com/vi/gN7RBHyXNFk/mqdefault.jpg,別戀,派偉俊,"8月 10, 2026",40904,"17 1 別戀 派偉俊 8月 10, 2026 16 6 40,904"
2026-08-17,tw,Taiwan,top_videos_daily,,18,https://i.ytimg.com/vi/9cS2wv6AfHk/mqdefault.jpg,I LIKE IT,BABYMONSTER,,,I LIKE IT BABYMONSTER
2026-08-17,tw,Taiwan,top_videos_daily,,19,https://i.ytimg.com/vi/x3eqqoZPV_E/mqdefault.jpg,춤 (CHOOM),BABYMONSTER,,,춤 (CHOOM) BABYMONSTER
2026-08-17,tw,Taiwan,top_videos_daily,,20,https://i.ytimg.com/vi/376utoTabMI/mqdefault.jpg,看著我的眼睛說,張遠 / 姚曉棠,,,看着我的眼睛说 张远 & 姚晓棠
2026-08-17,tw,Taiwan,top_videos_daily,,21,https://i.ytimg.com/vi/3rB3n_XR23o/mqdefault.jpg,我不該動情,老闆,"7月 1, 2026",37765,"21 2 我不該動情 老板 7月 1, 2026 23 42 37,765"
2026-08-17,tw,Taiwan,top_videos_daily,,22,https://i.ytimg.com/vi/GAdH8VaNkk4/mqdefault.jpg,【純享版】丁當侯明昊痛心演繹《給我一個理由忘記》！與故事裡的女孩隔空對話 親身唱出這份遺憾與不捨 #天賜的聲音7 EP10 20260814,天賜的聲音,,20260814,【纯享版】丁当侯明昊痛心演绎《给我一个理由忘记》！与故事里的女孩隔空对话 亲身唱出这份遗憾与不舍 #天赐的声音7 EP10 20260814 天赐的声音
2026-08-17,tw,Taiwan,top_videos_daily,,23,https://i.ytimg.com/vi/kCA93dLzKP4/mqdefault.jpg,一個人,A-Lin,"6月 11, 2026",35228,"23 5 一個人 A-Lin 6月 11, 2026 28 65 35,228"
2026-08-17,tw,Taiwan,top_videos_daily,,24,https://i.ytimg.com/vi/naoGk-Zjc1s/mqdefault.jpg,SUGAR HONEY ICE TEA,BABYMONSTER,,,SUGAR HONEY ICE TEA BABYMONSTER
2026-08-17,tw,Taiwan,top_videos_daily,,25,https://i.ytimg.com/vi/catpLpGals0/mqdefault.jpg,Innocence,李浩瑋 Howard Lee,,,Innocence 李浩瑋 Howard Lee
2026-08-17,tw,Taiwan,top_videos_daily,,26,https://i.ytimg.com/vi/7NIsBeVRAgk/mqdefault.jpg,痴心絕對,李聖傑,"8月 24, 2020",30282,"26 6 痴心絕對 李聖傑 8月 24, 2020 32 5 30,282"
2026-08-17,tw,Taiwan,top_videos_daily,,27,https://i.ytimg.com/vi/Oc_VUUE9MHo/mqdefault.jpg,我還是愛著你,MP魔幻力量,"9月 3, 2014",30269,"27 6 我還是愛著你 MP魔幻力量 9月 3, 2014 33 5 30,269"
2026-08-17,tw,Taiwan,top_videos_daily,,28,https://i.ytimg.com/vi/x3bDhtuC5yk/mqdefault.jpg,浪子回頭,茄子蛋,"12月 3, 2017",29782,"28 28 浪子回頭 茄子蛋 12月 3, 2017 - 3 29,782"
2026-08-17,tw,Taiwan,top_videos_daily,,29,https://i.ytimg.com/vi/yd_uG3TtREs/mqdefault.jpg,PSYCHO,BABYMONSTER,,,PSYCHO BABYMONSTER
2026-08-17,tw,Taiwan,top_videos_daily,,30,https://i.ytimg.com/vi/cnxn0hhShxM/mqdefault.jpg,"Cosmos People 宇宙人 [ 像狗一樣 Chase, Stop, Lie Down ] Special Video | 影集《欠妳的那場婚禮》插曲",宇宙人,,,"Cosmos People 宇宙人 [ 像狗一樣 Chase, Stop, Lie Down ] Special Video | 影集《欠妳的那場婚禮》插曲 宇宙人"
2026-08-17,tw,Taiwan,top_videos_daily,,31,https://i.ytimg.com/vi/jIzOIsQWMfg/mqdefault.jpg,至少我還記得 (天堂的微笑插曲),周興哲,,,至少我還記得 (天堂的微笑插曲) 周興哲
2026-08-17,tw,Taiwan,top_videos_daily,,32,https://i.ytimg.com/vi/aRiVUVNUhIs/mqdefault.jpg,なんもねえ - Nannmonee,Wasureranneyo,,,なんもねえ - Nannmonee Wasureranneyo
2026-08-17,tw,Taiwan,top_videos_daily,,33,https://i.ytimg.com/vi/xXZwZ0DolJc/mqdefault.jpg,MOON,BABYMONSTER,,,MOON BABYMONSTER
2026-08-17,tw,Taiwan,top_videos_daily,,34,https://i.ytimg.com/vi/IWB0xk9lR88/mqdefault.jpg,左轉燈 (1000 Times+1),派偉俊,,1000,左轉燈 (1000 Times+1) 派偉俊
2026-08-17,tw,Taiwan,top_videos_daily,,35,https://i.ytimg.com/vi/GnSaLQTrvt0/mqdefault.jpg,Good Goodbye,HWASA,,,Good Goodbye HWASA
2026-08-17,tw,Taiwan,top_videos_daily,,36,https://i.ytimg.com/vi/7io1L4AkXjU/mqdefault.jpg,從前說,小阿七,"2月 6, 2023",26568,"36 1 從前說 小阿七 2月 6, 2023 35 7 26,568"
2026-08-17,tw,Taiwan,top_videos_daily,,37,https://i.ytimg.com/vi/_G3Nu8q9Z9s/mqdefault.jpg,嘉賓,張遠,"6月 12, 2026",26236,"37 1 嘉宾 张远 6月 12, 2026 36 37 26,236"
2026-08-17,tw,Taiwan,top_videos_daily,,38,https://i.ytimg.com/vi/sQDBYHhCvps/mqdefault.jpg,綿綿無絕期,黃奇斌,"7月 10, 2026",26064,"38 9 綿綿無絕期 黃奇斌 7月 10, 2026 47 37 26,064"
2026-08-17,tw,Taiwan,top_videos_daily,,39,https://i.ytimg.com/vi/ApXoWvfEYVU/mqdefault.jpg,Sunflower,Post Malone / Swae Lee,,,Sunflower Post Malone & Swae Lee
2026-08-17,tw,Taiwan,top_videos_daily,,40,https://i.ytimg.com/vi/otCHnpMDA-Y/mqdefault.jpg,外人,蕭秉治,"12月 9, 2022",25140,"40 1 外人 蕭秉治 12月 9, 2022 41 11 25,140"
2026-08-17,tw,Taiwan,top_videos_daily,,41,https://i.ytimg.com/vi/woTvWy2Bf2s/mqdefault.jpg,期待再相會 (Version 1),陳盈潔,,,期待再相會 (Version 1) 陳盈潔
2026-08-17,tw,Taiwan,top_videos_daily,,42,https://i.ytimg.com/vi/07hpRRx4xMg/mqdefault.jpg,眼淚記得你,孫盛希,"12月 29, 2022",23531,"42 1 眼淚記得你 孫盛希 12月 29, 2022 43 6 23,531"
2026-08-17,tw,Taiwan,top_videos_daily,,43,https://i.ytimg.com/vi/4iRupuNet3Q/mqdefault.jpg,想見你想見你想見你 (Miss You,),,831,想見你想見你想見你 (Miss You 3000) 831
2026-08-17,tw,Taiwan,top_videos_daily,,44,https://i.ytimg.com/vi/4kjb6DMjZQo/mqdefault.jpg,王靖雯 - 揉碎夜的光「是我不小心揉碎了夜的光 還是你引力太強我失去方向 」【動態歌詞/PinyinLyrics】♪,ORT Music,,,王靖雯 - 揉碎夜的光「是我不小心揉碎了夜的光 還是你引力太強我失去方向 」【動態歌詞/PinyinLyrics】♪ ORT Music
2026-08-17,tw,Taiwan,top_videos_daily,,45,https://i.ytimg.com/vi/7CwcAH9zQ7o/mqdefault.jpg,陳盈潔 風飛沙,陳盈潔,"12月 8, 2014",22778,"45 7 陳盈潔 風飛沙 陳盈潔 12月 8, 2014 38 3 22,778"
2026-08-17,tw,Taiwan,top_videos_daily,,46,https://i.ytimg.com/vi/Ezd_DLawfHI/mqdefault.jpg,我很快樂,周興哲,"4月 10, 2020",22581,"46 7 我很快樂 周興哲 4月 10, 2020 39 10 22,581"
2026-08-17,tw,Taiwan,top_videos_daily,,47,https://i.ytimg.com/vi/vaidTAWrF7k/mqdefault.jpg,用情太深,謝金晶 / 吳俊宏,"6月 24, 2026",22069,"47 23 用情太深 謝金晶 & 吳俊宏 6月 24, 2026 70 4 22,069"
2026-08-17,tw,Taiwan,top_videos_daily,,48,https://i.ytimg.com/vi/ZIvWrKYdMQE/mqdefault.jpg,浪人的…,張震嶽,"5月 13, 2025",21630,"48 10 浪人的… 張震嶽 5月 13, 2025 58 55 21,630"
2026-08-17,tw,Taiwan,top_videos_daily,,49,https://i.ytimg.com/vi/WgOtTaAYtKU/mqdefault.jpg,你沒等我去的舊金山,陳華 / 派偉俊,,,你沒等我去的舊金山 陳華 & 派偉俊
2026-08-17,tw,Taiwan,top_videos_daily,,50,https://i.ytimg.com/vi/fcnDmrtj6Sk/mqdefault.jpg,Dai Dai,Shakira / Burna Boy,,,Dai Dai Shakira & Burna Boy
2026-08-17,tw,Taiwan,top_videos_daily,,51,https://i.ytimg.com/vi/nEpF6ISYdM0/mqdefault.jpg,Why You Gonna Lie,高爾宣,,,Why You Gonna Lie 高爾宣
2026-08-17,tw,Taiwan,top_videos_daily,,52,https://i.ytimg.com/vi/tkwD6DLp62k/mqdefault.jpg,我甘願重新愛過,玖壹壹,"5月 20, 2026",20754,"52 12 我甘願重新愛過 玖壹壹 5月 20, 2026 64 88 20,754"
2026-08-17,tw,Taiwan,top_videos_daily,,53,https://i.ytimg.com/vi/Ys7-6_t7OEQ/mqdefault.jpg,Beauty And A Beat,Justin Bieber,,,Beauty And A Beat Justin Bieber
2026-08-17,tw,Taiwan,top_videos_daily,,54,https://i.ytimg.com/vi/3q6D0wMX_H0/mqdefault.jpg,怎麼還不愛(雀躍狂愛版) 三立偶像劇[料理高校生]片尾曲,Rosie,,,怎麼還不愛(雀躍狂愛版) 三立偶像劇[料理高校生]片尾曲 Rosie
2026-08-17,tw,Taiwan,top_videos_daily,,55,https://i.ytimg.com/vi/eCdiFicGHyA/mqdefault.jpg,【MV首播】林琇琪 - 我無醉 (官方完整版MV) HD,豪記唱片 HCM Music,,,【MV首播】林琇琪 - 我無醉 (官方完整版MV) HD 豪記唱片 HCM Music
2026-08-17,tw,Taiwan,top_videos_daily,,56,https://i.ytimg.com/vi/BVK_Q6KZSUI/mqdefault.jpg,終於瞭解自由,周興哲,"4月 8, 2019",20203,"56 12 終於了解自由 周興哲 4月 8, 2019 44 8 20,203"
2026-08-17,tw,Taiwan,top_videos_daily,,57,https://i.ytimg.com/vi/PT2_F-1esPk/mqdefault.jpg,Closer,The Chainsmokers,,,Closer The Chainsmokers
2026-08-17,tw,Taiwan,top_videos_daily,,58,https://i.ytimg.com/vi/FB5-rPa5wBA/mqdefault.jpg,玻璃,Gareth.T,"5月 20, 2026",19519,"58 1 玻璃 Gareth.T 5月 20, 2026 57 87 19,519"
2026-08-17,tw,Taiwan,top_videos_daily,,59,https://i.ytimg.com/vi/ma7r2HGqwXs/mqdefault.jpg,倒數,鄧紫棋,"8月 9, 2018",19324,"59 1 倒數 鄧紫棋 8月 9, 2018 60 5 19,324"
2026-08-17,tw,Taiwan,top_videos_daily,,60,https://i.ytimg.com/vi/_IT83Y_HcAw/mqdefault.jpg,Less than a Lover,JENNIE,,,Less than a Lover JENNIE
2026-08-17,tw,Taiwan,top_videos_daily,,61,https://i.ytimg.com/vi/9_3VDth0HOM/mqdefault.jpg,千里共明月,沈建豪 / 陳淑萍,"5月 28, 2026",19234,"61 35 千里共明月 沈建豪 & 陳淑萍 5月 28, 2026 96 5 19,234"
2026-08-17,tw,Taiwan,top_videos_daily,,62,https://i.ytimg.com/vi/zlAjS20q9pE/mqdefault.jpg,空心 (Live),黃霄雲 / 劉端端,,,空心 (Live) 黃霄雲 & 刘端端
2026-08-17,tw,Taiwan,top_videos_daily,,63,https://i.ytimg.com/vi/BZ4UzthYTss/mqdefault.jpg,This & That,Stray Kids,,,This & That Stray Kids
2026-08-17,tw,Taiwan,top_videos_daily,,64,https://i.ytimg.com/vi/fh9ULHb1JeA/mqdefault.jpg,陳盈潔 潘健《歡喜再相逢》,陳盈潔,,,陳盈潔 潘健《歡喜再相逢》 陳盈潔
2026-08-17,tw,Taiwan,top_videos_daily,,65,https://i.ytimg.com/vi/GWO5pqEy-X0/mqdefault.jpg,陪你到這,陳華,"4月 17, 2026",18502,"65 3 陪你到這 陳華 4月 17, 2026 62 112 18,502"
2026-08-17,tw,Taiwan,top_videos_daily,,66,https://i.ytimg.com/vi/eB-IK2wPWzw/mqdefault.jpg,ATEEZ(에이티즈) - 'BAD' Performance Stage (@The Kelly Clarkson Show),ATEEZ,,,ATEEZ(에이티즈) - 'BAD' Performance Stage (@The Kelly Clarkson Show) ATEEZ
2026-08-17,tw,Taiwan,top_videos_daily,,67,https://i.ytimg.com/vi/LI9sYQ6Col0/mqdefault.jpg,:首播::《漂》2026 全國高中生大合唱 Music Video （官方正式 4K 版）,王風箏,,2026,:首播::《漂》2026 全國高中生大合唱 Music Video （官方正式 4K 版） 王風箏
2026-08-17,tw,Taiwan,top_videos_daily,,68,https://i.ytimg.com/vi/_cTAlxWtmS4/mqdefault.jpg,如果我很平庸,陳華,"6月 5, 2026",17693,"68 3 如果我很平庸 陳華 6月 5, 2026 65 71 17,693"
2026-08-17,tw,Taiwan,top_videos_daily,,69,https://i.ytimg.com/vi/lVjGxpH2tT0/mqdefault.jpg,講袂出喙的情話,許富凱,"3月 31, 2026",17675,"69 11 講袂出喙的情話 許富凱 3月 31, 2026 80 111 17,675"
2026-08-17,tw,Taiwan,top_videos_daily,,70,https://i.ytimg.com/vi/D8VEhcPeSlc/mqdefault.jpg,Drama,aespa,"11月 9, 2023",17453,"70 7 Drama aespa 11月 9, 2023 77 6 17,453"
2026-08-17,tw,Taiwan,top_videos_daily,,71,https://i.ytimg.com/vi/2ips2mM7Zqw/mqdefault.jpg,뱅뱅뱅,BIGBANG,"6月 1, 2015",17366,"71 71 뱅뱅뱅 BIGBANG 6月 1, 2015 - 6 17,366"
2026-08-17,tw,Taiwan,top_videos_daily,,72,https://i.ytimg.com/vi/Guqf-4-oX9w/mqdefault.jpg,en - 用情（深情版）「我用情付諸流水愛比不愛可悲 聽山盟海誓曾經說的字字都珍貴」【動態歌詞】♪,4Leaf Music,,,en - 用情（深情版）「我用情付諸流水愛比不愛可悲 聽山盟海誓曾經說的字字都珍貴」【動態歌詞】♪ 4Leaf Music
2026-08-17,tw,Taiwan,top_videos_daily,,73,https://i.ytimg.com/vi/p9lNpWa4OXU/mqdefault.jpg,有沒有一首歌會讓你想起我,周華健,,,有沒有一首歌會讓你想起我 周華健
2026-08-17,tw,Taiwan,top_videos_daily,,74,https://i.ytimg.com/vi/BFAuO-mrhcA/mqdefault.jpg,有你有我,玖壹壹,"6月 16, 2026",17004,"74 14 有你有我 玖壹壹 6月 16, 2026 88 60 17,004"
2026-08-17,tw,Taiwan,top_videos_daily,,75,https://i.ytimg.com/vi/mbsVuwRpZ8c/mqdefault.jpg,冬天過袂去,葉諾帆 / 陳淑萍,"5月 31, 2026",16859,"75 New 冬天過袂去 葉諾帆 & 陳淑萍 5月 31, 2026 - 1 16,859"
2026-08-17,tw,Taiwan,top_videos_daily,,76,https://i.ytimg.com/vi/bG563p_moiE/mqdefault.jpg,愛我的時候,周興哲,"5月 18, 2021",16731,"76 ● 爱我的时候 周興哲 5月 18, 2021 76 7 16,731"
2026-08-17,tw,Taiwan,top_videos_daily,,77,https://i.ytimg.com/vi/PIgH3PeeY6g/mqdefault.jpg,你咁擱愛我,林琇琪 / 沈建豪,"7月 16, 2026",16617,"77 2 你咁擱愛我 林琇琪 & 沈建豪 7月 16, 2026 79 29 16,617"
2026-08-17,tw,Taiwan,top_videos_daily,,78,https://i.ytimg.com/vi/SH9yExKE8bI/mqdefault.jpg,弦外之音 - 捨不得又沒資格 (男女合唱版）『想放棄又難割捨，想靠近又沒資格。』【動態歌詞MV】,HOT MUSIC,,,弦外之音 - 舍不得又没资格 (男女合唱版）『想放弃又难割舍，想靠近又没资格。』【动态歌词MV】 HOT MUSIC
2026-08-17,tw,Taiwan,top_videos_daily,,79,https://i.ytimg.com/vi/XJBCq-zUaF4/mqdefault.jpg,作陣彼一暝,阿吉仔,"9月 23, 2016",16039,"79 79 作陣彼一暝 阿吉仔 9月 23, 2016 - 6 16,039"
2026-08-17,tw,Taiwan,top_videos_daily,,80,https://i.ytimg.com/vi/aEp5ZhfbdUU/mqdefault.jpg,周林楓 - 心酸『我和你曾那麼相愛 話永遠都說不完，一想到就感到心酸。』【高音質|動態歌詞Lyrics】♫,4K Music Make,,,周林楓 - 心酸『我和你曾那麼相愛 話永遠都說不完，一想到就感到心酸。』【高音質|動態歌詞Lyrics】♫ 4K Music Make
2026-08-17,tw,Taiwan,top_videos_daily,,81,https://i.ytimg.com/vi/b1SRjGmgA54/mqdefault.jpg,傷心太平洋,任賢齊,"5月 25, 2012",15482,"81 16 傷心太平洋 任賢齊 5月 25, 2012 97 13 15,482"
2026-08-17,tw,Taiwan,top_videos_daily,,82,https://i.ytimg.com/vi/mcJB9H0Nvbc/mqdefault.jpg,繞路,A-Lin,"4月 29, 2026",15185,"82 17 繞路 A-Lin 4月 29, 2026 99 98 15,185"
2026-08-17,tw,Taiwan,top_videos_daily,,83,https://i.ytimg.com/vi/6lN51mwvuA8/mqdefault.jpg,Gg Ez,M.Sasuke,"5月 30, 2026",15129,"83 83 Gg Ez M.Sasuke 5月 30, 2026 - 44 15,129"
2026-08-17,tw,Taiwan,top_videos_daily,,84,https://i.ytimg.com/vi/y5bUCGzw6tY/mqdefault.jpg,忘了你忘了我,王傑,"7月 12, 2018",14933,"84 11 忘了你忘了我 王傑 7月 12, 2018 95 4 14,933"
2026-08-17,tw,Taiwan,top_videos_daily,,85,https://i.ytimg.com/vi/8F2s8ivKXNY/mqdefault.jpg,Life Goes On,Oliver Tree,,,Life Goes On Oliver Tree
2026-08-17,tw,Taiwan,top_videos_daily,,86,https://i.ytimg.com/vi/Y4nEEZwckuU/mqdefault.jpg,群青 - Gunjō,YOASOBI,,,群青 - Gunjō YOASOBI
2026-08-17,tw,Taiwan,top_videos_daily,,87,https://i.ytimg.com/vi/CURyyoVBixE/mqdefault.jpg,愛上你不是我決定,蕭敬騰,"8月 13, 2026",14723,"87 New 愛上你不是我決定 蕭敬騰 8月 13, 2026 - 1 14,723"
2026-08-17,tw,Taiwan,top_videos_daily,,88,https://i.ytimg.com/vi/TT8vf1qi2uM/mqdefault.jpg,Dai Dai (Spanish Version),Shakira / 伯納男孩,,,Dai Dai (Spanish Version) Shakira & 伯納男孩
2026-08-17,tw,Taiwan,top_videos_daily,,89,https://i.ytimg.com/vi/diPncrkJkPI/mqdefault.jpg,一往情深,林琇琪,"8月 10, 2026",14557,"89 11 一往情深 林琇琪 8月 10, 2026 100 5 14,557"
2026-08-17,tw,Taiwan,top_videos_daily,,90,https://i.ytimg.com/vi/u5ZsoP8FZUQ/mqdefault.jpg,不遺憾,蔡恩雨,"6月 2, 2021",14473,"90 5 不遺憾 蔡恩雨 6月 2, 2021 85 62 14,473"
2026-08-17,tw,Taiwan,top_videos_daily,,91,https://i.ytimg.com/vi/6Ycn9qZK09I/mqdefault.jpg,Heavy Serenade,NMIXX,,,Heavy Serenade NMIXX
2026-08-17,tw,Taiwan,top_videos_daily,,92,https://i.ytimg.com/vi/qjKuHtrHkLg/mqdefault.jpg,重逢,林琇琪,"8月 5, 2026",14344,"92 1 重逢 林琇琪 8月 5, 2026 91 10 14,344"
2026-08-17,tw,Taiwan,top_videos_daily,,93,https://i.ytimg.com/vi/U6BDbXIah-Y/mqdefault.jpg,REDRED,CORTIS,"4月 20, 2026",14241,"93 93 REDRED CORTIS 4月 20, 2026 - 103 14,241"
2026-08-17,tw,Taiwan,top_videos_daily,,94,https://i.ytimg.com/vi/kbMdUA-SQI8/mqdefault.jpg,棉照被,許富凱,"9月 13, 2015",13816,"94 New 棉照被 許富凱 9月 13, 2015 - 1 13,816"
2026-08-17,tw,Taiwan,top_videos_daily,,95,https://i.ytimg.com/vi/FIsUzRwVegs/mqdefault.jpg,說給海聽,一隻白羊,"12月 17, 2022",13668,"95 32 說給海聽 一只白羊 12月 17, 2022 63 9 13,668"
2026-08-17,tw,Taiwan,top_videos_daily,,96,https://i.ytimg.com/vi/X9-AVYHvcdc/mqdefault.jpg,伊是阮老爸,賴銘偉,"1月 2, 2017",13621,"96 96 伊是阮老爸 賴銘偉 1月 2, 2017 - 7 13,621"
2026-08-17,tw,Taiwan,top_videos_daily,,97,https://i.ytimg.com/vi/inxzQt78lOk/mqdefault.jpg,KISS N TELL,aespa,,,KISS N TELL aespa
2026-08-17,tw,Taiwan,top_videos_daily,,98,https://i.ytimg.com/vi/NOiyDlWl534/mqdefault.jpg,Catch Catch,YENA,,,Catch Catch YENA
2026-08-17,tw,Taiwan,top_videos_daily,,99,https://i.ytimg.com/vi/UsbRoaH6y-Q/mqdefault.jpg,Pop Off Pop Off,KiiiKiii,,,Pop Off Pop Off KiiiKiii
2026-08-17,tw,Taiwan,top_videos_daily,,100,https://i.ytimg.com/vi/gdGdO6KjF1I/mqdefault.jpg,如果雨之後,周興哲,"12月 18, 2017",13181,"100 10 如果雨之後 周興哲 12月 18, 2017 90 5 13,181"
2026-08-17,jp,Japan,top_videos_daily,,1,https://i.ytimg.com/vi/WKCkRz5ULhg/mqdefault.jpg,アイドルパワー,M!LK,"8月 14, 2026",596830,"1 14 アイドルパワー M!LK 8月 14, 2026 15 2 596,830"
2026-08-17,jp,Japan,top_videos_daily,,2,https://i.ytimg.com/vi/aRiVUVNUhIs/mqdefault.jpg,なんもねえ - Nannmonee,Wasureranneyo,,,なんもねえ - Nannmonee Wasureranneyo
2026-08-17,jp,Japan,top_videos_daily,,3,https://i.ytimg.com/vi/ZVUxJsPfoX8/mqdefault.jpg,好きすぎて滅！,M!LK,"10月 27, 2025",409580,"3 1 好きすぎて滅！ M!LK 10月 27, 2025 4 293 409,580"
2026-08-17,jp,Japan,top_videos_daily,,4,https://i.ytimg.com/vi/KsHKaP50FBE/mqdefault.jpg,Yes! 東京,EBiDAN Ebisu Gakuen Boys Club,,,Yes! 東京 EBiDAN Ebisu Gakuen Boys Club
2026-08-17,jp,Japan,top_videos_daily,,5,https://i.ytimg.com/vi/dePs7UPp6GQ/mqdefault.jpg,Brand New,Mrs. GREEN APPLE,,,Brand New Mrs. GREEN APPLE
2026-08-17,jp,Japan,top_videos_daily,,6,https://i.ytimg.com/vi/tpFDnOnOdSQ/mqdefault.jpg,爆裂愛してる,M!LK,"2月 18, 2026",352314,"6 1 爆裂愛してる M!LK 2月 18, 2026 7 179 352,314"
2026-08-17,jp,Japan,top_videos_daily,,7,https://i.ytimg.com/vi/bMhDJ0S0OBA/mqdefault.jpg,It's Me,ILLIT,"4月 30, 2026",344157,"7 1 It's Me ILLIT 4月 30, 2026 8 108 344,157"
2026-08-17,jp,Japan,top_videos_daily,,8,https://i.ytimg.com/vi/2I25AFSBm2g/mqdefault.jpg,夜の踴り子,魚韻,"9月 26, 2015",326389,"8 1 夜の踊り子 魚韻 9月 26, 2015 9 126 326,389"
2026-08-17,jp,Japan,top_videos_daily,,9,https://i.ytimg.com/vi/7VqCdhFGE78/mqdefault.jpg,罪と罰と雨とキス (佐野勇鬥&吉田仁人) - Tsumi to Batsu to Ame to Kiss (Hayato Sano & Jinto Yoshida),M!LK,,,罪と罰と雨とキス (佐野勇斗&吉田仁人) - Tsumi to Batsu to Ame to Kiss (Hayato Sano & Jinto Yoshida) M!LK
2026-08-17,jp,Japan,top_videos_daily,,10,https://i.ytimg.com/vi/G7wRXibXE7s/mqdefault.jpg,マイオンリー - My Only,SixTONES,,,マイオンリー - My Only SixTONES
2026-08-17,jp,Japan,top_videos_daily,,11,https://i.ytimg.com/vi/qf4kjBYR3O0/mqdefault.jpg,星野源 - 好き [Official Video],星野源 Gen Hoshino,,,星野源 - 好き [Official Video] 星野源 Gen Hoshino
2026-08-17,jp,Japan,top_videos_daily,,12,https://i.ytimg.com/vi/Lz24PqZkF2s/mqdefault.jpg,HOT LIMIT,T.M.Revolution,,,HOT LIMIT T.M.Revolution
2026-08-17,jp,Japan,top_videos_daily,,13,https://i.ytimg.com/vi/YM_YU8HVpWM/mqdefault.jpg,エアロピクルス,KomeAnime,,,エアロピクルス KomeAnime
2026-08-17,jp,Japan,top_videos_daily,,14,https://i.ytimg.com/vi/3C0EOqt7sqA/mqdefault.jpg,You!Joy!Parade!,M!LK,,,You!Joy!Parade! M!LK
2026-08-17,jp,Japan,top_videos_daily,,15,https://i.ytimg.com/vi/rKqcvvut8pw/mqdefault.jpg,T-Pablow & Zeebra vs CHEHON & Red Eye/BATTLE SUMMIT III(2026.8.11),戦極MCBATTLE,,2026,T-Pablow & Zeebra vs CHEHON & Red Eye/BATTLE SUMMIT III(2026.8.11) 戦極MCBATTLE
2026-08-17,jp,Japan,top_videos_daily,,16,https://i.ytimg.com/vi/h-TPXFw_q0I/mqdefault.jpg,グッタイム - Good Time,Snow Man,,,グッタイム - Good Time Snow Man
2026-08-17,jp,Japan,top_videos_daily,,17,https://i.ytimg.com/vi/2sKrO1oFQHg/mqdefault.jpg,Yes! 東京,EBiDAN Ebisu Gakuen Boys Club,,,Yes! 東京 EBiDAN Ebisu Gakuen Boys Club
2026-08-17,jp,Japan,top_videos_daily,,18,https://i.ytimg.com/vi/Y4stlIXhNBg/mqdefault.jpg,海外の駅ピアノで日本人が最強のクラシック曲を弾いたら現地の人々が…【ストリートピアノ/ハンガリー舞曲第5番】,Keichan,,,海外の駅ピアノで日本人が最強のクラシック曲を弾いたら現地の人々が…【ストリートピアノ/ハンガリー舞曲第5番】 Keichan
2026-08-17,jp,Japan,top_videos_daily,,19,https://i.ytimg.com/vi/49xuoRZiLZ4/mqdefault.jpg,エアロピクルス,KomeAnime,,,エアロピクルス KomeAnime
2026-08-17,jp,Japan,top_videos_daily,,20,https://i.ytimg.com/vi/3lOsboT-IWU/mqdefault.jpg,マイオンリー - My Only,SixTONES,,,マイオンリー - My Only SixTONES
2026-08-17,jp,Japan,top_videos_daily,,21,https://i.ytimg.com/vi/YjPMupS1Lg4/mqdefault.jpg,烏,米津玄師,"6月 18, 2026",183838,"21 4 烏 米津玄師 6月 18, 2026 17 59 183,838"
2026-08-17,jp,Japan,top_videos_daily,,22,https://i.ytimg.com/vi/LmZD-TU96q4/mqdefault.jpg,IRIS OUT,米津玄師,"9月 15, 2025",171722,"22 3 IRIS OUT 米津玄師 9月 15, 2025 19 335 171,722"
2026-08-17,jp,Japan,top_videos_daily,,23,https://i.ytimg.com/vi/ufc54RdoitM/mqdefault.jpg,カリスマックス,Snow Man,,,カリスマックス Snow Man
2026-08-17,jp,Japan,top_videos_daily,,24,https://i.ytimg.com/vi/D7F9KYLAsfI/mqdefault.jpg,乃木坂46 - Sing Out！ / Live at CENTRAL26,THE FIRST TAKE,,,乃木坂46 - Sing Out！ / Live at CENTRAL26 THE FIRST TAKE
2026-08-17,jp,Japan,top_videos_daily,,25,https://i.ytimg.com/vi/e4M8z1xGTw0/mqdefault.jpg,アイドルパワー (Live),M!LK,,,アイドルパワー (Live) M!LK
2026-08-17,jp,Japan,top_videos_daily,,26,https://i.ytimg.com/vi/kcXKLaLNqww/mqdefault.jpg,しおざきわんだーらんど,M!LK,,,しおざきわんだーらんど M!LK
2026-08-17,jp,Japan,top_videos_daily,,27,https://i.ytimg.com/vi/NOuDYw_84XQ/mqdefault.jpg,Time is money,TAKARA,,,Time is money TAKARA
2026-08-17,jp,Japan,top_videos_daily,,28,https://i.ytimg.com/vi/Y6kCZTIkQw4/mqdefault.jpg,チラチLOVE,M!LK,"7月 3, 2026",148398,"28 2 チラチLOVE M!LK 7月 3, 2026 26 44 148,398"
2026-08-17,jp,Japan,top_videos_daily,,29,https://i.ytimg.com/vi/vBmU5v2EyxM/mqdefault.jpg,HOT LIMIT,T.M.Revolution,,,HOT LIMIT T.M.Revolution
2026-08-17,jp,Japan,top_videos_daily,,30,https://i.ytimg.com/vi/MjeiIal1ZR0/mqdefault.jpg,lulu.,Mrs. GREEN APPLE,,,lulu. Mrs. GREEN APPLE
2026-08-17,jp,Japan,top_videos_daily,,31,https://i.ytimg.com/vi/1DzBKtD3JzI/mqdefault.jpg,Five,嵐,"3月 5, 2026",125000,"31 1 Five 嵐 3月 5, 2026 30 164 125,000"
2026-08-17,jp,Japan,top_videos_daily,,32,https://i.ytimg.com/vi/gNg2Qw5R-Q4/mqdefault.jpg,セレナーデ - Serenade,natori,,,セレナーデ - Serenade natori
2026-08-17,jp,Japan,top_videos_daily,,33,https://i.ytimg.com/vi/lOpdrEgmYzY/mqdefault.jpg,It's Me,ILLIT,"5月 6, 2026",122370,"33 2 It's Me ILLIT 5月 6, 2026 31 67 122,370"
2026-08-17,jp,Japan,top_videos_daily,,34,https://i.ytimg.com/vi/pSaI0npUsmM/mqdefault.jpg,VOLTACTION ”愛 罠 Get U” Official MV,VOLTACTION,,,VOLTACTION ”愛 罠 Get U” Official MV VOLTACTION
2026-08-17,jp,Japan,top_videos_daily,,35,https://i.ytimg.com/vi/dEEd9HHEQE0/mqdefault.jpg,真・運命,M!LK,"6月 17, 2026",119962,"35 3 真・運命 M!LK 6月 17, 2026 32 60 119,962"
2026-08-17,jp,Japan,top_videos_daily,,36,https://i.ytimg.com/vi/Iz3u_jbRaB0/mqdefault.jpg,初 音 ミ ク の 消 失,鈴木悠太,,,初 音 ミ ク の 消 失 鈴木悠太
2026-08-17,jp,Japan,top_videos_daily,,37,https://i.ytimg.com/vi/l2jvIuTp534/mqdefault.jpg,夜鷹,米津玄師,"7月 15, 2026",115894,"37 3 夜鷹 米津玄師 7月 15, 2026 34 32 115,894"
2026-08-17,jp,Japan,top_videos_daily,,38,https://i.ytimg.com/vi/pm3KrQ-HOZQ/mqdefault.jpg,好きすぎて滅 (Live),M!LK,,,好きすぎて滅 (Live) M!LK
2026-08-17,jp,Japan,top_videos_daily,,39,https://i.ytimg.com/vi/qFhspt7zsXg/mqdefault.jpg,BUGS LIFE,Number_i,,,BUGS LIFE Number_i
2026-08-17,jp,Japan,top_videos_daily,,40,https://i.ytimg.com/vi/T24rF_x0TmQ/mqdefault.jpg,ヤラララ,AnythingBecomeMoe,,,ヤラララ AnythingBecomeMoe
2026-08-17,jp,Japan,top_videos_daily,,41,https://i.ytimg.com/vi/NGGhyT66V_k/mqdefault.jpg,DAYBREAK FRONTLINE,Wolpis Carter,,,DAYBREAK FRONTLINE Wolpis Carter
2026-08-17,jp,Japan,top_videos_daily,,42,https://i.ytimg.com/vi/JofSrfFV4Kw/mqdefault.jpg,グッタイム (Live),Snow Man,,,グッタイム (Live) Snow Man
2026-08-17,jp,Japan,top_videos_daily,,43,https://i.ytimg.com/vi/v4kWR_REDEU/mqdefault.jpg,分かっちゃいないね,花隈千冬 / monet,,,分かっちゃいないね 花隈千冬 & monet
2026-08-17,jp,Japan,top_videos_daily,,44,https://i.ytimg.com/vi/OHAjc-ayhus/mqdefault.jpg,あぶく,YORUSHIKA,"4月 24, 2026",104220,"44 5 あぶく YORUSHIKA 4月 24, 2026 39 114 104,220"
2026-08-17,jp,Japan,top_videos_daily,,45,https://i.ytimg.com/vi/EMGyiiTC7sg/mqdefault.jpg,じん / カゲロウデイズ【OFFICIAL MUSIC VIDEO】,Jin,,,じん / カゲロウデイズ【OFFICIAL MUSIC VIDEO】 Jin
2026-08-17,jp,Japan,top_videos_daily,,46,https://i.ytimg.com/vi/bVdCJluq0RE/mqdefault.jpg,モンストロ - Monstruo,Ado,,,モンストロ - Monstruo Ado
2026-08-17,jp,Japan,top_videos_daily,,47,https://i.ytimg.com/vi/sPLqsLsooJY/mqdefault.jpg,JANE DOE,米津玄師 / 宇多田光,,,JANE DOE 米津玄師 & 宇多田光
2026-08-17,jp,Japan,top_videos_daily,,48,https://i.ytimg.com/vi/zz2a9Q2Wru0/mqdefault.jpg,AIZO,King Gnu,"1月 16, 2026",101309,"48 10 AIZO King Gnu 1月 16, 2026 38 211 101,309"
2026-08-17,jp,Japan,top_videos_daily,,49,https://i.ytimg.com/vi/I_6m6_Ylyd8/mqdefault.jpg,Missing,BE:FIRST,,,Missing BE:FIRST
2026-08-17,jp,Japan,top_videos_daily,,50,https://i.ytimg.com/vi/LM875jeR-PM/mqdefault.jpg,It's Me,ILLIT,"5月 7, 2026",96096,"50 2 It's Me ILLIT 5月 7, 2026 48 84 96,096"
2026-08-17,jp,Japan,top_videos_daily,,51,https://i.ytimg.com/vi/TtAgxS48tyg/mqdefault.jpg,クエスチョン - Question,meiyo,,,クエスチョン - Question meiyo
2026-08-17,jp,Japan,top_videos_daily,,52,https://i.ytimg.com/vi/QnjOs98bwI0/mqdefault.jpg,重音テトの冷唱 / 重音テト,Daibakuhashin,,,重音テトの冷唱 / 重音テト Daibakuhashin
2026-08-17,jp,Japan,top_videos_daily,,53,https://i.ytimg.com/vi/54j-m_ZRVdk/mqdefault.jpg,好きish - Sukish,AKB48,,,好きish - Sukish AKB48
2026-08-17,jp,Japan,top_videos_daily,,54,https://i.ytimg.com/vi/-H4bB6hxeEs/mqdefault.jpg,【original anime MV】きゃぴ【寶鐘マリン / hololive】,Marine Ch. 寶鐘マリン,,,【original anime MV】きゃぴ【宝鐘マリン / hololive】 Marine Ch. 宝鐘マリン
2026-08-17,jp,Japan,top_videos_daily,,55,https://i.ytimg.com/vi/PmkN1iH4Ci4/mqdefault.jpg,King Gnu - GO GHOST,King Gnu,,,King Gnu - GO GHOST King Gnu
2026-08-17,jp,Japan,top_videos_daily,,56,https://i.ytimg.com/vi/-q_S27LbNKU/mqdefault.jpg,BAD,ATEEZ,"6月 25, 2026",93497,"56 6 BAD ATEEZ 6月 25, 2026 50 39 93,497"
2026-08-17,jp,Japan,top_videos_daily,,57,https://i.ytimg.com/vi/ZX-ysL5JJR8/mqdefault.jpg,Maybe,Travis Japan,,,Maybe Travis Japan
2026-08-17,jp,Japan,top_videos_daily,,58,https://i.ytimg.com/vi/oWRCXGvcU9s/mqdefault.jpg,愛くださいませ,NOT EQUAL ME,,,愛くださいませ NOT EQUAL ME
2026-08-17,jp,Japan,top_videos_daily,,59,https://i.ytimg.com/vi/soONhAPXYc4/mqdefault.jpg,【疾走系ソリスト】「カルメン組曲 / Georges Bizet」にカスタネット入れてみた☆,嶋崎雄鬥,,,【疾走系ソリスト】「カルメン組曲 / Georges Bizet」にカスタネット入れてみた☆ 嶋崎雄斗
2026-08-17,jp,Japan,top_videos_daily,,60,https://i.ytimg.com/vi/_Pk6xfju3l0/mqdefault.jpg,I Got Your Back,ILLIT / HANA,,,I Got Your Back ILLIT & HANA
2026-08-17,jp,Japan,top_videos_daily,,61,https://i.ytimg.com/vi/6kOz0LyJGPM/mqdefault.jpg,【超學生】分かっちゃいないね @歌ってみた,湯月凜空,,,【超学生】分かっちゃいないね @歌ってみた 湯月凜空
2026-08-17,jp,Japan,top_videos_daily,,62,https://i.ytimg.com/vi/4IKHox-DKrM/mqdefault.jpg,モンストロ - Monstruo,Ado,,,モンストロ - Monstruo Ado
2026-08-17,jp,Japan,top_videos_daily,,63,https://i.ytimg.com/vi/gXNbJEYuoSw/mqdefault.jpg,"BRUCE WAYNE feat. Flo Milli, ATL Jacob",BE:FIRST,,,"BRUCE WAYNE feat. Flo Milli, ATL Jacob BE:FIRST"
2026-08-17,jp,Japan,top_videos_daily,,64,https://i.ytimg.com/vi/lsHy8vRpnAM/mqdefault.jpg,クスシキ - KUSUSHIKI,Mrs. GREEN APPLE,,,クスシキ - KUSUSHIKI Mrs. GREEN APPLE
2026-08-17,jp,Japan,top_videos_daily,,65,https://i.ytimg.com/vi/BZ4UzthYTss/mqdefault.jpg,This & That,Stray Kids,,,This & That Stray Kids
2026-08-17,jp,Japan,top_videos_daily,,66,https://i.ytimg.com/vi/VQmdUnlNnds/mqdefault.jpg,キュートなキューたい,CUTIE STREET,,,キュートなキューたい CUTIE STREET
2026-08-17,jp,Japan,top_videos_daily,,67,https://i.ytimg.com/vi/ViFHruS6oO8/mqdefault.jpg,おつかれSUMMER,Halcali,,,おつかれSUMMER Halcali
2026-08-17,jp,Japan,top_videos_daily,,68,https://i.ytimg.com/vi/lmYusdmVg28/mqdefault.jpg,Dance Forever,SixTONES,,,Dance Forever SixTONES
2026-08-17,jp,Japan,top_videos_daily,,69,https://i.ytimg.com/vi/83C3TZ4Zm_o/mqdefault.jpg,LEMONADE,aespa,"5月 28, 2026",76663,"69 8 LEMONADE aespa 5月 28, 2026 61 79 76,663"
2026-08-17,jp,Japan,top_videos_daily,,70,https://i.ytimg.com/vi/AuxeE6T5cZo/mqdefault.jpg,GOODKUN,テセサク,"7月 7, 2026",75481,"70 5 GOODKUN テセサク 7月 7, 2026 65 30 75,481"
2026-08-17,jp,Japan,top_videos_daily,,71,https://i.ytimg.com/vi/IPBXepn5jTA/mqdefault.jpg,若者のすべて(Wakamono No Subete),富士纖維樂團,,,若者のすべて(Wakamono No Subete) 富士纖維樂團
2026-08-17,jp,Japan,top_videos_daily,,72,https://i.ytimg.com/vi/9NJI7cLZ2Qg/mqdefault.jpg,風と町,Mrs. GREEN APPLE,,,風と町 Mrs. GREEN APPLE
2026-08-17,jp,Japan,top_videos_daily,,73,https://i.ytimg.com/vi/6lN51mwvuA8/mqdefault.jpg,Gg Ez,M.Sasuke,"5月 30, 2026",72013,"73 7 Gg Ez M.Sasuke 5月 30, 2026 66 28 72,013"
2026-08-17,jp,Japan,top_videos_daily,,74,https://i.ytimg.com/vi/oRdxUFDoQe0/mqdefault.jpg,Beat It,Michael Jackson,,,Beat It Michael Jackson
2026-08-17,jp,Japan,top_videos_daily,,75,https://i.ytimg.com/vi/fcnDmrtj6Sk/mqdefault.jpg,Dai Dai,Shakira / Burna Boy,,,Dai Dai Shakira & Burna Boy
2026-08-17,jp,Japan,top_videos_daily,,76,https://i.ytimg.com/vi/CO0Eoj9aPcs/mqdefault.jpg,天國 - Heaven,Mrs. GREEN APPLE,,,天国 - Heaven Mrs. GREEN APPLE
2026-08-17,jp,Japan,top_videos_daily,,77,https://i.ytimg.com/vi/hmTET9uBh8A/mqdefault.jpg,未完成婚姻論,Dannie May,,,未完成婚姻論 Dannie May
2026-08-17,jp,Japan,top_videos_daily,,78,https://i.ytimg.com/vi/IQN7mEwkFpQ/mqdefault.jpg,センセーション,FRUITS ZIPPER,,,センセーション FRUITS ZIPPER
2026-08-17,jp,Japan,top_videos_daily,,79,https://i.ytimg.com/vi/SfjSTlEHCSg/mqdefault.jpg,OBF,Joe Rikiichi,,,OBF Joe Rikiichi
2026-08-17,jp,Japan,top_videos_daily,,80,https://i.ytimg.com/vi/chl0R8C4NJ8/mqdefault.jpg,Hearts2Hearts 하츠투하츠 'ICONIC HEART' MV,Hearts2Hearts,,,Hearts2Hearts 하츠투하츠 'ICONIC HEART' MV Hearts2Hearts
2026-08-17,jp,Japan,top_videos_daily,,81,https://i.ytimg.com/vi/4FOSHKro21k/mqdefault.jpg,きゃわぽっぴんどぅ,iLiFE!,,,きゃわぽっぴんどぅ iLiFE!
2026-08-17,jp,Japan,top_videos_daily,,82,https://i.ytimg.com/vi/fEiWFS9hoNM/mqdefault.jpg,ONE N’ ONLY／ “Samba de Night Fever” Dance Performance Video,ONE N' ONLY,,,ONE N’ ONLY／ “Samba de Night Fever” Dance Performance Video ONE N' ONLY
2026-08-17,jp,Japan,top_videos_daily,,83,https://i.ytimg.com/vi/0beWrfj7AvE/mqdefault.jpg,ガチ夢中！ - GACHI MUCHU！,超特急,,,ガチ夢中！ - GACHI MUCHU！ 超特急
2026-08-17,jp,Japan,top_videos_daily,,84,https://i.ytimg.com/vi/Z-N0frXwQE4/mqdefault.jpg,ファントムシータ『にんぎょひめのうた』(OFFICIAL MUSIC VIDEO),ファントムシータ,,,ファントムシータ『にんぎょひめのうた』(OFFICIAL MUSIC VIDEO) ファントムシータ
2026-08-17,jp,Japan,top_videos_daily,,85,https://i.ytimg.com/vi/J87JrRPC5nU/mqdefault.jpg,Yes! 東京,EBiDAN Ebisu Gakuen Boys Club,,,Yes! 東京 EBiDAN Ebisu Gakuen Boys Club
2026-08-17,jp,Japan,top_videos_daily,,86,https://i.ytimg.com/vi/Xz5tOyOafVc/mqdefault.jpg,どこまでも ～How Far I'll Go～,屋比久知奈,,,どこまでも ～How Far I'll Go～ 屋比久知奈
2026-08-17,jp,Japan,top_videos_daily,,87,https://i.ytimg.com/vi/nxLLYYgITzc/mqdefault.jpg,消えない花火,timelesz,"6月 25, 2026",59689,"87 6 消えない花火 timelesz 6月 25, 2026 81 52 59,689"
2026-08-17,jp,Japan,top_videos_daily,,88,https://i.ytimg.com/vi/KIbnsNC1sdA/mqdefault.jpg,"Lienel「Love Me Madly」from 5th Live Tour 2026 ""Osyan""",Lienel,,2026,"Lienel「Love Me Madly」from 5th Live Tour 2026 ""Osyan"" Lienel"
2026-08-17,jp,Japan,top_videos_daily,,89,https://i.ytimg.com/vi/9cS2wv6AfHk/mqdefault.jpg,I LIKE IT,BABYMONSTER,,,I LIKE IT BABYMONSTER
2026-08-17,jp,Japan,top_videos_daily,,90,https://i.ytimg.com/vi/TfvYFX06Mes/mqdefault.jpg,真夜中のZOO (Live),ACEes,,,真夜中のZOO (Live) ACEes
2026-08-17,jp,Japan,top_videos_daily,,91,https://i.ytimg.com/vi/VEiBxLwfU3E/mqdefault.jpg,オドロウゼ！,Snow Man,"2月 23, 2026",56216,"91 5 オドロウゼ！ Snow Man 2月 23, 2026 96 115 56,216"
2026-08-17,jp,Japan,top_videos_daily,,92,https://i.ytimg.com/vi/nlsDZuW5IKU/mqdefault.jpg,西野カナ『ふたりでいよう』Performance Movie,西野カナ Official YouTube Channel,,,西野カナ『ふたりでいよう』Performance Movie 西野カナ Official YouTube Channel
2026-08-17,jp,Japan,top_videos_daily,,93,https://i.ytimg.com/vi/SzwpFnpK7ZI/mqdefault.jpg,Kiss Plan,M!LK,"1月 23, 2024",54718,"93 1 Kiss Plan M!LK 1月 23, 2024 94 22 54,718"
2026-08-17,jp,Japan,top_videos_daily,,94,https://i.ytimg.com/vi/uy_BaRBJIzQ/mqdefault.jpg,わたがし,back number,,,わたがし back number
2026-08-17,jp,Japan,top_videos_daily,,95,https://i.ytimg.com/vi/5IUOkKT5ys0/mqdefault.jpg,【サッカーノルウェー代表ハーランド選手への賛歌として話題！】CTID - Haaland (Ha Ha Ha) │ 和訳リリック・ビデオ,CTID,,,【サッカーノルウェー代表ハーランド選手への賛歌として話題！】CTID - Haaland (Ha Ha Ha) │ 和訳リリック・ビデオ CTID
2026-08-17,jp,Japan,top_videos_daily,,96,https://i.ytimg.com/vi/Gnn4GRSzRXI/mqdefault.jpg,BOOMPALA,LE SSERAFIM,,,BOOMPALA LE SSERAFIM
2026-08-17,jp,Japan,top_videos_daily,,97,https://i.ytimg.com/vi/6CQvCOJVQ5k/mqdefault.jpg,私立恵比壽中學×はっとり(fromマカロニえんぴつ) - 愛のレンタル / THE FIRST TAKE,THE FIRST TAKE,,,私立恵比寿中学×はっとり(fromマカロニえんぴつ) - 愛のレンタル / THE FIRST TAKE THE FIRST TAKE
2026-08-17,jp,Japan,top_videos_daily,,98,https://i.ytimg.com/vi/8OCvkuxnIuw/mqdefault.jpg,真夏の果実 - Manatsu No Kajitsu,SOUTHERN ALL STARS,,,真夏の果実 - Manatsu No Kajitsu SOUTHERN ALL STARS
2026-08-17,jp,Japan,top_videos_daily,,99,https://i.ytimg.com/vi/JyypMgU68e0/mqdefault.jpg,アオノオト - Aonooto,M!LK,,,アオノオト - Aonooto M!LK
2026-08-17,jp,Japan,top_videos_daily,,100,https://i.ytimg.com/vi/ARj1adoUoEU/mqdefault.jpg,飛ぶ時,Vaundy,"5月 30, 2026",52580,"100 1 飛ぶ時 Vaundy 5月 30, 2026 99 69 52,580"
2026-08-17,kr,South Korea,top_videos_daily,,1,https://i.ytimg.com/vi/9XttLI0oH0I/mqdefault.jpg,LOVE ATTACK,RESCENE,,,LOVE ATTACK RESCENE
2026-08-17,kr,South Korea,top_videos_daily,,2,https://i.ytimg.com/vi/Jxgbfc89hNI/mqdefault.jpg,Suddenly,I.O.I,"5月 19, 2026",128566,"2 ● Suddenly I.O.I 5月 19, 2026 2 89 128,566"
2026-08-17,kr,South Korea,top_videos_daily,,3,https://i.ytimg.com/vi/GxChUrrY4bc/mqdefault.jpg,꿈꾸던 어른이 되었나요?,머무르,,,꿈꾸던 어른이 되었나요? 머무르
2026-08-17,kr,South Korea,top_videos_daily,,4,https://i.ytimg.com/vi/-q_S27LbNKU/mqdefault.jpg,BAD,ATEEZ,"6月 25, 2026",122135,"4 ● BAD ATEEZ 6月 25, 2026 4 51 122,135"
2026-08-17,kr,South Korea,top_videos_daily,,5,https://i.ytimg.com/vi/qZlu2j2SiBA/mqdefault.jpg,Pretty Girl,RESCENE,,,Pretty Girl RESCENE
2026-08-17,kr,South Korea,top_videos_daily,,6,https://i.ytimg.com/vi/bMhDJ0S0OBA/mqdefault.jpg,It's Me,ILLIT,"4月 30, 2026",103129,"6 4 It's Me ILLIT 4月 30, 2026 10 108 103,129"
2026-08-17,kr,South Korea,top_videos_daily,,7,https://i.ytimg.com/vi/E30TvxRbZJs/mqdefault.jpg,AxMxP (에이엠피) - 나를 만나야 할 10가지 이유 MV,AxMxP,,,AxMxP (에이엠피) - 나를 만나야 할 10가지 이유 MV AxMxP
2026-08-17,kr,South Korea,top_videos_daily,,8,https://i.ytimg.com/vi/m3DZsBw5bnE/mqdefault.jpg,"How can I love the heartbreak, you’re the one I love",AKMU,,,"How can I love the heartbreak, you’re the one I love AKMU"
2026-08-17,kr,South Korea,top_videos_daily,,9,https://i.ytimg.com/vi/83C3TZ4Zm_o/mqdefault.jpg,LEMONADE,aespa,"5月 28, 2026",82838,"9 4 LEMONADE aespa 5月 28, 2026 13 79 82,838"
2026-08-17,kr,South Korea,top_videos_daily,,10,https://i.ytimg.com/vi/ApXoWvfEYVU/mqdefault.jpg,Sunflower,Post Malone / Swae Lee,,,Sunflower Post Malone & Swae Lee
2026-08-17,kr,South Korea,top_videos_daily,,11,https://i.ytimg.com/vi/ZbO9PBdFRdc/mqdefault.jpg,Deja Vu,RESCENE,"7月 2, 2025",79206,"11 1 Deja Vu RESCENE 7月 2, 2025 12 94 79,206"
2026-08-17,kr,South Korea,top_videos_daily,,12,https://i.ytimg.com/vi/UsbRoaH6y-Q/mqdefault.jpg,Pop Off Pop Off,KiiiKiii,,,Pop Off Pop Off KiiiKiii
2026-08-17,kr,South Korea,top_videos_daily,,13,https://i.ytimg.com/vi/Qe8fa4b5xNU/mqdefault.jpg,Good Goodbye,HWASA,,,Good Goodbye HWASA
2026-08-17,kr,South Korea,top_videos_daily,,14,https://i.ytimg.com/vi/XPUOHpkRAxg/mqdefault.jpg,마음의 숲,조선힙합,"4月 9, 2026",67812,"14 1 마음의 숲 조선힙합 4月 9, 2026 15 88 67,812"
2026-08-17,kr,South Korea,top_videos_daily,,15,https://i.ytimg.com/vi/sFK89gemgKM/mqdefault.jpg,Eternal Moment,任英雄,,,Eternal Moment 任英雄
2026-08-17,kr,South Korea,top_videos_daily,,16,https://i.ytimg.com/vi/-lwj47dDrNU/mqdefault.jpg,"CHAERYEONG “Full Moon” @ ITZY The 5th Fan Meeting “ALL IN, MIDZY”",ITZY,,,"CHAERYEONG “Full Moon” @ ITZY The 5th Fan Meeting “ALL IN, MIDZY” ITZY"
2026-08-17,kr,South Korea,top_videos_daily,,17,https://i.ytimg.com/vi/F7sGJVUrkjQ/mqdefault.jpg,RUDE!,Hearts2Hearts,,,RUDE! Hearts2Hearts
2026-08-17,kr,South Korea,top_videos_daily,,18,https://i.ytimg.com/vi/Ua3aNDJE_Cg/mqdefault.jpg,When I Get Old,克里斯多福 / 請夏,,,When I Get Old 克里斯多福 & 請夏
2026-08-17,kr,South Korea,top_videos_daily,,19,https://i.ytimg.com/vi/dB8QCac8FSM/mqdefault.jpg,將棋一番！ - Shogi Ichiban！,Yukopi,,,将棋一番！ - Shogi Ichiban！ Yukopi
2026-08-17,kr,South Korea,top_videos_daily,,20,https://i.ytimg.com/vi/D54StAZFUrc/mqdefault.jpg,Paradise of Rumors,AKMU,,,Paradise of Rumors AKMU
2026-08-17,kr,South Korea,top_videos_daily,,21,https://i.ytimg.com/vi/GnSaLQTrvt0/mqdefault.jpg,Good Goodbye,HWASA,,,Good Goodbye HWASA
2026-08-17,kr,South Korea,top_videos_daily,,22,https://i.ytimg.com/vi/yebNIHKAC4A/mqdefault.jpg,Golden,HUNTR/X / EJAE / AUDREY NUNA / REI AMI / KPop Demon Hunters Cast,,,"Golden HUNTR/X , EJAE , AUDREY NUNA , REI AMI & KPop Demon Hunters Cast"
2026-08-17,kr,South Korea,top_videos_daily,,23,https://i.ytimg.com/vi/1rAos7HClwI/mqdefault.jpg,"RYUJIN “REDRED” @ ITZY The 5th Fan Meeting “ALL IN, MIDZY”",ITZY,,,"RYUJIN “REDRED” @ ITZY The 5th Fan Meeting “ALL IN, MIDZY” ITZY"
2026-08-17,kr,South Korea,top_videos_daily,,24,https://i.ytimg.com/vi/B2nMSP-Mgvo/mqdefault.jpg,살기 위해서,Noel,"12月 5, 2011",55812,"24 ● 살기 위해서 Noel 12月 5, 2011 24 341 55,812"
2026-08-17,kr,South Korea,top_videos_daily,,25,https://i.ytimg.com/vi/f5ShDNOqq1E/mqdefault.jpg,Memory of the Wind,Naul,,,Memory of the Wind Naul
2026-08-17,kr,South Korea,top_videos_daily,,26,https://i.ytimg.com/vi/rCeM57e2BfU/mqdefault.jpg,And July,Heize,"7月 17, 2016",54193,"26 ● And July Heize 7月 17, 2016 26 81 54,193"
2026-08-17,kr,South Korea,top_videos_daily,,27,https://i.ytimg.com/vi/chl0R8C4NJ8/mqdefault.jpg,Hearts2Hearts 하츠투하츠 'ICONIC HEART' MV,Hearts2Hearts,,,Hearts2Hearts 하츠투하츠 'ICONIC HEART' MV Hearts2Hearts
2026-08-17,kr,South Korea,top_videos_daily,,28,https://i.ytimg.com/vi/xRbPAVnqtcs/mqdefault.jpg,Travel,臉紅的思春期,"5月 24, 2018",52090,"28 5 Travel 臉紅的思春期 5月 24, 2018 33 119 52,090"
2026-08-17,kr,South Korea,top_videos_daily,,29,https://i.ytimg.com/vi/H0GbvPY_Yl8/mqdefault.jpg,만찬가,TAEYEON,"6月 29, 2026",52008,"29 5 만찬가 TAEYEON 6月 29, 2026 34 41 52,008"
2026-08-17,kr,South Korea,top_videos_daily,,30,https://i.ytimg.com/vi/h0KIWaUEIgQ/mqdefault.jpg,사랑하게 될 거야,HANRORO,,,사랑하게 될 거야 HANRORO
2026-08-17,kr,South Korea,top_videos_daily,,31,https://i.ytimg.com/vi/sLk8zWUuYTA/mqdefault.jpg,Vitamin ME,fromis_9,,,Vitamin ME fromis_9
2026-08-17,kr,South Korea,top_videos_daily,,32,https://i.ytimg.com/vi/BPjkepatFRI/mqdefault.jpg,황영웅 팬 정모_모르리,황영웅,,,황영웅 팬 정모_모르리 황영웅
2026-08-17,kr,South Korea,top_videos_daily,,33,https://i.ytimg.com/vi/UsjsYMo3O1Q/mqdefault.jpg,Brain Rot,Tokyo Manaka,,,Brain Rot Tokyo Manaka
2026-08-17,kr,South Korea,top_videos_daily,,34,https://i.ytimg.com/vi/30hZXHeB85U/mqdefault.jpg,ULSSIGU,任英雄,"9月 14, 2025",46514,"34 2 ULSSIGU 任英雄 9月 14, 2025 36 334 46,514"
2026-08-17,kr,South Korea,top_videos_daily,,35,https://i.ytimg.com/vi/vYq_Xzj8HUM/mqdefault.jpg,Hit 'Em,MEOVV,"6月 11, 2026",46380,"35 14 Hit 'Em MEOVV 6月 11, 2026 49 50 46,380"
2026-08-17,kr,South Korea,top_videos_daily,,36,https://i.ytimg.com/vi/4L_YopHT3Gg/mqdefault.jpg,돌아보지 마세요,Lim Young-woong,,,돌아보지 마세요 Lim Young-woong
2026-08-17,kr,South Korea,top_videos_daily,,37,https://i.ytimg.com/vi/fOdML_XhHvQ/mqdefault.jpg,비가 오는 날엔,Heize,"8月 4, 2021",44819,"37 4 비가 오는 날엔 Heize 8月 4, 2021 41 107 44,819"
2026-08-17,kr,South Korea,top_videos_daily,,38,https://i.ytimg.com/vi/U6BDbXIah-Y/mqdefault.jpg,REDRED,CORTIS,"4月 20, 2026",43879,"38 6 REDRED CORTIS 4月 20, 2026 44 118 43,879"
2026-08-17,kr,South Korea,top_videos_daily,,39,https://i.ytimg.com/vi/Zt939FWYipg/mqdefault.jpg,Pop Off Pop Off,KiiiKiii,,,Pop Off Pop Off KiiiKiii
2026-08-17,kr,South Korea,top_videos_daily,,40,https://i.ytimg.com/vi/-Gv1oUyuzgA/mqdefault.jpg,[MV] JUEUN(주은) _ Heartbeat(너랑 나는) (Feat.SHIRT),JUEUN,,,[MV] JUEUN(주은) _ Heartbeat(너랑 나는) (Feat.SHIRT) JUEUN
2026-08-17,kr,South Korea,top_videos_daily,,41,https://i.ytimg.com/vi/6lN51mwvuA8/mqdefault.jpg,Gg Ez,M.Sasuke,"5月 30, 2026",42499,"41 9 Gg Ez M.Sasuke 5月 30, 2026 50 51 42,499"
2026-08-17,kr,South Korea,top_videos_daily,,42,https://i.ytimg.com/vi/ylTuLv9iDmY/mqdefault.jpg,A SONG FOR US,Lim Young-woong,,,A SONG FOR US Lim Young-woong
2026-08-17,kr,South Korea,top_videos_daily,,43,https://i.ytimg.com/vi/An0vA4ZLqkk/mqdefault.jpg,Hearts2Hearts 하츠투하츠 'ICONIC HEART' Dance Practice,Hearts2Hearts,,,Hearts2Hearts 하츠투하츠 'ICONIC HEART' Dance Practice Hearts2Hearts
2026-08-17,kr,South Korea,top_videos_daily,,44,https://i.ytimg.com/vi/3DOkxQ3HDXE/mqdefault.jpg,아로하,曹政奭,"3月 26, 2020",40663,"44 3 아로하 曹政奭 3月 26, 2020 47 89 40,663"
2026-08-17,kr,South Korea,top_videos_daily,,45,https://i.ytimg.com/vi/cHkDZ1ekB9U/mqdefault.jpg,나무,"Car, the garden",,,"나무 Car, the garden"
2026-08-17,kr,South Korea,top_videos_daily,,46,https://i.ytimg.com/vi/aRiVUVNUhIs/mqdefault.jpg,なんもねえ - Nannmonee,Wasureranneyo,,,なんもねえ - Nannmonee Wasureranneyo
2026-08-17,kr,South Korea,top_videos_daily,,47,https://i.ytimg.com/vi/sCmcSBsTxQc/mqdefault.jpg,Rain and You,이무진,,,Rain and You 이무진
2026-08-17,kr,South Korea,top_videos_daily,,48,https://i.ytimg.com/vi/NOiyDlWl534/mqdefault.jpg,Catch Catch,YENA,,,Catch Catch YENA
2026-08-17,kr,South Korea,top_videos_daily,,49,https://i.ytimg.com/vi/5hL7uPsISY0/mqdefault.jpg,그냥 해,조선힙합,"6月 16, 2026",38861,"49 5 그냥 해 조선힙합 6月 16, 2026 54 60 38,861"
2026-08-17,kr,South Korea,top_videos_daily,,50,https://i.ytimg.com/vi/7tp45qgQuCQ/mqdefault.jpg,HYNN(박혜원) '3일 후 (Three days after)' ㅣ Official MV,HYNN,,,HYNN(박혜원) '3일 후 (Three days after)' ㅣ Official MV HYNN
2026-08-17,kr,South Korea,top_videos_daily,,51,https://i.ytimg.com/vi/T24rF_x0TmQ/mqdefault.jpg,ヤラララ,AnythingBecomeMoe,,,ヤラララ AnythingBecomeMoe
2026-08-17,kr,South Korea,top_videos_daily,,52,https://i.ytimg.com/vi/1cKc1rkZwf8/mqdefault.jpg,It's Art,PSY,"2月 7, 2011",37879,"52 10 It's Art PSY 2月 7, 2011 62 60 37,879"
2026-08-17,kr,South Korea,top_videos_daily,,53,https://i.ytimg.com/vi/pHciG9_2xXM/mqdefault.jpg,"Meet my GRLS, TUIDE",HYBE LABELS,,,"Meet my GRLS, TUIDE HYBE LABELS"
2026-08-17,kr,South Korea,top_videos_daily,,54,https://i.ytimg.com/vi/900X9fDFLc4/mqdefault.jpg,Roller Coaster,請夏,,,Roller Coaster 請夏
2026-08-17,kr,South Korea,top_videos_daily,,55,https://i.ytimg.com/vi/R9miRFaYbWo/mqdefault.jpg,Candy Pink Magic Hole Flip Phone,KiiiKiii,,,Candy Pink Magic Hole Flip Phone KiiiKiii
2026-08-17,kr,South Korea,top_videos_daily,,56,https://i.ytimg.com/vi/-EevnrryffA/mqdefault.jpg,Nightmare (Art. Dizzy Blue),Anonymous Artists (어나니머스 아티스트),,,Nightmare (Art. Dizzy Blue) Anonymous Artists (어나니머스 아티스트)
2026-08-17,kr,South Korea,top_videos_daily,,57,https://i.ytimg.com/vi/MfYPKZl7W1w/mqdefault.jpg,我不愛你,城市札卡巴,"5月 26, 2016",35900,"57 2 我不愛你 城市札卡巴 5月 26, 2016 59 101 35,900"
2026-08-17,kr,South Korea,top_videos_daily,,58,https://i.ytimg.com/vi/dlo9uuiP3Z0/mqdefault.jpg,Def. - RING,林在範,"7月 11, 2021",35635,"58 14 Def. - RING 林在範 7月 11, 2021 72 2 35,635"
2026-08-17,kr,South Korea,top_videos_daily,,59,https://i.ytimg.com/vi/iurAHmIHdc8/mqdefault.jpg,이찬원 '말했잖아' Live Clip [2026 이찬원 콘서트 '찬가 : 찬란한 하루'],李燦元,,2026,이찬원 '말했잖아' Live Clip [2026 이찬원 콘서트 '찬가 : 찬란한 하루'] 李燦元
2026-08-17,kr,South Korea,top_videos_daily,,60,https://i.ytimg.com/vi/7LjFAoWvsbE/mqdefault.jpg,Walking with you,滑川康男,,,Walking with you 滑川康男
2026-08-17,kr,South Korea,top_videos_daily,,61,https://i.ytimg.com/vi/bIjOrbKyQzU/mqdefault.jpg,Fifth Finger,IU,"5月 15, 2019",34592,"61 New Fifth Finger IU 5月 15, 2019 - 1 34,592"
2026-08-17,kr,South Korea,top_videos_daily,,62,https://i.ytimg.com/vi/1VqxWNwgf5Q/mqdefault.jpg,Lemon Tang,Hearts2Hearts,,,Lemon Tang Hearts2Hearts
2026-08-17,kr,South Korea,top_videos_daily,,63,https://i.ytimg.com/vi/Q_YdBd05FJs/mqdefault.jpg,You In The Same Time,Naul,,,You In The Same Time Naul
2026-08-17,kr,South Korea,top_videos_daily,,64,https://i.ytimg.com/vi/BeR0jz0JVac/mqdefault.jpg,Reckless Love,水晶男孩,,,Reckless Love 水晶男孩
2026-08-17,kr,South Korea,top_videos_daily,,65,https://i.ytimg.com/vi/pLSHaE-A8z8/mqdefault.jpg,잔혹한 천사의 테제 (殘酷な天使のテーゼ ; A Cruel Angel's Thesis) | 신세기 에반게리온 OP | cover [가사/자막],DovIvI,,,잔혹한 천사의 테제 (残酷な天使のテーゼ ; A Cruel Angel's Thesis) | 신세기 에반게리온 OP | cover [가사/자막] DovIvI
2026-08-17,kr,South Korea,top_videos_daily,,66,https://i.ytimg.com/vi/1Zv_iZmpz64/mqdefault.jpg,[MV] DK(디셈버) _ Step(발걸음),DK,,,[MV] DK(디셈버) _ Step(발걸음) DK
2026-08-17,kr,South Korea,top_videos_daily,,67,https://i.ytimg.com/vi/XKZIQlqVjjk/mqdefault.jpg,승인해주세요 지니님!,카사네 테토 / Una Otomachi,,,승인해주세요 지니님! 카사네 테토 & Una Otomachi
2026-08-17,kr,South Korea,top_videos_daily,,68,https://i.ytimg.com/vi/Us5aTWQaDyI/mqdefault.jpg,Achilles,NOWZ (나우즈),,,Achilles NOWZ (나우즈)
2026-08-17,kr,South Korea,top_videos_daily,,69,https://i.ytimg.com/vi/5a-tqIQc8RM/mqdefault.jpg,Grown Ups,Sondia,,,Grown Ups Sondia
2026-08-17,kr,South Korea,top_videos_daily,,70,https://i.ytimg.com/vi/MC6-82GRK5I/mqdefault.jpg,Bloom,RESCENE,"11月 25, 2025",30704,"70 10 Bloom RESCENE 11月 25, 2025 80 40 30,704"
2026-08-17,kr,South Korea,top_videos_daily,,71,https://i.ytimg.com/vi/uT5nm3eAOB8/mqdefault.jpg,Pop Off Pop Off,KiiiKiii,,,Pop Off Pop Off KiiiKiii
2026-08-17,kr,South Korea,top_videos_daily,,72,https://i.ytimg.com/vi/g36q0ZLvygQ/mqdefault.jpg,REBEL HEART,IVE,"1月 13, 2025",29360,"72 12 REBEL HEART IVE 1月 13, 2025 84 252 29,360"
2026-08-17,kr,South Korea,top_videos_daily,,73,https://i.ytimg.com/vi/NZP153MUpHY/mqdefault.jpg,Surfin' Boy,Red Velvet,,,Surfin' Boy Red Velvet
2026-08-17,kr,South Korea,top_videos_daily,,74,https://i.ytimg.com/vi/zhHB4dZTChw/mqdefault.jpg,404 (New Era),KiiiKiii,,404,404 (New Era) KiiiKiii
2026-08-17,kr,South Korea,top_videos_daily,,75,https://i.ytimg.com/vi/iaDgfQ0sIYY/mqdefault.jpg,Paradise,PSY,"7月 22, 2020",28845,"75 8 Paradise PSY 7月 22, 2020 83 168 28,845"
2026-08-17,kr,South Korea,top_videos_daily,,76,https://i.ytimg.com/vi/n4-xCpxMmt0/mqdefault.jpg,Rebel (Art. HANGSUNG),Anonymous Artists (어나니머스 아티스트) / HANGSUNG,,,Rebel (Art. HANGSUNG) Anonymous Artists (어나니머스 아티스트) & HANGSUNG
2026-08-17,kr,South Korea,top_videos_daily,,77,https://i.ytimg.com/vi/BBdC1rl5sKY/mqdefault.jpg,Event Horizon,高潤荷,,,Event Horizon 高潤荷
2026-08-17,kr,South Korea,top_videos_daily,,78,https://i.ytimg.com/vi/5ly8tAU-n_w/mqdefault.jpg,If You Ask Me What Love Is,Roy Kim,,,If You Ask Me What Love Is Roy Kim
2026-08-17,kr,South Korea,top_videos_daily,,79,https://i.ytimg.com/vi/SNn_H_Q2moo/mqdefault.jpg,"기쁨, 슬픔, 아름다운 마음",樂童音樂家,,,"기쁨, 슬픔, 아름다운 마음 樂童音樂家"
2026-08-17,kr,South Korea,top_videos_daily,,80,https://i.ytimg.com/vi/Wr8Z8JY54K4/mqdefault.jpg,Problem Child,NOWZ (나우즈),,,Problem Child NOWZ (나우즈)
2026-08-17,kr,South Korea,top_videos_daily,,81,https://i.ytimg.com/vi/6Ycn9qZK09I/mqdefault.jpg,Heavy Serenade,NMIXX,,,Heavy Serenade NMIXX
2026-08-17,kr,South Korea,top_videos_daily,,82,https://i.ytimg.com/vi/_IT83Y_HcAw/mqdefault.jpg,Less than a Lover,JENNIE,,,Less than a Lover JENNIE
2026-08-17,kr,South Korea,top_videos_daily,,83,https://i.ytimg.com/vi/1VdPvAqVrow/mqdefault.jpg,Broken Heart,高耀太,,,Broken Heart 高耀太
2026-08-17,kr,South Korea,top_videos_daily,,84,https://i.ytimg.com/vi/PxmKaXqeK2s/mqdefault.jpg,너의 차선,조선힙합,"5月 21, 2026",25003,"84 5 너의 차선 조선힙합 5月 21, 2026 89 52 25,003"
2026-08-17,kr,South Korea,top_videos_daily,,85,https://i.ytimg.com/vi/K5H-GvnNz2Y/mqdefault.jpg,Mr. Chu,Apink,"3月 30, 2014",24154,"85 7 Mr. Chu Apink 3月 30, 2014 92 86 24,154"
2026-08-17,kr,South Korea,top_videos_daily,,86,https://i.ytimg.com/vi/VVO05mYGFY8/mqdefault.jpg,만찬가,TAEYEON,"6月 29, 2026",23815,"86 86 만찬가 TAEYEON 6月 29, 2026 - 39 23,815"
2026-08-17,kr,South Korea,top_videos_daily,,87,https://i.ytimg.com/vi/GdoNGNe5CSg/mqdefault.jpg,for lovers who hesitate(주저하는 연인들을 위해),Jannabi,,,for lovers who hesitate(주저하는 연인들을 위해) Jannabi
2026-08-17,kr,South Korea,top_videos_daily,,88,https://i.ytimg.com/vi/ba7YbGO2aq4/mqdefault.jpg,numb numb,TAK,"5月 20, 2026",23264,"88 5 numb numb TAK 5月 20, 2026 93 63 23,264"
2026-08-17,kr,South Korea,top_videos_daily,,89,https://i.ytimg.com/vi/B8JJ8RNM-60/mqdefault.jpg,Pinball,RESCENE,"9月 21, 2024",23025,"89 89 Pinball RESCENE 9月 21, 2024 - 20 23,025"
2026-08-17,kr,South Korea,top_videos_daily,,90,https://i.ytimg.com/vi/Zb1sZ16uWBk/mqdefault.jpg,long for you,Hyunjin / Stray Kids,,,long for you Hyunjin & Stray Kids
2026-08-17,kr,South Korea,top_videos_daily,,91,https://i.ytimg.com/vi/SK6Sm2Ki9tI/mqdefault.jpg,Traffic light,Lee Mujin,,,Traffic light Lee Mujin
2026-08-17,kr,South Korea,top_videos_daily,,92,https://i.ytimg.com/vi/ve7vLxUVFpE/mqdefault.jpg,Because I Don't Love You,Onestar,,,Because I Don't Love You Onestar
2026-08-17,kr,South Korea,top_videos_daily,,93,https://i.ytimg.com/vi/Tp4GDTcN2iI/mqdefault.jpg,[성시경 노래] 72. 이별여행 (With.원미연) l Sung Si Kyung Music,成始璄,,,[성시경 노래] 72. 이별여행 (With.원미연) l Sung Si Kyung Music 成始璄
2026-08-17,kr,South Korea,top_videos_daily,,94,https://i.ytimg.com/vi/EzpgAyBy8-M/mqdefault.jpg,헤이즈(Heize) - Always be there for you,Heize,,,헤이즈(Heize) - Always be there for you Heize
2026-08-17,kr,South Korea,top_videos_daily,,95,https://i.ytimg.com/vi/Os_heh8vPfs/mqdefault.jpg,Spicy,aespa,"5月 8, 2023",22671,"95 95 Spicy aespa 5月 8, 2023 - 89 22,671"
2026-08-17,kr,South Korea,top_videos_daily,,96,https://i.ytimg.com/vi/NGGhyT66V_k/mqdefault.jpg,DAYBREAK FRONTLINE,Wolpis Carter,,,DAYBREAK FRONTLINE Wolpis Carter
2026-08-17,kr,South Korea,top_videos_daily,,97,https://i.ytimg.com/vi/0-q1KafFCLU/mqdefault.jpg,Celebrity,IU,"1月 27, 2021",22403,"97 2 Celebrity IU 1月 27, 2021 99 21 22,403"
2026-08-17,kr,South Korea,top_videos_daily,,98,https://i.ytimg.com/vi/RaTCjhIS4AY/mqdefault.jpg,A Letter For You,Kim Na-young,,,A Letter For You Kim Na-young
2026-08-17,kr,South Korea,top_videos_daily,,99,https://i.ytimg.com/vi/kND0Xw4lZzw/mqdefault.jpg,IRISÉ (아이리제) - ‘HEART CRUSH!’ M/V,IRISÉ,,,IRISÉ (아이리제) - ‘HEART CRUSH!’ M/V IRISÉ
2026-08-17,kr,South Korea,top_videos_daily,,100,https://i.ytimg.com/vi/kFhf7pjRRjA/mqdefault.jpg,Late Night,Noel,"11月 7, 2019",21925,"100 100 Late Night Noel 11月 7, 2019 - 189 21,925"
2026-08-17,vn,Vietnam,top_videos_daily,,1,https://i.ytimg.com/vi/UH21OnJwxZE/mqdefault.jpg,PHƯƠNG MỸ CHI x DTAP | 'THIÊN ĐƯỜNG VỚI NGƯỜI THƯƠNG' | OFFICIAL MUSIC VIDEO,Phương Mỹ Chi,,,PHƯƠNG MỸ CHI x DTAP | 'THIÊN ĐƯỜNG VỚI NGƯỜI THƯƠNG' | OFFICIAL MUSIC VIDEO Phương Mỹ Chi
2026-08-17,vn,Vietnam,top_videos_daily,,2,https://i.ytimg.com/vi/gJAbDSse5WM/mqdefault.jpg,Tìm Em,Hngle,"6月 18, 2026",931345,"2 ● Tìm Em Hngle 6月 18, 2026 2 58 931,345"
2026-08-17,vn,Vietnam,top_videos_daily,,3,https://i.ytimg.com/vi/Rb3hfEPyJxQ/mqdefault.jpg,"SECRET - Cody Nam Võ, Quang Hùng MasterD, Wren Evans, CONGB | TINH HÀ SAY HI [PERFORMANCE]",Vie Channel - MUSIC,,,"SECRET - Cody Nam Võ, Quang Hùng MasterD, Wren Evans, CONGB | TINH HÀ SAY HI [PERFORMANCE] Vie Channel - MUSIC"
2026-08-17,vn,Vietnam,top_videos_daily,,4,https://i.ytimg.com/vi/4jjOH2FR6-E/mqdefault.jpg,xương rồng (intro),Dangrangto / Donal,,,xương rồng (intro) Dangrangto & Donal
2026-08-17,vn,Vietnam,top_videos_daily,,5,https://i.ytimg.com/vi/9UcQ7ddVjoc/mqdefault.jpg,Không Buông,Hngle / Ari,,,Không Buông Hngle & Ari
2026-08-17,vn,Vietnam,top_videos_daily,,6,https://i.ytimg.com/vi/heMYSOZoT3c/mqdefault.jpg,dự báo thời tiết hôm nay mưa,ST.319 Entertainment,,319,dự báo thời tiết hôm nay mưa ST.319 Entertainment
2026-08-17,vn,Vietnam,top_videos_daily,,7,https://i.ytimg.com/vi/RM-LMRqL5zE/mqdefault.jpg,Gián Đáng Iu Hongg?,Lâm Thằn Lằn / The New Gene,,,Gián Đáng Iu Hongg? Lâm Thằn Lằn & The New Gene
2026-08-17,vn,Vietnam,top_videos_daily,,8,https://i.ytimg.com/vi/l_uzEREOKfo/mqdefault.jpg,THẾ GIỚI CỦA ANH,Dương Domic / buitruonglinh / CONGB / WEAN / Vận Toàn,,,"THẾ GIỚI CỦA ANH Dương Domic , buitruonglinh , CONGB , WEAN & Vận Toàn"
2026-08-17,vn,Vietnam,top_videos_daily,,9,https://i.ytimg.com/vi/l4Pkem30Q60/mqdefault.jpg,Kẻ Say Tình (Live),Quoc Thien,,,Kẻ Say Tình (Live) Quoc Thien
2026-08-17,vn,Vietnam,top_videos_daily,,10,https://i.ytimg.com/vi/XwshmJV-DHg/mqdefault.jpg,"Quang Hùng MasterD - 'SECRET' (ft. Cody Nam Võ, Wren Evans, CONGB) / TINH HÀ SAY HI",Quang Hùng MasterD,,,"Quang Hùng MasterD - 'SECRET' (ft. Cody Nam Võ, Wren Evans, CONGB) / TINH HÀ SAY HI Quang Hùng MasterD"
2026-08-17,vn,Vietnam,top_videos_daily,,11,https://i.ytimg.com/vi/qbek-A-CJJU/mqdefault.jpg,GIÁ NHƯ ANH LÀ EM - LỆ QUYÊN | OFFICIAL MUSIC VIDEO,麗娟,,,GIÁ NHƯ ANH LÀ EM - LỆ QUYÊN | OFFICIAL MUSIC VIDEO 麗娟
2026-08-17,vn,Vietnam,top_videos_daily,,12,https://i.ytimg.com/vi/8sVtL0o-v7U/mqdefault.jpg,Người Im Lặng Gặp Người Hay Nói,HIEUTHUHAI,,,Người Im Lặng Gặp Người Hay Nói HIEUTHUHAI
2026-08-17,vn,Vietnam,top_videos_daily,,13,https://i.ytimg.com/vi/sZrIbpwjTwk/mqdefault.jpg,ẾCH NGOÀI ĐÁY GIẾNG,Vie Channel - MUSIC,,,ẾCH NGOÀI ĐÁY GIẾNG Vie Channel - MUSIC
2026-08-17,vn,Vietnam,top_videos_daily,,14,https://i.ytimg.com/vi/jM6UrE3Bxw4/mqdefault.jpg,Tự Do Như Cơn Gió,Xanh,,,Tự Do Như Cơn Gió Xanh
2026-08-17,vn,Vietnam,top_videos_daily,,15,https://i.ytimg.com/vi/zHDECJy0p7k/mqdefault.jpg,Có Ai Hẹn Hò Cùng Em Chưa,Quân A.P,,,Có Ai Hẹn Hò Cùng Em Chưa Quân A.P
2026-08-17,vn,Vietnam,top_videos_daily,,16,https://i.ytimg.com/vi/8-bKjcADU18/mqdefault.jpg,MƯA VỘI PHÓNG,Wren Evans / Ali Hoàng Dương / CODY Nam Võ / HYO / 2Pillz,,,"MƯA VỘI PHÓNG Wren Evans , Ali Hoàng Dương , CODY Nam Võ , HYO & 2Pillz"
2026-08-17,vn,Vietnam,top_videos_daily,,17,https://i.ytimg.com/vi/f-VsoLm4i5c/mqdefault.jpg,Từng Ngày Yêu Em,buitruonglinh,,,Từng Ngày Yêu Em buitruonglinh
2026-08-17,vn,Vietnam,top_videos_daily,,18,https://i.ytimg.com/vi/sPQXOA6pzOg/mqdefault.jpg,Ngày Rời Chuyến Bay,Minh Huy / Pinny,,,Ngày Rời Chuyến Bay Minh Huy & Pinny
2026-08-17,vn,Vietnam,top_videos_daily,,19,https://i.ytimg.com/vi/6uVJqD2hSGQ/mqdefault.jpg,07. Em - Binz (feat. SOOBIN) | Gặp Lại Album,Binz,,,07. Em - Binz (feat. SOOBIN) | Gặp Lại Album Binz
2026-08-17,vn,Vietnam,top_videos_daily,,20,https://i.ytimg.com/vi/Ce8_CVSDwvk/mqdefault.jpg,LAMOON - CHIẾU | Official Music Video | STARRING ĐỖ NHẬT HOÀNG | from EP: Gửi H,"EM XINH ""SAY HI""",,,"LAMOON - CHIẾU | Official Music Video | STARRING ĐỖ NHẬT HOÀNG | from EP: Gửi H EM XINH ""SAY HI"""
2026-08-17,vn,Vietnam,top_videos_daily,,21,https://i.ytimg.com/vi/fcnDmrtj6Sk/mqdefault.jpg,Dai Dai,Shakira / Burna Boy,,,Dai Dai Shakira & Burna Boy
2026-08-17,vn,Vietnam,top_videos_daily,,22,https://i.ytimg.com/vi/uUQG8sk7cLs/mqdefault.jpg,Kẻ Say Tình 2,Quoc Thien,,,Kẻ Say Tình 2 Quoc Thien
2026-08-17,vn,Vietnam,top_videos_daily,,23,https://i.ytimg.com/vi/T7ksmtaVeOk/mqdefault.jpg,In Love,JustaTee / Low G,,,In Love JustaTee & Low G
2026-08-17,vn,Vietnam,top_videos_daily,,24,https://i.ytimg.com/vi/XpY62G82-HI/mqdefault.jpg,Thương Lấy Phận Mình (Remix),Thái Học,,,Thương Lấy Phận Mình (Remix) Thái Học
2026-08-17,vn,Vietnam,top_videos_daily,,25,https://i.ytimg.com/vi/uuTT21tabiw/mqdefault.jpg,MỘNG DUYÊN,Quang Hùng MasterD / JSOL / Sơn.K / Song Luân / Emil Vergo,,,"MỘNG DUYÊN Quang Hùng MasterD , JSOL , Sơn.K , Song Luân & Emil Vergo"
2026-08-17,vn,Vietnam,top_videos_daily,,26,https://i.ytimg.com/vi/zFYhwqtT2Y0/mqdefault.jpg,Mashup 30IN1 - Nhạc Remix Lộn Xộn - 100K NHẠC THẬP CẨM🎼Nhạc Lộn Xộn PEAK Remix TikTok Triệu View,Thanh Huyy Music,,100,Mashup 30IN1 - Nhạc Remix Lộn Xộn - 100K NHẠC THẬP CẨM🎼Nhạc Lộn Xộn PEAK Remix TikTok Triệu View Thanh Huyy Music
2026-08-17,vn,Vietnam,top_videos_daily,,27,https://i.ytimg.com/vi/dTZGuJACBWg/mqdefault.jpg,"gái tây gốc Việt | Nicole Nguyễn ft Tommy Tèo, Billy100 | OFFICIAL MV",Grammy Music Vietnam,,100,"gái tây gốc Việt | Nicole Nguyễn ft Tommy Tèo, Billy100 | OFFICIAL MV Grammy Music Vietnam"
2026-08-17,vn,Vietnam,top_videos_daily,,28,https://i.ytimg.com/vi/Udc6MAAZT30/mqdefault.jpg,Từng Là Của Nhau,Bảo Anh / Táo,,,Từng Là Của Nhau Bảo Anh & Táo
2026-08-17,vn,Vietnam,top_videos_daily,,29,https://i.ytimg.com/vi/om6Qessps1c/mqdefault.jpg,50 CUỘC GỌI NHỠ,COOLKID / Quang Hùng MasterD / CODYNAMVO / Jaysonlei,,,"50 CUỘC GỌI NHỠ COOLKID , Quang Hùng MasterD , CODYNAMVO & Jaysonlei"
2026-08-17,vn,Vietnam,top_videos_daily,,30,https://i.ytimg.com/vi/HmB5x6wu79E/mqdefault.jpg,Nếu Biết Đó Là Lần Cuối (Beat),BMZ / Đức Trường,,,Nếu Biết Đó Là Lần Cuối (Beat) BMZ & Đức Trường
2026-08-17,vn,Vietnam,top_videos_daily,,31,https://i.ytimg.com/vi/SsBvmklAty4/mqdefault.jpg,Anh Này Là Của Tui (Remix),MIỀN TÂY REMIX,,,Anh Này Là Của Tui (Remix) MIỀN TÂY REMIX
2026-08-17,vn,Vietnam,top_videos_daily,,32,https://i.ytimg.com/vi/O5nlyrBH3FQ/mqdefault.jpg,CILU (Cuz I Luv U) - JGKiD (Da LAB) x MPaKK (Da LAB) (Official MV),Da LAB,,,CILU (Cuz I Luv U) - JGKiD (Da LAB) x MPaKK (Da LAB) (Official MV) Da LAB
2026-08-17,vn,Vietnam,top_videos_daily,,33,https://i.ytimg.com/vi/s76BtB81Oms/mqdefault.jpg,ĐỚN ĐAU VÔ CÙNG,DatKaa,,,ĐỚN ĐAU VÔ CÙNG DatKaa
2026-08-17,vn,Vietnam,top_videos_daily,,34,https://i.ytimg.com/vi/yszxOH4e5eA/mqdefault.jpg,Mối Duyên Vàng,Võ Thu Hà / Tuấn Cry,,,Mối Duyên Vàng Võ Thu Hà & Tuấn Cry
2026-08-17,vn,Vietnam,top_videos_daily,,35,https://i.ytimg.com/vi/J5psy58H52I/mqdefault.jpg,Tìm Em,Hngle,"8月 12, 2026",94064,"35 New Tìm Em Hngle 8月 12, 2026 - 1 94,064"
2026-08-17,vn,Vietnam,top_videos_daily,,36,https://i.ytimg.com/vi/05S2uf37ufc/mqdefault.jpg,Địa Ngục Trần Gian (Remix),Phạm Kỳ,,,Địa Ngục Trần Gian (Remix) Phạm Kỳ
2026-08-17,vn,Vietnam,top_videos_daily,,37,https://i.ytimg.com/vi/HedP3E7ljhk/mqdefault.jpg,Xin Đừng Rời Xa Anh (Truzg Remix) | Lê Gia Bảo | Nhạc Hot Trend TikTok 2026,Lê Gia Bảo,,2026,Xin Đừng Rời Xa Anh (Truzg Remix) | Lê Gia Bảo | Nhạc Hot Trend TikTok 2026 Lê Gia Bảo
2026-08-17,vn,Vietnam,top_videos_daily,,38,https://i.ytimg.com/vi/xJ1uMrL9Rwo/mqdefault.jpg,Ngồi Nghe Em Khóc,DatG Music,,,Ngồi Nghe Em Khóc DatG Music
2026-08-17,vn,Vietnam,top_videos_daily,,39,https://i.ytimg.com/vi/PF3exV7ck7s/mqdefault.jpg,"Gửi em, người bất tử | Ân Ngờ FT. Mỹ Mỹ (Official MV) [Mini Album 0 Ngờ]",Ân ngờ,,,"Gửi em, người bất tử | Ân Ngờ FT. Mỹ Mỹ (Official MV) [Mini Album 0 Ngờ] Ân ngờ"
2026-08-17,vn,Vietnam,top_videos_daily,,40,https://i.ytimg.com/vi/5qqUYmJZc6Q/mqdefault.jpg,Thương Thầm Cô Lái Đò (Remix),Tiến võ,,,Thương Thầm Cô Lái Đò (Remix) Tiến võ
2026-08-17,vn,Vietnam,top_videos_daily,,41,https://i.ytimg.com/vi/fdFRy9zBdMo/mqdefault.jpg,Kẻ Say Tình 2 (Live),Quoc Thien,,,Kẻ Say Tình 2 (Live) Quoc Thien
2026-08-17,vn,Vietnam,top_videos_daily,,42,https://i.ytimg.com/vi/7iG_k6-iCGA/mqdefault.jpg,"W/n - SSD ft. (267, Nguyenn, PAR SG)",W/N,,267,"W/n - SSD ft. (267, Nguyenn, PAR SG) W/N"
2026-08-17,vn,Vietnam,top_videos_daily,,43,https://i.ytimg.com/vi/9bdCgrrBUWE/mqdefault.jpg,Thiệp Hồng Chung Tên,Út Nhị Mino,,,Thiệp Hồng Chung Tên Út Nhị Mino
2026-08-17,vn,Vietnam,top_videos_daily,,44,https://i.ytimg.com/vi/usBJRm0DNl0/mqdefault.jpg,Lo Người Ướt Áo (Remix),H2O Remix / Khánh Cường / Việt Lee,,,"Lo Người Ướt Áo (Remix) H2O Remix , Khánh Cường & Việt Lee"
2026-08-17,vn,Vietnam,top_videos_daily,,45,https://i.ytimg.com/vi/bZZn2B11b_c/mqdefault.jpg,Thanh Tân,VƯƠNG BÌNH / Thùy Chi,,,Thanh Tân VƯƠNG BÌNH & Thùy Chi
2026-08-17,vn,Vietnam,top_videos_daily,,46,https://i.ytimg.com/vi/8F2s8ivKXNY/mqdefault.jpg,Life Goes On,Oliver Tree,,,Life Goes On Oliver Tree
2026-08-17,vn,Vietnam,top_videos_daily,,47,https://i.ytimg.com/vi/fTXd-DpN3AI/mqdefault.jpg,Bông Hoa Đẹp Nhất,Quân A.P,,,Bông Hoa Đẹp Nhất Quân A.P
2026-08-17,vn,Vietnam,top_videos_daily,,48,https://i.ytimg.com/vi/yebNIHKAC4A/mqdefault.jpg,Golden,HUNTR/X / EJAE / AUDREY NUNA / REI AMI / KPop Demon Hunters Cast,,,"Golden HUNTR/X , EJAE , AUDREY NUNA , REI AMI & KPop Demon Hunters Cast"
2026-08-17,vn,Vietnam,top_videos_daily,,49,https://i.ytimg.com/vi/hzUG1erf3Yw/mqdefault.jpg,Xin Đừng Rời Xa Anh (Beat),Lê Gia Bảo,,,Xin Đừng Rời Xa Anh (Beat) Lê Gia Bảo
2026-08-17,vn,Vietnam,top_videos_daily,,50,https://i.ytimg.com/vi/r0uH9lOqPZI/mqdefault.jpg,Bên Ấy Em Có Ai Rồi,周凱峰,,,Bên Ấy Em Có Ai Rồi 周凱峰
2026-08-17,vn,Vietnam,top_videos_daily,,51,https://i.ytimg.com/vi/jiGPS1laaPI/mqdefault.jpg,ANH NÀY LÀ CỦA TUI,Pinky Vanh / Hoa vũ / HChun,,,"ANH NÀY LÀ CỦA TUI Pinky Vanh , Hoa vũ & HChun"
2026-08-17,vn,Vietnam,top_videos_daily,,52,https://i.ytimg.com/vi/CD_BFGQkIgY/mqdefault.jpg,SỰ ƯU TIÊN CỦA EM,Kiều Chi,,,SỰ ƯU TIÊN CỦA EM Kiều Chi
2026-08-17,vn,Vietnam,top_videos_daily,,53,https://i.ytimg.com/vi/zDrji1Uwnh8/mqdefault.jpg,Anh Đã Từ Bỏ Rồi Đấy (Solo Version),Nguyenn,,,Anh Đã Từ Bỏ Rồi Đấy (Solo Version) Nguyenn
2026-08-17,vn,Vietnam,top_videos_daily,,54,https://i.ytimg.com/vi/bnj1xUDkpBk/mqdefault.jpg,Giấc Mộng Ca Sĩ,Vanh Leg,,,Giấc Mộng Ca Sĩ Vanh Leg
2026-08-17,vn,Vietnam,top_videos_daily,,55,https://i.ytimg.com/vi/ZQsXySoECfo/mqdefault.jpg,IM ĐỢI NGƯỜI ANH THƯƠNG,Wren Evans / CAPTAIN BOY / IVAN / Thể Thiên,,,"IM ĐỢI NGƯỜI ANH THƯƠNG Wren Evans , CAPTAIN BOY , IVAN & Thể Thiên"
2026-08-17,vn,Vietnam,top_videos_daily,,56,https://i.ytimg.com/vi/CoSc0Qqd5L0/mqdefault.jpg,Nhức Tiềm Thức,YEAH1 MUSIC,,,Nhức Tiềm Thức YEAH1 MUSIC
2026-08-17,vn,Vietnam,top_videos_daily,,57,https://i.ytimg.com/vi/lK_KgArI2NA/mqdefault.jpg,LET ME GO,Da LAB / Vương Anh Tú / Hoàng Rob / Hoàng Dũng / Cheng,,,"LET ME GO Da LAB , Vương Anh Tú , Hoàng Rob , Hoàng Dũng & Cheng"
2026-08-17,vn,Vietnam,top_videos_daily,,58,https://i.ytimg.com/vi/ApXoWvfEYVU/mqdefault.jpg,Sunflower,Post Malone / Swae Lee,,,Sunflower Post Malone & Swae Lee
2026-08-17,vn,Vietnam,top_videos_daily,,59,https://i.ytimg.com/vi/k7YJHCR9JBE/mqdefault.jpg,50 Năm Về Sau,Đặng Thanh Tuyền,,,50 Năm Về Sau Đặng Thanh Tuyền
2026-08-17,vn,Vietnam,top_videos_daily,,60,https://i.ytimg.com/vi/anhQ3fC1_hY/mqdefault.jpg,Be My Friend (The Verity Band),Horror Skunx,,,Be My Friend (The Verity Band) Horror Skunx
2026-08-17,vn,Vietnam,top_videos_daily,,61,https://i.ytimg.com/vi/LuNXhTqD2uM/mqdefault.jpg,Nhạc Remix 5in1 - Mashup 50K Nhạc Lộn Xộn ♫ Bản Mashup Toàn Nhạc Hay | Nhạc Remix Cãi Lộn Siêu Cuốn,SS Remix,,,Nhạc Remix 5in1 - Mashup 50K Nhạc Lộn Xộn ♫ Bản Mashup Toàn Nhạc Hay | Nhạc Remix Cãi Lộn Siêu Cuốn SS Remix
2026-08-17,vn,Vietnam,top_videos_daily,,62,https://i.ytimg.com/vi/XLbOWqjmj4Q/mqdefault.jpg,Động Thăng Thiên,Vanh Leg,,,Động Thăng Thiên Vanh Leg
2026-08-17,vn,Vietnam,top_videos_daily,,63,https://i.ytimg.com/vi/vVhKA9Av6vA/mqdefault.jpg,bao tiền một mớ bình yên?,Bon Nghiêm / 14 Casper,,,bao tiền một mớ bình yên? Bon Nghiêm & 14 Casper
2026-08-17,vn,Vietnam,top_videos_daily,,64,https://i.ytimg.com/vi/tyM46ksZTI4/mqdefault.jpg,NỢ EM CẢ BẦU TRỜI,Da LAB / Hoàng Tôn / OSAD / Hồ Đông Quan / Hà An Huy,,,"NỢ EM CẢ BẦU TRỜI Da LAB , Hoàng Tôn , OSAD , Hồ Đông Quan & Hà An Huy"
2026-08-17,vn,Vietnam,top_videos_daily,,65,https://i.ytimg.com/vi/kj7FXhECpSw/mqdefault.jpg,NGƯỢC LỐI YÊU (LIVE STAGE) - VICKY NHUNG x CHU THÚY QUỲNH | LIVE AT PHÒNG TRÀ BẾN THÀNH,Vicky Nhung,,,NGƯỢC LỐI YÊU (LIVE STAGE) - VICKY NHUNG x CHU THÚY QUỲNH | LIVE AT PHÒNG TRÀ BẾN THÀNH Vicky Nhung
2026-08-17,vn,Vietnam,top_videos_daily,,66,https://i.ytimg.com/vi/6iW3bZuKO-k/mqdefault.jpg,Tìm Em,Hngle,"6月 29, 2026",59091,"66 6 Tìm Em Hngle 6月 29, 2026 72 38 59,091"
2026-08-17,vn,Vietnam,top_videos_daily,,67,https://i.ytimg.com/vi/L5qZI5dfiws/mqdefault.jpg,CHỊ ĐẠI GẪY CÁNH 2,Dao Nguyen Anh,,,CHỊ ĐẠI GẪY CÁNH 2 Dao Nguyen Anh
2026-08-17,vn,Vietnam,top_videos_daily,,68,https://i.ytimg.com/vi/GQ4F9k4USfA/mqdefault.jpg,Nước Mắt Em Lau Bằng Tình Yêu Mới,Da LAB / 發仙,,,Nước Mắt Em Lau Bằng Tình Yêu Mới Da LAB & 發仙
2026-08-17,vn,Vietnam,top_videos_daily,,69,https://i.ytimg.com/vi/Ztrj8UIDMQY/mqdefault.jpg,Bánh Mì Không,DatG Music / Du Uyên,,,Bánh Mì Không DatG Music & Du Uyên
2026-08-17,vn,Vietnam,top_videos_daily,,70,https://i.ytimg.com/vi/MzElFsoJgRQ/mqdefault.jpg,"Ánh Sáng Của Đời Tôi - THÁI VG, JUN PHẠM, HOÀNG ROB, HOÀNG DŨNG | Anh Trai Vượt Ngàn Chông Gai 2026",YEAH1 MUSIC,,2026,"Ánh Sáng Của Đời Tôi - THÁI VG, JUN PHẠM, HOÀNG ROB, HOÀNG DŨNG | Anh Trai Vượt Ngàn Chông Gai 2026 YEAH1 MUSIC"
2026-08-17,vn,Vietnam,top_videos_daily,,71,https://i.ytimg.com/vi/NPWJVZbrKm0/mqdefault.jpg,IU LÀ ĐÂY,西恩 / Muộii / Anfang,,,"IU LÀ ĐÂY 西恩 , Muộii & Anfang"
2026-08-17,vn,Vietnam,top_videos_daily,,72,https://i.ytimg.com/vi/TgTPTORabgY/mqdefault.jpg,Xuất Hiện Ca Sĩ Trẻ Hát Nhạc Xưa Xuất Sắc | Chuyện Tình Hoa Trắng - Thu Hường,Giọng Ca Để Đời,,,Xuất Hiện Ca Sĩ Trẻ Hát Nhạc Xưa Xuất Sắc | Chuyện Tình Hoa Trắng - Thu Hường Giọng Ca Để Đời
2026-08-17,vn,Vietnam,top_videos_daily,,73,https://i.ytimg.com/vi/redFrGBZoJY/mqdefault.jpg,Sinh Ra Đã Là Thứ Đối Lập Nhau,Da LAB,,,Sinh Ra Đã Là Thứ Đối Lập Nhau Da LAB
2026-08-17,vn,Vietnam,top_videos_daily,,74,https://i.ytimg.com/vi/nx_E2XPKd-k/mqdefault.jpg,"Trước Khi Em Tồn Tại -NEKO LÊ, HUỲNH LẬP, CHENG, THÁI LÊ MINH HIẾU|Anh Trai Vượt Ngàn Chông Gai 2026",YEAH1 MUSIC,,2026,"Trước Khi Em Tồn Tại -NEKO LÊ, HUỲNH LẬP, CHENG, THÁI LÊ MINH HIẾU|Anh Trai Vượt Ngàn Chông Gai 2026 YEAH1 MUSIC"
2026-08-17,vn,Vietnam,top_videos_daily,,75,https://i.ytimg.com/vi/rDpJfmBI9xQ/mqdefault.jpg,W/n - a b c d x y z n m a s a d (song 24) | 3107,W/n,,3107,W/n - a b c d x y z n m a s a d (song 24) | 3107 W/n
2026-08-17,vn,Vietnam,top_videos_daily,,76,https://i.ytimg.com/vi/mEN_lUe5ANM/mqdefault.jpg,Người Phu Kéo Mo Cau || Bolero Bất Hủ Vạn Người Nghe || Bảo Hân,Bảo Hân Bolero,,,Người Phu Kéo Mo Cau || Bolero Bất Hủ Vạn Người Nghe || Bảo Hân Bảo Hân Bolero
2026-08-17,vn,Vietnam,top_videos_daily,,77,https://i.ytimg.com/vi/yRxnnYIcX-0/mqdefault.jpg,Không Dám Nói Chia Tay - HÀ NHI x KHẮC VIỆT | Live Performance - 'WOMEN' EP,Hà Nhi,,,Không Dám Nói Chia Tay - HÀ NHI x KHẮC VIỆT | Live Performance - 'WOMEN' EP Hà Nhi
2026-08-17,vn,Vietnam,top_videos_daily,,78,https://i.ytimg.com/vi/XuYDKoUDldw/mqdefault.jpg,"SECRET [MV LYRICS] Cody Nam Võ, Quang Hùng MasterD, Wren Evans, CONGB | TINH HÀ SAY HI",Vie Channel - MUSIC,,,"SECRET [MV LYRICS] Cody Nam Võ, Quang Hùng MasterD, Wren Evans, CONGB | TINH HÀ SAY HI Vie Channel - MUSIC"
2026-08-17,vn,Vietnam,top_videos_daily,,79,https://i.ytimg.com/vi/68u69yATSD8/mqdefault.jpg,THỦY CHUNG (Remix),Thương Võ / ACV,,,THỦY CHUNG (Remix) Thương Võ & ACV
2026-08-17,vn,Vietnam,top_videos_daily,,80,https://i.ytimg.com/vi/L4dSipbZj8A/mqdefault.jpg,Mắt Môi Tay Chân - MCK (ft. Tage),MCK // Nger,,,Mắt Môi Tay Chân - MCK (ft. Tage) MCK // Nger
2026-08-17,vn,Vietnam,top_videos_daily,,81,https://i.ytimg.com/vi/-d3q5qYU7uY/mqdefault.jpg,CÔ ĐƠN ANH CŨNG VUI,Thể Thiên / WEAN / KIMLONG / Xuân Định K.Y / DILLAN,,,"CÔ ĐƠN ANH CŨNG VUI Thể Thiên , WEAN , KIMLONG , Xuân Định K.Y & DILLAN"
2026-08-17,vn,Vietnam,top_videos_daily,,82,https://i.ytimg.com/vi/fp_wLMZwkH8/mqdefault.jpg,Lá Ngọc Cành Vàng,Kiều Anh,,,Lá Ngọc Cành Vàng Kiều Anh
2026-08-17,vn,Vietnam,top_videos_daily,,83,https://i.ytimg.com/vi/gpTKc8S4ZAE/mqdefault.jpg,[Nhạc chế 16+] - NHỮNG CHỊ ĐẠI HỌC ĐƯỜNG - Hậu Hoàng ft Nhung Phương,Go By Ocean / Ryan McCaffrey,,,[Nhạc chế 16+] - NHỮNG CHỊ ĐẠI HỌC ĐƯỜNG - Hậu Hoàng ft Nhung Phương Go By Ocean / Ryan McCaffrey
2026-08-17,vn,Vietnam,top_videos_daily,,84,https://i.ytimg.com/vi/pMUgdBS6tCA/mqdefault.jpg,Ở Hai Đầu Nỗi Nhớ,Minh Vuong M4U / Le Thuy,,,Ở Hai Đầu Nỗi Nhớ Minh Vuong M4U & Le Thuy
2026-08-17,vn,Vietnam,top_videos_daily,,85,https://i.ytimg.com/vi/4x-achAXjRs/mqdefault.jpg,NHONG NHONG NHONG (Live),Anh Trai Vượt Ngàn Chông Gai / Thái Lê Minh Hiếu / Huỳnh Lập / Thai VG,,,"NHONG NHONG NHONG (Live) Anh Trai Vượt Ngàn Chông Gai , Thái Lê Minh Hiếu , Huỳnh Lập & Thai VG"
2026-08-17,vn,Vietnam,top_videos_daily,,86,https://i.ytimg.com/vi/B-LFDYZiHAo/mqdefault.jpg,Mashup 3in1 Xin Đừng Rời Xa Anh x Anh Đã Lừa Dối Em Rồi x Mình Là Người Yêu Cũ - Mashup Remix Tiktok,Ness Remix,,,Mashup 3in1 Xin Đừng Rời Xa Anh x Anh Đã Lừa Dối Em Rồi x Mình Là Người Yêu Cũ - Mashup Remix Tiktok Ness Remix
2026-08-17,vn,Vietnam,top_videos_daily,,87,https://i.ytimg.com/vi/Mbq8aqVH9pQ/mqdefault.jpg,SAU NÀY EM CƯỚI AI RỒI,Thái Học,,,SAU NÀY EM CƯỚI AI RỒI Thái Học
2026-08-17,vn,Vietnam,top_videos_daily,,88,https://i.ytimg.com/vi/SlQR9iu09bQ/mqdefault.jpg,Come My Way,山松 / Tyga,,,Come My Way 山松 & Tyga
2026-08-17,vn,Vietnam,top_videos_daily,,89,https://i.ytimg.com/vi/mp5njDAH97w/mqdefault.jpg,MOVE ON,YEAH1 MUSIC,,,MOVE ON YEAH1 MUSIC
2026-08-17,vn,Vietnam,top_videos_daily,,90,https://i.ytimg.com/vi/v2fuFPuDv1Y/mqdefault.jpg,Vùng Lá Me Bay Karaoke Tone Nữ ( F#m ) Nhạc Sống 2026 Hát Nhẹ Nhàng | Trọng Hiếu,Hiếu Organ,,2026,Vùng Lá Me Bay Karaoke Tone Nữ ( F#m ) Nhạc Sống 2026 Hát Nhẹ Nhàng | Trọng Hiếu Hiếu Organ
2026-08-17,vn,Vietnam,top_videos_daily,,91,https://i.ytimg.com/vi/K601I5gP0_I/mqdefault.jpg,Từ em mà ra,Lil Zpoet,,,Từ em mà ra Lil Zpoet
2026-08-17,vn,Vietnam,top_videos_daily,,92,https://i.ytimg.com/vi/O5iDDoD4ZGw/mqdefault.jpg,Đáng Ra Anh Không Nên,DatG Music / B Ray,,,Đáng Ra Anh Không Nên DatG Music & B Ray
2026-08-17,vn,Vietnam,top_videos_daily,,93,https://i.ytimg.com/vi/OA8s2Gr3KEE/mqdefault.jpg,Text 07,W/n,"7月 30, 2025",47915,"93 13 Text 07 W/n 7月 30, 2025 80 17 47,915"
2026-08-17,vn,Vietnam,top_videos_daily,,94,https://i.ytimg.com/vi/DfEJGoZM9c0/mqdefault.jpg,THÔI NÍN ĐI EM - THÀNH ĐẠT | OFFICIAL MV - Anh xin lỗi vì không thể gánh thay được nỗi đau....,THÀNH ĐẠT MUSIC,,,THÔI NÍN ĐI EM - THÀNH ĐẠT | OFFICIAL MV - Anh xin lỗi vì không thể gánh thay được nỗi đau.... THÀNH ĐẠT MUSIC
2026-08-17,vn,Vietnam,top_videos_daily,,95,https://i.ytimg.com/vi/hYYMF3VtOjE/mqdefault.jpg,Chạy Khỏi Thế Giới Này (Instrumental),Da LAB,,,Chạy Khỏi Thế Giới Này (Instrumental) Da LAB
2026-08-17,vn,Vietnam,top_videos_daily,,96,https://i.ytimg.com/vi/KO0CbNNvd14/mqdefault.jpg,Chờ Bao Lâu,Út Nhị Mino,,,Chờ Bao Lâu Út Nhị Mino
2026-08-17,vn,Vietnam,top_videos_daily,,97,https://i.ytimg.com/vi/MzCbEdtNbJ0/mqdefault.jpg,HARU HARU(하루하루),BIGBANG,,,HARU HARU(하루하루) BIGBANG
2026-08-17,vn,Vietnam,top_videos_daily,,98,https://i.ytimg.com/vi/A7oq-7pxzEA/mqdefault.jpg,Mãi Chẳng Thuộc Về Nhau,Bozitt,,,Mãi Chẳng Thuộc Về Nhau Bozitt
2026-08-17,vn,Vietnam,top_videos_daily,,99,https://i.ytimg.com/vi/4sthoR6eTB4/mqdefault.jpg,MẤT LA BÀN (Live),Pháp Kiều / Thể Thiên / VƯƠNG BÌNH / Hồng Hải Đăng / TorySax,,,"MẤT LA BÀN (Live) Pháp Kiều , Thể Thiên , VƯƠNG BÌNH , Hồng Hải Đăng & TorySax"
2026-08-17,vn,Vietnam,top_videos_daily,,100,https://i.ytimg.com/vi/Y5VoCfbB6As/mqdefault.jpg,Váy Cưới,Kai Đinh / ERIK,,,Váy Cưới Kai Đinh & ERIK
2026-08-17,th,Thailand,top_videos_daily,,1,https://i.ytimg.com/vi/23cipSExADA/mqdefault.jpg,เพราะพี่รักจริง,หนึ่ง บีเคแบนด์,,,เพราะพี่รักจริง หนึ่ง บีเคแบนด์
2026-08-17,th,Thailand,top_videos_daily,,2,https://i.ytimg.com/vi/C40oligg6xE/mqdefault.jpg,นาฬิกาทราย (sign),BOWKYLION,,,นาฬิกาทราย (sign) BOWKYLION
2026-08-17,th,Thailand,top_videos_daily,,3,https://i.ytimg.com/vi/TiJn3_IY9Kk/mqdefault.jpg,BOWKYLION x โจอี้ ภูวศิษฐ์ - นาฬิกาทราย (sign) [SPECIAL VERSION],Whattheduck,,,BOWKYLION x โจอี้ ภูวศิษฐ์ - นาฬิกาทราย (sign) [SPECIAL VERSION] Whattheduck
2026-08-17,th,Thailand,top_videos_daily,,4,https://i.ytimg.com/vi/E-xqEPPyciw/mqdefault.jpg,ทิ้งกันไม่ได้หรอก - แจ๊ส สปุ๊กนิค ปาปิยอง กุ๊กกุ๊ก [JSPKK] ft.เกมส์ สุจิตรา | Official MV,JSPKK,,,ทิ้งกันไม่ได้หรอก - แจ๊ส สปุ๊กนิค ปาปิยอง กุ๊กกุ๊ก [JSPKK] ft.เกมส์ สุจิตรา | Official MV JSPKK
2026-08-17,th,Thailand,top_videos_daily,,5,https://i.ytimg.com/vi/Hc4OrO4LRWw/mqdefault.jpg,กลัวว่าฉันจะไม่เสียใจ,PURPEECH,,,กลัวว่าฉันจะไม่เสียใจ PURPEECH
2026-08-17,th,Thailand,top_videos_daily,,6,https://i.ytimg.com/vi/5ySwsjh7SLQ/mqdefault.jpg,Keun Jai (3am call),Mirrr,,,Keun Jai (3am call) Mirrr
2026-08-17,th,Thailand,top_videos_daily,,7,https://i.ytimg.com/vi/HTjkVCSsKv8/mqdefault.jpg,เมื่อไหร่จะมี (มีใจให้กัน),BLVCKHEART,,,เมื่อไหร่จะมี (มีใจให้กัน) BLVCKHEART
2026-08-17,th,Thailand,top_videos_daily,,8,https://i.ytimg.com/vi/UZKZclgeRTg/mqdefault.jpg,พอได้เสียว - ดิด คิตตี้ | Official MV,ดิด คิตตี้,,,พอได้เสียว - ดิด คิตตี้ | Official MV ดิด คิตตี้
2026-08-17,th,Thailand,top_videos_daily,,9,https://i.ytimg.com/vi/zMciAtU4miE/mqdefault.jpg,บ่มีสิทธิ์ - ธีร์ ทีเร็กซ์ x หยุด สาละวัน : เซิ้ง|Music 【Official MV】,SERNG MUSiC OFFICIAL,,,บ่มีสิทธิ์ - ธีร์ ทีเร็กซ์ x หยุด สาละวัน : เซิ้ง|Music 【Official MV】 SERNG MUSiC OFFICIAL
2026-08-17,th,Thailand,top_videos_daily,,10,https://i.ytimg.com/vi/vxHVQtJj2uQ/mqdefault.jpg,สาธุ,ASIA7,"11月 25, 2025",345074,"10 ● สาธุ ASIA7 11月 25, 2025 10 112 345,074"
2026-08-17,th,Thailand,top_videos_daily,,11,https://i.ytimg.com/vi/70oRsDKJWiY/mqdefault.jpg,ฟ้าสีครามกับความเป็นจริง,BOVINI,,,ฟ้าสีครามกับความเป็นจริง BOVINI
2026-08-17,th,Thailand,top_videos_daily,,12,https://i.ytimg.com/vi/D8T1EpbICsc/mqdefault.jpg,จิ้งจก ตุ๊กแก อึ่งอ่าง,เพ้นท์ คอนเน่,,,จิ้งจก ตุ๊กแก อึ่งอ่าง เพ้นท์ คอนเน่
2026-08-17,th,Thailand,top_videos_daily,,13,https://i.ytimg.com/vi/Ndh4rP1F6g8/mqdefault.jpg,ความคิดถึงที่เต็มไปด้วยน้ำตา,โชเล่ย์ ชคัทพล,,,ความคิดถึงที่เต็มไปด้วยน้ำตา โชเล่ย์ ชคัทพล
2026-08-17,th,Thailand,top_videos_daily,,14,https://i.ytimg.com/vi/6qWq0KEvbYA/mqdefault.jpg,ถ้าเธอพร้อมที่จะรัก - หนึ่ง บีเคแบนด์ [OFFICIAL MV],หนึ่ง บีเคแบนด์,,,ถ้าเธอพร้อมที่จะรัก - หนึ่ง บีเคแบนด์ [OFFICIAL MV] หนึ่ง บีเคแบนด์
2026-08-17,th,Thailand,top_videos_daily,,15,https://i.ytimg.com/vi/j7GbNWS7XUQ/mqdefault.jpg,Rain Zone,Maiyarap,,,Rain Zone Maiyarap
2026-08-17,th,Thailand,top_videos_daily,,16,https://i.ytimg.com/vi/hBK29bbOLS4/mqdefault.jpg,แก้บน,ก้านตอง ทุ่งเงิน,,,แก้บน ก้านตอง ทุ่งเงิน
2026-08-17,th,Thailand,top_videos_daily,,17,https://i.ytimg.com/vi/_X4p4oPlGLU/mqdefault.jpg,ขี้แง (Boys Don't Cry),PROXIE,,,ขี้แง (Boys Don't Cry) PROXIE
2026-08-17,th,Thailand,top_videos_daily,,18,https://i.ytimg.com/vi/34wnf8276O4/mqdefault.jpg,ภวังค์จิต,ปราง ปรางทิพย์,,,ภวังค์จิต ปราง ปรางทิพย์
2026-08-17,th,Thailand,top_videos_daily,,19,https://i.ytimg.com/vi/JbpfEQXuXc4/mqdefault.jpg,เต้ยสั่งลา,ธีร์ ทีเร็กซ์ OFFICIAL,,,เต้ยสั่งลา ธีร์ ทีเร็กซ์ OFFICIAL
2026-08-17,th,Thailand,top_videos_daily,,20,https://i.ytimg.com/vi/0iXj7Zkb3Ik/mqdefault.jpg,แคนฮ้างนางฟ้า,กู่แคน,,,แคนฮ้างนางฟ้า กู่แคน
2026-08-17,th,Thailand,top_videos_daily,,21,https://i.ytimg.com/vi/_4Pns0KNxzk/mqdefault.jpg,หม้อหุงข้าว,โจอี้ ภูวศิษฐ์,,,หม้อหุงข้าว โจอี้ ภูวศิษฐ์
2026-08-17,th,Thailand,top_videos_daily,,22,https://i.ytimg.com/vi/yTxEWswuPPg/mqdefault.jpg,ไม่มีใครรู้ตัวเรา,UNHEARD MUSIC,,,ไม่มีใครรู้ตัวเรา UNHEARD MUSIC
2026-08-17,th,Thailand,top_videos_daily,,23,https://i.ytimg.com/vi/ApXoWvfEYVU/mqdefault.jpg,Sunflower,Post Malone / Swae Lee,,,Sunflower Post Malone & Swae Lee
2026-08-17,th,Thailand,top_videos_daily,,24,https://i.ytimg.com/vi/1OMZrYHIim8/mqdefault.jpg,รักให้เธอได้รู้ (Proof.),PUN,,,รักให้เธอได้รู้ (Proof.) PUN
2026-08-17,th,Thailand,top_videos_daily,,25,https://i.ytimg.com/vi/-YByeE5aVc0/mqdefault.jpg,ได้แค่เดินมาส่ง (The Last Walk),Gavin D,,,ได้แค่เดินมาส่ง (The Last Walk) Gavin D
2026-08-17,th,Thailand,top_videos_daily,,26,https://i.ytimg.com/vi/HZQyJHpo-ag/mqdefault.jpg,Lhob Mai Dai Chuay Hai Luem,普提蓬·阿薩拉塔納功 / Ink Waruntorn,,,Lhob Mai Dai Chuay Hai Luem 普提蓬·阿薩拉塔納功 & Ink Waruntorn
2026-08-17,th,Thailand,top_videos_daily,,27,https://i.ytimg.com/vi/I_xP8FhO2Zo/mqdefault.jpg,คิดถึงเรื้อรัง,manutsawee,,,คิดถึงเรื้อรัง manutsawee
2026-08-17,th,Thailand,top_videos_daily,,28,https://i.ytimg.com/vi/ypuzo5V2gQI/mqdefault.jpg,ลูกสบายดี,Kong Huayrai / ฐา ขนิษ,,,ลูกสบายดี Kong Huayrai & ฐา ขนิษ
2026-08-17,th,Thailand,top_videos_daily,,29,https://i.ytimg.com/vi/P8SgCNmM7Z8/mqdefault.jpg,เด็กมูกล่อ,พ็อก บิ๊กอายส์ / บอล วงกลม,,,เด็กมูกล่อ พ็อก บิ๊กอายส์ & บอล วงกลม
2026-08-17,th,Thailand,top_videos_daily,,30,https://i.ytimg.com/vi/Ng_4m5A-3XQ/mqdefault.jpg,เมื่อถูกค้นพบ (Finally She Found.),FREEHAND,,,เมื่อถูกค้นพบ (Finally She Found.) FREEHAND
2026-08-17,th,Thailand,top_videos_daily,,31,https://i.ytimg.com/vi/WE3in6xs1iw/mqdefault.jpg,อ่วยคืน,ธีร์ ทีเร็กซ์ OFFICIAL,,,อ่วยคืน ธีร์ ทีเร็กซ์ OFFICIAL
2026-08-17,th,Thailand,top_videos_daily,,32,https://i.ytimg.com/vi/7ob-uFHQkuU/mqdefault.jpg,ก่อนโลกทั้งใบมันพัง,Mr'พระจันทร์,,,ก่อนโลกทั้งใบมันพัง Mr'พระจันทร์
2026-08-17,th,Thailand,top_videos_daily,,33,https://i.ytimg.com/vi/Gy-MZjiFv2M/mqdefault.jpg,ดอกกระเจียวบาน,Kong Huayrai,,,ดอกกระเจียวบาน Kong Huayrai
2026-08-17,th,Thailand,top_videos_daily,,34,https://i.ytimg.com/vi/G2JFOEFmnnI/mqdefault.jpg,คืนจันทร์,Loso,"11月 6, 2014",171401,"34 9 คืนจันทร์ Loso 11月 6, 2014 43 93 171,401"
2026-08-17,th,Thailand,top_videos_daily,,35,https://i.ytimg.com/vi/QaPxz1I2nto/mqdefault.jpg,หลุมอากาศ,Palmy,"6月 17, 2026",171225,"35 3 หลุมอากาศ Palmy 6月 17, 2026 32 60 171,225"
2026-08-17,th,Thailand,top_videos_daily,,36,https://i.ytimg.com/vi/H2AbuWvYDXk/mqdefault.jpg,สิลืมเขาแล้วล่ะ,Nek Narurpol,,,สิลืมเขาแล้วล่ะ Nek Narurpol
2026-08-17,th,Thailand,top_videos_daily,,37,https://i.ytimg.com/vi/HKBifVrELZI/mqdefault.jpg,ไม่คิดนอกใจ,Loso,,,ไม่คิดนอกใจ Loso
2026-08-17,th,Thailand,top_videos_daily,,38,https://i.ytimg.com/vi/PJ1D_jdZiso/mqdefault.jpg,คนถูกของ,เมนทอล,"3月 12, 2026",170176,"38 ● คนถูกของ เมนทอล 3月 12, 2026 38 112 170,176"
2026-08-17,th,Thailand,top_videos_daily,,39,https://i.ytimg.com/vi/xhqHSRwKw3Q/mqdefault.jpg,เหลือใจให้ฉันบ้างไหม,MUNMUSIC,,,เหลือใจให้ฉันบ้างไหม MUNMUSIC
2026-08-17,th,Thailand,top_videos_daily,,40,https://i.ytimg.com/vi/IWCCEwIFtuo/mqdefault.jpg,บุญผลาบ่ฮอด,อ้ายแมน ภิสิทธิ์พงษ์,,,บุญผลาบ่ฮอด อ้ายแมน ภิสิทธิ์พงษ์
2026-08-17,th,Thailand,top_videos_daily,,41,https://i.ytimg.com/vi/99jJP3DgdBQ/mqdefault.jpg,ขอแค่นี้ (Forever n ever),PUN,,,ขอแค่นี้ (Forever n ever) PUN
2026-08-17,th,Thailand,top_videos_daily,,42,https://i.ytimg.com/vi/JeHnrF61J80/mqdefault.jpg,ถอนคำสาบาน,อะตอม ตาปีมิวสิคกรุ๊ป,,,ถอนคำสาบาน อะตอม ตาปีมิวสิคกรุ๊ป
2026-08-17,th,Thailand,top_videos_daily,,43,https://i.ytimg.com/vi/O90WsctfY4Y/mqdefault.jpg,Sunset in Pattaya,YOUNGOHM,,,Sunset in Pattaya YOUNGOHM
2026-08-17,th,Thailand,top_videos_daily,,44,https://i.ytimg.com/vi/5_yI8UQaHnU/mqdefault.jpg,ผมมีหัวใจจริงๆ (For The Girl...),T!NE,,,ผมมีหัวใจจริงๆ (For The Girl...) T!NE
2026-08-17,th,Thailand,top_videos_daily,,45,https://i.ytimg.com/vi/OW9faXovWto/mqdefault.jpg,สาหัส,Loso,"7月 22, 2016",148314,"45 8 สาหัส Loso 7月 22, 2016 53 52 148,314"
2026-08-17,th,Thailand,top_videos_daily,,46,https://i.ytimg.com/vi/grrF03UISJ0/mqdefault.jpg,ขอให้เธอมีสุข,หนึ่ง บีเคแบนด์,,,ขอให้เธอมีสุข หนึ่ง บีเคแบนด์
2026-08-17,th,Thailand,top_videos_daily,,47,https://i.ytimg.com/vi/98LzldwNu4I/mqdefault.jpg,สิทธิ์ของเจ้า,埋代•話摘星,,,สิทธิ์ของเจ้า 埋代•話摘星
2026-08-17,th,Thailand,top_videos_daily,,48,https://i.ytimg.com/vi/FbrH6dDPERI/mqdefault.jpg,ดาวตก,WANYAi,"10月 1, 2025",139210,"48 2 ดาวตก WANYAi 10月 1, 2025 46 109 139,210"
2026-08-17,th,Thailand,top_videos_daily,,49,https://i.ytimg.com/vi/w6M2ZwjFgAg/mqdefault.jpg,ปริญญาไก่ตี,เม้ก อภิสิทธิ์,,,ปริญญาไก่ตี เม้ก อภิสิทธิ์
2026-08-17,th,Thailand,top_videos_daily,,50,https://i.ytimg.com/vi/j1qw79H4eHU/mqdefault.jpg,สายไป,9tokyo,"5月 24, 2025",138162,"50 2 สายไป 9tokyo 5月 24, 2025 52 29 138,162"
2026-08-17,th,Thailand,top_videos_daily,,51,https://i.ytimg.com/vi/HBOz7XiKl-s/mqdefault.jpg,รักรออยู่ไม่ไกล (wind),PURPEECH,,,รักรออยู่ไม่ไกล (wind) PURPEECH
2026-08-17,th,Thailand,top_videos_daily,,52,https://i.ytimg.com/vi/TzlkpPS16X4/mqdefault.jpg,ถ้าเธอมองที่หัวใจ,หนึ่ง บีเคแบนด์,,,ถ้าเธอมองที่หัวใจ หนึ่ง บีเคแบนด์
2026-08-17,th,Thailand,top_videos_daily,,53,https://i.ytimg.com/vi/Q-Wn9NgiLrI/mqdefault.jpg,ตามใจ (Live Session),fellow fellow,,,ตามใจ (Live Session) fellow fellow
2026-08-17,th,Thailand,top_videos_daily,,54,https://i.ytimg.com/vi/Y9nSm9WaEdc/mqdefault.jpg,สองรัก,Zeal,"2月 11, 2015",127022,"54 54 สองรัก Zeal 2月 11, 2015 - 2 127,022"
2026-08-17,th,Thailand,top_videos_daily,,55,https://i.ytimg.com/vi/AZ_t9iAJRDw/mqdefault.jpg,ดึงดัน,COCKTAIL / Tuk Siriporn,,,ดึงดัน COCKTAIL & Tuk Siriporn
2026-08-17,th,Thailand,top_videos_daily,,56,https://i.ytimg.com/vi/AyfZesBO4Vk/mqdefault.jpg,ไม่มีวันไหนที่ไม่คิดถึง (starlost.),PURPEECH,,,ไม่มีวันไหนที่ไม่คิดถึง (starlost.) PURPEECH
2026-08-17,th,Thailand,top_videos_daily,,57,https://i.ytimg.com/vi/Q9MsKajCU3M/mqdefault.jpg,อมพระมาพูด,賽桑・蘇品麥,,,อมพระมาพูด 賽桑・蘇品麥
2026-08-17,th,Thailand,top_videos_daily,,58,https://i.ytimg.com/vi/zECdjYo5nH8/mqdefault.jpg,ถ้าอ้ายบ่ฮัก,ก้านตอง ทุ่งเงิน,,,ถ้าอ้ายบ่ฮัก ก้านตอง ทุ่งเงิน
2026-08-17,th,Thailand,top_videos_daily,,59,https://i.ytimg.com/vi/Mrax5_z07Y0/mqdefault.jpg,ดาวหางฮัลเลย์,fellow fellow,,,ดาวหางฮัลเลย์ fellow fellow
2026-08-17,th,Thailand,top_videos_daily,,60,https://i.ytimg.com/vi/YSnzYqtlDYQ/mqdefault.jpg,เขาดีหลายอ้ายยอมเลว,เคย์ ต้นน้ำชี,,,เขาดีหลายอ้ายยอมเลว เคย์ ต้นน้ำชี
2026-08-17,th,Thailand,top_videos_daily,,61,https://i.ytimg.com/vi/-q_S27LbNKU/mqdefault.jpg,BAD,ATEEZ,"6月 25, 2026",114383,"61 2 BAD ATEEZ 6月 25, 2026 59 43 114,383"
2026-08-17,th,Thailand,top_videos_daily,,62,https://i.ytimg.com/vi/NziqtvQ4aV4/mqdefault.jpg,เมืองหลวงใจร้าย,นิว พงศกร,,,เมืองหลวงใจร้าย นิว พงศกร
2026-08-17,th,Thailand,top_videos_daily,,63,https://i.ytimg.com/vi/TntfD-GpPd4/mqdefault.jpg,เพลงที่เธอไม่ฟัง,Bedroom Audio,,,เพลงที่เธอไม่ฟัง Bedroom Audio
2026-08-17,th,Thailand,top_videos_daily,,64,https://i.ytimg.com/vi/jlD2k41BGVk/mqdefault.jpg,รู้กันแค่นี้ (mint),BOWKYLION,,,รู้กันแค่นี้ (mint) BOWKYLION
2026-08-17,th,Thailand,top_videos_daily,,65,https://i.ytimg.com/vi/vjCO0DDGFio/mqdefault.jpg,รักไม่ไหวแล้วโว้ย - โจอี้ ภูวศิษฐ์ (JOEY PHUWASIT)「Official MV」,JOEY PHUWASIT,,,รักไม่ไหวแล้วโว้ย - โจอี้ ภูวศิษฐ์ (JOEY PHUWASIT)「Official MV」 JOEY PHUWASIT
2026-08-17,th,Thailand,top_videos_daily,,66,https://i.ytimg.com/vi/Xn_LEDFMdX8/mqdefault.jpg,Baddie,IRONBOY,"6月 18, 2026",108759,"66 9 Baddie IRONBOY 6月 18, 2026 75 58 108,759"
2026-08-17,th,Thailand,top_videos_daily,,67,https://i.ytimg.com/vi/Q5SEFSLTYMc/mqdefault.jpg,จำบ่เป็น,ธีร์ ทีเร็กซ์ OFFICIAL,,,จำบ่เป็น ธีร์ ทีเร็กซ์ OFFICIAL
2026-08-17,th,Thailand,top_videos_daily,,68,https://i.ytimg.com/vi/PLJ0C7w4ka8/mqdefault.jpg,ความคิดถึงที่เต็มไปด้วยน้ำตา,โชเล่ย์ ชคัทพล / NOT'TOY,,,ความคิดถึงที่เต็มไปด้วยน้ำตา โชเล่ย์ ชคัทพล & NOT'TOY
2026-08-17,th,Thailand,top_videos_daily,,69,https://i.ytimg.com/vi/19A-4ktRX_Q/mqdefault.jpg,ซามสิพ้อ,Vieng Naruemon / 蒙肯·根坤,,,ซามสิพ้อ Vieng Naruemon & 蒙肯·根坤
2026-08-17,th,Thailand,top_videos_daily,,70,https://i.ytimg.com/vi/EXhrAhqmYf4/mqdefault.jpg,ดวงเดือน,โจอี้ ภูวศิษฐ์,,,ดวงเดือน โจอี้ ภูวศิษฐ์
2026-08-17,th,Thailand,top_videos_daily,,71,https://i.ytimg.com/vi/6JbqGuX3yOo/mqdefault.jpg,ไม่ได้ลืมแค่ไม่ได้เจอ (Live),guncharlie / PURPEECH,,,ไม่ได้ลืมแค่ไม่ได้เจอ (Live) guncharlie & PURPEECH
2026-08-17,th,Thailand,top_videos_daily,,72,https://i.ytimg.com/vi/KqCIa0GuzUM/mqdefault.jpg,pee kong mai chop pom rok Feat.VARINZ,PONchet,,,pee kong mai chop pom rok Feat.VARINZ PONchet
2026-08-17,th,Thailand,top_videos_daily,,73,https://i.ytimg.com/vi/QRECXclc_Qs/mqdefault.jpg,หายใจแล้วไปต่อ,Labanoon / NUM KALA,,,หายใจแล้วไปต่อ Labanoon & NUM KALA
2026-08-17,th,Thailand,top_videos_daily,,74,https://i.ytimg.com/vi/JhwD08bjfus/mqdefault.jpg,เอิ้นเธอว่าความฮัก,แอ้ม ชลธิชา,,,เอิ้นเธอว่าความฮัก แอ้ม ชลธิชา
2026-08-17,th,Thailand,top_videos_daily,,75,https://i.ytimg.com/vi/nNvPtGewa_k/mqdefault.jpg,ความรักทำให้คนตาบอด,Bodyslam,,,ความรักทำให้คนตาบอด Bodyslam
2026-08-17,th,Thailand,top_videos_daily,,76,https://i.ytimg.com/vi/Wk2BPFVzvlQ/mqdefault.jpg,ขี้หึง,Silly Fools,,,ขี้หึง Silly Fools
2026-08-17,th,Thailand,top_videos_daily,,77,https://i.ytimg.com/vi/-YOiOhpTb3A/mqdefault.jpg,STORY,P6ICK,"4月 6, 2026",95030,"77 3 STORY P6ICK 4月 6, 2026 80 112 95,030"
2026-08-17,th,Thailand,top_videos_daily,,78,https://i.ytimg.com/vi/zivpBXVprMI/mqdefault.jpg,กำแพงหัวใจ,Mirrr,,,กำแพงหัวใจ Mirrr
2026-08-17,th,Thailand,top_videos_daily,,79,https://i.ytimg.com/vi/82-jTNka3uc/mqdefault.jpg,hate that i made you love me,Ariana Grande,,,hate that i made you love me Ariana Grande
2026-08-17,th,Thailand,top_videos_daily,,80,https://i.ytimg.com/vi/a1wW0AjQCI8/mqdefault.jpg,นะหน้าทอง,โจอี้ ภูวศิษฐ์,,,นะหน้าทอง โจอี้ ภูวศิษฐ์
2026-08-17,th,Thailand,top_videos_daily,,81,https://i.ytimg.com/vi/-NSwe-XikGI/mqdefault.jpg,คืนสิทธิ์,บุ๊ค ศุภกาญจน์,,,คืนสิทธิ์ บุ๊ค ศุภกาญจน์
2026-08-17,th,Thailand,top_videos_daily,,82,https://i.ytimg.com/vi/DiNyIYOHvUE/mqdefault.jpg,คนขี่หลังควาย (Remix),Djpaoremix / ILLSLICK,,,คนขี่หลังควาย (Remix) Djpaoremix & ILLSLICK
2026-08-17,th,Thailand,top_videos_daily,,83,https://i.ytimg.com/vi/9Ic6PWwTU8g/mqdefault.jpg,ให้นานกว่าที่เคย (Collab Version),派·蓬沙吞 / KLEAR,,,ให้นานกว่าที่เคย (Collab Version) 派·蓬沙吞 & KLEAR
2026-08-17,th,Thailand,top_videos_daily,,84,https://i.ytimg.com/vi/hEKdS01S-LE/mqdefault.jpg,Ruk Tur Hua Tihm Bau,HANGMAN,,,Ruk Tur Hua Tihm Bau HANGMAN
2026-08-17,th,Thailand,top_videos_daily,,85,https://i.ytimg.com/vi/gOnOMTyi89w/mqdefault.jpg,คนคนนึง,The White Hair Cut,,,คนคนนึง The White Hair Cut
2026-08-17,th,Thailand,top_videos_daily,,86,https://i.ytimg.com/vi/tDF_7PgHc70/mqdefault.jpg,ที่ที่ปลอดภัย,Yes'sir days,,,ที่ที่ปลอดภัย Yes'sir days
2026-08-17,th,Thailand,top_videos_daily,,87,https://i.ytimg.com/vi/7TVdbOakiRo/mqdefault.jpg,คนที่ถูกรัก,Bodyslam,,,คนที่ถูกรัก Bodyslam
2026-08-17,th,Thailand,top_videos_daily,,88,https://i.ytimg.com/vi/ulsXRXwk3Iw/mqdefault.jpg,ขอตายในอ้อมกอดเธอ,賽桑・蘇品麥,,,ขอตายในอ้อมกอดเธอ 賽桑・蘇品麥
2026-08-17,th,Thailand,top_videos_daily,,89,https://i.ytimg.com/vi/x1yYLrWJwkk/mqdefault.jpg,เมื่อถูกค้นพบ (Finally She Found.),FREEHAND,,,เมื่อถูกค้นพบ (Finally She Found.) FREEHAND
2026-08-17,th,Thailand,top_videos_daily,,90,https://i.ytimg.com/vi/wQUeQAWaZbE/mqdefault.jpg,สาริกาลิ้นทอง (Smooth-talker),โจอี้ ภูวศิษฐ์ / Paper Planes,,,สาริกาลิ้นทอง (Smooth-talker) โจอี้ ภูวศิษฐ์ & Paper Planes
2026-08-17,th,Thailand,top_videos_daily,,91,https://i.ytimg.com/vi/Jaui34_KH5Y/mqdefault.jpg,ก่อนนอนคืนนี้,YOUNGOHM,,,ก่อนนอนคืนนี้ YOUNGOHM
2026-08-17,th,Thailand,top_videos_daily,,92,https://i.ytimg.com/vi/UsnIyScLe-s/mqdefault.jpg,ช่างมัน,COCKTAIL,,,ช่างมัน COCKTAIL
2026-08-17,th,Thailand,top_videos_daily,,93,https://i.ytimg.com/vi/wcvuL6-lGhI/mqdefault.jpg,PORZAX - เธอทีละสองฉันทีละคน,PORZAX,,,PORZAX - เธอทีละสองฉันทีละคน PORZAX
2026-08-17,th,Thailand,top_videos_daily,,94,https://i.ytimg.com/vi/RXZ5X_LGX9Q/mqdefault.jpg,ใจสั่งมา,Loso,"11月 13, 2014",81573,"94 94 ใจสั่งมา Loso 11月 13, 2014 - 38 81,573"
2026-08-17,th,Thailand,top_videos_daily,,95,https://i.ytimg.com/vi/7gAj3OVGoP8/mqdefault.jpg,NuNew - คาตา (KATA) Feat. BOWKYLION | Official MV,NuNew,,,NuNew - คาตา (KATA) Feat. BOWKYLION | Official MV NuNew
2026-08-17,th,Thailand,top_videos_daily,,96,https://i.ytimg.com/vi/ih3Ftx3rboQ/mqdefault.jpg,ชาวนากับงูเห่า,Fly,,,ชาวนากับงูเห่า Fly
2026-08-17,th,Thailand,top_videos_daily,,97,https://i.ytimg.com/vi/MD2xgAvyhpo/mqdefault.jpg,พี่ชอบหนูที่สุดเลย,PONchet,,,พี่ชอบหนูที่สุดเลย PONchet
2026-08-17,th,Thailand,top_videos_daily,,98,https://i.ytimg.com/vi/QFpsBK0F0js/mqdefault.jpg,สมดุลรัก (Balance),SEA.,,,สมดุลรัก (Balance) SEA.
2026-08-17,th,Thailand,top_videos_daily,,99,https://i.ytimg.com/vi/uJD39pM8evk/mqdefault.jpg,คืนเธอ - บิ๊กสุรินทร์ | OFFICIAL MV,บิ๊กสุรินทร์,,,คืนเธอ - บิ๊กสุรินทร์ | OFFICIAL MV บิ๊กสุรินทร์
2026-08-17,th,Thailand,top_videos_daily,,100,https://i.ytimg.com/vi/BcOlMcpvYRI/mqdefault.jpg,เหงา คิดถึง รอ,賽桑・蘇品麥,,,เหงา คิดถึง รอ 賽桑・蘇品麥
2026-08-17,id,Indonesia,top_videos_daily,,1,https://i.ytimg.com/vi/RO75uUZiAw0/mqdefault.jpg,Teh Hijau,圖魯斯,"6月 29, 2026",1079879,"1 ● Teh Hijau 圖魯斯 6月 29, 2026 1 43 1,079,879"
2026-08-17,id,Indonesia,top_videos_daily,,2,https://i.ytimg.com/vi/Nskf70DMR60/mqdefault.jpg,Sesi Potret,eńau,,,Sesi Potret eńau
2026-08-17,id,Indonesia,top_videos_daily,,3,https://i.ytimg.com/vi/K-7olbaOelg/mqdefault.jpg,MMG (My Mine Gueh),Naykilla,,,MMG (My Mine Gueh) Naykilla
2026-08-17,id,Indonesia,top_videos_daily,,4,https://i.ytimg.com/vi/awWKxGftWh4/mqdefault.jpg,Dunia Yang Nanti,Raim Laode,,,Dunia Yang Nanti Raim Laode
2026-08-17,id,Indonesia,top_videos_daily,,5,https://i.ytimg.com/vi/F0d8JJUNkqo/mqdefault.jpg,Tabola Bale,SILET OPEN UP / Jacson Zeran / Juan Reza / Diva Aurel,,,"Tabola Bale SILET OPEN UP , Jacson Zeran , Juan Reza & Diva Aurel"
2026-08-17,id,Indonesia,top_videos_daily,,6,https://i.ytimg.com/vi/38_bAaFI41w/mqdefault.jpg,Don't Force Your Longing,Ifan Seventeen,,,Don't Force Your Longing Ifan Seventeen
2026-08-17,id,Indonesia,top_videos_daily,,7,https://i.ytimg.com/vi/0SbnqsQInqE/mqdefault.jpg,MUTIARA,Ipank / Kintani,,,MUTIARA Ipank & Kintani
2026-08-17,id,Indonesia,top_videos_daily,,8,https://i.ytimg.com/vi/M7oZR-MTEZs/mqdefault.jpg,Iqro',Raim Laode,,,Iqro' Raim Laode
2026-08-17,id,Indonesia,top_videos_daily,,9,https://i.ytimg.com/vi/2uJut6USftQ/mqdefault.jpg,Jatuh Suka,圖魯斯,"3月 2, 2022",403967,"9 1 Jatuh Suka 圖魯斯 3月 2, 2022 10 243 403,967"
2026-08-17,id,Indonesia,top_videos_daily,,10,https://i.ytimg.com/vi/mJE0ROBWPvY/mqdefault.jpg,Lesung Pipi,Raim Laode,,,Lesung Pipi Raim Laode
2026-08-17,id,Indonesia,top_videos_daily,,11,https://i.ytimg.com/vi/0VOhIR3bnXY/mqdefault.jpg,ORANG BARU LEBE GACOR,Ecko Show / Juan Reza / CHESYLINO,,,"ORANG BARU LEBE GACOR Ecko Show , Juan Reza & CHESYLINO"
2026-08-17,id,Indonesia,top_videos_daily,,12,https://i.ytimg.com/vi/WZYUSaHlGlk/mqdefault.jpg,NEGORO ANGIN,Denny Caknan,,,NEGORO ANGIN Denny Caknan
2026-08-17,id,Indonesia,top_videos_daily,,13,https://i.ytimg.com/vi/qQDaxjLReck/mqdefault.jpg,Ini Abadi,Perunggu,,,Ini Abadi Perunggu
2026-08-17,id,Indonesia,top_videos_daily,,14,https://i.ytimg.com/vi/OT5msu-dap8/mqdefault.jpg,Shape Of My Heart,Backstreet Boys,,,Shape Of My Heart Backstreet Boys
2026-08-17,id,Indonesia,top_videos_daily,,15,https://i.ytimg.com/vi/OQNu-iB2tE8/mqdefault.jpg,Titik Nadir,Kahitna / Monita Tahalea,,,Titik Nadir Kahitna & Monita Tahalea
2026-08-17,id,Indonesia,top_videos_daily,,16,https://i.ytimg.com/vi/BbGoLyZJojo/mqdefault.jpg,Lost Boys (Acoustic),菲比·柏裡傑斯,,,Lost Boys (Acoustic) 菲比·柏里傑斯
2026-08-17,id,Indonesia,top_videos_daily,,17,https://i.ytimg.com/vi/chl0R8C4NJ8/mqdefault.jpg,Hearts2Hearts 하츠투하츠 'ICONIC HEART' MV,Hearts2Hearts,,,Hearts2Hearts 하츠투하츠 'ICONIC HEART' MV Hearts2Hearts
2026-08-17,id,Indonesia,top_videos_daily,,18,https://i.ytimg.com/vi/_e9xhF69kFs/mqdefault.jpg,Negoro Angin,Silvy Kumalasari,,,Negoro Angin Silvy Kumalasari
2026-08-17,id,Indonesia,top_videos_daily,,19,https://i.ytimg.com/vi/yIPX-FNJ9qk/mqdefault.jpg,Sedia Aku Sebelum Hujan,Idgitaf,,,Sedia Aku Sebelum Hujan Idgitaf
2026-08-17,id,Indonesia,top_videos_daily,,20,https://i.ytimg.com/vi/tAbHxboRGoU/mqdefault.jpg,AMBON MANISE,Toton Caribo,,,AMBON MANISE Toton Caribo
2026-08-17,id,Indonesia,top_videos_daily,,21,https://i.ytimg.com/vi/ba-XAIskH_g/mqdefault.jpg,Lantas,Juicy Luicy,,,Lantas Juicy Luicy
2026-08-17,id,Indonesia,top_videos_daily,,22,https://i.ytimg.com/vi/jmvX6XyvCy0/mqdefault.jpg,Bersenja Gurau,Raim Laode,,,Bersenja Gurau Raim Laode
2026-08-17,id,Indonesia,top_videos_daily,,23,https://i.ytimg.com/vi/V6cQ4LyvOgg/mqdefault.jpg,1000X,Ghea Indrawari,,1000,1000X Ghea Indrawari
2026-08-17,id,Indonesia,top_videos_daily,,24,https://i.ytimg.com/vi/cmICctnAWCY/mqdefault.jpg,kota ini tak sama tanpamu,Nadhif Basalamah,,,kota ini tak sama tanpamu Nadhif Basalamah
2026-08-17,id,Indonesia,top_videos_daily,,25,https://i.ytimg.com/vi/OErndIcI8gE/mqdefault.jpg,Alamak,Rizky Febian / Adrian Khalif,,,Alamak Rizky Febian & Adrian Khalif
2026-08-17,id,Indonesia,top_videos_daily,,26,https://i.ytimg.com/vi/1WeCPL58Ijg/mqdefault.jpg,ANGEL 2 (Live),Ajeng Febria,,,ANGEL 2 (Live) Ajeng Febria
2026-08-17,id,Indonesia,top_videos_daily,,27,https://i.ytimg.com/vi/grp6FCnioMM/mqdefault.jpg,kota ini tak sama tanpamu,Nadhif Basalamah,,,kota ini tak sama tanpamu Nadhif Basalamah
2026-08-17,id,Indonesia,top_videos_daily,,28,https://i.ytimg.com/vi/NOiQfCVjAsQ/mqdefault.jpg,MUTIARA (Live),Laila Ayu / Irwan D'Academy / SIMPATIK MUSIC,,,"MUTIARA (Live) Laila Ayu , Irwan D'Academy & SIMPATIK MUSIC"
2026-08-17,id,Indonesia,top_videos_daily,,29,https://i.ytimg.com/vi/wPb_miODtDI/mqdefault.jpg,Astaga Bercanda,Akbar Chalay / Mingse,,,Astaga Bercanda Akbar Chalay & Mingse
2026-08-17,id,Indonesia,top_videos_daily,,30,https://i.ytimg.com/vi/k0ubS6BhHu4/mqdefault.jpg,Garam & Madu,Tenxi / Jemsii / Naykilla,,,"Garam & Madu Tenxi , Jemsii & Naykilla"
2026-08-17,id,Indonesia,top_videos_daily,,31,https://i.ytimg.com/vi/4VVvXjmRk6g/mqdefault.jpg,BODY PATA PATA,Faris Adam,,,BODY PATA PATA Faris Adam
2026-08-17,id,Indonesia,top_videos_daily,,32,https://i.ytimg.com/vi/IqaQjRGt8i0/mqdefault.jpg,Yeni Inka ft. Yesa Oktavia - LAUT KIDUL (Official Music Yi Production),Yeni Inka,,,Yeni Inka ft. Yesa Oktavia - LAUT KIDUL (Official Music Yi Production) Yeni Inka
2026-08-17,id,Indonesia,top_videos_daily,,33,https://i.ytimg.com/vi/o0tVo09Rjyw/mqdefault.jpg,Salah Apa,Ipank,"2月 8, 2026",184184,"33 4 Salah Apa Ipank 2月 8, 2026 29 71 184,184"
2026-08-17,id,Indonesia,top_videos_daily,,34,https://i.ytimg.com/vi/lCIX4hd_geU/mqdefault.jpg,LAUT KIDUL (Live),Denny Caknan,,,LAUT KIDUL (Live) Denny Caknan
2026-08-17,id,Indonesia,top_videos_daily,,35,https://i.ytimg.com/vi/HgRsmSyy_Fw/mqdefault.jpg,PEARL,Difarina Indra / Fendik Adella,,,PEARL Difarina Indra & Fendik Adella
2026-08-17,id,Indonesia,top_videos_daily,,36,https://i.ytimg.com/vi/cQLbKBu9vlY/mqdefault.jpg,Bukan Ku Tak Sudi,Iklim,,,Bukan Ku Tak Sudi Iklim
2026-08-17,id,Indonesia,top_videos_daily,,37,https://i.ytimg.com/vi/cUnYmncAvP4/mqdefault.jpg,33x,Perunggu,"3月 10, 2022",179072,"37 7 33x Perunggu 3月 10, 2022 30 296 179,072"
2026-08-17,id,Indonesia,top_videos_daily,,38,https://i.ytimg.com/vi/XY9JR07il_U/mqdefault.jpg,Keong Racun,Ajeng Febria,,,Keong Racun Ajeng Febria
2026-08-17,id,Indonesia,top_videos_daily,,39,https://i.ytimg.com/vi/fLdVq8n-KQg/mqdefault.jpg,Astaga Bercanda,Akbar Chalay / Mingse,,,Astaga Bercanda Akbar Chalay & Mingse
2026-08-17,id,Indonesia,top_videos_daily,,40,https://i.ytimg.com/vi/EngPsM8VnzM/mqdefault.jpg,Kicau Mania,Ndarboy Genk / Banditoz Yaow 86 / BoyCord,,,"Kicau Mania Ndarboy Genk , Banditoz Yaow 86 & BoyCord"
2026-08-17,id,Indonesia,top_videos_daily,,41,https://i.ytimg.com/vi/ThGYCL1zERU/mqdefault.jpg,Raci Kuah,Fresly Nikijuluw,,,Raci Kuah Fresly Nikijuluw
2026-08-17,id,Indonesia,top_videos_daily,,42,https://i.ytimg.com/vi/NRGDT2UUlsk/mqdefault.jpg,Jatuh Suka,圖魯斯,"9月 28, 2025",167307,"42 5 Jatuh Suka 圖魯斯 9月 28, 2025 37 56 167,307"
2026-08-17,id,Indonesia,top_videos_daily,,43,https://i.ytimg.com/vi/zyLmavBAY7k/mqdefault.jpg,Teh Hijau,圖魯斯,"7月 10, 2026",166739,"43 5 Teh Hijau 圖魯斯 7月 10, 2026 38 33 166,739"
2026-08-17,id,Indonesia,top_videos_daily,,44,https://i.ytimg.com/vi/A5E1oEWjEHs/mqdefault.jpg,Raiso Ngapusi 2,Royal Music / Shinta Arsinta,,,Raiso Ngapusi 2 Royal Music & Shinta Arsinta
2026-08-17,id,Indonesia,top_videos_daily,,45,https://i.ytimg.com/vi/m_2GEsOIzmc/mqdefault.jpg,Bounce & Pa Bkb,Vian DTM,,,Bounce & Pa Bkb Vian DTM
2026-08-17,id,Indonesia,top_videos_daily,,46,https://i.ytimg.com/vi/eIrS1_47Eng/mqdefault.jpg,honk!,no na,"7月 30, 2026",157837,"46 6 honk! no na 7月 30, 2026 40 16 157,837"
2026-08-17,id,Indonesia,top_videos_daily,,47,https://i.ytimg.com/vi/fLexgOxsZu0/mqdefault.jpg,The Lazy Song,Bruno Mars,,,The Lazy Song Bruno Mars
2026-08-17,id,Indonesia,top_videos_daily,,48,https://i.ytimg.com/vi/uGxaFiHD7PI/mqdefault.jpg,Menari-nari,Raim Laode,,,Menari-nari Raim Laode
2026-08-17,id,Indonesia,top_videos_daily,,49,https://i.ytimg.com/vi/x6E_Qj30EZI/mqdefault.jpg,Aishiteru,Zivilia,,,Aishiteru Zivilia
2026-08-17,id,Indonesia,top_videos_daily,,50,https://i.ytimg.com/vi/An0vA4ZLqkk/mqdefault.jpg,Hearts2Hearts 하츠투하츠 'ICONIC HEART' Dance Practice,Hearts2Hearts,,,Hearts2Hearts 하츠투하츠 'ICONIC HEART' Dance Practice Hearts2Hearts
2026-08-17,id,Indonesia,top_videos_daily,,51,https://i.ytimg.com/vi/MW9BbTJrMig/mqdefault.jpg,Sia Sia Mengharap Cintamu,Els Warouw,,,Sia Sia Mengharap Cintamu Els Warouw
2026-08-17,id,Indonesia,top_videos_daily,,52,https://i.ytimg.com/vi/__Pb1fO2H2A/mqdefault.jpg,Kita Lewati Berdua,overnight,,,Kita Lewati Berdua overnight
2026-08-17,id,Indonesia,top_videos_daily,,53,https://i.ytimg.com/vi/R5PyKEgKYUE/mqdefault.jpg,Jambu Alas,Della Monica,,,Jambu Alas Della Monica
2026-08-17,id,Indonesia,top_videos_daily,,54,https://i.ytimg.com/vi/qdERFU_HPx4/mqdefault.jpg,Tak Di Tanganku,Juicy Luicy / Mawar De Jongh,,,Tak Di Tanganku Juicy Luicy & Mawar De Jongh
2026-08-17,id,Indonesia,top_videos_daily,,55,https://i.ytimg.com/vi/pRfmrE0ToTo/mqdefault.jpg,Rewrite the Stars,詹姆士·亞瑟 / 安-瑪莉,,,Rewrite the Stars 詹姆士·亞瑟 & 安-瑪莉
2026-08-17,id,Indonesia,top_videos_daily,,56,https://i.ytimg.com/vi/O2CFycaEc8A/mqdefault.jpg,Jomblo,Bandung Music / Riyanti Darlia,,,Jomblo Bandung Music & Riyanti Darlia
2026-08-17,id,Indonesia,top_videos_daily,,57,https://i.ytimg.com/vi/1VqxWNwgf5Q/mqdefault.jpg,Lemon Tang,Hearts2Hearts,,,Lemon Tang Hearts2Hearts
2026-08-17,id,Indonesia,top_videos_daily,,58,https://i.ytimg.com/vi/QmgyWAWwV4E/mqdefault.jpg,Perceraian Lara,Ipank,,,Perceraian Lara Ipank
2026-08-17,id,Indonesia,top_videos_daily,,59,https://i.ytimg.com/vi/P44FdpFcdF4/mqdefault.jpg,PANAS PELA - Fresly Nikijuluw feat. Vicky Salamor (Official Music Video),Fresly Nikijuluw,,,PANAS PELA - Fresly Nikijuluw feat. Vicky Salamor (Official Music Video) Fresly Nikijuluw
2026-08-17,id,Indonesia,top_videos_daily,,60,https://i.ytimg.com/vi/DfFxkW53f2Q/mqdefault.jpg,Laksana Surgaku,Dudy Oris,,,Laksana Surgaku Dudy Oris
2026-08-17,id,Indonesia,top_videos_daily,,61,https://i.ytimg.com/vi/fcnDmrtj6Sk/mqdefault.jpg,Dai Dai,Shakira / Burna Boy,,,Dai Dai Shakira & Burna Boy
2026-08-17,id,Indonesia,top_videos_daily,,62,https://i.ytimg.com/vi/uf721kddxuM/mqdefault.jpg,2001x,Adrian Khalif,,2001,2001x Adrian Khalif
2026-08-17,id,Indonesia,top_videos_daily,,63,https://i.ytimg.com/vi/Il-an3K9pjg/mqdefault.jpg,Anne,Marie,"5月 8, 2018",135963,"63 3 2002 Anne-Marie 5月 8, 2018 60 50 135,963"
2026-08-17,id,Indonesia,top_videos_daily,,64,https://i.ytimg.com/vi/QGZ1tR-xMLo/mqdefault.jpg,Titik Nadir,Kahitna / Monita Tahalea,,,Titik Nadir Kahitna & Monita Tahalea
2026-08-17,id,Indonesia,top_videos_daily,,65,https://i.ytimg.com/vi/qa-HkDhWh1U/mqdefault.jpg,Edan Turun,Wafiq Azizah,,,Edan Turun Wafiq Azizah
2026-08-17,id,Indonesia,top_videos_daily,,66,https://i.ytimg.com/vi/Rc_PqhGh580/mqdefault.jpg,Tutur Batin,Yura Yunita,,,Tutur Batin Yura Yunita
2026-08-17,id,Indonesia,top_videos_daily,,67,https://i.ytimg.com/vi/PqTRMsd8uRQ/mqdefault.jpg,Aku Harus Pergi,Ari Lesmana / Whisnu Santika,,,Aku Harus Pergi Ari Lesmana & Whisnu Santika
2026-08-17,id,Indonesia,top_videos_daily,,68,https://i.ytimg.com/vi/lY2yjAdbvdQ/mqdefault.jpg,Treat You Better,Shawn Mendes,,,Treat You Better Shawn Mendes
2026-08-17,id,Indonesia,top_videos_daily,,69,https://i.ytimg.com/vi/6-_8gXbJPDw/mqdefault.jpg,HATI YANG LUKA,Dilla Novera,,,HATI YANG LUKA Dilla Novera
2026-08-17,id,Indonesia,top_videos_daily,,70,https://i.ytimg.com/vi/WhEUZrB2Osc/mqdefault.jpg,Berapa Kali Kita Akan Saling Memaafkan,Pamungkas,,,Berapa Kali Kita Akan Saling Memaafkan Pamungkas
2026-08-17,id,Indonesia,top_videos_daily,,71,https://i.ytimg.com/vi/nYLaeQ0_TjY/mqdefault.jpg,Mencari Alasan,Exists,,,Mencari Alasan Exists
2026-08-17,id,Indonesia,top_videos_daily,,72,https://i.ytimg.com/vi/UCDI0rblZQs/mqdefault.jpg,rollerblade,no na,,,rollerblade no na
2026-08-17,id,Indonesia,top_videos_daily,,73,https://i.ytimg.com/vi/_-MIFofXRNU/mqdefault.jpg,Apa Kabar Sayang,Armada,,,Apa Kabar Sayang Armada
2026-08-17,id,Indonesia,top_videos_daily,,74,https://i.ytimg.com/vi/-0KcQ5qhiX8/mqdefault.jpg,Wasap Mamen,Andi Mbendol / DJiamputh,,,Wasap Mamen Andi Mbendol & DJiamputh
2026-08-17,id,Indonesia,top_videos_daily,,75,https://i.ytimg.com/vi/FcejdBgc_58/mqdefault.jpg,Terpukau (Video Clip),Astrid,,,Terpukau (Video Clip) Astrid
2026-08-17,id,Indonesia,top_videos_daily,,76,https://i.ytimg.com/vi/5aXjNhFdSwQ/mqdefault.jpg,NEGORO ANGIN,Niken Salindry,,,NEGORO ANGIN Niken Salindry
2026-08-17,id,Indonesia,top_videos_daily,,77,https://i.ytimg.com/vi/WSarhDbHA38/mqdefault.jpg,Relaku Mengalah,Rheka Restu,,,Relaku Mengalah Rheka Restu
2026-08-17,id,Indonesia,top_videos_daily,,78,https://i.ytimg.com/vi/0PmHpgFhy8E/mqdefault.jpg,Kenangan Manis,Pamungkas,,,Kenangan Manis Pamungkas
2026-08-17,id,Indonesia,top_videos_daily,,79,https://i.ytimg.com/vi/vf3zFvcKQkw/mqdefault.jpg,Heaven,Bryan Adams,,,Heaven Bryan Adams
2026-08-17,id,Indonesia,top_videos_daily,,80,https://i.ytimg.com/vi/Bt_NcCkodfs/mqdefault.jpg,Negoro Angin,Ajeng Febria / Denny Caknan,,,Negoro Angin Ajeng Febria & Denny Caknan
2026-08-17,id,Indonesia,top_videos_daily,,81,https://i.ytimg.com/vi/cX7-4o24sX8/mqdefault.jpg,Laut Kidul,Silvy Kumalasari,,,Laut Kidul Silvy Kumalasari
2026-08-17,id,Indonesia,top_videos_daily,,82,https://i.ytimg.com/vi/anhQ3fC1_hY/mqdefault.jpg,Be My Friend (The Verity Band),Horror Skunx,,,Be My Friend (The Verity Band) Horror Skunx
2026-08-17,id,Indonesia,top_videos_daily,,83,https://i.ytimg.com/vi/3eT464L1YRA/mqdefault.jpg,Heaven,Bryan Adams,,,Heaven Bryan Adams
2026-08-17,id,Indonesia,top_videos_daily,,84,https://i.ytimg.com/vi/1gRZjdf02bo/mqdefault.jpg,Tanpo Hubungan,La Tasya,,,Tanpo Hubungan La Tasya
2026-08-17,id,Indonesia,top_videos_daily,,85,https://i.ytimg.com/vi/RHagNmM32ps/mqdefault.jpg,Hanya Insan Biasa,Arief / Yollanda,,,Hanya Insan Biasa Arief & Yollanda
2026-08-17,id,Indonesia,top_videos_daily,,86,https://i.ytimg.com/vi/PT2_F-1esPk/mqdefault.jpg,Closer,The Chainsmokers,,,Closer The Chainsmokers
2026-08-17,id,Indonesia,top_videos_daily,,87,https://i.ytimg.com/vi/ci1f7rciUgg/mqdefault.jpg,Astaga Bercanda,Akbar Chalay / Mingse,,,Astaga Bercanda Akbar Chalay & Mingse
2026-08-17,id,Indonesia,top_videos_daily,,88,https://i.ytimg.com/vi/knt2NuBzsSA/mqdefault.jpg,Lumpur Dan Berlian,Ipank,,,Lumpur Dan Berlian Ipank
2026-08-17,id,Indonesia,top_videos_daily,,89,https://i.ytimg.com/vi/8F2s8ivKXNY/mqdefault.jpg,Life Goes On,Oliver Tree,,,Life Goes On Oliver Tree
2026-08-17,id,Indonesia,top_videos_daily,,90,https://i.ytimg.com/vi/ApXoWvfEYVU/mqdefault.jpg,Sunflower,Post Malone / Swae Lee,,,Sunflower Post Malone & Swae Lee
2026-08-17,id,Indonesia,top_videos_daily,,91,https://i.ytimg.com/vi/vJDa6DMfx4c/mqdefault.jpg,Percuma,Vendetta rap,,,Percuma Vendetta rap
2026-08-17,id,Indonesia,top_videos_daily,,92,https://i.ytimg.com/vi/Soa3XwY-x08/mqdefault.jpg,SO ASU,Naykilla,"5月 12, 2026",99714,"92 1 SO ASU Naykilla 5月 12, 2026 91 26 99,714"
2026-08-17,id,Indonesia,top_videos_daily,,93,https://i.ytimg.com/vi/Wg92RrNhB8s/mqdefault.jpg,One Last Time,雅瑞安娜·格蘭德,,,One Last Time 雅瑞安娜·格蘭德
2026-08-17,id,Indonesia,top_videos_daily,,94,https://i.ytimg.com/vi/QCE3_GuF5qA/mqdefault.jpg,Denok,Silvy Kumalasari,,,Denok Silvy Kumalasari
2026-08-17,id,Indonesia,top_videos_daily,,95,https://i.ytimg.com/vi/N7LpNIDCyCA/mqdefault.jpg,mejikuhibiniu,Tenxi / Suisei / Jemsii,,,"mejikuhibiniu Tenxi , Suisei & Jemsii"
2026-08-17,id,Indonesia,top_videos_daily,,96,https://i.ytimg.com/vi/R-DKGaY1xqo/mqdefault.jpg,ASSALAMUALAIKA Versi Tiga Bahasa,Wangi Inema,,,ASSALAMUALAIKA Versi Tiga Bahasa Wangi Inema
2026-08-17,id,Indonesia,top_videos_daily,,97,https://i.ytimg.com/vi/yxa21u33lXQ/mqdefault.jpg,Lembaran baru,黛西·藍娜莎莉,,,Lembaran baru 黛西·藍娜莎莉
2026-08-17,id,Indonesia,top_videos_daily,,98,https://i.ytimg.com/vi/C2AFd1PLsF8/mqdefault.jpg,"Berdansalah, Karir Ini Tak Ada Artinya",Hindia,,,"Berdansalah, Karir Ini Tak Ada Artinya Hindia"
2026-08-17,id,Indonesia,top_videos_daily,,99,https://i.ytimg.com/vi/W0-uo0CnIJA/mqdefault.jpg,Emang Dasar,Ajeng Febria,,,Emang Dasar Ajeng Febria
2026-08-17,id,Indonesia,top_videos_daily,,100,https://i.ytimg.com/vi/Bgt9g1q-xj0/mqdefault.jpg,Cinta Sejati,Bunga Citra Lestari,,,Cinta Sejati Bunga Citra Lestari
2026-08-17,in,India,top_videos_daily,,1,https://i.ytimg.com/vi/46kMhdOoeHM/mqdefault.jpg,Aye Mere Watan Ke Logon,C·蘭德拉 / Pradeep Irinjalakkuda / 拉塔・曼蓋施卡 / 坦尼許・巴格奇,,,"Aye Mere Watan Ke Logon C·蘭德拉 , Pradeep Irinjalakkuda , 拉塔・曼蓋施卡 & 坦尼許・巴格奇"
2026-08-17,in,India,top_videos_daily,,2,https://i.ytimg.com/vi/l71aOtTJ1gE/mqdefault.jpg,Tiranga,B Praak,"5月 14, 2024",5329873,"2 1 Tiranga B Praak 5月 14, 2024 3 24 5,329,873"
2026-08-17,in,India,top_videos_daily,,3,https://i.ytimg.com/vi/icTm9MvrBRY/mqdefault.jpg,Jalwa Jalwa,Sukhwinder Singh / Udit Narayan,,,Jalwa Jalwa Sukhwinder Singh & Udit Narayan
2026-08-17,in,India,top_videos_daily,,4,https://i.ytimg.com/vi/drlfr5Rtb1o/mqdefault.jpg,Des Rangila,Mahalakshmi Iyer,,,Des Rangila Mahalakshmi Iyer
2026-08-17,in,India,top_videos_daily,,5,https://i.ytimg.com/vi/wDheWYmNEhQ/mqdefault.jpg,Aisa Des Hai Mera,拉塔・曼蓋施卡 / Udit Narayan / 古爾達斯·馬 / Preetha Mazumdar,,,"Aisa Des Hai Mera 拉塔・曼蓋施卡 , Udit Narayan , 古爾達斯·馬 & Preetha Mazumdar"
2026-08-17,in,India,top_videos_daily,,6,https://i.ytimg.com/vi/MzegNf-M20w/mqdefault.jpg,मेरा रंग दे बसंती चोला,Udit Narayan / Bhupendra Singh,,,मेरा रंग दे बसंती चोला Udit Narayan & Bhupendra Singh
2026-08-17,in,India,top_videos_daily,,7,https://i.ytimg.com/vi/rja5OuQGpAg/mqdefault.jpg,Aye Watan Tere Liye,Kavita Krishnamurthy / 穆罕默德·阿齊茲,,,Aye Watan Tere Liye Kavita Krishnamurthy & 穆罕默德·阿齊茲
2026-08-17,in,India,top_videos_daily,,8,https://i.ytimg.com/vi/xvT1jH8B9AM/mqdefault.jpg,KALYANI (Remix),ARJN / KDS / FIFTY4 / 舒蕾亞·戈沙爾,,,"KALYANI (Remix) ARJN , KDS , FIFTY4 & 舒蕾亞·戈沙爾"
2026-08-17,in,India,top_videos_daily,,9,https://i.ytimg.com/vi/yOHnlNuZhgI/mqdefault.jpg,Maa Tujhhe Salaam (Maa Tujhhe Salaam / Soundtrack Version),Shankar Mahadevan,,,Maa Tujhhe Salaam (Maa Tujhhe Salaam / Soundtrack Version) Shankar Mahadevan
2026-08-17,in,India,top_videos_daily,,10,https://i.ytimg.com/vi/dO5Q0Zut8Jc/mqdefault.jpg,Kargil Vijay Diwas Special - Aye Watan Aye Watan | Jalwa Jalwa | Hindustan Ki Kasam | Hindi Song,Gaane Filmi,,,Kargil Vijay Diwas Special - Aye Watan Aye Watan | Jalwa Jalwa | Hindustan Ki Kasam | Hindi Song Gaane Filmi
2026-08-17,in,India,top_videos_daily,,11,https://i.ytimg.com/vi/L1yeukkQTOg/mqdefault.jpg,Phir Bhi Dil Hai Hindustani,Jatin-Lalit / Udit Narayan,,,Phir Bhi Dil Hai Hindustani Jatin-Lalit & Udit Narayan
2026-08-17,in,India,top_videos_daily,,12,https://i.ytimg.com/vi/YyepU5ztLf4/mqdefault.jpg,Shararat,Madhubanti Bagchi / 雅斯文·桑德拉斯 / 沙赫瓦特·薩赫迪夫,,,"Shararat Madhubanti Bagchi , 雅斯文·桑德拉斯 & 沙赫瓦特·薩赫迪夫"
2026-08-17,in,India,top_videos_daily,,13,https://i.ytimg.com/vi/Y6WV7v4zuNM/mqdefault.jpg,Maa Tujhe Salaam,A. R. Rahman,,,Maa Tujhe Salaam A. R. Rahman
2026-08-17,in,India,top_videos_daily,,14,https://i.ytimg.com/vi/tQh6SKXktzM/mqdefault.jpg,Tiranga Meri Jaan,Anu Dubey,,,Tiranga Meri Jaan Anu Dubey
2026-08-17,in,India,top_videos_daily,,15,https://i.ytimg.com/vi/A_RV2H2F9jw/mqdefault.jpg,Basinga Balaalu,Srinidhi Nerella / Kalyan Keys / Swamy Naresh,,,"Basinga Balaalu Srinidhi Nerella , Kalyan Keys & Swamy Naresh"
2026-08-17,in,India,top_videos_daily,,16,https://i.ytimg.com/vi/u9BdaJTWeiw/mqdefault.jpg,Barbaadi,Shilpi Raj,,,Barbaadi Shilpi Raj
2026-08-17,in,India,top_videos_daily,,17,https://i.ytimg.com/vi/CdM7bsa4m6E/mqdefault.jpg,Aye Watan Tere Liye,穆罕默德·阿齊茲 / Kavita Krishnamurthy,,,Aye Watan Tere Liye 穆罕默德·阿齊茲 & Kavita Krishnamurthy
2026-08-17,in,India,top_videos_daily,,18,https://i.ytimg.com/vi/6rvUyBiBtik/mqdefault.jpg,Tera Mera Rishta,Sayeed Quadri / Mustafa Zahid / Pritam,,,"Tera Mera Rishta Sayeed Quadri , Mustafa Zahid & Pritam"
2026-08-17,in,India,top_videos_daily,,19,https://i.ytimg.com/vi/dJyFI49dsnQ/mqdefault.jpg,MERA RANG DE BASANTI CHOLA,布品德爾·辛格 / DEV KOHLI / Udit Narayan / Veer Rajinder,,,"MERA RANG DE BASANTI CHOLA 布品德爾·辛格 , DEV KOHLI , Udit Narayan & Veer Rajinder"
2026-08-17,in,India,top_videos_daily,,20,https://i.ytimg.com/vi/4kGIIRUIRbQ/mqdefault.jpg,Aisa Des Hai Mera,古爾達斯·馬 / 拉塔・曼蓋施卡 / Preetha Mazumdar / Udit Narayan,,,"Aisa Des Hai Mera 古爾達斯·馬 , 拉塔・曼蓋施卡 , Preetha Mazumdar & Udit Narayan"
2026-08-17,in,India,top_videos_daily,,21,https://i.ytimg.com/vi/F2m4HPLvj-4/mqdefault.jpg,Jaiye Sajana,雅斯文·桑德拉斯 / 施廷德·薩爾塔 / 沙赫瓦特·薩赫迪夫,,,"Jaiye Sajana 雅斯文·桑德拉斯 , 施廷德·薩爾塔 & 沙赫瓦特·薩赫迪夫"
2026-08-17,in,India,top_videos_daily,,22,https://i.ytimg.com/vi/o0EitauhL_g/mqdefault.jpg,AYE WATAN,DEV KOHLI / Veer Rajinder,,,AYE WATAN DEV KOHLI & Veer Rajinder
2026-08-17,in,India,top_videos_daily,,23,https://i.ytimg.com/vi/zvLvXhXfdVM/mqdefault.jpg,Vande Mataram (The Fighter Anthem),Vishal Dadlani / 謝卡爾·拉維加尼 / Vaibhav Gupta / Subhadeep Das Chowdhury / Dipan Mitra / utkArsh / Piyush Panwar / Obom Tangu,,,"Vande Mataram (The Fighter Anthem) Vishal Dadlani , 謝卡爾·拉維加尼 , Vaibhav Gupta , Subhadeep Das Chowdhury , Dipan Mitra , utkArsh , Piyush Panwar & Obom Tangu"
2026-08-17,in,India,top_videos_daily,,24,https://i.ytimg.com/vi/I0-IiiVgvyU/mqdefault.jpg,Desh Mere,Arijit Singh,,,Desh Mere Arijit Singh
2026-08-17,in,India,top_videos_daily,,25,https://i.ytimg.com/vi/ebZj_nrmH-c/mqdefault.jpg,Barsaat,Banjaare / Roni,,,Barsaat Banjaare & Roni
2026-08-17,in,India,top_videos_daily,,26,https://i.ytimg.com/vi/oafxkMv4xnc/mqdefault.jpg,Bairan,Banjaare,"2月 13, 2026",1466519,"26 16 Bairan Banjaare 2月 13, 2026 10 164 1,466,519"
2026-08-17,in,India,top_videos_daily,,27,https://i.ytimg.com/vi/1UpdWz7TfV4/mqdefault.jpg,I Love My India | Lyrical Video | Republic Day Song | Pardes | 26 January Song | Desh Bhakti Song,Hot Hits Hindi,,,I Love My India | Lyrical Video | Republic Day Song | Pardes | 26 January Song | Desh Bhakti Song Hot Hits Hindi
2026-08-17,in,India,top_videos_daily,,28,https://i.ytimg.com/vi/ZvXN0TcZLfQ/mqdefault.jpg,Fortuner,Raj Mawar / Ruchika Jangid,,,Fortuner Raj Mawar & Ruchika Jangid
2026-08-17,in,India,top_videos_daily,,29,https://i.ytimg.com/vi/aRNfSqsgrgE/mqdefault.jpg,Sheesha,Mitta Ror / Swara Verma,,,Sheesha Mitta Ror & Swara Verma
2026-08-17,in,India,top_videos_daily,,30,https://i.ytimg.com/vi/2zUg7UOyRMw/mqdefault.jpg,Desh Mere,Arijit Singh,,,Desh Mere Arijit Singh
2026-08-17,in,India,top_videos_daily,,31,https://i.ytimg.com/vi/9dV6Hl2u3vM/mqdefault.jpg,Neno Butterfly,Sublahshini / G.V. Prakash Kumar,,,Neno Butterfly Sublahshini & G.V. Prakash Kumar
2026-08-17,in,India,top_videos_daily,,32,https://i.ytimg.com/vi/b68HETiNO98/mqdefault.jpg,Pavazha Malli,Sai Abhyankkar / Shruti Haasan,,,Pavazha Malli Sai Abhyankkar & Shruti Haasan
2026-08-17,in,India,top_videos_daily,,33,https://i.ytimg.com/vi/8RpFEpASt9k/mqdefault.jpg,"मेरा मुल्क मेरा देशHD- दिलजले -अजय देवगन, सोनाली बेंद्रे -कुमार सानु, आदित्य नारायण - Patriotic Song",庫馬・山奴 / Aditya Narayan,,,"मेरा मुल्क मेरा देशHD- दिलजले -अजय देवगन, सोनाली बेंद्रे -कुमार सानु, आदित्य नारायण - Patriotic Song 庫馬・山奴 & Aditya Narayan"
2026-08-17,in,India,top_videos_daily,,34,https://i.ytimg.com/vi/YczkDMTaek4/mqdefault.jpg,Sandeshe Aate Hai (Lyrical) | Border|Sunny Deol|Sunil Shetty|Akshaye Khanna Bollywood Patriotic Song,Ishtar Music,,,Sandeshe Aate Hai (Lyrical) | Border|Sunny Deol|Sunil Shetty|Akshaye Khanna Bollywood Patriotic Song Ishtar Music
2026-08-17,in,India,top_videos_daily,,35,https://i.ytimg.com/vi/Wvr8sX5-T_8/mqdefault.jpg,Ae Mere Watan Ke Logon with Lyrics | Lata Mangeshkar | Live in Concert | Lata Mangeshkar Songs,Saregama Music,,,Ae Mere Watan Ke Logon with Lyrics | Lata Mangeshkar | Live in Concert | Lata Mangeshkar Songs Saregama Music
2026-08-17,in,India,top_videos_daily,,36,https://i.ytimg.com/vi/VHQ0w-9ITBI/mqdefault.jpg,I Love My India,Hariharan / 香卡·馬哈德溫 / Kavita Krishnamurthy / Aditya Narayan,,,"I Love My India Hariharan , 香卡·馬哈德溫 , Kavita Krishnamurthy & Aditya Narayan"
2026-08-17,in,India,top_videos_daily,,37,https://i.ytimg.com/vi/bP8ATWCvqzw/mqdefault.jpg,Arz Kiya Hai,Anuv Jain,,,Arz Kiya Hai Anuv Jain
2026-08-17,in,India,top_videos_daily,,38,https://i.ytimg.com/vi/5GCfYLguTIs/mqdefault.jpg,Boyfriend,Karan Aujla,,,Boyfriend Karan Aujla
2026-08-17,in,India,top_videos_daily,,39,https://i.ytimg.com/vi/cL0KKSPjZf8/mqdefault.jpg,Boom Shaka,KR$NA / Dhanda Nyoliwala,,,Boom Shaka KR$NA & Dhanda Nyoliwala
2026-08-17,in,India,top_videos_daily,,40,https://i.ytimg.com/vi/XPbEGPbkrEw/mqdefault.jpg,KHUSH RAHO,DEV KOHLI / Veer Rajinder,,,KHUSH RAHO DEV KOHLI & Veer Rajinder
2026-08-17,in,India,top_videos_daily,,41,https://i.ytimg.com/vi/tionpZAVPd4/mqdefault.jpg,Teri Mitti,馬諾伊·蒙塔舍 / B Praak / 雅高・普拉沃・穆克吉,,,"Teri Mitti 馬諾伊·蒙塔舍 , B Praak & 雅高・普拉沃・穆克吉"
2026-08-17,in,India,top_videos_daily,,42,https://i.ytimg.com/vi/SpcgDgfqBCo/mqdefault.jpg,Jalwa Jalwa,Sukhwinder Singh / Udit Narayan,,,Jalwa Jalwa Sukhwinder Singh & Udit Narayan
2026-08-17,in,India,top_videos_daily,,43,https://i.ytimg.com/vi/iAtoZar5W58/mqdefault.jpg,Aaya Sher,Jangi Reddy / Arjun Chandy / 安尼魯德・瑞維奇德 / Kasarla Shyam,,,"Aaya Sher Jangi Reddy , Arjun Chandy , 安尼魯德・瑞維奇德 & Kasarla Shyam"
2026-08-17,in,India,top_videos_daily,,44,https://i.ytimg.com/vi/ZcO4s0UU4Uk/mqdefault.jpg,Kamar DJ Pe,Manish Sonipat Aala / Bali Sharma / Vampire,,,"Kamar DJ Pe Manish Sonipat Aala , Bali Sharma & Vampire"
2026-08-17,in,India,top_videos_daily,,45,https://i.ytimg.com/vi/hm3-qJs0dO4/mqdefault.jpg,"Dil Diya Hai Jaan Bhi Denge, Aye Watan Tere Liye | Karma | Mohd. Aziz, Kavita K | Patriotic Song",Bollywood Sadabahar,,,"Dil Diya Hai Jaan Bhi Denge, Aye Watan Tere Liye | Karma | Mohd. Aziz, Kavita K | Patriotic Song Bollywood Sadabahar"
2026-08-17,in,India,top_videos_daily,,46,https://i.ytimg.com/vi/GX9x62kFsVU/mqdefault.jpg,Gehra Hua,Arijit Singh / Armaan Khan / 沙赫瓦特·薩赫迪夫 / Irshad Kamil,,,"Gehra Hua Arijit Singh , Armaan Khan , 沙赫瓦特·薩赫迪夫 & Irshad Kamil"
2026-08-17,in,India,top_videos_daily,,47,https://i.ytimg.com/vi/YQqJCk_BjNU/mqdefault.jpg,Mitti Ke Bete (Live),蘇努・尼甘 / 米通 / 馬諾伊·蒙塔舍,,,"Mitti Ke Bete (Live) 蘇努・尼甘 , 米通 & 馬諾伊·蒙塔舍"
2026-08-17,in,India,top_videos_daily,,48,https://i.ytimg.com/vi/GVizJ_jpUnw/mqdefault.jpg,Gehra Hua,Arijit Singh / Armaan Khan / 沙赫瓦特·薩赫迪夫 / Irshad Kamil,,,"Gehra Hua Arijit Singh , Armaan Khan , 沙赫瓦特·薩赫迪夫 & Irshad Kamil"
2026-08-17,in,India,top_videos_daily,,49,https://i.ytimg.com/vi/jDn2bn7_YSM/mqdefault.jpg,A.R. Rahman | Maa Tujhe Salaam | Official Video | Mehboob | Bharat Bala,A. R. Rahman,,,A.R. Rahman | Maa Tujhe Salaam | Official Video | Mehboob | Bharat Bala A. R. Rahman
2026-08-17,in,India,top_videos_daily,,50,https://i.ytimg.com/vi/6gww6op7sa0/mqdefault.jpg,राष्ट्रीय गीत | वन्दे मातरम | Vande Mataram Song | National Song Of India | Patriotic Song 2026,Chanda Pop Songs,,2026,राष्ट्रीय गीत | वन्दे मातरम | Vande Mataram Song | National Song Of India | Patriotic Song 2026 Chanda Pop Songs
2026-08-17,in,India,top_videos_daily,,51,https://i.ytimg.com/vi/LX2zshAgECQ/mqdefault.jpg,Aankhon Se Tune 2.0,Dev Negi / Palak Muchhal / Kumar Sanu / Alka Yagnik,,,"Aankhon Se Tune 2.0 Dev Negi , Palak Muchhal , Kumar Sanu & Alka Yagnik"
2026-08-17,in,India,top_videos_daily,,52,https://i.ytimg.com/vi/X-DDknSzELI/mqdefault.jpg,INDIA WAALE,Vishal Dadlani / KK / Shankar Mahadevan / 奈蒂·莫漢 / 維沙爾·謝卡爾,,,"INDIA WAALE Vishal Dadlani , KK , Shankar Mahadevan , 奈蒂·莫漢 & 維沙爾·謝卡爾"
2026-08-17,in,India,top_videos_daily,,53,https://i.ytimg.com/vi/NA2cC68mHxM/mqdefault.jpg,Maa Tujhhe Salaam (Maa Tujhhe Salaam / Soundtrack Version),Shankar Mahadevan,,,Maa Tujhhe Salaam (Maa Tujhhe Salaam / Soundtrack Version) Shankar Mahadevan
2026-08-17,in,India,top_videos_daily,,54,https://i.ytimg.com/vi/BKx_B1VZ2kw/mqdefault.jpg,Ae Watan - Full Video | Raazi | Alia Bhatt | Sunidhi Chauhan | Shankar Ehsaan Loy | Gulzar,Zee Music Company,,,Ae Watan - Full Video | Raazi | Alia Bhatt | Sunidhi Chauhan | Shankar Ehsaan Loy | Gulzar Zee Music Company
2026-08-17,in,India,top_videos_daily,,55,https://i.ytimg.com/vi/kGQOkoAM6SM/mqdefault.jpg,"I Love My India - Pardes | Shankar Mahadevan, Hariharan, Kavita Krishnamurthy, Aditya Narayan",Old Is Gold,,,"I Love My India - Pardes | Shankar Mahadevan, Hariharan, Kavita Krishnamurthy, Aditya Narayan Old Is Gold"
2026-08-17,in,India,top_videos_daily,,56,https://i.ytimg.com/vi/NJ1NIIdHhXs/mqdefault.jpg,Bum Bum Bole,Shaan / 阿米爾·罕,,,Bum Bum Bole Shaan & 阿米爾·罕
2026-08-17,in,India,top_videos_daily,,57,https://i.ytimg.com/vi/bnqLzCsffwY/mqdefault.jpg,Chak De India,瑪麗安娜·迪克魯茲 / Sukhwinder Singh / 蘇萊曼-梅尚,,,"Chak De India 瑪麗安娜·迪克魯茲 , Sukhwinder Singh & 蘇萊曼-梅尚"
2026-08-17,in,India,top_videos_daily,,58,https://i.ytimg.com/vi/Oyw1Eo21q5k/mqdefault.jpg,Kabze,Bintu Pabra / Shiva Choudhary,,,Kabze Bintu Pabra & Shiva Choudhary
2026-08-17,in,India,top_videos_daily,,59,https://i.ytimg.com/vi/HRzeixpJQ3Q/mqdefault.jpg,Aye Watan Tere Liye,Kavita Krishnamurthy / 穆罕默德·阿齊茲,,,Aye Watan Tere Liye Kavita Krishnamurthy & 穆罕默德·阿齊茲
2026-08-17,in,India,top_videos_daily,,60,https://i.ytimg.com/vi/v5jVX0QYwQo/mqdefault.jpg,Shararat,Madhubanti Bagchi / 雅斯文·桑德拉斯 / 沙赫瓦特·薩赫迪夫,,,"Shararat Madhubanti Bagchi , 雅斯文·桑德拉斯 & 沙赫瓦特·薩赫迪夫"
2026-08-17,in,India,top_videos_daily,,61,https://i.ytimg.com/vi/9kWz9Y-2K98/mqdefault.jpg,Mera Mulk Mera Desh,庫馬・山奴 / Aditya Narayan,,,Mera Mulk Mera Desh 庫馬・山奴 & Aditya Narayan
2026-08-17,in,India,top_videos_daily,,62,https://i.ytimg.com/vi/JMyX-534gWI/mqdefault.jpg,Tiranga,B Praak,"3月 20, 2024",822498,"62 22 Tiranga B Praak 3月 20, 2024 84 3 822,498"
2026-08-17,in,India,top_videos_daily,,63,https://i.ytimg.com/vi/CDaPq1onXzQ/mqdefault.jpg,"Yeh Mera India I Love My India Watan Mera | Pardes | Independence Day | Hariharan, Kavita | 15th Aug",Old School Romance,,,"Yeh Mera India I Love My India Watan Mera | Pardes | Independence Day | Hariharan, Kavita | 15th Aug Old School Romance"
2026-08-17,in,India,top_videos_daily,,64,https://i.ytimg.com/vi/oodOj8jx8ds/mqdefault.jpg,Ghar Kab Aaoge,蘇努・尼甘 / Roopkumar Rathod / Arijit Singh / 維沙爾·米什拉 / 迪爾吉特・杜新志 / 米通 / 阿努·馬利克 / 賈韋德·阿赫塔爾 / 馬諾伊·蒙塔舍,,,"Ghar Kab Aaoge 蘇努・尼甘 , Roopkumar Rathod , Arijit Singh , 維沙爾·米什拉 , 迪爾吉特・杜新志 , 米通 , 阿努·馬利克 , 賈韋德·阿赫塔爾 & 馬諾伊·蒙塔舍"
2026-08-17,in,India,top_videos_daily,,65,https://i.ytimg.com/vi/uOrhBw3N3NM/mqdefault.jpg,80 Lakh,D Naveen / Shiva Choudhary / Sweta Chauhan / Kala Dighal,,,"80 Lakh D Naveen , Shiva Choudhary , Sweta Chauhan & Kala Dighal"
2026-08-17,in,India,top_videos_daily,,66,https://i.ytimg.com/vi/7VsejGzcJmM/mqdefault.jpg,Alaakaa Loova,Sai Abhyankkar,,,Alaakaa Loova Sai Abhyankkar
2026-08-17,in,India,top_videos_daily,,67,https://i.ytimg.com/vi/6zDfwVSvyEk/mqdefault.jpg,Hellallallo,Rakshita Suresh / A. R. Rahman / Varadaraj Chikkaballapura,,,"Hellallallo Rakshita Suresh , A. R. Rahman & Varadaraj Chikkaballapura"
2026-08-17,in,India,top_videos_daily,,68,https://i.ytimg.com/vi/wF_B_aagLfI/mqdefault.jpg,Teri Mitti,B Praak / 馬諾伊·蒙塔舍 / 雅高・普拉沃・穆克吉,,,"Teri Mitti B Praak , 馬諾伊·蒙塔舍 & 雅高・普拉沃・穆克吉"
2026-08-17,in,India,top_videos_daily,,69,https://i.ytimg.com/vi/nCFvhMS5EIU/mqdefault.jpg,Maa Tujhe Salaam,A·R·拉曼,,,Maa Tujhe Salaam A·R·拉曼
2026-08-17,in,India,top_videos_daily,,70,https://i.ytimg.com/vi/X1twu3ztkPU/mqdefault.jpg,Bum Baa Diga Diga - Music Video | DC | Lokesh | Sun Pictures | Anirudh | Arun Matheswaran,Heisenberg / Anirudh Ravichander / Vedan,,,"Bum Baa Diga Diga - Music Video | DC | Lokesh | Sun Pictures | Anirudh | Arun Matheswaran Heisenberg , Anirudh Ravichander & Vedan"
2026-08-17,in,India,top_videos_daily,,71,https://i.ytimg.com/vi/XB6va4bR0-s/mqdefault.jpg,Mitti Ke Bete,蘇努・尼甘 / 米通 / 馬諾伊·蒙塔舍,,,"Mitti Ke Bete 蘇努・尼甘 , 米通 & 馬諾伊·蒙塔舍"
2026-08-17,in,India,top_videos_daily,,72,https://i.ytimg.com/vi/Bm9lLpmPM0A/mqdefault.jpg,Pattampoochi,Sublahshini / G.V. Prakash Kumar,,,Pattampoochi Sublahshini & G.V. Prakash Kumar
2026-08-17,in,India,top_videos_daily,,73,https://i.ytimg.com/vi/-YlmnPh-6rE/mqdefault.jpg,For A Reason,Karan Aujla / Ikky,,,For A Reason Karan Aujla & Ikky
2026-08-17,in,India,top_videos_daily,,74,https://i.ytimg.com/vi/QHdajZktFEU/mqdefault.jpg,Bangles,Sanju Rathod / G-SPXRK,,,Bangles Sanju Rathod & G-SPXRK
2026-08-17,in,India,top_videos_daily,,75,https://i.ytimg.com/vi/ummGYA6gWME/mqdefault.jpg,Hindustani,香卡·馬哈德溫 / Udit Narayan,,,Hindustani 香卡·馬哈德溫 & Udit Narayan
2026-08-17,in,India,top_videos_daily,,76,https://i.ytimg.com/vi/esV069YrVh4/mqdefault.jpg,Mera Rang De Basanti Chola | The Legend Of Bhagat Singh | Ajay D | AR Rahman | Independence Day Spl,Bollywood Hits,,,Mera Rang De Basanti Chola | The Legend Of Bhagat Singh | Ajay D | AR Rahman | Independence Day Spl Bollywood Hits
2026-08-17,in,India,top_videos_daily,,77,https://i.ytimg.com/vi/2liZ16dgBgg/mqdefault.jpg,Zindagi Maut Na Ban Jaye | Sonu Nigam | Roop Kumar R | Aamir Khan | Sarfarosh | Patriotic Hindi Song,Sooraj Kumar,,,Zindagi Maut Na Ban Jaye | Sonu Nigam | Roop Kumar R | Aamir Khan | Sarfarosh | Patriotic Hindi Song Sooraj Kumar
2026-08-17,in,India,top_videos_daily,,78,https://i.ytimg.com/vi/diT_XLLJiF8/mqdefault.jpg,Lehra Do,Arijit Singh / Pritam,,,Lehra Do Arijit Singh & Pritam
2026-08-17,in,India,top_videos_daily,,79,https://i.ytimg.com/vi/rC-kbRanJQ0/mqdefault.jpg,UDI UDI,Hruday / Sarkar / Aneesh,,,"UDI UDI Hruday , Sarkar & Aneesh"
2026-08-17,in,India,top_videos_daily,,80,https://i.ytimg.com/vi/alX-ld96FpI/mqdefault.jpg,Jadugarni,Riyaazi / Sintaa,,,Jadugarni Riyaazi & Sintaa
2026-08-17,in,India,top_videos_daily,,81,https://i.ytimg.com/vi/49x5rfxmv4E/mqdefault.jpg,Karuppa Kooda Va,Sai Abhyankkar / V·M·馬哈林加姆,,,Karuppa Kooda Va Sai Abhyankkar & V·M·馬哈林加姆
2026-08-17,in,India,top_videos_daily,,82,https://i.ytimg.com/vi/wrtFobf2NH0/mqdefault.jpg,ए वतन तेरे लिए,穆罕默德·阿齊茲 / Kavita Krishnamurthy,,,ए वतन तेरे लिए 穆罕默德·阿齊茲 & Kavita Krishnamurthy
2026-08-17,in,India,top_videos_daily,,83,https://i.ytimg.com/vi/5gwy0gcjIkI/mqdefault.jpg,Tere Sang Yaara,馬諾伊·蒙塔舍 / 阿蒂夫·阿斯拉姆,,,Tere Sang Yaara 馬諾伊·蒙塔舍 & 阿蒂夫·阿斯拉姆
2026-08-17,in,India,top_videos_daily,,84,https://i.ytimg.com/vi/9OF_cF48mjA/mqdefault.jpg,Raavana Mavandaa,Anirudh Ravichander / Vivek,,,Raavana Mavandaa Anirudh Ravichander & Vivek
2026-08-17,in,India,top_videos_daily,,85,https://i.ytimg.com/vi/6RnZfZWRTtw/mqdefault.jpg,Ye Desh Hai Veer Jawaanon Ka,Vipin Sachdeva,,,Ye Desh Hai Veer Jawaanon Ka Vipin Sachdeva
2026-08-17,in,India,top_videos_daily,,86,https://i.ytimg.com/vi/lsVkObGx8-U/mqdefault.jpg,जन गण मन | Jana Gana Mana Full with Lyrics | National Anthem | Rashtriya Geet | जन गण मन अधिनायक,Bhajan India,,,जन गण मन | Jana Gana Mana Full with Lyrics | National Anthem | Rashtriya Geet | जन गण मन अधिनायक Bhajan India
2026-08-17,in,India,top_videos_daily,,87,https://i.ytimg.com/vi/yBA8pHwxMdo/mqdefault.jpg,"Tohra Baap Ke Na Hate Kashmir | Kallu, Rakesh Mishra, Ritesh Pandey, Yash Mishra | Patriotic Song",Rakesh Mishra / Vikash Pandey / Ritesh Pandey / Arvind Akela Kallu / 馬德卡爾·阿南德,,,"Tohra Baap Ke Na Hate Kashmir | Kallu, Rakesh Mishra, Ritesh Pandey, Yash Mishra | Patriotic Song Rakesh Mishra , Vikash Pandey , Ritesh Pandey , Arvind Akela Kallu & 馬德卡爾·阿南德"
2026-08-17,in,India,top_videos_daily,,88,https://i.ytimg.com/vi/jaYYuPZNBWY/mqdefault.jpg,Pakistan Suna Chin,Rakesh Mishra / Vikash Pandey / Ritesh Pandey / Arvind Akela Kallu / 馬德卡爾·阿南德,,,"Pakistan Suna Chin Rakesh Mishra , Vikash Pandey , Ritesh Pandey , Arvind Akela Kallu & 馬德卡爾·阿南德"
2026-08-17,in,India,top_videos_daily,,89,https://i.ytimg.com/vi/g5bx_nxIsdE/mqdefault.jpg,Watan Walo (Indian/Soundtrack Version),Roopkumar Rathod,,,Watan Walo (Indian/Soundtrack Version) Roopkumar Rathod
2026-08-17,in,India,top_videos_daily,,90,https://i.ytimg.com/vi/xwwAVRyNmgQ/mqdefault.jpg,JAI HO,Tanvi Shah / 古勒扎爾 / A. R. Rahman / Mahalakshmi Iyer / Sukhwinder Singh / Vijay Prakash Sharma,,,"JAI HO Tanvi Shah , 古勒扎爾 , A. R. Rahman , Mahalakshmi Iyer , Sukhwinder Singh & Vijay Prakash Sharma"
2026-08-17,in,India,top_videos_daily,,91,https://i.ytimg.com/vi/2J6eeAESYZM/mqdefault.jpg,Teri Mitti - Lyrical | Kesari | Akshay Kumar & Parineeti Chopra | Arko | B Praak| Manoj Muntashir,Bollywood Rewind,,,Teri Mitti - Lyrical | Kesari | Akshay Kumar & Parineeti Chopra | Arko | B Praak| Manoj Muntashir Bollywood Rewind
2026-08-17,in,India,top_videos_daily,,92,https://i.ytimg.com/vi/7X4jDB_ET0M/mqdefault.jpg,New Song 2026 | New Hindi Song | Mohabbat Rone Lagi | Yash | Kriti Sanon | New Song,Gaurav Mali,,2026,New Song 2026 | New Hindi Song | Mohabbat Rone Lagi | Yash | Kriti Sanon | New Song Gaurav Mali
2026-08-17,in,India,top_videos_daily,,93,https://i.ytimg.com/vi/oFJU-pXi0vI/mqdefault.jpg,"Ab Ke Baras Tujhe Dharti Ki Rani Patriotic Song - Mahendra Kapoor | Manoj Kumar, Shatrughan Sinha",Ultra GeetMala,,,"Ab Ke Baras Tujhe Dharti Ki Rani Patriotic Song - Mahendra Kapoor | Manoj Kumar, Shatrughan Sinha Ultra GeetMala"
2026-08-17,in,India,top_videos_daily,,94,https://i.ytimg.com/vi/mlb5yBGTTRI/mqdefault.jpg,Narak,B Praak / Jaani / Jyotica Tangri,,,"Narak B Praak , Jaani & Jyotica Tangri"
2026-08-17,in,India,top_videos_daily,,95,https://i.ytimg.com/vi/fcnDmrtj6Sk/mqdefault.jpg,Dai Dai,Shakira / Burna Boy,,,Dai Dai Shakira & Burna Boy
2026-08-17,in,India,top_videos_daily,,96,https://i.ytimg.com/vi/GG1_DsScm6U/mqdefault.jpg,Vaari Jaavan,喬奧蒂·諾倫 / Reble / 沙赫瓦特·薩赫迪夫 / 雅斯文·桑德拉斯,,,"Vaari Jaavan 喬奧蒂·諾倫 , Reble , 沙赫瓦特·薩赫迪夫 & 雅斯文·桑德拉斯"
2026-08-17,in,India,top_videos_daily,,97,https://i.ytimg.com/vi/kBsDwVAO_cM/mqdefault.jpg,"Lyrical | Des Rangila Song with Lyrics | Fanaa | Kajol, Jatin-Lalit, Prasoon Joshi, Mahalaxmi Iyer",YRF,,,"Lyrical | Des Rangila Song with Lyrics | Fanaa | Kajol, Jatin-Lalit, Prasoon Joshi, Mahalaxmi Iyer YRF"
2026-08-17,in,India,top_videos_daily,,98,https://i.ytimg.com/vi/JUhcNNwha7w/mqdefault.jpg,कमर में दागी,Khesari Lal Yadav / Shilpi Raj,,,कमर में दागी Khesari Lal Yadav & Shilpi Raj
2026-08-17,in,India,top_videos_daily,,99,https://i.ytimg.com/vi/6JaeasJw-QI/mqdefault.jpg,Thalapathy Kacheri,Jayanth Maadhur / Anirudh Ravichander / Arun Kaundinya / Nazeeruddin / Srinivasa Mouli,,,"Thalapathy Kacheri Jayanth Maadhur , Anirudh Ravichander , Arun Kaundinya , Nazeeruddin & Srinivasa Mouli"
2026-08-17,in,India,top_videos_daily,,100,https://i.ytimg.com/vi/ri1Ar5nEq4s/mqdefault.jpg,Aaj Ki Raat,Madhubanti Bagchi / Divya Kumar / Sachin-Jigar,,,"Aaj Ki Raat Madhubanti Bagchi , Divya Kumar & Sachin-Jigar"
2026-08-17,sg,Singapore,top_videos_daily,,1,https://i.ytimg.com/vi/fcnDmrtj6Sk/mqdefault.jpg,Dai Dai,Shakira / Burna Boy,,,Dai Dai Shakira & Burna Boy
2026-08-17,sg,Singapore,top_videos_daily,,2,https://i.ytimg.com/vi/j5BSH0Op5H8/mqdefault.jpg,Giants,NDPeeps / Weish / Iman Fandi,,,"Giants NDPeeps , Weish & Iman Fandi"
2026-08-17,sg,Singapore,top_videos_daily,,3,https://i.ytimg.com/vi/Q3bFaJVLlb0/mqdefault.jpg,ဤသို့ပြုရ - သိပ္ပံထွန်း [ Official Lyric Video ] #ဤသ်ို့ပြုရ #theinkpanhtun #eithotpyuya,Theinkpan Htun,,,ဤသို့ပြုရ - သိပ္ပံထွန်း [ Official Lyric Video ] #ဤသ်ို့ပြုရ #theinkpanhtun #eithotpyuya Theinkpan Htun
2026-08-17,sg,Singapore,top_videos_daily,,4,https://i.ytimg.com/vi/xvT1jH8B9AM/mqdefault.jpg,KALYANI (Remix),ARJN / KDS / FIFTY4 / 舒蕾亞·戈沙爾,,,"KALYANI (Remix) ARJN , KDS , FIFTY4 & 舒蕾亞·戈沙爾"
2026-08-17,sg,Singapore,top_videos_daily,,5,https://i.ytimg.com/vi/GaMS0F0_xMI/mqdefault.jpg,You'll Be Okay,NDPeeps / 楚晴,,,You'll Be Okay NDPeeps & 楚晴
2026-08-17,sg,Singapore,top_videos_daily,,6,https://i.ytimg.com/vi/m7k9UMcHbr0/mqdefault.jpg,"KATSEYE (캣츠아이) ""Animal"" Official MV",KATSEYE,,,"KATSEYE (캣츠아이) ""Animal"" Official MV KATSEYE"
2026-08-17,sg,Singapore,top_videos_daily,,7,https://i.ytimg.com/vi/yebNIHKAC4A/mqdefault.jpg,Golden,HUNTR/X / EJAE / AUDREY NUNA / REI AMI / KPop Demon Hunters Cast,,,"Golden HUNTR/X , EJAE , AUDREY NUNA , REI AMI & KPop Demon Hunters Cast"
2026-08-17,sg,Singapore,top_videos_daily,,8,https://i.ytimg.com/vi/376utoTabMI/mqdefault.jpg,看著我的眼睛說,張遠 / 姚曉棠,,,看着我的眼睛说 张远 & 姚晓棠
2026-08-17,sg,Singapore,top_videos_daily,,9,https://i.ytimg.com/vi/GAdH8VaNkk4/mqdefault.jpg,【純享版】丁當侯明昊痛心演繹《給我一個理由忘記》！與故事裡的女孩隔空對話 親身唱出這份遺憾與不捨 #天賜的聲音7 EP10 20260814,天賜的聲音,,20260814,【纯享版】丁当侯明昊痛心演绎《给我一个理由忘记》！与故事里的女孩隔空对话 亲身唱出这份遗憾与不舍 #天赐的声音7 EP10 20260814 天赐的声音
2026-08-17,sg,Singapore,top_videos_daily,,10,https://i.ytimg.com/vi/ApXoWvfEYVU/mqdefault.jpg,Sunflower,Post Malone / Swae Lee,,,Sunflower Post Malone & Swae Lee
2026-08-17,sg,Singapore,top_videos_daily,,11,https://i.ytimg.com/vi/7VsejGzcJmM/mqdefault.jpg,Alaakaa Loova,Sai Abhyankkar,,,Alaakaa Loova Sai Abhyankkar
2026-08-17,sg,Singapore,top_videos_daily,,12,https://i.ytimg.com/vi/IpCYJ5VH0FU/mqdefault.jpg,Sparkle,Dru Chen / NDPeeps / Gareth Fernandez,,,"Sparkle Dru Chen , NDPeeps & Gareth Fernandez"
2026-08-17,sg,Singapore,top_videos_daily,,13,https://i.ytimg.com/vi/b68HETiNO98/mqdefault.jpg,Pavazha Malli,Sai Abhyankkar / Shruti Haasan,,,Pavazha Malli Sai Abhyankkar & Shruti Haasan
2026-08-17,sg,Singapore,top_videos_daily,,14,https://i.ytimg.com/vi/-q_S27LbNKU/mqdefault.jpg,BAD,ATEEZ,"6月 25, 2026",<10K,"14 2 BAD ATEEZ 6月 25, 2026 12 51 <10K"
2026-08-17,sg,Singapore,top_videos_daily,,15,https://i.ytimg.com/vi/Aze7zTyIRtk/mqdefault.jpg,Aura 10/10,Hiphop Tamizha,,,Aura 10/10 Hiphop Tamizha
2026-08-17,sg,Singapore,top_videos_daily,,16,https://i.ytimg.com/vi/ko70cExuzZM/mqdefault.jpg,The Fate of Ophelia,Taylor Swift,,,The Fate of Ophelia Taylor Swift
2026-08-17,sg,Singapore,top_videos_daily,,17,https://i.ytimg.com/vi/BZ4UzthYTss/mqdefault.jpg,This & That,Stray Kids,,,This & That Stray Kids
2026-08-17,sg,Singapore,top_videos_daily,,18,https://i.ytimg.com/vi/YacpC7sUXMM/mqdefault.jpg,甲乙丙丁 (你我怎麼兩清伴奏),李佳薇,,,甲乙丙丁 (你我怎麼兩清伴奏) 李佳薇
2026-08-17,sg,Singapore,top_videos_daily,,19,https://i.ytimg.com/vi/Qe8fa4b5xNU/mqdefault.jpg,Good Goodbye,HWASA,,,Good Goodbye HWASA
2026-08-17,sg,Singapore,top_videos_daily,,20,https://i.ytimg.com/vi/oMvXwtmYVWc/mqdefault.jpg,KATSEYE - Bel Air (Official Lyric Video),KATSEYE,,,KATSEYE - Bel Air (Official Lyric Video) KATSEYE
2026-08-17,sg,Singapore,top_videos_daily,,21,https://i.ytimg.com/vi/DgFemuNxBrk/mqdefault.jpg,KATSEYE - That Way (Official Lyric Video),KATSEYE,,,KATSEYE - That Way (Official Lyric Video) KATSEYE
2026-08-17,sg,Singapore,top_videos_daily,,22,https://i.ytimg.com/vi/_G3Nu8q9Z9s/mqdefault.jpg,嘉賓,張遠,"6月 12, 2026",<10K,"22 4 嘉宾 张远 6月 12, 2026 18 39 <10K"
2026-08-17,sg,Singapore,top_videos_daily,,23,https://i.ytimg.com/vi/82-jTNka3uc/mqdefault.jpg,hate that i made you love me,Ariana Grande,,,hate that i made you love me Ariana Grande
2026-08-17,sg,Singapore,top_videos_daily,,24,https://i.ytimg.com/vi/bMhDJ0S0OBA/mqdefault.jpg,It's Me,ILLIT,"4月 30, 2026",108,"24 14 It's Me ILLIT 4月 30, 2026 38 108 <10K"
2026-08-17,sg,Singapore,top_videos_daily,,25,https://i.ytimg.com/vi/9OF_cF48mjA/mqdefault.jpg,Raavana Mavandaa,Anirudh Ravichander / Vivek,,,Raavana Mavandaa Anirudh Ravichander & Vivek
2026-08-17,sg,Singapore,top_videos_daily,,26,https://i.ytimg.com/vi/27C4pfRsf9g/mqdefault.jpg,ICONIC BY MISTAKE,LE SSERAFIM / ILLIT / KATSEYE,,,"ICONIC BY MISTAKE LE SSERAFIM , ILLIT & KATSEYE"
2026-08-17,sg,Singapore,top_videos_daily,,27,https://i.ytimg.com/vi/49x5rfxmv4E/mqdefault.jpg,Karuppa Kooda Va,Sai Abhyankkar / V·M·馬哈林加姆,,,Karuppa Kooda Va Sai Abhyankkar & V·M·馬哈林加姆
2026-08-17,sg,Singapore,top_videos_daily,,28,https://i.ytimg.com/vi/983bBbJx0Mk/mqdefault.jpg,Soda Pop,Saja Boys / Andrew Choi / Neckwav / Danny Chung / KEVIN WOO / samUIL Lee / KPop Demon Hunters Cast,,,"Soda Pop Saja Boys , Andrew Choi , Neckwav , Danny Chung , KEVIN WOO , samUIL Lee & KPop Demon Hunters Cast"
2026-08-17,sg,Singapore,top_videos_daily,,29,https://i.ytimg.com/vi/Bm9lLpmPM0A/mqdefault.jpg,Pattampoochi,Sublahshini / G.V. Prakash Kumar,,,Pattampoochi Sublahshini & G.V. Prakash Kumar
2026-08-17,sg,Singapore,top_videos_daily,,30,https://i.ytimg.com/vi/15dxI9BPxa4/mqdefault.jpg,最後一頁 (Live),王赫野 / 姚曉棠,,,最后一页 (Live) 王赫野 & 姚晓棠
2026-08-17,sg,Singapore,top_videos_daily,,31,https://i.ytimg.com/vi/X1twu3ztkPU/mqdefault.jpg,Bum Baa Diga Diga - Music Video | DC | Lokesh | Sun Pictures | Anirudh | Arun Matheswaran,Heisenberg / Anirudh Ravichander / Vedan,,,"Bum Baa Diga Diga - Music Video | DC | Lokesh | Sun Pictures | Anirudh | Arun Matheswaran Heisenberg , Anirudh Ravichander & Vedan"
2026-08-17,sg,Singapore,top_videos_daily,,32,https://i.ytimg.com/vi/4Bsc2uI_LsM/mqdefault.jpg,Oorum Blood,Sai Abhyankkar / Paal Dabba / Deepthi Suresh / Bebhumika,,,"Oorum Blood Sai Abhyankkar , Paal Dabba , Deepthi Suresh & Bebhumika"
2026-08-17,sg,Singapore,top_videos_daily,,33,https://i.ytimg.com/vi/K-7olbaOelg/mqdefault.jpg,MMG (My Mine Gueh),Naykilla,,,MMG (My Mine Gueh) Naykilla
2026-08-17,sg,Singapore,top_videos_daily,,34,https://i.ytimg.com/vi/whstRV9jrjM/mqdefault.jpg,Here We Are,NDPeeps / 陳潔儀 / The Island Voices / 查利·利姆,,,"Here We Are NDPeeps , 陳潔儀 , The Island Voices & 查利·利姆"
2026-08-17,sg,Singapore,top_videos_daily,,35,https://i.ytimg.com/vi/_Vp-jCG7gno/mqdefault.jpg,God Mode,Sai Abhyankkar / Gana Muthu / Vishnu Edavan,,,"God Mode Sai Abhyankkar , Gana Muthu & Vishnu Edavan"
2026-08-17,sg,Singapore,top_videos_daily,,36,https://i.ytimg.com/vi/undhkaMMenU/mqdefault.jpg,Sambavakaari,Saindhavi / 肖恩·羅爾丹 / Mohan Rajan,,,"Sambavakaari Saindhavi , 肖恩·羅爾丹 & Mohan Rajan"
2026-08-17,sg,Singapore,top_videos_daily,,37,https://i.ytimg.com/vi/83C3TZ4Zm_o/mqdefault.jpg,LEMONADE,aespa,"5月 28, 2026",<10K,"37 3 LEMONADE aespa 5月 28, 2026 34 79 <10K"
2026-08-17,sg,Singapore,top_videos_daily,,38,https://i.ytimg.com/vi/x3eqqoZPV_E/mqdefault.jpg,춤 (CHOOM),BABYMONSTER,,,춤 (CHOOM) BABYMONSTER
2026-08-17,sg,Singapore,top_videos_daily,,39,https://i.ytimg.com/vi/zlAjS20q9pE/mqdefault.jpg,空心 (Live),黃霄雲 / 劉端端,,,空心 (Live) 黃霄雲 & 刘端端
2026-08-17,sg,Singapore,top_videos_daily,,40,https://i.ytimg.com/vi/jZEA2mMwL1k/mqdefault.jpg,Mutta Kalakki,Ken Karunaas,,,Mutta Kalakki Ken Karunaas
2026-08-17,sg,Singapore,top_videos_daily,,41,https://i.ytimg.com/vi/6JaeasJw-QI/mqdefault.jpg,Thalapathy Kacheri,Jayanth Maadhur / Anirudh Ravichander / Arun Kaundinya / Nazeeruddin / Srinivasa Mouli,,,"Thalapathy Kacheri Jayanth Maadhur , Anirudh Ravichander , Arun Kaundinya , Nazeeruddin & Srinivasa Mouli"
2026-08-17,sg,Singapore,top_videos_daily,,42,https://i.ytimg.com/vi/_IT83Y_HcAw/mqdefault.jpg,Less than a Lover,JENNIE,,,Less than a Lover JENNIE
2026-08-17,sg,Singapore,top_videos_daily,,43,https://i.ytimg.com/vi/s3a4OQR-10M/mqdefault.jpg,Loser,Tame Impala,,,Loser Tame Impala
2026-08-17,sg,Singapore,top_videos_daily,,44,https://i.ytimg.com/vi/3rB3n_XR23o/mqdefault.jpg,我不該動情,老闆,"7月 1, 2026",<10K,"44 3 我不該動情 老板 7月 1, 2026 47 26 <10K"
2026-08-17,sg,Singapore,top_videos_daily,,45,https://i.ytimg.com/vi/GnSaLQTrvt0/mqdefault.jpg,Good Goodbye,HWASA,,,Good Goodbye HWASA
2026-08-17,sg,Singapore,top_videos_daily,,46,https://i.ytimg.com/vi/9cS2wv6AfHk/mqdefault.jpg,I LIKE IT,BABYMONSTER,,,I LIKE IT BABYMONSTER
2026-08-17,sg,Singapore,top_videos_daily,,47,https://i.ytimg.com/vi/anhQ3fC1_hY/mqdefault.jpg,Be My Friend (The Verity Band),Horror Skunx,,,Be My Friend (The Verity Band) Horror Skunx
2026-08-17,sg,Singapore,top_videos_daily,,48,https://i.ytimg.com/vi/xXZwZ0DolJc/mqdefault.jpg,MOON,BABYMONSTER,,,MOON BABYMONSTER
2026-08-17,sg,Singapore,top_videos_daily,,49,https://i.ytimg.com/vi/RO75uUZiAw0/mqdefault.jpg,Teh Hijau,圖魯斯,"6月 29, 2026",<10K,"49 13 Teh Hijau 圖魯斯 6月 29, 2026 36 42 <10K"
2026-08-17,sg,Singapore,top_videos_daily,,50,https://i.ytimg.com/vi/a3Ue-LN5B9U/mqdefault.jpg,Aasa Kooda,Sai Abhyankkar / Sai Smriti,,,Aasa Kooda Sai Abhyankkar & Sai Smriti
2026-08-17,sg,Singapore,top_videos_daily,,51,https://i.ytimg.com/vi/bmrFsUuS-gk/mqdefault.jpg,Mesmerizer (Hatsune Miku & Kasane Teto) English 60's Version - Jazz Cover Lyric Video,麥特·達斯克,,,Mesmerizer (Hatsune Miku & Kasane Teto) English 60's Version - Jazz Cover Lyric Video 麥特·達斯克
2026-08-17,sg,Singapore,top_videos_daily,,52,https://i.ytimg.com/vi/8F2s8ivKXNY/mqdefault.jpg,Life Goes On,Oliver Tree,,,Life Goes On Oliver Tree
2026-08-17,sg,Singapore,top_videos_daily,,53,https://i.ytimg.com/vi/chl0R8C4NJ8/mqdefault.jpg,Hearts2Hearts 하츠투하츠 'ICONIC HEART' MV,Hearts2Hearts,,,Hearts2Hearts 하츠투하츠 'ICONIC HEART' MV Hearts2Hearts
2026-08-17,sg,Singapore,top_videos_daily,,54,https://i.ytimg.com/vi/QxWoYkrgpJE/mqdefault.jpg,Nallaru po,Tippu / Sai Abhyankkar,,,Nallaru po Tippu & Sai Abhyankkar
2026-08-17,sg,Singapore,top_videos_daily,,55,https://i.ytimg.com/vi/_gyultVTesk/mqdefault.jpg,2.0,防彈少年團,"4月 1, 2026",112,"55 15 2.0 防彈少年團 4月 1, 2026 70 112 <10K"
2026-08-17,sg,Singapore,top_videos_daily,,56,https://i.ytimg.com/vi/mFA1P8ZzoLw/mqdefault.jpg,She’s the Best (Official Music Video),Troye Sivan,,,She’s the Best (Official Music Video) Troye Sivan
2026-08-17,sg,Singapore,top_videos_daily,,57,https://i.ytimg.com/vi/UH21OnJwxZE/mqdefault.jpg,PHƯƠNG MỸ CHI x DTAP | 'THIÊN ĐƯỜNG VỚI NGƯỜI THƯƠNG' | OFFICIAL MUSIC VIDEO,Phương Mỹ Chi,,,PHƯƠNG MỸ CHI x DTAP | 'THIÊN ĐƯỜNG VỚI NGƯỜI THƯƠNG' | OFFICIAL MUSIC VIDEO Phương Mỹ Chi
2026-08-17,sg,Singapore,top_videos_daily,,58,https://i.ytimg.com/vi/GEk4jHwfFTA/mqdefault.jpg,NORMAL,防彈少年團,"7月 18, 2026",<10K,"58 2 NORMAL 防彈少年團 7月 18, 2026 60 26 <10K"
2026-08-17,sg,Singapore,top_videos_daily,,59,https://i.ytimg.com/vi/naoGk-Zjc1s/mqdefault.jpg,SUGAR HONEY ICE TEA,BABYMONSTER,,,SUGAR HONEY ICE TEA BABYMONSTER
2026-08-17,sg,Singapore,top_videos_daily,,60,https://i.ytimg.com/vi/T--M_M2NvhM/mqdefault.jpg,Meteor Rain (Live),相信音樂BinMusic,,,Meteor Rain (Live) 相信音樂BinMusic
2026-08-17,sg,Singapore,top_videos_daily,,61,https://i.ytimg.com/vi/vrY1THC_NQE/mqdefault.jpg,Champions,iShowSpeed,,,Champions iShowSpeed
2026-08-17,sg,Singapore,top_videos_daily,,62,https://i.ytimg.com/vi/hu_qjwqTUmg/mqdefault.jpg,Karuppa Kooda Va,Sai Abhyankkar / V·M·馬哈林加姆,,,Karuppa Kooda Va Sai Abhyankkar & V·M·馬哈林加姆
2026-08-17,sg,Singapore,top_videos_daily,,63,https://i.ytimg.com/vi/iJNwi0fBcsc/mqdefault.jpg,ရှင်ကွဲ - သိပ္ပံထွန်း(Offical lyric vedio),Theinkpan Htun,,,ရှင်ကွဲ - သိပ္ပံထွန်း(Offical lyric vedio) Theinkpan Htun
2026-08-17,sg,Singapore,top_videos_daily,,64,https://i.ytimg.com/vi/eB-IK2wPWzw/mqdefault.jpg,ATEEZ(에이티즈) - 'BAD' Performance Stage (@The Kelly Clarkson Show),ATEEZ,,,ATEEZ(에이티즈) - 'BAD' Performance Stage (@The Kelly Clarkson Show) ATEEZ
2026-08-17,sg,Singapore,top_videos_daily,,65,https://i.ytimg.com/vi/oRdxUFDoQe0/mqdefault.jpg,Beat It,Michael Jackson,,,Beat It Michael Jackson
2026-08-17,sg,Singapore,top_videos_daily,,66,https://i.ytimg.com/vi/ALd71q97sBo/mqdefault.jpg,Thalapathy Kacheri,Anirudh Ravichander / Arivu / Thalapathy Vijay,,,"Thalapathy Kacheri Anirudh Ravichander , Arivu & Thalapathy Vijay"
2026-08-17,sg,Singapore,top_videos_daily,,67,https://i.ytimg.com/vi/gS9o1FAszdk/mqdefault.jpg,The Man Who Can’t Be Moved,The Script,,,The Man Who Can’t Be Moved The Script
2026-08-17,sg,Singapore,top_videos_daily,,68,https://i.ytimg.com/vi/Ys7-6_t7OEQ/mqdefault.jpg,Beauty And A Beat,Justin Bieber,,,Beauty And A Beat Justin Bieber
2026-08-17,sg,Singapore,top_videos_daily,,69,https://i.ytimg.com/vi/23cipSExADA/mqdefault.jpg,เพราะพี่รักจริง,หนึ่ง บีเคแบนด์,,,เพราะพี่รักจริง หนึ่ง บีเคแบนด์
2026-08-17,sg,Singapore,top_videos_daily,,70,https://i.ytimg.com/vi/eS60B20HFP4/mqdefault.jpg,【純享版】付辛博姜潮對唱《天后》！兩個男聲把苦情歌唱到“發狠了忘情了” 高潮更是情緒拉滿唱盡愛而不得的痛 #天賜的聲音7 EP10 20260814,天賜的聲音,,20260814,【纯享版】付辛博姜潮对唱《天后》！两个男声把苦情歌唱到“发狠了忘情了” 高潮更是情绪拉满唱尽爱而不得的痛 #天赐的声音7 EP10 20260814 天赐的声音
2026-08-17,sg,Singapore,top_videos_daily,,71,https://i.ytimg.com/vi/6rvUyBiBtik/mqdefault.jpg,Tera Mera Rishta,Sayeed Quadri / Mustafa Zahid / Pritam,,,"Tera Mera Rishta Sayeed Quadri , Mustafa Zahid & Pritam"
2026-08-17,sg,Singapore,top_videos_daily,,72,https://i.ytimg.com/vi/Zi_XLOBDo_Y/mqdefault.jpg,Billie Jean,Michael Jackson,,,Billie Jean Michael Jackson
2026-08-17,sg,Singapore,top_videos_daily,,73,https://i.ytimg.com/vi/Ftjmz8vGjGI/mqdefault.jpg,【單曲純享】張碧晨《字字句句》#天賜的聲音4 EP3,張碧晨,,,【单曲纯享】张碧晨《字字句句》#天赐的声音4 EP3 張碧晨
2026-08-17,sg,Singapore,top_videos_daily,,74,https://i.ytimg.com/vi/TiJn3_IY9Kk/mqdefault.jpg,BOWKYLION x โจอี้ ภูวศิษฐ์ - นาฬิกาทราย (sign) [SPECIAL VERSION],Whattheduck,,,BOWKYLION x โจอี้ ภูวศิษฐ์ - นาฬิกาทราย (sign) [SPECIAL VERSION] Whattheduck
2026-08-17,sg,Singapore,top_videos_daily,,75,https://i.ytimg.com/vi/aRiVUVNUhIs/mqdefault.jpg,なんもねえ - Nannmonee,Wasureranneyo,,,なんもねえ - Nannmonee Wasureranneyo
2026-08-17,sg,Singapore,top_videos_daily,,76,https://i.ytimg.com/vi/osyH9yWWygA/mqdefault.jpg,All For You,周興哲,"7月 16, 2026",<10K,"76 10 All For You 周興哲 7月 16, 2026 86 28 <10K"
2026-08-17,sg,Singapore,top_videos_daily,,77,https://i.ytimg.com/vi/6Db-cEgbmC4/mqdefault.jpg,Mi Chico,Jason Derulo / Melody / Dj Goja,,,"Mi Chico Jason Derulo , Melody & Dj Goja"
2026-08-17,sg,Singapore,top_videos_daily,,78,https://i.ytimg.com/vi/SH9yExKE8bI/mqdefault.jpg,弦外之音 - 捨不得又沒資格 (男女合唱版）『想放棄又難割捨，想靠近又沒資格。』【動態歌詞MV】,HOT MUSIC,,,弦外之音 - 舍不得又没资格 (男女合唱版）『想放弃又难割舍，想靠近又没资格。』【动态歌词MV】 HOT MUSIC
2026-08-17,sg,Singapore,top_videos_daily,,79,https://i.ytimg.com/vi/Iklj9CFFmEw/mqdefault.jpg,Eetchi Elumichi Official Video | Full HD | Taj Mahal | A.R.Rahman | Bharathiraja | Vairamuthu |Manoj,Arundhadhi / Manoj,,,Eetchi Elumichi Official Video | Full HD | Taj Mahal | A.R.Rahman | Bharathiraja | Vairamuthu |Manoj Arundhadhi & Manoj
2026-08-17,sg,Singapore,top_videos_daily,,80,https://i.ytimg.com/vi/xwUz3tSlMZ4/mqdefault.jpg,"Aasai Varame - Video | Anbil Avan | Ashok Selvan,Preity Mukhundhan | Govind Vasantha |R.Kaarthikeyan",Think Music India,,,"Aasai Varame - Video | Anbil Avan | Ashok Selvan,Preity Mukhundhan | Govind Vasantha |R.Kaarthikeyan Think Music India"
2026-08-17,sg,Singapore,top_videos_daily,,81,https://i.ytimg.com/vi/UdoR4R_5El0/mqdefault.jpg,Animal,KATSEYE,"8月 11, 2026",<10K,"81 81 Animal KATSEYE 8月 11, 2026 - 3 <10K"
2026-08-17,sg,Singapore,top_videos_daily,,82,https://i.ytimg.com/vi/C40oligg6xE/mqdefault.jpg,นาฬิกาทราย (sign),BOWKYLION,,,นาฬิกาทราย (sign) BOWKYLION
2026-08-17,sg,Singapore,top_videos_daily,,83,https://i.ytimg.com/vi/lMorVhR-AWM/mqdefault.jpg,အစားထို,Bunny Phyoe,,,အစားထို Bunny Phyoe
2026-08-17,sg,Singapore,top_videos_daily,,84,https://i.ytimg.com/vi/lx5k7yHTbbM/mqdefault.jpg,Raathu Raasan,Sai Abhyankkar / V.M. Mahalingam / Paal Dabba / Vivek,,,"Raathu Raasan Sai Abhyankkar , V.M. Mahalingam , Paal Dabba & Vivek"
2026-08-17,sg,Singapore,top_videos_daily,,85,https://i.ytimg.com/vi/2rA2K0gwjoo/mqdefault.jpg,ICONIC BY MISTAKE,ILLIT / LE SSERAFIM / KATSEYE,,,"ICONIC BY MISTAKE ILLIT , LE SSERAFIM & KATSEYE"
2026-08-17,sg,Singapore,top_videos_daily,,86,https://i.ytimg.com/vi/v1t4MTqdfyI/mqdefault.jpg,hate that i made you love me,Ariana Grande,,,hate that i made you love me Ariana Grande
2026-08-17,sg,Singapore,top_videos_daily,,87,https://i.ytimg.com/vi/rfza9kCybEs/mqdefault.jpg,The Wedding Song,Suriya,,,The Wedding Song Suriya
2026-08-17,sg,Singapore,top_videos_daily,,88,https://i.ytimg.com/vi/gJAbDSse5WM/mqdefault.jpg,Tìm Em,Hngle,"6月 18, 2026",<10K,"88 67 Tìm Em Hngle 6月 18, 2026 21 57 <10K"
2026-08-17,sg,Singapore,top_videos_daily,,89,https://i.ytimg.com/vi/EYDgu1KjlgQ/mqdefault.jpg,【獨家LIVE】張遠終於釋懷了！和陳冰演繹新歌《可以不是你》 #天賜的聲音5 EP8 20240614,天賜的聲音,,20240614,【独家LIVE】张远终于释怀了！和陈冰演绎新歌《可以不是你》 #天赐的声音5 EP8 20240614 天赐的声音
2026-08-17,sg,Singapore,top_videos_daily,,90,https://i.ytimg.com/vi/Rt9tW3cMLhI/mqdefault.jpg,stupid song,Olivia Rodrigo,,,stupid song Olivia Rodrigo
2026-08-17,sg,Singapore,top_videos_daily,,91,https://i.ytimg.com/vi/0ijm2Xui5N8/mqdefault.jpg,Ain't In LA,ADÉLA,,,Ain't In LA ADÉLA
2026-08-17,sg,Singapore,top_videos_daily,,92,https://i.ytimg.com/vi/U6BDbXIah-Y/mqdefault.jpg,REDRED,CORTIS,"4月 20, 2026",102,"91 1 REDRED CORTIS 4月 20, 2026 92 102 <10K"
2026-08-17,sg,Singapore,top_videos_daily,,93,https://i.ytimg.com/vi/F2m4HPLvj-4/mqdefault.jpg,Jaiye Sajana,雅斯文·桑德拉斯 / 施廷德·薩爾塔 / 沙赫瓦特·薩赫迪夫,,,"Jaiye Sajana 雅斯文·桑德拉斯 , 施廷德·薩爾塔 & 沙赫瓦特·薩赫迪夫"
2026-08-17,sg,Singapore,top_videos_daily,,94,https://i.ytimg.com/vi/FiOHHecPaXE/mqdefault.jpg,ဖိုးကာ - မှားချင်တယ် [Official MV],Phoe Kar,,,ဖိုးကာ - မှားချင်တယ် [Official MV] Phoe Kar
2026-08-17,sg,Singapore,top_videos_daily,,95,https://i.ytimg.com/vi/GTzi2Y1gX2c/mqdefault.jpg,Sayang Orang Sama,Sayang Orang Sama,,,Sayang Orang Sama Sayang Orang Sama
2026-08-17,sg,Singapore,top_videos_daily,,96,https://i.ytimg.com/vi/Gnn4GRSzRXI/mqdefault.jpg,BOOMPALA,LE SSERAFIM,,,BOOMPALA LE SSERAFIM
2026-08-17,sg,Singapore,top_videos_daily,,97,https://i.ytimg.com/vi/0GnA8VYOfko/mqdefault.jpg,Gut Genug,KITSCHKRIEG / Blumengarten / 希琳·大衛,,,"Gut Genug KITSCHKRIEG , Blumengarten & 希琳·大衛"
2026-08-17,sg,Singapore,top_videos_daily,,98,https://i.ytimg.com/vi/iAtoZar5W58/mqdefault.jpg,Aaya Sher,Jangi Reddy / Arjun Chandy / 安尼魯德・瑞維奇德 / Kasarla Shyam,,,"Aaya Sher Jangi Reddy , Arjun Chandy , 安尼魯德・瑞維奇德 & Kasarla Shyam"
2026-08-17,sg,Singapore,top_videos_daily,,99,https://i.ytimg.com/vi/JU0e83SmTJ4/mqdefault.jpg,海嶼你,馬也Crabbit,"5月 15, 2026",<10K,"99 99 海嶼你 马也Crabbit 5月 15, 2026 - 21 <10K"
2026-08-17,sg,Singapore,top_videos_daily,,100,https://i.ytimg.com/vi/izbydia9jz4/mqdefault.jpg,Minnalvala,Sid Sriram / Sithara Krishnakumar,,,Minnalvala Sid Sriram & Sithara Krishnakumar
2026-08-17,my,Malaysia,top_videos_daily,,1,https://i.ytimg.com/vi/RO75uUZiAw0/mqdefault.jpg,Teh Hijau,圖魯斯,"6月 29, 2026",233273,"1 ● Teh Hijau 圖魯斯 6月 29, 2026 1 41 233,273"
2026-08-17,my,Malaysia,top_videos_daily,,2,https://i.ytimg.com/vi/cDee7SZwtbk/mqdefault.jpg,Adek Saye Abe Sore,Adek Saye Abe Sore,,,Adek Saye Abe Sore Adek Saye Abe Sore
2026-08-17,my,Malaysia,top_videos_daily,,3,https://i.ytimg.com/vi/GTzi2Y1gX2c/mqdefault.jpg,Sayang Orang Sama,Sayang Orang Sama,,,Sayang Orang Sama Sayang Orang Sama
2026-08-17,my,Malaysia,top_videos_daily,,4,https://i.ytimg.com/vi/K-7olbaOelg/mqdefault.jpg,MMG (My Mine Gueh),Naykilla,,,MMG (My Mine Gueh) Naykilla
2026-08-17,my,Malaysia,top_videos_daily,,5,https://i.ytimg.com/vi/fcnDmrtj6Sk/mqdefault.jpg,Dai Dai,Shakira / Burna Boy,,,Dai Dai Shakira & Burna Boy
2026-08-17,my,Malaysia,top_videos_daily,,6,https://i.ytimg.com/vi/acDzcefJoCs/mqdefault.jpg,Dari Bawah,EzHaRHaNzE,,,Dari Bawah EzHaRHaNzE
2026-08-17,my,Malaysia,top_videos_daily,,7,https://i.ytimg.com/vi/7qnjiZ_jJuU/mqdefault.jpg,Dalam Diam,Mojack Hafiz / Zynakal / Zamir Harith / Bel,,,"Dalam Diam Mojack Hafiz , Zynakal , Zamir Harith & Bel"
2026-08-17,my,Malaysia,top_videos_daily,,8,https://i.ytimg.com/vi/yebNIHKAC4A/mqdefault.jpg,Golden,HUNTR/X / EJAE / AUDREY NUNA / REI AMI / KPop Demon Hunters Cast,,,"Golden HUNTR/X , EJAE , AUDREY NUNA , REI AMI & KPop Demon Hunters Cast"
2026-08-17,my,Malaysia,top_videos_daily,,9,https://i.ytimg.com/vi/g-0SbLyIcg8/mqdefault.jpg,Bawaku Pergi,齊薩恩·拉薩克 / Kaka Azraff,,,Bawaku Pergi 齊薩恩·拉薩克 & Kaka Azraff
2026-08-17,my,Malaysia,top_videos_daily,,10,https://i.ytimg.com/vi/__Pb1fO2H2A/mqdefault.jpg,Kita Lewati Berdua,overnight,,,Kita Lewati Berdua overnight
2026-08-17,my,Malaysia,top_videos_daily,,11,https://i.ytimg.com/vi/ApXoWvfEYVU/mqdefault.jpg,Sunflower,Post Malone / Swae Lee,,,Sunflower Post Malone & Swae Lee
2026-08-17,my,Malaysia,top_videos_daily,,12,https://i.ytimg.com/vi/awWKxGftWh4/mqdefault.jpg,Dunia Yang Nanti,Raim Laode,,,Dunia Yang Nanti Raim Laode
2026-08-17,my,Malaysia,top_videos_daily,,13,https://i.ytimg.com/vi/0VOhIR3bnXY/mqdefault.jpg,ORANG BARU LEBE GACOR,Ecko Show / Juan Reza / CHESYLINO,,,"ORANG BARU LEBE GACOR Ecko Show , Juan Reza & CHESYLINO"
2026-08-17,my,Malaysia,top_videos_daily,,14,https://i.ytimg.com/vi/T48XTvKkdf8/mqdefault.jpg,Ku Yang Berjuang,Danial Kifli,,,Ku Yang Berjuang Danial Kifli
2026-08-17,my,Malaysia,top_videos_daily,,15,https://i.ytimg.com/vi/YJnbL_AkLF0/mqdefault.jpg,Menjaga Jodoh Orang Lain (Official Lyric Video),Ara Johari,,,Menjaga Jodoh Orang Lain (Official Lyric Video) Ara Johari
2026-08-17,my,Malaysia,top_videos_daily,,16,https://i.ytimg.com/vi/7VsejGzcJmM/mqdefault.jpg,Alaakaa Loova,Sai Abhyankkar,,,Alaakaa Loova Sai Abhyankkar
2026-08-17,my,Malaysia,top_videos_daily,,17,https://i.ytimg.com/vi/yvsLPs7l6bY/mqdefault.jpg,Meligai Pengerindu,Igu Anthony,,,Meligai Pengerindu Igu Anthony
2026-08-17,my,Malaysia,top_videos_daily,,18,https://i.ytimg.com/vi/zjxO40VrMZA/mqdefault.jpg,Jiwa Yang Mengalah,Bellestrelle,,,Jiwa Yang Mengalah Bellestrelle
2026-08-17,my,Malaysia,top_videos_daily,,19,https://i.ytimg.com/vi/J8LbC2cvoxA/mqdefault.jpg,Harapalsu,Arghpiez,,,Harapalsu Arghpiez
2026-08-17,my,Malaysia,top_videos_daily,,20,https://i.ytimg.com/vi/xvT1jH8B9AM/mqdefault.jpg,KALYANI (Remix),ARJN / KDS / FIFTY4 / 舒蕾亞·戈沙爾,,,"KALYANI (Remix) ARJN , KDS , FIFTY4 & 舒蕾亞·戈沙爾"
2026-08-17,my,Malaysia,top_videos_daily,,21,https://i.ytimg.com/vi/s5stGs1ktQc/mqdefault.jpg,Romantis (Official Music Video),Spring,,,Romantis (Official Music Video) Spring
2026-08-17,my,Malaysia,top_videos_daily,,22,https://i.ytimg.com/vi/qlFuXWRRsxU/mqdefault.jpg,Jodoh Lebaran,Aisha Retno,,,Jodoh Lebaran Aisha Retno
2026-08-17,my,Malaysia,top_videos_daily,,23,https://i.ytimg.com/vi/8yl0BUvnsfY/mqdefault.jpg,Mekar Di Jiwa,X-Ray,,,Mekar Di Jiwa X-Ray
2026-08-17,my,Malaysia,top_videos_daily,,24,https://i.ytimg.com/vi/uo94JrbCebA/mqdefault.jpg,Sanggup Aku,Gwen,,,Sanggup Aku Gwen
2026-08-17,my,Malaysia,top_videos_daily,,25,https://i.ytimg.com/vi/mJE0ROBWPvY/mqdefault.jpg,Lesung Pipi,Raim Laode,,,Lesung Pipi Raim Laode
2026-08-17,my,Malaysia,top_videos_daily,,26,https://i.ytimg.com/vi/kJtYLPJpDbo/mqdefault.jpg,Reminisensi,Insomniacks,,,Reminisensi Insomniacks
2026-08-17,my,Malaysia,top_videos_daily,,27,https://i.ytimg.com/vi/N2q8_schirM/mqdefault.jpg,Demi Sekeping Kertas,Latipah,,,Demi Sekeping Kertas Latipah
2026-08-17,my,Malaysia,top_videos_daily,,28,https://i.ytimg.com/vi/fLdVq8n-KQg/mqdefault.jpg,Astaga Bercanda,Akbar Chalay / Mingse,,,Astaga Bercanda Akbar Chalay & Mingse
2026-08-17,my,Malaysia,top_videos_daily,,29,https://i.ytimg.com/vi/Aze7zTyIRtk/mqdefault.jpg,Aura 10/10,Hiphop Tamizha,,,Aura 10/10 Hiphop Tamizha
2026-08-17,my,Malaysia,top_videos_daily,,30,https://i.ytimg.com/vi/E06Rs0JxRGw/mqdefault.jpg,Cak Cak Cekuk,Wani Kayrie,,,Cak Cak Cekuk Wani Kayrie
2026-08-17,my,Malaysia,top_videos_daily,,31,https://i.ytimg.com/vi/Xq1OAd0UqZc/mqdefault.jpg,Memorindu - Arghpiez ft. Edrie Hashim (Official Music Video),Rhunut Music,,,Memorindu - Arghpiez ft. Edrie Hashim (Official Music Video) Rhunut Music
2026-08-17,my,Malaysia,top_videos_daily,,32,https://i.ytimg.com/vi/x6E_Qj30EZI/mqdefault.jpg,Aishiteru,Zivilia,,,Aishiteru Zivilia
2026-08-17,my,Malaysia,top_videos_daily,,33,https://i.ytimg.com/vi/b68HETiNO98/mqdefault.jpg,Pavazha Malli,Sai Abhyankkar / Shruti Haasan,,,Pavazha Malli Sai Abhyankkar & Shruti Haasan
2026-08-17,my,Malaysia,top_videos_daily,,34,https://i.ytimg.com/vi/M7oZR-MTEZs/mqdefault.jpg,Iqro',Raim Laode,,,Iqro' Raim Laode
2026-08-17,my,Malaysia,top_videos_daily,,35,https://i.ytimg.com/vi/s_w6P5aWVgc/mqdefault.jpg,Punca,Sofazr SecondPlan,,,Punca Sofazr SecondPlan
2026-08-17,my,Malaysia,top_videos_daily,,36,https://i.ytimg.com/vi/tjaNVjpyqQI/mqdefault.jpg,Farhana (Puteri Bumi Kenyalang),Jinbara,,,Farhana (Puteri Bumi Kenyalang) Jinbara
2026-08-17,my,Malaysia,top_videos_daily,,37,https://i.ytimg.com/vi/anhQ3fC1_hY/mqdefault.jpg,Be My Friend (The Verity Band),Horror Skunx,,,Be My Friend (The Verity Band) Horror Skunx
2026-08-17,my,Malaysia,top_videos_daily,,38,https://i.ytimg.com/vi/-q_S27LbNKU/mqdefault.jpg,BAD,ATEEZ,"6月 25, 2026",37176,"38 1 BAD ATEEZ 6月 25, 2026 39 49 37,176"
2026-08-17,my,Malaysia,top_videos_daily,,39,https://i.ytimg.com/vi/7jBgpXG8PBI/mqdefault.jpg,Airmata Kasih,薩利姆·拉茲維,,,Airmata Kasih 薩利姆·拉茲維
2026-08-17,my,Malaysia,top_videos_daily,,40,https://i.ytimg.com/vi/38_bAaFI41w/mqdefault.jpg,Don't Force Your Longing,Ifan Seventeen,,,Don't Force Your Longing Ifan Seventeen
2026-08-17,my,Malaysia,top_videos_daily,,41,https://i.ytimg.com/vi/oIDeGj83us8/mqdefault.jpg,MALAYSIA,法依扎爾·塔基爾,,,MALAYSIA 法依扎爾·塔基爾
2026-08-17,my,Malaysia,top_videos_daily,,42,https://i.ytimg.com/vi/8F2s8ivKXNY/mqdefault.jpg,Life Goes On,Oliver Tree,,,Life Goes On Oliver Tree
2026-08-17,my,Malaysia,top_videos_daily,,43,https://i.ytimg.com/vi/cmICctnAWCY/mqdefault.jpg,kota ini tak sama tanpamu,Nadhif Basalamah,,,kota ini tak sama tanpamu Nadhif Basalamah
2026-08-17,my,Malaysia,top_videos_daily,,44,https://i.ytimg.com/vi/m7k9UMcHbr0/mqdefault.jpg,"KATSEYE (캣츠아이) ""Animal"" Official MV",KATSEYE,,,"KATSEYE (캣츠아이) ""Animal"" Official MV KATSEYE"
2026-08-17,my,Malaysia,top_videos_daily,,45,https://i.ytimg.com/vi/ko70cExuzZM/mqdefault.jpg,The Fate of Ophelia,Taylor Swift,,,The Fate of Ophelia Taylor Swift
2026-08-17,my,Malaysia,top_videos_daily,,46,https://i.ytimg.com/vi/ba-XAIskH_g/mqdefault.jpg,Lantas,Juicy Luicy,,,Lantas Juicy Luicy
2026-08-17,my,Malaysia,top_videos_daily,,47,https://i.ytimg.com/vi/ConUwSndl6Y/mqdefault.jpg,Cinta Mati,Apau Qhaliff,,,Cinta Mati Apau Qhaliff
2026-08-17,my,Malaysia,top_videos_daily,,48,https://i.ytimg.com/vi/VR7PK3FPE1Q/mqdefault.jpg,Jemu,May,"2月 14, 2021",30474,"48 4 Jemu May 2月 14, 2021 44 26 30,474"
2026-08-17,my,Malaysia,top_videos_daily,,49,https://i.ytimg.com/vi/lY5V4hSLWY8/mqdefault.jpg,Risk It All,Bruno Mars,,,Risk It All Bruno Mars
2026-08-17,my,Malaysia,top_videos_daily,,50,https://i.ytimg.com/vi/983bBbJx0Mk/mqdefault.jpg,Soda Pop,Saja Boys / Andrew Choi / Neckwav / Danny Chung / KEVIN WOO / samUIL Lee / KPop Demon Hunters Cast,,,"Soda Pop Saja Boys , Andrew Choi , Neckwav , Danny Chung , KEVIN WOO , samUIL Lee & KPop Demon Hunters Cast"
2026-08-17,my,Malaysia,top_videos_daily,,51,https://i.ytimg.com/vi/OT5msu-dap8/mqdefault.jpg,Shape Of My Heart,Backstreet Boys,,,Shape Of My Heart Backstreet Boys
2026-08-17,my,Malaysia,top_videos_daily,,52,https://i.ytimg.com/vi/ci1f7rciUgg/mqdefault.jpg,Astaga Bercanda,Akbar Chalay / Mingse,,,Astaga Bercanda Akbar Chalay & Mingse
2026-08-17,my,Malaysia,top_videos_daily,,53,https://i.ytimg.com/vi/0Zwmo3hz_yA/mqdefault.jpg,Bunga Emas,Iklim,,,Bunga Emas Iklim
2026-08-17,my,Malaysia,top_videos_daily,,54,https://i.ytimg.com/vi/82-jTNka3uc/mqdefault.jpg,hate that i made you love me,Ariana Grande,,,hate that i made you love me Ariana Grande
2026-08-17,my,Malaysia,top_videos_daily,,55,https://i.ytimg.com/vi/zyLmavBAY7k/mqdefault.jpg,Teh Hijau,圖魯斯,"7月 10, 2026",29772,"55 3 Teh Hijau 圖魯斯 7月 10, 2026 52 13 29,772"
2026-08-17,my,Malaysia,top_videos_daily,,56,https://i.ytimg.com/vi/EUapGKnq_tk/mqdefault.jpg,Kasih Orang Muda,飛輪海,,,Kasih Orang Muda 飛輪海
2026-08-17,my,Malaysia,top_videos_daily,,57,https://i.ytimg.com/vi/dAevFxbfqkU/mqdefault.jpg,Gadis Manis Kalimantan,Syahriyadi,,,Gadis Manis Kalimantan Syahriyadi
2026-08-17,my,Malaysia,top_videos_daily,,58,https://i.ytimg.com/vi/fLexgOxsZu0/mqdefault.jpg,The Lazy Song,Bruno Mars,,,The Lazy Song Bruno Mars
2026-08-17,my,Malaysia,top_videos_daily,,59,https://i.ytimg.com/vi/H5mBRsAolIQ/mqdefault.jpg,Mengusung Rindu,Spin,,,Mengusung Rindu Spin
2026-08-17,my,Malaysia,top_videos_daily,,60,https://i.ytimg.com/vi/45BiRra_QCM/mqdefault.jpg,Bunga Larangan,UG14,,,Bunga Larangan UG14
2026-08-17,my,Malaysia,top_videos_daily,,61,https://i.ytimg.com/vi/pRfmrE0ToTo/mqdefault.jpg,Rewrite the Stars,詹姆士·亞瑟 / 安-瑪莉,,,Rewrite the Stars 詹姆士·亞瑟 & 安-瑪莉
2026-08-17,my,Malaysia,top_videos_daily,,62,https://i.ytimg.com/vi/PT2_F-1esPk/mqdefault.jpg,Closer,The Chainsmokers,,,Closer The Chainsmokers
2026-08-17,my,Malaysia,top_videos_daily,,63,https://i.ytimg.com/vi/fMiH9F7O9eM/mqdefault.jpg,Tak Adil,Aisha Retno,,,Tak Adil Aisha Retno
2026-08-17,my,Malaysia,top_videos_daily,,64,https://i.ytimg.com/vi/wPb_miODtDI/mqdefault.jpg,Astaga Bercanda,Akbar Chalay / Mingse,,,Astaga Bercanda Akbar Chalay & Mingse
2026-08-17,my,Malaysia,top_videos_daily,,65,https://i.ytimg.com/vi/Il-an3K9pjg/mqdefault.jpg,Anne,Marie,"5月 8, 2018",26073,"65 7 2002 Anne-Marie 5月 8, 2018 72 10 26,073"
2026-08-17,my,Malaysia,top_videos_daily,,66,https://i.ytimg.com/vi/2uJut6USftQ/mqdefault.jpg,Jatuh Suka,圖魯斯,"3月 2, 2022",24729,"66 8 Jatuh Suka 圖魯斯 3月 2, 2022 74 3 24,729"
2026-08-17,my,Malaysia,top_videos_daily,,67,https://i.ytimg.com/vi/igALsfpS4BA/mqdefault.jpg,Bunga,Exists,"9月 8, 2020",24421,"67 6 Bunga Exists 9月 8, 2020 61 13 24,421"
2026-08-17,my,Malaysia,top_videos_daily,,68,https://i.ytimg.com/vi/k_V8Xfkhd_Y/mqdefault.jpg,Tersingkap Kini Rahsia Tersembunyi,Kulit,,,Tersingkap Kini Rahsia Tersembunyi Kulit
2026-08-17,my,Malaysia,top_videos_daily,,69,https://i.ytimg.com/vi/Bm9lLpmPM0A/mqdefault.jpg,Pattampoochi,Sublahshini / G.V. Prakash Kumar,,,Pattampoochi Sublahshini & G.V. Prakash Kumar
2026-08-17,my,Malaysia,top_videos_daily,,70,https://i.ytimg.com/vi/0yW7w8F2TVA/mqdefault.jpg,Say You Won't Let Go,James Arthur,,,Say You Won't Let Go James Arthur
2026-08-17,my,Malaysia,top_videos_daily,,71,https://i.ytimg.com/vi/kvzCTmwnI-A/mqdefault.jpg,Tiwikarma,K.O.I,"9月 18, 2024",23822,"71 71 Tiwikarma K.O.I 9月 18, 2024 - 3 23,822"
2026-08-17,my,Malaysia,top_videos_daily,,72,https://i.ytimg.com/vi/Q9D_5C0Xhd8/mqdefault.jpg,Kaban Sampai Mati,Watt Rock,,,Kaban Sampai Mati Watt Rock
2026-08-17,my,Malaysia,top_videos_daily,,73,https://i.ytimg.com/vi/49x5rfxmv4E/mqdefault.jpg,Karuppa Kooda Va,Sai Abhyankkar / V·M·馬哈林加姆,,,Karuppa Kooda Va Sai Abhyankkar & V·M·馬哈林加姆
2026-08-17,my,Malaysia,top_videos_daily,,74,https://i.ytimg.com/vi/0SbnqsQInqE/mqdefault.jpg,MUTIARA,Ipank / Kintani,,,MUTIARA Ipank & Kintani
2026-08-17,my,Malaysia,top_videos_daily,,75,https://i.ytimg.com/vi/9OF_cF48mjA/mqdefault.jpg,Raavana Mavandaa,Anirudh Ravichander / Vivek,,,Raavana Mavandaa Anirudh Ravichander & Vivek
2026-08-17,my,Malaysia,top_videos_daily,,76,https://i.ytimg.com/vi/CnF6B2UJ3YA/mqdefault.jpg,Bourgenvilla (Official Music Video),Spring,,,Bourgenvilla (Official Music Video) Spring
2026-08-17,my,Malaysia,top_videos_daily,,77,https://i.ytimg.com/vi/bMhDJ0S0OBA/mqdefault.jpg,It's Me,ILLIT,"4月 30, 2026",22563,"77 20 It's Me ILLIT 4月 30, 2026 97 95 22,563"
2026-08-17,my,Malaysia,top_videos_daily,,78,https://i.ytimg.com/vi/BZ4UzthYTss/mqdefault.jpg,This & That,Stray Kids,,,This & That Stray Kids
2026-08-17,my,Malaysia,top_videos_daily,,79,https://i.ytimg.com/vi/ZqASILLWclk/mqdefault.jpg,Adik Jando Abe Dudo - Den Manjo ft. Eda Ezrin | Official Music Video,ANAK SENI STUDIO,,,Adik Jando Abe Dudo - Den Manjo ft. Eda Ezrin | Official Music Video ANAK SENI STUDIO
2026-08-17,my,Malaysia,top_videos_daily,,80,https://i.ytimg.com/vi/mapIOhPtifo/mqdefault.jpg,Sejiwa,Spring,"8月 2, 2020",22209,"80 ● Sejiwa Spring 8月 2, 2020 80 75 22,209"
2026-08-17,my,Malaysia,top_videos_daily,,81,https://i.ytimg.com/vi/6JaeasJw-QI/mqdefault.jpg,Thalapathy Kacheri,Jayanth Maadhur / Anirudh Ravichander / Arun Kaundinya / Nazeeruddin / Srinivasa Mouli,,,"Thalapathy Kacheri Jayanth Maadhur , Anirudh Ravichander , Arun Kaundinya , Nazeeruddin & Srinivasa Mouli"
2026-08-17,my,Malaysia,top_videos_daily,,82,https://i.ytimg.com/vi/27C4pfRsf9g/mqdefault.jpg,ICONIC BY MISTAKE,LE SSERAFIM / ILLIT / KATSEYE,,,"ICONIC BY MISTAKE LE SSERAFIM , ILLIT & KATSEYE"
2026-08-17,my,Malaysia,top_videos_daily,,83,https://i.ytimg.com/vi/_Vp-jCG7gno/mqdefault.jpg,God Mode,Sai Abhyankkar / Gana Muthu / Vishnu Edavan,,,"God Mode Sai Abhyankkar , Gana Muthu & Vishnu Edavan"
2026-08-17,my,Malaysia,top_videos_daily,,84,https://i.ytimg.com/vi/x3eqqoZPV_E/mqdefault.jpg,춤 (CHOOM),BABYMONSTER,,,춤 (CHOOM) BABYMONSTER
2026-08-17,my,Malaysia,top_videos_daily,,85,https://i.ytimg.com/vi/VNuzL5GTK1g/mqdefault.jpg,Menanti janji,Ronnie Hussien,,,Menanti janji Ronnie Hussien
2026-08-17,my,Malaysia,top_videos_daily,,86,https://i.ytimg.com/vi/PIh2xe4jnpk/mqdefault.jpg,Rude,MAGIC!,"12月 5, 2013",20856,"86 1 Rude MAGIC! 12月 5, 2013 85 7 20,856"
2026-08-17,my,Malaysia,top_videos_daily,,87,https://i.ytimg.com/vi/N7LpNIDCyCA/mqdefault.jpg,mejikuhibiniu,Tenxi / Suisei / Jemsii,,,"mejikuhibiniu Tenxi , Suisei & Jemsii"
2026-08-17,my,Malaysia,top_videos_daily,,88,https://i.ytimg.com/vi/xXZwZ0DolJc/mqdefault.jpg,MOON,BABYMONSTER,,,MOON BABYMONSTER
2026-08-17,my,Malaysia,top_videos_daily,,89,https://i.ytimg.com/vi/YacpC7sUXMM/mqdefault.jpg,甲乙丙丁 (你我怎麼兩清伴奏),李佳薇,,,甲乙丙丁 (你我怎麼兩清伴奏) 李佳薇
2026-08-17,my,Malaysia,top_videos_daily,,90,https://i.ytimg.com/vi/0db5IV8ODz8/mqdefault.jpg,Terasing,Naim Daniel / Iman Troye,,,Terasing Naim Daniel & Iman Troye
2026-08-17,my,Malaysia,top_videos_daily,,91,https://i.ytimg.com/vi/atP1E-rpKcI/mqdefault.jpg,The One That Got Away,Katy Perry,,,The One That Got Away Katy Perry
2026-08-17,my,Malaysia,top_videos_daily,,92,https://i.ytimg.com/vi/Q3bFaJVLlb0/mqdefault.jpg,ဤသို့ပြုရ - သိပ္ပံထွန်း [ Official Lyric Video ] #ဤသ်ို့ပြုရ #theinkpanhtun #eithotpyuya,Theinkpan Htun,,,ဤသို့ပြုရ - သိပ္ပံထွန်း [ Official Lyric Video ] #ဤသ်ို့ပြုရ #theinkpanhtun #eithotpyuya Theinkpan Htun
2026-08-17,my,Malaysia,top_videos_daily,,93,https://i.ytimg.com/vi/48hNRWso-jI/mqdefault.jpg,Takdir Tercipta,Hafiz Suip / Adira,,,Takdir Tercipta Hafiz Suip & Adira
2026-08-17,my,Malaysia,top_videos_daily,,94,https://i.ytimg.com/vi/QxWoYkrgpJE/mqdefault.jpg,Nallaru po,Tippu / Sai Abhyankkar,,,Nallaru po Tippu & Sai Abhyankkar
2026-08-17,my,Malaysia,top_videos_daily,,95,https://i.ytimg.com/vi/chl0R8C4NJ8/mqdefault.jpg,Hearts2Hearts 하츠투하츠 'ICONIC HEART' MV,Hearts2Hearts,,,Hearts2Hearts 하츠투하츠 'ICONIC HEART' MV Hearts2Hearts
2026-08-17,my,Malaysia,top_videos_daily,,96,https://i.ytimg.com/vi/6ngCGiShxrc/mqdefault.jpg,ST12 - Cinta Tak Harus Memiliki (Lirik),Populer Musik,,,ST12 - Cinta Tak Harus Memiliki (Lirik) Populer Musik
2026-08-17,my,Malaysia,top_videos_daily,,97,https://i.ytimg.com/vi/v1t4MTqdfyI/mqdefault.jpg,hate that i made you love me,Ariana Grande,,,hate that i made you love me Ariana Grande
2026-08-17,my,Malaysia,top_videos_daily,,98,https://i.ytimg.com/vi/hbJbma5Pr4A/mqdefault.jpg,Masih Terserlah Ayumu,Exists,,,Masih Terserlah Ayumu Exists
2026-08-17,my,Malaysia,top_videos_daily,,99,https://i.ytimg.com/vi/LZfneKOXPoo/mqdefault.jpg,Pendam,Azarra Band,,,Pendam Azarra Band
2026-08-17,my,Malaysia,top_videos_daily,,100,https://i.ytimg.com/vi/Nskf70DMR60/mqdefault.jpg,Sesi Potret,eńau,,,Sesi Potret eńau