captured_date,market,market_name,chart,period_suffix,rank,image_url,video_url,primary_name,secondary_name,release_date,metric_value,raw_text
2026-09-21,global,Global,top_videos_daily,,1,https://i.ytimg.com/vi/fcnDmrtj6Sk/mqdefault.jpg,https://www.youtube.com/watch?v=fcnDmrtj6Sk,Dai Dai,Shakira / Burna Boy,,,Dai Dai Shakira & Burna Boy
2026-09-21,global,Global,top_videos_daily,,2,https://i.ytimg.com/vi/s2HYl12gmOY/mqdefault.jpg,https://www.youtube.com/watch?v=s2HYl12gmOY,Parvati,Sadhu Tiwari,,,Parvati Sadhu Tiwari
2026-09-21,global,Global,top_videos_daily,,3,https://i.ytimg.com/vi/vSA7yMrTETg/mqdefault.jpg,https://www.youtube.com/watch?v=vSA7yMrTETg,Xamdam Sobirov - Peshta / Хамдам Собиров - Пешта / Video Klip,Xamdam Sobirov,,,Xamdam Sobirov - Peshta / Хамдам Собиров - Пешта / Video Klip Xamdam Sobirov
2026-09-21,global,Global,top_videos_daily,,4,https://i.ytimg.com/vi/Lufa9QAFFeY/mqdefault.jpg,https://www.youtube.com/watch?v=Lufa9QAFFeY,new trick,ROSÉ,"9月 17, 2026",4805768,"4 3 new trick ROSÉ 9月 17, 2026 1 2 4,805,768"
2026-09-21,global,Global,top_videos_daily,,5,https://i.ytimg.com/vi/JqFzhcWo3EU/mqdefault.jpg,https://www.youtube.com/watch?v=JqFzhcWo3EU,"Yeshanagula (From ""The Paradise"") (Telugu)",Jangi Reddy / Singer Prabha / 希厄姆·卡莎拉 / Anirudh Ravichander,,,"Yeshanagula (From ""The Paradise"") (Telugu) Jangi Reddy , Singer Prabha , 希厄姆·卡莎拉 & Anirudh Ravichander"
2026-09-21,global,Global,top_videos_daily,,6,https://i.ytimg.com/vi/xvT1jH8B9AM/mqdefault.jpg,https://www.youtube.com/watch?v=xvT1jH8B9AM,KALYANI (Remix),ARJN / KDS / FIFTY4 / 舒蕾亞·戈沙爾,,,"KALYANI (Remix) ARJN , KDS , FIFTY4 & 舒蕾亞·戈沙爾"
2026-09-21,global,Global,top_videos_daily,,7,https://i.ytimg.com/vi/vRjaGgDsWSo/mqdefault.jpg,https://www.youtube.com/watch?v=vRjaGgDsWSo,Casa Tupka Anthemo | @YoYoHoneySingh feat. Priyanshi | Full Video,Yo・Yo・哈尼・辛,,,Casa Tupka Anthemo | @YoYoHoneySingh feat. Priyanshi | Full Video Yo・Yo・哈尼・辛
2026-09-21,global,Global,top_videos_daily,,8,https://i.ytimg.com/vi/yebNIHKAC4A/mqdefault.jpg,https://www.youtube.com/watch?v=yebNIHKAC4A,Golden,HUNTR/X / EJAE / AUDREY NUNA / REI AMI / KPop Demon Hunters Cast,,,"Golden HUNTR/X , EJAE , AUDREY NUNA , REI AMI & KPop Demon Hunters Cast"
2026-09-21,global,Global,top_videos_daily,,9,https://i.ytimg.com/vi/rjfxLq3OQ0w/mqdefault.jpg,https://www.youtube.com/watch?v=rjfxLq3OQ0w,Zid,Shaarib Toshi / 桑妮蒂·喬寒,,,Zid Shaarib Toshi & 桑妮蒂·喬寒
2026-09-21,global,Global,top_videos_daily,,10,https://i.ytimg.com/vi/A_RV2H2F9jw/mqdefault.jpg,https://www.youtube.com/watch?v=A_RV2H2F9jw,Basinga Balaalu,Srinidhi Nerella / Kalyan Keys / Swamy Naresh,,,"Basinga Balaalu Srinidhi Nerella , Kalyan Keys & Swamy Naresh"
2026-09-21,global,Global,top_videos_daily,,11,https://i.ytimg.com/vi/FyS5dAywkEo/mqdefault.jpg,https://www.youtube.com/watch?v=FyS5dAywkEo,SaWaDiKa (Official Music Video),LISA,,,SaWaDiKa (Official Music Video) LISA
2026-09-21,global,Global,top_videos_daily,,12,https://i.ytimg.com/vi/ebZj_nrmH-c/mqdefault.jpg,https://www.youtube.com/watch?v=ebZj_nrmH-c,Barsaat,Banjaare / Roni,,,Barsaat Banjaare & Roni
2026-09-21,global,Global,top_videos_daily,,13,https://i.ytimg.com/vi/3DcoC8p9az8/mqdefault.jpg,https://www.youtube.com/watch?v=3DcoC8p9az8,Training Season (Live),Dua Lipa,,,Training Season (Live) Dua Lipa
2026-09-21,global,Global,top_videos_daily,,14,https://i.ytimg.com/vi/YyepU5ztLf4/mqdefault.jpg,https://www.youtube.com/watch?v=YyepU5ztLf4,Shararat,Madhubanti Bagchi / 雅斯文·桑德拉斯 / 沙赫瓦特·薩赫迪夫,,,"Shararat Madhubanti Bagchi , 雅斯文·桑德拉斯 & 沙赫瓦特·薩赫迪夫"
2026-09-21,global,Global,top_videos_daily,,15,https://i.ytimg.com/vi/is8UDe2PhKQ/mqdefault.jpg,https://www.youtube.com/watch?v=is8UDe2PhKQ,KATSEYE (캣츠아이) 'Hootie Frutti' Official MV,KATSEYE,,,KATSEYE (캣츠아이) 'Hootie Frutti' Official MV KATSEYE
2026-09-21,global,Global,top_videos_daily,,16,https://i.ytimg.com/vi/fRIhCiUVaKs/mqdefault.jpg,https://www.youtube.com/watch?v=fRIhCiUVaKs,BbY WOW (Visualizer),Judeline / rusowsky,,,BbY WOW (Visualizer) Judeline & rusowsky
2026-09-21,global,Global,top_videos_daily,,17,https://i.ytimg.com/vi/yWNPxS0sXnE/mqdefault.jpg,https://www.youtube.com/watch?v=yWNPxS0sXnE,Jai Jai Ram,Shreya Ghoshal / Arijit Singh,,,Jai Jai Ram Shreya Ghoshal & Arijit Singh
2026-09-21,global,Global,top_videos_daily,,18,https://i.ytimg.com/vi/kwwdY1bp-Ck/mqdefault.jpg,https://www.youtube.com/watch?v=kwwdY1bp-Ck,Todo Lo Fue,Lenin Ramirez,,,Todo Lo Fue Lenin Ramirez
2026-09-21,global,Global,top_videos_daily,,19,https://i.ytimg.com/vi/u9BdaJTWeiw/mqdefault.jpg,https://www.youtube.com/watch?v=u9BdaJTWeiw,Barbaadi,Shilpi Raj,,,Barbaadi Shilpi Raj
2026-09-21,global,Global,top_videos_daily,,20,https://i.ytimg.com/vi/FzG4uDgje3M/mqdefault.jpg,https://www.youtube.com/watch?v=FzG4uDgje3M,Dame Tu Cosita,Dancing Green Alien / El Chombo,,,Dame Tu Cosita Dancing Green Alien & El Chombo
2026-09-21,global,Global,top_videos_daily,,21,https://i.ytimg.com/vi/z5y8Clp_TdE/mqdefault.jpg,https://www.youtube.com/watch?v=z5y8Clp_TdE,KALYANI (Remix),舒蕾亞·戈沙爾 / ARJN / FIFTY4 / KDS,,,"KALYANI (Remix) 舒蕾亞·戈沙爾 , ARJN , FIFTY4 & KDS"
2026-09-21,global,Global,top_videos_daily,,22,https://i.ytimg.com/vi/RO75uUZiAw0/mqdefault.jpg,https://www.youtube.com/watch?v=RO75uUZiAw0,Teh Hijau,圖魯斯,"6月 29, 2026",2001104,"22 3 Teh Hijau 圖魯斯 6月 29, 2026 25 76 2,001,104"
2026-09-21,global,Global,top_videos_daily,,23,https://i.ytimg.com/vi/m7k9UMcHbr0/mqdefault.jpg,https://www.youtube.com/watch?v=m7k9UMcHbr0,"KATSEYE (캣츠아이) ""Animal"" Official MV",KATSEYE,,,"KATSEYE (캣츠아이) ""Animal"" Official MV KATSEYE"
2026-09-21,global,Global,top_videos_daily,,24,https://i.ytimg.com/vi/8F2s8ivKXNY/mqdefault.jpg,https://www.youtube.com/watch?v=8F2s8ivKXNY,Life Goes On,Oliver Tree,,,Life Goes On Oliver Tree
2026-09-21,global,Global,top_videos_daily,,25,https://i.ytimg.com/vi/jR3rWCBeO6M/mqdefault.jpg,https://www.youtube.com/watch?v=jR3rWCBeO6M,"Radhimaa [From ""Think Indie""]",Asma Teji / Sai Abhyankkar / Vivek / Nargis Teji,,,"Radhimaa [From ""Think Indie""] Asma Teji , Sai Abhyankkar , Vivek & Nargis Teji"
2026-09-21,global,Global,top_videos_daily,,26,https://i.ytimg.com/vi/6rvUyBiBtik/mqdefault.jpg,https://www.youtube.com/watch?v=6rvUyBiBtik,Tera Mera Rishta,Sayeed Quadri / Mustafa Zahid / Pritam,,,"Tera Mera Rishta Sayeed Quadri , Mustafa Zahid & Pritam"
2026-09-21,global,Global,top_videos_daily,,27,https://i.ytimg.com/vi/5Y3a06rJjoU/mqdefault.jpg,https://www.youtube.com/watch?v=5Y3a06rJjoU,Garee2a Awy (Live),TUL8TE,,,Garee2a Awy (Live) TUL8TE
2026-09-21,global,Global,top_videos_daily,,28,https://i.ytimg.com/vi/Tk9TM7-eTmw/mqdefault.jpg,https://www.youtube.com/watch?v=Tk9TM7-eTmw,Joseph,Serj Tankian / Corey Taylor / 陷入逆境,,,"Joseph Serj Tankian , Corey Taylor & 陷入逆境"
2026-09-21,global,Global,top_videos_daily,,29,https://i.ytimg.com/vi/2-NkuLjtGNY/mqdefault.jpg,https://www.youtube.com/watch?v=2-NkuLjtGNY,Maluma & Shakira - AGUA (Official Video),Maluma,,,Maluma & Shakira - AGUA (Official Video) Maluma
2026-09-21,global,Global,top_videos_daily,,30,https://i.ytimg.com/vi/QCZZwZQ4qNs/mqdefault.jpg,https://www.youtube.com/watch?v=QCZZwZQ4qNs,Si Antes Te Hubiera Conocido,KAROL G,,,Si Antes Te Hubiera Conocido KAROL G
2026-09-21,global,Global,top_videos_daily,,31,https://i.ytimg.com/vi/2yreX_ZCfgM/mqdefault.jpg,https://www.youtube.com/watch?v=2yreX_ZCfgM,Peão Todo Tatuado,Mariana Fagundes / jeninho,,,Peão Todo Tatuado Mariana Fagundes & jeninho
2026-09-21,global,Global,top_videos_daily,,32,https://i.ytimg.com/vi/SQ4jZ-EAL88/mqdefault.jpg,https://www.youtube.com/watch?v=SQ4jZ-EAL88,Vaaroon Forever (Official Video) | Mirzapur The Movie | Shreya Ghoshal | Romy | Anand B | Ginny D,阿南德·巴斯卡爾,,,Vaaroon Forever (Official Video) | Mirzapur The Movie | Shreya Ghoshal | Romy | Anand B | Ginny D 阿南德·巴斯卡爾
2026-09-21,global,Global,top_videos_daily,,33,https://i.ytimg.com/vi/q2IMrkhSjSA/mqdefault.jpg,https://www.youtube.com/watch?v=q2IMrkhSjSA,ÇOK GÜZEL GÜLÜYORSUN,Blok3 / Poizi,,,ÇOK GÜZEL GÜLÜYORSUN Blok3 & Poizi
2026-09-21,global,Global,top_videos_daily,,34,https://i.ytimg.com/vi/A7ShtPRP2Mc/mqdefault.jpg,https://www.youtube.com/watch?v=A7ShtPRP2Mc,Kayıp Kalp,Blok3,,,Kayıp Kalp Blok3
2026-09-21,global,Global,top_videos_daily,,35,https://i.ytimg.com/vi/69L-nKRY3ac/mqdefault.jpg,https://www.youtube.com/watch?v=69L-nKRY3ac,Sebebi Yar,Blok3,,,Sebebi Yar Blok3
2026-09-21,global,Global,top_videos_daily,,36,https://i.ytimg.com/vi/IxX_QHay02M/mqdefault.jpg,https://www.youtube.com/watch?v=IxX_QHay02M,W&W - OIIA OIIA (Spinning Cat),W&W,,,W&W - OIIA OIIA (Spinning Cat) W&W
2026-09-21,global,Global,top_videos_daily,,37,https://i.ytimg.com/vi/7w7LUaLpM4E/mqdefault.jpg,https://www.youtube.com/watch?v=7w7LUaLpM4E,MALLEPOOLA PALLAKI 8K VIDEO | RAVI TEJA | GV PRAKASH | DAPPU SRINU | IRUMUDI | AYYAPPA SONG,Sunkara Anjaneyulu / Yugabharathi / G.V. Prakash Kumar / Velmurugan,,,"MALLEPOOLA PALLAKI 8K VIDEO | RAVI TEJA | GV PRAKASH | DAPPU SRINU | IRUMUDI | AYYAPPA SONG Sunkara Anjaneyulu , Yugabharathi , G.V. Prakash Kumar & Velmurugan"
2026-09-21,global,Global,top_videos_daily,,38,https://i.ytimg.com/vi/bMhDJ0S0OBA/mqdefault.jpg,https://www.youtube.com/watch?v=bMhDJ0S0OBA,It's Me,ILLIT,"4月 30, 2026",1587698,"38 12 It's Me ILLIT 4月 30, 2026 50 143 1,587,698"
2026-09-21,global,Global,top_videos_daily,,39,https://i.ytimg.com/vi/-1SgFHqxjlw/mqdefault.jpg,https://www.youtube.com/watch?v=-1SgFHqxjlw,SxyCip - Love All Day (Official Music Video),SxyCip,,,SxyCip - Love All Day (Official Music Video) SxyCip
2026-09-21,global,Global,top_videos_daily,,40,https://i.ytimg.com/vi/QnQnz9G2LNw/mqdefault.jpg,https://www.youtube.com/watch?v=QnQnz9G2LNw,MALLEPOOLA PALLAKI (Song) | Ravi Teja | GV Prakash | Dappu Srinu | Shiva Nirvana | Irumudi,Sunkara Anjaneyulu / Yugabharathi / G.V. Prakash Kumar / Velmurugan,,,"MALLEPOOLA PALLAKI (Song) | Ravi Teja | GV Prakash | Dappu Srinu | Shiva Nirvana | Irumudi Sunkara Anjaneyulu , Yugabharathi , G.V. Prakash Kumar & Velmurugan"
2026-09-21,global,Global,top_videos_daily,,41,https://i.ytimg.com/vi/qwaVhOZkAek/mqdefault.jpg,https://www.youtube.com/watch?v=qwaVhOZkAek,Let’s Get Married,Miley Cyrus,,,Let’s Get Married Miley Cyrus
2026-09-21,global,Global,top_videos_daily,,42,https://i.ytimg.com/vi/oafxkMv4xnc/mqdefault.jpg,https://www.youtube.com/watch?v=oafxkMv4xnc,Bairan,Banjaare,"2月 13, 2026",1521842,"42 3 Bairan Banjaare 2月 13, 2026 39 197 1,521,842"
2026-09-21,global,Global,top_videos_daily,,43,https://i.ytimg.com/vi/vutbVGewIcg/mqdefault.jpg,https://www.youtube.com/watch?v=vutbVGewIcg,Las Mas Bonitas Son P*tas,Anuel AA,,,Las Mas Bonitas Son P*tas Anuel AA
2026-09-21,global,Global,top_videos_daily,,44,https://i.ytimg.com/vi/b68HETiNO98/mqdefault.jpg,https://www.youtube.com/watch?v=b68HETiNO98,Pavazha Malli,Sai Abhyankkar / Shruti Haasan,,,Pavazha Malli Sai Abhyankkar & Shruti Haasan
2026-09-21,global,Global,top_videos_daily,,45,https://i.ytimg.com/vi/cL0KKSPjZf8/mqdefault.jpg,https://www.youtube.com/watch?v=cL0KKSPjZf8,Boom Shaka,KR$NA / Dhanda Nyoliwala,,,Boom Shaka KR$NA & Dhanda Nyoliwala
2026-09-21,global,Global,top_videos_daily,,46,https://i.ytimg.com/vi/F2m4HPLvj-4/mqdefault.jpg,https://www.youtube.com/watch?v=F2m4HPLvj-4,Jaiye Sajana,雅斯文·桑德拉斯 / 施廷德·薩爾塔 / 沙赫瓦特·薩赫迪夫,,,"Jaiye Sajana 雅斯文·桑德拉斯 , 施廷德·薩爾塔 & 沙赫瓦特·薩赫迪夫"
2026-09-21,global,Global,top_videos_daily,,47,https://i.ytimg.com/vi/23cipSExADA/mqdefault.jpg,https://www.youtube.com/watch?v=23cipSExADA,เพราะพี่รักจริง,หนึ่ง บีเคแบนด์,,,เพราะพี่รักจริง หนึ่ง บีเคแบนด์
2026-09-21,global,Global,top_videos_daily,,48,https://i.ytimg.com/vi/aRNfSqsgrgE/mqdefault.jpg,https://www.youtube.com/watch?v=aRNfSqsgrgE,Sheesha,Mitta Ror / Swara Verma,,,Sheesha Mitta Ror & Swara Verma
2026-09-21,global,Global,top_videos_daily,,49,https://i.ytimg.com/vi/27C4pfRsf9g/mqdefault.jpg,https://www.youtube.com/watch?v=27C4pfRsf9g,ICONIC BY MISTAKE,LE SSERAFIM / ILLIT / KATSEYE,,,"ICONIC BY MISTAKE LE SSERAFIM , ILLIT & KATSEYE"
2026-09-21,global,Global,top_videos_daily,,50,https://i.ytimg.com/vi/OQac93ARgQE/mqdefault.jpg,https://www.youtube.com/watch?v=OQac93ARgQE,Nano,Saint Levant / TUL8TE,,,Nano Saint Levant & TUL8TE
2026-09-21,global,Global,top_videos_daily,,51,https://i.ytimg.com/vi/-FBwd9cWJoQ/mqdefault.jpg,https://www.youtube.com/watch?v=-FBwd9cWJoQ,Kırgınım,Blok3,"6月 4, 2026",1344530,"51 2 Kırgınım Blok3 6月 4, 2026 49 100 1,344,530"
2026-09-21,global,Global,top_videos_daily,,52,https://i.ytimg.com/vi/4F2jDMgioqk/mqdefault.jpg,https://www.youtube.com/watch?v=4F2jDMgioqk,"Saanson Ko (From ""Zid"")",Toshi Sabri / Arijit Singh,,,"Saanson Ko (From ""Zid"") Toshi Sabri & Arijit Singh"
2026-09-21,global,Global,top_videos_daily,,53,https://i.ytimg.com/vi/elNce4ixLmE/mqdefault.jpg,https://www.youtube.com/watch?v=elNce4ixLmE,Hootie Frutti,KATSEYE,,,Hootie Frutti KATSEYE
2026-09-21,global,Global,top_videos_daily,,54,https://i.ytimg.com/vi/Md7kqHsWWs4/mqdefault.jpg,https://www.youtube.com/watch?v=Md7kqHsWWs4,Six Seven,Laurinha Costa / SoundMusic Original / Dj Cabello / Dj Tchouzen,,,"Six Seven Laurinha Costa , SoundMusic Original , Dj Cabello & Dj Tchouzen"
2026-09-21,global,Global,top_videos_daily,,55,https://i.ytimg.com/vi/yBXJQ7eBmWw/mqdefault.jpg,https://www.youtube.com/watch?v=yBXJQ7eBmWw,Bari (Official Music Video) NIJJAR | Autobiography | Latest Punjabi Song 2026,Saregama Punjabi,,2026,Bari (Official Music Video) NIJJAR | Autobiography | Latest Punjabi Song 2026 Saregama Punjabi
2026-09-21,global,Global,top_videos_daily,,56,https://i.ytimg.com/vi/qpIdoaaPa6U/mqdefault.jpg,https://www.youtube.com/watch?v=qpIdoaaPa6U,Jeene Laga Hoon (Lyrical),薩辛-吉格爾,,,Jeene Laga Hoon (Lyrical) 薩辛-吉格爾
2026-09-21,global,Global,top_videos_daily,,57,https://i.ytimg.com/vi/fLexgOxsZu0/mqdefault.jpg,https://www.youtube.com/watch?v=fLexgOxsZu0,The Lazy Song,Bruno Mars,,,The Lazy Song Bruno Mars
2026-09-21,global,Global,top_videos_daily,,58,https://i.ytimg.com/vi/6Db-cEgbmC4/mqdefault.jpg,https://www.youtube.com/watch?v=6Db-cEgbmC4,Mi Chico,Jason Derulo,,,Mi Chico Jason Derulo
2026-09-21,global,Global,top_videos_daily,,59,https://i.ytimg.com/vi/-q_S27LbNKU/mqdefault.jpg,https://www.youtube.com/watch?v=-q_S27LbNKU,BAD,ATEEZ,"6月 25, 2026",1122657,"59 6 BAD ATEEZ 6月 25, 2026 65 79 1,122,657"
2026-09-21,global,Global,top_videos_daily,,60,https://i.ytimg.com/vi/PwTcikeQ8Wg/mqdefault.jpg,https://www.youtube.com/watch?v=PwTcikeQ8Wg,Parvati (Lyrical) | Jab Zid Pe Aa Gayi Parvati | Hanuman Ansh | Sadhu Tiwari | Shiv Parvati Song,Times Music,,,Parvati (Lyrical) | Jab Zid Pe Aa Gayi Parvati | Hanuman Ansh | Sadhu Tiwari | Shiv Parvati Song Times Music
2026-09-21,global,Global,top_videos_daily,,61,https://i.ytimg.com/vi/kG0z7hwY3as/mqdefault.jpg,https://www.youtube.com/watch?v=kG0z7hwY3as,Debut,KATSEYE,"7月 2, 2024",1111261,"61 29 Debut KATSEYE 7月 2, 2024 90 42 1,111,261"
2026-09-21,global,Global,top_videos_daily,,62,https://i.ytimg.com/vi/0pg0raFMNIU/mqdefault.jpg,https://www.youtube.com/watch?v=0pg0raFMNIU,Toz Pembe,manifest,,,Toz Pembe manifest
2026-09-21,global,Global,top_videos_daily,,63,https://i.ytimg.com/vi/ivX_Bule86Q/mqdefault.jpg,https://www.youtube.com/watch?v=ivX_Bule86Q,Vamo a Vel (Official Video),ROA / Anuel AA,,,Vamo a Vel (Official Video) ROA & Anuel AA
2026-09-21,global,Global,top_videos_daily,,64,https://i.ytimg.com/vi/CTJ6vhNb3rA/mqdefault.jpg,https://www.youtube.com/watch?v=CTJ6vhNb3rA,GURU RANDHAWA - “2 EYES” MV,谷魯·蘭達瓦,,,GURU RANDHAWA - “2 EYES” MV 谷魯·蘭達瓦
2026-09-21,global,Global,top_videos_daily,,65,https://i.ytimg.com/vi/7VsejGzcJmM/mqdefault.jpg,https://www.youtube.com/watch?v=7VsejGzcJmM,Alaakaa Loova,Sai Abhyankkar,,,Alaakaa Loova Sai Abhyankkar
2026-09-21,global,Global,top_videos_daily,,66,https://i.ytimg.com/vi/dTWEFx3DeM8/mqdefault.jpg,https://www.youtube.com/watch?v=dTWEFx3DeM8,Anor,Mirjalol Nematov,,,Anor Mirjalol Nematov
2026-09-21,global,Global,top_videos_daily,,67,https://i.ytimg.com/vi/PkMKJEkE8Mo/mqdefault.jpg,https://www.youtube.com/watch?v=PkMKJEkE8Mo,Gnarly,KATSEYE,"5月 5, 2025",1075656,"67 22 Gnarly KATSEYE 5月 5, 2025 89 29 1,075,656"
2026-09-21,global,Global,top_videos_daily,,68,https://i.ytimg.com/vi/2gXNDr_6FcE/mqdefault.jpg,https://www.youtube.com/watch?v=2gXNDr_6FcE,Irumudi Kattu,Ananthu / Shiva Nirvana / G.V. Prakash Kumar / Kalyan Chakravarthy Tripuraneni,,,"Irumudi Kattu Ananthu , Shiva Nirvana , G.V. Prakash Kumar & Kalyan Chakravarthy Tripuraneni"
2026-09-21,global,Global,top_videos_daily,,69,https://i.ytimg.com/vi/ri1Ar5nEq4s/mqdefault.jpg,https://www.youtube.com/watch?v=ri1Ar5nEq4s,Aaj Ki Raat,Madhubanti Bagchi / Divya Kumar / Sachin-Jigar,,,"Aaj Ki Raat Madhubanti Bagchi , Divya Kumar & Sachin-Jigar"
2026-09-21,global,Global,top_videos_daily,,70,https://i.ytimg.com/vi/x6_mbnsh6VU/mqdefault.jpg,https://www.youtube.com/watch?v=x6_mbnsh6VU,STORM I & II,Gener8ion / Yung Lean,,,STORM I & II Gener8ion & Yung Lean
2026-09-21,global,Global,top_videos_daily,,71,https://i.ytimg.com/vi/Elp1SHhSQ9M/mqdefault.jpg,https://www.youtube.com/watch?v=Elp1SHhSQ9M,Tus Mentiras,Moy Bobadilla / Grupo Firme / Hernan Sepulveda / Max Peraza,,,"Tus Mentiras Moy Bobadilla , Grupo Firme , Hernan Sepulveda & Max Peraza"
2026-09-21,global,Global,top_videos_daily,,72,https://i.ytimg.com/vi/JpIw7rSLRqc/mqdefault.jpg,https://www.youtube.com/watch?v=JpIw7rSLRqc,時空超えてユニバース,M!LK,"9月 14, 2026",1044944,"72 14 時空超えてユニバース M!LK 9月 14, 2026 58 6 1,044,944"
2026-09-21,global,Global,top_videos_daily,,73,https://i.ytimg.com/vi/mz9F6mCFftI/mqdefault.jpg,https://www.youtube.com/watch?v=mz9F6mCFftI,Assala,Assala,"8月 3, 2026",1040891,"73 6 Assala Assala 8月 3, 2026 67 8 1,040,891"
2026-09-21,global,Global,top_videos_daily,,74,https://i.ytimg.com/vi/ZVVylrAkmfg/mqdefault.jpg,https://www.youtube.com/watch?v=ZVVylrAkmfg,CRUSH - BENİM OLSANA | Official Music Video,CRUSH,,,CRUSH - BENİM OLSANA | Official Music Video CRUSH
2026-09-21,global,Global,top_videos_daily,,75,https://i.ytimg.com/vi/TX-1dI8t6WM/mqdefault.jpg,https://www.youtube.com/watch?v=TX-1dI8t6WM,AMOR,Emmanuel Cortes,,,AMOR Emmanuel Cortes
2026-09-21,global,Global,top_videos_daily,,76,https://i.ytimg.com/vi/kXYiU_JCYtU/mqdefault.jpg,https://www.youtube.com/watch?v=kXYiU_JCYtU,Numb,Linkin Park,,,Numb Linkin Park
2026-09-21,global,Global,top_videos_daily,,77,https://i.ytimg.com/vi/eVTXPUF4Oz4/mqdefault.jpg,https://www.youtube.com/watch?v=eVTXPUF4Oz4,In the End,Linkin Park,,,In the End Linkin Park
2026-09-21,global,Global,top_videos_daily,,78,https://i.ytimg.com/vi/I_46tPHvVOw/mqdefault.jpg,https://www.youtube.com/watch?v=I_46tPHvVOw,DICHAVATE,Ya Ice Dilan / Rey Tony / Helabusador / JipMusic Global / dj honda,,,"DICHAVATE Ya Ice Dilan , Rey Tony , Helabusador , JipMusic Global & dj honda"
2026-09-21,global,Global,top_videos_daily,,79,https://i.ytimg.com/vi/M4ElYednE4w/mqdefault.jpg,https://www.youtube.com/watch?v=M4ElYednE4w,New Song 2026 | New Hindi Song | Mujhe Dard Mila | Emraan Hashmi | Rashmika Mandanna | New Song,Gaurav Mali,,2026,New Song 2026 | New Hindi Song | Mujhe Dard Mila | Emraan Hashmi | Rashmika Mandanna | New Song Gaurav Mali
2026-09-21,global,Global,top_videos_daily,,80,https://i.ytimg.com/vi/zC3UbTf4qrM/mqdefault.jpg,https://www.youtube.com/watch?v=zC3UbTf4qrM,YA BABA (FITNA FAREBI),阿米塔布·巴塔查亞 / Nakash Aziz,,,YA BABA (FITNA FAREBI) 阿米塔布·巴塔查亞 & Nakash Aziz
2026-09-21,global,Global,top_videos_daily,,81,https://i.ytimg.com/vi/s4UW__ysPEM/mqdefault.jpg,https://www.youtube.com/watch?v=s4UW__ysPEM,You,Fujii Kaze,"9月 17, 2026",1012387,"81 55 You Fujii Kaze 9月 17, 2026 26 3 1,012,387"
2026-09-21,global,Global,top_videos_daily,,82,https://i.ytimg.com/vi/09839DpTctU/mqdefault.jpg,https://www.youtube.com/watch?v=09839DpTctU,Hotel California (Live),Eagles,,,Hotel California (Live) Eagles
2026-09-21,global,Global,top_videos_daily,,83,https://i.ytimg.com/vi/fPO76Jlnz6c/mqdefault.jpg,https://www.youtube.com/watch?v=fPO76Jlnz6c,Gangsta's Paradise,小阿提斯・里昂・艾維,,,Gangsta's Paradise 小阿提斯・里昂・艾維
2026-09-21,global,Global,top_videos_daily,,84,https://i.ytimg.com/vi/8PeU6AVPQVg/mqdefault.jpg,https://www.youtube.com/watch?v=8PeU6AVPQVg,Bad Times Deep House,Imael Angel,,,Bad Times Deep House Imael Angel
2026-09-21,global,Global,top_videos_daily,,85,https://i.ytimg.com/vi/Vr1M_l-1wjc/mqdefault.jpg,https://www.youtube.com/watch?v=Vr1M_l-1wjc,EL AMOR DE SU VIDA,Grupo Frontera / Grupo Firme,,,EL AMOR DE SU VIDA Grupo Frontera & Grupo Firme
2026-09-21,global,Global,top_videos_daily,,86,https://i.ytimg.com/vi/5C-luqdmozo/mqdefault.jpg,https://www.youtube.com/watch?v=5C-luqdmozo,時空超えてユニバース,M!LK,"9月 18, 2026",961983,"86 New 時空超えてユニバース M!LK 9月 18, 2026 - 1 961,983"
2026-09-21,global,Global,top_videos_daily,,87,https://i.ytimg.com/vi/znlFu_lemsU/mqdefault.jpg,https://www.youtube.com/watch?v=znlFu_lemsU,Family Affair,Mary J. Blige,,,Family Affair Mary J. Blige
2026-09-21,global,Global,top_videos_daily,,88,https://i.ytimg.com/vi/lhCPiauHI-g/mqdefault.jpg,https://www.youtube.com/watch?v=lhCPiauHI-g,Lord Verity - Master of Humanity (song),Horror Skunx,,,Lord Verity - Master of Humanity (song) Horror Skunx
2026-09-21,global,Global,top_videos_daily,,89,https://i.ytimg.com/vi/awWKxGftWh4/mqdefault.jpg,https://www.youtube.com/watch?v=awWKxGftWh4,Dunia Yang Nanti,Raim Laode,,,Dunia Yang Nanti Raim Laode
2026-09-21,global,Global,top_videos_daily,,90,https://i.ytimg.com/vi/Oyw1Eo21q5k/mqdefault.jpg,https://www.youtube.com/watch?v=Oyw1Eo21q5k,Kabze,Bintu Pabra / Shiva Choudhary,,,Kabze Bintu Pabra & Shiva Choudhary
2026-09-21,global,Global,top_videos_daily,,91,https://i.ytimg.com/vi/9udS0mpi1L4/mqdefault.jpg,https://www.youtube.com/watch?v=9udS0mpi1L4,Udaarian,施廷德·薩爾塔,,,Udaarian 施廷德·薩爾塔
2026-09-21,global,Global,top_videos_daily,,92,https://i.ytimg.com/vi/jWh-7JGuxTo/mqdefault.jpg,https://www.youtube.com/watch?v=jWh-7JGuxTo,Ara Beni,荷黛絲·阿奇高茲,,,Ara Beni 荷黛絲·阿奇高茲
2026-09-21,global,Global,top_videos_daily,,93,https://i.ytimg.com/vi/Y0pdQU87dc8/mqdefault.jpg,https://www.youtube.com/watch?v=Y0pdQU87dc8,(Everything I Do) I Do It For You,Bryan Adams,,,(Everything I Do) I Do It For You Bryan Adams
2026-09-21,global,Global,top_videos_daily,,94,https://i.ytimg.com/vi/I-5e_J3LWS8/mqdefault.jpg,https://www.youtube.com/watch?v=I-5e_J3LWS8,AH HA,Cardi B,"8月 27, 2026",919781,"94 6 AH HA Cardi B 8月 27, 2026 88 22 919,781"
2026-09-21,global,Global,top_videos_daily,,95,https://i.ytimg.com/vi/0NFxcNheoLc/mqdefault.jpg,https://www.youtube.com/watch?v=0NFxcNheoLc,Banjaara,穆罕默德·伊爾凡,,,Banjaara 穆罕默德·伊爾凡
2026-09-21,global,Global,top_videos_daily,,96,https://i.ytimg.com/vi/Ym4ti89tItw/mqdefault.jpg,https://www.youtube.com/watch?v=Ym4ti89tItw,YEDA YUNG,YUNG DSA / YEAR DOWN,,,YEDA YUNG YUNG DSA & YEAR DOWN
2026-09-21,global,Global,top_videos_daily,,97,https://i.ytimg.com/vi/BZ4UzthYTss/mqdefault.jpg,https://www.youtube.com/watch?v=BZ4UzthYTss,This & That,Stray Kids,,,This & That Stray Kids
2026-09-21,global,Global,top_videos_daily,,98,https://i.ytimg.com/vi/vTvGobaqo9E/mqdefault.jpg,https://www.youtube.com/watch?v=vTvGobaqo9E,Polvo Rosita - (Video Oficial) - Lenin Ramirez - DEL Records 2024,DEL Records,,2024,Polvo Rosita - (Video Oficial) - Lenin Ramirez - DEL Records 2024 DEL Records
2026-09-21,global,Global,top_videos_daily,,99,https://i.ytimg.com/vi/ZMLA565FuEY/mqdefault.jpg,https://www.youtube.com/watch?v=ZMLA565FuEY,Poda Padichiruken - Music Video | Meesaya Murukku 2 | Hiphop Tamizha,Saregama Tamil,,,Poda Padichiruken - Music Video | Meesaya Murukku 2 | Hiphop Tamizha Saregama Tamil
2026-09-21,global,Global,top_videos_daily,,100,https://i.ytimg.com/vi/Si9kWKnJKxE/mqdefault.jpg,https://www.youtube.com/watch?v=Si9kWKnJKxE,ZOMBIE,LAZARO,"5月 21, 2026",856375,"100 100 ZOMBIE LAZARO 5月 21, 2026 - 112 856,375"
2026-09-21,tw,Taiwan,top_videos_daily,,1,https://i.ytimg.com/vi/Lufa9QAFFeY/mqdefault.jpg,https://www.youtube.com/watch?v=Lufa9QAFFeY,new trick,ROSÉ,"9月 17, 2026",211585,"1 ● new trick ROSÉ 9月 17, 2026 1 2 211,585"
2026-09-21,tw,Taiwan,top_videos_daily,,2,https://i.ytimg.com/vi/YacpC7sUXMM/mqdefault.jpg,https://www.youtube.com/watch?v=YacpC7sUXMM,甲乙丙丁Strangers (伴奏),李佳薇,,,甲乙丙丁Strangers (伴奏) 李佳薇
2026-09-21,tw,Taiwan,top_videos_daily,,3,https://i.ytimg.com/vi/i5YRIjxyJP8/mqdefault.jpg,https://www.youtube.com/watch?v=i5YRIjxyJP8,太陽與地球,盧廣仲,"9月 16, 2025",75767,"3 3 太陽與地球 盧廣仲 9月 16, 2025 6 146 75,767"
2026-09-21,tw,Taiwan,top_videos_daily,,4,https://i.ytimg.com/vi/-q_S27LbNKU/mqdefault.jpg,https://www.youtube.com/watch?v=-q_S27LbNKU,BAD,ATEEZ,"6月 25, 2026",72342,"4 5 BAD ATEEZ 6月 25, 2026 9 86 72,342"
2026-09-21,tw,Taiwan,top_videos_daily,,5,https://i.ytimg.com/vi/Snvkb-GOuBw/mqdefault.jpg,https://www.youtube.com/watch?v=Snvkb-GOuBw,Abyssal Hymn,Ninomae Ina'nis,,,Abyssal Hymn Ninomae Ina'nis
2026-09-21,tw,Taiwan,top_videos_daily,,6,https://i.ytimg.com/vi/3rB3n_XR23o/mqdefault.jpg,https://www.youtube.com/watch?v=3rB3n_XR23o,我不該動情,老闆,"7月 1, 2026",67055,"6 1 我不該動情 老板 7月 1, 2026 5 77 67,055"
2026-09-21,tw,Taiwan,top_videos_daily,,7,https://i.ytimg.com/vi/mQUek1GYfvs/mqdefault.jpg,https://www.youtube.com/watch?v=mQUek1GYfvs,對等關係,李榮浩,"1月 27, 2022",66954,"7 4 對等關係 李榮浩 1月 27, 2022 3 10 66,954"
2026-09-21,tw,Taiwan,top_videos_daily,,8,https://i.ytimg.com/vi/p13tH7Etlzc/mqdefault.jpg,https://www.youtube.com/watch?v=p13tH7Etlzc,離開我的依賴,王艷薇,"2月 17, 2020",65023,"8 ● 離開我的依賴 王艷薇 2月 17, 2020 8 130 65,023"
2026-09-21,tw,Taiwan,top_videos_daily,,9,https://i.ytimg.com/vi/7mDDM0eBWR0/mqdefault.jpg,https://www.youtube.com/watch?v=7mDDM0eBWR0,소연 (SOYEON) '퇴사할게여 (Narr. 기안84)' Official Music Video,i-dle (아이들),,,소연 (SOYEON) '퇴사할게여 (Narr. 기안84)' Official Music Video i-dle (아이들)
2026-09-21,tw,Taiwan,top_videos_daily,,10,https://i.ytimg.com/vi/mpNKrWUhcy8/mqdefault.jpg,https://www.youtube.com/watch?v=mpNKrWUhcy8,不愛就不愛,艾薇,"12月 18, 2024",60885,"10 2 不愛就不愛 艾薇 12月 18, 2024 12 147 60,885"
2026-09-21,tw,Taiwan,top_videos_daily,,11,https://i.ytimg.com/vi/eB-IK2wPWzw/mqdefault.jpg,https://www.youtube.com/watch?v=eB-IK2wPWzw,BAD,ATEEZ,"8月 1, 2026",60115,"11 10 BAD ATEEZ 8月 1, 2026 21 48 60,115"
2026-09-21,tw,Taiwan,top_videos_daily,,12,https://i.ytimg.com/vi/jeRu6h4XbUU/mqdefault.jpg,https://www.youtube.com/watch?v=jeRu6h4XbUU,幸福在歌唱,A-Lin,"12月 26, 2025",59388,"12 1 幸福在歌唱 A-Lin 12月 26, 2025 11 145 59,388"
2026-09-21,tw,Taiwan,top_videos_daily,,13,https://i.ytimg.com/vi/FyS5dAywkEo/mqdefault.jpg,https://www.youtube.com/watch?v=FyS5dAywkEo,SaWaDiKa (Official Music Video),LISA,,,SaWaDiKa (Official Music Video) LISA
2026-09-21,tw,Taiwan,top_videos_daily,,14,https://i.ytimg.com/vi/Qe8fa4b5xNU/mqdefault.jpg,https://www.youtube.com/watch?v=Qe8fa4b5xNU,Good Goodbye,HWASA,,,Good Goodbye HWASA
2026-09-21,tw,Taiwan,top_videos_daily,,15,https://i.ytimg.com/vi/dRSZhZT6r-Y/mqdefault.jpg,https://www.youtube.com/watch?v=dRSZhZT6r-Y,沒有人像我,宇宙人,"7月 2, 2026",54317,"15 3 沒有人像我 宇宙人 7月 2, 2026 18 77 54,317"
2026-09-21,tw,Taiwan,top_videos_daily,,16,https://i.ytimg.com/vi/2rVheesBCv8/mqdefault.jpg,https://www.youtube.com/watch?v=2rVheesBCv8,理想混蛋 Bestards【最後一個謊 One Last Bouquet】Official Music Video,理想混蛋 Bestards,,,理想混蛋 Bestards【最後一個謊 One Last Bouquet】Official Music Video 理想混蛋 Bestards
2026-09-21,tw,Taiwan,top_videos_daily,,17,https://i.ytimg.com/vi/tWez_36Zs6I/mqdefault.jpg,https://www.youtube.com/watch?v=tWez_36Zs6I,レプリカント - Replicant,YORUSHIKA,,,レプリカント - Replicant YORUSHIKA
2026-09-21,tw,Taiwan,top_videos_daily,,18,https://i.ytimg.com/vi/x6_mbnsh6VU/mqdefault.jpg,https://www.youtube.com/watch?v=x6_mbnsh6VU,STORM I & II,Gener8ion / Yung Lean,,,STORM I & II Gener8ion & Yung Lean
2026-09-21,tw,Taiwan,top_videos_daily,,19,https://i.ytimg.com/vi/RdUV9Ms5GM4/mqdefault.jpg,https://www.youtube.com/watch?v=RdUV9Ms5GM4,IU 'Dear my crazy soulmate' MV,IU,,,IU 'Dear my crazy soulmate' MV IU
2026-09-21,tw,Taiwan,top_videos_daily,,20,https://i.ytimg.com/vi/376utoTabMI/mqdefault.jpg,https://www.youtube.com/watch?v=376utoTabMI,看著我的眼睛說,張遠 / 姚曉棠,,,看着我的眼睛说 张远 & 姚晓棠
2026-09-21,tw,Taiwan,top_videos_daily,,21,https://i.ytimg.com/vi/yebNIHKAC4A/mqdefault.jpg,https://www.youtube.com/watch?v=yebNIHKAC4A,Golden,HUNTR/X / EJAE / AUDREY NUNA / REI AMI / KPop Demon Hunters Cast,,,"Golden HUNTR/X , EJAE , AUDREY NUNA , REI AMI & KPop Demon Hunters Cast"
2026-09-21,tw,Taiwan,top_videos_daily,,22,https://i.ytimg.com/vi/0xlNP3tKfa4/mqdefault.jpg,https://www.youtube.com/watch?v=0xlNP3tKfa4,觀自在 (Remix),Marz23,,,觀自在 (Remix) Marz23
2026-09-21,tw,Taiwan,top_videos_daily,,23,https://i.ytimg.com/vi/bMhDJ0S0OBA/mqdefault.jpg,https://www.youtube.com/watch?v=bMhDJ0S0OBA,It's Me,ILLIT,"4月 30, 2026",46128,"23 5 It's Me ILLIT 4月 30, 2026 28 143 46,128"
2026-09-21,tw,Taiwan,top_videos_daily,,24,https://i.ytimg.com/vi/s4UW__ysPEM/mqdefault.jpg,https://www.youtube.com/watch?v=s4UW__ysPEM,You,Fujii Kaze,"9月 17, 2026",45869,"24 20 You Fujii Kaze 9月 17, 2026 4 3 45,869"
2026-09-21,tw,Taiwan,top_videos_daily,,25,https://i.ytimg.com/vi/5kRZn_jkb6s/mqdefault.jpg,https://www.youtube.com/watch?v=5kRZn_jkb6s,草屯囝仔 Caotun Boyz - 天光以前 Before Daylight (Official Music Video),草屯囝仔,,,草屯囝仔 Caotun Boyz - 天光以前 Before Daylight (Official Music Video) 草屯囝仔
2026-09-21,tw,Taiwan,top_videos_daily,,26,https://i.ytimg.com/vi/83C3TZ4Zm_o/mqdefault.jpg,https://www.youtube.com/watch?v=83C3TZ4Zm_o,LEMONADE,aespa,"5月 28, 2026",43517,"26 ● LEMONADE aespa 5月 28, 2026 26 114 43,517"
2026-09-21,tw,Taiwan,top_videos_daily,,27,https://i.ytimg.com/vi/9cS2wv6AfHk/mqdefault.jpg,https://www.youtube.com/watch?v=9cS2wv6AfHk,I LIKE IT,BABYMONSTER,,,I LIKE IT BABYMONSTER
2026-09-21,tw,Taiwan,top_videos_daily,,28,https://i.ytimg.com/vi/osyH9yWWygA/mqdefault.jpg,https://www.youtube.com/watch?v=osyH9yWWygA,All For You,周興哲,"7月 16, 2026",42521,"28 3 All For You 周興哲 7月 16, 2026 25 65 42,521"
2026-09-21,tw,Taiwan,top_videos_daily,,29,https://i.ytimg.com/vi/naoGk-Zjc1s/mqdefault.jpg,https://www.youtube.com/watch?v=naoGk-Zjc1s,SUGAR HONEY ICE TEA,BABYMONSTER,,,SUGAR HONEY ICE TEA BABYMONSTER
2026-09-21,tw,Taiwan,top_videos_daily,,30,https://i.ytimg.com/vi/x3eqqoZPV_E/mqdefault.jpg,https://www.youtube.com/watch?v=x3eqqoZPV_E,춤 (CHOOM),BABYMONSTER,,,춤 (CHOOM) BABYMONSTER
2026-09-21,tw,Taiwan,top_videos_daily,,31,https://i.ytimg.com/vi/hm7Qw3yKclg/mqdefault.jpg,https://www.youtube.com/watch?v=hm7Qw3yKclg,還是錯過他,王晴,"7月 9, 2023",39260,"31 31 還是錯過他 王晴 7月 9, 2023 - 12 39,260"
2026-09-21,tw,Taiwan,top_videos_daily,,32,https://i.ytimg.com/vi/7H1ObJvb7Hc/mqdefault.jpg,https://www.youtube.com/watch?v=7H1ObJvb7Hc,【純享版】張碧晨侯明昊老友重逢卻唱盡痛心！演繹李佳薇新歌《甲乙丙丁》 深情對唱層層遞進 將遺憾與不捨唱到極致 #天賜的聲音7 EP11 20260821,天賜的聲音,,20260821,【纯享版】张碧晨侯明昊老友重逢却唱尽痛心！演绎李佳薇新歌《甲乙丙丁》 深情对唱层层递进 将遗憾与不舍唱到极致 #天赐的声音7 EP11 20260821 天赐的声音
2026-09-21,tw,Taiwan,top_videos_daily,,33,https://i.ytimg.com/vi/N9XgnvGaZxk/mqdefault.jpg,https://www.youtube.com/watch?v=N9XgnvGaZxk,字字句句,盧盧快閉嘴,"6月 17, 2023",36195,"33 5 字字句句 盧盧快閉嘴 6月 17, 2023 38 4 36,195"
2026-09-21,tw,Taiwan,top_videos_daily,,34,https://i.ytimg.com/vi/sf02ugzPFE4/mqdefault.jpg,https://www.youtube.com/watch?v=sf02ugzPFE4,CLICK,JISOO,"9月 3, 2026",35147,"34 6 CLICK JISOO 9月 3, 2026 40 11 35,147"
2026-09-21,tw,Taiwan,top_videos_daily,,35,https://i.ytimg.com/vi/_G3Nu8q9Z9s/mqdefault.jpg,https://www.youtube.com/watch?v=_G3Nu8q9Z9s,嘉賓,張遠,"6月 12, 2026",34238,"35 4 嘉宾 张远 6月 12, 2026 31 72 34,238"
2026-09-21,tw,Taiwan,top_videos_daily,,36,https://i.ytimg.com/vi/3z979bp_orA/mqdefault.jpg,https://www.youtube.com/watch?v=3z979bp_orA,淚海 (Lyric Video),許茹芸,,,淚海 (Lyric Video) 許茹芸
2026-09-21,tw,Taiwan,top_videos_daily,,37,https://i.ytimg.com/vi/IWB0xk9lR88/mqdefault.jpg,https://www.youtube.com/watch?v=IWB0xk9lR88,左轉燈 (1000 Times+1),派偉俊,,1000,左轉燈 (1000 Times+1) 派偉俊
2026-09-21,tw,Taiwan,top_videos_daily,,38,https://i.ytimg.com/vi/ZdgVpnHq70o/mqdefault.jpg,https://www.youtube.com/watch?v=ZdgVpnHq70o,LE SSERAFIM (르세라핌) 'Made My Night' OFFICIAL PERFORMANCE FILM @ THE LOBBY,LE SSERAFIM,,,LE SSERAFIM (르세라핌) 'Made My Night' OFFICIAL PERFORMANCE FILM @ THE LOBBY LE SSERAFIM
2026-09-21,tw,Taiwan,top_videos_daily,,39,https://i.ytimg.com/vi/XAomU4u1BxE/mqdefault.jpg,https://www.youtube.com/watch?v=XAomU4u1BxE,BAD,ATEEZ,"9月 15, 2026",30792,"39 4 BAD ATEEZ 9月 15, 2026 43 5 30,792"
2026-09-21,tw,Taiwan,top_videos_daily,,40,https://i.ytimg.com/vi/PIgH3PeeY6g/mqdefault.jpg,https://www.youtube.com/watch?v=PIgH3PeeY6g,你咁擱愛我,林琇琪 / 沈建豪,"7月 16, 2026",30718,"40 7 你咁擱愛我 林琇琪 & 沈建豪 7月 16, 2026 33 64 30,718"
2026-09-21,tw,Taiwan,top_videos_daily,,41,https://i.ytimg.com/vi/Gt01GXcgEHE/mqdefault.jpg,https://www.youtube.com/watch?v=Gt01GXcgEHE,小海灘,禮韋 Thehopend,,,小海灘 禮韋 Thehopend
2026-09-21,tw,Taiwan,top_videos_daily,,42,https://i.ytimg.com/vi/PTaXHjz6okQ/mqdefault.jpg,https://www.youtube.com/watch?v=PTaXHjz6okQ,老朋友,黃奇斌,"8月 28, 2026",29788,"42 ● 老朋友 黃奇斌 8月 28, 2026 42 23 29,788"
2026-09-21,tw,Taiwan,top_videos_daily,,43,https://i.ytimg.com/vi/yd_uG3TtREs/mqdefault.jpg,https://www.youtube.com/watch?v=yd_uG3TtREs,PSYCHO,BABYMONSTER,,,PSYCHO BABYMONSTER
2026-09-21,tw,Taiwan,top_videos_daily,,44,https://i.ytimg.com/vi/8eOs7Zd-690/mqdefault.jpg,https://www.youtube.com/watch?v=8eOs7Zd-690,鹹酸苦汫 (電影《網紅老爸》片尾曲),王識賢 / 麋先生,,,鹹酸苦汫 (電影《網紅老爸》片尾曲) 王識賢 & 麋先生
2026-09-21,tw,Taiwan,top_videos_daily,,45,https://i.ytimg.com/vi/zlAjS20q9pE/mqdefault.jpg,https://www.youtube.com/watch?v=zlAjS20q9pE,空心 (Live),黃霄雲 / 劉端端,,,空心 (Live) 黃霄雲 & 刘端端
2026-09-21,tw,Taiwan,top_videos_daily,,46,https://i.ytimg.com/vi/kPa7bsKwL-c/mqdefault.jpg,https://www.youtube.com/watch?v=kPa7bsKwL-c,Die With A Smile,Lady Gaga / Bruno Mars,,,Die With A Smile Lady Gaga & Bruno Mars
2026-09-21,tw,Taiwan,top_videos_daily,,47,https://i.ytimg.com/vi/kCA93dLzKP4/mqdefault.jpg,https://www.youtube.com/watch?v=kCA93dLzKP4,一個人,A-Lin,"6月 11, 2026",27592,"47 13 一個人 A-Lin 6月 11, 2026 34 100 27,592"
2026-09-21,tw,Taiwan,top_videos_daily,,48,https://i.ytimg.com/vi/nocqSj3bnmQ/mqdefault.jpg,https://www.youtube.com/watch?v=nocqSj3bnmQ,REDRED,CORTIS,"9月 18, 2026",26689,"48 New REDRED CORTIS 9月 18, 2026 - 1 26,689"
2026-09-21,tw,Taiwan,top_videos_daily,,49,https://i.ytimg.com/vi/o5EdYwk8k9o/mqdefault.jpg,https://www.youtube.com/watch?v=o5EdYwk8k9o,[MV]GENBLUE幻藍小熊 ’夜市王 Night Market Queen‘ MV,GENBLUE 幻藍小熊,,,[MV]GENBLUE幻藍小熊 ’夜市王 Night Market Queen‘ MV GENBLUE 幻藍小熊
2026-09-21,tw,Taiwan,top_videos_daily,,50,https://i.ytimg.com/vi/ZIvWrKYdMQE/mqdefault.jpg,https://www.youtube.com/watch?v=ZIvWrKYdMQE,浪人的…,張震嶽,"5月 13, 2025",26165,"50 2 浪人的… 張震嶽 5月 13, 2025 52 90 26,165"
2026-09-21,tw,Taiwan,top_videos_daily,,51,https://i.ytimg.com/vi/FB5-rPa5wBA/mqdefault.jpg,https://www.youtube.com/watch?v=FB5-rPa5wBA,玻璃,Gareth.T,"5月 20, 2026",25343,"51 11 玻璃 Gareth.T 5月 20, 2026 62 122 25,343"
2026-09-21,tw,Taiwan,top_videos_daily,,52,https://i.ytimg.com/vi/3Y0Ut5ozaKs/mqdefault.jpg,https://www.youtube.com/watch?v=3Y0Ut5ozaKs,浪流連,茄子蛋,"9月 26, 2018",25069,"52 52 浪流連 茄子蛋 9月 26, 2018 - 3 25,069"
2026-09-21,tw,Taiwan,top_videos_daily,,53,https://i.ytimg.com/vi/xXZwZ0DolJc/mqdefault.jpg,https://www.youtube.com/watch?v=xXZwZ0DolJc,MOON,BABYMONSTER,,,MOON BABYMONSTER
2026-09-21,tw,Taiwan,top_videos_daily,,54,https://i.ytimg.com/vi/qjKuHtrHkLg/mqdefault.jpg,https://www.youtube.com/watch?v=qjKuHtrHkLg,重逢,林琇琪,"8月 5, 2026",24145,"54 7 重逢 林琇琪 8月 5, 2026 47 45 24,145"
2026-09-21,tw,Taiwan,top_videos_daily,,55,https://i.ytimg.com/vi/L8ZnXgbyUuc/mqdefault.jpg,https://www.youtube.com/watch?v=L8ZnXgbyUuc,BIGBANG - ‘BiiiG’ M/V,BIGBANG,,,BIGBANG - ‘BiiiG’ M/V BIGBANG
2026-09-21,tw,Taiwan,top_videos_daily,,56,https://i.ytimg.com/vi/BFAuO-mrhcA/mqdefault.jpg,https://www.youtube.com/watch?v=BFAuO-mrhcA,有你有我,玖壹壹,"6月 16, 2026",23395,"56 2 有你有我 玖壹壹 6月 16, 2026 54 95 23,395"
2026-09-21,tw,Taiwan,top_videos_daily,,57,https://i.ytimg.com/vi/rNpeCVWahkY/mqdefault.jpg,https://www.youtube.com/watch?v=rNpeCVWahkY,同甘共苦,沈建豪 / 陳淑萍,"7月 6, 2026",23303,"57 12 同甘共苦 沈建豪 & 陳淑萍 7月 6, 2026 45 10 23,303"
2026-09-21,tw,Taiwan,top_videos_daily,,58,https://i.ytimg.com/vi/NU_MUwn6l78/mqdefault.jpg,https://www.youtube.com/watch?v=NU_MUwn6l78,告五人 Accusefive [ 在這裡等你 A Century ] @ 一百年後 Band Cut,告五人,,,告五人 Accusefive [ 在這裡等你 A Century ] @ 一百年後 Band Cut 告五人
2026-09-21,tw,Taiwan,top_videos_daily,,59,https://i.ytimg.com/vi/kTJczUoc26U/mqdefault.jpg,https://www.youtube.com/watch?v=kTJczUoc26U,STAY (Official Video),The Kid LAROI / Justin Bieber,,,STAY (Official Video) The Kid LAROI & Justin Bieber
2026-09-21,tw,Taiwan,top_videos_daily,,60,https://i.ytimg.com/vi/gN7RBHyXNFk/mqdefault.jpg,https://www.youtube.com/watch?v=gN7RBHyXNFk,別戀,派偉俊,"8月 10, 2026",22824,"60 4 別戀 派偉俊 8月 10, 2026 64 41 22,824"
2026-09-21,tw,Taiwan,top_videos_daily,,61,https://i.ytimg.com/vi/GnSaLQTrvt0/mqdefault.jpg,https://www.youtube.com/watch?v=GnSaLQTrvt0,Good Goodbye,HWASA,,,Good Goodbye HWASA
2026-09-21,tw,Taiwan,top_videos_daily,,62,https://i.ytimg.com/vi/ApXoWvfEYVU/mqdefault.jpg,https://www.youtube.com/watch?v=ApXoWvfEYVU,Sunflower,Post Malone / Swae Lee,,,Sunflower Post Malone & Swae Lee
2026-09-21,tw,Taiwan,top_videos_daily,,63,https://i.ytimg.com/vi/fh_gSLX9QI4/mqdefault.jpg,https://www.youtube.com/watch?v=fh_gSLX9QI4,銀角仔,蕭煌奇,"6月 23, 2014",22397,"63 13 銀角仔 蕭煌奇 6月 23, 2014 50 7 22,397"
2026-09-21,tw,Taiwan,top_videos_daily,,64,https://i.ytimg.com/vi/3DcoC8p9az8/mqdefault.jpg,https://www.youtube.com/watch?v=3DcoC8p9az8,Training Season (Live),Dua Lipa,,,Training Season (Live) Dua Lipa
2026-09-21,tw,Taiwan,top_videos_daily,,65,https://i.ytimg.com/vi/xsBQtngzcSs/mqdefault.jpg,https://www.youtube.com/watch?v=xsBQtngzcSs,螺旋 (RASEN) (Acoustic Ver.) - RASEN Acoustic Ver,9Lana,,,螺旋 (RASEN) (Acoustic Ver.) - RASEN Acoustic Ver 9Lana
2026-09-21,tw,Taiwan,top_videos_daily,,66,https://i.ytimg.com/vi/sQDBYHhCvps/mqdefault.jpg,https://www.youtube.com/watch?v=sQDBYHhCvps,綿綿無絕期,黃奇斌,"7月 10, 2026",21864,"66 8 綿綿無絕期 黃奇斌 7月 10, 2026 58 72 21,864"
2026-09-21,tw,Taiwan,top_videos_daily,,67,https://i.ytimg.com/vi/kBOIdvscaYo/mqdefault.jpg,https://www.youtube.com/watch?v=kBOIdvscaYo,"[DK TIME] 도겸 - 다시, 사랑이야 (It's Love) COVER (원곡 : 도경수(D.O.))",Seventeen,,,"[DK TIME] 도겸 - 다시, 사랑이야 (It's Love) COVER (원곡 : 도경수(D.O.)) Seventeen"
2026-09-21,tw,Taiwan,top_videos_daily,,68,https://i.ytimg.com/vi/tkwD6DLp62k/mqdefault.jpg,https://www.youtube.com/watch?v=tkwD6DLp62k,我甘願重新愛過,玖壹壹,"5月 20, 2026",21540,"68 5 我甘願重新愛過 玖壹壹 5月 20, 2026 63 123 21,540"
2026-09-21,tw,Taiwan,top_videos_daily,,69,https://i.ytimg.com/vi/_cTAlxWtmS4/mqdefault.jpg,https://www.youtube.com/watch?v=_cTAlxWtmS4,如果我很平庸,陳華,"6月 5, 2026",21400,"69 10 如果我很平庸 陳華 6月 5, 2026 59 106 21,400"
2026-09-21,tw,Taiwan,top_videos_daily,,70,https://i.ytimg.com/vi/yCWTHQ3_O-I/mqdefault.jpg,https://www.youtube.com/watch?v=yCWTHQ3_O-I,西西里,周杰倫,"9月 10, 2026",21271,"70 22 西西里 周杰倫 9月 10, 2026 48 6 21,271"
2026-09-21,tw,Taiwan,top_videos_daily,,71,https://i.ytimg.com/vi/HmRSqF7G7eM/mqdefault.jpg,https://www.youtube.com/watch?v=HmRSqF7G7eM,如果有一天你回來,Ting Wei Huang,,,如果有一天你回來 Ting Wei Huang
2026-09-21,tw,Taiwan,top_videos_daily,,72,https://i.ytimg.com/vi/AZiiaSmcecE/mqdefault.jpg,https://www.youtube.com/watch?v=AZiiaSmcecE,Sad Song：Dissolve | 錯位時空 - 艾辰『我吹過妳吹過的晚風，那我們算不算相擁』電視劇《寒武紀》They say that love is sad! Tears ran away!,艾辰,,,Sad Song：Dissolve | 錯位時空 - 艾辰『我吹過妳吹過的晚風，那我們算不算相擁』電視劇《寒武紀》They say that love is sad! Tears ran away! 艾辰
2026-09-21,tw,Taiwan,top_videos_daily,,73,https://i.ytimg.com/vi/ccviI2q9HTE/mqdefault.jpg,https://www.youtube.com/watch?v=ccviI2q9HTE,【影視劇ost】劉宇寧 | 她《早春晴朗》電視劇欒念人物曲&片頭曲 The Early Spring OST #井柏然 #孫千 #lyrics #早春晴朗,劇好聽,,,【影視劇ost】劉宇寧 | 她《早春晴朗》電視劇欒念人物曲&片頭曲 The Early Spring OST #井柏然 #孫千 #lyrics #早春晴朗 剧好听
2026-09-21,tw,Taiwan,top_videos_daily,,74,https://i.ytimg.com/vi/PXnhdl_URro/mqdefault.jpg,https://www.youtube.com/watch?v=PXnhdl_URro,空心,光澤,"9月 10, 2023",20326,"74 8 空心 光澤 9月 10, 2023 66 16 20,326"
2026-09-21,tw,Taiwan,top_videos_daily,,75,https://i.ytimg.com/vi/bCB_nIdN86s/mqdefault.jpg,https://www.youtube.com/watch?v=bCB_nIdN86s,Di Qiu Shang Zui Lang Man De Yi Shou Ge,Alien Huang,,,Di Qiu Shang Zui Lang Man De Yi Shou Ge Alien Huang
2026-09-21,tw,Taiwan,top_videos_daily,,76,https://i.ytimg.com/vi/Y1Lah0BM0KQ/mqdefault.jpg,https://www.youtube.com/watch?v=Y1Lah0BM0KQ,LE SSERAFIM (르세라핌) 'Made My Night' OFFICIAL MV with OVERWATCH,LE SSERAFIM,,,LE SSERAFIM (르세라핌) 'Made My Night' OFFICIAL MV with OVERWATCH LE SSERAFIM
2026-09-21,tw,Taiwan,top_videos_daily,,77,https://i.ytimg.com/vi/J77i-E_0JWg/mqdefault.jpg,https://www.youtube.com/watch?v=J77i-E_0JWg,SaWaDiKa (Dance Performance Video),LISA,,,SaWaDiKa (Dance Performance Video) LISA
2026-09-21,tw,Taiwan,top_videos_daily,,78,https://i.ytimg.com/vi/oec9R5ypf-o/mqdefault.jpg,https://www.youtube.com/watch?v=oec9R5ypf-o,雨愛,楊丞琳,"10月 29, 2010",19158,"78 2 雨愛 楊丞琳 10月 29, 2010 80 16 19,158"
2026-09-21,tw,Taiwan,top_videos_daily,,79,https://i.ytimg.com/vi/NPqtL1dtrlA/mqdefault.jpg,https://www.youtube.com/watch?v=NPqtL1dtrlA,Love Options(연애의 조건),BESTIE,,,Love Options(연애의 조건) BESTIE
2026-09-21,tw,Taiwan,top_videos_daily,,80,https://i.ytimg.com/vi/kELXLkU08aY/mqdefault.jpg,https://www.youtube.com/watch?v=kELXLkU08aY,草屯囝仔 Caotun Boyz - 想你的形影 When I Miss you (Official Music Video),草屯囝仔|臭屁嬰仔,,,草屯囝仔 Caotun Boyz - 想你的形影 When I Miss you (Official Music Video) 草屯囝仔|臭屁嬰仔
2026-09-21,tw,Taiwan,top_videos_daily,,81,https://i.ytimg.com/vi/oAwzFFEYm38/mqdefault.jpg,https://www.youtube.com/watch?v=oAwzFFEYm38,Skibidi,Girls' Generation-HRS,,,Skibidi Girls' Generation-HRS
2026-09-21,tw,Taiwan,top_videos_daily,,82,https://i.ytimg.com/vi/ZRtdQ81jPUQ/mqdefault.jpg,https://www.youtube.com/watch?v=ZRtdQ81jPUQ,アイドル - Idol,YOASOBI,,,アイドル - Idol YOASOBI
2026-09-21,tw,Taiwan,top_videos_daily,,83,https://i.ytimg.com/vi/GDsyUtdS1YM/mqdefault.jpg,https://www.youtube.com/watch?v=GDsyUtdS1YM,我不難過,孫燕姿,"7月 20, 2017",17889,"83 12 我不難過 孫燕姿 7月 20, 2017 71 19 17,889"
2026-09-21,tw,Taiwan,top_videos_daily,,84,https://i.ytimg.com/vi/MzupyjOkhdE/mqdefault.jpg,https://www.youtube.com/watch?v=MzupyjOkhdE,語音鈴聲,韋德WADE / 齊翔 XIANG,,,語音鈴聲 韋德WADE & 齊翔 XIANG
2026-09-21,tw,Taiwan,top_videos_daily,,85,https://i.ytimg.com/vi/W4dOifzE6R4/mqdefault.jpg,https://www.youtube.com/watch?v=W4dOifzE6R4,上水的花,蕭煌奇,"5月 1, 2014",16193,"85 2 上水的花 蕭煌奇 5月 1, 2014 87 2 16,193"
2026-09-21,tw,Taiwan,top_videos_daily,,86,https://i.ytimg.com/vi/av8RjbM3aQ0/mqdefault.jpg,https://www.youtube.com/watch?v=av8RjbM3aQ0,愛 請問怎麼走,A-Lin,"11月 23, 2012",16160,"86 4 愛 請問怎麼走 A-Lin 11月 23, 2012 82 41 16,160"
2026-09-21,tw,Taiwan,top_videos_daily,,87,https://i.ytimg.com/vi/_Xi_bJS_9wc/mqdefault.jpg,https://www.youtube.com/watch?v=_Xi_bJS_9wc,假如當初,李發發,"7月 13, 2026",15868,"87 13 假如當初 李发发 7月 13, 2026 74 26 15,868"
2026-09-21,tw,Taiwan,top_videos_daily,,88,https://i.ytimg.com/vi/YA1IK2HzmGw/mqdefault.jpg,https://www.youtube.com/watch?v=YA1IK2HzmGw,BIGBANG - ‘BiiiG’ LIVE PERFORMANCE | BIGBANG 2026-2027 WORLD TOUR [ XX : COSMOS ] IN GOYANG,BIGBANG,,2027,BIGBANG - ‘BiiiG’ LIVE PERFORMANCE | BIGBANG 2026-2027 WORLD TOUR [ XX : COSMOS ] IN GOYANG BIGBANG
2026-09-21,tw,Taiwan,top_videos_daily,,89,https://i.ytimg.com/vi/aDwXKAaEZGA/mqdefault.jpg,https://www.youtube.com/watch?v=aDwXKAaEZGA,Ozone - 'Self!shhh' Official Music Video,Ozone,,,Ozone - 'Self!shhh' Official Music Video Ozone
2026-09-21,tw,Taiwan,top_videos_daily,,90,https://i.ytimg.com/vi/gK60WnmnyoA/mqdefault.jpg,https://www.youtube.com/watch?v=gK60WnmnyoA,The Kid LAROI - GET EVEN feat. GIVĒON (Official Video),The Kid LAROI,,,The Kid LAROI - GET EVEN feat. GIVĒON (Official Video) The Kid LAROI
2026-09-21,tw,Taiwan,top_videos_daily,,91,https://i.ytimg.com/vi/Z8Mqw0b9ADs/mqdefault.jpg,https://www.youtube.com/watch?v=Z8Mqw0b9ADs,青花瓷,周杰倫,"3月 25, 2013",15695,"91 New 青花瓷 周杰倫 3月 25, 2013 - 1 15,695"
2026-09-21,tw,Taiwan,top_videos_daily,,92,https://i.ytimg.com/vi/lHjqIe9XMCE/mqdefault.jpg,https://www.youtube.com/watch?v=lHjqIe9XMCE,李婷雪 - 你不該權衡利弊『你不該權衡利弊 衡量我的真心，畢竟我從未對你有過虛情假意。』【高音質HD|動態歌詞Lyrics】♫,4K Music Make,,,李婷雪 - 你不該權衡利弊『你不該權衡利弊 衡量我的真心，畢竟我從未對你有過虛情假意。』【高音質HD|動態歌詞Lyrics】♫ 4K Music Make
2026-09-21,tw,Taiwan,top_videos_daily,,93,https://i.ytimg.com/vi/fcnDmrtj6Sk/mqdefault.jpg,https://www.youtube.com/watch?v=fcnDmrtj6Sk,Dai Dai,Shakira / Burna Boy,,,Dai Dai Shakira & Burna Boy
2026-09-21,tw,Taiwan,top_videos_daily,,94,https://i.ytimg.com/vi/6Ycn9qZK09I/mqdefault.jpg,https://www.youtube.com/watch?v=6Ycn9qZK09I,Heavy Serenade,NMIXX,,,Heavy Serenade NMIXX
2026-09-21,tw,Taiwan,top_videos_daily,,95,https://i.ytimg.com/vi/ItSKahBISg0/mqdefault.jpg,https://www.youtube.com/watch?v=ItSKahBISg0,캐치 캐치,YENA,"3月 11, 2026",15273,"95 95 캐치 캐치 YENA 3月 11, 2026 - 76 15,273"
2026-09-21,tw,Taiwan,top_videos_daily,,96,https://i.ytimg.com/vi/uIWypArI73w/mqdefault.jpg,https://www.youtube.com/watch?v=uIWypArI73w,不能說的秘密,周杰倫,"6月 11, 2013",15263,"96 6 不能說的秘密 周杰倫 6月 11, 2013 90 24 15,263"
2026-09-21,tw,Taiwan,top_videos_daily,,97,https://i.ytimg.com/vi/ssiaDceVFwY/mqdefault.jpg,https://www.youtube.com/watch?v=ssiaDceVFwY,告五人 Accusefive [ 在這裡等你 A Century ] Official Music Video,告五人,,,告五人 Accusefive [ 在這裡等你 A Century ] Official Music Video 告五人
2026-09-21,tw,Taiwan,top_videos_daily,,98,https://i.ytimg.com/vi/-UqmwFIYcmg/mqdefault.jpg,https://www.youtube.com/watch?v=-UqmwFIYcmg,淚海,許茹芸,"7月 3, 2024",15222,"98 New 淚海 許茹芸 7月 3, 2024 - 1 15,222"
2026-09-21,tw,Taiwan,top_videos_daily,,99,https://i.ytimg.com/vi/15dxI9BPxa4/mqdefault.jpg,https://www.youtube.com/watch?v=15dxI9BPxa4,最後一頁 (Live),王赫野 / 姚曉棠,,,最后一页 (Live) 王赫野 & 姚晓棠
2026-09-21,tw,Taiwan,top_videos_daily,,100,https://i.ytimg.com/vi/Jf-0DeVIBl8/mqdefault.jpg,https://www.youtube.com/watch?v=Jf-0DeVIBl8,情話摻沙,翁立友(WENG LI YOU),,,情話摻沙 翁立友(WENG LI YOU)
2026-09-21,jp,Japan,top_videos_daily,,1,https://i.ytimg.com/vi/JpIw7rSLRqc/mqdefault.jpg,https://www.youtube.com/watch?v=JpIw7rSLRqc,時空超えてユニバース,M!LK,"9月 14, 2026",1011514,"1 1 時空超えてユニバース M!LK 9月 14, 2026 2 6 1,011,514"
2026-09-21,jp,Japan,top_videos_daily,,2,https://i.ytimg.com/vi/5C-luqdmozo/mqdefault.jpg,https://www.youtube.com/watch?v=5C-luqdmozo,時空超えてユニバース,M!LK,"9月 18, 2026",934165,"2 1 時空超えてユニバース M!LK 9月 18, 2026 3 2 934,165"
2026-09-21,jp,Japan,top_videos_daily,,3,https://i.ytimg.com/vi/s4UW__ysPEM/mqdefault.jpg,https://www.youtube.com/watch?v=s4UW__ysPEM,You,Fujii Kaze,"9月 17, 2026",718844,"3 2 You Fujii Kaze 9月 17, 2026 1 3 718,844"
2026-09-21,jp,Japan,top_videos_daily,,4,https://i.ytimg.com/vi/4J06I7qy7kM/mqdefault.jpg,https://www.youtube.com/watch?v=4J06I7qy7kM,仲川瑠夏 - 朝にならないで / THE FIRST TAKE,THE FIRST TAKE,,,仲川瑠夏 - 朝にならないで / THE FIRST TAKE THE FIRST TAKE
2026-09-21,jp,Japan,top_videos_daily,,5,https://i.ytimg.com/vi/uzsSnLLHx5M/mqdefault.jpg,https://www.youtube.com/watch?v=uzsSnLLHx5M,BE:FIRST / WATCH ME feat. BIA -Music Video-,BE:FIRST,,,BE:FIRST / WATCH ME feat. BIA -Music Video- BE:FIRST
2026-09-21,jp,Japan,top_videos_daily,,6,https://i.ytimg.com/vi/ZVUxJsPfoX8/mqdefault.jpg,https://www.youtube.com/watch?v=ZVUxJsPfoX8,好きすぎて滅！,M!LK,"10月 27, 2025",476115,"6 1 好きすぎて滅！ M!LK 10月 27, 2025 7 328 476,115"
2026-09-21,jp,Japan,top_videos_daily,,7,https://i.ytimg.com/vi/KsHKaP50FBE/mqdefault.jpg,https://www.youtube.com/watch?v=KsHKaP50FBE,Yes! 東京,EBiDAN Ebisu Gakuen Boys Club,,,Yes! 東京 EBiDAN Ebisu Gakuen Boys Club
2026-09-21,jp,Japan,top_videos_daily,,8,https://i.ytimg.com/vi/bMhDJ0S0OBA/mqdefault.jpg,https://www.youtube.com/watch?v=bMhDJ0S0OBA,It's Me,ILLIT,"4月 30, 2026",421050,"8 2 It's Me ILLIT 4月 30, 2026 10 143 421,050"
2026-09-21,jp,Japan,top_videos_daily,,9,https://i.ytimg.com/vi/tpFDnOnOdSQ/mqdefault.jpg,https://www.youtube.com/watch?v=tpFDnOnOdSQ,爆裂愛してる,M!LK,"2月 18, 2026",418074,"9 1 爆裂愛してる M!LK 2月 18, 2026 8 209 418,074"
2026-09-21,jp,Japan,top_videos_daily,,10,https://i.ytimg.com/vi/GlsmJsqXfcI/mqdefault.jpg,https://www.youtube.com/watch?v=GlsmJsqXfcI,Yes! 東京,EBiDAN Ebisu Gakuen Boys Club,,,Yes! 東京 EBiDAN Ebisu Gakuen Boys Club
2026-09-21,jp,Japan,top_videos_daily,,11,https://i.ytimg.com/vi/2Hf-MVahfeI/mqdefault.jpg,https://www.youtube.com/watch?v=2Hf-MVahfeI,仲川瑠夏 - 朝にならないで / THE FIRST TAKE,THE FIRST TAKE,,,仲川瑠夏 - 朝にならないで / THE FIRST TAKE THE FIRST TAKE
2026-09-21,jp,Japan,top_videos_daily,,12,https://i.ytimg.com/vi/dePs7UPp6GQ/mqdefault.jpg,https://www.youtube.com/watch?v=dePs7UPp6GQ,Brand New,Mrs. GREEN APPLE,,,Brand New Mrs. GREEN APPLE
2026-09-21,jp,Japan,top_videos_daily,,13,https://i.ytimg.com/vi/a2GujJZfXpg/mqdefault.jpg,https://www.youtube.com/watch?v=a2GujJZfXpg,スパークル - Sparkle,RADWIMPS,,,スパークル - Sparkle RADWIMPS
2026-09-21,jp,Japan,top_videos_daily,,14,https://i.ytimg.com/vi/tWez_36Zs6I/mqdefault.jpg,https://www.youtube.com/watch?v=tWez_36Zs6I,レプリカント - Replicant,YORUSHIKA,,,レプリカント - Replicant YORUSHIKA
2026-09-21,jp,Japan,top_videos_daily,,15,https://i.ytimg.com/vi/YM_YU8HVpWM/mqdefault.jpg,https://www.youtube.com/watch?v=YM_YU8HVpWM,エアロピクルス,KomeAnime,,,エアロピクルス KomeAnime
2026-09-21,jp,Japan,top_videos_daily,,16,https://i.ytimg.com/vi/3lOsboT-IWU/mqdefault.jpg,https://www.youtube.com/watch?v=3lOsboT-IWU,マイオンリー,SixTONES,"7月 17, 2026",293639,"16 2 マイオンリー SixTONES 7月 17, 2026 14 65 293,639"
2026-09-21,jp,Japan,top_videos_daily,,17,https://i.ytimg.com/vi/5ll40JRPoHM/mqdefault.jpg,https://www.youtube.com/watch?v=5ll40JRPoHM,SEKAI NO OWARI「Supermarket」,SEKAI NO OWARI,,,SEKAI NO OWARI「Supermarket」 SEKAI NO OWARI
2026-09-21,jp,Japan,top_videos_daily,,18,https://i.ytimg.com/vi/SX_ViT4Ra7k/mqdefault.jpg,https://www.youtube.com/watch?v=SX_ViT4Ra7k,Lemon,米津玄師,"2月 26, 2018",267746,"18 18 Lemon 米津玄師 2月 26, 2018 - 56 267,746"
2026-09-21,jp,Japan,top_videos_daily,,19,https://i.ytimg.com/vi/Sp4xl7wtqtc/mqdefault.jpg,https://www.youtube.com/watch?v=Sp4xl7wtqtc,櫻坂46 『愛MUST BE』 MUSIC VIDEO,櫻坂46,,,櫻坂46 『愛MUST BE』 MUSIC VIDEO 櫻坂46
2026-09-21,jp,Japan,top_videos_daily,,20,https://i.ytimg.com/vi/2I25AFSBm2g/mqdefault.jpg,https://www.youtube.com/watch?v=2I25AFSBm2g,夜の踴り子,魚韻,"9月 26, 2015",259255,"20 9 夜の踊り子 魚韻 9月 26, 2015 29 161 259,255"
2026-09-21,jp,Japan,top_videos_daily,,21,https://i.ytimg.com/vi/ikFaEAlO5N0/mqdefault.jpg,https://www.youtube.com/watch?v=ikFaEAlO5N0,"戀、はじめました。 - Koi, Hajimemashita.",=LOVE,,,"恋、はじめました。 - Koi, Hajimemashita. =LOVE"
2026-09-21,jp,Japan,top_videos_daily,,22,https://i.ytimg.com/vi/S_jyf3-4thM/mqdefault.jpg,https://www.youtube.com/watch?v=S_jyf3-4thM,【公式】中森明菜『LIVE FILM「AKINA NAKAMORI DINNER SHOW 2025」』 トレーラー映像 （2026年11月25日発売） AKINA NAKAMORI,中森明菜,,2026,【公式】中森明菜『LIVE FILM「AKINA NAKAMORI DINNER SHOW 2025」』 トレーラー映像 （2026年11月25日発売） AKINA NAKAMORI 中森明菜
2026-09-21,jp,Japan,top_videos_daily,,23,https://i.ytimg.com/vi/tdznAT137QI/mqdefault.jpg,https://www.youtube.com/watch?v=tdznAT137QI,Aぇ! group 「Emotion」Official Music Video,Ae! group,,,Aぇ! group 「Emotion」Official Music Video Ae! group
2026-09-21,jp,Japan,top_videos_daily,,24,https://i.ytimg.com/vi/YjPMupS1Lg4/mqdefault.jpg,https://www.youtube.com/watch?v=YjPMupS1Lg4,烏,米津玄師,"6月 18, 2026",245057,"24 1 烏 米津玄師 6月 18, 2026 23 94 245,057"
2026-09-21,jp,Japan,top_videos_daily,,25,https://i.ytimg.com/vi/3C0EOqt7sqA/mqdefault.jpg,https://www.youtube.com/watch?v=3C0EOqt7sqA,You!Joy!Parade!,M!LK,,,You!Joy!Parade! M!LK
2026-09-21,jp,Japan,top_videos_daily,,26,https://i.ytimg.com/vi/7VqCdhFGE78/mqdefault.jpg,https://www.youtube.com/watch?v=7VqCdhFGE78,罪と罰と雨とキス (佐野勇鬥&吉田仁人),M!LK,,,罪と罰と雨とキス (佐野勇斗&吉田仁人) M!LK
2026-09-21,jp,Japan,top_videos_daily,,27,https://i.ytimg.com/vi/sBAv1wx4ghE/mqdefault.jpg,https://www.youtube.com/watch?v=sBAv1wx4ghE,見知らぬ糸 - Unknown Thread,SPITZ,,,見知らぬ糸 - Unknown Thread SPITZ
2026-09-21,jp,Japan,top_videos_daily,,28,https://i.ytimg.com/vi/iwnczsKKTBY/mqdefault.jpg,https://www.youtube.com/watch?v=iwnczsKKTBY,MAN WITH A MISSION『The Animals』Music Video,狼人樂團,,,MAN WITH A MISSION『The Animals』Music Video 狼人樂團
2026-09-21,jp,Japan,top_videos_daily,,29,https://i.ytimg.com/vi/aRiVUVNUhIs/mqdefault.jpg,https://www.youtube.com/watch?v=aRiVUVNUhIs,なんもねえ - Nannmonee,Wasureranneyo,,,なんもねえ - Nannmonee Wasureranneyo
2026-09-21,jp,Japan,top_videos_daily,,30,https://i.ytimg.com/vi/dB8QCac8FSM/mqdefault.jpg,https://www.youtube.com/watch?v=dB8QCac8FSM,將棋一番！ - Shogi Ichiban！,Yukopi,,,将棋一番！ - Shogi Ichiban！ Yukopi
2026-09-21,jp,Japan,top_videos_daily,,31,https://i.ytimg.com/vi/Lz24PqZkF2s/mqdefault.jpg,https://www.youtube.com/watch?v=Lz24PqZkF2s,HOT LIMIT,T.M.Revolution,,,HOT LIMIT T.M.Revolution
2026-09-21,jp,Japan,top_videos_daily,,32,https://i.ytimg.com/vi/sPLqsLsooJY/mqdefault.jpg,https://www.youtube.com/watch?v=sPLqsLsooJY,JANE DOE,米津玄師 / 宇多田光,,,JANE DOE 米津玄師 & 宇多田光
2026-09-21,jp,Japan,top_videos_daily,,33,https://i.ytimg.com/vi/37X8VVly1y8/mqdefault.jpg,https://www.youtube.com/watch?v=37X8VVly1y8,エアロピクルス,KomeAnime,,,エアロピクルス KomeAnime
2026-09-21,jp,Japan,top_videos_daily,,34,https://i.ytimg.com/vi/1DzBKtD3JzI/mqdefault.jpg,https://www.youtube.com/watch?v=1DzBKtD3JzI,Five,嵐,"3月 5, 2026",176878,"34 3 Five 嵐 3月 5, 2026 31 198 176,878"
2026-09-21,jp,Japan,top_videos_daily,,35,https://i.ytimg.com/vi/v4kWR_REDEU/mqdefault.jpg,https://www.youtube.com/watch?v=v4kWR_REDEU,分かっちゃいないね,花隈千冬 / monet,,,分かっちゃいないね 花隈千冬 & monet
2026-09-21,jp,Japan,top_videos_daily,,36,https://i.ytimg.com/vi/e4M8z1xGTw0/mqdefault.jpg,https://www.youtube.com/watch?v=e4M8z1xGTw0,アイドルパワー (Live),M!LK,,,アイドルパワー (Live) M!LK
2026-09-21,jp,Japan,top_videos_daily,,37,https://i.ytimg.com/vi/Lufa9QAFFeY/mqdefault.jpg,https://www.youtube.com/watch?v=Lufa9QAFFeY,new trick,ROSÉ,"9月 17, 2026",169888,"37 22 new trick ROSÉ 9月 17, 2026 15 2 169,888"
2026-09-21,jp,Japan,top_videos_daily,,38,https://i.ytimg.com/vi/49xuoRZiLZ4/mqdefault.jpg,https://www.youtube.com/watch?v=49xuoRZiLZ4,エアロピクルス,KomeAnime,,,エアロピクルス KomeAnime
2026-09-21,jp,Japan,top_videos_daily,,39,https://i.ytimg.com/vi/-wb2PAx6aEs/mqdefault.jpg,https://www.youtube.com/watch?v=-wb2PAx6aEs,さよーならまたいつか！,米津玄師,,,さよーならまたいつか！ 米津玄師
2026-09-21,jp,Japan,top_videos_daily,,40,https://i.ytimg.com/vi/lOpdrEgmYzY/mqdefault.jpg,https://www.youtube.com/watch?v=lOpdrEgmYzY,It's Me,ILLIT,"5月 6, 2026",166181,"40 13 It's Me ILLIT 5月 6, 2026 53 102 166,181"
2026-09-21,jp,Japan,top_videos_daily,,41,https://i.ytimg.com/vi/MjeiIal1ZR0/mqdefault.jpg,https://www.youtube.com/watch?v=MjeiIal1ZR0,lulu.,Mrs. GREEN APPLE,,,lulu. Mrs. GREEN APPLE
2026-09-21,jp,Japan,top_videos_daily,,42,https://i.ytimg.com/vi/2sKrO1oFQHg/mqdefault.jpg,https://www.youtube.com/watch?v=2sKrO1oFQHg,Yes! 東京 (Instrumental),EBiDAN Ebisu Gakuen Boys Club,,,Yes! 東京 (Instrumental) EBiDAN Ebisu Gakuen Boys Club
2026-09-21,jp,Japan,top_videos_daily,,43,https://i.ytimg.com/vi/Y6kCZTIkQw4/mqdefault.jpg,https://www.youtube.com/watch?v=Y6kCZTIkQw4,チラチLOVE,M!LK,"7月 3, 2026",156278,"43 1 チラチLOVE M!LK 7月 3, 2026 44 79 156,278"
2026-09-21,jp,Japan,top_videos_daily,,44,https://i.ytimg.com/vi/MJ70B_cwnPk/mqdefault.jpg,https://www.youtube.com/watch?v=MJ70B_cwnPk,IRIS OUT,米津玄師,"1月 8, 2026",154657,"44 44 IRIS OUT 米津玄師 1月 8, 2026 - 147 154,657"
2026-09-21,jp,Japan,top_videos_daily,,45,https://i.ytimg.com/vi/ZdgVpnHq70o/mqdefault.jpg,https://www.youtube.com/watch?v=ZdgVpnHq70o,LE SSERAFIM (르세라핌) 'Made My Night' OFFICIAL PERFORMANCE FILM @ THE LOBBY,LE SSERAFIM,,,LE SSERAFIM (르세라핌) 'Made My Night' OFFICIAL PERFORMANCE FILM @ THE LOBBY LE SSERAFIM
2026-09-21,jp,Japan,top_videos_daily,,46,https://i.ytimg.com/vi/LM875jeR-PM/mqdefault.jpg,https://www.youtube.com/watch?v=LM875jeR-PM,It's Me,ILLIT,"5月 7, 2026",151504,"46 13 It's Me ILLIT 5月 7, 2026 59 119 151,504"
2026-09-21,jp,Japan,top_videos_daily,,47,https://i.ytimg.com/vi/gNg2Qw5R-Q4/mqdefault.jpg,https://www.youtube.com/watch?v=gNg2Qw5R-Q4,セレナーデ - Serenade,natori,,,セレナーデ - Serenade natori
2026-09-21,jp,Japan,top_videos_daily,,48,https://i.ytimg.com/vi/pN5WHm1LpmM/mqdefault.jpg,https://www.youtube.com/watch?v=pN5WHm1LpmM,"オーイシマサヨシ - ドラゴンエネルギー (Live from オーイシSSA Day1, 2025.9.27)",大石昌良,,2025,"オーイシマサヨシ - ドラゴンエネルギー (Live from オーイシSSA Day1, 2025.9.27) 大石昌良"
2026-09-21,jp,Japan,top_videos_daily,,49,https://i.ytimg.com/vi/UFQEttrn6CQ/mqdefault.jpg,https://www.youtube.com/watch?v=UFQEttrn6CQ,Kanden,米津玄師,"7月 10, 2020",145913,"49 1 Kanden 米津玄師 7月 10, 2020 48 40 145,913"
2026-09-21,jp,Japan,top_videos_daily,,50,https://i.ytimg.com/vi/E8N8CAihLT0/mqdefault.jpg,https://www.youtube.com/watch?v=E8N8CAihLT0,JANE DOE,Kenshi Yonezu / Hikaru Utada,,,JANE DOE Kenshi Yonezu & Hikaru Utada
2026-09-21,jp,Japan,top_videos_daily,,51,https://i.ytimg.com/vi/l2jvIuTp534/mqdefault.jpg,https://www.youtube.com/watch?v=l2jvIuTp534,夜鷹,米津玄師,"7月 15, 2026",142367,"51 4 夜鷹 米津玄師 7月 15, 2026 55 67 142,367"
2026-09-21,jp,Japan,top_videos_daily,,52,https://i.ytimg.com/vi/6yyZgkTh2Zc/mqdefault.jpg,https://www.youtube.com/watch?v=6yyZgkTh2Zc,『366日』acoustic ver. 優裡 × 仲宗根泉（HY）,優裡ちゃんねる【公式】,,366,『366日』acoustic ver. 優里 × 仲宗根泉（HY） 優里ちゃんねる【公式】
2026-09-21,jp,Japan,top_videos_daily,,53,https://i.ytimg.com/vi/FnjYuHgAKq4/mqdefault.jpg,https://www.youtube.com/watch?v=FnjYuHgAKq4,Mrs. GREEN APPLE – Feeling【LIVE from “Harmony”】,Mrs. GREEN APPLE,,,Mrs. GREEN APPLE – Feeling【LIVE from “Harmony”】 Mrs. GREEN APPLE
2026-09-21,jp,Japan,top_videos_daily,,54,https://i.ytimg.com/vi/0GhMmMs4SpY/mqdefault.jpg,https://www.youtube.com/watch?v=0GhMmMs4SpY,DODODO,HeiseiFlamingo,,,DODODO HeiseiFlamingo
2026-09-21,jp,Japan,top_videos_daily,,55,https://i.ytimg.com/vi/EH2rhQlvz7A/mqdefault.jpg,https://www.youtube.com/watch?v=EH2rhQlvz7A,グッタイム - Good Time,Snow Man,,,グッタイム - Good Time Snow Man
2026-09-21,jp,Japan,top_videos_daily,,56,https://i.ytimg.com/vi/yGnjx6PPMZw/mqdefault.jpg,https://www.youtube.com/watch?v=yGnjx6PPMZw,Stargaze,SixTONES,,,Stargaze SixTONES
2026-09-21,jp,Japan,top_videos_daily,,57,https://i.ytimg.com/vi/TzH5BsJj81Y/mqdefault.jpg,https://www.youtube.com/watch?v=TzH5BsJj81Y,アクマバライ - Exorcist,Something's off with my Vocaloid,,,アクマバライ - Exorcist Something's off with my Vocaloid
2026-09-21,jp,Japan,top_videos_daily,,58,https://i.ytimg.com/vi/HHv5RZpvbV4/mqdefault.jpg,https://www.youtube.com/watch?v=HHv5RZpvbV4,show time...,Snow Man,,,show time... Snow Man
2026-09-21,jp,Japan,top_videos_daily,,59,https://i.ytimg.com/vi/zkNzxsaCunU/mqdefault.jpg,https://www.youtube.com/watch?v=zkNzxsaCunU,米津玄師 - 春雷 Kenshi Yonezu - Shunrai,米津玄師,,,米津玄師 - 春雷 Kenshi Yonezu - Shunrai 米津玄師
2026-09-21,jp,Japan,top_videos_daily,,60,https://i.ytimg.com/vi/-EKxzId_Sj4/mqdefault.jpg,https://www.youtube.com/watch?v=-EKxzId_Sj4,Eine Kleine,米津玄師,,,Eine Kleine 米津玄師
2026-09-21,jp,Japan,top_videos_daily,,61,https://i.ytimg.com/vi/M2cckDmNLMI/mqdefault.jpg,https://www.youtube.com/watch?v=M2cckDmNLMI,KICKBACK,米津玄師,"10月 25, 2022",123159,"61 7 KICKBACK 米津玄師 10月 25, 2022 68 33 123,159"
2026-09-21,jp,Japan,top_videos_daily,,62,https://i.ytimg.com/vi/gJX2iy6nhHc/mqdefault.jpg,https://www.youtube.com/watch?v=gJX2iy6nhHc,米津玄師 MV「 灰色と青（ ＋菅田將暉,菅田將暉 / 米津玄師,,,米津玄師 MV「 灰色と青（ ＋菅田将暉 ）」 菅田將暉 & 米津玄師
2026-09-21,jp,Japan,top_videos_daily,,63,https://i.ytimg.com/vi/I8Lqr6NeG5o/mqdefault.jpg,https://www.youtube.com/watch?v=I8Lqr6NeG5o,さよーならまたいつか！- Sayonara,米津玄師,,,さよーならまたいつか！- Sayonara 米津玄師
2026-09-21,jp,Japan,top_videos_daily,,64,https://i.ytimg.com/vi/3Cb8xhXfxKs/mqdefault.jpg,https://www.youtube.com/watch?v=3Cb8xhXfxKs,Zoo,Shakira,"2月 2, 2026",121006,"64 36 Zoo Shakira 2月 2, 2026 100 128 121,006"
2026-09-21,jp,Japan,top_videos_daily,,65,https://i.ytimg.com/vi/fEiWFS9hoNM/mqdefault.jpg,https://www.youtube.com/watch?v=fEiWFS9hoNM,ONE N’ ONLY／ “Samba de Night Fever” Dance Performance Video,ONE N' ONLY,,,ONE N’ ONLY／ “Samba de Night Fever” Dance Performance Video ONE N' ONLY
2026-09-21,jp,Japan,top_videos_daily,,66,https://i.ytimg.com/vi/XAomU4u1BxE/mqdefault.jpg,https://www.youtube.com/watch?v=XAomU4u1BxE,BAD,ATEEZ,"9月 15, 2026",119570,"66 2 BAD ATEEZ 9月 15, 2026 64 5 119,570"
2026-09-21,jp,Japan,top_videos_daily,,67,https://i.ytimg.com/vi/EUCRNhQlKYc/mqdefault.jpg,https://www.youtube.com/watch?v=EUCRNhQlKYc,灰色 - Gray,Motoki Ohmori,,,灰色 - Gray Motoki Ohmori
2026-09-21,jp,Japan,top_videos_daily,,68,https://i.ytimg.com/vi/vBmU5v2EyxM/mqdefault.jpg,https://www.youtube.com/watch?v=vBmU5v2EyxM,HOT LIMIT,T.M.Revolution,,,HOT LIMIT T.M.Revolution
2026-09-21,jp,Japan,top_videos_daily,,69,https://i.ytimg.com/vi/MTbG2kWM5yE/mqdefault.jpg,https://www.youtube.com/watch?v=MTbG2kWM5yE,Hey! Say!,Hey! Say! JUMP,,,Hey! Say! Hey! Say! JUMP
2026-09-21,jp,Japan,top_videos_daily,,70,https://i.ytimg.com/vi/Dx_fKPBPYUI/mqdefault.jpg,https://www.youtube.com/watch?v=Dx_fKPBPYUI,"米津玄師 - LOSER , Kenshi Yonezu",米津玄師,,,"米津玄師 - LOSER , Kenshi Yonezu 米津玄師"
2026-09-21,jp,Japan,top_videos_daily,,71,https://i.ytimg.com/vi/ux3QETpLcPs/mqdefault.jpg,https://www.youtube.com/watch?v=ux3QETpLcPs,IRIS OUT,米津玄師,"10月 7, 2025",111320,"71 8 IRIS OUT 米津玄師 10月 7, 2025 79 142 111,320"
2026-09-21,jp,Japan,top_videos_daily,,72,https://i.ytimg.com/vi/I_6m6_Ylyd8/mqdefault.jpg,https://www.youtube.com/watch?v=I_6m6_Ylyd8,Missing,BE:FIRST,,,Missing BE:FIRST
2026-09-21,jp,Japan,top_videos_daily,,73,https://i.ytimg.com/vi/9aJVr5tTTWk/mqdefault.jpg,https://www.youtube.com/watch?v=9aJVr5tTTWk,"米津玄師 - ピースサイン , Kenshi Yonezu - Peace Sign",米津玄師,,,"米津玄師 - ピースサイン , Kenshi Yonezu - Peace Sign 米津玄師"
2026-09-21,jp,Japan,top_videos_daily,,74,https://i.ytimg.com/vi/tOCWGTdPADo/mqdefault.jpg,https://www.youtube.com/watch?v=tOCWGTdPADo,『セプテンバーさん | RADWIMPS』acoustic cover. 優裡 × 美咲（ミーマイナー）,優裡ちゃんねる【公式】,,,『セプテンバーさん | RADWIMPS』acoustic cover. 優里 × 美咲（ミーマイナー） 優里ちゃんねる【公式】
2026-09-21,jp,Japan,top_videos_daily,,75,https://i.ytimg.com/vi/y1obzZVKw_o/mqdefault.jpg,https://www.youtube.com/watch?v=y1obzZVKw_o,LEE JISOO / MISMATCH -Music Video-,HANA official,,,LEE JISOO / MISMATCH -Music Video- HANA official
2026-09-21,jp,Japan,top_videos_daily,,76,https://i.ytimg.com/vi/W3qTiRjCRnY/mqdefault.jpg,https://www.youtube.com/watch?v=W3qTiRjCRnY,日向坂46 18thシングル「イチャイチャ蟲」特典映像～17th Single ひなた坂４６ LIVE Director’s Cut Collections～ダイジェスト映像,日向坂46,,,日向坂46 18thシングル「イチャイチャ虫」特典映像～17th Single ひなた坂４６ LIVE Director’s Cut Collections～ダイジェスト映像 日向坂46
2026-09-21,jp,Japan,top_videos_daily,,77,https://i.ytimg.com/vi/Qi0OiotaZPU/mqdefault.jpg,https://www.youtube.com/watch?v=Qi0OiotaZPU,【#大西流星 & #長尾謙杜】🖤BLACK OUT MISSION🔫 サブスク＆ダウンロード配信中🎧 #なにわ男子 #BLACKOUTMISSION #ブラミ,なにわ男子,,,【#大西流星 & #長尾謙杜】🖤BLACK OUT MISSION🔫 サブスク＆ダウンロード配信中🎧 #なにわ男子 #BLACKOUTMISSION #ブラミ なにわ男子
2026-09-21,jp,Japan,top_videos_daily,,78,https://i.ytimg.com/vi/qR2pggPX_Sc/mqdefault.jpg,https://www.youtube.com/watch?v=qR2pggPX_Sc,Wishing Umbrella,Ui Shigure,,,Wishing Umbrella Ui Shigure
2026-09-21,jp,Japan,top_videos_daily,,79,https://i.ytimg.com/vi/aIRM1VAjUSM/mqdefault.jpg,https://www.youtube.com/watch?v=aIRM1VAjUSM,#怪物 #鈴木雅之 - ファンクとストリングスとのMartin流アレンジ #YOASOBI カヴァー,鈴木政行,,,#怪物 #鈴木雅之 - ファンクとストリングスとのMartin流アレンジ #YOASOBI カヴァー 鈴木政行
2026-09-21,jp,Japan,top_videos_daily,,80,https://i.ytimg.com/vi/t7ln4Hej6bA/mqdefault.jpg,https://www.youtube.com/watch?v=t7ln4Hej6bA,Cocomi - モーツァルト：フルート四重奏曲 第1番－第1楽章：Allegro (Music Video),Cocomi,,,Cocomi - モーツァルト：フルート四重奏曲 第1番－第1楽章：Allegro (Music Video) Cocomi
2026-09-21,jp,Japan,top_videos_daily,,81,https://i.ytimg.com/vi/-q_S27LbNKU/mqdefault.jpg,https://www.youtube.com/watch?v=-q_S27LbNKU,BAD,ATEEZ,"6月 25, 2026",105128,"81 8 BAD ATEEZ 6月 25, 2026 73 74 105,128"
2026-09-21,jp,Japan,top_videos_daily,,82,https://i.ytimg.com/vi/kcXKLaLNqww/mqdefault.jpg,https://www.youtube.com/watch?v=kcXKLaLNqww,しおざきわんだーらんど,M!LK,,,しおざきわんだーらんど M!LK
2026-09-21,jp,Japan,top_videos_daily,,83,https://i.ytimg.com/vi/GZwnre6Skm0/mqdefault.jpg,https://www.youtube.com/watch?v=GZwnre6Skm0,IRIS OUT,Kenshi Yonezu,,,IRIS OUT Kenshi Yonezu
2026-09-21,jp,Japan,top_videos_daily,,84,https://i.ytimg.com/vi/VUsURj_OYdA/mqdefault.jpg,https://www.youtube.com/watch?v=VUsURj_OYdA,米津玄師 - 地球儀 Kenshi Yonezu - Spinning Globe,米津玄師,,,米津玄師 - 地球儀 Kenshi Yonezu - Spinning Globe 米津玄師
2026-09-21,jp,Japan,top_videos_daily,,85,https://i.ytimg.com/vi/ptnYBctoexk/mqdefault.jpg,https://www.youtube.com/watch?v=ptnYBctoexk,米津玄師 - 馬と鹿 Kenshi Yonezu - Uma to Shika,米津玄師,,,米津玄師 - 馬と鹿 Kenshi Yonezu - Uma to Shika 米津玄師
2026-09-21,jp,Japan,top_videos_daily,,86,https://i.ytimg.com/vi/T24rF_x0TmQ/mqdefault.jpg,https://www.youtube.com/watch?v=T24rF_x0TmQ,ヤラララ,AnythingBecomeMoe,,,ヤラララ AnythingBecomeMoe
2026-09-21,jp,Japan,top_videos_daily,,87,https://i.ytimg.com/vi/dEEd9HHEQE0/mqdefault.jpg,https://www.youtube.com/watch?v=dEEd9HHEQE0,真・運命,M!LK,"6月 17, 2026",100505,"87 9 真・運命 M!LK 6月 17, 2026 78 95 100,505"
2026-09-21,jp,Japan,top_videos_daily,,88,https://i.ytimg.com/vi/0beWrfj7AvE/mqdefault.jpg,https://www.youtube.com/watch?v=0beWrfj7AvE,ガチ夢中！ - GACHI MUCHU！,超特急,,,ガチ夢中！ - GACHI MUCHU！ 超特急
2026-09-21,jp,Japan,top_videos_daily,,89,https://i.ytimg.com/vi/7940nuwCEYA/mqdefault.jpg,https://www.youtube.com/watch?v=7940nuwCEYA,まちがいさがし - Machigaisagashi,菅田將暉,,,まちがいさがし - Machigaisagashi 菅田將暉
2026-09-21,jp,Japan,top_videos_daily,,90,https://i.ytimg.com/vi/Uh6dkL1M9DM/mqdefault.jpg,https://www.youtube.com/watch?v=Uh6dkL1M9DM,米津玄師 - Flamingo / Kenshi Yonezu,米津玄師,,,米津玄師 - Flamingo / Kenshi Yonezu 米津玄師
2026-09-21,jp,Japan,top_videos_daily,,91,https://i.ytimg.com/vi/M-Eyhjkepy0/mqdefault.jpg,https://www.youtube.com/watch?v=M-Eyhjkepy0,BOW AND ARROW,米津玄師,,,BOW AND ARROW 米津玄師
2026-09-21,jp,Japan,top_videos_daily,,92,https://i.ytimg.com/vi/TtAgxS48tyg/mqdefault.jpg,https://www.youtube.com/watch?v=TtAgxS48tyg,クエスチョン - Question,meiyo,,,クエスチョン - Question meiyo
2026-09-21,jp,Japan,top_videos_daily,,93,https://i.ytimg.com/vi/Ci_zad39Uhw/mqdefault.jpg,https://www.youtube.com/watch?v=Ci_zad39Uhw,粛聖!! ロリ神レクイエム☆,Ui Shigure,,,粛聖!! ロリ神レクイエム☆ Ui Shigure
2026-09-21,jp,Japan,top_videos_daily,,94,https://i.ytimg.com/vi/lzAyrgSqeeE/mqdefault.jpg,https://www.youtube.com/watch?v=lzAyrgSqeeE,"米津玄師 - orion , Kenshi Yonezu",米津玄師,,,"米津玄師 - orion , Kenshi Yonezu 米津玄師"
2026-09-21,jp,Japan,top_videos_daily,,95,https://i.ytimg.com/vi/h-TPXFw_q0I/mqdefault.jpg,https://www.youtube.com/watch?v=h-TPXFw_q0I,グッタイム - Good Time,Snow Man,,,グッタイム - Good Time Snow Man
2026-09-21,jp,Japan,top_videos_daily,,96,https://i.ytimg.com/vi/OxzdMNTJXmg/mqdefault.jpg,https://www.youtube.com/watch?v=OxzdMNTJXmg,Novelbright - Walking with you [Official Music Video],Novelbright,,,Novelbright - Walking with you [Official Music Video] Novelbright
2026-09-21,jp,Japan,top_videos_daily,,97,https://i.ytimg.com/vi/FyS5dAywkEo/mqdefault.jpg,https://www.youtube.com/watch?v=FyS5dAywkEo,SaWaDiKa (Official Music Video),LISA,,,SaWaDiKa (Official Music Video) LISA
2026-09-21,jp,Japan,top_videos_daily,,98,https://i.ytimg.com/vi/y7fu_nNQAEQ/mqdefault.jpg,https://www.youtube.com/watch?v=y7fu_nNQAEQ,ドーナツホール,米津玄師,"9月 29, 2024",85131,"98 98 ドーナツホール 米津玄師 9月 29, 2024 - 64 85,131"
2026-09-21,jp,Japan,top_videos_daily,,99,https://i.ytimg.com/vi/7zBeQezaz4U/mqdefault.jpg,https://www.youtube.com/watch?v=7zBeQezaz4U,クリスマスソング - Christmas Song,back number,,,クリスマスソング - Christmas Song back number
2026-09-21,jp,Japan,top_videos_daily,,100,https://i.ytimg.com/vi/Snvkb-GOuBw/mqdefault.jpg,https://www.youtube.com/watch?v=Snvkb-GOuBw,Abyssal Hymn,Ninomae Ina'nis,,,Abyssal Hymn Ninomae Ina'nis
2026-09-21,kr,South Korea,top_videos_daily,,1,https://i.ytimg.com/vi/7mDDM0eBWR0/mqdefault.jpg,https://www.youtube.com/watch?v=7mDDM0eBWR0,소연 (SOYEON) '퇴사할게여 (Narr. 기안84)' Official Music Video,i-dle (아이들),,,소연 (SOYEON) '퇴사할게여 (Narr. 기안84)' Official Music Video i-dle (아이들)
2026-09-21,kr,South Korea,top_videos_daily,,2,https://i.ytimg.com/vi/Lufa9QAFFeY/mqdefault.jpg,https://www.youtube.com/watch?v=Lufa9QAFFeY,new trick,ROSÉ,"9月 17, 2026",336727,"2 1 new trick ROSÉ 9月 17, 2026 1 2 336,727"
2026-09-21,kr,South Korea,top_videos_daily,,3,https://i.ytimg.com/vi/NwLxMQtlKDY/mqdefault.jpg,https://www.youtube.com/watch?v=NwLxMQtlKDY,임영웅 '모이세' Official M/V,任英雄,,,임영웅 '모이세' Official M/V 任英雄
2026-09-21,kr,South Korea,top_videos_daily,,4,https://i.ytimg.com/vi/d6rrtRhN9YM/mqdefault.jpg,https://www.youtube.com/watch?v=d6rrtRhN9YM,임영웅 '또또' Official M/V,任英雄,,,임영웅 '또또' Official M/V 任英雄
2026-09-21,kr,South Korea,top_videos_daily,,5,https://i.ytimg.com/vi/GxChUrrY4bc/mqdefault.jpg,https://www.youtube.com/watch?v=GxChUrrY4bc,꿈꾸던 어른이 되었나요?,MEOMURU,,,꿈꾸던 어른이 되었나요? MEOMURU
2026-09-21,kr,South Korea,top_videos_daily,,6,https://i.ytimg.com/vi/XAomU4u1BxE/mqdefault.jpg,https://www.youtube.com/watch?v=XAomU4u1BxE,BAD,ATEEZ,"9月 15, 2026",196291,"6 2 BAD ATEEZ 9月 15, 2026 4 5 196,291"
2026-09-21,kr,South Korea,top_videos_daily,,7,https://i.ytimg.com/vi/x6_mbnsh6VU/mqdefault.jpg,https://www.youtube.com/watch?v=x6_mbnsh6VU,STORM I & II,Gener8ion / Yung Lean,,,STORM I & II Gener8ion & Yung Lean
2026-09-21,kr,South Korea,top_videos_daily,,8,https://i.ytimg.com/vi/oAwzFFEYm38/mqdefault.jpg,https://www.youtube.com/watch?v=oAwzFFEYm38,Skibidi,Girls' Generation-HRS,,,Skibidi Girls' Generation-HRS
2026-09-21,kr,South Korea,top_videos_daily,,9,https://i.ytimg.com/vi/qZlu2j2SiBA/mqdefault.jpg,https://www.youtube.com/watch?v=qZlu2j2SiBA,Pretty Girl,RESCENE,,,Pretty Girl RESCENE
2026-09-21,kr,South Korea,top_videos_daily,,10,https://i.ytimg.com/vi/Kx0QiFrygPs/mqdefault.jpg,https://www.youtube.com/watch?v=Kx0QiFrygPs,[MV] Yun Hu(윤후) _ If Only(좋을텐데),Yun Hu,,,[MV] Yun Hu(윤후) _ If Only(좋을텐데) Yun Hu
2026-09-21,kr,South Korea,top_videos_daily,,11,https://i.ytimg.com/vi/RdUV9Ms5GM4/mqdefault.jpg,https://www.youtube.com/watch?v=RdUV9Ms5GM4,IU 'Dear my crazy soulmate' MV,IU,,,IU 'Dear my crazy soulmate' MV IU
2026-09-21,kr,South Korea,top_videos_daily,,12,https://i.ytimg.com/vi/-q_S27LbNKU/mqdefault.jpg,https://www.youtube.com/watch?v=-q_S27LbNKU,BAD,ATEEZ,"6月 25, 2026",151549,"12 4 BAD ATEEZ 6月 25, 2026 16 86 151,549"
2026-09-21,kr,South Korea,top_videos_daily,,13,https://i.ytimg.com/vi/9XttLI0oH0I/mqdefault.jpg,https://www.youtube.com/watch?v=9XttLI0oH0I,LOVE ATTACK,RESCENE,,,LOVE ATTACK RESCENE
2026-09-21,kr,South Korea,top_videos_daily,,14,https://i.ytimg.com/vi/Jxgbfc89hNI/mqdefault.jpg,https://www.youtube.com/watch?v=Jxgbfc89hNI,Suddenly,I.O.I,"5月 19, 2026",140851,"14 1 Suddenly I.O.I 5月 19, 2026 15 124 140,851"
2026-09-21,kr,South Korea,top_videos_daily,,15,https://i.ytimg.com/vi/9C7SmVzzqA8/mqdefault.jpg,https://www.youtube.com/watch?v=9C7SmVzzqA8,남유정(NamYouJoung) '자기소개서' Official MV,유랄라Youlalla,,,남유정(NamYouJoung) '자기소개서' Official MV 유랄라Youlalla
2026-09-21,kr,South Korea,top_videos_daily,,16,https://i.ytimg.com/vi/ooJP6-l_QOs/mqdefault.jpg,https://www.youtube.com/watch?v=ooJP6-l_QOs,BAILEY ‘B-CAMP’ | ALLDAY PROJECT,ALLDAY PROJECT,,,BAILEY ‘B-CAMP’ | ALLDAY PROJECT ALLDAY PROJECT
2026-09-21,kr,South Korea,top_videos_daily,,17,https://i.ytimg.com/vi/v7sfQ90al90/mqdefault.jpg,https://www.youtube.com/watch?v=v7sfQ90al90,이홍기 PLAY ▶ 버즈(Buzz) - 활주 ('나루토' 여는 노래) #cover,李洪基,,,이홍기 PLAY ▶ 버즈(Buzz) - 활주 ('나루토' 여는 노래) #cover 李洪基
2026-09-21,kr,South Korea,top_videos_daily,,18,https://i.ytimg.com/vi/ZbO9PBdFRdc/mqdefault.jpg,https://www.youtube.com/watch?v=ZbO9PBdFRdc,Deja Vu,RESCENE,"7月 2, 2025",112122,"18 2 Deja Vu RESCENE 7月 2, 2025 20 129 112,122"
2026-09-21,kr,South Korea,top_videos_daily,,19,https://i.ytimg.com/vi/nocqSj3bnmQ/mqdefault.jpg,https://www.youtube.com/watch?v=nocqSj3bnmQ,REDRED,CORTIS,"9月 18, 2026",111716,"19 67 REDRED CORTIS 9月 18, 2026 86 2 111,716"
2026-09-21,kr,South Korea,top_videos_daily,,20,https://i.ytimg.com/vi/Qe8fa4b5xNU/mqdefault.jpg,https://www.youtube.com/watch?v=Qe8fa4b5xNU,Good Goodbye,HWASA,,,Good Goodbye HWASA
2026-09-21,kr,South Korea,top_videos_daily,,21,https://i.ytimg.com/vi/bMhDJ0S0OBA/mqdefault.jpg,https://www.youtube.com/watch?v=bMhDJ0S0OBA,It's Me,ILLIT,"4月 30, 2026",109467,"21 4 It's Me ILLIT 4月 30, 2026 25 143 109,467"
2026-09-21,kr,South Korea,top_videos_daily,,22,https://i.ytimg.com/vi/XPUOHpkRAxg/mqdefault.jpg,https://www.youtube.com/watch?v=XPUOHpkRAxg,마음의 숲,조선힙합,"4月 9, 2026",108603,"22 4 마음의 숲 조선힙합 4月 9, 2026 18 123 108,603"
2026-09-21,kr,South Korea,top_videos_daily,,23,https://i.ytimg.com/vi/OOvyHpNmGD8/mqdefault.jpg,https://www.youtube.com/watch?v=OOvyHpNmGD8,소연 (SOYEON) - 퇴사할게여 (Narr. 기안84)｜야외녹음실｜Beyond the Studio｜LIVE,1theK Live - 원더케이 라이브,,,소연 (SOYEON) - 퇴사할게여 (Narr. 기안84)｜야외녹음실｜Beyond the Studio｜LIVE 1theK Live - 원더케이 라이브
2026-09-21,kr,South Korea,top_videos_daily,,24,https://i.ytimg.com/vi/83C3TZ4Zm_o/mqdefault.jpg,https://www.youtube.com/watch?v=83C3TZ4Zm_o,LEMONADE,aespa,"5月 28, 2026",87664,"24 5 LEMONADE aespa 5月 28, 2026 29 114 87,664"
2026-09-21,kr,South Korea,top_videos_daily,,25,https://i.ytimg.com/vi/nP1xjFX86Po/mqdefault.jpg,https://www.youtube.com/watch?v=nP1xjFX86Po,IU '이 별로부터(Unknown Planet)' MV,IU,,,IU '이 별로부터(Unknown Planet)' MV IU
2026-09-21,kr,South Korea,top_videos_daily,,26,https://i.ytimg.com/vi/6KckN5hZl80/mqdefault.jpg,https://www.youtube.com/watch?v=6KckN5hZl80,[MV] Lim Young Woong(임영웅) _ ToTo(또또),Lim Young Woong,,,[MV] Lim Young Woong(임영웅) _ ToTo(또또) Lim Young Woong
2026-09-21,kr,South Korea,top_videos_daily,,27,https://i.ytimg.com/vi/luTz3QoowrU/mqdefault.jpg,https://www.youtube.com/watch?v=luTz3QoowrU,"Sky Land, Star Land",UNIS,,,"Sky Land, Star Land UNIS"
2026-09-21,kr,South Korea,top_videos_daily,,28,https://i.ytimg.com/vi/wmluyZkfFVU/mqdefault.jpg,https://www.youtube.com/watch?v=wmluyZkfFVU,"LEECHANGSUB 이창섭 - '사계, 그리고 너' M/V",fantagio 판타지오,,,"LEECHANGSUB 이창섭 - '사계, 그리고 너' M/V fantagio 판타지오"
2026-09-21,kr,South Korea,top_videos_daily,,29,https://i.ytimg.com/vi/ZdgVpnHq70o/mqdefault.jpg,https://www.youtube.com/watch?v=ZdgVpnHq70o,LE SSERAFIM (르세라핌) 'Made My Night' OFFICIAL PERFORMANCE FILM @ THE LOBBY,LE SSERAFIM,,,LE SSERAFIM (르세라핌) 'Made My Night' OFFICIAL PERFORMANCE FILM @ THE LOBBY LE SSERAFIM
2026-09-21,kr,South Korea,top_videos_daily,,30,https://i.ytimg.com/vi/1rAos7HClwI/mqdefault.jpg,https://www.youtube.com/watch?v=1rAos7HClwI,"RYUJIN “REDRED” @ ITZY The 5th Fan Meeting “ALL IN, MIDZY”",ITZY,,,"RYUJIN “REDRED” @ ITZY The 5th Fan Meeting “ALL IN, MIDZY” ITZY"
2026-09-21,kr,South Korea,top_videos_daily,,31,https://i.ytimg.com/vi/lu_YabaVmwM/mqdefault.jpg,https://www.youtube.com/watch?v=lu_YabaVmwM,I'm so sorry but I love you,FIFTY FIFTY,,,I'm so sorry but I love you FIFTY FIFTY
2026-09-21,kr,South Korea,top_videos_daily,,32,https://i.ytimg.com/vi/GnSaLQTrvt0/mqdefault.jpg,https://www.youtube.com/watch?v=GnSaLQTrvt0,Good Goodbye,HWASA,,,Good Goodbye HWASA
2026-09-21,kr,South Korea,top_videos_daily,,33,https://i.ytimg.com/vi/FyS5dAywkEo/mqdefault.jpg,https://www.youtube.com/watch?v=FyS5dAywkEo,SaWaDiKa (Official Music Video),LISA,,,SaWaDiKa (Official Music Video) LISA
2026-09-21,kr,South Korea,top_videos_daily,,34,https://i.ytimg.com/vi/F7sGJVUrkjQ/mqdefault.jpg,https://www.youtube.com/watch?v=F7sGJVUrkjQ,RUDE!,Hearts2Hearts,,,RUDE! Hearts2Hearts
2026-09-21,kr,South Korea,top_videos_daily,,35,https://i.ytimg.com/vi/H0GbvPY_Yl8/mqdefault.jpg,https://www.youtube.com/watch?v=H0GbvPY_Yl8,만찬가,TAEYEON,"6月 29, 2026",70363,"35 ● 만찬가 TAEYEON 6月 29, 2026 35 76 70,363"
2026-09-21,kr,South Korea,top_videos_daily,,36,https://i.ytimg.com/vi/dB8QCac8FSM/mqdefault.jpg,https://www.youtube.com/watch?v=dB8QCac8FSM,將棋一番！ - Shogi Ichiban！,Yukopi,,,将棋一番！ - Shogi Ichiban！ Yukopi
2026-09-21,kr,South Korea,top_videos_daily,,37,https://i.ytimg.com/vi/yebNIHKAC4A/mqdefault.jpg,https://www.youtube.com/watch?v=yebNIHKAC4A,Golden,HUNTR/X / EJAE / AUDREY NUNA / REI AMI / KPop Demon Hunters Cast,,,"Golden HUNTR/X , EJAE , AUDREY NUNA , REI AMI & KPop Demon Hunters Cast"
2026-09-21,kr,South Korea,top_videos_daily,,38,https://i.ytimg.com/vi/qWakHDd-Tgk/mqdefault.jpg,https://www.youtube.com/watch?v=qWakHDd-Tgk,송소희 Song Sohee - NANSEN,宋素熙,,,송소희 Song Sohee - NANSEN 宋素熙
2026-09-21,kr,South Korea,top_videos_daily,,39,https://i.ytimg.com/vi/tWez_36Zs6I/mqdefault.jpg,https://www.youtube.com/watch?v=tWez_36Zs6I,レプリカント - Replicant,YORUSHIKA,,,レプリカント - Replicant YORUSHIKA
2026-09-21,kr,South Korea,top_videos_daily,,40,https://i.ytimg.com/vi/ezRoEK2ttw0/mqdefault.jpg,https://www.youtube.com/watch?v=ezRoEK2ttw0,Unknown Planet,IU,,,Unknown Planet IU
2026-09-21,kr,South Korea,top_videos_daily,,41,https://i.ytimg.com/vi/kBOIdvscaYo/mqdefault.jpg,https://www.youtube.com/watch?v=kBOIdvscaYo,"[DK TIME] 도겸 - 다시, 사랑이야 (It's Love) COVER (원곡 : 도경수(D.O.))",Seventeen,,,"[DK TIME] 도겸 - 다시, 사랑이야 (It's Love) COVER (원곡 : 도경수(D.O.)) Seventeen"
2026-09-21,kr,South Korea,top_videos_daily,,42,https://i.ytimg.com/vi/sLk8zWUuYTA/mqdefault.jpg,https://www.youtube.com/watch?v=sLk8zWUuYTA,Vitamin ME,fromis_9,,,Vitamin ME fromis_9
2026-09-21,kr,South Korea,top_videos_daily,,43,https://i.ytimg.com/vi/NPqtL1dtrlA/mqdefault.jpg,https://www.youtube.com/watch?v=NPqtL1dtrlA,Love Options(연애의 조건),BESTIE,,,Love Options(연애의 조건) BESTIE
2026-09-21,kr,South Korea,top_videos_daily,,44,https://i.ytimg.com/vi/h0KIWaUEIgQ/mqdefault.jpg,https://www.youtube.com/watch?v=h0KIWaUEIgQ,사랑하게 될 거야,HANRORO,,,사랑하게 될 거야 HANRORO
2026-09-21,kr,South Korea,top_videos_daily,,45,https://i.ytimg.com/vi/D54StAZFUrc/mqdefault.jpg,https://www.youtube.com/watch?v=D54StAZFUrc,Paradise of Rumors,AKMU,,,Paradise of Rumors AKMU
2026-09-21,kr,South Korea,top_videos_daily,,46,https://i.ytimg.com/vi/bKQ-3FzfEAg/mqdefault.jpg,https://www.youtube.com/watch?v=bKQ-3FzfEAg,영탁 '꺾어' | Suit Dance | 수트댄스 | Performance | 4K | YOUNGTAK - GOGO,1theK Originals - 원더케이 오리지널,,,영탁 '꺾어' | Suit Dance | 수트댄스 | Performance | 4K | YOUNGTAK - GOGO 1theK Originals - 원더케이 오리지널
2026-09-21,kr,South Korea,top_videos_daily,,47,https://i.ytimg.com/vi/eB-IK2wPWzw/mqdefault.jpg,https://www.youtube.com/watch?v=eB-IK2wPWzw,BAD,ATEEZ,"8月 1, 2026",56689,"47 11 BAD ATEEZ 8月 1, 2026 58 44 56,689"
2026-09-21,kr,South Korea,top_videos_daily,,48,https://i.ytimg.com/vi/UsjsYMo3O1Q/mqdefault.jpg,https://www.youtube.com/watch?v=UsjsYMo3O1Q,Brain Rot,Tokyo Manaka,,,Brain Rot Tokyo Manaka
2026-09-21,kr,South Korea,top_videos_daily,,49,https://i.ytimg.com/vi/MzCbEdtNbJ0/mqdefault.jpg,https://www.youtube.com/watch?v=MzCbEdtNbJ0,HARU HARU(하루하루),BIGBANG,,,HARU HARU(하루하루) BIGBANG
2026-09-21,kr,South Korea,top_videos_daily,,50,https://i.ytimg.com/vi/TzH5BsJj81Y/mqdefault.jpg,https://www.youtube.com/watch?v=TzH5BsJj81Y,アクマバライ - Exorcist,Something's off with my Vocaloid,,,アクマバライ - Exorcist Something's off with my Vocaloid
2026-09-21,kr,South Korea,top_videos_daily,,51,https://i.ytimg.com/vi/XyzaMpAVm3s/mqdefault.jpg,https://www.youtube.com/watch?v=XyzaMpAVm3s,This Love,Davichi,,,This Love Davichi
2026-09-21,kr,South Korea,top_videos_daily,,52,https://i.ytimg.com/vi/UsbRoaH6y-Q/mqdefault.jpg,https://www.youtube.com/watch?v=UsbRoaH6y-Q,Pop Off Pop Off,KiiiKiii,,,Pop Off Pop Off KiiiKiii
2026-09-21,kr,South Korea,top_videos_daily,,53,https://i.ytimg.com/vi/L8ZnXgbyUuc/mqdefault.jpg,https://www.youtube.com/watch?v=L8ZnXgbyUuc,BIGBANG - ‘BiiiG’ M/V,BIGBANG,,,BIGBANG - ‘BiiiG’ M/V BIGBANG
2026-09-21,kr,South Korea,top_videos_daily,,54,https://i.ytimg.com/vi/_mj7WSYFccU/mqdefault.jpg,https://www.youtube.com/watch?v=_mj7WSYFccU,정승환 '...사랑했잖아...' Cover (원곡 : 린(LYn)) | SeungTUDIO,鄭承煥,,,정승환 '...사랑했잖아...' Cover (원곡 : 린(LYn)) | SeungTUDIO 鄭承煥
2026-09-21,kr,South Korea,top_videos_daily,,55,https://i.ytimg.com/vi/46h0LvDHgIs/mqdefault.jpg,https://www.youtube.com/watch?v=46h0LvDHgIs,SUN KISS,TUIDE (튜이드),,,SUN KISS TUIDE (튜이드)
2026-09-21,kr,South Korea,top_videos_daily,,56,https://i.ytimg.com/vi/5hL7uPsISY0/mqdefault.jpg,https://www.youtube.com/watch?v=5hL7uPsISY0,그냥 해,조선힙합,"6月 16, 2026",49215,"56 7 그냥 해 조선힙합 6月 16, 2026 49 95 49,215"
2026-09-21,kr,South Korea,top_videos_daily,,57,https://i.ytimg.com/vi/9DLT6kvRoLg/mqdefault.jpg,https://www.youtube.com/watch?v=9DLT6kvRoLg,W/X/Y - Tani Yuuki ┃Raon cover,Raon,,,W/X/Y - Tani Yuuki ┃Raon cover Raon
2026-09-21,kr,South Korea,top_videos_daily,,58,https://i.ytimg.com/vi/Di375ODZUAk/mqdefault.jpg,https://www.youtube.com/watch?v=Di375ODZUAk,머쉬베놈 (MUSHVENOM) - 내리고 (BACK DOWN) Feat. JUSTHIS Official MV,MUSHVENOM,,,머쉬베놈 (MUSHVENOM) - 내리고 (BACK DOWN) Feat. JUSTHIS Official MV MUSHVENOM
2026-09-21,kr,South Korea,top_videos_daily,,59,https://i.ytimg.com/vi/58caqix3wsg/mqdefault.jpg,https://www.youtube.com/watch?v=58caqix3wsg,On a Glorious Day in October | Original Song : Serenade to Spring by Rolf Rovland (Cello + Piano),CelloDeck,,,On a Glorious Day in October | Original Song : Serenade to Spring by Rolf Rovland (Cello + Piano) CelloDeck
2026-09-21,kr,South Korea,top_videos_daily,,60,https://i.ytimg.com/vi/oHFQ6aKTAMw/mqdefault.jpg,https://www.youtube.com/watch?v=oHFQ6aKTAMw,P1Harmony (피원하모니) INTAK (인탁) -‘Hip Song’ (비) LIVE CLIP @2026 FAN MEETING [P1uspace H : Horror Haven],P1Harmony,,2026,P1Harmony (피원하모니) INTAK (인탁) -‘Hip Song’ (비) LIVE CLIP @2026 FAN MEETING [P1uspace H : Horror Haven] P1Harmony
2026-09-21,kr,South Korea,top_videos_daily,,61,https://i.ytimg.com/vi/kPa7bsKwL-c/mqdefault.jpg,https://www.youtube.com/watch?v=kPa7bsKwL-c,Die With A Smile,Lady Gaga / Bruno Mars,,,Die With A Smile Lady Gaga & Bruno Mars
2026-09-21,kr,South Korea,top_videos_daily,,62,https://i.ytimg.com/vi/YA1IK2HzmGw/mqdefault.jpg,https://www.youtube.com/watch?v=YA1IK2HzmGw,BIGBANG - ‘BiiiG’ LIVE PERFORMANCE | BIGBANG 2026-2027 WORLD TOUR [ XX : COSMOS ] IN GOYANG,BIGBANG,,2027,BIGBANG - ‘BiiiG’ LIVE PERFORMANCE | BIGBANG 2026-2027 WORLD TOUR [ XX : COSMOS ] IN GOYANG BIGBANG
2026-09-21,kr,South Korea,top_videos_daily,,63,https://i.ytimg.com/vi/9lNp4h06dpc/mqdefault.jpg,https://www.youtube.com/watch?v=9lNp4h06dpc,"LEECHANGSUB 이창섭 - '사계, 그리고 너' LIVE CLIP : Autumn (The Stain)",李昌燮,,,"LEECHANGSUB 이창섭 - '사계, 그리고 너' LIVE CLIP : Autumn (The Stain) 李昌燮"
2026-09-21,kr,South Korea,top_videos_daily,,64,https://i.ytimg.com/vi/s4UW__ysPEM/mqdefault.jpg,https://www.youtube.com/watch?v=s4UW__ysPEM,You,Fujii Kaze,"9月 17, 2026",45418,"64 37 You Fujii Kaze 9月 17, 2026 27 3 45,418"
2026-09-21,kr,South Korea,top_videos_daily,,65,https://i.ytimg.com/vi/FhNugHNh72s/mqdefault.jpg,https://www.youtube.com/watch?v=FhNugHNh72s,국악딴따라 - 살아보니 그렇더라 (Official MV),국악딴따라,,,국악딴따라 - 살아보니 그렇더라 (Official MV) 국악딴따라
2026-09-21,kr,South Korea,top_videos_daily,,66,https://i.ytimg.com/vi/V3b1JrAl_1Q/mqdefault.jpg,https://www.youtube.com/watch?v=V3b1JrAl_1Q,도경수(D.O.) l 'Guitarist' MV,都敬秀,,,도경수(D.O.) l 'Guitarist' MV 都敬秀
2026-09-21,kr,South Korea,top_videos_daily,,67,https://i.ytimg.com/vi/Ak1cg1ex0NY/mqdefault.jpg,https://www.youtube.com/watch?v=Ak1cg1ex0NY,[MV] 영탁(YOUNGTAK) '꺾어(GOGO)',YOUNGTAK,,,[MV] 영탁(YOUNGTAK) '꺾어(GOGO)' YOUNGTAK
2026-09-21,kr,South Korea,top_videos_daily,,68,https://i.ytimg.com/vi/T24rF_x0TmQ/mqdefault.jpg,https://www.youtube.com/watch?v=T24rF_x0TmQ,ヤラララ,AnythingBecomeMoe,,,ヤラララ AnythingBecomeMoe
2026-09-21,kr,South Korea,top_videos_daily,,69,https://i.ytimg.com/vi/sf02ugzPFE4/mqdefault.jpg,https://www.youtube.com/watch?v=sf02ugzPFE4,CLICK,JISOO,"9月 3, 2026",41309,"69 5 CLICK JISOO 9月 3, 2026 64 11 41,309"
2026-09-21,kr,South Korea,top_videos_daily,,70,https://i.ytimg.com/vi/B5u8JiGVI_k/mqdefault.jpg,https://www.youtube.com/watch?v=B5u8JiGVI_k,BIGBANG - ‘BiiiG’ DANCE PRACTICE,BIGBANG,,,BIGBANG - ‘BiiiG’ DANCE PRACTICE BIGBANG
2026-09-21,kr,South Korea,top_videos_daily,,71,https://i.ytimg.com/vi/gW5rI8NGSxE/mqdefault.jpg,https://www.youtube.com/watch?v=gW5rI8NGSxE,Parallel Night,서영주 of 너드커넥션,,,Parallel Night 서영주 of 너드커넥션
2026-09-21,kr,South Korea,top_videos_daily,,72,https://i.ytimg.com/vi/Y1Lah0BM0KQ/mqdefault.jpg,https://www.youtube.com/watch?v=Y1Lah0BM0KQ,LE SSERAFIM (르세라핌) 'Made My Night' OFFICIAL MV with OVERWATCH,LE SSERAFIM,,,LE SSERAFIM (르세라핌) 'Made My Night' OFFICIAL MV with OVERWATCH LE SSERAFIM
2026-09-21,kr,South Korea,top_videos_daily,,73,https://i.ytimg.com/vi/cC66L4givYg/mqdefault.jpg,https://www.youtube.com/watch?v=cC66L4givYg,"Love is like spring rain, Breakup is like winter rain",임현정,,,"Love is like spring rain, Breakup is like winter rain 임현정"
2026-09-21,kr,South Korea,top_videos_daily,,74,https://i.ytimg.com/vi/rgcX5Fi6tOA/mqdefault.jpg,https://www.youtube.com/watch?v=rgcX5Fi6tOA,"I never get to have love, I just feel it",무소치,,,"I never get to have love, I just feel it 무소치"
2026-09-21,kr,South Korea,top_videos_daily,,75,https://i.ytimg.com/vi/_gyultVTesk/mqdefault.jpg,https://www.youtube.com/watch?v=_gyultVTesk,2.0,防彈少年團,"4月 1, 2026",36806,"75 1 2.0 防彈少年團 4月 1, 2026 74 111 36,806"
2026-09-21,kr,South Korea,top_videos_daily,,76,https://i.ytimg.com/vi/WNl67k6StWY/mqdefault.jpg,https://www.youtube.com/watch?v=WNl67k6StWY,LOVE ATTACK,RESCENE,,,LOVE ATTACK RESCENE
2026-09-21,kr,South Korea,top_videos_daily,,77,https://i.ytimg.com/vi/tYPKluEd1b4/mqdefault.jpg,https://www.youtube.com/watch?v=tYPKluEd1b4,조선힙합 '돈 때문에' Official MV,조선힙합,,,조선힙합 '돈 때문에' Official MV 조선힙합
2026-09-21,kr,South Korea,top_videos_daily,,78,https://i.ytimg.com/vi/NhdHEViwvDY/mqdefault.jpg,https://www.youtube.com/watch?v=NhdHEViwvDY,우리 막내 트로트도 잘하네🌕 | 안원잘부 제나 | 리센느,RESCENE,,,우리 막내 트로트도 잘하네🌕 | 안원잘부 제나 | 리센느 RESCENE
2026-09-21,kr,South Korea,top_videos_daily,,79,https://i.ytimg.com/vi/1cKc1rkZwf8/mqdefault.jpg,https://www.youtube.com/watch?v=1cKc1rkZwf8,It's Art,PSY,"2月 7, 2011",34305,"79 ● It's Art PSY 2月 7, 2011 79 93 34,305"
2026-09-21,kr,South Korea,top_videos_daily,,80,https://i.ytimg.com/vi/5GUaMOpfmr8/mqdefault.jpg,https://www.youtube.com/watch?v=5GUaMOpfmr8,ただ聲一つ - One Voice,Rokudenashi,,,ただ声一つ - One Voice Rokudenashi
2026-09-21,kr,South Korea,top_videos_daily,,81,https://i.ytimg.com/vi/XKZIQlqVjjk/mqdefault.jpg,https://www.youtube.com/watch?v=XKZIQlqVjjk,승인해주세요 지니님!,카사네 테토 / Una Otomachi,,,승인해주세요 지니님! 카사네 테토 & Una Otomachi
2026-09-21,kr,South Korea,top_videos_daily,,82,https://i.ytimg.com/vi/chl0R8C4NJ8/mqdefault.jpg,https://www.youtube.com/watch?v=chl0R8C4NJ8,Hearts2Hearts 하츠투하츠 'ICONIC HEART' MV,Hearts2Hearts,,,Hearts2Hearts 하츠투하츠 'ICONIC HEART' MV Hearts2Hearts
2026-09-21,kr,South Korea,top_videos_daily,,83,https://i.ytimg.com/vi/PxmKaXqeK2s/mqdefault.jpg,https://www.youtube.com/watch?v=PxmKaXqeK2s,너의 차선,조선힙합,"5月 21, 2026",31731,"83 12 너의 차선 조선힙합 5月 21, 2026 71 87 31,731"
2026-09-21,kr,South Korea,top_videos_daily,,84,https://i.ytimg.com/vi/7LjFAoWvsbE/mqdefault.jpg,https://www.youtube.com/watch?v=7LjFAoWvsbE,Walking with you,滑川康男,,,Walking with you 滑川康男
2026-09-21,kr,South Korea,top_videos_daily,,85,https://i.ytimg.com/vi/9cS2wv6AfHk/mqdefault.jpg,https://www.youtube.com/watch?v=9cS2wv6AfHk,I LIKE IT,BABYMONSTER,,,I LIKE IT BABYMONSTER
2026-09-21,kr,South Korea,top_videos_daily,,86,https://i.ytimg.com/vi/1jKnI_ib8c8/mqdefault.jpg,https://www.youtube.com/watch?v=1jKnI_ib8c8,Motto,ITZY,"5月 18, 2026",30390,"86 5 Motto ITZY 5月 18, 2026 81 34 30,390"
2026-09-21,kr,South Korea,top_videos_daily,,87,https://i.ytimg.com/vi/qwaVhOZkAek/mqdefault.jpg,https://www.youtube.com/watch?v=qwaVhOZkAek,Let’s Get Married,Miley Cyrus,,,Let’s Get Married Miley Cyrus
2026-09-21,kr,South Korea,top_videos_daily,,88,https://i.ytimg.com/vi/gNUMxMuxH20/mqdefault.jpg,https://www.youtube.com/watch?v=gNUMxMuxH20,Hearts2Hearts 하츠투하츠 'Moonride' MV,Hearts2Hearts,,,Hearts2Hearts 하츠투하츠 'Moonride' MV Hearts2Hearts
2026-09-21,kr,South Korea,top_videos_daily,,89,https://i.ytimg.com/vi/B8JJ8RNM-60/mqdefault.jpg,https://www.youtube.com/watch?v=B8JJ8RNM-60,Pinball,RESCENE,"9月 21, 2024",29914,"89 7 Pinball RESCENE 9月 21, 2024 82 55 29,914"
2026-09-21,kr,South Korea,top_videos_daily,,90,https://i.ytimg.com/vi/Snvkb-GOuBw/mqdefault.jpg,https://www.youtube.com/watch?v=Snvkb-GOuBw,Abyssal Hymn,Ninomae Ina'nis,,,Abyssal Hymn Ninomae Ina'nis
2026-09-21,kr,South Korea,top_videos_daily,,91,https://i.ytimg.com/vi/6Ycn9qZK09I/mqdefault.jpg,https://www.youtube.com/watch?v=6Ycn9qZK09I,Heavy Serenade,NMIXX,,,Heavy Serenade NMIXX
2026-09-21,kr,South Korea,top_videos_daily,,92,https://i.ytimg.com/vi/1VqxWNwgf5Q/mqdefault.jpg,https://www.youtube.com/watch?v=1VqxWNwgf5Q,Lemon Tang,Hearts2Hearts,,,Lemon Tang Hearts2Hearts
2026-09-21,kr,South Korea,top_videos_daily,,93,https://i.ytimg.com/vi/3b4men4nFMA/mqdefault.jpg,https://www.youtube.com/watch?v=3b4men4nFMA,그냥 그러려니 해,조선힙합,"8月 6, 2026",29190,"93 17 그냥 그러려니 해 조선힙합 8月 6, 2026 76 39 29,190"
2026-09-21,kr,South Korea,top_videos_daily,,94,https://i.ytimg.com/vi/8R2UTnAbfTg/mqdefault.jpg,https://www.youtube.com/watch?v=8R2UTnAbfTg,늙은 사랑,조선힙합,"5月 15, 2026",28891,"94 11 늙은 사랑 조선힙합 5月 15, 2026 83 74 28,891"
2026-09-21,kr,South Korea,top_videos_daily,,95,https://i.ytimg.com/vi/x3eqqoZPV_E/mqdefault.jpg,https://www.youtube.com/watch?v=x3eqqoZPV_E,춤 (CHOOM),BABYMONSTER,,,춤 (CHOOM) BABYMONSTER
2026-09-21,kr,South Korea,top_videos_daily,,96,https://i.ytimg.com/vi/OHAjc-ayhus/mqdefault.jpg,https://www.youtube.com/watch?v=OHAjc-ayhus,あぶく,YORUSHIKA,"4月 24, 2026",28683,"96 5 あぶく YORUSHIKA 4月 24, 2026 91 109 28,683"
2026-09-21,kr,South Korea,top_videos_daily,,97,https://i.ytimg.com/vi/6lN51mwvuA8/mqdefault.jpg,https://www.youtube.com/watch?v=6lN51mwvuA8,Gg Ez,M.Sasuke,"5月 30, 2026",28417,"97 4 Gg Ez M.Sasuke 5月 30, 2026 93 86 28,417"
2026-09-21,kr,South Korea,top_videos_daily,,98,https://i.ytimg.com/vi/RaTCjhIS4AY/mqdefault.jpg,https://www.youtube.com/watch?v=RaTCjhIS4AY,A Letter For You,Kim Na-young,,,A Letter For You Kim Na-young
2026-09-21,kr,South Korea,top_videos_daily,,99,https://i.ytimg.com/vi/2ips2mM7Zqw/mqdefault.jpg,https://www.youtube.com/watch?v=2ips2mM7Zqw,뱅뱅뱅,BIGBANG,"6月 1, 2015",27749,"99 99 뱅뱅뱅 BIGBANG 6月 1, 2015 - 113 27,749"
2026-09-21,kr,South Korea,top_videos_daily,,100,https://i.ytimg.com/vi/IpFX2vq8HKw/mqdefault.jpg,https://www.youtube.com/watch?v=IpFX2vq8HKw,yung kai - blue (official music video),yung kai,,,yung kai - blue (official music video) yung kai
2026-09-21,vn,Vietnam,top_videos_daily,,1,https://i.ytimg.com/vi/UH21OnJwxZE/mqdefault.jpg,https://www.youtube.com/watch?v=UH21OnJwxZE,PHƯƠNG MỸ CHI x DTAP | 'THIÊN ĐƯỜNG VỚI NGƯỜI THƯƠNG' | OFFICIAL MUSIC VIDEO,Phương Mỹ Chi,,,PHƯƠNG MỸ CHI x DTAP | 'THIÊN ĐƯỜNG VỚI NGƯỜI THƯƠNG' | OFFICIAL MUSIC VIDEO Phương Mỹ Chi
2026-09-21,vn,Vietnam,top_videos_daily,,2,https://i.ytimg.com/vi/boKJ5XDs_mY/mqdefault.jpg,https://www.youtube.com/watch?v=boKJ5XDs_mY,LƯU NIÊN,Jack - J97,,,LƯU NIÊN Jack - J97
2026-09-21,vn,Vietnam,top_videos_daily,,3,https://i.ytimg.com/vi/vLa5jvCJMGk/mqdefault.jpg,https://www.youtube.com/watch?v=vLa5jvCJMGk,JACK - J97 | NGƯỜI DƯNG | Album TAM THÁI TỬ - Track No.2,Jack - J97,,,JACK - J97 | NGƯỜI DƯNG | Album TAM THÁI TỬ - Track No.2 Jack - J97
2026-09-21,vn,Vietnam,top_videos_daily,,4,https://i.ytimg.com/vi/4jjOH2FR6-E/mqdefault.jpg,https://www.youtube.com/watch?v=4jjOH2FR6-E,xương rồng (intro),Dangrangto / DONAL,,,xương rồng (intro) Dangrangto & DONAL
2026-09-21,vn,Vietnam,top_videos_daily,,5,https://i.ytimg.com/vi/Rb3hfEPyJxQ/mqdefault.jpg,https://www.youtube.com/watch?v=Rb3hfEPyJxQ,SECRET,"TINH HÀ ""SAY HI"" / Quang Hùng MasterD / CODYNAMVO / CONGB / Wren Evans",,,"SECRET TINH HÀ ""SAY HI"" , Quang Hùng MasterD , CODYNAMVO , CONGB & Wren Evans"
2026-09-21,vn,Vietnam,top_videos_daily,,6,https://i.ytimg.com/vi/-M91YDMeFnc/mqdefault.jpg,https://www.youtube.com/watch?v=-M91YDMeFnc,Quốc Thiên - Kẻ Say Tình 3 ( Ngày Gió Giông ) | Official MV Visualizer,Quốc Thiên,,,Quốc Thiên - Kẻ Say Tình 3 ( Ngày Gió Giông ) | Official MV Visualizer Quốc Thiên
2026-09-21,vn,Vietnam,top_videos_daily,,7,https://i.ytimg.com/vi/cwlToxaWuL8/mqdefault.jpg,https://www.youtube.com/watch?v=cwlToxaWuL8,MRT,"TINH HÀ ""SAY HI"" / XUÂN ĐỊNH KY / buitruonglinh / CAPTAIN BOY / HYO",,,"MRT TINH HÀ ""SAY HI"" , XUÂN ĐỊNH KY , buitruonglinh , CAPTAIN BOY & HYO"
2026-09-21,vn,Vietnam,top_videos_daily,,8,https://i.ytimg.com/vi/XqLsUne19Gs/mqdefault.jpg,https://www.youtube.com/watch?v=XqLsUne19Gs,LAVIEM,"Quang Hùng MasterD / TINH HÀ ""SAY HI"" / CAPTAIN BOY / Pháp Kiều / COOLKID / Danny Chung",,,"LAVIEM Quang Hùng MasterD , TINH HÀ ""SAY HI"" , CAPTAIN BOY , Pháp Kiều , COOLKID & Danny Chung"
2026-09-21,vn,Vietnam,top_videos_daily,,9,https://i.ytimg.com/vi/l4Pkem30Q60/mqdefault.jpg,https://www.youtube.com/watch?v=l4Pkem30Q60,Kẻ Say Tình (Live),Quoc Thien,,,Kẻ Say Tình (Live) Quoc Thien
2026-09-21,vn,Vietnam,top_videos_daily,,10,https://i.ytimg.com/vi/Lufa9QAFFeY/mqdefault.jpg,https://www.youtube.com/watch?v=Lufa9QAFFeY,new trick,ROSÉ,"9月 17, 2026",248102,"10 9 new trick ROSÉ 9月 17, 2026 1 2 248,102"
2026-09-21,vn,Vietnam,top_videos_daily,,11,https://i.ytimg.com/vi/qbek-A-CJJU/mqdefault.jpg,https://www.youtube.com/watch?v=qbek-A-CJJU,GIÁ NHƯ ANH LÀ EM - LỆ QUYÊN | OFFICIAL MUSIC VIDEO,麗娟,,,GIÁ NHƯ ANH LÀ EM - LỆ QUYÊN | OFFICIAL MUSIC VIDEO 麗娟
2026-09-21,vn,Vietnam,top_videos_daily,,12,https://i.ytimg.com/vi/Mpx2czQtz1Y/mqdefault.jpg,https://www.youtube.com/watch?v=Mpx2czQtz1Y,Trăm Năm Chỉ Một Người – Một Đời Chỉ Yêu Một Người | Hoàng K Official,Hoàng K Official,,,Trăm Năm Chỉ Một Người – Một Đời Chỉ Yêu Một Người | Hoàng K Official Hoàng K Official
2026-09-21,vn,Vietnam,top_videos_daily,,13,https://i.ytimg.com/vi/X-GCJwz4PnY/mqdefault.jpg,https://www.youtube.com/watch?v=X-GCJwz4PnY,Buồn Thì Cứ Khóc Đi,Lynk Lee,,,Buồn Thì Cứ Khóc Đi Lynk Lee
2026-09-21,vn,Vietnam,top_videos_daily,,14,https://i.ytimg.com/vi/QCr4Wf_eJHo/mqdefault.jpg,https://www.youtube.com/watch?v=QCr4Wf_eJHo,Đến Khi Nào,Yanbi,,,Đến Khi Nào Yanbi
2026-09-21,vn,Vietnam,top_videos_daily,,15,https://i.ytimg.com/vi/9eL4Scy4-Ys/mqdefault.jpg,https://www.youtube.com/watch?v=9eL4Scy4-Ys,"Ác Mộng Đẹp - Đạt G | Chapter 3: Đẹp | Album ""Ác Mộng Đẹp""",DatG Music,,,"Ác Mộng Đẹp - Đạt G | Chapter 3: Đẹp | Album ""Ác Mộng Đẹp"" DatG Music"
2026-09-21,vn,Vietnam,top_videos_daily,,16,https://i.ytimg.com/vi/kj7FXhECpSw/mqdefault.jpg,https://www.youtube.com/watch?v=kj7FXhECpSw,Ngược Lối Yêu,Vicky Nhung,,,Ngược Lối Yêu Vicky Nhung
2026-09-21,vn,Vietnam,top_videos_daily,,17,https://i.ytimg.com/vi/zs1CJNEMpSU/mqdefault.jpg,https://www.youtube.com/watch?v=zs1CJNEMpSU,Thử Lòng Quân Tử,Phương Mỹ Chi / DTAP / RHYDER,,,"Thử Lòng Quân Tử Phương Mỹ Chi , DTAP & RHYDER"
2026-09-21,vn,Vietnam,top_videos_daily,,18,https://i.ytimg.com/vi/8sVtL0o-v7U/mqdefault.jpg,https://www.youtube.com/watch?v=8sVtL0o-v7U,Người Im Lặng Gặp Người Hay Nói,HIEUTHUHAI,,,Người Im Lặng Gặp Người Hay Nói HIEUTHUHAI
2026-09-21,vn,Vietnam,top_videos_daily,,19,https://i.ytimg.com/vi/l_uzEREOKfo/mqdefault.jpg,https://www.youtube.com/watch?v=l_uzEREOKfo,THẾ GIỚI CỦA ANH,Dương Domic / buitruonglinh / CONGB / WEAN / Vận Toàn,,,"THẾ GIỚI CỦA ANH Dương Domic , buitruonglinh , CONGB , WEAN & Vận Toàn"
2026-09-21,vn,Vietnam,top_videos_daily,,20,https://i.ytimg.com/vi/KyZHbM_zC0I/mqdefault.jpg,https://www.youtube.com/watch?v=KyZHbM_zC0I,TIẾNG RU CỘI NGUỒN | Liên Minh Nguyên Tố Mỹ Mãn | Anh Trai Vượt Ngàn Chông Gai 2026,YEAH1 MUSIC,,2026,TIẾNG RU CỘI NGUỒN | Liên Minh Nguyên Tố Mỹ Mãn | Anh Trai Vượt Ngàn Chông Gai 2026 YEAH1 MUSIC
2026-09-21,vn,Vietnam,top_videos_daily,,21,https://i.ytimg.com/vi/ByMb8XWE8zg/mqdefault.jpg,https://www.youtube.com/watch?v=ByMb8XWE8zg,Ngân Hàng Nỗi Nhớ,DatG Music,,,Ngân Hàng Nỗi Nhớ DatG Music
2026-09-21,vn,Vietnam,top_videos_daily,,22,https://i.ytimg.com/vi/k7YJHCR9JBE/mqdefault.jpg,https://www.youtube.com/watch?v=k7YJHCR9JBE,50 Năm Về Sau,Đặng Thanh Tuyền,,,50 Năm Về Sau Đặng Thanh Tuyền
2026-09-21,vn,Vietnam,top_videos_daily,,23,https://i.ytimg.com/vi/bL5IuLDBuDQ/mqdefault.jpg,https://www.youtube.com/watch?v=bL5IuLDBuDQ,JACK - J97 | TAM THÁI TỬ | Album TAM THÁI TỬ - Track No.11,Jack - J97,,,JACK - J97 | TAM THÁI TỬ | Album TAM THÁI TỬ - Track No.11 Jack - J97
2026-09-21,vn,Vietnam,top_videos_daily,,24,https://i.ytimg.com/vi/T7ksmtaVeOk/mqdefault.jpg,https://www.youtube.com/watch?v=T7ksmtaVeOk,In Love,JustaTee / Low G,,,In Love JustaTee & Low G
2026-09-21,vn,Vietnam,top_videos_daily,,25,https://i.ytimg.com/vi/FNbT75NoaAI/mqdefault.jpg,https://www.youtube.com/watch?v=FNbT75NoaAI,JACK - J97 | HOA TRONG ĐÁ | Official Music Video - Album TAM THÁI TỬ - Track No.1,Jack - J97,,,JACK - J97 | HOA TRONG ĐÁ | Official Music Video - Album TAM THÁI TỬ - Track No.1 Jack - J97
2026-09-21,vn,Vietnam,top_videos_daily,,26,https://i.ytimg.com/vi/uUQG8sk7cLs/mqdefault.jpg,https://www.youtube.com/watch?v=uUQG8sk7cLs,Kẻ Say Tình 2,Quốc Thiên,,,Kẻ Say Tình 2 Quốc Thiên
2026-09-21,vn,Vietnam,top_videos_daily,,27,https://i.ytimg.com/vi/ss3NJ7uopjc/mqdefault.jpg,https://www.youtube.com/watch?v=ss3NJ7uopjc,Liệu Giờ,2T,"4月 14, 2019",133940,"27 6 Liệu Giờ 2T 4月 14, 2019 33 30 133,940"
2026-09-21,vn,Vietnam,top_videos_daily,,28,https://i.ytimg.com/vi/Rzm_kltwHbg/mqdefault.jpg,https://www.youtube.com/watch?v=Rzm_kltwHbg,Chạm Khẽ Tim Anh Một Chút Thôi (Live from Noo's Chill Night 3),阮福盛,,,Chạm Khẽ Tim Anh Một Chút Thôi (Live from Noo's Chill Night 3) 阮福盛
2026-09-21,vn,Vietnam,top_videos_daily,,29,https://i.ytimg.com/vi/qM9woZ4i36Q/mqdefault.jpg,https://www.youtube.com/watch?v=qM9woZ4i36Q,ANH YÊU EM (我愛你),Jack - J97,,,ANH YÊU EM (我爱你) Jack - J97
2026-09-21,vn,Vietnam,top_videos_daily,,30,https://i.ytimg.com/vi/6uVJqD2hSGQ/mqdefault.jpg,https://www.youtube.com/watch?v=6uVJqD2hSGQ,07. Em - Binz (feat. SOOBIN) | Gặp Lại Album,Binz,,,07. Em - Binz (feat. SOOBIN) | Gặp Lại Album Binz
2026-09-21,vn,Vietnam,top_videos_daily,,31,https://i.ytimg.com/vi/jM6UrE3Bxw4/mqdefault.jpg,https://www.youtube.com/watch?v=jM6UrE3Bxw4,Tự Do Như Cơn Gió,Xanh,,,Tự Do Như Cơn Gió Xanh
2026-09-21,vn,Vietnam,top_videos_daily,,32,https://i.ytimg.com/vi/xxe5d9QJav4/mqdefault.jpg,https://www.youtube.com/watch?v=xxe5d9QJav4,Sandwich & Story,EmceeDan / MONO,,,Sandwich & Story EmceeDan & MONO
2026-09-21,vn,Vietnam,top_videos_daily,,33,https://i.ytimg.com/vi/afRHMKfpk9c/mqdefault.jpg,https://www.youtube.com/watch?v=afRHMKfpk9c,Đạo Nào Bằng Đạo Phu Thê – Đi Hết Một Đời Mới Thấm Nghĩa Vợ Chồng | Hoàng K Official,Hoàng K Official,,,Đạo Nào Bằng Đạo Phu Thê – Đi Hết Một Đời Mới Thấm Nghĩa Vợ Chồng | Hoàng K Official Hoàng K Official
2026-09-21,vn,Vietnam,top_videos_daily,,34,https://i.ytimg.com/vi/fTXd-DpN3AI/mqdefault.jpg,https://www.youtube.com/watch?v=fTXd-DpN3AI,Bông Hoa Đẹp Nhất,Quân A.P,,,Bông Hoa Đẹp Nhất Quân A.P
2026-09-21,vn,Vietnam,top_videos_daily,,35,https://i.ytimg.com/vi/XpY62G82-HI/mqdefault.jpg,https://www.youtube.com/watch?v=XpY62G82-HI,Thương Lấy Phận Mình (Remix),Thái Học,,,Thương Lấy Phận Mình (Remix) Thái Học
2026-09-21,vn,Vietnam,top_videos_daily,,36,https://i.ytimg.com/vi/sPQXOA6pzOg/mqdefault.jpg,https://www.youtube.com/watch?v=sPQXOA6pzOg,Ngày Rời Chuyến Bay,Minh Huy / Pinny,,,Ngày Rời Chuyến Bay Minh Huy & Pinny
2026-09-21,vn,Vietnam,top_videos_daily,,37,https://i.ytimg.com/vi/s76BtB81Oms/mqdefault.jpg,https://www.youtube.com/watch?v=s76BtB81Oms,ĐỚN ĐAU VÔ CÙNG,DatKaa,,,ĐỚN ĐAU VÔ CÙNG DatKaa
2026-09-21,vn,Vietnam,top_videos_daily,,38,https://i.ytimg.com/vi/K6rrVCFGAE8/mqdefault.jpg,https://www.youtube.com/watch?v=K6rrVCFGAE8,LAVIEM,"Quang Hùng MasterD / TINH HÀ ""SAY HI"" / CAPTAIN BOY / Pháp Kiều / COOLKID / Danny Chung",,,"LAVIEM Quang Hùng MasterD , TINH HÀ ""SAY HI"" , CAPTAIN BOY , Pháp Kiều , COOLKID & Danny Chung"
2026-09-21,vn,Vietnam,top_videos_daily,,39,https://i.ytimg.com/vi/PKTqqnWEybA/mqdefault.jpg,https://www.youtube.com/watch?v=PKTqqnWEybA,JACK - J97 | MỖI LẦN NHỚ EM LÀ MỘT NGÀY MƯA | Album TAM THÁI TỬ - Track No.6,Jack - J97,,,JACK - J97 | MỖI LẦN NHỚ EM LÀ MỘT NGÀY MƯA | Album TAM THÁI TỬ - Track No.6 Jack - J97
2026-09-21,vn,Vietnam,top_videos_daily,,40,https://i.ytimg.com/vi/hzUG1erf3Yw/mqdefault.jpg,https://www.youtube.com/watch?v=hzUG1erf3Yw,Xin Đừng Rời Xa Anh (Beat),Lê Gia Bảo,,,Xin Đừng Rời Xa Anh (Beat) Lê Gia Bảo
2026-09-21,vn,Vietnam,top_videos_daily,,41,https://i.ytimg.com/vi/RM-LMRqL5zE/mqdefault.jpg,https://www.youtube.com/watch?v=RM-LMRqL5zE,Gián Đáng Iu Hongg?,Lâm Thằn Lằn / The New Gene,,,Gián Đáng Iu Hongg? Lâm Thằn Lằn & The New Gene
2026-09-21,vn,Vietnam,top_videos_daily,,42,https://i.ytimg.com/vi/8-bKjcADU18/mqdefault.jpg,https://www.youtube.com/watch?v=8-bKjcADU18,MƯA VỘI PHÓNG,Wren Evans / Ali Hoàng Dương / CODY Nam Võ / HYO / 2Pillz,,,"MƯA VỘI PHÓNG Wren Evans , Ali Hoàng Dương , CODY Nam Võ , HYO & 2Pillz"
2026-09-21,vn,Vietnam,top_videos_daily,,43,https://i.ytimg.com/vi/HedP3E7ljhk/mqdefault.jpg,https://www.youtube.com/watch?v=HedP3E7ljhk,Xin Đừng Rời Xa Anh (Truzg Remix) | Lê Gia Bảo | Nhạc Hot Trend TikTok 2026,Lê Gia Bảo,,2026,Xin Đừng Rời Xa Anh (Truzg Remix) | Lê Gia Bảo | Nhạc Hot Trend TikTok 2026 Lê Gia Bảo
2026-09-21,vn,Vietnam,top_videos_daily,,44,https://i.ytimg.com/vi/xJ1uMrL9Rwo/mqdefault.jpg,https://www.youtube.com/watch?v=xJ1uMrL9Rwo,Ngồi Nghe Em Khóc,DatG Music,,,Ngồi Nghe Em Khóc DatG Music
2026-09-21,vn,Vietnam,top_videos_daily,,45,https://i.ytimg.com/vi/Udc6MAAZT30/mqdefault.jpg,https://www.youtube.com/watch?v=Udc6MAAZT30,Từng Là Của Nhau,Bảo Anh / Táo,,,Từng Là Của Nhau Bảo Anh & Táo
2026-09-21,vn,Vietnam,top_videos_daily,,46,https://i.ytimg.com/vi/x6_mbnsh6VU/mqdefault.jpg,https://www.youtube.com/watch?v=x6_mbnsh6VU,STORM I & II,Gener8ion / Yung Lean,,,STORM I & II Gener8ion & Yung Lean
2026-09-21,vn,Vietnam,top_videos_daily,,47,https://i.ytimg.com/vi/dTZGuJACBWg/mqdefault.jpg,https://www.youtube.com/watch?v=dTZGuJACBWg,"gái tây gốc Việt | Nicole Nguyễn ft Tommy Tèo, Billy100 | OFFICIAL MV",Grammy Music Vietnam,,100,"gái tây gốc Việt | Nicole Nguyễn ft Tommy Tèo, Billy100 | OFFICIAL MV Grammy Music Vietnam"
2026-09-21,vn,Vietnam,top_videos_daily,,48,https://i.ytimg.com/vi/om6Qessps1c/mqdefault.jpg,https://www.youtube.com/watch?v=om6Qessps1c,50 CUỘC GỌI NHỠ,COOLKID / Quang Hùng MasterD / CODYNAMVO / Jaysonlei,,,"50 CUỘC GỌI NHỠ COOLKID , Quang Hùng MasterD , CODYNAMVO & Jaysonlei"
2026-09-21,vn,Vietnam,top_videos_daily,,49,https://i.ytimg.com/vi/fdFRy9zBdMo/mqdefault.jpg,https://www.youtube.com/watch?v=fdFRy9zBdMo,Kẻ Say Tình 2 (Live),Quoc Thien,,,Kẻ Say Tình 2 (Live) Quoc Thien
2026-09-21,vn,Vietnam,top_videos_daily,,50,https://i.ytimg.com/vi/i724lraI93s/mqdefault.jpg,https://www.youtube.com/watch?v=i724lraI93s,Bốn Chữ Lắm,Trúc Nhân,,,Bốn Chữ Lắm Trúc Nhân
2026-09-21,vn,Vietnam,top_videos_daily,,51,https://i.ytimg.com/vi/wnwwK_FCWAM/mqdefault.jpg,https://www.youtube.com/watch?v=wnwwK_FCWAM,"5 THÁNG - Wren Evans, WEAN, Ali Hoàng Dương, Jaysonlei, SOFTSERVEBOY | TINH HÀ SAY HI [PERFORMANCE]",Vie Channel - MUSIC,,,"5 THÁNG - Wren Evans, WEAN, Ali Hoàng Dương, Jaysonlei, SOFTSERVEBOY | TINH HÀ SAY HI [PERFORMANCE] Vie Channel - MUSIC"
2026-09-21,vn,Vietnam,top_videos_daily,,52,https://i.ytimg.com/vi/f4pdkPVkFi8/mqdefault.jpg,https://www.youtube.com/watch?v=f4pdkPVkFi8,JACK - J97 | HƯỚNG DƯƠNG BẤT TỨC | Album TAM THÁI TỬ - Track No.10,Jack - J97,,,JACK - J97 | HƯỚNG DƯƠNG BẤT TỨC | Album TAM THÁI TỬ - Track No.10 Jack - J97
2026-09-21,vn,Vietnam,top_videos_daily,,53,https://i.ytimg.com/vi/LYBcmQj7KUw/mqdefault.jpg,https://www.youtube.com/watch?v=LYBcmQj7KUw,"GIẢI CỨU THẾ GIỚI - JSOL, Sơn.K, HYO, IVAN, Softest Hard | TINH HÀ SAY HI [PERFORMANCE]",Vie Channel - MUSIC,,,"GIẢI CỨU THẾ GIỚI - JSOL, Sơn.K, HYO, IVAN, Softest Hard | TINH HÀ SAY HI [PERFORMANCE] Vie Channel - MUSIC"
2026-09-21,vn,Vietnam,top_videos_daily,,54,https://i.ytimg.com/vi/nocqSj3bnmQ/mqdefault.jpg,https://www.youtube.com/watch?v=nocqSj3bnmQ,REDRED,CORTIS,"9月 18, 2026",86951,"54 New REDRED CORTIS 9月 18, 2026 - 1 86,951"
2026-09-21,vn,Vietnam,top_videos_daily,,55,https://i.ytimg.com/vi/QxXYWMIQAcQ/mqdefault.jpg,https://www.youtube.com/watch?v=QxXYWMIQAcQ,Dangrangto - 'để dành cho em' (Visualizer),Dangrangto,,,Dangrangto - 'để dành cho em' (Visualizer) Dangrangto
2026-09-21,vn,Vietnam,top_videos_daily,,56,https://i.ytimg.com/vi/FyS5dAywkEo/mqdefault.jpg,https://www.youtube.com/watch?v=FyS5dAywkEo,SaWaDiKa (Official Music Video),LISA,,,SaWaDiKa (Official Music Video) LISA
2026-09-21,vn,Vietnam,top_videos_daily,,57,https://i.ytimg.com/vi/8jdPD_CDMdM/mqdefault.jpg,https://www.youtube.com/watch?v=8jdPD_CDMdM,Những Gì Anh Nói,Bozitt,,,Những Gì Anh Nói Bozitt
2026-09-21,vn,Vietnam,top_videos_daily,,58,https://i.ytimg.com/vi/3YJegkIccEY/mqdefault.jpg,https://www.youtube.com/watch?v=3YJegkIccEY,"VƯỢT NGƯỠNG TÌNH YÊU - HURRYKNG, Dương Domic, KIMLONG, XUÂN ĐỊNH KY, FrancisGotHeat | TINH HÀ SAY HI",Vie Channel - MUSIC,,,"VƯỢT NGƯỠNG TÌNH YÊU - HURRYKNG, Dương Domic, KIMLONG, XUÂN ĐỊNH KY, FrancisGotHeat | TINH HÀ SAY HI Vie Channel - MUSIC"
2026-09-21,vn,Vietnam,top_videos_daily,,59,https://i.ytimg.com/vi/3DcoC8p9az8/mqdefault.jpg,https://www.youtube.com/watch?v=3DcoC8p9az8,Training Season (Live),Dua Lipa,,,Training Season (Live) Dua Lipa
2026-09-21,vn,Vietnam,top_videos_daily,,60,https://i.ytimg.com/vi/fcnDmrtj6Sk/mqdefault.jpg,https://www.youtube.com/watch?v=fcnDmrtj6Sk,Dai Dai,Shakira / Burna Boy,,,Dai Dai Shakira & Burna Boy
2026-09-21,vn,Vietnam,top_videos_daily,,61,https://i.ytimg.com/vi/NPqtL1dtrlA/mqdefault.jpg,https://www.youtube.com/watch?v=NPqtL1dtrlA,Love Options(연애의 조건),BESTIE,,,Love Options(연애의 조건) BESTIE
2026-09-21,vn,Vietnam,top_videos_daily,,62,https://i.ytimg.com/vi/9VLQYN_ZhIM/mqdefault.jpg,https://www.youtube.com/watch?v=9VLQYN_ZhIM,Xin Đừng Rời Xa Anh (Remix Viral TikTok) - Lê Gia Bảo | Xin đừng rời xa anh đừng để lệ hoen mi anh,Lê Gia Bảo,,,Xin Đừng Rời Xa Anh (Remix Viral TikTok) - Lê Gia Bảo | Xin đừng rời xa anh đừng để lệ hoen mi anh Lê Gia Bảo
2026-09-21,vn,Vietnam,top_videos_daily,,63,https://i.ytimg.com/vi/UK-Cb9uoumw/mqdefault.jpg,https://www.youtube.com/watch?v=UK-Cb9uoumw,"Ăm Chã Húi Remix Full - Lâm Thằn Lằn ♫ Ăm Chã Húi, Bà Chã Hơm - Ông Xã Thúi, Bà xã Thơm Hot Tiktokk",Việt Mix VN,,,"Ăm Chã Húi Remix Full - Lâm Thằn Lằn ♫ Ăm Chã Húi, Bà Chã Hơm - Ông Xã Thúi, Bà xã Thơm Hot Tiktokk Việt Mix VN"
2026-09-21,vn,Vietnam,top_videos_daily,,64,https://i.ytimg.com/vi/bnj1xUDkpBk/mqdefault.jpg,https://www.youtube.com/watch?v=bnj1xUDkpBk,Giấc Mộng Ca Sĩ,Vanh Leg,,,Giấc Mộng Ca Sĩ Vanh Leg
2026-09-21,vn,Vietnam,top_videos_daily,,65,https://i.ytimg.com/vi/fLWuNJe3S5s/mqdefault.jpg,https://www.youtube.com/watch?v=fLWuNJe3S5s,CHANGG - tự sự (Official Music Video),Changg,,,CHANGG - tự sự (Official Music Video) Changg
2026-09-21,vn,Vietnam,top_videos_daily,,66,https://i.ytimg.com/vi/0ohZ4Eslwf8/mqdefault.jpg,https://www.youtube.com/watch?v=0ohZ4Eslwf8,JACK - J97 | THÌ RA MÌNH ĐÃ YÊU NHAU XONG RỒI | Album TAM THÁI TỬ - Track No.9,Jack - J97,,,JACK - J97 | THÌ RA MÌNH ĐÃ YÊU NHAU XONG RỒI | Album TAM THÁI TỬ - Track No.9 Jack - J97
2026-09-21,vn,Vietnam,top_videos_daily,,67,https://i.ytimg.com/vi/ie2mygRYU9Y/mqdefault.jpg,https://www.youtube.com/watch?v=ie2mygRYU9Y,TÍCH TỊCH TÌNH TANG | Liên Minh Hợp Lực Rực Rỡ | Anh Trai Vượt Ngàn Chông Gai 2026,YEAH1 MUSIC,,2026,TÍCH TỊCH TÌNH TANG | Liên Minh Hợp Lực Rực Rỡ | Anh Trai Vượt Ngàn Chông Gai 2026 YEAH1 MUSIC
2026-09-21,vn,Vietnam,top_videos_daily,,68,https://i.ytimg.com/vi/S2uRy0Gi20I/mqdefault.jpg,https://www.youtube.com/watch?v=S2uRy0Gi20I,GIẬN HỜN ĐỂ ĐƯỢC YÊU - ANH BA TRỨNG - BOLERO - SÁNG TÁC MỚI NGHE CỰC ÊM TAI,Anh Ba Trứng,,,GIẬN HỜN ĐỂ ĐƯỢC YÊU - ANH BA TRỨNG - BOLERO - SÁNG TÁC MỚI NGHE CỰC ÊM TAI Anh Ba Trứng
2026-09-21,vn,Vietnam,top_videos_daily,,69,https://i.ytimg.com/vi/XwshmJV-DHg/mqdefault.jpg,https://www.youtube.com/watch?v=XwshmJV-DHg,"Quang Hùng MasterD - 'SECRET' (ft. Cody Nam Võ, Wren Evans, CONGB) / TINH HÀ SAY HI",Quang Hùng MasterD,,,"Quang Hùng MasterD - 'SECRET' (ft. Cody Nam Võ, Wren Evans, CONGB) / TINH HÀ SAY HI Quang Hùng MasterD"
2026-09-21,vn,Vietnam,top_videos_daily,,70,https://i.ytimg.com/vi/-d3q5qYU7uY/mqdefault.jpg,https://www.youtube.com/watch?v=-d3q5qYU7uY,CÔ ĐƠN ANH CŨNG VUI,Thể Thiên / WEAN / KIMLONG / Xuân Định K.Y / DILLAN,,,"CÔ ĐƠN ANH CŨNG VUI Thể Thiên , WEAN , KIMLONG , Xuân Định K.Y & DILLAN"
2026-09-21,vn,Vietnam,top_videos_daily,,71,https://i.ytimg.com/vi/XLbOWqjmj4Q/mqdefault.jpg,https://www.youtube.com/watch?v=XLbOWqjmj4Q,Động Thăng Thiên,Vanh Leg,,,Động Thăng Thiên Vanh Leg
2026-09-21,vn,Vietnam,top_videos_daily,,72,https://i.ytimg.com/vi/flmgEV92Z_A/mqdefault.jpg,https://www.youtube.com/watch?v=flmgEV92Z_A,Thiệp Hồng Anh Viết Tên Em,Lê Sang,,,Thiệp Hồng Anh Viết Tên Em Lê Sang
2026-09-21,vn,Vietnam,top_videos_daily,,73,https://i.ytimg.com/vi/zoirAG6tmxw/mqdefault.jpg,https://www.youtube.com/watch?v=zoirAG6tmxw,JACK - J97 | NẾU PHẢI GIỮ CHO EM | Official Music Video - Album TAM THÁI TỬ - Track No.5,Jack - J97,,,JACK - J97 | NẾU PHẢI GIỮ CHO EM | Official Music Video - Album TAM THÁI TỬ - Track No.5 Jack - J97
2026-09-21,vn,Vietnam,top_videos_daily,,74,https://i.ytimg.com/vi/redFrGBZoJY/mqdefault.jpg,https://www.youtube.com/watch?v=redFrGBZoJY,Sinh Ra Đã Là Thứ Đối Lập Nhau,Da LAB,,,Sinh Ra Đã Là Thứ Đối Lập Nhau Da LAB
2026-09-21,vn,Vietnam,top_videos_daily,,75,https://i.ytimg.com/vi/PRa_XopJVcw/mqdefault.jpg,https://www.youtube.com/watch?v=PRa_XopJVcw,"Rocky CDE - TUYỆT TÌNH CA 2026 ft. BLF Fang , Jamie Chọi, Gió (Official MV) [Prod. BLF Nathan]",Rocky CDE,,2026,"Rocky CDE - TUYỆT TÌNH CA 2026 ft. BLF Fang , Jamie Chọi, Gió (Official MV) [Prod. BLF Nathan] Rocky CDE"
2026-09-21,vn,Vietnam,top_videos_daily,,76,https://i.ytimg.com/vi/kXUjz4xQKRo/mqdefault.jpg,https://www.youtube.com/watch?v=kXUjz4xQKRo,Chọn Mặt Gửi Vàng,Phương Mỹ Chi / DTAP / Double2T,,,"Chọn Mặt Gửi Vàng Phương Mỹ Chi , DTAP & Double2T"
2026-09-21,vn,Vietnam,top_videos_daily,,77,https://i.ytimg.com/vi/vytq1KJUp4w/mqdefault.jpg,https://www.youtube.com/watch?v=vytq1KJUp4w,Thương Nhớ Ngang Trời – Một Đời Người Chỉ Cần Một Người Là Đủ | Hoàng K Official,Hoàng K Official,,,Thương Nhớ Ngang Trời – Một Đời Người Chỉ Cần Một Người Là Đủ | Hoàng K Official Hoàng K Official
2026-09-21,vn,Vietnam,top_videos_daily,,78,https://i.ytimg.com/vi/yszxOH4e5eA/mqdefault.jpg,https://www.youtube.com/watch?v=yszxOH4e5eA,Mối Duyên Vàng,Võ Thu Hà / Tuấn Cry,,,Mối Duyên Vàng Võ Thu Hà & Tuấn Cry
2026-09-21,vn,Vietnam,top_videos_daily,,79,https://i.ytimg.com/vi/4P4hgggVhBg/mqdefault.jpg,https://www.youtube.com/watch?v=4P4hgggVhBg,[Official MV] Cỏ Dại Và Hoa Dành Dành (Bản Hay Nhất) - F47 x IC Music|Cỏ dại khô dưới chân sao xứng,F47 Cover,,,[Official MV] Cỏ Dại Và Hoa Dành Dành (Bản Hay Nhất) - F47 x IC Music|Cỏ dại khô dưới chân sao xứng F47 Cover
2026-09-21,vn,Vietnam,top_videos_daily,,80,https://i.ytimg.com/vi/5qqUYmJZc6Q/mqdefault.jpg,https://www.youtube.com/watch?v=5qqUYmJZc6Q,Thương Thầm Cô Lái Đò (Remix),Tiến võ,,,Thương Thầm Cô Lái Đò (Remix) Tiến võ
2026-09-21,vn,Vietnam,top_videos_daily,,81,https://i.ytimg.com/vi/eHwesHMnr2o/mqdefault.jpg,https://www.youtube.com/watch?v=eHwesHMnr2o,vùng vẫy,Dangrangto / ZEXZEX / DONAL,,,"vùng vẫy Dangrangto , ZEXZEX & DONAL"
2026-09-21,vn,Vietnam,top_videos_daily,,82,https://i.ytimg.com/vi/lUoOQ2_Smgc/mqdefault.jpg,https://www.youtube.com/watch?v=lUoOQ2_Smgc,[Nhạc chế] - TUỔI THƠ TÔI | Hậu Hoàng,Hau Hoang,,,[Nhạc chế] - TUỔI THƠ TÔI | Hậu Hoàng Hau Hoang
2026-09-21,vn,Vietnam,top_videos_daily,,83,https://i.ytimg.com/vi/h1dUzJFsAn8/mqdefault.jpg,https://www.youtube.com/watch?v=h1dUzJFsAn8,Cả Phòng Trà Đồng Loạt Đứng Dậy Ngỡ Ngàng Bởi Giọng Hát Hay Đến Thế,Yến Xinh Cover,,,Cả Phòng Trà Đồng Loạt Đứng Dậy Ngỡ Ngàng Bởi Giọng Hát Hay Đến Thế Yến Xinh Cover
2026-09-21,vn,Vietnam,top_videos_daily,,84,https://i.ytimg.com/vi/K601I5gP0_I/mqdefault.jpg,https://www.youtube.com/watch?v=K601I5gP0_I,Từ em mà ra,Lil Zpoet,,,Từ em mà ra Lil Zpoet
2026-09-21,vn,Vietnam,top_videos_daily,,85,https://i.ytimg.com/vi/8F2s8ivKXNY/mqdefault.jpg,https://www.youtube.com/watch?v=8F2s8ivKXNY,Life Goes On,Oliver Tree,,,Life Goes On Oliver Tree
2026-09-21,vn,Vietnam,top_videos_daily,,86,https://i.ytimg.com/vi/p1twmDbv3yA/mqdefault.jpg,https://www.youtube.com/watch?v=p1twmDbv3yA,LK Sao Không Thấy Anh Về / Nén Hương Yêu,如瓊 / 長武,,,LK Sao Không Thấy Anh Về / Nén Hương Yêu 如瓊 & 長武
2026-09-21,vn,Vietnam,top_videos_daily,,87,https://i.ytimg.com/vi/xO0pyw8XQcM/mqdefault.jpg,https://www.youtube.com/watch?v=xO0pyw8XQcM,Chuyện Của Nó : Jombie || Official Music Video,Jombie G5R official,,,Chuyện Của Nó : Jombie || Official Music Video Jombie G5R official
2026-09-21,vn,Vietnam,top_videos_daily,,88,https://i.ytimg.com/vi/ZQsXySoECfo/mqdefault.jpg,https://www.youtube.com/watch?v=ZQsXySoECfo,IM ĐỢI NGƯỜI ANH THƯƠNG,Wren Evans / CAPTAIN BOY / IVAN / Thể Thiên,,,"IM ĐỢI NGƯỜI ANH THƯƠNG Wren Evans , CAPTAIN BOY , IVAN & Thể Thiên"
2026-09-21,vn,Vietnam,top_videos_daily,,89,https://i.ytimg.com/vi/gR7-IH4K6DE/mqdefault.jpg,https://www.youtube.com/watch?v=gR7-IH4K6DE,JACK - J97 | NÁT TAN CÕI LÒNG | Album TAM THÁI TỬ - Track No.7,Jack - J97,,,JACK - J97 | NÁT TAN CÕI LÒNG | Album TAM THÁI TỬ - Track No.7 Jack - J97
2026-09-21,vn,Vietnam,top_videos_daily,,90,https://i.ytimg.com/vi/9BLIfT-87f0/mqdefault.jpg,https://www.youtube.com/watch?v=9BLIfT-87f0,Tình anh như núi cao biển rộng,Thiên Quang Official,,,Tình anh như núi cao biển rộng Thiên Quang Official
2026-09-21,vn,Vietnam,top_videos_daily,,91,https://i.ytimg.com/vi/ApXoWvfEYVU/mqdefault.jpg,https://www.youtube.com/watch?v=ApXoWvfEYVU,Sunflower,Post Malone / Swae Lee,,,Sunflower Post Malone & Swae Lee
2026-09-21,vn,Vietnam,top_videos_daily,,92,https://i.ytimg.com/vi/pMUgdBS6tCA/mqdefault.jpg,https://www.youtube.com/watch?v=pMUgdBS6tCA,Ở Hai Đầu Nỗi Nhớ,Minh Vuong M4U / Le Thuy,,,Ở Hai Đầu Nỗi Nhớ Minh Vuong M4U & Le Thuy
2026-09-21,vn,Vietnam,top_videos_daily,,93,https://i.ytimg.com/vi/rDpJfmBI9xQ/mqdefault.jpg,https://www.youtube.com/watch?v=rDpJfmBI9xQ,W/n - a b c d x y z n m a s a d (song 24) | 3107,W/N,,3107,W/n - a b c d x y z n m a s a d (song 24) | 3107 W/N
2026-09-21,vn,Vietnam,top_videos_daily,,94,https://i.ytimg.com/vi/fgzHvO43hxM/mqdefault.jpg,https://www.youtube.com/watch?v=fgzHvO43hxM,Cơn Mưa Băng Giá - 3AM Cover (Chill RnB) | Mơ Radio| Dù là cơn mưa băng giá dù đợi chờ là nỗi xót xa,MƠ RADIO,,,Cơn Mưa Băng Giá - 3AM Cover (Chill RnB) | Mơ Radio| Dù là cơn mưa băng giá dù đợi chờ là nỗi xót xa MƠ RADIO
2026-09-21,vn,Vietnam,top_videos_daily,,95,https://i.ytimg.com/vi/nsm32kHAaEA/mqdefault.jpg,https://www.youtube.com/watch?v=nsm32kHAaEA,Ngày Mai Người Ta Lấy Chồng - Thành Đạt | Quốc Thiên cover | Sáng tác : Đông Thiên Đức,Quốc Thiên,,,Ngày Mai Người Ta Lấy Chồng - Thành Đạt | Quốc Thiên cover | Sáng tác : Đông Thiên Đức Quốc Thiên
2026-09-21,vn,Vietnam,top_videos_daily,,96,https://i.ytimg.com/vi/DWYwmTdXpqw/mqdefault.jpg,https://www.youtube.com/watch?v=DWYwmTdXpqw,Cuộc Sống Em Ổn Không,Anh Tú,,,Cuộc Sống Em Ổn Không Anh Tú
2026-09-21,vn,Vietnam,top_videos_daily,,97,https://i.ytimg.com/vi/ip7rPD323qM/mqdefault.jpg,https://www.youtube.com/watch?v=ip7rPD323qM,ÁO SỜN VAI - Hồ Khắc Tùng | St:Đậm Nguyễn | Người có còn thương thương dùm tôi manh áo.. #trieuview,Hồ Khắc Tùng,,,ÁO SỜN VAI - Hồ Khắc Tùng | St:Đậm Nguyễn | Người có còn thương thương dùm tôi manh áo.. #trieuview Hồ Khắc Tùng
2026-09-21,vn,Vietnam,top_videos_daily,,98,https://i.ytimg.com/vi/Het5CE2VPDo/mqdefault.jpg,https://www.youtube.com/watch?v=Het5CE2VPDo,Lối Về Đất Mẹ | Rock Ballad Cover Với Giọng Luyến Láy Sâu | Nghe Là Nghiện,Phuc Lam Music,,,Lối Về Đất Mẹ | Rock Ballad Cover Với Giọng Luyến Láy Sâu | Nghe Là Nghiện Phuc Lam Music
2026-09-21,vn,Vietnam,top_videos_daily,,99,https://i.ytimg.com/vi/0Lj1FnJkoWg/mqdefault.jpg,https://www.youtube.com/watch?v=0Lj1FnJkoWg,JACK - J97 | HÀO HOA | Official Music Video - Album TAM THÁI TỬ - Track No.8,Jack - J97,,,JACK - J97 | HÀO HOA | Official Music Video - Album TAM THÁI TỬ - Track No.8 Jack - J97
2026-09-21,vn,Vietnam,top_videos_daily,,100,https://i.ytimg.com/vi/DZDYZ9nRHfU/mqdefault.jpg,https://www.youtube.com/watch?v=DZDYZ9nRHfU,HET THUONG CAN NHO,Đức Phúc,,,HET THUONG CAN NHO Đức Phúc
2026-09-21,th,Thailand,top_videos_daily,,1,https://i.ytimg.com/vi/23cipSExADA/mqdefault.jpg,https://www.youtube.com/watch?v=23cipSExADA,เพราะพี่รักจริง,หนึ่ง บีเคแบนด์,,,เพราะพี่รักจริง หนึ่ง บีเคแบนด์
2026-09-21,th,Thailand,top_videos_daily,,2,https://i.ytimg.com/vi/pTQiOMm_53Y/mqdefault.jpg,https://www.youtube.com/watch?v=pTQiOMm_53Y,PORZAX - ไม่ได้เลวขนาดนั้น (MV),PORZAX,,,PORZAX - ไม่ได้เลวขนาดนั้น (MV) PORZAX
2026-09-21,th,Thailand,top_videos_daily,,3,https://i.ytimg.com/vi/RrWFlqoWIHY/mqdefault.jpg,https://www.youtube.com/watch?v=RrWFlqoWIHY,ไม่รักดีกว่า,Z9,"8月 19, 2026",709031,"3 ● ไม่รักดีกว่า Z9 8月 19, 2026 3 32 709,031"
2026-09-21,th,Thailand,top_videos_daily,,4,https://i.ytimg.com/vi/C40oligg6xE/mqdefault.jpg,https://www.youtube.com/watch?v=C40oligg6xE,นาฬิกาทราย (sign),BOWKYLION,,,นาฬิกาทราย (sign) BOWKYLION
2026-09-21,th,Thailand,top_videos_daily,,5,https://i.ytimg.com/vi/zMciAtU4miE/mqdefault.jpg,https://www.youtube.com/watch?v=zMciAtU4miE,บ่มีสิทธิ์ - ธีร์ ทีเร็กซ์ x หยุด สาละวัน : เซิ้ง|Music 【Official MV】,SERNG MUSiC OFFICIAL,,,บ่มีสิทธิ์ - ธีร์ ทีเร็กซ์ x หยุด สาละวัน : เซิ้ง|Music 【Official MV】 SERNG MUSiC OFFICIAL
2026-09-21,th,Thailand,top_videos_daily,,6,https://i.ytimg.com/vi/HTjkVCSsKv8/mqdefault.jpg,https://www.youtube.com/watch?v=HTjkVCSsKv8,เมื่อไหร่จะมี (มีใจให้กัน),BLVCKHEART,,,เมื่อไหร่จะมี (มีใจให้กัน) BLVCKHEART
2026-09-21,th,Thailand,top_videos_daily,,7,https://i.ytimg.com/vi/LUE3AxSEff8/mqdefault.jpg,https://www.youtube.com/watch?v=LUE3AxSEff8,บ้านเธอบ้านฉัน,เบิ้ล ยุทธพล,,,บ้านเธอบ้านฉัน เบิ้ล ยุทธพล
2026-09-21,th,Thailand,top_videos_daily,,8,https://i.ytimg.com/vi/E-xqEPPyciw/mqdefault.jpg,https://www.youtube.com/watch?v=E-xqEPPyciw,ทิ้งกันไม่ได้หรอก,JSPKK / แจ๊ส สปุ๊กนิค ปาปิยอง กุ๊กกุ๊ก,,,ทิ้งกันไม่ได้หรอก JSPKK & แจ๊ส สปุ๊กนิค ปาปิยอง กุ๊กกุ๊ก
2026-09-21,th,Thailand,top_videos_daily,,9,https://i.ytimg.com/vi/5ySwsjh7SLQ/mqdefault.jpg,https://www.youtube.com/watch?v=5ySwsjh7SLQ,Keun Jai (3am call),Mirrr,,,Keun Jai (3am call) Mirrr
2026-09-21,th,Thailand,top_videos_daily,,10,https://i.ytimg.com/vi/FyS5dAywkEo/mqdefault.jpg,https://www.youtube.com/watch?v=FyS5dAywkEo,SaWaDiKa (Official Music Video),LISA,,,SaWaDiKa (Official Music Video) LISA
2026-09-21,th,Thailand,top_videos_daily,,11,https://i.ytimg.com/vi/JeHnrF61J80/mqdefault.jpg,https://www.youtube.com/watch?v=JeHnrF61J80,ถอนคำสาบาน,อะตอม ตาปีมิวสิคกรุ๊ป,,,ถอนคำสาบาน อะตอม ตาปีมิวสิคกรุ๊ป
2026-09-21,th,Thailand,top_videos_daily,,12,https://i.ytimg.com/vi/vmqE5G5YsW4/mqdefault.jpg,https://www.youtube.com/watch?v=vmqE5G5YsW4,Keun Jai (3am call),Mirrr,,,Keun Jai (3am call) Mirrr
2026-09-21,th,Thailand,top_videos_daily,,13,https://i.ytimg.com/vi/Lufa9QAFFeY/mqdefault.jpg,https://www.youtube.com/watch?v=Lufa9QAFFeY,new trick,ROSÉ,"9月 17, 2026",340214,"13 9 new trick ROSÉ 9月 17, 2026 4 2 340,214"
2026-09-21,th,Thailand,top_videos_daily,,14,https://i.ytimg.com/vi/UZKZclgeRTg/mqdefault.jpg,https://www.youtube.com/watch?v=UZKZclgeRTg,พอได้เสียว - ดิด คิตตี้ | Official MV,ดิด คิตตี้,,,พอได้เสียว - ดิด คิตตี้ | Official MV ดิด คิตตี้
2026-09-21,th,Thailand,top_videos_daily,,15,https://i.ytimg.com/vi/70oRsDKJWiY/mqdefault.jpg,https://www.youtube.com/watch?v=70oRsDKJWiY,ฟ้าสีครามกับความเป็นจริง,BOVINI,,,ฟ้าสีครามกับความเป็นจริง BOVINI
2026-09-21,th,Thailand,top_videos_daily,,16,https://i.ytimg.com/vi/D8T1EpbICsc/mqdefault.jpg,https://www.youtube.com/watch?v=D8T1EpbICsc,จิ้งจก ตุ๊กแก อึ่งอ่าง,เพ้นท์ คอนเน่,,,จิ้งจก ตุ๊กแก อึ่งอ่าง เพ้นท์ คอนเน่
2026-09-21,th,Thailand,top_videos_daily,,17,https://i.ytimg.com/vi/8XXPxLLgwt8/mqdefault.jpg,https://www.youtube.com/watch?v=8XXPxLLgwt8,GAVIN:D x Violette Wautier - อย่ามากกว่าฉันก็พอ [IN MY ROOM SESSION],GAVIN:D,,,GAVIN:D x Violette Wautier - อย่ามากกว่าฉันก็พอ [IN MY ROOM SESSION] GAVIN:D
2026-09-21,th,Thailand,top_videos_daily,,18,https://i.ytimg.com/vi/KwIW4E7b59I/mqdefault.jpg,https://www.youtube.com/watch?v=KwIW4E7b59I,กลางมหาสมุทร - เล็ก รัชเมศฐ์「Official MV」,Lek Ratchamet,,,กลางมหาสมุทร - เล็ก รัชเมศฐ์「Official MV」 Lek Ratchamet
2026-09-21,th,Thailand,top_videos_daily,,19,https://i.ytimg.com/vi/vxHVQtJj2uQ/mqdefault.jpg,https://www.youtube.com/watch?v=vxHVQtJj2uQ,สาธุ,ASIA7,"11月 25, 2025",282053,"19 1 สาธุ ASIA7 11月 25, 2025 18 147 282,053"
2026-09-21,th,Thailand,top_videos_daily,,20,https://i.ytimg.com/vi/Q5SEFSLTYMc/mqdefault.jpg,https://www.youtube.com/watch?v=Q5SEFSLTYMc,จำบ่เป็น,ธีร์ ทีเร็กซ์ OFFICIAL,,,จำบ่เป็น ธีร์ ทีเร็กซ์ OFFICIAL
2026-09-21,th,Thailand,top_videos_daily,,21,https://i.ytimg.com/vi/j7GbNWS7XUQ/mqdefault.jpg,https://www.youtube.com/watch?v=j7GbNWS7XUQ,Rain Zone,Maiyarap,,,Rain Zone Maiyarap
2026-09-21,th,Thailand,top_videos_daily,,22,https://i.ytimg.com/vi/hBK29bbOLS4/mqdefault.jpg,https://www.youtube.com/watch?v=hBK29bbOLS4,แก้บน,ก้านตอง ทุ่งเงิน,,,แก้บน ก้านตอง ทุ่งเงิน
2026-09-21,th,Thailand,top_videos_daily,,23,https://i.ytimg.com/vi/TiJn3_IY9Kk/mqdefault.jpg,https://www.youtube.com/watch?v=TiJn3_IY9Kk,นาฬิกาทราย (sign) (SPECIAL VERSION),BOWKYLION,,,นาฬิกาทราย (sign) (SPECIAL VERSION) BOWKYLION
2026-09-21,th,Thailand,top_videos_daily,,24,https://i.ytimg.com/vi/wcvuL6-lGhI/mqdefault.jpg,https://www.youtube.com/watch?v=wcvuL6-lGhI,PORZAX - เธอทีละสองฉันทีละคน,PORZAX,,,PORZAX - เธอทีละสองฉันทีละคน PORZAX
2026-09-21,th,Thailand,top_videos_daily,,25,https://i.ytimg.com/vi/uRvKYox9ui8/mqdefault.jpg,https://www.youtube.com/watch?v=uRvKYox9ui8,เก็บทรง - FULL「Official MV」,FULL,,,เก็บทรง - FULL「Official MV」 FULL
2026-09-21,th,Thailand,top_videos_daily,,26,https://i.ytimg.com/vi/_X4p4oPlGLU/mqdefault.jpg,https://www.youtube.com/watch?v=_X4p4oPlGLU,ขี้แง (Boys Don't Cry),PROXIE,,,ขี้แง (Boys Don't Cry) PROXIE
2026-09-21,th,Thailand,top_videos_daily,,27,https://i.ytimg.com/vi/JbpfEQXuXc4/mqdefault.jpg,https://www.youtube.com/watch?v=JbpfEQXuXc4,เต้ยสั่งลา,ธีร์ ทีเร็กซ์ OFFICIAL,,,เต้ยสั่งลา ธีร์ ทีเร็กซ์ OFFICIAL
2026-09-21,th,Thailand,top_videos_daily,,28,https://i.ytimg.com/vi/_4Pns0KNxzk/mqdefault.jpg,https://www.youtube.com/watch?v=_4Pns0KNxzk,หม้อหุงข้าว,JOEY PHUWASIT,,,หม้อหุงข้าว JOEY PHUWASIT
2026-09-21,th,Thailand,top_videos_daily,,29,https://i.ytimg.com/vi/n8TTxoiigzo/mqdefault.jpg,https://www.youtube.com/watch?v=n8TTxoiigzo,ฟ้าสีครามกับความเป็นจริง - BOVINI x P-HOT「Another Version」,Genierock,,,ฟ้าสีครามกับความเป็นจริง - BOVINI x P-HOT「Another Version」 Genierock
2026-09-21,th,Thailand,top_videos_daily,,30,https://i.ytimg.com/vi/34wnf8276O4/mqdefault.jpg,https://www.youtube.com/watch?v=34wnf8276O4,ภวังค์จิต,ปราง ปรางทิพย์,,,ภวังค์จิต ปราง ปรางทิพย์
2026-09-21,th,Thailand,top_videos_daily,,31,https://i.ytimg.com/vi/1OMZrYHIim8/mqdefault.jpg,https://www.youtube.com/watch?v=1OMZrYHIim8,รักให้เธอได้รู้ (Proof.),PUN,,,รักให้เธอได้รู้ (Proof.) PUN
2026-09-21,th,Thailand,top_videos_daily,,32,https://i.ytimg.com/vi/HSJzqueYOxw/mqdefault.jpg,https://www.youtube.com/watch?v=HSJzqueYOxw,4EVE - เหงา...เข้าใจ | THE TEST OF TIME 2000 [ Official Video Song,XOXO ENTERTAINMENT,,2000,4EVE - เหงา...เข้าใจ | THE TEST OF TIME 2000 [ Official Video Song ] XOXO ENTERTAINMENT
2026-09-21,th,Thailand,top_videos_daily,,33,https://i.ytimg.com/vi/TNbSP0VfFWQ/mqdefault.jpg,https://www.youtube.com/watch?v=TNbSP0VfFWQ,คนไม่เอาถ่าน,大屁股樂團,,,คนไม่เอาถ่าน 大屁股樂團
2026-09-21,th,Thailand,top_videos_daily,,34,https://i.ytimg.com/vi/Ndh4rP1F6g8/mqdefault.jpg,https://www.youtube.com/watch?v=Ndh4rP1F6g8,ความคิดถึงที่เต็มไปด้วยน้ำตา,โชเล่ย์ ชคัทพล,,,ความคิดถึงที่เต็มไปด้วยน้ำตา โชเล่ย์ ชคัทพล
2026-09-21,th,Thailand,top_videos_daily,,35,https://i.ytimg.com/vi/7ob-uFHQkuU/mqdefault.jpg,https://www.youtube.com/watch?v=7ob-uFHQkuU,ก่อนโลกทั้งใบมันพัง,Mr'พระจันทร์,,,ก่อนโลกทั้งใบมันพัง Mr'พระจันทร์
2026-09-21,th,Thailand,top_videos_daily,,36,https://i.ytimg.com/vi/-YByeE5aVc0/mqdefault.jpg,https://www.youtube.com/watch?v=-YByeE5aVc0,ได้แค่เดินมาส่ง (The Last Walk),GAVIN:D,,,ได้แค่เดินมาส่ง (The Last Walk) GAVIN:D
2026-09-21,th,Thailand,top_videos_daily,,37,https://i.ytimg.com/vi/WE3in6xs1iw/mqdefault.jpg,https://www.youtube.com/watch?v=WE3in6xs1iw,อ่วยคืน,ธีร์ ทีเร็กซ์ OFFICIAL,,,อ่วยคืน ธีร์ ทีเร็กซ์ OFFICIAL
2026-09-21,th,Thailand,top_videos_daily,,38,https://i.ytimg.com/vi/8wxTE5Ewmmo/mqdefault.jpg,https://www.youtube.com/watch?v=8wxTE5Ewmmo,ขอบคุณตัวเอง - ดาม่วน Music (Official Audio) | เพลงกำลังใจ สำหรับคนสู้ชีวิต,ดาม่วน Music,,,ขอบคุณตัวเอง - ดาม่วน Music (Official Audio) | เพลงกำลังใจ สำหรับคนสู้ชีวิต ดาม่วน Music
2026-09-21,th,Thailand,top_videos_daily,,39,https://i.ytimg.com/vi/0iXj7Zkb3Ik/mqdefault.jpg,https://www.youtube.com/watch?v=0iXj7Zkb3Ik,แคนฮ้างนางฟ้า,กู่แคน,,,แคนฮ้างนางฟ้า กู่แคน
2026-09-21,th,Thailand,top_videos_daily,,40,https://i.ytimg.com/vi/I_xP8FhO2Zo/mqdefault.jpg,https://www.youtube.com/watch?v=I_xP8FhO2Zo,คิดถึงเรื้อรัง,manutsawee,,,คิดถึงเรื้อรัง manutsawee
2026-09-21,th,Thailand,top_videos_daily,,41,https://i.ytimg.com/vi/yTxEWswuPPg/mqdefault.jpg,https://www.youtube.com/watch?v=yTxEWswuPPg,ไม่มีใครรู้ตัวเรา,UNHEARD MUSIC,,,ไม่มีใครรู้ตัวเรา UNHEARD MUSIC
2026-09-21,th,Thailand,top_videos_daily,,42,https://i.ytimg.com/vi/99jJP3DgdBQ/mqdefault.jpg,https://www.youtube.com/watch?v=99jJP3DgdBQ,ขอแค่นี้ (Forever n ever),PUN,,,ขอแค่นี้ (Forever n ever) PUN
2026-09-21,th,Thailand,top_videos_daily,,43,https://i.ytimg.com/vi/Gy-MZjiFv2M/mqdefault.jpg,https://www.youtube.com/watch?v=Gy-MZjiFv2M,ดอกกระเจียวบาน,Kong Huayrai,,,ดอกกระเจียวบาน Kong Huayrai
2026-09-21,th,Thailand,top_videos_daily,,44,https://i.ytimg.com/vi/FbrH6dDPERI/mqdefault.jpg,https://www.youtube.com/watch?v=FbrH6dDPERI,ดาวตก,WANYAi,"10月 1, 2025",173374,"44 2 ดาวตก WANYAi 10月 1, 2025 46 133 173,374"
2026-09-21,th,Thailand,top_videos_daily,,45,https://i.ytimg.com/vi/G2JFOEFmnnI/mqdefault.jpg,https://www.youtube.com/watch?v=G2JFOEFmnnI,คืนจันทร์,Loso,"11月 6, 2014",166410,"45 3 คืนจันทร์ Loso 11月 6, 2014 48 128 166,410"
2026-09-21,th,Thailand,top_videos_daily,,46,https://i.ytimg.com/vi/_x-Q6OBCh9o/mqdefault.jpg,https://www.youtube.com/watch?v=_x-Q6OBCh9o,คะนึงนิตย์ - ปราง ปรางทิพย์ [Official MV],ปราง ปรางทิพย์,,,คะนึงนิตย์ - ปราง ปรางทิพย์ [Official MV] ปราง ปรางทิพย์
2026-09-21,th,Thailand,top_videos_daily,,47,https://i.ytimg.com/vi/O90WsctfY4Y/mqdefault.jpg,https://www.youtube.com/watch?v=O90WsctfY4Y,Sunset in Pattaya,YOUNGOHM,,,Sunset in Pattaya YOUNGOHM
2026-09-21,th,Thailand,top_videos_daily,,48,https://i.ytimg.com/vi/H2AbuWvYDXk/mqdefault.jpg,https://www.youtube.com/watch?v=H2AbuWvYDXk,สิลืมเขาแล้วล่ะ,Nek Narurpol,,,สิลืมเขาแล้วล่ะ Nek Narurpol
2026-09-21,th,Thailand,top_videos_daily,,49,https://i.ytimg.com/vi/AyfZesBO4Vk/mqdefault.jpg,https://www.youtube.com/watch?v=AyfZesBO4Vk,ไม่มีวันไหนที่ไม่คิดถึง (starlost.),PURPEECH,,,ไม่มีวันไหนที่ไม่คิดถึง (starlost.) PURPEECH
2026-09-21,th,Thailand,top_videos_daily,,50,https://i.ytimg.com/vi/wXT_qYQl2vQ/mqdefault.jpg,https://www.youtube.com/watch?v=wXT_qYQl2vQ,วาสนาหมาหย่ำรถ,TAR TORJORWOR,,,วาสนาหมาหย่ำรถ TAR TORJORWOR
2026-09-21,th,Thailand,top_videos_daily,,51,https://i.ytimg.com/vi/QaPxz1I2nto/mqdefault.jpg,https://www.youtube.com/watch?v=QaPxz1I2nto,หลุมอากาศ,Palmy,"6月 17, 2026",149796,"51 ● หลุมอากาศ Palmy 6月 17, 2026 51 95 149,796"
2026-09-21,th,Thailand,top_videos_daily,,52,https://i.ytimg.com/vi/O4-3pewcDEY/mqdefault.jpg,https://www.youtube.com/watch?v=O4-3pewcDEY,สิทธิ์ของเธอ,Asanee & Wasan,,,สิทธิ์ของเธอ Asanee & Wasan
2026-09-21,th,Thailand,top_videos_daily,,53,https://i.ytimg.com/vi/UK66Ng4CgKc/mqdefault.jpg,https://www.youtube.com/watch?v=UK66Ng4CgKc,มิติที่ศูนย์ - จิ๋ว สกุณชัย Ft.เล็ก รัชเมศฐ์ [Official MV],จิ๋ว สกุณชัย,,,มิติที่ศูนย์ - จิ๋ว สกุณชัย Ft.เล็ก รัชเมศฐ์ [Official MV] จิ๋ว สกุณชัย
2026-09-21,th,Thailand,top_videos_daily,,54,https://i.ytimg.com/vi/HZQyJHpo-ag/mqdefault.jpg,https://www.youtube.com/watch?v=HZQyJHpo-ag,Lhob Mai Dai Chuay Hai Luem,普提蓬·阿薩拉塔納功 / Ink Waruntorn,,,Lhob Mai Dai Chuay Hai Luem 普提蓬·阿薩拉塔納功 & Ink Waruntorn
2026-09-21,th,Thailand,top_videos_daily,,55,https://i.ytimg.com/vi/q15xaYFlb1s/mqdefault.jpg,https://www.youtube.com/watch?v=q15xaYFlb1s,เนเน่ นายแน่มาก - แอ๊ด คาราบาว feat. ปาน ธนพร | Official Music Video,Ad Carabao,,,เนเน่ นายแน่มาก - แอ๊ด คาราบาว feat. ปาน ธนพร | Official Music Video Ad Carabao
2026-09-21,th,Thailand,top_videos_daily,,56,https://i.ytimg.com/vi/3oqJGktR3t8/mqdefault.jpg,https://www.youtube.com/watch?v=3oqJGktR3t8,อย่าเสียเวลา | อย่าพิสูจน์ตัวเองให้ใครดู - ดาม่วน Music l Adio Music,ดาม่วน Music,,,อย่าเสียเวลา | อย่าพิสูจน์ตัวเองให้ใครดู - ดาม่วน Music l Adio Music ดาม่วน Music
2026-09-21,th,Thailand,top_videos_daily,,57,https://i.ytimg.com/vi/SYQPWeIU8E4/mqdefault.jpg,https://www.youtube.com/watch?v=SYQPWeIU8E4,SPRITE - คำหวาน feat. OG-ANIC (Official Music Video),Sprite Official,,,SPRITE - คำหวาน feat. OG-ANIC (Official Music Video) Sprite Official
2026-09-21,th,Thailand,top_videos_daily,,58,https://i.ytimg.com/vi/Ng_4m5A-3XQ/mqdefault.jpg,https://www.youtube.com/watch?v=Ng_4m5A-3XQ,เมื่อถูกค้นพบ (Finally She Found.),FREEHAND,,,เมื่อถูกค้นพบ (Finally She Found.) FREEHAND
2026-09-21,th,Thailand,top_videos_daily,,59,https://i.ytimg.com/vi/3DcoC8p9az8/mqdefault.jpg,https://www.youtube.com/watch?v=3DcoC8p9az8,Training Season (Live),Dua Lipa,,,Training Season (Live) Dua Lipa
2026-09-21,th,Thailand,top_videos_daily,,60,https://i.ytimg.com/vi/YizxFS1BN7M/mqdefault.jpg,https://www.youtube.com/watch?v=YizxFS1BN7M,YENTED - ตุ๋ยดุ๋ย (LOSER) | [Official Music Video],Yented,,,YENTED - ตุ๋ยดุ๋ย (LOSER) | [Official Music Video] Yented
2026-09-21,th,Thailand,top_videos_daily,,61,https://i.ytimg.com/vi/ulsXRXwk3Iw/mqdefault.jpg,https://www.youtube.com/watch?v=ulsXRXwk3Iw,ขอตายในอ้อมกอดเธอ,賽桑・蘇品麥,,,ขอตายในอ้อมกอดเธอ 賽桑・蘇品麥
2026-09-21,th,Thailand,top_videos_daily,,62,https://i.ytimg.com/vi/grrF03UISJ0/mqdefault.jpg,https://www.youtube.com/watch?v=grrF03UISJ0,ขอให้เธอมีสุข,หนึ่ง บีเคแบนด์,,,ขอให้เธอมีสุข หนึ่ง บีเคแบนด์
2026-09-21,th,Thailand,top_videos_daily,,63,https://i.ytimg.com/vi/SoZiE-M4h4Y/mqdefault.jpg,https://www.youtube.com/watch?v=SoZiE-M4h4Y,คนสุดท้าย,Asanee & Wasan,,,คนสุดท้าย Asanee & Wasan
2026-09-21,th,Thailand,top_videos_daily,,64,https://i.ytimg.com/vi/YSnzYqtlDYQ/mqdefault.jpg,https://www.youtube.com/watch?v=YSnzYqtlDYQ,เขาดีหลายอ้ายยอมเลว,เคย์ ต้นน้ำชี,,,เขาดีหลายอ้ายยอมเลว เคย์ ต้นน้ำชี
2026-09-21,th,Thailand,top_videos_daily,,65,https://i.ytimg.com/vi/Q2kvk64qFgg/mqdefault.jpg,https://www.youtube.com/watch?v=Q2kvk64qFgg,FON,YOUNGGU,"7月 31, 2026",118669,"65 6 FON YOUNGGU 7月 31, 2026 71 23 118,669"
2026-09-21,th,Thailand,top_videos_daily,,66,https://i.ytimg.com/vi/238wVBszibE/mqdefault.jpg,https://www.youtube.com/watch?v=238wVBszibE,คืนที่หมาเต็มวัด (Temple Dogs) ft.Singto Numchok,Singto Numchoke / NONT TANONT,,,คืนที่หมาเต็มวัด (Temple Dogs) ft.Singto Numchok Singto Numchoke & NONT TANONT
2026-09-21,th,Thailand,top_videos_daily,,67,https://i.ytimg.com/vi/j1qw79H4eHU/mqdefault.jpg,https://www.youtube.com/watch?v=j1qw79H4eHU,สายไป,9tokyo,"5月 24, 2025",115511,"67 6 สายไป 9tokyo 5月 24, 2025 73 64 115,511"
2026-09-21,th,Thailand,top_videos_daily,,68,https://i.ytimg.com/vi/98LzldwNu4I/mqdefault.jpg,https://www.youtube.com/watch?v=98LzldwNu4I,สิทธิ์ของเจ้า,埋代•話摘星,,,สิทธิ์ของเจ้า 埋代•話摘星
2026-09-21,th,Thailand,top_videos_daily,,69,https://i.ytimg.com/vi/DXvtelMvUy8/mqdefault.jpg,https://www.youtube.com/watch?v=DXvtelMvUy8,ทำใจไม่ได้,Z9,"4月 29, 2026",113981,"69 11 ทำใจไม่ได้ Z9 4月 29, 2026 80 140 113,981"
2026-09-21,th,Thailand,top_videos_daily,,70,https://i.ytimg.com/vi/6Azf6nHLSAk/mqdefault.jpg,https://www.youtube.com/watch?v=6Azf6nHLSAk,ฝันพ้อ - ไหมไทย หัวใจศิลป์【NEW VERSION】,埋代•話摘星,,,ฝันพ้อ - ไหมไทย หัวใจศิลป์【NEW VERSION】 埋代•話摘星
2026-09-21,th,Thailand,top_videos_daily,,71,https://i.ytimg.com/vi/z4zDsS2Lk7U/mqdefault.jpg,https://www.youtube.com/watch?v=z4zDsS2Lk7U,เนเน่... นายแน่มาก - แอ๊ด คาราบาว และ ผองเพื่อน | Official Music Video,Add Carabao Lifestyle,,,เนเน่... นายแน่มาก - แอ๊ด คาราบาว และ ผองเพื่อน | Official Music Video Add Carabao Lifestyle
2026-09-21,th,Thailand,top_videos_daily,,72,https://i.ytimg.com/vi/DiNyIYOHvUE/mqdefault.jpg,https://www.youtube.com/watch?v=DiNyIYOHvUE,คนขี่หลังควาย (Remix),Djpaoremix / ILLSLICK,,,คนขี่หลังควาย (Remix) Djpaoremix & ILLSLICK
2026-09-21,th,Thailand,top_videos_daily,,73,https://i.ytimg.com/vi/6ZEZEKBanXM/mqdefault.jpg,https://www.youtube.com/watch?v=6ZEZEKBanXM,ควันหลง (Remains) - Intha official MV,Intha,,,ควันหลง (Remains) - Intha official MV Intha
2026-09-21,th,Thailand,top_videos_daily,,74,https://i.ytimg.com/vi/P8SgCNmM7Z8/mqdefault.jpg,https://www.youtube.com/watch?v=P8SgCNmM7Z8,เด็กมูกล่อ,พ็อก บิ๊กอายส์ / บอล วงกลม,,,เด็กมูกล่อ พ็อก บิ๊กอายส์ & บอล วงกลม
2026-09-21,th,Thailand,top_videos_daily,,75,https://i.ytimg.com/vi/J77i-E_0JWg/mqdefault.jpg,https://www.youtube.com/watch?v=J77i-E_0JWg,SaWaDiKa (Dance Performance Video),LISA,,,SaWaDiKa (Dance Performance Video) LISA
2026-09-21,th,Thailand,top_videos_daily,,76,https://i.ytimg.com/vi/Q9MsKajCU3M/mqdefault.jpg,https://www.youtube.com/watch?v=Q9MsKajCU3M,อมพระมาพูด,賽桑・蘇品麥,,,อมพระมาพูด 賽桑・蘇品麥
2026-09-21,th,Thailand,top_videos_daily,,77,https://i.ytimg.com/vi/OJxnyWlVx40/mqdefault.jpg,https://www.youtube.com/watch?v=OJxnyWlVx40,นักแสดงตบตา (Remix),ize so cold. / PORZAX / MaxMillor,,,"นักแสดงตบตา (Remix) ize so cold. , PORZAX & MaxMillor"
2026-09-21,th,Thailand,top_videos_daily,,78,https://i.ytimg.com/vi/sEtlqiRgrys/mqdefault.jpg,https://www.youtube.com/watch?v=sEtlqiRgrys,เบิ้ล ปทุมราช - เบ้าหน้าฟ้าประทาน [ Official MV,เบิ้ล ปทุมราช,,,เบิ้ล ปทุมราช - เบ้าหน้าฟ้าประทาน [ Official MV ] เบิ้ล ปทุมราช
2026-09-21,th,Thailand,top_videos_daily,,79,https://i.ytimg.com/vi/w6M2ZwjFgAg/mqdefault.jpg,https://www.youtube.com/watch?v=w6M2ZwjFgAg,ปริญญาไก่ตี,เม้ก อภิสิทธิ์,,,ปริญญาไก่ตี เม้ก อภิสิทธิ์
2026-09-21,th,Thailand,top_videos_daily,,80,https://i.ytimg.com/vi/OW9faXovWto/mqdefault.jpg,https://www.youtube.com/watch?v=OW9faXovWto,สาหัส,Loso,"7月 22, 2016",101570,"80 10 สาหัส Loso 7月 22, 2016 90 85 101,570"
2026-09-21,th,Thailand,top_videos_daily,,81,https://i.ytimg.com/vi/wTynfy69U1U/mqdefault.jpg,https://www.youtube.com/watch?v=wTynfy69U1U,ขอเวลาลืม - Aun Feeble heart Feat. Ouiai [OFFICIAL LYRIC],Aun Feeble Heart,,,ขอเวลาลืม - Aun Feeble heart Feat. Ouiai [OFFICIAL LYRIC] Aun Feeble Heart
2026-09-21,th,Thailand,top_videos_daily,,82,https://i.ytimg.com/vi/rzwoH8UFeSU/mqdefault.jpg,https://www.youtube.com/watch?v=rzwoH8UFeSU,CDGUNTEE FT.Maiyarap & Bank Sornram - ดาวร้าย I Official MV,CDGuntee,,,CDGUNTEE FT.Maiyarap & Bank Sornram - ดาวร้าย I Official MV CDGuntee
2026-09-21,th,Thailand,top_videos_daily,,83,https://i.ytimg.com/vi/x1yYLrWJwkk/mqdefault.jpg,https://www.youtube.com/watch?v=x1yYLrWJwkk,เมื่อถูกค้นพบ (Finally She Found.),FREEHAND,,,เมื่อถูกค้นพบ (Finally She Found.) FREEHAND
2026-09-21,th,Thailand,top_videos_daily,,84,https://i.ytimg.com/vi/fYWuA3RCVWc/mqdefault.jpg,https://www.youtube.com/watch?v=fYWuA3RCVWc,ยำละแง๊น(Remix),Am Seatwo / Ball Seatwo,,,ยำละแง๊น(Remix) Am Seatwo & Ball Seatwo
2026-09-21,th,Thailand,top_videos_daily,,85,https://i.ytimg.com/vi/Xn_LEDFMdX8/mqdefault.jpg,https://www.youtube.com/watch?v=Xn_LEDFMdX8,Baddie,IRONBOY,"6月 18, 2026",86368,"85 85 Baddie IRONBOY 6月 18, 2026 - 90 86,368"
2026-09-21,th,Thailand,top_videos_daily,,86,https://i.ytimg.com/vi/82-jTNka3uc/mqdefault.jpg,https://www.youtube.com/watch?v=82-jTNka3uc,hate that i made you love me,Ariana Grande,,,hate that i made you love me Ariana Grande
2026-09-21,th,Thailand,top_videos_daily,,87,https://i.ytimg.com/vi/kCmvKLhV9Ww/mqdefault.jpg,https://www.youtube.com/watch?v=kCmvKLhV9Ww,ILLSLICK - THAI TOWN [Official Music Video],ILLSLICK,,,ILLSLICK - THAI TOWN [Official Music Video] ILLSLICK
2026-09-21,th,Thailand,top_videos_daily,,88,https://i.ytimg.com/vi/RXZ5X_LGX9Q/mqdefault.jpg,https://www.youtube.com/watch?v=RXZ5X_LGX9Q,ใจสั่งมา,Loso,"11月 13, 2014",83206,"88 88 ใจสั่งมา Loso 11月 13, 2014 - 43 83,206"
2026-09-21,th,Thailand,top_videos_daily,,89,https://i.ytimg.com/vi/JZdPgnt7CaM/mqdefault.jpg,https://www.youtube.com/watch?v=JZdPgnt7CaM,ก่อนจะเล่าเรื่องกู,ดาม่วน Music,,,ก่อนจะเล่าเรื่องกู ดาม่วน Music
2026-09-21,th,Thailand,top_videos_daily,,90,https://i.ytimg.com/vi/lWhygAYsPrc/mqdefault.jpg,https://www.youtube.com/watch?v=lWhygAYsPrc,ใจฉันตามเธอไป,YOUNGOHM,,,ใจฉันตามเธอไป YOUNGOHM
2026-09-21,th,Thailand,top_videos_daily,,91,https://i.ytimg.com/vi/WMP2N4U-VtM/mqdefault.jpg,https://www.youtube.com/watch?v=WMP2N4U-VtM,ติดลมบน - ทิดแอม 提德·安 (Tí dé · Ān) บังเอิญ | Music【OFFICIAL MV】#ทิดแอม #บังเอิญมิวสิค,บังเอิญ มิวสิค,,,ติดลมบน - ทิดแอม 提德·安 (Tí dé · Ān) บังเอิญ | Music【OFFICIAL MV】#ทิดแอม #บังเอิญมิวสิค บังเอิญ มิวสิค
2026-09-21,th,Thailand,top_videos_daily,,92,https://i.ytimg.com/vi/oHM9OV3gpNw/mqdefault.jpg,https://www.youtube.com/watch?v=oHM9OV3gpNw,อุษาสาง,เจนจิรา เฉียงเอก,,,อุษาสาง เจนจิรา เฉียงเอก
2026-09-21,th,Thailand,top_videos_daily,,93,https://i.ytimg.com/vi/zECdjYo5nH8/mqdefault.jpg,https://www.youtube.com/watch?v=zECdjYo5nH8,ถ้าอ้ายบ่ฮัก,ก้านตอง ทุ่งเงิน,,,ถ้าอ้ายบ่ฮัก ก้านตอง ทุ่งเงิน
2026-09-21,th,Thailand,top_videos_daily,,94,https://i.ytimg.com/vi/BcOlMcpvYRI/mqdefault.jpg,https://www.youtube.com/watch?v=BcOlMcpvYRI,เหงา คิดถึง รอ,賽桑・蘇品麥,,,เหงา คิดถึง รอ 賽桑・蘇品麥
2026-09-21,th,Thailand,top_videos_daily,,95,https://i.ytimg.com/vi/nNvPtGewa_k/mqdefault.jpg,https://www.youtube.com/watch?v=nNvPtGewa_k,ความรักทำให้คนตาบอด,Bodyslam,,,ความรักทำให้คนตาบอด Bodyslam
2026-09-21,th,Thailand,top_videos_daily,,96,https://i.ytimg.com/vi/-_2xkQ-BPzc/mqdefault.jpg,https://www.youtube.com/watch?v=-_2xkQ-BPzc,OABNITHI - เจ้าของรอยยิ้ม (Brightest Sky) [Official MV],OABNITHI,,,OABNITHI - เจ้าของรอยยิ้ม (Brightest Sky) [Official MV] OABNITHI
2026-09-21,th,Thailand,top_videos_daily,,97,https://i.ytimg.com/vi/Ub6uvqmCfZo/mqdefault.jpg,https://www.youtube.com/watch?v=Ub6uvqmCfZo,ชีวิตไม่เคยง่ายเลยสักวัน,Troy AxenRay,,,ชีวิตไม่เคยง่ายเลยสักวัน Troy AxenRay
2026-09-21,th,Thailand,top_videos_daily,,98,https://i.ytimg.com/vi/-q_S27LbNKU/mqdefault.jpg,https://www.youtube.com/watch?v=-q_S27LbNKU,BAD,ATEEZ,"6月 25, 2026",77332,"98 98 BAD ATEEZ 6月 25, 2026 - 73 77,332"
2026-09-21,th,Thailand,top_videos_daily,,99,https://i.ytimg.com/vi/x6_mbnsh6VU/mqdefault.jpg,https://www.youtube.com/watch?v=x6_mbnsh6VU,STORM I & II,Gener8ion / Yung Lean,,,STORM I & II Gener8ion & Yung Lean
2026-09-21,th,Thailand,top_videos_daily,,100,https://i.ytimg.com/vi/TvFBrkkSVJg/mqdefault.jpg,https://www.youtube.com/watch?v=TvFBrkkSVJg,อารมณ์สีเทา,SARAN / SEA.,,,อารมณ์สีเทา SARAN & SEA.
2026-09-21,id,Indonesia,top_videos_daily,,1,https://i.ytimg.com/vi/RO75uUZiAw0/mqdefault.jpg,https://www.youtube.com/watch?v=RO75uUZiAw0,Teh Hijau,圖魯斯,"6月 29, 2026",1689970,"1 ● Teh Hijau 圖魯斯 6月 29, 2026 1 78 1,689,970"
2026-09-21,id,Indonesia,top_videos_daily,,2,https://i.ytimg.com/vi/awWKxGftWh4/mqdefault.jpg,https://www.youtube.com/watch?v=awWKxGftWh4,Dunia Yang Nanti,Raim Laode,,,Dunia Yang Nanti Raim Laode
2026-09-21,id,Indonesia,top_videos_daily,,3,https://i.ytimg.com/vi/Nskf70DMR60/mqdefault.jpg,https://www.youtube.com/watch?v=Nskf70DMR60,Sesi Potret,eńau,,,Sesi Potret eńau
2026-09-21,id,Indonesia,top_videos_daily,,4,https://i.ytimg.com/vi/0SbnqsQInqE/mqdefault.jpg,https://www.youtube.com/watch?v=0SbnqsQInqE,MUTIARA,Ipank / Kintani,,,MUTIARA Ipank & Kintani
2026-09-21,id,Indonesia,top_videos_daily,,5,https://i.ytimg.com/vi/K-7olbaOelg/mqdefault.jpg,https://www.youtube.com/watch?v=K-7olbaOelg,MMG (My Mine Gueh),Naykilla,,,MMG (My Mine Gueh) Naykilla
2026-09-21,id,Indonesia,top_videos_daily,,6,https://i.ytimg.com/vi/F0d8JJUNkqo/mqdefault.jpg,https://www.youtube.com/watch?v=F0d8JJUNkqo,Tabola Bale,SILET OPEN UP / Jacson Zeran / Juan Reza / Diva Aurel,,,"Tabola Bale SILET OPEN UP , Jacson Zeran , Juan Reza & Diva Aurel"
2026-09-21,id,Indonesia,top_videos_daily,,7,https://i.ytimg.com/vi/M7oZR-MTEZs/mqdefault.jpg,https://www.youtube.com/watch?v=M7oZR-MTEZs,Iqro',Raim Laode,,,Iqro' Raim Laode
2026-09-21,id,Indonesia,top_videos_daily,,8,https://i.ytimg.com/vi/WZYUSaHlGlk/mqdefault.jpg,https://www.youtube.com/watch?v=WZYUSaHlGlk,NEGORO ANGIN,Denny Caknan,,,NEGORO ANGIN Denny Caknan
2026-09-21,id,Indonesia,top_videos_daily,,9,https://i.ytimg.com/vi/38_bAaFI41w/mqdefault.jpg,https://www.youtube.com/watch?v=38_bAaFI41w,Don't Force Your Longing,Ifan Seventeen,,,Don't Force Your Longing Ifan Seventeen
2026-09-21,id,Indonesia,top_videos_daily,,10,https://i.ytimg.com/vi/SeSAwqq_Kpo/mqdefault.jpg,https://www.youtube.com/watch?v=SeSAwqq_Kpo,Kita Lewati Berdua,Overnight,,,Kita Lewati Berdua Overnight
2026-09-21,id,Indonesia,top_videos_daily,,11,https://i.ytimg.com/vi/XAl6rZepmDg/mqdefault.jpg,https://www.youtube.com/watch?v=XAl6rZepmDg,no na - star (Official Music Video),no na,,,no na - star (Official Music Video) no na
2026-09-21,id,Indonesia,top_videos_daily,,12,https://i.ytimg.com/vi/3DcoC8p9az8/mqdefault.jpg,https://www.youtube.com/watch?v=3DcoC8p9az8,Training Season (Live),Dua Lipa,,,Training Season (Live) Dua Lipa
2026-09-21,id,Indonesia,top_videos_daily,,13,https://i.ytimg.com/vi/OQNu-iB2tE8/mqdefault.jpg,https://www.youtube.com/watch?v=OQNu-iB2tE8,Titik Nadir,Kahitna / Monita Tahalea,,,Titik Nadir Kahitna & Monita Tahalea
2026-09-21,id,Indonesia,top_videos_daily,,14,https://i.ytimg.com/vi/OT5msu-dap8/mqdefault.jpg,https://www.youtube.com/watch?v=OT5msu-dap8,Shape Of My Heart,Backstreet Boys,,,Shape Of My Heart Backstreet Boys
2026-09-21,id,Indonesia,top_videos_daily,,15,https://i.ytimg.com/vi/75aBKInkybs/mqdefault.jpg,https://www.youtube.com/watch?v=75aBKInkybs,Tentang Rindu,Virzha,,,Tentang Rindu Virzha
2026-09-21,id,Indonesia,top_videos_daily,,16,https://i.ytimg.com/vi/HgRsmSyy_Fw/mqdefault.jpg,https://www.youtube.com/watch?v=HgRsmSyy_Fw,PEARL,Difarina Indra / Fendik Adella,,,PEARL Difarina Indra & Fendik Adella
2026-09-21,id,Indonesia,top_videos_daily,,17,https://i.ytimg.com/vi/0VOhIR3bnXY/mqdefault.jpg,https://www.youtube.com/watch?v=0VOhIR3bnXY,ORANG BARU LEBE GACOR,Ecko Show / Juan Reza / CHESYLINO,,,"ORANG BARU LEBE GACOR Ecko Show , Juan Reza & CHESYLINO"
2026-09-21,id,Indonesia,top_videos_daily,,18,https://i.ytimg.com/vi/Lufa9QAFFeY/mqdefault.jpg,https://www.youtube.com/watch?v=Lufa9QAFFeY,new trick,ROSÉ,"9月 17, 2026",323548,"18 14 new trick ROSÉ 9月 17, 2026 4 2 323,548"
2026-09-21,id,Indonesia,top_videos_daily,,19,https://i.ytimg.com/vi/yIPX-FNJ9qk/mqdefault.jpg,https://www.youtube.com/watch?v=yIPX-FNJ9qk,Sedia Aku Sebelum Hujan,Idgitaf,,,Sedia Aku Sebelum Hujan Idgitaf
2026-09-21,id,Indonesia,top_videos_daily,,20,https://i.ytimg.com/vi/P44FdpFcdF4/mqdefault.jpg,https://www.youtube.com/watch?v=P44FdpFcdF4,Panas Pela,Fresly Nikijuluw,,,Panas Pela Fresly Nikijuluw
2026-09-21,id,Indonesia,top_videos_daily,,21,https://i.ytimg.com/vi/qQDaxjLReck/mqdefault.jpg,https://www.youtube.com/watch?v=qQDaxjLReck,Ini Abadi,Perunggu,,,Ini Abadi Perunggu
2026-09-21,id,Indonesia,top_videos_daily,,22,https://i.ytimg.com/vi/2uJut6USftQ/mqdefault.jpg,https://www.youtube.com/watch?v=2uJut6USftQ,Jatuh Suka,圖魯斯,"3月 2, 2022",300304,"22 2 Jatuh Suka 圖魯斯 3月 2, 2022 20 278 300,304"
2026-09-21,id,Indonesia,top_videos_daily,,23,https://i.ytimg.com/vi/tAbHxboRGoU/mqdefault.jpg,https://www.youtube.com/watch?v=tAbHxboRGoU,AMBON MANISE,Toton Caribo,,,AMBON MANISE Toton Caribo
2026-09-21,id,Indonesia,top_videos_daily,,24,https://i.ytimg.com/vi/o0tVo09Rjyw/mqdefault.jpg,https://www.youtube.com/watch?v=o0tVo09Rjyw,Salah Apa,Ipank,"2月 8, 2026",281316,"24 1 Salah Apa Ipank 2月 8, 2026 23 106 281,316"
2026-09-21,id,Indonesia,top_videos_daily,,25,https://i.ytimg.com/vi/OErndIcI8gE/mqdefault.jpg,https://www.youtube.com/watch?v=OErndIcI8gE,Alamak,Rizky Febian / Adrian Khalif,,,Alamak Rizky Febian & Adrian Khalif
2026-09-21,id,Indonesia,top_videos_daily,,26,https://i.ytimg.com/vi/3Mk0shfP1Qw/mqdefault.jpg,https://www.youtube.com/watch?v=3Mk0shfP1Qw,AJENG FEBRIA - HELIKOPTER TURUN KE PADANG | IDOL IDOL (OFFICIAL MV AMBYAR EVERYWHERE),AMBYAR EVERYWHERE,,,AJENG FEBRIA - HELIKOPTER TURUN KE PADANG | IDOL IDOL (OFFICIAL MV AMBYAR EVERYWHERE) AMBYAR EVERYWHERE
2026-09-21,id,Indonesia,top_videos_daily,,27,https://i.ytimg.com/vi/zyLmavBAY7k/mqdefault.jpg,https://www.youtube.com/watch?v=zyLmavBAY7k,Teh Hijau,圖魯斯,"7月 10, 2026",262107,"27 1 Teh Hijau 圖魯斯 7月 10, 2026 26 68 262,107"
2026-09-21,id,Indonesia,top_videos_daily,,28,https://i.ytimg.com/vi/fLdVq8n-KQg/mqdefault.jpg,https://www.youtube.com/watch?v=fLdVq8n-KQg,Astaga Bercanda,Akbar Chalay / Mingse,,,Astaga Bercanda Akbar Chalay & Mingse
2026-09-21,id,Indonesia,top_videos_daily,,29,https://i.ytimg.com/vi/tSA-rz_bsSg/mqdefault.jpg,https://www.youtube.com/watch?v=tSA-rz_bsSg,Piche Kota - Sedikit Lebih Lama (Official Music Video),Piche Kota,,,Piche Kota - Sedikit Lebih Lama (Official Music Video) Piche Kota
2026-09-21,id,Indonesia,top_videos_daily,,30,https://i.ytimg.com/vi/GTCMLqt6Slg/mqdefault.jpg,https://www.youtube.com/watch?v=GTCMLqt6Slg,ONCOM GONDRONG || LIVE ADE ASTRID X GERENGSENG TEAM,Ade Astrid,,,ONCOM GONDRONG || LIVE ADE ASTRID X GERENGSENG TEAM Ade Astrid
2026-09-21,id,Indonesia,top_videos_daily,,31,https://i.ytimg.com/vi/_e9xhF69kFs/mqdefault.jpg,https://www.youtube.com/watch?v=_e9xhF69kFs,Negoro Angin,Silvy Kumalasari,,,Negoro Angin Silvy Kumalasari
2026-09-21,id,Indonesia,top_videos_daily,,32,https://i.ytimg.com/vi/UqA7zfsVlIg/mqdefault.jpg,https://www.youtube.com/watch?v=UqA7zfsVlIg,Nemen HipHop Dangdut Version,NDX A.K.A.,,,Nemen HipHop Dangdut Version NDX A.K.A.
2026-09-21,id,Indonesia,top_videos_daily,,33,https://i.ytimg.com/vi/L1vlvEfFQlg/mqdefault.jpg,https://www.youtube.com/watch?v=L1vlvEfFQlg,SALAH APA,Laila Ayu / Irwan Krisdiyanto / Simpatik Music,,,"SALAH APA Laila Ayu , Irwan Krisdiyanto & Simpatik Music"
2026-09-21,id,Indonesia,top_videos_daily,,34,https://i.ytimg.com/vi/fJSkCNcKqZw/mqdefault.jpg,https://www.youtube.com/watch?v=fJSkCNcKqZw,DIRANTAI DIGELANGI RINDU - LAILA AYU FT IRWAN KRISDIYANTO - SIMPATIK MUSIC,Simpatik Music,,,DIRANTAI DIGELANGI RINDU - LAILA AYU FT IRWAN KRISDIYANTO - SIMPATIK MUSIC Simpatik Music
2026-09-21,id,Indonesia,top_videos_daily,,35,https://i.ytimg.com/vi/ZUJMk1U7yq8/mqdefault.jpg,https://www.youtube.com/watch?v=ZUJMk1U7yq8,The One That Got Away,Katy Perry,,,The One That Got Away Katy Perry
2026-09-21,id,Indonesia,top_videos_daily,,36,https://i.ytimg.com/vi/cmICctnAWCY/mqdefault.jpg,https://www.youtube.com/watch?v=cmICctnAWCY,kota ini tak sama tanpamu,Nadhif Basalamah,,,kota ini tak sama tanpamu Nadhif Basalamah
2026-09-21,id,Indonesia,top_videos_daily,,37,https://i.ytimg.com/vi/IqaQjRGt8i0/mqdefault.jpg,https://www.youtube.com/watch?v=IqaQjRGt8i0,Laut Kidul,Yeni Inka,,,Laut Kidul Yeni Inka
2026-09-21,id,Indonesia,top_videos_daily,,38,https://i.ytimg.com/vi/cUnYmncAvP4/mqdefault.jpg,https://www.youtube.com/watch?v=cUnYmncAvP4,33x,Perunggu,"3月 10, 2022",231623,"38 4 33x Perunggu 3月 10, 2022 34 330 231,623"
2026-09-21,id,Indonesia,top_videos_daily,,39,https://i.ytimg.com/vi/hEFAeAPLbfk/mqdefault.jpg,https://www.youtube.com/watch?v=hEFAeAPLbfk,What If I Call,Alex Crichton,,,What If I Call Alex Crichton
2026-09-21,id,Indonesia,top_videos_daily,,40,https://i.ytimg.com/vi/V6cQ4LyvOgg/mqdefault.jpg,https://www.youtube.com/watch?v=V6cQ4LyvOgg,1000X,Ghea Indrawari,,1000,1000X Ghea Indrawari
2026-09-21,id,Indonesia,top_videos_daily,,41,https://i.ytimg.com/vi/XY9JR07il_U/mqdefault.jpg,https://www.youtube.com/watch?v=XY9JR07il_U,Keong Racun,Ajeng Febria,,,Keong Racun Ajeng Febria
2026-09-21,id,Indonesia,top_videos_daily,,42,https://i.ytimg.com/vi/NOiQfCVjAsQ/mqdefault.jpg,https://www.youtube.com/watch?v=NOiQfCVjAsQ,MUTIARA (Live),Laila Ayu / Irwan D'Academy / SIMPATIK MUSIC,,,"MUTIARA (Live) Laila Ayu , Irwan D'Academy & SIMPATIK MUSIC"
2026-09-21,id,Indonesia,top_videos_daily,,43,https://i.ytimg.com/vi/lCIX4hd_geU/mqdefault.jpg,https://www.youtube.com/watch?v=lCIX4hd_geU,LAUT KIDUL (Live),Denny Caknan,,,LAUT KIDUL (Live) Denny Caknan
2026-09-21,id,Indonesia,top_videos_daily,,44,https://i.ytimg.com/vi/uGxaFiHD7PI/mqdefault.jpg,https://www.youtube.com/watch?v=uGxaFiHD7PI,Menari-nari,Raim Laode,,,Menari-nari Raim Laode
2026-09-21,id,Indonesia,top_videos_daily,,45,https://i.ytimg.com/vi/fcY8YudZe1c/mqdefault.jpg,https://www.youtube.com/watch?v=fcY8YudZe1c,Menteri Durmagati,KAJAWI,,,Menteri Durmagati KAJAWI
2026-09-21,id,Indonesia,top_videos_daily,,46,https://i.ytimg.com/vi/cQLbKBu9vlY/mqdefault.jpg,https://www.youtube.com/watch?v=cQLbKBu9vlY,Bukan Ku Tak Sudi,Iklim,,,Bukan Ku Tak Sudi Iklim
2026-09-21,id,Indonesia,top_videos_daily,,47,https://i.ytimg.com/vi/NRGDT2UUlsk/mqdefault.jpg,https://www.youtube.com/watch?v=NRGDT2UUlsk,Jatuh Suka,圖魯斯,"9月 28, 2025",206247,"47 7 Jatuh Suka 圖魯斯 9月 28, 2025 54 90 206,247"
2026-09-21,id,Indonesia,top_videos_daily,,48,https://i.ytimg.com/vi/QmgyWAWwV4E/mqdefault.jpg,https://www.youtube.com/watch?v=QmgyWAWwV4E,Perceraian Lara,Ipank,,,Perceraian Lara Ipank
2026-09-21,id,Indonesia,top_videos_daily,,49,https://i.ytimg.com/vi/O2CFycaEc8A/mqdefault.jpg,https://www.youtube.com/watch?v=O2CFycaEc8A,Jomblo,Riyanti Darlia / Bandung Music,,,Jomblo Riyanti Darlia & Bandung Music
2026-09-21,id,Indonesia,top_videos_daily,,50,https://i.ytimg.com/vi/_jMSvgsmJoQ/mqdefault.jpg,https://www.youtube.com/watch?v=_jMSvgsmJoQ,Laila Ayu Ft Dike Sabrina - IDOL IDOL (Helikopter Turun Ke Padang)| Sagita | (Official Music Video),ENY'S PRODUCTION,,,Laila Ayu Ft Dike Sabrina - IDOL IDOL (Helikopter Turun Ke Padang)| Sagita | (Official Music Video) ENY'S PRODUCTION
2026-09-21,id,Indonesia,top_videos_daily,,51,https://i.ytimg.com/vi/uf721kddxuM/mqdefault.jpg,https://www.youtube.com/watch?v=uf721kddxuM,2001x,Adrian Khalif,,2001,2001x Adrian Khalif
2026-09-21,id,Indonesia,top_videos_daily,,52,https://i.ytimg.com/vi/qCfP5xrcTSU/mqdefault.jpg,https://www.youtube.com/watch?v=qCfP5xrcTSU,Mutiara (Ska Reggae Version),Maulana Ardiansyah,,,Mutiara (Ska Reggae Version) Maulana Ardiansyah
2026-09-21,id,Indonesia,top_videos_daily,,53,https://i.ytimg.com/vi/e3nP0yw0Frc/mqdefault.jpg,https://www.youtube.com/watch?v=e3nP0yw0Frc,Gadis Manis Kalimantan,Fira Cantika / Irwan Krisdiyanto,,,Gadis Manis Kalimantan Fira Cantika & Irwan Krisdiyanto
2026-09-21,id,Indonesia,top_videos_daily,,54,https://i.ytimg.com/vi/C8D16CYoFo8/mqdefault.jpg,https://www.youtube.com/watch?v=C8D16CYoFo8,Dirantai Digelangi Rindu,Yeni Inka,,,Dirantai Digelangi Rindu Yeni Inka
2026-09-21,id,Indonesia,top_videos_daily,,55,https://i.ytimg.com/vi/yxm9wTtNpTU/mqdefault.jpg,https://www.youtube.com/watch?v=yxm9wTtNpTU,ONCOM GONDRONG || LIVE ADE ASTRID X GERENGSENG TEAM,Ade Astrid,,,ONCOM GONDRONG || LIVE ADE ASTRID X GERENGSENG TEAM Ade Astrid
2026-09-21,id,Indonesia,top_videos_daily,,56,https://i.ytimg.com/vi/4BntKC6Jdys/mqdefault.jpg,https://www.youtube.com/watch?v=4BntKC6Jdys,RELA KAU TINGGALKAN AKU - LAILA AYU FT IRWAN KRISDIYANTO - SIMPATIK MUSIC,Simpatik Music,,,RELA KAU TINGGALKAN AKU - LAILA AYU FT IRWAN KRISDIYANTO - SIMPATIK MUSIC Simpatik Music
2026-09-21,id,Indonesia,top_videos_daily,,57,https://i.ytimg.com/vi/0nLrGYnJPyM/mqdefault.jpg,https://www.youtube.com/watch?v=0nLrGYnJPyM,2001x,Adrian Khalif,,2001,2001x Adrian Khalif
2026-09-21,id,Indonesia,top_videos_daily,,58,https://i.ytimg.com/vi/rCJwHEf6UjY/mqdefault.jpg,https://www.youtube.com/watch?v=rCJwHEf6UjY,AJENG FEBRIA - DIRANTAI DIGELANGI RINDU X DJ BABAT BABAT (OFFICIAL MUSIC VIDEO) | ASAL SEMBUH LUKAMU,AMBYAR EVERYWHERE,,,AJENG FEBRIA - DIRANTAI DIGELANGI RINDU X DJ BABAT BABAT (OFFICIAL MUSIC VIDEO) | ASAL SEMBUH LUKAMU AMBYAR EVERYWHERE
2026-09-21,id,Indonesia,top_videos_daily,,59,https://i.ytimg.com/vi/7WNlDmUN-mc/mqdefault.jpg,https://www.youtube.com/watch?v=7WNlDmUN-mc,Percuma,Mahalini,,,Percuma Mahalini
2026-09-21,id,Indonesia,top_videos_daily,,60,https://i.ytimg.com/vi/qwaVhOZkAek/mqdefault.jpg,https://www.youtube.com/watch?v=qwaVhOZkAek,Let’s Get Married,Miley Cyrus,,,Let’s Get Married Miley Cyrus
2026-09-21,id,Indonesia,top_videos_daily,,61,https://i.ytimg.com/vi/nYLaeQ0_TjY/mqdefault.jpg,https://www.youtube.com/watch?v=nYLaeQ0_TjY,Mencari Alasan,Exists,,,Mencari Alasan Exists
2026-09-21,id,Indonesia,top_videos_daily,,62,https://i.ytimg.com/vi/ThGYCL1zERU/mqdefault.jpg,https://www.youtube.com/watch?v=ThGYCL1zERU,Raci Kuah,Fresly Nikijuluw,,,Raci Kuah Fresly Nikijuluw
2026-09-21,id,Indonesia,top_videos_daily,,63,https://i.ytimg.com/vi/FcOctsNXyjk/mqdefault.jpg,https://www.youtube.com/watch?v=FcOctsNXyjk,Cinta Luar Biasa,Andmesh,,,Cinta Luar Biasa Andmesh
2026-09-21,id,Indonesia,top_videos_daily,,64,https://i.ytimg.com/vi/f2lD7clyD3E/mqdefault.jpg,https://www.youtube.com/watch?v=f2lD7clyD3E,Yeni Inka - TERBELAH JADI DUA (Official Music Yi Production),Yeni Inka,,,Yeni Inka - TERBELAH JADI DUA (Official Music Yi Production) Yeni Inka
2026-09-21,id,Indonesia,top_videos_daily,,65,https://i.ytimg.com/vi/9fRFumIr9bg/mqdefault.jpg,https://www.youtube.com/watch?v=9fRFumIr9bg,Kalah (Live),Happy Asmara,,,Kalah (Live) Happy Asmara
2026-09-21,id,Indonesia,top_videos_daily,,66,https://i.ytimg.com/vi/Yg3LxxDpn84/mqdefault.jpg,https://www.youtube.com/watch?v=Yg3LxxDpn84,Korbanmu,Tata Janeeta,,,Korbanmu Tata Janeeta
2026-09-21,id,Indonesia,top_videos_daily,,67,https://i.ytimg.com/vi/qoq8B8ThgEM/mqdefault.jpg,https://www.youtube.com/watch?v=qoq8B8ThgEM,Tujh Mein Rab Dikhta Hai,Roopkumar Rathod,,,Tujh Mein Rab Dikhta Hai Roopkumar Rathod
2026-09-21,id,Indonesia,top_videos_daily,,68,https://i.ytimg.com/vi/-1SgFHqxjlw/mqdefault.jpg,https://www.youtube.com/watch?v=-1SgFHqxjlw,SxyCip - Love All Day (Official Music Video),SxyCip,,,SxyCip - Love All Day (Official Music Video) SxyCip
2026-09-21,id,Indonesia,top_videos_daily,,69,https://i.ytimg.com/vi/FyS5dAywkEo/mqdefault.jpg,https://www.youtube.com/watch?v=FyS5dAywkEo,SaWaDiKa (Official Music Video),LISA,,,SaWaDiKa (Official Music Video) LISA
2026-09-21,id,Indonesia,top_videos_daily,,70,https://i.ytimg.com/vi/QY1yLnapeT0/mqdefault.jpg,https://www.youtube.com/watch?v=QY1yLnapeT0,Mutiara,Ajeng Febria,,,Mutiara Ajeng Febria
2026-09-21,id,Indonesia,top_videos_daily,,71,https://i.ytimg.com/vi/chl0R8C4NJ8/mqdefault.jpg,https://www.youtube.com/watch?v=chl0R8C4NJ8,Hearts2Hearts 하츠투하츠 'ICONIC HEART' MV,Hearts2Hearts,,,Hearts2Hearts 하츠투하츠 'ICONIC HEART' MV Hearts2Hearts
2026-09-21,id,Indonesia,top_videos_daily,,72,https://i.ytimg.com/vi/B9TUzbZWwoU/mqdefault.jpg,https://www.youtube.com/watch?v=B9TUzbZWwoU,Terbelah Jadi Dua,"Ade Govinda / Gloria Jessica, Ade Govinda",,,"Terbelah Jadi Dua Ade Govinda & Gloria Jessica, Ade Govinda"
2026-09-21,id,Indonesia,top_videos_daily,,73,https://i.ytimg.com/vi/__Pb1fO2H2A/mqdefault.jpg,https://www.youtube.com/watch?v=__Pb1fO2H2A,Kita Lewati Berdua,overnight,,,Kita Lewati Berdua overnight
2026-09-21,id,Indonesia,top_videos_daily,,74,https://i.ytimg.com/vi/QGZ1tR-xMLo/mqdefault.jpg,https://www.youtube.com/watch?v=QGZ1tR-xMLo,Titik Nadir,Kahitna / Monita Tahalea,,,Titik Nadir Kahitna & Monita Tahalea
2026-09-21,id,Indonesia,top_videos_daily,,75,https://i.ytimg.com/vi/5aXjNhFdSwQ/mqdefault.jpg,https://www.youtube.com/watch?v=5aXjNhFdSwQ,NEGORO ANGIN,Niken Salindry,,,NEGORO ANGIN Niken Salindry
2026-09-21,id,Indonesia,top_videos_daily,,76,https://i.ytimg.com/vi/-DgrCXrhZHA/mqdefault.jpg,https://www.youtube.com/watch?v=-DgrCXrhZHA,Satu Rasa Cinta,Andra Respati,,,Satu Rasa Cinta Andra Respati
2026-09-21,id,Indonesia,top_videos_daily,,77,https://i.ytimg.com/vi/fVIYmEVG5_Y/mqdefault.jpg,https://www.youtube.com/watch?v=fVIYmEVG5_Y,Oncom Gondrong,Bungsu Bandung,,,Oncom Gondrong Bungsu Bandung
2026-09-21,id,Indonesia,top_videos_daily,,78,https://i.ytimg.com/vi/Ghhhp_3xBxw/mqdefault.jpg,https://www.youtube.com/watch?v=Ghhhp_3xBxw,Perceraian Lara,Fendik Adella / Difarina Indra Adella,,,Perceraian Lara Fendik Adella & Difarina Indra Adella
2026-09-21,id,Indonesia,top_videos_daily,,79,https://i.ytimg.com/vi/R5PyKEgKYUE/mqdefault.jpg,https://www.youtube.com/watch?v=R5PyKEgKYUE,Jambu Alas,Della Monica,,,Jambu Alas Della Monica
2026-09-21,id,Indonesia,top_videos_daily,,80,https://i.ytimg.com/vi/ew3lh7_DAeU/mqdefault.jpg,https://www.youtube.com/watch?v=ew3lh7_DAeU,"Andai Aku Bisa - Tulus, Erwin Gutawa Orchestra, Hasna Mufida (Virtual Collaboration)",Erwin Gutawa,,,"Andai Aku Bisa - Tulus, Erwin Gutawa Orchestra, Hasna Mufida (Virtual Collaboration) Erwin Gutawa"
2026-09-21,id,Indonesia,top_videos_daily,,81,https://i.ytimg.com/vi/1WeCPL58Ijg/mqdefault.jpg,https://www.youtube.com/watch?v=1WeCPL58Ijg,ANGEL 2 (Live),Ajeng Febria,,,ANGEL 2 (Live) Ajeng Febria
2026-09-21,id,Indonesia,top_videos_daily,,82,https://i.ytimg.com/vi/knt2NuBzsSA/mqdefault.jpg,https://www.youtube.com/watch?v=knt2NuBzsSA,Lumpur Dan Berlian,Ipank,,,Lumpur Dan Berlian Ipank
2026-09-21,id,Indonesia,top_videos_daily,,83,https://i.ytimg.com/vi/WhEUZrB2Osc/mqdefault.jpg,https://www.youtube.com/watch?v=WhEUZrB2Osc,Pamungkas - Berapa Kali Kita Akan Saling Memaafkan (Official Lyrics Video),Pamungkas,,,Pamungkas - Berapa Kali Kita Akan Saling Memaafkan (Official Lyrics Video) Pamungkas
2026-09-21,id,Indonesia,top_videos_daily,,84,https://i.ytimg.com/vi/b0ZBBjViV8Y/mqdefault.jpg,https://www.youtube.com/watch?v=b0ZBBjViV8Y,Separuh Aku,Peterpan,,,Separuh Aku Peterpan
2026-09-21,id,Indonesia,top_videos_daily,,85,https://i.ytimg.com/vi/FcejdBgc_58/mqdefault.jpg,https://www.youtube.com/watch?v=FcejdBgc_58,Terpukau (Video Clip),Astrid,,,Terpukau (Video Clip) Astrid
2026-09-21,id,Indonesia,top_videos_daily,,86,https://i.ytimg.com/vi/rgSzJixLwG8/mqdefault.jpg,https://www.youtube.com/watch?v=rgSzJixLwG8,Rahasia Hati,Element,,,Rahasia Hati Element
2026-09-21,id,Indonesia,top_videos_daily,,87,https://i.ytimg.com/vi/-0KcQ5qhiX8/mqdefault.jpg,https://www.youtube.com/watch?v=-0KcQ5qhiX8,Wasap Mamen (Sped Up),DJiamputh,,,Wasap Mamen (Sped Up) DJiamputh
2026-09-21,id,Indonesia,top_videos_daily,,88,https://i.ytimg.com/vi/wPb_miODtDI/mqdefault.jpg,https://www.youtube.com/watch?v=wPb_miODtDI,Astaga Bercanda,Akbar Chalay / Mingse,,,Astaga Bercanda Akbar Chalay & Mingse
2026-09-21,id,Indonesia,top_videos_daily,,89,https://i.ytimg.com/vi/JEtqqmW1G8o/mqdefault.jpg,https://www.youtube.com/watch?v=JEtqqmW1G8o,Warok Ponorogo,KAJAWI,,,Warok Ponorogo KAJAWI
2026-09-21,id,Indonesia,top_videos_daily,,90,https://i.ytimg.com/vi/Nx4Y-j_hRF4/mqdefault.jpg,https://www.youtube.com/watch?v=Nx4Y-j_hRF4,Ibarat Raheut - Masder X Chelen Cipt Rivan Darul Fadly [Official Live],masder / Chelen Putri / Bandung Music,,,"Ibarat Raheut - Masder X Chelen Cipt Rivan Darul Fadly [Official Live] masder , Chelen Putri & Bandung Music"
2026-09-21,id,Indonesia,top_videos_daily,,91,https://i.ytimg.com/vi/rMpJ3LEYdOA/mqdefault.jpg,https://www.youtube.com/watch?v=rMpJ3LEYdOA,Tangkap Basah,Vendetta rap,,,Tangkap Basah Vendetta rap
2026-09-21,id,Indonesia,top_videos_daily,,92,https://i.ytimg.com/vi/JNatjo6ueOs/mqdefault.jpg,https://www.youtube.com/watch?v=JNatjo6ueOs,Tresno Tekan Mati (New Version),NDX A.K.A.,,,Tresno Tekan Mati (New Version) NDX A.K.A.
2026-09-21,id,Indonesia,top_videos_daily,,93,https://i.ytimg.com/vi/Xt0pDDsdbzw/mqdefault.jpg,https://www.youtube.com/watch?v=Xt0pDDsdbzw,Cinta Sampai Mati,Kangen Band,,,Cinta Sampai Mati Kangen Band
2026-09-21,id,Indonesia,top_videos_daily,,94,https://i.ytimg.com/vi/vf3zFvcKQkw/mqdefault.jpg,https://www.youtube.com/watch?v=vf3zFvcKQkw,Heaven,Bryan Adams,,,Heaven Bryan Adams
2026-09-21,id,Indonesia,top_videos_daily,,95,https://i.ytimg.com/vi/1VqxWNwgf5Q/mqdefault.jpg,https://www.youtube.com/watch?v=1VqxWNwgf5Q,Lemon Tang,Hearts2Hearts,,,Lemon Tang Hearts2Hearts
2026-09-21,id,Indonesia,top_videos_daily,,96,https://i.ytimg.com/vi/BCo8FntOOMk/mqdefault.jpg,https://www.youtube.com/watch?v=BCo8FntOOMk,"Sekian, Terima Kasih",Lealona / The Jeblogs,,,"Sekian, Terima Kasih Lealona & The Jeblogs"
2026-09-21,id,Indonesia,top_videos_daily,,97,https://i.ytimg.com/vi/Y0pdQU87dc8/mqdefault.jpg,https://www.youtube.com/watch?v=Y0pdQU87dc8,(Everything I Do) I Do It For You,Bryan Adams,,,(Everything I Do) I Do It For You Bryan Adams
2026-09-21,id,Indonesia,top_videos_daily,,98,https://i.ytimg.com/vi/Ii5n-vD0paE/mqdefault.jpg,https://www.youtube.com/watch?v=Ii5n-vD0paE,Salahmu Sendiri,Diva Hani,,,Salahmu Sendiri Diva Hani
2026-09-21,id,Indonesia,top_videos_daily,,99,https://i.ytimg.com/vi/dcEyID3okrM/mqdefault.jpg,https://www.youtube.com/watch?v=dcEyID3okrM,Dirantai Digelangi Rindu,Exists,,,Dirantai Digelangi Rindu Exists
2026-09-21,id,Indonesia,top_videos_daily,,100,https://i.ytimg.com/vi/_BzC1Ye72R8/mqdefault.jpg,https://www.youtube.com/watch?v=_BzC1Ye72R8,Mutiara,Yeni Inka,,,Mutiara Yeni Inka
2026-09-21,in,India,top_videos_daily,,1,https://i.ytimg.com/vi/s2HYl12gmOY/mqdefault.jpg,https://www.youtube.com/watch?v=s2HYl12gmOY,Parvati,Sadhu Tiwari,,,Parvati Sadhu Tiwari
2026-09-21,in,India,top_videos_daily,,2,https://i.ytimg.com/vi/JqFzhcWo3EU/mqdefault.jpg,https://www.youtube.com/watch?v=JqFzhcWo3EU,"Yeshanagula (From ""The Paradise"") (Telugu)",Jangi Reddy / Singer Prabha / 希厄姆·卡莎拉 / Anirudh Ravichander,,,"Yeshanagula (From ""The Paradise"") (Telugu) Jangi Reddy , Singer Prabha , 希厄姆·卡莎拉 & Anirudh Ravichander"
2026-09-21,in,India,top_videos_daily,,3,https://i.ytimg.com/vi/xvT1jH8B9AM/mqdefault.jpg,https://www.youtube.com/watch?v=xvT1jH8B9AM,KALYANI (Remix),ARJN / KDS / FIFTY4 / 舒蕾亞·戈沙爾,,,"KALYANI (Remix) ARJN , KDS , FIFTY4 & 舒蕾亞·戈沙爾"
2026-09-21,in,India,top_videos_daily,,4,https://i.ytimg.com/vi/vRjaGgDsWSo/mqdefault.jpg,https://www.youtube.com/watch?v=vRjaGgDsWSo,Casa Tupka Anthemo | @YoYoHoneySingh feat. Priyanshi | Full Video,Yo・Yo・哈尼・辛,,,Casa Tupka Anthemo | @YoYoHoneySingh feat. Priyanshi | Full Video Yo・Yo・哈尼・辛
2026-09-21,in,India,top_videos_daily,,5,https://i.ytimg.com/vi/A_RV2H2F9jw/mqdefault.jpg,https://www.youtube.com/watch?v=A_RV2H2F9jw,Basinga Balaalu,Srinidhi Nerella / Kalyan Keys / Swamy Naresh,,,"Basinga Balaalu Srinidhi Nerella , Kalyan Keys & Swamy Naresh"
2026-09-21,in,India,top_videos_daily,,6,https://i.ytimg.com/vi/rjfxLq3OQ0w/mqdefault.jpg,https://www.youtube.com/watch?v=rjfxLq3OQ0w,Zid,Shaarib Toshi / 桑妮蒂·喬寒,,,Zid Shaarib Toshi & 桑妮蒂·喬寒
2026-09-21,in,India,top_videos_daily,,7,https://i.ytimg.com/vi/ebZj_nrmH-c/mqdefault.jpg,https://www.youtube.com/watch?v=ebZj_nrmH-c,Barsaat,Banjaare / Roni,,,Barsaat Banjaare & Roni
2026-09-21,in,India,top_videos_daily,,8,https://i.ytimg.com/vi/u9BdaJTWeiw/mqdefault.jpg,https://www.youtube.com/watch?v=u9BdaJTWeiw,Barbaadi,Shilpi Raj,,,Barbaadi Shilpi Raj
2026-09-21,in,India,top_videos_daily,,9,https://i.ytimg.com/vi/YyepU5ztLf4/mqdefault.jpg,https://www.youtube.com/watch?v=YyepU5ztLf4,Shararat,Madhubanti Bagchi / 雅斯文·桑德拉斯 / 沙赫瓦特·薩赫迪夫,,,"Shararat Madhubanti Bagchi , 雅斯文·桑德拉斯 & 沙赫瓦特·薩赫迪夫"
2026-09-21,in,India,top_videos_daily,,10,https://i.ytimg.com/vi/yWNPxS0sXnE/mqdefault.jpg,https://www.youtube.com/watch?v=yWNPxS0sXnE,Jai Jai Ram,Shreya Ghoshal / Arijit Singh,,,Jai Jai Ram Shreya Ghoshal & Arijit Singh
2026-09-21,in,India,top_videos_daily,,11,https://i.ytimg.com/vi/jR3rWCBeO6M/mqdefault.jpg,https://www.youtube.com/watch?v=jR3rWCBeO6M,"Radhimaa [From ""Think Indie""]",Asma Teji / Sai Abhyankkar / Vivek / Nargis Teji,,,"Radhimaa [From ""Think Indie""] Asma Teji , Sai Abhyankkar , Vivek & Nargis Teji"
2026-09-21,in,India,top_videos_daily,,12,https://i.ytimg.com/vi/z5y8Clp_TdE/mqdefault.jpg,https://www.youtube.com/watch?v=z5y8Clp_TdE,KALYANI (Remix),舒蕾亞·戈沙爾 / ARJN / FIFTY4 / KDS,,,"KALYANI (Remix) 舒蕾亞·戈沙爾 , ARJN , FIFTY4 & KDS"
2026-09-21,in,India,top_videos_daily,,13,https://i.ytimg.com/vi/7w7LUaLpM4E/mqdefault.jpg,https://www.youtube.com/watch?v=7w7LUaLpM4E,MALLEPOOLA PALLAKI 8K VIDEO | RAVI TEJA | GV PRAKASH | DAPPU SRINU | IRUMUDI | AYYAPPA SONG,Sunkara Anjaneyulu / Yugabharathi / G.V. Prakash Kumar / Velmurugan,,,"MALLEPOOLA PALLAKI 8K VIDEO | RAVI TEJA | GV PRAKASH | DAPPU SRINU | IRUMUDI | AYYAPPA SONG Sunkara Anjaneyulu , Yugabharathi , G.V. Prakash Kumar & Velmurugan"
2026-09-21,in,India,top_videos_daily,,14,https://i.ytimg.com/vi/QnQnz9G2LNw/mqdefault.jpg,https://www.youtube.com/watch?v=QnQnz9G2LNw,MALLEPOOLA PALLAKI (Song) | Ravi Teja | GV Prakash | Dappu Srinu | Shiva Nirvana | Irumudi,Sunkara Anjaneyulu / Yugabharathi / G.V. Prakash Kumar / Velmurugan,,,"MALLEPOOLA PALLAKI (Song) | Ravi Teja | GV Prakash | Dappu Srinu | Shiva Nirvana | Irumudi Sunkara Anjaneyulu , Yugabharathi , G.V. Prakash Kumar & Velmurugan"
2026-09-21,in,India,top_videos_daily,,15,https://i.ytimg.com/vi/SQ4jZ-EAL88/mqdefault.jpg,https://www.youtube.com/watch?v=SQ4jZ-EAL88,Vaaroon Forever (Official Video) | Mirzapur The Movie | Shreya Ghoshal | Romy | Anand B | Ginny D,阿南德·巴斯卡爾,,,Vaaroon Forever (Official Video) | Mirzapur The Movie | Shreya Ghoshal | Romy | Anand B | Ginny D 阿南德·巴斯卡爾
2026-09-21,in,India,top_videos_daily,,16,https://i.ytimg.com/vi/6rvUyBiBtik/mqdefault.jpg,https://www.youtube.com/watch?v=6rvUyBiBtik,Tera Mera Rishta,Sayeed Quadri / Mustafa Zahid / Pritam,,,"Tera Mera Rishta Sayeed Quadri , Mustafa Zahid & Pritam"
2026-09-21,in,India,top_videos_daily,,17,https://i.ytimg.com/vi/ZvXN0TcZLfQ/mqdefault.jpg,https://www.youtube.com/watch?v=ZvXN0TcZLfQ,Fortuner,Raj Mawar / Ruchika Jangid,,,Fortuner Raj Mawar & Ruchika Jangid
2026-09-21,in,India,top_videos_daily,,18,https://i.ytimg.com/vi/b68HETiNO98/mqdefault.jpg,https://www.youtube.com/watch?v=b68HETiNO98,Pavazha Malli,Sai Abhyankkar / Shruti Haasan,,,Pavazha Malli Sai Abhyankkar & Shruti Haasan
2026-09-21,in,India,top_videos_daily,,19,https://i.ytimg.com/vi/cL0KKSPjZf8/mqdefault.jpg,https://www.youtube.com/watch?v=cL0KKSPjZf8,Boom Shaka,KR$NA / Dhanda Nyoliwala,,,Boom Shaka KR$NA & Dhanda Nyoliwala
2026-09-21,in,India,top_videos_daily,,20,https://i.ytimg.com/vi/oafxkMv4xnc/mqdefault.jpg,https://www.youtube.com/watch?v=oafxkMv4xnc,Bairan,Banjaare,"2月 13, 2026",1239401,"20 1 Bairan Banjaare 2月 13, 2026 19 199 1,239,401"
2026-09-21,in,India,top_videos_daily,,21,https://i.ytimg.com/vi/aRNfSqsgrgE/mqdefault.jpg,https://www.youtube.com/watch?v=aRNfSqsgrgE,Sheesha,Mitta Ror / Swara Verma,,,Sheesha Mitta Ror & Swara Verma
2026-09-21,in,India,top_videos_daily,,22,https://i.ytimg.com/vi/F2m4HPLvj-4/mqdefault.jpg,https://www.youtube.com/watch?v=F2m4HPLvj-4,Jaiye Sajana,雅斯文·桑德拉斯 / 施廷德·薩爾塔 / 沙赫瓦特·薩赫迪夫,,,"Jaiye Sajana 雅斯文·桑德拉斯 , 施廷德·薩爾塔 & 沙赫瓦特·薩赫迪夫"
2026-09-21,in,India,top_videos_daily,,23,https://i.ytimg.com/vi/2gXNDr_6FcE/mqdefault.jpg,https://www.youtube.com/watch?v=2gXNDr_6FcE,Irumudi Kattu,Ananthu / Shiva Nirvana / G.V. Prakash Kumar / Kalyan Chakravarthy Tripuraneni,,,"Irumudi Kattu Ananthu , Shiva Nirvana , G.V. Prakash Kumar & Kalyan Chakravarthy Tripuraneni"
2026-09-21,in,India,top_videos_daily,,24,https://i.ytimg.com/vi/PwTcikeQ8Wg/mqdefault.jpg,https://www.youtube.com/watch?v=PwTcikeQ8Wg,Parvati (Lyrical) | Jab Zid Pe Aa Gayi Parvati | Hanuman Ansh | Sadhu Tiwari | Shiv Parvati Song,Times Music,,,Parvati (Lyrical) | Jab Zid Pe Aa Gayi Parvati | Hanuman Ansh | Sadhu Tiwari | Shiv Parvati Song Times Music
2026-09-21,in,India,top_videos_daily,,25,https://i.ytimg.com/vi/CTJ6vhNb3rA/mqdefault.jpg,https://www.youtube.com/watch?v=CTJ6vhNb3rA,GURU RANDHAWA - “2 EYES” MV,谷魯·蘭達瓦,,,GURU RANDHAWA - “2 EYES” MV 谷魯·蘭達瓦
2026-09-21,in,India,top_videos_daily,,26,https://i.ytimg.com/vi/iAtoZar5W58/mqdefault.jpg,https://www.youtube.com/watch?v=iAtoZar5W58,Aaya Sher,Jangi Reddy / Arjun Chandy / 安尼魯德・瑞維奇德 / Kasarla Shyam,,,"Aaya Sher Jangi Reddy , Arjun Chandy , 安尼魯德・瑞維奇德 & Kasarla Shyam"
2026-09-21,in,India,top_videos_daily,,27,https://i.ytimg.com/vi/qpIdoaaPa6U/mqdefault.jpg,https://www.youtube.com/watch?v=qpIdoaaPa6U,Jeene Laga Hoon (Lyrical),薩辛-吉格爾,,,Jeene Laga Hoon (Lyrical) 薩辛-吉格爾
2026-09-21,in,India,top_videos_daily,,28,https://i.ytimg.com/vi/GVizJ_jpUnw/mqdefault.jpg,https://www.youtube.com/watch?v=GVizJ_jpUnw,Gehra Hua,Arijit Singh / Armaan Khan / 沙赫瓦特·薩赫迪夫 / Irshad Kamil,,,"Gehra Hua Arijit Singh , Armaan Khan , 沙赫瓦特·薩赫迪夫 & Irshad Kamil"
2026-09-21,in,India,top_videos_daily,,29,https://i.ytimg.com/vi/7VsejGzcJmM/mqdefault.jpg,https://www.youtube.com/watch?v=7VsejGzcJmM,Alaakaa Loova,Sai Abhyankkar,,,Alaakaa Loova Sai Abhyankkar
2026-09-21,in,India,top_videos_daily,,30,https://i.ytimg.com/vi/5GCfYLguTIs/mqdefault.jpg,https://www.youtube.com/watch?v=5GCfYLguTIs,Boyfriend,Karan Aujla,,,Boyfriend Karan Aujla
2026-09-21,in,India,top_videos_daily,,31,https://i.ytimg.com/vi/Oyw1Eo21q5k/mqdefault.jpg,https://www.youtube.com/watch?v=Oyw1Eo21q5k,Kabze,Bintu Pabra / Shiva Choudhary,,,Kabze Bintu Pabra & Shiva Choudhary
2026-09-21,in,India,top_videos_daily,,32,https://i.ytimg.com/vi/yBXJQ7eBmWw/mqdefault.jpg,https://www.youtube.com/watch?v=yBXJQ7eBmWw,Bari (Official Music Video) NIJJAR | Autobiography | Latest Punjabi Song 2026,Saregama Punjabi,,2026,Bari (Official Music Video) NIJJAR | Autobiography | Latest Punjabi Song 2026 Saregama Punjabi
2026-09-21,in,India,top_videos_daily,,33,https://i.ytimg.com/vi/bP8ATWCvqzw/mqdefault.jpg,https://www.youtube.com/watch?v=bP8ATWCvqzw,Arz Kiya Hai,Anuv Jain,,,Arz Kiya Hai Anuv Jain
2026-09-21,in,India,top_videos_daily,,34,https://i.ytimg.com/vi/AsdEIaw9Wks/mqdefault.jpg,https://www.youtube.com/watch?v=AsdEIaw9Wks,Mithe Tere Bol Pari,Masoom Sharma,,,Mithe Tere Bol Pari Masoom Sharma
2026-09-21,in,India,top_videos_daily,,35,https://i.ytimg.com/vi/uOrhBw3N3NM/mqdefault.jpg,https://www.youtube.com/watch?v=uOrhBw3N3NM,80 Lakh,D Naveen / Shiva Choudhary / Sweta Chauhan / Kala Dighal,,,"80 Lakh D Naveen , Shiva Choudhary , Sweta Chauhan & Kala Dighal"
2026-09-21,in,India,top_videos_daily,,36,https://i.ytimg.com/vi/GYfdWiAnshE/mqdefault.jpg,https://www.youtube.com/watch?v=GYfdWiAnshE,"Neno Butterfly Full Video Song 4K | Vishwanath and Sons | Suriya, Mamitha Baiju | G.V. Prakash Kumar",Sublahshini / G.V. Prakash Kumar,,,"Neno Butterfly Full Video Song 4K | Vishwanath and Sons | Suriya, Mamitha Baiju | G.V. Prakash Kumar Sublahshini & G.V. Prakash Kumar"
2026-09-21,in,India,top_videos_daily,,37,https://i.ytimg.com/vi/1iBDh00xMQw/mqdefault.jpg,https://www.youtube.com/watch?v=1iBDh00xMQw,Rupya Dekh Ke Bora Me,Tuntun Yadav,,,Rupya Dekh Ke Bora Me Tuntun Yadav
2026-09-21,in,India,top_videos_daily,,38,https://i.ytimg.com/vi/zC3UbTf4qrM/mqdefault.jpg,https://www.youtube.com/watch?v=zC3UbTf4qrM,YA BABA (FITNA FAREBI),阿米塔布·巴塔查亞 / Nakash Aziz,,,YA BABA (FITNA FAREBI) 阿米塔布·巴塔查亞 & Nakash Aziz
2026-09-21,in,India,top_videos_daily,,39,https://i.ytimg.com/vi/GX9x62kFsVU/mqdefault.jpg,https://www.youtube.com/watch?v=GX9x62kFsVU,Gehra Hua,Arijit Singh / Armaan Khan / 沙赫瓦特·薩赫迪夫 / Irshad Kamil,,,"Gehra Hua Arijit Singh , Armaan Khan , 沙赫瓦特·薩赫迪夫 & Irshad Kamil"
2026-09-21,in,India,top_videos_daily,,40,https://i.ytimg.com/vi/4F2jDMgioqk/mqdefault.jpg,https://www.youtube.com/watch?v=4F2jDMgioqk,"Saanson Ko (From ""Zid"")",Toshi Sabri / Arijit Singh,,,"Saanson Ko (From ""Zid"") Toshi Sabri & Arijit Singh"
2026-09-21,in,India,top_videos_daily,,41,https://i.ytimg.com/vi/EtTf6f3Ydak/mqdefault.jpg,https://www.youtube.com/watch?v=EtTf6f3Ydak,Irumudi Kattu,Ananthu / Shiva Nirvana / G.V. Prakash Kumar / Kalyan Chakravarthy Tripuraneni,,,"Irumudi Kattu Ananthu , Shiva Nirvana , G.V. Prakash Kumar & Kalyan Chakravarthy Tripuraneni"
2026-09-21,in,India,top_videos_daily,,42,https://i.ytimg.com/vi/Ym4ti89tItw/mqdefault.jpg,https://www.youtube.com/watch?v=Ym4ti89tItw,YEDA YUNG,YUNG DSA / YEAR DOWN,,,YEDA YUNG YUNG DSA & YEAR DOWN
2026-09-21,in,India,top_videos_daily,,43,https://i.ytimg.com/vi/ZMLA565FuEY/mqdefault.jpg,https://www.youtube.com/watch?v=ZMLA565FuEY,Poda Padichiruken - Music Video | Meesaya Murukku 2 | Hiphop Tamizha,Saregama Tamil,,,Poda Padichiruken - Music Video | Meesaya Murukku 2 | Hiphop Tamizha Saregama Tamil
2026-09-21,in,India,top_videos_daily,,44,https://i.ytimg.com/vi/WT-wrwlN144/mqdefault.jpg,https://www.youtube.com/watch?v=WT-wrwlN144,YAALALO YAALALO Lyrical | Irumudi | Ravi Teja | GV Prakash | Hesham | Shiva Nirvana,Hesham Abdul Wahab / Sadhika K R / Balaji Venugopal / G.V. Prakash Kumar,,,"YAALALO YAALALO Lyrical | Irumudi | Ravi Teja | GV Prakash | Hesham | Shiva Nirvana Hesham Abdul Wahab , Sadhika K R , Balaji Venugopal & G.V. Prakash Kumar"
2026-09-21,in,India,top_videos_daily,,45,https://i.ytimg.com/vi/M4ElYednE4w/mqdefault.jpg,https://www.youtube.com/watch?v=M4ElYednE4w,New Song 2026 | New Hindi Song | Mujhe Dard Mila | Emraan Hashmi | Rashmika Mandanna | New Song,Gaurav Mali,,2026,New Song 2026 | New Hindi Song | Mujhe Dard Mila | Emraan Hashmi | Rashmika Mandanna | New Song Gaurav Mali
2026-09-21,in,India,top_videos_daily,,46,https://i.ytimg.com/vi/E7ergOnpO1Q/mqdefault.jpg,https://www.youtube.com/watch?v=E7ergOnpO1Q,Not Guilty,Dhanda Nyoliwala,,,Not Guilty Dhanda Nyoliwala
2026-09-21,in,India,top_videos_daily,,47,https://i.ytimg.com/vi/ri1Ar5nEq4s/mqdefault.jpg,https://www.youtube.com/watch?v=ri1Ar5nEq4s,Aaj Ki Raat,Madhubanti Bagchi / Divya Kumar / Sachin-Jigar,,,"Aaj Ki Raat Madhubanti Bagchi , Divya Kumar & Sachin-Jigar"
2026-09-21,in,India,top_videos_daily,,48,https://i.ytimg.com/vi/49x5rfxmv4E/mqdefault.jpg,https://www.youtube.com/watch?v=49x5rfxmv4E,Karuppa Kooda Va,Sai Abhyankkar / V·M·馬哈林加姆,,,Karuppa Kooda Va Sai Abhyankkar & V·M·馬哈林加姆
2026-09-21,in,India,top_videos_daily,,49,https://i.ytimg.com/vi/Q7ZMrWQmJbQ/mqdefault.jpg,https://www.youtube.com/watch?v=Q7ZMrWQmJbQ,Katto Gilehri,達雷爾·馬哈帝,,,Katto Gilehri 達雷爾·馬哈帝
2026-09-21,in,India,top_videos_daily,,50,https://i.ytimg.com/vi/yrjDEU9F1bw/mqdefault.jpg,https://www.youtube.com/watch?v=yrjDEU9F1bw,Bairi,Virat / Pradeep Solanki / Heena,,,"Bairi Virat , Pradeep Solanki & Heena"
2026-09-21,in,India,top_videos_daily,,51,https://i.ytimg.com/vi/X1twu3ztkPU/mqdefault.jpg,https://www.youtube.com/watch?v=X1twu3ztkPU,Bum Baa Diga Diga - Music Video | DC | Lokesh | Sun Pictures | Anirudh | Arun Matheswaran,Heisenberg / Ritesh G Rao / Anirudh Ravichander / Asura,,,"Bum Baa Diga Diga - Music Video | DC | Lokesh | Sun Pictures | Anirudh | Arun Matheswaran Heisenberg , Ritesh G Rao , Anirudh Ravichander & Asura"
2026-09-21,in,India,top_videos_daily,,52,https://i.ytimg.com/vi/84GP60c5fXc/mqdefault.jpg,https://www.youtube.com/watch?v=84GP60c5fXc,Navasachi Gauri Mazi,阿巴海·約珀卡爾 / Sanket Sane / Sameer Samant,,,"Navasachi Gauri Mazi 阿巴海·約珀卡爾 , Sanket Sane & Sameer Samant"
2026-09-21,in,India,top_videos_daily,,53,https://i.ytimg.com/vi/DY31OTsxdBY/mqdefault.jpg,https://www.youtube.com/watch?v=DY31OTsxdBY,Full Video: Yaalalo Yaalalo | Irumudi | Ravi Teja | GV Prakash | Hesham | Shiva Nirvana,Hesham Abdul Wahab / Sadhika K R / Balaji Venugopal / G.V. Prakash Kumar,,,"Full Video: Yaalalo Yaalalo | Irumudi | Ravi Teja | GV Prakash | Hesham | Shiva Nirvana Hesham Abdul Wahab , Sadhika K R , Balaji Venugopal & G.V. Prakash Kumar"
2026-09-21,in,India,top_videos_daily,,54,https://i.ytimg.com/vi/547PrKtyw-M/mqdefault.jpg,https://www.youtube.com/watch?v=547PrKtyw-M,"#Video | Kawan Roki Rangdari | #Khesari Lal Yadav, #Srishti Bharti | Kangana Sharma | Bhojpuri Song",Neelkamal Singh / Shilpi Raj,,,"#Video | Kawan Roki Rangdari | #Khesari Lal Yadav, #Srishti Bharti | Kangana Sharma | Bhojpuri Song Neelkamal Singh & Shilpi Raj"
2026-09-21,in,India,top_videos_daily,,55,https://i.ytimg.com/vi/rC-kbRanJQ0/mqdefault.jpg,https://www.youtube.com/watch?v=rC-kbRanJQ0,UDI UDI,Hruday / Sarkar / Aneesh,,,"UDI UDI Hruday , Sarkar & Aneesh"
2026-09-21,in,India,top_videos_daily,,56,https://i.ytimg.com/vi/ZcO4s0UU4Uk/mqdefault.jpg,https://www.youtube.com/watch?v=ZcO4s0UU4Uk,Kamar DJ Pe,Manish Sonipat Aala / Bali Sharma / Vampire,,,"Kamar DJ Pe Manish Sonipat Aala , Bali Sharma & Vampire"
2026-09-21,in,India,top_videos_daily,,57,https://i.ytimg.com/vi/9dV6Hl2u3vM/mqdefault.jpg,https://www.youtube.com/watch?v=9dV6Hl2u3vM,Neno Butterfly,Sublahshini / G.V. Prakash Kumar,,,Neno Butterfly Sublahshini & G.V. Prakash Kumar
2026-09-21,in,India,top_videos_daily,,58,https://i.ytimg.com/vi/EEZ8fbzhEfQ/mqdefault.jpg,https://www.youtube.com/watch?v=EEZ8fbzhEfQ,Irumudi Kattu,Ananthu / Shiva Nirvana / G.V. Prakash Kumar / Kalyan Chakravarthy Tripuraneni,,,"Irumudi Kattu Ananthu , Shiva Nirvana , G.V. Prakash Kumar & Kalyan Chakravarthy Tripuraneni"
2026-09-21,in,India,top_videos_daily,,59,https://i.ytimg.com/vi/Nd3PmNWqpPQ/mqdefault.jpg,https://www.youtube.com/watch?v=Nd3PmNWqpPQ,टूट जाई पलंग राजा जी,克瑟利·拉爾·亞達夫 / Indu Sonali,,,टूट जाई पलंग राजा जी 克瑟利·拉爾·亞達夫 & Indu Sonali
2026-09-21,in,India,top_videos_daily,,60,https://i.ytimg.com/vi/sAloiE9-OIA/mqdefault.jpg,https://www.youtube.com/watch?v=sAloiE9-OIA,Dhara Kamar Raja Ji,Neelkamal Singh,,,Dhara Kamar Raja Ji Neelkamal Singh
2026-09-21,in,India,top_videos_daily,,61,https://i.ytimg.com/vi/v5jVX0QYwQo/mqdefault.jpg,https://www.youtube.com/watch?v=v5jVX0QYwQo,Shararat,Madhubanti Bagchi / 雅斯文·桑德拉斯 / 沙赫瓦特·薩赫迪夫,,,"Shararat Madhubanti Bagchi , 雅斯文·桑德拉斯 & 沙赫瓦特·薩赫迪夫"
2026-09-21,in,India,top_videos_daily,,62,https://i.ytimg.com/vi/C1LN4cWjMl0/mqdefault.jpg,https://www.youtube.com/watch?v=C1LN4cWjMl0,Pattampoochi,Sublahshini / G.V. Prakash Kumar,,,Pattampoochi Sublahshini & G.V. Prakash Kumar
2026-09-21,in,India,top_videos_daily,,63,https://i.ytimg.com/vi/SlRW-qNVKtE/mqdefault.jpg,https://www.youtube.com/watch?v=SlRW-qNVKtE,Pahije (Official Music Video) Sanju Rathod | Juilee Joglekar | G-SPXRK | Ft. Saumya Kamble,Hyundai Spotlight,,,Pahije (Official Music Video) Sanju Rathod | Juilee Joglekar | G-SPXRK | Ft. Saumya Kamble Hyundai Spotlight
2026-09-21,in,India,top_videos_daily,,64,https://i.ytimg.com/vi/cRgrrrdqbLM/mqdefault.jpg,https://www.youtube.com/watch?v=cRgrrrdqbLM,Afeem,Vicky Vox / Shilpi Raj / 克瑟利·拉爾·亞達夫 / Krishna Bedardi,,,"Afeem Vicky Vox , Shilpi Raj , 克瑟利·拉爾·亞達夫 & Krishna Bedardi"
2026-09-21,in,India,top_videos_daily,,65,https://i.ytimg.com/vi/-1SgFHqxjlw/mqdefault.jpg,https://www.youtube.com/watch?v=-1SgFHqxjlw,SxyCip - Love All Day (Official Music Video),SxyCip,,,SxyCip - Love All Day (Official Music Video) SxyCip
2026-09-21,in,India,top_videos_daily,,66,https://i.ytimg.com/vi/VOZEBZKd2Pc/mqdefault.jpg,https://www.youtube.com/watch?v=VOZEBZKd2Pc,Beech Bajaria,Sapna Awasthi,,,Beech Bajaria Sapna Awasthi
2026-09-21,in,India,top_videos_daily,,67,https://i.ytimg.com/vi/6JaeasJw-QI/mqdefault.jpg,https://www.youtube.com/watch?v=6JaeasJw-QI,Thalapathy Kacheri,Jayanth Maadhur / Anirudh Ravichander / Arun Kaundinya / Nazeeruddin / Srinivasa Mouli,,,"Thalapathy Kacheri Jayanth Maadhur , Anirudh Ravichander , Arun Kaundinya , Nazeeruddin & Srinivasa Mouli"
2026-09-21,in,India,top_videos_daily,,68,https://i.ytimg.com/vi/ahc8zhtzQSk/mqdefault.jpg,https://www.youtube.com/watch?v=ahc8zhtzQSk,Lahanga Se Mahanga,Shivani Singh / Pawan Singh,,,Lahanga Se Mahanga Shivani Singh & Pawan Singh
2026-09-21,in,India,top_videos_daily,,69,https://i.ytimg.com/vi/8jff2wz3Hpk/mqdefault.jpg,https://www.youtube.com/watch?v=8jff2wz3Hpk,Mourya Re (Full Song) | Don | Shahrukh Khan | Shankar Mahadevan | T-Series,T-Series,,,Mourya Re (Full Song) | Don | Shahrukh Khan | Shankar Mahadevan | T-Series T-Series
2026-09-21,in,India,top_videos_daily,,70,https://i.ytimg.com/vi/_ijaEtNzZgw/mqdefault.jpg,https://www.youtube.com/watch?v=_ijaEtNzZgw,Maruti,Dhanda Nyoliwala / Ron Likhari / Miki Malang,,,"Maruti Dhanda Nyoliwala , Ron Likhari & Miki Malang"
2026-09-21,in,India,top_videos_daily,,71,https://i.ytimg.com/vi/BSu3eNpupq8/mqdefault.jpg,https://www.youtube.com/watch?v=BSu3eNpupq8,Aavagaman,Sadhu Tiwari,,,Aavagaman Sadhu Tiwari
2026-09-21,in,India,top_videos_daily,,72,https://i.ytimg.com/vi/2vYyHb34upc/mqdefault.jpg,https://www.youtube.com/watch?v=2vYyHb34upc,Case Teri Rani Ladegi,Khesari Lal Yadav / Shrishti Bharti,,,Case Teri Rani Ladegi Khesari Lal Yadav & Shrishti Bharti
2026-09-21,in,India,top_videos_daily,,73,https://i.ytimg.com/vi/LePk8rw6PKw/mqdefault.jpg,https://www.youtube.com/watch?v=LePk8rw6PKw,Pehli Dafa,Satyajeet Jena,,,Pehli Dafa Satyajeet Jena
2026-09-21,in,India,top_videos_daily,,74,https://i.ytimg.com/vi/rNeIVKh1WUo/mqdefault.jpg,https://www.youtube.com/watch?v=rNeIVKh1WUo,Full Video: Manemma - Irumudi | Ravi Teja | Baby Nakshatra | Priya | GV Prakash | Shiva Nirvana,T-Series Telugu,,,Full Video: Manemma - Irumudi | Ravi Teja | Baby Nakshatra | Priya | GV Prakash | Shiva Nirvana T-Series Telugu
2026-09-21,in,India,top_videos_daily,,75,https://i.ytimg.com/vi/QxWoYkrgpJE/mqdefault.jpg,https://www.youtube.com/watch?v=QxWoYkrgpJE,Nallaru po,Tippu / Sai Abhyankkar,,,Nallaru po Tippu & Sai Abhyankkar
2026-09-21,in,India,top_videos_daily,,76,https://i.ytimg.com/vi/EBA5wqhIM40/mqdefault.jpg,https://www.youtube.com/watch?v=EBA5wqhIM40,Parvati (Lyrical) | Jab Zid Pe Aa Gayi Parvati | Hanuman Ansh | Sadhu Tiwari | Shiv Parvati Song,Sadhu Tiwari,,,Parvati (Lyrical) | Jab Zid Pe Aa Gayi Parvati | Hanuman Ansh | Sadhu Tiwari | Shiv Parvati Song Sadhu Tiwari
2026-09-21,in,India,top_videos_daily,,77,https://i.ytimg.com/vi/6zDfwVSvyEk/mqdefault.jpg,https://www.youtube.com/watch?v=6zDfwVSvyEk,Hellallallo,Rakshita Suresh / A. R. Rahman / Varadaraj Chikkaballapura,,,"Hellallallo Rakshita Suresh , A. R. Rahman & Varadaraj Chikkaballapura"
2026-09-21,in,India,top_videos_daily,,78,https://i.ytimg.com/vi/RYqJ5w-GrfM/mqdefault.jpg,https://www.youtube.com/watch?v=RYqJ5w-GrfM,"Full Video | Agneepath | Hrithik Roshan, Priyanka Chopra | Ajay - Atul",阿傑-阿圖爾 / 阿傑·高伽瓦爾,,,"Full Video | Agneepath | Hrithik Roshan, Priyanka Chopra | Ajay - Atul 阿傑-阿圖爾 & 阿傑·高伽瓦爾"
2026-09-21,in,India,top_videos_daily,,79,https://i.ytimg.com/vi/kWh6fgcreyw/mqdefault.jpg,https://www.youtube.com/watch?v=kWh6fgcreyw,Dhanda Nyoliwala - Do Numbari (Official Video) | Mirzapur The Movie | In Cinemas 4 Sep 2026,Dhanda Nyoliwala,,2026,Dhanda Nyoliwala - Do Numbari (Official Video) | Mirzapur The Movie | In Cinemas 4 Sep 2026 Dhanda Nyoliwala
2026-09-21,in,India,top_videos_daily,,80,https://i.ytimg.com/vi/LX2zshAgECQ/mqdefault.jpg,https://www.youtube.com/watch?v=LX2zshAgECQ,Aankhon Se Tune 2.0,Dev Negi / Palak Muchhal / Kumar Sanu / Alka Yagnik,,,"Aankhon Se Tune 2.0 Dev Negi , Palak Muchhal , Kumar Sanu & Alka Yagnik"
2026-09-21,in,India,top_videos_daily,,81,https://i.ytimg.com/vi/Bm9lLpmPM0A/mqdefault.jpg,https://www.youtube.com/watch?v=Bm9lLpmPM0A,Pattampoochi,Sublahshini / G.V. Prakash Kumar,,,Pattampoochi Sublahshini & G.V. Prakash Kumar
2026-09-21,in,India,top_videos_daily,,82,https://i.ytimg.com/vi/msjA3KVNH7g/mqdefault.jpg,https://www.youtube.com/watch?v=msjA3KVNH7g,Asalayavale - Video Song | Khalifa | Prithviraj Sukumaran|Malvika Sharma | Jakes Bejoy x Sid Sriram,傑克斯·貝喬 / Muthu / Mohammed Maqbool Mansoor / 席德·斯里拉姆,,,"Asalayavale - Video Song | Khalifa | Prithviraj Sukumaran|Malvika Sharma | Jakes Bejoy x Sid Sriram 傑克斯·貝喬 , Muthu , Mohammed Maqbool Mansoor & 席德·斯里拉姆"
2026-09-21,in,India,top_videos_daily,,83,https://i.ytimg.com/vi/P-gPYtr2cGU/mqdefault.jpg,https://www.youtube.com/watch?v=P-gPYtr2cGU,Seethakoka,Ahmed Khan Durani (AKD),,,Seethakoka Ahmed Khan Durani (AKD)
2026-09-21,in,India,top_videos_daily,,84,https://i.ytimg.com/vi/cEuvTa6Ej44/mqdefault.jpg,https://www.youtube.com/watch?v=cEuvTa6Ej44,Majanua Ha Mafiya,Shilpi Raj / Golu Raja,,,Majanua Ha Mafiya Shilpi Raj & Golu Raja
2026-09-21,in,India,top_videos_daily,,85,https://i.ytimg.com/vi/3I-IbHNyjI0/mqdefault.jpg,https://www.youtube.com/watch?v=3I-IbHNyjI0,"Jhumka Jhulaniya | #Khesari Lal Yadav, Smrity Sinha | #kalpana #Bhojpuri SONG | FULL SONG",Kalpana,,,"Jhumka Jhulaniya | #Khesari Lal Yadav, Smrity Sinha | #kalpana #Bhojpuri SONG | FULL SONG Kalpana"
2026-09-21,in,India,top_videos_daily,,86,https://i.ytimg.com/vi/nKqCu4mWEW4/mqdefault.jpg,https://www.youtube.com/watch?v=nKqCu4mWEW4,Nachiab Hathiyar Se,Prince Shaan Dubey / Pyarelal / Shubham Raj (SBR) / Anjali Raj,,,"Nachiab Hathiyar Se Prince Shaan Dubey , Pyarelal , Shubham Raj (SBR) & Anjali Raj"
2026-09-21,in,India,top_videos_daily,,87,https://i.ytimg.com/vi/OxXKDGO-MYQ/mqdefault.jpg,https://www.youtube.com/watch?v=OxXKDGO-MYQ,LAAVAN,Jasmine Sandlas / Mofusion,,,LAAVAN Jasmine Sandlas & Mofusion
2026-09-21,in,India,top_videos_daily,,88,https://i.ytimg.com/vi/Lufa9QAFFeY/mqdefault.jpg,https://www.youtube.com/watch?v=Lufa9QAFFeY,new trick,ROSÉ,"9月 17, 2026",473362,"88 65 new trick ROSÉ 9月 17, 2026 23 2 473,362"
2026-09-21,in,India,top_videos_daily,,89,https://i.ytimg.com/vi/alX-ld96FpI/mqdefault.jpg,https://www.youtube.com/watch?v=alX-ld96FpI,Jadugarni,Riyaazi / Sintaa,,,Jadugarni Riyaazi & Sintaa
2026-09-21,in,India,top_videos_daily,,90,https://i.ytimg.com/vi/4r9r6Fhm9I0/mqdefault.jpg,https://www.youtube.com/watch?v=4r9r6Fhm9I0,Pesamale - Official Lyric Video | Siri Xander | Arra Aria Khayal |Tamil Indie Pop |Sony Music Indie,Siri Xander / Arra Aria Khayal,,,Pesamale - Official Lyric Video | Siri Xander | Arra Aria Khayal |Tamil Indie Pop |Sony Music Indie Siri Xander & Arra Aria Khayal
2026-09-21,in,India,top_videos_daily,,91,https://i.ytimg.com/vi/FCRb4kjnRx4/mqdefault.jpg,https://www.youtube.com/watch?v=FCRb4kjnRx4,Chhathi Maiya - The VVAAN | Sidharth Malhotra & Tamannaah | Vishal Mishra | Kaushal K | Chinni P,Kaushal Kishore / Kalpana,,,Chhathi Maiya - The VVAAN | Sidharth Malhotra & Tamannaah | Vishal Mishra | Kaushal K | Chinni P Kaushal Kishore & Kalpana
2026-09-21,in,India,top_videos_daily,,92,https://i.ytimg.com/vi/JkYJmXYreeA/mqdefault.jpg,https://www.youtube.com/watch?v=JkYJmXYreeA,Viah : Jass Manak (Official Song) Romantic Songs | GK.DIGITAL | Geet MP3,Jass Manak,,,Viah : Jass Manak (Official Song) Romantic Songs | GK.DIGITAL | Geet MP3 Jass Manak
2026-09-21,in,India,top_videos_daily,,93,https://i.ytimg.com/vi/N0KfiOTSpxs/mqdefault.jpg,https://www.youtube.com/watch?v=N0KfiOTSpxs,"Kalyana Virundhu (From ""Dorothy"")",安東尼·達桑 / 普里亞·傑森 / Ilaiyaraaja / Yugendran Vasudevan,,,"Kalyana Virundhu (From ""Dorothy"") 安東尼·達桑 , 普里亞·傑森 , Ilaiyaraaja & Yugendran Vasudevan"
2026-09-21,in,India,top_videos_daily,,94,https://i.ytimg.com/vi/9iGjes4n1iA/mqdefault.jpg,https://www.youtube.com/watch?v=9iGjes4n1iA,Asalayavale,Mohammad Maqbool Mansoor / 席德·斯里拉姆,,,Asalayavale Mohammad Maqbool Mansoor & 席德·斯里拉姆
2026-09-21,in,India,top_videos_daily,,95,https://i.ytimg.com/vi/FGTv9-oQhIg/mqdefault.jpg,https://www.youtube.com/watch?v=FGTv9-oQhIg,Thodi Der,舒蕾亞·戈沙爾 / Kumaar / 法爾汗・賽義德,,,"Thodi Der 舒蕾亞·戈沙爾 , Kumaar & 法爾汗・賽義德"
2026-09-21,in,India,top_videos_daily,,96,https://i.ytimg.com/vi/BukHiHrbFpA/mqdefault.jpg,https://www.youtube.com/watch?v=BukHiHrbFpA,Mujhse Shaadi Karogi,蘇努・尼甘 / Udit Narayan / 桑妮蒂·喬寒,,,"Mujhse Shaadi Karogi 蘇努・尼甘 , Udit Narayan & 桑妮蒂·喬寒"
2026-09-21,in,India,top_videos_daily,,97,https://i.ytimg.com/vi/xwNzanOsEcM/mqdefault.jpg,https://www.youtube.com/watch?v=xwNzanOsEcM,Irumudi Kattu,Ananthu / Shiva Nirvana / G.V. Prakash Kumar / Kalyan Chakravarthy Tripuraneni,,,"Irumudi Kattu Ananthu , Shiva Nirvana , G.V. Prakash Kumar & Kalyan Chakravarthy Tripuraneni"
2026-09-21,in,India,top_videos_daily,,98,https://i.ytimg.com/vi/NWK7dWsBlKo/mqdefault.jpg,https://www.youtube.com/watch?v=NWK7dWsBlKo,Shamiyana,Shilpi Raj / Pawan Singh / Priyanshu Singh,,,"Shamiyana Shilpi Raj , Pawan Singh & Priyanshu Singh"
2026-09-21,in,India,top_videos_daily,,99,https://i.ytimg.com/vi/__bHEfJ29j0/mqdefault.jpg,https://www.youtube.com/watch?v=__bHEfJ29j0,Andaaz e Karam,Moin / Madhur Sharma / ER,,,"Andaaz e Karam Moin , Madhur Sharma & ER"
2026-09-21,in,India,top_videos_daily,,100,https://i.ytimg.com/vi/QYRmWRwQGYo/mqdefault.jpg,https://www.youtube.com/watch?v=QYRmWRwQGYo,"Maiyya Yashoda ❤️ | Hum Saath Saath Hain (1999) | Anuradha Paudwal, Alka Yagnik | Evergreen Song",Bollywood Classics,,1999,"Maiyya Yashoda ❤️ | Hum Saath Saath Hain (1999) | Anuradha Paudwal, Alka Yagnik | Evergreen Song Bollywood Classics"
2026-09-21,sg,Singapore,top_videos_daily,,1,https://i.ytimg.com/vi/Lufa9QAFFeY/mqdefault.jpg,https://www.youtube.com/watch?v=Lufa9QAFFeY,new trick,ROSÉ,"9月 17, 2026",45389,"1 ● new trick ROSÉ 9月 17, 2026 1 2 45,389"
2026-09-21,sg,Singapore,top_videos_daily,,2,https://i.ytimg.com/vi/FyS5dAywkEo/mqdefault.jpg,https://www.youtube.com/watch?v=FyS5dAywkEo,SaWaDiKa (Official Music Video),LISA,,,SaWaDiKa (Official Music Video) LISA
2026-09-21,sg,Singapore,top_videos_daily,,3,https://i.ytimg.com/vi/fcnDmrtj6Sk/mqdefault.jpg,https://www.youtube.com/watch?v=fcnDmrtj6Sk,Dai Dai,Shakira / Burna Boy,,,Dai Dai Shakira & Burna Boy
2026-09-21,sg,Singapore,top_videos_daily,,4,https://i.ytimg.com/vi/x6_mbnsh6VU/mqdefault.jpg,https://www.youtube.com/watch?v=x6_mbnsh6VU,STORM I & II,Gener8ion / Yung Lean,,,STORM I & II Gener8ion & Yung Lean
2026-09-21,sg,Singapore,top_videos_daily,,5,https://i.ytimg.com/vi/3DcoC8p9az8/mqdefault.jpg,https://www.youtube.com/watch?v=3DcoC8p9az8,Training Season (Live),Dua Lipa,,,Training Season (Live) Dua Lipa
2026-09-21,sg,Singapore,top_videos_daily,,6,https://i.ytimg.com/vi/J77i-E_0JWg/mqdefault.jpg,https://www.youtube.com/watch?v=J77i-E_0JWg,SaWaDiKa (Dance Performance Video),LISA,,,SaWaDiKa (Dance Performance Video) LISA
2026-09-21,sg,Singapore,top_videos_daily,,7,https://i.ytimg.com/vi/376utoTabMI/mqdefault.jpg,https://www.youtube.com/watch?v=376utoTabMI,看著我的眼睛說,張遠 / 姚曉棠,,,看着我的眼睛说 张远 & 姚晓棠
2026-09-21,sg,Singapore,top_videos_daily,,8,https://i.ytimg.com/vi/yebNIHKAC4A/mqdefault.jpg,https://www.youtube.com/watch?v=yebNIHKAC4A,Golden,HUNTR/X / EJAE / AUDREY NUNA / REI AMI / KPop Demon Hunters Cast,,,"Golden HUNTR/X , EJAE , AUDREY NUNA , REI AMI & KPop Demon Hunters Cast"
2026-09-21,sg,Singapore,top_videos_daily,,9,https://i.ytimg.com/vi/jR3rWCBeO6M/mqdefault.jpg,https://www.youtube.com/watch?v=jR3rWCBeO6M,"Radhimaa [From ""Think Indie""]",Asma Teji / Sai Abhyankkar / Vivek / Nargis Teji,,,"Radhimaa [From ""Think Indie""] Asma Teji , Sai Abhyankkar , Vivek & Nargis Teji"
2026-09-21,sg,Singapore,top_videos_daily,,10,https://i.ytimg.com/vi/xvT1jH8B9AM/mqdefault.jpg,https://www.youtube.com/watch?v=xvT1jH8B9AM,KALYANI (Remix),ARJN / KDS / FIFTY4 / 舒蕾亞·戈沙爾,,,"KALYANI (Remix) ARJN , KDS , FIFTY4 & 舒蕾亞·戈沙爾"
2026-09-21,sg,Singapore,top_videos_daily,,11,https://i.ytimg.com/vi/Q3bFaJVLlb0/mqdefault.jpg,https://www.youtube.com/watch?v=Q3bFaJVLlb0,ဤသို့ပြုရ,Theinkpan Htun,,,ဤသို့ပြုရ Theinkpan Htun
2026-09-21,sg,Singapore,top_videos_daily,,12,https://i.ytimg.com/vi/ZdgVpnHq70o/mqdefault.jpg,https://www.youtube.com/watch?v=ZdgVpnHq70o,LE SSERAFIM (르세라핌) 'Made My Night' OFFICIAL PERFORMANCE FILM @ THE LOBBY,LE SSERAFIM,,,LE SSERAFIM (르세라핌) 'Made My Night' OFFICIAL PERFORMANCE FILM @ THE LOBBY LE SSERAFIM
2026-09-21,sg,Singapore,top_videos_daily,,13,https://i.ytimg.com/vi/N0KfiOTSpxs/mqdefault.jpg,https://www.youtube.com/watch?v=N0KfiOTSpxs,"Kalyana Virundhu (From ""Dorothy"")",安東尼·達桑 / 普里亞·傑森 / Ilaiyaraaja / Yugendran Vasudevan,,,"Kalyana Virundhu (From ""Dorothy"") 安東尼·達桑 , 普里亞·傑森 , Ilaiyaraaja & Yugendran Vasudevan"
2026-09-21,sg,Singapore,top_videos_daily,,14,https://i.ytimg.com/vi/RdUV9Ms5GM4/mqdefault.jpg,https://www.youtube.com/watch?v=RdUV9Ms5GM4,IU 'Dear my crazy soulmate' MV,IU,,,IU 'Dear my crazy soulmate' MV IU
2026-09-21,sg,Singapore,top_videos_daily,,15,https://i.ytimg.com/vi/b68HETiNO98/mqdefault.jpg,https://www.youtube.com/watch?v=b68HETiNO98,Pavazha Malli,Sai Abhyankkar / Shruti Haasan,,,Pavazha Malli Sai Abhyankkar & Shruti Haasan
2026-09-21,sg,Singapore,top_videos_daily,,16,https://i.ytimg.com/vi/sf02ugzPFE4/mqdefault.jpg,https://www.youtube.com/watch?v=sf02ugzPFE4,CLICK,JISOO,"9月 3, 2026",<10K,"16 1 CLICK JISOO 9月 3, 2026 15 11 <10K"
2026-09-21,sg,Singapore,top_videos_daily,,17,https://i.ytimg.com/vi/Snvkb-GOuBw/mqdefault.jpg,https://www.youtube.com/watch?v=Snvkb-GOuBw,Abyssal Hymn,Ninomae Ina'nis,,,Abyssal Hymn Ninomae Ina'nis
2026-09-21,sg,Singapore,top_videos_daily,,18,https://i.ytimg.com/vi/-q_S27LbNKU/mqdefault.jpg,https://www.youtube.com/watch?v=-q_S27LbNKU,BAD,ATEEZ,"6月 25, 2026",<10K,"18 2 BAD ATEEZ 6月 25, 2026 16 86 <10K"
2026-09-21,sg,Singapore,top_videos_daily,,19,https://i.ytimg.com/vi/7VsejGzcJmM/mqdefault.jpg,https://www.youtube.com/watch?v=7VsejGzcJmM,Alaakaa Loova,Sai Abhyankkar,,,Alaakaa Loova Sai Abhyankkar
2026-09-21,sg,Singapore,top_videos_daily,,20,https://i.ytimg.com/vi/m7k9UMcHbr0/mqdefault.jpg,https://www.youtube.com/watch?v=m7k9UMcHbr0,"KATSEYE (캣츠아이) ""Animal"" Official MV",KATSEYE,,,"KATSEYE (캣츠아이) ""Animal"" Official MV KATSEYE"
2026-09-21,sg,Singapore,top_videos_daily,,21,https://i.ytimg.com/vi/7H1ObJvb7Hc/mqdefault.jpg,https://www.youtube.com/watch?v=7H1ObJvb7Hc,【純享版】張碧晨侯明昊老友重逢卻唱盡痛心！演繹李佳薇新歌《甲乙丙丁》 深情對唱層層遞進 將遺憾與不捨唱到極致 #天賜的聲音7 EP11 20260821,天賜的聲音,,20260821,【纯享版】张碧晨侯明昊老友重逢却唱尽痛心！演绎李佳薇新歌《甲乙丙丁》 深情对唱层层递进 将遗憾与不舍唱到极致 #天赐的声音7 EP11 20260821 天赐的声音
2026-09-21,sg,Singapore,top_videos_daily,,22,https://i.ytimg.com/vi/Aze7zTyIRtk/mqdefault.jpg,https://www.youtube.com/watch?v=Aze7zTyIRtk,Aura 10/10,Hiphop Tamizha,,,Aura 10/10 Hiphop Tamizha
2026-09-21,sg,Singapore,top_videos_daily,,23,https://i.ytimg.com/vi/ko70cExuzZM/mqdefault.jpg,https://www.youtube.com/watch?v=ko70cExuzZM,The Fate of Ophelia,Taylor Swift,,,The Fate of Ophelia Taylor Swift
2026-09-21,sg,Singapore,top_videos_daily,,24,https://i.ytimg.com/vi/is8UDe2PhKQ/mqdefault.jpg,https://www.youtube.com/watch?v=is8UDe2PhKQ,KATSEYE (캣츠아이) 'Hootie Frutti' Official MV,KATSEYE,,,KATSEYE (캣츠아이) 'Hootie Frutti' Official MV KATSEYE
2026-09-21,sg,Singapore,top_videos_daily,,25,https://i.ytimg.com/vi/JqFzhcWo3EU/mqdefault.jpg,https://www.youtube.com/watch?v=JqFzhcWo3EU,"Yeshanagula (From ""The Paradise"") (Telugu)",Jangi Reddy / Singer Prabha / 希厄姆·卡莎拉 / Anirudh Ravichander,,,"Yeshanagula (From ""The Paradise"") (Telugu) Jangi Reddy , Singer Prabha , 希厄姆·卡莎拉 & Anirudh Ravichander"
2026-09-21,sg,Singapore,top_videos_daily,,26,https://i.ytimg.com/vi/YacpC7sUXMM/mqdefault.jpg,https://www.youtube.com/watch?v=YacpC7sUXMM,甲乙丙丁Strangers (伴奏),李佳薇,,,甲乙丙丁Strangers (伴奏) 李佳薇
2026-09-21,sg,Singapore,top_videos_daily,,27,https://i.ytimg.com/vi/C1LN4cWjMl0/mqdefault.jpg,https://www.youtube.com/watch?v=C1LN4cWjMl0,Pattampoochi,Sublahshini / G.V. Prakash Kumar,,,Pattampoochi Sublahshini & G.V. Prakash Kumar
2026-09-21,sg,Singapore,top_videos_daily,,28,https://i.ytimg.com/vi/Qe8fa4b5xNU/mqdefault.jpg,https://www.youtube.com/watch?v=Qe8fa4b5xNU,Good Goodbye,HWASA,,,Good Goodbye HWASA
2026-09-21,sg,Singapore,top_videos_daily,,29,https://i.ytimg.com/vi/3sB4Iv_tM7U/mqdefault.jpg,https://www.youtube.com/watch?v=3sB4Iv_tM7U,Nicole Kidman,ADÉLA,,,Nicole Kidman ADÉLA
2026-09-21,sg,Singapore,top_videos_daily,,30,https://i.ytimg.com/vi/s4UW__ysPEM/mqdefault.jpg,https://www.youtube.com/watch?v=s4UW__ysPEM,You,Fujii Kaze,"9月 17, 2026",<10K,"30 17 You Fujii Kaze 9月 17, 2026 13 3 <10K"
2026-09-21,sg,Singapore,top_videos_daily,,31,https://i.ytimg.com/vi/bMhDJ0S0OBA/mqdefault.jpg,https://www.youtube.com/watch?v=bMhDJ0S0OBA,It's Me,ILLIT,"4月 30, 2026",142,"31 10 It's Me ILLIT 4月 30, 2026 41 142 <10K"
2026-09-21,sg,Singapore,top_videos_daily,,32,https://i.ytimg.com/vi/49x5rfxmv4E/mqdefault.jpg,https://www.youtube.com/watch?v=49x5rfxmv4E,Karuppa Kooda Va,Sai Abhyankkar / V·M·馬哈林加姆,,,Karuppa Kooda Va Sai Abhyankkar & V·M·馬哈林加姆
2026-09-21,sg,Singapore,top_videos_daily,,33,https://i.ytimg.com/vi/_G3Nu8q9Z9s/mqdefault.jpg,https://www.youtube.com/watch?v=_G3Nu8q9Z9s,嘉賓,張遠,"6月 12, 2026",<10K,"33 8 嘉宾 张远 6月 12, 2026 25 74 <10K"
2026-09-21,sg,Singapore,top_videos_daily,,34,https://i.ytimg.com/vi/82-jTNka3uc/mqdefault.jpg,https://www.youtube.com/watch?v=82-jTNka3uc,hate that i made you love me,Ariana Grande,,,hate that i made you love me Ariana Grande
2026-09-21,sg,Singapore,top_videos_daily,,35,https://i.ytimg.com/vi/ZMLA565FuEY/mqdefault.jpg,https://www.youtube.com/watch?v=ZMLA565FuEY,Poda Padichiruken - Music Video | Meesaya Murukku 2 | Hiphop Tamizha,Saregama Tamil,,,Poda Padichiruken - Music Video | Meesaya Murukku 2 | Hiphop Tamizha Saregama Tamil
2026-09-21,sg,Singapore,top_videos_daily,,36,https://i.ytimg.com/vi/nocqSj3bnmQ/mqdefault.jpg,https://www.youtube.com/watch?v=nocqSj3bnmQ,REDRED,CORTIS,"9月 18, 2026",<10K,"36 New REDRED CORTIS 9月 18, 2026 - 1 <10K"
2026-09-21,sg,Singapore,top_videos_daily,,37,https://i.ytimg.com/vi/lhCPiauHI-g/mqdefault.jpg,https://www.youtube.com/watch?v=lhCPiauHI-g,Lord Verity - Master of Humanity (song),Horror Skunx,,,Lord Verity - Master of Humanity (song) Horror Skunx
2026-09-21,sg,Singapore,top_videos_daily,,38,https://i.ytimg.com/vi/z5y8Clp_TdE/mqdefault.jpg,https://www.youtube.com/watch?v=z5y8Clp_TdE,KALYANI (Remix),舒蕾亞·戈沙爾 / ARJN / FIFTY4 / KDS,,,"KALYANI (Remix) 舒蕾亞·戈沙爾 , ARJN , FIFTY4 & KDS"
2026-09-21,sg,Singapore,top_videos_daily,,39,https://i.ytimg.com/vi/3rB3n_XR23o/mqdefault.jpg,https://www.youtube.com/watch?v=3rB3n_XR23o,我不該動情,老闆,"7月 1, 2026",<10K,"39 11 我不該動情 老板 7月 1, 2026 28 61 <10K"
2026-09-21,sg,Singapore,top_videos_daily,,40,https://i.ytimg.com/vi/zlAjS20q9pE/mqdefault.jpg,https://www.youtube.com/watch?v=zlAjS20q9pE,空心 (Live),黃霄雲 / 劉端端,,,空心 (Live) 黃霄雲 & 刘端端
2026-09-21,sg,Singapore,top_videos_daily,,41,https://i.ytimg.com/vi/0ijm2Xui5N8/mqdefault.jpg,https://www.youtube.com/watch?v=0ijm2Xui5N8,Ain't In LA,ADÉLA,,,Ain't In LA ADÉLA
2026-09-21,sg,Singapore,top_videos_daily,,42,https://i.ytimg.com/vi/15dxI9BPxa4/mqdefault.jpg,https://www.youtube.com/watch?v=15dxI9BPxa4,最後一頁 (Live),王赫野 / 姚曉棠,,,最后一页 (Live) 王赫野 & 姚晓棠
2026-09-21,sg,Singapore,top_videos_daily,,43,https://i.ytimg.com/vi/eB-IK2wPWzw/mqdefault.jpg,https://www.youtube.com/watch?v=eB-IK2wPWzw,BAD,ATEEZ,"8月 1, 2026",<10K,"43 3 BAD ATEEZ 8月 1, 2026 46 42 <10K"
2026-09-21,sg,Singapore,top_videos_daily,,44,https://i.ytimg.com/vi/rs0gQ-3hbPQ/mqdefault.jpg,https://www.youtube.com/watch?v=rs0gQ-3hbPQ,"Muthumani (From ""Dorothy"")",Shweta Mohan / Ilaiyaraaja,,,"Muthumani (From ""Dorothy"") Shweta Mohan & Ilaiyaraaja"
2026-09-21,sg,Singapore,top_videos_daily,,45,https://i.ytimg.com/vi/elNce4ixLmE/mqdefault.jpg,https://www.youtube.com/watch?v=elNce4ixLmE,Hootie Frutti,KATSEYE,,,Hootie Frutti KATSEYE
2026-09-21,sg,Singapore,top_videos_daily,,46,https://i.ytimg.com/vi/YA1IK2HzmGw/mqdefault.jpg,https://www.youtube.com/watch?v=YA1IK2HzmGw,BIGBANG - ‘BiiiG’ LIVE PERFORMANCE | BIGBANG 2026-2027 WORLD TOUR [ XX : COSMOS ] IN GOYANG,BIGBANG,,2027,BIGBANG - ‘BiiiG’ LIVE PERFORMANCE | BIGBANG 2026-2027 WORLD TOUR [ XX : COSMOS ] IN GOYANG BIGBANG
2026-09-21,sg,Singapore,top_videos_daily,,47,https://i.ytimg.com/vi/x3eqqoZPV_E/mqdefault.jpg,https://www.youtube.com/watch?v=x3eqqoZPV_E,춤 (CHOOM),BABYMONSTER,,,춤 (CHOOM) BABYMONSTER
2026-09-21,sg,Singapore,top_videos_daily,,48,https://i.ytimg.com/vi/XAomU4u1BxE/mqdefault.jpg,https://www.youtube.com/watch?v=XAomU4u1BxE,BAD,ATEEZ,"9月 15, 2026",<10K,"48 3 BAD ATEEZ 9月 15, 2026 51 5 <10K"
2026-09-21,sg,Singapore,top_videos_daily,,49,https://i.ytimg.com/vi/27C4pfRsf9g/mqdefault.jpg,https://www.youtube.com/watch?v=27C4pfRsf9g,ICONIC BY MISTAKE,LE SSERAFIM / ILLIT / KATSEYE,,,"ICONIC BY MISTAKE LE SSERAFIM , ILLIT & KATSEYE"
2026-09-21,sg,Singapore,top_videos_daily,,50,https://i.ytimg.com/vi/RO75uUZiAw0/mqdefault.jpg,https://www.youtube.com/watch?v=RO75uUZiAw0,Teh Hijau,圖魯斯,"6月 29, 2026",<10K,"50 15 Teh Hijau 圖魯斯 6月 29, 2026 35 77 <10K"
2026-09-21,sg,Singapore,top_videos_daily,,51,https://i.ytimg.com/vi/X1twu3ztkPU/mqdefault.jpg,https://www.youtube.com/watch?v=X1twu3ztkPU,Bum Baa Diga Diga - Music Video | DC | Lokesh | Sun Pictures | Anirudh | Arun Matheswaran,Heisenberg / Ritesh G Rao / Anirudh Ravichander / Asura,,,"Bum Baa Diga Diga - Music Video | DC | Lokesh | Sun Pictures | Anirudh | Arun Matheswaran Heisenberg , Ritesh G Rao , Anirudh Ravichander & Asura"
2026-09-21,sg,Singapore,top_videos_daily,,52,https://i.ytimg.com/vi/oAwzFFEYm38/mqdefault.jpg,https://www.youtube.com/watch?v=oAwzFFEYm38,Skibidi,Girls' Generation-HRS,,,Skibidi Girls' Generation-HRS
2026-09-21,sg,Singapore,top_videos_daily,,53,https://i.ytimg.com/vi/_Vp-jCG7gno/mqdefault.jpg,https://www.youtube.com/watch?v=_Vp-jCG7gno,God Mode,Sai Abhyankkar / Gana Muthu / Vishnu Edavan,,,"God Mode Sai Abhyankkar , Gana Muthu & Vishnu Edavan"
2026-09-21,sg,Singapore,top_videos_daily,,54,https://i.ytimg.com/vi/ooJP6-l_QOs/mqdefault.jpg,https://www.youtube.com/watch?v=ooJP6-l_QOs,BAILEY ‘B-CAMP’ | ALLDAY PROJECT,ALLDAY PROJECT,,,BAILEY ‘B-CAMP’ | ALLDAY PROJECT ALLDAY PROJECT
2026-09-21,sg,Singapore,top_videos_daily,,55,https://i.ytimg.com/vi/4l23KmKhtCQ/mqdefault.jpg,https://www.youtube.com/watch?v=4l23KmKhtCQ,"Porter Robinson - Perfect Pinterest Garden (Ninajirachi, underscores Remix ) [Official Visualizer]",波特·羅賓森,,,"Porter Robinson - Perfect Pinterest Garden (Ninajirachi, underscores Remix ) [Official Visualizer] 波特·羅賓森"
2026-09-21,sg,Singapore,top_videos_daily,,56,https://i.ytimg.com/vi/7mDDM0eBWR0/mqdefault.jpg,https://www.youtube.com/watch?v=7mDDM0eBWR0,소연 (SOYEON) '퇴사할게여 (Narr. 기안84)' Official Music Video,i-dle (아이들),,,소연 (SOYEON) '퇴사할게여 (Narr. 기안84)' Official Music Video i-dle (아이들)
2026-09-21,sg,Singapore,top_videos_daily,,57,https://i.ytimg.com/vi/MT-4Bk1Lw8g/mqdefault.jpg,https://www.youtube.com/watch?v=MT-4Bk1Lw8g,Bloody Paradise,ENHYPEN,,,Bloody Paradise ENHYPEN
2026-09-21,sg,Singapore,top_videos_daily,,58,https://i.ytimg.com/vi/Yvl4QSAyWR4/mqdefault.jpg,https://www.youtube.com/watch?v=Yvl4QSAyWR4,Party (Official Music Video),Troye Sivan,,,Party (Official Music Video) Troye Sivan
2026-09-21,sg,Singapore,top_videos_daily,,59,https://i.ytimg.com/vi/6Db-cEgbmC4/mqdefault.jpg,https://www.youtube.com/watch?v=6Db-cEgbmC4,Mi Chico,Jason Derulo,,,Mi Chico Jason Derulo
2026-09-21,sg,Singapore,top_videos_daily,,60,https://i.ytimg.com/vi/83C3TZ4Zm_o/mqdefault.jpg,https://www.youtube.com/watch?v=83C3TZ4Zm_o,LEMONADE,aespa,"5月 28, 2026",114,"60 4 LEMONADE aespa 5月 28, 2026 56 114 <10K"
2026-09-21,sg,Singapore,top_videos_daily,,61,https://i.ytimg.com/vi/naoGk-Zjc1s/mqdefault.jpg,https://www.youtube.com/watch?v=naoGk-Zjc1s,SUGAR HONEY ICE TEA,BABYMONSTER,,,SUGAR HONEY ICE TEA BABYMONSTER
2026-09-21,sg,Singapore,top_videos_daily,,62,https://i.ytimg.com/vi/K-7olbaOelg/mqdefault.jpg,https://www.youtube.com/watch?v=K-7olbaOelg,MMG (My Mine Gueh),Naykilla,,,MMG (My Mine Gueh) Naykilla
2026-09-21,sg,Singapore,top_videos_daily,,63,https://i.ytimg.com/vi/undhkaMMenU/mqdefault.jpg,https://www.youtube.com/watch?v=undhkaMMenU,Sambavakaari,Saindhavi / 肖恩·羅爾丹 / Mohan Rajan,,,"Sambavakaari Saindhavi , 肖恩·羅爾丹 & Mohan Rajan"
2026-09-21,sg,Singapore,top_videos_daily,,64,https://i.ytimg.com/vi/L8ZnXgbyUuc/mqdefault.jpg,https://www.youtube.com/watch?v=L8ZnXgbyUuc,BIGBANG - ‘BiiiG’ M/V,BIGBANG,,,BIGBANG - ‘BiiiG’ M/V BIGBANG
2026-09-21,sg,Singapore,top_videos_daily,,65,https://i.ytimg.com/vi/6JaeasJw-QI/mqdefault.jpg,https://www.youtube.com/watch?v=6JaeasJw-QI,Thalapathy Kacheri,Jayanth Maadhur / Anirudh Ravichander / Arun Kaundinya / Nazeeruddin / Srinivasa Mouli,,,"Thalapathy Kacheri Jayanth Maadhur , Anirudh Ravichander , Arun Kaundinya , Nazeeruddin & Srinivasa Mouli"
2026-09-21,sg,Singapore,top_videos_daily,,66,https://i.ytimg.com/vi/tWez_36Zs6I/mqdefault.jpg,https://www.youtube.com/watch?v=tWez_36Zs6I,レプリカント - Replicant,YORUSHIKA,,,レプリカント - Replicant YORUSHIKA
2026-09-21,sg,Singapore,top_videos_daily,,67,https://i.ytimg.com/vi/fLexgOxsZu0/mqdefault.jpg,https://www.youtube.com/watch?v=fLexgOxsZu0,The Lazy Song,Bruno Mars,,,The Lazy Song Bruno Mars
2026-09-21,sg,Singapore,top_videos_daily,,68,https://i.ytimg.com/vi/qwaVhOZkAek/mqdefault.jpg,https://www.youtube.com/watch?v=qwaVhOZkAek,Let’s Get Married,Miley Cyrus,,,Let’s Get Married Miley Cyrus
2026-09-21,sg,Singapore,top_videos_daily,,69,https://i.ytimg.com/vi/gK60WnmnyoA/mqdefault.jpg,https://www.youtube.com/watch?v=gK60WnmnyoA,The Kid LAROI - GET EVEN feat. GIVĒON (Official Video),The Kid LAROI,,,The Kid LAROI - GET EVEN feat. GIVĒON (Official Video) The Kid LAROI
2026-09-21,sg,Singapore,top_videos_daily,,70,https://i.ytimg.com/vi/yWNPxS0sXnE/mqdefault.jpg,https://www.youtube.com/watch?v=yWNPxS0sXnE,Jai Jai Ram,Shreya Ghoshal / Arijit Singh,,,Jai Jai Ram Shreya Ghoshal & Arijit Singh
2026-09-21,sg,Singapore,top_videos_daily,,71,https://i.ytimg.com/vi/kBOIdvscaYo/mqdefault.jpg,https://www.youtube.com/watch?v=kBOIdvscaYo,"[DK TIME] 도겸 - 다시, 사랑이야 (It's Love) COVER (원곡 : 도경수(D.O.))",Seventeen,,,"[DK TIME] 도겸 - 다시, 사랑이야 (It's Love) COVER (원곡 : 도경수(D.O.)) Seventeen"
2026-09-21,sg,Singapore,top_videos_daily,,72,https://i.ytimg.com/vi/nP1xjFX86Po/mqdefault.jpg,https://www.youtube.com/watch?v=nP1xjFX86Po,IU '이 별로부터(Unknown Planet)' MV,IU,,,IU '이 별로부터(Unknown Planet)' MV IU
2026-09-21,sg,Singapore,top_videos_daily,,73,https://i.ytimg.com/vi/s466YCiHfKw/mqdefault.jpg,https://www.youtube.com/watch?v=s466YCiHfKw,FALLEN ANGEL (Official Video),JENNIE,,,FALLEN ANGEL (Official Video) JENNIE
2026-09-21,sg,Singapore,top_videos_daily,,74,https://i.ytimg.com/vi/QxWoYkrgpJE/mqdefault.jpg,https://www.youtube.com/watch?v=QxWoYkrgpJE,Nallaru po,Tippu / Sai Abhyankkar,,,Nallaru po Tippu & Sai Abhyankkar
2026-09-21,sg,Singapore,top_videos_daily,,75,https://i.ytimg.com/vi/Cn11aFfutnQ/mqdefault.jpg,https://www.youtube.com/watch?v=Cn11aFfutnQ,ICONIC BY MISTAKE,ILLIT / LE SSERAFIM / KATSEYE,,,"ICONIC BY MISTAKE ILLIT , LE SSERAFIM & KATSEYE"
2026-09-21,sg,Singapore,top_videos_daily,,76,https://i.ytimg.com/vi/46h0LvDHgIs/mqdefault.jpg,https://www.youtube.com/watch?v=46h0LvDHgIs,SUN KISS,TUIDE (튜이드),,,SUN KISS TUIDE (튜이드)
2026-09-21,sg,Singapore,top_videos_daily,,77,https://i.ytimg.com/vi/FhhA5purigQ/mqdefault.jpg,https://www.youtube.com/watch?v=FhhA5purigQ,Magale - Music Video | Baththa | Vijay Sethupathi | @SaiAbhyankkar | Balaji Tharaneetharan,Think Music India,,,Magale - Music Video | Baththa | Vijay Sethupathi | @SaiAbhyankkar | Balaji Tharaneetharan Think Music India
2026-09-21,sg,Singapore,top_videos_daily,,78,https://i.ytimg.com/vi/9cS2wv6AfHk/mqdefault.jpg,https://www.youtube.com/watch?v=9cS2wv6AfHk,I LIKE IT,BABYMONSTER,,,I LIKE IT BABYMONSTER
2026-09-21,sg,Singapore,top_videos_daily,,79,https://i.ytimg.com/vi/XAl6rZepmDg/mqdefault.jpg,https://www.youtube.com/watch?v=XAl6rZepmDg,no na - star (Official Music Video),no na,,,no na - star (Official Music Video) no na
2026-09-21,sg,Singapore,top_videos_daily,,80,https://i.ytimg.com/vi/4r9r6Fhm9I0/mqdefault.jpg,https://www.youtube.com/watch?v=4r9r6Fhm9I0,Pesamale - Official Lyric Video | Siri Xander | Arra Aria Khayal |Tamil Indie Pop |Sony Music Indie,Siri Xander / Arra Aria Khayal,,,Pesamale - Official Lyric Video | Siri Xander | Arra Aria Khayal |Tamil Indie Pop |Sony Music Indie Siri Xander & Arra Aria Khayal
2026-09-21,sg,Singapore,top_videos_daily,,81,https://i.ytimg.com/vi/BZ4UzthYTss/mqdefault.jpg,https://www.youtube.com/watch?v=BZ4UzthYTss,This & That,Stray Kids,,,This & That Stray Kids
2026-09-21,sg,Singapore,top_videos_daily,,82,https://i.ytimg.com/vi/b4iVv91Z6lY/mqdefault.jpg,https://www.youtube.com/watch?v=b4iVv91Z6lY,SWIM,BTS,"3月 19, 2026",101,"82 4 SWIM BTS 3月 19, 2026 86 101 <10K"
2026-09-21,sg,Singapore,top_videos_daily,,83,https://i.ytimg.com/vi/yCWTHQ3_O-I/mqdefault.jpg,https://www.youtube.com/watch?v=yCWTHQ3_O-I,西西里,周杰倫,"9月 10, 2026",<10K,"83 25 西西里 周杰倫 9月 10, 2026 58 6 <10K"
2026-09-21,sg,Singapore,top_videos_daily,,84,https://i.ytimg.com/vi/GnSaLQTrvt0/mqdefault.jpg,https://www.youtube.com/watch?v=GnSaLQTrvt0,Good Goodbye,HWASA,,,Good Goodbye HWASA
2026-09-21,sg,Singapore,top_videos_daily,,85,https://i.ytimg.com/vi/mhttBMJO2Tg/mqdefault.jpg,https://www.youtube.com/watch?v=mhttBMJO2Tg,My Body Isn't Ready,sombr,,,My Body Isn't Ready sombr
2026-09-21,sg,Singapore,top_videos_daily,,86,https://i.ytimg.com/vi/j5BSH0Op5H8/mqdefault.jpg,https://www.youtube.com/watch?v=j5BSH0Op5H8,Giants,NDPeeps / Weish / Iman Fandi,,,"Giants NDPeeps , Weish & Iman Fandi"
2026-09-21,sg,Singapore,top_videos_daily,,87,https://i.ytimg.com/vi/Tk9TM7-eTmw/mqdefault.jpg,https://www.youtube.com/watch?v=Tk9TM7-eTmw,Joseph,Serj Tankian / Corey Taylor / 陷入逆境,,,"Joseph Serj Tankian , Corey Taylor & 陷入逆境"
2026-09-21,sg,Singapore,top_videos_daily,,88,https://i.ytimg.com/vi/QK8mJJJvaes/mqdefault.jpg,https://www.youtube.com/watch?v=QK8mJJJvaes,Thrift Shop,麥可莫 & 萊恩路易斯,,,Thrift Shop 麥可莫 & 萊恩路易斯
2026-09-21,sg,Singapore,top_videos_daily,,89,https://i.ytimg.com/vi/v1t4MTqdfyI/mqdefault.jpg,https://www.youtube.com/watch?v=v1t4MTqdfyI,hate that i made you love me,Ariana Grande,,,hate that i made you love me Ariana Grande
2026-09-21,sg,Singapore,top_videos_daily,,90,https://i.ytimg.com/vi/Bm9lLpmPM0A/mqdefault.jpg,https://www.youtube.com/watch?v=Bm9lLpmPM0A,Pattampoochi,Sublahshini / G.V. Prakash Kumar,,,Pattampoochi Sublahshini & G.V. Prakash Kumar
2026-09-21,sg,Singapore,top_videos_daily,,91,https://i.ytimg.com/vi/8F2s8ivKXNY/mqdefault.jpg,https://www.youtube.com/watch?v=8F2s8ivKXNY,Life Goes On,Oliver Tree,,,Life Goes On Oliver Tree
2026-09-21,sg,Singapore,top_videos_daily,,92,https://i.ytimg.com/vi/BpY-IfGQL4s/mqdefault.jpg,https://www.youtube.com/watch?v=BpY-IfGQL4s,முதல் கனவே,"Bombay Jayashri, Harish Raghavendra, O.s. Arun",,,"முதல் கனவே Bombay Jayashri, Harish Raghavendra, O.s. Arun"
2026-09-21,sg,Singapore,top_videos_daily,,93,https://i.ytimg.com/vi/r5hbOfabvhE/mqdefault.jpg,https://www.youtube.com/watch?v=r5hbOfabvhE,stay with me?,yung kai,,,stay with me? yung kai
2026-09-21,sg,Singapore,top_videos_daily,,94,https://i.ytimg.com/vi/_IT83Y_HcAw/mqdefault.jpg,https://www.youtube.com/watch?v=_IT83Y_HcAw,Less than a Lover,JENNIE,,,Less than a Lover JENNIE
2026-09-21,sg,Singapore,top_videos_daily,,95,https://i.ytimg.com/vi/kG0z7hwY3as/mqdefault.jpg,https://www.youtube.com/watch?v=kG0z7hwY3as,Debut,KATSEYE,"7月 2, 2024",<10K,"95 95 Debut KATSEYE 7月 2, 2024 - 17 <10K"
2026-09-21,sg,Singapore,top_videos_daily,,96,https://i.ytimg.com/vi/smtttrhs_sA/mqdefault.jpg,https://www.youtube.com/watch?v=smtttrhs_sA,黃明志 Ft. Khusugtun & Mergen【不可分割 Deep House Remix】(Official Music Video),黃明志,,,黃明志 Ft. Khusugtun & Mergen【不可分割 Deep House Remix】(Official Music Video) 黃明志
2026-09-21,sg,Singapore,top_videos_daily,,97,https://i.ytimg.com/vi/s2HYl12gmOY/mqdefault.jpg,https://www.youtube.com/watch?v=s2HYl12gmOY,Parvati,Sadhu Tiwari,,,Parvati Sadhu Tiwari
2026-09-21,sg,Singapore,top_videos_daily,,98,https://i.ytimg.com/vi/fLdVq8n-KQg/mqdefault.jpg,https://www.youtube.com/watch?v=fLdVq8n-KQg,Astaga Bercanda,Akbar Chalay / Mingse,,,Astaga Bercanda Akbar Chalay & Mingse
2026-09-21,sg,Singapore,top_videos_daily,,99,https://i.ytimg.com/vi/oRdxUFDoQe0/mqdefault.jpg,https://www.youtube.com/watch?v=oRdxUFDoQe0,Beat It,Michael Jackson,,,Beat It Michael Jackson
2026-09-21,sg,Singapore,top_videos_daily,,100,https://i.ytimg.com/vi/bnIgkFPGsu0/mqdefault.jpg,https://www.youtube.com/watch?v=bnIgkFPGsu0,Bowitiya mal (බෝවිටියා මල්) - Ravi Jay Ft. Nipuni Sharada,Ravi Jay,,,Bowitiya mal (බෝවිටියා මල්) - Ravi Jay Ft. Nipuni Sharada Ravi Jay
2026-09-21,my,Malaysia,top_videos_daily,,1,https://i.ytimg.com/vi/RO75uUZiAw0/mqdefault.jpg,https://www.youtube.com/watch?v=RO75uUZiAw0,Teh Hijau,圖魯斯,"6月 29, 2026",269650,"1 1 Teh Hijau 圖魯斯 6月 29, 2026 2 76 269,650"
2026-09-21,my,Malaysia,top_videos_daily,,2,https://i.ytimg.com/vi/Lufa9QAFFeY/mqdefault.jpg,https://www.youtube.com/watch?v=Lufa9QAFFeY,new trick,ROSÉ,"9月 17, 2026",151539,"2 1 new trick ROSÉ 9月 17, 2026 1 2 151,539"
2026-09-21,my,Malaysia,top_videos_daily,,3,https://i.ytimg.com/vi/cDee7SZwtbk/mqdefault.jpg,https://www.youtube.com/watch?v=cDee7SZwtbk,Adek Saye Abe Sore,Adek Saye Abe Sore,,,Adek Saye Abe Sore Adek Saye Abe Sore
2026-09-21,my,Malaysia,top_videos_daily,,4,https://i.ytimg.com/vi/3DcoC8p9az8/mqdefault.jpg,https://www.youtube.com/watch?v=3DcoC8p9az8,Training Season (Live),Dua Lipa,,,Training Season (Live) Dua Lipa
2026-09-21,my,Malaysia,top_videos_daily,,5,https://i.ytimg.com/vi/acDzcefJoCs/mqdefault.jpg,https://www.youtube.com/watch?v=acDzcefJoCs,Dari Bawah,EzHaRHaNzE,,,Dari Bawah EzHaRHaNzE
2026-09-21,my,Malaysia,top_videos_daily,,6,https://i.ytimg.com/vi/K-7olbaOelg/mqdefault.jpg,https://www.youtube.com/watch?v=K-7olbaOelg,MMG (My Mine Gueh),Naykilla,,,MMG (My Mine Gueh) Naykilla
2026-09-21,my,Malaysia,top_videos_daily,,7,https://i.ytimg.com/vi/GTzi2Y1gX2c/mqdefault.jpg,https://www.youtube.com/watch?v=GTzi2Y1gX2c,Sayang Orang Sama,Sayang Orang Sama,,,Sayang Orang Sama Sayang Orang Sama
2026-09-21,my,Malaysia,top_videos_daily,,8,https://i.ytimg.com/vi/FyS5dAywkEo/mqdefault.jpg,https://www.youtube.com/watch?v=FyS5dAywkEo,SaWaDiKa (Official Music Video),LISA,,,SaWaDiKa (Official Music Video) LISA
2026-09-21,my,Malaysia,top_videos_daily,,9,https://i.ytimg.com/vi/7qnjiZ_jJuU/mqdefault.jpg,https://www.youtube.com/watch?v=7qnjiZ_jJuU,Dalam Diam,Mojack Hafiz / Zynakal / Zamir Harith / Bel Janni,,,"Dalam Diam Mojack Hafiz , Zynakal , Zamir Harith & Bel Janni"
2026-09-21,my,Malaysia,top_videos_daily,,10,https://i.ytimg.com/vi/yebNIHKAC4A/mqdefault.jpg,https://www.youtube.com/watch?v=yebNIHKAC4A,Golden,HUNTR/X / EJAE / AUDREY NUNA / REI AMI / KPop Demon Hunters Cast,,,"Golden HUNTR/X , EJAE , AUDREY NUNA , REI AMI & KPop Demon Hunters Cast"
2026-09-21,my,Malaysia,top_videos_daily,,11,https://i.ytimg.com/vi/kuFKiCS29Zo/mqdefault.jpg,https://www.youtube.com/watch?v=kuFKiCS29Zo,Exist - Janji Padamu,Along Exists,,,Exist - Janji Padamu Along Exists
2026-09-21,my,Malaysia,top_videos_daily,,12,https://i.ytimg.com/vi/fcnDmrtj6Sk/mqdefault.jpg,https://www.youtube.com/watch?v=fcnDmrtj6Sk,Dai Dai,Shakira / Burna Boy,,,Dai Dai Shakira & Burna Boy
2026-09-21,my,Malaysia,top_videos_daily,,13,https://i.ytimg.com/vi/fLdVq8n-KQg/mqdefault.jpg,https://www.youtube.com/watch?v=fLdVq8n-KQg,Astaga Bercanda,Akbar Chalay / Mingse,,,Astaga Bercanda Akbar Chalay & Mingse
2026-09-21,my,Malaysia,top_videos_daily,,14,https://i.ytimg.com/vi/jR3rWCBeO6M/mqdefault.jpg,https://www.youtube.com/watch?v=jR3rWCBeO6M,"Radhimaa [From ""Think Indie""]",Asma Teji / Sai Abhyankkar / Vivek / Nargis Teji,,,"Radhimaa [From ""Think Indie""] Asma Teji , Sai Abhyankkar , Vivek & Nargis Teji"
2026-09-21,my,Malaysia,top_videos_daily,,15,https://i.ytimg.com/vi/ZUJMk1U7yq8/mqdefault.jpg,https://www.youtube.com/watch?v=ZUJMk1U7yq8,The One That Got Away,Katy Perry,,,The One That Got Away Katy Perry
2026-09-21,my,Malaysia,top_videos_daily,,16,https://i.ytimg.com/vi/T48XTvKkdf8/mqdefault.jpg,https://www.youtube.com/watch?v=T48XTvKkdf8,Ku Yang Berjuang,Danial Kifli,,,Ku Yang Berjuang Danial Kifli
2026-09-21,my,Malaysia,top_videos_daily,,17,https://i.ytimg.com/vi/SeSAwqq_Kpo/mqdefault.jpg,https://www.youtube.com/watch?v=SeSAwqq_Kpo,Kita Lewati Berdua,Overnight,,,Kita Lewati Berdua Overnight
2026-09-21,my,Malaysia,top_videos_daily,,18,https://i.ytimg.com/vi/0VOhIR3bnXY/mqdefault.jpg,https://www.youtube.com/watch?v=0VOhIR3bnXY,ORANG BARU LEBE GACOR,Ecko Show / Juan Reza / CHESYLINO,,,"ORANG BARU LEBE GACOR Ecko Show , Juan Reza & CHESYLINO"
2026-09-21,my,Malaysia,top_videos_daily,,19,https://i.ytimg.com/vi/kvzCTmwnI-A/mqdefault.jpg,https://www.youtube.com/watch?v=kvzCTmwnI-A,Tiwikarma,K.O.I,"9月 18, 2024",54689,"19 1 Tiwikarma K.O.I 9月 18, 2024 18 38 54,689"
2026-09-21,my,Malaysia,top_videos_daily,,20,https://i.ytimg.com/vi/7VsejGzcJmM/mqdefault.jpg,https://www.youtube.com/watch?v=7VsejGzcJmM,Alaakaa Loova,Sai Abhyankkar,,,Alaakaa Loova Sai Abhyankkar
2026-09-21,my,Malaysia,top_videos_daily,,21,https://i.ytimg.com/vi/SEiUqNmtIy8/mqdefault.jpg,https://www.youtube.com/watch?v=SEiUqNmtIy8,MERAMPAU - ALEX WAN ( OFFICIAL MUSIC VIDEO,Twin Tone Production Sdn Bhd,,,MERAMPAU - ALEX WAN ( OFFICIAL MUSIC VIDEO ) Twin Tone Production Sdn Bhd
2026-09-21,my,Malaysia,top_videos_daily,,22,https://i.ytimg.com/vi/YJnbL_AkLF0/mqdefault.jpg,https://www.youtube.com/watch?v=YJnbL_AkLF0,Menjaga Jodoh Orang Lain (Official Lyric Video),Ara Johari,,,Menjaga Jodoh Orang Lain (Official Lyric Video) Ara Johari
2026-09-21,my,Malaysia,top_videos_daily,,23,https://i.ytimg.com/vi/-q_S27LbNKU/mqdefault.jpg,https://www.youtube.com/watch?v=-q_S27LbNKU,BAD,ATEEZ,"6月 25, 2026",49476,"23 1 BAD ATEEZ 6月 25, 2026 24 84 49,476"
2026-09-21,my,Malaysia,top_videos_daily,,24,https://i.ytimg.com/vi/awWKxGftWh4/mqdefault.jpg,https://www.youtube.com/watch?v=awWKxGftWh4,Dunia Yang Nanti,Raim Laode,,,Dunia Yang Nanti Raim Laode
2026-09-21,my,Malaysia,top_videos_daily,,25,https://i.ytimg.com/vi/xvT1jH8B9AM/mqdefault.jpg,https://www.youtube.com/watch?v=xvT1jH8B9AM,KALYANI (Remix),ARJN / KDS / FIFTY4 / 舒蕾亞·戈沙爾,,,"KALYANI (Remix) ARJN , KDS , FIFTY4 & 舒蕾亞·戈沙爾"
2026-09-21,my,Malaysia,top_videos_daily,,26,https://i.ytimg.com/vi/yvsLPs7l6bY/mqdefault.jpg,https://www.youtube.com/watch?v=yvsLPs7l6bY,Meligai Pengerindu,Igu Anthony,,,Meligai Pengerindu Igu Anthony
2026-09-21,my,Malaysia,top_videos_daily,,27,https://i.ytimg.com/vi/q_VCud5ZQSM/mqdefault.jpg,https://www.youtube.com/watch?v=q_VCud5ZQSM,Bungai Pinang | Rickie Andrewson ( OFFICIAL MV,Assapai Entertainment,,,Bungai Pinang | Rickie Andrewson ( OFFICIAL MV ) Assapai Entertainment
2026-09-21,my,Malaysia,top_videos_daily,,28,https://i.ytimg.com/vi/1ZsKavQtnWA/mqdefault.jpg,https://www.youtube.com/watch?v=1ZsKavQtnWA,Terbang (Original Soundtrack From Tarung: Unforgiven),Noh Salleh,,,Terbang (Original Soundtrack From Tarung: Unforgiven) Noh Salleh
2026-09-21,my,Malaysia,top_videos_daily,,29,https://i.ytimg.com/vi/jmIBoQ2lbgQ/mqdefault.jpg,https://www.youtube.com/watch?v=jmIBoQ2lbgQ,Jung Jung Inai,Iman Troye / Asslahierah / XO House,,,"Jung Jung Inai Iman Troye , Asslahierah & XO House"
2026-09-21,my,Malaysia,top_videos_daily,,30,https://i.ytimg.com/vi/Aze7zTyIRtk/mqdefault.jpg,https://www.youtube.com/watch?v=Aze7zTyIRtk,Aura 10/10,Hiphop Tamizha,,,Aura 10/10 Hiphop Tamizha
2026-09-21,my,Malaysia,top_videos_daily,,31,https://i.ytimg.com/vi/VR7PK3FPE1Q/mqdefault.jpg,https://www.youtube.com/watch?v=VR7PK3FPE1Q,Jemu,梅,"2月 14, 2021",43682,"31 4 Jemu 梅 2月 14, 2021 35 51 43,682"
2026-09-21,my,Malaysia,top_videos_daily,,32,https://i.ytimg.com/vi/B452TVVco2Q/mqdefault.jpg,https://www.youtube.com/watch?v=B452TVVco2Q,Great Expectation,SIENNA SPIRO,,,Great Expectation SIENNA SPIRO
2026-09-21,my,Malaysia,top_videos_daily,,33,https://i.ytimg.com/vi/s5stGs1ktQc/mqdefault.jpg,https://www.youtube.com/watch?v=s5stGs1ktQc,Romantis (Official Music Video),Spring,,,Romantis (Official Music Video) Spring
2026-09-21,my,Malaysia,top_videos_daily,,34,https://i.ytimg.com/vi/b68HETiNO98/mqdefault.jpg,https://www.youtube.com/watch?v=b68HETiNO98,Pavazha Malli,Sai Abhyankkar / Shruti Haasan,,,Pavazha Malli Sai Abhyankkar & Shruti Haasan
2026-09-21,my,Malaysia,top_videos_daily,,35,https://i.ytimg.com/vi/ALbmGuC9i58/mqdefault.jpg,https://www.youtube.com/watch?v=ALbmGuC9i58,Exists - Mengintai Dari Tirai Kamar,Along Exists,,,Exists - Mengintai Dari Tirai Kamar Along Exists
2026-09-21,my,Malaysia,top_videos_daily,,36,https://i.ytimg.com/vi/qlFuXWRRsxU/mqdefault.jpg,https://www.youtube.com/watch?v=qlFuXWRRsxU,Jodoh Lebaran,Aisha Retno,,,Jodoh Lebaran Aisha Retno
2026-09-21,my,Malaysia,top_videos_daily,,37,https://i.ytimg.com/vi/x6_mbnsh6VU/mqdefault.jpg,https://www.youtube.com/watch?v=x6_mbnsh6VU,STORM I & II,Gener8ion / Yung Lean,,,STORM I & II Gener8ion & Yung Lean
2026-09-21,my,Malaysia,top_videos_daily,,38,https://i.ytimg.com/vi/38_bAaFI41w/mqdefault.jpg,https://www.youtube.com/watch?v=38_bAaFI41w,Don't Force Your Longing,Ifan Seventeen,,,Don't Force Your Longing Ifan Seventeen
2026-09-21,my,Malaysia,top_videos_daily,,39,https://i.ytimg.com/vi/zyLmavBAY7k/mqdefault.jpg,https://www.youtube.com/watch?v=zyLmavBAY7k,Teh Hijau,圖魯斯,"7月 10, 2026",39443,"39 6 Teh Hijau 圖魯斯 7月 10, 2026 33 48 39,443"
2026-09-21,my,Malaysia,top_videos_daily,,40,https://i.ytimg.com/vi/ko70cExuzZM/mqdefault.jpg,https://www.youtube.com/watch?v=ko70cExuzZM,The Fate of Ophelia,Taylor Swift,,,The Fate of Ophelia Taylor Swift
2026-09-21,my,Malaysia,top_videos_daily,,41,https://i.ytimg.com/vi/M7oZR-MTEZs/mqdefault.jpg,https://www.youtube.com/watch?v=M7oZR-MTEZs,Iqro',Raim Laode,,,Iqro' Raim Laode
2026-09-21,my,Malaysia,top_videos_daily,,42,https://i.ytimg.com/vi/yIPX-FNJ9qk/mqdefault.jpg,https://www.youtube.com/watch?v=yIPX-FNJ9qk,Sedia Aku Sebelum Hujan,Idgitaf,,,Sedia Aku Sebelum Hujan Idgitaf
2026-09-21,my,Malaysia,top_videos_daily,,43,https://i.ytimg.com/vi/cmICctnAWCY/mqdefault.jpg,https://www.youtube.com/watch?v=cmICctnAWCY,kota ini tak sama tanpamu,Nadhif Basalamah,,,kota ini tak sama tanpamu Nadhif Basalamah
2026-09-21,my,Malaysia,top_videos_daily,,44,https://i.ytimg.com/vi/A_OJzo1LUMI/mqdefault.jpg,https://www.youtube.com/watch?v=A_OJzo1LUMI,Menunggumu,Peterpan,,,Menunggumu Peterpan
2026-09-21,my,Malaysia,top_videos_daily,,45,https://i.ytimg.com/vi/IWYt2NKAldE/mqdefault.jpg,https://www.youtube.com/watch?v=IWYt2NKAldE,Ayah Ibu 2.0,Harry / Mizan,,,Ayah Ibu 2.0 Harry & Mizan
2026-09-21,my,Malaysia,top_videos_daily,,46,https://i.ytimg.com/vi/oIDeGj83us8/mqdefault.jpg,https://www.youtube.com/watch?v=oIDeGj83us8,MALAYSIA,法依扎爾·塔基爾,,,MALAYSIA 法依扎爾·塔基爾
2026-09-21,my,Malaysia,top_videos_daily,,47,https://i.ytimg.com/vi/WHJs833pzIE/mqdefault.jpg,https://www.youtube.com/watch?v=WHJs833pzIE,Lagi Syantik (Live at SRN Ini Dangdut S02),茜蒂·巴德里雅,,,Lagi Syantik (Live at SRN Ini Dangdut S02) 茜蒂·巴德里雅
2026-09-21,my,Malaysia,top_videos_daily,,48,https://i.ytimg.com/vi/qXzn-HHT4D4/mqdefault.jpg,https://www.youtube.com/watch?v=qXzn-HHT4D4,Butakah Cinta,Spring,,,Butakah Cinta Spring
2026-09-21,my,Malaysia,top_videos_daily,,49,https://i.ytimg.com/vi/OT5msu-dap8/mqdefault.jpg,https://www.youtube.com/watch?v=OT5msu-dap8,Shape Of My Heart,Backstreet Boys,,,Shape Of My Heart Backstreet Boys
2026-09-21,my,Malaysia,top_videos_daily,,50,https://i.ytimg.com/vi/zjxO40VrMZA/mqdefault.jpg,https://www.youtube.com/watch?v=zjxO40VrMZA,Jiwa Yang Mengalah,Bellestrelle,,,Jiwa Yang Mengalah Bellestrelle
2026-09-21,my,Malaysia,top_videos_daily,,51,https://i.ytimg.com/vi/8F2s8ivKXNY/mqdefault.jpg,https://www.youtube.com/watch?v=8F2s8ivKXNY,Life Goes On,Oliver Tree,,,Life Goes On Oliver Tree
2026-09-21,my,Malaysia,top_videos_daily,,52,https://i.ytimg.com/vi/dAevFxbfqkU/mqdefault.jpg,https://www.youtube.com/watch?v=dAevFxbfqkU,Gadis Manis Kalimantan,Syahriadi / Mala Agatha,,,Gadis Manis Kalimantan Syahriadi & Mala Agatha
2026-09-21,my,Malaysia,top_videos_daily,,53,https://i.ytimg.com/vi/sf02ugzPFE4/mqdefault.jpg,https://www.youtube.com/watch?v=sf02ugzPFE4,CLICK,JISOO,"9月 3, 2026",30230,"53 1 CLICK JISOO 9月 3, 2026 54 11 30,230"
2026-09-21,my,Malaysia,top_videos_daily,,54,https://i.ytimg.com/vi/Nskf70DMR60/mqdefault.jpg,https://www.youtube.com/watch?v=Nskf70DMR60,Sesi Potret,eńau,,,Sesi Potret eńau
2026-09-21,my,Malaysia,top_videos_daily,,55,https://i.ytimg.com/vi/0SbnqsQInqE/mqdefault.jpg,https://www.youtube.com/watch?v=0SbnqsQInqE,MUTIARA,Ipank / Kintani,,,MUTIARA Ipank & Kintani
2026-09-21,my,Malaysia,top_videos_daily,,56,https://i.ytimg.com/vi/82-jTNka3uc/mqdefault.jpg,https://www.youtube.com/watch?v=82-jTNka3uc,hate that i made you love me,Ariana Grande,,,hate that i made you love me Ariana Grande
2026-09-21,my,Malaysia,top_videos_daily,,57,https://i.ytimg.com/vi/BHwcpWwnEls/mqdefault.jpg,https://www.youtube.com/watch?v=BHwcpWwnEls,Cuba Jadi Aku,Nadeera,,,Cuba Jadi Aku Nadeera
2026-09-21,my,Malaysia,top_videos_daily,,58,https://i.ytimg.com/vi/s8oCK-O2Nhw/mqdefault.jpg,https://www.youtube.com/watch?v=s8oCK-O2Nhw,Jung Jung Inai,Iman Troye / XO House / Asslahierah,,,"Jung Jung Inai Iman Troye , XO House & Asslahierah"
2026-09-21,my,Malaysia,top_videos_daily,,59,https://i.ytimg.com/vi/3DOB5T1jGv0/mqdefault.jpg,https://www.youtube.com/watch?v=3DOB5T1jGv0,Bunga Larangan,UG14,,,Bunga Larangan UG14
2026-09-21,my,Malaysia,top_videos_daily,,60,https://i.ytimg.com/vi/J77i-E_0JWg/mqdefault.jpg,https://www.youtube.com/watch?v=J77i-E_0JWg,SaWaDiKa (Dance Performance Video),LISA,,,SaWaDiKa (Dance Performance Video) LISA
2026-09-21,my,Malaysia,top_videos_daily,,61,https://i.ytimg.com/vi/eB-IK2wPWzw/mqdefault.jpg,https://www.youtube.com/watch?v=eB-IK2wPWzw,BAD,ATEEZ,"8月 1, 2026",27292,"61 11 BAD ATEEZ 8月 1, 2026 72 16 27,292"
2026-09-21,my,Malaysia,top_videos_daily,,62,https://i.ytimg.com/vi/75aBKInkybs/mqdefault.jpg,https://www.youtube.com/watch?v=75aBKInkybs,Tentang Rindu,Virzha,,,Tentang Rindu Virzha
2026-09-21,my,Malaysia,top_videos_daily,,63,https://i.ytimg.com/vi/s_w6P5aWVgc/mqdefault.jpg,https://www.youtube.com/watch?v=s_w6P5aWVgc,Punca,Sofazr SecondPlan,,,Punca Sofazr SecondPlan
2026-09-21,my,Malaysia,top_videos_daily,,64,https://i.ytimg.com/vi/C1LN4cWjMl0/mqdefault.jpg,https://www.youtube.com/watch?v=C1LN4cWjMl0,Pattampoochi,Sublahshini / G.V. Prakash Kumar,,,Pattampoochi Sublahshini & G.V. Prakash Kumar
2026-09-21,my,Malaysia,top_videos_daily,,65,https://i.ytimg.com/vi/-sRB7kIJ2uw/mqdefault.jpg,https://www.youtube.com/watch?v=-sRB7kIJ2uw,Aku Diam Aku Tahu,Andak_13Ai,,,Aku Diam Aku Tahu Andak_13Ai
2026-09-21,my,Malaysia,top_videos_daily,,66,https://i.ytimg.com/vi/HaukqQ85uSY/mqdefault.jpg,https://www.youtube.com/watch?v=HaukqQ85uSY,Cinta Pantai Merdeka,Jinbara,,,Cinta Pantai Merdeka Jinbara
2026-09-21,my,Malaysia,top_videos_daily,,67,https://i.ytimg.com/vi/m7k9UMcHbr0/mqdefault.jpg,https://www.youtube.com/watch?v=m7k9UMcHbr0,"KATSEYE (캣츠아이) ""Animal"" Official MV",KATSEYE,,,"KATSEYE (캣츠아이) ""Animal"" Official MV KATSEYE"
2026-09-21,my,Malaysia,top_videos_daily,,68,https://i.ytimg.com/vi/lhCPiauHI-g/mqdefault.jpg,https://www.youtube.com/watch?v=lhCPiauHI-g,Lord Verity - Master of Humanity (song),Horror Skunx,,,Lord Verity - Master of Humanity (song) Horror Skunx
2026-09-21,my,Malaysia,top_videos_daily,,69,https://i.ytimg.com/vi/bMhDJ0S0OBA/mqdefault.jpg,https://www.youtube.com/watch?v=bMhDJ0S0OBA,It's Me,ILLIT,"4月 30, 2026",24180,"69 29 It's Me ILLIT 4月 30, 2026 98 122 24,180"
2026-09-21,my,Malaysia,top_videos_daily,,70,https://i.ytimg.com/vi/prmmCg5bKxA/mqdefault.jpg,https://www.youtube.com/watch?v=prmmCg5bKxA,Eenie Meenie,Sean Kingston / Justin Bieber,,,Eenie Meenie Sean Kingston & Justin Bieber
2026-09-21,my,Malaysia,top_videos_daily,,71,https://i.ytimg.com/vi/7WNlDmUN-mc/mqdefault.jpg,https://www.youtube.com/watch?v=7WNlDmUN-mc,Percuma,Mahalini,,,Percuma Mahalini
2026-09-21,my,Malaysia,top_videos_daily,,72,https://i.ytimg.com/vi/fwK7ggA3-bU/mqdefault.jpg,https://www.youtube.com/watch?v=fwK7ggA3-bU,One More Night,Maroon 5,,,One More Night Maroon 5
2026-09-21,my,Malaysia,top_videos_daily,,73,https://i.ytimg.com/vi/Q3bFaJVLlb0/mqdefault.jpg,https://www.youtube.com/watch?v=Q3bFaJVLlb0,ဤသို့ပြုရ,Theinkpan Htun,,,ဤသို့ပြုရ Theinkpan Htun
2026-09-21,my,Malaysia,top_videos_daily,,74,https://i.ytimg.com/vi/bzW8c9towZU/mqdefault.jpg,https://www.youtube.com/watch?v=bzW8c9towZU,Hall of Fame (Live in Tokyo),手創樂團,,,Hall of Fame (Live in Tokyo) 手創樂團
2026-09-21,my,Malaysia,top_videos_daily,,75,https://i.ytimg.com/vi/EUapGKnq_tk/mqdefault.jpg,https://www.youtube.com/watch?v=EUapGKnq_tk,Kasih Orang Muda,飛輪海,,,Kasih Orang Muda 飛輪海
2026-09-21,my,Malaysia,top_videos_daily,,76,https://i.ytimg.com/vi/AK66nMGhoek/mqdefault.jpg,https://www.youtube.com/watch?v=AK66nMGhoek,ST12 - P.U.S.P.A | Official Music Video,Setia Band,,,ST12 - P.U.S.P.A | Official Music Video Setia Band
2026-09-21,my,Malaysia,top_videos_daily,,77,https://i.ytimg.com/vi/MrTz5xjmso4/mqdefault.jpg,https://www.youtube.com/watch?v=MrTz5xjmso4,Beautiful Girls,Sean Kingston,,,Beautiful Girls Sean Kingston
2026-09-21,my,Malaysia,top_videos_daily,,78,https://i.ytimg.com/vi/49x5rfxmv4E/mqdefault.jpg,https://www.youtube.com/watch?v=49x5rfxmv4E,Karuppa Kooda Va,Sai Abhyankkar / V·M·馬哈林加姆,,,Karuppa Kooda Va Sai Abhyankkar & V·M·馬哈林加姆
2026-09-21,my,Malaysia,top_videos_daily,,79,https://i.ytimg.com/vi/QxWoYkrgpJE/mqdefault.jpg,https://www.youtube.com/watch?v=QxWoYkrgpJE,Nallaru po,Tippu / Sai Abhyankkar,,,Nallaru po Tippu & Sai Abhyankkar
2026-09-21,my,Malaysia,top_videos_daily,,80,https://i.ytimg.com/vi/fMiH9F7O9eM/mqdefault.jpg,https://www.youtube.com/watch?v=fMiH9F7O9eM,Tak Adil,Aisha Retno,,,Tak Adil Aisha Retno
2026-09-21,my,Malaysia,top_videos_daily,,81,https://i.ytimg.com/vi/A7ry4cx6HfY/mqdefault.jpg,https://www.youtube.com/watch?v=A7ry4cx6HfY,So Far Away,七級煉獄,,,So Far Away 七級煉獄
2026-09-21,my,Malaysia,top_videos_daily,,82,https://i.ytimg.com/vi/6JaeasJw-QI/mqdefault.jpg,https://www.youtube.com/watch?v=6JaeasJw-QI,Thalapathy Kacheri,Jayanth Maadhur / Anirudh Ravichander / Arun Kaundinya / Nazeeruddin / Srinivasa Mouli,,,"Thalapathy Kacheri Jayanth Maadhur , Anirudh Ravichander , Arun Kaundinya , Nazeeruddin & Srinivasa Mouli"
2026-09-21,my,Malaysia,top_videos_daily,,83,https://i.ytimg.com/vi/MT-4Bk1Lw8g/mqdefault.jpg,https://www.youtube.com/watch?v=MT-4Bk1Lw8g,Bloody Paradise,ENHYPEN,,,Bloody Paradise ENHYPEN
2026-09-21,my,Malaysia,top_videos_daily,,84,https://i.ytimg.com/vi/Tk9TM7-eTmw/mqdefault.jpg,https://www.youtube.com/watch?v=Tk9TM7-eTmw,Joseph,Serj Tankian / Corey Taylor / 陷入逆境,,,"Joseph Serj Tankian , Corey Taylor & 陷入逆境"
2026-09-21,my,Malaysia,top_videos_daily,,85,https://i.ytimg.com/vi/Bm9lLpmPM0A/mqdefault.jpg,https://www.youtube.com/watch?v=Bm9lLpmPM0A,Pattampoochi,Sublahshini / G.V. Prakash Kumar,,,Pattampoochi Sublahshini & G.V. Prakash Kumar
2026-09-21,my,Malaysia,top_videos_daily,,86,https://i.ytimg.com/vi/_7xBKNb4uAQ/mqdefault.jpg,https://www.youtube.com/watch?v=_7xBKNb4uAQ,"Akbar Chalay, Mingse - Kok Masih Rindu? (Visualizer)",Akbar Chalay,,,"Akbar Chalay, Mingse - Kok Masih Rindu? (Visualizer) Akbar Chalay"
2026-09-21,my,Malaysia,top_videos_daily,,87,https://i.ytimg.com/vi/irbo1z4nQRY/mqdefault.jpg,https://www.youtube.com/watch?v=irbo1z4nQRY,Cintamu Mekar Di Hati,May,,,Cintamu Mekar Di Hati May
2026-09-21,my,Malaysia,top_videos_daily,,88,https://i.ytimg.com/vi/XFkzRNyygfk/mqdefault.jpg,https://www.youtube.com/watch?v=XFkzRNyygfk,Creep,電臺司令,"7月 18, 2008",21121,"88 3 Creep 電台司令 7月 18, 2008 85 53 21,121"
2026-09-21,my,Malaysia,top_videos_daily,,89,https://i.ytimg.com/vi/ConUwSndl6Y/mqdefault.jpg,https://www.youtube.com/watch?v=ConUwSndl6Y,Cinta Mati,Apau Qhaliff,,,Cinta Mati Apau Qhaliff
2026-09-21,my,Malaysia,top_videos_daily,,90,https://i.ytimg.com/vi/YaEG2aWJnZ8/mqdefault.jpg,https://www.youtube.com/watch?v=YaEG2aWJnZ8,Unstoppable (Live),Sia,,,Unstoppable (Live) Sia
2026-09-21,my,Malaysia,top_videos_daily,,91,https://i.ytimg.com/vi/Xq1OAd0UqZc/mqdefault.jpg,https://www.youtube.com/watch?v=Xq1OAd0UqZc,Memorindu,Arghpiez / Edrie Hashim,,,Memorindu Arghpiez & Edrie Hashim
2026-09-21,my,Malaysia,top_videos_daily,,92,https://i.ytimg.com/vi/x3eqqoZPV_E/mqdefault.jpg,https://www.youtube.com/watch?v=x3eqqoZPV_E,춤 (CHOOM),BABYMONSTER,,,춤 (CHOOM) BABYMONSTER
2026-09-21,my,Malaysia,top_videos_daily,,93,https://i.ytimg.com/vi/VNuzL5GTK1g/mqdefault.jpg,https://www.youtube.com/watch?v=VNuzL5GTK1g,Menanti janji,Ronnie Hussien,,,Menanti janji Ronnie Hussien
2026-09-21,my,Malaysia,top_videos_daily,,94,https://i.ytimg.com/vi/v1t4MTqdfyI/mqdefault.jpg,https://www.youtube.com/watch?v=v1t4MTqdfyI,hate that i made you love me,Ariana Grande,,,hate that i made you love me Ariana Grande
2026-09-21,my,Malaysia,top_videos_daily,,95,https://i.ytimg.com/vi/k_V8Xfkhd_Y/mqdefault.jpg,https://www.youtube.com/watch?v=k_V8Xfkhd_Y,Tersingkap Kini Rahsia Tersembunyi,Kulit,,,Tersingkap Kini Rahsia Tersembunyi Kulit
2026-09-21,my,Malaysia,top_videos_daily,,96,https://i.ytimg.com/vi/nocqSj3bnmQ/mqdefault.jpg,https://www.youtube.com/watch?v=nocqSj3bnmQ,REDRED,CORTIS,"9月 18, 2026",20492,"96 New REDRED CORTIS 9月 18, 2026 - 1 20,492"
2026-09-21,my,Malaysia,top_videos_daily,,97,https://i.ytimg.com/vi/dcEyID3okrM/mqdefault.jpg,https://www.youtube.com/watch?v=dcEyID3okrM,Dirantai Digelangi Rindu,Exists,,,Dirantai Digelangi Rindu Exists
2026-09-21,my,Malaysia,top_videos_daily,,98,https://i.ytimg.com/vi/4r9r6Fhm9I0/mqdefault.jpg,https://www.youtube.com/watch?v=4r9r6Fhm9I0,Pesamale - Official Lyric Video | Siri Xander | Arra Aria Khayal |Tamil Indie Pop |Sony Music Indie,Siri Xander / Arra Aria Khayal,,,Pesamale - Official Lyric Video | Siri Xander | Arra Aria Khayal |Tamil Indie Pop |Sony Music Indie Siri Xander & Arra Aria Khayal
2026-09-21,my,Malaysia,top_videos_daily,,99,https://i.ytimg.com/vi/b0ZBBjViV8Y/mqdefault.jpg,https://www.youtube.com/watch?v=b0ZBBjViV8Y,Separuh Aku,Peterpan,,,Separuh Aku Peterpan
2026-09-21,my,Malaysia,top_videos_daily,,100,https://i.ytimg.com/vi/NIDh_hqRbLI/mqdefault.jpg,https://www.youtube.com/watch?v=NIDh_hqRbLI,Rahsia Tuhan,Noh Salleh,,,Rahsia Tuhan Noh Salleh