captured_date,market,market_name,chart,period_suffix,rank,image_url,video_url,primary_name,secondary_name,release_date,metric_value,raw_text
2026-09-26,global,Global,top_songs_weekly,,1,https://yt3.googleusercontent.com/moXpr_lvHpb9m70jTjr-0GE63_VyHivgmyH7UPBJmgwWPHwwmvhxDPPZtdAhCFo7CdzmzIGwBE3cn4VuCQ=w180-h180-l90-rj,,Dai Dai,Shakira / Burna Boy,,,Dai Dai Shakira & Burna Boy
2026-09-26,global,Global,top_songs_weekly,,2,https://yt3.googleusercontent.com/Arv93jzh4R-cY1yEusDzcPCZzUuSIpHiyggsYeR38hdWXtkKvx9TIyvR3R6G9YYry7kVe349VDwvVcLB=w180-h180-l90-rj,,Parvati,Sadhu Tiwari,,,Parvati Sadhu Tiwari
2026-09-26,global,Global,top_songs_weekly,,3,https://yt3.googleusercontent.com/naKgO_9vvIczuf7Vq1llQyRAQOOW898kBZN3pio-Bkbfcmdu3Gv14_ivEBZiHAow8VbPEq1bhO0j2DU=w180-h180-l90-rj,,KALYANI (Remix),ARJN / KDS / FIFTY4 / Shreya Ghoshal,,,"KALYANI (Remix) ARJN , KDS , FIFTY4 & Shreya Ghoshal"
2026-09-26,global,Global,top_songs_weekly,,4,https://yt3.googleusercontent.com/GdW-pwzDkHLGvvf0pe_dgTcBYkJ2UFgsW6Zldnxyz-kX3l8I-QrRMow8IooEm7njIEAJauyWfoSV1rM=w180-h180-l90-rj,,BbY WOW,KAROL G / Judeline / rusowsky,,,"BbY WOW KAROL G , Judeline & rusowsky"
2026-09-26,global,Global,top_songs_weekly,,5,https://yt3.googleusercontent.com/lph_AYE9fU1VteHx7zG6DGesN-NvVDTs79j1q4DCHZS980-UryiOlKlLgtDkIBr2niDVO0WZdTg2fnA=w180-h180-l90-rj,,SaWaDiKa,LISA,"8月 27, 2026",32700768,"5 4 SaWaDiKa LISA 8月 27, 2026 1 2 32,700,768"
2026-09-26,global,Global,top_songs_weekly,,6,https://yt3.googleusercontent.com/5d51ZlGjNP_Gss3Z3RKP7B98ASQ7pxvp4XI3IAQ3kniFFjgLPDPnR6_K3tYZGoMVvfJYXBtu3awwsTI=w180-h180-l90-rj,,Training Season,Dua Lipa,,,Training Season Dua Lipa
2026-09-26,global,Global,top_songs_weekly,,7,https://yt3.googleusercontent.com/WDXRUHOAdSgW_CUGvGFrK4AlHBn-M4-DTkh_oYwAY_NN7tjO1-P-cwPq-xefOMgd-xcN9KRWZCGgnQ=w180-h180-l90-rj,,Yeshanagula,Prabha Bangarigalla / Jangi Reddy / Kasarla Shyam,,,"Yeshanagula Prabha Bangarigalla , Jangi Reddy & Kasarla Shyam"
2026-09-26,global,Global,top_songs_weekly,,8,https://i.ytimg.com/vi/yebNIHKAC4A/default.jpg,https://www.youtube.com/watch?v=yebNIHKAC4A,Golden,HUNTR/X / EJAE / AUDREY NUNA / REI AMI / KPop Demon Hunters Cast,,,"Golden HUNTR/X , EJAE , AUDREY NUNA , REI AMI & KPop Demon Hunters Cast"
2026-09-26,global,Global,top_songs_weekly,,9,https://yt3.googleusercontent.com/LM6RBLp2-wM0ZMMyBwGu1HwXiPj3OuH87g-Ksmw_avEfoG3-sEn9oYUVfn89MDuQ7vROhAXBkFiBla4A=w180-h180-l90-rj,,Hootie Frutti,KATSEYE,,,Hootie Frutti KATSEYE
2026-09-26,global,Global,top_songs_weekly,,10,https://yt3.googleusercontent.com/VcT7KmRJP9mnCeonX0THywRSG_zU82emz_PkLAV13VWs9uSjoBh2x3wRutbK4OE0x2pPjaKV-7tE-LXycA=w180-h180-l90-rj,,BACKROOMS,Fede Vigevani / club misterio,,,BACKROOMS Fede Vigevani & club misterio
2026-09-26,global,Global,top_songs_weekly,,11,https://yt3.googleusercontent.com/tkuMhE5tJXG04Mh20f8p9UrzEORu8N4CqHHUOsjRfkIe-VF-PeG7RnRPW9oBaR4OGs4xvo_AazFlR1I=w180-h180-l90-rj,,Пешта,Xamdam Sobirov,,,Пешта Xamdam Sobirov
2026-09-26,global,Global,top_songs_weekly,,12,https://yt3.googleusercontent.com/whlIw9-DTRE2_pUZm7v6Hmbyr0AQxZrHEL2DeNKnsCOFtUfRhY2QO0OCrCmcQEiqMvqC4Tu0ERjsYyKoJA=w180-h180-l90-rj,,Mallepoola Pallaki,G.V. Prakash Kumar / Dappu Srinu,,,Mallepoola Pallaki G.V. Prakash Kumar & Dappu Srinu
2026-09-26,global,Global,top_songs_weekly,,13,https://yt3.googleusercontent.com/7_06KmE85Uk8mngpR0_lw_zf9qqmsN9rW1xTF57d9DegptGKJ9Qw_r6Xdi26OnXy7NxdiWbPqusEQ2W2xA=w180-h180-l90-rj,,Barsaat,Banjaare / Roni,,,Barsaat Banjaare & Roni
2026-09-26,global,Global,top_songs_weekly,,14,https://yt3.googleusercontent.com/arS8DgXBdvYdY8ZpN78RSrAjSpXnsU3NX6cAzzEklyiNX6isqmaNJbfP26HjUtNCONp_OoWZAJ_JupBrHw=w180-h180-l90-rj,,Sebebi Yar (Live),Blok3,,,Sebebi Yar (Live) Blok3
2026-09-26,global,Global,top_songs_weekly,,15,https://yt3.googleusercontent.com/whlIw9-DTRE2_pUZm7v6Hmbyr0AQxZrHEL2DeNKnsCOFtUfRhY2QO0OCrCmcQEiqMvqC4Tu0ERjsYyKoJA=w180-h180-l90-rj,,Irumudi Kattu,G.V. Prakash Kumar / Ananthu / Shiva Nirvana / Kalyan Chakravarthy Tripuraneni,,,"Irumudi Kattu G.V. Prakash Kumar , Ananthu , Shiva Nirvana & Kalyan Chakravarthy Tripuraneni"
2026-09-26,global,Global,top_songs_weekly,,16,https://yt3.googleusercontent.com/uQ9EOP2orkMGxZT5Fe5-Rg9u2nLmhcH7pMFklHbhD9EwgS0u9gQokcZEDBuDBcfWD1zYuZf-mfmWE9A=w180-h180-l90-rj,,Jai Jai Ram,Shreya Ghoshal / Arijit Singh / Kumar Vishwas,,,"Jai Jai Ram Shreya Ghoshal , Arijit Singh & Kumar Vishwas"
2026-09-26,global,Global,top_songs_weekly,,17,https://yt3.googleusercontent.com/LM6RBLp2-wM0ZMMyBwGu1HwXiPj3OuH87g-Ksmw_avEfoG3-sEn9oYUVfn89MDuQ7vROhAXBkFiBla4A=w180-h180-l90-rj,,Animal,KATSEYE,"7月 24, 2026",21615974,"17 4 Animal KATSEYE 7月 24, 2026 13 8 21,615,974"
2026-09-26,global,Global,top_songs_weekly,,18,https://yt3.googleusercontent.com/wXkXjlcs3VQ09JqQaLbmd-XAwvoZ0Kxsy5h3jbA2hGyAaw_XMWMzVxze2CWrYFfQRAwnktCoev7-uJaz=w180-h180-l90-rj,,The One That Got Away,Katy Perry,,,The One That Got Away Katy Perry
2026-09-26,global,Global,top_songs_weekly,,19,https://yt3.googleusercontent.com/7Zsektrtwnf2UlL5CWGtSxi8JDfT8h4me73j31Mk-bDe5qbfUz7dtt1MUy-QlwkaGBWaIXucHF-r2KiCUQ=w180-h180-l90-rj,,Shararat,Shashwat Sachdev / Madhubanti Bagchi / Jasmine Sandlas,,,"Shararat Shashwat Sachdev , Madhubanti Bagchi & Jasmine Sandlas"
2026-09-26,global,Global,top_songs_weekly,,20,https://yt3.googleusercontent.com/B1p2-JcIuomNuey91o6bvshtrtw2gr0pH1bIviJxDqNZiT9et79lCgY4-pU-6FhVNWbi9FrnOtJ35t8=w180-h180-l90-rj,,Gehra Hua,Shashwat Sachdev / Arijit Singh / Irshad Kamil / Armaan Khan,,,"Gehra Hua Shashwat Sachdev , Arijit Singh , Irshad Kamil & Armaan Khan"
2026-09-26,global,Global,top_songs_weekly,,21,https://yt3.googleusercontent.com/xrGDyYO3umAVFdsdyIM2G451xiAxCD6haJkCQel6TQlqE-XsEUCGsj_Q5Er4YjFpjWqv-_Ze-VaPPL0j=w180-h180-l90-rj,,Teh Hijau,圖魯斯,"6月 29, 2026",18139470,"21 1 Teh Hijau 圖魯斯 6月 29, 2026 22 10 18,139,470"
2026-09-26,global,Global,top_songs_weekly,,22,https://yt3.googleusercontent.com/fQQQd_5ekiUbYRth6Yf7ZmkgS7Mf-VmxRCyqPpef-KgJVqISZqDKpjjU3zvfDVh9qr03MxPChTiYHyg=w180-h180-l90-rj,,Neno Butterfly,G.V. Prakash Kumar / Sublahshini,,,Neno Butterfly G.V. Prakash Kumar & Sublahshini
2026-09-26,global,Global,top_songs_weekly,,23,https://yt3.googleusercontent.com/OlsyF8L82chwdoVqON-g5H3BsEEgA0zSIYU_6SIZgMtLe0QzZPxzno91C6zJktuon6rjAv_UbmggkO_vyQ=w180-h180-l90-rj,,BAD,ATEEZ,"5月 22, 2026",17948406,"23 ● BAD ATEEZ 5月 22, 2026 23 11 17,948,406"
2026-09-26,global,Global,top_songs_weekly,,24,https://yt3.googleusercontent.com/whlIw9-DTRE2_pUZm7v6Hmbyr0AQxZrHEL2DeNKnsCOFtUfRhY2QO0OCrCmcQEiqMvqC4Tu0ERjsYyKoJA=w180-h180-l90-rj,,YAALALO YAALALO,G.V. Prakash Kumar / Hesham Abdul Wahab / Sadhika K R / Anantha Sreeram,,,"YAALALO YAALALO G.V. Prakash Kumar , Hesham Abdul Wahab , Sadhika K R & Anantha Sreeram"
2026-09-26,global,Global,top_songs_weekly,,25,https://yt3.googleusercontent.com/be_gE5Va2RF56pIw3g-AbSsm7-X4VApfbuR5YsRhAzF3NR-adNGyAlB1L7AFJSgytnqXtBd9-E3Is_Kx=w180-h180-l90-rj,,Basinga Balaalu,Swamy Naresh / Srinidhi Nerella / Kalyan Keys,,,"Basinga Balaalu Swamy Naresh , Srinidhi Nerella & Kalyan Keys"
2026-09-26,global,Global,top_songs_weekly,,26,https://yt3.googleusercontent.com/BKxUIETz1Vt8WcKm7bC2HP85RkhB5K6rbu3d-hNoe4kSkf_CJYJ0DqMknD3J85nUpilrGJMa7ipBnEJn-w=w180-h180-l90-rj,,Базовый минимум,SABI / 米亞·博伊卡,,,Базовый минимум SABI & 米亞·博伊卡
2026-09-26,global,Global,top_songs_weekly,,27,https://yt3.googleusercontent.com/DjjYqCa8cFL9GWy8JudDZk-S2TU4ou97LlPEF8dAv1rbZV0VzBgB_pKIneinOWMGAMVunUAypQpm4rg=w180-h180-l90-rj,,Tera Mera Rishta,Mithoon / Pritam / Mustafa Zahid / Sayeed Quadri / Saaj Bhatt / Subodhh Sharma,,,"Tera Mera Rishta Mithoon , Pritam , Mustafa Zahid , Sayeed Quadri , Saaj Bhatt & Subodhh Sharma"
2026-09-26,global,Global,top_songs_weekly,,28,https://yt3.googleusercontent.com/TrshWIhdbsgtW5MtqxGYDATm5OVMGdXRBe6HFSW7lhgwGI_XqzXP4QEmOwOjgaKX6iwBgg5GJP8TbnI=w180-h180-l90-rj,,Vaaroon Forever,阿南德·巴斯卡爾 / Romy / Shreya Ghoshal / Ginny Diwan,,,"Vaaroon Forever 阿南德·巴斯卡爾 , Romy , Shreya Ghoshal & Ginny Diwan"
2026-09-26,global,Global,top_songs_weekly,,29,https://yt3.googleusercontent.com/3RNsv7dNTYSBpuSWmpWM6PiYgQAaCXKvi8ION2AH2OaQHc-vW5-rJW4PqztU9XGaX-5z3sMc5RMTMc8n=w180-h180-l90-rj,,It's Me,ILLIT,"4月 23, 2026",16154829,"29 3 It's Me ILLIT 4月 23, 2026 26 20 16,154,829"
2026-09-26,global,Global,top_songs_weekly,,30,https://yt3.googleusercontent.com/XyfX9nbleH_JvN3kU-z3mG_eTIPlCvN7-bTT8_WZBwztq2JgkLajTSz3o97rAkmpFEWKdzDiE_T_bkLZfQ=w180-h180-l90-rj,,Chhathi Maiya,Vishal Mishra / Kaushal Kishore,,,Chhathi Maiya Vishal Mishra & Kaushal Kishore
2026-09-26,global,Global,top_songs_weekly,,31,https://yt3.googleusercontent.com/qRB7CwiLKN2jbKRvB9nC1nL72JxrErhkAyIc0kPoXvhKPBfFwygcQSfgqYZsW_kyd_H0vfg8E_wBkbN5=w180-h180-l90-rj,,Todo Lo Fue,Lenin Ramirez,,,Todo Lo Fue Lenin Ramirez
2026-09-26,global,Global,top_songs_weekly,,32,https://yt3.googleusercontent.com/IxzfmcUdsRg50lnGnb2iFVid0mWOiBNx-4uwV6A1ElDQIjOHXRt6M3XhLqWcZbRE7J19oUzeHBkPbUo=w180-h180-l90-rj,,Cuando No Era Cantante (Remix),El Bogueto / Anuel AA / Fuerza Regida / Yung Beef,,,"Cuando No Era Cantante (Remix) El Bogueto , Anuel AA , Fuerza Regida & Yung Beef"
2026-09-26,global,Global,top_songs_weekly,,33,https://yt3.googleusercontent.com/IX-QEr9pFD41clJP-q_Yg462m02Ni_6PjBQ9TpaGtzb4sT0eH1ZC6dy_ZxcqVIEZF9ipY9FgIirPJPh6=w180-h180-l90-rj,,ICONIC BY MISTAKE,LE SSERAFIM / ILLIT / KATSEYE,,,"ICONIC BY MISTAKE LE SSERAFIM , ILLIT & KATSEYE"
2026-09-26,global,Global,top_songs_weekly,,34,https://yt3.googleusercontent.com/2OUpQNjY58jQq1STwHz2CRClwWkzhCCKtSBo6SC2N78LAMmFaXJdSGkUENX7yw0g2CpCQ3RjejB_Fj4=w180-h180-l90-rj,,Life Goes On,Oliver Tree,,,Life Goes On Oliver Tree
2026-09-26,global,Global,top_songs_weekly,,35,https://yt3.googleusercontent.com/SpZ5eizsLU595oLfKWFT9EyZtOgc-7fTi0vnGDj7HlFR644UCkr6clcJ3Ayql1l5lXfB6owWqC303Ic=w180-h180-l90-rj,,Garee2a Awy (Live),TUL8TE,,,Garee2a Awy (Live) TUL8TE
2026-09-26,global,Global,top_songs_weekly,,36,https://yt3.googleusercontent.com/LF_Gw__z3R6L4Mbz1cW7RDKXYiNcYTxBR2QrrWk0gXgUDhv9uOx01XLtvlmf4PGBISXNIlp2r0XxLU_2=w180-h180-l90-rj,,Bairan,Banjaare,"1月 23, 2026",14540342,"36 4 Bairan Banjaare 1月 23, 2026 32 28 14,540,342"
2026-09-26,global,Global,top_songs_weekly,,37,https://yt3.googleusercontent.com/0Op0Fx0S1C5pJhm0QrARCZ_R-7YzHk9q47bKwpAl-cVLj4sR2zUeJyjFz7NrZdRE3zefz6nmqBtDi8BZ=w180-h180-l90-rj,,Barbadi Hoi,Shilpi Raj,,,Barbadi Hoi Shilpi Raj
2026-09-26,global,Global,top_songs_weekly,,38,https://yt3.googleusercontent.com/HXBIgIEFaSYmyLdP_3t8WYbPimxk1PpxJF0k9VY6ZCXzeEbiT-tuKxJbUU36R_OtYyWlFHYETEneMhd2=w180-h180-l90-rj,,Ishq de Fanniyar,Jyotica Tangri,,,Ishq de Fanniyar Jyotica Tangri
2026-09-26,global,Global,top_songs_weekly,,39,https://yt3.googleusercontent.com/qHqGMmCC4LahCshElRTm8kuJQu4IyDClDx__HiqqydFVMUi2JOfEyZpqootNb1WswJwapw8c8SCmOMuMiQ=w180-h180-l90-rj,,Loser,Tame Impala,,,Loser Tame Impala
2026-09-26,global,Global,top_songs_weekly,,40,https://yt3.googleusercontent.com/P2ezL7zsey0PxDhqSJgXT3jSDPoR0wUVUJZfWH-KSUrajTYLbQQc_YUOuFJVPp-02YcLTaG9h432uzPq2g=w180-h180-l90-rj,,Benim Olsana,CRUSH,,,Benim Olsana CRUSH
2026-09-26,global,Global,top_songs_weekly,,41,https://yt3.googleusercontent.com/YpHZO1DBcGPbgywaeckHbkkiI-b4OetQDJnQtCM--usqBrKljB-9uXax23i3hHI-PiTlyyHLBdYScSeGRQ=w180-h180-l90-rj,,Radhimaa,Sai Abhyankkar / Nargis Teji / Asma Teji / Vivek / Sai Smriti,,,"Radhimaa Sai Abhyankkar , Nargis Teji , Asma Teji , Vivek & Sai Smriti"
2026-09-26,global,Global,top_songs_weekly,,42,https://yt3.googleusercontent.com/PZ3URyhJUWJ-Wpa3ta_0RZQOkWxKKswBDIAppv3lJElUlocZLuwYmoO7iOYhJ1j2WEspcNEYUtPSZZc=w180-h180-l90-rj,,Y Que Fue?,Don Miguelo,,,Y Que Fue? Don Miguelo
2026-09-26,global,Global,top_songs_weekly,,43,https://yt3.googleusercontent.com/D8zrTH1RKP2TDB_Zg60FO9CLeb8WehGyT7wnSKjc0cXEwgt9AYcRuWWIg3UMkmIZJsO2SMOg6l1J8bV-=w180-h180-l90-rj,,Arz Kiya Hai,Anuv Jain,,,Arz Kiya Hai Anuv Jain
2026-09-26,global,Global,top_songs_weekly,,44,https://yt3.googleusercontent.com/eEXqI0KeotuaiRx4PjiopjPnlTBj9aiSXbY1NmzielYry7Mvs-WRANaJiivV62Zl6ufFtOwDMUtRmKVf=w180-h180-l90-rj,,NO BATIDÃO,ZXKAI / slxughter,,,NO BATIDÃO ZXKAI & slxughter
2026-09-26,global,Global,top_songs_weekly,,45,https://yt3.googleusercontent.com/OotE8xDKqeutvwDbJja54xdhYmC0eH5qKhaH-icvoPAuAC4flbqL90_LVKN0ltB8Ycoh7-q6za6pxaFv=w180-h180-l90-rj,,Boom Shaka,KR$NA / Dhanda Nyoliwala,,,Boom Shaka KR$NA & Dhanda Nyoliwala
2026-09-26,global,Global,top_songs_weekly,,46,https://yt3.googleusercontent.com/CoRGQY0iKFcMW8L6w5rfREKGXhpTmfcjv-vnTw2oLVsSZbnKp5WWxx-HAyU0N_a-wJdvlgvGr_25DC6Q=w180-h180-l90-rj,,Sanson ki Mala (Live),Madhur Sharma,,,Sanson ki Mala (Live) Madhur Sharma
2026-09-26,global,Global,top_songs_weekly,,47,https://yt3.googleusercontent.com/arS8DgXBdvYdY8ZpN78RSrAjSpXnsU3NX6cAzzEklyiNX6isqmaNJbfP26HjUtNCONp_OoWZAJ_JupBrHw=w180-h180-l90-rj,,Kayıp Kalp,Blok3,,,Kayıp Kalp Blok3
2026-09-26,global,Global,top_songs_weekly,,48,https://yt3.googleusercontent.com/arS8DgXBdvYdY8ZpN78RSrAjSpXnsU3NX6cAzzEklyiNX6isqmaNJbfP26HjUtNCONp_OoWZAJ_JupBrHw=w180-h180-l90-rj,,Çok Güzel Gülüyorsun,Blok3 / Poizi,,,Çok Güzel Gülüyorsun Blok3 & Poizi
2026-09-26,global,Global,top_songs_weekly,,49,https://yt3.googleusercontent.com/PsYJbvAdtQkONz0UrG64NGMbfBu0Q7H9voCBr3XPGMXbIeKwQ6RkZBPWWdrWF4ZAqsgYXrjBhPwR97FF=w180-h180-l90-rj,,Made My Night,LE SSERAFIM,,,Made My Night LE SSERAFIM
2026-09-26,global,Global,top_songs_weekly,,50,https://yt3.googleusercontent.com/Oice7VFz5NBqKgPpD8LA0oIGkfNTc5N_2pRMifH_W4-aVjMDDBZ2-BafN55NEyXMqhD3ScUrrOxz7WgJ=w180-h180-l90-rj,,Dracula (Remix) (feat. Jennie),Tame Impala,,,Dracula (Remix) (feat. Jennie) Tame Impala
2026-09-26,global,Global,top_songs_weekly,,51,https://yt3.googleusercontent.com/dfTaw-LhxWVGPdbKfML-ybvDnOySHxxbyyK_yJDSxnP1GDgcaW0obc5ZeeS6cTpJ-lu-CyiyA_VyGZr2=w180-h180-l90-rj,,Dear my crazy soulmate,IU,,,Dear my crazy soulmate IU
2026-09-26,global,Global,top_songs_weekly,,52,https://yt3.googleusercontent.com/iSX0Ox29sf_SpZMr51jUbgHDKsvqQ-54KksqIlFADT9i-nFG590d6D-z61kYxMKF7r5lHX7wWvMjdqbA=w180-h180-l90-rj,,Las mas bonitas son p#tas,Anuel AA,,,Las mas bonitas son p#tas Anuel AA
2026-09-26,global,Global,top_songs_weekly,,53,https://i.ytimg.com/vi/6qBdQzPnw4E/default.jpg,https://www.youtube.com/watch?v=6qBdQzPnw4E,Dil Laga Liya,Alka Yagnik / Udit Narayan,,,Dil Laga Liya Alka Yagnik & Udit Narayan
2026-09-26,global,Global,top_songs_weekly,,54,https://yt3.googleusercontent.com/31gQwmEGi5mGGnQf7jRHHl_mqQZPv1ZzlXigLwAWrPJmPIGHvIgXP8Ihh59aXLR7ycOqgf6Kj2XTtz-BnQ=w180-h180-s-l90-rj,,Cheri Cheri Lady,Modern Talking,,,Cheri Cheri Lady Modern Talking
2026-09-26,global,Global,top_songs_weekly,,55,https://yt3.googleusercontent.com/WnS8_TSqLTP0D5Ltvu5mypx6ypsFj0dM0fSNvD8vz8K_f18nAU10bNsExXoI6t6mI-zR7ezxPYv3e7w=w180-h180-l90-rj,,Sesi Potret,Ari Lesmana / eńau,,,Sesi Potret Ari Lesmana & eńau
2026-09-26,global,Global,top_songs_weekly,,56,https://yt3.googleusercontent.com/Ccq2Y8_z5WRryy2FC0E1x0Q5hD9v7NqRpMcX6ptgm03vFDhKHjzuropzgBjRbMGAOUc5KBwUhQIW474P=w180-h180-l90-rj,,Mi Chico,DJ Goja / Jason Derulo / Melody,,,"Mi Chico DJ Goja , Jason Derulo & Melody"
2026-09-26,global,Global,top_songs_weekly,,57,https://yt3.googleusercontent.com/6LDZTIjk3nbSSsG8J0M2_ME4KWzt4MTZ7oqrZlWg-uZ1gRWnBKt9ySPibZ5l7GJ_-j6gB6hv-qLNaPE=w180-h180-l90-rj,,hate that i made you love me,Ariana Grande,,,hate that i made you love me Ariana Grande
2026-09-26,global,Global,top_songs_weekly,,58,https://yt3.googleusercontent.com/5W1kUiu0kkP6b4ouVWGbrmm4ZCzxTtvkY1LBLbFO3JhShjzYpBAwl3ML_bSHEZ-fx3RH5fiYB3DSOGaf=w180-h180-l90-rj,,Joseph,Falling In Reverse / Corey Taylor / Serj Tankian,,,"Joseph Falling In Reverse , Corey Taylor & Serj Tankian"
2026-09-26,global,Global,top_songs_weekly,,59,https://yt3.googleusercontent.com/MjVc50qoqvxgh2Axcechzk8DZQ2wE3SJKYphm4PcPGfsPDcqplJGkTJF8R4Vqqs87WUk9tVRGXyNMLg=w180-h180-l90-rj,,Jamaican (Bam Bam),HUGEL / SOLTO (FR),,,Jamaican (Bam Bam) HUGEL & SOLTO (FR)
2026-09-26,global,Global,top_songs_weekly,,60,https://yt3.googleusercontent.com/EqBlvzNmm_B2otzdTqYJzhHguR94SVFH96sOWBUlKZ6zJ4CGeXj9YkpcI7MFYEf9DPovp-4RZssESLbv=w180-h180-l90-rj,,POR SI MAÑANA NO ESTOY,Omar Courtz,,,POR SI MAÑANA NO ESTOY Omar Courtz
2026-09-26,global,Global,top_songs_weekly,,61,https://yt3.googleusercontent.com/_qG8YaOVQSGBUV1_2P0nuLhxZnS1oO2Vv1GSyseOmEeMIIAOpF1TJWvmQxEaigOtFug5VmFlImoLGQM=w180-h180-l90-rj,,RIKI,Neton Vega,"8月 6, 2026",10243969,"61 12 RIKI Neton Vega 8月 6, 2026 49 5 10,243,969"
2026-09-26,global,Global,top_songs_weekly,,62,https://yt3.googleusercontent.com/arS8DgXBdvYdY8ZpN78RSrAjSpXnsU3NX6cAzzEklyiNX6isqmaNJbfP26HjUtNCONp_OoWZAJ_JupBrHw=w180-h180-l90-rj,,Kırgınım,Blok3,"6月 4, 2026",9913751,"62 4 Kırgınım Blok3 6月 4, 2026 58 10 9,913,751"
2026-09-26,global,Global,top_songs_weekly,,63,https://yt3.googleusercontent.com/wqA2-kB1LEmV3MsLsYK-a3yDSSHYptyb31XJMbGxc1_c-CylylLpDh3hbhV2A4Y49SNgQU_eGbAKMKk=w180-h180-l90-rj,,Self Aware,Temper City,,,Self Aware Temper City
2026-09-26,global,Global,top_songs_weekly,,64,https://yt3.googleusercontent.com/mqQutJQku5I3uW-nUtheDQKZ_fgfQaGX49eNFg98-eyJSyS2cjyqkFoLOB53zPeirQgtJaLdlTk9-GTQ=w180-h180-l90-rj,,نانو,TUL8TE / Saint Levant,,,نانو TUL8TE & Saint Levant
2026-09-26,global,Global,top_songs_weekly,,65,https://yt3.googleusercontent.com/3wcEbK0wLRPy-a2Rzyy7hvBIXgv5IKTIxVHU7XIZjA5comGr0T0iYWZvaE8hY8GO4TAfdF8UdE1FIJik=w180-h180-l90-rj,,Toz Pembe,manifest,,,Toz Pembe manifest
2026-09-26,global,Global,top_songs_weekly,,66,https://yt3.googleusercontent.com/F-HAYdu4My91_BPlrGhfflbiXHOshQN2AoyC253W5Tm2ebs6Nh7CgdoVzPlYK7nLMpX_JKOYg_h0SyyN_g=w180-h180-l90-rj,,misery.,pupsies,"3月 16, 2026",9670311,"66 4 misery. pupsies 3月 16, 2026 70 9 9,670,311"
2026-09-26,global,Global,top_songs_weekly,,67,https://yt3.googleusercontent.com/ciiAxXBOzHXiYgI-JrXI9PfEiwOw7rxGns7e3mJLGX0xf9fAtCqP08QL28e4_U1ZofnQ5rINHLUKJ7C4=w180-h180-l90-rj,,Polvo Rosita,Lenin Ramirez,,,Polvo Rosita Lenin Ramirez
2026-09-26,global,Global,top_songs_weekly,,68,https://yt3.googleusercontent.com/_3Xhg_Tpnh4MSm2Xtp1RzNdNKk0rfpZCfoyJtuBm6R5J4ql93Dn5jInzmUJKH03nmpEQ4ehSBd5l71ly=w180-h180-l90-rj,,Banjaara,Mohammed Irfan / Mithoon,,,Banjaara Mohammed Irfan & Mithoon
2026-09-26,global,Global,top_songs_weekly,,69,https://yt3.googleusercontent.com/S8qDdDfjr5dPQOhs47VUcQWKJa76q7wwEz1Sp31_5TNa1GlqzXbXj59W8PEDVp07nTd-3m1aTqjEVcA=w180-h180-l90-rj,,Dichavate,Ya Ice Dilan / Rey Tony / Helabusador / JipMusic Global / dj honda,,,"Dichavate Ya Ice Dilan , Rey Tony , Helabusador , JipMusic Global & dj honda"
2026-09-26,global,Global,top_songs_weekly,,70,https://yt3.googleusercontent.com/lkNJVMp3siDfSw_zVYj3tE6fQS7G6Gj2gzoxrIwS7K4TwqmL_uSBb9-PKACNLIP_7XLQib4tC5XwWbpD=w180-h180-l90-rj,,In The End,Linkin Park,,,In The End Linkin Park
2026-09-26,global,Global,top_songs_weekly,,71,https://yt3.googleusercontent.com/-9Be3szVIsDcpTazo5d3AYic5zWl7tN1UOCRBI98ylJiQchI3IQt1BcvDRXgQRcAlAxmQUmpllADj-a5=w180-h180-l90-rj,,Peão Todo Tatuado,jeninho / Mariana Fagundes,,,Peão Todo Tatuado jeninho & Mariana Fagundes
2026-09-26,global,Global,top_songs_weekly,,72,https://yt3.googleusercontent.com/QyJiGyY31OLrJaPeLTP2kdcFhzLhU8lkWwLfrHsdXMraFl8N-GWpdnv6WP7N8pBMu0ow1IcVHPOvClik=w180-h180-l90-rj,,"Cuida do Pet (feat. Mc Negão Original, DU'L & Dj Aladin GDB)",Oldilla / Mc Iguinho Ct / MC Willian / Aaron Modesto,,,"Cuida do Pet (feat. Mc Negão Original, DU'L & Dj Aladin GDB) Oldilla , Mc Iguinho Ct , MC Willian & Aaron Modesto"
2026-09-26,global,Global,top_songs_weekly,,73,https://yt3.googleusercontent.com/9GvLqz3cbA2XyceqbS6IlraFkW5cipVpiINKUoEKPHH41K448Zm9WbBsHncoNG134LsLJq1E5NHsf3g=w180-h180-l90-rj,,Love Me Not,Ravyn Lenae,,,Love Me Not Ravyn Lenae
2026-09-26,global,Global,top_songs_weekly,,74,https://yt3.googleusercontent.com/mHa1sg5pmlgudnTZ_XOcJ-0VAKuFDodEstxurIF2C6RttpfyyeaqC75FmPQjlc2BQQ5JfvGaFuU69dhs=w180-h180-l90-rj,,Ain't In LA,ADÉLA,,,Ain't In LA ADÉLA
2026-09-26,global,Global,top_songs_weekly,,75,https://yt3.googleusercontent.com/qnfaDMwf8RDrJ3DRUeOkZ4HagLVmN_Kh8hunfDTvzIiGNjJAMrWQic6h1OWB_6KpJZapoXQXckHcIp7W=w180-h180-l90-rj,,Bloody Paradise,ENHYPEN,,,Bloody Paradise ENHYPEN
2026-09-26,global,Global,top_songs_weekly,,76,https://yt3.googleusercontent.com/TK-09E9wZOUk84ktqwb-zNBXfnY3Z927d3fpJ3ObwwOyREKzjAQMMYx0pGSjVAAV2zpRJDpDAavlAPSz=w180-h180-l90-rj,,Señorita,Shawn Mendes / Camila Cabello,,,Señorita Shawn Mendes & Camila Cabello
2026-09-26,global,Global,top_songs_weekly,,77,https://yt3.googleusercontent.com/PndbtAUSQ0eacw0Akivd4blZJWXnxy0ZQzpH7gw3ivVhB60ng4wRaD9QtQw0nW8yvyOX_5CeT5_0Gi-q=w180-h180-l90-rj,,Debut,KATSEYE,"6月 28, 2024",8545750,"77 5 Debut KATSEYE 6月 28, 2024 72 8 8,545,750"
2026-09-26,global,Global,top_songs_weekly,,78,https://yt3.googleusercontent.com/_RICA9AQMvaw-SLRBVDVF3rLx6pgeXvy2USuFyueQhhMGAVga26n2brDIIbjNkkYW3xv9LyUdav9rWnKvA=w180-h180-l90-rj,,LEMONADE,aespa,"5月 28, 2026",8354085,"78 10 LEMONADE aespa 5月 28, 2026 68 16 8,354,085"
2026-09-26,global,Global,top_songs_weekly,,79,https://yt3.googleusercontent.com/k6CjUshafSvhyNfNJn-jQxUAYJU261qFDLqI4rFN_deD7fyA6ehvU3H7ZYL2xz8WfMXi0_WTKMHIuUZMAA=w180-h180-l90-rj,,Eres Mía,Romeo Santos,,,Eres Mía Romeo Santos
2026-09-26,global,Global,top_songs_weekly,,80,https://yt3.googleusercontent.com/F_zOOpQrlMOrIT50KDXGX54temlvXtXhWM-9e6TBAxCSP-F_Tt8bxONr5jBN7UwvoCwUifR0xph_QQeX=w180-h180-l90-rj,,Alaakaa Loova,Sai Abhyankkar / Rokesh,,,Alaakaa Loova Sai Abhyankkar & Rokesh
2026-09-26,global,Global,top_songs_weekly,,81,https://yt3.googleusercontent.com/4JskAQe7v1sy1L9lm8MLtKgQanhm4Y87hPhl32Ayxr0by8L2uYf6mc5XIQ2wgGpTSCBrYJrOXX19I21p=w180-h180-l90-rj,,Zaalima,Arijit Singh / Harshdeep Kaur,,,Zaalima Arijit Singh & Harshdeep Kaur
2026-09-26,global,Global,top_songs_weekly,,82,https://yt3.googleusercontent.com/qqNJRJKU_nyD0g-Xmj-J50UE_8HEIGl-rczd0EKQLYnSd4HeySfoZqfBOxB4p_SKW-1ioC6V9_mjPbO4=w180-h180-l90-rj,,पलंग सागवान के,Khesari Lal Yadav / Indu Sonali,,,पलंग सागवान के Khesari Lal Yadav & Indu Sonali
2026-09-26,global,Global,top_songs_weekly,,83,https://yt3.googleusercontent.com/DYWSlADPI490VUOfFu6nWYLL-FIsnujB596Z6KxrcE6vOIcBXRz_78_TVCjd-ZHRfQdrA-FcClNPpO4R=w180-h180-l90-rj,,Doma,Jósean Log,"10月 14, 2016",8213937,"83 1 Doma Jósean Log 10月 14, 2016 82 11 8,213,937"
2026-09-26,global,Global,top_songs_weekly,,84,https://yt3.googleusercontent.com/zFYEczPrSAG6InYrdt2-qZhatjvS6UGEU9ddS9KOadAAroJ3Ee2qz0YsXlh4KlXZEkRHKIz5MfS--z4c=w180-h180-l90-rj,,This & That,Stray Kids,,,This & That Stray Kids
2026-09-26,global,Global,top_songs_weekly,,85,https://yt3.googleusercontent.com/-evTfg9Dho5GU39Kw98B-7VuaGHIFSReaafijbIFU6ktxxz4GGtNr1epcGnnvzMTBKiCnjUrNTP1mb-F=w180-h180-l90-rj,,퇴사할게여,田小娟,"9月 7, 2026",8132672,"85 New 퇴사할게여 田小娟 9月 7, 2026 - 1 8,132,672"
2026-09-26,global,Global,top_songs_weekly,,86,https://yt3.googleusercontent.com/UErsXm4y5gokiKPSV4oxyku1OVOlfKV2BFQ3Jv0dlIdUXkvpXNKpWphgwRznILlBWD3IVX0dFyw1s7Sq=w180-h180-l90-rj,,Estoy Pa' Ti,Brytiago,,,Estoy Pa' Ti Brytiago
2026-09-26,global,Global,top_songs_weekly,,87,https://i.ytimg.com/vi/HGVhNel9ceI/default.jpg,https://www.youtube.com/watch?v=HGVhNel9ceI,Es Un Secreto (Remix) (feat. Akon & 泰戈·卡德龍),Plan B,,,Es Un Secreto (Remix) (feat. Akon & 泰戈·卡德龍) Plan B
2026-09-26,global,Global,top_songs_weekly,,88,https://yt3.googleusercontent.com/HEzEItN1YX2pm4ubdKidbyuH_dZVovn7Go-MtSvN8-3_lHc59QBTaELNJjDjY-c2fEvrU4048ZI_loqu=w180-h180-s-l90-rj,,Forever Young,Alphaville,,,Forever Young Alphaville
2026-09-26,global,Global,top_songs_weekly,,89,https://yt3.googleusercontent.com/kIG_Ks5fsPd9dHNttIv9_v-LG4y_3T-C97N-LQbahylnlmxJuXbYJkE57-XHnqLgFRAAT6gvlbMOJ6Y8=w180-h180-l90-rj,,Aarzu,Noor / Khan / Madhurxo,,,"Aarzu Noor , Khan & Madhurxo"
2026-09-26,global,Global,top_songs_weekly,,90,https://yt3.googleusercontent.com/81cXwXuv1aOxCikSYqw5WET4FkiaNg5uKhTnDB4h0PL37adgl-1B3DBbvlopWpamwTQbt_ge9rm8pdQ-oA=w180-h180-l90-rj,,Zombie,The Cranberries,,,Zombie The Cranberries
2026-09-26,global,Global,top_songs_weekly,,91,https://i.ytimg.com/vi/3U7_DxeX8mk/default.jpg,https://www.youtube.com/watch?v=3U7_DxeX8mk,Beni Al (Live),Ankara Echoes,,,Beni Al (Live) Ankara Echoes
2026-09-26,global,Global,top_songs_weekly,,92,https://yt3.googleusercontent.com/sm9gz2XQFzc-Gp7qsQzIJGuIsowoyVI43ki4048evRTzCi8IN2FcTyv42YttCDRH-93amTRkG05hqnOK=w180-h180-l90-rj,,Earrings,Malcolm Todd,,,Earrings Malcolm Todd
2026-09-26,global,Global,top_songs_weekly,,93,https://yt3.googleusercontent.com/P5Hyl5ho2FfN0o_FUyoBqnruglASS4vDib8gF9SxGD2V74LDPaFob443NBVbpXd7FF7-S5hqlHUwZbg=w180-h180-l90-rj,,Chikni Chameli,阿傑-阿圖爾 / Shreya Ghoshal,,,Chikni Chameli 阿傑-阿圖爾 & Shreya Ghoshal
2026-09-26,global,Global,top_songs_weekly,,94,https://yt3.googleusercontent.com/nZevbUEupxBKmJ3VR6f4rdlYv5Tr53yVHws35zJg9JId6uuBAHgEeRDmf87DcEQkLCJFSHN31BLjYJE=w180-h180-l90-rj,,Aaya Sher,Anirudh Ravichander / Jangi Reddy / Arjun Chandy / Kasarla Shyam,,,"Aaya Sher Anirudh Ravichander , Jangi Reddy , Arjun Chandy & Kasarla Shyam"
2026-09-26,global,Global,top_songs_weekly,,95,https://yt3.googleusercontent.com/1gYyxGSjJ4Rkbu21xa9hDKkWTkjl6eeQtVigbNkNC9fEGhWxkHqCetDdGD5Kf-o71JB0vfKgJO_L7as=w180-h180-l90-rj,,Saanson Ko,Shaarib Toshi / Arijit Singh,,,Saanson Ko Shaarib Toshi & Arijit Singh
2026-09-26,global,Global,top_songs_weekly,,96,https://yt3.googleusercontent.com/gAfidMXOIeb7q9q4cZzks8WmeFOqcfYYrOLSi_GCyyVLEmpwxLyJrGg2-J-1jxKvdMjtt4wqh4PgBesL=w180-h180-l90-rj,,Te Estoy Correteando,LATIN MAFIA / 弗雷德·吉布森,,,Te Estoy Correteando LATIN MAFIA & 弗雷德·吉布森
2026-09-26,global,Global,top_songs_weekly,,97,https://yt3.googleusercontent.com/Z2zgZT7ICWRL7ACDERnWaGA3nBmLSK3fqOXDg-EQuhSnwvNV_i5pEQ6-z_m_v4S44HuNKyFjwtmSghqJ=w180-h180-l90-rj,,Sweet Child O' Mine,Guns N' Roses,,,Sweet Child O' Mine Guns N' Roses
2026-09-26,global,Global,top_songs_weekly,,98,https://yt3.googleusercontent.com/qVKfpsOuD6oubDnQVZ3fjTNiYXhxkN_e3e_bnlqmqykbK2Ft_7ZioiVqR1KpO_y0XT_Ij03Hv9O8zIUXWA=w180-h180-l90-rj,,Love All Day,SxyCip,,,Love All Day SxyCip
2026-09-26,global,Global,top_songs_weekly,,99,https://yt3.googleusercontent.com/ozzMHKW5Dj7nLOg4_dPiiBlMn5Q-tudXQ847sYrB8CEAtP61sdpK9a6pVfPekXlBfpxjWW6Ce3uMmclV2w=w180-h180-l90-rj,,EXCESOS,Fuerza Regida,,,EXCESOS Fuerza Regida
2026-09-26,global,Global,top_songs_weekly,,100,https://yt3.googleusercontent.com/lri2NMO-Z9ihGrHPLowVk0CQTGYWOCV6GvsT8uf0UybSGR1kIFxUJfZu26yJw2PzpnRk-NyXDExNa5rc=w180-h180-l90-rj,,Dunia Yang Nanti,Raim Laode,,,Dunia Yang Nanti Raim Laode
2026-09-26,tw,Taiwan,top_songs_weekly,,1,https://yt3.googleusercontent.com/awoyk8Z8XNivU4sRBupBx_pdbnk7yVJz3w4qvxzcrm-Ud9Ma6B-v9BVLOx1JLTJr5n-g51chJRdHEqSgSg=w180-h180-l90-rj,,甲乙丙丁Strangers,Li Jiawei,,,甲乙丙丁Strangers Li Jiawei
2026-09-26,tw,Taiwan,top_songs_weekly,,2,https://yt3.googleusercontent.com/pPXFB33cg6OkSoAG9Xbvp3cGnkXnTGWSYkUypg0vHL8IuRvIYBTYnjvhweDfjbCRf4FHXCksK2ukjio=w180-h180-l90-rj,,海嶼你,馬也Crabbit / Cole先生,,,海屿你 马也Crabbit & Cole先生
2026-09-26,tw,Taiwan,top_songs_weekly,,3,https://yt3.googleusercontent.com/OlsyF8L82chwdoVqON-g5H3BsEEgA0zSIYU_6SIZgMtLe0QzZPxzno91C6zJktuon6rjAv_UbmggkO_vyQ=w180-h180-l90-rj,,BAD,ATEEZ,"5月 22, 2026",1012491,"3 2 BAD ATEEZ 5月 22, 2026 5 12 1,012,491"
2026-09-26,tw,Taiwan,top_songs_weekly,,4,https://yt3.googleusercontent.com/dfTaw-LhxWVGPdbKfML-ybvDnOySHxxbyyK_yJDSxnP1GDgcaW0obc5ZeeS6cTpJ-lu-CyiyA_VyGZr2=w180-h180-l90-rj,,Dear my crazy soulmate,IU,,,Dear my crazy soulmate IU
2026-09-26,tw,Taiwan,top_songs_weekly,,5,https://yt3.googleusercontent.com/0zd99oykz1u3Jq2OfHFuvRt6uYBvICuVd4FoiUevpmwklCtpRe9Aid5FaO0Qozq3polze6BXVY16n_02eQ=w180-h180-l90-rj,,她 (《早春晴朗》電視劇欒念人物曲&片頭曲),劉宇寧,,,她 (《早春晴朗》电视剧栾念人物曲&片头曲) 刘宇宁
2026-09-26,tw,Taiwan,top_songs_weekly,,6,https://yt3.googleusercontent.com/9uuhCVl-TANrqQ6tavDZK7jFzPJmhf42hSYYbICN6bayzD6WbQAWpnJBvamvE0YSehxpMm0dSW-nuKuE=w180-h180-l90-rj,,巷仔口的風,Cat'sMelody,,,巷仔口的風 Cat'sMelody
2026-09-26,tw,Taiwan,top_songs_weekly,,7,https://yt3.googleusercontent.com/SDHwqZp6fgaUL0DkWXI2BQHwEpO2y68b1JDjG8lrm9VJC4_c2t_OgW-NTLC766gYvub0WEmTJUoeS1I1=w180-h180-l90-rj,,太陽與地球,盧廣仲,"9月 16, 2025",584114,"7 1 太陽與地球 盧廣仲 9月 16, 2025 6 22 584,114"
2026-09-26,tw,Taiwan,top_songs_weekly,,8,https://yt3.googleusercontent.com/-evTfg9Dho5GU39Kw98B-7VuaGHIFSReaafijbIFU6ktxxz4GGtNr1epcGnnvzMTBKiCnjUrNTP1mb-F=w180-h180-l90-rj,,퇴사할게여,田小娟,"9月 7, 2026",580568,"8 17 퇴사할게여 田小娟 9月 7, 2026 25 2 580,568"
2026-09-26,tw,Taiwan,top_songs_weekly,,9,https://yt3.googleusercontent.com/lph_AYE9fU1VteHx7zG6DGesN-NvVDTs79j1q4DCHZS980-UryiOlKlLgtDkIBr2niDVO0WZdTg2fnA=w180-h180-l90-rj,,SaWaDiKa,LISA,"8月 27, 2026",572667,"9 6 SaWaDiKa LISA 8月 27, 2026 3 2 572,667"
2026-09-26,tw,Taiwan,top_songs_weekly,,10,https://yt3.googleusercontent.com/_O6d8FGvKxgx0R5TJ2C4RH1ptUN_01emKZmnHxqYrGCrGj90914jAFUmBAyyeHIipQmkG4qJKTvhlJI=w180-h180-l90-rj,,我不該動情,RG-老帥,"6月 30, 2026",516536,"10 ● 我不该动情 RG-老帅 6月 30, 2026 10 11 516,536"
2026-09-26,tw,Taiwan,top_songs_weekly,,11,https://yt3.googleusercontent.com/yHlFSzNwdbcc4gbRSE6p2CvTlCs5S4cTfF2pOKS0eonktuLqwvX8MLaxEQPGYyP6WefUNfX-f4Mb4awXtg=w180-h180-l90-rj,,沒有人像我一樣,宇宙人,"6月 16, 2026",504491,"11 2 沒有人像我一樣 宇宙人 6月 16, 2026 9 13 504,491"
2026-09-26,tw,Taiwan,top_songs_weekly,,12,https://yt3.googleusercontent.com/fSZeOU1r1CCaRPaXHA-oLYcZbJ59nenUQs5NJJp_hWpSkOMgOqpr-zOHqpFBFBJrXz_lAn8Nr5A1r2K1mw=w180-h180-l90-rj,,Good Goodbye,HWASA,,,Good Goodbye HWASA
2026-09-26,tw,Taiwan,top_songs_weekly,,13,https://yt3.googleusercontent.com/PsYJbvAdtQkONz0UrG64NGMbfBu0Q7H9voCBr3XPGMXbIeKwQ6RkZBPWWdrWF4ZAqsgYXrjBhPwR97FF=w180-h180-l90-rj,,Made My Night,LE SSERAFIM,,,Made My Night LE SSERAFIM
2026-09-26,tw,Taiwan,top_songs_weekly,,14,https://yt3.googleusercontent.com/x1n9RlmWXjSEmxclE2loxdELv0YfMaTgo9k-9XDUxE9IvzUZHiyiJs3gV3_cgCmD7RCUbXWMbqKKxvbjRw=w180-h180-l90-rj,,幸福在歌唱,A-Lin,"12月 25, 2025",434676,"14 2 幸福在歌唱 A-Lin 12月 25, 2025 12 22 434,676"
2026-09-26,tw,Taiwan,top_songs_weekly,,15,https://yt3.googleusercontent.com/g7PNXxOeBil__8Mh6tsgR0KdtqLjUdWMJu8qv5LhbDQmjQZtLgtIDyzr0D10mQ1XvIKZo-fV3N-MCa8O=w180-h180-l90-rj,,西西里,周杰倫,"3月 24, 2026",422040,"15 New 西西里 周杰倫 3月 24, 2026 - 1 422,040"
2026-09-26,tw,Taiwan,top_songs_weekly,,16,https://yt3.googleusercontent.com/_RICA9AQMvaw-SLRBVDVF3rLx6pgeXvy2USuFyueQhhMGAVga26n2brDIIbjNkkYW3xv9LyUdav9rWnKvA=w180-h180-l90-rj,,LEMONADE,aespa,"5月 28, 2026",414127,"16 2 LEMONADE aespa 5月 28, 2026 14 16 414,127"
2026-09-26,tw,Taiwan,top_songs_weekly,,17,https://i.ytimg.com/vi/xsBQtngzcSs/default.jpg,https://www.youtube.com/watch?v=xsBQtngzcSs,螺旋(Acoustic),9Lana,,,螺旋(Acoustic) 9Lana
2026-09-26,tw,Taiwan,top_songs_weekly,,18,https://yt3.googleusercontent.com/3RNsv7dNTYSBpuSWmpWM6PiYgQAaCXKvi8ION2AH2OaQHc-vW5-rJW4PqztU9XGaX-5z3sMc5RMTMc8n=w180-h180-l90-rj,,It's Me,ILLIT,"4月 23, 2026",366404,"18 3 It's Me ILLIT 4月 23, 2026 15 20 366,404"
2026-09-26,tw,Taiwan,top_songs_weekly,,19,https://yt3.googleusercontent.com/u_BV6asN_Hpd5vvtObpp9P_nMF7iJkjpi_LWSF2NUpreyLvh_brmstqv5sWggDbOP1V4ZlEfhTVl1B7z=w180-h180-l90-rj,,BiiiG,BIGBANG,"8月 19, 2026",352097,"19 1 BiiiG BIGBANG 8月 19, 2026 20 5 352,097"
2026-09-26,tw,Taiwan,top_songs_weekly,,20,https://yt3.googleusercontent.com/MhcDYYxdN9hhBcSeY5UrpYFhDyY48ONd30cfWsIcvJo6t7xBujpmiICvHQsSonAU7h720jkwXvS90B7Q=w180-h180-l90-rj,,對等關係 (feat. 張惠妹),Ronghao Li,,,對等關係 (feat. 張惠妹) Ronghao Li
2026-09-26,tw,Taiwan,top_songs_weekly,,21,https://yt3.googleusercontent.com/j_byMYv4R-YHA2jt3wHTFbXOgszR2zo2iSp6ROEq8lWyi-nHnSAP84MWmtGJg9y1L13toWSPvAhm4LI=w180-h180-l90-rj,,"All For You (""Spider-Man: Brand New Day"" Taiwan End Credit Song)",周興哲,,,"All For You (""Spider-Man: Brand New Day"" Taiwan End Credit Song) 周興哲"
2026-09-26,tw,Taiwan,top_songs_weekly,,22,https://yt3.googleusercontent.com/CFrNgBoL1_D5WQ8GKuM5dvi-KDZkOKncu2u28wzwG4mqcguxeIP0HJT422dUDnZVde5yBsiHvWyu9sQU=w180-h180-l90-rj,,大車人生,Cat'sMelody,,,大車人生 Cat'sMelody
2026-09-26,tw,Taiwan,top_songs_weekly,,23,https://yt3.googleusercontent.com/5d51ZlGjNP_Gss3Z3RKP7B98ASQ7pxvp4XI3IAQ3kniFFjgLPDPnR6_K3tYZGoMVvfJYXBtu3awwsTI=w180-h180-l90-rj,,Training Season,Dua Lipa,,,Training Season Dua Lipa
2026-09-26,tw,Taiwan,top_songs_weekly,,24,https://yt3.googleusercontent.com/P7nh5wrrR-WPtCgyz7KZXvAh0Y1ouJBzBRMTemMkcjk00TBATHCowVUI2BMZAx-88N680puN170wzGJq=w180-h180-s-l90-rj,,愛 請問怎麼走,A-Lin,"11月 23, 2012",317208,"24 2 愛 請問怎麼走 A-Lin 11月 23, 2012 22 14 317,208"
2026-09-26,tw,Taiwan,top_songs_weekly,,25,https://yt3.googleusercontent.com/CwtUqDJhEnd9U_GyRBTwrRE0lpNwIgw6ugIlJLbP9EC91DKzgWz1WEo3cmcsdDybIEzTkrZaz_hNttJx=w180-h180-l90-rj,,춤,BABYMONSTER,"5月 4, 2026",314387,"25 4 춤 BABYMONSTER 5月 4, 2026 21 20 314,387"
2026-09-26,tw,Taiwan,top_songs_weekly,,26,https://yt3.googleusercontent.com/QAK5nTHePtUuH5BCRFMc6UIZk7SssfD7UkwFMqh32LaM2eNi6HVmEyZ46a5KsIuhzLv4RiS5srVd_Jcu=w180-h180-l90-rj,,左轉燈 (1000 Times+1) (feat. mac ova seas),派偉俊,,1000,左轉燈 (1000 Times+1) (feat. mac ova seas) 派偉俊
2026-09-26,tw,Taiwan,top_songs_weekly,,27,https://yt3.googleusercontent.com/2-hieEVD7f79K918InakgMwDVR7M3RFPpa9BFsdJi7axTA8rrfF2psRUnBk9b8QXmiuswUxif82gxxI=w180-h180-l90-rj,,CLICK,JISOO,"9月 4, 2026",274817,"27 23 CLICK JISOO 9月 4, 2026 4 2 274,817"
2026-09-26,tw,Taiwan,top_songs_weekly,,28,https://yt3.googleusercontent.com/Hu7ZkuL_0u5n743V1G1PR_Onmli50SNAT8Hj30ZIgz-h6w44OW0XKySxtI2hwOuHrTM4h8e_3pQBkKntSw=w180-h180-l90-rj,,玻璃,Gareth.T,"5月 19, 2026",269538,"28 ● 玻璃 Gareth.T 5月 19, 2026 28 18 269,538"
2026-09-26,tw,Taiwan,top_songs_weekly,,29,https://yt3.googleusercontent.com/0zd99oykz1u3Jq2OfHFuvRt6uYBvICuVd4FoiUevpmwklCtpRe9Aid5FaO0Qozq3polze6BXVY16n_02eQ=w180-h180-l90-rj,,此刻 (《早春晴朗》電視劇情深限定曲&片尾曲),TIA RAY,,,此刻 (《早春晴朗》电视剧情深限定曲&片尾曲) TIA RAY
2026-09-26,tw,Taiwan,top_songs_weekly,,30,https://yt3.googleusercontent.com/NGRpTBuhzFfsExxHqif6afpHZYiQV-Bl_nb55_7zskBAoIjn653TgXxUXyMu-FUPEIF5aveFtwqocL8=w180-h180-l90-rj,,Yu Ai,楊丞琳,"12月 29, 2009",267773,"30 4 Yu Ai 楊丞琳 12月 29, 2009 34 8 267,773"
2026-09-26,tw,Taiwan,top_songs_weekly,,31,https://yt3.googleusercontent.com/pWQjy5MPyAKZOCKVK4Lwl652zGhrGi6KQKxIgp6D1b8jv29nCDzvf-VSSv0r4Ht5DGGwCC2LGe4uyzU=w180-h180-l90-rj,,STORM,GENER8ION / Yung Lean,,,STORM GENER8ION & Yung Lean
2026-09-26,tw,Taiwan,top_songs_weekly,,32,https://yt3.googleusercontent.com/HQMhVerQqgh-sPpn7jkcpoAiST4qynxX-PQGp-mIVT3WZ82R4ZSbvc0NAcup2x3WwJWdFSSBSBNk5P6LMA=w180-h180-l90-rj,,鹹酸苦汫 (電影《網紅老爸》片尾曲),王識賢 / 麋先生,,,鹹酸苦汫 (電影《網紅老爸》片尾曲) 王識賢 & 麋先生
2026-09-26,tw,Taiwan,top_songs_weekly,,33,https://yt3.googleusercontent.com/ZHk9GOw4QvsY5d4z2P9qIT-XknUd1ANn4VbjEM93k3HdbZD89oX4ZgP-YD24a8BkAmrz7S_bqrMAunlHzA=w180-h180-l90-rj,,把你還給你,Nyxx.,"6月 19, 2026",259750,"33 4 把你还给你 Nyxx. 6月 19, 2026 29 6 259,750"
2026-09-26,tw,Taiwan,top_songs_weekly,,34,https://yt3.googleusercontent.com/Z1zBWGQCqrdWCjc1EZWMcXWTCKPAuLY3piV9YV3ck69ip3KjTWhMgOAbqaKM6qeFZGxfMDU9sQDKv3hD=w180-h180-l90-rj,,再見的時候-電影〈陽光女子合唱團〉主題曲-再見版,洪佩瑜,,,再見的時候-電影〈陽光女子合唱團〉主題曲-再見版 洪佩瑜
2026-09-26,tw,Taiwan,top_songs_weekly,,35,https://yt3.googleusercontent.com/vh2XcFp4zh-nZ6NqP9LnL7I5UiP82vGTUxJA3fT9HLlaOo6g_KHSqEOooLxFycX51eHRAHpcK-YOgqqC=w180-h180-l90-rj,,愛存在,Diana Wang,"7月 17, 2013",256954,"35 35 愛存在 Diana Wang 7月 17, 2013 - 3 256,954"
2026-09-26,tw,Taiwan,top_songs_weekly,,36,https://yt3.googleusercontent.com/Zl6lT-8KgSYiXI08I5ilE35LaWaDpVFYdBIEn_g_gJRGTBlb6xlMn4Ws226L3nMuhWl9UxRQZq5c1pZF=w180-h180-l90-rj,,REDRED,CORTIS,"4月 20, 2026",255479,"36 ● REDRED CORTIS 4月 20, 2026 36 22 255,479"
2026-09-26,tw,Taiwan,top_songs_weekly,,37,https://yt3.googleusercontent.com/9kXVLbhQ7v4JHyRDJgGcLwDKysXCC98ukBdPLgLMtiQkY-ntHmrwHiud-tTRT2jMOqJiYUjedOzMw79opA=w180-h180-l90-rj,,老朋友,黃奇斌,"6月 28, 2026",245686,"37 19 老朋友 黃奇斌 6月 28, 2026 18 3 245,686"
2026-09-26,tw,Taiwan,top_songs_weekly,,38,https://yt3.googleusercontent.com/GBUFNHwzO_v_IJ1e1iLRCgA9zJUO97qxZgLBAJyr2WyFzk7kV9yWMAVF7Ha6h8As3tNXbfeksFOdZeE=w180-h180-l90-rj,,SUGAR HONEY ICE TEA,BABYMONSTER,,,SUGAR HONEY ICE TEA BABYMONSTER
2026-09-26,tw,Taiwan,top_songs_weekly,,39,https://yt3.googleusercontent.com/_mqt5acHFe8rZS-NF3KSARL8veAZZsCexzTyu5NnC8Jr3grBhO58W3YIIvw4nPh7YrSs07tMzoIsjUA=w180-h180-l90-rj,,Alone,A-Lin,"6月 11, 2026",238765,"39 6 Alone A-Lin 6月 11, 2026 33 14 238,765"
2026-09-26,tw,Taiwan,top_songs_weekly,,40,https://yt3.googleusercontent.com/FBsKSRbF9dD9gKsMouEBNIymlDObANdcnZk4Lf_5QgTiq7V3gchHRsBXGgOLgDOOJuGkajoF5K-4qeA=w180-h180-l90-rj,,RUDE!,Hearts2Hearts,,,RUDE! Hearts2Hearts
2026-09-26,tw,Taiwan,top_songs_weekly,,41,https://yt3.googleusercontent.com/Wa4HVLZ8awaP6kQXG3146dh6xkA0_ET2LwZfUP_1g_PBdFLs1RuEa5UlC7-on9giMwxBjVT1V05i0B0=w180-h180-l90-rj,,瞬,鄭潤澤,"7月 17, 2023",225988,"41 9 瞬 郑润泽 7月 17, 2023 32 3 225,988"
2026-09-26,tw,Taiwan,top_songs_weekly,,42,https://yt3.googleusercontent.com/jXXzY2fTfxgr0_wR_I_V8W3Ai0L3ece217Biqm0tY36I9VAoce09xXmjgt8mXggTVgGGBHdJ3eAyICY=w180-h180-l90-rj,,Beauty And A Beat (feat. Nicki Minaj),Justin Bieber,,,Beauty And A Beat (feat. Nicki Minaj) Justin Bieber
2026-09-26,tw,Taiwan,top_songs_weekly,,43,https://yt3.googleusercontent.com/CwtUqDJhEnd9U_GyRBTwrRE0lpNwIgw6ugIlJLbP9EC91DKzgWz1WEo3cmcsdDybIEzTkrZaz_hNttJx=w180-h180-l90-rj,,I LIKE IT,BABYMONSTER,,,I LIKE IT BABYMONSTER
2026-09-26,tw,Taiwan,top_songs_weekly,,44,https://yt3.googleusercontent.com/KkiZjgUI7ADMjnfu90T8szhJ3CqljSdGDIpo3iNmOltOgewijZyI_Z2TQiXDdCN2jlozAVXNjuiyiSsL=w180-h180-l90-rj,,캐치 캐치,YENA,"3月 11, 2026",220852,"44 1 캐치 캐치 YENA 3月 11, 2026 45 22 220,852"
2026-09-26,tw,Taiwan,top_songs_weekly,,45,https://yt3.googleusercontent.com/xN2jApY7IPbNKX8EBqPWSptdyaYw-c6od79aP2RKE65OofIGYEyjwX-51b7MEYDzK3yUZAO9i9lPQnnp=w180-h180-l90-rj,,First Love,宇多田光,"3月 10, 1999",217485,"45 3 First Love 宇多田光 3月 10, 1999 48 2 217,485"
2026-09-26,tw,Taiwan,top_songs_weekly,,46,https://yt3.googleusercontent.com/jazXExZmPMVca4047wlQSvgqxBSfpDvKHKxYMZ6ov_0lmuCSw8WPDQxaURkxo3XxIK4cYXvyNFpsIzI=w180-h180-l90-rj,,Avalokiteśvara (Remix),Marz23,,,Avalokiteśvara (Remix) Marz23
2026-09-26,tw,Taiwan,top_songs_weekly,,47,https://yt3.googleusercontent.com/wD3mauH_tBTmRaotgPoKn6CB-IPXVpQHWY1uuiKOmDWWzMj6w0tgD_SBCoGAE9mPNqC3IrhXDdXVDj6J=w180-h180-l90-rj,,Hard to say,Karencici,,,Hard to say Karencici
2026-09-26,tw,Taiwan,top_songs_weekly,,48,https://yt3.googleusercontent.com/4XTsp6QBzRlT7L7B4ThDTrRtv8RGTRWQWwNm0PV5bMMZzZcUMcVkbqTY2JrG82zQhKnVybNqMzFIkmM=w180-h180-l90-rj,,夜市王,GENBLUE 幻藍小熊,,,夜市王 GENBLUE 幻藍小熊
2026-09-26,tw,Taiwan,top_songs_weekly,,49,https://yt3.googleusercontent.com/k9Zz4qtPSf-PysF9yIdUbgCvXEGPMX4O860UooxFo7ZViPhg0SIqrEBIrzLyTg4XbqNfuOwBBlQYuf5zBA=w180-h180-l90-rj,,甲乙丙丁 (你我怎麼兩清) (Live),張碧晨 / 侯明昊,,,甲乙丙丁 (你我怎么两清) (Live) 張碧晨 & 侯明昊
2026-09-26,tw,Taiwan,top_songs_weekly,,50,https://yt3.googleusercontent.com/QoHgafB1DKKUqF2AfynpTHInNxpD0-z9LtMaIS0KFJzF5Q4WYpzLi7_UvVUM9yzQbaFilH0yTl7b4NCNqg=w180-h180-l90-rj,,你講的話,江蕙,"5月 18, 2013",203808,"50 20 你講的話 江蕙 5月 18, 2013 70 7 203,808"
2026-09-26,tw,Taiwan,top_songs_weekly,,51,https://yt3.googleusercontent.com/fRSFMXHsB2vcvpNmsdO1kj80-k7G0R9obSJJDUvIBcpbbheaazlANb2eQO1uW1uPrDwFVKv1YmIYqfMHzg=w180-h180-l90-rj,,小妹別慌 (臺中市押韻),徐晧程,,,小妹別慌 (台中市押韻) 徐晧程
2026-09-26,tw,Taiwan,top_songs_weekly,,52,https://yt3.googleusercontent.com/D_EBcvV_RhBFbr1aHVP2Fpbk7llVEpgIAOI95cOn0-5tP7MnntPBp8ihMutvFB1kZThtVWoG1noPtseY=w180-h180-s-l90-rj,,浪人的…,張震嶽,"5月 11, 2025",201024,"52 ● 浪人的… 張震嶽 5月 11, 2025 52 12 201,024"
2026-09-26,tw,Taiwan,top_songs_weekly,,53,https://yt3.googleusercontent.com/CwtUqDJhEnd9U_GyRBTwrRE0lpNwIgw6ugIlJLbP9EC91DKzgWz1WEo3cmcsdDybIEzTkrZaz_hNttJx=w180-h180-l90-rj,,MOON,BABYMONSTER,,,MOON BABYMONSTER
2026-09-26,tw,Taiwan,top_songs_weekly,,54,https://yt3.googleusercontent.com/baVGe7JSXfC5uZUNgrtjT6h4wAz2ycj5Uk08eQ0cXTVZ-nQnwZq7xj-kHoGv1SvtlTK-Qqwi60HhFfIX=w180-h180-l90-rj,,I Am Fine,孫燕姿,"1月 10, 2003",186700,"54 13 I Am Fine 孫燕姿 1月 10, 2003 67 4 186,700"
2026-09-26,tw,Taiwan,top_songs_weekly,,55,https://yt3.googleusercontent.com/uGNoVpZu0jXTkXOX-qpOiHuVHqT9H8zNlU00UvlLnE0k2n0tmdJNZ3_pIQxBJN9_PwyMskOCInxTS8pW5w=w180-h180-l90-rj,,淚海,許茹芸,"3月 28, 1996",185869,"55 41 淚海 許茹芸 3月 28, 1996 96 4 185,869"
2026-09-26,tw,Taiwan,top_songs_weekly,,56,https://yt3.googleusercontent.com/Kctm2l61Bt1WE83MrNMFLn5IPQg536dMkPptDB6DAKExVlxyf60GhVtsNPiiOVdatRoEsvFMPwgjhtI=w180-h180-l90-rj,,如果我很平庸,陳華,"5月 7, 2026",179474,"56 1 如果我很平庸 陳華 5月 7, 2026 55 15 179,474"
2026-09-26,tw,Taiwan,top_songs_weekly,,57,https://yt3.googleusercontent.com/dg3C1N2lzwMjd_wA_TxabQGMkE06gAf4baUeQ9zj2a47hZeWhtg78qH9rlmHmJXsm3tKYigbVQANqY9AUw=w180-h180-l90-rj,,別戀,派偉俊,"7月 30, 2026",179129,"57 7 別戀 派偉俊 7月 30, 2026 50 7 179,129"
2026-09-26,tw,Taiwan,top_songs_weekly,,58,https://yt3.googleusercontent.com/ftLI9xhlqafrAPZohejYNd0boN6wsKC7t-7gkZrebl6dNMPt38JQbpAutLlUIh2FlinRghAbOMDwD39bOg=w180-h180-s-l90-rj,,Na Zou Le Shen Mo,A-Lin,,,Na Zou Le Shen Mo A-Lin
2026-09-26,tw,Taiwan,top_songs_weekly,,59,https://yt3.googleusercontent.com/PwQ543AKPc8tF0yUiz3e3s-Wy45l71Byt6T78PYeTB7Q0Jckq3C5d9P7faRc7OE5OTypbkxl4qFuVkI=w180-h180-l90-rj,,Less than a Lover,Jennie,,,Less than a Lover Jennie
2026-09-26,tw,Taiwan,top_songs_weekly,,60,https://yt3.googleusercontent.com/0zd99oykz1u3Jq2OfHFuvRt6uYBvICuVd4FoiUevpmwklCtpRe9Aid5FaO0Qozq3polze6BXVY16n_02eQ=w180-h180-l90-rj,,路過晴朗 (《早春晴朗》電視劇主題曲),汪蘇瀧,,,路过晴朗 (《早春晴朗》电视剧主题曲) 汪蘇瀧
2026-09-26,tw,Taiwan,top_songs_weekly,,61,https://yt3.googleusercontent.com/VYJ4bYyHupJe1K4y3eWrg82IfGioP6rzeSJ0-hdTB-llJn5MbE9GCeWOA4ZwLyG7gyuYORWUbVvGMHbq=w180-h180-l90-rj,,FALLEN ANGEL,Jennie,,,FALLEN ANGEL Jennie
2026-09-26,tw,Taiwan,top_songs_weekly,,62,https://yt3.googleusercontent.com/9kXVLbhQ7v4JHyRDJgGcLwDKysXCC98ukBdPLgLMtiQkY-ntHmrwHiud-tTRT2jMOqJiYUjedOzMw79opA=w180-h180-l90-rj,,綿綿無絕期,黃奇斌,"6月 28, 2026",168989,"62 9 綿綿無絕期 黃奇斌 6月 28, 2026 53 10 168,989"
2026-09-26,tw,Taiwan,top_songs_weekly,,63,https://yt3.googleusercontent.com/iCxIuB_4hL3AJHx6CQHqrPz_kSitbLkCD8ln9f8i96LjKUK8hGGS1KqO9Es3y-NItDk0YTRy-dbsyOJI=w180-h180-l90-rj,,兩難,加木,"8月 17, 2024",168714,"63 New 两难 加木 8月 17, 2024 - 1 168,714"
2026-09-26,tw,Taiwan,top_songs_weekly,,64,https://yt3.googleusercontent.com/6LDZTIjk3nbSSsG8J0M2_ME4KWzt4MTZ7oqrZlWg-uZ1gRWnBKt9ySPibZ5l7GJ_-j6gB6hv-qLNaPE=w180-h180-l90-rj,,hate that i made you love me,Ariana Grande,,,hate that i made you love me Ariana Grande
2026-09-26,tw,Taiwan,top_songs_weekly,,65,https://yt3.googleusercontent.com/e_KhStFaUpXtdfyncHtYOBGibpgdw3fVixG8H0_E8aIW6G0Op9wo4jQqWsfHCEMaI96DnhsqlHM9Yzck=w180-h180-l90-rj,,연애의 조건,BESTie(베스티),,,연애의 조건 BESTie(베스티)
2026-09-26,tw,Taiwan,top_songs_weekly,,66,https://yt3.googleusercontent.com/IBwK4LOs4sO-Cd-_5YO4XC2B2N1hvyBvKfr60tT_ljIuwmOuVWWW2NypbcvzKgScVAbRsWEYbmsjfcm2cw=w180-h180-l90-rj,,Sunflower,Post Malone / Swae Lee,,,Sunflower Post Malone & Swae Lee
2026-09-26,tw,Taiwan,top_songs_weekly,,67,https://yt3.googleusercontent.com/wO-brpVQUt_3eKSI86ufqbSTPY-kQHZ9TSgwToJ8S7-pwDLgVMx7DV3MWnGocLkqwyg5eb6WGHSxCgTHaw=w180-h180-l90-rj,,SUN KISS,TUIDE (튜이드),,,SUN KISS TUIDE (튜이드)
2026-09-26,tw,Taiwan,top_songs_weekly,,68,https://yt3.googleusercontent.com/6EvUyXjf6Gg5CzRYO30cW81obKZVvRKHn06904CV23-xRTuxjHbhtHvThWUCGzDtt2c5-D-D-tuWFb-IKw=w180-h180-l90-rj,,失憶,Li Jiawei,"9月 5, 2026",157793,"68 New 失忆 Li Jiawei 9月 5, 2026 - 1 157,793"
2026-09-26,tw,Taiwan,top_songs_weekly,,69,https://yt3.googleusercontent.com/iQvesTkRBWSyBNrSPLLQVGkjci2_CpSzqSnDgTbOlzAJ4sVYjL4MtymfZmvp6EHmnx3JKeaoEoN6a95T=w180-h180-l90-rj,,我甘願重新愛過,玖壹壹,"5月 19, 2026",157705,"69 9 我甘願重新愛過 玖壹壹 5月 19, 2026 60 18 157,705"
2026-09-26,tw,Taiwan,top_songs_weekly,,70,https://yt3.googleusercontent.com/oybEM48PiX0ICiGU1qNrDq-wnE2EEVexHodNAEmLnM9jn9BiGirZgYJUt-1NPRRxnwU7fbOWsHNPNzqj=w180-h180-l90-rj,,空心,光澤,"10月 14, 2016",155240,"70 70 空心 光澤 10月 14, 2016 - 5 155,240"
2026-09-26,tw,Taiwan,top_songs_weekly,,71,https://yt3.googleusercontent.com/otnHO5vLkjZfmXCIxxkX3Q13QALw00NuNdXV7YZumu8b_apxMYMAMBDT9WgihEfFX7DOK6VE_nzeGyLJzg=w180-h180-l90-rj,,聽見下雨的聲音,魏如昀,"9月 18, 2013",153372,"71 5 聽見下雨的聲音 魏如昀 9月 18, 2013 66 3 153,372"
2026-09-26,tw,Taiwan,top_songs_weekly,,72,https://yt3.googleusercontent.com/trhero5UCoGc4OguktsWuF-jqvj2DVShQjwlLyGgZCDwauKMH4fVUhpW6mptNHdi4lGdKfH-Qq4vaUqC=w180-h180-l90-rj,,Skibidi,Girls' Generation,,,Skibidi Girls' Generation
2026-09-26,tw,Taiwan,top_songs_weekly,,73,https://yt3.googleusercontent.com/dfTaw-LhxWVGPdbKfML-ybvDnOySHxxbyyK_yJDSxnP1GDgcaW0obc5ZeeS6cTpJ-lu-CyiyA_VyGZr2=w180-h180-l90-rj,,Unknown Planet,IU,,,Unknown Planet IU
2026-09-26,tw,Taiwan,top_songs_weekly,,74,https://yt3.googleusercontent.com/ZK7b8kQckXiCZ3RAg19xlkks8hLbsDy8vUy-LEU3Km8dmYG40cM5q2k5VzYHcdIniQkyY2MXYzsZXA5fEA=w180-h180-l90-rj,,最笨的人是我,Abin Fang,,,最笨的人是我 Abin Fang
2026-09-26,tw,Taiwan,top_songs_weekly,,75,https://yt3.googleusercontent.com/52FX3X2911fKvmPIOwgiTneeDhZUw5M8hs0nA5-BqqMgUpC9LRQilyu9M5ZDp5Ob3gPMd2bpsjBIJbM=w180-h180-l90-rj,,空心 (Live),黃霄雲 / 劉端端,,,空心 (Live) 黃霄雲 & 刘端端
2026-09-26,tw,Taiwan,top_songs_weekly,,76,https://yt3.googleusercontent.com/hWt7U2cP1ow_S5512XKXbBGu2NUTwkT3wTdkbQyZPfCv9ogotsZZm2LxvtZRIbHHKkG0Ll87Otn-BvmL=w180-h180-l90-rj,,你不該權衡利弊 (R&B) 微醺版,KAI川,,,你不该权衡利弊 (R&B) 微醺版 KAI川
2026-09-26,tw,Taiwan,top_songs_weekly,,77,https://yt3.googleusercontent.com/bMQLAiYFfeh4rRtPoMKMYJLpk9giBfDjoAnHCBsGh4EhuR-5eVjf9UUEg-cgC0cqEPwUIW3AU7R7jtWqCw=w180-h180-l90-rj,,Heavy Serenade,NMIXX,,,Heavy Serenade NMIXX
2026-09-26,tw,Taiwan,top_songs_weekly,,78,https://yt3.googleusercontent.com/kU0q_wzctvQiiEOrdeQSs4obhYpumvnJ46g_kNDFJesWsiMSmr1DWWPRK2gDF57q44a-_l6vK5OIlk42=w180-h180-l90-rj,,最後一個謊,理想混蛋 Bestards,,,最後一個謊 理想混蛋 Bestards
2026-09-26,tw,Taiwan,top_songs_weekly,,79,https://yt3.googleusercontent.com/sSicL8DW8R3MvJHZTJXcnpVLePKSVyHRYl-GpBCOWzULQOqRut_C3nd2hpOYkpXFWE2xPIW--qY4hym1TA=w180-h180-l90-rj,,夜に駆ける,YOASOBI,"11月 16, 2019",144287,"79 New 夜に駆ける YOASOBI 11月 16, 2019 - 1 144,287"
2026-09-26,tw,Taiwan,top_songs_weekly,,80,https://yt3.googleusercontent.com/moXpr_lvHpb9m70jTjr-0GE63_VyHivgmyH7UPBJmgwWPHwwmvhxDPPZtdAhCFo7CdzmzIGwBE3cn4VuCQ=w180-h180-l90-rj,,Dai Dai,Shakira / Burna Boy,,,Dai Dai Shakira & Burna Boy
2026-09-26,tw,Taiwan,top_songs_weekly,,81,https://yt3.googleusercontent.com/aixVDum8bIjxh-zawNsilqtKif-lH5ogu3B5eUMGp6BPilm5_iYJs5aon8gDUa5Cd5ec67lClIkEwoE6=w180-h180-l90-rj,,Pretender,Official髭男dism,,,Pretender Official髭男dism
2026-09-26,tw,Taiwan,top_songs_weekly,,82,https://yt3.googleusercontent.com/n3AgjXSmLDb8kOK2zehyjSUre_U30fLN-ZqEgoDkvpgvYKOoEtyjVB8TQMsupziq7Bgn93P2epyxOFM=w180-h180-l90-rj,,座位,於冬然,"2月 10, 2025",138573,"82 8 座位 于冬然 2月 10, 2025 74 4 138,573"
2026-09-26,tw,Taiwan,top_songs_weekly,,83,https://yt3.googleusercontent.com/Tvrja_BwFuzNx7aghtrKUDJe8uh_EPgCFP3jbIIzHrea1lRze24Eltt0-5nDK0_52Qf1YrkxRNKunG9S=w180-h180-l90-rj,,明信片,PPlin 林芃逸 / TIAB,,,明信片 PPlin 林芃逸 & TIAB
2026-09-26,tw,Taiwan,top_songs_weekly,,84,https://yt3.googleusercontent.com/Td0M1TUnJJjVwyU3T2FxcafYJQ5M_u-1n9RvAUg5-zZ_0HPnTnGjZcG2QIitjgQXh2SPnk37usztqVRS=w180-h180-l90-rj,,這號人 Invisible Ones,徐暐翔Vash Hsu,,,這號人 Invisible Ones 徐暐翔Vash Hsu
2026-09-26,tw,Taiwan,top_songs_weekly,,85,https://yt3.googleusercontent.com/ugpyRxhD8Nqn2Jrvh3w0dxJXZGysSSBCB3INhfSh8ufeiy5YL8ZRL8lyfiLHoo6Lu1_lqm7umyX9MQ2Q=w180-h180-l90-rj,,BOOMPALA,LE SSERAFIM,,,BOOMPALA LE SSERAFIM
2026-09-26,tw,Taiwan,top_songs_weekly,,86,https://yt3.googleusercontent.com/W7Un8lWNOjj3MVgksGNNmmVMDI9MXWyg7-gg2wZZUfNlgAGLWGIgjEy6-TYoO52YotD7p_DArEW-It0Obw=w180-h180-s-l90-rj,,開始懂,孫燕姿,"12月 7, 2000",127790,"86 6 開始懂 孫燕姿 12月 7, 2000 92 17 127,790"
2026-09-26,tw,Taiwan,top_songs_weekly,,87,https://yt3.googleusercontent.com/IX-QEr9pFD41clJP-q_Yg462m02Ni_6PjBQ9TpaGtzb4sT0eH1ZC6dy_ZxcqVIEZF9ipY9FgIirPJPh6=w180-h180-l90-rj,,ICONIC BY MISTAKE,LE SSERAFIM / ILLIT / KATSEYE,,,"ICONIC BY MISTAKE LE SSERAFIM , ILLIT & KATSEYE"
2026-09-26,tw,Taiwan,top_songs_weekly,,88,https://yt3.googleusercontent.com/yrEYOrDzexujioIxF4uN4DfxXbEbvAQ5alB2gaiIgTOnIJSoXsmo9IYmyxZSMDskZD4CcyOQRkVkEhkTlg=w180-h180-l90-rj,,Payphone (feat. Wiz Khalifa),Maroon 5,,,Payphone (feat. Wiz Khalifa) Maroon 5
2026-09-26,tw,Taiwan,top_songs_weekly,,89,https://i.ytimg.com/vi/iyf-LWYGgiE/default.jpg,https://www.youtube.com/watch?v=iyf-LWYGgiE,雨是神的煙花,歪歪超,"1月 5, 2026",127258,"89 21 雨是神的煙花 歪歪超 1月 5, 2026 68 12 127,258"
2026-09-26,tw,Taiwan,top_songs_weekly,,90,https://yt3.googleusercontent.com/nLegB4efJCWYIbUYS1kUVXxa9faci2WNrageZeTstithInYPauO6dsETkeg4BuWvtOxCGU_oRDpG5o_r=w180-h180-l90-rj,,Pop Off Pop Off,KiiiKiii,,,Pop Off Pop Off KiiiKiii
2026-09-26,tw,Taiwan,top_songs_weekly,,91,https://yt3.googleusercontent.com/qEAB_WODsFCj2sbUB87sicy4eRLdw-m3MkNBF1pF_661WO_4DBa9G4_8mBZm9iAnTCgWK4YHRFZCR5H7=w180-h180-l90-rj,,語音鈴聲,韋德WADE / 齊翔 XIANG,,,語音鈴聲 韋德WADE & 齊翔 XIANG
2026-09-26,tw,Taiwan,top_songs_weekly,,92,https://yt3.googleusercontent.com/aCb1_CncYx569yVxZkopuMucbT-LCZMf4GKI133hcM0TeT41jiaPXWavvyfiv5iRqLXTrvgsxNTFsVFx=w180-h180-l90-rj,,她已不再是那個女孩,DIOR 大穎,,,她已不再是那個女孩 DIOR 大穎
2026-09-26,tw,Taiwan,top_songs_weekly,,93,https://yt3.googleusercontent.com/zFYEczPrSAG6InYrdt2-qZhatjvS6UGEU9ddS9KOadAAroJ3Ee2qz0YsXlh4KlXZEkRHKIz5MfS--z4c=w180-h180-l90-rj,,This & That,Stray Kids,,,This & That Stray Kids
2026-09-26,tw,Taiwan,top_songs_weekly,,94,https://yt3.googleusercontent.com/uSn-rJDySktXUKEoaQ0-DBtx6yskPigIxyrrdkUUKq3oC0Jo0xcjI7_voyo3ZH2URmx14LO9i7aZAHXK=w180-h180-l90-rj,,講袂出喙的情話,許富凱,"3月 31, 2026",122975,"94 11 講袂出喙的情話 許富凱 3月 31, 2026 83 9 122,975"
2026-09-26,tw,Taiwan,top_songs_weekly,,95,https://yt3.googleusercontent.com/pFgsdrdr0C9Vi2H6cvdbqIn0nkZeVRySFjhdwg1IpFHKA2sGKirOdHpA5EdOBxyUpQUfIy0jwY2eZ2BH=w180-h180-l90-rj,,捨不得又沒資格,Da Yin,"7月 17, 2026",122959,"95 24 舍不得又没资格 Da Yin 7月 17, 2026 71 6 122,959"
2026-09-26,tw,Taiwan,top_songs_weekly,,96,https://yt3.googleusercontent.com/T6fJFX5iqIMZSRGM7EFLyj72Zup895Yjgh5-SVKJRlDw6qIxJpr8HoFtOgcRjFftcyKCxIg74PA6rQyP=w180-h180-l90-rj,,捨不得又沒資格,Lei Chei,,,捨不得又沒資格 Lei Chei
2026-09-26,tw,Taiwan,top_songs_weekly,,97,https://yt3.googleusercontent.com/o4bUVF_AVhhzz1on5wide8tWjZ5L321GUg4G9foNeOIuf00M0BFj1I24pQXxhLFZJvm6XgTBGab83HuUIw=w180-h180-l90-rj,,借一場雨,en,"6月 22, 2023",122631,"97 15 借一场雨 en 6月 22, 2023 82 2 122,631"
2026-09-26,tw,Taiwan,top_songs_weekly,,98,https://yt3.googleusercontent.com/9xTzbEHY-KZRUKn0sv7xmGNrPzEMoLEaAvGKwWA4at1acPjKma40lRTj1RN_0WPVidV636Y_WDE-LmQJ=w180-h180-s-l90-rj,,愛在西元前,周杰倫,"9月 14, 2001",122389,"98 1 愛在西元前 周杰倫 9月 14, 2001 99 2 122,389"
2026-09-26,tw,Taiwan,top_songs_weekly,,99,https://yt3.googleusercontent.com/Ye6ZN2JoKXqWCXMrAVjbCjZfjj5vmFtPN9Eh4MwooQHEcr9xbOwqF4s4Yp9GWrY4D4JZH5pYO30ilTOvTw=w180-h180-l90-rj,,心牆,郭靜,"5月 22, 2009",120535,"99 2 心牆 郭靜 5月 22, 2009 97 4 120,535"
2026-09-26,tw,Taiwan,top_songs_weekly,,100,https://yt3.googleusercontent.com/q9vnbwdvr4hWBB3Q80l83xzUn9LXXyW7TxArA1fGpHba57SrIo8C3VlcAycsJVc92IaAdZmU34ylfi_a=w180-h180-l90-rj,,GG EZ,M.Sasuke,"5月 27, 2026",119848,"100 21 GG EZ M.Sasuke 5月 27, 2026 79 12 119,848"
2026-09-26,jp,Japan,top_songs_weekly,,1,https://yt3.googleusercontent.com/pi5QDwxz6w2nNShQqq_Hfgz17GISa97pP7pNbc7EwjBbkD1SF4L3uaHfarQT--6nnqPO0LmumW1YuBv0=w180-h180-l90-rj,,"Yes! 東京 (feat. SUPER DRAGON, 櫻花蘑菇, ONE N' ONLY, BUDDiiS, ICEx & Lienel)",EBiDAN Ebisu Gakuen Boys Club / Chotokkyu / M!LK / GNJB,,,"Yes! 東京 (feat. SUPER DRAGON, 櫻花蘑菇, ONE N' ONLY, BUDDiiS, ICEx & Lienel) EBiDAN Ebisu Gakuen Boys Club , Chotokkyu , M!LK & GNJB"
2026-09-26,jp,Japan,top_songs_weekly,,2,https://yt3.googleusercontent.com/6N7-lKoQ7_9VRbWTuOjT_TU-ddhWXCifEn7u2IzRZFkfO0x8VB33iyspK_s7s3zEHtoCxIqmr1M7o3W8=w180-h180-l90-rj,,時空超えてユニバース,M!LK,"9月 6, 2026",6107712,"2 8 時空超えてユニバース M!LK 9月 6, 2026 10 2 6,107,712"
2026-09-26,jp,Japan,top_songs_weekly,,3,https://yt3.googleusercontent.com/3RNsv7dNTYSBpuSWmpWM6PiYgQAaCXKvi8ION2AH2OaQHc-vW5-rJW4PqztU9XGaX-5z3sMc5RMTMc8n=w180-h180-l90-rj,,It's Me,ILLIT,"4月 23, 2026",3851522,"3 ● It's Me ILLIT 4月 23, 2026 3 21 3,851,522"
2026-09-26,jp,Japan,top_songs_weekly,,4,https://yt3.googleusercontent.com/EsTVxZWnPqCU5oalIs492UmiVQLsg66BhJsmIPVXRboF6wUkiQpTpVV8VThBDxp7Myx9E7JfWixyS7j8jw=w180-h180-l90-rj,,好きすぎて滅！,M!LK,"10月 26, 2025",3709972,"4 ● 好きすぎて滅！ M!LK 10月 26, 2025 4 47 3,709,972"
2026-09-26,jp,Japan,top_songs_weekly,,5,https://yt3.googleusercontent.com/f9lxXT-vZS7et6eba46HugTyEmHipxZO4mgFKt4IhX-njwUu2MKB9huUKXoTLVqaXqXn6qoqjazzIRsK2A=w180-h180-l90-rj,,爆裂愛してる,M!LK,"2月 8, 2026",3581964,"5 ● 爆裂愛してる M!LK 2月 8, 2026 5 32 3,581,964"
2026-09-26,jp,Japan,top_songs_weekly,,6,https://yt3.googleusercontent.com/clwFNHaSR_HIJ87iSODiSkT135H8rFBWKLG3J5p6uModIApxycO3vYoRCsGOANbZcbPf51ljpGc8mKw=w180-h180-l90-rj,,エアロピクルス,KomeAnime,,,エアロピクルス KomeAnime
2026-09-26,jp,Japan,top_songs_weekly,,7,https://yt3.googleusercontent.com/VGf2lFXKQdSyrz2g3Czj66doPtUxvJBrWDK6UFeOj8zRqS-tgs_D8FG5-8pYTX-Uh9FxZBDJIXtN1nKF=w180-h180-l90-rj,,IRIS OUT,米津玄師,"9月 14, 2025",2838260,"7 ● IRIS OUT 米津玄師 9月 14, 2025 7 53 2,838,260"
2026-09-26,jp,Japan,top_songs_weekly,,8,https://yt3.googleusercontent.com/XgS_SPt-MqOiGbJUk-lzy-I83kOKLhy0t486ZRYRABteg3g8QcCJcgaWAme0wYLxuESlbdv7lP5GoCQc=w180-h180-l90-rj,,Brand New,Mrs. GREEN APPLE,,,Brand New Mrs. GREEN APPLE
2026-09-26,jp,Japan,top_songs_weekly,,9,https://yt3.googleusercontent.com/PsYJbvAdtQkONz0UrG64NGMbfBu0Q7H9voCBr3XPGMXbIeKwQ6RkZBPWWdrWF4ZAqsgYXrjBhPwR97FF=w180-h180-l90-rj,,Made My Night,LE SSERAFIM,,,Made My Night LE SSERAFIM
2026-09-26,jp,Japan,top_songs_weekly,,10,https://yt3.googleusercontent.com/2hWC0UZO4iNWZMU3kr9ytZyd2wxXGQ9fBXh7R0BAU_-Vmqx4nraoDgB2d90ZjRS__x7gBubiO90epr0v=w180-h180-l90-rj,,マイオンリー,SixTONES,"7月 11, 2026",2159180,"10 3 マイオンリー SixTONES 7月 11, 2026 13 10 2,159,180"
2026-09-26,jp,Japan,top_songs_weekly,,11,https://yt3.googleusercontent.com/OlsyF8L82chwdoVqON-g5H3BsEEgA0zSIYU_6SIZgMtLe0QzZPxzno91C6zJktuon6rjAv_UbmggkO_vyQ=w180-h180-l90-rj,,BAD,ATEEZ,"5月 22, 2026",1856975,"11 6 BAD ATEEZ 5月 22, 2026 17 10 1,856,975"
2026-09-26,jp,Japan,top_songs_weekly,,12,https://yt3.googleusercontent.com/Kf_3gAzWFb1fRryiS3NPToSgN0VrlPyyOf2aAeKpepqczZ0KaKBU044od2lzmYEzCX7jUgyAqxWcKqaB=w180-h180-l90-rj,,見知らぬ糸,SPITZ,"8月 6, 2026",1828591,"12 2 見知らぬ糸 SPITZ 8月 6, 2026 14 6 1,828,591"
2026-09-26,jp,Japan,top_songs_weekly,,13,https://yt3.googleusercontent.com/Wzz0WM5x_bqt9yHxXusJPDHFiBT7Enyz540b3G0vszZIFdFlyFNZEjrYbzpwHQu9bMFpVUchzs5Mtq2x=w180-h180-l90-rj,,HOT LIMIT,T.M.Revolution,,,HOT LIMIT T.M.Revolution
2026-09-26,jp,Japan,top_songs_weekly,,14,https://yt3.googleusercontent.com/uovI8J81hjakuiKnnVMtDHbum2lgfRDsydZAWfL9oIHhCIXvOHaCF33vGRV3rLdCWcsgelBu5dLtrEi4=w180-h180-l90-rj,,スパークル,Radwimps,"8月 24, 2016",1556026,"14 15 スパークル Radwimps 8月 24, 2016 29 53 1,556,026"
2026-09-26,jp,Japan,top_songs_weekly,,15,https://yt3.googleusercontent.com/--dS0_9xMXyIFWStFbsQ0jah-zJzKj59hS4qg1kOFNSSbyJsRja0Unk_gmd3qjbRjRAO_EHbUdBQwaM=w180-h180-l90-rj,,You!Joy!Parade!,M!LK,,,You!Joy!Parade! M!LK
2026-09-26,jp,Japan,top_songs_weekly,,16,https://yt3.googleusercontent.com/vMjo6Hfk7pZPrHh7KB_lo-nkP5wG-eKr6Q_wDgeAiMBudOarYYSOHISXE1zTH94Z47dSibClOxyX1YvxJA=w180-h180-s-l90-rj,,夜の踴り子,sakanaction,,,夜の踊り子 sakanaction
2026-09-26,jp,Japan,top_songs_weekly,,17,https://yt3.googleusercontent.com/yUy3L3aSCFlq55ksK9MZfE5ydSsMK9L9cRGMLtk5nP7LlZQ0OKMtN4ozRxV-b7z3otvlYxPHY8NNL6ZCng=w180-h180-l90-rj,,Missing,BE:FIRST,,,Missing BE:FIRST
2026-09-26,jp,Japan,top_songs_weekly,,18,https://yt3.googleusercontent.com/LZ8HaiEreF7ZMDItie1g7qHYv1wAOfSHbaWCYXx1NiWOiabSl7jXLIQo99F2ZLK3_aB4XE4n7HuXeDM=w180-h180-l90-rj,,罪と罰と雨とキス,M!LK,"8月 2, 2026",1389916,"18 ● 罪と罰と雨とキス M!LK 8月 2, 2026 18 7 1,389,916"
2026-09-26,jp,Japan,top_songs_weekly,,19,https://yt3.googleusercontent.com/4-bsUAtJW07-0dY4CN4CE1s4c2pUJmo4QC6qzsPPM8uLhYz2fCTqQ0oP5aSifGxNiiz4y3HSe32TCzWKjA=w180-h180-l90-rj,,show time...,Snow Man,,,show time... Snow Man
2026-09-26,jp,Japan,top_songs_weekly,,20,https://i.ytimg.com/vi/MFwtpM21wWc/default.jpg,https://www.youtube.com/watch?v=MFwtpM21wWc,INMU KING,YAJU-MC,,,INMU KING YAJU-MC
2026-09-26,jp,Japan,top_songs_weekly,,21,https://yt3.googleusercontent.com/hupg9jwXRD_bYZ16qkzCXR3B_ldNn6xqlmcayLXNSxKVejFdsbkJPColBbGdI4P_7HxqDB9k95k-HZz0=w180-h180-l90-rj,,AIZO,King Gnu,"1月 8, 2026",1336008,"21 1 AIZO King Gnu 1月 8, 2026 22 36 1,336,008"
2026-09-26,jp,Japan,top_songs_weekly,,22,https://yt3.googleusercontent.com/9cQs0KduSbofVVmYFSG9QnSQ3yW_i_eJTQAH994ARIepsHLladdifzDoQO1oIe7oSxaADTS1ffcVVxshxQ=w180-h180-l90-rj,,lulu.,Mrs. GREEN APPLE,,,lulu. Mrs. GREEN APPLE
2026-09-26,jp,Japan,top_songs_weekly,,23,https://yt3.googleusercontent.com/Gn65QHGx26uZBC6Xtnn31y8TdqoIKqoa9az2Yw8ThFnA8EpszdJCoaCMbEiRjKa6kvStFWT9SkQHf0M=w180-h180-l90-rj,,JANE DOE,米津玄師 / 宇多田光,,,JANE DOE 米津玄師 & 宇多田光
2026-09-26,jp,Japan,top_songs_weekly,,24,https://yt3.googleusercontent.com/SB_m0lxwXesd96P4Vq87tYBeZkWM9Ip5AFxkpwFvb2Zf_o53MM6O0rKK3Hymaa2PM7tr9mzp2oRfmfM=w180-h180-l90-rj,,グッタイム,Snow Man,"7月 5, 2026",1136383,"24 ● グッタイム Snow Man 7月 5, 2026 24 11 1,136,383"
2026-09-26,jp,Japan,top_songs_weekly,,25,https://yt3.googleusercontent.com/FW_0tTP7sm5khu3_GuXulxLaqyJZlruwEfWTfC9WxNwlzlBN7m2qAhaBrzoAkY_Q16tbs9Ncf2G7QxVS=w180-h180-l90-rj,,アイドルパワー,M!LK,"4月 26, 2026",1120936,"25 14 アイドルパワー M!LK 4月 26, 2026 39 21 1,120,936"
2026-09-26,jp,Japan,top_songs_weekly,,26,https://yt3.googleusercontent.com/F_g3-hPfox6ELZQ9PPDIjekl5PaxxHizEW-8mC3g2PxyL7FNg_31H0cHZN_JoYwJmIFGo1UJ39MDD9ueXQ=w180-h180-l90-rj,,烏 - Raven,米津玄師,"6月 14, 2026",1103020,"26 6 烏 - Raven 米津玄師 6月 14, 2026 32 14 1,103,020"
2026-09-26,jp,Japan,top_songs_weekly,,27,https://yt3.googleusercontent.com/Ro8Vlisj6SSknvkg0h5_evrSzybKxa-JLghrLPhjuRgR-GSrKB6wtADFLSiTLzJ2gfjkmVlPOMFKVvI=w180-h180-l90-rj,,なんもねえ,Wasureranneyo,,,なんもねえ Wasureranneyo
2026-09-26,jp,Japan,top_songs_weekly,,28,https://yt3.googleusercontent.com/cVxZQGN7SXN-74WZ7AS4SOP9djTgFmur6TZUv7FSGXKAWIm2BS7kUezvW52Bhca4HhvN9JB1pJkxd8-Sqw=w180-h180-l90-rj,,分かっちゃいないね (feat. 花隈千冬),monet,,,分かっちゃいないね (feat. 花隈千冬) monet
2026-09-26,jp,Japan,top_songs_weekly,,29,https://yt3.googleusercontent.com/M4bB0irofPba8FycQvSocd8s8grxq-B547-2YuI5zqlTcfkDCk8tn5bkZF3ZJHA1yGeSM81SZo0bVRkd=w180-h180-l90-rj,,戀、はじめました。,=LOVE,"8月 3, 2026",1091918,"29 10 恋、はじめました。 =LOVE 8月 3, 2026 19 3 1,091,918"
2026-09-26,jp,Japan,top_songs_weekly,,30,https://i.ytimg.com/vi/AHPf0lwWpQU/default.jpg,https://www.youtube.com/watch?v=AHPf0lwWpQU,深い森,大無限樂團,"9月 9, 2026",1084861,"30 New 深い森 大無限樂團 9月 9, 2026 - 1 1,084,861"
2026-09-26,jp,Japan,top_songs_weekly,,31,https://yt3.googleusercontent.com/do1iyqzPKD9eESgYjlOUCikqu2uozHvGZdVoEiXdM240_tUl3JPvDc9QTgeqonWo12yITcJozgeXMYmF=w180-h180-s-l90-rj,,盛れ！ミ・アモーレ,Juice=Juice,,,盛れ！ミ・アモーレ Juice=Juice
2026-09-26,jp,Japan,top_songs_weekly,,32,https://i.ytimg.com/vi/6yyZgkTh2Zc/default.jpg,https://www.youtube.com/watch?v=6yyZgkTh2Zc,366日,Yuuri / Izumi Nakasone,,366,366日 Yuuri & Izumi Nakasone
2026-09-26,jp,Japan,top_songs_weekly,,33,https://i.ytimg.com/vi/y1obzZVKw_o/default.jpg,https://www.youtube.com/watch?v=y1obzZVKw_o,MISMATCH,JISOO,"9月 8, 2026",1004832,"33 67 MISMATCH JISOO 9月 8, 2026 100 2 1,004,832"
2026-09-26,jp,Japan,top_songs_weekly,,34,https://yt3.googleusercontent.com/BZz4hKfVn8t_4GvlrU8wg91C1Mgy4ZbLR7UonQkeAGnOjzIFhnZTrwgt49TTmIFffkSB9wv08Q1ePolzMA=w180-h180-l90-rj,,うさぎラップ (リズム感のある者たちver.),小澤亞李 / Momonga(CV:Iguchi Yuka) / Mermaid(CV:Oki Saeko) / Mermaid(CV:Nanase Ayaka),,,"うさぎラップ (リズム感のある者たちver.) 小澤亞李 , Momonga(CV:Iguchi Yuka) , Mermaid(CV:Oki Saeko) & Mermaid(CV:Nanase Ayaka)"
2026-09-26,jp,Japan,top_songs_weekly,,35,https://i.ytimg.com/vi/QwptBhqOYJQ/default.jpg,https://www.youtube.com/watch?v=QwptBhqOYJQ,BPM(Live) (feat. KREVA),Kvi Baba,,,BPM(Live) (feat. KREVA) Kvi Baba
2026-09-26,jp,Japan,top_songs_weekly,,36,https://yt3.googleusercontent.com/3A05TxPVW6CPEsArFaULyGm74BgnUzZds3SyI6vnRPTcx2T2ij8MJiNSn2iqNB3VvoiHfd54VR-rVjMO=w180-h180-l90-rj,,I Got Your Back,ILLIT / HANA,,,I Got Your Back ILLIT & HANA
2026-09-26,jp,Japan,top_songs_weekly,,37,https://yt3.googleusercontent.com/9RSL5x_wGhc-ReyzsHY4wB5Hoe_OxO56YOPDyURbkLwXNP5h6wZ-IslNTvvV0Ob7rlRqU2ozWaJMVa-t=w180-h180-l90-rj,,Five,嵐,"3月 3, 2026",959194,"37 8 Five 嵐 3月 3, 2026 45 29 959,194"
2026-09-26,jp,Japan,top_songs_weekly,,38,https://yt3.googleusercontent.com/3WkYPuESPl5D5CEelsEihKjOqAxVrBUYV9BwpKuUrQbCRITrUezDmg8K6WP8HYg7BxQaxmurzbGG90UWoQ=w180-h180-l90-rj,,"ありふれた世界の果てに (feat. Awich, CHICO CARLITO, ONE OK ROCK & Paledusk)",YAO,,,"ありふれた世界の果てに (feat. Awich, CHICO CARLITO, ONE OK ROCK & Paledusk) YAO"
2026-09-26,jp,Japan,top_songs_weekly,,39,https://yt3.googleusercontent.com/4f1Gy1QMjrB-7a4wZMOKD-sBQtX81jBXSnCWjzgDlVu0i2GzDKu6AL4IVlqmfkcmquxWEpfPEYH3R2Za=w180-h180-l90-rj,,灰色,Motoki Ohmori,,,灰色 Motoki Ohmori
2026-09-26,jp,Japan,top_songs_weekly,,40,https://yt3.googleusercontent.com/3vGk0uytw9Q3AtjQqFn_U9rSTir9yT92SONMiwypEjOweZTbQ-fI3yA4g5Q9yt9sVKodxBvgrvaVNfs=w180-h180-l90-rj,,Samba de Night Fever,ONE N' ONLY,,,Samba de Night Fever ONE N' ONLY
2026-09-26,jp,Japan,top_songs_weekly,,41,https://yt3.googleusercontent.com/4-bsUAtJW07-0dY4CN4CE1s4c2pUJmo4QC6qzsPPM8uLhYz2fCTqQ0oP5aSifGxNiiz4y3HSe32TCzWKjA=w180-h180-l90-rj,,奇跡,Snow Man,"8月 23, 2026",885413,"41 15 奇跡 Snow Man 8月 23, 2026 26 3 885,413"
2026-09-26,jp,Japan,top_songs_weekly,,42,https://yt3.googleusercontent.com/osLLG29xKik4jmFCyNzLLfowiS2lH_RoPFcWGMGMG1m3l4KOamUJE8-kEhU-nwoZEpfNEUfg7tU9ps8rnw=w180-h180-l90-rj,,Kiss Plan,M!LK,"1月 23, 2024",875356,"42 6 Kiss Plan M!LK 1月 23, 2024 48 30 875,356"
2026-09-26,jp,Japan,top_songs_weekly,,43,https://i.ytimg.com/vi/_tsGqSV1hy8/default.jpg,https://www.youtube.com/watch?v=_tsGqSV1hy8,Paradox (Live),ジュニアCHANNEL,,,Paradox (Live) ジュニアCHANNEL
2026-09-26,jp,Japan,top_songs_weekly,,44,https://yt3.googleusercontent.com/OVXdM61M0faCCigO1TpTmSVtHlcp-YKgEOOr0GwORU56rLB9roa62WhrMj8kjiPBZ-J4WyhwV5rTN5rq=w180-h180-l90-rj,,Wishing Umbrella,Ui Shigure,,,Wishing Umbrella Ui Shigure
2026-09-26,jp,Japan,top_songs_weekly,,45,https://yt3.googleusercontent.com/8rdhyC4UvcguKW9Qdt-lrLZuaYqiNxAz47cJfh-kxdFp0qiAxgaf5XQxqmkyzE5dscOoe1_NRwYRTfyznA=w180-h180-l90-rj,,愛MUST BE,櫻坂46,"9月 16, 2026",858755,"45 New 愛MUST BE 櫻坂46 9月 16, 2026 - 1 858,755"
2026-09-26,jp,Japan,top_songs_weekly,,46,https://yt3.googleusercontent.com/e3k5ye9zlZaAuklswAyhL0WtlSY-GT2pO8nImHlAvd2Nt6w2Upz9jZTnzDkwmHdza2vK6su-pX4x2Hg=w180-h180-l90-rj,,KO1KEYZ,KO1KEYZ,"8月 16, 2026",850565,"46 45 KO1KEYZ KO1KEYZ 8月 16, 2026 91 5 850,565"
2026-09-26,jp,Japan,top_songs_weekly,,47,https://yt3.googleusercontent.com/lViFQni37MfA_DFd2x1jwJy8YxoX0RcPzVftrzqmRh3fttuKWCvuCgZct6HVLBU7a1gSjymCs0Jg0Rz9=w180-h180-l90-rj,,Mark on Me,&TEAM,,,Mark on Me &TEAM
2026-09-26,jp,Japan,top_songs_weekly,,48,https://yt3.googleusercontent.com/Rf8A6XhWrkgM_EI0WTVqMBYIxT2sdvhzPRJ0dcKh4mx9d3J7WsIovsSKrHuOzgG3H4iUoDX-LkzemE2Z8w=w180-h180-l90-rj,,夜鷹,米津玄師,"7月 12, 2026",826167,"48 5 夜鷹 米津玄師 7月 12, 2026 43 10 826,167"
2026-09-26,jp,Japan,top_songs_weekly,,49,https://yt3.googleusercontent.com/mUQNHl_d_VjZ0qOOMB09OVxruItfCWen0e39yEJz4kNtp-fIRfIaJRv-pTFCd74PrfBLffF-mE80zQ=w180-h180-l90-rj,,My Heart Will Go On,Céline Dion,,,My Heart Will Go On Céline Dion
2026-09-26,jp,Japan,top_songs_weekly,,50,https://yt3.googleusercontent.com/5u_zvf-4Ilo4EEzAPWHaz2mph0nb1rnJQkGyXa8NlLysdidR_5JRhJIyjwOUMPwcNwi8jEjIP4N-ROr4yw=w180-h180-l90-rj,,島のうた (セイレーンver.),Minori Suzuki / Mermaid(CV:Oki Saeko) / Mermaid(CV:Nanase Ayaka),,,"島のうた (セイレーンver.) Minori Suzuki , Mermaid(CV:Oki Saeko) & Mermaid(CV:Nanase Ayaka)"
2026-09-26,jp,Japan,top_songs_weekly,,51,https://i.ytimg.com/vi/Y6kCZTIkQw4/default.jpg,https://www.youtube.com/watch?v=Y6kCZTIkQw4,チラチLOVE (Live),M!LK,,,チラチLOVE (Live) M!LK
2026-09-26,jp,Japan,top_songs_weekly,,52,https://i.ytimg.com/vi/FnjYuHgAKq4/default.jpg,https://www.youtube.com/watch?v=FnjYuHgAKq4,Feeling (Live),Mrs. GREEN APPLE,,,Feeling (Live) Mrs. GREEN APPLE
2026-09-26,jp,Japan,top_songs_weekly,,53,https://yt3.googleusercontent.com/RY05gtq0QBpHOt3NnOlIrkswFQPmh8zKhI8kS20s6thuJsDd0uZa-pRCS0oaRgWk2Z9XxMfPb9BAIdzc=w180-h180-l90-rj,,好きでいて,Ado,"9月 6, 2026",744894,"53 36 好きでいて Ado 9月 6, 2026 89 2 744,894"
2026-09-26,jp,Japan,top_songs_weekly,,54,https://yt3.googleusercontent.com/sX-fVgX5MilQENrtQfiJTMtVBC8kePfNYHneoLirayDWyn_h4a8tmtjCgOiee7L2VDxDpJxHmiFLqHPIEA=w180-h180-l90-rj,,BUGS LIFE,Number_i,,,BUGS LIFE Number_i
2026-09-26,jp,Japan,top_songs_weekly,,55,https://yt3.googleusercontent.com/9rzjDozeqKxsxtVsBpQzP8o0POzVfRSWHmyBi2vNIHaBwVtuHqikZnnIqEEUvw83Gqr4Cvquv7xUxbih=w180-h180-l90-rj,,Emotion,Ae! group,,,Emotion Ae! group
2026-09-26,jp,Japan,top_songs_weekly,,56,https://yt3.googleusercontent.com/IpkyLNcDaD_4ttMroN5IWW-dnrPNdkBEuXr1BpufdI956fGgRZC5TAounR7kO90OTypkrgyxvf4wVJLD=w180-h180-l90-rj,,キュートなキューたい,CUTIE STREET,,,キュートなキューたい CUTIE STREET
2026-09-26,jp,Japan,top_songs_weekly,,57,https://yt3.googleusercontent.com/82JVaeo1v8mbHztGpt6-qBn6xCXfUkwgs48CMdDCeBZZ53sVJtsYCPTfq4I34yCj_jwgXVCpvkIYWLFg=w180-h180-l90-rj,,IGNITE,JO1,"9月 8, 2026",708495,"57 New IGNITE JO1 9月 8, 2026 - 1 708,495"
2026-09-26,jp,Japan,top_songs_weekly,,58,https://yt3.googleusercontent.com/9k1vogfmmzBTZ2vNvvTF-pm3sax0g0TUgo60i_9dhgyUSTVcid2BcX96ybplRK9LUDuYWOPVfIrgy-c=w180-h180-l90-rj,,ガチ夢中！,Chotokkyu,"5月 10, 2026",705829,"58 4 ガチ夢中！ Chotokkyu 5月 10, 2026 54 9 705,829"
2026-09-26,jp,Japan,top_songs_weekly,,59,https://yt3.googleusercontent.com/3fzuqT1RZMSX-6up2aNtONbnFEQDQmFu0HjX-gHrD4klV1iK-Ijco93tGgsXNws8sG6iFXuGCI1EG-Zj5g=w180-h180-s-l90-rj,,Walking with you,Novelbright,,,Walking with you Novelbright
2026-09-26,jp,Japan,top_songs_weekly,,60,https://yt3.googleusercontent.com/2Cy4q4G7nZtnLiumxjT8H2aLwfQGGvzZ63LJJP3cfkIt4kwOECsriHpdaAg4NLEvG_jd1U-YYFNx7S2DeA=w180-h180-l90-rj,,Dance Forever,SixTONES,,,Dance Forever SixTONES
2026-09-26,jp,Japan,top_songs_weekly,,61,https://yt3.googleusercontent.com/QQwTRL1ash-w0QC49tLqjkpB4KGBQ7jn2ylMi7dt0_S6x23SsBedjICiRK0w03DFCfG2wOAAbBU1p3sKwg=w180-h180-l90-rj,,GO GHOST,King Gnu,,,GO GHOST King Gnu
2026-09-26,jp,Japan,top_songs_weekly,,62,https://yt3.googleusercontent.com/T7kXqjpJT3smL1MpqjRbClPYpRb8S1NEa0liVfUYZwg1aLbYfJc5NTfml3PxBAwM-l2Oaol9-9x6nYq8=w180-h180-l90-rj,,Stargaze,SixTONES,,,Stargaze SixTONES
2026-09-26,jp,Japan,top_songs_weekly,,63,https://yt3.googleusercontent.com/_RICA9AQMvaw-SLRBVDVF3rLx6pgeXvy2USuFyueQhhMGAVga26n2brDIIbjNkkYW3xv9LyUdav9rWnKvA=w180-h180-l90-rj,,LEMONADE,aespa,"5月 28, 2026",687930,"63 10 LEMONADE aespa 5月 28, 2026 53 16 687,930"
2026-09-26,jp,Japan,top_songs_weekly,,64,https://yt3.googleusercontent.com/QZ-nCmylj0GrAFhR9RWcawr1iUJZ130eFeJjpY0iQsv_8UbknnQMUlfKrdYX8qMv_Tx5cS7pAMrpILPwrw=w180-h180-l90-rj,,愛くださいませ,NOT EQUAL ME,,,愛くださいませ NOT EQUAL ME
2026-09-26,jp,Japan,top_songs_weekly,,65,https://yt3.googleusercontent.com/lph_AYE9fU1VteHx7zG6DGesN-NvVDTs79j1q4DCHZS980-UryiOlKlLgtDkIBr2niDVO0WZdTg2fnA=w180-h180-l90-rj,,SaWaDiKa,LISA,"8月 27, 2026",642301,"65 64 SaWaDiKa LISA 8月 27, 2026 1 2 642,301"
2026-09-26,jp,Japan,top_songs_weekly,,66,https://yt3.googleusercontent.com/6UduEkejx-BNk54bRNT6VF63EpsrueamCorCZEP3k8JyvjkMJHqy2L9LONs0gx74TjK9N8LKG-su05Tz=w180-h180-l90-rj,,しおざきわんだーらんど,M!LK,,,しおざきわんだーらんど M!LK
2026-09-26,jp,Japan,top_songs_weekly,,67,https://yt3.googleusercontent.com/ugpBTqavE4F1WlxXHU8eRcaXF9EIQWuF5gjQ4aB7At_Ur8PB-crMS_84BPAJf2G9UP3uDvGhLEflr2Pq=w180-h180-l90-rj,,Go Wild,Todoroki Hajime,,,Go Wild Todoroki Hajime
2026-09-26,jp,Japan,top_songs_weekly,,68,https://yt3.googleusercontent.com/RGdug9VTlwG_d3aJ7t08A_Zk9Nugk3aBJAbk9VETa5oxQnnwAemP2LmOCe_agbCIP56Q6TcZYfO2oiI=w180-h180-l90-rj,,彼方,FictionJunction,,,彼方 FictionJunction
2026-09-26,jp,Japan,top_songs_weekly,,69,https://yt3.googleusercontent.com/USx5zzCepw8QqVmP_gnp3UmE45U-0sdBjzNfrHfljqpjZhgS7if87Oy-vw5hRUeTmG7-krJlyQ-O3NlThQ=w180-h180-l90-rj,,音銀河,玉置浩二 / 飛鳥涼,"9月 8, 2026",604163,"69 New 音銀河 玉置浩二 & 飛鳥涼 9月 8, 2026 - 1 604,163"
2026-09-26,jp,Japan,top_songs_weekly,,70,https://yt3.googleusercontent.com/N4DiAB0v3Zfn2lUD0TiRfVC4C5yXodqGK_cIFrPTw7To0FkmxilN78Bi-4orUvcbE-vKJH_qoXbbdo8b=w180-h180-l90-rj,,You Know What To Do,INI,,,You Know What To Do INI
2026-09-26,jp,Japan,top_songs_weekly,,71,https://yt3.googleusercontent.com/Z18dZW8-1xhDJ8F1DPtstNLWZXVBAUeDTNHnUjwRaeQYqIy2cgQARu0V_tty4BPU7CzmpZc-lmFeiAT0cA=w180-h180-l90-rj,,ヒロイン,back number,,,ヒロイン back number
2026-09-26,jp,Japan,top_songs_weekly,,72,https://yt3.googleusercontent.com/EN1C_qA9tJzOdcmJD_fJ_-VUAy5OctX3AAYmSHoEucs9V2yTN7hl94T1yV1ZJEUgrhA2PQDPaxWPjXU=w180-h180-l90-rj,,モンストロ,Ado,"7月 16, 2026",571120,"72 14 モンストロ Ado 7月 16, 2026 58 6 571,120"
2026-09-26,jp,Japan,top_songs_weekly,,73,https://yt3.googleusercontent.com/uYSfOZNmhfBCrl_eOrxPR5rMfc2OMmcQoVUayekxm9DSIty2F-bBxuQoPGIlL_DWjLsfG5PJALNJPj_A=w180-h180-l90-rj,,So Honey,King & Prince,,,So Honey King & Prince
2026-09-26,jp,Japan,top_songs_weekly,,74,https://i.ytimg.com/vi/HBCCSTNZsRU/default.jpg,https://www.youtube.com/watch?v=HBCCSTNZsRU,運命さがし,macaroni enpitsu,,,運命さがし macaroni enpitsu
2026-09-26,jp,Japan,top_songs_weekly,,75,https://yt3.googleusercontent.com/BmuX9F-IjpKldIL9oE65n1xtopiiqFJ388tlZApCC2owsXDpQNCd8tHu8pI-kUTvEQZ7e91PGduGPjM=w180-h180-l90-rj,,將棋一番！ (feat. Kaai Yuki),Yukopi,,,将棋一番！ (feat. Kaai Yuki) Yukopi
2026-09-26,jp,Japan,top_songs_weekly,,76,https://yt3.googleusercontent.com/6Ks1HBzt-dvLwo_nOBGvueMw7An7yX14n3Zf1TG67pI90G6W6AB8K4X3TZrADYF3iwzehgEV6CaWhqgv=w180-h180-l90-rj,,mosi mosi?,楽音,"4月 21, 2026",550690,"76 13 mosi mosi? 楽音 4月 21, 2026 63 18 550,690"
2026-09-26,jp,Japan,top_songs_weekly,,77,https://yt3.googleusercontent.com/ebaFoRO_bbxsosJAkF3BtDSNZWECnlBMlbxohgDYJI9vZzRvNA9vXl8s4WTJSJ5eHwizKNvWxdu6ICWT=w180-h180-l90-rj,,真・運命,M!LK,"6月 16, 2026",545472,"77 2 真・運命 M!LK 6月 16, 2026 75 14 545,472"
2026-09-26,jp,Japan,top_songs_weekly,,78,https://i.ytimg.com/vi/pN5WHm1LpmM/default.jpg,https://www.youtube.com/watch?v=pN5WHm1LpmM,ドラゴンエネルギ (Live),Masayoshi Oishi,,,ドラゴンエネルギ (Live) Masayoshi Oishi
2026-09-26,jp,Japan,top_songs_weekly,,79,https://yt3.googleusercontent.com/q9vnbwdvr4hWBB3Q80l83xzUn9LXXyW7TxArA1fGpHba57SrIo8C3VlcAycsJVc92IaAdZmU34ylfi_a=w180-h180-l90-rj,,GG EZ,M.Sasuke,"5月 27, 2026",534566,"79 14 GG EZ M.Sasuke 5月 27, 2026 65 11 534,566"
2026-09-26,jp,Japan,top_songs_weekly,,80,https://i.ytimg.com/vi/T24rF_x0TmQ/default.jpg,https://www.youtube.com/watch?v=T24rF_x0TmQ,ヤラララ (feat. 重音テト),AnythingBecomeMoe,,,ヤラララ (feat. 重音テト) AnythingBecomeMoe
2026-09-26,jp,Japan,top_songs_weekly,,81,https://yt3.googleusercontent.com/DH0aS32kHSzCNLSn4n3JTR0VsgbEe8kzpXvrjA5FsEG84mmGp7Lm6AsL44EiEf4LiwrBPFLZj8eKm2Ip=w180-h180-l90-rj,,キミは都市伝説,BUDDiiS,"6月 6, 2026",529211,"81 1 キミは都市伝説 BUDDiiS 6月 6, 2026 82 5 529,211"
2026-09-26,jp,Japan,top_songs_weekly,,82,https://yt3.googleusercontent.com/ugpyRxhD8Nqn2Jrvh3w0dxJXZGysSSBCB3INhfSh8ufeiy5YL8ZRL8lyfiLHoo6Lu1_lqm7umyX9MQ2Q=w180-h180-l90-rj,,BOOMPALA,LE SSERAFIM,,,BOOMPALA LE SSERAFIM
2026-09-26,jp,Japan,top_songs_weekly,,83,https://i.ytimg.com/vi/8OCvkuxnIuw/default.jpg,https://www.youtube.com/watch?v=8OCvkuxnIuw,真夏の果実(Live),SOUTHERN ALL STARS,,,真夏の果実(Live) SOUTHERN ALL STARS
2026-09-26,jp,Japan,top_songs_weekly,,84,https://yt3.googleusercontent.com/oMb5LsLF8M_QiFm2Ydj6MhUzDRJht9tMI026XeD7XRgZGx0kKCSC9JynREGN2W9t1DHXnGNETGuYe2mR=w180-h180-l90-rj,,"アクマバライ (feat. 雨衣, Gemini (TTS) & 初音未來)",Something's off with my Vocaloid,,,"アクマバライ (feat. 雨衣, Gemini (TTS) & 初音未來) Something's off with my Vocaloid"
2026-09-26,jp,Japan,top_songs_weekly,,85,https://yt3.googleusercontent.com/45UJMxlZC596dwPm0FehRUyHPuKxq0zac8n01eYTSFfqSoeGCLbp2eYRP38-j25TVh-RBpotO_pwuB0a=w180-h180-l90-rj,,メリールー,SIX LOUNGE,,,メリールー SIX LOUNGE
2026-09-26,jp,Japan,top_songs_weekly,,86,https://yt3.googleusercontent.com/14a6QjIC2_O_GO5U67HMjy55tDcQok8iKJaLe7mjkDF4sBEWIehrgEoKJKouZ86npuRxDJ0b2hMORXbXkw=w180-h180-l90-rj,,So Strawberry,MAZZEL,,,So Strawberry MAZZEL
2026-09-26,jp,Japan,top_songs_weekly,,87,https://yt3.googleusercontent.com/Z18dZW8-1xhDJ8F1DPtstNLWZXVBAUeDTNHnUjwRaeQYqIy2cgQARu0V_tty4BPU7CzmpZc-lmFeiAT0cA=w180-h180-l90-rj,,クリスマスソング,back number,,,クリスマスソング back number
2026-09-26,jp,Japan,top_songs_weekly,,88,https://yt3.googleusercontent.com/qnfaDMwf8RDrJ3DRUeOkZ4HagLVmN_Kh8hunfDTvzIiGNjJAMrWQic6h1OWB_6KpJZapoXQXckHcIp7W=w180-h180-l90-rj,,Bloody Paradise,ENHYPEN,,,Bloody Paradise ENHYPEN
2026-09-26,jp,Japan,top_songs_weekly,,89,https://i.ytimg.com/vi/bC22p3o1TYQ/default.jpg,https://www.youtube.com/watch?v=bC22p3o1TYQ,初戀サイダー(Live),Buono!,,,初恋サイダー(Live) Buono!
2026-09-26,jp,Japan,top_songs_weekly,,90,https://yt3.googleusercontent.com/Tdj9pPFAkqBj19R7UVdMGJ8WbV64j_ZK2M78er9Qb7oPMMUn6fbGkt6RqQIby4gwGz-Ux1P1hv220kuN=w180-h180-l90-rj,,スターダスト,Official髭男dism,,,スターダスト Official髭男dism
2026-09-26,jp,Japan,top_songs_weekly,,91,https://yt3.googleusercontent.com/EqXOgI6M3ZB0MAivNxyhiWAhg8s1P0kwJpUrdcUKezSU2WbgMLxYveqs23WOBWuMDUmn5cD39inEskQ=w180-h180-l90-rj,,アイドルライフメガパック,iLiFE!,,,アイドルライフメガパック iLiFE!
2026-09-26,jp,Japan,top_songs_weekly,,92,https://yt3.googleusercontent.com/N4Axbj_aNBB8NHG5-iZBVdQrNK0USKDWqGuqhzOFqygT1V0Lh7mbyywZ9fGAWxUH1EIIBRWPJCBBshFgOQ=w180-h180-l90-rj,,セツナハナビ,TOMORROW X TOGETHER,,,セツナハナビ TOMORROW X TOGETHER
2026-09-26,jp,Japan,top_songs_weekly,,93,https://yt3.googleusercontent.com/GJMQjmzDEQJVQFMbUkqC1LWtZNT5b_8e1Z85guteNLW4yXswHT9eVhvex6Q-kDCSHnnu-ljqz07now0=w180-h180-l90-rj,,プン☆ジェラ,ICEx,"6月 9, 2026",465658,"93 23 プン☆ジェラ ICEx 6月 9, 2026 70 3 465,658"
2026-09-26,jp,Japan,top_songs_weekly,,94,https://yt3.googleusercontent.com/hWQZky15x210xRfKbBIgMW3hFAxTHhYuOhqxcKXjmM-dIUqQtfvvE-yArtUbtPmHXl6ny-RMJcusnyDcTw=w180-h180-l90-rj,,因果応報アンチノミー(Live),GNJB,,,因果応報アンチノミー(Live) GNJB
2026-09-26,jp,Japan,top_songs_weekly,,95,https://yt3.googleusercontent.com/Zl6lT-8KgSYiXI08I5ilE35LaWaDpVFYdBIEn_g_gJRGTBlb6xlMn4Ws226L3nMuhWl9UxRQZq5c1pZF=w180-h180-l90-rj,,REDRED,CORTIS,"4月 20, 2026",460030,"95 8 REDRED CORTIS 4月 20, 2026 87 11 460,030"
2026-09-26,jp,Japan,top_songs_weekly,,96,https://yt3.googleusercontent.com/5u_zvf-4Ilo4EEzAPWHaz2mph0nb1rnJQkGyXa8NlLysdidR_5JRhJIyjwOUMPwcNwi8jEjIP4N-ROr4yw=w180-h180-l90-rj,,くつずれ,Hachiware,"7月 24, 2026",459886,"96 35 くつずれ Hachiware 7月 24, 2026 61 8 459,886"
2026-09-26,jp,Japan,top_songs_weekly,,97,https://yt3.googleusercontent.com/CSgt3fJdiDX8QtOW6DmOVYeGB0K2emGmRo7jVSrPkypGB8fcW8MUJCLbNL33Kik0cSJc-Hz9tNXOOXfU=w180-h180-s-l90-rj,,君はロックを聴かない,愛繆,"7月 31, 2017",453686,"97 97 君はロックを聴かない 愛繆 7月 31, 2017 - 59 453,686"
2026-09-26,jp,Japan,top_songs_weekly,,98,https://yt3.googleusercontent.com/_SLo1DqNR0rMv63v5LkLNg2-iDWRj7GyNQ88bAq3spb3_E3zPHagjfI8VhJygW_eDelQsNxF8gmBh_4=w180-h180-l90-rj,,ぷりきゅきゅ,CUTIE STREET,,,ぷりきゅきゅ CUTIE STREET
2026-09-26,jp,Japan,top_songs_weekly,,99,https://yt3.googleusercontent.com/FnsEZSdhreUuMDwvSBGVUAsmwv3z6Mndaxo7_gZhuN5aq7251fLU4lrfIf4pMRwxA-6JAbF2chtUIz8e=w180-h180-l90-rj,,鬼事,Kento Nakajima,,,鬼事 Kento Nakajima
2026-09-26,jp,Japan,top_songs_weekly,,100,https://yt3.googleusercontent.com/-evTfg9Dho5GU39Kw98B-7VuaGHIFSReaafijbIFU6ktxxz4GGtNr1epcGnnvzMTBKiCnjUrNTP1mb-F=w180-h180-l90-rj,,퇴사할게여,田小娟,"9月 7, 2026",451348,"100 New 퇴사할게여 田小娟 9月 7, 2026 - 1 451,348"
2026-09-26,kr,South Korea,top_songs_weekly,,1,https://yt3.googleusercontent.com/dfTaw-LhxWVGPdbKfML-ybvDnOySHxxbyyK_yJDSxnP1GDgcaW0obc5ZeeS6cTpJ-lu-CyiyA_VyGZr2=w180-h180-l90-rj,,Dear my crazy soulmate,IU,,,Dear my crazy soulmate IU
2026-09-26,kr,South Korea,top_songs_weekly,,2,https://yt3.googleusercontent.com/-evTfg9Dho5GU39Kw98B-7VuaGHIFSReaafijbIFU6ktxxz4GGtNr1epcGnnvzMTBKiCnjUrNTP1mb-F=w180-h180-l90-rj,,퇴사할게여,田小娟,"9月 7, 2026",5806528,"2 2 퇴사할게여 田小娟 9月 7, 2026 4 2 5,806,528"
2026-09-26,kr,South Korea,top_songs_weekly,,3,https://yt3.googleusercontent.com/OlsyF8L82chwdoVqON-g5H3BsEEgA0zSIYU_6SIZgMtLe0QzZPxzno91C6zJktuon6rjAv_UbmggkO_vyQ=w180-h180-l90-rj,,BAD,ATEEZ,"5月 22, 2026",4000190,"3 1 BAD ATEEZ 5月 22, 2026 2 12 4,000,190"
2026-09-26,kr,South Korea,top_songs_weekly,,4,https://yt3.googleusercontent.com/qO6L6WFlgHmu92fYAl9_GP1pLIjuWSafC33gAOs4E1k5BwehYyiH0JEjBgsSOxy6ByQ6ItSCs8Bxrbk35g=w180-h180-l90-rj,,LOVE ATTACK,RESCENE,,,LOVE ATTACK RESCENE
2026-09-26,kr,South Korea,top_songs_weekly,,5,https://yt3.googleusercontent.com/lNOryqmyqEA6mK1YzJJY2cRvTGFRU7fdma_s_krdREDlZm18Dlgeb8cJ1OaLdSvOYCeE-jkwlTXzJj93=w180-h180-l90-rj,,꿈꾸던 어른이 되었나요?,MEOMURU,,,꿈꾸던 어른이 되었나요? MEOMURU
2026-09-26,kr,South Korea,top_songs_weekly,,6,https://yt3.googleusercontent.com/mJmC0SCSdDcKBWAH-XoWecJOoEamfDZEtaqbWCK3c5w68fM1tCEKHVLKYRXh7bNAHqP_tYriJCRrpND3dQ=w180-h180-l90-rj,,Pretty Girl,RESCENE,,,Pretty Girl RESCENE
2026-09-26,kr,South Korea,top_songs_weekly,,7,https://yt3.googleusercontent.com/_RICA9AQMvaw-SLRBVDVF3rLx6pgeXvy2USuFyueQhhMGAVga26n2brDIIbjNkkYW3xv9LyUdav9rWnKvA=w180-h180-l90-rj,,LEMONADE,aespa,"5月 28, 2026",2534157,"7 2 LEMONADE aespa 5月 28, 2026 5 16 2,534,157"
2026-09-26,kr,South Korea,top_songs_weekly,,8,https://yt3.googleusercontent.com/Zl6lT-8KgSYiXI08I5ilE35LaWaDpVFYdBIEn_g_gJRGTBlb6xlMn4Ws226L3nMuhWl9UxRQZq5c1pZF=w180-h180-l90-rj,,REDRED,CORTIS,"4月 20, 2026",2509568,"8 2 REDRED CORTIS 4月 20, 2026 6 22 2,509,568"
2026-09-26,kr,South Korea,top_songs_weekly,,9,https://yt3.googleusercontent.com/ver3z_mWOKJkKkWopYRmrVbc59YVtLM14D5zl0sf1m-_6eDVCqPYtpI5Kv-xaCtn9cWqT12tJJLuE65ckA=w180-h180-l90-rj,,또또,任英雄,"9月 7, 2026",2489403,"9 4 또또 任英雄 9月 7, 2026 13 2 2,489,403"
2026-09-26,kr,South Korea,top_songs_weekly,,10,https://yt3.googleusercontent.com/dfTaw-LhxWVGPdbKfML-ybvDnOySHxxbyyK_yJDSxnP1GDgcaW0obc5ZeeS6cTpJ-lu-CyiyA_VyGZr2=w180-h180-l90-rj,,Unknown Planet,IU,,,Unknown Planet IU
2026-09-26,kr,South Korea,top_songs_weekly,,11,https://yt3.googleusercontent.com/u_BV6asN_Hpd5vvtObpp9P_nMF7iJkjpi_LWSF2NUpreyLvh_brmstqv5sWggDbOP1V4ZlEfhTVl1B7z=w180-h180-l90-rj,,BiiiG,BIGBANG,"8月 19, 2026",2273149,"11 3 BiiiG BIGBANG 8月 19, 2026 8 5 2,273,149"
2026-09-26,kr,South Korea,top_songs_weekly,,12,https://yt3.googleusercontent.com/hDloZT7RQeCC_yCDeSvjzb9dioy2xoOhlzPbFXkUg3hBDPVju6FL-a9WbUPjN_mkBw-b4t1kykqcrB9X=w180-h180-l90-rj,,Deja Vu,RESCENE,"7月 2, 2025",2185882,"12 1 Deja Vu RESCENE 7月 2, 2025 11 16 2,185,882"
2026-09-26,kr,South Korea,top_songs_weekly,,13,https://yt3.googleusercontent.com/trhero5UCoGc4OguktsWuF-jqvj2DVShQjwlLyGgZCDwauKMH4fVUhpW6mptNHdi4lGdKfH-Qq4vaUqC=w180-h180-l90-rj,,Skibidi,Girls' Generation,,,Skibidi Girls' Generation
2026-09-26,kr,South Korea,top_songs_weekly,,14,https://yt3.googleusercontent.com/FBsKSRbF9dD9gKsMouEBNIymlDObANdcnZk4Lf_5QgTiq7V3gchHRsBXGgOLgDOOJuGkajoF5K-4qeA=w180-h180-l90-rj,,RUDE!,Hearts2Hearts,,,RUDE! Hearts2Hearts
2026-09-26,kr,South Korea,top_songs_weekly,,15,https://yt3.googleusercontent.com/3RNsv7dNTYSBpuSWmpWM6PiYgQAaCXKvi8ION2AH2OaQHc-vW5-rJW4PqztU9XGaX-5z3sMc5RMTMc8n=w180-h180-l90-rj,,It's Me,ILLIT,"4月 23, 2026",1915396,"15 5 It's Me ILLIT 4月 23, 2026 10 20 1,915,396"
2026-09-26,kr,South Korea,top_songs_weekly,,16,https://yt3.googleusercontent.com/fSZeOU1r1CCaRPaXHA-oLYcZbJ59nenUQs5NJJp_hWpSkOMgOqpr-zOHqpFBFBJrXz_lAn8Nr5A1r2K1mw=w180-h180-l90-rj,,Good Goodbye,HWASA,,,Good Goodbye HWASA
2026-09-26,kr,South Korea,top_songs_weekly,,17,https://yt3.googleusercontent.com/FCzHvDiPq13bHM4G1lzj_wN1fg78iCfwuDHvjHca9gCD_aNDrj0RjYvQXK_ZxXReOrh4GfgFQFgwXZA=w180-h180-l90-rj,,갑자기,I.O.I,"5月 19, 2026",1734741,"17 2 갑자기 I.O.I 5月 19, 2026 15 18 1,734,741"
2026-09-26,kr,South Korea,top_songs_weekly,,18,https://yt3.googleusercontent.com/wRXgOBgefc1ffPk_9vmhhL7XfTD27wR5OoCC34lTDv2cD4ooCYBGFjJ_PljlR5tOrKY7vuiCbAwsEQpB=w180-h180-l90-rj,,Guitarist,D.O.,"9月 8, 2026",1710344,"18 21 Guitarist D.O. 9月 8, 2026 39 2 1,710,344"
2026-09-26,kr,South Korea,top_songs_weekly,,19,https://yt3.googleusercontent.com/7z3Qu3f68JSS-U6oF1tAQnWoATKOf08zaZa8_7J61jsORoy5dCiYzFiqoCFzcWb-I5yf-J1kNi2xzfg=w180-h180-l90-rj,,Nostalgia,BIG Naughty,,,Nostalgia BIG Naughty
2026-09-26,kr,South Korea,top_songs_weekly,,20,https://yt3.googleusercontent.com/nLegB4efJCWYIbUYS1kUVXxa9faci2WNrageZeTstithInYPauO6dsETkeg4BuWvtOxCGU_oRDpG5o_r=w180-h180-l90-rj,,Pop Off Pop Off,KiiiKiii,,,Pop Off Pop Off KiiiKiii
2026-09-26,kr,South Korea,top_songs_weekly,,21,https://yt3.googleusercontent.com/qgO7EUPFJ-k8Eewe-C2wHxuEW6ZLY8aEysMY3MqztXY5dmMZB6Q_glS6dhXdI90AmViq4bRmboeNfTAw=w180-h180-l90-rj,,Bansanka,TAEYEON,,,Bansanka TAEYEON
2026-09-26,kr,South Korea,top_songs_weekly,,22,https://yt3.googleusercontent.com/PsYJbvAdtQkONz0UrG64NGMbfBu0Q7H9voCBr3XPGMXbIeKwQ6RkZBPWWdrWF4ZAqsgYXrjBhPwR97FF=w180-h180-l90-rj,,Made My Night,LE SSERAFIM,,,Made My Night LE SSERAFIM
2026-09-26,kr,South Korea,top_songs_weekly,,23,https://yt3.googleusercontent.com/e_KhStFaUpXtdfyncHtYOBGibpgdw3fVixG8H0_E8aIW6G0Op9wo4jQqWsfHCEMaI96DnhsqlHM9Yzck=w180-h180-l90-rj,,연애의 조건,BESTie(베스티),,,연애의 조건 BESTie(베스티)
2026-09-26,kr,South Korea,top_songs_weekly,,24,https://yt3.googleusercontent.com/ver3z_mWOKJkKkWopYRmrVbc59YVtLM14D5zl0sf1m-_6eDVCqPYtpI5Kv-xaCtn9cWqT12tJJLuE65ckA=w180-h180-l90-rj,,Moise,任英雄,"9月 8, 2026",1335901,"24 New Moise 任英雄 9月 8, 2026 - 1 1,335,901"
2026-09-26,kr,South Korea,top_songs_weekly,,25,https://yt3.googleusercontent.com/geOWWU6dd49YTQ_4O_wMmBkzSORxisB3N6Wg0VlZwCXkvCFOmncUw7x3D3elDsoOLC5y-AKEP26JC_WN=w180-h180-l90-rj,,생각을 멈추다 보면,최유리 / JIN YOUNG,,,생각을 멈추다 보면 최유리 & JIN YOUNG
2026-09-26,kr,South Korea,top_songs_weekly,,26,https://yt3.googleusercontent.com/KkiZjgUI7ADMjnfu90T8szhJ3CqljSdGDIpo3iNmOltOgewijZyI_Z2TQiXDdCN2jlozAVXNjuiyiSsL=w180-h180-l90-rj,,캐치 캐치,YENA,"3月 11, 2026",1303931,"26 6 캐치 캐치 YENA 3月 11, 2026 20 28 1,303,931"
2026-09-26,kr,South Korea,top_songs_weekly,,27,https://yt3.googleusercontent.com/wO-brpVQUt_3eKSI86ufqbSTPY-kQHZ9TSgwToJ8S7-pwDLgVMx7DV3MWnGocLkqwyg5eb6WGHSxCgTHaw=w180-h180-l90-rj,,SUN KISS,TUIDE (튜이드),,,SUN KISS TUIDE (튜이드)
2026-09-26,kr,South Korea,top_songs_weekly,,28,https://yt3.googleusercontent.com/qO6L6WFlgHmu92fYAl9_GP1pLIjuWSafC33gAOs4E1k5BwehYyiH0JEjBgsSOxy6ByQ6ItSCs8Bxrbk35g=w180-h180-l90-rj,,Pinball,RESCENE,"8月 27, 2024",1124063,"28 ● Pinball RESCENE 8月 27, 2024 28 15 1,124,063"
2026-09-26,kr,South Korea,top_songs_weekly,,29,https://yt3.googleusercontent.com/lph_AYE9fU1VteHx7zG6DGesN-NvVDTs79j1q4DCHZS980-UryiOlKlLgtDkIBr2niDVO0WZdTg2fnA=w180-h180-l90-rj,,SaWaDiKa,LISA,"8月 27, 2026",1097392,"29 28 SaWaDiKa LISA 8月 27, 2026 1 2 1,097,392"
2026-09-26,kr,South Korea,top_songs_weekly,,30,https://yt3.googleusercontent.com/6-Go0PL8oj-s3M2aSVkuvTSQN-JzpEnKgMzMcp8KZpRSfoXUOA3wSF7vay_EERO0jYO5szMOPyIhdrFM=w180-h180-l90-rj,,0+0,HANRORO,"8月 4, 2025",1095013,"30 6 0+0 HANRORO 8月 4, 2025 24 49 1,095,013"
2026-09-26,kr,South Korea,top_songs_weekly,,31,https://yt3.googleusercontent.com/QmXfUHRPmbCtLK3O_NNtJ4qNxiKGPV4E_O5aykhy3Ede1l_nBFeRtniDHPGu26aZAKLHWL6Aozd4rToO=w180-h180-l90-rj,,Blue Lagoon (Korean Ver.),LEE SUHYUN,,,Blue Lagoon (Korean Ver.) LEE SUHYUN
2026-09-26,kr,South Korea,top_songs_weekly,,32,https://yt3.googleusercontent.com/pWQjy5MPyAKZOCKVK4Lwl652zGhrGi6KQKxIgp6D1b8jv29nCDzvf-VSSv0r4Ht5DGGwCC2LGe4uyzU=w180-h180-l90-rj,,STORM,GENER8ION / Yung Lean,,,STORM GENER8ION & Yung Lean
2026-09-26,kr,South Korea,top_songs_weekly,,33,https://yt3.googleusercontent.com/uAfb9FgcaidFP5yGLWwurXfajwqcl8yke4y5h5wWyvhUngdJpnNbweIkT-D4yTLl5k0TAUhBXQgTmjFz=w180-h180-l90-rj,,하늘땅 별땅,UNIS,"9月 8, 2026",1025588,"33 62 하늘땅 별땅 UNIS 9月 8, 2026 95 2 1,025,588"
2026-09-26,kr,South Korea,top_songs_weekly,,34,https://yt3.googleusercontent.com/8CmQL8Y-zZj_XE3HS0FoXTGT90AikLML0o06ofb52VLElvs_Yua8cUe3x-DbYZ9JtfilhZRDgnPjDBeW6Q=w180-h180-l90-rj,,404 (New Era),KiiiKiii,,404,404 (New Era) KiiiKiii
2026-09-26,kr,South Korea,top_songs_weekly,,35,https://yt3.googleusercontent.com/E8sA-U-079AMOCUHpbftCjmeefhKP7TrnwlakXxdICu3Pl3-sDSzUtOZ78sCp-vN2gxSf8y0KRFEjc8=w180-h180-l90-rj,,마음의 숲,조선힙합,"4月 9, 2026",1003331,"35 5 마음의 숲 조선힙합 4月 9, 2026 30 12 1,003,331"
2026-09-26,kr,South Korea,top_songs_weekly,,36,https://yt3.googleusercontent.com/kV_lKg-U7TwomEaS858hXRuBHmq85vO6BHVSZ5Et9iKvECaihm3mWoeJ2G5f2N2UIN12Hekko8LGSYHpZg=w180-h180-l90-rj,,YoYo,RESCENE,"2月 29, 2024",948341,"36 New YoYo RESCENE 2月 29, 2024 - 1 948,341"
2026-09-26,kr,South Korea,top_songs_weekly,,37,https://yt3.googleusercontent.com/EWFGLNTjKGAzb8tK4CqUwT_VFCBh_RcAB4ej1ob6vRMcfeuUO5ms4PCl9O8ZRC1y1aNaCP-k5XWyD8lL=w180-h180-l90-rj,,Vitamin ME,fromis_9,,,Vitamin ME fromis_9
2026-09-26,kr,South Korea,top_songs_weekly,,38,https://yt3.googleusercontent.com/ver3z_mWOKJkKkWopYRmrVbc59YVtLM14D5zl0sf1m-_6eDVCqPYtpI5Kv-xaCtn9cWqT12tJJLuE65ckA=w180-h180-l90-rj,,Please Be Happy,任英雄,,,Please Be Happy 任英雄
2026-09-26,kr,South Korea,top_songs_weekly,,39,https://yt3.googleusercontent.com/FBsKSRbF9dD9gKsMouEBNIymlDObANdcnZk4Lf_5QgTiq7V3gchHRsBXGgOLgDOOJuGkajoF5K-4qeA=w180-h180-l90-rj,,Lemon Tang,Hearts2Hearts,,,Lemon Tang Hearts2Hearts
2026-09-26,kr,South Korea,top_songs_weekly,,40,https://yt3.googleusercontent.com/sXqRmGk_AI1i0OF4SUDGNKz53RI2HqoafFD2zqDQaVfkRKL9BIy0tuAR0QWtu9cWUQ5VJ3eraRn8DJif=w180-h180-l90-rj,,Blue Valentine,NMIXX,,,Blue Valentine NMIXX
2026-09-26,kr,South Korea,top_songs_weekly,,41,https://yt3.googleusercontent.com/fJkWGeDfXsFctKW_wyI6WJr_FIUJAJgg8cqcLPJYHOjQj0i0i0tMxuexVt3o49Gu2WBd9362s7hE8No=w180-h180-l90-rj,,BANG BANG,IVE,"2月 9, 2026",782420,"41 8 BANG BANG IVE 2月 9, 2026 33 32 782,420"
2026-09-26,kr,South Korea,top_songs_weekly,,42,https://yt3.googleusercontent.com/Z18dZW8-1xhDJ8F1DPtstNLWZXVBAUeDTNHnUjwRaeQYqIy2cgQARu0V_tty4BPU7CzmpZc-lmFeiAT0cA=w180-h180-l90-rj,,ヒロイン,back number,,,ヒロイン back number
2026-09-26,kr,South Korea,top_songs_weekly,,43,https://yt3.googleusercontent.com/bMQLAiYFfeh4rRtPoMKMYJLpk9giBfDjoAnHCBsGh4EhuR-5eVjf9UUEg-cgC0cqEPwUIW3AU7R7jtWqCw=w180-h180-l90-rj,,Heavy Serenade,NMIXX,,,Heavy Serenade NMIXX
2026-09-26,kr,South Korea,top_songs_weekly,,44,https://yt3.googleusercontent.com/4gnUGg9HAWfDNx__3ufAdMSp5-wjd0M2LqfYxJEzQCt9ijOh2ULa1qMQv7E-sj7nerzuZpxFhnDn4MY=w180-h180-l90-rj,,It's You,Han Yo-han,,,It's You Han Yo-han
2026-09-26,kr,South Korea,top_songs_weekly,,45,https://yt3.googleusercontent.com/2-hieEVD7f79K918InakgMwDVR7M3RFPpa9BFsdJi7axTA8rrfF2psRUnBk9b8QXmiuswUxif82gxxI=w180-h180-l90-rj,,CLICK,JISOO,"9月 4, 2026",758439,"45 36 CLICK JISOO 9月 4, 2026 9 2 758,439"
2026-09-26,kr,South Korea,top_songs_weekly,,46,https://yt3.googleusercontent.com/JwkGaClM5NXgaGueIN74yIpaiF2dlgcTlbU0C7hk7xUjJWClMsifJS-bEbYqYav2iEF5Wg7e_khs6OWV=w180-h180-l90-rj,,소문의 낙원 (Live),AKMU,,,소문의 낙원 (Live) AKMU
2026-09-26,kr,South Korea,top_songs_weekly,,47,https://i.ytimg.com/vi/JNy_pVfs6yQ/default.jpg,https://www.youtube.com/watch?v=JNy_pVfs6yQ,Forever Has Always Been,Redoor,,,Forever Has Always Been Redoor
2026-09-26,kr,South Korea,top_songs_weekly,,48,https://yt3.googleusercontent.com/VYJ4bYyHupJe1K4y3eWrg82IfGioP6rzeSJ0-hdTB-llJn5MbE9GCeWOA4ZwLyG7gyuYORWUbVvGMHbq=w180-h180-l90-rj,,FALLEN ANGEL,Jennie,,,FALLEN ANGEL Jennie
2026-09-26,kr,South Korea,top_songs_weekly,,49,https://yt3.googleusercontent.com/9CEwOrXloxvODp2tZ4Dd2zN8ukDYGd_gkQ2gbU_8JUyTsdbEYQQk5kLlhjmF0dCaC_wbN_mrUQDnlB3NjA=w180-h180-l90-rj,,알고있나요,Someday,"1月 8, 2009",723327,"49 6 알고있나요 Someday 1月 8, 2009 43 2 723,327"
2026-09-26,kr,South Korea,top_songs_weekly,,50,https://yt3.googleusercontent.com/uNYEVnJW_hkmA6F-PhWqOG35Wqz1xD1sjEdaUiW5AIch1H1XyHTny9I4yREQ-LMgD_JoWql0wCEyZOHH=w180-h180-l90-rj,,TIME CAPSULE,Davichi,,,TIME CAPSULE Davichi
2026-09-26,kr,South Korea,top_songs_weekly,,51,https://yt3.googleusercontent.com/PwQ543AKPc8tF0yUiz3e3s-Wy45l71Byt6T78PYeTB7Q0Jckq3C5d9P7faRc7OE5OTypbkxl4qFuVkI=w180-h180-l90-rj,,Less than a Lover,Jennie,,,Less than a Lover Jennie
2026-09-26,kr,South Korea,top_songs_weekly,,52,https://yt3.googleusercontent.com/ver3z_mWOKJkKkWopYRmrVbc59YVtLM14D5zl0sf1m-_6eDVCqPYtpI5Kv-xaCtn9cWqT12tJJLuE65ckA=w180-h180-l90-rj,,Baila,任英雄,"9月 8, 2026",701425,"52 New Baila 任英雄 9月 8, 2026 - 1 701,425"
2026-09-26,kr,South Korea,top_songs_weekly,,53,https://yt3.googleusercontent.com/rPEeKAbGWakUfCArlymVjzCjVkLPuTSmwxtqKJhwqhQkQg24703KRcfz8ePy0YcwCuYxqq-zG1pdro4tNQ=w180-h180-l90-rj,,Runaway,RESCENE,"4月 8, 2026",695400,"53 1 Runaway RESCENE 4月 8, 2026 54 17 695,400"
2026-09-26,kr,South Korea,top_songs_weekly,,54,https://yt3.googleusercontent.com/e69laIJg50vEGlz2a76SE5JqDjDPxHxg5zybbjyu620OGfCOkjFhNoj_5b4ASXmJfKuLu8EQJOKc9c6O_w=w180-h180-l90-rj,,Please Summer!,볼빨간사춘기,,,Please Summer! 볼빨간사춘기
2026-09-26,kr,South Korea,top_songs_weekly,,55,https://yt3.googleusercontent.com/RFK4wHeGqwI3DndbARbRJB21IC0TcmqnrlyjxYK7T-nC8wlIVbfxNaCIFKNvSpchDKmYyVLe1RN36w=w180-h180-l90-rj,,Die With A Smile,Lady Gaga / Bruno Mars,,,Die With A Smile Lady Gaga & Bruno Mars
2026-09-26,kr,South Korea,top_songs_weekly,,56,https://yt3.googleusercontent.com/ver3z_mWOKJkKkWopYRmrVbc59YVtLM14D5zl0sf1m-_6eDVCqPYtpI5Kv-xaCtn9cWqT12tJJLuE65ckA=w180-h180-l90-rj,,For Us,任英雄,"9月 8, 2026",649656,"56 34 For Us 任英雄 9月 8, 2026 90 2 649,656"
2026-09-26,kr,South Korea,top_songs_weekly,,57,https://yt3.googleusercontent.com/xKD2qMWNDoKbVx_cn75-Mrzuffc47icgwffqsYHFEA9NVinn9L81cqd4KVzNFsdleNaTvV3DqBDnQNum=w180-h180-l90-rj,,ICONIC HEART,Hearts2Hearts,,,ICONIC HEART Hearts2Hearts
2026-09-26,kr,South Korea,top_songs_weekly,,58,https://yt3.googleusercontent.com/ceKe2TeGIBclGIhfb1Tpb--BWtrn3eb0g4IKkoL-B132KMBWVmcrr5GkF64sE5ZyuZ6eNuvw38lDkLrNzA=w180-h180-l90-rj,,Moonride,Hearts2Hearts,,,Moonride Hearts2Hearts
2026-09-26,kr,South Korea,top_songs_weekly,,59,https://yt3.googleusercontent.com/lji7vXukgyqksmzDDprtdq-a10cijGLBntXbywdbVXPFfIjUuy6Mp66VUBqjOLaugPuFKZ4WAjnQ_KFV=w180-h180-l90-rj,,DAY BY DAY (Japanese ver.),T-ara,,,DAY BY DAY (Japanese ver.) T-ara
2026-09-26,kr,South Korea,top_songs_weekly,,60,https://yt3.googleusercontent.com/WQJXT3QRUQeIr6gSmhCiAk94vXVcmAKjU4k5HGNaZhDHAz8W4ceU4syXaihcBsSVJGeNv-0Zwkcr0S0=w180-h180-l90-rj,,꺾어(GOGO),YOUNGTAK,,,꺾어(GOGO) YOUNGTAK
2026-09-26,kr,South Korea,top_songs_weekly,,61,https://yt3.googleusercontent.com/rtJIQlpN1qJNjdcFBcksONL7f0uUgoThQrwmH8Wgdi7-HhqxUYTG8wBYKhjIgvAFrUgPPuoH4o4EnB-qKQ=w180-h180-l90-rj,,내리고 (feat. JUSTHIS),MUSHVENOM,,,내리고 (feat. JUSTHIS) MUSHVENOM
2026-09-26,kr,South Korea,top_songs_weekly,,62,https://yt3.googleusercontent.com/snFCvIASmExR-2J6lZB85AOsCT2WcM6zh74qoFa5zo0pp1TFeabTplyntaIf1yGJ5iwCRIHKhmxNf3Pv=w180-h180-l90-rj,,Love wins all,IU,,,Love wins all IU
2026-09-26,kr,South Korea,top_songs_weekly,,63,https://yt3.googleusercontent.com/ugpyRxhD8Nqn2Jrvh3w0dxJXZGysSSBCB3INhfSh8ufeiy5YL8ZRL8lyfiLHoo6Lu1_lqm7umyX9MQ2Q=w180-h180-l90-rj,,BOOMPALA,LE SSERAFIM,,,BOOMPALA LE SSERAFIM
2026-09-26,kr,South Korea,top_songs_weekly,,64,https://yt3.googleusercontent.com/Uj5cYGSdnLCHlw6leWNwDQ6VcjgrNTAfZ-9LAceGci14yOMTwEPlSpMaxyLLCPUVerftYRSlSmuT5t5C=w180-h180-l90-rj,,oh yeah?,Steve Lacy,,,oh yeah? Steve Lacy
2026-09-26,kr,South Korea,top_songs_weekly,,65,https://yt3.googleusercontent.com/ver3z_mWOKJkKkWopYRmrVbc59YVtLM14D5zl0sf1m-_6eDVCqPYtpI5Kv-xaCtn9cWqT12tJJLuE65ckA=w180-h180-l90-rj,,Grain of Sand RE,任英雄,,,Grain of Sand RE 任英雄
2026-09-26,kr,South Korea,top_songs_weekly,,66,https://yt3.googleusercontent.com/wO-brpVQUt_3eKSI86ufqbSTPY-kQHZ9TSgwToJ8S7-pwDLgVMx7DV3MWnGocLkqwyg5eb6WGHSxCgTHaw=w180-h180-l90-rj,,GRLS,TUIDE (튜이드),,,GRLS TUIDE (튜이드)
2026-09-26,kr,South Korea,top_songs_weekly,,67,https://yt3.googleusercontent.com/k-8xouadsEcwRWfzX0rCbSW1alH5RMix9OCpoZDNzOfCeDgzCqtJHjWstPS5BAWu__vFdxIF3ydyKF_Q=w180-h180-l90-rj,,"Four seasons, and you",李昌燮,,,"Four seasons, and you 李昌燮"
2026-09-26,kr,South Korea,top_songs_weekly,,68,https://yt3.googleusercontent.com/vFrGGXn1ojqf2SPqs30NjkTtizKB1D4S3kMSkuY7PCYvf-I-NTiqLMEPKNFbB4RlhlPz_BYo8YKrhnA=w180-h180-l90-rj,,Ling Ling,黑裙子,"9月 25, 2021",543565,"68 6 Ling Ling 黑裙子 9月 25, 2021 62 20 543,565"
2026-09-26,kr,South Korea,top_songs_weekly,,69,https://yt3.googleusercontent.com/ver3z_mWOKJkKkWopYRmrVbc59YVtLM14D5zl0sf1m-_6eDVCqPYtpI5Kv-xaCtn9cWqT12tJJLuE65ckA=w180-h180-l90-rj,,New York,任英雄,"9月 8, 2026",540792,"69 New New York 任英雄 9月 8, 2026 - 1 540,792"
2026-09-26,kr,South Korea,top_songs_weekly,,70,https://yt3.googleusercontent.com/ver3z_mWOKJkKkWopYRmrVbc59YVtLM14D5zl0sf1m-_6eDVCqPYtpI5Kv-xaCtn9cWqT12tJJLuE65ckA=w180-h180-l90-rj,,Love Always Runs Away RE,任英雄,,,Love Always Runs Away RE 任英雄
2026-09-26,kr,South Korea,top_songs_weekly,,71,https://yt3.googleusercontent.com/qnfaDMwf8RDrJ3DRUeOkZ4HagLVmN_Kh8hunfDTvzIiGNjJAMrWQic6h1OWB_6KpJZapoXQXckHcIp7W=w180-h180-l90-rj,,Bloody Paradise,ENHYPEN,,,Bloody Paradise ENHYPEN
2026-09-26,kr,South Korea,top_songs_weekly,,72,https://yt3.googleusercontent.com/RifzLSVDDf4c_A1Zlj47kBn_pXS6bKuzSPfppTyKedlKHkFsKsef5-n2xCoAYX-DqSFBDJKqEOBz9mM=w180-h180-l90-rj,,WDA (Whole Different Animal) (feat. G-DRAGON),aespa,,,WDA (Whole Different Animal) (feat. G-DRAGON) aespa
2026-09-26,kr,South Korea,top_songs_weekly,,73,https://yt3.googleusercontent.com/8bqdTDqTdS8GcoQM7K0Bkq2WfBGOTpolUMApxZZIEDqp33K4KWLAi0UWtOHbyoYnAadRpboyK4X0ezRo=w180-h180-l90-rj,,Surfin' Boy,Red Velvet,,,Surfin' Boy Red Velvet
2026-09-26,kr,South Korea,top_songs_weekly,,74,https://yt3.googleusercontent.com/nLegB4efJCWYIbUYS1kUVXxa9faci2WNrageZeTstithInYPauO6dsETkeg4BuWvtOxCGU_oRDpG5o_r=w180-h180-l90-rj,,Candy Pink Magic Hole Flip Phone,KiiiKiii,,,Candy Pink Magic Hole Flip Phone KiiiKiii
2026-09-26,kr,South Korea,top_songs_weekly,,75,https://yt3.googleusercontent.com/8_l4ZwRtXzxi68w2X_5WsSFxn8tF-Sfkfz0qdZi5QWMkIYCcGj4IzWI_I7ZrzoVNUXFUFVYfWJjCjnzP7A=w180-h180-l90-rj,,달리 표현할 수 없어요,Roy Kim,,,달리 표현할 수 없어요 Roy Kim
2026-09-26,kr,South Korea,top_songs_weekly,,76,https://yt3.googleusercontent.com/oxvPdufUqRnljQq602qdOxMIEI0TbcbGoOAejIWKpn6dW6-HqLORTUA3r1IaA49OOVOtuBQYKaxVw8EM=w180-h180-s-l90-rj,,버블 러브 (Bubble Love),MC 몽 & 서인영,,,버블 러브 (Bubble Love) MC 몽 & 서인영
2026-09-26,kr,South Korea,top_songs_weekly,,77,https://yt3.googleusercontent.com/q9vnbwdvr4hWBB3Q80l83xzUn9LXXyW7TxArA1fGpHba57SrIo8C3VlcAycsJVc92IaAdZmU34ylfi_a=w180-h180-l90-rj,,GG EZ,M.Sasuke,"5月 27, 2026",497389,"77 21 GG EZ M.Sasuke 5月 27, 2026 56 12 497,389"
2026-09-26,kr,South Korea,top_songs_weekly,,78,https://yt3.googleusercontent.com/tAh0b3-dx80iA1gGjvEij78w0xwsVl23-VpftL4lP3ZXghub-GgZkr3OW4Q_d3X792Sxv11o7imPb9as=w180-h180-s-l90-rj,,おつかれSUMMER,halcali,,,おつかれSUMMER halcali
2026-09-26,kr,South Korea,top_songs_weekly,,79,https://yt3.googleusercontent.com/ay5c6MEsWgxCx-81O3lmJXq1CtwsGKmP3uPju7uCq4OGyITHUOXhZyBAuD3j6a2Dk4FkjF60wEcE9-JJtA=w180-h180-l90-rj,,Blue,BIGBANG,"2月 21, 2012",489879,"79 15 Blue BIGBANG 2月 21, 2012 64 24 489,879"
2026-09-26,kr,South Korea,top_songs_weekly,,80,https://yt3.googleusercontent.com/YS5XsEq-EAr0OgdLK4tWnlT9RZpFHzCV3tmmXL5Jjq8XVNB6XrjaV6x0GsYxNkM_JsjcyVJ_o4bEd2U5=w180-h180-l90-rj,,ROSE (feat. Skinny Brown & 홈보이(Homeboy)),樑洪元,,,ROSE (feat. Skinny Brown & 홈보이(Homeboy)) 樑洪元
2026-09-26,kr,South Korea,top_songs_weekly,,81,https://yt3.googleusercontent.com/m45Jo5gATTzTUGCcVRflK9KQwjHEHpXcrjJkHm698WuD_Bvw9c2a180CfJLXg83L7IOyQdeiz_-WSx7gWA=w180-h180-l90-rj,,My Friend,Mark Lee,,,My Friend Mark Lee
2026-09-26,kr,South Korea,top_songs_weekly,,82,https://yt3.googleusercontent.com/ver3z_mWOKJkKkWopYRmrVbc59YVtLM14D5zl0sf1m-_6eDVCqPYtpI5Kv-xaCtn9cWqT12tJJLuE65ckA=w180-h180-l90-rj,,I Hate You RE,任英雄,,,I Hate You RE 任英雄
2026-09-26,kr,South Korea,top_songs_weekly,,83,https://yt3.googleusercontent.com/eO77S1uGP7vecIO1zefOKeUyF38eAG73giBk80sDs8AGjY357sjz0x1DUxz7Ko33Zw9c4m-LxzwEYU_N=w180-h180-l90-rj,,Heart Drop,RESCENE,,,Heart Drop RESCENE
2026-09-26,kr,South Korea,top_songs_weekly,,84,https://yt3.googleusercontent.com/RjUSxo2IQhYKPtmwDmxU_nHI8UcvYfXHExiWhCSzlGGkc-C01a5Ez7VOKAS78TzMa1-qxQmO425DpkkO=w180-h180-l90-rj,,"바이, 썸머 (Live)",IU,,,"바이, 썸머 (Live) IU"
2026-09-26,kr,South Korea,top_songs_weekly,,85,https://yt3.googleusercontent.com/wRXgOBgefc1ffPk_9vmhhL7XfTD27wR5OoCC34lTDv2cD4ooCYBGFjJ_PljlR5tOrKY7vuiCbAwsEQpB=w180-h180-l90-rj,,Don't You,D.O.,"9月 8, 2026",470967,"85 New Don't You D.O. 9月 8, 2026 - 1 470,967"
2026-09-26,kr,South Korea,top_songs_weekly,,86,https://yt3.googleusercontent.com/1QqXT3ooe9cJRqbreVVHFYm5oNxK6LdNQwwoUBipknidBjLfdBZhKj6CB0_8K8j7MMqP_uvURP-ZZYZb=w180-h180-l90-rj,,Bloom,RESCENE,"11月 25, 2025",463480,"86 18 Bloom RESCENE 11月 25, 2025 68 11 463,480"
2026-09-26,kr,South Korea,top_songs_weekly,,87,https://yt3.googleusercontent.com/CwtUqDJhEnd9U_GyRBTwrRE0lpNwIgw6ugIlJLbP9EC91DKzgWz1WEo3cmcsdDybIEzTkrZaz_hNttJx=w180-h180-l90-rj,,춤,BABYMONSTER,"5月 4, 2026",463301,"87 21 춤 BABYMONSTER 5月 4, 2026 66 20 463,301"
2026-09-26,kr,South Korea,top_songs_weekly,,88,https://yt3.googleusercontent.com/_k8yY2YoOJm-Popt5DbOP21jhrCRuq6yr-Tiq-hgs2cA1XqlcpsNBuf7tAbWThmhnywDkizqwj9E8bo=w180-h180-l90-rj,,안녕은 정말 싫어,김희재,"9月 7, 2026",459756,"88 New 안녕은 정말 싫어 김희재 9月 7, 2026 - 1 459,756"
2026-09-26,kr,South Korea,top_songs_weekly,,89,https://i.ytimg.com/vi/JEYLYWt29Qg/default.jpg,https://www.youtube.com/watch?v=JEYLYWt29Qg,Rain Drops,Mad Clown,,,Rain Drops Mad Clown
2026-09-26,kr,South Korea,top_songs_weekly,,90,https://yt3.googleusercontent.com/7gsR3vJn9BSIV4lXB0RxtJKGCx_P1qmsbEDbD0QFvBQpYUVkAkN0_CBAv0e7j4BVS-Y2VLwbWTdqx1J_=w180-h180-l90-rj,,사랑의 언어 (Love Language),Kim Minseok (MeloMance) / WENDY,,,사랑의 언어 (Love Language) Kim Minseok (MeloMance) & WENDY
2026-09-26,kr,South Korea,top_songs_weekly,,91,https://yt3.googleusercontent.com/i8PTl4UUL6Dq1kyPUz3VhM5vdSe8-ukt-TtFo-6L7nFcUciuMWBAXy_ElKP_xS9cxLfD5Q5nq9jo_3Bt=w180-h180-l90-rj,,貴方の戀人になりたい,チョーキューメイ,,,貴方の恋人になりたい チョーキューメイ
2026-09-26,kr,South Korea,top_songs_weekly,,92,https://yt3.googleusercontent.com/CeFlDDMsauoFNCBLDRagsRQv1FtgUxGpi3SSjhAxQDJCPUX2GLTVKy_u1MryFdbbaswqV-fEDYs-okc=w180-h180-l90-rj,,Glow Up,RESCENE,"2月 5, 2025",446967,"92 10 Glow Up RESCENE 2月 5, 2025 82 13 446,967"
2026-09-26,kr,South Korea,top_songs_weekly,,93,https://yt3.googleusercontent.com/RhzE_EO7604dxbBpxf25kf7HxsZGMVrka1fh5nVPRI2qLZGpFw8401MQ5bVEaHPnx6K7_IfspWOXCZqYbA=w180-h180-l90-rj,,One-sided love (Live) (feat. 최유리),JIN YOUNG,,,One-sided love (Live) (feat. 최유리) JIN YOUNG
2026-09-26,kr,South Korea,top_songs_weekly,,94,https://yt3.googleusercontent.com/8zicbEdxj5_mABYY_xV3gdGhiMN2tCNkSjYjm7o2GYnqCBAyy3hEmb2_kwUWrxTVg7wLQC72JZYFUpQj=w180-h180-l90-rj,,question mark (feat. 崔子 & Zion.T),Primary,,,question mark (feat. 崔子 & Zion.T) Primary
2026-09-26,kr,South Korea,top_songs_weekly,,95,https://yt3.googleusercontent.com/xPnNW8X77m1KdHTDCqbgO-rA1lYXkw20yJXQsnKWHBhUFESJOX_g_kYUNP0l3fFk3jt_F-2Htld_C88=w180-h180-l90-rj,,NANSEN,Song Sohee,,,NANSEN Song Sohee
2026-09-26,kr,South Korea,top_songs_weekly,,96,https://yt3.googleusercontent.com/ver3z_mWOKJkKkWopYRmrVbc59YVtLM14D5zl0sf1m-_6eDVCqPYtpI5Kv-xaCtn9cWqT12tJJLuE65ckA=w180-h180-l90-rj,,A Bientot RE,任英雄,,,A Bientot RE 任英雄
2026-09-26,kr,South Korea,top_songs_weekly,,97,https://yt3.googleusercontent.com/ISnTZNUsT-7R1lJUcYfcxj1dAEaPctQKnV4ZbxWZcaDWHOEH3MjNvJe8GQOoo49AvNB0q20NOQvv9xPiuw=w180-h180-l90-rj,,Genie Magic,FIFTY FIFTY,,,Genie Magic FIFTY FIFTY
2026-09-26,kr,South Korea,top_songs_weekly,,98,https://yt3.googleusercontent.com/wRXgOBgefc1ffPk_9vmhhL7XfTD27wR5OoCC34lTDv2cD4ooCYBGFjJ_PljlR5tOrKY7vuiCbAwsEQpB=w180-h180-l90-rj,,Sing It Loud,D.O.,,,Sing It Loud D.O.
2026-09-26,kr,South Korea,top_songs_weekly,,99,https://yt3.googleusercontent.com/Bd95U_9VwyKkgfPddSdAwZaurA-_bTODcv6LKK6g_1F7OlWjyqWNCiFGloZL6qRMorqFuL166dqDSuNG=w180-h180-l90-rj,,"Leave Me, Don′t Go",gitae / Baek Yeseul,,,"Leave Me, Don′t Go gitae & Baek Yeseul"
2026-09-26,kr,South Korea,top_songs_weekly,,100,https://yt3.googleusercontent.com/1AnlskFH3AxdN6oUzTSUAtnHvdqN3U2hhG3VNkAUK-c1IizoHVWdAdPHTeqv32ZQ7VuHj_ibc2S1cGY=w180-h180-l90-rj,,ブレインロット (feat. 重音テト),Tokyo Manaka,,,ブレインロット (feat. 重音テト) Tokyo Manaka
2026-09-26,vn,Vietnam,top_songs_weekly,,1,https://yt3.googleusercontent.com/uFmCWed-c6lwx0dDzZU4aXMqzZ-LP7I3RdRNTvivGFIbMicy0l49wpPIzR3rn1H1wVGZnVt8gB0n8qEq=w180-h180-l90-rj,,LƯU NIÊN,Jack - J97,,,LƯU NIÊN Jack - J97
2026-09-26,vn,Vietnam,top_songs_weekly,,2,https://yt3.googleusercontent.com/kDdv_BLRx8XXfAp9eojlkQNckFzrk4DuhhdfFENAV8t2cp3-Uliuca_1I9TstzbgrC-Iy7x6ScqrH53Y=w180-h180-l90-rj,,NGƯỜI DƯNG,Jack - J97,,,NGƯỜI DƯNG Jack - J97
2026-09-26,vn,Vietnam,top_songs_weekly,,3,https://yt3.googleusercontent.com/71C4yZTM1c3g0xunZKa0rNrW1N0aMyNIz2HzukwxqGTwUVmDwHprns8jYlszRJAdJwYJoDPuZi49XBPMKw=w180-h180-l90-rj,,Thiên Đường Với Người Thương,Phương Mỹ Chi / DTAP,,,Thiên Đường Với Người Thương Phương Mỹ Chi & DTAP
2026-09-26,vn,Vietnam,top_songs_weekly,,4,https://yt3.googleusercontent.com/pshcr1f39wooX5vIpwpKnDnxSpvlAs_7-_Mp1XjhnUuzfU__K8_RR4M9VxXRCXpk8FJ4OP4pDqQmG5U=w180-h180-l90-rj,,LAVIEM,"Quang Hùng MasterD / TINH HÀ ""SAY HI"" / CAPTAIN BOY / Pháp Kiều / COOLKID / 鍾定一",,,"LAVIEM Quang Hùng MasterD , TINH HÀ ""SAY HI"" , CAPTAIN BOY , Pháp Kiều , COOLKID & 鍾定一"
2026-09-26,vn,Vietnam,top_songs_weekly,,5,https://yt3.googleusercontent.com/bio5yni43VDbku_kSYxyK6n31Pys0PCvyRlqXHRj1e800MWHs3avp1IHGXdAgliWQfmnsXOye4TZfJo=w180-h180-l90-rj,,xương rồng (intro),Dangrangto / DONAL,,,xương rồng (intro) Dangrangto & DONAL
2026-09-26,vn,Vietnam,top_songs_weekly,,6,https://yt3.googleusercontent.com/IF6xrt6-1gtyN9mugQylNTAePWYdQmwsNEtFQqfswgpsKXvDGaQCRVR2vrLGgY6rv2_NWdIiHiElKJ2y=w180-h180-l90-rj,,SECRET,"TINH HÀ ""SAY HI"" / Quang Hùng MasterD / CODYNAMVO / CONGB / Wren Evans",,,"SECRET TINH HÀ ""SAY HI"" , Quang Hùng MasterD , CODYNAMVO , CONGB & Wren Evans"
2026-09-26,vn,Vietnam,top_songs_weekly,,7,https://yt3.googleusercontent.com/IF6xrt6-1gtyN9mugQylNTAePWYdQmwsNEtFQqfswgpsKXvDGaQCRVR2vrLGgY6rv2_NWdIiHiElKJ2y=w180-h180-l90-rj,,"MRT (feat. Xuân Định K.Y, buitruonglinh, CAPTAIN BOY & HYO)","TINH HÀ ""SAY HI""",,,"MRT (feat. Xuân Định K.Y, buitruonglinh, CAPTAIN BOY & HYO) TINH HÀ ""SAY HI"""
2026-09-26,vn,Vietnam,top_songs_weekly,,8,https://yt3.googleusercontent.com/-cEa2wbK9kWOXuvdAVcXiUxEEj1UK9HCHv4sBL0K85B9o9Zzk4zO_eTUq0uW-K3LkU_hpuBGvHpqkpQ=w180-h180-l90-rj,,dự báo thời tiết hôm nay mưa,GREY D / Phúc Du,,,dự báo thời tiết hôm nay mưa GREY D & Phúc Du
2026-09-26,vn,Vietnam,top_songs_weekly,,9,https://i.ytimg.com/vi/oMGPJ4uE_W8/default.jpg,https://www.youtube.com/watch?v=oMGPJ4uE_W8,Gói Con Tim Làm Quà (Bò Sữa Bay Original Soundtrack),Nguyễn Hùng,,,Gói Con Tim Làm Quà (Bò Sữa Bay Original Soundtrack) Nguyễn Hùng
2026-09-26,vn,Vietnam,top_songs_weekly,,10,https://yt3.googleusercontent.com/0UVcwU4CUjnLwfCx2zeOugD4X7mdlKtKcBM1oimBjKHLWa6hBKO-Rbwdb4YEcNO5ZDenm752jIrdbjY=w180-h180-l90-rj,,Xin Đừng Rời Xa Anh,Lê Gia Bảo,,,Xin Đừng Rời Xa Anh Lê Gia Bảo
2026-09-26,vn,Vietnam,top_songs_weekly,,11,https://yt3.googleusercontent.com/EJhrMtlMLetQ0EIkZs1fY4sMbtMbIYHmCUYGEms8brKuY5OCjhcvdlqEWbt9-ptaxSZYwmDYWASQwn96=w180-h180-l90-rj,,Đến Khi Nào,YanBi,,,Đến Khi Nào YanBi
2026-09-26,vn,Vietnam,top_songs_weekly,,12,https://yt3.googleusercontent.com/_UigUPfSaJajHPsTTPjBCIBsfOxtDfQiz_mGIlWK8WNgNEJPx7hWcM_q_7-MYJvvPfaSAMDUhXxXR9aOzQ=w180-h180-l90-rj,,KẺ SAY TÌNH - SKYNote 2025,Quốc Thiên,,2025,KẺ SAY TÌNH - SKYNote 2025 Quốc Thiên
2026-09-26,vn,Vietnam,top_songs_weekly,,13,https://yt3.googleusercontent.com/MBsSXCIlM_eGu5YpvDDyfEtUwmkFDBaCtr-6qZsC_o5zamJOEL9PbnAzQE50dpyU0-iIrBSHNNVAhOU=w180-h180-l90-rj,,vết thương,Fishy,,,vết thương Fishy
2026-09-26,vn,Vietnam,top_songs_weekly,,14,https://yt3.googleusercontent.com/32ejT_w_pjywxNDxiRXN_9wXwizxKILlX5hxHaIK44paKFlX2MWYDBFpode8dHRNdY2cblzs6Y71miKuGQ=w180-h180-l90-rj,,Người Im Lặng Gặp Người Hay Nói,HIEUTHUHAI,,,Người Im Lặng Gặp Người Hay Nói HIEUTHUHAI
2026-09-26,vn,Vietnam,top_songs_weekly,,15,https://yt3.googleusercontent.com/JXSOnsZaIGpS55uOaQSEY4okJb9V1hacx9FsrV6g8Vh6KXAvAPo-UtysQnhpmQn_otreo5kQgwDZtBgO=w180-h180-l90-rj,,Kẻ Say Tình 2 (Live),Quốc Thiên,,,Kẻ Say Tình 2 (Live) Quốc Thiên
2026-09-26,vn,Vietnam,top_songs_weekly,,16,https://yt3.googleusercontent.com/_hIMG_CWHtLLCxAIGTkrPkXLW_2XQfaAajp7ul6bVWgfRwmkueiXE77BKPzhnBD4ZbUCmYeHb3abaInU_w=w180-h180-l90-rj,,Giá Như Anh Là Em,Lệ Quyên,,,Giá Như Anh Là Em Lệ Quyên
2026-09-26,vn,Vietnam,top_songs_weekly,,17,https://yt3.googleusercontent.com/pPXFB33cg6OkSoAG9Xbvp3cGnkXnTGWSYkUypg0vHL8IuRvIYBTYnjvhweDfjbCRf4FHXCksK2ukjio=w180-h180-l90-rj,,海嶼你,馬也Crabbit / Cole先生,,,海屿你 马也Crabbit & Cole先生
2026-09-26,vn,Vietnam,top_songs_weekly,,18,https://yt3.googleusercontent.com/pshcr1f39wooX5vIpwpKnDnxSpvlAs_7-_Mp1XjhnUuzfU__K8_RR4M9VxXRCXpk8FJ4OP4pDqQmG5U=w180-h180-l90-rj,,"GIẢI CỨU THẾ GIỚI (feat. JSOL, Sơn.K, IVAN, HYO & SOFTEST HARD)","TINH HÀ ""SAY HI"" / JSOL / Sơn.K / IVAN / HYO / SOFTEST HARD",,,"GIẢI CỨU THẾ GIỚI (feat. JSOL, Sơn.K, IVAN, HYO & SOFTEST HARD) TINH HÀ ""SAY HI"" , JSOL , Sơn.K , IVAN , HYO & SOFTEST HARD"
2026-09-26,vn,Vietnam,top_songs_weekly,,19,https://yt3.googleusercontent.com/5Hol1ZJ6h469sUXUFhmOYRUKs0OoXEatDsj3Ti8qXhMFHqMPXca71naZa_cXX98_s-T25PfpqPah9w48=w180-h180-l90-rj,,Ác Mộng Đẹp,DatG Music,,,Ác Mộng Đẹp DatG Music
2026-09-26,vn,Vietnam,top_songs_weekly,,20,https://yt3.googleusercontent.com/NAvuVgzvCzk2yJilfHKBYKo7ORL9lMuQgF6WQ0mE0M9MJ-5lMlQE3NcChsO7prAUPENiKDr1mbeLdI5Uig=w180-h180-l90-rj,,Trăm Năm Chỉ Một Người,Hoàng K Official,,,Trăm Năm Chỉ Một Người Hoàng K Official
2026-09-26,vn,Vietnam,top_songs_weekly,,21,https://yt3.googleusercontent.com/IUs9khqlelpxafAmARZHCUTgQjkXOLWH0OB2Dc42iOoVatODsPDmXPvgaa4mRoA5QTrwrOTLUePfWMY=w180-h180-l90-rj,,TAM THÁI TỬ,Jack - J97,,,TAM THÁI TỬ Jack - J97
2026-09-26,vn,Vietnam,top_songs_weekly,,22,https://yt3.googleusercontent.com/IF6xrt6-1gtyN9mugQylNTAePWYdQmwsNEtFQqfswgpsKXvDGaQCRVR2vrLGgY6rv2_NWdIiHiElKJ2y=w180-h180-l90-rj,,THẾ GIỚI CỦA ANH,"TINH HÀ ""SAY HI"" / Dương Domic / buitruonglinh / CONGB / WEAN / Van Toan",,,"THẾ GIỚI CỦA ANH TINH HÀ ""SAY HI"" , Dương Domic , buitruonglinh , CONGB , WEAN & Van Toan"
2026-09-26,vn,Vietnam,top_songs_weekly,,23,https://yt3.googleusercontent.com/POQoEBXIKP5-n6htVCKdyOH_O7MRR7xXuXX8vAiSagvhYbDP9ALmb25X1oRgPY7WbNb_ai33W5PBV8-N=w180-h180-l90-rj,,Them Bao Nhieu Lau,DatG Music,,,Them Bao Nhieu Lau DatG Music
2026-09-26,vn,Vietnam,top_songs_weekly,,24,https://i.ytimg.com/vi/X-GCJwz4PnY/default.jpg,https://www.youtube.com/watch?v=X-GCJwz4PnY,Buồn Thì Cứ Khóc Đi,Lynk Lee,,,Buồn Thì Cứ Khóc Đi Lynk Lee
2026-09-26,vn,Vietnam,top_songs_weekly,,25,https://yt3.googleusercontent.com/ANgEyGYjaJYib2U14bonaeADYZH4bhrVo06ykW_OBLnZowZk6HEOTD1rvgXM6-xdv39Ct72Ceg3NH5PZ=w180-h180-l90-rj,,Ngân Hàng Nỗi Nhớ,DatG Music,,,Ngân Hàng Nỗi Nhớ DatG Music
2026-09-26,vn,Vietnam,top_songs_weekly,,26,https://yt3.googleusercontent.com/8lkiSxJkIk4RDU-DiRnqeMejKpyJLYbjg7bNBsnEnB9jjBmtaHuQ08x0jxZTt0sTg_bAEc2QjLfhXYWR=w180-h180-l90-rj,,MỘT NGƯỜI NHƯ THẾ (feat. KIMLONG),"MAIQUINN / TINH HÀ ""SAY HI""",,,"MỘT NGƯỜI NHƯ THẾ (feat. KIMLONG) MAIQUINN & TINH HÀ ""SAY HI"""
2026-09-26,vn,Vietnam,top_songs_weekly,,27,https://yt3.googleusercontent.com/IUopowr94qf-hPHAdQ-6II7pQyWMptI03p7JdoBSposNJMpndgJuS8OKgBEgMl-M5GYyEujm5hV4B8a7=w180-h180-l90-rj,,HOA TRONG ĐÁ,Jack - J97,,,HOA TRONG ĐÁ Jack - J97
2026-09-26,vn,Vietnam,top_songs_weekly,,28,https://yt3.googleusercontent.com/exPePx__acYmrbZVDavk17CbBGmnchHvUwraS0wwLIbsk8A7ahVt8SDL9sRg4X9wFysEvt5IDOMssrw=w180-h180-l90-rj,,TIẾNG RU CỘI NGUỒN,Anh Trai Vượt Ngàn Chông Gai / Thuan Nguyen / Đông Hùng / Toki Thành Thỏ / Cheng / K.O / Duy Khánh 週週 / OSAD / Hà An Huy,,,"TIẾNG RU CỘI NGUỒN Anh Trai Vượt Ngàn Chông Gai , Thuan Nguyen , Đông Hùng , Toki Thành Thỏ , Cheng , K.O , Duy Khánh 周周 , OSAD & Hà An Huy"
2026-09-26,vn,Vietnam,top_songs_weekly,,29,https://i.ytimg.com/vi/kj7FXhECpSw/default.jpg,https://www.youtube.com/watch?v=kj7FXhECpSw,Ngược Lối Yêu(Live),Vicky Nhung / Chu Thuý Quỳnh,,,Ngược Lối Yêu(Live) Vicky Nhung & Chu Thuý Quỳnh
2026-09-26,vn,Vietnam,top_songs_weekly,,30,https://yt3.googleusercontent.com/pshcr1f39wooX5vIpwpKnDnxSpvlAs_7-_Mp1XjhnUuzfU__K8_RR4M9VxXRCXpk8FJ4OP4pDqQmG5U=w180-h180-l90-rj,,"VƯỢT NGƯỠNG TÌNH YÊU (feat. HURRYKNG, Dương Domic, KIMLONG, Xuân Định K.Y & FrancisGotHeat)","TINH HÀ ""SAY HI""",,,"VƯỢT NGƯỠNG TÌNH YÊU (feat. HURRYKNG, Dương Domic, KIMLONG, Xuân Định K.Y & FrancisGotHeat) TINH HÀ ""SAY HI"""
2026-09-26,vn,Vietnam,top_songs_weekly,,31,https://yt3.googleusercontent.com/pshcr1f39wooX5vIpwpKnDnxSpvlAs_7-_Mp1XjhnUuzfU__K8_RR4M9VxXRCXpk8FJ4OP4pDqQmG5U=w180-h180-l90-rj,,Anh Trai Say Hi!,Ali Hoàng Dương,,,Anh Trai Say Hi! Ali Hoàng Dương
2026-09-26,vn,Vietnam,top_songs_weekly,,32,https://yt3.googleusercontent.com/TFKZJ92okwBw4O0pZ82AYM_mLfa-R-5BiorTR6Z2s_dKGQTMg3LegUvppev4O10CSsIsYCe98XgftGjE=w180-h180-l90-rj,,ANH YÊU EM (我愛你),Jack - J97,,,ANH YÊU EM (我爱你) Jack - J97
2026-09-26,vn,Vietnam,top_songs_weekly,,33,https://yt3.googleusercontent.com/lph_AYE9fU1VteHx7zG6DGesN-NvVDTs79j1q4DCHZS980-UryiOlKlLgtDkIBr2niDVO0WZdTg2fnA=w180-h180-l90-rj,,SaWaDiKa,LISA,"8月 27, 2026",816537,"33 23 SaWaDiKa LISA 8月 27, 2026 10 2 816,537"
2026-09-26,vn,Vietnam,top_songs_weekly,,34,https://yt3.googleusercontent.com/5d51ZlGjNP_Gss3Z3RKP7B98ASQ7pxvp4XI3IAQ3kniFFjgLPDPnR6_K3tYZGoMVvfJYXBtu3awwsTI=w180-h180-l90-rj,,Training Season,Dua Lipa,,,Training Season Dua Lipa
2026-09-26,vn,Vietnam,top_songs_weekly,,35,https://yt3.googleusercontent.com/My4eY0kSvcYwWZJ_SfVF7jLR95fGoV2b83uvUMYCpRAKsX-eP1dGw5LkJEoWm6xPXf0m-X6CfMmATb90=w180-h180-l90-rj,,Tự Do Như Cơn Gió,Xanh,,,Tự Do Như Cơn Gió Xanh
2026-09-26,vn,Vietnam,top_songs_weekly,,36,https://yt3.googleusercontent.com/v4PMLQYutK_KxMRyE19-xi2SRTxhnw3dva0fXbNkgy0emuY27-PLWyDfr9-0g2v_aMVKRJ3oEaSdTmk=w180-h180-l90-rj,,Nếu Như Ta Chẳng Còn,RPT MCK,,,Nếu Như Ta Chẳng Còn RPT MCK
2026-09-26,vn,Vietnam,top_songs_weekly,,37,https://yt3.googleusercontent.com/U-Fy45spaykr_yara6v_Q-qDaQ4ISn9-W8OVgmYywXynwU4qoV8Xd-LKBksAV9qSAwCclQygParpSyg=w180-h180-l90-rj,,Em (feat. 皇杉),Binz,,,Em (feat. 皇杉) Binz
2026-09-26,vn,Vietnam,top_songs_weekly,,38,https://yt3.googleusercontent.com/TbgNJYz_kluYNbplVfTQZ1x1lW3WqjyYQq_xmWGzY24kkRXThjPQ50amGfVVtcRngdM8R4gszZxFU4o=w180-h180-l90-rj,,Lo Người Ướt Áo (NVT Remix),Nguyễn Thạc Bảo Ngọc,,,Lo Người Ướt Áo (NVT Remix) Nguyễn Thạc Bảo Ngọc
2026-09-26,vn,Vietnam,top_songs_weekly,,39,https://yt3.googleusercontent.com/N1FFdiqmIDHZHmFv1xOIdrAf77yhFNpKMVY37OaLyucuB_wn42XnFtb3uYEjnsRcQzBvf2RKeDBupCc_=w180-h180-l90-rj,,Anh Đã Quen Với Cô Đơn,皇杉,,,Anh Đã Quen Với Cô Đơn 皇杉
2026-09-26,vn,Vietnam,top_songs_weekly,,40,https://yt3.googleusercontent.com/bJcoQO_tzclgNVGYltpKVoj2AU4tKQkcSxTnqhchr43IJb5Z6OieOt0teUrqOlOd1hf9kWt97v1drbLwJA=w180-h180-l90-rj,,Chạm Khẽ Tim Anh Một Chút Thôi,阮福盛,,,Chạm Khẽ Tim Anh Một Chút Thôi 阮福盛
2026-09-26,vn,Vietnam,top_songs_weekly,,41,https://i.ytimg.com/vi/7m_zVBmNIas/default.jpg,https://www.youtube.com/watch?v=7m_zVBmNIas,HUONG TINH XUA,Hoàng Diễn / Baegod,,,HUONG TINH XUA Hoàng Diễn & Baegod
2026-09-26,vn,Vietnam,top_songs_weekly,,42,https://yt3.googleusercontent.com/qOoJ3tOLtGogVD1R4C590js7qqxJatlhziPRpv7TU0s3a3fKJKerr_J7cxe-qP4aR5aR7txp2KQcCOrg=w180-h180-l90-rj,,In Love,Low G / JustaTee,,,In Love Low G & JustaTee
2026-09-26,vn,Vietnam,top_songs_weekly,,43,https://yt3.googleusercontent.com/DdbthqY6vydIylP5xcx0_BBPeu3ZkWM1h9puGrdtImYmldV3Brwd8Y0UCsfxJAzyje-5Gvy_MCvU1-aRuA=w180-h180-l90-rj,,Đạo Nào Bằng Đạo Phu Thê,Hoàng K Official,,,Đạo Nào Bằng Đạo Phu Thê Hoàng K Official
2026-09-26,vn,Vietnam,top_songs_weekly,,44,https://yt3.googleusercontent.com/makM3SRKVA-xjoTMvKpZf7obwEAjYCvQZbUj-p5UkuxnSmH6MfdwQfYsT_VHY6thNPPMVU71032v62Qv=w180-h180-l90-rj,,MỖI LẦN NHỚ EM LÀ MỘT NGÀY MƯA,Jack - J97,,,MỖI LẦN NHỚ EM LÀ MỘT NGÀY MƯA Jack - J97
2026-09-26,vn,Vietnam,top_songs_weekly,,45,https://yt3.googleusercontent.com/MBknmxBTp0-P0ZJmS1pjsBxdzYQ9tJLK4fH3D8wOBfW6EhZbfF2i7kEsqIgj_gfGCk_2BrWKA7czhSF6=w180-h180-l90-rj,,Ngày Rời Chuyến Bay,Minh Huy / Pinny,,,Ngày Rời Chuyến Bay Minh Huy & Pinny
2026-09-26,vn,Vietnam,top_songs_weekly,,46,https://yt3.googleusercontent.com/N7z9OEZ2cx4yvSfVMjMtp9EdGjHzmU5DfXrFEJCA4GzyvGbmNVv5eWl6DD974oKonrAf8vE9fiPKLfo=w180-h180-l90-rj,,Sandwich & Story,MONO / EmceeDan,,,Sandwich & Story MONO & EmceeDan
2026-09-26,vn,Vietnam,top_songs_weekly,,47,https://yt3.googleusercontent.com/1r6lukc6KseBDM9mqWS7ACk80ZlslD7HZ1zgrWDhQY_1c3ku1xlUCwB_RHQoDNBXugWurIWaVx3QEO9k=w180-h180-l90-rj,,Thử Lòng Quân Tử,Phương Mỹ Chi / DTAP,,,Thử Lòng Quân Tử Phương Mỹ Chi & DTAP
2026-09-26,vn,Vietnam,top_songs_weekly,,48,https://yt3.googleusercontent.com/aecAkQVUGAs31a_XBpLPgdbK6Bub7tCbXUt6t5nwGu8f_NQ2uiU53LZ9XEwi3SCYrLBhiycSsfwqFPxhNw=w180-h180-l90-rj,,Thanh Tân,VƯƠNG BÌNH,,,Thanh Tân VƯƠNG BÌNH
2026-09-26,vn,Vietnam,top_songs_weekly,,49,https://yt3.googleusercontent.com/IF6xrt6-1gtyN9mugQylNTAePWYdQmwsNEtFQqfswgpsKXvDGaQCRVR2vrLGgY6rv2_NWdIiHiElKJ2y=w180-h180-l90-rj,,50 CUỘC GỌI NHỠ,"TINH HÀ ""SAY HI"" / COOLKID / Quang Hùng MasterD / CODYNAMVO / Jaysonlei",,,"50 CUỘC GỌI NHỠ TINH HÀ ""SAY HI"" , COOLKID , Quang Hùng MasterD , CODYNAMVO & Jaysonlei"
2026-09-26,vn,Vietnam,top_songs_weekly,,50,https://yt3.googleusercontent.com/ht-uBXC6lywaJxgJxLTniX0qs7qSZTM9H0IMiQV4NUHH-S8DjyxBOhtS6fN7xh_GS5QKxpLq4Ug1Bs3vnA=w180-h180-l90-rj,,She Neva Knows (CM1X Remix),CM1X,,,She Neva Knows (CM1X Remix) CM1X
2026-09-26,vn,Vietnam,top_songs_weekly,,51,https://yt3.googleusercontent.com/IF6xrt6-1gtyN9mugQylNTAePWYdQmwsNEtFQqfswgpsKXvDGaQCRVR2vrLGgY6rv2_NWdIiHiElKJ2y=w180-h180-l90-rj,,MƯA VỘI PHÓNG,"TINH HÀ ""SAY HI"" / Wren Evans / Ali Hoàng Dương / CODY Nam Võ / HYO / 2pillz",,,"MƯA VỘI PHÓNG TINH HÀ ""SAY HI"" , Wren Evans , Ali Hoàng Dương , CODY Nam Võ , HYO & 2pillz"
2026-09-26,vn,Vietnam,top_songs_weekly,,52,https://yt3.googleusercontent.com/AFqPHreUyzXznE6NI6mHKFm0JM-VKjDypE_PdSgGMIqeWn8HMA-RwCakkdCht8lOOCx5NaPAaXkhWag=w180-h180-l90-rj,,Liệu Giờ,2T / Van,,,Liệu Giờ 2T & Van
2026-09-26,vn,Vietnam,top_songs_weekly,,53,https://yt3.googleusercontent.com/j9MKz37x298NkUKVh70EahdaMIK_VyVZo4C6sDEQoUhOCJe0nBZRTCm6G61NlnfBlvTAlrA-qNDCpq4=w180-h180-l90-rj,,Ngồi Nghe Em Khóc,DatG Music,,,Ngồi Nghe Em Khóc DatG Music
2026-09-26,vn,Vietnam,top_songs_weekly,,54,https://yt3.googleusercontent.com/LUt7Xlqn4fD0n0beHqwLUj95e4Q2UobGP2SudvF3d-ZC6j4vHMI1Ypjv64pVUiyWFT2kY2uuzOYNi1Jm=w180-h180-l90-rj,,50 năm về sau,Đặng Thanh Tuyền,,,50 năm về sau Đặng Thanh Tuyền
2026-09-26,vn,Vietnam,top_songs_weekly,,55,https://yt3.googleusercontent.com/2nhR9Mz9cBUAlKIZbqF__QqEm5Frj-8nKPOnauUuEt8hZDMxU_5HVDUkRZFEAxNArCWeLNdczzkCbjGpFQ=w180-h180-l90-rj,,Hướng Dương Bất Tức,Jack - J97,,,Hướng Dương Bất Tức Jack - J97
2026-09-26,vn,Vietnam,top_songs_weekly,,56,https://i.ytimg.com/vi/XpY62G82-HI/default.jpg,https://www.youtube.com/watch?v=XpY62G82-HI,THƯƠNG LẤY PHẬN MÌNH,Thái Học,,,THƯƠNG LẤY PHẬN MÌNH Thái Học
2026-09-26,vn,Vietnam,top_songs_weekly,,57,https://yt3.googleusercontent.com/OlsyF8L82chwdoVqON-g5H3BsEEgA0zSIYU_6SIZgMtLe0QzZPxzno91C6zJktuon6rjAv_UbmggkO_vyQ=w180-h180-l90-rj,,BAD,ATEEZ,"5月 22, 2026",532422,"57 8 BAD ATEEZ 5月 22, 2026 49 8 532,422"
2026-09-26,vn,Vietnam,top_songs_weekly,,58,https://yt3.googleusercontent.com/f-hJieVEyCu_8O0f7NdlPCCczoyF2zTsJZdF-X8_Qbx6m_PJZmUwrRT1gvG7F_nnq8digpkqPSGvZ8K2PQ=w180-h180-l90-rj,,Gái Tây Gốc Việt (feat. Tommy Tèo & BILLY100),Nicole Nguyễn,,100,Gái Tây Gốc Việt (feat. Tommy Tèo & BILLY100) Nicole Nguyễn
2026-09-26,vn,Vietnam,top_songs_weekly,,59,https://yt3.googleusercontent.com/DeXzvBkGq4wQP2Qb-Tjhy8SFmaN3bEC9WovY0x-LX1AjkDcfNFCMHmYZXrpKUnjeuztMzuRGI2IsDvJT=w180-h180-l90-rj,,Thương Em Là Điều Anh Không Thể Ngờ,阮福盛,,,Thương Em Là Điều Anh Không Thể Ngờ 阮福盛
2026-09-26,vn,Vietnam,top_songs_weekly,,60,https://yt3.googleusercontent.com/xGuuDerOmXJAGz23ZlawvrQ9glc2eLk3TUfLONnoFVVfMlE_QzD6QODT8o3u5TK2joZJJg_0ww6YVc7X=w180-h180-l90-rj,,Gián Đáng Iu Hongg?,The New Gene / Lâm Thằn Lằn,,,Gián Đáng Iu Hongg? The New Gene & Lâm Thằn Lằn
2026-09-26,vn,Vietnam,top_songs_weekly,,61,https://yt3.googleusercontent.com/zh9Htd0Nh-Z0h6AzAPFKjdxoV7Fium8XRoBeC3VAQWGkWag6RB5xQB1cdALRblcWazHGPtQQ09MBX5C-=w180-h180-l90-rj,,Khởi (feat. SEAGAD & Yung Ni99),TonDee,,,Khởi (feat. SEAGAD & Yung Ni99) TonDee
2026-09-26,vn,Vietnam,top_songs_weekly,,62,https://yt3.googleusercontent.com/e_KhStFaUpXtdfyncHtYOBGibpgdw3fVixG8H0_E8aIW6G0Op9wo4jQqWsfHCEMaI96DnhsqlHM9Yzck=w180-h180-l90-rj,,연애의 조건,BESTie(베스티),,,연애의 조건 BESTie(베스티)
2026-09-26,vn,Vietnam,top_songs_weekly,,63,https://yt3.googleusercontent.com/moXpr_lvHpb9m70jTjr-0GE63_VyHivgmyH7UPBJmgwWPHwwmvhxDPPZtdAhCFo7CdzmzIGwBE3cn4VuCQ=w180-h180-l90-rj,,Dai Dai,Shakira / Burna Boy,,,Dai Dai Shakira & Burna Boy
2026-09-26,vn,Vietnam,top_songs_weekly,,64,https://yt3.googleusercontent.com/FhyezuMcnJXEBiHPWTK1QNNX1CtJz-VRBhTEfUdYtouU-AYftJifOBpTELgZtvFvt93-Gi0CEi4hMkQS=w180-h180-l90-rj,,NẾU PHẢI GIỮ CHO EM,Jack - J97,,,NẾU PHẢI GIỮ CHO EM Jack - J97
2026-09-26,vn,Vietnam,top_songs_weekly,,65,https://yt3.googleusercontent.com/QltpuoWOgKTjtzECHwBkv-z93bSvK6J-p4M3bpPz99RFjA1ujrdJt8vx9dRrHNvxdPygjudR3SNiBkU-=w180-h180-l90-rj,,Lạng Quanh,Hngle / Parys / VSTRA,,,"Lạng Quanh Hngle , Parys & VSTRA"
2026-09-26,vn,Vietnam,top_songs_weekly,,66,https://i.ytimg.com/vi/ie2mygRYU9Y/default.jpg,https://www.youtube.com/watch?v=ie2mygRYU9Y,TÍCH TỊCH TÌNH TANG (Live),Anh Trai Vượt Ngàn Chông Gai / Hoàng Dũng / Hoàng Rob / Will / THỎ (Da LAB) / Tùng Mint / Tốp Then Suối Ngàn,,,"TÍCH TỊCH TÌNH TANG (Live) Anh Trai Vượt Ngàn Chông Gai , Hoàng Dũng , Hoàng Rob , Will , THỎ (Da LAB) , Tùng Mint & Tốp Then Suối Ngàn"
2026-09-26,vn,Vietnam,top_songs_weekly,,67,https://yt3.googleusercontent.com/Dty4krmGX81aVwSH8Gu1OkBm8OjsYPStbTJRn_S2BfbB4dmHCK3mOtUfSQiJvyc1aVeLY23bENA5TCAqVg=w180-h180-l90-rj,,THÌ RA MÌNH ĐÃ YÊU NHAU XONG RỒI,Jack - J97,,,THÌ RA MÌNH ĐÃ YÊU NHAU XONG RỒI Jack - J97
2026-09-26,vn,Vietnam,top_songs_weekly,,68,https://yt3.googleusercontent.com/vMVakc7cAmbxSChhN8TbJZ4W1-HUoXAm43Qsu8JJBBlHT4O6UHBRWe3aRw9jmhV49eb0_IJd7LblbE0=w180-h180-l90-rj,,CILU,Da LAB / JGKiD (Da LAB) / MPaKK,,,"CILU Da LAB , JGKiD (Da LAB) & MPaKK"
2026-09-26,vn,Vietnam,top_songs_weekly,,69,https://yt3.googleusercontent.com/kiPXLpiv3WRxiRl27LqYeiM4dRb5o6fLPou4g52lyvlt1XR41s3vnCL5q1kZqG3Ryfi61mM0UPE06UEp=w180-h180-l90-rj,,Chuyện Của Nó,Jombie,,,Chuyện Của Nó Jombie
2026-09-26,vn,Vietnam,top_songs_weekly,,70,https://yt3.googleusercontent.com/AJXRg6ajLxn1dIfdqQfCD883vsx0nR88U4tMPWOXx73UbBoUw821lXUUAQx27bXIsdRwK9jPkTh1O1Si=w180-h180-l90-rj,,Có Em Chờ,黃毓敏,"4月 10, 2017",436386,"70 New Có Em Chờ 黄毓敏 4月 10, 2017 - 1 436,386"
2026-09-26,vn,Vietnam,top_songs_weekly,,71,https://yt3.googleusercontent.com/g9heX5zcxS3pC1Ga5sYvimx3ZlUvzlygi630IdkKKpBBuftfxo2sxsWNL-SPvD8RRTml39hcE-qlpTTNIw=w180-h180-l90-rj,,Tìm Thấy Nhau,SIVAN,,,Tìm Thấy Nhau SIVAN
2026-09-26,vn,Vietnam,top_songs_weekly,,72,https://yt3.googleusercontent.com/oA6rzcfFbKHPsa0O6DRJMVunMfH3fR4aNRwnDG5IcveMB15mIOQfA_ftKITv1I0SQLX0Y_jigcU-KDQ=w180-h180-l90-rj,,Những Gì Anh Nói,Bozitt,,,Những Gì Anh Nói Bozitt
2026-09-26,vn,Vietnam,top_songs_weekly,,73,https://yt3.googleusercontent.com/exPePx__acYmrbZVDavk17CbBGmnchHvUwraS0wwLIbsk8A7ahVt8SDL9sRg4X9wFysEvt5IDOMssrw=w180-h180-l90-rj,,ĐẠI KHẢI HOÀN,Anh Trai Vượt Ngàn Chông Gai / 黃尊 / Will / OSAD,,,"ĐẠI KHẢI HOÀN Anh Trai Vượt Ngàn Chông Gai , 黃尊 , Will & OSAD"
2026-09-26,vn,Vietnam,top_songs_weekly,,74,https://yt3.googleusercontent.com/k7avRSl4tRDgbZVP3mND1j6t118n6rZBkvMQesfNNkJvJoV4j8onnQc0Z1DAvpAVjsh-Vvur0PhUuWIS0A=w180-h180-l90-rj,,NÁT TAN CÕI LÒNG,Jack - J97,,,NÁT TAN CÕI LÒNG Jack - J97
2026-09-26,vn,Vietnam,top_songs_weekly,,75,https://yt3.googleusercontent.com/8ldxrbMbi-omkCflYYE4UyN8Xpi9W8LifxJr4CrayM8_gM4wi6Fi8U0j33_ZyiBIQvzDvUPqwUQtpDDWLg=w180-h180-l90-rj,,để dành cho em,Dangrangto / DONAL,,,để dành cho em Dangrangto & DONAL
2026-09-26,vn,Vietnam,top_songs_weekly,,76,https://yt3.googleusercontent.com/yyZTY9YbPuu292Xs8unV-9rjhLD0Llj5P-FQDRBtyz5s73nsx4_1M_9PBN8Dd4SyZaUB57IFrCxeRek=w180-h180-l90-rj,,Đại Khải Hoàn,The Flob,,,Đại Khải Hoàn The Flob
2026-09-26,vn,Vietnam,top_songs_weekly,,77,https://yt3.googleusercontent.com/kKIzFsawjhq0qlqTl8EnCQoQ4-jQbRnfF-2p5OsbVKtNXUsg_dNKKLPQsLXya-E9yR7HikwsFuaKNC55=w180-h180-l90-rj,,NẾU NGÀY ẤY,皇杉,"7月 22, 2019",402211,"77 77 NẾU NGÀY ẤY 皇杉 7月 22, 2019 - 2 402,211"
2026-09-26,vn,Vietnam,top_songs_weekly,,78,https://yt3.googleusercontent.com/WNYTLANrbji3RPRbx1iZNbAXTF9PzttfPWGV50jJA3-K2qtqL4WmcIuW2xMJtm6K0BhIM7BXRNyGicSR=w180-h180-l90-rj,,Mối Duyên Vàng,Tuấn Cry / Võ Thu Hà,,,Mối Duyên Vàng Tuấn Cry & Võ Thu Hà
2026-09-26,vn,Vietnam,top_songs_weekly,,79,https://yt3.googleusercontent.com/WjcsO6KNcnMJITBkKvvDSHgzwKyl2fXMW5CVFz4X14XIMGV7DhXrv7Pnpz4devONbTvevuvlnjvBfW70sA=w180-h180-l90-rj,,2 4,W/N,"7月 31, 2024",391779,"79 5 2 4 W/N 7月 31, 2024 74 5 391,779"
2026-09-26,vn,Vietnam,top_songs_weekly,,80,https://yt3.googleusercontent.com/exPePx__acYmrbZVDavk17CbBGmnchHvUwraS0wwLIbsk8A7ahVt8SDL9sRg4X9wFysEvt5IDOMssrw=w180-h180-l90-rj,,TRÊN ĐẤT MÌNH,Anh Trai Vượt Ngàn Chông Gai / JGKiD (Da LAB) / BB Trần / Mew Amazing / Hồ Đông Quan / Thái Lê Minh Hiếu,,,"TRÊN ĐẤT MÌNH Anh Trai Vượt Ngàn Chông Gai , JGKiD (Da LAB) , BB Trần , Mew Amazing , Hồ Đông Quan & Thái Lê Minh Hiếu"
2026-09-26,vn,Vietnam,top_songs_weekly,,81,https://yt3.googleusercontent.com/wKIyXhNAZuWLevikvTHR_b9i5qSzxTdWHLwbePlftiesyIB0k-t15pCf43MCumBLWpGrJh5FvxusbWtJ=w180-h180-l90-rj,,Sao Mình Chưa Nắm Tay (Tachi Drill),Chu Duyên / Mimilee / Yan Nguyễn / Kiyoshi Phan,,,"Sao Mình Chưa Nắm Tay (Tachi Drill) Chu Duyên , Mimilee , Yan Nguyễn & Kiyoshi Phan"
2026-09-26,vn,Vietnam,top_songs_weekly,,82,https://yt3.googleusercontent.com/iQDKR2lZQDs4dVsRzUvhpYnGQn5NA8dzcb1D3i1yKFE8l7AZMs9yOPS-OO1ufKPlD96dtsINKGUvbXFR=w180-h180-l90-rj,,Đừng Lo Anh Đợi Mà,Mr. Siro,,,Đừng Lo Anh Đợi Mà Mr. Siro
2026-09-26,vn,Vietnam,top_songs_weekly,,83,https://yt3.googleusercontent.com/2HvSRlRA-_0LRaZ1swZieNvfOEmXbXcyYHMn1XcBvdfUGnLN_jXZ3l7_qevpveEEjCMrQGPf2oq3rMTw=w180-h180-l90-rj,,Anh Đã Lừa Dối (Thahtrung Remix),Quang Kiệt,,,Anh Đã Lừa Dối (Thahtrung Remix) Quang Kiệt
2026-09-26,vn,Vietnam,top_songs_weekly,,84,https://yt3.googleusercontent.com/YkJY0AN_iRM2xaR-l7QkqU_pWoF2B8UvdG7nJ2EI5vWILvuLoKrHWRTplVztDKSbuQDDRbSUnRYXa7TPLQ=w180-h180-l90-rj,,Ở Hai Đầu Nỗi Nhớ,Như Hoa,,,Ở Hai Đầu Nỗi Nhớ Như Hoa
2026-09-26,vn,Vietnam,top_songs_weekly,,85,https://yt3.googleusercontent.com/IF6xrt6-1gtyN9mugQylNTAePWYdQmwsNEtFQqfswgpsKXvDGaQCRVR2vrLGgY6rv2_NWdIiHiElKJ2y=w180-h180-l90-rj,,CÔ ĐƠN ANH CŨNG VUI,"TINH HÀ ""SAY HI"" / Xuân Định K.Y / DILLAN",,,"CÔ ĐƠN ANH CŨNG VUI TINH HÀ ""SAY HI"" , Xuân Định K.Y & DILLAN"
2026-09-26,vn,Vietnam,top_songs_weekly,,86,https://yt3.googleusercontent.com/F2dbg-5nthaUZqT1a3eAI4fCCbz1jOVlrtHjKR_fskccbxLpnYJhuMRyTOXDrLVGiEg4QLckRSBEjbc=w180-h180-l90-rj,,Giữ Anh Cho Ngày Hôm Qua,Hoàng Dũng / Rhymastic / Lelarec,,,"Giữ Anh Cho Ngày Hôm Qua Hoàng Dũng , Rhymastic & Lelarec"
2026-09-26,vn,Vietnam,top_songs_weekly,,87,https://yt3.googleusercontent.com/BKxUIETz1Vt8WcKm7bC2HP85RkhB5K6rbu3d-hNoe4kSkf_CJYJ0DqMknD3J85nUpilrGJMa7ipBnEJn-w=w180-h180-l90-rj,,Базовый минимум,SABI / 米亞·博伊卡,,,Базовый минимум SABI & 米亞·博伊卡
2026-09-26,vn,Vietnam,top_songs_weekly,,88,https://i.ytimg.com/vi/S2uRy0Gi20I/default.jpg,https://www.youtube.com/watch?v=S2uRy0Gi20I,Nhiều Hơn,Anh Ba Trứng,,,Nhiều Hơn Anh Ba Trứng
2026-09-26,vn,Vietnam,top_songs_weekly,,89,https://yt3.googleusercontent.com/UtIctSSyY6b0UH1MYghE2cP8U_UU1M7TZwqgZ-FYac-9iW5PpDbx-kCIeb0m8-Ej7h9SUUSd3JyCKkLf=w180-h180-l90-rj,,Đổi Tình Đổi Áo (QKhanh x Đông x Thazh Remix),Gia Huy / Qkhanh Remix / Đông / Thazh,,,"Đổi Tình Đổi Áo (QKhanh x Đông x Thazh Remix) Gia Huy , Qkhanh Remix , Đông & Thazh"
2026-09-26,vn,Vietnam,top_songs_weekly,,90,https://yt3.googleusercontent.com/YXUb8Reei3riqh9s0xO2m5TE9NF8txl5-mjN0XN0wwbVw-tKxfpd6q0LFJqqWAfpWnMBbtIhykQ_7NM=w180-h180-l90-rj,,NGAY MAI NGUOI TA LAY CHONG,Thành Đạt,,,NGAY MAI NGUOI TA LAY CHONG Thành Đạt
2026-09-26,vn,Vietnam,top_songs_weekly,,91,https://yt3.googleusercontent.com/u7UnhXw8_uPK8xAd1ZgTpK9mNZiUP2r3CDq6_u1uoaUAHVH6sGSf-IzucpxTYQKIRZdLTda8texWL2I7=w180-h180-l90-rj,,CỨ THẾ,Orange / Hoàng Dũng,,,CỨ THẾ Orange & Hoàng Dũng
2026-09-26,vn,Vietnam,top_songs_weekly,,92,https://yt3.googleusercontent.com/-tkAAVtnHAkML1jUk8Dj9jj5RZxOC5bT-HGfMeKReifptyX474FQbfIrUwWdpSwEBKgTq8he8rjs_y0=w180-h180-l90-rj,,LK Hãy Quên Nhau & Ngày Buồn,Mai Quốc Huy,,,LK Hãy Quên Nhau & Ngày Buồn Mai Quốc Huy
2026-09-26,vn,Vietnam,top_songs_weekly,,93,https://yt3.googleusercontent.com/IBwK4LOs4sO-Cd-_5YO4XC2B2N1hvyBvKfr60tT_ljIuwmOuVWWW2NypbcvzKgScVAbRsWEYbmsjfcm2cw=w180-h180-l90-rj,,Sunflower,Post Malone / Swae Lee,,,Sunflower Post Malone & Swae Lee
2026-09-26,vn,Vietnam,top_songs_weekly,,94,https://yt3.googleusercontent.com/6LDZTIjk3nbSSsG8J0M2_ME4KWzt4MTZ7oqrZlWg-uZ1gRWnBKt9ySPibZ5l7GJ_-j6gB6hv-qLNaPE=w180-h180-l90-rj,,hate that i made you love me,Ariana Grande,,,hate that i made you love me Ariana Grande
2026-09-26,vn,Vietnam,top_songs_weekly,,95,https://yt3.googleusercontent.com/9HziLzVJ2RISk5xbubCLxYLAHKf_ShPA-fbsFVczu27Gy8ghxe-iZIGKFMQWrrTlFYnqvcXkc2QFe_ok=w180-h180-l90-rj,,"Gửi em, người bất tử",Ân ngờ / Mỹ Mỹ,,,"Gửi em, người bất tử Ân ngờ & Mỹ Mỹ"
2026-09-26,vn,Vietnam,top_songs_weekly,,96,https://yt3.googleusercontent.com/1X_9ZxHmVqy_goHk-K69dNdcd6c2Exuz11MaigzZ9DlfRkx0H8h2UO_5I7VT8q4sTldSfHGBUQjVdekv=w180-h180-l90-rj,,Anh Này Là Của Tui,Pinky / Hoa vũ,,,Anh Này Là Của Tui Pinky & Hoa vũ
2026-09-26,vn,Vietnam,top_songs_weekly,,97,https://yt3.googleusercontent.com/T0y1U3SGdS4B48Boq7qeRLMjBEoPlJvlHjlKKl20yEqUZe2AC-u15LioVl1gP0sIg8hCwV8qy-AVzLzx=w180-h180-l90-rj,,Thiệp Hồng Anh Viết Tên Em (feat. Kim Lợi),Lê Sang,,,Thiệp Hồng Anh Viết Tên Em (feat. Kim Lợi) Lê Sang
2026-09-26,vn,Vietnam,top_songs_weekly,,98,https://yt3.googleusercontent.com/p6u0xpidJEN2YDvuJgBFOHO3oou12TCGw-nCRauxRwZchTFccIb_4gMFm3rbo2hPCiqAfIk-dgnIDOE=w180-h180-l90-rj,,Bâng Khuâng,JustaTee,,,Bâng Khuâng JustaTee
2026-09-26,vn,Vietnam,top_songs_weekly,,99,https://yt3.googleusercontent.com/V48089_Sz3-RjhqIOHcpyCLPzTCoGEwP7-D8f746hONKZC882gG2t3hJwjYUeyooRmbQ2m0_xT1tl5eIrA=w180-h180-l90-rj,,HÀO HOA,Jack - J97,,,HÀO HOA Jack - J97
2026-09-26,vn,Vietnam,top_songs_weekly,,100,https://yt3.googleusercontent.com/v4PMLQYutK_KxMRyE19-xi2SRTxhnw3dva0fXbNkgy0emuY27-PLWyDfr9-0g2v_aMVKRJ3oEaSdTmk=w180-h180-l90-rj,,Mắt Môi Tay Chân (feat. Tage),RPT MCK,,,Mắt Môi Tay Chân (feat. Tage) RPT MCK
2026-09-26,th,Thailand,top_songs_weekly,,1,https://yt3.googleusercontent.com/2W7X-DNJiw81FCRzyud1zFhOuUALHn3qKFitF4Ji1oh_E99aKYfFNUy8-biNAFlhGqGDVtTnjsebM8QF=w180-h180-l90-rj,,เพราะพี่รักจริง,หนึ่ง บีเคแบนด์,,,เพราะพี่รักจริง หนึ่ง บีเคแบนด์
2026-09-26,th,Thailand,top_songs_weekly,,2,https://yt3.googleusercontent.com/kUA7_9JUpV0IwTh7zhDe7mM9o1PvUWLui1gw3A45JknRRdwFeVElJQEBHd41PQuYdkcREOAFxyNVQSTx=w180-h180-l90-rj,,ขึ้นใจ (3am call) (feat. BLVCKHEART),Mirrr,,,ขึ้นใจ (3am call) (feat. BLVCKHEART) Mirrr
2026-09-26,th,Thailand,top_songs_weekly,,3,https://yt3.googleusercontent.com/lph_AYE9fU1VteHx7zG6DGesN-NvVDTs79j1q4DCHZS980-UryiOlKlLgtDkIBr2niDVO0WZdTg2fnA=w180-h180-l90-rj,,SaWaDiKa,LISA,"8月 27, 2026",4589242,"3 2 SaWaDiKa LISA 8月 27, 2026 1 2 4,589,242"
2026-09-26,th,Thailand,top_songs_weekly,,4,https://yt3.googleusercontent.com/LRrZJqZYttyXeWXwdq1SWBLsNJl-uEilJzQ7z1bNcc0CfY54_TLxu87FqlVEWbr4aFbZHBBbUXr-P6sq=w180-h180-l90-rj,,ไม่รักดีกว่า,Z9,"8月 18, 2026",4403119,"4 ● ไม่รักดีกว่า Z9 8月 18, 2026 4 5 4,403,119"
2026-09-26,th,Thailand,top_songs_weekly,,5,https://yt3.googleusercontent.com/GqsEYtu86q1I59hhdrbnk-aV7zqP-hX_8kA90iOxGnH3E1l8iKCypLpPzE_3T2cm8UHIexIEHredXE0=w180-h180-l90-rj,,นาฬิกาทราย (sign) (feat. JOEY PHUWASIT),BOWKYLION,,,นาฬิกาทราย (sign) (feat. JOEY PHUWASIT) BOWKYLION
2026-09-26,th,Thailand,top_songs_weekly,,6,https://yt3.googleusercontent.com/Ih4fi8lWJvsusXaJJK4DYuGk4PVwBzSsX_tk5kCMW6LgpNzwMOTvBgzUK2TfHj_kqp6MElSfRXG9QeY3=w180-h180-l90-rj,,กลัวว่าฉันจะไม่เสียใจ (Fear),PURPEECH,,,กลัวว่าฉันจะไม่เสียใจ (Fear) PURPEECH
2026-09-26,th,Thailand,top_songs_weekly,,7,https://yt3.googleusercontent.com/g-pYQq_3vbmwFk9d2GFIkTqqXisaJnuFx8BxwbRix7Q6DoFHtzkIw5G5WPt4q3iD68w-p51gtpu31zdG=w180-h180-l90-rj,,ขี้แง (Boys Don't Cry),PROXIE,,,ขี้แง (Boys Don't Cry) PROXIE
2026-09-26,th,Thailand,top_songs_weekly,,8,https://yt3.googleusercontent.com/VzTNj_ut7UteH7Zx3ykv94IRyGDuSbvwEBCfEUjAd038jMDy3J-CGpoLISmZrMnepJ_dCvLtRWQTzzU=w180-h180-l90-rj,,เมื่อไหร่จะมี (มีใจให้กัน),BLVCKHEART,,,เมื่อไหร่จะมี (มีใจให้กัน) BLVCKHEART
2026-09-26,th,Thailand,top_songs_weekly,,9,https://yt3.googleusercontent.com/5GqwynB19ZwBgiFFxJ5ET-IxQBleL4rjH0AHP0mDdVRFowE6BZAWycSJv-IH1LpaQ6IiLd30yGSb_bU=w180-h180-l90-rj,,บ่มีสิทธิ์,ธีร์ ทีเร็กซ์ OFFICIAL / หยุด สาละวัน,,,บ่มีสิทธิ์ ธีร์ ทีเร็กซ์ OFFICIAL & หยุด สาละวัน
2026-09-26,th,Thailand,top_songs_weekly,,10,https://yt3.googleusercontent.com/ijGYWMp7aBWFSiE4rR2IO_SDNIcG3UkSoM8aFLbpKqsyyBaRz0v8YV6be8wNtlC-4JezyXs1AYRtxqCn=w180-h180-l90-rj,,ฟ้าสีครามกับความเป็นจริง,BOVINI,,,ฟ้าสีครามกับความเป็นจริง BOVINI
2026-09-26,th,Thailand,top_songs_weekly,,11,https://yt3.googleusercontent.com/1Tta6IdHy1nTccT5q_wHkaJJxX3EAwrpMthNk2j9XjDlN8lAx2-ati0G5fNTDRu4xynJ-m306Aq9xmcZ8Q=w180-h180-l90-rj,,ทิ้งกันไม่ได้หรอก (feat. เกมส์ สุจิตรา),JSPKK / แจ๊ส สปุ๊กนิค ปาปิยอง กุ๊กกุ๊ก,,,ทิ้งกันไม่ได้หรอก (feat. เกมส์ สุจิตรา) JSPKK & แจ๊ส สปุ๊กนิค ปาปิยอง กุ๊กกุ๊ก
2026-09-26,th,Thailand,top_songs_weekly,,12,https://yt3.googleusercontent.com/nLihlDHvHj8v_kZaKp-HDP2luy4RE5uonQ4MMUZ5JDZDeHV2zalqAMZBBZkPpo1muu8I0RlAfSbhghw=w180-h180-l90-rj,,ถอนคำสาบาน,อะตอม ตาปีมิวสิคกรุ๊ป,,,ถอนคำสาบาน อะตอม ตาปีมิวสิคกรุ๊ป
2026-09-26,th,Thailand,top_songs_weekly,,13,https://yt3.googleusercontent.com/jotjpdFcCdkWzwXHI3yLakJRjd1IMUkcebN1Pw5TbNDRfUcignjdrt1pu5iUkhcomG7DCXqoXeeKIvsg6w=w180-h180-l90-rj,,กลางมหาสมุทร,Lek Ratchamet,,,กลางมหาสมุทร Lek Ratchamet
2026-09-26,th,Thailand,top_songs_weekly,,14,https://yt3.googleusercontent.com/ax5qWCEAr0qAIt6tM-Ytu9nh0O2zBdAMvz8UHPXNDb9RFBG3QmeNNZg8hzM5Vp4Yo95ueNBD8ragiMI=w180-h180-l90-rj,,พอได้เสียว,ดิด คิตตี้,,,พอได้เสียว ดิด คิตตี้
2026-09-26,th,Thailand,top_songs_weekly,,15,https://yt3.googleusercontent.com/0izka6Q9dX2nKA0Py3GFpaz5RAepQUwLErktjHZKW7wzr-6kfYNNMD93DPIiwEJk33JM6JVV2dypK_aa=w180-h180-l90-rj,,บ้านเธอบ้านฉัน,เบิ้ล ยุทธพล,,,บ้านเธอบ้านฉัน เบิ้ล ยุทธพล
2026-09-26,th,Thailand,top_songs_weekly,,16,https://yt3.googleusercontent.com/YwHKomZGv67My-ySuZythZFfQLNJFX05ThMh7BnvJmDwH8XqAJ6t9_EynGXBjbh8o4AWXGFAEeodNwg=w180-h180-l90-rj,,สาธุ (Sathu),ASIA7,,,สาธุ (Sathu) ASIA7
2026-09-26,th,Thailand,top_songs_weekly,,17,https://yt3.googleusercontent.com/Usv_VqL7qrh8Jazbgbtl1LWKvAfAifSXSiBmecwCLw2tco4zKfwAWGoHMKuIS2RRyAHwLFDCDl4Wg3Knqg=w180-h180-l90-rj,,จิ้งจก ตุ๊กแก อึ่งอ่าง,เพ้นท์ คอนเน่,,,จิ้งจก ตุ๊กแก อึ่งอ่าง เพ้นท์ คอนเน่
2026-09-26,th,Thailand,top_songs_weekly,,18,https://yt3.googleusercontent.com/OttLUzF3VQQVKHz4YOcsUpUfxrh7-K3F_t3ECMSAtDIZ-uECqnnDCeJ0OmYFgfO8dgabm_Pvfdw2pqik=w180-h180-l90-rj,,ความคิดถึงที่เต็มไปด้วยน้ำตา,โชเล่ย์ ชคัทพล,,,ความคิดถึงที่เต็มไปด้วยน้ำตา โชเล่ย์ ชคัทพล
2026-09-26,th,Thailand,top_songs_weekly,,19,https://yt3.googleusercontent.com/OflzIrCbmhqSx4C60TACX2qxKRqiDj2REFZ3lzbdxc4AY_Wcepftq_BpvXpf7URsXEjx5bWzlJRu1wUo=w180-h180-l90-rj,,เหงา...เข้าใจ,4EVE,,,เหงา...เข้าใจ 4EVE
2026-09-26,th,Thailand,top_songs_weekly,,20,https://yt3.googleusercontent.com/GqsEYtu86q1I59hhdrbnk-aV7zqP-hX_8kA90iOxGnH3E1l8iKCypLpPzE_3T2cm8UHIexIEHredXE0=w180-h180-l90-rj,,นาฬิกาทราย (sign) (feat. JOEY PHUWASIT),BOWKYLION,,,นาฬิกาทราย (sign) (feat. JOEY PHUWASIT) BOWKYLION
2026-09-26,th,Thailand,top_songs_weekly,,21,https://yt3.googleusercontent.com/Zia_VE_zyAZLx2d_CZzy4j0POoQmVaKA9yODPrgM17uvP7WleO7NG-DreJUSK2wxanfG9TEPrTwCbT2rVQ=w180-h180-l90-rj,,ตุ๋ยดุ๋ย (LOSER),Yented,,,ตุ๋ยดุ๋ย (LOSER) Yented
2026-09-26,th,Thailand,top_songs_weekly,,22,https://yt3.googleusercontent.com/ggoyFZFTxlecNCe5NHF0vl2Gvj7JmKI-Fxdpewosdl5HbGcdWhQ1v994blzENF2amqid0MCszqynb7zj=w180-h180-l90-rj,,รักให้เธอได้รู้ (Proof.),PUN,,,รักให้เธอได้รู้ (Proof.) PUN
2026-09-26,th,Thailand,top_songs_weekly,,23,https://yt3.googleusercontent.com/K4ZO9q0UnHA3FfnirB_FfgeIfe9hE_xXTJG6kprqyePdusPWJL-ovT9QzMv6TfAKk7aZnq7WbT32UQlA=w180-h180-l90-rj,,ไม่มีวันไหนที่ไม่คิดถึง (starlost.),PURPEECH,,,ไม่มีวันไหนที่ไม่คิดถึง (starlost.) PURPEECH
2026-09-26,th,Thailand,top_songs_weekly,,24,https://yt3.googleusercontent.com/w7WI5sV2HPiPq2X1Sgn45H-BNtAYnzq7StOLL8HhtJVGZbjaCViesF-3Rgl7jXmq34U2QN-wvRcX0eKP=w180-h180-l90-rj,,เธอทีละสองฉันทีละคน,PORZAX,,,เธอทีละสองฉันทีละคน PORZAX
2026-09-26,th,Thailand,top_songs_weekly,,25,https://yt3.googleusercontent.com/Fw5UN_8VENuFdLW3HPp5z_6cv-PAGWnL7YsaZn6ySs4a-8zi5oBPDuCqkWts_KVJMnQQB1YognAA6Hg=w180-h180-l90-rj,,แก้บน,Kantong Tungngern,,,แก้บน Kantong Tungngern
2026-09-26,th,Thailand,top_songs_weekly,,26,https://yt3.googleusercontent.com/RzKkdaCqz9zXTF-kc3yzKJHNx6Bac_hnT7VVryRJwzlXcl57gzPph3LCojrNrCp7MVCW27sw56yr1yg=w180-h180-l90-rj,,Rain Zone (feat. Z9),Maiyarap,,,Rain Zone (feat. Z9) Maiyarap
2026-09-26,th,Thailand,top_songs_weekly,,27,https://yt3.googleusercontent.com/zaO73rBSW6Ad1EDeUAd4axjzqwbRCpw5hHvbKRPau7mVuTIQyg3cl7CrJcSvG-DFJZLpozAZ1vy56h19kg=w180-h180-l90-rj,,เมื่อถูกค้นพบ (Finally She Found.),FREEHAND,,,เมื่อถูกค้นพบ (Finally She Found.) FREEHAND
2026-09-26,th,Thailand,top_songs_weekly,,28,https://yt3.googleusercontent.com/9OiVcpnPLCt73BYCgGfRK2vwtm-W6t0OAAhDExRqKB7yzmkEYxX5dBbMHW2IUSN60uRfElRAfPEeCJh6=w180-h180-l90-rj,,จำบ่เป็น,ธีร์ ทีเร็กซ์ OFFICIAL,,,จำบ่เป็น ธีร์ ทีเร็กซ์ OFFICIAL
2026-09-26,th,Thailand,top_songs_weekly,,29,https://yt3.googleusercontent.com/5d51ZlGjNP_Gss3Z3RKP7B98ASQ7pxvp4XI3IAQ3kniFFjgLPDPnR6_K3tYZGoMVvfJYXBtu3awwsTI=w180-h180-l90-rj,,Training Season,Dua Lipa,,,Training Season Dua Lipa
2026-09-26,th,Thailand,top_songs_weekly,,30,https://yt3.googleusercontent.com/VKeVJ6sJ4MgYbUKByUSeLPb1Mz8kWGqDhM4kwWqO6_DjQAWYw1KyZ7efYFCXQ_BaAwStBRA2bpGPlM80=w180-h180-l90-rj,,หม้อหุงข้าว,JOEY PHUWASIT,,,หม้อหุงข้าว JOEY PHUWASIT
2026-09-26,th,Thailand,top_songs_weekly,,31,https://yt3.googleusercontent.com/YXJCn4RzftRDtJJqiBHFEp7uQR4MCayf8haekpKsv8bbX-110UOYmJxDsYSCGvNnPsNJAMOH4b1mayDuhA=w180-h180-l90-rj,,ได้แค่เดินมาส่ง (The Last Walk) (feat. BLVCKHEART),GAVIN:D,,,ได้แค่เดินมาส่ง (The Last Walk) (feat. BLVCKHEART) GAVIN:D
2026-09-26,th,Thailand,top_songs_weekly,,32,https://yt3.googleusercontent.com/PMhx5xCsz33pJ67Qp7iutv8fEI749ODGAHh2f8n5suM_gf39gI2eudCspJ7BP445e07QXLqDhco8ndo=w180-h180-l90-rj,,ซมซาน,Loso,"3月 26, 1998",1159576,"32 2 ซมซาน Loso 3月 26, 1998 30 17 1,159,576"
2026-09-26,th,Thailand,top_songs_weekly,,33,https://yt3.googleusercontent.com/DoSlD9nStiSCPI-45A6tQ1ZoE0vCL0mm_BkwQpsCbZVBYtt9Nt6xc9FeFEFyno6V1aXMsXDnPCpJ6idsyg=w180-h180-l90-rj,,คืนจันทร์,Loso,"10月 7, 1999",1147929,"33 ● คืนจันทร์ Loso 10月 7, 1999 33 18 1,147,929"
2026-09-26,th,Thailand,top_songs_weekly,,34,https://yt3.googleusercontent.com/uQ7-fpF0MFTzbsyLlvH2r-_wM-aWP7wxK55atBiSXcO00Y8n5W9IyUYp3WP_RRpMkM-mpz8AuToL2fO2DA=w180-h180-l90-rj,,อุษาสาง,เจนจิรา เฉียงเอก,,,อุษาสาง เจนจิรา เฉียงเอก
2026-09-26,th,Thailand,top_songs_weekly,,35,https://yt3.googleusercontent.com/7w714qK1jcjff7Z0Io9oDH-5xUKkz_bRIeUKedPomdM2KvWRUFpbp1_HFjl8IpBPOCXo63intKQmhqkF=w180-h180-l90-rj,,เต้ยสั่งลา,ธีร์ ทีเร็กซ์ OFFICIAL,,,เต้ยสั่งลา ธีร์ ทีเร็กซ์ OFFICIAL
2026-09-26,th,Thailand,top_songs_weekly,,36,https://i.ytimg.com/vi/34wnf8276O4/default.jpg,https://www.youtube.com/watch?v=34wnf8276O4,ภวังค์จิต,ปราง ปรางทิพย์,,,ภวังค์จิต ปราง ปรางทิพย์
2026-09-26,th,Thailand,top_songs_weekly,,37,https://yt3.googleusercontent.com/2KrJkWEizilhNYKGwQW2EEACkQmD6J8HkiE1_XQMtT1IzmpFHmQbgyWw2iNQb44y7APkrzcfy-qd-VRz7g=w180-h180-l90-rj,,แผลใหม่,Jintara Poonlarp,,,แผลใหม่ Jintara Poonlarp
2026-09-26,th,Thailand,top_songs_weekly,,38,https://yt3.googleusercontent.com/lNrxqkvpyciAXEt4MYb2zK7azk4DEHVLKSRy-cAgzn84onHSyLKfMIfzjOgroPzONw2PsF-5aAl-BQM4=w180-h180-l90-rj,,ใจฉันตามเธอไป,YOUNGOHM,,,ใจฉันตามเธอไป YOUNGOHM
2026-09-26,th,Thailand,top_songs_weekly,,39,https://yt3.googleusercontent.com/ggoyFZFTxlecNCe5NHF0vl2Gvj7JmKI-Fxdpewosdl5HbGcdWhQ1v994blzENF2amqid0MCszqynb7zj=w180-h180-l90-rj,,ขอแค่นี้ (Forever n ever),PUN,,,ขอแค่นี้ (Forever n ever) PUN
2026-09-26,th,Thailand,top_songs_weekly,,40,https://yt3.googleusercontent.com/5cvD-uWtlvpnphnH9b-05JzlsnHEUuMJMYCvX3a8yVGfv7B7TN39WaYpEe8Opmr2bi0a6DNkBaKaF5jV=w180-h180-l90-rj,,คะนึงนิตย์,ปราง ปรางทิพย์,,,คะนึงนิตย์ ปราง ปรางทิพย์
2026-09-26,th,Thailand,top_songs_weekly,,41,https://yt3.googleusercontent.com/3jwSM0GEtmtwB-pdzrSapUkUE3u09dEYgKA7PzuWtYRP_vc8mpzE1-pZ40x4OZUWB3enR1zV5iYH2c4Y=w180-h180-l90-rj,,คนไม่เอาถ่าน,Big Ass,,,คนไม่เอาถ่าน Big Ass
2026-09-26,th,Thailand,top_songs_weekly,,42,https://yt3.googleusercontent.com/6LDZTIjk3nbSSsG8J0M2_ME4KWzt4MTZ7oqrZlWg-uZ1gRWnBKt9ySPibZ5l7GJ_-j6gB6hv-qLNaPE=w180-h180-l90-rj,,hate that i made you love me,Ariana Grande,,,hate that i made you love me Ariana Grande
2026-09-26,th,Thailand,top_songs_weekly,,43,https://yt3.googleusercontent.com/L0a578Kj5Pwyxt7wljlIupOQx5DIEw51Mi9_go3wQWXT7GCamSMyAUclzEQ9zBfUjIfQ_GOSLrMFKBU=w180-h180-l90-rj,,ก่อนโลกทั้งใบมันพัง,Mr'พระจันทร์,,,ก่อนโลกทั้งใบมันพัง Mr'พระจันทร์
2026-09-26,th,Thailand,top_songs_weekly,,44,https://yt3.googleusercontent.com/cO9JkQ7_g5iO6U_kXOiexlrnX1n47ZouhTS-Q5jHI-IO-yq_cGz7VrUQndh5aMEVyXpUIhuU2sV-hLWZ5g=w180-h180-l90-rj,,สิทธิ์ของเธอ,Asanee & Wasan,,,สิทธิ์ของเธอ Asanee & Wasan
2026-09-26,th,Thailand,top_songs_weekly,,45,https://yt3.googleusercontent.com/fQFcxuZhGTMdHo2vouf9Adz_WCap0aWSLaZiD5kh1AvInpLNEZDoEynfk7YRJDMApR-F1Uy-de3G3tqrQw=w180-h180-l90-rj,,ดอกไม้กับหัวใจ,I-Zax,,,ดอกไม้กับหัวใจ I-Zax
2026-09-26,th,Thailand,top_songs_weekly,,46,https://yt3.googleusercontent.com/Cs6AKOVKcSVZA_0h8qJwhkRq-kL14abz2ZKnI80hQvuHC7KSYUCdDMakF0PngO-UcXSvnEBO1JC0AvAj=w180-h180-l90-rj,,PLEASE,Atom Chanakan,,,PLEASE Atom Chanakan
2026-09-26,th,Thailand,top_songs_weekly,,47,https://yt3.googleusercontent.com/Kdgqewa1oAEES8-go5Yb1mI4vh_d7fYPYNaqq0-mufo3B8_OibSeB8pTpbX2WKwwLmBHuGIRUZWsCLE=w180-h180-l90-rj,,เหลือใจให้ฉันบ้างไหม,MUNMUSIC,,,เหลือใจให้ฉันบ้างไหม MUNMUSIC
2026-09-26,th,Thailand,top_songs_weekly,,48,https://yt3.googleusercontent.com/nfF2R0QvoUXAxpaLQI36ce9AWqQif6QEUM8Nv9UJguS-cz5HCqv07wjvv61rwuiaEFC_ldBcYast5Lwg6A=w180-h180-l90-rj,,ไม่คิดนอกใจ,Loso,,,ไม่คิดนอกใจ Loso
2026-09-26,th,Thailand,top_songs_weekly,,49,https://yt3.googleusercontent.com/X_toi9J7Ljj9a8AXZuFL4w7Qdvhlk_0RJ_c2G7ZZckdkAI35vzM65fuAf_9D6RShbimXvpNajWzBXaI=w180-h180-l90-rj,,สิ้นสุดความพยายาม,PORZAX,,,สิ้นสุดความพยายาม PORZAX
2026-09-26,th,Thailand,top_songs_weekly,,50,https://yt3.googleusercontent.com/TMfut7UqivlGR-IsX3b2kOaEVo7Nn_xHlDctiRBh0Q_EW6AeHpfd1jSYRXCUfPBbRV9Mv3V2sDfMhb5NAw=w180-h180-l90-rj,,คนสุดท้าย,Asanee & Wasan,,,คนสุดท้าย Asanee & Wasan
2026-09-26,th,Thailand,top_songs_weekly,,51,https://yt3.googleusercontent.com/o2hXfaNRI7Kq4P0VkgJMhlSD_mlfg9rvjnpeuZcU04BN0UhaAtJG0JX7JBDRHkLVuedE7jejH-V35SKk=w180-h180-l90-rj,,หลุมอากาศ,Palmy,"6月 17, 2026",974057,"51 1 หลุมอากาศ Palmy 6月 17, 2026 52 13 974,057"
2026-09-26,th,Thailand,top_songs_weekly,,52,https://yt3.googleusercontent.com/bZRElBjNOeTQOGcLAYiQFz5_D19SNC-EGb2UWDeazsiQVzoa4TCu59gGLmeOICJ3SrHwJxq8zaL6msTv=w180-h180-l90-rj,,คนมีเจ้าของ (Reproduced),Am Seatwo / บังนัส ฟิวเจอร์แบนด์,,,คนมีเจ้าของ (Reproduced) Am Seatwo & บังนัส ฟิวเจอร์แบนด์
2026-09-26,th,Thailand,top_songs_weekly,,53,https://yt3.googleusercontent.com/Wi2jyLxYoH1seSYEP2SKVyII1Bdgv-ptd5CR1OazvufkaqUBXv2tnGIMWnmcWHtv9L2uuwJKV1D-YhI=w180-h180-l90-rj,,รัก ร้าง ราด รี (Dragon Jar) (Special Version),Tow Paranwat,,,รัก ร้าง ราด รี (Dragon Jar) (Special Version) Tow Paranwat
2026-09-26,th,Thailand,top_songs_weekly,,54,https://yt3.googleusercontent.com/R6pJ3QAj8G7L14H-LEs0kOncBi_hV15wWyTlC9EebsWVtonYPDCevAtKwu3tq-XHyOr_16c0CF_ziuVZIw=w180-h180-l90-rj,,คิดถึงเรื้อรัง,manutsawee,,,คิดถึงเรื้อรัง manutsawee
2026-09-26,th,Thailand,top_songs_weekly,,55,https://yt3.googleusercontent.com/UpymLqMkUoTnLl_aduzh1wfXO7avdGElbd1jGQCD7biKfqUeV8l4XLcAk0irUg5Y1mlUyhQi_1fWPrTv=w180-h180-l90-rj,,ขอบคุณตัวเอง,ดาม่วน Music,,,ขอบคุณตัวเอง ดาม่วน Music
2026-09-26,th,Thailand,top_songs_weekly,,56,https://yt3.googleusercontent.com/d-LBVuF0GYug9WOFegk-vCN1kENbSShUCAUfzcp8EuJ3WcWlpyF5tR8gvu_fIAcocx-8NHxoHrMyVAscpg=w180-h180-l90-rj,,เก็บทรง,FULL,"8月 31, 2026",911602,"56 New เก็บทรง FULL 8月 31, 2026 - 1 911,602"
2026-09-26,th,Thailand,top_songs_weekly,,57,https://yt3.googleusercontent.com/OlsyF8L82chwdoVqON-g5H3BsEEgA0zSIYU_6SIZgMtLe0QzZPxzno91C6zJktuon6rjAv_UbmggkO_vyQ=w180-h180-l90-rj,,BAD,ATEEZ,"5月 22, 2026",888203,"57 4 BAD ATEEZ 5月 22, 2026 53 11 888,203"
2026-09-26,th,Thailand,top_songs_weekly,,58,https://yt3.googleusercontent.com/awA0r8C3tDGORRwmMvaIZw0fabrz4SzKzALNxKIFHbaToUnrKQgA6zlHZcLxoBaYDn2JmkkzuIr8aW41Ag=w180-h180-l90-rj,,นาฬิกาตาย,bodyslam,,,นาฬิกาตาย bodyslam
2026-09-26,th,Thailand,top_songs_weekly,,59,https://yt3.googleusercontent.com/iFy4nlVYKPKApn7ufGDDlnMh4nWZBmjVDem5kQYGYllkcFnLAyhY-l-UgMJe59SdbYXRP9FjQGJcICaI=w180-h180-l90-rj,,กอดไม่ได้,Bedroom Audio,,,กอดไม่ได้ Bedroom Audio
2026-09-26,th,Thailand,top_songs_weekly,,60,https://yt3.googleusercontent.com/zI0c62FmgJqftAVuj8PmE7O-vOxNANMsaXr3mnhrfzsZxt7kpnUNjD550sHwwn0jCI-CxPBBUBalAC2U=w180-h180-l90-rj,,สิ่งที่มันกำลังเกิด (feat. Pause),Ae Jirakorn,,,สิ่งที่มันกำลังเกิด (feat. Pause) Ae Jirakorn
2026-09-26,th,Thailand,top_songs_weekly,,61,https://yt3.googleusercontent.com/iVaenViV0dg3ciG64AgYYAN2BM-LMTpwl2DoEtlppvDVKJAN2-DuegMzvmicbXKkw2HCgAg6ZA5GYbw=w180-h180-l90-rj,,แฟนใครไม่รู้,KM56,,,แฟนใครไม่รู้ KM56
2026-09-26,th,Thailand,top_songs_weekly,,62,https://yt3.googleusercontent.com/55Zmh-BFdVZMguTyXg9dbbR_lPmzGgfXnBtQsWx5koAiI7gaQz9mil3AgOWHpoiFycGDRr9e98HdYz92mA=w180-h180-l90-rj,,มิติที่ศูนย์ (feat. เล็ก รัชเมศฐ์),จิ๋ว สกุณชัย,,,มิติที่ศูนย์ (feat. เล็ก รัชเมศฐ์) จิ๋ว สกุณชัย
2026-09-26,th,Thailand,top_songs_weekly,,63,https://yt3.googleusercontent.com/7RO1cpI0ZoW0IKkd74wwh5T75GQIwVYkd5MeVUe9Ql_88oc3KNFoU0NuHxvcpCV0H_E40HURk8Dc90dzuQ=w180-h180-l90-rj,,เมื่อไหร่จะบอก,ETC. / The Parkinson,,,เมื่อไหร่จะบอก ETC. & The Parkinson
2026-09-26,th,Thailand,top_songs_weekly,,64,https://yt3.googleusercontent.com/_w2ThkgzjbnkBe0kJByWbbkxZCCVCaFNPx6IxKz_ZyrWtwQkuAk6_edLu4wn9etC_NjRcShZCbVhNX5U=w180-h180-l90-rj,,ของขวัญ,Musketeers,,,ของขวัญ Musketeers
2026-09-26,th,Thailand,top_songs_weekly,,65,https://i.ytimg.com/vi/VTIqFKUc0kQ/default.jpg,https://www.youtube.com/watch?v=VTIqFKUc0kQ,คาราโอเกะ (Karaoke),Tattoo Colour,,,คาราโอเกะ (Karaoke) Tattoo Colour
2026-09-26,th,Thailand,top_songs_weekly,,66,https://yt3.googleusercontent.com/XlN-arzyq4sJueheNFRPJ2R2TV09VcJUkJr1KEedeHUz2mH9K-Ksx53b81gjwCpN1UsArG-179oj344=w180-h180-l90-rj,,เจ็บไปรักไป,Yes'sir days,,,เจ็บไปรักไป Yes'sir days
2026-09-26,th,Thailand,top_songs_weekly,,67,https://yt3.googleusercontent.com/tKatccOcfvXuZGMfTXhogduVn-XaPFfqg0Ipu_idSw6pb59_GiF5gNWYF3OO5A9eDaazrq3pwkZ70u4uYA=w180-h180-l90-rj,,ฝันพ้อ,埋代•話摘星,"11月 9, 2024",746619,"67 16 ฝันพ้อ 埋代•話摘星 11月 9, 2024 51 3 746,619"
2026-09-26,th,Thailand,top_songs_weekly,,68,https://yt3.googleusercontent.com/DoSlD9nStiSCPI-45A6tQ1ZoE0vCL0mm_BkwQpsCbZVBYtt9Nt6xc9FeFEFyno6V1aXMsXDnPCpJ6idsyg=w180-h180-l90-rj,,สาหัส,Loso,"10月 7, 1999",735510,"68 8 สาหัส Loso 10月 7, 1999 60 12 735,510"
2026-09-26,th,Thailand,top_songs_weekly,,69,https://yt3.googleusercontent.com/8EuoRNuBToTgSKrPeqrLIxrf35nLVLpAYgCwaQboCsv88-5Xfe1g9KKkT0eh-TKRbX1ASf7sF_i1TxFx=w180-h180-l90-rj,,สิลืมเขาแล้วล่ะ (feat. WanMai),Nek Narurpol,,,สิลืมเขาแล้วล่ะ (feat. WanMai) Nek Narurpol
2026-09-26,th,Thailand,top_songs_weekly,,70,https://yt3.googleusercontent.com/LsQ2nhDUHBoob-lAYCCFKrmY-fdhvNOn4DYi6itOi5gynbXo6lqgJvumflBsaig0Td7mYt_WD3MRStYi=w180-h180-l90-rj,,"FON (feat. Yungtarr, SURIYA MQT & P6ICK)",YOUNGGU,,,"FON (feat. Yungtarr, SURIYA MQT & P6ICK) YOUNGGU"
2026-09-26,th,Thailand,top_songs_weekly,,71,https://yt3.googleusercontent.com/TAeFMFthE__R5ywyS3q4h3b08gjG5oqKzsdsmmcYlJ6J80mmiYNRWLVvfuzt3ZMdsZKO5t1WKgkElECg=w180-h180-l90-rj,,ไม่เคยได้ลา (Ost. เทอม 4),Three Man Down,,,ไม่เคยได้ลา (Ost. เทอม 4) Three Man Down
2026-09-26,th,Thailand,top_songs_weekly,,72,https://yt3.googleusercontent.com/o-_kMxfAHxgDtrFpcN2NZ2alxBbhso6gBy8m6fVQu9smBI88FldtviLmoS6Z4Y4zcEjeDKcmDcgytbfy=w180-h180-l90-rj,,ขออนุญาตรัก,Lipta / Ref PURPEECH,,,ขออนุญาตรัก Lipta & Ref PURPEECH
2026-09-26,th,Thailand,top_songs_weekly,,73,https://yt3.googleusercontent.com/MhT_Co_tbwFomFbAI2vRH6uWXzC5aBO8xUhTkIl2xDCOjkTsTFYyp3Ku2S5ZENaZgtwugW2E5KrnBOoMdQ=w180-h180-l90-rj,,พูดลอยลอย,อัสนี โชติกุล,,,พูดลอยลอย อัสนี โชติกุล
2026-09-26,th,Thailand,top_songs_weekly,,74,https://yt3.googleusercontent.com/Tfi-KkK4piUA16FqqIRd9lfLu4XY4s20dXPtGs1Pr1qh8sshXQOHBMDZ5ChO63Xf0X8EJV3oiMmSF1Q=w180-h180-l90-rj,,เหตุผลง่ายๆ,Big Ass,,,เหตุผลง่ายๆ Big Ass
2026-09-26,th,Thailand,top_songs_weekly,,75,https://yt3.googleusercontent.com/zHHW2bPzBsqYFMNwo7553O2tR4_RzzxT0sBF_wQw_qR9dRBy44QU1QIRIoWda6ky_-QHCIW4b_MMrfYv=w180-h180-l90-rj,,อมพระมาพูด,Sek Loso,,,อมพระมาพูด Sek Loso
2026-09-26,th,Thailand,top_songs_weekly,,76,https://yt3.googleusercontent.com/qgTh6VvlhVc0JI5Klxs2Hb3mg-LZgLuELwgfEO1bP-HFAtd4iC8fkLEOTyv4X6RXa35fSpo_NwVWjiHy=w180-h180-s-l90-rj,,อากาศ,Pang Nakarin,,,อากาศ Pang Nakarin
2026-09-26,th,Thailand,top_songs_weekly,,77,https://yt3.googleusercontent.com/0zd99oykz1u3Jq2OfHFuvRt6uYBvICuVd4FoiUevpmwklCtpRe9Aid5FaO0Qozq3polze6BXVY16n_02eQ=w180-h180-l90-rj,,她 (《早春晴朗》電視劇欒念人物曲&片頭曲),劉宇寧,,,她 (《早春晴朗》电视剧栾念人物曲&片头曲) 刘宇宁
2026-09-26,th,Thailand,top_songs_weekly,,78,https://yt3.googleusercontent.com/zecZX7esiEVNexGLDY9eCMp7UoBm7uFyRjHmXzFcbNUBTAXp0mQIiIFZFWiSJrlwgye1GwA1nmjGS3H7QQ=w180-h180-l90-rj,,ใกล้เกินไป,Yes'sir days,,,ใกล้เกินไป Yes'sir days
2026-09-26,th,Thailand,top_songs_weekly,,79,https://yt3.googleusercontent.com/wXkXjlcs3VQ09JqQaLbmd-XAwvoZ0Kxsy5h3jbA2hGyAaw_XMWMzVxze2CWrYFfQRAwnktCoev7-uJaz=w180-h180-l90-rj,,The One That Got Away,Katy Perry,,,The One That Got Away Katy Perry
2026-09-26,th,Thailand,top_songs_weekly,,80,https://yt3.googleusercontent.com/VQ1Qzr6FI1hQq85SN9xuLni9up4LjlUwmOVS_5DrpFGHD7ZvptZdS9V-ea1v_pnhM0AkNnJb7x_HHiW5=w180-h180-l90-rj,,Klapklai,อ.ไข่ มาลีฮวนน่า,,,Klapklai อ.ไข่ มาลีฮวนน่า
2026-09-26,th,Thailand,top_songs_weekly,,81,https://yt3.googleusercontent.com/JE98xaB9OHWlIsdNr6nxV6TL8mpM7Pite1DDvTA7sXbVcwqAWe6P31G5l8GC-Kw8SgyCpG2FfXFcbvqQ=w180-h180-l90-rj,,ขอตายในอ้อมกอดเธอ,Sek Loso,,,ขอตายในอ้อมกอดเธอ Sek Loso
2026-09-26,th,Thailand,top_songs_weekly,,82,https://yt3.googleusercontent.com/d-YnaB3hPptgm1UtFssuTqQsTFLS4TKbUAMqbHDrgHaI4j9-MbQZCUsol-Oa7ovcSUx6UIJ9hcNwbb4G=w180-h180-l90-rj,,วาสนาหมาหย่ำรถ,Tar TorJorWor,,,วาสนาหมาหย่ำรถ Tar TorJorWor
2026-09-26,th,Thailand,top_songs_weekly,,83,https://yt3.googleusercontent.com/JjlKTGv9-xNn-SloVpnUxhq2RLQ-Qw8l8FmivS5i5lJkvxakiTXPMxuCDg7HvfI0fJmRykKy5VehREzE=w180-h180-l90-rj,,ทำใจไม่ได้ (feat. BLVCKHEART),Z9,,,ทำใจไม่ได้ (feat. BLVCKHEART) Z9
2026-09-26,th,Thailand,top_songs_weekly,,84,https://yt3.googleusercontent.com/TZtusfDvmU1PBtkTenIXfx5FeSF2ONnGn4drMqMwwNuwxDYVwDBWpmU36FROENIcdHXjUoFo2Mr9jc7o0Q=w180-h180-l90-rj,,ใจสั่งมา,Loso,"10月 7, 1999",661949,"84 13 ใจสั่งมา Loso 10月 7, 1999 71 12 661,949"
2026-09-26,th,Thailand,top_songs_weekly,,85,https://yt3.googleusercontent.com/eixi7dc2auxIK0M7pm3n8Y3nabbzPI-YNSA154G-kTE6NB8YGdscX4dn2lONDSW7NZJQ9CjfDGnqQx8G=w180-h180-l90-rj,,สายไป (feat. BLVCKHEART),9tokyo,,,สายไป (feat. BLVCKHEART) 9tokyo
2026-09-26,th,Thailand,top_songs_weekly,,86,https://yt3.googleusercontent.com/rPiXUO1vpFfO1YSr1XmDHCx8MMJyvHbqeFYp9_YknA3pCcC8v2NPGPLaOr3ZMy5vJ48BeovjxAmRHJYZ=w180-h180-l90-rj,,ขอให้เธอมีสุข,หนึ่ง บีเคแบนด์,,,ขอให้เธอมีสุข หนึ่ง บีเคแบนด์
2026-09-26,th,Thailand,top_songs_weekly,,87,https://yt3.googleusercontent.com/LhYizxWM9t7fXrT6VCKOHCv9aMHogqkRNhOYVJScgaVQ8-nMj4u2J1x_c7IPfHlWG2iV-6dqdHGob8rh=w180-h180-l90-rj,,ซบที่ไหล่ (feat. Sakarin),KRK,,,ซบที่ไหล่ (feat. Sakarin) KRK
2026-09-26,th,Thailand,top_songs_weekly,,88,https://yt3.googleusercontent.com/jV8jkowKVTROFvGdWg4g5iXbZ7YmKcXM71yLW3V3MEczUZ7JxLKFPBRpi5goA6kh9oGeIHsh8T1Wltc=w180-h180-l90-rj,,ဤသို့ပြုရ,Theinkpan Htun,,,ဤသို့ပြုရ Theinkpan Htun
2026-09-26,th,Thailand,top_songs_weekly,,89,https://yt3.googleusercontent.com/3PxyghyAYY630E4UMmpOo4YRpOKOf83udfxb9BbJcwM4I8Uke7YEwqfhGfVBuWXg3tOfGPGKF0RV1rM=w180-h180-l90-rj,,หวังเหวิดจัง(สากลัว),เมนทอล,,,หวังเหวิดจัง(สากลัว) เมนทอล
2026-09-26,th,Thailand,top_songs_weekly,,90,https://yt3.googleusercontent.com/uY85QN1f-lL7ZvLQ0HzFXFNrLRg9eqxy6-8zN28Txuc3t5CBR2mvENTCDanQld2j48LitFws3h9S5BY=w180-h180-l90-rj,,สิทธิ์ของเจ้า,埋代•話摘星,,,สิทธิ์ของเจ้า 埋代•話摘星
2026-09-26,th,Thailand,top_songs_weekly,,91,https://yt3.googleusercontent.com/sm9gz2XQFzc-Gp7qsQzIJGuIsowoyVI43ki4048evRTzCi8IN2FcTyv42YttCDRH-93amTRkG05hqnOK=w180-h180-l90-rj,,Earrings,Malcolm Todd,,,Earrings Malcolm Todd
2026-09-26,th,Thailand,top_songs_weekly,,92,https://yt3.googleusercontent.com/Du16KZ-A4mSnV7AgfhD2B2O1EnrsqHja0jdot5jQJczzLeZMNHr-365Kwt5xSp0S3r0De0oOXUNAW4kl=w180-h180-l90-rj,,คืนที่หมาเต็มวัด (Temple Dogs) (feat. Singto Numchoke),NONT TANONT,,,คืนที่หมาเต็มวัด (Temple Dogs) (feat. Singto Numchoke) NONT TANONT
2026-09-26,th,Thailand,top_songs_weekly,,93,https://yt3.googleusercontent.com/-auVvVwE-gA2T7AcCG3z6f0jg62qvPaktn2t-ZDdDv7jOvARV0tCg3DNUEXzg0c0WZjhbJzEu2-WYSQ=w180-h180-l90-rj,,ณ ความรัก,สุดเขต จึงเจริญ,,,ณ ความรัก สุดเขต จึงเจริญ
2026-09-26,th,Thailand,top_songs_weekly,,94,https://yt3.googleusercontent.com/agakebigMhce2XZR-wrbcAziu_Rmnx9iOrmXHP2-65DslOWFDIeLL7A_LpzfRTcrESlRfLqT4H1m4ok=w180-h180-l90-rj,,ขาดความอบอุ่น,Sueayai,,,ขาดความอบอุ่น Sueayai
2026-09-26,th,Thailand,top_songs_weekly,,95,https://yt3.googleusercontent.com/6FAlXO6mWcCoB2k1XBxJ_08rTYq3LN8IfaWGPeStExlHCklz0y1pCzcNuba9CxwjmkP8aMlu7goeM7Q=w180-h180-l90-rj,,นักแสดงตบตา,MaxMillor / ize so cold. / PORZAX,,,"นักแสดงตบตา MaxMillor , ize so cold. & PORZAX"
2026-09-26,th,Thailand,top_songs_weekly,,96,https://i.ytimg.com/vi/WMP2N4U-VtM/default.jpg,https://www.youtube.com/watch?v=WMP2N4U-VtM,ติดลมบน,ทิดแอม,"9月 1, 2026",562815,"96 New ติดลมบน ทิดแอม 9月 1, 2026 - 1 562,815"
2026-09-26,th,Thailand,top_songs_weekly,,97,https://yt3.googleusercontent.com/NmUnyL5Fjn3EWN2ilg611ybD1NleUKmQhf7N58xzloqs7R28svfFGSnP7SZf8iYV6zY8Cu7wyl4I3ox_=w180-h180-l90-rj,,ความรักทำให้คนตาบอด,bodyslam,,,ความรักทำให้คนตาบอด bodyslam
2026-09-26,th,Thailand,top_songs_weekly,,98,https://yt3.googleusercontent.com/pPy2cA5K-sItr6lpGjUjJhmiumwBnB8dB4NSmiraU2w96TXY3_1rwLSSUNLEb9E0zWtgU3YYYhII8aOB=w180-h180-l90-rj,,ย้าย่ายะ,อูโน่ หลาวทอง,,,ย้าย่ายะ อูโน่ หลาวทอง
2026-09-26,th,Thailand,top_songs_weekly,,99,https://yt3.googleusercontent.com/U7uUUwB5NUeCNft0sN3TlScYwN-ChFTihvD7g6LspeVtNhnXW7-hKi57SzcfnxCfIcfQ52uThQfCs2Q=w180-h180-l90-rj,,ต่อจากคืนนี้ (ฉันจะไม่มีเธอแล้ว) (gloomy),Newery,,,ต่อจากคืนนี้ (ฉันจะไม่มีเธอแล้ว) (gloomy) Newery
2026-09-26,th,Thailand,top_songs_weekly,,100,https://yt3.googleusercontent.com/3jwSM0GEtmtwB-pdzrSapUkUE3u09dEYgKA7PzuWtYRP_vc8mpzE1-pZ40x4OZUWB3enR1zV5iYH2c4Y=w180-h180-l90-rj,,ดีแต่ปาก,Big Ass,,,ดีแต่ปาก Big Ass
2026-09-26,id,Indonesia,top_songs_weekly,,1,https://yt3.googleusercontent.com/xrGDyYO3umAVFdsdyIM2G451xiAxCD6haJkCQel6TQlqE-XsEUCGsj_Q5Er4YjFpjWqv-_Ze-VaPPL0j=w180-h180-l90-rj,,Teh Hijau,圖魯斯,"6月 29, 2026",15012788,"1 ● Teh Hijau 圖魯斯 6月 29, 2026 1 11 15,012,788"
2026-09-26,id,Indonesia,top_songs_weekly,,2,https://yt3.googleusercontent.com/WnS8_TSqLTP0D5Ltvu5mypx6ypsFj0dM0fSNvD8vz8K_f18nAU10bNsExXoI6t6mI-zR7ezxPYv3e7w=w180-h180-l90-rj,,Sesi Potret,Ari Lesmana / eńau,,,Sesi Potret Ari Lesmana & eńau
2026-09-26,id,Indonesia,top_songs_weekly,,3,https://yt3.googleusercontent.com/lri2NMO-Z9ihGrHPLowVk0CQTGYWOCV6GvsT8uf0UybSGR1kIFxUJfZu26yJw2PzpnRk-NyXDExNa5rc=w180-h180-l90-rj,,Dunia Yang Nanti,Raim Laode,,,Dunia Yang Nanti Raim Laode
2026-09-26,id,Indonesia,top_songs_weekly,,4,https://yt3.googleusercontent.com/wXkXjlcs3VQ09JqQaLbmd-XAwvoZ0Kxsy5h3jbA2hGyAaw_XMWMzVxze2CWrYFfQRAwnktCoev7-uJaz=w180-h180-l90-rj,,The One That Got Away,Katy Perry,,,The One That Got Away Katy Perry
2026-09-26,id,Indonesia,top_songs_weekly,,5,https://yt3.googleusercontent.com/IsP7Y5hMApNNh_tdVEV3OquJcKWcUjIwgc26IbVWYQMnGP_a7ecwkq8aDmH29vXfZWUVozmQJIH_Wk8=w180-h180-l90-rj,,Iqro',Raim Laode,,,Iqro' Raim Laode
2026-09-26,id,Indonesia,top_songs_weekly,,6,https://yt3.googleusercontent.com/5d51ZlGjNP_Gss3Z3RKP7B98ASQ7pxvp4XI3IAQ3kniFFjgLPDPnR6_K3tYZGoMVvfJYXBtu3awwsTI=w180-h180-l90-rj,,Training Season,Dua Lipa,,,Training Season Dua Lipa
2026-09-26,id,Indonesia,top_songs_weekly,,7,https://yt3.googleusercontent.com/b29NtY5YYUkdagACCFdPx-DzPQ2lVM19-bUgBWcgbpluYvujXj-xZ_1wF84WKo7h2pbRiePnIEOUMEN8nQ=w180-h180-l90-rj,,Titik Nadir (feat. Monita Tahalea),Kahitna,,,Titik Nadir (feat. Monita Tahalea) Kahitna
2026-09-26,id,Indonesia,top_songs_weekly,,8,https://yt3.googleusercontent.com/pxZ41R8jrSjVtI3W9wCDRA6T7KOVnPHH0k1H_qktx78W8X__rn4IVqu_1ePUhLvrohB9JBWgrOXl7P9epA=w180-h180-l90-rj,,MMG (My Mine Gueh),Naykilla,,,MMG (My Mine Gueh) Naykilla
2026-09-26,id,Indonesia,top_songs_weekly,,9,https://yt3.googleusercontent.com/eQ8b5BbMQnN1eJwDn8kh0x9NDfjH2KwpOjo7UeW5ZogFw8J1P2NpvsHyf7iEseeu6ngpqZ79Jw8tDIk=w180-h180-l90-rj,,What If I Call,Alex Crichton,,,What If I Call Alex Crichton
2026-09-26,id,Indonesia,top_songs_weekly,,10,https://yt3.googleusercontent.com/5jwQGpLR0huadDUYDlQ6VGQThxsp6CepkEuRkECO3SiX6LQz6QQ_iuJ2wPA-Paaa1nAmwcPEkgqAF2nd=w180-h180-l90-rj,,Mutiara,Ipank,"4月 17, 2025",4101934,"10 1 Mutiara Ipank 4月 17, 2025 9 20 4,101,934"
2026-09-26,id,Indonesia,top_songs_weekly,,11,https://yt3.googleusercontent.com/s5PxcX0QM_X4qV95uVhrsfj4oD7EIyRjFiOLaDp44xItYeekybof3c-I8n9jsp1FVs5i-OGdt0w_e654=w180-h180-l90-rj,,Kita Lewati Berdua,Overnight,,,Kita Lewati Berdua Overnight
2026-09-26,id,Indonesia,top_songs_weekly,,12,https://yt3.googleusercontent.com/AozuFQHuzVlpr4-NtgkxRA5Q9ONXf3P91VsWrqRJbRJiVxIXfiG2tyMBv0lQ1rV-MVSoB9fwbUSMGdzX=w180-h180-l90-rj,,Astaga Bercanda,Akbar Chalay / Mingse,,,Astaga Bercanda Akbar Chalay & Mingse
2026-09-26,id,Indonesia,top_songs_weekly,,13,https://yt3.googleusercontent.com/EhJCP_-PRh3_78t1fSouQ7D3mrBszq3mmXSc1JRxawuMr8C3Gq0bKC--XP1dXp4KW8UdLX09LXba8F4=w180-h180-l90-rj,,Jangan Paksa Rindu (Beda),Ifan Seventeen,,,Jangan Paksa Rindu (Beda) Ifan Seventeen
2026-09-26,id,Indonesia,top_songs_weekly,,14,https://yt3.googleusercontent.com/qVb_uk5JJ-FyTIoESoeL080jtUIIvjdN-aQbRtUTREMMsenXd-txpbgtYaoYi5t3G7h_GBwT79zD5ppkEA=w180-h180-l90-rj,,Negoro Angin,Denny Caknan,,,Negoro Angin Denny Caknan
2026-09-26,id,Indonesia,top_songs_weekly,,15,https://yt3.googleusercontent.com/kG2gMJvKvF_RhnRLaYYYCHT8FzKYvPK5gtK-vFTw-MlaA-_IP48Ez2IaqtHfQ9i9F9BFCVtTmpIXDl4FHQ=w180-h180-l90-rj,,kota ini tak sama tanpamu,Nadhif Basalamah,,,kota ini tak sama tanpamu Nadhif Basalamah
2026-09-26,id,Indonesia,top_songs_weekly,,16,https://yt3.googleusercontent.com/6nSKYCjwCp1f1GfgYejDk9l-3_65Qgc-sVtfeDyuAk1tSqeuTSnN6h-Z4cBeshn16kP_JIRs9whqlvQt6A=w180-h180-l90-rj,,Shape of My Heart,Backstreet Boys,,,Shape of My Heart Backstreet Boys
2026-09-26,id,Indonesia,top_songs_weekly,,17,https://yt3.googleusercontent.com/0X2smLKVh_UoeMveIyPwCq-6LvVoHsuqa2w-ib-62OJS04wdXmeibdGhfxU8TRzghN7Dg6sNsmBtKCo=w180-h180-l90-rj,,Kangen,Dewa 19,"1月 12, 2005",3220218,"17 1 Kangen Dewa 19 1月 12, 2005 18 44 3,220,218"
2026-09-26,id,Indonesia,top_songs_weekly,,18,https://yt3.googleusercontent.com/vcPeorOAKPcojuofDMAV6ypIteCqD-s6xuiU4fMuriCQh6WC8vP4TmzrjKfT9KiywQcAmp2u1iUWybV6jw=w180-h180-l90-rj,,2001x,Adrian Khalif,,2001,2001x Adrian Khalif
2026-09-26,id,Indonesia,top_songs_weekly,,19,https://yt3.googleusercontent.com/W_aCDg-bIvvNHTRnFX5K_HdhNLO1Fj8nDWlYuFzo6ORxsyetTehgFk1tfgfTsm_UyKqqf2rzV8qB7QkKUg=w180-h180-l90-rj,,Terbelah Jadi Dua,Gloria Jessica Gultom / Ade Govinda,,,Terbelah Jadi Dua Gloria Jessica Gultom & Ade Govinda
2026-09-26,id,Indonesia,top_songs_weekly,,20,https://yt3.googleusercontent.com/3Msew1Gh4-sKD8l5LrlJuFarOtRURRm9Wx0Ukyq-tWSnS88HOTxlmSO4_jionL-GX6xAU5_aQDQRBszB=w180-h180-l90-rj,,Ini Abadi,Perunggu,,,Ini Abadi Perunggu
2026-09-26,id,Indonesia,top_songs_weekly,,21,https://yt3.googleusercontent.com/7ecjOVgSXJjNEQWLt-bZSyuUIIU5T9r5GYwvlQfKOH5sZ3AxGwzu-ZrY4R_7SENgv3Efobl9e2XDtkaJYQ=w180-h180-l90-rj,,Bahagia Lagi,Piche Kota,,,Bahagia Lagi Piche Kota
2026-09-26,id,Indonesia,top_songs_weekly,,22,https://yt3.googleusercontent.com/N-SBeSkXpxC-Okj00Up8kUUl-CQXJmbdtkRpcO3FktG2zDeePuwDcw_B1G3ymaAxBOUN4qL85HRSkUvO=w180-h180-l90-rj,,Great Expectation,SIENNA SPIRO,,,Great Expectation SIENNA SPIRO
2026-09-26,id,Indonesia,top_songs_weekly,,23,https://yt3.googleusercontent.com/jMly_gAhRZRQJGYifpWqOLyaa6Zo_nh8Ap6urEMSOfSSxRu_AFKQjwZUBrmv0XV3tWrHvK_Og-D5znOj=w180-h180-l90-rj,,Penyangkalan,For Revenge,,,Penyangkalan For Revenge
2026-09-26,id,Indonesia,top_songs_weekly,,24,https://yt3.googleusercontent.com/3Msew1Gh4-sKD8l5LrlJuFarOtRURRm9Wx0Ukyq-tWSnS88HOTxlmSO4_jionL-GX6xAU5_aQDQRBszB=w180-h180-l90-rj,,33x,Perunggu,"3月 10, 2022",2194503,"24 1 33x Perunggu 3月 10, 2022 23 49 2,194,503"
2026-09-26,id,Indonesia,top_songs_weekly,,25,https://yt3.googleusercontent.com/lri2NMO-Z9ihGrHPLowVk0CQTGYWOCV6GvsT8uf0UybSGR1kIFxUJfZu26yJw2PzpnRk-NyXDExNa5rc=w180-h180-l90-rj,,Menari-nari,Raim Laode,,,Menari-nari Raim Laode
2026-09-26,id,Indonesia,top_songs_weekly,,26,https://yt3.googleusercontent.com/nQBSWQqbSoLRqLZkB0CWXDlpYuCygMvgesBPRFQmm2eZZlQUcMLtmsHjUrfY8wK6gQvVwy_dsL9ONjo=w180-h180-l90-rj,,Bersenja Gurau,Raim Laode,,,Bersenja Gurau Raim Laode
2026-09-26,id,Indonesia,top_songs_weekly,,27,https://yt3.googleusercontent.com/p9YY_xYQlIZCBJRbDemaNG3ayRz4h93xsM91Jtci15wBoKYOj-Le2LEUFjxWM5qH_zwU95Lo2fOV1QVfOQ=w180-h180-l90-rj,,Sedia Aku Sebelum Hujan,Idgitaf,,,Sedia Aku Sebelum Hujan Idgitaf
2026-09-26,id,Indonesia,top_songs_weekly,,28,https://yt3.googleusercontent.com/DQpsXibLwW_4OYu1t2kUgcmtva96FBKs4-QUr0aFu_odHEgZcA5sUBBEBuSxdEgofs1Yu-yyM5T4ogyk=w180-h180-l90-rj,,Locked Away (feat. Adam Levine),R. City,,,Locked Away (feat. Adam Levine) R. City
2026-09-26,id,Indonesia,top_songs_weekly,,29,https://yt3.googleusercontent.com/D-DtU8RYSWN1jMwvVHyf1zTFsy8WHcwLrgvN5S9pUpHX2uGImErsl9PMdIp658tDx-D6W1IilOjAAefG=w180-h180-l90-rj,,To Love You More,Céline Dion,,,To Love You More Céline Dion
2026-09-26,id,Indonesia,top_songs_weekly,,30,https://yt3.googleusercontent.com/eOU5FFspGeJ1B8IJHJiszFWdn30orB_4io5H0xSJBAW6spxgyqCp6pp70v3MTwwN0sqh-BEmBKpFvLHEUw=w180-h180-l90-rj,,Mutiara (Live) (feat. Fendik Adella),Difarina Indra Adella,,,Mutiara (Live) (feat. Fendik Adella) Difarina Indra Adella
2026-09-26,id,Indonesia,top_songs_weekly,,31,https://yt3.googleusercontent.com/xKD2qMWNDoKbVx_cn75-Mrzuffc47icgwffqsYHFEA9NVinn9L81cqd4KVzNFsdleNaTvV3DqBDnQNum=w180-h180-l90-rj,,ICONIC HEART,Hearts2Hearts,,,ICONIC HEART Hearts2Hearts
2026-09-26,id,Indonesia,top_songs_weekly,,32,https://yt3.googleusercontent.com/QL51_yh0E4qkF569RAOTMGtks6RD19NYMu7ZBUbBM01bnH2CSwFIioP4mgRmYoXlXaP8qCFukAAMRUo=w180-h180-l90-rj,,Tak Semudah Hompimpa,Nabila Taqiyyah,,,Tak Semudah Hompimpa Nabila Taqiyyah
2026-09-26,id,Indonesia,top_songs_weekly,,33,https://yt3.googleusercontent.com/BUthLhfbO0pqRV151ph0lvSjQOFzmLmPAf9NUPLRws7P19-cV4L041AzFYsOgisAKxPdhJzLGCvExN7n=w180-h180-l90-rj,,Young Dumb & Broke,Khalid,,,Young Dumb & Broke Khalid
2026-09-26,id,Indonesia,top_songs_weekly,,34,https://yt3.googleusercontent.com/sLdIXi4rDh1_BuPpt6S-nBNGlGjBDG4aCzI97NvHUB1hBvmZI2lq6v_t0p75lDPORvGRt3rvO0Ni6ZxL2w=w180-h180-l90-rj,,Tentang Rindu,Virzha,,,Tentang Rindu Virzha
2026-09-26,id,Indonesia,top_songs_weekly,,35,https://yt3.googleusercontent.com/itSFTr_kKY1GO34LYYx8A7dK7FCMuI7BlOdo8TcBpfdgEYzSM0JQLCz9QTyFsMeVMxlL-DRi5toAXUc=w180-h180-l90-rj,,Menteri Durmagati,KAJAWI,,,Menteri Durmagati KAJAWI
2026-09-26,id,Indonesia,top_songs_weekly,,36,https://yt3.googleusercontent.com/lph_AYE9fU1VteHx7zG6DGesN-NvVDTs79j1q4DCHZS980-UryiOlKlLgtDkIBr2niDVO0WZdTg2fnA=w180-h180-l90-rj,,SaWaDiKa,LISA,"8月 27, 2026",1609238,"36 34 SaWaDiKa LISA 8月 27, 2026 2 2 1,609,238"
2026-09-26,id,Indonesia,top_songs_weekly,,37,https://yt3.googleusercontent.com/S5zHo36-Cq7XBZvW9LNEVjQ0C-2niKUkEMjfl097vE4fLpKgunjjePEj0cNnn4JtCLNiwutLy48e_tpXHQ=w180-h180-l90-rj,,Separuh Aku,NOAH,,,Separuh Aku NOAH
2026-09-26,id,Indonesia,top_songs_weekly,,38,https://yt3.googleusercontent.com/wfQSFgWsIlnHsl7-H4UsZMq453tN_gHErx3UXYSRE5Iy_wyXfnn9E1KIWy5r14H62Oa1tudjS0dTs5g=w180-h180-l90-rj,,Alamak,Rizky Febian / Adrian Khalif,,,Alamak Rizky Febian & Adrian Khalif
2026-09-26,id,Indonesia,top_songs_weekly,,39,https://yt3.googleusercontent.com/E4VA5lDF-NEB2vZU7nebKiE7-eLjCixyeaROSC4Q2NZHtK_aC8Qi4XgdsieEmLCCP7_CyqeUt5preluWtg=w180-h180-l90-rj,,Berapa Kali Kita Akan Saling Memaafkan,Pamungkas,,,Berapa Kali Kita Akan Saling Memaafkan Pamungkas
2026-09-26,id,Indonesia,top_songs_weekly,,40,https://yt3.googleusercontent.com/knDjd4cOvR-Y0Af1ZuoWX3lreoEJNu2W6bDXN7xZDKiudI_W2VIsb7ZAJEnOeLGIsToqryl65gQvrzWyyA=w180-h180-l90-rj,,Salah Apa,Ipank,"2月 8, 2026",1557922,"40 5 Salah Apa Ipank 2月 8, 2026 45 14 1,557,922"
2026-09-26,id,Indonesia,top_songs_weekly,,41,https://yt3.googleusercontent.com/z1pEXAR8hr6qt_cCrw7spDXkAJpF4cWpRec7lJUqwFQiRgbc5dC44YV2TOG8O3Wtf6db4H014p72iHl8Ow=w180-h180-l90-rj,,Orang Baru Lebe Gacor,Ecko Show / Juan Reza / Chesylino,,,"Orang Baru Lebe Gacor Ecko Show , Juan Reza & Chesylino"
2026-09-26,id,Indonesia,top_songs_weekly,,42,https://yt3.googleusercontent.com/lPT2Syoe9fcp45Ulw5QLYRUHG_W1g84UxsZE1lOppdjWCKrn2attpdqkJhVm8TpYFzEnQwuwWuxSpKQ7Uw=w180-h180-l90-rj,,Memori Sekuntum Rindu,Spoon,,,Memori Sekuntum Rindu Spoon
2026-09-26,id,Indonesia,top_songs_weekly,,43,https://yt3.googleusercontent.com/_Ke5F-Lx0EYk8u0ZiqbnLDWFYnv_jMGzTNrDywhOh-SNWmF5EdbbRkZ0dsVRzKlfBhfTkr25NcHebJGS=w180-h180-l90-rj,,Terpukau,艾絲翠,"2月 21, 2012",1480045,"43 2 Terpukau 艾絲翠 2月 21, 2012 41 20 1,480,045"
2026-09-26,id,Indonesia,top_songs_weekly,,44,https://yt3.googleusercontent.com/SJZ4cYfy2BfUpe6rHKK1MjQaWhsuPQiq1rRgUc5r6_23gyuStf57W5Qvu9CQAh_qCDK9-axPvtz32177=w180-h180-l90-rj,,Ambon Manise,Toton Caribo / Jacson Seran / Novia Bachmid,,,"Ambon Manise Toton Caribo , Jacson Seran & Novia Bachmid"
2026-09-26,id,Indonesia,top_songs_weekly,,45,https://yt3.googleusercontent.com/XRjz6gom3U3nnqugJAD9YZM6KWup4F3F79U0e_mK1hgZ-MfUrONb17HFjSEczVd758HDsfPJd6AOdnM=w180-h180-l90-rj,,1000X,Ghea Indrawari,,1000,1000X Ghea Indrawari
2026-09-26,id,Indonesia,top_songs_weekly,,46,https://yt3.googleusercontent.com/6eXOCztkZp_Nr9Mh5hABwigzcsYLiYn22STFjJFLSPqWxu6JXaVnOXSe6L3J1As6Eh9LnA-kZhA9xzY=w180-h180-l90-rj,,Panas Pela (feat. Vicky Salamor),Fresly Nikijuluw,,,Panas Pela (feat. Vicky Salamor) Fresly Nikijuluw
2026-09-26,id,Indonesia,top_songs_weekly,,47,https://yt3.googleusercontent.com/uTzba0Dgl5G4ZjeNx8aYEFDii37F5Gs2yKWdLi89RJm3ngG1nRg-VyYu0P0OTM5HN94DEbuHDJMqHDkvaA=w180-h180-l90-rj,,Iris,咕咕玩偶,"3月 31, 1998",1372679,"47 47 Iris 咕咕玩偶 3月 31, 1998 - 35 1,372,679"
2026-09-26,id,Indonesia,top_songs_weekly,,48,https://yt3.googleusercontent.com/oXHrv7kvyDH1Yd59En9Ixdj1mpgGJrkiEbUujeL-5XOIVpd8w4ZDFUJ1S9jDWw5SxoCYMGFCRLAZIkxp=w180-h180-l90-rj,,Negoro Angin,Silvy Kumalasari,,,Negoro Angin Silvy Kumalasari
2026-09-26,id,Indonesia,top_songs_weekly,,49,https://yt3.googleusercontent.com/_1ejRnxNSULMWdqN8F-gEGUVfw5kZKrwKy5xNPnSxU6Xen61q09zCR1aQn4s4L9rDOi-fGnTh3qI-LwE=w180-h180-l90-rj,,Risk It All,Bruno Mars,,,Risk It All Bruno Mars
2026-09-26,id,Indonesia,top_songs_weekly,,50,https://yt3.googleusercontent.com/lxZmQlJ7OwaELxFiyws8Fj8SgmqCkfNXYkHgLEWJ-TeU_4J00gSSH96u5kmmslGVJs562i6Bo6st9dGQMg=w180-h180-l90-rj,,Siapa Di Hatimu,Rahmat Ekamatra,,,Siapa Di Hatimu Rahmat Ekamatra
2026-09-26,id,Indonesia,top_songs_weekly,,51,https://yt3.googleusercontent.com/EoJgLmCvN3rTHOx6BQNFPAmreqvaLbH7TcrLClNLQOpasJriwAyuKluKpDKgLgY54Od7yI7N8XgPDYhm=w180-h180-s-l90-rj,,Dirantai Digelangi Rindu,Exists,,,Dirantai Digelangi Rindu Exists
2026-09-26,id,Indonesia,top_songs_weekly,,52,https://yt3.googleusercontent.com/-jaWr9K7U0bJoqMv50tihlvf1QXe_y-dmvw_z_40gA9bPj4PhfRPobOdQndQIoCxsFDWRyEoP0Rben8=w180-h180-l90-rj,,Blank Space,Taylor Swift,,,Blank Space Taylor Swift
2026-09-26,id,Indonesia,top_songs_weekly,,53,https://yt3.googleusercontent.com/OlsyF8L82chwdoVqON-g5H3BsEEgA0zSIYU_6SIZgMtLe0QzZPxzno91C6zJktuon6rjAv_UbmggkO_vyQ=w180-h180-l90-rj,,BAD,ATEEZ,"5月 22, 2026",1276874,"53 1 BAD ATEEZ 5月 22, 2026 54 9 1,276,874"
2026-09-26,id,Indonesia,top_songs_weekly,,54,https://yt3.googleusercontent.com/0X2smLKVh_UoeMveIyPwCq-6LvVoHsuqa2w-ib-62OJS04wdXmeibdGhfxU8TRzghN7Dg6sNsmBtKCo=w180-h180-l90-rj,,Laskar Cinta Chapter One,Dewa 19,,,Laskar Cinta Chapter One Dewa 19
2026-09-26,id,Indonesia,top_songs_weekly,,55,https://yt3.googleusercontent.com/VNR0chjz79lOEZyy_ei6SEKTVdndA7dkGcjcGLdxQmigc6h5trIFeR6nOMd4HeAYxPCAd30unTjhLsQ=w180-h180-l90-rj,,DIRANTAI DIGELANGI RINDU,Laila Ayu / Irwan D'Academy / Simpatik Music,,,"DIRANTAI DIGELANGI RINDU Laila Ayu , Irwan D'Academy & Simpatik Music"
2026-09-26,id,Indonesia,top_songs_weekly,,56,https://yt3.googleusercontent.com/jy82fBd4lcqM2uBziu-ShqaRC3QMVB8GXtRgbGOOM159Pzvju4yU8kTledgcnn3wIEKbRhVgoIwxFPzM=w180-h180-l90-rj,,Percuma,Mahalini,,,Percuma Mahalini
2026-09-26,id,Indonesia,top_songs_weekly,,57,https://yt3.googleusercontent.com/dZJKYHQOotgoyz5Idjf-x-SseznfZ0F0UgQPQeRmUCCSyXS-0ogTJMriRs2Ea5Vwn2zjTx2YKHWRXLE=w180-h180-l90-rj,,Helikopter Turun Ke Padang,Ajeng Febria,,,Helikopter Turun Ke Padang Ajeng Febria
2026-09-26,id,Indonesia,top_songs_weekly,,58,https://yt3.googleusercontent.com/XTNfOkv0xOrTvmh5HGucVRV_XntMmkfb42BauvHxGNV-_-MxOmDYmEj8fs0rRgL0BLiMjUBlFiX9ywrQRg=w180-h180-l90-rj,,speaker freaker the long song,no na,,,speaker freaker the long song no na
2026-09-26,id,Indonesia,top_songs_weekly,,59,https://yt3.googleusercontent.com/E5jWtcX65Y2d6c4WyzNTNhi63bpmGJRxPgRKjD3iSXgJQnCVMcpAaO0hHQQSWrTUNVrrrRNtBFewf3nGXw=w180-h180-l90-rj,,Bintang di Surga,NOAH,,,Bintang di Surga NOAH
2026-09-26,id,Indonesia,top_songs_weekly,,60,https://i.ytimg.com/vi/3eT464L1YRA/default.jpg,https://www.youtube.com/watch?v=3eT464L1YRA,Heaven,Bryan Adams,,,Heaven Bryan Adams
2026-09-26,id,Indonesia,top_songs_weekly,,61,https://yt3.googleusercontent.com/kDyeMZLlrxUCo8Ha80rEoevO_ryYwJVlMpcKvD4a_nDLToVnUoMw3FUy60GOaPrj12B35-r81tSNHQjV=w180-h180-l90-rj,,To the Bone,Pamungkas,,,To the Bone Pamungkas
2026-09-26,id,Indonesia,top_songs_weekly,,62,https://yt3.googleusercontent.com/jZz41PlytaSZKR2aCp4Bhn_aLeJbTZcJ3tWswzRwHpobminzl85wx1Hmw9ch-JELQKuh2xNgEVfSNZIZwA=w180-h180-l90-rj,,MUTIARA (Live) (feat. Irwan Krisdiyanto),Laila Ayu / Simpatik Music,,,MUTIARA (Live) (feat. Irwan Krisdiyanto) Laila Ayu & Simpatik Music
2026-09-26,id,Indonesia,top_songs_weekly,,63,https://yt3.googleusercontent.com/FBsKSRbF9dD9gKsMouEBNIymlDObANdcnZk4Lf_5QgTiq7V3gchHRsBXGgOLgDOOJuGkajoF5K-4qeA=w180-h180-l90-rj,,Lemon Tang,Hearts2Hearts,,,Lemon Tang Hearts2Hearts
2026-09-26,id,Indonesia,top_songs_weekly,,64,https://i.ytimg.com/vi/MyVb-8mYV7Q/default.jpg,https://www.youtube.com/watch?v=MyVb-8mYV7Q,Cinta Terlarang,The Virgin,,,Cinta Terlarang The Virgin
2026-09-26,id,Indonesia,top_songs_weekly,,65,https://yt3.googleusercontent.com/YOlEBh3P7gnxLxZDZrPpLrdtUQnSdaVm1fkPlEC3Vrz_Lso-aqvfidsyv1EaySsGv-xkc9lRFlQQCVk=w180-h180-l90-rj,,Tanpa Cinta,Yovie Widianto / Tiara Andini,,,Tanpa Cinta Yovie Widianto & Tiara Andini
2026-09-26,id,Indonesia,top_songs_weekly,,66,https://yt3.googleusercontent.com/QgFG5RHpesQcNq4JDY51ot0i2GRRf7GFpiO49zyAVO2C5YyKxCTglY0A9c4zBCHWkLrtg7mi-0UY5Uc=w180-h180-l90-rj,,Cinderella (feat. Ty Dolla $ign),Mac Miller,,,Cinderella (feat. Ty Dolla $ign) Mac Miller
2026-09-26,id,Indonesia,top_songs_weekly,,67,https://yt3.googleusercontent.com/WJo-JIxlTyF7qjJl3AjVct6z78W_dzrUBIEONbGLOpi2EKRlFOCp3kAruyGY2TSZy-UcfArkKR8NNEua=w180-h180-l90-rj,,Laut Kidul,Denny Caknan / Hendra Kumbara,,,Laut Kidul Denny Caknan & Hendra Kumbara
2026-09-26,id,Indonesia,top_songs_weekly,,68,https://yt3.googleusercontent.com/4hbeFSNhUM-sOQCpBHLLn6JFzNI2TqNVaJuPs7tQMo147MYcYinS3IAu-rLTNL5_iP_KDeRNkfWS_gqU=w180-h180-l90-rj,,SALAH APA,Laila Ayu / Simpatik Music / Irwan D'Academy,,,"SALAH APA Laila Ayu , Simpatik Music & Irwan D'Academy"
2026-09-26,id,Indonesia,top_songs_weekly,,69,https://yt3.googleusercontent.com/wnvdTnQF6gyPEbJgIAAWmBnPh9_u9zSvNhSgxvg6Rin26BuAGFwJxk-rhUqwtEDsPmY8HZ5fsL0Fqpo=w180-h180-l90-rj,,Keong Racun,Ajeng Febria,,,Keong Racun Ajeng Febria
2026-09-26,id,Indonesia,top_songs_weekly,,70,https://yt3.googleusercontent.com/2W16lHeS9D9VbLfDQTwVsWWbykQ2icgW0ixfiMkNqQcgiipVfK5fDW_rlB_lenkdTahVFcXBek0yigY=w180-h180-l90-rj,,Museum Duka,For Revenge / YB / Tepe,,,"Museum Duka For Revenge , YB & Tepe"
2026-09-26,id,Indonesia,top_songs_weekly,,71,https://yt3.googleusercontent.com/7m-yOBlKlAq10qkZ2kpuBn5Fy1XhxC2e9WvH0kwAX0yjZVErfLLyEVRItRIlRtpuuMqbigQpdCZkXAw=w180-h180-l90-rj,,Saktenane (feat. Destya Eka),Vadesta,,,Saktenane (feat. Destya Eka) Vadesta
2026-09-26,id,Indonesia,top_songs_weekly,,72,https://yt3.googleusercontent.com/h52YQ8oAiGCiZFp5W1RGaj8GQMde1hNmYV7_ad3XgWcygvz7riguymmuvMj2yUoP1qhU2C3zoDJu72w=w180-h180-l90-rj,,Kita,Sheila On 7,,,Kita Sheila On 7
2026-09-26,id,Indonesia,top_songs_weekly,,73,https://yt3.googleusercontent.com/q0szuVtXvUdftTC8k9fjwazdEpoaCyWTZ1d5Xa3GWHhQPD6_59W_rPlmZRFa2rSFPLTmfOGEgvPfF9uBVg=w180-h180-l90-rj,,drop dead,Olivia Rodrigo,,,drop dead Olivia Rodrigo
2026-09-26,id,Indonesia,top_songs_weekly,,74,https://yt3.googleusercontent.com/N-SBeSkXpxC-Okj00Up8kUUl-CQXJmbdtkRpcO3FktG2zDeePuwDcw_B1G3ymaAxBOUN4qL85HRSkUvO=w180-h180-l90-rj,,Pure,SIENNA SPIRO,,,Pure SIENNA SPIRO
2026-09-26,id,Indonesia,top_songs_weekly,,75,https://yt3.googleusercontent.com/ceKe2TeGIBclGIhfb1Tpb--BWtrn3eb0g4IKkoL-B132KMBWVmcrr5GkF64sE5ZyuZ6eNuvw38lDkLrNzA=w180-h180-l90-rj,,Moonride,Hearts2Hearts,,,Moonride Hearts2Hearts
2026-09-26,id,Indonesia,top_songs_weekly,,76,https://yt3.googleusercontent.com/gEeLpx7lculzJU0M_zFe9EBr-MrFmKL8USBrCunk7hxnX-fDXPZEKTeEnH-FwV--FwNiI8NiewbDn-3c=w180-h180-l90-rj,,Di Atas Normal,NOAH,,,Di Atas Normal NOAH
2026-09-26,id,Indonesia,top_songs_weekly,,77,https://yt3.googleusercontent.com/dJJbQ61Ifmlmo8SUqvaEYGcvYold539mndswHiO69m3vsyZwcJy_lcR6KXqB5sEyI0-Zgjf4LYs0NgdVZQ=w180-h180-l90-rj,,Laut Kidul (feat. Yesa Oktavia),Yeni Inka,,,Laut Kidul (feat. Yesa Oktavia) Yeni Inka
2026-09-26,id,Indonesia,top_songs_weekly,,78,https://yt3.googleusercontent.com/SP0cN9Mypy_WeKEajm03ERYOU_53KkHZpu4EQpSJUzcQ1H_3HhS1FmjR34KTstf-0DX83JLCCj9ouc-k1g=w180-h180-l90-rj,,Wonderwall,Oasis,,,Wonderwall Oasis
2026-09-26,id,Indonesia,top_songs_weekly,,79,https://yt3.googleusercontent.com/au-Ac-X-rlE1nR1dq4Sz_euSqM1iaj8SnhNf3PHFM17FoTT1lTi3QZ1mi1T15pbix9fmXEWoufxQzSlT=w180-h180-l90-rj,,Tujh Mein Rab Dikhta Hai,Roopkumar Rathod,,,Tujh Mein Rab Dikhta Hai Roopkumar Rathod
2026-09-26,id,Indonesia,top_songs_weekly,,80,https://yt3.googleusercontent.com/d-BDnHyNPAym0BMEwQlLLXnb7xRoxiNbbDfyYroDhEez1bktleu0VVZ_qKKUVK98pf7Cb69ksgH1ul72=w180-h180-l90-rj,,Bounce & Pa Bkb,Vian DTM,,,Bounce & Pa Bkb Vian DTM
2026-09-26,id,Indonesia,top_songs_weekly,,81,https://yt3.googleusercontent.com/3yZ-DPOigUT1R453gr5kVkQeu6PwZK1OivsZX7ozfFJog-H_VlxeJD9thjwH2zNA5x0IEzEt4w6PmK5t=w180-h180-l90-rj,,Just Give Me a Reason (feat. 奈特・瑞斯),P!NK,,,Just Give Me a Reason (feat. 奈特・瑞斯) P!NK
2026-09-26,id,Indonesia,top_songs_weekly,,82,https://yt3.googleusercontent.com/6LDZTIjk3nbSSsG8J0M2_ME4KWzt4MTZ7oqrZlWg-uZ1gRWnBKt9ySPibZ5l7GJ_-j6gB6hv-qLNaPE=w180-h180-l90-rj,,hate that i made you love me,Ariana Grande,,,hate that i made you love me Ariana Grande
2026-09-26,id,Indonesia,top_songs_weekly,,83,https://yt3.googleusercontent.com/i2E82NuJXk2hn9kTXyUol9HwJ61U6-fe-uDq_XhH_z-z0banXwgj4bggXWnOT9kGf4szC4Q8_Si1tePK-g=w180-h180-l90-rj,,Dirantai Digelangi Rindu (feat. Yesa Oktavia),Yeni Inka,,,Dirantai Digelangi Rindu (feat. Yesa Oktavia) Yeni Inka
2026-09-26,id,Indonesia,top_songs_weekly,,84,https://i.ytimg.com/vi/6iAf-K3pf8U/default.jpg,https://www.youtube.com/watch?v=6iAf-K3pf8U,Helikopter Turun Ke Padang,Sabrinaaa,,,Helikopter Turun Ke Padang Sabrinaaa
2026-09-26,id,Indonesia,top_songs_weekly,,85,https://i.ytimg.com/vi/aDTx0sx0bl4/default.jpg,https://www.youtube.com/watch?v=aDTx0sx0bl4,Rindiani,Slam,"1月 1, 2009",912759,"85 15 Rindiani Slam 1月 1, 2009 70 15 912,759"
2026-09-26,id,Indonesia,top_songs_weekly,,86,https://yt3.googleusercontent.com/VaL6zlBgJpn3W2tk49mwjy_c1B915Lbw5GMPsFY1gcGcyEo3AvufQQ3YCh9NRK_dwWadOwgyBqeS1GzT=w180-h180-l90-rj,,MUTIARA (Ska Reggae Version)(Live),Maulana Ardiansyah,,,MUTIARA (Ska Reggae Version)(Live) Maulana Ardiansyah
2026-09-26,id,Indonesia,top_songs_weekly,,87,https://yt3.googleusercontent.com/N-SBeSkXpxC-Okj00Up8kUUl-CQXJmbdtkRpcO3FktG2zDeePuwDcw_B1G3ymaAxBOUN4qL85HRSkUvO=w180-h180-l90-rj,,Die On This Hill,SIENNA SPIRO,,,Die On This Hill SIENNA SPIRO
2026-09-26,id,Indonesia,top_songs_weekly,,88,https://yt3.googleusercontent.com/hO9lyqj8eolMtEMAmeNxXnBH-1PYWf0Yxsf93Bw2ovseUl2wEwMiZFy5GHjxyQM9xrYq4kqnws34geSr=w180-h180-l90-rj,,Mutiara,Ajeng Febria,,,Mutiara Ajeng Febria
2026-09-26,id,Indonesia,top_songs_weekly,,89,https://yt3.googleusercontent.com/HiNWnQLRJuHmL0tyP0m8bzgMv1LNyV2-zhhU7ewA4rLT25PEbqKyQN3ZvKgV-5Zd7Ds1-EbxbA3IMhzv_g=w180-h180-l90-rj,,Stand by Me,Oasis,,,Stand by Me Oasis
2026-09-26,id,Indonesia,top_songs_weekly,,90,https://yt3.googleusercontent.com/77ea97F29oHMbNi5x0Y-oiXblciolt1cMeDimlp63AICdq2zk6JXFWPYdUzLFplt2OPid6xVcb1bSsON=w180-h180-l90-rj,,"Merry Christmas, Please Don't Call",Bleachers,,,"Merry Christmas, Please Don't Call Bleachers"
2026-09-26,id,Indonesia,top_songs_weekly,,91,https://yt3.googleusercontent.com/MDD0MVe1K4RXAPQJii8fi4V-7m3ghmPXQfHnAWcRE6psNUXKRc47ZCEyFu1w1yIPJks1N79_Qk-N0BSE_g=w180-h180-l90-rj,,Silence (feat. Khalid),Marshmello,,,Silence (feat. Khalid) Marshmello
2026-09-26,id,Indonesia,top_songs_weekly,,92,https://yt3.googleusercontent.com/_MYP8a7A2AGtaQY-kVXAGdebxQk6s4z2YN2aUwuMx1nGRzsVU0LNUk9UNsdpaHbjTbL2lyqPvgbTJjFf=w180-h180-l90-rj,,Cinta Dan Rahasia (feat. Glenn Fredly),Yura Yunita,,,Cinta Dan Rahasia (feat. Glenn Fredly) Yura Yunita
2026-09-26,id,Indonesia,top_songs_weekly,,93,https://yt3.googleusercontent.com/xpDEOr2TeqEn1QpXosXhqtj149FzNnTgAG3oqPnpTxTbQk-oceO90Sz4Axq0s4Jp_QLGQha_um6_EG3WGQ=w180-h180-l90-rj,,Perfect,Ed Sheeran,,,Perfect Ed Sheeran
2026-09-26,id,Indonesia,top_songs_weekly,,94,https://yt3.googleusercontent.com/-h_EmlrGLsJwhih3lVHGDmK3CAmLdpqEIeerAuJ71qmJeZ_5zYf9ElWIEBNiB_6_CbXh4qHchBpOqhCu=w180-h180-l90-rj,,Creep,Radiohead,"9月 21, 1992",844827,"94 8 Creep Radiohead 9月 21, 1992 86 8 844,827"
2026-09-26,id,Indonesia,top_songs_weekly,,95,https://i.ytimg.com/vi/GTCMLqt6Slg/default.jpg,https://www.youtube.com/watch?v=GTCMLqt6Slg,ONCOM GONDRONG || LIVE ADE ASTRID X GERENGSENG TEAM,Ade Astrid,,,ONCOM GONDRONG || LIVE ADE ASTRID X GERENGSENG TEAM Ade Astrid
2026-09-26,id,Indonesia,top_songs_weekly,,96,https://yt3.googleusercontent.com/mULTXajnCj_LtPVeO4l2KlbMdEh05QmY7lm3Qucw0jAbmzqV6dOUEkiahiRLt_50Z6BU24JoW5nSGkes=w180-h180-l90-rj,,Edan Turun (feat. Putri Agni),Wafiq Azizah,,,Edan Turun (feat. Putri Agni) Wafiq Azizah
2026-09-26,id,Indonesia,top_songs_weekly,,97,https://i.ytimg.com/vi/rCJwHEf6UjY/default.jpg,https://www.youtube.com/watch?v=rCJwHEf6UjY,Dirantai Digelangi Rindu,Ajeng Febria,,,Dirantai Digelangi Rindu Ajeng Febria
2026-09-26,id,Indonesia,top_songs_weekly,,98,https://i.ytimg.com/vi/_mpSoSPo_HI/default.jpg,https://www.youtube.com/watch?v=_mpSoSPo_HI,Teman Biasa,Tiara Amora,,,Teman Biasa Tiara Amora
2026-09-26,id,Indonesia,top_songs_weekly,,99,https://yt3.googleusercontent.com/7eJOqmtnvAqYXvmwzIvAWek5XtS-uv-ouUobicca0UH_4s53fBLl3s9t5p06sBfFoUQugB14I_D_VHCU=w180-h180-l90-rj,,Tulang dan Nadi,Tiara Andini,,,Tulang dan Nadi Tiara Andini
2026-09-26,id,Indonesia,top_songs_weekly,,100,https://yt3.googleusercontent.com/hX4UnKjIDJrwX42xig7tdtmSP7XE842N2RgM07YFeL-U38abvmPZvDtNKE1R_nFSBINl34l92ljdz-_w=w180-h180-l90-rj,,Keras Kepala,Meiska,,,Keras Kepala Meiska
2026-09-26,in,India,top_songs_weekly,,1,https://yt3.googleusercontent.com/Arv93jzh4R-cY1yEusDzcPCZzUuSIpHiyggsYeR38hdWXtkKvx9TIyvR3R6G9YYry7kVe349VDwvVcLB=w180-h180-l90-rj,,Parvati,Sadhu Tiwari,,,Parvati Sadhu Tiwari
2026-09-26,in,India,top_songs_weekly,,2,https://yt3.googleusercontent.com/naKgO_9vvIczuf7Vq1llQyRAQOOW898kBZN3pio-Bkbfcmdu3Gv14_ivEBZiHAow8VbPEq1bhO0j2DU=w180-h180-l90-rj,,KALYANI (Remix),ARJN / KDS / FIFTY4 / Shreya Ghoshal,,,"KALYANI (Remix) ARJN , KDS , FIFTY4 & Shreya Ghoshal"
2026-09-26,in,India,top_songs_weekly,,3,https://yt3.googleusercontent.com/WDXRUHOAdSgW_CUGvGFrK4AlHBn-M4-DTkh_oYwAY_NN7tjO1-P-cwPq-xefOMgd-xcN9KRWZCGgnQ=w180-h180-l90-rj,,Yeshanagula,Prabha Bangarigalla / Jangi Reddy / Kasarla Shyam,,,"Yeshanagula Prabha Bangarigalla , Jangi Reddy & Kasarla Shyam"
2026-09-26,in,India,top_songs_weekly,,4,https://yt3.googleusercontent.com/whlIw9-DTRE2_pUZm7v6Hmbyr0AQxZrHEL2DeNKnsCOFtUfRhY2QO0OCrCmcQEiqMvqC4Tu0ERjsYyKoJA=w180-h180-l90-rj,,Mallepoola Pallaki,G.V. Prakash Kumar / Dappu Srinu,,,Mallepoola Pallaki G.V. Prakash Kumar & Dappu Srinu
2026-09-26,in,India,top_songs_weekly,,5,https://yt3.googleusercontent.com/whlIw9-DTRE2_pUZm7v6Hmbyr0AQxZrHEL2DeNKnsCOFtUfRhY2QO0OCrCmcQEiqMvqC4Tu0ERjsYyKoJA=w180-h180-l90-rj,,Irumudi Kattu,G.V. Prakash Kumar / Ananthu / Shiva Nirvana / Kalyan Chakravarthy Tripuraneni,,,"Irumudi Kattu G.V. Prakash Kumar , Ananthu , Shiva Nirvana & Kalyan Chakravarthy Tripuraneni"
2026-09-26,in,India,top_songs_weekly,,6,https://yt3.googleusercontent.com/7_06KmE85Uk8mngpR0_lw_zf9qqmsN9rW1xTF57d9DegptGKJ9Qw_r6Xdi26OnXy7NxdiWbPqusEQ2W2xA=w180-h180-l90-rj,,Barsaat,Banjaare / Roni,,,Barsaat Banjaare & Roni
2026-09-26,in,India,top_songs_weekly,,7,https://yt3.googleusercontent.com/uQ9EOP2orkMGxZT5Fe5-Rg9u2nLmhcH7pMFklHbhD9EwgS0u9gQokcZEDBuDBcfWD1zYuZf-mfmWE9A=w180-h180-l90-rj,,Jai Jai Ram,Shreya Ghoshal / Arijit Singh / Kumar Vishwas,,,"Jai Jai Ram Shreya Ghoshal , Arijit Singh & Kumar Vishwas"
2026-09-26,in,India,top_songs_weekly,,8,https://yt3.googleusercontent.com/whlIw9-DTRE2_pUZm7v6Hmbyr0AQxZrHEL2DeNKnsCOFtUfRhY2QO0OCrCmcQEiqMvqC4Tu0ERjsYyKoJA=w180-h180-l90-rj,,YAALALO YAALALO,G.V. Prakash Kumar / Hesham Abdul Wahab / Sadhika K R / Anantha Sreeram,,,"YAALALO YAALALO G.V. Prakash Kumar , Hesham Abdul Wahab , Sadhika K R & Anantha Sreeram"
2026-09-26,in,India,top_songs_weekly,,9,https://yt3.googleusercontent.com/be_gE5Va2RF56pIw3g-AbSsm7-X4VApfbuR5YsRhAzF3NR-adNGyAlB1L7AFJSgytnqXtBd9-E3Is_Kx=w180-h180-l90-rj,,Basinga Balaalu,Swamy Naresh / Srinidhi Nerella / Kalyan Keys,,,"Basinga Balaalu Swamy Naresh , Srinidhi Nerella & Kalyan Keys"
2026-09-26,in,India,top_songs_weekly,,10,https://yt3.googleusercontent.com/7Zsektrtwnf2UlL5CWGtSxi8JDfT8h4me73j31Mk-bDe5qbfUz7dtt1MUy-QlwkaGBWaIXucHF-r2KiCUQ=w180-h180-l90-rj,,Shararat,Shashwat Sachdev / Madhubanti Bagchi / Jasmine Sandlas,,,"Shararat Shashwat Sachdev , Madhubanti Bagchi & Jasmine Sandlas"
2026-09-26,in,India,top_songs_weekly,,11,https://yt3.googleusercontent.com/fQQQd_5ekiUbYRth6Yf7ZmkgS7Mf-VmxRCyqPpef-KgJVqISZqDKpjjU3zvfDVh9qr03MxPChTiYHyg=w180-h180-l90-rj,,Neno Butterfly,G.V. Prakash Kumar / Sublahshini,,,Neno Butterfly G.V. Prakash Kumar & Sublahshini
2026-09-26,in,India,top_songs_weekly,,12,https://yt3.googleusercontent.com/B1p2-JcIuomNuey91o6bvshtrtw2gr0pH1bIviJxDqNZiT9et79lCgY4-pU-6FhVNWbi9FrnOtJ35t8=w180-h180-l90-rj,,Gehra Hua,Shashwat Sachdev / Arijit Singh / Irshad Kamil / Armaan Khan,,,"Gehra Hua Shashwat Sachdev , Arijit Singh , Irshad Kamil & Armaan Khan"
2026-09-26,in,India,top_songs_weekly,,13,https://yt3.googleusercontent.com/XyfX9nbleH_JvN3kU-z3mG_eTIPlCvN7-bTT8_WZBwztq2JgkLajTSz3o97rAkmpFEWKdzDiE_T_bkLZfQ=w180-h180-l90-rj,,Chhathi Maiya,Vishal Mishra / Kaushal Kishore,,,Chhathi Maiya Vishal Mishra & Kaushal Kishore
2026-09-26,in,India,top_songs_weekly,,14,https://yt3.googleusercontent.com/0Op0Fx0S1C5pJhm0QrARCZ_R-7YzHk9q47bKwpAl-cVLj4sR2zUeJyjFz7NrZdRE3zefz6nmqBtDi8BZ=w180-h180-l90-rj,,Barbadi Hoi,Shilpi Raj,,,Barbadi Hoi Shilpi Raj
2026-09-26,in,India,top_songs_weekly,,15,https://yt3.googleusercontent.com/TrshWIhdbsgtW5MtqxGYDATm5OVMGdXRBe6HFSW7lhgwGI_XqzXP4QEmOwOjgaKX6iwBgg5GJP8TbnI=w180-h180-l90-rj,,Vaaroon Forever,阿南德·巴斯卡爾 / Romy / Shreya Ghoshal / Ginny Diwan,,,"Vaaroon Forever 阿南德·巴斯卡爾 , Romy , Shreya Ghoshal & Ginny Diwan"
2026-09-26,in,India,top_songs_weekly,,16,https://yt3.googleusercontent.com/LF_Gw__z3R6L4Mbz1cW7RDKXYiNcYTxBR2QrrWk0gXgUDhv9uOx01XLtvlmf4PGBISXNIlp2r0XxLU_2=w180-h180-l90-rj,,Bairan,Banjaare,"1月 23, 2026",12354515,"16 2 Bairan Banjaare 1月 23, 2026 14 28 12,354,515"
2026-09-26,in,India,top_songs_weekly,,17,https://yt3.googleusercontent.com/HXBIgIEFaSYmyLdP_3t8WYbPimxk1PpxJF0k9VY6ZCXzeEbiT-tuKxJbUU36R_OtYyWlFHYETEneMhd2=w180-h180-l90-rj,,Ishq de Fanniyar,Jyotica Tangri,,,Ishq de Fanniyar Jyotica Tangri
2026-09-26,in,India,top_songs_weekly,,18,https://yt3.googleusercontent.com/DjjYqCa8cFL9GWy8JudDZk-S2TU4ou97LlPEF8dAv1rbZV0VzBgB_pKIneinOWMGAMVunUAypQpm4rg=w180-h180-l90-rj,,Tera Mera Rishta,Mithoon / Pritam / Mustafa Zahid / Sayeed Quadri / Saaj Bhatt / Subodhh Sharma,,,"Tera Mera Rishta Mithoon , Pritam , Mustafa Zahid , Sayeed Quadri , Saaj Bhatt & Subodhh Sharma"
2026-09-26,in,India,top_songs_weekly,,19,https://yt3.googleusercontent.com/YpHZO1DBcGPbgywaeckHbkkiI-b4OetQDJnQtCM--usqBrKljB-9uXax23i3hHI-PiTlyyHLBdYScSeGRQ=w180-h180-l90-rj,,Radhimaa,Sai Abhyankkar / Nargis Teji / Asma Teji / Vivek / Sai Smriti,,,"Radhimaa Sai Abhyankkar , Nargis Teji , Asma Teji , Vivek & Sai Smriti"
2026-09-26,in,India,top_songs_weekly,,20,https://yt3.googleusercontent.com/OotE8xDKqeutvwDbJja54xdhYmC0eH5qKhaH-icvoPAuAC4flbqL90_LVKN0ltB8Ycoh7-q6za6pxaFv=w180-h180-l90-rj,,Boom Shaka,KR$NA / Dhanda Nyoliwala,,,Boom Shaka KR$NA & Dhanda Nyoliwala
2026-09-26,in,India,top_songs_weekly,,21,https://yt3.googleusercontent.com/CoRGQY0iKFcMW8L6w5rfREKGXhpTmfcjv-vnTw2oLVsSZbnKp5WWxx-HAyU0N_a-wJdvlgvGr_25DC6Q=w180-h180-l90-rj,,Sanson ki Mala (Live),Madhur Sharma,,,Sanson ki Mala (Live) Madhur Sharma
2026-09-26,in,India,top_songs_weekly,,22,https://yt3.googleusercontent.com/UiiblCTpGyk9jYCczdZ75PYZxykG18LLsILY3ckW1u140MmO1w5qKlVBIOW7lartvpNC7eAkZDhCUygN=w180-h180-l90-rj,,Fortuner (feat. Gulshan Music & Jaat Nia),Raj Mawar / Ruchika Jangid,,,Fortuner (feat. Gulshan Music & Jaat Nia) Raj Mawar & Ruchika Jangid
2026-09-26,in,India,top_songs_weekly,,23,https://yt3.googleusercontent.com/JXVAUSzi2vxkPX8p6DlfrOf9vgOP2pqW_M6rXKT6LT5dR8cUwsquw84see1tJdMEh2JBb4zcG1kxpRKf=w180-h180-l90-rj,,Pavazha Malli (Unplugged),Sai Abhyankkar / Shruthi Hassan / Vivek,,,"Pavazha Malli (Unplugged) Sai Abhyankkar , Shruthi Hassan & Vivek"
2026-09-26,in,India,top_songs_weekly,,24,https://yt3.googleusercontent.com/qSLRDoW9xku1Tn0g5cH-1Xfw4NF7HjSdPU8j0rfsNoPSl3r5TN-5OEC8g8mF_I1TbpxDDMZp4t_mlE6y=w180-h180-l90-rj,,Sheesha (Aakhya Mai Aakh Ghali Jo Bairan),Mitta Ror / Swara Verma,,,Sheesha (Aakhya Mai Aakh Ghali Jo Bairan) Mitta Ror & Swara Verma
2026-09-26,in,India,top_songs_weekly,,25,https://yt3.googleusercontent.com/0pkwx8J4M_khsEmw8i-TJ4NvEmi-OD5pjbdIvAmFroWRPgBp5_P4tDCAcThJ4XnGh3k2DaKp_jeIGjx7=w180-h180-l90-rj,,Jaiye Sajana,Shashwat Sachdev / Satinder Sartaaj / Jasmine Sandlas,,,"Jaiye Sajana Shashwat Sachdev , Satinder Sartaaj & Jasmine Sandlas"
2026-09-26,in,India,top_songs_weekly,,26,https://i.ytimg.com/vi/6qBdQzPnw4E/default.jpg,https://www.youtube.com/watch?v=6qBdQzPnw4E,Dil Laga Liya,Alka Yagnik / Udit Narayan,,,Dil Laga Liya Alka Yagnik & Udit Narayan
2026-09-26,in,India,top_songs_weekly,,27,https://yt3.googleusercontent.com/uzfTAu64E4d7zsoQHAd2sOX24RIYd5jYeaX3B_STbS0lk0X_cxrTquiFmZEU3khp6WwtTFrrmEEiaEg=w180-h180-l90-rj,,Khat,Navjot Ahuja,,,Khat Navjot Ahuja
2026-09-26,in,India,top_songs_weekly,,28,https://yt3.googleusercontent.com/U15AdXEtMimNFYJkNrs_0NJnnQTeeG-t6wZk7FaNuvlAb-zylhUhNj8mpY79KpUTrMneXCz3ZJeZbR5D1Q=w180-h180-l90-rj,,Nach Nagin Jaisan,Raushan Rohi / Khushi Kakkar,,,Nach Nagin Jaisan Raushan Rohi & Khushi Kakkar
2026-09-26,in,India,top_songs_weekly,,29,https://yt3.googleusercontent.com/nZevbUEupxBKmJ3VR6f4rdlYv5Tr53yVHws35zJg9JId6uuBAHgEeRDmf87DcEQkLCJFSHN31BLjYJE=w180-h180-l90-rj,,Aaya Sher,Anirudh Ravichander / Jangi Reddy / Arjun Chandy / Kasarla Shyam,,,"Aaya Sher Anirudh Ravichander , Jangi Reddy , Arjun Chandy & Kasarla Shyam"
2026-09-26,in,India,top_songs_weekly,,30,https://yt3.googleusercontent.com/F_zOOpQrlMOrIT50KDXGX54temlvXtXhWM-9e6TBAxCSP-F_Tt8bxONr5jBN7UwvoCwUifR0xph_QQeX=w180-h180-l90-rj,,Alaakaa Loova,Sai Abhyankkar / Rokesh,,,Alaakaa Loova Sai Abhyankkar & Rokesh
2026-09-26,in,India,top_songs_weekly,,31,https://yt3.googleusercontent.com/makJk-zzt-IS2kU4f4E4ymj2kJbb8CHE5vBJHkWIeguS2q5F7CPD4lw2gZghvZBqr9ggDeW2VDfyYzYJ=w180-h180-l90-rj,,MOURYA RE,Shankar Mahadevan / Shankar Ehsaan Loy / 賈韋德·阿赫塔爾,,,"MOURYA RE Shankar Mahadevan , Shankar Ehsaan Loy & 賈韋德·阿赫塔爾"
2026-09-26,in,India,top_songs_weekly,,32,https://yt3.googleusercontent.com/zi2CpzL8jnlXcH7_8rBgQoYF3ljOLtydjCtssSVL0q0YYAPrfh-tScUIBnM59m4Uu3oyxbBN3ri6HfZZ=w180-h180-l90-rj,,Do Numbari (From “Mirzapur The Movie”),Dhanda Nyoliwala,,,Do Numbari (From “Mirzapur The Movie”) Dhanda Nyoliwala
2026-09-26,in,India,top_songs_weekly,,33,https://yt3.googleusercontent.com/ZJVrXso4bM3pdVhI782w_ZWjI-GGSvAfizmg-smr64xWW9M4fuiQifL1UWvD9eGf_dtCrXVJXQL4Qhij=w180-h180-l90-rj,,Mutta Kalakki,G.V. Prakash Kumar / Ken Karunaas,,,Mutta Kalakki G.V. Prakash Kumar & Ken Karunaas
2026-09-26,in,India,top_songs_weekly,,34,https://yt3.googleusercontent.com/YTlIAf6f43luMspNmyCuNpu2Lfae-6JBH_1O12HfJAJhhZotSr1igU__0B34rUqptu99U3KEpKA5i14=w180-h180-l90-rj,,Kabze,Bintu Pabra / Shiva Choudhary / Sihag Muzik,,,"Kabze Bintu Pabra , Shiva Choudhary & Sihag Muzik"
2026-09-26,in,India,top_songs_weekly,,35,https://yt3.googleusercontent.com/h86CrhB0x2rZNf6CfRh0Kq4xXuasxQQkIGPJbCfmoEuIygvgas8Q07CL3moyU8xI9Z9Sndy-MnNG7sc=w180-h180-l90-rj,,Mithe Tere Bol Pari,Masoom Sharma / Pranjal Dahiya / Aman Jaji,,,"Mithe Tere Bol Pari Masoom Sharma , Pranjal Dahiya & Aman Jaji"
2026-09-26,in,India,top_songs_weekly,,36,https://yt3.googleusercontent.com/9ejQki8p5r46B0jGiMa7talsLlmp-W0oAM6Vu8CoSQjcCxcj39RceRHfS-E86H-czomzbv429pxHrCxB=w180-h180-l90-rj,,Karuppa Kooda Va,Sai Abhyankkar / V.M. Mahalingam,,,Karuppa Kooda Va Sai Abhyankkar & V.M. Mahalingam
2026-09-26,in,India,top_songs_weekly,,37,https://yt3.googleusercontent.com/qqNJRJKU_nyD0g-Xmj-J50UE_8HEIGl-rczd0EKQLYnSd4HeySfoZqfBOxB4p_SKW-1ioC6V9_mjPbO4=w180-h180-l90-rj,,पलंग सागवान के,Khesari Lal Yadav / Indu Sonali,,,पलंग सागवान के Khesari Lal Yadav & Indu Sonali
2026-09-26,in,India,top_songs_weekly,,38,https://yt3.googleusercontent.com/XvvdvvJF54vqL_1FSspuGguIKMMz5OhyhXMRls0jrBra5OcVujKFCHdI-hKxtnwbO-v-lDKdPmSUD_h33w=w180-h180-l90-rj,,Sitaare,Arijit Singh / Shruti Dhasmana,,,Sitaare Arijit Singh & Shruti Dhasmana
2026-09-26,in,India,top_songs_weekly,,39,https://yt3.googleusercontent.com/_3Xhg_Tpnh4MSm2Xtp1RzNdNKk0rfpZCfoyJtuBm6R5J4ql93Dn5jInzmUJKH03nmpEQ4ehSBd5l71ly=w180-h180-l90-rj,,Banjaara,Mohammed Irfan / Mithoon,,,Banjaara Mohammed Irfan & Mithoon
2026-09-26,in,India,top_songs_weekly,,40,https://yt3.googleusercontent.com/Arv93jzh4R-cY1yEusDzcPCZzUuSIpHiyggsYeR38hdWXtkKvx9TIyvR3R6G9YYry7kVe349VDwvVcLB=w180-h180-l90-rj,,Maine Tere Hi Bharose,Suneel Lodhi,,,Maine Tere Hi Bharose Suneel Lodhi
2026-09-26,in,India,top_songs_weekly,,41,https://yt3.googleusercontent.com/4JskAQe7v1sy1L9lm8MLtKgQanhm4Y87hPhl32Ayxr0by8L2uYf6mc5XIQ2wgGpTSCBrYJrOXX19I21p=w180-h180-l90-rj,,Zaalima,Arijit Singh / Harshdeep Kaur,,,Zaalima Arijit Singh & Harshdeep Kaur
2026-09-26,in,India,top_songs_weekly,,42,https://i.ytimg.com/vi/Owv1GBWXkwY/default.jpg,https://www.youtube.com/watch?v=Owv1GBWXkwY,Kaho Na Kaho,Amir Jamal,,,Kaho Na Kaho Amir Jamal
2026-09-26,in,India,top_songs_weekly,,43,https://yt3.googleusercontent.com/BzOBERVwxHIkVDpePVN8mnT0MID3cySSHcZvY84FHusBL78dxkdpWBBk8o4O5e8BaenNlHKlI9fWb_Rccw=w180-h180-l90-rj,,Boyfriend,Karan Aujla / Ikky,,,Boyfriend Karan Aujla & Ikky
2026-09-26,in,India,top_songs_weekly,,44,https://yt3.googleusercontent.com/kIG_Ks5fsPd9dHNttIv9_v-LG4y_3T-C97N-LQbahylnlmxJuXbYJkE57-XHnqLgFRAAT6gvlbMOJ6Y8=w180-h180-l90-rj,,Aarzu,Noor / Khan / Madhurxo,,,"Aarzu Noor , Khan & Madhurxo"
2026-09-26,in,India,top_songs_weekly,,45,https://yt3.googleusercontent.com/q_isX8JYOUUcbvTJ6sxqVv2Jf_kofzX-ubpKCMlJdEg3LPnzeleGv3mS9BVzqfmcEOfyToAMfYs2PCcY4Q=w180-h180-l90-rj,,Thodi Der,Farhan Saeed / Shreya Ghoshal,,,Thodi Der Farhan Saeed & Shreya Ghoshal
2026-09-26,in,India,top_songs_weekly,,46,https://i.ytimg.com/vi/4n4jH9ZuJ-Q/default.jpg,https://www.youtube.com/watch?v=4n4jH9ZuJ-Q,तोरा लेखा बदमाश के मुआ दी खेसरिया धांस के,Tuntun Yadav,,,तोरा लेखा बदमाश के मुआ दी खेसरिया धांस के Tuntun Yadav
2026-09-26,in,India,top_songs_weekly,,47,https://yt3.googleusercontent.com/5DmEPue4sQkCQ597TgmK5t6xsfuL7-3dV3qFHHYOmjkNMDdj5koDk4YwBC-9Jhez-s6e5kNgZaQuOTU=w180-h180-l90-rj,,Ishq Sufiyana,Kamal Khan / Vishal-Shekhar,,,Ishq Sufiyana Kamal Khan & Vishal-Shekhar
2026-09-26,in,India,top_songs_weekly,,48,https://yt3.googleusercontent.com/FxtWC1ssBcFqA4X7S1uvRSoYJ2Nahv7L6_WV6w5CouTJko7_en7eFvOCh_hc-6UpYx5_kgO5hIG1ODI=w180-h180-l90-rj,,Bairi,Virat Jayal / Pradeep Solanki / Heena,,,"Bairi Virat Jayal , Pradeep Solanki & Heena"
2026-09-26,in,India,top_songs_weekly,,49,https://yt3.googleusercontent.com/XOlD5i0QhYzqekrdeFv9xbbwe-Le903TNQa3O1oat2gq7Vkrfx-oBS2Co7Sd3JedNzb9tcd6YgPwkJOo2A=w180-h180-l90-rj,,Thalapathy Kacheri,Anirudh Ravichander / Vijay / Arivu,,,"Thalapathy Kacheri Anirudh Ravichander , Vijay & Arivu"
2026-09-26,in,India,top_songs_weekly,,50,https://yt3.googleusercontent.com/NnmFTm_76YyUwVidT2WbyooIslLM5LwKBUnoROz_M6E-s5cuounVKOpiAseEm1wKOyOTuk9Zztd1bQx0=w180-h180-l90-rj,,80 Lakh,D Naveen / Shiva Choudhary / Sweta Chauhan,,,"80 Lakh D Naveen , Shiva Choudhary & Sweta Chauhan"
2026-09-26,in,India,top_songs_weekly,,51,https://yt3.googleusercontent.com/fUF_GUHC_W-GqgAKtqVOiSQV7PbGYhI4M27jSrtgqp6FZYfkoSh4ZSCcwbFH-hXcnf-xjNrZCQOG6g_m=w180-h180-l90-rj,,Afghan Jalebi (Ya Baba),Asrar Shah,,,Afghan Jalebi (Ya Baba) Asrar Shah
2026-09-26,in,India,top_songs_weekly,,52,https://yt3.googleusercontent.com/x9UFZdsUFYcbmhk9BM4bMn5SYcWpKzrHNJAB-_cTEXrG2lZPBXV7GJEbWuERexVQ14nE14ws2ZN1M8U=w180-h180-l90-rj,,Jeene Laga Hoon,Atif Aslam / Shreya Ghoshal,,,Jeene Laga Hoon Atif Aslam & Shreya Ghoshal
2026-09-26,in,India,top_songs_weekly,,53,https://yt3.googleusercontent.com/t3GXDvOjTppLsJ4pbHUIi-VhALz6I4tvMg7S0ipo1Lu1Wvf1PK79jLc3cbyGYaBgybU5v2VTPZM7TPWT=w180-h180-l90-rj,,Asalayavale,傑克斯·貝喬 / Sid Sriram / Mohammed Maqbool Mansoor / Muthu,,,"Asalayavale 傑克斯·貝喬 , Sid Sriram , Mohammed Maqbool Mansoor & Muthu"
2026-09-26,in,India,top_songs_weekly,,54,https://yt3.googleusercontent.com/U0PU5tJG4US48oGseQmuHfRxvQzVrUTLLd4PL7NhzH8ZbMcUI-sHRiabW1mpnGNaJZ_xxz1b-_cjsEc=w180-h180-l90-rj,,Mujhse Mohabbat Ka,Kumar Sanu / Alka Yagnik,,,Mujhse Mohabbat Ka Kumar Sanu & Alka Yagnik
2026-09-26,in,India,top_songs_weekly,,55,https://yt3.googleusercontent.com/0ifsHj6e3RLiNbXb95WJ1DqwA62h181vbvYGusB-O-S6aUQcDqu2HTtZ_7E49QiIOfbjssJVUpY50nk=w180-h180-l90-rj,,Udi Udi,Aneesh / SARKAR / Hruday,,,"Udi Udi Aneesh , SARKAR & Hruday"
2026-09-26,in,India,top_songs_weekly,,56,https://yt3.googleusercontent.com/rirlc3hmOGpqi6HQlA7bYrQ_eUs93RNkY5hvOjvVM0TXQdrwNc9_z2BCml7ORw7UaB2Svh05-Y5Xv8ay_A=w180-h180-l90-rj,,Vaaroon (feat. Romy & Ginny Diwan),阿南德·巴斯卡爾,,,Vaaroon (feat. Romy & Ginny Diwan) 阿南德·巴斯卡爾
2026-09-26,in,India,top_songs_weekly,,57,https://yt3.googleusercontent.com/OQMwA4BC4ds_3UlxtnckZ9ckVEO1B-8NGaYYzrU6inSoT8Df5uSh4F0Ld64w1zJTYH0WH32QEEm63DM=w180-h180-l90-rj,,Kamar DJ Pe,Manish Sonipat Aala / Bali Sharma / Vampire,,,"Kamar DJ Pe Manish Sonipat Aala , Bali Sharma & Vampire"
2026-09-26,in,India,top_songs_weekly,,58,https://yt3.googleusercontent.com/huOFstJfNHqktRib4PwvDOrHNN2EL-2_d8aiASQY63QvpL5x9xKVDBsj94MnAnYnYGADYMNMqg9gEQ48=w180-h180-l90-rj,,Andaaz e Karam,Madhur Sharma / Moin / ER / Swarit Shukle / Mehak V / Vishal Jagtap / Udit Patil / Pradeep Dhakad,,,"Andaaz e Karam Madhur Sharma , Moin , ER , Swarit Shukle , Mehak V , Vishal Jagtap , Udit Patil & Pradeep Dhakad"
2026-09-26,in,India,top_songs_weekly,,59,https://yt3.googleusercontent.com/1gYyxGSjJ4Rkbu21xa9hDKkWTkjl6eeQtVigbNkNC9fEGhWxkHqCetDdGD5Kf-o71JB0vfKgJO_L7as=w180-h180-l90-rj,,Saanson Ko,Shaarib Toshi / Arijit Singh,,,Saanson Ko Shaarib Toshi & Arijit Singh
2026-09-26,in,India,top_songs_weekly,,60,https://yt3.googleusercontent.com/jvP1eun9fOtAnJLYFMj5r2QflaLM9N1ZyKG4sUGazAQyTwSl7akf59hrPwXTSinhCLvS9nxymmBNNqg=w180-h180-l90-rj,,Bum Baa Diga Diga,Anirudh Ravichander / Vedan / Heisenberg,,,"Bum Baa Diga Diga Anirudh Ravichander , Vedan & Heisenberg"
2026-09-26,in,India,top_songs_weekly,,61,https://yt3.googleusercontent.com/jqVnP-zVCSNA-o0Qh7_Xqm8naFzTkwu69XBxwR-21EGOdD6NFO5a66HokYXpJuZtFgcxpZUUC6ILfA0Rug=w180-h180-l90-rj,,Maruti,Dhanda Nyoliwala / Ron Likhari / Miki Malang,,,"Maruti Dhanda Nyoliwala , Ron Likhari & Miki Malang"
2026-09-26,in,India,top_songs_weekly,,62,https://yt3.googleusercontent.com/ObRsqFph8YRJgAiFt6Myb7W_QZZViEd5S_OE1H7EUGHhIjBkHqbqE83FKI8wehrxzqeteziHCqCOkfqH=w180-h180-l90-rj,,ISHQ MUBARAK,Arijit Singh / Ankit Tiwari,,,ISHQ MUBARAK Arijit Singh & Ankit Tiwari
2026-09-26,in,India,top_songs_weekly,,63,https://yt3.googleusercontent.com/27A9Y4pDF6Ved6n-NpiXViWJxpM99ZdzOa6R4u-4XTIj08WjP8YVcRjTQ05LthWFkqOyW3gKKNjF2hb0aQ=w180-h180-l90-rj,,YEDA YUNG,YUNG DSA / Year Down,,,YEDA YUNG YUNG DSA & Year Down
2026-09-26,in,India,top_songs_weekly,,64,https://yt3.googleusercontent.com/upmvJG0pEwTDgchGiPgUlLoC4YeC1YLG3DH3NHvUMqFw6OSworHi4Ea02wHR9IGP_gesSLBWfIm2pVE=w180-h180-l90-rj,,Tera Mera Rishta Purana,Pritam / Mustafa Zahid / Sayeed Quadri,,,"Tera Mera Rishta Purana Pritam , Mustafa Zahid & Sayeed Quadri"
2026-09-26,in,India,top_songs_weekly,,65,https://yt3.googleusercontent.com/r4_aQ4zu8tnAdVOXMeFUXUjtt67gsof5ilFGquRRB6ZnhzUHX9jo6QSn1q3v-Xaoh_Mr-cqGO42pSXFc=w180-h180-l90-rj,,अफीम,Khesari Lal Yadav / Shilpi Raj / Vicky Vox / Krishna Bedardi,,,"अफीम Khesari Lal Yadav , Shilpi Raj , Vicky Vox & Krishna Bedardi"
2026-09-26,in,India,top_songs_weekly,,66,https://yt3.googleusercontent.com/xd4g3VgUwJxnxJ6Ck2hBrgU1WHXaAa8iJ_HRWeujas1kq4veCvndmsuWev2RpbnV8IXtvGYDhIPiDnw=w180-h180-l90-rj,,O Sanam,Akhil Sachdeva,,,O Sanam Akhil Sachdeva
2026-09-26,in,India,top_songs_weekly,,67,https://yt3.googleusercontent.com/xvZmFbFxEYsP8AftsJMnoCjIoDYqypB6w4LjNqVbMp6VvFI8ESzXP2QD9ss65s4dlXkVUGsriV-NZGrV=w180-h180-l90-rj,,No Snitching,Vin WRLD / Harshit Rao,,,No Snitching Vin WRLD & Harshit Rao
2026-09-26,in,India,top_songs_weekly,,68,https://yt3.googleusercontent.com/klHyWoNuDYa65qFIoc0ID6f6Lj8oxxcCQI4983gP2RdxtXlV-BYvyILQBOtzk1cTUhOt5sWU7q_zQgA=w180-h180-l90-rj,,आएगा मज़्ज़ा बरसात का,Alka Yagnik / Babul Supriyo,,,आएगा मज़्ज़ा बरसात का Alka Yagnik & Babul Supriyo
2026-09-26,in,India,top_songs_weekly,,69,https://yt3.googleusercontent.com/rEizufPCr4GlJKva3LhBUA-gXDTeG0JwIlOKZhEO4PL9MQ1foAhOPRH-hyC9AkXxHLK4OkfoXYtKTrZEjQ=w180-h180-l90-rj,,Saat Samunder,Sadhana Sargam,,,Saat Samunder Sadhana Sargam
2026-09-26,in,India,top_songs_weekly,,70,https://yt3.googleusercontent.com/Arv93jzh4R-cY1yEusDzcPCZzUuSIpHiyggsYeR38hdWXtkKvx9TIyvR3R6G9YYry7kVe349VDwvVcLB=w180-h180-l90-rj,,Aavagaman,Sadhu Tiwari,,,Aavagaman Sadhu Tiwari
2026-09-26,in,India,top_songs_weekly,,71,https://yt3.googleusercontent.com/OfrM446a-sYLkQ6ITT-5SZhFZ26bk6dZFyMH2wuZ-eJ3e8e0cQGalqOduiDhfay0mC9wvZBdP363ZVQ=w180-h180-l90-rj,,Nachiab Hathiyar Se,Shubham Raj (SBR) / Anjali Raj / Prince Shaan Dubey,,,"Nachiab Hathiyar Se Shubham Raj (SBR) , Anjali Raj & Prince Shaan Dubey"
2026-09-26,in,India,top_songs_weekly,,72,https://yt3.googleusercontent.com/whlIw9-DTRE2_pUZm7v6Hmbyr0AQxZrHEL2DeNKnsCOFtUfRhY2QO0OCrCmcQEiqMvqC4Tu0ERjsYyKoJA=w180-h180-l90-rj,,Karthika Maasam,G.V. Prakash Kumar / Shiva Nirvana,,,Karthika Maasam G.V. Prakash Kumar & Shiva Nirvana
2026-09-26,in,India,top_songs_weekly,,73,https://yt3.googleusercontent.com/NGg2hPUJ4gIzz7ulQgXo6c-8Yr4ffPkG1yi4U9SEoGmKARAKBvaO5ni_ssyOLdXiXd9e3wArKs_KIWFu=w180-h180-l90-rj,,कवन रोकी रंगदारी,Khesari Lal Yadav / Srishti Bharti,,,कवन रोकी रंगदारी Khesari Lal Yadav & Srishti Bharti
2026-09-26,in,India,top_songs_weekly,,74,https://yt3.googleusercontent.com/9rBYUi_3Z2-RRyk1Sdg3C3GlfCjv41Qz4gGNlrj7YVlx5K9yvtrfldRCIZ8A7tPKcrJ9JOlC81XJYDI=w180-h180-l90-rj,,Lahanga Se Mahanga (feat. Niharica Raizada),Pawan Singh / Shivani Singh,,,Lahanga Se Mahanga (feat. Niharica Raizada) Pawan Singh & Shivani Singh
2026-09-26,in,India,top_songs_weekly,,75,https://i.ytimg.com/vi/e5LShHAE03A/default.jpg,https://www.youtube.com/watch?v=e5LShHAE03A,Aadat,JAL / Mithoon / Atif Aslam,,,"Aadat JAL , Mithoon & Atif Aslam"
2026-09-26,in,India,top_songs_weekly,,76,https://yt3.googleusercontent.com/wT9OeYXVuf7P5mzjgOtZdAu9-872PnURnveIB6AiRoroHzlAFz2_6pMxk3XKgGuRWwCtJpn5Hkx0Ag=w180-h180-l90-rj,,Nallaru Po,Sai Abhyankkar / Tippu / Mohit Chauhan / Vivek,,,"Nallaru Po Sai Abhyankkar , Tippu , Mohit Chauhan & Vivek"
2026-09-26,in,India,top_songs_weekly,,77,https://yt3.googleusercontent.com/OBPltkE5tFOKdcz88V9FIa9ZGRnnmbuskOCJeZd7Krkpp2C9aNkhNFf2oE97lShU2ldOXoww8rLMtxE=w180-h180-l90-rj,,Chand Sifarish,Shaan / Kailash Kher,,,Chand Sifarish Shaan & Kailash Kher
2026-09-26,in,India,top_songs_weekly,,78,https://yt3.googleusercontent.com/I8wSf-hAmh05ntKS1um_LTujl0UhxeNeDiiVaWoHvf6P4JUlxx3X57Ol36hwMXwV5RonnY_gBF2mULtXZw=w180-h180-l90-rj,,धरS कमर राजा जी,Neelkamal Singh,,,धरS कमर राजा जी Neelkamal Singh
2026-09-26,in,India,top_songs_weekly,,79,https://yt3.googleusercontent.com/Sy5aHXoupg1z65TzI5zje6m4pu8DWnPG9ZdNUq3hh4IAA70_GXDzK_oZqoUuFnIQ_B_locnWIveIrN6f=w180-h180-l90-rj,,Katto Gilehri,Daler Mehndi / Mamta Sharma,,,Katto Gilehri Daler Mehndi & Mamta Sharma
2026-09-26,in,India,top_songs_weekly,,80,https://yt3.googleusercontent.com/rfk664Pl2AHH44a0Du2czXg-EhFwgKw_R3K-DEPmSz9zvM-rf4r5izHzB1cqqYuLuVUnszM464q0nml-=w180-h180-l90-rj,,Raga of Revenge,Anirudh Ravichander,,,Raga of Revenge Anirudh Ravichander
2026-09-26,in,India,top_songs_weekly,,81,https://yt3.googleusercontent.com/OEoDBJvEk6Dw17sK7Hw-cMjdBsiVlajLa4PImKhzfQd8hy95tMHX-fCHtdnr3hIcwUTF_7husclqkoFE=w180-h180-l90-rj,,Teri Meri Kahaani,Arijit Singh / Palak Muchhal,,,Teri Meri Kahaani Arijit Singh & Palak Muchhal
2026-09-26,in,India,top_songs_weekly,,82,https://yt3.googleusercontent.com/92DHrwaN6RViGY-i4rcOWObQ_QWiuOP1y3lZGk62oFw0tTDNjQhrBNmdkxzSuVIAKr2U2DF69l453mA=w180-h180-l90-rj,,Teri Jawani Badi Mast Mast Hai,Iqbal Afzal Sabri / 安諾帕馬·德什潘德 / 瓦吉德·阿里,,,"Teri Jawani Badi Mast Mast Hai Iqbal Afzal Sabri , 安諾帕馬·德什潘德 & 瓦吉德·阿里"
2026-09-26,in,India,top_songs_weekly,,83,https://yt3.googleusercontent.com/sNFZ3jrcijnEJfgqcTS3nmPQS1WGTlGHrDa_sm-GWMp3Nw3qv8hw6SCP3TQugtWiEBNohUGGVsOL09GdAA=w180-h180-l90-rj,,Hellallallo,A. R. Rahman,,,Hellallallo A. R. Rahman &
2026-09-26,in,India,top_songs_weekly,,84,https://yt3.googleusercontent.com/RcpHTlAc54oWwpzyX5hj2HsfyLathtw29429-0tqGke05lB5vy9pSXIpHtrH17C4rPse61U7sCwN99hxtw=w180-h180-l90-rj,,LAAVAN,Jasmine Sandlas / Mofusion,,,LAAVAN Jasmine Sandlas & Mofusion
2026-09-26,in,India,top_songs_weekly,,85,https://yt3.googleusercontent.com/Go2IT1ulrZ_MGrkM3YEQOTgABuj8UtOCJzUOJMYJ55KR4JIIEhAUgIXbV7vzVPf13hQnBsc69xaz07k=w180-h180-l90-rj,,Bheed Mein,Udit Narayan / Shreya Ghoshal,,,Bheed Mein Udit Narayan & Shreya Ghoshal
2026-09-26,in,India,top_songs_weekly,,86,https://yt3.googleusercontent.com/qoqJmeAuTGcWU9_ED1NJThXbVu4dSZ6hJnr1xjOwEjXAOrO7liLer-FIlJ8okX_-sPh6AhLq0jgv2uY=w180-h180-l90-rj,,Pal Pal Dil Ke Paas,Kishore Kumar,,,Pal Pal Dil Ke Paas Kishore Kumar
2026-09-26,in,India,top_songs_weekly,,87,https://yt3.googleusercontent.com/zlFyYzhZnDx8CAU-K3vGowr_BwMEcqWh-BziQlQhHDRvJVAVp1ZL0UWeHzJX6S7WA3umJepj-xPXIZ7b=w180-h180-l90-rj,,TATVDARSHI,Masoom Sharma / Harry Lather / Thinker,,,"TATVDARSHI Masoom Sharma , Harry Lather & Thinker"
2026-09-26,in,India,top_songs_weekly,,88,https://yt3.googleusercontent.com/bgPlH8hPBtkzoVa5VP8FeVIE4-qdf6lTHKbdFD4NGkSIB_2s40rewFHwbQtCuIRsjebb3f8FhFt9nS4A=w180-h180-l90-rj,,Russian Bandana,Dhanda Nyoliwala,,,Russian Bandana Dhanda Nyoliwala
2026-09-26,in,India,top_songs_weekly,,89,https://yt3.googleusercontent.com/u4bsTHOyJuaftpq69j-EH0ER9eZ4Inw0Qe9MX3SpgUn8mZH9s20TtMMWYBsq1NoWh9U98LrsTOpneKcY=w180-h180-l90-rj,,Filmy Babe,Masoom Sharma / Amar Karnawal / Pinna Music,,,"Filmy Babe Masoom Sharma , Amar Karnawal & Pinna Music"
2026-09-26,in,India,top_songs_weekly,,90,https://yt3.googleusercontent.com/oOrw5lKjIcQ-nxb70w4SuMYG-83mgeeVzVa6ofOhBrrTj9VRS_tWmVeo6w5zMdQCR0CsGo5v_UVXWP2Z=w180-h180-l90-rj,,Case Teri Rani Ladegi,Khesari Lal Yadav / Srishti Bharti,,,Case Teri Rani Ladegi Khesari Lal Yadav & Srishti Bharti
2026-09-26,in,India,top_songs_weekly,,91,https://yt3.googleusercontent.com/c73vJ_Q4pMMidGQKiYQLhukBYVHXMEFpbBB2sTwV5SURaKphBJmwEPHJwk9_5FCQVdSdWTsArhdfOzT8=w180-h180-l90-rj,,Narak,B Praak / Jaani / Jyotica Tangri,,,"Narak B Praak , Jaani & Jyotica Tangri"
2026-09-26,in,India,top_songs_weekly,,92,https://i.ytimg.com/vi/KlvCzs2yC5c/default.jpg,https://www.youtube.com/watch?v=KlvCzs2yC5c,Tame Mo Riban Fita,Aseema Panda / Baibhav Prusty / Rudra Prasad Nayak,,,"Tame Mo Riban Fita Aseema Panda , Baibhav Prusty & Rudra Prasad Nayak"
2026-09-26,in,India,top_songs_weekly,,93,https://yt3.googleusercontent.com/LZm153NU4rj6qeQXmh5fdMDmeuasdq1kQHD2xJdlqL6Wf3ZhA7-E3Pe7LCb-ldQRQosAuaJK5Rxu2JaV=w180-h180-l90-rj,,Aankhon Se Tune 2.0,Dev Negi / Palak Muchhal / Kumar Sanu / Alka Yagnik / Mohsin Shaikh,,,"Aankhon Se Tune 2.0 Dev Negi , Palak Muchhal , Kumar Sanu , Alka Yagnik & Mohsin Shaikh"
2026-09-26,in,India,top_songs_weekly,,94,https://yt3.googleusercontent.com/szYTSAp1EKmZlR4DDQ6ea5JUGuKOJSm21n3qJ9oiFjyM-4t2h_BPxItfk5oCuUVeSfMN_E8wqnLz45o=w180-h180-l90-rj,,Vardi Ke Power,Raushan Rohi / Srishti Bharti,,,Vardi Ke Power Raushan Rohi & Srishti Bharti
2026-09-26,in,India,top_songs_weekly,,95,https://yt3.googleusercontent.com/S92HrQXBAXZU1dEEC6qHNL7ht9YEJ0pBzg4Cd5exbm51xD_RueWChBSPXp6ViBln6oMOKkqFQZakktdG=w180-h180-l90-rj,,Sohnea (feat. Millind Gaba),Miss Pooja,,,Sohnea (feat. Millind Gaba) Miss Pooja
2026-09-26,in,India,top_songs_weekly,,96,https://yt3.googleusercontent.com/nvj-8rBQ-LamKR-aoe3fIe1paQqT944AwOMWFR8oVdX5NQr0neE3TttOK8GDRdhMztnq9mCVgygcRCxuPA=w180-h180-l90-rj,,PAGLE BANA DELU,Pramod Premi / Vicky Vox / Ravi Yadav,,,"PAGLE BANA DELU Pramod Premi , Vicky Vox & Ravi Yadav"
2026-09-26,in,India,top_songs_weekly,,97,https://yt3.googleusercontent.com/nXMmyKfafHkvOZiplk_i-H26WphIn5Dyv4dPEx0qicsthPTqoAHbzci0vd-Ersk6oklgBUUQ1W5fuuXFNg=w180-h180-l90-rj,,Mere Mehboob Qayamat Hogi,Kishore Kumar,,,Mere Mehboob Qayamat Hogi Kishore Kumar
2026-09-26,in,India,top_songs_weekly,,98,https://yt3.googleusercontent.com/AjORmLshzb0on4KoUI4D6UUwDrYDbZYv2nrlkR1ONMbsnz6k1qOYAKo9Kqw-WAocq4QVjzS3WoE3CRnOlw=w180-h180-l90-rj,,Kiya Kiya,Anand Raj Anand / Shweta Pandit,,,Kiya Kiya Anand Raj Anand & Shweta Pandit
2026-09-26,in,India,top_songs_weekly,,99,https://yt3.googleusercontent.com/k7EhssfWdyj13vBTA56N3bJo6sHFvg236UG7dz-qRIAyn5Whdns59cVIkzkBo8DgWT7Y31sJM7UmZU5aqA=w180-h180-l90-rj,,Jackpot,Cheema Y / Gur Sidhu,,,Jackpot Cheema Y & Gur Sidhu
2026-09-26,in,India,top_songs_weekly,,100,https://yt3.googleusercontent.com/znjHul4sI8-f4m_pKxsR_uFxTq1XMsienTLgjBQvrcPAne-5V5iXmP0ass4rTGgaOcniFFDpoP-Jr_zY=w180-h180-l90-rj,,Jhumka Jhulaniya,Kalpana,,,Jhumka Jhulaniya Kalpana
2026-09-26,sg,Singapore,top_songs_weekly,,1,https://yt3.googleusercontent.com/lph_AYE9fU1VteHx7zG6DGesN-NvVDTs79j1q4DCHZS980-UryiOlKlLgtDkIBr2niDVO0WZdTg2fnA=w180-h180-l90-rj,,SaWaDiKa,LISA,"8月 27, 2026",199867,"1 ● SaWaDiKa LISA 8月 27, 2026 1 2 199,867"
2026-09-26,sg,Singapore,top_songs_weekly,,2,https://yt3.googleusercontent.com/pPXFB33cg6OkSoAG9Xbvp3cGnkXnTGWSYkUypg0vHL8IuRvIYBTYnjvhweDfjbCRf4FHXCksK2ukjio=w180-h180-l90-rj,,海嶼你,馬也Crabbit / Cole先生,,,海屿你 马也Crabbit & Cole先生
2026-09-26,sg,Singapore,top_songs_weekly,,3,https://yt3.googleusercontent.com/5d51ZlGjNP_Gss3Z3RKP7B98ASQ7pxvp4XI3IAQ3kniFFjgLPDPnR6_K3tYZGoMVvfJYXBtu3awwsTI=w180-h180-l90-rj,,Training Season,Dua Lipa,,,Training Season Dua Lipa
2026-09-26,sg,Singapore,top_songs_weekly,,4,https://yt3.googleusercontent.com/dfTaw-LhxWVGPdbKfML-ybvDnOySHxxbyyK_yJDSxnP1GDgcaW0obc5ZeeS6cTpJ-lu-CyiyA_VyGZr2=w180-h180-l90-rj,,Dear my crazy soulmate,IU,,,Dear my crazy soulmate IU
2026-09-26,sg,Singapore,top_songs_weekly,,5,https://yt3.googleusercontent.com/OlsyF8L82chwdoVqON-g5H3BsEEgA0zSIYU_6SIZgMtLe0QzZPxzno91C6zJktuon6rjAv_UbmggkO_vyQ=w180-h180-l90-rj,,BAD,ATEEZ,"5月 22, 2026",107250,"5 ● BAD ATEEZ 5月 22, 2026 5 12 107,250"
2026-09-26,sg,Singapore,top_songs_weekly,,6,https://yt3.googleusercontent.com/PsYJbvAdtQkONz0UrG64NGMbfBu0Q7H9voCBr3XPGMXbIeKwQ6RkZBPWWdrWF4ZAqsgYXrjBhPwR97FF=w180-h180-l90-rj,,Made My Night,LE SSERAFIM,,,Made My Night LE SSERAFIM
2026-09-26,sg,Singapore,top_songs_weekly,,7,https://yt3.googleusercontent.com/naKgO_9vvIczuf7Vq1llQyRAQOOW898kBZN3pio-Bkbfcmdu3Gv14_ivEBZiHAow8VbPEq1bhO0j2DU=w180-h180-l90-rj,,KALYANI (Remix),ARJN / KDS / FIFTY4 / Shreya Ghoshal,,,"KALYANI (Remix) ARJN , KDS , FIFTY4 & Shreya Ghoshal"
2026-09-26,sg,Singapore,top_songs_weekly,,8,https://yt3.googleusercontent.com/moXpr_lvHpb9m70jTjr-0GE63_VyHivgmyH7UPBJmgwWPHwwmvhxDPPZtdAhCFo7CdzmzIGwBE3cn4VuCQ=w180-h180-l90-rj,,Dai Dai,Shakira / Burna Boy,,,Dai Dai Shakira & Burna Boy
2026-09-26,sg,Singapore,top_songs_weekly,,9,https://yt3.googleusercontent.com/awoyk8Z8XNivU4sRBupBx_pdbnk7yVJz3w4qvxzcrm-Ud9Ma6B-v9BVLOx1JLTJr5n-g51chJRdHEqSgSg=w180-h180-l90-rj,,甲乙丙丁Strangers,Li Jiawei,,,甲乙丙丁Strangers Li Jiawei
2026-09-26,sg,Singapore,top_songs_weekly,,10,https://yt3.googleusercontent.com/jV8jkowKVTROFvGdWg4g5iXbZ7YmKcXM71yLW3V3MEczUZ7JxLKFPBRpi5goA6kh9oGeIHsh8T1Wltc=w180-h180-l90-rj,,ဤသို့ပြုရ,Theinkpan Htun,,,ဤသို့ပြုရ Theinkpan Htun
2026-09-26,sg,Singapore,top_songs_weekly,,11,https://yt3.googleusercontent.com/LM6RBLp2-wM0ZMMyBwGu1HwXiPj3OuH87g-Ksmw_avEfoG3-sEn9oYUVfn89MDuQ7vROhAXBkFiBla4A=w180-h180-l90-rj,,Animal,KATSEYE,"7月 24, 2026",66252,"11 4 Animal KATSEYE 7月 24, 2026 7 8 66,252"
2026-09-26,sg,Singapore,top_songs_weekly,,12,https://yt3.googleusercontent.com/0zd99oykz1u3Jq2OfHFuvRt6uYBvICuVd4FoiUevpmwklCtpRe9Aid5FaO0Qozq3polze6BXVY16n_02eQ=w180-h180-l90-rj,,她 (《早春晴朗》電視劇欒念人物曲&片頭曲),劉宇寧,,,她 (《早春晴朗》电视剧栾念人物曲&片头曲) 刘宇宁
2026-09-26,sg,Singapore,top_songs_weekly,,13,https://yt3.googleusercontent.com/LM6RBLp2-wM0ZMMyBwGu1HwXiPj3OuH87g-Ksmw_avEfoG3-sEn9oYUVfn89MDuQ7vROhAXBkFiBla4A=w180-h180-l90-rj,,Hootie Frutti,KATSEYE,,,Hootie Frutti KATSEYE
2026-09-26,sg,Singapore,top_songs_weekly,,14,https://yt3.googleusercontent.com/YpHZO1DBcGPbgywaeckHbkkiI-b4OetQDJnQtCM--usqBrKljB-9uXax23i3hHI-PiTlyyHLBdYScSeGRQ=w180-h180-l90-rj,,Radhimaa,Sai Abhyankkar / Nargis Teji / Asma Teji / Vivek / Sai Smriti,,,"Radhimaa Sai Abhyankkar , Nargis Teji , Asma Teji , Vivek & Sai Smriti"
2026-09-26,sg,Singapore,top_songs_weekly,,15,https://yt3.googleusercontent.com/u_BV6asN_Hpd5vvtObpp9P_nMF7iJkjpi_LWSF2NUpreyLvh_brmstqv5sWggDbOP1V4ZlEfhTVl1B7z=w180-h180-l90-rj,,BiiiG,BIGBANG,"8月 19, 2026",59960,"15 2 BiiiG BIGBANG 8月 19, 2026 17 5 59,960"
2026-09-26,sg,Singapore,top_songs_weekly,,16,https://yt3.googleusercontent.com/wXkXjlcs3VQ09JqQaLbmd-XAwvoZ0Kxsy5h3jbA2hGyAaw_XMWMzVxze2CWrYFfQRAwnktCoev7-uJaz=w180-h180-l90-rj,,The One That Got Away,Katy Perry,,,The One That Got Away Katy Perry
2026-09-26,sg,Singapore,top_songs_weekly,,17,https://yt3.googleusercontent.com/6LDZTIjk3nbSSsG8J0M2_ME4KWzt4MTZ7oqrZlWg-uZ1gRWnBKt9ySPibZ5l7GJ_-j6gB6hv-qLNaPE=w180-h180-l90-rj,,hate that i made you love me,Ariana Grande,,,hate that i made you love me Ariana Grande
2026-09-26,sg,Singapore,top_songs_weekly,,18,https://yt3.googleusercontent.com/2-hieEVD7f79K918InakgMwDVR7M3RFPpa9BFsdJi7axTA8rrfF2psRUnBk9b8QXmiuswUxif82gxxI=w180-h180-l90-rj,,CLICK,JISOO,"9月 4, 2026",46287,"18 16 CLICK JISOO 9月 4, 2026 2 2 46,287"
2026-09-26,sg,Singapore,top_songs_weekly,,19,https://yt3.googleusercontent.com/fSZeOU1r1CCaRPaXHA-oLYcZbJ59nenUQs5NJJp_hWpSkOMgOqpr-zOHqpFBFBJrXz_lAn8Nr5A1r2K1mw=w180-h180-l90-rj,,Good Goodbye,HWASA,,,Good Goodbye HWASA
2026-09-26,sg,Singapore,top_songs_weekly,,20,https://yt3.googleusercontent.com/mHa1sg5pmlgudnTZ_XOcJ-0VAKuFDodEstxurIF2C6RttpfyyeaqC75FmPQjlc2BQQ5JfvGaFuU69dhs=w180-h180-l90-rj,,Ain't In LA,ADÉLA,,,Ain't In LA ADÉLA
2026-09-26,sg,Singapore,top_songs_weekly,,21,https://yt3.googleusercontent.com/pWQjy5MPyAKZOCKVK4Lwl652zGhrGi6KQKxIgp6D1b8jv29nCDzvf-VSSv0r4Ht5DGGwCC2LGe4uyzU=w180-h180-l90-rj,,STORM,GENER8ION / Yung Lean,,,STORM GENER8ION & Yung Lean
2026-09-26,sg,Singapore,top_songs_weekly,,22,https://yt3.googleusercontent.com/JXVAUSzi2vxkPX8p6DlfrOf9vgOP2pqW_M6rXKT6LT5dR8cUwsquw84see1tJdMEh2JBb4zcG1kxpRKf=w180-h180-l90-rj,,Pavazha Malli (Unplugged),Sai Abhyankkar / Shruthi Hassan / Vivek,,,"Pavazha Malli (Unplugged) Sai Abhyankkar , Shruthi Hassan & Vivek"
2026-09-26,sg,Singapore,top_songs_weekly,,23,https://yt3.googleusercontent.com/g7PNXxOeBil__8Mh6tsgR0KdtqLjUdWMJu8qv5LhbDQmjQZtLgtIDyzr0D10mQ1XvIKZo-fV3N-MCa8O=w180-h180-l90-rj,,西西里,周杰倫,"3月 24, 2026",42385,"23 New 西西里 周杰倫 3月 24, 2026 - 1 42,385"
2026-09-26,sg,Singapore,top_songs_weekly,,24,https://yt3.googleusercontent.com/ZpWD37EEQE_LVuQ_O03cRmz5mZA7jG0gKGLt-49uHNDX6DycysijGGSOX9woU-OfQR5jyahz3aEdmBmm3A=w180-h180-l90-rj,,The Fate of Ophelia,Taylor Swift,,,The Fate of Ophelia Taylor Swift
2026-09-26,sg,Singapore,top_songs_weekly,,25,https://yt3.googleusercontent.com/fQQQd_5ekiUbYRth6Yf7ZmkgS7Mf-VmxRCyqPpef-KgJVqISZqDKpjjU3zvfDVh9qr03MxPChTiYHyg=w180-h180-l90-rj,,Neno Butterfly,G.V. Prakash Kumar / Sublahshini,,,Neno Butterfly G.V. Prakash Kumar & Sublahshini
2026-09-26,sg,Singapore,top_songs_weekly,,26,https://yt3.googleusercontent.com/_1ejRnxNSULMWdqN8F-gEGUVfw5kZKrwKy5xNPnSxU6Xen61q09zCR1aQn4s4L9rDOi-fGnTh3qI-LwE=w180-h180-l90-rj,,Risk It All,Bruno Mars,,,Risk It All Bruno Mars
2026-09-26,sg,Singapore,top_songs_weekly,,27,https://yt3.googleusercontent.com/3RNsv7dNTYSBpuSWmpWM6PiYgQAaCXKvi8ION2AH2OaQHc-vW5-rJW4PqztU9XGaX-5z3sMc5RMTMc8n=w180-h180-l90-rj,,It's Me,ILLIT,"4月 23, 2026",40478,"27 5 It's Me ILLIT 4月 23, 2026 22 20 40,478"
2026-09-26,sg,Singapore,top_songs_weekly,,28,https://yt3.googleusercontent.com/qHqGMmCC4LahCshElRTm8kuJQu4IyDClDx__HiqqydFVMUi2JOfEyZpqootNb1WswJwapw8c8SCmOMuMiQ=w180-h180-l90-rj,,Loser,Tame Impala,,,Loser Tame Impala
2026-09-26,sg,Singapore,top_songs_weekly,,29,https://yt3.googleusercontent.com/IX-QEr9pFD41clJP-q_Yg462m02Ni_6PjBQ9TpaGtzb4sT0eH1ZC6dy_ZxcqVIEZF9ipY9FgIirPJPh6=w180-h180-l90-rj,,ICONIC BY MISTAKE,LE SSERAFIM / ILLIT / KATSEYE,,,"ICONIC BY MISTAKE LE SSERAFIM , ILLIT & KATSEYE"
2026-09-26,sg,Singapore,top_songs_weekly,,30,https://yt3.googleusercontent.com/qnfaDMwf8RDrJ3DRUeOkZ4HagLVmN_Kh8hunfDTvzIiGNjJAMrWQic6h1OWB_6KpJZapoXQXckHcIp7W=w180-h180-l90-rj,,Bloody Paradise,ENHYPEN,,,Bloody Paradise ENHYPEN
2026-09-26,sg,Singapore,top_songs_weekly,,31,https://yt3.googleusercontent.com/xrGDyYO3umAVFdsdyIM2G451xiAxCD6haJkCQel6TQlqE-XsEUCGsj_Q5Er4YjFpjWqv-_Ze-VaPPL0j=w180-h180-l90-rj,,Teh Hijau,圖魯斯,"6月 29, 2026",38350,"31 2 Teh Hijau 圖魯斯 6月 29, 2026 33 10 38,350"
2026-09-26,sg,Singapore,top_songs_weekly,,32,https://yt3.googleusercontent.com/_O6d8FGvKxgx0R5TJ2C4RH1ptUN_01emKZmnHxqYrGCrGj90914jAFUmBAyyeHIipQmkG4qJKTvhlJI=w180-h180-l90-rj,,我不該動情,RG-老帥,"6月 30, 2026",38334,"32 2 我不该动情 RG-老帅 6月 30, 2026 30 10 38,334"
2026-09-26,sg,Singapore,top_songs_weekly,,33,https://yt3.googleusercontent.com/x33XHcC2BmdM9OVeS6p5_2euffqGDPvXck_aXVJ2JVVgSGNfo8CGAZRow41XMKuqO9PKQd7k_IME0EtP=w180-h180-l90-rj,,Kalyana Virundhu,Ilaiyaraaja / Yugendran Vasudevan / 安東尼·達桑 / Priya Jerson,,,"Kalyana Virundhu Ilaiyaraaja , Yugendran Vasudevan , 安東尼·達桑 & Priya Jerson"
2026-09-26,sg,Singapore,top_songs_weekly,,34,https://yt3.googleusercontent.com/jXXzY2fTfxgr0_wR_I_V8W3Ai0L3ece217Biqm0tY36I9VAoce09xXmjgt8mXggTVgGGBHdJ3eAyICY=w180-h180-l90-rj,,Beauty And A Beat (feat. Nicki Minaj),Justin Bieber,,,Beauty And A Beat (feat. Nicki Minaj) Justin Bieber
2026-09-26,sg,Singapore,top_songs_weekly,,35,https://yt3.googleusercontent.com/k9Zz4qtPSf-PysF9yIdUbgCvXEGPMX4O860UooxFo7ZViPhg0SIqrEBIrzLyTg4XbqNfuOwBBlQYuf5zBA=w180-h180-l90-rj,,甲乙丙丁 (你我怎麼兩清) (Live),張碧晨 / 侯明昊,,,甲乙丙丁 (你我怎么两清) (Live) 張碧晨 & 侯明昊
2026-09-26,sg,Singapore,top_songs_weekly,,36,https://yt3.googleusercontent.com/F_zOOpQrlMOrIT50KDXGX54temlvXtXhWM-9e6TBAxCSP-F_Tt8bxONr5jBN7UwvoCwUifR0xph_QQeX=w180-h180-l90-rj,,Alaakaa Loova,Sai Abhyankkar / Rokesh,,,Alaakaa Loova Sai Abhyankkar & Rokesh
2026-09-26,sg,Singapore,top_songs_weekly,,37,https://yt3.googleusercontent.com/wO-brpVQUt_3eKSI86ufqbSTPY-kQHZ9TSgwToJ8S7-pwDLgVMx7DV3MWnGocLkqwyg5eb6WGHSxCgTHaw=w180-h180-l90-rj,,SUN KISS,TUIDE (튜이드),,,SUN KISS TUIDE (튜이드)
2026-09-26,sg,Singapore,top_songs_weekly,,38,https://yt3.googleusercontent.com/-evTfg9Dho5GU39Kw98B-7VuaGHIFSReaafijbIFU6ktxxz4GGtNr1epcGnnvzMTBKiCnjUrNTP1mb-F=w180-h180-l90-rj,,퇴사할게여,田小娟,"9月 7, 2026",33370,"38 16 퇴사할게여 田小娟 9月 7, 2026 54 2 33,370"
2026-09-26,sg,Singapore,top_songs_weekly,,39,https://yt3.googleusercontent.com/AozuFQHuzVlpr4-NtgkxRA5Q9ONXf3P91VsWrqRJbRJiVxIXfiG2tyMBv0lQ1rV-MVSoB9fwbUSMGdzX=w180-h180-l90-rj,,Astaga Bercanda,Akbar Chalay / Mingse,,,Astaga Bercanda Akbar Chalay & Mingse
2026-09-26,sg,Singapore,top_songs_weekly,,40,https://yt3.googleusercontent.com/9ejQki8p5r46B0jGiMa7talsLlmp-W0oAM6Vu8CoSQjcCxcj39RceRHfS-E86H-czomzbv429pxHrCxB=w180-h180-l90-rj,,Karuppa Kooda Va,Sai Abhyankkar / V.M. Mahalingam,,,Karuppa Kooda Va Sai Abhyankkar & V.M. Mahalingam
2026-09-26,sg,Singapore,top_songs_weekly,,41,https://yt3.googleusercontent.com/_RICA9AQMvaw-SLRBVDVF3rLx6pgeXvy2USuFyueQhhMGAVga26n2brDIIbjNkkYW3xv9LyUdav9rWnKvA=w180-h180-l90-rj,,LEMONADE,aespa,"5月 28, 2026",32560,"41 9 LEMONADE aespa 5月 28, 2026 32 16 32,560"
2026-09-26,sg,Singapore,top_songs_weekly,,42,https://yt3.googleusercontent.com/CwtUqDJhEnd9U_GyRBTwrRE0lpNwIgw6ugIlJLbP9EC91DKzgWz1WEo3cmcsdDybIEzTkrZaz_hNttJx=w180-h180-l90-rj,,춤,BABYMONSTER,"5月 4, 2026",32371,"42 6 춤 BABYMONSTER 5月 4, 2026 36 20 32,371"
2026-09-26,sg,Singapore,top_songs_weekly,,43,https://yt3.googleusercontent.com/mHa1sg5pmlgudnTZ_XOcJ-0VAKuFDodEstxurIF2C6RttpfyyeaqC75FmPQjlc2BQQ5JfvGaFuU69dhs=w180-h180-l90-rj,,Nicole Kidman,ADÉLA,,,Nicole Kidman ADÉLA
2026-09-26,sg,Singapore,top_songs_weekly,,44,https://yt3.googleusercontent.com/Zl6lT-8KgSYiXI08I5ilE35LaWaDpVFYdBIEn_g_gJRGTBlb6xlMn4Ws226L3nMuhWl9UxRQZq5c1pZF=w180-h180-l90-rj,,REDRED,CORTIS,"4月 20, 2026",31407,"44 7 REDRED CORTIS 4月 20, 2026 37 22 31,407"
2026-09-26,sg,Singapore,top_songs_weekly,,45,https://yt3.googleusercontent.com/VYJ4bYyHupJe1K4y3eWrg82IfGioP6rzeSJ0-hdTB-llJn5MbE9GCeWOA4ZwLyG7gyuYORWUbVvGMHbq=w180-h180-l90-rj,,FALLEN ANGEL,Jennie,,,FALLEN ANGEL Jennie
2026-09-26,sg,Singapore,top_songs_weekly,,46,https://yt3.googleusercontent.com/BKxUIETz1Vt8WcKm7bC2HP85RkhB5K6rbu3d-hNoe4kSkf_CJYJ0DqMknD3J85nUpilrGJMa7ipBnEJn-w=w180-h180-l90-rj,,Базовый минимум,SABI / 米亞·博伊卡,,,Базовый минимум SABI & 米亞·博伊卡
2026-09-26,sg,Singapore,top_songs_weekly,,47,https://yt3.googleusercontent.com/WDXRUHOAdSgW_CUGvGFrK4AlHBn-M4-DTkh_oYwAY_NN7tjO1-P-cwPq-xefOMgd-xcN9KRWZCGgnQ=w180-h180-l90-rj,,Yeshanagula,Prabha Bangarigalla / Jangi Reddy / Kasarla Shyam,,,"Yeshanagula Prabha Bangarigalla , Jangi Reddy & Kasarla Shyam"
2026-09-26,sg,Singapore,top_songs_weekly,,48,https://yt3.googleusercontent.com/Oice7VFz5NBqKgPpD8LA0oIGkfNTc5N_2pRMifH_W4-aVjMDDBZ2-BafN55NEyXMqhD3ScUrrOxz7WgJ=w180-h180-l90-rj,,Dracula (Remix) (feat. Jennie),Tame Impala,,,Dracula (Remix) (feat. Jennie) Tame Impala
2026-09-26,sg,Singapore,top_songs_weekly,,49,https://yt3.googleusercontent.com/9GvLqz3cbA2XyceqbS6IlraFkW5cipVpiINKUoEKPHH41K448Zm9WbBsHncoNG134LsLJq1E5NHsf3g=w180-h180-l90-rj,,Love Me Not,Ravyn Lenae,,,Love Me Not Ravyn Lenae
2026-09-26,sg,Singapore,top_songs_weekly,,50,https://yt3.googleusercontent.com/0zd99oykz1u3Jq2OfHFuvRt6uYBvICuVd4FoiUevpmwklCtpRe9Aid5FaO0Qozq3polze6BXVY16n_02eQ=w180-h180-l90-rj,,此刻 (《早春晴朗》電視劇情深限定曲&片尾曲),TIA RAY,,,此刻 (《早春晴朗》电视剧情深限定曲&片尾曲) TIA RAY
2026-09-26,sg,Singapore,top_songs_weekly,,51,https://yt3.googleusercontent.com/wqA2-kB1LEmV3MsLsYK-a3yDSSHYptyb31XJMbGxc1_c-CylylLpDh3hbhV2A4Y49SNgQU_eGbAKMKk=w180-h180-l90-rj,,Self Aware,Temper City,,,Self Aware Temper City
2026-09-26,sg,Singapore,top_songs_weekly,,52,https://yt3.googleusercontent.com/sm9gz2XQFzc-Gp7qsQzIJGuIsowoyVI43ki4048evRTzCi8IN2FcTyv42YttCDRH-93amTRkG05hqnOK=w180-h180-l90-rj,,Earrings,Malcolm Todd,,,Earrings Malcolm Todd
2026-09-26,sg,Singapore,top_songs_weekly,,53,https://yt3.googleusercontent.com/dfTaw-LhxWVGPdbKfML-ybvDnOySHxxbyyK_yJDSxnP1GDgcaW0obc5ZeeS6cTpJ-lu-CyiyA_VyGZr2=w180-h180-l90-rj,,Unknown Planet,IU,,,Unknown Planet IU
2026-09-26,sg,Singapore,top_songs_weekly,,54,https://yt3.googleusercontent.com/REA_Otoa5g-YBrDU0lRxSPu5YBP3tZHiIs2DWnO9mqXRZjTWDXyL8Zv83I56-Benty2h5Q0UzX9xBw7g=w180-h180-l90-rj,,the cure,Olivia Rodrigo,,,the cure Olivia Rodrigo
2026-09-26,sg,Singapore,top_songs_weekly,,55,https://yt3.googleusercontent.com/v6Lve-nmO0WDpXXZkL-lAfXGcRMQk1rF7XsEFGdv0b35GLTkfDWdlk3Dg2rQchHM0GD7hpNaMpPT3ahA=w180-h180-l90-rj,,Rathinamo (Female Version) (feat. Tanisha Gnanavel),Saurav Srisan,,,Rathinamo (Female Version) (feat. Tanisha Gnanavel) Saurav Srisan
2026-09-26,sg,Singapore,top_songs_weekly,,56,https://yt3.googleusercontent.com/PwQ543AKPc8tF0yUiz3e3s-Wy45l71Byt6T78PYeTB7Q0Jckq3C5d9P7faRc7OE5OTypbkxl4qFuVkI=w180-h180-l90-rj,,Less than a Lover,Jennie,,,Less than a Lover Jennie
2026-09-26,sg,Singapore,top_songs_weekly,,57,https://yt3.googleusercontent.com/uQ9EOP2orkMGxZT5Fe5-Rg9u2nLmhcH7pMFklHbhD9EwgS0u9gQokcZEDBuDBcfWD1zYuZf-mfmWE9A=w180-h180-l90-rj,,Jai Jai Ram,Shreya Ghoshal / Arijit Singh / Kumar Vishwas,,,"Jai Jai Ram Shreya Ghoshal , Arijit Singh & Kumar Vishwas"
2026-09-26,sg,Singapore,top_songs_weekly,,58,https://yt3.googleusercontent.com/N-SBeSkXpxC-Okj00Up8kUUl-CQXJmbdtkRpcO3FktG2zDeePuwDcw_B1G3ymaAxBOUN4qL85HRSkUvO=w180-h180-l90-rj,,Great Expectation,SIENNA SPIRO,,,Great Expectation SIENNA SPIRO
2026-09-26,sg,Singapore,top_songs_weekly,,59,https://yt3.googleusercontent.com/3yZ-DPOigUT1R453gr5kVkQeu6PwZK1OivsZX7ozfFJog-H_VlxeJD9thjwH2zNA5x0IEzEt4w6PmK5t=w180-h180-l90-rj,,Just Give Me a Reason (feat. 奈特・瑞斯),P!NK,,,Just Give Me a Reason (feat. 奈特・瑞斯) P!NK
2026-09-26,sg,Singapore,top_songs_weekly,,60,https://yt3.googleusercontent.com/trhero5UCoGc4OguktsWuF-jqvj2DVShQjwlLyGgZCDwauKMH4fVUhpW6mptNHdi4lGdKfH-Qq4vaUqC=w180-h180-l90-rj,,Skibidi,Girls' Generation,,,Skibidi Girls' Generation
2026-09-26,sg,Singapore,top_songs_weekly,,61,https://yt3.googleusercontent.com/pxZ41R8jrSjVtI3W9wCDRA6T7KOVnPHH0k1H_qktx78W8X__rn4IVqu_1ePUhLvrohB9JBWgrOXl7P9epA=w180-h180-l90-rj,,MMG (My Mine Gueh),Naykilla,,,MMG (My Mine Gueh) Naykilla
2026-09-26,sg,Singapore,top_songs_weekly,,62,https://yt3.googleusercontent.com/AZCi7Ry4k8s-g3eF2TkSZaOuNnEsEWDJZsPh2PA1tUjVfKy7_vSh37saeF9wItQst-PGxFOQkKSt6p0A=w180-h180-l90-rj,,"Magale (From ""Baththa"")",Sai Abhyankkar / Harini / Karthik Netha,,,"Magale (From ""Baththa"") Sai Abhyankkar , Harini & Karthik Netha"
2026-09-26,sg,Singapore,top_songs_weekly,,63,https://yt3.googleusercontent.com/Ccq2Y8_z5WRryy2FC0E1x0Q5hD9v7NqRpMcX6ptgm03vFDhKHjzuropzgBjRbMGAOUc5KBwUhQIW474P=w180-h180-l90-rj,,Mi Chico,DJ Goja / Jason Derulo / Melody,,,"Mi Chico DJ Goja , Jason Derulo & Melody"
2026-09-26,sg,Singapore,top_songs_weekly,,64,https://yt3.googleusercontent.com/YSqiMalFQbItkQVOJXa6jb0nOwzgYktRvq7dvQysZwTAez_U_H9prMkYEh7wNXhd1VQgz-xiPy9n8xNf=w180-h180-l90-rj,,UNETHICAL,Faouzia,,,UNETHICAL Faouzia
2026-09-26,sg,Singapore,top_songs_weekly,,65,https://yt3.googleusercontent.com/zFYEczPrSAG6InYrdt2-qZhatjvS6UGEU9ddS9KOadAAroJ3Ee2qz0YsXlh4KlXZEkRHKIz5MfS--z4c=w180-h180-l90-rj,,This & That,Stray Kids,,,This & That Stray Kids
2026-09-26,sg,Singapore,top_songs_weekly,,66,https://yt3.googleusercontent.com/GdW-pwzDkHLGvvf0pe_dgTcBYkJ2UFgsW6Zldnxyz-kX3l8I-QrRMow8IooEm7njIEAJauyWfoSV1rM=w180-h180-l90-rj,,Still,KAROL G / Bruno Mars,,,Still KAROL G & Bruno Mars
2026-09-26,sg,Singapore,top_songs_weekly,,67,https://yt3.googleusercontent.com/F-HAYdu4My91_BPlrGhfflbiXHOshQN2AoyC253W5Tm2ebs6Nh7CgdoVzPlYK7nLMpX_JKOYg_h0SyyN_g=w180-h180-l90-rj,,misery.,pupsies,"3月 16, 2026",22516,"67 1 misery. pupsies 3月 16, 2026 66 9 22,516"
2026-09-26,sg,Singapore,top_songs_weekly,,68,https://yt3.googleusercontent.com/52FX3X2911fKvmPIOwgiTneeDhZUw5M8hs0nA5-BqqMgUpC9LRQilyu9M5ZDp5Ob3gPMd2bpsjBIJbM=w180-h180-l90-rj,,空心 (Live),黃霄雲 / 劉端端,,,空心 (Live) 黃霄雲 & 刘端端
2026-09-26,sg,Singapore,top_songs_weekly,,69,https://yt3.googleusercontent.com/GBUFNHwzO_v_IJ1e1iLRCgA9zJUO97qxZgLBAJyr2WyFzk7kV9yWMAVF7Ha6h8As3tNXbfeksFOdZeE=w180-h180-l90-rj,,SUGAR HONEY ICE TEA,BABYMONSTER,,,SUGAR HONEY ICE TEA BABYMONSTER
2026-09-26,sg,Singapore,top_songs_weekly,,70,https://yt3.googleusercontent.com/ZCMHVke_2HlGvW6D4C8Vafpi_b4rA0ywfqBZ0oFQSHJW5daDTra32eYqkKSWGs3EwSQrBSe_1bIyRkv_XQ=w180-h180-l90-rj,,Raya (Slowed),Zericxxn,,,Raya (Slowed) Zericxxn
2026-09-26,sg,Singapore,top_songs_weekly,,71,https://yt3.googleusercontent.com/Wa4HVLZ8awaP6kQXG3146dh6xkA0_ET2LwZfUP_1g_PBdFLs1RuEa5UlC7-on9giMwxBjVT1V05i0B0=w180-h180-l90-rj,,瞬,鄭潤澤,"7月 17, 2023",21592,"71 12 瞬 郑润泽 7月 17, 2023 59 3 21,592"
2026-09-26,sg,Singapore,top_songs_weekly,,72,https://yt3.googleusercontent.com/rfk664Pl2AHH44a0Du2czXg-EhFwgKw_R3K-DEPmSz9zvM-rf4r5izHzB1cqqYuLuVUnszM464q0nml-=w180-h180-l90-rj,,Raga of Revenge,Anirudh Ravichander,,,Raga of Revenge Anirudh Ravichander
2026-09-26,sg,Singapore,top_songs_weekly,,73,https://yt3.googleusercontent.com/jvP1eun9fOtAnJLYFMj5r2QflaLM9N1ZyKG4sUGazAQyTwSl7akf59hrPwXTSinhCLvS9nxymmBNNqg=w180-h180-l90-rj,,Bum Baa Diga Diga,Anirudh Ravichander / Vedan / Heisenberg,,,"Bum Baa Diga Diga Anirudh Ravichander , Vedan & Heisenberg"
2026-09-26,sg,Singapore,top_songs_weekly,,74,https://yt3.googleusercontent.com/fdbZYOuRg6rU2h00L8kabk-7o6QqV258Gl00mtW4mO6DnWjQBPEbF-GIDTeeYkEJV1IpVY88HRMg_bk=w180-h180-l90-rj,,FREAKED OUT,Fat Papi / prodshushy,,,FREAKED OUT Fat Papi & prodshushy
2026-09-26,sg,Singapore,top_songs_weekly,,75,https://yt3.googleusercontent.com/q0szuVtXvUdftTC8k9fjwazdEpoaCyWTZ1d5Xa3GWHhQPD6_59W_rPlmZRFa2rSFPLTmfOGEgvPfF9uBVg=w180-h180-l90-rj,,stupid song,Olivia Rodrigo,,,stupid song Olivia Rodrigo
2026-09-26,sg,Singapore,top_songs_weekly,,76,https://yt3.googleusercontent.com/FZgtqH0qtrPtk0Vn-fQqOfPUEanelSuDfPUaiR3Z7Jb_VNKYgvLQQBtExAyqUNV78UhO20SHYG3nBzAc=w180-h180-l90-rj,,하루하루,BIGBANG,"8月 8, 2008",20263,"76 11 하루하루 BIGBANG 8月 8, 2008 65 5 20,263"
2026-09-26,sg,Singapore,top_songs_weekly,,77,https://yt3.googleusercontent.com/LKAPdNFKZLbBZv9FqxiHammc1jDUa12AWhJOX_9vJd8wh6QmeWQz7CgKlwe9tXYiXZe0_KZH9J9Vcqdf=w180-h180-l90-rj,,God Mode,Sai Abhyankkar / Gana Muthu / Vishnu Edavan / The Indian Choral Ensemble,,,"God Mode Sai Abhyankkar , Gana Muthu , Vishnu Edavan & The Indian Choral Ensemble"
2026-09-26,sg,Singapore,top_songs_weekly,,78,https://yt3.googleusercontent.com/MUCpx4hkn6seWL5tgrK23lFmTpVjSfIx3x_qTTDRPuNcjhF9lNs3cd5aT4ELXgmsLRPWW7QjKGLH4Z1R=w180-h180-l90-rj,,Muthumani,Ilaiyaraaja / Shweta Mohan,,,Muthumani Ilaiyaraaja & Shweta Mohan
2026-09-26,sg,Singapore,top_songs_weekly,,79,https://yt3.googleusercontent.com/1serZIMWrmAfbEHsJ_nI1Pn3FrMvD8GZAIHw9d7N49bqtVLVIqYo1MZTMbqGKqWXHcGVP8qseoe9DqVxtQ=w180-h180-l90-rj,,Midnight Sun,Zara Larsson,,,Midnight Sun Zara Larsson
2026-09-26,sg,Singapore,top_songs_weekly,,80,https://yt3.googleusercontent.com/sYmiMIdJAVZwkPluf8yQMI4qxuuZrU1OLOiwNEEgV1z7q6JhNQ_m7TqJbcxioiywmvBLuOJFK4YAgUnk=w180-h180-l90-rj,,NORMAL,防彈少年團,"3月 20, 2026",19450,"80 9 NORMAL 防彈少年團 3月 20, 2026 71 10 19,450"
2026-09-26,sg,Singapore,top_songs_weekly,,81,https://yt3.googleusercontent.com/CwtUqDJhEnd9U_GyRBTwrRE0lpNwIgw6ugIlJLbP9EC91DKzgWz1WEo3cmcsdDybIEzTkrZaz_hNttJx=w180-h180-l90-rj,,MOON,BABYMONSTER,,,MOON BABYMONSTER
2026-09-26,sg,Singapore,top_songs_weekly,,82,https://yt3.googleusercontent.com/ugpyRxhD8Nqn2Jrvh3w0dxJXZGysSSBCB3INhfSh8ufeiy5YL8ZRL8lyfiLHoo6Lu1_lqm7umyX9MQ2Q=w180-h180-l90-rj,,BOOMPALA,LE SSERAFIM,,,BOOMPALA LE SSERAFIM
2026-09-26,sg,Singapore,top_songs_weekly,,83,https://yt3.googleusercontent.com/0zd99oykz1u3Jq2OfHFuvRt6uYBvICuVd4FoiUevpmwklCtpRe9Aid5FaO0Qozq3polze6BXVY16n_02eQ=w180-h180-l90-rj,,路過晴朗 (《早春晴朗》電視劇主題曲),汪蘇瀧,,,路过晴朗 (《早春晴朗》电视剧主题曲) 汪蘇瀧
2026-09-26,sg,Singapore,top_songs_weekly,,84,https://yt3.googleusercontent.com/m_6O7m_vfrEMBQ8BgjYMArJvgf_aFpKKUb74YIBgzGaww94jauNVRzgUmvH25fZXeYu0VM2kF81bvpoB=w180-h180-l90-rj,,Friendship Over,珍妮·貝爾丁,,,Friendship Over 珍妮·貝爾丁
2026-09-26,sg,Singapore,top_songs_weekly,,85,https://yt3.googleusercontent.com/pFgsdrdr0C9Vi2H6cvdbqIn0nkZeVRySFjhdwg1IpFHKA2sGKirOdHpA5EdOBxyUpQUfIy0jwY2eZ2BH=w180-h180-l90-rj,,捨不得又沒資格,Da Yin,"7月 17, 2026",18661,"85 8 舍不得又没资格 Da Yin 7月 17, 2026 77 5 18,661"
2026-09-26,sg,Singapore,top_songs_weekly,,86,https://yt3.googleusercontent.com/h_qGcR-eaE-zruC7kbH-AhNt7TQ4Sf_Dv03SfPKetOlOKH97bQd49xwYDdfCALKeZZQdjMjJnbTX0b0=w180-h180-l90-rj,,一路向北 - R&B版,格雷樂團-Grey,,,一路向北 - R&B版 格雷乐团-Grey
2026-09-26,sg,Singapore,top_songs_weekly,,87,https://yt3.googleusercontent.com/Arv93jzh4R-cY1yEusDzcPCZzUuSIpHiyggsYeR38hdWXtkKvx9TIyvR3R6G9YYry7kVe349VDwvVcLB=w180-h180-l90-rj,,Parvati,Sadhu Tiwari,,,Parvati Sadhu Tiwari
2026-09-26,sg,Singapore,top_songs_weekly,,88,https://yt3.googleusercontent.com/E5YQNfj_6bUyvJzK_iiykF7P8MLf3pzr9PKN9wrsU4gUQGIuezhtj4Zl_se-ECm46o5CDK_hFrEVB1E=w180-h180-l90-rj,,房間 (Live),周興哲 / 黃霄雲,,,房间 (Live) 周興哲 & 黃霄雲
2026-09-26,sg,Singapore,top_songs_weekly,,89,https://yt3.googleusercontent.com/wT9OeYXVuf7P5mzjgOtZdAu9-872PnURnveIB6AiRoroHzlAFz2_6pMxk3XKgGuRWwCtJpn5Hkx0Ag=w180-h180-l90-rj,,Nallaru Po,Sai Abhyankkar / Tippu / Mohit Chauhan / Vivek,,,"Nallaru Po Sai Abhyankkar , Tippu , Mohit Chauhan & Vivek"
2026-09-26,sg,Singapore,top_songs_weekly,,90,https://yt3.googleusercontent.com/Hu7ZkuL_0u5n743V1G1PR_Onmli50SNAT8Hj30ZIgz-h6w44OW0XKySxtI2hwOuHrTM4h8e_3pQBkKntSw=w180-h180-l90-rj,,玻璃,Gareth.T,"5月 19, 2026",17732,"90 7 玻璃 Gareth.T 5月 19, 2026 83 17 17,732"
2026-09-26,sg,Singapore,top_songs_weekly,,91,https://yt3.googleusercontent.com/ZvgxwuZIRpF4BIdcNzSQnen3HYcO-3dNJUOfGA-sH0T0SXg1RQhJpXhZagvlKWq4fRUaKksanFY9t-0q=w180-h180-l90-rj,,LUZ ROJA (Slowed),bxkq,,,LUZ ROJA (Slowed) bxkq
2026-09-26,sg,Singapore,top_songs_weekly,,92,https://yt3.googleusercontent.com/4gX_llVUAfGBStEzuQrsvwW5IJ8ONtJywxLpRFpeLZpC2gqyY3Vz3yc0XHn-tSQ99Ve8-M_Thwic3Gguxw=w180-h180-l90-rj,,Pesamale,Siri Xander / Arra Aria Khayal,,,Pesamale Siri Xander & Arra Aria Khayal
2026-09-26,sg,Singapore,top_songs_weekly,,93,https://yt3.googleusercontent.com/CwtUqDJhEnd9U_GyRBTwrRE0lpNwIgw6ugIlJLbP9EC91DKzgWz1WEo3cmcsdDybIEzTkrZaz_hNttJx=w180-h180-l90-rj,,I LIKE IT,BABYMONSTER,,,I LIKE IT BABYMONSTER
2026-09-26,sg,Singapore,top_songs_weekly,,94,https://yt3.googleusercontent.com/MhcDYYxdN9hhBcSeY5UrpYFhDyY48ONd30cfWsIcvJo6t7xBujpmiICvHQsSonAU7h720jkwXvS90B7Q=w180-h180-l90-rj,,對等關係 (feat. 張惠妹),Ronghao Li,,,對等關係 (feat. 張惠妹) Ronghao Li
2026-09-26,sg,Singapore,top_songs_weekly,,95,https://yt3.googleusercontent.com/Fc4EM-NwY8O1nAVWivhnmIENWUfOVVGiRt535BHok0r9ydpZqtRExsPDDp0wc-ZLIW-eXPBFtH0p1T8=w180-h180-l90-rj,,不可分割,黃明志,"8月 13, 2026",16769,"95 42 不可分割 黃明志 8月 13, 2026 53 2 16,769"
2026-09-26,sg,Singapore,top_songs_weekly,,96,https://yt3.googleusercontent.com/IUuZFSUqFLMQlejTtsnLM_cB16A0T1g-savL7DYbWz5NFh2-DOw5-v9_PREJt9keX48NSan-8yUQCPM=w180-h180-l90-rj,,Love The Way You Lie (feat. Rihanna),Eminem,,,Love The Way You Lie (feat. Rihanna) Eminem
2026-09-26,sg,Singapore,top_songs_weekly,,97,https://yt3.googleusercontent.com/81cXwXuv1aOxCikSYqw5WET4FkiaNg5uKhTnDB4h0PL37adgl-1B3DBbvlopWpamwTQbt_ge9rm8pdQ-oA=w180-h180-l90-rj,,Zombie,The Cranberries,,,Zombie The Cranberries
2026-09-26,sg,Singapore,top_songs_weekly,,98,https://yt3.googleusercontent.com/N4Axbj_aNBB8NHG5-iZBVdQrNK0USKDWqGuqhzOFqygT1V0Lh7mbyywZ9fGAWxUH1EIIBRWPJCBBshFgOQ=w180-h180-l90-rj,,セツナハナビ,TOMORROW X TOGETHER,,,セツナハナビ TOMORROW X TOGETHER
2026-09-26,sg,Singapore,top_songs_weekly,,99,https://yt3.googleusercontent.com/QgFG5RHpesQcNq4JDY51ot0i2GRRf7GFpiO49zyAVO2C5YyKxCTglY0A9c4zBCHWkLrtg7mi-0UY5Uc=w180-h180-l90-rj,,Cinderella (feat. Ty Dolla $ign),Mac Miller,,,Cinderella (feat. Ty Dolla $ign) Mac Miller
2026-09-26,sg,Singapore,top_songs_weekly,,100,https://yt3.googleusercontent.com/cKCdpgWWA3tx_fzxaVtbU2f81Z6pUmXAeijggIENdalOZ6WzzvEx6DjYSpdO2z6RWY9Ob8PLZ0T-0lY=w180-h180-l90-rj,,The Reason,Hoobastank,,,The Reason Hoobastank
2026-09-26,my,Malaysia,top_songs_weekly,,1,https://yt3.googleusercontent.com/xrGDyYO3umAVFdsdyIM2G451xiAxCD6haJkCQel6TQlqE-XsEUCGsj_Q5Er4YjFpjWqv-_Ze-VaPPL0j=w180-h180-l90-rj,,Teh Hijau,圖魯斯,"6月 29, 2026",2732898,"1 ● Teh Hijau 圖魯斯 6月 29, 2026 1 10 2,732,898"
2026-09-26,my,Malaysia,top_songs_weekly,,2,https://yt3.googleusercontent.com/5d51ZlGjNP_Gss3Z3RKP7B98ASQ7pxvp4XI3IAQ3kniFFjgLPDPnR6_K3tYZGoMVvfJYXBtu3awwsTI=w180-h180-l90-rj,,Training Season,Dua Lipa,,,Training Season Dua Lipa
2026-09-26,my,Malaysia,top_songs_weekly,,3,https://yt3.googleusercontent.com/wXkXjlcs3VQ09JqQaLbmd-XAwvoZ0Kxsy5h3jbA2hGyAaw_XMWMzVxze2CWrYFfQRAwnktCoev7-uJaz=w180-h180-l90-rj,,The One That Got Away,Katy Perry,,,The One That Got Away Katy Perry
2026-09-26,my,Malaysia,top_songs_weekly,,4,https://yt3.googleusercontent.com/AozuFQHuzVlpr4-NtgkxRA5Q9ONXf3P91VsWrqRJbRJiVxIXfiG2tyMBv0lQ1rV-MVSoB9fwbUSMGdzX=w180-h180-l90-rj,,Astaga Bercanda,Akbar Chalay / Mingse,,,Astaga Bercanda Akbar Chalay & Mingse
2026-09-26,my,Malaysia,top_songs_weekly,,5,https://yt3.googleusercontent.com/lph_AYE9fU1VteHx7zG6DGesN-NvVDTs79j1q4DCHZS980-UryiOlKlLgtDkIBr2niDVO0WZdTg2fnA=w180-h180-l90-rj,,SaWaDiKa,LISA,"8月 27, 2026",846163,"5 3 SaWaDiKa LISA 8月 27, 2026 2 2 846,163"
2026-09-26,my,Malaysia,top_songs_weekly,,6,https://yt3.googleusercontent.com/N-SBeSkXpxC-Okj00Up8kUUl-CQXJmbdtkRpcO3FktG2zDeePuwDcw_B1G3ymaAxBOUN4qL85HRSkUvO=w180-h180-l90-rj,,Great Expectation,SIENNA SPIRO,,,Great Expectation SIENNA SPIRO
2026-09-26,my,Malaysia,top_songs_weekly,,7,https://yt3.googleusercontent.com/pxZ41R8jrSjVtI3W9wCDRA6T7KOVnPHH0k1H_qktx78W8X__rn4IVqu_1ePUhLvrohB9JBWgrOXl7P9epA=w180-h180-l90-rj,,MMG (My Mine Gueh),Naykilla,,,MMG (My Mine Gueh) Naykilla
2026-09-26,my,Malaysia,top_songs_weekly,,8,https://yt3.googleusercontent.com/s5PxcX0QM_X4qV95uVhrsfj4oD7EIyRjFiOLaDp44xItYeekybof3c-I8n9jsp1FVs5i-OGdt0w_e654=w180-h180-l90-rj,,Kita Lewati Berdua,Overnight,,,Kita Lewati Berdua Overnight
2026-09-26,my,Malaysia,top_songs_weekly,,9,https://yt3.googleusercontent.com/pPXFB33cg6OkSoAG9Xbvp3cGnkXnTGWSYkUypg0vHL8IuRvIYBTYnjvhweDfjbCRf4FHXCksK2ukjio=w180-h180-l90-rj,,海嶼你,馬也Crabbit / Cole先生,,,海屿你 马也Crabbit & Cole先生
2026-09-26,my,Malaysia,top_songs_weekly,,10,https://yt3.googleusercontent.com/lPT2Syoe9fcp45Ulw5QLYRUHG_W1g84UxsZE1lOppdjWCKrn2attpdqkJhVm8TpYFzEnQwuwWuxSpKQ7Uw=w180-h180-l90-rj,,Memori Sekuntum Rindu,Spoon,,,Memori Sekuntum Rindu Spoon
2026-09-26,my,Malaysia,top_songs_weekly,,11,https://yt3.googleusercontent.com/OlsyF8L82chwdoVqON-g5H3BsEEgA0zSIYU_6SIZgMtLe0QzZPxzno91C6zJktuon6rjAv_UbmggkO_vyQ=w180-h180-l90-rj,,BAD,ATEEZ,"5月 22, 2026",618891,"11 8 BAD ATEEZ 5月 22, 2026 19 11 618,891"
2026-09-26,my,Malaysia,top_songs_weekly,,12,https://yt3.googleusercontent.com/IsP7Y5hMApNNh_tdVEV3OquJcKWcUjIwgc26IbVWYQMnGP_a7ecwkq8aDmH29vXfZWUVozmQJIH_Wk8=w180-h180-l90-rj,,Iqro',Raim Laode,,,Iqro' Raim Laode
2026-09-26,my,Malaysia,top_songs_weekly,,13,https://yt3.googleusercontent.com/WnS8_TSqLTP0D5Ltvu5mypx6ypsFj0dM0fSNvD8vz8K_f18nAU10bNsExXoI6t6mI-zR7ezxPYv3e7w=w180-h180-l90-rj,,Sesi Potret,Ari Lesmana / eńau,,,Sesi Potret Ari Lesmana & eńau
2026-09-26,my,Malaysia,top_songs_weekly,,14,https://yt3.googleusercontent.com/kG2gMJvKvF_RhnRLaYYYCHT8FzKYvPK5gtK-vFTw-MlaA-_IP48Ez2IaqtHfQ9i9F9BFCVtTmpIXDl4FHQ=w180-h180-l90-rj,,kota ini tak sama tanpamu,Nadhif Basalamah,,,kota ini tak sama tanpamu Nadhif Basalamah
2026-09-26,my,Malaysia,top_songs_weekly,,15,https://yt3.googleusercontent.com/2xla4g76vbzLjMKUT3YW_fmOoPKv9ZglvqeTKb5ElWeT6xMn6XvV-ETX-y62THXpldiOf7cvpiEw6l4=w180-h180-l90-rj,,Adek Saye Abe Sore,Adek Saye Abe Sore,,,Adek Saye Abe Sore Adek Saye Abe Sore
2026-09-26,my,Malaysia,top_songs_weekly,,16,https://yt3.googleusercontent.com/fdiIj2b9CasibLr9iAR3C-kMh93njj7niDP2FjRYCuZ313UGB9G4qLkpw5va1gpMdHlNr9QexHN5K6bZ=w180-h180-l90-rj,,Jung Jung Inai,Iman Troye / Asslahierah / XO House,,,"Jung Jung Inai Iman Troye , Asslahierah & XO House"
2026-09-26,my,Malaysia,top_songs_weekly,,17,https://yt3.googleusercontent.com/QgFG5RHpesQcNq4JDY51ot0i2GRRf7GFpiO49zyAVO2C5YyKxCTglY0A9c4zBCHWkLrtg7mi-0UY5Uc=w180-h180-l90-rj,,Cinderella (feat. Ty Dolla $ign),Mac Miller,,,Cinderella (feat. Ty Dolla $ign) Mac Miller
2026-09-26,my,Malaysia,top_songs_weekly,,18,https://yt3.googleusercontent.com/6XHA9MM0eriT5b5QzFrIsu_JSlPOmIt_ZHlLC8omWvTxGbjDPOuM3kdwkPSJ2Arl74PLIdAakzWr7Zo=w180-h180-l90-rj,,Sayang Orang Sama,Adira,,,Sayang Orang Sama Adira
2026-09-26,my,Malaysia,top_songs_weekly,,19,https://yt3.googleusercontent.com/htfZGrgiopfo58Qk68lMz897pAafqWPMG7xk4E1AQoyMCMVUM7yrpznlONPuCYDzoRItR68Sff5Q2XU=w180-h180-l90-rj,,Ku Yang Berjuang,Danial Kifli,,,Ku Yang Berjuang Danial Kifli
2026-09-26,my,Malaysia,top_songs_weekly,,20,https://yt3.googleusercontent.com/9tvaXNSu_mfKeIhu0MiqRX8hrRrWKt5DhLPMIDk9f4RQZEMb5BTfv_5wWHUwzR2iUDtSJMYRz0iuEBwo=w180-h180-l90-rj,,Dari Bawah,EzHaRHaNzE,,,Dari Bawah EzHaRHaNzE
2026-09-26,my,Malaysia,top_songs_weekly,,21,https://yt3.googleusercontent.com/lri2NMO-Z9ihGrHPLowVk0CQTGYWOCV6GvsT8uf0UybSGR1kIFxUJfZu26yJw2PzpnRk-NyXDExNa5rc=w180-h180-l90-rj,,Dunia Yang Nanti,Raim Laode,,,Dunia Yang Nanti Raim Laode
2026-09-26,my,Malaysia,top_songs_weekly,,22,https://yt3.googleusercontent.com/rZBAqdF89d4gRuj9kyORE-xh_qDPtGgDC8DMmudnAR4Yj_vjRW_DOKyRXlqMDdjaGaRa-XqrpWOMIAar=w180-h180-l90-rj,,Bourgenvilla,Spring,,,Bourgenvilla Spring
2026-09-26,my,Malaysia,top_songs_weekly,,23,https://yt3.googleusercontent.com/moXpr_lvHpb9m70jTjr-0GE63_VyHivgmyH7UPBJmgwWPHwwmvhxDPPZtdAhCFo7CdzmzIGwBE3cn4VuCQ=w180-h180-l90-rj,,Dai Dai,Shakira / Burna Boy,,,Dai Dai Shakira & Burna Boy
2026-09-26,my,Malaysia,top_songs_weekly,,24,https://yt3.googleusercontent.com/YpHZO1DBcGPbgywaeckHbkkiI-b4OetQDJnQtCM--usqBrKljB-9uXax23i3hHI-PiTlyyHLBdYScSeGRQ=w180-h180-l90-rj,,Radhimaa,Sai Abhyankkar / Nargis Teji / Asma Teji / Vivek / Sai Smriti,,,"Radhimaa Sai Abhyankkar , Nargis Teji , Asma Teji , Vivek & Sai Smriti"
2026-09-26,my,Malaysia,top_songs_weekly,,25,https://yt3.googleusercontent.com/CC_l5YaxptJmKchx3do89wDqFJWXzXc1iH2141wuY6wYMaqclBKoXXtelidtojEPb_R97XReu6V5k4uQTg=w180-h180-l90-rj,,Tiwikarma,K.O.I,"9月 16, 2024",463625,"25 12 Tiwikarma K.O.I 9月 16, 2024 13 5 463,625"
2026-09-26,my,Malaysia,top_songs_weekly,,26,https://yt3.googleusercontent.com/EhJCP_-PRh3_78t1fSouQ7D3mrBszq3mmXSc1JRxawuMr8C3Gq0bKC--XP1dXp4KW8UdLX09LXba8F4=w180-h180-l90-rj,,Jangan Paksa Rindu (Beda),Ifan Seventeen,,,Jangan Paksa Rindu (Beda) Ifan Seventeen
2026-09-26,my,Malaysia,top_songs_weekly,,27,https://yt3.googleusercontent.com/6LDZTIjk3nbSSsG8J0M2_ME4KWzt4MTZ7oqrZlWg-uZ1gRWnBKt9ySPibZ5l7GJ_-j6gB6hv-qLNaPE=w180-h180-l90-rj,,hate that i made you love me,Ariana Grande,,,hate that i made you love me Ariana Grande
2026-09-26,my,Malaysia,top_songs_weekly,,28,https://yt3.googleusercontent.com/EoJgLmCvN3rTHOx6BQNFPAmreqvaLbH7TcrLClNLQOpasJriwAyuKluKpDKgLgY54Od7yI7N8XgPDYhm=w180-h180-s-l90-rj,,Dirantai Digelangi Rindu,Exists,,,Dirantai Digelangi Rindu Exists
2026-09-26,my,Malaysia,top_songs_weekly,,29,https://yt3.googleusercontent.com/E5k5qZuujwcBDIke0GnSRRORhcrLvJcq5hHFRyybdgcH1AxT3ySSbGO1mLgxU2VDynfKK5OdLuf7TIwb=w180-h180-l90-rj,,Dalam Diam,Zynakal / Zamir Harith / Mojack Hafiz / Bel Janni,,,"Dalam Diam Zynakal , Zamir Harith , Mojack Hafiz & Bel Janni"
2026-09-26,my,Malaysia,top_songs_weekly,,30,https://yt3.googleusercontent.com/7ecjOVgSXJjNEQWLt-bZSyuUIIU5T9r5GYwvlQfKOH5sZ3AxGwzu-ZrY4R_7SENgv3Efobl9e2XDtkaJYQ=w180-h180-l90-rj,,Bahagia Lagi,Piche Kota,,,Bahagia Lagi Piche Kota
2026-09-26,my,Malaysia,top_songs_weekly,,31,https://yt3.googleusercontent.com/naKgO_9vvIczuf7Vq1llQyRAQOOW898kBZN3pio-Bkbfcmdu3Gv14_ivEBZiHAow8VbPEq1bhO0j2DU=w180-h180-l90-rj,,KALYANI (Remix),ARJN / KDS / FIFTY4 / Shreya Ghoshal,,,"KALYANI (Remix) ARJN , KDS , FIFTY4 & Shreya Ghoshal"
2026-09-26,my,Malaysia,top_songs_weekly,,32,https://yt3.googleusercontent.com/BKxUIETz1Vt8WcKm7bC2HP85RkhB5K6rbu3d-hNoe4kSkf_CJYJ0DqMknD3J85nUpilrGJMa7ipBnEJn-w=w180-h180-l90-rj,,Базовый минимум,SABI / 米亞·博伊卡,,,Базовый минимум SABI & 米亞·博伊卡
2026-09-26,my,Malaysia,top_songs_weekly,,33,https://yt3.googleusercontent.com/-fIvDIcD4_x3_rhbl3Bk7JyD9gF23GY4G811LFeUrt3xG16xUPXoWBPg9AcrQyR5XZtjtHTXnAoKrxkOZg=w180-h180-l90-rj,,Janji Padamu,Exists,,,Janji Padamu Exists
2026-09-26,my,Malaysia,top_songs_weekly,,34,https://yt3.googleusercontent.com/BUthLhfbO0pqRV151ph0lvSjQOFzmLmPAf9NUPLRws7P19-cV4L041AzFYsOgisAKxPdhJzLGCvExN7n=w180-h180-l90-rj,,Young Dumb & Broke,Khalid,,,Young Dumb & Broke Khalid
2026-09-26,my,Malaysia,top_songs_weekly,,35,https://yt3.googleusercontent.com/_1ejRnxNSULMWdqN8F-gEGUVfw5kZKrwKy5xNPnSxU6Xen61q09zCR1aQn4s4L9rDOi-fGnTh3qI-LwE=w180-h180-l90-rj,,Risk It All,Bruno Mars,,,Risk It All Bruno Mars
2026-09-26,my,Malaysia,top_songs_weekly,,36,https://yt3.googleusercontent.com/jXXzY2fTfxgr0_wR_I_V8W3Ai0L3ece217Biqm0tY36I9VAoce09xXmjgt8mXggTVgGGBHdJ3eAyICY=w180-h180-l90-rj,,Beauty And A Beat (feat. Nicki Minaj),Justin Bieber,,,Beauty And A Beat (feat. Nicki Minaj) Justin Bieber
2026-09-26,my,Malaysia,top_songs_weekly,,37,https://i.ytimg.com/vi/oUD-iIRQBYY/default.jpg,https://www.youtube.com/watch?v=oUD-iIRQBYY,Lelaki Teragung,Dayang Nurfaizah,,,Lelaki Teragung Dayang Nurfaizah
2026-09-26,my,Malaysia,top_songs_weekly,,38,https://yt3.googleusercontent.com/NR28hVn6yRChF4GhvBFNtOOrFas5V6FuFdJ1CneO7N6KAZWCvT4S-wmDLX3W5nPDXny2UP1c2LF_dOMSCg=w180-h180-s-l90-rj,,Romancinta,MOJO,"8月 23, 2013",354562,"38 5 Romancinta MOJO 8月 23, 2013 33 22 354,562"
2026-09-26,my,Malaysia,top_songs_weekly,,39,https://yt3.googleusercontent.com/DQpsXibLwW_4OYu1t2kUgcmtva96FBKs4-QUr0aFu_odHEgZcA5sUBBEBuSxdEgofs1Yu-yyM5T4ogyk=w180-h180-l90-rj,,Locked Away (feat. Adam Levine),R. City,,,Locked Away (feat. Adam Levine) R. City
2026-09-26,my,Malaysia,top_songs_weekly,,40,https://yt3.googleusercontent.com/awoyk8Z8XNivU4sRBupBx_pdbnk7yVJz3w4qvxzcrm-Ud9Ma6B-v9BVLOx1JLTJr5n-g51chJRdHEqSgSg=w180-h180-l90-rj,,甲乙丙丁Strangers,Li Jiawei,,,甲乙丙丁Strangers Li Jiawei
2026-09-26,my,Malaysia,top_songs_weekly,,41,https://yt3.googleusercontent.com/o2nnwNgL7EW5NXLNAs_0PL7wHYSjW4nNWywTzSvPZpxSEqGdXnDyvCItu1sR53qvw1cJibN_9ImHMMYj=w180-h180-l90-rj,,Mengusung Rindu,Spin,,,Mengusung Rindu Spin
2026-09-26,my,Malaysia,top_songs_weekly,,42,https://yt3.googleusercontent.com/CvEESx2hQqyaOQgqOux102aB1Hz01VFSpFsnh4z1Tfx_tX_XOyG3icXcImjLo0EpEJVbkXyWpGg-IlEY=w180-h180-l90-rj,,Romantis,Spring,"7月 14, 2003",333822,"42 7 Romantis Spring 7月 14, 2003 35 20 333,822"
2026-09-26,my,Malaysia,top_songs_weekly,,43,https://yt3.googleusercontent.com/dfTaw-LhxWVGPdbKfML-ybvDnOySHxxbyyK_yJDSxnP1GDgcaW0obc5ZeeS6cTpJ-lu-CyiyA_VyGZr2=w180-h180-l90-rj,,Dear my crazy soulmate,IU,,,Dear my crazy soulmate IU
2026-09-26,my,Malaysia,top_songs_weekly,,44,https://i.ytimg.com/vi/aDTx0sx0bl4/default.jpg,https://www.youtube.com/watch?v=aDTx0sx0bl4,Rindiani,Slam,"1月 1, 2009",322350,"44 6 Rindiani Slam 1月 1, 2009 38 18 322,350"
2026-09-26,my,Malaysia,top_songs_weekly,,45,https://yt3.googleusercontent.com/6nSKYCjwCp1f1GfgYejDk9l-3_65Qgc-sVtfeDyuAk1tSqeuTSnN6h-Z4cBeshn16kP_JIRs9whqlvQt6A=w180-h180-l90-rj,,Shape of My Heart,Backstreet Boys,,,Shape of My Heart Backstreet Boys
2026-09-26,my,Malaysia,top_songs_weekly,,46,https://yt3.googleusercontent.com/lg3nV9ibbHmqyMhfmAFxK_iwoaTMyv0-LzmrPmDL13gR2-YYMDpxDskqys0lzJwfrz3ZMD4-vT7uLrt2=w180-h180-l90-rj,,Andai Dapat Ku Undur Masa,AXL,,,Andai Dapat Ku Undur Masa AXL
2026-09-26,my,Malaysia,top_songs_weekly,,47,https://yt3.googleusercontent.com/N-SBeSkXpxC-Okj00Up8kUUl-CQXJmbdtkRpcO3FktG2zDeePuwDcw_B1G3ymaAxBOUN4qL85HRSkUvO=w180-h180-l90-rj,,Pure,SIENNA SPIRO,,,Pure SIENNA SPIRO
2026-09-26,my,Malaysia,top_songs_weekly,,48,https://yt3.googleusercontent.com/F_zOOpQrlMOrIT50KDXGX54temlvXtXhWM-9e6TBAxCSP-F_Tt8bxONr5jBN7UwvoCwUifR0xph_QQeX=w180-h180-l90-rj,,Alaakaa Loova,Sai Abhyankkar / Rokesh,,,Alaakaa Loova Sai Abhyankkar & Rokesh
2026-09-26,my,Malaysia,top_songs_weekly,,49,https://yt3.googleusercontent.com/ZpWD37EEQE_LVuQ_O03cRmz5mZA7jG0gKGLt-49uHNDX6DycysijGGSOX9woU-OfQR5jyahz3aEdmBmm3A=w180-h180-l90-rj,,The Fate of Ophelia,Taylor Swift,,,The Fate of Ophelia Taylor Swift
2026-09-26,my,Malaysia,top_songs_weekly,,50,https://yt3.googleusercontent.com/LM6RBLp2-wM0ZMMyBwGu1HwXiPj3OuH87g-Ksmw_avEfoG3-sEn9oYUVfn89MDuQ7vROhAXBkFiBla4A=w180-h180-l90-rj,,Animal,KATSEYE,"7月 24, 2026",302969,"50 14 Animal KATSEYE 7月 24, 2026 36 8 302,969"
2026-09-26,my,Malaysia,top_songs_weekly,,51,https://yt3.googleusercontent.com/76wZLcOjomfg0zdtKGPTcnv4im0bn-r0twnkeCXHqZuZaLjTDOjabP5uw-Kz3WJazb2PczbO7ZyuVuZcIg=w180-h180-l90-rj,,Lamunan Terhenti,Aris,,,Lamunan Terhenti Aris
2026-09-26,my,Malaysia,top_songs_weekly,,52,https://i.ytimg.com/vi/cpUnVtBKX8w/default.jpg,https://www.youtube.com/watch?v=cpUnVtBKX8w,Gila Bayang,Ammar Haikal,,,Gila Bayang Ammar Haikal
2026-09-26,my,Malaysia,top_songs_weekly,,53,https://yt3.googleusercontent.com/3yZ-DPOigUT1R453gr5kVkQeu6PwZK1OivsZX7ozfFJog-H_VlxeJD9thjwH2zNA5x0IEzEt4w6PmK5t=w180-h180-l90-rj,,Just Give Me a Reason (feat. 奈特・瑞斯),P!NK,,,Just Give Me a Reason (feat. 奈特・瑞斯) P!NK
2026-09-26,my,Malaysia,top_songs_weekly,,54,https://yt3.googleusercontent.com/v6Lve-nmO0WDpXXZkL-lAfXGcRMQk1rF7XsEFGdv0b35GLTkfDWdlk3Dg2rQchHM0GD7hpNaMpPT3ahA=w180-h180-l90-rj,,Rathinamo (Female Version) (feat. Tanisha Gnanavel),Saurav Srisan,,,Rathinamo (Female Version) (feat. Tanisha Gnanavel) Saurav Srisan
2026-09-26,my,Malaysia,top_songs_weekly,,55,https://yt3.googleusercontent.com/S5zHo36-Cq7XBZvW9LNEVjQ0C-2niKUkEMjfl097vE4fLpKgunjjePEj0cNnn4JtCLNiwutLy48e_tpXHQ=w180-h180-l90-rj,,Separuh Aku,NOAH,,,Separuh Aku NOAH
2026-09-26,my,Malaysia,top_songs_weekly,,56,https://yt3.googleusercontent.com/E5jWtcX65Y2d6c4WyzNTNhi63bpmGJRxPgRKjD3iSXgJQnCVMcpAaO0hHQQSWrTUNVrrrRNtBFewf3nGXw=w180-h180-l90-rj,,Bintang di Surga,NOAH,,,Bintang di Surga NOAH
2026-09-26,my,Malaysia,top_songs_weekly,,57,https://yt3.googleusercontent.com/EoJgLmCvN3rTHOx6BQNFPAmreqvaLbH7TcrLClNLQOpasJriwAyuKluKpDKgLgY54Od7yI7N8XgPDYhm=w180-h180-s-l90-rj,,Mengintai Dari Tirai Kamar,Exists,,,Mengintai Dari Tirai Kamar Exists
2026-09-26,my,Malaysia,top_songs_weekly,,58,https://yt3.googleusercontent.com/N-SBeSkXpxC-Okj00Up8kUUl-CQXJmbdtkRpcO3FktG2zDeePuwDcw_B1G3ymaAxBOUN4qL85HRSkUvO=w180-h180-l90-rj,,Die On This Hill,SIENNA SPIRO,,,Die On This Hill SIENNA SPIRO
2026-09-26,my,Malaysia,top_songs_weekly,,59,https://yt3.googleusercontent.com/LM6RBLp2-wM0ZMMyBwGu1HwXiPj3OuH87g-Ksmw_avEfoG3-sEn9oYUVfn89MDuQ7vROhAXBkFiBla4A=w180-h180-l90-rj,,Hootie Frutti,KATSEYE,,,Hootie Frutti KATSEYE
2026-09-26,my,Malaysia,top_songs_weekly,,60,https://yt3.googleusercontent.com/PsYJbvAdtQkONz0UrG64NGMbfBu0Q7H9voCBr3XPGMXbIeKwQ6RkZBPWWdrWF4ZAqsgYXrjBhPwR97FF=w180-h180-l90-rj,,Made My Night,LE SSERAFIM,,,Made My Night LE SSERAFIM
2026-09-26,my,Malaysia,top_songs_weekly,,61,https://yt3.googleusercontent.com/mHa1sg5pmlgudnTZ_XOcJ-0VAKuFDodEstxurIF2C6RttpfyyeaqC75FmPQjlc2BQQ5JfvGaFuU69dhs=w180-h180-l90-rj,,Ain't In LA,ADÉLA,,,Ain't In LA ADÉLA
2026-09-26,my,Malaysia,top_songs_weekly,,62,https://yt3.googleusercontent.com/PVM0JE4VtcTyR1Al0pS7PhB85hgbYlTC3bzm5SzFsWO9G1yS4VhEgZqbj8K3vyL7GayOfg4YlOPpn94=w180-h180-l90-rj,,Lumangad Oku Dika,Ryenald Guntabid,,,Lumangad Oku Dika Ryenald Guntabid
2026-09-26,my,Malaysia,top_songs_weekly,,63,https://yt3.googleusercontent.com/nm9GYvOMcPFdcebWBwR2vGVDEJdseIHku7aTpf20UeMiA9nCAQlzE81o_a74hvbMJNlwYG1yO70m1qvz=w180-h180-l90-rj,,Kasih Tercipta,Faizal Tahir,,,Kasih Tercipta Faizal Tahir
2026-09-26,my,Malaysia,top_songs_weekly,,64,https://yt3.googleusercontent.com/fQQQd_5ekiUbYRth6Yf7ZmkgS7Mf-VmxRCyqPpef-KgJVqISZqDKpjjU3zvfDVh9qr03MxPChTiYHyg=w180-h180-l90-rj,,Neno Butterfly,G.V. Prakash Kumar / Sublahshini,,,Neno Butterfly G.V. Prakash Kumar & Sublahshini
2026-09-26,my,Malaysia,top_songs_weekly,,65,https://yt3.googleusercontent.com/3RZv31sP4SwQHwmIbeiiQjEJQj03_lquk9dp-Qxp8pKS79fYDlM7PhFcj6gK_KDum_rQtzMOSkp_6R7jSw=w180-h180-l90-rj,,Kau Dipaksa Aku Terpaksa,Scan,,,Kau Dipaksa Aku Terpaksa Scan
2026-09-26,my,Malaysia,top_songs_weekly,,66,https://i.ytimg.com/vi/SEiUqNmtIy8/default.jpg,https://www.youtube.com/watch?v=SEiUqNmtIy8,MERAMPAU,ALEX WAN,,,MERAMPAU ALEX WAN
2026-09-26,my,Malaysia,top_songs_weekly,,67,https://yt3.googleusercontent.com/qnfaDMwf8RDrJ3DRUeOkZ4HagLVmN_Kh8hunfDTvzIiGNjJAMrWQic6h1OWB_6KpJZapoXQXckHcIp7W=w180-h180-l90-rj,,Bloody Paradise,ENHYPEN,,,Bloody Paradise ENHYPEN
2026-09-26,my,Malaysia,top_songs_weekly,,68,https://yt3.googleusercontent.com/tZgqxtDQypB4mdlrnwJt1Pc01oGOjRGLBiV57V4ZndqQGFEqZu65e8RoLdnhB8tTbS_Ddwec4owaijBN7Q=w180-h180-l90-rj,,Sayap Terluka,Panji,,,Sayap Terluka Panji
2026-09-26,my,Malaysia,top_songs_weekly,,69,https://yt3.googleusercontent.com/YXSJCE1X8P_3mun1bArXFrS6lhgTp9hpuYQyNR7ZjA0MV5mvzlZ1oEXtpy69N4oVn08sPS4GasIygzfD=w180-h180-l90-rj,,Cuba Jadi Aku,Nadeera,,,Cuba Jadi Aku Nadeera
2026-09-26,my,Malaysia,top_songs_weekly,,70,https://yt3.googleusercontent.com/N2sEMy5v0ZNWID6o2lxzUucoiGZksG7HW9KF09wdG52awOCbaYrYuPBsjWSMmOGPeDndv38ModsfKSRu=w180-h180-l90-rj,,Tanpa Rasa Jemu,Ernie Zakri,,,Tanpa Rasa Jemu Ernie Zakri
2026-09-26,my,Malaysia,top_songs_weekly,,71,https://yt3.googleusercontent.com/6s0i1935ltv7crpD6tlpdYmOjmzda-R_P8xDzG4qnaFmGjTekSIq8fb1tTG0LBA5_kZ-a-VRzWH9oC_R=w180-h180-l90-rj,,Gadis Manis Kalimantan,Syahriadi,,,Gadis Manis Kalimantan Syahriadi
2026-09-26,my,Malaysia,top_songs_weekly,,72,https://yt3.googleusercontent.com/CmMeTooK37ENyQER7DupYPF04-uK-lzIwZlf3PTtIvPFjqCf6GUFoYPIWqGqUrTnQofpfK8qDMLJzHlw=w180-h180-l90-rj,,Bungai Pinang,Rickie Andrewson,,,Bungai Pinang Rickie Andrewson
2026-09-26,my,Malaysia,top_songs_weekly,,73,https://yt3.googleusercontent.com/Hu7ZkuL_0u5n743V1G1PR_Onmli50SNAT8Hj30ZIgz-h6w44OW0XKySxtI2hwOuHrTM4h8e_3pQBkKntSw=w180-h180-l90-rj,,玻璃,Gareth.T,"5月 19, 2026",218068,"73 12 玻璃 Gareth.T 5月 19, 2026 61 18 218,068"
2026-09-26,my,Malaysia,top_songs_weekly,,74,https://yt3.googleusercontent.com/PFsG_ckI-HQM2ojQJkh_bXnZcD7JMYJTYCvQAJuoyvQwRonC85Mu5uBeyXjspzTm8ZbezK0i36_qqMon1w=w180-h180-l90-rj,,Sang Penikam 2026,Noh Salleh,,2026,Sang Penikam 2026 Noh Salleh
2026-09-26,my,Malaysia,top_songs_weekly,,75,https://yt3.googleusercontent.com/Ln5753uONsyM3dy0KvhV_pgpChPzbMFTNoCRuUn6TaUqPG4EzNTnIyR5KgSqlnc3kIlS3e8P-ALxocOM=w180-h180-l90-rj,,Jiwa Yang Mengalah,Bellestrelle ft Harry Azrul,,,Jiwa Yang Mengalah Bellestrelle ft Harry Azrul
2026-09-26,my,Malaysia,top_songs_weekly,,76,https://yt3.googleusercontent.com/TiS6fwXCQ51n4KWBTfTFfTecLHvNDv-5QrmXAODb2o_GWOMHf_AHCc2s2FZmk-xh2JMqmt26wNzXeIGNEw=w180-h180-l90-rj,,Tak Adil,Aisha Retno,,,Tak Adil Aisha Retno
2026-09-26,my,Malaysia,top_songs_weekly,,77,https://yt3.googleusercontent.com/-jaWr9K7U0bJoqMv50tihlvf1QXe_y-dmvw_z_40gA9bPj4PhfRPobOdQndQIoCxsFDWRyEoP0Rben8=w180-h180-l90-rj,,Blank Space,Taylor Swift,,,Blank Space Taylor Swift
2026-09-26,my,Malaysia,top_songs_weekly,,78,https://yt3.googleusercontent.com/rZBAqdF89d4gRuj9kyORE-xh_qDPtGgDC8DMmudnAR4Yj_vjRW_DOKyRXlqMDdjaGaRa-XqrpWOMIAar=w180-h180-l90-rj,,Butakah Cinta,Spring,,,Butakah Cinta Spring
2026-09-26,my,Malaysia,top_songs_weekly,,79,https://i.ytimg.com/vi/6XwzWWD0Sio/default.jpg,https://www.youtube.com/watch?v=6XwzWWD0Sio,Aku Berjanji,Faizal Tahir,,,Aku Berjanji Faizal Tahir
2026-09-26,my,Malaysia,top_songs_weekly,,80,https://yt3.googleusercontent.com/s3V42kL8PIHuIFCzX1xtTcjt77EzL51lBFs7TIpRae14tdYGiQz6BrZ4d4-NB6FOV5kbHbzRY2EOZL4J=w180-h180-l90-rj,,Meligai Pengerindu,Igu Anthony,,,Meligai Pengerindu Igu Anthony
2026-09-26,my,Malaysia,top_songs_weekly,,81,https://yt3.googleusercontent.com/5jwQGpLR0huadDUYDlQ6VGQThxsp6CepkEuRkECO3SiX6LQz6QQ_iuJ2wPA-Paaa1nAmwcPEkgqAF2nd=w180-h180-l90-rj,,Mutiara,Ipank,"4月 17, 2025",207742,"81 3 Mutiara Ipank 4月 17, 2025 78 3 207,742"
2026-09-26,my,Malaysia,top_songs_weekly,,82,https://yt3.googleusercontent.com/NG9gpFykRsFQz1VlDiaU9MNYuTSi6nw6oZ9sVjiA9jyo0ifLUfGfpjh5ZvPc-77niJcRrn3MbELsn2-X=w180-h180-l90-rj,,Jemu,May,"2月 15, 2021",206348,"82 5 Jemu May 2月 15, 2021 87 5 206,348"
2026-09-26,my,Malaysia,top_songs_weekly,,83,https://yt3.googleusercontent.com/-h_EmlrGLsJwhih3lVHGDmK3CAmLdpqEIeerAuJ71qmJeZ_5zYf9ElWIEBNiB_6_CbXh4qHchBpOqhCu=w180-h180-l90-rj,,Creep,Radiohead,"9月 21, 1992",206303,"83 3 Creep Radiohead 9月 21, 1992 86 10 206,303"
2026-09-26,my,Malaysia,top_songs_weekly,,84,https://yt3.googleusercontent.com/2-hieEVD7f79K918InakgMwDVR7M3RFPpa9BFsdJi7axTA8rrfF2psRUnBk9b8QXmiuswUxif82gxxI=w180-h180-l90-rj,,CLICK,JISOO,"9月 4, 2026",204677,"84 77 CLICK JISOO 9月 4, 2026 7 2 204,677"
2026-09-26,my,Malaysia,top_songs_weekly,,85,https://yt3.googleusercontent.com/CHtQxcqUYCd9sEPns_HBebGhZLJURLlNQUhDHN1alHNB45wFFbl3mqy0xopphYYrPSWIYGQpPt9GuwPXbw=w180-h180-l90-rj,,Kau Yang Bernama Seri,Handy Black,,,Kau Yang Bernama Seri Handy Black
2026-09-26,my,Malaysia,top_songs_weekly,,86,https://yt3.googleusercontent.com/qjmzVYObHgOdhPmclRSX50IopCBub7_fdO02szD7tXdJ9k2P6p_oh8_QH03eaUdThLbgA7iKAr6TzzWZ=w180-h180-l90-rj,,Ayah Ibu 2.0,Harry / Mizan,,,Ayah Ibu 2.0 Harry & Mizan
2026-09-26,my,Malaysia,top_songs_weekly,,87,https://yt3.googleusercontent.com/udozCaU1HqKua_lQxLqtEKTaNkFLVQwSxzVTtx7xumgQ3tvzLxia5Cs3iq1Hagn4hf1Ob1aEUP3SkHa3=w180-h180-l90-rj,,Punca,Sofazr SecondPlan,,,Punca Sofazr SecondPlan
2026-09-26,my,Malaysia,top_songs_weekly,,88,https://yt3.googleusercontent.com/3RNsv7dNTYSBpuSWmpWM6PiYgQAaCXKvi8ION2AH2OaQHc-vW5-rJW4PqztU9XGaX-5z3sMc5RMTMc8n=w180-h180-l90-rj,,It's Me,ILLIT,"4月 23, 2026",202747,"88 13 It's Me ILLIT 4月 23, 2026 75 20 202,747"
2026-09-26,my,Malaysia,top_songs_weekly,,89,https://yt3.googleusercontent.com/jy82fBd4lcqM2uBziu-ShqaRC3QMVB8GXtRgbGOOM159Pzvju4yU8kTledgcnn3wIEKbRhVgoIwxFPzM=w180-h180-l90-rj,,Percuma,Mahalini,,,Percuma Mahalini
2026-09-26,my,Malaysia,top_songs_weekly,,90,https://yt3.googleusercontent.com/YSqiMalFQbItkQVOJXa6jb0nOwzgYktRvq7dvQysZwTAez_U_H9prMkYEh7wNXhd1VQgz-xiPy9n8xNf=w180-h180-l90-rj,,UNETHICAL,Faouzia,,,UNETHICAL Faouzia
2026-09-26,my,Malaysia,top_songs_weekly,,91,https://yt3.googleusercontent.com/QZTp_giefxsUDpH4xkKLYWl65CcwnJJLkCuIzjZY6qUW21EVH8nY5QChKw-yASTekpS0WvFSefF6Euo=w180-h180-l90-rj,,I'm Not The Only One,Sam Smith,,,I'm Not The Only One Sam Smith
2026-09-26,my,Malaysia,top_songs_weekly,,92,https://yt3.googleusercontent.com/GY-W-vOdWFqOhElgychQbaaUCRLLxlltw5YHUQBtADXOHHUVFmv_8GGIjbCyEHpjrVJwq5hrjinMs58X=w180-h180-l90-rj,,Kekasihku,Rahmat,,,Kekasihku Rahmat
2026-09-26,my,Malaysia,top_songs_weekly,,93,https://yt3.googleusercontent.com/u_BV6asN_Hpd5vvtObpp9P_nMF7iJkjpi_LWSF2NUpreyLvh_brmstqv5sWggDbOP1V4ZlEfhTVl1B7z=w180-h180-l90-rj,,BiiiG,BIGBANG,"8月 19, 2026",194772,"93 1 BiiiG BIGBANG 8月 19, 2026 92 5 194,772"
2026-09-26,my,Malaysia,top_songs_weekly,,94,https://yt3.googleusercontent.com/9ejQki8p5r46B0jGiMa7talsLlmp-W0oAM6Vu8CoSQjcCxcj39RceRHfS-E86H-czomzbv429pxHrCxB=w180-h180-l90-rj,,Karuppa Kooda Va,Sai Abhyankkar / V.M. Mahalingam,,,Karuppa Kooda Va Sai Abhyankkar & V.M. Mahalingam
2026-09-26,my,Malaysia,top_songs_weekly,,95,https://yt3.googleusercontent.com/Xx7fhM5xY9yRWbkfUZ9toTJK3hA09PVSSfwDKFFXj7eeT9jxF0YYLzfYAEP3-7FMESLmplP97l3zJ2nl=w180-h180-l90-rj,,Seribu Tahun Takkan Mungkin,Bumi Putra Rockers,,,Seribu Tahun Takkan Mungkin Bumi Putra Rockers
2026-09-26,my,Malaysia,top_songs_weekly,,96,https://yt3.googleusercontent.com/JNn13doQilT_TlWtD6Nk7bqFxmRmzTiWuix4khdl-fGZ34E0GIq15kqL0vBUrRoXoC0SePrDdYrlZf3k=w180-h180-l90-rj,,Tahta Hatiku #Pendampingmu,Fajar Noor,,,Tahta Hatiku #Pendampingmu Fajar Noor
2026-09-26,my,Malaysia,top_songs_weekly,,97,https://yt3.googleusercontent.com/etY-vQrqeI0gx2sNA7TkkNGlhbB5Fb9NiAmDFVyxCDy-6lxtU299ZK8Bq0tA8wdjTuIsQrmRU7uxuVa6=w180-h180-l90-rj,,Cintamu Mekar Di Hati,May,,,Cintamu Mekar Di Hati May
2026-09-26,my,Malaysia,top_songs_weekly,,98,https://yt3.googleusercontent.com/IX-QEr9pFD41clJP-q_Yg462m02Ni_6PjBQ9TpaGtzb4sT0eH1ZC6dy_ZxcqVIEZF9ipY9FgIirPJPh6=w180-h180-l90-rj,,ICONIC BY MISTAKE,LE SSERAFIM / ILLIT / KATSEYE,,,"ICONIC BY MISTAKE LE SSERAFIM , ILLIT & KATSEYE"
2026-09-26,my,Malaysia,top_songs_weekly,,99,https://yt3.googleusercontent.com/CwtUqDJhEnd9U_GyRBTwrRE0lpNwIgw6ugIlJLbP9EC91DKzgWz1WEo3cmcsdDybIEzTkrZaz_hNttJx=w180-h180-l90-rj,,춤,BABYMONSTER,"5月 4, 2026",189493,"99 16 춤 BABYMONSTER 5月 4, 2026 83 20 189,493"
2026-09-26,my,Malaysia,top_songs_weekly,,100,https://yt3.googleusercontent.com/TK-09E9wZOUk84ktqwb-zNBXfnY3Z927d3fpJ3ObwwOyREKzjAQMMYx0pGSjVAAV2zpRJDpDAavlAPSz=w180-h180-l90-rj,,Señorita,Shawn Mendes / Camila Cabello,,,Señorita Shawn Mendes & Camila Cabello