captured_date,market,market_name,chart,period_suffix,rank,image_url,video_url,primary_name,secondary_name,release_date,metric_value,raw_text
2026-10-04,global,Global,top_videos_weekly,,1,https://i.ytimg.com/vi/fcnDmrtj6Sk/mqdefault.jpg,https://www.youtube.com/watch?v=fcnDmrtj6Sk,Dai Dai,Shakira / Burna Boy,,,Dai Dai Shakira & Burna Boy
2026-10-04,global,Global,top_videos_weekly,,2,https://i.ytimg.com/vi/vRjaGgDsWSo/mqdefault.jpg,https://www.youtube.com/watch?v=vRjaGgDsWSo,Casa Tupka Anthemo,Yo Yo Honey Singh,,,Casa Tupka Anthemo Yo Yo Honey Singh
2026-10-04,global,Global,top_videos_weekly,,3,https://i.ytimg.com/vi/vSA7yMrTETg/mqdefault.jpg,https://www.youtube.com/watch?v=vSA7yMrTETg,Xamdam Sobirov - Peshta / Хамдам Собиров - Пешта / Video Klip,Xamdam Sobirov,,,Xamdam Sobirov - Peshta / Хамдам Собиров - Пешта / Video Klip Xamdam Sobirov
2026-10-04,global,Global,top_videos_weekly,,4,https://i.ytimg.com/vi/JqFzhcWo3EU/mqdefault.jpg,https://www.youtube.com/watch?v=JqFzhcWo3EU,Yeshanagula | The Paradise | Nani | Keerthy Suresh | Anirudh Ravichander | Srikanth Odela,Saregama Telugu,,,Yeshanagula | The Paradise | Nani | Keerthy Suresh | Anirudh Ravichander | Srikanth Odela Saregama Telugu
2026-10-04,global,Global,top_videos_weekly,,5,https://i.ytimg.com/vi/s2HYl12gmOY/mqdefault.jpg,https://www.youtube.com/watch?v=s2HYl12gmOY,Parvati,Sadhu Tiwari,,,Parvati Sadhu Tiwari
2026-10-04,global,Global,top_videos_weekly,,6,https://i.ytimg.com/vi/xvT1jH8B9AM/mqdefault.jpg,https://www.youtube.com/watch?v=xvT1jH8B9AM,KALYANI (Remix),ARJN / KDS / FIFTY4 / 舒蕾亞·戈沙爾,,,"KALYANI (Remix) ARJN , KDS , FIFTY4 & 舒蕾亞·戈沙爾"
2026-10-04,global,Global,top_videos_weekly,,7,https://i.ytimg.com/vi/Pd1yGW_g2T8/mqdefault.jpg,https://www.youtube.com/watch?v=Pd1yGW_g2T8,Ashke (Music Video) Karan Aujla | Mxrci | Aujla Szn 1,Karan Aujla,,,Ashke (Music Video) Karan Aujla | Mxrci | Aujla Szn 1 Karan Aujla
2026-10-04,global,Global,top_videos_weekly,,8,https://i.ytimg.com/vi/yebNIHKAC4A/mqdefault.jpg,https://www.youtube.com/watch?v=yebNIHKAC4A,Golden,HUNTR/X / EJAE / AUDREY NUNA / REI AMI / KPop Demon Hunters Cast,,,"Golden HUNTR/X , EJAE , AUDREY NUNA , REI AMI & KPop Demon Hunters Cast"
2026-10-04,global,Global,top_videos_weekly,,9,https://i.ytimg.com/vi/ebZj_nrmH-c/mqdefault.jpg,https://www.youtube.com/watch?v=ebZj_nrmH-c,Barsaat,Banjaare / Roni,,,Barsaat Banjaare & Roni
2026-10-04,global,Global,top_videos_weekly,,10,https://i.ytimg.com/vi/A_RV2H2F9jw/mqdefault.jpg,https://www.youtube.com/watch?v=A_RV2H2F9jw,Basinga Balaalu,Srinidhi Nerella / Kalyan Keys / Swamy Naresh,,,"Basinga Balaalu Srinidhi Nerella , Kalyan Keys & Swamy Naresh"
2026-10-04,global,Global,top_videos_weekly,,11,https://i.ytimg.com/vi/fRIhCiUVaKs/mqdefault.jpg,https://www.youtube.com/watch?v=fRIhCiUVaKs,BbY WOW (Visualizer),Judeline / rusowsky,,,BbY WOW (Visualizer) Judeline & rusowsky
2026-10-04,global,Global,top_videos_weekly,,12,https://i.ytimg.com/vi/YyepU5ztLf4/mqdefault.jpg,https://www.youtube.com/watch?v=YyepU5ztLf4,Shararat,Madhubanti Bagchi / 雅斯文·桑德拉斯 / 沙赫瓦特·薩赫迪夫,,,"Shararat Madhubanti Bagchi , 雅斯文·桑德拉斯 & 沙赫瓦特·薩赫迪夫"
2026-10-04,global,Global,top_videos_weekly,,13,https://i.ytimg.com/vi/3DcoC8p9az8/mqdefault.jpg,https://www.youtube.com/watch?v=3DcoC8p9az8,Training Season (Live),Dua Lipa,,,Training Season (Live) Dua Lipa
2026-10-04,global,Global,top_videos_weekly,,14,https://i.ytimg.com/vi/iAtoZar5W58/mqdefault.jpg,https://www.youtube.com/watch?v=iAtoZar5W58,Aaya Sher,Jangi Reddy / Arjun Chandy / 安尼魯德・瑞維奇德 / Kasarla Shyam,,,"Aaya Sher Jangi Reddy , Arjun Chandy , 安尼魯德・瑞維奇德 & Kasarla Shyam"
2026-10-04,global,Global,top_videos_weekly,,15,https://i.ytimg.com/vi/kwwdY1bp-Ck/mqdefault.jpg,https://www.youtube.com/watch?v=kwwdY1bp-Ck,Todo Lo Fue,Lenin Ramirez,,,Todo Lo Fue Lenin Ramirez
2026-10-04,global,Global,top_videos_weekly,,16,https://i.ytimg.com/vi/MYFFA242azM/mqdefault.jpg,https://www.youtube.com/watch?v=MYFFA242azM,OLIVIA LA FLAKA,Natanael Cano / OVI / Tito Double P / Victor Mendivil,,,"OLIVIA LA FLAKA Natanael Cano , OVI , Tito Double P & Victor Mendivil"
2026-10-04,global,Global,top_videos_weekly,,17,https://i.ytimg.com/vi/FyS5dAywkEo/mqdefault.jpg,https://www.youtube.com/watch?v=FyS5dAywkEo,SaWaDiKa (Official Music Video),LISA,,,SaWaDiKa (Official Music Video) LISA
2026-10-04,global,Global,top_videos_weekly,,18,https://i.ytimg.com/vi/5Y3a06rJjoU/mqdefault.jpg,https://www.youtube.com/watch?v=5Y3a06rJjoU,Garee2a Awy (Live),TUL8TE,,,Garee2a Awy (Live) TUL8TE
2026-10-04,global,Global,top_videos_weekly,,19,https://i.ytimg.com/vi/z5y8Clp_TdE/mqdefault.jpg,https://www.youtube.com/watch?v=z5y8Clp_TdE,KALYANI (Remix),舒蕾亞·戈沙爾 / ARJN / FIFTY4 / KDS,,,"KALYANI (Remix) 舒蕾亞·戈沙爾 , ARJN , FIFTY4 & KDS"
2026-10-04,global,Global,top_videos_weekly,,20,https://i.ytimg.com/vi/is8UDe2PhKQ/mqdefault.jpg,https://www.youtube.com/watch?v=is8UDe2PhKQ,KATSEYE (캣츠아이) 'Hootie Frutti' Official MV,KATSEYE,,,KATSEYE (캣츠아이) 'Hootie Frutti' Official MV KATSEYE
2026-10-04,global,Global,top_videos_weekly,,21,https://i.ytimg.com/vi/jR3rWCBeO6M/mqdefault.jpg,https://www.youtube.com/watch?v=jR3rWCBeO6M,"Radhimaa [From ""Think Indie""]",Asma Teji / Sai Abhyankkar / Vivek / Nargis Teji,,,"Radhimaa [From ""Think Indie""] Asma Teji , Sai Abhyankkar , Vivek & Nargis Teji"
2026-10-04,global,Global,top_videos_weekly,,22,https://i.ytimg.com/vi/m7k9UMcHbr0/mqdefault.jpg,https://www.youtube.com/watch?v=m7k9UMcHbr0,"KATSEYE (캣츠아이) ""Animal"" Official MV",KATSEYE,,,"KATSEYE (캣츠아이) ""Animal"" Official MV KATSEYE"
2026-10-04,global,Global,top_videos_weekly,,23,https://i.ytimg.com/vi/ko70cExuzZM/mqdefault.jpg,https://www.youtube.com/watch?v=ko70cExuzZM,The Fate of Ophelia,Taylor Swift,,,The Fate of Ophelia Taylor Swift
2026-10-04,global,Global,top_videos_weekly,,24,https://i.ytimg.com/vi/q2IMrkhSjSA/mqdefault.jpg,https://www.youtube.com/watch?v=q2IMrkhSjSA,ÇOK GÜZEL GÜLÜYORSUN,Blok3 / Poizi,,,ÇOK GÜZEL GÜLÜYORSUN Blok3 & Poizi
2026-10-04,global,Global,top_videos_weekly,,25,https://i.ytimg.com/vi/zoBTw-1vzyY/mqdefault.jpg,https://www.youtube.com/watch?v=zoBTw-1vzyY,"Endhayya Saami | Ranabaali | Full Song | Vijay Deverakonda, Rashmika | Rahul Sankrityan | Ajay–Atul",T-Series Telugu,,,"Endhayya Saami | Ranabaali | Full Song | Vijay Deverakonda, Rashmika | Rahul Sankrityan | Ajay–Atul T-Series Telugu"
2026-10-04,global,Global,top_videos_weekly,,26,https://i.ytimg.com/vi/eJXL4-4m5nY/mqdefault.jpg,https://www.youtube.com/watch?v=eJXL4-4m5nY,BTS (방탄소년단) ‘Merry Go Round’ Official MV,防彈少年團,,,BTS (방탄소년단) ‘Merry Go Round’ Official MV 防彈少年團
2026-10-04,global,Global,top_videos_weekly,,27,https://i.ytimg.com/vi/A7ShtPRP2Mc/mqdefault.jpg,https://www.youtube.com/watch?v=A7ShtPRP2Mc,Kayıp Kalp,Blok3,,,Kayıp Kalp Blok3
2026-10-04,global,Global,top_videos_weekly,,28,https://i.ytimg.com/vi/u9MpnqWC6Xg/mqdefault.jpg,https://www.youtube.com/watch?v=u9MpnqWC6Xg,"Afsaana Banaaya Aapne (From ""Gunmaaster G9”)",希梅什·雷希漢米亞 / Asees Kaur,,,"Afsaana Banaaya Aapne (From ""Gunmaaster G9”) 希梅什·雷希漢米亞 & Asees Kaur"
2026-10-04,global,Global,top_videos_weekly,,29,https://i.ytimg.com/vi/69L-nKRY3ac/mqdefault.jpg,https://www.youtube.com/watch?v=69L-nKRY3ac,Sebebi Yar,Blok3,,,Sebebi Yar Blok3
2026-10-04,global,Global,top_videos_weekly,,30,https://i.ytimg.com/vi/rjfxLq3OQ0w/mqdefault.jpg,https://www.youtube.com/watch?v=rjfxLq3OQ0w,Parvati,Sadhu Tiwari,,,Parvati Sadhu Tiwari
2026-10-04,global,Global,top_videos_weekly,,31,https://i.ytimg.com/vi/u9BdaJTWeiw/mqdefault.jpg,https://www.youtube.com/watch?v=u9BdaJTWeiw,Barbaadi,Shilpi Raj,,,Barbaadi Shilpi Raj
2026-10-04,global,Global,top_videos_weekly,,32,https://i.ytimg.com/vi/8F2s8ivKXNY/mqdefault.jpg,https://www.youtube.com/watch?v=8F2s8ivKXNY,Life Goes On,Oliver Tree,,,Life Goes On Oliver Tree
2026-10-04,global,Global,top_videos_weekly,,33,https://i.ytimg.com/vi/-1SgFHqxjlw/mqdefault.jpg,https://www.youtube.com/watch?v=-1SgFHqxjlw,SxyCip - Love All Day (Official Music Video),SxyCip,,,SxyCip - Love All Day (Official Music Video) SxyCip
2026-10-04,global,Global,top_videos_weekly,,34,https://i.ytimg.com/vi/vutbVGewIcg/mqdefault.jpg,https://www.youtube.com/watch?v=vutbVGewIcg,Las Mas Bonitas Son P*tas,Anuel AA,,,Las Mas Bonitas Son P*tas Anuel AA
2026-10-04,global,Global,top_videos_weekly,,35,https://i.ytimg.com/vi/F2m4HPLvj-4/mqdefault.jpg,https://www.youtube.com/watch?v=F2m4HPLvj-4,Jaiye Sajana,雅斯文·桑德拉斯 / 施廷德·薩爾塔 / 沙赫瓦特·薩赫迪夫,,,"Jaiye Sajana 雅斯文·桑德拉斯 , 施廷德·薩爾塔 & 沙赫瓦特·薩赫迪夫"
2026-10-04,global,Global,top_videos_weekly,,36,https://i.ytimg.com/vi/-FBwd9cWJoQ/mqdefault.jpg,https://www.youtube.com/watch?v=-FBwd9cWJoQ,Kırgınım,Blok3,"6月 4, 2026",7610317,"36 1 Kırgınım Blok3 6月 4, 2026 37 17 7,610,317"
2026-10-04,global,Global,top_videos_weekly,,37,https://i.ytimg.com/vi/SQ4jZ-EAL88/mqdefault.jpg,https://www.youtube.com/watch?v=SQ4jZ-EAL88,Vaaroon Forever (Official Video) | Mirzapur The Movie | Shreya Ghoshal | Romy | Anand B | Ginny D,阿南德·巴斯卡爾 / Ginny Diwan / Shreya Ghoshal,,,"Vaaroon Forever (Official Video) | Mirzapur The Movie | Shreya Ghoshal | Romy | Anand B | Ginny D 阿南德·巴斯卡爾 , Ginny Diwan & Shreya Ghoshal"
2026-10-04,global,Global,top_videos_weekly,,38,https://i.ytimg.com/vi/BpR280fXISA/mqdefault.jpg,https://www.youtube.com/watch?v=BpR280fXISA,Taylor Swift - Patient Zero (Official Lyric Video),Taylor Swift,,,Taylor Swift - Patient Zero (Official Lyric Video) Taylor Swift
2026-10-04,global,Global,top_videos_weekly,,39,https://i.ytimg.com/vi/RO75uUZiAw0/mqdefault.jpg,https://www.youtube.com/watch?v=RO75uUZiAw0,Teh Hijau,Tulus,"6月 29, 2026",7368018,"39 4 Teh Hijau Tulus 6月 29, 2026 35 12 7,368,018"
2026-10-04,global,Global,top_videos_weekly,,40,https://i.ytimg.com/vi/cL0KKSPjZf8/mqdefault.jpg,https://www.youtube.com/watch?v=cL0KKSPjZf8,Boom Shaka,KR$NA / Dhanda Nyoliwala,,,Boom Shaka KR$NA & Dhanda Nyoliwala
2026-10-04,global,Global,top_videos_weekly,,41,https://i.ytimg.com/vi/oafxkMv4xnc/mqdefault.jpg,https://www.youtube.com/watch?v=oafxkMv4xnc,Bairan,Banjaare,"2月 13, 2026",7188771,"41 1 Bairan Banjaare 2月 13, 2026 40 30 7,188,771"
2026-10-04,global,Global,top_videos_weekly,,42,https://i.ytimg.com/vi/b68HETiNO98/mqdefault.jpg,https://www.youtube.com/watch?v=b68HETiNO98,Pavazha Malli,Sai Abhyankkar / Shruti Haasan,,,Pavazha Malli Sai Abhyankkar & Shruti Haasan
2026-10-04,global,Global,top_videos_weekly,,43,https://i.ytimg.com/vi/6Db-cEgbmC4/mqdefault.jpg,https://www.youtube.com/watch?v=6Db-cEgbmC4,Mi Chico,Jason Derulo,,,Mi Chico Jason Derulo
2026-10-04,global,Global,top_videos_weekly,,44,https://i.ytimg.com/vi/uwfa-gyubSg/mqdefault.jpg,https://www.youtube.com/watch?v=uwfa-gyubSg,Hootie Frutti (Live from Saturday Night Live),KATSEYE,,,Hootie Frutti (Live from Saturday Night Live) KATSEYE
2026-10-04,global,Global,top_videos_weekly,,45,https://i.ytimg.com/vi/6rvUyBiBtik/mqdefault.jpg,https://www.youtube.com/watch?v=6rvUyBiBtik,Tera Mera Rishta,Sayeed Quadri / Mustafa Zahid / Pritam,,,"Tera Mera Rishta Sayeed Quadri , Mustafa Zahid & Pritam"
2026-10-04,global,Global,top_videos_weekly,,46,https://i.ytimg.com/vi/Pq7UxbWeRU0/mqdefault.jpg,https://www.youtube.com/watch?v=Pq7UxbWeRU0,GHOSTFACE KILLAH (Official Video) | Sidhu Moose Wala | Mxrci | Navkaran Brar,Sidhu Moose Wala,,,GHOSTFACE KILLAH (Official Video) | Sidhu Moose Wala | Mxrci | Navkaran Brar Sidhu Moose Wala
2026-10-04,global,Global,top_videos_weekly,,47,https://i.ytimg.com/vi/XXYlFuWEuKI/mqdefault.jpg,https://www.youtube.com/watch?v=XXYlFuWEuKI,Save Your Tears,The Weeknd,,,Save Your Tears The Weeknd
2026-10-04,global,Global,top_videos_weekly,,48,https://i.ytimg.com/vi/2yreX_ZCfgM/mqdefault.jpg,https://www.youtube.com/watch?v=2yreX_ZCfgM,Peão Todo Tatuado,Mariana Fagundes / jeninho,,,Peão Todo Tatuado Mariana Fagundes & jeninho
2026-10-04,global,Global,top_videos_weekly,,49,https://i.ytimg.com/vi/OQac93ARgQE/mqdefault.jpg,https://www.youtube.com/watch?v=OQac93ARgQE,Nano,Saint Levant / TUL8TE,,,Nano Saint Levant & TUL8TE
2026-10-04,global,Global,top_videos_weekly,,50,https://i.ytimg.com/vi/bMhDJ0S0OBA/mqdefault.jpg,https://www.youtube.com/watch?v=bMhDJ0S0OBA,It's Me,ILLIT,"4月 30, 2026",6735177,"50 6 It's Me ILLIT 4月 30, 2026 44 22 6,735,177"
2026-10-04,global,Global,top_videos_weekly,,51,https://i.ytimg.com/vi/27C4pfRsf9g/mqdefault.jpg,https://www.youtube.com/watch?v=27C4pfRsf9g,ICONIC BY MISTAKE,LE SSERAFIM / ILLIT / KATSEYE,,,"ICONIC BY MISTAKE LE SSERAFIM , ILLIT & KATSEYE"
2026-10-04,global,Global,top_videos_weekly,,52,https://i.ytimg.com/vi/Md7kqHsWWs4/mqdefault.jpg,https://www.youtube.com/watch?v=Md7kqHsWWs4,Six Seven,Laurinha Costa / SoundMusic Original / Dj Cabello / Dj Tchouzen,,,"Six Seven Laurinha Costa , SoundMusic Original , Dj Cabello & Dj Tchouzen"
2026-10-04,global,Global,top_videos_weekly,,53,https://i.ytimg.com/vi/x9yop0nYR9g/mqdefault.jpg,https://www.youtube.com/watch?v=x9yop0nYR9g,HOTEL LOBBY (Unc & Phew) (- A COLORS SHOW),Takeoff / Quavo,,,HOTEL LOBBY (Unc & Phew) (- A COLORS SHOW) Takeoff & Quavo
2026-10-04,global,Global,top_videos_weekly,,54,https://i.ytimg.com/vi/elNce4ixLmE/mqdefault.jpg,https://www.youtube.com/watch?v=elNce4ixLmE,Hootie Frutti,KATSEYE,,,Hootie Frutti KATSEYE
2026-10-04,global,Global,top_videos_weekly,,55,https://i.ytimg.com/vi/awftKqYV8Ss/mqdefault.jpg,https://www.youtube.com/watch?v=awftKqYV8Ss,Mon Befana,Tosiba Begum / Ashraful Pavel,,,Mon Befana Tosiba Begum & Ashraful Pavel
2026-10-04,global,Global,top_videos_weekly,,56,https://i.ytimg.com/vi/zC3UbTf4qrM/mqdefault.jpg,https://www.youtube.com/watch?v=zC3UbTf4qrM,YA BABA (FITNA FAREBI),阿米塔布·巴塔查亞 / Nakash Aziz,,,YA BABA (FITNA FAREBI) 阿米塔布·巴塔查亞 & Nakash Aziz
2026-10-04,global,Global,top_videos_weekly,,57,https://i.ytimg.com/vi/eVTXPUF4Oz4/mqdefault.jpg,https://www.youtube.com/watch?v=eVTXPUF4Oz4,In the End,Linkin Park,,,In the End Linkin Park
2026-10-04,global,Global,top_videos_weekly,,58,https://i.ytimg.com/vi/QnQnz9G2LNw/mqdefault.jpg,https://www.youtube.com/watch?v=QnQnz9G2LNw,MALLEPOOLA PALLAKI (Song) | Ravi Teja | GV Prakash | Dappu Srinu | Shiva Nirvana | Irumudi,Sunkara Anjaneyulu / Yugabharathi / G.V. Prakash Kumar / Velmurugan,,,"MALLEPOOLA PALLAKI (Song) | Ravi Teja | GV Prakash | Dappu Srinu | Shiva Nirvana | Irumudi Sunkara Anjaneyulu , Yugabharathi , G.V. Prakash Kumar & Velmurugan"
2026-10-04,global,Global,top_videos_weekly,,59,https://i.ytimg.com/vi/7w7LUaLpM4E/mqdefault.jpg,https://www.youtube.com/watch?v=7w7LUaLpM4E,MALLEPOOLA PALLAKI 8K VIDEO | RAVI TEJA | GV PRAKASH | DAPPU SRINU | IRUMUDI | AYYAPPA SONG,Sunkara Anjaneyulu / Yugabharathi / G.V. Prakash Kumar / Velmurugan,,,"MALLEPOOLA PALLAKI 8K VIDEO | RAVI TEJA | GV PRAKASH | DAPPU SRINU | IRUMUDI | AYYAPPA SONG Sunkara Anjaneyulu , Yugabharathi , G.V. Prakash Kumar & Velmurugan"
2026-10-04,global,Global,top_videos_weekly,,60,https://i.ytimg.com/vi/kG0z7hwY3as/mqdefault.jpg,https://www.youtube.com/watch?v=kG0z7hwY3as,Debut,KATSEYE,"7月 2, 2024",5609980,"60 1 Debut KATSEYE 7月 2, 2024 59 20 5,609,980"
2026-10-04,global,Global,top_videos_weekly,,61,https://i.ytimg.com/vi/PkMKJEkE8Mo/mqdefault.jpg,https://www.youtube.com/watch?v=PkMKJEkE8Mo,Gnarly,KATSEYE,"5月 5, 2025",5584374,"61 3 Gnarly KATSEYE 5月 5, 2025 64 13 5,584,374"
2026-10-04,global,Global,top_videos_weekly,,62,https://i.ytimg.com/vi/x6_mbnsh6VU/mqdefault.jpg,https://www.youtube.com/watch?v=x6_mbnsh6VU,STORM I & II,Gener8ion / Yung Lean,,,STORM I & II Gener8ion & Yung Lean
2026-10-04,global,Global,top_videos_weekly,,63,https://i.ytimg.com/vi/3sB4Iv_tM7U/mqdefault.jpg,https://www.youtube.com/watch?v=3sB4Iv_tM7U,Nicole Kidman,ADÉLA,,,Nicole Kidman ADÉLA
2026-10-04,global,Global,top_videos_weekly,,64,https://i.ytimg.com/vi/a1Femq4NPxs/mqdefault.jpg,https://www.youtube.com/watch?v=a1Femq4NPxs,BAILE INoLVIDABLE,Bad Bunny,,,BAILE INoLVIDABLE Bad Bunny
2026-10-04,global,Global,top_videos_weekly,,65,https://i.ytimg.com/vi/Oyw1Eo21q5k/mqdefault.jpg,https://www.youtube.com/watch?v=Oyw1Eo21q5k,Kabze,Bintu Pabra / Shiva Choudhary,,,Kabze Bintu Pabra & Shiva Choudhary
2026-10-04,global,Global,top_videos_weekly,,66,https://i.ytimg.com/vi/3XfUeyDCH6k/mqdefault.jpg,https://www.youtube.com/watch?v=3XfUeyDCH6k,Narayanamma,Ram Miriyala / Singer Prabha,,,Narayanamma Ram Miriyala & Singer Prabha
2026-10-04,global,Global,top_videos_weekly,,67,https://i.ytimg.com/vi/1P2Cin0qTI4/mqdefault.jpg,https://www.youtube.com/watch?v=1P2Cin0qTI4,Bessan Ismail - 3AL 3EIN (Official Music Video) | بيسان اسماعيل - عالعين,Bessan Ismail Music,,,Bessan Ismail - 3AL 3EIN (Official Music Video) | بيسان اسماعيل - عالعين Bessan Ismail Music
2026-10-04,global,Global,top_videos_weekly,,68,https://i.ytimg.com/vi/FCRb4kjnRx4/mqdefault.jpg,https://www.youtube.com/watch?v=FCRb4kjnRx4,"Chhathi Maiya (From ""The Vvaan"")",Kaushal Kishore / Vishal Mishra,,,"Chhathi Maiya (From ""The Vvaan"") Kaushal Kishore & Vishal Mishra"
2026-10-04,global,Global,top_videos_weekly,,69,https://i.ytimg.com/vi/I_46tPHvVOw/mqdefault.jpg,https://www.youtube.com/watch?v=I_46tPHvVOw,DICHAVATE,Ya Ice Dilan / Rey Tony / Helabusador / JipMusic Global / dj honda,,,"DICHAVATE Ya Ice Dilan , Rey Tony , Helabusador , JipMusic Global & dj honda"
2026-10-04,global,Global,top_videos_weekly,,70,https://i.ytimg.com/vi/znlFu_lemsU/mqdefault.jpg,https://www.youtube.com/watch?v=znlFu_lemsU,Family Affair,Mary J. Blige,,,Family Affair Mary J. Blige
2026-10-04,global,Global,top_videos_weekly,,71,https://i.ytimg.com/vi/N0KfiOTSpxs/mqdefault.jpg,https://www.youtube.com/watch?v=N0KfiOTSpxs,"Kalyana Virundhu (From ""Dorothy"")",安東尼·達桑 / Priya Jerson / Ilaiyaraaja / Yugendran Vasudevan,,,"Kalyana Virundhu (From ""Dorothy"") 安東尼·達桑 , Priya Jerson , Ilaiyaraaja & Yugendran Vasudevan"
2026-10-04,global,Global,top_videos_weekly,,72,https://i.ytimg.com/vi/qpIdoaaPa6U/mqdefault.jpg,https://www.youtube.com/watch?v=qpIdoaaPa6U,Jeene Laga Hoon (Lyrical),薩辛-吉格爾,,,Jeene Laga Hoon (Lyrical) 薩辛-吉格爾
2026-10-04,global,Global,top_videos_weekly,,73,https://i.ytimg.com/vi/0pg0raFMNIU/mqdefault.jpg,https://www.youtube.com/watch?v=0pg0raFMNIU,Toz Pembe,manifest,,,Toz Pembe manifest
2026-10-04,global,Global,top_videos_weekly,,74,https://i.ytimg.com/vi/9udS0mpi1L4/mqdefault.jpg,https://www.youtube.com/watch?v=9udS0mpi1L4,Udaarian,施廷德·薩爾塔,,,Udaarian 施廷德·薩爾塔
2026-10-04,global,Global,top_videos_weekly,,75,https://i.ytimg.com/vi/7VsejGzcJmM/mqdefault.jpg,https://www.youtube.com/watch?v=7VsejGzcJmM,Alaakaa Loova,Sai Abhyankkar,,,Alaakaa Loova Sai Abhyankkar
2026-10-04,global,Global,top_videos_weekly,,76,https://i.ytimg.com/vi/4F2jDMgioqk/mqdefault.jpg,https://www.youtube.com/watch?v=4F2jDMgioqk,"Saanson Ko (From ""Zid"")",Toshi Sabri / Arijit Singh,,,"Saanson Ko (From ""Zid"") Toshi Sabri & Arijit Singh"
2026-10-04,global,Global,top_videos_weekly,,77,https://i.ytimg.com/vi/23cipSExADA/mqdefault.jpg,https://www.youtube.com/watch?v=23cipSExADA,เพราะพี่รักจริง (Live Session),หนึ่ง บีเคแบนด์,,,เพราะพี่รักจริง (Live Session) หนึ่ง บีเคแบนด์
2026-10-04,global,Global,top_videos_weekly,,78,https://i.ytimg.com/vi/5RT6QMKJTjQ/mqdefault.jpg,https://www.youtube.com/watch?v=5RT6QMKJTjQ,Ishq Sufiyana,Kamal Khan,,,Ishq Sufiyana Kamal Khan
2026-10-04,global,Global,top_videos_weekly,,79,https://i.ytimg.com/vi/dTWEFx3DeM8/mqdefault.jpg,https://www.youtube.com/watch?v=dTWEFx3DeM8,Anor,Mirjalol Nematov,,,Anor Mirjalol Nematov
2026-10-04,global,Global,top_videos_weekly,,80,https://i.ytimg.com/vi/pCPYb7KPoUc/mqdefault.jpg,https://www.youtube.com/watch?v=pCPYb7KPoUc,Doma,Jósean Log,"10月 14, 2017",4774831,"80 5 Doma Jósean Log 10月 14, 2017 85 14 4,774,831"
2026-10-04,global,Global,top_videos_weekly,,81,https://i.ytimg.com/vi/pTQiOMm_53Y/mqdefault.jpg,https://www.youtube.com/watch?v=pTQiOMm_53Y,ไม่ได้เลวขนาดนั้น,PORZAX,,,ไม่ได้เลวขนาดนั้น PORZAX
2026-10-04,global,Global,top_videos_weekly,,82,https://i.ytimg.com/vi/-q_S27LbNKU/mqdefault.jpg,https://www.youtube.com/watch?v=-q_S27LbNKU,BAD,ATEEZ,"6月 25, 2026",4614492,"82 10 BAD ATEEZ 6月 25, 2026 72 14 4,614,492"
2026-10-04,global,Global,top_videos_weekly,,83,https://i.ytimg.com/vi/raDwH64gOWM/mqdefault.jpg,https://www.youtube.com/watch?v=raDwH64gOWM,Video | लहंगा लहके लहके | #Pawan Singh | Lehanga Lahke Lahke | #Shilpi Raj | New Bhojpuri Song 2026,Neelkamal Singh / Shilpi Raj,,2026,Video | लहंगा लहके लहके | #Pawan Singh | Lehanga Lahke Lahke | #Shilpi Raj | New Bhojpuri Song 2026 Neelkamal Singh & Shilpi Raj
2026-10-04,global,Global,top_videos_weekly,,84,https://i.ytimg.com/vi/CEbB9kdu8ng/mqdefault.jpg,https://www.youtube.com/watch?v=CEbB9kdu8ng,Guzarish,Satinder Sartaaj,,,Guzarish Satinder Sartaaj
2026-10-04,global,Global,top_videos_weekly,,85,https://i.ytimg.com/vi/DY31OTsxdBY/mqdefault.jpg,https://www.youtube.com/watch?v=DY31OTsxdBY,Full Video: Yaalalo Yaalalo | Irumudi | Ravi Teja | GV Prakash | Hesham | Shiva Nirvana,Hesham Abdul Wahab / Sadhika K R / Balaji Venugopal / G.V. Prakash Kumar,,,"Full Video: Yaalalo Yaalalo | Irumudi | Ravi Teja | GV Prakash | Hesham | Shiva Nirvana Hesham Abdul Wahab , Sadhika K R , Balaji Venugopal & G.V. Prakash Kumar"
2026-10-04,global,Global,top_videos_weekly,,86,https://i.ytimg.com/vi/uOrhBw3N3NM/mqdefault.jpg,https://www.youtube.com/watch?v=uOrhBw3N3NM,80 Lakh,D Naveen / Shiva Choudhary / Sweta Chauhan / Kala Dighal,,,"80 Lakh D Naveen , Shiva Choudhary , Sweta Chauhan & Kala Dighal"
2026-10-04,global,Global,top_videos_weekly,,87,https://i.ytimg.com/vi/mz9F6mCFftI/mqdefault.jpg,https://www.youtube.com/watch?v=mz9F6mCFftI,Assala,Assala,"8月 3, 2026",4488828,"87 25 Assala Assala 8月 3, 2026 62 3 4,488,828"
2026-10-04,global,Global,top_videos_weekly,,88,https://i.ytimg.com/vi/hLQl3WQQoQ0/mqdefault.jpg,https://www.youtube.com/watch?v=hLQl3WQQoQ0,Someone Like You,Adele,,,Someone Like You Adele
2026-10-04,global,Global,top_videos_weekly,,89,https://i.ytimg.com/vi/1a3REFH83WA/mqdefault.jpg,https://www.youtube.com/watch?v=1a3REFH83WA,El Mayor de los Ranas (En Vivo),Grupo Marca Registrada / Victor Valverde,,,El Mayor de los Ranas (En Vivo) Grupo Marca Registrada & Victor Valverde
2026-10-04,global,Global,top_videos_weekly,,90,https://i.ytimg.com/vi/BZ4UzthYTss/mqdefault.jpg,https://www.youtube.com/watch?v=BZ4UzthYTss,This & That,Stray Kids,,,This & That Stray Kids
2026-10-04,global,Global,top_videos_weekly,,91,https://i.ytimg.com/vi/a9Hxkc9YxGE/mqdefault.jpg,https://www.youtube.com/watch?v=a9Hxkc9YxGE,"Bulleya (From ""Sultan"")",Papon / 維沙爾·謝卡爾,,,"Bulleya (From ""Sultan"") Papon & 維沙爾·謝卡爾"
2026-10-04,global,Global,top_videos_weekly,,92,https://i.ytimg.com/vi/ZVVylrAkmfg/mqdefault.jpg,https://www.youtube.com/watch?v=ZVVylrAkmfg,Benim Olsana,CRUSH,,,Benim Olsana CRUSH
2026-10-04,global,Global,top_videos_weekly,,93,https://i.ytimg.com/vi/0NFxcNheoLc/mqdefault.jpg,https://www.youtube.com/watch?v=0NFxcNheoLc,Banjaara,穆罕默德·伊爾凡,,,Banjaara 穆罕默德·伊爾凡
2026-10-04,global,Global,top_videos_weekly,,94,https://i.ytimg.com/vi/0EY9cEoXLCM/mqdefault.jpg,https://www.youtube.com/watch?v=0EY9cEoXLCM,Dandy Hats,El Rabbanito,,,Dandy Hats El Rabbanito
2026-10-04,global,Global,top_videos_weekly,,95,https://i.ytimg.com/vi/d_HlPboLRL8/mqdefault.jpg,https://www.youtube.com/watch?v=d_HlPboLRL8,Runaway,AURORA,"2月 26, 2015",4292856,"95 95 Runaway AURORA 2月 26, 2015 - 13 4,292,856"
2026-10-04,global,Global,top_videos_weekly,,96,https://i.ytimg.com/vi/uelHwf8o7_U/mqdefault.jpg,https://www.youtube.com/watch?v=uelHwf8o7_U,Love The Way You Lie,Eminem,,,Love The Way You Lie Eminem
2026-10-04,global,Global,top_videos_weekly,,97,https://i.ytimg.com/vi/P-gPYtr2cGU/mqdefault.jpg,https://www.youtube.com/watch?v=P-gPYtr2cGU,Seethakoka,Ahmed Khan Durani (AKD),,,Seethakoka Ahmed Khan Durani (AKD)
2026-10-04,global,Global,top_videos_weekly,,98,https://i.ytimg.com/vi/kTXilT_KbUM/mqdefault.jpg,https://www.youtube.com/watch?v=kTXilT_KbUM,Tum Jo Aaye,Rahat Fateh Ali Khan / Tulsi Kumar,,,Tum Jo Aaye Rahat Fateh Ali Khan & Tulsi Kumar
2026-10-04,global,Global,top_videos_weekly,,99,https://i.ytimg.com/vi/nUsrYVxrDwI/mqdefault.jpg,https://www.youtube.com/watch?v=nUsrYVxrDwI,Choosin' Texas,Ella Langley,,,Choosin' Texas Ella Langley
2026-10-04,global,Global,top_videos_weekly,,100,https://i.ytimg.com/vi/YQ-qToZUybM/mqdefault.jpg,https://www.youtube.com/watch?v=YQ-qToZUybM,Die For You (Remix),威肯 / 雅瑞安娜·格蘭德,,,Die For You (Remix) 威肯 & 雅瑞安娜·格蘭德
2026-10-04,tw,Taiwan,top_videos_weekly,,1,https://i.ytimg.com/vi/YacpC7sUXMM/mqdefault.jpg,https://www.youtube.com/watch?v=YacpC7sUXMM,甲乙丙丁Strangers (伴奏),Li Jiawei,,,甲乙丙丁Strangers (伴奏) Li Jiawei
2026-10-04,tw,Taiwan,top_videos_weekly,,2,https://i.ytimg.com/vi/7mDDM0eBWR0/mqdefault.jpg,https://www.youtube.com/watch?v=7mDDM0eBWR0,소연 (SOYEON) '퇴사할게여 (Narr. 기안84)' Official Music Video,i-dle (아이들),,,소연 (SOYEON) '퇴사할게여 (Narr. 기안84)' Official Music Video i-dle (아이들)
2026-10-04,tw,Taiwan,top_videos_weekly,,3,https://i.ytimg.com/vi/mQUek1GYfvs/mqdefault.jpg,https://www.youtube.com/watch?v=mQUek1GYfvs,對等關係,李榮浩,"1月 27, 2022",324603,"3 ● 對等關係 李榮浩 1月 27, 2022 3 4 324,603"
2026-10-04,tw,Taiwan,top_videos_weekly,,4,https://i.ytimg.com/vi/i5YRIjxyJP8/mqdefault.jpg,https://www.youtube.com/watch?v=i5YRIjxyJP8,太陽與地球,盧廣仲,"9月 16, 2025",319708,"4 ● 太陽與地球 盧廣仲 9月 16, 2025 4 24 319,708"
2026-10-04,tw,Taiwan,top_videos_weekly,,5,https://i.ytimg.com/vi/eB-IK2wPWzw/mqdefault.jpg,https://www.youtube.com/watch?v=eB-IK2wPWzw,BAD,ATEEZ,"8月 1, 2026",282676,"5 6 BAD ATEEZ 8月 1, 2026 11 8 282,676"
2026-10-04,tw,Taiwan,top_videos_weekly,,6,https://i.ytimg.com/vi/-q_S27LbNKU/mqdefault.jpg,https://www.youtube.com/watch?v=-q_S27LbNKU,BAD,ATEEZ,"6月 25, 2026",279108,"6 1 BAD ATEEZ 6月 25, 2026 7 14 279,108"
2026-10-04,tw,Taiwan,top_videos_weekly,,7,https://i.ytimg.com/vi/3rB3n_XR23o/mqdefault.jpg,https://www.youtube.com/watch?v=3rB3n_XR23o,我不該動情,老闆,"7月 1, 2026",279061,"7 1 我不該動情 老板 7月 1, 2026 6 13 279,061"
2026-10-04,tw,Taiwan,top_videos_weekly,,8,https://i.ytimg.com/vi/mpNKrWUhcy8/mqdefault.jpg,https://www.youtube.com/watch?v=mpNKrWUhcy8,不愛就不愛,艾薇,"12月 18, 2024",254462,"8 1 不愛就不愛 艾薇 12月 18, 2024 9 24 254,462"
2026-10-04,tw,Taiwan,top_videos_weekly,,9,https://i.ytimg.com/vi/p13tH7Etlzc/mqdefault.jpg,https://www.youtube.com/watch?v=p13tH7Etlzc,離開我的依賴,王艷薇,"2月 17, 2020",254068,"9 1 離開我的依賴 王艷薇 2月 17, 2020 8 22 254,068"
2026-10-04,tw,Taiwan,top_videos_weekly,,10,https://i.ytimg.com/vi/jeRu6h4XbUU/mqdefault.jpg,https://www.youtube.com/watch?v=jeRu6h4XbUU,幸福在歌唱,A-Lin,"12月 26, 2025",234505,"10 ● 幸福在歌唱 A-Lin 12月 26, 2025 10 24 234,505"
2026-10-04,tw,Taiwan,top_videos_weekly,,11,https://i.ytimg.com/vi/06UY21yZyQY/mqdefault.jpg,https://www.youtube.com/watch?v=06UY21yZyQY,日本房間,蛋堡,"9月 23, 2026",228615,"11 11 日本房間 蛋堡 9月 23, 2026 22 2 228,615"
2026-10-04,tw,Taiwan,top_videos_weekly,,12,https://i.ytimg.com/vi/Qe8fa4b5xNU/mqdefault.jpg,https://www.youtube.com/watch?v=Qe8fa4b5xNU,Good Goodbye,HWASA,,,Good Goodbye HWASA
2026-10-04,tw,Taiwan,top_videos_weekly,,13,https://i.ytimg.com/vi/376utoTabMI/mqdefault.jpg,https://www.youtube.com/watch?v=376utoTabMI,看著我的眼睛說,張遠 / 姚曉棠,,,看着我的眼睛说 张远 & 姚晓棠
2026-10-04,tw,Taiwan,top_videos_weekly,,14,https://i.ytimg.com/vi/dRSZhZT6r-Y/mqdefault.jpg,https://www.youtube.com/watch?v=dRSZhZT6r-Y,沒有人像我,宇宙人,"7月 2, 2026",202699,"14 1 沒有人像我 宇宙人 7月 2, 2026 13 13 202,699"
2026-10-04,tw,Taiwan,top_videos_weekly,,15,https://i.ytimg.com/vi/x6_mbnsh6VU/mqdefault.jpg,https://www.youtube.com/watch?v=x6_mbnsh6VU,STORM I & II,Gener8ion / Yung Lean,,,STORM I & II Gener8ion & Yung Lean
2026-10-04,tw,Taiwan,top_videos_weekly,,16,https://i.ytimg.com/vi/yebNIHKAC4A/mqdefault.jpg,https://www.youtube.com/watch?v=yebNIHKAC4A,Golden,HUNTR/X / EJAE / AUDREY NUNA / REI AMI / KPop Demon Hunters Cast,,,"Golden HUNTR/X , EJAE , AUDREY NUNA , REI AMI & KPop Demon Hunters Cast"
2026-10-04,tw,Taiwan,top_videos_weekly,,17,https://i.ytimg.com/vi/9cS2wv6AfHk/mqdefault.jpg,https://www.youtube.com/watch?v=9cS2wv6AfHk,I LIKE IT,BABYMONSTER,,,I LIKE IT BABYMONSTER
2026-10-04,tw,Taiwan,top_videos_weekly,,18,https://i.ytimg.com/vi/bMhDJ0S0OBA/mqdefault.jpg,https://www.youtube.com/watch?v=bMhDJ0S0OBA,It's Me,ILLIT,"4月 30, 2026",166908,"18 3 It's Me ILLIT 4月 30, 2026 21 23 166,908"
2026-10-04,tw,Taiwan,top_videos_weekly,,19,https://i.ytimg.com/vi/FyS5dAywkEo/mqdefault.jpg,https://www.youtube.com/watch?v=FyS5dAywkEo,SaWaDiKa (Official Music Video),LISA,,,SaWaDiKa (Official Music Video) LISA
2026-10-04,tw,Taiwan,top_videos_weekly,,20,https://i.ytimg.com/vi/x3eqqoZPV_E/mqdefault.jpg,https://www.youtube.com/watch?v=x3eqqoZPV_E,춤 (CHOOM),BABYMONSTER,,,춤 (CHOOM) BABYMONSTER
2026-10-04,tw,Taiwan,top_videos_weekly,,21,https://i.ytimg.com/vi/naoGk-Zjc1s/mqdefault.jpg,https://www.youtube.com/watch?v=naoGk-Zjc1s,SUGAR HONEY ICE TEA,BABYMONSTER,,,SUGAR HONEY ICE TEA BABYMONSTER
2026-10-04,tw,Taiwan,top_videos_weekly,,22,https://i.ytimg.com/vi/Lufa9QAFFeY/mqdefault.jpg,https://www.youtube.com/watch?v=Lufa9QAFFeY,new trick,ROSÉ,"9月 17, 2026",165023,"22 21 new trick ROSÉ 9月 17, 2026 1 2 165,023"
2026-10-04,tw,Taiwan,top_videos_weekly,,23,https://i.ytimg.com/vi/lQ-w9M447w0/mqdefault.jpg,https://www.youtube.com/watch?v=lQ-w9M447w0,CRASH,ALLDAY PROJECT,,,CRASH ALLDAY PROJECT
2026-10-04,tw,Taiwan,top_videos_weekly,,24,https://i.ytimg.com/vi/83C3TZ4Zm_o/mqdefault.jpg,https://www.youtube.com/watch?v=83C3TZ4Zm_o,LEMONADE,aespa,"5月 28, 2026",157291,"24 1 LEMONADE aespa 5月 28, 2026 25 18 157,291"
2026-10-04,tw,Taiwan,top_videos_weekly,,25,https://i.ytimg.com/vi/eJXL4-4m5nY/mqdefault.jpg,https://www.youtube.com/watch?v=eJXL4-4m5nY,BTS (방탄소년단) ‘Merry Go Round’ Official MV,防彈少年團,,,BTS (방탄소년단) ‘Merry Go Round’ Official MV 防彈少年團
2026-10-04,tw,Taiwan,top_videos_weekly,,26,https://i.ytimg.com/vi/osyH9yWWygA/mqdefault.jpg,https://www.youtube.com/watch?v=osyH9yWWygA,All For You,Eric Chou,,,All For You Eric Chou
2026-10-04,tw,Taiwan,top_videos_weekly,,27,https://i.ytimg.com/vi/_G3Nu8q9Z9s/mqdefault.jpg,https://www.youtube.com/watch?v=_G3Nu8q9Z9s,嘉賓,張遠,"6月 12, 2026",141792,"27 5 嘉宾 张远 6月 12, 2026 32 12 141,792"
2026-10-04,tw,Taiwan,top_videos_weekly,,28,https://i.ytimg.com/vi/8SsctW_2ICc/mqdefault.jpg,https://www.youtube.com/watch?v=8SsctW_2ICc,Good Goodbye,HWASA,,,Good Goodbye HWASA
2026-10-04,tw,Taiwan,top_videos_weekly,,29,https://i.ytimg.com/vi/kCA93dLzKP4/mqdefault.jpg,https://www.youtube.com/watch?v=kCA93dLzKP4,一個人,A-Lin,"6月 11, 2026",125654,"29 7 一個人 A-Lin 6月 11, 2026 36 16 125,654"
2026-10-04,tw,Taiwan,top_videos_weekly,,30,https://i.ytimg.com/vi/IWB0xk9lR88/mqdefault.jpg,https://www.youtube.com/watch?v=IWB0xk9lR88,左轉燈 (1000 Times+1),派偉俊,,1000,左轉燈 (1000 Times+1) 派偉俊
2026-10-04,tw,Taiwan,top_videos_weekly,,31,https://i.ytimg.com/vi/3RwRrxiG5j4/mqdefault.jpg,https://www.youtube.com/watch?v=3RwRrxiG5j4,Dear my crazy soulmate,IU,,,Dear my crazy soulmate IU
2026-10-04,tw,Taiwan,top_videos_weekly,,32,https://i.ytimg.com/vi/yd_uG3TtREs/mqdefault.jpg,https://www.youtube.com/watch?v=yd_uG3TtREs,PSYCHO,BABYMONSTER,,,PSYCHO BABYMONSTER
2026-10-04,tw,Taiwan,top_videos_weekly,,33,https://i.ytimg.com/vi/FB5-rPa5wBA/mqdefault.jpg,https://www.youtube.com/watch?v=FB5-rPa5wBA,玻璃,Gareth.T,"5月 20, 2026",110891,"33 12 玻璃 Gareth.T 5月 20, 2026 45 19 110,891"
2026-10-04,tw,Taiwan,top_videos_weekly,,34,https://i.ytimg.com/vi/KQM9hYlMXsI/mqdefault.jpg,https://www.youtube.com/watch?v=KQM9hYlMXsI,ALLDAY PROJECT - ‘DO IT LIKE THIS’ M/V,ALLDAY PROJECT,,,ALLDAY PROJECT - ‘DO IT LIKE THIS’ M/V ALLDAY PROJECT
2026-10-04,tw,Taiwan,top_videos_weekly,,35,https://i.ytimg.com/vi/RdUV9Ms5GM4/mqdefault.jpg,https://www.youtube.com/watch?v=RdUV9Ms5GM4,Dear my crazy soulmate,IU,,,Dear my crazy soulmate IU
2026-10-04,tw,Taiwan,top_videos_weekly,,36,https://i.ytimg.com/vi/3Y0Ut5ozaKs/mqdefault.jpg,https://www.youtube.com/watch?v=3Y0Ut5ozaKs,浪流連,茄子蛋,"9月 26, 2018",109572,"36 13 浪流連 茄子蛋 9月 26, 2018 49 3 109,572"
2026-10-04,tw,Taiwan,top_videos_weekly,,37,https://i.ytimg.com/vi/NPqtL1dtrlA/mqdefault.jpg,https://www.youtube.com/watch?v=NPqtL1dtrlA,Love Options(연애의 조건),BESTIE,,,Love Options(연애의 조건) BESTIE
2026-10-04,tw,Taiwan,top_videos_weekly,,38,https://i.ytimg.com/vi/PIgH3PeeY6g/mqdefault.jpg,https://www.youtube.com/watch?v=PIgH3PeeY6g,你咁擱愛我,林琇琪 / 沈建豪,"7月 16, 2026",106292,"38 1 你咁擱愛我 林琇琪 & 沈建豪 7月 16, 2026 39 11 106,292"
2026-10-04,tw,Taiwan,top_videos_weekly,,39,https://i.ytimg.com/vi/ZIvWrKYdMQE/mqdefault.jpg,https://www.youtube.com/watch?v=ZIvWrKYdMQE,浪人的…,張震嶽,"5月 13, 2025",106013,"39 12 浪人的… 張震嶽 5月 13, 2025 51 14 106,013"
2026-10-04,tw,Taiwan,top_videos_weekly,,40,https://i.ytimg.com/vi/zlAjS20q9pE/mqdefault.jpg,https://www.youtube.com/watch?v=zlAjS20q9pE,空心 (Live),黃霄雲 / 劉端端,,,空心 (Live) 黃霄雲 & 刘端端
2026-10-04,tw,Taiwan,top_videos_weekly,,41,https://i.ytimg.com/vi/IscPlLsh6iU/mqdefault.jpg,https://www.youtube.com/watch?v=IscPlLsh6iU,特別的人,方大同,"4月 27, 2014",101468,"41 New 特別的人 方大同 4月 27, 2014 - 1 101,468"
2026-10-04,tw,Taiwan,top_videos_weekly,,42,https://i.ytimg.com/vi/GWO5pqEy-X0/mqdefault.jpg,https://www.youtube.com/watch?v=GWO5pqEy-X0,陪你到這,陳華,"4月 17, 2026",100363,"42 5 陪你到這 陳華 4月 17, 2026 47 24 100,363"
2026-10-04,tw,Taiwan,top_videos_weekly,,43,https://i.ytimg.com/vi/7H1ObJvb7Hc/mqdefault.jpg,https://www.youtube.com/watch?v=7H1ObJvb7Hc,【純享版】張碧晨侯明昊老友重逢卻唱盡痛心！演繹李佳薇新歌《甲乙丙丁》 深情對唱層層遞進 將遺憾與不捨唱到極致 #天賜的聲音7 EP11 20260821,天賜的聲音,,20260821,【纯享版】张碧晨侯明昊老友重逢却唱尽痛心！演绎李佳薇新歌《甲乙丙丁》 深情对唱层层递进 将遗憾与不舍唱到极致 #天赐的声音7 EP11 20260821 天赐的声音
2026-10-04,tw,Taiwan,top_videos_weekly,,44,https://i.ytimg.com/vi/vEEpj8fTKwY/mqdefault.jpg,https://www.youtube.com/watch?v=vEEpj8fTKwY,愛你但說不出口,Karencici,,,愛你但說不出口 Karencici
2026-10-04,tw,Taiwan,top_videos_weekly,,45,https://i.ytimg.com/vi/F7sGJVUrkjQ/mqdefault.jpg,https://www.youtube.com/watch?v=F7sGJVUrkjQ,RUDE!,Hearts2Hearts,,,RUDE! Hearts2Hearts
2026-10-04,tw,Taiwan,top_videos_weekly,,46,https://i.ytimg.com/vi/9h2sIIfAoZE/mqdefault.jpg,https://www.youtube.com/watch?v=9h2sIIfAoZE,"Tr33 ft. 陳華Hua Chen - 早安，午安，晚安 Text of the day, we used to say (Official MV)",Tr33,,,"Tr33 ft. 陳華Hua Chen - 早安，午安，晚安 Text of the day, we used to say (Official MV) Tr33"
2026-10-04,tw,Taiwan,top_videos_weekly,,47,https://i.ytimg.com/vi/tkwD6DLp62k/mqdefault.jpg,https://www.youtube.com/watch?v=tkwD6DLp62k,我甘願重新愛過,玖壹壹,"5月 20, 2026",92381,"47 22 我甘願重新愛過 玖壹壹 5月 20, 2026 69 20 92,381"
2026-10-04,tw,Taiwan,top_videos_weekly,,48,https://i.ytimg.com/vi/0xlNP3tKfa4/mqdefault.jpg,https://www.youtube.com/watch?v=0xlNP3tKfa4,觀自在 (Remix),Marz23,,,觀自在 (Remix) Marz23
2026-10-04,tw,Taiwan,top_videos_weekly,,49,https://i.ytimg.com/vi/gN7RBHyXNFk/mqdefault.jpg,https://www.youtube.com/watch?v=gN7RBHyXNFk,別戀,派偉俊,"8月 10, 2026",90987,"49 9 別戀 派偉俊 8月 10, 2026 58 8 90,987"
2026-10-04,tw,Taiwan,top_videos_weekly,,50,https://i.ytimg.com/vi/BFAuO-mrhcA/mqdefault.jpg,https://www.youtube.com/watch?v=BFAuO-mrhcA,有你有我,玖壹壹,"6月 16, 2026",90809,"50 7 有你有我 玖壹壹 6月 16, 2026 57 16 90,809"
2026-10-04,tw,Taiwan,top_videos_weekly,,51,https://i.ytimg.com/vi/sQDBYHhCvps/mqdefault.jpg,https://www.youtube.com/watch?v=sQDBYHhCvps,綿綿無絕期,黃奇斌,"7月 10, 2026",89319,"51 13 綿綿無絕期 黃奇斌 7月 10, 2026 64 12 89,319"
2026-10-04,tw,Taiwan,top_videos_weekly,,52,https://i.ytimg.com/vi/qjKuHtrHkLg/mqdefault.jpg,https://www.youtube.com/watch?v=qjKuHtrHkLg,重逢,林琇琪,"8月 5, 2026",89133,"52 2 重逢 林琇琪 8月 5, 2026 54 8 89,133"
2026-10-04,tw,Taiwan,top_videos_weekly,,53,https://i.ytimg.com/vi/kELXLkU08aY/mqdefault.jpg,https://www.youtube.com/watch?v=kELXLkU08aY,草屯囝仔 Caotun Boyz - 想你的形影 When I Miss you (Official Music Video),草屯囝仔|臭屁嬰仔,,,草屯囝仔 Caotun Boyz - 想你的形影 When I Miss you (Official Music Video) 草屯囝仔|臭屁嬰仔
2026-10-04,tw,Taiwan,top_videos_weekly,,54,https://i.ytimg.com/vi/xXZwZ0DolJc/mqdefault.jpg,https://www.youtube.com/watch?v=xXZwZ0DolJc,MOON,BABYMONSTER,,,MOON BABYMONSTER
2026-10-04,tw,Taiwan,top_videos_weekly,,55,https://i.ytimg.com/vi/GDsyUtdS1YM/mqdefault.jpg,https://www.youtube.com/watch?v=GDsyUtdS1YM,我不難過,孫燕姿,"7月 20, 2017",85649,"55 17 我不難過 孫燕姿 7月 20, 2017 72 5 85,649"
2026-10-04,tw,Taiwan,top_videos_weekly,,56,https://i.ytimg.com/vi/_cTAlxWtmS4/mqdefault.jpg,https://www.youtube.com/watch?v=_cTAlxWtmS4,如果我很平庸,陳華,"6月 5, 2026",84837,"56 ● 如果我很平庸 陳華 6月 5, 2026 56 17 84,837"
2026-10-04,tw,Taiwan,top_videos_weekly,,57,https://i.ytimg.com/vi/8eOs7Zd-690/mqdefault.jpg,https://www.youtube.com/watch?v=8eOs7Zd-690,鹹酸苦汫 (電影《網紅老爸》片尾曲),王識賢 / 麋先生,,,鹹酸苦汫 (電影《網紅老爸》片尾曲) 王識賢 & 麋先生
2026-10-04,tw,Taiwan,top_videos_weekly,,58,https://i.ytimg.com/vi/1Qx6ktR3CEk/mqdefault.jpg,https://www.youtube.com/watch?v=1Qx6ktR3CEk,ALLDAY PROJECT - ‘TALK’ M/V,ALLDAY PROJECT,,,ALLDAY PROJECT - ‘TALK’ M/V ALLDAY PROJECT
2026-10-04,tw,Taiwan,top_videos_weekly,,59,https://i.ytimg.com/vi/GnSaLQTrvt0/mqdefault.jpg,https://www.youtube.com/watch?v=GnSaLQTrvt0,Good Goodbye,HWASA,,,Good Goodbye HWASA
2026-10-04,tw,Taiwan,top_videos_weekly,,60,https://i.ytimg.com/vi/3DcoC8p9az8/mqdefault.jpg,https://www.youtube.com/watch?v=3DcoC8p9az8,Training Season (Live),Dua Lipa,,,Training Season (Live) Dua Lipa
2026-10-04,tw,Taiwan,top_videos_weekly,,61,https://i.ytimg.com/vi/L8ZnXgbyUuc/mqdefault.jpg,https://www.youtube.com/watch?v=L8ZnXgbyUuc,BIGBANG - ‘BiiiG’ M/V,BIGBANG,,,BIGBANG - ‘BiiiG’ M/V BIGBANG
2026-10-04,tw,Taiwan,top_videos_weekly,,62,https://i.ytimg.com/vi/2rVheesBCv8/mqdefault.jpg,https://www.youtube.com/watch?v=2rVheesBCv8,理想混蛋 Bestards【最後一個謊 One Last Bouquet】Official Music Video,理想混蛋 Bestards,,,理想混蛋 Bestards【最後一個謊 One Last Bouquet】Official Music Video 理想混蛋 Bestards
2026-10-04,tw,Taiwan,top_videos_weekly,,63,https://i.ytimg.com/vi/xsBQtngzcSs/mqdefault.jpg,https://www.youtube.com/watch?v=xsBQtngzcSs,螺旋 (RASEN) (Acoustic Ver.) - RASEN Acoustic Ver,9Lana,,,螺旋 (RASEN) (Acoustic Ver.) - RASEN Acoustic Ver 9Lana
2026-10-04,tw,Taiwan,top_videos_weekly,,64,https://i.ytimg.com/vi/PTaXHjz6okQ/mqdefault.jpg,https://www.youtube.com/watch?v=PTaXHjz6okQ,老朋友,黃奇斌,"8月 28, 2026",77716,"64 16 老朋友 黃奇斌 8月 28, 2026 48 5 77,716"
2026-10-04,tw,Taiwan,top_videos_weekly,,65,https://i.ytimg.com/vi/_l9GO77oKDg/mqdefault.jpg,https://www.youtube.com/watch?v=_l9GO77oKDg,晩餐歌 - Bansanka,tuki.,,,晩餐歌 - Bansanka tuki.
2026-10-04,tw,Taiwan,top_videos_weekly,,66,https://i.ytimg.com/vi/Ycn5KUpvAg8/mqdefault.jpg,https://www.youtube.com/watch?v=Ycn5KUpvAg8,八三夭 feat. 蕭煌奇 [ 慢冷 ] Live MV,八三夭,,,八三夭 feat. 蕭煌奇 [ 慢冷 ] Live MV 八三夭
2026-10-04,tw,Taiwan,top_videos_weekly,,67,https://i.ytimg.com/vi/JbRgxtJ2rUE/mqdefault.jpg,https://www.youtube.com/watch?v=JbRgxtJ2rUE,YESUNG 예성 'Winds of Time' MV,SMTOWN,,,YESUNG 예성 'Winds of Time' MV SMTOWN
2026-10-04,tw,Taiwan,top_videos_weekly,,68,https://i.ytimg.com/vi/rNpeCVWahkY/mqdefault.jpg,https://www.youtube.com/watch?v=rNpeCVWahkY,同甘共苦,沈建豪 / 陳淑萍,"7月 6, 2026",71796,"68 7 同甘共苦 沈建豪 & 陳淑萍 7月 6, 2026 61 3 71,796"
2026-10-04,tw,Taiwan,top_videos_weekly,,69,https://i.ytimg.com/vi/oec9R5ypf-o/mqdefault.jpg,https://www.youtube.com/watch?v=oec9R5ypf-o,雨愛,楊丞琳,"10月 29, 2010",70328,"69 7 雨愛 楊丞琳 10月 29, 2010 76 4 70,328"
2026-10-04,tw,Taiwan,top_videos_weekly,,70,https://i.ytimg.com/vi/ccviI2q9HTE/mqdefault.jpg,https://www.youtube.com/watch?v=ccviI2q9HTE,【影視劇ost】劉宇寧 | 她《早春晴朗》電視劇欒念人物曲&片頭曲 The Early Spring OST #井柏然 #孫千 #lyrics #早春晴朗,劇好聽,,,【影視劇ost】劉宇寧 | 她《早春晴朗》電視劇欒念人物曲&片頭曲 The Early Spring OST #井柏然 #孫千 #lyrics #早春晴朗 剧好听
2026-10-04,tw,Taiwan,top_videos_weekly,,71,https://i.ytimg.com/vi/0ZUo_HhB564/mqdefault.jpg,https://www.youtube.com/watch?v=0ZUo_HhB564,Travel is Meaningful,陳綺貞,,,Travel is Meaningful 陳綺貞
2026-10-04,tw,Taiwan,top_videos_weekly,,72,https://i.ytimg.com/vi/sf02ugzPFE4/mqdefault.jpg,https://www.youtube.com/watch?v=sf02ugzPFE4,CLICK,JISOO,"9月 3, 2026",69629,"72 20 CLICK JISOO 9月 3, 2026 52 4 69,629"
2026-10-04,tw,Taiwan,top_videos_weekly,,73,https://i.ytimg.com/vi/av8RjbM3aQ0/mqdefault.jpg,https://www.youtube.com/watch?v=av8RjbM3aQ0,愛 請問怎麼走,A-Lin,"11月 23, 2012",69269,"73 7 愛 請問怎麼走 A-Lin 11月 23, 2012 80 8 69,269"
2026-10-04,tw,Taiwan,top_videos_weekly,,74,https://i.ytimg.com/vi/bpHBIO-Ridc/mqdefault.jpg,https://www.youtube.com/watch?v=bpHBIO-Ridc,アイデンティティ - identity,Kanaria,,,アイデンティティ - identity Kanaria
2026-10-04,tw,Taiwan,top_videos_weekly,,75,https://i.ytimg.com/vi/lHjqIe9XMCE/mqdefault.jpg,https://www.youtube.com/watch?v=lHjqIe9XMCE,李婷雪 - 你不該權衡利弊『你不該權衡利弊 衡量我的真心，畢竟我從未對你有過虛情假意。』【高音質HD|動態歌詞Lyrics】♫,4K Music Make,,,李婷雪 - 你不該權衡利弊『你不該權衡利弊 衡量我的真心，畢竟我從未對你有過虛情假意。』【高音質HD|動態歌詞Lyrics】♫ 4K Music Make
2026-10-04,tw,Taiwan,top_videos_weekly,,76,https://i.ytimg.com/vi/15dxI9BPxa4/mqdefault.jpg,https://www.youtube.com/watch?v=15dxI9BPxa4,最後一頁 (Live),王赫野 / 姚曉棠,,,最后一页 (Live) 王赫野 & 姚晓棠
2026-10-04,tw,Taiwan,top_videos_weekly,,77,https://i.ytimg.com/vi/Jf-0DeVIBl8/mqdefault.jpg,https://www.youtube.com/watch?v=Jf-0DeVIBl8,情話摻沙,翁立友(WENG LI YOU),,,情話摻沙 翁立友(WENG LI YOU)
2026-10-04,tw,Taiwan,top_videos_weekly,,78,https://i.ytimg.com/vi/hkqvlacobe4/mqdefault.jpg,https://www.youtube.com/watch?v=hkqvlacobe4,ROSÉ - New Trick (華納官方中字版),華納音樂西洋日韓頻道,,,ROSÉ - New Trick (華納官方中字版) 華納音樂西洋日韓頻道
2026-10-04,tw,Taiwan,top_videos_weekly,,79,https://i.ytimg.com/vi/Z8Mqw0b9ADs/mqdefault.jpg,https://www.youtube.com/watch?v=Z8Mqw0b9ADs,青花瓷,周杰倫,"3月 25, 2013",65803,"79 15 青花瓷 周杰倫 3月 25, 2013 94 2 65,803"
2026-10-04,tw,Taiwan,top_videos_weekly,,80,https://i.ytimg.com/vi/o5EdYwk8k9o/mqdefault.jpg,https://www.youtube.com/watch?v=o5EdYwk8k9o,夜市王,GENBLUE 幻藍小熊,,,夜市王 GENBLUE 幻藍小熊
2026-10-04,tw,Taiwan,top_videos_weekly,,81,https://i.ytimg.com/vi/_Xi_bJS_9wc/mqdefault.jpg,https://www.youtube.com/watch?v=_Xi_bJS_9wc,假如當初,李發發,"7月 13, 2026",65072,"81 6 假如當初 李发发 7月 13, 2026 87 6 65,072"
2026-10-04,tw,Taiwan,top_videos_weekly,,82,https://i.ytimg.com/vi/ZdgVpnHq70o/mqdefault.jpg,https://www.youtube.com/watch?v=ZdgVpnHq70o,Made My Night,LE SSERAFIM,,,Made My Night LE SSERAFIM
2026-10-04,tw,Taiwan,top_videos_weekly,,83,https://i.ytimg.com/vi/82-jTNka3uc/mqdefault.jpg,https://www.youtube.com/watch?v=82-jTNka3uc,hate that i made you love me,Ariana Grande,,,hate that i made you love me Ariana Grande
2026-10-04,tw,Taiwan,top_videos_weekly,,84,https://i.ytimg.com/vi/MzupyjOkhdE/mqdefault.jpg,https://www.youtube.com/watch?v=MzupyjOkhdE,語音鈴聲,韋德WADE / 齊翔 XIANG,,,語音鈴聲 韋德WADE & 齊翔 XIANG
2026-10-04,tw,Taiwan,top_videos_weekly,,85,https://i.ytimg.com/vi/OWDcn7hl16A/mqdefault.jpg,https://www.youtube.com/watch?v=OWDcn7hl16A,Aiobahn +81 feat. DEMONDICE - DEMON'S SHOT (Official MV) [Theme for PUKEY GODDESS SHOT TRICK],Aiobahn,,,Aiobahn +81 feat. DEMONDICE - DEMON'S SHOT (Official MV) [Theme for PUKEY GODDESS SHOT TRICK] Aiobahn
2026-10-04,tw,Taiwan,top_videos_weekly,,86,https://i.ytimg.com/vi/K2quL_v3Lqc/mqdefault.jpg,https://www.youtube.com/watch?v=K2quL_v3Lqc,LEE JISOO - MISMATCH / THE FIRST TAKE,THE FIRST TAKE,,,LEE JISOO - MISMATCH / THE FIRST TAKE THE FIRST TAKE
2026-10-04,tw,Taiwan,top_videos_weekly,,87,https://i.ytimg.com/vi/bESGLojNYSo/mqdefault.jpg,https://www.youtube.com/watch?v=bESGLojNYSo,Poker Face (Official Music Video),Lady Gaga,,,Poker Face (Official Music Video) Lady Gaga
2026-10-04,tw,Taiwan,top_videos_weekly,,88,https://i.ytimg.com/vi/sZLI4R1R_AM/mqdefault.jpg,https://www.youtube.com/watch?v=sZLI4R1R_AM,Made My Night,LE SSERAFIM,,,Made My Night LE SSERAFIM
2026-10-04,tw,Taiwan,top_videos_weekly,,89,https://i.ytimg.com/vi/XaN3kUz4KSw/mqdefault.jpg,https://www.youtube.com/watch?v=XaN3kUz4KSw,演員,薛之謙 / 趙英俊,"1月 10, 2025",61737,"89 9 演員 薛之謙 & 赵英俊 1月 10, 2025 98 2 61,737"
2026-10-04,tw,Taiwan,top_videos_weekly,,90,https://i.ytimg.com/vi/fKX00oJ7_Bs/mqdefault.jpg,https://www.youtube.com/watch?v=fKX00oJ7_Bs,CRASH,ALLDAY PROJECT,,,CRASH ALLDAY PROJECT
2026-10-04,tw,Taiwan,top_videos_weekly,,91,https://i.ytimg.com/vi/W3mlJNg0pzE/mqdefault.jpg,https://www.youtube.com/watch?v=W3mlJNg0pzE,SaWaDiKa,LISA,"9月 25, 2026",60193,"91 New SaWaDiKa LISA 9月 25, 2026 - 1 60,193"
2026-10-04,tw,Taiwan,top_videos_weekly,,92,https://i.ytimg.com/vi/sA9GwtXFKYg/mqdefault.jpg,https://www.youtube.com/watch?v=sA9GwtXFKYg,Be Your Brother,玖壹壹,,,Be Your Brother 玖壹壹
2026-10-04,tw,Taiwan,top_videos_weekly,,93,https://i.ytimg.com/vi/BpR280fXISA/mqdefault.jpg,https://www.youtube.com/watch?v=BpR280fXISA,Taylor Swift - Patient Zero (Official Lyric Video),Taylor Swift,,,Taylor Swift - Patient Zero (Official Lyric Video) Taylor Swift
2026-10-04,tw,Taiwan,top_videos_weekly,,94,https://i.ytimg.com/vi/IwxkGdhkAGU/mqdefault.jpg,https://www.youtube.com/watch?v=IwxkGdhkAGU,Soft Lipa - 給我一點時間 Official Music Video,蛋堡,,,Soft Lipa - 給我一點時間 Official Music Video 蛋堡
2026-10-04,tw,Taiwan,top_videos_weekly,,95,https://i.ytimg.com/vi/6-YdwCEmPro/mqdefault.jpg,https://www.youtube.com/watch?v=6-YdwCEmPro,晝鳶 - Burglar,YORUSHIKA,,,昼鳶 - Burglar YORUSHIKA
2026-10-04,tw,Taiwan,top_videos_weekly,,96,https://i.ytimg.com/vi/D3cLm-AuMU0/mqdefault.jpg,https://www.youtube.com/watch?v=D3cLm-AuMU0,明天再擱來,玖壹壹,"12月 25, 2015",58214,"96 New 明天再擱來 玖壹壹 12月 25, 2015 - 1 58,214"
2026-10-04,tw,Taiwan,top_videos_weekly,,97,https://i.ytimg.com/vi/uIWypArI73w/mqdefault.jpg,https://www.youtube.com/watch?v=uIWypArI73w,不能說的秘密,周杰倫,"6月 11, 2013",57198,"97 12 不能說的秘密 周杰倫 6月 11, 2013 85 5 57,198"
2026-10-04,tw,Taiwan,top_videos_weekly,,98,https://i.ytimg.com/vi/46h0LvDHgIs/mqdefault.jpg,https://www.youtube.com/watch?v=46h0LvDHgIs,SUN KISS,TUIDE (튜이드),,,SUN KISS TUIDE (튜이드)
2026-10-04,tw,Taiwan,top_videos_weekly,,99,https://i.ytimg.com/vi/RKhsHGfrFmY/mqdefault.jpg,https://www.youtube.com/watch?v=RKhsHGfrFmY,삐딱하게,G-Dragon,"9月 4, 2013",56355,"99 New 삐딱하게 G-Dragon 9月 4, 2013 - 1 56,355"
2026-10-04,tw,Taiwan,top_videos_weekly,,100,https://i.ytimg.com/vi/BZ4UzthYTss/mqdefault.jpg,https://www.youtube.com/watch?v=BZ4UzthYTss,This & That,Stray Kids,,,This & That Stray Kids
2026-10-04,jp,Japan,top_videos_weekly,,1,https://i.ytimg.com/vi/JpIw7rSLRqc/mqdefault.jpg,https://www.youtube.com/watch?v=JpIw7rSLRqc,時空超えてユニバース - Toki Koete Universe,M!LK,,,時空超えてユニバース - Toki Koete Universe M!LK
2026-10-04,jp,Japan,top_videos_weekly,,2,https://i.ytimg.com/vi/bpHBIO-Ridc/mqdefault.jpg,https://www.youtube.com/watch?v=bpHBIO-Ridc,アイデンティティ - identity,Kanaria,,,アイデンティティ - identity Kanaria
2026-10-04,jp,Japan,top_videos_weekly,,3,https://i.ytimg.com/vi/K2quL_v3Lqc/mqdefault.jpg,https://www.youtube.com/watch?v=K2quL_v3Lqc,LEE JISOO - MISMATCH / THE FIRST TAKE,THE FIRST TAKE,,,LEE JISOO - MISMATCH / THE FIRST TAKE THE FIRST TAKE
2026-10-04,jp,Japan,top_videos_weekly,,4,https://i.ytimg.com/vi/KsHKaP50FBE/mqdefault.jpg,https://www.youtube.com/watch?v=KsHKaP50FBE,Yes! 東京,EBiDAN Ebisu Gakuen Boys Club,,,Yes! 東京 EBiDAN Ebisu Gakuen Boys Club
2026-10-04,jp,Japan,top_videos_weekly,,5,https://i.ytimg.com/vi/ZVUxJsPfoX8/mqdefault.jpg,https://www.youtube.com/watch?v=ZVUxJsPfoX8,好きすぎて滅！,M!LK,"10月 27, 2025",1566157,"5 ● 好きすぎて滅！ M!LK 10月 27, 2025 5 49 1,566,157"
2026-10-04,jp,Japan,top_videos_weekly,,6,https://i.ytimg.com/vi/GlsmJsqXfcI/mqdefault.jpg,https://www.youtube.com/watch?v=GlsmJsqXfcI,Yes! 東京,EBiDAN Ebisu Gakuen Boys Club,,,Yes! 東京 EBiDAN Ebisu Gakuen Boys Club
2026-10-04,jp,Japan,top_videos_weekly,,7,https://i.ytimg.com/vi/BbQ3S5_q44Q/mqdefault.jpg,https://www.youtube.com/watch?v=BbQ3S5_q44Q,You,Fujii Kaze,"9月 25, 2026",1553539,"7 New You Fujii Kaze 9月 25, 2026 - 1 1,553,539"
2026-10-04,jp,Japan,top_videos_weekly,,8,https://i.ytimg.com/vi/EAM2y0ZYryM/mqdefault.jpg,https://www.youtube.com/watch?v=EAM2y0ZYryM,ACEes「Colors」Music Video,ジュニアCHANNEL,,,ACEes「Colors」Music Video ジュニアCHANNEL
2026-10-04,jp,Japan,top_videos_weekly,,9,https://i.ytimg.com/vi/dePs7UPp6GQ/mqdefault.jpg,https://www.youtube.com/watch?v=dePs7UPp6GQ,Brand New,Mrs. GREEN APPLE,,,Brand New Mrs. GREEN APPLE
2026-10-04,jp,Japan,top_videos_weekly,,10,https://i.ytimg.com/vi/gaf-pO2PdO8/mqdefault.jpg,https://www.youtube.com/watch?v=gaf-pO2PdO8,ア・ポステリオリ - A Posteriori,Mrs. GREEN APPLE,,,ア・ポステリオリ - A Posteriori Mrs. GREEN APPLE
2026-10-04,jp,Japan,top_videos_weekly,,11,https://i.ytimg.com/vi/tpFDnOnOdSQ/mqdefault.jpg,https://www.youtube.com/watch?v=tpFDnOnOdSQ,爆裂愛してる,M!LK,"2月 18, 2026",1407567,"11 4 爆裂愛してる M!LK 2月 18, 2026 7 33 1,407,567"
2026-10-04,jp,Japan,top_videos_weekly,,12,https://i.ytimg.com/vi/bMhDJ0S0OBA/mqdefault.jpg,https://www.youtube.com/watch?v=bMhDJ0S0OBA,It's Me,ILLIT,"4月 30, 2026",1362771,"12 4 It's Me ILLIT 4月 30, 2026 8 22 1,362,771"
2026-10-04,jp,Japan,top_videos_weekly,,13,https://i.ytimg.com/vi/a2GujJZfXpg/mqdefault.jpg,https://www.youtube.com/watch?v=a2GujJZfXpg,スパークル - Sparkle,RADWIMPS,,,スパークル - Sparkle RADWIMPS
2026-10-04,jp,Japan,top_videos_weekly,,14,https://i.ytimg.com/vi/qjsOs4Kjr5Q/mqdefault.jpg,https://www.youtube.com/watch?v=qjsOs4Kjr5Q,Audition,日向坂46 / Sakamichi-Senbatsu / 櫻坂46 / 乃木坂46,,,"Audition 日向坂46 , Sakamichi-Senbatsu , 櫻坂46 & 乃木坂46"
2026-10-04,jp,Japan,top_videos_weekly,,15,https://i.ytimg.com/vi/3lOsboT-IWU/mqdefault.jpg,https://www.youtube.com/watch?v=3lOsboT-IWU,マイオンリー,SixTONES,"7月 17, 2026",1208663,"15 2 マイオンリー SixTONES 7月 17, 2026 13 11 1,208,663"
2026-10-04,jp,Japan,top_videos_weekly,,16,https://i.ytimg.com/vi/aRiVUVNUhIs/mqdefault.jpg,https://www.youtube.com/watch?v=aRiVUVNUhIs,なんもねえ - Nannmonee,Wasureranneyo,,,なんもねえ - Nannmonee Wasureranneyo
2026-10-04,jp,Japan,top_videos_weekly,,17,https://i.ytimg.com/vi/nn2V3mptPLg/mqdefault.jpg,https://www.youtube.com/watch?v=nn2V3mptPLg,Nameless MythS,MAZZEL / STARGLOW,,,Nameless MythS MAZZEL & STARGLOW
2026-10-04,jp,Japan,top_videos_weekly,,18,https://i.ytimg.com/vi/gFv6CAD5rcc/mqdefault.jpg,https://www.youtube.com/watch?v=gFv6CAD5rcc,DEAD EYES EVERYWHERE feat. ATL Jacob,BE:FIRST,,,DEAD EYES EVERYWHERE feat. ATL Jacob BE:FIRST
2026-10-04,jp,Japan,top_videos_weekly,,19,https://i.ytimg.com/vi/RaveH8rwqoo/mqdefault.jpg,https://www.youtube.com/watch?v=RaveH8rwqoo,Shine with U,SixTONES,,,Shine with U SixTONES
2026-10-04,jp,Japan,top_videos_weekly,,20,https://i.ytimg.com/vi/9M4W-t8_zK8/mqdefault.jpg,https://www.youtube.com/watch?v=9M4W-t8_zK8,"NiziU(니쥬) ""Sour Grapes"" M/V",JYP Entertainment,,,"NiziU(니쥬) ""Sour Grapes"" M/V JYP Entertainment"
2026-10-04,jp,Japan,top_videos_weekly,,21,https://i.ytimg.com/vi/MjeiIal1ZR0/mqdefault.jpg,https://www.youtube.com/watch?v=MjeiIal1ZR0,lulu.,Mrs. GREEN APPLE,,,lulu. Mrs. GREEN APPLE
2026-10-04,jp,Japan,top_videos_weekly,,22,https://i.ytimg.com/vi/5C-luqdmozo/mqdefault.jpg,https://www.youtube.com/watch?v=5C-luqdmozo,時空超えてユニバース - Toki Koete Universe,M!LK,,,時空超えてユニバース - Toki Koete Universe M!LK
2026-10-04,jp,Japan,top_videos_weekly,,23,https://i.ytimg.com/vi/B_3DQ8zN7A4/mqdefault.jpg,https://www.youtube.com/watch?v=B_3DQ8zN7A4,千葉雄喜 (Yuki Chiba) ー 死ぬか生きるか (Shinukaikiruka) [Official Music Video],Yuki Chiba,,,千葉雄喜 (Yuki Chiba) ー 死ぬか生きるか (Shinukaikiruka) [Official Music Video] Yuki Chiba
2026-10-04,jp,Japan,top_videos_weekly,,24,https://i.ytimg.com/vi/0WzUWCS6-X0/mqdefault.jpg,https://www.youtube.com/watch?v=0WzUWCS6-X0,奇跡,Snow Man,"9月 23, 2026",872863,"24 3 奇跡 Snow Man 9月 23, 2026 21 2 872,863"
2026-10-04,jp,Japan,top_videos_weekly,,25,https://i.ytimg.com/vi/OWDcn7hl16A/mqdefault.jpg,https://www.youtube.com/watch?v=OWDcn7hl16A,Aiobahn +81 feat. DEMONDICE - DEMON'S SHOT (Official MV) [Theme for PUKEY GODDESS SHOT TRICK],Aiobahn,,,Aiobahn +81 feat. DEMONDICE - DEMON'S SHOT (Official MV) [Theme for PUKEY GODDESS SHOT TRICK] Aiobahn
2026-10-04,jp,Japan,top_videos_weekly,,26,https://i.ytimg.com/vi/ikFaEAlO5N0/mqdefault.jpg,https://www.youtube.com/watch?v=ikFaEAlO5N0,"戀、はじめました。 - Koi, Hajimemashita.",=LOVE,,,"恋、はじめました。 - Koi, Hajimemashita. =LOVE"
2026-10-04,jp,Japan,top_videos_weekly,,27,https://i.ytimg.com/vi/2I25AFSBm2g/mqdefault.jpg,https://www.youtube.com/watch?v=2I25AFSBm2g,夜の踴り子,魚韻,"9月 26, 2015",836703,"27 9 夜の踊り子 魚韻 9月 26, 2015 18 25 836,703"
2026-10-04,jp,Japan,top_videos_weekly,,28,https://i.ytimg.com/vi/7VqCdhFGE78/mqdefault.jpg,https://www.youtube.com/watch?v=7VqCdhFGE78,罪と罰と雨とキス (佐野勇鬥&吉田仁人),M!LK,,,罪と罰と雨とキス (佐野勇斗&吉田仁人) M!LK
2026-10-04,jp,Japan,top_videos_weekly,,29,https://i.ytimg.com/vi/YM_YU8HVpWM/mqdefault.jpg,https://www.youtube.com/watch?v=YM_YU8HVpWM,エアロピクルス,KomeAnime,,,エアロピクルス KomeAnime
2026-10-04,jp,Japan,top_videos_weekly,,30,https://i.ytimg.com/vi/3C0EOqt7sqA/mqdefault.jpg,https://www.youtube.com/watch?v=3C0EOqt7sqA,You!Joy!Parade!,M!LK,,,You!Joy!Parade! M!LK
2026-10-04,jp,Japan,top_videos_weekly,,31,https://i.ytimg.com/vi/eJXL4-4m5nY/mqdefault.jpg,https://www.youtube.com/watch?v=eJXL4-4m5nY,BTS (방탄소년단) ‘Merry Go Round’ Official MV,防彈少年團,,,BTS (방탄소년단) ‘Merry Go Round’ Official MV 防彈少年團
2026-10-04,jp,Japan,top_videos_weekly,,32,https://i.ytimg.com/vi/NLywx93HWkE/mqdefault.jpg,https://www.youtube.com/watch?v=NLywx93HWkE,マイオンリー - My Only,SixTONES,,,マイオンリー - My Only SixTONES
2026-10-04,jp,Japan,top_videos_weekly,,33,https://i.ytimg.com/vi/cz9wgp-DU0A/mqdefault.jpg,https://www.youtube.com/watch?v=cz9wgp-DU0A,DIGITAL GIRL (Visualizer),Number_i,,,DIGITAL GIRL (Visualizer) Number_i
2026-10-04,jp,Japan,top_videos_weekly,,34,https://i.ytimg.com/vi/sBAv1wx4ghE/mqdefault.jpg,https://www.youtube.com/watch?v=sBAv1wx4ghE,見知らぬ糸 - Unknown Thread,SPITZ,,,見知らぬ糸 - Unknown Thread SPITZ
2026-10-04,jp,Japan,top_videos_weekly,,35,https://i.ytimg.com/vi/py4E3QpkgHM/mqdefault.jpg,https://www.youtube.com/watch?v=py4E3QpkgHM,アイドルライフメガパック - IDOL LiFE MEGA PACK,iLiFE!,,,アイドルライフメガパック - IDOL LiFE MEGA PACK iLiFE!
2026-10-04,jp,Japan,top_videos_weekly,,36,https://i.ytimg.com/vi/1DzBKtD3JzI/mqdefault.jpg,https://www.youtube.com/watch?v=1DzBKtD3JzI,Five,嵐,"3月 5, 2026",666513,"36 1 Five 嵐 3月 5, 2026 37 31 666,513"
2026-10-04,jp,Japan,top_videos_weekly,,37,https://i.ytimg.com/vi/uzsSnLLHx5M/mqdefault.jpg,https://www.youtube.com/watch?v=uzsSnLLHx5M,WATCH ME,BE:FIRST,,,WATCH ME BE:FIRST
2026-10-04,jp,Japan,top_videos_weekly,,38,https://i.ytimg.com/vi/YjPMupS1Lg4/mqdefault.jpg,https://www.youtube.com/watch?v=YjPMupS1Lg4,烏,米津玄師,"6月 18, 2026",627179,"38 12 烏 米津玄師 6月 18, 2026 26 16 627,179"
2026-10-04,jp,Japan,top_videos_weekly,,39,https://i.ytimg.com/vi/e4M8z1xGTw0/mqdefault.jpg,https://www.youtube.com/watch?v=e4M8z1xGTw0,アイドルパワー (Live),M!LK,,,アイドルパワー (Live) M!LK
2026-10-04,jp,Japan,top_videos_weekly,,40,https://i.ytimg.com/vi/hZZDRXyEtlc/mqdefault.jpg,https://www.youtube.com/watch?v=hZZDRXyEtlc,打首獄門同好會「ちょうどいい」,打首獄門同好會,,,打首獄門同好会「ちょうどいい」 打首獄門同好會
2026-10-04,jp,Japan,top_videos_weekly,,41,https://i.ytimg.com/vi/v4kWR_REDEU/mqdefault.jpg,https://www.youtube.com/watch?v=v4kWR_REDEU,分かっちゃいないね,花隈千冬 / monet,,,分かっちゃいないね 花隈千冬 & monet
2026-10-04,jp,Japan,top_videos_weekly,,42,https://i.ytimg.com/vi/2e_RIgqczc8/mqdefault.jpg,https://www.youtube.com/watch?v=2e_RIgqczc8,テキトーリョク - TEKITO-RYOKU,Kuzuha,,,テキトーリョク - TEKITO-RYOKU Kuzuha
2026-10-04,jp,Japan,top_videos_weekly,,43,https://i.ytimg.com/vi/s4UW__ysPEM/mqdefault.jpg,https://www.youtube.com/watch?v=s4UW__ysPEM,You,Fujii Kaze,"9月 17, 2026",587230,"43 41 You Fujii Kaze 9月 17, 2026 2 2 587,230"
2026-10-04,jp,Japan,top_videos_weekly,,44,https://i.ytimg.com/vi/4J06I7qy7kM/mqdefault.jpg,https://www.youtube.com/watch?v=4J06I7qy7kM,仲川瑠夏 - 朝にならないで / THE FIRST TAKE,Luna Nakagawa,,,仲川瑠夏 - 朝にならないで / THE FIRST TAKE Luna Nakagawa
2026-10-04,jp,Japan,top_videos_weekly,,45,https://i.ytimg.com/vi/ru6i9lo4zBE/mqdefault.jpg,https://www.youtube.com/watch?v=ru6i9lo4zBE,ブルーアンバー - Blue Amber,back number,,,ブルーアンバー - Blue Amber back number
2026-10-04,jp,Japan,top_videos_weekly,,46,https://i.ytimg.com/vi/gNg2Qw5R-Q4/mqdefault.jpg,https://www.youtube.com/watch?v=gNg2Qw5R-Q4,セレナーデ - Serenade,natori,,,セレナーデ - Serenade natori
2026-10-04,jp,Japan,top_videos_weekly,,47,https://i.ytimg.com/vi/BXbQO2ZcwQk/mqdefault.jpg,https://www.youtube.com/watch?v=BXbQO2ZcwQk,【MV】TEAM KAWAII LAB. 『Over Drive』,KAWAII LAB.,,,【MV】TEAM KAWAII LAB. 『Over Drive』 KAWAII LAB.
2026-10-04,jp,Japan,top_videos_weekly,,48,https://i.ytimg.com/vi/2AuJJ_hyclI/mqdefault.jpg,https://www.youtube.com/watch?v=2AuJJ_hyclI,運命さがし - Unmei Sagashi,macaroni enpitsu,,,運命さがし - Unmei Sagashi macaroni enpitsu
2026-10-04,jp,Japan,top_videos_weekly,,49,https://i.ytimg.com/vi/Y6kCZTIkQw4/mqdefault.jpg,https://www.youtube.com/watch?v=Y6kCZTIkQw4,チラチLOVE,M!LK,"7月 3, 2026",552694,"49 6 チラチLOVE M!LK 7月 3, 2026 43 13 552,694"
2026-10-04,jp,Japan,top_videos_weekly,,50,https://i.ytimg.com/vi/sI_BPOWiW0o/mqdefault.jpg,https://www.youtube.com/watch?v=sI_BPOWiW0o,Be...,Ms.OOJA,"9月 23, 2026",550339,"50 New Be... Ms.OOJA 9月 23, 2026 - 1 550,339"
2026-10-04,jp,Japan,top_videos_weekly,,51,https://i.ytimg.com/vi/tU-LWO-VcR4/mqdefault.jpg,https://www.youtube.com/watch?v=tU-LWO-VcR4,"G PLANTS ""Downer's Inner Circle"" Official Music Video",G PLANTS Rolledman sacks,,,"G PLANTS ""Downer's Inner Circle"" Official Music Video G PLANTS Rolledman sacks"
2026-10-04,jp,Japan,top_videos_weekly,,52,https://i.ytimg.com/vi/2sKrO1oFQHg/mqdefault.jpg,https://www.youtube.com/watch?v=2sKrO1oFQHg,Yes! 東京 (Instrumental),EBiDAN Ebisu Gakuen Boys Club,,,Yes! 東京 (Instrumental) EBiDAN Ebisu Gakuen Boys Club
2026-10-04,jp,Japan,top_videos_weekly,,53,https://i.ytimg.com/vi/49xuoRZiLZ4/mqdefault.jpg,https://www.youtube.com/watch?v=49xuoRZiLZ4,エアロピクルス,KomeAnime,,,エアロピクルス KomeAnime
2026-10-04,jp,Japan,top_videos_weekly,,54,https://i.ytimg.com/vi/7O9PFfabVkk/mqdefault.jpg,https://www.youtube.com/watch?v=7O9PFfabVkk,デビットビット / カロガド,,"8月 28, 2026",533745,"54 New デビットビット / カロガド 8月 28, 2026 - 1 533,745"
2026-10-04,jp,Japan,top_videos_weekly,,55,https://i.ytimg.com/vi/lOpdrEgmYzY/mqdefault.jpg,https://www.youtube.com/watch?v=lOpdrEgmYzY,It's Me,ILLIT,"5月 6, 2026",520081,"55 13 It's Me ILLIT 5月 6, 2026 42 18 520,081"
2026-10-04,jp,Japan,top_videos_weekly,,56,https://i.ytimg.com/vi/bErKuAwCDLk/mqdefault.jpg,https://www.youtube.com/watch?v=bErKuAwCDLk,今までありがとうございました。活動休止します,GINTA,,,今までありがとうございました。活動休止します GINTA
2026-10-04,jp,Japan,top_videos_weekly,,57,https://i.ytimg.com/vi/Lz24PqZkF2s/mqdefault.jpg,https://www.youtube.com/watch?v=Lz24PqZkF2s,HOT LIMIT,T.M.Revolution,,,HOT LIMIT T.M.Revolution
2026-10-04,jp,Japan,top_videos_weekly,,58,https://i.ytimg.com/vi/LM875jeR-PM/mqdefault.jpg,https://www.youtube.com/watch?v=LM875jeR-PM,It's Me,ILLIT,"5月 7, 2026",453020,"58 13 It's Me ILLIT 5月 7, 2026 45 20 453,020"
2026-10-04,jp,Japan,top_videos_weekly,,59,https://i.ytimg.com/vi/DXzpRZpF12E/mqdefault.jpg,https://www.youtube.com/watch?v=DXzpRZpF12E,show time...,Snow Man,,,show time... Snow Man
2026-10-04,jp,Japan,top_videos_weekly,,60,https://i.ytimg.com/vi/Z9NWm-Ycy2Q/mqdefault.jpg,https://www.youtube.com/watch?v=Z9NWm-Ycy2Q,LiSA『ソフィリア』MUSiC CLiP,LiSA,,,LiSA『ソフィリア』MUSiC CLiP LiSA
2026-10-04,jp,Japan,top_videos_weekly,,61,https://i.ytimg.com/vi/fEiWFS9hoNM/mqdefault.jpg,https://www.youtube.com/watch?v=fEiWFS9hoNM,ONE N’ ONLY／ “Samba de Night Fever” Dance Performance Video,ONE N' ONLY,,,ONE N’ ONLY／ “Samba de Night Fever” Dance Performance Video ONE N' ONLY
2026-10-04,jp,Japan,top_videos_weekly,,62,https://i.ytimg.com/vi/dB8QCac8FSM/mqdefault.jpg,https://www.youtube.com/watch?v=dB8QCac8FSM,將棋一番！ - Shogi Ichiban！,Yukopi,,,将棋一番！ - Shogi Ichiban！ Yukopi
2026-10-04,jp,Japan,top_videos_weekly,,63,https://i.ytimg.com/vi/otEgL_cdHdo/mqdefault.jpg,https://www.youtube.com/watch?v=otEgL_cdHdo,稲葉浩志 / RIZAN,B'z,,,稲葉浩志 / RIZAN B'z
2026-10-04,jp,Japan,top_videos_weekly,,64,https://i.ytimg.com/vi/qFhspt7zsXg/mqdefault.jpg,https://www.youtube.com/watch?v=qFhspt7zsXg,BUGS LIFE,Number_i,,,BUGS LIFE Number_i
2026-10-04,jp,Japan,top_videos_weekly,,65,https://i.ytimg.com/vi/3Cb8xhXfxKs/mqdefault.jpg,https://www.youtube.com/watch?v=3Cb8xhXfxKs,Zoo,Shakira,"2月 2, 2026",410303,"65 4 Zoo Shakira 2月 2, 2026 69 22 410,303"
2026-10-04,jp,Japan,top_videos_weekly,,66,https://i.ytimg.com/vi/HHv5RZpvbV4/mqdefault.jpg,https://www.youtube.com/watch?v=HHv5RZpvbV4,show time...,Snow Man,,,show time... Snow Man
2026-10-04,jp,Japan,top_videos_weekly,,67,https://i.ytimg.com/vi/TzH5BsJj81Y/mqdefault.jpg,https://www.youtube.com/watch?v=TzH5BsJj81Y,アクマバライ - Exorcist,Something's off with my Vocaloid,,,アクマバライ - Exorcist Something's off with my Vocaloid
2026-10-04,jp,Japan,top_videos_weekly,,68,https://i.ytimg.com/vi/hSg9Yb28vZA/mqdefault.jpg,https://www.youtube.com/watch?v=hSg9Yb28vZA,初星學園 「Agitato」Official Music Video (HATSUBOSHI GAKUEN - Agitato),初星學園,,,初星学園 「Agitato」Official Music Video (HATSUBOSHI GAKUEN - Agitato) 初星学園
2026-10-04,jp,Japan,top_videos_weekly,,69,https://i.ytimg.com/vi/37X8VVly1y8/mqdefault.jpg,https://www.youtube.com/watch?v=37X8VVly1y8,エアロピクルス,KomeAnime,,,エアロピクルス KomeAnime
2026-10-04,jp,Japan,top_videos_weekly,,70,https://i.ytimg.com/vi/K2vDVSv6hjk/mqdefault.jpg,https://www.youtube.com/watch?v=K2vDVSv6hjk,KO1KEYZ,KO1KEYZ,"9月 27, 2026",383607,"70 New KO1KEYZ KO1KEYZ 9月 27, 2026 - 1 383,607"
2026-10-04,jp,Japan,top_videos_weekly,,71,https://i.ytimg.com/vi/PHoOMVR7pyw/mqdefault.jpg,https://www.youtube.com/watch?v=PHoOMVR7pyw,KO1KEYZ,KO1KEYZ,"9月 26, 2026",382145,"71 New KO1KEYZ KO1KEYZ 9月 26, 2026 - 1 382,145"
2026-10-04,jp,Japan,top_videos_weekly,,72,https://i.ytimg.com/vi/kcXKLaLNqww/mqdefault.jpg,https://www.youtube.com/watch?v=kcXKLaLNqww,しおざきわんだーらんど,M!LK,,,しおざきわんだーらんど M!LK
2026-10-04,jp,Japan,top_videos_weekly,,73,https://i.ytimg.com/vi/7zBeQezaz4U/mqdefault.jpg,https://www.youtube.com/watch?v=7zBeQezaz4U,クリスマスソング - Christmas Song,back number,,,クリスマスソング - Christmas Song back number
2026-10-04,jp,Japan,top_videos_weekly,,74,https://i.ytimg.com/vi/uVgPrRdq4QU/mqdefault.jpg,https://www.youtube.com/watch?v=uVgPrRdq4QU,日向坂46『それでもいつか』MUSIC VIDEO,日向坂46,,,日向坂46『それでもいつか』MUSIC VIDEO 日向坂46
2026-10-04,jp,Japan,top_videos_weekly,,75,https://i.ytimg.com/vi/VHA0FMXsQgk/mqdefault.jpg,https://www.youtube.com/watch?v=VHA0FMXsQgk,Good Boy,&TEAM,"9月 24, 2026",370966,"75 New Good Boy &TEAM 9月 24, 2026 - 1 370,966"
2026-10-04,jp,Japan,top_videos_weekly,,76,https://i.ytimg.com/vi/E8N8CAihLT0/mqdefault.jpg,https://www.youtube.com/watch?v=E8N8CAihLT0,JANE DOE,Kenshi Yonezu / Hikaru Utada,,,JANE DOE Kenshi Yonezu & Hikaru Utada
2026-10-04,jp,Japan,top_videos_weekly,,77,https://i.ytimg.com/vi/8rNve_w6XGw/mqdefault.jpg,https://www.youtube.com/watch?v=8rNve_w6XGw,ハニカミ - Hanikami,Hey! Say! JUMP,,,ハニカミ - Hanikami Hey! Say! JUMP
2026-10-04,jp,Japan,top_videos_weekly,,78,https://i.ytimg.com/vi/-q_S27LbNKU/mqdefault.jpg,https://www.youtube.com/watch?v=-q_S27LbNKU,BAD,ATEEZ,"6月 25, 2026",361043,"78 10 BAD ATEEZ 6月 25, 2026 68 12 361,043"
2026-10-04,jp,Japan,top_videos_weekly,,79,https://i.ytimg.com/vi/6-YdwCEmPro/mqdefault.jpg,https://www.youtube.com/watch?v=6-YdwCEmPro,晝鳶 - Burglar,YORUSHIKA,,,昼鳶 - Burglar YORUSHIKA
2026-10-04,jp,Japan,top_videos_weekly,,80,https://i.ytimg.com/vi/0beWrfj7AvE/mqdefault.jpg,https://www.youtube.com/watch?v=0beWrfj7AvE,ガチ夢中！ - GACHI MUCHU！,超特急,,,ガチ夢中！ - GACHI MUCHU！ 超特急
2026-10-04,jp,Japan,top_videos_weekly,,81,https://i.ytimg.com/vi/js9FxM6EOpM/mqdefault.jpg,https://www.youtube.com/watch?v=js9FxM6EOpM,Nameless MythS (Official Audio),MAZZEL / STARGLOW,,,Nameless MythS (Official Audio) MAZZEL & STARGLOW
2026-10-04,jp,Japan,top_videos_weekly,,82,https://i.ytimg.com/vi/EUCRNhQlKYc/mqdefault.jpg,https://www.youtube.com/watch?v=EUCRNhQlKYc,灰色 - Gray,Motoki Ohmori,,,灰色 - Gray Motoki Ohmori
2026-10-04,jp,Japan,top_videos_weekly,,83,https://i.ytimg.com/vi/OxzdMNTJXmg/mqdefault.jpg,https://www.youtube.com/watch?v=OxzdMNTJXmg,Novelbright - Walking with you [Official Music Video],Novelbright,,,Novelbright - Walking with you [Official Music Video] Novelbright
2026-10-04,jp,Japan,top_videos_weekly,,84,https://i.ytimg.com/vi/VPZK72W4Xxw/mqdefault.jpg,https://www.youtube.com/watch?v=VPZK72W4Xxw,ヒロイン,back number,,,ヒロイン back number
2026-10-04,jp,Japan,top_videos_weekly,,85,https://i.ytimg.com/vi/dEEd9HHEQE0/mqdefault.jpg,https://www.youtube.com/watch?v=dEEd9HHEQE0,真・運命,M!LK,"6月 17, 2026",335379,"85 7 真・運命 M!LK 6月 17, 2026 78 16 335,379"
2026-10-04,jp,Japan,top_videos_weekly,,86,https://i.ytimg.com/vi/KFDLcnjXTK0/mqdefault.jpg,https://www.youtube.com/watch?v=KFDLcnjXTK0,清水翔太『By your side』MV,Shota Shimizu,,,清水翔太『By your side』MV Shota Shimizu
2026-10-04,jp,Japan,top_videos_weekly,,87,https://i.ytimg.com/vi/Sp4xl7wtqtc/mqdefault.jpg,https://www.youtube.com/watch?v=Sp4xl7wtqtc,櫻坂46 『愛MUST BE』 MUSIC VIDEO,櫻坂46,,,櫻坂46 『愛MUST BE』 MUSIC VIDEO 櫻坂46
2026-10-04,jp,Japan,top_videos_weekly,,88,https://i.ytimg.com/vi/I_6m6_Ylyd8/mqdefault.jpg,https://www.youtube.com/watch?v=I_6m6_Ylyd8,Missing,BE:FIRST,,,Missing BE:FIRST
2026-10-04,jp,Japan,top_videos_weekly,,89,https://i.ytimg.com/vi/l2jvIuTp534/mqdefault.jpg,https://www.youtube.com/watch?v=l2jvIuTp534,夜鷹,米津玄師,"7月 15, 2026",326465,"89 31 夜鷹 米津玄師 7月 15, 2026 58 12 326,465"
2026-10-04,jp,Japan,top_videos_weekly,,90,https://i.ytimg.com/vi/-p3O35mfSB4/mqdefault.jpg,https://www.youtube.com/watch?v=-p3O35mfSB4,夏の影 - Summer Shadow,Mrs. GREEN APPLE,,,夏の影 - Summer Shadow Mrs. GREEN APPLE
2026-10-04,jp,Japan,top_videos_weekly,,91,https://i.ytimg.com/vi/tdznAT137QI/mqdefault.jpg,https://www.youtube.com/watch?v=tdznAT137QI,Aぇ! group 「Emotion」Official Music Video,Ae! group,,,Aぇ! group 「Emotion」Official Music Video Ae! group
2026-10-04,jp,Japan,top_videos_weekly,,92,https://i.ytimg.com/vi/I3_jV2zO0l0/mqdefault.jpg,https://www.youtube.com/watch?v=I3_jV2zO0l0,"怪獣の花唄 (DOME TOUR 2026 ""SILENCE"") - Kaiju no Hanauta (DOME TOUR 2026 ""SILENCE"")",Vaundy,,2026,"怪獣の花唄 (DOME TOUR 2026 ""SILENCE"") - Kaiju no Hanauta (DOME TOUR 2026 ""SILENCE"") Vaundy"
2026-10-04,jp,Japan,top_videos_weekly,,93,https://i.ytimg.com/vi/75MEFldsJKc/mqdefault.jpg,https://www.youtube.com/watch?v=75MEFldsJKc,KO1KEYZ,KO1KEYZ,"8月 16, 2026",315373,"93 93 KO1KEYZ KO1KEYZ 8月 16, 2026 - 6 315,373"
2026-10-04,jp,Japan,top_videos_weekly,,94,https://i.ytimg.com/vi/jcu5ug0xvxg/mqdefault.jpg,https://www.youtube.com/watch?v=jcu5ug0xvxg,WATCH ME feat. BIA,BE:FIRST,,,WATCH ME feat. BIA BE:FIRST
2026-10-04,jp,Japan,top_videos_weekly,,95,https://i.ytimg.com/vi/2IZbzRj3CJk/mqdefault.jpg,https://www.youtube.com/watch?v=2IZbzRj3CJk,SOUL'd OUT『ウェカピポ』(HD),靈魂出竅,,,SOUL'd OUT『ウェカピポ』(HD) 靈魂出竅
2026-10-04,jp,Japan,top_videos_weekly,,96,https://i.ytimg.com/vi/h-TPXFw_q0I/mqdefault.jpg,https://www.youtube.com/watch?v=h-TPXFw_q0I,グッタイム - Good Time,Snow Man,,,グッタイム - Good Time Snow Man
2026-10-04,jp,Japan,top_videos_weekly,,97,https://i.ytimg.com/vi/EH2rhQlvz7A/mqdefault.jpg,https://www.youtube.com/watch?v=EH2rhQlvz7A,グッタイム - Good Time,Snow Man,,,グッタイム - Good Time Snow Man
2026-10-04,jp,Japan,top_videos_weekly,,98,https://i.ytimg.com/vi/oWRCXGvcU9s/mqdefault.jpg,https://www.youtube.com/watch?v=oWRCXGvcU9s,愛くださいませ,NOT EQUAL ME,,,愛くださいませ NOT EQUAL ME
2026-10-04,jp,Japan,top_videos_weekly,,99,https://i.ytimg.com/vi/eB-IK2wPWzw/mqdefault.jpg,https://www.youtube.com/watch?v=eB-IK2wPWzw,BAD,ATEEZ,"8月 1, 2026",280358,"99 5 BAD ATEEZ 8月 1, 2026 94 5 280,358"
2026-10-04,jp,Japan,top_videos_weekly,,100,https://i.ytimg.com/vi/VQmdUnlNnds/mqdefault.jpg,https://www.youtube.com/watch?v=VQmdUnlNnds,キュートなキューたい,CUTIE STREET,,,キュートなキューたい CUTIE STREET
2026-10-04,kr,South Korea,top_videos_weekly,,1,https://i.ytimg.com/vi/7mDDM0eBWR0/mqdefault.jpg,https://www.youtube.com/watch?v=7mDDM0eBWR0,소연 (SOYEON) '퇴사할게여 (Narr. 기안84)' Official Music Video,i-dle (아이들),,,소연 (SOYEON) '퇴사할게여 (Narr. 기안84)' Official Music Video i-dle (아이들)
2026-10-04,kr,South Korea,top_videos_weekly,,2,https://i.ytimg.com/vi/lQ-w9M447w0/mqdefault.jpg,https://www.youtube.com/watch?v=lQ-w9M447w0,CRASH,ALLDAY PROJECT,,,CRASH ALLDAY PROJECT
2026-10-04,kr,South Korea,top_videos_weekly,,3,https://i.ytimg.com/vi/8SsctW_2ICc/mqdefault.jpg,https://www.youtube.com/watch?v=8SsctW_2ICc,Good Goodbye,HWASA,,,Good Goodbye HWASA
2026-10-04,kr,South Korea,top_videos_weekly,,4,https://i.ytimg.com/vi/GxChUrrY4bc/mqdefault.jpg,https://www.youtube.com/watch?v=GxChUrrY4bc,꿈꾸던 어른이 되었나요?,MEOMURU,,,꿈꾸던 어른이 되었나요? MEOMURU
2026-10-04,kr,South Korea,top_videos_weekly,,5,https://i.ytimg.com/vi/KQM9hYlMXsI/mqdefault.jpg,https://www.youtube.com/watch?v=KQM9hYlMXsI,ALLDAY PROJECT - ‘DO IT LIKE THIS’ M/V,ALLDAY PROJECT,,,ALLDAY PROJECT - ‘DO IT LIKE THIS’ M/V ALLDAY PROJECT
2026-10-04,kr,South Korea,top_videos_weekly,,6,https://i.ytimg.com/vi/d6rrtRhN9YM/mqdefault.jpg,https://www.youtube.com/watch?v=d6rrtRhN9YM,임영웅 '또또' Official M/V,任英雄,,,임영웅 '또또' Official M/V 任英雄
2026-10-04,kr,South Korea,top_videos_weekly,,7,https://i.ytimg.com/vi/qZlu2j2SiBA/mqdefault.jpg,https://www.youtube.com/watch?v=qZlu2j2SiBA,Pretty Girl,RESCENE,,,Pretty Girl RESCENE
2026-10-04,kr,South Korea,top_videos_weekly,,8,https://i.ytimg.com/vi/eJXL4-4m5nY/mqdefault.jpg,https://www.youtube.com/watch?v=eJXL4-4m5nY,BTS (방탄소년단) ‘Merry Go Round’ Official MV,防彈少年團,,,BTS (방탄소년단) ‘Merry Go Round’ Official MV 防彈少年團
2026-10-04,kr,South Korea,top_videos_weekly,,9,https://i.ytimg.com/vi/NwLxMQtlKDY/mqdefault.jpg,https://www.youtube.com/watch?v=NwLxMQtlKDY,Moise,任英雄,"9月 14, 2026",540573,"9 4 Moise 任英雄 9月 14, 2026 5 3 540,573"
2026-10-04,kr,South Korea,top_videos_weekly,,10,https://i.ytimg.com/vi/9XttLI0oH0I/mqdefault.jpg,https://www.youtube.com/watch?v=9XttLI0oH0I,LOVE ATTACK,RESCENE,,,LOVE ATTACK RESCENE
2026-10-04,kr,South Korea,top_videos_weekly,,11,https://i.ytimg.com/vi/hLc9R9Q-hFo/mqdefault.jpg,https://www.youtube.com/watch?v=hLc9R9Q-hFo,Moise,任英雄,"9月 21, 2026",520255,"11 4 Moise 任英雄 9月 21, 2026 15 2 520,255"
2026-10-04,kr,South Korea,top_videos_weekly,,12,https://i.ytimg.com/vi/I3_jV2zO0l0/mqdefault.jpg,https://www.youtube.com/watch?v=I3_jV2zO0l0,"怪獣の花唄 (DOME TOUR 2026 ""SILENCE"") - Kaiju no Hanauta (DOME TOUR 2026 ""SILENCE"")",Vaundy,,2026,"怪獣の花唄 (DOME TOUR 2026 ""SILENCE"") - Kaiju no Hanauta (DOME TOUR 2026 ""SILENCE"") Vaundy"
2026-10-04,kr,South Korea,top_videos_weekly,,13,https://i.ytimg.com/vi/91YrsgWQcEo/mqdefault.jpg,https://www.youtube.com/watch?v=91YrsgWQcEo,Dreamer,QWER,"9月 26, 2026",504908,"13 New Dreamer QWER 9月 26, 2026 - 1 504,908"
2026-10-04,kr,South Korea,top_videos_weekly,,14,https://i.ytimg.com/vi/x6_mbnsh6VU/mqdefault.jpg,https://www.youtube.com/watch?v=x6_mbnsh6VU,STORM I & II,Gener8ion / Yung Lean,,,STORM I & II Gener8ion & Yung Lean
2026-10-04,kr,South Korea,top_videos_weekly,,15,https://i.ytimg.com/vi/-q_S27LbNKU/mqdefault.jpg,https://www.youtube.com/watch?v=-q_S27LbNKU,BAD,ATEEZ,"6月 25, 2026",478224,"15 3 BAD ATEEZ 6月 25, 2026 12 14 478,224"
2026-10-04,kr,South Korea,top_videos_weekly,,16,https://i.ytimg.com/vi/ZbO9PBdFRdc/mqdefault.jpg,https://www.youtube.com/watch?v=ZbO9PBdFRdc,Deja Vu,RESCENE,"7月 2, 2025",477097,"16 ● Deja Vu RESCENE 7月 2, 2025 16 20 477,097"
2026-10-04,kr,South Korea,top_videos_weekly,,17,https://i.ytimg.com/vi/lO3lG-qXU14/mqdefault.jpg,https://www.youtube.com/watch?v=lO3lG-qXU14,어떻게 사랑이 그래요,Lee Seung Hwan,,,어떻게 사랑이 그래요 Lee Seung Hwan
2026-10-04,kr,South Korea,top_videos_weekly,,18,https://i.ytimg.com/vi/Lufa9QAFFeY/mqdefault.jpg,https://www.youtube.com/watch?v=Lufa9QAFFeY,new trick,ROSÉ,"9月 17, 2026",468414,"18 16 new trick ROSÉ 9月 17, 2026 2 2 468,414"
2026-10-04,kr,South Korea,top_videos_weekly,,19,https://i.ytimg.com/vi/Jxgbfc89hNI/mqdefault.jpg,https://www.youtube.com/watch?v=Jxgbfc89hNI,Suddenly,I.O.I,"5月 19, 2026",458126,"19 5 Suddenly I.O.I 5月 19, 2026 14 20 458,126"
2026-10-04,kr,South Korea,top_videos_weekly,,20,https://i.ytimg.com/vi/786OXxbw2aM/mqdefault.jpg,https://www.youtube.com/watch?v=786OXxbw2aM,展示中毒 (Instrumental),AnythingBecomeMoe,,,展示中毒 (Instrumental) AnythingBecomeMoe
2026-10-04,kr,South Korea,top_videos_weekly,,21,https://i.ytimg.com/vi/sZLI4R1R_AM/mqdefault.jpg,https://www.youtube.com/watch?v=sZLI4R1R_AM,Made My Night,LE SSERAFIM,,,Made My Night LE SSERAFIM
2026-10-04,kr,South Korea,top_videos_weekly,,22,https://i.ytimg.com/vi/1Qx6ktR3CEk/mqdefault.jpg,https://www.youtube.com/watch?v=1Qx6ktR3CEk,ALLDAY PROJECT - ‘TALK’ M/V,ALLDAY PROJECT,,,ALLDAY PROJECT - ‘TALK’ M/V ALLDAY PROJECT
2026-10-04,kr,South Korea,top_videos_weekly,,23,https://i.ytimg.com/vi/XPUOHpkRAxg/mqdefault.jpg,https://www.youtube.com/watch?v=XPUOHpkRAxg,마음의 숲,조선힙합,"4月 9, 2026",381593,"23 4 마음의 숲 조선힙합 4月 9, 2026 19 19 381,593"
2026-10-04,kr,South Korea,top_videos_weekly,,24,https://i.ytimg.com/vi/oAwzFFEYm38/mqdefault.jpg,https://www.youtube.com/watch?v=oAwzFFEYm38,Skibidi,Girls' Generation-HRS,,,Skibidi Girls' Generation-HRS
2026-10-04,kr,South Korea,top_videos_weekly,,25,https://i.ytimg.com/vi/fKX00oJ7_Bs/mqdefault.jpg,https://www.youtube.com/watch?v=fKX00oJ7_Bs,CRASH,ALLDAY PROJECT,,,CRASH ALLDAY PROJECT
2026-10-04,kr,South Korea,top_videos_weekly,,26,https://i.ytimg.com/vi/bMhDJ0S0OBA/mqdefault.jpg,https://www.youtube.com/watch?v=bMhDJ0S0OBA,It's Me,ILLIT,"4月 30, 2026",367166,"26 5 It's Me ILLIT 4月 30, 2026 21 23 367,166"
2026-10-04,kr,South Korea,top_videos_weekly,,27,https://i.ytimg.com/vi/ZEBkfRxoHbQ/mqdefault.jpg,https://www.youtube.com/watch?v=ZEBkfRxoHbQ,どうして - Doshite,LIGHTSUM,,,どうして - Doshite LIGHTSUM
2026-10-04,kr,South Korea,top_videos_weekly,,28,https://i.ytimg.com/vi/Qe8fa4b5xNU/mqdefault.jpg,https://www.youtube.com/watch?v=Qe8fa4b5xNU,Good Goodbye,HWASA,,,Good Goodbye HWASA
2026-10-04,kr,South Korea,top_videos_weekly,,29,https://i.ytimg.com/vi/XAomU4u1BxE/mqdefault.jpg,https://www.youtube.com/watch?v=XAomU4u1BxE,BAD,ATEEZ,"9月 15, 2026",309961,"29 22 BAD ATEEZ 9月 15, 2026 7 3 309,961"
2026-10-04,kr,South Korea,top_videos_weekly,,30,https://i.ytimg.com/vi/RdUV9Ms5GM4/mqdefault.jpg,https://www.youtube.com/watch?v=RdUV9Ms5GM4,Dear my crazy soulmate,IU,,,Dear my crazy soulmate IU
2026-10-04,kr,South Korea,top_videos_weekly,,31,https://i.ytimg.com/vi/wSN7OTHs_Es/mqdefault.jpg,https://www.youtube.com/watch?v=wSN7OTHs_Es,화사 (HWASA) - ‘HWASA’ at Rock in Rio 2026,HWASA,,2026,화사 (HWASA) - ‘HWASA’ at Rock in Rio 2026 HWASA
2026-10-04,kr,South Korea,top_videos_weekly,,32,https://i.ytimg.com/vi/YiYxSZVdJG8/mqdefault.jpg,https://www.youtube.com/watch?v=YiYxSZVdJG8,So Cute,HWASA,"9月 23, 2026",288377,"32 New So Cute HWASA 9月 23, 2026 - 1 288,377"
2026-10-04,kr,South Korea,top_videos_weekly,,33,https://i.ytimg.com/vi/LzW15vQNwPQ/mqdefault.jpg,https://www.youtube.com/watch?v=LzW15vQNwPQ,[MV] Kim Yong Bin(김용빈) _ Only you(당신뿐입니다),1theK (원더케이),,,[MV] Kim Yong Bin(김용빈) _ Only you(당신뿐입니다) 1theK (원더케이)
2026-10-04,kr,South Korea,top_videos_weekly,,34,https://i.ytimg.com/vi/WI4__7z_dJw/mqdefault.jpg,https://www.youtube.com/watch?v=WI4__7z_dJw,BOYNEXTDOOR (보이넥스트도어) 'ANIMAL' Official MV,BOYNEXTDOOR,,,BOYNEXTDOOR (보이넥스트도어) 'ANIMAL' Official MV BOYNEXTDOOR
2026-10-04,kr,South Korea,top_videos_weekly,,35,https://i.ytimg.com/vi/NPqtL1dtrlA/mqdefault.jpg,https://www.youtube.com/watch?v=NPqtL1dtrlA,Love Options(연애의 조건),BESTIE,,,Love Options(연애의 조건) BESTIE
2026-10-04,kr,South Korea,top_videos_weekly,,36,https://i.ytimg.com/vi/83C3TZ4Zm_o/mqdefault.jpg,https://www.youtube.com/watch?v=83C3TZ4Zm_o,LEMONADE,aespa,"5月 28, 2026",267658,"36 8 LEMONADE aespa 5月 28, 2026 28 18 267,658"
2026-10-04,kr,South Korea,top_videos_weekly,,37,https://i.ytimg.com/vi/6KckN5hZl80/mqdefault.jpg,https://www.youtube.com/watch?v=6KckN5hZl80,[MV] Lim Young Woong(임영웅) _ ToTo(또또),Lim Young Woong,,,[MV] Lim Young Woong(임영웅) _ ToTo(또또) Lim Young Woong
2026-10-04,kr,South Korea,top_videos_weekly,,38,https://i.ytimg.com/vi/3RwRrxiG5j4/mqdefault.jpg,https://www.youtube.com/watch?v=3RwRrxiG5j4,Dear my crazy soulmate,IU,,,Dear my crazy soulmate IU
2026-10-04,kr,South Korea,top_videos_weekly,,39,https://i.ytimg.com/vi/F7sGJVUrkjQ/mqdefault.jpg,https://www.youtube.com/watch?v=F7sGJVUrkjQ,RUDE!,Hearts2Hearts,,,RUDE! Hearts2Hearts
2026-10-04,kr,South Korea,top_videos_weekly,,40,https://i.ytimg.com/vi/H0GbvPY_Yl8/mqdefault.jpg,https://www.youtube.com/watch?v=H0GbvPY_Yl8,만찬가,TAEYEON,"6月 29, 2026",248621,"40 4 만찬가 TAEYEON 6月 29, 2026 36 14 248,621"
2026-10-04,kr,South Korea,top_videos_weekly,,41,https://i.ytimg.com/vi/yebNIHKAC4A/mqdefault.jpg,https://www.youtube.com/watch?v=yebNIHKAC4A,Golden,HUNTR/X / EJAE / AUDREY NUNA / REI AMI / KPop Demon Hunters Cast,,,"Golden HUNTR/X , EJAE , AUDREY NUNA , REI AMI & KPop Demon Hunters Cast"
2026-10-04,kr,South Korea,top_videos_weekly,,42,https://i.ytimg.com/vi/BTz2ZkGrL0E/mqdefault.jpg,https://www.youtube.com/watch?v=BTz2ZkGrL0E,QWER '소년만화' STAGE CAM l QWER 2nd TOUR [ROCKATION : ROCKET LAUNCH!!] IN SEOUL,QWER,,,QWER '소년만화' STAGE CAM l QWER 2nd TOUR [ROCKATION : ROCKET LAUNCH!!] IN SEOUL QWER
2026-10-04,kr,South Korea,top_videos_weekly,,43,https://i.ytimg.com/vi/sLk8zWUuYTA/mqdefault.jpg,https://www.youtube.com/watch?v=sLk8zWUuYTA,Vitamin ME,fromis_9,,,Vitamin ME fromis_9
2026-10-04,kr,South Korea,top_videos_weekly,,44,https://i.ytimg.com/vi/h0KIWaUEIgQ/mqdefault.jpg,https://www.youtube.com/watch?v=h0KIWaUEIgQ,사랑하게 될 거야,HANRORO,,,사랑하게 될 거야 HANRORO
2026-10-04,kr,South Korea,top_videos_weekly,,45,https://i.ytimg.com/vi/GnSaLQTrvt0/mqdefault.jpg,https://www.youtube.com/watch?v=GnSaLQTrvt0,Good Goodbye,HWASA,,,Good Goodbye HWASA
2026-10-04,kr,South Korea,top_videos_weekly,,46,https://i.ytimg.com/vi/-wGXnDzPovw/mqdefault.jpg,https://www.youtube.com/watch?v=-wGXnDzPovw,Baila,任英雄,"9月 30, 2026",209154,"46 New Baila 任英雄 9月 30, 2026 - 1 209,154"
2026-10-04,kr,South Korea,top_videos_weekly,,47,https://i.ytimg.com/vi/D54StAZFUrc/mqdefault.jpg,https://www.youtube.com/watch?v=D54StAZFUrc,Paradise of Rumors,AKMU,,,Paradise of Rumors AKMU
2026-10-04,kr,South Korea,top_videos_weekly,,48,https://i.ytimg.com/vi/1rAos7HClwI/mqdefault.jpg,https://www.youtube.com/watch?v=1rAos7HClwI,"RYUJIN “REDRED” @ ITZY The 5th Fan Meeting “ALL IN, MIDZY”",ITZY,,,"RYUJIN “REDRED” @ ITZY The 5th Fan Meeting “ALL IN, MIDZY” ITZY"
2026-10-04,kr,South Korea,top_videos_weekly,,49,https://i.ytimg.com/vi/46h0LvDHgIs/mqdefault.jpg,https://www.youtube.com/watch?v=46h0LvDHgIs,SUN KISS,TUIDE (튜이드),,,SUN KISS TUIDE (튜이드)
2026-10-04,kr,South Korea,top_videos_weekly,,50,https://i.ytimg.com/vi/qWakHDd-Tgk/mqdefault.jpg,https://www.youtube.com/watch?v=qWakHDd-Tgk,송소희 Song Sohee - NANSEN,Song Sohee,,,송소희 Song Sohee - NANSEN Song Sohee
2026-10-04,kr,South Korea,top_videos_weekly,,51,https://i.ytimg.com/vi/UsbRoaH6y-Q/mqdefault.jpg,https://www.youtube.com/watch?v=UsbRoaH6y-Q,Pop Off Pop Off,KiiiKiii,,,Pop Off Pop Off KiiiKiii
2026-10-04,kr,South Korea,top_videos_weekly,,52,https://i.ytimg.com/vi/luTz3QoowrU/mqdefault.jpg,https://www.youtube.com/watch?v=luTz3QoowrU,"Sky Land, Star Land",UNIS,,,"Sky Land, Star Land UNIS"
2026-10-04,kr,South Korea,top_videos_weekly,,53,https://i.ytimg.com/vi/ARR7e35AZOY/mqdefault.jpg,https://www.youtube.com/watch?v=ARR7e35AZOY,SAVE!,Miiro,"9月 25, 2026",179623,"53 New SAVE! Miiro 9月 25, 2026 - 1 179,623"
2026-10-04,kr,South Korea,top_videos_weekly,,54,https://i.ytimg.com/vi/8Hy934Eo_9Q/mqdefault.jpg,https://www.youtube.com/watch?v=8Hy934Eo_9Q,Maria,HWASA,"9月 23, 2026",179446,"54 New Maria HWASA 9月 23, 2026 - 1 179,446"
2026-10-04,kr,South Korea,top_videos_weekly,,55,https://i.ytimg.com/vi/TzH5BsJj81Y/mqdefault.jpg,https://www.youtube.com/watch?v=TzH5BsJj81Y,アクマバライ - Exorcist,Something's off with my Vocaloid,,,アクマバライ - Exorcist Something's off with my Vocaloid
2026-10-04,kr,South Korea,top_videos_weekly,,56,https://i.ytimg.com/vi/4-05oQzlu70/mqdefault.jpg,https://www.youtube.com/watch?v=4-05oQzlu70,엔플라잉 (N.Flying) '아는 결말 (Our Ending)' Special Clip,N.Flying (엔플라잉),,,엔플라잉 (N.Flying) '아는 결말 (Our Ending)' Special Clip N.Flying (엔플라잉)
2026-10-04,kr,South Korea,top_videos_weekly,,57,https://i.ytimg.com/vi/1QnH8o7iLoQ/mqdefault.jpg,https://www.youtube.com/watch?v=1QnH8o7iLoQ,ADHD,Zior Park,"9月 30, 2026",174473,"57 New ADHD Zior Park 9月 30, 2026 - 1 174,473"
2026-10-04,kr,South Korea,top_videos_weekly,,58,https://i.ytimg.com/vi/dB8QCac8FSM/mqdefault.jpg,https://www.youtube.com/watch?v=dB8QCac8FSM,將棋一番！ - Shogi Ichiban！,Yukopi,,,将棋一番！ - Shogi Ichiban！ Yukopi
2026-10-04,kr,South Korea,top_videos_weekly,,59,https://i.ytimg.com/vi/vdYXstgFQ2c/mqdefault.jpg,https://www.youtube.com/watch?v=vdYXstgFQ2c,"Hiss, Huckle - Modern Art (Official Video) (BEATBOX)",BEATPELLA HOUSE,,,"Hiss, Huckle - Modern Art (Official Video) (BEATBOX) BEATPELLA HOUSE"
2026-10-04,kr,South Korea,top_videos_weekly,,60,https://i.ytimg.com/vi/gW5rI8NGSxE/mqdefault.jpg,https://www.youtube.com/watch?v=gW5rI8NGSxE,Parallel Night,서영주 of 너드커넥션,,,Parallel Night 서영주 of 너드커넥션
2026-10-04,kr,South Korea,top_videos_weekly,,61,https://i.ytimg.com/vi/gaf-pO2PdO8/mqdefault.jpg,https://www.youtube.com/watch?v=gaf-pO2PdO8,ア・ポステリオリ - A Posteriori,Mrs. GREEN APPLE,,,ア・ポステリオリ - A Posteriori Mrs. GREEN APPLE
2026-10-04,kr,South Korea,top_videos_weekly,,62,https://i.ytimg.com/vi/eB-IK2wPWzw/mqdefault.jpg,https://www.youtube.com/watch?v=eB-IK2wPWzw,BAD,ATEEZ,"8月 1, 2026",160412,"62 4 BAD ATEEZ 8月 1, 2026 58 9 160,412"
2026-10-04,kr,South Korea,top_videos_weekly,,63,https://i.ytimg.com/vi/5hL7uPsISY0/mqdefault.jpg,https://www.youtube.com/watch?v=5hL7uPsISY0,그냥 해,조선힙합,"6月 16, 2026",160297,"63 7 그냥 해 조선힙합 6月 16, 2026 56 15 160,297"
2026-10-04,kr,South Korea,top_videos_weekly,,64,https://i.ytimg.com/vi/uwfa-gyubSg/mqdefault.jpg,https://www.youtube.com/watch?v=uwfa-gyubSg,Hootie Frutti (Live from Saturday Night Live),KATSEYE,,,Hootie Frutti (Live from Saturday Night Live) KATSEYE
2026-10-04,kr,South Korea,top_videos_weekly,,65,https://i.ytimg.com/vi/Y1Lah0BM0KQ/mqdefault.jpg,https://www.youtube.com/watch?v=Y1Lah0BM0KQ,Made My Night,LE SSERAFIM,,,Made My Night LE SSERAFIM
2026-10-04,kr,South Korea,top_videos_weekly,,66,https://i.ytimg.com/vi/FhNugHNh72s/mqdefault.jpg,https://www.youtube.com/watch?v=FhNugHNh72s,국악딴따라 - 살아보니 그렇더라 (Official MV),국악딴따라,,,국악딴따라 - 살아보니 그렇더라 (Official MV) 국악딴따라
2026-10-04,kr,South Korea,top_videos_weekly,,67,https://i.ytimg.com/vi/FyS5dAywkEo/mqdefault.jpg,https://www.youtube.com/watch?v=FyS5dAywkEo,SaWaDiKa (Official Music Video),LISA,,,SaWaDiKa (Official Music Video) LISA
2026-10-04,kr,South Korea,top_videos_weekly,,68,https://i.ytimg.com/vi/Kx0QiFrygPs/mqdefault.jpg,https://www.youtube.com/watch?v=Kx0QiFrygPs,[MV] Yun Hu(윤후) _ If Only(좋을텐데),Yun Hu,,,[MV] Yun Hu(윤후) _ If Only(좋을텐데) Yun Hu
2026-10-04,kr,South Korea,top_videos_weekly,,69,https://i.ytimg.com/vi/LhEBIGua1dM/mqdefault.jpg,https://www.youtube.com/watch?v=LhEBIGua1dM,Milky Way,UNIS,"9月 26, 2026",147434,"69 New Milky Way UNIS 9月 26, 2026 - 1 147,434"
2026-10-04,kr,South Korea,top_videos_weekly,,70,https://i.ytimg.com/vi/BbQ3S5_q44Q/mqdefault.jpg,https://www.youtube.com/watch?v=BbQ3S5_q44Q,You,Fujii Kaze,"9月 25, 2026",146608,"70 New You Fujii Kaze 9月 25, 2026 - 1 146,608"
2026-10-04,kr,South Korea,top_videos_weekly,,71,https://i.ytimg.com/vi/OOvyHpNmGD8/mqdefault.jpg,https://www.youtube.com/watch?v=OOvyHpNmGD8,I’m gonna TOESA (Narr. KIAN84),田小娟,,,I’m gonna TOESA (Narr. KIAN84) 田小娟
2026-10-04,kr,South Korea,top_videos_weekly,,72,https://i.ytimg.com/vi/58caqix3wsg/mqdefault.jpg,https://www.youtube.com/watch?v=58caqix3wsg,On a Glorious Day in October | Original Song : Serenade to Spring by Rolf Rovland (Cello + Piano),CelloDeck,,,On a Glorious Day in October | Original Song : Serenade to Spring by Rolf Rovland (Cello + Piano) CelloDeck
2026-10-04,kr,South Korea,top_videos_weekly,,73,https://i.ytimg.com/vi/V3b1JrAl_1Q/mqdefault.jpg,https://www.youtube.com/watch?v=V3b1JrAl_1Q,도경수(D.O.) l 'Guitarist' MV,D.O.,,,도경수(D.O.) l 'Guitarist' MV D.O.
2026-10-04,kr,South Korea,top_videos_weekly,,74,https://i.ytimg.com/vi/f_gNlO0U9BU/mqdefault.jpg,https://www.youtube.com/watch?v=f_gNlO0U9BU,[MV] Joo Hyung Jin(주형진) _ Autumn Night(가을의 밤),Joo Hyung Jin,,,[MV] Joo Hyung Jin(주형진) _ Autumn Night(가을의 밤) Joo Hyung Jin
2026-10-04,kr,South Korea,top_videos_weekly,,75,https://i.ytimg.com/vi/OWDcn7hl16A/mqdefault.jpg,https://www.youtube.com/watch?v=OWDcn7hl16A,Aiobahn +81 feat. DEMONDICE - DEMON'S SHOT (Official MV) [Theme for PUKEY GODDESS SHOT TRICK],Aiobahn,,,Aiobahn +81 feat. DEMONDICE - DEMON'S SHOT (Official MV) [Theme for PUKEY GODDESS SHOT TRICK] Aiobahn
2026-10-04,kr,South Korea,top_videos_weekly,,76,https://i.ytimg.com/vi/B8JJ8RNM-60/mqdefault.jpg,https://www.youtube.com/watch?v=B8JJ8RNM-60,Pinball,RESCENE,"9月 21, 2024",130854,"76 10 Pinball RESCENE 9月 21, 2024 86 10 130,854"
2026-10-04,kr,South Korea,top_videos_weekly,,77,https://i.ytimg.com/vi/nP1xjFX86Po/mqdefault.jpg,https://www.youtube.com/watch?v=nP1xjFX86Po,Unknown Planet,IU,,,Unknown Planet IU
2026-10-04,kr,South Korea,top_videos_weekly,,78,https://i.ytimg.com/vi/MjeiIal1ZR0/mqdefault.jpg,https://www.youtube.com/watch?v=MjeiIal1ZR0,lulu.,Mrs. GREEN APPLE,,,lulu. Mrs. GREEN APPLE
2026-10-04,kr,South Korea,top_videos_weekly,,79,https://i.ytimg.com/vi/oHFQ6aKTAMw/mqdefault.jpg,https://www.youtube.com/watch?v=oHFQ6aKTAMw,P1Harmony (피원하모니) INTAK (인탁) -‘Hip Song’ (비) LIVE CLIP @2026 FAN MEETING [P1uspace H : Horror Haven],P1Harmony,,2026,P1Harmony (피원하모니) INTAK (인탁) -‘Hip Song’ (비) LIVE CLIP @2026 FAN MEETING [P1uspace H : Horror Haven] P1Harmony
2026-10-04,kr,South Korea,top_videos_weekly,,80,https://i.ytimg.com/vi/chl0R8C4NJ8/mqdefault.jpg,https://www.youtube.com/watch?v=chl0R8C4NJ8,Hearts2Hearts 하츠투하츠 'ICONIC HEART' MV,Hearts2Hearts,,,Hearts2Hearts 하츠투하츠 'ICONIC HEART' MV Hearts2Hearts
2026-10-04,kr,South Korea,top_videos_weekly,,81,https://i.ytimg.com/vi/HLRBf672RMs/mqdefault.jpg,https://www.youtube.com/watch?v=HLRBf672RMs,ONEUS (원어스) ‘눈을 돌리지마 (Say Yes!)’ MV,ONEUS,,,ONEUS (원어스) ‘눈을 돌리지마 (Say Yes!)’ MV ONEUS
2026-10-04,kr,South Korea,top_videos_weekly,,82,https://i.ytimg.com/vi/dePs7UPp6GQ/mqdefault.jpg,https://www.youtube.com/watch?v=dePs7UPp6GQ,Brand New,Mrs. GREEN APPLE,,,Brand New Mrs. GREEN APPLE
2026-10-04,kr,South Korea,top_videos_weekly,,83,https://i.ytimg.com/vi/L8ZnXgbyUuc/mqdefault.jpg,https://www.youtube.com/watch?v=L8ZnXgbyUuc,BIGBANG - ‘BiiiG’ M/V,BIGBANG,,,BIGBANG - ‘BiiiG’ M/V BIGBANG
2026-10-04,kr,South Korea,top_videos_weekly,,84,https://i.ytimg.com/vi/1cKc1rkZwf8/mqdefault.jpg,https://www.youtube.com/watch?v=1cKc1rkZwf8,It's Art,PSY,"2月 7, 2011",119748,"84 4 It's Art PSY 2月 7, 2011 80 15 119,748"
2026-10-04,kr,South Korea,top_videos_weekly,,85,https://i.ytimg.com/vi/swbPnEZrQjE/mqdefault.jpg,https://www.youtube.com/watch?v=swbPnEZrQjE,WOODZ X 이승철 - 우리만의 이야기 [Official MV],LEE SEUNGCHUL,,,WOODZ X 이승철 - 우리만의 이야기 [Official MV] LEE SEUNGCHUL
2026-10-04,kr,South Korea,top_videos_weekly,,86,https://i.ytimg.com/vi/RaTCjhIS4AY/mqdefault.jpg,https://www.youtube.com/watch?v=RaTCjhIS4AY,A Letter For You,Kim Na-young,,,A Letter For You Kim Na-young
2026-10-04,kr,South Korea,top_videos_weekly,,87,https://i.ytimg.com/vi/9cS2wv6AfHk/mqdefault.jpg,https://www.youtube.com/watch?v=9cS2wv6AfHk,I LIKE IT,BABYMONSTER,,,I LIKE IT BABYMONSTER
2026-10-04,kr,South Korea,top_videos_weekly,,88,https://i.ytimg.com/vi/WNl67k6StWY/mqdefault.jpg,https://www.youtube.com/watch?v=WNl67k6StWY,LOVE ATTACK,RESCENE,,,LOVE ATTACK RESCENE
2026-10-04,kr,South Korea,top_videos_weekly,,89,https://i.ytimg.com/vi/6lN51mwvuA8/mqdefault.jpg,https://www.youtube.com/watch?v=6lN51mwvuA8,Gg Ez,M.Sasuke,"5月 30, 2026",112706,"89 89 Gg Ez M.Sasuke 5月 30, 2026 - 13 112,706"
2026-10-04,kr,South Korea,top_videos_weekly,,90,https://i.ytimg.com/vi/B5u8JiGVI_k/mqdefault.jpg,https://www.youtube.com/watch?v=B5u8JiGVI_k,BIGBANG - ‘BiiiG’ DANCE PRACTICE,BIGBANG,,,BIGBANG - ‘BiiiG’ DANCE PRACTICE BIGBANG
2026-10-04,kr,South Korea,top_videos_weekly,,91,https://i.ytimg.com/vi/TLJqi0IjMwo/mqdefault.jpg,https://www.youtube.com/watch?v=TLJqi0IjMwo,GOOD DAY,Mrs. GREEN APPLE,,,GOOD DAY Mrs. GREEN APPLE
2026-10-04,kr,South Korea,top_videos_weekly,,92,https://i.ytimg.com/vi/N_IdQdFJLuI/mqdefault.jpg,https://www.youtube.com/watch?v=N_IdQdFJLuI,Moise,任英雄,"9月 28, 2026",110514,"92 New Moise 任英雄 9月 28, 2026 - 1 110,514"
2026-10-04,kr,South Korea,top_videos_weekly,,93,https://i.ytimg.com/vi/OHAjc-ayhus/mqdefault.jpg,https://www.youtube.com/watch?v=OHAjc-ayhus,あぶく,YORUSHIKA,"4月 24, 2026",109477,"93 93 あぶく YORUSHIKA 4月 24, 2026 - 16 109,477"
2026-10-04,kr,South Korea,top_videos_weekly,,94,https://i.ytimg.com/vi/rAVP4PVft5M/mqdefault.jpg,https://www.youtube.com/watch?v=rAVP4PVft5M,감사,김용빈,"3月 13, 2025",109089,"94 94 감사 김용빈 3月 13, 2025 - 21 109,089"
2026-10-04,kr,South Korea,top_videos_weekly,,95,https://i.ytimg.com/vi/PxmKaXqeK2s/mqdefault.jpg,https://www.youtube.com/watch?v=PxmKaXqeK2s,너의 차선,조선힙합,"5月 21, 2026",107345,"95 8 너의 차선 조선힙합 5月 21, 2026 87 14 107,345"
2026-10-04,kr,South Korea,top_videos_weekly,,96,https://i.ytimg.com/vi/Zb1sZ16uWBk/mqdefault.jpg,https://www.youtube.com/watch?v=Zb1sZ16uWBk,long for you,Hyunjin / Stray Kids,,,long for you Hyunjin & Stray Kids
2026-10-04,kr,South Korea,top_videos_weekly,,97,https://i.ytimg.com/vi/an3kQonfrqw/mqdefault.jpg,https://www.youtube.com/watch?v=an3kQonfrqw,Addicted to You,애창,,,Addicted to You 애창
2026-10-04,kr,South Korea,top_videos_weekly,,98,https://i.ytimg.com/vi/XKZIQlqVjjk/mqdefault.jpg,https://www.youtube.com/watch?v=XKZIQlqVjjk,승인해주세요 지니님!,카사네 테토 / Una Otomachi,,,승인해주세요 지니님! 카사네 테토 & Una Otomachi
2026-10-04,kr,South Korea,top_videos_weekly,,99,https://i.ytimg.com/vi/IpFX2vq8HKw/mqdefault.jpg,https://www.youtube.com/watch?v=IpFX2vq8HKw,yung kai - blue (official music video),yung kai,,,yung kai - blue (official music video) yung kai
2026-10-04,kr,South Korea,top_videos_weekly,,100,https://i.ytimg.com/vi/_gyultVTesk/mqdefault.jpg,https://www.youtube.com/watch?v=_gyultVTesk,2.0,防彈少年團,"4月 1, 2026",100293,"100 16 2.0 防彈少年團 4月 1, 2026 84 19 100,293"
2026-10-04,vn,Vietnam,top_videos_weekly,,1,https://i.ytimg.com/vi/boKJ5XDs_mY/mqdefault.jpg,https://www.youtube.com/watch?v=boKJ5XDs_mY,LƯU NIÊN,Jack - J97,,,LƯU NIÊN Jack - J97
2026-10-04,vn,Vietnam,top_videos_weekly,,2,https://i.ytimg.com/vi/4jjOH2FR6-E/mqdefault.jpg,https://www.youtube.com/watch?v=4jjOH2FR6-E,xương rồng (intro),Dangrangto / DONAL,,,xương rồng (intro) Dangrangto & DONAL
2026-10-04,vn,Vietnam,top_videos_weekly,,3,https://i.ytimg.com/vi/vLa5jvCJMGk/mqdefault.jpg,https://www.youtube.com/watch?v=vLa5jvCJMGk,NGƯỜI DƯNG,Jack - J97,,,NGƯỜI DƯNG Jack - J97
2026-10-04,vn,Vietnam,top_videos_weekly,,4,https://i.ytimg.com/vi/UH21OnJwxZE/mqdefault.jpg,https://www.youtube.com/watch?v=UH21OnJwxZE,PHƯƠNG MỸ CHI x DTAP | 'THIÊN ĐƯỜNG VỚI NGƯỜI THƯƠNG' | OFFICIAL MUSIC VIDEO,Phương Mỹ Chi,,,PHƯƠNG MỸ CHI x DTAP | 'THIÊN ĐƯỜNG VỚI NGƯỜI THƯƠNG' | OFFICIAL MUSIC VIDEO Phương Mỹ Chi
2026-10-04,vn,Vietnam,top_videos_weekly,,5,https://i.ytimg.com/vi/Rb3hfEPyJxQ/mqdefault.jpg,https://www.youtube.com/watch?v=Rb3hfEPyJxQ,SECRET,"TINH HÀ ""SAY HI"" / Quang Hùng MasterD / CODYNAMVO / CONGB / Wren Evans",,,"SECRET TINH HÀ ""SAY HI"" , Quang Hùng MasterD , CODYNAMVO , CONGB & Wren Evans"
2026-10-04,vn,Vietnam,top_videos_weekly,,6,https://i.ytimg.com/vi/heMYSOZoT3c/mqdefault.jpg,https://www.youtube.com/watch?v=heMYSOZoT3c,dự báo thời tiết hôm nay mưa,ST.319 Entertainment,,319,dự báo thời tiết hôm nay mưa ST.319 Entertainment
2026-10-04,vn,Vietnam,top_videos_weekly,,7,https://i.ytimg.com/vi/kj7FXhECpSw/mqdefault.jpg,https://www.youtube.com/watch?v=kj7FXhECpSw,Ngược Lối Yêu,Vicky Nhung,,,Ngược Lối Yêu Vicky Nhung
2026-10-04,vn,Vietnam,top_videos_weekly,,8,https://i.ytimg.com/vi/l4Pkem30Q60/mqdefault.jpg,https://www.youtube.com/watch?v=l4Pkem30Q60,Kẻ Say Tình (Live),Quốc Thiên,,,Kẻ Say Tình (Live) Quốc Thiên
2026-10-04,vn,Vietnam,top_videos_weekly,,9,https://i.ytimg.com/vi/cwlToxaWuL8/mqdefault.jpg,https://www.youtube.com/watch?v=cwlToxaWuL8,MRT,"TINH HÀ ""SAY HI"" / XUÂN ĐỊNH KY / buitruonglinh / CAPTAIN BOY / HYO",,,"MRT TINH HÀ ""SAY HI"" , XUÂN ĐỊNH KY , buitruonglinh , CAPTAIN BOY & HYO"
2026-10-04,vn,Vietnam,top_videos_weekly,,10,https://i.ytimg.com/vi/qbek-A-CJJU/mqdefault.jpg,https://www.youtube.com/watch?v=qbek-A-CJJU,GIÁ NHƯ ANH LÀ EM - LỆ QUYÊN | OFFICIAL MUSIC VIDEO,Lệ Quyên,,,GIÁ NHƯ ANH LÀ EM - LỆ QUYÊN | OFFICIAL MUSIC VIDEO Lệ Quyên
2026-10-04,vn,Vietnam,top_videos_weekly,,11,https://i.ytimg.com/vi/bAHLmRaNxOs/mqdefault.jpg,https://www.youtube.com/watch?v=bAHLmRaNxOs,SAU HÌNH BÓNG ẤY,"Jaysonlei / Dương Domic / CODY NAM VÕ / TINH HÀ ""SAY HI"" / CAPTAIN BOY",,,"SAU HÌNH BÓNG ẤY Jaysonlei , Dương Domic , CODY NAM VÕ , TINH HÀ ""SAY HI"" & CAPTAIN BOY"
2026-10-04,vn,Vietnam,top_videos_weekly,,12,https://i.ytimg.com/vi/XqLsUne19Gs/mqdefault.jpg,https://www.youtube.com/watch?v=XqLsUne19Gs,LAVIEM,"Quang Hùng MasterD / TINH HÀ ""SAY HI"" / CAPTAIN BOY / Pháp Kiều / COOLKID / Danny Chung",,,"LAVIEM Quang Hùng MasterD , TINH HÀ ""SAY HI"" , CAPTAIN BOY , Pháp Kiều , COOLKID & Danny Chung"
2026-10-04,vn,Vietnam,top_videos_weekly,,13,https://i.ytimg.com/vi/S0klW2Rgkgo/mqdefault.jpg,https://www.youtube.com/watch?v=S0klW2Rgkgo,"TRỄ GIỜ CƠM - Quang Hùng MasterD, WEAN, Sơn.K, XUÂN ĐỊNH KY | TINH HÀ SAY HI [PERFORMANCE]",Vie Channel - MUSIC,,,"TRỄ GIỜ CƠM - Quang Hùng MasterD, WEAN, Sơn.K, XUÂN ĐỊNH KY | TINH HÀ SAY HI [PERFORMANCE] Vie Channel - MUSIC"
2026-10-04,vn,Vietnam,top_videos_weekly,,14,https://i.ytimg.com/vi/9eL4Scy4-Ys/mqdefault.jpg,https://www.youtube.com/watch?v=9eL4Scy4-Ys,"Ác Mộng Đẹp - Đạt G | Chapter 3: Đẹp | Album ""Ác Mộng Đẹp""",DatG Music,,,"Ác Mộng Đẹp - Đạt G | Chapter 3: Đẹp | Album ""Ác Mộng Đẹp"" DatG Music"
2026-10-04,vn,Vietnam,top_videos_weekly,,15,https://i.ytimg.com/vi/54PbTXlZegI/mqdefault.jpg,https://www.youtube.com/watch?v=54PbTXlZegI,Quang Hùng MasterD (Khách mời: Pháo Northside) - CASTING | TINH HÀ SAY HI [PERFORMANCE],Vie Channel - MUSIC,,,Quang Hùng MasterD (Khách mời: Pháo Northside) - CASTING | TINH HÀ SAY HI [PERFORMANCE] Vie Channel - MUSIC
2026-10-04,vn,Vietnam,top_videos_weekly,,16,https://i.ytimg.com/vi/VeCy5mfAdg8/mqdefault.jpg,https://www.youtube.com/watch?v=VeCy5mfAdg8,THÊU HOA DỆT GẤM,"HURRYKNG / buitruonglinh / TINH HÀ ""SAY HI"" / JSOL / CONGB",,,"THÊU HOA DỆT GẤM HURRYKNG , buitruonglinh , TINH HÀ ""SAY HI"" , JSOL & CONGB"
2026-10-04,vn,Vietnam,top_videos_weekly,,17,https://i.ytimg.com/vi/Mpx2czQtz1Y/mqdefault.jpg,https://www.youtube.com/watch?v=Mpx2czQtz1Y,Trăm Năm Chỉ Một Người – Một Đời Chỉ Yêu Một Người | Hoàng K Official,Hoàng K Official,,,Trăm Năm Chỉ Một Người – Một Đời Chỉ Yêu Một Người | Hoàng K Official Hoàng K Official
2026-10-04,vn,Vietnam,top_videos_weekly,,18,https://i.ytimg.com/vi/eedlpxUw8zg/mqdefault.jpg,https://www.youtube.com/watch?v=eedlpxUw8zg,chờ chút...,"TINH HÀ ""SAY HI"" / CONGB",,,"chờ chút... TINH HÀ ""SAY HI"" & CONGB"
2026-10-04,vn,Vietnam,top_videos_weekly,,19,https://i.ytimg.com/vi/8sVtL0o-v7U/mqdefault.jpg,https://www.youtube.com/watch?v=8sVtL0o-v7U,Người Im Lặng Gặp Người Hay Nói,HIEUTHUHAI,,,Người Im Lặng Gặp Người Hay Nói HIEUTHUHAI
2026-10-04,vn,Vietnam,top_videos_weekly,,20,https://i.ytimg.com/vi/iYXI8-9AO3Y/mqdefault.jpg,https://www.youtube.com/watch?v=iYXI8-9AO3Y,"Sơn Tùng M-TP ""Come My Way” (Live Performance) | Open Mic",Genius,,,"Sơn Tùng M-TP ""Come My Way” (Live Performance) | Open Mic Genius"
2026-10-04,vn,Vietnam,top_videos_weekly,,21,https://i.ytimg.com/vi/l_uzEREOKfo/mqdefault.jpg,https://www.youtube.com/watch?v=l_uzEREOKfo,THẾ GIỚI CỦA ANH,"TINH HÀ ""SAY HI"" / Dương Domic / buitruonglinh / CONGB / WEAN / Vận Toàn",,,"THẾ GIỚI CỦA ANH TINH HÀ ""SAY HI"" , Dương Domic , buitruonglinh , CONGB , WEAN & Vận Toàn"
2026-10-04,vn,Vietnam,top_videos_weekly,,22,https://i.ytimg.com/vi/D_iw2ttWV3E/mqdefault.jpg,https://www.youtube.com/watch?v=D_iw2ttWV3E,Wren Evans ft. itsnk - YEU | TINH HÀ SAY HI [PERFORMANCE],Vie Channel - MUSIC,,,Wren Evans ft. itsnk - YEU | TINH HÀ SAY HI [PERFORMANCE] Vie Channel - MUSIC
2026-10-04,vn,Vietnam,top_videos_weekly,,23,https://i.ytimg.com/vi/ByMb8XWE8zg/mqdefault.jpg,https://www.youtube.com/watch?v=ByMb8XWE8zg,Ngân Hàng Nỗi Nhớ,DatG Music,,,Ngân Hàng Nỗi Nhớ DatG Music
2026-10-04,vn,Vietnam,top_videos_weekly,,24,https://i.ytimg.com/vi/IiBRCv6KVQs/mqdefault.jpg,https://www.youtube.com/watch?v=IiBRCv6KVQs,Xa Xôi,RPT MCK,"9月 26, 2026",742740,"24 New Xa Xôi RPT MCK 9月 26, 2026 - 1 742,740"
2026-10-04,vn,Vietnam,top_videos_weekly,,25,https://i.ytimg.com/vi/T7ksmtaVeOk/mqdefault.jpg,https://www.youtube.com/watch?v=T7ksmtaVeOk,In Love,JustaTee / Low G,,,In Love JustaTee & Low G
2026-10-04,vn,Vietnam,top_videos_weekly,,26,https://i.ytimg.com/vi/X-GCJwz4PnY/mqdefault.jpg,https://www.youtube.com/watch?v=X-GCJwz4PnY,Buồn Thì Cứ Khóc Đi,Lynk Lee,,,Buồn Thì Cứ Khóc Đi Lynk Lee
2026-10-04,vn,Vietnam,top_videos_weekly,,27,https://i.ytimg.com/vi/QCr4Wf_eJHo/mqdefault.jpg,https://www.youtube.com/watch?v=QCr4Wf_eJHo,Đến Khi Nào,Yanbi,,,Đến Khi Nào Yanbi
2026-10-04,vn,Vietnam,top_videos_weekly,,28,https://i.ytimg.com/vi/6uVJqD2hSGQ/mqdefault.jpg,https://www.youtube.com/watch?v=6uVJqD2hSGQ,07. Em - Binz (feat. SOOBIN) | Gặp Lại Album,Binz,,,07. Em - Binz (feat. SOOBIN) | Gặp Lại Album Binz
2026-10-04,vn,Vietnam,top_videos_weekly,,29,https://i.ytimg.com/vi/K6rrVCFGAE8/mqdefault.jpg,https://www.youtube.com/watch?v=K6rrVCFGAE8,LAVIEM,"Quang Hùng MasterD / TINH HÀ ""SAY HI"" / CAPTAIN BOY / Pháp Kiều / COOLKID / Danny Chung",,,"LAVIEM Quang Hùng MasterD , TINH HÀ ""SAY HI"" , CAPTAIN BOY , Pháp Kiều , COOLKID & Danny Chung"
2026-10-04,vn,Vietnam,top_videos_weekly,,30,https://i.ytimg.com/vi/QxXYWMIQAcQ/mqdefault.jpg,https://www.youtube.com/watch?v=QxXYWMIQAcQ,Dangrangto - 'để dành cho em' (Visualizer),Dangrangto,,,Dangrangto - 'để dành cho em' (Visualizer) Dangrangto
2026-10-04,vn,Vietnam,top_videos_weekly,,31,https://i.ytimg.com/vi/RarQCMLLIOg/mqdefault.jpg,https://www.youtube.com/watch?v=RarQCMLLIOg,She Neva Knows (REMIX),CM1X,,,She Neva Knows (REMIX) CM1X
2026-10-04,vn,Vietnam,top_videos_weekly,,32,https://i.ytimg.com/vi/2MsxTstZ_Wo/mqdefault.jpg,https://www.youtube.com/watch?v=2MsxTstZ_Wo,IDK,RPT MCK,"9月 26, 2026",583524,"32 New IDK RPT MCK 9月 26, 2026 - 1 583,524"
2026-10-04,vn,Vietnam,top_videos_weekly,,33,https://i.ytimg.com/vi/bL5IuLDBuDQ/mqdefault.jpg,https://www.youtube.com/watch?v=bL5IuLDBuDQ,JACK - J97 | TAM THÁI TỬ | Album TAM THÁI TỬ - Track No.11,Jack - J97,,,JACK - J97 | TAM THÁI TỬ | Album TAM THÁI TỬ - Track No.11 Jack - J97
2026-10-04,vn,Vietnam,top_videos_weekly,,34,https://i.ytimg.com/vi/uUQG8sk7cLs/mqdefault.jpg,https://www.youtube.com/watch?v=uUQG8sk7cLs,Kẻ Say Tình 2,Quốc Thiên,,,Kẻ Say Tình 2 Quốc Thiên
2026-10-04,vn,Vietnam,top_videos_weekly,,35,https://i.ytimg.com/vi/KNnSoRrDb5g/mqdefault.jpg,https://www.youtube.com/watch?v=KNnSoRrDb5g,KHÔNG MÔN ĐĂNG HỘ ĐỐI - NGUYỄN VĨ | OFFICIAL MUSIC VIDEO,Nguyễn Vĩ,,,KHÔNG MÔN ĐĂNG HỘ ĐỐI - NGUYỄN VĨ | OFFICIAL MUSIC VIDEO Nguyễn Vĩ
2026-10-04,vn,Vietnam,top_videos_weekly,,36,https://i.ytimg.com/vi/xxe5d9QJav4/mqdefault.jpg,https://www.youtube.com/watch?v=xxe5d9QJav4,Sandwich & Story,EmceeDan / MONO,,,Sandwich & Story EmceeDan & MONO
2026-10-04,vn,Vietnam,top_videos_weekly,,37,https://i.ytimg.com/vi/jM6UrE3Bxw4/mqdefault.jpg,https://www.youtube.com/watch?v=jM6UrE3Bxw4,Tự Do Như Cơn Gió,Xanh,,,Tự Do Như Cơn Gió Xanh
2026-10-04,vn,Vietnam,top_videos_weekly,,38,https://i.ytimg.com/vi/ss3NJ7uopjc/mqdefault.jpg,https://www.youtube.com/watch?v=ss3NJ7uopjc,Liệu Giờ,2T,"4月 14, 2019",502584,"38 6 Liệu Giờ 2T 4月 14, 2019 32 6 502,584"
2026-10-04,vn,Vietnam,top_videos_weekly,,39,https://i.ytimg.com/vi/k7YJHCR9JBE/mqdefault.jpg,https://www.youtube.com/watch?v=k7YJHCR9JBE,50 Năm Về Sau,Đặng Thanh Tuyền,,,50 Năm Về Sau Đặng Thanh Tuyền
2026-10-04,vn,Vietnam,top_videos_weekly,,40,https://i.ytimg.com/vi/sPQXOA6pzOg/mqdefault.jpg,https://www.youtube.com/watch?v=sPQXOA6pzOg,Ngày Rời Chuyến Bay,Minh Huy / Pinny,,,Ngày Rời Chuyến Bay Minh Huy & Pinny
2026-10-04,vn,Vietnam,top_videos_weekly,,41,https://i.ytimg.com/vi/1qu1rIBM63M/mqdefault.jpg,https://www.youtube.com/watch?v=1qu1rIBM63M,Hẹn em dưới pháo hoa | Ân Ngờ và Kphuong [Official MV],Ân ngờ,,,Hẹn em dưới pháo hoa | Ân Ngờ và Kphuong [Official MV] Ân ngờ
2026-10-04,vn,Vietnam,top_videos_weekly,,42,https://i.ytimg.com/vi/fdFRy9zBdMo/mqdefault.jpg,https://www.youtube.com/watch?v=fdFRy9zBdMo,Kẻ Say Tình 2 (Live),Quoc Thien,,,Kẻ Say Tình 2 (Live) Quoc Thien
2026-10-04,vn,Vietnam,top_videos_weekly,,43,https://i.ytimg.com/vi/92TO8FmEaqs/mqdefault.jpg,https://www.youtube.com/watch?v=92TO8FmEaqs,CoolKid ft. Ánh Sáng AZA - 1 KẺ ĐÁNG THƯƠNG 1 NGƯỜI ĐÁNG TRÁCH | TINH HÀ SAY HI [PERFORMANCE],Vie Channel - MUSIC,,,CoolKid ft. Ánh Sáng AZA - 1 KẺ ĐÁNG THƯƠNG 1 NGƯỜI ĐÁNG TRÁCH | TINH HÀ SAY HI [PERFORMANCE] Vie Channel - MUSIC
2026-10-04,vn,Vietnam,top_videos_weekly,,44,https://i.ytimg.com/vi/s76BtB81Oms/mqdefault.jpg,https://www.youtube.com/watch?v=s76BtB81Oms,ĐỚN ĐAU VÔ CÙNG,DatKaa,,,ĐỚN ĐAU VÔ CÙNG DatKaa
2026-10-04,vn,Vietnam,top_videos_weekly,,45,https://i.ytimg.com/vi/Udc6MAAZT30/mqdefault.jpg,https://www.youtube.com/watch?v=Udc6MAAZT30,Từng Là Của Nhau,Bảo Anh / Táo,,,Từng Là Của Nhau Bảo Anh & Táo
2026-10-04,vn,Vietnam,top_videos_weekly,,46,https://i.ytimg.com/vi/7rWEqGTE4YY/mqdefault.jpg,https://www.youtube.com/watch?v=7rWEqGTE4YY,CẢM ƠN TÌNH YÊU TÔI - Tiết mục Nhà Thăng Hoa | Anh Trai Vượt Ngàn Chông Gai 2026,YEAH1 MUSIC,,2026,CẢM ƠN TÌNH YÊU TÔI - Tiết mục Nhà Thăng Hoa | Anh Trai Vượt Ngàn Chông Gai 2026 YEAH1 MUSIC
2026-10-04,vn,Vietnam,top_videos_weekly,,47,https://i.ytimg.com/vi/qM9woZ4i36Q/mqdefault.jpg,https://www.youtube.com/watch?v=qM9woZ4i36Q,JACK - J97 | ANH YÊU EM (我愛你) | Album TAM THÁI TỬ - Track No.3,J97,,,JACK - J97 | ANH YÊU EM (我爱你) | Album TAM THÁI TỬ - Track No.3 J97
2026-10-04,vn,Vietnam,top_videos_weekly,,48,https://i.ytimg.com/vi/om6Qessps1c/mqdefault.jpg,https://www.youtube.com/watch?v=om6Qessps1c,50 CUỘC GỌI NHỠ,"TINH HÀ ""SAY HI"" / COOLKID / Quang Hùng MasterD / CODYNAMVO / Jaysonlei",,,"50 CUỘC GỌI NHỠ TINH HÀ ""SAY HI"" , COOLKID , Quang Hùng MasterD , CODYNAMVO & Jaysonlei"
2026-10-04,vn,Vietnam,top_videos_weekly,,49,https://i.ytimg.com/vi/HedP3E7ljhk/mqdefault.jpg,https://www.youtube.com/watch?v=HedP3E7ljhk,Xin Đừng Rời Xa Anh (Truzg Remix) | Lê Gia Bảo | Nhạc Hot Trend TikTok 2026,Lê Gia Bảo,,2026,Xin Đừng Rời Xa Anh (Truzg Remix) | Lê Gia Bảo | Nhạc Hot Trend TikTok 2026 Lê Gia Bảo
2026-10-04,vn,Vietnam,top_videos_weekly,,50,https://i.ytimg.com/vi/xJ1uMrL9Rwo/mqdefault.jpg,https://www.youtube.com/watch?v=xJ1uMrL9Rwo,Ngồi Nghe Em Khóc,DatG Music,,,Ngồi Nghe Em Khóc DatG Music
2026-10-04,vn,Vietnam,top_videos_weekly,,51,https://i.ytimg.com/vi/0uGWdfqX_T8/mqdefault.jpg,https://www.youtube.com/watch?v=0uGWdfqX_T8,TELL ME WHY,"Dương Domic / TINH HÀ ""SAY HI""",,,"TELL ME WHY Dương Domic & TINH HÀ ""SAY HI"""
2026-10-04,vn,Vietnam,top_videos_weekly,,52,https://i.ytimg.com/vi/apQbAiyXIm0/mqdefault.jpg,https://www.youtube.com/watch?v=apQbAiyXIm0,CÓ KHI - Tiết Mục Nhà Lục Lạc | Anh Trai Vượt Ngàn Chông Gai 2026,YEAH1 MUSIC,,2026,CÓ KHI - Tiết Mục Nhà Lục Lạc | Anh Trai Vượt Ngàn Chông Gai 2026 YEAH1 MUSIC
2026-10-04,vn,Vietnam,top_videos_weekly,,53,https://i.ytimg.com/vi/8-bKjcADU18/mqdefault.jpg,https://www.youtube.com/watch?v=8-bKjcADU18,MƯA VỘI PHÓNG,"TINH HÀ ""SAY HI"" / Wren Evans / Ali Hoàng Dương / CODY Nam Võ / HYO / 2Pillz",,,"MƯA VỘI PHÓNG TINH HÀ ""SAY HI"" , Wren Evans , Ali Hoàng Dương , CODY Nam Võ , HYO & 2Pillz"
2026-10-04,vn,Vietnam,top_videos_weekly,,54,https://i.ytimg.com/vi/-RIH9RQMuZc/mqdefault.jpg,https://www.youtube.com/watch?v=-RIH9RQMuZc,「KARAOKE TONE NỮ」 NGƯỢC LỐI YÊU (LIVE STAGE) - VICKY NHUNG x CHU THÚY QUỲNH | BEAT KARAOKE TONE NỮ,Vicky Nhung,,,「KARAOKE TONE NỮ」 NGƯỢC LỐI YÊU (LIVE STAGE) - VICKY NHUNG x CHU THÚY QUỲNH | BEAT KARAOKE TONE NỮ Vicky Nhung
2026-10-04,vn,Vietnam,top_videos_weekly,,55,https://i.ytimg.com/vi/hzUG1erf3Yw/mqdefault.jpg,https://www.youtube.com/watch?v=hzUG1erf3Yw,Xin Đừng Rời Xa Anh (Beat),Lê Gia Bảo,,,Xin Đừng Rời Xa Anh (Beat) Lê Gia Bảo
2026-10-04,vn,Vietnam,top_videos_weekly,,56,https://i.ytimg.com/vi/dTZGuJACBWg/mqdefault.jpg,https://www.youtube.com/watch?v=dTZGuJACBWg,"gái tây gốc Việt | Nicole Nguyễn ft Tommy Tèo, Billy100 | OFFICIAL MV",Grammy Music Vietnam,,100,"gái tây gốc Việt | Nicole Nguyễn ft Tommy Tèo, Billy100 | OFFICIAL MV Grammy Music Vietnam"
2026-10-04,vn,Vietnam,top_videos_weekly,,57,https://i.ytimg.com/vi/UCXao7aTDQM/mqdefault.jpg,https://www.youtube.com/watch?v=UCXao7aTDQM,Hà Anh Tuấn - Tháng Tư Là Lời Nói Dối Của Em (Official MV),Hà Anh Tuấn,,,Hà Anh Tuấn - Tháng Tư Là Lời Nói Dối Của Em (Official MV) Hà Anh Tuấn
2026-10-04,vn,Vietnam,top_videos_weekly,,58,https://i.ytimg.com/vi/FNbT75NoaAI/mqdefault.jpg,https://www.youtube.com/watch?v=FNbT75NoaAI,JACK - J97 | HOA TRONG ĐÁ | Official Music Video - Album TAM THÁI TỬ - Track No.1,Jack - J97,,,JACK - J97 | HOA TRONG ĐÁ | Official Music Video - Album TAM THÁI TỬ - Track No.1 Jack - J97
2026-10-04,vn,Vietnam,top_videos_weekly,,59,https://i.ytimg.com/vi/PKTqqnWEybA/mqdefault.jpg,https://www.youtube.com/watch?v=PKTqqnWEybA,JACK - J97 | MỖI LẦN NHỚ EM LÀ MỘT NGÀY MƯA | Album TAM THÁI TỬ - Track No.6,Jack - J97,,,JACK - J97 | MỖI LẦN NHỚ EM LÀ MỘT NGÀY MƯA | Album TAM THÁI TỬ - Track No.6 Jack - J97
2026-10-04,vn,Vietnam,top_videos_weekly,,60,https://i.ytimg.com/vi/-M91YDMeFnc/mqdefault.jpg,https://www.youtube.com/watch?v=-M91YDMeFnc,Kẻ Say Tình 3 (Ngày Gió Giông),Quốc Thiên,,,Kẻ Say Tình 3 (Ngày Gió Giông) Quốc Thiên
2026-10-04,vn,Vietnam,top_videos_weekly,,61,https://i.ytimg.com/vi/gIiyaY6TuKA/mqdefault.jpg,https://www.youtube.com/watch?v=gIiyaY6TuKA,Wtf Bby I'm Lit,RPT MCK,,,Wtf Bby I'm Lit RPT MCK
2026-10-04,vn,Vietnam,top_videos_weekly,,62,https://i.ytimg.com/vi/XwshmJV-DHg/mqdefault.jpg,https://www.youtube.com/watch?v=XwshmJV-DHg,"Quang Hùng MasterD - 'SECRET' (ft. Cody Nam Võ, Wren Evans, CONGB) / TINH HÀ SAY HI",Quang Hùng MasterD,,,"Quang Hùng MasterD - 'SECRET' (ft. Cody Nam Võ, Wren Evans, CONGB) / TINH HÀ SAY HI Quang Hùng MasterD"
2026-10-04,vn,Vietnam,top_videos_weekly,,63,https://i.ytimg.com/vi/BWNkgqKZP0Q/mqdefault.jpg,https://www.youtube.com/watch?v=BWNkgqKZP0Q,Cảm Ơn,RPT MCK,"9月 26, 2026",361743,"63 New Cảm Ơn RPT MCK 9月 26, 2026 - 1 361,743"
2026-10-04,vn,Vietnam,top_videos_weekly,,64,https://i.ytimg.com/vi/16MYXPhzTzQ/mqdefault.jpg,https://www.youtube.com/watch?v=16MYXPhzTzQ,XUÂN ĐỊNH KY - Ừ THÌ ANH ĐÃ LỚN | TINH HÀ SAY HI [PERFORMANCE],Vie Channel - MUSIC,,,XUÂN ĐỊNH KY - Ừ THÌ ANH ĐÃ LỚN | TINH HÀ SAY HI [PERFORMANCE] Vie Channel - MUSIC
2026-10-04,vn,Vietnam,top_videos_weekly,,65,https://i.ytimg.com/vi/lbIUqxfSbE0/mqdefault.jpg,https://www.youtube.com/watch?v=lbIUqxfSbE0,Dưa Chua,RPT MCK,,,Dưa Chua RPT MCK
2026-10-04,vn,Vietnam,top_videos_weekly,,66,https://i.ytimg.com/vi/XpY62G82-HI/mqdefault.jpg,https://www.youtube.com/watch?v=XpY62G82-HI,Thương Lấy Phận Mình (Remix),Thái Học,,,Thương Lấy Phận Mình (Remix) Thái Học
2026-10-04,vn,Vietnam,top_videos_weekly,,67,https://i.ytimg.com/vi/NPqtL1dtrlA/mqdefault.jpg,https://www.youtube.com/watch?v=NPqtL1dtrlA,Love Options(연애의 조건),BESTIE,,,Love Options(연애의 조건) BESTIE
2026-10-04,vn,Vietnam,top_videos_weekly,,68,https://i.ytimg.com/vi/NW-QWwdyzBk/mqdefault.jpg,https://www.youtube.com/watch?v=NW-QWwdyzBk,YAGA - MCK,RPT MCK,,,YAGA - MCK RPT MCK
2026-10-04,vn,Vietnam,top_videos_weekly,,69,https://i.ytimg.com/vi/Eb8tfBakNMg/mqdefault.jpg,https://www.youtube.com/watch?v=Eb8tfBakNMg,CODY NAM VÕ - DO 4 LOVE | TINH HÀ SAY HI [PERFORMANCE],Vie Channel - MUSIC,,,CODY NAM VÕ - DO 4 LOVE | TINH HÀ SAY HI [PERFORMANCE] Vie Channel - MUSIC
2026-10-04,vn,Vietnam,top_videos_weekly,,70,https://i.ytimg.com/vi/S2uRy0Gi20I/mqdefault.jpg,https://www.youtube.com/watch?v=S2uRy0Gi20I,GIẬN HỜN ĐỂ ĐƯỢC YÊU - ANH BA TRỨNG - BOLERO - SÁNG TÁC MỚI NGHE CỰC ÊM TAI,Anh Ba Trứng,,,GIẬN HỜN ĐỂ ĐƯỢC YÊU - ANH BA TRỨNG - BOLERO - SÁNG TÁC MỚI NGHE CỰC ÊM TAI Anh Ba Trứng
2026-10-04,vn,Vietnam,top_videos_weekly,,71,https://i.ytimg.com/vi/f4pdkPVkFi8/mqdefault.jpg,https://www.youtube.com/watch?v=f4pdkPVkFi8,JACK - J97 | HƯỚNG DƯƠNG BẤT TỨC | Album TAM THÁI TỬ - Track No.10,Jack - J97,,,JACK - J97 | HƯỚNG DƯƠNG BẤT TỨC | Album TAM THÁI TỬ - Track No.10 Jack - J97
2026-10-04,vn,Vietnam,top_videos_weekly,,72,https://i.ytimg.com/vi/MzCbEdtNbJ0/mqdefault.jpg,https://www.youtube.com/watch?v=MzCbEdtNbJ0,HARU HARU(하루하루),BIGBANG,,,HARU HARU(하루하루) BIGBANG
2026-10-04,vn,Vietnam,top_videos_weekly,,73,https://i.ytimg.com/vi/9VLQYN_ZhIM/mqdefault.jpg,https://www.youtube.com/watch?v=9VLQYN_ZhIM,Xin Đừng Rời Xa Anh (Remix Viral TikTok) - Lê Gia Bảo | Xin đừng rời xa anh đừng để lệ hoen mi anh,Lê Gia Bảo,,,Xin Đừng Rời Xa Anh (Remix Viral TikTok) - Lê Gia Bảo | Xin đừng rời xa anh đừng để lệ hoen mi anh Lê Gia Bảo
2026-10-04,vn,Vietnam,top_videos_weekly,,74,https://i.ytimg.com/vi/eHwesHMnr2o/mqdefault.jpg,https://www.youtube.com/watch?v=eHwesHMnr2o,vùng vẫy,Dangrangto / ZEXZEX / DONAL,,,"vùng vẫy Dangrangto , ZEXZEX & DONAL"
2026-10-04,vn,Vietnam,top_videos_weekly,,75,https://i.ytimg.com/vi/yszxOH4e5eA/mqdefault.jpg,https://www.youtube.com/watch?v=yszxOH4e5eA,Mối Duyên Vàng,Võ Thu Hà / Tuấn Cry,,,Mối Duyên Vàng Võ Thu Hà & Tuấn Cry
2026-10-04,vn,Vietnam,top_videos_weekly,,76,https://i.ytimg.com/vi/wnwwK_FCWAM/mqdefault.jpg,https://www.youtube.com/watch?v=wnwwK_FCWAM,"5 THÁNG - Wren Evans, WEAN, Ali Hoàng Dương, Jaysonlei, SOFTSERVEBOY | TINH HÀ SAY HI [PERFORMANCE]",Vie Channel - MUSIC,,,"5 THÁNG - Wren Evans, WEAN, Ali Hoàng Dương, Jaysonlei, SOFTSERVEBOY | TINH HÀ SAY HI [PERFORMANCE] Vie Channel - MUSIC"
2026-10-04,vn,Vietnam,top_videos_weekly,,77,https://i.ytimg.com/vi/p7jYQAZVPnw/mqdefault.jpg,https://www.youtube.com/watch?v=p7jYQAZVPnw,Thư Tình Em Gái,Thu Hương / Quang Lập,,,Thư Tình Em Gái Thu Hương & Quang Lập
2026-10-04,vn,Vietnam,top_videos_weekly,,78,https://i.ytimg.com/vi/LYBcmQj7KUw/mqdefault.jpg,https://www.youtube.com/watch?v=LYBcmQj7KUw,GIẢI CỨU THẾ GIỚI,"Sơn.K / HYO / SOFTEST HARD / TINH HÀ ""SAY HI"" / IVAN / JSOL",,,"GIẢI CỨU THẾ GIỚI Sơn.K , HYO , SOFTEST HARD , TINH HÀ ""SAY HI"" , IVAN & JSOL"
2026-10-04,vn,Vietnam,top_videos_weekly,,79,https://i.ytimg.com/vi/ljN7Pv3cnIo/mqdefault.jpg,https://www.youtube.com/watch?v=ljN7Pv3cnIo,ĐÔ TRƯỞNG,DatG Music,,,ĐÔ TRƯỞNG DatG Music
2026-10-04,vn,Vietnam,top_videos_weekly,,80,https://i.ytimg.com/vi/3DcoC8p9az8/mqdefault.jpg,https://www.youtube.com/watch?v=3DcoC8p9az8,Training Season (Live),Dua Lipa,,,Training Season (Live) Dua Lipa
2026-10-04,vn,Vietnam,top_videos_weekly,,81,https://i.ytimg.com/vi/z_R9gRiWSlg/mqdefault.jpg,https://www.youtube.com/watch?v=z_R9gRiWSlg,MUỘII - Dầm Mưa (nhưng không cảm lạnh) ft. ERIK X Nguyễn Phúc Thiện | Official Music Video,Muộii,,,MUỘII - Dầm Mưa (nhưng không cảm lạnh) ft. ERIK X Nguyễn Phúc Thiện | Official Music Video Muộii
2026-10-04,vn,Vietnam,top_videos_weekly,,82,https://i.ytimg.com/vi/vciMg0s-Gos/mqdefault.jpg,https://www.youtube.com/watch?v=vciMg0s-Gos,Xuân Thì,潘孟瓊,"11月 22, 2024",291861,"82 82 Xuân Thì 潘孟瓊 11月 22, 2024 - 11 291,861"
2026-10-04,vn,Vietnam,top_videos_weekly,,83,https://i.ytimg.com/vi/KyZHbM_zC0I/mqdefault.jpg,https://www.youtube.com/watch?v=KyZHbM_zC0I,TIẾNG RU CỘI NGUỒN | Liên Minh Nguyên Tố Mỹ Mãn | Anh Trai Vượt Ngàn Chông Gai 2026,YEAH1 MUSIC,,2026,TIẾNG RU CỘI NGUỒN | Liên Minh Nguyên Tố Mỹ Mãn | Anh Trai Vượt Ngàn Chông Gai 2026 YEAH1 MUSIC
2026-10-04,vn,Vietnam,top_videos_weekly,,84,https://i.ytimg.com/vi/3YJegkIccEY/mqdefault.jpg,https://www.youtube.com/watch?v=3YJegkIccEY,"VƯỢT NGƯỠNG TÌNH YÊU - HURRYKNG, Dương Domic, KIMLONG, XUÂN ĐỊNH KY, FrancisGotHeat | TINH HÀ SAY HI",Vie Channel - MUSIC,,,"VƯỢT NGƯỠNG TÌNH YÊU - HURRYKNG, Dương Domic, KIMLONG, XUÂN ĐỊNH KY, FrancisGotHeat | TINH HÀ SAY HI Vie Channel - MUSIC"
2026-10-04,vn,Vietnam,top_videos_weekly,,85,https://i.ytimg.com/vi/WfVtZgc3Y8k/mqdefault.jpg,https://www.youtube.com/watch?v=WfVtZgc3Y8k,Là Gì Của Nhau,RPT MCK,,,Là Gì Của Nhau RPT MCK
2026-10-04,vn,Vietnam,top_videos_weekly,,86,https://i.ytimg.com/vi/HZP-jGSU2RE/mqdefault.jpg,https://www.youtube.com/watch?v=HZP-jGSU2RE,Sơn.K (Khách mời: Yeolan) - CÂY CẦU TÌNH ÁI | TINH HÀ SAY HI [PERFORMANCE],Vie Channel - MUSIC,,,Sơn.K (Khách mời: Yeolan) - CÂY CẦU TÌNH ÁI | TINH HÀ SAY HI [PERFORMANCE] Vie Channel - MUSIC
2026-10-04,vn,Vietnam,top_videos_weekly,,87,https://i.ytimg.com/vi/lXhTCkzas8Q/mqdefault.jpg,https://www.youtube.com/watch?v=lXhTCkzas8Q,NSCN,Yung Ni99,"9月 1, 2026",282743,"87 New NSCN Yung Ni99 9月 1, 2026 - 1 282,743"
2026-10-04,vn,Vietnam,top_videos_weekly,,88,https://i.ytimg.com/vi/pMUgdBS6tCA/mqdefault.jpg,https://www.youtube.com/watch?v=pMUgdBS6tCA,Ở Hai Đầu Nỗi Nhớ,Minh Vuong M4U / Le Thuy,,,Ở Hai Đầu Nỗi Nhớ Minh Vuong M4U & Le Thuy
2026-10-04,vn,Vietnam,top_videos_weekly,,89,https://i.ytimg.com/vi/1b1p_Y2c4-E/mqdefault.jpg,https://www.youtube.com/watch?v=1b1p_Y2c4-E,Đừng Trách Câu Ví Dặm,Cáp Anh Tài,,,Đừng Trách Câu Ví Dặm Cáp Anh Tài
2026-10-04,vn,Vietnam,top_videos_weekly,,90,https://i.ytimg.com/vi/ydwcVf7dlMY/mqdefault.jpg,https://www.youtube.com/watch?v=ydwcVf7dlMY,Tình Còn Theo Năm Tháng – Một Đời Bên Nhau Mãi Mãi “Mình Ơi” | Hoàng K Official,Hoàng K Official,,,Tình Còn Theo Năm Tháng – Một Đời Bên Nhau Mãi Mãi “Mình Ơi” | Hoàng K Official Hoàng K Official
2026-10-04,vn,Vietnam,top_videos_weekly,,91,https://i.ytimg.com/vi/GhcwOsYqwSo/mqdefault.jpg,https://www.youtube.com/watch?v=GhcwOsYqwSo,TỬU ÂM || LÊ GIA QUÂN ft TVk || OFFICIAL MUSIC VIDEO,Lê Gia Quân,,,TỬU ÂM || LÊ GIA QUÂN ft TVk || OFFICIAL MUSIC VIDEO Lê Gia Quân
2026-10-04,vn,Vietnam,top_videos_weekly,,92,https://i.ytimg.com/vi/YdCHhice7EQ/mqdefault.jpg,https://www.youtube.com/watch?v=YdCHhice7EQ,VÀ TÔI CŨNG YÊU EM - Tiết Mục Nhà Thăng Hoa | Anh Trai Vượt Ngàn Chông Gai 2026,YEAH1 MUSIC,,2026,VÀ TÔI CŨNG YÊU EM - Tiết Mục Nhà Thăng Hoa | Anh Trai Vượt Ngàn Chông Gai 2026 YEAH1 MUSIC
2026-10-04,vn,Vietnam,top_videos_weekly,,93,https://i.ytimg.com/vi/6gE3OZVP0EM/mqdefault.jpg,https://www.youtube.com/watch?v=6gE3OZVP0EM,Anh Không Muốn Nó Dễ Dàng,RPT MCK,,,Anh Không Muốn Nó Dễ Dàng RPT MCK
2026-10-04,vn,Vietnam,top_videos_weekly,,94,https://i.ytimg.com/vi/zs1CJNEMpSU/mqdefault.jpg,https://www.youtube.com/watch?v=zs1CJNEMpSU,Thử Lòng Quân Tử,Phương Mỹ Chi / DTAP / RHYDER,,,"Thử Lòng Quân Tử Phương Mỹ Chi , DTAP & RHYDER"
2026-10-04,vn,Vietnam,top_videos_weekly,,95,https://i.ytimg.com/vi/SlQR9iu09bQ/mqdefault.jpg,https://www.youtube.com/watch?v=SlQR9iu09bQ,Come My Way,山松 / Tyga,,,Come My Way 山松 & Tyga
2026-10-04,vn,Vietnam,top_videos_weekly,,96,https://i.ytimg.com/vi/RH2fBI80v3c/mqdefault.jpg,https://www.youtube.com/watch?v=RH2fBI80v3c,VÔ TÌNH ĐÁNH RƠI,"TINH HÀ ""SAY HI"" / CAPTAIN BOY",,,"VÔ TÌNH ĐÁNH RƠI TINH HÀ ""SAY HI"" & CAPTAIN BOY"
2026-10-04,vn,Vietnam,top_videos_weekly,,97,https://i.ytimg.com/vi/Vrw0keFiuxk/mqdefault.jpg,https://www.youtube.com/watch?v=Vrw0keFiuxk,Nhạc Lộn Xộn 5IN1 SIÊU PEAK: Anh Vội Quên x Yêu Bằng Mắt x Trả Cho Anh x Chấp Niệm Trong Em,Sky Remix,,,Nhạc Lộn Xộn 5IN1 SIÊU PEAK: Anh Vội Quên x Yêu Bằng Mắt x Trả Cho Anh x Chấp Niệm Trong Em Sky Remix
2026-10-04,vn,Vietnam,top_videos_weekly,,98,https://i.ytimg.com/vi/0ohZ4Eslwf8/mqdefault.jpg,https://www.youtube.com/watch?v=0ohZ4Eslwf8,JACK - J97 | THÌ RA MÌNH ĐÃ YÊU NHAU XONG RỒI | Album TAM THÁI TỬ - Track No.9,Jack - J97,,,JACK - J97 | THÌ RA MÌNH ĐÃ YÊU NHAU XONG RỒI | Album TAM THÁI TỬ - Track No.9 Jack - J97
2026-10-04,vn,Vietnam,top_videos_weekly,,99,https://i.ytimg.com/vi/S6x-p6Vfyew/mqdefault.jpg,https://www.youtube.com/watch?v=S6x-p6Vfyew,Để Dành Khi Thức Giấc - SIVAN (Lyrics Audio),SIVAN,,,Để Dành Khi Thức Giấc - SIVAN (Lyrics Audio) SIVAN
2026-10-04,vn,Vietnam,top_videos_weekly,,100,https://i.ytimg.com/vi/gR7-IH4K6DE/mqdefault.jpg,https://www.youtube.com/watch?v=gR7-IH4K6DE,JACK - J97 | NÁT TAN CÕI LÒNG | Album TAM THÁI TỬ - Track No.7,Jack - J97,,,JACK - J97 | NÁT TAN CÕI LÒNG | Album TAM THÁI TỬ - Track No.7 Jack - J97
2026-10-04,th,Thailand,top_videos_weekly,,1,https://i.ytimg.com/vi/pTQiOMm_53Y/mqdefault.jpg,https://www.youtube.com/watch?v=pTQiOMm_53Y,ไม่ได้เลวขนาดนั้น,PORZAX,,,ไม่ได้เลวขนาดนั้น PORZAX
2026-10-04,th,Thailand,top_videos_weekly,,2,https://i.ytimg.com/vi/23cipSExADA/mqdefault.jpg,https://www.youtube.com/watch?v=23cipSExADA,เพราะพี่รักจริง (Live Session),หนึ่ง บีเคแบนด์,,,เพราะพี่รักจริง (Live Session) หนึ่ง บีเคแบนด์
2026-10-04,th,Thailand,top_videos_weekly,,3,https://i.ytimg.com/vi/8XXPxLLgwt8/mqdefault.jpg,https://www.youtube.com/watch?v=8XXPxLLgwt8,GAVIN:D x Violette Wautier - อย่ามากกว่าฉันก็พอ [IN MY ROOM SESSION],GAVIN:D,,,GAVIN:D x Violette Wautier - อย่ามากกว่าฉันก็พอ [IN MY ROOM SESSION] GAVIN:D
2026-10-04,th,Thailand,top_videos_weekly,,4,https://i.ytimg.com/vi/C40oligg6xE/mqdefault.jpg,https://www.youtube.com/watch?v=C40oligg6xE,นาฬิกาทราย (sign),BOWKYLION,,,นาฬิกาทราย (sign) BOWKYLION
2026-10-04,th,Thailand,top_videos_weekly,,5,https://i.ytimg.com/vi/RrWFlqoWIHY/mqdefault.jpg,https://www.youtube.com/watch?v=RrWFlqoWIHY,ไม่รักดีกว่า,Z9,"8月 19, 2026",2373565,"5 2 ไม่รักดีกว่า Z9 8月 19, 2026 3 7 2,373,565"
2026-10-04,th,Thailand,top_videos_weekly,,6,https://i.ytimg.com/vi/LUE3AxSEff8/mqdefault.jpg,https://www.youtube.com/watch?v=LUE3AxSEff8,บ้านเธอบ้านฉัน,เบิ้ล ยุทธพล,,,บ้านเธอบ้านฉัน เบิ้ล ยุทธพล
2026-10-04,th,Thailand,top_videos_weekly,,7,https://i.ytimg.com/vi/HTjkVCSsKv8/mqdefault.jpg,https://www.youtube.com/watch?v=HTjkVCSsKv8,เมื่อไหร่จะมี (มีใจให้กัน),BLVCKHEART,,,เมื่อไหร่จะมี (มีใจให้กัน) BLVCKHEART
2026-10-04,th,Thailand,top_videos_weekly,,8,https://i.ytimg.com/vi/zMciAtU4miE/mqdefault.jpg,https://www.youtube.com/watch?v=zMciAtU4miE,บ่มีสิทธิ์ - ธีร์ ทีเร็กซ์ x หยุด สาละวัน : เซิ้ง|Music 【Official MV】,SERNG MUSiC OFFICIAL,,,บ่มีสิทธิ์ - ธีร์ ทีเร็กซ์ x หยุด สาละวัน : เซิ้ง|Music 【Official MV】 SERNG MUSiC OFFICIAL
2026-10-04,th,Thailand,top_videos_weekly,,9,https://i.ytimg.com/vi/5ySwsjh7SLQ/mqdefault.jpg,https://www.youtube.com/watch?v=5ySwsjh7SLQ,Keun Jai (3am call),Mirrr,,,Keun Jai (3am call) Mirrr
2026-10-04,th,Thailand,top_videos_weekly,,10,https://i.ytimg.com/vi/JeHnrF61J80/mqdefault.jpg,https://www.youtube.com/watch?v=JeHnrF61J80,ถอนคำสาบาน,อะตอม ตาปีมิวสิคกรุ๊ป,,,ถอนคำสาบาน อะตอม ตาปีมิวสิคกรุ๊ป
2026-10-04,th,Thailand,top_videos_weekly,,11,https://i.ytimg.com/vi/FyS5dAywkEo/mqdefault.jpg,https://www.youtube.com/watch?v=FyS5dAywkEo,SaWaDiKa (Official Music Video),LISA,,,SaWaDiKa (Official Music Video) LISA
2026-10-04,th,Thailand,top_videos_weekly,,12,https://i.ytimg.com/vi/vmqE5G5YsW4/mqdefault.jpg,https://www.youtube.com/watch?v=vmqE5G5YsW4,ขึ้นใจ (3am call),Mirrr,,,ขึ้นใจ (3am call) Mirrr
2026-10-04,th,Thailand,top_videos_weekly,,13,https://i.ytimg.com/vi/KwIW4E7b59I/mqdefault.jpg,https://www.youtube.com/watch?v=KwIW4E7b59I,กลางมหาสมุทร - เล็ก รัชเมศฐ์「Official MV」,Lek Ratchamet,,,กลางมหาสมุทร - เล็ก รัชเมศฐ์「Official MV」 Lek Ratchamet
2026-10-04,th,Thailand,top_videos_weekly,,14,https://i.ytimg.com/vi/E-xqEPPyciw/mqdefault.jpg,https://www.youtube.com/watch?v=E-xqEPPyciw,ทิ้งกันไม่ได้หรอก,JSPKK / แจ๊ส สปุ๊กนิค ปาปิยอง กุ๊กกุ๊ก,,,ทิ้งกันไม่ได้หรอก JSPKK & แจ๊ส สปุ๊กนิค ปาปิยอง กุ๊กกุ๊ก
2026-10-04,th,Thailand,top_videos_weekly,,15,https://i.ytimg.com/vi/uRvKYox9ui8/mqdefault.jpg,https://www.youtube.com/watch?v=uRvKYox9ui8,เก็บทรง - FULL「Official MV」,FULL,,,เก็บทรง - FULL「Official MV」 FULL
2026-10-04,th,Thailand,top_videos_weekly,,16,https://i.ytimg.com/vi/Q5SEFSLTYMc/mqdefault.jpg,https://www.youtube.com/watch?v=Q5SEFSLTYMc,จำบ่เป็น,ธีร์ ทีเร็กซ์ OFFICIAL,,,จำบ่เป็น ธีร์ ทีเร็กซ์ OFFICIAL
2026-10-04,th,Thailand,top_videos_weekly,,17,https://i.ytimg.com/vi/70oRsDKJWiY/mqdefault.jpg,https://www.youtube.com/watch?v=70oRsDKJWiY,ฟ้าสีครามกับความเป็นจริง,BOVINI,,,ฟ้าสีครามกับความเป็นจริง BOVINI
2026-10-04,th,Thailand,top_videos_weekly,,18,https://i.ytimg.com/vi/j7GbNWS7XUQ/mqdefault.jpg,https://www.youtube.com/watch?v=j7GbNWS7XUQ,Rain Zone,Maiyarap,,,Rain Zone Maiyarap
2026-10-04,th,Thailand,top_videos_weekly,,19,https://i.ytimg.com/vi/UZKZclgeRTg/mqdefault.jpg,https://www.youtube.com/watch?v=UZKZclgeRTg,พอได้เสียว - ดิด คิตตี้ | Official MV,ดิด คิตตี้,,,พอได้เสียว - ดิด คิตตี้ | Official MV ดิด คิตตี้
2026-10-04,th,Thailand,top_videos_weekly,,20,https://i.ytimg.com/vi/vxHVQtJj2uQ/mqdefault.jpg,https://www.youtube.com/watch?v=vxHVQtJj2uQ,สาธุ,ASIA7,"11月 25, 2025",1149266,"20 2 สาธุ ASIA7 11月 25, 2025 18 24 1,149,266"
2026-10-04,th,Thailand,top_videos_weekly,,21,https://i.ytimg.com/vi/D8T1EpbICsc/mqdefault.jpg,https://www.youtube.com/watch?v=D8T1EpbICsc,จิ้งจก ตุ๊กแก อึ่งอ่าง,เพ้นท์ คอนเน่,,,จิ้งจก ตุ๊กแก อึ่งอ่าง เพ้นท์ คอนเน่
2026-10-04,th,Thailand,top_videos_weekly,,22,https://i.ytimg.com/vi/-YByeE5aVc0/mqdefault.jpg,https://www.youtube.com/watch?v=-YByeE5aVc0,ได้แค่เดินมาส่ง (The Last Walk),GAVIN:D,,,ได้แค่เดินมาส่ง (The Last Walk) GAVIN:D
2026-10-04,th,Thailand,top_videos_weekly,,23,https://i.ytimg.com/vi/FbrH6dDPERI/mqdefault.jpg,https://www.youtube.com/watch?v=FbrH6dDPERI,ดาวตก,WANYAi,"10月 1, 2025",995748,"23 14 ดาวตก WANYAi 10月 1, 2025 37 21 995,748"
2026-10-04,th,Thailand,top_videos_weekly,,24,https://i.ytimg.com/vi/hBK29bbOLS4/mqdefault.jpg,https://www.youtube.com/watch?v=hBK29bbOLS4,แก้บน,ก้านตอง ทุ่งเงิน,,,แก้บน ก้านตอง ทุ่งเงิน
2026-10-04,th,Thailand,top_videos_weekly,,25,https://i.ytimg.com/vi/WE3in6xs1iw/mqdefault.jpg,https://www.youtube.com/watch?v=WE3in6xs1iw,อ่วยคืน,ธีร์ ทีเร็กซ์ OFFICIAL,,,อ่วยคืน ธีร์ ทีเร็กซ์ OFFICIAL
2026-10-04,th,Thailand,top_videos_weekly,,26,https://i.ytimg.com/vi/TiJn3_IY9Kk/mqdefault.jpg,https://www.youtube.com/watch?v=TiJn3_IY9Kk,นาฬิกาทราย (sign) (SPECIAL VERSION),BOWKYLION,,,นาฬิกาทราย (sign) (SPECIAL VERSION) BOWKYLION
2026-10-04,th,Thailand,top_videos_weekly,,27,https://i.ytimg.com/vi/1OMZrYHIim8/mqdefault.jpg,https://www.youtube.com/watch?v=1OMZrYHIim8,รักให้เธอได้รู้ (Proof.),PUN,,,รักให้เธอได้รู้ (Proof.) PUN
2026-10-04,th,Thailand,top_videos_weekly,,28,https://i.ytimg.com/vi/OUg2L4Sx1TY/mqdefault.jpg,https://www.youtube.com/watch?v=OUg2L4Sx1TY,โกดำ,วสันต์17 / Mai Muang,,,โกดำ วสันต์17 & Mai Muang
2026-10-04,th,Thailand,top_videos_weekly,,29,https://i.ytimg.com/vi/n8TTxoiigzo/mqdefault.jpg,https://www.youtube.com/watch?v=n8TTxoiigzo,ฟ้าสีครามกับความเป็นจริง - BOVINI x P-HOT「Another Version」,Genierock,,,ฟ้าสีครามกับความเป็นจริง - BOVINI x P-HOT「Another Version」 Genierock
2026-10-04,th,Thailand,top_videos_weekly,,30,https://i.ytimg.com/vi/JbpfEQXuXc4/mqdefault.jpg,https://www.youtube.com/watch?v=JbpfEQXuXc4,เต้ยสั่งลา,ธีร์ ทีเร็กซ์ OFFICIAL,,,เต้ยสั่งลา ธีร์ ทีเร็กซ์ OFFICIAL
2026-10-04,th,Thailand,top_videos_weekly,,31,https://i.ytimg.com/vi/wcvuL6-lGhI/mqdefault.jpg,https://www.youtube.com/watch?v=wcvuL6-lGhI,PORZAX - เธอทีละสองฉันทีละคน,PORZAX,,,PORZAX - เธอทีละสองฉันทีละคน PORZAX
2026-10-04,th,Thailand,top_videos_weekly,,32,https://i.ytimg.com/vi/_X4p4oPlGLU/mqdefault.jpg,https://www.youtube.com/watch?v=_X4p4oPlGLU,ขี้แง (Boys Don't Cry),PROXIE,,,ขี้แง (Boys Don't Cry) PROXIE
2026-10-04,th,Thailand,top_videos_weekly,,33,https://i.ytimg.com/vi/I_xP8FhO2Zo/mqdefault.jpg,https://www.youtube.com/watch?v=I_xP8FhO2Zo,คิดถึงเรื้อรัง,manutsawee,,,คิดถึงเรื้อรัง manutsawee
2026-10-04,th,Thailand,top_videos_weekly,,34,https://i.ytimg.com/vi/STomOknFigc/mqdefault.jpg,https://www.youtube.com/watch?v=STomOknFigc,YOUNGOHM - แค่เธอแค่เธอ ft. KT KRATAE (Official Video),YOUNGOHM,,,YOUNGOHM - แค่เธอแค่เธอ ft. KT KRATAE (Official Video) YOUNGOHM
2026-10-04,th,Thailand,top_videos_weekly,,35,https://i.ytimg.com/vi/Ndh4rP1F6g8/mqdefault.jpg,https://www.youtube.com/watch?v=Ndh4rP1F6g8,ความคิดถึงที่เต็มไปด้วยน้ำตา,โชเล่ย์ ชคัทพล,,,ความคิดถึงที่เต็มไปด้วยน้ำตา โชเล่ย์ ชคัทพล
2026-10-04,th,Thailand,top_videos_weekly,,36,https://i.ytimg.com/vi/_4Pns0KNxzk/mqdefault.jpg,https://www.youtube.com/watch?v=_4Pns0KNxzk,หม้อหุงข้าว,JOEY PHUWASIT,,,หม้อหุงข้าว JOEY PHUWASIT
2026-10-04,th,Thailand,top_videos_weekly,,37,https://i.ytimg.com/vi/2rEFvaGZxPs/mqdefault.jpg,https://www.youtube.com/watch?v=2rEFvaGZxPs,คนใช่ที่ใกล้กัน - เสถียร ทำมือ【OFFICIAL MV】,Sateean Tummeu,,,คนใช่ที่ใกล้กัน - เสถียร ทำมือ【OFFICIAL MV】 Sateean Tummeu
2026-10-04,th,Thailand,top_videos_weekly,,38,https://i.ytimg.com/vi/7ob-uFHQkuU/mqdefault.jpg,https://www.youtube.com/watch?v=7ob-uFHQkuU,ก่อนโลกทั้งใบมันพัง,Mr'พระจันทร์,,,ก่อนโลกทั้งใบมันพัง Mr'พระจันทร์
2026-10-04,th,Thailand,top_videos_weekly,,39,https://i.ytimg.com/vi/6ZEZEKBanXM/mqdefault.jpg,https://www.youtube.com/watch?v=6ZEZEKBanXM,ควันหลง(Remains),Intha,,,ควันหลง(Remains) Intha
2026-10-04,th,Thailand,top_videos_weekly,,40,https://i.ytimg.com/vi/34wnf8276O4/mqdefault.jpg,https://www.youtube.com/watch?v=34wnf8276O4,ภวังค์จิต,ปราง ปรางทิพย์,,,ภวังค์จิต ปราง ปรางทิพย์
2026-10-04,th,Thailand,top_videos_weekly,,41,https://i.ytimg.com/vi/o1jKgZRckpg/mqdefault.jpg,https://www.youtube.com/watch?v=o1jKgZRckpg,เพราะฉันเจ็บ - กอกี้ กวิสรา [Official MV],MACHg,,,เพราะฉันเจ็บ - กอกี้ กวิสรา [Official MV] MACHg
2026-10-04,th,Thailand,top_videos_weekly,,42,https://i.ytimg.com/vi/99jJP3DgdBQ/mqdefault.jpg,https://www.youtube.com/watch?v=99jJP3DgdBQ,ขอแค่นี้ (Forever n ever),PUN,,,ขอแค่นี้ (Forever n ever) PUN
2026-10-04,th,Thailand,top_videos_weekly,,43,https://i.ytimg.com/vi/0iXj7Zkb3Ik/mqdefault.jpg,https://www.youtube.com/watch?v=0iXj7Zkb3Ik,แคนฮ้างนางฟ้า,กู่แคน,,,แคนฮ้างนางฟ้า กู่แคน
2026-10-04,th,Thailand,top_videos_weekly,,44,https://i.ytimg.com/vi/lELqMu5HCY0/mqdefault.jpg,https://www.youtube.com/watch?v=lELqMu5HCY0,W​​ANYAi แว่นใหญ่ - เจ็บจนพอ | Enough [Official MV],HolyFox Records,,,W​​ANYAi แว่นใหญ่ - เจ็บจนพอ | Enough [Official MV] HolyFox Records
2026-10-04,th,Thailand,top_videos_weekly,,45,https://i.ytimg.com/vi/HSJzqueYOxw/mqdefault.jpg,https://www.youtube.com/watch?v=HSJzqueYOxw,4EVE - เหงา...เข้าใจ | THE TEST OF TIME 2000 [ Official Video Song,XOXO ENTERTAINMENT,,2000,4EVE - เหงา...เข้าใจ | THE TEST OF TIME 2000 [ Official Video Song ] XOXO ENTERTAINMENT
2026-10-04,th,Thailand,top_videos_weekly,,46,https://i.ytimg.com/vi/3oqJGktR3t8/mqdefault.jpg,https://www.youtube.com/watch?v=3oqJGktR3t8,อย่าเสียเวลา | อย่าพิสูจน์ตัวเองให้ใครดู - ดาม่วน Music l Adio Music,ดาม่วน Music,,,อย่าเสียเวลา | อย่าพิสูจน์ตัวเองให้ใครดู - ดาม่วน Music l Adio Music ดาม่วน Music
2026-10-04,th,Thailand,top_videos_weekly,,47,https://i.ytimg.com/vi/ggbjnPE7m24/mqdefault.jpg,https://www.youtube.com/watch?v=ggbjnPE7m24,4EVE - ที่ปรึกษา | OFFICIAL MV,4EVE,,,4EVE - ที่ปรึกษา | OFFICIAL MV 4EVE
2026-10-04,th,Thailand,top_videos_weekly,,48,https://i.ytimg.com/vi/wXT_qYQl2vQ/mqdefault.jpg,https://www.youtube.com/watch?v=wXT_qYQl2vQ,วาสนาหมาหย่ำรถ,TAR TORJORWOR,,,วาสนาหมาหย่ำรถ TAR TORJORWOR
2026-10-04,th,Thailand,top_videos_weekly,,49,https://i.ytimg.com/vi/Gy-MZjiFv2M/mqdefault.jpg,https://www.youtube.com/watch?v=Gy-MZjiFv2M,ดอกกระเจียวบาน,Kong Huayrai,,,ดอกกระเจียวบาน Kong Huayrai
2026-10-04,th,Thailand,top_videos_weekly,,50,https://i.ytimg.com/vi/8wxTE5Ewmmo/mqdefault.jpg,https://www.youtube.com/watch?v=8wxTE5Ewmmo,ขอบคุณตัวเอง - ดาม่วน Music (Official Audio) | เพลงกำลังใจ สำหรับคนสู้ชีวิต,ดาม่วน Music,,,ขอบคุณตัวเอง - ดาม่วน Music (Official Audio) | เพลงกำลังใจ สำหรับคนสู้ชีวิต ดาม่วน Music
2026-10-04,th,Thailand,top_videos_weekly,,51,https://i.ytimg.com/vi/AufmxDz8EVs/mqdefault.jpg,https://www.youtube.com/watch?v=AufmxDz8EVs,ก่อนลา,วสันต์17,"9月 17, 2023",661409,"51 51 ก่อนลา วสันต์17 9月 17, 2023 - 2 661,409"
2026-10-04,th,Thailand,top_videos_weekly,,52,https://i.ytimg.com/vi/1Q9kGK64JrI/mqdefault.jpg,https://www.youtube.com/watch?v=1Q9kGK64JrI,พระจันทร์ที่ไม่เต็มดวง,KLEAR,,,พระจันทร์ที่ไม่เต็มดวง KLEAR
2026-10-04,th,Thailand,top_videos_weekly,,53,https://i.ytimg.com/vi/QaPxz1I2nto/mqdefault.jpg,https://www.youtube.com/watch?v=QaPxz1I2nto,หลุมอากาศ,Palmy,"6月 17, 2026",642589,"53 3 หลุมอากาศ Palmy 6月 17, 2026 50 15 642,589"
2026-10-04,th,Thailand,top_videos_weekly,,54,https://i.ytimg.com/vi/W3mlJNg0pzE/mqdefault.jpg,https://www.youtube.com/watch?v=W3mlJNg0pzE,SaWaDiKa,LISA,"9月 25, 2026",638465,"54 New SaWaDiKa LISA 9月 25, 2026 - 1 638,465"
2026-10-04,th,Thailand,top_videos_weekly,,55,https://i.ytimg.com/vi/TLHZZWIQrdk/mqdefault.jpg,https://www.youtube.com/watch?v=TLHZZWIQrdk,PORZAX - ยิ้มเธอยังสวยเหมือนเคย,PORZAX,,,PORZAX - ยิ้มเธอยังสวยเหมือนเคย PORZAX
2026-10-04,th,Thailand,top_videos_weekly,,56,https://i.ytimg.com/vi/AyfZesBO4Vk/mqdefault.jpg,https://www.youtube.com/watch?v=AyfZesBO4Vk,ไม่มีวันไหนที่ไม่คิดถึง (starlost.),PURPEECH,,,ไม่มีวันไหนที่ไม่คิดถึง (starlost.) PURPEECH
2026-10-04,th,Thailand,top_videos_weekly,,57,https://i.ytimg.com/vi/jyLtH2uEFXk/mqdefault.jpg,https://www.youtube.com/watch?v=jyLtH2uEFXk,อกหักส่งทาง - นุช วิลาวัลย์「Official Music Video」,ภูไทเร็คคอร์ด,,,อกหักส่งทาง - นุช วิลาวัลย์「Official Music Video」 ภูไทเร็คคอร์ด
2026-10-04,th,Thailand,top_videos_weekly,,58,https://i.ytimg.com/vi/H2AbuWvYDXk/mqdefault.jpg,https://www.youtube.com/watch?v=H2AbuWvYDXk,สิลืมเขาแล้วล่ะ,Nek Narurpol,,,สิลืมเขาแล้วล่ะ Nek Narurpol
2026-10-04,th,Thailand,top_videos_weekly,,59,https://i.ytimg.com/vi/G2JFOEFmnnI/mqdefault.jpg,https://www.youtube.com/watch?v=G2JFOEFmnnI,คืนจันทร์,Loso,"11月 6, 2014",597313,"59 12 คืนจันทร์ Loso 11月 6, 2014 47 20 597,313"
2026-10-04,th,Thailand,top_videos_weekly,,60,https://i.ytimg.com/vi/j1qw79H4eHU/mqdefault.jpg,https://www.youtube.com/watch?v=j1qw79H4eHU,สายไป,9tokyo,"5月 24, 2025",589818,"60 1 สายไป 9tokyo 5月 24, 2025 59 11 589,818"
2026-10-04,th,Thailand,top_videos_weekly,,61,https://i.ytimg.com/vi/grrF03UISJ0/mqdefault.jpg,https://www.youtube.com/watch?v=grrF03UISJ0,ขอให้เธอมีสุข,หนึ่ง บีเคแบนด์,,,ขอให้เธอมีสุข หนึ่ง บีเคแบนด์
2026-10-04,th,Thailand,top_videos_weekly,,62,https://i.ytimg.com/vi/ayk-RaHzMOg/mqdefault.jpg,https://www.youtube.com/watch?v=ayk-RaHzMOg,So long,WANYAi,"7月 25, 2019",567059,"62 22 So long WANYAi 7月 25, 2019 84 2 567,059"
2026-10-04,th,Thailand,top_videos_weekly,,63,https://i.ytimg.com/vi/7F5MKaJMxDc/mqdefault.jpg,https://www.youtube.com/watch?v=7F5MKaJMxDc,The Emptiness Machine,聯合公園,,,The Emptiness Machine 聯合公園
2026-10-04,th,Thailand,top_videos_weekly,,64,https://i.ytimg.com/vi/Q2kvk64qFgg/mqdefault.jpg,https://www.youtube.com/watch?v=Q2kvk64qFgg,FON,YOUNGGU,"7月 31, 2026",532797,"64 1 FON YOUNGGU 7月 31, 2026 63 5 532,797"
2026-10-04,th,Thailand,top_videos_weekly,,65,https://i.ytimg.com/vi/YizxFS1BN7M/mqdefault.jpg,https://www.youtube.com/watch?v=YizxFS1BN7M,YENTED - ตุ๋ยดุ๋ย (LOSER) | [Official Music Video],Yented,,,YENTED - ตุ๋ยดุ๋ย (LOSER) | [Official Music Video] Yented
2026-10-04,th,Thailand,top_videos_weekly,,66,https://i.ytimg.com/vi/UK66Ng4CgKc/mqdefault.jpg,https://www.youtube.com/watch?v=UK66Ng4CgKc,มิติที่ศูนย์ - จิ๋ว สกุณชัย Ft.เล็ก รัชเมศฐ์ [Official MV],จิ๋ว สกุณชัย,,,มิติที่ศูนย์ - จิ๋ว สกุณชัย Ft.เล็ก รัชเมศฐ์ [Official MV] จิ๋ว สกุณชัย
2026-10-04,th,Thailand,top_videos_weekly,,67,https://i.ytimg.com/vi/ulsXRXwk3Iw/mqdefault.jpg,https://www.youtube.com/watch?v=ulsXRXwk3Iw,ขอตายในอ้อมกอดเธอ,賽桑・蘇品麥,,,ขอตายในอ้อมกอดเธอ 賽桑・蘇品麥
2026-10-04,th,Thailand,top_videos_weekly,,68,https://i.ytimg.com/vi/-LlQxU8d9L8/mqdefault.jpg,https://www.youtube.com/watch?v=-LlQxU8d9L8,ชาติหน้าเอาใหม่,LITTLE JOHN,,,ชาติหน้าเอาใหม่ LITTLE JOHN
2026-10-04,th,Thailand,top_videos_weekly,,69,https://i.ytimg.com/vi/_x-Q6OBCh9o/mqdefault.jpg,https://www.youtube.com/watch?v=_x-Q6OBCh9o,คะนึงนิตย์ - ปราง ปรางทิพย์ [Official MV],ปราง ปรางทิพย์,,,คะนึงนิตย์ - ปราง ปรางทิพย์ [Official MV] ปราง ปรางทิพย์
2026-10-04,th,Thailand,top_videos_weekly,,70,https://i.ytimg.com/vi/posHEAA6xM8/mqdefault.jpg,https://www.youtube.com/watch?v=posHEAA6xM8,ได้แค่เดินมาส่ง (The Last Walk),GAVIN:D,,,ได้แค่เดินมาส่ง (The Last Walk) GAVIN:D
2026-10-04,th,Thailand,top_videos_weekly,,71,https://i.ytimg.com/vi/z6hjYRvFn4k/mqdefault.jpg,https://www.youtube.com/watch?v=z6hjYRvFn4k,Phi Sang Nangmai,มอส จารุภัทร,,,Phi Sang Nangmai มอส จารุภัทร
2026-10-04,th,Thailand,top_videos_weekly,,72,https://i.ytimg.com/vi/3DcoC8p9az8/mqdefault.jpg,https://www.youtube.com/watch?v=3DcoC8p9az8,Training Season (Live),Dua Lipa,,,Training Season (Live) Dua Lipa
2026-10-04,th,Thailand,top_videos_weekly,,73,https://i.ytimg.com/vi/kCmvKLhV9Ww/mqdefault.jpg,https://www.youtube.com/watch?v=kCmvKLhV9Ww,ILLSLICK - THAI TOWN [Official Music Video],ILLSLICK,,,ILLSLICK - THAI TOWN [Official Music Video] ILLSLICK
2026-10-04,th,Thailand,top_videos_weekly,,74,https://i.ytimg.com/vi/yJQEf6-Rkus/mqdefault.jpg,https://www.youtube.com/watch?v=yJQEf6-Rkus,BENZKHAOKHWAN - ไปต่อไหวไปต่อไหม (GO ON) Feat.HYE | LYRICS VIDEO,BENZKHAOKHWAN,,,BENZKHAOKHWAN - ไปต่อไหวไปต่อไหม (GO ON) Feat.HYE | LYRICS VIDEO BENZKHAOKHWAN
2026-10-04,th,Thailand,top_videos_weekly,,75,https://i.ytimg.com/vi/P8SgCNmM7Z8/mqdefault.jpg,https://www.youtube.com/watch?v=P8SgCNmM7Z8,เด็กมูกล่อ,พ็อก บิ๊กอายส์ / บอล วงกลม,,,เด็กมูกล่อ พ็อก บิ๊กอายส์ & บอล วงกลม
2026-10-04,th,Thailand,top_videos_weekly,,76,https://i.ytimg.com/vi/HKBifVrELZI/mqdefault.jpg,https://www.youtube.com/watch?v=HKBifVrELZI,ไม่คิดนอกใจ,Loso,,,ไม่คิดนอกใจ Loso
2026-10-04,th,Thailand,top_videos_weekly,,77,https://i.ytimg.com/vi/kXYiU_JCYtU/mqdefault.jpg,https://www.youtube.com/watch?v=kXYiU_JCYtU,Numb,Linkin Park,,,Numb Linkin Park
2026-10-04,th,Thailand,top_videos_weekly,,78,https://i.ytimg.com/vi/98LzldwNu4I/mqdefault.jpg,https://www.youtube.com/watch?v=98LzldwNu4I,สิทธิ์ของเจ้า,埋代•話摘星,,,สิทธิ์ของเจ้า 埋代•話摘星
2026-10-04,th,Thailand,top_videos_weekly,,79,https://i.ytimg.com/vi/CSuc00vC1Ro/mqdefault.jpg,https://www.youtube.com/watch?v=CSuc00vC1Ro,พรุ่งนี้ไม่มีใครรู้ - ไม่มีใครรู้ว่าพรุ่งนี้จะเป็นอย่างไร [ดาม่วน Music ] Official Music Video,ดาม่วน Music,,,พรุ่งนี้ไม่มีใครรู้ - ไม่มีใครรู้ว่าพรุ่งนี้จะเป็นอย่างไร [ดาม่วน Music ] Official Music Video ดาม่วน Music
2026-10-04,th,Thailand,top_videos_weekly,,80,https://i.ytimg.com/vi/238wVBszibE/mqdefault.jpg,https://www.youtube.com/watch?v=238wVBszibE,คืนที่หมาเต็มวัด (Temple Dogs) ft.Singto Numchok,Singto Numchoke / NONT TANONT,,,คืนที่หมาเต็มวัด (Temple Dogs) ft.Singto Numchok Singto Numchoke & NONT TANONT
2026-10-04,th,Thailand,top_videos_weekly,,81,https://i.ytimg.com/vi/38vigd1BEvg/mqdefault.jpg,https://www.youtube.com/watch?v=38vigd1BEvg,พอได้เสียว - ดิด คิตตี้ x ก้อย ชาลินี | Live Session,ดิด คิตตี้,,,พอได้เสียว - ดิด คิตตี้ x ก้อย ชาลินี | Live Session ดิด คิตตี้
2026-10-04,th,Thailand,top_videos_weekly,,82,https://i.ytimg.com/vi/x1yYLrWJwkk/mqdefault.jpg,https://www.youtube.com/watch?v=x1yYLrWJwkk,เมื่อถูกค้นพบ (Finally She Found.),FREEHAND,,,เมื่อถูกค้นพบ (Finally She Found.) FREEHAND
2026-10-04,th,Thailand,top_videos_weekly,,83,https://i.ytimg.com/vi/nwE60-5d4I4/mqdefault.jpg,https://www.youtube.com/watch?v=nwE60-5d4I4,PiXXiE - DUSTY | OFFICIAL M/V,LIT Entertainment,,,PiXXiE - DUSTY | OFFICIAL M/V LIT Entertainment
2026-10-04,th,Thailand,top_videos_weekly,,84,https://i.ytimg.com/vi/Ysv5i6uKYYk/mqdefault.jpg,https://www.youtube.com/watch?v=Ysv5i6uKYYk,ถ้าสักวัน (Crossroads) - FREEHAND「Official MV」,FREEHAND,,,ถ้าสักวัน (Crossroads) - FREEHAND「Official MV」 FREEHAND
2026-10-04,th,Thailand,top_videos_weekly,,85,https://i.ytimg.com/vi/eVTXPUF4Oz4/mqdefault.jpg,https://www.youtube.com/watch?v=eVTXPUF4Oz4,In the End,Linkin Park,,,In the End Linkin Park
2026-10-04,th,Thailand,top_videos_weekly,,86,https://i.ytimg.com/vi/O4-3pewcDEY/mqdefault.jpg,https://www.youtube.com/watch?v=O4-3pewcDEY,สิทธิ์ของเธอ,Asanee & Wasan,,,สิทธิ์ของเธอ Asanee & Wasan
2026-10-04,th,Thailand,top_videos_weekly,,87,https://i.ytimg.com/vi/LiDA3UMHKmY/mqdefault.jpg,https://www.youtube.com/watch?v=LiDA3UMHKmY,ใช้ฉันทำไม (Stand-in),Proo Thunwa,,,ใช้ฉันทำไม (Stand-in) Proo Thunwa
2026-10-04,th,Thailand,top_videos_weekly,,88,https://i.ytimg.com/vi/VvHAuNgNSO4/mqdefault.jpg,https://www.youtube.com/watch?v=VvHAuNgNSO4,ห่วง(คนไกล) - วงรามเกียรติ์ [OFFICIAL MV],เอกศิลป์ รัตนมณี,,,ห่วง(คนไกล) - วงรามเกียรติ์ [OFFICIAL MV] เอกศิลป์ รัตนมณี
2026-10-04,th,Thailand,top_videos_weekly,,89,https://i.ytimg.com/vi/w6M2ZwjFgAg/mqdefault.jpg,https://www.youtube.com/watch?v=w6M2ZwjFgAg,ปริญญาไก่ตี,เม้ก อภิสิทธิ์,,,ปริญญาไก่ตี เม้ก อภิสิทธิ์
2026-10-04,th,Thailand,top_videos_weekly,,90,https://i.ytimg.com/vi/NFXPALvjcL8/mqdefault.jpg,https://www.youtube.com/watch?v=NFXPALvjcL8,ขอบคุณ (Thankful),WANYAi,,,ขอบคุณ (Thankful) WANYAi
2026-10-04,th,Thailand,top_videos_weekly,,91,https://i.ytimg.com/vi/nNvPtGewa_k/mqdefault.jpg,https://www.youtube.com/watch?v=nNvPtGewa_k,ความรักทำให้คนตาบอด,Bodyslam,,,ความรักทำให้คนตาบอด Bodyslam
2026-10-04,th,Thailand,top_videos_weekly,,92,https://i.ytimg.com/vi/b6pqQKvASf8/mqdefault.jpg,https://www.youtube.com/watch?v=b6pqQKvASf8,SaWaDiKa,LISA,"9月 26, 2026",361718,"92 New SaWaDiKa LISA 9月 26, 2026 - 1 361,718"
2026-10-04,th,Thailand,top_videos_weekly,,93,https://i.ytimg.com/vi/OW9faXovWto/mqdefault.jpg,https://www.youtube.com/watch?v=OW9faXovWto,สาหัส,Loso,"7月 22, 2016",358696,"93 13 สาหัส Loso 7月 22, 2016 80 14 358,696"
2026-10-04,th,Thailand,top_videos_weekly,,94,https://i.ytimg.com/vi/DiNyIYOHvUE/mqdefault.jpg,https://www.youtube.com/watch?v=DiNyIYOHvUE,คนขี่หลังควาย (Remix),Djpaoremix / ILLSLICK,,,คนขี่หลังควาย (Remix) Djpaoremix & ILLSLICK
2026-10-04,th,Thailand,top_videos_weekly,,95,https://i.ytimg.com/vi/6Azf6nHLSAk/mqdefault.jpg,https://www.youtube.com/watch?v=6Azf6nHLSAk,ฝันพ้อ - ไหมไทย หัวใจศิลป์【NEW VERSION】,Maithai Jaitawan,,,ฝันพ้อ - ไหมไทย หัวใจศิลป์【NEW VERSION】 Maithai Jaitawan
2026-10-04,th,Thailand,top_videos_weekly,,96,https://i.ytimg.com/vi/KCV-wVaM5qQ/mqdefault.jpg,https://www.youtube.com/watch?v=KCV-wVaM5qQ,ปลาหมอสีเหลือง - KANI$ X TFLIP ( OFFICIAL MV,Kani$,,,ปลาหมอสีเหลือง - KANI$ X TFLIP ( OFFICIAL MV ) Kani$
2026-10-04,th,Thailand,top_videos_weekly,,97,https://i.ytimg.com/vi/82-jTNka3uc/mqdefault.jpg,https://www.youtube.com/watch?v=82-jTNka3uc,hate that i made you love me,Ariana Grande,,,hate that i made you love me Ariana Grande
2026-10-04,th,Thailand,top_videos_weekly,,98,https://i.ytimg.com/vi/hk9Eug4S5fM/mqdefault.jpg,https://www.youtube.com/watch?v=hk9Eug4S5fM,วันนั้นฝนก็ตกแบบนี้แหละ (rainy day) feat. Fongbeer,MEAN BAND,,,วันนั้นฝนก็ตกแบบนี้แหละ (rainy day) feat. Fongbeer MEAN BAND
2026-10-04,th,Thailand,top_videos_weekly,,99,https://i.ytimg.com/vi/SRXH9AbT280/mqdefault.jpg,https://www.youtube.com/watch?v=SRXH9AbT280,The Emptiness Machine,Linkin Park,,,The Emptiness Machine Linkin Park
2026-10-04,th,Thailand,top_videos_weekly,,100,https://i.ytimg.com/vi/ONXjoOWTmw4/mqdefault.jpg,https://www.youtube.com/watch?v=ONXjoOWTmw4,ໂລກໃບທີສອງ,MayUna,,,ໂລກໃບທີສອງ MayUna
2026-10-04,id,Indonesia,top_videos_weekly,,1,https://i.ytimg.com/vi/RO75uUZiAw0/mqdefault.jpg,https://www.youtube.com/watch?v=RO75uUZiAw0,Teh Hijau,Tulus,"6月 29, 2026",6167462,"1 ● Teh Hijau Tulus 6月 29, 2026 1 13 6,167,462"
2026-10-04,id,Indonesia,top_videos_weekly,,2,https://i.ytimg.com/vi/awWKxGftWh4/mqdefault.jpg,https://www.youtube.com/watch?v=awWKxGftWh4,Dunia Yang Nanti,Raim Laode,,,Dunia Yang Nanti Raim Laode
2026-10-04,id,Indonesia,top_videos_weekly,,3,https://i.ytimg.com/vi/Nskf70DMR60/mqdefault.jpg,https://www.youtube.com/watch?v=Nskf70DMR60,Sesi Potret,eńau,,,Sesi Potret eńau
2026-10-04,id,Indonesia,top_videos_weekly,,4,https://i.ytimg.com/vi/0SbnqsQInqE/mqdefault.jpg,https://www.youtube.com/watch?v=0SbnqsQInqE,MUTIARA,Ipank / Kintani,,,MUTIARA Ipank & Kintani
2026-10-04,id,Indonesia,top_videos_weekly,,5,https://i.ytimg.com/vi/F0d8JJUNkqo/mqdefault.jpg,https://www.youtube.com/watch?v=F0d8JJUNkqo,Tabola Bale,SILET OPEN UP / Jacson Zeran / Juan Reza / Diva Aurel,,,"Tabola Bale SILET OPEN UP , Jacson Zeran , Juan Reza & Diva Aurel"
2026-10-04,id,Indonesia,top_videos_weekly,,6,https://i.ytimg.com/vi/K-7olbaOelg/mqdefault.jpg,https://www.youtube.com/watch?v=K-7olbaOelg,MMG (My Mine Gueh),Naykilla,,,MMG (My Mine Gueh) Naykilla
2026-10-04,id,Indonesia,top_videos_weekly,,7,https://i.ytimg.com/vi/M7oZR-MTEZs/mqdefault.jpg,https://www.youtube.com/watch?v=M7oZR-MTEZs,Iqro',Raim Laode,,,Iqro' Raim Laode
2026-10-04,id,Indonesia,top_videos_weekly,,8,https://i.ytimg.com/vi/SeSAwqq_Kpo/mqdefault.jpg,https://www.youtube.com/watch?v=SeSAwqq_Kpo,Kita Lewati Berdua,Overnight,,,Kita Lewati Berdua Overnight
2026-10-04,id,Indonesia,top_videos_weekly,,9,https://i.ytimg.com/vi/WZYUSaHlGlk/mqdefault.jpg,https://www.youtube.com/watch?v=WZYUSaHlGlk,NEGORO ANGIN,Denny Caknan,,,NEGORO ANGIN Denny Caknan
2026-10-04,id,Indonesia,top_videos_weekly,,10,https://i.ytimg.com/vi/OQNu-iB2tE8/mqdefault.jpg,https://www.youtube.com/watch?v=OQNu-iB2tE8,Titik Nadir,Kahitna / Monita Tahalea,,,Titik Nadir Kahitna & Monita Tahalea
2026-10-04,id,Indonesia,top_videos_weekly,,11,https://i.ytimg.com/vi/38_bAaFI41w/mqdefault.jpg,https://www.youtube.com/watch?v=38_bAaFI41w,Don't Force Your Longing,Ifan Seventeen,,,Don't Force Your Longing Ifan Seventeen
2026-10-04,id,Indonesia,top_videos_weekly,,12,https://i.ytimg.com/vi/OT5msu-dap8/mqdefault.jpg,https://www.youtube.com/watch?v=OT5msu-dap8,Shape Of My Heart,Backstreet Boys,,,Shape Of My Heart Backstreet Boys
2026-10-04,id,Indonesia,top_videos_weekly,,13,https://i.ytimg.com/vi/qQDaxjLReck/mqdefault.jpg,https://www.youtube.com/watch?v=qQDaxjLReck,Ini Abadi,Perunggu,,,Ini Abadi Perunggu
2026-10-04,id,Indonesia,top_videos_weekly,,14,https://i.ytimg.com/vi/HgRsmSyy_Fw/mqdefault.jpg,https://www.youtube.com/watch?v=HgRsmSyy_Fw,PEARL,Difarina Indra / Fendik Adella,,,PEARL Difarina Indra & Fendik Adella
2026-10-04,id,Indonesia,top_videos_weekly,,15,https://i.ytimg.com/vi/P44FdpFcdF4/mqdefault.jpg,https://www.youtube.com/watch?v=P44FdpFcdF4,Panas Pela,Fresly Nikijuluw,,,Panas Pela Fresly Nikijuluw
2026-10-04,id,Indonesia,top_videos_weekly,,16,https://i.ytimg.com/vi/o0tVo09Rjyw/mqdefault.jpg,https://www.youtube.com/watch?v=o0tVo09Rjyw,Salah Apa,Ipank,"2月 8, 2026",1300769,"16 7 Salah Apa Ipank 2月 8, 2026 23 17 1,300,769"
2026-10-04,id,Indonesia,top_videos_weekly,,17,https://i.ytimg.com/vi/GgpMwVJYkcM/mqdefault.jpg,https://www.youtube.com/watch?v=GgpMwVJYkcM,maha benar,Salma Salsabil,,,maha benar Salma Salsabil
2026-10-04,id,Indonesia,top_videos_weekly,,18,https://i.ytimg.com/vi/yIPX-FNJ9qk/mqdefault.jpg,https://www.youtube.com/watch?v=yIPX-FNJ9qk,Sedia Aku Sebelum Hujan,Idgitaf,,,Sedia Aku Sebelum Hujan Idgitaf
2026-10-04,id,Indonesia,top_videos_weekly,,19,https://i.ytimg.com/vi/2uJut6USftQ/mqdefault.jpg,https://www.youtube.com/watch?v=2uJut6USftQ,Jatuh Suka,圖魯斯,"3月 2, 2022",1217664,"19 1 Jatuh Suka 圖魯斯 3月 2, 2022 20 47 1,217,664"
2026-10-04,id,Indonesia,top_videos_weekly,,20,https://i.ytimg.com/vi/3DcoC8p9az8/mqdefault.jpg,https://www.youtube.com/watch?v=3DcoC8p9az8,Training Season (Live),Dua Lipa,,,Training Season (Live) Dua Lipa
2026-10-04,id,Indonesia,top_videos_weekly,,21,https://i.ytimg.com/vi/tAbHxboRGoU/mqdefault.jpg,https://www.youtube.com/watch?v=tAbHxboRGoU,AMBON MANISE,Toton Caribo,,,AMBON MANISE Toton Caribo
2026-10-04,id,Indonesia,top_videos_weekly,,22,https://i.ytimg.com/vi/cUnYmncAvP4/mqdefault.jpg,https://www.youtube.com/watch?v=cUnYmncAvP4,33x,Perunggu,"3月 10, 2022",1117778,"22 4 33x Perunggu 3月 10, 2022 26 49 1,117,778"
2026-10-04,id,Indonesia,top_videos_weekly,,23,https://i.ytimg.com/vi/cmICctnAWCY/mqdefault.jpg,https://www.youtube.com/watch?v=cmICctnAWCY,kota ini tak sama tanpamu,Nadhif Basalamah,,,kota ini tak sama tanpamu Nadhif Basalamah
2026-10-04,id,Indonesia,top_videos_weekly,,24,https://i.ytimg.com/vi/f2lD7clyD3E/mqdefault.jpg,https://www.youtube.com/watch?v=f2lD7clyD3E,Terbelah Jadi Dua,Yeni Inka,,,Terbelah Jadi Dua Yeni Inka
2026-10-04,id,Indonesia,top_videos_weekly,,25,https://i.ytimg.com/vi/3Mk0shfP1Qw/mqdefault.jpg,https://www.youtube.com/watch?v=3Mk0shfP1Qw,AJENG FEBRIA - HELIKOPTER TURUN KE PADANG | IDOL IDOL (OFFICIAL MV AMBYAR EVERYWHERE),AMBYAR EVERYWHERE,,,AJENG FEBRIA - HELIKOPTER TURUN KE PADANG | IDOL IDOL (OFFICIAL MV AMBYAR EVERYWHERE) AMBYAR EVERYWHERE
2026-10-04,id,Indonesia,top_videos_weekly,,26,https://i.ytimg.com/vi/_e9xhF69kFs/mqdefault.jpg,https://www.youtube.com/watch?v=_e9xhF69kFs,Negoro Angin,Silvy Kumalasari,,,Negoro Angin Silvy Kumalasari
2026-10-04,id,Indonesia,top_videos_weekly,,27,https://i.ytimg.com/vi/OErndIcI8gE/mqdefault.jpg,https://www.youtube.com/watch?v=OErndIcI8gE,Alamak,Rizky Febian / Adrian Khalif,,,Alamak Rizky Febian & Adrian Khalif
2026-10-04,id,Indonesia,top_videos_weekly,,28,https://i.ytimg.com/vi/UqA7zfsVlIg/mqdefault.jpg,https://www.youtube.com/watch?v=UqA7zfsVlIg,Nemen HipHop Dangdut Version,NDX A.K.A.,,,Nemen HipHop Dangdut Version NDX A.K.A.
2026-10-04,id,Indonesia,top_videos_weekly,,29,https://i.ytimg.com/vi/IqaQjRGt8i0/mqdefault.jpg,https://www.youtube.com/watch?v=IqaQjRGt8i0,Laut Kidul,Yeni Inka,,,Laut Kidul Yeni Inka
2026-10-04,id,Indonesia,top_videos_weekly,,30,https://i.ytimg.com/vi/L1vlvEfFQlg/mqdefault.jpg,https://www.youtube.com/watch?v=L1vlvEfFQlg,SALAH APA,Laila Ayu / Irwan Krisdiyanto / Simpatik Music,,,"SALAH APA Laila Ayu , Irwan Krisdiyanto & Simpatik Music"
2026-10-04,id,Indonesia,top_videos_weekly,,31,https://i.ytimg.com/vi/uGxaFiHD7PI/mqdefault.jpg,https://www.youtube.com/watch?v=uGxaFiHD7PI,Menari-nari,Raim Laode,,,Menari-nari Raim Laode
2026-10-04,id,Indonesia,top_videos_weekly,,32,https://i.ytimg.com/vi/fJSkCNcKqZw/mqdefault.jpg,https://www.youtube.com/watch?v=fJSkCNcKqZw,DIRANTAI DIGELANGI RINDU - LAILA AYU FT IRWAN KRISDIYANTO - SIMPATIK MUSIC,Simpatik Music,,,DIRANTAI DIGELANGI RINDU - LAILA AYU FT IRWAN KRISDIYANTO - SIMPATIK MUSIC Simpatik Music
2026-10-04,id,Indonesia,top_videos_weekly,,33,https://i.ytimg.com/vi/B9TUzbZWwoU/mqdefault.jpg,https://www.youtube.com/watch?v=B9TUzbZWwoU,Terbelah Jadi Dua,"Ade Govinda / Gloria Jessica, Ade Govinda",,,"Terbelah Jadi Dua Ade Govinda & Gloria Jessica, Ade Govinda"
2026-10-04,id,Indonesia,top_videos_weekly,,34,https://i.ytimg.com/vi/hEFAeAPLbfk/mqdefault.jpg,https://www.youtube.com/watch?v=hEFAeAPLbfk,What If I Call,Alex Crichton,,,What If I Call Alex Crichton
2026-10-04,id,Indonesia,top_videos_weekly,,35,https://i.ytimg.com/vi/zyLmavBAY7k/mqdefault.jpg,https://www.youtube.com/watch?v=zyLmavBAY7k,Teh Hijau,圖魯斯,"7月 10, 2026",949501,"35 7 Teh Hijau 圖魯斯 7月 10, 2026 28 12 949,501"
2026-10-04,id,Indonesia,top_videos_weekly,,36,https://i.ytimg.com/vi/cQLbKBu9vlY/mqdefault.jpg,https://www.youtube.com/watch?v=cQLbKBu9vlY,Bukan Ku Tak Sudi,Iklim,,,Bukan Ku Tak Sudi Iklim
2026-10-04,id,Indonesia,top_videos_weekly,,37,https://i.ytimg.com/vi/uf721kddxuM/mqdefault.jpg,https://www.youtube.com/watch?v=uf721kddxuM,2001x,Adrian Khalif,,2001,2001x Adrian Khalif
2026-10-04,id,Indonesia,top_videos_weekly,,38,https://i.ytimg.com/vi/AiD7Uo9ZK4Q/mqdefault.jpg,https://www.youtube.com/watch?v=AiD7Uo9ZK4Q,2001x,Adrian Khalif,,2001,2001x Adrian Khalif
2026-10-04,id,Indonesia,top_videos_weekly,,39,https://i.ytimg.com/vi/NOiQfCVjAsQ/mqdefault.jpg,https://www.youtube.com/watch?v=NOiQfCVjAsQ,MUTIARA (Live),Laila Ayu / Irwan D'Academy / SIMPATIK MUSIC,,,"MUTIARA (Live) Laila Ayu , Irwan D'Academy & SIMPATIK MUSIC"
2026-10-04,id,Indonesia,top_videos_weekly,,40,https://i.ytimg.com/vi/e3nP0yw0Frc/mqdefault.jpg,https://www.youtube.com/watch?v=e3nP0yw0Frc,Gadis Manis Kalimantan,DUO ZIZI (Rizi & Zira),,,Gadis Manis Kalimantan DUO ZIZI (Rizi & Zira)
2026-10-04,id,Indonesia,top_videos_weekly,,41,https://i.ytimg.com/vi/NRGDT2UUlsk/mqdefault.jpg,https://www.youtube.com/watch?v=NRGDT2UUlsk,Jatuh Suka,圖魯斯,"9月 28, 2025",912697,"41 1 Jatuh Suka 圖魯斯 9月 28, 2025 42 14 912,697"
2026-10-04,id,Indonesia,top_videos_weekly,,42,https://i.ytimg.com/vi/V6cQ4LyvOgg/mqdefault.jpg,https://www.youtube.com/watch?v=V6cQ4LyvOgg,1000X,Ghea Indrawari,,1000,1000X Ghea Indrawari
2026-10-04,id,Indonesia,top_videos_weekly,,43,https://i.ytimg.com/vi/fLdVq8n-KQg/mqdefault.jpg,https://www.youtube.com/watch?v=fLdVq8n-KQg,Astaga Bercanda,Akbar Chalay / Mingse,,,Astaga Bercanda Akbar Chalay & Mingse
2026-10-04,id,Indonesia,top_videos_weekly,,44,https://i.ytimg.com/vi/6NsiA6GFAbU/mqdefault.jpg,https://www.youtube.com/watch?v=6NsiA6GFAbU,Tak Segampang Itu,Anggi Marito,,,Tak Segampang Itu Anggi Marito
2026-10-04,id,Indonesia,top_videos_weekly,,45,https://i.ytimg.com/vi/grp6FCnioMM/mqdefault.jpg,https://www.youtube.com/watch?v=grp6FCnioMM,kota ini tak sama tanpamu,Nadhif Basalamah,,,kota ini tak sama tanpamu Nadhif Basalamah
2026-10-04,id,Indonesia,top_videos_weekly,,46,https://i.ytimg.com/vi/XY9JR07il_U/mqdefault.jpg,https://www.youtube.com/watch?v=XY9JR07il_U,Keong Racun,Ajeng Febria,,,Keong Racun Ajeng Febria
2026-10-04,id,Indonesia,top_videos_weekly,,47,https://i.ytimg.com/vi/7WNlDmUN-mc/mqdefault.jpg,https://www.youtube.com/watch?v=7WNlDmUN-mc,Percuma,Mahalini,,,Percuma Mahalini
2026-10-04,id,Indonesia,top_videos_weekly,,48,https://i.ytimg.com/vi/lCIX4hd_geU/mqdefault.jpg,https://www.youtube.com/watch?v=lCIX4hd_geU,LAUT KIDUL (Live),Denny Caknan,,,LAUT KIDUL (Live) Denny Caknan
2026-10-04,id,Indonesia,top_videos_weekly,,49,https://i.ytimg.com/vi/GTCMLqt6Slg/mqdefault.jpg,https://www.youtube.com/watch?v=GTCMLqt6Slg,ONCOM GONDRONG || LIVE ADE ASTRID X GERENGSENG TEAM,Ade Astrid,,,ONCOM GONDRONG || LIVE ADE ASTRID X GERENGSENG TEAM Ade Astrid
2026-10-04,id,Indonesia,top_videos_weekly,,50,https://i.ytimg.com/vi/C8D16CYoFo8/mqdefault.jpg,https://www.youtube.com/watch?v=C8D16CYoFo8,Dirantai Digelangi Rindu,Yeni Inka,,,Dirantai Digelangi Rindu Yeni Inka
2026-10-04,id,Indonesia,top_videos_weekly,,51,https://i.ytimg.com/vi/qCfP5xrcTSU/mqdefault.jpg,https://www.youtube.com/watch?v=qCfP5xrcTSU,Mutiara (Ska Reggae Version),Maulana Ardiansyah,,,Mutiara (Ska Reggae Version) Maulana Ardiansyah
2026-10-04,id,Indonesia,top_videos_weekly,,52,https://i.ytimg.com/vi/YQ-qToZUybM/mqdefault.jpg,https://www.youtube.com/watch?v=YQ-qToZUybM,Die For You (Remix),威肯 / 雅瑞安娜·格蘭德,,,Die For You (Remix) 威肯 & 雅瑞安娜·格蘭德
2026-10-04,id,Indonesia,top_videos_weekly,,53,https://i.ytimg.com/vi/0nLrGYnJPyM/mqdefault.jpg,https://www.youtube.com/watch?v=0nLrGYnJPyM,2001x,Adrian Khalif,,2001,2001x Adrian Khalif
2026-10-04,id,Indonesia,top_videos_weekly,,54,https://i.ytimg.com/vi/yxm9wTtNpTU/mqdefault.jpg,https://www.youtube.com/watch?v=yxm9wTtNpTU,ONCOM GONDRONG || LIVE ADE ASTRID X GERENGSENG TEAM,Ade Astrid,,,ONCOM GONDRONG || LIVE ADE ASTRID X GERENGSENG TEAM Ade Astrid
2026-10-04,id,Indonesia,top_videos_weekly,,55,https://i.ytimg.com/vi/nYLaeQ0_TjY/mqdefault.jpg,https://www.youtube.com/watch?v=nYLaeQ0_TjY,Mencari Alasan,Exists,,,Mencari Alasan Exists
2026-10-04,id,Indonesia,top_videos_weekly,,56,https://i.ytimg.com/vi/-1SgFHqxjlw/mqdefault.jpg,https://www.youtube.com/watch?v=-1SgFHqxjlw,SxyCip - Love All Day (Official Music Video),SxyCip,,,SxyCip - Love All Day (Official Music Video) SxyCip
2026-10-04,id,Indonesia,top_videos_weekly,,57,https://i.ytimg.com/vi/FALbpGQZocM/mqdefault.jpg,https://www.youtube.com/watch?v=FALbpGQZocM,DIRANTAI DIGELANGI RINDU (Live Dangdut Jamming Session),TA PRO Music & Publishing,,,DIRANTAI DIGELANGI RINDU (Live Dangdut Jamming Session) TA PRO Music & Publishing
2026-10-04,id,Indonesia,top_videos_weekly,,58,https://i.ytimg.com/vi/WhEUZrB2Osc/mqdefault.jpg,https://www.youtube.com/watch?v=WhEUZrB2Osc,Pamungkas - Berapa Kali Kita Akan Saling Memaafkan (Official Lyrics Video),Pamungkas,,,Pamungkas - Berapa Kali Kita Akan Saling Memaafkan (Official Lyrics Video) Pamungkas
2026-10-04,id,Indonesia,top_videos_weekly,,59,https://i.ytimg.com/vi/IMtdWKwFlv0/mqdefault.jpg,https://www.youtube.com/watch?v=IMtdWKwFlv0,Tulang dan Nadi,Tiara Andini,,,Tulang dan Nadi Tiara Andini
2026-10-04,id,Indonesia,top_videos_weekly,,60,https://i.ytimg.com/vi/qoq8B8ThgEM/mqdefault.jpg,https://www.youtube.com/watch?v=qoq8B8ThgEM,Tujh Mein Rab Dikhta Hai,Roopkumar Rathod,,,Tujh Mein Rab Dikhta Hai Roopkumar Rathod
2026-10-04,id,Indonesia,top_videos_weekly,,61,https://i.ytimg.com/vi/DfFxkW53f2Q/mqdefault.jpg,https://www.youtube.com/watch?v=DfFxkW53f2Q,Laksana Surgaku,Dudy Oris,,,Laksana Surgaku Dudy Oris
2026-10-04,id,Indonesia,top_videos_weekly,,62,https://i.ytimg.com/vi/7NNiL6hffRs/mqdefault.jpg,https://www.youtube.com/watch?v=7NNiL6hffRs,Frans Ft. Fauzana - Panek Diawak Kayo Diurang (Official Music Video),Frans,,,Frans Ft. Fauzana - Panek Diawak Kayo Diurang (Official Music Video) Frans
2026-10-04,id,Indonesia,top_videos_weekly,,63,https://i.ytimg.com/vi/O2CFycaEc8A/mqdefault.jpg,https://www.youtube.com/watch?v=O2CFycaEc8A,Jomblo,Riyanti Darlia / Bandung Music,,,Jomblo Riyanti Darlia & Bandung Music
2026-10-04,id,Indonesia,top_videos_weekly,,64,https://i.ytimg.com/vi/f11AZg7Xw40/mqdefault.jpg,https://www.youtube.com/watch?v=f11AZg7Xw40,Kisah Tanpa Dirimu,Anggis Devaki,,,Kisah Tanpa Dirimu Anggis Devaki
2026-10-04,id,Indonesia,top_videos_weekly,,65,https://i.ytimg.com/vi/BCo8FntOOMk/mqdefault.jpg,https://www.youtube.com/watch?v=BCo8FntOOMk,"Sekian, Terima Kasih",Lealona / The Jeblogs,,,"Sekian, Terima Kasih Lealona & The Jeblogs"
2026-10-04,id,Indonesia,top_videos_weekly,,66,https://i.ytimg.com/vi/ks27-0q-Hrc/mqdefault.jpg,https://www.youtube.com/watch?v=ks27-0q-Hrc,Terbelah Jadi Dua,Gloria Jessica Gultom / Ade Govinda,,,Terbelah Jadi Dua Gloria Jessica Gultom & Ade Govinda
2026-10-04,id,Indonesia,top_videos_weekly,,67,https://i.ytimg.com/vi/vL7ZGcsPOAY/mqdefault.jpg,https://www.youtube.com/watch?v=vL7ZGcsPOAY,Kaulah Kamuku,Fatin,,,Kaulah Kamuku Fatin
2026-10-04,id,Indonesia,top_videos_weekly,,68,https://i.ytimg.com/vi/Ghhhp_3xBxw/mqdefault.jpg,https://www.youtube.com/watch?v=Ghhhp_3xBxw,Perceraian Lara,Fendik Adella / Difarina Indra Adella,,,Perceraian Lara Fendik Adella & Difarina Indra Adella
2026-10-04,id,Indonesia,top_videos_weekly,,69,https://i.ytimg.com/vi/zmlgfR8ExeM/mqdefault.jpg,https://www.youtube.com/watch?v=zmlgfR8ExeM,Sederhana,Sheila On 7,,,Sederhana Sheila On 7
2026-10-04,id,Indonesia,top_videos_weekly,,70,https://i.ytimg.com/vi/6iAf-K3pf8U/mqdefault.jpg,https://www.youtube.com/watch?v=6iAf-K3pf8U,Sabrinaaa - Helikopter Turun Ke Padang (Official Kenong Version),Sabrinaaa,,,Sabrinaaa - Helikopter Turun Ke Padang (Official Kenong Version) Sabrinaaa
2026-10-04,id,Indonesia,top_videos_weekly,,71,https://i.ytimg.com/vi/hCJszO-qe1o/mqdefault.jpg,https://www.youtube.com/watch?v=hCJszO-qe1o,Helikopter Turun Ke Padang,Yeni Inka,,,Helikopter Turun Ke Padang Yeni Inka
2026-10-04,id,Indonesia,top_videos_weekly,,72,https://i.ytimg.com/vi/__Pb1fO2H2A/mqdefault.jpg,https://www.youtube.com/watch?v=__Pb1fO2H2A,Kita Lewati Berdua,overnight,,,Kita Lewati Berdua overnight
2026-10-04,id,Indonesia,top_videos_weekly,,73,https://i.ytimg.com/vi/rCJwHEf6UjY/mqdefault.jpg,https://www.youtube.com/watch?v=rCJwHEf6UjY,AJENG FEBRIA - DIRANTAI DIGELANGI RINDU X DJ BABAT BABAT (OFFICIAL MUSIC VIDEO) | ASAL SEMBUH LUKAMU,AMBYAR EVERYWHERE,,,AJENG FEBRIA - DIRANTAI DIGELANGI RINDU X DJ BABAT BABAT (OFFICIAL MUSIC VIDEO) | ASAL SEMBUH LUKAMU AMBYAR EVERYWHERE
2026-10-04,id,Indonesia,top_videos_weekly,,74,https://i.ytimg.com/vi/fKVgm3_x-OI/mqdefault.jpg,https://www.youtube.com/watch?v=fKVgm3_x-OI,Satru,Denny Caknan,,,Satru Denny Caknan
2026-10-04,id,Indonesia,top_videos_weekly,,75,https://i.ytimg.com/vi/QY1yLnapeT0/mqdefault.jpg,https://www.youtube.com/watch?v=QY1yLnapeT0,Mutiara,Ajeng Febria,,,Mutiara Ajeng Febria
2026-10-04,id,Indonesia,top_videos_weekly,,76,https://i.ytimg.com/vi/FcejdBgc_58/mqdefault.jpg,https://www.youtube.com/watch?v=FcejdBgc_58,Terpukau (Video Clip),Astrid,,,Terpukau (Video Clip) Astrid
2026-10-04,id,Indonesia,top_videos_weekly,,77,https://i.ytimg.com/vi/vf3zFvcKQkw/mqdefault.jpg,https://www.youtube.com/watch?v=vf3zFvcKQkw,Heaven,Bryan Adams,,,Heaven Bryan Adams
2026-10-04,id,Indonesia,top_videos_weekly,,78,https://i.ytimg.com/vi/OpQFFLBMEPI/mqdefault.jpg,https://www.youtube.com/watch?v=OpQFFLBMEPI,Just Give Me A Reason,P!nk,,,Just Give Me A Reason P!nk
2026-10-04,id,Indonesia,top_videos_weekly,,79,https://i.ytimg.com/vi/JNatjo6ueOs/mqdefault.jpg,https://www.youtube.com/watch?v=JNatjo6ueOs,Tresno Tekan Mati (New Version),NDX A.K.A.,,,Tresno Tekan Mati (New Version) NDX A.K.A.
2026-10-04,id,Indonesia,top_videos_weekly,,80,https://i.ytimg.com/vi/R5PyKEgKYUE/mqdefault.jpg,https://www.youtube.com/watch?v=R5PyKEgKYUE,Della Monica feat. Rizky Kikik - JAMBU ALAS | PARGOY AMBYAR,Akhtar Music,,,Della Monica feat. Rizky Kikik - JAMBU ALAS | PARGOY AMBYAR Akhtar Music
2026-10-04,id,Indonesia,top_videos_weekly,,81,https://i.ytimg.com/vi/fcY8YudZe1c/mqdefault.jpg,https://www.youtube.com/watch?v=fcY8YudZe1c,Menteri Durmagati,KAJAWI,,,Menteri Durmagati KAJAWI
2026-10-04,id,Indonesia,top_videos_weekly,,82,https://i.ytimg.com/vi/Rht8rS4cR1s/mqdefault.jpg,https://www.youtube.com/watch?v=Rht8rS4cR1s,Multo,Cup of Joe,,,Multo Cup of Joe
2026-10-04,id,Indonesia,top_videos_weekly,,83,https://i.ytimg.com/vi/b0ZBBjViV8Y/mqdefault.jpg,https://www.youtube.com/watch?v=b0ZBBjViV8Y,Separuh Aku,Peterpan,,,Separuh Aku Peterpan
2026-10-04,id,Indonesia,top_videos_weekly,,84,https://i.ytimg.com/vi/chl0R8C4NJ8/mqdefault.jpg,https://www.youtube.com/watch?v=chl0R8C4NJ8,Hearts2Hearts 하츠투하츠 'ICONIC HEART' MV,Hearts2Hearts,,,Hearts2Hearts 하츠투하츠 'ICONIC HEART' MV Hearts2Hearts
2026-10-04,id,Indonesia,top_videos_weekly,,85,https://i.ytimg.com/vi/ThGYCL1zERU/mqdefault.jpg,https://www.youtube.com/watch?v=ThGYCL1zERU,Raci Kuah,Fresly Nikijuluw,,,Raci Kuah Fresly Nikijuluw
2026-10-04,id,Indonesia,top_videos_weekly,,86,https://i.ytimg.com/vi/rFa_ZMbWhGo/mqdefault.jpg,https://www.youtube.com/watch?v=rFa_ZMbWhGo,AJENG FEBRIA FT SETO - LILAKNE LUNGAMU (Official Music Live),Music Interactive,,,AJENG FEBRIA FT SETO - LILAKNE LUNGAMU (Official Music Live) Music Interactive
2026-10-04,id,Indonesia,top_videos_weekly,,87,https://i.ytimg.com/vi/tSA-rz_bsSg/mqdefault.jpg,https://www.youtube.com/watch?v=tSA-rz_bsSg,Piche Kota - Sedikit Lebih Lama (Official Music Video),Piche Kota,,,Piche Kota - Sedikit Lebih Lama (Official Music Video) Piche Kota
2026-10-04,id,Indonesia,top_videos_weekly,,88,https://i.ytimg.com/vi/4oB6BjcHJec/mqdefault.jpg,https://www.youtube.com/watch?v=4oB6BjcHJec,BEBASKAN DIRIKU - ARMADA | Live Cover Mario G. Klau X MONE BAND [LOAD LINE MUSIC],MARIOGKLAUOFFICIAL,,,BEBASKAN DIRIKU - ARMADA | Live Cover Mario G. Klau X MONE BAND [LOAD LINE MUSIC] MARIOGKLAUOFFICIAL
2026-10-04,id,Indonesia,top_videos_weekly,,89,https://i.ytimg.com/vi/INZZxQNug-k/mqdefault.jpg,https://www.youtube.com/watch?v=INZZxQNug-k,Kaulah Kamuku,Fatin,,,Kaulah Kamuku Fatin
2026-10-04,id,Indonesia,top_videos_weekly,,90,https://i.ytimg.com/vi/y9MDVKTmu0Q/mqdefault.jpg,https://www.youtube.com/watch?v=y9MDVKTmu0Q,HELIKOPTER TURUN KE PADANG (IDOL IDOL) - Difarina Indra Adella - OM ADELLA,Henny Adella,,,HELIKOPTER TURUN KE PADANG (IDOL IDOL) - Difarina Indra Adella - OM ADELLA Henny Adella
2026-10-04,id,Indonesia,top_videos_weekly,,91,https://i.ytimg.com/vi/fwK7ggA3-bU/mqdefault.jpg,https://www.youtube.com/watch?v=fwK7ggA3-bU,One More Night,Maroon 5,,,One More Night Maroon 5
2026-10-04,id,Indonesia,top_videos_weekly,,92,https://i.ytimg.com/vi/XXYlFuWEuKI/mqdefault.jpg,https://www.youtube.com/watch?v=XXYlFuWEuKI,Save Your Tears,The Weeknd,,,Save Your Tears The Weeknd
2026-10-04,id,Indonesia,top_videos_weekly,,93,https://i.ytimg.com/vi/WSarhDbHA38/mqdefault.jpg,https://www.youtube.com/watch?v=WSarhDbHA38,Relaku Mengalah,Rheka Restu,,,Relaku Mengalah Rheka Restu
2026-10-04,id,Indonesia,top_videos_weekly,,94,https://i.ytimg.com/vi/_BzC1Ye72R8/mqdefault.jpg,https://www.youtube.com/watch?v=_BzC1Ye72R8,Mutiara,Yeni Inka,,,Mutiara Yeni Inka
2026-10-04,id,Indonesia,top_videos_weekly,,95,https://i.ytimg.com/vi/FKVFak54dcQ/mqdefault.jpg,https://www.youtube.com/watch?v=FKVFak54dcQ,VENDETTA RAP - TAU DIRI ( MV,Vendetta Rap,,,VENDETTA RAP - TAU DIRI ( MV ) Vendetta Rap
2026-10-04,id,Indonesia,top_videos_weekly,,96,https://i.ytimg.com/vi/ojRzrlJpLME/mqdefault.jpg,https://www.youtube.com/watch?v=ojRzrlJpLME,Istana Bintang,Setia Band,,,Istana Bintang Setia Band
2026-10-04,id,Indonesia,top_videos_weekly,,97,https://i.ytimg.com/vi/B452TVVco2Q/mqdefault.jpg,https://www.youtube.com/watch?v=B452TVVco2Q,Great Expectation,SIENNA SPIRO,,,Great Expectation SIENNA SPIRO
2026-10-04,id,Indonesia,top_videos_weekly,,98,https://i.ytimg.com/vi/dcEyID3okrM/mqdefault.jpg,https://www.youtube.com/watch?v=dcEyID3okrM,Dirantai Digelangi Rindu,Exists,,,Dirantai Digelangi Rindu Exists
2026-10-04,id,Indonesia,top_videos_weekly,,99,https://i.ytimg.com/vi/FyT87Mzfw4o/mqdefault.jpg,https://www.youtube.com/watch?v=FyT87Mzfw4o,Gagal Merangkai Hati,Maulana Wijaya,,,Gagal Merangkai Hati Maulana Wijaya
2026-10-04,id,Indonesia,top_videos_weekly,,100,https://i.ytimg.com/vi/Y0pdQU87dc8/mqdefault.jpg,https://www.youtube.com/watch?v=Y0pdQU87dc8,(Everything I Do) I Do It For You,Bryan Adams,,,(Everything I Do) I Do It For You Bryan Adams
2026-10-04,in,India,top_videos_weekly,,1,https://i.ytimg.com/vi/vRjaGgDsWSo/mqdefault.jpg,https://www.youtube.com/watch?v=vRjaGgDsWSo,Casa Tupka Anthemo,Yo Yo Honey Singh,,,Casa Tupka Anthemo Yo Yo Honey Singh
2026-10-04,in,India,top_videos_weekly,,2,https://i.ytimg.com/vi/JqFzhcWo3EU/mqdefault.jpg,https://www.youtube.com/watch?v=JqFzhcWo3EU,Yeshanagula | The Paradise | Nani | Keerthy Suresh | Anirudh Ravichander | Srikanth Odela,Saregama Telugu,,,Yeshanagula | The Paradise | Nani | Keerthy Suresh | Anirudh Ravichander | Srikanth Odela Saregama Telugu
2026-10-04,in,India,top_videos_weekly,,3,https://i.ytimg.com/vi/s2HYl12gmOY/mqdefault.jpg,https://www.youtube.com/watch?v=s2HYl12gmOY,Parvati,Sadhu Tiwari,,,Parvati Sadhu Tiwari
2026-10-04,in,India,top_videos_weekly,,4,https://i.ytimg.com/vi/A_RV2H2F9jw/mqdefault.jpg,https://www.youtube.com/watch?v=A_RV2H2F9jw,Basinga Balaalu,Srinidhi Nerella / Kalyan Keys / Swamy Naresh,,,"Basinga Balaalu Srinidhi Nerella , Kalyan Keys & Swamy Naresh"
2026-10-04,in,India,top_videos_weekly,,5,https://i.ytimg.com/vi/xvT1jH8B9AM/mqdefault.jpg,https://www.youtube.com/watch?v=xvT1jH8B9AM,KALYANI (Remix),ARJN / KDS / FIFTY4 / 舒蕾亞·戈沙爾,,,"KALYANI (Remix) ARJN , KDS , FIFTY4 & 舒蕾亞·戈沙爾"
2026-10-04,in,India,top_videos_weekly,,6,https://i.ytimg.com/vi/Pd1yGW_g2T8/mqdefault.jpg,https://www.youtube.com/watch?v=Pd1yGW_g2T8,Ashke (Music Video) Karan Aujla | Mxrci | Aujla Szn 1,Karan Aujla,,,Ashke (Music Video) Karan Aujla | Mxrci | Aujla Szn 1 Karan Aujla
2026-10-04,in,India,top_videos_weekly,,7,https://i.ytimg.com/vi/ebZj_nrmH-c/mqdefault.jpg,https://www.youtube.com/watch?v=ebZj_nrmH-c,Barsaat,Banjaare / Roni,,,Barsaat Banjaare & Roni
2026-10-04,in,India,top_videos_weekly,,8,https://i.ytimg.com/vi/iAtoZar5W58/mqdefault.jpg,https://www.youtube.com/watch?v=iAtoZar5W58,Aaya Sher,Jangi Reddy / Arjun Chandy / 安尼魯德・瑞維奇德 / Kasarla Shyam,,,"Aaya Sher Jangi Reddy , Arjun Chandy , 安尼魯德・瑞維奇德 & Kasarla Shyam"
2026-10-04,in,India,top_videos_weekly,,9,https://i.ytimg.com/vi/YyepU5ztLf4/mqdefault.jpg,https://www.youtube.com/watch?v=YyepU5ztLf4,Shararat,Madhubanti Bagchi / 雅斯文·桑德拉斯 / 沙赫瓦特·薩赫迪夫,,,"Shararat Madhubanti Bagchi , 雅斯文·桑德拉斯 & 沙赫瓦特·薩赫迪夫"
2026-10-04,in,India,top_videos_weekly,,10,https://i.ytimg.com/vi/zoBTw-1vzyY/mqdefault.jpg,https://www.youtube.com/watch?v=zoBTw-1vzyY,"Endhayya Saami | Ranabaali | Full Song | Vijay Deverakonda, Rashmika | Rahul Sankrityan | Ajay–Atul",T-Series Telugu,,,"Endhayya Saami | Ranabaali | Full Song | Vijay Deverakonda, Rashmika | Rahul Sankrityan | Ajay–Atul T-Series Telugu"
2026-10-04,in,India,top_videos_weekly,,11,https://i.ytimg.com/vi/rjfxLq3OQ0w/mqdefault.jpg,https://www.youtube.com/watch?v=rjfxLq3OQ0w,Parvati,Sadhu Tiwari,,,Parvati Sadhu Tiwari
2026-10-04,in,India,top_videos_weekly,,12,https://i.ytimg.com/vi/jR3rWCBeO6M/mqdefault.jpg,https://www.youtube.com/watch?v=jR3rWCBeO6M,"Radhimaa [From ""Think Indie""]",Asma Teji / Sai Abhyankkar / Vivek / Nargis Teji,,,"Radhimaa [From ""Think Indie""] Asma Teji , Sai Abhyankkar , Vivek & Nargis Teji"
2026-10-04,in,India,top_videos_weekly,,13,https://i.ytimg.com/vi/u9BdaJTWeiw/mqdefault.jpg,https://www.youtube.com/watch?v=u9BdaJTWeiw,Barbaadi,Shilpi Raj,,,Barbaadi Shilpi Raj
2026-10-04,in,India,top_videos_weekly,,14,https://i.ytimg.com/vi/z5y8Clp_TdE/mqdefault.jpg,https://www.youtube.com/watch?v=z5y8Clp_TdE,KALYANI (Remix),舒蕾亞·戈沙爾 / ARJN / FIFTY4 / KDS,,,"KALYANI (Remix) 舒蕾亞·戈沙爾 , ARJN , FIFTY4 & KDS"
2026-10-04,in,India,top_videos_weekly,,15,https://i.ytimg.com/vi/u9MpnqWC6Xg/mqdefault.jpg,https://www.youtube.com/watch?v=u9MpnqWC6Xg,"Afsaana Banaaya Aapne (From ""Gunmaaster G9”)",希梅什·雷希漢米亞 / Asees Kaur,,,"Afsaana Banaaya Aapne (From ""Gunmaaster G9”) 希梅什·雷希漢米亞 & Asees Kaur"
2026-10-04,in,India,top_videos_weekly,,16,https://i.ytimg.com/vi/cL0KKSPjZf8/mqdefault.jpg,https://www.youtube.com/watch?v=cL0KKSPjZf8,Boom Shaka,KR$NA / Dhanda Nyoliwala,,,Boom Shaka KR$NA & Dhanda Nyoliwala
2026-10-04,in,India,top_videos_weekly,,17,https://i.ytimg.com/vi/ZvXN0TcZLfQ/mqdefault.jpg,https://www.youtube.com/watch?v=ZvXN0TcZLfQ,Fortuner,Raj Mawar / Ruchika Jangid,,,Fortuner Raj Mawar & Ruchika Jangid
2026-10-04,in,India,top_videos_weekly,,18,https://i.ytimg.com/vi/SQ4jZ-EAL88/mqdefault.jpg,https://www.youtube.com/watch?v=SQ4jZ-EAL88,Vaaroon Forever (Official Video) | Mirzapur The Movie | Shreya Ghoshal | Romy | Anand B | Ginny D,阿南德·巴斯卡爾 / Ginny Diwan / Shreya Ghoshal,,,"Vaaroon Forever (Official Video) | Mirzapur The Movie | Shreya Ghoshal | Romy | Anand B | Ginny D 阿南德·巴斯卡爾 , Ginny Diwan & Shreya Ghoshal"
2026-10-04,in,India,top_videos_weekly,,19,https://i.ytimg.com/vi/F2m4HPLvj-4/mqdefault.jpg,https://www.youtube.com/watch?v=F2m4HPLvj-4,Jaiye Sajana,雅斯文·桑德拉斯 / 施廷德·薩爾塔 / 沙赫瓦特·薩赫迪夫,,,"Jaiye Sajana 雅斯文·桑德拉斯 , 施廷德·薩爾塔 & 沙赫瓦特·薩赫迪夫"
2026-10-04,in,India,top_videos_weekly,,20,https://i.ytimg.com/vi/b68HETiNO98/mqdefault.jpg,https://www.youtube.com/watch?v=b68HETiNO98,Pavazha Malli,Sai Abhyankkar / Shruti Haasan,,,Pavazha Malli Sai Abhyankkar & Shruti Haasan
2026-10-04,in,India,top_videos_weekly,,21,https://i.ytimg.com/vi/oafxkMv4xnc/mqdefault.jpg,https://www.youtube.com/watch?v=oafxkMv4xnc,Bairan,Banjaare,"2月 13, 2026",5922073,"21 2 Bairan Banjaare 2月 13, 2026 23 30 5,922,073"
2026-10-04,in,India,top_videos_weekly,,22,https://i.ytimg.com/vi/7w7LUaLpM4E/mqdefault.jpg,https://www.youtube.com/watch?v=7w7LUaLpM4E,MALLEPOOLA PALLAKI 8K VIDEO | RAVI TEJA | GV PRAKASH | DAPPU SRINU | IRUMUDI | AYYAPPA SONG,Sunkara Anjaneyulu / Yugabharathi / G.V. Prakash Kumar / Velmurugan,,,"MALLEPOOLA PALLAKI 8K VIDEO | RAVI TEJA | GV PRAKASH | DAPPU SRINU | IRUMUDI | AYYAPPA SONG Sunkara Anjaneyulu , Yugabharathi , G.V. Prakash Kumar & Velmurugan"
2026-10-04,in,India,top_videos_weekly,,23,https://i.ytimg.com/vi/QnQnz9G2LNw/mqdefault.jpg,https://www.youtube.com/watch?v=QnQnz9G2LNw,MALLEPOOLA PALLAKI (Song) | Ravi Teja | GV Prakash | Dappu Srinu | Shiva Nirvana | Irumudi,Sunkara Anjaneyulu / Yugabharathi / G.V. Prakash Kumar / Velmurugan,,,"MALLEPOOLA PALLAKI (Song) | Ravi Teja | GV Prakash | Dappu Srinu | Shiva Nirvana | Irumudi Sunkara Anjaneyulu , Yugabharathi , G.V. Prakash Kumar & Velmurugan"
2026-10-04,in,India,top_videos_weekly,,24,https://i.ytimg.com/vi/aRNfSqsgrgE/mqdefault.jpg,https://www.youtube.com/watch?v=aRNfSqsgrgE,Sheesha,Mitta Ror / Swara Verma,,,Sheesha Mitta Ror & Swara Verma
2026-10-04,in,India,top_videos_weekly,,25,https://i.ytimg.com/vi/Oyw1Eo21q5k/mqdefault.jpg,https://www.youtube.com/watch?v=Oyw1Eo21q5k,Kabze,Bintu Pabra / Shiva Choudhary,,,Kabze Bintu Pabra & Shiva Choudhary
2026-10-04,in,India,top_videos_weekly,,26,https://i.ytimg.com/vi/6rvUyBiBtik/mqdefault.jpg,https://www.youtube.com/watch?v=6rvUyBiBtik,Tera Mera Rishta,Sayeed Quadri / Mustafa Zahid / Pritam,,,"Tera Mera Rishta Sayeed Quadri , Mustafa Zahid & Pritam"
2026-10-04,in,India,top_videos_weekly,,27,https://i.ytimg.com/vi/GVizJ_jpUnw/mqdefault.jpg,https://www.youtube.com/watch?v=GVizJ_jpUnw,Gehra Hua,Arijit Singh / Armaan Khan / 沙赫瓦特·薩赫迪夫 / Irshad Kamil,,,"Gehra Hua Arijit Singh , Armaan Khan , 沙赫瓦特·薩赫迪夫 & Irshad Kamil"
2026-10-04,in,India,top_videos_weekly,,28,https://i.ytimg.com/vi/Aze7zTyIRtk/mqdefault.jpg,https://www.youtube.com/watch?v=Aze7zTyIRtk,Aura 10/10,Hiphop Tamizha,,,Aura 10/10 Hiphop Tamizha
2026-10-04,in,India,top_videos_weekly,,29,https://i.ytimg.com/vi/Pq7UxbWeRU0/mqdefault.jpg,https://www.youtube.com/watch?v=Pq7UxbWeRU0,GHOSTFACE KILLAH (Official Video) | Sidhu Moose Wala | Mxrci | Navkaran Brar,Sidhu Moose Wala,,,GHOSTFACE KILLAH (Official Video) | Sidhu Moose Wala | Mxrci | Navkaran Brar Sidhu Moose Wala
2026-10-04,in,India,top_videos_weekly,,30,https://i.ytimg.com/vi/FCRb4kjnRx4/mqdefault.jpg,https://www.youtube.com/watch?v=FCRb4kjnRx4,"Chhathi Maiya (From ""The Vvaan"")",Kaushal Kishore / Vishal Mishra,,,"Chhathi Maiya (From ""The Vvaan"") Kaushal Kishore & Vishal Mishra"
2026-10-04,in,India,top_videos_weekly,,31,https://i.ytimg.com/vi/3XfUeyDCH6k/mqdefault.jpg,https://www.youtube.com/watch?v=3XfUeyDCH6k,Narayanamma,Ram Miriyala / Singer Prabha,,,Narayanamma Ram Miriyala & Singer Prabha
2026-10-04,in,India,top_videos_weekly,,32,https://i.ytimg.com/vi/zC3UbTf4qrM/mqdefault.jpg,https://www.youtube.com/watch?v=zC3UbTf4qrM,YA BABA (FITNA FAREBI),阿米塔布·巴塔查亞 / Nakash Aziz,,,YA BABA (FITNA FAREBI) 阿米塔布·巴塔查亞 & Nakash Aziz
2026-10-04,in,India,top_videos_weekly,,33,https://i.ytimg.com/vi/N0KfiOTSpxs/mqdefault.jpg,https://www.youtube.com/watch?v=N0KfiOTSpxs,"Kalyana Virundhu (From ""Dorothy"")",安東尼·達桑 / Priya Jerson / Ilaiyaraaja / Yugendran Vasudevan,,,"Kalyana Virundhu (From ""Dorothy"") 安東尼·達桑 , Priya Jerson , Ilaiyaraaja & Yugendran Vasudevan"
2026-10-04,in,India,top_videos_weekly,,34,https://i.ytimg.com/vi/uOrhBw3N3NM/mqdefault.jpg,https://www.youtube.com/watch?v=uOrhBw3N3NM,80 Lakh,D Naveen / Shiva Choudhary / Sweta Chauhan / Kala Dighal,,,"80 Lakh D Naveen , Shiva Choudhary , Sweta Chauhan & Kala Dighal"
2026-10-04,in,India,top_videos_weekly,,35,https://i.ytimg.com/vi/DY31OTsxdBY/mqdefault.jpg,https://www.youtube.com/watch?v=DY31OTsxdBY,Full Video: Yaalalo Yaalalo | Irumudi | Ravi Teja | GV Prakash | Hesham | Shiva Nirvana,Hesham Abdul Wahab / Sadhika K R / Balaji Venugopal / G.V. Prakash Kumar,,,"Full Video: Yaalalo Yaalalo | Irumudi | Ravi Teja | GV Prakash | Hesham | Shiva Nirvana Hesham Abdul Wahab , Sadhika K R , Balaji Venugopal & G.V. Prakash Kumar"
2026-10-04,in,India,top_videos_weekly,,36,https://i.ytimg.com/vi/raDwH64gOWM/mqdefault.jpg,https://www.youtube.com/watch?v=raDwH64gOWM,Video | लहंगा लहके लहके | #Pawan Singh | Lehanga Lahke Lahke | #Shilpi Raj | New Bhojpuri Song 2026,Neelkamal Singh / Shilpi Raj,,2026,Video | लहंगा लहके लहके | #Pawan Singh | Lehanga Lahke Lahke | #Shilpi Raj | New Bhojpuri Song 2026 Neelkamal Singh & Shilpi Raj
2026-10-04,in,India,top_videos_weekly,,37,https://i.ytimg.com/vi/7VsejGzcJmM/mqdefault.jpg,https://www.youtube.com/watch?v=7VsejGzcJmM,Alaakaa Loova,Sai Abhyankkar,,,Alaakaa Loova Sai Abhyankkar
2026-10-04,in,India,top_videos_weekly,,38,https://i.ytimg.com/vi/5GCfYLguTIs/mqdefault.jpg,https://www.youtube.com/watch?v=5GCfYLguTIs,Boyfriend,Karan Aujla,,,Boyfriend Karan Aujla
2026-10-04,in,India,top_videos_weekly,,39,https://i.ytimg.com/vi/9udS0mpi1L4/mqdefault.jpg,https://www.youtube.com/watch?v=9udS0mpi1L4,Udaarian,施廷德·薩爾塔,,,Udaarian 施廷德·薩爾塔
2026-10-04,in,India,top_videos_weekly,,40,https://i.ytimg.com/vi/bP8ATWCvqzw/mqdefault.jpg,https://www.youtube.com/watch?v=bP8ATWCvqzw,Arz Kiya Hai,Anuv Jain,,,Arz Kiya Hai Anuv Jain
2026-10-04,in,India,top_videos_weekly,,41,https://i.ytimg.com/vi/2gXNDr_6FcE/mqdefault.jpg,https://www.youtube.com/watch?v=2gXNDr_6FcE,Irumudi Kattu,Ananthu / Shiva Nirvana / G.V. Prakash Kumar / Kalyan Chakravarthy Tripuraneni,,,"Irumudi Kattu Ananthu , Shiva Nirvana , G.V. Prakash Kumar & Kalyan Chakravarthy Tripuraneni"
2026-10-04,in,India,top_videos_weekly,,42,https://i.ytimg.com/vi/AsdEIaw9Wks/mqdefault.jpg,https://www.youtube.com/watch?v=AsdEIaw9Wks,Mithe Tere Bol Gora,Masoom Sharma,,,Mithe Tere Bol Gora Masoom Sharma
2026-10-04,in,India,top_videos_weekly,,43,https://i.ytimg.com/vi/GX9x62kFsVU/mqdefault.jpg,https://www.youtube.com/watch?v=GX9x62kFsVU,Gehra Hua,Arijit Singh / Armaan Khan / 沙赫瓦特·薩赫迪夫 / Irshad Kamil,,,"Gehra Hua Arijit Singh , Armaan Khan , 沙赫瓦特·薩赫迪夫 & Irshad Kamil"
2026-10-04,in,India,top_videos_weekly,,44,https://i.ytimg.com/vi/yrjDEU9F1bw/mqdefault.jpg,https://www.youtube.com/watch?v=yrjDEU9F1bw,Bairi,Jhoom Rajasthan,,,Bairi Jhoom Rajasthan
2026-10-04,in,India,top_videos_weekly,,45,https://i.ytimg.com/vi/ri1Ar5nEq4s/mqdefault.jpg,https://www.youtube.com/watch?v=ri1Ar5nEq4s,Aaj Ki Raat,Madhubanti Bagchi / Divya Kumar / Sachin-Jigar,,,"Aaj Ki Raat Madhubanti Bagchi , Divya Kumar & Sachin-Jigar"
2026-10-04,in,India,top_videos_weekly,,46,https://i.ytimg.com/vi/CEbB9kdu8ng/mqdefault.jpg,https://www.youtube.com/watch?v=CEbB9kdu8ng,Guzarish,Satinder Sartaaj,,,Guzarish Satinder Sartaaj
2026-10-04,in,India,top_videos_weekly,,47,https://i.ytimg.com/vi/49x5rfxmv4E/mqdefault.jpg,https://www.youtube.com/watch?v=49x5rfxmv4E,Karuppa Kooda Va,Sai Abhyankkar / V·M·馬哈林加姆,,,Karuppa Kooda Va Sai Abhyankkar & V·M·馬哈林加姆
2026-10-04,in,India,top_videos_weekly,,48,https://i.ytimg.com/vi/Q7ZMrWQmJbQ/mqdefault.jpg,https://www.youtube.com/watch?v=Q7ZMrWQmJbQ,Katto Gilehri,達雷爾·馬哈帝,,,Katto Gilehri 達雷爾·馬哈帝
2026-10-04,in,India,top_videos_weekly,,49,https://i.ytimg.com/vi/WT-wrwlN144/mqdefault.jpg,https://www.youtube.com/watch?v=WT-wrwlN144,YAALALO YAALALO Lyrical | Irumudi | Ravi Teja | GV Prakash | Hesham | Shiva Nirvana,Hesham Abdul Wahab / Sadhika K R / Balaji Venugopal / G.V. Prakash Kumar,,,"YAALALO YAALALO Lyrical | Irumudi | Ravi Teja | GV Prakash | Hesham | Shiva Nirvana Hesham Abdul Wahab , Sadhika K R , Balaji Venugopal & G.V. Prakash Kumar"
2026-10-04,in,India,top_videos_weekly,,50,https://i.ytimg.com/vi/E7ergOnpO1Q/mqdefault.jpg,https://www.youtube.com/watch?v=E7ergOnpO1Q,Not Guilty,Dhanda Nyoliwala,,,Not Guilty Dhanda Nyoliwala
2026-10-04,in,India,top_videos_weekly,,51,https://i.ytimg.com/vi/e6GzEyqp0BE/mqdefault.jpg,https://www.youtube.com/watch?v=e6GzEyqp0BE,"Ramayana: Jai Jai Rama:Telugu | Namit M, Nitesh T| Ranbir, Yash, Sai |AR Rahman, Deepali S, Raghav K",T-Series Telugu,,,"Ramayana: Jai Jai Rama:Telugu | Namit M, Nitesh T| Ranbir, Yash, Sai |AR Rahman, Deepali S, Raghav K T-Series Telugu"
2026-10-04,in,India,top_videos_weekly,,52,https://i.ytimg.com/vi/-1SgFHqxjlw/mqdefault.jpg,https://www.youtube.com/watch?v=-1SgFHqxjlw,SxyCip - Love All Day (Official Music Video),SxyCip,,,SxyCip - Love All Day (Official Music Video) SxyCip
2026-10-04,in,India,top_videos_weekly,,53,https://i.ytimg.com/vi/4F2jDMgioqk/mqdefault.jpg,https://www.youtube.com/watch?v=4F2jDMgioqk,"Saanson Ko (From ""Zid"")",Toshi Sabri / Arijit Singh,,,"Saanson Ko (From ""Zid"") Toshi Sabri & Arijit Singh"
2026-10-04,in,India,top_videos_weekly,,54,https://i.ytimg.com/vi/1iBDh00xMQw/mqdefault.jpg,https://www.youtube.com/watch?v=1iBDh00xMQw,Rupya Dekh Ke Bora Me,Tuntun Yadav,,,Rupya Dekh Ke Bora Me Tuntun Yadav
2026-10-04,in,India,top_videos_weekly,,55,https://i.ytimg.com/vi/zHqGSU7Ymw0/mqdefault.jpg,https://www.youtube.com/watch?v=zHqGSU7Ymw0,Ooroda Oththa Don - Lyric | Baththa | Vijay Sethupathi | @SaiAbhyankkar| Balaji Tharaneetharan,Think Music India,,,Ooroda Oththa Don - Lyric | Baththa | Vijay Sethupathi | @SaiAbhyankkar| Balaji Tharaneetharan Think Music India
2026-10-04,in,India,top_videos_weekly,,56,https://i.ytimg.com/vi/GYfdWiAnshE/mqdefault.jpg,https://www.youtube.com/watch?v=GYfdWiAnshE,"Neno Butterfly Full Video Song 4K | Vishwanath and Sons | Suriya, Mamitha Baiju | G.V. Prakash Kumar",Sublahshini / G.V. Prakash Kumar,,,"Neno Butterfly Full Video Song 4K | Vishwanath and Sons | Suriya, Mamitha Baiju | G.V. Prakash Kumar Sublahshini & G.V. Prakash Kumar"
2026-10-04,in,India,top_videos_weekly,,57,https://i.ytimg.com/vi/Ym4ti89tItw/mqdefault.jpg,https://www.youtube.com/watch?v=Ym4ti89tItw,YEDA YUNG,YUNG DSA / YEAR DOWN,,,YEDA YUNG YUNG DSA & YEAR DOWN
2026-10-04,in,India,top_videos_weekly,,58,https://i.ytimg.com/vi/P-gPYtr2cGU/mqdefault.jpg,https://www.youtube.com/watch?v=P-gPYtr2cGU,Seethakoka,Ahmed Khan Durani (AKD),,,Seethakoka Ahmed Khan Durani (AKD)
2026-10-04,in,India,top_videos_weekly,,59,https://i.ytimg.com/vi/78BUQPB8Z-c/mqdefault.jpg,https://www.youtube.com/watch?v=78BUQPB8Z-c,Goindhamma,Hiphop Tamizha / Gana Sudhakar / Gana Vinoth / 高什克·克里希 / Gana Ulagam Dharani,,,"Goindhamma Hiphop Tamizha , Gana Sudhakar , Gana Vinoth , 高什克·克里希 & Gana Ulagam Dharani"
2026-10-04,in,India,top_videos_weekly,,60,https://i.ytimg.com/vi/PwTcikeQ8Wg/mqdefault.jpg,https://www.youtube.com/watch?v=PwTcikeQ8Wg,Parvati (Lyrical) | Jab Zid Pe Aa Gayi Parvati | Hanuman Ansh | Sadhu Tiwari | Shiv Parvati Song,Times Music,,,Parvati (Lyrical) | Jab Zid Pe Aa Gayi Parvati | Hanuman Ansh | Sadhu Tiwari | Shiv Parvati Song Times Music
2026-10-04,in,India,top_videos_weekly,,61,https://i.ytimg.com/vi/jA0gY6P-qmw/mqdefault.jpg,https://www.youtube.com/watch?v=jA0gY6P-qmw,Vibe Venuma - Music Video | Meesaya Murukku 2 | Hiphop Tamizha | VJ Siddhu | Harshath Khan,Saregama Tamil,,,Vibe Venuma - Music Video | Meesaya Murukku 2 | Hiphop Tamizha | VJ Siddhu | Harshath Khan Saregama Tamil
2026-10-04,in,India,top_videos_weekly,,62,https://i.ytimg.com/vi/sY45iA7PFS8/mqdefault.jpg,https://www.youtube.com/watch?v=sY45iA7PFS8,Banger,Sharvi Yadav / Badshah / Hiten,,,"Banger Sharvi Yadav , Badshah & Hiten"
2026-10-04,in,India,top_videos_weekly,,63,https://i.ytimg.com/vi/rC-kbRanJQ0/mqdefault.jpg,https://www.youtube.com/watch?v=rC-kbRanJQ0,UDI UDI,Hruday / Sarkar / Aneesh,,,"UDI UDI Hruday , Sarkar & Aneesh"
2026-10-04,in,India,top_videos_weekly,,64,https://i.ytimg.com/vi/6JaeasJw-QI/mqdefault.jpg,https://www.youtube.com/watch?v=6JaeasJw-QI,Thalapathy Kacheri,Jayanth Maadhur / Anirudh Ravichander / Arun Kaundinya / Nazeeruddin / Srinivasa Mouli,,,"Thalapathy Kacheri Jayanth Maadhur , Anirudh Ravichander , Arun Kaundinya , Nazeeruddin & Srinivasa Mouli"
2026-10-04,in,India,top_videos_weekly,,65,https://i.ytimg.com/vi/Gs1VoQi341Q/mqdefault.jpg,https://www.youtube.com/watch?v=Gs1VoQi341Q,WATTARAM | FULL VIDEO SONG OUT NOW | GANA BADRI x BULKAN | RENI LAMB,Gana Badri,,,WATTARAM | FULL VIDEO SONG OUT NOW | GANA BADRI x BULKAN | RENI LAMB | Gana Badri
2026-10-04,in,India,top_videos_weekly,,66,https://i.ytimg.com/vi/EEZ8fbzhEfQ/mqdefault.jpg,https://www.youtube.com/watch?v=EEZ8fbzhEfQ,Irumudi Kattu,Ananthu / Shiva Nirvana / G.V. Prakash Kumar / Kalyan Chakravarthy Tripuraneni,,,"Irumudi Kattu Ananthu , Shiva Nirvana , G.V. Prakash Kumar & Kalyan Chakravarthy Tripuraneni"
2026-10-04,in,India,top_videos_weekly,,67,https://i.ytimg.com/vi/ZcO4s0UU4Uk/mqdefault.jpg,https://www.youtube.com/watch?v=ZcO4s0UU4Uk,Kamar DJ Pe,Manish Sonipat Aala / Bali Sharma / Vampire,,,"Kamar DJ Pe Manish Sonipat Aala , Bali Sharma & Vampire"
2026-10-04,in,India,top_videos_weekly,,68,https://i.ytimg.com/vi/9dV6Hl2u3vM/mqdefault.jpg,https://www.youtube.com/watch?v=9dV6Hl2u3vM,Neno Butterfly,Sublahshini / G.V. Prakash Kumar,,,Neno Butterfly Sublahshini & G.V. Prakash Kumar
2026-10-04,in,India,top_videos_weekly,,69,https://i.ytimg.com/vi/Bm9lLpmPM0A/mqdefault.jpg,https://www.youtube.com/watch?v=Bm9lLpmPM0A,Pattampoochi,Sublahshini / G.V. Prakash Kumar,,,Pattampoochi Sublahshini & G.V. Prakash Kumar
2026-10-04,in,India,top_videos_weekly,,70,https://i.ytimg.com/vi/C1LN4cWjMl0/mqdefault.jpg,https://www.youtube.com/watch?v=C1LN4cWjMl0,Pattampoochi,Sublahshini / G.V. Prakash Kumar,,,Pattampoochi Sublahshini & G.V. Prakash Kumar
2026-10-04,in,India,top_videos_weekly,,71,https://i.ytimg.com/vi/2vYyHb34upc/mqdefault.jpg,https://www.youtube.com/watch?v=2vYyHb34upc,Case Teri Rani Ladegi,Khesari Lal Yadav / Shrishti Bharti,,,Case Teri Rani Ladegi Khesari Lal Yadav & Shrishti Bharti
2026-10-04,in,India,top_videos_weekly,,72,https://i.ytimg.com/vi/yWNPxS0sXnE/mqdefault.jpg,https://www.youtube.com/watch?v=yWNPxS0sXnE,Jai Jai Ram,Shreya Ghoshal / Arijit Singh,,,Jai Jai Ram Shreya Ghoshal & Arijit Singh
2026-10-04,in,India,top_videos_weekly,,73,https://i.ytimg.com/vi/3a42y3LwiDE/mqdefault.jpg,https://www.youtube.com/watch?v=3a42y3LwiDE,"Yedhayya Saami | Ranabaali | Full Song | Vijay Deverakonda, Rashmika | Rahul Sankrityan | Ajay–Atul",Karthik / 阿傑-阿圖爾 / Shweta Mohan / Viveka,,,"Yedhayya Saami | Ranabaali | Full Song | Vijay Deverakonda, Rashmika | Rahul Sankrityan | Ajay–Atul Karthik , 阿傑-阿圖爾 , Shweta Mohan & Viveka"
2026-10-04,in,India,top_videos_weekly,,74,https://i.ytimg.com/vi/Y1L01J5fhDY/mqdefault.jpg,https://www.youtube.com/watch?v=Y1L01J5fhDY,"O Mere Saajan (Special Surprise) [From ""Ranabaali""]",阿傑-阿圖爾 / Shweta Mohan / Javed Ali,,,"O Mere Saajan (Special Surprise) [From ""Ranabaali""] 阿傑-阿圖爾 , Shweta Mohan & Javed Ali"
2026-10-04,in,India,top_videos_weekly,,75,https://i.ytimg.com/vi/SmPcTv7uBaM/mqdefault.jpg,https://www.youtube.com/watch?v=SmPcTv7uBaM,Mutta Kalakki,Ken Karunaas / G.V. Prakash Kumar,,,Mutta Kalakki Ken Karunaas & G.V. Prakash Kumar
2026-10-04,in,India,top_videos_weekly,,76,https://i.ytimg.com/vi/V1oczq_8L0E/mqdefault.jpg,https://www.youtube.com/watch?v=V1oczq_8L0E,Ishq Mubarak,安基特·蒂瓦里 / 馬諾伊·蒙塔舍 / VDJ Fly / Arijit Singh / Dj Gaurav,,,"Ishq Mubarak 安基特·蒂瓦里 , 馬諾伊·蒙塔舍 , VDJ Fly , Arijit Singh & Dj Gaurav"
2026-10-04,in,India,top_videos_weekly,,77,https://i.ytimg.com/vi/OxXKDGO-MYQ/mqdefault.jpg,https://www.youtube.com/watch?v=OxXKDGO-MYQ,LAAVAN,Jasmine Sandlas / Mofusion,,,LAAVAN Jasmine Sandlas & Mofusion
2026-10-04,in,India,top_videos_weekly,,78,https://i.ytimg.com/vi/ptwUYrguUI8/mqdefault.jpg,https://www.youtube.com/watch?v=ptwUYrguUI8,Pesamale - Official Music Video Song | Siri Xander | Arra Aria Khayal |Tamil Indie Pop,Siri Xander / Arra Aria Khayal,,,Pesamale - Official Music Video Song | Siri Xander | Arra Aria Khayal |Tamil Indie Pop Siri Xander & Arra Aria Khayal
2026-10-04,in,India,top_videos_weekly,,79,https://i.ytimg.com/vi/X1twu3ztkPU/mqdefault.jpg,https://www.youtube.com/watch?v=X1twu3ztkPU,Bum Baa Diga Diga - Music Video | DC | Lokesh | Sun Pictures | Anirudh | Arun Matheswaran,Heisenberg / Ritesh G Rao / Anirudh Ravichander / Asura,,,"Bum Baa Diga Diga - Music Video | DC | Lokesh | Sun Pictures | Anirudh | Arun Matheswaran Heisenberg , Ritesh G Rao , Anirudh Ravichander & Asura"
2026-10-04,in,India,top_videos_weekly,,80,https://i.ytimg.com/vi/sPEcx5UBh6M/mqdefault.jpg,https://www.youtube.com/watch?v=sPEcx5UBh6M,"Yeh Prem Mol Liya Title Track (From ""Yeh Prem Mol Liya"")",Nihal Tauro,,,"Yeh Prem Mol Liya Title Track (From ""Yeh Prem Mol Liya"") Nihal Tauro"
2026-10-04,in,India,top_videos_weekly,,81,https://i.ytimg.com/vi/3j7bhOvW6jw/mqdefault.jpg,https://www.youtube.com/watch?v=3j7bhOvW6jw,LOW FADE,Mxrci / Karan Aujla,,,LOW FADE Mxrci & Karan Aujla
2026-10-04,in,India,top_videos_weekly,,82,https://i.ytimg.com/vi/ahc8zhtzQSk/mqdefault.jpg,https://www.youtube.com/watch?v=ahc8zhtzQSk,Lahanga Se Mahanga,Shivani Singh / Pawan Singh,,,Lahanga Se Mahanga Shivani Singh & Pawan Singh
2026-10-04,in,India,top_videos_weekly,,83,https://i.ytimg.com/vi/EtTf6f3Ydak/mqdefault.jpg,https://www.youtube.com/watch?v=EtTf6f3Ydak,Irumudi Kattu,Ananthu / Shiva Nirvana / G.V. Prakash Kumar / Kalyan Chakravarthy Tripuraneni,,,"Irumudi Kattu Ananthu , Shiva Nirvana , G.V. Prakash Kumar & Kalyan Chakravarthy Tripuraneni"
2026-10-04,in,India,top_videos_weekly,,84,https://i.ytimg.com/vi/LePk8rw6PKw/mqdefault.jpg,https://www.youtube.com/watch?v=LePk8rw6PKw,Pehli Dafa,Satyajeet Jena,,,Pehli Dafa Satyajeet Jena
2026-10-04,in,India,top_videos_weekly,,85,https://i.ytimg.com/vi/Y4a0w1_ZblA/mqdefault.jpg,https://www.youtube.com/watch?v=Y4a0w1_ZblA,"NO SNITCHING - Vin WRLD & Harshit Rao | Aarush Bhola, Laila & Farrhana Bhatt | Anshul Garg",Vin WRLD,,,"NO SNITCHING - Vin WRLD & Harshit Rao | Aarush Bhola, Laila & Farrhana Bhatt | Anshul Garg Vin WRLD"
2026-10-04,in,India,top_videos_weekly,,86,https://i.ytimg.com/vi/awftKqYV8Ss/mqdefault.jpg,https://www.youtube.com/watch?v=awftKqYV8Ss,Mon Befana,Tosiba Begum / Ashraful Pavel,,,Mon Befana Tosiba Begum & Ashraful Pavel
2026-10-04,in,India,top_videos_weekly,,87,https://i.ytimg.com/vi/cQq6iLF66Gc/mqdefault.jpg,https://www.youtube.com/watch?v=cQq6iLF66Gc,Alfaaz,Hamza Malik / Zain Zohaib,,,Alfaaz Hamza Malik & Zain Zohaib
2026-10-04,in,India,top_videos_weekly,,88,https://i.ytimg.com/vi/_ijaEtNzZgw/mqdefault.jpg,https://www.youtube.com/watch?v=_ijaEtNzZgw,Maruti,Dhanda Nyoliwala / Ron Likhari / Miki Malang,,,"Maruti Dhanda Nyoliwala , Ron Likhari & Miki Malang"
2026-10-04,in,India,top_videos_weekly,,89,https://i.ytimg.com/vi/MfY9YO3u7GM/mqdefault.jpg,https://www.youtube.com/watch?v=MfY9YO3u7GM,Brown Rang,Yo・Yo・哈尼・辛,,,Brown Rang Yo・Yo・哈尼・辛
2026-10-04,in,India,top_videos_weekly,,90,https://i.ytimg.com/vi/QxWoYkrgpJE/mqdefault.jpg,https://www.youtube.com/watch?v=QxWoYkrgpJE,Nallaru po,Tippu / Sai Abhyankkar,,,Nallaru po Tippu & Sai Abhyankkar
2026-10-04,in,India,top_videos_weekly,,91,https://i.ytimg.com/vi/NWK7dWsBlKo/mqdefault.jpg,https://www.youtube.com/watch?v=NWK7dWsBlKo,Shamiyana,Shilpi Raj / Pawan Singh / Priyanshu Singh,,,"Shamiyana Shilpi Raj , Pawan Singh & Priyanshu Singh"
2026-10-04,in,India,top_videos_weekly,,92,https://i.ytimg.com/vi/uuCFRaFWjwY/mqdefault.jpg,https://www.youtube.com/watch?v=uuCFRaFWjwY,Amplifier,伊姆蘭·汗,"7月 12, 2009",2214885,"92 92 Amplifier 伊姆蘭·汗 7月 12, 2009 - 25 2,214,885"
2026-10-04,in,India,top_videos_weekly,,93,https://i.ytimg.com/vi/4r9r6Fhm9I0/mqdefault.jpg,https://www.youtube.com/watch?v=4r9r6Fhm9I0,Pesamale - Official Lyric Video | Siri Xander | Arra Aria Khayal |Tamil Indie Pop |Sony Music Indie,Siri Xander / Arra Aria Khayal,,,Pesamale - Official Lyric Video | Siri Xander | Arra Aria Khayal |Tamil Indie Pop |Sony Music Indie Siri Xander & Arra Aria Khayal
2026-10-04,in,India,top_videos_weekly,,94,https://i.ytimg.com/vi/vnlk8V-q0oU/mqdefault.jpg,https://www.youtube.com/watch?v=vnlk8V-q0oU,JHALAK DIKHLA JA,希梅什·雷希漢米亞 / Sameer,,,JHALAK DIKHLA JA 希梅什·雷希漢米亞 & Sameer
2026-10-04,in,India,top_videos_weekly,,95,https://i.ytimg.com/vi/rNeIVKh1WUo/mqdefault.jpg,https://www.youtube.com/watch?v=rNeIVKh1WUo,Full Video: Manemma - Irumudi | Ravi Teja | Baby Nakshatra | Priya | GV Prakash | Shiva Nirvana,T-Series Telugu,,,Full Video: Manemma - Irumudi | Ravi Teja | Baby Nakshatra | Priya | GV Prakash | Shiva Nirvana T-Series Telugu
2026-10-04,in,India,top_videos_weekly,,96,https://i.ytimg.com/vi/FGTv9-oQhIg/mqdefault.jpg,https://www.youtube.com/watch?v=FGTv9-oQhIg,Thodi Der -Full Video | Half Girlfriend | Arjun Kapoor & Shraddha Kapoor | Farhan S & Shreya Ghoshal,Zee Music Company,,,Thodi Der -Full Video | Half Girlfriend | Arjun Kapoor & Shraddha Kapoor | Farhan S & Shreya Ghoshal Zee Music Company
2026-10-04,in,India,top_videos_weekly,,97,https://i.ytimg.com/vi/8jff2wz3Hpk/mqdefault.jpg,https://www.youtube.com/watch?v=8jff2wz3Hpk,Mourya Re (Full Song) | Don | Shahrukh Khan | Shankar Mahadevan | T-Series,T-Series,,,Mourya Re (Full Song) | Don | Shahrukh Khan | Shankar Mahadevan | T-Series T-Series
2026-10-04,in,India,top_videos_weekly,,98,https://i.ytimg.com/vi/4Y9RzwXKEWM/mqdefault.jpg,https://www.youtube.com/watch?v=4Y9RzwXKEWM,Main Ishq Uska,Babul Supriyo / 阿爾卡·雅格尼克,,,Main Ishq Uska Babul Supriyo & 阿爾卡·雅格尼克
2026-10-04,in,India,top_videos_weekly,,99,https://i.ytimg.com/vi/1ha4R0x_qDo/mqdefault.jpg,https://www.youtube.com/watch?v=1ha4R0x_qDo,"#Video | वर्दी के Power | #Raushan Rohi , Srishti Bharti | Ft. Aparna Malik | Rangdari Song",Jhankar Music Bhojpuri,,,"#Video | वर्दी के Power | #Raushan Rohi , Srishti Bharti | Ft. Aparna Malik | Rangdari Song Jhankar Music Bhojpuri"
2026-10-04,in,India,top_videos_weekly,,100,https://i.ytimg.com/vi/BSu3eNpupq8/mqdefault.jpg,https://www.youtube.com/watch?v=BSu3eNpupq8,Aavagaman,Sadhu Tiwari,,,Aavagaman Sadhu Tiwari
2026-10-04,sg,Singapore,top_videos_weekly,,1,https://i.ytimg.com/vi/FyS5dAywkEo/mqdefault.jpg,https://www.youtube.com/watch?v=FyS5dAywkEo,SaWaDiKa (Official Music Video),LISA,,,SaWaDiKa (Official Music Video) LISA
2026-10-04,sg,Singapore,top_videos_weekly,,2,https://i.ytimg.com/vi/N0KfiOTSpxs/mqdefault.jpg,https://www.youtube.com/watch?v=N0KfiOTSpxs,"Kalyana Virundhu (From ""Dorothy"")",安東尼·達桑 / Priya Jerson / Ilaiyaraaja / Yugendran Vasudevan,,,"Kalyana Virundhu (From ""Dorothy"") 安東尼·達桑 , Priya Jerson , Ilaiyaraaja & Yugendran Vasudevan"
2026-10-04,sg,Singapore,top_videos_weekly,,3,https://i.ytimg.com/vi/376utoTabMI/mqdefault.jpg,https://www.youtube.com/watch?v=376utoTabMI,看著我的眼睛說,張遠 / 姚曉棠,,,看着我的眼睛说 张远 & 姚晓棠
2026-10-04,sg,Singapore,top_videos_weekly,,4,https://i.ytimg.com/vi/3DcoC8p9az8/mqdefault.jpg,https://www.youtube.com/watch?v=3DcoC8p9az8,Training Season (Live),Dua Lipa,,,Training Season (Live) Dua Lipa
2026-10-04,sg,Singapore,top_videos_weekly,,5,https://i.ytimg.com/vi/eJXL4-4m5nY/mqdefault.jpg,https://www.youtube.com/watch?v=eJXL4-4m5nY,BTS (방탄소년단) ‘Merry Go Round’ Official MV,防彈少年團,,,BTS (방탄소년단) ‘Merry Go Round’ Official MV 防彈少年團
2026-10-04,sg,Singapore,top_videos_weekly,,6,https://i.ytimg.com/vi/BpR280fXISA/mqdefault.jpg,https://www.youtube.com/watch?v=BpR280fXISA,Taylor Swift - Patient Zero (Official Lyric Video),Taylor Swift,,,Taylor Swift - Patient Zero (Official Lyric Video) Taylor Swift
2026-10-04,sg,Singapore,top_videos_weekly,,7,https://i.ytimg.com/vi/fcnDmrtj6Sk/mqdefault.jpg,https://www.youtube.com/watch?v=fcnDmrtj6Sk,Dai Dai,Shakira / Burna Boy,,,Dai Dai Shakira & Burna Boy
2026-10-04,sg,Singapore,top_videos_weekly,,8,https://i.ytimg.com/vi/x6_mbnsh6VU/mqdefault.jpg,https://www.youtube.com/watch?v=x6_mbnsh6VU,STORM I & II,Gener8ion / Yung Lean,,,STORM I & II Gener8ion & Yung Lean
2026-10-04,sg,Singapore,top_videos_weekly,,9,https://i.ytimg.com/vi/yebNIHKAC4A/mqdefault.jpg,https://www.youtube.com/watch?v=yebNIHKAC4A,Golden,HUNTR/X / EJAE / AUDREY NUNA / REI AMI / KPop Demon Hunters Cast,,,"Golden HUNTR/X , EJAE , AUDREY NUNA , REI AMI & KPop Demon Hunters Cast"
2026-10-04,sg,Singapore,top_videos_weekly,,10,https://i.ytimg.com/vi/W3mlJNg0pzE/mqdefault.jpg,https://www.youtube.com/watch?v=W3mlJNg0pzE,SaWaDiKa,LISA,"9月 25, 2026",35669,"10 New SaWaDiKa LISA 9月 25, 2026 - 1 35,669"
2026-10-04,sg,Singapore,top_videos_weekly,,11,https://i.ytimg.com/vi/uwfa-gyubSg/mqdefault.jpg,https://www.youtube.com/watch?v=uwfa-gyubSg,Hootie Frutti (Live from Saturday Night Live),KATSEYE,,,Hootie Frutti (Live from Saturday Night Live) KATSEYE
2026-10-04,sg,Singapore,top_videos_weekly,,12,https://i.ytimg.com/vi/ko70cExuzZM/mqdefault.jpg,https://www.youtube.com/watch?v=ko70cExuzZM,The Fate of Ophelia,Taylor Swift,,,The Fate of Ophelia Taylor Swift
2026-10-04,sg,Singapore,top_videos_weekly,,13,https://i.ytimg.com/vi/Q3bFaJVLlb0/mqdefault.jpg,https://www.youtube.com/watch?v=Q3bFaJVLlb0,ဤသို့ပြုရ,Theinkpan Htun,,,ဤသို့ပြုရ Theinkpan Htun
2026-10-04,sg,Singapore,top_videos_weekly,,14,https://i.ytimg.com/vi/jR3rWCBeO6M/mqdefault.jpg,https://www.youtube.com/watch?v=jR3rWCBeO6M,"Radhimaa [From ""Think Indie""]",Asma Teji / Sai Abhyankkar / Vivek / Nargis Teji,,,"Radhimaa [From ""Think Indie""] Asma Teji , Sai Abhyankkar , Vivek & Nargis Teji"
2026-10-04,sg,Singapore,top_videos_weekly,,15,https://i.ytimg.com/vi/Aze7zTyIRtk/mqdefault.jpg,https://www.youtube.com/watch?v=Aze7zTyIRtk,Aura 10/10,Hiphop Tamizha,,,Aura 10/10 Hiphop Tamizha
2026-10-04,sg,Singapore,top_videos_weekly,,16,https://i.ytimg.com/vi/jA0gY6P-qmw/mqdefault.jpg,https://www.youtube.com/watch?v=jA0gY6P-qmw,Vibe Venuma - Music Video | Meesaya Murukku 2 | Hiphop Tamizha | VJ Siddhu | Harshath Khan,Saregama Tamil,,,Vibe Venuma - Music Video | Meesaya Murukku 2 | Hiphop Tamizha | VJ Siddhu | Harshath Khan Saregama Tamil
2026-10-04,sg,Singapore,top_videos_weekly,,17,https://i.ytimg.com/vi/Lufa9QAFFeY/mqdefault.jpg,https://www.youtube.com/watch?v=Lufa9QAFFeY,new trick,ROSÉ,"9月 17, 2026",31565,"17 16 new trick ROSÉ 9月 17, 2026 1 2 31,565"
2026-10-04,sg,Singapore,top_videos_weekly,,18,https://i.ytimg.com/vi/xvT1jH8B9AM/mqdefault.jpg,https://www.youtube.com/watch?v=xvT1jH8B9AM,KALYANI (Remix),ARJN / KDS / FIFTY4 / 舒蕾亞·戈沙爾,,,"KALYANI (Remix) ARJN , KDS , FIFTY4 & 舒蕾亞·戈沙爾"
2026-10-04,sg,Singapore,top_videos_weekly,,19,https://i.ytimg.com/vi/b68HETiNO98/mqdefault.jpg,https://www.youtube.com/watch?v=b68HETiNO98,Pavazha Malli,Sai Abhyankkar / Shruti Haasan,,,Pavazha Malli Sai Abhyankkar & Shruti Haasan
2026-10-04,sg,Singapore,top_videos_weekly,,20,https://i.ytimg.com/vi/-q_S27LbNKU/mqdefault.jpg,https://www.youtube.com/watch?v=-q_S27LbNKU,BAD,ATEEZ,"6月 25, 2026",27789,"20 4 BAD ATEEZ 6月 25, 2026 16 14 27,789"
2026-10-04,sg,Singapore,top_videos_weekly,,21,https://i.ytimg.com/vi/lQ-w9M447w0/mqdefault.jpg,https://www.youtube.com/watch?v=lQ-w9M447w0,CRASH,ALLDAY PROJECT,,,CRASH ALLDAY PROJECT
2026-10-04,sg,Singapore,top_videos_weekly,,22,https://i.ytimg.com/vi/YacpC7sUXMM/mqdefault.jpg,https://www.youtube.com/watch?v=YacpC7sUXMM,甲乙丙丁Strangers (伴奏),Li Jiawei,,,甲乙丙丁Strangers (伴奏) Li Jiawei
2026-10-04,sg,Singapore,top_videos_weekly,,23,https://i.ytimg.com/vi/8SsctW_2ICc/mqdefault.jpg,https://www.youtube.com/watch?v=8SsctW_2ICc,Good Goodbye,HWASA,,,Good Goodbye HWASA
2026-10-04,sg,Singapore,top_videos_weekly,,24,https://i.ytimg.com/vi/rs0gQ-3hbPQ/mqdefault.jpg,https://www.youtube.com/watch?v=rs0gQ-3hbPQ,Muthumani,Shweta Mohan / Ilaiyaraaja,,,Muthumani Shweta Mohan & Ilaiyaraaja
2026-10-04,sg,Singapore,top_videos_weekly,,25,https://i.ytimg.com/vi/3sB4Iv_tM7U/mqdefault.jpg,https://www.youtube.com/watch?v=3sB4Iv_tM7U,Nicole Kidman,ADÉLA,,,Nicole Kidman ADÉLA
2026-10-04,sg,Singapore,top_videos_weekly,,26,https://i.ytimg.com/vi/7VsejGzcJmM/mqdefault.jpg,https://www.youtube.com/watch?v=7VsejGzcJmM,Alaakaa Loova,Sai Abhyankkar,,,Alaakaa Loova Sai Abhyankkar
2026-10-04,sg,Singapore,top_videos_weekly,,27,https://i.ytimg.com/vi/7H1ObJvb7Hc/mqdefault.jpg,https://www.youtube.com/watch?v=7H1ObJvb7Hc,【純享版】張碧晨侯明昊老友重逢卻唱盡痛心！演繹李佳薇新歌《甲乙丙丁》 深情對唱層層遞進 將遺憾與不捨唱到極致 #天賜的聲音7 EP11 20260821,天賜的聲音,,20260821,【纯享版】张碧晨侯明昊老友重逢却唱尽痛心！演绎李佳薇新歌《甲乙丙丁》 深情对唱层层递进 将遗憾与不舍唱到极致 #天赐的声音7 EP11 20260821 天赐的声音
2026-10-04,sg,Singapore,top_videos_weekly,,28,https://i.ytimg.com/vi/78BUQPB8Z-c/mqdefault.jpg,https://www.youtube.com/watch?v=78BUQPB8Z-c,Goindhamma,Hiphop Tamizha / Gana Sudhakar / Gana Vinoth / 高什克·克里希 / Gana Ulagam Dharani,,,"Goindhamma Hiphop Tamizha , Gana Sudhakar , Gana Vinoth , 高什克·克里希 & Gana Ulagam Dharani"
2026-10-04,sg,Singapore,top_videos_weekly,,29,https://i.ytimg.com/vi/JqFzhcWo3EU/mqdefault.jpg,https://www.youtube.com/watch?v=JqFzhcWo3EU,Yeshanagula | The Paradise | Nani | Keerthy Suresh | Anirudh Ravichander | Srikanth Odela,Saregama Telugu,,,Yeshanagula | The Paradise | Nani | Keerthy Suresh | Anirudh Ravichander | Srikanth Odela Saregama Telugu
2026-10-04,sg,Singapore,top_videos_weekly,,30,https://i.ytimg.com/vi/zHqGSU7Ymw0/mqdefault.jpg,https://www.youtube.com/watch?v=zHqGSU7Ymw0,Ooroda Oththa Don - Lyric | Baththa | Vijay Sethupathi | @SaiAbhyankkar| Balaji Tharaneetharan,Think Music India,,,Ooroda Oththa Don - Lyric | Baththa | Vijay Sethupathi | @SaiAbhyankkar| Balaji Tharaneetharan Think Music India
2026-10-04,sg,Singapore,top_videos_weekly,,31,https://i.ytimg.com/vi/XXYlFuWEuKI/mqdefault.jpg,https://www.youtube.com/watch?v=XXYlFuWEuKI,Save Your Tears,The Weeknd,,,Save Your Tears The Weeknd
2026-10-04,sg,Singapore,top_videos_weekly,,32,https://i.ytimg.com/vi/m7k9UMcHbr0/mqdefault.jpg,https://www.youtube.com/watch?v=m7k9UMcHbr0,"KATSEYE (캣츠아이) ""Animal"" Official MV",KATSEYE,,,"KATSEYE (캣츠아이) ""Animal"" Official MV KATSEYE"
2026-10-04,sg,Singapore,top_videos_weekly,,33,https://i.ytimg.com/vi/_G3Nu8q9Z9s/mqdefault.jpg,https://www.youtube.com/watch?v=_G3Nu8q9Z9s,嘉賓,張遠,"6月 12, 2026",21888,"33 6 嘉宾 张远 6月 12, 2026 27 12 21,888"
2026-10-04,sg,Singapore,top_videos_weekly,,34,https://i.ytimg.com/vi/15dxI9BPxa4/mqdefault.jpg,https://www.youtube.com/watch?v=15dxI9BPxa4,最後一頁 (Live),王赫野 / 姚曉棠,,,最后一页 (Live) 王赫野 & 姚晓棠
2026-10-04,sg,Singapore,top_videos_weekly,,35,https://i.ytimg.com/vi/pbAbZOszBVc/mqdefault.jpg,https://www.youtube.com/watch?v=pbAbZOszBVc,Onna Thottu - Lyric Video Song | DOROTHY | Maestro Ilaiyaraaja | Karthik Subbaraj,Sony Music South,,,Onna Thottu - Lyric Video Song | DOROTHY | Maestro Ilaiyaraaja | Karthik Subbaraj Sony Music South
2026-10-04,sg,Singapore,top_videos_weekly,,36,https://i.ytimg.com/vi/RBwK3jPz4dk/mqdefault.jpg,https://www.youtube.com/watch?v=RBwK3jPz4dk,Sulochana,Sanvi Sudeep / Super Subu,,,Sulochana Sanvi Sudeep & Super Subu
2026-10-04,sg,Singapore,top_videos_weekly,,37,https://i.ytimg.com/vi/vRjaGgDsWSo/mqdefault.jpg,https://www.youtube.com/watch?v=vRjaGgDsWSo,Casa Tupka Anthemo,Yo Yo Honey Singh,,,Casa Tupka Anthemo Yo Yo Honey Singh
2026-10-04,sg,Singapore,top_videos_weekly,,38,https://i.ytimg.com/vi/82-jTNka3uc/mqdefault.jpg,https://www.youtube.com/watch?v=82-jTNka3uc,hate that i made you love me,Ariana Grande,,,hate that i made you love me Ariana Grande
2026-10-04,sg,Singapore,top_videos_weekly,,39,https://i.ytimg.com/vi/Qe8fa4b5xNU/mqdefault.jpg,https://www.youtube.com/watch?v=Qe8fa4b5xNU,Good Goodbye,HWASA,,,Good Goodbye HWASA
2026-10-04,sg,Singapore,top_videos_weekly,,40,https://i.ytimg.com/vi/KQM9hYlMXsI/mqdefault.jpg,https://www.youtube.com/watch?v=KQM9hYlMXsI,ALLDAY PROJECT - ‘DO IT LIKE THIS’ M/V,ALLDAY PROJECT,,,ALLDAY PROJECT - ‘DO IT LIKE THIS’ M/V ALLDAY PROJECT
2026-10-04,sg,Singapore,top_videos_weekly,,41,https://i.ytimg.com/vi/yZo50fZaGaQ/mqdefault.jpg,https://www.youtube.com/watch?v=yZo50fZaGaQ,stupid song (Amazon Music Songline),Olivia Rodrigo,,,stupid song (Amazon Music Songline) Olivia Rodrigo
2026-10-04,sg,Singapore,top_videos_weekly,,42,https://i.ytimg.com/vi/3rB3n_XR23o/mqdefault.jpg,https://www.youtube.com/watch?v=3rB3n_XR23o,我不該動情,老闆,"7月 1, 2026",19073,"42 9 我不該動情 老板 7月 1, 2026 33 10 19,073"
2026-10-04,sg,Singapore,top_videos_weekly,,43,https://i.ytimg.com/vi/0ijm2Xui5N8/mqdefault.jpg,https://www.youtube.com/watch?v=0ijm2Xui5N8,Ain't In LA,ADÉLA,,,Ain't In LA ADÉLA
2026-10-04,sg,Singapore,top_videos_weekly,,44,https://i.ytimg.com/vi/3RwRrxiG5j4/mqdefault.jpg,https://www.youtube.com/watch?v=3RwRrxiG5j4,Dear my crazy soulmate,IU,,,Dear my crazy soulmate IU
2026-10-04,sg,Singapore,top_videos_weekly,,45,https://i.ytimg.com/vi/6Db-cEgbmC4/mqdefault.jpg,https://www.youtube.com/watch?v=6Db-cEgbmC4,Mi Chico,Jason Derulo,,,Mi Chico Jason Derulo
2026-10-04,sg,Singapore,top_videos_weekly,,46,https://i.ytimg.com/vi/J77i-E_0JWg/mqdefault.jpg,https://www.youtube.com/watch?v=J77i-E_0JWg,SaWaDiKa (Dance Performance Video),LISA,,,SaWaDiKa (Dance Performance Video) LISA
2026-10-04,sg,Singapore,top_videos_weekly,,47,https://i.ytimg.com/vi/RdUV9Ms5GM4/mqdefault.jpg,https://www.youtube.com/watch?v=RdUV9Ms5GM4,Dear my crazy soulmate,IU,,,Dear my crazy soulmate IU
2026-10-04,sg,Singapore,top_videos_weekly,,48,https://i.ytimg.com/vi/bMhDJ0S0OBA/mqdefault.jpg,https://www.youtube.com/watch?v=bMhDJ0S0OBA,It's Me,ILLIT,"4月 30, 2026",17911,"48 12 It's Me ILLIT 4月 30, 2026 36 23 17,911"
2026-10-04,sg,Singapore,top_videos_weekly,,49,https://i.ytimg.com/vi/is8UDe2PhKQ/mqdefault.jpg,https://www.youtube.com/watch?v=is8UDe2PhKQ,KATSEYE (캣츠아이) 'Hootie Frutti' Official MV,KATSEYE,,,KATSEYE (캣츠아이) 'Hootie Frutti' Official MV KATSEYE
2026-10-04,sg,Singapore,top_videos_weekly,,50,https://i.ytimg.com/vi/mQUek1GYfvs/mqdefault.jpg,https://www.youtube.com/watch?v=mQUek1GYfvs,對等關係,李榮浩,"1月 27, 2022",17774,"50 9 對等關係 李榮浩 1月 27, 2022 41 4 17,774"
2026-10-04,sg,Singapore,top_videos_weekly,,51,https://i.ytimg.com/vi/ptwUYrguUI8/mqdefault.jpg,https://www.youtube.com/watch?v=ptwUYrguUI8,Pesamale - Official Music Video Song | Siri Xander | Arra Aria Khayal |Tamil Indie Pop,Siri Xander / Arra Aria Khayal,,,Pesamale - Official Music Video Song | Siri Xander | Arra Aria Khayal |Tamil Indie Pop Siri Xander & Arra Aria Khayal
2026-10-04,sg,Singapore,top_videos_weekly,,52,https://i.ytimg.com/vi/7mDDM0eBWR0/mqdefault.jpg,https://www.youtube.com/watch?v=7mDDM0eBWR0,소연 (SOYEON) '퇴사할게여 (Narr. 기안84)' Official Music Video,i-dle (아이들),,,소연 (SOYEON) '퇴사할게여 (Narr. 기안84)' Official Music Video i-dle (아이들)
2026-10-04,sg,Singapore,top_videos_weekly,,53,https://i.ytimg.com/vi/C1LN4cWjMl0/mqdefault.jpg,https://www.youtube.com/watch?v=C1LN4cWjMl0,Pattampoochi,Sublahshini / G.V. Prakash Kumar,,,Pattampoochi Sublahshini & G.V. Prakash Kumar
2026-10-04,sg,Singapore,top_videos_weekly,,54,https://i.ytimg.com/vi/zlAjS20q9pE/mqdefault.jpg,https://www.youtube.com/watch?v=zlAjS20q9pE,空心 (Live),黃霄雲 / 劉端端,,,空心 (Live) 黃霄雲 & 刘端端
2026-10-04,sg,Singapore,top_videos_weekly,,55,https://i.ytimg.com/vi/RO75uUZiAw0/mqdefault.jpg,https://www.youtube.com/watch?v=RO75uUZiAw0,Teh Hijau,Tulus,"6月 29, 2026",16406,"55 15 Teh Hijau Tulus 6月 29, 2026 40 12 16,406"
2026-10-04,sg,Singapore,top_videos_weekly,,56,https://i.ytimg.com/vi/3a42y3LwiDE/mqdefault.jpg,https://www.youtube.com/watch?v=3a42y3LwiDE,"Yedhayya Saami | Ranabaali | Full Song | Vijay Deverakonda, Rashmika | Rahul Sankrityan | Ajay–Atul",Karthik / 阿傑-阿圖爾 / Shweta Mohan / Viveka,,,"Yedhayya Saami | Ranabaali | Full Song | Vijay Deverakonda, Rashmika | Rahul Sankrityan | Ajay–Atul Karthik , 阿傑-阿圖爾 , Shweta Mohan & Viveka"
2026-10-04,sg,Singapore,top_videos_weekly,,57,https://i.ytimg.com/vi/b6pqQKvASf8/mqdefault.jpg,https://www.youtube.com/watch?v=b6pqQKvASf8,SaWaDiKa,LISA,"9月 26, 2026",15765,"57 New SaWaDiKa LISA 9月 26, 2026 - 1 15,765"
2026-10-04,sg,Singapore,top_videos_weekly,,58,https://i.ytimg.com/vi/jfVVXYTZykw/mqdefault.jpg,https://www.youtube.com/watch?v=jfVVXYTZykw,Taylor Swift - Cleveland! (Official Lyric Video),Taylor Swift,,,Taylor Swift - Cleveland! (Official Lyric Video) Taylor Swift
2026-10-04,sg,Singapore,top_videos_weekly,,59,https://i.ytimg.com/vi/iAtoZar5W58/mqdefault.jpg,https://www.youtube.com/watch?v=iAtoZar5W58,Aaya Sher,Jangi Reddy / Arjun Chandy / 安尼魯德・瑞維奇德 / Kasarla Shyam,,,"Aaya Sher Jangi Reddy , Arjun Chandy , 安尼魯德・瑞維奇德 & Kasarla Shyam"
2026-10-04,sg,Singapore,top_videos_weekly,,60,https://i.ytimg.com/vi/z5y8Clp_TdE/mqdefault.jpg,https://www.youtube.com/watch?v=z5y8Clp_TdE,KALYANI (Remix),舒蕾亞·戈沙爾 / ARJN / FIFTY4 / KDS,,,"KALYANI (Remix) 舒蕾亞·戈沙爾 , ARJN , FIFTY4 & KDS"
2026-10-04,sg,Singapore,top_videos_weekly,,61,https://i.ytimg.com/vi/49x5rfxmv4E/mqdefault.jpg,https://www.youtube.com/watch?v=49x5rfxmv4E,Karuppa Kooda Va,Sai Abhyankkar / V·M·馬哈林加姆,,,Karuppa Kooda Va Sai Abhyankkar & V·M·馬哈林加姆
2026-10-04,sg,Singapore,top_videos_weekly,,62,https://i.ytimg.com/vi/tZnNLoPKriU/mqdefault.jpg,https://www.youtube.com/watch?v=tZnNLoPKriU,Taylor Swift - Babylon (Official Lyric Video),Taylor Swift,,,Taylor Swift - Babylon (Official Lyric Video) Taylor Swift
2026-10-04,sg,Singapore,top_videos_weekly,,63,https://i.ytimg.com/vi/eB-IK2wPWzw/mqdefault.jpg,https://www.youtube.com/watch?v=eB-IK2wPWzw,BAD,ATEEZ,"8月 1, 2026",14678,"63 18 BAD ATEEZ 8月 1, 2026 45 8 14,678"
2026-10-04,sg,Singapore,top_videos_weekly,,64,https://i.ytimg.com/vi/sf02ugzPFE4/mqdefault.jpg,https://www.youtube.com/watch?v=sf02ugzPFE4,CLICK,JISOO,"9月 3, 2026",14330,"64 40 CLICK JISOO 9月 3, 2026 24 4 14,330"
2026-10-04,sg,Singapore,top_videos_weekly,,65,https://i.ytimg.com/vi/ZojDzYKnU1o/mqdefault.jpg,https://www.youtube.com/watch?v=ZojDzYKnU1o,Animal (Live from Saturday Night Live),KATSEYE,,,Animal (Live from Saturday Night Live) KATSEYE
2026-10-04,sg,Singapore,top_videos_weekly,,66,https://i.ytimg.com/vi/kXOKQCtttbw/mqdefault.jpg,https://www.youtube.com/watch?v=kXOKQCtttbw,Taylor Swift - Pink Clouding (Official Lyric Video),Taylor Swift,,,Taylor Swift - Pink Clouding (Official Lyric Video) Taylor Swift
2026-10-04,sg,Singapore,top_videos_weekly,,67,https://i.ytimg.com/vi/MT-4Bk1Lw8g/mqdefault.jpg,https://www.youtube.com/watch?v=MT-4Bk1Lw8g,Bloody Paradise,ENHYPEN,,,Bloody Paradise ENHYPEN
2026-10-04,sg,Singapore,top_videos_weekly,,68,https://i.ytimg.com/vi/46h0LvDHgIs/mqdefault.jpg,https://www.youtube.com/watch?v=46h0LvDHgIs,SUN KISS,TUIDE (튜이드),,,SUN KISS TUIDE (튜이드)
2026-10-04,sg,Singapore,top_videos_weekly,,69,https://i.ytimg.com/vi/3Rotnxj-IOM/mqdefault.jpg,https://www.youtube.com/watch?v=3Rotnxj-IOM,2027 Angeline阿妮｜福氣｜Official 4k MV｜阿妮音樂課室學生,Angeline阿妮,,2027,2027 Angeline阿妮｜福气｜Official 4k MV｜阿妮音樂課室学生 Angeline阿妮
2026-10-04,sg,Singapore,top_videos_weekly,,70,https://i.ytimg.com/vi/naoGk-Zjc1s/mqdefault.jpg,https://www.youtube.com/watch?v=naoGk-Zjc1s,SUGAR HONEY ICE TEA,BABYMONSTER,,,SUGAR HONEY ICE TEA BABYMONSTER
2026-10-04,sg,Singapore,top_videos_weekly,,71,https://i.ytimg.com/vi/_Vp-jCG7gno/mqdefault.jpg,https://www.youtube.com/watch?v=_Vp-jCG7gno,God Mode,Sai Abhyankkar / Gana Muthu / Vishnu Edavan,,,"God Mode Sai Abhyankkar , Gana Muthu & Vishnu Edavan"
2026-10-04,sg,Singapore,top_videos_weekly,,72,https://i.ytimg.com/vi/sZLI4R1R_AM/mqdefault.jpg,https://www.youtube.com/watch?v=sZLI4R1R_AM,Made My Night,LE SSERAFIM,,,Made My Night LE SSERAFIM
2026-10-04,sg,Singapore,top_videos_weekly,,73,https://i.ytimg.com/vi/27C4pfRsf9g/mqdefault.jpg,https://www.youtube.com/watch?v=27C4pfRsf9g,ICONIC BY MISTAKE,LE SSERAFIM / ILLIT / KATSEYE,,,"ICONIC BY MISTAKE LE SSERAFIM , ILLIT & KATSEYE"
2026-10-04,sg,Singapore,top_videos_weekly,,74,https://i.ytimg.com/vi/83C3TZ4Zm_o/mqdefault.jpg,https://www.youtube.com/watch?v=83C3TZ4Zm_o,LEMONADE,aespa,"5月 28, 2026",12532,"74 17 LEMONADE aespa 5月 28, 2026 57 18 12,532"
2026-10-04,sg,Singapore,top_videos_weekly,,75,https://i.ytimg.com/vi/1Qx6ktR3CEk/mqdefault.jpg,https://www.youtube.com/watch?v=1Qx6ktR3CEk,ALLDAY PROJECT - ‘TALK’ M/V,ALLDAY PROJECT,,,ALLDAY PROJECT - ‘TALK’ M/V ALLDAY PROJECT
2026-10-04,sg,Singapore,top_videos_weekly,,76,https://i.ytimg.com/vi/K-7olbaOelg/mqdefault.jpg,https://www.youtube.com/watch?v=K-7olbaOelg,MMG (My Mine Gueh),Naykilla,,,MMG (My Mine Gueh) Naykilla
2026-10-04,sg,Singapore,top_videos_weekly,,77,https://i.ytimg.com/vi/9cS2wv6AfHk/mqdefault.jpg,https://www.youtube.com/watch?v=9cS2wv6AfHk,I LIKE IT,BABYMONSTER,,,I LIKE IT BABYMONSTER
2026-10-04,sg,Singapore,top_videos_weekly,,78,https://i.ytimg.com/vi/X42ixwTgUJk/mqdefault.jpg,https://www.youtube.com/watch?v=X42ixwTgUJk,Stuck,ENHYPEN,"9月 26, 2026",11721,"78 New Stuck ENHYPEN 9月 26, 2026 - 1 11,721"
2026-10-04,sg,Singapore,top_videos_weekly,,79,https://i.ytimg.com/vi/X1twu3ztkPU/mqdefault.jpg,https://www.youtube.com/watch?v=X1twu3ztkPU,Bum Baa Diga Diga - Music Video | DC | Lokesh | Sun Pictures | Anirudh | Arun Matheswaran,Heisenberg / Ritesh G Rao / Anirudh Ravichander / Asura,,,"Bum Baa Diga Diga - Music Video | DC | Lokesh | Sun Pictures | Anirudh | Arun Matheswaran Heisenberg , Ritesh G Rao , Anirudh Ravichander & Asura"
2026-10-04,sg,Singapore,top_videos_weekly,,80,https://i.ytimg.com/vi/elNce4ixLmE/mqdefault.jpg,https://www.youtube.com/watch?v=elNce4ixLmE,Hootie Frutti,KATSEYE,,,Hootie Frutti KATSEYE
2026-10-04,sg,Singapore,top_videos_weekly,,81,https://i.ytimg.com/vi/C8Gci9oSnRg/mqdefault.jpg,https://www.youtube.com/watch?v=C8Gci9oSnRg,ကမ်းစွန့်လှေ,Nan Pin Pin / Theinkpan Htun,,,ကမ်းစွန့်လှေ Nan Pin Pin & Theinkpan Htun
2026-10-04,sg,Singapore,top_videos_weekly,,82,https://i.ytimg.com/vi/undhkaMMenU/mqdefault.jpg,https://www.youtube.com/watch?v=undhkaMMenU,Sambavakaari,Saindhavi / 肖恩·羅爾丹 / Mohan Rajan,,,"Sambavakaari Saindhavi , 肖恩·羅爾丹 & Mohan Rajan"
2026-10-04,sg,Singapore,top_videos_weekly,,83,https://i.ytimg.com/vi/v1t4MTqdfyI/mqdefault.jpg,https://www.youtube.com/watch?v=v1t4MTqdfyI,hate that i made you love me,Ariana Grande,,,hate that i made you love me Ariana Grande
2026-10-04,sg,Singapore,top_videos_weekly,,84,https://i.ytimg.com/vi/6JaeasJw-QI/mqdefault.jpg,https://www.youtube.com/watch?v=6JaeasJw-QI,Thalapathy Kacheri,Jayanth Maadhur / Anirudh Ravichander / Arun Kaundinya / Nazeeruddin / Srinivasa Mouli,,,"Thalapathy Kacheri Jayanth Maadhur , Anirudh Ravichander , Arun Kaundinya , Nazeeruddin & Srinivasa Mouli"
2026-10-04,sg,Singapore,top_videos_weekly,,85,https://i.ytimg.com/vi/QxWoYkrgpJE/mqdefault.jpg,https://www.youtube.com/watch?v=QxWoYkrgpJE,Nallaru po,Tippu / Sai Abhyankkar,,,Nallaru po Tippu & Sai Abhyankkar
2026-10-04,sg,Singapore,top_videos_weekly,,86,https://i.ytimg.com/vi/EYDgu1KjlgQ/mqdefault.jpg,https://www.youtube.com/watch?v=EYDgu1KjlgQ,【獨家LIVE】張遠終於釋懷了！和陳冰演繹新歌《可以不是你》 #天賜的聲音5 EP8 20240614,天賜的聲音,,20240614,【独家LIVE】张远终于释怀了！和陈冰演绎新歌《可以不是你》 #天赐的声音5 EP8 20240614 天赐的声音
2026-10-04,sg,Singapore,top_videos_weekly,,87,https://i.ytimg.com/vi/zoBTw-1vzyY/mqdefault.jpg,https://www.youtube.com/watch?v=zoBTw-1vzyY,"Endhayya Saami | Ranabaali | Full Song | Vijay Deverakonda, Rashmika | Rahul Sankrityan | Ajay–Atul",T-Series Telugu,,,"Endhayya Saami | Ranabaali | Full Song | Vijay Deverakonda, Rashmika | Rahul Sankrityan | Ajay–Atul T-Series Telugu"
2026-10-04,sg,Singapore,top_videos_weekly,,88,https://i.ytimg.com/vi/ZdgVpnHq70o/mqdefault.jpg,https://www.youtube.com/watch?v=ZdgVpnHq70o,Made My Night,LE SSERAFIM,,,Made My Night LE SSERAFIM
2026-10-04,sg,Singapore,top_videos_weekly,,89,https://i.ytimg.com/vi/4r9r6Fhm9I0/mqdefault.jpg,https://www.youtube.com/watch?v=4r9r6Fhm9I0,Pesamale - Official Lyric Video | Siri Xander | Arra Aria Khayal |Tamil Indie Pop |Sony Music Indie,Siri Xander / Arra Aria Khayal,,,Pesamale - Official Lyric Video | Siri Xander | Arra Aria Khayal |Tamil Indie Pop |Sony Music Indie Siri Xander & Arra Aria Khayal
2026-10-04,sg,Singapore,top_videos_weekly,,90,https://i.ytimg.com/vi/BZ4UzthYTss/mqdefault.jpg,https://www.youtube.com/watch?v=BZ4UzthYTss,This & That,Stray Kids,,,This & That Stray Kids
2026-10-04,sg,Singapore,top_videos_weekly,,91,https://i.ytimg.com/vi/Pd1yGW_g2T8/mqdefault.jpg,https://www.youtube.com/watch?v=Pd1yGW_g2T8,Ashke (Music Video) Karan Aujla | Mxrci | Aujla Szn 1,Karan Aujla,,,Ashke (Music Video) Karan Aujla | Mxrci | Aujla Szn 1 Karan Aujla
2026-10-04,sg,Singapore,top_videos_weekly,,92,https://i.ytimg.com/vi/nukExJiF-y0/mqdefault.jpg,https://www.youtube.com/watch?v=nukExJiF-y0,stupid song (acoustic),Olivia Rodrigo,,,stupid song (acoustic) Olivia Rodrigo
2026-10-04,sg,Singapore,top_videos_weekly,,93,https://i.ytimg.com/vi/MzCbEdtNbJ0/mqdefault.jpg,https://www.youtube.com/watch?v=MzCbEdtNbJ0,HARU HARU(하루하루),BIGBANG,,,HARU HARU(하루하루) BIGBANG
2026-10-04,sg,Singapore,top_videos_weekly,,94,https://i.ytimg.com/vi/GnSaLQTrvt0/mqdefault.jpg,https://www.youtube.com/watch?v=GnSaLQTrvt0,Good Goodbye,HWASA,,,Good Goodbye HWASA
2026-10-04,sg,Singapore,top_videos_weekly,,95,https://i.ytimg.com/vi/fKX00oJ7_Bs/mqdefault.jpg,https://www.youtube.com/watch?v=fKX00oJ7_Bs,CRASH,ALLDAY PROJECT,,,CRASH ALLDAY PROJECT
2026-10-04,sg,Singapore,top_videos_weekly,,96,https://i.ytimg.com/vi/Ftjmz8vGjGI/mqdefault.jpg,https://www.youtube.com/watch?v=Ftjmz8vGjGI,【單曲純享】張碧晨《字字句句》#天賜的聲音4 EP3,張碧晨,,,【单曲纯享】张碧晨《字字句句》#天赐的声音4 EP3 張碧晨
2026-10-04,sg,Singapore,top_videos_weekly,,97,https://i.ytimg.com/vi/B402rKl4bUg/mqdefault.jpg,https://www.youtube.com/watch?v=B402rKl4bUg,the cure,Olivia Rodrigo,,,the cure Olivia Rodrigo
2026-10-04,sg,Singapore,top_videos_weekly,,98,https://i.ytimg.com/vi/y_sILJY8wus/mqdefault.jpg,https://www.youtube.com/watch?v=y_sILJY8wus,我不難過 (Live),Nana Ou-Yang / 劉雨昕 XIN LIU,,,我不难过 (Live) Nana Ou-Yang & 劉雨昕 XIN LIU
2026-10-04,sg,Singapore,top_videos_weekly,,99,https://i.ytimg.com/vi/jeMDzLsmRnE/mqdefault.jpg,https://www.youtube.com/watch?v=jeMDzLsmRnE,月亮圓,Bingyen 鄭斌彥,"7月 16, 2024",<10K,"99 2 月亮圆 Bingyen 郑斌彦 7月 16, 2024 97 2 <10K"
2026-10-04,sg,Singapore,top_videos_weekly,,100,https://i.ytimg.com/vi/Rt9tW3cMLhI/mqdefault.jpg,https://www.youtube.com/watch?v=Rt9tW3cMLhI,stupid song,Olivia Rodrigo,,,stupid song Olivia Rodrigo
2026-10-04,my,Malaysia,top_videos_weekly,,1,https://i.ytimg.com/vi/RO75uUZiAw0/mqdefault.jpg,https://www.youtube.com/watch?v=RO75uUZiAw0,Teh Hijau,Tulus,"6月 29, 2026",1035622,"1 ● Teh Hijau Tulus 6月 29, 2026 1 12 1,035,622"
2026-10-04,my,Malaysia,top_videos_weekly,,2,https://i.ytimg.com/vi/cDee7SZwtbk/mqdefault.jpg,https://www.youtube.com/watch?v=cDee7SZwtbk,Adek Saye Abe Sore,Adek Saye Abe Sore,,,Adek Saye Abe Sore Adek Saye Abe Sore
2026-10-04,my,Malaysia,top_videos_weekly,,3,https://i.ytimg.com/vi/acDzcefJoCs/mqdefault.jpg,https://www.youtube.com/watch?v=acDzcefJoCs,Dari Bawah,EzHaRHaNzE,,,Dari Bawah EzHaRHaNzE
2026-10-04,my,Malaysia,top_videos_weekly,,4,https://i.ytimg.com/vi/3DcoC8p9az8/mqdefault.jpg,https://www.youtube.com/watch?v=3DcoC8p9az8,Training Season (Live),Dua Lipa,,,Training Season (Live) Dua Lipa
2026-10-04,my,Malaysia,top_videos_weekly,,5,https://i.ytimg.com/vi/T48XTvKkdf8/mqdefault.jpg,https://www.youtube.com/watch?v=T48XTvKkdf8,Ku Yang Berjuang,Danial Kifli,,,Ku Yang Berjuang Danial Kifli
2026-10-04,my,Malaysia,top_videos_weekly,,6,https://i.ytimg.com/vi/K-7olbaOelg/mqdefault.jpg,https://www.youtube.com/watch?v=K-7olbaOelg,MMG (My Mine Gueh),Naykilla,,,MMG (My Mine Gueh) Naykilla
2026-10-04,my,Malaysia,top_videos_weekly,,7,https://i.ytimg.com/vi/7qnjiZ_jJuU/mqdefault.jpg,https://www.youtube.com/watch?v=7qnjiZ_jJuU,Dalam Diam,Mojack Hafiz / Zynakal / Zamir Harith / Bel Janni,,,"Dalam Diam Mojack Hafiz , Zynakal , Zamir Harith & Bel Janni"
2026-10-04,my,Malaysia,top_videos_weekly,,8,https://i.ytimg.com/vi/GTzi2Y1gX2c/mqdefault.jpg,https://www.youtube.com/watch?v=GTzi2Y1gX2c,Sayang Orang Sama,Sayang Orang Sama,,,Sayang Orang Sama Sayang Orang Sama
2026-10-04,my,Malaysia,top_videos_weekly,,9,https://i.ytimg.com/vi/B452TVVco2Q/mqdefault.jpg,https://www.youtube.com/watch?v=B452TVVco2Q,Great Expectation,SIENNA SPIRO,,,Great Expectation SIENNA SPIRO
2026-10-04,my,Malaysia,top_videos_weekly,,10,https://i.ytimg.com/vi/y8LyFq46C1A/mqdefault.jpg,https://www.youtube.com/watch?v=y8LyFq46C1A,Ngapil Baru | Rickie Andrewson | Official Music Video,ANP Music Production Official,,,Ngapil Baru | Rickie Andrewson | Official Music Video ANP Music Production Official
2026-10-04,my,Malaysia,top_videos_weekly,,11,https://i.ytimg.com/vi/yebNIHKAC4A/mqdefault.jpg,https://www.youtube.com/watch?v=yebNIHKAC4A,Golden,HUNTR/X / EJAE / AUDREY NUNA / REI AMI / KPop Demon Hunters Cast,,,"Golden HUNTR/X , EJAE , AUDREY NUNA , REI AMI & KPop Demon Hunters Cast"
2026-10-04,my,Malaysia,top_videos_weekly,,12,https://i.ytimg.com/vi/1ZsKavQtnWA/mqdefault.jpg,https://www.youtube.com/watch?v=1ZsKavQtnWA,Terbang (Original Soundtrack From Tarung: Unforgiven),Noh Salleh,,,Terbang (Original Soundtrack From Tarung: Unforgiven) Noh Salleh
2026-10-04,my,Malaysia,top_videos_weekly,,13,https://i.ytimg.com/vi/FyS5dAywkEo/mqdefault.jpg,https://www.youtube.com/watch?v=FyS5dAywkEo,SaWaDiKa (Official Music Video),LISA,,,SaWaDiKa (Official Music Video) LISA
2026-10-04,my,Malaysia,top_videos_weekly,,14,https://i.ytimg.com/vi/SeSAwqq_Kpo/mqdefault.jpg,https://www.youtube.com/watch?v=SeSAwqq_Kpo,Kita Lewati Berdua,Overnight,,,Kita Lewati Berdua Overnight
2026-10-04,my,Malaysia,top_videos_weekly,,15,https://i.ytimg.com/vi/jR3rWCBeO6M/mqdefault.jpg,https://www.youtube.com/watch?v=jR3rWCBeO6M,"Radhimaa [From ""Think Indie""]",Asma Teji / Sai Abhyankkar / Vivek / Nargis Teji,,,"Radhimaa [From ""Think Indie""] Asma Teji , Sai Abhyankkar , Vivek & Nargis Teji"
2026-10-04,my,Malaysia,top_videos_weekly,,16,https://i.ytimg.com/vi/YJnbL_AkLF0/mqdefault.jpg,https://www.youtube.com/watch?v=YJnbL_AkLF0,Menjaga Jodoh Orang Lain (Official Lyric Video),Ara Johari,,,Menjaga Jodoh Orang Lain (Official Lyric Video) Ara Johari
2026-10-04,my,Malaysia,top_videos_weekly,,17,https://i.ytimg.com/vi/0VOhIR3bnXY/mqdefault.jpg,https://www.youtube.com/watch?v=0VOhIR3bnXY,ORANG BARU LEBE GACOR,Ecko Show / Juan Reza / CHESYLINO,,,"ORANG BARU LEBE GACOR Ecko Show , Juan Reza & CHESYLINO"
2026-10-04,my,Malaysia,top_videos_weekly,,18,https://i.ytimg.com/vi/fcnDmrtj6Sk/mqdefault.jpg,https://www.youtube.com/watch?v=fcnDmrtj6Sk,Dai Dai,Shakira / Burna Boy,,,Dai Dai Shakira & Burna Boy
2026-10-04,my,Malaysia,top_videos_weekly,,19,https://i.ytimg.com/vi/VR7PK3FPE1Q/mqdefault.jpg,https://www.youtube.com/watch?v=VR7PK3FPE1Q,Jemu,梅,"2月 14, 2021",224145,"19 4 Jemu 梅 2月 14, 2021 23 10 224,145"
2026-10-04,my,Malaysia,top_videos_weekly,,20,https://i.ytimg.com/vi/fLdVq8n-KQg/mqdefault.jpg,https://www.youtube.com/watch?v=fLdVq8n-KQg,Astaga Bercanda,Akbar Chalay / Mingse,,,Astaga Bercanda Akbar Chalay & Mingse
2026-10-04,my,Malaysia,top_videos_weekly,,21,https://i.ytimg.com/vi/Aze7zTyIRtk/mqdefault.jpg,https://www.youtube.com/watch?v=Aze7zTyIRtk,Aura 10/10,Hiphop Tamizha,,,Aura 10/10 Hiphop Tamizha
2026-10-04,my,Malaysia,top_videos_weekly,,22,https://i.ytimg.com/vi/awWKxGftWh4/mqdefault.jpg,https://www.youtube.com/watch?v=awWKxGftWh4,Dunia Yang Nanti,Raim Laode,,,Dunia Yang Nanti Raim Laode
2026-10-04,my,Malaysia,top_videos_weekly,,23,https://i.ytimg.com/vi/kvzCTmwnI-A/mqdefault.jpg,https://www.youtube.com/watch?v=kvzCTmwnI-A,Tiwikarma,K.O.I,"9月 18, 2024",200839,"23 2 Tiwikarma K.O.I 9月 18, 2024 21 9 200,839"
2026-10-04,my,Malaysia,top_videos_weekly,,24,https://i.ytimg.com/vi/-q_S27LbNKU/mqdefault.jpg,https://www.youtube.com/watch?v=-q_S27LbNKU,BAD,ATEEZ,"6月 25, 2026",198329,"24 ● BAD ATEEZ 6月 25, 2026 24 14 198,329"
2026-10-04,my,Malaysia,top_videos_weekly,,25,https://i.ytimg.com/vi/ko70cExuzZM/mqdefault.jpg,https://www.youtube.com/watch?v=ko70cExuzZM,The Fate of Ophelia,Taylor Swift,,,The Fate of Ophelia Taylor Swift
2026-10-04,my,Malaysia,top_videos_weekly,,26,https://i.ytimg.com/vi/jA0gY6P-qmw/mqdefault.jpg,https://www.youtube.com/watch?v=jA0gY6P-qmw,Vibe Venuma - Music Video | Meesaya Murukku 2 | Hiphop Tamizha | VJ Siddhu | Harshath Khan,Saregama Tamil,,,Vibe Venuma - Music Video | Meesaya Murukku 2 | Hiphop Tamizha | VJ Siddhu | Harshath Khan Saregama Tamil
2026-10-04,my,Malaysia,top_videos_weekly,,27,https://i.ytimg.com/vi/s5stGs1ktQc/mqdefault.jpg,https://www.youtube.com/watch?v=s5stGs1ktQc,Romantis (Official Music Video),Spring,,,Romantis (Official Music Video) Spring
2026-10-04,my,Malaysia,top_videos_weekly,,28,https://i.ytimg.com/vi/yvsLPs7l6bY/mqdefault.jpg,https://www.youtube.com/watch?v=yvsLPs7l6bY,Meligai Pengerindu,Igu Anthony,,,Meligai Pengerindu Igu Anthony
2026-10-04,my,Malaysia,top_videos_weekly,,29,https://i.ytimg.com/vi/7r_FyGxxQqQ/mqdefault.jpg,https://www.youtube.com/watch?v=7r_FyGxxQqQ,UGLY,DOLLA,"9月 25, 2026",183393,"28 New UGLY DOLLA 9月 25, 2026 - 1 183,393"
2026-10-04,my,Malaysia,top_videos_weekly,,30,https://i.ytimg.com/vi/7VsejGzcJmM/mqdefault.jpg,https://www.youtube.com/watch?v=7VsejGzcJmM,Alaakaa Loova,Sai Abhyankkar,,,Alaakaa Loova Sai Abhyankkar
2026-10-04,my,Malaysia,top_videos_weekly,,31,https://i.ytimg.com/vi/Ck-Bi-Uw_io/mqdefault.jpg,https://www.youtube.com/watch?v=Ck-Bi-Uw_io,Sedetik Lebih,Anuar Zain,,,Sedetik Lebih Anuar Zain
2026-10-04,my,Malaysia,top_videos_weekly,,32,https://i.ytimg.com/vi/SEiUqNmtIy8/mqdefault.jpg,https://www.youtube.com/watch?v=SEiUqNmtIy8,MERAMPAU - ALEX WAN ( OFFICIAL MUSIC VIDEO,Twin Tone Production Sdn Bhd,,,MERAMPAU - ALEX WAN ( OFFICIAL MUSIC VIDEO ) Twin Tone Production Sdn Bhd
2026-10-04,my,Malaysia,top_videos_weekly,,33,https://i.ytimg.com/vi/zyLmavBAY7k/mqdefault.jpg,https://www.youtube.com/watch?v=zyLmavBAY7k,Teh Hijau,圖魯斯,"7月 10, 2026",170227,"33 2 Teh Hijau 圖魯斯 7月 10, 2026 31 8 170,227"
2026-10-04,my,Malaysia,top_videos_weekly,,34,https://i.ytimg.com/vi/xvT1jH8B9AM/mqdefault.jpg,https://www.youtube.com/watch?v=xvT1jH8B9AM,KALYANI (Remix),ARJN / KDS / FIFTY4 / 舒蕾亞·戈沙爾,,,"KALYANI (Remix) ARJN , KDS , FIFTY4 & 舒蕾亞·戈沙爾"
2026-10-04,my,Malaysia,top_videos_weekly,,35,https://i.ytimg.com/vi/q_VCud5ZQSM/mqdefault.jpg,https://www.youtube.com/watch?v=q_VCud5ZQSM,Bungai Pinang | Rickie Andrewson ( OFFICIAL MV,Assapai Entertainment,,,Bungai Pinang | Rickie Andrewson ( OFFICIAL MV ) Assapai Entertainment
2026-10-04,my,Malaysia,top_videos_weekly,,36,https://i.ytimg.com/vi/OT5msu-dap8/mqdefault.jpg,https://www.youtube.com/watch?v=OT5msu-dap8,Shape Of My Heart,Backstreet Boys,,,Shape Of My Heart Backstreet Boys
2026-10-04,my,Malaysia,top_videos_weekly,,37,https://i.ytimg.com/vi/cmICctnAWCY/mqdefault.jpg,https://www.youtube.com/watch?v=cmICctnAWCY,kota ini tak sama tanpamu,Nadhif Basalamah,,,kota ini tak sama tanpamu Nadhif Basalamah
2026-10-04,my,Malaysia,top_videos_weekly,,38,https://i.ytimg.com/vi/qlFuXWRRsxU/mqdefault.jpg,https://www.youtube.com/watch?v=qlFuXWRRsxU,Jodoh Lebaran,Aisha Retno,,,Jodoh Lebaran Aisha Retno
2026-10-04,my,Malaysia,top_videos_weekly,,39,https://i.ytimg.com/vi/M7oZR-MTEZs/mqdefault.jpg,https://www.youtube.com/watch?v=M7oZR-MTEZs,Iqro',Raim Laode,,,Iqro' Raim Laode
2026-10-04,my,Malaysia,top_videos_weekly,,40,https://i.ytimg.com/vi/lY5V4hSLWY8/mqdefault.jpg,https://www.youtube.com/watch?v=lY5V4hSLWY8,Risk It All,Bruno Mars,,,Risk It All Bruno Mars
2026-10-04,my,Malaysia,top_videos_weekly,,41,https://i.ytimg.com/vi/A_OJzo1LUMI/mqdefault.jpg,https://www.youtube.com/watch?v=A_OJzo1LUMI,Menunggumu,Peterpan,,,Menunggumu Peterpan
2026-10-04,my,Malaysia,top_videos_weekly,,42,https://i.ytimg.com/vi/A7ry4cx6HfY/mqdefault.jpg,https://www.youtube.com/watch?v=A7ry4cx6HfY,So Far Away,七級煉獄,,,So Far Away 七級煉獄
2026-10-04,my,Malaysia,top_videos_weekly,,43,https://i.ytimg.com/vi/OpQFFLBMEPI/mqdefault.jpg,https://www.youtube.com/watch?v=OpQFFLBMEPI,Just Give Me A Reason,P!nk,,,Just Give Me A Reason P!nk
2026-10-04,my,Malaysia,top_videos_weekly,,44,https://i.ytimg.com/vi/yIPX-FNJ9qk/mqdefault.jpg,https://www.youtube.com/watch?v=yIPX-FNJ9qk,Sedia Aku Sebelum Hujan,Idgitaf,,,Sedia Aku Sebelum Hujan Idgitaf
2026-10-04,my,Malaysia,top_videos_weekly,,45,https://i.ytimg.com/vi/b68HETiNO98/mqdefault.jpg,https://www.youtube.com/watch?v=b68HETiNO98,Pavazha Malli,Sai Abhyankkar / Shruti Haasan,,,Pavazha Malli Sai Abhyankkar & Shruti Haasan
2026-10-04,my,Malaysia,top_videos_weekly,,46,https://i.ytimg.com/vi/38_bAaFI41w/mqdefault.jpg,https://www.youtube.com/watch?v=38_bAaFI41w,Don't Force Your Longing,Ifan Seventeen,,,Don't Force Your Longing Ifan Seventeen
2026-10-04,my,Malaysia,top_videos_weekly,,47,https://i.ytimg.com/vi/Nskf70DMR60/mqdefault.jpg,https://www.youtube.com/watch?v=Nskf70DMR60,Sesi Potret,eńau,,,Sesi Potret eńau
2026-10-04,my,Malaysia,top_videos_weekly,,48,https://i.ytimg.com/vi/pyi0ZfuIIvo/mqdefault.jpg,https://www.youtube.com/watch?v=pyi0ZfuIIvo,I Don't Love You,我的另類羅曼史,,,I Don't Love You 我的另類羅曼史
2026-10-04,my,Malaysia,top_videos_weekly,,49,https://i.ytimg.com/vi/m3h0gf_MaJs/mqdefault.jpg,https://www.youtube.com/watch?v=m3h0gf_MaJs,Romancinta,MOJO,"10月 13, 2013",134667,"49 9 Romancinta MOJO 10月 13, 2013 40 24 134,667"
2026-10-04,my,Malaysia,top_videos_weekly,,50,https://i.ytimg.com/vi/iSvkroCvfWU/mqdefault.jpg,https://www.youtube.com/watch?v=iSvkroCvfWU,Persada Cintaku,Spring,,,Persada Cintaku Spring
2026-10-04,my,Malaysia,top_videos_weekly,,51,https://i.ytimg.com/vi/irbo1z4nQRY/mqdefault.jpg,https://www.youtube.com/watch?v=irbo1z4nQRY,Cintamu Mekar Di Hati,May,,,Cintamu Mekar Di Hati May
2026-10-04,my,Malaysia,top_videos_weekly,,52,https://i.ytimg.com/vi/IWYt2NKAldE/mqdefault.jpg,https://www.youtube.com/watch?v=IWYt2NKAldE,Ayah Ibu 2.0,Harry / Mizan,,,Ayah Ibu 2.0 Harry & Mizan
2026-10-04,my,Malaysia,top_videos_weekly,,53,https://i.ytimg.com/vi/7WNlDmUN-mc/mqdefault.jpg,https://www.youtube.com/watch?v=7WNlDmUN-mc,Percuma,Mahalini,,,Percuma Mahalini
2026-10-04,my,Malaysia,top_videos_weekly,,54,https://i.ytimg.com/vi/eJXL4-4m5nY/mqdefault.jpg,https://www.youtube.com/watch?v=eJXL4-4m5nY,BTS (방탄소년단) ‘Merry Go Round’ Official MV,防彈少年團,,,BTS (방탄소년단) ‘Merry Go Round’ Official MV 防彈少年團
2026-10-04,my,Malaysia,top_videos_weekly,,55,https://i.ytimg.com/vi/82-jTNka3uc/mqdefault.jpg,https://www.youtube.com/watch?v=82-jTNka3uc,hate that i made you love me,Ariana Grande,,,hate that i made you love me Ariana Grande
2026-10-04,my,Malaysia,top_videos_weekly,,56,https://i.ytimg.com/vi/zjxO40VrMZA/mqdefault.jpg,https://www.youtube.com/watch?v=zjxO40VrMZA,Jiwa Yang Mengalah,Bellestrelle,,,Jiwa Yang Mengalah Bellestrelle
2026-10-04,my,Malaysia,top_videos_weekly,,57,https://i.ytimg.com/vi/0SbnqsQInqE/mqdefault.jpg,https://www.youtube.com/watch?v=0SbnqsQInqE,MUTIARA,Ipank / Kintani,,,MUTIARA Ipank & Kintani
2026-10-04,my,Malaysia,top_videos_weekly,,58,https://i.ytimg.com/vi/mzX0rhF8buo/mqdefault.jpg,https://www.youtube.com/watch?v=mzX0rhF8buo,Dear God,七級煉獄,"10月 29, 2009",119614,"58 New Dear God 七級煉獄 10月 29, 2009 - 1 119,614"
2026-10-04,my,Malaysia,top_videos_weekly,,59,https://i.ytimg.com/vi/BHwcpWwnEls/mqdefault.jpg,https://www.youtube.com/watch?v=BHwcpWwnEls,Cuba Jadi Aku,Nadeera,,,Cuba Jadi Aku Nadeera
2026-10-04,my,Malaysia,top_videos_weekly,,60,https://i.ytimg.com/vi/x6_mbnsh6VU/mqdefault.jpg,https://www.youtube.com/watch?v=x6_mbnsh6VU,STORM I & II,Gener8ion / Yung Lean,,,STORM I & II Gener8ion & Yung Lean
2026-10-04,my,Malaysia,top_videos_weekly,,61,https://i.ytimg.com/vi/eB-IK2wPWzw/mqdefault.jpg,https://www.youtube.com/watch?v=eB-IK2wPWzw,BAD,ATEEZ,"8月 1, 2026",115090,"61 3 BAD ATEEZ 8月 1, 2026 64 5 115,090"
2026-10-04,my,Malaysia,top_videos_weekly,,62,https://i.ytimg.com/vi/fwK7ggA3-bU/mqdefault.jpg,https://www.youtube.com/watch?v=fwK7ggA3-bU,One More Night,Maroon 5,,,One More Night Maroon 5
2026-10-04,my,Malaysia,top_videos_weekly,,63,https://i.ytimg.com/vi/_gO_csyMKK0/mqdefault.jpg,https://www.youtube.com/watch?v=_gO_csyMKK0,Kerana Terluka,Nurul,,,Kerana Terluka Nurul
2026-10-04,my,Malaysia,top_videos_weekly,,64,https://i.ytimg.com/vi/dAevFxbfqkU/mqdefault.jpg,https://www.youtube.com/watch?v=dAevFxbfqkU,Syahriyadi - Gadis Manis Kalimantan (Official Music Video),Syahriadi,,,Syahriyadi - Gadis Manis Kalimantan (Official Music Video) Syahriadi
2026-10-04,my,Malaysia,top_videos_weekly,,65,https://i.ytimg.com/vi/78BUQPB8Z-c/mqdefault.jpg,https://www.youtube.com/watch?v=78BUQPB8Z-c,Goindhamma,Hiphop Tamizha / Gana Sudhakar / Gana Vinoth / 高什克·克里希 / Gana Ulagam Dharani,,,"Goindhamma Hiphop Tamizha , Gana Sudhakar , Gana Vinoth , 高什克·克里希 & Gana Ulagam Dharani"
2026-10-04,my,Malaysia,top_videos_weekly,,66,https://i.ytimg.com/vi/prmmCg5bKxA/mqdefault.jpg,https://www.youtube.com/watch?v=prmmCg5bKxA,Eenie Meenie,Sean Kingston / Justin Bieber,,,Eenie Meenie Sean Kingston & Justin Bieber
2026-10-04,my,Malaysia,top_videos_weekly,,67,https://i.ytimg.com/vi/eVTXPUF4Oz4/mqdefault.jpg,https://www.youtube.com/watch?v=eVTXPUF4Oz4,In the End,Linkin Park,,,In the End Linkin Park
2026-10-04,my,Malaysia,top_videos_weekly,,68,https://i.ytimg.com/vi/s_w6P5aWVgc/mqdefault.jpg,https://www.youtube.com/watch?v=s_w6P5aWVgc,Punca,Sofazr SecondPlan,,,Punca Sofazr SecondPlan
2026-10-04,my,Malaysia,top_videos_weekly,,69,https://i.ytimg.com/vi/3Rotnxj-IOM/mqdefault.jpg,https://www.youtube.com/watch?v=3Rotnxj-IOM,2027 Angeline阿妮｜福氣｜Official 4k MV｜阿妮音樂課室學生,Angeline阿妮,,2027,2027 Angeline阿妮｜福气｜Official 4k MV｜阿妮音樂課室学生 Angeline阿妮
2026-10-04,my,Malaysia,top_videos_weekly,,70,https://i.ytimg.com/vi/vlXSt0sj8XM/mqdefault.jpg,https://www.youtube.com/watch?v=vlXSt0sj8XM,Takkan Pernah,Hussain,,,Takkan Pernah Hussain
2026-10-04,my,Malaysia,top_videos_weekly,,71,https://i.ytimg.com/vi/75aBKInkybs/mqdefault.jpg,https://www.youtube.com/watch?v=75aBKInkybs,Tentang Rindu,Virzha,,,Tentang Rindu Virzha
2026-10-04,my,Malaysia,top_videos_weekly,,72,https://i.ytimg.com/vi/Lufa9QAFFeY/mqdefault.jpg,https://www.youtube.com/watch?v=Lufa9QAFFeY,new trick,ROSÉ,"9月 17, 2026",101937,"72 70 new trick ROSÉ 9月 17, 2026 2 2 101,937"
2026-10-04,my,Malaysia,top_videos_weekly,,73,https://i.ytimg.com/vi/Wh66ThpxvI4/mqdefault.jpg,https://www.youtube.com/watch?v=Wh66ThpxvI4,Sisa Rasa,Mahalini,,,Sisa Rasa Mahalini
2026-10-04,my,Malaysia,top_videos_weekly,,74,https://i.ytimg.com/vi/XXYlFuWEuKI/mqdefault.jpg,https://www.youtube.com/watch?v=XXYlFuWEuKI,Save Your Tears,The Weeknd,,,Save Your Tears The Weeknd
2026-10-04,my,Malaysia,top_videos_weekly,,75,https://i.ytimg.com/vi/qoq8B8ThgEM/mqdefault.jpg,https://www.youtube.com/watch?v=qoq8B8ThgEM,Tujh Mein Rab Dikhta Hai,Roopkumar Rathod,,,Tujh Mein Rab Dikhta Hai Roopkumar Rathod
2026-10-04,my,Malaysia,top_videos_weekly,,76,https://i.ytimg.com/vi/-sRB7kIJ2uw/mqdefault.jpg,https://www.youtube.com/watch?v=-sRB7kIJ2uw,Aku Diam Aku Tahu,Andak_13Ai,,,Aku Diam Aku Tahu Andak_13Ai
2026-10-04,my,Malaysia,top_videos_weekly,,77,https://i.ytimg.com/vi/G4NopmC6zFU/mqdefault.jpg,https://www.youtube.com/watch?v=G4NopmC6zFU,Cukup Sampai Sini,Nabila Razali,,,Cukup Sampai Sini Nabila Razali
2026-10-04,my,Malaysia,top_videos_weekly,,78,https://i.ytimg.com/vi/jmIBoQ2lbgQ/mqdefault.jpg,https://www.youtube.com/watch?v=jmIBoQ2lbgQ,Jung Jung Inai,Iman Troye / Asslahierah / XO House,,,"Jung Jung Inai Iman Troye , Asslahierah & XO House"
2026-10-04,my,Malaysia,top_videos_weekly,,79,https://i.ytimg.com/vi/fMiH9F7O9eM/mqdefault.jpg,https://www.youtube.com/watch?v=fMiH9F7O9eM,Tak Adil,Aisha Retno,,,Tak Adil Aisha Retno
2026-10-04,my,Malaysia,top_videos_weekly,,80,https://i.ytimg.com/vi/XFkzRNyygfk/mqdefault.jpg,https://www.youtube.com/watch?v=XFkzRNyygfk,Creep,Radiohead,"7月 18, 2008",97253,"80 3 Creep Radiohead 7月 18, 2008 83 9 97,253"
2026-10-04,my,Malaysia,top_videos_weekly,,81,https://i.ytimg.com/vi/IRCRsgXGXXM/mqdefault.jpg,https://www.youtube.com/watch?v=IRCRsgXGXXM,"Garah - Hael Husaini, MimiFly (Official Music Video)",Rocketfuel Network,,,"Garah - Hael Husaini, MimiFly (Official Music Video) Rocketfuel Network"
2026-10-04,my,Malaysia,top_videos_weekly,,82,https://i.ytimg.com/vi/TaTMWXupXp4/mqdefault.jpg,https://www.youtube.com/watch?v=TaTMWXupXp4,Janji Suci,Aiman Junaidi,,,Janji Suci Aiman Junaidi
2026-10-04,my,Malaysia,top_videos_weekly,,83,https://i.ytimg.com/vi/P6PtzefVUjM/mqdefault.jpg,https://www.youtube.com/watch?v=P6PtzefVUjM,eńau feat Ari Lesmana - Sesi Potret (Lyrics Video),poplover,,,eńau feat Ari Lesmana - Sesi Potret (Lyrics Video) poplover
2026-10-04,my,Malaysia,top_videos_weekly,,84,https://i.ytimg.com/vi/NIDh_hqRbLI/mqdefault.jpg,https://www.youtube.com/watch?v=NIDh_hqRbLI,Rahsia Tuhan,Noh Salleh,,,Rahsia Tuhan Noh Salleh
2026-10-04,my,Malaysia,top_videos_weekly,,85,https://i.ytimg.com/vi/uelHwf8o7_U/mqdefault.jpg,https://www.youtube.com/watch?v=uelHwf8o7_U,Love The Way You Lie,Eminem,,,Love The Way You Lie Eminem
2026-10-04,my,Malaysia,top_videos_weekly,,86,https://i.ytimg.com/vi/FB5-rPa5wBA/mqdefault.jpg,https://www.youtube.com/watch?v=FB5-rPa5wBA,玻璃,Gareth.T,"5月 20, 2026",94733,"86 5 玻璃 Gareth.T 5月 20, 2026 91 14 94,733"
2026-10-04,my,Malaysia,top_videos_weekly,,87,https://i.ytimg.com/vi/N6O2ncUKvlg/mqdefault.jpg,https://www.youtube.com/watch?v=N6O2ncUKvlg,Just A Dream,Nelly,,,Just A Dream Nelly
2026-10-04,my,Malaysia,top_videos_weekly,,88,https://i.ytimg.com/vi/3YxaaGgTQYM/mqdefault.jpg,https://www.youtube.com/watch?v=3YxaaGgTQYM,Bring Me To Life,Evanescence,,,Bring Me To Life Evanescence
2026-10-04,my,Malaysia,top_videos_weekly,,89,https://i.ytimg.com/vi/9h9a5UgUruA/mqdefault.jpg,https://www.youtube.com/watch?v=9h9a5UgUruA,Aku Takut,Repvblik,,,Aku Takut Repvblik
2026-10-04,my,Malaysia,top_videos_weekly,,90,https://i.ytimg.com/vi/vCIpDmRvBcM/mqdefault.jpg,https://www.youtube.com/watch?v=vCIpDmRvBcM,Doaku Untukmu Sayang,Wali,,,Doaku Untukmu Sayang Wali
2026-10-04,my,Malaysia,top_videos_weekly,,91,https://i.ytimg.com/vi/xy-fXgeA39w/mqdefault.jpg,https://www.youtube.com/watch?v=xy-fXgeA39w,Kau Yang Bernama Seri,Handy Black,,,Kau Yang Bernama Seri Handy Black
2026-10-04,my,Malaysia,top_videos_weekly,,92,https://i.ytimg.com/vi/v1t4MTqdfyI/mqdefault.jpg,https://www.youtube.com/watch?v=v1t4MTqdfyI,hate that i made you love me,Ariana Grande,,,hate that i made you love me Ariana Grande
2026-10-04,my,Malaysia,top_videos_weekly,,93,https://i.ytimg.com/vi/bMhDJ0S0OBA/mqdefault.jpg,https://www.youtube.com/watch?v=bMhDJ0S0OBA,It's Me,ILLIT,"4月 30, 2026",91577,"93 11 It's Me ILLIT 4月 30, 2026 82 20 91,577"
2026-10-04,my,Malaysia,top_videos_weekly,,94,https://i.ytimg.com/vi/m7k9UMcHbr0/mqdefault.jpg,https://www.youtube.com/watch?v=m7k9UMcHbr0,"KATSEYE (캣츠아이) ""Animal"" Official MV",KATSEYE,,,"KATSEYE (캣츠아이) ""Animal"" Official MV KATSEYE"
2026-10-04,my,Malaysia,top_videos_weekly,,95,https://i.ytimg.com/vi/SOJpE1KMUbo/mqdefault.jpg,https://www.youtube.com/watch?v=SOJpE1KMUbo,Raindance,戴夫 / Tems,,,Raindance 戴夫 & Tems
2026-10-04,my,Malaysia,top_videos_weekly,,96,https://i.ytimg.com/vi/mQUek1GYfvs/mqdefault.jpg,https://www.youtube.com/watch?v=mQUek1GYfvs,對等關係,李榮浩,"1月 27, 2022",90739,"96 New 對等關係 李榮浩 1月 27, 2022 - 1 90,739"
2026-10-04,my,Malaysia,top_videos_weekly,,97,https://i.ytimg.com/vi/QxWoYkrgpJE/mqdefault.jpg,https://www.youtube.com/watch?v=QxWoYkrgpJE,Nallaru po,Tippu / Sai Abhyankkar,,,Nallaru po Tippu & Sai Abhyankkar
2026-10-04,my,Malaysia,top_videos_weekly,,98,https://i.ytimg.com/vi/ptwUYrguUI8/mqdefault.jpg,https://www.youtube.com/watch?v=ptwUYrguUI8,Pesamale - Official Music Video Song | Siri Xander | Arra Aria Khayal |Tamil Indie Pop,Siri Xander / Arra Aria Khayal,,,Pesamale - Official Music Video Song | Siri Xander | Arra Aria Khayal |Tamil Indie Pop Siri Xander & Arra Aria Khayal
2026-10-04,my,Malaysia,top_videos_weekly,,99,https://i.ytimg.com/vi/Q3bFaJVLlb0/mqdefault.jpg,https://www.youtube.com/watch?v=Q3bFaJVLlb0,ဤသို့ပြုရ,Theinkpan Htun,,,ဤသို့ပြုရ Theinkpan Htun
2026-10-04,my,Malaysia,top_videos_weekly,,100,https://i.ytimg.com/vi/2GRP1rkE4O0/mqdefault.jpg,https://www.youtube.com/watch?v=2GRP1rkE4O0,BIGBANG - BLUE M/V,BIGBANG,,,BIGBANG - BLUE M/V BIGBANG