captured_date,market,market_name,chart,period_suffix,rank,image_url,primary_name,secondary_name,release_date,metric_value,raw_text
2026-09-11,global,Global,top_videos_weekly,,1,https://i.ytimg.com/vi/fcnDmrtj6Sk/mqdefault.jpg,Dai Dai,Shakira / Burna Boy,,,Dai Dai Shakira & Burna Boy
2026-09-11,global,Global,top_videos_weekly,,2,https://i.ytimg.com/vi/JqFzhcWo3EU/mqdefault.jpg,"Yeshanagula (From ""The Paradise"") (Telugu)",Jangi Reddy / Singer Prabha / 希厄姆·卡莎拉 / Anirudh Ravichander,,,"Yeshanagula (From ""The Paradise"") (Telugu) Jangi Reddy , Singer Prabha , 希厄姆·卡莎拉 & Anirudh Ravichander"
2026-09-11,global,Global,top_videos_weekly,,3,https://i.ytimg.com/vi/xvT1jH8B9AM/mqdefault.jpg,KALYANI (Remix),ARJN / KDS / FIFTY4 / 舒蕾亞·戈沙爾,,,"KALYANI (Remix) ARJN , KDS , FIFTY4 & 舒蕾亞·戈沙爾"
2026-09-11,global,Global,top_videos_weekly,,4,https://i.ytimg.com/vi/jZEA2mMwL1k/mqdefault.jpg,Mutta Kalakki,Ken Karunaas,,,Mutta Kalakki Ken Karunaas
2026-09-11,global,Global,top_videos_weekly,,5,https://i.ytimg.com/vi/vSA7yMrTETg/mqdefault.jpg,Xamdam Sobirov - Peshta / Хамдам Собиров - Пешта / Video Klip,Xamdam Sobirov,,,Xamdam Sobirov - Peshta / Хамдам Собиров - Пешта / Video Klip Xamdam Sobirov
2026-09-11,global,Global,top_videos_weekly,,6,https://i.ytimg.com/vi/s466YCiHfKw/mqdefault.jpg,FALLEN ANGEL (Official Video),JENNIE,,,FALLEN ANGEL (Official Video) JENNIE
2026-09-11,global,Global,top_videos_weekly,,7,https://i.ytimg.com/vi/is8UDe2PhKQ/mqdefault.jpg,KATSEYE (캣츠아이) 'Hootie Frutti' Official MV,KATSEYE,,,KATSEYE (캣츠아이) 'Hootie Frutti' Official MV KATSEYE
2026-09-11,global,Global,top_videos_weekly,,8,https://i.ytimg.com/vi/yebNIHKAC4A/mqdefault.jpg,Golden,HUNTR/X / EJAE / AUDREY NUNA / REI AMI / KPop Demon Hunters Cast,,,"Golden HUNTR/X , EJAE , AUDREY NUNA , REI AMI & KPop Demon Hunters Cast"
2026-09-11,global,Global,top_videos_weekly,,9,https://i.ytimg.com/vi/A_RV2H2F9jw/mqdefault.jpg,Basinga Balaalu,Srinidhi Nerella / Kalyan Keys / Swamy Naresh,,,"Basinga Balaalu Srinidhi Nerella , Kalyan Keys & Swamy Naresh"
2026-09-11,global,Global,top_videos_weekly,,10,https://i.ytimg.com/vi/6rvUyBiBtik/mqdefault.jpg,Tera Mera Rishta,Sayeed Quadri / Mustafa Zahid / Pritam,,,"Tera Mera Rishta Sayeed Quadri , Mustafa Zahid & Pritam"
2026-09-11,global,Global,top_videos_weekly,,11,https://i.ytimg.com/vi/g9Q58A_k-HU/mqdefault.jpg,BORN DIRE,ALPHA DRIVE ONE,,,BORN DIRE ALPHA DRIVE ONE
2026-09-11,global,Global,top_videos_weekly,,12,https://i.ytimg.com/vi/jR3rWCBeO6M/mqdefault.jpg,"Radhimaa (From ""Think Indie"")",Asma Teji / Sai Abhyankkar / Vivek / Nargis Teji,,,"Radhimaa (From ""Think Indie"") Asma Teji , Sai Abhyankkar , Vivek & Nargis Teji"
2026-09-11,global,Global,top_videos_weekly,,13,https://i.ytimg.com/vi/YyepU5ztLf4/mqdefault.jpg,Shararat,Madhubanti Bagchi / 雅斯文·桑德拉斯 / 沙赫瓦特·薩赫迪夫,,,"Shararat Madhubanti Bagchi , 雅斯文·桑德拉斯 & 沙赫瓦特·薩赫迪夫"
2026-09-11,global,Global,top_videos_weekly,,14,https://i.ytimg.com/vi/u9BdaJTWeiw/mqdefault.jpg,Barbaadi,Shilpi Raj,,,Barbaadi Shilpi Raj
2026-09-11,global,Global,top_videos_weekly,,15,https://i.ytimg.com/vi/ebZj_nrmH-c/mqdefault.jpg,Barsaat,Banjaare / Roni,,,Barsaat Banjaare & Roni
2026-09-11,global,Global,top_videos_weekly,,16,https://i.ytimg.com/vi/1zZQa0-QQIA/mqdefault.jpg,SAUCIN',NEXZ,"8月 24, 2026",11357919,"16 New SAUCIN' NEXZ 8月 24, 2026 - 1 11,357,919"
2026-09-11,global,Global,top_videos_weekly,,17,https://i.ytimg.com/vi/m7k9UMcHbr0/mqdefault.jpg,"KATSEYE (캣츠아이) ""Animal"" Official MV",KATSEYE,,,"KATSEYE (캣츠아이) ""Animal"" Official MV KATSEYE"
2026-09-11,global,Global,top_videos_weekly,,18,https://i.ytimg.com/vi/s2HYl12gmOY/mqdefault.jpg,Parvati,Sadhu Tiwari,,,Parvati Sadhu Tiwari
2026-09-11,global,Global,top_videos_weekly,,19,https://i.ytimg.com/vi/69L-nKRY3ac/mqdefault.jpg,Sebebi Yar,Blok3,,,Sebebi Yar Blok3
2026-09-11,global,Global,top_videos_weekly,,20,https://i.ytimg.com/vi/8F2s8ivKXNY/mqdefault.jpg,Life Goes On,Oliver Tree,,,Life Goes On Oliver Tree
2026-09-11,global,Global,top_videos_weekly,,21,https://i.ytimg.com/vi/kwwdY1bp-Ck/mqdefault.jpg,Todo Lo Fue,Lenin Ramirez,,,Todo Lo Fue Lenin Ramirez
2026-09-11,global,Global,top_videos_weekly,,22,https://i.ytimg.com/vi/5Y3a06rJjoU/mqdefault.jpg,Garee2a Awy (Live),TUL8TE,,,Garee2a Awy (Live) TUL8TE
2026-09-11,global,Global,top_videos_weekly,,23,https://i.ytimg.com/vi/q2IMrkhSjSA/mqdefault.jpg,ÇOK GÜZEL GÜLÜYORSUN,Blok3 / Poizi,,,ÇOK GÜZEL GÜLÜYORSUN Blok3 & Poizi
2026-09-11,global,Global,top_videos_weekly,,24,https://i.ytimg.com/vi/QnQnz9G2LNw/mqdefault.jpg,MALLEPOOLA PALLAKI (Song) | Ravi Teja | GV Prakash | Dappu Srinu | Shiva Nirvana | Irumudi,T-Series Telugu,,,MALLEPOOLA PALLAKI (Song) | Ravi Teja | GV Prakash | Dappu Srinu | Shiva Nirvana | Irumudi T-Series Telugu
2026-09-11,global,Global,top_videos_weekly,,25,https://i.ytimg.com/vi/fRIhCiUVaKs/mqdefault.jpg,BbY WOW (Visualizer),Judeline / rusowsky,,,BbY WOW (Visualizer) Judeline & rusowsky
2026-09-11,global,Global,top_videos_weekly,,26,https://i.ytimg.com/vi/3DcoC8p9az8/mqdefault.jpg,Training Season (Live),Dua Lipa,,,Training Season (Live) Dua Lipa
2026-09-11,global,Global,top_videos_weekly,,27,https://i.ytimg.com/vi/oafxkMv4xnc/mqdefault.jpg,Bairan,Banjaare,"2月 13, 2026",9336155,"27 1 Bairan Banjaare 2月 13, 2026 28 26 9,336,155"
2026-09-11,global,Global,top_videos_weekly,,28,https://i.ytimg.com/vi/OQac93ARgQE/mqdefault.jpg,Nano,Saint Levant / TUL8TE,,,Nano Saint Levant & TUL8TE
2026-09-11,global,Global,top_videos_weekly,,29,https://i.ytimg.com/vi/2gXNDr_6FcE/mqdefault.jpg,Irumudi Kattu,Shiva Nirvana / G.V. Prakash Kumar / Kalyan Chakravarthy Tripuraneni / Ananthu,,,"Irumudi Kattu Shiva Nirvana , G.V. Prakash Kumar , Kalyan Chakravarthy Tripuraneni & Ananthu"
2026-09-11,global,Global,top_videos_weekly,,30,https://i.ytimg.com/vi/bP8ATWCvqzw/mqdefault.jpg,Arz Kiya Hai,Anuv Jain,,,Arz Kiya Hai Anuv Jain
2026-09-11,global,Global,top_videos_weekly,,31,https://i.ytimg.com/vi/aRNfSqsgrgE/mqdefault.jpg,Sheesha,Mitta Ror / Swara Verma,,,Sheesha Mitta Ror & Swara Verma
2026-09-11,global,Global,top_videos_weekly,,32,https://i.ytimg.com/vi/vutbVGewIcg/mqdefault.jpg,Las Mas Bonitas Son P*tas,Anuel AA,,,Las Mas Bonitas Son P*tas Anuel AA
2026-09-11,global,Global,top_videos_weekly,,33,https://i.ytimg.com/vi/cRgrrrdqbLM/mqdefault.jpg,अफीम (Official Video) #Khesari Lal Yadav | Kangana Sharma | #Shilpi Raj | Afeem | New #Bhojpuri Song,Wave Music,,,अफीम (Official Video) #Khesari Lal Yadav | Kangana Sharma | #Shilpi Raj | Afeem | New #Bhojpuri Song Wave Music
2026-09-11,global,Global,top_videos_weekly,,34,https://i.ytimg.com/vi/A7ShtPRP2Mc/mqdefault.jpg,Kayıp Kalp,Blok3,,,Kayıp Kalp Blok3
2026-09-11,global,Global,top_videos_weekly,,35,https://i.ytimg.com/vi/RO75uUZiAw0/mqdefault.jpg,Teh Hijau,圖魯斯,"6月 29, 2026",8530140,"35 16 Teh Hijau 圖魯斯 6月 29, 2026 51 8 8,530,140"
2026-09-11,global,Global,top_videos_weekly,,36,https://i.ytimg.com/vi/b68HETiNO98/mqdefault.jpg,Pavazha Malli,Sai Abhyankkar / Shruti Haasan,,,Pavazha Malli Sai Abhyankkar & Shruti Haasan
2026-09-11,global,Global,top_videos_weekly,,37,https://i.ytimg.com/vi/WT-wrwlN144/mqdefault.jpg,YAALALO YAALALO Lyrical | Irumudi | Ravi Teja | GV Prakash | Hesham | Shiva Nirvana,Hesham Abdul Wahab / Sadhika K R / Balaji Venugopal / G.V. Prakash Kumar,,,"YAALALO YAALALO Lyrical | Irumudi | Ravi Teja | GV Prakash | Hesham | Shiva Nirvana Hesham Abdul Wahab , Sadhika K R , Balaji Venugopal & G.V. Prakash Kumar"
2026-09-11,global,Global,top_videos_weekly,,38,https://i.ytimg.com/vi/F2m4HPLvj-4/mqdefault.jpg,Jaiye Sajana,雅斯文·桑德拉斯 / 施廷德·薩爾塔 / 沙赫瓦特·薩赫迪夫,,,"Jaiye Sajana 雅斯文·桑德拉斯 , 施廷德·薩爾塔 & 沙赫瓦特·薩赫迪夫"
2026-09-11,global,Global,top_videos_weekly,,39,https://www.youtube.com/s/charts/images/top_videos.png,1 目前無資料,,"1月 1, 1970",8242721,"39 1 目前無資料 1月 1, 1970 40 3 8,242,721"
2026-09-11,global,Global,top_videos_weekly,,40,https://i.ytimg.com/vi/7w7LUaLpM4E/mqdefault.jpg,MALLEPOOLA PALLAKI 8K VIDEO | RAVI TEJA | GV PRAKASH | DAPPU SRINU | IRUMUDI | AYYAPPA SONG,Sunkara Anjaneyulu / Yugabharathi / G.V. Prakash Kumar / Velmurugan,,,"MALLEPOOLA PALLAKI 8K VIDEO | RAVI TEJA | GV PRAKASH | DAPPU SRINU | IRUMUDI | AYYAPPA SONG Sunkara Anjaneyulu , Yugabharathi , G.V. Prakash Kumar & Velmurugan"
2026-09-11,global,Global,top_videos_weekly,,41,https://i.ytimg.com/vi/46h0LvDHgIs/mqdefault.jpg,SUN KISS,TUIDE,"8月 24, 2026",8167512,"41 13 SUN KISS TUIDE 8月 24, 2026 54 2 8,167,512"
2026-09-11,global,Global,top_videos_weekly,,42,https://i.ytimg.com/vi/-FBwd9cWJoQ/mqdefault.jpg,Kırgınım,Blok3,"6月 4, 2026",8128652,"42 3 Kırgınım Blok3 6月 4, 2026 39 13 8,128,652"
2026-09-11,global,Global,top_videos_weekly,,43,https://i.ytimg.com/vi/27C4pfRsf9g/mqdefault.jpg,ICONIC BY MISTAKE,LE SSERAFIM / ILLIT / KATSEYE,,,"ICONIC BY MISTAKE LE SSERAFIM , ILLIT & KATSEYE"
2026-09-11,global,Global,top_videos_weekly,,44,https://i.ytimg.com/vi/ZvXN0TcZLfQ/mqdefault.jpg,Fortuner,Raj Mawar / Ruchika Jangid,,,Fortuner Raj Mawar & Ruchika Jangid
2026-09-11,global,Global,top_videos_weekly,,45,https://i.ytimg.com/vi/cL0KKSPjZf8/mqdefault.jpg,Boom Shaka,KR$NA / Dhanda Nyoliwala,,,Boom Shaka KR$NA & Dhanda Nyoliwala
2026-09-11,global,Global,top_videos_weekly,,46,https://i.ytimg.com/vi/2yreX_ZCfgM/mqdefault.jpg,Peão Todo Tatuado,Mariana Fagundes / jeninho,,,Peão Todo Tatuado Mariana Fagundes & jeninho
2026-09-11,global,Global,top_videos_weekly,,47,https://i.ytimg.com/vi/0pg0raFMNIU/mqdefault.jpg,Toz Pembe,manifest,,,Toz Pembe manifest
2026-09-11,global,Global,top_videos_weekly,,48,https://i.ytimg.com/vi/bMhDJ0S0OBA/mqdefault.jpg,It's Me,ILLIT,"4月 30, 2026",7316460,"48 7 It's Me ILLIT 4月 30, 2026 41 18 7,316,460"
2026-09-11,global,Global,top_videos_weekly,,49,https://i.ytimg.com/vi/HHv5RZpvbV4/mqdefault.jpg,show time...,Snow Man,,,show time... Snow Man
2026-09-11,global,Global,top_videos_weekly,,50,https://i.ytimg.com/vi/23cipSExADA/mqdefault.jpg,เพราะพี่รักจริง,หนึ่ง บีเคแบนด์,,,เพราะพี่รักจริง หนึ่ง บีเคแบนด์
2026-09-11,global,Global,top_videos_weekly,,51,https://i.ytimg.com/vi/I-5e_J3LWS8/mqdefault.jpg,AH HA,Cardi B,"8月 27, 2026",7153549,"51 New AH HA Cardi B 8月 27, 2026 - 1 7,153,549"
2026-09-11,global,Global,top_videos_weekly,,52,https://i.ytimg.com/vi/UH21OnJwxZE/mqdefault.jpg,PHƯƠNG MỸ CHI x DTAP | 'THIÊN ĐƯỜNG VỚI NGƯỜI THƯƠNG' | OFFICIAL MUSIC VIDEO,Phương Mỹ Chi,,,PHƯƠNG MỸ CHI x DTAP | 'THIÊN ĐƯỜNG VỚI NGƯỜI THƯƠNG' | OFFICIAL MUSIC VIDEO Phương Mỹ Chi
2026-09-11,global,Global,top_videos_weekly,,53,https://i.ytimg.com/vi/9dV6Hl2u3vM/mqdefault.jpg,Neno Butterfly,Sublahshini / G.V. Prakash Kumar,,,Neno Butterfly Sublahshini & G.V. Prakash Kumar
2026-09-11,global,Global,top_videos_weekly,,54,https://i.ytimg.com/vi/oRdxUFDoQe0/mqdefault.jpg,Beat It,Michael Jackson,,,Beat It Michael Jackson
2026-09-11,global,Global,top_videos_weekly,,55,https://i.ytimg.com/vi/C1LN4cWjMl0/mqdefault.jpg,Pattampoochi,Sublahshini / G.V. Prakash Kumar,,,Pattampoochi Sublahshini & G.V. Prakash Kumar
2026-09-11,global,Global,top_videos_weekly,,56,https://i.ytimg.com/vi/TX-1dI8t6WM/mqdefault.jpg,AMOR,Emmanuel Cortes,,,AMOR Emmanuel Cortes
2026-09-11,global,Global,top_videos_weekly,,57,https://i.ytimg.com/vi/FboTyBsFZQs/mqdefault.jpg,Donde Hubo Fuego Cenizas Quedan,Anuel AA,,,Donde Hubo Fuego Cenizas Quedan Anuel AA
2026-09-11,global,Global,top_videos_weekly,,58,https://i.ytimg.com/vi/Md7kqHsWWs4/mqdefault.jpg,Six Seven,Laurinha Costa / SoundMusic Original / Dj Cabello / Dj Tchouzen,,,"Six Seven Laurinha Costa , SoundMusic Original , Dj Cabello & Dj Tchouzen"
2026-09-11,global,Global,top_videos_weekly,,59,https://i.ytimg.com/vi/z5y8Clp_TdE/mqdefault.jpg,KALYANI (Remix),舒蕾亞·戈沙爾 / ARJN / FIFTY4 / KDS,,,"KALYANI (Remix) 舒蕾亞·戈沙爾 , ARJN , FIFTY4 & KDS"
2026-09-11,global,Global,top_videos_weekly,,60,https://i.ytimg.com/vi/h_D3VFfhvs4/mqdefault.jpg,Smooth Criminal,Michael Jackson,,,Smooth Criminal Michael Jackson
2026-09-11,global,Global,top_videos_weekly,,61,https://i.ytimg.com/vi/-1SgFHqxjlw/mqdefault.jpg,SxyCip - Love All Day (Official Music Video),SxyCip,,,SxyCip - Love All Day (Official Music Video) SxyCip
2026-09-11,global,Global,top_videos_weekly,,62,https://i.ytimg.com/vi/jWh-7JGuxTo/mqdefault.jpg,Ara Beni,荷黛絲·阿奇高茲,,,Ara Beni 荷黛絲·阿奇高茲
2026-09-11,global,Global,top_videos_weekly,,63,https://i.ytimg.com/vi/MT-4Bk1Lw8g/mqdefault.jpg,Bloody Paradise,ENHYPEN,,,Bloody Paradise ENHYPEN
2026-09-11,global,Global,top_videos_weekly,,64,https://i.ytimg.com/vi/I_46tPHvVOw/mqdefault.jpg,DICHAVATE,Ya Ice Dilan / Rey Tony / Helabusador / JipMusic Global / dj honda,,,"DICHAVATE Ya Ice Dilan , Rey Tony , Helabusador , JipMusic Global & dj honda"
2026-09-11,global,Global,top_videos_weekly,,65,https://i.ytimg.com/vi/dTWEFx3DeM8/mqdefault.jpg,Anor,Mirjalol Nematov,,,Anor Mirjalol Nematov
2026-09-11,global,Global,top_videos_weekly,,66,https://i.ytimg.com/vi/yjOJYBE_GuA/mqdefault.jpg,Estoy Pa' Ti,Brytiago,,,Estoy Pa' Ti Brytiago
2026-09-11,global,Global,top_videos_weekly,,67,https://i.ytimg.com/vi/-q_S27LbNKU/mqdefault.jpg,BAD,ATEEZ,"6月 25, 2026",5961629,"67 2 BAD ATEEZ 6月 25, 2026 65 10 5,961,629"
2026-09-11,global,Global,top_videos_weekly,,68,https://i.ytimg.com/vi/1eIsHDzbZtI/mqdefault.jpg,Gaddafi,Shevv / Dhanda Nyoliwala,,,Gaddafi Shevv & Dhanda Nyoliwala
2026-09-11,global,Global,top_videos_weekly,,69,https://i.ytimg.com/vi/-0RUAQAMUac/mqdefault.jpg,تباعاً تباعاً,Sherine,,,تباعاً تباعاً Sherine
2026-09-11,global,Global,top_videos_weekly,,70,https://i.ytimg.com/vi/Si9kWKnJKxE/mqdefault.jpg,ZOMBIE,LAZARO,"5月 21, 2026",5868038,"70 9 ZOMBIE LAZARO 5月 21, 2026 61 15 5,868,038"
2026-09-11,global,Global,top_videos_weekly,,71,https://i.ytimg.com/vi/s3a4OQR-10M/mqdefault.jpg,Loser,Tame Impala,,,Loser Tame Impala
2026-09-11,global,Global,top_videos_weekly,,72,https://i.ytimg.com/vi/BZ4UzthYTss/mqdefault.jpg,This & That,Stray Kids,,,This & That Stray Kids
2026-09-11,global,Global,top_videos_weekly,,73,https://i.ytimg.com/vi/tLqtnGLfm4Q/mqdefault.jpg,"Tum Hi Aana (From ""Marjaavaan"")",Jubin Nautiyal / Payal Dev,,,"Tum Hi Aana (From ""Marjaavaan"") Jubin Nautiyal & Payal Dev"
2026-09-11,global,Global,top_videos_weekly,,74,https://i.ytimg.com/vi/Tw5QQsSflYc/mqdefault.jpg,God’s Favorite,Kaptaan / Sultaan / Avvy Sra / Jordan Sandhu,,,"God’s Favorite Kaptaan , Sultaan , Avvy Sra & Jordan Sandhu"
2026-09-11,global,Global,top_videos_weekly,,75,https://i.ytimg.com/vi/RrWFlqoWIHY/mqdefault.jpg,ไม่รักดีกว่า,Z9,"8月 19, 2026",5496235,"75 3 ไม่รักดีกว่า Z9 8月 19, 2026 72 2 5,496,235"
2026-09-11,global,Global,top_videos_weekly,,76,https://i.ytimg.com/vi/7VsejGzcJmM/mqdefault.jpg,Alaakaa Loova,Sai Abhyankkar,,,Alaakaa Loova Sai Abhyankkar
2026-09-11,global,Global,top_videos_weekly,,77,https://i.ytimg.com/vi/6CqeGHXXioU/mqdefault.jpg,FARMING,Stray Kids,,,FARMING Stray Kids
2026-09-11,global,Global,top_videos_weekly,,78,https://i.ytimg.com/vi/tPaSYnNKMas/mqdefault.jpg,RIKI,Neton Vega,"8月 7, 2026",5361849,"78 ● RIKI Neton Vega 8月 7, 2026 78 2 5,361,849"
2026-09-11,global,Global,top_videos_weekly,,79,https://i.ytimg.com/vi/qZC_eUpTKpA/mqdefault.jpg,"Kaho Toh (From ""Prem Keetanu"")",Annkur R Pathakk / 阿曼·馬利克 / Altamash Faridi / Sachin Urmtosh,,,"Kaho Toh (From ""Prem Keetanu"") Annkur R Pathakk , 阿曼·馬利克 , Altamash Faridi & Sachin Urmtosh"
2026-09-11,global,Global,top_videos_weekly,,80,https://i.ytimg.com/vi/kG0z7hwY3as/mqdefault.jpg,Debut,KATSEYE,"7月 2, 2024",5275619,"80 1 Debut KATSEYE 7月 2, 2024 79 16 5,275,619"
2026-09-11,global,Global,top_videos_weekly,,81,https://i.ytimg.com/vi/EEZ8fbzhEfQ/mqdefault.jpg,Irumudi Kattu,Shiva Nirvana / G.V. Prakash Kumar / Kalyan Chakravarthy Tripuraneni / Ananthu,,,"Irumudi Kattu Shiva Nirvana , G.V. Prakash Kumar , Kalyan Chakravarthy Tripuraneni & Ananthu"
2026-09-11,global,Global,top_videos_weekly,,82,https://i.ytimg.com/vi/vTvGobaqo9E/mqdefault.jpg,Polvo Rosita - (Video Oficial) - Lenin Ramirez - DEL Records 2024,DEL Records,,2024,Polvo Rosita - (Video Oficial) - Lenin Ramirez - DEL Records 2024 DEL Records
2026-09-11,global,Global,top_videos_weekly,,83,https://i.ytimg.com/vi/LGWUmNnZ7WY/mqdefault.jpg,POR SI MAÑANA NO ESTOY,Omar Courtz,,,POR SI MAÑANA NO ESTOY Omar Courtz
2026-09-11,global,Global,top_videos_weekly,,84,https://i.ytimg.com/vi/rC-kbRanJQ0/mqdefault.jpg,UDI UDI,Hruday / Sarkar / Aneesh,,,"UDI UDI Hruday , Sarkar & Aneesh"
2026-09-11,global,Global,top_videos_weekly,,85,https://i.ytimg.com/vi/DIxRlfHq9Fo/mqdefault.jpg,DANGER,Treasure,"8月 23, 2026",5100736,"85 New DANGER Treasure 8月 23, 2026 - 1 5,100,736"
2026-09-11,global,Global,top_videos_weekly,,86,https://i.ytimg.com/vi/getnHpYUxoM/mqdefault.jpg,MASKARA / مسكرة,Saint Levant / Mohammed Assaf,,,MASKARA / مسكرة Saint Levant & Mohammed Assaf
2026-09-11,global,Global,top_videos_weekly,,87,https://i.ytimg.com/vi/5tWg08zV-tI/mqdefault.jpg,Court Me Goli (Official Video) Ankit Baliyan | Fiza Choudhary | New Haryanvi Songs Haryanavi 2025,Gulshan Music,,2025,Court Me Goli (Official Video) Ankit Baliyan | Fiza Choudhary | New Haryanvi Songs Haryanavi 2025 Gulshan Music
2026-09-11,global,Global,top_videos_weekly,,88,https://i.ytimg.com/vi/FyS5dAywkEo/mqdefault.jpg,SaWaDiKa (Official Music Video),LISA,,,SaWaDiKa (Official Music Video) LISA
2026-09-11,global,Global,top_videos_weekly,,89,https://i.ytimg.com/vi/6Db-cEgbmC4/mqdefault.jpg,Mi Chico,Jason Derulo,,,Mi Chico Jason Derulo
2026-09-11,global,Global,top_videos_weekly,,90,https://i.ytimg.com/vi/kXKhNI4DLHM/mqdefault.jpg,Hileli,manifest / 艾達佩肯,,,Hileli manifest & 艾達佩肯
2026-09-11,global,Global,top_videos_weekly,,91,https://i.ytimg.com/vi/PkMKJEkE8Mo/mqdefault.jpg,Gnarly,KATSEYE,"5月 5, 2025",4958209,"91 10 Gnarly KATSEYE 5月 5, 2025 81 9 4,958,209"
2026-09-11,global,Global,top_videos_weekly,,92,https://i.ytimg.com/vi/uOrhBw3N3NM/mqdefault.jpg,80 Lakh,D Naveen / Shiva Choudhary / Sweta Chauhan / Kala Dighal,,,"80 Lakh D Naveen , Shiva Choudhary , Sweta Chauhan & Kala Dighal"
2026-09-11,global,Global,top_videos_weekly,,93,https://i.ytimg.com/vi/5RT6QMKJTjQ/mqdefault.jpg,Ishq Sufiyana,Kamal Khan,,,Ishq Sufiyana Kamal Khan
2026-09-11,global,Global,top_videos_weekly,,94,https://i.ytimg.com/vi/xCkf2L7gFnI/mqdefault.jpg,De Lejitos (Remix),Jay Wheeler / Omar Courtz,,,De Lejitos (Remix) Jay Wheeler & Omar Courtz
2026-09-11,global,Global,top_videos_weekly,,95,https://i.ytimg.com/vi/5gwy0gcjIkI/mqdefault.jpg,Tere Sang Yaara,馬諾伊·蒙塔舍 / 阿蒂夫·阿斯拉姆,,,Tere Sang Yaara 馬諾伊·蒙塔舍 & 阿蒂夫·阿斯拉姆
2026-09-11,global,Global,top_videos_weekly,,96,https://i.ytimg.com/vi/rs0gQ-3hbPQ/mqdefault.jpg,"Muthumani (From ""Dorothy"")",Shweta Mohan / Ilaiyaraaja,,,"Muthumani (From ""Dorothy"") Shweta Mohan & Ilaiyaraaja"
2026-09-11,global,Global,top_videos_weekly,,97,https://i.ytimg.com/vi/pCPYb7KPoUc/mqdefault.jpg,Doma,Jósean Log,"10月 14, 2017",4653263,"97 13 Doma Jósean Log 10月 14, 2017 84 10 4,653,263"
2026-09-11,global,Global,top_videos_weekly,,98,https://i.ytimg.com/vi/Oyw1Eo21q5k/mqdefault.jpg,Kabze,Bintu Pabra / Shiva Choudhary,,,Kabze Bintu Pabra & Shiva Choudhary
2026-09-11,global,Global,top_videos_weekly,,99,https://i.ytimg.com/vi/NhWaRfiqeCs/mqdefault.jpg,Irumudi Kattu,Shiva Nirvana / G.V. Prakash Kumar / Kalyan Chakravarthy Tripuraneni / Ananthu,,,"Irumudi Kattu Shiva Nirvana , G.V. Prakash Kumar , Kalyan Chakravarthy Tripuraneni & Ananthu"
2026-09-11,global,Global,top_videos_weekly,,100,https://i.ytimg.com/vi/Y0pdQU87dc8/mqdefault.jpg,(Everything I Do) I Do It For You,Bryan Adams,,,(Everything I Do) I Do It For You Bryan Adams
2026-09-11,tw,Taiwan,top_videos_weekly,,1,https://i.ytimg.com/vi/PTaXHjz6okQ/mqdefault.jpg,老朋友,黃奇斌,"8月 28, 2026",800738,"1 New 老朋友 黃奇斌 8月 28, 2026 - 1 800,738"
2026-09-11,tw,Taiwan,top_videos_weekly,,2,https://i.ytimg.com/vi/8eOs7Zd-690/mqdefault.jpg,鹹酸苦汫,麋先生,"8月 27, 2026",693649,"2 New 鹹酸苦汫 麋先生 8月 27, 2026 - 1 693,649"
2026-09-11,tw,Taiwan,top_videos_weekly,,3,https://i.ytimg.com/vi/YacpC7sUXMM/mqdefault.jpg,甲乙丙丁Strangers (伴奏),李佳薇,,,甲乙丙丁Strangers (伴奏) 李佳薇
2026-09-11,tw,Taiwan,top_videos_weekly,,4,https://i.ytimg.com/vi/s466YCiHfKw/mqdefault.jpg,FALLEN ANGEL (Official Video),JENNIE,,,FALLEN ANGEL (Official Video) JENNIE
2026-09-11,tw,Taiwan,top_videos_weekly,,5,https://i.ytimg.com/vi/jeRu6h4XbUU/mqdefault.jpg,幸福在歌唱,A-Lin,"12月 26, 2025",360309,"5 2 幸福在歌唱 A-Lin 12月 26, 2025 3 20 360,309"
2026-09-11,tw,Taiwan,top_videos_weekly,,6,https://i.ytimg.com/vi/i5YRIjxyJP8/mqdefault.jpg,太陽與地球,盧廣仲,"9月 16, 2025",299737,"6 ● 太陽與地球 盧廣仲 9月 16, 2025 6 20 299,737"
2026-09-11,tw,Taiwan,top_videos_weekly,,7,https://i.ytimg.com/vi/7H1ObJvb7Hc/mqdefault.jpg,【純享版】張碧晨侯明昊老友重逢卻唱盡痛心！演繹李佳薇新歌《甲乙丙丁》 深情對唱層層遞進 將遺憾與不捨唱到極致 #天賜的聲音7 EP11 20260821,天賜的聲音,,20260821,【纯享版】张碧晨侯明昊老友重逢却唱尽痛心！演绎李佳薇新歌《甲乙丙丁》 深情对唱层层递进 将遗憾与不舍唱到极致 #天赐的声音7 EP11 20260821 天赐的声音
2026-09-11,tw,Taiwan,top_videos_weekly,,8,https://i.ytimg.com/vi/dRSZhZT6r-Y/mqdefault.jpg,沒有人像我,宇宙人,"7月 2, 2026",281575,"8 ● 沒有人像我 宇宙人 7月 2, 2026 8 9 281,575"
2026-09-11,tw,Taiwan,top_videos_weekly,,9,https://i.ytimg.com/vi/o5EdYwk8k9o/mqdefault.jpg,[MV]GENBLUE幻藍小熊 ’夜市王 Night Market Queen‘ MV,GENBLUE幻藍小熊,,,[MV]GENBLUE幻藍小熊 ’夜市王 Night Market Queen‘ MV GENBLUE幻藍小熊
2026-09-11,tw,Taiwan,top_videos_weekly,,10,https://i.ytimg.com/vi/mpNKrWUhcy8/mqdefault.jpg,不愛就不愛,艾薇,"12月 18, 2024",273450,"10 5 不愛就不愛 艾薇 12月 18, 2024 5 20 273,450"
2026-09-11,tw,Taiwan,top_videos_weekly,,11,https://i.ytimg.com/vi/osyH9yWWygA/mqdefault.jpg,All For You,周興哲,"7月 16, 2026",270353,"11 4 All For You 周興哲 7月 16, 2026 7 7 270,353"
2026-09-11,tw,Taiwan,top_videos_weekly,,12,https://i.ytimg.com/vi/0xlNP3tKfa4/mqdefault.jpg,觀自在 (Remix),Marz23,,,觀自在 (Remix) Marz23
2026-09-11,tw,Taiwan,top_videos_weekly,,13,https://i.ytimg.com/vi/-q_S27LbNKU/mqdefault.jpg,BAD,ATEEZ,"6月 25, 2026",267980,"13 4 BAD ATEEZ 6月 25, 2026 9 10 267,980"
2026-09-11,tw,Taiwan,top_videos_weekly,,14,https://i.ytimg.com/vi/3rB3n_XR23o/mqdefault.jpg,我不該動情,老闆,"7月 1, 2026",250129,"14 3 我不該動情 老板 7月 1, 2026 17 9 250,129"
2026-09-11,tw,Taiwan,top_videos_weekly,,15,https://i.ytimg.com/vi/L8ZnXgbyUuc/mqdefault.jpg,BIGBANG - ‘BiiiG’ M/V,BIGBANG,,,BIGBANG - ‘BiiiG’ M/V BIGBANG
2026-09-11,tw,Taiwan,top_videos_weekly,,16,https://i.ytimg.com/vi/p13tH7Etlzc/mqdefault.jpg,離開我的依賴,王艷薇,"2月 17, 2020",240460,"16 6 離開我的依賴 王艷薇 2月 17, 2020 10 18 240,460"
2026-09-11,tw,Taiwan,top_videos_weekly,,17,https://i.ytimg.com/vi/X06y7ZuT7_Y/mqdefault.jpg,必巡,曾瑋中,"6月 27, 2022",233178,"17 5 必巡 曾瑋中 6月 27, 2022 12 20 233,178"
2026-09-11,tw,Taiwan,top_videos_weekly,,18,https://i.ytimg.com/vi/Qe8fa4b5xNU/mqdefault.jpg,Good Goodbye,HWASA,,,Good Goodbye HWASA
2026-09-11,tw,Taiwan,top_videos_weekly,,19,https://i.ytimg.com/vi/376utoTabMI/mqdefault.jpg,看著我的眼睛說,張遠 / 姚曉棠,,,看着我的眼睛说 张远 & 姚晓棠
2026-09-11,tw,Taiwan,top_videos_weekly,,20,https://i.ytimg.com/vi/0Vri50xDo7U/mqdefault.jpg,汪蘇瀧 Silence Wang x 莫文蔚 Karen Mok［陰天］明日世界 Official Stage Video,汪蘇瀧,,,汪苏泷 Silence Wang x 莫文蔚 Karen Mok［阴天］明日世界 Official Stage Video 汪蘇瀧
2026-09-11,tw,Taiwan,top_videos_weekly,,21,https://i.ytimg.com/vi/gN7RBHyXNFk/mqdefault.jpg,別戀,派偉俊,"8月 10, 2026",188518,"21 11 別戀 派偉俊 8月 10, 2026 32 4 188,518"
2026-09-11,tw,Taiwan,top_videos_weekly,,22,https://i.ytimg.com/vi/83C3TZ4Zm_o/mqdefault.jpg,LEMONADE,aespa,"5月 28, 2026",186181,"22 9 LEMONADE aespa 5月 28, 2026 13 14 186,181"
2026-09-11,tw,Taiwan,top_videos_weekly,,23,https://i.ytimg.com/vi/9cS2wv6AfHk/mqdefault.jpg,I LIKE IT,BABYMONSTER,,,I LIKE IT BABYMONSTER
2026-09-11,tw,Taiwan,top_videos_weekly,,24,https://i.ytimg.com/vi/yebNIHKAC4A/mqdefault.jpg,Golden,HUNTR/X / EJAE / AUDREY NUNA / REI AMI / KPop Demon Hunters Cast,,,"Golden HUNTR/X , EJAE , AUDREY NUNA , REI AMI & KPop Demon Hunters Cast"
2026-09-11,tw,Taiwan,top_videos_weekly,,25,https://i.ytimg.com/vi/bMhDJ0S0OBA/mqdefault.jpg,It's Me,ILLIT,"4月 30, 2026",174242,"25 9 It's Me ILLIT 4月 30, 2026 16 19 174,242"
2026-09-11,tw,Taiwan,top_videos_weekly,,26,https://i.ytimg.com/vi/WkWkGrcyCzw/mqdefault.jpg,洪佩瑜 Pei-Yu Hung〈再見的時候 Till We Meet Again〉Official Music Video - 電影《陽光女子合唱團》再見版主題曲,何樂音樂 PQP MUSIC,,,洪佩瑜 Pei-Yu Hung〈再見的時候 Till We Meet Again〉Official Music Video - 電影《陽光女子合唱團》再見版主題曲 何樂音樂 PQP MUSIC
2026-09-11,tw,Taiwan,top_videos_weekly,,27,https://i.ytimg.com/vi/kCA93dLzKP4/mqdefault.jpg,一個人,A-Lin,"6月 11, 2026",171189,"27 4 一個人 A-Lin 6月 11, 2026 23 12 171,189"
2026-09-11,tw,Taiwan,top_videos_weekly,,28,https://i.ytimg.com/vi/YTeFLKMnwjg/mqdefault.jpg,Speed of Summer,WINTER,,,Speed of Summer WINTER
2026-09-11,tw,Taiwan,top_videos_weekly,,29,https://i.ytimg.com/vi/sQDBYHhCvps/mqdefault.jpg,綿綿無絕期,黃奇斌,"7月 10, 2026",168828,"29 12 綿綿無絕期 黃奇斌 7月 10, 2026 41 8 168,828"
2026-09-11,tw,Taiwan,top_videos_weekly,,30,https://i.ytimg.com/vi/x3eqqoZPV_E/mqdefault.jpg,춤 (CHOOM),BABYMONSTER,,,춤 (CHOOM) BABYMONSTER
2026-09-11,tw,Taiwan,top_videos_weekly,,31,https://i.ytimg.com/vi/eB-IK2wPWzw/mqdefault.jpg,BAD,ATEEZ,"8月 1, 2026",164200,"31 ● BAD ATEEZ 8月 1, 2026 31 4 164,200"
2026-09-11,tw,Taiwan,top_videos_weekly,,32,https://i.ytimg.com/vi/xsBQtngzcSs/mqdefault.jpg,螺旋 - RASEN,9Lana,,,螺旋 - RASEN 9Lana
2026-09-11,tw,Taiwan,top_videos_weekly,,33,https://i.ytimg.com/vi/naoGk-Zjc1s/mqdefault.jpg,SUGAR HONEY ICE TEA,BABYMONSTER,,,SUGAR HONEY ICE TEA BABYMONSTER
2026-09-11,tw,Taiwan,top_videos_weekly,,34,https://i.ytimg.com/vi/i-Lf0sQeQi0/mqdefault.jpg,再痛也沒關係(片尾曲),陳勢安,"8月 9, 2012",150208,"34 34 再痛也沒關係(片尾曲) 陳勢安 8月 9, 2012 - 3 150,208"
2026-09-11,tw,Taiwan,top_videos_weekly,,35,https://i.ytimg.com/vi/Y-nc2fmn9ls/mqdefault.jpg,晴天娃娃 (影集《接招吧！製作人》主題曲),吳青峰,,,晴天娃娃 (影集《接招吧！製作人》主題曲) 吳青峰
2026-09-11,tw,Taiwan,top_videos_weekly,,36,https://i.ytimg.com/vi/0Wfy_RPv6y0/mqdefault.jpg,理想混蛋 Bestards × 高爾宣 OSN【一樣會愛上你 Ten Thousand Times Over】Official Music Video,理想混蛋 Bestards,,,理想混蛋 Bestards × 高爾宣 OSN【一樣會愛上你 Ten Thousand Times Over】Official Music Video 理想混蛋 Bestards
2026-09-11,tw,Taiwan,top_videos_weekly,,37,https://i.ytimg.com/vi/GWO5pqEy-X0/mqdefault.jpg,陪你到這,陳華,"4月 17, 2026",134679,"37 1 陪你到這 陳華 4月 17, 2026 36 20 134,679"
2026-09-11,tw,Taiwan,top_videos_weekly,,38,https://i.ytimg.com/vi/ccviI2q9HTE/mqdefault.jpg,【影視劇ost】劉宇寧 | 她《早春晴朗》電視劇欒念人物曲&片頭曲 The Early Spring OST #井柏然 #孫千 #lyrics #早春晴朗,劇好聽,,,【影視劇ost】劉宇寧 | 她《早春晴朗》電視劇欒念人物曲&片頭曲 The Early Spring OST #井柏然 #孫千 #lyrics #早春晴朗 剧好听
2026-09-11,tw,Taiwan,top_videos_weekly,,39,https://i.ytimg.com/vi/_G3Nu8q9Z9s/mqdefault.jpg,嘉賓,張遠,"6月 12, 2026",126090,"39 19 嘉宾 张远 6月 12, 2026 20 8 126,090"
2026-09-11,tw,Taiwan,top_videos_weekly,,40,https://i.ytimg.com/vi/B5u8JiGVI_k/mqdefault.jpg,BIGBANG - ‘BiiiG’ DANCE PRACTICE,BIGBANG,,,BIGBANG - ‘BiiiG’ DANCE PRACTICE BIGBANG
2026-09-11,tw,Taiwan,top_videos_weekly,,41,https://i.ytimg.com/vi/BFAuO-mrhcA/mqdefault.jpg,有你有我,玖壹壹,"6月 16, 2026",122503,"41 12 有你有我 玖壹壹 6月 16, 2026 53 12 122,503"
2026-09-11,tw,Taiwan,top_videos_weekly,,42,https://i.ytimg.com/vi/zlAjS20q9pE/mqdefault.jpg,空心 (Live),黃霄雲 / 劉端端,,,空心 (Live) 黃霄雲 & 刘端端
2026-09-11,tw,Taiwan,top_videos_weekly,,43,https://i.ytimg.com/vi/ZIvWrKYdMQE/mqdefault.jpg,浪人的…,張震嶽,"5月 13, 2025",120329,"43 ● 浪人的… 張震嶽 5月 13, 2025 43 10 120,329"
2026-09-11,tw,Taiwan,top_videos_weekly,,44,https://i.ytimg.com/vi/yd_uG3TtREs/mqdefault.jpg,PSYCHO,BABYMONSTER,,,PSYCHO BABYMONSTER
2026-09-11,tw,Taiwan,top_videos_weekly,,45,https://i.ytimg.com/vi/_cTAlxWtmS4/mqdefault.jpg,如果我很平庸,陳華,"6月 5, 2026",119649,"45 6 如果我很平庸 陳華 6月 5, 2026 51 13 119,649"
2026-09-11,tw,Taiwan,top_videos_weekly,,46,https://i.ytimg.com/vi/IwxkGdhkAGU/mqdefault.jpg,Soft Lipa - 給我一點時間 Official Music Video,蛋堡,,,Soft Lipa - 給我一點時間 Official Music Video 蛋堡
2026-09-11,tw,Taiwan,top_videos_weekly,,47,https://i.ytimg.com/vi/hxcby8nz-YU/mqdefault.jpg,HOP,ALL(H)OURS,"8月 25, 2026",119080,"47 New HOP ALL(H)OURS 8月 25, 2026 - 1 119,080"
2026-09-11,tw,Taiwan,top_videos_weekly,,48,https://i.ytimg.com/vi/IWB0xk9lR88/mqdefault.jpg,左轉燈 (1000 Times+1),派偉俊,,1000,左轉燈 (1000 Times+1) 派偉俊
2026-09-11,tw,Taiwan,top_videos_weekly,,49,https://i.ytimg.com/vi/AzCZUmpUchA/mqdefault.jpg,南門町 Näin Määrättiin,閃靈樂團,,,南門町 Näin Määrättiin 閃靈樂團
2026-09-11,tw,Taiwan,top_videos_weekly,,50,https://i.ytimg.com/vi/tkwD6DLp62k/mqdefault.jpg,我甘願重新愛過,玖壹壹,"5月 20, 2026",112774,"50 6 我甘願重新愛過 玖壹壹 5月 20, 2026 44 16 112,774"
2026-09-11,tw,Taiwan,top_videos_weekly,,51,https://i.ytimg.com/vi/29YfAvn3QXo/mqdefault.jpg,鼓鼓 呂思緯 GBOYSWAG [ 警戒線 The Red Line ] Official Music Video,鼓鼓 呂思緯,,,鼓鼓 呂思緯 GBOYSWAG [ 警戒線 The Red Line ] Official Music Video 鼓鼓 呂思緯
2026-09-11,tw,Taiwan,top_videos_weekly,,52,https://i.ytimg.com/vi/xXZwZ0DolJc/mqdefault.jpg,MOON,BABYMONSTER,,,MOON BABYMONSTER
2026-09-11,tw,Taiwan,top_videos_weekly,,53,https://i.ytimg.com/vi/GnSaLQTrvt0/mqdefault.jpg,Good Goodbye,HWASA,,,Good Goodbye HWASA
2026-09-11,tw,Taiwan,top_videos_weekly,,54,https://i.ytimg.com/vi/FB5-rPa5wBA/mqdefault.jpg,玻璃,Gareth.T,"5月 20, 2026",105011,"54 14 玻璃 Gareth.T 5月 20, 2026 40 15 105,011"
2026-09-11,tw,Taiwan,top_videos_weekly,,55,https://i.ytimg.com/vi/qjKuHtrHkLg/mqdefault.jpg,重逢,林琇琪,"8月 5, 2026",101859,"55 8 重逢 林琇琪 8月 5, 2026 47 4 101,859"
2026-09-11,tw,Taiwan,top_videos_weekly,,56,https://i.ytimg.com/vi/Sv2hV3j2WWg/mqdefault.jpg,周興哲Eric Chou《殼》- HBO原創影集《來！金來號！》片尾曲 Official Music Video,周興哲,,,周興哲Eric Chou《殼》- HBO原創影集《來！金來號！》片尾曲 Official Music Video 周興哲
2026-09-11,tw,Taiwan,top_videos_weekly,,57,https://i.ytimg.com/vi/6CqeGHXXioU/mqdefault.jpg,FARMING,Stray Kids,,,FARMING Stray Kids
2026-09-11,tw,Taiwan,top_videos_weekly,,58,https://i.ytimg.com/vi/F2uX6ByoW7A/mqdefault.jpg,聽見下雨的聲音,魏如昀,"9月 17, 2013",96161,"58 58 聽見下雨的聲音 魏如昀 9月 17, 2013 - 2 96,161"
2026-09-11,tw,Taiwan,top_videos_weekly,,59,https://i.ytimg.com/vi/15cnAQTqUdE/mqdefault.jpg,光良 Michael《天使 Angel》官方 Official 完整版 MV,光良,,,光良 Michael《天使 Angel》官方 Official 完整版 MV 光良
2026-09-11,tw,Taiwan,top_videos_weekly,,60,https://i.ytimg.com/vi/MzupyjOkhdE/mqdefault.jpg,語音鈴聲,韋德WADE / 齊翔 XIANG,,,語音鈴聲 韋德WADE & 齊翔 XIANG
2026-09-11,tw,Taiwan,top_videos_weekly,,61,https://i.ytimg.com/vi/uIWypArI73w/mqdefault.jpg,不能說的秘密,周杰倫,"6月 11, 2013",89516,"61 New 不能說的秘密 周杰倫 6月 11, 2013 - 1 89,516"
2026-09-11,tw,Taiwan,top_videos_weekly,,62,https://i.ytimg.com/vi/kELXLkU08aY/mqdefault.jpg,草屯囝仔 Caotun Boyz - 想你的形影 When I Miss you (Official Music Video),草屯囝仔|臭屁嬰仔,,,草屯囝仔 Caotun Boyz - 想你的形影 When I Miss you (Official Music Video) 草屯囝仔|臭屁嬰仔
2026-09-11,tw,Taiwan,top_videos_weekly,,63,https://i.ytimg.com/vi/zqEcZngO90E/mqdefault.jpg,C.Holly X DJ SODA -【花心大蘿蔔】Official Music Video,C.Holly ღ,,,C.Holly X DJ SODA -【花心大蘿蔔】Official Music Video C.Holly ღ
2026-09-11,tw,Taiwan,top_videos_weekly,,64,https://i.ytimg.com/vi/_IT83Y_HcAw/mqdefault.jpg,Less than a Lover,JENNIE,,,Less than a Lover JENNIE
2026-09-11,tw,Taiwan,top_videos_weekly,,65,https://i.ytimg.com/vi/uSDtkV3PXSA/mqdefault.jpg,GUM&DROP,星街彗星,"8月 31, 2026",79573,"64 New GUM&DROP 星街彗星 8月 31, 2026 - 1 79,573"
2026-09-11,tw,Taiwan,top_videos_weekly,,66,https://i.ytimg.com/vi/IZCOFJU8Xng/mqdefault.jpg,Endless Tears (Love Is a Beautiful Pain) - Advanced Piano Solo｜SLSMusic,SLSMusic,,,Endless Tears (Love Is a Beautiful Pain) - Advanced Piano Solo｜SLSMusic SLSMusic
2026-09-11,tw,Taiwan,top_videos_weekly,,67,https://i.ytimg.com/vi/1jKnI_ib8c8/mqdefault.jpg,Motto,ITZY,"5月 18, 2026",78296,"67 67 Motto ITZY 5月 18, 2026 - 4 78,296"
2026-09-11,tw,Taiwan,top_videos_weekly,,68,https://i.ytimg.com/vi/6Ycn9qZK09I/mqdefault.jpg,Heavy Serenade,NMIXX,,,Heavy Serenade NMIXX
2026-09-11,tw,Taiwan,top_videos_weekly,,69,https://i.ytimg.com/vi/mcJB9H0Nvbc/mqdefault.jpg,繞路,A-Lin,"4月 29, 2026",75335,"69 2 繞路 A-Lin 4月 29, 2026 71 17 75,335"
2026-09-11,tw,Taiwan,top_videos_weekly,,70,https://i.ytimg.com/vi/pGNnHRLVR6c/mqdefault.jpg,怪情歌 (戲劇「舊金山美容院」片頭曲),林宥嘉,,,怪情歌 (戲劇「舊金山美容院」片頭曲) 林宥嘉
2026-09-11,tw,Taiwan,top_videos_weekly,,71,https://i.ytimg.com/vi/U6BDbXIah-Y/mqdefault.jpg,REDRED,CORTIS,"4月 20, 2026",74568,"71 6 REDRED CORTIS 4月 20, 2026 65 20 74,568"
2026-09-11,tw,Taiwan,top_videos_weekly,,72,https://i.ytimg.com/vi/PIgH3PeeY6g/mqdefault.jpg,你咁擱愛我,林琇琪 / 沈建豪,"7月 16, 2026",73671,"72 3 你咁擱愛我 林琇琪 & 沈建豪 7月 16, 2026 69 7 73,671"
2026-09-11,tw,Taiwan,top_videos_weekly,,73,https://i.ytimg.com/vi/PXnhdl_URro/mqdefault.jpg,空心,光澤,"9月 10, 2023",73006,"73 2 空心 光澤 9月 10, 2023 75 4 73,006"
2026-09-11,tw,Taiwan,top_videos_weekly,,74,https://i.ytimg.com/vi/lHjqIe9XMCE/mqdefault.jpg,李婷雪 - 你不該權衡利弊『你不該權衡利弊 衡量我的真心，畢竟我從未對你有過虛情假意。』【高音質HD|動態歌詞Lyrics】♫,4K Music Make,,,李婷雪 - 你不該權衡利弊『你不該權衡利弊 衡量我的真心，畢竟我從未對你有過虛情假意。』【高音質HD|動態歌詞Lyrics】♫ 4K Music Make
2026-09-11,tw,Taiwan,top_videos_weekly,,75,https://i.ytimg.com/vi/3DcoC8p9az8/mqdefault.jpg,Training Season (Live),Dua Lipa,,,Training Season (Live) Dua Lipa
2026-09-11,tw,Taiwan,top_videos_weekly,,76,https://i.ytimg.com/vi/hUEj3J4xHPU/mqdefault.jpg,Do As Infinity - 陽のあたる坂道 / THE FIRST TAKE,THE FIRST TAKE,,,Do As Infinity - 陽のあたる坂道 / THE FIRST TAKE THE FIRST TAKE
2026-09-11,tw,Taiwan,top_videos_weekly,,77,https://i.ytimg.com/vi/6lN51mwvuA8/mqdefault.jpg,Gg Ez,M.Sasuke,"5月 30, 2026",70702,"77 17 Gg Ez M.Sasuke 5月 30, 2026 60 9 70,702"
2026-09-11,tw,Taiwan,top_videos_weekly,,78,https://i.ytimg.com/vi/Jf-0DeVIBl8/mqdefault.jpg,情話摻沙,翁立友(WENG LI YOU),,,情話摻沙 翁立友(WENG LI YOU)
2026-09-11,tw,Taiwan,top_videos_weekly,,79,https://i.ytimg.com/vi/rD2IXdpwmkc/mqdefault.jpg,租購,薛之謙,"3月 20, 2025",69756,"79 2 租购 薛之謙 3月 20, 2025 77 7 69,756"
2026-09-11,tw,Taiwan,top_videos_weekly,,80,https://i.ytimg.com/vi/omRez5-bIpY/mqdefault.jpg,沒有人像我一樣,宇宙人,"6月 23, 2026",69491,"80 8 沒有人像我一樣 宇宙人 6月 23, 2026 88 9 69,491"
2026-09-11,tw,Taiwan,top_videos_weekly,,81,https://i.ytimg.com/vi/aRiVUVNUhIs/mqdefault.jpg,なんもねえ - Nannmonee,Wasureranneyo,,,なんもねえ - Nannmonee Wasureranneyo
2026-09-11,tw,Taiwan,top_videos_weekly,,82,https://i.ytimg.com/vi/BZ4UzthYTss/mqdefault.jpg,This & That,Stray Kids,,,This & That Stray Kids
2026-09-11,tw,Taiwan,top_videos_weekly,,83,https://i.ytimg.com/vi/15dxI9BPxa4/mqdefault.jpg,最後一頁 (Live),王赫野 / 姚曉棠,,,最后一页 (Live) 王赫野 & 姚晓棠
2026-09-11,tw,Taiwan,top_videos_weekly,,84,https://i.ytimg.com/vi/xHsSWiLsIRY/mqdefault.jpg,背叛,曹格,"4月 9, 2012",67560,"84 84 背叛 曹格 4月 9, 2012 - 4 67,560"
2026-09-11,tw,Taiwan,top_videos_weekly,,85,https://i.ytimg.com/vi/46h0LvDHgIs/mqdefault.jpg,SUN KISS,TUIDE,"8月 24, 2026",67230,"85 11 SUN KISS TUIDE 8月 24, 2026 74 2 67,230"
2026-09-11,tw,Taiwan,top_videos_weekly,,86,https://i.ytimg.com/vi/av8RjbM3aQ0/mqdefault.jpg,愛 請問怎麼走,A-Lin,"11月 23, 2012",66832,"86 10 愛 請問怎麼走 A-Lin 11月 23, 2012 96 4 66,832"
2026-09-11,tw,Taiwan,top_videos_weekly,,87,https://i.ytimg.com/vi/WE0ZjwOojm4/mqdefault.jpg,吳汶芳 Fang Wu【不想想太多 Stop Overthinking】Official Music Video,吳汶芳,,,吳汶芳 Fang Wu【不想想太多 Stop Overthinking】Official Music Video 吳汶芳
2026-09-11,tw,Taiwan,top_videos_weekly,,88,https://i.ytimg.com/vi/yjVe33q_NxE/mqdefault.jpg,李佳薇 《甲乙丙丁》臺語版 [Cover by 林吟蔚 Yinwei Lin] Full Official Version,林吟蔚,,,李佳薇 《甲乙丙丁》台語版 [Cover by 林吟蔚 Yinwei Lin] Full Official Version 林吟蔚
2026-09-11,tw,Taiwan,top_videos_weekly,,89,https://i.ytimg.com/vi/fcnDmrtj6Sk/mqdefault.jpg,Dai Dai,Shakira / Burna Boy,,,Dai Dai Shakira & Burna Boy
2026-09-11,tw,Taiwan,top_videos_weekly,,90,https://i.ytimg.com/vi/82-jTNka3uc/mqdefault.jpg,hate that i made you love me,Ariana Grande,,,hate that i made you love me Ariana Grande
2026-09-11,tw,Taiwan,top_videos_weekly,,91,https://i.ytimg.com/vi/cnxn0hhShxM/mqdefault.jpg,"Cosmos People 宇宙人 [ 像狗一樣 Chase, Stop, Lie Down ] Special Video | 影集《欠妳的那場婚禮》插曲",宇宙人,,,"Cosmos People 宇宙人 [ 像狗一樣 Chase, Stop, Lie Down ] Special Video | 影集《欠妳的那場婚禮》插曲 宇宙人"
2026-09-11,tw,Taiwan,top_videos_weekly,,92,https://i.ytimg.com/vi/wIgduzASI6A/mqdefault.jpg,I Do,周杰倫,"4月 1, 2026",64550,"92 11 I Do 周杰倫 4月 1, 2026 81 17 64,550"
2026-09-11,tw,Taiwan,top_videos_weekly,,93,https://i.ytimg.com/vi/7j6k7aOjK9Q/mqdefault.jpg,殘酷な夜に輝け / cover. 厄倫蒂兒 𝑬𝒂𝒓𝒆𝒏𝒅𝒆𝒍,厄倫蒂兒,,,残酷な夜に輝け / cover. 厄倫蒂兒 𝑬𝒂𝒓𝒆𝒏𝒅𝒆𝒍 厄倫蒂兒
2026-09-11,tw,Taiwan,top_videos_weekly,,94,https://i.ytimg.com/vi/BjFX1eugZ-Y/mqdefault.jpg,Blingy,NCT 127,"8月 24, 2026",62916,"94 New Blingy NCT 127 8月 24, 2026 - 1 62,916"
2026-09-11,tw,Taiwan,top_videos_weekly,,95,https://i.ytimg.com/vi/_Xi_bJS_9wc/mqdefault.jpg,假如當初,李發發,"7月 13, 2026",61957,"95 ● 假如當初 李发发 7月 13, 2026 95 2 61,957"
2026-09-11,tw,Taiwan,top_videos_weekly,,96,https://i.ytimg.com/vi/MvfbHsG4b0A/mqdefault.jpg,我是如此相信｜抒情R&B｜深情對唱｜原來愛如此的動聽,格雷樂團-Grey,,,我是如此相信｜抒情R&B｜深情對唱｜原來愛如此的動聽 格雷乐团-Grey
2026-09-11,tw,Taiwan,top_videos_weekly,,97,https://i.ytimg.com/vi/diPncrkJkPI/mqdefault.jpg,一往情深,林琇琪,"8月 10, 2026",61105,"97 34 一往情深 林琇琪 8月 10, 2026 63 3 61,105"
2026-09-11,tw,Taiwan,top_videos_weekly,,98,https://i.ytimg.com/vi/5mUkMs-jE6c/mqdefault.jpg,螺旋 - RASEN,9Lana,,,螺旋 - RASEN 9Lana
2026-09-11,tw,Taiwan,top_videos_weekly,,99,https://i.ytimg.com/vi/qI-shl9nQYU/mqdefault.jpg,魚花,蔡佩軒,"8月 28, 2026",59946,"99 New 魚花 蔡佩軒 8月 28, 2026 - 1 59,946"
2026-09-11,tw,Taiwan,top_videos_weekly,,100,https://i.ytimg.com/vi/Gms1sdNwoC0/mqdefault.jpg,【純享版】黃子弘凡姚曉棠三搭《櫻花草》甜到“犯規”！甜嗓搭配輕快旋律 青春感直接溢出屏幕#天賜的聲音7 EP11 20260821,天賜的聲音,,20260821,【纯享版】黄子弘凡姚晓棠三搭《樱花草》甜到“犯规”！甜嗓搭配轻快旋律 青春感直接溢出屏幕#天赐的声音7 EP11 20260821 天赐的声音
2026-09-11,jp,Japan,top_videos_weekly,,1,https://i.ytimg.com/vi/hUEj3J4xHPU/mqdefault.jpg,Do As Infinity - 陽のあたる坂道 / THE FIRST TAKE,THE FIRST TAKE,,,Do As Infinity - 陽のあたる坂道 / THE FIRST TAKE THE FIRST TAKE
2026-09-11,jp,Japan,top_videos_weekly,,2,https://i.ytimg.com/vi/HHv5RZpvbV4/mqdefault.jpg,show time...,Snow Man,,,show time... Snow Man
2026-09-11,jp,Japan,top_videos_weekly,,3,https://i.ytimg.com/vi/7VqCdhFGE78/mqdefault.jpg,罪と罰と雨とキス (佐野勇鬥&吉田仁人),M!LK,,,罪と罰と雨とキス (佐野勇斗&吉田仁人) M!LK
2026-09-11,jp,Japan,top_videos_weekly,,4,https://i.ytimg.com/vi/57V50MOYeno/mqdefault.jpg,Never Fade Love (Live),KEY TO LIT,,,Never Fade Love (Live) KEY TO LIT
2026-09-11,jp,Japan,top_videos_weekly,,5,https://i.ytimg.com/vi/dePs7UPp6GQ/mqdefault.jpg,Brand New,Mrs. GREEN APPLE,,,Brand New Mrs. GREEN APPLE
2026-09-11,jp,Japan,top_videos_weekly,,6,https://i.ytimg.com/vi/EUCRNhQlKYc/mqdefault.jpg,灰色 - Gray,Motoki Ohmori,,,灰色 - Gray Motoki Ohmori
2026-09-11,jp,Japan,top_videos_weekly,,7,https://i.ytimg.com/vi/ZVUxJsPfoX8/mqdefault.jpg,好きすぎて滅！,M!LK,"10月 27, 2025",1578916,"7 1 好きすぎて滅！ M!LK 10月 27, 2025 8 45 1,578,916"
2026-09-11,jp,Japan,top_videos_weekly,,8,https://i.ytimg.com/vi/bMhDJ0S0OBA/mqdefault.jpg,It's Me,ILLIT,"4月 30, 2026",1534484,"8 4 It's Me ILLIT 4月 30, 2026 4 18 1,534,484"
2026-09-11,jp,Japan,top_videos_weekly,,9,https://i.ytimg.com/vi/GlsmJsqXfcI/mqdefault.jpg,Yes! 東京,EBiDAN Ebisu Gakuen Boys Club,,,Yes! 東京 EBiDAN Ebisu Gakuen Boys Club
2026-09-11,jp,Japan,top_videos_weekly,,10,https://i.ytimg.com/vi/3C0EOqt7sqA/mqdefault.jpg,You!Joy!Parade!,M!LK,,,You!Joy!Parade! M!LK
2026-09-11,jp,Japan,top_videos_weekly,,11,https://i.ytimg.com/vi/KsHKaP50FBE/mqdefault.jpg,Yes! 東京,EBiDAN Ebisu Gakuen Boys Club,,,Yes! 東京 EBiDAN Ebisu Gakuen Boys Club
2026-09-11,jp,Japan,top_videos_weekly,,12,https://i.ytimg.com/vi/MePfySTuk_E/mqdefault.jpg,なにわ男子 - Moonlit [なにわ男子 LIVE TOUR 2026 「ND⁵」],Naniwa Danshi,,2026,なにわ男子 - Moonlit [なにわ男子 LIVE TOUR 2026 「ND⁵」] Naniwa Danshi
2026-09-11,jp,Japan,top_videos_weekly,,13,https://i.ytimg.com/vi/tpFDnOnOdSQ/mqdefault.jpg,爆裂愛してる,M!LK,"2月 18, 2026",1343081,"13 4 爆裂愛してる M!LK 2月 18, 2026 9 29 1,343,081"
2026-09-11,jp,Japan,top_videos_weekly,,14,https://i.ytimg.com/vi/sBAv1wx4ghE/mqdefault.jpg,見知らぬ糸 - Unknown Thread,SPITZ,,,見知らぬ糸 - Unknown Thread SPITZ
2026-09-11,jp,Japan,top_videos_weekly,,15,https://i.ytimg.com/vi/YM_YU8HVpWM/mqdefault.jpg,エアロピクルス,KomeAnime,,,エアロピクルス KomeAnime
2026-09-11,jp,Japan,top_videos_weekly,,16,https://i.ytimg.com/vi/dEEd9HHEQE0/mqdefault.jpg,真・運命,M!LK,"6月 17, 2026",1095793,"16 6 真・運命 M!LK 6月 17, 2026 22 12 1,095,793"
2026-09-11,jp,Japan,top_videos_weekly,,17,https://i.ytimg.com/vi/B99WuUkn0tg/mqdefault.jpg,Dance Forever,SixTONES,,,Dance Forever SixTONES
2026-09-11,jp,Japan,top_videos_weekly,,18,https://i.ytimg.com/vi/ikFaEAlO5N0/mqdefault.jpg,"戀、はじめました。 - Koi, Hajimemashita.",=LOVE,,,"恋、はじめました。 - Koi, Hajimemashita. =LOVE"
2026-09-11,jp,Japan,top_videos_weekly,,19,https://i.ytimg.com/vi/3lOsboT-IWU/mqdefault.jpg,マイオンリー,SixTONES,"7月 17, 2026",1023792,"19 ● マイオンリー SixTONES 7月 17, 2026 19 7 1,023,792"
2026-09-11,jp,Japan,top_videos_weekly,,20,https://i.ytimg.com/vi/s466YCiHfKw/mqdefault.jpg,FALLEN ANGEL (Official Video),JENNIE,,,FALLEN ANGEL (Official Video) JENNIE
2026-09-11,jp,Japan,top_videos_weekly,,21,https://i.ytimg.com/vi/aRiVUVNUhIs/mqdefault.jpg,なんもねえ - Nannmonee,Wasureranneyo,,,なんもねえ - Nannmonee Wasureranneyo
2026-09-11,jp,Japan,top_videos_weekly,,22,https://i.ytimg.com/vi/BDUItFbK_U4/mqdefault.jpg,彼方,FictionJunction,,,彼方 FictionJunction
2026-09-11,jp,Japan,top_videos_weekly,,23,https://i.ytimg.com/vi/LmZD-TU96q4/mqdefault.jpg,IRIS OUT,米津玄師,"9月 15, 2025",961691,"23 3 IRIS OUT 米津玄師 9月 15, 2025 26 51 961,691"
2026-09-11,jp,Japan,top_videos_weekly,,24,https://i.ytimg.com/vi/2I25AFSBm2g/mqdefault.jpg,夜の踴り子,魚韻,"9月 26, 2015",940857,"24 8 夜の踊り子 魚韻 9月 26, 2015 16 21 940,857"
2026-09-11,jp,Japan,top_videos_weekly,,25,https://i.ytimg.com/vi/Lz24PqZkF2s/mqdefault.jpg,HOT LIMIT,T.M.Revolution,,,HOT LIMIT T.M.Revolution
2026-09-11,jp,Japan,top_videos_weekly,,26,https://i.ytimg.com/vi/y07T1sYiPVY/mqdefault.jpg,爆裂愛してる - Bakuretsu Aishiteru,M!LK,,,爆裂愛してる - Bakuretsu Aishiteru M!LK
2026-09-11,jp,Japan,top_videos_weekly,,27,https://i.ytimg.com/vi/49xuoRZiLZ4/mqdefault.jpg,エアロピクルス,KomeAnime,,,エアロピクルス KomeAnime
2026-09-11,jp,Japan,top_videos_weekly,,28,https://i.ytimg.com/vi/YjPMupS1Lg4/mqdefault.jpg,烏,米津玄師,"6月 18, 2026",798051,"28 5 烏 米津玄師 6月 18, 2026 23 12 798,051"
2026-09-11,jp,Japan,top_videos_weekly,,29,https://i.ytimg.com/vi/mgFUz_c4ToM/mqdefault.jpg,日向坂46『イチャイチャ蟲』MUSIC VIDEO,日向坂46,,,日向坂46『イチャイチャ虫』MUSIC VIDEO 日向坂46
2026-09-11,jp,Japan,top_videos_weekly,,30,https://i.ytimg.com/vi/kcXKLaLNqww/mqdefault.jpg,しおざきわんだーらんど,M!LK,,,しおざきわんだーらんど M!LK
2026-09-11,jp,Japan,top_videos_weekly,,31,https://i.ytimg.com/vi/MjeiIal1ZR0/mqdefault.jpg,lulu.,Mrs. GREEN APPLE,,,lulu. Mrs. GREEN APPLE
2026-09-11,jp,Japan,top_videos_weekly,,32,https://i.ytimg.com/vi/75MEFldsJKc/mqdefault.jpg,KO1KEYZ(コイキーズ)｜ 'KO1KEYZ' Official MV,KO1KEYZ,,,KO1KEYZ(コイキーズ)｜ 'KO1KEYZ' Official MV KO1KEYZ
2026-09-11,jp,Japan,top_videos_weekly,,33,https://i.ytimg.com/vi/Y6kCZTIkQw4/mqdefault.jpg,チラチLOVE,M!LK,"7月 3, 2026",650650,"33 4 チラチLOVE M!LK 7月 3, 2026 29 9 650,650"
2026-09-11,jp,Japan,top_videos_weekly,,34,https://i.ytimg.com/vi/2sKrO1oFQHg/mqdefault.jpg,Yes! 東京 (Instrumental),EBiDAN Ebisu Gakuen Boys Club,,,Yes! 東京 (Instrumental) EBiDAN Ebisu Gakuen Boys Club
2026-09-11,jp,Japan,top_videos_weekly,,35,https://i.ytimg.com/vi/k7h-bGKWOeY/mqdefault.jpg,かわいいは常識♡ ) - Kawaiiwa Jyoushiki,HoneyWorks,,,かわいいは常識♡ ) - Kawaiiwa Jyoushiki HoneyWorks
2026-09-11,jp,Japan,top_videos_weekly,,36,https://i.ytimg.com/vi/QwptBhqOYJQ/mqdefault.jpg,BPM,Kvi Baba,"8月 29, 2026",620794,"36 New BPM Kvi Baba 8月 29, 2026 - 1 620,794"
2026-09-11,jp,Japan,top_videos_weekly,,37,https://i.ytimg.com/vi/1DzBKtD3JzI/mqdefault.jpg,Five,嵐,"3月 5, 2026",620690,"37 5 Five 嵐 3月 5, 2026 42 27 620,690"
2026-09-11,jp,Japan,top_videos_weekly,,38,https://i.ytimg.com/vi/4R9Cze8c55g/mqdefault.jpg,ティラリラ☆スターチューン - Tira-Lira Star Tune,Yumeminana,,,ティラリラ☆スターチューン - Tira-Lira Star Tune Yumeminana
2026-09-11,jp,Japan,top_videos_weekly,,39,https://i.ytimg.com/vi/44cICMd3jW4/mqdefault.jpg,Soranji,Mrs. GREEN APPLE,,,Soranji Mrs. GREEN APPLE
2026-09-11,jp,Japan,top_videos_weekly,,40,https://i.ytimg.com/vi/v4kWR_REDEU/mqdefault.jpg,分かっちゃいないね,花隈千冬 / monet,,,分かっちゃいないね 花隈千冬 & monet
2026-09-11,jp,Japan,top_videos_weekly,,41,https://i.ytimg.com/vi/h-TPXFw_q0I/mqdefault.jpg,グッタイム - Good Time,Snow Man,,,グッタイム - Good Time Snow Man
2026-09-11,jp,Japan,top_videos_weekly,,42,https://i.ytimg.com/vi/fEiWFS9hoNM/mqdefault.jpg,ONE N’ ONLY／ “Samba de Night Fever” Dance Performance Video,ONE N' ONLY,,,ONE N’ ONLY／ “Samba de Night Fever” Dance Performance Video ONE N' ONLY
2026-09-11,jp,Japan,top_videos_weekly,,43,https://i.ytimg.com/vi/lOpdrEgmYzY/mqdefault.jpg,It's Me,ILLIT,"5月 6, 2026",571164,"43 5 It's Me ILLIT 5月 6, 2026 38 14 571,164"
2026-09-11,jp,Japan,top_videos_weekly,,44,https://i.ytimg.com/vi/gNg2Qw5R-Q4/mqdefault.jpg,セレナーデ - Serenade,natori,,,セレナーデ - Serenade natori
2026-09-11,jp,Japan,top_videos_weekly,,45,https://i.ytimg.com/vi/wymZugD0pXw/mqdefault.jpg,【デビュー20週年SP企畫】「Garden」May J.×優裡×川崎鷹也,May J.,,,【デビュー20周年SP企画】「Garden」May J.×優里×川崎鷹也 May J.
2026-09-11,jp,Japan,top_videos_weekly,,46,https://i.ytimg.com/vi/e4M8z1xGTw0/mqdefault.jpg,アイドルパワー (Live),M!LK,,,アイドルパワー (Live) M!LK
2026-09-11,jp,Japan,top_videos_weekly,,47,https://i.ytimg.com/vi/46h0LvDHgIs/mqdefault.jpg,SUN KISS,TUIDE,"8月 24, 2026",540913,"47 7 SUN KISS TUIDE 8月 24, 2026 40 2 540,913"
2026-09-11,jp,Japan,top_videos_weekly,,48,https://i.ytimg.com/vi/QoTqrXN4p-E/mqdefault.jpg,明るい夢 - Akarui yume,TAKARA,,,明るい夢 - Akarui yume TAKARA
2026-09-11,jp,Japan,top_videos_weekly,,49,https://i.ytimg.com/vi/IPBXepn5jTA/mqdefault.jpg,若者のすべて(Wakamono No Subete),富士纖維樂團,,,若者のすべて(Wakamono No Subete) 富士纖維樂團
2026-09-11,jp,Japan,top_videos_weekly,,50,https://i.ytimg.com/vi/qFhspt7zsXg/mqdefault.jpg,BUGS LIFE,Number_i,,,BUGS LIFE Number_i
2026-09-11,jp,Japan,top_videos_weekly,,51,https://i.ytimg.com/vi/usry25cSTBQ/mqdefault.jpg,＝LOVE（イコールラブ）/ 21st Single『戀、はじめました。』Position Shuffle version,=LOVE,,,＝LOVE（イコールラブ）/ 21st Single『恋、はじめました。』Position Shuffle version =LOVE
2026-09-11,jp,Japan,top_videos_weekly,,52,https://i.ytimg.com/vi/LM875jeR-PM/mqdefault.jpg,It's Me,ILLIT,"5月 7, 2026",516338,"52 4 It's Me ILLIT 5月 7, 2026 56 16 516,338"
2026-09-11,jp,Japan,top_videos_weekly,,53,https://i.ytimg.com/vi/OHAjc-ayhus/mqdefault.jpg,あぶく,YORUSHIKA,"4月 24, 2026",513410,"53 ● あぶく YORUSHIKA 4月 24, 2026 53 19 513,410"
2026-09-11,jp,Japan,top_videos_weekly,,54,https://i.ytimg.com/vi/pbZrLrYQ6mo/mqdefault.jpg,天國,Mrs. GREEN APPLE,,,天国 Mrs. GREEN APPLE
2026-09-11,jp,Japan,top_videos_weekly,,55,https://i.ytimg.com/vi/nRsTHcp3EwI/mqdefault.jpg,アイドルライフメガパック - IDOL LiFE MEGA PACK,iLiFE!,,,アイドルライフメガパック - IDOL LiFE MEGA PACK iLiFE!
2026-09-11,jp,Japan,top_videos_weekly,,56,https://i.ytimg.com/vi/l2jvIuTp534/mqdefault.jpg,夜鷹,米津玄師,"7月 15, 2026",493549,"56 6 夜鷹 米津玄師 7月 15, 2026 50 8 493,549"
2026-09-11,jp,Japan,top_videos_weekly,,57,https://i.ytimg.com/vi/G4lqzvRpwVY/mqdefault.jpg,グッタイム - Good Time,Snow Man,,,グッタイム - Good Time Snow Man
2026-09-11,jp,Japan,top_videos_weekly,,58,https://i.ytimg.com/vi/WKCkRz5ULhg/mqdefault.jpg,アイドルパワー,M!LK,"8月 14, 2026",463288,"58 15 アイドルパワー M!LK 8月 14, 2026 43 3 463,288"
2026-09-11,jp,Japan,top_videos_weekly,,59,https://i.ytimg.com/vi/9NJI7cLZ2Qg/mqdefault.jpg,風と町,Mrs. GREEN APPLE,,,風と町 Mrs. GREEN APPLE
2026-09-11,jp,Japan,top_videos_weekly,,60,https://i.ytimg.com/vi/I_6m6_Ylyd8/mqdefault.jpg,Missing,BE:FIRST,,,Missing BE:FIRST
2026-09-11,jp,Japan,top_videos_weekly,,61,https://i.ytimg.com/vi/PmkN1iH4Ci4/mqdefault.jpg,GO GHOST,King Gnu,,,GO GHOST King Gnu
2026-09-11,jp,Japan,top_videos_weekly,,62,https://i.ytimg.com/vi/xefpHEg5UIA/mqdefault.jpg,僕のこと - Bokuno Koto,Mrs. GREEN APPLE,,,僕のこと - Bokuno Koto Mrs. GREEN APPLE
2026-09-11,jp,Japan,top_videos_weekly,,63,https://i.ytimg.com/vi/-q_S27LbNKU/mqdefault.jpg,BAD,ATEEZ,"6月 25, 2026",453035,"63 3 BAD ATEEZ 6月 25, 2026 60 8 453,035"
2026-09-11,jp,Japan,top_videos_weekly,,64,https://i.ytimg.com/vi/6CqeGHXXioU/mqdefault.jpg,FARMING,Stray Kids,,,FARMING Stray Kids
2026-09-11,jp,Japan,top_videos_weekly,,65,https://i.ytimg.com/vi/nKg7LvTWtIw/mqdefault.jpg,SHOW-GO - Seven Days (Beatbox),SHOW-GO,,,SHOW-GO - Seven Days (Beatbox) SHOW-GO
2026-09-11,jp,Japan,top_videos_weekly,,66,https://i.ytimg.com/vi/Jjojd47bu-s/mqdefault.jpg,ケセラセラ - CEREMONY (Live),Mrs. GREEN APPLE,,,ケセラセラ - CEREMONY (Live) Mrs. GREEN APPLE
2026-09-11,jp,Japan,top_videos_weekly,,67,https://i.ytimg.com/vi/MT-4Bk1Lw8g/mqdefault.jpg,Bloody Paradise,ENHYPEN,,,Bloody Paradise ENHYPEN
2026-09-11,jp,Japan,top_videos_weekly,,68,https://i.ytimg.com/vi/T24rF_x0TmQ/mqdefault.jpg,ヤラララ,AnythingBecomeMoe,,,ヤラララ AnythingBecomeMoe
2026-09-11,jp,Japan,top_videos_weekly,,69,https://i.ytimg.com/vi/Jy-QS27q7lA/mqdefault.jpg,ケセラセラ - Que Sera Sera,Mrs. GREEN APPLE,,,ケセラセラ - Que Sera Sera Mrs. GREEN APPLE
2026-09-11,jp,Japan,top_videos_weekly,,70,https://i.ytimg.com/vi/HWZwkF2gYQs/mqdefault.jpg,You Know What To Do,INI,,,You Know What To Do INI
2026-09-11,jp,Japan,top_videos_weekly,,71,https://i.ytimg.com/vi/qf4kjBYR3O0/mqdefault.jpg,星野源 - 好き [Official Video],星野源 Gen Hoshino,,,星野源 - 好き [Official Video] 星野源 Gen Hoshino
2026-09-11,jp,Japan,top_videos_weekly,,72,https://i.ytimg.com/vi/TtAgxS48tyg/mqdefault.jpg,クエスチョン - Question,meiyo,,,クエスチョン - Question meiyo
2026-09-11,jp,Japan,top_videos_weekly,,73,https://i.ytimg.com/vi/TzH5BsJj81Y/mqdefault.jpg,アクマバライ - Exorcist,Something's off with my Vocaloid,,,アクマバライ - Exorcist Something's off with my Vocaloid
2026-09-11,jp,Japan,top_videos_weekly,,74,https://i.ytimg.com/vi/uSDtkV3PXSA/mqdefault.jpg,GUM&DROP,星街彗星,"8月 31, 2026",389136,"74 New GUM&DROP 星街彗星 8月 31, 2026 - 1 389,136"
2026-09-11,jp,Japan,top_videos_weekly,,75,https://i.ytimg.com/vi/6lN51mwvuA8/mqdefault.jpg,Gg Ez,M.Sasuke,"5月 30, 2026",388742,"75 14 Gg Ez M.Sasuke 5月 30, 2026 61 5 388,742"
2026-09-11,jp,Japan,top_videos_weekly,,76,https://i.ytimg.com/vi/-H4bB6hxeEs/mqdefault.jpg,きゃぴ (Kyapi),Houshou Marine,,,きゃぴ (Kyapi) Houshou Marine
2026-09-11,jp,Japan,top_videos_weekly,,77,https://i.ytimg.com/vi/lsHy8vRpnAM/mqdefault.jpg,クスシキ,Mrs. GREEN APPLE,,,クスシキ Mrs. GREEN APPLE
2026-09-11,jp,Japan,top_videos_weekly,,78,https://i.ytimg.com/vi/euz_o-n_3Cs/mqdefault.jpg,ONE,狼人樂團,"8月 29, 2026",365306,"78 New ONE 狼人樂團 8月 29, 2026 - 1 365,306"
2026-09-11,jp,Japan,top_videos_weekly,,79,https://i.ytimg.com/vi/Lp7Tt2x_wDY/mqdefault.jpg,【MV】LiMiT STRiKER! / iLiFE!【EWC × REJECT テーマソング】,iLiFE!,,,【MV】LiMiT STRiKER! / iLiFE!【EWC × REJECT テーマソング】 iLiFE!
2026-09-11,jp,Japan,top_videos_weekly,,80,https://i.ytimg.com/vi/0beWrfj7AvE/mqdefault.jpg,ガチ夢中！ - GACHI MUCHU！,超特急,,,ガチ夢中！ - GACHI MUCHU！ 超特急
2026-09-11,jp,Japan,top_videos_weekly,,81,https://i.ytimg.com/vi/VQmdUnlNnds/mqdefault.jpg,キュートなキューたい,CUTIE STREET,,,キュートなキューたい CUTIE STREET
2026-09-11,jp,Japan,top_videos_weekly,,82,https://i.ytimg.com/vi/oWRCXGvcU9s/mqdefault.jpg,愛くださいませ,NOT EQUAL ME,,,愛くださいませ NOT EQUAL ME
2026-09-11,jp,Japan,top_videos_weekly,,83,https://i.ytimg.com/vi/TfvYFX06Mes/mqdefault.jpg,真夜中のZOO (Live),ACEes,,,真夜中のZOO (Live) ACEes
2026-09-11,jp,Japan,top_videos_weekly,,84,https://i.ytimg.com/vi/mnf87lhGgqE/mqdefault.jpg,総意♡So Free,CANDY TUNE,,,総意♡So Free CANDY TUNE
2026-09-11,jp,Japan,top_videos_weekly,,85,https://i.ytimg.com/vi/9C9ai9zMveE/mqdefault.jpg,エアロピクルス - Aeropickles,KomeAnime,,,エアロピクルス - Aeropickles KomeAnime
2026-09-11,jp,Japan,top_videos_weekly,,86,https://i.ytimg.com/vi/WNcNOaUWRaU/mqdefault.jpg,私は最強 (Live),Mrs. GREEN APPLE,,,私は最強 (Live) Mrs. GREEN APPLE
2026-09-11,jp,Japan,top_videos_weekly,,87,https://i.ytimg.com/vi/-p3O35mfSB4/mqdefault.jpg,夏の影 - Summer Shadow,Mrs. GREEN APPLE,,,夏の影 - Summer Shadow Mrs. GREEN APPLE
2026-09-11,jp,Japan,top_videos_weekly,,88,https://i.ytimg.com/vi/NaY0tOP29ps/mqdefault.jpg,フォーモ - FOMO,Tokyo Manaka,,,フォーモ - FOMO Tokyo Manaka
2026-09-11,jp,Japan,top_videos_weekly,,89,https://i.ytimg.com/vi/eB-IK2wPWzw/mqdefault.jpg,BAD,ATEEZ,"8月 1, 2026",318793,"89 New BAD ATEEZ 8月 1, 2026 - 1 318,793"
2026-09-11,jp,Japan,top_videos_weekly,,90,https://i.ytimg.com/vi/drz6XqjEvBY/mqdefault.jpg,Magic,Mrs. GREEN APPLE,,,Magic Mrs. GREEN APPLE
2026-09-11,jp,Japan,top_videos_weekly,,91,https://i.ytimg.com/vi/V81fRKV4D2g/mqdefault.jpg,"戀、はじめました。 - Koi, Hajimemashita.",=LOVE,,,"恋、はじめました。 - Koi, Hajimemashita. =LOVE"
2026-09-11,jp,Japan,top_videos_weekly,,92,https://i.ytimg.com/vi/83C3TZ4Zm_o/mqdefault.jpg,LEMONADE,aespa,"5月 28, 2026",316732,"92 27 LEMONADE aespa 5月 28, 2026 65 14 316,732"
2026-09-11,jp,Japan,top_videos_weekly,,93,https://i.ytimg.com/vi/4IKHox-DKrM/mqdefault.jpg,モンストロ - Monstruo,Ado,,,モンストロ - Monstruo Ado
2026-09-11,jp,Japan,top_videos_weekly,,94,https://i.ytimg.com/vi/TLJqi0IjMwo/mqdefault.jpg,GOOD DAY,Mrs. GREEN APPLE,,,GOOD DAY Mrs. GREEN APPLE
2026-09-11,jp,Japan,top_videos_weekly,,95,https://i.ytimg.com/vi/RiDCIqF0-6Y/mqdefault.jpg,ロマンチシズム - Romanticism,Mrs. GREEN APPLE,,,ロマンチシズム - Romanticism Mrs. GREEN APPLE
2026-09-11,jp,Japan,top_videos_weekly,,96,https://i.ytimg.com/vi/BZ4UzthYTss/mqdefault.jpg,This & That,Stray Kids,,,This & That Stray Kids
2026-09-11,jp,Japan,top_videos_weekly,,97,https://i.ytimg.com/vi/CZt8dMKDHsE/mqdefault.jpg,私 (Live),Mrs. GREEN APPLE,,,私 (Live) Mrs. GREEN APPLE
2026-09-11,jp,Japan,top_videos_weekly,,98,https://i.ytimg.com/vi/lMa6lrXUSSo/mqdefault.jpg,抜錨 - ナナホシ管絃楽団 / 町田ちま(Cover),町田ちま【にじさんじ】,,,抜錨 - ナナホシ管弦楽団 / 町田ちま(Cover) 町田ちま【にじさんじ】
2026-09-11,jp,Japan,top_videos_weekly,,99,https://i.ytimg.com/vi/oRdxUFDoQe0/mqdefault.jpg,Beat It,Michael Jackson,,,Beat It Michael Jackson
2026-09-11,jp,Japan,top_videos_weekly,,100,https://i.ytimg.com/vi/CN-Ja6jCweA/mqdefault.jpg,Magic,Mrs. GREEN APPLE,,,Magic Mrs. GREEN APPLE
2026-09-11,kr,South Korea,top_videos_weekly,,1,https://i.ytimg.com/vi/s466YCiHfKw/mqdefault.jpg,FALLEN ANGEL (Official Video),JENNIE,,,FALLEN ANGEL (Official Video) JENNIE
2026-09-11,kr,South Korea,top_videos_weekly,,2,https://i.ytimg.com/vi/GxChUrrY4bc/mqdefault.jpg,꿈꾸던 어른이 되었나요?,머무르,,,꿈꾸던 어른이 되었나요? 머무르
2026-09-11,kr,South Korea,top_videos_weekly,,3,https://i.ytimg.com/vi/B5u8JiGVI_k/mqdefault.jpg,BIGBANG - ‘BiiiG’ DANCE PRACTICE,BIGBANG,,,BIGBANG - ‘BiiiG’ DANCE PRACTICE BIGBANG
2026-09-11,kr,South Korea,top_videos_weekly,,4,https://i.ytimg.com/vi/L8ZnXgbyUuc/mqdefault.jpg,BIGBANG - ‘BiiiG’ M/V,BIGBANG,,,BIGBANG - ‘BiiiG’ M/V BIGBANG
2026-09-11,kr,South Korea,top_videos_weekly,,5,https://i.ytimg.com/vi/46h0LvDHgIs/mqdefault.jpg,SUN KISS,TUIDE,"8月 24, 2026",761141,"5 1 SUN KISS TUIDE 8月 24, 2026 4 2 761,141"
2026-09-11,kr,South Korea,top_videos_weekly,,6,https://i.ytimg.com/vi/-q_S27LbNKU/mqdefault.jpg,BAD,ATEEZ,"6月 25, 2026",681694,"6 2 BAD ATEEZ 6月 25, 2026 8 10 681,694"
2026-09-11,kr,South Korea,top_videos_weekly,,7,https://i.ytimg.com/vi/Gk8F8waA0tM/mqdefault.jpg,Happy Me (2026 ver.),Ha Yea Song,,2026,Happy Me (2026 ver.) Ha Yea Song
2026-09-11,kr,South Korea,top_videos_weekly,,8,https://i.ytimg.com/vi/qZlu2j2SiBA/mqdefault.jpg,Pretty Girl,RESCENE,,,Pretty Girl RESCENE
2026-09-11,kr,South Korea,top_videos_weekly,,9,https://i.ytimg.com/vi/9XttLI0oH0I/mqdefault.jpg,LOVE ATTACK,RESCENE,,,LOVE ATTACK RESCENE
2026-09-11,kr,South Korea,top_videos_weekly,,10,https://i.ytimg.com/vi/cC66L4givYg/mqdefault.jpg,임현정 '사랑은 봄비처럼 이별은 겨울비처럼...' (Live at Sky Art Hall),"임현정 LIM Hyunjung , Official",,,"임현정 '사랑은 봄비처럼 이별은 겨울비처럼...' (Live at Sky Art Hall) 임현정 LIM Hyunjung , Official"
2026-09-11,kr,South Korea,top_videos_weekly,,11,https://i.ytimg.com/vi/Jxgbfc89hNI/mqdefault.jpg,Suddenly,I.O.I,"5月 19, 2026",560519,"11 5 Suddenly I.O.I 5月 19, 2026 6 16 560,519"
2026-09-11,kr,South Korea,top_videos_weekly,,12,https://i.ytimg.com/vi/YTeFLKMnwjg/mqdefault.jpg,Speed of Summer,WINTER,,,Speed of Summer WINTER
2026-09-11,kr,South Korea,top_videos_weekly,,13,https://i.ytimg.com/vi/ZbO9PBdFRdc/mqdefault.jpg,Deja Vu,RESCENE,"7月 2, 2025",457511,"13 3 Deja Vu RESCENE 7月 2, 2025 10 16 457,511"
2026-09-11,kr,South Korea,top_videos_weekly,,14,https://i.ytimg.com/vi/XPUOHpkRAxg/mqdefault.jpg,마음의 숲,조선힙합,"4月 9, 2026",455652,"14 1 마음의 숲 조선힙합 4月 9, 2026 15 15 455,652"
2026-09-11,kr,South Korea,top_videos_weekly,,15,https://i.ytimg.com/vi/Yyfv2R97dHA/mqdefault.jpg,남유정(NamYouJoung) '초대 (feat.이민혁 (HUTA))' Performance Video | Official,유랄라Youlalla,,,남유정(NamYouJoung) '초대 (feat.이민혁 (HUTA))' Performance Video | Official 유랄라Youlalla
2026-09-11,kr,South Korea,top_videos_weekly,,16,https://i.ytimg.com/vi/1rAos7HClwI/mqdefault.jpg,"RYUJIN “REDRED” @ ITZY The 5th Fan Meeting “ALL IN, MIDZY”",ITZY,,,"RYUJIN “REDRED” @ ITZY The 5th Fan Meeting “ALL IN, MIDZY” ITZY"
2026-09-11,kr,South Korea,top_videos_weekly,,17,https://i.ytimg.com/vi/bMhDJ0S0OBA/mqdefault.jpg,It's Me,ILLIT,"4月 30, 2026",412262,"17 6 It's Me ILLIT 4月 30, 2026 11 19 412,262"
2026-09-11,kr,South Korea,top_videos_weekly,,18,https://i.ytimg.com/vi/hXYjK4in0MM/mqdefault.jpg,Die Another Day,TNX,,,Die Another Day TNX
2026-09-11,kr,South Korea,top_videos_weekly,,19,https://i.ytimg.com/vi/9Jph8lIgYEE/mqdefault.jpg,B THE HOOD (비더후드) ‘JADED’ Music Video,B THE HOOD,,,B THE HOOD (비더후드) ‘JADED’ Music Video B THE HOOD
2026-09-11,kr,South Korea,top_videos_weekly,,20,https://i.ytimg.com/vi/DmGw3btkwo0/mqdefault.jpg,Last bus,Splayit,,,Last bus Splayit
2026-09-11,kr,South Korea,top_videos_weekly,,21,https://i.ytimg.com/vi/83C3TZ4Zm_o/mqdefault.jpg,LEMONADE,aespa,"5月 28, 2026",356426,"21 8 LEMONADE aespa 5月 28, 2026 13 14 356,426"
2026-09-11,kr,South Korea,top_videos_weekly,,22,https://i.ytimg.com/vi/Er-pKc2dvLY/mqdefault.jpg,Toko Toko,최유리,"8月 27, 2026",351971,"22 New Toko Toko 최유리 8月 27, 2026 - 1 351,971"
2026-09-11,kr,South Korea,top_videos_weekly,,23,https://i.ytimg.com/vi/ts7-qWkpKYA/mqdefault.jpg,CHUNG HA 청하 | Digital Single [México] Music Video,CHUNG HA 청하,,,CHUNG HA 청하 | Digital Single [México] Music Video CHUNG HA 청하
2026-09-11,kr,South Korea,top_videos_weekly,,24,https://i.ytimg.com/vi/oHFQ6aKTAMw/mqdefault.jpg,P1Harmony (피원하모니) INTAK (인탁) -‘Hip Song’ (비) LIVE CLIP @2026 FAN MEETING [P1uspace H : Horror Haven],P1Harmony,,2026,P1Harmony (피원하모니) INTAK (인탁) -‘Hip Song’ (비) LIVE CLIP @2026 FAN MEETING [P1uspace H : Horror Haven] P1Harmony
2026-09-11,kr,South Korea,top_videos_weekly,,25,https://i.ytimg.com/vi/F7sGJVUrkjQ/mqdefault.jpg,RUDE!,Hearts2Hearts,,,RUDE! Hearts2Hearts
2026-09-11,kr,South Korea,top_videos_weekly,,26,https://i.ytimg.com/vi/fgSXAKsq-Vo/mqdefault.jpg,리와인드 (RE:WIND),이세계아이돌 (ISEGYE IDOL),,,리와인드 (RE:WIND) 이세계아이돌 (ISEGYE IDOL)
2026-09-11,kr,South Korea,top_videos_weekly,,27,https://i.ytimg.com/vi/ylTuLv9iDmY/mqdefault.jpg,A SONG FOR US,Lim Young-woong,,,A SONG FOR US Lim Young-woong
2026-09-11,kr,South Korea,top_videos_weekly,,28,https://i.ytimg.com/vi/Qe8fa4b5xNU/mqdefault.jpg,Good Goodbye,HWASA,,,Good Goodbye HWASA
2026-09-11,kr,South Korea,top_videos_weekly,,29,https://i.ytimg.com/vi/UsbRoaH6y-Q/mqdefault.jpg,Pop Off Pop Off,KiiiKiii,,,Pop Off Pop Off KiiiKiii
2026-09-11,kr,South Korea,top_videos_weekly,,30,https://i.ytimg.com/vi/sLk8zWUuYTA/mqdefault.jpg,Vitamin ME,fromis_9,,,Vitamin ME fromis_9
2026-09-11,kr,South Korea,top_videos_weekly,,31,https://i.ytimg.com/vi/yebNIHKAC4A/mqdefault.jpg,Golden,HUNTR/X / EJAE / AUDREY NUNA / REI AMI / KPop Demon Hunters Cast,,,"Golden HUNTR/X , EJAE , AUDREY NUNA , REI AMI & KPop Demon Hunters Cast"
2026-09-11,kr,South Korea,top_videos_weekly,,32,https://i.ytimg.com/vi/6flyAoHp-Wo/mqdefault.jpg,노브레인 - '아메리카노' Official MV,無腦,,,노브레인 - '아메리카노' Official MV 無腦
2026-09-11,kr,South Korea,top_videos_weekly,,33,https://i.ytimg.com/vi/B8XH_-CN2jc/mqdefault.jpg,LEECHANGSUB 이창섭 - ‘또 사랑이라니 (Prod. 윤종신)’ LIVE CLIP,fantagio 판타지오,,,LEECHANGSUB 이창섭 - ‘또 사랑이라니 (Prod. 윤종신)’ LIVE CLIP fantagio 판타지오
2026-09-11,kr,South Korea,top_videos_weekly,,34,https://i.ytimg.com/vi/H0GbvPY_Yl8/mqdefault.jpg,만찬가,TAEYEON,"6月 29, 2026",254688,"34 2 만찬가 TAEYEON 6月 29, 2026 32 10 254,688"
2026-09-11,kr,South Korea,top_videos_weekly,,35,https://i.ytimg.com/vi/h0KIWaUEIgQ/mqdefault.jpg,사랑하게 될 거야,HANRORO,,,사랑하게 될 거야 HANRORO
2026-09-11,kr,South Korea,top_videos_weekly,,36,https://i.ytimg.com/vi/eB-IK2wPWzw/mqdefault.jpg,BAD,ATEEZ,"8月 1, 2026",246275,"36 24 BAD ATEEZ 8月 1, 2026 60 5 246,275"
2026-09-11,kr,South Korea,top_videos_weekly,,37,https://i.ytimg.com/vi/BjFX1eugZ-Y/mqdefault.jpg,Blingy,NCT 127,"8月 24, 2026",235488,"37 14 Blingy NCT 127 8月 24, 2026 23 2 235,488"
2026-09-11,kr,South Korea,top_videos_weekly,,38,https://i.ytimg.com/vi/GnSaLQTrvt0/mqdefault.jpg,Good Goodbye,HWASA,,,Good Goodbye HWASA
2026-09-11,kr,South Korea,top_videos_weekly,,39,https://i.ytimg.com/vi/5hL7uPsISY0/mqdefault.jpg,그냥 해,조선힙합,"6月 16, 2026",224674,"39 4 그냥 해 조선힙합 6月 16, 2026 43 11 224,674"
2026-09-11,kr,South Korea,top_videos_weekly,,40,https://i.ytimg.com/vi/MT-4Bk1Lw8g/mqdefault.jpg,Bloody Paradise,ENHYPEN,,,Bloody Paradise ENHYPEN
2026-09-11,kr,South Korea,top_videos_weekly,,41,https://i.ytimg.com/vi/yEHkBifsHPY/mqdefault.jpg,그댈 위한 멜로디,任英雄,"11月 18, 2025",219784,"41 2 그댈 위한 멜로디 任英雄 11月 18, 2025 39 36 219,784"
2026-09-11,kr,South Korea,top_videos_weekly,,42,https://i.ytimg.com/vi/UsjsYMo3O1Q/mqdefault.jpg,Brain Rot,Tokyo Manaka,,,Brain Rot Tokyo Manaka
2026-09-11,kr,South Korea,top_videos_weekly,,43,https://i.ytimg.com/vi/--zku6TB5NY/mqdefault.jpg,BIGBANG - ‘LAST DANCE’ M/V,BIGBANG,,,BIGBANG - ‘LAST DANCE’ M/V BIGBANG
2026-09-11,kr,South Korea,top_videos_weekly,,44,https://i.ytimg.com/vi/U6BDbXIah-Y/mqdefault.jpg,REDRED,CORTIS,"4月 20, 2026",205546,"44 8 REDRED CORTIS 4月 20, 2026 36 20 205,546"
2026-09-11,kr,South Korea,top_videos_weekly,,45,https://i.ytimg.com/vi/6lN51mwvuA8/mqdefault.jpg,Gg Ez,M.Sasuke,"5月 30, 2026",203856,"45 14 Gg Ez M.Sasuke 5月 30, 2026 31 10 203,856"
2026-09-11,kr,South Korea,top_videos_weekly,,46,https://i.ytimg.com/vi/30hZXHeB85U/mqdefault.jpg,ULSSIGU,任英雄,"9月 14, 2025",197147,"46 19 ULSSIGU 任英雄 9月 14, 2025 27 51 197,147"
2026-09-11,kr,South Korea,top_videos_weekly,,47,https://i.ytimg.com/vi/dB8QCac8FSM/mqdefault.jpg,將棋一番！ (つめあわせ ver.) - Shogi Ichiban！ (Tsumeawase ver.),Yukopi,,,将棋一番！ (つめあわせ ver.) - Shogi Ichiban！ (Tsumeawase ver.) Yukopi
2026-09-11,kr,South Korea,top_videos_weekly,,48,https://i.ytimg.com/vi/07cb8UQnwtE/mqdefault.jpg,Bish Bash Bosh,미미,,,Bish Bash Bosh 미미
2026-09-11,kr,South Korea,top_videos_weekly,,49,https://i.ytimg.com/vi/D54StAZFUrc/mqdefault.jpg,Paradise of Rumors,AKMU,,,Paradise of Rumors AKMU
2026-09-11,kr,South Korea,top_videos_weekly,,50,https://i.ytimg.com/vi/4L_YopHT3Gg/mqdefault.jpg,돌아보지 마세요,Lim Young-woong,,,돌아보지 마세요 Lim Young-woong
2026-09-11,kr,South Korea,top_videos_weekly,,51,https://i.ytimg.com/vi/vFVYIPb_Stk/mqdefault.jpg,[MV] Juho(주호) _ Rusted Heart(녹슨 가슴),Juho,,,[MV] Juho(주호) _ Rusted Heart(녹슨 가슴) Juho
2026-09-11,kr,South Korea,top_videos_weekly,,52,https://i.ytimg.com/vi/n-QR5ishboM/mqdefault.jpg,15-LOVE,Hearts2Hearts,,,15-LOVE Hearts2Hearts
2026-09-11,kr,South Korea,top_videos_weekly,,53,https://i.ytimg.com/vi/TzH5BsJj81Y/mqdefault.jpg,アクマバライ - Exorcist,Something's off with my Vocaloid,,,アクマバライ - Exorcist Something's off with my Vocaloid
2026-09-11,kr,South Korea,top_videos_weekly,,54,https://i.ytimg.com/vi/1jKnI_ib8c8/mqdefault.jpg,Motto,ITZY,"5月 18, 2026",181804,"54 54 Motto ITZY 5月 18, 2026 - 3 181,804"
2026-09-11,kr,South Korea,top_videos_weekly,,55,https://i.ytimg.com/vi/chl0R8C4NJ8/mqdefault.jpg,Hearts2Hearts 하츠투하츠 'ICONIC HEART' MV,Hearts2Hearts,,,Hearts2Hearts 하츠투하츠 'ICONIC HEART' MV Hearts2Hearts
2026-09-11,kr,South Korea,top_videos_weekly,,56,https://i.ytimg.com/vi/T24rF_x0TmQ/mqdefault.jpg,ヤラララ,AnythingBecomeMoe,,,ヤラララ AnythingBecomeMoe
2026-09-11,kr,South Korea,top_videos_weekly,,57,https://i.ytimg.com/vi/MJAveqDtLyc/mqdefault.jpg,소연 (SOYEON) 'STAR',(G)I-DLE,,,소연 (SOYEON) 'STAR' (G)I-DLE
2026-09-11,kr,South Korea,top_videos_weekly,,58,https://i.ytimg.com/vi/tIEh4uM9vjc/mqdefault.jpg,송소희 Song Sohee - 아리랑 + NANSEN (Live From 2026 JUMF),宋素熙,,2026,송소희 Song Sohee - 아리랑 + NANSEN (Live From 2026 JUMF) 宋素熙
2026-09-11,kr,South Korea,top_videos_weekly,,59,https://i.ytimg.com/vi/hxcby8nz-YU/mqdefault.jpg,HOP,ALL(H)OURS,"8月 25, 2026",162494,"59 New HOP ALL(H)OURS 8月 25, 2026 - 1 162,494"
2026-09-11,kr,South Korea,top_videos_weekly,,60,https://i.ytimg.com/vi/wHCbE4cggyc/mqdefault.jpg,"Tiger JK, 윤미래 (yoonmirae) - 'Let Me Love You' Official M/V",Feel Ghood Music [필굿뮤직],,,"Tiger JK, 윤미래 (yoonmirae) - 'Let Me Love You' Official M/V Feel Ghood Music [필굿뮤직]"
2026-09-11,kr,South Korea,top_videos_weekly,,61,https://i.ytimg.com/vi/pHciG9_2xXM/mqdefault.jpg,"Meet my GRLS, TUIDE",HYBE LABELS,,,"Meet my GRLS, TUIDE HYBE LABELS"
2026-09-11,kr,South Korea,top_videos_weekly,,62,https://i.ytimg.com/vi/6Ycn9qZK09I/mqdefault.jpg,Heavy Serenade,NMIXX,,,Heavy Serenade NMIXX
2026-09-11,kr,South Korea,top_videos_weekly,,63,https://i.ytimg.com/vi/7LjFAoWvsbE/mqdefault.jpg,Walking with you,滑川康男,,,Walking with you 滑川康男
2026-09-11,kr,South Korea,top_videos_weekly,,64,https://i.ytimg.com/vi/buPhYiIXMTM/mqdefault.jpg,"Mrs. GREEN APPLE - 푸름과여름 [青と夏] 🎵""저 가수입니다🎤"" by강남 (with. ENHYPEN 제이)",滑川康男,,,"Mrs. GREEN APPLE - 푸름과여름 [青と夏] 🎵""저 가수입니다🎤"" by강남 (with. ENHYPEN 제이) 滑川康男"
2026-09-11,kr,South Korea,top_videos_weekly,,65,https://i.ytimg.com/vi/PxmKaXqeK2s/mqdefault.jpg,너의 차선,조선힙합,"5月 21, 2026",142324,"65 3 너의 차선 조선힙합 5月 21, 2026 62 10 142,324"
2026-09-11,kr,South Korea,top_videos_weekly,,66,https://i.ytimg.com/vi/Zb1sZ16uWBk/mqdefault.jpg,long for you,Hyunjin / Stray Kids,,,long for you Hyunjin & Stray Kids
2026-09-11,kr,South Korea,top_videos_weekly,,67,https://i.ytimg.com/vi/hrkELy64_zA/mqdefault.jpg,Please Summer!,臉紅的思春期,,,Please Summer! 臉紅的思春期
2026-09-11,kr,South Korea,top_videos_weekly,,68,https://i.ytimg.com/vi/6CqeGHXXioU/mqdefault.jpg,FARMING,Stray Kids,,,FARMING Stray Kids
2026-09-11,kr,South Korea,top_videos_weekly,,69,https://i.ytimg.com/vi/Tp4GDTcN2iI/mqdefault.jpg,[성시경 노래] 72. 이별여행 (With.원미연) l Sung Si Kyung Music,成始璄,,,[성시경 노래] 72. 이별여행 (With.원미연) l Sung Si Kyung Music 成始璄
2026-09-11,kr,South Korea,top_videos_weekly,,70,https://i.ytimg.com/vi/NaY0tOP29ps/mqdefault.jpg,フォーモ - FOMO,Tokyo Manaka,,,フォーモ - FOMO Tokyo Manaka
2026-09-11,kr,South Korea,top_videos_weekly,,71,https://i.ytimg.com/vi/-H4bB6hxeEs/mqdefault.jpg,きゃぴ (Kyapi),Houshou Marine,,,きゃぴ (Kyapi) Houshou Marine
2026-09-11,kr,South Korea,top_videos_weekly,,72,https://i.ytimg.com/vi/pOYMXYg0y0o/mqdefault.jpg,I Should've Said,So Soo Bin,,,I Should've Said So Soo Bin
2026-09-11,kr,South Korea,top_videos_weekly,,73,https://i.ytimg.com/vi/B8JJ8RNM-60/mqdefault.jpg,Pinball,RESCENE,"9月 21, 2024",134476,"73 5 Pinball RESCENE 9月 21, 2024 78 6 134,476"
2026-09-11,kr,South Korea,top_videos_weekly,,74,https://i.ytimg.com/vi/JSFG-IE8n_c/mqdefault.jpg,like JENNIE,JENNIE,,,like JENNIE JENNIE
2026-09-11,kr,South Korea,top_videos_weekly,,75,https://i.ytimg.com/vi/-lwj47dDrNU/mqdefault.jpg,"CHAERYEONG “Full Moon” @ ITZY The 5th Fan Meeting “ALL IN, MIDZY”",ITZY,,,"CHAERYEONG “Full Moon” @ ITZY The 5th Fan Meeting “ALL IN, MIDZY” ITZY"
2026-09-11,kr,South Korea,top_videos_weekly,,76,https://i.ytimg.com/vi/MC6-82GRK5I/mqdefault.jpg,Bloom,RESCENE,"11月 25, 2025",133293,"76 5 Bloom RESCENE 11月 25, 2025 81 9 133,293"
2026-09-11,kr,South Korea,top_videos_weekly,,77,https://i.ytimg.com/vi/XKZIQlqVjjk/mqdefault.jpg,승인해주세요 지니님!,카사네 테토 / Una Otomachi,,,승인해주세요 지니님! 카사네 테토 & Una Otomachi
2026-09-11,kr,South Korea,top_videos_weekly,,78,https://i.ytimg.com/vi/1VqxWNwgf5Q/mqdefault.jpg,Lemon Tang,Hearts2Hearts,,,Lemon Tang Hearts2Hearts
2026-09-11,kr,South Korea,top_videos_weekly,,79,https://i.ytimg.com/vi/5LK63hujO7U/mqdefault.jpg,Last of My Kind (Art. myeoljongwigikangaroo),Anonymous Artists (어나니머스 아티스트) / myeoljongwigikangaroo,,,Last of My Kind (Art. myeoljongwigikangaroo) Anonymous Artists (어나니머스 아티스트) & myeoljongwigikangaroo
2026-09-11,kr,South Korea,top_videos_weekly,,80,https://i.ytimg.com/vi/9cS2wv6AfHk/mqdefault.jpg,I LIKE IT,BABYMONSTER,,,I LIKE IT BABYMONSTER
2026-09-11,kr,South Korea,top_videos_weekly,,81,https://i.ytimg.com/vi/3b4men4nFMA/mqdefault.jpg,그냥 그러려니 해,조선힙합,"8月 6, 2026",123444,"81 7 그냥 그러려니 해 조선힙합 8月 6, 2026 88 3 123,444"
2026-09-11,kr,South Korea,top_videos_weekly,,82,https://i.ytimg.com/vi/Rc9fJ8PLZr0/mqdefault.jpg,벤슨 분 (Benson Boone) - The Time Of My Life 가사 번역 뮤직비디오,워너뮤직코리아 (Warner Music Korea),,,벤슨 분 (Benson Boone) - The Time Of My Life 가사 번역 뮤직비디오 워너뮤직코리아 (Warner Music Korea)
2026-09-11,kr,South Korea,top_videos_weekly,,83,https://i.ytimg.com/vi/8R2UTnAbfTg/mqdefault.jpg,늙은 사랑,조선힙합,"5月 15, 2026",121356,"83 4 늙은 사랑 조선힙합 5月 15, 2026 87 8 121,356"
2026-09-11,kr,South Korea,top_videos_weekly,,84,https://i.ytimg.com/vi/DIxRlfHq9Fo/mqdefault.jpg,DANGER,Treasure,"8月 23, 2026",121343,"84 New DANGER Treasure 8月 23, 2026 - 1 121,343"
2026-09-11,kr,South Korea,top_videos_weekly,,85,https://i.ytimg.com/vi/_IT83Y_HcAw/mqdefault.jpg,Less than a Lover,JENNIE,,,Less than a Lover JENNIE
2026-09-11,kr,South Korea,top_videos_weekly,,86,https://i.ytimg.com/vi/x3eqqoZPV_E/mqdefault.jpg,춤 (CHOOM),BABYMONSTER,,,춤 (CHOOM) BABYMONSTER
2026-09-11,kr,South Korea,top_videos_weekly,,87,https://i.ytimg.com/vi/9kaCAbIXuyg/mqdefault.jpg,"G-DRAGON - '무제(無題) (Untitled, 2014)' M/V",G-Dragon,,2014,"G-DRAGON - '무제(無題) (Untitled, 2014)' M/V G-Dragon"
2026-09-11,kr,South Korea,top_videos_weekly,,88,https://i.ytimg.com/vi/gW5rI8NGSxE/mqdefault.jpg,Parallel Night,서영주 of 너드커넥션,,,Parallel Night 서영주 of 너드커넥션
2026-09-11,kr,South Korea,top_videos_weekly,,89,https://i.ytimg.com/vi/1cKc1rkZwf8/mqdefault.jpg,It's Art,PSY,"2月 7, 2011",116722,"89 17 It's Art PSY 2月 7, 2011 72 11 116,722"
2026-09-11,kr,South Korea,top_videos_weekly,,90,https://i.ytimg.com/vi/is8UDe2PhKQ/mqdefault.jpg,KATSEYE (캣츠아이) 'Hootie Frutti' Official MV,KATSEYE,,,KATSEYE (캣츠아이) 'Hootie Frutti' Official MV KATSEYE
2026-09-11,kr,South Korea,top_videos_weekly,,91,https://i.ytimg.com/vi/_gyultVTesk/mqdefault.jpg,2.0,防彈少年團,"4月 1, 2026",114054,"91 91 2.0 防彈少年團 4月 1, 2026 - 15 114,054"
2026-09-11,kr,South Korea,top_videos_weekly,,92,https://i.ytimg.com/vi/HV8pBVJKx64/mqdefault.jpg,Dead Channel,Zior Park,,,Dead Channel Zior Park
2026-09-11,kr,South Korea,top_videos_weekly,,93,https://i.ytimg.com/vi/pWfcA13TRG0/mqdefault.jpg,TYPE SHI,Luci Gang,,,TYPE SHI Luci Gang
2026-09-11,kr,South Korea,top_videos_weekly,,94,https://i.ytimg.com/vi/VVO05mYGFY8/mqdefault.jpg,만찬가,TAEYEON,"6月 29, 2026",112286,"94 9 만찬가 TAEYEON 6月 29, 2026 85 9 112,286"
2026-09-11,kr,South Korea,top_videos_weekly,,95,https://i.ytimg.com/vi/BPjkepatFRI/mqdefault.jpg,황영웅 팬 정모_모르리,황영웅,,,황영웅 팬 정모_모르리 황영웅
2026-09-11,kr,South Korea,top_videos_weekly,,96,https://i.ytimg.com/vi/qXFuut_cU-g/mqdefault.jpg,LIVE QNA BAR,AnythingBecomeMoe,,,LIVE QNA BAR AnythingBecomeMoe
2026-09-11,kr,South Korea,top_videos_weekly,,97,https://i.ytimg.com/vi/b6bSGu1YdRM/mqdefault.jpg,3!4!,AtHeart,"8月 19, 2026",110465,"97 62 3!4! AtHeart 8月 19, 2026 35 2 110,465"
2026-09-11,kr,South Korea,top_videos_weekly,,98,https://i.ytimg.com/vi/LsJ9vFGphp4/mqdefault.jpg,경서 - '별이 떨어질 때 (Stardust)' Official MV,경서,,,경서 - '별이 떨어질 때 (Stardust)' Official MV 경서
2026-09-11,kr,South Korea,top_videos_weekly,,99,https://i.ytimg.com/vi/pTD9Jysi3_g/mqdefault.jpg,빈차 (Home Is Far Away) ft. OH HYUK,Epik High,,,빈차 (Home Is Far Away) ft. OH HYUK Epik High
2026-09-11,kr,South Korea,top_videos_weekly,,100,https://i.ytimg.com/vi/Gnn4GRSzRXI/mqdefault.jpg,BOOMPALA,LE SSERAFIM,,,BOOMPALA LE SSERAFIM
2026-09-11,vn,Vietnam,top_videos_weekly,,1,https://i.ytimg.com/vi/UH21OnJwxZE/mqdefault.jpg,PHƯƠNG MỸ CHI x DTAP | 'THIÊN ĐƯỜNG VỚI NGƯỜI THƯƠNG' | OFFICIAL MUSIC VIDEO,Phương Mỹ Chi,,,PHƯƠNG MỸ CHI x DTAP | 'THIÊN ĐƯỜNG VỚI NGƯỜI THƯƠNG' | OFFICIAL MUSIC VIDEO Phương Mỹ Chi
2026-09-11,vn,Vietnam,top_videos_weekly,,2,https://i.ytimg.com/vi/boKJ5XDs_mY/mqdefault.jpg,JACK - J97 | LƯU NIÊN | Album TAM THÁI TỬ - Track No.4,J97,,,JACK - J97 | LƯU NIÊN | Album TAM THÁI TỬ - Track No.4 J97
2026-09-11,vn,Vietnam,top_videos_weekly,,3,https://i.ytimg.com/vi/vLa5jvCJMGk/mqdefault.jpg,JACK - J97 | NGƯỜI DƯNG | Album TAM THÁI TỬ - Track No.2,Jack - J97,,,JACK - J97 | NGƯỜI DƯNG | Album TAM THÁI TỬ - Track No.2 Jack - J97
2026-09-11,vn,Vietnam,top_videos_weekly,,4,https://i.ytimg.com/vi/FNbT75NoaAI/mqdefault.jpg,JACK - J97 | HOA TRONG ĐÁ | Official Music Video - Album TAM THÁI TỬ - Track No.1,J97,,,JACK - J97 | HOA TRONG ĐÁ | Official Music Video - Album TAM THÁI TỬ - Track No.1 J97
2026-09-11,vn,Vietnam,top_videos_weekly,,5,https://i.ytimg.com/vi/Rb3hfEPyJxQ/mqdefault.jpg,SECRET,"TINH HÀ ""SAY HI"" / Quang Hùng MasterD / CODYNAMVO / CONGB / Wren Evans",,,"SECRET TINH HÀ ""SAY HI"" , Quang Hùng MasterD , CODYNAMVO , CONGB & Wren Evans"
2026-09-11,vn,Vietnam,top_videos_weekly,,6,https://i.ytimg.com/vi/4jjOH2FR6-E/mqdefault.jpg,xương rồng (intro),Dangrangto / DONAL,,,xương rồng (intro) Dangrangto & DONAL
2026-09-11,vn,Vietnam,top_videos_weekly,,7,https://i.ytimg.com/vi/g9Q58A_k-HU/mqdefault.jpg,BORN DIRE,ALPHA DRIVE ONE,,,BORN DIRE ALPHA DRIVE ONE
2026-09-11,vn,Vietnam,top_videos_weekly,,8,https://i.ytimg.com/vi/46h0LvDHgIs/mqdefault.jpg,SUN KISS,TUIDE,"8月 24, 2026",2050714,"8 1 SUN KISS TUIDE 8月 24, 2026 9 2 2,050,714"
2026-09-11,vn,Vietnam,top_videos_weekly,,9,https://i.ytimg.com/vi/cwlToxaWuL8/mqdefault.jpg,MRT,"TINH HÀ ""SAY HI"" / XUÂN ĐỊNH KY / buitruonglinh / CAPTAIN BOY / HYO",,,"MRT TINH HÀ ""SAY HI"" , XUÂN ĐỊNH KY , buitruonglinh , CAPTAIN BOY & HYO"
2026-09-11,vn,Vietnam,top_videos_weekly,,10,https://i.ytimg.com/vi/QCr4Wf_eJHo/mqdefault.jpg,Đến Khi Nào,Yanbi,,,Đến Khi Nào Yanbi
2026-09-11,vn,Vietnam,top_videos_weekly,,11,https://i.ytimg.com/vi/qM9woZ4i36Q/mqdefault.jpg,JACK - J97 | ANH YÊU EM (我愛你) | Album TAM THÁI TỬ - Track No.3,Jack - J97,,,JACK - J97 | ANH YÊU EM (我爱你) | Album TAM THÁI TỬ - Track No.3 Jack - J97
2026-09-11,vn,Vietnam,top_videos_weekly,,12,https://i.ytimg.com/vi/heMYSOZoT3c/mqdefault.jpg,dự báo thời tiết hôm nay mưa,ST.319 Entertainment,,319,dự báo thời tiết hôm nay mưa ST.319 Entertainment
2026-09-11,vn,Vietnam,top_videos_weekly,,13,https://i.ytimg.com/vi/9UcQ7ddVjoc/mqdefault.jpg,Không Buông,Hngle / Ari,,,Không Buông Hngle & Ari
2026-09-11,vn,Vietnam,top_videos_weekly,,14,https://i.ytimg.com/vi/l4Pkem30Q60/mqdefault.jpg,Kẻ Say Tình (Live),Quoc Thien,,,Kẻ Say Tình (Live) Quoc Thien
2026-09-11,vn,Vietnam,top_videos_weekly,,15,https://i.ytimg.com/vi/s466YCiHfKw/mqdefault.jpg,FALLEN ANGEL (Official Video),JENNIE,,,FALLEN ANGEL (Official Video) JENNIE
2026-09-11,vn,Vietnam,top_videos_weekly,,16,https://i.ytimg.com/vi/8sVtL0o-v7U/mqdefault.jpg,Người Im Lặng Gặp Người Hay Nói,HIEUTHUHAI,,,Người Im Lặng Gặp Người Hay Nói HIEUTHUHAI
2026-09-11,vn,Vietnam,top_videos_weekly,,17,https://i.ytimg.com/vi/l_uzEREOKfo/mqdefault.jpg,THẾ GIỚI CỦA ANH,Dương Domic / buitruonglinh / CONGB / WEAN / Vận Toàn,,,"THẾ GIỚI CỦA ANH Dương Domic , buitruonglinh , CONGB , WEAN & Vận Toàn"
2026-09-11,vn,Vietnam,top_videos_weekly,,18,https://i.ytimg.com/vi/qbek-A-CJJU/mqdefault.jpg,GIÁ NHƯ ANH LÀ EM - LỆ QUYÊN | OFFICIAL MUSIC VIDEO,麗娟,,,GIÁ NHƯ ANH LÀ EM - LỆ QUYÊN | OFFICIAL MUSIC VIDEO 麗娟
2026-09-11,vn,Vietnam,top_videos_weekly,,19,https://i.ytimg.com/vi/9eL4Scy4-Ys/mqdefault.jpg,"Ác Mộng Đẹp - Đạt G | Chapter 3: Đẹp | Album ""Ác Mộng Đẹp""",DatG Music,,,"Ác Mộng Đẹp - Đạt G | Chapter 3: Đẹp | Album ""Ác Mộng Đẹp"" DatG Music"
2026-09-11,vn,Vietnam,top_videos_weekly,,20,https://i.ytimg.com/vi/RM-LMRqL5zE/mqdefault.jpg,Gián Đáng Iu Hongg?,Lâm Thằn Lằn / The New Gene,,,Gián Đáng Iu Hongg? Lâm Thằn Lằn & The New Gene
2026-09-11,vn,Vietnam,top_videos_weekly,,21,https://i.ytimg.com/vi/-b5i8iB0lSY/mqdefault.jpg,Những Người Hùng Không Tên - Du Thiên | Sáng Tác: Thành Đô|Ca Khúc Hưởng Ứng Chiến Dịch 500 Ngày Đêm,Du Thiên,,500,Những Người Hùng Không Tên - Du Thiên | Sáng Tác: Thành Đô|Ca Khúc Hưởng Ứng Chiến Dịch 500 Ngày Đêm Du Thiên
2026-09-11,vn,Vietnam,top_videos_weekly,,22,https://i.ytimg.com/vi/dTZGuJACBWg/mqdefault.jpg,"gái tây gốc Việt | Nicole Nguyễn ft Tommy Tèo, Billy100 | OFFICIAL MV",Grammy Music Vietnam,,100,"gái tây gốc Việt | Nicole Nguyễn ft Tommy Tèo, Billy100 | OFFICIAL MV Grammy Music Vietnam"
2026-09-11,vn,Vietnam,top_videos_weekly,,23,https://i.ytimg.com/vi/xJ1uMrL9Rwo/mqdefault.jpg,Ngồi Nghe Em Khóc,DatG Music,,,Ngồi Nghe Em Khóc DatG Music
2026-09-11,vn,Vietnam,top_videos_weekly,,24,https://i.ytimg.com/vi/uUQG8sk7cLs/mqdefault.jpg,Kẻ Say Tình 2,Quốc Thiên,,,Kẻ Say Tình 2 Quốc Thiên
2026-09-11,vn,Vietnam,top_videos_weekly,,25,https://i.ytimg.com/vi/sPQXOA6pzOg/mqdefault.jpg,Ngày Rời Chuyến Bay,Minh Huy / Pinny,,,Ngày Rời Chuyến Bay Minh Huy & Pinny
2026-09-11,vn,Vietnam,top_videos_weekly,,26,https://i.ytimg.com/vi/HedP3E7ljhk/mqdefault.jpg,Xin Đừng Rời Xa Anh (Truzg Remix) | Lê Gia Bảo | Nhạc Hot Trend TikTok 2026,Lê Gia Bảo,,2026,Xin Đừng Rời Xa Anh (Truzg Remix) | Lê Gia Bảo | Nhạc Hot Trend TikTok 2026 Lê Gia Bảo
2026-09-11,vn,Vietnam,top_videos_weekly,,27,https://i.ytimg.com/vi/jM6UrE3Bxw4/mqdefault.jpg,Tự Do Như Cơn Gió,Xanh,,,Tự Do Như Cơn Gió Xanh
2026-09-11,vn,Vietnam,top_videos_weekly,,28,https://i.ytimg.com/vi/6uVJqD2hSGQ/mqdefault.jpg,07. Em - Binz (feat. SOOBIN) | Gặp Lại Album,Binz,,,07. Em - Binz (feat. SOOBIN) | Gặp Lại Album Binz
2026-09-11,vn,Vietnam,top_videos_weekly,,29,https://i.ytimg.com/vi/DIxRlfHq9Fo/mqdefault.jpg,DANGER,Treasure,"8月 23, 2026",711104,"29 New DANGER Treasure 8月 23, 2026 - 1 711,104"
2026-09-11,vn,Vietnam,top_videos_weekly,,30,https://i.ytimg.com/vi/8-bKjcADU18/mqdefault.jpg,MƯA VỘI PHÓNG,Wren Evans / Ali Hoàng Dương / CODY Nam Võ / HYO / 2Pillz,,,"MƯA VỘI PHÓNG Wren Evans , Ali Hoàng Dương , CODY Nam Võ , HYO & 2Pillz"
2026-09-11,vn,Vietnam,top_videos_weekly,,31,https://i.ytimg.com/vi/csgufUMzsGc/mqdefault.jpg,"KHẮP CHỐN THIÊN HÀ - ĐẠI NGHĨA, THUẬN NGUYỄN, ĐÔNG HÙNG, OSAD, HÀ AN HUY | ATVNCG 2026",YEAH1 MUSIC,,2026,"KHẮP CHỐN THIÊN HÀ - ĐẠI NGHĨA, THUẬN NGUYỄN, ĐÔNG HÙNG, OSAD, HÀ AN HUY | ATVNCG 2026 YEAH1 MUSIC"
2026-09-11,vn,Vietnam,top_videos_weekly,,32,https://i.ytimg.com/vi/YbLEl4PFyPM/mqdefault.jpg,Để Anh Lương Thiện (HuyPT Remix),An Clock / Meme Media,,,Để Anh Lương Thiện (HuyPT Remix) An Clock & Meme Media
2026-09-11,vn,Vietnam,top_videos_weekly,,33,https://i.ytimg.com/vi/4npRiky2Ukg/mqdefault.jpg,PHƯƠNG MỸ CHI x DTAP | THỬ LÒNG QUÂN TỬ (ft. RHYDER) | OFFICIAL VISUALIZER,Phương Mỹ Chi,,,PHƯƠNG MỸ CHI x DTAP | THỬ LÒNG QUÂN TỬ (ft. RHYDER) | OFFICIAL VISUALIZER Phương Mỹ Chi
2026-09-11,vn,Vietnam,top_videos_weekly,,34,https://i.ytimg.com/vi/XpY62G82-HI/mqdefault.jpg,Thương Lấy Phận Mình (Remix),Thái Học,,,Thương Lấy Phận Mình (Remix) Thái Học
2026-09-11,vn,Vietnam,top_videos_weekly,,35,https://i.ytimg.com/vi/O5nlyrBH3FQ/mqdefault.jpg,CILU (Cuz I Luv U) - JGKiD (Da LAB) x MPaKK (Da LAB) (Official MV),Da LAB,,,CILU (Cuz I Luv U) - JGKiD (Da LAB) x MPaKK (Da LAB) (Official MV) Da LAB
2026-09-11,vn,Vietnam,top_videos_weekly,,36,https://i.ytimg.com/vi/RarQCMLLIOg/mqdefault.jpg,She Neva Knows (REMIX),CM1X,,,She Neva Knows (REMIX) CM1X
2026-09-11,vn,Vietnam,top_videos_weekly,,37,https://i.ytimg.com/vi/hzUG1erf3Yw/mqdefault.jpg,Xin Đừng Rời Xa Anh (Beat),Lê Gia Bảo,,,Xin Đừng Rời Xa Anh (Beat) Lê Gia Bảo
2026-09-11,vn,Vietnam,top_videos_weekly,,38,https://i.ytimg.com/vi/Bhg-Gw953b0/mqdefault.jpg,Jack | Hoa Hải Đường | Official Music Video,Jack - J97,,,Jack | Hoa Hải Đường | Official Music Video Jack - J97
2026-09-11,vn,Vietnam,top_videos_weekly,,39,https://i.ytimg.com/vi/T7ksmtaVeOk/mqdefault.jpg,In Love,JustaTee / Low G,,,In Love JustaTee & Low G
2026-09-11,vn,Vietnam,top_videos_weekly,,40,https://i.ytimg.com/vi/bZZn2B11b_c/mqdefault.jpg,Thanh Tân,VƯƠNG BÌNH / Thùy Chi,,,Thanh Tân VƯƠNG BÌNH & Thùy Chi
2026-09-11,vn,Vietnam,top_videos_weekly,,41,https://i.ytimg.com/vi/NJuNJ8Xs_00/mqdefault.jpg,Nhà Tôi Có Treo Một Lá Cờ,DTAP,,,Nhà Tôi Có Treo Một Lá Cờ DTAP
2026-09-11,vn,Vietnam,top_videos_weekly,,42,https://i.ytimg.com/vi/XwshmJV-DHg/mqdefault.jpg,"Quang Hùng MasterD - 'SECRET' (ft. Cody Nam Võ, Wren Evans, CONGB) / TINH HÀ SAY HI",Quang Hùng MasterD,,,"Quang Hùng MasterD - 'SECRET' (ft. Cody Nam Võ, Wren Evans, CONGB) / TINH HÀ SAY HI Quang Hùng MasterD"
2026-09-11,vn,Vietnam,top_videos_weekly,,43,https://i.ytimg.com/vi/SAqAG9sO22I/mqdefault.jpg,KHÁT VỌNG VINH QUANG | Tùng Dương - Live at ASEAN Huyndai Cup 2026,阮文鍾,,2026,KHÁT VỌNG VINH QUANG | Tùng Dương - Live at ASEAN Huyndai Cup 2026 阮文鍾
2026-09-11,vn,Vietnam,top_videos_weekly,,44,https://i.ytimg.com/vi/om6Qessps1c/mqdefault.jpg,50 CUỘC GỌI NHỠ,COOLKID / Quang Hùng MasterD / CODYNAMVO / Jaysonlei,,,"50 CUỘC GỌI NHỠ COOLKID , Quang Hùng MasterD , CODYNAMVO & Jaysonlei"
2026-09-11,vn,Vietnam,top_videos_weekly,,45,https://i.ytimg.com/vi/9tcFnx0-cQY/mqdefault.jpg,Người Đáng Thương Là Anh,Only C,,,Người Đáng Thương Là Anh Only C
2026-09-11,vn,Vietnam,top_videos_weekly,,46,https://i.ytimg.com/vi/ws5MyStHNas/mqdefault.jpg,PHƯƠNG MỸ CHI x DTAP x HOÀI SƠN | DẮT ANH CHƠI HỘI | OFFICIAL VISUALIZER,Phương Mỹ Chi,,,PHƯƠNG MỸ CHI x DTAP x HOÀI SƠN | DẮT ANH CHƠI HỘI | OFFICIAL VISUALIZER Phương Mỹ Chi
2026-09-11,vn,Vietnam,top_videos_weekly,,47,https://i.ytimg.com/vi/yszxOH4e5eA/mqdefault.jpg,Mối Duyên Vàng,Võ Thu Hà / Tuấn Cry,,,Mối Duyên Vàng Võ Thu Hà & Tuấn Cry
2026-09-11,vn,Vietnam,top_videos_weekly,,48,https://i.ytimg.com/vi/s76BtB81Oms/mqdefault.jpg,ĐỚN ĐAU VÔ CÙNG,DatKaa,,,ĐỚN ĐAU VÔ CÙNG DatKaa
2026-09-11,vn,Vietnam,top_videos_weekly,,49,https://i.ytimg.com/vi/fcnDmrtj6Sk/mqdefault.jpg,Dai Dai,Shakira / Burna Boy,,,Dai Dai Shakira & Burna Boy
2026-09-11,vn,Vietnam,top_videos_weekly,,50,https://i.ytimg.com/vi/kXUjz4xQKRo/mqdefault.jpg,PHƯƠNG MỸ CHI x DTAP | CHỌN MẶT GỬI VÀNG (ft. DOUBLE2T) | OFFICIAL VISUALIZER,Phương Mỹ Chi,,,PHƯƠNG MỸ CHI x DTAP | CHỌN MẶT GỬI VÀNG (ft. DOUBLE2T) | OFFICIAL VISUALIZER Phương Mỹ Chi
2026-09-11,vn,Vietnam,top_videos_weekly,,51,https://i.ytimg.com/vi/mpduH7v8Zhg/mqdefault.jpg,"NHỎ XÍU NHỎ XIU - THƠM (Da LAB), JUN PHẠM, HUỲNH LẬP, IT'S CHARLES., HỒ ĐÔNG QUAN | ATVNCG 2026",YEAH1 MUSIC,,2026,"NHỎ XÍU NHỎ XIU - THƠM (Da LAB), JUN PHẠM, HUỲNH LẬP, IT'S CHARLES., HỒ ĐÔNG QUAN | ATVNCG 2026 YEAH1 MUSIC"
2026-09-11,vn,Vietnam,top_videos_weekly,,52,https://i.ytimg.com/vi/5EyGsaUKQ5Y/mqdefault.jpg,PHƯƠNG MỸ CHI x DTAP | XÂY XẨM | OFFICIAL VISUALIZER,Phương Mỹ Chi,,,PHƯƠNG MỸ CHI x DTAP | XÂY XẨM | OFFICIAL VISUALIZER Phương Mỹ Chi
2026-09-11,vn,Vietnam,top_videos_weekly,,53,https://i.ytimg.com/vi/k7YJHCR9JBE/mqdefault.jpg,50 Năm Về Sau,Đặng Thanh Tuyền,,,50 Năm Về Sau Đặng Thanh Tuyền
2026-09-11,vn,Vietnam,top_videos_weekly,,54,https://i.ytimg.com/vi/HhwjCZUS2Zw/mqdefault.jpg,ĐẾN KHI NÀO (Chill Out Version) - YANBI COVER x KHẮC VIỆT | Đến Khi Nào Mặt Trời Ngừng Chiếu...,Khoảng Trời Âm Nhạc,,,ĐẾN KHI NÀO (Chill Out Version) - YANBI COVER x KHẮC VIỆT | Đến Khi Nào Mặt Trời Ngừng Chiếu... Khoảng Trời Âm Nhạc
2026-09-11,vn,Vietnam,top_videos_weekly,,55,https://i.ytimg.com/vi/fdFRy9zBdMo/mqdefault.jpg,Kẻ Say Tình 2 (Live),Quoc Thien,,,Kẻ Say Tình 2 (Live) Quoc Thien
2026-09-11,vn,Vietnam,top_videos_weekly,,56,https://i.ytimg.com/vi/S2uRy0Gi20I/mqdefault.jpg,GIẬN HỜN ĐỂ ĐƯỢC YÊU - ANH BA TRỨNG - BOLERO - SÁNG TÁC MỚI NGHE CỰC ÊM TAI,Anh Ba Trứng,,,GIẬN HỜN ĐỂ ĐƯỢC YÊU - ANH BA TRỨNG - BOLERO - SÁNG TÁC MỚI NGHE CỰC ÊM TAI Anh Ba Trứng
2026-09-11,vn,Vietnam,top_videos_weekly,,57,https://i.ytimg.com/vi/sT3VIlMe2zo/mqdefault.jpg,OURBIRTHDAY “SQUEEZY” Performance Video,JYP Entertainment,,,OURBIRTHDAY “SQUEEZY” Performance Video JYP Entertainment
2026-09-11,vn,Vietnam,top_videos_weekly,,58,https://i.ytimg.com/vi/kV3famkRaA4/mqdefault.jpg,Tâm Sự Tuổi 30,Trịnh Thăng Bình,,,Tâm Sự Tuổi 30 Trịnh Thăng Bình
2026-09-11,vn,Vietnam,top_videos_weekly,,59,https://i.ytimg.com/vi/30g86GTdRpM/mqdefault.jpg,"XUÂN THÌ - TÙNG MINT, HOÀNG TÔN, ĐÔNG HÙNG | Anh Trai Vượt Ngàn Chông Gai 2026",YEAH1 MUSIC,,2026,"XUÂN THÌ - TÙNG MINT, HOÀNG TÔN, ĐÔNG HÙNG | Anh Trai Vượt Ngàn Chông Gai 2026 YEAH1 MUSIC"
2026-09-11,vn,Vietnam,top_videos_weekly,,60,https://i.ytimg.com/vi/m02XxGwlJfw/mqdefault.jpg,NGƯỜI VỀ XA THÀNH PHỐ - GIỌNG CA CHINH PHỤC TRIỆU CON TIM ► Trúc Linh BOLERO (MV 4K),Trúc Linh,,,NGƯỜI VỀ XA THÀNH PHỐ - GIỌNG CA CHINH PHỤC TRIỆU CON TIM ► Trúc Linh BOLERO (MV 4K) Trúc Linh
2026-09-11,vn,Vietnam,top_videos_weekly,,61,https://i.ytimg.com/vi/xxe5d9QJav4/mqdefault.jpg,Sandwich & Story,EmceeDan / MONO,,,Sandwich & Story EmceeDan & MONO
2026-09-11,vn,Vietnam,top_videos_weekly,,62,https://i.ytimg.com/vi/b6bSGu1YdRM/mqdefault.jpg,3!4!,AtHeart,"8月 19, 2026",418021,"62 38 3!4! AtHeart 8月 19, 2026 24 2 418,021"
2026-09-11,vn,Vietnam,top_videos_weekly,,63,https://i.ytimg.com/vi/X-GCJwz4PnY/mqdefault.jpg,Buồn Thì Cứ Khóc Đi,Lynk Lee,,,Buồn Thì Cứ Khóc Đi Lynk Lee
2026-09-11,vn,Vietnam,top_videos_weekly,,64,https://i.ytimg.com/vi/i724lraI93s/mqdefault.jpg,Bốn Chữ Lắm,Trúc Nhân,,,Bốn Chữ Lắm Trúc Nhân
2026-09-11,vn,Vietnam,top_videos_weekly,,65,https://i.ytimg.com/vi/ZQsXySoECfo/mqdefault.jpg,IM ĐỢI NGƯỜI ANH THƯƠNG,Wren Evans / CAPTAIN BOY / IVAN / Thể Thiên,,,"IM ĐỢI NGƯỜI ANH THƯƠNG Wren Evans , CAPTAIN BOY , IVAN & Thể Thiên"
2026-09-11,vn,Vietnam,top_videos_weekly,,66,https://i.ytimg.com/vi/PF3exV7ck7s/mqdefault.jpg,"Gửi em, người bất tử | Ân Ngờ FT. Mỹ Mỹ (Official MV) [Mini Album 0 Ngờ]",Ân ngờ,,,"Gửi em, người bất tử | Ân Ngờ FT. Mỹ Mỹ (Official MV) [Mini Album 0 Ngờ] Ân ngờ"
2026-09-11,vn,Vietnam,top_videos_weekly,,67,https://i.ytimg.com/vi/qQtoYQ9TQto/mqdefault.jpg,Đến Khi Nào,克越,"9月 10, 2014",392472,"67 New Đến Khi Nào 克越 9月 10, 2014 - 1 392,472"
2026-09-11,vn,Vietnam,top_videos_weekly,,68,https://i.ytimg.com/vi/kj7FXhECpSw/mqdefault.jpg,Ngược Lối Yêu,Vicky Nhung,,,Ngược Lối Yêu Vicky Nhung
2026-09-11,vn,Vietnam,top_videos_weekly,,69,https://i.ytimg.com/vi/gO07S0ERE98/mqdefault.jpg,PHƯƠNG MỸ CHI x DTAP | CÓ NHAU (ft. NGUYỄN HÙNG) | OFFICIAL VISUALIZER,Phương Mỹ Chi,,,PHƯƠNG MỸ CHI x DTAP | CÓ NHAU (ft. NGUYỄN HÙNG) | OFFICIAL VISUALIZER Phương Mỹ Chi
2026-09-11,vn,Vietnam,top_videos_weekly,,70,https://i.ytimg.com/vi/h0FBMWgPCsg/mqdefault.jpg,CHÚ CHÓ ..SAO ĐỎ - ĐÀO NGUYỄN ÁNH | COMEDY MUSIC VIDEO,Dao Nguyen Anh,,,CHÚ CHÓ ..SAO ĐỎ - ĐÀO NGUYỄN ÁNH | COMEDY MUSIC VIDEO Dao Nguyen Anh
2026-09-11,vn,Vietnam,top_videos_weekly,,71,https://i.ytimg.com/vi/OhdvNHmJDsw/mqdefault.jpg,MONEYMONEYMONEY,CORTIS,,,MONEYMONEYMONEY CORTIS
2026-09-11,vn,Vietnam,top_videos_weekly,,72,https://i.ytimg.com/vi/SA35ldy92s0/mqdefault.jpg,Chiều Hôm Ấy,JayKii,,,Chiều Hôm Ấy JayKii
2026-09-11,vn,Vietnam,top_videos_weekly,,73,https://i.ytimg.com/vi/uuTT21tabiw/mqdefault.jpg,MỘNG DUYÊN,Quang Hùng MasterD / JSOL / Sơn.K / Song Luân / Emil Vergo,,,"MỘNG DUYÊN Quang Hùng MasterD , JSOL , Sơn.K , Song Luân & Emil Vergo"
2026-09-11,vn,Vietnam,top_videos_weekly,,74,https://i.ytimg.com/vi/2fiuAcxkJVw/mqdefault.jpg,Bông Đào Là Em - Nguyễn Huỳnh Như | Bé Mai Vy ft Nguyễn Huỳnh Như | Thần Đồng Âm Nhạc,Bé Mai Vy,,,Bông Đào Là Em - Nguyễn Huỳnh Như | Bé Mai Vy ft Nguyễn Huỳnh Như | Thần Đồng Âm Nhạc Bé Mai Vy
2026-09-11,vn,Vietnam,top_videos_weekly,,75,https://i.ytimg.com/vi/y_WGbnW-GCM/mqdefault.jpg,KHOI VU - HNxSG (Vì Hà Nội nhớ Sài Gòn lắm) | Official Music Video,Khoi Vu,,,KHOI VU - HNxSG (Vì Hà Nội nhớ Sài Gòn lắm) | Official Music Video Khoi Vu
2026-09-11,vn,Vietnam,top_videos_weekly,,76,https://i.ytimg.com/vi/_OeDb2xHitE/mqdefault.jpg,"BUỒN THÌ CỨ KHÓC ĐI - WILL, IT'S CHARLES., K.O | Anh Trai Vượt Ngàn Chông Gai 2026",YEAH1 MUSIC,,2026,"BUỒN THÌ CỨ KHÓC ĐI - WILL, IT'S CHARLES., K.O | Anh Trai Vượt Ngàn Chông Gai 2026 YEAH1 MUSIC"
2026-09-11,vn,Vietnam,top_videos_weekly,,77,https://i.ytimg.com/vi/WahLapMImJU/mqdefault.jpg,Hai Chữ Tiền Tình – Giọng Ca Độc Lạ Phương Dung | MV Tâm Trạng 2025 | St : Nhạc Sĩ Thanh Hùng,Phương Dung Bolero,,2025,Hai Chữ Tiền Tình – Giọng Ca Độc Lạ Phương Dung | MV Tâm Trạng 2025 | St : Nhạc Sĩ Thanh Hùng Phương Dung Bolero
2026-09-11,vn,Vietnam,top_videos_weekly,,78,https://i.ytimg.com/vi/ss3NJ7uopjc/mqdefault.jpg,Liệu Giờ,2T,"4月 14, 2019",357395,"78 ● Liệu Giờ 2T 4月 14, 2019 78 2 357,395"
2026-09-11,vn,Vietnam,top_videos_weekly,,79,https://i.ytimg.com/vi/zoirAG6tmxw/mqdefault.jpg,JACK - J97 | NẾU PHẢI GIỮ CHO EM | Official Music Video - Album TAM THÁI TỬ - Track No.5,J97,,,JACK - J97 | NẾU PHẢI GIỮ CHO EM | Official Music Video - Album TAM THÁI TỬ - Track No.5 J97
2026-09-11,vn,Vietnam,top_videos_weekly,,80,https://i.ytimg.com/vi/5qqUYmJZc6Q/mqdefault.jpg,Thương Thầm Cô Lái Đò (Remix),Tiến võ,,,Thương Thầm Cô Lái Đò (Remix) Tiến võ
2026-09-11,vn,Vietnam,top_videos_weekly,,81,https://i.ytimg.com/vi/FSeGrBw5eFA/mqdefault.jpg,Thất Tình,Trịnh Đình Quang,,,Thất Tình Trịnh Đình Quang
2026-09-11,vn,Vietnam,top_videos_weekly,,82,https://i.ytimg.com/vi/xqn3_WKnlW4/mqdefault.jpg,Nước Mắt Mẹ Cha - Ân Thiên Vỹ - Nước mắt chảy xuôi có bao giờ .. Hát Về Mẹ Cha Nghe 100%Khóc nức nở,Thương Quá Việt Nam,,100,Nước Mắt Mẹ Cha - Ân Thiên Vỹ - Nước mắt chảy xuôi có bao giờ .. Hát Về Mẹ Cha Nghe 100%Khóc nức nở Thương Quá Việt Nam
2026-09-11,vn,Vietnam,top_videos_weekly,,83,https://i.ytimg.com/vi/hE1JBFKSlVQ/mqdefault.jpg,Anh Trương Nội Thất Remix (Bản Hot TikTok) - AM FANTASY ♫ Anh Trương Nội Thất Chuyên Sản Xuất Remix,AM FANTASY,,,Anh Trương Nội Thất Remix (Bản Hot TikTok) - AM FANTASY ♫ Anh Trương Nội Thất Chuyên Sản Xuất Remix AM FANTASY
2026-09-11,vn,Vietnam,top_videos_weekly,,84,https://i.ytimg.com/vi/XLbOWqjmj4Q/mqdefault.jpg,Động Thăng Thiên,Vanh Leg,,,Động Thăng Thiên Vanh Leg
2026-09-11,vn,Vietnam,top_videos_weekly,,85,https://i.ytimg.com/vi/K9LuZ_FLllk/mqdefault.jpg,Liên khúc Thuyền Xa Bến Đỗ & Trả Lại Em - Phương Anh & Trần Anh Tiến | Official 4K MV,Phương Anh Bolero,,,Liên khúc Thuyền Xa Bến Đỗ & Trả Lại Em - Phương Anh & Trần Anh Tiến | Official 4K MV Phương Anh Bolero
2026-09-11,vn,Vietnam,top_videos_weekly,,86,https://i.ytimg.com/vi/9bdCgrrBUWE/mqdefault.jpg,THIỆP HỒNG CHUNG TÊN l ÚT NHỊ MINO x HÀO JK | OFFICIAL MV | Thuyền Theo Lái Gái Phải Theo Chồng.,Út Nhị Mino Official,,,THIỆP HỒNG CHUNG TÊN l ÚT NHỊ MINO x HÀO JK | OFFICIAL MV | Thuyền Theo Lái Gái Phải Theo Chồng. Út Nhị Mino Official
2026-09-11,vn,Vietnam,top_videos_weekly,,87,https://i.ytimg.com/vi/c7J516-Da2o/mqdefault.jpg,[MV] HANBIN (TEMPEST) _ No Fear (Feat. punchnello),1theK (원더케이),,,[MV] HANBIN (TEMPEST) _ No Fear (Feat. punchnello) 1theK (원더케이)
2026-09-11,vn,Vietnam,top_videos_weekly,,88,https://i.ytimg.com/vi/CoSc0Qqd5L0/mqdefault.jpg,Nhức Tiềm Thức,YEAH1 MUSIC,,,Nhức Tiềm Thức YEAH1 MUSIC
2026-09-11,vn,Vietnam,top_videos_weekly,,89,https://i.ytimg.com/vi/CD_BFGQkIgY/mqdefault.jpg,SỰ ƯU TIÊN CỦA EM,Kiều Chi,,,SỰ ƯU TIÊN CỦA EM Kiều Chi
2026-09-11,vn,Vietnam,top_videos_weekly,,90,https://i.ytimg.com/vi/qz-uJ-xX8K8/mqdefault.jpg,LK Hãy Quên Nhau & Ngày Buồn,Ngoc Chau / Mai Quốc Huy,,,LK Hãy Quên Nhau & Ngày Buồn Ngoc Chau & Mai Quốc Huy
2026-09-11,vn,Vietnam,top_videos_weekly,,91,https://i.ytimg.com/vi/Eq0dxOeUtjY/mqdefault.jpg,KARAOKE - Kẻ Say Tình - Quốc Thiên | Sáng tác: Lê Cương | Live Concert SKYNote 2025,Quốc Thiên Official,,2025,KARAOKE - Kẻ Say Tình - Quốc Thiên | Sáng tác: Lê Cương | Live Concert SKYNote 2025 Quốc Thiên Official
2026-09-11,vn,Vietnam,top_videos_weekly,,92,https://i.ytimg.com/vi/DBYMu13kt2I/mqdefault.jpg,PHƯƠNG MỸ CHI x DTAP | LIỄU YẾU ĐÀO TƠ (ft. SHIKI) | OFFICIAL VISUALIZER,Phương Mỹ Chi,,,PHƯƠNG MỸ CHI x DTAP | LIỄU YẾU ĐÀO TƠ (ft. SHIKI) | OFFICIAL VISUALIZER Phương Mỹ Chi
2026-09-11,vn,Vietnam,top_videos_weekly,,93,https://i.ytimg.com/vi/9ZMRv5Hu5m0/mqdefault.jpg,SỰ ƯU TIÊN CỦA EM ( KARAOKE TONE NỮ ) - LÊ GIA BẢO X THÁI HỌC | Karaoke Lâm Organ,LÂM ORGAN,,,SỰ ƯU TIÊN CỦA EM ( KARAOKE TONE NỮ ) - LÊ GIA BẢO X THÁI HỌC | Karaoke Lâm Organ LÂM ORGAN
2026-09-11,vn,Vietnam,top_videos_weekly,,94,https://i.ytimg.com/vi/x_QbJMJ8dbQ/mqdefault.jpg,Đêm Nghe Hát Đò Đưa Nhớ Bác (Live),Bùi Lê Mận,,,Đêm Nghe Hát Đò Đưa Nhớ Bác (Live) Bùi Lê Mận
2026-09-11,vn,Vietnam,top_videos_weekly,,95,https://i.ytimg.com/vi/4K8KOTVwopw/mqdefault.jpg,MƯA BUỒN PHỐ XƯA - Có Ai Buồn Khi Nhớ Một Người Xưa - Nhạc AI 420,Nhạc AI 420,,420,MƯA BUỒN PHỐ XƯA - Có Ai Buồn Khi Nhớ Một Người Xưa - Nhạc AI 420 Nhạc AI 420
2026-09-11,vn,Vietnam,top_videos_weekly,,96,https://i.ytimg.com/vi/VE0eLQUESVU/mqdefault.jpg,Làm Người Lạ Đi Anh,Thùy Hương,,,Làm Người Lạ Đi Anh Thùy Hương
2026-09-11,vn,Vietnam,top_videos_weekly,,97,https://i.ytimg.com/vi/1zZQa0-QQIA/mqdefault.jpg,SAUCIN',NEXZ,"8月 24, 2026",307425,"97 New SAUCIN' NEXZ 8月 24, 2026 - 1 307,425"
2026-09-11,vn,Vietnam,top_videos_weekly,,98,https://i.ytimg.com/vi/pMUgdBS6tCA/mqdefault.jpg,Ở Hai Đầu Nỗi Nhớ,Minh Vuong M4U / Le Thuy,,,Ở Hai Đầu Nỗi Nhớ Minh Vuong M4U & Le Thuy
2026-09-11,vn,Vietnam,top_videos_weekly,,99,https://i.ytimg.com/vi/-d3q5qYU7uY/mqdefault.jpg,CÔ ĐƠN ANH CŨNG VUI,Thể Thiên / WEAN / KIMLONG / Xuân Định K.Y / DILLAN,,,"CÔ ĐƠN ANH CŨNG VUI Thể Thiên , WEAN , KIMLONG , Xuân Định K.Y & DILLAN"
2026-09-11,vn,Vietnam,top_videos_weekly,,100,https://i.ytimg.com/vi/ApXoWvfEYVU/mqdefault.jpg,Sunflower,Post Malone / Swae Lee,,,Sunflower Post Malone & Swae Lee
2026-09-11,th,Thailand,top_videos_weekly,,1,https://i.ytimg.com/vi/23cipSExADA/mqdefault.jpg,เพราะพี่รักจริง,หนึ่ง บีเคแบนด์,,,เพราะพี่รักจริง หนึ่ง บีเคแบนด์
2026-09-11,th,Thailand,top_videos_weekly,,2,https://i.ytimg.com/vi/RrWFlqoWIHY/mqdefault.jpg,ไม่รักดีกว่า,Z9,"8月 19, 2026",5181420,"2 1 ไม่รักดีกว่า Z9 8月 19, 2026 3 3 5,181,420"
2026-09-11,th,Thailand,top_videos_weekly,,3,https://i.ytimg.com/vi/XMIQl182If4/mqdefault.jpg,มีตังค์หมุน,YONIA,,,มีตังค์หมุน YONIA
2026-09-11,th,Thailand,top_videos_weekly,,4,https://i.ytimg.com/vi/C40oligg6xE/mqdefault.jpg,นาฬิกาทราย (sign),BOWKYLION,,,นาฬิกาทราย (sign) BOWKYLION
2026-09-11,th,Thailand,top_videos_weekly,,5,https://i.ytimg.com/vi/zMciAtU4miE/mqdefault.jpg,บ่มีสิทธิ์ - ธีร์ ทีเร็กซ์ x หยุด สาละวัน : เซิ้ง|Music 【Official MV】,SERNG MUSiC OFFICIAL,,,บ่มีสิทธิ์ - ธีร์ ทีเร็กซ์ x หยุด สาละวัน : เซิ้ง|Music 【Official MV】 SERNG MUSiC OFFICIAL
2026-09-11,th,Thailand,top_videos_weekly,,6,https://i.ytimg.com/vi/E-xqEPPyciw/mqdefault.jpg,ทิ้งกันไม่ได้หรอก,JSPKK / แจ๊ส สปุ๊กนิค ปาปิยอง กุ๊กกุ๊ก,,,ทิ้งกันไม่ได้หรอก JSPKK & แจ๊ส สปุ๊กนิค ปาปิยอง กุ๊กกุ๊ก
2026-09-11,th,Thailand,top_videos_weekly,,7,https://i.ytimg.com/vi/HTjkVCSsKv8/mqdefault.jpg,เมื่อไหร่จะมี (มีใจให้กัน),BLVCKHEART,,,เมื่อไหร่จะมี (มีใจให้กัน) BLVCKHEART
2026-09-11,th,Thailand,top_videos_weekly,,8,https://i.ytimg.com/vi/5ySwsjh7SLQ/mqdefault.jpg,Keun Jai (3am call),Mirrr,,,Keun Jai (3am call) Mirrr
2026-09-11,th,Thailand,top_videos_weekly,,9,https://i.ytimg.com/vi/TiJn3_IY9Kk/mqdefault.jpg,นาฬิกาทราย (sign) (SPECIAL VERSION),BOWKYLION,,,นาฬิกาทราย (sign) (SPECIAL VERSION) BOWKYLION
2026-09-11,th,Thailand,top_videos_weekly,,10,https://i.ytimg.com/vi/vmqE5G5YsW4/mqdefault.jpg,Keun Jai (3am call),Mirrr,,,Keun Jai (3am call) Mirrr
2026-09-11,th,Thailand,top_videos_weekly,,11,https://i.ytimg.com/vi/UZKZclgeRTg/mqdefault.jpg,พอได้เสียว - ดิด คิตตี้ | Official MV,ดิด คิตตี้,,,พอได้เสียว - ดิด คิตตี้ | Official MV ดิด คิตตี้
2026-09-11,th,Thailand,top_videos_weekly,,12,https://i.ytimg.com/vi/34wnf8276O4/mqdefault.jpg,ภวังค์จิต,ปราง ปรางทิพย์,,,ภวังค์จิต ปราง ปรางทิพย์
2026-09-11,th,Thailand,top_videos_weekly,,13,https://i.ytimg.com/vi/D8T1EpbICsc/mqdefault.jpg,จิ้งจก ตุ๊กแก อึ่งอ่าง,เพ้นท์ คอนเน่,,,จิ้งจก ตุ๊กแก อึ่งอ่าง เพ้นท์ คอนเน่
2026-09-11,th,Thailand,top_videos_weekly,,14,https://i.ytimg.com/vi/HSJzqueYOxw/mqdefault.jpg,4EVE - เหงา...เข้าใจ | THE TEST OF TIME 2000 [ Official Video Song,XOXO ENTERTAINMENT,,2000,4EVE - เหงา...เข้าใจ | THE TEST OF TIME 2000 [ Official Video Song ] XOXO ENTERTAINMENT
2026-09-11,th,Thailand,top_videos_weekly,,15,https://i.ytimg.com/vi/70oRsDKJWiY/mqdefault.jpg,ฟ้าสีครามกับความเป็นจริง,BOVINI,,,ฟ้าสีครามกับความเป็นจริง BOVINI
2026-09-11,th,Thailand,top_videos_weekly,,16,https://i.ytimg.com/vi/vxHVQtJj2uQ/mqdefault.jpg,สาธุ,ASIA7,"11月 25, 2025",1341760,"16 2 สาธุ ASIA7 11月 25, 2025 14 20 1,341,760"
2026-09-11,th,Thailand,top_videos_weekly,,17,https://i.ytimg.com/vi/wcvuL6-lGhI/mqdefault.jpg,PORZAX - เธอทีละสองฉันทีละคน,PORZAX,,,PORZAX - เธอทีละสองฉันทีละคน PORZAX
2026-09-11,th,Thailand,top_videos_weekly,,18,https://i.ytimg.com/vi/j7GbNWS7XUQ/mqdefault.jpg,Rain Zone,Maiyarap,,,Rain Zone Maiyarap
2026-09-11,th,Thailand,top_videos_weekly,,19,https://i.ytimg.com/vi/g9Q58A_k-HU/mqdefault.jpg,BORN DIRE,ALPHA DRIVE ONE,,,BORN DIRE ALPHA DRIVE ONE
2026-09-11,th,Thailand,top_videos_weekly,,20,https://i.ytimg.com/vi/JeHnrF61J80/mqdefault.jpg,ถอนคำสาบาน,อะตอม ตาปีมิวสิคกรุ๊ป,,,ถอนคำสาบาน อะตอม ตาปีมิวสิคกรุ๊ป
2026-09-11,th,Thailand,top_videos_weekly,,21,https://i.ytimg.com/vi/_X4p4oPlGLU/mqdefault.jpg,ขี้แง (Boys Don't Cry),PROXIE,,,ขี้แง (Boys Don't Cry) PROXIE
2026-09-11,th,Thailand,top_videos_weekly,,22,https://i.ytimg.com/vi/JbpfEQXuXc4/mqdefault.jpg,เต้ยสั่งลา,ธีร์ ทีเร็กซ์ OFFICIAL,,,เต้ยสั่งลา ธีร์ ทีเร็กซ์ OFFICIAL
2026-09-11,th,Thailand,top_videos_weekly,,23,https://i.ytimg.com/vi/hBK29bbOLS4/mqdefault.jpg,แก้บน,ก้านตอง ทุ่งเงิน,,,แก้บน ก้านตอง ทุ่งเงิน
2026-09-11,th,Thailand,top_videos_weekly,,24,https://i.ytimg.com/vi/I_xP8FhO2Zo/mqdefault.jpg,คิดถึงเรื้อรัง,manutsawee,,,คิดถึงเรื้อรัง manutsawee
2026-09-11,th,Thailand,top_videos_weekly,,25,https://i.ytimg.com/vi/1OMZrYHIim8/mqdefault.jpg,รักให้เธอได้รู้ (Proof.),PUN,,,รักให้เธอได้รู้ (Proof.) PUN
2026-09-11,th,Thailand,top_videos_weekly,,26,https://i.ytimg.com/vi/_x-Q6OBCh9o/mqdefault.jpg,คะนึงนิตย์ - ปราง ปรางทิพย์ [Official MV],ปราง ปรางทิพย์,,,คะนึงนิตย์ - ปราง ปรางทิพย์ [Official MV] ปราง ปรางทิพย์
2026-09-11,th,Thailand,top_videos_weekly,,27,https://i.ytimg.com/vi/-YByeE5aVc0/mqdefault.jpg,ได้แค่เดินมาส่ง (The Last Walk),GAVIN:D,,,ได้แค่เดินมาส่ง (The Last Walk) GAVIN:D
2026-09-11,th,Thailand,top_videos_weekly,,28,https://i.ytimg.com/vi/Ndh4rP1F6g8/mqdefault.jpg,ความคิดถึงที่เต็มไปด้วยน้ำตา,โชเล่ย์ ชคัทพล,,,ความคิดถึงที่เต็มไปด้วยน้ำตา โชเล่ย์ ชคัทพล
2026-09-11,th,Thailand,top_videos_weekly,,29,https://i.ytimg.com/vi/_4Pns0KNxzk/mqdefault.jpg,หม้อหุงข้าว,JOEY PHUWASIT,,,หม้อหุงข้าว JOEY PHUWASIT
2026-09-11,th,Thailand,top_videos_weekly,,30,https://i.ytimg.com/vi/TNbSP0VfFWQ/mqdefault.jpg,คนไม่เอาถ่าน,大屁股樂團,,,คนไม่เอาถ่าน 大屁股樂團
2026-09-11,th,Thailand,top_videos_weekly,,31,https://i.ytimg.com/vi/0iXj7Zkb3Ik/mqdefault.jpg,แคนฮ้างนางฟ้า,กู่แคน,,,แคนฮ้างนางฟ้า กู่แคน
2026-09-11,th,Thailand,top_videos_weekly,,32,https://i.ytimg.com/vi/99jJP3DgdBQ/mqdefault.jpg,ขอแค่นี้ (Forever n ever),PUN,,,ขอแค่นี้ (Forever n ever) PUN
2026-09-11,th,Thailand,top_videos_weekly,,33,https://i.ytimg.com/vi/KwIW4E7b59I/mqdefault.jpg,กลางมหาสมุทร - เล็ก รัชเมศฐ์「Official MV」,Lek Ratchamet,,,กลางมหาสมุทร - เล็ก รัชเมศฐ์「Official MV」 Lek Ratchamet
2026-09-11,th,Thailand,top_videos_weekly,,34,https://i.ytimg.com/vi/yTxEWswuPPg/mqdefault.jpg,ไม่มีใครรู้ตัวเรา,UNHEARD MUSIC,,,ไม่มีใครรู้ตัวเรา UNHEARD MUSIC
2026-09-11,th,Thailand,top_videos_weekly,,35,https://i.ytimg.com/vi/s466YCiHfKw/mqdefault.jpg,FALLEN ANGEL (Official Video),JENNIE,,,FALLEN ANGEL (Official Video) JENNIE
2026-09-11,th,Thailand,top_videos_weekly,,36,https://i.ytimg.com/vi/6Azf6nHLSAk/mqdefault.jpg,ฝันพ้อ - ไหมไทย หัวใจศิลป์【NEW VERSION】,埋代•話摘星,,,ฝันพ้อ - ไหมไทย หัวใจศิลป์【NEW VERSION】 埋代•話摘星
2026-09-11,th,Thailand,top_videos_weekly,,37,https://i.ytimg.com/vi/GYpzzbVRrsk/mqdefault.jpg,PLEASE,Atom Chanakan,,,PLEASE Atom Chanakan
2026-09-11,th,Thailand,top_videos_weekly,,38,https://i.ytimg.com/vi/7ob-uFHQkuU/mqdefault.jpg,ก่อนโลกทั้งใบมันพัง,Mr'พระจันทร์,,,ก่อนโลกทั้งใบมันพัง Mr'พระจันทร์
2026-09-11,th,Thailand,top_videos_weekly,,39,https://i.ytimg.com/vi/Q5SEFSLTYMc/mqdefault.jpg,จำบ่เป็น,ธีร์ ทีเร็กซ์ OFFICIAL,,,จำบ่เป็น ธีร์ ทีเร็กซ์ OFFICIAL
2026-09-11,th,Thailand,top_videos_weekly,,40,https://i.ytimg.com/vi/Letk-EylsKM/mqdefault.jpg,ดอกไม้กับหัวใจ,I-Zax,,,ดอกไม้กับหัวใจ I-Zax
2026-09-11,th,Thailand,top_videos_weekly,,41,https://i.ytimg.com/vi/H2AbuWvYDXk/mqdefault.jpg,สิลืมเขาแล้วล่ะ,Nek Narurpol,,,สิลืมเขาแล้วล่ะ Nek Narurpol
2026-09-11,th,Thailand,top_videos_weekly,,42,https://i.ytimg.com/vi/G2JFOEFmnnI/mqdefault.jpg,คืนจันทร์,Loso,"11月 6, 2014",834640,"42 2 คืนจันทร์ Loso 11月 6, 2014 40 16 834,640"
2026-09-11,th,Thailand,top_videos_weekly,,43,https://i.ytimg.com/vi/WE3in6xs1iw/mqdefault.jpg,อ่วยคืน,ธีร์ ทีเร็กซ์ OFFICIAL,,,อ่วยคืน ธีร์ ทีเร็กซ์ OFFICIAL
2026-09-11,th,Thailand,top_videos_weekly,,44,https://i.ytimg.com/vi/w7StB3MhFm4/mqdefault.jpg,PROXIE x SAUCE BKK - ขี้แง (Boys Don't Cry) | Another Session,PROXIE,,,PROXIE x SAUCE BKK - ขี้แง (Boys Don't Cry) | Another Session PROXIE
2026-09-11,th,Thailand,top_videos_weekly,,45,https://i.ytimg.com/vi/HZQyJHpo-ag/mqdefault.jpg,Lhob Mai Dai Chuay Hai Luem,普提蓬·阿薩拉塔納功 / Ink Waruntorn,,,Lhob Mai Dai Chuay Hai Luem 普提蓬·阿薩拉塔納功 & Ink Waruntorn
2026-09-11,th,Thailand,top_videos_weekly,,46,https://i.ytimg.com/vi/AyfZesBO4Vk/mqdefault.jpg,ไม่มีวันไหนที่ไม่คิดถึง (starlost.),PURPEECH,,,ไม่มีวันไหนที่ไม่คิดถึง (starlost.) PURPEECH
2026-09-11,th,Thailand,top_videos_weekly,,47,https://i.ytimg.com/vi/P5VFTPL3Er4/mqdefault.jpg,ร่มสีเทา,WhatChaRaWaLee,,,ร่มสีเทา WhatChaRaWaLee
2026-09-11,th,Thailand,top_videos_weekly,,48,https://i.ytimg.com/vi/HKBifVrELZI/mqdefault.jpg,ไม่คิดนอกใจ,Loso,,,ไม่คิดนอกใจ Loso
2026-09-11,th,Thailand,top_videos_weekly,,49,https://i.ytimg.com/vi/O90WsctfY4Y/mqdefault.jpg,Sunset in Pattaya,YOUNGOHM,,,Sunset in Pattaya YOUNGOHM
2026-09-11,th,Thailand,top_videos_weekly,,50,https://i.ytimg.com/vi/j8PxMdoAbug/mqdefault.jpg,Nene Royal Never-Before-Seen AGT Footage from Judges' Callbacks (Full Performance),Sunny and The Black Pack,,,Nene Royal Never-Before-Seen AGT Footage from Judges' Callbacks (Full Performance) Sunny and The Black Pack
2026-09-11,th,Thailand,top_videos_weekly,,51,https://i.ytimg.com/vi/QaPxz1I2nto/mqdefault.jpg,หลุมอากาศ,Palmy,"6月 17, 2026",747915,"51 15 หลุมอากาศ Palmy 6月 17, 2026 36 11 747,915"
2026-09-11,th,Thailand,top_videos_weekly,,52,https://i.ytimg.com/vi/1916gAHALkc/mqdefault.jpg,Vasopressin,AYLA's,,,Vasopressin AYLA's
2026-09-11,th,Thailand,top_videos_weekly,,53,https://i.ytimg.com/vi/DXvtelMvUy8/mqdefault.jpg,ทำใจไม่ได้,Z9,"4月 29, 2026",687393,"53 9 ทำใจไม่ได้ Z9 4月 29, 2026 44 18 687,393"
2026-09-11,th,Thailand,top_videos_weekly,,54,https://i.ytimg.com/vi/UK66Ng4CgKc/mqdefault.jpg,มิติที่ศูนย์ - จิ๋ว สกุณชัย Ft.เล็ก รัชเมศฐ์ [Official MV],จิ๋ว สกุณชัย,,,มิติที่ศูนย์ - จิ๋ว สกุณชัย Ft.เล็ก รัชเมศฐ์ [Official MV] จิ๋ว สกุณชัย
2026-09-11,th,Thailand,top_videos_weekly,,55,https://i.ytimg.com/vi/j1qw79H4eHU/mqdefault.jpg,สายไป,9tokyo,"5月 24, 2025",683850,"55 7 สายไป 9tokyo 5月 24, 2025 48 7 683,850"
2026-09-11,th,Thailand,top_videos_weekly,,56,https://i.ytimg.com/vi/wTHXvw_uEeI/mqdefault.jpg,Sing Tee Chan Pen,Ebola,,,Sing Tee Chan Pen Ebola
2026-09-11,th,Thailand,top_videos_weekly,,57,https://i.ytimg.com/vi/QFpsBK0F0js/mqdefault.jpg,สมดุลรัก (Balance),SEA.,,,สมดุลรัก (Balance) SEA.
2026-09-11,th,Thailand,top_videos_weekly,,58,https://i.ytimg.com/vi/ulsXRXwk3Iw/mqdefault.jpg,ขอตายในอ้อมกอดเธอ,賽桑・蘇品麥,,,ขอตายในอ้อมกอดเธอ 賽桑・蘇品麥
2026-09-11,th,Thailand,top_videos_weekly,,59,https://i.ytimg.com/vi/4i1OBAQyv58/mqdefault.jpg,ทุกครั้งที่หลับตา (Lucid Dream),AYLA's,,,ทุกครั้งที่หลับตา (Lucid Dream) AYLA's
2026-09-11,th,Thailand,top_videos_weekly,,60,https://i.ytimg.com/vi/P8SgCNmM7Z8/mqdefault.jpg,เด็กมูกล่อ,พ็อก บิ๊กอายส์ / บอล วงกลม,,,เด็กมูกล่อ พ็อก บิ๊กอายส์ & บอล วงกลม
2026-09-11,th,Thailand,top_videos_weekly,,61,https://i.ytimg.com/vi/98LzldwNu4I/mqdefault.jpg,สิทธิ์ของเจ้า,埋代•話摘星,,,สิทธิ์ของเจ้า 埋代•話摘星
2026-09-11,th,Thailand,top_videos_weekly,,62,https://i.ytimg.com/vi/w6M2ZwjFgAg/mqdefault.jpg,ปริญญาไก่ตี,เม้ก อภิสิทธิ์,,,ปริญญาไก่ตี เม้ก อภิสิทธิ์
2026-09-11,th,Thailand,top_videos_weekly,,63,https://i.ytimg.com/vi/grrF03UISJ0/mqdefault.jpg,ขอให้เธอมีสุข,หนึ่ง บีเคแบนด์,,,ขอให้เธอมีสุข หนึ่ง บีเคแบนด์
2026-09-11,th,Thailand,top_videos_weekly,,64,https://i.ytimg.com/vi/Ng_4m5A-3XQ/mqdefault.jpg,เมื่อถูกค้นพบ (Finally She Found.),FREEHAND,,,เมื่อถูกค้นพบ (Finally She Found.) FREEHAND
2026-09-11,th,Thailand,top_videos_weekly,,65,https://i.ytimg.com/vi/OW9faXovWto/mqdefault.jpg,สาหัส,Loso,"7月 22, 2016",542127,"65 ● สาหัส Loso 7月 22, 2016 65 10 542,127"
2026-09-11,th,Thailand,top_videos_weekly,,66,https://i.ytimg.com/vi/moVmgaj4k8c/mqdefault.jpg,MEYOU - แค่คนคุย (Just Friends) [OFFICIAL MV],OfficialWhiteMusic,,,MEYOU - แค่คนคุย (Just Friends) [OFFICIAL MV] OfficialWhiteMusic
2026-09-11,th,Thailand,top_videos_weekly,,67,https://i.ytimg.com/vi/jc_TILp6nXc/mqdefault.jpg,อากาศ,Nakharin Kingsak,,,อากาศ Nakharin Kingsak
2026-09-11,th,Thailand,top_videos_weekly,,68,https://i.ytimg.com/vi/n8TTxoiigzo/mqdefault.jpg,ฟ้าสีครามกับความเป็นจริง - BOVINI x P-HOT「Another Version」,Genierock,,,ฟ้าสีครามกับความเป็นจริง - BOVINI x P-HOT「Another Version」 Genierock
2026-09-11,th,Thailand,top_videos_weekly,,69,https://i.ytimg.com/vi/MOHlQqJ7sCk/mqdefault.jpg,บทสรุปสุดท้าย,Z9,,,บทสรุปสุดท้าย Z9
2026-09-11,th,Thailand,top_videos_weekly,,70,https://i.ytimg.com/vi/IWCCEwIFtuo/mqdefault.jpg,บุญผลาบ่ฮอด,อ้ายแมน ภิสิทธิ์พงษ์,,,บุญผลาบ่ฮอด อ้ายแมน ภิสิทธิ์พงษ์
2026-09-11,th,Thailand,top_videos_weekly,,71,https://i.ytimg.com/vi/5wuMypdRRjI/mqdefault.jpg,เพราะพี่รักจริง (Live Session),หนึ่ง บีเคแบนด์,,,เพราะพี่รักจริง (Live Session) หนึ่ง บีเคแบนด์
2026-09-11,th,Thailand,top_videos_weekly,,72,https://i.ytimg.com/vi/_ax7vSmd0fc/mqdefault.jpg,รักชักกระตุก,YOUNGOHM / PEE CLOCK,,,รักชักกระตุก YOUNGOHM & PEE CLOCK
2026-09-11,th,Thailand,top_videos_weekly,,73,https://i.ytimg.com/vi/Q9MsKajCU3M/mqdefault.jpg,อมพระมาพูด,賽桑・蘇品麥,,,อมพระมาพูด 賽桑・蘇品麥
2026-09-11,th,Thailand,top_videos_weekly,,74,https://i.ytimg.com/vi/3mbBbFH9fAg/mqdefault.jpg,Black Hole Sun,Soundgarden,,,Black Hole Sun Soundgarden
2026-09-11,th,Thailand,top_videos_weekly,,75,https://i.ytimg.com/vi/eX0GuxhDBVA/mqdefault.jpg,ไม่นานก็ชิน,FIN,"3月 31, 2021",492514,"75 1 ไม่นานก็ชิน FIN 3月 31, 2021 74 3 492,514"
2026-09-11,th,Thailand,top_videos_weekly,,76,https://i.ytimg.com/vi/DiNyIYOHvUE/mqdefault.jpg,คนขี่หลังควาย (Remix),Djpaoremix / ILLSLICK,,,คนขี่หลังควาย (Remix) Djpaoremix & ILLSLICK
2026-09-11,th,Thailand,top_videos_weekly,,77,https://i.ytimg.com/vi/3DcoC8p9az8/mqdefault.jpg,Training Season (Live),Dua Lipa,,,Training Season (Live) Dua Lipa
2026-09-11,th,Thailand,top_videos_weekly,,78,https://i.ytimg.com/vi/CTumIglmJiM/mqdefault.jpg,ผลข้างเคียง (Love Effects),BILLKIN / Ink Waruntorn,,,ผลข้างเคียง (Love Effects) BILLKIN & Ink Waruntorn
2026-09-11,th,Thailand,top_videos_weekly,,79,https://i.ytimg.com/vi/82-jTNka3uc/mqdefault.jpg,hate that i made you love me,Ariana Grande,,,hate that i made you love me Ariana Grande
2026-09-11,th,Thailand,top_videos_weekly,,80,https://i.ytimg.com/vi/XznrSPXyroo/mqdefault.jpg,Sweet เหมือนก่อน - ETC. [OFFICIAL MV],ETC.,,,Sweet เหมือนก่อน - ETC. [OFFICIAL MV] ETC.
2026-09-11,th,Thailand,top_videos_weekly,,81,https://i.ytimg.com/vi/eO8bQOqUU54/mqdefault.jpg,อยากให้เธอลอง,Musketeers,,,อยากให้เธอลอง Musketeers
2026-09-11,th,Thailand,top_videos_weekly,,82,https://i.ytimg.com/vi/zECdjYo5nH8/mqdefault.jpg,ถ้าอ้ายบ่ฮัก,ก้านตอง ทุ่งเงิน,,,ถ้าอ้ายบ่ฮัก ก้านตอง ทุ่งเงิน
2026-09-11,th,Thailand,top_videos_weekly,,83,https://i.ytimg.com/vi/Xn_LEDFMdX8/mqdefault.jpg,Baddie,IRONBOY,"6月 18, 2026",442838,"83 1 Baddie IRONBOY 6月 18, 2026 82 11 442,838"
2026-09-11,th,Thailand,top_videos_weekly,,84,https://i.ytimg.com/vi/XpQLEl38p3c/mqdefault.jpg,One Of My Life,BLVCKHEART,,,One Of My Life BLVCKHEART
2026-09-11,th,Thailand,top_videos_weekly,,85,https://i.ytimg.com/vi/-q_S27LbNKU/mqdefault.jpg,BAD,ATEEZ,"6月 25, 2026",439538,"85 1 BAD ATEEZ 6月 25, 2026 84 9 439,538"
2026-09-11,th,Thailand,top_videos_weekly,,86,https://i.ytimg.com/vi/nNvPtGewa_k/mqdefault.jpg,ความรักทำให้คนตาบอด,Bodyslam,,,ความรักทำให้คนตาบอด Bodyslam
2026-09-11,th,Thailand,top_videos_weekly,,87,https://i.ytimg.com/vi/DWJkFq9lZ_8/mqdefault.jpg,Mai Yom Tad Jai,賽桑・蘇品麥,,,Mai Yom Tad Jai 賽桑・蘇品麥
2026-09-11,th,Thailand,top_videos_weekly,,88,https://i.ytimg.com/vi/46h0LvDHgIs/mqdefault.jpg,SUN KISS,TUIDE,"8月 24, 2026",429929,"88 New SUN KISS TUIDE 8月 24, 2026 - 1 429,929"
2026-09-11,th,Thailand,top_videos_weekly,,89,https://i.ytimg.com/vi/Q2kvk64qFgg/mqdefault.jpg,FON,YOUNGGU,"7月 31, 2026",428682,"89 New FON YOUNGGU 7月 31, 2026 - 1 428,682"
2026-09-11,th,Thailand,top_videos_weekly,,90,https://i.ytimg.com/vi/aNlx5y2TdaU/mqdefault.jpg,Jep Noi Tee Sut,Zeal,,,Jep Noi Tee Sut Zeal
2026-09-11,th,Thailand,top_videos_weekly,,91,https://i.ytimg.com/vi/igP0cOlGmDA/mqdefault.jpg,โทรมาที่เบอร์นี้ (Phone Number),BLVCKHEART,,,โทรมาที่เบอร์นี้ (Phone Number) BLVCKHEART
2026-09-11,th,Thailand,top_videos_weekly,,92,https://i.ytimg.com/vi/b8dS0DwKFoo/mqdefault.jpg,อยากลืมแฟนเขา - แอน อรดี [Live Session],แอน อรดี,,,อยากลืมแฟนเขา - แอน อรดี [Live Session] แอน อรดี
2026-09-11,th,Thailand,top_videos_weekly,,93,https://i.ytimg.com/vi/OJxnyWlVx40/mqdefault.jpg,นักแสดงตบตา (Remix),ize so cold. / MaxMillor,,,นักแสดงตบตา (Remix) ize so cold. & MaxMillor
2026-09-11,th,Thailand,top_videos_weekly,,94,https://i.ytimg.com/vi/hn3mE3Jz08g/mqdefault.jpg,คนขี้น้อยใจ (My Fault),SERIOUS BACON,,,คนขี้น้อยใจ (My Fault) SERIOUS BACON
2026-09-11,th,Thailand,top_videos_weekly,,95,https://i.ytimg.com/vi/l7r3nPuO-wc/mqdefault.jpg,ดีแต่ปาก,So Cool,,,ดีแต่ปาก So Cool
2026-09-11,th,Thailand,top_videos_weekly,,96,https://i.ytimg.com/vi/TvFBrkkSVJg/mqdefault.jpg,อารมณ์สีเทา,SARAN / SEA.,,,อารมณ์สีเทา SARAN & SEA.
2026-09-11,th,Thailand,top_videos_weekly,,97,https://i.ytimg.com/vi/x1yYLrWJwkk/mqdefault.jpg,เมื่อถูกค้นพบ (Finally She Found.),FREEHAND,,,เมื่อถูกค้นพบ (Finally She Found.) FREEHAND
2026-09-11,th,Thailand,top_videos_weekly,,98,https://i.ytimg.com/vi/BcOlMcpvYRI/mqdefault.jpg,เหงา คิดถึง รอ,賽桑・蘇品麥,,,เหงา คิดถึง รอ 賽桑・蘇品麥
2026-09-11,th,Thailand,top_videos_weekly,,99,https://i.ytimg.com/vi/A3g8Gh7GZKY/mqdefault.jpg,ดีซะกว่า,COCKTAIL,,,ดีซะกว่า COCKTAIL
2026-09-11,th,Thailand,top_videos_weekly,,100,https://i.ytimg.com/vi/WMP2N4U-VtM/mqdefault.jpg,ติดลมบน - ทิดแอม 提德·安 (Tí dé · Ān) บังเอิญ | Music【OFFICIAL MV】#ทิดแอม #บังเอิญมิวสิค,บังเอิญ มิวสิค,,,ติดลมบน - ทิดแอม 提德·安 (Tí dé · Ān) บังเอิญ | Music【OFFICIAL MV】#ทิดแอม #บังเอิญมิวสิค บังเอิญ มิวสิค
2026-09-11,id,Indonesia,top_videos_weekly,,1,https://i.ytimg.com/vi/RO75uUZiAw0/mqdefault.jpg,Teh Hijau,圖魯斯,"6月 29, 2026",7097223,"1 ● Teh Hijau 圖魯斯 6月 29, 2026 1 9 7,097,223"
2026-09-11,id,Indonesia,top_videos_weekly,,2,https://i.ytimg.com/vi/g9Q58A_k-HU/mqdefault.jpg,BORN DIRE,ALPHA DRIVE ONE,,,BORN DIRE ALPHA DRIVE ONE
2026-09-11,id,Indonesia,top_videos_weekly,,3,https://i.ytimg.com/vi/Nskf70DMR60/mqdefault.jpg,Sesi Potret,eńau,,,Sesi Potret eńau
2026-09-11,id,Indonesia,top_videos_weekly,,4,https://i.ytimg.com/vi/awWKxGftWh4/mqdefault.jpg,Dunia Yang Nanti,Raim Laode,,,Dunia Yang Nanti Raim Laode
2026-09-11,id,Indonesia,top_videos_weekly,,5,https://i.ytimg.com/vi/K-7olbaOelg/mqdefault.jpg,MMG (My Mine Gueh),Naykilla,,,MMG (My Mine Gueh) Naykilla
2026-09-11,id,Indonesia,top_videos_weekly,,6,https://i.ytimg.com/vi/0SbnqsQInqE/mqdefault.jpg,MUTIARA,Ipank / Kintani,,,MUTIARA Ipank & Kintani
2026-09-11,id,Indonesia,top_videos_weekly,,7,https://i.ytimg.com/vi/F0d8JJUNkqo/mqdefault.jpg,Tabola Bale,SILET OPEN UP / Jacson Zeran / Juan Reza / Diva Aurel,,,"Tabola Bale SILET OPEN UP , Jacson Zeran , Juan Reza & Diva Aurel"
2026-09-11,id,Indonesia,top_videos_weekly,,8,https://i.ytimg.com/vi/46h0LvDHgIs/mqdefault.jpg,SUN KISS,TUIDE,"8月 24, 2026",2341211,"8 8 SUN KISS TUIDE 8月 24, 2026 16 2 2,341,211"
2026-09-11,id,Indonesia,top_videos_weekly,,9,https://i.ytimg.com/vi/M7oZR-MTEZs/mqdefault.jpg,Iqro',Raim Laode,,,Iqro' Raim Laode
2026-09-11,id,Indonesia,top_videos_weekly,,10,https://i.ytimg.com/vi/38_bAaFI41w/mqdefault.jpg,Don't Force Your Longing,Ifan Seventeen,,,Don't Force Your Longing Ifan Seventeen
2026-09-11,id,Indonesia,top_videos_weekly,,11,https://i.ytimg.com/vi/WZYUSaHlGlk/mqdefault.jpg,NEGORO ANGIN,Denny Caknan,,,NEGORO ANGIN Denny Caknan
2026-09-11,id,Indonesia,top_videos_weekly,,12,https://i.ytimg.com/vi/2uJut6USftQ/mqdefault.jpg,Jatuh Suka,圖魯斯,"3月 2, 2022",1798459,"12 3 Jatuh Suka 圖魯斯 3月 2, 2022 15 43 1,798,459"
2026-09-11,id,Indonesia,top_videos_weekly,,13,https://i.ytimg.com/vi/OQNu-iB2tE8/mqdefault.jpg,Titik Nadir,Kahitna / Monita Tahalea,,,Titik Nadir Kahitna & Monita Tahalea
2026-09-11,id,Indonesia,top_videos_weekly,,14,https://i.ytimg.com/vi/s466YCiHfKw/mqdefault.jpg,FALLEN ANGEL (Official Video),JENNIE,,,FALLEN ANGEL (Official Video) JENNIE
2026-09-11,id,Indonesia,top_videos_weekly,,15,https://i.ytimg.com/vi/qQDaxjLReck/mqdefault.jpg,Ini Abadi,Perunggu,,,Ini Abadi Perunggu
2026-09-11,id,Indonesia,top_videos_weekly,,16,https://i.ytimg.com/vi/3DcoC8p9az8/mqdefault.jpg,Training Season (Live),Dua Lipa,,,Training Season (Live) Dua Lipa
2026-09-11,id,Indonesia,top_videos_weekly,,17,https://i.ytimg.com/vi/0VOhIR3bnXY/mqdefault.jpg,ORANG BARU LEBE GACOR,Ecko Show / Juan Reza / CHESYLINO,,,"ORANG BARU LEBE GACOR Ecko Show , Juan Reza & CHESYLINO"
2026-09-11,id,Indonesia,top_videos_weekly,,18,https://i.ytimg.com/vi/OT5msu-dap8/mqdefault.jpg,Shape Of My Heart,Backstreet Boys,,,Shape Of My Heart Backstreet Boys
2026-09-11,id,Indonesia,top_videos_weekly,,19,https://i.ytimg.com/vi/cmICctnAWCY/mqdefault.jpg,kota ini tak sama tanpamu,Nadhif Basalamah,,,kota ini tak sama tanpamu Nadhif Basalamah
2026-09-11,id,Indonesia,top_videos_weekly,,20,https://i.ytimg.com/vi/_e9xhF69kFs/mqdefault.jpg,Negoro Angin,Silvy Kumalasari,,,Negoro Angin Silvy Kumalasari
2026-09-11,id,Indonesia,top_videos_weekly,,21,https://i.ytimg.com/vi/w8pjAV8u2OE/mqdefault.jpg,Tarot,.Feast,"11月 15, 2024",1303900,"21 21 Tarot .Feast 11月 15, 2024 - 54 1,303,900"
2026-09-11,id,Indonesia,top_videos_weekly,,22,https://i.ytimg.com/vi/tAbHxboRGoU/mqdefault.jpg,AMBON MANISE,Toton Caribo,,,AMBON MANISE Toton Caribo
2026-09-11,id,Indonesia,top_videos_weekly,,23,https://i.ytimg.com/vi/DbVrS-1UQNU/mqdefault.jpg,Bila Kau Tak Disampingku,Sheila on 7,,,Bila Kau Tak Disampingku Sheila on 7
2026-09-11,id,Indonesia,top_videos_weekly,,24,https://i.ytimg.com/vi/OErndIcI8gE/mqdefault.jpg,Alamak,Rizky Febian / Adrian Khalif,,,Alamak Rizky Febian & Adrian Khalif
2026-09-11,id,Indonesia,top_videos_weekly,,25,https://i.ytimg.com/vi/o25_Tn8BnFM/mqdefault.jpg,Anugerah Terindah,Andmesh,,,Anugerah Terindah Andmesh
2026-09-11,id,Indonesia,top_videos_weekly,,26,https://i.ytimg.com/vi/zyLmavBAY7k/mqdefault.jpg,Teh Hijau,圖魯斯,"7月 10, 2026",1257700,"26 18 Teh Hijau 圖魯斯 7月 10, 2026 44 8 1,257,700"
2026-09-11,id,Indonesia,top_videos_weekly,,27,https://i.ytimg.com/vi/nxJDXA-Snl0/mqdefault.jpg,Perihnya Cintamu,Gustrian Geno,,,Perihnya Cintamu Gustrian Geno
2026-09-11,id,Indonesia,top_videos_weekly,,28,https://i.ytimg.com/vi/HgRsmSyy_Fw/mqdefault.jpg,PEARL,Difarina Indra / Fendik Adella,,,PEARL Difarina Indra & Fendik Adella
2026-09-11,id,Indonesia,top_videos_weekly,,29,https://i.ytimg.com/vi/yIPX-FNJ9qk/mqdefault.jpg,Sedia Aku Sebelum Hujan,Idgitaf,,,Sedia Aku Sebelum Hujan Idgitaf
2026-09-11,id,Indonesia,top_videos_weekly,,30,https://i.ytimg.com/vi/NOiQfCVjAsQ/mqdefault.jpg,MUTIARA (Live),Laila Ayu / Irwan D'Academy / SIMPATIK MUSIC,,,"MUTIARA (Live) Laila Ayu , Irwan D'Academy & SIMPATIK MUSIC"
2026-09-11,id,Indonesia,top_videos_weekly,,31,https://i.ytimg.com/vi/fLdVq8n-KQg/mqdefault.jpg,Astaga Bercanda,Akbar Chalay / Mingse,,,Astaga Bercanda Akbar Chalay & Mingse
2026-09-11,id,Indonesia,top_videos_weekly,,32,https://i.ytimg.com/vi/__Pb1fO2H2A/mqdefault.jpg,Kita Lewati Berdua,overnight,,,Kita Lewati Berdua overnight
2026-09-11,id,Indonesia,top_videos_weekly,,33,https://i.ytimg.com/vi/hxcby8nz-YU/mqdefault.jpg,HOP,ALL(H)OURS,"8月 25, 2026",1119389,"33 New HOP ALL(H)OURS 8月 25, 2026 - 1 1,119,389"
2026-09-11,id,Indonesia,top_videos_weekly,,34,https://i.ytimg.com/vi/DIxRlfHq9Fo/mqdefault.jpg,DANGER,Treasure,"8月 23, 2026",1071465,"34 New DANGER Treasure 8月 23, 2026 - 1 1,071,465"
2026-09-11,id,Indonesia,top_videos_weekly,,35,https://i.ytimg.com/vi/hEFAeAPLbfk/mqdefault.jpg,What If I Call,Alex Crichton,,,What If I Call Alex Crichton
2026-09-11,id,Indonesia,top_videos_weekly,,36,https://i.ytimg.com/vi/P44FdpFcdF4/mqdefault.jpg,Panas Pela,Fresly Nikijuluw,,,Panas Pela Fresly Nikijuluw
2026-09-11,id,Indonesia,top_videos_weekly,,37,https://i.ytimg.com/vi/7WNlDmUN-mc/mqdefault.jpg,Percuma (Instrumental),Mahalini,,,Percuma (Instrumental) Mahalini
2026-09-11,id,Indonesia,top_videos_weekly,,38,https://i.ytimg.com/vi/V6cQ4LyvOgg/mqdefault.jpg,1000X,Ghea Indrawari,,1000,1000X Ghea Indrawari
2026-09-11,id,Indonesia,top_videos_weekly,,39,https://i.ytimg.com/vi/cUnYmncAvP4/mqdefault.jpg,33x,Perunggu,"3月 10, 2022",992198,"39 3 33x Perunggu 3月 10, 2022 42 45 992,198"
2026-09-11,id,Indonesia,top_videos_weekly,,40,https://i.ytimg.com/vi/qa-HkDhWh1U/mqdefault.jpg,Edan Turun,Wafiq Azizah,,,Edan Turun Wafiq Azizah
2026-09-11,id,Indonesia,top_videos_weekly,,41,https://i.ytimg.com/vi/XY9JR07il_U/mqdefault.jpg,Keong Racun,Ajeng Febria,,,Keong Racun Ajeng Febria
2026-09-11,id,Indonesia,top_videos_weekly,,42,https://i.ytimg.com/vi/IqaQjRGt8i0/mqdefault.jpg,Laut Kidul,Yeni Inka,,,Laut Kidul Yeni Inka
2026-09-11,id,Indonesia,top_videos_weekly,,43,https://i.ytimg.com/vi/btIQvYcLNoI/mqdefault.jpg,Location Unknown,HONNE,,,Location Unknown HONNE
2026-09-11,id,Indonesia,top_videos_weekly,,44,https://i.ytimg.com/vi/ghsrc0R1A2A/mqdefault.jpg,SODA SODA,TWS,"8月 27, 2026",967418,"44 New SODA SODA TWS 8月 27, 2026 - 1 967,418"
2026-09-11,id,Indonesia,top_videos_weekly,,45,https://i.ytimg.com/vi/o0tVo09Rjyw/mqdefault.jpg,Salah Apa,Ipank,"2月 8, 2026",967131,"45 8 Salah Apa Ipank 2月 8, 2026 37 13 967,131"
2026-09-11,id,Indonesia,top_videos_weekly,,46,https://i.ytimg.com/vi/fcY8YudZe1c/mqdefault.jpg,Menteri Durmagati,KAJAWI,,,Menteri Durmagati KAJAWI
2026-09-11,id,Indonesia,top_videos_weekly,,47,https://i.ytimg.com/vi/s9NoBV_7yVI/mqdefault.jpg,Bukti,Virgoun,"9月 19, 2017",941040,"47 47 Bukti Virgoun 9月 19, 2017 - 70 941,040"
2026-09-11,id,Indonesia,top_videos_weekly,,48,https://i.ytimg.com/vi/C8D16CYoFo8/mqdefault.jpg,Dirantai Digelangi Rindu,Yeni Inka,,,Dirantai Digelangi Rindu Yeni Inka
2026-09-11,id,Indonesia,top_videos_weekly,,49,https://i.ytimg.com/vi/m_2GEsOIzmc/mqdefault.jpg,Bounce & Pa Bkb,Vian DTM,,,Bounce & Pa Bkb Vian DTM
2026-09-11,id,Indonesia,top_videos_weekly,,50,https://i.ytimg.com/vi/NRGDT2UUlsk/mqdefault.jpg,Jatuh Suka,圖魯斯,"9月 28, 2025",906994,"50 4 Jatuh Suka 圖魯斯 9月 28, 2025 46 10 906,994"
2026-09-11,id,Indonesia,top_videos_weekly,,51,https://i.ytimg.com/vi/1WeCPL58Ijg/mqdefault.jpg,ANGEL 2 (Live),Ajeng Febria,,,ANGEL 2 (Live) Ajeng Febria
2026-09-11,id,Indonesia,top_videos_weekly,,52,https://i.ytimg.com/vi/ulGz_10_HAE/mqdefault.jpg,Gerhana Dalam Cinta,Arief,,,Gerhana Dalam Cinta Arief
2026-09-11,id,Indonesia,top_videos_weekly,,53,https://i.ytimg.com/vi/1zZQa0-QQIA/mqdefault.jpg,SAUCIN',NEXZ,"8月 24, 2026",854252,"53 New SAUCIN' NEXZ 8月 24, 2026 - 1 854,252"
2026-09-11,id,Indonesia,top_videos_weekly,,54,https://i.ytimg.com/vi/qCfP5xrcTSU/mqdefault.jpg,Mutiara (Ska Reggae Version),Maulana Ardiansyah,,,Mutiara (Ska Reggae Version) Maulana Ardiansyah
2026-09-11,id,Indonesia,top_videos_weekly,,55,https://i.ytimg.com/vi/75aBKInkybs/mqdefault.jpg,Tentang Rindu,Virzha,,,Tentang Rindu Virzha
2026-09-11,id,Indonesia,top_videos_weekly,,56,https://i.ytimg.com/vi/lY2yjAdbvdQ/mqdefault.jpg,Treat You Better,Shawn Mendes,,,Treat You Better Shawn Mendes
2026-09-11,id,Indonesia,top_videos_weekly,,57,https://i.ytimg.com/vi/b5ZQob-mDGM/mqdefault.jpg,Hingga Tua Bersama,Rizky Febian,,,Hingga Tua Bersama Rizky Febian
2026-09-11,id,Indonesia,top_videos_weekly,,58,https://i.ytimg.com/vi/SeSAwqq_Kpo/mqdefault.jpg,Kita Lewati Berdua,Overnight,,,Kita Lewati Berdua Overnight
2026-09-11,id,Indonesia,top_videos_weekly,,59,https://i.ytimg.com/vi/091NHI5FOxY/mqdefault.jpg,Kasih Aba Aba,Tenxi / Naykilla / Jemsii,,,"Kasih Aba Aba Tenxi , Naykilla & Jemsii"
2026-09-11,id,Indonesia,top_videos_weekly,,60,https://i.ytimg.com/vi/iZ-KyjX5dj8/mqdefault.jpg,Wayase Seka,Novia Bachmid / Toton Caribo / Jacson Zeran,,,"Wayase Seka Novia Bachmid , Toton Caribo & Jacson Zeran"
2026-09-11,id,Indonesia,top_videos_weekly,,61,https://i.ytimg.com/vi/uGxaFiHD7PI/mqdefault.jpg,Menari-nari,Raim Laode,,,Menari-nari Raim Laode
2026-09-11,id,Indonesia,top_videos_weekly,,62,https://i.ytimg.com/vi/uf721kddxuM/mqdefault.jpg,2001x,Adrian Khalif,,2001,2001x Adrian Khalif
2026-09-11,id,Indonesia,top_videos_weekly,,63,https://i.ytimg.com/vi/chl0R8C4NJ8/mqdefault.jpg,Hearts2Hearts 하츠투하츠 'ICONIC HEART' MV,Hearts2Hearts,,,Hearts2Hearts 하츠투하츠 'ICONIC HEART' MV Hearts2Hearts
2026-09-11,id,Indonesia,top_videos_weekly,,64,https://i.ytimg.com/vi/lCIX4hd_geU/mqdefault.jpg,LAUT KIDUL (Live),Denny Caknan,,,LAUT KIDUL (Live) Denny Caknan
2026-09-11,id,Indonesia,top_videos_weekly,,65,https://i.ytimg.com/vi/GTCMLqt6Slg/mqdefault.jpg,ONCOM GONDRONG || LIVE ADE ASTRID X GERENGSENG TEAM,Ade Astrid,,,ONCOM GONDRONG || LIVE ADE ASTRID X GERENGSENG TEAM Ade Astrid
2026-09-11,id,Indonesia,top_videos_weekly,,66,https://i.ytimg.com/vi/WhEUZrB2Osc/mqdefault.jpg,Berapa Kali Kita Akan Saling Memaafkan,Pamungkas,,,Berapa Kali Kita Akan Saling Memaafkan Pamungkas
2026-09-11,id,Indonesia,top_videos_weekly,,67,https://i.ytimg.com/vi/0-cBNnPZw-8/mqdefault.jpg,Hearts2Hearts - ICONIC HEART / THE FIRST TAKE,THE FIRST TAKE,,,Hearts2Hearts - ICONIC HEART / THE FIRST TAKE THE FIRST TAKE
2026-09-11,id,Indonesia,top_videos_weekly,,68,https://i.ytimg.com/vi/MW9BbTJrMig/mqdefault.jpg,Sia Sia Mengharap Cintamu,Els Warouw,,,Sia Sia Mengharap Cintamu Els Warouw
2026-09-11,id,Indonesia,top_videos_weekly,,69,https://i.ytimg.com/vi/Ghhhp_3xBxw/mqdefault.jpg,Perceraian Lara,Fendik Adella / Difarina Indra Adella,,,Perceraian Lara Fendik Adella & Difarina Indra Adella
2026-09-11,id,Indonesia,top_videos_weekly,,70,https://i.ytimg.com/vi/QGZ1tR-xMLo/mqdefault.jpg,Titik Nadir,Kahitna / Monita Tahalea,,,Titik Nadir Kahitna & Monita Tahalea
2026-09-11,id,Indonesia,top_videos_weekly,,71,https://i.ytimg.com/vi/wPb_miODtDI/mqdefault.jpg,Astaga Bercanda,Akbar Chalay / Mingse,,,Astaga Bercanda Akbar Chalay & Mingse
2026-09-11,id,Indonesia,top_videos_weekly,,72,https://i.ytimg.com/vi/O2CFycaEc8A/mqdefault.jpg,Jomblo,Riyanti Darlia / Bandung Music,,,Jomblo Riyanti Darlia & Bandung Music
2026-09-11,id,Indonesia,top_videos_weekly,,73,https://i.ytimg.com/vi/ZC70DeOnWbA/mqdefault.jpg,Safira Inema - Lewat Angin Wengi (Pop Dangdut),Safira Inema,,,Safira Inema - Lewat Angin Wengi (Pop Dangdut) Safira Inema
2026-09-11,id,Indonesia,top_videos_weekly,,74,https://i.ytimg.com/vi/R5PyKEgKYUE/mqdefault.jpg,Jambu Alas,Della Monica,,,Jambu Alas Della Monica
2026-09-11,id,Indonesia,top_videos_weekly,,75,https://i.ytimg.com/vi/5aXjNhFdSwQ/mqdefault.jpg,NEGORO ANGIN,Niken Salindry,,,NEGORO ANGIN Niken Salindry
2026-09-11,id,Indonesia,top_videos_weekly,,76,https://i.ytimg.com/vi/KKBaooynVzg/mqdefault.jpg,PERCUMA,Anggis Devaki / Betrand Putra Onsu,,,PERCUMA Anggis Devaki & Betrand Putra Onsu
2026-09-11,id,Indonesia,top_videos_weekly,,77,https://i.ytimg.com/vi/ThGYCL1zERU/mqdefault.jpg,Raci Kuah,Fresly Nikijuluw,,,Raci Kuah Fresly Nikijuluw
2026-09-11,id,Indonesia,top_videos_weekly,,78,https://i.ytimg.com/vi/n-QR5ishboM/mqdefault.jpg,15-LOVE,Hearts2Hearts,,,15-LOVE Hearts2Hearts
2026-09-11,id,Indonesia,top_videos_weekly,,79,https://i.ytimg.com/vi/s2iouw38zB4/mqdefault.jpg,Pemilik Hati,Armada,,,Pemilik Hati Armada
2026-09-11,id,Indonesia,top_videos_weekly,,80,https://i.ytimg.com/vi/nYLaeQ0_TjY/mqdefault.jpg,Mencari Alasan,Exists,,,Mencari Alasan Exists
2026-09-11,id,Indonesia,top_videos_weekly,,81,https://i.ytimg.com/vi/qFZI6kPtOh0/mqdefault.jpg,Kita,Sheila on 7,,,Kita Sheila on 7
2026-09-11,id,Indonesia,top_videos_weekly,,82,https://i.ytimg.com/vi/FcOctsNXyjk/mqdefault.jpg,Cinta Luar Biasa,Andmesh,,,Cinta Luar Biasa Andmesh
2026-09-11,id,Indonesia,top_videos_weekly,,83,https://i.ytimg.com/vi/L1vlvEfFQlg/mqdefault.jpg,SALAH APA,Laila Ayu / Irwan Krisdiyanto / Simpatik Music,,,"SALAH APA Laila Ayu , Irwan Krisdiyanto & Simpatik Music"
2026-09-11,id,Indonesia,top_videos_weekly,,84,https://i.ytimg.com/vi/DfFxkW53f2Q/mqdefault.jpg,Laksana Surgaku,Dudy Oris,,,Laksana Surgaku Dudy Oris
2026-09-11,id,Indonesia,top_videos_weekly,,85,https://i.ytimg.com/vi/f11AZg7Xw40/mqdefault.jpg,Kisah Tanpa Dirimu,Anggis Devaki,,,Kisah Tanpa Dirimu Anggis Devaki
2026-09-11,id,Indonesia,top_videos_weekly,,86,https://i.ytimg.com/vi/-1SgFHqxjlw/mqdefault.jpg,SxyCip - Love All Day (Official Music Video),SxyCip,,,SxyCip - Love All Day (Official Music Video) SxyCip
2026-09-11,id,Indonesia,top_videos_weekly,,87,https://i.ytimg.com/vi/sT3VIlMe2zo/mqdefault.jpg,OURBIRTHDAY “SQUEEZY” Performance Video,JYP Entertainment,,,OURBIRTHDAY “SQUEEZY” Performance Video JYP Entertainment
2026-09-11,id,Indonesia,top_videos_weekly,,88,https://i.ytimg.com/vi/7NNiL6hffRs/mqdefault.jpg,Frans Ft. Fauzana - Panek Diawak Kayo Diurang (Official Music Video),Frans,,,Frans Ft. Fauzana - Panek Diawak Kayo Diurang (Official Music Video) Frans
2026-09-11,id,Indonesia,top_videos_weekly,,89,https://i.ytimg.com/vi/24ESSt8sRm0/mqdefault.jpg,Dirantai Digelangi Rindu,Happy Asmara / Royal Music,,,Dirantai Digelangi Rindu Happy Asmara & Royal Music
2026-09-11,id,Indonesia,top_videos_weekly,,90,https://i.ytimg.com/vi/QY1yLnapeT0/mqdefault.jpg,Mutiara,Ajeng Febria,,,Mutiara Ajeng Febria
2026-09-11,id,Indonesia,top_videos_weekly,,91,https://i.ytimg.com/vi/hXYjK4in0MM/mqdefault.jpg,Die Another Day,TNX,,,Die Another Day TNX
2026-09-11,id,Indonesia,top_videos_weekly,,92,https://i.ytimg.com/vi/-0KcQ5qhiX8/mqdefault.jpg,Wasap Mamen (Sped Up),DJiamputh,,,Wasap Mamen (Sped Up) DJiamputh
2026-09-11,id,Indonesia,top_videos_weekly,,93,https://i.ytimg.com/vi/A5E1oEWjEHs/mqdefault.jpg,HAPPY ASMARA FT ZIO SANDI - RAISO NGAPUSI 2 ( Official Live Video Royal Music,Happy Asmara / Royal Music,,,HAPPY ASMARA FT ZIO SANDI - RAISO NGAPUSI 2 ( Official Live Video Royal Music ) Happy Asmara & Royal Music
2026-09-11,id,Indonesia,top_videos_weekly,,94,https://i.ytimg.com/vi/-b5i8iB0lSY/mqdefault.jpg,Những Người Hùng Không Tên - Du Thiên | Sáng Tác: Thành Đô|Ca Khúc Hưởng Ứng Chiến Dịch 500 Ngày Đêm,Du Thiên,,500,Những Người Hùng Không Tên - Du Thiên | Sáng Tác: Thành Đô|Ca Khúc Hưởng Ứng Chiến Dịch 500 Ngày Đêm Du Thiên
2026-09-11,id,Indonesia,top_videos_weekly,,95,https://i.ytimg.com/vi/PqTRMsd8uRQ/mqdefault.jpg,Aku Harus Pergi,Ari Lesmana / Whisnu Santika,,,Aku Harus Pergi Ari Lesmana & Whisnu Santika
2026-09-11,id,Indonesia,top_videos_weekly,,96,https://i.ytimg.com/vi/0myIhVlt8i4/mqdefault.jpg,Sandiwara Cinta (Accoustic Ver),Repvblik,,,Sandiwara Cinta (Accoustic Ver) Repvblik
2026-09-11,id,Indonesia,top_videos_weekly,,97,https://i.ytimg.com/vi/1VqxWNwgf5Q/mqdefault.jpg,Lemon Tang,Hearts2Hearts,,,Lemon Tang Hearts2Hearts
2026-09-11,id,Indonesia,top_videos_weekly,,98,https://i.ytimg.com/vi/vf3zFvcKQkw/mqdefault.jpg,Heaven,Bryan Adams,,,Heaven Bryan Adams
2026-09-11,id,Indonesia,top_videos_weekly,,99,https://i.ytimg.com/vi/3lOsboT-IWU/mqdefault.jpg,マイオンリー,SixTONES,"7月 17, 2026",528181,"99 29 マイオンリー SixTONES 7月 17, 2026 70 2 528,181"
2026-09-11,id,Indonesia,top_videos_weekly,,100,https://i.ytimg.com/vi/QCE3_GuF5qA/mqdefault.jpg,Denok,Silvy Kumalasari,,,Denok Silvy Kumalasari
2026-09-11,in,India,top_videos_weekly,,1,https://i.ytimg.com/vi/JqFzhcWo3EU/mqdefault.jpg,"Yeshanagula (From ""The Paradise"") (Telugu)",Jangi Reddy / Singer Prabha / 希厄姆·卡莎拉 / Anirudh Ravichander,,,"Yeshanagula (From ""The Paradise"") (Telugu) Jangi Reddy , Singer Prabha , 希厄姆·卡莎拉 & Anirudh Ravichander"
2026-09-11,in,India,top_videos_weekly,,2,https://i.ytimg.com/vi/jZEA2mMwL1k/mqdefault.jpg,Mutta Kalakki,Ken Karunaas,,,Mutta Kalakki Ken Karunaas
2026-09-11,in,India,top_videos_weekly,,3,https://i.ytimg.com/vi/xvT1jH8B9AM/mqdefault.jpg,KALYANI (Remix),ARJN / KDS / FIFTY4 / 舒蕾亞·戈沙爾,,,"KALYANI (Remix) ARJN , KDS , FIFTY4 & 舒蕾亞·戈沙爾"
2026-09-11,in,India,top_videos_weekly,,4,https://i.ytimg.com/vi/A_RV2H2F9jw/mqdefault.jpg,Basinga Balaalu,Srinidhi Nerella / Kalyan Keys / Swamy Naresh,,,"Basinga Balaalu Srinidhi Nerella , Kalyan Keys & Swamy Naresh"
2026-09-11,in,India,top_videos_weekly,,5,https://i.ytimg.com/vi/u9BdaJTWeiw/mqdefault.jpg,Barbaadi,Shilpi Raj,,,Barbaadi Shilpi Raj
2026-09-11,in,India,top_videos_weekly,,6,https://i.ytimg.com/vi/YyepU5ztLf4/mqdefault.jpg,Shararat,Madhubanti Bagchi / 雅斯文·桑德拉斯 / 沙赫瓦特·薩赫迪夫,,,"Shararat Madhubanti Bagchi , 雅斯文·桑德拉斯 & 沙赫瓦特·薩赫迪夫"
2026-09-11,in,India,top_videos_weekly,,7,https://i.ytimg.com/vi/s2HYl12gmOY/mqdefault.jpg,Parvati,Sadhu Tiwari,,,Parvati Sadhu Tiwari
2026-09-11,in,India,top_videos_weekly,,8,https://i.ytimg.com/vi/jR3rWCBeO6M/mqdefault.jpg,"Radhimaa (From ""Think Indie"")",Asma Teji / Sai Abhyankkar / Vivek / Nargis Teji,,,"Radhimaa (From ""Think Indie"") Asma Teji , Sai Abhyankkar , Vivek & Nargis Teji"
2026-09-11,in,India,top_videos_weekly,,9,https://i.ytimg.com/vi/6rvUyBiBtik/mqdefault.jpg,Tera Mera Rishta,Sayeed Quadri / Mustafa Zahid / Pritam,,,"Tera Mera Rishta Sayeed Quadri , Mustafa Zahid & Pritam"
2026-09-11,in,India,top_videos_weekly,,10,https://i.ytimg.com/vi/ebZj_nrmH-c/mqdefault.jpg,Barsaat,Banjaare / Roni,,,Barsaat Banjaare & Roni
2026-09-11,in,India,top_videos_weekly,,11,https://i.ytimg.com/vi/QnQnz9G2LNw/mqdefault.jpg,MALLEPOOLA PALLAKI (Song) | Ravi Teja | GV Prakash | Dappu Srinu | Shiva Nirvana | Irumudi,T-Series Telugu,,,MALLEPOOLA PALLAKI (Song) | Ravi Teja | GV Prakash | Dappu Srinu | Shiva Nirvana | Irumudi T-Series Telugu
2026-09-11,in,India,top_videos_weekly,,12,https://i.ytimg.com/vi/2gXNDr_6FcE/mqdefault.jpg,Irumudi Kattu,Shiva Nirvana / G.V. Prakash Kumar / Kalyan Chakravarthy Tripuraneni / Ananthu,,,"Irumudi Kattu Shiva Nirvana , G.V. Prakash Kumar , Kalyan Chakravarthy Tripuraneni & Ananthu"
2026-09-11,in,India,top_videos_weekly,,13,https://i.ytimg.com/vi/WT-wrwlN144/mqdefault.jpg,YAALALO YAALALO Lyrical | Irumudi | Ravi Teja | GV Prakash | Hesham | Shiva Nirvana,Hesham Abdul Wahab / Sadhika K R / Balaji Venugopal / G.V. Prakash Kumar,,,"YAALALO YAALALO Lyrical | Irumudi | Ravi Teja | GV Prakash | Hesham | Shiva Nirvana Hesham Abdul Wahab , Sadhika K R , Balaji Venugopal & G.V. Prakash Kumar"
2026-09-11,in,India,top_videos_weekly,,14,https://i.ytimg.com/vi/cRgrrrdqbLM/mqdefault.jpg,अफीम (Official Video) #Khesari Lal Yadav | Kangana Sharma | #Shilpi Raj | Afeem | New #Bhojpuri Song,Wave Music,,,अफीम (Official Video) #Khesari Lal Yadav | Kangana Sharma | #Shilpi Raj | Afeem | New #Bhojpuri Song Wave Music
2026-09-11,in,India,top_videos_weekly,,15,https://i.ytimg.com/vi/oafxkMv4xnc/mqdefault.jpg,Bairan,Banjaare,"2月 13, 2026",8075902,"15 1 Bairan Banjaare 2月 13, 2026 14 26 8,075,902"
2026-09-11,in,India,top_videos_weekly,,16,https://i.ytimg.com/vi/7w7LUaLpM4E/mqdefault.jpg,MALLEPOOLA PALLAKI 8K VIDEO | RAVI TEJA | GV PRAKASH | DAPPU SRINU | IRUMUDI | AYYAPPA SONG,Sunkara Anjaneyulu / Yugabharathi / G.V. Prakash Kumar / Velmurugan,,,"MALLEPOOLA PALLAKI 8K VIDEO | RAVI TEJA | GV PRAKASH | DAPPU SRINU | IRUMUDI | AYYAPPA SONG Sunkara Anjaneyulu , Yugabharathi , G.V. Prakash Kumar & Velmurugan"
2026-09-11,in,India,top_videos_weekly,,17,https://i.ytimg.com/vi/ZvXN0TcZLfQ/mqdefault.jpg,Fortuner,Raj Mawar / Ruchika Jangid,,,Fortuner Raj Mawar & Ruchika Jangid
2026-09-11,in,India,top_videos_weekly,,18,https://i.ytimg.com/vi/aRNfSqsgrgE/mqdefault.jpg,Sheesha,Mitta Ror / Swara Verma,,,Sheesha Mitta Ror & Swara Verma
2026-09-11,in,India,top_videos_weekly,,19,https://i.ytimg.com/vi/b68HETiNO98/mqdefault.jpg,Pavazha Malli,Sai Abhyankkar / Shruti Haasan,,,Pavazha Malli Sai Abhyankkar & Shruti Haasan
2026-09-11,in,India,top_videos_weekly,,20,https://i.ytimg.com/vi/F2m4HPLvj-4/mqdefault.jpg,Jaiye Sajana,雅斯文·桑德拉斯 / 施廷德·薩爾塔 / 沙赫瓦特·薩赫迪夫,,,"Jaiye Sajana 雅斯文·桑德拉斯 , 施廷德·薩爾塔 & 沙赫瓦特·薩赫迪夫"
2026-09-11,in,India,top_videos_weekly,,21,https://i.ytimg.com/vi/cL0KKSPjZf8/mqdefault.jpg,Boom Shaka,KR$NA / Dhanda Nyoliwala,,,Boom Shaka KR$NA & Dhanda Nyoliwala
2026-09-11,in,India,top_videos_weekly,,22,https://i.ytimg.com/vi/9dV6Hl2u3vM/mqdefault.jpg,Neno Butterfly,Sublahshini / G.V. Prakash Kumar,,,Neno Butterfly Sublahshini & G.V. Prakash Kumar
2026-09-11,in,India,top_videos_weekly,,23,https://i.ytimg.com/vi/bP8ATWCvqzw/mqdefault.jpg,Arz Kiya Hai,Anuv Jain,,,Arz Kiya Hai Anuv Jain
2026-09-11,in,India,top_videos_weekly,,24,https://i.ytimg.com/vi/iAtoZar5W58/mqdefault.jpg,Aaya Sher,Jangi Reddy / Arjun Chandy / 安尼魯德・瑞維奇德 / Kasarla Shyam,,,"Aaya Sher Jangi Reddy , Arjun Chandy , 安尼魯德・瑞維奇德 & Kasarla Shyam"
2026-09-11,in,India,top_videos_weekly,,25,https://i.ytimg.com/vi/GVizJ_jpUnw/mqdefault.jpg,Gehra Hua,Arijit Singh / Armaan Khan / 沙赫瓦特·薩赫迪夫 / Irshad Kamil,,,"Gehra Hua Arijit Singh , Armaan Khan , 沙赫瓦特·薩赫迪夫 & Irshad Kamil"
2026-09-11,in,India,top_videos_weekly,,26,https://i.ytimg.com/vi/1eIsHDzbZtI/mqdefault.jpg,Gaddafi,Shevv / Dhanda Nyoliwala,,,Gaddafi Shevv & Dhanda Nyoliwala
2026-09-11,in,India,top_videos_weekly,,27,https://i.ytimg.com/vi/z5y8Clp_TdE/mqdefault.jpg,KALYANI (Remix),舒蕾亞·戈沙爾 / ARJN / FIFTY4 / KDS,,,"KALYANI (Remix) 舒蕾亞·戈沙爾 , ARJN , FIFTY4 & KDS"
2026-09-11,in,India,top_videos_weekly,,28,https://i.ytimg.com/vi/C1LN4cWjMl0/mqdefault.jpg,Pattampoochi,Sublahshini / G.V. Prakash Kumar,,,Pattampoochi Sublahshini & G.V. Prakash Kumar
2026-09-11,in,India,top_videos_weekly,,29,https://i.ytimg.com/vi/Tw5QQsSflYc/mqdefault.jpg,God’s Favorite,Kaptaan / Sultaan / Avvy Sra / Jordan Sandhu,,,"God’s Favorite Kaptaan , Sultaan , Avvy Sra & Jordan Sandhu"
2026-09-11,in,India,top_videos_weekly,,30,https://i.ytimg.com/vi/5GCfYLguTIs/mqdefault.jpg,Boyfriend,Karan Aujla,,,Boyfriend Karan Aujla
2026-09-11,in,India,top_videos_weekly,,31,https://i.ytimg.com/vi/qZC_eUpTKpA/mqdefault.jpg,"Kaho Toh (From ""Prem Keetanu"")",Annkur R Pathakk / 阿曼·馬利克 / Altamash Faridi / Sachin Urmtosh,,,"Kaho Toh (From ""Prem Keetanu"") Annkur R Pathakk , 阿曼·馬利克 , Altamash Faridi & Sachin Urmtosh"
2026-09-11,in,India,top_videos_weekly,,32,https://i.ytimg.com/vi/EEZ8fbzhEfQ/mqdefault.jpg,Irumudi Kattu,Shiva Nirvana / G.V. Prakash Kumar / Kalyan Chakravarthy Tripuraneni / Ananthu,,,"Irumudi Kattu Shiva Nirvana , G.V. Prakash Kumar , Kalyan Chakravarthy Tripuraneni & Ananthu"
2026-09-11,in,India,top_videos_weekly,,33,https://i.ytimg.com/vi/5tWg08zV-tI/mqdefault.jpg,Court Me Goli (Official Video) Ankit Baliyan | Fiza Choudhary | New Haryanvi Songs Haryanavi 2025,Gulshan Music,,2025,Court Me Goli (Official Video) Ankit Baliyan | Fiza Choudhary | New Haryanvi Songs Haryanavi 2025 Gulshan Music
2026-09-11,in,India,top_videos_weekly,,34,https://i.ytimg.com/vi/asG7cwxi1sA/mqdefault.jpg,Saiyaara,舒蕾亞·戈沙爾 / Arslan Nizami / Irshad Kamil,,,"Saiyaara 舒蕾亞·戈沙爾 , Arslan Nizami & Irshad Kamil"
2026-09-11,in,India,top_videos_weekly,,35,https://i.ytimg.com/vi/uOrhBw3N3NM/mqdefault.jpg,80 Lakh,D Naveen / Shiva Choudhary / Sweta Chauhan / Kala Dighal,,,"80 Lakh D Naveen , Shiva Choudhary , Sweta Chauhan & Kala Dighal"
2026-09-11,in,India,top_videos_weekly,,36,https://i.ytimg.com/vi/HHv5RZpvbV4/mqdefault.jpg,show time...,Snow Man,,,show time... Snow Man
2026-09-11,in,India,top_videos_weekly,,37,https://i.ytimg.com/vi/7VsejGzcJmM/mqdefault.jpg,Alaakaa Loova,Sai Abhyankkar,,,Alaakaa Loova Sai Abhyankkar
2026-09-11,in,India,top_videos_weekly,,38,https://i.ytimg.com/vi/GX9x62kFsVU/mqdefault.jpg,Gehra Hua,Arijit Singh / Armaan Khan / 沙赫瓦特·薩赫迪夫 / Irshad Kamil,,,"Gehra Hua Arijit Singh , Armaan Khan , 沙赫瓦特·薩赫迪夫 & Irshad Kamil"
2026-09-11,in,India,top_videos_weekly,,39,https://i.ytimg.com/vi/Oyw1Eo21q5k/mqdefault.jpg,Kabze,Bintu Pabra / Shiva Choudhary,,,Kabze Bintu Pabra & Shiva Choudhary
2026-09-11,in,India,top_videos_weekly,,40,https://i.ytimg.com/vi/ZcO4s0UU4Uk/mqdefault.jpg,Kamar DJ Pe,Manish Sonipat Aala / Bali Sharma / Vampire,,,"Kamar DJ Pe Manish Sonipat Aala , Bali Sharma & Vampire"
2026-09-11,in,India,top_videos_weekly,,41,https://i.ytimg.com/vi/NhWaRfiqeCs/mqdefault.jpg,Irumudi Kattu,Shiva Nirvana / G.V. Prakash Kumar / Kalyan Chakravarthy Tripuraneni / Ananthu,,,"Irumudi Kattu Shiva Nirvana , G.V. Prakash Kumar , Kalyan Chakravarthy Tripuraneni & Ananthu"
2026-09-11,in,India,top_videos_weekly,,42,https://i.ytimg.com/vi/AsdEIaw9Wks/mqdefault.jpg,Mithe Tere Bol Pari,Masoom Sharma,,,Mithe Tere Bol Pari Masoom Sharma
2026-09-11,in,India,top_videos_weekly,,43,https://i.ytimg.com/vi/yrjDEU9F1bw/mqdefault.jpg,Bairi,Virat / Pradeep Solanki / Heena,,,"Bairi Virat , Pradeep Solanki & Heena"
2026-09-11,in,India,top_videos_weekly,,44,https://i.ytimg.com/vi/VwTBkTuzBGw/mqdefault.jpg,TATVDARSHI (Full Song) Masoom Sharma | Harry Lather | Thinker | The Mirror | New Haryanvi Song 2026,Masoom Sharma,,2026,TATVDARSHI (Full Song) Masoom Sharma | Harry Lather | Thinker | The Mirror | New Haryanvi Song 2026 Masoom Sharma
2026-09-11,in,India,top_videos_weekly,,45,https://i.ytimg.com/vi/tLqtnGLfm4Q/mqdefault.jpg,"Tum Hi Aana (From ""Marjaavaan"")",Jubin Nautiyal / Payal Dev,,,"Tum Hi Aana (From ""Marjaavaan"") Jubin Nautiyal & Payal Dev"
2026-09-11,in,India,top_videos_weekly,,46,https://i.ytimg.com/vi/rC-kbRanJQ0/mqdefault.jpg,UDI UDI,Hruday / Sarkar / Aneesh,,,"UDI UDI Hruday , Sarkar & Aneesh"
2026-09-11,in,India,top_videos_weekly,,47,https://i.ytimg.com/vi/1iBDh00xMQw/mqdefault.jpg,Rupya Dekh Ke Bora Me,Tuntun Yadav,,,Rupya Dekh Ke Bora Me Tuntun Yadav
2026-09-11,in,India,top_videos_weekly,,48,https://i.ytimg.com/vi/QHdajZktFEU/mqdefault.jpg,Bangles,Sanju Rathod / G-SPXRK,,,Bangles Sanju Rathod & G-SPXRK
2026-09-11,in,India,top_videos_weekly,,49,https://i.ytimg.com/vi/5mKyNksQuEA/mqdefault.jpg,"Raaton Mein Aana (From ""Vibe"")",Tips Official,,,"Raaton Mein Aana (From ""Vibe"") Tips Official"
2026-09-11,in,India,top_videos_weekly,,50,https://i.ytimg.com/vi/5RT6QMKJTjQ/mqdefault.jpg,Ishq Sufiyana,Kamal Khan,,,Ishq Sufiyana Kamal Khan
2026-09-11,in,India,top_videos_weekly,,51,https://i.ytimg.com/vi/1zZQa0-QQIA/mqdefault.jpg,SAUCIN',NEXZ,"8月 24, 2026",3735531,"51 New SAUCIN' NEXZ 8月 24, 2026 - 1 3,735,531"
2026-09-11,in,India,top_videos_weekly,,52,https://i.ytimg.com/vi/v5jVX0QYwQo/mqdefault.jpg,Shararat,Madhubanti Bagchi / 雅斯文·桑德拉斯 / 沙赫瓦特·薩赫迪夫,,,"Shararat Madhubanti Bagchi , 雅斯文·桑德拉斯 & 沙赫瓦特·薩赫迪夫"
2026-09-11,in,India,top_videos_weekly,,53,https://i.ytimg.com/vi/D57Bum-y_Bk/mqdefault.jpg,MALLEPOOLA PALLAKI,Dappu Srinu,,,MALLEPOOLA PALLAKI Dappu Srinu
2026-09-11,in,India,top_videos_weekly,,54,https://i.ytimg.com/vi/LX2zshAgECQ/mqdefault.jpg,Aankhon Se Tune 2.0,Dev Negi / Palak Muchhal / Kumar Sanu / Alka Yagnik,,,"Aankhon Se Tune 2.0 Dev Negi , Palak Muchhal , Kumar Sanu & Alka Yagnik"
2026-09-11,in,India,top_videos_weekly,,55,https://i.ytimg.com/vi/qpIdoaaPa6U/mqdefault.jpg,Jeene Laga Hoon (Lyrical),薩辛-吉格爾,,,Jeene Laga Hoon (Lyrical) 薩辛-吉格爾
2026-09-11,in,India,top_videos_weekly,,56,https://i.ytimg.com/vi/rs0gQ-3hbPQ/mqdefault.jpg,"Muthumani (From ""Dorothy"")",Shweta Mohan / Ilaiyaraaja,,,"Muthumani (From ""Dorothy"") Shweta Mohan & Ilaiyaraaja"
2026-09-11,in,India,top_videos_weekly,,57,https://i.ytimg.com/vi/Bm9lLpmPM0A/mqdefault.jpg,Pattampoochi,Sublahshini / G.V. Prakash Kumar,,,Pattampoochi Sublahshini & G.V. Prakash Kumar
2026-09-11,in,India,top_videos_weekly,,58,https://i.ytimg.com/vi/6JaeasJw-QI/mqdefault.jpg,Thalapathy Kacheri,Jayanth Maadhur / Anirudh Ravichander / Arun Kaundinya / Nazeeruddin / Srinivasa Mouli,,,"Thalapathy Kacheri Jayanth Maadhur , Anirudh Ravichander , Arun Kaundinya , Nazeeruddin & Srinivasa Mouli"
2026-09-11,in,India,top_videos_weekly,,59,https://i.ytimg.com/vi/X1twu3ztkPU/mqdefault.jpg,Bum Baa Diga Diga - Music Video | DC | Lokesh | Sun Pictures | Anirudh | Arun Matheswaran,Heisenberg / Ritesh G Rao / Anirudh Ravichander / Asura,,,"Bum Baa Diga Diga - Music Video | DC | Lokesh | Sun Pictures | Anirudh | Arun Matheswaran Heisenberg , Ritesh G Rao , Anirudh Ravichander & Asura"
2026-09-11,in,India,top_videos_weekly,,60,https://i.ytimg.com/vi/h1kihH0l8iQ/mqdefault.jpg,Tabaahi,維沙爾·米什拉 / 約格拉吉·巴特,,,Tabaahi 維沙爾·米什拉 & 約格拉吉·巴特
2026-09-11,in,India,top_videos_weekly,,61,https://i.ytimg.com/vi/msjA3KVNH7g/mqdefault.jpg,Asalayavale - Video Song | Khalifa | Prithviraj Sukumaran|Malvika Sharma | Jakes Bejoy x Sid Sriram,傑克斯·貝喬 / Mohammed Maqbool Mansoor / Muthu / 席德·斯里拉姆,,,"Asalayavale - Video Song | Khalifa | Prithviraj Sukumaran|Malvika Sharma | Jakes Bejoy x Sid Sriram 傑克斯·貝喬 , Mohammed Maqbool Mansoor , Muthu & 席德·斯里拉姆"
2026-09-11,in,India,top_videos_weekly,,62,https://i.ytimg.com/vi/ahc8zhtzQSk/mqdefault.jpg,Lahanga Se Mahanga,Shivani Singh / Pawan Singh,,,Lahanga Se Mahanga Shivani Singh & Pawan Singh
2026-09-11,in,India,top_videos_weekly,,63,https://i.ytimg.com/vi/alX-ld96FpI/mqdefault.jpg,Jadugarni,Riyaazi / Sintaa,,,Jadugarni Riyaazi & Sintaa
2026-09-11,in,India,top_videos_weekly,,64,https://i.ytimg.com/vi/49x5rfxmv4E/mqdefault.jpg,Karuppa Kooda Va,Sai Abhyankkar / V·M·馬哈林加姆,,,Karuppa Kooda Va Sai Abhyankkar & V·M·馬哈林加姆
2026-09-11,in,India,top_videos_weekly,,65,https://i.ytimg.com/vi/6zDfwVSvyEk/mqdefault.jpg,Hellallallo,Rakshita Suresh / A. R. Rahman / Varadaraj Chikkaballapura,,,"Hellallallo Rakshita Suresh , A. R. Rahman & Varadaraj Chikkaballapura"
2026-09-11,in,India,top_videos_weekly,,66,https://i.ytimg.com/vi/DS-raAyMxl4/mqdefault.jpg,Sanam Re - Instrumental,sandeep thakur / Tejas Vinchurkar,,,Sanam Re - Instrumental sandeep thakur & Tejas Vinchurkar
2026-09-11,in,India,top_videos_weekly,,67,https://i.ytimg.com/vi/l71aOtTJ1gE/mqdefault.jpg,Tiranga,B Praak,"5月 14, 2024",2875070,"67 ● Tiranga B Praak 5月 14, 2024 67 7 2,875,070"
2026-09-11,in,India,top_videos_weekly,,68,https://i.ytimg.com/vi/GG1_DsScm6U/mqdefault.jpg,Vaari Jaavan,喬奧蒂·諾倫 / Reble / 沙赫瓦特·薩赫迪夫 / 雅斯文·桑德拉斯,,,"Vaari Jaavan 喬奧蒂·諾倫 , Reble , 沙赫瓦特·薩赫迪夫 & 雅斯文·桑德拉斯"
2026-09-11,in,India,top_videos_weekly,,69,https://i.ytimg.com/vi/Y9ozt29tzgs/mqdefault.jpg,Naino Ne Baandhi,Yasser Desai / 雅高・普拉沃・穆克吉,,,Naino Ne Baandhi Yasser Desai & 雅高・普拉沃・穆克吉
2026-09-11,in,India,top_videos_weekly,,70,https://i.ytimg.com/vi/P-gPYtr2cGU/mqdefault.jpg,Seethakoka,Ahmed Khan Durani (AKD),,,Seethakoka Ahmed Khan Durani (AKD)
2026-09-11,in,India,top_videos_weekly,,71,https://i.ytimg.com/vi/rJhmLELzizk/mqdefault.jpg,Tu Kajal Nu Noor Che,Rahul Nadiya / Rk Thakor / Ravi Nagar,,,"Tu Kajal Nu Noor Che Rahul Nadiya , Rk Thakor & Ravi Nagar"
2026-09-11,in,India,top_videos_weekly,,72,https://i.ytimg.com/vi/2vYyHb34upc/mqdefault.jpg,Case Teri Rani Ladegi,Khesari Lal Yadav / Shrishti Bharti,,,Case Teri Rani Ladegi Khesari Lal Yadav & Shrishti Bharti
2026-09-11,in,India,top_videos_weekly,,73,https://i.ytimg.com/vi/9hYyZu2KcxQ/mqdefault.jpg,Pagle Bana Delu,Pramod Premi / Vicky Vox / Ravi Yadav,,,"Pagle Bana Delu Pramod Premi , Vicky Vox & Ravi Yadav"
2026-09-11,in,India,top_videos_weekly,,74,https://i.ytimg.com/vi/VOZEBZKd2Pc/mqdefault.jpg,Beech Bajaria,Sapna Awasthi,,,Beech Bajaria Sapna Awasthi
2026-09-11,in,India,top_videos_weekly,,75,https://i.ytimg.com/vi/N0KfiOTSpxs/mqdefault.jpg,"Kalyana Virundhu (From ""Dorothy"")",安東尼·達桑 / 普里亞·傑森 / Ilaiyaraaja / Yugendran Vasudevan,,,"Kalyana Virundhu (From ""Dorothy"") 安東尼·達桑 , 普里亞·傑森 , Ilaiyaraaja & Yugendran Vasudevan"
2026-09-11,in,India,top_videos_weekly,,76,https://i.ytimg.com/vi/BSu3eNpupq8/mqdefault.jpg,Aavagaman,Sadhu Tiwari,,,Aavagaman Sadhu Tiwari
2026-09-11,in,India,top_videos_weekly,,77,https://i.ytimg.com/vi/sAloiE9-OIA/mqdefault.jpg,Dhara Kamar Raja Ji,Neelkamal Singh,,,Dhara Kamar Raja Ji Neelkamal Singh
2026-09-11,in,India,top_videos_weekly,,78,https://i.ytimg.com/vi/KsHKaP50FBE/mqdefault.jpg,Yes! 東京,EBiDAN Ebisu Gakuen Boys Club,,,Yes! 東京 EBiDAN Ebisu Gakuen Boys Club
2026-09-11,in,India,top_videos_weekly,,79,https://i.ytimg.com/vi/m6Y8xEfyXTs/mqdefault.jpg,Main Yahaan Hoon,Udit Narayan,,,Main Yahaan Hoon Udit Narayan
2026-09-11,in,India,top_videos_weekly,,80,https://i.ytimg.com/vi/SKlCjpA5wDs/mqdefault.jpg,Aadabidda Rakhi Paata Full Song | Relare Ganga Songs | SV MallikTeja | KalyanKeys | Rakhi Songs 2026,Relare Ganga,,2026,Aadabidda Rakhi Paata Full Song | Relare Ganga Songs | SV MallikTeja | KalyanKeys | Rakhi Songs 2026 Relare Ganga
2026-09-11,in,India,top_videos_weekly,,81,https://i.ytimg.com/vi/Q7ZMrWQmJbQ/mqdefault.jpg,Katto Gilehri,達雷爾·馬哈帝,,,Katto Gilehri 達雷爾·馬哈帝
2026-09-11,in,India,top_videos_weekly,,82,https://i.ytimg.com/vi/9iGjes4n1iA/mqdefault.jpg,Asalayavale,Mohammad Maqbool Mansoor / 席德·斯里拉姆,,,Asalayavale Mohammad Maqbool Mansoor & 席德·斯里拉姆
2026-09-11,in,India,top_videos_weekly,,83,https://i.ytimg.com/vi/OxXKDGO-MYQ/mqdefault.jpg,LAAVAN,Jasmine Sandlas / Mofusion,,,LAAVAN Jasmine Sandlas & Mofusion
2026-09-11,in,India,top_videos_weekly,,84,https://i.ytimg.com/vi/FPoDwu3odT8/mqdefault.jpg,O Sanam,Akhil Sachdeva,,,O Sanam Akhil Sachdeva
2026-09-11,in,India,top_videos_weekly,,85,https://i.ytimg.com/vi/-9ipZSzGZf0/mqdefault.jpg,"Kalaivaniye (From ""Meesaya Murukku 2"")",Hiphop Tamizha / 高什克·克里希 / Sathyaprakash,,,"Kalaivaniye (From ""Meesaya Murukku 2"") Hiphop Tamizha , 高什克·克里希 & Sathyaprakash"
2026-09-11,in,India,top_videos_weekly,,86,https://i.ytimg.com/vi/d6YJ0FBdPYU/mqdefault.jpg,Sanna Sanna Biyyame,singer gangamani / Singer Shirisha,,,Sanna Sanna Biyyame singer gangamani & Singer Shirisha
2026-09-11,in,India,top_videos_weekly,,87,https://i.ytimg.com/vi/3j7bhOvW6jw/mqdefault.jpg,LOW FADE,Mxrci / Karan Aujla,,,LOW FADE Mxrci & Karan Aujla
2026-09-11,in,India,top_videos_weekly,,88,https://i.ytimg.com/vi/cEuvTa6Ej44/mqdefault.jpg,Majanua Ha Mafiya,Shilpi Raj / Golu Raja,,,Majanua Ha Mafiya Shilpi Raj & Golu Raja
2026-09-11,in,India,top_videos_weekly,,89,https://i.ytimg.com/vi/NWK7dWsBlKo/mqdefault.jpg,Shamiyana,Shilpi Raj / Pawan Singh / Priyanshu Singh,,,"Shamiyana Shilpi Raj , Pawan Singh & Priyanshu Singh"
2026-09-11,in,India,top_videos_weekly,,90,https://i.ytimg.com/vi/q8gilwzNQEA/mqdefault.jpg,Mere Rashke Qamar,Nusrat Fateh Ali Khan / Rahat Fateh Ali Khan,,,Mere Rashke Qamar Nusrat Fateh Ali Khan & Rahat Fateh Ali Khan
2026-09-11,in,India,top_videos_weekly,,91,https://i.ytimg.com/vi/qSL7Cj8w_ZM/mqdefault.jpg,Jio Jiyale - Lyrical Video | Jolliya Iruntha Oruthan | JIO | Yuvan Shankar Raja | Jiiva | Rajesh M,Amrish / 尤文·香卡·拉雅 / Vignesh Ramakrishna / Velu,,,"Jio Jiyale - Lyrical Video | Jolliya Iruntha Oruthan | JIO | Yuvan Shankar Raja | Jiiva | Rajesh M Amrish , 尤文·香卡·拉雅 , Vignesh Ramakrishna & Velu"
2026-09-11,in,India,top_videos_weekly,,92,https://i.ytimg.com/vi/o4cdkp_U5F0/mqdefault.jpg,Yaalalo Yaalalo,Hesham Abdul Wahab / Sadhika K R / G.V. Prakash Kumar / Anantha Sriram,,,"Yaalalo Yaalalo Hesham Abdul Wahab , Sadhika K R , G.V. Prakash Kumar & Anantha Sriram"
2026-09-11,in,India,top_videos_weekly,,93,https://i.ytimg.com/vi/DXQlLGpureI/mqdefault.jpg,Pistol Balam Ki,AMMY CHOUDHARY / Kamal Digiya / Heena / Hanssika Digiya,,,"Pistol Balam Ki AMMY CHOUDHARY , Kamal Digiya , Heena & Hanssika Digiya"
2026-09-11,in,India,top_videos_weekly,,94,https://i.ytimg.com/vi/bt3fBwSVGpM/mqdefault.jpg,"Loser Song - I'm Game (Malayalam) | Dulquer Salmaan | Jakes Bejoy | Reble,Neeraj Madhav",Zee Music South,,,"Loser Song - I'm Game (Malayalam) | Dulquer Salmaan | Jakes Bejoy | Reble,Neeraj Madhav Zee Music South"
2026-09-11,in,India,top_videos_weekly,,95,https://i.ytimg.com/vi/fcnDmrtj6Sk/mqdefault.jpg,Dai Dai,Shakira / Burna Boy,,,Dai Dai Shakira & Burna Boy
2026-09-11,in,India,top_videos_weekly,,96,https://i.ytimg.com/vi/undhkaMMenU/mqdefault.jpg,Sambavakaari,Saindhavi / 肖恩·羅爾丹 / Mohan Rajan,,,"Sambavakaari Saindhavi , 肖恩·羅爾丹 & Mohan Rajan"
2026-09-11,in,India,top_videos_weekly,,97,https://i.ytimg.com/vi/3QhajVg6SjE/mqdefault.jpg,Tu Hi Haqeeqat,Sayeed Quadri / 伊爾尚·阿什拉夫 / Shadab Faridi / 傑韋德·阿里,,,"Tu Hi Haqeeqat Sayeed Quadri , 伊爾尚·阿什拉夫 , Shadab Faridi & 傑韋德·阿里"
2026-09-11,in,India,top_videos_weekly,,98,https://i.ytimg.com/vi/PCCKI8N2HwM/mqdefault.jpg,K Million,Watan Sahi / Nav prince,,,K Million Watan Sahi & Nav prince
2026-09-11,in,India,top_videos_weekly,,99,https://i.ytimg.com/vi/-1SgFHqxjlw/mqdefault.jpg,SxyCip - Love All Day (Official Music Video),SxyCip,,,SxyCip - Love All Day (Official Music Video) SxyCip
2026-09-11,in,India,top_videos_weekly,,100,https://i.ytimg.com/vi/R-4cvbrDbv8/mqdefault.jpg,#Video | हकीकत | Power Star Pawan Singh | HAQEEQAT | Bhojpuri Song 2026,Pawan Singh,,2026,#Video | हकीकत | Power Star Pawan Singh | HAQEEQAT | Bhojpuri Song 2026 Pawan Singh
2026-09-11,sg,Singapore,top_videos_weekly,,1,https://i.ytimg.com/vi/s466YCiHfKw/mqdefault.jpg,FALLEN ANGEL (Official Video),JENNIE,,,FALLEN ANGEL (Official Video) JENNIE
2026-09-11,sg,Singapore,top_videos_weekly,,2,https://i.ytimg.com/vi/jR3rWCBeO6M/mqdefault.jpg,"Radhimaa (From ""Think Indie"")",Asma Teji / Sai Abhyankkar / Vivek / Nargis Teji,,,"Radhimaa (From ""Think Indie"") Asma Teji , Sai Abhyankkar , Vivek & Nargis Teji"
2026-09-11,sg,Singapore,top_videos_weekly,,3,https://i.ytimg.com/vi/JqFzhcWo3EU/mqdefault.jpg,"Yeshanagula (From ""The Paradise"") (Telugu)",Jangi Reddy / Singer Prabha / 希厄姆·卡莎拉 / Anirudh Ravichander,,,"Yeshanagula (From ""The Paradise"") (Telugu) Jangi Reddy , Singer Prabha , 希厄姆·卡莎拉 & Anirudh Ravichander"
2026-09-11,sg,Singapore,top_videos_weekly,,4,https://i.ytimg.com/vi/fcnDmrtj6Sk/mqdefault.jpg,Dai Dai,Shakira / Burna Boy,,,Dai Dai Shakira & Burna Boy
2026-09-11,sg,Singapore,top_videos_weekly,,5,https://i.ytimg.com/vi/N0KfiOTSpxs/mqdefault.jpg,"Kalyana Virundhu (From ""Dorothy"")",安東尼·達桑 / 普里亞·傑森 / Ilaiyaraaja / Yugendran Vasudevan,,,"Kalyana Virundhu (From ""Dorothy"") 安東尼·達桑 , 普里亞·傑森 , Ilaiyaraaja & Yugendran Vasudevan"
2026-09-11,sg,Singapore,top_videos_weekly,,6,https://i.ytimg.com/vi/rs0gQ-3hbPQ/mqdefault.jpg,"Muthumani (From ""Dorothy"")",Shweta Mohan / Ilaiyaraaja,,,"Muthumani (From ""Dorothy"") Shweta Mohan & Ilaiyaraaja"
2026-09-11,sg,Singapore,top_videos_weekly,,7,https://i.ytimg.com/vi/376utoTabMI/mqdefault.jpg,看著我的眼睛說,張遠 / 姚曉棠,,,看着我的眼睛说 张远 & 姚晓棠
2026-09-11,sg,Singapore,top_videos_weekly,,8,https://i.ytimg.com/vi/7H1ObJvb7Hc/mqdefault.jpg,【純享版】張碧晨侯明昊老友重逢卻唱盡痛心！演繹李佳薇新歌《甲乙丙丁》 深情對唱層層遞進 將遺憾與不捨唱到極致 #天賜的聲音7 EP11 20260821,天賜的聲音,,20260821,【纯享版】张碧晨侯明昊老友重逢却唱尽痛心！演绎李佳薇新歌《甲乙丙丁》 深情对唱层层递进 将遗憾与不舍唱到极致 #天赐的声音7 EP11 20260821 天赐的声音
2026-09-11,sg,Singapore,top_videos_weekly,,9,https://i.ytimg.com/vi/is8UDe2PhKQ/mqdefault.jpg,KATSEYE (캣츠아이) 'Hootie Frutti' Official MV,KATSEYE,,,KATSEYE (캣츠아이) 'Hootie Frutti' Official MV KATSEYE
2026-09-11,sg,Singapore,top_videos_weekly,,10,https://i.ytimg.com/vi/m7k9UMcHbr0/mqdefault.jpg,"KATSEYE (캣츠아이) ""Animal"" Official MV",KATSEYE,,,"KATSEYE (캣츠아이) ""Animal"" Official MV KATSEYE"
2026-09-11,sg,Singapore,top_videos_weekly,,11,https://i.ytimg.com/vi/xvT1jH8B9AM/mqdefault.jpg,KALYANI (Remix),ARJN / KDS / FIFTY4 / 舒蕾亞·戈沙爾,,,"KALYANI (Remix) ARJN , KDS , FIFTY4 & 舒蕾亞·戈沙爾"
2026-09-11,sg,Singapore,top_videos_weekly,,12,https://i.ytimg.com/vi/L8ZnXgbyUuc/mqdefault.jpg,BIGBANG - ‘BiiiG’ M/V,BIGBANG,,,BIGBANG - ‘BiiiG’ M/V BIGBANG
2026-09-11,sg,Singapore,top_videos_weekly,,13,https://i.ytimg.com/vi/Q3bFaJVLlb0/mqdefault.jpg,ဤသို့ပြုရ,Theinkpan Htun,,,ဤသို့ပြုရ Theinkpan Htun
2026-09-11,sg,Singapore,top_videos_weekly,,14,https://i.ytimg.com/vi/yebNIHKAC4A/mqdefault.jpg,Golden,HUNTR/X / EJAE / AUDREY NUNA / REI AMI / KPop Demon Hunters Cast,,,"Golden HUNTR/X , EJAE , AUDREY NUNA , REI AMI & KPop Demon Hunters Cast"
2026-09-11,sg,Singapore,top_videos_weekly,,15,https://i.ytimg.com/vi/C1LN4cWjMl0/mqdefault.jpg,Pattampoochi,Sublahshini / G.V. Prakash Kumar,,,Pattampoochi Sublahshini & G.V. Prakash Kumar
2026-09-11,sg,Singapore,top_videos_weekly,,16,https://i.ytimg.com/vi/-q_S27LbNKU/mqdefault.jpg,BAD,ATEEZ,"6月 25, 2026",31181,"16 2 BAD ATEEZ 6月 25, 2026 14 10 31,181"
2026-09-11,sg,Singapore,top_videos_weekly,,17,https://i.ytimg.com/vi/0Vri50xDo7U/mqdefault.jpg,汪蘇瀧 Silence Wang x 莫文蔚 Karen Mok［陰天］明日世界 Official Stage Video,汪蘇瀧,,,汪苏泷 Silence Wang x 莫文蔚 Karen Mok［阴天］明日世界 Official Stage Video 汪蘇瀧
2026-09-11,sg,Singapore,top_videos_weekly,,18,https://i.ytimg.com/vi/7VsejGzcJmM/mqdefault.jpg,Alaakaa Loova,Sai Abhyankkar,,,Alaakaa Loova Sai Abhyankkar
2026-09-11,sg,Singapore,top_videos_weekly,,19,https://i.ytimg.com/vi/b68HETiNO98/mqdefault.jpg,Pavazha Malli,Sai Abhyankkar / Shruti Haasan,,,Pavazha Malli Sai Abhyankkar & Shruti Haasan
2026-09-11,sg,Singapore,top_videos_weekly,,20,https://i.ytimg.com/vi/3DcoC8p9az8/mqdefault.jpg,Training Season (Live),Dua Lipa,,,Training Season (Live) Dua Lipa
2026-09-11,sg,Singapore,top_videos_weekly,,21,https://i.ytimg.com/vi/B5u8JiGVI_k/mqdefault.jpg,BIGBANG - ‘BiiiG’ DANCE PRACTICE,BIGBANG,,,BIGBANG - ‘BiiiG’ DANCE PRACTICE BIGBANG
2026-09-11,sg,Singapore,top_videos_weekly,,22,https://i.ytimg.com/vi/YacpC7sUXMM/mqdefault.jpg,甲乙丙丁Strangers (伴奏),李佳薇,,,甲乙丙丁Strangers (伴奏) 李佳薇
2026-09-11,sg,Singapore,top_videos_weekly,,23,https://i.ytimg.com/vi/MT-4Bk1Lw8g/mqdefault.jpg,Bloody Paradise,ENHYPEN,,,Bloody Paradise ENHYPEN
2026-09-11,sg,Singapore,top_videos_weekly,,24,https://i.ytimg.com/vi/ko70cExuzZM/mqdefault.jpg,The Fate of Ophelia,Taylor Swift,,,The Fate of Ophelia Taylor Swift
2026-09-11,sg,Singapore,top_videos_weekly,,25,https://i.ytimg.com/vi/82-jTNka3uc/mqdefault.jpg,hate that i made you love me,Ariana Grande,,,hate that i made you love me Ariana Grande
2026-09-11,sg,Singapore,top_videos_weekly,,26,https://i.ytimg.com/vi/_G3Nu8q9Z9s/mqdefault.jpg,嘉賓,張遠,"6月 12, 2026",21661,"26 8 嘉宾 张远 6月 12, 2026 18 8 21,661"
2026-09-11,sg,Singapore,top_videos_weekly,,27,https://i.ytimg.com/vi/15dxI9BPxa4/mqdefault.jpg,最後一頁 (Live),王赫野 / 姚曉棠,,,最后一页 (Live) 王赫野 & 姚晓棠
2026-09-11,sg,Singapore,top_videos_weekly,,28,https://i.ytimg.com/vi/j5BSH0Op5H8/mqdefault.jpg,Giants,NDPeeps / Weish / Iman Fandi,,,"Giants NDPeeps , Weish & Iman Fandi"
2026-09-11,sg,Singapore,top_videos_weekly,,29,https://i.ytimg.com/vi/6CqeGHXXioU/mqdefault.jpg,FARMING,Stray Kids,,,FARMING Stray Kids
2026-09-11,sg,Singapore,top_videos_weekly,,30,https://i.ytimg.com/vi/Qe8fa4b5xNU/mqdefault.jpg,Good Goodbye,HWASA,,,Good Goodbye HWASA
2026-09-11,sg,Singapore,top_videos_weekly,,31,https://i.ytimg.com/vi/Aze7zTyIRtk/mqdefault.jpg,Aura 10/10,Hiphop Tamizha,,,Aura 10/10 Hiphop Tamizha
2026-09-11,sg,Singapore,top_videos_weekly,,32,https://i.ytimg.com/vi/bMhDJ0S0OBA/mqdefault.jpg,It's Me,ILLIT,"4月 30, 2026",19016,"32 1 It's Me ILLIT 4月 30, 2026 31 19 19,016"
2026-09-11,sg,Singapore,top_videos_weekly,,33,https://i.ytimg.com/vi/s3a4OQR-10M/mqdefault.jpg,Loser,Tame Impala,,,Loser Tame Impala
2026-09-11,sg,Singapore,top_videos_weekly,,34,https://i.ytimg.com/vi/zlAjS20q9pE/mqdefault.jpg,空心 (Live),黃霄雲 / 劉端端,,,空心 (Live) 黃霄雲 & 刘端端
2026-09-11,sg,Singapore,top_videos_weekly,,35,https://i.ytimg.com/vi/Bm9lLpmPM0A/mqdefault.jpg,Pattampoochi,Sublahshini / G.V. Prakash Kumar,,,Pattampoochi Sublahshini & G.V. Prakash Kumar
2026-09-11,sg,Singapore,top_videos_weekly,,36,https://i.ytimg.com/vi/GaMS0F0_xMI/mqdefault.jpg,You'll Be Okay,NDPeeps / 楚晴,,,You'll Be Okay NDPeeps & 楚晴
2026-09-11,sg,Singapore,top_videos_weekly,,37,https://i.ytimg.com/vi/D4n2TiAlT7U/mqdefault.jpg,Animal (Live From The Tonight Show With Jimmy Fallon),KATSEYE,,,Animal (Live From The Tonight Show With Jimmy Fallon) KATSEYE
2026-09-11,sg,Singapore,top_videos_weekly,,38,https://i.ytimg.com/vi/3rB3n_XR23o/mqdefault.jpg,我不該動情,老闆,"7月 1, 2026",17321,"38 2 我不該動情 老板 7月 1, 2026 40 6 17,321"
2026-09-11,sg,Singapore,top_videos_weekly,,39,https://i.ytimg.com/vi/RO75uUZiAw0/mqdefault.jpg,Teh Hijau,圖魯斯,"6月 29, 2026",17210,"39 6 Teh Hijau 圖魯斯 6月 29, 2026 45 8 17,210"
2026-09-11,sg,Singapore,top_videos_weekly,,40,https://i.ytimg.com/vi/x3eqqoZPV_E/mqdefault.jpg,춤 (CHOOM),BABYMONSTER,,,춤 (CHOOM) BABYMONSTER
2026-09-11,sg,Singapore,top_videos_weekly,,41,https://i.ytimg.com/vi/27C4pfRsf9g/mqdefault.jpg,ICONIC BY MISTAKE,LE SSERAFIM / ILLIT / KATSEYE,,,"ICONIC BY MISTAKE LE SSERAFIM , ILLIT & KATSEYE"
2026-09-11,sg,Singapore,top_videos_weekly,,42,https://i.ytimg.com/vi/83C3TZ4Zm_o/mqdefault.jpg,LEMONADE,aespa,"5月 28, 2026",16499,"42 8 LEMONADE aespa 5月 28, 2026 34 14 16,499"
2026-09-11,sg,Singapore,top_videos_weekly,,43,https://i.ytimg.com/vi/-9ipZSzGZf0/mqdefault.jpg,"Kalaivaniye (From ""Meesaya Murukku 2"")",Hiphop Tamizha / 高什克·克里希 / Sathyaprakash,,,"Kalaivaniye (From ""Meesaya Murukku 2"") Hiphop Tamizha , 高什克·克里希 & Sathyaprakash"
2026-09-11,sg,Singapore,top_videos_weekly,,44,https://i.ytimg.com/vi/OT5msu-dap8/mqdefault.jpg,Shape Of My Heart,Backstreet Boys,,,Shape Of My Heart Backstreet Boys
2026-09-11,sg,Singapore,top_videos_weekly,,45,https://i.ytimg.com/vi/49x5rfxmv4E/mqdefault.jpg,Karuppa Kooda Va,Sai Abhyankkar / V·M·馬哈林加姆,,,Karuppa Kooda Va Sai Abhyankkar & V·M·馬哈林加姆
2026-09-11,sg,Singapore,top_videos_weekly,,46,https://i.ytimg.com/vi/K-7olbaOelg/mqdefault.jpg,MMG (My Mine Gueh),Naykilla,,,MMG (My Mine Gueh) Naykilla
2026-09-11,sg,Singapore,top_videos_weekly,,47,https://i.ytimg.com/vi/eB-IK2wPWzw/mqdefault.jpg,BAD,ATEEZ,"8月 1, 2026",15630,"47 15 BAD ATEEZ 8月 1, 2026 62 4 15,630"
2026-09-11,sg,Singapore,top_videos_weekly,,48,https://i.ytimg.com/vi/6JaeasJw-QI/mqdefault.jpg,Thalapathy Kacheri,Jayanth Maadhur / Anirudh Ravichander / Arun Kaundinya / Nazeeruddin / Srinivasa Mouli,,,"Thalapathy Kacheri Jayanth Maadhur , Anirudh Ravichander , Arun Kaundinya , Nazeeruddin & Srinivasa Mouli"
2026-09-11,sg,Singapore,top_videos_weekly,,49,https://i.ytimg.com/vi/BZ4UzthYTss/mqdefault.jpg,This & That,Stray Kids,,,This & That Stray Kids
2026-09-11,sg,Singapore,top_videos_weekly,,50,https://i.ytimg.com/vi/9cS2wv6AfHk/mqdefault.jpg,I LIKE IT,BABYMONSTER,,,I LIKE IT BABYMONSTER
2026-09-11,sg,Singapore,top_videos_weekly,,51,https://i.ytimg.com/vi/_Vp-jCG7gno/mqdefault.jpg,God Mode,Sai Abhyankkar / Gana Muthu / Vishnu Edavan,,,"God Mode Sai Abhyankkar , Gana Muthu & Vishnu Edavan"
2026-09-11,sg,Singapore,top_videos_weekly,,52,https://i.ytimg.com/vi/AYWBYaWcse0/mqdefault.jpg,Iman Fandi - IT IS (Official Music Video),Iman Fandi,,,Iman Fandi - IT IS (Official Music Video) Iman Fandi
2026-09-11,sg,Singapore,top_videos_weekly,,53,https://i.ytimg.com/vi/naoGk-Zjc1s/mqdefault.jpg,SUGAR HONEY ICE TEA,BABYMONSTER,,,SUGAR HONEY ICE TEA BABYMONSTER
2026-09-11,sg,Singapore,top_videos_weekly,,54,https://i.ytimg.com/vi/_IT83Y_HcAw/mqdefault.jpg,Less than a Lover,JENNIE,,,Less than a Lover JENNIE
2026-09-11,sg,Singapore,top_videos_weekly,,55,https://i.ytimg.com/vi/undhkaMMenU/mqdefault.jpg,Sambavakaari,Saindhavi / 肖恩·羅爾丹 / Mohan Rajan,,,"Sambavakaari Saindhavi , 肖恩·羅爾丹 & Mohan Rajan"
2026-09-11,sg,Singapore,top_videos_weekly,,56,https://i.ytimg.com/vi/0ijm2Xui5N8/mqdefault.jpg,Ain't In LA,ADÉLA,,,Ain't In LA ADÉLA
2026-09-11,sg,Singapore,top_videos_weekly,,57,https://i.ytimg.com/vi/v1t4MTqdfyI/mqdefault.jpg,hate that i made you love me,Ariana Grande,,,hate that i made you love me Ariana Grande
2026-09-11,sg,Singapore,top_videos_weekly,,58,https://i.ytimg.com/vi/2A87rCYlOA8/mqdefault.jpg,INVINCIBLE,ONE OR EIGHT,,,INVINCIBLE ONE OR EIGHT
2026-09-11,sg,Singapore,top_videos_weekly,,59,https://i.ytimg.com/vi/_9jaJtmraXA/mqdefault.jpg,Taylor Swift Performance - The Icon Sessions at the Grammy Museum,Taylor Swift,,,Taylor Swift Performance - The Icon Sessions at the Grammy Museum Taylor Swift
2026-09-11,sg,Singapore,top_videos_weekly,,60,https://i.ytimg.com/vi/vi7kn4D1W_E/mqdefault.jpg,Hootie Frutti,KATSEYE,,,Hootie Frutti KATSEYE
2026-09-11,sg,Singapore,top_videos_weekly,,61,https://i.ytimg.com/vi/A14bHx6l5CA/mqdefault.jpg,Keralanaadu | I-POPSTAR | EP 11 | Priya Jerson | Vijay Narain,Saregama Tamil,,,Keralanaadu | I-POPSTAR | EP 11 | Priya Jerson | Vijay Narain Saregama Tamil
2026-09-11,sg,Singapore,top_videos_weekly,,62,https://i.ytimg.com/vi/DIUiPohDYOs/mqdefault.jpg,"otakotak, AH BENG GOR GOR, Shelhiel, Mulan Theory - CIVIC OR MYVI",Mulan Theory,,,"otakotak, AH BENG GOR GOR, Shelhiel, Mulan Theory - CIVIC OR MYVI Mulan Theory"
2026-09-11,sg,Singapore,top_videos_weekly,,63,https://i.ytimg.com/vi/jeRu6h4XbUU/mqdefault.jpg,幸福在歌唱,A-Lin,"12月 26, 2025",12842,"63 1 幸福在歌唱 A-Lin 12月 26, 2025 64 4 12,842"
2026-09-11,sg,Singapore,top_videos_weekly,,64,https://i.ytimg.com/vi/2ips2mM7Zqw/mqdefault.jpg,뱅뱅뱅,BIGBANG,"6月 1, 2015",12736,"64 6 뱅뱅뱅 BIGBANG 6月 1, 2015 70 3 12,736"
2026-09-11,sg,Singapore,top_videos_weekly,,65,https://i.ytimg.com/vi/46h0LvDHgIs/mqdefault.jpg,SUN KISS,TUIDE,"8月 24, 2026",12691,"65 29 SUN KISS TUIDE 8月 24, 2026 36 2 12,691"
2026-09-11,sg,Singapore,top_videos_weekly,,66,https://i.ytimg.com/vi/rJF7vmzlBSU/mqdefault.jpg,意外,小宇,"8月 4, 2026",12563,"66 New 意外 小宇 8月 4, 2026 - 1 12,563"
2026-09-11,sg,Singapore,top_videos_weekly,,67,https://i.ytimg.com/vi/QxWoYkrgpJE/mqdefault.jpg,Nallaru po,Tippu / Sai Abhyankkar,,,Nallaru po Tippu & Sai Abhyankkar
2026-09-11,sg,Singapore,top_videos_weekly,,68,https://i.ytimg.com/vi/X1twu3ztkPU/mqdefault.jpg,Bum Baa Diga Diga - Music Video | DC | Lokesh | Sun Pictures | Anirudh | Arun Matheswaran,Heisenberg / Ritesh G Rao / Anirudh Ravichander / Asura,,,"Bum Baa Diga Diga - Music Video | DC | Lokesh | Sun Pictures | Anirudh | Arun Matheswaran Heisenberg , Ritesh G Rao , Anirudh Ravichander & Asura"
2026-09-11,sg,Singapore,top_videos_weekly,,69,https://i.ytimg.com/vi/ts7-qWkpKYA/mqdefault.jpg,CHUNG HA 청하 | Digital Single [México] Music Video,CHUNG HA 청하,,,CHUNG HA 청하 | Digital Single [México] Music Video CHUNG HA 청하
2026-09-11,sg,Singapore,top_videos_weekly,,70,https://i.ytimg.com/vi/EYDgu1KjlgQ/mqdefault.jpg,【獨家LIVE】張遠終於釋懷了！和陳冰演繹新歌《可以不是你》 #天賜的聲音5 EP8 20240614,天賜的聲音,,20240614,【独家LIVE】张远终于释怀了！和陈冰演绎新歌《可以不是你》 #天赐的声音5 EP8 20240614 天赐的声音
2026-09-11,sg,Singapore,top_videos_weekly,,71,https://i.ytimg.com/vi/xXZwZ0DolJc/mqdefault.jpg,MOON,BABYMONSTER,,,MOON BABYMONSTER
2026-09-11,sg,Singapore,top_videos_weekly,,72,https://i.ytimg.com/vi/axqu4IwmWSc/mqdefault.jpg,汪蘇瀧 Silence Wang x 張信哲 Jeff Chang［愛就一個字］明日世界 Official Stage Video,汪蘇瀧,,,汪苏泷 Silence Wang x 张信哲 Jeff Chang［爱就一个字］明日世界 Official Stage Video 汪蘇瀧
2026-09-11,sg,Singapore,top_videos_weekly,,73,https://i.ytimg.com/vi/MJAveqDtLyc/mqdefault.jpg,소연 (SOYEON) 'STAR',(G)I-DLE,,,소연 (SOYEON) 'STAR' (G)I-DLE
2026-09-11,sg,Singapore,top_videos_weekly,,74,https://i.ytimg.com/vi/6Db-cEgbmC4/mqdefault.jpg,Mi Chico,Jason Derulo,,,Mi Chico Jason Derulo
2026-09-11,sg,Singapore,top_videos_weekly,,75,https://i.ytimg.com/vi/Zi_XLOBDo_Y/mqdefault.jpg,Billie Jean,Michael Jackson,,,Billie Jean Michael Jackson
2026-09-11,sg,Singapore,top_videos_weekly,,76,https://i.ytimg.com/vi/IpCYJ5VH0FU/mqdefault.jpg,Sparkle,Dru Chen / NDPeeps / Gareth Fernandez,,,"Sparkle Dru Chen , NDPeeps & Gareth Fernandez"
2026-09-11,sg,Singapore,top_videos_weekly,,77,https://i.ytimg.com/vi/MvfbHsG4b0A/mqdefault.jpg,我是如此相信｜抒情R&B｜深情對唱｜原來愛如此的動聽,格雷樂團-Grey,,,我是如此相信｜抒情R&B｜深情對唱｜原來愛如此的動聽 格雷乐团-Grey
2026-09-11,sg,Singapore,top_videos_weekly,,78,https://i.ytimg.com/vi/-r7wSnOP9q4/mqdefault.jpg,"မင်းမကြားနိုင်​တော့​သော "" by G Fatt Official Lyrics Video",G Fatt,,,""" မင်းမကြားနိုင်​တော့​သော "" by G Fatt Official Lyrics Video G Fatt"
2026-09-11,sg,Singapore,top_videos_weekly,,79,https://i.ytimg.com/vi/5pUahnye_tU/mqdefault.jpg,汪蘇瀧 Silence Wang x 那英 Na Ying［行走的魚］明日世界 Official Stage Video,汪蘇瀧,,,汪苏泷 Silence Wang x 那英 Na Ying［行走的鱼］明日世界 Official Stage Video 汪蘇瀧
2026-09-11,sg,Singapore,top_videos_weekly,,80,https://i.ytimg.com/vi/GnSaLQTrvt0/mqdefault.jpg,Good Goodbye,HWASA,,,Good Goodbye HWASA
2026-09-11,sg,Singapore,top_videos_weekly,,81,https://i.ytimg.com/vi/MzCbEdtNbJ0/mqdefault.jpg,HARU HARU(하루하루),BIGBANG,,,HARU HARU(하루하루) BIGBANG
2026-09-11,sg,Singapore,top_videos_weekly,,82,https://i.ytimg.com/vi/oRdxUFDoQe0/mqdefault.jpg,Beat It,Michael Jackson,,,Beat It Michael Jackson
2026-09-11,sg,Singapore,top_videos_weekly,,83,https://i.ytimg.com/vi/15cnAQTqUdE/mqdefault.jpg,光良 Michael《天使 Angel》官方 Official 完整版 MV,光良,,,光良 Michael《天使 Angel》官方 Official 完整版 MV 光良
2026-09-11,sg,Singapore,top_videos_weekly,,84,https://i.ytimg.com/vi/U6BDbXIah-Y/mqdefault.jpg,REDRED,CORTIS,"4月 20, 2026",10094,"84 7 REDRED CORTIS 4月 20, 2026 77 20 10,094"
2026-09-11,sg,Singapore,top_videos_weekly,,85,https://i.ytimg.com/vi/Ftjmz8vGjGI/mqdefault.jpg,【單曲純享】張碧晨《字字句句》#天賜的聲音4 EP3,張碧晨,,,【单曲纯享】张碧晨《字字句句》#天赐的声音4 EP3 張碧晨
2026-09-11,sg,Singapore,top_videos_weekly,,86,https://i.ytimg.com/vi/3JWTaaS7LdU/mqdefault.jpg,I Will Always Love You,Whitney Houston,,,I Will Always Love You Whitney Houston
2026-09-11,sg,Singapore,top_videos_weekly,,87,https://i.ytimg.com/vi/UwuAPyOImoI/mqdefault.jpg,"TAEYANG - 눈,코,입 (EYES, NOSE, LIPS) M/V",太陽,,,"TAEYANG - 눈,코,입 (EYES, NOSE, LIPS) M/V 太陽"
2026-09-11,sg,Singapore,top_videos_weekly,,88,https://i.ytimg.com/vi/AStAgQLeBeo/mqdefault.jpg,Minnale,P Unnikrishnan|Harini,,,Minnale P Unnikrishnan|Harini
2026-09-11,sg,Singapore,top_videos_weekly,,89,https://i.ytimg.com/vi/lpPccyGOPOU/mqdefault.jpg,她已不再是那個女孩,DIOR 大穎,,,她已不再是那個女孩 DIOR 大穎
2026-09-11,sg,Singapore,top_videos_weekly,,90,https://i.ytimg.com/vi/t-7z2iKmVPY/mqdefault.jpg,【獨家LIVE】張碧晨“猛拽”王赫野衣領 將《捨得》中“愛裡的痴纏與掙扎”演繹得淋漓盡致 #天賜的聲音6 EP3 20250502,天賜的聲音,,20250502,【独家LIVE】张碧晨“猛拽”王赫野衣领 将《舍得》中“爱里的痴缠与挣扎”演绎得淋漓尽致 #天赐的声音6 EP3 20250502 天赐的声音
2026-09-11,sg,Singapore,top_videos_weekly,,91,https://i.ytimg.com/vi/2GRP1rkE4O0/mqdefault.jpg,BIGBANG - BLUE M/V,BIGBANG,,,BIGBANG - BLUE M/V BIGBANG
2026-09-11,sg,Singapore,top_videos_weekly,,92,https://i.ytimg.com/vi/6rvUyBiBtik/mqdefault.jpg,Tera Mera Rishta,Sayeed Quadri / Mustafa Zahid / Pritam,,,"Tera Mera Rishta Sayeed Quadri , Mustafa Zahid & Pritam"
2026-09-11,sg,Singapore,top_videos_weekly,,93,https://i.ytimg.com/vi/Gms1sdNwoC0/mqdefault.jpg,【純享版】黃子弘凡姚曉棠三搭《櫻花草》甜到“犯規”！甜嗓搭配輕快旋律 青春感直接溢出屏幕#天賜的聲音7 EP11 20260821,天賜的聲音,,20260821,【纯享版】黄子弘凡姚晓棠三搭《樱花草》甜到“犯规”！甜嗓搭配轻快旋律 青春感直接溢出屏幕#天赐的声音7 EP11 20260821 天赐的声音
2026-09-11,sg,Singapore,top_videos_weekly,,94,https://i.ytimg.com/vi/BjFX1eugZ-Y/mqdefault.jpg,Blingy,NCT 127,"8月 24, 2026",127,"94 48 Blingy NCT 127 8月 24, 2026 46 2 <10K"
2026-09-11,sg,Singapore,top_videos_weekly,,95,https://i.ytimg.com/vi/YTeFLKMnwjg/mqdefault.jpg,Speed of Summer,WINTER,,,Speed of Summer WINTER
2026-09-11,sg,Singapore,top_videos_weekly,,96,https://i.ytimg.com/vi/UbxUSsFXYo4/mqdefault.jpg,9 To 5 (Official Video),Dolly Parton,,,9 To 5 (Official Video) Dolly Parton
2026-09-11,sg,Singapore,top_videos_weekly,,97,https://i.ytimg.com/vi/drSzrllCX4U/mqdefault.jpg,當你｜抒情R&B｜深情對唱｜好喜歡你知不知道,格雷樂團-Grey,,,当你｜抒情R&B｜深情对唱｜好喜欢你知不知道 格雷乐团-Grey
2026-09-11,sg,Singapore,top_videos_weekly,,98,https://i.ytimg.com/vi/kCA93dLzKP4/mqdefault.jpg,一個人,A-Lin,"6月 11, 2026",<10K,"98 98 一個人 A-Lin 6月 11, 2026 - 3 <10K"
2026-09-11,sg,Singapore,top_videos_weekly,,99,https://i.ytimg.com/vi/GEk4jHwfFTA/mqdefault.jpg,NORMAL,防彈少年團,"7月 18, 2026",<10K,"99 26 NORMAL 防彈少年團 7月 18, 2026 73 7 <10K"
2026-09-11,sg,Singapore,top_videos_weekly,,100,https://i.ytimg.com/vi/Rt9tW3cMLhI/mqdefault.jpg,stupid song,Olivia Rodrigo,,,stupid song Olivia Rodrigo
2026-09-11,my,Malaysia,top_videos_weekly,,1,https://i.ytimg.com/vi/RO75uUZiAw0/mqdefault.jpg,Teh Hijau,圖魯斯,"6月 29, 2026",1227629,"1 ● Teh Hijau 圖魯斯 6月 29, 2026 1 8 1,227,629"
2026-09-11,my,Malaysia,top_videos_weekly,,2,https://i.ytimg.com/vi/cDee7SZwtbk/mqdefault.jpg,Adek Saye Abe Sore,Adek Saye Abe Sore,,,Adek Saye Abe Sore Adek Saye Abe Sore
2026-09-11,my,Malaysia,top_videos_weekly,,3,https://i.ytimg.com/vi/s466YCiHfKw/mqdefault.jpg,FALLEN ANGEL (Official Video),JENNIE,,,FALLEN ANGEL (Official Video) JENNIE
2026-09-11,my,Malaysia,top_videos_weekly,,4,https://i.ytimg.com/vi/K-7olbaOelg/mqdefault.jpg,MMG (My Mine Gueh),Naykilla,,,MMG (My Mine Gueh) Naykilla
2026-09-11,my,Malaysia,top_videos_weekly,,5,https://i.ytimg.com/vi/acDzcefJoCs/mqdefault.jpg,Dari Bawah,EzHaRHaNzE,,,Dari Bawah EzHaRHaNzE
2026-09-11,my,Malaysia,top_videos_weekly,,6,https://i.ytimg.com/vi/kvzCTmwnI-A/mqdefault.jpg,Tiwikarma,K.O.I,"9月 18, 2024",407095,"6 4 Tiwikarma K.O.I 9月 18, 2024 2 5 407,095"
2026-09-11,my,Malaysia,top_videos_weekly,,7,https://i.ytimg.com/vi/GTzi2Y1gX2c/mqdefault.jpg,Sayang Orang Sama,Sayang Orang Sama,,,Sayang Orang Sama Sayang Orang Sama
2026-09-11,my,Malaysia,top_videos_weekly,,8,https://i.ytimg.com/vi/s8oCK-O2Nhw/mqdefault.jpg,Jung Jung Inai,Iman Troye / XO House / Asslahierah,,,"Jung Jung Inai Iman Troye , XO House & Asslahierah"
2026-09-11,my,Malaysia,top_videos_weekly,,9,https://i.ytimg.com/vi/7qnjiZ_jJuU/mqdefault.jpg,Dalam Diam,Mojack Hafiz / Zynakal / Zamir Harith / Bel Janni,,,"Dalam Diam Mojack Hafiz , Zynakal , Zamir Harith & Bel Janni"
2026-09-11,my,Malaysia,top_videos_weekly,,10,https://i.ytimg.com/vi/fcnDmrtj6Sk/mqdefault.jpg,Dai Dai,Shakira / Burna Boy,,,Dai Dai Shakira & Burna Boy
2026-09-11,my,Malaysia,top_videos_weekly,,11,https://i.ytimg.com/vi/jR3rWCBeO6M/mqdefault.jpg,"Radhimaa (From ""Think Indie"")",Asma Teji / Sai Abhyankkar / Vivek / Nargis Teji,,,"Radhimaa (From ""Think Indie"") Asma Teji , Sai Abhyankkar , Vivek & Nargis Teji"
2026-09-11,my,Malaysia,top_videos_weekly,,12,https://i.ytimg.com/vi/yebNIHKAC4A/mqdefault.jpg,Golden,HUNTR/X / EJAE / AUDREY NUNA / REI AMI / KPop Demon Hunters Cast,,,"Golden HUNTR/X , EJAE , AUDREY NUNA , REI AMI & KPop Demon Hunters Cast"
2026-09-11,my,Malaysia,top_videos_weekly,,13,https://i.ytimg.com/vi/oIDeGj83us8/mqdefault.jpg,MALAYSIA,法依扎爾·塔基爾,,,MALAYSIA 法依扎爾·塔基爾
2026-09-11,my,Malaysia,top_videos_weekly,,14,https://i.ytimg.com/vi/3DcoC8p9az8/mqdefault.jpg,Training Season (Live),Dua Lipa,,,Training Season (Live) Dua Lipa
2026-09-11,my,Malaysia,top_videos_weekly,,15,https://i.ytimg.com/vi/SEiUqNmtIy8/mqdefault.jpg,MERAMPAU - ALEX WAN ( OFFICIAL MUSIC VIDEO,Twin Tone Production Sdn Bhd,,,MERAMPAU - ALEX WAN ( OFFICIAL MUSIC VIDEO ) Twin Tone Production Sdn Bhd
2026-09-11,my,Malaysia,top_videos_weekly,,16,https://i.ytimg.com/vi/ApXoWvfEYVU/mqdefault.jpg,Sunflower,Post Malone / Swae Lee,,,Sunflower Post Malone & Swae Lee
2026-09-11,my,Malaysia,top_videos_weekly,,17,https://i.ytimg.com/vi/fLdVq8n-KQg/mqdefault.jpg,Astaga Bercanda,Akbar Chalay / Mingse,,,Astaga Bercanda Akbar Chalay & Mingse
2026-09-11,my,Malaysia,top_videos_weekly,,18,https://i.ytimg.com/vi/YJnbL_AkLF0/mqdefault.jpg,Menjaga Jodoh Orang Lain (Official Lyric Video),Ara Johari,,,Menjaga Jodoh Orang Lain (Official Lyric Video) Ara Johari
2026-09-11,my,Malaysia,top_videos_weekly,,19,https://i.ytimg.com/vi/0VOhIR3bnXY/mqdefault.jpg,ORANG BARU LEBE GACOR,Ecko Show / Juan Reza / CHESYLINO,,,"ORANG BARU LEBE GACOR Ecko Show , Juan Reza & CHESYLINO"
2026-09-11,my,Malaysia,top_videos_weekly,,20,https://i.ytimg.com/vi/T48XTvKkdf8/mqdefault.jpg,Ku Yang Berjuang,Danial Kifli,,,Ku Yang Berjuang Danial Kifli
2026-09-11,my,Malaysia,top_videos_weekly,,21,https://i.ytimg.com/vi/7VsejGzcJmM/mqdefault.jpg,Alaakaa Loova,Sai Abhyankkar,,,Alaakaa Loova Sai Abhyankkar
2026-09-11,my,Malaysia,top_videos_weekly,,22,https://i.ytimg.com/vi/xvT1jH8B9AM/mqdefault.jpg,KALYANI (Remix),ARJN / KDS / FIFTY4 / 舒蕾亞·戈沙爾,,,"KALYANI (Remix) ARJN , KDS , FIFTY4 & 舒蕾亞·戈沙爾"
2026-09-11,my,Malaysia,top_videos_weekly,,23,https://i.ytimg.com/vi/yvsLPs7l6bY/mqdefault.jpg,Meligai Pengerindu,Igu Anthony,,,Meligai Pengerindu Igu Anthony
2026-09-11,my,Malaysia,top_videos_weekly,,24,https://i.ytimg.com/vi/q_VCud5ZQSM/mqdefault.jpg,Bungai Pinang | Rickie Andrewson ( OFFICIAL MV,Assapai Entertainment,,,Bungai Pinang | Rickie Andrewson ( OFFICIAL MV ) Assapai Entertainment
2026-09-11,my,Malaysia,top_videos_weekly,,25,https://i.ytimg.com/vi/mPmFZXK2BIk/mqdefault.jpg,AXL'S - Akulah Kekasihmu (Official Lyric Video),Nova Music Videos,,,AXL'S - Akulah Kekasihmu (Official Lyric Video) Nova Music Videos
2026-09-11,my,Malaysia,top_videos_weekly,,26,https://i.ytimg.com/vi/s5stGs1ktQc/mqdefault.jpg,Romantis (Official Music Video),Spring,,,Romantis (Official Music Video) Spring
2026-09-11,my,Malaysia,top_videos_weekly,,27,https://i.ytimg.com/vi/-q_S27LbNKU/mqdefault.jpg,BAD,ATEEZ,"6月 25, 2026",209885,"27 6 BAD ATEEZ 6月 25, 2026 33 10 209,885"
2026-09-11,my,Malaysia,top_videos_weekly,,28,https://i.ytimg.com/vi/IWYt2NKAldE/mqdefault.jpg,Ayah Ibu 2.0,Harry / Mizan,,,Ayah Ibu 2.0 Harry & Mizan
2026-09-11,my,Malaysia,top_videos_weekly,,29,https://i.ytimg.com/vi/b68HETiNO98/mqdefault.jpg,Pavazha Malli,Sai Abhyankkar / Shruti Haasan,,,Pavazha Malli Sai Abhyankkar & Shruti Haasan
2026-09-11,my,Malaysia,top_videos_weekly,,30,https://i.ytimg.com/vi/awWKxGftWh4/mqdefault.jpg,Dunia Yang Nanti,Raim Laode,,,Dunia Yang Nanti Raim Laode
2026-09-11,my,Malaysia,top_videos_weekly,,31,https://i.ytimg.com/vi/__Pb1fO2H2A/mqdefault.jpg,Kita Lewati Berdua,overnight,,,Kita Lewati Berdua overnight
2026-09-11,my,Malaysia,top_videos_weekly,,32,https://i.ytimg.com/vi/cmICctnAWCY/mqdefault.jpg,kota ini tak sama tanpamu,Nadhif Basalamah,,,kota ini tak sama tanpamu Nadhif Basalamah
2026-09-11,my,Malaysia,top_videos_weekly,,33,https://i.ytimg.com/vi/zjxO40VrMZA/mqdefault.jpg,Jiwa Yang Mengalah,Bellestrelle,,,Jiwa Yang Mengalah Bellestrelle
2026-09-11,my,Malaysia,top_videos_weekly,,34,https://i.ytimg.com/vi/zyLmavBAY7k/mqdefault.jpg,Teh Hijau,圖魯斯,"7月 10, 2026",188158,"34 21 Teh Hijau 圖魯斯 7月 10, 2026 55 4 188,158"
2026-09-11,my,Malaysia,top_videos_weekly,,35,https://i.ytimg.com/vi/DFUrWwEJ93A/mqdefault.jpg,Andai Dapat Ku Undur Masa,AXL,,,Andai Dapat Ku Undur Masa AXL
2026-09-11,my,Malaysia,top_videos_weekly,,36,https://i.ytimg.com/vi/7CcvNjPIJrU/mqdefault.jpg,Maafkan Aku,Syeriena Marcella / Ehin,,,Maafkan Aku Syeriena Marcella & Ehin
2026-09-11,my,Malaysia,top_videos_weekly,,37,https://i.ytimg.com/vi/x6E_Qj30EZI/mqdefault.jpg,Aishiteru,Zivilia,,,Aishiteru Zivilia
2026-09-11,my,Malaysia,top_videos_weekly,,38,https://i.ytimg.com/vi/FcOctsNXyjk/mqdefault.jpg,Cinta Luar Biasa,Andmesh,,,Cinta Luar Biasa Andmesh
2026-09-11,my,Malaysia,top_videos_weekly,,39,https://i.ytimg.com/vi/Aze7zTyIRtk/mqdefault.jpg,Aura 10/10,Hiphop Tamizha,,,Aura 10/10 Hiphop Tamizha
2026-09-11,my,Malaysia,top_videos_weekly,,40,https://i.ytimg.com/vi/C1LN4cWjMl0/mqdefault.jpg,Pattampoochi,Sublahshini / G.V. Prakash Kumar,,,Pattampoochi Sublahshini & G.V. Prakash Kumar
2026-09-11,my,Malaysia,top_videos_weekly,,41,https://i.ytimg.com/vi/m3h0gf_MaJs/mqdefault.jpg,Romancinta,MOJO,"10月 13, 2013",175047,"41 10 Romancinta MOJO 10月 13, 2013 31 20 175,047"
2026-09-11,my,Malaysia,top_videos_weekly,,42,https://i.ytimg.com/vi/qlFuXWRRsxU/mqdefault.jpg,Jodoh Lebaran,Aisha Retno,,,Jodoh Lebaran Aisha Retno
2026-09-11,my,Malaysia,top_videos_weekly,,43,https://i.ytimg.com/vi/M7oZR-MTEZs/mqdefault.jpg,Iqro',Raim Laode,,,Iqro' Raim Laode
2026-09-11,my,Malaysia,top_videos_weekly,,44,https://i.ytimg.com/vi/38_bAaFI41w/mqdefault.jpg,Don't Force Your Longing,Ifan Seventeen,,,Don't Force Your Longing Ifan Seventeen
2026-09-11,my,Malaysia,top_videos_weekly,,45,https://i.ytimg.com/vi/ko70cExuzZM/mqdefault.jpg,The Fate of Ophelia,Taylor Swift,,,The Fate of Ophelia Taylor Swift
2026-09-11,my,Malaysia,top_videos_weekly,,46,https://i.ytimg.com/vi/dmCED70VHaA/mqdefault.jpg,Seribu Tahun Takkan Mungkin,Bumi Putra Rockers,,,Seribu Tahun Takkan Mungkin Bumi Putra Rockers
2026-09-11,my,Malaysia,top_videos_weekly,,47,https://i.ytimg.com/vi/0myIhVlt8i4/mqdefault.jpg,Sandiwara Cinta (Accoustic Ver),Repvblik,,,Sandiwara Cinta (Accoustic Ver) Repvblik
2026-09-11,my,Malaysia,top_videos_weekly,,48,https://i.ytimg.com/vi/JNSKvJg9nrg/mqdefault.jpg,Sofaz - Dan Bila Esok (Official Video Lirik),Lirik Masterpiece,,,Sofaz - Dan Bila Esok (Official Video Lirik) Lirik Masterpiece
2026-09-11,my,Malaysia,top_videos_weekly,,49,https://i.ytimg.com/vi/VR7PK3FPE1Q/mqdefault.jpg,Jemu,梅,"2月 14, 2021",162198,"49 49 Jemu 梅 2月 14, 2021 - 6 162,198"
2026-09-11,my,Malaysia,top_videos_weekly,,50,https://i.ytimg.com/vi/8yl0BUvnsfY/mqdefault.jpg,Mekar Di Jiwa,X-Ray,,,Mekar Di Jiwa X-Ray
2026-09-11,my,Malaysia,top_videos_weekly,,51,https://i.ytimg.com/vi/e4c14pNBgqc/mqdefault.jpg,K.O.I 'MAHARDDHIKA' [Official Music Video],FUKiKA MUSIC,,,K.O.I 'MAHARDDHIKA' [Official Music Video] FUKiKA MUSIC
2026-09-11,my,Malaysia,top_videos_weekly,,52,https://i.ytimg.com/vi/MT-4Bk1Lw8g/mqdefault.jpg,Bloody Paradise,ENHYPEN,,,Bloody Paradise ENHYPEN
2026-09-11,my,Malaysia,top_videos_weekly,,53,https://i.ytimg.com/vi/yCUx43XjHPM/mqdefault.jpg,Haqiem Rusli & Zamani - Gerimis Derita (Official Music Video),FMC Music,,,Haqiem Rusli & Zamani - Gerimis Derita (Official Music Video) FMC Music
2026-09-11,my,Malaysia,top_videos_weekly,,54,https://i.ytimg.com/vi/L8ZnXgbyUuc/mqdefault.jpg,BIGBANG - ‘BiiiG’ M/V,BIGBANG,,,BIGBANG - ‘BiiiG’ M/V BIGBANG
2026-09-11,my,Malaysia,top_videos_weekly,,55,https://i.ytimg.com/vi/is8UDe2PhKQ/mqdefault.jpg,KATSEYE (캣츠아이) 'Hootie Frutti' Official MV,KATSEYE,,,KATSEYE (캣츠아이) 'Hootie Frutti' Official MV KATSEYE
2026-09-11,my,Malaysia,top_videos_weekly,,56,https://i.ytimg.com/vi/s_w6P5aWVgc/mqdefault.jpg,Punca,Sofazr SecondPlan,,,Punca Sofazr SecondPlan
2026-09-11,my,Malaysia,top_videos_weekly,,57,https://i.ytimg.com/vi/DIUiPohDYOs/mqdefault.jpg,"otakotak, AH BENG GOR GOR, Shelhiel, Mulan Theory - CIVIC OR MYVI",Mulan Theory,,,"otakotak, AH BENG GOR GOR, Shelhiel, Mulan Theory - CIVIC OR MYVI Mulan Theory"
2026-09-11,my,Malaysia,top_videos_weekly,,58,https://i.ytimg.com/vi/qXzn-HHT4D4/mqdefault.jpg,Butakah Cinta,Spring,,,Butakah Cinta Spring
2026-09-11,my,Malaysia,top_videos_weekly,,59,https://i.ytimg.com/vi/82-jTNka3uc/mqdefault.jpg,hate that i made you love me,Ariana Grande,,,hate that i made you love me Ariana Grande
2026-09-11,my,Malaysia,top_videos_weekly,,60,https://i.ytimg.com/vi/dAevFxbfqkU/mqdefault.jpg,Gadis Manis Kalimantan,Syahriadi / Mala Agatha,,,Gadis Manis Kalimantan Syahriadi & Mala Agatha
2026-09-11,my,Malaysia,top_videos_weekly,,61,https://i.ytimg.com/vi/SeSAwqq_Kpo/mqdefault.jpg,Kita Lewati Berdua,Overnight,,,Kita Lewati Berdua Overnight
2026-09-11,my,Malaysia,top_videos_weekly,,62,https://i.ytimg.com/vi/Azp0UUizPXI/mqdefault.jpg,Begerinjing | Maxwel Franklin Saran,Assapai Music Production,,,Begerinjing | Maxwel Franklin Saran Assapai Music Production
2026-09-11,my,Malaysia,top_videos_weekly,,63,https://i.ytimg.com/vi/Bm9lLpmPM0A/mqdefault.jpg,Pattampoochi,Sublahshini / G.V. Prakash Kumar,,,Pattampoochi Sublahshini & G.V. Prakash Kumar
2026-09-11,my,Malaysia,top_videos_weekly,,64,https://i.ytimg.com/vi/fMiH9F7O9eM/mqdefault.jpg,Tak Adil,Aisha Retno,,,Tak Adil Aisha Retno
2026-09-11,my,Malaysia,top_videos_weekly,,65,https://i.ytimg.com/vi/OT5msu-dap8/mqdefault.jpg,Shape Of My Heart,Backstreet Boys,,,Shape Of My Heart Backstreet Boys
2026-09-11,my,Malaysia,top_videos_weekly,,66,https://i.ytimg.com/vi/5UvKjk8zmhI/mqdefault.jpg,Mimpi,K-Clique,"7月 10, 2019",138868,"66 New Mimpi K-Clique 7月 10, 2019 - 1 138,868"
2026-09-11,my,Malaysia,top_videos_weekly,,67,https://i.ytimg.com/vi/m7k9UMcHbr0/mqdefault.jpg,"KATSEYE (캣츠아이) ""Animal"" Official MV",KATSEYE,,,"KATSEYE (캣츠아이) ""Animal"" Official MV KATSEYE"
2026-09-11,my,Malaysia,top_videos_weekly,,68,https://i.ytimg.com/vi/7H1ObJvb7Hc/mqdefault.jpg,【純享版】張碧晨侯明昊老友重逢卻唱盡痛心！演繹李佳薇新歌《甲乙丙丁》 深情對唱層層遞進 將遺憾與不捨唱到極致 #天賜的聲音7 EP11 20260821,天賜的聲音,,20260821,【纯享版】张碧晨侯明昊老友重逢却唱尽痛心！演绎李佳薇新歌《甲乙丙丁》 深情对唱层层递进 将遗憾与不舍唱到极致 #天赐的声音7 EP11 20260821 天赐的声音
2026-09-11,my,Malaysia,top_videos_weekly,,69,https://i.ytimg.com/vi/OpQFFLBMEPI/mqdefault.jpg,Just Give Me A Reason,P!nk,,,Just Give Me A Reason P!nk
2026-09-11,my,Malaysia,top_videos_weekly,,70,https://i.ytimg.com/vi/Xq1OAd0UqZc/mqdefault.jpg,Memorindu,Arghpiez / Edrie Hashim,,,Memorindu Arghpiez & Edrie Hashim
2026-09-11,my,Malaysia,top_videos_weekly,,71,https://i.ytimg.com/vi/JqFzhcWo3EU/mqdefault.jpg,"Yeshanagula (From ""The Paradise"") (Telugu)",Jangi Reddy / Singer Prabha / 希厄姆·卡莎拉 / Anirudh Ravichander,,,"Yeshanagula (From ""The Paradise"") (Telugu) Jangi Reddy , Singer Prabha , 希厄姆·卡莎拉 & Anirudh Ravichander"
2026-09-11,my,Malaysia,top_videos_weekly,,72,https://i.ytimg.com/vi/6JaeasJw-QI/mqdefault.jpg,Thalapathy Kacheri,Jayanth Maadhur / Anirudh Ravichander / Arun Kaundinya / Nazeeruddin / Srinivasa Mouli,,,"Thalapathy Kacheri Jayanth Maadhur , Anirudh Ravichander , Arun Kaundinya , Nazeeruddin & Srinivasa Mouli"
2026-09-11,my,Malaysia,top_videos_weekly,,73,https://i.ytimg.com/vi/ConUwSndl6Y/mqdefault.jpg,Cinta Mati,Apau Qhaliff,,,Cinta Mati Apau Qhaliff
2026-09-11,my,Malaysia,top_videos_weekly,,74,https://i.ytimg.com/vi/Nskf70DMR60/mqdefault.jpg,Sesi Potret,eńau,,,Sesi Potret eńau
2026-09-11,my,Malaysia,top_videos_weekly,,75,https://i.ytimg.com/vi/BHwcpWwnEls/mqdefault.jpg,Cuba Jadi Aku,Nadeera,,,Cuba Jadi Aku Nadeera
2026-09-11,my,Malaysia,top_videos_weekly,,76,https://i.ytimg.com/vi/2cvUiFW6pto/mqdefault.jpg,Radja - Takkan Melupakanmu,Radja,,,Radja - Takkan Melupakanmu Radja
2026-09-11,my,Malaysia,top_videos_weekly,,77,https://i.ytimg.com/vi/fIe8MoThFsA/mqdefault.jpg,Ku Di Halaman Rindu,Lefthanded,,,Ku Di Halaman Rindu Lefthanded
2026-09-11,my,Malaysia,top_videos_weekly,,78,https://i.ytimg.com/vi/ba-XAIskH_g/mqdefault.jpg,Lantas,Juicy Luicy,,,Lantas Juicy Luicy
2026-09-11,my,Malaysia,top_videos_weekly,,79,https://i.ytimg.com/vi/0SbnqsQInqE/mqdefault.jpg,MUTIARA,Ipank / Kintani,,,MUTIARA Ipank & Kintani
2026-09-11,my,Malaysia,top_videos_weekly,,80,https://i.ytimg.com/vi/9Hrq97AdO7Q/mqdefault.jpg,Rembulan Malam,Arief,,,Rembulan Malam Arief
2026-09-11,my,Malaysia,top_videos_weekly,,81,https://i.ytimg.com/vi/B452TVVco2Q/mqdefault.jpg,Great Expectation,SIENNA SPIRO,,,Great Expectation SIENNA SPIRO
2026-09-11,my,Malaysia,top_videos_weekly,,82,https://i.ytimg.com/vi/rwjeh52mQFA/mqdefault.jpg,Negaraku,法依扎爾·塔基爾 / JOE FLIZZOW / SonaOne / Altimet,,,"Negaraku 法依扎爾·塔基爾 , JOE FLIZZOW , SonaOne & Altimet"
2026-09-11,my,Malaysia,top_videos_weekly,,83,https://i.ytimg.com/vi/bMhDJ0S0OBA/mqdefault.jpg,It's Me,ILLIT,"4月 30, 2026",111010,"83 5 It's Me ILLIT 4月 30, 2026 88 16 111,010"
2026-09-11,my,Malaysia,top_videos_weekly,,84,https://i.ytimg.com/vi/anhQ3fC1_hY/mqdefault.jpg,Be My Friend (The Verity Band),Horror Skunx,,,Be My Friend (The Verity Band) Horror Skunx
2026-09-11,my,Malaysia,top_videos_weekly,,85,https://i.ytimg.com/vi/QxWoYkrgpJE/mqdefault.jpg,Nallaru po,Tippu / Sai Abhyankkar,,,Nallaru po Tippu & Sai Abhyankkar
2026-09-11,my,Malaysia,top_videos_weekly,,86,https://i.ytimg.com/vi/DIxRlfHq9Fo/mqdefault.jpg,DANGER,Treasure,"8月 23, 2026",108451,"86 New DANGER Treasure 8月 23, 2026 - 1 108,451"
2026-09-11,my,Malaysia,top_videos_weekly,,87,https://i.ytimg.com/vi/UWp7hxf4p_M/mqdefault.jpg,她,Miist,"11月 3, 2023",108177,"87 New 她 Miist 11月 3, 2023 - 1 108,177"
2026-09-11,my,Malaysia,top_videos_weekly,,88,https://i.ytimg.com/vi/BcqxLCWn-CE/mqdefault.jpg,I Like Me Better,Lauv,,,I Like Me Better Lauv
2026-09-11,my,Malaysia,top_videos_weekly,,89,https://i.ytimg.com/vi/ojbeRV0iaoc/mqdefault.jpg,Kasih,Hyper Act,"9月 8, 2017",107759,"89 New Kasih Hyper Act 9月 8, 2017 - 1 107,759"
2026-09-11,my,Malaysia,top_videos_weekly,,90,https://i.ytimg.com/vi/wPb_miODtDI/mqdefault.jpg,Astaga Bercanda,Akbar Chalay / Mingse,,,Astaga Bercanda Akbar Chalay & Mingse
2026-09-11,my,Malaysia,top_videos_weekly,,91,https://i.ytimg.com/vi/x3bfa3DZ8JM/mqdefault.jpg,Better,Khalid,"11月 8, 2018",105344,"91 New Better Khalid 11月 8, 2018 - 1 105,344"
2026-09-11,my,Malaysia,top_videos_weekly,,92,https://i.ytimg.com/vi/v1t4MTqdfyI/mqdefault.jpg,hate that i made you love me,Ariana Grande,,,hate that i made you love me Ariana Grande
2026-09-11,my,Malaysia,top_videos_weekly,,93,https://i.ytimg.com/vi/fwK7ggA3-bU/mqdefault.jpg,One More Night,Maroon 5,,,One More Night Maroon 5
2026-09-11,my,Malaysia,top_videos_weekly,,94,https://i.ytimg.com/vi/_Vp-jCG7gno/mqdefault.jpg,God Mode,Sai Abhyankkar / Gana Muthu / Vishnu Edavan,,,"God Mode Sai Abhyankkar , Gana Muthu & Vishnu Edavan"
2026-09-11,my,Malaysia,top_videos_weekly,,95,https://i.ytimg.com/vi/k_V8Xfkhd_Y/mqdefault.jpg,Tersingkap Kini Rahsia Tersembunyi,Kulit,,,Tersingkap Kini Rahsia Tersembunyi Kulit
2026-09-11,my,Malaysia,top_videos_weekly,,96,https://i.ytimg.com/vi/49x5rfxmv4E/mqdefault.jpg,Karuppa Kooda Va,Sai Abhyankkar / V·M·馬哈林加姆,,,Karuppa Kooda Va Sai Abhyankkar & V·M·馬哈林加姆
2026-09-11,my,Malaysia,top_videos_weekly,,97,https://i.ytimg.com/vi/x3eqqoZPV_E/mqdefault.jpg,춤 (CHOOM),BABYMONSTER,,,춤 (CHOOM) BABYMONSTER
2026-09-11,my,Malaysia,top_videos_weekly,,98,https://i.ytimg.com/vi/Q3bFaJVLlb0/mqdefault.jpg,ဤသို့ပြုရ,Theinkpan Htun,,,ဤသို့ပြုရ Theinkpan Htun
2026-09-11,my,Malaysia,top_videos_weekly,,99,https://i.ytimg.com/vi/EUapGKnq_tk/mqdefault.jpg,Kasih Orang Muda,飛輪海,,,Kasih Orang Muda 飛輪海
2026-09-11,my,Malaysia,top_videos_weekly,,100,https://i.ytimg.com/vi/eB-IK2wPWzw/mqdefault.jpg,BAD,ATEEZ,"8月 1, 2026",98412,"100 New BAD ATEEZ 8月 1, 2026 - 1 98,412"