captured_date,market,market_name,chart,period_suffix,rank,image_url,primary_name,secondary_name,release_date,metric_value,raw_text
2026-08-10,global,Global,top_songs_weekly,,1,https://yt3.googleusercontent.com/moXpr_lvHpb9m70jTjr-0GE63_VyHivgmyH7UPBJmgwWPHwwmvhxDPPZtdAhCFo7CdzmzIGwBE3cn4VuCQ=w180-h180-l90-rj,Dai Dai Shakira & 伯納男孩,,,,Dai Dai Shakira & 伯納男孩
2026-08-10,global,Global,top_songs_weekly,,2,https://i.ytimg.com/vi/yebNIHKAC4A/default.jpg,"Golden HUNTR/X , EJAE , AUDREY NUNA , REI AMI & KPop Demon Hunters Cast",,,,"Golden HUNTR/X , EJAE , AUDREY NUNA , REI AMI & KPop Demon Hunters Cast"
2026-08-10,global,Global,top_songs_weekly,,3,https://yt3.googleusercontent.com/naKgO_9vvIczuf7Vq1llQyRAQOOW898kBZN3pio-Bkbfcmdu3Gv14_ivEBZiHAow8VbPEq1bhO0j2DU=w180-h180-l90-rj,"KALYANI (Remix) KDS , ARJN , FIFTY4 & 舒蕾亞·戈沙爾",,,,"KALYANI (Remix) KDS , ARJN , FIFTY4 & 舒蕾亞·戈沙爾"
2026-08-10,global,Global,top_songs_weekly,,4,https://yt3.googleusercontent.com/3T-9QCKvZ6etaiDhX-2WSpd5z5Y3X84ND9TNX944mQR_kimjTFAqe2a69BUvHqcW8nRcOdNbu4n-U80Yvw=w180-h180-l90-rj,2 Animal KATSEYE,,"7月 24, 2026",29406183,"4 2 Animal KATSEYE 7月 24, 2026 2 2 29,406,183"
2026-08-10,global,Global,top_songs_weekly,,5,https://yt3.googleusercontent.com/2OUpQNjY58jQq1STwHz2CRClwWkzhCCKtSBo6SC2N78LAMmFaXJdSGkUENX7yw0g2CpCQ3RjejB_Fj4=w180-h180-l90-rj,Life Goes On Oliver Tree,,,,Life Goes On Oliver Tree
2026-08-10,global,Global,top_songs_weekly,,6,https://yt3.googleusercontent.com/GAA4PrunFBY2VAy7mzFaft8Ggx7-mnpcT9Yok0TF6tBfLX1TNg9a1VOyu0Np40vUJoyKSRLyjGOdQd7N=w180-h180-l90-rj,Waka Waka (This Time for Africa) (feat. 鮮蘑樂團) Shakira,,,,Waka Waka (This Time for Africa) (feat. 鮮蘑樂團) Shakira
2026-08-10,global,Global,top_songs_weekly,,7,https://yt3.googleusercontent.com/IX-QEr9pFD41clJP-q_Yg462m02Ni_6PjBQ9TpaGtzb4sT0eH1ZC6dy_ZxcqVIEZF9ipY9FgIirPJPh6=w180-h180-l90-rj,"ICONIC BY MISTAKE LE SSERAFIM , ILLIT & KATSEYE",,,,"ICONIC BY MISTAKE LE SSERAFIM , ILLIT & KATSEYE"
2026-08-10,global,Global,top_songs_weekly,,8,https://yt3.googleusercontent.com/0Op0Fx0S1C5pJhm0QrARCZ_R-7YzHk9q47bKwpAl-cVLj4sR2zUeJyjFz7NrZdRE3zefz6nmqBtDi8BZ=w180-h180-l90-rj,Barbadi Hoi Shilpi Raj,,,,Barbadi Hoi Shilpi Raj
2026-08-10,global,Global,top_songs_weekly,,9,https://yt3.googleusercontent.com/7Zsektrtwnf2UlL5CWGtSxi8JDfT8h4me73j31Mk-bDe5qbfUz7dtt1MUy-QlwkaGBWaIXucHF-r2KiCUQ=w180-h180-l90-rj,"Shararat 沙赫瓦特·薩赫迪夫 , Madhubanti Bagchi & 雅斯文·桑德拉斯",,,,"Shararat 沙赫瓦特·薩赫迪夫 , Madhubanti Bagchi & 雅斯文·桑德拉斯"
2026-08-10,global,Global,top_songs_weekly,,10,https://yt3.googleusercontent.com/IBwK4LOs4sO-Cd-_5YO4XC2B2N1hvyBvKfr60tT_ljIuwmOuVWWW2NypbcvzKgScVAbRsWEYbmsjfcm2cw=w180-h180-l90-rj,Sunflower Post Malone & Swae Lee,,,,Sunflower Post Malone & Swae Lee
2026-08-10,global,Global,top_songs_weekly,,11,https://yt3.googleusercontent.com/3RNsv7dNTYSBpuSWmpWM6PiYgQAaCXKvi8ION2AH2OaQHc-vW5-rJW4PqztU9XGaX-5z3sMc5RMTMc8n=w180-h180-l90-rj,3 It's Me ILLIT,,"4月 23, 2026",18163580,"11 3 It's Me ILLIT 4月 23, 2026 14 14 18,163,580"
2026-08-10,global,Global,top_songs_weekly,,12,https://yt3.googleusercontent.com/PZ3URyhJUWJ-Wpa3ta_0RZQOkWxKKswBDIAppv3lJElUlocZLuwYmoO7iOYhJ1j2WEspcNEYUtPSZZc=w180-h180-l90-rj,Y Que Fue? 唐·明嘉羅,,,,Y Que Fue? 唐·明嘉羅
2026-08-10,global,Global,top_songs_weekly,,13,https://yt3.googleusercontent.com/wXkXjlcs3VQ09JqQaLbmd-XAwvoZ0Kxsy5h3jbA2hGyAaw_XMWMzVxze2CWrYFfQRAwnktCoev7-uJaz=w180-h180-l90-rj,The One That Got Away Katy Perry,,,,The One That Got Away Katy Perry
2026-08-10,global,Global,top_songs_weekly,,14,https://yt3.googleusercontent.com/R7pwf7-lcPvK3dxv8jMkUd4SlbVmrM-nZOFEJqnHGLQFBl4lqj1gyeWSFO5X9HZxgUhTh4KM8n0l7j_k=w180-h180-l90-rj,Billie Jean Michael Jackson,,,,Billie Jean Michael Jackson
2026-08-10,global,Global,top_songs_weekly,,15,https://yt3.googleusercontent.com/B1p2-JcIuomNuey91o6bvshtrtw2gr0pH1bIviJxDqNZiT9et79lCgY4-pU-6FhVNWbi9FrnOtJ35t8=w180-h180-l90-rj,"Gehra Hua 沙赫瓦特·薩赫迪夫 , Arijit Singh , Irshad Kamil & Armaan Khan",,,,"Gehra Hua 沙赫瓦特·薩赫迪夫 , Arijit Singh , Irshad Kamil & Armaan Khan"
2026-08-10,global,Global,top_songs_weekly,,16,https://yt3.googleusercontent.com/qRB7CwiLKN2jbKRvB9nC1nL72JxrErhkAyIc0kPoXvhKPBfFwygcQSfgqYZsW_kyd_H0vfg8E_wBkbN5=w180-h180-l90-rj,Todo Lo Fue Lenin Ramirez,,,,Todo Lo Fue Lenin Ramirez
2026-08-10,global,Global,top_songs_weekly,,17,https://yt3.googleusercontent.com/LF_Gw__z3R6L4Mbz1cW7RDKXYiNcYTxBR2QrrWk0gXgUDhv9uOx01XLtvlmf4PGBISXNIlp2r0XxLU_2=w180-h180-l90-rj,● Bairan Banjaare,,"1月 23, 2026",16376908,"17 ● Bairan Banjaare 1月 23, 2026 17 22 16,376,908"
2026-08-10,global,Global,top_songs_weekly,,18,https://yt3.googleusercontent.com/eEXqI0KeotuaiRx4PjiopjPnlTBj9aiSXbY1NmzielYry7Mvs-WRANaJiivV62Zl6ufFtOwDMUtRmKVf=w180-h180-l90-rj,NO BATIDÃO slxughter,,,,NO BATIDÃO slxughter
2026-08-10,global,Global,top_songs_weekly,,19,https://yt3.googleusercontent.com/6LDZTIjk3nbSSsG8J0M2_ME4KWzt4MTZ7oqrZlWg-uZ1gRWnBKt9ySPibZ5l7GJ_-j6gB6hv-qLNaPE=w180-h180-l90-rj,hate that i made you love me Ariana Grande,,,,hate that i made you love me Ariana Grande
2026-08-10,global,Global,top_songs_weekly,,20,https://yt3.googleusercontent.com/arS8DgXBdvYdY8ZpN78RSrAjSpXnsU3NX6cAzzEklyiNX6isqmaNJbfP26HjUtNCONp_OoWZAJ_JupBrHw=w180-h180-l90-rj,Sebebi Yar Blok3,,,,Sebebi Yar Blok3
2026-08-10,global,Global,top_songs_weekly,,21,https://yt3.googleusercontent.com/OlsyF8L82chwdoVqON-g5H3BsEEgA0zSIYU_6SIZgMtLe0QzZPxzno91C6zJktuon6rjAv_UbmggkO_vyQ=w180-h180-l90-rj,3 BAD ATEEZ,,"5月 22, 2026",15141250,"21 3 BAD ATEEZ 5月 22, 2026 24 5 15,141,250"
2026-08-10,global,Global,top_songs_weekly,,22,https://yt3.googleusercontent.com/IxzfmcUdsRg50lnGnb2iFVid0mWOiBNx-4uwV6A1ElDQIjOHXRt6M3XhLqWcZbRE7J19oUzeHBkPbUo=w180-h180-l90-rj,"Cuando No Era Cantante (Remix) El Bogueto , Anuel AA , Fuerza Regida & Yung Beef",,,,"Cuando No Era Cantante (Remix) El Bogueto , Anuel AA , Fuerza Regida & Yung Beef"
2026-08-10,global,Global,top_songs_weekly,,23,https://yt3.googleusercontent.com/BKxUIETz1Vt8WcKm7bC2HP85RkhB5K6rbu3d-hNoe4kSkf_CJYJ0DqMknD3J85nUpilrGJMa7ipBnEJn-w=w180-h180-l90-rj,Базовый минимум Sabi & 米亞·博伊卡,,,,Базовый минимум Sabi & 米亞·博伊卡
2026-08-10,global,Global,top_songs_weekly,,24,https://yt3.googleusercontent.com/R7pwf7-lcPvK3dxv8jMkUd4SlbVmrM-nZOFEJqnHGLQFBl4lqj1gyeWSFO5X9HZxgUhTh4KM8n0l7j_k=w180-h180-l90-rj,Beat It Michael Jackson,,,,Beat It Michael Jackson
2026-08-10,global,Global,top_songs_weekly,,25,https://yt3.googleusercontent.com/WZx94Asj29Zm7VkrxrEsk4dQzg0mPbGChm-1jhX8LQIgAkJ1mcRdq2o9CwAjZIUJm6O9pViJxxhuUto=w180-h180-l90-rj,Danza Kuduro (feat. Lucenzo) Don Omar,,,,Danza Kuduro (feat. Lucenzo) Don Omar
2026-08-10,global,Global,top_songs_weekly,,26,https://yt3.googleusercontent.com/D8zrTH1RKP2TDB_Zg60FO9CLeb8WehGyT7wnSKjc0cXEwgt9AYcRuWWIg3UMkmIZJsO2SMOg6l1J8bV-=w180-h180-l90-rj,Arz Kiya Hai Anuv Jain,,,,Arz Kiya Hai Anuv Jain
2026-08-10,global,Global,top_songs_weekly,,27,https://yt3.googleusercontent.com/RoZpkUKycBWld0DFf82axfO_WjkxXU0sxE4ACbQ_EUcPXyOXUuBTrSaFFaT4vN43Ez0WM5iOwiOBRsc8=w180-h180-l90-rj,Amor Emmanuel Cortes,,,,Amor Emmanuel Cortes
2026-08-10,global,Global,top_songs_weekly,,28,https://yt3.googleusercontent.com/WnS8_TSqLTP0D5Ltvu5mypx6ypsFj0dM0fSNvD8vz8K_f18nAU10bNsExXoI6t6mI-zR7ezxPYv3e7w=w180-h180-l90-rj,Sesi Potret Ari Lesmana & eńau,,,,Sesi Potret Ari Lesmana & eńau
2026-08-10,global,Global,top_songs_weekly,,29,https://yt3.googleusercontent.com/FQsPsZdaGUkT3_Q-9iilsYnS6xc0CAerb6pIhUou-skal6-jMQQ-xUigopbvfqVP_e-msHiabmCN2wCl=w180-h180-l90-rj,Dracula (Remix) Tame Impala & Jennie,,,,Dracula (Remix) Tame Impala & Jennie
2026-08-10,global,Global,top_songs_weekly,,30,https://yt3.googleusercontent.com/CC48Fib8dGz3RNA9jkB85XGQMCSlcqkjCpAMePqHKG-ieGvQHQps-f858yiJZG96vlol60sRL50444k=w180-h180-l90-rj,Treat You Better Shawn Mendes,,,,Treat You Better Shawn Mendes
2026-08-10,global,Global,top_songs_weekly,,31,https://yt3.googleusercontent.com/CjDh4LNMycWQ9Y7i9Ljx2DR-IMtEqIT-dATGATncVd2vP7uKj9TfO8PqHqH1org_Q3kC9-2A7A5R6mo=w180-h180-l90-rj,Hips Don't Lie (feat. Wyclef Jean) Shakira,,,,Hips Don't Lie (feat. Wyclef Jean) Shakira
2026-08-10,global,Global,top_songs_weekly,,32,https://yt3.googleusercontent.com/__avYDQt9-lmKRXP7_SxEU5XLjyO__K-UhkxuNcQOe6Pxn-lK4ICIPIriQwtq0vQIAzD1xFyDpxW3T8F=w180-h180-l90-rj,Ya Borracho Herencia De Grandes,,,,Ya Borracho Herencia De Grandes
2026-08-10,global,Global,top_songs_weekly,,33,https://yt3.googleusercontent.com/3wcEbK0wLRPy-a2Rzyy7hvBIXgv5IKTIxVHU7XIZjA5comGr0T0iYWZvaE8hY8GO4TAfdF8UdE1FIJik=w180-h180-l90-rj,Toz Pembe manifest,,,,Toz Pembe manifest
2026-08-10,global,Global,top_songs_weekly,,34,https://yt3.googleusercontent.com/CwtUqDJhEnd9U_GyRBTwrRE0lpNwIgw6ugIlJLbP9EC91DKzgWz1WEo3cmcsdDybIEzTkrZaz_hNttJx=w180-h180-l90-rj,MOON BABYMONSTER,,,,MOON BABYMONSTER
2026-08-10,global,Global,top_songs_weekly,,35,https://yt3.googleusercontent.com/Ccq2Y8_z5WRryy2FC0E1x0Q5hD9v7NqRpMcX6ptgm03vFDhKHjzuropzgBjRbMGAOUc5KBwUhQIW474P=w180-h180-l90-rj,"Mi Chico DJ Goja , Jason Derulo & Melody",,,,"Mi Chico DJ Goja , Jason Derulo & Melody"
2026-08-10,global,Global,top_songs_weekly,,36,https://yt3.googleusercontent.com/HXBIgIEFaSYmyLdP_3t8WYbPimxk1PpxJF0k9VY6ZCXzeEbiT-tuKxJbUU36R_OtYyWlFHYETEneMhd2=w180-h180-l90-rj,Ishq de Fanniyar Jyotica Tangri,,,,Ishq de Fanniyar Jyotica Tangri
2026-08-10,global,Global,top_songs_weekly,,37,https://yt3.googleusercontent.com/qSLRDoW9xku1Tn0g5cH-1Xfw4NF7HjSdPU8j0rfsNoPSl3r5TN-5OEC8g8mF_I1TbpxDDMZp4t_mlE6y=w180-h180-l90-rj,Sheesha (Aakhya Mai Aakh Ghali Jo Bairan) Mitta Ror & Swara Verma,,,,Sheesha (Aakhya Mai Aakh Ghali Jo Bairan) Mitta Ror & Swara Verma
2026-08-10,global,Global,top_songs_weekly,,38,https://yt3.googleusercontent.com/jXXzY2fTfxgr0_wR_I_V8W3Ai0L3ece217Biqm0tY36I9VAoce09xXmjgt8mXggTVgGGBHdJ3eAyICY=w180-h180-l90-rj,Beauty And A Beat (feat. Nicki Minaj) Justin Bieber,,,,Beauty And A Beat (feat. Nicki Minaj) Justin Bieber
2026-08-10,global,Global,top_songs_weekly,,39,https://yt3.googleusercontent.com/QyJiGyY31OLrJaPeLTP2kdcFhzLhU8lkWwLfrHsdXMraFl8N-GWpdnv6WP7N8pBMu0ow1IcVHPOvClik=w180-h180-l90-rj,"Cuida do Pet (feat. Mc Negão Original, DU'L & DJ Aladin GDB) Oldilla , Mc Iguinho Ct , MC Willian & Aaron Modesto",,,,"Cuida do Pet (feat. Mc Negão Original, DU'L & DJ Aladin GDB) Oldilla , Mc Iguinho Ct , MC Willian & Aaron Modesto"
2026-08-10,global,Global,top_songs_weekly,,40,https://yt3.googleusercontent.com/qziwPDf687hi8YbgMsj6ZejyYGyz2IjiDspt20Em2j9EHkVe1EzbVwHYKUZgq6NAt-Y4ykWqe4tBwJh4=w180-h180-l90-rj,Headlights (feat. KIDDO) Alok & 艾倫·沃克,,,,Headlights (feat. KIDDO) Alok & 艾倫·沃克
2026-08-10,global,Global,top_songs_weekly,,41,https://yt3.googleusercontent.com/0pkwx8J4M_khsEmw8i-TJ4NvEmi-OD5pjbdIvAmFroWRPgBp5_P4tDCAcThJ4XnGh3k2DaKp_jeIGjx7=w180-h180-l90-rj,"Jaiye Sajana 沙赫瓦特·薩赫迪夫 , 施廷德·薩爾塔 & 雅斯文·桑德拉斯",,,,"Jaiye Sajana 沙赫瓦特·薩赫迪夫 , 施廷德·薩爾塔 & 雅斯文·桑德拉斯"
2026-08-10,global,Global,top_songs_weekly,,42,https://yt3.googleusercontent.com/mqQutJQku5I3uW-nUtheDQKZ_fgfQaGX49eNFg98-eyJSyS2cjyqkFoLOB53zPeirQgtJaLdlTk9-GTQ=w180-h180-l90-rj,نانو TUL8TE & Saint Levant,,,,نانو TUL8TE & Saint Levant
2026-08-10,global,Global,top_songs_weekly,,43,https://i.ytimg.com/vi/3U7_DxeX8mk/default.jpg,Beni Al (Live) Ankara Echoes,,,,Beni Al (Live) Ankara Echoes
2026-08-10,global,Global,top_songs_weekly,,44,https://yt3.googleusercontent.com/ciiAxXBOzHXiYgI-JrXI9PfEiwOw7rxGns7e3mJLGX0xf9fAtCqP08QL28e4_U1ZofnQ5rINHLUKJ7C4=w180-h180-l90-rj,Polvo Rosita Lenin Ramirez,,,,Polvo Rosita Lenin Ramirez
2026-08-10,global,Global,top_songs_weekly,,45,https://yt3.googleusercontent.com/Zl6lT-8KgSYiXI08I5ilE35LaWaDpVFYdBIEn_g_gJRGTBlb6xlMn4Ws226L3nMuhWl9UxRQZq5c1pZF=w180-h180-l90-rj,1 REDRED CORTIS,,"4月 20, 2026",10931747,"45 1 REDRED CORTIS 4月 20, 2026 46 16 10,931,747"
2026-08-10,global,Global,top_songs_weekly,,46,https://yt3.googleusercontent.com/PwQ543AKPc8tF0yUiz3e3s-Wy45l71Byt6T78PYeTB7Q0Jckq3C5d9P7faRc7OE5OTypbkxl4qFuVkI=w180-h180-l90-rj,Less than a Lover Jennie,,,,Less than a Lover Jennie
2026-08-10,global,Global,top_songs_weekly,,47,https://yt3.googleusercontent.com/S8qDdDfjr5dPQOhs47VUcQWKJa76q7wwEz1Sp31_5TNa1GlqzXbXj59W8PEDVp07nTd-3m1aTqjEVcA=w180-h180-l90-rj,"Dichavate Ya Ice Dilan , Rey Tony , Helabusador , JipMusic Global & DJ Honda",,,,"Dichavate Ya Ice Dilan , Rey Tony , Helabusador , JipMusic Global & DJ Honda"
2026-08-10,global,Global,top_songs_weekly,,48,https://yt3.googleusercontent.com/wqA2-kB1LEmV3MsLsYK-a3yDSSHYptyb31XJMbGxc1_c-CylylLpDh3hbhV2A4Y49SNgQU_eGbAKMKk=w180-h180-l90-rj,Self Aware Temper City,,,,Self Aware Temper City
2026-08-10,global,Global,top_songs_weekly,,49,https://yt3.googleusercontent.com/be_gE5Va2RF56pIw3g-AbSsm7-X4VApfbuR5YsRhAzF3NR-adNGyAlB1L7AFJSgytnqXtBd9-E3Is_Kx=w180-h180-l90-rj,Basinga Balaalu Swamy Naresh & Srinidhi Nerella,,,,Basinga Balaalu Swamy Naresh & Srinidhi Nerella
2026-08-10,global,Global,top_songs_weekly,,50,https://yt3.googleusercontent.com/ZpWD37EEQE_LVuQ_O03cRmz5mZA7jG0gKGLt-49uHNDX6DycysijGGSOX9woU-OfQR5jyahz3aEdmBmm3A=w180-h180-l90-rj,The Fate of Ophelia Taylor Swift,,,,The Fate of Ophelia Taylor Swift
2026-08-10,global,Global,top_songs_weekly,,51,https://yt3.googleusercontent.com/Evml9zWq0msFXoyxZlyF6OLs7Wc9jliiAsSZi8ObmP5i0FJyiTr2-GI-rQDaAD6vDsEaK-28vJJPMQA=w180-h180-l90-rj,Every Breath You Take The Police,,,,Every Breath You Take The Police
2026-08-10,global,Global,top_songs_weekly,,52,https://yt3.googleusercontent.com/qOgEcdAyumI9jcqu_Du3YVq_b6w3yoPzGPFnCPN_zjw8k0FH_a1vNmEhRgGyaiQDKBDRej5XzblASUo=w180-h180-l90-rj,Haaland (Ha Ha Ha) CTID,,,,Haaland (Ha Ha Ha) CTID
2026-08-10,global,Global,top_songs_weekly,,53,https://yt3.googleusercontent.com/zCv7rmhnyBrEBtY_ULN4G1GHLNMe3V12h9oBODXaoIkDsuEfCYZLMptxqymvjk1rx3IdBafVsPNnOHg=w180-h180-l90-rj,Gangnam Style (강남스타일) PSY,,,,Gangnam Style (강남스타일) PSY
2026-08-10,global,Global,top_songs_weekly,,54,https://yt3.googleusercontent.com/OotE8xDKqeutvwDbJja54xdhYmC0eH5qKhaH-icvoPAuAC4flbqL90_LVKN0ltB8Ycoh7-q6za6pxaFv=w180-h180-l90-rj,Boom Shaka KR$NA & Dhanda Nyoliwala,,,,Boom Shaka KR$NA & Dhanda Nyoliwala
2026-08-10,global,Global,top_songs_weekly,,55,https://yt3.googleusercontent.com/_RICA9AQMvaw-SLRBVDVF3rLx6pgeXvy2USuFyueQhhMGAVga26n2brDIIbjNkkYW3xv9LyUdav9rWnKvA=w180-h180-l90-rj,1 LEMONADE aespa,,"5月 28, 2026",9737736,"55 1 LEMONADE aespa 5月 28, 2026 56 10 9,737,736"
2026-08-10,global,Global,top_songs_weekly,,56,https://yt3.googleusercontent.com/MjVc50qoqvxgh2Axcechzk8DZQ2wE3SJKYphm4PcPGfsPDcqplJGkTJF8R4Vqqs87WUk9tVRGXyNMLg=w180-h180-l90-rj,Jamaican (Bam Bam) HUGEL & SOLTO (FR),,,,Jamaican (Bam Bam) HUGEL & SOLTO (FR)
2026-08-10,global,Global,top_songs_weekly,,57,https://yt3.googleusercontent.com/HVn6uh6o4jcmXw3jUEjmD2nTTjVBd200AnixeuL1j_1hkOz-mv3hrcHD4nxz-uABrNi7kGWSOl6P-FY=w180-h180-l90-rj,Hileli manifest & 艾達佩肯,,,,Hileli manifest & 艾達佩肯
2026-08-10,global,Global,top_songs_weekly,,58,https://yt3.googleusercontent.com/jmQW4UBrW3xkqlkdWoBKYLD_iuLGEMxk94CJk5yRvrGIVDsFHSIUt3-VvnlQs67mUDRSFDOc1Gs8-7Cu=w180-h180-l90-rj,Counting Stars 共和世代,,,,Counting Stars 共和世代
2026-08-10,global,Global,top_songs_weekly,,59,https://yt3.googleusercontent.com/7_06KmE85Uk8mngpR0_lw_zf9qqmsN9rW1xTF57d9DegptGKJ9Qw_r6Xdi26OnXy7NxdiWbPqusEQ2W2xA=w180-h180-l90-rj,Barsaat Banjaare & Roni,,,,Barsaat Banjaare & Roni
2026-08-10,global,Global,top_songs_weekly,,60,https://yt3.googleusercontent.com/xrGDyYO3umAVFdsdyIM2G451xiAxCD6haJkCQel6TQlqE-XsEUCGsj_Q5Er4YjFpjWqv-_Ze-VaPPL0j=w180-h180-l90-rj,12 Teh Hijau 圖魯斯,,"6月 29, 2026",9392957,"60 12 Teh Hijau 圖魯斯 6月 29, 2026 72 4 9,392,957"
2026-08-10,global,Global,top_songs_weekly,,61,https://yt3.googleusercontent.com/iSX0Ox29sf_SpZMr51jUbgHDKsvqQ-54KksqIlFADT9i-nFG590d6D-z61kYxMKF7r5lHX7wWvMjdqbA=w180-h180-l90-rj,Las mas bonitas son p#tas Anuel AA,,,,Las mas bonitas son p#tas Anuel AA
2026-08-10,global,Global,top_songs_weekly,,62,https://yt3.googleusercontent.com/Hh7ow9O1aBWLYSY9PsXb3CmsB4oaTDKwbTxq7BgiQBIku7xcAoeT9v1POsJSxo0_cZ8SyDxkb8Pswbga=w180-h180-l90-rj,"Six Seven Laurinha Costa , Dj Cabello , Dj Tchouzen & SoundMusic Original",,,,"Six Seven Laurinha Costa , Dj Cabello , Dj Tchouzen & SoundMusic Original"
2026-08-10,global,Global,top_songs_weekly,,63,https://i.ytimg.com/vi/afSgBNwmZrQ/default.jpg,petal Ariana Grande,,,,petal Ariana Grande
2026-08-10,global,Global,top_songs_weekly,,64,https://yt3.googleusercontent.com/fdbZYOuRg6rU2h00L8kabk-7o6QqV258Gl00mtW4mO6DnWjQBPEbF-GIDTeeYkEJV1IpVY88HRMg_bk=w180-h180-l90-rj,FREAKED OUT Fat Papi & prodshushy,,,,FREAKED OUT Fat Papi & prodshushy
2026-08-10,global,Global,top_songs_weekly,,65,https://i.ytimg.com/vi/h_D3VFfhvs4/default.jpg,Smooth Criminal Michael Jackson,,,,Smooth Criminal Michael Jackson
2026-08-10,global,Global,top_songs_weekly,,66,https://yt3.googleusercontent.com/K-eoMpZZV7vOS1FfVmzmrdaICFA3KcexVOUGhMwoCXd8qrZf_7sOOOT81UWHgSKYJwme2iSJJMruxGQ=w180-h180-l90-rj,Dancin (Remix) (feat. Luvli) Aaron Smith,,,,Dancin (Remix) (feat. Luvli) Aaron Smith
2026-08-10,global,Global,top_songs_weekly,,67,https://yt3.googleusercontent.com/arS8DgXBdvYdY8ZpN78RSrAjSpXnsU3NX6cAzzEklyiNX6isqmaNJbfP26HjUtNCONp_OoWZAJ_JupBrHw=w180-h180-l90-rj,10 Kırgınım Blok3,,"6月 4, 2026",9085023,"67 10 Kırgınım Blok3 6月 4, 2026 77 4 9,085,023"
2026-08-10,global,Global,top_songs_weekly,,68,https://yt3.googleusercontent.com/Z1iLXrelcpD0E1TYhDGrByC5YSIraH26cbsAba1ckFXeraagn11o-avT_dVamZRNcayOJYNDKlTOpQY=w180-h180-l90-rj,UNA BABY EN SANTIAGO Lil Naay,,,,UNA BABY EN SANTIAGO Lil Naay
2026-08-10,global,Global,top_songs_weekly,,69,https://yt3.googleusercontent.com/5BJxXLAEqTn85KcOm0oCkpeO_O3kd042CEuHuLAvA4LVqMg5daizHEFnXmf_bFkyVp_dUSKpeQCsClZp=w180-h180-l90-rj,Tebaa'n Tebaa'n Sherine,,,,Tebaa'n Tebaa'n Sherine
2026-08-10,global,Global,top_songs_weekly,,70,https://yt3.googleusercontent.com/-9Be3szVIsDcpTazo5d3AYic5zWl7tN1UOCRBI98ylJiQchI3IQt1BcvDRXgQRcAlAxmQUmpllADj-a5=w180-h180-l90-rj,Peão Todo Tatuado jeninho & Mariana Fagundes,,,,Peão Todo Tatuado jeninho & Mariana Fagundes
2026-08-10,global,Global,top_songs_weekly,,71,https://yt3.googleusercontent.com/pxZ41R8jrSjVtI3W9wCDRA6T7KOVnPHH0k1H_qktx78W8X__rn4IVqu_1ePUhLvrohB9JBWgrOXl7P9epA=w180-h180-l90-rj,MMG (My Mine Gueh) Naykilla,,,,MMG (My Mine Gueh) Naykilla
2026-08-10,global,Global,top_songs_weekly,,72,https://yt3.googleusercontent.com/iotswYimzjbtCq4TyC97ke47-8j1FELnHZu9QO9jBQEbGHP059ChhtIxWBPUQ5_8hgC18YM5qiT-s8om=w180-h180-l90-rj,Pilé Mauvais Djo,,,,Pilé Mauvais Djo
2026-08-10,global,Global,top_songs_weekly,,73,https://yt3.googleusercontent.com/xHkfClhw3koAnxsNs2A_M-8_8Rf7m4HeTSTgtCVIdHHNhMOQ12yimzVxsLUsGLYZkSV9gxtYsJBc6Wk=w180-h180-l90-rj,Ara Beni 荷黛絲·阿奇高茲,,,,Ara Beni 荷黛絲·阿奇高茲
2026-08-10,global,Global,top_songs_weekly,,74,https://yt3.googleusercontent.com/pc4L4fZ3obMdnUDwE1Lg02mycMDrkI_JYHAfu_DDMYGgXAiKUkiwpxwwTEEO3Y_hP_rEowX7PGs_We-P=w180-h180-l90-rj,GUT GENUG (feat. Blumengarten & 希琳·大衛) KITSCHKRIEG,,,,GUT GENUG (feat. Blumengarten & 希琳·大衛) KITSCHKRIEG
2026-08-10,global,Global,top_songs_weekly,,75,https://yt3.googleusercontent.com/arS8DgXBdvYdY8ZpN78RSrAjSpXnsU3NX6cAzzEklyiNX6isqmaNJbfP26HjUtNCONp_OoWZAJ_JupBrHw=w180-h180-l90-rj,Çok Güzel Gülüyorsun Blok3 & Poizi,,,,Çok Güzel Gülüyorsun Blok3 & Poizi
2026-08-10,global,Global,top_songs_weekly,,76,https://yt3.googleusercontent.com/pXFQCa7a4g8yaLQOuE2y0zWK4X0A9Kdjx1PTC_KICZc9OEgahsFl-F6VBihBNOLAiYX7XnuPqaC4Yio=w180-h180-l90-rj,Choosin' Texas Ella Langley,,,,Choosin' Texas Ella Langley
2026-08-10,global,Global,top_songs_weekly,,77,https://yt3.googleusercontent.com/F-HAYdu4My91_BPlrGhfflbiXHOshQN2AoyC253W5Tm2ebs6Nh7CgdoVzPlYK7nLMpX_JKOYg_h0SyyN_g=w180-h180-l90-rj,9 misery. pupsies,,"3月 18, 2026",8450472,"77 9 misery. pupsies 3月 18, 2026 68 3 8,450,472"
2026-08-10,global,Global,top_songs_weekly,,78,https://yt3.googleusercontent.com/91VqdEgR52aLT5vuSUe-Y_G7t36wnSvSUKmX71JQ1BMmj0fpGIe7ST8THTLaHAdiY18i6YwPIEk6mLo=w180-h180-l90-rj,Perdóname (feat. Eddy Lover) La Factoria,,,,Perdóname (feat. Eddy Lover) La Factoria
2026-08-10,global,Global,top_songs_weekly,,79,https://yt3.googleusercontent.com/arS8DgXBdvYdY8ZpN78RSrAjSpXnsU3NX6cAzzEklyiNX6isqmaNJbfP26HjUtNCONp_OoWZAJ_JupBrHw=w180-h180-l90-rj,Kayıp Kalp Blok3,,,,Kayıp Kalp Blok3
2026-08-10,global,Global,top_songs_weekly,,80,https://yt3.googleusercontent.com/0L0ZTzFxlfrVZIwreYxYiMfjOJq1l9lTxZ5PW4qPMYlPfP0ZSOkHt6k3cQtUEgMeImkz8DzsqwJqII2x=w180-h180-l90-rj,SUPERESTRELLA Aitana,,,,SUPERESTRELLA Aitana
2026-08-10,global,Global,top_songs_weekly,,81,https://yt3.googleusercontent.com/uJYZVx1te623Yz4CwxjG2eZs--TtF1MUbGLFyeynvIsDFTEhz9GJEEmGPE54K1pKusgBpyO3CAcXduXS5A=w180-h180-l90-rj,Total Eclipse of the Heart 邦妮·泰勒,,,,Total Eclipse of the Heart 邦妮·泰勒
2026-08-10,global,Global,top_songs_weekly,,82,https://yt3.googleusercontent.com/81cXwXuv1aOxCikSYqw5WET4FkiaNg5uKhTnDB4h0PL37adgl-1B3DBbvlopWpamwTQbt_ge9rm8pdQ-oA=w180-h180-l90-rj,Zombie The Cranberries,,,,Zombie The Cranberries
2026-08-10,global,Global,top_songs_weekly,,83,https://yt3.googleusercontent.com/SP0cN9Mypy_WeKEajm03ERYOU_53KkHZpu4EQpSJUzcQ1H_3HhS1FmjR34KTstf-0DX83JLCCj9ouc-k1g=w180-h180-l90-rj,Wonderwall 綠洲合唱團,,,,Wonderwall 綠洲合唱團
2026-08-10,global,Global,top_songs_weekly,,84,https://yt3.googleusercontent.com/g3pF3N2u1sFvtgZNjcgBoCgI3gAzLvy1jgA5IilHxtxSZ_yaEKSZ2hNkDZQvxbG16kBW1WN9XVZfoJ4=w180-h180-s-l90-rj,What's Up? 非金髮四美合唱團,,,,What's Up? 非金髮四美合唱團
2026-08-10,global,Global,top_songs_weekly,,85,https://yt3.googleusercontent.com/P2AHIINbudVOqbgZNFt6EP87N8PxgEPrMCrXNnAIkXtSd_UqrhO5la3Dq74EnEuybOQ02oXeGn9ZPG_m=w180-h180-l90-rj,Ayúdame LOS DOS DE TAMAULIPAS,,,,Ayúdame LOS DOS DE TAMAULIPAS
2026-08-10,global,Global,top_songs_weekly,,86,https://yt3.googleusercontent.com/76bBKnNMGe7APs6M-Y85SnRVzB3IJR1Pbl9sbCZN9N6YcWCljAeurHE-HMx7SiDlNyvzTXXRSVTqu0UbSQ=w180-h180-l90-rj,"MONTAGEM PEGADORA (Slowed) Rubikdice , Chilx & WAA",,,,"MONTAGEM PEGADORA (Slowed) Rubikdice , Chilx & WAA"
2026-08-10,global,Global,top_songs_weekly,,87,https://yt3.googleusercontent.com/67OnVPIKVXetzj7wOMbCJOsr8FnZs0CNVC1hunGACRGsF0C2vmMkSNelFFpJDM_csUZVROgeU54qcNk=w180-h180-l90-rj,Anor Mirjalol Nematov,,,,Anor Mirjalol Nematov
2026-08-10,global,Global,top_songs_weekly,,88,https://yt3.googleusercontent.com/ugpyRxhD8Nqn2Jrvh3w0dxJXZGysSSBCB3INhfSh8ufeiy5YL8ZRL8lyfiLHoo6Lu1_lqm7umyX9MQ2Q=w180-h180-l90-rj,BOOMPALA LE SSERAFIM,,,,BOOMPALA LE SSERAFIM
2026-08-10,global,Global,top_songs_weekly,,89,https://yt3.googleusercontent.com/kIG_Ks5fsPd9dHNttIv9_v-LG4y_3T-C97N-LQbahylnlmxJuXbYJkE57-XHnqLgFRAAT6gvlbMOJ6Y8=w180-h180-l90-rj,"Aarzu Noor , Khan & Madhurxo",,,,"Aarzu Noor , Khan & Madhurxo"
2026-08-10,global,Global,top_songs_weekly,,90,https://yt3.googleusercontent.com/68yQTTviXQB3REK-ytzDnqhlYJvhizug8CHTG8XtCb-Nqra5KCmEsfzXAmbfBc-Nu7bN6Nxi4F75fHBy=w180-h180-l90-rj,Que Se Mueran 羅密歐山托士,,,,Que Se Mueran 羅密歐山托士
2026-08-10,global,Global,top_songs_weekly,,91,https://yt3.googleusercontent.com/LZm153NU4rj6qeQXmh5fdMDmeuasdq1kQHD2xJdlqL6Wf3ZhA7-E3Pe7LCb-ldQRQosAuaJK5Rxu2JaV=w180-h180-l90-rj,"Aankhon Se Tune 2.0 Dev Negi , Palak Muchhal , 庫馬・山奴 , 阿爾卡·雅格尼克 & Mohsin Shaikh",,,,"Aankhon Se Tune 2.0 Dev Negi , Palak Muchhal , 庫馬・山奴 , 阿爾卡·雅格尼克 & Mohsin Shaikh"
2026-08-10,global,Global,top_songs_weekly,,92,https://i.ytimg.com/vi/HGVhNel9ceI/default.jpg,Es Un Secreto (Remix) (feat. Akon & 泰戈·卡德龍) Plan B,,,,Es Un Secreto (Remix) (feat. Akon & 泰戈·卡德龍) Plan B
2026-08-10,global,Global,top_songs_weekly,,93,https://yt3.googleusercontent.com/7jQ76vk-ND-Irc4FIMgzBcBQdx8JROR6rs8bOacn-R48ivKNOKOl5WlgPvmscAkpWXLu8HMOMaKqYzSG=w180-h180-l90-rj,CRUSH! CRUSH,,"7月 30, 2026",7644770,"93 New CRUSH! CRUSH 7月 30, 2026 - 1 7,644,770"
2026-08-10,global,Global,top_songs_weekly,,94,https://yt3.googleusercontent.com/DYWSlADPI490VUOfFu6nWYLL-FIsnujB596Z6KxrcE6vOIcBXRz_78_TVCjd-ZHRfQdrA-FcClNPpO4R=w180-h180-l90-rj,6 Doma Jósean Log,,"10月 14, 2016",7629648,"94 6 Doma Jósean Log 10月 14, 2016 100 6 7,629,648"
2026-08-10,global,Global,top_songs_weekly,,95,https://yt3.googleusercontent.com/43aurlrKv62_LZW4dQKDw53Z9ME8i5i3PjByTUshwmkekrggPqY_6ONpeEG8PAZeS0NUNW7cH3EwF8Nj8Q=w180-h180-l90-rj,PINKY UP KATSEYE,,,,PINKY UP KATSEYE
2026-08-10,global,Global,top_songs_weekly,,96,https://yt3.googleusercontent.com/jE0KNZNs2rrkRyjo-E8EwyKR4FddIooO6RmlRewEdanLLAlfkT-DoMqSsDLXWimAUc2qTZmLMCt8EYSS=w180-h180-l90-rj,Beretta (De Los Cerros La Escuela) El De Las R's,,,,Beretta (De Los Cerros La Escuela) El De Las R's
2026-08-10,global,Global,top_songs_weekly,,97,https://yt3.googleusercontent.com/9ruvVL8bR4hGNQVpZRmMiltbwQKCoI8LjIWXFyZ8_Ps7RejpPze7-VFVYHiON0YKgLgr0z0jZfnR1Kw=w180-h180-l90-rj,"Tus Mentiras (En Vivo) Moy Bobadilla , Grupo Firme , Hernan Sepulveda & Max Peraza",,,,"Tus Mentiras (En Vivo) Moy Bobadilla , Grupo Firme , Hernan Sepulveda & Max Peraza"
2026-08-10,global,Global,top_songs_weekly,,98,https://yt3.googleusercontent.com/pDGbcolHs6OSrOFXGLc_dsloRz99Vk8DdGirvv2dSyECqjM4YBl4SrpO7w8BKTKCjfQmF1O8nWR5Qnci=w180-h180-l90-rj,98 Rosas 梵谷左耳,,"1月 1, 2000",7388891,"98 98 Rosas 梵谷左耳 1月 1, 2000 - 24 7,388,891"
2026-08-10,global,Global,top_songs_weekly,,99,https://yt3.googleusercontent.com/2W7X-DNJiw81FCRzyud1zFhOuUALHn3qKFitF4Ji1oh_E99aKYfFNUy8-biNAFlhGqGDVtTnjsebM8QF=w180-h180-l90-rj,เพราะพี่รักจริง หนึ่ง บีเคแบนด์,,,,เพราะพี่รักจริง หนึ่ง บีเคแบนด์
2026-08-10,global,Global,top_songs_weekly,,100,https://yt3.googleusercontent.com/sYmiMIdJAVZwkPluf8yQMI4qxuuZrU1OLOiwNEEgV1z7q6JhNQ_m7TqJbcxioiywmvBLuOJFK4YAgUnk=w180-h180-l90-rj,77 NORMAL 防彈少年團,,"3月 20, 2026",7148181,"100 77 NORMAL 防彈少年團 3月 20, 2026 23 3 7,148,181"
2026-08-10,tw,Taiwan,top_songs_weekly,,1,https://yt3.googleusercontent.com/awoyk8Z8XNivU4sRBupBx_pdbnk7yVJz3w4qvxzcrm-Ud9Ma6B-v9BVLOx1JLTJr5n-g51chJRdHEqSgSg=w180-h180-l90-rj,甲乙丙丁 (你我怎么两清) 李佳薇,,,,甲乙丙丁 (你我怎么两清) 李佳薇
2026-08-10,tw,Taiwan,top_songs_weekly,,2,https://yt3.googleusercontent.com/pPXFB33cg6OkSoAG9Xbvp3cGnkXnTGWSYkUypg0vHL8IuRvIYBTYnjvhweDfjbCRf4FHXCksK2ukjio=w180-h180-l90-rj,海屿你 马也Crabbit & Cole先生,,,,海屿你 马也Crabbit & Cole先生
2026-08-10,tw,Taiwan,top_songs_weekly,,3,https://yt3.googleusercontent.com/OlsyF8L82chwdoVqON-g5H3BsEEgA0zSIYU_6SIZgMtLe0QzZPxzno91C6zJktuon6rjAv_UbmggkO_vyQ=w180-h180-l90-rj,3 BAD ATEEZ,,"5月 22, 2026",806398,"3 3 BAD ATEEZ 5月 22, 2026 6 6 806,398"
2026-08-10,tw,Taiwan,top_songs_weekly,,4,https://yt3.googleusercontent.com/fSZeOU1r1CCaRPaXHA-oLYcZbJ59nenUQs5NJJp_hWpSkOMgOqpr-zOHqpFBFBJrXz_lAn8Nr5A1r2K1mw=w180-h180-l90-rj,Good Goodbye HWASA,,,,Good Goodbye HWASA
2026-08-10,tw,Taiwan,top_songs_weekly,,5,https://yt3.googleusercontent.com/tS52sJia52VjCC5b0u4GHTMsFM6viC-IsTLFGDpXQ-kepQbGnf68fEMl2O3vrqYV0YZGAjHLqUrwHgV3=w180-h180-l90-rj,2 不愛就不愛 艾薇,,"11月 1, 2024",630725,"5 2 不愛就不愛 艾薇 11月 1, 2024 7 16 630,725"
2026-08-10,tw,Taiwan,top_songs_weekly,,6,https://yt3.googleusercontent.com/yHlFSzNwdbcc4gbRSE6p2CvTlCs5S4cTfF2pOKS0eonktuLqwvX8MLaxEQPGYyP6WefUNfX-f4Mb4awXtg=w180-h180-l90-rj,沒有人像我一樣 (影集《欠妳的那場婚禮》主題曲) 宇宙人,,,,沒有人像我一樣 (影集《欠妳的那場婚禮》主題曲) 宇宙人
2026-08-10,tw,Taiwan,top_songs_weekly,,7,https://yt3.googleusercontent.com/KGlv7qIj2ewbSHfRXE85EuDNySI2UJU9iHriPerJoeIII5F2ktcUQuhQ90bgoh1szUw2sDvJCdWiNXeh=w180-h180-l90-rj,2 離開我的依賴 王艷薇,,"2月 17, 2020",577357,"7 2 離開我的依賴 王艷薇 2月 17, 2020 9 16 577,357"
2026-08-10,tw,Taiwan,top_songs_weekly,,8,https://yt3.googleusercontent.com/SDHwqZp6fgaUL0DkWXI2BQHwEpO2y68b1JDjG8lrm9VJC4_c2t_OgW-NTLC766gYvub0WEmTJUoeS1I1=w180-h180-l90-rj,● 太陽與地球 盧廣仲,,"9月 16, 2025",545745,"8 ● 太陽與地球 盧廣仲 9月 16, 2025 8 16 545,745"
2026-08-10,tw,Taiwan,top_songs_weekly,,9,https://yt3.googleusercontent.com/PwQ543AKPc8tF0yUiz3e3s-Wy45l71Byt6T78PYeTB7Q0Jckq3C5d9P7faRc7OE5OTypbkxl4qFuVkI=w180-h180-l90-rj,Less than a Lover Jennie,,,,Less than a Lover Jennie
2026-08-10,tw,Taiwan,top_songs_weekly,,10,https://yt3.googleusercontent.com/3RNsv7dNTYSBpuSWmpWM6PiYgQAaCXKvi8ION2AH2OaQHc-vW5-rJW4PqztU9XGaX-5z3sMc5RMTMc8n=w180-h180-l90-rj,1 It's Me ILLIT,,"4月 23, 2026",480770,"10 1 It's Me ILLIT 4月 23, 2026 11 14 480,770"
2026-08-10,tw,Taiwan,top_songs_weekly,,11,https://yt3.googleusercontent.com/CwtUqDJhEnd9U_GyRBTwrRE0lpNwIgw6ugIlJLbP9EC91DKzgWz1WEo3cmcsdDybIEzTkrZaz_hNttJx=w180-h180-l90-rj,MOON BABYMONSTER,,,,MOON BABYMONSTER
2026-08-10,tw,Taiwan,top_songs_weekly,,12,https://yt3.googleusercontent.com/j_byMYv4R-YHA2jt3wHTFbXOgszR2zo2iSp6ROEq8lWyi-nHnSAP84MWmtGJg9y1L13toWSPvAhm4LI=w180-h180-l90-rj,"All For You (""Spider","Man: Brand New Day"" Taiwan End Credit Song) 周興哲",,,"All For You (""Spider-Man: Brand New Day"" Taiwan End Credit Song) 周興哲"
2026-08-10,tw,Taiwan,top_songs_weekly,,13,https://yt3.googleusercontent.com/peRqJccVv5rY4zUz0R_11tHAloX3z3r0uSwiDM_GCInunh4Poecppfx6tBsoxaHWUkYzsfe9A41VOteI=w180-h180-l90-rj,3 過了幾天 郭家瑋,,"11月 22, 2024",451359,"13 3 過了幾天 郭家瑋 11月 22, 2024 10 3 451,359"
2026-08-10,tw,Taiwan,top_songs_weekly,,14,https://yt3.googleusercontent.com/_RICA9AQMvaw-SLRBVDVF3rLx6pgeXvy2USuFyueQhhMGAVga26n2brDIIbjNkkYW3xv9LyUdav9rWnKvA=w180-h180-l90-rj,2 LEMONADE aespa,,"5月 28, 2026",444646,"14 2 LEMONADE aespa 5月 28, 2026 12 10 444,646"
2026-08-10,tw,Taiwan,top_songs_weekly,,15,https://yt3.googleusercontent.com/B68MUx2tiowT8zFHN4kFUKiPswVpLF_tlLm3Yl6vX8up-aJ6VqasOkSALft8WhBiwl7R_YweiVCwU3k=w180-h180-l90-rj,離開的一路上 理想混蛋 Bestards,,,,離開的一路上 理想混蛋 Bestards
2026-08-10,tw,Taiwan,top_songs_weekly,,16,https://yt3.googleusercontent.com/awoyk8Z8XNivU4sRBupBx_pdbnk7yVJz3w4qvxzcrm-Ud9Ma6B-v9BVLOx1JLTJr5n-g51chJRdHEqSgSg=w180-h180-l90-rj,甲乙丙丁 (你我怎么两清) 李佳薇,,,,甲乙丙丁 (你我怎么两清) 李佳薇
2026-08-10,tw,Taiwan,top_songs_weekly,,17,https://yt3.googleusercontent.com/CwtUqDJhEnd9U_GyRBTwrRE0lpNwIgw6ugIlJLbP9EC91DKzgWz1WEo3cmcsdDybIEzTkrZaz_hNttJx=w180-h180-l90-rj,3 춤 BABYMONSTER,,"5月 4, 2026",362208,"17 3 춤 BABYMONSTER 5月 4, 2026 14 14 362,208"
2026-08-10,tw,Taiwan,top_songs_weekly,,18,https://yt3.googleusercontent.com/x1n9RlmWXjSEmxclE2loxdELv0YfMaTgo9k-9XDUxE9IvzUZHiyiJs3gV3_cgCmD7RCUbXWMbqKKxvbjRw=w180-h180-l90-rj,3 幸福在歌唱 A,Lin,"12月 25, 2025",343253,"18 3 幸福在歌唱 A-Lin 12月 25, 2025 15 16 343,253"
2026-08-10,tw,Taiwan,top_songs_weekly,,19,https://yt3.googleusercontent.com/lQrrh84CWq-vtFkuO91nLfrkom6xLhp5abygb1aqx6q9o1dYD0AbMwVp-Te7p4srwIF_IayC54kgGjE=w180-h180-l90-rj,2 我不该动情 RG,老帅,"6月 30, 2026",332361,"19 2 我不该动情 RG-老帅 6月 30, 2026 17 5 332,361"
2026-08-10,tw,Taiwan,top_songs_weekly,,20,https://yt3.googleusercontent.com/3ZAl92wBD2_lXEtqV6bhantqdUqSi7ICpUgw3l00YYS33PAYdqQOByGFauj3uwxi3ye5Gy6xTGAgFTdU=w180-h180-l90-rj,Love You One More Time 茄子蛋,,,,Love You One More Time 茄子蛋
2026-08-10,tw,Taiwan,top_songs_weekly,,21,https://yt3.googleusercontent.com/QAK5nTHePtUuH5BCRFMc6UIZk7SssfD7UkwFMqh32LaM2eNi6HVmEyZ46a5KsIuhzLv4RiS5srVd_Jcu=w180-h180-l90-rj,左轉燈 (,Times+1) (feat. mac ova seas) 派偉俊,,1000,左轉燈 (1000 Times+1) (feat. mac ova seas) 派偉俊
2026-08-10,tw,Taiwan,top_songs_weekly,,22,https://yt3.googleusercontent.com/P7nh5wrrR-WPtCgyz7KZXvAh0Y1ouJBzBRMTemMkcjk00TBATHCowVUI2BMZAx-88N680puN170wzGJq=w180-h180-s-l90-rj,3 愛 請問怎麼走 A,Lin,"11月 23, 2012",292228,"22 3 愛 請問怎麼走 A-Lin 11月 23, 2012 25 8 292,228"
2026-08-10,tw,Taiwan,top_songs_weekly,,23,https://yt3.googleusercontent.com/Hu7ZkuL_0u5n743V1G1PR_Onmli50SNAT8Hj30ZIgz-h6w44OW0XKySxtI2hwOuHrTM4h8e_3pQBkKntSw=w180-h180-l90-rj,4 玻璃 Gareth.T,,"5月 19, 2026",291323,"23 4 玻璃 Gareth.T 5月 19, 2026 19 12 291,323"
2026-08-10,tw,Taiwan,top_songs_weekly,,24,https://yt3.googleusercontent.com/moXpr_lvHpb9m70jTjr-0GE63_VyHivgmyH7UPBJmgwWPHwwmvhxDPPZtdAhCFo7CdzmzIGwBE3cn4VuCQ=w180-h180-l90-rj,Dai Dai Shakira & 伯納男孩,,,,Dai Dai Shakira & 伯納男孩
2026-08-10,tw,Taiwan,top_songs_weekly,,25,https://yt3.googleusercontent.com/CFrNgBoL1_D5WQ8GKuM5dvi-KDZkOKncu2u28wzwG4mqcguxeIP0HJT422dUDnZVde5yBsiHvWyu9sQU=w180-h180-l90-rj,大車人生 Cat'sMelody,,,,大車人生 Cat'sMelody
2026-08-10,tw,Taiwan,top_songs_weekly,,26,https://yt3.googleusercontent.com/dEXcXlfF1a6HQUnJeWS58DYT8v6IduW9ZJt9uZd6jFTURR6yowLKoHsq0GV8HER9ZbODaFtbO_ZORZcn=w180-h180-l90-rj,你不會懂 joysaaaa,,"8月 15, 2022",279756,"26 New 你不會懂 joysaaaa 8月 15, 2022 - 1 279,756"
2026-08-10,tw,Taiwan,top_songs_weekly,,27,https://yt3.googleusercontent.com/FBsKSRbF9dD9gKsMouEBNIymlDObANdcnZk4Lf_5QgTiq7V3gchHRsBXGgOLgDOOJuGkajoF5K-4qeA=w180-h180-l90-rj,RUDE! Hearts2Hearts,,,,RUDE! Hearts2Hearts
2026-08-10,tw,Taiwan,top_songs_weekly,,28,https://yt3.googleusercontent.com/GBUFNHwzO_v_IJ1e1iLRCgA9zJUO97qxZgLBAJyr2WyFzk7kV9yWMAVF7Ha6h8As3tNXbfeksFOdZeE=w180-h180-l90-rj,SUGAR HONEY ICE TEA BABYMONSTER,,,,SUGAR HONEY ICE TEA BABYMONSTER
2026-08-10,tw,Taiwan,top_songs_weekly,,29,https://yt3.googleusercontent.com/CwtUqDJhEnd9U_GyRBTwrRE0lpNwIgw6ugIlJLbP9EC91DKzgWz1WEo3cmcsdDybIEzTkrZaz_hNttJx=w180-h180-l90-rj,I LIKE IT BABYMONSTER,,,,I LIKE IT BABYMONSTER
2026-08-10,tw,Taiwan,top_songs_weekly,,30,https://yt3.googleusercontent.com/jXXzY2fTfxgr0_wR_I_V8W3Ai0L3ece217Biqm0tY36I9VAoce09xXmjgt8mXggTVgGGBHdJ3eAyICY=w180-h180-l90-rj,Beauty And A Beat (feat. Nicki Minaj) Justin Bieber,,,,Beauty And A Beat (feat. Nicki Minaj) Justin Bieber
2026-08-10,tw,Taiwan,top_songs_weekly,,31,https://yt3.googleusercontent.com/Zl6lT-8KgSYiXI08I5ilE35LaWaDpVFYdBIEn_g_gJRGTBlb6xlMn4Ws226L3nMuhWl9UxRQZq5c1pZF=w180-h180-l90-rj,5 REDRED CORTIS,,"4月 20, 2026",235888,"31 5 REDRED CORTIS 4月 20, 2026 26 16 235,888"
2026-08-10,tw,Taiwan,top_songs_weekly,,32,https://yt3.googleusercontent.com/9kXVLbhQ7v4JHyRDJgGcLwDKysXCC98ukBdPLgLMtiQkY-ntHmrwHiud-tTRT2jMOqJiYUjedOzMw79opA=w180-h180-l90-rj,1 綿綿無絕期 黃奇斌,,"6月 28, 2026",219898,"32 1 綿綿無絕期 黃奇斌 6月 28, 2026 33 4 219,898"
2026-08-10,tw,Taiwan,top_songs_weekly,,33,https://yt3.googleusercontent.com/9uuhCVl-TANrqQ6tavDZK7jFzPJmhf42hSYYbICN6bayzD6WbQAWpnJBvamvE0YSehxpMm0dSW-nuKuE=w180-h180-l90-rj,巷仔口的風 Cat'sMelody,,,,巷仔口的風 Cat'sMelody
2026-08-10,tw,Taiwan,top_songs_weekly,,34,https://yt3.googleusercontent.com/oPVSYOGv6P6s6q926B5ZEoo-dz_MaNLGGV29-WqQvNezNfqfwEIQVkVErSKUEb31VMuqks2USDfz2I0=w180-h180-l90-rj,PSYCHO BABYMONSTER,,,,PSYCHO BABYMONSTER
2026-08-10,tw,Taiwan,top_songs_weekly,,35,https://yt3.googleusercontent.com/KkiZjgUI7ADMjnfu90T8szhJ3CqljSdGDIpo3iNmOltOgewijZyI_Z2TQiXDdCN2jlozAVXNjuiyiSsL=w180-h180-l90-rj,3 캐치 캐치 YENA,,"3月 11, 2026",204406,"35 3 캐치 캐치 YENA 3月 11, 2026 38 16 204,406"
2026-08-10,tw,Taiwan,top_songs_weekly,,36,https://yt3.googleusercontent.com/6LDZTIjk3nbSSsG8J0M2_ME4KWzt4MTZ7oqrZlWg-uZ1gRWnBKt9ySPibZ5l7GJ_-j6gB6hv-qLNaPE=w180-h180-l90-rj,hate that i made you love me Ariana Grande,,,,hate that i made you love me Ariana Grande
2026-08-10,tw,Taiwan,top_songs_weekly,,37,https://yt3.googleusercontent.com/7h0AlBNftIji1nro-rDbTpMaBbBzWb41ekxxkKMXlk_d7VTQUtzh1yicu2oE4OFbyCnQtgW3tKPE8KQ=w180-h180-l90-rj,怎麼了 (What's Wrong) 周興哲,,,,怎麼了 (What's Wrong) 周興哲
2026-08-10,tw,Taiwan,top_songs_weekly,,38,https://yt3.googleusercontent.com/fs86McnX3b_aiDIPRKsAlsQlzfaBzCacBWaNVF1RHa0IZEus7-gfbAxSy56VcPeVtWyyNnY-pZguA7EmQQ=w180-h180-l90-rj,一半一半 Top Barry & INDEcompany,,,,一半一半 Top Barry & INDEcompany
2026-08-10,tw,Taiwan,top_songs_weekly,,39,https://yt3.googleusercontent.com/2GT6mcf25W2aQ69V57XEidylHzo7gxcq3OPJqBVSNGqSHKcufD4lJV_eUSRM3OELZo_b9s_u_Zj61_0=w180-h180-l90-rj,1 陪你到這 陳華,,"4月 16, 2026",187644,"39 1 陪你到這 陳華 4月 16, 2026 40 16 187,644"
2026-08-10,tw,Taiwan,top_songs_weekly,,40,https://yt3.googleusercontent.com/VGf2lFXKQdSyrz2g3Czj66doPtUxvJBrWDK6UFeOj8zRqS-tgs_D8FG5-8pYTX-Uh9FxZBDJIXtN1nKF=w180-h180-l90-rj,4 IRIS OUT 米津玄師,,"9月 14, 2025",185184,"40 4 IRIS OUT 米津玄師 9月 14, 2025 36 16 185,184"
2026-08-10,tw,Taiwan,top_songs_weekly,,41,https://yt3.googleusercontent.com/D_EBcvV_RhBFbr1aHVP2Fpbk7llVEpgIAOI95cOn0-5tP7MnntPBp8ihMutvFB1kZThtVWoG1noPtseY=w180-h180-s-l90-rj,11 浪人的… 張震嶽,,"5月 11, 2025",183840,"41 11 浪人的… 張震嶽 5月 11, 2025 30 6 183,840"
2026-08-10,tw,Taiwan,top_songs_weekly,,42,https://yt3.googleusercontent.com/wD3mauH_tBTmRaotgPoKn6CB-IPXVpQHWY1uuiKOmDWWzMj6w0tgD_SBCoGAE9mPNqC3IrhXDdXVDj6J=w180-h180-l90-rj,Hard to say Karencici,,,,Hard to say Karencici
2026-08-10,tw,Taiwan,top_songs_weekly,,43,https://yt3.googleusercontent.com/B_WiguVEHxyMzC9paQWKpkNwp-SQVlqm0LRjSVvP57InXfKxrWaYYsOg8KTXYrgFO9_1qkVpy7r6goM=w180-h180-l90-rj,Thinking of Someone 曾沛慈,,,,Thinking of Someone 曾沛慈
2026-08-10,tw,Taiwan,top_songs_weekly,,44,https://yt3.googleusercontent.com/q9vnbwdvr4hWBB3Q80l83xzUn9LXXyW7TxArA1fGpHba57SrIo8C3VlcAycsJVc92IaAdZmU34ylfi_a=w180-h180-l90-rj,17 GG EZ M.Sasuke,,"5月 27, 2026",175207,"44 17 GG EZ M.Sasuke 5月 27, 2026 61 6 175,207"
2026-08-10,tw,Taiwan,top_songs_weekly,,45,https://yt3.googleusercontent.com/IX-QEr9pFD41clJP-q_Yg462m02Ni_6PjBQ9TpaGtzb4sT0eH1ZC6dy_ZxcqVIEZF9ipY9FgIirPJPh6=w180-h180-l90-rj,"ICONIC BY MISTAKE LE SSERAFIM , ILLIT & KATSEYE",,,,"ICONIC BY MISTAKE LE SSERAFIM , ILLIT & KATSEYE"
2026-08-10,tw,Taiwan,top_songs_weekly,,46,https://yt3.googleusercontent.com/_mqt5acHFe8rZS-NF3KSARL8veAZZsCexzTyu5NnC8Jr3grBhO58W3YIIvw4nPh7YrSs07tMzoIsjUA=w180-h180-l90-rj,3 Alone A,Lin,"6月 11, 2026",172311,"46 3 Alone A-Lin 6月 11, 2026 43 8 172,311"
2026-08-10,tw,Taiwan,top_songs_weekly,,47,https://yt3.googleusercontent.com/NGRpTBuhzFfsExxHqif6afpHZYiQV-Bl_nb55_7zskBAoIjn653TgXxUXyMu-FUPEIF5aveFtwqocL8=w180-h180-l90-rj,6 Yu Ai 楊丞琳,,"12月 29, 2009",170837,"47 6 Yu Ai 楊丞琳 12月 29, 2009 41 5 170,837"
2026-08-10,tw,Taiwan,top_songs_weekly,,48,https://yt3.googleusercontent.com/mYz2Cn6-R8NS7bqz4oBgJSQW4-NfGX0ujzkLzJXm_vkcjhfG6IH0etQq9LeCSxZfI-wlHJdQElWGiqU=w180-h180-l90-rj,我還是愛著你 (I still love you) MP魔幻力量,,,,我還是愛著你 (I still love you) MP魔幻力量
2026-08-10,tw,Taiwan,top_songs_weekly,,49,https://yt3.googleusercontent.com/3T-9QCKvZ6etaiDhX-2WSpd5z5Y3X84ND9TNX944mQR_kimjTFAqe2a69BUvHqcW8nRcOdNbu4n-U80Yvw=w180-h180-l90-rj,25 Animal KATSEYE,,"7月 24, 2026",169367,"49 25 Animal KATSEYE 7月 24, 2026 24 2 169,367"
2026-08-10,tw,Taiwan,top_songs_weekly,,50,https://yt3.googleusercontent.com/LwhLrw9UqqocR5KTVg_JhAYHWOoARkHIBr9wMXa3tl8UwTKM9ZViO17_QqY-XTKy_SsZ-ttuXAdRAlY=w180-h180-l90-rj,Angel's Touch 艾薇,,,,Angel's Touch 艾薇
2026-08-10,tw,Taiwan,top_songs_weekly,,51,https://yt3.googleusercontent.com/7JoR5byTBP9EBVnL8JkSVy198KSf0E7CLt5SYPW4738ARMVTQScttk_FaQ-xoISSU6gdF_TRhj8roDEX9w=w180-h180-l90-rj,一念 張紫寧、A,Lin & 李鑫一,,,一念 張紫寧、A-Lin & 李鑫一
2026-08-10,tw,Taiwan,top_songs_weekly,,52,https://yt3.googleusercontent.com/9Q88K7nPgCsVgnl1pSN9jlOSnALIn5KEUA6VMW43Ruwah7IXlfB-GVImW3x2sjmXgkl6D-fcngtu5lst=w180-h180-l90-rj,KISS N TELL aespa,,,,KISS N TELL aespa
2026-08-10,tw,Taiwan,top_songs_weekly,,53,https://i.ytimg.com/vi/hm7Qw3yKclg/default.jpg,王晴,還是錯過他『我們熬過幾個冬夏還是錯過啊，我為你犯的傻 你會不會講給她。』【高音質 動態歌詞Lyrics】♫ 王晴 & Serena Wang,,,王晴 - 還是錯過他『我們熬過幾個冬夏還是錯過啊，我為你犯的傻 你會不會講給她。』【高音質|動態歌詞Lyrics】♫ 王晴 & Serena Wang
2026-08-10,tw,Taiwan,top_songs_weekly,,54,https://yt3.googleusercontent.com/R2phjvf8TdlifQuLnoXC1uiTtdTL-Xs_xex7piT-lymLe6nRWZbIKrFAeU7q6L1FdDAjGOkh5u_gly3R6w=w180-h180-l90-rj,浪流連 茄子蛋,,"9月 17, 2018",163189,"54 New 浪流連 茄子蛋 9月 17, 2018 - 1 163,189"
2026-08-10,tw,Taiwan,top_songs_weekly,,55,https://yt3.googleusercontent.com/Kctm2l61Bt1WE83MrNMFLn5IPQg536dMkPptDB6DAKExVlxyf60GhVtsNPiiOVdatRoEsvFMPwgjhtI=w180-h180-l90-rj,6 如果我很平庸 陳華,,"5月 7, 2026",157746,"55 6 如果我很平庸 陳華 5月 7, 2026 49 9 157,746"
2026-08-10,tw,Taiwan,top_songs_weekly,,56,https://yt3.googleusercontent.com/YkvS9w9qjAQVh6blDe7EkxYqf1-6F6rCvoAMW3Eb2zugEbupvK15H8MZ6-YZeNx3B1W3qqa-QkEu-0k=w180-h180-l90-rj,14 一樣的月光 徐佳瑩,,"5月 29, 2009",154937,"56 14 一樣的月光 徐佳瑩 5月 29, 2009 42 16 154,937"
2026-08-10,tw,Taiwan,top_songs_weekly,,57,https://yt3.googleusercontent.com/IBwK4LOs4sO-Cd-_5YO4XC2B2N1hvyBvKfr60tT_ljIuwmOuVWWW2NypbcvzKgScVAbRsWEYbmsjfcm2cw=w180-h180-l90-rj,Sunflower Post Malone & Swae Lee,,,,Sunflower Post Malone & Swae Lee
2026-08-10,tw,Taiwan,top_songs_weekly,,58,https://yt3.googleusercontent.com/bMQLAiYFfeh4rRtPoMKMYJLpk9giBfDjoAnHCBsGh4EhuR-5eVjf9UUEg-cgC0cqEPwUIW3AU7R7jtWqCw=w180-h180-l90-rj,Heavy Serenade NMIXX,,,,Heavy Serenade NMIXX
2026-08-10,tw,Taiwan,top_songs_weekly,,59,https://yt3.googleusercontent.com/T6fJFX5iqIMZSRGM7EFLyj72Zup895Yjgh5-SVKJRlDw6qIxJpr8HoFtOgcRjFftcyKCxIg74PA6rQyP=w180-h180-l90-rj,捨不得又沒資格 Lei Chei,,,,捨不得又沒資格 Lei Chei
2026-08-10,tw,Taiwan,top_songs_weekly,,60,https://i.ytimg.com/vi/lMhYfoMu2NA/default.jpg,雨是神的烟花（雨是神明赐在世间的烟花） 歪歪超,,,,雨是神的烟花（雨是神明赐在世间的烟花） 歪歪超
2026-08-10,tw,Taiwan,top_songs_weekly,,61,https://yt3.googleusercontent.com/0j48kODaYXjbEAyJ8gNanOJRh0Sq276LWDn7UcXOppN-HM-f3Kssc6MKQNUj6L29qngoPYfQBt--__OK9w=w180-h180-l90-rj,我不该动情 (藏语男女合唱版) 万能和弦,,,,我不该动情 (藏语男女合唱版) 万能和弦
2026-08-10,tw,Taiwan,top_songs_weekly,,62,https://yt3.googleusercontent.com/sYmiMIdJAVZwkPluf8yQMI4qxuuZrU1OLOiwNEEgV1z7q6JhNQ_m7TqJbcxioiywmvBLuOJFK4YAgUnk=w180-h180-l90-rj,40 NORMAL 防彈少年團,,"3月 20, 2026",146511,"62 40 NORMAL 防彈少年團 3月 20, 2026 22 3 146,511"
2026-08-10,tw,Taiwan,top_songs_weekly,,63,https://yt3.googleusercontent.com/ugpyRxhD8Nqn2Jrvh3w0dxJXZGysSSBCB3INhfSh8ufeiy5YL8ZRL8lyfiLHoo6Lu1_lqm7umyX9MQ2Q=w180-h180-l90-rj,BOOMPALA LE SSERAFIM,,,,BOOMPALA LE SSERAFIM
2026-08-10,tw,Taiwan,top_songs_weekly,,64,https://yt3.googleusercontent.com/AhK3o07HdRpZNMz8nbPyKrFhwvdTGLJzx07UeIdaqdMDZpW-T0jlbAKD1wUlS-H4s6hw_F0cTbSDkyEx=w180-h180-l90-rj,Baby (feat. Ludacris) Justin Bieber,,,,Baby (feat. Ludacris) Justin Bieber
2026-08-10,tw,Taiwan,top_songs_weekly,,65,https://yt3.googleusercontent.com/LJPpPQrnMWzOsCv_S25YcT6299E6zhUGTHhRWwYrcm0OBmWmSuDqSt9tIgnUR8GI33R6YT2DMKKjte_c=w180-h180-l90-rj,帶我去找夜生活 告五人,,"12月 14, 2019",142158,"65 New 帶我去找夜生活 告五人 12月 14, 2019 - 1 142,158"
2026-08-10,tw,Taiwan,top_songs_weekly,,66,https://yt3.googleusercontent.com/iQvesTkRBWSyBNrSPLLQVGkjci2_CpSzqSnDgTbOlzAJ4sVYjL4MtymfZmvp6EHmnx3JKeaoEoN6a95T=w180-h180-l90-rj,13 我甘願重新愛過 玖壹壹,,"5月 19, 2026",141448,"66 13 我甘願重新愛過 玖壹壹 5月 19, 2026 53 12 141,448"
2026-08-10,tw,Taiwan,top_songs_weekly,,67,https://yt3.googleusercontent.com/Qi5xKwqgTOdzkTICc2X2oED57SS6jzh7SdhlL83CFUsbOZvyqQ-2_eN09LTb5-xKlxDeQQiO6Q8L9lE=w180-h180-l90-rj,我期待的不是雪 (而是有你的冬天) 张妙格,,,,我期待的不是雪 (而是有你的冬天) 张妙格
2026-08-10,tw,Taiwan,top_songs_weekly,,68,https://yt3.googleusercontent.com/pKS6XrVa0gA6jTwS4x8akgw2lzJjATEu6jJT8sJSoBIuoRkche0a5Iv208IX8hvLh4dPrbPlTmKLHZAfsQ=w180-h180-l90-rj,Gimme Dat Love (G)I,DLE,,,Gimme Dat Love (G)I-DLE
2026-08-10,tw,Taiwan,top_songs_weekly,,69,https://yt3.googleusercontent.com/2OUpQNjY58jQq1STwHz2CRClwWkzhCCKtSBo6SC2N78LAMmFaXJdSGkUENX7yw0g2CpCQ3RjejB_Fj4=w180-h180-l90-rj,Life Goes On Oliver Tree,,,,Life Goes On Oliver Tree
2026-08-10,tw,Taiwan,top_songs_weekly,,70,https://yt3.googleusercontent.com/kVQ2_2EjuzjFwJ-IcXacVJhIYcWjohJ8idYt375UEw2zaiFXXP0MRfF02JyqbgSSqdtnklvjoVFs6LLsQQ=w180-h180-l90-rj,MOTION (feat. Juicy J) CORTIS,,,,MOTION (feat. Juicy J) CORTIS
2026-08-10,tw,Taiwan,top_songs_weekly,,71,https://yt3.googleusercontent.com/p5hEmkenBTRI5D41OZ_qNFeF33BWXhtK_5s6-Vfk7qjhCKG4P18sXrhC8nEDGddUhaOd6PEIUuhOQCQy=w180-h180-l90-rj,夢醒時分 伍佰 & China Blue,,,,夢醒時分 伍佰 & China Blue
2026-08-10,tw,Taiwan,top_songs_weekly,,72,https://yt3.googleusercontent.com/07Q5ytbep2wk_QJ7VIjyU-oznpiJwySJ4Nvera6_vV9ffdJq6Y1f62lSDfWHgp127y9aPC9Qu9ehV4SpsA=w180-h180-l90-rj,12 小半 陳粒,,"8月 1, 2018",124367,"72 12 小半 陳粒 8月 1, 2018 60 12 124,367"
2026-08-10,tw,Taiwan,top_songs_weekly,,73,https://i.ytimg.com/vi/V0XUd8f2pz8/default.jpg,"飞鸟和蝉 任然 , 王健 & 陈乐耕",,,,"飞鸟和蝉 任然 , 王健 & 陈乐耕"
2026-08-10,tw,Taiwan,top_songs_weekly,,74,https://yt3.googleusercontent.com/7h0AlBNftIji1nro-rDbTpMaBbBzWb41ekxxkKMXlk_d7VTQUtzh1yicu2oE4OFbyCnQtgW3tKPE8KQ=w180-h180-l90-rj,至少我還記得 (At Least I Remember) 周興哲,,,,至少我還記得 (At Least I Remember) 周興哲
2026-08-10,tw,Taiwan,top_songs_weekly,,75,https://yt3.googleusercontent.com/uzWXzMVvfVRPrc1DXeZ2iapU-lkD8JfjwKIt7V5e6evDW9n2VkMz9wkTLLV3V2bkxa4SI6jqiAat690=w180-h180-l90-rj,啟程 啟程合唱小組,,"8月 4, 2022",123430,"75 New 啟程 啟程合唱小組 8月 4, 2022 - 1 123,430"
2026-08-10,tw,Taiwan,top_songs_weekly,,76,https://yt3.googleusercontent.com/qOgEcdAyumI9jcqu_Du3YVq_b6w3yoPzGPFnCPN_zjw8k0FH_a1vNmEhRgGyaiQDKBDRej5XzblASUo=w180-h180-l90-rj,Haaland (Ha Ha Ha) CTID,,,,Haaland (Ha Ha Ha) CTID
2026-08-10,tw,Taiwan,top_songs_weekly,,77,https://i.ytimg.com/vi/afSgBNwmZrQ/default.jpg,petal Ariana Grande,,,,petal Ariana Grande
2026-08-10,tw,Taiwan,top_songs_weekly,,78,https://yt3.googleusercontent.com/LIhLiLMD9G0rB_2HKskD001K_DMV_obpy1rMgkVVfzkJOTyv55V_g9_sj3epMJCJMS1H2R5kjQRC7vKr=w180-h180-s-l90-rj,遇見 (Encounter) 孫燕姿,,,,遇見 (Encounter) 孫燕姿
2026-08-10,tw,Taiwan,top_songs_weekly,,79,https://yt3.googleusercontent.com/fRSFMXHsB2vcvpNmsdO1kj80-k7G0R9obSJJDUvIBcpbbheaazlANb2eQO1uW1uPrDwFVKv1YmIYqfMHzg=w180-h180-l90-rj,小妹別慌 (台中市押韻) 徐晧程,,,,小妹別慌 (台中市押韻) 徐晧程
2026-08-10,tw,Taiwan,top_songs_weekly,,80,https://yt3.googleusercontent.com/sYmiMIdJAVZwkPluf8yQMI4qxuuZrU1OLOiwNEEgV1z7q6JhNQ_m7TqJbcxioiywmvBLuOJFK4YAgUnk=w180-h180-l90-rj,9 SWIM 防彈少年團,,"3月 20, 2026",116291,"80 9 SWIM 防彈少年團 3月 20, 2026 71 16 116,291"
2026-08-10,tw,Taiwan,top_songs_weekly,,81,https://yt3.googleusercontent.com/dRlaTgoHWUdELTeurJvgchp3ytxMThiICr5kNWkKHCIHePvtyOUYj6bSakEtDtDb2TGazjnPGjULUogrlw=w180-h180-l90-rj,81 无人之岛 任然,,"8月 31, 2017",115540,"81 81 无人之岛 任然 8月 31, 2017 - 3 115,540"
2026-08-10,tw,Taiwan,top_songs_weekly,,82,https://yt3.googleusercontent.com/dg3C1N2lzwMjd_wA_TxabQGMkE06gAf4baUeQ9zj2a47hZeWhtg78qH9rlmHmJXsm3tKYigbVQANqY9AUw=w180-h180-l90-rj,別戀 派偉俊,,"7月 30, 2026",114942,"82 New 別戀 派偉俊 7月 30, 2026 - 1 114,942"
2026-08-10,tw,Taiwan,top_songs_weekly,,83,https://yt3.googleusercontent.com/ccP5m_tooARZjefQAO01F0YwtATlNGODcptN1x88SZOcL0P0eoqqIBn6Xa4I6Tgwrn38mxbAiWSxjJE=w180-h180-l90-rj,16 colors Gareth.T,,"5月 5, 2025",114051,"83 16 colors Gareth.T 5月 5, 2025 67 8 114,051"
2026-08-10,tw,Taiwan,top_songs_weekly,,84,https://yt3.googleusercontent.com/pc4L4fZ3obMdnUDwE1Lg02mycMDrkI_JYHAfu_DDMYGgXAiKUkiwpxwwTEEO3Y_hP_rEowX7PGs_We-P=w180-h180-l90-rj,GUT GENUG (feat. Blumengarten & 希琳·大衛) KITSCHKRIEG,,,,GUT GENUG (feat. Blumengarten & 希琳·大衛) KITSCHKRIEG
2026-08-10,tw,Taiwan,top_songs_weekly,,85,https://yt3.googleusercontent.com/bCUH2XGi-Yu98D6S8um9T8uf7SduLzeWvPtaW7uxgGYBk5V6z4upIEaRak-1hXhSyW8iQFh6JxRRjtQ=w180-h180-l90-rj,17 爱的可能 大头针,,"5月 6, 2026",112092,"85 17 爱的可能 大头针 5月 6, 2026 68 7 112,092"
2026-08-10,tw,Taiwan,top_songs_weekly,,86,https://yt3.googleusercontent.com/pN5JWw-e5ZrAnRH8ffesyQTLpuV4Nwcq21e1UfsMgQna0pVWQGcSXzCHvRCp1W7k5mHoPu4wvWklTZQ=w180-h180-l90-rj,NOT CUTE ANYMORE ILLIT,,,,NOT CUTE ANYMORE ILLIT
2026-08-10,tw,Taiwan,top_songs_weekly,,87,https://yt3.googleusercontent.com/Y4N55H9HJfZcOXTSoI-toJyMWQnfnVeTFFXowZU3ZSMK9ZYkkPHlBFMOSn47XMM3fX1EU5cBfJZaLfHN=w180-h180-l90-rj,7 最後的歹勢 玖壹壹,,"12月 29, 2022",110731,"87 7 最後的歹勢 玖壹壹 12月 29, 2022 80 8 110,731"
2026-08-10,tw,Taiwan,top_songs_weekly,,88,https://yt3.googleusercontent.com/8sJKBe_mBWkrABdjCO0EJQAxcBNEZRIqLlTSQVXSFUEtq2gRKXI6JZkr88AKOR4yo-mx_hFwDBI6ruHQ=w180-h180-l90-rj,● 我在梦里与你再相见 白雪儿,,"3月 20, 2026",109796,"88 ● 我在梦里与你再相见 白雪儿 3月 20, 2026 88 4 109,796"
2026-08-10,tw,Taiwan,top_songs_weekly,,89,https://yt3.googleusercontent.com/g7PNXxOeBil__8Mh6tsgR0KdtqLjUdWMJu8qv5LhbDQmjQZtLgtIDyzr0D10mQ1XvIKZo-fV3N-MCa8O=w180-h180-l90-rj,19 I Do 周杰倫,,"3月 24, 2026",109514,"89 19 I Do 周杰倫 3月 24, 2026 70 16 109,514"
2026-08-10,tw,Taiwan,top_songs_weekly,,90,https://yt3.googleusercontent.com/Wzz0WM5x_bqt9yHxXusJPDHFiBT7Enyz540b3G0vszZIFdFlyFNZEjrYbzpwHQu9bMFpVUchzs5Mtq2x=w180-h180-l90-rj,Hot Limit T.M.Revolution,,,,Hot Limit T.M.Revolution
2026-08-10,tw,Taiwan,top_songs_weekly,,91,https://yt3.googleusercontent.com/W7Un8lWNOjj3MVgksGNNmmVMDI9MXWyg7-gg2wZZUfNlgAGLWGIgjEy6-TYoO52YotD7p_DArEW-It0Obw=w180-h180-s-l90-rj,14 開始懂 孫燕姿,,"12月 7, 2000",107748,"91 14 開始懂 孫燕姿 12月 7, 2000 77 12 107,748"
2026-08-10,tw,Taiwan,top_songs_weekly,,92,https://yt3.googleusercontent.com/MnEocnx4vhU8JFgbDnNZGDq9Np7e4Osn7sntVIrFOzOHt4AlOFJgt-fHSQu34bl8Wfsccv65w8IvpyeHJw=w180-h180-l90-rj,Switchblade (feat. Ty Dolla $ign) aespa,,,,Switchblade (feat. Ty Dolla $ign) aespa
2026-08-10,tw,Taiwan,top_songs_weekly,,93,https://yt3.googleusercontent.com/EpKQWf95qlqu77zvhOeTml-OHiLXx8MUT7Sf5e2gnKDsSbUdlh7zr5q15kuo8ArwkBCWvol5XLcq8YTLUg=w180-h180-l90-rj,18 雲中月圓 王識賢 & 孫淑媚,,"10月 18, 2006",107513,"93 18 雲中月圓 王識賢 & 孫淑媚 10月 18, 2006 75 14 107,513"
2026-08-10,tw,Taiwan,top_songs_weekly,,94,https://yt3.googleusercontent.com/kMiEehzq-tx9XdXutDMXkeAUNQop8p25OeqFpsrfuAgiEi6HbZJZhnQVrV0c6fh_qyhaBBf6StwE88xV=w180-h180-l90-rj,忽远忽近 九姨太,,"5月 19, 2023",107346,"94 New 忽远忽近 九姨太 5月 19, 2023 - 1 107,346"
2026-08-10,tw,Taiwan,top_songs_weekly,,95,https://yt3.googleusercontent.com/fnMOZWLS7jSsoYkSPdG5MqngvqRRjVfHolsmVC9ENzgpIO6nsNnM0jx6c-0OFuFWmLs4NiyGONOiq9U=w180-h180-l90-rj,3 Super Daddy 健志,,"7月 27, 2026",107049,"95 3 Super Daddy 健志 7月 27, 2026 92 2 107,049"
2026-08-10,tw,Taiwan,top_songs_weekly,,96,https://yt3.googleusercontent.com/BMfwuvvMLeiiYe1WtdbV9hBKkzEupwlwKccsxdY4DStHDxEJsDYChV-WTiZWw5FFUdv_rpmcx7ZrMA=w180-h180-l90-rj,The Other Side Of Paradise Glass Animals,,,,The Other Side Of Paradise Glass Animals
2026-08-10,tw,Taiwan,top_songs_weekly,,97,https://yt3.googleusercontent.com/qB98Zl1-LlrYRXQA0yAN35DWVhbkJz-VLOzrjMtXy46Y7dL0yrffaFzD1RqYzkhDsYugP6cLa4RSq1UfUQ=w180-h180-l90-rj,我的歌声里 曲婉婷,,"1月 1, 2012",106559,"97 New 我的歌声里 曲婉婷 1月 1, 2012 - 1 106,559"
2026-08-10,tw,Taiwan,top_songs_weekly,,98,https://yt3.googleusercontent.com/WCfeMs9uAt58gI4dNby_UGSEudnyicFbLqeZhYOjNpgkVo4FbmaXaowIm2fmVWxqJ-R4Egr0K3-V9ku4=w180-h180-l90-rj,17 家家酒 家家,,"12月 30, 2016",105951,"98 17 家家酒 家家 12月 30, 2016 81 2 105,951"
2026-08-10,tw,Taiwan,top_songs_weekly,,99,https://yt3.googleusercontent.com/xO-zGI-3yLsd_lWkHefZVIUHY_GVGbVfy6IsaEMUdJoc-UymoaR2iaJOYlBrsUKdUMau_z2aT4dyyfBA=w180-h180-l90-rj,不在乎 icyball 冰球樂團,,,,不在乎 icyball 冰球樂團
2026-08-10,tw,Taiwan,top_songs_weekly,,100,https://i.ytimg.com/vi/KV_ilqucA_E/default.jpg,葉柔 Daria Yeh【晚香玉 Reflection】Live Session 葉柔,,,,葉柔 Daria Yeh【晚香玉 Reflection】Live Session 葉柔
2026-08-10,jp,Japan,top_songs_weekly,,1,https://yt3.googleusercontent.com/XgS_SPt-MqOiGbJUk-lzy-I83kOKLhy0t486ZRYRABteg3g8QcCJcgaWAme0wYLxuESlbdv7lP5GoCQc=w180-h180-l90-rj,Brand New Mrs. GREEN APPLE,,,,Brand New Mrs. GREEN APPLE
2026-08-10,jp,Japan,top_songs_weekly,,2,https://yt3.googleusercontent.com/3RNsv7dNTYSBpuSWmpWM6PiYgQAaCXKvi8ION2AH2OaQHc-vW5-rJW4PqztU9XGaX-5z3sMc5RMTMc8n=w180-h180-l90-rj,1 It's Me ILLIT,,"4月 23, 2026",4280875,"2 1 It's Me ILLIT 4月 23, 2026 3 15 4,280,875"
2026-08-10,jp,Japan,top_songs_weekly,,3,https://yt3.googleusercontent.com/EsTVxZWnPqCU5oalIs492UmiVQLsg66BhJsmIPVXRboF6wUkiQpTpVV8VThBDxp7Myx9E7JfWixyS7j8jw=w180-h180-l90-rj,1 好きすぎて滅！ M!LK,,"10月 26, 2025",3910135,"3 1 好きすぎて滅！ M!LK 10月 26, 2025 2 41 3,910,135"
2026-08-10,jp,Japan,top_songs_weekly,,4,https://yt3.googleusercontent.com/LZ8HaiEreF7ZMDItie1g7qHYv1wAOfSHbaWCYXx1NiWOiabSl7jXLIQo99F2ZLK3_aB4XE4n7HuXeDM=w180-h180-l90-rj,罪と罰と雨とキス M!LK,,"8月 2, 2026",3804794,"4 New 罪と罰と雨とキス M!LK 8月 2, 2026 - 1 3,804,794"
2026-08-10,jp,Japan,top_songs_weekly,,5,https://yt3.googleusercontent.com/f9lxXT-vZS7et6eba46HugTyEmHipxZO4mgFKt4IhX-njwUu2MKB9huUKXoTLVqaXqXn6qoqjazzIRsK2A=w180-h180-l90-rj,1 爆裂愛してる M!LK,,"2月 8, 2026",3324756,"5 1 爆裂愛してる M!LK 2月 8, 2026 6 26 3,324,756"
2026-08-10,jp,Japan,top_songs_weekly,,6,https://yt3.googleusercontent.com/Wzz0WM5x_bqt9yHxXusJPDHFiBT7Enyz540b3G0vszZIFdFlyFNZEjrYbzpwHQu9bMFpVUchzs5Mtq2x=w180-h180-l90-rj,Hot Limit T.M.Revolution,,,,Hot Limit T.M.Revolution
2026-08-10,jp,Japan,top_songs_weekly,,7,https://yt3.googleusercontent.com/clwFNHaSR_HIJ87iSODiSkT135H8rFBWKLG3J5p6uModIApxycO3vYoRCsGOANbZcbPf51ljpGc8mKw=w180-h180-l90-rj,エアロピクルス KomeAnime,,,,エアロピクルス KomeAnime
2026-08-10,jp,Japan,top_songs_weekly,,8,https://yt3.googleusercontent.com/--dS0_9xMXyIFWStFbsQ0jah-zJzKj59hS4qg1kOFNSSbyJsRja0Unk_gmd3qjbRjRAO_EHbUdBQwaM=w180-h180-l90-rj,You!Joy!Parade! M!LK,,,,You!Joy!Parade! M!LK
2026-08-10,jp,Japan,top_songs_weekly,,9,https://yt3.googleusercontent.com/VGf2lFXKQdSyrz2g3Czj66doPtUxvJBrWDK6UFeOj8zRqS-tgs_D8FG5-8pYTX-Uh9FxZBDJIXtN1nKF=w180-h180-l90-rj,1 IRIS OUT 米津玄師,,"9月 14, 2025",2412004,"9 1 IRIS OUT 米津玄師 9月 14, 2025 8 47 2,412,004"
2026-08-10,jp,Japan,top_songs_weekly,,10,https://yt3.googleusercontent.com/vMjo6Hfk7pZPrHh7KB_lo-nkP5wG-eKr6Q_wDgeAiMBudOarYYSOHISXE1zTH94Z47dSibClOxyX1YvxJA=w180-h180-s-l90-rj,3 夜の踊り子 魚韻,,"8月 28, 2012",2244905,"10 3 夜の踊り子 魚韻 8月 28, 2012 7 17 2,244,905"
2026-08-10,jp,Japan,top_songs_weekly,,11,https://yt3.googleusercontent.com/pi5QDwxz6w2nNShQqq_Hfgz17GISa97pP7pNbc7EwjBbkD1SF4L3uaHfarQT--6nnqPO0LmumW1YuBv0=w180-h180-l90-rj,Yes! 東京 EBiDAN Ebisu Gakuen Boys Club,,,,Yes! 東京 EBiDAN Ebisu Gakuen Boys Club
2026-08-10,jp,Japan,top_songs_weekly,,12,https://yt3.googleusercontent.com/PBruSV3OikSzyaJIcdeBzyklyWXkIjxxEuwdUngOSKWdoZfRCku7rx7ykbGAle9e9KbF_ALfDH0ys24=w180-h180-l90-rj,BRUCE WAYNE (feat. Flo Milli & ATL Jacob) BE:FIRST,,,,BRUCE WAYNE (feat. Flo Milli & ATL Jacob) BE:FIRST
2026-08-10,jp,Japan,top_songs_weekly,,13,https://yt3.googleusercontent.com/Rf8A6XhWrkgM_EI0WTVqMBYIxT2sdvhzPRJ0dcKh4mx9d3J7WsIovsSKrHuOzgG3H4iUoDX-LkzemE2Z8w=w180-h180-l90-rj,8 夜鷹 米津玄師,,"7月 12, 2026",1861170,"13 8 夜鷹 米津玄師 7月 12, 2026 21 4 1,861,170"
2026-08-10,jp,Japan,top_songs_weekly,,14,https://yt3.googleusercontent.com/QQwTRL1ash-w0QC49tLqjkpB4KGBQ7jn2ylMi7dt0_S6x23SsBedjICiRK0w03DFCfG2wOAAbBU1p3sKwg=w180-h180-l90-rj,GO GHOST King Gnu,,,,GO GHOST King Gnu
2026-08-10,jp,Japan,top_songs_weekly,,15,https://yt3.googleusercontent.com/F_g3-hPfox6ELZQ9PPDIjekl5PaxxHizEW-8mC3g2PxyL7FNg_31H0cHZN_JoYwJmIFGo1UJ39MDD9ueXQ=w180-h180-l90-rj,3 烏,Raven 米津玄師,"6月 14, 2026",1616498,"15 3 烏 - Raven 米津玄師 6月 14, 2026 12 8 1,616,498"
2026-08-10,jp,Japan,top_songs_weekly,,16,https://yt3.googleusercontent.com/FW_0tTP7sm5khu3_GuXulxLaqyJZlruwEfWTfC9WxNwlzlBN7m2qAhaBrzoAkY_Q16tbs9Ncf2G7QxVS=w180-h180-l90-rj,3 アイドルパワー M!LK,,"4月 26, 2026",1600945,"16 3 アイドルパワー M!LK 4月 26, 2026 13 15 1,600,945"
2026-08-10,jp,Japan,top_songs_weekly,,17,https://i.ytimg.com/vi/JofSrfFV4Kw/default.jpg,16 グッタイム Snow Man,,"7月 5, 2026",1470363,"17 16 グッタイム Snow Man 7月 5, 2026 1 5 1,470,363"
2026-08-10,jp,Japan,top_songs_weekly,,18,https://yt3.googleusercontent.com/3A05TxPVW6CPEsArFaULyGm74BgnUzZds3SyI6vnRPTcx2T2ij8MJiNSn2iqNB3VvoiHfd54VR-rVjMO=w180-h180-l90-rj,I Got Your Back ILLIT & HANA,,,,I Got Your Back ILLIT & HANA
2026-08-10,jp,Japan,top_songs_weekly,,19,https://yt3.googleusercontent.com/9cQs0KduSbofVVmYFSG9QnSQ3yW_i_eJTQAH994ARIepsHLladdifzDoQO1oIe7oSxaADTS1ffcVVxshxQ=w180-h180-l90-rj,lulu. Mrs. GREEN APPLE,,,,lulu. Mrs. GREEN APPLE
2026-08-10,jp,Japan,top_songs_weekly,,20,https://yt3.googleusercontent.com/hupg9jwXRD_bYZ16qkzCXR3B_ldNn6xqlmcayLXNSxKVejFdsbkJPColBbGdI4P_7HxqDB9k95k-HZz0=w180-h180-l90-rj,2 AIZO King Gnu,,"1月 8, 2026",1347079,"20 2 AIZO King Gnu 1月 8, 2026 18 30 1,347,079"
2026-08-10,jp,Japan,top_songs_weekly,,21,https://yt3.googleusercontent.com/6UduEkejx-BNk54bRNT6VF63EpsrueamCorCZEP3k8JyvjkMJHqy2L9LONs0gx74TjK9N8LKG-su05Tz=w180-h180-l90-rj,しおざきわんだーらんど M!LK,,,,しおざきわんだーらんど M!LK
2026-08-10,jp,Japan,top_songs_weekly,,22,https://yt3.googleusercontent.com/OlsyF8L82chwdoVqON-g5H3BsEEgA0zSIYU_6SIZgMtLe0QzZPxzno91C6zJktuon6rjAv_UbmggkO_vyQ=w180-h180-l90-rj,5 BAD ATEEZ,,"5月 22, 2026",1331154,"22 5 BAD ATEEZ 5月 22, 2026 27 4 1,331,154"
2026-08-10,jp,Japan,top_songs_weekly,,23,https://yt3.googleusercontent.com/JDriZLHHnIGzUJRpTYHFF7xowFxNlY5vcGB-mgAlL1AADjMEs-iYusxM72lXhEeIGwk5BX6GCW6pj10=w180-h180-l90-rj,カリスマックス Snow Man,,,,カリスマックス Snow Man
2026-08-10,jp,Japan,top_songs_weekly,,24,https://yt3.googleusercontent.com/QZ-nCmylj0GrAFhR9RWcawr1iUJZ130eFeJjpY0iQsv_8UbknnQMUlfKrdYX8qMv_Tx5cS7pAMrpILPwrw=w180-h180-l90-rj,愛くださいませ NOT EQUAL ME,,,,愛くださいませ NOT EQUAL ME
2026-08-10,jp,Japan,top_songs_weekly,,25,https://yt3.googleusercontent.com/yUy3L3aSCFlq55ksK9MZfE5ydSsMK9L9cRGMLtk5nP7LlZQ0OKMtN4ozRxV-b7z3otvlYxPHY8NNL6ZCng=w180-h180-l90-rj,Missing BE:FIRST,,,,Missing BE:FIRST
2026-08-10,jp,Japan,top_songs_weekly,,26,https://yt3.googleusercontent.com/Gn65QHGx26uZBC6Xtnn31y8TdqoIKqoa9az2Yw8ThFnA8EpszdJCoaCMbEiRjKa6kvStFWT9SkQHf0M=w180-h180-l90-rj,JANE DOE 米津玄師 & 宇多田光,,,,JANE DOE 米津玄師 & 宇多田光
2026-08-10,jp,Japan,top_songs_weekly,,27,https://i.ytimg.com/vi/TfvYFX06Mes/default.jpg,真夜中のZOO(Live) ACEes,,,,真夜中のZOO(Live) ACEes
2026-08-10,jp,Japan,top_songs_weekly,,28,https://i.ytimg.com/vi/pCgtZuQhv7Y/default.jpg,セレナーデ(Live) natori,,,,セレナーデ(Live) natori
2026-08-10,jp,Japan,top_songs_weekly,,29,https://yt3.googleusercontent.com/2hWC0UZO4iNWZMU3kr9ytZyd2wxXGQ9fBXh7R0BAU_-Vmqx4nraoDgB2d90ZjRS__x7gBubiO90epr0v=w180-h180-l90-rj,4 マイオンリー SixTONES,,"7月 11, 2026",1022292,"29 4 マイオンリー SixTONES 7月 11, 2026 25 4 1,022,292"
2026-08-10,jp,Japan,top_songs_weekly,,30,https://yt3.googleusercontent.com/U3E3FrvzIwVjOOuj3SSki-JKzebNe0ei11FbsLcQpTMg1I9xx1NX5wN52DwJh5E1t4T6AiJZCfssNsU=w180-h180-l90-rj,モエチャッカファイア issey,,,,モエチャッカファイア issey
2026-08-10,jp,Japan,top_songs_weekly,,31,https://yt3.googleusercontent.com/QeXa58C6jVvBwKTzVqJTXAM-7mlEPaynXKvfBYfMUdYeMKg7kRHfrZAsW_ME1iTSqwvMYSb9GuYzJNEo=w180-h180-l90-rj,"島のうた (セイレーンver.) Siren(CV:Suzuki Minori) , Mermaid(CV:Oki Saeko) & Mermaid(CV:Nanase Ayaka)",,,,"島のうた (セイレーンver.) Siren(CV:Suzuki Minori) , Mermaid(CV:Oki Saeko) & Mermaid(CV:Nanase Ayaka)"
2026-08-10,jp,Japan,top_songs_weekly,,32,https://i.ytimg.com/vi/T24rF_x0TmQ/default.jpg,ヤラララ (feat. 重音テト) AnythingBecomeMoe,,,,ヤラララ (feat. 重音テト) AnythingBecomeMoe
2026-08-10,jp,Japan,top_songs_weekly,,33,https://yt3.googleusercontent.com/LT9Be4sdXFh64Jw_sRNzlMOIkAd0yRM-N5GIPBIzx1wfPCWa3c5d83cXNNJbCEiu9P0kCbeMVeR-y1NO=w180-h180-l90-rj,"うさぎラップ (リズム感のある者たちver.) 小澤亞李 , Momonga(CV:Iguchi Yuka) , Mermaid(CV:Oki Saeko) & Mermaid(CV:Nanase Ayaka)",,,,"うさぎラップ (リズム感のある者たちver.) 小澤亞李 , Momonga(CV:Iguchi Yuka) , Mermaid(CV:Oki Saeko) & Mermaid(CV:Nanase Ayaka)"
2026-08-10,jp,Japan,top_songs_weekly,,34,https://yt3.googleusercontent.com/rxcoy6DCAeKprASO-F7qzKfHGJsVMXjLhmrwj71jWcvoWJd9fwpaM0G7LUF7ik_AiVQXwdtrRCP2rXxcyQ=w180-h180-l90-rj,打上花火 Daoko & 米津玄師,,,,打上花火 Daoko & 米津玄師
2026-08-10,jp,Japan,top_songs_weekly,,35,https://yt3.googleusercontent.com/9RSL5x_wGhc-ReyzsHY4wB5Hoe_OxO56YOPDyURbkLwXNP5h6wZ-IslNTvvV0Ob7rlRqU2ozWaJMVa-t=w180-h180-l90-rj,1 Five 嵐,,"3月 3, 2026",899173,"35 1 Five 嵐 3月 3, 2026 34 23 899,173"
2026-08-10,jp,Japan,top_songs_weekly,,36,https://yt3.googleusercontent.com/_RICA9AQMvaw-SLRBVDVF3rLx6pgeXvy2USuFyueQhhMGAVga26n2brDIIbjNkkYW3xv9LyUdav9rWnKvA=w180-h180-l90-rj,1 LEMONADE aespa,,"5月 28, 2026",872222,"36 1 LEMONADE aespa 5月 28, 2026 35 10 872,222"
2026-08-10,jp,Japan,top_songs_weekly,,37,https://i.ytimg.com/vi/Y6kCZTIkQw4/default.jpg,チラチLOVE (Live) M!LK,,,,チラチLOVE (Live) M!LK
2026-08-10,jp,Japan,top_songs_weekly,,38,https://yt3.googleusercontent.com/IpkyLNcDaD_4ttMroN5IWW-dnrPNdkBEuXr1BpufdI956fGgRZC5TAounR7kO90OTypkrgyxvf4wVJLD=w180-h180-l90-rj,キュートなキューたい CUTIE STREET,,,,キュートなキューたい CUTIE STREET
2026-08-10,jp,Japan,top_songs_weekly,,39,https://yt3.googleusercontent.com/TMbA3LImAL96nFkm5cI1x6LiEMvMbRg4IRxEeABd9qpXsfmwKhZHRD1MucnjG5QIsVEp0Vpn7h7M51FH3Q=w180-h180-l90-rj,Shape Of You Ed Sheeran,,,,Shape Of You Ed Sheeran
2026-08-10,jp,Japan,top_songs_weekly,,40,https://yt3.googleusercontent.com/ebaFoRO_bbxsosJAkF3BtDSNZWECnlBMlbxohgDYJI9vZzRvNA9vXl8s4WTJSJ5eHwizKNvWxdu6ICWT=w180-h180-l90-rj,10 真・運命 M!LK,,"6月 16, 2026",841318,"40 10 真・運命 M!LK 6月 16, 2026 50 8 841,318"
2026-08-10,jp,Japan,top_songs_weekly,,41,https://yt3.googleusercontent.com/sX-fVgX5MilQENrtQfiJTMtVBC8kePfNYHneoLirayDWyn_h4a8tmtjCgOiee7L2VDxDpJxHmiFLqHPIEA=w180-h180-l90-rj,BUGS LIFE Number_i,,,,BUGS LIFE Number_i
2026-08-10,jp,Japan,top_songs_weekly,,42,https://yt3.googleusercontent.com/rVCuXgKTY3EbcM0GmU-UMPF9mF_UQXauJpij2dM6tAnUGO-MsmIj7WXsa9DMSfY66CQdDP9zjLaVBtfi-w=w180-h180-l90-rj,5 クエスチョン meiyo,,"11月 29, 2021",805654,"42 5 クエスチョン meiyo 11月 29, 2021 37 10 805,654"
2026-08-10,jp,Japan,top_songs_weekly,,43,https://yt3.googleusercontent.com/-eilz7ECZyuENe8-rdc8QOtsLRpVH4dlEvA9kvthb0uOr0qC7t4qDxzrDCyE6Bmn9Ble9Xyutk7YG4pXww=w180-h180-l90-rj,1 あぶく YORUSHIKA,,"4月 21, 2026",800036,"43 1 あぶく YORUSHIKA 4月 21, 2026 44 15 800,036"
2026-08-10,jp,Japan,top_songs_weekly,,44,https://yt3.googleusercontent.com/tAh0b3-dx80iA1gGjvEij78w0xwsVl23-VpftL4lP3ZXghub-GgZkr3OW4Q_d3X792Sxv11o7imPb9as=w180-h180-s-l90-rj,おつかれSUMMER halcali,,,,おつかれSUMMER halcali
2026-08-10,jp,Japan,top_songs_weekly,,45,https://yt3.googleusercontent.com/vSYEILsfvGwSZU3PuZPU15DX0FRHcWbDnei-30-ZKQmg5XM9QKlL2BpwF9Obuvls9H3YEAMaqcusetE=w180-h180-l90-rj,6 Magnetic ILLIT,,"3月 25, 2024",776926,"45 6 Magnetic ILLIT 3月 25, 2024 51 42 776,926"
2026-08-10,jp,Japan,top_songs_weekly,,46,https://yt3.googleusercontent.com/NEo9zaxeoLox-MlpvFpjWZI72xhXqQwXUaEqkgczmaTa3RCyLEhTcrk01hRXpHOLt9qFxxe64C0l2vSb=w180-h180-l90-rj,センセーション FRUITS ZIPPER,,,,センセーション FRUITS ZIPPER
2026-08-10,jp,Japan,top_songs_weekly,,47,https://yt3.googleusercontent.com/bqJaGXp2M4uGFcoB2uhWsJVU9l6DAK7_RKs-Hv1Q820kjxwC_60OsE445FxmoBA_VWbtXWaOpl8P0UY=w180-h180-l90-rj,HANABI Mr.Children,,,,HANABI Mr.Children
2026-08-10,jp,Japan,top_songs_weekly,,48,https://yt3.googleusercontent.com/osLLG29xKik4jmFCyNzLLfowiS2lH_RoPFcWGMGMG1m3l4KOamUJE8-kEhU-nwoZEpfNEUfg7tU9ps8rnw=w180-h180-l90-rj,5 Kiss Plan M!LK,,"1月 23, 2024",740822,"48 5 Kiss Plan M!LK 1月 23, 2024 53 25 740,822"
2026-08-10,jp,Japan,top_songs_weekly,,49,https://yt3.googleusercontent.com/_72AYxGc5r6U2SwbDvo8qLTx0wLp1bxRAQTSWNZfeZOdP2zf6yHjIAzTZCFILrbz3AvxHqHJdqde56Y=w180-h180-l90-rj,STAY The Kid LAROI & Justin Bieber,,,,STAY The Kid LAROI & Justin Bieber
2026-08-10,jp,Japan,top_songs_weekly,,50,https://yt3.googleusercontent.com/FBsKSRbF9dD9gKsMouEBNIymlDObANdcnZk4Lf_5QgTiq7V3gchHRsBXGgOLgDOOJuGkajoF5K-4qeA=w180-h180-l90-rj,RUDE! Hearts2Hearts,,,,RUDE! Hearts2Hearts
2026-08-10,jp,Japan,top_songs_weekly,,51,https://yt3.googleusercontent.com/CS9aE9fPqjKPhj2VBlDPhTq15nZquoSIiT9W9AKBwnr_kkSKnTTYnHky1HmMLgtIfHzudKSlfqYU88wi=w180-h180-l90-rj,8 怪物 YOASOBI,,"1月 5, 2021",733621,"51 8 怪物 YOASOBI 1月 5, 2021 59 63 733,621"
2026-08-10,jp,Japan,top_songs_weekly,,52,https://yt3.googleusercontent.com/moXpr_lvHpb9m70jTjr-0GE63_VyHivgmyH7UPBJmgwWPHwwmvhxDPPZtdAhCFo7CdzmzIGwBE3cn4VuCQ=w180-h180-l90-rj,Dai Dai Shakira & 伯納男孩,,,,Dai Dai Shakira & 伯納男孩
2026-08-10,jp,Japan,top_songs_weekly,,53,https://yt3.googleusercontent.com/sSicL8DW8R3MvJHZTJXcnpVLePKSVyHRYl-GpBCOWzULQOqRut_C3nd2hpOYkpXFWE2xPIW--qY4hym1TA=w180-h180-l90-rj,53 夜に駆ける YOASOBI,,"11月 16, 2019",707894,"53 53 夜に駆ける YOASOBI 11月 16, 2019 - 63 707,894"
2026-08-10,jp,Japan,top_songs_weekly,,54,https://yt3.googleusercontent.com/CwtUqDJhEnd9U_GyRBTwrRE0lpNwIgw6ugIlJLbP9EC91DKzgWz1WEo3cmcsdDybIEzTkrZaz_hNttJx=w180-h180-l90-rj,MOON BABYMONSTER,,,,MOON BABYMONSTER
2026-08-10,jp,Japan,top_songs_weekly,,55,https://yt3.googleusercontent.com/hqWlRILzRSbqjbjv5gRHjYs_-JdN2T53JJJxddsAC4Q6ZcOm8e9KarCs7_9wsDwFZuTzwuW0e1J1yw=w180-h180-l90-rj,55 ともに WANIMA,,"7月 29, 2016",690398,"55 55 ともに WANIMA 7月 29, 2016 - 71 690,398"
2026-08-10,jp,Japan,top_songs_weekly,,56,https://yt3.googleusercontent.com/QBSfF_JrGV2dj3wudQTGdLOLYEJHPxKEQiLwolguUTLDxO26L_2pIQ6rF580Kum76IMBUWCF_sZfu_A=w180-h180-s-l90-rj,56 マリーゴールド 愛繆,,"9月 11, 2019",689220,"56 56 マリーゴールド 愛繆 9月 11, 2019 - 65 689,220"
2026-08-10,jp,Japan,top_songs_weekly,,57,https://yt3.googleusercontent.com/noVm0LUZPwjmNaIO-rcdu6ThC9ndckyaIf8RHQzJfDIIvlLddCQN-Tgmfk_fhUq8HcovkQf0RqAMB_Z8=w180-h180-l90-rj,16 消えない花火 timelesz,,"6月 25, 2026",680370,"57 16 消えない花火 timelesz 6月 25, 2026 73 6 680,370"
2026-08-10,jp,Japan,top_songs_weekly,,58,https://yt3.googleusercontent.com/cVxZQGN7SXN-74WZ7AS4SOP9djTgFmur6TZUv7FSGXKAWIm2BS7kUezvW52Bhca4HhvN9JB1pJkxd8-Sqw=w180-h180-l90-rj,分かっちゃいないね (feat. 花隈千冬) monet,,,,分かっちゃいないね (feat. 花隈千冬) monet
2026-08-10,jp,Japan,top_songs_weekly,,59,https://yt3.googleusercontent.com/dpzrt0Be-QgnsFsCthKOyiZr2qtISF-Alchw1iTsDMZurkttwFDJhj9fsPI85rXnD1vUFNQVBzPMusDyaA=w180-h180-l90-rj,なんもねえ Wasureranneyo,,,,なんもねえ Wasureranneyo
2026-08-10,jp,Japan,top_songs_weekly,,60,https://yt3.googleusercontent.com/o_lOUtRRIg-IEIN1saq5ajc1EXlOqEd5n_vLu8QDGO_LWzZf_Sa_A93yp0sWlHQGTXf65bayWEgzh_Q4=w180-h180-l90-rj,ただ声一つ Rokudenashi,,,,ただ声一つ Rokudenashi
2026-08-10,jp,Japan,top_songs_weekly,,61,https://yt3.googleusercontent.com/9Q88K7nPgCsVgnl1pSN9jlOSnALIn5KEUA6VMW43Ruwah7IXlfB-GVImW3x2sjmXgkl6D-fcngtu5lst=w180-h180-l90-rj,KISS N TELL aespa,,,,KISS N TELL aespa
2026-08-10,jp,Japan,top_songs_weekly,,62,https://yt3.googleusercontent.com/aEI3zEE2i3X-udsEMPRYmrPvG2VlGrHU4osmuYCEQ0WaAZrfYo_xU_iN8sXjWRnNSu_Ufv9EUgZz6LxQ=w180-h180-l90-rj,1 花火 aiko,,"8月 4, 1999",638149,"62 1 花火 aiko 8月 4, 1999 63 34 638,149"
2026-08-10,jp,Japan,top_songs_weekly,,63,https://yt3.googleusercontent.com/H3BZLd7Bt_cFcVuG0Lw9xiJhx19ANPQXWoYulvbnb0aNTqV2LSmUL-n7PLucd6rGWe2hyGclyP7_AvmnCg=w180-h180-l90-rj,TSUNAMI SOUTHERN ALL STARS,,,,TSUNAMI SOUTHERN ALL STARS
2026-08-10,jp,Japan,top_songs_weekly,,64,https://i.ytimg.com/vi/8OCvkuxnIuw/default.jpg,真夏の果実(Live) SOUTHERN ALL STARS,,,,真夏の果実(Live) SOUTHERN ALL STARS
2026-08-10,jp,Japan,top_songs_weekly,,65,https://yt3.googleusercontent.com/R7pwf7-lcPvK3dxv8jMkUd4SlbVmrM-nZOFEJqnHGLQFBl4lqj1gyeWSFO5X9HZxgUhTh4KM8n0l7j_k=w180-h180-l90-rj,Beat It Michael Jackson,,,,Beat It Michael Jackson
2026-08-10,jp,Japan,top_songs_weekly,,66,https://yt3.googleusercontent.com/Gp9ahTd2nbKC6zcqR49QnYOFVyWXb36p1VzKJjaq0qbkI3IaZJQEjOvgAJBe2DIeTnB2NLCTcAJYtus=w180-h180-l90-rj,OBF Joe Rikiichi,,,,OBF Joe Rikiichi
2026-08-10,jp,Japan,top_songs_weekly,,67,https://yt3.googleusercontent.com/q9vnbwdvr4hWBB3Q80l83xzUn9LXXyW7TxArA1fGpHba57SrIo8C3VlcAycsJVc92IaAdZmU34ylfi_a=w180-h180-l90-rj,67 GG EZ M.Sasuke,,"5月 27, 2026",597575,"67 67 GG EZ M.Sasuke 5月 27, 2026 - 5 597,575"
2026-08-10,jp,Japan,top_songs_weekly,,68,https://yt3.googleusercontent.com/14a6QjIC2_O_GO5U67HMjy55tDcQok8iKJaLe7mjkDF4sBEWIehrgEoKJKouZ86npuRxDJ0b2hMORXbXkw=w180-h180-l90-rj,So Strawberry MAZZEL,,,,So Strawberry MAZZEL
2026-08-10,jp,Japan,top_songs_weekly,,69,https://yt3.googleusercontent.com/qOgEcdAyumI9jcqu_Du3YVq_b6w3yoPzGPFnCPN_zjw8k0FH_a1vNmEhRgGyaiQDKBDRej5XzblASUo=w180-h180-l90-rj,Haaland (Ha Ha Ha) CTID,,,,Haaland (Ha Ha Ha) CTID
2026-08-10,jp,Japan,top_songs_weekly,,70,https://yt3.googleusercontent.com/vxgUuS47YO3xfTmXA86Ivmr6TQ6lRNojyDnAedi3qfrnBuiG6MC1RuGiWTKWGMtqV58Lg1LKBO19ufZO=w180-h180-l90-rj,風と町 Mrs. GREEN APPLE,,,,風と町 Mrs. GREEN APPLE
2026-08-10,jp,Japan,top_songs_weekly,,71,https://yt3.googleusercontent.com/MgO6Idy69BFCLxOd-EGfcnPfeAcaxJ0rgshtav2L_0lpJ2uieN8IJJd2NpfyyMF_I__lBFHi7Jv243b-fQ=w180-h180-l90-rj,BPM (feat. KREVA) Kvi Baba,,,,BPM (feat. KREVA) Kvi Baba
2026-08-10,jp,Japan,top_songs_weekly,,72,https://yt3.googleusercontent.com/TphHpilj9gYUYOh0kzcjK--GIIG45f3hULW7F-VZyjM2XWv5SudxLNtil3mqd4E2alrEsyDh_vXMwbQ=w180-h180-l90-rj,Almond Chocolate ILLIT,,,,Almond Chocolate ILLIT
2026-08-10,jp,Japan,top_songs_weekly,,73,https://yt3.googleusercontent.com/QeXa58C6jVvBwKTzVqJTXAM-7mlEPaynXKvfBYfMUdYeMKg7kRHfrZAsW_ME1iTSqwvMYSb9GuYzJNEo=w180-h180-l90-rj,くつずれ ハチワレ（CV.田中誠人）,,,,くつずれ ハチワレ（CV.田中誠人）
2026-08-10,jp,Japan,top_songs_weekly,,74,https://yt3.googleusercontent.com/2SGtbp3u3ZEp4FFStBTdWcgybrWVfyRNOBakvXBd5W0uwjtUqPFhQmb8FfBrR8pz2tJPkIy2tahKqZciMA=w180-h180-l90-rj,BooooM!!! Houshou Marine,,,,BooooM!!! Houshou Marine
2026-08-10,jp,Japan,top_songs_weekly,,75,https://yt3.googleusercontent.com/ugpyRxhD8Nqn2Jrvh3w0dxJXZGysSSBCB3INhfSh8ufeiy5YL8ZRL8lyfiLHoo6Lu1_lqm7umyX9MQ2Q=w180-h180-l90-rj,BOOMPALA LE SSERAFIM,,,,BOOMPALA LE SSERAFIM
2026-08-10,jp,Japan,top_songs_weekly,,76,https://yt3.googleusercontent.com/sYmiMIdJAVZwkPluf8yQMI4qxuuZrU1OLOiwNEEgV1z7q6JhNQ_m7TqJbcxioiywmvBLuOJFK4YAgUnk=w180-h180-l90-rj,56 NORMAL 防彈少年團,,"3月 20, 2026",515201,"76 56 NORMAL 防彈少年團 3月 20, 2026 20 4 515,201"
2026-08-10,jp,Japan,top_songs_weekly,,77,https://yt3.googleusercontent.com/F33gt-Cj8vJfg0daHKsECeNenxb38iFsp57mQts2cp7nkQH0i0r-ARhWtemvBcghe2gOZOo01Jbu2JHwUA=w180-h180-l90-rj,8 オレンジ SPYAIR,,"2月 13, 2024",514507,"77 8 オレンジ SPYAIR 2月 13, 2024 85 37 514,507"
2026-08-10,jp,Japan,top_songs_weekly,,78,https://yt3.googleusercontent.com/Uj_UgU5q_TBM6pLzUKcjur0JOuu71C-QqkZK7Fh3FDNiuXuN1y9nXKxELHoQNE1oNFwguTpjBg0Yrgs=w180-h180-l90-rj,78 BAD LOVE HANA,,"9月 7, 2025",513680,"78 78 BAD LOVE HANA 9月 7, 2025 - 22 513,680"
2026-08-10,jp,Japan,top_songs_weekly,,79,https://yt3.googleusercontent.com/Gjz5CCkO4jx8SqnhXXOxFS0xVCAtASCm_RpcGTKAeO1ujdLIh5TtXHz8uV_SKwhtkG1rkzWwGdOFtyxb=w180-h180-l90-rj,WHATCHA DOIN JO1,,,,WHATCHA DOIN JO1
2026-08-10,jp,Japan,top_songs_weekly,,80,https://yt3.googleusercontent.com/gBXIN9Hb_A3q047t5lN4N0Sn7S0YE6YYE6EOHkCB9yEYF1NSnO3DocrKFLgY9ORDPng9YyTZ3Y9Cv5Q6=w180-h180-l90-rj,5 BANG!! Snow Man,,"3月 25, 2026",505240,"80 5 BANG!! Snow Man 3月 25, 2026 75 20 505,240"
2026-08-10,jp,Japan,top_songs_weekly,,81,https://yt3.googleusercontent.com/sEyGrTn2WDljeKA-80VwX5RpjiasTQ-DrsOpVSebSd0N67TrDx-9ZEZBajzHEV0Rlmb9LmigKiuGLdus=w180-h180-l90-rj,secret base ～君がくれたもの～ ZONE,,,,secret base ～君がくれたもの～ ZONE
2026-08-10,jp,Japan,top_songs_weekly,,82,https://yt3.googleusercontent.com/OZMSZEkL4FpwomXdEgeAo-bNvLynzSY4FYly75n6tT-dGRwfU1s3MVHC6sJrXJyM3930amDkPKXrUN8=w180-h180-l90-rj,GOODKUN Tesesaku,,,,GOODKUN Tesesaku
2026-08-10,jp,Japan,top_songs_weekly,,83,https://yt3.googleusercontent.com/sSPZHFjVP7f71cFcWTQvif1gKVxE_w_bJmDIypQN7Iww0cJ7lK_916gU2hzKslkqotazIIENpSbCFAe9kw=w180-h180-l90-rj,17 かげろう Vaundy,,"6月 9, 2026",486543,"83 17 かげろう Vaundy 6月 9, 2026 66 2 486,543"
2026-08-10,jp,Japan,top_songs_weekly,,84,https://yt3.googleusercontent.com/2OUpQNjY58jQq1STwHz2CRClwWkzhCCKtSBo6SC2N78LAMmFaXJdSGkUENX7yw0g2CpCQ3RjejB_Fj4=w180-h180-l90-rj,Life Goes On Oliver Tree,,,,Life Goes On Oliver Tree
2026-08-10,jp,Japan,top_songs_weekly,,85,https://yt3.googleusercontent.com/FW5Uv8ERyAANzvI6uruEYBmxSHjbJokAhkXyprKvatn7KynHybcZbTcf1Fru6iAPkoR9Z9f8EpPq4YL9eQ=w180-h180-l90-rj,Bunny Girl AKASAKI,,,,Bunny Girl AKASAKI
2026-08-10,jp,Japan,top_songs_weekly,,86,https://yt3.googleusercontent.com/CwtUqDJhEnd9U_GyRBTwrRE0lpNwIgw6ugIlJLbP9EC91DKzgWz1WEo3cmcsdDybIEzTkrZaz_hNttJx=w180-h180-l90-rj,7 춤 BABYMONSTER,,"5月 4, 2026",481889,"86 7 춤 BABYMONSTER 5月 4, 2026 93 14 481,889"
2026-08-10,jp,Japan,top_songs_weekly,,87,https://yt3.googleusercontent.com/T84uUV5-5YjMPT6bcbv5zld29PxPp6hrIGR6lb4YczLSU8t8fKc2EJBL20ekQQgeahXWmXFwjQ0U_7s=w180-h180-l90-rj,1 Bad Girl HANA,,"3月 26, 2026",481559,"87 1 Bad Girl HANA 3月 26, 2026 88 19 481,559"
2026-08-10,jp,Japan,top_songs_weekly,,88,https://yt3.googleusercontent.com/ujgBB2DP22d42KEk7DN-DVNN9K3_ed8OHeVAXyhu3kKBTua5w7WOPv3YHYL4OQDc80JpSWRzvKLoVBj-=w180-h180-l90-rj,"クライアイ 初星学園 , Glim Spanky & Tsubame Amaya",,,,"クライアイ 初星学園 , Glim Spanky & Tsubame Amaya"
2026-08-10,jp,Japan,top_songs_weekly,,89,https://yt3.googleusercontent.com/n6DAhFaN0-SLU_7Mp9lUhNAYsZej88pjQfDU6_VU5C-eqUPRf5aROjAADlgRaEP0kK4VR9EEkQ8Ewdb1=w180-h180-l90-rj,2 飛ぶ時 Vaundy,,"4月 11, 2026",474838,"89 2 飛ぶ時 Vaundy 4月 11, 2026 87 17 474,838"
2026-08-10,jp,Japan,top_songs_weekly,,90,https://yt3.googleusercontent.com/2Cy4q4G7nZtnLiumxjT8H2aLwfQGGvzZ63LJJP3cfkIt4kwOECsriHpdaAg4NLEvG_jd1U-YYFNx7S2DeA=w180-h180-l90-rj,Dance Forever SixTONES,,,,Dance Forever SixTONES
2026-08-10,jp,Japan,top_songs_weekly,,91,https://yt3.googleusercontent.com/kdfQUTj594vN8pfZTc6hQkz2_EtBU8MIC4zByXXWQ4Fc8-F10AN2xxAydfJWwg6yf3Ws--92qhZdz7U=w180-h180-l90-rj,未完成婚姻論 Dannie May,,,,未完成婚姻論 Dannie May
2026-08-10,jp,Japan,top_songs_weekly,,92,https://yt3.googleusercontent.com/xRJ6vuGBuoUk5W479XDHHN2iKQHNXXzMlHRiscPD6NUDOMNvOsTNhBISdxqQnRE4kEmONJAlYe-nPkSr=w180-h180-l90-rj,火種 Tatsuya Kitani,,,,火種 Tatsuya Kitani
2026-08-10,jp,Japan,top_songs_weekly,,93,https://yt3.googleusercontent.com/efb6xHkSPcRUhVNF20DG3nfFAzbRLA5-F-8t19241T0WEhzz6PSOEmpYDXXbbGfhwVGPIDojhj0sC8PQ=w180-h180-l90-rj,11 SUMMER SONG YUI,,"7月 2, 2008",465643,"93 11 SUMMER SONG YUI 7月 2, 2008 82 20 465,643"
2026-08-10,jp,Japan,top_songs_weekly,,94,https://yt3.googleusercontent.com/GBUFNHwzO_v_IJ1e1iLRCgA9zJUO97qxZgLBAJyr2WyFzk7kV9yWMAVF7Ha6h8As3tNXbfeksFOdZeE=w180-h180-l90-rj,SUGAR HONEY ICE TEA BABYMONSTER,,,,SUGAR HONEY ICE TEA BABYMONSTER
2026-08-10,jp,Japan,top_songs_weekly,,95,https://yt3.googleusercontent.com/IX-QEr9pFD41clJP-q_Yg462m02Ni_6PjBQ9TpaGtzb4sT0eH1ZC6dy_ZxcqVIEZF9ipY9FgIirPJPh6=w180-h180-l90-rj,"ICONIC BY MISTAKE LE SSERAFIM , ILLIT & KATSEYE",,,,"ICONIC BY MISTAKE LE SSERAFIM , ILLIT & KATSEYE"
2026-08-10,jp,Japan,top_songs_weekly,,96,https://i.ytimg.com/vi/I7pl2N_jPGE/default.jpg,君が眩しいから僕は星が見えない (Acoustic) Yuuri & SIX LOUNGE,,,,君が眩しいから僕は星が見えない (Acoustic) Yuuri & SIX LOUNGE
2026-08-10,jp,Japan,top_songs_weekly,,97,https://yt3.googleusercontent.com/-BEztfsDGO0IBhZqiBsxGt67C4wlqYnuQuJjOj4PiDPlLkDGyG-YhQCYQcySuhnBwIZhOTZHJVUwJ6CTqg=w180-h180-l90-rj,97 Mela! 綠黃色社會,,"4月 12, 2020",455941,"97 97 Mela! 綠黃色社會 4月 12, 2020 - 38 455,941"
2026-08-10,jp,Japan,top_songs_weekly,,98,https://yt3.googleusercontent.com/ugvmKvMIhYGMaOtLJzVg6VH-IimYGUyT49msJJWan3f5HV6IZApGvBob4lUFwvVidN7IdR47JQYDozJWiw=w180-h180-l90-rj,98 若者のすべて 富士纖維樂團,,"10月 31, 2007",454746,"98 98 若者のすべて 富士纖維樂團 10月 31, 2007 - 26 454,746"
2026-08-10,jp,Japan,top_songs_weekly,,99,https://yt3.googleusercontent.com/paAbosT_-Y9yRjxrRTLb2I8iBrB5JzNEitz7puYtD0I8L0taU-nmgCYaevewJmtiBPYe8PP-L7CqsA0Pbw=w180-h180-l90-rj,On My Road Travis Japan,,,,On My Road Travis Japan
2026-08-10,jp,Japan,top_songs_weekly,,100,https://yt3.googleusercontent.com/MuTJxlshXv5Fyi1dxj_za6KqPVXccJlxDcl9WmuIXBZdnikqNvvaBoEGMYMXp9zxMykRvAeufOXGC63V=w180-h180-l90-rj,きゃわぽっぴんどぅー iLiFE!,,,,きゃわぽっぴんどぅー iLiFE!
2026-08-10,kr,South Korea,top_songs_weekly,,1,https://yt3.googleusercontent.com/_RICA9AQMvaw-SLRBVDVF3rLx6pgeXvy2USuFyueQhhMGAVga26n2brDIIbjNkkYW3xv9LyUdav9rWnKvA=w180-h180-l90-rj,2 LEMONADE aespa,,"5月 28, 2026",3293765,"1 2 LEMONADE aespa 5月 28, 2026 3 10 3,293,765"
2026-08-10,kr,South Korea,top_songs_weekly,,2,https://yt3.googleusercontent.com/qO6L6WFlgHmu92fYAl9_GP1pLIjuWSafC33gAOs4E1k5BwehYyiH0JEjBgsSOxy6ByQ6ItSCs8Bxrbk35g=w180-h180-l90-rj,LOVE ATTACK RESCENE,,,,LOVE ATTACK RESCENE
2026-08-10,kr,South Korea,top_songs_weekly,,3,https://yt3.googleusercontent.com/OlsyF8L82chwdoVqON-g5H3BsEEgA0zSIYU_6SIZgMtLe0QzZPxzno91C6zJktuon6rjAv_UbmggkO_vyQ=w180-h180-l90-rj,1 BAD ATEEZ,,"5月 22, 2026",3114643,"3 1 BAD ATEEZ 5月 22, 2026 4 6 3,114,643"
2026-08-10,kr,South Korea,top_songs_weekly,,4,https://yt3.googleusercontent.com/Zl6lT-8KgSYiXI08I5ilE35LaWaDpVFYdBIEn_g_gJRGTBlb6xlMn4Ws226L3nMuhWl9UxRQZq5c1pZF=w180-h180-l90-rj,2 REDRED CORTIS,,"4月 20, 2026",3027936,"4 2 REDRED CORTIS 4月 20, 2026 2 16 3,027,936"
2026-08-10,kr,South Korea,top_songs_weekly,,5,https://yt3.googleusercontent.com/3RNsv7dNTYSBpuSWmpWM6PiYgQAaCXKvi8ION2AH2OaQHc-vW5-rJW4PqztU9XGaX-5z3sMc5RMTMc8n=w180-h180-l90-rj,2 It's Me ILLIT,,"4月 23, 2026",2651666,"5 2 It's Me ILLIT 4月 23, 2026 7 14 2,651,666"
2026-08-10,kr,South Korea,top_songs_weekly,,6,https://yt3.googleusercontent.com/mJmC0SCSdDcKBWAH-XoWecJOoEamfDZEtaqbWCK3c5w68fM1tCEKHVLKYRXh7bNAHqP_tYriJCRrpND3dQ=w180-h180-l90-rj,Pretty Girl RESCENE,,,,Pretty Girl RESCENE
2026-08-10,kr,South Korea,top_songs_weekly,,7,https://yt3.googleusercontent.com/PwQ543AKPc8tF0yUiz3e3s-Wy45l71Byt6T78PYeTB7Q0Jckq3C5d9P7faRc7OE5OTypbkxl4qFuVkI=w180-h180-l90-rj,Less than a Lover Jennie,,,,Less than a Lover Jennie
2026-08-10,kr,South Korea,top_songs_weekly,,8,https://yt3.googleusercontent.com/FBsKSRbF9dD9gKsMouEBNIymlDObANdcnZk4Lf_5QgTiq7V3gchHRsBXGgOLgDOOJuGkajoF5K-4qeA=w180-h180-l90-rj,RUDE! Hearts2Hearts,,,,RUDE! Hearts2Hearts
2026-08-10,kr,South Korea,top_songs_weekly,,9,https://yt3.googleusercontent.com/FCzHvDiPq13bHM4G1lzj_wN1fg78iCfwuDHvjHca9gCD_aNDrj0RjYvQXK_ZxXReOrh4GfgFQFgwXZA=w180-h180-l90-rj,1 갑자기 I.O.I,,"5月 19, 2026",2132688,"9 1 갑자기 I.O.I 5月 19, 2026 8 12 2,132,688"
2026-08-10,kr,South Korea,top_songs_weekly,,10,https://yt3.googleusercontent.com/hDloZT7RQeCC_yCDeSvjzb9dioy2xoOhlzPbFXkUg3hBDPVju6FL-a9WbUPjN_mkBw-b4t1kykqcrB9X=w180-h180-l90-rj,● Deja Vu RESCENE,,"7月 2, 2025",1971758,"10 ● Deja Vu RESCENE 7月 2, 2025 10 10 1,971,758"
2026-08-10,kr,South Korea,top_songs_weekly,,11,https://yt3.googleusercontent.com/qgO7EUPFJ-k8Eewe-C2wHxuEW6ZLY8aEysMY3MqztXY5dmMZB6Q_glS6dhXdI90AmViq4bRmboeNfTAw=w180-h180-l90-rj,● Bansanka 太妍,,"6月 29, 2026",1684596,"11 ● Bansanka 太妍 6月 29, 2026 11 6 1,684,596"
2026-08-10,kr,South Korea,top_songs_weekly,,12,https://yt3.googleusercontent.com/EWFGLNTjKGAzb8tK4CqUwT_VFCBh_RcAB4ej1ob6vRMcfeuUO5ms4PCl9O8ZRC1y1aNaCP-k5XWyD8lL=w180-h180-l90-rj,Vitamin ME fromis_9,,,,Vitamin ME fromis_9
2026-08-10,kr,South Korea,top_songs_weekly,,13,https://yt3.googleusercontent.com/fSZeOU1r1CCaRPaXHA-oLYcZbJ59nenUQs5NJJp_hWpSkOMgOqpr-zOHqpFBFBJrXz_lAn8Nr5A1r2K1mw=w180-h180-l90-rj,Good Goodbye HWASA,,,,Good Goodbye HWASA
2026-08-10,kr,South Korea,top_songs_weekly,,14,https://yt3.googleusercontent.com/KkiZjgUI7ADMjnfu90T8szhJ3CqljSdGDIpo3iNmOltOgewijZyI_Z2TQiXDdCN2jlozAVXNjuiyiSsL=w180-h180-l90-rj,5 캐치 캐치 YENA,,"3月 11, 2026",1377038,"14 5 캐치 캐치 YENA 3月 11, 2026 19 22 1,377,038"
2026-08-10,kr,South Korea,top_songs_weekly,,15,https://yt3.googleusercontent.com/TXDOgCBTS6AaRaRUgr1Vg2ElvHKkQQ2Mx9CdhHSN9rzQWh8bmd-VAvjEkTiGe53bHMLdW1si21Y4tClZlw=w180-h180-l90-rj,사랑하게 될 거야 HANRORO,,,,사랑하게 될 거야 HANRORO
2026-08-10,kr,South Korea,top_songs_weekly,,16,https://yt3.googleusercontent.com/geOWWU6dd49YTQ_4O_wMmBkzSORxisB3N6Wg0VlZwCXkvCFOmncUw7x3D3elDsoOLC5y-AKEP26JC_WN=w180-h180-l90-rj,생각을 멈추다 보면 Choi Yu Ree & JIN YOUNG,,,,생각을 멈추다 보면 Choi Yu Ree & JIN YOUNG
2026-08-10,kr,South Korea,top_songs_weekly,,17,https://yt3.googleusercontent.com/FBsKSRbF9dD9gKsMouEBNIymlDObANdcnZk4Lf_5QgTiq7V3gchHRsBXGgOLgDOOJuGkajoF5K-4qeA=w180-h180-l90-rj,Lemon Tang Hearts2Hearts,,,,Lemon Tang Hearts2Hearts
2026-08-10,kr,South Korea,top_songs_weekly,,18,https://yt3.googleusercontent.com/6-Go0PL8oj-s3M2aSVkuvTSQN-JzpEnKgMzMcp8KZpRSfoXUOA3wSF7vay_EERO0jYO5szMOPyIhdrFM=w180-h180-l90-rj,2 0+0 HANRORO,,"8月 4, 2025",1184285,"18 2 0+0 HANRORO 8月 4, 2025 20 43 1,184,285"
2026-08-10,kr,South Korea,top_songs_weekly,,19,https://yt3.googleusercontent.com/8CmQL8Y-zZj_XE3HS0FoXTGT90AikLML0o06ofb52VLElvs_Yua8cUe3x-DbYZ9JtfilhZRDgnPjDBeW6Q=w180-h180-l90-rj,(New Era) KiiiKiii,,,,404 (New Era) KiiiKiii
2026-08-10,kr,South Korea,top_songs_weekly,,20,https://yt3.googleusercontent.com/bMQLAiYFfeh4rRtPoMKMYJLpk9giBfDjoAnHCBsGh4EhuR-5eVjf9UUEg-cgC0cqEPwUIW3AU7R7jtWqCw=w180-h180-l90-rj,Heavy Serenade NMIXX,,,,Heavy Serenade NMIXX
2026-08-10,kr,South Korea,top_songs_weekly,,21,https://yt3.googleusercontent.com/VGf2lFXKQdSyrz2g3Czj66doPtUxvJBrWDK6UFeOj8zRqS-tgs_D8FG5-8pYTX-Uh9FxZBDJIXtN1nKF=w180-h180-l90-rj,3 IRIS OUT 米津玄師,,"9月 14, 2025",891206,"21 3 IRIS OUT 米津玄師 9月 14, 2025 24 47 891,206"
2026-08-10,kr,South Korea,top_songs_weekly,,22,https://yt3.googleusercontent.com/JwkGaClM5NXgaGueIN74yIpaiF2dlgcTlbU0C7hk7xUjJWClMsifJS-bEbYqYav2iEF5Wg7e_khs6OWV=w180-h180-l90-rj,소문의 낙원 (Live) 樂童音樂家,,,,소문의 낙원 (Live) 樂童音樂家
2026-08-10,kr,South Korea,top_songs_weekly,,23,https://yt3.googleusercontent.com/Z6UqfAE5pK0KDQf12w5lHqLI9UNfIRQlb_e-x7KMmSPb8dTmFtJpYPf8OrxV0vEcOWQADOXi5pSEh5J0=w180-h180-l90-rj,2 입춘 HANRORO,,"3月 14, 2022",834906,"23 2 입춘 HANRORO 3月 14, 2022 25 51 834,906"
2026-08-10,kr,South Korea,top_songs_weekly,,24,https://yt3.googleusercontent.com/q9vnbwdvr4hWBB3Q80l83xzUn9LXXyW7TxArA1fGpHba57SrIo8C3VlcAycsJVc92IaAdZmU34ylfi_a=w180-h180-l90-rj,31 GG EZ M.Sasuke,,"5月 27, 2026",821561,"24 31 GG EZ M.Sasuke 5月 27, 2026 55 6 821,561"
2026-08-10,kr,South Korea,top_songs_weekly,,25,https://yt3.googleusercontent.com/sXqRmGk_AI1i0OF4SUDGNKz53RI2HqoafFD2zqDQaVfkRKL9BIy0tuAR0QWtu9cWUQ5VJ3eraRn8DJif=w180-h180-l90-rj,Blue Valentine NMIXX,,,,Blue Valentine NMIXX
2026-08-10,kr,South Korea,top_songs_weekly,,26,https://yt3.googleusercontent.com/IBwK4LOs4sO-Cd-_5YO4XC2B2N1hvyBvKfr60tT_ljIuwmOuVWWW2NypbcvzKgScVAbRsWEYbmsjfcm2cw=w180-h180-l90-rj,Sunflower Post Malone & Swae Lee,,,,Sunflower Post Malone & Swae Lee
2026-08-10,kr,South Korea,top_songs_weekly,,27,https://yt3.googleusercontent.com/ugpyRxhD8Nqn2Jrvh3w0dxJXZGysSSBCB3INhfSh8ufeiy5YL8ZRL8lyfiLHoo6Lu1_lqm7umyX9MQ2Q=w180-h180-l90-rj,BOOMPALA LE SSERAFIM,,,,BOOMPALA LE SSERAFIM
2026-08-10,kr,South Korea,top_songs_weekly,,28,https://yt3.googleusercontent.com/fJkWGeDfXsFctKW_wyI6WJr_FIUJAJgg8cqcLPJYHOjQj0i0i0tMxuexVt3o49Gu2WBd9362s7hE8No=w180-h180-l90-rj,2 BANG BANG IVE,,"2月 9, 2026",759569,"28 2 BANG BANG IVE 2月 9, 2026 30 26 759,569"
2026-08-10,kr,South Korea,top_songs_weekly,,29,https://yt3.googleusercontent.com/uNYEVnJW_hkmA6F-PhWqOG35Wqz1xD1sjEdaUiW5AIch1H1XyHTny9I4yREQ-LMgD_JoWql0wCEyZOHH=w180-h180-l90-rj,TIME CAPSULE Davichi,,,,TIME CAPSULE Davichi
2026-08-10,kr,South Korea,top_songs_weekly,,30,https://yt3.googleusercontent.com/4uvi37-cU6POMc2OBDqP2Ckq1P1MAzyOyFXxIDc87QmuSBCj_JZHbMZGUqFLO_hRyqHOHn6crY9H2Tg=w180-h180-l90-rj,7 예술이야 PSY,,"10月 20, 2010",738867,"30 7 예술이야 PSY 10月 20, 2010 37 32 738,867"
2026-08-10,kr,South Korea,top_songs_weekly,,31,https://yt3.googleusercontent.com/n1-pqG9jYCHqxiSSq7DORgk10PCS7vyMX5VX0o0HoPwEEIZM5pamJAFIDOHqo7Hl27hJ9YvqTahya3Fg=w180-h180-l90-rj,2 Dynamite 防彈少年團,,"8月 21, 2020",728304,"31 2 Dynamite 防彈少年團 8月 21, 2020 33 61 728,304"
2026-08-10,kr,South Korea,top_songs_weekly,,32,https://yt3.googleusercontent.com/-MtYkhdYuOvj8YWHA4afh-OUYMYHNpBpkk047QgGAxLJMLE570Pj0-LQjA2PW1ltedqTusKOjzXvuS8=w180-h180-l90-rj,APT. 朴彩英 & Bruno Mars,,,,APT. 朴彩英 & Bruno Mars
2026-08-10,kr,South Korea,top_songs_weekly,,33,https://yt3.googleusercontent.com/JIEZ9WKZz37C_zyz9FQOmRAO6XIWVQAiUc8e4aA4g6wDj4aZq6oEEzv8RrWAK2CT1KWkzMnlJNEFWoo=w180-h180-l90-rj,Love Love Love (feat. YoongJin) Epik High,,,,Love Love Love (feat. YoongJin) Epik High
2026-08-10,kr,South Korea,top_songs_weekly,,34,https://yt3.googleusercontent.com/qO6L6WFlgHmu92fYAl9_GP1pLIjuWSafC33gAOs4E1k5BwehYyiH0JEjBgsSOxy6ByQ6ItSCs8Bxrbk35g=w180-h180-l90-rj,2 Pinball RESCENE,,"8月 27, 2024",712376,"34 2 Pinball RESCENE 8月 27, 2024 36 9 712,376"
2026-08-10,kr,South Korea,top_songs_weekly,,35,https://yt3.googleusercontent.com/EjsOv0qPNe39q72yXAMcDNtAX7rZeQo5i0dqeAiSRuH0gcTFAD2s0UXyJ6Z3GU-5Su3OtB10iwzwHNo=w180-h180-l90-rj,붉은 노을 (Sunset Glow) BIGBANG,,,,붉은 노을 (Sunset Glow) BIGBANG
2026-08-10,kr,South Korea,top_songs_weekly,,36,https://yt3.googleusercontent.com/l7rXhDWJvL64mq_0iCs8cF8sApgQu13-_ACX1WoJN9IlFfl7Y1UR_HEmLiEirzONHKVgfWLOOuDqUNnd=w180-h180-l90-rj,Dangerously CP查理,,,,Dangerously CP查理
2026-08-10,kr,South Korea,top_songs_weekly,,37,https://yt3.googleusercontent.com/RifzLSVDDf4c_A1Zlj47kBn_pXS6bKuzSPfppTyKedlKHkFsKsef5-n2xCoAYX-DqSFBDJKqEOBz9mM=w180-h180-l90-rj,WDA (Whole Different Animal) (feat. G,Dragon) aespa,,,WDA (Whole Different Animal) (feat. G-Dragon) aespa
2026-08-10,kr,South Korea,top_songs_weekly,,38,https://yt3.googleusercontent.com/MFpMY9uGiGz_zpUZIEblC5Cz04309UwlJnrJf-EDv-_fmuXI_skopQ3ajzGxFJVl3ko8GTUCiHwaaBuj=w180-h180-l90-rj,Summer Was You H1,KEY,,,Summer Was You H1-KEY
2026-08-10,kr,South Korea,top_songs_weekly,,39,https://yt3.googleusercontent.com/8bqdTDqTdS8GcoQM7K0Bkq2WfBGOTpolUMApxZZIEDqp33K4KWLAi0UWtOHbyoYnAadRpboyK4X0ezRo=w180-h180-l90-rj,Surfin' Boy Red Velvet,,,,Surfin' Boy Red Velvet
2026-08-10,kr,South Korea,top_songs_weekly,,40,https://yt3.googleusercontent.com/RE-3qVyOzjU1JuzuKHx0Knx5hVdaJwgpHZUVqJFSlvjX8Ygc1o3mX2R1Z7QTsjgs5Lr24i5RYq8qEDw=w180-h180-l90-rj,10 여행 臉紅的思春期,,"5月 24, 2018",625543,"40 10 여행 臉紅的思春期 5月 24, 2018 50 44 625,543"
2026-08-10,kr,South Korea,top_songs_weekly,,41,https://yt3.googleusercontent.com/Gn65QHGx26uZBC6Xtnn31y8TdqoIKqoa9az2Yw8ThFnA8EpszdJCoaCMbEiRjKa6kvStFWT9SkQHf0M=w180-h180-l90-rj,JANE DOE 米津玄師 & 宇多田光,,,,JANE DOE 米津玄師 & 宇多田光
2026-08-10,kr,South Korea,top_songs_weekly,,42,https://yt3.googleusercontent.com/s11FZcEmWA8RTHRFtpITbiEOys9EJ4PNfJF8GPBkCFWAgsYTTSAihJzRtmKq9_UVgUS9C5ZXpLIi3HUi=w180-h180-l90-rj,Way Back Home (feat. 小康納) SHAUN,,,,Way Back Home (feat. 小康納) SHAUN
2026-08-10,kr,South Korea,top_songs_weekly,,43,https://yt3.googleusercontent.com/XvuM4lO4IxvjwKMNqWOPAzLNywAqK_2OQwPDhwc30l95AmUeSf6HH8ilKJgtZtQIN86JKtoRmz0HT1MY=w180-h180-l90-rj,Shut The Door Young K,,,,Shut The Door Young K
2026-08-10,kr,South Korea,top_songs_weekly,,44,https://yt3.googleusercontent.com/9Q88K7nPgCsVgnl1pSN9jlOSnALIn5KEUA6VMW43Ruwah7IXlfB-GVImW3x2sjmXgkl6D-fcngtu5lst=w180-h180-l90-rj,KISS N TELL aespa,,,,KISS N TELL aespa
2026-08-10,kr,South Korea,top_songs_weekly,,45,https://yt3.googleusercontent.com/E8sA-U-079AMOCUHpbftCjmeefhKP7TrnwlakXxdICu3Pl3-sDSzUtOZ78sCp-vN2gxSf8y0KRFEjc8=w180-h180-l90-rj,3 마음의 숲 조선힙합,,"4月 9, 2026",590456,"45 3 마음의 숲 조선힙합 4月 9, 2026 42 6 590,456"
2026-08-10,kr,South Korea,top_songs_weekly,,46,https://yt3.googleusercontent.com/C5R5NuDxaHebclCr0nyjWK7Ip8dVehwFH8KvheaDftIcFkKMgGqPTPOnlO7iLsBPHwT2pIb2z0iOgPYwBg=w180-h180-l90-rj,19 여름아!부탁해 INDIGO,,"6月 27, 2002",573076,"46 19 여름아!부탁해 INDIGO 6月 27, 2002 65 2 573,076"
2026-08-10,kr,South Korea,top_songs_weekly,,47,https://yt3.googleusercontent.com/JwkGaClM5NXgaGueIN74yIpaiF2dlgcTlbU0C7hk7xUjJWClMsifJS-bEbYqYav2iEF5Wg7e_khs6OWV=w180-h180-l90-rj,"기쁨, 슬픔, 아름다운 마음 樂童音樂家",,,,"기쁨, 슬픔, 아름다운 마음 樂童音樂家"
2026-08-10,kr,South Korea,top_songs_weekly,,48,https://yt3.googleusercontent.com/xK6zmSTXLvl7CErbpTUk2j_KcN8S06uwJr0XWZDd8UgHNq5nEUwgI5Xk2lviE-mrf1uVeVtNRmXD58js=w180-h180-l90-rj,SPAGHETTI (feat. j,hope) LE SSERAFIM,,,SPAGHETTI (feat. j-hope) LE SSERAFIM
2026-08-10,kr,South Korea,top_songs_weekly,,49,https://yt3.googleusercontent.com/FzLKj6zFEJna0gRNDeZRH4nuQwEyN-YbCaC-bIGLoia6EhirHUachdvdEdR3VdB7pArgFCW8mtpLPL0=w180-h180-l90-rj,New Jeans NewJeans,,,,New Jeans NewJeans
2026-08-10,kr,South Korea,top_songs_weekly,,50,https://yt3.googleusercontent.com/CwtUqDJhEnd9U_GyRBTwrRE0lpNwIgw6ugIlJLbP9EC91DKzgWz1WEo3cmcsdDybIEzTkrZaz_hNttJx=w180-h180-l90-rj,3 춤 BABYMONSTER,,"5月 4, 2026",533807,"50 3 춤 BABYMONSTER 5月 4, 2026 47 14 533,807"
2026-08-10,kr,South Korea,top_songs_weekly,,51,https://yt3.googleusercontent.com/rPEeKAbGWakUfCArlymVjzCjVkLPuTSmwxtqKJhwqhQkQg24703KRcfz8ePy0YcwCuYxqq-zG1pdro4tNQ=w180-h180-l90-rj,7 Runaway RESCENE,,"4月 8, 2026",515950,"51 7 Runaway RESCENE 4月 8, 2026 44 11 515,950"
2026-08-10,kr,South Korea,top_songs_weekly,,52,https://yt3.googleusercontent.com/zA3a6UUA9ygQJ2a_iu6MjXLuXFak8mY6vSSa2jPhUfGrYZoALX0EclkoZIRR-i71xTR5JWHuK6foyF8CvA=w180-h180-l90-rj,1 애상 COOL,,"4月 1, 1998",512196,"52 1 애상 COOL 4月 1, 1998 51 23 512,196"
2026-08-10,kr,South Korea,top_songs_weekly,,53,https://yt3.googleusercontent.com/J5ecWymLDPSfle_S9E1ZqjyiJ1k3MutvsfXLdNLS28KgiZ3qrItZKYqCRGaqGg72waOAwuLigAHW-9w=w180-h180-l90-rj,Back To Life KARD,,,,Back To Life KARD
2026-08-10,kr,South Korea,top_songs_weekly,,54,https://yt3.googleusercontent.com/0aUi8bnBWzUJWH8G-TpaXo2G3OPUNies7zPZ19nHqr-TPsen5vRoPMs-OP5WAaIMsJVcZ1n1DFQ6bC0=w180-h180-l90-rj,2 BUMPA BIBI,,"5月 20, 2026",503852,"54 2 BUMPA BIBI 5月 20, 2026 56 11 503,852"
2026-08-10,kr,South Korea,top_songs_weekly,,55,https://yt3.googleusercontent.com/MU6ft5y2rjzcqelVzkqvL9G0ZNd1CL_zWL3Lf3HY7bNmFemO1LXlAd6BmOUMJSQOk70biqI17N60-HES=w180-h180-l90-rj,6 미쳐 미쳐 Picheolin,,"7月 22, 2026",503173,"55 6 미쳐 미쳐 Picheolin 7月 22, 2026 61 2 503,173"
2026-08-10,kr,South Korea,top_songs_weekly,,56,https://yt3.googleusercontent.com/z6yByqsTl3Iqi6Lain13UhWGSKui6cGNBy9VSJh4kVnHB6zmgdCtVZn9bivqYWndSkvRr76YkxFCUPBl_g=w180-h180-l90-rj,モニタリング (feat. 初音未來) DECO*27,,,,モニタリング (feat. 初音未來) DECO*27
2026-08-10,kr,South Korea,top_songs_weekly,,57,https://yt3.googleusercontent.com/zCv7rmhnyBrEBtY_ULN4G1GHLNMe3V12h9oBODXaoIkDsuEfCYZLMptxqymvjk1rx3IdBafVsPNnOHg=w180-h180-l90-rj,뜨거운 안녕 (feat. 成始璄) PSY,,,,뜨거운 안녕 (feat. 成始璄) PSY
2026-08-10,kr,South Korea,top_songs_weekly,,58,https://yt3.googleusercontent.com/xetsvHgG2mt3gU_HrnIcMW1ho2jWrNGP8Ut9tMSwt7QTkhz2B2sewunP_zx_gwt8-y6w-182s9ruCzFi=w180-h180-l90-rj,5 Unstoppable Sia,,"1月 21, 2016",479430,"58 5 Unstoppable Sia 1月 21, 2016 63 29 479,430"
2026-08-10,kr,South Korea,top_songs_weekly,,59,https://yt3.googleusercontent.com/pWYfArn-liNaxUsqNc5yKu_Xz_1cvypXz2DmDvMXpgewGmnG9egpOZnH_d1w9o3zMMcxZwZV3jhBtDjd=w180-h180-l90-rj,TO THE SEA (바다 가자) ROZY,,,,TO THE SEA (바다 가자) ROZY
2026-08-10,kr,South Korea,top_songs_weekly,,60,https://yt3.googleusercontent.com/cizq9uWlcIXukhMyfbyhB1j9HABtLOMrsg5SSMZXa5xmgzEd2iEC0I4CLYWIrEAegbW6Vq9akiVUFRHXtw=w180-h180-l90-rj,20 밤양갱 BIBI,,"2月 13, 2024",477527,"60 20 밤양갱 BIBI 2月 13, 2024 40 22 477,527"
2026-08-10,kr,South Korea,top_songs_weekly,,61,https://yt3.googleusercontent.com/kVQ2_2EjuzjFwJ-IcXacVJhIYcWjohJ8idYt375UEw2zaiFXXP0MRfF02JyqbgSSqdtnklvjoVFs6LLsQQ=w180-h180-l90-rj,MOTION (feat. Juicy J) CORTIS,,,,MOTION (feat. Juicy J) CORTIS
2026-08-10,kr,South Korea,top_songs_weekly,,62,https://yt3.googleusercontent.com/1QqXT3ooe9cJRqbreVVHFYm5oNxK6LdNQwwoUBipknidBjLfdBZhKj6CB0_8K8j7MMqP_uvURP-ZZYZb=w180-h180-l90-rj,2 Bloom RESCENE,,"11月 25, 2025",443334,"62 2 Bloom RESCENE 11月 25, 2025 60 5 443,334"
2026-08-10,kr,South Korea,top_songs_weekly,,63,https://yt3.googleusercontent.com/CeFlDDMsauoFNCBLDRagsRQv1FtgUxGpi3SSjhAxQDJCPUX2GLTVKy_u1MryFdbbaswqV-fEDYs-okc=w180-h180-l90-rj,5 Glow Up RESCENE,,"2月 5, 2025",440247,"63 5 Glow Up RESCENE 2月 5, 2025 58 7 440,247"
2026-08-10,kr,South Korea,top_songs_weekly,,64,https://yt3.googleusercontent.com/sYmiMIdJAVZwkPluf8yQMI4qxuuZrU1OLOiwNEEgV1z7q6JhNQ_m7TqJbcxioiywmvBLuOJFK4YAgUnk=w180-h180-l90-rj,32 NORMAL 防彈少年團,,"3月 20, 2026",429893,"64 32 NORMAL 防彈少年團 3月 20, 2026 32 5 429,893"
2026-08-10,kr,South Korea,top_songs_weekly,,65,https://yt3.googleusercontent.com/IX-QEr9pFD41clJP-q_Yg462m02Ni_6PjBQ9TpaGtzb4sT0eH1ZC6dy_ZxcqVIEZF9ipY9FgIirPJPh6=w180-h180-l90-rj,"ICONIC BY MISTAKE LE SSERAFIM , ILLIT & KATSEYE",,,,"ICONIC BY MISTAKE LE SSERAFIM , ILLIT & KATSEYE"
2026-08-10,kr,South Korea,top_songs_weekly,,66,https://yt3.googleusercontent.com/4r0-rWVMLKVteLEGQmRyYNw8H5PcHeJTpqvNEvfkEubkh5c4rz6BRT3Q1sUMkcWcJymqJaUFu4wM6R-1=w180-h180-l90-rj,Maid My Way Aokumo Rin,,,,Maid My Way Aokumo Rin
2026-08-10,kr,South Korea,top_songs_weekly,,67,https://yt3.googleusercontent.com/cSAK6uOsfG9CYmTCP31gAAFOr2PEGZVondj46s8XgdoeUg4bEsu5sRX-pUlylm7JXRe7r3gJ_6mC-Gg6=w180-h180-l90-rj,8 HER Block B,,"1月 1, 2014",417421,"67 8 HER Block B 1月 1, 2014 75 9 417,421"
2026-08-10,kr,South Korea,top_songs_weekly,,68,https://yt3.googleusercontent.com/5nUR7Nt6ilCSVabeJKFpmhgm1wwmNWbxt3eG5x_1cQTniujORLJAEPHUumi3AcsouqXg1fM4mVJNCgR6HA=w180-h180-l90-rj,6 Hit 'Em MEOVV,,"6月 1, 2026",414510,"68 6 Hit 'Em MEOVV 6月 1, 2026 62 8 414,510"
2026-08-10,kr,South Korea,top_songs_weekly,,69,https://yt3.googleusercontent.com/3T-9QCKvZ6etaiDhX-2WSpd5z5Y3X84ND9TNX944mQR_kimjTFAqe2a69BUvHqcW8nRcOdNbu4n-U80Yvw=w180-h180-l90-rj,31 Animal KATSEYE,,"7月 24, 2026",414008,"69 31 Animal KATSEYE 7月 24, 2026 38 2 414,008"
2026-08-10,kr,South Korea,top_songs_weekly,,70,https://yt3.googleusercontent.com/4gnUGg9HAWfDNx__3ufAdMSp5-wjd0M2LqfYxJEzQCt9ijOh2ULa1qMQv7E-sj7nerzuZpxFhnDn4MY=w180-h180-l90-rj,It's You Han Yo,han,,,It's You Han Yo-han
2026-08-10,kr,South Korea,top_songs_weekly,,71,https://yt3.googleusercontent.com/IziM8PFM-JTeWYH9sxXtszLd-GTlqRu_XNYEXRZiSA2LsX4oK02Nx8Cgbf2-fJnxyAVzDtMgBKubeEpBPQ=w180-h180-l90-rj,비행기 (feat. CHUU) 鄭韓海 & Moon Se Yoon,,,,비행기 (feat. CHUU) 鄭韓海 & Moon Se Yoon
2026-08-10,kr,South Korea,top_songs_weekly,,72,https://yt3.googleusercontent.com/06OAZez9BpR3-pYFbJPNc5CKvqk0dvK2p5RfvNWpzZyN1RFMRZ40evvwwaLS_wxwhjFAqTVxWiLIQqbZKw=w180-h180-l90-rj,넌 내 맘을 빼앗았고 난 온종일 생각하지 WAVE CALL,,,,넌 내 맘을 빼앗았고 난 온종일 생각하지 WAVE CALL
2026-08-10,kr,South Korea,top_songs_weekly,,73,https://yt3.googleusercontent.com/lsMWNDL8LXRtfOJ5jywAmdNVOIi--BRmblJjC32Ch7i0jn87RD0j6HbOWm20-gRn54LztKMYVvDcXyqnbg=w180-h180-l90-rj,Smile Boy (Live) Roy Kim,,,,Smile Boy (Live) Roy Kim
2026-08-10,kr,South Korea,top_songs_weekly,,74,https://yt3.googleusercontent.com/wTjQxh9T-Xrv5OH1qOKOuPnTHTIUypDnSNi3Frrw2Jrhv-bWMvo2PX7X_vruNJNQ9qlNP5tMYOv03o46=w180-h180-l90-rj,행복하지 말아요 M.C THE MAX,,,,행복하지 말아요 M.C THE MAX
2026-08-10,kr,South Korea,top_songs_weekly,,75,https://yt3.googleusercontent.com/Bd95U_9VwyKkgfPddSdAwZaurA-_bTODcv6LKK6g_1F7OlWjyqWNCiFGloZL6qRMorqFuL166dqDSuNG=w180-h180-l90-rj,"Leave Me, Don′t Go gitae & Baek Yeseul",,,,"Leave Me, Don′t Go gitae & Baek Yeseul"
2026-08-10,kr,South Korea,top_songs_weekly,,76,https://yt3.googleusercontent.com/8zicbEdxj5_mABYY_xV3gdGhiMN2tCNkSjYjm7o2GYnqCBAyy3hEmb2_kwUWrxTVg7wLQC72JZYFUpQj=w180-h180-l90-rj,question mark (feat. 崔子 & Zion.T) primary,,,,question mark (feat. 崔子 & Zion.T) primary
2026-08-10,kr,South Korea,top_songs_weekly,,77,https://yt3.googleusercontent.com/8bqdTDqTdS8GcoQM7K0Bkq2WfBGOTpolUMApxZZIEDqp33K4KWLAi0UWtOHbyoYnAadRpboyK4X0ezRo=w180-h180-l90-rj,Orchestra Red Velvet,,,,Orchestra Red Velvet
2026-08-10,kr,South Korea,top_songs_weekly,,78,https://yt3.googleusercontent.com/vFrGGXn1ojqf2SPqs30NjkTtizKB1D4S3kMSkuY7PCYvf-I-NTiqLMEPKNFbB4RlhlPz_BYo8YKrhnA=w180-h180-l90-rj,7 Ling Ling 黑裙子,,"9月 25, 2021",388147,"78 7 Ling Ling 黑裙子 9月 25, 2021 85 14 388,147"
2026-08-10,kr,South Korea,top_songs_weekly,,79,https://yt3.googleusercontent.com/DVVlDsW5-leb3mRwFI9pZBG2GipecQt8UmHim-TPeAgAzdoQ85bOPCHzOS8qtpWGmbYoBkuthsLFhVAB=w180-h180-l90-rj,残酷な天使のテーゼ 高橋洋子,,"10月 25, 1995",387634,"79 New 残酷な天使のテーゼ 高橋洋子 10月 25, 1995 - 1 387,634"
2026-08-10,kr,South Korea,top_songs_weekly,,80,https://yt3.googleusercontent.com/9CEwOrXloxvODp2tZ4Dd2zN8ukDYGd_gkQ2gbU_8JUyTsdbEYQQk5kLlhjmF0dCaC_wbN_mrUQDnlB3NjA=w180-h180-l90-rj,2 내 머리가 나빠서 SS,,"1月 8, 2009",383750,"80 2 내 머리가 나빠서 SS501 1月 8, 2009 78 14 383,750"
2026-08-10,kr,South Korea,top_songs_weekly,,81,https://yt3.googleusercontent.com/CwtUqDJhEnd9U_GyRBTwrRE0lpNwIgw6ugIlJLbP9EC91DKzgWz1WEo3cmcsdDybIEzTkrZaz_hNttJx=w180-h180-l90-rj,MOON BABYMONSTER,,,,MOON BABYMONSTER
2026-08-10,kr,South Korea,top_songs_weekly,,82,https://yt3.googleusercontent.com/bu2CIMT8-1UlYXcd3pILzuvlzUapPhyfeo7ttHIg37cWvpV9eOfJAm-vzEfBwRA59-XyCEB3rnZNGUOz=w180-h180-l90-rj,82 다시 여기 바닷가 싹쓰리,,"7月 18, 2020",372276,"82 82 다시 여기 바닷가 싹쓰리 7月 18, 2020 - 28 372,276"
2026-08-10,kr,South Korea,top_songs_weekly,,83,https://yt3.googleusercontent.com/dtlN0YFUfVkNk5cMIkP8Bt9ifl3AviJd-tWi5LgL7rUEOcDns0kqkkcFRUT7T0WZM85lX6k9gXKBmSg8=w180-h180-l90-rj,I Need You 許閣 & Zia,,,,I Need You 許閣 & Zia
2026-08-10,kr,South Korea,top_songs_weekly,,84,https://i.ytimg.com/vi/afSgBNwmZrQ/default.jpg,petal Ariana Grande,,,,petal Ariana Grande
2026-08-10,kr,South Korea,top_songs_weekly,,85,https://yt3.googleusercontent.com/lji7vXukgyqksmzDDprtdq-a10cijGLBntXbywdbVXPFfIjUuy6Mp66VUBqjOLaugPuFKZ4WAjnQ_KFV=w180-h180-l90-rj,DAY BY DAY (Japanese ver.) T,ara,,,DAY BY DAY (Japanese ver.) T-ara
2026-08-10,kr,South Korea,top_songs_weekly,,86,https://yt3.googleusercontent.com/VNDFR-XiC5-NpLfZMxBNQkMZUk1rDN-ZiejpgydkEKRx6eM0H_UH9Fvyt73aLfQw--G_84TjdAHnxvYMmA=w180-h180-l90-rj,15 바다의 왕자 Tophyun,,"6月 17, 2026",353704,"86 15 바다의 왕자 Tophyun 6月 17, 2026 71 7 353,704"
2026-08-10,kr,South Korea,top_songs_weekly,,87,https://yt3.googleusercontent.com/uXUcQwZ7-V4CzLtCK2HwbEOy589iKlfsH5FN5MhvCBr8xkAH1LP8rc49rVIKyFohrkTj53pdeOMKdFxPIQ=w180-h180-l90-rj,87 Spicy aespa,,"5月 8, 2023",353205,"87 87 Spicy aespa 5月 8, 2023 - 56 353,205"
2026-08-10,kr,South Korea,top_songs_weekly,,88,https://yt3.googleusercontent.com/6LDZTIjk3nbSSsG8J0M2_ME4KWzt4MTZ7oqrZlWg-uZ1gRWnBKt9ySPibZ5l7GJ_-j6gB6hv-qLNaPE=w180-h180-l90-rj,hate that i made you love me Ariana Grande,,,,hate that i made you love me Ariana Grande
2026-08-10,kr,South Korea,top_songs_weekly,,89,https://yt3.googleusercontent.com/O54zV3IuO98KEFdas3wTYvfLGGlPPt6zqEHUmvEo8bg3osRYNLeZDNjHYbV1lo4We03fTJ0eDqUGomJu=w180-h180-l90-rj,89 Underwater 權恩菲,,"10月 11, 2022",349380,"89 89 Underwater 權恩菲 10月 11, 2022 - 42 349,380"
2026-08-10,kr,South Korea,top_songs_weekly,,90,https://yt3.googleusercontent.com/Rf-BNrKwVW_VBdOiq6NbJwEasR4WRlsnFoLfq-MaLbSECamA0W7XaLiOBG5B76z1v_rOqM4YuG3FfjbU=w180-h180-l90-rj,90 거짓말 BIGBANG,,"8月 16, 2007",349028,"90 90 거짓말 BIGBANG 8月 16, 2007 - 10 349,028"
2026-08-10,kr,South Korea,top_songs_weekly,,91,https://yt3.googleusercontent.com/8iS1XD6ZH8mOW1N1RrNIoEkJpYCyXKf1n0HJeDhxmOj0XVH3b0HUoUrgDz_4i9fw4LSMBEL44mR_MOo=w180-h180-l90-rj,1 DM fromis_9,,"1月 17, 2022",346794,"91 1 DM fromis_9 1月 17, 2022 90 39 346,794"
2026-08-10,kr,South Korea,top_songs_weekly,,92,https://yt3.googleusercontent.com/5nUR7Nt6ilCSVabeJKFpmhgm1wwmNWbxt3eG5x_1cQTniujORLJAEPHUumi3AcsouqXg1fM4mVJNCgR6HA=w180-h180-l90-rj,10 띠로리 MEOVV,,"6月 1, 2026",343652,"92 10 띠로리 MEOVV 6月 1, 2026 82 10 343,652"
2026-08-10,kr,South Korea,top_songs_weekly,,93,https://yt3.googleusercontent.com/iulR6WD4FpS6US2RW33EiPiqtVWmf3v6RIsCgnd5oe4YgJQThAMg2611ErvUmrYVSOiP5Hoal3sg7NTw=w180-h180-l90-rj,SWEAT KISS OF LIFE,,,,SWEAT KISS OF LIFE
2026-08-10,kr,South Korea,top_songs_weekly,,94,https://yt3.googleusercontent.com/7WGft9gWX0fw7OO8d2JMfjg2HCGzegpt3XVYCAtYMc5RSwbhoDOswXrBmPe-ghc2040cMXIkIcxIHdE=w180-h180-l90-rj,Prince of the sea 朴明洙,,,,Prince of the sea 朴明洙
2026-08-10,kr,South Korea,top_songs_weekly,,95,https://yt3.googleusercontent.com/XgS_SPt-MqOiGbJUk-lzy-I83kOKLhy0t486ZRYRABteg3g8QcCJcgaWAme0wYLxuESlbdv7lP5GoCQc=w180-h180-l90-rj,Brand New Mrs. GREEN APPLE,,,,Brand New Mrs. GREEN APPLE
2026-08-10,kr,South Korea,top_songs_weekly,,96,https://yt3.googleusercontent.com/k7XKTGhcPukWgnh4wIYC3kPKAT4iRww2jXl1ES9zq-0OvRCxeOz1g2dBgdT2Qo3lQZnDb3FuwSbFWRw=w180-h180-l90-rj,Roller Coaster 請夏,,,,Roller Coaster 請夏
2026-08-10,kr,South Korea,top_songs_weekly,,97,https://yt3.googleusercontent.com/jhJEekWUKG_NmWEhzWMtYlpnmF-3vz74bK8UNs9XunWO7aAP0WA4XXj3Bd2t25BZjMSPvm5XEHX9tpU=w180-h180-l90-rj,Hot Summer f(x),,"6月 14, 2011",338925,"97 New Hot Summer f(x) 6月 14, 2011 - 1 338,925"
2026-08-10,kr,South Korea,top_songs_weekly,,98,https://yt3.googleusercontent.com/Zl6lT-8KgSYiXI08I5ilE35LaWaDpVFYdBIEn_g_gJRGTBlb6xlMn4Ws226L3nMuhWl9UxRQZq5c1pZF=w180-h180-l90-rj,11 ACAI CORTIS,,"5月 4, 2026",337875,"98 11 ACAI CORTIS 5月 4, 2026 87 13 337,875"
2026-08-10,kr,South Korea,top_songs_weekly,,99,https://yt3.googleusercontent.com/MnEocnx4vhU8JFgbDnNZGDq9Np7e4Osn7sntVIrFOzOHt4AlOFJgt-fHSQu34bl8Wfsccv65w8IvpyeHJw=w180-h180-l90-rj,Switchblade (feat. Ty Dolla $ign) aespa,,,,Switchblade (feat. Ty Dolla $ign) aespa
2026-08-10,kr,South Korea,top_songs_weekly,,100,https://yt3.googleusercontent.com/dkTEWg4jkSPHPHOJ8Xx3gp-VRqHF3yfGrbBIM66NYVJ2fwpjIDCiA44LB8W4HNulpw6TY7Mmzfu5Q4rm=w180-h180-l90-rj,바다 가자 Ha Yea Song,,,,바다 가자 Ha Yea Song
2026-08-10,vn,Vietnam,top_songs_weekly,,1,https://yt3.googleusercontent.com/LLXr_K6MEoE6wSEV2iSJ9j2HqNTtRfBqxQpe9ArB01bxHt1xQaQfWjeRlJGximySIWo3VHgZ4FeTxvC7=w180-h180-l90-rj,Tìm Em (feat. Bảo Anh ) Hngle,,,,Tìm Em (feat. Bảo Anh ) Hngle
2026-08-10,vn,Vietnam,top_songs_weekly,,2,https://yt3.googleusercontent.com/bio5yni43VDbku_kSYxyK6n31Pys0PCvyRlqXHRj1e800MWHs3avp1IHGXdAgliWQfmnsXOye4TZfJo=w180-h180-l90-rj,xương rồng (intro) Dangrangto & DONAL,,,,xương rồng (intro) Dangrangto & DONAL
2026-08-10,vn,Vietnam,top_songs_weekly,,3,https://yt3.googleusercontent.com/CBrNUv4dXYt69VARmW06PbfGKaPN8wY862jGnXW0X9gFTifJpImqCq55-q244S6LcxjMERHmbziwOFhy=w180-h180-l90-rj,SSD W/N &,,"7月 31, 2026",2037855,"3 New SSD W/N & 267 7月 31, 2026 - 1 2,037,855"
2026-08-10,vn,Vietnam,top_songs_weekly,,4,https://yt3.googleusercontent.com/IF6xrt6-1gtyN9mugQylNTAePWYdQmwsNEtFQqfswgpsKXvDGaQCRVR2vrLGgY6rv2_NWdIiHiElKJ2y=w180-h180-l90-rj,"THẾ GIỚI CỦA ANH Dương Domic , buitruonglinh , CONGB , WEAN & Van Toan",,,,"THẾ GIỚI CỦA ANH Dương Domic , buitruonglinh , CONGB , WEAN & Van Toan"
2026-08-10,vn,Vietnam,top_songs_weekly,,5,https://yt3.googleusercontent.com/-cEa2wbK9kWOXuvdAVcXiUxEEj1UK9HCHv4sBL0K85B9o9Zzk4zO_eTUq0uW-K3LkU_hpuBGvHpqkpQ=w180-h180-l90-rj,dự báo thời tiết hôm nay mưa GREY D & Phúc Du,,,,dự báo thời tiết hôm nay mưa GREY D & Phúc Du
2026-08-10,vn,Vietnam,top_songs_weekly,,6,https://yt3.googleusercontent.com/bzQ-J5IbXeNIGp9-i7eZL0GwobTjAbzycPxyrflaEJLkGWZEsfIt6gQuQ0mZZB-SRiUWWCPHEjGJcnPa=w180-h180-l90-rj,Không Buông Hngle & Ari,,,,Không Buông Hngle & Ari
2026-08-10,vn,Vietnam,top_songs_weekly,,7,https://yt3.googleusercontent.com/IF6xrt6-1gtyN9mugQylNTAePWYdQmwsNEtFQqfswgpsKXvDGaQCRVR2vrLGgY6rv2_NWdIiHiElKJ2y=w180-h180-l90-rj,"MỘNG DUYÊN Quang Hùng MasterD , JSOL , Sơn.K , Song Luân & EMIL VERGO",,,,"MỘNG DUYÊN Quang Hùng MasterD , JSOL , Sơn.K , Song Luân & EMIL VERGO"
2026-08-10,vn,Vietnam,top_songs_weekly,,8,https://yt3.googleusercontent.com/v4PMLQYutK_KxMRyE19-xi2SRTxhnw3dva0fXbNkgy0emuY27-PLWyDfr9-0g2v_aMVKRJ3oEaSdTmk=w180-h180-l90-rj,Nếu Như Ta Chẳng Còn RPT MCK,,,,Nếu Như Ta Chẳng Còn RPT MCK
2026-08-10,vn,Vietnam,top_songs_weekly,,9,https://yt3.googleusercontent.com/MBsSXCIlM_eGu5YpvDDyfEtUwmkFDBaCtr-6qZsC_o5zamJOEL9PbnAzQE50dpyU0-iIrBSHNNVAhOU=w180-h180-l90-rj,vết thương Fishy,,,,vết thương Fishy
2026-08-10,vn,Vietnam,top_songs_weekly,,10,https://yt3.googleusercontent.com/32ejT_w_pjywxNDxiRXN_9wXwizxKILlX5hxHaIK44paKFlX2MWYDBFpode8dHRNdY2cblzs6Y71miKuGQ=w180-h180-l90-rj,Người Im Lặng Gặp Người Hay Nói HIEUTHUHAI,,,,Người Im Lặng Gặp Người Hay Nói HIEUTHUHAI
2026-08-10,vn,Vietnam,top_songs_weekly,,11,https://yt3.googleusercontent.com/JXSOnsZaIGpS55uOaQSEY4okJb9V1hacx9FsrV6g8Vh6KXAvAPo-UtysQnhpmQn_otreo5kQgwDZtBgO=w180-h180-l90-rj,Kẻ Say Tình 2 (Live) Quoc Thien,,,,Kẻ Say Tình 2 (Live) Quoc Thien
2026-08-10,vn,Vietnam,top_songs_weekly,,12,https://yt3.googleusercontent.com/MBknmxBTp0-P0ZJmS1pjsBxdzYQ9tJLK4fH3D8wOBfW6EhZbfF2i7kEsqIgj_gfGCk_2BrWKA7czhSF6=w180-h180-l90-rj,Ngày Rời Chuyến Bay Minh Huy & Pinny,,,,Ngày Rời Chuyến Bay Minh Huy & Pinny
2026-08-10,vn,Vietnam,top_songs_weekly,,13,https://yt3.googleusercontent.com/_UigUPfSaJajHPsTTPjBCIBsfOxtDfQiz_mGIlWK8WNgNEJPx7hWcM_q_7-MYJvvPfaSAMDUhXxXR9aOzQ=w180-h180-l90-rj,KẺ SAY TÌNH,SKYNote Quoc Thien,,2025,KẺ SAY TÌNH - SKYNote 2025 Quoc Thien
2026-08-10,vn,Vietnam,top_songs_weekly,,14,https://yt3.googleusercontent.com/pPXFB33cg6OkSoAG9Xbvp3cGnkXnTGWSYkUypg0vHL8IuRvIYBTYnjvhweDfjbCRf4FHXCksK2ukjio=w180-h180-l90-rj,海屿你 马也Crabbit & Cole先生,,,,海屿你 马也Crabbit & Cole先生
2026-08-10,vn,Vietnam,top_songs_weekly,,15,https://yt3.googleusercontent.com/IF6xrt6-1gtyN9mugQylNTAePWYdQmwsNEtFQqfswgpsKXvDGaQCRVR2vrLGgY6rv2_NWdIiHiElKJ2y=w180-h180-l90-rj,"MƯA VỘI PHÓNG Wren Evans , Ali Hoàng Dương , CODY Nam Võ , HYO & 2pillz",,,,"MƯA VỘI PHÓNG Wren Evans , Ali Hoàng Dương , CODY Nam Võ , HYO & 2pillz"
2026-08-10,vn,Vietnam,top_songs_weekly,,16,https://yt3.googleusercontent.com/My4eY0kSvcYwWZJ_SfVF7jLR95fGoV2b83uvUMYCpRAKsX-eP1dGw5LkJEoWm6xPXf0m-X6CfMmATb90=w180-h180-l90-rj,Tự Do Như Cơn Gió Xanh,,,,Tự Do Như Cơn Gió Xanh
2026-08-10,vn,Vietnam,top_songs_weekly,,17,https://yt3.googleusercontent.com/moXpr_lvHpb9m70jTjr-0GE63_VyHivgmyH7UPBJmgwWPHwwmvhxDPPZtdAhCFo7CdzmzIGwBE3cn4VuCQ=w180-h180-l90-rj,Dai Dai Shakira & 伯納男孩,,,,Dai Dai Shakira & 伯納男孩
2026-08-10,vn,Vietnam,top_songs_weekly,,18,https://yt3.googleusercontent.com/sx9GaEbDj3kqlnWhQh5Pkpy9irmNCZ7osy3GmbldHOWAj1NN9FPGHQSImva6P0_1e4eVKt7ITO98fB8G=w180-h180-l90-rj,Anh Này Là Của Tui Pinky & Hoa vũ,,,,Anh Này Là Của Tui Pinky & Hoa vũ
2026-08-10,vn,Vietnam,top_songs_weekly,,19,https://i.ytimg.com/vi/sZrIbpwjTwk/default.jpg,Ếch ngoài đáy giếng Phương Mỹ Chi,,,,Ếch ngoài đáy giếng Phương Mỹ Chi
2026-08-10,vn,Vietnam,top_songs_weekly,,20,https://yt3.googleusercontent.com/0y86eTzEIC2RjCz-yuwOhMWlwpS9_uddCdbrqv5IHaFJMrBUVlXJ3HO0VCAfrt2OJYtlokooq4jD6I9v=w180-h180-l90-rj,17 id,W/N,"7月 31, 2023",889575,"20 17 id 072019 W/N 7月 31, 2023 37 4 889,575"
2026-08-10,vn,Vietnam,top_songs_weekly,,21,https://yt3.googleusercontent.com/U-Fy45spaykr_yara6v_Q-qDaQ4ISn9-W8OVgmYywXynwU4qoV8Xd-LKBksAV9qSAwCclQygParpSyg=w180-h180-l90-rj,Em (feat. 皇杉) Binz,,,,Em (feat. 皇杉) Binz
2026-08-10,vn,Vietnam,top_songs_weekly,,22,https://yt3.googleusercontent.com/IF6xrt6-1gtyN9mugQylNTAePWYdQmwsNEtFQqfswgpsKXvDGaQCRVR2vrLGgY6rv2_NWdIiHiElKJ2y=w180-h180-l90-rj,"CUỘC GỌI NHỠ COOLKID , Quang Hùng MasterD , CODYNAMVO & Jaysonlei",,,,"50 CUỘC GỌI NHỠ COOLKID , Quang Hùng MasterD , CODYNAMVO & Jaysonlei"
2026-08-10,vn,Vietnam,top_songs_weekly,,23,https://yt3.googleusercontent.com/ht-uBXC6lywaJxgJxLTniX0qs7qSZTM9H0IMiQV4NUHH-S8DjyxBOhtS6fN7xh_GS5QKxpLq4Ug1Bs3vnA=w180-h180-l90-rj,She Neva Knows (CM1X Remix) CM1X,,,,She Neva Knows (CM1X Remix) CM1X
2026-08-10,vn,Vietnam,top_songs_weekly,,24,https://yt3.googleusercontent.com/ASlnUrCvF1MO7835Vnt-4ZBl1GC-tUsD-Nxcay_8NOq-XKv9t1xHcEPDi1IFkzFkVI3ThtYVY0LlhYX6xQ=w180-h180-l90-rj,đôi khi Obito,,"7月 30, 2026",835619,"24 New đôi khi Obito 7月 30, 2026 - 1 835,619"
2026-08-10,vn,Vietnam,top_songs_weekly,,25,https://yt3.googleusercontent.com/j9MKz37x298NkUKVh70EahdaMIK_VyVZo4C6sDEQoUhOCJe0nBZRTCm6G61NlnfBlvTAlrA-qNDCpq4=w180-h180-l90-rj,Ngồi Nghe Em Khóc DatG Music,,,,Ngồi Nghe Em Khóc DatG Music
2026-08-10,vn,Vietnam,top_songs_weekly,,26,https://i.ytimg.com/vi/tyM46ksZTI4/default.jpg,"NỢ EM CẢ BẦU TRỜI Anh Trai Vượt Ngàn Chông Gai , THỎ (Da LAB) , 黃尊 , OSAD , Hồ Đông Quan & Hà An Huy",,,,"NỢ EM CẢ BẦU TRỜI Anh Trai Vượt Ngàn Chông Gai , THỎ (Da LAB) , 黃尊 , OSAD , Hồ Đông Quan & Hà An Huy"
2026-08-10,vn,Vietnam,top_songs_weekly,,27,https://yt3.googleusercontent.com/TbgNJYz_kluYNbplVfTQZ1x1lW3WqjyYQq_xmWGzY24kkRXThjPQ50amGfVVtcRngdM8R4gszZxFU4o=w180-h180-l90-rj,Lo Người Ướt Áo (NVT Remix) Nguyễn Thạc Bảo Ngọc,,,,Lo Người Ướt Áo (NVT Remix) Nguyễn Thạc Bảo Ngọc
2026-08-10,vn,Vietnam,top_songs_weekly,,28,https://yt3.googleusercontent.com/qOoJ3tOLtGogVD1R4C590js7qqxJatlhziPRpv7TU0s3a3fKJKerr_J7cxe-qP4aR5aR7txp2KQcCOrg=w180-h180-l90-rj,In Love Low G & JustaTee,,,,In Love Low G & JustaTee
2026-08-10,vn,Vietnam,top_songs_weekly,,29,https://i.ytimg.com/vi/lK_KgArI2NA/default.jpg,"let me go (Live) Da LAB , Vương Anh Tú , Hoàng Rob , Hoàng Dũng & CHENG",,,,"let me go (Live) Da LAB , Vương Anh Tú , Hoàng Rob , Hoàng Dũng & CHENG"
2026-08-10,vn,Vietnam,top_songs_weekly,,30,https://yt3.googleusercontent.com/zBz7sc_EHALpVj9f9NTenmNcccoWJtEQHN-X_u6ogkKYtrGxlFeQmMlYK7j8XL6HGtREwFui1_z6gISf=w180-h180-l90-rj,Từng Là Của Nhau Bảo Anh & Táo,,,,Từng Là Của Nhau Bảo Anh & Táo
2026-08-10,vn,Vietnam,top_songs_weekly,,31,https://i.ytimg.com/vi/SME0kA0cNbw/default.jpg,Thiệp Hồng Chung Tên (feat. Hào JK) Út Nhị Mino,,,,Thiệp Hồng Chung Tên (feat. Hào JK) Út Nhị Mino
2026-08-10,vn,Vietnam,top_songs_weekly,,32,https://yt3.googleusercontent.com/2OUpQNjY58jQq1STwHz2CRClwWkzhCCKtSBo6SC2N78LAMmFaXJdSGkUENX7yw0g2CpCQ3RjejB_Fj4=w180-h180-l90-rj,Life Goes On Oliver Tree,,,,Life Goes On Oliver Tree
2026-08-10,vn,Vietnam,top_songs_weekly,,33,https://i.ytimg.com/vi/XpY62G82-HI/default.jpg,THƯƠNG LẤY PHẬN MÌNH Thái Học,,,,THƯƠNG LẤY PHẬN MÌNH Thái Học
2026-08-10,vn,Vietnam,top_songs_weekly,,34,https://yt3.googleusercontent.com/ssBWN-2H5QAlAVW96iwy5Pqb82I7-pSul6Rc9puCmrm2SSiApGEs6X330QHmHS8JXXt5NiwtFa-mzLudag=w180-h180-l90-rj,Ai Ngoài Anh VSTRA & Tyronee,,,,Ai Ngoài Anh VSTRA & Tyronee
2026-08-10,vn,Vietnam,top_songs_weekly,,35,https://yt3.googleusercontent.com/xGuuDerOmXJAGz23ZlawvrQ9glc2eLk3TUfLONnoFVVfMlE_QzD6QODT8o3u5TK2joZJJg_0ww6YVc7X=w180-h180-l90-rj,Gián Đáng Iu Hongg? The New Gene & Lâm Thằn Lằn,,,,Gián Đáng Iu Hongg? The New Gene & Lâm Thằn Lằn
2026-08-10,vn,Vietnam,top_songs_weekly,,36,https://i.ytimg.com/vi/4sthoR6eTB4/default.jpg,"MẤT LA BÀN (feat. Pháp Kiều, Thể Thiên, Hồng Hải Đăng, VƯƠNG BÌNH & TorySax) TINH HÀ ""SAY HI""",,,,"MẤT LA BÀN (feat. Pháp Kiều, Thể Thiên, Hồng Hải Đăng, VƯƠNG BÌNH & TorySax) TINH HÀ ""SAY HI"""
2026-08-10,vn,Vietnam,top_songs_weekly,,37,https://yt3.googleusercontent.com/PwQ543AKPc8tF0yUiz3e3s-Wy45l71Byt6T78PYeTB7Q0Jckq3C5d9P7faRc7OE5OTypbkxl4qFuVkI=w180-h180-l90-rj,Less than a Lover Jennie,,,,Less than a Lover Jennie
2026-08-10,vn,Vietnam,top_songs_weekly,,38,https://yt3.googleusercontent.com/v4PMLQYutK_KxMRyE19-xi2SRTxhnw3dva0fXbNkgy0emuY27-PLWyDfr9-0g2v_aMVKRJ3oEaSdTmk=w180-h180-l90-rj,Mắt Môi Tay Chân (feat. Tage) RPT MCK,,,,Mắt Môi Tay Chân (feat. Tage) RPT MCK
2026-08-10,vn,Vietnam,top_songs_weekly,,39,https://yt3.googleusercontent.com/aecAkQVUGAs31a_XBpLPgdbK6Bub7tCbXUt6t5nwGu8f_NQ2uiU53LZ9XEwi3SCYrLBhiycSsfwqFPxhNw=w180-h180-l90-rj,Thanh Tân VƯƠNG BÌNH,,,,Thanh Tân VƯƠNG BÌNH
2026-08-10,vn,Vietnam,top_songs_weekly,,40,https://yt3.googleusercontent.com/4O8Z7QbsEE4IrbvsgcYvQnNCoJ5eSnAtg5rFtRwnB6-2zpAeWJeBJ5Lh-GnBTkoViaJs-ounUx0BTTPw=w180-h180-l90-rj,Mùa hè 26 (feat. Pink Frog) Đen,,,,Mùa hè 26 (feat. Pink Frog) Đen
2026-08-10,vn,Vietnam,top_songs_weekly,,41,https://yt3.googleusercontent.com/Zl6lT-8KgSYiXI08I5ilE35LaWaDpVFYdBIEn_g_gJRGTBlb6xlMn4Ws226L3nMuhWl9UxRQZq5c1pZF=w180-h180-l90-rj,● REDRED CORTIS,,"4月 20, 2026",583266,"41 ● REDRED CORTIS 4月 20, 2026 41 16 583,266"
2026-08-10,vn,Vietnam,top_songs_weekly,,42,https://yt3.googleusercontent.com/eEXqI0KeotuaiRx4PjiopjPnlTBj9aiSXbY1NmzielYry7Mvs-WRANaJiivV62Zl6ufFtOwDMUtRmKVf=w180-h180-l90-rj,NO BATIDÃO slxughter,,,,NO BATIDÃO slxughter
2026-08-10,vn,Vietnam,top_songs_weekly,,43,https://yt3.googleusercontent.com/v4PMLQYutK_KxMRyE19-xi2SRTxhnw3dva0fXbNkgy0emuY27-PLWyDfr9-0g2v_aMVKRJ3oEaSdTmk=w180-h180-l90-rj,Nguyễn Văn Mười RPT MCK,,,,Nguyễn Văn Mười RPT MCK
2026-08-10,vn,Vietnam,top_songs_weekly,,44,https://yt3.googleusercontent.com/CwtUqDJhEnd9U_GyRBTwrRE0lpNwIgw6ugIlJLbP9EC91DKzgWz1WEo3cmcsdDybIEzTkrZaz_hNttJx=w180-h180-l90-rj,MOON BABYMONSTER,,,,MOON BABYMONSTER
2026-08-10,vn,Vietnam,top_songs_weekly,,45,https://i.ytimg.com/vi/05S2uf37ufc/default.jpg,Địa Ngục Trần Gian (Đông x Thazh Remix) (feat. BM Music Group) Phạm Kỳ,,,,Địa Ngục Trần Gian (Đông x Thazh Remix) (feat. BM Music Group) Phạm Kỳ
2026-08-10,vn,Vietnam,top_songs_weekly,,46,https://yt3.googleusercontent.com/6LDZTIjk3nbSSsG8J0M2_ME4KWzt4MTZ7oqrZlWg-uZ1gRWnBKt9ySPibZ5l7GJ_-j6gB6hv-qLNaPE=w180-h180-l90-rj,hate that i made you love me Ariana Grande,,,,hate that i made you love me Ariana Grande
2026-08-10,vn,Vietnam,top_songs_weekly,,47,https://yt3.googleusercontent.com/VUAB4owLjtScBRD5iFSssM68dXJo-zyfDaXjrcCrh2RoCSTpmMs441huAJPFnu3fYxHk6j0ZomQIlThFAg=w180-h180-l90-rj,Người Đáng Thương Là Anh Only C,,,,Người Đáng Thương Là Anh Only C
2026-08-10,vn,Vietnam,top_songs_weekly,,48,https://yt3.googleusercontent.com/kVQ2_2EjuzjFwJ-IcXacVJhIYcWjohJ8idYt375UEw2zaiFXXP0MRfF02JyqbgSSqdtnklvjoVFs6LLsQQ=w180-h180-l90-rj,MOTION (feat. Juicy J) CORTIS,,,,MOTION (feat. Juicy J) CORTIS
2026-08-10,vn,Vietnam,top_songs_weekly,,49,https://yt3.googleusercontent.com/R-OIF5FQHpJ3AtbDY2TscqfIQ4Q_EVN10qcHdyCYNY1QBTgbnRXalxvGms958iGLQYonTv_p2l17xTV3mQ=w180-h180-l90-rj,Có Em Madihu & Low G,,,,Có Em Madihu & Low G
2026-08-10,vn,Vietnam,top_songs_weekly,,50,https://yt3.googleusercontent.com/vlAboPfJ6DtZlPg3CzNvJErUMhCfixpSpTmV3BUKaf5HHpiKd2h92cxFhzurzP7CmoQqoRbYSAsZqCCmNw=w180-h180-l90-rj,Tình Đầu Tăng Duy Tân,,,,Tình Đầu Tăng Duy Tân
2026-08-10,vn,Vietnam,top_songs_weekly,,51,https://yt3.googleusercontent.com/H5AhGLmUcRMJb3ome0PFPxjQbVeszOuMZiA-vO2qcFTDxs1YRmZmVv-GQkr5D9Ct5Psoc7kb6kbZdVA=w180-h180-l90-rj,Sau Cơn Mưa COOLKID & RHYDER,,,,Sau Cơn Mưa COOLKID & RHYDER
2026-08-10,vn,Vietnam,top_songs_weekly,,52,https://yt3.googleusercontent.com/KAignBFJEoOOXJ_9J_pRB_xp_mBHVnn6uQAKvwY-oVng__tj9JWEUFi4kR9xav-NsoSvpmGdt_yofqg=w180-h180-l90-rj,Nếu Biết Đó Là Lần Cuối Đức Trường & BMZ,,,,Nếu Biết Đó Là Lần Cuối Đức Trường & BMZ
2026-08-10,vn,Vietnam,top_songs_weekly,,53,https://yt3.googleusercontent.com/IF6xrt6-1gtyN9mugQylNTAePWYdQmwsNEtFQqfswgpsKXvDGaQCRVR2vrLGgY6rv2_NWdIiHiElKJ2y=w180-h180-l90-rj,"IM ĐỢI NGƯỜI ANH THƯƠNG Wren Evans , CAPTAIN BOY , IVAN & Thể Thiên",,,,"IM ĐỢI NGƯỜI ANH THƯƠNG Wren Evans , CAPTAIN BOY , IVAN & Thể Thiên"
2026-08-10,vn,Vietnam,top_songs_weekly,,54,https://yt3.googleusercontent.com/BKxUIETz1Vt8WcKm7bC2HP85RkhB5K6rbu3d-hNoe4kSkf_CJYJ0DqMknD3J85nUpilrGJMa7ipBnEJn-w=w180-h180-l90-rj,Базовый минимум Sabi & 米亞·博伊卡,,,,Базовый минимум Sabi & 米亞·博伊卡
2026-08-10,vn,Vietnam,top_songs_weekly,,55,https://yt3.googleusercontent.com/aY7XQv5IZq2QVU8W0ufb5Hx8vztXaEi1-zwnEOkTRtF8q_gBg66jKOIcYV5nPrzOYqHqQNiDmihbeNYG=w180-h180-l90-rj,Text 07 (feat.,) W/N,,267,Text 07 (feat. 267) W/N
2026-08-10,vn,Vietnam,top_songs_weekly,,56,https://yt3.googleusercontent.com/Fu3ZKiavP9PER1zb_VjEmi4U7dmSNpcpANzj79OcAQLTTpufqXkYs1VuA9MfLGrsXx7ZGDPrhQMFoIvY1w=w180-h180-l90-rj,Chị Đại Gãy Cánh 3 Dao Nguyen Anh,,,,Chị Đại Gãy Cánh 3 Dao Nguyen Anh
2026-08-10,vn,Vietnam,top_songs_weekly,,57,https://yt3.googleusercontent.com/4wFDdGsoNkVPItCuet9g40I1u9YENOB4NF0Hu3h0V64Ip2o90PLYOkfW7JWy13P1HTQg0iazcOzAJBOC=w180-h180-l90-rj,nước Obito,,"7月 31, 2026",488184,"57 New nước Obito 7月 31, 2026 - 1 488,184"
2026-08-10,vn,Vietnam,top_songs_weekly,,58,https://yt3.googleusercontent.com/kueJeXoFV1rYRCCbsBS6nGhttXAT7vBzS_Wzr2f9Q1ZaqlhmTMmAkeivfCYi1C3uO9g_S684UfV6c0KA7w=w180-h180-l90-rj,Bánh mì không DatG Music & DuUyên,,,,Bánh mì không DatG Music & DuUyên
2026-08-10,vn,Vietnam,top_songs_weekly,,59,https://i.ytimg.com/vi/kj7FXhECpSw/default.jpg,NGƯỢC LỐI YÊU (LIVE) Chu Thúy Quỳnh & Vicky Nhung,,,,NGƯỢC LỐI YÊU (LIVE) Chu Thúy Quỳnh & Vicky Nhung
2026-08-10,vn,Vietnam,top_songs_weekly,,60,https://yt3.googleusercontent.com/rn8GBXDoLDx_AgqM5f1n8yOaGQ222R8dAGSKSaMvRv1YL7YGzDQHTG1S13XXzpNYGNwwTHJ2OVWwojis=w180-h180-l90-rj,Thương Thầm Cô Lái Đò (remix,) Tiến võ,,2026,Thương Thầm Cô Lái Đò (remix 2026) Tiến võ
2026-08-10,vn,Vietnam,top_songs_weekly,,61,https://yt3.googleusercontent.com/zh9Htd0Nh-Z0h6AzAPFKjdxoV7Fium8XRoBeC3VAQWGkWag6RB5xQB1cdALRblcWazHGPtQQ09MBX5C-=w180-h180-l90-rj,Khởi (feat. SEAGAD & Yung Ni99) TonDee,,,,Khởi (feat. SEAGAD & Yung Ni99) TonDee
2026-08-10,vn,Vietnam,top_songs_weekly,,62,https://yt3.googleusercontent.com/9p0YKvgIZ8lmUAE3QPFJpCkOE0d6MoqJhm-pzMmBzRqdLydTcIjRTp9skLb7AZS1Bemta10eqxJP4zus=w180-h180-l90-rj,"Hà Nội Obito , Shiki & VSTRA",,,,"Hà Nội Obito , Shiki & VSTRA"
2026-08-10,vn,Vietnam,top_songs_weekly,,63,https://yt3.googleusercontent.com/C3iwP912pyeCwVzhltZtT6_nLqFH6YtjjgBPOIbdavb_eRE3Y6v0_9aj1v4kgLsuU1ND2bigf3R6AxBqZg=w180-h180-l90-rj,"Có công mài ""Sắc"" Ngô Lan Hương",,,,"Có công mài ""Sắc"" Ngô Lan Hương"
2026-08-10,vn,Vietnam,top_songs_weekly,,64,https://yt3.googleusercontent.com/m1lGpoONZ1LOZzNNHcUG-DWOuDsYnB_loa0IRdyNojL7Jca2Kpu3Mmb0kAPtfnmfWyqDwMSqDcpgTrse=w180-h180-l90-rj,"XA Anh Trai Vượt Ngàn Chông Gai , Đông Hùng , K.O & 14 Casper",,,,"XA Anh Trai Vượt Ngàn Chông Gai , Đông Hùng , K.O & 14 Casper"
2026-08-10,vn,Vietnam,top_songs_weekly,,65,https://yt3.googleusercontent.com/WjcsO6KNcnMJITBkKvvDSHgzwKyl2fXMW5CVFz4X14XIMGV7DhXrv7Pnpz4devONbTvevuvlnjvBfW70sA=w180-h180-l90-rj,2 4 W/N,,"7月 31, 2024",414751,"65 New 2 4 W/N 7月 31, 2024 - 1 414,751"
2026-08-10,vn,Vietnam,top_songs_weekly,,66,https://yt3.googleusercontent.com/g9heX5zcxS3pC1Ga5sYvimx3ZlUvzlygi630IdkKKpBBuftfxo2sxsWNL-SPvD8RRTml39hcE-qlpTTNIw=w180-h180-l90-rj,Tìm Thấy Nhau SIVAN,,,,Tìm Thấy Nhau SIVAN
2026-08-10,vn,Vietnam,top_songs_weekly,,67,https://i.ytimg.com/vi/CD_BFGQkIgY/default.jpg,Sự Ưu Tiên Của Em (Cover) Kiều Chi,,,,Sự Ưu Tiên Của Em (Cover) Kiều Chi
2026-08-10,vn,Vietnam,top_songs_weekly,,68,https://yt3.googleusercontent.com/AZG3OAbiNl_gz55aOWiPicwSILxcwitnypUyi_Tt6IydHKunHXmWLlPojiOFe4LVK6ykC5-SZJaUqH0b=w180-h180-l90-rj,Vườn Hoa Con Cá Olew,,,,Vườn Hoa Con Cá Olew
2026-08-10,vn,Vietnam,top_songs_weekly,,69,https://yt3.googleusercontent.com/Zl6lT-8KgSYiXI08I5ilE35LaWaDpVFYdBIEn_g_gJRGTBlb6xlMn4Ws226L3nMuhWl9UxRQZq5c1pZF=w180-h180-l90-rj,2 ACAI CORTIS,,"5月 4, 2026",398728,"69 2 ACAI CORTIS 5月 4, 2026 67 13 398,728"
2026-08-10,vn,Vietnam,top_songs_weekly,,70,https://yt3.googleusercontent.com/2HvSRlRA-_0LRaZ1swZieNvfOEmXbXcyYHMn1XcBvdfUGnLN_jXZ3l7_qevpveEEjCMrQGPf2oq3rMTw=w180-h180-l90-rj,Anh Đã Lừa Dối (Thahtrung Remix) Quang Kiệt,,,,Anh Đã Lừa Dối (Thahtrung Remix) Quang Kiệt
2026-08-10,vn,Vietnam,top_songs_weekly,,71,https://yt3.googleusercontent.com/YxpSTx7xo0J364cXs-FqOkBEyrcc1QWqeUGe0pS9MT0UiR41i6xCmS8UCMGWDy5H9vz-a8_A__68wENOqg=w180-h180-l90-rj,"MOVE ON Anh Trai Vượt Ngàn Chông Gai , OSAD & Thái Lê Minh Hiếu",,,,"MOVE ON Anh Trai Vượt Ngàn Chông Gai , OSAD & Thái Lê Minh Hiếu"
2026-08-10,vn,Vietnam,top_songs_weekly,,72,https://yt3.googleusercontent.com/v4PMLQYutK_KxMRyE19-xi2SRTxhnw3dva0fXbNkgy0emuY27-PLWyDfr9-0g2v_aMVKRJ3oEaSdTmk=w180-h180-l90-rj,Baby (feat. marzuz) RPT MCK,,,,Baby (feat. marzuz) RPT MCK
2026-08-10,vn,Vietnam,top_songs_weekly,,73,https://i.ytimg.com/vi/CoSc0Qqd5L0/default.jpg,Nhức Tiềm Thức Hà An Huy,,,,Nhức Tiềm Thức Hà An Huy
2026-08-10,vn,Vietnam,top_songs_weekly,,74,https://yt3.googleusercontent.com/qOgEcdAyumI9jcqu_Du3YVq_b6w3yoPzGPFnCPN_zjw8k0FH_a1vNmEhRgGyaiQDKBDRej5XzblASUo=w180-h180-l90-rj,Haaland (Ha Ha Ha) CTID,,,,Haaland (Ha Ha Ha) CTID
2026-08-10,vn,Vietnam,top_songs_weekly,,75,https://yt3.googleusercontent.com/G82OvY50oAKYLrv8uutBf3iXtVznM1T69ZUYorZ5vNLlJ0SwzAtgrNQo32dn6Fgtb7xz2yZDFi73kqHi=w180-h180-l90-rj,Chạnh Lòng Thương Cô 4 Huy Vạc,,,,Chạnh Lòng Thương Cô 4 Huy Vạc
2026-08-10,vn,Vietnam,top_songs_weekly,,76,https://yt3.googleusercontent.com/j1BZPdmPGaHf3w5Y4JuLN5WQ6DM-4ho3E2yx9ZMEg0SM6lyC8KRNX3XXM3FQQ8MZNbz31Je6c6VfxxY3=w180-h180-l90-rj,Dạt Vào Tim Em Anh Trai Vượt Ngàn Chông Gai & Cheng,,,,Dạt Vào Tim Em Anh Trai Vượt Ngàn Chông Gai & Cheng
2026-08-10,vn,Vietnam,top_songs_weekly,,77,https://yt3.googleusercontent.com/_k_MLJqgtVuUVeLtaflo7wd2vFVwFEgDuVDWgI7IYv7cwrIu2YV43KWHlxNrVfguNbA60EjHWGFnrVLq7A=w180-h180-l90-rj,5 Như Anh Mơ PC,,"3月 16, 2020",359933,"77 5 Như Anh Mơ PC 3月 16, 2020 82 3 359,933"
2026-08-10,vn,Vietnam,top_songs_weekly,,78,https://yt3.googleusercontent.com/IF6xrt6-1gtyN9mugQylNTAePWYdQmwsNEtFQqfswgpsKXvDGaQCRVR2vrLGgY6rv2_NWdIiHiElKJ2y=w180-h180-l90-rj,"CÔ ĐƠN ANH CŨNG VUI DILLAN , KIMLONG & WEAN",,,,"CÔ ĐƠN ANH CŨNG VUI DILLAN , KIMLONG & WEAN"
2026-08-10,vn,Vietnam,top_songs_weekly,,79,https://yt3.googleusercontent.com/3RNsv7dNTYSBpuSWmpWM6PiYgQAaCXKvi8ION2AH2OaQHc-vW5-rJW4PqztU9XGaX-5z3sMc5RMTMc8n=w180-h180-l90-rj,5 It's Me ILLIT,,"4月 23, 2026",357755,"79 5 It's Me ILLIT 4月 23, 2026 84 14 357,755"
2026-08-10,vn,Vietnam,top_songs_weekly,,80,https://yt3.googleusercontent.com/6FsBXTceoAZqyCGZXqx40HRjjZY_D6EKcUWhaJNsLnwuWVJOrJ9WGYBTbwVWdFSHoDZdwFHO3LJuobUv=w180-h180-l90-rj,Bên Ấy Em Có Ai Rồi (feat. TVk & 93NewG) 周凱峰,,,,Bên Ấy Em Có Ai Rồi (feat. TVk & 93NewG) 周凱峰
2026-08-10,vn,Vietnam,top_songs_weekly,,81,https://yt3.googleusercontent.com/OlsyF8L82chwdoVqON-g5H3BsEEgA0zSIYU_6SIZgMtLe0QzZPxzno91C6zJktuon6rjAv_UbmggkO_vyQ=w180-h180-l90-rj,9 BAD ATEEZ,,"5月 22, 2026",346309,"81 9 BAD ATEEZ 5月 22, 2026 90 2 346,309"
2026-08-10,vn,Vietnam,top_songs_weekly,,82,https://yt3.googleusercontent.com/CHV1GAuQaKbdojBo-hComRit5epm-pB09H1tla044E73_lFxcGyNmeS8ulpnEOnSMmGbuClx5nJ26UHF=w180-h180-l90-rj,TIỂU THUYẾT TÌNH YÊU,"(feat. Hành Or, Pinny & Hổ) Freaky",,2026,"TIỂU THUYẾT TÌNH YÊU 2026 (feat. Hành Or, Pinny & Hổ) Freaky"
2026-08-10,vn,Vietnam,top_songs_weekly,,83,https://i.ytimg.com/vi/O5iDDoD4ZGw/default.jpg,"Đáng Ra Anh Không Nên DatG Music , B Ray & Khánh",,,,"Đáng Ra Anh Không Nên DatG Music , B Ray & Khánh"
2026-08-10,vn,Vietnam,top_songs_weekly,,84,https://yt3.googleusercontent.com/PZ3URyhJUWJ-Wpa3ta_0RZQOkWxKKswBDIAppv3lJElUlocZLuwYmoO7iOYhJ1j2WEspcNEYUtPSZZc=w180-h180-l90-rj,Y Que Fue? 唐·明嘉羅,,,,Y Que Fue? 唐·明嘉羅
2026-08-10,vn,Vietnam,top_songs_weekly,,85,https://yt3.googleusercontent.com/2sOMjaH6f-ajEur_6cbbfrNsEx3g6GcCSHxfwbbGeXmTj3a1gY7ExxUrvP63I1j-0H0Be2aJqYDNxay-=w180-h180-l90-rj,Chị Đại Gẫy Cánh 2 Dao Nguyen Anh,,,,Chị Đại Gẫy Cánh 2 Dao Nguyen Anh
2026-08-10,vn,Vietnam,top_songs_weekly,,86,https://yt3.googleusercontent.com/ZA26KDdKE4_T-1d9Xn7nvWjEdUc0w9ztQOuM65Gz-8eK7i_il4pvGsh9h5RaJyN81G3TMkoOxFhZo-zIGQ=w180-h180-l90-rj,Thiệp Hồng Sai Tên Nguyễn Thành Đạt,,,,Thiệp Hồng Sai Tên Nguyễn Thành Đạt
2026-08-10,vn,Vietnam,top_songs_weekly,,87,https://yt3.googleusercontent.com/znDsqmUbBGx74c1XUYACOSWvbw703d-TUoT7GhN7tKSdk2BF37EljuvHgDoGT0oBL2k9nHvRf5S_loHEUw=w180-h180-l90-rj,mây Obito,,"8月 1, 2026",341096,"87 New mây Obito 8月 1, 2026 - 1 341,096"
2026-08-10,vn,Vietnam,top_songs_weekly,,88,https://yt3.googleusercontent.com/FZgtqH0qtrPtk0Vn-fQqOfPUEanelSuDfPUaiR3Z7Jb_VNKYgvLQQBtExAyqUNV78UhO20SHYG3nBzAc=w180-h180-l90-rj,88 하루하루 BIGBANG,,"8月 8, 2008",340639,"88 88 하루하루 BIGBANG 8月 8, 2008 - 7 340,639"
2026-08-10,vn,Vietnam,top_songs_weekly,,89,https://yt3.googleusercontent.com/COsOTJ-0IursZy8jHgHRAmtyRPXa5NajQZHJIFgotQzeWlobeZAPkU6ln16MG89Zd6UOuAlhhzx6mWEs=w180-h180-l90-rj,Một Nửa Sự Thật 24k.Right,,,,Một Nửa Sự Thật 24k.Right
2026-08-10,vn,Vietnam,top_songs_weekly,,90,https://yt3.googleusercontent.com/_A3R08gtJG5gH9MWg8LK8NL3fF6KJV_IUqr2YSqsBrK5UOR5kkz1MxuRbmTbjaSZoomqiBhokxVdyx4=w180-h180-l90-rj,Sinh Ra Đã Là Thứ Đối Lập Nhau (feat. Badbies) Emcee L,,,,Sinh Ra Đã Là Thứ Đối Lập Nhau (feat. Badbies) Emcee L
2026-08-10,vn,Vietnam,top_songs_weekly,,91,https://yt3.googleusercontent.com/bio5yni43VDbku_kSYxyK6n31Pys0PCvyRlqXHRj1e800MWHs3avp1IHGXdAgliWQfmnsXOye4TZfJo=w180-h180-l90-rj,"vùng vẫy Dangrangto , DONAL & ZEXZEX",,,,"vùng vẫy Dangrangto , DONAL & ZEXZEX"
2026-08-10,vn,Vietnam,top_songs_weekly,,92,https://yt3.googleusercontent.com/CipOjlOlqhDO_gKMZsl8f_eoK4YVPQ5x2C_ciCIW8shqxkWt729iDd0rMUO3T0BvZhVMKtnj5Oa6nmk=w180-h180-l90-rj,Váy Cưới ERIK & Kai Đinh,,,,Váy Cưới ERIK & Kai Đinh
2026-08-10,vn,Vietnam,top_songs_weekly,,93,https://yt3.googleusercontent.com/7lwQ64rERzU2Xj-fSMe9OoHF_TKiggsO5wZ4sS0zfsMGaLBehjsuIag2OUqMCzPGD3PkgsUxtVO-MQA=w180-h180-l90-rj,Thương Lắm Thầy Cô Ơi Bé Phan Hiếu Kiên,,,,Thương Lắm Thầy Cô Ơi Bé Phan Hiếu Kiên
2026-08-10,vn,Vietnam,top_songs_weekly,,94,https://yt3.googleusercontent.com/Cfyq5ZHis3vMzXXMsMZ1YU1qYblIW92DAnMDZ85tbKkFPe7A45I64HyQYA8_bRr8FF5JLR5JKs3zKevN=w180-h180-l90-rj,"Vỡ Tan Anh Trai Vượt Ngàn Chông Gai , Trịnh Thăng Bình & Hà An Huy",,,,"Vỡ Tan Anh Trai Vượt Ngàn Chông Gai , Trịnh Thăng Bình & Hà An Huy"
2026-08-10,vn,Vietnam,top_songs_weekly,,95,https://yt3.googleusercontent.com/p6u0xpidJEN2YDvuJgBFOHO3oou12TCGw-nCRauxRwZchTFccIb_4gMFm3rbo2hPCiqAfIk-dgnIDOE=w180-h180-l90-rj,Bâng Khuâng JustaTee,,,,Bâng Khuâng JustaTee
2026-08-10,vn,Vietnam,top_songs_weekly,,96,https://i.ytimg.com/vi/6iW3bZuKO-k/default.jpg,20 Tìm Em Hngle,,"6月 29, 2026",314326,"96 20 Tìm Em Hngle 6月 29, 2026 76 3 314,326"
2026-08-10,vn,Vietnam,top_songs_weekly,,97,https://yt3.googleusercontent.com/sm9gz2XQFzc-Gp7qsQzIJGuIsowoyVI43ki4048evRTzCi8IN2FcTyv42YttCDRH-93amTRkG05hqnOK=w180-h180-l90-rj,Earrings Malcolm Todd,,,,Earrings Malcolm Todd
2026-08-10,vn,Vietnam,top_songs_weekly,,98,https://yt3.googleusercontent.com/IF6xrt6-1gtyN9mugQylNTAePWYdQmwsNEtFQqfswgpsKXvDGaQCRVR2vrLGgY6rv2_NWdIiHiElKJ2y=w180-h180-l90-rj,"XOAY VÒNG HURRYKNG , JSOL , VƯƠNG BÌNH & CONGB",,,,"XOAY VÒNG HURRYKNG , JSOL , VƯƠNG BÌNH & CONGB"
2026-08-10,vn,Vietnam,top_songs_weekly,,99,https://yt3.googleusercontent.com/0UVcwU4CUjnLwfCx2zeOugD4X7mdlKtKcBM1oimBjKHLWa6hBKO-Rbwdb4YEcNO5ZDenm752jIrdbjY=w180-h180-l90-rj,Xin Đừng Rời Xa Anh Lê Gia Bảo,,,,Xin Đừng Rời Xa Anh Lê Gia Bảo
2026-08-10,vn,Vietnam,top_songs_weekly,,100,https://yt3.googleusercontent.com/aJOwWme67Jv0meDARljg4iTGsDoI7wxXIZDw-n8C4yA6ydoggJB638q7qxfVqGjdFuzuX4SCJxfPxBmt=w180-h180-l90-rj,Người Bạn Thần Kỳ Dao Nguyen Anh,,,,Người Bạn Thần Kỳ Dao Nguyen Anh
2026-08-10,th,Thailand,top_songs_weekly,,1,https://yt3.googleusercontent.com/2W7X-DNJiw81FCRzyud1zFhOuUALHn3qKFitF4Ji1oh_E99aKYfFNUy8-biNAFlhGqGDVtTnjsebM8QF=w180-h180-l90-rj,เพราะพี่รักจริง หนึ่ง บีเคแบนด์,,,,เพราะพี่รักจริง หนึ่ง บีเคแบนด์
2026-08-10,th,Thailand,top_songs_weekly,,2,https://yt3.googleusercontent.com/GqsEYtu86q1I59hhdrbnk-aV7zqP-hX_8kA90iOxGnH3E1l8iKCypLpPzE_3T2cm8UHIexIEHredXE0=w180-h180-l90-rj,นาฬิกาทราย (sign) BOWKYLION,,,,นาฬิกาทราย (sign) BOWKYLION
2026-08-10,th,Thailand,top_songs_weekly,,3,https://yt3.googleusercontent.com/g-pYQq_3vbmwFk9d2GFIkTqqXisaJnuFx8BxwbRix7Q6DoFHtzkIw5G5WPt4q3iD68w-p51gtpu31zdG=w180-h180-l90-rj,ขี้แง (Boys Don't Cry) PROXIE,,,,ขี้แง (Boys Don't Cry) PROXIE
2026-08-10,th,Thailand,top_songs_weekly,,4,https://yt3.googleusercontent.com/Ih4fi8lWJvsusXaJJK4DYuGk4PVwBzSsX_tk5kCMW6LgpNzwMOTvBgzUK2TfHj_kqp6MElSfRXG9QeY3=w180-h180-l90-rj,กลัวว่าฉันจะไม่เสียใจ (Fear) PURPEECH,,,,กลัวว่าฉันจะไม่เสียใจ (Fear) PURPEECH
2026-08-10,th,Thailand,top_songs_weekly,,5,https://yt3.googleusercontent.com/VzTNj_ut7UteH7Zx3ykv94IRyGDuSbvwEBCfEUjAd038jMDy3J-CGpoLISmZrMnepJ_dCvLtRWQTzzU=w180-h180-l90-rj,เมื่อไหร่จะมี (มีใจให้กัน) BLVCKHEART,,,,เมื่อไหร่จะมี (มีใจให้กัน) BLVCKHEART
2026-08-10,th,Thailand,top_songs_weekly,,6,https://yt3.googleusercontent.com/kUA7_9JUpV0IwTh7zhDe7mM9o1PvUWLui1gw3A45JknRRdwFeVElJQEBHd41PQuYdkcREOAFxyNVQSTx=w180-h180-l90-rj,ขึ้นใจ (3am call) (feat. BLVCKHEART) Mirrr,,,,ขึ้นใจ (3am call) (feat. BLVCKHEART) Mirrr
2026-08-10,th,Thailand,top_songs_weekly,,7,https://yt3.googleusercontent.com/DwKiEAsgwpy1F5_zWfJviNpLeUOkr13pCUMDLzhciCW78SaSZGbK6VnPgwNsY1dD2Rx04kAVlhp7y8Q=w180-h180-l90-rj,ฝากให้เขารัก Yes'sir days,,,,ฝากให้เขารัก Yes'sir days
2026-08-10,th,Thailand,top_songs_weekly,,8,https://yt3.googleusercontent.com/OttLUzF3VQQVKHz4YOcsUpUfxrh7-K3F_t3ECMSAtDIZ-uECqnnDCeJ0OmYFgfO8dgabm_Pvfdw2pqik=w180-h180-l90-rj,ความคิดถึงที่เต็มไปด้วยน้ำตา โชเล่ย์ ชคัทพล,,,,ความคิดถึงที่เต็มไปด้วยน้ำตา โชเล่ย์ ชคัทพล
2026-08-10,th,Thailand,top_songs_weekly,,9,https://yt3.googleusercontent.com/YwHKomZGv67My-ySuZythZFfQLNJFX05ThMh7BnvJmDwH8XqAJ6t9_EynGXBjbh8o4AWXGFAEeodNwg=w180-h180-l90-rj,สาธุ (Sathu) ASIA7,,,,สาธุ (Sathu) ASIA7
2026-08-10,th,Thailand,top_songs_weekly,,10,https://yt3.googleusercontent.com/RzKkdaCqz9zXTF-kc3yzKJHNx6Bac_hnT7VVryRJwzlXcl57gzPph3LCojrNrCp7MVCW27sw56yr1yg=w180-h180-l90-rj,Rain Zone (feat. Z9) Maiyarap,,,,Rain Zone (feat. Z9) Maiyarap
2026-08-10,th,Thailand,top_songs_weekly,,11,https://yt3.googleusercontent.com/2KrJkWEizilhNYKGwQW2EEACkQmD6J8HkiE1_XQMtT1IzmpFHmQbgyWw2iNQb44y7APkrzcfy-qd-VRz7g=w180-h180-l90-rj,4 แผลใหม่ 欽達拉·蓬叻,,"12月 3, 2015",1593673,"11 4 แผลใหม่ 欽達拉·蓬叻 12月 3, 2015 7 7 1,593,673"
2026-08-10,th,Thailand,top_songs_weekly,,12,https://yt3.googleusercontent.com/1Tta6IdHy1nTccT5q_wHkaJJxX3EAwrpMthNk2j9XjDlN8lAx2-ati0G5fNTDRu4xynJ-m306Aq9xmcZ8Q=w180-h180-l90-rj,ทิ้งกันไม่ได้หรอก (feat. เกมส์ สุจิตรา) JSPKK & แจ๊ส สปุ๊กนิค ปาปิยอง กุ๊กกุ๊ก,,,,ทิ้งกันไม่ได้หรอก (feat. เกมส์ สุจิตรา) JSPKK & แจ๊ส สปุ๊กนิค ปาปิยอง กุ๊กกุ๊ก
2026-08-10,th,Thailand,top_songs_weekly,,13,https://yt3.googleusercontent.com/VKeVJ6sJ4MgYbUKByUSeLPb1Mz8kWGqDhM4kwWqO6_DjQAWYw1KyZ7efYFCXQ_BaAwStBRA2bpGPlM80=w180-h180-l90-rj,หม้อหุงข้าว JOEY PHUWASIT,,,,หม้อหุงข้าว JOEY PHUWASIT
2026-08-10,th,Thailand,top_songs_weekly,,14,https://yt3.googleusercontent.com/6LDZTIjk3nbSSsG8J0M2_ME4KWzt4MTZ7oqrZlWg-uZ1gRWnBKt9ySPibZ5l7GJ_-j6gB6hv-qLNaPE=w180-h180-l90-rj,hate that i made you love me Ariana Grande,,,,hate that i made you love me Ariana Grande
2026-08-10,th,Thailand,top_songs_weekly,,15,https://yt3.googleusercontent.com/ggoyFZFTxlecNCe5NHF0vl2Gvj7JmKI-Fxdpewosdl5HbGcdWhQ1v994blzENF2amqid0MCszqynb7zj=w180-h180-l90-rj,รักให้เธอได้รู้ (Proof.) PUN,,,,รักให้เธอได้รู้ (Proof.) PUN
2026-08-10,th,Thailand,top_songs_weekly,,16,https://yt3.googleusercontent.com/zaO73rBSW6Ad1EDeUAd4axjzqwbRCpw5hHvbKRPau7mVuTIQyg3cl7CrJcSvG-DFJZLpozAZ1vy56h19kg=w180-h180-l90-rj,เมื่อถูกค้นพบ (Finally She Found.) FREEHAND,,,,เมื่อถูกค้นพบ (Finally She Found.) FREEHAND
2026-08-10,th,Thailand,top_songs_weekly,,17,https://yt3.googleusercontent.com/PMhx5xCsz33pJ67Qp7iutv8fEI749ODGAHh2f8n5suM_gf39gI2eudCspJ7BP445e07QXLqDhco8ndo=w180-h180-l90-rj,3 ซมซาน Loso,,"3月 26, 1998",1416099,"17 3 ซมซาน Loso 3月 26, 1998 14 11 1,416,099"
2026-08-10,th,Thailand,top_songs_weekly,,18,https://yt3.googleusercontent.com/Fw5UN_8VENuFdLW3HPp5z_6cv-PAGWnL7YsaZn6ySs4a-8zi5oBPDuCqkWts_KVJMnQQB1YognAA6Hg=w180-h180-l90-rj,แก้บน Kantong Tungngern,,,,แก้บน Kantong Tungngern
2026-08-10,th,Thailand,top_songs_weekly,,19,https://yt3.googleusercontent.com/SV4ioXZhgjFxUY0cQxoJt9v-rigaoYuYNPGSBJNvHB9zJ9lJ_eQGJBx0HboML5D4qYiPUCF6-GyqX9OaZw=w180-h180-l90-rj,แคนฮ้างนางฟ้า (feat. Kong Huayrai) กู่แคน,,,,แคนฮ้างนางฟ้า (feat. Kong Huayrai) กู่แคน
2026-08-10,th,Thailand,top_songs_weekly,,20,https://yt3.googleusercontent.com/ax5qWCEAr0qAIt6tM-Ytu9nh0O2zBdAMvz8UHPXNDb9RFBG3QmeNNZg8hzM5Vp4Yo95ueNBD8ragiMI=w180-h180-l90-rj,พอได้เสียว ดิด คิตตี้,,,,พอได้เสียว ดิด คิตตี้
2026-08-10,th,Thailand,top_songs_weekly,,21,https://yt3.googleusercontent.com/Usv_VqL7qrh8Jazbgbtl1LWKvAfAifSXSiBmecwCLw2tco4zKfwAWGoHMKuIS2RRyAHwLFDCDl4Wg3Knqg=w180-h180-l90-rj,จิ้งจก ตุ๊กแก อึ่งอ่าง เพ้นท์ คอนเน่,,,,จิ้งจก ตุ๊กแก อึ่งอ่าง เพ้นท์ คอนเน่
2026-08-10,th,Thailand,top_songs_weekly,,22,https://yt3.googleusercontent.com/ijGYWMp7aBWFSiE4rR2IO_SDNIcG3UkSoM8aFLbpKqsyyBaRz0v8YV6be8wNtlC-4JezyXs1AYRtxqCn=w180-h180-l90-rj,ฟ้าสีครามกับความเป็นจริง Bovini,,,,ฟ้าสีครามกับความเป็นจริง Bovini
2026-08-10,th,Thailand,top_songs_weekly,,23,https://yt3.googleusercontent.com/7w714qK1jcjff7Z0Io9oDH-5xUKkz_bRIeUKedPomdM2KvWRUFpbp1_HFjl8IpBPOCXo63intKQmhqkF=w180-h180-l90-rj,เต้ยสั่งลา ธีร์ ทีเร็กซ์ OFFICIAL,,,,เต้ยสั่งลา ธีร์ ทีเร็กซ์ OFFICIAL
2026-08-10,th,Thailand,top_songs_weekly,,24,https://yt3.googleusercontent.com/nEB7Mbkcpv2mJnt1nl3IImTmOYWdnNZoBG_vfdMM20L4E09fnieWDo_k1al82uExU28qaBOVb5DjCY_x=w180-h180-l90-rj,ถ้าเธอพร้อมที่จะรัก หนึ่ง บีเคแบนด์,,,,ถ้าเธอพร้อมที่จะรัก หนึ่ง บีเคแบนด์
2026-08-10,th,Thailand,top_songs_weekly,,25,https://yt3.googleusercontent.com/YXJCn4RzftRDtJJqiBHFEp7uQR4MCayf8haekpKsv8bbX-110UOYmJxDsYSCGvNnPsNJAMOH4b1mayDuhA=w180-h180-l90-rj,ได้แค่เดินมาส่ง (The Last Walk) (feat. BLVCKHEART) GAVIN:D,,,,ได้แค่เดินมาส่ง (The Last Walk) (feat. BLVCKHEART) GAVIN:D
2026-08-10,th,Thailand,top_songs_weekly,,26,https://yt3.googleusercontent.com/OlsyF8L82chwdoVqON-g5H3BsEEgA0zSIYU_6SIZgMtLe0QzZPxzno91C6zJktuon6rjAv_UbmggkO_vyQ=w180-h180-l90-rj,2 BAD ATEEZ,,"5月 22, 2026",1210156,"26 2 BAD ATEEZ 5月 22, 2026 24 5 1,210,156"
2026-08-10,th,Thailand,top_songs_weekly,,27,https://yt3.googleusercontent.com/uQ7-fpF0MFTzbsyLlvH2r-_wM-aWP7wxK55atBiSXcO00Y8n5W9IyUYp3WP_RRpMkM-mpz8AuToL2fO2DA=w180-h180-l90-rj,อุษาสาง เจนจิรา เฉียงเอก,,,,อุษาสาง เจนจิรา เฉียงเอก
2026-08-10,th,Thailand,top_songs_weekly,,28,https://yt3.googleusercontent.com/Kdgqewa1oAEES8-go5Yb1mI4vh_d7fYPYNaqq0-mufo3B8_OibSeB8pTpbX2WKwwLmBHuGIRUZWsCLE=w180-h180-l90-rj,เหลือใจให้ฉันบ้างไหม MUNMUSIC,,,,เหลือใจให้ฉันบ้างไหม MUNMUSIC
2026-08-10,th,Thailand,top_songs_weekly,,29,https://yt3.googleusercontent.com/pPy2cA5K-sItr6lpGjUjJhmiumwBnB8dB4NSmiraU2w96TXY3_1rwLSSUNLEb9E0zWtgU3YYYhII8aOB=w180-h180-l90-rj,ย้าย่ายะ อูโน่ หลาวทอง,,,,ย้าย่ายะ อูโน่ หลาวทอง
2026-08-10,th,Thailand,top_songs_weekly,,30,https://yt3.googleusercontent.com/HszIJFZ6VqJkcNH35dlL3Y6kK36Y4GkA17AAzqd4U29wBKdgmlccY0vAhu2tzwYMK87w_w3lV-rZNCSm=w180-h180-l90-rj,ไม่มีใครรู้ตัวเรา UNHEARD MUSIC,,,,ไม่มีใครรู้ตัวเรา UNHEARD MUSIC
2026-08-10,th,Thailand,top_songs_weekly,,31,https://yt3.googleusercontent.com/K4ZO9q0UnHA3FfnirB_FfgeIfe9hE_xXTJG6kprqyePdusPWJL-ovT9QzMv6TfAKk7aZnq7WbT32UQlA=w180-h180-l90-rj,ไม่มีวันไหนที่ไม่คิดถึง (starlost.) PURPEECH,,,,ไม่มีวันไหนที่ไม่คิดถึง (starlost.) PURPEECH
2026-08-10,th,Thailand,top_songs_weekly,,32,https://yt3.googleusercontent.com/IBwK4LOs4sO-Cd-_5YO4XC2B2N1hvyBvKfr60tT_ljIuwmOuVWWW2NypbcvzKgScVAbRsWEYbmsjfcm2cw=w180-h180-l90-rj,Sunflower Post Malone & Swae Lee,,,,Sunflower Post Malone & Swae Lee
2026-08-10,th,Thailand,top_songs_weekly,,33,https://yt3.googleusercontent.com/svvDKqGiZncddEE469eVtU_5TKGkISCjez9k-hs0FA3zAdKnanAnbvj_XIfR0whgV0GfpTY-xXxwBsQ=w180-h180-l90-rj,สลักจิต (feat. Da Endorphine) Pop Pongkool,,,,สลักจิต (feat. Da Endorphine) Pop Pongkool
2026-08-10,th,Thailand,top_songs_weekly,,34,https://yt3.googleusercontent.com/nfF2R0QvoUXAxpaLQI36ce9AWqQif6QEUM8Nv9UJguS-cz5HCqv07wjvv61rwuiaEFC_ldBcYast5Lwg6A=w180-h180-l90-rj,ไม่คิดนอกใจ Loso,,,,ไม่คิดนอกใจ Loso
2026-08-10,th,Thailand,top_songs_weekly,,35,https://yt3.googleusercontent.com/CwtUqDJhEnd9U_GyRBTwrRE0lpNwIgw6ugIlJLbP9EC91DKzgWz1WEo3cmcsdDybIEzTkrZaz_hNttJx=w180-h180-l90-rj,MOON BABYMONSTER,,,,MOON BABYMONSTER
2026-08-10,th,Thailand,top_songs_weekly,,36,https://yt3.googleusercontent.com/DoSlD9nStiSCPI-45A6tQ1ZoE0vCL0mm_BkwQpsCbZVBYtt9Nt6xc9FeFEFyno6V1aXMsXDnPCpJ6idsyg=w180-h180-l90-rj,16 สาหัส Loso,,"10月 7, 1999",1102014,"36 16 สาหัส Loso 10月 7, 1999 20 6 1,102,014"
2026-08-10,th,Thailand,top_songs_weekly,,37,https://yt3.googleusercontent.com/o2hXfaNRI7Kq4P0VkgJMhlSD_mlfg9rvjnpeuZcU04BN0UhaAtJG0JX7JBDRHkLVuedE7jejH-V35SKk=w180-h180-l90-rj,2 หลุมอากาศ Palmy,,"6月 17, 2026",1100177,"37 2 หลุมอากาศ Palmy 6月 17, 2026 35 7 1,100,177"
2026-08-10,th,Thailand,top_songs_weekly,,38,https://yt3.googleusercontent.com/LXvsQoiQRJePCTVL3Sw6Kdg3YTy7wGgYvaeqvGE43g3aBHhN1blXCB-v8vRh2EaHmFjpavc7PblT3qE=w180-h180-l90-rj,DAY ONE PUN,,"6月 6, 2024",1065645,"38 New DAY ONE PUN 6月 6, 2024 - 1 1,065,645"
2026-08-10,th,Thailand,top_songs_weekly,,39,https://yt3.googleusercontent.com/P2-_b83gX4CHJHv7Ynty-XFswJMj41WmeqryRU0o9wWQvb1yNwZA-Q3h4oqpUcxm6im1M9Svw4ynOJlr=w180-h180-l90-rj,สนิทใจ (เพลงจากละคร รักร้าย) Palmy,,,,สนิทใจ (เพลงจากละคร รักร้าย) Palmy
2026-08-10,th,Thailand,top_songs_weekly,,40,https://yt3.googleusercontent.com/jYLuOWnvcdEy3LaYldP9yaQ4bsqv-f0Z0OXvuC_hDeGm7OsH-8sUURWlQzAa8Q3QHy6tJ5wSHN_OMnEc=w180-h180-l90-rj,ใจเหลือเหลือ Dr.Fuu,,,,ใจเหลือเหลือ Dr.Fuu
2026-08-10,th,Thailand,top_songs_weekly,,41,https://yt3.googleusercontent.com/lNrxqkvpyciAXEt4MYb2zK7azk4DEHVLKSRy-cAgzn84onHSyLKfMIfzjOgroPzONw2PsF-5aAl-BQM4=w180-h180-l90-rj,ใจฉันตามเธอไป YOUNGOHM,,,,ใจฉันตามเธอไป YOUNGOHM
2026-08-10,th,Thailand,top_songs_weekly,,42,https://yt3.googleusercontent.com/MMa3WHkhDj1w3UGmD6-XZP-PKEQWSXh6U4j1E70phH3SyoGgPIeA-bhnwSald-CZGuNRNzEyu0mtrrb_=w180-h180-l90-rj,ลบไม่ได้ช่วยให้ลืม (Live) Ink Waruntorn & 普提蓬·阿薩拉塔納功,,,,ลบไม่ได้ช่วยให้ลืม (Live) Ink Waruntorn & 普提蓬·阿薩拉塔納功
2026-08-10,th,Thailand,top_songs_weekly,,43,https://yt3.googleusercontent.com/Bm4v6XCSmt8fzDexXMg8t2sfpBcDHnyXEArSTHh9QUQcsp-3YyAYN9Pn82RQfjQSX-dgjDvHM4zJNbe_VA=w180-h180-l90-rj,ดอกกระเจียวบาน Kong Huayrai,,,,ดอกกระเจียวบาน Kong Huayrai
2026-08-10,th,Thailand,top_songs_weekly,,44,https://yt3.googleusercontent.com/DoSlD9nStiSCPI-45A6tQ1ZoE0vCL0mm_BkwQpsCbZVBYtt9Nt6xc9FeFEFyno6V1aXMsXDnPCpJ6idsyg=w180-h180-l90-rj,15 คืนจันทร์ Loso,,"10月 7, 1999",984677,"44 15 คืนจันทร์ Loso 10月 7, 1999 29 12 984,677"
2026-08-10,th,Thailand,top_songs_weekly,,45,https://yt3.googleusercontent.com/L0a578Kj5Pwyxt7wljlIupOQx5DIEw51Mi9_go3wQWXT7GCamSMyAUclzEQ9zBfUjIfQ_GOSLrMFKBU=w180-h180-l90-rj,ก่อนโลกทั้งใบมันพัง Mr'พระจันทร์,,,,ก่อนโลกทั้งใบมันพัง Mr'พระจันทร์
2026-08-10,th,Thailand,top_songs_weekly,,46,https://yt3.googleusercontent.com/biznDoQd0CVXlq8gjjEkcWkXflgU4Hwiu8NADW17uC3pBepyNCawd245rowk3J00pFNLysI9kIXuCVCk=w180-h180-l90-rj,รักไม่ไหวแล้วโว้ย JOEY PHUWASIT,,,,รักไม่ไหวแล้วโว้ย JOEY PHUWASIT
2026-08-10,th,Thailand,top_songs_weekly,,47,https://yt3.googleusercontent.com/lNrxqkvpyciAXEt4MYb2zK7azk4DEHVLKSRy-cAgzn84onHSyLKfMIfzjOgroPzONw2PsF-5aAl-BQM4=w180-h180-l90-rj,Sunset In Pattaya YOUNGOHM,,,,Sunset In Pattaya YOUNGOHM
2026-08-10,th,Thailand,top_songs_weekly,,48,https://i.ytimg.com/vi/34wnf8276O4/default.jpg,ภวังค์จิต ปราง ปรางทิพย์,,,,ภวังค์จิต ปราง ปรางทิพย์
2026-08-10,th,Thailand,top_songs_weekly,,49,https://yt3.googleusercontent.com/GSB4W8GZSs_OiB2o55Gy2tNVjOzjOIyiO6bfpxVEt86aH6WV_avYw7IjXOOSaHXh07gs-xLVvztaOa4=w180-h180-l90-rj,บุญผลาบ่ฮอด อ้ายแมน ภิสิทธิ์พงษ์,,,,บุญผลาบ่ฮอด อ้ายแมน ภิสิทธิ์พงษ์
2026-08-10,th,Thailand,top_songs_weekly,,50,https://yt3.googleusercontent.com/fQFcxuZhGTMdHo2vouf9Adz_WCap0aWSLaZiD5kh1AvInpLNEZDoEynfk7YRJDMApR-F1Uy-de3G3tqrQw=w180-h180-l90-rj,ดอกไม้กับหัวใจ I,Zax,,,ดอกไม้กับหัวใจ I-Zax
2026-08-10,th,Thailand,top_songs_weekly,,51,https://yt3.googleusercontent.com/PwQ543AKPc8tF0yUiz3e3s-Wy45l71Byt6T78PYeTB7Q0Jckq3C5d9P7faRc7OE5OTypbkxl4qFuVkI=w180-h180-l90-rj,Less than a Lover Jennie,,,,Less than a Lover Jennie
2026-08-10,th,Thailand,top_songs_weekly,,52,https://yt3.googleusercontent.com/BREOt2rZjiIcF7JHeJEzozexdNiqUsTz7uUSBqTKEgUCinbxSirTtswu5MfCXmIlWt--In-bgejluR9-Iw=w180-h180-l90-rj,เด็กมูกล่อ พ็อก บิ๊กอายส์,,,,เด็กมูกล่อ พ็อก บิ๊กอายส์
2026-08-10,th,Thailand,top_songs_weekly,,53,https://yt3.googleusercontent.com/ggoyFZFTxlecNCe5NHF0vl2Gvj7JmKI-Fxdpewosdl5HbGcdWhQ1v994blzENF2amqid0MCszqynb7zj=w180-h180-l90-rj,ขอแค่นี้ (Forever n ever) PUN,,,,ขอแค่นี้ (Forever n ever) PUN
2026-08-10,th,Thailand,top_songs_weekly,,54,https://yt3.googleusercontent.com/-auVvVwE-gA2T7AcCG3z6f0jg62qvPaktn2t-ZDdDv7jOvARV0tCg3DNUEXzg0c0WZjhbJzEu2-WYSQ=w180-h180-l90-rj,ณ ความรัก สุดเขต จึงเจริญ,,,,ณ ความรัก สุดเขต จึงเจริญ
2026-08-10,th,Thailand,top_songs_weekly,,55,https://yt3.googleusercontent.com/iVaenViV0dg3ciG64AgYYAN2BM-LMTpwl2DoEtlppvDVKJAN2-DuegMzvmicbXKkw2HCgAg6ZA5GYbw=w180-h180-l90-rj,แฟนใครไม่รู้ KM56,,,,แฟนใครไม่รู้ KM56
2026-08-10,th,Thailand,top_songs_weekly,,56,https://yt3.googleusercontent.com/R6pJ3QAj8G7L14H-LEs0kOncBi_hV15wWyTlC9EebsWVtonYPDCevAtKwu3tq-XHyOr_16c0CF_ziuVZIw=w180-h180-l90-rj,คิดถึงเรื้อรัง manutsawee,,,,คิดถึงเรื้อรัง manutsawee
2026-08-10,th,Thailand,top_songs_weekly,,57,https://yt3.googleusercontent.com/nnOeoFL_Zf5X_eTvb1KiqZ4PhF4283ymCyHsE0aRycQnyiKl-_KI3vFjC9fw7eMI44mZbWZSbt8sUck=w180-h180-l90-rj,ดาวหางฮัลเลย์ fellow fellow,,,,ดาวหางฮัลเลย์ fellow fellow
2026-08-10,th,Thailand,top_songs_weekly,,58,https://yt3.googleusercontent.com/NUdnnPvQGgcNK9EWBGZTap1zMzxcsXcJPrL5h9pHTk4TtUYEPBEFzb7TiDBQ6IngvDqdXUZ5AtEKDqT7=w180-h180-l90-rj,KRYPTONITE PUN,,"7月 29, 2021",831474,"58 New KRYPTONITE PUN 7月 29, 2021 - 1 831,474"
2026-08-10,th,Thailand,top_songs_weekly,,59,https://yt3.googleusercontent.com/syhwTn_5xmlCxNIivtvHoaSA5hSakGVIElhtoqLm_5_meLythFvgPZ1_Lj1WfpV_DqdI2xh8k6OUF5U6sQ=w180-h180-l90-rj,ถ้าเธอมองที่หัวใจ หนึ่ง บีเคแบนด์,,,,ถ้าเธอมองที่หัวใจ หนึ่ง บีเคแบนด์
2026-08-10,th,Thailand,top_songs_weekly,,60,https://yt3.googleusercontent.com/hd8pHY_yg4GAk1M7JcnsPXX-TehngLovDvyJusD4kiRvTTyi8K5pH87hm3SWNqNWCo5mnBABvWopLFw=w180-h180-l90-rj,Baddie (feat. Justmine JMNK) IRONBOY,,,,Baddie (feat. Justmine JMNK) IRONBOY
2026-08-10,th,Thailand,top_songs_weekly,,61,https://yt3.googleusercontent.com/d-YnaB3hPptgm1UtFssuTqQsTFLS4TKbUAMqbHDrgHaI4j9-MbQZCUsol-Oa7ovcSUx6UIJ9hcNwbb4G=w180-h180-l90-rj,วาสนาหมาหย่ำรถ Tar TorJorWor,,,,วาสนาหมาหย่ำรถ Tar TorJorWor
2026-08-10,th,Thailand,top_songs_weekly,,62,https://yt3.googleusercontent.com/zHHW2bPzBsqYFMNwo7553O2tR4_RzzxT0sBF_wQw_qR9dRBy44QU1QIRIoWda6ky_-QHCIW4b_MMrfYv=w180-h180-l90-rj,อมพระมาพูด 賽桑・蘇品麥,,,,อมพระมาพูด 賽桑・蘇品麥
2026-08-10,th,Thailand,top_songs_weekly,,63,https://yt3.googleusercontent.com/chxG3PrzzjTEgSBvXgxk-vsPqZ4v1rG9UNhIjIng8nntctsYCE-IEcSxTyDIgFjsEQhw-SGK58Bg0yE=w180-h180-l90-rj,ผมมีหัวใจจริงๆ (For The Girl...) T!NE,,,,ผมมีหัวใจจริงๆ (For The Girl...) T!NE
2026-08-10,th,Thailand,top_songs_weekly,,64,https://yt3.googleusercontent.com/eiM2IHHuzdDjDPbGEaCoh9-Bb51Qfgjd-reBuEh-3QZwAegbOT9y1Lt-2HHGU5BFZRpb-T7ylyvwbH3T=w180-h180-l90-rj,1 คนถูกของ เมนทอล,,"3月 13, 2026",761812,"64 1 คนถูกของ เมนทอล 3月 13, 2026 63 16 761,812"
2026-08-10,th,Thailand,top_songs_weekly,,65,https://yt3.googleusercontent.com/LglISGajSABFxRmJ0Ii1HiN-h4en70hRSus5-ycdSxGxf298SvnfIDvwPgzMk0RlJjCbPOkuHpLifok=w180-h180-s-l90-rj,คืนที่ดาวเต็มฟ้า ปราโมทย์ วิเลปะนะ,,,,คืนที่ดาวเต็มฟ้า ปราโมทย์ วิเลปะนะ
2026-08-10,th,Thailand,top_songs_weekly,,66,https://yt3.googleusercontent.com/rPiXUO1vpFfO1YSr1XmDHCx8MMJyvHbqeFYp9_YknA3pCcC8v2NPGPLaOr3ZMy5vJ48BeovjxAmRHJYZ=w180-h180-l90-rj,ขอให้เธอมีสุข หนึ่ง บีเคแบนด์,,,,ขอให้เธอมีสุข หนึ่ง บีเคแบนด์
2026-08-10,th,Thailand,top_songs_weekly,,67,https://yt3.googleusercontent.com/8EuoRNuBToTgSKrPeqrLIxrf35nLVLpAYgCwaQboCsv88-5Xfe1g9KKkT0eh-TKRbX1ASf7sF_i1TxFx=w180-h180-l90-rj,สิลืมเขาแล้วล่ะ (feat. WanMai) Nek Narurpol,,,,สิลืมเขาแล้วล่ะ (feat. WanMai) Nek Narurpol
2026-08-10,th,Thailand,top_songs_weekly,,68,https://yt3.googleusercontent.com/uY85QN1f-lL7ZvLQ0HzFXFNrLRg9eqxy6-8zN28Txuc3t5CBR2mvENTCDanQld2j48LitFws3h9S5BY=w180-h180-l90-rj,สิทธิ์ของเจ้า 埋代•話摘星,,,,สิทธิ์ของเจ้า 埋代•話摘星
2026-08-10,th,Thailand,top_songs_weekly,,69,https://yt3.googleusercontent.com/jifBgMPX5NXibdHn9ppvvWY4ndjMYhOFVyvfv-Wr8De347pjJydMmS-MuyllcOt9Rq8FA5zlwcE9-0gK=w180-h180-l90-rj,ไม่ได้ลืมแค่ไม่ได้เจอ (Flashback) guncharlie,,,,ไม่ได้ลืมแค่ไม่ได้เจอ (Flashback) guncharlie
2026-08-10,th,Thailand,top_songs_weekly,,70,https://yt3.googleusercontent.com/6azUkE5sTP24w5w18RQTXBT51pegkytm3UQiRC60_3Ps4xkbslRkDQF30tJ_cZYjdC6XhBhA9jLK07OR=w180-h180-l90-rj,จำนน (White Flag) NONT TANONT,,,,จำนน (White Flag) NONT TANONT
2026-08-10,th,Thailand,top_songs_weekly,,71,https://yt3.googleusercontent.com/Qx3DBiqj7lh1EYZ2TWFQb8PiA0pT7-s6o_EJWbNqtk4HxnOwGkgQm4GItUik8D0zkTmOQ-eaq211_I1M8g=w180-h180-l90-rj,ปริญญาไก่ตี เม้ก อภิสิทธิ์,,,,ปริญญาไก่ตี เม้ก อภิสิทธิ์
2026-08-10,th,Thailand,top_songs_weekly,,72,https://yt3.googleusercontent.com/nLihlDHvHj8v_kZaKp-HDP2luy4RE5uonQ4MMUZ5JDZDeHV2zalqAMZBBZkPpo1muu8I0RlAfSbhghw=w180-h180-l90-rj,ถอนคำสาบาน อะตอม ตาปีมิวสิคกรุ๊ป,,,,ถอนคำสาบาน อะตอม ตาปีมิวสิคกรุ๊ป
2026-08-10,th,Thailand,top_songs_weekly,,73,https://yt3.googleusercontent.com/6oxP2JDS6fqjUehZSMiAZky-XGvgZiu-w58dUbf7zXRhn0atXZe2ttYGY7eb_7gmBdear2Q_V9x1oW4=w180-h180-l90-rj,อยากเจอ Blue Shade,,,,อยากเจอ Blue Shade
2026-08-10,th,Thailand,top_songs_weekly,,74,https://yt3.googleusercontent.com/sm9gz2XQFzc-Gp7qsQzIJGuIsowoyVI43ki4048evRTzCi8IN2FcTyv42YttCDRH-93amTRkG05hqnOK=w180-h180-l90-rj,Earrings Malcolm Todd,,,,Earrings Malcolm Todd
2026-08-10,th,Thailand,top_songs_weekly,,75,https://yt3.googleusercontent.com/yJTggtOWalVXXkE_y_qhwNLxCJEUrhGN8jT03kdvM60kc2BfltqILEENqFPx2Htjg3_4e0wOwxEKwyWpbA=w180-h180-l90-rj,รักรออยู่ไม่ไกล PURPEECH,,,,รักรออยู่ไม่ไกล PURPEECH
2026-08-10,th,Thailand,top_songs_weekly,,76,https://yt3.googleusercontent.com/JE98xaB9OHWlIsdNr6nxV6TL8mpM7Pite1DDvTA7sXbVcwqAWe6P31G5l8GC-Kw8SgyCpG2FfXFcbvqQ=w180-h180-l90-rj,ขอตายในอ้อมกอดเธอ 賽桑・蘇品麥,,,,ขอตายในอ้อมกอดเธอ 賽桑・蘇品麥
2026-08-10,th,Thailand,top_songs_weekly,,77,https://yt3.googleusercontent.com/O4QdBlxVkRKQy24hvDyibf0LX2wzF5we-9lF7k99ccKpSZnze_OLILMbNnvNW_ww_JwF-p-m37I5mDQ=w180-h180-l90-rj,นึกว่าสงสารสักครั้ง พงษ์สิทธิ์ คำภีร์,,,,นึกว่าสงสารสักครั้ง พงษ์สิทธิ์ คำภีร์
2026-08-10,th,Thailand,top_songs_weekly,,78,https://yt3.googleusercontent.com/JxhXxu2cUarxG_ETWGbVALyKoJBq2JqRQBGyDMF2yYuGt74rk8e3yQ0gLgIIsPYhVPlLmfdUde2_p0TMlQ=w180-h180-l90-rj,รสหวาน FREEHAND,,"1月 11, 2022",622089,"78 New รสหวาน FREEHAND 1月 11, 2022 - 1 622,089"
2026-08-10,th,Thailand,top_songs_weekly,,79,https://yt3.googleusercontent.com/ivizI4Qe0kfDPTWXUgz2d8Yl6NOLxWDuV-pltqaN2aIScrSJQikKmbVXbJDR2caUFfdbOH_8j2BnJb4=w180-h180-l90-rj,โปรดอย่าย้ำคนช้ำใจ Keng Niyut,,,,โปรดอย่าย้ำคนช้ำใจ Keng Niyut
2026-08-10,th,Thailand,top_songs_weekly,,80,https://yt3.googleusercontent.com/TZtusfDvmU1PBtkTenIXfx5FeSF2ONnGn4drMqMwwNuwxDYVwDBWpmU36FROENIcdHXjUoFo2Mr9jc7o0Q=w180-h180-l90-rj,19 ใจสั่งมา Loso,,"10月 7, 1999",610682,"80 19 ใจสั่งมา Loso 10月 7, 1999 61 6 610,682"
2026-08-10,th,Thailand,top_songs_weekly,,81,https://yt3.googleusercontent.com/7O0DUB-nCfKJBOUUKmjObxqOxQpGxxlKANUpWcHsn61NfyI54_vpmD-t94Ia64oGxD2TLE7W85cfTfdN=w180-h180-l90-rj,11 ไอ้ทุย วงL.กฮ.,,"4月 4, 2026",600342,"81 11 ไอ้ทุย วงL.กฮ. 4月 4, 2026 70 3 600,342"
2026-08-10,th,Thailand,top_songs_weekly,,82,https://yt3.googleusercontent.com/KiRFdWuVPnwJSEZykMlgx6GJ6Jr_OUt5KxpQF2Y5nJM7LzH0Nlb8E5N1cZFEgghgh7FC187lt8HWGKoK=w180-h180-l90-rj,ถามไหรนักหนา บอลลี่ เพชรบุรี,,,,ถามไหรนักหนา บอลลี่ เพชรบุรี
2026-08-10,th,Thailand,top_songs_weekly,,83,https://yt3.googleusercontent.com/Azb0e8KPdx_kzd4ry5Zsw4qmc0adsgdx3MYR5XmwVwqC6I1SydwQKCYL3Lg9bPjPeLWhL9HSdqUO9dydWg=w180-h180-l90-rj,ส่วนผสมลับ (Secret ingredient) Jh4y,,,,ส่วนผสมลับ (Secret ingredient) Jh4y
2026-08-10,th,Thailand,top_songs_weekly,,84,https://yt3.googleusercontent.com/wXkXjlcs3VQ09JqQaLbmd-XAwvoZ0Kxsy5h3jbA2hGyAaw_XMWMzVxze2CWrYFfQRAwnktCoev7-uJaz=w180-h180-l90-rj,The One That Got Away Katy Perry,,,,The One That Got Away Katy Perry
2026-08-10,th,Thailand,top_songs_weekly,,85,https://i.ytimg.com/vi/MFc3AmH011c/default.jpg,เมือบ้าน Kong Huayrai,,,,เมือบ้าน Kong Huayrai
2026-08-10,th,Thailand,top_songs_weekly,,86,https://yt3.googleusercontent.com/eixi7dc2auxIK0M7pm3n8Y3nabbzPI-YNSA154G-kTE6NB8YGdscX4dn2lONDSW7NZJQ9CjfDGnqQx8G=w180-h180-l90-rj,สายไป (feat. BLVCKHEART) 9tokyo,,,,สายไป (feat. BLVCKHEART) 9tokyo
2026-08-10,th,Thailand,top_songs_weekly,,87,https://yt3.googleusercontent.com/bVtewSUsfQg7-H-LGf9n5czH6ofdgzVXFawgHK1PfHZ3J6lFENEMjFD7CcLjnMkV0a60b8jU_QCIbvU0=w180-h180-l90-rj,ให้ทุกความผิดหวังจากไปกับเพลง เสมือนฝัน,,,,ให้ทุกความผิดหวังจากไปกับเพลง เสมือนฝัน
2026-08-10,th,Thailand,top_songs_weekly,,88,https://yt3.googleusercontent.com/Ot3M1GGWaP29b0x6RmIzxoPPb37hwcbdMtsIfgvkHc2OvLG8E5Z9sMRqDSbwKGnrnuizfrzlwcmr2ZuVYw=w180-h180-l90-rj,เมืองหลวงใจร้าย นิว พงศกร,,,,เมืองหลวงใจร้าย นิว พงศกร
2026-08-10,th,Thailand,top_songs_weekly,,89,https://yt3.googleusercontent.com/rOoQv25T97KV5oqVKKDlHhGJh077hFdRvaasZOuM_ZevxjmzSkzqLimDX9DPARZJm5HJ7_hNik8rvLApbw=w180-h180-l90-rj,เอิ้นเธอว่าความฮัก AM CHOLTICHA,,,,เอิ้นเธอว่าความฮัก AM CHOLTICHA
2026-08-10,th,Thailand,top_songs_weekly,,90,https://yt3.googleusercontent.com/fdSr_EfN740WPXZrlh9zY0wLdvp-omI2_0oR2Ql9AvjAwaqjK0ggdxZONEa0MaD-7RuUjjxDVSGbPOhX=w180-h180-l90-rj,ปฏิเสธไม่ไหว (feat. No One Else) Lipta,,,,ปฏิเสธไม่ไหว (feat. No One Else) Lipta
2026-08-10,th,Thailand,top_songs_weekly,,91,https://yt3.googleusercontent.com/eHozL4UT0VwSTLnre71b3DOFKUD5ewY3MxojX-mu4DRwTbzKxF88fsCxaceS93Dr9P5T7VFQGczTIjz_gw=w180-h180-l90-rj,มือเปล่า (PUT THE GUN DOWN) ALIE BLACKCOBRA,,,,มือเปล่า (PUT THE GUN DOWN) ALIE BLACKCOBRA
2026-08-10,th,Thailand,top_songs_weekly,,92,https://yt3.googleusercontent.com/brMQoFN3M9_qK7z3mIIUO3uo3_VXOh_GkgQuJ3X_nYUBpuhdf7h17onrKK3mJnFXLDatKj42md2V8aTE=w180-h180-l90-rj,ถ้าเขาไม่รัก รักพี่ได้ไหม Cham Chamrum,,,,ถ้าเขาไม่รัก รักพี่ได้ไหม Cham Chamrum
2026-08-10,th,Thailand,top_songs_weekly,,93,https://yt3.googleusercontent.com/2OUpQNjY58jQq1STwHz2CRClwWkzhCCKtSBo6SC2N78LAMmFaXJdSGkUENX7yw0g2CpCQ3RjejB_Fj4=w180-h180-l90-rj,Life Goes On Oliver Tree,,,,Life Goes On Oliver Tree
2026-08-10,th,Thailand,top_songs_weekly,,94,https://yt3.googleusercontent.com/U7uUUwB5NUeCNft0sN3TlScYwN-ChFTihvD7g6LspeVtNhnXW7-hKi57SzcfnxCfIcfQ52uThQfCs2Q=w180-h180-l90-rj,ต่อจากคืนนี้ (ฉันจะไม่มีเธอแล้ว) (gloomy) Newery,,,,ต่อจากคืนนี้ (ฉันจะไม่มีเธอแล้ว) (gloomy) Newery
2026-08-10,th,Thailand,top_songs_weekly,,95,https://yt3.googleusercontent.com/Z1cPcWzpUBZo8sZqhCWNVmHjoUCKVTbF7q0rsybWHl9anIC5PM_r6Zpl8msp2LEXNUCqljr2m7wV9VEa=w180-h180-l90-rj,STORY (feat. SURIYA MQT & Yungtarr) P6ICK,,,,STORY (feat. SURIYA MQT & Yungtarr) P6ICK
2026-08-10,th,Thailand,top_songs_weekly,,96,https://yt3.googleusercontent.com/U_eM2zzRaZ2x2NOf2ljS_d4yaCFebDKUygU-tmiVRclDtoFeBiJA7oobO4_aN-4MZMePhwPu1kODrX8k=w180-h180-l90-rj,ซามสิพ้อ 蒙肯·根坤 & Vieng Naruemon,,,,ซามสิพ้อ 蒙肯·根坤 & Vieng Naruemon
2026-08-10,th,Thailand,top_songs_weekly,,97,https://yt3.googleusercontent.com/U9RGNYagznvS8dNBYW_OnR2LrTHVpIl2pOYT6iCoKamOmMtbL3-km6jSYnBzKk1-0ZItmK7KcyMgin4T=w180-h180-l90-rj,เอาที่บายใจ บ่าววี,,,,เอาที่บายใจ บ่าววี
2026-08-10,th,Thailand,top_songs_weekly,,98,https://yt3.googleusercontent.com/g0iSKYmkJ4dXbEgNkWTKQy0bPl8FElYynxES97eBiO8jDaQ4EGnZlCtmuPb9WpFNcn1npDev_yuZVx26=w180-h180-l90-rj,รอยยิ้ม Scrubb,"บอล, เมื่อย",,,"รอยยิ้ม Scrubb - บอล, เมื่อย"
2026-08-10,th,Thailand,top_songs_weekly,,99,https://yt3.googleusercontent.com/M80uemeROyc72bAjE83xqj2hKXR3BPtoENc0U2XRiolcVRBUSkZQt54rZ09rjgteT1bSYH10QNXbR7QvEQ=w180-h180-l90-rj,รู้กันแค่นี้ (mint) BOWKYLION,,,,รู้กันแค่นี้ (mint) BOWKYLION
2026-08-10,th,Thailand,top_songs_weekly,,100,https://yt3.googleusercontent.com/81cXwXuv1aOxCikSYqw5WET4FkiaNg5uKhTnDB4h0PL37adgl-1B3DBbvlopWpamwTQbt_ge9rm8pdQ-oA=w180-h180-l90-rj,Zombie The Cranberries,,,,Zombie The Cranberries
2026-08-10,id,Indonesia,top_songs_weekly,,1,https://yt3.googleusercontent.com/WnS8_TSqLTP0D5Ltvu5mypx6ypsFj0dM0fSNvD8vz8K_f18nAU10bNsExXoI6t6mI-zR7ezxPYv3e7w=w180-h180-l90-rj,Sesi Potret Ari Lesmana & eńau,,,,Sesi Potret Ari Lesmana & eńau
2026-08-10,id,Indonesia,top_songs_weekly,,2,https://yt3.googleusercontent.com/xrGDyYO3umAVFdsdyIM2G451xiAxCD6haJkCQel6TQlqE-XsEUCGsj_Q5Er4YjFpjWqv-_Ze-VaPPL0j=w180-h180-l90-rj,● Teh Hijau 圖魯斯,,"6月 29, 2026",7650117,"2 ● Teh Hijau 圖魯斯 6月 29, 2026 2 5 7,650,117"
2026-08-10,id,Indonesia,top_songs_weekly,,3,https://yt3.googleusercontent.com/pxZ41R8jrSjVtI3W9wCDRA6T7KOVnPHH0k1H_qktx78W8X__rn4IVqu_1ePUhLvrohB9JBWgrOXl7P9epA=w180-h180-l90-rj,MMG (My Mine Gueh) Naykilla,,,,MMG (My Mine Gueh) Naykilla
2026-08-10,id,Indonesia,top_songs_weekly,,4,https://yt3.googleusercontent.com/lri2NMO-Z9ihGrHPLowVk0CQTGYWOCV6GvsT8uf0UybSGR1kIFxUJfZu26yJw2PzpnRk-NyXDExNa5rc=w180-h180-l90-rj,Dunia Yang Nanti Raim Laode,,,,Dunia Yang Nanti Raim Laode
2026-08-10,id,Indonesia,top_songs_weekly,,5,https://yt3.googleusercontent.com/EhJCP_-PRh3_78t1fSouQ7D3mrBszq3mmXSc1JRxawuMr8C3Gq0bKC--XP1dXp4KW8UdLX09LXba8F4=w180-h180-l90-rj,Jangan Paksa Rindu (Beda) Ifan Seventeen,,,,Jangan Paksa Rindu (Beda) Ifan Seventeen
2026-08-10,id,Indonesia,top_songs_weekly,,6,https://yt3.googleusercontent.com/wXkXjlcs3VQ09JqQaLbmd-XAwvoZ0Kxsy5h3jbA2hGyAaw_XMWMzVxze2CWrYFfQRAwnktCoev7-uJaz=w180-h180-l90-rj,The One That Got Away Katy Perry,,,,The One That Got Away Katy Perry
2026-08-10,id,Indonesia,top_songs_weekly,,7,https://yt3.googleusercontent.com/AozuFQHuzVlpr4-NtgkxRA5Q9ONXf3P91VsWrqRJbRJiVxIXfiG2tyMBv0lQ1rV-MVSoB9fwbUSMGdzX=w180-h180-l90-rj,Astaga Bercanda Akbar Chalay & Mingse,,,,Astaga Bercanda Akbar Chalay & Mingse
2026-08-10,id,Indonesia,top_songs_weekly,,8,https://yt3.googleusercontent.com/IsP7Y5hMApNNh_tdVEV3OquJcKWcUjIwgc26IbVWYQMnGP_a7ecwkq8aDmH29vXfZWUVozmQJIH_Wk8=w180-h180-l90-rj,Iqro' Raim Laode,,,,Iqro' Raim Laode
2026-08-10,id,Indonesia,top_songs_weekly,,9,https://yt3.googleusercontent.com/0LkNos-al_3gRdfeVnsoULGEInj8_1uQkE4p9nT_6heSYKzO2emQrqm-XcexNEhl_sfTueS-gT45yoQ=w180-h180-l90-rj,1 Jatuh Suka 圖魯斯,,"3月 2, 2022",3836662,"9 1 Jatuh Suka 圖魯斯 3月 2, 2022 10 42 3,836,662"
2026-08-10,id,Indonesia,top_songs_weekly,,10,https://yt3.googleusercontent.com/kG2gMJvKvF_RhnRLaYYYCHT8FzKYvPK5gtK-vFTw-MlaA-_IP48Ez2IaqtHfQ9i9F9BFCVtTmpIXDl4FHQ=w180-h180-l90-rj,kota ini tak sama tanpamu Nadhif Basalamah,,,,kota ini tak sama tanpamu Nadhif Basalamah
2026-08-10,id,Indonesia,top_songs_weekly,,11,https://yt3.googleusercontent.com/ZhUxfCzBTRn-1oJS7LLBCLQrc3o3jWH07x61FLV-EXkqIk4OV9gxuXiJnPi8AhClJUO6yq16FI5fqsEk1w=w180-h180-l90-rj,honk! no na,,"7月 30, 2026",3358146,"11 New honk! no na 7月 30, 2026 - 1 3,358,146"
2026-08-10,id,Indonesia,top_songs_weekly,,12,https://yt3.googleusercontent.com/6nSKYCjwCp1f1GfgYejDk9l-3_65Qgc-sVtfeDyuAk1tSqeuTSnN6h-Z4cBeshn16kP_JIRs9whqlvQt6A=w180-h180-l90-rj,Shape of My Heart 新好男孩,,,,Shape of My Heart 新好男孩
2026-08-10,id,Indonesia,top_songs_weekly,,13,https://yt3.googleusercontent.com/5jwQGpLR0huadDUYDlQ6VGQThxsp6CepkEuRkECO3SiX6LQz6QQ_iuJ2wPA-Paaa1nAmwcPEkgqAF2nd=w180-h180-l90-rj,● Mutiara Ipank,,"4月 17, 2025",3084072,"13 ● Mutiara Ipank 4月 17, 2025 13 14 3,084,072"
2026-08-10,id,Indonesia,top_songs_weekly,,14,https://yt3.googleusercontent.com/b29NtY5YYUkdagACCFdPx-DzPQ2lVM19-bUgBWcgbpluYvujXj-xZ_1wF84WKo7h2pbRiePnIEOUMEN8nQ=w180-h180-l90-rj,Titik Nadir (feat. Monita Tahalea) Kahitna,,,,Titik Nadir (feat. Monita Tahalea) Kahitna
2026-08-10,id,Indonesia,top_songs_weekly,,15,https://yt3.googleusercontent.com/qVb_uk5JJ-FyTIoESoeL080jtUIIvjdN-aQbRtUTREMMsenXd-txpbgtYaoYi5t3G7h_GBwT79zD5ppkEA=w180-h180-l90-rj,Negoro Angin Denny Caknan,,,,Negoro Angin Denny Caknan
2026-08-10,id,Indonesia,top_songs_weekly,,16,https://yt3.googleusercontent.com/7ecjOVgSXJjNEQWLt-bZSyuUIIU5T9r5GYwvlQfKOH5sZ3AxGwzu-ZrY4R_7SENgv3Efobl9e2XDtkaJYQ=w180-h180-l90-rj,Bahagia Lagi Piche Kota,,,,Bahagia Lagi Piche Kota
2026-08-10,id,Indonesia,top_songs_weekly,,17,https://yt3.googleusercontent.com/jMly_gAhRZRQJGYifpWqOLyaa6Zo_nh8Ap6urEMSOfSSxRu_AFKQjwZUBrmv0XV3tWrHvK_Og-D5znOj=w180-h180-l90-rj,Penyangkalan For Revenge,,,,Penyangkalan For Revenge
2026-08-10,id,Indonesia,top_songs_weekly,,18,https://yt3.googleusercontent.com/nQBSWQqbSoLRqLZkB0CWXDlpYuCygMvgesBPRFQmm2eZZlQUcMLtmsHjUrfY8wK6gQvVwy_dsL9ONjo=w180-h180-l90-rj,Bersenja Gurau Raim Laode,,,,Bersenja Gurau Raim Laode
2026-08-10,id,Indonesia,top_songs_weekly,,19,https://yt3.googleusercontent.com/CC48Fib8dGz3RNA9jkB85XGQMCSlcqkjCpAMePqHKG-ieGvQHQps-f858yiJZG96vlol60sRL50444k=w180-h180-l90-rj,Treat You Better Shawn Mendes,,,,Treat You Better Shawn Mendes
2026-08-10,id,Indonesia,top_songs_weekly,,20,https://yt3.googleusercontent.com/6s0i1935ltv7crpD6tlpdYmOjmzda-R_P8xDzG4qnaFmGjTekSIq8fb1tTG0LBA5_kZ-a-VRzWH9oC_R=w180-h180-l90-rj,Gadis Manis Kalimantan Syahriyadi,,,,Gadis Manis Kalimantan Syahriyadi
2026-08-10,id,Indonesia,top_songs_weekly,,21,https://yt3.googleusercontent.com/3Msew1Gh4-sKD8l5LrlJuFarOtRURRm9Wx0Ukyq-tWSnS88HOTxlmSO4_jionL-GX6xAU5_aQDQRBszB=w180-h180-l90-rj,Ini Abadi Perunggu,,,,Ini Abadi Perunggu
2026-08-10,id,Indonesia,top_songs_weekly,,22,https://yt3.googleusercontent.com/_Ke5F-Lx0EYk8u0ZiqbnLDWFYnv_jMGzTNrDywhOh-SNWmF5EdbbRkZ0dsVRzKlfBhfTkr25NcHebJGS=w180-h180-l90-rj,2 Terpukau 艾絲翠,,"2月 21, 2012",1891208,"22 2 Terpukau 艾絲翠 2月 21, 2012 24 14 1,891,208"
2026-08-10,id,Indonesia,top_songs_weekly,,23,https://yt3.googleusercontent.com/XRjz6gom3U3nnqugJAD9YZM6KWup4F3F79U0e_mK1hgZ-MfUrONb17HFjSEczVd758HDsfPJd6AOdnM=w180-h180-l90-rj,0X Ghea Indrawari,,,,1000X Ghea Indrawari
2026-08-10,id,Indonesia,top_songs_weekly,,24,https://yt3.googleusercontent.com/wfQSFgWsIlnHsl7-H4UsZMq453tN_gHErx3UXYSRE5Iy_wyXfnn9E1KIWy5r14H62Oa1tudjS0dTs5g=w180-h180-l90-rj,Alamak Rizky Febian & Adrian Khalif,,,,Alamak Rizky Febian & Adrian Khalif
2026-08-10,id,Indonesia,top_songs_weekly,,25,https://yt3.googleusercontent.com/z1pEXAR8hr6qt_cCrw7spDXkAJpF4cWpRec7lJUqwFQiRgbc5dC44YV2TOG8O3Wtf6db4H014p72iHl8Ow=w180-h180-l90-rj,"Orang Baru Lebe Gacor Ecko Show , Juan Reza & Chesylino",,,,"Orang Baru Lebe Gacor Ecko Show , Juan Reza & Chesylino"
2026-08-10,id,Indonesia,top_songs_weekly,,26,https://yt3.googleusercontent.com/3Msew1Gh4-sKD8l5LrlJuFarOtRURRm9Wx0Ukyq-tWSnS88HOTxlmSO4_jionL-GX6xAU5_aQDQRBszB=w180-h180-l90-rj,6 33x Perunggu,,"3月 10, 2022",1833396,"26 6 33x Perunggu 3月 10, 2022 20 43 1,833,396"
2026-08-10,id,Indonesia,top_songs_weekly,,27,https://yt3.googleusercontent.com/p9YY_xYQlIZCBJRbDemaNG3ayRz4h93xsM91Jtci15wBoKYOj-Le2LEUFjxWM5qH_zwU95Lo2fOV1QVfOQ=w180-h180-l90-rj,Sedia Aku Sebelum Hujan Idgitaf,,,,Sedia Aku Sebelum Hujan Idgitaf
2026-08-10,id,Indonesia,top_songs_weekly,,28,https://yt3.googleusercontent.com/uQly4bcy-9Uc8PsL8a9VmAzreiVro83qZXNfUGheOCiMcj0kCKGgLNdUNr1HABjTOnZCuhBZ2h4MAXpFmA=w180-h180-l90-rj,Kita usahakan rumah itu Sal Priadi,,,,Kita usahakan rumah itu Sal Priadi
2026-08-10,id,Indonesia,top_songs_weekly,,29,https://yt3.googleusercontent.com/E4VA5lDF-NEB2vZU7nebKiE7-eLjCixyeaROSC4Q2NZHtK_aC8Qi4XgdsieEmLCCP7_CyqeUt5preluWtg=w180-h180-l90-rj,Berapa Kali Kita Akan Saling Memaafkan Pamungkas,,,,Berapa Kali Kita Akan Saling Memaafkan Pamungkas
2026-08-10,id,Indonesia,top_songs_weekly,,30,https://yt3.googleusercontent.com/FBsKSRbF9dD9gKsMouEBNIymlDObANdcnZk4Lf_5QgTiq7V3gchHRsBXGgOLgDOOJuGkajoF5K-4qeA=w180-h180-l90-rj,Lemon Tang Hearts2Hearts,,,,Lemon Tang Hearts2Hearts
2026-08-10,id,Indonesia,top_songs_weekly,,31,https://yt3.googleusercontent.com/agsyhHnVVMsAeLtFPioeRM6AeKRlJuIEJqbP-HNVVRCUFIUVeSU2L7629HE1e99a4NKBkRzNmRFeuxxl=w180-h180-l90-rj,rollerblade no na,,,,rollerblade no na
2026-08-10,id,Indonesia,top_songs_weekly,,32,https://yt3.googleusercontent.com/MF0NKeOfmwuMYYJ62h96ZhUZrxNekOwF8T4EO0JhKfEKRUqQ7ebk3kvEVDCggGRXpSge-UHEwYQRvvg=w180-h180-l90-rj,"Merry Christmas, i miss you Alex Crichton",,,,"Merry Christmas, i miss you Alex Crichton"
2026-08-10,id,Indonesia,top_songs_weekly,,33,https://yt3.googleusercontent.com/5Eq4lZuxfyy8emRLSI9PpdOK0T1ZJ_o0r1V9jshuuoMV_-JaLA8SrO072vIMG9LVJoxwLaeHOeU-G6Md=w180-h180-l90-rj,"Kicau Mania Ndarboy Genk , Banditoz Yaow 86 & BoyCord",,,,"Kicau Mania Ndarboy Genk , Banditoz Yaow 86 & BoyCord"
2026-08-10,id,Indonesia,top_songs_weekly,,34,https://yt3.googleusercontent.com/CnRlHvII5qQcoLQ8XW3_0b7qOLpBaDFtrCR-rQaCyKyQxuycqhLUc1PatxRtYFiEpDzZyzWqE1wdO0l9Cw=w180-h180-l90-rj,Ada titik,titik di ujung doa Sal Priadi,,,Ada titik-titik di ujung doa Sal Priadi
2026-08-10,id,Indonesia,top_songs_weekly,,35,https://yt3.googleusercontent.com/FBsKSRbF9dD9gKsMouEBNIymlDObANdcnZk4Lf_5QgTiq7V3gchHRsBXGgOLgDOOJuGkajoF5K-4qeA=w180-h180-l90-rj,RUDE! Hearts2Hearts,,,,RUDE! Hearts2Hearts
2026-08-10,id,Indonesia,top_songs_weekly,,36,https://yt3.googleusercontent.com/0LkNos-al_3gRdfeVnsoULGEInj8_1uQkE4p9nT_6heSYKzO2emQrqm-XcexNEhl_sfTueS-gT45yoQ=w180-h180-l90-rj,● Interaksi 圖魯斯,,"3月 2, 2022",1486481,"36 ● Interaksi 圖魯斯 3月 2, 2022 36 34 1,486,481"
2026-08-10,id,Indonesia,top_songs_weekly,,37,https://yt3.googleusercontent.com/UtChIHcrjSiHytaslG9Gy77w-OVURTYVGuT37cR7hNLb93bEEUdDhyGd5gwUX6AOBEBLTRZIflmnX19f3Q=w180-h180-l90-rj,Lantas Juicy Luicy,,,,Lantas Juicy Luicy
2026-08-10,id,Indonesia,top_songs_weekly,,38,https://yt3.googleusercontent.com/CwtUqDJhEnd9U_GyRBTwrRE0lpNwIgw6ugIlJLbP9EC91DKzgWz1WEo3cmcsdDybIEzTkrZaz_hNttJx=w180-h180-l90-rj,MOON BABYMONSTER,,,,MOON BABYMONSTER
2026-08-10,id,Indonesia,top_songs_weekly,,39,https://yt3.googleusercontent.com/mYJMSu-5VeOcMzIJU1Pqf4Z2yJbeBp0tviVVO7-lyyewBnuuwaAkJcx1BauIm9z8Qb--HOz61nkEXDV4NA=w180-h180-l90-rj,1 SO ASU Naykilla,,"10月 9, 2025",1464094,"39 1 SO ASU Naykilla 10月 9, 2025 40 23 1,464,094"
2026-08-10,id,Indonesia,top_songs_weekly,,40,https://yt3.googleusercontent.com/q0szuVtXvUdftTC8k9fjwazdEpoaCyWTZ1d5Xa3GWHhQPD6_59W_rPlmZRFa2rSFPLTmfOGEgvPfF9uBVg=w180-h180-l90-rj,drop dead Olivia Rodrigo,,,,drop dead Olivia Rodrigo
2026-08-10,id,Indonesia,top_songs_weekly,,41,https://yt3.googleusercontent.com/_1ejRnxNSULMWdqN8F-gEGUVfw5kZKrwKy5xNPnSxU6Xen61q09zCR1aQn4s4L9rDOi-fGnTh3qI-LwE=w180-h180-l90-rj,Risk It All (Live) Bruno Mars,,,,Risk It All (Live) Bruno Mars
2026-08-10,id,Indonesia,top_songs_weekly,,42,https://yt3.googleusercontent.com/d-BDnHyNPAym0BMEwQlLLXnb7xRoxiNbbDfyYroDhEez1bktleu0VVZ_qKKUVK98pf7Cb69ksgH1ul72=w180-h180-l90-rj,Bounce & Pa Bkb Vian DTM,,,,Bounce & Pa Bkb Vian DTM
2026-08-10,id,Indonesia,top_songs_weekly,,43,https://i.ytimg.com/vi/bzt1QjGYT1A/default.jpg,1x Adrian Khalif,,,,2001x Adrian Khalif
2026-08-10,id,Indonesia,top_songs_weekly,,44,https://yt3.googleusercontent.com/oXHrv7kvyDH1Yd59En9Ixdj1mpgGJrkiEbUujeL-5XOIVpd8w4ZDFUJ1S9jDWw5SxoCYMGFCRLAZIkxp=w180-h180-l90-rj,Negoro Angin Silvy Kumalasari,,,,Negoro Angin Silvy Kumalasari
2026-08-10,id,Indonesia,top_songs_weekly,,45,https://yt3.googleusercontent.com/SJZ4cYfy2BfUpe6rHKK1MjQaWhsuPQiq1rRgUc5r6_23gyuStf57W5Qvu9CQAh_qCDK9-axPvtz32177=w180-h180-l90-rj,"Ambon Manise Toton Caribo , Jacson Seran & Novia Bachmid",,,,"Ambon Manise Toton Caribo , Jacson Seran & Novia Bachmid"
2026-08-10,id,Indonesia,top_songs_weekly,,46,https://yt3.googleusercontent.com/jXXzY2fTfxgr0_wR_I_V8W3Ai0L3ece217Biqm0tY36I9VAoce09xXmjgt8mXggTVgGGBHdJ3eAyICY=w180-h180-l90-rj,Beauty And A Beat (feat. Nicki Minaj) Justin Bieber,,,,Beauty And A Beat (feat. Nicki Minaj) Justin Bieber
2026-08-10,id,Indonesia,top_songs_weekly,,47,https://yt3.googleusercontent.com/CZO9G_NvTcljPf0ZlmWh8NmL1_wRvR2ePnxIy0JM2GwU8CYRjwDKgQ7mV_yTD4XErYq-R1INE7_iuls=w180-h180-l90-rj,"Garam & Madu (Sakit Dadaku) Tenxi , Jemsii & Naykilla",,,,"Garam & Madu (Sakit Dadaku) Tenxi , Jemsii & Naykilla"
2026-08-10,id,Indonesia,top_songs_weekly,,48,https://yt3.googleusercontent.com/SP0cN9Mypy_WeKEajm03ERYOU_53KkHZpu4EQpSJUzcQ1H_3HhS1FmjR34KTstf-0DX83JLCCj9ouc-k1g=w180-h180-l90-rj,Wonderwall 綠洲合唱團,,,,Wonderwall 綠洲合唱團
2026-08-10,id,Indonesia,top_songs_weekly,,49,https://yt3.googleusercontent.com/6LDZTIjk3nbSSsG8J0M2_ME4KWzt4MTZ7oqrZlWg-uZ1gRWnBKt9ySPibZ5l7GJ_-j6gB6hv-qLNaPE=w180-h180-l90-rj,hate that i made you love me Ariana Grande,,,,hate that i made you love me Ariana Grande
2026-08-10,id,Indonesia,top_songs_weekly,,50,https://yt3.googleusercontent.com/lPT2Syoe9fcp45Ulw5QLYRUHG_W1g84UxsZE1lOppdjWCKrn2attpdqkJhVm8TpYFzEnQwuwWuxSpKQ7Uw=w180-h180-l90-rj,Memori Sekuntum Rindu Spoon樂隊,,,,Memori Sekuntum Rindu Spoon樂隊
2026-08-10,id,Indonesia,top_songs_weekly,,51,https://i.ytimg.com/vi/3eT464L1YRA/default.jpg,Heaven Bryan Adams,,,,Heaven Bryan Adams
2026-08-10,id,Indonesia,top_songs_weekly,,52,https://yt3.googleusercontent.com/knDjd4cOvR-Y0Af1ZuoWX3lreoEJNu2W6bDXN7xZDKiudI_W2VIsb7ZAJEnOeLGIsToqryl65gQvrzWyyA=w180-h180-l90-rj,21 Salah Apa Ipank,,"2月 8, 2026",1123766,"52 21 Salah Apa Ipank 2月 8, 2026 31 8 1,123,766"
2026-08-10,id,Indonesia,top_songs_weekly,,53,https://yt3.googleusercontent.com/9EvL4nCLbdBu-vxU7KRhx3SYnhLbqJhC-XhrN8Nqjp7vQDqdLW-9ijTfy4iPBqY6fmZfFqpPh-F_60hv=w180-h180-l90-rj,Angel 2 Ajeng Febria,,,,Angel 2 Ajeng Febria
2026-08-10,id,Indonesia,top_songs_weekly,,54,https://yt3.googleusercontent.com/jZz41PlytaSZKR2aCp4Bhn_aLeJbTZcJ3tWswzRwHpobminzl85wx1Hmw9ch-JELQKuh2xNgEVfSNZIZwA=w180-h180-l90-rj,"MUTIARA Laila Ayu , Irwan Krisdiyanto & Simpatik Music",,,,"MUTIARA Laila Ayu , Irwan Krisdiyanto & Simpatik Music"
2026-08-10,id,Indonesia,top_songs_weekly,,55,https://yt3.googleusercontent.com/83feHeDoyCZCgtGruedop88kfqP0DzVlTtmfPL8gvocxanNnD9ow6wNnpZemAVRTuftboU1GB8SbRfc=w180-h180-l90-rj,Sia Sia Mengharap Cintamu Els Warouw,,,,Sia Sia Mengharap Cintamu Els Warouw
2026-08-10,id,Indonesia,top_songs_weekly,,56,https://yt3.googleusercontent.com/oIi00GuyJiW2ssAeiqvwcSbDu3tVYc3wrHSZvlYjfrHU8pD19Ggv0KU_x9u1pKIawc9Dg95PBe8sLG_h=w180-h180-l90-rj,56 Bukti Virgoun,,"9月 19, 2017",1063575,"56 56 Bukti Virgoun 9月 19, 2017 - 67 1,063,575"
2026-08-10,id,Indonesia,top_songs_weekly,,57,https://yt3.googleusercontent.com/moXpr_lvHpb9m70jTjr-0GE63_VyHivgmyH7UPBJmgwWPHwwmvhxDPPZtdAhCFo7CdzmzIGwBE3cn4VuCQ=w180-h180-l90-rj,Dai Dai Shakira & 伯納男孩,,,,Dai Dai Shakira & 伯納男孩
2026-08-10,id,Indonesia,top_songs_weekly,,58,https://yt3.googleusercontent.com/BjnYniXVidjSbRNU2tr4N_ksEpl7JtPW5M2k0TULbXJTZvk4GDy_AM6eo_DcGkIHcSwV3Otn9fA3PX_-=w180-h180-l90-rj,"Kasih Aba Aba Naykilla , Tenxi & Jemsii",,,,"Kasih Aba Aba Naykilla , Tenxi & Jemsii"
2026-08-10,id,Indonesia,top_songs_weekly,,59,https://yt3.googleusercontent.com/U5qR0zGdKFIj4lST6cEIucji-m8va5RTzC7edzMszCDtbkSIv5ZD1TSCIEOEeIxiU1QG4lDeV7yOBy9I=w180-h180-l90-rj,Location Unknown ◐ [Brooklyn Session] (feat. BEKA) HONNE,,,,Location Unknown ◐ [Brooklyn Session] (feat. BEKA) HONNE
2026-08-10,id,Indonesia,top_songs_weekly,,60,https://yt3.googleusercontent.com/mULTXajnCj_LtPVeO4l2KlbMdEh05QmY7lm3Qucw0jAbmzqV6dOUEkiahiRLt_50Z6BU24JoW5nSGkes=w180-h180-l90-rj,Edan Turun (feat. Putri Agni) Wafiq Azizah,,,,Edan Turun (feat. Putri Agni) Wafiq Azizah
2026-08-10,id,Indonesia,top_songs_weekly,,61,https://yt3.googleusercontent.com/OlsyF8L82chwdoVqON-g5H3BsEEgA0zSIYU_6SIZgMtLe0QzZPxzno91C6zJktuon6rjAv_UbmggkO_vyQ=w180-h180-l90-rj,10 BAD ATEEZ,,"5月 22, 2026",1005592,"61 10 BAD ATEEZ 5月 22, 2026 71 3 1,005,592"
2026-08-10,id,Indonesia,top_songs_weekly,,62,https://yt3.googleusercontent.com/k2l5UKrqnZD7OROxhk9nuBDHHaCv2z9IEXtXqUFtSeOrB2amNz0zsXYEYy_dqHy3PYensbrtyzITlEvo=w180-h180-l90-rj,Foto kita blur Sal Priadi,,,,Foto kita blur Sal Priadi
2026-08-10,id,Indonesia,top_songs_weekly,,63,https://yt3.googleusercontent.com/lxZmQlJ7OwaELxFiyws8Fj8SgmqCkfNXYkHgLEWJ-TeU_4J00gSSH96u5kmmslGVJs562i6Bo6st9dGQMg=w180-h180-l90-rj,Siapa Di Hatimu Rahmat Ekamatra,,,,Siapa Di Hatimu Rahmat Ekamatra
2026-08-10,id,Indonesia,top_songs_weekly,,64,https://yt3.googleusercontent.com/jObHjd_x8jX0xF3-4PgxSWNLFQgfNOm349LxkrxGfJ73iSNqXnVBFH4WXZx3bL63YaUm3G3HkUHNfyA=w180-h180-l90-rj,Beautiful (feat. Camila Cabello) 巴濟,,,,Beautiful (feat. Camila Cabello) 巴濟
2026-08-10,id,Indonesia,top_songs_weekly,,65,https://yt3.googleusercontent.com/x_afT6RIa8Y7z7pyrycpg9W_5vHlKTpDJStReYeDUv9i1wlWeWZx2FZJa8cn7KHPVteIzy-bXG7WrRk=w180-h180-l90-rj,Aku Harus Pergi Whisnu Santika & Ari Lesmana,,,,Aku Harus Pergi Whisnu Santika & Ari Lesmana
2026-08-10,id,Indonesia,top_songs_weekly,,66,https://yt3.googleusercontent.com/HiNWnQLRJuHmL0tyP0m8bzgMv1LNyV2-zhhU7ewA4rLT25PEbqKyQN3ZvKgV-5Zd7Ds1-EbxbA3IMhzv_g=w180-h180-l90-rj,Stand by Me 綠洲合唱團,,,,Stand by Me 綠洲合唱團
2026-08-10,id,Indonesia,top_songs_weekly,,67,https://yt3.googleusercontent.com/Bn7WpBhOQ2aWFP_mlJddPEclxmwkEDfw4eOmZOX6ohrasAoLtKwKZet_Y9N51RQAvXvKe4xDp0afRYJl_A=w180-h180-l90-rj,Akad Payung Teduh,,,,Akad Payung Teduh
2026-08-10,id,Indonesia,top_songs_weekly,,68,https://yt3.googleusercontent.com/-jaWr9K7U0bJoqMv50tihlvf1QXe_y-dmvw_z_40gA9bPj4PhfRPobOdQndQIoCxsFDWRyEoP0Rben8=w180-h180-l90-rj,Blank Space Taylor Swift,,,,Blank Space Taylor Swift
2026-08-10,id,Indonesia,top_songs_weekly,,69,https://yt3.googleusercontent.com/lri2NMO-Z9ihGrHPLowVk0CQTGYWOCV6GvsT8uf0UybSGR1kIFxUJfZu26yJw2PzpnRk-NyXDExNa5rc=w180-h180-l90-rj,Menari,nari Raim Laode,,,Menari-nari Raim Laode
2026-08-10,id,Indonesia,top_songs_weekly,,70,https://yt3.googleusercontent.com/5wzBysl3sz6V7hP4WRAuTRuqqLJxXYybckuiVkSJsgCyK6tFtLU2Ps-pV67enyc7gdCGhpJkDAIvt7U=w180-h180-l90-rj,Bukan Ku Tak Sudi Iklim,,,,Bukan Ku Tak Sudi Iklim
2026-08-10,id,Indonesia,top_songs_weekly,,71,https://yt3.googleusercontent.com/EoJgLmCvN3rTHOx6BQNFPAmreqvaLbH7TcrLClNLQOpasJriwAyuKluKpDKgLgY54Od7yI7N8XgPDYhm=w180-h180-s-l90-rj,Dirantai Digelangi Rindu Exists,,,,Dirantai Digelangi Rindu Exists
2026-08-10,id,Indonesia,top_songs_weekly,,72,https://yt3.googleusercontent.com/-xkrc0kQJHb7gSl6bkJlSZRMAytsFbxpbJJO83hKPQB7P4V1yyR1Mz1Jy5z3Kf7O6CjvyUvCFOoqpKcoJA=w180-h180-l90-rj,Sudah Tahu Tuhan Kita Berbeda eńau & Momo,,,,Sudah Tahu Tuhan Kita Berbeda eńau & Momo
2026-08-10,id,Indonesia,top_songs_weekly,,73,https://www.youtube.com/s/charts/images/top_songs.png,73 Alasanmu Exists,,"1月 1, 1970",898879,"73 73 Alasanmu Exists 1月 1, 1970 - 29 898,879"
2026-08-10,id,Indonesia,top_songs_weekly,,74,https://yt3.googleusercontent.com/skfISQHhFL399Mhq-jbCjw6I6Cm4HOnwqesopZwi9b35dldouXVfS-aN4p69R3DZaG8Q6LmdO9QygqJS=w180-h180-l90-rj,Sempurna Andra And The Backbone,,,,Sempurna Andra And The Backbone
2026-08-10,id,Indonesia,top_songs_weekly,,75,https://yt3.googleusercontent.com/9LZdMcAEf_0H2fdW8Kj0Pgw6M3Jy57rJuARh34BZOqu7fT8CZMuNdoj_3cyxw5ya3y__E4RFQZMynKk=w180-h180-l90-rj,That Should Be Me Justin Bieber,,,,That Should Be Me Justin Bieber
2026-08-10,id,Indonesia,top_songs_weekly,,76,https://yt3.googleusercontent.com/YLH8Ph3ZjnJ-qFfLtmL79tKHS0bzT_z1lVnXjkjVlo07Ptmhg1Bzcp6JXqd8M_iN8mc5tAQJZSMvBoqi=w180-h180-l90-rj,Body Pata Pata (Thailand Edit) Copacabana,,,,Body Pata Pata (Thailand Edit) Copacabana
2026-08-10,id,Indonesia,top_songs_weekly,,77,https://yt3.googleusercontent.com/PwQ543AKPc8tF0yUiz3e3s-Wy45l71Byt6T78PYeTB7Q0Jckq3C5d9P7faRc7OE5OTypbkxl4qFuVkI=w180-h180-l90-rj,Less than a Lover Jennie,,,,Less than a Lover Jennie
2026-08-10,id,Indonesia,top_songs_weekly,,78,https://yt3.googleusercontent.com/2OUpQNjY58jQq1STwHz2CRClwWkzhCCKtSBo6SC2N78LAMmFaXJdSGkUENX7yw0g2CpCQ3RjejB_Fj4=w180-h180-l90-rj,Life Goes On Oliver Tree,,,,Life Goes On Oliver Tree
2026-08-10,id,Indonesia,top_songs_weekly,,79,https://yt3.googleusercontent.com/h52YQ8oAiGCiZFp5W1RGaj8GQMde1hNmYV7_ad3XgWcygvz7riguymmuvMj2yUoP1qhU2C3zoDJu72w=w180-h180-l90-rj,Kita Sheila on 7,,,,Kita Sheila on 7
2026-08-10,id,Indonesia,top_songs_weekly,,80,https://yt3.googleusercontent.com/WJo-JIxlTyF7qjJl3AjVct6z78W_dzrUBIEONbGLOpi2EKRlFOCp3kAruyGY2TSZy-UcfArkKR8NNEua=w180-h180-l90-rj,Laut Kidul Denny Caknan & Hendra Kumbara,,,,Laut Kidul Denny Caknan & Hendra Kumbara
2026-08-10,id,Indonesia,top_songs_weekly,,81,https://yt3.googleusercontent.com/BKxUIETz1Vt8WcKm7bC2HP85RkhB5K6rbu3d-hNoe4kSkf_CJYJ0DqMknD3J85nUpilrGJMa7ipBnEJn-w=w180-h180-l90-rj,Базовый минимум Sabi & 米亞·博伊卡,,,,Базовый минимум Sabi & 米亞·博伊卡
2026-08-10,id,Indonesia,top_songs_weekly,,82,https://yt3.googleusercontent.com/_MYP8a7A2AGtaQY-kVXAGdebxQk6s4z2YN2aUwuMx1nGRzsVU0LNUk9UNsdpaHbjTbL2lyqPvgbTJjFf=w180-h180-l90-rj,Cinta Dan Rahasia (feat. 格倫·弗勒得利) Yura Yunita,,,,Cinta Dan Rahasia (feat. 格倫·弗勒得利) Yura Yunita
2026-08-10,id,Indonesia,top_songs_weekly,,83,https://yt3.googleusercontent.com/W_aCDg-bIvvNHTRnFX5K_HdhNLO1Fj8nDWlYuFzo6ORxsyetTehgFk1tfgfTsm_UyKqqf2rzV8qB7QkKUg=w180-h180-l90-rj,"Terbelah Jadi Dua Gloria Jessica, Ade Govinda & Ade Govinda",,,,"Terbelah Jadi Dua Gloria Jessica, Ade Govinda & Ade Govinda"
2026-08-10,id,Indonesia,top_songs_weekly,,84,https://yt3.googleusercontent.com/Zl6lT-8KgSYiXI08I5ilE35LaWaDpVFYdBIEn_g_gJRGTBlb6xlMn4Ws226L3nMuhWl9UxRQZq5c1pZF=w180-h180-l90-rj,10 REDRED CORTIS,,"4月 20, 2026",790911,"84 10 REDRED CORTIS 4月 20, 2026 74 16 790,911"
2026-08-10,id,Indonesia,top_songs_weekly,,85,https://yt3.googleusercontent.com/4eKmIaMYh-TP5foIgC1Sk6WnnU2zPX2UBkkRAIw3I03Zlfq3aDdthnLPUZfknAhOHvssJ_dxkZ0h1_E=w180-h180-l90-rj,Wasiat Cintaku PUTRI GISELLA,,,,Wasiat Cintaku PUTRI GISELLA
2026-08-10,id,Indonesia,top_songs_weekly,,86,https://yt3.googleusercontent.com/VVn8f8Pi9Z2nCnI8N-98prnxDQSURLkr9xPQ_0iDGnf8gCuPqJDL9CmI-4R2gelpIQWOLMkpEgDjzkg=w180-h180-l90-rj,Bukan Orangnya Juicy Luicy,,,,Bukan Orangnya Juicy Luicy
2026-08-10,id,Indonesia,top_songs_weekly,,87,https://yt3.googleusercontent.com/AupjUj99jS7CQ8QV48nIYs0TPwY4KSJli1EedDdj4aaUrDT1iWjU2ucOBOSzgtLZ2YIRfWkIzystsbqj=w180-h180-l90-rj,4 Bersamamu Jaz,,"6月 8, 2023",761636,"87 4 Bersamamu Jaz 6月 8, 2023 91 35 761,636"
2026-08-10,id,Indonesia,top_songs_weekly,,88,https://yt3.googleusercontent.com/E5jWtcX65Y2d6c4WyzNTNhi63bpmGJRxPgRKjD3iSXgJQnCVMcpAaO0hHQQSWrTUNVrrrRNtBFewf3nGXw=w180-h180-l90-rj,Bintang di Surga Peterpan,,,,Bintang di Surga Peterpan
2026-08-10,id,Indonesia,top_songs_weekly,,89,https://yt3.googleusercontent.com/D-DtU8RYSWN1jMwvVHyf1zTFsy8WHcwLrgvN5S9pUpHX2uGImErsl9PMdIp658tDx-D6W1IilOjAAefG=w180-h180-l90-rj,To Love You More Céline Dion,,,,To Love You More Céline Dion
2026-08-10,id,Indonesia,top_songs_weekly,,90,https://yt3.googleusercontent.com/-h_EmlrGLsJwhih3lVHGDmK3CAmLdpqEIeerAuJ71qmJeZ_5zYf9ElWIEBNiB_6_CbXh4qHchBpOqhCu=w180-h180-l90-rj,3 Creep 電台司令,,"9月 21, 1992",724962,"90 3 Creep 電台司令 9月 21, 1992 87 4 724,962"
2026-08-10,id,Indonesia,top_songs_weekly,,91,https://yt3.googleusercontent.com/dOFhCKdeqT5Fm3Jwjfvy2Kvai7bDTE1NY2uG0bYTNUsjEp5OBhMogINSFJff7__JnvyBcW4_uh_aDy1_Gg=w180-h180-l90-rj,Raci Kuah Fresly Nikijuluw,,,,Raci Kuah Fresly Nikijuluw
2026-08-10,id,Indonesia,top_songs_weekly,,92,https://yt3.googleusercontent.com/-GF5jStF-HFmg6bWDY0j9vB--4F0GXBwoGgn5Pe0u3TlltUqFISBip0Y4mYbzYPjaFX97TmZVBw03o1h=w180-h180-l90-rj,92 happier 傑米·米勒,,"5月 20, 2021",718676,"92 92 happier 傑米·米勒 5月 20, 2021 - 42 718,676"
2026-08-10,id,Indonesia,top_songs_weekly,,93,https://yt3.googleusercontent.com/41oQbW6WxzZH4qYjL_Me7kATO-UQ3Z1FsYe0EJZ0HgZBNm2TDYxXBoaEczrcT_0C2_Z_SB35GYyMsuckhg=w180-h180-l90-rj,Sisa Rasa Mahalini,,,,Sisa Rasa Mahalini
2026-08-10,id,Indonesia,top_songs_weekly,,94,https://yt3.googleusercontent.com/o2qDyJec1y7JLpyktEPcB9JjOOdA66HWBpcFjPzKDNesJLgwcePBv9XH5FhIfcZtK9bwJV4rTTmEGAbwEw=w180-h180-l90-rj,Pergi Pagi Pulang Pagi Armada,,,,Pergi Pagi Pulang Pagi Armada
2026-08-10,id,Indonesia,top_songs_weekly,,95,https://yt3.googleusercontent.com/dNoU-qX3YESLk61mHlMivE8Jg6O_SZorPNTIjiNFK8Ztw3iaeWpWL_HswDNI8HR9reixgzSdEDt5jJrU=w180-h180-l90-rj,You're Still The One Shania Twain,,,,You're Still The One Shania Twain
2026-08-10,id,Indonesia,top_songs_weekly,,96,https://yt3.googleusercontent.com/3F7gHLuMP1i93atQsudSXcESd5s1t5SzCv1pzYY432NcgEEGqW2gCa5dXdJGDopBUagN0MjUIAJuffQ=w180-h180-l90-rj,Kenangan Manis Pamungkas,,,,Kenangan Manis Pamungkas
2026-08-10,id,Indonesia,top_songs_weekly,,97,https://yt3.googleusercontent.com/SEfVXH-m4It_hYKuBZccC-gCfBzx8y95oYCPIb6pCsR4K26ms_zrJxiW27SJcAGRiFOOoesw497X0KXjuA=w180-h180-l90-rj,If I Let You Go 西城男孩,,,,If I Let You Go 西城男孩
2026-08-10,id,Indonesia,top_songs_weekly,,98,https://yt3.googleusercontent.com/3yZ-DPOigUT1R453gr5kVkQeu6PwZK1OivsZX7ozfFJog-H_VlxeJD9thjwH2zNA5x0IEzEt4w6PmK5t=w180-h180-l90-rj,Just Give Me a Reason (feat. 奈特・瑞斯) P!NK,,,,Just Give Me a Reason (feat. 奈特・瑞斯) P!NK
2026-08-10,id,Indonesia,top_songs_weekly,,99,https://yt3.googleusercontent.com/9qvw8mfSGFmQJ9oYTlvvgP2udxWGgT4rIV-mQJ009s3O87KqcaZ9ZtN7SGmK-SwCYgAsw_qqKl0dd8d2=w180-h180-l90-rj,Lembaran baru 黛西·藍娜莎莉,,,,Lembaran baru 黛西·藍娜莎莉
2026-08-10,id,Indonesia,top_songs_weekly,,100,https://yt3.googleusercontent.com/m7qYpPtBPQ8BOo61TwLAJ28g7_E4hvS1J7Z22hF7EzcCBiXHmxIs3TvkIb8JeGq-swUrjgw4XHiKA6Ps=w180-h180-l90-rj,Rindiani Slam,,"1月 1, 2009",694998,"100 100 Rindiani Slam 1月 1, 2009 - 10 694,998"
2026-08-10,in,India,top_songs_weekly,,1,https://yt3.googleusercontent.com/naKgO_9vvIczuf7Vq1llQyRAQOOW898kBZN3pio-Bkbfcmdu3Gv14_ivEBZiHAow8VbPEq1bhO0j2DU=w180-h180-l90-rj,"KALYANI (Remix) KDS , ARJN , FIFTY4 & 舒蕾亞·戈沙爾",,,,"KALYANI (Remix) KDS , ARJN , FIFTY4 & 舒蕾亞·戈沙爾"
2026-08-10,in,India,top_songs_weekly,,2,https://yt3.googleusercontent.com/0Op0Fx0S1C5pJhm0QrARCZ_R-7YzHk9q47bKwpAl-cVLj4sR2zUeJyjFz7NrZdRE3zefz6nmqBtDi8BZ=w180-h180-l90-rj,Barbadi Hoi Shilpi Raj,,,,Barbadi Hoi Shilpi Raj
2026-08-10,in,India,top_songs_weekly,,3,https://yt3.googleusercontent.com/7Zsektrtwnf2UlL5CWGtSxi8JDfT8h4me73j31Mk-bDe5qbfUz7dtt1MUy-QlwkaGBWaIXucHF-r2KiCUQ=w180-h180-l90-rj,"Shararat 沙赫瓦特·薩赫迪夫 , Madhubanti Bagchi & 雅斯文·桑德拉斯",,,,"Shararat 沙赫瓦特·薩赫迪夫 , Madhubanti Bagchi & 雅斯文·桑德拉斯"
2026-08-10,in,India,top_songs_weekly,,4,https://yt3.googleusercontent.com/B1p2-JcIuomNuey91o6bvshtrtw2gr0pH1bIviJxDqNZiT9et79lCgY4-pU-6FhVNWbi9FrnOtJ35t8=w180-h180-l90-rj,"Gehra Hua 沙赫瓦特·薩赫迪夫 , Arijit Singh , Irshad Kamil & Armaan Khan",,,,"Gehra Hua 沙赫瓦特·薩赫迪夫 , Arijit Singh , Irshad Kamil & Armaan Khan"
2026-08-10,in,India,top_songs_weekly,,5,https://yt3.googleusercontent.com/LF_Gw__z3R6L4Mbz1cW7RDKXYiNcYTxBR2QrrWk0gXgUDhv9uOx01XLtvlmf4PGBISXNIlp2r0XxLU_2=w180-h180-l90-rj,● Bairan Banjaare,,"1月 23, 2026",13954839,"5 ● Bairan Banjaare 1月 23, 2026 5 22 13,954,839"
2026-08-10,in,India,top_songs_weekly,,6,https://yt3.googleusercontent.com/HXBIgIEFaSYmyLdP_3t8WYbPimxk1PpxJF0k9VY6ZCXzeEbiT-tuKxJbUU36R_OtYyWlFHYETEneMhd2=w180-h180-l90-rj,Ishq de Fanniyar Jyotica Tangri,,,,Ishq de Fanniyar Jyotica Tangri
2026-08-10,in,India,top_songs_weekly,,7,https://yt3.googleusercontent.com/be_gE5Va2RF56pIw3g-AbSsm7-X4VApfbuR5YsRhAzF3NR-adNGyAlB1L7AFJSgytnqXtBd9-E3Is_Kx=w180-h180-l90-rj,Basinga Balaalu Swamy Naresh & Srinidhi Nerella,,,,Basinga Balaalu Swamy Naresh & Srinidhi Nerella
2026-08-10,in,India,top_songs_weekly,,8,https://yt3.googleusercontent.com/qSLRDoW9xku1Tn0g5cH-1Xfw4NF7HjSdPU8j0rfsNoPSl3r5TN-5OEC8g8mF_I1TbpxDDMZp4t_mlE6y=w180-h180-l90-rj,Sheesha (Aakhya Mai Aakh Ghali Jo Bairan) Mitta Ror & Swara Verma,,,,Sheesha (Aakhya Mai Aakh Ghali Jo Bairan) Mitta Ror & Swara Verma
2026-08-10,in,India,top_songs_weekly,,9,https://yt3.googleusercontent.com/D8zrTH1RKP2TDB_Zg60FO9CLeb8WehGyT7wnSKjc0cXEwgt9AYcRuWWIg3UMkmIZJsO2SMOg6l1J8bV-=w180-h180-l90-rj,Arz Kiya Hai Anuv Jain,,,,Arz Kiya Hai Anuv Jain
2026-08-10,in,India,top_songs_weekly,,10,https://yt3.googleusercontent.com/0pkwx8J4M_khsEmw8i-TJ4NvEmi-OD5pjbdIvAmFroWRPgBp5_P4tDCAcThJ4XnGh3k2DaKp_jeIGjx7=w180-h180-l90-rj,"Jaiye Sajana 沙赫瓦特·薩赫迪夫 , 施廷德·薩爾塔 & 雅斯文·桑德拉斯",,,,"Jaiye Sajana 沙赫瓦特·薩赫迪夫 , 施廷德·薩爾塔 & 雅斯文·桑德拉斯"
2026-08-10,in,India,top_songs_weekly,,11,https://yt3.googleusercontent.com/OotE8xDKqeutvwDbJja54xdhYmC0eH5qKhaH-icvoPAuAC4flbqL90_LVKN0ltB8Ycoh7-q6za6pxaFv=w180-h180-l90-rj,Boom Shaka KR$NA & Dhanda Nyoliwala,,,,Boom Shaka KR$NA & Dhanda Nyoliwala
2026-08-10,in,India,top_songs_weekly,,12,https://yt3.googleusercontent.com/7_06KmE85Uk8mngpR0_lw_zf9qqmsN9rW1xTF57d9DegptGKJ9Qw_r6Xdi26OnXy7NxdiWbPqusEQ2W2xA=w180-h180-l90-rj,Barsaat Banjaare & Roni,,,,Barsaat Banjaare & Roni
2026-08-10,in,India,top_songs_weekly,,13,https://yt3.googleusercontent.com/JXVAUSzi2vxkPX8p6DlfrOf9vgOP2pqW_M6rXKT6LT5dR8cUwsquw84see1tJdMEh2JBb4zcG1kxpRKf=w180-h180-l90-rj,"Pavazha Malli (Unplugged) Sai Abhyankkar , 施露蒂·哈桑 & Vivek",,,,"Pavazha Malli (Unplugged) Sai Abhyankkar , 施露蒂·哈桑 & Vivek"
2026-08-10,in,India,top_songs_weekly,,14,https://yt3.googleusercontent.com/UiiblCTpGyk9jYCczdZ75PYZxykG18LLsILY3ckW1u140MmO1w5qKlVBIOW7lartvpNC7eAkZDhCUygN=w180-h180-l90-rj,Fortuner (feat. Gulshan Music & Jaat Nia) Raj Mawar & Ruchika Jangid,,,,Fortuner (feat. Gulshan Music & Jaat Nia) Raj Mawar & Ruchika Jangid
2026-08-10,in,India,top_songs_weekly,,15,https://yt3.googleusercontent.com/ZJVrXso4bM3pdVhI782w_ZWjI-GGSvAfizmg-smr64xWW9M4fuiQifL1UWvD9eGf_dtCrXVJXQL4Qhij=w180-h180-l90-rj,Mutta Kalakki G.V. Prakash Kumar & Ken Karunaas,,,,Mutta Kalakki G.V. Prakash Kumar & Ken Karunaas
2026-08-10,in,India,top_songs_weekly,,16,https://yt3.googleusercontent.com/XvvdvvJF54vqL_1FSspuGguIKMMz5OhyhXMRls0jrBra5OcVujKFCHdI-hKxtnwbO-v-lDKdPmSUD_h33w=w180-h180-l90-rj,Sitaare Arijit Singh & Shruti Dhasmana,,,,Sitaare Arijit Singh & Shruti Dhasmana
2026-08-10,in,India,top_songs_weekly,,17,https://yt3.googleusercontent.com/OQMwA4BC4ds_3UlxtnckZ9ckVEO1B-8NGaYYzrU6inSoT8Df5uSh4F0Ld64w1zJTYH0WH32QEEm63DM=w180-h180-l90-rj,"Kamar DJ Pe Manish Sonipat Aala , Bali Sharma & Vampire",,,,"Kamar DJ Pe Manish Sonipat Aala , Bali Sharma & Vampire"
2026-08-10,in,India,top_songs_weekly,,18,https://yt3.googleusercontent.com/DjlOg5jRyIRBJHzFS7F5HgQcn6zochVwwEfvGxchAJok5nOTDfJfeapTD1bUaR5rGZaAFQTwWV9IvpET=w180-h180-l90-rj,"Pattampoochi G.V. Prakash Kumar , Sublahshini & Arun Raja Kamraj",,,,"Pattampoochi G.V. Prakash Kumar , Sublahshini & Arun Raja Kamraj"
2026-08-10,in,India,top_songs_weekly,,19,https://yt3.googleusercontent.com/U15AdXEtMimNFYJkNrs_0NJnnQTeeG-t6wZk7FaNuvlAb-zylhUhNj8mpY79KpUTrMneXCz3ZJeZbR5D1Q=w180-h180-l90-rj,Nach Nagin Jaisan Raushan Rohi & Khushi Kakkar,,,,Nach Nagin Jaisan Raushan Rohi & Khushi Kakkar
2026-08-10,in,India,top_songs_weekly,,20,https://yt3.googleusercontent.com/nZevbUEupxBKmJ3VR6f4rdlYv5Tr53yVHws35zJg9JId6uuBAHgEeRDmf87DcEQkLCJFSHN31BLjYJE=w180-h180-l90-rj,"Aaya Sher Anirudh Ravichander , Jangi Reddy , Arjun Chandy & 希厄姆·卡莎拉",,,,"Aaya Sher Anirudh Ravichander , Jangi Reddy , Arjun Chandy & 希厄姆·卡莎拉"
2026-08-10,in,India,top_songs_weekly,,21,https://yt3.googleusercontent.com/LZm153NU4rj6qeQXmh5fdMDmeuasdq1kQHD2xJdlqL6Wf3ZhA7-E3Pe7LCb-ldQRQosAuaJK5Rxu2JaV=w180-h180-l90-rj,"Aankhon Se Tune 2.0 Dev Negi , Palak Muchhal , 庫馬・山奴 , 阿爾卡·雅格尼克 & Mohsin Shaikh",,,,"Aankhon Se Tune 2.0 Dev Negi , Palak Muchhal , 庫馬・山奴 , 阿爾卡·雅格尼克 & Mohsin Shaikh"
2026-08-10,in,India,top_songs_weekly,,22,https://i.ytimg.com/vi/HFX6AZ5bDDo/default.jpg,Namo Namo 阿米特·特里維迪,,,,Namo Namo 阿米特·特里維迪
2026-08-10,in,India,top_songs_weekly,,23,https://yt3.googleusercontent.com/h86CrhB0x2rZNf6CfRh0Kq4xXuasxQQkIGPJbCfmoEuIygvgas8Q07CL3moyU8xI9Z9Sndy-MnNG7sc=w180-h180-l90-rj,"Mithe Tere Bol Pari Masoom Sharma , Pranjal Dahiya & Aman Jaji",,,,"Mithe Tere Bol Pari Masoom Sharma , Pranjal Dahiya & Aman Jaji"
2026-08-10,in,India,top_songs_weekly,,24,https://yt3.googleusercontent.com/9ejQki8p5r46B0jGiMa7talsLlmp-W0oAM6Vu8CoSQjcCxcj39RceRHfS-E86H-czomzbv429pxHrCxB=w180-h180-l90-rj,Karuppa Kooda Va Sai Abhyankkar & V·M·馬哈林加姆,,,,Karuppa Kooda Va Sai Abhyankkar & V·M·馬哈林加姆
2026-08-10,in,India,top_songs_weekly,,25,https://yt3.googleusercontent.com/BzOBERVwxHIkVDpePVN8mnT0MID3cySSHcZvY84FHusBL78dxkdpWBBk8o4O5e8BaenNlHKlI9fWb_Rccw=w180-h180-l90-rj,Boyfriend Karan Aujla & Ikky,,,,Boyfriend Karan Aujla & Ikky
2026-08-10,in,India,top_songs_weekly,,26,https://yt3.googleusercontent.com/moXpr_lvHpb9m70jTjr-0GE63_VyHivgmyH7UPBJmgwWPHwwmvhxDPPZtdAhCFo7CdzmzIGwBE3cn4VuCQ=w180-h180-l90-rj,Dai Dai Shakira & 伯納男孩,,,,Dai Dai Shakira & 伯納男孩
2026-08-10,in,India,top_songs_weekly,,27,https://yt3.googleusercontent.com/kIG_Ks5fsPd9dHNttIv9_v-LG4y_3T-C97N-LQbahylnlmxJuXbYJkE57-XHnqLgFRAAT6gvlbMOJ6Y8=w180-h180-l90-rj,"Aarzu Noor , Khan & Madhurxo",,,,"Aarzu Noor , Khan & Madhurxo"
2026-08-10,in,India,top_songs_weekly,,28,https://yt3.googleusercontent.com/YTlIAf6f43luMspNmyCuNpu2Lfae-6JBH_1O12HfJAJhhZotSr1igU__0B34rUqptu99U3KEpKA5i14=w180-h180-l90-rj,"Kabze Bintu Pabra , Shiva Choudhary & Sihag Muzik",,,,"Kabze Bintu Pabra , Shiva Choudhary & Sihag Muzik"
2026-08-10,in,India,top_songs_weekly,,29,https://yt3.googleusercontent.com/uzfTAu64E4d7zsoQHAd2sOX24RIYd5jYeaX3B_STbS0lk0X_cxrTquiFmZEU3khp6WwtTFrrmEEiaEg=w180-h180-l90-rj,Khat Navjot Ahuja,,,,Khat Navjot Ahuja
2026-08-10,in,India,top_songs_weekly,,30,https://yt3.googleusercontent.com/0ifsHj6e3RLiNbXb95WJ1DqwA62h181vbvYGusB-O-S6aUQcDqu2HTtZ_7E49QiIOfbjssJVUpY50nk=w180-h180-l90-rj,"Udi Udi Aneesh , SARKAR & Hruday",,,,"Udi Udi Aneesh , SARKAR & Hruday"
2026-08-10,in,India,top_songs_weekly,,31,https://yt3.googleusercontent.com/FxtWC1ssBcFqA4X7S1uvRSoYJ2Nahv7L6_WV6w5CouTJko7_en7eFvOCh_hc-6UpYx5_kgO5hIG1ODI=w180-h180-l90-rj,"Bairi Virat , Pradeep Solanki & Heena",,,,"Bairi Virat , Pradeep Solanki & Heena"
2026-08-10,in,India,top_songs_weekly,,32,https://yt3.googleusercontent.com/0pkwx8J4M_khsEmw8i-TJ4NvEmi-OD5pjbdIvAmFroWRPgBp5_P4tDCAcThJ4XnGh3k2DaKp_jeIGjx7=w180-h180-l90-rj,"Jaan Se Guzarte Hain Khan Saab , 沙赫瓦特·薩赫迪夫 & Nusrat Fateh Ali Khan",,,,"Jaan Se Guzarte Hain Khan Saab , 沙赫瓦特·薩赫迪夫 & Nusrat Fateh Ali Khan"
2026-08-10,in,India,top_songs_weekly,,33,https://yt3.googleusercontent.com/6SvJaWeu-Ngz6uvldckBKVg_TyHW8Ne084zjZ2SYm6t5lEyhay5cmAKan2tcA-og_8ngfA9b7WQ0Jsbn=w180-h180-l90-rj,दुनाली राजा जी Tuntun Yadav,,,,दुनाली राजा जी Tuntun Yadav
2026-08-10,in,India,top_songs_weekly,,34,https://yt3.googleusercontent.com/XOlD5i0QhYzqekrdeFv9xbbwe-Le903TNQa3O1oat2gq7Vkrfx-oBS2Co7Sd3JedNzb9tcd6YgPwkJOo2A=w180-h180-l90-rj,Raavana Mavandaa Anirudh Ravichander & Vivek,,,,Raavana Mavandaa Anirudh Ravichander & Vivek
2026-08-10,in,India,top_songs_weekly,,35,https://yt3.googleusercontent.com/F_zOOpQrlMOrIT50KDXGX54temlvXtXhWM-9e6TBAxCSP-F_Tt8bxONr5jBN7UwvoCwUifR0xph_QQeX=w180-h180-l90-rj,"Alaakaa Loova (From ""OM Chapter 1: Udhiram","The Blood Wood"") [Tamil] Sai Abhyankkar & Rokesh",,,"Alaakaa Loova (From ""OM Chapter 1: Udhiram - The Blood Wood"") [Tamil] Sai Abhyankkar & Rokesh"
2026-08-10,in,India,top_songs_weekly,,36,https://yt3.googleusercontent.com/q_isX8JYOUUcbvTJ6sxqVv2Jf_kofzX-ubpKCMlJdEg3LPnzeleGv3mS9BVzqfmcEOfyToAMfYs2PCcY4Q=w180-h180-l90-rj,Thodi Der 法爾汗・賽義德 & 舒蕾亞·戈沙爾,,,,Thodi Der 法爾汗・賽義德 & 舒蕾亞·戈沙爾
2026-08-10,in,India,top_songs_weekly,,37,https://yt3.googleusercontent.com/sNFZ3jrcijnEJfgqcTS3nmPQS1WGTlGHrDa_sm-GWMp3Nw3qv8hw6SCP3TQugtWiEBNohUGGVsOL09GdAA=w180-h180-l90-rj,Hellallallo A. R. Rahman &,,,,Hellallallo A. R. Rahman &
2026-08-10,in,India,top_songs_weekly,,38,https://yt3.googleusercontent.com/4JskAQe7v1sy1L9lm8MLtKgQanhm4Y87hPhl32Ayxr0by8L2uYf6mc5XIQ2wgGpTSCBrYJrOXX19I21p=w180-h180-l90-rj,Zaalima Arijit Singh & 哈爾什德普·凱爾,,,,Zaalima Arijit Singh & 哈爾什德普·凱爾
2026-08-10,in,India,top_songs_weekly,,39,https://yt3.googleusercontent.com/4elreGo96wj3b0bsDcsEeElggZ-67A_XUM4qBPgmSLR3IDr5LqI4Q6YFZnT15VzHF3D1iR1F7Hog9rU=w180-h180-l90-rj,41 Tiranga B Praak,,"3月 11, 2024",4527879,"39 41 Tiranga B Praak 3月 11, 2024 80 3 4,527,879"
2026-08-10,in,India,top_songs_weekly,,40,https://yt3.googleusercontent.com/klHyWoNuDYa65qFIoc0ID6f6Lj8oxxcCQI4983gP2RdxtXlV-BYvyILQBOtzk1cTUhOt5sWU7q_zQgA=w180-h180-l90-rj,आएगा मज़्ज़ा बरसात का 阿爾卡·雅格尼克 & Babul Supriyo,,,,आएगा मज़्ज़ा बरसात का 阿爾卡·雅格尼克 & Babul Supriyo
2026-08-10,in,India,top_songs_weekly,,41,https://yt3.googleusercontent.com/o0VCkTQynMGGvlqcJiCpgRZx9RPR9AtdAA-U49rHh4gaTIO4hDo4N-t3dT_xvRVsKIlE_cHHs129GC4=w180-h180-l90-rj,"Vaari Jaavan (From ""Dhurandhar The Revenge"") 沙赫瓦特·薩赫迪夫 , 喬奧蒂·諾倫 , Reble & 雅斯文·桑德拉斯",,,,"Vaari Jaavan (From ""Dhurandhar The Revenge"") 沙赫瓦特·薩赫迪夫 , 喬奧蒂·諾倫 , Reble & 雅斯文·桑德拉斯"
2026-08-10,in,India,top_songs_weekly,,42,https://yt3.googleusercontent.com/upmvJG0pEwTDgchGiPgUlLoC4YeC1YLG3DH3NHvUMqFw6OSworHi4Ea02wHR9IGP_gesSLBWfIm2pVE=w180-h180-l90-rj,"Tera Mera Rishta Purana Pritam , Mustafa Zahid & Sayeed Quadri",,,,"Tera Mera Rishta Purana Pritam , Mustafa Zahid & Sayeed Quadri"
2026-08-10,in,India,top_songs_weekly,,43,https://yt3.googleusercontent.com/iIO6PUmZ4Z1VaOHL-tzByr9cwNGCEiv0Je3SVnHMgMRaMWdPWfPQmaBl8blAYLaezFk44XOEsnCpg9CqUw=w180-h180-l90-rj,Sadi Sun Harsh Nussi,,,,Sadi Sun Harsh Nussi
2026-08-10,in,India,top_songs_weekly,,44,https://yt3.googleusercontent.com/_3Xhg_Tpnh4MSm2Xtp1RzNdNKk0rfpZCfoyJtuBm6R5J4ql93Dn5jInzmUJKH03nmpEQ4ehSBd5l71ly=w180-h180-l90-rj,Banjaara 穆罕默德·伊爾凡 & 米通,,,,Banjaara 穆罕默德·伊爾凡 & 米通
2026-08-10,in,India,top_songs_weekly,,45,https://yt3.googleusercontent.com/5bvgj-ptjXe6EBbU77Vaq6_c7iTQUSfjtj1o7U9kb-xckQ-jAlbpdudaKO9Zev9jPwpQB6Rmx8HtivtJ=w180-h180-l90-rj,"Tu Hi Haqeeqat Javed Ali , Pritam , Irshad Ashraf & Shadab Faridi",,,,"Tu Hi Haqeeqat Javed Ali , Pritam , Irshad Ashraf & Shadab Faridi"
2026-08-10,in,India,top_songs_weekly,,46,https://yt3.googleusercontent.com/ERb82ZTGZqAPPWZUHFf-AtfIKOIz_Cnyak3dPwgMM6tv2MdqyWBXr5cnrhZ6X8tpovGpU9L3Hqff_Q=w180-h180-l90-rj,Bangles Sanju Rathod &,,,,Bangles Sanju Rathod &
2026-08-10,in,India,top_songs_weekly,,47,https://yt3.googleusercontent.com/HcWkg1gjHiD6bcpTiT6N8HuH0q5Xzc8rFB7wLkuxl4RssIZyHvRzXu6fATgFV7aYfGnLUfY-CPGpB18=w180-h180-l90-rj,"Sambavakaari 肖恩·羅爾丹 , Saindhavi & Mohan Rajan",,,,"Sambavakaari 肖恩·羅爾丹 , Saindhavi & Mohan Rajan"
2026-08-10,in,India,top_songs_weekly,,48,https://yt3.googleusercontent.com/MVrt-5UWmF5IBK7FQ6nP1t9ps3npOZfVxaMppx5MoBnqqllRx9fYq46tsr9zBAueYqVxTc8zZ-HbZFJ0=w180-h180-l90-rj,Bum Bum Bole Shaan & Aamir Khan,,,,Bum Bum Bole Shaan & Aamir Khan
2026-08-10,in,India,top_songs_weekly,,49,https://yt3.googleusercontent.com/ei_DHKmt4_iAuHKLJnUAxvYFjFMPX0dpLcILLsaE3lQJJdO6QELmv67aRPJh2mKv5XjbjkZ3qQaFMvCEgQ=w180-h180-l90-rj,Udaarian 施廷德·薩爾塔,,,,Udaarian 施廷德·薩爾塔
2026-08-10,in,India,top_songs_weekly,,50,https://yt3.googleusercontent.com/5AWXYskfu5i-fPpoUFIHgz3MLyPzWs7njVfig6KHVy1tdyiyeCiIkDBU00itkwriIhQmgXl6KNs9Jlvf=w180-h180-l90-rj,"Aawaara Angaara A. R. Rahman , Faheem Abdullah & Irshad Kamil",,,,"Aawaara Angaara A. R. Rahman , Faheem Abdullah & Irshad Kamil"
2026-08-10,in,India,top_songs_weekly,,51,https://yt3.googleusercontent.com/Y3Cv6IVLnwoSoV2EKI_UfusMnWBz-rWts0eHKw4SGjjfRTnaFfesVjP_o3CUGZFrPr0EN7XaoqqRjY3q=w180-h180-l90-rj,"Pairon Mein Bandhan Hai Udbhav , Manohar Shetty , Ishaan , Shweta Pandit , Sonali Bhatawdekar & Preetha Mazumdar",,,,"Pairon Mein Bandhan Hai Udbhav , Manohar Shetty , Ishaan , Shweta Pandit , Sonali Bhatawdekar & Preetha Mazumdar"
2026-08-10,in,India,top_songs_weekly,,52,https://yt3.googleusercontent.com/NnmFTm_76YyUwVidT2WbyooIslLM5LwKBUnoROz_M6E-s5cuounVKOpiAseEm1wKOyOTuk9Zztd1bQx0=w180-h180-l90-rj,"Lakh D Naveen , Shiva Choudhary & Sweta Chauhan",,,,"80 Lakh D Naveen , Shiva Choudhary & Sweta Chauhan"
2026-08-10,in,India,top_songs_weekly,,53,https://yt3.googleusercontent.com/OfrM446a-sYLkQ6ITT-5SZhFZ26bk6dZFyMH2wuZ-eJ3e8e0cQGalqOduiDhfay0mC9wvZBdP363ZVQ=w180-h180-l90-rj,"Nachiab Hathiyar Se Shubham Raj (SBR) , Anjali Raj & Prince Shaan Dubey",,,,"Nachiab Hathiyar Se Shubham Raj (SBR) , Anjali Raj & Prince Shaan Dubey"
2026-08-10,in,India,top_songs_weekly,,54,https://yt3.googleusercontent.com/tkjVoBC1i3-tYcyeZs6PKin94pHA92CFZlk90GEbyU8iVp2uvrVzERMmCR6qygbO7dsA7yXCpXGyUH24=w180-h180-l90-rj,Kar Na Sake Hum Pyar Ka Sauda Asha Bhosle & 庫馬・山奴,,,,Kar Na Sake Hum Pyar Ka Sauda Asha Bhosle & 庫馬・山奴
2026-08-10,in,India,top_songs_weekly,,55,https://i.ytimg.com/vi/gIOea2pgfIo/default.jpg,Tere Sang Yaara 阿蒂夫·阿斯拉姆,,,,Tere Sang Yaara 阿蒂夫·阿斯拉姆
2026-08-10,in,India,top_songs_weekly,,56,https://yt3.googleusercontent.com/G6w5-DFnICsgc5fZHMb-1ov-9gJrOTNWM60-LRiblhuk_dOiEDCb0vc855P3nsocPVeDMZfl-IWqtYpr=w180-h180-l90-rj,Jadugarni Sintaa & Riyaazi,,,,Jadugarni Sintaa & Riyaazi
2026-08-10,in,India,top_songs_weekly,,57,https://yt3.googleusercontent.com/nvj-8rBQ-LamKR-aoe3fIe1paQqT944AwOMWFR8oVdX5NQr0neE3TttOK8GDRdhMztnq9mCVgygcRCxuPA=w180-h180-l90-rj,"PAGLE BANA DELU Pramod Premi , Vicky Vox & Ravi Yadav",,,,"PAGLE BANA DELU Pramod Premi , Vicky Vox & Ravi Yadav"
2026-08-10,in,India,top_songs_weekly,,58,https://yt3.googleusercontent.com/c73vJ_Q4pMMidGQKiYQLhukBYVHXMEFpbBB2sTwV5SURaKphBJmwEPHJwk9_5FCQVdSdWTsArhdfOzT8=w180-h180-l90-rj,"Narak B Praak , Jaani & Jyotica Tangri",,,,"Narak B Praak , Jaani & Jyotica Tangri"
2026-08-10,in,India,top_songs_weekly,,59,https://yt3.googleusercontent.com/xd4g3VgUwJxnxJ6Ck2hBrgU1WHXaAa8iJ_HRWeujas1kq4veCvndmsuWev2RpbnV8IXtvGYDhIPiDnw=w180-h180-l90-rj,O Sanam Akhil Sachdeva,,,,O Sanam Akhil Sachdeva
2026-08-10,in,India,top_songs_weekly,,60,https://yt3.googleusercontent.com/lE3KPP22PVVXLCqnu1dfDPb4SF80VdrDEevGHCwSh3KoDUG54dKjlV9-0rk_G0EBilY1yiyiGYJsL3g=w180-h180-l90-rj,"Pistol Balam Ki , Heena , Kamal Digiya , Hanssika Digiya & Baldev Singh Parihar",,,,"Pistol Balam Ki , Heena , Kamal Digiya , Hanssika Digiya & Baldev Singh Parihar"
2026-08-10,in,India,top_songs_weekly,,61,https://yt3.googleusercontent.com/AIwh8jnuCLlSJZql61xK1iKsPK6bvB7rr-5E3QmoompcJBp5Xf0uohtMbnNJJkpTg8-dr0bx4MvCYgIZlQ=w180-h180-l90-rj,LAAVAN 雅斯文·桑德拉斯 & Mofusion,,,,LAAVAN 雅斯文·桑德拉斯 & Mofusion
2026-08-10,in,India,top_songs_weekly,,62,https://yt3.googleusercontent.com/dim4-E7P1L8MDlS4QH7dVUFcmPNCkIIZt4T_vDHLVKid3LEhW-8bD4LBpGGaJ-iyUDZfI1KzRG9oXg=w180-h180-l90-rj,"Kamar Me Dagi 克瑟利·拉爾·亞達夫 , Shilpi Raj & Raushan Singh",,,,"Kamar Me Dagi 克瑟利·拉爾·亞達夫 , Shilpi Raj & Raushan Singh"
2026-08-10,in,India,top_songs_weekly,,63,https://yt3.googleusercontent.com/Sy5aHXoupg1z65TzI5zje6m4pu8DWnPG9ZdNUq3hh4IAA70_GXDzK_oZqoUuFnIQ_B_locnWIveIrN6f=w180-h180-l90-rj,Katto Gilehri 達雷爾·馬哈帝 & Mamta Sharma,,,,Katto Gilehri 達雷爾·馬哈帝 & Mamta Sharma
2026-08-10,in,India,top_songs_weekly,,64,https://yt3.googleusercontent.com/efc_IjXDv4Z9llUZy-oted3rtm_U4hoSPwH2bkSQFiX_RzqYfis3smatOlTtk-XDJbhtg-iE4lc_RzQ=w180-h180-l90-rj,Low Fade Karan Aujla & Mxrci,,,,Low Fade Karan Aujla & Mxrci
2026-08-10,in,India,top_songs_weekly,,65,https://yt3.googleusercontent.com/k7EhssfWdyj13vBTA56N3bJo6sHFvg236UG7dz-qRIAyn5Whdns59cVIkzkBo8DgWT7Y31sJM7UmZU5aqA=w180-h180-l90-rj,Jackpot Cheema Y & Gur Sidhu,,,,Jackpot Cheema Y & Gur Sidhu
2026-08-10,in,India,top_songs_weekly,,66,https://yt3.googleusercontent.com/06AAMQLns_zeKaZF7IEMnTectQKI132YqwU4vRMUGE92baMFxnambGRkVJxcFqVBqoc-x4m4i8TwAr0=w180-h180-l90-rj,"Rana Ji 2.0 坦尼許・巴格奇 , 伊拉·阿倫 & 阿爾卡·雅格尼克",,,,"Rana Ji 2.0 坦尼許・巴格奇 , 伊拉·阿倫 & 阿爾卡·雅格尼克"
2026-08-10,in,India,top_songs_weekly,,67,https://yt3.googleusercontent.com/ObRsqFph8YRJgAiFt6Myb7W_QZZViEd5S_OE1H7EUGHhIjBkHqbqE83FKI8wehrxzqeteziHCqCOkfqH=w180-h180-l90-rj,ISHQ MUBARAK Arijit Singh & 安基特·蒂瓦里,,,,ISHQ MUBARAK Arijit Singh & 安基特·蒂瓦里
2026-08-10,in,India,top_songs_weekly,,68,https://yt3.googleusercontent.com/mWsdrVu0nxzTyQFieMlhvO9YiQHyE1VERnUokGgOchZ8KcI46Eypp6MTj0XfW8_ENayLspAWTJES1Ho7iA=w180-h180-l90-rj,Kaho Na Kaho Amir Jamal,,,,Kaho Na Kaho Amir Jamal
2026-08-10,in,India,top_songs_weekly,,69,https://yt3.googleusercontent.com/WCaDa-Hs94rf4tMIlymNkR6lAliYFnAVcjTQdx54dNQxQBArYdQQu3KS7ap50SrvW-uvUoXq2GXVwMTB=w180-h180-l90-rj,% शूटर Raushan Rohi & Shrishti Bharti,,,,70 % शूटर Raushan Rohi & Shrishti Bharti
2026-08-10,in,India,top_songs_weekly,,70,https://yt3.googleusercontent.com/WfkQak9YPmTvGrMsee-O7WEq8bQ1xudDZIqlRWdUXVpT20TwCH37Lp4JfPzlT3cSZLUWW6uk7ic2i83I=w180-h180-l90-rj,Chanda Me Tero Face Kabir Singhora & Sarita Yadav,,,,Chanda Me Tero Face Kabir Singhora & Sarita Yadav
2026-08-10,in,India,top_songs_weekly,,71,https://yt3.googleusercontent.com/7y40Y_Zwl7l1fZhJt3lL-rMn9F4_HFsk2B9I49kz8p7IMatJHAzZ6pd19VdUM1UYtUHxtZP3PlFE1g7j=w180-h180-l90-rj,"Mashooqa Pritam , 馬哈茂德 , Raghav Chaitanya , 阿米塔布·巴塔查亞 & Ruaa Kayy",,,,"Mashooqa Pritam , 馬哈茂德 , Raghav Chaitanya , 阿米塔布·巴塔查亞 & Ruaa Kayy"
2026-08-10,in,India,top_songs_weekly,,72,https://yt3.googleusercontent.com/kTmURD6CkHJ4pHs5zEVc94bSaJy6Lgb4GDmKmJKWQK-hZuF1BAPcu_KwOaYLX8cTPqmahESImQ02IPTa=w180-h180-l90-rj,Jitni Dafa Yasser Desai & 吉特·甘古利,,,,Jitni Dafa Yasser Desai & 吉特·甘古利
2026-08-10,in,India,top_songs_weekly,,73,https://yt3.googleusercontent.com/39CAd-Y6m2u5qQTH8Td6X_ovM-LzQyaJcglez0RgCw3y-rhd8h_vrZsghiZj6YqGPGW7ZHADgCPQ5Eo45w=w180-h180-l90-rj,Majboor Sheheryar Rehan & Zoha Waseem,,,,Majboor Sheheryar Rehan & Zoha Waseem
2026-08-10,in,India,top_songs_weekly,,74,https://yt3.googleusercontent.com/oOrw5lKjIcQ-nxb70w4SuMYG-83mgeeVzVa6ofOhBrrTj9VRS_tWmVeo6w5zMdQCR0CsGo5v_UVXWP2Z=w180-h180-l90-rj,Case Teri Rani Ladegi 克瑟利·拉爾·亞達夫 & Srishti Bharti,,,,Case Teri Rani Ladegi 克瑟利·拉爾·亞達夫 & Srishti Bharti
2026-08-10,in,India,top_songs_weekly,,75,https://yt3.googleusercontent.com/0RqJGiIqAlWzmLjSNCWheowIz-XniZmVPfmJpCyj0h3BejYYYciO1Q0xBZKYKcnccfV85SP1c-qnK2yD=w180-h180-l90-rj,GALAT BAAT HAI 奈蒂·莫漢 & Javed Ali,,,,GALAT BAAT HAI 奈蒂·莫漢 & Javed Ali
2026-08-10,in,India,top_songs_weekly,,76,https://yt3.googleusercontent.com/LKAPdNFKZLbBZv9FqxiHammc1jDUa12AWhJOX_9vJd8wh6QmeWQz7CgKlwe9tXYiXZe0_KZH9J9Vcqdf=w180-h180-l90-rj,"God Mode Sai Abhyankkar , Gana Muthu , Vishnu Edavan & The Indian Choral Ensemble",,,,"God Mode Sai Abhyankkar , Gana Muthu , Vishnu Edavan & The Indian Choral Ensemble"
2026-08-10,in,India,top_songs_weekly,,77,https://yt3.googleusercontent.com/fldg1-g128H27gwKyXA9Y4cXrM5i0y7Wh1o5AjV7jr58liIIjqACVDFP00QHPsxqrU1j1AyMFkLzGQ9X=w180-h180-l90-rj,Mal Na Malpua Ha Geeta Rani,,,,Mal Na Malpua Ha Geeta Rani
2026-08-10,in,India,top_songs_weekly,,78,https://yt3.googleusercontent.com/LguJeFx8dhlcSzrL4rygArlF4J7rKPmcf97bRN6_8HfYdhXpmksV46zDKu1s_8ulIy8YtZwbUiaWDqHP=w180-h180-l90-rj,"Madam Ji Masoom Sharma , Rekha Goswami & Amar Karnawal",,,,"Madam Ji Masoom Sharma , Rekha Goswami & Amar Karnawal"
2026-08-10,in,India,top_songs_weekly,,79,https://yt3.googleusercontent.com/7Bcd4Jbi3Nfb59_PGe4gXqa8Xi5RlhlZTNUUoYzQuOIEgdnqzlZ6PpEIZnmS5bBAAlIMufCaK6mJAh16=w180-h180-l90-rj,Ji Laage Babya Mai Raj Mawar,,,,Ji Laage Babya Mai Raj Mawar
2026-08-10,in,India,top_songs_weekly,,80,https://yt3.googleusercontent.com/NjA8DmV8FPx61OnTdkVog9V6F1Zo8H7gRpEWzLyg7SpL6J3HZJrasDB5O90q_bSBpGJSCqr57CQcrPc=w180-h180-l90-rj,"Woh Lamhe Woh Baatein Roopkumar Rathod , 米通 , 納雷什·夏馬 & 阿蒂夫·阿斯拉姆",,,,"Woh Lamhe Woh Baatein Roopkumar Rathod , 米通 , 納雷什·夏馬 & 阿蒂夫·阿斯拉姆"
2026-08-10,in,India,top_songs_weekly,,81,https://i.ytimg.com/vi/hNU55KK4w1o/default.jpg,Ucha Lamba Kad Anand Raj Anand & Kalpana,,,,Ucha Lamba Kad Anand Raj Anand & Kalpana
2026-08-10,in,India,top_songs_weekly,,82,https://i.ytimg.com/vi/TGpG56pg3UU/default.jpg,Sun Saathiya 普里亞·薩拉雅 & 迪維亞·庫瑪,,,,Sun Saathiya 普里亞·薩拉雅 & 迪維亞·庫瑪
2026-08-10,in,India,top_songs_weekly,,83,https://yt3.googleusercontent.com/ODhreTQufJgEezdnPVmP8OF5nefXi4Q9y5dm2CjpjFGks0f5SXKe5sYsd1oiRnB_1Bz1Ghj7Sat2guwp=w180-h180-l90-rj,"Chammak Challo 維沙爾·謝卡爾 , Akon & 哈姆西卡·伊耶",,,,"Chammak Challo 維沙爾·謝卡爾 , Akon & 哈姆西卡·伊耶"
2026-08-10,in,India,top_songs_weekly,,84,https://yt3.googleusercontent.com/xwo2oGlNJqzz0Gd3zncW14zLNN_paa6sdOG6S0Qlv3TPq6vHYKtw4CzXYc6np54GSAXSL7o7iwdyz8--=w180-h180-l90-rj,"Kyaa Dil Ne Kahaa 希梅什·雷希漢米亞 , Udit Narayan & 阿爾卡·雅格尼克",,,,"Kyaa Dil Ne Kahaa 希梅什·雷希漢米亞 , Udit Narayan & 阿爾卡·雅格尼克"
2026-08-10,in,India,top_songs_weekly,,85,https://yt3.googleusercontent.com/qoqJmeAuTGcWU9_ED1NJThXbVu4dSZ6hJnr1xjOwEjXAOrO7liLer-FIlJ8okX_-sPh6AhLq0jgv2uY=w180-h180-l90-rj,Pal Pal Dil Ke Paas 基肖爾・庫馬爾,,,,Pal Pal Dil Ke Paas 基肖爾・庫馬爾
2026-08-10,in,India,top_songs_weekly,,86,https://yt3.googleusercontent.com/WlEx9cHd3et8ibOKH1g6aDVcl0OF_pjEXK2-hm6vTDu-aX_9MRffwgNGSD8V8-ptZAXf_79kE7SCCg__=w180-h180-l90-rj,"Dil Diyan Gallan B Praak , Happy Raikoti & 賈丁得·沙阿",,,,"Dil Diyan Gallan B Praak , Happy Raikoti & 賈丁得·沙阿"
2026-08-10,in,India,top_songs_weekly,,87,https://yt3.googleusercontent.com/OEoDBJvEk6Dw17sK7Hw-cMjdBsiVlajLa4PImKhzfQd8hy95tMHX-fCHtdnr3hIcwUTF_7husclqkoFE=w180-h180-l90-rj,Teri Meri Kahaani Arijit Singh & Palak Muchhal,,,,Teri Meri Kahaani Arijit Singh & Palak Muchhal
2026-08-10,in,India,top_songs_weekly,,88,https://yt3.googleusercontent.com/tH79wokzoD7D88gnJQRVmLyd9UN2HYz0bgL5Ih8rxEcJSyKoC5bnoaA7p60c6GA0opoDbLsACVqruc0=w180-h180-l90-rj,Tujhe Sochta Hoon KK,,,,Tujhe Sochta Hoon KK
2026-08-10,in,India,top_songs_weekly,,89,https://yt3.googleusercontent.com/Xkkq2oZyLK27LszR1KsHw0mbAHBDRD7JMtaCNz0T4f6REJdrigx23mkAHaRbWVBzfyM8LQNSd81EgC4=w180-h180-l90-rj,Tujhe Main Pyar Karu Kailash Kher,,,,Tujhe Main Pyar Karu Kailash Kher
2026-08-10,in,India,top_songs_weekly,,90,https://yt3.googleusercontent.com/bIHAzkrUWGBG_CD8NNSpr247nAp52ZvyZdfPk8gm-MjKwfP23yTzm1IK7jE6ebxOas11SGsJ0HLsy-_j=w180-h180-l90-rj,"Subha Hone Na De Pritam , 米卡·辛格 , 謝法利·阿爾瓦羅斯 & Kumaar",,,,"Subha Hone Na De Pritam , 米卡·辛格 , 謝法利·阿爾瓦羅斯 & Kumaar"
2026-08-10,in,India,top_songs_weekly,,91,https://yt3.googleusercontent.com/_JrnEHvLaqI1I8kdKsUg1Xia0S_7h3h2UHHXIVkXXkvmEP9elBRaP2g1lv2pBB3M5wsYQkVGQUqprEA=w180-h180-l90-rj,O Soniya Udit Narayan & 阿爾卡·雅格尼克,,,,O Soniya Udit Narayan & 阿爾卡·雅格尼克
2026-08-10,in,India,top_songs_weekly,,92,https://yt3.googleusercontent.com/IfUyfE8k1JAs3WxuqhZlKIebXT5C3yZJ2rMQqMVNQME9RGSbfFS64ZFLXXBCGvtWKcCGSxo7KtDJidI=w180-h180-l90-rj,Tujhse Bichhad Kar Zinda Hain Anuradha Paudwal,,,,Tujhse Bichhad Kar Zinda Hain Anuradha Paudwal
2026-08-10,in,India,top_songs_weekly,,93,https://yt3.googleusercontent.com/J423huucNSNcWl9UjN8Xm39SDLgv4neaEw8ki-5Yv-PLuJkp0Z7wzVCvpcECpl68Tor89iKE8iikIms=w180-h180-l90-rj,"Chill (feat. Shivani Yadav) Bintu Pabra , Shiva Choudhary & Kamal Digiya",,,,"Chill (feat. Shivani Yadav) Bintu Pabra , Shiva Choudhary & Kamal Digiya"
2026-08-10,in,India,top_songs_weekly,,94,https://yt3.googleusercontent.com/4ReAVu5XjcggzG988fKFqk969dhKk_pTNAtF_Z5ceAm7N76FIP5kisOOMcLLIf2NZUNqlgwV3bXUgT6nMQ=w180-h180-l90-rj,Zigane Dhanda Nyoliwala & Shevv,,,,Zigane Dhanda Nyoliwala & Shevv
2026-08-10,in,India,top_songs_weekly,,95,https://yt3.googleusercontent.com/wT9OeYXVuf7P5mzjgOtZdAu9-872PnURnveIB6AiRoroHzlAFz2_6pMxk3XKgGuRWwCtJpn5Hkx0Ag=w180-h180-l90-rj,"Nallaru Po Sai Abhyankkar , Tippu , 莫赫·克 & Vivek",,,,"Nallaru Po Sai Abhyankkar , Tippu , 莫赫·克 & Vivek"
2026-08-10,in,India,top_songs_weekly,,96,https://yt3.googleusercontent.com/6bf9R8j-y5bmJsib5iE20SSh9vStAdLZy126OIRxS2Y_zDQ8X9V4OJDzccQ-SwQKaCfWrJ6gsrwtI3u-fA=w180-h180-l90-rj,Kaun Disha Mein Leke Chala 賈帕爾·辛格 & Hemlata,,,,Kaun Disha Mein Leke Chala 賈帕爾·辛格 & Hemlata
2026-08-10,in,India,top_songs_weekly,,97,https://yt3.googleusercontent.com/7KLwTtNILqUw6kXJnbl4uDz-2VO8l5SlbUXQ6zra5JkVDEDRxqvNRkIIB1s-3Co1mroicn0egJFjUH1x=w180-h180-l90-rj,"Thassadiya 桑塔什·那拉亞南 , Chinmayi , Punya Selva & Rehman",,,,"Thassadiya 桑塔什·那拉亞南 , Chinmayi , Punya Selva & Rehman"
2026-08-10,in,India,top_songs_weekly,,98,https://yt3.googleusercontent.com/-i5XV8tFU0OWIIB7cXKo4UbLMNKN-8etyXlT6NpfFjnABgJE2KEO10ky0NJ2iRopYIyX5Bd11EEgvvk1=w180-h180-l90-rj,Chunnari Chunnari,"Let’s Go! 阿努·馬利克 , Akshay & IP , 阿西斯·凱爾 & 薩米爾・安姜",,,"Chunnari Chunnari - Let’s Go! 阿努·馬利克 , Akshay & IP , 阿西斯·凱爾 & 薩米爾・安姜"
2026-08-10,in,India,top_songs_weekly,,99,https://yt3.googleusercontent.com/PNoDnnbrVoQsy6hLGqp-FEp7OwkJmFoh6XRw-DpH1qgA8qoXkOoqH2U8AUsYReAEtjyOWgLCTWlrNmpp4w=w180-h180-l90-rj,Wavy Karan Aujla,,,,Wavy Karan Aujla
2026-08-10,in,India,top_songs_weekly,,100,https://yt3.googleusercontent.com/AjORmLshzb0on4KoUI4D6UUwDrYDbZYv2nrlkR1ONMbsnz6k1qOYAKo9Kqw-WAocq4QVjzS3WoE3CRnOlw=w180-h180-l90-rj,Kiya Kiya Anand Raj Anand & Shweta Pandit,,,,Kiya Kiya Anand Raj Anand & Shweta Pandit
2026-08-10,sg,Singapore,top_songs_weekly,,1,https://yt3.googleusercontent.com/FRAFu9CaCaJMJzP2gOg-EcC-GPamLLh-h7YVUOn876iItmTJs0gT7JimpyWM5CN4_iUZk2Rz7Mo4ZKg-0w=w180-h180-l90-rj,"Giants Iman Fandi , weish & NDPeeps",,,,"Giants Iman Fandi , weish & NDPeeps"
2026-08-10,sg,Singapore,top_songs_weekly,,2,https://yt3.googleusercontent.com/moXpr_lvHpb9m70jTjr-0GE63_VyHivgmyH7UPBJmgwWPHwwmvhxDPPZtdAhCFo7CdzmzIGwBE3cn4VuCQ=w180-h180-l90-rj,Dai Dai Shakira & 伯納男孩,,,,Dai Dai Shakira & 伯納男孩
2026-08-10,sg,Singapore,top_songs_weekly,,3,https://yt3.googleusercontent.com/pPXFB33cg6OkSoAG9Xbvp3cGnkXnTGWSYkUypg0vHL8IuRvIYBTYnjvhweDfjbCRf4FHXCksK2ukjio=w180-h180-l90-rj,海屿你 马也Crabbit & Cole先生,,,,海屿你 马也Crabbit & Cole先生
2026-08-10,sg,Singapore,top_songs_weekly,,4,https://yt3.googleusercontent.com/3T-9QCKvZ6etaiDhX-2WSpd5z5Y3X84ND9TNX944mQR_kimjTFAqe2a69BUvHqcW8nRcOdNbu4n-U80Yvw=w180-h180-l90-rj,3 Animal KATSEYE,,"7月 24, 2026",123536,"4 3 Animal KATSEYE 7月 24, 2026 1 2 123,536"
2026-08-10,sg,Singapore,top_songs_weekly,,5,https://yt3.googleusercontent.com/xhdLwfah8qP3flZOzZfg7ueQoMkYVo8Io6OIWHrvg4wDa0mSdal4vnP0vfkDym738VkuimUaeffWuKA=w180-h180-l90-rj,You'll Be Okay 楚晴 & NDPeeps,,,,You'll Be Okay 楚晴 & NDPeeps
2026-08-10,sg,Singapore,top_songs_weekly,,6,https://yt3.googleusercontent.com/zJOgljN_DHTQsLg0zofG4N_HAaxaIJZARZm3R-8RxL7oVgkJiJskoyf3xDlrMt0pjNO8dHgl2455wjqz=w180-h180-l90-rj,"Sparkle Gareth Fernandez , Dru Chen & NDPeeps",,,,"Sparkle Gareth Fernandez , Dru Chen & NDPeeps"
2026-08-10,sg,Singapore,top_songs_weekly,,7,https://yt3.googleusercontent.com/6LDZTIjk3nbSSsG8J0M2_ME4KWzt4MTZ7oqrZlWg-uZ1gRWnBKt9ySPibZ5l7GJ_-j6gB6hv-qLNaPE=w180-h180-l90-rj,hate that i made you love me Ariana Grande,,,,hate that i made you love me Ariana Grande
2026-08-10,sg,Singapore,top_songs_weekly,,8,https://yt3.googleusercontent.com/OlsyF8L82chwdoVqON-g5H3BsEEgA0zSIYU_6SIZgMtLe0QzZPxzno91C6zJktuon6rjAv_UbmggkO_vyQ=w180-h180-l90-rj,● BAD ATEEZ,,"5月 22, 2026",85060,"8 ● BAD ATEEZ 5月 22, 2026 8 6 85,060"
2026-08-10,sg,Singapore,top_songs_weekly,,9,https://yt3.googleusercontent.com/PwQ543AKPc8tF0yUiz3e3s-Wy45l71Byt6T78PYeTB7Q0Jckq3C5d9P7faRc7OE5OTypbkxl4qFuVkI=w180-h180-l90-rj,Less than a Lover Jennie,,,,Less than a Lover Jennie
2026-08-10,sg,Singapore,top_songs_weekly,,10,https://i.ytimg.com/vi/yebNIHKAC4A/default.jpg,"Golden HUNTR/X , EJAE , AUDREY NUNA , REI AMI & KPop Demon Hunters Cast",,,,"Golden HUNTR/X , EJAE , AUDREY NUNA , REI AMI & KPop Demon Hunters Cast"
2026-08-10,sg,Singapore,top_songs_weekly,,11,https://yt3.googleusercontent.com/CwtUqDJhEnd9U_GyRBTwrRE0lpNwIgw6ugIlJLbP9EC91DKzgWz1WEo3cmcsdDybIEzTkrZaz_hNttJx=w180-h180-l90-rj,MOON BABYMONSTER,,,,MOON BABYMONSTER
2026-08-10,sg,Singapore,top_songs_weekly,,12,https://yt3.googleusercontent.com/wXkXjlcs3VQ09JqQaLbmd-XAwvoZ0Kxsy5h3jbA2hGyAaw_XMWMzVxze2CWrYFfQRAwnktCoev7-uJaz=w180-h180-l90-rj,The One That Got Away Katy Perry,,,,The One That Got Away Katy Perry
2026-08-10,sg,Singapore,top_songs_weekly,,13,https://yt3.googleusercontent.com/awoyk8Z8XNivU4sRBupBx_pdbnk7yVJz3w4qvxzcrm-Ud9Ma6B-v9BVLOx1JLTJr5n-g51chJRdHEqSgSg=w180-h180-l90-rj,甲乙丙丁 (你我怎么两清) 李佳薇,,,,甲乙丙丁 (你我怎么两清) 李佳薇
2026-08-10,sg,Singapore,top_songs_weekly,,14,https://yt3.googleusercontent.com/naKgO_9vvIczuf7Vq1llQyRAQOOW898kBZN3pio-Bkbfcmdu3Gv14_ivEBZiHAow8VbPEq1bhO0j2DU=w180-h180-l90-rj,"KALYANI (Remix) KDS , ARJN , FIFTY4 & 舒蕾亞·戈沙爾",,,,"KALYANI (Remix) KDS , ARJN , FIFTY4 & 舒蕾亞·戈沙爾"
2026-08-10,sg,Singapore,top_songs_weekly,,15,https://yt3.googleusercontent.com/fSZeOU1r1CCaRPaXHA-oLYcZbJ59nenUQs5NJJp_hWpSkOMgOqpr-zOHqpFBFBJrXz_lAn8Nr5A1r2K1mw=w180-h180-l90-rj,Good Goodbye HWASA,,,,Good Goodbye HWASA
2026-08-10,sg,Singapore,top_songs_weekly,,16,https://yt3.googleusercontent.com/IX-QEr9pFD41clJP-q_Yg462m02Ni_6PjBQ9TpaGtzb4sT0eH1ZC6dy_ZxcqVIEZF9ipY9FgIirPJPh6=w180-h180-l90-rj,"ICONIC BY MISTAKE LE SSERAFIM , ILLIT & KATSEYE",,,,"ICONIC BY MISTAKE LE SSERAFIM , ILLIT & KATSEYE"
2026-08-10,sg,Singapore,top_songs_weekly,,17,https://yt3.googleusercontent.com/peRqJccVv5rY4zUz0R_11tHAloX3z3r0uSwiDM_GCInunh4Poecppfx6tBsoxaHWUkYzsfe9A41VOteI=w180-h180-l90-rj,1 過了幾天 郭家瑋,,"11月 22, 2024",52402,"17 1 過了幾天 郭家瑋 11月 22, 2024 18 3 52,402"
2026-08-10,sg,Singapore,top_songs_weekly,,18,https://yt3.googleusercontent.com/IBwK4LOs4sO-Cd-_5YO4XC2B2N1hvyBvKfr60tT_ljIuwmOuVWWW2NypbcvzKgScVAbRsWEYbmsjfcm2cw=w180-h180-l90-rj,Sunflower Post Malone & Swae Lee,,,,Sunflower Post Malone & Swae Lee
2026-08-10,sg,Singapore,top_songs_weekly,,19,https://yt3.googleusercontent.com/A8SRoL6qtcMOnHF5nYOr2-IEpY-6aU262p6AszVqTaxYKwP-bSgb7p_Yb_k8yggQ2jzW7mAVpznu8wYc=w180-h180-l90-rj,"Here We Are 查利·利姆 , 陳潔儀 & The Island Voices",,,,"Here We Are 查利·利姆 , 陳潔儀 & The Island Voices"
2026-08-10,sg,Singapore,top_songs_weekly,,20,https://yt3.googleusercontent.com/3RNsv7dNTYSBpuSWmpWM6PiYgQAaCXKvi8ION2AH2OaQHc-vW5-rJW4PqztU9XGaX-5z3sMc5RMTMc8n=w180-h180-l90-rj,2 It's Me ILLIT,,"4月 23, 2026",45492,"20 2 It's Me ILLIT 4月 23, 2026 22 14 45,492"
2026-08-10,sg,Singapore,top_songs_weekly,,21,https://yt3.googleusercontent.com/ZpWD37EEQE_LVuQ_O03cRmz5mZA7jG0gKGLt-49uHNDX6DycysijGGSOX9woU-OfQR5jyahz3aEdmBmm3A=w180-h180-l90-rj,The Fate of Ophelia Taylor Swift,,,,The Fate of Ophelia Taylor Swift
2026-08-10,sg,Singapore,top_songs_weekly,,22,https://yt3.googleusercontent.com/JXVAUSzi2vxkPX8p6DlfrOf9vgOP2pqW_M6rXKT6LT5dR8cUwsquw84see1tJdMEh2JBb4zcG1kxpRKf=w180-h180-l90-rj,"Pavazha Malli (Unplugged) Sai Abhyankkar , 施露蒂·哈桑 & Vivek",,,,"Pavazha Malli (Unplugged) Sai Abhyankkar , 施露蒂·哈桑 & Vivek"
2026-08-10,sg,Singapore,top_songs_weekly,,23,https://yt3.googleusercontent.com/jXXzY2fTfxgr0_wR_I_V8W3Ai0L3ece217Biqm0tY36I9VAoce09xXmjgt8mXggTVgGGBHdJ3eAyICY=w180-h180-l90-rj,Beauty And A Beat (feat. Nicki Minaj) Justin Bieber,,,,Beauty And A Beat (feat. Nicki Minaj) Justin Bieber
2026-08-10,sg,Singapore,top_songs_weekly,,24,https://yt3.googleusercontent.com/KGlv7qIj2ewbSHfRXE85EuDNySI2UJU9iHriPerJoeIII5F2ktcUQuhQ90bgoh1szUw2sDvJCdWiNXeh=w180-h180-l90-rj,4 離開我的依賴 王艷薇,,"2月 17, 2020",40003,"24 4 離開我的依賴 王艷薇 2月 17, 2020 28 16 40,003"
2026-08-10,sg,Singapore,top_songs_weekly,,25,https://yt3.googleusercontent.com/_RICA9AQMvaw-SLRBVDVF3rLx6pgeXvy2USuFyueQhhMGAVga26n2brDIIbjNkkYW3xv9LyUdav9rWnKvA=w180-h180-l90-rj,2 LEMONADE aespa,,"5月 28, 2026",37954,"25 2 LEMONADE aespa 5月 28, 2026 27 10 37,954"
2026-08-10,sg,Singapore,top_songs_weekly,,26,https://yt3.googleusercontent.com/F_zOOpQrlMOrIT50KDXGX54temlvXtXhWM-9e6TBAxCSP-F_Tt8bxONr5jBN7UwvoCwUifR0xph_QQeX=w180-h180-l90-rj,"Alaakaa Loova (From ""OM Chapter 1: Udhiram","The Blood Wood"") [Tamil] Sai Abhyankkar & Rokesh",,,"Alaakaa Loova (From ""OM Chapter 1: Udhiram - The Blood Wood"") [Tamil] Sai Abhyankkar & Rokesh"
2026-08-10,sg,Singapore,top_songs_weekly,,27,https://yt3.googleusercontent.com/9ejQki8p5r46B0jGiMa7talsLlmp-W0oAM6Vu8CoSQjcCxcj39RceRHfS-E86H-czomzbv429pxHrCxB=w180-h180-l90-rj,Karuppa Kooda Va Sai Abhyankkar & V·M·馬哈林加姆,,,,Karuppa Kooda Va Sai Abhyankkar & V·M·馬哈林加姆
2026-08-10,sg,Singapore,top_songs_weekly,,28,https://yt3.googleusercontent.com/CC48Fib8dGz3RNA9jkB85XGQMCSlcqkjCpAMePqHKG-ieGvQHQps-f858yiJZG96vlol60sRL50444k=w180-h180-l90-rj,Treat You Better Shawn Mendes,,,,Treat You Better Shawn Mendes
2026-08-10,sg,Singapore,top_songs_weekly,,29,https://yt3.googleusercontent.com/Zl6lT-8KgSYiXI08I5ilE35LaWaDpVFYdBIEn_g_gJRGTBlb6xlMn4Ws226L3nMuhWl9UxRQZq5c1pZF=w180-h180-l90-rj,1 REDRED CORTIS,,"4月 20, 2026",34698,"29 1 REDRED CORTIS 4月 20, 2026 30 16 34,698"
2026-08-10,sg,Singapore,top_songs_weekly,,30,https://yt3.googleusercontent.com/pxZ41R8jrSjVtI3W9wCDRA6T7KOVnPHH0k1H_qktx78W8X__rn4IVqu_1ePUhLvrohB9JBWgrOXl7P9epA=w180-h180-l90-rj,MMG (My Mine Gueh) Naykilla,,,,MMG (My Mine Gueh) Naykilla
2026-08-10,sg,Singapore,top_songs_weekly,,31,https://yt3.googleusercontent.com/BKxUIETz1Vt8WcKm7bC2HP85RkhB5K6rbu3d-hNoe4kSkf_CJYJ0DqMknD3J85nUpilrGJMa7ipBnEJn-w=w180-h180-l90-rj,Базовый минимум Sabi & 米亞·博伊卡,,,,Базовый минимум Sabi & 米亞·博伊卡
2026-08-10,sg,Singapore,top_songs_weekly,,32,https://yt3.googleusercontent.com/_1ejRnxNSULMWdqN8F-gEGUVfw5kZKrwKy5xNPnSxU6Xen61q09zCR1aQn4s4L9rDOi-fGnTh3qI-LwE=w180-h180-l90-rj,Risk It All (Live) Bruno Mars,,,,Risk It All (Live) Bruno Mars
2026-08-10,sg,Singapore,top_songs_weekly,,33,https://yt3.googleusercontent.com/FBsKSRbF9dD9gKsMouEBNIymlDObANdcnZk4Lf_5QgTiq7V3gchHRsBXGgOLgDOOJuGkajoF5K-4qeA=w180-h180-l90-rj,RUDE! Hearts2Hearts,,,,RUDE! Hearts2Hearts
2026-08-10,sg,Singapore,top_songs_weekly,,34,https://yt3.googleusercontent.com/CwtUqDJhEnd9U_GyRBTwrRE0lpNwIgw6ugIlJLbP9EC91DKzgWz1WEo3cmcsdDybIEzTkrZaz_hNttJx=w180-h180-l90-rj,5 춤 BABYMONSTER,,"5月 4, 2026",33136,"34 5 춤 BABYMONSTER 5月 4, 2026 29 14 33,136"
2026-08-10,sg,Singapore,top_songs_weekly,,35,https://yt3.googleusercontent.com/fdbZYOuRg6rU2h00L8kabk-7o6QqV258Gl00mtW4mO6DnWjQBPEbF-GIDTeeYkEJV1IpVY88HRMg_bk=w180-h180-l90-rj,FREAKED OUT Fat Papi & prodshushy,,,,FREAKED OUT Fat Papi & prodshushy
2026-08-10,sg,Singapore,top_songs_weekly,,36,https://yt3.googleusercontent.com/FQsPsZdaGUkT3_Q-9iilsYnS6xc0CAerb6pIhUou-skal6-jMQQ-xUigopbvfqVP_e-msHiabmCN2wCl=w180-h180-l90-rj,Dracula (Remix) Tame Impala & Jennie,,,,Dracula (Remix) Tame Impala & Jennie
2026-08-10,sg,Singapore,top_songs_weekly,,37,https://i.ytimg.com/vi/afSgBNwmZrQ/default.jpg,petal Ariana Grande,,,,petal Ariana Grande
2026-08-10,sg,Singapore,top_songs_weekly,,38,https://yt3.googleusercontent.com/iR2BhbS14RKG5iVy0Y6S7NNehOzslvT3wF6MN0H8rFXPidc0QQxz0kQImxv9v-M2nSDQF4yU2NtuO2Y6qA=w180-h180-l90-rj,如果可以 Red Scarf 韋禮安,,,,如果可以 Red Scarf 韋禮安
2026-08-10,sg,Singapore,top_songs_weekly,,39,https://yt3.googleusercontent.com/sYmiMIdJAVZwkPluf8yQMI4qxuuZrU1OLOiwNEEgV1z7q6JhNQ_m7TqJbcxioiywmvBLuOJFK4YAgUnk=w180-h180-l90-rj,23 NORMAL 防彈少年團,,"3月 20, 2026",30992,"39 23 NORMAL 防彈少年團 3月 20, 2026 16 4 30,992"
2026-08-10,sg,Singapore,top_songs_weekly,,40,https://yt3.googleusercontent.com/XOlD5i0QhYzqekrdeFv9xbbwe-Le903TNQa3O1oat2gq7Vkrfx-oBS2Co7Sd3JedNzb9tcd6YgPwkJOo2A=w180-h180-l90-rj,Raavana Mavandaa Anirudh Ravichander & Vivek,,,,Raavana Mavandaa Anirudh Ravichander & Vivek
2026-08-10,sg,Singapore,top_songs_weekly,,41,https://yt3.googleusercontent.com/eEXqI0KeotuaiRx4PjiopjPnlTBj9aiSXbY1NmzielYry7Mvs-WRANaJiivV62Zl6ufFtOwDMUtRmKVf=w180-h180-l90-rj,NO BATIDÃO slxughter,,,,NO BATIDÃO slxughter
2026-08-10,sg,Singapore,top_songs_weekly,,42,https://yt3.googleusercontent.com/Prmu6sHyfxOnjdohuQ3zgvcrGr5cEvv5WDRBzIO_8ZiFbCAETO8r6Pr1U0HKdu4BVZSLYW0jU9SFwNW1=w180-h180-l90-rj,Aura 10/10 Hiphop Tamizha & Thamizh Aadhavan,,,,Aura 10/10 Hiphop Tamizha & Thamizh Aadhavan
2026-08-10,sg,Singapore,top_songs_weekly,,43,https://yt3.googleusercontent.com/lQrrh84CWq-vtFkuO91nLfrkom6xLhp5abygb1aqx6q9o1dYD0AbMwVp-Te7p4srwIF_IayC54kgGjE=w180-h180-l90-rj,13 我不该动情 RG,老帅,"6月 30, 2026",29215,"43 13 我不该动情 RG-老帅 6月 30, 2026 56 4 29,215"
2026-08-10,sg,Singapore,top_songs_weekly,,44,https://i.ytimg.com/vi/Q3bFaJVLlb0/default.jpg,ဤသို့ပြုရ Theinkpan Htun,,,,ဤသို့ပြုရ Theinkpan Htun
2026-08-10,sg,Singapore,top_songs_weekly,,45,https://yt3.googleusercontent.com/ZhUxfCzBTRn-1oJS7LLBCLQrc3o3jWH07x61FLV-EXkqIk4OV9gxuXiJnPi8AhClJUO6yq16FI5fqsEk1w=w180-h180-l90-rj,honk! no na,,"7月 30, 2026",28983,"45 New honk! no na 7月 30, 2026 - 1 28,983"
2026-08-10,sg,Singapore,top_songs_weekly,,46,https://yt3.googleusercontent.com/awoyk8Z8XNivU4sRBupBx_pdbnk7yVJz3w4qvxzcrm-Ud9Ma6B-v9BVLOx1JLTJr5n-g51chJRdHEqSgSg=w180-h180-l90-rj,甲乙丙丁 (你我怎么两清) 李佳薇,,,,甲乙丙丁 (你我怎么两清) 李佳薇
2026-08-10,sg,Singapore,top_songs_weekly,,47,https://yt3.googleusercontent.com/6nSKYCjwCp1f1GfgYejDk9l-3_65Qgc-sVtfeDyuAk1tSqeuTSnN6h-Z4cBeshn16kP_JIRs9whqlvQt6A=w180-h180-l90-rj,Shape of My Heart 新好男孩,,,,Shape of My Heart 新好男孩
2026-08-10,sg,Singapore,top_songs_weekly,,48,https://yt3.googleusercontent.com/sm9gz2XQFzc-Gp7qsQzIJGuIsowoyVI43ki4048evRTzCi8IN2FcTyv42YttCDRH-93amTRkG05hqnOK=w180-h180-l90-rj,Earrings Malcolm Todd,,,,Earrings Malcolm Todd
2026-08-10,sg,Singapore,top_songs_weekly,,49,https://yt3.googleusercontent.com/H3EZCBjeRDTnTb9dMliPUwiIDjC7U0q8avMcZ7pR2ce_zzb3GsWVsLD_ve2j0vQEeO6uklCMBnuotuHt=w180-h180-l90-rj,This Is Home JTalent,,,,This Is Home JTalent
2026-08-10,sg,Singapore,top_songs_weekly,,50,https://yt3.googleusercontent.com/wqA2-kB1LEmV3MsLsYK-a3yDSSHYptyb31XJMbGxc1_c-CylylLpDh3hbhV2A4Y49SNgQU_eGbAKMKk=w180-h180-l90-rj,Self Aware Temper City,,,,Self Aware Temper City
2026-08-10,sg,Singapore,top_songs_weekly,,51,https://yt3.googleusercontent.com/nPObEuAMXGwa93seBLGbyHD6h2zTQDMsTT7G99puaxBJ7x1x5xFY4kGHjR4F2e9Rp8RMKAiU5IF2MxM1fw=w180-h180-l90-rj,那些年 (Those Bygone Years) 胡夏,,,,那些年 (Those Bygone Years) 胡夏
2026-08-10,sg,Singapore,top_songs_weekly,,52,https://yt3.googleusercontent.com/7JoR5byTBP9EBVnL8JkSVy198KSf0E7CLt5SYPW4738ARMVTQScttk_FaQ-xoISSU6gdF_TRhj8roDEX9w=w180-h180-l90-rj,一念 張紫寧、A,Lin & 李鑫一,,,一念 張紫寧、A-Lin & 李鑫一
2026-08-10,sg,Singapore,top_songs_weekly,,53,https://yt3.googleusercontent.com/PZ3URyhJUWJ-Wpa3ta_0RZQOkWxKKswBDIAppv3lJElUlocZLuwYmoO7iOYhJ1j2WEspcNEYUtPSZZc=w180-h180-l90-rj,Y Que Fue? 唐·明嘉羅,,,,Y Que Fue? 唐·明嘉羅
2026-08-10,sg,Singapore,top_songs_weekly,,54,https://yt3.googleusercontent.com/dEXcXlfF1a6HQUnJeWS58DYT8v6IduW9ZJt9uZd6jFTURR6yowLKoHsq0GV8HER9ZbODaFtbO_ZORZcn=w180-h180-l90-rj,你不會懂 joysaaaa,,"8月 15, 2022",26744,"54 New 你不會懂 joysaaaa 8月 15, 2022 - 1 26,744"
2026-08-10,sg,Singapore,top_songs_weekly,,55,https://yt3.googleusercontent.com/LLXr_K6MEoE6wSEV2iSJ9j2HqNTtRfBqxQpe9ArB01bxHt1xQaQfWjeRlJGximySIWo3VHgZ4FeTxvC7=w180-h180-l90-rj,Tìm Em (feat. Bảo Anh ) Hngle,,,,Tìm Em (feat. Bảo Anh ) Hngle
2026-08-10,sg,Singapore,top_songs_weekly,,56,https://yt3.googleusercontent.com/xrGDyYO3umAVFdsdyIM2G451xiAxCD6haJkCQel6TQlqE-XsEUCGsj_Q5Er4YjFpjWqv-_Ze-VaPPL0j=w180-h180-l90-rj,11 Teh Hijau 圖魯斯,,"6月 29, 2026",24963,"56 11 Teh Hijau 圖魯斯 6月 29, 2026 67 4 24,963"
2026-08-10,sg,Singapore,top_songs_weekly,,57,https://yt3.googleusercontent.com/LeZ7b3o_j3OQS7AZeGoKaVOcPPR0omk1InMRYA_UQwcjPT6ZCBP-2fc-xoTCJJrjxmGWWyxBMxOUjhY=w180-h180-l90-rj,We Are Singapore (Pledge) Anne Weerapass,,,,We Are Singapore (Pledge) Anne Weerapass
2026-08-10,sg,Singapore,top_songs_weekly,,58,https://yt3.googleusercontent.com/WnS8_TSqLTP0D5Ltvu5mypx6ypsFj0dM0fSNvD8vz8K_f18nAU10bNsExXoI6t6mI-zR7ezxPYv3e7w=w180-h180-l90-rj,Sesi Potret Ari Lesmana & eńau,,,,Sesi Potret Ari Lesmana & eńau
2026-08-10,sg,Singapore,top_songs_weekly,,59,https://yt3.googleusercontent.com/q0szuVtXvUdftTC8k9fjwazdEpoaCyWTZ1d5Xa3GWHhQPD6_59W_rPlmZRFa2rSFPLTmfOGEgvPfF9uBVg=w180-h180-l90-rj,drop dead Olivia Rodrigo,,,,drop dead Olivia Rodrigo
2026-08-10,sg,Singapore,top_songs_weekly,,60,https://yt3.googleusercontent.com/AozuFQHuzVlpr4-NtgkxRA5Q9ONXf3P91VsWrqRJbRJiVxIXfiG2tyMBv0lQ1rV-MVSoB9fwbUSMGdzX=w180-h180-l90-rj,Astaga Bercanda Akbar Chalay & Mingse,,,,Astaga Bercanda Akbar Chalay & Mingse
2026-08-10,sg,Singapore,top_songs_weekly,,61,https://yt3.googleusercontent.com/juo4UJ0N4SowuR3B0NvDicixHjVtVJGmmo0R-BW1VJJ7dg1PcSv3-NQK_8ttf-pW-0F0vz1FNb864U0=w180-h180-l90-rj,最后一页 (Live) 王赫野 & 姚晓棠,,,,最后一页 (Live) 王赫野 & 姚晓棠
2026-08-10,sg,Singapore,top_songs_weekly,,62,https://yt3.googleusercontent.com/R7pwf7-lcPvK3dxv8jMkUd4SlbVmrM-nZOFEJqnHGLQFBl4lqj1gyeWSFO5X9HZxgUhTh4KM8n0l7j_k=w180-h180-l90-rj,Billie Jean Michael Jackson,,,,Billie Jean Michael Jackson
2026-08-10,sg,Singapore,top_songs_weekly,,63,https://yt3.googleusercontent.com/qziwPDf687hi8YbgMsj6ZejyYGyz2IjiDspt20Em2j9EHkVe1EzbVwHYKUZgq6NAt-Y4ykWqe4tBwJh4=w180-h180-l90-rj,Headlights (feat. KIDDO) Alok & 艾倫·沃克,,,,Headlights (feat. KIDDO) Alok & 艾倫·沃克
2026-08-10,sg,Singapore,top_songs_weekly,,64,https://yt3.googleusercontent.com/GBUFNHwzO_v_IJ1e1iLRCgA9zJUO97qxZgLBAJyr2WyFzk7kV9yWMAVF7Ha6h8As3tNXbfeksFOdZeE=w180-h180-l90-rj,SUGAR HONEY ICE TEA BABYMONSTER,,,,SUGAR HONEY ICE TEA BABYMONSTER
2026-08-10,sg,Singapore,top_songs_weekly,,65,https://yt3.googleusercontent.com/pN5JWw-e5ZrAnRH8ffesyQTLpuV4Nwcq21e1UfsMgQna0pVWQGcSXzCHvRCp1W7k5mHoPu4wvWklTZQ=w180-h180-l90-rj,NOT CUTE ANYMORE ILLIT,,,,NOT CUTE ANYMORE ILLIT
2026-08-10,sg,Singapore,top_songs_weekly,,66,https://yt3.googleusercontent.com/Ccq2Y8_z5WRryy2FC0E1x0Q5hD9v7NqRpMcX6ptgm03vFDhKHjzuropzgBjRbMGAOUc5KBwUhQIW474P=w180-h180-l90-rj,"Mi Chico DJ Goja , Jason Derulo & Melody",,,,"Mi Chico DJ Goja , Jason Derulo & Melody"
2026-08-10,sg,Singapore,top_songs_weekly,,67,https://yt3.googleusercontent.com/ILK9oEbtJ4NKvJQTNamcDhS9oukw2P6_Q_u0y5lSqzo-evxwOnrRun3nvlKQVI76H7hkoefl92qRfN9q=w180-h180-l90-rj,Until I Found You Stephen Sanchez,,,,Until I Found You Stephen Sanchez
2026-08-10,sg,Singapore,top_songs_weekly,,68,https://yt3.googleusercontent.com/LeZ7b3o_j3OQS7AZeGoKaVOcPPR0omk1InMRYA_UQwcjPT6ZCBP-2fc-xoTCJJrjxmGWWyxBMxOUjhY=w180-h180-l90-rj,Where I Belong 蔡健雅,,,,Where I Belong 蔡健雅
2026-08-10,sg,Singapore,top_songs_weekly,,69,https://yt3.googleusercontent.com/4EoLt224zwxiPt7RIL9HgXF2VTEpUxiJxOf3X6MBChiyN24z1fUCRgX6cBGKtlN6yTYdu885qref3X02=w180-h180-l90-rj,Something Just Like This 老菸槍雙人組 & 酷玩樂團,,,,Something Just Like This 老菸槍雙人組 & 酷玩樂團
2026-08-10,sg,Singapore,top_songs_weekly,,70,https://yt3.googleusercontent.com/qK5NEytdU3TdLv_zgFyYq6_DCGcvbN_-WlWOkHsS9ZUazUs5NQwE3acgnYglEr2a03xhu8vrbL8Yb2lF=w180-h180-l90-rj,Champions (WC 26) iShowSpeed,,,,Champions (WC 26) iShowSpeed
2026-08-10,sg,Singapore,top_songs_weekly,,71,https://yt3.googleusercontent.com/sYmiMIdJAVZwkPluf8yQMI4qxuuZrU1OLOiwNEEgV1z7q6JhNQ_m7TqJbcxioiywmvBLuOJFK4YAgUnk=w180-h180-l90-rj,3 SWIM 防彈少年團,,"3月 20, 2026",22682,"71 3 SWIM 防彈少年團 3月 20, 2026 68 16 22,682"
2026-08-10,sg,Singapore,top_songs_weekly,,72,https://yt3.googleusercontent.com/LKAPdNFKZLbBZv9FqxiHammc1jDUa12AWhJOX_9vJd8wh6QmeWQz7CgKlwe9tXYiXZe0_KZH9J9Vcqdf=w180-h180-l90-rj,"God Mode Sai Abhyankkar , Gana Muthu , Vishnu Edavan & The Indian Choral Ensemble",,,,"God Mode Sai Abhyankkar , Gana Muthu , Vishnu Edavan & The Indian Choral Ensemble"
2026-08-10,sg,Singapore,top_songs_weekly,,73,https://yt3.googleusercontent.com/CjDh4LNMycWQ9Y7i9Ljx2DR-IMtEqIT-dATGATncVd2vP7uKj9TfO8PqHqH1org_Q3kC9-2A7A5R6mo=w180-h180-l90-rj,Hips Don't Lie (feat. Wyclef Jean) Shakira,,,,Hips Don't Lie (feat. Wyclef Jean) Shakira
2026-08-10,sg,Singapore,top_songs_weekly,,74,https://yt3.googleusercontent.com/2OUpQNjY58jQq1STwHz2CRClwWkzhCCKtSBo6SC2N78LAMmFaXJdSGkUENX7yw0g2CpCQ3RjejB_Fj4=w180-h180-l90-rj,Life Goes On Oliver Tree,,,,Life Goes On Oliver Tree
2026-08-10,sg,Singapore,top_songs_weekly,,75,https://yt3.googleusercontent.com/LeZ7b3o_j3OQS7AZeGoKaVOcPPR0omk1InMRYA_UQwcjPT6ZCBP-2fc-xoTCJJrjxmGWWyxBMxOUjhY=w180-h180-l90-rj,Reach Out For The Skies Taufik Batisah & 瑞恩,,,,Reach Out For The Skies Taufik Batisah & 瑞恩
2026-08-10,sg,Singapore,top_songs_weekly,,76,https://yt3.googleusercontent.com/REA_Otoa5g-YBrDU0lRxSPu5YBP3tZHiIs2DWnO9mqXRZjTWDXyL8Zv83I56-Benty2h5Q0UzX9xBw7g=w180-h180-l90-rj,the cure Olivia Rodrigo,,,,the cure Olivia Rodrigo
2026-08-10,sg,Singapore,top_songs_weekly,,77,https://yt3.googleusercontent.com/ugpyRxhD8Nqn2Jrvh3w0dxJXZGysSSBCB3INhfSh8ufeiy5YL8ZRL8lyfiLHoo6Lu1_lqm7umyX9MQ2Q=w180-h180-l90-rj,BOOMPALA LE SSERAFIM,,,,BOOMPALA LE SSERAFIM
2026-08-10,sg,Singapore,top_songs_weekly,,78,https://yt3.googleusercontent.com/HcWkg1gjHiD6bcpTiT6N8HuH0q5Xzc8rFB7wLkuxl4RssIZyHvRzXu6fATgFV7aYfGnLUfY-CPGpB18=w180-h180-l90-rj,"Sambavakaari 肖恩·羅爾丹 , Saindhavi & Mohan Rajan",,,,"Sambavakaari 肖恩·羅爾丹 , Saindhavi & Mohan Rajan"
2026-08-10,sg,Singapore,top_songs_weekly,,79,https://yt3.googleusercontent.com/LeZ7b3o_j3OQS7AZeGoKaVOcPPR0omk1InMRYA_UQwcjPT6ZCBP-2fc-xoTCJJrjxmGWWyxBMxOUjhY=w180-h180-l90-rj,Tomorrow's Here Today 53a,,,,Tomorrow's Here Today 53a
2026-08-10,sg,Singapore,top_songs_weekly,,80,https://yt3.googleusercontent.com/q0szuVtXvUdftTC8k9fjwazdEpoaCyWTZ1d5Xa3GWHhQPD6_59W_rPlmZRFa2rSFPLTmfOGEgvPfF9uBVg=w180-h180-l90-rj,stupid song Olivia Rodrigo,,,,stupid song Olivia Rodrigo
2026-08-10,sg,Singapore,top_songs_weekly,,81,https://yt3.googleusercontent.com/dEpYu9WC2p5hub8CPQBTrP016Y7f40uNkKu_NrJ0uUAhSwajm0HC3fXj4HqoGR5EYNGySWiU9QrgWaw=w180-h180-l90-rj,마음 따라 뛰는 건 멋지지 않아? TWS,,,,마음 따라 뛰는 건 멋지지 않아? TWS
2026-08-10,sg,Singapore,top_songs_weekly,,82,https://yt3.googleusercontent.com/9MpmCPJkqq5XJdEnqArlCi4a96qSxdWdzKb10xdIQwmcaYfVTY_xlxqMI5H9OvtG3HMyAbZdx0Fxq5s=w180-h180-l90-rj,Fly Up RIIZE,,"5月 19, 2025",21041,"82 New Fly Up RIIZE 5月 19, 2025 - 1 21,041"
2026-08-10,sg,Singapore,top_songs_weekly,,83,https://yt3.googleusercontent.com/MU6ft5y2rjzcqelVzkqvL9G0ZNd1CL_zWL3Lf3HY7bNmFemO1LXlAd6BmOUMJSQOk70biqI17N60-HES=w180-h180-l90-rj,미쳐 미쳐 Picheolin,,"7月 22, 2026",21038,"83 New 미쳐 미쳐 Picheolin 7月 22, 2026 - 1 21,038"
2026-08-10,sg,Singapore,top_songs_weekly,,84,https://yt3.googleusercontent.com/qGdSsdoJjey4k7R4sQS6125UojWcclXVrQ3Kw9IExOXY75fq6qMZcJ4tC3OLVTpckGTleInrC8MJG44q=w180-h180-l90-rj,청바지 夫碩順,,"1月 8, 2025",20957,"84 New 청바지 夫碩順 1月 8, 2025 - 1 20,957"
2026-08-10,sg,Singapore,top_songs_weekly,,85,https://yt3.googleusercontent.com/F-HAYdu4My91_BPlrGhfflbiXHOshQN2AoyC253W5Tm2ebs6Nh7CgdoVzPlYK7nLMpX_JKOYg_h0SyyN_g=w180-h180-l90-rj,14 misery. pupsies,,"3月 18, 2026",20725,"85 14 misery. pupsies 3月 18, 2026 71 3 20,725"
2026-08-10,sg,Singapore,top_songs_weekly,,86,https://yt3.googleusercontent.com/S86qu7kWo9OyyFUh63KAUbdA5ZdS338C-fSKUnUN3xz3On1fAHhAyMHNqSYuYrjz-djqGEdzSuLeZC8IRw=w180-h180-l90-rj,I Feel Good BOYNEXTDOOR,,,,I Feel Good BOYNEXTDOOR
2026-08-10,sg,Singapore,top_songs_weekly,,87,https://yt3.googleusercontent.com/pc4L4fZ3obMdnUDwE1Lg02mycMDrkI_JYHAfu_DDMYGgXAiKUkiwpxwwTEEO3Y_hP_rEowX7PGs_We-P=w180-h180-l90-rj,GUT GENUG (feat. Blumengarten & 希琳·大衛) KITSCHKRIEG,,,,GUT GENUG (feat. Blumengarten & 希琳·大衛) KITSCHKRIEG
2026-08-10,sg,Singapore,top_songs_weekly,,88,https://yt3.googleusercontent.com/R7pwf7-lcPvK3dxv8jMkUd4SlbVmrM-nZOFEJqnHGLQFBl4lqj1gyeWSFO5X9HZxgUhTh4KM8n0l7j_k=w180-h180-l90-rj,Beat It Michael Jackson,,,,Beat It Michael Jackson
2026-08-10,sg,Singapore,top_songs_weekly,,89,https://yt3.googleusercontent.com/CwtUqDJhEnd9U_GyRBTwrRE0lpNwIgw6ugIlJLbP9EC91DKzgWz1WEo3cmcsdDybIEzTkrZaz_hNttJx=w180-h180-l90-rj,I LIKE IT BABYMONSTER,,,,I LIKE IT BABYMONSTER
2026-08-10,sg,Singapore,top_songs_weekly,,90,https://yt3.googleusercontent.com/qHqGMmCC4LahCshElRTm8kuJQu4IyDClDx__HiqqydFVMUi2JOfEyZpqootNb1WswJwapw8c8SCmOMuMiQ=w180-h180-l90-rj,Loser Tame Impala,,,,Loser Tame Impala
2026-08-10,sg,Singapore,top_songs_weekly,,91,https://yt3.googleusercontent.com/3yZ-DPOigUT1R453gr5kVkQeu6PwZK1OivsZX7ozfFJog-H_VlxeJD9thjwH2zNA5x0IEzEt4w6PmK5t=w180-h180-l90-rj,Just Give Me a Reason (feat. 奈特・瑞斯) P!NK,,,,Just Give Me a Reason (feat. 奈特・瑞斯) P!NK
2026-08-10,sg,Singapore,top_songs_weekly,,92,https://yt3.googleusercontent.com/aNhqg9y1UtEMrvlSnWM4-XkIV0tQ8KnAYjRVH5zfviRDPoi41UpJJlxPdhCI_tbAwIl84uYgCDfLQWw2=w180-h180-l90-rj,29 写故事的人 汪蘇瀧,,"4月 14, 2026",18855,"92 29 写故事的人 汪蘇瀧 4月 14, 2026 63 6 18,855"
2026-08-10,sg,Singapore,top_songs_weekly,,93,https://yt3.googleusercontent.com/MnEocnx4vhU8JFgbDnNZGDq9Np7e4Osn7sntVIrFOzOHt4AlOFJgt-fHSQu34bl8Wfsccv65w8IvpyeHJw=w180-h180-l90-rj,Switchblade (feat. Ty Dolla $ign) aespa,,,,Switchblade (feat. Ty Dolla $ign) aespa
2026-08-10,sg,Singapore,top_songs_weekly,,94,https://yt3.googleusercontent.com/l3V6kSTVohi5fw1QDc6Z5VSHVqnc-2sWFxiseDqReACdOaT5OqWWbX7MX1BbO9Luj8yqI66GTqlI7xES=w180-h180-l90-rj,Still Loving You 陳立農,,,,Still Loving You 陳立農
2026-08-10,sg,Singapore,top_songs_weekly,,95,https://yt3.googleusercontent.com/t1tN42hji7Fcdaj5K14qWflfuH28Dp9rAhH8PeAE9ouPMpyZwFUuaiRbqDNCqC6bjTHfnkCGJPESSttf=w180-h180-l90-rj,9 海屿你 大头针,,"1月 27, 2026",18721,"95 9 海屿你 大头针 1月 27, 2026 86 5 18,721"
2026-08-10,sg,Singapore,top_songs_weekly,,96,https://yt3.googleusercontent.com/sYmiMIdJAVZwkPluf8yQMI4qxuuZrU1OLOiwNEEgV1z7q6JhNQ_m7TqJbcxioiywmvBLuOJFK4YAgUnk=w180-h180-l90-rj,5 2.0 防彈少年團,,"3月 20, 2026",18633,"96 5 2.0 防彈少年團 3月 20, 2026 91 16 18,633"
2026-08-10,sg,Singapore,top_songs_weekly,,97,https://yt3.googleusercontent.com/j_byMYv4R-YHA2jt3wHTFbXOgszR2zo2iSp6ROEq8lWyi-nHnSAP84MWmtGJg9y1L13toWSPvAhm4LI=w180-h180-l90-rj,"All For You (""Spider","Man: Brand New Day"" Taiwan End Credit Song) 周興哲",,,"All For You (""Spider-Man: Brand New Day"" Taiwan End Credit Song) 周興哲"
2026-08-10,sg,Singapore,top_songs_weekly,,98,https://yt3.googleusercontent.com/jyrfDAd-akIxIT0679DX2Qg3VeyYiFTFIPTTiVP9PWJLg4awELe9d_-qZkCTQPUjYoAfmx2AF6EPbup_=w180-h180-l90-rj,Animals Maroon 5,,,,Animals Maroon 5
2026-08-10,sg,Singapore,top_songs_weekly,,99,https://yt3.googleusercontent.com/Hu7ZkuL_0u5n743V1G1PR_Onmli50SNAT8Hj30ZIgz-h6w44OW0XKySxtI2hwOuHrTM4h8e_3pQBkKntSw=w180-h180-l90-rj,17 玻璃 Gareth.T,,"5月 19, 2026",18330,"99 17 玻璃 Gareth.T 5月 19, 2026 82 11 18,330"
2026-08-10,sg,Singapore,top_songs_weekly,,100,https://yt3.googleusercontent.com/agsyhHnVVMsAeLtFPioeRM6AeKRlJuIEJqbP-HNVVRCUFIUVeSU2L7629HE1e99a4NKBkRzNmRFeuxxl=w180-h180-l90-rj,rollerblade no na,,,,rollerblade no na
2026-08-10,my,Malaysia,top_songs_weekly,,1,https://yt3.googleusercontent.com/xrGDyYO3umAVFdsdyIM2G451xiAxCD6haJkCQel6TQlqE-XsEUCGsj_Q5Er4YjFpjWqv-_Ze-VaPPL0j=w180-h180-l90-rj,● Teh Hijau 圖魯斯,,"6月 29, 2026",1570526,"1 ● Teh Hijau 圖魯斯 6月 29, 2026 1 4 1,570,526"
2026-08-10,my,Malaysia,top_songs_weekly,,2,https://yt3.googleusercontent.com/pxZ41R8jrSjVtI3W9wCDRA6T7KOVnPHH0k1H_qktx78W8X__rn4IVqu_1ePUhLvrohB9JBWgrOXl7P9epA=w180-h180-l90-rj,MMG (My Mine Gueh) Naykilla,,,,MMG (My Mine Gueh) Naykilla
2026-08-10,my,Malaysia,top_songs_weekly,,3,https://yt3.googleusercontent.com/wXkXjlcs3VQ09JqQaLbmd-XAwvoZ0Kxsy5h3jbA2hGyAaw_XMWMzVxze2CWrYFfQRAwnktCoev7-uJaz=w180-h180-l90-rj,The One That Got Away Katy Perry,,,,The One That Got Away Katy Perry
2026-08-10,my,Malaysia,top_songs_weekly,,4,https://yt3.googleusercontent.com/AozuFQHuzVlpr4-NtgkxRA5Q9ONXf3P91VsWrqRJbRJiVxIXfiG2tyMBv0lQ1rV-MVSoB9fwbUSMGdzX=w180-h180-l90-rj,Astaga Bercanda Akbar Chalay & Mingse,,,,Astaga Bercanda Akbar Chalay & Mingse
2026-08-10,my,Malaysia,top_songs_weekly,,5,https://yt3.googleusercontent.com/moXpr_lvHpb9m70jTjr-0GE63_VyHivgmyH7UPBJmgwWPHwwmvhxDPPZtdAhCFo7CdzmzIGwBE3cn4VuCQ=w180-h180-l90-rj,Dai Dai Shakira & 伯納男孩,,,,Dai Dai Shakira & 伯納男孩
2026-08-10,my,Malaysia,top_songs_weekly,,6,https://yt3.googleusercontent.com/6XHA9MM0eriT5b5QzFrIsu_JSlPOmIt_ZHlLC8omWvTxGbjDPOuM3kdwkPSJ2Arl74PLIdAakzWr7Zo=w180-h180-l90-rj,Sayang Orang Sama Adira,,,,Sayang Orang Sama Adira
2026-08-10,my,Malaysia,top_songs_weekly,,7,https://yt3.googleusercontent.com/2xla4g76vbzLjMKUT3YW_fmOoPKv9ZglvqeTKb5ElWeT6xMn6XvV-ETX-y62THXpldiOf7cvpiEw6l4=w180-h180-l90-rj,Adek Saye Abe Sore Adek Saye Abe Sore,,,,Adek Saye Abe Sore Adek Saye Abe Sore
2026-08-10,my,Malaysia,top_songs_weekly,,8,https://yt3.googleusercontent.com/6LDZTIjk3nbSSsG8J0M2_ME4KWzt4MTZ7oqrZlWg-uZ1gRWnBKt9ySPibZ5l7GJ_-j6gB6hv-qLNaPE=w180-h180-l90-rj,hate that i made you love me Ariana Grande,,,,hate that i made you love me Ariana Grande
2026-08-10,my,Malaysia,top_songs_weekly,,9,https://yt3.googleusercontent.com/IsP7Y5hMApNNh_tdVEV3OquJcKWcUjIwgc26IbVWYQMnGP_a7ecwkq8aDmH29vXfZWUVozmQJIH_Wk8=w180-h180-l90-rj,Iqro' Raim Laode,,,,Iqro' Raim Laode
2026-08-10,my,Malaysia,top_songs_weekly,,10,https://i.ytimg.com/vi/cpUnVtBKX8w/default.jpg,Gila Bayang Ammar Haikal,,,,Gila Bayang Ammar Haikal
2026-08-10,my,Malaysia,top_songs_weekly,,11,https://yt3.googleusercontent.com/kG2gMJvKvF_RhnRLaYYYCHT8FzKYvPK5gtK-vFTw-MlaA-_IP48Ez2IaqtHfQ9i9F9BFCVtTmpIXDl4FHQ=w180-h180-l90-rj,kota ini tak sama tanpamu Nadhif Basalamah,,,,kota ini tak sama tanpamu Nadhif Basalamah
2026-08-10,my,Malaysia,top_songs_weekly,,12,https://yt3.googleusercontent.com/Ln5753uONsyM3dy0KvhV_pgpChPzbMFTNoCRuUn6TaUqPG4EzNTnIyR5KgSqlnc3kIlS3e8P-ALxocOM=w180-h180-l90-rj,Jiwa Yang Mengalah Bellestrelle ft Harry Azrul,,,,Jiwa Yang Mengalah Bellestrelle ft Harry Azrul
2026-08-10,my,Malaysia,top_songs_weekly,,13,https://yt3.googleusercontent.com/pPXFB33cg6OkSoAG9Xbvp3cGnkXnTGWSYkUypg0vHL8IuRvIYBTYnjvhweDfjbCRf4FHXCksK2ukjio=w180-h180-l90-rj,海屿你 马也Crabbit & Cole先生,,,,海屿你 马也Crabbit & Cole先生
2026-08-10,my,Malaysia,top_songs_weekly,,14,https://yt3.googleusercontent.com/s5PxcX0QM_X4qV95uVhrsfj4oD7EIyRjFiOLaDp44xItYeekybof3c-I8n9jsp1FVs5i-OGdt0w_e654=w180-h180-l90-rj,Kita Lewati Berdua Overnight,,,,Kita Lewati Berdua Overnight
2026-08-10,my,Malaysia,top_songs_weekly,,15,https://yt3.googleusercontent.com/EhJCP_-PRh3_78t1fSouQ7D3mrBszq3mmXSc1JRxawuMr8C3Gq0bKC--XP1dXp4KW8UdLX09LXba8F4=w180-h180-l90-rj,Jangan Paksa Rindu (Beda) Ifan Seventeen,,,,Jangan Paksa Rindu (Beda) Ifan Seventeen
2026-08-10,my,Malaysia,top_songs_weekly,,16,https://yt3.googleusercontent.com/9tvaXNSu_mfKeIhu0MiqRX8hrRrWKt5DhLPMIDk9f4RQZEMb5BTfv_5wWHUwzR2iUDtSJMYRz0iuEBwo=w180-h180-l90-rj,Dari Bawah EzHaRHaNzE,,,,Dari Bawah EzHaRHaNzE
2026-08-10,my,Malaysia,top_songs_weekly,,17,https://i.ytimg.com/vi/1rXPYJQ1Xps/default.jpg,Bukan Untukku Hyper Act,,,,Bukan Untukku Hyper Act
2026-08-10,my,Malaysia,top_songs_weekly,,18,https://yt3.googleusercontent.com/E5k5qZuujwcBDIke0GnSRRORhcrLvJcq5hHFRyybdgcH1AxT3ySSbGO1mLgxU2VDynfKK5OdLuf7TIwb=w180-h180-l90-rj,"Dalam Diam Zamir Harith , Mojack Hafiz & Bel Janni",,,,"Dalam Diam Zamir Harith , Mojack Hafiz & Bel Janni"
2026-08-10,my,Malaysia,top_songs_weekly,,19,https://yt3.googleusercontent.com/7ecjOVgSXJjNEQWLt-bZSyuUIIU5T9r5GYwvlQfKOH5sZ3AxGwzu-ZrY4R_7SENgv3Efobl9e2XDtkaJYQ=w180-h180-l90-rj,Bahagia Lagi Piche Kota,,,,Bahagia Lagi Piche Kota
2026-08-10,my,Malaysia,top_songs_weekly,,20,https://yt3.googleusercontent.com/BKxUIETz1Vt8WcKm7bC2HP85RkhB5K6rbu3d-hNoe4kSkf_CJYJ0DqMknD3J85nUpilrGJMa7ipBnEJn-w=w180-h180-l90-rj,Базовый минимум Sabi & 米亞·博伊卡,,,,Базовый минимум Sabi & 米亞·博伊卡
2026-08-10,my,Malaysia,top_songs_weekly,,21,https://yt3.googleusercontent.com/3T-9QCKvZ6etaiDhX-2WSpd5z5Y3X84ND9TNX944mQR_kimjTFAqe2a69BUvHqcW8nRcOdNbu4n-U80Yvw=w180-h180-l90-rj,8 Animal KATSEYE,,"7月 24, 2026",460129,"21 8 Animal KATSEYE 7月 24, 2026 13 2 460,129"
2026-08-10,my,Malaysia,top_songs_weekly,,22,https://yt3.googleusercontent.com/_1ejRnxNSULMWdqN8F-gEGUVfw5kZKrwKy5xNPnSxU6Xen61q09zCR1aQn4s4L9rDOi-fGnTh3qI-LwE=w180-h180-l90-rj,Risk It All (Live) Bruno Mars,,,,Risk It All (Live) Bruno Mars
2026-08-10,my,Malaysia,top_songs_weekly,,23,https://yt3.googleusercontent.com/OlsyF8L82chwdoVqON-g5H3BsEEgA0zSIYU_6SIZgMtLe0QzZPxzno91C6zJktuon6rjAv_UbmggkO_vyQ=w180-h180-l90-rj,6 BAD ATEEZ,,"5月 22, 2026",439296,"23 6 BAD ATEEZ 5月 22, 2026 29 5 439,296"
2026-08-10,my,Malaysia,top_songs_weekly,,24,https://yt3.googleusercontent.com/CC48Fib8dGz3RNA9jkB85XGQMCSlcqkjCpAMePqHKG-ieGvQHQps-f858yiJZG96vlol60sRL50444k=w180-h180-l90-rj,Treat You Better Shawn Mendes,,,,Treat You Better Shawn Mendes
2026-08-10,my,Malaysia,top_songs_weekly,,25,https://yt3.googleusercontent.com/htfZGrgiopfo58Qk68lMz897pAafqWPMG7xk4E1AQoyMCMVUM7yrpznlONPuCYDzoRItR68Sff5Q2XU=w180-h180-l90-rj,Ku Yang Berjuang Danial Kifli,,,,Ku Yang Berjuang Danial Kifli
2026-08-10,my,Malaysia,top_songs_weekly,,26,https://yt3.googleusercontent.com/EoJgLmCvN3rTHOx6BQNFPAmreqvaLbH7TcrLClNLQOpasJriwAyuKluKpDKgLgY54Od7yI7N8XgPDYhm=w180-h180-s-l90-rj,Dirantai Digelangi Rindu Exists,,,,Dirantai Digelangi Rindu Exists
2026-08-10,my,Malaysia,top_songs_weekly,,27,https://yt3.googleusercontent.com/NR28hVn6yRChF4GhvBFNtOOrFas5V6FuFdJ1CneO7N6KAZWCvT4S-wmDLX3W5nPDXny2UP1c2LF_dOMSCg=w180-h180-s-l90-rj,● Romancinta MOJO,,"8月 23, 2013",421288,"27 ● Romancinta MOJO 8月 23, 2013 27 16 421,288"
2026-08-10,my,Malaysia,top_songs_weekly,,28,https://yt3.googleusercontent.com/awoyk8Z8XNivU4sRBupBx_pdbnk7yVJz3w4qvxzcrm-Ud9Ma6B-v9BVLOx1JLTJr5n-g51chJRdHEqSgSg=w180-h180-l90-rj,甲乙丙丁 (你我怎么两清) 李佳薇,,,,甲乙丙丁 (你我怎么两清) 李佳薇
2026-08-10,my,Malaysia,top_songs_weekly,,29,https://yt3.googleusercontent.com/er1eRS9TJGiDOFBqcXxsw4wu6jFq5InV39zF2AH0-OxWMjAlGOMhJHWxOcKwUmsIH0LMOdyEA2SHmSnmsA=w180-h180-l90-rj,Pulang Insomniacks,,,,Pulang Insomniacks
2026-08-10,my,Malaysia,top_songs_weekly,,30,https://yt3.googleusercontent.com/lri2NMO-Z9ihGrHPLowVk0CQTGYWOCV6GvsT8uf0UybSGR1kIFxUJfZu26yJw2PzpnRk-NyXDExNa5rc=w180-h180-l90-rj,Dunia Yang Nanti Raim Laode,,,,Dunia Yang Nanti Raim Laode
2026-08-10,my,Malaysia,top_songs_weekly,,31,https://yt3.googleusercontent.com/6s0i1935ltv7crpD6tlpdYmOjmzda-R_P8xDzG4qnaFmGjTekSIq8fb1tTG0LBA5_kZ-a-VRzWH9oC_R=w180-h180-l90-rj,Gadis Manis Kalimantan Syahriyadi,,,,Gadis Manis Kalimantan Syahriyadi
2026-08-10,my,Malaysia,top_songs_weekly,,32,https://yt3.googleusercontent.com/jXXzY2fTfxgr0_wR_I_V8W3Ai0L3ece217Biqm0tY36I9VAoce09xXmjgt8mXggTVgGGBHdJ3eAyICY=w180-h180-l90-rj,Beauty And A Beat (feat. Nicki Minaj) Justin Bieber,,,,Beauty And A Beat (feat. Nicki Minaj) Justin Bieber
2026-08-10,my,Malaysia,top_songs_weekly,,33,https://yt3.googleusercontent.com/PwQ543AKPc8tF0yUiz3e3s-Wy45l71Byt6T78PYeTB7Q0Jckq3C5d9P7faRc7OE5OTypbkxl4qFuVkI=w180-h180-l90-rj,Less than a Lover Jennie,,,,Less than a Lover Jennie
2026-08-10,my,Malaysia,top_songs_weekly,,34,https://yt3.googleusercontent.com/CwtUqDJhEnd9U_GyRBTwrRE0lpNwIgw6ugIlJLbP9EC91DKzgWz1WEo3cmcsdDybIEzTkrZaz_hNttJx=w180-h180-l90-rj,MOON BABYMONSTER,,,,MOON BABYMONSTER
2026-08-10,my,Malaysia,top_songs_weekly,,35,https://yt3.googleusercontent.com/e3NkOKAyg__zAjQ04VCvvc9lW0M-0uQZTRfMOq4KmPf1MuDyQ-ROi25adRJGxCvLF_NdlTIAjMidVoO2gA=w180-h180-l90-rj,Bawaku Pergi 齊薩恩·拉薩克 & Kaka Azraff,,,,Bawaku Pergi 齊薩恩·拉薩克 & Kaka Azraff
2026-08-10,my,Malaysia,top_songs_weekly,,36,https://yt3.googleusercontent.com/w_YVZX03032Xt7xQ5UnolyCGaN2hVxyCmfF7FLVB4W3g8bMD3nfY6JEuh6V_F_HDhTy8wchISyiT048=w180-h180-s-l90-rj,Mahligai Syahdu Hattan,,,,Mahligai Syahdu Hattan
2026-08-10,my,Malaysia,top_songs_weekly,,37,https://yt3.googleusercontent.com/CvEESx2hQqyaOQgqOux102aB1Hz01VFSpFsnh4z1Tfx_tX_XOyG3icXcImjLo0EpEJVbkXyWpGg-IlEY=w180-h180-l90-rj,4 Romantis Spring,,"7月 14, 2003",354428,"37 4 Romantis Spring 7月 14, 2003 33 14 354,428"
2026-08-10,my,Malaysia,top_songs_weekly,,38,https://yt3.googleusercontent.com/99WyTvEQqIr1OEevAZnlohMTlzbepA7_a0cORikj685Oy-TJQZ_AaRKX4pa-sOoCygMndSh6CDGUgsw=w180-h180-l90-rj,Percaya Padaku Ungu,,,,Percaya Padaku Ungu
2026-08-10,my,Malaysia,top_songs_weekly,,39,https://yt3.googleusercontent.com/FfPU3IJL7Kb_xsKKCmE5tecdu39SOJ6u0-Amb1dVz43e4DthRGlOFlwnnBRlXT2tYr6Yay7CamPBSXM=w180-h180-l90-rj,Pasti Cherpen,,"11月 24, 2017",352566,"39 New Pasti Cherpen 11月 24, 2017 - 1 352,566"
2026-08-10,my,Malaysia,top_songs_weekly,,40,https://yt3.googleusercontent.com/lYnOC7_lGLGx_mPZogmEueb_NGYOIgiXlsIVXbccZ8zSTWwuhovB9k0iTyjp8M6pRMBOJGyfYO1Dmqhc=w180-h180-l90-rj,Harapalsu Arghpiez,,,,Harapalsu Arghpiez
2026-08-10,my,Malaysia,top_songs_weekly,,41,https://yt3.googleusercontent.com/IBwK4LOs4sO-Cd-_5YO4XC2B2N1hvyBvKfr60tT_ljIuwmOuVWWW2NypbcvzKgScVAbRsWEYbmsjfcm2cw=w180-h180-l90-rj,Sunflower Post Malone & Swae Lee,,,,Sunflower Post Malone & Swae Lee
2026-08-10,my,Malaysia,top_songs_weekly,,42,https://yt3.googleusercontent.com/0MlZ-rdHcP34xePOzXsnFKVQmx3aWm0g9iEOj7cYX0dTl8oNEOsgImqF1JmCS_B3tws1I3e7pBH_FVi-=w180-h180-l90-rj,Kasih Orang Muda Fahrenheit,,,,Kasih Orang Muda Fahrenheit
2026-08-10,my,Malaysia,top_songs_weekly,,43,https://yt3.googleusercontent.com/WnS8_TSqLTP0D5Ltvu5mypx6ypsFj0dM0fSNvD8vz8K_f18nAU10bNsExXoI6t6mI-zR7ezxPYv3e7w=w180-h180-l90-rj,Sesi Potret Ari Lesmana & eńau,,,,Sesi Potret Ari Lesmana & eńau
2026-08-10,my,Malaysia,top_songs_weekly,,44,https://yt3.googleusercontent.com/naKgO_9vvIczuf7Vq1llQyRAQOOW898kBZN3pio-Bkbfcmdu3Gv14_ivEBZiHAow8VbPEq1bhO0j2DU=w180-h180-l90-rj,"KALYANI (Remix) KDS , ARJN , FIFTY4 & 舒蕾亞·戈沙爾",,,,"KALYANI (Remix) KDS , ARJN , FIFTY4 & 舒蕾亞·戈沙爾"
2026-08-10,my,Malaysia,top_songs_weekly,,45,https://yt3.googleusercontent.com/DF0BYAdxyPzW8CDrVb3Ia6vX6KNIv34ChJYMSyTySpvY5xzF8CX7iUbJ5npLxQsISi5-81GDAEA9X4ww=w180-h180-l90-rj,Hakikat Sebuah Cinta Iklim,,,,Hakikat Sebuah Cinta Iklim
2026-08-10,my,Malaysia,top_songs_weekly,,46,https://yt3.googleusercontent.com/6nSKYCjwCp1f1GfgYejDk9l-3_65Qgc-sVtfeDyuAk1tSqeuTSnN6h-Z4cBeshn16kP_JIRs9whqlvQt6A=w180-h180-l90-rj,Shape of My Heart 新好男孩,,,,Shape of My Heart 新好男孩
2026-08-10,my,Malaysia,top_songs_weekly,,47,https://yt3.googleusercontent.com/m7qYpPtBPQ8BOo61TwLAJ28g7_E4hvS1J7Z22hF7EzcCBiXHmxIs3TvkIb8JeGq-swUrjgw4XHiKA6Ps=w180-h180-l90-rj,9 Rindiani Slam,,"1月 1, 2009",315196,"47 9 Rindiani Slam 1月 1, 2009 56 12 315,196"
2026-08-10,my,Malaysia,top_songs_weekly,,48,https://yt3.googleusercontent.com/jObHjd_x8jX0xF3-4PgxSWNLFQgfNOm349LxkrxGfJ73iSNqXnVBFH4WXZx3bL63YaUm3G3HkUHNfyA=w180-h180-l90-rj,Beautiful (feat. Camila Cabello) 巴濟,,,,Beautiful (feat. Camila Cabello) 巴濟
2026-08-10,my,Malaysia,top_songs_weekly,,49,https://yt3.googleusercontent.com/J0SuB8-cxXaarOPPv0C5Ei08uAC3SvmkKF51YQTcexpnzjKMKwA_a2vnP3Hr1eHuzlGHEUSG-YjaFR3b=w180-h180-l90-rj,Sekuntum Bunga Sakura Di Gurun Sahara Mega,,,,Sekuntum Bunga Sakura Di Gurun Sahara Mega
2026-08-10,my,Malaysia,top_songs_weekly,,50,https://yt3.googleusercontent.com/o2nnwNgL7EW5NXLNAs_0PL7wHYSjW4nNWywTzSvPZpxSEqGdXnDyvCItu1sR53qvw1cJibN_9ImHMMYj=w180-h180-l90-rj,Mengusung Rindu Spin,,,,Mengusung Rindu Spin
2026-08-10,my,Malaysia,top_songs_weekly,,51,https://yt3.googleusercontent.com/udozCaU1HqKua_lQxLqtEKTaNkFLVQwSxzVTtx7xumgQ3tvzLxia5Cs3iq1Hagn4hf1Ob1aEUP3SkHa3=w180-h180-l90-rj,Punca Sofazr SecondPlan,,,,Punca Sofazr SecondPlan
2026-08-10,my,Malaysia,top_songs_weekly,,52,https://yt3.googleusercontent.com/IX-QEr9pFD41clJP-q_Yg462m02Ni_6PjBQ9TpaGtzb4sT0eH1ZC6dy_ZxcqVIEZF9ipY9FgIirPJPh6=w180-h180-l90-rj,"ICONIC BY MISTAKE LE SSERAFIM , ILLIT & KATSEYE",,,,"ICONIC BY MISTAKE LE SSERAFIM , ILLIT & KATSEYE"
2026-08-10,my,Malaysia,top_songs_weekly,,53,https://yt3.googleusercontent.com/Hu7ZkuL_0u5n743V1G1PR_Onmli50SNAT8Hj30ZIgz-h6w44OW0XKySxtI2hwOuHrTM4h8e_3pQBkKntSw=w180-h180-l90-rj,7 玻璃 Gareth.T,,"5月 19, 2026",275591,"53 7 玻璃 Gareth.T 5月 19, 2026 46 12 275,591"
2026-08-10,my,Malaysia,top_songs_weekly,,54,https://yt3.googleusercontent.com/GFHs7t0eB8rADrUFSf_cZ8Kc91bMUQ7gRnTFDTjZ4fSvm-GNn63zbCTndj60BoRxfHcEmbIcD1BB9tUV=w180-h180-l90-rj,Yank Wali,,"5月 20, 2009",267765,"54 New Yank Wali 5月 20, 2009 - 1 267,765"
2026-08-10,my,Malaysia,top_songs_weekly,,55,https://yt3.googleusercontent.com/fKfnQGNwXiSkJWCx2UeZFFmEBBcSleXtptELaOnH3KuILDLK6nWt9GlMDORLMhLvCoj-Yn4o1mAC7CFGEQ=w180-h180-l90-rj,Cinta Mati Apau Qhaliff,,,,Cinta Mati Apau Qhaliff
2026-08-10,my,Malaysia,top_songs_weekly,,56,https://yt3.googleusercontent.com/Zl6lT-8KgSYiXI08I5ilE35LaWaDpVFYdBIEn_g_gJRGTBlb6xlMn4Ws226L3nMuhWl9UxRQZq5c1pZF=w180-h180-l90-rj,1 REDRED CORTIS,,"4月 20, 2026",264874,"56 1 REDRED CORTIS 4月 20, 2026 55 16 264,874"
2026-08-10,my,Malaysia,top_songs_weekly,,57,https://yt3.googleusercontent.com/J8pS-T0sL2BoFvPIBF_w1Z-Yh5mR8V29I4o27q0i8k5Ki2govZGNMElEgZYQBpfRs2HdXwoZZn1HhNoh=w180-h180-s-l90-rj,Akulah Kekasihmu AXL's,,,,Akulah Kekasihmu AXL's
2026-08-10,my,Malaysia,top_songs_weekly,,58,https://yt3.googleusercontent.com/2OUpQNjY58jQq1STwHz2CRClwWkzhCCKtSBo6SC2N78LAMmFaXJdSGkUENX7yw0g2CpCQ3RjejB_Fj4=w180-h180-l90-rj,Life Goes On Oliver Tree,,,,Life Goes On Oliver Tree
2026-08-10,my,Malaysia,top_songs_weekly,,59,https://yt3.googleusercontent.com/76wZLcOjomfg0zdtKGPTcnv4im0bn-r0twnkeCXHqZuZaLjTDOjabP5uw-Kz3WJazb2PczbO7ZyuVuZcIg=w180-h180-l90-rj,Lamunan Terhenti Aris,,,,Lamunan Terhenti Aris
2026-08-10,my,Malaysia,top_songs_weekly,,60,https://yt3.googleusercontent.com/PZ3URyhJUWJ-Wpa3ta_0RZQOkWxKKswBDIAppv3lJElUlocZLuwYmoO7iOYhJ1j2WEspcNEYUtPSZZc=w180-h180-l90-rj,Y Que Fue? 唐·明嘉羅,,,,Y Que Fue? 唐·明嘉羅
2026-08-10,my,Malaysia,top_songs_weekly,,61,https://yt3.googleusercontent.com/agsyhHnVVMsAeLtFPioeRM6AeKRlJuIEJqbP-HNVVRCUFIUVeSU2L7629HE1e99a4NKBkRzNmRFeuxxl=w180-h180-l90-rj,rollerblade no na,,,,rollerblade no na
2026-08-10,my,Malaysia,top_songs_weekly,,62,https://yt3.googleusercontent.com/mYJMSu-5VeOcMzIJU1Pqf4Z2yJbeBp0tviVVO7-lyyewBnuuwaAkJcx1BauIm9z8Qb--HOz61nkEXDV4NA=w180-h180-l90-rj,62 SO ASU Naykilla,,"10月 9, 2025",246746,"62 62 SO ASU Naykilla 10月 9, 2025 - 2 246,746"
2026-08-10,my,Malaysia,top_songs_weekly,,63,https://yt3.googleusercontent.com/fdbZYOuRg6rU2h00L8kabk-7o6QqV258Gl00mtW4mO6DnWjQBPEbF-GIDTeeYkEJV1IpVY88HRMg_bk=w180-h180-l90-rj,FREAKED OUT Fat Papi & prodshushy,,,,FREAKED OUT Fat Papi & prodshushy
2026-08-10,my,Malaysia,top_songs_weekly,,64,https://yt3.googleusercontent.com/sv_vrqcsDNVp4ZYcQ4hmJIV1Qxv3bT8yyDC5YTLWWETr03t6nkW9M2Q5XsgSei3iaIBM70v7fx99xzc=w180-h180-l90-rj,Kisah Antara Kita One Avenue Band,,,,Kisah Antara Kita One Avenue Band
2026-08-10,my,Malaysia,top_songs_weekly,,65,https://yt3.googleusercontent.com/F_zOOpQrlMOrIT50KDXGX54temlvXtXhWM-9e6TBAxCSP-F_Tt8bxONr5jBN7UwvoCwUifR0xph_QQeX=w180-h180-l90-rj,"Alaakaa Loova (From ""OM Chapter 1: Udhiram","The Blood Wood"") [Tamil] Sai Abhyankkar & Rokesh",,,"Alaakaa Loova (From ""OM Chapter 1: Udhiram - The Blood Wood"") [Tamil] Sai Abhyankkar & Rokesh"
2026-08-10,my,Malaysia,top_songs_weekly,,66,https://yt3.googleusercontent.com/GY-W-vOdWFqOhElgychQbaaUCRLLxlltw5YHUQBtADXOHHUVFmv_8GGIjbCyEHpjrVJwq5hrjinMs58X=w180-h180-l90-rj,Kekasihku Rahmat,,,,Kekasihku Rahmat
2026-08-10,my,Malaysia,top_songs_weekly,,67,https://yt3.googleusercontent.com/CwtUqDJhEnd9U_GyRBTwrRE0lpNwIgw6ugIlJLbP9EC91DKzgWz1WEo3cmcsdDybIEzTkrZaz_hNttJx=w180-h180-l90-rj,7 춤 BABYMONSTER,,"5月 4, 2026",222904,"67 7 춤 BABYMONSTER 5月 4, 2026 60 14 222,904"
2026-08-10,my,Malaysia,top_songs_weekly,,68,https://yt3.googleusercontent.com/y4nGmX3hXUbmeghP6iUcpvQPuzfQhl-xUzLPhgSjXl0Esoj2-cmC7jl4X7FehEzmViPdno7ZR99vd-AY=w180-h180-l90-rj,Mutiara (Bonus Track) Mutiara,,,,Mutiara (Bonus Track) Mutiara
2026-08-10,my,Malaysia,top_songs_weekly,,69,https://yt3.googleusercontent.com/9ejQki8p5r46B0jGiMa7talsLlmp-W0oAM6Vu8CoSQjcCxcj39RceRHfS-E86H-czomzbv429pxHrCxB=w180-h180-l90-rj,Karuppa Kooda Va Sai Abhyankkar & V·M·馬哈林加姆,,,,Karuppa Kooda Va Sai Abhyankkar & V·M·馬哈林加姆
2026-08-10,my,Malaysia,top_songs_weekly,,70,https://yt3.googleusercontent.com/Nh42FIgr5m-xN-ycx_EtsCqgIFhUe35IpYGSW8xi2f3qjTgbPQYFJ8wM4KN7zI6KqeZ51JCc4P7b34CQxQ=w180-h180-l90-rj,5 Sakit IamNeeta,,"8月 12, 2016",215858,"70 5 Sakit IamNeeta 8月 12, 2016 75 2 215,858"
2026-08-10,my,Malaysia,top_songs_weekly,,71,https://yt3.googleusercontent.com/3RNsv7dNTYSBpuSWmpWM6PiYgQAaCXKvi8ION2AH2OaQHc-vW5-rJW4PqztU9XGaX-5z3sMc5RMTMc8n=w180-h180-l90-rj,3 It's Me ILLIT,,"4月 23, 2026",214741,"71 3 It's Me ILLIT 4月 23, 2026 74 14 214,741"
2026-08-10,my,Malaysia,top_songs_weekly,,72,https://yt3.googleusercontent.com/wfQSFgWsIlnHsl7-H4UsZMq453tN_gHErx3UXYSRE5Iy_wyXfnn9E1KIWy5r14H62Oa1tudjS0dTs5g=w180-h180-l90-rj,Alamak Rizky Febian & Adrian Khalif,,,,Alamak Rizky Febian & Adrian Khalif
2026-08-10,my,Malaysia,top_songs_weekly,,73,https://yt3.googleusercontent.com/uDcpZEnyTd-9IxgnrCVUjfIJPU_yeo7hYKj3109tvftHNk3zh_JYU_xbHYfwq41ve20cHteNMWTcK7B5=w180-h180-l90-rj,Lagu Cenderawasih Kris,,,,Lagu Cenderawasih Kris
2026-08-10,my,Malaysia,top_songs_weekly,,74,https://yt3.googleusercontent.com/s3V42kL8PIHuIFCzX1xtTcjt77EzL51lBFs7TIpRae14tdYGiQz6BrZ4d4-NB6FOV5kbHbzRY2EOZL4J=w180-h180-l90-rj,Meligai Pengerindu Igu Anthony,,,,Meligai Pengerindu Igu Anthony
2026-08-10,my,Malaysia,top_songs_weekly,,75,https://yt3.googleusercontent.com/k2l5UKrqnZD7OROxhk9nuBDHHaCv2z9IEXtXqUFtSeOrB2amNz0zsXYEYy_dqHy3PYensbrtyzITlEvo=w180-h180-l90-rj,Foto kita blur Sal Priadi,,,,Foto kita blur Sal Priadi
2026-08-10,my,Malaysia,top_songs_weekly,,76,https://yt3.googleusercontent.com/AAqaUv4AGzGv08PvVSqmsacFp-QU1KKi7Jd507naGGfB84TNXpCgLJrKFc6kChz9HIxbXsHghZ8DyyDO=w180-h180-s-l90-rj,Somewhere Only We Know Keane,,,,Somewhere Only We Know Keane
2026-08-10,my,Malaysia,top_songs_weekly,,77,https://yt3.googleusercontent.com/qziwPDf687hi8YbgMsj6ZejyYGyz2IjiDspt20Em2j9EHkVe1EzbVwHYKUZgq6NAt-Y4ykWqe4tBwJh4=w180-h180-l90-rj,Headlights (feat. KIDDO) Alok & 艾倫·沃克,,,,Headlights (feat. KIDDO) Alok & 艾倫·沃克
2026-08-10,my,Malaysia,top_songs_weekly,,78,https://i.ytimg.com/vi/afSgBNwmZrQ/default.jpg,petal Ariana Grande,,,,petal Ariana Grande
2026-08-10,my,Malaysia,top_songs_weekly,,79,https://yt3.googleusercontent.com/WZx94Asj29Zm7VkrxrEsk4dQzg0mPbGChm-1jhX8LQIgAkJ1mcRdq2o9CwAjZIUJm6O9pViJxxhuUto=w180-h180-l90-rj,Danza Kuduro (feat. Lucenzo) Don Omar,,,,Danza Kuduro (feat. Lucenzo) Don Omar
2026-08-10,my,Malaysia,top_songs_weekly,,80,https://yt3.googleusercontent.com/_RICA9AQMvaw-SLRBVDVF3rLx6pgeXvy2USuFyueQhhMGAVga26n2brDIIbjNkkYW3xv9LyUdav9rWnKvA=w180-h180-l90-rj,● LEMONADE aespa,,"5月 28, 2026",200269,"80 ● LEMONADE aespa 5月 28, 2026 80 10 200,269"
2026-08-10,my,Malaysia,top_songs_weekly,,81,https://yt3.googleusercontent.com/giAoqw1d4mHvK3zdKeKKkoCkkAFv64PDwDYjFQFF-YVCd0xi4_RlkKjbuYb1BeNDhX2MM49jsEvtg-WLOQ=w180-h180-l90-rj,Rahsia Pohon Cemara Exists,,,,Rahsia Pohon Cemara Exists
2026-08-10,my,Malaysia,top_songs_weekly,,82,https://yt3.googleusercontent.com/peRqJccVv5rY4zUz0R_11tHAloX3z3r0uSwiDM_GCInunh4Poecppfx6tBsoxaHWUkYzsfe9A41VOteI=w180-h180-l90-rj,1 過了幾天 郭家瑋,,"11月 22, 2024",197874,"82 1 過了幾天 郭家瑋 11月 22, 2024 81 2 197,874"
2026-08-10,my,Malaysia,top_songs_weekly,,83,https://yt3.googleusercontent.com/3RZv31sP4SwQHwmIbeiiQjEJQj03_lquk9dp-Qxp8pKS79fYDlM7PhFcj6gK_KDum_rQtzMOSkp_6R7jSw=w180-h180-l90-rj,Kau Dipaksa Aku Terpaksa Scan,,,,Kau Dipaksa Aku Terpaksa Scan
2026-08-10,my,Malaysia,top_songs_weekly,,84,https://yt3.googleusercontent.com/KGlv7qIj2ewbSHfRXE85EuDNySI2UJU9iHriPerJoeIII5F2ktcUQuhQ90bgoh1szUw2sDvJCdWiNXeh=w180-h180-l90-rj,離開我的依賴 王艷薇,,"2月 17, 2020",195059,"84 New 離開我的依賴 王艷薇 2月 17, 2020 - 1 195,059"
2026-08-10,my,Malaysia,top_songs_weekly,,85,https://yt3.googleusercontent.com/o_mrEZPq146cGVfem2v6HmFmfbop_ZDGa3I08C9p4VYjQxu44VZu2qtCIVVqW6wACsBrmaMjLHfaPz7z=w180-h180-l90-rj,Sandiwara Cinta Repvblik,,,,Sandiwara Cinta Repvblik
2026-08-10,my,Malaysia,top_songs_weekly,,86,https://yt3.googleusercontent.com/jmQW4UBrW3xkqlkdWoBKYLD_iuLGEMxk94CJk5yRvrGIVDsFHSIUt3-VvnlQs67mUDRSFDOc1Gs8-7Cu=w180-h180-l90-rj,Counting Stars 共和世代,,,,Counting Stars 共和世代
2026-08-10,my,Malaysia,top_songs_weekly,,87,https://yt3.googleusercontent.com/UtChIHcrjSiHytaslG9Gy77w-OVURTYVGuT37cR7hNLb93bEEUdDhyGd5gwUX6AOBEBLTRZIflmnX19f3Q=w180-h180-l90-rj,Lantas Juicy Luicy,,,,Lantas Juicy Luicy
2026-08-10,my,Malaysia,top_songs_weekly,,88,https://yt3.googleusercontent.com/9QfZA39iWbEdoq8gZ59WwsS2MlWewh_m7szd12E0AmdStmzUUGee3xhHIRCoJOrKxec9qlISM0stjFM7=w180-h180-l90-rj,Hingga Tua Bersama Rizky Febian,,,,Hingga Tua Bersama Rizky Febian
2026-08-10,my,Malaysia,top_songs_weekly,,89,https://yt3.googleusercontent.com/q0szuVtXvUdftTC8k9fjwazdEpoaCyWTZ1d5Xa3GWHhQPD6_59W_rPlmZRFa2rSFPLTmfOGEgvPfF9uBVg=w180-h180-l90-rj,drop dead Olivia Rodrigo,,,,drop dead Olivia Rodrigo
2026-08-10,my,Malaysia,top_songs_weekly,,90,https://yt3.googleusercontent.com/5Eq4lZuxfyy8emRLSI9PpdOK0T1ZJ_o0r1V9jshuuoMV_-JaLA8SrO072vIMG9LVJoxwLaeHOeU-G6Md=w180-h180-l90-rj,"Kicau Mania Ndarboy Genk , Banditoz Yaow 86 & BoyCord",,,,"Kicau Mania Ndarboy Genk , Banditoz Yaow 86 & BoyCord"
2026-08-10,my,Malaysia,top_songs_weekly,,91,https://yt3.googleusercontent.com/DJE9ox7ulDe30gFXprMbbeFyXuivmp2xiMFU1SQ0KzQIqFl2PBMcDHjPD-3fjLq8J1P58fbo-NGRMLBpVg=w180-h180-l90-rj,Someone You Loved 劉易斯·卡帕爾迪,,,,Someone You Loved 劉易斯·卡帕爾迪
2026-08-10,my,Malaysia,top_songs_weekly,,92,https://yt3.googleusercontent.com/_Ke5F-Lx0EYk8u0ZiqbnLDWFYnv_jMGzTNrDywhOh-SNWmF5EdbbRkZ0dsVRzKlfBhfTkr25NcHebJGS=w180-h180-l90-rj,3 Terpukau 艾絲翠,,"2月 21, 2012",186322,"92 3 Terpukau 艾絲翠 2月 21, 2012 89 8 186,322"
2026-08-10,my,Malaysia,top_songs_weekly,,93,https://yt3.googleusercontent.com/BOhlDJKLbtMD3zASGmGl9MGLe3KZB1BEMSMyxmIOxdqf1OUbzdeED1NFhAv7_AylW6bXcVFVisx4dms=w180-h180-l90-rj,Big Boom DJ.ILHAM,,,,Big Boom DJ.ILHAM
2026-08-10,my,Malaysia,top_songs_weekly,,94,https://yt3.googleusercontent.com/fWMqPQ9ebElRuZVQnNC1JzhbFDu66wLcDpKk2juEhGyRNOjcvL-5AuoLclYuM2c54TeAPSGkHkSkUzEZ=w180-h180-l90-rj,Nanti Kita Seperti Ini Batas Senja,,,,Nanti Kita Seperti Ini Batas Senja
2026-08-10,my,Malaysia,top_songs_weekly,,95,https://yt3.googleusercontent.com/FQsPsZdaGUkT3_Q-9iilsYnS6xc0CAerb6pIhUou-skal6-jMQQ-xUigopbvfqVP_e-msHiabmCN2wCl=w180-h180-l90-rj,Dracula (Remix) Tame Impala & Jennie,,,,Dracula (Remix) Tame Impala & Jennie
2026-08-10,my,Malaysia,top_songs_weekly,,96,https://yt3.googleusercontent.com/-h_EmlrGLsJwhih3lVHGDmK3CAmLdpqEIeerAuJ71qmJeZ_5zYf9ElWIEBNiB_6_CbXh4qHchBpOqhCu=w180-h180-l90-rj,3 Creep 電台司令,,"9月 21, 1992",179610,"96 3 Creep 電台司令 9月 21, 1992 93 6 179,610"
2026-08-10,my,Malaysia,top_songs_weekly,,97,https://yt3.googleusercontent.com/XOlD5i0QhYzqekrdeFv9xbbwe-Le903TNQa3O1oat2gq7Vkrfx-oBS2Co7Sd3JedNzb9tcd6YgPwkJOo2A=w180-h180-l90-rj,Raavana Mavandaa Anirudh Ravichander & Vivek,,,,Raavana Mavandaa Anirudh Ravichander & Vivek
2026-08-10,my,Malaysia,top_songs_weekly,,98,https://yt3.googleusercontent.com/jyrfDAd-akIxIT0679DX2Qg3VeyYiFTFIPTTiVP9PWJLg4awELe9d_-qZkCTQPUjYoAfmx2AF6EPbup_=w180-h180-l90-rj,Animals Maroon 5,,,,Animals Maroon 5
2026-08-10,my,Malaysia,top_songs_weekly,,99,https://yt3.googleusercontent.com/CmMeTooK37ENyQER7DupYPF04-uK-lzIwZlf3PTtIvPFjqCf6GUFoYPIWqGqUrTnQofpfK8qDMLJzHlw=w180-h180-l90-rj,Bungai Pinang Rickie Andrewson,,,,Bungai Pinang Rickie Andrewson
2026-08-10,my,Malaysia,top_songs_weekly,,100,https://yt3.googleusercontent.com/rZBAqdF89d4gRuj9kyORE-xh_qDPtGgDC8DMmudnAR4Yj_vjRW_DOKyRXlqMDdjaGaRa-XqrpWOMIAar=w180-h180-l90-rj,Butakah Cinta Spring,,,,Butakah Cinta Spring